﻿"channelAvatarUrl","channelBannerUrl","channelDescription","channelDescriptionLinks/0/text","channelDescriptionLinks/0/url","channelDescriptionLinks/1/text","channelDescriptionLinks/1/url","channelId","channelJoinedDate","channelLocation","channelName","channelTotalVideos","channelTotalViews","channelUrl","comments","commentsCount","commentsTurnedOff","date","duration","fromYTUrl","id","input","inputChannelUrl","isAgeRestricted","isChannelVerified","isMonetized","likes","location","note","numberOfSubscribers","subtitles","text","thumbnailUrl","title","type","url","viewCount"
,,,,,,,,,,,,,,,,,,,,,"https://www.youtube.com/@samiseedsindonesia3973",,,,,,,"The channel has no live videos.",,,,,,,"https://www.youtube.com/@samiseedsindonesia3973/about",
"https://yt3.googleusercontent.com/WcpeBYoEsRlv1bP07uBaL1u3aj1MO4te5gRrSMkNQPYGFTvnm1IdAWOlYA_ZKjEYgcHc6H0eiA=s160-c-k-c0x00ffffff-no-rj","https://yt3.googleusercontent.com/3hw2eIdbhtTiULF8F5klePyioQiV6cDoITo12lUAE0Nzza7vHk1PqkUzyfBCWcF_qDB0KZtj=w2560-fcrop64=1,00005a57ffffa5a8-k-c0xffffffff-no-nd-rj","This channel provides information about the cultivation of food crops and horticulture, plantation livestock, seeds and hybrid seeds. Tells about the success story of farmers. Thank you, don't forget to subscribe to likes and comments to get the latest notifications.

Terima kasih sahabat petani Indonesia sudah mampir ke canel saya. Jangan lupa subscribe.like dan share Untuk mendapatkan notifikasi terbaru dari saya.","Instagram ","https://www.instagram.com/","Bintang asia ","https://benihcitraasia.co.id/?fbclid=PAAaaE2rkzKftXVZCX_GIzGV9LI58Vt02Dr2wT0pQ4NS9flaYsX36vN37Ro4U","UChaCZ2AfddAv9DAW-Fe53Mg","Mar 13, 2019","Indonesia","sami seeds Bintang asia","342","232745","https://www.youtube.com/channel/UChaCZ2AfddAv9DAW-Fe53Mg",,"4","false","2024-09-27T00:05:08.000Z","00:07:29","https://www.youtube.com/@samiseedsindonesia3973/videos","N1XuQWCpwPU",,"https://www.youtube.com/@samiseedsindonesia3973","false","false",,"5","SUMATERA BARAT",,"1130",,"","https://i.ytimg.com/vi/N1XuQWCpwPU/hqdefault.jpg","MIC WIRELESS LAVELLER MICROPHONE!!! HADIAH DARI PT.BENIH CITRA ASIA","video","https://www.youtube.com/watch?v=N1XuQWCpwPU","27"
"https://yt3.googleusercontent.com/WcpeBYoEsRlv1bP07uBaL1u3aj1MO4te5gRrSMkNQPYGFTvnm1IdAWOlYA_ZKjEYgcHc6H0eiA=s160-c-k-c0x00ffffff-no-rj","https://yt3.googleusercontent.com/3hw2eIdbhtTiULF8F5klePyioQiV6cDoITo12lUAE0Nzza7vHk1PqkUzyfBCWcF_qDB0KZtj=w2560-fcrop64=1,00005a57ffffa5a8-k-c0xffffffff-no-nd-rj","This channel provides information about the cultivation of food crops and horticulture, plantation livestock, seeds and hybrid seeds. Tells about the success story of farmers. Thank you, don't forget to subscribe to likes and comments to get the latest notifications.

Terima kasih sahabat petani Indonesia sudah mampir ke canel saya. Jangan lupa subscribe.like dan share Untuk mendapatkan notifikasi terbaru dari saya.","Instagram ","https://www.instagram.com/","Bintang asia ","https://benihcitraasia.co.id/?fbclid=PAAaaE2rkzKftXVZCX_GIzGV9LI58Vt02Dr2wT0pQ4NS9flaYsX36vN37Ro4U","UChaCZ2AfddAv9DAW-Fe53Mg","Mar 13, 2019","Indonesia","sami seeds Bintang asia","342","232745","https://www.youtube.com/channel/UChaCZ2AfddAv9DAW-Fe53Mg",,"0","false","2024-09-20T11:56:28.000Z","00:08:22","https://www.youtube.com/@samiseedsindonesia3973/videos","JcUmrBCl_c8",,"https://www.youtube.com/@samiseedsindonesia3973","false","false",,"2","KABUPATEN SIJUNJUNG",,"1130",,"","https://i.ytimg.com/vi/JcUmrBCl_c8/hqdefault.jpg","Reviuw tanaman Madrid f1!!! 11 hst penggunaan 3 pupuk kandang sekaligus","video","https://www.youtube.com/watch?v=JcUmrBCl_c8","30"
"https://yt3.googleusercontent.com/WcpeBYoEsRlv1bP07uBaL1u3aj1MO4te5gRrSMkNQPYGFTvnm1IdAWOlYA_ZKjEYgcHc6H0eiA=s160-c-k-c0x00ffffff-no-rj","https://yt3.googleusercontent.com/3hw2eIdbhtTiULF8F5klePyioQiV6cDoITo12lUAE0Nzza7vHk1PqkUzyfBCWcF_qDB0KZtj=w2560-fcrop64=1,00005a57ffffa5a8-k-c0xffffffff-no-nd-rj","This channel provides information about the cultivation of food crops and horticulture, plantation livestock, seeds and hybrid seeds. Tells about the success story of farmers. Thank you, don't forget to subscribe to likes and comments to get the latest notifications.

Terima kasih sahabat petani Indonesia sudah mampir ke canel saya. Jangan lupa subscribe.like dan share Untuk mendapatkan notifikasi terbaru dari saya.","Instagram ","https://www.instagram.com/","Bintang asia ","https://benihcitraasia.co.id/?fbclid=PAAaaE2rkzKftXVZCX_GIzGV9LI58Vt02Dr2wT0pQ4NS9flaYsX36vN37Ro4U","UChaCZ2AfddAv9DAW-Fe53Mg","Mar 13, 2019","Indonesia","sami seeds Bintang asia","342","232745","https://www.youtube.com/channel/UChaCZ2AfddAv9DAW-Fe53Mg",,"2","false","2024-09-26T02:07:44.000Z","00:04:40","https://www.youtube.com/@samiseedsindonesia3973/videos","m55fGj4npK4",,"https://www.youtube.com/@samiseedsindonesia3973","false","false",,"1","INDONESIA",,"1130",,"","https://i.ytimg.com/vi/m55fGj4npK4/hqdefault.jpg","Nasib tragis petani dinegeri agraris","video","https://www.youtube.com/watch?v=m55fGj4npK4","15"
