﻿"channelAvatarUrl","channelBannerUrl","channelDescription","channelId","channelJoinedDate","channelLocation","channelName","channelTotalVideos","channelTotalViews","channelUrl","comments","commentsCount","commentsTurnedOff","date","descriptionLinks","descriptionLinks/0/text","descriptionLinks/0/url","descriptionLinks/1/text","descriptionLinks/1/url","descriptionLinks/2/text","descriptionLinks/2/url","descriptionLinks/3/text","descriptionLinks/3/url","descriptionLinks/4/text","descriptionLinks/4/url","descriptionLinks/5/text","descriptionLinks/5/url","descriptionLinks/6/text","descriptionLinks/6/url","descriptionLinks/7/text","descriptionLinks/7/url","descriptionLinks/8/text","descriptionLinks/8/url","descriptionLinks/9/text","descriptionLinks/9/url","descriptionLinks/10/text","descriptionLinks/10/url","descriptionLinks/11/text","descriptionLinks/11/url","duration","fromYTUrl","id","input","inputChannelUrl","isAgeRestricted","isChannelVerified","isMonetized","likes","location","note","numberOfSubscribers","order","subtitles","text","thumbnailUrl","title","type","url","viewCount"
,,,,,,,,,,,,,,,,,,,,,,,,,,,,,,,,,,,,,,,,,,"https://youtube.com/@mohamadcali8259/about",,,,,,,"The channel has no live videos.",,,,,,,,"https://youtube.com/@mohamadcali8259/about",
,,,"UCLumhm5dZ_lPhpCcaFB4bsQ",,,"Muhamad Cali Pertanian",,,"https://www.youtube.com/@mohamadcali8259",,"1",,"2024-09-25T03:07:03.000Z",,,,,,,,,,,,,,,,,,,,,,,,,,,,"W-m4R4fFLuM",,,,,,"1",,,,,,,,"Kacang Panjang Panzer Buah Tahan Simpan #petaniindonesia #petanibintangasiA #petanimilenial #farming","shorts","https://youtube.com/shorts/W-m4R4fFLuM","54"
"https://yt3.googleusercontent.com/zjUWuG4XuifWv5wmxweKOlLSQdFZI_ozJFCAtywuObCyfYn1P3cOpl9rjPVfqp7P_YruM9ownw=s160-c-k-c0x00ffffff-no-rj",,"#keinginan
#menzet
#lingkungan","UCLumhm5dZ_lPhpCcaFB4bsQ","Apr 1, 2016",,"Muhamad Cali Pertanian","10","65752","https://www.youtube.com/channel/UCLumhm5dZ_lPhpCcaFB4bsQ",,"0",,"2021-05-15T23:06:19.000Z",,,,,,,,,,,,,,,,,,,,,,,,,,,"https://youtube.com/@mohamadcali8259/shorts","VV4bpB4hDXM",,"https://youtube.com/@mohamadcali8259/about","false","false",,"9",,,"287","17",,"sekedar menghibur sanak saudara yang beda suku 🙏🙏","https://i.ytimg.com/vi/VV4bpB4hDXM/hq720_2.jpg?sqp=-oaymwEdCJUDENAFSFXyq4qpAw8IARUAAIhCcAHAAQbQAQE=&rs=AOn4CLDBybhzBubtEhCP9SCQRRros9jjGQ","Saya Suku Top Ta'a","shorts","https://youtube.com/shorts/VV4bpB4hDXM","88"
"https://yt3.googleusercontent.com/zjUWuG4XuifWv5wmxweKOlLSQdFZI_ozJFCAtywuObCyfYn1P3cOpl9rjPVfqp7P_YruM9ownw=s160-c-k-c0x00ffffff-no-rj",,"#keinginan
#menzet
#lingkungan","UCLumhm5dZ_lPhpCcaFB4bsQ","Apr 1, 2016",,"Muhamad Cali Pertanian","10","65752","https://www.youtube.com/channel/UCLumhm5dZ_lPhpCcaFB4bsQ",,"7",,"2023-07-24T00:00:00.000Z",,,,,,,,,,,,,,,,,,,,,,,,,,,"https://youtube.com/@mohamadcali8259/shorts","1qQ-f2oj0Ss",,"https://youtube.com/@mohamadcali8259/about","false","false",,"12",,,"287","14",,,"https://i.ytimg.com/vi/1qQ-f2oj0Ss/oar2.jpg?sqp=-oaymwEdCJUDENAFSFWQAgHyq4qpAwwIARUAAIhCcAHAAQY=&rs=AOn4CLCk4z-CZ64pgncq4QHXOU0FsgX3HA","Beby Nur Humairah Tertawa  terbahak-bahak","shorts","https://youtube.com/shorts/1qQ-f2oj0Ss","99"
"https://yt3.googleusercontent.com/zjUWuG4XuifWv5wmxweKOlLSQdFZI_ozJFCAtywuObCyfYn1P3cOpl9rjPVfqp7P_YruM9ownw=s160-c-k-c0x00ffffff-no-rj",,"#keinginan
#menzet
#lingkungan","UCLumhm5dZ_lPhpCcaFB4bsQ","Apr 1, 2016",,"Muhamad Cali Pertanian","10","65752","https://www.youtube.com/channel/UCLumhm5dZ_lPhpCcaFB4bsQ",,"7",,"2022-06-16T00:00:00.000Z",,,,,,,,,,,,,,,,,,,,,,,,,,,"https://youtube.com/@mohamadcali8259/shorts","B8aEjI17L_c",,"https://youtube.com/@mohamadcali8259/about","false","false",,"0",,,"287","15",,"@benihcitraasia

@benih_bintangasia

#benihcitraasia

#benih_bintangasia

#benihunggulbintangasia 

#pastibisapastisukses

#inovasianaknegeri

#sahabatbintangasia 

#benih 

#petani 

#petanimuda 

#petaniindonesia 

#petanimilenial","https://i.ytimg.com/vi/B8aEjI17L_c/hq2.jpg?sqp=-oaymwEdCMYBEOgCSFXyq4qpAw8IARUAAIhCcAHAAQbQAQE=&rs=AOn4CLD7LenGNA5VRDeUmVv95F6JrEYVog","Tomat Citra Asia F1 produk inovasi Anak Bangsa","shorts","https://youtube.com/shorts/B8aEjI17L_c","363"
,,,"UCLumhm5dZ_lPhpCcaFB4bsQ",,,"Muhamad Cali Pertanian",,,"https://www.youtube.com/@mohamadcali8259",,"0","false","2024-09-25T03:16:54.000Z",,"#benihcitraasia","https://www.youtube.com/hashtag/benihcitraasia","#benih_bintangasia","https://www.youtube.com/hashtag/benih_bintangasia","#benihunggulbintangasia","https://www.youtube.com/hashtag/benihunggulbintangasia","#pastibisapastisukses","https://www.youtube.com/hashtag/pastibisapastisukses","#inovasianaknegeri","https://www.youtube.com/hashtag/inovasianaknegeri","#sahabatbintangasia","https://www.youtube.com/hashtag/sahabatbintangasia","#benih","https://www.youtube.com/hashtag/benih","#petani","https://www.youtube.com/hashtag/petani","#petanimuda","https://www.youtube.com/hashtag/petanimuda","#petaniindonesia","https://www.youtube.com/hashtag/petaniindonesia","#petanimilenial","https://www.youtube.com/hashtag/petanimilenial","#suksesbersamapetanibintangasiA","https://www.youtube.com/hashtag/suksesbersamapetanibintangasia","00:01:29",,"PaKwhBfql2c",,,,,,"2","KARYA JAYA",,"287",,,"@benihcitraasia

@benih_bintangasia

#benihcitraasia

#benih_bintangasia

#benihunggulbintangasia 

#pastibisapastisukses

#inovasianaknegeri

#sahabatbintangasia 

#benih 

#petani 

#petanimuda 

#petaniindonesia 

#petanimilenial

#suksesbersamapetanibintangasiA","https://i.ytimg.com/vi/PaKwhBfql2c/maxresdefault.jpg?sqp=-oaymwEmCIAKENAF8quKqQMa8AEB-AH-CYAC0AWKAgwIABABGEkgZSgwMA8=&rs=AOn4CLDS-_vXWpD83yjRDP32IQjSYtOC1w","Kacang Panjang Panzer Potensi Panen Sampai 3 ton Perhektar.         Tahan Simpan, Pancang 88 cm.","video","https://www.youtube.com/watch?v=PaKwhBfql2c","16"
"https://yt3.googleusercontent.com/zjUWuG4XuifWv5wmxweKOlLSQdFZI_ozJFCAtywuObCyfYn1P3cOpl9rjPVfqp7P_YruM9ownw=s160-c-k-c0x00ffffff-no-rj",,"#keinginan
#menzet
#lingkungan","UCLumhm5dZ_lPhpCcaFB4bsQ","Apr 1, 2016",,"Muhamad Cali Pertanian","10","65752","https://www.youtube.com/channel/UCLumhm5dZ_lPhpCcaFB4bsQ",,"3",,"2024-06-03T18:40:25.000Z",,,,,,,,,,,,,,,,,,,,,,,,,,,"https://youtube.com/@mohamadcali8259/shorts","BtTb9td23d0",,"https://youtube.com/@mohamadcali8259/about","false","false",,"7",,,"287","9",,,"https://i.ytimg.com/vi/BtTb9td23d0/oar2.jpg?sqp=-oaymwEdCJUDENAFSFWQAgHyq4qpAwwIARUAAIhCcAHAAQY=&rs=AOn4CLD8aXMTbhXE-xKKNYJQTzhHrcD5Gg","jagung betras 9 umur 85 Hst. #petani #petanimuda #jagungbetras #suksesbersama #petanimilenial","shorts","https://youtube.com/shorts/BtTb9td23d0","674"
"https://yt3.googleusercontent.com/zjUWuG4XuifWv5wmxweKOlLSQdFZI_ozJFCAtywuObCyfYn1P3cOpl9rjPVfqp7P_YruM9ownw=s160-c-k-c0x00ffffff-no-rj",,"#keinginan
#menzet
#lingkungan","UCLumhm5dZ_lPhpCcaFB4bsQ","Apr 1, 2016",,"Muhamad Cali Pertanian","10","65752","https://www.youtube.com/channel/UCLumhm5dZ_lPhpCcaFB4bsQ",,"4",,"2024-06-02T03:49:28.000Z",,,,,,,,,,,,,,,,,,,,,,,,,,,"https://youtube.com/@mohamadcali8259/shorts","xY1LFbtdiiA",,"https://youtube.com/@mohamadcali8259/about","false","false",,"7",,,"287","10",,,"https://i.ytimg.com/vi/xY1LFbtdiiA/oar2.jpg?sqp=-oaymwEdCJUDENAFSFWQAgHyq4qpAwwIARUAAIhCcAHAAQY=&rs=AOn4CLAhRVC8iXCu_Nwd8MqXOl51rvGtYw","Cara Srimpil daun bawa jagung umur 85 hst. #petanimilenial  #petanijagung #betras9 #petaniindonesia","shorts","https://youtube.com/shorts/xY1LFbtdiiA","351"
"https://yt3.googleusercontent.com/zjUWuG4XuifWv5wmxweKOlLSQdFZI_ozJFCAtywuObCyfYn1P3cOpl9rjPVfqp7P_YruM9ownw=s160-c-k-c0x00ffffff-no-rj",,"#keinginan
#menzet
#lingkungan","UCLumhm5dZ_lPhpCcaFB4bsQ","Apr 1, 2016",,"Muhamad Cali Pertanian","10","65752","https://www.youtube.com/channel/UCLumhm5dZ_lPhpCcaFB4bsQ",,"0",,"2023-10-06T12:22:16.000Z",,,,,,,,,,,,,,,,,,,,,,,,,,,"https://youtube.com/@mohamadcali8259/shorts","0y2210RGZIU",,"https://youtube.com/@mohamadcali8259/about","false","false",,"2",,,"287","13",,,"https://i.ytimg.com/vi/0y2210RGZIU/oar2.jpg?sqp=-oaymwEdCJUDENAFSFWQAgHyq4qpAwwIARUAAIhCcAHAAQY=&rs=AOn4CLDgH1XY57-ItHkRk2_a4PY3VezvdA","Dapat video lama di leptop Gempa Kota Palu","shorts","https://youtube.com/shorts/0y2210RGZIU","69"
"https://yt3.googleusercontent.com/zjUWuG4XuifWv5wmxweKOlLSQdFZI_ozJFCAtywuObCyfYn1P3cOpl9rjPVfqp7P_YruM9ownw=s160-c-k-c0x00ffffff-no-rj",,"#keinginan
#menzet
#lingkungan","UCLumhm5dZ_lPhpCcaFB4bsQ","Apr 1, 2016",,"Muhamad Cali Pertanian","10","65752","https://www.youtube.com/channel/UCLumhm5dZ_lPhpCcaFB4bsQ",,"1",,"2024-06-04T00:00:00.000Z",,,,,,,,,,,,,,,,,,,,,,,,,,,"https://youtube.com/@mohamadcali8259/shorts","GKOOhTwbIgo",,"https://youtube.com/@mohamadcali8259/about","false","false",,"6",,,"287","8",,,"https://i.ytimg.com/vi/GKOOhTwbIgo/oar2.jpg?sqp=-oaymwEdCJUDENAFSFWQAgHyq4qpAwwIARUAAIhCcAHAAQY=&rs=AOn4CLBY0uxngEkXNjODv_zDZwaHlqvG4g","Pemantauan lokasi tanaman jagung mengunakan drone #petanimilenial #petanimuda #petani #alatmodern","shorts","https://youtube.com/shorts/GKOOhTwbIgo","479"
"https://yt3.googleusercontent.com/zjUWuG4XuifWv5wmxweKOlLSQdFZI_ozJFCAtywuObCyfYn1P3cOpl9rjPVfqp7P_YruM9ownw=s160-c-k-c0x00ffffff-no-rj",,"#keinginan
#menzet
#lingkungan","UCLumhm5dZ_lPhpCcaFB4bsQ","Apr 1, 2016",,"Muhamad Cali Pertanian","10","65752","https://www.youtube.com/channel/UCLumhm5dZ_lPhpCcaFB4bsQ",,"0",,"2024-06-01T11:26:17.000Z",,,,,,,,,,,,,,,,,,,,,,,,,,,"https://youtube.com/@mohamadcali8259/shorts","0AdSiF-iBA8",,"https://youtube.com/@mohamadcali8259/about","false","false",,"4",,,"287","12",,"#petanimilenial #petanimodern #petani #mulsa #alatmodern #petanimuda #petaniindonesia","https://i.ytimg.com/vi/0AdSiF-iBA8/oar2.jpg?sqp=-oaymwEdCJUDENAFSFWQAgHyq4qpAwwIARUAAIhCcAHAAQY=&rs=AOn4CLDnIpwJBVdUc6oOVLbn-PVvkgyw-g","Masakan Istri Tersayang untuk Suami #masakansimple #istrisetia #masakanseharihari #istrisolehah","shorts","https://youtube.com/shorts/0AdSiF-iBA8","417"
"https://yt3.googleusercontent.com/zjUWuG4XuifWv5wmxweKOlLSQdFZI_ozJFCAtywuObCyfYn1P3cOpl9rjPVfqp7P_YruM9ownw=s160-c-k-c0x00ffffff-no-rj",,"#keinginan
#menzet
#lingkungan","UCLumhm5dZ_lPhpCcaFB4bsQ","Apr 1, 2016",,"Muhamad Cali Pertanian","10","65752","https://www.youtube.com/channel/UCLumhm5dZ_lPhpCcaFB4bsQ",,"2",,"2024-06-01T12:00:13.000Z",,,,,,,,,,,,,,,,,,,,,,,,,,,"https://youtube.com/@mohamadcali8259/shorts","3LK4tYgChYM",,"https://youtube.com/@mohamadcali8259/about","false","false",,"7",,,"287","11",,,"https://i.ytimg.com/vi/3LK4tYgChYM/oar2.jpg?sqp=-oaymwEdCJUDENAFSFWQAgHyq4qpAwwIARUAAIhCcAHAAQY=&rs=AOn4CLDkR72ZrJYzKjwWXg599UaoT9QA7A","Jagung Betras Mantap. #petaniindonesia #pemupukanjagung #suksesbersamabintangasia #jagunghibrida","shorts","https://youtube.com/shorts/3LK4tYgChYM","544"
"https://yt3.googleusercontent.com/zjUWuG4XuifWv5wmxweKOlLSQdFZI_ozJFCAtywuObCyfYn1P3cOpl9rjPVfqp7P_YruM9ownw=s160-c-k-c0x00ffffff-no-rj",,"#keinginan
#menzet
#lingkungan","UCLumhm5dZ_lPhpCcaFB4bsQ","Apr 1, 2016",,"Muhamad Cali Pertanian","10","65752","https://www.youtube.com/channel/UCLumhm5dZ_lPhpCcaFB4bsQ",,"0",,"2021-05-24T03:32:01.000Z",,,,,,,,,,,,,,,,,,,,,,,,,,,"https://youtube.com/@mohamadcali8259/shorts","yy9I3tAM2lM",,"https://youtube.com/@mohamadcali8259/about","false","false",,"11",,,"287","16",,,"https://i.ytimg.com/vi/yy9I3tAM2lM/hq720_2.jpg?sqp=-oaymwEdCJgDENAFSFXyq4qpAw8IARUAAIhCcAHAAQbQAQE=&rs=AOn4CLDA_RFdDOSDEWI6iQmSSzvyda3xZg","Terong Bungo Inovasi anak Negri","shorts","https://youtube.com/shorts/yy9I3tAM2lM","280"
"https://yt3.googleusercontent.com/zjUWuG4XuifWv5wmxweKOlLSQdFZI_ozJFCAtywuObCyfYn1P3cOpl9rjPVfqp7P_YruM9ownw=s160-c-k-c0x00ffffff-no-rj",,"#keinginan
#menzet
#lingkungan","UCLumhm5dZ_lPhpCcaFB4bsQ","Apr 1, 2016",,"Muhamad Cali Pertanian","10","65752","https://www.youtube.com/channel/UCLumhm5dZ_lPhpCcaFB4bsQ",,"2",,"2024-07-06T06:52:59.000Z",,,,,,,,,,,,,,,,,,,,,,,,,,,"https://youtube.com/@mohamadcali8259/shorts","I4EQtImKCUw",,"https://youtube.com/@mohamadcali8259/about","false","false",,"2",,,"287","7",,,"https://i.ytimg.com/vi/I4EQtImKCUw/oar2.jpg?sqp=-oaymwEdCJUDENAFSFWQAgHyq4qpAwwIARUAAIhCcAHAAQY=&rs=AOn4CLANSFt1EGUqaynspCcMIhefaJL0HQ","Semangka Inul #pertanian #petanimilenial #petaniindonesia #suksesbersamabintangasia #semangkainul","shorts","https://youtube.com/shorts/I4EQtImKCUw","54"
"https://yt3.googleusercontent.com/zjUWuG4XuifWv5wmxweKOlLSQdFZI_ozJFCAtywuObCyfYn1P3cOpl9rjPVfqp7P_YruM9ownw=s160-c-k-c0x00ffffff-no-rj",,"#keinginan
#menzet
#lingkungan","UCLumhm5dZ_lPhpCcaFB4bsQ","Apr 1, 2016",,"Muhamad Cali Pertanian","10","65752","https://www.youtube.com/channel/UCLumhm5dZ_lPhpCcaFB4bsQ",,"6",,"2024-09-06T02:08:25.000Z",,,,,,,,,,,,,,,,,,,,,,,,,,,"https://youtube.com/@mohamadcali8259/shorts","gCtMh7BAoJM",,"https://youtube.com/@mohamadcali8259/about","false","false",,"6",,,"287","3",,,"https://i.ytimg.com/vi/gCtMh7BAoJM/oar2.jpg?sqp=-oaymwEdCJUDENAFSFWQAgHyq4qpAwwIARUAAIhCcAHAAQY=&rs=AOn4CLCFuccisOP7_yjMtT0PchBfMcYW3Q","Cabai keriting Juro f1 #petaniindonesia #petanimilenial #suksesbersamabintangasia","shorts","https://youtube.com/shorts/gCtMh7BAoJM","47"
"https://yt3.googleusercontent.com/zjUWuG4XuifWv5wmxweKOlLSQdFZI_ozJFCAtywuObCyfYn1P3cOpl9rjPVfqp7P_YruM9ownw=s160-c-k-c0x00ffffff-no-rj",,"#keinginan
#menzet
#lingkungan","UCLumhm5dZ_lPhpCcaFB4bsQ","Apr 1, 2016",,"Muhamad Cali Pertanian","10","65752","https://www.youtube.com/channel/UCLumhm5dZ_lPhpCcaFB4bsQ",,"3",,"2024-07-10T06:41:16.000Z",,,,,,,,,,,,,,,,,,,,,,,,,,,"https://youtube.com/@mohamadcali8259/shorts","jGRYnrvIDQk",,"https://youtube.com/@mohamadcali8259/about","false","false",,"4",,,"287","6",,,"https://i.ytimg.com/vi/jGRYnrvIDQk/oar2.jpg?sqp=-oaymwEdCJUDENAFSFWQAgHyq4qpAwwIARUAAIhCcAHAAQY=&rs=AOn4CLCcanoFwJ4pR_UQLQeTnl-CvEwj5g","CKTAV8 F1 Menyala abangku. #cktav8f1 #suksesbersamabintangasia #petaniindonesia #petanimilenial","shorts","https://youtube.com/shorts/jGRYnrvIDQk","243"
"https://yt3.googleusercontent.com/zjUWuG4XuifWv5wmxweKOlLSQdFZI_ozJFCAtywuObCyfYn1P3cOpl9rjPVfqp7P_YruM9ownw=s160-c-k-c0x00ffffff-no-rj",,"#keinginan
#menzet
#lingkungan","UCLumhm5dZ_lPhpCcaFB4bsQ","Apr 1, 2016",,"Muhamad Cali Pertanian","10","65752","https://www.youtube.com/channel/UCLumhm5dZ_lPhpCcaFB4bsQ",,"1",,"2024-09-07T00:00:00.000Z",,,,,,,,,,,,,,,,,,,,,,,,,,,"https://youtube.com/@mohamadcali8259/shorts","_p1SFnb9BhY",,"https://youtube.com/@mohamadcali8259/about","false","false",,"4",,,"287","1",,,"https://i.ytimg.com/vi/_p1SFnb9BhY/oardefault.jpg?sqp=-oaymwEdCJUDENAFSFWQAgHyq4qpAwwIARUAAIhCcAHAAQY=&rs=AOn4CLDVegC6lHRmVFW7-FhjPPWW8OYq_g","Perjalan ke lembah Bumi Beringin Liat Buncis Elastis #petaniindonesia #petanimilenial #bintangasiA","shorts","https://youtube.com/shorts/_p1SFnb9BhY","530"
"https://yt3.googleusercontent.com/zjUWuG4XuifWv5wmxweKOlLSQdFZI_ozJFCAtywuObCyfYn1P3cOpl9rjPVfqp7P_YruM9ownw=s160-c-k-c0x00ffffff-no-rj",,"#keinginan
#menzet
#lingkungan","UCLumhm5dZ_lPhpCcaFB4bsQ","Apr 1, 2016",,"Muhamad Cali Pertanian","10","65752","https://www.youtube.com/channel/UCLumhm5dZ_lPhpCcaFB4bsQ",,"1",,"2024-08-18T16:05:02.000Z",,,,,,,,,,,,,,,,,,,,,,,,,,,"https://youtube.com/@mohamadcali8259/shorts","vAs-3lzHSj8",,"https://youtube.com/@mohamadcali8259/about","false","false",,"8",,,"287","5",,"#suksesbersamapetanibintangasia
#suksesbersamabintangasia
@benihcitraasia

@benih_bintangasia

#benihcitraasia

#benih_bintangasia

#benihunggulbintangasia 

#pastibisapastisukses

#inovasianaknegeri

#sahabatbintangasia 

#benih 

#petani 

#petanimuda 

#petaniindonesia 

#petanimilenial","https://i.ytimg.com/vi/vAs-3lzHSj8/oar2.jpg?sqp=-oaymwEdCJUDENAFSFWQAgHyq4qpAwwIARUAAIhCcAHAAQY=&rs=AOn4CLBxDgP0bdFlLSoNt-iOXBhwPWurhA","TOMAT VITALIA F1 SIAP EXSEN #petaniindonesia #petanibintangasia #suksesbersamabintangasia","shorts","https://youtube.com/shorts/vAs-3lzHSj8","577"
"https://yt3.googleusercontent.com/zjUWuG4XuifWv5wmxweKOlLSQdFZI_ozJFCAtywuObCyfYn1P3cOpl9rjPVfqp7P_YruM9ownw=s160-c-k-c0x00ffffff-no-rj",,"#keinginan
#menzet
#lingkungan","UCLumhm5dZ_lPhpCcaFB4bsQ","Apr 1, 2016",,"Muhamad Cali Pertanian","10","65752","https://www.youtube.com/channel/UCLumhm5dZ_lPhpCcaFB4bsQ",,"2",,"2024-09-07T02:19:12.000Z",,,,,,,,,,,,,,,,,,,,,,,,,,,"https://youtube.com/@mohamadcali8259/shorts","xWv-0AlXE6Q",,"https://youtube.com/@mohamadcali8259/about","false","false",,"8",,,"287","2",,,"https://i.ytimg.com/vi/xWv-0AlXE6Q/oar2.jpg?sqp=-oaymwEdCJUDENAFSFWQAgHyq4qpAwwIARUAAIhCcAHAAQY=&rs=AOn4CLC5pac08fd4KBNldc2zH4q1VfA-5g","Buah Tomat Vitalia F1 sangat lebat. #petaniindonesia #petanimilenial #suksesbersamapetanibintangasia","shorts","https://youtube.com/shorts/xWv-0AlXE6Q","613"
"https://yt3.googleusercontent.com/zjUWuG4XuifWv5wmxweKOlLSQdFZI_ozJFCAtywuObCyfYn1P3cOpl9rjPVfqp7P_YruM9ownw=s160-c-k-c0x00ffffff-no-rj",,"#keinginan
#menzet
#lingkungan","UCLumhm5dZ_lPhpCcaFB4bsQ","Apr 1, 2016",,"Muhamad Cali Pertanian","10","65752","https://www.youtube.com/channel/UCLumhm5dZ_lPhpCcaFB4bsQ",,"2",,"2024-09-04T09:26:27.000Z",,,,,,,,,,,,,,,,,,,,,,,,,,,"https://youtube.com/@mohamadcali8259/shorts","xaaySirjafU",,"https://youtube.com/@mohamadcali8259/about","false","false",,"5",,,"287","4",,"@benihcitraasia

@benih_bintangasia

#benihcitraasia

#benih_bintangasia

#benihunggulbintangasia 

#pastibisapastisukses

#inovasianaknegeri

#sahabatbintangasia 

#benih 

#petani 

#petanimuda 

#petaniindonesia 

#petanimilenial","https://i.ytimg.com/vi/xaaySirjafU/oar2.jpg?sqp=-oaymwEdCJUDENAFSFWQAgHyq4qpAwwIARUAAIhCcAHAAQY=&rs=AOn4CLB6ufhAHN2-730h78T1xRFwG10yfQ","Pemupukan tomat citra asia di fase generatif umur 14 hst #petaniindonesia #petanimilenial #farming","shorts","https://youtube.com/shorts/xaaySirjafU","534"
