﻿"attachments/0/style_list/0","attachments/0/style_list/1","attachments/0/style_list/2","attachments/0/style_list/3","attachments/0/style_list/4","commentUrl","commentsCount","date","facebookId","facebookUrl","feedbackId","id","inputUrl","likesCount","pageAdLibrary/id","pageAdLibrary/woodhenge_creator_info","postTitle","profileId","profileName","profilePicture","profileUrl","text"
"animated_image_autoplay","animated_image_share","image_share","share","fallback","https://www.facebook.com/100001478012460/posts/8333867063339145?comment_id=1613447936271897","1","2024-09-13T04:06:12.000Z","8333867063339145","https://www.facebook.com/100001478012460/posts/8333867063339145","ZmVlZGJhY2s6ODMzMzg2NzA2MzMzOTE0NV8xNjEzNDQ3OTM2MjcxODk3","Y29tbWVudDo4MzMzODY3MDYzMzM5MTQ1XzE2MTM0NDc5MzYyNzE4OTc=","https://www.facebook.com/100001478012460/posts/8333867063339145","0","113420435192600",,"Semangka Danish F1 Bintang Asia. #bintangasia #benihcitraasia #watermelon #semangka #petani #farmer #indonesia. Rian DTM · Jj Melody Capcu Viral","pfbid09ZZs17TSQVxP67FBdkPinV2Yk4o9guBFqnCgybBfx1CLcPEWLwaNBmfHz7SrcJdcl","Mas Pram","https://scontent-dfw5-1.xx.fbcdn.net/v/t39.30808-1/345631474_546721064200078_1758497493076771481_n.jpg?stp=cp0_dst-jpg_s32x32&_nc_cat=110&ccb=1-7&_nc_sid=0ecb9b&_nc_ohc=2FJ1RM4HcM4Q7kNvgHqxqxE&_nc_ht=scontent-dfw5-1.xx&_nc_gid=Ay9-nshSaqFqpB1qbfnLvg_&oh=00_AYAgyj__Hdf7VvwV-L3BS39zCohCT2yNXZJGZK35r3O9aw&oe=66EACB6A","https://www.facebook.com/people/Mas-Pram/pfbid09ZZs17TSQVxP67FBdkPinV2Yk4o9guBFqnCgybBfx1CLcPEWLwaNBmfHz7SrcJdcl/",
,,,,,"https://www.facebook.com/100001478012460/posts/8333867063339145?comment_id=1074077950908872","1","2024-09-13T04:01:00.000Z","8333867063339145","https://www.facebook.com/100001478012460/posts/8333867063339145","ZmVlZGJhY2s6ODMzMzg2NzA2MzMzOTE0NV8xMDc0MDc3OTUwOTA4ODcy","Y29tbWVudDo4MzMzODY3MDYzMzM5MTQ1XzEwNzQwNzc5NTA5MDg4NzI=","https://www.facebook.com/100001478012460/posts/8333867063339145","0","113420435192600",,"Semangka Danish F1 Bintang Asia. #bintangasia #benihcitraasia #watermelon #semangka #petani #farmer #indonesia. Rian DTM · Jj Melody Capcu Viral","100004635373912","Andrian Kamaludin Gani","https://scontent-dfw5-1.xx.fbcdn.net/v/t39.30808-1/457490804_2835351473296004_550107678388789886_n.jpg?stp=cp0_dst-jpg_s32x32&_nc_cat=103&ccb=1-7&_nc_sid=50d2ac&_nc_ohc=gtVVnwKLATQQ7kNvgF9iaiy&_nc_ht=scontent-dfw5-1.xx&_nc_gid=Ay9-nshSaqFqpB1qbfnLvg_&oh=00_AYC3BCDpT1E-tmurfp_30dnTcluZS3xxjYTKWRbv_LJ1tg&oe=66EABD83","https://www.facebook.com/andrian.chilegenda","Mantap pak👍"
,,,,,"https://www.facebook.com/100001478012460/posts/8333867063339145?comment_id=2688456881332463",,"2024-09-13T01:19:49.000Z","8333867063339145","https://www.facebook.com/100001478012460/posts/8333867063339145","ZmVlZGJhY2s6ODMzMzg2NzA2MzMzOTE0NV8yNjg4NDU2ODgxMzMyNDYz","Y29tbWVudDo4MzMzODY3MDYzMzM5MTQ1XzI2ODg0NTY4ODEzMzI0NjM=","https://www.facebook.com/100001478012460/posts/8333867063339145","0","113420435192600",,"Semangka Danish F1 Bintang Asia. #bintangasia #benihcitraasia #watermelon #semangka #petani #farmer #indonesia. Rian DTM · Jj Melody Capcu Viral","pfbid02K4K71wgik1jimqUS4ZyxyLtBHX1BAPhHtd4MZhQxMMBRTXuSgLphe7c5pf8RWcLZl","Muhammad Utsman","https://scontent-dfw5-2.xx.fbcdn.net/v/t39.30808-1/455286787_1560260108199819_8911032566069306339_n.jpg?stp=cp0_dst-jpg_s32x32&_nc_cat=108&ccb=1-7&_nc_sid=0ecb9b&_nc_ohc=DZ7FSHSd2zMQ7kNvgGZLyjl&_nc_ht=scontent-dfw5-2.xx&_nc_gid=Ay9-nshSaqFqpB1qbfnLvg_&oh=00_AYBg7tbwN1aANoJDIEoZY1B7kT4es_8VtGNc5RL3x3CzcQ&oe=66EACCC4","https://www.facebook.com/people/Muhammad-Utsman/pfbid02K4K71wgik1jimqUS4ZyxyLtBHX1BAPhHtd4MZhQxMMBRTXuSgLphe7c5pf8RWcLZl/","Info harga bibitnya"
,,,,,"https://www.facebook.com/100001478012460/posts/8333867063339145?comment_id=863367985893432","1","2024-09-13T01:13:52.000Z","8333867063339145","https://www.facebook.com/100001478012460/posts/8333867063339145","ZmVlZGJhY2s6ODMzMzg2NzA2MzMzOTE0NV84NjMzNjc5ODU4OTM0MzI=","Y29tbWVudDo4MzMzODY3MDYzMzM5MTQ1Xzg2MzM2Nzk4NTg5MzQzMg==","https://www.facebook.com/100001478012460/posts/8333867063339145","0","113420435192600",,"Semangka Danish F1 Bintang Asia. #bintangasia #benihcitraasia #watermelon #semangka #petani #farmer #indonesia. Rian DTM · Jj Melody Capcu Viral","100007578522755","Renzy Bintangasia","https://scontent-dfw5-2.xx.fbcdn.net/v/t39.30808-1/426012403_3605728109689771_2277782955804277447_n.jpg?stp=cp0_dst-jpg_s32x32&_nc_cat=104&ccb=1-7&_nc_sid=50d2ac&_nc_ohc=M574j_z4JmsQ7kNvgGygxCy&_nc_ht=scontent-dfw5-2.xx&_nc_gid=Ay9-nshSaqFqpB1qbfnLvg_&oh=00_AYBhSCUnCYxfTvpTLEq9zSG8TZenp-0eekCLLV_Zf1mEJg&oe=66EAC284","https://www.facebook.com/renzi.prayuda","Mantap"
,,,,,"https://www.facebook.com/100001478012460/posts/8333867063339145?comment_id=531983806036598","1","2024-09-13T00:48:56.000Z","8333867063339145","https://www.facebook.com/100001478012460/posts/8333867063339145","ZmVlZGJhY2s6ODMzMzg2NzA2MzMzOTE0NV81MzE5ODM4MDYwMzY1OTg=","Y29tbWVudDo4MzMzODY3MDYzMzM5MTQ1XzUzMTk4MzgwNjAzNjU5OA==","https://www.facebook.com/100001478012460/posts/8333867063339145","0","113420435192600",,"Semangka Danish F1 Bintang Asia. #bintangasia #benihcitraasia #watermelon #semangka #petani #farmer #indonesia. Rian DTM · Jj Melody Capcu Viral","pfbid0Y885mUh28P3GgwVS3gz29vzN9x8C9rZ6QjKtS43X6fJuERDkQ6MRcyWdErSFdDBtl","Yospiqmi Rizal Bintang Asia","https://scontent-dfw5-2.xx.fbcdn.net/v/t1.18169-1/12814133_605474156274254_1255382583968893776_n.jpg?stp=cp0_dst-jpg_s32x32&_nc_cat=107&ccb=1-7&_nc_sid=e4545e&_nc_ohc=rPb_fJqPaOIQ7kNvgHwF2-C&_nc_ht=scontent-dfw5-2.xx&oh=00_AYDABYOcMihqz0BcuzqlYNuW8hy3WQkjsgP7Iy5yTjdXeQ&oe=670C5FFC","https://www.facebook.com/yospiqmi.rizal","Bedencing"
,,,,,"https://www.facebook.com/100001478012460/posts/8333867063339145?comment_id=438891132524645","1","2024-09-13T09:13:27.000Z","8333867063339145","https://www.facebook.com/100001478012460/posts/8333867063339145","ZmVlZGJhY2s6ODMzMzg2NzA2MzMzOTE0NV80Mzg4OTExMzI1MjQ2NDU=","Y29tbWVudDo4MzMzODY3MDYzMzM5MTQ1XzQzODg5MTEzMjUyNDY0NQ==","https://www.facebook.com/100001478012460/posts/8333867063339145","0","113420435192600",,"Semangka Danish F1 Bintang Asia. #bintangasia #benihcitraasia #watermelon #semangka #petani #farmer #indonesia. Rian DTM · Jj Melody Capcu Viral","pfbid02AVqtncfGNdndTeqaufLCuEec4JNoDwTg8JUbYU9WLE5yXiAmgWTGpH4jHp8icM3Pl","Teguh Mboys Teguh","https://scontent-dfw5-1.xx.fbcdn.net/v/t39.30808-1/457031285_1031629168364023_9167063379021788135_n.jpg?stp=cp0_dst-jpg_s32x32&_nc_cat=105&ccb=1-7&_nc_sid=0ecb9b&_nc_ohc=1HIfHaYdYj8Q7kNvgF5I2cr&_nc_ht=scontent-dfw5-1.xx&_nc_gid=Ay9-nshSaqFqpB1qbfnLvg_&oh=00_AYC7nmAoNmEcfktJhbFEsmcmj-X9wCHYIhxDsQ_yAu61Nw&oe=66EAE26A","https://www.facebook.com/teguhmboys.teguh","Ngengei bibite om Nasir😁😁😁😆😆😆"
,,,,,"https://www.facebook.com/100001478012460/posts/8336620279730490?comment_id=879339913703593","1","2024-09-13T13:00:10.000Z","8336620279730490","https://www.facebook.com/100001478012460/posts/8336620279730490","ZmVlZGJhY2s6ODMzNjYyMDI3OTczMDQ5MF84NzkzMzk5MTM3MDM1OTM=","Y29tbWVudDo4MzM2NjIwMjc5NzMwNDkwXzg3OTMzOTkxMzcwMzU5Mw==","https://www.facebook.com/100001478012460/posts/8336620279730490","1","113420435192600",,"belajar ngonten ojo diseneni sek Pakde Sugito Semangko 😁. Semangka Seri F1 panen kurang air masih mau besar. #bintangasia #benihcitraasia #semangka #watermelon #seed #farmer #petani #indonesia. Kyra...","pfbid0ST59wc2y7ZZYRD8cWidwYhLN1PaENBnkt6bVf88sugWyEq4n9iCwpVRpFAD3b2tEl","Opeq Bintang Asia","https://scontent.fsti7-1.fna.fbcdn.net/v/t39.30808-1/440808755_122106493232287865_6230265854575499414_n.jpg?stp=cp0_dst-jpg_s32x32&_nc_cat=108&ccb=1-7&_nc_sid=0ecb9b&_nc_ohc=Y7daJHgf07YQ7kNvgGqI4Mv&_nc_ht=scontent.fsti7-1.fna&_nc_gid=AeF9dW_oAZz8OtSZfZ1r2gf&oh=00_AYApYjdYEi3hvus2xpRsVmq349gIJREzvlXN8ylc9r75_Q&oe=66EACF6E","https://www.facebook.com/people/Opeq-Bintang-Asia/pfbid0ST59wc2y7ZZYRD8cWidwYhLN1PaENBnkt6bVf88sugWyEq4n9iCwpVRpFAD3b2tEl/","Wah buahnya besar besar...
dua kilan 😀"
,,,,,"https://www.facebook.com/100001478012460/posts/8336620279730490?comment_id=533791569160019",,"2024-09-13T15:25:10.000Z","8336620279730490","https://www.facebook.com/100001478012460/posts/8336620279730490","ZmVlZGJhY2s6ODMzNjYyMDI3OTczMDQ5MF81MzM3OTE1NjkxNjAwMTk=","Y29tbWVudDo4MzM2NjIwMjc5NzMwNDkwXzUzMzc5MTU2OTE2MDAxOQ==","https://www.facebook.com/100001478012460/posts/8336620279730490","0","113420435192600",,"belajar ngonten ojo diseneni sek Pakde Sugito Semangko 😁. Semangka Seri F1 panen kurang air masih mau besar. #bintangasia #benihcitraasia #semangka #watermelon #seed #farmer #petani #indonesia. Kyra...","pfbid02tYBGfadN5hz7DJNt1RvHw7jkJqq6MLx1hBq6SNCSWrbaTaEN9aE5vpWsfFgj5iqcl","Muhammad Ilham","https://scontent.fsti7-1.fna.fbcdn.net/v/t39.30808-1/416230439_939961767546781_6064219748734977418_n.jpg?stp=c0.0.833.833a_cp0_dst-jpg_s32x32&_nc_cat=105&ccb=1-7&_nc_sid=0ecb9b&_nc_ohc=KitUyRvTujoQ7kNvgHNM3KX&_nc_ht=scontent.fsti7-1.fna&_nc_gid=AeF9dW_oAZz8OtSZfZ1r2gf&oh=00_AYDtPivX5vwnRGjAWmvF0YWJEsmspMSZYtkOUUlW-TNzvQ&oe=66EAEB7D","https://www.facebook.com/people/Muhammad-Ilham/pfbid02tYBGfadN5hz7DJNt1RvHw7jkJqq6MLx1hBq6SNCSWrbaTaEN9aE5vpWsfFgj5iqcl/","Info bibit melon BG??"
,,,,,"https://www.facebook.com/100001478012460/posts/8336620279730490?comment_id=384250764555995","2","2024-09-13T13:40:23.000Z","8336620279730490","https://www.facebook.com/100001478012460/posts/8336620279730490","ZmVlZGJhY2s6ODMzNjYyMDI3OTczMDQ5MF8zODQyNTA3NjQ1NTU5OTU=","Y29tbWVudDo4MzM2NjIwMjc5NzMwNDkwXzM4NDI1MDc2NDU1NTk5NQ==","https://www.facebook.com/100001478012460/posts/8336620279730490","0","113420435192600",,"belajar ngonten ojo diseneni sek Pakde Sugito Semangko 😁. Semangka Seri F1 panen kurang air masih mau besar. #bintangasia #benihcitraasia #semangka #watermelon #seed #farmer #petani #indonesia. Kyra...","pfbid02spMH3xZgWneX7AReaN8yqjkNVU3Cuxw44fGcuG95JFtBin7BBTZc6Bd9c9t3Uy5yl","Udhink Murnie","https://scontent.fsti7-1.fna.fbcdn.net/v/t1.6435-1/196227682_1122993431541646_4559526374792634473_n.jpg?stp=c130.0.780.780a_cp0_dst-jpg_s32x32&_nc_cat=106&ccb=1-7&_nc_sid=e4545e&_nc_ohc=7_bFt19wzScQ7kNvgFVGOli&_nc_ht=scontent.fsti7-1.fna&_nc_gid=AeF9dW_oAZz8OtSZfZ1r2gf&oh=00_AYC5e0pInwcikEP9W-D19-7enLJn3Tl_RajvUhoZl7pDMQ&oe=670C7551","https://www.facebook.com/udhink.murnie","Pake pupuk apa bng untuk pembesaran buah."
,,,,,"https://www.facebook.com/100001478012460/posts/8336620279730490?comment_id=1045606513762560","1","2024-09-13T12:55:15.000Z","8336620279730490","https://www.facebook.com/100001478012460/posts/8336620279730490","ZmVlZGJhY2s6ODMzNjYyMDI3OTczMDQ5MF8xMDQ1NjA2NTEzNzYyNTYw","Y29tbWVudDo4MzM2NjIwMjc5NzMwNDkwXzEwNDU2MDY1MTM3NjI1NjA=","https://www.facebook.com/100001478012460/posts/8336620279730490","0","113420435192600",,"belajar ngonten ojo diseneni sek Pakde Sugito Semangko 😁. Semangka Seri F1 panen kurang air masih mau besar. #bintangasia #benihcitraasia #semangka #watermelon #seed #farmer #petani #indonesia. Kyra...","pfbid02nqP29hY23qwMfAHL6GXhMJkChEenhVuSPaGGV72AAAh86LtULEPshuwfpTtQ6W9Zl","Ruben Semangka","https://scontent.fsti7-1.fna.fbcdn.net/v/t39.30808-1/448720311_1632475054196551_3958139341498661567_n.jpg?stp=cp0_dst-jpg_s32x32&_nc_cat=111&ccb=1-7&_nc_sid=0ecb9b&_nc_ohc=UiOXr9kHzvkQ7kNvgHP1r3X&_nc_ht=scontent.fsti7-1.fna&_nc_gid=AeF9dW_oAZz8OtSZfZ1r2gf&oh=00_AYDiZN9-KkU770Zxr0sUP9qZnkjzfCnbBhM5ND0oayxs9g&oe=66EADAFC","https://www.facebook.com/ruben.simamora.98","Bg,sya tanam non biji seri F1 bintang Asia tanam biji lgsg.ko tiba"" daun nya pda melipat apa peyebab nya bg? Mohon masukannya bg👏"
,,,,,"https://www.facebook.com/100001478012460/posts/8336620279730490?comment_id=1226061995189936","1","2024-09-14T00:27:01.000Z","8336620279730490","https://www.facebook.com/100001478012460/posts/8336620279730490","ZmVlZGJhY2s6ODMzNjYyMDI3OTczMDQ5MF8xMjI2MDYxOTk1MTg5OTM2","Y29tbWVudDo4MzM2NjIwMjc5NzMwNDkwXzEyMjYwNjE5OTUxODk5MzY=","https://www.facebook.com/100001478012460/posts/8336620279730490","0","113420435192600",,"belajar ngonten ojo diseneni sek Pakde Sugito Semangko 😁. Semangka Seri F1 panen kurang air masih mau besar. #bintangasia #benihcitraasia #semangka #watermelon #seed #farmer #petani #indonesia. Kyra...","pfbid029BqJMZN8EE7seUN2ttjCQjJLX5YHBLTG95MdUmq6oJQCdWJirYBCjLno7mZsEriZl","Heri Yanto","https://scontent.fsti7-1.fna.fbcdn.net/v/t39.30808-1/458146261_393712770423523_3989207664576534042_n.jpg?stp=cp0_dst-jpg_s32x32&_nc_cat=110&ccb=1-7&_nc_sid=0ecb9b&_nc_ohc=bh04rnoTyRsQ7kNvgEG-FsF&_nc_ht=scontent.fsti7-1.fna&_nc_gid=AeF9dW_oAZz8OtSZfZ1r2gf&oh=00_AYAolHawcd9uDRFCm_y06ziGpYEP-9M_nf0_TVTg5MbAaw&oe=66EAC487","https://www.facebook.com/people/Heri-Yanto/pfbid029BqJMZN8EE7seUN2ttjCQjJLX5YHBLTG95MdUmq6oJQCdWJirYBCjLno7mZsEriZl/","Gone sopo mas"
,,,,,"https://www.facebook.com/100001478012460/posts/8336620279730490?comment_id=1502124530413320",,"2024-09-13T15:40:29.000Z","8336620279730490","https://www.facebook.com/100001478012460/posts/8336620279730490","ZmVlZGJhY2s6ODMzNjYyMDI3OTczMDQ5MF8xNTAyMTI0NTMwNDEzMzIw","Y29tbWVudDo4MzM2NjIwMjc5NzMwNDkwXzE1MDIxMjQ1MzA0MTMzMjA=","https://www.facebook.com/100001478012460/posts/8336620279730490","0","113420435192600",,"belajar ngonten ojo diseneni sek Pakde Sugito Semangko 😁. Semangka Seri F1 panen kurang air masih mau besar. #bintangasia #benihcitraasia #semangka #watermelon #seed #farmer #petani #indonesia. Kyra...","100084607731656","Maz Jack","https://scontent.fsti7-1.fna.fbcdn.net/v/t39.30808-1/458647679_540279202135666_2852348384224134704_n.jpg?stp=cp0_dst-jpg_s32x32&_nc_cat=100&ccb=1-7&_nc_sid=50d2ac&_nc_ohc=g4Qecic8KgkQ7kNvgGh-8Cu&_nc_ht=scontent.fsti7-1.fna&_nc_gid=AeF9dW_oAZz8OtSZfZ1r2gf&oh=00_AYA1dX6lVUqbTsmvsZZFIl_xsUyGqrwYNSDpTcD8hCn5vA&oe=66EAD4A3","https://www.facebook.com/people/Maz-Jack/100084607731656/","Aq nandur kriteng sampei 3x"
,,,,,"https://www.facebook.com/100001478012460/posts/8336620279730490?comment_id=721238716855355",,"2024-09-13T10:47:39.000Z","8336620279730490","https://www.facebook.com/100001478012460/posts/8336620279730490","ZmVlZGJhY2s6ODMzNjYyMDI3OTczMDQ5MF83MjEyMzg3MTY4NTUzNTU=","Y29tbWVudDo4MzM2NjIwMjc5NzMwNDkwXzcyMTIzODcxNjg1NTM1NQ==","https://www.facebook.com/100001478012460/posts/8336620279730490","0","113420435192600",,"belajar ngonten ojo diseneni sek Pakde Sugito Semangko 😁. Semangka Seri F1 panen kurang air masih mau besar. #bintangasia #benihcitraasia #semangka #watermelon #seed #farmer #petani #indonesia. Kyra...","pfbid02FupgMHXKSBLDaXA24XGziPsWuvXGqL7C7bPdqyTsbftsrb2f24hJVjE7yUGGK3kCl","Putry Sulung","https://scontent.fsti7-1.fna.fbcdn.net/v/t39.30808-1/427987797_1057691465494451_1716052210645449234_n.jpg?stp=cp0_dst-jpg_s32x32&_nc_cat=111&ccb=1-7&_nc_sid=0ecb9b&_nc_ohc=8dtyRPxlRVQQ7kNvgF8rw0I&_nc_ht=scontent.fsti7-1.fna&_nc_gid=AeF9dW_oAZz8OtSZfZ1r2gf&oh=00_AYDYA4XwCd74xeTd_uYG8IVORZ81WNwwrkOQr37q70wjWA&oe=66EAEA66","https://www.facebook.com/people/Putry-Sulung/pfbid02FupgMHXKSBLDaXA24XGziPsWuvXGqL7C7bPdqyTsbftsrb2f24hJVjE7yUGGK3kCl/","Nangdi kui pakde"
"sticker","fallback",,,,"https://www.facebook.com/100001478012460/posts/8336620279730490?comment_id=506845482130951","1","2024-09-13T10:40:26.000Z","8336620279730490","https://www.facebook.com/100001478012460/posts/8336620279730490","ZmVlZGJhY2s6ODMzNjYyMDI3OTczMDQ5MF81MDY4NDU0ODIxMzA5NTE=","Y29tbWVudDo4MzM2NjIwMjc5NzMwNDkwXzUwNjg0NTQ4MjEzMDk1MQ==","https://www.facebook.com/100001478012460/posts/8336620279730490","0","113420435192600",,"belajar ngonten ojo diseneni sek Pakde Sugito Semangko 😁. Semangka Seri F1 panen kurang air masih mau besar. #bintangasia #benihcitraasia #semangka #watermelon #seed #farmer #petani #indonesia. Kyra...","pfbid02g2UbvrQy4kHgCMFPERovZTnos1F9cZyXJtAya2m9gFwEhtjZbVo4evYYbxhkrWiwl","Safari Rener","https://scontent.fsti7-1.fna.fbcdn.net/v/t39.30808-1/323627834_3439606579655660_5342712851608916190_n.jpg?stp=cp0_dst-jpg_s32x32&_nc_cat=102&ccb=1-7&_nc_sid=0ecb9b&_nc_ohc=FHrzpGpZX18Q7kNvgGJlZq-&_nc_ht=scontent.fsti7-1.fna&_nc_gid=AeF9dW_oAZz8OtSZfZ1r2gf&oh=00_AYBCs9qoSClOmSGmCv8x6w62icdr3iPOiGm7IZQQdorLKA&oe=66EAE445","https://www.facebook.com/people/Safari-Rener/pfbid02g2UbvrQy4kHgCMFPERovZTnos1F9cZyXJtAya2m9gFwEhtjZbVo4evYYbxhkrWiwl/","Mantep mase, 👍"
"photo","fallback",,,,"https://www.facebook.com/100001478012460/posts/8336620279730490?comment_id=431499416049308","1","2024-09-13T12:58:09.000Z","8336620279730490","https://www.facebook.com/100001478012460/posts/8336620279730490","ZmVlZGJhY2s6ODMzNjYyMDI3OTczMDQ5MF80MzE0OTk0MTYwNDkzMDg=","Y29tbWVudDo4MzM2NjIwMjc5NzMwNDkwXzQzMTQ5OTQxNjA0OTMwOA==","https://www.facebook.com/100001478012460/posts/8336620279730490","0","113420435192600",,"belajar ngonten ojo diseneni sek Pakde Sugito Semangko 😁. Semangka Seri F1 panen kurang air masih mau besar. #bintangasia #benihcitraasia #semangka #watermelon #seed #farmer #petani #indonesia. Kyra...","pfbid02UH7bBAyy8JHWgJLBCwkpPCwfyDwzcQge4FCXAu3pxH6a8pmvhkFmmxD58WvPiPntl","Ribut Andi M. Andi","https://scontent.fsti7-1.fna.fbcdn.net/v/t39.30808-1/428190647_3258985684257057_8152856627367893907_n.jpg?stp=cp0_dst-jpg_s32x32&_nc_cat=107&ccb=1-7&_nc_sid=0ecb9b&_nc_ohc=UF0_iehdOXIQ7kNvgE4TMTq&_nc_ht=scontent.fsti7-1.fna&_nc_gid=AeF9dW_oAZz8OtSZfZ1r2gf&oh=00_AYCBmSKbWvBEtXvsQKN0_HIg_qI0By45uSv-TLqQkMm9iw&oe=66EACB77","https://www.facebook.com/people/Ribut-Andi-M-Andi/pfbid02UH7bBAyy8JHWgJLBCwkpPCwfyDwzcQge4FCXAu3pxH6a8pmvhkFmmxD58WvPiPntl/",
"photo","fallback",,,,"https://www.facebook.com/100001478012460/posts/8336620279730490?comment_id=482861561400738","2","2024-09-13T13:37:49.000Z","8336620279730490","https://www.facebook.com/100001478012460/posts/8336620279730490","ZmVlZGJhY2s6ODMzNjYyMDI3OTczMDQ5MF80ODI4NjE1NjE0MDA3Mzg=","Y29tbWVudDo4MzM2NjIwMjc5NzMwNDkwXzQ4Mjg2MTU2MTQwMDczOA==","https://www.facebook.com/100001478012460/posts/8336620279730490","0","113420435192600",,"belajar ngonten ojo diseneni sek Pakde Sugito Semangko 😁. Semangka Seri F1 panen kurang air masih mau besar. #bintangasia #benihcitraasia #semangka #watermelon #seed #farmer #petani #indonesia. Kyra...","100080213018701","Afri Yanto Semongko","https://scontent.fsti7-1.fna.fbcdn.net/v/t39.30808-1/441204666_445386238145140_8044506564243694787_n.jpg?stp=cp0_dst-jpg_s32x32&_nc_cat=108&ccb=1-7&_nc_sid=50d2ac&_nc_ohc=o--e9y2PslwQ7kNvgEf0P36&_nc_ht=scontent.fsti7-1.fna&_nc_gid=AeF9dW_oAZz8OtSZfZ1r2gf&oh=00_AYAD9uOFKMUMqI9uGzUCxeiH-ESxm-hjTe86xKcjTSvjlg&oe=66EAD0FC","https://www.facebook.com/people/Afri-Yanto-Semongko/100080213018701/",
,,,,,"https://www.facebook.com/100001478012460/posts/8336620279730490?comment_id=1292933771692149","1","2024-09-13T10:21:56.000Z","8336620279730490","https://www.facebook.com/100001478012460/posts/8336620279730490","ZmVlZGJhY2s6ODMzNjYyMDI3OTczMDQ5MF8xMjkyOTMzNzcxNjkyMTQ5","Y29tbWVudDo4MzM2NjIwMjc5NzMwNDkwXzEyOTI5MzM3NzE2OTIxNDk=","https://www.facebook.com/100001478012460/posts/8336620279730490","0","113420435192600",,"belajar ngonten ojo diseneni sek Pakde Sugito Semangko 😁. Semangka Seri F1 panen kurang air masih mau besar. #bintangasia #benihcitraasia #semangka #watermelon #seed #farmer #petani #indonesia. Kyra...","pfbid0Y885mUh28P3GgwVS3gz29vzN9x8C9rZ6QjKtS43X6fJuERDkQ6MRcyWdErSFdDBtl","Yospiqmi Rizal Bintang Asia","https://scontent.fsti7-1.fna.fbcdn.net/v/t1.18169-1/12814133_605474156274254_1255382583968893776_n.jpg?stp=cp0_dst-jpg_s32x32&_nc_cat=107&ccb=1-7&_nc_sid=e4545e&_nc_ohc=rPb_fJqPaOIQ7kNvgGDWMnE&_nc_ht=scontent.fsti7-1.fna&oh=00_AYCoNGdsj-V1clLU4KjbTUk-iSiPaB0KP5L29zTm9zq4Rw&oe=670C5FFC","https://www.facebook.com/yospiqmi.rizal","Di belah mas biar tau rasanya jangan cuma di elus"
