﻿"commentUrl","commentsCount","date","facebookId","facebookUrl","feedbackId","id","inputUrl","likesCount","pageAdLibrary/id","pageAdLibrary/is_business_page_active","parentComment/author/__typename","parentComment/author/id","parentComment/author/name","parentComment/author/short_name","parentComment/id","postTitle","profileId","profileName","profilePicture","profileUrl","replyToCommentId","text","threadingDepth"
"https://www.facebook.com/ilham.ajo.37604/posts/pfbid0TFGrxdF3Zmto1oWba8944rM6sP9agZ1k4soqjmqjjNws1rjfES4GmAGrNJeBZCDml?comment_id=1235910507748075","1","2024-09-23T09:42:29.000Z","2317617618581349","https://www.facebook.com/ilham.ajo.37604/posts/pfbid0TFGrxdF3Zmto1oWba8944rM6sP9agZ1k4soqjmqjjNws1rjfES4GmAGrNJeBZCDml","ZmVlZGJhY2s6MjMxNzYxNzYxODU4MTM0OV8xMjM1OTEwNTA3NzQ4MDc1","Y29tbWVudDoyMzE3NjE3NjE4NTgxMzQ5XzEyMzU5MTA1MDc3NDgwNzU=","https://www.facebook.com/ilham.ajo.37604/posts/pfbid0TFGrxdF3Zmto1oWba8944rM6sP9agZ1k4soqjmqjjNws1rjfES4GmAGrNJeBZCDml","1","200476579818147","false",,,,,,"Waktunya Kita Gasken
Jagung Manis ROMANZA F1 Cap Bintang Asia Produksi dari PT Benih Citra Asia 
Buah Super Gede
Rasa Super Manis
Produksi Hasil Tinggi 
Lebih Panjang, Lebih Besar, Lebih Manis...
SEMUA ORANG @sorotan  Mhd Arpi 
.
.","100004825651478","NiZar Bintang Asia","https://scontent.fmgf12-1.fna.fbcdn.net/v/t39.30808-1/438276089_2611594555678041_6997404202785061953_n.jpg?stp=cp0_dst-jpg_p32x32&_nc_cat=111&ccb=1-7&_nc_sid=50d2ac&_nc_ohc=BhIIjnBK2n0Q7kNvgGBhmOG&_nc_ht=scontent.fmgf12-1.fna&oh=00_AYAoAZHIte_ixnR45bai90dnZE40Jw1g7stTXZUTRnRVsA&oe=66F823EE","https://www.facebook.com/nizar.setia.3",,"Membara","0"
"https://www.facebook.com/ilham.ajo.37604/posts/pfbid0TFGrxdF3Zmto1oWba8944rM6sP9agZ1k4soqjmqjjNws1rjfES4GmAGrNJeBZCDml?comment_id=1230115338439242","1","2024-09-23T16:33:51.000Z","2317617618581349","https://www.facebook.com/ilham.ajo.37604/posts/pfbid0TFGrxdF3Zmto1oWba8944rM6sP9agZ1k4soqjmqjjNws1rjfES4GmAGrNJeBZCDml","ZmVlZGJhY2s6MjMxNzYxNzYxODU4MTM0OV8xMjMwMTE1MzM4NDM5MjQy","Y29tbWVudDoyMzE3NjE3NjE4NTgxMzQ5XzEyMzAxMTUzMzg0MzkyNDI=","https://www.facebook.com/ilham.ajo.37604/posts/pfbid0TFGrxdF3Zmto1oWba8944rM6sP9agZ1k4soqjmqjjNws1rjfES4GmAGrNJeBZCDml","1","200476579818147","false",,,,,,"Waktunya Kita Gasken
Jagung Manis ROMANZA F1 Cap Bintang Asia Produksi dari PT Benih Citra Asia 
Buah Super Gede
Rasa Super Manis
Produksi Hasil Tinggi 
Lebih Panjang, Lebih Besar, Lebih Manis...
SEMUA ORANG @sorotan  Mhd Arpi 
.
.","100006759276024","Kopi Susu","https://scontent.fmgf12-1.fna.fbcdn.net/v/t39.30808-1/457313047_3843369685898303_8630632096743929739_n.jpg?stp=cp0_dst-jpg_s32x32&_nc_cat=107&ccb=1-7&_nc_sid=50d2ac&_nc_ohc=DMQEv9WQBjwQ7kNvgFKky8x&_nc_ht=scontent.fmgf12-1.fna&oh=00_AYAz_qQoos4QUXN73Pvw2u4Ld_-1-FH-vGcVHN-QNbmvFg&oe=66F8292D","https://www.facebook.com/razu.geng.7",,"Gas trus bos jngan kasi kendor..bintang asia emng jos gandos🤤🤤👍👍🫰🫰","0"
"https://www.facebook.com/ilham.ajo.37604/posts/pfbid0TFGrxdF3Zmto1oWba8944rM6sP9agZ1k4soqjmqjjNws1rjfES4GmAGrNJeBZCDml?comment_id=1034337154853612","1","2024-09-23T14:16:59.000Z","2317617618581349","https://www.facebook.com/ilham.ajo.37604/posts/pfbid0TFGrxdF3Zmto1oWba8944rM6sP9agZ1k4soqjmqjjNws1rjfES4GmAGrNJeBZCDml","ZmVlZGJhY2s6MjMxNzYxNzYxODU4MTM0OV8xMDM0MzM3MTU0ODUzNjEy","Y29tbWVudDoyMzE3NjE3NjE4NTgxMzQ5XzEwMzQzMzcxNTQ4NTM2MTI=","https://www.facebook.com/ilham.ajo.37604/posts/pfbid0TFGrxdF3Zmto1oWba8944rM6sP9agZ1k4soqjmqjjNws1rjfES4GmAGrNJeBZCDml","1","200476579818147","false",,,,,,"Waktunya Kita Gasken
Jagung Manis ROMANZA F1 Cap Bintang Asia Produksi dari PT Benih Citra Asia 
Buah Super Gede
Rasa Super Manis
Produksi Hasil Tinggi 
Lebih Panjang, Lebih Besar, Lebih Manis...
SEMUA ORANG @sorotan  Mhd Arpi 
.
.","100000252734154","Sutarman Ar Rasyid","https://scontent.fmgf12-1.fna.fbcdn.net/v/t39.30808-1/235895266_4591351950883184_8840857036031897211_n.jpg?stp=c35.0.610.610a_cp0_dst-jpg_s32x32&_nc_cat=102&ccb=1-7&_nc_sid=50d2ac&_nc_ohc=WyDaIr9LK4EQ7kNvgGg2Peo&_nc_ht=scontent.fmgf12-1.fna&oh=00_AYCtDWQQwABCYFw2iEiTSGfzzdZDgy_fLIbW_01gR8dCwQ&oe=66F83333","https://www.facebook.com/raikage.sutarman",,"bahan e ono Ora? jo posting Poto wae wkwkwkw","0"
"https://www.facebook.com/ilham.ajo.37604/posts/pfbid0TFGrxdF3Zmto1oWba8944rM6sP9agZ1k4soqjmqjjNws1rjfES4GmAGrNJeBZCDml?comment_id=2044618582640374","1","2024-09-23T09:32:15.000Z","2317617618581349","https://www.facebook.com/ilham.ajo.37604/posts/pfbid0TFGrxdF3Zmto1oWba8944rM6sP9agZ1k4soqjmqjjNws1rjfES4GmAGrNJeBZCDml","ZmVlZGJhY2s6MjMxNzYxNzYxODU4MTM0OV8yMDQ0NjE4NTgyNjQwMzc0","Y29tbWVudDoyMzE3NjE3NjE4NTgxMzQ5XzIwNDQ2MTg1ODI2NDAzNzQ=","https://www.facebook.com/ilham.ajo.37604/posts/pfbid0TFGrxdF3Zmto1oWba8944rM6sP9agZ1k4soqjmqjjNws1rjfES4GmAGrNJeBZCDml","1","200476579818147","false",,,,,,"Waktunya Kita Gasken
Jagung Manis ROMANZA F1 Cap Bintang Asia Produksi dari PT Benih Citra Asia 
Buah Super Gede
Rasa Super Manis
Produksi Hasil Tinggi 
Lebih Panjang, Lebih Besar, Lebih Manis...
SEMUA ORANG @sorotan  Mhd Arpi 
.
.","100007578522755","Renzy Bintangasia","https://scontent.fmgf12-1.fna.fbcdn.net/v/t39.30808-1/426012403_3605728109689771_2277782955804277447_n.jpg?stp=cp0_dst-jpg_s32x32&_nc_cat=104&ccb=1-7&_nc_sid=50d2ac&_nc_ohc=eSL7nwrCcoUQ7kNvgGJIU9e&_nc_ht=scontent.fmgf12-1.fna&oh=00_AYBp9ETrNTgxk5eINcZ__tM0cMoXg-xJve-xlu9TnfOnWw&oe=66F829C4","https://www.facebook.com/renzi.prayuda",,"Mantap","0"
"https://www.facebook.com/ilham.ajo.37604/posts/pfbid0TFGrxdF3Zmto1oWba8944rM6sP9agZ1k4soqjmqjjNws1rjfES4GmAGrNJeBZCDml?comment_id=539222712022771","1","2024-09-23T11:18:24.000Z","2317617618581349","https://www.facebook.com/ilham.ajo.37604/posts/pfbid0TFGrxdF3Zmto1oWba8944rM6sP9agZ1k4soqjmqjjNws1rjfES4GmAGrNJeBZCDml","ZmVlZGJhY2s6MjMxNzYxNzYxODU4MTM0OV81MzkyMjI3MTIwMjI3NzE=","Y29tbWVudDoyMzE3NjE3NjE4NTgxMzQ5XzUzOTIyMjcxMjAyMjc3MQ==","https://www.facebook.com/ilham.ajo.37604/posts/pfbid0TFGrxdF3Zmto1oWba8944rM6sP9agZ1k4soqjmqjjNws1rjfES4GmAGrNJeBZCDml","1","200476579818147","false",,,,,,"Waktunya Kita Gasken
Jagung Manis ROMANZA F1 Cap Bintang Asia Produksi dari PT Benih Citra Asia 
Buah Super Gede
Rasa Super Manis
Produksi Hasil Tinggi 
Lebih Panjang, Lebih Besar, Lebih Manis...
SEMUA ORANG @sorotan  Mhd Arpi 
.
.","100014406039341","Hileud Melon","https://scontent.fmgf12-1.fna.fbcdn.net/v/t39.30808-1/451432247_1859537544536429_4310570413362761283_n.jpg?stp=cp0_dst-jpg_s32x32&_nc_cat=100&ccb=1-7&_nc_sid=50d2ac&_nc_ohc=i4HLO---kIwQ7kNvgElV2Tl&_nc_ht=scontent.fmgf12-1.fna&oh=00_AYCjbSB0gcF_XfBrVgLcBEOUpcrt7lCs5RbJYGmaF7oCMA&oe=66F82F59",,,"Bagi om","0"
"https://www.facebook.com/ilham.ajo.37604/posts/pfbid0TFGrxdF3Zmto1oWba8944rM6sP9agZ1k4soqjmqjjNws1rjfES4GmAGrNJeBZCDml?comment_id=1207928420258436","5","2024-09-23T10:48:13.000Z","2317617618581349","https://www.facebook.com/ilham.ajo.37604/posts/pfbid0TFGrxdF3Zmto1oWba8944rM6sP9agZ1k4soqjmqjjNws1rjfES4GmAGrNJeBZCDml","ZmVlZGJhY2s6MjMxNzYxNzYxODU4MTM0OV8xMjA3OTI4NDIwMjU4NDM2","Y29tbWVudDoyMzE3NjE3NjE4NTgxMzQ5XzEyMDc5Mjg0MjAyNTg0MzY=","https://www.facebook.com/ilham.ajo.37604/posts/pfbid0TFGrxdF3Zmto1oWba8944rM6sP9agZ1k4soqjmqjjNws1rjfES4GmAGrNJeBZCDml","1","200476579818147","false",,,,,,"Waktunya Kita Gasken
Jagung Manis ROMANZA F1 Cap Bintang Asia Produksi dari PT Benih Citra Asia 
Buah Super Gede
Rasa Super Manis
Produksi Hasil Tinggi 
Lebih Panjang, Lebih Besar, Lebih Manis...
SEMUA ORANG @sorotan  Mhd Arpi 
.
.","pfbid0NUyNTsmEnrugAESscjJKnobriKupZn2WmHXnTqp8WzaCPnKyqQkk6rX7WVAPq3CDl","Il Dan Al","https://scontent.fmgf12-1.fna.fbcdn.net/v/t39.30808-1/419632526_1132375114806637_9179191960413534651_n.jpg?stp=cp0_dst-jpg_s32x32&_nc_cat=108&ccb=1-7&_nc_sid=0ecb9b&_nc_ohc=fwJvGPRcGvwQ7kNvgF7hxIf&_nc_ht=scontent.fmgf12-1.fna&oh=00_AYBeKdGh_KnqHAjLQ52jA3Q6KwLfmjoV013ODZcnP8SWGA&oe=66F83439","https://www.facebook.com/ildan.al.35",,"Jadi artis lah Adek akk tu Yo il😅😅","0"
"https://www.facebook.com/ilham.ajo.37604/posts/pfbid0TFGrxdF3Zmto1oWba8944rM6sP9agZ1k4soqjmqjjNws1rjfES4GmAGrNJeBZCDml?comment_id=1235910507748075&reply_comment_id=507134302272766",,"2024-09-23T14:40:28.000Z","2317617618581349","https://www.facebook.com/ilham.ajo.37604/posts/pfbid0TFGrxdF3Zmto1oWba8944rM6sP9agZ1k4soqjmqjjNws1rjfES4GmAGrNJeBZCDml","ZmVlZGJhY2s6MjMxNzYxNzYxODU4MTM0OV81MDcxMzQzMDIyNzI3NjY=","Y29tbWVudDoyMzE3NjE3NjE4NTgxMzQ5XzUwNzEzNDMwMjI3Mjc2Ng==","https://www.facebook.com/ilham.ajo.37604/posts/pfbid0TFGrxdF3Zmto1oWba8944rM6sP9agZ1k4soqjmqjjNws1rjfES4GmAGrNJeBZCDml","0","200476579818147","false","User","100004825651478","NiZar Bintang Asia","NiZar","Y29tbWVudDoyMzE3NjE3NjE4NTgxMzQ5XzEyMzU5MTA1MDc3NDgwNzU=","Waktunya Kita Gasken
Jagung Manis ROMANZA F1 Cap Bintang Asia Produksi dari PT Benih Citra Asia 
Buah Super Gede
Rasa Super Manis
Produksi Hasil Tinggi 
Lebih Panjang, Lebih Besar, Lebih Manis...
SEMUA ORANG @sorotan  Mhd Arpi 
.
.","100009994003233","Ilham Bintang Asia","https://scontent-iad3-2.xx.fbcdn.net/v/t39.30808-1/349801600_780566773437800_6977822504580595866_n.jpg?stp=cp0_dst-jpg_s32x32&_nc_cat=100&ccb=1-7&_nc_sid=50d2ac&_nc_ohc=o4m4k4-d2BgQ7kNvgF8FxO_&_nc_ht=scontent-iad3-2.xx&_nc_gid=A0HR7PX-kUQfp3YlluKR3o1&oh=00_AYDTN9830IST-qaYIRCFzxHP5xbfz-Vb6bAKzw1MPNklvA&oe=66F81DFB","https://www.facebook.com/ilham.ajo.37604","Y29tbWVudDoyMzE3NjE3NjE4NTgxMzQ5XzEyMzU5MTA1MDc3NDgwNzU=","NiZar Bintang Asia Berapiiii🔥🔥🔥","1"
"https://www.facebook.com/ilham.ajo.37604/posts/pfbid0TFGrxdF3Zmto1oWba8944rM6sP9agZ1k4soqjmqjjNws1rjfES4GmAGrNJeBZCDml?comment_id=2044618582640374&reply_comment_id=441739118336946",,"2024-09-23T14:38:05.000Z","2317617618581349","https://www.facebook.com/ilham.ajo.37604/posts/pfbid0TFGrxdF3Zmto1oWba8944rM6sP9agZ1k4soqjmqjjNws1rjfES4GmAGrNJeBZCDml","ZmVlZGJhY2s6MjMxNzYxNzYxODU4MTM0OV80NDE3MzkxMTgzMzY5NDY=","Y29tbWVudDoyMzE3NjE3NjE4NTgxMzQ5XzQ0MTczOTExODMzNjk0Ng==","https://www.facebook.com/ilham.ajo.37604/posts/pfbid0TFGrxdF3Zmto1oWba8944rM6sP9agZ1k4soqjmqjjNws1rjfES4GmAGrNJeBZCDml","0","200476579818147","false","User","100007578522755","Renzy Bintangasia","Renzy","Y29tbWVudDoyMzE3NjE3NjE4NTgxMzQ5XzIwNDQ2MTg1ODI2NDAzNzQ=","Waktunya Kita Gasken
Jagung Manis ROMANZA F1 Cap Bintang Asia Produksi dari PT Benih Citra Asia 
Buah Super Gede
Rasa Super Manis
Produksi Hasil Tinggi 
Lebih Panjang, Lebih Besar, Lebih Manis...
SEMUA ORANG @sorotan  Mhd Arpi 
.
.","100009994003233","Ilham Bintang Asia","https://scontent-mia3-1.xx.fbcdn.net/v/t39.30808-1/349801600_780566773437800_6977822504580595866_n.jpg?stp=cp0_dst-jpg_s32x32&_nc_cat=100&ccb=1-7&_nc_sid=50d2ac&_nc_ohc=o4m4k4-d2BgQ7kNvgEbJdFg&_nc_ht=scontent-mia3-1.xx&oh=00_AYCrrIh223oJqI8r824cI4Cp7rFQvqVM0FiLf06iUekvBw&oe=66F81DFB","https://www.facebook.com/ilham.ajo.37604","Y29tbWVudDoyMzE3NjE3NjE4NTgxMzQ5XzIwNDQ2MTg1ODI2NDAzNzQ=","Renzy Bintangasia Josss pokok e Romanza","1"
"https://www.facebook.com/ilham.ajo.37604/posts/pfbid0TFGrxdF3Zmto1oWba8944rM6sP9agZ1k4soqjmqjjNws1rjfES4GmAGrNJeBZCDml?comment_id=539222712022771&reply_comment_id=1275485306798864",,"2024-09-23T14:37:37.000Z","2317617618581349","https://www.facebook.com/ilham.ajo.37604/posts/pfbid0TFGrxdF3Zmto1oWba8944rM6sP9agZ1k4soqjmqjjNws1rjfES4GmAGrNJeBZCDml","ZmVlZGJhY2s6MjMxNzYxNzYxODU4MTM0OV8xMjc1NDg1MzA2Nzk4ODY0","Y29tbWVudDoyMzE3NjE3NjE4NTgxMzQ5XzEyNzU0ODUzMDY3OTg4NjQ=","https://www.facebook.com/ilham.ajo.37604/posts/pfbid0TFGrxdF3Zmto1oWba8944rM6sP9agZ1k4soqjmqjjNws1rjfES4GmAGrNJeBZCDml","0","200476579818147","false","User","100014406039341","Hileud Melon","Hileud","Y29tbWVudDoyMzE3NjE3NjE4NTgxMzQ5XzUzOTIyMjcxMjAyMjc3MQ==","Waktunya Kita Gasken
Jagung Manis ROMANZA F1 Cap Bintang Asia Produksi dari PT Benih Citra Asia 
Buah Super Gede
Rasa Super Manis
Produksi Hasil Tinggi 
Lebih Panjang, Lebih Besar, Lebih Manis...
SEMUA ORANG @sorotan  Mhd Arpi 
.
.","100009994003233","Ilham Bintang Asia","https://scontent.fyxd1-1.fna.fbcdn.net/v/t39.30808-1/349801600_780566773437800_6977822504580595866_n.jpg?stp=cp0_dst-jpg_s32x32&_nc_cat=100&ccb=1-7&_nc_sid=50d2ac&_nc_ohc=o4m4k4-d2BgQ7kNvgGxrnaN&_nc_ht=scontent.fyxd1-1.fna&oh=00_AYDcLkk9d7QdcZJsns6QbSZsYbrgthhmXZd-k5yGF4oxHg&oe=66F81DFB","https://www.facebook.com/ilham.ajo.37604","Y29tbWVudDoyMzE3NjE3NjE4NTgxMzQ5XzUzOTIyMjcxMjAyMjc3MQ==","Hileud Melon Siappp, kirim Kontener Om..","1"
"https://www.facebook.com/ilham.ajo.37604/posts/pfbid0TFGrxdF3Zmto1oWba8944rM6sP9agZ1k4soqjmqjjNws1rjfES4GmAGrNJeBZCDml?comment_id=1034337154853612&reply_comment_id=497670023074091",,"2024-09-23T14:39:24.000Z","2317617618581349","https://www.facebook.com/ilham.ajo.37604/posts/pfbid0TFGrxdF3Zmto1oWba8944rM6sP9agZ1k4soqjmqjjNws1rjfES4GmAGrNJeBZCDml","ZmVlZGJhY2s6MjMxNzYxNzYxODU4MTM0OV80OTc2NzAwMjMwNzQwOTE=","Y29tbWVudDoyMzE3NjE3NjE4NTgxMzQ5XzQ5NzY3MDAyMzA3NDA5MQ==","https://www.facebook.com/ilham.ajo.37604/posts/pfbid0TFGrxdF3Zmto1oWba8944rM6sP9agZ1k4soqjmqjjNws1rjfES4GmAGrNJeBZCDml","0","200476579818147","false","User","100000252734154","Sutarman Ar Rasyid","Sutarman","Y29tbWVudDoyMzE3NjE3NjE4NTgxMzQ5XzEwMzQzMzcxNTQ4NTM2MTI=","Waktunya Kita Gasken
Jagung Manis ROMANZA F1 Cap Bintang Asia Produksi dari PT Benih Citra Asia 
Buah Super Gede
Rasa Super Manis
Produksi Hasil Tinggi 
Lebih Panjang, Lebih Besar, Lebih Manis...
SEMUA ORANG @sorotan  Mhd Arpi 
.
.","100009994003233","Ilham Bintang Asia","https://scontent-dfw5-2.xx.fbcdn.net/v/t39.30808-1/349801600_780566773437800_6977822504580595866_n.jpg?stp=cp0_dst-jpg_s32x32&_nc_cat=100&ccb=1-7&_nc_sid=50d2ac&_nc_ohc=o4m4k4-d2BgQ7kNvgGAz2kN&_nc_ht=scontent-dfw5-2.xx&_nc_gid=AIaNRztRpMGa9TMCWkQxRZk&oh=00_AYD7FvPA5aiJiaxRfBCSxbq_WGagEBxQyQpLX5Fgsm1lcA&oe=66F81DFB","https://www.facebook.com/ilham.ajo.37604","Y29tbWVudDoyMzE3NjE3NjE4NTgxMzQ5XzEwMzQzMzcxNTQ4NTM2MTI=","Sutarman Ar Rasyid Selooww, Menyala nak ikii😀🔥","1"
"https://www.facebook.com/ilham.ajo.37604/posts/pfbid0TFGrxdF3Zmto1oWba8944rM6sP9agZ1k4soqjmqjjNws1rjfES4GmAGrNJeBZCDml?comment_id=1230115338439242&reply_comment_id=883253677065102",,"2024-09-24T03:12:18.000Z","2317617618581349","https://www.facebook.com/ilham.ajo.37604/posts/pfbid0TFGrxdF3Zmto1oWba8944rM6sP9agZ1k4soqjmqjjNws1rjfES4GmAGrNJeBZCDml","ZmVlZGJhY2s6MjMxNzYxNzYxODU4MTM0OV84ODMyNTM2NzcwNjUxMDI=","Y29tbWVudDoyMzE3NjE3NjE4NTgxMzQ5Xzg4MzI1MzY3NzA2NTEwMg==","https://www.facebook.com/ilham.ajo.37604/posts/pfbid0TFGrxdF3Zmto1oWba8944rM6sP9agZ1k4soqjmqjjNws1rjfES4GmAGrNJeBZCDml","1","200476579818147","false","User","100006759276024","Kopi Susu","Kopi","Y29tbWVudDoyMzE3NjE3NjE4NTgxMzQ5XzEyMzAxMTUzMzg0MzkyNDI=","Waktunya Kita Gasken
Jagung Manis ROMANZA F1 Cap Bintang Asia Produksi dari PT Benih Citra Asia 
Buah Super Gede
Rasa Super Manis
Produksi Hasil Tinggi 
Lebih Panjang, Lebih Besar, Lebih Manis...
SEMUA ORANG @sorotan  Mhd Arpi 
.
.","100009994003233","Ilham Bintang Asia","https://scontent.flko13-1.fna.fbcdn.net/v/t39.30808-1/349801600_780566773437800_6977822504580595866_n.jpg?stp=cp0_dst-jpg_s32x32&_nc_cat=100&ccb=1-7&_nc_sid=50d2ac&_nc_ohc=o4m4k4-d2BgQ7kNvgH_-9IJ&_nc_ht=scontent.flko13-1.fna&oh=00_AYBmIFrWn98kWHzyuk4OIsKcG9bkhrwD2SQdBk7BhlvuzA&oe=66F81DFB","https://www.facebook.com/ilham.ajo.37604","Y29tbWVudDoyMzE3NjE3NjE4NTgxMzQ5XzEyMzAxMTUzMzg0MzkyNDI=","Kopi Susu Siapp Pak Boskuuu, Membara🔥🔥🔥","1"
"https://www.facebook.com/ilham.ajo.37604/posts/pfbid0TFGrxdF3Zmto1oWba8944rM6sP9agZ1k4soqjmqjjNws1rjfES4GmAGrNJeBZCDml?comment_id=1207928420258436&reply_comment_id=1456058702463042","2","2024-09-23T14:40:05.000Z","2317617618581349","https://www.facebook.com/ilham.ajo.37604/posts/pfbid0TFGrxdF3Zmto1oWba8944rM6sP9agZ1k4soqjmqjjNws1rjfES4GmAGrNJeBZCDml","ZmVlZGJhY2s6MjMxNzYxNzYxODU4MTM0OV8xNDU2MDU4NzAyNDYzMDQy","Y29tbWVudDoyMzE3NjE3NjE4NTgxMzQ5XzE0NTYwNTg3MDI0NjMwNDI=","https://www.facebook.com/ilham.ajo.37604/posts/pfbid0TFGrxdF3Zmto1oWba8944rM6sP9agZ1k4soqjmqjjNws1rjfES4GmAGrNJeBZCDml","1","200476579818147","false","User","pfbid0NUyNTsmEnrugAESscjJKnobriKupZn2WmHXnTqp8WzaCPnKyqQkk6rX7WVAPq3CDl","Il Dan Al","Il Dan","Y29tbWVudDoyMzE3NjE3NjE4NTgxMzQ5XzEyMDc5Mjg0MjAyNTg0MzY=","Waktunya Kita Gasken
Jagung Manis ROMANZA F1 Cap Bintang Asia Produksi dari PT Benih Citra Asia 
Buah Super Gede
Rasa Super Manis
Produksi Hasil Tinggi 
Lebih Panjang, Lebih Besar, Lebih Manis...
SEMUA ORANG @sorotan  Mhd Arpi 
.
.","100009994003233","Ilham Bintang Asia","https://scontent-dfw5-2.xx.fbcdn.net/v/t39.30808-1/349801600_780566773437800_6977822504580595866_n.jpg?stp=cp0_dst-jpg_s32x32&_nc_cat=100&ccb=1-7&_nc_sid=50d2ac&_nc_ohc=o4m4k4-d2BgQ7kNvgEU71Va&_nc_ht=scontent-dfw5-2.xx&_nc_gid=A0n9QQuAMslIIL-9HKpnHYI&oh=00_AYBlOgY_7Bh1anTEqbVqh6YH4UBf6RYaH4TPk6FKXA1q7A&oe=66F81DFB","https://www.facebook.com/ilham.ajo.37604","Y29tbWVudDoyMzE3NjE3NjE4NTgxMzQ5XzEyMDc5Mjg0MjAyNTg0MzY=","Il Dan Al Udah SE Indonesia itu Poto nyo kak 😀
Keluar nnti kalender 2025😀","1"
"https://www.facebook.com/ilham.ajo.37604/posts/pfbid0TFGrxdF3Zmto1oWba8944rM6sP9agZ1k4soqjmqjjNws1rjfES4GmAGrNJeBZCDml?comment_id=1207928420258436&reply_comment_id=1049065060191019",,"2024-09-23T15:42:43.000Z","2317617618581349","https://www.facebook.com/ilham.ajo.37604/posts/pfbid0TFGrxdF3Zmto1oWba8944rM6sP9agZ1k4soqjmqjjNws1rjfES4GmAGrNJeBZCDml","ZmVlZGJhY2s6MjMxNzYxNzYxODU4MTM0OV8xMDQ5MDY1MDYwMTkxMDE5","Y29tbWVudDoyMzE3NjE3NjE4NTgxMzQ5XzEwNDkwNjUwNjAxOTEwMTk=","https://www.facebook.com/ilham.ajo.37604/posts/pfbid0TFGrxdF3Zmto1oWba8944rM6sP9agZ1k4soqjmqjjNws1rjfES4GmAGrNJeBZCDml","1","200476579818147","false","User","pfbid0NUyNTsmEnrugAESscjJKnobriKupZn2WmHXnTqp8WzaCPnKyqQkk6rX7WVAPq3CDl","Il Dan Al","Il Dan","Y29tbWVudDoyMzE3NjE3NjE4NTgxMzQ5XzEyMDc5Mjg0MjAyNTg0MzY=","Waktunya Kita Gasken
Jagung Manis ROMANZA F1 Cap Bintang Asia Produksi dari PT Benih Citra Asia 
Buah Super Gede
Rasa Super Manis
Produksi Hasil Tinggi 
Lebih Panjang, Lebih Besar, Lebih Manis...
SEMUA ORANG @sorotan  Mhd Arpi 
.
.","pfbid02Mx4jfJGrdasEou9cPeVawdUxv5NCaWzPJEokmhbxMK74Sxs5ofzNYRJ6oq3cSy3Hl","Mhd Arpi","https://scontent-dfw5-1.xx.fbcdn.net/v/t39.30808-1/379473145_1067753407737917_1556965108746439272_n.jpg?stp=c0.120.720.720a_cp0_dst-jpg_s32x32&_nc_cat=101&ccb=1-7&_nc_sid=0ecb9b&_nc_ohc=hyxVy8FvARYQ7kNvgHL5XSB&_nc_ht=scontent-dfw5-1.xx&_nc_gid=A0n9QQuAMslIIL-9HKpnHYI&oh=00_AYDB0AFifmBpEi2n56YW-CslANcuxxM6ApLFGyi9tWXSHg&oe=66F83221","https://www.facebook.com/mhd.arpi.1","Y29tbWVudDoyMzE3NjE3NjE4NTgxMzQ5XzEyMDc5Mjg0MjAyNTg0MzY=","Ilham Bintang Asia aiy motan tu il...","2"
"https://www.facebook.com/ilham.ajo.37604/posts/pfbid0TFGrxdF3Zmto1oWba8944rM6sP9agZ1k4soqjmqjjNws1rjfES4GmAGrNJeBZCDml?comment_id=1207928420258436&reply_comment_id=1620989725499861",,"2024-09-23T15:49:29.000Z","2317617618581349","https://www.facebook.com/ilham.ajo.37604/posts/pfbid0TFGrxdF3Zmto1oWba8944rM6sP9agZ1k4soqjmqjjNws1rjfES4GmAGrNJeBZCDml","ZmVlZGJhY2s6MjMxNzYxNzYxODU4MTM0OV8xNjIwOTg5NzI1NDk5ODYx","Y29tbWVudDoyMzE3NjE3NjE4NTgxMzQ5XzE2MjA5ODk3MjU0OTk4NjE=","https://www.facebook.com/ilham.ajo.37604/posts/pfbid0TFGrxdF3Zmto1oWba8944rM6sP9agZ1k4soqjmqjjNws1rjfES4GmAGrNJeBZCDml","0","200476579818147","false","User","pfbid0NUyNTsmEnrugAESscjJKnobriKupZn2WmHXnTqp8WzaCPnKyqQkk6rX7WVAPq3CDl","Il Dan Al","Il Dan","Y29tbWVudDoyMzE3NjE3NjE4NTgxMzQ5XzEyMDc5Mjg0MjAyNTg0MzY=","Waktunya Kita Gasken
Jagung Manis ROMANZA F1 Cap Bintang Asia Produksi dari PT Benih Citra Asia 
Buah Super Gede
Rasa Super Manis
Produksi Hasil Tinggi 
Lebih Panjang, Lebih Besar, Lebih Manis...
SEMUA ORANG @sorotan  Mhd Arpi 
.
.","100009994003233","Ilham Bintang Asia","https://scontent-dfw5-2.xx.fbcdn.net/v/t39.30808-1/349801600_780566773437800_6977822504580595866_n.jpg?stp=cp0_dst-jpg_s32x32&_nc_cat=100&ccb=1-7&_nc_sid=50d2ac&_nc_ohc=o4m4k4-d2BgQ7kNvgEU71Va&_nc_ht=scontent-dfw5-2.xx&_nc_gid=A0n9QQuAMslIIL-9HKpnHYI&oh=00_AYBlOgY_7Bh1anTEqbVqh6YH4UBf6RYaH4TPk6FKXA1q7A&oe=66F81DFB","https://www.facebook.com/ilham.ajo.37604","Y29tbWVudDoyMzE3NjE3NjE4NTgxMzQ5XzEyMDc5Mjg0MjAyNTg0MzY=","Mhd Arpi Iyooohh, Tunggu ajo kojab Lagii..😀","2"
"https://www.facebook.com/ilham.ajo.37604/posts/pfbid0TFGrxdF3Zmto1oWba8944rM6sP9agZ1k4soqjmqjjNws1rjfES4GmAGrNJeBZCDml?comment_id=1207928420258436&reply_comment_id=400684123054059","1","2024-09-23T15:51:52.000Z","2317617618581349","https://www.facebook.com/ilham.ajo.37604/posts/pfbid0TFGrxdF3Zmto1oWba8944rM6sP9agZ1k4soqjmqjjNws1rjfES4GmAGrNJeBZCDml","ZmVlZGJhY2s6MjMxNzYxNzYxODU4MTM0OV80MDA2ODQxMjMwNTQwNTk=","Y29tbWVudDoyMzE3NjE3NjE4NTgxMzQ5XzQwMDY4NDEyMzA1NDA1OQ==","https://www.facebook.com/ilham.ajo.37604/posts/pfbid0TFGrxdF3Zmto1oWba8944rM6sP9agZ1k4soqjmqjjNws1rjfES4GmAGrNJeBZCDml","1","200476579818147","false","User","pfbid0NUyNTsmEnrugAESscjJKnobriKupZn2WmHXnTqp8WzaCPnKyqQkk6rX7WVAPq3CDl","Il Dan Al","Il Dan","Y29tbWVudDoyMzE3NjE3NjE4NTgxMzQ5XzEyMDc5Mjg0MjAyNTg0MzY=","Waktunya Kita Gasken
Jagung Manis ROMANZA F1 Cap Bintang Asia Produksi dari PT Benih Citra Asia 
Buah Super Gede
Rasa Super Manis
Produksi Hasil Tinggi 
Lebih Panjang, Lebih Besar, Lebih Manis...
SEMUA ORANG @sorotan  Mhd Arpi 
.
.","pfbid02Mx4jfJGrdasEou9cPeVawdUxv5NCaWzPJEokmhbxMK74Sxs5ofzNYRJ6oq3cSy3Hl","Mhd Arpi","https://scontent-dfw5-1.xx.fbcdn.net/v/t39.30808-1/379473145_1067753407737917_1556965108746439272_n.jpg?stp=c0.120.720.720a_cp0_dst-jpg_s32x32&_nc_cat=101&ccb=1-7&_nc_sid=0ecb9b&_nc_ohc=hyxVy8FvARYQ7kNvgHL5XSB&_nc_ht=scontent-dfw5-1.xx&_nc_gid=A0n9QQuAMslIIL-9HKpnHYI&oh=00_AYDB0AFifmBpEi2n56YW-CslANcuxxM6ApLFGyi9tWXSHg&oe=66F83221","https://www.facebook.com/mhd.arpi.1","Y29tbWVudDoyMzE3NjE3NjE4NTgxMzQ5XzEyMDc5Mjg0MjAyNTg0MzY=","Adoi il.. mantap la","1"
"https://www.facebook.com/ilham.ajo.37604/posts/pfbid0TFGrxdF3Zmto1oWba8944rM6sP9agZ1k4soqjmqjjNws1rjfES4GmAGrNJeBZCDml?comment_id=1207928420258436&reply_comment_id=8663530470377769",,"2024-09-24T03:13:05.000Z","2317617618581349","https://www.facebook.com/ilham.ajo.37604/posts/pfbid0TFGrxdF3Zmto1oWba8944rM6sP9agZ1k4soqjmqjjNws1rjfES4GmAGrNJeBZCDml","ZmVlZGJhY2s6MjMxNzYxNzYxODU4MTM0OV84NjYzNTMwNDcwMzc3NzY5","Y29tbWVudDoyMzE3NjE3NjE4NTgxMzQ5Xzg2NjM1MzA0NzAzNzc3Njk=","https://www.facebook.com/ilham.ajo.37604/posts/pfbid0TFGrxdF3Zmto1oWba8944rM6sP9agZ1k4soqjmqjjNws1rjfES4GmAGrNJeBZCDml","0","200476579818147","false","User","pfbid0NUyNTsmEnrugAESscjJKnobriKupZn2WmHXnTqp8WzaCPnKyqQkk6rX7WVAPq3CDl","Il Dan Al","Il Dan","Y29tbWVudDoyMzE3NjE3NjE4NTgxMzQ5XzEyMDc5Mjg0MjAyNTg0MzY=","Waktunya Kita Gasken
Jagung Manis ROMANZA F1 Cap Bintang Asia Produksi dari PT Benih Citra Asia 
Buah Super Gede
Rasa Super Manis
Produksi Hasil Tinggi 
Lebih Panjang, Lebih Besar, Lebih Manis...
SEMUA ORANG @sorotan  Mhd Arpi 
.
.","100009994003233","Ilham Bintang Asia","https://scontent-dfw5-2.xx.fbcdn.net/v/t39.30808-1/349801600_780566773437800_6977822504580595866_n.jpg?stp=cp0_dst-jpg_s32x32&_nc_cat=100&ccb=1-7&_nc_sid=50d2ac&_nc_ohc=o4m4k4-d2BgQ7kNvgEU71Va&_nc_ht=scontent-dfw5-2.xx&_nc_gid=A0n9QQuAMslIIL-9HKpnHYI&oh=00_AYBlOgY_7Bh1anTEqbVqh6YH4UBf6RYaH4TPk6FKXA1q7A&oe=66F81DFB","https://www.facebook.com/ilham.ajo.37604","Y29tbWVudDoyMzE3NjE3NjE4NTgxMzQ5XzEyMDc5Mjg0MjAyNTg0MzY=","Mhd Arpi Gasss Teruss Jagung Manis ROMANZA F1 😀😀😀","2"
