﻿"channelAvatarUrl","channelBannerUrl","channelDescription","channelDescriptionLinks/0/text","channelDescriptionLinks/0/url","channelDescriptionLinks/1/text","channelDescriptionLinks/1/url","channelId","channelJoinedDate","channelLocation","channelName","channelTotalVideos","channelTotalViews","channelUrl","comments","commentsCount","commentsTurnedOff","date","descriptionLinks","duration","fromYTUrl","id","input","inputChannelUrl","isAgeRestricted","isChannelVerified","isMonetized","likes","location","note","numberOfSubscribers","order","subtitles","text","thumbnailUrl","title","type","url","viewCount"
,,,,,,,,,,,,,,,,,,,,,,"https://www.youtube.com/@samiseedsindonesia3973",,,,,,,"The channel has no live videos.",,,,,,,,"https://www.youtube.com/@samiseedsindonesia3973/about",
"https://yt3.googleusercontent.com/WcpeBYoEsRlv1bP07uBaL1u3aj1MO4te5gRrSMkNQPYGFTvnm1IdAWOlYA_ZKjEYgcHc6H0eiA=s160-c-k-c0x00ffffff-no-rj","https://yt3.googleusercontent.com/3hw2eIdbhtTiULF8F5klePyioQiV6cDoITo12lUAE0Nzza7vHk1PqkUzyfBCWcF_qDB0KZtj=w2560-fcrop64=1,00005a57ffffa5a8-k-c0xffffffff-no-nd-rj","This channel provides information about the cultivation of food crops and horticulture, plantation livestock, seeds and hybrid seeds. Tells about the success story of farmers. Thank you, don't forget to subscribe to likes and comments to get the latest notifications.

Terima kasih sahabat petani Indonesia sudah mampir ke canel saya. Jangan lupa subscribe.like dan share Untuk mendapatkan notifikasi terbaru dari saya.","Instagram ","https://www.instagram.com/","Bintang asia ","https://benihcitraasia.co.id/?fbclid=PAAaaE2rkzKftXVZCX_GIzGV9LI58Vt02Dr2wT0pQ4NS9flaYsX36vN37Ro4U","UChaCZ2AfddAv9DAW-Fe53Mg","Mar 13, 2019","Indonesia","sami seeds Bintang asia","340","232012","https://www.youtube.com/channel/UChaCZ2AfddAv9DAW-Fe53Mg",,"8","false","2024-09-13T11:04:46.000Z",,"00:13:03","https://www.youtube.com/@samiseedsindonesia3973/videos","kAA__hMX_wk",,"https://www.youtube.com/@samiseedsindonesia3973","false","false",,"4","SUMATERA BARAT",,"1130",,,"","https://i.ytimg.com/vi/kAA__hMX_wk/hqdefault.jpg","Reviuw dan spill cabai keriting!!! CMK TAVI🌶","video","https://www.youtube.com/watch?v=kAA__hMX_wk","61"
"https://yt3.googleusercontent.com/WcpeBYoEsRlv1bP07uBaL1u3aj1MO4te5gRrSMkNQPYGFTvnm1IdAWOlYA_ZKjEYgcHc6H0eiA=s160-c-k-c0x00ffffff-no-rj","https://yt3.googleusercontent.com/3hw2eIdbhtTiULF8F5klePyioQiV6cDoITo12lUAE0Nzza7vHk1PqkUzyfBCWcF_qDB0KZtj=w2560-fcrop64=1,00005a57ffffa5a8-k-c0xffffffff-no-nd-rj","This channel provides information about the cultivation of food crops and horticulture, plantation livestock, seeds and hybrid seeds. Tells about the success story of farmers. Thank you, don't forget to subscribe to likes and comments to get the latest notifications.

Terima kasih sahabat petani Indonesia sudah mampir ke canel saya. Jangan lupa subscribe.like dan share Untuk mendapatkan notifikasi terbaru dari saya.","Instagram ","https://www.instagram.com/","Bintang asia ","https://benihcitraasia.co.id/?fbclid=PAAaaE2rkzKftXVZCX_GIzGV9LI58Vt02Dr2wT0pQ4NS9flaYsX36vN37Ro4U","UChaCZ2AfddAv9DAW-Fe53Mg","Mar 13, 2019","Indonesia","sami seeds Bintang asia","340","232012","https://www.youtube.com/channel/UChaCZ2AfddAv9DAW-Fe53Mg",,"9","false","2024-09-14T08:37:04.000Z",,"00:07:06","https://www.youtube.com/@samiseedsindonesia3973/videos","ZqzYDcDDI3Q",,"https://www.youtube.com/@samiseedsindonesia3973","false","false",,"8","SUMATERA BARAT",,"1130",,,"","https://i.ytimg.com/vi/ZqzYDcDDI3Q/hqdefault.jpg","CARA MEMBEDAKAN BENIH ASLI VS BENIH PALSU PRODUK BINTANG ASIA","video","https://www.youtube.com/watch?v=ZqzYDcDDI3Q","88"
"https://yt3.googleusercontent.com/WcpeBYoEsRlv1bP07uBaL1u3aj1MO4te5gRrSMkNQPYGFTvnm1IdAWOlYA_ZKjEYgcHc6H0eiA=s160-c-k-c0x00ffffff-no-rj","https://yt3.googleusercontent.com/3hw2eIdbhtTiULF8F5klePyioQiV6cDoITo12lUAE0Nzza7vHk1PqkUzyfBCWcF_qDB0KZtj=w2560-fcrop64=1,00005a57ffffa5a8-k-c0xffffffff-no-nd-rj","This channel provides information about the cultivation of food crops and horticulture, plantation livestock, seeds and hybrid seeds. Tells about the success story of farmers. Thank you, don't forget to subscribe to likes and comments to get the latest notifications.

Terima kasih sahabat petani Indonesia sudah mampir ke canel saya. Jangan lupa subscribe.like dan share Untuk mendapatkan notifikasi terbaru dari saya.","Instagram ","https://www.instagram.com/","Bintang asia ","https://benihcitraasia.co.id/?fbclid=PAAaaE2rkzKftXVZCX_GIzGV9LI58Vt02Dr2wT0pQ4NS9flaYsX36vN37Ro4U","UChaCZ2AfddAv9DAW-Fe53Mg","Mar 13, 2019","Indonesia","sami seeds Bintang asia","340","232012","https://www.youtube.com/channel/UChaCZ2AfddAv9DAW-Fe53Mg",,"2","false","2024-09-15T01:43:29.000Z",,"00:07:48","https://www.youtube.com/@samiseedsindonesia3973/videos","1eiiXLnuW-0",,"https://www.youtube.com/@samiseedsindonesia3973","false","false",,"5","SUMATERA BARAT",,"1130",,,"","https://i.ytimg.com/vi/1eiiXLnuW-0/hqdefault.jpg","PINDAH TANAM SEMANGKA 🍉SERI F1 DAN MELON 🍈 JUMBO F1","video","https://www.youtube.com/watch?v=1eiiXLnuW-0","254"
"https://yt3.googleusercontent.com/WcpeBYoEsRlv1bP07uBaL1u3aj1MO4te5gRrSMkNQPYGFTvnm1IdAWOlYA_ZKjEYgcHc6H0eiA=s160-c-k-c0x00ffffff-no-rj","https://yt3.googleusercontent.com/3hw2eIdbhtTiULF8F5klePyioQiV6cDoITo12lUAE0Nzza7vHk1PqkUzyfBCWcF_qDB0KZtj=w2560-fcrop64=1,00005a57ffffa5a8-k-c0xffffffff-no-nd-rj","This channel provides information about the cultivation of food crops and horticulture, plantation livestock, seeds and hybrid seeds. Tells about the success story of farmers. Thank you, don't forget to subscribe to likes and comments to get the latest notifications.

Terima kasih sahabat petani Indonesia sudah mampir ke canel saya. Jangan lupa subscribe.like dan share Untuk mendapatkan notifikasi terbaru dari saya.","Instagram ","https://www.instagram.com/","Bintang asia ","https://benihcitraasia.co.id/?fbclid=PAAaaE2rkzKftXVZCX_GIzGV9LI58Vt02Dr2wT0pQ4NS9flaYsX36vN37Ro4U","UChaCZ2AfddAv9DAW-Fe53Mg","Mar 13, 2019","Indonesia","sami seeds Bintang asia","340","232012","https://www.youtube.com/channel/UChaCZ2AfddAv9DAW-Fe53Mg",,"5","false","2024-09-17T13:50:19.000Z",,"00:07:25","https://www.youtube.com/@samiseedsindonesia3973/videos","AINp6mZApfk",,"https://www.youtube.com/@samiseedsindonesia3973","false","false",,"7","SUMATERA BARAT",,"1130",,,"","https://i.ytimg.com/vi/AINp6mZApfk/hqdefault.jpg","PANEN TERONG RONGGO DAN REZA 🍆!!! BINTANG ASIA.HARGA 5.000 PETANI MASIH UNTUNG","video","https://www.youtube.com/watch?v=AINp6mZApfk","85"
"https://yt3.googleusercontent.com/WcpeBYoEsRlv1bP07uBaL1u3aj1MO4te5gRrSMkNQPYGFTvnm1IdAWOlYA_ZKjEYgcHc6H0eiA=s160-c-k-c0x00ffffff-no-rj","https://yt3.googleusercontent.com/3hw2eIdbhtTiULF8F5klePyioQiV6cDoITo12lUAE0Nzza7vHk1PqkUzyfBCWcF_qDB0KZtj=w2560-fcrop64=1,00005a57ffffa5a8-k-c0xffffffff-no-nd-rj","This channel provides information about the cultivation of food crops and horticulture, plantation livestock, seeds and hybrid seeds. Tells about the success story of farmers. Thank you, don't forget to subscribe to likes and comments to get the latest notifications.

Terima kasih sahabat petani Indonesia sudah mampir ke canel saya. Jangan lupa subscribe.like dan share Untuk mendapatkan notifikasi terbaru dari saya.","Instagram ","https://www.instagram.com/","Bintang asia ","https://benihcitraasia.co.id/?fbclid=PAAaaE2rkzKftXVZCX_GIzGV9LI58Vt02Dr2wT0pQ4NS9flaYsX36vN37Ro4U","UChaCZ2AfddAv9DAW-Fe53Mg","Mar 13, 2019","Indonesia","sami seeds Bintang asia","340","232012","https://www.youtube.com/channel/UChaCZ2AfddAv9DAW-Fe53Mg",,"0","false","2024-09-20T11:56:28.000Z",,"00:08:22","https://www.youtube.com/@samiseedsindonesia3973/videos","JcUmrBCl_c8",,"https://www.youtube.com/@samiseedsindonesia3973","false","false",,"2","KABUPATEN SIJUNJUNG",,"1130",,,"","https://i.ytimg.com/vi/JcUmrBCl_c8/hqdefault.jpg","Reviuw tanaman Madrid f1!!! 11 hst penggunaan 3 pupuk kandang sekaligus","video","https://www.youtube.com/watch?v=JcUmrBCl_c8","30"
"https://yt3.googleusercontent.com/WcpeBYoEsRlv1bP07uBaL1u3aj1MO4te5gRrSMkNQPYGFTvnm1IdAWOlYA_ZKjEYgcHc6H0eiA=s160-c-k-c0x00ffffff-no-rj","https://yt3.googleusercontent.com/3hw2eIdbhtTiULF8F5klePyioQiV6cDoITo12lUAE0Nzza7vHk1PqkUzyfBCWcF_qDB0KZtj=w2560-fcrop64=1,00005a57ffffa5a8-k-c0xffffffff-no-nd-rj","This channel provides information about the cultivation of food crops and horticulture, plantation livestock, seeds and hybrid seeds. Tells about the success story of farmers. Thank you, don't forget to subscribe to likes and comments to get the latest notifications.

Terima kasih sahabat petani Indonesia sudah mampir ke canel saya. Jangan lupa subscribe.like dan share Untuk mendapatkan notifikasi terbaru dari saya.","Instagram ","https://www.instagram.com/","Bintang asia ","https://benihcitraasia.co.id/?fbclid=PAAaaE2rkzKftXVZCX_GIzGV9LI58Vt02Dr2wT0pQ4NS9flaYsX36vN37Ro4U","UChaCZ2AfddAv9DAW-Fe53Mg","Mar 13, 2019","Indonesia","sami seeds Bintang asia","340","232012","https://www.youtube.com/channel/UChaCZ2AfddAv9DAW-Fe53Mg",,"0",,"2024-09-21T01:39:04.000Z",,,"https://www.youtube.com/@samiseedsindonesia3973/shorts","OqzGZqPxwIY",,"https://www.youtube.com/@samiseedsindonesia3973","false","false",,"6",,,"1130","0",,,"https://i.ytimg.com/vi/OqzGZqPxwIY/oar2.jpg?sqp=-oaymwEdCJUDENAFSFWQAgHyq4qpAwwIARUAAIhCcAHAAQY=&rs=AOn4CLAHZjWLoWDMJJkl3zfoh0rBfzxJPQ","Timun camri f1 !!! bunga lebat buah banyak","shorts","https://www.youtube.com/shorts/OqzGZqPxwIY","307"
