﻿"attachments/0/__typename","attachments/0/animated_image","attachments/0/animated_image/uri","attachments/0/frame_count","attachments/0/frame_rate","attachments/0/frames_per_column","attachments/0/frames_per_row","attachments/0/id","attachments/0/image/height","attachments/0/image/uri","attachments/0/image/width","attachments/0/label","attachments/0/pack/id","attachments/0/pack/name","attachments/0/sprite_image","attachments/0/sprite_image/uri","commentUrl","comments/0/attachments/0/__typename","comments/0/attachments/0/animated_image/uri","comments/0/attachments/0/frame_count","comments/0/attachments/0/frame_rate","comments/0/attachments/0/frames_per_column","comments/0/attachments/0/frames_per_row","comments/0/attachments/0/id","comments/0/attachments/0/image/height","comments/0/attachments/0/image/uri","comments/0/attachments/0/image/width","comments/0/attachments/0/label","comments/0/attachments/0/pack/id","comments/0/attachments/0/pack/name","comments/0/attachments/0/sprite_image/uri","comments/0/commentUrl","comments/0/date","comments/0/feedbackId","comments/0/id","comments/0/likesCount","comments/0/parentComment/author/__typename","comments/0/parentComment/author/id","comments/0/parentComment/author/name","comments/0/parentComment/author/short_name","comments/0/parentComment/id","comments/0/profileId","comments/0/profileName","comments/0/profilePicture","comments/0/profileUrl","comments/0/replyToCommentId","comments/0/text","comments/0/threadingDepth","commentsCount","date","facebookId","facebookUrl","feedbackId","id","inputUrl","likesCount","pageAdLibrary/id","pageAdLibrary/is_business_page_active","pageAdLibrary/woodhenge_creator_info","parentComment/author/__typename","parentComment/author/id","parentComment/author/name","parentComment/author/short_name","parentComment/id","postTitle","profileId","profileName","profilePicture","profileUrl","replyToCommentId","text","threadingDepth"
,,,,,,,,,,,,,,,,"https://www.facebook.com/nasir.smk2/posts/pfbid02LDp5RRdFasWDQUgusGLrtN7suVXCUw7U7JZHECn748ovqVz62C4GP3Q5gXbr1DGml?comment_id=1181259082930760",,,,,,,,,,,,,,,,,,,,,,,,,,,,,,,,,"2024-09-25T10:51:30.000Z","8444730672252783","https://www.facebook.com/100001478012460/posts/8444730672252783","ZmVlZGJhY2s6ODQ0NDczMDY3MjI1Mjc4M18xMTgxMjU5MDgyOTMwNzYw","Y29tbWVudDo4NDQ0NzMwNjcyMjUyNzgzXzExODEyNTkwODI5MzA3NjA=","https://www.facebook.com/100001478012460/posts/8444730672252783","0","261237703739109","false",,,,,,,"OKASA F1

Rock Melon cantaloupe hibrida.
Bentuk buah : bulat oval.
Warna daging : oranye,
Berat buah : ± 3 kg/buah.
Umur panen : ± 60 hst.
Potensi hasil : ± 25 ton/ha.
Adaptasi utama di dataran rendah.
Rasa sangat manis.

#suksesbersamaBintangasia
#melonokasaF1
@sorotan 
pengikut 
Bintang Asia 
Benih Citra Asia","100007578522755","Renzy Bintangasia","https://scontent-iad3-1.xx.fbcdn.net/v/t39.30808-1/426012403_3605728109689771_2277782955804277447_n.jpg?stp=cp0_dst-jpg_s32x32&_nc_cat=104&ccb=1-7&_nc_sid=50d2ac&_nc_ohc=tTmdX3bXLYAQ7kNvgF_hZHN&_nc_ht=scontent-iad3-1.xx&_nc_gid=A3ot64k9hEZjkxifTy1mgvp&oh=00_AYAkeDyijAM1enrh91aSTPMN9hzZDKCbxXB--DBQ-dH7FA&oe=66FD3784","https://www.facebook.com/renzi.prayuda",,"Mantap","0"
,,,,,,,,,,,,,,,,"https://www.facebook.com/nasir.smk2/posts/pfbid02LDp5RRdFasWDQUgusGLrtN7suVXCUw7U7JZHECn748ovqVz62C4GP3Q5gXbr1DGml?comment_id=1077919173680568",,,,,,,,,,,,,,,,,,,,,,,,,,,,,,,,,"2024-09-25T10:36:45.000Z","8444730672252783","https://www.facebook.com/100001478012460/posts/8444730672252783","ZmVlZGJhY2s6ODQ0NDczMDY3MjI1Mjc4M18xMDc3OTE5MTczNjgwNTY4","Y29tbWVudDo4NDQ0NzMwNjcyMjUyNzgzXzEwNzc5MTkxNzM2ODA1Njg=","https://www.facebook.com/100001478012460/posts/8444730672252783","0","261237703739109","false",,,,,,,"OKASA F1

Rock Melon cantaloupe hibrida.
Bentuk buah : bulat oval.
Warna daging : oranye,
Berat buah : ± 3 kg/buah.
Umur panen : ± 60 hst.
Potensi hasil : ± 25 ton/ha.
Adaptasi utama di dataran rendah.
Rasa sangat manis.

#suksesbersamaBintangasia
#melonokasaF1
@sorotan 
pengikut 
Bintang Asia 
Benih Citra Asia","pfbid0WAmeFLnmbMAQW6Ak6HUVYCF4TLuHQ1EooWx8UBiwUBSzwiYXsrSxdkcpcdHV1rvHl","Fany Sigit Putra Pratama","https://scontent-iad3-2.xx.fbcdn.net/v/t39.30808-1/460844118_1055284069646724_4492061169597901075_n.jpg?stp=cp0_dst-jpg_s32x32&_nc_cat=106&ccb=1-7&_nc_sid=0ecb9b&_nc_ohc=X_YIIgskeGsQ7kNvgHOEOhg&_nc_ht=scontent-iad3-2.xx&_nc_gid=A3ot64k9hEZjkxifTy1mgvp&oh=00_AYCh86QE9jO25A8efRX0TNr1NsWiDJTqRDAhSKGO90JwnQ&oe=66FD4B27","https://www.facebook.com/farisfany.sigitputrapratama",,"Alamat mana ini pak","0"
,,,,,,,,,,,,,,,,"https://www.facebook.com/nasir.smk2/posts/pfbid02LDp5RRdFasWDQUgusGLrtN7suVXCUw7U7JZHECn748ovqVz62C4GP3Q5gXbr1DGml?comment_id=1192523708647292",,,,,,,,,,,,,,,,,,,,,,,,,,,,,,,,,"2024-09-25T11:00:24.000Z","8444730672252783","https://www.facebook.com/100001478012460/posts/8444730672252783","ZmVlZGJhY2s6ODQ0NDczMDY3MjI1Mjc4M18xMTkyNTIzNzA4NjQ3Mjky","Y29tbWVudDo4NDQ0NzMwNjcyMjUyNzgzXzExOTI1MjM3MDg2NDcyOTI=","https://www.facebook.com/100001478012460/posts/8444730672252783","0","261237703739109","false",,,,,,,"OKASA F1

Rock Melon cantaloupe hibrida.
Bentuk buah : bulat oval.
Warna daging : oranye,
Berat buah : ± 3 kg/buah.
Umur panen : ± 60 hst.
Potensi hasil : ± 25 ton/ha.
Adaptasi utama di dataran rendah.
Rasa sangat manis.

#suksesbersamaBintangasia
#melonokasaF1
@sorotan 
pengikut 
Bintang Asia 
Benih Citra Asia","100023805965584","Ary Petir","https://scontent-iad3-1.xx.fbcdn.net/v/t39.30808-1/263164402_1093235008146688_4229753652386183438_n.jpg?stp=cp0_dst-jpg_s32x32&_nc_cat=104&ccb=1-7&_nc_sid=50d2ac&_nc_ohc=idJJwHFJD7AQ7kNvgGveEzt&_nc_ht=scontent-iad3-1.xx&_nc_gid=A3ot64k9hEZjkxifTy1mgvp&oh=00_AYBUPYiJNPnQUwUJUxxgD-CDbk42ZSZhm8moFiXPcM__0w&oe=66FD361B",,,"Merlin enek ora bos","0"
,,,,,,,,,,,,,,,,"https://www.facebook.com/nasir.smk2/posts/pfbid02hkjqB8mtRPyjPmYAtQKHDH3HzAmqbZU2b79dw9nhqfHuK34fxqqF6arwXdhdWZVnl?comment_id=550464127506332",,,,,,,,,,,,,,,,,,,,,,,,,,,,,,,,,"2024-09-28T01:48:02.000Z","8464980950227755","https://www.facebook.com/100001478012460/posts/8464980950227755","ZmVlZGJhY2s6ODQ2NDk4MDk1MDIyNzc1NV81NTA0NjQxMjc1MDYzMzI=","Y29tbWVudDo4NDY0OTgwOTUwMjI3NzU1XzU1MDQ2NDEyNzUwNjMzMg==","https://www.facebook.com/100001478012460/posts/8464980950227755","0","101545116123704","false",,,,,,,"OKASA. PakDe Eko . Yospiqmi Rizal Bintang Asia . Tuntutan Kesuma .","100071052533042","Pur Abu Riziq","https://scontent.fpoj9-1.fna.fbcdn.net/v/t39.30808-1/326337306_1357754875079978_8284907120903716413_n.jpg?stp=cp0_dst-jpg_s32x32&_nc_cat=100&ccb=1-7&_nc_sid=50d2ac&_nc_ohc=kpGgZHjcLUgQ7kNvgE3kKCm&_nc_ht=scontent.fpoj9-1.fna&_nc_gid=A8rsjx7_KwEwHGRE-4ey0tg&oh=00_AYBzzaqvzSDpbxO_f5uOhK2wKyHNATF74ECdes8V5SKeAA&oe=66FD3893","https://www.facebook.com/people/Pur-Abu-Riziq/100071052533042/",,"Joz boz","0"
,,,,,,,,,,,,,,,,"https://www.facebook.com/reel/1239783613826690/?comment_id=554417993769089",,,,,,,,,,,,,,,,,,,,,,,,,,,,,,,,"2","2024-09-26T01:00:24.000Z","8449462665112917","https://www.facebook.com/100001478012460/posts/8449462665112917","ZmVlZGJhY2s6ODQ0OTQ2MjY2NTExMjkxN181NTQ0MTc5OTM3NjkwODk=","Y29tbWVudDo4NDQ5NDYyNjY1MTEyOTE3XzU1NDQxNzk5Mzc2OTA4OQ==","https://www.facebook.com/100001478012460/posts/8449462665112917","0","113420435192600",,,,,,,,"Alhamdulillah Selamat kepada PT Benih Citra Asia yang telah mendapatkan penghargaan di acara CNN Award 2024. #benihcitraasia #bintangasia #farmer #petani #indonesia #food #hortikultura. Difarina...","pfbid0mM1BeqxGFhPUsB129wTtvau1Lr5KpFFmG8FAp3MKL7835qqZnere13EnpquYyHxjl","Rudi Paijo","https://scontent-atl3-1.xx.fbcdn.net/v/t39.30808-1/342521359_982200369878755_8229004095687362074_n.jpg?stp=cp0_dst-jpg_s32x32&_nc_cat=103&ccb=1-7&_nc_sid=0ecb9b&_nc_ohc=ReJYsn3-p9gQ7kNvgHeN9fo&_nc_ht=scontent-atl3-1.xx&_nc_gid=AexKdKCMGRnaC4Om_Hjg-RY&oh=00_AYBJIqeYRoNqNxxcKlvC7dJKDtaHc-nlUaHDorj_elBjaQ&oe=66FD5DA1","https://www.facebook.com/rudi.rudipaijo.50",,"Mantaaap","0"
"Sticker",,,"1","83","1","1","140051381647167","80","https://scontent-atl3-1.xx.fbcdn.net/v/t39.1997-6/240516696_140051384980500_4324639588081017510_n.png?stp=cp0_dst-png_s110x80&_nc_cat=1&ccb=1-7&_nc_sid=23dd7b&_nc_ohc=b1N1DSa8J8MQ7kNvgH0apxz&_nc_ht=scontent-atl3-1.xx&_nc_gid=AexKdKCMGRnaC4Om_Hjg-RY&oh=00_AYClYXwdw-IOSAcaaKSq1bTeAMaI9Wvmr46S4BJV4Dhx4A&oe=66FD5DD8","80","","140047671647538","[Newsfeed] Philippines First Party",,,"https://www.facebook.com/reel/1239783613826690/?comment_id=3777655909212002",,,,,,,,,,,,,,,,,,,,,,,,,,,,,,,,"1","2024-09-26T01:48:11.000Z","8449462665112917","https://www.facebook.com/100001478012460/posts/8449462665112917","ZmVlZGJhY2s6ODQ0OTQ2MjY2NTExMjkxN18zNzc3NjU1OTA5MjEyMDAy","Y29tbWVudDo4NDQ5NDYyNjY1MTEyOTE3XzM3Nzc2NTU5MDkyMTIwMDI=","https://www.facebook.com/100001478012460/posts/8449462665112917","0","113420435192600",,,,,,,,"Alhamdulillah Selamat kepada PT Benih Citra Asia yang telah mendapatkan penghargaan di acara CNN Award 2024. #benihcitraasia #bintangasia #farmer #petani #indonesia #food #hortikultura. Difarina...","100090196839657","Agus Cadra","https://scontent-atl3-1.xx.fbcdn.net/v/t39.30808-1/451001492_422995557383669_4884090611035953685_n.jpg?stp=cp0_dst-jpg_s32x32&_nc_cat=109&ccb=1-7&_nc_sid=50d2ac&_nc_ohc=k6kbXI17YE0Q7kNvgG27HtD&_nc_ht=scontent-atl3-1.xx&_nc_gid=AexKdKCMGRnaC4Om_Hjg-RY&oh=00_AYAYS0kN9dM5IJ07_64cjJgedxHuOX_RcXcDJuQLYLpP4Q&oe=66FD4D63","https://www.facebook.com/people/Agus-Cadra/100090196839657/",,,"0"
,,,,,,,,,,,,,,,,"https://www.facebook.com/reel/1239783613826690/?comment_id=863000422592773",,,,,,,,,,,,,,,,,,,,,,,,,,,,,,,,,"2024-09-26T01:19:46.000Z","8449462665112917","https://www.facebook.com/100001478012460/posts/8449462665112917","ZmVlZGJhY2s6ODQ0OTQ2MjY2NTExMjkxN184NjMwMDA0MjI1OTI3NzM=","Y29tbWVudDo4NDQ5NDYyNjY1MTEyOTE3Xzg2MzAwMDQyMjU5Mjc3Mw==","https://www.facebook.com/100001478012460/posts/8449462665112917","0","113420435192600",,,,,,,,"Alhamdulillah Selamat kepada PT Benih Citra Asia yang telah mendapatkan penghargaan di acara CNN Award 2024. #benihcitraasia #bintangasia #farmer #petani #indonesia #food #hortikultura. Difarina...","pfbid02moyhAv7Xy635q7wZpB8g4Eua8B9EaXzUNs8BFZsi6hU1YEvfCrZ2VpnLabMJ6nrwl","Aguesta Azax","https://scontent-atl3-1.xx.fbcdn.net/v/t39.30808-1/240355126_1552873468392465_768643064623954664_n.jpg?stp=c0.0.780.780a_cp0_dst-jpg_s32x32&_nc_cat=108&ccb=1-7&_nc_sid=0ecb9b&_nc_ohc=2Ub6a5AU2iAQ7kNvgHNWMM4&_nc_ht=scontent-atl3-1.xx&_nc_gid=AexKdKCMGRnaC4Om_Hjg-RY&oh=00_AYA3r6zPSGB5e02YbK5yi3I1pBzK-oA_peBF6B0ZCENo6g&oe=66FD3F08","https://www.facebook.com/aguesta.azax",,"Ulta","0"
"Sticker",,"https://scontent-atl3-1.xx.fbcdn.net/v/t39.1997-6/68894373_1459627387495333_5835456569109643264_n.webp?stp=dst-webp_s110x80&_nc_cat=1&ccb=1-7&_nc_sid=ba09c1&_nc_ohc=zp72UVpQAM4Q7kNvgEHi08z&_nc_ht=scontent-atl3-1.xx&_nc_gid=AexKdKCMGRnaC4Om_Hjg-RY&oh=00_AYDxQtDYakUP4_iIfDyfbuHz_v4tgdhY6ir4-TbRen3D7Q&oe=66FD41E3","14","100","4","4","514561552001926","80","https://scontent-atl3-1.xx.fbcdn.net/v/t39.1997-6/69142452_1459627590828646_6160083988481310720_n.png?stp=cp0_dst-png_s110x80&_nc_cat=1&ccb=1-7&_nc_sid=23dd7b&_nc_ohc=Kty-iM3vR5UQ7kNvgHlGxb2&_nc_ht=scontent-atl3-1.xx&_nc_gid=AexKdKCMGRnaC4Om_Hjg-RY&oh=00_AYBqtlbKWYafIIVp4DRAQoc4ZLV_ubGn_e4ztEFqjrY4Ng&oe=66FD37D1","80","Business fish, a person with a pink fish head wearing a suit and tie, giving a large thumbs up with their right hand and saying good","493674027424012","Executive Business Fish",,"https://scontent-atl3-1.xx.fbcdn.net/v/t39.1997-6/68866962_1459627384162000_4858367271799619584_n.png?stp=dst-png_p320x320&_nc_cat=1&ccb=1-7&_nc_sid=ba09c1&_nc_ohc=I9fY6gVDWVUQ7kNvgEduyxy&_nc_ht=scontent-atl3-1.xx&_nc_gid=AexKdKCMGRnaC4Om_Hjg-RY&oh=00_AYDM7M4PFWaPADzcV2QnIEQaZ5IavXOS2n9Jfc9Ctq3hZA&oe=66FD5D88","https://www.facebook.com/reel/1239783613826690/?comment_id=1209763523407227",,,,,,,,,,,,,,,,,,,,,,,,,,,,,,,,"1","2024-09-26T01:19:53.000Z","8449462665112917","https://www.facebook.com/100001478012460/posts/8449462665112917","ZmVlZGJhY2s6ODQ0OTQ2MjY2NTExMjkxN18xMjA5NzYzNTIzNDA3MjI3","Y29tbWVudDo4NDQ5NDYyNjY1MTEyOTE3XzEyMDk3NjM1MjM0MDcyMjc=","https://www.facebook.com/100001478012460/posts/8449462665112917","0","113420435192600",,,,,,,,"Alhamdulillah Selamat kepada PT Benih Citra Asia yang telah mendapatkan penghargaan di acara CNN Award 2024. #benihcitraasia #bintangasia #farmer #petani #indonesia #food #hortikultura. Difarina...","pfbid02moyhAv7Xy635q7wZpB8g4Eua8B9EaXzUNs8BFZsi6hU1YEvfCrZ2VpnLabMJ6nrwl","Aguesta Azax","https://scontent-atl3-1.xx.fbcdn.net/v/t39.30808-1/240355126_1552873468392465_768643064623954664_n.jpg?stp=c0.0.780.780a_cp0_dst-jpg_s32x32&_nc_cat=108&ccb=1-7&_nc_sid=0ecb9b&_nc_ohc=2Ub6a5AU2iAQ7kNvgHNWMM4&_nc_ht=scontent-atl3-1.xx&_nc_gid=AexKdKCMGRnaC4Om_Hjg-RY&oh=00_AYA3r6zPSGB5e02YbK5yi3I1pBzK-oA_peBF6B0ZCENo6g&oe=66FD3F08","https://www.facebook.com/aguesta.azax",,,"0"
,,,,,,,,,,,,,,,,"https://www.facebook.com/reel/1239783613826690/?comment_id=510882418362439",,,,,,,,,,,,,,,,,,,,,,,,,,,,,,,,"3","2024-09-26T00:35:34.000Z","8449462665112917","https://www.facebook.com/100001478012460/posts/8449462665112917","ZmVlZGJhY2s6ODQ0OTQ2MjY2NTExMjkxN181MTA4ODI0MTgzNjI0Mzk=","Y29tbWVudDo4NDQ5NDYyNjY1MTEyOTE3XzUxMDg4MjQxODM2MjQzOQ==","https://www.facebook.com/100001478012460/posts/8449462665112917","0","113420435192600",,,,,,,,"Alhamdulillah Selamat kepada PT Benih Citra Asia yang telah mendapatkan penghargaan di acara CNN Award 2024. #benihcitraasia #bintangasia #farmer #petani #indonesia #food #hortikultura. Difarina...","100055613311344","Bisri Mustofa","https://scontent-atl3-1.xx.fbcdn.net/v/t39.30808-1/400422095_772263457970758_8257628988093984966_n.jpg?stp=cp0_dst-jpg_s32x32&_nc_cat=108&ccb=1-7&_nc_sid=50d2ac&_nc_ohc=xqaUMPcapfMQ7kNvgFG3BX4&_nc_ht=scontent-atl3-1.xx&_nc_gid=AexKdKCMGRnaC4Om_Hjg-RY&oh=00_AYDKwnfbV6xF8TkKfRKoL8zLlbBDci-dnILb_LccLtDumQ&oe=66FD442C","https://www.facebook.com/people/Bisri-Mustofa/100055613311344/",,"Toptenan👍👍👍","0"
,,,,,,,,,,,,,,,,"https://www.facebook.com/reel/1239783613826690/?comment_id=3777655909212002&reply_comment_id=487507194110065",,,,,,,,,,,,,,,,,,,,,,,,,,,,,,,,,"2024-09-26T03:02:21.000Z","8449462665112917","https://www.facebook.com/100001478012460/posts/8449462665112917","ZmVlZGJhY2s6ODQ0OTQ2MjY2NTExMjkxN180ODc1MDcxOTQxMTAwNjU=","Y29tbWVudDo4NDQ5NDYyNjY1MTEyOTE3XzQ4NzUwNzE5NDExMDA2NQ==","https://www.facebook.com/100001478012460/posts/8449462665112917","0","113420435192600",,,"User","100090196839657","Agus Cadra","Agus","Y29tbWVudDo4NDQ5NDYyNjY1MTEyOTE3XzM3Nzc2NTU5MDkyMTIwMDI=","Alhamdulillah Selamat kepada PT Benih Citra Asia yang telah mendapatkan penghargaan di acara CNN Award 2024. #benihcitraasia #bintangasia #farmer #petani #indonesia #food #hortikultura. Difarina...","100001478012460","Nasir Bintang Asia","https://scontent.frba3-2.fna.fbcdn.net/v/t39.30808-1/374566524_6652285924830609_4550832743895994737_n.jpg?stp=cp0_dst-jpg_s32x32&_nc_cat=110&ccb=1-7&_nc_sid=50d2ac&_nc_ohc=ET78vRU446YQ7kNvgGmds7X&_nc_ht=scontent.frba3-2.fna&_nc_gid=Al78CIoYztlCiOQdtxf1bi5&oh=00_AYDTnzcY3lJaxgRNHhht-bjKjGGNA834QGfeNsw4aKKbow&oe=66FD6089","https://www.facebook.com/nasir.smk2","Y29tbWVudDo4NDQ5NDYyNjY1MTEyOTE3XzM3Nzc2NTU5MDkyMTIwMDI=","Agus Cadra terima kasih mase","1"
,,,,,,,,,,,,,,,,"https://www.facebook.com/reel/1239783613826690/?comment_id=1209763523407227&reply_comment_id=1048293063750491",,,,,,,,,,,,,,,,,,,,,,,,,,,,,,,,,"2024-09-26T03:02:35.000Z","8449462665112917","https://www.facebook.com/100001478012460/posts/8449462665112917","ZmVlZGJhY2s6ODQ0OTQ2MjY2NTExMjkxN18xMDQ4MjkzMDYzNzUwNDkx","Y29tbWVudDo4NDQ5NDYyNjY1MTEyOTE3XzEwNDgyOTMwNjM3NTA0OTE=","https://www.facebook.com/100001478012460/posts/8449462665112917","0","113420435192600",,,"User","pfbid02moyhAv7Xy635q7wZpB8g4Eua8B9EaXzUNs8BFZsi6hU1YEvfCrZ2VpnLabMJ6nrwl","Aguesta Azax","Aguesta","Y29tbWVudDo4NDQ5NDYyNjY1MTEyOTE3XzEyMDk3NjM1MjM0MDcyMjc=","Alhamdulillah Selamat kepada PT Benih Citra Asia yang telah mendapatkan penghargaan di acara CNN Award 2024. #benihcitraasia #bintangasia #farmer #petani #indonesia #food #hortikultura. Difarina...","100001478012460","Nasir Bintang Asia","https://scontent.fplu29-1.fna.fbcdn.net/v/t39.30808-1/374566524_6652285924830609_4550832743895994737_n.jpg?stp=cp0_dst-jpg_s32x32&_nc_cat=110&ccb=1-7&_nc_sid=50d2ac&_nc_ohc=ET78vRU446YQ7kNvgHQHast&_nc_ht=scontent.fplu29-1.fna&_nc_gid=ABDBiZnokKkUmaZP2ve29S6&oh=00_AYCPv6xydijvIrSwZH7FwaehoVyUbcn3hMvOQweh-1y2LQ&oe=66FD6089","https://www.facebook.com/nasir.smk2","Y29tbWVudDo4NDQ5NDYyNjY1MTEyOTE3XzEyMDk3NjM1MjM0MDcyMjc=","Aguesta Azax Terimakasih mase","1"
,,,,,,,,,,,,,,,,"https://www.facebook.com/reel/1239783613826690/?comment_id=554417993769089&reply_comment_id=1172109787197466",,,,,,,,,,,,,,,,,,,,,,,,,,,,,,,,"1","2024-09-26T01:01:48.000Z","8449462665112917","https://www.facebook.com/100001478012460/posts/8449462665112917","ZmVlZGJhY2s6ODQ0OTQ2MjY2NTExMjkxN18xMTcyMTA5Nzg3MTk3NDY2","Y29tbWVudDo4NDQ5NDYyNjY1MTEyOTE3XzExNzIxMDk3ODcxOTc0NjY=","https://www.facebook.com/100001478012460/posts/8449462665112917","0","113420435192600",,,"User","pfbid0mM1BeqxGFhPUsB129wTtvau1Lr5KpFFmG8FAp3MKL7835qqZnere13EnpquYyHxjl","Rudi Paijo","Rudi","Y29tbWVudDo4NDQ5NDYyNjY1MTEyOTE3XzU1NDQxNzk5Mzc2OTA4OQ==","Alhamdulillah Selamat kepada PT Benih Citra Asia yang telah mendapatkan penghargaan di acara CNN Award 2024. #benihcitraasia #bintangasia #farmer #petani #indonesia #food #hortikultura. Difarina...","100001478012460","Nasir Bintang Asia","https://scontent-ord5-2.xx.fbcdn.net/v/t39.30808-1/374566524_6652285924830609_4550832743895994737_n.jpg?stp=cp0_dst-jpg_s32x32&_nc_cat=110&ccb=1-7&_nc_sid=50d2ac&_nc_ohc=ET78vRU446YQ7kNvgHuTzuS&_nc_ht=scontent-ord5-2.xx&oh=00_AYD9bEllOscVSvYCEJY3w0N8mymfpePQbfJ69EAewsTl7A&oe=66FD6089","https://www.facebook.com/nasir.smk2","Y29tbWVudDo4NDQ5NDYyNjY1MTEyOTE3XzU1NDQxNzk5Mzc2OTA4OQ==","Rudi Paijo minggu ngarep dolan nggone sampean mas","1"
,,,,,,,,,,,,,,,,"https://www.facebook.com/reel/1239783613826690/?comment_id=554417993769089&reply_comment_id=1049908246540215",,,,,,,,,,,,,,,,,,,,,,,,,,,,,,,,,"2024-09-26T01:17:48.000Z","8449462665112917","https://www.facebook.com/100001478012460/posts/8449462665112917","ZmVlZGJhY2s6ODQ0OTQ2MjY2NTExMjkxN18xMDQ5OTA4MjQ2NTQwMjE1","Y29tbWVudDo4NDQ5NDYyNjY1MTEyOTE3XzEwNDk5MDgyNDY1NDAyMTU=","https://www.facebook.com/100001478012460/posts/8449462665112917","0","113420435192600",,,"User","pfbid0mM1BeqxGFhPUsB129wTtvau1Lr5KpFFmG8FAp3MKL7835qqZnere13EnpquYyHxjl","Rudi Paijo","Rudi","Y29tbWVudDo4NDQ5NDYyNjY1MTEyOTE3XzU1NDQxNzk5Mzc2OTA4OQ==","Alhamdulillah Selamat kepada PT Benih Citra Asia yang telah mendapatkan penghargaan di acara CNN Award 2024. #benihcitraasia #bintangasia #farmer #petani #indonesia #food #hortikultura. Difarina...","pfbid0mM1BeqxGFhPUsB129wTtvau1Lr5KpFFmG8FAp3MKL7835qqZnere13EnpquYyHxjl","Rudi Paijo","https://scontent-ord5-2.xx.fbcdn.net/v/t39.30808-1/342521359_982200369878755_8229004095687362074_n.jpg?stp=cp0_dst-jpg_s32x32&_nc_cat=103&ccb=1-7&_nc_sid=0ecb9b&_nc_ohc=ReJYsn3-p9gQ7kNvgGtxKPQ&_nc_ht=scontent-ord5-2.xx&oh=00_AYDl-s7dgqcMhabPYFHJfNK2HHwI8UxyDVKgFcZObPAtvQ&oe=66FD5DA1","https://www.facebook.com/rudi.rudipaijo.50","Y29tbWVudDo4NDQ5NDYyNjY1MTEyOTE3XzU1NDQxNzk5Mzc2OTA4OQ==","Nasir Bintang Asia siap bosssQ di tunggu","2"
,,,,,,,,,,,,,,,,"https://www.facebook.com/reel/1239783613826690/?comment_id=510882418362439&reply_comment_id=1223974175417697",,,,,,,,,,,,,,,,,,,,,,,,,,,,,,,,,"2024-09-26T01:02:00.000Z","8449462665112917","https://www.facebook.com/100001478012460/posts/8449462665112917","ZmVlZGJhY2s6ODQ0OTQ2MjY2NTExMjkxN18xMjIzOTc0MTc1NDE3Njk3","Y29tbWVudDo4NDQ5NDYyNjY1MTEyOTE3XzEyMjM5NzQxNzU0MTc2OTc=","https://www.facebook.com/100001478012460/posts/8449462665112917","0","113420435192600",,,"User","100055613311344","Bisri Mustofa","Bisri","Y29tbWVudDo4NDQ5NDYyNjY1MTEyOTE3XzUxMDg4MjQxODM2MjQzOQ==","Alhamdulillah Selamat kepada PT Benih Citra Asia yang telah mendapatkan penghargaan di acara CNN Award 2024. #benihcitraasia #bintangasia #farmer #petani #indonesia #food #hortikultura. Difarina...","100001478012460","Nasir Bintang Asia","https://scontent-ord5-2.xx.fbcdn.net/v/t39.30808-1/374566524_6652285924830609_4550832743895994737_n.jpg?stp=cp0_dst-jpg_s32x32&_nc_cat=110&ccb=1-7&_nc_sid=50d2ac&_nc_ohc=ET78vRU446YQ7kNvgGc67W_&_nc_ht=scontent-ord5-2.xx&oh=00_AYAMl-RDW0ohJPVqGCcNmBfKbN0YQuL4dcKIynqmr31uFw&oe=66FD6089","https://www.facebook.com/nasir.smk2","Y29tbWVudDo4NDQ5NDYyNjY1MTEyOTE3XzUxMDg4MjQxODM2MjQzOQ==","Bisri Mustofa Alhamdulillah","1"
,,,,,,,,,,,,,,,,"https://www.facebook.com/reel/1239783613826690/?comment_id=510882418362439&reply_comment_id=544449601274499",,,,,,,,,,,,,,,,,,,,,,,,,,,,,,,,"1","2024-09-26T01:48:35.000Z","8449462665112917","https://www.facebook.com/100001478012460/posts/8449462665112917","ZmVlZGJhY2s6ODQ0OTQ2MjY2NTExMjkxN181NDQ0NDk2MDEyNzQ0OTk=","Y29tbWVudDo4NDQ5NDYyNjY1MTEyOTE3XzU0NDQ0OTYwMTI3NDQ5OQ==","https://www.facebook.com/100001478012460/posts/8449462665112917","1","113420435192600",,,"User","100055613311344","Bisri Mustofa","Bisri","Y29tbWVudDo4NDQ5NDYyNjY1MTEyOTE3XzUxMDg4MjQxODM2MjQzOQ==","Alhamdulillah Selamat kepada PT Benih Citra Asia yang telah mendapatkan penghargaan di acara CNN Award 2024. #benihcitraasia #bintangasia #farmer #petani #indonesia #food #hortikultura. Difarina...","100090196839657","Agus Cadra","https://scontent-ord5-1.xx.fbcdn.net/v/t39.30808-1/451001492_422995557383669_4884090611035953685_n.jpg?stp=cp0_dst-jpg_s32x32&_nc_cat=109&ccb=1-7&_nc_sid=50d2ac&_nc_ohc=k6kbXI17YE0Q7kNvgHh5O8U&_nc_ht=scontent-ord5-1.xx&oh=00_AYBLSzfPv_sPzQIz-lStWW1pK_M29ZmKlrnNgI01C8SRiw&oe=66FD4D63","https://www.facebook.com/people/Agus-Cadra/100090196839657/","Y29tbWVudDo4NDQ5NDYyNjY1MTEyOTE3XzUxMDg4MjQxODM2MjQzOQ==","Bisri Mustofa CBA 😁","1"
,,,,,,,,,,,,,,,,"https://www.facebook.com/reel/1239783613826690/?comment_id=510882418362439&reply_comment_id=1022912352946801",,,,,,,,,,,,,,,,,,,,,,,,,,,,,,,,,"2024-09-26T03:02:03.000Z","8449462665112917","https://www.facebook.com/100001478012460/posts/8449462665112917","ZmVlZGJhY2s6ODQ0OTQ2MjY2NTExMjkxN18xMDIyOTEyMzUyOTQ2ODAx","Y29tbWVudDo4NDQ5NDYyNjY1MTEyOTE3XzEwMjI5MTIzNTI5NDY4MDE=","https://www.facebook.com/100001478012460/posts/8449462665112917","0","113420435192600",,,"User","100055613311344","Bisri Mustofa","Bisri","Y29tbWVudDo4NDQ5NDYyNjY1MTEyOTE3XzUxMDg4MjQxODM2MjQzOQ==","Alhamdulillah Selamat kepada PT Benih Citra Asia yang telah mendapatkan penghargaan di acara CNN Award 2024. #benihcitraasia #bintangasia #farmer #petani #indonesia #food #hortikultura. Difarina...","100001478012460","Nasir Bintang Asia","https://scontent-ord5-2.xx.fbcdn.net/v/t39.30808-1/374566524_6652285924830609_4550832743895994737_n.jpg?stp=cp0_dst-jpg_s32x32&_nc_cat=110&ccb=1-7&_nc_sid=50d2ac&_nc_ohc=ET78vRU446YQ7kNvgGc67W_&_nc_ht=scontent-ord5-2.xx&oh=00_AYAMl-RDW0ohJPVqGCcNmBfKbN0YQuL4dcKIynqmr31uFw&oe=66FD6089","https://www.facebook.com/nasir.smk2","Y29tbWVudDo4NDQ5NDYyNjY1MTEyOTE3XzUxMDg4MjQxODM2MjQzOQ==","Agus Cadra gas bos","2"
,,,,,,,,,,,,,,,,"https://www.facebook.com/reel/1470290380294734/?comment_id=830323349309357",,,,,,,,,,,,,,,"https://www.facebook.com/reel/1470290380294734/?comment_id=830323349309357&reply_comment_id=1315343916095038","2024-09-27T00:52:02.000Z","ZmVlZGJhY2s6ODQ1OTA0MDQxNzQ4ODQ3NV8xMzE1MzQzOTE2MDk1MDM4","Y29tbWVudDo4NDU5MDQwNDE3NDg4NDc1XzEzMTUzNDM5MTYwOTUwMzg=","0","User","100007578522755","Renzy Bintangasia","Renzy","Y29tbWVudDo4NDU5MDQwNDE3NDg4NDc1XzgzMDMyMzM0OTMwOTM1Nw==","100001478012460","Nasir Bintang Asia","https://scontent.fsjp5-1.fna.fbcdn.net/v/t39.30808-1/374566524_6652285924830609_4550832743895994737_n.jpg?stp=cp0_dst-jpg_s32x32&_nc_cat=110&ccb=1-7&_nc_sid=50d2ac&_nc_ohc=ET78vRU446YQ7kNvgHmrChD&_nc_ht=scontent.fsjp5-1.fna&_nc_gid=AWUaU1KoIe45LXfdybzoeeL&oh=00_AYAURSK4SLF2p2GoYMZoJfWz-tS2pIJ1-FiDhwd7EBbpuA&oe=66FD6089","https://www.facebook.com/nasir.smk2","Y29tbWVudDo4NDU5MDQwNDE3NDg4NDc1XzgzMDMyMzM0OTMwOTM1Nw==","Renzy Bintangasia belajar mase","1","1","2024-09-27T00:04:10.000Z","8459040417488475","https://www.facebook.com/100001478012460/posts/8459040417488475","ZmVlZGJhY2s6ODQ1OTA0MDQxNzQ4ODQ3NV84MzAzMjMzNDkzMDkzNTc=","Y29tbWVudDo4NDU5MDQwNDE3NDg4NDc1XzgzMDMyMzM0OTMwOTM1Nw==","https://www.facebook.com/100001478012460/posts/8459040417488475","0","113420435192600",,,,,,,,"Gambas/Oyong Bareta F1 masih bisa perform dikondisi vegetatif hampir mati dan kekurangan air. #petani #benihcitraasia #bintangasia #oyong. Diar · Unity Slow","100007578522755","Renzy Bintangasia","https://scontent.fsjp5-1.fna.fbcdn.net/v/t39.30808-1/426012403_3605728109689771_2277782955804277447_n.jpg?stp=cp0_dst-jpg_s32x32&_nc_cat=104&ccb=1-7&_nc_sid=50d2ac&_nc_ohc=tTmdX3bXLYAQ7kNvgE3KwSR&_nc_ht=scontent.fsjp5-1.fna&_nc_gid=AWUaU1KoIe45LXfdybzoeeL&oh=00_AYDorIzUJE468Fvx0c8hPhKTgKjNKvV5hKAHGAbvw-BQ-A&oe=66FD3784","https://www.facebook.com/renzi.prayuda",,"Mantap","0"
,,,,,,,,,,,,,,,,"https://www.facebook.com/reel/1470290380294734/?comment_id=8057213601055930",,,,,,,,,,,,,,,"https://www.facebook.com/reel/1470290380294734/?comment_id=8057213601055930&reply_comment_id=1080297440176432","2024-09-27T00:51:48.000Z","ZmVlZGJhY2s6ODQ1OTA0MDQxNzQ4ODQ3NV8xMDgwMjk3NDQwMTc2NDMy","Y29tbWVudDo4NDU5MDQwNDE3NDg4NDc1XzEwODAyOTc0NDAxNzY0MzI=","0","User","100000717205339","Iskandar Pasha","Iskandar","Y29tbWVudDo4NDU5MDQwNDE3NDg4NDc1XzgwNTcyMTM2MDEwNTU5MzA=","100001478012460","Nasir Bintang Asia","https://scontent.fsjp5-1.fna.fbcdn.net/v/t39.30808-1/374566524_6652285924830609_4550832743895994737_n.jpg?stp=cp0_dst-jpg_s32x32&_nc_cat=110&ccb=1-7&_nc_sid=50d2ac&_nc_ohc=ET78vRU446YQ7kNvgHmrChD&_nc_ht=scontent.fsjp5-1.fna&_nc_gid=AWUaU1KoIe45LXfdybzoeeL&oh=00_AYAURSK4SLF2p2GoYMZoJfWz-tS2pIJ1-FiDhwd7EBbpuA&oe=66FD6089","https://www.facebook.com/nasir.smk2","Y29tbWVudDo4NDU5MDQwNDE3NDg4NDc1XzgwNTcyMTM2MDEwNTU5MzA=","Iskandar Pasha Siap Ndan","1","1","2024-09-27T00:06:55.000Z","8459040417488475","https://www.facebook.com/100001478012460/posts/8459040417488475","ZmVlZGJhY2s6ODQ1OTA0MDQxNzQ4ODQ3NV84MDU3MjEzNjAxMDU1OTMw","Y29tbWVudDo4NDU5MDQwNDE3NDg4NDc1XzgwNTcyMTM2MDEwNTU5MzA=","https://www.facebook.com/100001478012460/posts/8459040417488475","0","113420435192600",,,,,,,,"Gambas/Oyong Bareta F1 masih bisa perform dikondisi vegetatif hampir mati dan kekurangan air. #petani #benihcitraasia #bintangasia #oyong. Diar · Unity Slow","100000717205339","Iskandar Pasha","https://scontent.fsjp5-1.fna.fbcdn.net/v/t39.30808-1/423674968_7488597597840739_5772622095306795147_n.jpg?stp=cp0_dst-jpg_s32x32&_nc_cat=109&ccb=1-7&_nc_sid=50d2ac&_nc_ohc=YR1X9QLpvvYQ7kNvgEIgyPX&_nc_ht=scontent.fsjp5-1.fna&_nc_gid=AWUaU1KoIe45LXfdybzoeeL&oh=00_AYB5ULmDze51vDpVlDyRqt3xaAFnp1EZ75uEy20lMV5gvQ&oe=66FD5B55","https://www.facebook.com/iskandar.baiquni",,"Hanoman mo😂🔥","0"
"Sticker",,,"1","83","1","1","1000519493737088","80","https://scontent.fsjp5-1.fna.fbcdn.net/v/t39.1997-6/105258811_1000519497070421_1877687988442182543_n.png?stp=cp0_dst-png_s110x80&_nc_cat=1&ccb=1-7&_nc_sid=23dd7b&_nc_ohc=1R0DvCT_WhIQ7kNvgFAK16n&_nc_ht=scontent.fsjp5-1.fna&_nc_gid=AWUaU1KoIe45LXfdybzoeeL&oh=00_AYCy_Z1ZqsIcc9XA8VGviZMn6zArAPBi9Ky7QZHcmSgfuA&oe=66FD3EAB","80","a outstretched arm with a thumbs up. on the arm is written 'great' in indonesian","1000303507092020","Stories Stickers in Feed",,,"https://www.facebook.com/reel/1470290380294734/?comment_id=448702264878775","Sticker","https://scontent.fsjp5-1.fna.fbcdn.net/v/t39.1997-6/47055694_1834508303314720_643166924464717824_n.webp?stp=dst-webp_s110x80&_nc_cat=1&ccb=1-7&_nc_sid=ba09c1&_nc_ohc=m9OkAram9jUQ7kNvgEeKeV6&_nc_ht=scontent.fsjp5-1.fna&_nc_gid=AWUaU1KoIe45LXfdybzoeeL&oh=00_AYCFFiDBf8dvme-kVDgkb9IHEZRB0M9li_-2utrPnzCvLA&oe=66FD5109","12","83","3","4","1193278434104380","80","https://scontent.fsjp5-1.fna.fbcdn.net/v/t39.1997-6/47614232_1846683475430536_3135922765756891136_n.png?stp=cp0_dst-png_s110x80&_nc_cat=1&ccb=1-7&_nc_sid=23dd7b&_nc_ohc=oUm8IG8PuXcQ7kNvgHw_ibU&_nc_ht=scontent.fsjp5-1.fna&_nc_gid=AWUaU1KoIe45LXfdybzoeeL&oh=00_AYB0rsu5C6kAOr925dPX_aCv8zlYKa-_KDEM2FPjwQ1mcw&oe=66FD5C63","80","Thumbs Up, girl giving thumbs up","1193273174104906","Noo-Hin","https://scontent.fsjp5-1.fna.fbcdn.net/v/t39.1997-6/47472862_1846683478763869_5271603212267290624_n.png?stp=dst-png_p240x240&_nc_cat=1&ccb=1-7&_nc_sid=ba09c1&_nc_ohc=I0fODnDfZAYQ7kNvgGze2Ua&_nc_ht=scontent.fsjp5-1.fna&_nc_gid=AWUaU1KoIe45LXfdybzoeeL&oh=00_AYA3k5BHVxNraJzYc4JERr8qENd8XQNBaOqbAajP5s-CGw&oe=66FD3DBE","https://www.facebook.com/reel/1470290380294734/?comment_id=448702264878775&reply_comment_id=884424823613956","2024-09-27T00:51:34.000Z","ZmVlZGJhY2s6ODQ1OTA0MDQxNzQ4ODQ3NV84ODQ0MjQ4MjM2MTM5NTY=","Y29tbWVudDo4NDU5MDQwNDE3NDg4NDc1Xzg4NDQyNDgyMzYxMzk1Ng==","0","User","100054873674004","Bintang Asia Sumbagsel","Bintang","Y29tbWVudDo4NDU5MDQwNDE3NDg4NDc1XzQ0ODcwMjI2NDg3ODc3NQ==","100001478012460","Nasir Bintang Asia","https://scontent.fsjp5-1.fna.fbcdn.net/v/t39.30808-1/374566524_6652285924830609_4550832743895994737_n.jpg?stp=cp0_dst-jpg_s32x32&_nc_cat=110&ccb=1-7&_nc_sid=50d2ac&_nc_ohc=ET78vRU446YQ7kNvgHmrChD&_nc_ht=scontent.fsjp5-1.fna&_nc_gid=AWUaU1KoIe45LXfdybzoeeL&oh=00_AYAURSK4SLF2p2GoYMZoJfWz-tS2pIJ1-FiDhwd7EBbpuA&oe=66FD6089","https://www.facebook.com/nasir.smk2","Y29tbWVudDo4NDU5MDQwNDE3NDg4NDc1XzQ0ODcwMjI2NDg3ODc3NQ==","Bintang Asia Sumbagsel","1","1","2024-09-27T00:28:24.000Z","8459040417488475","https://www.facebook.com/100001478012460/posts/8459040417488475","ZmVlZGJhY2s6ODQ1OTA0MDQxNzQ4ODQ3NV80NDg3MDIyNjQ4Nzg3NzU=","Y29tbWVudDo4NDU5MDQwNDE3NDg4NDc1XzQ0ODcwMjI2NDg3ODc3NQ==","https://www.facebook.com/100001478012460/posts/8459040417488475","0","113420435192600",,,,,,,,"Gambas/Oyong Bareta F1 masih bisa perform dikondisi vegetatif hampir mati dan kekurangan air. #petani #benihcitraasia #bintangasia #oyong. Diar · Unity Slow","100054873674004","Bintang Asia Sumbagsel","https://scontent.fsjp5-1.fna.fbcdn.net/v/t39.30808-1/433036366_937672538071860_589780860167365947_n.jpg?stp=cp0_dst-jpg_s32x32&_nc_cat=106&ccb=1-7&_nc_sid=50d2ac&_nc_ohc=iZ7QBe8ruNgQ7kNvgF79eay&_nc_ht=scontent.fsjp5-1.fna&_nc_gid=AWUaU1KoIe45LXfdybzoeeL&oh=00_AYATl7l9q9Cek_V1X5NbCMHFh6UDk9NyI7TE-DqByh_XhQ&oe=66FD39F9","https://www.facebook.com/@bintang.a.jambi/",,,"0"
,,,,,,,,,,,,,,,,"https://www.facebook.com/reel/1470290380294734/?comment_id=8057213601055930&reply_comment_id=1080297440176432",,,,,,,,,,,,,,,,,,,,,,,,,,,,,,,,,"2024-09-27T00:51:48.000Z","8459040417488475","https://www.facebook.com/100001478012460/posts/8459040417488475","ZmVlZGJhY2s6ODQ1OTA0MDQxNzQ4ODQ3NV8xMDgwMjk3NDQwMTc2NDMy","Y29tbWVudDo4NDU5MDQwNDE3NDg4NDc1XzEwODAyOTc0NDAxNzY0MzI=","https://www.facebook.com/100001478012460/posts/8459040417488475","0","113420435192600",,,"User","100000717205339","Iskandar Pasha","Iskandar","Y29tbWVudDo4NDU5MDQwNDE3NDg4NDc1XzgwNTcyMTM2MDEwNTU5MzA=","Gambas/Oyong Bareta F1 masih bisa perform dikondisi vegetatif hampir mati dan kekurangan air. #petani #benihcitraasia #bintangasia #oyong. Diar · Unity Slow","100001478012460","Nasir Bintang Asia","https://scontent.fbel16-1.fna.fbcdn.net/v/t39.30808-1/374566524_6652285924830609_4550832743895994737_n.jpg?stp=cp0_dst-jpg_s32x32&_nc_cat=110&ccb=1-7&_nc_sid=50d2ac&_nc_ohc=ET78vRU446YQ7kNvgEmG5XG&_nc_ht=scontent.fbel16-1.fna&_nc_gid=ADRuqL5WbA3OK3zu7qJZi8L&oh=00_AYC51LLtC-4evfukSzuEv33r-V8EiCNWz7DUJnoQ8o74jw&oe=66FD6089","https://www.facebook.com/nasir.smk2","Y29tbWVudDo4NDU5MDQwNDE3NDg4NDc1XzgwNTcyMTM2MDEwNTU5MzA=","Iskandar Pasha Siap Ndan","1"
,,,,,,,,,,,,,,,,"https://www.facebook.com/reel/1470290380294734/?comment_id=830323349309357&reply_comment_id=1315343916095038",,,,,,,,,,,,,,,,,,,,,,,,,,,,,,,,,"2024-09-27T00:52:02.000Z","8459040417488475","https://www.facebook.com/100001478012460/posts/8459040417488475","ZmVlZGJhY2s6ODQ1OTA0MDQxNzQ4ODQ3NV8xMzE1MzQzOTE2MDk1MDM4","Y29tbWVudDo4NDU5MDQwNDE3NDg4NDc1XzEzMTUzNDM5MTYwOTUwMzg=","https://www.facebook.com/100001478012460/posts/8459040417488475","0","113420435192600",,,"User","100007578522755","Renzy Bintangasia","Renzy","Y29tbWVudDo4NDU5MDQwNDE3NDg4NDc1XzgzMDMyMzM0OTMwOTM1Nw==","Gambas/Oyong Bareta F1 masih bisa perform dikondisi vegetatif hampir mati dan kekurangan air. #petani #benihcitraasia #bintangasia #oyong. Diar · Unity Slow","100001478012460","Nasir Bintang Asia","https://scontent.fbek1-2.fna.fbcdn.net/v/t39.30808-1/374566524_6652285924830609_4550832743895994737_n.jpg?stp=cp0_dst-jpg_s32x32&_nc_cat=110&ccb=1-7&_nc_sid=50d2ac&_nc_ohc=ET78vRU446YQ7kNvgEFN0Y1&_nc_ht=scontent.fbek1-2.fna&_nc_gid=A7Ptefx9wjv1UYpsTEMAapk&oh=00_AYCvP-8pPdW5eGfKmCRaNCJ_sETqlEZhC2-HGOfS25pw3Q&oe=66FD6089","https://www.facebook.com/nasir.smk2","Y29tbWVudDo4NDU5MDQwNDE3NDg4NDc1XzgzMDMyMzM0OTMwOTM1Nw==","Renzy Bintangasia belajar mase","1"
"Sticker",,"https://scontent-ord5-1.xx.fbcdn.net/v/t39.1997-6/47055694_1834508303314720_643166924464717824_n.webp?stp=dst-webp_s110x80&_nc_cat=1&ccb=1-7&_nc_sid=ba09c1&_nc_ohc=m9OkAram9jUQ7kNvgF8y5hi&_nc_ht=scontent-ord5-1.xx&_nc_gid=A-GJ7imPPiRQvsXqQqLupwj&oh=00_AYBF7zx3VXSc0XEuAd3U9sA0rSdrWVjbFZdg3FoJOoipHg&oe=66FD5109","12","83","3","4","1193278434104380","80","https://scontent-ord5-1.xx.fbcdn.net/v/t39.1997-6/47614232_1846683475430536_3135922765756891136_n.png?stp=cp0_dst-png_s110x80&_nc_cat=1&ccb=1-7&_nc_sid=23dd7b&_nc_ohc=oUm8IG8PuXcQ7kNvgFdQYKH&_nc_ht=scontent-ord5-1.xx&_nc_gid=A-GJ7imPPiRQvsXqQqLupwj&oh=00_AYCR8OWqlp6YSzAnQwdWuQ5JbjS8AM8vcmSYhy201gVFGg&oe=66FD5C63","80","Thumbs Up, girl giving thumbs up","1193273174104906","Noo-Hin",,"https://scontent-ord5-1.xx.fbcdn.net/v/t39.1997-6/47472862_1846683478763869_5271603212267290624_n.png?stp=dst-png_p240x240&_nc_cat=1&ccb=1-7&_nc_sid=ba09c1&_nc_ohc=I0fODnDfZAYQ7kNvgHu9idc&_nc_ht=scontent-ord5-1.xx&_nc_gid=A-GJ7imPPiRQvsXqQqLupwj&oh=00_AYAqYnNipkxMNBZOXfF7dDARIEL1nPVCuUjFAFh2S4SgSQ&oe=66FD3DBE","https://www.facebook.com/reel/1470290380294734/?comment_id=448702264878775&reply_comment_id=884424823613956",,,,,,,,,,,,,,,,,,,,,,,,,,,,,,,,,"2024-09-27T00:51:34.000Z","8459040417488475","https://www.facebook.com/100001478012460/posts/8459040417488475","ZmVlZGJhY2s6ODQ1OTA0MDQxNzQ4ODQ3NV84ODQ0MjQ4MjM2MTM5NTY=","Y29tbWVudDo4NDU5MDQwNDE3NDg4NDc1Xzg4NDQyNDgyMzYxMzk1Ng==","https://www.facebook.com/100001478012460/posts/8459040417488475","0","113420435192600",,,"User","100054873674004","Bintang Asia Sumbagsel","Bintang","Y29tbWVudDo4NDU5MDQwNDE3NDg4NDc1XzQ0ODcwMjI2NDg3ODc3NQ==","Gambas/Oyong Bareta F1 masih bisa perform dikondisi vegetatif hampir mati dan kekurangan air. #petani #benihcitraasia #bintangasia #oyong. Diar · Unity Slow","100001478012460","Nasir Bintang Asia","https://scontent-ord5-2.xx.fbcdn.net/v/t39.30808-1/374566524_6652285924830609_4550832743895994737_n.jpg?stp=cp0_dst-jpg_s32x32&_nc_cat=110&ccb=1-7&_nc_sid=50d2ac&_nc_ohc=ET78vRU446YQ7kNvgHFcYni&_nc_ht=scontent-ord5-2.xx&_nc_gid=A-GJ7imPPiRQvsXqQqLupwj&oh=00_AYBdOS5qROcqVf1cHhgGbA4nYpbNWgFKR0nfGyRussjCog&oe=66FD6089","https://www.facebook.com/nasir.smk2","Y29tbWVudDo4NDU5MDQwNDE3NDg4NDc1XzQ0ODcwMjI2NDg3ODc3NQ==","Bintang Asia Sumbagsel","1"
