﻿"node","url"
,"https://www.facebook.com/pfbid026WyRYB9hoKW5WncBgw2ayFrBFAMZdxp8g9ABmpB4nzWypUBspFd75NVM9suZ5aanl/posts/122140916882282694"
,"https://www.facebook.com/pfbid026WyRYB9hoKW5WncBgw2ayFrBFAMZdxp8g9ABmpB4nzWypUBspFd75NVM9suZ5aanl/posts/122140908710282694"
,"https://www.facebook.com/pfbid026WyRYB9hoKW5WncBgw2ayFrBFAMZdxp8g9ABmpB4nzWypUBspFd75NVM9suZ5aanl/posts/122140934084282694"
,"https://www.facebook.com/pfbid026WyRYB9hoKW5WncBgw2ayFrBFAMZdxp8g9ABmpB4nzWypUBspFd75NVM9suZ5aanl/posts/122140860296282694"
