﻿"channelAvatarUrl","channelBannerUrl","channelDescription","channelDescriptionLinks/0/text","channelDescriptionLinks/0/url","channelDescriptionLinks/1/text","channelDescriptionLinks/1/url","channelDescriptionLinks/2/text","channelDescriptionLinks/2/url","channelDescriptionLinks/3/text","channelDescriptionLinks/3/url","channelId","channelJoinedDate","channelLocation","channelName","channelTotalVideos","channelTotalViews","channelUrl","comments","commentsCount","commentsTurnedOff","date","descriptionLinks/0/text","descriptionLinks/0/url","descriptionLinks/1/text","descriptionLinks/1/url","descriptionLinks/2/text","descriptionLinks/2/url","descriptionLinks/3/text","descriptionLinks/3/url","descriptionLinks/4/text","descriptionLinks/4/url","descriptionLinks/5/text","descriptionLinks/5/url","descriptionLinks/6/text","descriptionLinks/6/url","descriptionLinks/7/text","descriptionLinks/7/url","descriptionLinks/8/text","descriptionLinks/8/url","descriptionLinks/9/text","descriptionLinks/9/url","descriptionLinks/10/text","descriptionLinks/10/url","descriptionLinks/11/text","descriptionLinks/11/url","duration","fromYTUrl","id","input","inputChannelUrl","isAgeRestricted","isChannelVerified","isMonetized","likes","location","note","numberOfSubscribers","subtitles","text","thumbnailUrl","title","type","url","viewCount"
,,,,,,,,,,,,,,,,,,,,,,,,,,,,,,,,,,,,,,,,,,,,,,,,,"https://www.youtube.com/@mitrapertanianchannel/videos",,,,,,,"The channel has no live videos.",,,,,,,"https://www.youtube.com/@mitrapertanianchannel/about",
"https://yt3.googleusercontent.com/x6aVqa3bsPg3rjEClUuf_K34igaYx7_SRvnldi42jfMQAKLfHAEcHhB2IBkD8rQIXkFkKrSg3g=s160-c-k-c0x00ffffff-no-rj","https://yt3.googleusercontent.com/7t9g9rFzmUU4n9zgKPxGtyQisXAVdRBp01XIBnu_kpoARkqfAPaR9c7ZVtEvTI9eO5nLHw0UNA=w2560-fcrop64=1,00005a57ffffa5a8-k-c0xffffffff-no-nd-rj","Kontak admint khusus kerjasama/kemitraan +6282110125543 Chat/tlp Diluar kerjasama tidak bisa dibalas 🙏

JUJUR adalah kunci keSUKSESan, & ""SEBAIK-BAIKNYA ORANG YG SELALU MEMBERI MANFAAT UNTUK ORANG LAIN""

Pesan dariku untuk para sahabat dimanapun berada, ketahuilah bahwa:
HITAM/PUTIHnya warna kulit, tidak menentukan MISKIN/KAYA, karna keSUKSESan akan datang pada org yg memiliki MIMPI & PERJUANGAN Besar.

Dukung ""MITRA PERTANIAN CHANNEL"" agar terus berkembang & memberi manfaat untuk orang banyak dengan cara SUBSCRIBE, LIKE, COMENT & SHARE. karna:
""Sebaik-baiknya orang yang bisa bermanfaat untuk orang lain""

Jangan Malu Jadi Petani, karna SUKSES tidak di ukur dari bidang pekerjaan ataupun warna kulit, Ikhtiar & Do'a adalah kunci utama, Urusan Hasil biar Tuhan Yang Menentukan.
""MAN JADDA WAJADA""

""Mitra Pertanian Channel""","Mitra Pertanian Channel","https://www.facebook.com/naura.n.jaelani?mibextid=ZbWKwL","keranjang kuning 100% ORIGINAL","tiktok.com/@mitra.pertanian.c","Instagram","https://instagram.com/mitra_pertanian?utm_source=qr&igshid=OGU0MmVlOWVjOQ==","Bibit KALIBER 100% ORIGINAL","https://s.lazada.co.id/s.p58kt","UCrOkSpB5JDBCUrZaOzbsUcw","Jul 7, 2018","Indonesia","Mitra Pertanian Channel","376","5388315","https://www.youtube.com/channel/UCrOkSpB5JDBCUrZaOzbsUcw",,"64","false","2024-09-03T11:00:38.000Z","https://www.facebook.com/naura.n.jael...","https://www.facebook.com/naura.n.jaelani/videos/320882473211995/?mibextid=Nif5oz","https://s.lazada.co.id/s.tWPoC?cc","https://s.lazada.co.id/s.tWPoC?cc","https://s.lazada.co.id/s.tWPHr?cc","https://s.lazada.co.id/s.tWPHr?cc","https://s.lazada.co.id/s.tWPDy?cc","https://s.lazada.co.id/s.tWPDy?cc","https://s.lazada.co.id/s.tWlbp?cc","https://s.lazada.co.id/s.tWlbp?cc","#petanicabesubang","https://www.youtube.com/hashtag/petanicabesubang","#infopertaniancabe","https://www.youtube.com/hashtag/infopertaniancabe","#pertanian","https://www.youtube.com/hashtag/pertanian","https://www.facebook.com/naura.n.jael...","https://www.facebook.com/naura.n.jaelani?mibextid=ZbWKwL","https://instagram.com/mitra_pertanian...","https://instagram.com/mitra_pertanian?utm_source=qr&igshid=OGU0MmVlOWVjOQ==",,,,,"00:23:20","https://www.youtube.com/@mitrapertanianchannel/videos","bZe8rkSgetU",,"https://www.youtube.com/@mitrapertanianchannel/videos","false","false",,"121","WANTILAN",,"53700",,"Pupuk kocor cabe masa generatif optimalkan kesehatan maksimalkan pembuahan

Update perkembangan setiap hari di facebook:
https://www.facebook.com/naura.n.jael...

Pupuk yang digunakan beli ditoko ini
NPK GROWER 1KG
https://s.lazada.co.id/s.tWPoC?cc
PUPUK HAYATI TRICHODERMA
https://s.lazada.co.id/s.tWPHr?cc
CALSIUM MANO CALBOR
https://s.lazada.co.id/s.tWPDy?cc
ASAM HUMAT
https://s.lazada.co.id/s.tWlbp?cc

#petanicabesubang
#infopertaniancabe
#pertanian

follow juga media sosial ‎@mitrapertanianchannel  
==================================
facebook:
https://www.facebook.com/naura.n.jael...

==================================
tiktok:
tiktok.com/@mitra.pertanian.c

==================================
instagram:
https://instagram.com/mitra_pertanian...

==================================

Title: peaceful new version
Music by: J.Herman
Link youtube: Backsound ceria santai
Youtube: Lonely track","https://i.ytimg.com/vi/bZe8rkSgetU/maxresdefault.jpg","🔴 PUPUK KOCOR CABE MASA GENERATIF OPTIMALKAN KESEHATAN MAKSIMALKAN PEMBUAHAN #petanicabesubang","video","https://www.youtube.com/watch?v=bZe8rkSgetU","6390"
"https://yt3.googleusercontent.com/x6aVqa3bsPg3rjEClUuf_K34igaYx7_SRvnldi42jfMQAKLfHAEcHhB2IBkD8rQIXkFkKrSg3g=s160-c-k-c0x00ffffff-no-rj","https://yt3.googleusercontent.com/7t9g9rFzmUU4n9zgKPxGtyQisXAVdRBp01XIBnu_kpoARkqfAPaR9c7ZVtEvTI9eO5nLHw0UNA=w2560-fcrop64=1,00005a57ffffa5a8-k-c0xffffffff-no-nd-rj","Kontak admint khusus kerjasama/kemitraan +6282110125543 Chat/tlp Diluar kerjasama tidak bisa dibalas 🙏

JUJUR adalah kunci keSUKSESan, & ""SEBAIK-BAIKNYA ORANG YG SELALU MEMBERI MANFAAT UNTUK ORANG LAIN""

Pesan dariku untuk para sahabat dimanapun berada, ketahuilah bahwa:
HITAM/PUTIHnya warna kulit, tidak menentukan MISKIN/KAYA, karna keSUKSESan akan datang pada org yg memiliki MIMPI & PERJUANGAN Besar.

Dukung ""MITRA PERTANIAN CHANNEL"" agar terus berkembang & memberi manfaat untuk orang banyak dengan cara SUBSCRIBE, LIKE, COMENT & SHARE. karna:
""Sebaik-baiknya orang yang bisa bermanfaat untuk orang lain""

Jangan Malu Jadi Petani, karna SUKSES tidak di ukur dari bidang pekerjaan ataupun warna kulit, Ikhtiar & Do'a adalah kunci utama, Urusan Hasil biar Tuhan Yang Menentukan.
""MAN JADDA WAJADA""

""Mitra Pertanian Channel""","Mitra Pertanian Channel","https://www.facebook.com/naura.n.jaelani?mibextid=ZbWKwL","keranjang kuning 100% ORIGINAL","tiktok.com/@mitra.pertanian.c","Instagram","https://instagram.com/mitra_pertanian?utm_source=qr&igshid=OGU0MmVlOWVjOQ==","Bibit KALIBER 100% ORIGINAL","https://s.lazada.co.id/s.p58kt","UCrOkSpB5JDBCUrZaOzbsUcw","Jul 7, 2018","Indonesia","Mitra Pertanian Channel","376","5388315","https://www.youtube.com/channel/UCrOkSpB5JDBCUrZaOzbsUcw",,"32","false","2024-09-13T11:00:45.000Z","https://www.facebook.com/naura.n.jael...","https://www.facebook.com/naura.n.jaelani/videos/320882473211995/?mibextid=Nif5oz","#petanicabesubang","https://www.youtube.com/hashtag/petanicabesubang","#infopertaniancabe","https://www.youtube.com/hashtag/infopertaniancabe","#pertanian","https://www.youtube.com/hashtag/pertanian","https://s.lazada.co.id/s.summT?cc","https://s.lazada.co.id/s.summT?cc","https://s.lazada.co.id/s.HqJ3e?cc","https://s.lazada.co.id/s.HqJ3e?cc","https://s.lazada.co.id/s.HqI8D?cc","https://s.lazada.co.id/s.HqI8D?cc","https://s.lazada.co.id/s.rVv0s?cc","https://s.lazada.co.id/s.rVv0s?cc","https://s.lazada.co.id/s.sdCpJ","https://s.lazada.co.id/s.sdCpJ","https://www.facebook.com/naura.n.jael...","https://www.facebook.com/naura.n.jaelani?mibextid=ZbWKwL","https://instagram.com/mitra_pertanian...","https://instagram.com/mitra_pertanian?utm_source=qr&igshid=OGU0MmVlOWVjOQ==",,,"00:18:37","https://www.youtube.com/@mitrapertanianchannel/videos","f6nrgmg0xuY",,"https://www.youtube.com/@mitrapertanianchannel/videos","false","false",,"64","WANTILAN",,"53700",,"Pat 2 100% tunas pulih tanpa stak atasi keriting daun cabe yang bandel & sudah kebal pestisida

Update perkembangan setiap hari di facebook:
https://www.facebook.com/naura.n.jael...

#petanicabesubang 
#infopertaniancabe 
#pertanian 

Pestisida yang digunakan beli ditoko ini :
Calsium nitrat
https://s.lazada.co.id/s.summT?cc
Insektisida winder 250ml
https://s.lazada.co.id/s.HqJ3e?cc
Insektisida winder 100ml
https://s.lazada.co.id/s.HqI8D?cc
Insektisida abamectine catez 500ml
https://s.lazada.co.id/s.rVv0s?cc
Fertilon 2,5gr
https://s.lazada.co.id/s.sdCpJ

follow juga media sosial ‎@mitrapertanianchannel  
==================================
facebook:
https://www.facebook.com/naura.n.jael...

==================================
tiktok:
tiktok.com/@mitra.pertanian.c

==================================
instagram:
https://instagram.com/mitra_pertanian...

==================================

Title: peaceful new version
Music by: J.Herman
Link youtube: Backsound ceria santai
Youtube: Lonely track","https://i.ytimg.com/vi/f6nrgmg0xuY/maxresdefault.jpg","🔴 PART 2 100% TUNAS PULIH TANPA STAK ATASI KERITING DAUN CABE YANG BANDEL & KEBAL #petanicabesubang","video","https://www.youtube.com/watch?v=f6nrgmg0xuY","3383"
"https://yt3.googleusercontent.com/x6aVqa3bsPg3rjEClUuf_K34igaYx7_SRvnldi42jfMQAKLfHAEcHhB2IBkD8rQIXkFkKrSg3g=s160-c-k-c0x00ffffff-no-rj","https://yt3.googleusercontent.com/7t9g9rFzmUU4n9zgKPxGtyQisXAVdRBp01XIBnu_kpoARkqfAPaR9c7ZVtEvTI9eO5nLHw0UNA=w2560-fcrop64=1,00005a57ffffa5a8-k-c0xffffffff-no-nd-rj","Kontak admint khusus kerjasama/kemitraan +6282110125543 Chat/tlp Diluar kerjasama tidak bisa dibalas 🙏

JUJUR adalah kunci keSUKSESan, & ""SEBAIK-BAIKNYA ORANG YG SELALU MEMBERI MANFAAT UNTUK ORANG LAIN""

Pesan dariku untuk para sahabat dimanapun berada, ketahuilah bahwa:
HITAM/PUTIHnya warna kulit, tidak menentukan MISKIN/KAYA, karna keSUKSESan akan datang pada org yg memiliki MIMPI & PERJUANGAN Besar.

Dukung ""MITRA PERTANIAN CHANNEL"" agar terus berkembang & memberi manfaat untuk orang banyak dengan cara SUBSCRIBE, LIKE, COMENT & SHARE. karna:
""Sebaik-baiknya orang yang bisa bermanfaat untuk orang lain""

Jangan Malu Jadi Petani, karna SUKSES tidak di ukur dari bidang pekerjaan ataupun warna kulit, Ikhtiar & Do'a adalah kunci utama, Urusan Hasil biar Tuhan Yang Menentukan.
""MAN JADDA WAJADA""

""Mitra Pertanian Channel""","Mitra Pertanian Channel","https://www.facebook.com/naura.n.jaelani?mibextid=ZbWKwL","keranjang kuning 100% ORIGINAL","tiktok.com/@mitra.pertanian.c","Instagram","https://instagram.com/mitra_pertanian?utm_source=qr&igshid=OGU0MmVlOWVjOQ==","Bibit KALIBER 100% ORIGINAL","https://s.lazada.co.id/s.p58kt","UCrOkSpB5JDBCUrZaOzbsUcw","Jul 7, 2018","Indonesia","Mitra Pertanian Channel","376","5388315","https://www.youtube.com/channel/UCrOkSpB5JDBCUrZaOzbsUcw",,"33","false","2024-09-15T23:00:00.000Z","https://www.facebook.com/naura.n.jael...","https://www.facebook.com/naura.n.jaelani/videos/320882473211995/?mibextid=Nif5oz","https://s.lazada.co.id/s.tuE3o?cc","https://s.lazada.co.id/s.tuE3o?cc","https://s.lazada.co.id/s.tuEQN?cc","https://s.lazada.co.id/s.tuEQN?cc","https://s.lazada.co.id/s.tuEOu?cc","https://s.lazada.co.id/s.tuEOu?cc","https://www.facebook.com/naura.n.jael...","https://www.facebook.com/naura.n.jaelani?mibextid=ZbWKwL","https://instagram.com/mitra_pertanian...","https://instagram.com/mitra_pertanian?utm_source=qr&igshid=OGU0MmVlOWVjOQ==","#petanicabesubang","https://www.youtube.com/hashtag/petanicabesubang","#infopertaniancabe","https://www.youtube.com/hashtag/infopertaniancabe","#pertanian","https://www.youtube.com/hashtag/pertanian",,,,,,,"00:20:45","https://www.youtube.com/@mitrapertanianchannel/videos","116bIoeUTcw",,"https://www.youtube.com/@mitrapertanianchannel/videos","false","false",,"56","WANTILAN",,"53700",,"Hemat pupuk kimia hingga 75% dengan dekomposer fermentasi cegah penyakit patek & layu fusarium

Update perkembangan setiap hari di facebook:
https://www.facebook.com/naura.n.jael...

Pupuk yang digunakan beli ditoko ini:
Karate plus boroni
https://s.lazada.co.id/s.tuE3o?cc
Npk 16 pak tani
https://s.lazada.co.id/s.tuEQN?cc
Asam humat
https://s.lazada.co.id/s.tuEOu?cc

follow juga media sosial ‎@mitrapertanianchannel  
==================================
facebook:
https://www.facebook.com/naura.n.jael...

==================================
tiktok:
tiktok.com/@mitra.pertanian.c

==================================
instagram:
https://instagram.com/mitra_pertanian...

==================================

#petanicabesubang 
#infopertaniancabe 
#pertanian 

Title: peaceful new version
Music by: J.Herman
Link youtube: Backsound ceria santai
Youtube: Lonely track","https://i.ytimg.com/vi/116bIoeUTcw/maxresdefault.jpg","🔴 HEMAT PUPUK KIMIA HINGGA 75% DENGAN DEKOMPOSER FERMENTASI CEGAH PENYAKIT PATEK #petanicabesubang","video","https://www.youtube.com/watch?v=116bIoeUTcw","3025"
"https://yt3.googleusercontent.com/x6aVqa3bsPg3rjEClUuf_K34igaYx7_SRvnldi42jfMQAKLfHAEcHhB2IBkD8rQIXkFkKrSg3g=s160-c-k-c0x00ffffff-no-rj","https://yt3.googleusercontent.com/7t9g9rFzmUU4n9zgKPxGtyQisXAVdRBp01XIBnu_kpoARkqfAPaR9c7ZVtEvTI9eO5nLHw0UNA=w2560-fcrop64=1,00005a57ffffa5a8-k-c0xffffffff-no-nd-rj","Kontak admint khusus kerjasama/kemitraan +6282110125543 Chat/tlp Diluar kerjasama tidak bisa dibalas 🙏

JUJUR adalah kunci keSUKSESan, & ""SEBAIK-BAIKNYA ORANG YG SELALU MEMBERI MANFAAT UNTUK ORANG LAIN""

Pesan dariku untuk para sahabat dimanapun berada, ketahuilah bahwa:
HITAM/PUTIHnya warna kulit, tidak menentukan MISKIN/KAYA, karna keSUKSESan akan datang pada org yg memiliki MIMPI & PERJUANGAN Besar.

Dukung ""MITRA PERTANIAN CHANNEL"" agar terus berkembang & memberi manfaat untuk orang banyak dengan cara SUBSCRIBE, LIKE, COMENT & SHARE. karna:
""Sebaik-baiknya orang yang bisa bermanfaat untuk orang lain""

Jangan Malu Jadi Petani, karna SUKSES tidak di ukur dari bidang pekerjaan ataupun warna kulit, Ikhtiar & Do'a adalah kunci utama, Urusan Hasil biar Tuhan Yang Menentukan.
""MAN JADDA WAJADA""

""Mitra Pertanian Channel""","Mitra Pertanian Channel","https://www.facebook.com/naura.n.jaelani?mibextid=ZbWKwL","keranjang kuning 100% ORIGINAL","tiktok.com/@mitra.pertanian.c","Instagram","https://instagram.com/mitra_pertanian?utm_source=qr&igshid=OGU0MmVlOWVjOQ==","Bibit KALIBER 100% ORIGINAL","https://s.lazada.co.id/s.p58kt","UCrOkSpB5JDBCUrZaOzbsUcw","Jul 7, 2018","Indonesia","Mitra Pertanian Channel","376","5388315","https://www.youtube.com/channel/UCrOkSpB5JDBCUrZaOzbsUcw",,"30","false","2024-09-18T11:00:27.000Z","https://www.facebook.com/naura.n.jael...","https://www.facebook.com/naura.n.jaelani/videos/320882473211995/?mibextid=Nif5oz","https://s.lazada.co.id/s.IDpqg?cc","https://s.lazada.co.id/s.IDpqg?cc","https://s.lazada.co.id/s.HnqIb?ccGrical","https://s.lazada.co.id/s.HnqIb?ccGrical","https://s.lazada.co.id/s.rVv0s?cc","https://s.lazada.co.id/s.rVv0s?cc","https://s.lazada.co.id/s.rVv6l?cc","https://s.lazada.co.id/s.rVv6l?cc","https://www.facebook.com/naura.n.jael...","https://www.facebook.com/naura.n.jaelani?mibextid=ZbWKwL","https://instagram.com/mitra_pertanian...","https://instagram.com/mitra_pertanian?utm_source=qr&igshid=OGU0MmVlOWVjOQ==","#petanicabesubang","https://www.youtube.com/hashtag/petanicabesubang","#infopertaniancabe","https://www.youtube.com/hashtag/infopertaniancabe","#pertanian","https://www.youtube.com/hashtag/pertanian","#berkebun","https://www.youtube.com/hashtag/berkebun",,,"00:17:29","https://www.youtube.com/@mitrapertanianchannel/videos","U-H5k14i57E",,"https://www.youtube.com/@mitrapertanianchannel/videos","false","false",,"57","WANTILAN",,"53700",,"Tunas macet gak mau tumbuh ? Daun kuning & kerdil ? Spray nutrisi & pupuk ini solusinya...

Update perkembangan setiap hari di facebook:
https://www.facebook.com/naura.n.jael...

Pupuk yang digunakan beli ditoko ini:
Mag.sulfat
https://s.lazada.co.id/s.IDpqg?cc
Asam amino & fulvat
https://s.lazada.co.id/s.HnqIb?ccGrical
Insek abamectine 500ml
https://s.lazada.co.id/s.rVv0s?cc
Pupuk Makro majemuk
https://s.lazada.co.id/s.rVv6l?cc


follow juga media sosial ‎@mitrapertanianchannel  
==================================
facebook:
https://www.facebook.com/naura.n.jael...

==================================
tiktok:
tiktok.com/@mitra.pertanian.c

==================================
instagram:
https://instagram.com/mitra_pertanian...

==================================
#petanicabesubang 
#infopertaniancabe 
#pertanian 
#berkebun 

Title: peaceful new version
Music by: J.Herman
Link youtube: Backsound ceria santai
Youtube: Lonely track","https://i.ytimg.com/vi/U-H5k14i57E/maxresdefault.jpg","🔴 TUNAS MACET GAK MAU TUMBUH ? DAUN KUNING & KERDIL ? SPRAY PUPUK & NUTRISI INI #petanicabesubang","video","https://www.youtube.com/watch?v=U-H5k14i57E","3423"
"https://yt3.googleusercontent.com/x6aVqa3bsPg3rjEClUuf_K34igaYx7_SRvnldi42jfMQAKLfHAEcHhB2IBkD8rQIXkFkKrSg3g=s160-c-k-c0x00ffffff-no-rj","https://yt3.googleusercontent.com/7t9g9rFzmUU4n9zgKPxGtyQisXAVdRBp01XIBnu_kpoARkqfAPaR9c7ZVtEvTI9eO5nLHw0UNA=w2560-fcrop64=1,00005a57ffffa5a8-k-c0xffffffff-no-nd-rj","Kontak admint khusus kerjasama/kemitraan +6282110125543 Chat/tlp Diluar kerjasama tidak bisa dibalas 🙏

JUJUR adalah kunci keSUKSESan, & ""SEBAIK-BAIKNYA ORANG YG SELALU MEMBERI MANFAAT UNTUK ORANG LAIN""

Pesan dariku untuk para sahabat dimanapun berada, ketahuilah bahwa:
HITAM/PUTIHnya warna kulit, tidak menentukan MISKIN/KAYA, karna keSUKSESan akan datang pada org yg memiliki MIMPI & PERJUANGAN Besar.

Dukung ""MITRA PERTANIAN CHANNEL"" agar terus berkembang & memberi manfaat untuk orang banyak dengan cara SUBSCRIBE, LIKE, COMENT & SHARE. karna:
""Sebaik-baiknya orang yang bisa bermanfaat untuk orang lain""

Jangan Malu Jadi Petani, karna SUKSES tidak di ukur dari bidang pekerjaan ataupun warna kulit, Ikhtiar & Do'a adalah kunci utama, Urusan Hasil biar Tuhan Yang Menentukan.
""MAN JADDA WAJADA""

""Mitra Pertanian Channel""","Mitra Pertanian Channel","https://www.facebook.com/naura.n.jaelani?mibextid=ZbWKwL","keranjang kuning 100% ORIGINAL","tiktok.com/@mitra.pertanian.c","Instagram","https://instagram.com/mitra_pertanian?utm_source=qr&igshid=OGU0MmVlOWVjOQ==","Bibit KALIBER 100% ORIGINAL","https://s.lazada.co.id/s.p58kt","UCrOkSpB5JDBCUrZaOzbsUcw","Jul 7, 2018","Indonesia","Mitra Pertanian Channel","376","5388315","https://www.youtube.com/channel/UCrOkSpB5JDBCUrZaOzbsUcw",,"0","false","2024-09-29T12:25:03.000Z","https://www.facebook.com/naura.n.jael...","https://www.facebook.com/naura.n.jaelani/videos/320882473211995/?mibextid=Nif5oz","https://s.lazada.co.id/s.sumDH?cc","https://s.lazada.co.id/s.sumDH?cc","https://s.lazada.co.id/s.tQkjU?cc","https://s.lazada.co.id/s.tQkjU?cc","https://www.facebook.com/naura.n.jael...","https://www.facebook.com/naura.n.jaelani?mibextid=ZbWKwL","https://instagram.com/mitra_pertanian...","https://instagram.com/mitra_pertanian?utm_source=qr&igshid=OGU0MmVlOWVjOQ==","#petanicabesubang","https://www.youtube.com/hashtag/petanicabesubang","#infopertaniancabe","https://www.youtube.com/hashtag/infopertaniancabe","#pertanian","https://www.youtube.com/hashtag/pertanian",,,,,,,,,"00:15:14","https://www.youtube.com/@mitrapertanianchannel/videos","X6tBwDwqhsQ",,"https://www.youtube.com/@mitrapertanianchannel/videos","false","false",,"34","WANTILAN",,"53700",,"Insektisida untuk basmi telur lalat buah & larva ulat bor

Update perkembangan setiap hari di facebook:
https://www.facebook.com/naura.n.jael...

Pupuk & Pestisida yang digunakan beli ditoko ini
Insektisida metha
https://s.lazada.co.id/s.sumDH?cc
KCL CAIR
https://s.lazada.co.id/s.tQkjU?cc

follow juga media sosial ‎@mitrapertanianchannel  
==================================
facebook:
https://www.facebook.com/naura.n.jael...

==================================
tiktok:
tiktok.com/@mitra.pertanian.c

==================================
instagram:
https://instagram.com/mitra_pertanian...

==================================

#petanicabesubang 
#infopertaniancabe  
#pertanian 


Title: peaceful new version
Music by: J.Herman
Link youtube: Backsound ceria santai
Youtube: Lonely track","https://i.ytimg.com/vi/X6tBwDwqhsQ/maxresdefault.jpg","🔴 INSEKTISIDA UNTUK BASMI TELUR LALAT BUAH & LARVA ULAT BOR PADA CABE #petanicabesubang","video","https://www.youtube.com/watch?v=X6tBwDwqhsQ","2185"
"https://yt3.googleusercontent.com/x6aVqa3bsPg3rjEClUuf_K34igaYx7_SRvnldi42jfMQAKLfHAEcHhB2IBkD8rQIXkFkKrSg3g=s160-c-k-c0x00ffffff-no-rj","https://yt3.googleusercontent.com/7t9g9rFzmUU4n9zgKPxGtyQisXAVdRBp01XIBnu_kpoARkqfAPaR9c7ZVtEvTI9eO5nLHw0UNA=w2560-fcrop64=1,00005a57ffffa5a8-k-c0xffffffff-no-nd-rj","Kontak admint khusus kerjasama/kemitraan +6282110125543 Chat/tlp Diluar kerjasama tidak bisa dibalas 🙏

JUJUR adalah kunci keSUKSESan, & ""SEBAIK-BAIKNYA ORANG YG SELALU MEMBERI MANFAAT UNTUK ORANG LAIN""

Pesan dariku untuk para sahabat dimanapun berada, ketahuilah bahwa:
HITAM/PUTIHnya warna kulit, tidak menentukan MISKIN/KAYA, karna keSUKSESan akan datang pada org yg memiliki MIMPI & PERJUANGAN Besar.

Dukung ""MITRA PERTANIAN CHANNEL"" agar terus berkembang & memberi manfaat untuk orang banyak dengan cara SUBSCRIBE, LIKE, COMENT & SHARE. karna:
""Sebaik-baiknya orang yang bisa bermanfaat untuk orang lain""

Jangan Malu Jadi Petani, karna SUKSES tidak di ukur dari bidang pekerjaan ataupun warna kulit, Ikhtiar & Do'a adalah kunci utama, Urusan Hasil biar Tuhan Yang Menentukan.
""MAN JADDA WAJADA""

""Mitra Pertanian Channel""","Mitra Pertanian Channel","https://www.facebook.com/naura.n.jaelani?mibextid=ZbWKwL","keranjang kuning 100% ORIGINAL","tiktok.com/@mitra.pertanian.c","Instagram","https://instagram.com/mitra_pertanian?utm_source=qr&igshid=OGU0MmVlOWVjOQ==","Bibit KALIBER 100% ORIGINAL","https://s.lazada.co.id/s.p58kt","UCrOkSpB5JDBCUrZaOzbsUcw","Jul 7, 2018","Indonesia","Mitra Pertanian Channel","376","5388315","https://www.youtube.com/channel/UCrOkSpB5JDBCUrZaOzbsUcw",,"52","false","2024-09-26T12:21:00.000Z","https://www.facebook.com/naura.n.jael...","https://www.facebook.com/naura.n.jaelani/videos/320882473211995/?mibextid=Nif5oz","https://s.lazada.co.id/s.tQkIn?cc","https://s.lazada.co.id/s.tQkIn?cc","https://s.lazada.co.id/s.tTe5Q?cc","https://s.lazada.co.id/s.tTe5Q?cc","https://s.lazada.co.id/s.tTe76?cc","https://s.lazada.co.id/s.tTe76?cc","https://s.lazada.co.id/s.GfoTF?cc","https://s.lazada.co.id/s.GfoTF?cc","https://s.lazada.co.id/s.Gfo8l?cc","https://s.lazada.co.id/s.Gfo8l?cc","https://www.facebook.com/naura.n.jael...","https://www.facebook.com/naura.n.jaelani?mibextid=ZbWKwL","https://instagram.com/mitra_pertanian...","https://instagram.com/mitra_pertanian?utm_source=qr&igshid=OGU0MmVlOWVjOQ==","#petanicabesubang","https://www.youtube.com/hashtag/petanicabesubang","#infopertaniancabe","https://www.youtube.com/hashtag/infopertaniancabe","#pertanian","https://www.youtube.com/hashtag/pertanian",,,"00:20:19","https://www.youtube.com/@mitrapertanianchannel/videos","gHWdHU_HFuk",,"https://www.youtube.com/@mitrapertanianchannel/videos","false","false",,"75",,,"53700",,"Amunisi pupuk daun setelah cabe diguyur hujan seharian

Update perkembangan setiap hari di facebook:
https://www.facebook.com/naura.n.jael...

Pupuk yang digunakan beli ditoko ini
nutrisi pembuahan
https://s.lazada.co.id/s.tQkIn?cc
Bm conzole 100ml
https://s.lazada.co.id/s.tTe5Q?cc
Bm conzole 250ml
https://s.lazada.co.id/s.tTe76?cc
Vitaflek 500gr
https://s.lazada.co.id/s.GfoTF?cc
Ultradap
https://s.lazada.co.id/s.Gfo8l?cc


follow juga media sosial ‎@mitrapertanianchannel  
==================================
facebook:
https://www.facebook.com/naura.n.jael...

==================================
tiktok:
tiktok.com/@mitra.pertanian.c

==================================
instagram:
https://instagram.com/mitra_pertanian...

==================================
#petanicabesubang 
#infopertaniancabe 
#pertanian 

Title: peaceful new version
Music by: J.Herman
Link youtube: Backsound ceria santai
Youtube: Lonely track","https://i.ytimg.com/vi/gHWdHU_HFuk/maxresdefault.jpg","🔴 AMUNISI PUPUK DAUN SETELAH CABE DIGUYUR HUJAN SEHARIAN #petanicabesubang","video","https://www.youtube.com/watch?v=gHWdHU_HFuk","4781"
"https://yt3.googleusercontent.com/x6aVqa3bsPg3rjEClUuf_K34igaYx7_SRvnldi42jfMQAKLfHAEcHhB2IBkD8rQIXkFkKrSg3g=s160-c-k-c0x00ffffff-no-rj","https://yt3.googleusercontent.com/7t9g9rFzmUU4n9zgKPxGtyQisXAVdRBp01XIBnu_kpoARkqfAPaR9c7ZVtEvTI9eO5nLHw0UNA=w2560-fcrop64=1,00005a57ffffa5a8-k-c0xffffffff-no-nd-rj","Kontak admint khusus kerjasama/kemitraan +6282110125543 Chat/tlp Diluar kerjasama tidak bisa dibalas 🙏

JUJUR adalah kunci keSUKSESan, & ""SEBAIK-BAIKNYA ORANG YG SELALU MEMBERI MANFAAT UNTUK ORANG LAIN""

Pesan dariku untuk para sahabat dimanapun berada, ketahuilah bahwa:
HITAM/PUTIHnya warna kulit, tidak menentukan MISKIN/KAYA, karna keSUKSESan akan datang pada org yg memiliki MIMPI & PERJUANGAN Besar.

Dukung ""MITRA PERTANIAN CHANNEL"" agar terus berkembang & memberi manfaat untuk orang banyak dengan cara SUBSCRIBE, LIKE, COMENT & SHARE. karna:
""Sebaik-baiknya orang yang bisa bermanfaat untuk orang lain""

Jangan Malu Jadi Petani, karna SUKSES tidak di ukur dari bidang pekerjaan ataupun warna kulit, Ikhtiar & Do'a adalah kunci utama, Urusan Hasil biar Tuhan Yang Menentukan.
""MAN JADDA WAJADA""

""Mitra Pertanian Channel""","Mitra Pertanian Channel","https://www.facebook.com/naura.n.jaelani?mibextid=ZbWKwL","keranjang kuning 100% ORIGINAL","tiktok.com/@mitra.pertanian.c","Instagram","https://instagram.com/mitra_pertanian?utm_source=qr&igshid=OGU0MmVlOWVjOQ==","Bibit KALIBER 100% ORIGINAL","https://s.lazada.co.id/s.p58kt","UCrOkSpB5JDBCUrZaOzbsUcw","Jul 7, 2018","Indonesia","Mitra Pertanian Channel","376","5388315","https://www.youtube.com/channel/UCrOkSpB5JDBCUrZaOzbsUcw",,"48","false","2024-09-06T11:00:29.000Z","https://www.facebook.com/naura.n.jael...","https://www.facebook.com/naura.n.jaelani/videos/320882473211995/?mibextid=Nif5oz","https://s.lazada.co.id/s.HqJMM?cc","https://s.lazada.co.id/s.HqJMM?cc","https://s.lazada.co.id/s.HqJHy?cc","https://s.lazada.co.id/s.HqJHy?cc","https://s.lazada.co.id/s.tTe76?cc","https://s.lazada.co.id/s.tTe76?cc","https://s.lazada.co.id/s.tTe5Q?cc","https://s.lazada.co.id/s.tTe5Q?cc","https://s.lazada.co.id/s.HqJ3e?cc","https://s.lazada.co.id/s.HqJ3e?cc","https://s.lazada.co.id/s.HqI8D?cc","https://s.lazada.co.id/s.HqI8D?cc","#petanicabesubang","https://www.youtube.com/hashtag/petanicabesubang","#infopertaniancabe","https://www.youtube.com/hashtag/infopertaniancabe","#pertanian","https://www.youtube.com/hashtag/pertanian","https://www.facebook.com/naura.n.jael...","https://www.facebook.com/naura.n.jaelani?mibextid=ZbWKwL","https://instagram.com/mitra_pertanian...","https://instagram.com/mitra_pertanian?utm_source=qr&igshid=OGU0MmVlOWVjOQ==","00:16:33","https://www.youtube.com/@mitrapertanianchannel/videos","TTG4cIpXYuE",,"https://www.youtube.com/@mitrapertanianchannel/videos","false","false",,"55","WANTILAN",,"53700",,"Jangan anggap spele penyakit bercak daun, atasi segera dengan fungiaida kontak & systemik

Update perkembangan setiap hari di facebook:
https://www.facebook.com/naura.n.jael...

Pestisida yang digunakan beli ditoko ini
Fungi Antracol 1kg
https://s.lazada.co.id/s.HqJMM?cc
Fungi Antracol 500gr
https://s.lazada.co.id/s.HqJHy?cc
Fungi Propikonazol 250ml
https://s.lazada.co.id/s.tTe76?cc
Fungi Propikonazol 100ml
https://s.lazada.co.id/s.tTe5Q?cc
Insektisida winder 250ml
https://s.lazada.co.id/s.HqJ3e?cc
Insektisida winder 100ml
https://s.lazada.co.id/s.HqI8D?cc

#petanicabesubang
#infopertaniancabe
#pertanian 

follow juga media sosial ‎@mitrapertanianchannel  
==================================
facebook:
https://www.facebook.com/naura.n.jael...

==================================
tiktok:
tiktok.com/@mitra.pertanian.c

==================================
instagram:
https://instagram.com/mitra_pertanian...

==================================

Title: peaceful new version
Music by: J.Herman
Link youtube: Backsound ceria santai
Youtube: Lonely track","https://i.ytimg.com/vi/TTG4cIpXYuE/maxresdefault.jpg","🔴 JANGAN ANGGAP SPELE BERCAK DAUN ATASI SEGERA DENGAN FUNGI KONTAK  & SYSTEMIK #petanicabesubang","video","https://www.youtube.com/watch?v=TTG4cIpXYuE","2691"
"https://yt3.googleusercontent.com/x6aVqa3bsPg3rjEClUuf_K34igaYx7_SRvnldi42jfMQAKLfHAEcHhB2IBkD8rQIXkFkKrSg3g=s160-c-k-c0x00ffffff-no-rj","https://yt3.googleusercontent.com/7t9g9rFzmUU4n9zgKPxGtyQisXAVdRBp01XIBnu_kpoARkqfAPaR9c7ZVtEvTI9eO5nLHw0UNA=w2560-fcrop64=1,00005a57ffffa5a8-k-c0xffffffff-no-nd-rj","Kontak admint khusus kerjasama/kemitraan +6282110125543 Chat/tlp Diluar kerjasama tidak bisa dibalas 🙏

JUJUR adalah kunci keSUKSESan, & ""SEBAIK-BAIKNYA ORANG YG SELALU MEMBERI MANFAAT UNTUK ORANG LAIN""

Pesan dariku untuk para sahabat dimanapun berada, ketahuilah bahwa:
HITAM/PUTIHnya warna kulit, tidak menentukan MISKIN/KAYA, karna keSUKSESan akan datang pada org yg memiliki MIMPI & PERJUANGAN Besar.

Dukung ""MITRA PERTANIAN CHANNEL"" agar terus berkembang & memberi manfaat untuk orang banyak dengan cara SUBSCRIBE, LIKE, COMENT & SHARE. karna:
""Sebaik-baiknya orang yang bisa bermanfaat untuk orang lain""

Jangan Malu Jadi Petani, karna SUKSES tidak di ukur dari bidang pekerjaan ataupun warna kulit, Ikhtiar & Do'a adalah kunci utama, Urusan Hasil biar Tuhan Yang Menentukan.
""MAN JADDA WAJADA""

""Mitra Pertanian Channel""","Mitra Pertanian Channel","https://www.facebook.com/naura.n.jaelani?mibextid=ZbWKwL","keranjang kuning 100% ORIGINAL","tiktok.com/@mitra.pertanian.c","Instagram","https://instagram.com/mitra_pertanian?utm_source=qr&igshid=OGU0MmVlOWVjOQ==","Bibit KALIBER 100% ORIGINAL","https://s.lazada.co.id/s.p58kt","UCrOkSpB5JDBCUrZaOzbsUcw","Jul 7, 2018","Indonesia","Mitra Pertanian Channel","376","5388315","https://www.youtube.com/channel/UCrOkSpB5JDBCUrZaOzbsUcw",,"32","false","2024-09-22T11:00:54.000Z","https://www.facebook.com/naura.n.jael...","https://www.facebook.com/naura.n.jaelani/videos/320882473211995/?mibextid=Nif5oz","https://s.lazada.co.id/s.G1DX3?cc","https://s.lazada.co.id/s.G1DX3?cc","https://s.lazada.co.id/s.HqrJf?cc","https://s.lazada.co.id/s.HqrJf?cc","https://s.lazada.co.id/s.HqIdi?cc","https://s.lazada.co.id/s.HqIdi?cc","https://s.lazada.co.id/s.tQkTK?cc","https://s.lazada.co.id/s.tQkTK?cc","https://s.lazada.co.id/s.tQkjU?cc","https://s.lazada.co.id/s.tQkjU?cc","https://www.facebook.com/naura.n.jael...","https://www.facebook.com/naura.n.jaelani?mibextid=ZbWKwL","https://instagram.com/mitra_pertanian...","https://instagram.com/mitra_pertanian?utm_source=qr&igshid=OGU0MmVlOWVjOQ==","#petanicabesubang","https://www.youtube.com/hashtag/petanicabesubang","#infopertaniancabe","https://www.youtube.com/hashtag/infopertaniancabe","#pertanian","https://www.youtube.com/hashtag/pertanian",,,"00:15:09","https://www.youtube.com/@mitrapertanianchannel/videos","qiE1h-gL-m8",,"https://www.youtube.com/@mitrapertanianchannel/videos","false","false",,"58",,,"53700",,"Agar pertumbuhan cabe optimal bebas serangan hama & penyakit spray pake ini

Update perkembangan setiap hari di facebook:
https://www.facebook.com/naura.n.jael...

Pupuk yang digunakan beli ditoko ini
Insek pegasus
https://s.lazada.co.id/s.G1DX3?cc
Fungi Amistartop 250ml
https://s.lazada.co.id/s.HqrJf?cc
Fungi Amistartop 100ml
https://s.lazada.co.id/s.HqIdi?cc
MKP
https://s.lazada.co.id/s.tQkTK?cc
KCL cair
https://s.lazada.co.id/s.tQkjU?cc

follow juga media sosial ‎@mitrapertanianchannel  
==================================
facebook:
https://www.facebook.com/naura.n.jael...

==================================
tiktok:
tiktok.com/@mitra.pertanian.c

==================================
instagram:
https://instagram.com/mitra_pertanian...

==================================

#petanicabesubang 
#infopertaniancabe 
#pertanian 


Title: peaceful new version
Music by: J.Herman
Link youtube: Backsound ceria santai
Youtube: Lonely track","https://i.ytimg.com/vi/qiE1h-gL-m8/maxresdefault.jpg","🔴 AGAR PERTUMBUHAN CABE OPTIMAL BEBAS HAMA & PENYAKIT SPRAY PAKE INI #petanicabesubang","video","https://www.youtube.com/watch?v=qiE1h-gL-m8","2935"
"https://yt3.googleusercontent.com/x6aVqa3bsPg3rjEClUuf_K34igaYx7_SRvnldi42jfMQAKLfHAEcHhB2IBkD8rQIXkFkKrSg3g=s160-c-k-c0x00ffffff-no-rj","https://yt3.googleusercontent.com/7t9g9rFzmUU4n9zgKPxGtyQisXAVdRBp01XIBnu_kpoARkqfAPaR9c7ZVtEvTI9eO5nLHw0UNA=w2560-fcrop64=1,00005a57ffffa5a8-k-c0xffffffff-no-nd-rj","Kontak admint khusus kerjasama/kemitraan +6282110125543 Chat/tlp Diluar kerjasama tidak bisa dibalas 🙏

JUJUR adalah kunci keSUKSESan, & ""SEBAIK-BAIKNYA ORANG YG SELALU MEMBERI MANFAAT UNTUK ORANG LAIN""

Pesan dariku untuk para sahabat dimanapun berada, ketahuilah bahwa:
HITAM/PUTIHnya warna kulit, tidak menentukan MISKIN/KAYA, karna keSUKSESan akan datang pada org yg memiliki MIMPI & PERJUANGAN Besar.

Dukung ""MITRA PERTANIAN CHANNEL"" agar terus berkembang & memberi manfaat untuk orang banyak dengan cara SUBSCRIBE, LIKE, COMENT & SHARE. karna:
""Sebaik-baiknya orang yang bisa bermanfaat untuk orang lain""

Jangan Malu Jadi Petani, karna SUKSES tidak di ukur dari bidang pekerjaan ataupun warna kulit, Ikhtiar & Do'a adalah kunci utama, Urusan Hasil biar Tuhan Yang Menentukan.
""MAN JADDA WAJADA""

""Mitra Pertanian Channel""","Mitra Pertanian Channel","https://www.facebook.com/naura.n.jaelani?mibextid=ZbWKwL","keranjang kuning 100% ORIGINAL","tiktok.com/@mitra.pertanian.c","Instagram","https://instagram.com/mitra_pertanian?utm_source=qr&igshid=OGU0MmVlOWVjOQ==","Bibit KALIBER 100% ORIGINAL","https://s.lazada.co.id/s.p58kt","UCrOkSpB5JDBCUrZaOzbsUcw","Jul 7, 2018","Indonesia","Mitra Pertanian Channel","376","5388315","https://www.youtube.com/channel/UCrOkSpB5JDBCUrZaOzbsUcw",,"35","false","2024-10-02T12:00:58.000Z","https://www.facebook.com/naura.n.jael...","https://www.facebook.com/naura.n.jaelani/videos/320882473211995/?mibextid=Nif5oz","https://s.lazada.co.id/s.GQwmV?cc","https://s.lazada.co.id/s.GQwmV?cc","https://s.lazada.co.id/s.GQwNE?cc","https://s.lazada.co.id/s.GQwNE?cc","https://s.lazada.co.id/s.GQwMC?cc","https://s.lazada.co.id/s.GQwMC?cc","https://s.lazada.co.id/s.GQwLO?cc","https://s.lazada.co.id/s.GQwLO?cc","https://s.lazada.co.id/s.GQwKJ?cc","https://s.lazada.co.id/s.GQwKJ?cc","https://www.facebook.com/naura.n.jael...","https://www.facebook.com/naura.n.jaelani?mibextid=ZbWKwL","https://instagram.com/mitra_pertanian...","https://instagram.com/mitra_pertanian?utm_source=qr&igshid=OGU0MmVlOWVjOQ==","#petanicabesubang","https://www.youtube.com/hashtag/petanicabesubang","#infopertaniancabe","https://www.youtube.com/hashtag/infopertaniancabe","#pertanian","https://www.youtube.com/hashtag/pertanian",,,"00:26:09","https://www.youtube.com/@mitrapertanianchannel/videos","gGNHUPE9Hls",,"https://www.youtube.com/@mitrapertanianchannel/videos","false","false",,"106",,,"53700",,"Pupuk kocor cabe masa generatif masa pembungaan & pembuahan

Update perkembangan setiap hari di facebook:
https://www.facebook.com/naura.n.jael...

Pupuk yang digunakan beli ditoko ini:
Grower
https://s.lazada.co.id/s.GQwmV?cc
Calsium nitrat
https://s.lazada.co.id/s.GQwNE?cc
Asam humat
https://s.lazada.co.id/s.GQwMC?cc
Fermentasi dekomposer:
Anfush
https://s.lazada.co.id/s.GQwLO?cc
Molase

https://s.lazada.co.id/s.GQwKJ?cc
follow juga media sosial ‎@mitrapertanianchannel  
==================================
facebook:
https://www.facebook.com/naura.n.jael...

==================================
tiktok:
tiktok.com/@mitra.pertanian.c

==================================
instagram:
https://instagram.com/mitra_pertanian...

==================================

#petanicabesubang 
#infopertaniancabe 
#pertanian 


Title: peaceful new version
Music by: J.Herman
Link youtube: Backsound ceria santai
Youtube: Lonely track","https://i.ytimg.com/vi/gGNHUPE9Hls/maxresdefault.jpg","🔴 PUPUK KOCOR CABE MASA GENERATIF (PEMBUNGAAN & PEMBUAHAN ) #petanicabesubang","video","https://www.youtube.com/watch?v=gGNHUPE9Hls","8645"
"https://yt3.googleusercontent.com/x6aVqa3bsPg3rjEClUuf_K34igaYx7_SRvnldi42jfMQAKLfHAEcHhB2IBkD8rQIXkFkKrSg3g=s160-c-k-c0x00ffffff-no-rj","https://yt3.googleusercontent.com/7t9g9rFzmUU4n9zgKPxGtyQisXAVdRBp01XIBnu_kpoARkqfAPaR9c7ZVtEvTI9eO5nLHw0UNA=w2560-fcrop64=1,00005a57ffffa5a8-k-c0xffffffff-no-nd-rj","Kontak admint khusus kerjasama/kemitraan +6282110125543 Chat/tlp Diluar kerjasama tidak bisa dibalas 🙏

JUJUR adalah kunci keSUKSESan, & ""SEBAIK-BAIKNYA ORANG YG SELALU MEMBERI MANFAAT UNTUK ORANG LAIN""

Pesan dariku untuk para sahabat dimanapun berada, ketahuilah bahwa:
HITAM/PUTIHnya warna kulit, tidak menentukan MISKIN/KAYA, karna keSUKSESan akan datang pada org yg memiliki MIMPI & PERJUANGAN Besar.

Dukung ""MITRA PERTANIAN CHANNEL"" agar terus berkembang & memberi manfaat untuk orang banyak dengan cara SUBSCRIBE, LIKE, COMENT & SHARE. karna:
""Sebaik-baiknya orang yang bisa bermanfaat untuk orang lain""

Jangan Malu Jadi Petani, karna SUKSES tidak di ukur dari bidang pekerjaan ataupun warna kulit, Ikhtiar & Do'a adalah kunci utama, Urusan Hasil biar Tuhan Yang Menentukan.
""MAN JADDA WAJADA""

""Mitra Pertanian Channel""","Mitra Pertanian Channel","https://www.facebook.com/naura.n.jaelani?mibextid=ZbWKwL","keranjang kuning 100% ORIGINAL","tiktok.com/@mitra.pertanian.c","Instagram","https://instagram.com/mitra_pertanian?utm_source=qr&igshid=OGU0MmVlOWVjOQ==","Bibit KALIBER 100% ORIGINAL","https://s.lazada.co.id/s.p58kt","UCrOkSpB5JDBCUrZaOzbsUcw","Jul 7, 2018","Indonesia","Mitra Pertanian Channel","376","5388315","https://www.youtube.com/channel/UCrOkSpB5JDBCUrZaOzbsUcw",,"24","false","2024-10-06T12:00:40.000Z","https://www.facebook.com/naura.n.jael...","https://www.facebook.com/naura.n.jaelani/videos/320882473211995/?mibextid=Nif5oz","https://s.lazada.co.id/s.HqJMM?cc","https://s.lazada.co.id/s.HqJMM?cc","https://s.lazada.co.id/s.HqJHy?cc","https://s.lazada.co.id/s.HqJHy?cc","https://s.lazada.co.id/s.G1DX3?cc","https://s.lazada.co.id/s.G1DX3?cc","https://s.lazada.co.id/s.GoSeR?cc","https://s.lazada.co.id/s.GoSeR?cc","https://www.facebook.com/naura.n.jael...","https://www.facebook.com/naura.n.jaelani?mibextid=ZbWKwL","https://instagram.com/mitra_pertanian...","https://instagram.com/mitra_pertanian?utm_source=qr&igshid=OGU0MmVlOWVjOQ==","#petanicabesubang","https://www.youtube.com/hashtag/petanicabesubang","#infopertaniancabe","https://www.youtube.com/hashtag/infopertaniancabe","#pertanian","https://www.youtube.com/hashtag/pertanian",,,,,"00:17:37","https://www.youtube.com/@mitrapertanianchannel/videos","VOEBoAt3KEg",,"https://www.youtube.com/@mitrapertanianchannel/videos","false","false",,"45",,,"53700",,"Aplikasi fungi & insek setelah panen cegah penyakit jamur, bakteri & keriting daun

Update perkembangan setiap hari di facebook:
https://www.facebook.com/naura.n.jael...

Pestisida yang digunakan beli ditoko ini
Fungi Antracol 1kg
https://s.lazada.co.id/s.HqJMM?cc
Fungi Antracol 500gr
https://s.lazada.co.id/s.HqJHy?cc
Insek pegasus
https://s.lazada.co.id/s.G1DX3?cc
Fungi metil tiofanat
https://s.lazada.co.id/s.GoSeR?cc

follow juga media sosial ‎@mitrapertanianchannel  
==================================
facebook:
https://www.facebook.com/naura.n.jael...

==================================
tiktok:
tiktok.com/@mitra.pertanian.c

==================================
instagram:
https://instagram.com/mitra_pertanian...

==================================

#petanicabesubang 
#infopertaniancabe
#pertanian  

Title: peaceful new version
Music by: J.Herman
Link youtube: Backsound ceria santai
Youtube: Lonely track","https://i.ytimg.com/vi/VOEBoAt3KEg/maxresdefault.jpg","🔴 APLIKASI FUNGI & INSEK SETELAH PANEN CEGAH PENYAKIT JAMUR & BAKTERI #petanicabesubang","video","https://www.youtube.com/watch?v=VOEBoAt3KEg","2134"
"https://yt3.googleusercontent.com/x6aVqa3bsPg3rjEClUuf_K34igaYx7_SRvnldi42jfMQAKLfHAEcHhB2IBkD8rQIXkFkKrSg3g=s160-c-k-c0x00ffffff-no-rj","https://yt3.googleusercontent.com/7t9g9rFzmUU4n9zgKPxGtyQisXAVdRBp01XIBnu_kpoARkqfAPaR9c7ZVtEvTI9eO5nLHw0UNA=w2560-fcrop64=1,00005a57ffffa5a8-k-c0xffffffff-no-nd-rj","Kontak admint khusus kerjasama/kemitraan +6282110125543 Chat/tlp Diluar kerjasama tidak bisa dibalas 🙏

JUJUR adalah kunci keSUKSESan, & ""SEBAIK-BAIKNYA ORANG YG SELALU MEMBERI MANFAAT UNTUK ORANG LAIN""

Pesan dariku untuk para sahabat dimanapun berada, ketahuilah bahwa:
HITAM/PUTIHnya warna kulit, tidak menentukan MISKIN/KAYA, karna keSUKSESan akan datang pada org yg memiliki MIMPI & PERJUANGAN Besar.

Dukung ""MITRA PERTANIAN CHANNEL"" agar terus berkembang & memberi manfaat untuk orang banyak dengan cara SUBSCRIBE, LIKE, COMENT & SHARE. karna:
""Sebaik-baiknya orang yang bisa bermanfaat untuk orang lain""

Jangan Malu Jadi Petani, karna SUKSES tidak di ukur dari bidang pekerjaan ataupun warna kulit, Ikhtiar & Do'a adalah kunci utama, Urusan Hasil biar Tuhan Yang Menentukan.
""MAN JADDA WAJADA""

""Mitra Pertanian Channel""","Mitra Pertanian Channel","https://www.facebook.com/naura.n.jaelani?mibextid=ZbWKwL","keranjang kuning 100% ORIGINAL","tiktok.com/@mitra.pertanian.c","Instagram","https://instagram.com/mitra_pertanian?utm_source=qr&igshid=OGU0MmVlOWVjOQ==","Bibit KALIBER 100% ORIGINAL","https://s.lazada.co.id/s.p58kt","UCrOkSpB5JDBCUrZaOzbsUcw","Jul 7, 2018","Indonesia","Mitra Pertanian Channel","376","5388315","https://www.youtube.com/channel/UCrOkSpB5JDBCUrZaOzbsUcw",,"45","false","2024-09-09T11:00:46.000Z","https://www.facebook.com/naura.n.jael...","https://www.facebook.com/naura.n.jaelani/videos/320882473211995/?mibextid=Nif5oz","https://s.lazada.co.id/s.tQkTK?cc","https://s.lazada.co.id/s.tQkTK?cc","https://s.lazada.co.id/s.tQkjU?cc","https://s.lazada.co.id/s.tQkjU?cc","https://s.lazada.co.id/s.tQkIn?cc","https://s.lazada.co.id/s.tQkIn?cc","#petanicabesubang","https://www.youtube.com/hashtag/petanicabesubang","#infopertaniancabe","https://www.youtube.com/hashtag/infopertaniancabe","#pertanian","https://www.youtube.com/hashtag/pertanian","https://www.facebook.com/naura.n.jael...","https://www.facebook.com/naura.n.jaelani?mibextid=ZbWKwL","https://instagram.com/mitra_pertanian...","https://instagram.com/mitra_pertanian?utm_source=qr&igshid=OGU0MmVlOWVjOQ==",,,,,,,"00:17:14","https://www.youtube.com/@mitrapertanianchannel/videos","keayT6eDPdM",,"https://www.youtube.com/@mitrapertanianchannel/videos","false","false",,"66","WANTILAN",,"53700",,"Nutrisi pembuahan cabe pelebat & pembesar buah kcl cair beensae mix mkp

Update perkembangan setiap hari di facebook:
https://www.facebook.com/naura.n.jael...

Pupuk yang digunakan beli ditoko ini
MKP 1kg
https://s.lazada.co.id/s.tQkTK?cc
KCL CAIR 1 liter
https://s.lazada.co.id/s.tQkjU?cc
NUTRISI PEMBUAHAN 1 liter
https://s.lazada.co.id/s.tQkIn?cc

#petanicabesubang
#infopertaniancabe
#pertanian 

follow juga media sosial ‎@mitrapertanianchannel  
==================================
facebook:
https://www.facebook.com/naura.n.jael...

==================================
tiktok:
tiktok.com/@mitra.pertanian.c

==================================
instagram:
https://instagram.com/mitra_pertanian...

==================================

Title: peaceful new version
Music by: J.Herman
Link youtube: Backsound ceria santai
Youtube: Lonely track","https://i.ytimg.com/vi/keayT6eDPdM/maxresdefault.jpg","🔴 NUTRISI PEMBUAHAN CABE PELEBAT & PEMBESAR BUAH KCL CAIR BEENSAE MIX MKP #petanicabesubang","video","https://www.youtube.com/watch?v=keayT6eDPdM","3034"
"https://yt3.googleusercontent.com/x6aVqa3bsPg3rjEClUuf_K34igaYx7_SRvnldi42jfMQAKLfHAEcHhB2IBkD8rQIXkFkKrSg3g=s160-c-k-c0x00ffffff-no-rj","https://yt3.googleusercontent.com/7t9g9rFzmUU4n9zgKPxGtyQisXAVdRBp01XIBnu_kpoARkqfAPaR9c7ZVtEvTI9eO5nLHw0UNA=w2560-fcrop64=1,00005a57ffffa5a8-k-c0xffffffff-no-nd-rj","Kontak admint khusus kerjasama/kemitraan +6282110125543 Chat/tlp Diluar kerjasama tidak bisa dibalas 🙏

JUJUR adalah kunci keSUKSESan, & ""SEBAIK-BAIKNYA ORANG YG SELALU MEMBERI MANFAAT UNTUK ORANG LAIN""

Pesan dariku untuk para sahabat dimanapun berada, ketahuilah bahwa:
HITAM/PUTIHnya warna kulit, tidak menentukan MISKIN/KAYA, karna keSUKSESan akan datang pada org yg memiliki MIMPI & PERJUANGAN Besar.

Dukung ""MITRA PERTANIAN CHANNEL"" agar terus berkembang & memberi manfaat untuk orang banyak dengan cara SUBSCRIBE, LIKE, COMENT & SHARE. karna:
""Sebaik-baiknya orang yang bisa bermanfaat untuk orang lain""

Jangan Malu Jadi Petani, karna SUKSES tidak di ukur dari bidang pekerjaan ataupun warna kulit, Ikhtiar & Do'a adalah kunci utama, Urusan Hasil biar Tuhan Yang Menentukan.
""MAN JADDA WAJADA""

""Mitra Pertanian Channel""","Mitra Pertanian Channel","https://www.facebook.com/naura.n.jaelani?mibextid=ZbWKwL","keranjang kuning 100% ORIGINAL","tiktok.com/@mitra.pertanian.c","Instagram","https://instagram.com/mitra_pertanian?utm_source=qr&igshid=OGU0MmVlOWVjOQ==","Bibit KALIBER 100% ORIGINAL","https://s.lazada.co.id/s.p58kt","UCrOkSpB5JDBCUrZaOzbsUcw","Jul 7, 2018","Indonesia","Mitra Pertanian Channel","376","5388315","https://www.youtube.com/channel/UCrOkSpB5JDBCUrZaOzbsUcw",,"0","false","2024-09-11T11:00:40.000Z","https://www.facebook.com/naura.n.jael...","https://www.facebook.com/naura.n.jaelani/videos/320882473211995/?mibextid=Nif5oz","https://s.lazada.co.id/s.HqJMM?cc","https://s.lazada.co.id/s.HqJMM?cc","https://s.lazada.co.id/s.HqJHy?cc","https://s.lazada.co.id/s.HqJHy?cc","https://s.lazada.co.id/s.tnETQ?cc","https://s.lazada.co.id/s.tnETQ?cc","https://s.lazada.co.id/s.sumDH?cc","https://s.lazada.co.id/s.sumDH?cc","https://s.lazada.co.id/s.IDpfh?cc","https://s.lazada.co.id/s.IDpfh?cc","https://www.facebook.com/naura.n.jael...","https://www.facebook.com/naura.n.jaelani?mibextid=ZbWKwL","https://instagram.com/mitra_pertanian...","https://instagram.com/mitra_pertanian?utm_source=qr&igshid=OGU0MmVlOWVjOQ==","#petanicabesubang","https://www.youtube.com/hashtag/petanicabesubang","#infopertaniancabe","https://www.youtube.com/hashtag/infopertaniancabe","#berkebun","https://www.youtube.com/hashtag/berkebun",,,"00:25:31","https://www.youtube.com/@mitrapertanianchannel/videos","_PAGlc1LC6E",,"https://www.youtube.com/@mitrapertanianchannel/videos","false","false",,"88","WANTILAN",,"53700",,"Cara atasi keriting daun cabe paling bandel yang sudah kebal pestisida

Update perkembangan setiap hari di facebook:
https://www.facebook.com/naura.n.jael...

Pestisida yang digunakan beli ditoko ini:
Antracol 1kg
https://s.lazada.co.id/s.HqJMM?cc
Antracol 500gr
https://s.lazada.co.id/s.HqJHy?cc
Fungi systemik
https://s.lazada.co.id/s.tnETQ?cc
Insektisida metha
https://s.lazada.co.id/s.sumDH?cc
insektisida catez 
https://s.lazada.co.id/s.IDpfh?cc

follow juga media sosial ‎@mitrapertanianchannel  
==================================
facebook:
https://www.facebook.com/naura.n.jael...

==================================
tiktok:
tiktok.com/@mitra.pertanian.c

==================================
instagram:
https://instagram.com/mitra_pertanian...

==================================

#petanicabesubang 
#infopertaniancabe 
#berkebun 


Title: peaceful new version
Music by: J.Herman
Link youtube: Backsound ceria santai
Youtube: Lonely track","https://i.ytimg.com/vi/_PAGlc1LC6E/maxresdefault.jpg","🔴 ATASI KERITING DAUN PALING BANDEL YANG SUDAH KEBAL PESTISIDA #petanicabesubang #infopertaniancabe","video","https://www.youtube.com/watch?v=_PAGlc1LC6E","6428"
