﻿"attachments/0/style_list/0","attachments/0/style_list/1","attachments/0/style_list/2","attachments/0/style_list/3","attachments/0/style_list/4","commentUrl","commentsCount","date","facebookId","facebookUrl","feedbackId","id","inputUrl","likesCount","pageAdLibrary/id","pageAdLibrary/woodhenge_creator_info","postTitle","profileId","profileName","profilePicture","profileUrl","text"
,,,,,"https://www.facebook.com/100002933885436/posts/8123871701053879?comment_id=3428304874137223",,"2024-09-14T02:30:26.000Z","8123871701053879","https://www.facebook.com/100002933885436/posts/8123871701053879","ZmVlZGJhY2s6ODEyMzg3MTcwMTA1Mzg3OV8zNDI4MzA0ODc0MTM3MjIz","Y29tbWVudDo4MTIzODcxNzAxMDUzODc5XzM0MjgzMDQ4NzQxMzcyMjM=","https://www.facebook.com/100002933885436/posts/8123871701053879","0",,,"Tomat Natama Super f1  di Pasirwangi Kabupaten Garut
Benih Citra Asia Benih Citra Asia @sorotan","pfbid0ST59wc2y7ZZYRD8cWidwYhLN1PaENBnkt6bVf88sugWyEq4n9iCwpVRpFAD3b2tEl","Opeq Bintang Asia","https://z-p3-scontent.fgyn11-1.fna.fbcdn.net/v/t39.30808-1/440808755_122106493232287865_6230265854575499414_n.jpg?stp=cp0_dst-jpg_s32x32&_nc_cat=108&ccb=1-7&_nc_sid=0ecb9b&_nc_ohc=Y7daJHgf07YQ7kNvgE9k3ZM&_nc_ht=z-p3-scontent.fgyn11-1.fna&_nc_gid=A-cmXPh7bcOvDeFAeOCE2Wb&oh=00_AYAmb3kKXLJXhkuj75SpYXWqOLs2Mge33ydrxI_IRz3YWA&oe=66EACF6E","https://www.facebook.com/people/Opeq-Bintang-Asia/pfbid0ST59wc2y7ZZYRD8cWidwYhLN1PaENBnkt6bVf88sugWyEq4n9iCwpVRpFAD3b2tEl/","Mantap tomat nyaa josss🤘"
,,,,,"https://www.facebook.com/100002933885436/posts/8123871701053879?comment_id=1777309426345033",,"2024-09-13T14:34:25.000Z","8123871701053879","https://www.facebook.com/100002933885436/posts/8123871701053879","ZmVlZGJhY2s6ODEyMzg3MTcwMTA1Mzg3OV8xNzc3MzA5NDI2MzQ1MDMz","Y29tbWVudDo4MTIzODcxNzAxMDUzODc5XzE3NzczMDk0MjYzNDUwMzM=","https://www.facebook.com/100002933885436/posts/8123871701053879","0",,,"Tomat Natama Super f1  di Pasirwangi Kabupaten Garut
Benih Citra Asia Benih Citra Asia @sorotan","1828565536","Mohammad Iqbal Agustiana","https://z-p3-scontent.fgyn11-1.fna.fbcdn.net/v/t1.18169-1/1468799_10203929170029473_1521419688104736133_n.jpg?stp=cp0_dst-jpg_s32x32&_nc_cat=110&ccb=1-7&_nc_sid=db5862&_nc_ohc=CmpmC1KKisYQ7kNvgG9A6R2&_nc_ht=z-p3-scontent.fgyn11-1.fna&oh=00_AYAU43xYWc7WZ9cIdi2vD9LTZJxfeeoBMqxw4aO2j7jegg&oe=670C78AF",,"Mantap Natama Super F1"
,,,,,"https://www.facebook.com/100002933885436/posts/8123871701053879?comment_id=397463313142586",,"2024-09-13T23:21:19.000Z","8123871701053879","https://www.facebook.com/100002933885436/posts/8123871701053879","ZmVlZGJhY2s6ODEyMzg3MTcwMTA1Mzg3OV8zOTc0NjMzMTMxNDI1ODY=","Y29tbWVudDo4MTIzODcxNzAxMDUzODc5XzM5NzQ2MzMxMzE0MjU4Ng==","https://www.facebook.com/100002933885436/posts/8123871701053879","0",,,"Tomat Natama Super f1  di Pasirwangi Kabupaten Garut
Benih Citra Asia Benih Citra Asia @sorotan","100008917322278","Cello Roman's","https://z-p3-scontent.fgyn11-1.fna.fbcdn.net/v/t39.30808-1/449209330_3305996489707563_7725922858670278431_n.jpg?stp=cp0_dst-jpg_s32x32&_nc_cat=105&ccb=1-7&_nc_sid=50d2ac&_nc_ohc=GKnKid6uTsMQ7kNvgFIUAUs&_nc_ht=z-p3-scontent.fgyn11-1.fna&_nc_gid=A-cmXPh7bcOvDeFAeOCE2Wb&oh=00_AYDvEHt7ZIidXvnILUKGTQ7xefDdsU_PW6K279X4-hql-w&oe=66EAE65A","https://www.facebook.com/people/Cello-Romans/100008917322278/","Mantap pisan.. 👍"
"animated_image_autoplay","animated_image_share","image_share","share","fallback","https://www.facebook.com/100002933885436/posts/8123871701053879?comment_id=1920530078444121",,"2024-09-14T00:14:19.000Z","8123871701053879","https://www.facebook.com/100002933885436/posts/8123871701053879","ZmVlZGJhY2s6ODEyMzg3MTcwMTA1Mzg3OV8xOTIwNTMwMDc4NDQ0MTIx","Y29tbWVudDo4MTIzODcxNzAxMDUzODc5XzE5MjA1MzAwNzg0NDQxMjE=","https://www.facebook.com/100002933885436/posts/8123871701053879","0",,,"Tomat Natama Super f1  di Pasirwangi Kabupaten Garut
Benih Citra Asia Benih Citra Asia @sorotan","pfbid02mbdSDK2zGhfh5RapAuRVU2VFHb9oXYCfMC66HjTnvECUbzzqtQsqVMQe2c9FCwXGl","Jaelani Bintang Asia","https://z-p3-scontent.fgyn11-1.fna.fbcdn.net/v/t1.6435-1/96829994_2853012744764359_5529543185535074304_n.jpg?stp=cp0_dst-jpg_s32x32&_nc_cat=107&ccb=1-7&_nc_sid=e4545e&_nc_ohc=GXhaIYOS62UQ7kNvgExpRFj&_nc_ht=z-p3-scontent.fgyn11-1.fna&_nc_gid=A-cmXPh7bcOvDeFAeOCE2Wb&oh=00_AYDYwZDhgTR7LblaoGLHh4pP0urqUvrbhNZX8zJq-7_LmA&oe=670C6D6F",,
,,,,,"https://www.facebook.com/100002933885436/posts/8123871701053879?comment_id=879350364155066","2","2024-09-13T14:45:57.000Z","8123871701053879","https://www.facebook.com/100002933885436/posts/8123871701053879","ZmVlZGJhY2s6ODEyMzg3MTcwMTA1Mzg3OV84NzkzNTAzNjQxNTUwNjY=","Y29tbWVudDo4MTIzODcxNzAxMDUzODc5Xzg3OTM1MDM2NDE1NTA2Ng==","https://www.facebook.com/100002933885436/posts/8123871701053879","0",,,"Tomat Natama Super f1  di Pasirwangi Kabupaten Garut
Benih Citra Asia Benih Citra Asia @sorotan","pfbid0Km3nqXTicaBg5Zchq4fHbAAPrEnAAF14zdn6PxwUW5tprKMNAveuKdAiDiSG1tfSl","Acung Jhon","https://z-p3-scontent.fgyn11-1.fna.fbcdn.net/v/t39.30808-1/329814083_744299930243224_288321884723960431_n.jpg?stp=c0.0.612.612a_cp0_dst-jpg_s32x32&_nc_cat=104&ccb=1-7&_nc_sid=0ecb9b&_nc_ohc=6ajdOom-TsQQ7kNvgFmfa07&_nc_ht=z-p3-scontent.fgyn11-1.fna&_nc_gid=A-cmXPh7bcOvDeFAeOCE2Wb&oh=00_AYDU0j163r7TlY0oN9IeTeK8TI8zORuaIbmSW0WhsCOLgA&oe=66EAD436","https://www.facebook.com/people/Acung-Jhon/pfbid0Km3nqXTicaBg5Zchq4fHbAAPrEnAAF14zdn6PxwUW5tprKMNAveuKdAiDiSG1tfSl/","Bibit nu baru na tos aya kaluar a haji"
,,,,,"https://www.facebook.com/100002933885436/posts/8123871701053879?comment_id=533474099206486","2","2024-09-13T16:00:08.000Z","8123871701053879","https://www.facebook.com/100002933885436/posts/8123871701053879","ZmVlZGJhY2s6ODEyMzg3MTcwMTA1Mzg3OV81MzM0NzQwOTkyMDY0ODY=","Y29tbWVudDo4MTIzODcxNzAxMDUzODc5XzUzMzQ3NDA5OTIwNjQ4Ng==","https://www.facebook.com/100002933885436/posts/8123871701053879","0",,,"Tomat Natama Super f1  di Pasirwangi Kabupaten Garut
Benih Citra Asia Benih Citra Asia @sorotan","pfbid0Lz336VgKtoNbCg2CskoeM8jtdDEp8Rr3DbNBrA6qtvRnUZGVhLzbG1MD7J6EPcK4l","Yosep Nurjaman","https://z-p3-scontent.fgyn11-1.fna.fbcdn.net/v/t1.6435-1/86638863_2694948457227791_8273291753054797824_n.jpg?stp=cp0_dst-jpg_s32x32&_nc_cat=105&ccb=1-7&_nc_sid=e4545e&_nc_ohc=i03XhI_ubJMQ7kNvgGLVWaH&_nc_ht=z-p3-scontent.fgyn11-1.fna&_nc_gid=A-cmXPh7bcOvDeFAeOCE2Wb&oh=00_AYDLnKThaYxxjj7eCn6WYmBgwumFbpaCSXMZQ6m5mKjngw&oe=670C8EDF","https://www.facebook.com/jhosep.stevenkkhery","Ulah seri atuh ji"
"animated_image_autoplay","animated_image_share","image_share","share","fallback","https://www.facebook.com/100002933885436/posts/8123871701053879?comment_id=539953375079960",,"2024-09-13T16:16:40.000Z","8123871701053879","https://www.facebook.com/100002933885436/posts/8123871701053879","ZmVlZGJhY2s6ODEyMzg3MTcwMTA1Mzg3OV81Mzk5NTMzNzUwNzk5NjA=","Y29tbWVudDo4MTIzODcxNzAxMDUzODc5XzUzOTk1MzM3NTA3OTk2MA==","https://www.facebook.com/100002933885436/posts/8123871701053879","0",,,"Tomat Natama Super f1  di Pasirwangi Kabupaten Garut
Benih Citra Asia Benih Citra Asia @sorotan","100000539638623","Bintang Asia Sukabumi","https://z-p3-scontent.fgyn11-1.fna.fbcdn.net/v/t39.30808-1/441250616_8222397407788165_7579096639860588223_n.jpg?stp=cp0_dst-jpg_s32x32&_nc_cat=109&ccb=1-7&_nc_sid=50d2ac&_nc_ohc=xMRcRcJu1bMQ7kNvgFikrle&_nc_ht=z-p3-scontent.fgyn11-1.fna&_nc_gid=A-cmXPh7bcOvDeFAeOCE2Wb&oh=00_AYDPEcpcUzu0rIgWiwvMe-HAt6TzMy6tj_E6UEAGVTgzVQ&oe=66EAD1F6","https://www.facebook.com/indra.indica",
"sticker","fallback",,,,"https://www.facebook.com/100002933885436/posts/8123871701053879?comment_id=1057705389061448",,"2024-09-13T14:43:11.000Z","8123871701053879","https://www.facebook.com/100002933885436/posts/8123871701053879","ZmVlZGJhY2s6ODEyMzg3MTcwMTA1Mzg3OV8xMDU3NzA1Mzg5MDYxNDQ4","Y29tbWVudDo4MTIzODcxNzAxMDUzODc5XzEwNTc3MDUzODkwNjE0NDg=","https://www.facebook.com/100002933885436/posts/8123871701053879","0",,,"Tomat Natama Super f1  di Pasirwangi Kabupaten Garut
Benih Citra Asia Benih Citra Asia @sorotan","pfbid026WyRYB9hoKW5WncBgw2ayFrBFAMZdxp8g9ABmpB4nzWypUBspFd75NVM9suZ5aanl","Jefri Albutuni","https://z-p3-scontent.fgyn11-1.fna.fbcdn.net/v/t39.30808-1/436257900_122094530048282694_4737812276272856368_n.jpg?stp=cp0_dst-jpg_s32x32&_nc_cat=103&ccb=1-7&_nc_sid=0ecb9b&_nc_ohc=07OV9DasNC0Q7kNvgFXpFAv&_nc_ht=z-p3-scontent.fgyn11-1.fna&_nc_gid=A-cmXPh7bcOvDeFAeOCE2Wb&oh=00_AYCKgL9M1f987blCttOClL6wc2GtFlAucA7npc-fxQCLWg&oe=66EADBCA","https://www.facebook.com/people/Jefri-Albutuni/pfbid026WyRYB9hoKW5WncBgw2ayFrBFAMZdxp8g9ABmpB4nzWypUBspFd75NVM9suZ5aanl/",
,,,,,"https://www.facebook.com/100002933885436/posts/8123871701053879?comment_id=514274601557837","3","2024-09-13T14:45:46.000Z","8123871701053879","https://www.facebook.com/100002933885436/posts/8123871701053879","ZmVlZGJhY2s6ODEyMzg3MTcwMTA1Mzg3OV81MTQyNzQ2MDE1NTc4Mzc=","Y29tbWVudDo4MTIzODcxNzAxMDUzODc5XzUxNDI3NDYwMTU1NzgzNw==","https://www.facebook.com/100002933885436/posts/8123871701053879","0",,,"Tomat Natama Super f1  di Pasirwangi Kabupaten Garut
Benih Citra Asia Benih Citra Asia @sorotan","pfbid0eUAHpU9WjYJ4k2xXxUuk8Tv1oWZHyJYJDjd5ghsqepja76UZd1tApyZMt8fxxVGEl","Iman Nurdin","https://z-p3-scontent.fgyn11-1.fna.fbcdn.net/v/t39.30808-1/325781295_554849693326730_775242057342142239_n.jpg?stp=cp0_dst-jpg_s32x32&_nc_cat=103&ccb=1-7&_nc_sid=0ecb9b&_nc_ohc=BX6C83ugAhIQ7kNvgEPZ7H1&_nc_ht=z-p3-scontent.fgyn11-1.fna&_nc_gid=A-cmXPh7bcOvDeFAeOCE2Wb&oh=00_AYBSMeMQTMKT6nJhESxvviZ2tbeoX3v4BSIoas2T54QQ8A&oe=66EAD681","https://www.facebook.com/iman.nurdin.5836","Cek"
"sticker","fallback",,,,"https://www.facebook.com/100002933885436/posts/8123798344394548?comment_id=1238602320628604",,"2024-09-13T14:33:16.000Z","8123798344394548","https://www.facebook.com/100002933885436/posts/8123798344394548","ZmVlZGJhY2s6ODEyMzc5ODM0NDM5NDU0OF8xMjM4NjAyMzIwNjI4NjA0","Y29tbWVudDo4MTIzNzk4MzQ0Mzk0NTQ4XzEyMzg2MDIzMjA2Mjg2MDQ=","https://www.facebook.com/100002933885436/posts/8123798344394548","0","357880607403962",,"Tomat Natama Super f1 di Pasirwangi, Kabupaten Garut
Benih Citra Asia @sorotan #benih. Ikhwan Sadid Albatsi · Original audio","1828565536","Mohammad Iqbal Agustiana","https://scontent-man2-1.xx.fbcdn.net/v/t1.18169-1/1468799_10203929170029473_1521419688104736133_n.jpg?stp=cp0_dst-jpg_s32x32&_nc_cat=110&ccb=1-7&_nc_sid=db5862&_nc_ohc=CmpmC1KKisYQ7kNvgF1rWtW&_nc_ht=scontent-man2-1.xx&oh=00_AYCAhZ6xSQ6t6tccq057MxzXhRj4x8MkVt7jEicC768SJw&oe=670C78AF",,"Natama Super F1"
,,,,,"https://www.facebook.com/100002933885436/posts/8123798344394548?comment_id=1024398126364587",,"2024-09-14T02:26:41.000Z","8123798344394548","https://www.facebook.com/100002933885436/posts/8123798344394548","ZmVlZGJhY2s6ODEyMzc5ODM0NDM5NDU0OF8xMDI0Mzk4MTI2MzY0NTg3","Y29tbWVudDo4MTIzNzk4MzQ0Mzk0NTQ4XzEwMjQzOTgxMjYzNjQ1ODc=","https://www.facebook.com/100002933885436/posts/8123798344394548","0","357880607403962",,"Tomat Natama Super f1 di Pasirwangi, Kabupaten Garut
Benih Citra Asia @sorotan #benih. Ikhwan Sadid Albatsi · Original audio","pfbid0ST59wc2y7ZZYRD8cWidwYhLN1PaENBnkt6bVf88sugWyEq4n9iCwpVRpFAD3b2tEl","Opeq Bintang Asia","https://scontent-man2-1.xx.fbcdn.net/v/t39.30808-1/440808755_122106493232287865_6230265854575499414_n.jpg?stp=cp0_dst-jpg_s32x32&_nc_cat=108&ccb=1-7&_nc_sid=0ecb9b&_nc_ohc=Y7daJHgf07YQ7kNvgHS6zfS&_nc_ht=scontent-man2-1.xx&_nc_gid=AXBv3vY6A4RRi2ROc_QTchb&oh=00_AYBSy5l1PQ0p63Po2bP4KeqUT_2Qv1335-BJarFl8Fiwiw&oe=66EACF6E","https://www.facebook.com/people/Opeq-Bintang-Asia/pfbid0ST59wc2y7ZZYRD8cWidwYhLN1PaENBnkt6bVf88sugWyEq4n9iCwpVRpFAD3b2tEl/","Tomatnya lebat banget warna buahnya cantik-cantik👍"
,,,,,"https://www.facebook.com/100002933885436/posts/8123798344394548?comment_id=543500111370780","2","2024-09-13T14:24:41.000Z","8123798344394548","https://www.facebook.com/100002933885436/posts/8123798344394548","ZmVlZGJhY2s6ODEyMzc5ODM0NDM5NDU0OF81NDM1MDAxMTEzNzA3ODA=","Y29tbWVudDo4MTIzNzk4MzQ0Mzk0NTQ4XzU0MzUwMDExMTM3MDc4MA==","https://www.facebook.com/100002933885436/posts/8123798344394548","0","357880607403962",,"Tomat Natama Super f1 di Pasirwangi, Kabupaten Garut
Benih Citra Asia @sorotan #benih. Ikhwan Sadid Albatsi · Original audio","pfbid02jFfNczPaT8j5R6GALjn8fpoxWDyKnpdZnemdFtxB6CWpurnE6AJ5wj1VdDWkG9bYl","Suwandi","https://scontent-man2-1.xx.fbcdn.net/v/t39.30808-1/458406102_488669890787392_3402471518794044385_n.jpg?stp=cp0_dst-jpg_s32x32&_nc_cat=101&ccb=1-7&_nc_sid=0ecb9b&_nc_ohc=Tc_xihEZ7NEQ7kNvgG7uRqY&_nc_ht=scontent-man2-1.xx&_nc_gid=AXBv3vY6A4RRi2ROc_QTchb&oh=00_AYDxNs8GtMPDUmbylim6mcmgARscP_TACqKaxhP9IPBTqQ&oe=66EAEB87","https://www.facebook.com/people/Suwandi/pfbid02jFfNczPaT8j5R6GALjn8fpoxWDyKnpdZnemdFtxB6CWpurnE6AJ5wj1VdDWkG9bYl/","Alhamdulillah, tereh panen"
,,,,,"https://www.facebook.com/100002933885436/posts/8123798344394548?comment_id=1057113549146722","3","2024-09-13T14:16:14.000Z","8123798344394548","https://www.facebook.com/100002933885436/posts/8123798344394548","ZmVlZGJhY2s6ODEyMzc5ODM0NDM5NDU0OF8xMDU3MTEzNTQ5MTQ2NzIy","Y29tbWVudDo4MTIzNzk4MzQ0Mzk0NTQ4XzEwNTcxMTM1NDkxNDY3MjI=","https://www.facebook.com/100002933885436/posts/8123798344394548","0","357880607403962",,"Tomat Natama Super f1 di Pasirwangi, Kabupaten Garut
Benih Citra Asia @sorotan #benih. Ikhwan Sadid Albatsi · Original audio","100008917322278","Cello Roman's","https://scontent-man2-1.xx.fbcdn.net/v/t39.30808-1/449209330_3305996489707563_7725922858670278431_n.jpg?stp=cp0_dst-jpg_s32x32&_nc_cat=105&ccb=1-7&_nc_sid=50d2ac&_nc_ohc=GKnKid6uTsMQ7kNvgHDFQUz&_nc_ht=scontent-man2-1.xx&_nc_gid=AXBv3vY6A4RRi2ROc_QTchb&oh=00_AYBB_fzm_8zqMJjmVrlQqXEOoQHeU_EGJyAp56pmKdeJtg&oe=66EAE65A","https://www.facebook.com/people/Cello-Romans/100008917322278/","Mantap itu aa"
,,,,,"https://www.facebook.com/100002933885436/posts/8123798344394548?comment_id=528992082878505",,"2024-09-14T02:33:12.000Z","8123798344394548","https://www.facebook.com/100002933885436/posts/8123798344394548","ZmVlZGJhY2s6ODEyMzc5ODM0NDM5NDU0OF81Mjg5OTIwODI4Nzg1MDU=","Y29tbWVudDo4MTIzNzk4MzQ0Mzk0NTQ4XzUyODk5MjA4Mjg3ODUwNQ==","https://www.facebook.com/100002933885436/posts/8123798344394548","0","357880607403962",,"Tomat Natama Super f1 di Pasirwangi, Kabupaten Garut
Benih Citra Asia @sorotan #benih. Ikhwan Sadid Albatsi · Original audio","100076287872486","Remigius Remi","https://scontent-man2-1.xx.fbcdn.net/v/t39.30808-1/458192817_537039078849017_1754719346624000317_n.jpg?stp=cp0_dst-jpg_s32x32&_nc_cat=111&ccb=1-7&_nc_sid=50d2ac&_nc_ohc=YEId3lYbv8QQ7kNvgFSmPtP&_nc_ht=scontent-man2-1.xx&_nc_gid=AXBv3vY6A4RRi2ROc_QTchb&oh=00_AYDmgFBCzUXC8lnEdEGhOJAYaHsnDDtKLIQWQOHde00spQ&oe=66EADCE4","https://www.facebook.com/people/Remigius-Remi/100076287872486/","Luar biasa"
