﻿"attachments/0/style_list/0","attachments/0/style_list/1","commentUrl","commentsCount","date","facebookId","facebookUrl","feedbackId","id","inputUrl","likesCount","pageAdLibrary/id","pageAdLibrary/is_business_page_active","postTitle","profileId","profileName","profilePicture","profileUrl","replyToCommentId","text","threadingDepth"
,,"https://www.facebook.com/100004370253176/posts/2812213598934288?comment_id=792625302816780",,"2024-09-13T10:21:24.000Z","2812213598934288","https://www.facebook.com/100004370253176/posts/2812213598934288","ZmVlZGJhY2s6MjgxMjIxMzU5ODkzNDI4OF83OTI2MjUzMDI4MTY3ODA=","Y29tbWVudDoyODEyMjEzNTk4OTM0Mjg4Xzc5MjYyNTMwMjgxNjc4MA==","https://www.facebook.com/100004370253176/posts/2812213598934288","1","112652978585649","false","Jagung Betras 9","1828565536","Mohammad Iqbal Agustiana","https://scontent-atl3-1.xx.fbcdn.net/v/t1.18169-1/1468799_10203929170029473_1521419688104736133_n.jpg?stp=cp0_dst-jpg_s32x32&_nc_cat=110&ccb=1-7&_nc_sid=db5862&_nc_ohc=CmpmC1KKisYQ7kNvgHg-Vov&_nc_ht=scontent-atl3-1.xx&oh=00_AYD5hj5ROVbkEl2KXoU4wrXAvcmWCt6e70LdOpxUUS6VQQ&oe=670C78AF",,,"Mantap",
,,"https://www.facebook.com/100004370253176/posts/2812702322218749?comment_id=879164296972514",,"2024-09-14T00:54:36.000Z","2812702322218749","https://www.facebook.com/100004370253176/posts/2812702322218749","ZmVlZGJhY2s6MjgxMjcwMjMyMjIxODc0OV84NzkxNjQyOTY5NzI1MTQ=","Y29tbWVudDoyODEyNzAyMzIyMjE4NzQ5Xzg3OTE2NDI5Njk3MjUxNA==","https://www.facebook.com/100004370253176/posts/2812702322218749","0","203457429528139","false","NATAMA SUPER F1,
Tomat Indeterminate, bobot 130-150 gr/buah, potensi 4-5 kg Per pohon, cocok di tanam di Dataran Tinggi,
#bintangasia
#natamasuperf1
#natamasuper
#tomat
#benihcitraasia
#indeterminate","100007578522755","Renzy Bintangasia","https://scontent.fskg5-2.fna.fbcdn.net/v/t39.30808-1/426012403_3605728109689771_2277782955804277447_n.jpg?stp=cp0_dst-jpg_s32x32&_nc_cat=104&ccb=1-7&_nc_sid=50d2ac&_nc_ohc=M574j_z4JmsQ7kNvgFBWg-d&_nc_ht=scontent.fskg5-2.fna&oh=00_AYCLJH-G6whBL1ZFNxfv8McDe3eTXaUw-jglSbrYJqq37A&oe=66EAC284","https://www.facebook.com/renzi.prayuda",,"Gas sken",
,,"https://www.facebook.com/100004370253176/posts/2812702322218749?comment_id=945074097764867","1","2024-09-14T00:11:36.000Z","2812702322218749","https://www.facebook.com/100004370253176/posts/2812702322218749","ZmVlZGJhY2s6MjgxMjcwMjMyMjIxODc0OV85NDUwNzQwOTc3NjQ4Njc=","Y29tbWVudDoyODEyNzAyMzIyMjE4NzQ5Xzk0NTA3NDA5Nzc2NDg2Nw==","https://www.facebook.com/100004370253176/posts/2812702322218749","1","203457429528139","false","NATAMA SUPER F1,
Tomat Indeterminate, bobot 130-150 gr/buah, potensi 4-5 kg Per pohon, cocok di tanam di Dataran Tinggi,
#bintangasia
#natamasuperf1
#natamasuper
#tomat
#benihcitraasia
#indeterminate","1828565536","Mohammad Iqbal Agustiana","https://scontent.fskg5-1.fna.fbcdn.net/v/t1.18169-1/1468799_10203929170029473_1521419688104736133_n.jpg?stp=cp0_dst-jpg_s32x32&_nc_cat=110&ccb=1-7&_nc_sid=db5862&_nc_ohc=CmpmC1KKisYQ7kNvgE2Cbu-&_nc_ht=scontent.fskg5-1.fna&oh=00_AYChT6gYLf9-JC-4ABgUV8dfrlNr8k71_YuHxClE1BSs7A&oe=670C78AF",,,"Menyala Pak cali",
"sticker","fallback","https://www.facebook.com/100004370253176/posts/2812702322218749?comment_id=859694182898632",,"2024-09-14T00:13:20.000Z","2812702322218749","https://www.facebook.com/100004370253176/posts/2812702322218749","ZmVlZGJhY2s6MjgxMjcwMjMyMjIxODc0OV84NTk2OTQxODI4OTg2MzI=","Y29tbWVudDoyODEyNzAyMzIyMjE4NzQ5Xzg1OTY5NDE4Mjg5ODYzMg==","https://www.facebook.com/100004370253176/posts/2812702322218749","0","203457429528139","false","NATAMA SUPER F1,
Tomat Indeterminate, bobot 130-150 gr/buah, potensi 4-5 kg Per pohon, cocok di tanam di Dataran Tinggi,
#bintangasia
#natamasuperf1
#natamasuper
#tomat
#benihcitraasia
#indeterminate","100004370253176","Muhamad Cali Faiz Ahmad","https://scontent-iad3-1.xx.fbcdn.net/v/t39.30808-1/456120459_2788136318008683_7418166726346064265_n.jpg?stp=cp0_dst-jpg_s32x32&_nc_cat=108&ccb=1-7&_nc_sid=50d2ac&_nc_ohc=V6qJnwgPDZAQ7kNvgEwMuPm&_nc_ht=scontent-iad3-1.xx&_nc_gid=AyxpSe0bKsiM9NlaUP4rWzs&oh=00_AYC4oEyA5UvOUKIh_f4BxEuBHQjSRUkVa_7lxrHuNY0lIw&oe=66EACAAD","https://www.facebook.com/muhamad.cali.98","Y29tbWVudDoyODEyNzAyMzIyMjE4NzQ5Xzk0NTA3NDA5Nzc2NDg2Nw==","Mohammad Iqbal Agustiana  mantap","1"
