﻿"channelAvatarUrl","channelBannerUrl","channelDescription","channelId","channelJoinedDate","channelLocation","channelName","channelTotalVideos","channelTotalViews","channelUrl","comments","commentsCount","commentsTurnedOff","date","descriptionLinks/0/text","descriptionLinks/0/url","descriptionLinks/1/text","descriptionLinks/1/url","descriptionLinks/2/text","descriptionLinks/2/url","descriptionLinks/3/text","descriptionLinks/3/url","descriptionLinks/4/text","descriptionLinks/4/url","descriptionLinks/5/text","descriptionLinks/5/url","descriptionLinks/6/text","descriptionLinks/6/url","descriptionLinks/7/text","descriptionLinks/7/url","descriptionLinks/8/text","descriptionLinks/8/url","descriptionLinks/9/text","descriptionLinks/9/url","descriptionLinks/10/text","descriptionLinks/10/url","descriptionLinks/11/text","descriptionLinks/11/url","duration","fromYTUrl","id","inputChannelUrl","isAgeRestricted","isChannelVerified","isMonetized","likes","location","numberOfSubscribers","subtitles","text","thumbnailUrl","title","type","url","viewCount"
"https://yt3.googleusercontent.com/zjUWuG4XuifWv5wmxweKOlLSQdFZI_ozJFCAtywuObCyfYn1P3cOpl9rjPVfqp7P_YruM9ownw=s160-c-k-c0x00ffffff-no-rj",,"#keinginan
#menzet
#lingkungan","UCLumhm5dZ_lPhpCcaFB4bsQ","Apr 1, 2016",,"Muhamad Cali Pertanian","10","64543","https://www.youtube.com/channel/UCLumhm5dZ_lPhpCcaFB4bsQ",,"2","false","2024-09-13T00:00:00.000Z","#benihcitraasia","https://www.youtube.com/hashtag/benihcitraasia","#benih_bintangasia","https://www.youtube.com/hashtag/benih_bintangasia","#benihunggulbintangasia","https://www.youtube.com/hashtag/benihunggulbintangasia","#pastibisapastisukses","https://www.youtube.com/hashtag/pastibisapastisukses","#inovasianaknegeri","https://www.youtube.com/hashtag/inovasianaknegeri","#sahabatbintangasia","https://www.youtube.com/hashtag/sahabatbintangasia","#benih","https://www.youtube.com/hashtag/benih","#petani","https://www.youtube.com/hashtag/petani","#petanimuda","https://www.youtube.com/hashtag/petanimuda","#petaniindonesia","https://www.youtube.com/hashtag/petaniindonesia","#petanimilenial","https://www.youtube.com/hashtag/petanimilenial","#suksesbersamapetanibintangasiA","https://www.youtube.com/hashtag/suksesbersamapetanibintangasia","00:01:12","https://youtube.com/@mohamadcali8259/videos","4EEV5Uytyo8","https://youtube.com/@mohamadcali8259/videos","false","false",,"5","UETOLI","278",,"@benihcitraasia

@benih_bintangasia

#benihcitraasia

#benih_bintangasia

#benihunggulbintangasia 

#pastibisapastisukses

#inovasianaknegeri

#sahabatbintangasia 

#benih 

#petani 

#petanimuda 

#petaniindonesia 

#petanimilenial
#suksesbersamapetanibintangasiA","https://i.ytimg.com/vi/4EEV5Uytyo8/maxresdefault.jpg?sqp=-oaymwEmCIAKENAF8quKqQMa8AEB-AH-CYAC0AWKAgwIABABGFsgZSg-MA8=&rs=AOn4CLBH2mQdJ0ru3zNtMQUAejaP7gi_Zw","Buah sangat lebat Vitalia F1 #petaniindonesia #pertanian #petanimilenial","video","https://www.youtube.com/watch?v=4EEV5Uytyo8","26"
