﻿"attachments/0/__typename","attachments/0/animated_image","attachments/0/animated_image/height","attachments/0/animated_image/uri","attachments/0/animated_image/width","attachments/0/animated_image_attribution","attachments/0/animated_image_caption","attachments/0/blurred_image/uri","attachments/0/cix_screen","attachments/0/frame_count","attachments/0/frame_rate","attachments/0/frames_per_column","attachments/0/frames_per_row","attachments/0/id","attachments/0/image/height","attachments/0/image/uri","attachments/0/image/width","attachments/0/label","attachments/0/massive_image/height","attachments/0/massive_image/width","attachments/0/ocrText","attachments/0/pack","attachments/0/pack/id","attachments/0/pack/name","attachments/0/sprite_image","attachments/0/sprite_image/uri","attachments/0/sticker_image/__typename","attachments/0/sticker_image/uri","commentUrl","comments/0/commentUrl","comments/0/commentsCount","comments/0/date","comments/0/feedbackId","comments/0/id","comments/0/likesCount","comments/0/parentComment/author/__typename","comments/0/parentComment/author/id","comments/0/parentComment/author/name","comments/0/parentComment/author/short_name","comments/0/parentComment/id","comments/0/profileId","comments/0/profileName","comments/0/profilePicture","comments/0/profileUrl","comments/0/replyToCommentId","comments/0/text","comments/0/threadingDepth","comments/1/attachments/0/__typename","comments/1/attachments/0/animated_image/uri","comments/1/attachments/0/frame_count","comments/1/attachments/0/frame_rate","comments/1/attachments/0/frames_per_column","comments/1/attachments/0/frames_per_row","comments/1/attachments/0/id","comments/1/attachments/0/image/height","comments/1/attachments/0/image/uri","comments/1/attachments/0/image/width","comments/1/attachments/0/label","comments/1/attachments/0/pack/id","comments/1/attachments/0/pack/name","comments/1/attachments/0/sprite_image/uri","comments/1/commentUrl","comments/1/date","comments/1/feedbackId","comments/1/id","comments/1/likesCount","comments/1/parentComment/author/__typename","comments/1/parentComment/author/id","comments/1/parentComment/author/name","comments/1/parentComment/author/short_name","comments/1/parentComment/id","comments/1/profileId","comments/1/profileName","comments/1/profilePicture","comments/1/profileUrl","comments/1/replyToCommentId","comments/1/text","comments/1/threadingDepth","comments/2/commentUrl","comments/2/date","comments/2/feedbackId","comments/2/id","comments/2/likesCount","comments/2/parentComment/author/__typename","comments/2/parentComment/author/id","comments/2/parentComment/author/name","comments/2/parentComment/author/short_name","comments/2/parentComment/id","comments/2/profileId","comments/2/profileName","comments/2/profilePicture","comments/2/profileUrl","comments/2/replyToCommentId","comments/2/text","comments/2/threadingDepth","commentsCount","date","facebookId","facebookUrl","feedbackId","id","inputUrl","likesCount","pageAdLibrary/id","pageAdLibrary/is_business_page_active","pageAdLibrary/woodhenge_creator_info","postTitle","profileId","profileName","profilePicture","profileUrl","text","threadingDepth"
,,,,,,,,,,,,,,,,,,,,,,,,,,,,"https://www.facebook.com/cayadi.santosa/videos/1615860222338664/?comment_id=3914036702251044",,,,,,,,,,,,,,,,,,,,,,,,,,,,,,,,,,,,,,,,,,,,,,,,,,,,,,,,,,,,,,,,,,,,"2024-09-13T11:57:27.000Z","27011980608386229","https://www.facebook.com/100000029645476/posts/27011980608386229","ZmVlZGJhY2s6MjcwMTE5ODA2MDgzODYyMjlfMzkxNDAzNjcwMjI1MTA0NA==","Y29tbWVudDoyNzAxMTk4MDYwODM4NjIyOV8zOTE0MDM2NzAyMjUxMDQ0","https://www.facebook.com/100000029645476/posts/27011980608386229","1",,,,"Siap Ndan. 
Inget timun ya KOMANDAN F1 BINTANG ASIA.","100007578522755","Renzy Bintangasia","https://scontent-atl3-2.xx.fbcdn.net/v/t39.30808-1/426012403_3605728109689771_2277782955804277447_n.jpg?stp=cp0_dst-jpg_s32x32&_nc_cat=104&ccb=1-7&_nc_sid=50d2ac&_nc_ohc=8B4n2B0-e5EQ7kNvgHHbTS6&_nc_ht=scontent-atl3-2.xx&_nc_gid=AKuffhpxs4-mqkKQI0Qg6pr&oh=00_AYDQFV4KjXsOpkC47dRnveUiMkCxItPFfzCqFdejs2V_XA&oe=670A9EC4","https://www.facebook.com/renzi.prayuda","Mantap bosku","0"
,,,,,,,,,,,,,,,,,,,,,,,,,,,,"https://www.facebook.com/cayadi.santosa/videos/1615860222338664/?comment_id=1054108172342501",,,,,,,,,,,,,,,,,,,,,,,,,,,,,,,,,,,,,,,,,,,,,,,,,,,,,,,,,,,,,,,,,,,"2","2024-09-13T12:44:08.000Z","27011980608386229","https://www.facebook.com/100000029645476/posts/27011980608386229","ZmVlZGJhY2s6MjcwMTE5ODA2MDgzODYyMjlfMTA1NDEwODE3MjM0MjUwMQ==","Y29tbWVudDoyNzAxMTk4MDYwODM4NjIyOV8xMDU0MTA4MTcyMzQyNTAx","https://www.facebook.com/100000029645476/posts/27011980608386229","0",,,,"Siap Ndan. 
Inget timun ya KOMANDAN F1 BINTANG ASIA.","pfbid02W8NaTH6jhCV1p3HridzGhGyaMVWPstNL7kxarNd6zZTPeLL9f6RjiyXMXvGPdfrJl","Opeq Bintang Asia","https://scontent-atl3-1.xx.fbcdn.net/v/t39.30808-1/440808755_122106493232287865_6230265854575499414_n.jpg?stp=cp0_dst-jpg_s32x32&_nc_cat=108&ccb=1-7&_nc_sid=0ecb9b&_nc_ohc=dY9sRwuLL3UQ7kNvgF6gWoa&_nc_ht=scontent-atl3-1.xx&_nc_gid=AKuffhpxs4-mqkKQI0Qg6pr&oh=00_AYCufQwgRA94pZXKVrkFWytlARdBmlOwzclOvHEnUytGbw&oe=670AABAE","https://www.facebook.com/people/Opeq-Bintang-Asia/pfbid02W8NaTH6jhCV1p3HridzGhGyaMVWPstNL7kxarNd6zZTPeLL9f6RjiyXMXvGPdfrJl/","MantaB Komandan...
Lokasi dimana ini ndan...","0"
"GenericAttachmentMedia",,"105","https://external-atl3-2.xx.fbcdn.net/emg1/v/t13/14452376632753819474?url=https%3A%2F%2Fmedia2.giphy.com%2Fmedia%2F9HIu7B6FgEdOg%2Fgiphy.gif%3Fkid%3Dbe302117%26ct%3Ds&fb_obo=1&utld=giphy.com&stp=dst-gif_fr_q75&ccb=13-1&oh=06_Q3990_9_kj3Vlj31Z45xXct9nuI30T_HiyGXoOmn2TTxHJs&oe=67069E15&_nc_sid=9e3c15","200","GIPHY",,,,,,,,"4331802750213688","105","https://external-atl3-2.xx.fbcdn.net/emg1/v/t13/14452376632753819474?url=https%3A%2F%2Fmedia2.giphy.com%2Fmedia%2F9HIu7B6FgEdOg%2Fgiphy.gif%3Fkid%3Dbe302117%26ct%3Ds&fb_obo=1&utld=giphy.com&stp=dst-emg0_q75_s200x105&ccb=13-1&oh=06_Q3992VPd661lZGG0ksclX7noAe3vXUaYRMlQfzPsWVfgI24&oe=67069E15&_nc_sid=c97757","200",,,,,,,,,,"Image","https://external-atl3-2.xx.fbcdn.net/emg1/v/t13/14452376632753819474?url=https%3A%2F%2Fmedia2.giphy.com%2Fmedia%2F9HIu7B6FgEdOg%2Fgiphy.gif%3Fkid%3Dbe302117%26ct%3Ds&fb_obo=1&utld=giphy.com&stp=dst-gif_fr_q75&ccb=13-1&oh=06_Q3990_9_kj3Vlj31Z45xXct9nuI30T_HiyGXoOmn2TTxHJs&oe=67069E15&_nc_sid=9e3c15","https://www.facebook.com/cayadi.santosa/videos/1615860222338664/?comment_id=1883608255377894",,,,,,,,,,,,,,,,,,,,,,,,,,,,,,,,,,,,,,,,,,,,,,,,,,,,,,,,,,,,,,,,,,,"3","2024-09-13T12:25:43.000Z","27011980608386229","https://www.facebook.com/100000029645476/posts/27011980608386229","ZmVlZGJhY2s6MjcwMTE5ODA2MDgzODYyMjlfMTg4MzYwODI1NTM3Nzg5NA==","Y29tbWVudDoyNzAxMTk4MDYwODM4NjIyOV8xODgzNjA4MjU1Mzc3ODk0","https://www.facebook.com/100000029645476/posts/27011980608386229","0",,,,"Siap Ndan. 
Inget timun ya KOMANDAN F1 BINTANG ASIA.","pfbid036fPtUQhAvJAMmgwoQSbyMPQhN1RYQaazcuKgwAnea4Xo7nrjsT3rRTtNgAWUbXN8l","Dedi Refalmi","https://scontent-atl3-1.xx.fbcdn.net/v/t1.18169-1/18010603_1412009105487016_942457467530384379_n.jpg?stp=cp0_dst-jpg_s32x32&_nc_cat=106&ccb=1-7&_nc_sid=e4545e&_nc_ohc=1RC1B54RnncQ7kNvgE6CIVm&_nc_ht=scontent-atl3-1.xx&oh=00_AYCfA3Fnv0SRfTB10oK9jcswj3txqo4thIup_UNeUBIQvw&oe=672C4559","https://www.facebook.com/didot.faldi",,"0"
,,,,,,,,,,,,,,,,,,,,,,,,,,,,"https://www.facebook.com/cayadi.santosa/videos/1615860222338664/?comment_id=8137930982963772",,,,,,,,,,,,,,,,,,,,,,,,,,,,,,,,,,,,,,,,,,,,,,,,,,,,,,,,,,,,,,,,,,,"3","2024-09-14T16:14:34.000Z","27011980608386229","https://www.facebook.com/100000029645476/posts/27011980608386229","ZmVlZGJhY2s6MjcwMTE5ODA2MDgzODYyMjlfODEzNzkzMDk4Mjk2Mzc3Mg==","Y29tbWVudDoyNzAxMTk4MDYwODM4NjIyOV84MTM3OTMwOTgyOTYzNzcy","https://www.facebook.com/100000029645476/posts/27011980608386229","1",,,,"Siap Ndan. 
Inget timun ya KOMANDAN F1 BINTANG ASIA.","100009994003233","Ilham Bintang Asia","https://scontent-atl3-1.xx.fbcdn.net/v/t39.30808-1/349801600_780566773437800_6977822504580595866_n.jpg?stp=cp0_dst-jpg_s32x32&_nc_cat=100&ccb=1-7&_nc_sid=50d2ac&_nc_ohc=F6dB1VJRWmIQ7kNvgGWBZFH&_nc_ht=scontent-atl3-1.xx&_nc_gid=AKuffhpxs4-mqkKQI0Qg6pr&oh=00_AYBnRIJOYCVLYkrMbf6f1WO73vxs5hxuzFAZ2vB9GC3TMw&oe=670A92FB","https://www.facebook.com/ilham.ajo.37604","Hasil Produksi nya gimna Pak...","0"
,,,,,,,,,,,,,,,,,,,,,,,,,,,,"https://www.facebook.com/cayadi.santosa/videos/1615860222338664/?comment_id=1063267398707016",,,,,,,,,,,,,,,,,,,,,,,,,,,,,,,,,,,,,,,,,,,,,,,,,,,,,,,,,,,,,,,,,,,"6","2024-09-13T10:18:23.000Z","27011980608386229","https://www.facebook.com/100000029645476/posts/27011980608386229","ZmVlZGJhY2s6MjcwMTE5ODA2MDgzODYyMjlfMTA2MzI2NzM5ODcwNzAxNg==","Y29tbWVudDoyNzAxMTk4MDYwODM4NjIyOV8xMDYzMjY3Mzk4NzA3MDE2","https://www.facebook.com/100000029645476/posts/27011980608386229","0",,,,"Siap Ndan. 
Inget timun ya KOMANDAN F1 BINTANG ASIA.","pfbid0SuWpWW1Qr62jA8huRXVFF17LGiPpFPXzwDd23rbEN2isTpNLEEBxShr8whtNhD8el","Kholipah Sakhi","https://scontent-atl3-1.xx.fbcdn.net/v/t39.30808-1/312007009_165255776116860_7474390443367055050_n.jpg?stp=c0.0.768.768a_cp0_dst-jpg_s32x32&_nc_cat=107&ccb=1-7&_nc_sid=0ecb9b&_nc_ohc=xJSgA4ZmDa4Q7kNvgEdvgeu&_nc_ht=scontent-atl3-1.xx&_nc_gid=AKuffhpxs4-mqkKQI0Qg6pr&oh=00_AYCBBnh0YjVw9F1xDCfFUBQ-H4vEgv7cw7yq4TI1nYrxFQ&oe=670A8FDB","https://www.facebook.com/people/Kholipah-Sakhi/pfbid0SuWpWW1Qr62jA8huRXVFF17LGiPpFPXzwDd23rbEN2isTpNLEEBxShr8whtNhD8el/","siap komandan 👍","0"
,,,,,,,,,,,,,,,,,,,,,,,,,,,,"https://www.facebook.com/cayadi.santosa/videos/1615860222338664/?comment_id=1307997540183342",,,,,,,,,,,,,,,,,,,,,,,,,,,,,,,,,,,,,,,,,,,,,,,,,,,,,,,,,,,,,,,,,,,"1","2024-09-13T12:38:30.000Z","27011980608386229","https://www.facebook.com/100000029645476/posts/27011980608386229","ZmVlZGJhY2s6MjcwMTE5ODA2MDgzODYyMjlfMTMwNzk5NzU0MDE4MzM0Mg==","Y29tbWVudDoyNzAxMTk4MDYwODM4NjIyOV8xMzA3OTk3NTQwMTgzMzQy","https://www.facebook.com/100000029645476/posts/27011980608386229","0",,,,"Siap Ndan. 
Inget timun ya KOMANDAN F1 BINTANG ASIA.","100000086301102","Andri Jawi","https://scontent-atl3-2.xx.fbcdn.net/v/t39.30808-1/411745718_7336900042989466_1191939905387360376_n.jpg?stp=cp0_dst-jpg_s32x32&_nc_cat=101&ccb=1-7&_nc_sid=50d2ac&_nc_ohc=6EaNjOA-cNUQ7kNvgF6Koy1&_nc_ht=scontent-atl3-2.xx&_nc_gid=AKuffhpxs4-mqkKQI0Qg6pr&oh=00_AYD6UO33pT46dAymPiEuBOneWnhGspyJlDA3VmVZ7z-oUQ&oe=670A8FCD","https://www.facebook.com/jawirun","mantab ndan sudah saya laporkan","0"
,,,,,,,,,,,,,,,,,,,,,,,,,,,,"https://www.facebook.com/cayadi.santosa/videos/1615860222338664/?comment_id=1061174952277068",,,,,,,,,,,,,,,,,,,,,,,,,,,,,,,,,,,,,,,,,,,,,,,,,,,,,,,,,,,,,,,,,,,"1","2024-09-13T10:54:48.000Z","27011980608386229","https://www.facebook.com/100000029645476/posts/27011980608386229","ZmVlZGJhY2s6MjcwMTE5ODA2MDgzODYyMjlfMTA2MTE3NDk1MjI3NzA2OA==","Y29tbWVudDoyNzAxMTk4MDYwODM4NjIyOV8xMDYxMTc0OTUyMjc3MDY4","https://www.facebook.com/100000029645476/posts/27011980608386229","0",,,,"Siap Ndan. 
Inget timun ya KOMANDAN F1 BINTANG ASIA.","100064705672456","Ainayya Fathiyyaturrahma","https://scontent-atl3-2.xx.fbcdn.net/v/t39.30808-1/456901817_915811323919048_3752286034656807792_n.jpg?stp=cp0_dst-jpg_p32x32&_nc_cat=104&ccb=1-7&_nc_sid=50d2ac&_nc_ohc=xTgeAJNQOT0Q7kNvgH3nokk&_nc_ht=scontent-atl3-2.xx&_nc_gid=AKuffhpxs4-mqkKQI0Qg6pr&oh=00_AYBHn1zzC8ldYFbzg91qm1MPgBMCiWsojRD7tG3fFwFOsQ&oe=670ABA26","https://www.facebook.com/ainayya.fathiyyaturrahma.393","menyala bintang asia 🤩","0"
,,,,,,,,,,,,,,,,,,,,,,,,,,,,"https://www.facebook.com/cayadi.santosa/videos/1615860222338664/?comment_id=2017823711986108",,,,,,,,,,,,,,,,,,,,,,,,,,,,,,,,,,,,,,,,,,,,,,,,,,,,,,,,,,,,,,,,,,,"1","2024-09-13T12:57:03.000Z","27011980608386229","https://www.facebook.com/100000029645476/posts/27011980608386229","ZmVlZGJhY2s6MjcwMTE5ODA2MDgzODYyMjlfMjAxNzgyMzcxMTk4NjEwOA==","Y29tbWVudDoyNzAxMTk4MDYwODM4NjIyOV8yMDE3ODIzNzExOTg2MTA4","https://www.facebook.com/100000029645476/posts/27011980608386229","0",,,,"Siap Ndan. 
Inget timun ya KOMANDAN F1 BINTANG ASIA.","pfbid02U6yJWB7ureRHKKn8T5ZFH3RqSXGtvt6GL6i6dDNd9CS4kwQfrJXezyuyuykhCJUjl","Ribut Andi M. Andi","https://scontent-atl3-1.xx.fbcdn.net/v/t39.30808-1/428190647_3258985684257057_8152856627367893907_n.jpg?stp=cp0_dst-jpg_s32x32&_nc_cat=107&ccb=1-7&_nc_sid=0ecb9b&_nc_ohc=BgUBpWVW4PIQ7kNvgF_NriB&_nc_ht=scontent-atl3-1.xx&_nc_gid=AKuffhpxs4-mqkKQI0Qg6pr&oh=00_AYDy1QsaaQXmjM_dJ2wiCSE-hB5lCzmLC4VpmxWcQOjERw&oe=670AA7B7","https://www.facebook.com/people/Ribut-Andi-M-Andi/pfbid02U6yJWB7ureRHKKn8T5ZFH3RqSXGtvt6GL6i6dDNd9CS4kwQfrJXezyuyuykhCJUjl/","Gas... Bos...","0"
,,,,,,,,,,,,,,,,,,,,,,,,,,,,"https://www.facebook.com/cayadi.santosa/videos/1615860222338664/?comment_id=493589560114393",,,,,,,,,,,,,,,,,,,,,,,,,,,,,,,,,,,,,,,,,,,,,,,,,,,,,,,,,,,,,,,,,,,"1","2024-09-13T14:53:27.000Z","27011980608386229","https://www.facebook.com/100000029645476/posts/27011980608386229","ZmVlZGJhY2s6MjcwMTE5ODA2MDgzODYyMjlfNDkzNTg5NTYwMTE0Mzkz","Y29tbWVudDoyNzAxMTk4MDYwODM4NjIyOV80OTM1ODk1NjAxMTQzOTM=","https://www.facebook.com/100000029645476/posts/27011980608386229","0",,,,"Siap Ndan. 
Inget timun ya KOMANDAN F1 BINTANG ASIA.","100000902487856","Nandha Jhuliadi","https://scontent-atl3-1.xx.fbcdn.net/v/t39.30808-1/461735848_27275613252052056_352947471327518945_n.jpg?stp=cp0_dst-jpg_s32x32&_nc_cat=106&ccb=1-7&_nc_sid=50d2ac&_nc_ohc=HS7DK-gZzJ8Q7kNvgFHK5cI&_nc_ht=scontent-atl3-1.xx&_nc_gid=AKuffhpxs4-mqkKQI0Qg6pr&oh=00_AYC40otDJ4IZY_N8CHk0H0SLoGBkKPxmX0vY9PAr3EzcXg&oe=670AB292","https://www.facebook.com/Nanda.EliQers","Sukses selalu maszeh😃","0"
,,,,,,,,,,,,,,,,,,,,,,,,,,,,"https://www.facebook.com/cayadi.santosa/videos/1615860222338664/?comment_id=1077099737083070",,,,,,,,,,,,,,,,,,,,,,,,,,,,,,,,,,,,,,,,,,,,,,,,,,,,,,,,,,,,,,,,,,,"1","2024-09-13T10:11:09.000Z","27011980608386229","https://www.facebook.com/100000029645476/posts/27011980608386229","ZmVlZGJhY2s6MjcwMTE5ODA2MDgzODYyMjlfMTA3NzA5OTczNzA4MzA3MA==","Y29tbWVudDoyNzAxMTk4MDYwODM4NjIyOV8xMDc3MDk5NzM3MDgzMDcw","https://www.facebook.com/100000029645476/posts/27011980608386229","0",,,,"Siap Ndan. 
Inget timun ya KOMANDAN F1 BINTANG ASIA.","pfbid02KAmcXkYQaoPmm7jV69hYS2NSuDRakv32g5PB8wmMYfqbPCtXzoVPrurQ3Kro8ggRl","Yarto Miyarto","https://scontent-atl3-1.xx.fbcdn.net/v/t39.30808-1/312995180_107563508820498_8641099074002629654_n.jpg?stp=c0.119.720.720a_cp0_dst-jpg_s32x32&_nc_cat=107&ccb=1-7&_nc_sid=0ecb9b&_nc_ohc=-Gkxq5dw3lUQ7kNvgGJLhMx&_nc_ht=scontent-atl3-1.xx&_nc_gid=AKuffhpxs4-mqkKQI0Qg6pr&oh=00_AYDM5xjK0FlJrFyGXKvzMQ4lCuVIuuaJDXgcn8OBpcXGHQ&oe=670AC053","https://www.facebook.com/people/Yarto-Miyarto/pfbid02KAmcXkYQaoPmm7jV69hYS2NSuDRakv32g5PB8wmMYfqbPCtXzoVPrurQ3Kro8ggRl/","Mantab masbro","0"
,,,,,,,,,,,,,,,,,,,,,,,,,,,,"https://www.facebook.com/cayadi.santosa/videos/1191486928592642/?comment_id=922647129900446",,,,,,,,,,,,,,,,,,,,,,,,,,,,,,,,,,,,,,,,,,,,,,,,,,,,,,,,,,,,,,,,,,,"1","2024-10-07T17:24:19.000Z","27424086797175606","https://www.facebook.com/100000029645476/posts/27424086797175606","ZmVlZGJhY2s6Mjc0MjQwODY3OTcxNzU2MDZfOTIyNjQ3MTI5OTAwNDQ2","Y29tbWVudDoyNzQyNDA4Njc5NzE3NTYwNl85MjI2NDcxMjk5MDA0NDY=","https://www.facebook.com/100000029645476/posts/27424086797175606","0",,,,,"100001677248550","Anwar Guntoro","https://scontent-iad3-1.xx.fbcdn.net/v/t39.30808-1/310159941_5383516591714196_2530996135356665805_n.jpg?stp=cp0_dst-jpg_s32x32&_nc_cat=104&ccb=1-7&_nc_sid=50d2ac&_nc_ohc=4BcPPXjGA60Q7kNvgEmQOOe&_nc_ht=scontent-iad3-1.xx&_nc_gid=Ag780XubF-GdN1IDKeJn8-D&oh=00_AYDepPSxK8E6oVgEBE1E5x20ONrBD3Y7_J8a5f_lihtsdA&oe=670AC62D","https://www.facebook.com/anwar.guntoro.9","Wah...otw ke Pabrik BCA ya mas....","0"
,,,,,,,,,,,,,,,,,,,,,,,,,,,,"https://www.facebook.com/cayadi.santosa/videos/1191486928592642/?comment_id=582856247402729",,,,,,,,,,,,,,,,,,,,,,,,,,,,,,,,,,,,,,,,,,,,,,,,,,,,,,,,,,,,,,,,,,,"1","2024-10-07T17:11:39.000Z","27424086797175606","https://www.facebook.com/100000029645476/posts/27424086797175606","ZmVlZGJhY2s6Mjc0MjQwODY3OTcxNzU2MDZfNTgyODU2MjQ3NDAyNzI5","Y29tbWVudDoyNzQyNDA4Njc5NzE3NTYwNl81ODI4NTYyNDc0MDI3Mjk=","https://www.facebook.com/100000029645476/posts/27424086797175606","0",,,,,"pfbid02d3Pi7UVAffUX4YgdrFLNUmZ7ekBgAoAUAmkTZrgWfSa6MN8y1zFUrge2qgcuTAsKl","Muhammad Pajri","https://scontent-iad3-2.xx.fbcdn.net/v/t1.6435-1/86292965_3637582939604001_1090440747041161216_n.jpg?stp=cp0_dst-jpg_s32x32&_nc_cat=103&ccb=1-7&_nc_sid=e4545e&_nc_ohc=vmhnonItTsQQ7kNvgECHjNK&_nc_ht=scontent-iad3-2.xx&_nc_gid=Ag780XubF-GdN1IDKeJn8-D&oh=00_AYAuApmwl7vc2IBmDmInZ4CQSLRzGpPWtwsnfPXyS-iyOA&oe=672C2E77","https://www.facebook.com/M.PAJRI","Mantap mas,.. Petani makin tau prosesnya lumayan....","0"
,,,,,,,,,,,,,,,,,,,,,,,,,,,,"https://www.facebook.com/cayadi.santosa/videos/1191486928592642/?comment_id=551941320832004",,,,,,,,,,,,,,,,,,,,,,,,,,,,,,,,,,,,,,,,,,,,,,,,,,,,,,,,,,,,,,,,,,,"3","2024-10-07T23:20:30.000Z","27424086797175606","https://www.facebook.com/100000029645476/posts/27424086797175606","ZmVlZGJhY2s6Mjc0MjQwODY3OTcxNzU2MDZfNTUxOTQxMzIwODMyMDA0","Y29tbWVudDoyNzQyNDA4Njc5NzE3NTYwNl81NTE5NDEzMjA4MzIwMDQ=","https://www.facebook.com/100000029645476/posts/27424086797175606","0",,,,,"100064705672456","Ainayya Fathiyyaturrahma","https://scontent-iad3-1.xx.fbcdn.net/v/t39.30808-1/456901817_915811323919048_3752286034656807792_n.jpg?stp=cp0_dst-jpg_p32x32&_nc_cat=104&ccb=1-7&_nc_sid=50d2ac&_nc_ohc=xTgeAJNQOT0Q7kNvgEJeLbH&_nc_ht=scontent-iad3-1.xx&_nc_gid=Ag780XubF-GdN1IDKeJn8-D&oh=00_AYBq5SG8q0386Z-O4pEAYj-DKR8tyjLhZ-v0Kau4wdlEhg&oe=670ABA26","https://www.facebook.com/ainayya.fathiyyaturrahma.393","wah mantap bos 🤩","0"
,,,,,,,,,,,,,,,,,,,,,,,,,,,,"https://www.facebook.com/cayadi.santosa/videos/1191486928592642/?comment_id=1607417550126981",,,,,,,,,,,,,,,,,,,,,,,,,,,,,,,,,,,,,,,,,,,,,,,,,,,,,,,,,,,,,,,,,,,"1","2024-10-07T23:46:38.000Z","27424086797175606","https://www.facebook.com/100000029645476/posts/27424086797175606","ZmVlZGJhY2s6Mjc0MjQwODY3OTcxNzU2MDZfMTYwNzQxNzU1MDEyNjk4MQ==","Y29tbWVudDoyNzQyNDA4Njc5NzE3NTYwNl8xNjA3NDE3NTUwMTI2OTgx","https://www.facebook.com/100000029645476/posts/27424086797175606","0",,,,,"1731151440","Tidar Ardiyanto","https://scontent-iad3-1.xx.fbcdn.net/v/t39.30808-1/395324445_10211220725590558_1955392965267474716_n.jpg?stp=cp0_dst-jpg_s32x32&_nc_cat=108&ccb=1-7&_nc_sid=50d2ac&_nc_ohc=KarYsL-6R1cQ7kNvgGUTU3F&_nc_ht=scontent-iad3-1.xx&_nc_gid=Ag780XubF-GdN1IDKeJn8-D&oh=00_AYChd5UOCI5N9W9g29Ob4u8gnvP6jZuNbKHc3yNRAu7Kgg&oe=670A99B8",,"Mantap 👍👍👍","0"
,,,,,,,,,,,,,,,,,,,,,,,,,,,,"https://www.facebook.com/cayadi.santosa/videos/1708846119927850/?comment_id=1031475828479710",,,,,,,,,,,,,,,,,,,,,,,,,,,,,,,,,,,,,,,,,,,,,,,,,,,,,,,,,,,,,,,,,,,"1","2024-09-06T07:06:03.000Z","26927111873539770","https://www.facebook.com/100000029645476/posts/26927111873539770","ZmVlZGJhY2s6MjY5MjcxMTE4NzM1Mzk3NzBfMTAzMTQ3NTgyODQ3OTcxMA==","Y29tbWVudDoyNjkyNzExMTg3MzUzOTc3MF8xMDMxNDc1ODI4NDc5NzEw","https://www.facebook.com/100000029645476/posts/26927111873539770","0",,,,"Masih bersama jagung manis STABIL F1.
Udah nginep rasa tetep manis.","100004635373912","Andrian Kamaludin Gani","https://scontent-lga3-1.xx.fbcdn.net/v/t39.30808-1/457490804_2835351473296004_550107678388789886_n.jpg?stp=cp0_dst-jpg_s32x32&_nc_cat=103&ccb=1-7&_nc_sid=50d2ac&_nc_ohc=KKt_eS4wJuIQ7kNvgFjWSHK&_nc_ht=scontent-lga3-1.xx&_nc_gid=AK8BonpVHCo_rNKTJ5Kd-sp&oh=00_AYDR9EOIHyBJBlUMp-Q3_D6eZpjwSJL62Kt44w4EbU_N8w&oe=670A99C3","https://www.facebook.com/andrian.chilegenda","Mantap stabil F1👍👍","0"
,,,,,,,,,,,,,,,,,,,,,,,,,,,,"https://www.facebook.com/cayadi.santosa/videos/1708846119927850/?comment_id=1301047354609489",,,,,,,,,,,,,,,,,,,,,,,,,,,,,,,,,,,,,,,,,,,,,,,,,,,,,,,,,,,,,,,,,,,"4","2024-09-06T03:17:44.000Z","26927111873539770","https://www.facebook.com/100000029645476/posts/26927111873539770","ZmVlZGJhY2s6MjY5MjcxMTE4NzM1Mzk3NzBfMTMwMTA0NzM1NDYwOTQ4OQ==","Y29tbWVudDoyNjkyNzExMTg3MzUzOTc3MF8xMzAxMDQ3MzU0NjA5NDg5","https://www.facebook.com/100000029645476/posts/26927111873539770","0",,,,"Masih bersama jagung manis STABIL F1.
Udah nginep rasa tetep manis.","100021480528422","Tata Rumah Pengantin","https://scontent-lga3-1.xx.fbcdn.net/v/t39.30808-1/448972650_1531687400890596_784994599216693912_n.jpg?stp=c0.256.1536.1536a_cp0_dst-jpg_s32x32&_nc_cat=103&ccb=1-7&_nc_sid=50d2ac&_nc_ohc=IxorIDgASrAQ7kNvgHSrNZT&_nc_ht=scontent-lga3-1.xx&_nc_gid=AK8BonpVHCo_rNKTJ5Kd-sp&oh=00_AYB_-0_tCoJ0eoxnbkRpisKNLJ7Qyv8OIX_nmlu48mTEYw&oe=670AAF0F","https://www.facebook.com/tata.pengantin.5","Nah kan,dirumah ngak di tinggalin...digowo Kabeh..anakny golek iii","0"
,,,,,,,,,,,,,,,,,,,,,,,,,,,,"https://www.facebook.com/cayadi.santosa/videos/1708846119927850/?comment_id=788931493317269",,,,,,,,,,,,,,,,,,,,,,,,,,,,,,,,,,,,,,,,,,,,,,,,,,,,,,,,,,,,,,,,,,,"1","2024-09-06T04:57:50.000Z","26927111873539770","https://www.facebook.com/100000029645476/posts/26927111873539770","ZmVlZGJhY2s6MjY5MjcxMTE4NzM1Mzk3NzBfNzg4OTMxNDkzMzE3MjY5","Y29tbWVudDoyNjkyNzExMTg3MzUzOTc3MF83ODg5MzE0OTMzMTcyNjk=","https://www.facebook.com/100000029645476/posts/26927111873539770","0",,,,"Masih bersama jagung manis STABIL F1.
Udah nginep rasa tetep manis.","100007578522755","Renzy Bintangasia","https://scontent-lga3-2.xx.fbcdn.net/v/t39.30808-1/426012403_3605728109689771_2277782955804277447_n.jpg?stp=cp0_dst-jpg_s32x32&_nc_cat=104&ccb=1-7&_nc_sid=50d2ac&_nc_ohc=8B4n2B0-e5EQ7kNvgFQjkJA&_nc_ht=scontent-lga3-2.xx&_nc_gid=AK8BonpVHCo_rNKTJ5Kd-sp&oh=00_AYAXzmsYzVoD7Zz5zOsuBCJ3AAbhv2vkgIcosmnaslZNdA&oe=670A9EC4","https://www.facebook.com/renzi.prayuda","Kirim ke sini dong yang rebusanya 🤣","0"
,,,,,,,,,,,,,,,,,,,,,,,,,,,,"https://www.facebook.com/cayadi.santosa/videos/1708846119927850/?comment_id=817182327248256",,,,,,,,,,,,,,,,,,,,,,,,,,,,,,,,,,,,,,,,,,,,,,,,,,,,,,,,,,,,,,,,,,,"2","2024-09-07T07:04:29.000Z","26927111873539770","https://www.facebook.com/100000029645476/posts/26927111873539770","ZmVlZGJhY2s6MjY5MjcxMTE4NzM1Mzk3NzBfODE3MTgyMzI3MjQ4MjU2","Y29tbWVudDoyNjkyNzExMTg3MzUzOTc3MF84MTcxODIzMjcyNDgyNTY=","https://www.facebook.com/100000029645476/posts/26927111873539770","0",,,,"Masih bersama jagung manis STABIL F1.
Udah nginep rasa tetep manis.","pfbid0YJWbdM5VZ6yPRiCK37HUUbecDMigk1Qwnbg2EkdTBTt1qoxc2YKVf1LCCQu5Wz4ol","Agus Jr.","https://scontent-lga3-1.xx.fbcdn.net/v/t39.30808-1/295810345_1103847230530185_52690559756988271_n.jpg?stp=c0.68.488.488a_cp0_dst-jpg_s32x32&_nc_cat=111&ccb=1-7&_nc_sid=0ecb9b&_nc_ohc=OTIhuTnvVfoQ7kNvgHFzdQv&_nc_ht=scontent-lga3-1.xx&_nc_gid=AK8BonpVHCo_rNKTJ5Kd-sp&oh=00_AYARGse5Doa47vh06z87n-MmGtMCCls-BncrPyM8HHmhcQ&oe=670ABA24","https://www.facebook.com/agusputra.ngawi.5","Tetap kompak,stabil, siap libas.","0"
,,,,,,,,,,,,,,,,,,,,,,,,,,,,"https://www.facebook.com/reel/1309794066651076/?comment_id=827599115843786","https://www.facebook.com/reel/1309794066651076/?comment_id=827599115843786&reply_comment_id=1034581908381728",,"2024-09-07T05:14:55.000Z","ZmVlZGJhY2s6MjY5NDA0MjI2NzU1NDIwMjNfMTAzNDU4MTkwODM4MTcyOA==","Y29tbWVudDoyNjk0MDQyMjY3NTU0MjAyM18xMDM0NTgxOTA4MzgxNzI4","0","User","pfbid02NZTUxkpWaTZQgipJtyMcsRgqj26MMjZCiqG5SXaC2oixtc1mTgWSKH6nBVLKuZNRl","Busu Ko","Busu","Y29tbWVudDoyNjk0MDQyMjY3NTU0MjAyM184Mjc1OTkxMTU4NDM3ODY=","100000029645476","Cayadi Bintang Asia","https://scontent-iad3-1.xx.fbcdn.net/v/t31.18172-1/15724565_1469077786436529_7264600135043183638_o.jpg?stp=c0.200.1200.1200a_cp0_dst-jpg_s32x32&_nc_cat=101&ccb=1-7&_nc_sid=db5862&_nc_ohc=IFGPD1G8UMQQ7kNvgEjIagb&_nc_ht=scontent-iad3-1.xx&_nc_gid=A4aV9fPFn-Jn5oAHv47WCdE&oh=00_AYBn52NGCVdSQ7a5JFT46uVbJtKZFZRpjU2gZqa4gntmvA&oe=672C56FE","https://www.facebook.com/cayadi.santosa","Y29tbWVudDoyNjk0MDQyMjY3NTU0MjAyM184Mjc1OTkxMTU4NDM3ODY=","Busu Ko 1.100 mdpl.","1",,,,,,,,,,,,,,,,,,,,,,,,,,,,,,,,,,,,,,,,,,,,,,,,,"1","2024-09-07T05:11:28.000Z","26940422675542023","https://www.facebook.com/100000029645476/posts/26940422675542023","ZmVlZGJhY2s6MjY5NDA0MjI2NzU1NDIwMjNfODI3NTk5MTE1ODQzNzg2","Y29tbWVudDoyNjk0MDQyMjY3NTU0MjAyM184Mjc1OTkxMTU4NDM3ODY=","https://www.facebook.com/100000029645476/posts/26940422675542023","0","177330225469654",,,,"pfbid02NZTUxkpWaTZQgipJtyMcsRgqj26MMjZCiqG5SXaC2oixtc1mTgWSKH6nBVLKuZNRl","Busu Ko","https://scontent-iad3-1.xx.fbcdn.net/v/t1.6435-1/104291257_325598668458428_8727821561808103981_n.jpg?stp=c0.0.750.750a_cp0_dst-jpg_s32x32&_nc_cat=110&ccb=1-7&_nc_sid=0ecb9b&_nc_ohc=Vdtl68SZ2yEQ7kNvgGF9Wbo&_nc_ht=scontent-iad3-1.xx&_nc_gid=A4aV9fPFn-Jn5oAHv47WCdE&oh=00_AYCuVLga6B_8RbUj3rfp1wrSfFNahKYUmRi2DWrnYr1Kmw&oe=672C60D6","https://www.facebook.com/yavi.ko.7","Info Dataran nya bg","0"
,,,,,,,,,,,,,,,,,,,,,,,,,,,,"https://www.facebook.com/reel/1181151036666883/?comment_id=421910354335510","https://www.facebook.com/reel/1181151036666883/?comment_id=421910354335510&reply_comment_id=1184909219387103",,"2024-09-04T11:33:17.000Z","ZmVlZGJhY2s6MjY5MDQyMTc0NzU4MjkyMTBfMTE4NDkwOTIxOTM4NzEwMw==","Y29tbWVudDoyNjkwNDIxNzQ3NTgyOTIxMF8xMTg0OTA5MjE5Mzg3MTAz","0","User","100001408872342","Febri Arianto","Febri","Y29tbWVudDoyNjkwNDIxNzQ3NTgyOTIxMF80MjE5MTAzNTQzMzU1MTA=","100000029645476","Cayadi Bintang Asia","https://scontent.fmvd1-1.fna.fbcdn.net/v/t31.18172-1/15724565_1469077786436529_7264600135043183638_o.jpg?stp=c0.200.1200.1200a_cp0_dst-jpg_s32x32&_nc_cat=101&ccb=1-7&_nc_sid=db5862&_nc_ohc=IFGPD1G8UMQQ7kNvgG5ovsq&_nc_ht=scontent.fmvd1-1.fna&_nc_gid=AAGhvqugME8G3R6MOm2pLGX&oh=00_AYBPBRC-n8TxjE6VeeW-qKqdaczO3N6GS-wuWPQlHJlF_g&oe=672C56FE","https://www.facebook.com/cayadi.santosa","Y29tbWVudDoyNjkwNDIxNzQ3NTgyOTIxMF80MjE5MTAzNTQzMzU1MTA=","Febri Arianto tetep konsisten .","1",,,,,,,,,,,,,,,,,,,,,,,,,,,,,,,,,,,,,,,,,,,,,,,,,"1","2024-09-04T10:27:56.000Z","26904217475829210","https://www.facebook.com/100000029645476/posts/26904217475829210","ZmVlZGJhY2s6MjY5MDQyMTc0NzU4MjkyMTBfNDIxOTEwMzU0MzM1NTEw","Y29tbWVudDoyNjkwNDIxNzQ3NTgyOTIxMF80MjE5MTAzNTQzMzU1MTA=","https://www.facebook.com/100000029645476/posts/26904217475829210","0","177330225469654",,,"Sukses bersama BINTANG ASIA.. Cayadi Bintang Asia · Original audio","100001408872342","Febri Arianto","https://scontent.fmvd1-1.fna.fbcdn.net/v/t39.30808-1/402943207_7015531545170405_560873927845988234_n.jpg?stp=cp0_dst-jpg_s32x32&_nc_cat=102&ccb=1-7&_nc_sid=50d2ac&_nc_ohc=chf1OeGf6cwQ7kNvgGD8bU9&_nc_ht=scontent.fmvd1-1.fna&_nc_gid=AAGhvqugME8G3R6MOm2pLGX&oh=00_AYA0YFAr_o6r3AS4c2EXe206LvyprKQbiint-Lli5Xv6rg&oe=670ABDFE","https://www.facebook.com/febri.dgunshereikan","Panggah oke Tewe 👍🏽","0"
,,,,,,,,,,,,,,,,,,,,,,,,,,,,"https://www.facebook.com/reel/901685671850451/?comment_id=8858015707590127","https://www.facebook.com/reel/901685671850451/?comment_id=8858015707590127&reply_comment_id=4597519567140393","2","2024-09-28T14:20:54.000Z","ZmVlZGJhY2s6MjcyNjUyNzQxMzYzOTAyMDdfNDU5NzUxOTU2NzE0MDM5Mw==","Y29tbWVudDoyNzI2NTI3NDEzNjM5MDIwN180NTk3NTE5NTY3MTQwMzkz","0","User","pfbid0ZjQFBAvSBpM9HQTXuLQoqAsLXqqnogwysQbdhkgvwqdHZWsYsGrB9phuLtM1xHDJl","Joni Wong","Joni","Y29tbWVudDoyNzI2NTI3NDEzNjM5MDIwN184ODU4MDE1NzA3NTkwMTI3","100000029645476","Cayadi Bintang Asia","https://scontent-mia3-1.xx.fbcdn.net/v/t31.18172-1/15724565_1469077786436529_7264600135043183638_o.jpg?stp=c0.200.1200.1200a_cp0_dst-jpg_s32x32&_nc_cat=101&ccb=1-7&_nc_sid=db5862&_nc_ohc=IFGPD1G8UMQQ7kNvgFwVk4q&_nc_ht=scontent-mia3-1.xx&_nc_gid=A48zIFZW2cER1dOq9tRmt4c&oh=00_AYDGr73Ry6QvxhmA0zjrUBZmE2gdQKHCWBf89r85TSvSEw&oe=672C56FE","https://www.facebook.com/cayadi.santosa","Y29tbWVudDoyNzI2NTI3NDEzNjM5MDIwN184ODU4MDE1NzA3NTkwMTI3","Joni Wong mesti awakmu arep nyemplung Empang Yo?","1",,,,,,,,,,,,,,,"https://www.facebook.com/reel/901685671850451/?comment_id=8858015707590127&reply_comment_id=1282379429593745","2024-09-28T14:21:31.000Z","ZmVlZGJhY2s6MjcyNjUyNzQxMzYzOTAyMDdfMTI4MjM3OTQyOTU5Mzc0NQ==","Y29tbWVudDoyNzI2NTI3NDEzNjM5MDIwN18xMjgyMzc5NDI5NTkzNzQ1","0","User","pfbid0ZjQFBAvSBpM9HQTXuLQoqAsLXqqnogwysQbdhkgvwqdHZWsYsGrB9phuLtM1xHDJl","Joni Wong","Joni","Y29tbWVudDoyNzI2NTI3NDEzNjM5MDIwN184ODU4MDE1NzA3NTkwMTI3","pfbid0ZjQFBAvSBpM9HQTXuLQoqAsLXqqnogwysQbdhkgvwqdHZWsYsGrB9phuLtM1xHDJl","Joni Wong","https://scontent-mia3-2.xx.fbcdn.net/v/t39.30808-1/452973038_1930300530755056_3892369769696971487_n.jpg?stp=c0.0.891.891a_cp0_dst-jpg_s32x32&_nc_cat=103&ccb=1-7&_nc_sid=0ecb9b&_nc_ohc=_pSibDg18QYQ7kNvgGUqdRy&_nc_ht=scontent-mia3-2.xx&_nc_gid=A48zIFZW2cER1dOq9tRmt4c&oh=00_AYAg9CVMFLEZcaPPcCh4P1lZar2QtIShPHjUSrPFWErbHQ&oe=670AB032","https://www.facebook.com/joni.wong.921","Y29tbWVudDoyNzI2NTI3NDEzNjM5MDIwN184ODU4MDE1NzA3NTkwMTI3","Cayadi Bintang Asia iya dong","2","https://www.facebook.com/reel/901685671850451/?comment_id=8858015707590127&reply_comment_id=1535801290391366","2024-09-28T14:22:49.000Z","ZmVlZGJhY2s6MjcyNjUyNzQxMzYzOTAyMDdfMTUzNTgwMTI5MDM5MTM2Ng==","Y29tbWVudDoyNzI2NTI3NDEzNjM5MDIwN18xNTM1ODAxMjkwMzkxMzY2","0","User","pfbid0ZjQFBAvSBpM9HQTXuLQoqAsLXqqnogwysQbdhkgvwqdHZWsYsGrB9phuLtM1xHDJl","Joni Wong","Joni","Y29tbWVudDoyNzI2NTI3NDEzNjM5MDIwN184ODU4MDE1NzA3NTkwMTI3","100000029645476","Cayadi Bintang Asia","https://scontent-mia3-1.xx.fbcdn.net/v/t31.18172-1/15724565_1469077786436529_7264600135043183638_o.jpg?stp=c0.200.1200.1200a_cp0_dst-jpg_s32x32&_nc_cat=101&ccb=1-7&_nc_sid=db5862&_nc_ohc=IFGPD1G8UMQQ7kNvgFwVk4q&_nc_ht=scontent-mia3-1.xx&_nc_gid=A48zIFZW2cER1dOq9tRmt4c&oh=00_AYDGr73Ry6QvxhmA0zjrUBZmE2gdQKHCWBf89r85TSvSEw&oe=672C56FE","https://www.facebook.com/cayadi.santosa","Y29tbWVudDoyNzI2NTI3NDEzNjM5MDIwN184ODU4MDE1NzA3NTkwMTI3","Joni Wong arep jikuk urang opo bandeng..","2","3","2024-09-28T14:19:45.000Z","27265274136390207","https://www.facebook.com/100000029645476/posts/27265274136390207","ZmVlZGJhY2s6MjcyNjUyNzQxMzYzOTAyMDdfODg1ODAxNTcwNzU5MDEyNw==","Y29tbWVudDoyNzI2NTI3NDEzNjM5MDIwN184ODU4MDE1NzA3NTkwMTI3","https://www.facebook.com/100000029645476/posts/27265274136390207","0","177330225469654",,,"Ibuku sayang..... Difarina Indra Adella · Obati Rinduku","pfbid0ZjQFBAvSBpM9HQTXuLQoqAsLXqqnogwysQbdhkgvwqdHZWsYsGrB9phuLtM1xHDJl","Joni Wong","https://scontent-mia3-2.xx.fbcdn.net/v/t39.30808-1/452973038_1930300530755056_3892369769696971487_n.jpg?stp=c0.0.891.891a_cp0_dst-jpg_s32x32&_nc_cat=103&ccb=1-7&_nc_sid=0ecb9b&_nc_ohc=_pSibDg18QYQ7kNvgGUqdRy&_nc_ht=scontent-mia3-2.xx&_nc_gid=A48zIFZW2cER1dOq9tRmt4c&oh=00_AYAg9CVMFLEZcaPPcCh4P1lZar2QtIShPHjUSrPFWErbHQ&oe=670AB032","https://www.facebook.com/joni.wong.921","Kapan mrono aku melu","0"
,,,,,,,,,,,,,,,,,,,,,,,,,,,,"https://www.facebook.com/cayadi.santosa/posts/pfbid0Vpa96ELXxgNs1W1bEuvMGYQ7NiqUy93AoC1rGK7wof5En3wSXLiXRtrK1sbEcXVNl?comment_id=8409846865765807","https://www.facebook.com/cayadi.santosa/posts/pfbid0Vpa96ELXxgNs1W1bEuvMGYQ7NiqUy93AoC1rGK7wof5En3wSXLiXRtrK1sbEcXVNl?comment_id=8409846865765807&reply_comment_id=1602299273973531",,"2024-09-25T10:18:56.000Z","ZmVlZGJhY2s6MjcyMTA0NTIyNDUyMDU3MzBfMTYwMjI5OTI3Mzk3MzUzMQ==","Y29tbWVudDoyNzIxMDQ1MjI0NTIwNTczMF8xNjAyMjk5MjczOTczNTMx","0","User","100001408872342","Febri Arianto","Febri","Y29tbWVudDoyNzIxMDQ1MjI0NTIwNTczMF84NDA5ODQ2ODY1NzY1ODA3","100000029645476","Cayadi Bintang Asia","https://scontent-lga3-2.xx.fbcdn.net/v/t31.18172-1/15724565_1469077786436529_7264600135043183638_o.jpg?stp=c0.200.1200.1200a_cp0_dst-jpg_s32x32&_nc_cat=101&ccb=1-7&_nc_sid=db5862&_nc_ohc=IFGPD1G8UMQQ7kNvgHnZlZM&_nc_ht=scontent-lga3-2.xx&_nc_gid=Ax_1YDd5WEPS88jnJxM1Pno&oh=00_AYC6hrZEPcY_dXDG3blZNe_txsT9zCBh7tYC1lcl3_5r7A&oe=672C56FE","https://www.facebook.com/cayadi.santosa","Y29tbWVudDoyNzIxMDQ1MjI0NTIwNTczMF84NDA5ODQ2ODY1NzY1ODA3","Febri Arianto Aamiin...","1",,,,,,,,,,,,,,,,,,,,,,,,,,,,,,,,,,,,,,,,,,,,,,,,,"1","2024-09-25T09:50:30.000Z","27210452245205730","https://www.facebook.com/100000029645476/posts/27210452245205730","ZmVlZGJhY2s6MjcyMTA0NTIyNDUyMDU3MzBfODQwOTg0Njg2NTc2NTgwNw==","Y29tbWVudDoyNzIxMDQ1MjI0NTIwNTczMF84NDA5ODQ2ODY1NzY1ODA3","https://www.facebook.com/100000029645476/posts/27210452245205730","0","177330225469654","false",,"Anda luar biasa.....
Kepercayaan sahabat BINTANG ASIA kepada produk inovasi anak negeri...","100001408872342","Febri Arianto","https://scontent-lga3-1.xx.fbcdn.net/v/t39.30808-1/402943207_7015531545170405_560873927845988234_n.jpg?stp=cp0_dst-jpg_s32x32&_nc_cat=102&ccb=1-7&_nc_sid=50d2ac&_nc_ohc=chf1OeGf6cwQ7kNvgHBn58E&_nc_ht=scontent-lga3-1.xx&_nc_gid=Ax_1YDd5WEPS88jnJxM1Pno&oh=00_AYB2vO2lIlegtBbfhADIDDyPEvPfvX-3SpPiSSEqLT3rIA&oe=670ABDFE","https://www.facebook.com/febri.dgunshereikan","Sukses bersama bintang asiA","0"
,,,,,,,,,,,,,,,,,,,,,,,,,,,,"https://www.facebook.com/reel/3236358943160837/?comment_id=565167256039779","https://www.facebook.com/reel/3236358943160837/?comment_id=565167256039779&reply_comment_id=1081548630200794",,"2024-09-27T05:37:53.000Z","ZmVlZGJhY2s6MjcyMTE5OTIyOTUwNTE3MjVfMTA4MTU0ODYzMDIwMDc5NA==","Y29tbWVudDoyNzIxMTk5MjI5NTA1MTcyNV8xMDgxNTQ4NjMwMjAwNzk0","0","User","pfbid02MkPSyQXeSyvi3ZFDZe2kFVrRxRf4kkCvPY2x9h1PuqaourhiNjtXtFv7tPGtC6wml","Nayla Aiman","Nayla","Y29tbWVudDoyNzIxMTk5MjI5NTA1MTcyNV81NjUxNjcyNTYwMzk3Nzk=","100000029645476","Cayadi Bintang Asia","https://scontent.fagc3-2.fna.fbcdn.net/v/t31.18172-1/15724565_1469077786436529_7264600135043183638_o.jpg?stp=c0.200.1200.1200a_cp0_dst-jpg_s32x32&_nc_cat=101&ccb=1-7&_nc_sid=db5862&_nc_ohc=IFGPD1G8UMQQ7kNvgFrNZgl&_nc_ht=scontent.fagc3-2.fna&_nc_gid=A1eAwcUSgPJZdt2Gce9ZL79&oh=00_AYBjNuf3T57VuYpHreOuOssVgNqHy747thRFI5ytgb7kkw&oe=672C56FE","https://www.facebook.com/cayadi.santosa","Y29tbWVudDoyNzIxMTk5MjI5NTA1MTcyNV81NjUxNjcyNTYwMzk3Nzk=","Nayla Aiman nti dikirim darisini..","1","Sticker","https://scontent.fagc3-1.fna.fbcdn.net/v/t39.1997-6/47055694_1834508303314720_643166924464717824_n.webp?stp=dst-webp_s110x80&_nc_cat=1&ccb=1-7&_nc_sid=ba09c1&_nc_ohc=UYefZX1Rx1cQ7kNvgHWYb_e&_nc_ht=scontent.fagc3-1.fna&_nc_gid=A1eAwcUSgPJZdt2Gce9ZL79&oh=00_AYDPUAdRpqNE4b2zPhZmfChNmaB_6hNjEnueXLCpOdIeiw&oe=670AB849","12","83","3","4","1193278434104380","80","https://scontent.fagc3-1.fna.fbcdn.net/v/t39.1997-6/47614232_1846683475430536_3135922765756891136_n.png?stp=cp0_dst-png_s110x80&_nc_cat=1&ccb=1-7&_nc_sid=23dd7b&_nc_ohc=gzyPe3N4nc4Q7kNvgGDZYrY&_nc_ht=scontent.fagc3-1.fna&_nc_gid=A1eAwcUSgPJZdt2Gce9ZL79&oh=00_AYCQLYBS0sE5y8iupbleQlxA4OKDrnoIyep1igEbm-h37Q&oe=670AC3A3","80","Thumbs Up, girl giving thumbs up","1193273174104906","Noo-Hin","https://scontent.fagc3-1.fna.fbcdn.net/v/t39.1997-6/47472862_1846683478763869_5271603212267290624_n.png?stp=dst-png_p240x240&_nc_cat=1&ccb=1-7&_nc_sid=ba09c1&_nc_ohc=MnaP40vEtsoQ7kNvgELopLh&_nc_ht=scontent.fagc3-1.fna&_nc_gid=A1eAwcUSgPJZdt2Gce9ZL79&oh=00_AYD8Djd6R6V5msz2KV_LDDgb0MSqyL1_zkng0jcM8thxJA&oe=670AA4FE","https://www.facebook.com/reel/3236358943160837/?comment_id=565167256039779&reply_comment_id=1555790541693840","2024-09-27T09:54:22.000Z","ZmVlZGJhY2s6MjcyMTE5OTIyOTUwNTE3MjVfMTU1NTc5MDU0MTY5Mzg0MA==","Y29tbWVudDoyNzIxMTk5MjI5NTA1MTcyNV8xNTU1NzkwNTQxNjkzODQw","1","User","pfbid02MkPSyQXeSyvi3ZFDZe2kFVrRxRf4kkCvPY2x9h1PuqaourhiNjtXtFv7tPGtC6wml","Nayla Aiman","Nayla","Y29tbWVudDoyNzIxMTk5MjI5NTA1MTcyNV81NjUxNjcyNTYwMzk3Nzk=","pfbid02MkPSyQXeSyvi3ZFDZe2kFVrRxRf4kkCvPY2x9h1PuqaourhiNjtXtFv7tPGtC6wml","Nayla Aiman","https://scontent.fagc3-1.fna.fbcdn.net/v/t39.30808-1/460630667_508891531843144_6977372513843931201_n.jpg?stp=c0.0.720.720a_cp0_dst-jpg_s32x32&_nc_cat=102&ccb=1-7&_nc_sid=0ecb9b&_nc_ohc=s7Gbl2DEpBQQ7kNvgGFofHV&_nc_ht=scontent.fagc3-1.fna&_nc_gid=A1eAwcUSgPJZdt2Gce9ZL79&oh=00_AYB1NdMaG59tOTL3hRtFmOXINL56CTfECRK48KhULzdoPg&oe=670AA79E","https://www.facebook.com/people/Nayla-Aiman/pfbid02MkPSyQXeSyvi3ZFDZe2kFVrRxRf4kkCvPY2x9h1PuqaourhiNjtXtFv7tPGtC6wml/","Y29tbWVudDoyNzIxMTk5MjI5NTA1MTcyNV81NjUxNjcyNTYwMzk3Nzk=",,"1",,,,,,,,,,,,,,,,,,"2","2024-09-25T12:29:09.000Z","27211992295051725","https://www.facebook.com/100000029645476/posts/27211992295051725","ZmVlZGJhY2s6MjcyMTE5OTIyOTUwNTE3MjVfNTY1MTY3MjU2MDM5Nzc5","Y29tbWVudDoyNzIxMTk5MjI5NTA1MTcyNV81NjUxNjcyNTYwMzk3Nzk=","https://www.facebook.com/100000029645476/posts/27211992295051725","0","177330225469654",,,"Seng sabar para pejuang..
Abis tomat giliran wortel yang gk laku berikut kubusnya murah meriah..... Cayadi Bintang Asia · Original audio","pfbid02MkPSyQXeSyvi3ZFDZe2kFVrRxRf4kkCvPY2x9h1PuqaourhiNjtXtFv7tPGtC6wml","Nayla Aiman","https://scontent.fagc3-1.fna.fbcdn.net/v/t39.30808-1/460630667_508891531843144_6977372513843931201_n.jpg?stp=c0.0.720.720a_cp0_dst-jpg_s32x32&_nc_cat=102&ccb=1-7&_nc_sid=0ecb9b&_nc_ohc=s7Gbl2DEpBQQ7kNvgGFofHV&_nc_ht=scontent.fagc3-1.fna&_nc_gid=A1eAwcUSgPJZdt2Gce9ZL79&oh=00_AYB1NdMaG59tOTL3hRtFmOXINL56CTfECRK48KhULzdoPg&oe=670AA79E","https://www.facebook.com/people/Nayla-Aiman/pfbid02MkPSyQXeSyvi3ZFDZe2kFVrRxRf4kkCvPY2x9h1PuqaourhiNjtXtFv7tPGtC6wml/","Disini sekilo 15 ribu","0"
,,,,,,,,,,,,,,,,,,,,,,,,,,,,"https://www.facebook.com/reel/3236358943160837/?comment_id=844473124465750","https://www.facebook.com/reel/3236358943160837/?comment_id=844473124465750&reply_comment_id=578036817984801","2","2024-09-25T11:36:19.000Z","ZmVlZGJhY2s6MjcyMTE5OTIyOTUwNTE3MjVfNTc4MDM2ODE3OTg0ODAx","Y29tbWVudDoyNzIxMTk5MjI5NTA1MTcyNV81NzgwMzY4MTc5ODQ4MDE=","1","User","100010890571404","Aris AW","Aris","Y29tbWVudDoyNzIxMTk5MjI5NTA1MTcyNV84NDQ0NzMxMjQ0NjU3NTA=","100000029645476","Cayadi Bintang Asia","https://scontent.fagc3-2.fna.fbcdn.net/v/t31.18172-1/15724565_1469077786436529_7264600135043183638_o.jpg?stp=c0.200.1200.1200a_cp0_dst-jpg_s32x32&_nc_cat=101&ccb=1-7&_nc_sid=db5862&_nc_ohc=IFGPD1G8UMQQ7kNvgFrNZgl&_nc_ht=scontent.fagc3-2.fna&_nc_gid=A1eAwcUSgPJZdt2Gce9ZL79&oh=00_AYBjNuf3T57VuYpHreOuOssVgNqHy747thRFI5ytgb7kkw&oe=672C56FE","https://www.facebook.com/cayadi.santosa","Y29tbWVudDoyNzIxMTk5MjI5NTA1MTcyNV84NDQ0NzMxMjQ0NjU3NTA=","Aris AW petani sayuran kudu banyak bersabar Ki mas. Wayahe petani kopi menikmati...","1",,,,,,,,,,,,,,,"https://www.facebook.com/reel/3236358943160837/?comment_id=844473124465750&reply_comment_id=402830796186528","2024-09-25T11:38:29.000Z","ZmVlZGJhY2s6MjcyMTE5OTIyOTUwNTE3MjVfNDAyODMwNzk2MTg2NTI4","Y29tbWVudDoyNzIxMTk5MjI5NTA1MTcyNV80MDI4MzA3OTYxODY1Mjg=","0","User","100010890571404","Aris AW","Aris","Y29tbWVudDoyNzIxMTk5MjI5NTA1MTcyNV84NDQ0NzMxMjQ0NjU3NTA=","100010890571404","Aris AW","https://scontent.fagc3-1.fna.fbcdn.net/v/t39.30808-1/445034474_2147125858993746_749019852458135341_n.jpg?stp=cp0_dst-jpg_s32x32&_nc_cat=107&ccb=1-7&_nc_sid=50d2ac&_nc_ohc=MA5Sp1eyDLAQ7kNvgELIUA8&_nc_ht=scontent.fagc3-1.fna&_nc_gid=A1eAwcUSgPJZdt2Gce9ZL79&oh=00_AYD1zE474b-yd9NXywUdmA_-zKWVvJ-7_oKs9-tjhJ-Epw&oe=670ABAB8","https://www.facebook.com/alwina.98622733","Y29tbWVudDoyNzIxMTk5MjI5NTA1MTcyNV84NDQ0NzMxMjQ0NjU3NTA=","Cayadi Bintang Asia betul sekali,Tapi Yo mbok gak murah sampai gak laku mas😥😥","2","https://www.facebook.com/reel/3236358943160837/?comment_id=844473124465750&reply_comment_id=558531813510751","2024-09-25T11:51:38.000Z","ZmVlZGJhY2s6MjcyMTE5OTIyOTUwNTE3MjVfNTU4NTMxODEzNTEwNzUx","Y29tbWVudDoyNzIxMTk5MjI5NTA1MTcyNV81NTg1MzE4MTM1MTA3NTE=","1","User","100010890571404","Aris AW","Aris","Y29tbWVudDoyNzIxMTk5MjI5NTA1MTcyNV84NDQ0NzMxMjQ0NjU3NTA=","100000029645476","Cayadi Bintang Asia","https://scontent.fagc3-2.fna.fbcdn.net/v/t31.18172-1/15724565_1469077786436529_7264600135043183638_o.jpg?stp=c0.200.1200.1200a_cp0_dst-jpg_s32x32&_nc_cat=101&ccb=1-7&_nc_sid=db5862&_nc_ohc=IFGPD1G8UMQQ7kNvgFrNZgl&_nc_ht=scontent.fagc3-2.fna&_nc_gid=A1eAwcUSgPJZdt2Gce9ZL79&oh=00_AYBjNuf3T57VuYpHreOuOssVgNqHy747thRFI5ytgb7kkw&oe=672C56FE","https://www.facebook.com/cayadi.santosa","Y29tbWVudDoyNzIxMTk5MjI5NTA1MTcyNV84NDQ0NzMxMjQ0NjU3NTA=","Aris AW Yo wes wayahe massee..","2","3","2024-09-25T11:30:08.000Z","27211992295051725","https://www.facebook.com/100000029645476/posts/27211992295051725","ZmVlZGJhY2s6MjcyMTE5OTIyOTUwNTE3MjVfODQ0NDczMTI0NDY1NzUw","Y29tbWVudDoyNzIxMTk5MjI5NTA1MTcyNV84NDQ0NzMxMjQ0NjU3NTA=","https://www.facebook.com/100000029645476/posts/27211992295051725","0","177330225469654",,,"Seng sabar para pejuang..
Abis tomat giliran wortel yang gk laku berikut kubusnya murah meriah..... Cayadi Bintang Asia · Original audio","100010890571404","Aris AW","https://scontent.fagc3-1.fna.fbcdn.net/v/t39.30808-1/445034474_2147125858993746_749019852458135341_n.jpg?stp=cp0_dst-jpg_s32x32&_nc_cat=107&ccb=1-7&_nc_sid=50d2ac&_nc_ohc=MA5Sp1eyDLAQ7kNvgELIUA8&_nc_ht=scontent.fagc3-1.fna&_nc_gid=A1eAwcUSgPJZdt2Gce9ZL79&oh=00_AYD1zE474b-yd9NXywUdmA_-zKWVvJ-7_oKs9-tjhJ-Epw&oe=670ABAB8","https://www.facebook.com/alwina.98622733","Ko weduse lemu,harga kambing murah juga mas.. 🤦🏻🤦🏻","0"
,,,,,,,,,,,,,,,,,,,,,,,,,,,,"https://www.facebook.com/reel/3236358943160837/?comment_id=556516520268025","https://www.facebook.com/reel/3236358943160837/?comment_id=556516520268025&reply_comment_id=539796628522891",,"2024-09-27T10:50:13.000Z","ZmVlZGJhY2s6MjcyMTE5OTIyOTUwNTE3MjVfNTM5Nzk2NjI4NTIyODkx","Y29tbWVudDoyNzIxMTk5MjI5NTA1MTcyNV81Mzk3OTY2Mjg1MjI4OTE=","0","User","pfbid02Vydqq4imRVeMobsUe4xkyHqTKzg5YK7xrVKCf48oikkh3tzFDa8HiAH4ZbTDGDUpl","Dhan Romadhany","Dhan","Y29tbWVudDoyNzIxMTk5MjI5NTA1MTcyNV81NTY1MTY1MjAyNjgwMjU=","100000029645476","Cayadi Bintang Asia","https://scontent.fagc3-2.fna.fbcdn.net/v/t31.18172-1/15724565_1469077786436529_7264600135043183638_o.jpg?stp=c0.200.1200.1200a_cp0_dst-jpg_s32x32&_nc_cat=101&ccb=1-7&_nc_sid=db5862&_nc_ohc=IFGPD1G8UMQQ7kNvgFrNZgl&_nc_ht=scontent.fagc3-2.fna&_nc_gid=A1eAwcUSgPJZdt2Gce9ZL79&oh=00_AYBjNuf3T57VuYpHreOuOssVgNqHy747thRFI5ytgb7kkw&oe=672C56FE","https://www.facebook.com/cayadi.santosa","Y29tbWVudDoyNzIxMTk5MjI5NTA1MTcyNV81NTY1MTY1MjAyNjgwMjU=","Dhan Romadhany Aamiin...","1",,,,,,,,,,,,,,,,,,,,,,,,,,,,,,,,,,,,,,,,,,,,,,,,,"1","2024-09-27T10:19:08.000Z","27211992295051725","https://www.facebook.com/100000029645476/posts/27211992295051725","ZmVlZGJhY2s6MjcyMTE5OTIyOTUwNTE3MjVfNTU2NTE2NTIwMjY4MDI1","Y29tbWVudDoyNzIxMTk5MjI5NTA1MTcyNV81NTY1MTY1MjAyNjgwMjU=","https://www.facebook.com/100000029645476/posts/27211992295051725","0","177330225469654",,,"Seng sabar para pejuang..
Abis tomat giliran wortel yang gk laku berikut kubusnya murah meriah..... Cayadi Bintang Asia · Original audio","pfbid02Vydqq4imRVeMobsUe4xkyHqTKzg5YK7xrVKCf48oikkh3tzFDa8HiAH4ZbTDGDUpl","Dhan Romadhany","https://scontent.fagc3-2.fna.fbcdn.net/v/t39.30808-1/339522499_527195529586049_828356955892611886_n.jpg?stp=cp0_dst-jpg_s32x32&_nc_cat=104&ccb=1-7&_nc_sid=0ecb9b&_nc_ohc=DePRbEPcC78Q7kNvgEEm2IN&_nc_ht=scontent.fagc3-2.fna&_nc_gid=A1eAwcUSgPJZdt2Gce9ZL79&oh=00_AYD3z9U_eLBBOICB4vsmalgMZWYFppPUyjlSJ1Cc4POT1Q&oe=670ABBDD","https://www.facebook.com/people/Dhan-Romadhany/pfbid02Vydqq4imRVeMobsUe4xkyHqTKzg5YK7xrVKCf48oikkh3tzFDa8HiAH4ZbTDGDUpl/","Semoga cepet stabil mas bos harga horti","0"
,,,,,,,,,,,,,,,,,,,,,,,,,,,,"https://www.facebook.com/cayadi.santosa/videos/1064076875323163/?comment_id=1026337452323988",,,,,,,,,,,,,,,,,,,,,,,,,,,,,,,,,,,,,,,,,,,,,,,,,,,,,,,,,,,,,,,,,,,"3","2024-09-16T07:17:50.000Z","27040164522234504","https://www.facebook.com/100000029645476/posts/27040164522234504","ZmVlZGJhY2s6MjcwNDAxNjQ1MjIyMzQ1MDRfMTAyNjMzNzQ1MjMyMzk4OA==","Y29tbWVudDoyNzA0MDE2NDUyMjIzNDUwNF8xMDI2MzM3NDUyMzIzOTg4","https://www.facebook.com/100000029645476/posts/27040164522234504","0",,,,"Hidup perlu insfirasi...","100064705672456","Ainayya Fathiyyaturrahma","https://scontent-lga3-2.xx.fbcdn.net/v/t39.30808-1/456901817_915811323919048_3752286034656807792_n.jpg?stp=cp0_dst-jpg_p32x32&_nc_cat=104&ccb=1-7&_nc_sid=50d2ac&_nc_ohc=xTgeAJNQOT0Q7kNvgGDOjdM&_nc_ht=scontent-lga3-2.xx&_nc_gid=ALAqpg51dqd6zAcFeUqlkTj&oh=00_AYCQN-TwMlT2aKJMBkTsIoELWaWB7qQSXISCuMnP7UwpWA&oe=670ABA26","https://www.facebook.com/ainayya.fathiyyaturrahma.393","penak go ciblon ui 🤣🤭","0"
,,,,,,,,,,,,,,,,,,,,,,,,,,,,"https://www.facebook.com/cayadi.santosa/videos/1064076875323163/?comment_id=1037769880888106",,,,,,,,,,,,,,,,,,,,,,,,,,,,,,,,,,,,,,,,,,,,,,,,,,,,,,,,,,,,,,,,,,,"1","2024-09-16T02:21:49.000Z","27040164522234504","https://www.facebook.com/100000029645476/posts/27040164522234504","ZmVlZGJhY2s6MjcwNDAxNjQ1MjIyMzQ1MDRfMTAzNzc2OTg4MDg4ODEwNg==","Y29tbWVudDoyNzA0MDE2NDUyMjIzNDUwNF8xMDM3NzY5ODgwODg4MTA2","https://www.facebook.com/100000029645476/posts/27040164522234504","0",,,,"Hidup perlu insfirasi...","100010890571404","Aris AW","https://scontent-lga3-2.xx.fbcdn.net/v/t39.30808-1/445034474_2147125858993746_749019852458135341_n.jpg?stp=cp0_dst-jpg_s32x32&_nc_cat=107&ccb=1-7&_nc_sid=50d2ac&_nc_ohc=MA5Sp1eyDLAQ7kNvgGJSh7m&_nc_ht=scontent-lga3-2.xx&_nc_gid=ALAqpg51dqd6zAcFeUqlkTj&oh=00_AYBK5euAR2zN1DxvBhpRosdhX6SW67QW2iJqPh8lEiumMg&oe=670ABAB8","https://www.facebook.com/alwina.98622733","Awas hanyut mas😀😀","0"
,,,,,,,,,,,,,,,,,,,,,,,,,,,,"https://www.facebook.com/cayadi.santosa/videos/1064076875323163/?comment_id=540085335178068",,,,,,,,,,,,,,,,,,,,,,,,,,,,,,,,,,,,,,,,,,,,,,,,,,,,,,,,,,,,,,,,,,,"3","2024-09-15T07:33:59.000Z","27040164522234504","https://www.facebook.com/100000029645476/posts/27040164522234504","ZmVlZGJhY2s6MjcwNDAxNjQ1MjIyMzQ1MDRfNTQwMDg1MzM1MTc4MDY4","Y29tbWVudDoyNzA0MDE2NDUyMjIzNDUwNF81NDAwODUzMzUxNzgwNjg=","https://www.facebook.com/100000029645476/posts/27040164522234504","0",,,,"Hidup perlu insfirasi...","100007578522755","Renzy Bintangasia","https://scontent-lga3-2.xx.fbcdn.net/v/t39.30808-1/426012403_3605728109689771_2277782955804277447_n.jpg?stp=cp0_dst-jpg_s32x32&_nc_cat=104&ccb=1-7&_nc_sid=50d2ac&_nc_ohc=8B4n2B0-e5EQ7kNvgGDBW2P&_nc_ht=scontent-lga3-2.xx&_nc_gid=ALAqpg51dqd6zAcFeUqlkTj&oh=00_AYB78gQ2SHWJxESsP0dbwdfieFvH3Uxov9ktid-dytH3Uw&oe=670A9EC4","https://www.facebook.com/renzi.prayuda","Mancing boss?","0"
"Sticker",,,,,,,,,"1","83","1","1","659965357951662","80","https://scontent.fmux2-1.fna.fbcdn.net/v/t39.1997-6/118137310_659965361284995_3192562938730338757_n.png?stp=cp0_dst-png_s110x80&_nc_cat=1&ccb=1-7&_nc_sid=23dd7b&_nc_ohc=G9CxWR7YsF0Q7kNvgFcrgQl&_nc_ht=scontent.fmux2-1.fna&_nc_gid=ABgz0GQZRkLLOVKh0JlE0jr&oh=00_AYCmMKIVXzdTn5AujYEoozI1AvT8a1uFNKQU-RjT5eFBxQ&oe=670AA5A7","80","",,,,,"659943364620528","[News Feed] Back to School",,,,,"https://www.facebook.com/cayadi.santosa/posts/pfbid02QGQEM8yDqiN7M9TptkbhBYFbuywgqa6r6UdovexfYd64Y8D8Nyx2yav9YnDLxUG6l?comment_id=1560046924888175",,,,,,,,,,,,,,,,,,,,,,,,,,,,,,,,,,,,,,,,,,,,,,,,,,,,,,,,,,,,,,,,,,,,"2024-09-18T09:35:53.000Z","27077490935168529","https://www.facebook.com/100000029645476/posts/27077490935168529","ZmVlZGJhY2s6MjcwNzc0OTA5MzUxNjg1MjlfMTU2MDA0NjkyNDg4ODE3NQ==","Y29tbWVudDoyNzA3NzQ5MDkzNTE2ODUyOV8xNTYwMDQ2OTI0ODg4MTc1","https://www.facebook.com/100000029645476/posts/27077490935168529","1","250829661453806","false",,"Cktav9 F1 81hst

#cabekeritihibrida
#cabekeritingtahanvirus
#cabetahanlayu
#cabetoleranpatek
#petanicabe
#komunitaspetanicabe
#benihcitraasia
#bintangasia
#suksesbersamabintangasia","1828565536","Mohammad Iqbal Agustiana","https://scontent.fmux2-1.fna.fbcdn.net/v/t1.18169-1/1468799_10203929170029473_1521419688104736133_n.jpg?stp=cp0_dst-jpg_s32x32&_nc_cat=110&ccb=1-7&_nc_sid=db5862&_nc_ohc=bBU_KTGzfWoQ7kNvgFecjfI&_nc_ht=scontent.fmux2-1.fna&oh=00_AYDZbldPD24FCLGZafrUi-HYCEfbmUs1H6pIY6pFPZw1cw&oe=672C54EF",,,"0"
,,,,,,,,,,,,,,,,,,,,,,,,,,,,"https://www.facebook.com/reel/1503530857709942/?comment_id=576388961379086","https://www.facebook.com/reel/1503530857709942/?comment_id=576388961379086&reply_comment_id=1528085931154846",,"2024-09-17T10:31:07.000Z","ZmVlZGJhY2s6MjcwNzU4NDE2ODg2NjY3ODdfMTUyODA4NTkzMTE1NDg0Ng==","Y29tbWVudDoyNzA3NTg0MTY4ODY2Njc4N18xNTI4MDg1OTMxMTU0ODQ2","0","User","pfbid0Xwyo6Upxrm9ntav6vZ7yLCmZVHNDRKi2uLzBHUVJnk8pMH2p8tmom2N9bfHviJWel","Yospiqmi Rizal Bintang Asia","Yospiqmi","Y29tbWVudDoyNzA3NTg0MTY4ODY2Njc4N181NzYzODg5NjEzNzkwODY=","100000029645476","Cayadi Bintang Asia","https://scontent-lga3-2.xx.fbcdn.net/v/t31.18172-1/15724565_1469077786436529_7264600135043183638_o.jpg?stp=c0.200.1200.1200a_cp0_dst-jpg_s32x32&_nc_cat=101&ccb=1-7&_nc_sid=db5862&_nc_ohc=IFGPD1G8UMQQ7kNvgFiKPx4&_nc_ht=scontent-lga3-2.xx&_nc_gid=AkeKz_eg1uaobVMygBYRVsS&oh=00_AYDQOrxiCnCdM6EfRqBkRYy1Q8QT9JVRiYDjopIzEH5sSA&oe=672C56FE","https://www.facebook.com/cayadi.santosa","Y29tbWVudDoyNzA3NTg0MTY4ODY2Njc4N181NzYzODg5NjEzNzkwODY=","Yospiqmi Rizal Bintang Asia lanjutkan Ndan..","1",,,,,,,,,,,,,,,,,,,,,,,,,,,,,,,,,,,,,,,,,,,,,,,,,"1","2024-09-17T10:11:31.000Z","27075841688666787","https://www.facebook.com/100000029645476/posts/27075841688666787","ZmVlZGJhY2s6MjcwNzU4NDE2ODg2NjY3ODdfNTc2Mzg4OTYxMzc5MDg2","Y29tbWVudDoyNzA3NTg0MTY4ODY2Njc4N181NzYzODg5NjEzNzkwODY=","https://www.facebook.com/100000029645476/posts/27075841688666787","1","177330225469654",,,"Demo perbenihan nasional... Sound mono · Tiada Kata Lelah","pfbid0Xwyo6Upxrm9ntav6vZ7yLCmZVHNDRKi2uLzBHUVJnk8pMH2p8tmom2N9bfHviJWel","Yospiqmi Rizal Bintang Asia","https://scontent-lga3-2.xx.fbcdn.net/v/t1.18169-1/12814133_605474156274254_1255382583968893776_n.jpg?stp=cp0_dst-jpg_s32x32&_nc_cat=107&ccb=1-7&_nc_sid=e4545e&_nc_ohc=VqzX_unRrmMQ7kNvgE7mRLL&_nc_ht=scontent-lga3-2.xx&oh=00_AYB6LzFKuaX62yGlOYL-Y1tFiaCK-EqKB78np6gKEr9-IA&oe=672C3C3C","https://www.facebook.com/yospiqmi.rizal","Siap komandan","0"
,,,,,,,,,,,,,,,,,,,,,,,,,,,,"https://www.facebook.com/cayadi.santosa/videos/9042689155746444/?comment_id=527308486917384","https://www.facebook.com/cayadi.santosa/videos/9042689155746444/?comment_id=527308486917384&reply_comment_id=1444480079521608","2","2024-09-18T11:40:54.000Z","ZmVlZGJhY2s6MjcwOTQxOTE4MzAxNjUxMDZfMTQ0NDQ4MDA3OTUyMTYwOA==","Y29tbWVudDoyNzA5NDE5MTgzMDE2NTEwNl8xNDQ0NDgwMDc5NTIxNjA4","0","User","pfbid0k6bxx6NrhWQ1rpaCdD2nsydkKierfv1LZMuNupHAUQK3dVwYYm6ksfCnc78DbvNhl","Arianto Paito","Arianto Paito","Y29tbWVudDoyNzA5NDE5MTgzMDE2NTEwNl81MjczMDg0ODY5MTczODQ=","100000029645476","Cayadi Bintang Asia","https://scontent-ord5-1.xx.fbcdn.net/v/t31.18172-1/15724565_1469077786436529_7264600135043183638_o.jpg?stp=c0.200.1200.1200a_cp0_dst-jpg_s32x32&_nc_cat=101&ccb=1-7&_nc_sid=db5862&_nc_ohc=IFGPD1G8UMQQ7kNvgHWk3S9&_nc_ht=scontent-ord5-1.xx&_nc_gid=AIgGLF7FWnFdxeTv2UyRPll&oh=00_AYDQsvXsEMKEet8HVADakaXhy9CBMsl6rR7zXaiPgIvsYg&oe=672C56FE","https://www.facebook.com/cayadi.santosa","Y29tbWVudDoyNzA5NDE5MTgzMDE2NTEwNl81MjczMDg0ODY5MTczODQ=","Arianto Paito betah neng Jember Mase?","1",,,,,,,,,,,,,,,"https://www.facebook.com/cayadi.santosa/videos/9042689155746444/?comment_id=527308486917384&reply_comment_id=1813172499208279","2024-09-18T13:22:30.000Z","ZmVlZGJhY2s6MjcwOTQxOTE4MzAxNjUxMDZfMTgxMzE3MjQ5OTIwODI3OQ==","Y29tbWVudDoyNzA5NDE5MTgzMDE2NTEwNl8xODEzMTcyNDk5MjA4Mjc5","0","User","pfbid0k6bxx6NrhWQ1rpaCdD2nsydkKierfv1LZMuNupHAUQK3dVwYYm6ksfCnc78DbvNhl","Arianto Paito","Arianto Paito","Y29tbWVudDoyNzA5NDE5MTgzMDE2NTEwNl81MjczMDg0ODY5MTczODQ=","pfbid0k6bxx6NrhWQ1rpaCdD2nsydkKierfv1LZMuNupHAUQK3dVwYYm6ksfCnc78DbvNhl","Arianto Paito","https://scontent-ord5-1.xx.fbcdn.net/v/t39.30808-1/279222138_514392673398998_8553386554360311428_n.jpg?stp=cp0_dst-jpg_s32x32&_nc_cat=107&ccb=1-7&_nc_sid=0ecb9b&_nc_ohc=pCalhJAc0ZsQ7kNvgH1JAe-&_nc_ht=scontent-ord5-1.xx&_nc_gid=AIgGLF7FWnFdxeTv2UyRPll&oh=00_AYBgmLW4CBqKbqLjBMhoNV0sm7HlSWJze8ukVSz29ZuYig&oe=670AAC38","https://www.facebook.com/ariantopaito.paito","Y29tbWVudDoyNzA5NDE5MTgzMDE2NTEwNl81MjczMDg0ODY5MTczODQ=","Cayadi Bintang Asia Yo pulkam Mase. kadang ya kangen bertanam di Lambar tapi beda sini timun pertinianya  sama jagung 🌽 manis","2","https://www.facebook.com/cayadi.santosa/videos/9042689155746444/?comment_id=527308486917384&reply_comment_id=489056157334598","2024-09-18T13:23:27.000Z","ZmVlZGJhY2s6MjcwOTQxOTE4MzAxNjUxMDZfNDg5MDU2MTU3MzM0NTk4","Y29tbWVudDoyNzA5NDE5MTgzMDE2NTEwNl80ODkwNTYxNTczMzQ1OTg=","1","User","pfbid0k6bxx6NrhWQ1rpaCdD2nsydkKierfv1LZMuNupHAUQK3dVwYYm6ksfCnc78DbvNhl","Arianto Paito","Arianto Paito","Y29tbWVudDoyNzA5NDE5MTgzMDE2NTEwNl81MjczMDg0ODY5MTczODQ=","100000029645476","Cayadi Bintang Asia","https://scontent-ord5-1.xx.fbcdn.net/v/t31.18172-1/15724565_1469077786436529_7264600135043183638_o.jpg?stp=c0.200.1200.1200a_cp0_dst-jpg_s32x32&_nc_cat=101&ccb=1-7&_nc_sid=db5862&_nc_ohc=IFGPD1G8UMQQ7kNvgHWk3S9&_nc_ht=scontent-ord5-1.xx&_nc_gid=AIgGLF7FWnFdxeTv2UyRPll&oh=00_AYDQsvXsEMKEet8HVADakaXhy9CBMsl6rR7zXaiPgIvsYg&oe=672C56FE","https://www.facebook.com/cayadi.santosa","Y29tbWVudDoyNzA5NDE5MTgzMDE2NTEwNl81MjczMDg0ODY5MTczODQ=","Arianto Paito masih setia kah dengan bintang Asia mas boz?","2","3","2024-09-18T11:12:11.000Z","27094191830165106","https://www.facebook.com/100000029645476/posts/27094191830165106","ZmVlZGJhY2s6MjcwOTQxOTE4MzAxNjUxMDZfNTI3MzA4NDg2OTE3Mzg0","Y29tbWVudDoyNzA5NDE5MTgzMDE2NTEwNl81MjczMDg0ODY5MTczODQ=","https://www.facebook.com/100000029645476/posts/27094191830165106","0",,,,"Terima kasih sahabat bintang Asia yng sudah percayakan benih unggul inofasi anak negeri.
Terimasih juga kiriman vidionya..","pfbid0k6bxx6NrhWQ1rpaCdD2nsydkKierfv1LZMuNupHAUQK3dVwYYm6ksfCnc78DbvNhl","Arianto Paito","https://scontent-ord5-1.xx.fbcdn.net/v/t39.30808-1/279222138_514392673398998_8553386554360311428_n.jpg?stp=cp0_dst-jpg_s32x32&_nc_cat=107&ccb=1-7&_nc_sid=0ecb9b&_nc_ohc=pCalhJAc0ZsQ7kNvgH1JAe-&_nc_ht=scontent-ord5-1.xx&_nc_gid=AIgGLF7FWnFdxeTv2UyRPll&oh=00_AYBgmLW4CBqKbqLjBMhoNV0sm7HlSWJze8ukVSz29ZuYig&oe=670AAC38","https://www.facebook.com/ariantopaito.paito","Wow Mase 🙏","0"
,,,,,,,,,,,,,,,,,,,,,,,,,,,,"https://www.facebook.com/cayadi.santosa/videos/9042689155746444/?comment_id=540501558639092","https://www.facebook.com/cayadi.santosa/videos/9042689155746444/?comment_id=540501558639092&reply_comment_id=1593115861562745",,"2024-09-19T18:10:06.000Z","ZmVlZGJhY2s6MjcwOTQxOTE4MzAxNjUxMDZfMTU5MzExNTg2MTU2Mjc0NQ==","Y29tbWVudDoyNzA5NDE5MTgzMDE2NTEwNl8xNTkzMTE1ODYxNTYyNzQ1","0","User","100007578522755","Renzy Bintangasia","Renzy","Y29tbWVudDoyNzA5NDE5MTgzMDE2NTEwNl81NDA1MDE1NTg2MzkwOTI=","100000029645476","Cayadi Bintang Asia","https://scontent-ord5-1.xx.fbcdn.net/v/t31.18172-1/15724565_1469077786436529_7264600135043183638_o.jpg?stp=c0.200.1200.1200a_cp0_dst-jpg_s32x32&_nc_cat=101&ccb=1-7&_nc_sid=db5862&_nc_ohc=IFGPD1G8UMQQ7kNvgHWk3S9&_nc_ht=scontent-ord5-1.xx&_nc_gid=AIgGLF7FWnFdxeTv2UyRPll&oh=00_AYDQsvXsEMKEet8HVADakaXhy9CBMsl6rR7zXaiPgIvsYg&oe=672C56FE","https://www.facebook.com/cayadi.santosa","Y29tbWVudDoyNzA5NDE5MTgzMDE2NTEwNl81NDA1MDE1NTg2MzkwOTI=","Renzy Bintangasia bintang Asia memang mantap.","1",,,,,,,,,,,,,,,,,,,,,,,,,,,,,,,,,,,,,,,,,,,,,,,,,"1","2024-09-19T14:11:16.000Z","27094191830165106","https://www.facebook.com/100000029645476/posts/27094191830165106","ZmVlZGJhY2s6MjcwOTQxOTE4MzAxNjUxMDZfNTQwNTAxNTU4NjM5MDky","Y29tbWVudDoyNzA5NDE5MTgzMDE2NTEwNl81NDA1MDE1NTg2MzkwOTI=","https://www.facebook.com/100000029645476/posts/27094191830165106","0",,,,"Terima kasih sahabat bintang Asia yng sudah percayakan benih unggul inofasi anak negeri.
Terimasih juga kiriman vidionya..","100007578522755","Renzy Bintangasia","https://scontent-ord5-2.xx.fbcdn.net/v/t39.30808-1/426012403_3605728109689771_2277782955804277447_n.jpg?stp=cp0_dst-jpg_s32x32&_nc_cat=104&ccb=1-7&_nc_sid=50d2ac&_nc_ohc=8B4n2B0-e5EQ7kNvgHziMqr&_nc_ht=scontent-ord5-2.xx&_nc_gid=AIgGLF7FWnFdxeTv2UyRPll&oh=00_AYARMqlwhYoI5n_2-b33-zZ9VBpuSqaqyskE4q4ph6O9Hg&oe=670A9EC4","https://www.facebook.com/renzi.prayuda","Mantap om","0"
,,,,,,,,,,,,,,,,,,,,,,,,,,,,"https://www.facebook.com/cayadi.santosa/videos/9042689155746444/?comment_id=902521635103991","https://www.facebook.com/cayadi.santosa/videos/9042689155746444/?comment_id=902521635103991&reply_comment_id=1566210600973805",,"2024-09-18T13:23:58.000Z","ZmVlZGJhY2s6MjcwOTQxOTE4MzAxNjUxMDZfMTU2NjIxMDYwMDk3MzgwNQ==","Y29tbWVudDoyNzA5NDE5MTgzMDE2NTEwNl8xNTY2MjEwNjAwOTczODA1","0","User","100007578522755","Renzy Bintangasia","Renzy","Y29tbWVudDoyNzA5NDE5MTgzMDE2NTEwNl85MDI1MjE2MzUxMDM5OTE=","100000029645476","Cayadi Bintang Asia","https://scontent-ord5-1.xx.fbcdn.net/v/t31.18172-1/15724565_1469077786436529_7264600135043183638_o.jpg?stp=c0.200.1200.1200a_cp0_dst-jpg_s32x32&_nc_cat=101&ccb=1-7&_nc_sid=db5862&_nc_ohc=IFGPD1G8UMQQ7kNvgHWk3S9&_nc_ht=scontent-ord5-1.xx&_nc_gid=AIgGLF7FWnFdxeTv2UyRPll&oh=00_AYDQsvXsEMKEet8HVADakaXhy9CBMsl6rR7zXaiPgIvsYg&oe=672C56FE","https://www.facebook.com/cayadi.santosa","Y29tbWVudDoyNzA5NDE5MTgzMDE2NTEwNl85MDI1MjE2MzUxMDM5OTE=","Renzy Bintangasia semangat massee..","1",,,,,,,,,,,,,,,,,,,,,,,,,,,,,,,,,,,,,,,,,,,,,,,,,"1","2024-09-18T13:00:18.000Z","27094191830165106","https://www.facebook.com/100000029645476/posts/27094191830165106","ZmVlZGJhY2s6MjcwOTQxOTE4MzAxNjUxMDZfOTAyNTIxNjM1MTAzOTkx","Y29tbWVudDoyNzA5NDE5MTgzMDE2NTEwNl85MDI1MjE2MzUxMDM5OTE=","https://www.facebook.com/100000029645476/posts/27094191830165106","0",,,,"Terima kasih sahabat bintang Asia yng sudah percayakan benih unggul inofasi anak negeri.
Terimasih juga kiriman vidionya..","100007578522755","Renzy Bintangasia","https://scontent-ord5-2.xx.fbcdn.net/v/t39.30808-1/426012403_3605728109689771_2277782955804277447_n.jpg?stp=cp0_dst-jpg_s32x32&_nc_cat=104&ccb=1-7&_nc_sid=50d2ac&_nc_ohc=8B4n2B0-e5EQ7kNvgHziMqr&_nc_ht=scontent-ord5-2.xx&_nc_gid=AIgGLF7FWnFdxeTv2UyRPll&oh=00_AYARMqlwhYoI5n_2-b33-zZ9VBpuSqaqyskE4q4ph6O9Hg&oe=670A9EC4","https://www.facebook.com/renzi.prayuda","Mantap","0"
,,,,,,,,,,,,,,,,,,,,,,,,,,,,"https://www.facebook.com/reel/1588080312067240/?comment_id=1773428410135967",,,,,,,,,,,,,,,,,,,,,,,,,,,,,,,,,,,,,,,,,,,,,,,,,,,,,,,,,,,,,,,,,,,"1","2024-10-06T10:03:43.000Z","27401800402737579","https://www.facebook.com/100000029645476/posts/27401800402737579","ZmVlZGJhY2s6Mjc0MDE4MDA0MDI3Mzc1NzlfMTc3MzQyODQxMDEzNTk2Nw==","Y29tbWVudDoyNzQwMTgwMDQwMjczNzU3OV8xNzczNDI4NDEwMTM1OTY3","https://www.facebook.com/100000029645476/posts/27401800402737579","0","177330225469654",,,"Tukokne neng Liwa intuk sekilo.. Cayadi Bintang Asia · Original audio","100076440699337","Arifin Putra","https://scontent.fdmm2-3.fna.fbcdn.net/v/t39.30808-1/454634319_519126943978658_6261051174945255639_n.jpg?stp=cp0_dst-jpg_s32x32&_nc_cat=101&ccb=1-7&_nc_sid=50d2ac&_nc_ohc=DP-506LBa9IQ7kNvgHUNVvQ&_nc_ht=scontent.fdmm2-3.fna&_nc_gid=A8MGZLy9I1m2PWIki8wzSoR&oh=00_AYC-ze6Hwtt5N9_lUSIMMM-26DvH7a9pjmwLmkmsdPiscQ&oe=670AA929","https://www.facebook.com/people/Arifin-Putra/100076440699337/","🤣🤣🤣🤣","0"
,,,,,,,,,,,,,,,,,,,,,,,,,,,,"https://www.facebook.com/reel/1588080312067240/?comment_id=1076456880821804",,,,,,,,,,,,,,,,,,,,,,,,,,,,,,,,,,,,,,,,,,,,,,,,,,,,,,,,,,,,,,,,,,,"3","2024-10-06T14:13:49.000Z","27401800402737579","https://www.facebook.com/100000029645476/posts/27401800402737579","ZmVlZGJhY2s6Mjc0MDE4MDA0MDI3Mzc1NzlfMTA3NjQ1Njg4MDgyMTgwNA==","Y29tbWVudDoyNzQwMTgwMDQwMjczNzU3OV8xMDc2NDU2ODgwODIxODA0","https://www.facebook.com/100000029645476/posts/27401800402737579","0","177330225469654",,,"Tukokne neng Liwa intuk sekilo.. Cayadi Bintang Asia · Original audio","100010890571404","Aris AW","https://scontent.fdmm2-4.fna.fbcdn.net/v/t39.30808-1/445034474_2147125858993746_749019852458135341_n.jpg?stp=cp0_dst-jpg_s32x32&_nc_cat=107&ccb=1-7&_nc_sid=50d2ac&_nc_ohc=MA5Sp1eyDLAQ7kNvgGdZKVC&_nc_ht=scontent.fdmm2-4.fna&_nc_gid=A8MGZLy9I1m2PWIki8wzSoR&oh=00_AYBu_FzjpDYXy51cmoZ2qU20Olpkck2mqiQXAsaOUaC2Mg&oe=670ABAB8","https://www.facebook.com/alwina.98622733","Halan2 Yo mas","0"
,,,,,,,,,,,,,,,,,,,,,,,,,,,,"https://www.facebook.com/reel/1588080312067240/?comment_id=3741419152789939",,,,,,,,,,,,,,,,,,,,,,,,,,,,,,,,,,,,,,,,,,,,,,,,,,,,,,,,,,,,,,,,,,,"1","2024-10-06T11:29:10.000Z","27401800402737579","https://www.facebook.com/100000029645476/posts/27401800402737579","ZmVlZGJhY2s6Mjc0MDE4MDA0MDI3Mzc1NzlfMzc0MTQxOTE1Mjc4OTkzOQ==","Y29tbWVudDoyNzQwMTgwMDQwMjczNzU3OV8zNzQxNDE5MTUyNzg5OTM5","https://www.facebook.com/100000029645476/posts/27401800402737579","0","177330225469654",,,"Tukokne neng Liwa intuk sekilo.. Cayadi Bintang Asia · Original audio","pfbid0AQj3CAR1Ev6jrG8omkHUteg5j6cSvx7Cei6LwcA6WCkQeMPgdibn5JbCjN2Wv94Ul","Kurnia Wan","https://scontent.fdmm2-1.fna.fbcdn.net/v/t39.30808-1/409169992_1577189282814837_4548703811057297330_n.jpg?stp=cp0_dst-jpg_s32x32&_nc_cat=104&ccb=1-7&_nc_sid=0ecb9b&_nc_ohc=wa8LeMZTmEkQ7kNvgGvGR6m&_nc_ht=scontent.fdmm2-1.fna&_nc_gid=A8MGZLy9I1m2PWIki8wzSoR&oh=00_AYBncO2bd26-pXYFmdk_FLwV_08Yd15KAK7O05EzeQrwXg&oe=670AB691","https://www.facebook.com/people/Kurnia-Wan/pfbid0AQj3CAR1Ev6jrG8omkHUteg5j6cSvx7Cei6LwcA6WCkQeMPgdibn5JbCjN2Wv94Ul/","Mending sangu dewe om..😀","0"
"Photo",,,,,,,"https://scontent.fdmm2-3.fna.fbcdn.net/v/t39.30808-6/462185115_2934942719986011_7198569429196040418_n.jpg?stp=dst-jpg_fb30_s960x960&_nc_cat=108&ccb=1-7&_nc_sid=bd9a62&_nc_ohc=bs2Sx_RR9O4Q7kNvgEmw-eL&_nc_ht=scontent.fdmm2-3.fna&_nc_gid=A8MGZLy9I1m2PWIki8wzSoR&oh=00_AYC5etn3Sf3AkVKWIyWOfPcGHdjS2DdaHpI0I4yoBa8OSg&oe=670AC128",,,,,,"2934942713319345","213","https://scontent.fdmm2-3.fna.fbcdn.net/v/t39.30808-6/462185115_2934942719986011_7198569429196040418_n.jpg?stp=dst-jpg_p160x160&_nc_cat=108&ccb=1-7&_nc_sid=bd9a62&_nc_ohc=bs2Sx_RR9O4Q7kNvgEmw-eL&_nc_ht=scontent.fdmm2-3.fna&_nc_gid=A8MGZLy9I1m2PWIki8wzSoR&oh=00_AYBQUF9QBvfXPu_DIf88FOj85wdR6xjtcvL004PXE7ENrw&oe=670AC128","160",,"960","720","May be an image of coffee cup and coffee",,,,,,,,"https://www.facebook.com/reel/1588080312067240/?comment_id=1053891772690745",,,,,,,,,,,,,,,,,,,,,,,,,,,,,,,,,,,,,,,,,,,,,,,,,,,,,,,,,,,,,,,,,,,"1","2024-10-06T09:38:10.000Z","27401800402737579","https://www.facebook.com/100000029645476/posts/27401800402737579","ZmVlZGJhY2s6Mjc0MDE4MDA0MDI3Mzc1NzlfMTA1Mzg5MTc3MjY5MDc0NQ==","Y29tbWVudDoyNzQwMTgwMDQwMjczNzU3OV8xMDUzODkxNzcyNjkwNzQ1","https://www.facebook.com/100000029645476/posts/27401800402737579","0","177330225469654",,,"Tukokne neng Liwa intuk sekilo.. Cayadi Bintang Asia · Original audio","100004109346822","Anton Sulaiman Bintang Asia","https://scontent.fdmm2-3.fna.fbcdn.net/v/t39.30808-1/408038176_2702817406531878_9133290973397502973_n.jpg?stp=cp0_dst-jpg_s32x32&_nc_cat=100&ccb=1-7&_nc_sid=50d2ac&_nc_ohc=J3QfdHxLzRUQ7kNvgHX1MRY&_nc_ht=scontent.fdmm2-3.fna&_nc_gid=A8MGZLy9I1m2PWIki8wzSoR&oh=00_AYCQXVlt4bkSph35IVdxUpbGVsCqLUwrdmvs8DhaRyOwOQ&oe=670AA503","https://www.facebook.com/antonsulaiman95","100rb segelas 😭😭","0"
,,,,,,,,,,,,,,,,,,,,,,,,,,,,"https://www.facebook.com/reel/1588080312067240/?comment_id=1612291032650742",,,,,,,,,,,,,,,,,,,,,,,,,,,,,,,,,,,,,,,,,,,,,,,,,,,,,,,,,,,,,,,,,,,"1","2024-10-06T09:39:51.000Z","27401800402737579","https://www.facebook.com/100000029645476/posts/27401800402737579","ZmVlZGJhY2s6Mjc0MDE4MDA0MDI3Mzc1NzlfMTYxMjI5MTAzMjY1MDc0Mg==","Y29tbWVudDoyNzQwMTgwMDQwMjczNzU3OV8xNjEyMjkxMDMyNjUwNzQy","https://www.facebook.com/100000029645476/posts/27401800402737579","0","177330225469654",,,"Tukokne neng Liwa intuk sekilo.. Cayadi Bintang Asia · Original audio","100007578522755","Renzy Bintangasia","https://scontent.fdmm2-1.fna.fbcdn.net/v/t39.30808-1/426012403_3605728109689771_2277782955804277447_n.jpg?stp=cp0_dst-jpg_s32x32&_nc_cat=104&ccb=1-7&_nc_sid=50d2ac&_nc_ohc=8B4n2B0-e5EQ7kNvgHgbUxp&_nc_ht=scontent.fdmm2-1.fna&_nc_gid=A8MGZLy9I1m2PWIki8wzSoR&oh=00_AYCdpKfQ-98z7horIQxcDz66FPP_iZZmwCAUzEi2ZJWqBw&oe=670A9EC4","https://www.facebook.com/renzi.prayuda","Ojo lali mampir neg pondok boss😂","0"
,,,,,,,,,,,,,,,,,,,,,,,,,,,,"https://www.facebook.com/cayadi.santosa/videos/544932714639241/?comment_id=1082071760141650",,,,,,,,,,,,,,,,,,,,,,,,,,,,,,,,,,,,,,,,,,,,,,,,,,,,,,,,,,,,,,,,,,,,"2024-09-23T09:11:07.000Z","27174992155418406","https://www.facebook.com/100000029645476/posts/27174992155418406","ZmVlZGJhY2s6MjcxNzQ5OTIxNTU0MTg0MDZfMTA4MjA3MTc2MDE0MTY1MA==","Y29tbWVudDoyNzE3NDk5MjE1NTQxODQwNl8xMDgyMDcxNzYwMTQxNjUw","https://www.facebook.com/100000029645476/posts/27174992155418406","0",,,,"Renyah dan manis KOMANDAN....","100000029645476","Cayadi Bintang Asia","https://scontent-atl3-2.xx.fbcdn.net/v/t31.18172-1/15724565_1469077786436529_7264600135043183638_o.jpg?stp=c0.200.1200.1200a_cp0_dst-jpg_s32x32&_nc_cat=101&ccb=1-7&_nc_sid=db5862&_nc_ohc=IFGPD1G8UMQQ7kNvgFiZLK0&_nc_ht=scontent-atl3-2.xx&_nc_gid=ADLkF4cgz4XvgVZ6ZvDQeMF&oh=00_AYDmev9EXigAeSH4QRQnKelaRbA4R9gOazK1Lp8txyIL3Q&oe=672C56FE","https://www.facebook.com/cayadi.santosa","Iya kalo didataran rendah warnanya agak berbeda.","0"
"Sticker",,,"https://scontent-atl3-2.xx.fbcdn.net/v/t39.1997-6/68894373_1459627387495333_5835456569109643264_n.webp?stp=dst-webp_s110x80&_nc_cat=1&ccb=1-7&_nc_sid=ba09c1&_nc_ohc=cJAEAaizZO8Q7kNvgGyJueS&_nc_ht=scontent-atl3-2.xx&_nc_gid=ADLkF4cgz4XvgVZ6ZvDQeMF&oh=00_AYCDwfl_QT3YAAPa4nQ8SWNmiGnuyoCl3hHbfh95XPfx5A&oe=670AA923",,,,,,"14","100","4","4","514561552001926","80","https://scontent-atl3-2.xx.fbcdn.net/v/t39.1997-6/69142452_1459627590828646_6160083988481310720_n.png?stp=cp0_dst-png_s110x80&_nc_cat=1&ccb=1-7&_nc_sid=23dd7b&_nc_ohc=iLzl-3km6nMQ7kNvgEk8rlg&_nc_ht=scontent-atl3-2.xx&_nc_gid=ADLkF4cgz4XvgVZ6ZvDQeMF&oh=00_AYBC5CPL3ofgqK8gcPY2x81UcC3nQtjt0gxTEpm4TPdMVA&oe=670A9F11","80","Business fish, a person with a pink fish head wearing a suit and tie, giving a large thumbs up with their right hand and saying good",,,,,"493674027424012","Executive Business Fish",,"https://scontent-atl3-2.xx.fbcdn.net/v/t39.1997-6/68866962_1459627384162000_4858367271799619584_n.png?stp=dst-png_p320x320&_nc_cat=1&ccb=1-7&_nc_sid=ba09c1&_nc_ohc=g-XHeS31Z2UQ7kNvgEiIF6w&_nc_ht=scontent-atl3-2.xx&_nc_gid=ADLkF4cgz4XvgVZ6ZvDQeMF&oh=00_AYAW8aOfpnuvfVUkXJOMaHyzyVk5gQsQ7j7INHBxGhyU8A&oe=670AC4C8",,,"https://www.facebook.com/cayadi.santosa/videos/544932714639241/?comment_id=3956777297980921",,,,,,,,,,,,,,,,,,,,,,,,,,,,,,,,,,,,,,,,,,,,,,,,,,,,,,,,,,,,,,,,,,,,"2024-09-23T13:51:29.000Z","27174992155418406","https://www.facebook.com/100000029645476/posts/27174992155418406","ZmVlZGJhY2s6MjcxNzQ5OTIxNTU0MTg0MDZfMzk1Njc3NzI5Nzk4MDkyMQ==","Y29tbWVudDoyNzE3NDk5MjE1NTQxODQwNl8zOTU2Nzc3Mjk3OTgwOTIx","https://www.facebook.com/100000029645476/posts/27174992155418406","1",,,,"Renyah dan manis KOMANDAN....","pfbid02KAmcXkYQaoPmm7jV69hYS2NSuDRakv32g5PB8wmMYfqbPCtXzoVPrurQ3Kro8ggRl","Yarto Miyarto","https://scontent-atl3-1.xx.fbcdn.net/v/t39.30808-1/312995180_107563508820498_8641099074002629654_n.jpg?stp=c0.119.720.720a_cp0_dst-jpg_s32x32&_nc_cat=107&ccb=1-7&_nc_sid=0ecb9b&_nc_ohc=-Gkxq5dw3lUQ7kNvgFzyb04&_nc_ht=scontent-atl3-1.xx&_nc_gid=ADLkF4cgz4XvgVZ6ZvDQeMF&oh=00_AYD_po6rJF7mybGKXGbPsxKUPUjJerLKeal_LPIkUQyqEQ&oe=670AC053","https://www.facebook.com/people/Yarto-Miyarto/pfbid02KAmcXkYQaoPmm7jV69hYS2NSuDRakv32g5PB8wmMYfqbPCtXzoVPrurQ3Kro8ggRl/",,"0"
,,,,,,,,,,,,,,,,,,,,,,,,,,,,"https://www.facebook.com/cayadi.santosa/videos/544932714639241/?comment_id=514260497890044",,,,,,,,,,,,,,,,,,,,,,,,,,,,,,,,,,,,,,,,,,,,,,,,,,,,,,,,,,,,,,,,,,,"2","2024-09-23T08:39:12.000Z","27174992155418406","https://www.facebook.com/100000029645476/posts/27174992155418406","ZmVlZGJhY2s6MjcxNzQ5OTIxNTU0MTg0MDZfNTE0MjYwNDk3ODkwMDQ0","Y29tbWVudDoyNzE3NDk5MjE1NTQxODQwNl81MTQyNjA0OTc4OTAwNDQ=","https://www.facebook.com/100000029645476/posts/27174992155418406","0",,,,"Renyah dan manis KOMANDAN....","1731151440","Tidar Ardiyanto","https://scontent-atl3-1.xx.fbcdn.net/v/t39.30808-1/395324445_10211220725590558_1955392965267474716_n.jpg?stp=cp0_dst-jpg_s32x32&_nc_cat=108&ccb=1-7&_nc_sid=50d2ac&_nc_ohc=KarYsL-6R1cQ7kNvgEwZWcW&_nc_ht=scontent-atl3-1.xx&_nc_gid=ADLkF4cgz4XvgVZ6ZvDQeMF&oh=00_AYAesTPla7Mof9WXdXZlna-sPo4ogFh4kYLPMnuZHTppgw&oe=670A99B8",,"Mantap.. ijo Yo... Tahun lalu nanam agak putih 😁😁","0"
,,,,,,,,,,,,,,,,,,,,,,,,,,,,"https://www.facebook.com/cayadi.santosa/videos/544932714639241/?comment_id=947279720747848",,,,,,,,,,,,,,,,,,,,,,,,,,,,,,,,,,,,,,,,,,,,,,,,,,,,,,,,,,,,,,,,,,,"1","2024-09-23T09:33:02.000Z","27174992155418406","https://www.facebook.com/100000029645476/posts/27174992155418406","ZmVlZGJhY2s6MjcxNzQ5OTIxNTU0MTg0MDZfOTQ3Mjc5NzIwNzQ3ODQ4","Y29tbWVudDoyNzE3NDk5MjE1NTQxODQwNl85NDcyNzk3MjA3NDc4NDg=","https://www.facebook.com/100000029645476/posts/27174992155418406","0",,,,"Renyah dan manis KOMANDAN....","100007578522755","Renzy Bintangasia","https://scontent-atl3-2.xx.fbcdn.net/v/t39.30808-1/426012403_3605728109689771_2277782955804277447_n.jpg?stp=cp0_dst-jpg_s32x32&_nc_cat=104&ccb=1-7&_nc_sid=50d2ac&_nc_ohc=8B4n2B0-e5EQ7kNvgGcsUm2&_nc_ht=scontent-atl3-2.xx&_nc_gid=ADLkF4cgz4XvgVZ6ZvDQeMF&oh=00_AYARSNOVSBN6nCAWX0UdXXlB6zMDTl50gBkun_2Mn-dK_w&oe=670A9EC4","https://www.facebook.com/renzi.prayuda","Mantap om..","0"
"Sticker",,,,,,,,,"1","83","1","1","280280680528917","80","https://scontent-atl3-2.xx.fbcdn.net/v/t39.1997-6/240404950_280280683862250_377726035223267134_n.png?stp=cp0_dst-png_s110x80&_nc_cat=1&ccb=1-7&_nc_sid=23dd7b&_nc_ohc=xEhARNutL4EQ7kNvgEqdKZ3&_nc_ht=scontent-atl3-2.xx&_nc_gid=ADLkF4cgz4XvgVZ6ZvDQeMF&oh=00_AYCafpIyyxghTBJQ9e4C7JMNllbvds9Lr8Vvz9_yqnF_lQ&oe=670A9933","80","",,,,,"222549939635325","[Newsfeed] Indonesia First Party",,,,,"https://www.facebook.com/cayadi.santosa/videos/544932714639241/?comment_id=1702863150467345",,,,,,,,,,,,,,,,,,,,,,,,,,,,,,,,,,,,,,,,,,,,,,,,,,,,,,,,,,,,,,,,,,,"1","2024-09-23T10:44:43.000Z","27174992155418406","https://www.facebook.com/100000029645476/posts/27174992155418406","ZmVlZGJhY2s6MjcxNzQ5OTIxNTU0MTg0MDZfMTcwMjg2MzE1MDQ2NzM0NQ==","Y29tbWVudDoyNzE3NDk5MjE1NTQxODQwNl8xNzAyODYzMTUwNDY3MzQ1","https://www.facebook.com/100000029645476/posts/27174992155418406","0",,,,"Renyah dan manis KOMANDAN....","100004825651478","NiZar Bintang Asia","https://scontent-atl3-2.xx.fbcdn.net/v/t39.30808-1/438276089_2611594555678041_6997404202785061953_n.jpg?stp=cp0_dst-jpg_p32x32&_nc_cat=111&ccb=1-7&_nc_sid=50d2ac&_nc_ohc=kAH-2fA_hIIQ7kNvgGXpWPG&_nc_ht=scontent-atl3-2.xx&_nc_gid=ADLkF4cgz4XvgVZ6ZvDQeMF&oh=00_AYAxE4ik-mYYqyTbJFlHFXko5JwxsXEbBzSVpOs9aaCYoA&oe=670A98EE","https://www.facebook.com/nizar.setia.3",,"0"
,,,,,,,,,,,,,,,,,,,,,,,,,,,,"https://www.facebook.com/cayadi.santosa/videos/544932714639241/?comment_id=894517905342625",,,,,,,,,,,,,,,,,,,,,,,,,,,,,,,,,,,,,,,,,,,,,,,,,,,,,,,,,,,,,,,,,,,"1","2024-09-23T13:50:56.000Z","27174992155418406","https://www.facebook.com/100000029645476/posts/27174992155418406","ZmVlZGJhY2s6MjcxNzQ5OTIxNTU0MTg0MDZfODk0NTE3OTA1MzQyNjI1","Y29tbWVudDoyNzE3NDk5MjE1NTQxODQwNl84OTQ1MTc5MDUzNDI2MjU=","https://www.facebook.com/100000029645476/posts/27174992155418406","0",,,,"Renyah dan manis KOMANDAN....","pfbid02KAmcXkYQaoPmm7jV69hYS2NSuDRakv32g5PB8wmMYfqbPCtXzoVPrurQ3Kro8ggRl","Yarto Miyarto","https://scontent-atl3-1.xx.fbcdn.net/v/t39.30808-1/312995180_107563508820498_8641099074002629654_n.jpg?stp=c0.119.720.720a_cp0_dst-jpg_s32x32&_nc_cat=107&ccb=1-7&_nc_sid=0ecb9b&_nc_ohc=-Gkxq5dw3lUQ7kNvgFzyb04&_nc_ht=scontent-atl3-1.xx&_nc_gid=ADLkF4cgz4XvgVZ6ZvDQeMF&oh=00_AYD_po6rJF7mybGKXGbPsxKUPUjJerLKeal_LPIkUQyqEQ&oe=670AC053","https://www.facebook.com/people/Yarto-Miyarto/pfbid02KAmcXkYQaoPmm7jV69hYS2NSuDRakv32g5PB8wmMYfqbPCtXzoVPrurQ3Kro8ggRl/","Bintang Asia emang sipdeh","0"
,,,,,,,,,,,,,,,,,,,,,,,,,,,,"https://www.facebook.com/cayadi.santosa/videos/544932714639241/?comment_id=516533514491596",,,,,,,,,,,,,,,,,,,,,,,,,,,,,,,,,,,,,,,,,,,,,,,,,,,,,,,,,,,,,,,,,,,"1","2024-09-23T07:41:57.000Z","27174992155418406","https://www.facebook.com/100000029645476/posts/27174992155418406","ZmVlZGJhY2s6MjcxNzQ5OTIxNTU0MTg0MDZfNTE2NTMzNTE0NDkxNTk2","Y29tbWVudDoyNzE3NDk5MjE1NTQxODQwNl81MTY1MzM1MTQ0OTE1OTY=","https://www.facebook.com/100000029645476/posts/27174992155418406","0",,,,"Renyah dan manis KOMANDAN....","100076440699337","Arifin Putra","https://scontent-atl3-2.xx.fbcdn.net/v/t39.30808-1/454634319_519126943978658_6261051174945255639_n.jpg?stp=cp0_dst-jpg_s32x32&_nc_cat=101&ccb=1-7&_nc_sid=50d2ac&_nc_ohc=DP-506LBa9IQ7kNvgGMofYp&_nc_ht=scontent-atl3-2.xx&_nc_gid=ADLkF4cgz4XvgVZ6ZvDQeMF&oh=00_AYDoVQAoSI6UEfWMg3kdhAyIuYH4LM__5MoiGoENHdjVEg&oe=670AA929","https://www.facebook.com/people/Arifin-Putra/100076440699337/","hemmm kriyuk 👍👍👍","0"
,,,,,,,,,,,,,,,,,,,,,,,,,,,,"https://www.facebook.com/reel/494441663549431/?comment_id=3742033899398229",,,,,,,,,,,,,,,,,,,,,,,,,,,,,,,,,,,,,,,,,,,,,,,,,,,,,,,,,,,,,,,,,,,,"2024-09-19T07:00:55.000Z","27105882918995997","https://www.facebook.com/100000029645476/posts/27105882918995997","ZmVlZGJhY2s6MjcxMDU4ODI5MTg5OTU5OTdfMzc0MjAzMzg5OTM5ODIyOQ==","Y29tbWVudDoyNzEwNTg4MjkxODk5NTk5N18zNzQyMDMzODk5Mzk4MjI5","https://www.facebook.com/100000029645476/posts/27105882918995997","0","177330225469654",,,"Seng sabar sahabat BINTANG ASIA... Cayadi Bintang Asia · Original audio","100077302928721","Marsum","https://scontent.fgig19-1.fna.fbcdn.net/v/t39.30808-1/459235433_529097873010306_1218404907664385303_n.jpg?stp=c0.0.596.596a_cp0_dst-jpg_s32x32&_nc_cat=108&ccb=1-7&_nc_sid=50d2ac&_nc_ohc=-4VLP2aYy2UQ7kNvgHCo1QK&_nc_ht=scontent.fgig19-1.fna&_nc_gid=A1s68uMHVQ8GtFL3RfGXYjV&oh=00_AYAfwDsQBa0qWYFGyReYAjbB9E5ImKXPwB8De759IT_4Jw&oe=670AB870",,"Yoalah
Seng sabar Paak
Lagi di uji","0"
,,,,,,,,,,,,,,,,,,,,,,,,,,,,"https://www.facebook.com/reel/494441663549431/?comment_id=1035951224569927",,,,,,,,,,,,,,,,,,,,,,,,,,,,,,,,,,,,,,,,,,,,,,,,,,,,,,,,,,,,,,,,,,,"1","2024-09-19T14:59:11.000Z","27105882918995997","https://www.facebook.com/100000029645476/posts/27105882918995997","ZmVlZGJhY2s6MjcxMDU4ODI5MTg5OTU5OTdfMTAzNTk1MTIyNDU2OTkyNw==","Y29tbWVudDoyNzEwNTg4MjkxODk5NTk5N18xMDM1OTUxMjI0NTY5OTI3","https://www.facebook.com/100000029645476/posts/27105882918995997","0","177330225469654",,,"Seng sabar sahabat BINTANG ASIA... Cayadi Bintang Asia · Original audio","1731151440","Tidar Ardiyanto","https://scontent.fgig19-1.fna.fbcdn.net/v/t39.30808-1/395324445_10211220725590558_1955392965267474716_n.jpg?stp=cp0_dst-jpg_s32x32&_nc_cat=108&ccb=1-7&_nc_sid=50d2ac&_nc_ohc=KarYsL-6R1cQ7kNvgEGnHQn&_nc_ht=scontent.fgig19-1.fna&_nc_gid=A1s68uMHVQ8GtFL3RfGXYjV&oh=00_AYDPbXB3qfHiu_TgbEVbt0DPKqb2uGG4kQ951Zjm6p-oEg&oe=670A99B8",,"Nandur neng..","0"
,,,,,,,,,,,,,,,,,,,,,,,,,,,,"https://www.facebook.com/reel/494441663549431/?comment_id=844585074428511",,,,,,,,,,,,,,,,,,,,,,,,,,,,,,,,,,,,,,,,,,,,,,,,,,,,,,,,,,,,,,,,,,,"1","2024-09-19T04:08:38.000Z","27105882918995997","https://www.facebook.com/100000029645476/posts/27105882918995997","ZmVlZGJhY2s6MjcxMDU4ODI5MTg5OTU5OTdfODQ0NTg1MDc0NDI4NTEx","Y29tbWVudDoyNzEwNTg4MjkxODk5NTk5N184NDQ1ODUwNzQ0Mjg1MTE=","https://www.facebook.com/100000029645476/posts/27105882918995997","0","177330225469654",,,"Seng sabar sahabat BINTANG ASIA... Cayadi Bintang Asia · Original audio","100013867903302","Abdul Kodir","https://scontent.fgig19-1.fna.fbcdn.net/v/t39.30808-1/434349729_1881402772331968_4080717894896315341_n.jpg?stp=cp0_dst-jpg_s32x32&_nc_cat=111&ccb=1-7&_nc_sid=50d2ac&_nc_ohc=wGrR-hxGFkQQ7kNvgHRrLTi&_nc_ht=scontent.fgig19-1.fna&_nc_gid=A1s68uMHVQ8GtFL3RfGXYjV&oh=00_AYCZehscdmMbcSrpql47-r2ZjndDohd7704FH9PE0Nz6DA&oe=670AA50A","https://www.facebook.com/abdul.khodir.16100","Kesabaran yang harus diterapkan kawan 👍","0"
,,,,,,,,,,,,,,,,,,,,,,,,,,,,"https://www.facebook.com/reel/494441663549431/?comment_id=8270291086357447",,,,,,,,,,,,,,,,,,,,,,,,,,,,,,,,,,,,,,,,,,,,,,,,,,,,,,,,,,,,,,,,,,,"1","2024-09-19T14:02:18.000Z","27105882918995997","https://www.facebook.com/100000029645476/posts/27105882918995997","ZmVlZGJhY2s6MjcxMDU4ODI5MTg5OTU5OTdfODI3MDI5MTA4NjM1NzQ0Nw==","Y29tbWVudDoyNzEwNTg4MjkxODk5NTk5N184MjcwMjkxMDg2MzU3NDQ3","https://www.facebook.com/100000029645476/posts/27105882918995997","0","177330225469654",,,"Seng sabar sahabat BINTANG ASIA... Cayadi Bintang Asia · Original audio","pfbid034NVBbmBT6YXFGEh243nyAxBxQscJFzYytUjXUgMfDN1cPJNctkY6b4f9ETjhxEvZl","Hariyadii Hariyadii","https://scontent.fgig19-1.fna.fbcdn.net/v/t39.30808-1/299770660_899116294788381_7669305444590459155_n.jpg?stp=cp0_dst-jpg_s32x32&_nc_cat=101&ccb=1-7&_nc_sid=0ecb9b&_nc_ohc=1q0zxAyOm48Q7kNvgEuWp3m&_nc_ht=scontent.fgig19-1.fna&_nc_gid=A1s68uMHVQ8GtFL3RfGXYjV&oh=00_AYCePeN5DUNBLtFzQfn1dCbkLLSTMDVFt_uaPPGp1MkUTQ&oe=670AADAF","https://www.facebook.com/hariyadii.hariyadii.52","Masak allh ingat aku biyen kyk ngono","0"
,,,,,,,,,,,,,,,,,,,,,,,,,,,,"https://www.facebook.com/reel/494441663549431/?comment_id=3814779395515271",,,,,,,,,,,,,,,,,,,,,,,,,,,,,,,,,,,,,,,,,,,,,,,,,,,,,,,,,,,,,,,,,,,"1","2024-09-19T15:22:13.000Z","27105882918995997","https://www.facebook.com/100000029645476/posts/27105882918995997","ZmVlZGJhY2s6MjcxMDU4ODI5MTg5OTU5OTdfMzgxNDc3OTM5NTUxNTI3MQ==","Y29tbWVudDoyNzEwNTg4MjkxODk5NTk5N18zODE0Nzc5Mzk1NTE1Mjcx","https://www.facebook.com/100000029645476/posts/27105882918995997","0","177330225469654",,,"Seng sabar sahabat BINTANG ASIA... Cayadi Bintang Asia · Original audio","100000248377962","Asep Ar","https://scontent.fgig19-1.fna.fbcdn.net/v/t39.30808-1/416204780_7484290751589130_6779403893378863749_n.jpg?stp=c120.0.720.720a_cp0_dst-jpg_s32x32&_nc_cat=104&ccb=1-7&_nc_sid=50d2ac&_nc_ohc=VAj_IQiw5cUQ7kNvgFCemCL&_nc_ht=scontent.fgig19-1.fna&_nc_gid=A1s68uMHVQ8GtFL3RfGXYjV&oh=00_AYBujPM8aDVd72O_Z1UXYgu64xx9rY31sOWJpYtbMAXBJA&oe=670A9160","https://www.facebook.com/revo.ar.1","Dimna ini om","0"
,,,,,,,,,,,,,,,,,,,,,,,,,,,,"https://www.facebook.com/reel/494441663549431/?comment_id=504976395504742",,,,,,,,,,,,,,,,,,,,,,,,,,,,,,,,,,,,,,,,,,,,,,,,,,,,,,,,,,,,,,,,,,,,"2024-09-19T10:54:02.000Z","27105882918995997","https://www.facebook.com/100000029645476/posts/27105882918995997","ZmVlZGJhY2s6MjcxMDU4ODI5MTg5OTU5OTdfNTA0OTc2Mzk1NTA0NzQy","Y29tbWVudDoyNzEwNTg4MjkxODk5NTk5N181MDQ5NzYzOTU1MDQ3NDI=","https://www.facebook.com/100000029645476/posts/27105882918995997","0","177330225469654",,,"Seng sabar sahabat BINTANG ASIA... Cayadi Bintang Asia · Original audio","100000637644370","Husnul Fatwa","https://scontent.fgig19-1.fna.fbcdn.net/v/t39.30808-1/383965861_7023825894315262_732924418491809852_n.jpg?stp=cp0_dst-jpg_s32x32&_nc_cat=101&ccb=1-7&_nc_sid=50d2ac&_nc_ohc=GU37Mwj85K0Q7kNvgEpTQPt&_nc_ht=scontent.fgig19-1.fna&_nc_gid=A1s68uMHVQ8GtFL3RfGXYjV&oh=00_AYDiB5bhCIrqvFOPdsS7sWJfqGm--r8B9vltJqP-4PKyRg&oe=670A9E9D","https://www.facebook.com/@nuel.bagzdongraztavariana/","Ada patok no lot nya ya d bawah hahahaha","0"
,,,,,,,,,,,,,,,,,,,,,,,,,,,,"https://www.facebook.com/reel/494441663549431/?comment_id=8634861773225123",,,,,,,,,,,,,,,,,,,,,,,,,,,,,,,,,,,,,,,,,,,,,,,,,,,,,,,,,,,,,,,,,,,"1","2024-09-19T06:14:53.000Z","27105882918995997","https://www.facebook.com/100000029645476/posts/27105882918995997","ZmVlZGJhY2s6MjcxMDU4ODI5MTg5OTU5OTdfODYzNDg2MTc3MzIyNTEyMw==","Y29tbWVudDoyNzEwNTg4MjkxODk5NTk5N184NjM0ODYxNzczMjI1MTIz","https://www.facebook.com/100000029645476/posts/27105882918995997","0","177330225469654",,,"Seng sabar sahabat BINTANG ASIA... Cayadi Bintang Asia · Original audio","100007578522755","Renzy Bintangasia","https://scontent.fgig19-1.fna.fbcdn.net/v/t39.30808-1/426012403_3605728109689771_2277782955804277447_n.jpg?stp=cp0_dst-jpg_s32x32&_nc_cat=104&ccb=1-7&_nc_sid=50d2ac&_nc_ohc=8B4n2B0-e5EQ7kNvgH_nU_v&_nc_ht=scontent.fgig19-1.fna&_nc_gid=A1s68uMHVQ8GtFL3RfGXYjV&oh=00_AYA7Dlhrjq1W0qmNB8M4bd4fZ4i3NQvGtoSFSHKTpseT7w&oe=670A9EC4","https://www.facebook.com/renzi.prayuda","Lahh knopo boss","0"
,,,,,,,,,,,,,,,,,,,,,,,,,,,,"https://www.facebook.com/reel/494441663549431/?comment_id=534374519272363",,,,,,,,,,,,,,,,,,,,,,,,,,,,,,,,,,,,,,,,,,,,,,,,,,,,,,,,,,,,,,,,,,,"1","2024-09-19T03:13:54.000Z","27105882918995997","https://www.facebook.com/100000029645476/posts/27105882918995997","ZmVlZGJhY2s6MjcxMDU4ODI5MTg5OTU5OTdfNTM0Mzc0NTE5MjcyMzYz","Y29tbWVudDoyNzEwNTg4MjkxODk5NTk5N181MzQzNzQ1MTkyNzIzNjM=","https://www.facebook.com/100000029645476/posts/27105882918995997","0","177330225469654",,,"Seng sabar sahabat BINTANG ASIA... Cayadi Bintang Asia · Original audio","pfbid028Wy6a2NExY5G3h4ZRjodrFadVo27iY1ju47Js4pRLV1Xac3vcx2RQJBTvG4WmzGNl","Ratno Galih","https://scontent.fgig19-1.fna.fbcdn.net/v/t1.6435-1/75534863_967293303627808_941513095354777600_n.jpg?stp=c0.0.1512.1512a_cp0_dst-jpg_s32x32&_nc_cat=101&ccb=1-7&_nc_sid=e4545e&_nc_ohc=uyAdaZtHU44Q7kNvgGM_fJf&_nc_ht=scontent.fgig19-1.fna&_nc_gid=A1s68uMHVQ8GtFL3RfGXYjV&oh=00_AYAdpnHoxWZioQj92o9elSl62g8-2GGMRK5Ick1mdUVdFw&oe=672C5492","https://www.facebook.com/ratno.galih.50","Pengisi suarane koyo bang Slamet Kuwi 😂","0"
,,,,,,,,,,,,,,,,,,,,,,,,,,,,"https://www.facebook.com/reel/494441663549431/?comment_id=1865822800579311",,,,,,,,,,,,,,,,,,,,,,,,,,,,,,,,,,,,,,,,,,,,,,,,,,,,,,,,,,,,,,,,,,,"1","2024-09-19T15:23:10.000Z","27105882918995997","https://www.facebook.com/100000029645476/posts/27105882918995997","ZmVlZGJhY2s6MjcxMDU4ODI5MTg5OTU5OTdfMTg2NTgyMjgwMDU3OTMxMQ==","Y29tbWVudDoyNzEwNTg4MjkxODk5NTk5N18xODY1ODIyODAwNTc5MzEx","https://www.facebook.com/100000029645476/posts/27105882918995997","0","177330225469654",,,"Seng sabar sahabat BINTANG ASIA... Cayadi Bintang Asia · Original audio","100000248377962","Asep Ar","https://scontent.fgig19-1.fna.fbcdn.net/v/t39.30808-1/416204780_7484290751589130_6779403893378863749_n.jpg?stp=c120.0.720.720a_cp0_dst-jpg_s32x32&_nc_cat=104&ccb=1-7&_nc_sid=50d2ac&_nc_ohc=VAj_IQiw5cUQ7kNvgFCemCL&_nc_ht=scontent.fgig19-1.fna&_nc_gid=A1s68uMHVQ8GtFL3RfGXYjV&oh=00_AYBujPM8aDVd72O_Z1UXYgu64xx9rY31sOWJpYtbMAXBJA&oe=670A9160","https://www.facebook.com/revo.ar.1","Tanam tomat itu tanam bulan 11 akhir panen bulan 1 - 2 ya insllah harga aya, cuma harus kuat spray ya pungisida ya","0"
,,,,,,,,,,,,,,,,,,,,,,,,,,,,"https://www.facebook.com/cayadi.santosa/videos/1497251037820173/?comment_id=1912190525927821",,,,,,,,,,,,,,,,,,,,,,,,,,,,,,,,,,,,,,,,,,,,,,,,,,,,,,,,,,,,,,,,,,,,"2024-09-30T11:28:45.000Z","27297625219821765","https://www.facebook.com/100000029645476/posts/27297625219821765","ZmVlZGJhY2s6MjcyOTc2MjUyMTk4MjE3NjVfMTkxMjE5MDUyNTkyNzgyMQ==","Y29tbWVudDoyNzI5NzYyNTIxOTgyMTc2NV8xOTEyMTkwNTI1OTI3ODIx","https://www.facebook.com/100000029645476/posts/27297625219821765","1",,,,"Belajar sambil berusaha...","100000029645476","Cayadi Bintang Asia","https://scontent-dub4-1.xx.fbcdn.net/v/t31.18172-1/15724565_1469077786436529_7264600135043183638_o.jpg?stp=c0.200.1200.1200a_cp0_dst-jpg_s32x32&_nc_cat=101&ccb=1-7&_nc_sid=db5862&_nc_ohc=IFGPD1G8UMQQ7kNvgETy8_z&_nc_ht=scontent-dub4-1.xx&_nc_gid=AmLpvpJ7suxGTefLCw31n0A&oh=00_AYCZ4Npvh0yL6Pe-inpv0zcjIdfI4Faf26TGm49sbF2sbA&oe=672C56FE","https://www.facebook.com/cayadi.santosa","Belajar mas. Dikit2...","0"
"Sticker",,,,,,,,,"1","83","1","1","828664565566282","128","https://scontent-dub4-1.xx.fbcdn.net/v/t39.1997-6/450177204_828664568899615_8526820498811056138_n.png?stp=dst-png_s168x128&_nc_cat=107&ccb=1-7&_nc_sid=23dd7b&_nc_ohc=McNWGqDWQ9kQ7kNvgFBmouH&_nc_ht=scontent-dub4-1.xx&_nc_gid=AmLpvpJ7suxGTefLCw31n0A&oh=00_AYABlEhfxpVjFEzgSuUAmuL7CKNs1-Um5RV7UxkB56mDrQ&oe=670AAE44","128","",,,,,,,,,,,"https://www.facebook.com/cayadi.santosa/videos/1497251037820173/?comment_id=513252694653828",,,,,,,,,,,,,,,,,,,,,,,,,,,,,,,,,,,,,,,,,,,,,,,,,,,,,,,,,,,,,,,,,,,,"2024-09-30T11:10:39.000Z","27297625219821765","https://www.facebook.com/100000029645476/posts/27297625219821765","ZmVlZGJhY2s6MjcyOTc2MjUyMTk4MjE3NjVfNTEzMjUyNjk0NjUzODI4","Y29tbWVudDoyNzI5NzYyNTIxOTgyMTc2NV81MTMyNTI2OTQ2NTM4Mjg=","https://www.facebook.com/100000029645476/posts/27297625219821765","0",,,,"Belajar sambil berusaha...","100010890571404","Aris AW","https://scontent-dub4-1.xx.fbcdn.net/v/t39.30808-1/445034474_2147125858993746_749019852458135341_n.jpg?stp=cp0_dst-jpg_s32x32&_nc_cat=107&ccb=1-7&_nc_sid=50d2ac&_nc_ohc=MA5Sp1eyDLAQ7kNvgHe0omV&_nc_ht=scontent-dub4-1.xx&_nc_gid=AmLpvpJ7suxGTefLCw31n0A&oh=00_AYD7r0mrQ8WLM2PZHEtHX3R-OaB6vBSvjaojLu3Mqdruvw&oe=670ABAB8","https://www.facebook.com/alwina.98622733",,"0"
