﻿"channelAvatarUrl","channelBannerUrl","channelDescription","channelDescriptionLinks/0/text","channelDescriptionLinks/0/url","channelId","channelJoinedDate","channelLocation","channelName","channelTotalVideos","channelTotalViews","channelUrl","comments","commentsCount","commentsTurnedOff","date","descriptionLinks","descriptionLinks/0/text","descriptionLinks/0/url","descriptionLinks/1/text","descriptionLinks/1/url","duration","fromYTUrl","id","input","inputChannelUrl","isAgeRestricted","isChannelVerified","isMonetized","likes","location","note","numberOfSubscribers","order","subtitles","text","thumbnailUrl","title","type","url","viewCount"
,,,,,,,,,,,,,,,,,,,,,,,,"https://www.youtube.com/@PetaniDesaMandiri",,,,,,,"The channel has no live videos.",,,,,,,,"https://www.youtube.com/@PetaniDesaMandiri/about",
"https://yt3.googleusercontent.com/YKA8p0zEJst4vyVousz8CVTDze6m3qIlfOaBPqxnwoyv_GBEYbYxl0ZHGsqCi8NBp3Y5Wj2Nlw=s160-c-k-c0x00ffffff-no-rj","https://yt3.googleusercontent.com/ZA5BWq2AUkHb5YE7G3QeWFPXCQjX6TBFB_eOlAqHoouuRQL-0HK3jtdoLx7kcrH7GGoQynScnNs=w2560-fcrop64=1,00005a57ffffa5a8-k-c0xffffffff-no-nd-rj","Welcome to the Petani Desa Mandiri Channel
We are a loyal friend to farmers and farming enthusiasts who want to expand their knowledge of the dynamic world of agriculture. Here, we bring you informative, inspiring and practical content to guide you through every aspect of farm life.

From innovative farming techniques to a guide to selecting the best seeds, we explore a variety of relevant topics to help you increase your yields and farm efficiency. This channel also provides reviews of the latest equipment, shares tips on land management, and provides the best solutions to challenges often faced by farmers.

We believe that sustainability and environmentally friendly farming practices are the key to a sustainable agricultural future. Therefore, we specifically highlight organic methods and green technologies that can improve the balance of agricultural ecosystems.","Facebook","https://www.facebook.com/PetaniDesaMandiri771","UCjQX6r71oYHPaxvHZ1clQZg","Dec 31, 2023","Indonesia","Petani Desa Mandiri","127","354883","https://www.youtube.com/channel/UCjQX6r71oYHPaxvHZ1clQZg",,"4","false","2024-10-05T11:00:27.000Z",,,,,,"00:08:56","https://www.youtube.com/@PetaniDesaMandiri/videos","5Gh-vUltFT0",,"https://www.youtube.com/@PetaniDesaMandiri","false","false",,"6",,,"1740",,,"Selamat datang di panduan lengkap kami tentang cara mengidentifikasi dan mengobati penyakit bule pada jagung yang disebabkan oleh jamur! Dalam video ini, kami akan membahas berbagai jenis penyakit jamur yang sering menyerang tanaman jagung, tanda-tanda awal yang perlu diperhatikan, serta metode pengobatan yang efektif untuk menjaga kesehatan tanaman Anda.

Anda akan belajar tentang:
Jenis-jenis penyakit jamur yang umum pada jagung
Gejala dan tanda-tanda infeksi yang harus diwaspadai
Teknik pencegahan untuk mengurangi risiko serangan jamur
Solusi pengobatan alami dan kimia yang dapat digunakan
Tips pemeliharaan tanaman jagung yang sehat

Jangan lewatkan informasi berharga ini untuk memastikan hasil panen jagung Anda optimal dan bebas dari penyakit. Pastikan untuk menyaksikan video ini sampai selesai dan terapkan tips yang kami bagikan agar tanaman jagung Anda tetap tumbuh subur dan sehat! 

Ingat untuk like, subscribe, dan aktifkan notifikasi agar tidak ketinggalan video bermanfaat lainnya seputar pertanian dan perawatan tanaman! Terima kasih telah menonton!","https://i.ytimg.com/vi/5Gh-vUltFT0/maxresdefault.jpg","🔴 Panduan Lengkap: Mengidentifikasi dan Mengobati Penyakit Bule pada Jagung ‼️","video","https://www.youtube.com/watch?v=5Gh-vUltFT0","164"
"https://yt3.googleusercontent.com/YKA8p0zEJst4vyVousz8CVTDze6m3qIlfOaBPqxnwoyv_GBEYbYxl0ZHGsqCi8NBp3Y5Wj2Nlw=s160-c-k-c0x00ffffff-no-rj","https://yt3.googleusercontent.com/ZA5BWq2AUkHb5YE7G3QeWFPXCQjX6TBFB_eOlAqHoouuRQL-0HK3jtdoLx7kcrH7GGoQynScnNs=w2560-fcrop64=1,00005a57ffffa5a8-k-c0xffffffff-no-nd-rj","Welcome to the Petani Desa Mandiri Channel
We are a loyal friend to farmers and farming enthusiasts who want to expand their knowledge of the dynamic world of agriculture. Here, we bring you informative, inspiring and practical content to guide you through every aspect of farm life.

From innovative farming techniques to a guide to selecting the best seeds, we explore a variety of relevant topics to help you increase your yields and farm efficiency. This channel also provides reviews of the latest equipment, shares tips on land management, and provides the best solutions to challenges often faced by farmers.

We believe that sustainability and environmentally friendly farming practices are the key to a sustainable agricultural future. Therefore, we specifically highlight organic methods and green technologies that can improve the balance of agricultural ecosystems.","Facebook","https://www.facebook.com/PetaniDesaMandiri771","UCjQX6r71oYHPaxvHZ1clQZg","Dec 31, 2023","Indonesia","Petani Desa Mandiri","127","354883","https://www.youtube.com/channel/UCjQX6r71oYHPaxvHZ1clQZg",,"34","false","2024-09-30T14:13:06.000Z",,"   / @petanidesamandiri  ","https://www.youtube.com/channel/UCjQX6r71oYHPaxvHZ1clQZg","  / petanidesamandiri771  ","https://www.facebook.com/PetaniDesaMandiri771","00:12:20","https://www.youtube.com/@PetaniDesaMandiri/videos","2JblbjjCvn4",,"https://www.youtube.com/@PetaniDesaMandiri","false","false",,"83",,,"1740",,,"Selamat datang di video kami yang berjudul ""Cara Tanam Jagung Bertongkol Besar! Panduan Lengkap Buat Petani Pemula!"" 

Dalam video ini, kami akan membagikan langkah-langkah praktis dan tips berharga untuk menanam jagung dengan hasil bertongkol besar. 

Apakah Anda seorang petani pemula yang ingin meningkatkan hasil panen jagung Anda? Kami akan menjelaskan semua yang perlu Anda ketahui, mulai dari pemilihan benih, persiapan lahan, hingga teknik perawatan yang tepat. Anda juga akan belajar tentang cara mengatasi hama dan penyakit yang sering menyerang tanaman jagung.

Jangan lewatkan informasi penting tentang waktu tanam yang ideal dan tips pemupukan agar tanaman jagung Anda tumbuh subur dan maksimal. Dengan mengikuti panduan lengkap ini, Anda akan memiliki pengetahuan yang diperlukan untuk sukses dalam menanam jagung bertongkol besar.

Tonton video ini sampai akhir untuk mendapatkan semua tips dan trik yang bisa Anda terapkan di kebun Anda. Jika Anda suka dengan konten ini, jangan lupa untuk like, subscribe, dan aktifkan notifikasi agar tidak ketinggalan video bermanfaat lainnya! 

Mari kita mulai perjalanan menanam jagung yang menguntungkan ini bersama-sama!

petani muda,teknik tanam jagung,jagung sehat,jagung bertongkol besar,hasil panen jagung,panduan petani,petani pemula,budidaya jagung,jagung organik,cara menanam jagung,tutorial bertani,tips bertani,cara tanam jagung,tanaman jagung,cara sukses bertani,pertanian jagung,tanam jagung,pertanian,jagung,cara bercocok tanam

Subscribe : 
   / @petanidesamandiri  

Facebook:
  / petanidesamandiri771  ","https://i.ytimg.com/vi/2JblbjjCvn4/maxresdefault.jpg","🔴 Cara Tanam Jagung Bertongkol Besar! Panduan Lengkap Buat Petani Pemula! Mulai Tanam Sampai Panen","video","https://www.youtube.com/watch?v=2JblbjjCvn4","5963"
"https://yt3.googleusercontent.com/YKA8p0zEJst4vyVousz8CVTDze6m3qIlfOaBPqxnwoyv_GBEYbYxl0ZHGsqCi8NBp3Y5Wj2Nlw=s160-c-k-c0x00ffffff-no-rj","https://yt3.googleusercontent.com/ZA5BWq2AUkHb5YE7G3QeWFPXCQjX6TBFB_eOlAqHoouuRQL-0HK3jtdoLx7kcrH7GGoQynScnNs=w2560-fcrop64=1,00005a57ffffa5a8-k-c0xffffffff-no-nd-rj","Welcome to the Petani Desa Mandiri Channel
We are a loyal friend to farmers and farming enthusiasts who want to expand their knowledge of the dynamic world of agriculture. Here, we bring you informative, inspiring and practical content to guide you through every aspect of farm life.

From innovative farming techniques to a guide to selecting the best seeds, we explore a variety of relevant topics to help you increase your yields and farm efficiency. This channel also provides reviews of the latest equipment, shares tips on land management, and provides the best solutions to challenges often faced by farmers.

We believe that sustainability and environmentally friendly farming practices are the key to a sustainable agricultural future. Therefore, we specifically highlight organic methods and green technologies that can improve the balance of agricultural ecosystems.","Facebook","https://www.facebook.com/PetaniDesaMandiri771","UCjQX6r71oYHPaxvHZ1clQZg","Dec 31, 2023","Indonesia","Petani Desa Mandiri","127","354883","https://www.youtube.com/channel/UCjQX6r71oYHPaxvHZ1clQZg",,"0",,"2024-10-01T00:00:00.000Z",,,,,,,"https://www.youtube.com/@PetaniDesaMandiri/shorts","pgaM3nn8L44",,"https://www.youtube.com/@PetaniDesaMandiri","false","false",,"6",,,"1740","14",,,"https://i.ytimg.com/vi/pgaM3nn8L44/oar2.jpg?sqp=-oaymwEdCJUDENAFSFWQAgHyq4qpAwwIARUAAIhCcAHAAQY=&rs=AOn4CLCEGYpsZWZZ8QYfeVNaX87PLRVehA","Kayu Mangga Keras juga #mesinkayu #mesinpopuler #mesingergajikayu","shorts","https://www.youtube.com/shorts/pgaM3nn8L44","749"
"https://yt3.googleusercontent.com/YKA8p0zEJst4vyVousz8CVTDze6m3qIlfOaBPqxnwoyv_GBEYbYxl0ZHGsqCi8NBp3Y5Wj2Nlw=s160-c-k-c0x00ffffff-no-rj","https://yt3.googleusercontent.com/ZA5BWq2AUkHb5YE7G3QeWFPXCQjX6TBFB_eOlAqHoouuRQL-0HK3jtdoLx7kcrH7GGoQynScnNs=w2560-fcrop64=1,00005a57ffffa5a8-k-c0xffffffff-no-nd-rj","Welcome to the Petani Desa Mandiri Channel
We are a loyal friend to farmers and farming enthusiasts who want to expand their knowledge of the dynamic world of agriculture. Here, we bring you informative, inspiring and practical content to guide you through every aspect of farm life.

From innovative farming techniques to a guide to selecting the best seeds, we explore a variety of relevant topics to help you increase your yields and farm efficiency. This channel also provides reviews of the latest equipment, shares tips on land management, and provides the best solutions to challenges often faced by farmers.

We believe that sustainability and environmentally friendly farming practices are the key to a sustainable agricultural future. Therefore, we specifically highlight organic methods and green technologies that can improve the balance of agricultural ecosystems.","Facebook","https://www.facebook.com/PetaniDesaMandiri771","UCjQX6r71oYHPaxvHZ1clQZg","Dec 31, 2023","Indonesia","Petani Desa Mandiri","127","354883","https://www.youtube.com/channel/UCjQX6r71oYHPaxvHZ1clQZg",,"0",,"2024-10-05T00:00:00.000Z",,,,,,,"https://www.youtube.com/@PetaniDesaMandiri/shorts","T5-IyzoBMzY",,"https://www.youtube.com/@PetaniDesaMandiri","false","false",,"2",,,"1740","5",,,"https://i.ytimg.com/vi/T5-IyzoBMzY/oar2.jpg?sqp=-oaymwEdCJUDENAFSFWQAgHyq4qpAwwIARUAAIhCcAHAAQY=&rs=AOn4CLDqJw0IGqaR96JprAO8LUbNype7VA","Cara Mencegah bulai jagung #perawatanjagung #budidayajagung #petanijagung #tanamanjagung","shorts","https://www.youtube.com/shorts/T5-IyzoBMzY","632"
"https://yt3.googleusercontent.com/YKA8p0zEJst4vyVousz8CVTDze6m3qIlfOaBPqxnwoyv_GBEYbYxl0ZHGsqCi8NBp3Y5Wj2Nlw=s160-c-k-c0x00ffffff-no-rj","https://yt3.googleusercontent.com/ZA5BWq2AUkHb5YE7G3QeWFPXCQjX6TBFB_eOlAqHoouuRQL-0HK3jtdoLx7kcrH7GGoQynScnNs=w2560-fcrop64=1,00005a57ffffa5a8-k-c0xffffffff-no-nd-rj","Welcome to the Petani Desa Mandiri Channel
We are a loyal friend to farmers and farming enthusiasts who want to expand their knowledge of the dynamic world of agriculture. Here, we bring you informative, inspiring and practical content to guide you through every aspect of farm life.

From innovative farming techniques to a guide to selecting the best seeds, we explore a variety of relevant topics to help you increase your yields and farm efficiency. This channel also provides reviews of the latest equipment, shares tips on land management, and provides the best solutions to challenges often faced by farmers.

We believe that sustainability and environmentally friendly farming practices are the key to a sustainable agricultural future. Therefore, we specifically highlight organic methods and green technologies that can improve the balance of agricultural ecosystems.","Facebook","https://www.facebook.com/PetaniDesaMandiri771","UCjQX6r71oYHPaxvHZ1clQZg","Dec 31, 2023","Indonesia","Petani Desa Mandiri","127","354883","https://www.youtube.com/channel/UCjQX6r71oYHPaxvHZ1clQZg",,"0",,"2024-10-06T00:00:00.000Z",,,,,,,"https://www.youtube.com/@PetaniDesaMandiri/shorts","gtaoZ2Osa8A",,"https://www.youtube.com/@PetaniDesaMandiri","false","false",,"6",,,"1740","0",,,"https://i.ytimg.com/vi/gtaoZ2Osa8A/oar2.jpg?sqp=-oaymwEdCJUDENAFSFWQAgHyq4qpAwwIARUAAIhCcAHAAQY=&rs=AOn4CLCDQGypAczFbo0JJ8JeCRCU6-b8eg","Persiapan sebelum tanam bawang merah #gardening #nature #petanidesamandiri #petanibawangmerah","shorts","https://www.youtube.com/shorts/gtaoZ2Osa8A","837"
"https://yt3.googleusercontent.com/YKA8p0zEJst4vyVousz8CVTDze6m3qIlfOaBPqxnwoyv_GBEYbYxl0ZHGsqCi8NBp3Y5Wj2Nlw=s160-c-k-c0x00ffffff-no-rj","https://yt3.googleusercontent.com/ZA5BWq2AUkHb5YE7G3QeWFPXCQjX6TBFB_eOlAqHoouuRQL-0HK3jtdoLx7kcrH7GGoQynScnNs=w2560-fcrop64=1,00005a57ffffa5a8-k-c0xffffffff-no-nd-rj","Welcome to the Petani Desa Mandiri Channel
We are a loyal friend to farmers and farming enthusiasts who want to expand their knowledge of the dynamic world of agriculture. Here, we bring you informative, inspiring and practical content to guide you through every aspect of farm life.

From innovative farming techniques to a guide to selecting the best seeds, we explore a variety of relevant topics to help you increase your yields and farm efficiency. This channel also provides reviews of the latest equipment, shares tips on land management, and provides the best solutions to challenges often faced by farmers.

We believe that sustainability and environmentally friendly farming practices are the key to a sustainable agricultural future. Therefore, we specifically highlight organic methods and green technologies that can improve the balance of agricultural ecosystems.","Facebook","https://www.facebook.com/PetaniDesaMandiri771","UCjQX6r71oYHPaxvHZ1clQZg","Dec 31, 2023","Indonesia","Petani Desa Mandiri","127","354883","https://www.youtube.com/channel/UCjQX6r71oYHPaxvHZ1clQZg",,"0",,"2024-10-06T00:00:00.000Z",,,,,,,"https://www.youtube.com/@PetaniDesaMandiri/shorts","4zN6WYvarcg",,"https://www.youtube.com/@PetaniDesaMandiri","false","false",,"3",,,"1740","2",,,"https://i.ytimg.com/vi/4zN6WYvarcg/oar2.jpg?sqp=-oaymwEdCJUDENAFSFWQAgHyq4qpAwwIARUAAIhCcAHAAQY=&rs=AOn4CLB13CViH9vPK7UeQCt1sMj5e66dFQ","Mesin Penyubur Tanah #song #hindisong #bollywood #motivasi  #petanidesamandiri #music","shorts","https://www.youtube.com/shorts/4zN6WYvarcg","455"
"https://yt3.googleusercontent.com/YKA8p0zEJst4vyVousz8CVTDze6m3qIlfOaBPqxnwoyv_GBEYbYxl0ZHGsqCi8NBp3Y5Wj2Nlw=s160-c-k-c0x00ffffff-no-rj","https://yt3.googleusercontent.com/ZA5BWq2AUkHb5YE7G3QeWFPXCQjX6TBFB_eOlAqHoouuRQL-0HK3jtdoLx7kcrH7GGoQynScnNs=w2560-fcrop64=1,00005a57ffffa5a8-k-c0xffffffff-no-nd-rj","Welcome to the Petani Desa Mandiri Channel
We are a loyal friend to farmers and farming enthusiasts who want to expand their knowledge of the dynamic world of agriculture. Here, we bring you informative, inspiring and practical content to guide you through every aspect of farm life.

From innovative farming techniques to a guide to selecting the best seeds, we explore a variety of relevant topics to help you increase your yields and farm efficiency. This channel also provides reviews of the latest equipment, shares tips on land management, and provides the best solutions to challenges often faced by farmers.

We believe that sustainability and environmentally friendly farming practices are the key to a sustainable agricultural future. Therefore, we specifically highlight organic methods and green technologies that can improve the balance of agricultural ecosystems.","Facebook","https://www.facebook.com/PetaniDesaMandiri771","UCjQX6r71oYHPaxvHZ1clQZg","Dec 31, 2023","Indonesia","Petani Desa Mandiri","127","354883","https://www.youtube.com/channel/UCjQX6r71oYHPaxvHZ1clQZg",,"0",,"2024-10-06T17:07:57.000Z",,,,,,,"https://www.youtube.com/@PetaniDesaMandiri/shorts","lkGzyv_folE",,"https://www.youtube.com/@PetaniDesaMandiri","false","false",,"6",,,"1740","1",,,"https://i.ytimg.com/vi/lkGzyv_folE/oar2.jpg?sqp=-oaymwEdCJUDENAFSFWQAgHyq4qpAwwIARUAAIhCcAHAAQY=&rs=AOn4CLBQ69lTsY8s1Ybiquzr5kfMoktzIQ","Petani Bawang Merah #music #song #bollywood #newsong  #petanibawangmerah #petanidesamandiri","shorts","https://www.youtube.com/shorts/lkGzyv_folE","489"
"https://yt3.googleusercontent.com/YKA8p0zEJst4vyVousz8CVTDze6m3qIlfOaBPqxnwoyv_GBEYbYxl0ZHGsqCi8NBp3Y5Wj2Nlw=s160-c-k-c0x00ffffff-no-rj","https://yt3.googleusercontent.com/ZA5BWq2AUkHb5YE7G3QeWFPXCQjX6TBFB_eOlAqHoouuRQL-0HK3jtdoLx7kcrH7GGoQynScnNs=w2560-fcrop64=1,00005a57ffffa5a8-k-c0xffffffff-no-nd-rj","Welcome to the Petani Desa Mandiri Channel
We are a loyal friend to farmers and farming enthusiasts who want to expand their knowledge of the dynamic world of agriculture. Here, we bring you informative, inspiring and practical content to guide you through every aspect of farm life.

From innovative farming techniques to a guide to selecting the best seeds, we explore a variety of relevant topics to help you increase your yields and farm efficiency. This channel also provides reviews of the latest equipment, shares tips on land management, and provides the best solutions to challenges often faced by farmers.

We believe that sustainability and environmentally friendly farming practices are the key to a sustainable agricultural future. Therefore, we specifically highlight organic methods and green technologies that can improve the balance of agricultural ecosystems.","Facebook","https://www.facebook.com/PetaniDesaMandiri771","UCjQX6r71oYHPaxvHZ1clQZg","Dec 31, 2023","Indonesia","Petani Desa Mandiri","127","354883","https://www.youtube.com/channel/UCjQX6r71oYHPaxvHZ1clQZg",,"0",,"2024-10-06T16:23:20.000Z",,,,,,,"https://www.youtube.com/@PetaniDesaMandiri/shorts","pdE4Jt4Kjy0",,"https://www.youtube.com/@PetaniDesaMandiri","false","false",,"4",,,"1740","3",,,"https://i.ytimg.com/vi/pdE4Jt4Kjy0/oar2.jpg?sqp=-oaymwEdCJUDENAFSFWQAgHyq4qpAwwIARUAAIhCcAHAAQY=&rs=AOn4CLA8Oxp02gc53yA3pOur4QNb1a1ZAg","Petani Padi #quotes #cintahalal #motivasi #tausyiahcinta #motivation #ustadzcinta","shorts","https://www.youtube.com/shorts/pdE4Jt4Kjy0","455"
"https://yt3.googleusercontent.com/YKA8p0zEJst4vyVousz8CVTDze6m3qIlfOaBPqxnwoyv_GBEYbYxl0ZHGsqCi8NBp3Y5Wj2Nlw=s160-c-k-c0x00ffffff-no-rj","https://yt3.googleusercontent.com/ZA5BWq2AUkHb5YE7G3QeWFPXCQjX6TBFB_eOlAqHoouuRQL-0HK3jtdoLx7kcrH7GGoQynScnNs=w2560-fcrop64=1,00005a57ffffa5a8-k-c0xffffffff-no-nd-rj","Welcome to the Petani Desa Mandiri Channel
We are a loyal friend to farmers and farming enthusiasts who want to expand their knowledge of the dynamic world of agriculture. Here, we bring you informative, inspiring and practical content to guide you through every aspect of farm life.

From innovative farming techniques to a guide to selecting the best seeds, we explore a variety of relevant topics to help you increase your yields and farm efficiency. This channel also provides reviews of the latest equipment, shares tips on land management, and provides the best solutions to challenges often faced by farmers.

We believe that sustainability and environmentally friendly farming practices are the key to a sustainable agricultural future. Therefore, we specifically highlight organic methods and green technologies that can improve the balance of agricultural ecosystems.","Facebook","https://www.facebook.com/PetaniDesaMandiri771","UCjQX6r71oYHPaxvHZ1clQZg","Dec 31, 2023","Indonesia","Petani Desa Mandiri","127","354883","https://www.youtube.com/channel/UCjQX6r71oYHPaxvHZ1clQZg",,"0",,"2024-10-04T00:00:00.000Z",,,,,,,"https://www.youtube.com/@PetaniDesaMandiri/shorts","TeKfEIKb3zo",,"https://www.youtube.com/@PetaniDesaMandiri","false","false",,"10",,,"1740","6",,,"https://i.ytimg.com/vi/TeKfEIKb3zo/oar2.jpg?sqp=-oaymwEdCJUDENAFSFWQAgHyq4qpAwwIARUAAIhCcAHAAQY=&rs=AOn4CLBPlorzWGp8or8iJ-_tPHE9sfTwwA","Mandikan sapi #petani #pertanian #berkebun #motivasi #motivation","shorts","https://www.youtube.com/shorts/TeKfEIKb3zo","822"
"https://yt3.googleusercontent.com/YKA8p0zEJst4vyVousz8CVTDze6m3qIlfOaBPqxnwoyv_GBEYbYxl0ZHGsqCi8NBp3Y5Wj2Nlw=s160-c-k-c0x00ffffff-no-rj","https://yt3.googleusercontent.com/ZA5BWq2AUkHb5YE7G3QeWFPXCQjX6TBFB_eOlAqHoouuRQL-0HK3jtdoLx7kcrH7GGoQynScnNs=w2560-fcrop64=1,00005a57ffffa5a8-k-c0xffffffff-no-nd-rj","Welcome to the Petani Desa Mandiri Channel
We are a loyal friend to farmers and farming enthusiasts who want to expand their knowledge of the dynamic world of agriculture. Here, we bring you informative, inspiring and practical content to guide you through every aspect of farm life.

From innovative farming techniques to a guide to selecting the best seeds, we explore a variety of relevant topics to help you increase your yields and farm efficiency. This channel also provides reviews of the latest equipment, shares tips on land management, and provides the best solutions to challenges often faced by farmers.

We believe that sustainability and environmentally friendly farming practices are the key to a sustainable agricultural future. Therefore, we specifically highlight organic methods and green technologies that can improve the balance of agricultural ecosystems.","Facebook","https://www.facebook.com/PetaniDesaMandiri771","UCjQX6r71oYHPaxvHZ1clQZg","Dec 31, 2023","Indonesia","Petani Desa Mandiri","127","354883","https://www.youtube.com/channel/UCjQX6r71oYHPaxvHZ1clQZg",,"2",,"2024-10-05T00:00:00.000Z",,,,,,,"https://www.youtube.com/@PetaniDesaMandiri/shorts","38oUj9IiTZQ",,"https://www.youtube.com/@PetaniDesaMandiri","false","false",,"6",,,"1740","4",,,"https://i.ytimg.com/vi/38oUj9IiTZQ/oar2.jpg?sqp=-oaymwEdCJUDENAFSFWQAgHyq4qpAwwIARUAAIhCcAHAAQY=&rs=AOn4CLBGMapRq1S9Izqa_ouNX_1JKS6W6g","Mesin pertanian #story #quotes #storywa #motivasi #masukberanda","shorts","https://www.youtube.com/shorts/38oUj9IiTZQ","465"
"https://yt3.googleusercontent.com/YKA8p0zEJst4vyVousz8CVTDze6m3qIlfOaBPqxnwoyv_GBEYbYxl0ZHGsqCi8NBp3Y5Wj2Nlw=s160-c-k-c0x00ffffff-no-rj","https://yt3.googleusercontent.com/ZA5BWq2AUkHb5YE7G3QeWFPXCQjX6TBFB_eOlAqHoouuRQL-0HK3jtdoLx7kcrH7GGoQynScnNs=w2560-fcrop64=1,00005a57ffffa5a8-k-c0xffffffff-no-nd-rj","Welcome to the Petani Desa Mandiri Channel
We are a loyal friend to farmers and farming enthusiasts who want to expand their knowledge of the dynamic world of agriculture. Here, we bring you informative, inspiring and practical content to guide you through every aspect of farm life.

From innovative farming techniques to a guide to selecting the best seeds, we explore a variety of relevant topics to help you increase your yields and farm efficiency. This channel also provides reviews of the latest equipment, shares tips on land management, and provides the best solutions to challenges often faced by farmers.

We believe that sustainability and environmentally friendly farming practices are the key to a sustainable agricultural future. Therefore, we specifically highlight organic methods and green technologies that can improve the balance of agricultural ecosystems.","Facebook","https://www.facebook.com/PetaniDesaMandiri771","UCjQX6r71oYHPaxvHZ1clQZg","Dec 31, 2023","Indonesia","Petani Desa Mandiri","127","354883","https://www.youtube.com/channel/UCjQX6r71oYHPaxvHZ1clQZg",,"0",,"2024-10-03T00:00:00.000Z",,,,,,,"https://www.youtube.com/@PetaniDesaMandiri/shorts","oqymBRTIeWU",,"https://www.youtube.com/@PetaniDesaMandiri","false","false",,"4",,,"1740","7",,,"https://i.ytimg.com/vi/oqymBRTIeWU/oar2.jpg?sqp=-oaymwEdCJUDENAFSFWQAgHyq4qpAwwIARUAAIhCcAHAAQY=&rs=AOn4CLCvpvDNhJVE0l3VflN6_Q4_-ZcgGw","Semoga Allah Memberi Ampunan Padamu #petanijagung #motivasi #petanipadi #sawah #fyp","shorts","https://www.youtube.com/shorts/oqymBRTIeWU","459"
"https://yt3.googleusercontent.com/YKA8p0zEJst4vyVousz8CVTDze6m3qIlfOaBPqxnwoyv_GBEYbYxl0ZHGsqCi8NBp3Y5Wj2Nlw=s160-c-k-c0x00ffffff-no-rj","https://yt3.googleusercontent.com/ZA5BWq2AUkHb5YE7G3QeWFPXCQjX6TBFB_eOlAqHoouuRQL-0HK3jtdoLx7kcrH7GGoQynScnNs=w2560-fcrop64=1,00005a57ffffa5a8-k-c0xffffffff-no-nd-rj","Welcome to the Petani Desa Mandiri Channel
We are a loyal friend to farmers and farming enthusiasts who want to expand their knowledge of the dynamic world of agriculture. Here, we bring you informative, inspiring and practical content to guide you through every aspect of farm life.

From innovative farming techniques to a guide to selecting the best seeds, we explore a variety of relevant topics to help you increase your yields and farm efficiency. This channel also provides reviews of the latest equipment, shares tips on land management, and provides the best solutions to challenges often faced by farmers.

We believe that sustainability and environmentally friendly farming practices are the key to a sustainable agricultural future. Therefore, we specifically highlight organic methods and green technologies that can improve the balance of agricultural ecosystems.","Facebook","https://www.facebook.com/PetaniDesaMandiri771","UCjQX6r71oYHPaxvHZ1clQZg","Dec 31, 2023","Indonesia","Petani Desa Mandiri","127","354883","https://www.youtube.com/channel/UCjQX6r71oYHPaxvHZ1clQZg",,"0",,"2024-10-03T00:00:00.000Z",,,,,,,"https://www.youtube.com/@PetaniDesaMandiri/shorts","VE7A8NuXV0s",,"https://www.youtube.com/@PetaniDesaMandiri","false","false",,"9",,,"1740","8",,,"https://i.ytimg.com/vi/VE7A8NuXV0s/oar2.jpg?sqp=-oaymwEdCJUDENAFSFWQAgHyq4qpAwwIARUAAIhCcAHAAQY=&rs=AOn4CLAdm5XFHgCsgbhopaUcmi4sIMdbdQ","Petani Padi #motivasi #katamotivasiislam #petanidesamandiri #selfreminder","shorts","https://www.youtube.com/shorts/VE7A8NuXV0s","447"
"https://yt3.googleusercontent.com/YKA8p0zEJst4vyVousz8CVTDze6m3qIlfOaBPqxnwoyv_GBEYbYxl0ZHGsqCi8NBp3Y5Wj2Nlw=s160-c-k-c0x00ffffff-no-rj","https://yt3.googleusercontent.com/ZA5BWq2AUkHb5YE7G3QeWFPXCQjX6TBFB_eOlAqHoouuRQL-0HK3jtdoLx7kcrH7GGoQynScnNs=w2560-fcrop64=1,00005a57ffffa5a8-k-c0xffffffff-no-nd-rj","Welcome to the Petani Desa Mandiri Channel
We are a loyal friend to farmers and farming enthusiasts who want to expand their knowledge of the dynamic world of agriculture. Here, we bring you informative, inspiring and practical content to guide you through every aspect of farm life.

From innovative farming techniques to a guide to selecting the best seeds, we explore a variety of relevant topics to help you increase your yields and farm efficiency. This channel also provides reviews of the latest equipment, shares tips on land management, and provides the best solutions to challenges often faced by farmers.

We believe that sustainability and environmentally friendly farming practices are the key to a sustainable agricultural future. Therefore, we specifically highlight organic methods and green technologies that can improve the balance of agricultural ecosystems.","Facebook","https://www.facebook.com/PetaniDesaMandiri771","UCjQX6r71oYHPaxvHZ1clQZg","Dec 31, 2023","Indonesia","Petani Desa Mandiri","127","354883","https://www.youtube.com/channel/UCjQX6r71oYHPaxvHZ1clQZg",,"1",,"2024-10-02T00:00:00.000Z",,,,,,,"https://www.youtube.com/@PetaniDesaMandiri/shorts","JI2lDOgHkmM",,"https://www.youtube.com/@PetaniDesaMandiri","false","false",,"8",,,"1740","11",,,"https://i.ytimg.com/vi/JI2lDOgHkmM/oar2.jpg?sqp=-oaymwEdCJUDENAFSFWQAgHyq4qpAwwIARUAAIhCcAHAAQY=&rs=AOn4CLDfsqUgkCd_kf_ig0sYTq9aAsng4Q","Pentingnya Makan #katamotivasiislam #motivasi #katakatamotivasiislam","shorts","https://www.youtube.com/shorts/JI2lDOgHkmM","525"
"https://yt3.googleusercontent.com/YKA8p0zEJst4vyVousz8CVTDze6m3qIlfOaBPqxnwoyv_GBEYbYxl0ZHGsqCi8NBp3Y5Wj2Nlw=s160-c-k-c0x00ffffff-no-rj","https://yt3.googleusercontent.com/ZA5BWq2AUkHb5YE7G3QeWFPXCQjX6TBFB_eOlAqHoouuRQL-0HK3jtdoLx7kcrH7GGoQynScnNs=w2560-fcrop64=1,00005a57ffffa5a8-k-c0xffffffff-no-nd-rj","Welcome to the Petani Desa Mandiri Channel
We are a loyal friend to farmers and farming enthusiasts who want to expand their knowledge of the dynamic world of agriculture. Here, we bring you informative, inspiring and practical content to guide you through every aspect of farm life.

From innovative farming techniques to a guide to selecting the best seeds, we explore a variety of relevant topics to help you increase your yields and farm efficiency. This channel also provides reviews of the latest equipment, shares tips on land management, and provides the best solutions to challenges often faced by farmers.

We believe that sustainability and environmentally friendly farming practices are the key to a sustainable agricultural future. Therefore, we specifically highlight organic methods and green technologies that can improve the balance of agricultural ecosystems.","Facebook","https://www.facebook.com/PetaniDesaMandiri771","UCjQX6r71oYHPaxvHZ1clQZg","Dec 31, 2023","Indonesia","Petani Desa Mandiri","127","354883","https://www.youtube.com/channel/UCjQX6r71oYHPaxvHZ1clQZg",,"0",,"2024-10-03T00:14:41.000Z",,,,,,,"https://www.youtube.com/@PetaniDesaMandiri/shorts","gd8kGavIf3M",,"https://www.youtube.com/@PetaniDesaMandiri","false","false",,"8",,,"1740","10",,,"https://i.ytimg.com/vi/gd8kGavIf3M/oar2.jpg?sqp=-oaymwEdCJUDENAFSFWQAgHyq4qpAwwIARUAAIhCcAHAAQY=&rs=AOn4CLBayacBZ7UBsHUBuUm5tAjM7bpgCA","Jaga Aklhaq dan Moralmu #petanimuda #quoetepetani #motivasi #motivation","shorts","https://www.youtube.com/shorts/gd8kGavIf3M","657"
"https://yt3.googleusercontent.com/YKA8p0zEJst4vyVousz8CVTDze6m3qIlfOaBPqxnwoyv_GBEYbYxl0ZHGsqCi8NBp3Y5Wj2Nlw=s160-c-k-c0x00ffffff-no-rj","https://yt3.googleusercontent.com/ZA5BWq2AUkHb5YE7G3QeWFPXCQjX6TBFB_eOlAqHoouuRQL-0HK3jtdoLx7kcrH7GGoQynScnNs=w2560-fcrop64=1,00005a57ffffa5a8-k-c0xffffffff-no-nd-rj","Welcome to the Petani Desa Mandiri Channel
We are a loyal friend to farmers and farming enthusiasts who want to expand their knowledge of the dynamic world of agriculture. Here, we bring you informative, inspiring and practical content to guide you through every aspect of farm life.

From innovative farming techniques to a guide to selecting the best seeds, we explore a variety of relevant topics to help you increase your yields and farm efficiency. This channel also provides reviews of the latest equipment, shares tips on land management, and provides the best solutions to challenges often faced by farmers.

We believe that sustainability and environmentally friendly farming practices are the key to a sustainable agricultural future. Therefore, we specifically highlight organic methods and green technologies that can improve the balance of agricultural ecosystems.","Facebook","https://www.facebook.com/PetaniDesaMandiri771","UCjQX6r71oYHPaxvHZ1clQZg","Dec 31, 2023","Indonesia","Petani Desa Mandiri","127","354883","https://www.youtube.com/channel/UCjQX6r71oYHPaxvHZ1clQZg",,"2",,"2024-10-02T00:00:00.000Z",,,,,,,"https://www.youtube.com/@PetaniDesaMandiri/shorts","qnvHSPSg1pQ",,"https://www.youtube.com/@PetaniDesaMandiri","false","false",,"29",,,"1740","13",,,"https://i.ytimg.com/vi/qnvHSPSg1pQ/oar2.jpg?sqp=-oaymwEdCJUDENAFSFWQAgHyq4qpAwwIARUAAIhCcAHAAQY=&rs=AOn4CLBiPoh1dj9MhG-cfS60ohBnHhMMkA","Perbanyak Istighfar #quotes #katabijak #motivasihidup #inspirasi #petanimuda","shorts","https://www.youtube.com/shorts/qnvHSPSg1pQ","1128"
"https://yt3.googleusercontent.com/YKA8p0zEJst4vyVousz8CVTDze6m3qIlfOaBPqxnwoyv_GBEYbYxl0ZHGsqCi8NBp3Y5Wj2Nlw=s160-c-k-c0x00ffffff-no-rj","https://yt3.googleusercontent.com/ZA5BWq2AUkHb5YE7G3QeWFPXCQjX6TBFB_eOlAqHoouuRQL-0HK3jtdoLx7kcrH7GGoQynScnNs=w2560-fcrop64=1,00005a57ffffa5a8-k-c0xffffffff-no-nd-rj","Welcome to the Petani Desa Mandiri Channel
We are a loyal friend to farmers and farming enthusiasts who want to expand their knowledge of the dynamic world of agriculture. Here, we bring you informative, inspiring and practical content to guide you through every aspect of farm life.

From innovative farming techniques to a guide to selecting the best seeds, we explore a variety of relevant topics to help you increase your yields and farm efficiency. This channel also provides reviews of the latest equipment, shares tips on land management, and provides the best solutions to challenges often faced by farmers.

We believe that sustainability and environmentally friendly farming practices are the key to a sustainable agricultural future. Therefore, we specifically highlight organic methods and green technologies that can improve the balance of agricultural ecosystems.","Facebook","https://www.facebook.com/PetaniDesaMandiri771","UCjQX6r71oYHPaxvHZ1clQZg","Dec 31, 2023","Indonesia","Petani Desa Mandiri","127","354883","https://www.youtube.com/channel/UCjQX6r71oYHPaxvHZ1clQZg",,"2",,"2024-10-02T00:00:00.000Z",,,,,,,"https://www.youtube.com/@PetaniDesaMandiri/shorts","2YqRWU4O8pY",,"https://www.youtube.com/@PetaniDesaMandiri","false","false",,"19",,,"1740","12",,,"https://i.ytimg.com/vi/2YqRWU4O8pY/oar2.jpg?sqp=-oaymwEdCJUDENAFSFWQAgHyq4qpAwwIARUAAIhCcAHAAQY=&rs=AOn4CLA4ic8KwVut9J-bv2AT8_pVxQ3n1Q","Air tak selamanya keruh #motivasi #motivation #storywa #katakatabijak #motivasidiri","shorts","https://www.youtube.com/shorts/2YqRWU4O8pY","1061"
"https://yt3.googleusercontent.com/YKA8p0zEJst4vyVousz8CVTDze6m3qIlfOaBPqxnwoyv_GBEYbYxl0ZHGsqCi8NBp3Y5Wj2Nlw=s160-c-k-c0x00ffffff-no-rj","https://yt3.googleusercontent.com/ZA5BWq2AUkHb5YE7G3QeWFPXCQjX6TBFB_eOlAqHoouuRQL-0HK3jtdoLx7kcrH7GGoQynScnNs=w2560-fcrop64=1,00005a57ffffa5a8-k-c0xffffffff-no-nd-rj","Welcome to the Petani Desa Mandiri Channel
We are a loyal friend to farmers and farming enthusiasts who want to expand their knowledge of the dynamic world of agriculture. Here, we bring you informative, inspiring and practical content to guide you through every aspect of farm life.

From innovative farming techniques to a guide to selecting the best seeds, we explore a variety of relevant topics to help you increase your yields and farm efficiency. This channel also provides reviews of the latest equipment, shares tips on land management, and provides the best solutions to challenges often faced by farmers.

We believe that sustainability and environmentally friendly farming practices are the key to a sustainable agricultural future. Therefore, we specifically highlight organic methods and green technologies that can improve the balance of agricultural ecosystems.","Facebook","https://www.facebook.com/PetaniDesaMandiri771","UCjQX6r71oYHPaxvHZ1clQZg","Dec 31, 2023","Indonesia","Petani Desa Mandiri","127","354883","https://www.youtube.com/channel/UCjQX6r71oYHPaxvHZ1clQZg",,"0",,"2024-10-01T00:00:00.000Z",,,,,,,"https://www.youtube.com/@PetaniDesaMandiri/shorts","4q3-jf1eS10",,"https://www.youtube.com/@PetaniDesaMandiri","false","false",,"0",,,"1740","15",,,"https://i.ytimg.com/vi/4q3-jf1eS10/oar2.jpg?sqp=-oaymwEdCJUDENAFSFWQAgHyq4qpAwwIARUAAIhCcAHAAQY=&rs=AOn4CLCToSeQmjyjNHwgaIRWjTKVaw0cnQ","Fokus ke gergajinya #gergajiserkelpiringan #gergaji_mesin_indonesia #gergaji_serkel_jalan","shorts","https://www.youtube.com/shorts/4q3-jf1eS10","455"
"https://yt3.googleusercontent.com/YKA8p0zEJst4vyVousz8CVTDze6m3qIlfOaBPqxnwoyv_GBEYbYxl0ZHGsqCi8NBp3Y5Wj2Nlw=s160-c-k-c0x00ffffff-no-rj","https://yt3.googleusercontent.com/ZA5BWq2AUkHb5YE7G3QeWFPXCQjX6TBFB_eOlAqHoouuRQL-0HK3jtdoLx7kcrH7GGoQynScnNs=w2560-fcrop64=1,00005a57ffffa5a8-k-c0xffffffff-no-nd-rj","Welcome to the Petani Desa Mandiri Channel
We are a loyal friend to farmers and farming enthusiasts who want to expand their knowledge of the dynamic world of agriculture. Here, we bring you informative, inspiring and practical content to guide you through every aspect of farm life.

From innovative farming techniques to a guide to selecting the best seeds, we explore a variety of relevant topics to help you increase your yields and farm efficiency. This channel also provides reviews of the latest equipment, shares tips on land management, and provides the best solutions to challenges often faced by farmers.

We believe that sustainability and environmentally friendly farming practices are the key to a sustainable agricultural future. Therefore, we specifically highlight organic methods and green technologies that can improve the balance of agricultural ecosystems.","Facebook","https://www.facebook.com/PetaniDesaMandiri771","UCjQX6r71oYHPaxvHZ1clQZg","Dec 31, 2023","Indonesia","Petani Desa Mandiri","127","354883","https://www.youtube.com/channel/UCjQX6r71oYHPaxvHZ1clQZg",,"0",,"2024-10-01T00:00:00.000Z",,,,,,,"https://www.youtube.com/@PetaniDesaMandiri/shorts","rEsW-rozo-A",,"https://www.youtube.com/@PetaniDesaMandiri","false","false",,"7",,,"1740","16",,,"https://i.ytimg.com/vi/rEsW-rozo-A/oar2.jpg?sqp=-oaymwEdCJUDENAFSFWQAgHyq4qpAwwIARUAAIhCcAHAAQY=&rs=AOn4CLAF6ArnsItuC6kJZMmJrFKbGrYrhg","Gerjaji Mesin Agak Maksa #alatperkebunan #alatberat #sandsatisfying","shorts","https://www.youtube.com/shorts/rEsW-rozo-A","875"
"https://yt3.googleusercontent.com/YKA8p0zEJst4vyVousz8CVTDze6m3qIlfOaBPqxnwoyv_GBEYbYxl0ZHGsqCi8NBp3Y5Wj2Nlw=s160-c-k-c0x00ffffff-no-rj","https://yt3.googleusercontent.com/ZA5BWq2AUkHb5YE7G3QeWFPXCQjX6TBFB_eOlAqHoouuRQL-0HK3jtdoLx7kcrH7GGoQynScnNs=w2560-fcrop64=1,00005a57ffffa5a8-k-c0xffffffff-no-nd-rj","Welcome to the Petani Desa Mandiri Channel
We are a loyal friend to farmers and farming enthusiasts who want to expand their knowledge of the dynamic world of agriculture. Here, we bring you informative, inspiring and practical content to guide you through every aspect of farm life.

From innovative farming techniques to a guide to selecting the best seeds, we explore a variety of relevant topics to help you increase your yields and farm efficiency. This channel also provides reviews of the latest equipment, shares tips on land management, and provides the best solutions to challenges often faced by farmers.

We believe that sustainability and environmentally friendly farming practices are the key to a sustainable agricultural future. Therefore, we specifically highlight organic methods and green technologies that can improve the balance of agricultural ecosystems.","Facebook","https://www.facebook.com/PetaniDesaMandiri771","UCjQX6r71oYHPaxvHZ1clQZg","Dec 31, 2023","Indonesia","Petani Desa Mandiri","127","354883","https://www.youtube.com/channel/UCjQX6r71oYHPaxvHZ1clQZg",,"0",,"2024-10-01T00:00:00.000Z",,,,,,,"https://www.youtube.com/@PetaniDesaMandiri/shorts","8zFH8c7Oa-Y",,"https://www.youtube.com/@PetaniDesaMandiri","false","false",,"11",,,"1740","17",,,"https://i.ytimg.com/vi/8zFH8c7Oa-Y/oardefault.jpg?sqp=-oaymwEdCJUDENAFSFWQAgHyq4qpAwwIARUAAIhCcAHAAQY=&rs=AOn4CLDO0sGLvuxDP1ac3uAGrfnzJr7Mnw","Yakinlah Kepada Alloh #motivation #katamotivasiislam #katakatamotivasiislam #katakatabijakislam","shorts","https://www.youtube.com/shorts/8zFH8c7Oa-Y","556"
"https://yt3.googleusercontent.com/YKA8p0zEJst4vyVousz8CVTDze6m3qIlfOaBPqxnwoyv_GBEYbYxl0ZHGsqCi8NBp3Y5Wj2Nlw=s160-c-k-c0x00ffffff-no-rj","https://yt3.googleusercontent.com/ZA5BWq2AUkHb5YE7G3QeWFPXCQjX6TBFB_eOlAqHoouuRQL-0HK3jtdoLx7kcrH7GGoQynScnNs=w2560-fcrop64=1,00005a57ffffa5a8-k-c0xffffffff-no-nd-rj","Welcome to the Petani Desa Mandiri Channel
We are a loyal friend to farmers and farming enthusiasts who want to expand their knowledge of the dynamic world of agriculture. Here, we bring you informative, inspiring and practical content to guide you through every aspect of farm life.

From innovative farming techniques to a guide to selecting the best seeds, we explore a variety of relevant topics to help you increase your yields and farm efficiency. This channel also provides reviews of the latest equipment, shares tips on land management, and provides the best solutions to challenges often faced by farmers.

We believe that sustainability and environmentally friendly farming practices are the key to a sustainable agricultural future. Therefore, we specifically highlight organic methods and green technologies that can improve the balance of agricultural ecosystems.","Facebook","https://www.facebook.com/PetaniDesaMandiri771","UCjQX6r71oYHPaxvHZ1clQZg","Dec 31, 2023","Indonesia","Petani Desa Mandiri","127","354883","https://www.youtube.com/channel/UCjQX6r71oYHPaxvHZ1clQZg",,"0",,"2024-09-30T23:00:31.000Z",,,,,,,"https://www.youtube.com/@PetaniDesaMandiri/shorts","Yj5mI_w4478",,"https://www.youtube.com/@PetaniDesaMandiri","false","false",,"7",,,"1740","19",,,"https://i.ytimg.com/vi/Yj5mI_w4478/oar2.jpg?sqp=-oaymwEdCJUDENAFSFWQAgHyq4qpAwwIARUAAIhCcAHAAQY=&rs=AOn4CLA3-pLDrHbPZ26qO9IdzWY9Z2Pi_g","Bacalah dirimu sendiri #motivasihidup #inspirasi #unik #katakatamotivasibelajar","shorts","https://www.youtube.com/shorts/Yj5mI_w4478","808"
"https://yt3.googleusercontent.com/YKA8p0zEJst4vyVousz8CVTDze6m3qIlfOaBPqxnwoyv_GBEYbYxl0ZHGsqCi8NBp3Y5Wj2Nlw=s160-c-k-c0x00ffffff-no-rj","https://yt3.googleusercontent.com/ZA5BWq2AUkHb5YE7G3QeWFPXCQjX6TBFB_eOlAqHoouuRQL-0HK3jtdoLx7kcrH7GGoQynScnNs=w2560-fcrop64=1,00005a57ffffa5a8-k-c0xffffffff-no-nd-rj","Welcome to the Petani Desa Mandiri Channel
We are a loyal friend to farmers and farming enthusiasts who want to expand their knowledge of the dynamic world of agriculture. Here, we bring you informative, inspiring and practical content to guide you through every aspect of farm life.

From innovative farming techniques to a guide to selecting the best seeds, we explore a variety of relevant topics to help you increase your yields and farm efficiency. This channel also provides reviews of the latest equipment, shares tips on land management, and provides the best solutions to challenges often faced by farmers.

We believe that sustainability and environmentally friendly farming practices are the key to a sustainable agricultural future. Therefore, we specifically highlight organic methods and green technologies that can improve the balance of agricultural ecosystems.","Facebook","https://www.facebook.com/PetaniDesaMandiri771","UCjQX6r71oYHPaxvHZ1clQZg","Dec 31, 2023","Indonesia","Petani Desa Mandiri","127","354883","https://www.youtube.com/channel/UCjQX6r71oYHPaxvHZ1clQZg",,"0",,"2024-10-01T05:57:27.000Z",,,,,,,"https://www.youtube.com/@PetaniDesaMandiri/shorts","aj-ztTALNq8",,"https://www.youtube.com/@PetaniDesaMandiri","false","false",,"27",,,"1740","18",,,"https://i.ytimg.com/vi/aj-ztTALNq8/oar2.jpg?sqp=-oaymwEdCJUDENAFSFWQAgHyq4qpAwwIARUAAIhCcAHAAQY=&rs=AOn4CLAcAx48soy7u13k-s0S9tWGU5aQEg","Jangan Membenci Pemberian Alloh #katakatabijak #katabijak #motivation #shortviral #quotesislami","shorts","https://www.youtube.com/shorts/aj-ztTALNq8","2117"
"https://yt3.googleusercontent.com/YKA8p0zEJst4vyVousz8CVTDze6m3qIlfOaBPqxnwoyv_GBEYbYxl0ZHGsqCi8NBp3Y5Wj2Nlw=s160-c-k-c0x00ffffff-no-rj","https://yt3.googleusercontent.com/ZA5BWq2AUkHb5YE7G3QeWFPXCQjX6TBFB_eOlAqHoouuRQL-0HK3jtdoLx7kcrH7GGoQynScnNs=w2560-fcrop64=1,00005a57ffffa5a8-k-c0xffffffff-no-nd-rj","Welcome to the Petani Desa Mandiri Channel
We are a loyal friend to farmers and farming enthusiasts who want to expand their knowledge of the dynamic world of agriculture. Here, we bring you informative, inspiring and practical content to guide you through every aspect of farm life.

From innovative farming techniques to a guide to selecting the best seeds, we explore a variety of relevant topics to help you increase your yields and farm efficiency. This channel also provides reviews of the latest equipment, shares tips on land management, and provides the best solutions to challenges often faced by farmers.

We believe that sustainability and environmentally friendly farming practices are the key to a sustainable agricultural future. Therefore, we specifically highlight organic methods and green technologies that can improve the balance of agricultural ecosystems.","Facebook","https://www.facebook.com/PetaniDesaMandiri771","UCjQX6r71oYHPaxvHZ1clQZg","Dec 31, 2023","Indonesia","Petani Desa Mandiri","127","354883","https://www.youtube.com/channel/UCjQX6r71oYHPaxvHZ1clQZg",,"2",,"2024-10-03T10:47:01.000Z",,,,,,,"https://www.youtube.com/@PetaniDesaMandiri/shorts","32lwx648XGk",,"https://www.youtube.com/@PetaniDesaMandiri","false","false",,"5",,,"1740","9",,,"https://i.ytimg.com/vi/32lwx648XGk/oar2.jpg?sqp=-oaymwEdCJUDENAFSFWQAgHyq4qpAwwIARUAAIhCcAHAAQY=&rs=AOn4CLBFzOcEekzBuLiZLmuZR4ixNVzAog","Jadi Petani Akhirnya #petani #pertanian #berkebun #inspirasi","shorts","https://www.youtube.com/shorts/32lwx648XGk","592"
