﻿"channelAvatarUrl","channelBannerUrl","channelDescription","channelId","channelJoinedDate","channelLocation","channelName","channelTotalVideos","channelTotalViews","channelUrl","comments","commentsCount","commentsTurnedOff","date","descriptionLinks","duration","fromYTUrl","id","input","inputChannelUrl","isAgeRestricted","isChannelVerified","isMonetized","likes","location","note","numberOfSubscribers","order","subtitles","text","thumbnailUrl","title","type","url","viewCount"
,,,,,,,,,,,,,,,,,,"https://www.youtube.com/@IjunChannelBintangAsia",,,,,,,"The channel has no live videos.",,,,,,,,"https://www.youtube.com/@IjunChannelBintangAsia/about",
"https://yt3.googleusercontent.com/-eLLsRb4Uk9WIz-1mU0sfD2kUSKDcBpxvwLNaxoo5nh8SQkcRdmaoDN-AjB_MUeHbT_zpykTF5Q=s160-c-k-c0x00ffffff-no-rj","https://yt3.googleusercontent.com/v-cvSIUgxxDrJpDooECDLFN1LYWfgOtFkvcGtXTv4ww_qoOmquicfkXFK1IGU_8fP6jNd6gFXg=w2560-fcrop64=1,00005a57ffffa5a8-k-c0xffffffff-no-nd-rj","Chanel ini berisi tentang dunia pertanian","UC2ykkCz_Jcei_upCvHXlK4Q","Apr 23, 2016","Indonesia","Ijun Channel Bintang Asia","149","179911","https://www.youtube.com/channel/UC2ykkCz_Jcei_upCvHXlK4Q",,"0","false","2024-10-05T14:45:02.000Z",,"00:10:32","https://www.youtube.com/@IjunChannelBintangAsia/videos","chzSfDTdprg",,"https://www.youtube.com/@IjunChannelBintangAsia","false","false",,"3",,,"772",,,"","https://i.ytimg.com/vi/chzSfDTdprg/maxresdefault.jpg?sqp=-oaymwEmCIAKENAF8quKqQMa8AEB-AH-CYAC0AWKAgwIABABGGUgWihJMA8=&rs=AOn4CLBowzWd9N2JshNORwgErRDWhUNwyQ","PENYULUHAN DI DESA GEDANGAN KEC. MOJOWARNO KAB. JOMBANG","video","https://www.youtube.com/watch?v=chzSfDTdprg","63"
"https://yt3.googleusercontent.com/-eLLsRb4Uk9WIz-1mU0sfD2kUSKDcBpxvwLNaxoo5nh8SQkcRdmaoDN-AjB_MUeHbT_zpykTF5Q=s160-c-k-c0x00ffffff-no-rj","https://yt3.googleusercontent.com/v-cvSIUgxxDrJpDooECDLFN1LYWfgOtFkvcGtXTv4ww_qoOmquicfkXFK1IGU_8fP6jNd6gFXg=w2560-fcrop64=1,00005a57ffffa5a8-k-c0xffffffff-no-nd-rj","Chanel ini berisi tentang dunia pertanian","UC2ykkCz_Jcei_upCvHXlK4Q","Apr 23, 2016","Indonesia","Ijun Channel Bintang Asia","149","179911","https://www.youtube.com/channel/UC2ykkCz_Jcei_upCvHXlK4Q",,"3","false","2024-10-10T04:39:48.000Z",,"00:02:36","https://www.youtube.com/@IjunChannelBintangAsia/videos","Isaiu73PQAg",,"https://www.youtube.com/@IjunChannelBintangAsia","false","false",,"3",,,"772",,,"","https://i.ytimg.com/vi/Isaiu73PQAg/hqdefault.jpg","PROSES KASTRASI DAN POLINASI TANAMAN TOMAT DAN CABAI DI PT. BENIH CITRA ASIA","video","https://www.youtube.com/watch?v=Isaiu73PQAg","24"
"https://yt3.googleusercontent.com/-eLLsRb4Uk9WIz-1mU0sfD2kUSKDcBpxvwLNaxoo5nh8SQkcRdmaoDN-AjB_MUeHbT_zpykTF5Q=s160-c-k-c0x00ffffff-no-rj","https://yt3.googleusercontent.com/v-cvSIUgxxDrJpDooECDLFN1LYWfgOtFkvcGtXTv4ww_qoOmquicfkXFK1IGU_8fP6jNd6gFXg=w2560-fcrop64=1,00005a57ffffa5a8-k-c0xffffffff-no-nd-rj","Chanel ini berisi tentang dunia pertanian","UC2ykkCz_Jcei_upCvHXlK4Q","Apr 23, 2016","Indonesia","Ijun Channel Bintang Asia","149","179911","https://www.youtube.com/channel/UC2ykkCz_Jcei_upCvHXlK4Q",,"0","false","2024-10-09T12:37:22.000Z",,"00:02:28","https://www.youtube.com/@IjunChannelBintangAsia/videos","Uav5heWG15c",,"https://www.youtube.com/@IjunChannelBintangAsia","false","false",,"1",,,"772",,,"","https://i.ytimg.com/vi/Uav5heWG15c/hqdefault.jpg","BENIH JAGUNG DAN PADI!! PROSES PENANGANAN BENIH DARI AWAL SAMPAI AKHIR","video","https://www.youtube.com/watch?v=Uav5heWG15c","10"
"https://yt3.googleusercontent.com/-eLLsRb4Uk9WIz-1mU0sfD2kUSKDcBpxvwLNaxoo5nh8SQkcRdmaoDN-AjB_MUeHbT_zpykTF5Q=s160-c-k-c0x00ffffff-no-rj","https://yt3.googleusercontent.com/v-cvSIUgxxDrJpDooECDLFN1LYWfgOtFkvcGtXTv4ww_qoOmquicfkXFK1IGU_8fP6jNd6gFXg=w2560-fcrop64=1,00005a57ffffa5a8-k-c0xffffffff-no-nd-rj","Chanel ini berisi tentang dunia pertanian","UC2ykkCz_Jcei_upCvHXlK4Q","Apr 23, 2016","Indonesia","Ijun Channel Bintang Asia","149","179911","https://www.youtube.com/channel/UC2ykkCz_Jcei_upCvHXlK4Q",,"8","false","2024-09-12T10:15:53.000Z",,"00:02:26","https://www.youtube.com/@IjunChannelBintangAsia/videos","WCGbHVvea8Q",,"https://www.youtube.com/@IjunChannelBintangAsia","false","false",,"10",,,"772",,,"","https://i.ytimg.com/vi/WCGbHVvea8Q/maxresdefault.jpg?sqp=-oaymwEmCIAKENAF8quKqQMa8AEB-AH-CYAC0AWKAgwIABABGFogZShQMA8=&rs=AOn4CLDmGyR0HSlSQBOD2cNQHXRjr2ce7w","REVIEW CABAI BESAR HAGAN F1 DARI BINTANG ASIA","video","https://www.youtube.com/watch?v=WCGbHVvea8Q","378"
"https://yt3.googleusercontent.com/-eLLsRb4Uk9WIz-1mU0sfD2kUSKDcBpxvwLNaxoo5nh8SQkcRdmaoDN-AjB_MUeHbT_zpykTF5Q=s160-c-k-c0x00ffffff-no-rj","https://yt3.googleusercontent.com/v-cvSIUgxxDrJpDooECDLFN1LYWfgOtFkvcGtXTv4ww_qoOmquicfkXFK1IGU_8fP6jNd6gFXg=w2560-fcrop64=1,00005a57ffffa5a8-k-c0xffffffff-no-nd-rj","Chanel ini berisi tentang dunia pertanian","UC2ykkCz_Jcei_upCvHXlK4Q","Apr 23, 2016","Indonesia","Ijun Channel Bintang Asia","149","179911","https://www.youtube.com/channel/UC2ykkCz_Jcei_upCvHXlK4Q",,"2","false","2024-09-11T12:25:22.000Z",,"00:03:04","https://www.youtube.com/@IjunChannelBintangAsia/videos","2_3DmgpOjs8",,"https://www.youtube.com/@IjunChannelBintangAsia","false","false",,"5",,,"772",,,"","https://i.ytimg.com/vi/2_3DmgpOjs8/maxresdefault.jpg","JAGUNG HIBRIDA BETRAS 10. TESTIMONI LANGSUNG DARI PETANI","video","https://www.youtube.com/watch?v=2_3DmgpOjs8","289"
"https://yt3.googleusercontent.com/-eLLsRb4Uk9WIz-1mU0sfD2kUSKDcBpxvwLNaxoo5nh8SQkcRdmaoDN-AjB_MUeHbT_zpykTF5Q=s160-c-k-c0x00ffffff-no-rj","https://yt3.googleusercontent.com/v-cvSIUgxxDrJpDooECDLFN1LYWfgOtFkvcGtXTv4ww_qoOmquicfkXFK1IGU_8fP6jNd6gFXg=w2560-fcrop64=1,00005a57ffffa5a8-k-c0xffffffff-no-nd-rj","Chanel ini berisi tentang dunia pertanian","UC2ykkCz_Jcei_upCvHXlK4Q","Apr 23, 2016","Indonesia","Ijun Channel Bintang Asia","149","179911","https://www.youtube.com/channel/UC2ykkCz_Jcei_upCvHXlK4Q",,"0","false","2024-10-10T12:06:32.000Z",,"00:02:33","https://www.youtube.com/@IjunChannelBintangAsia/videos","Xo7JAAVtVWs",,"https://www.youtube.com/@IjunChannelBintangAsia","false","false",,"1",,,"772",,,"","https://i.ytimg.com/vi/Xo7JAAVtVWs/hqdefault.jpg","JAGUNG HIBRIDA BETRAS 18","video","https://www.youtube.com/watch?v=Xo7JAAVtVWs","36"
"https://yt3.googleusercontent.com/-eLLsRb4Uk9WIz-1mU0sfD2kUSKDcBpxvwLNaxoo5nh8SQkcRdmaoDN-AjB_MUeHbT_zpykTF5Q=s160-c-k-c0x00ffffff-no-rj","https://yt3.googleusercontent.com/v-cvSIUgxxDrJpDooECDLFN1LYWfgOtFkvcGtXTv4ww_qoOmquicfkXFK1IGU_8fP6jNd6gFXg=w2560-fcrop64=1,00005a57ffffa5a8-k-c0xffffffff-no-nd-rj","Chanel ini berisi tentang dunia pertanian","UC2ykkCz_Jcei_upCvHXlK4Q","Apr 23, 2016","Indonesia","Ijun Channel Bintang Asia","149","179911","https://www.youtube.com/channel/UC2ykkCz_Jcei_upCvHXlK4Q",,"6","false","2024-10-07T14:43:05.000Z",,"00:01:49","https://www.youtube.com/@IjunChannelBintangAsia/videos","wh9JFJtJ_nI",,"https://www.youtube.com/@IjunChannelBintangAsia","false","false",,"4",,,"772",,,"","https://i.ytimg.com/vi/wh9JFJtJ_nI/maxresdefault.jpg?sqp=-oaymwEmCIAKENAF8quKqQMa8AEB-AH-CYAC0AWKAgwIABABGGUgUyhMMA8=&rs=AOn4CLDP4QuJhapr8x22ZsvKdnhzCPwctQ","BOOTCAMP INFLUENCER HARI 1. PART 1 AULA PT. BENIH CITRA ASIA","video","https://www.youtube.com/watch?v=wh9JFJtJ_nI","33"
"https://yt3.googleusercontent.com/-eLLsRb4Uk9WIz-1mU0sfD2kUSKDcBpxvwLNaxoo5nh8SQkcRdmaoDN-AjB_MUeHbT_zpykTF5Q=s160-c-k-c0x00ffffff-no-rj","https://yt3.googleusercontent.com/v-cvSIUgxxDrJpDooECDLFN1LYWfgOtFkvcGtXTv4ww_qoOmquicfkXFK1IGU_8fP6jNd6gFXg=w2560-fcrop64=1,00005a57ffffa5a8-k-c0xffffffff-no-nd-rj","Chanel ini berisi tentang dunia pertanian","UC2ykkCz_Jcei_upCvHXlK4Q","Apr 23, 2016","Indonesia","Ijun Channel Bintang Asia","149","179911","https://www.youtube.com/channel/UC2ykkCz_Jcei_upCvHXlK4Q",,"4",,"2024-09-03T00:00:00.000Z",,,"https://www.youtube.com/@IjunChannelBintangAsia/shorts","LgDhy1A2H6M",,"https://www.youtube.com/@IjunChannelBintangAsia","false","false",,"2",,,"772","12",,,"https://i.ytimg.com/vi/LgDhy1A2H6M/oardefault.jpg?sqp=-oaymwEdCJUDENAFSFWQAgHyq4qpAwwIARUAAIhCcAHAAQY=&rs=AOn4CLCwChRPDktFv-ZweuydJrjXKzHwkw","Jagung hibrida betras 10","shorts","https://www.youtube.com/shorts/LgDhy1A2H6M","555"
"https://yt3.googleusercontent.com/-eLLsRb4Uk9WIz-1mU0sfD2kUSKDcBpxvwLNaxoo5nh8SQkcRdmaoDN-AjB_MUeHbT_zpykTF5Q=s160-c-k-c0x00ffffff-no-rj","https://yt3.googleusercontent.com/v-cvSIUgxxDrJpDooECDLFN1LYWfgOtFkvcGtXTv4ww_qoOmquicfkXFK1IGU_8fP6jNd6gFXg=w2560-fcrop64=1,00005a57ffffa5a8-k-c0xffffffff-no-nd-rj","Chanel ini berisi tentang dunia pertanian","UC2ykkCz_Jcei_upCvHXlK4Q","Apr 23, 2016","Indonesia","Ijun Channel Bintang Asia","149","179911","https://www.youtube.com/channel/UC2ykkCz_Jcei_upCvHXlK4Q",,"0",,"2024-09-14T00:00:00.000Z",,,"https://www.youtube.com/@IjunChannelBintangAsia/shorts","l9HT0mqs-4A",,"https://www.youtube.com/@IjunChannelBintangAsia","false","false",,"2",,,"772","9",,,"https://i.ytimg.com/vi/l9HT0mqs-4A/oar2.jpg?sqp=-oaymwEdCJUDENAFSFWQAgHyq4qpAwwIARUAAIhCcAHAAQY=&rs=AOn4CLB5JFBUhv93u311dkXG1Lc8FMZxRA","Alasan bpk kamim menanam semangma maduri","shorts","https://www.youtube.com/shorts/l9HT0mqs-4A","1210"
"https://yt3.googleusercontent.com/-eLLsRb4Uk9WIz-1mU0sfD2kUSKDcBpxvwLNaxoo5nh8SQkcRdmaoDN-AjB_MUeHbT_zpykTF5Q=s160-c-k-c0x00ffffff-no-rj","https://yt3.googleusercontent.com/v-cvSIUgxxDrJpDooECDLFN1LYWfgOtFkvcGtXTv4ww_qoOmquicfkXFK1IGU_8fP6jNd6gFXg=w2560-fcrop64=1,00005a57ffffa5a8-k-c0xffffffff-no-nd-rj","Chanel ini berisi tentang dunia pertanian","UC2ykkCz_Jcei_upCvHXlK4Q","Apr 23, 2016","Indonesia","Ijun Channel Bintang Asia","149","179911","https://www.youtube.com/channel/UC2ykkCz_Jcei_upCvHXlK4Q",,"1",,"2024-09-11T10:34:39.000Z",,,"https://www.youtube.com/@IjunChannelBintangAsia/shorts","UN94Oj6YxCo",,"https://www.youtube.com/@IjunChannelBintangAsia","false","false",,"3",,,"772","11",,,"https://i.ytimg.com/vi/UN94Oj6YxCo/oar2.jpg?sqp=-oaymwEdCJUDENAFSFWQAgHyq4qpAwwIARUAAIhCcAHAAQY=&rs=AOn4CLChAKW3CJBaIOmG0iVk36QAfuxuvw","Cabai besar hagan f1","shorts","https://www.youtube.com/shorts/UN94Oj6YxCo","252"
"https://yt3.googleusercontent.com/-eLLsRb4Uk9WIz-1mU0sfD2kUSKDcBpxvwLNaxoo5nh8SQkcRdmaoDN-AjB_MUeHbT_zpykTF5Q=s160-c-k-c0x00ffffff-no-rj","https://yt3.googleusercontent.com/v-cvSIUgxxDrJpDooECDLFN1LYWfgOtFkvcGtXTv4ww_qoOmquicfkXFK1IGU_8fP6jNd6gFXg=w2560-fcrop64=1,00005a57ffffa5a8-k-c0xffffffff-no-nd-rj","Chanel ini berisi tentang dunia pertanian","UC2ykkCz_Jcei_upCvHXlK4Q","Apr 23, 2016","Indonesia","Ijun Channel Bintang Asia","149","179911","https://www.youtube.com/channel/UC2ykkCz_Jcei_upCvHXlK4Q",,"0",,"2024-09-15T09:18:12.000Z",,,"https://www.youtube.com/@IjunChannelBintangAsia/shorts","iSdwXN5WMAg",,"https://www.youtube.com/@IjunChannelBintangAsia","false","false",,"4",,,"772","8",,,"https://i.ytimg.com/vi/iSdwXN5WMAg/oar2.jpg?sqp=-oaymwEdCJ0EENAFSFWQAgHyq4qpAwwIARUAAIhCcAHAAQY=&rs=AOn4CLCQOeBAma_jxI8zdCLrfXojX9xpSw","Cabai keriting cmk tavi","shorts","https://www.youtube.com/shorts/iSdwXN5WMAg","327"
"https://yt3.googleusercontent.com/-eLLsRb4Uk9WIz-1mU0sfD2kUSKDcBpxvwLNaxoo5nh8SQkcRdmaoDN-AjB_MUeHbT_zpykTF5Q=s160-c-k-c0x00ffffff-no-rj","https://yt3.googleusercontent.com/v-cvSIUgxxDrJpDooECDLFN1LYWfgOtFkvcGtXTv4ww_qoOmquicfkXFK1IGU_8fP6jNd6gFXg=w2560-fcrop64=1,00005a57ffffa5a8-k-c0xffffffff-no-nd-rj","Chanel ini berisi tentang dunia pertanian","UC2ykkCz_Jcei_upCvHXlK4Q","Apr 23, 2016","Indonesia","Ijun Channel Bintang Asia","149","179911","https://www.youtube.com/channel/UC2ykkCz_Jcei_upCvHXlK4Q",,"3",,"2024-09-13T00:00:00.000Z",,,"https://www.youtube.com/@IjunChannelBintangAsia/shorts","RWMSkd2Bc3A",,"https://www.youtube.com/@IjunChannelBintangAsia","false","false",,"8",,,"772","10",,,"https://i.ytimg.com/vi/RWMSkd2Bc3A/oar2.jpg?sqp=-oaymwEdCJUDENAFSFWQAgHyq4qpAwwIARUAAIhCcAHAAQY=&rs=AOn4CLBQ9NXMnQdfapgx6tFhA7e0Ut2KgQ","Petani menanam semangka maduri dan indenn","shorts","https://www.youtube.com/shorts/RWMSkd2Bc3A","574"
"https://yt3.googleusercontent.com/-eLLsRb4Uk9WIz-1mU0sfD2kUSKDcBpxvwLNaxoo5nh8SQkcRdmaoDN-AjB_MUeHbT_zpykTF5Q=s160-c-k-c0x00ffffff-no-rj","https://yt3.googleusercontent.com/v-cvSIUgxxDrJpDooECDLFN1LYWfgOtFkvcGtXTv4ww_qoOmquicfkXFK1IGU_8fP6jNd6gFXg=w2560-fcrop64=1,00005a57ffffa5a8-k-c0xffffffff-no-nd-rj","Chanel ini berisi tentang dunia pertanian","UC2ykkCz_Jcei_upCvHXlK4Q","Apr 23, 2016","Indonesia","Ijun Channel Bintang Asia","149","179911","https://www.youtube.com/channel/UC2ykkCz_Jcei_upCvHXlK4Q",,"13",,"2024-09-15T00:00:00.000Z",,,"https://www.youtube.com/@IjunChannelBintangAsia/shorts","ukE2DZt8hho",,"https://www.youtube.com/@IjunChannelBintangAsia","false","false",,"14",,,"772","7",,,"https://i.ytimg.com/vi/ukE2DZt8hho/oar2.jpg?sqp=-oaymwEdCJUDENAFSFWQAgHyq4qpAwwIARUAAIhCcAHAAQY=&rs=AOn4CLDJhwRcFNFU70LTW4Gmgy8tjVGuTA","Alasan pak masrukin menanam semangka maduri dan inden","shorts","https://www.youtube.com/shorts/ukE2DZt8hho","533"
"https://yt3.googleusercontent.com/-eLLsRb4Uk9WIz-1mU0sfD2kUSKDcBpxvwLNaxoo5nh8SQkcRdmaoDN-AjB_MUeHbT_zpykTF5Q=s160-c-k-c0x00ffffff-no-rj","https://yt3.googleusercontent.com/v-cvSIUgxxDrJpDooECDLFN1LYWfgOtFkvcGtXTv4ww_qoOmquicfkXFK1IGU_8fP6jNd6gFXg=w2560-fcrop64=1,00005a57ffffa5a8-k-c0xffffffff-no-nd-rj","Chanel ini berisi tentang dunia pertanian","UC2ykkCz_Jcei_upCvHXlK4Q","Apr 23, 2016","Indonesia","Ijun Channel Bintang Asia","149","179911","https://www.youtube.com/channel/UC2ykkCz_Jcei_upCvHXlK4Q",,"0",,"2024-09-16T00:00:00.000Z",,,"https://www.youtube.com/@IjunChannelBintangAsia/shorts","S6lxh_vYG9s",,"https://www.youtube.com/@IjunChannelBintangAsia","false","false",,"9",,,"772","6",,,"https://i.ytimg.com/vi/S6lxh_vYG9s/oar2.jpg?sqp=-oaymwEdCJUDENAFSFWQAgHyq4qpAwwIARUAAIhCcAHAAQY=&rs=AOn4CLAcOFlfaXOB4Upn-b9UvX9_zJ-Qcw","Jagung hibrida betras 9","shorts","https://www.youtube.com/shorts/S6lxh_vYG9s","673"
"https://yt3.googleusercontent.com/-eLLsRb4Uk9WIz-1mU0sfD2kUSKDcBpxvwLNaxoo5nh8SQkcRdmaoDN-AjB_MUeHbT_zpykTF5Q=s160-c-k-c0x00ffffff-no-rj","https://yt3.googleusercontent.com/v-cvSIUgxxDrJpDooECDLFN1LYWfgOtFkvcGtXTv4ww_qoOmquicfkXFK1IGU_8fP6jNd6gFXg=w2560-fcrop64=1,00005a57ffffa5a8-k-c0xffffffff-no-nd-rj","Chanel ini berisi tentang dunia pertanian","UC2ykkCz_Jcei_upCvHXlK4Q","Apr 23, 2016","Indonesia","Ijun Channel Bintang Asia","149","179911","https://www.youtube.com/channel/UC2ykkCz_Jcei_upCvHXlK4Q",,"5",,"2024-09-20T00:00:00.000Z",,,"https://www.youtube.com/@IjunChannelBintangAsia/shorts","H208Aa-hPTQ",,"https://www.youtube.com/@IjunChannelBintangAsia","false","false",,"8",,,"772","4",,,"https://i.ytimg.com/vi/H208Aa-hPTQ/oardefault.jpg","Pesona melon alison f1. Produk baru bintang asia","shorts","https://www.youtube.com/shorts/H208Aa-hPTQ","552"
"https://yt3.googleusercontent.com/-eLLsRb4Uk9WIz-1mU0sfD2kUSKDcBpxvwLNaxoo5nh8SQkcRdmaoDN-AjB_MUeHbT_zpykTF5Q=s160-c-k-c0x00ffffff-no-rj","https://yt3.googleusercontent.com/v-cvSIUgxxDrJpDooECDLFN1LYWfgOtFkvcGtXTv4ww_qoOmquicfkXFK1IGU_8fP6jNd6gFXg=w2560-fcrop64=1,00005a57ffffa5a8-k-c0xffffffff-no-nd-rj","Chanel ini berisi tentang dunia pertanian","UC2ykkCz_Jcei_upCvHXlK4Q","Apr 23, 2016","Indonesia","Ijun Channel Bintang Asia","149","179911","https://www.youtube.com/channel/UC2ykkCz_Jcei_upCvHXlK4Q",,"0",,"2024-10-11T00:00:00.000Z",,,"https://www.youtube.com/@IjunChannelBintangAsia/shorts","9k1xyYAzqVQ",,"https://www.youtube.com/@IjunChannelBintangAsia","false","false",,"0",,,"772","0",,,"https://i.ytimg.com/vi/9k1xyYAzqVQ/oar2.jpg?sqp=-oaymwEdCJUDENAFSFWQAgHyq4qpAwwIARUAAIhCcAHAAQY=&rs=AOn4CLAmyFiaXdh66jD_RiyzSVGLHC-CWg","Jagung manis semanis mbak nya https://youtu.be/-l2HY8oxjxE","shorts","https://www.youtube.com/shorts/9k1xyYAzqVQ","7"
"https://yt3.googleusercontent.com/-eLLsRb4Uk9WIz-1mU0sfD2kUSKDcBpxvwLNaxoo5nh8SQkcRdmaoDN-AjB_MUeHbT_zpykTF5Q=s160-c-k-c0x00ffffff-no-rj","https://yt3.googleusercontent.com/v-cvSIUgxxDrJpDooECDLFN1LYWfgOtFkvcGtXTv4ww_qoOmquicfkXFK1IGU_8fP6jNd6gFXg=w2560-fcrop64=1,00005a57ffffa5a8-k-c0xffffffff-no-nd-rj","Chanel ini berisi tentang dunia pertanian","UC2ykkCz_Jcei_upCvHXlK4Q","Apr 23, 2016","Indonesia","Ijun Channel Bintang Asia","149","179911","https://www.youtube.com/channel/UC2ykkCz_Jcei_upCvHXlK4Q",,"0",,"2024-09-16T00:00:00.000Z",,,"https://www.youtube.com/@IjunChannelBintangAsia/shorts","MeM_NqZSQsY",,"https://www.youtube.com/@IjunChannelBintangAsia","false","false",,"2",,,"772","5",,,"https://i.ytimg.com/vi/MeM_NqZSQsY/oar2.jpg?sqp=-oaymwEdCJUDENAFSFWQAgHyq4qpAwwIARUAAIhCcAHAAQY=&rs=AOn4CLDBaSqo2DUSB7VE5nySOUXrBI46OQ","Pemupukan melon dengan cara di kocor","shorts","https://www.youtube.com/shorts/MeM_NqZSQsY","463"
"https://yt3.googleusercontent.com/-eLLsRb4Uk9WIz-1mU0sfD2kUSKDcBpxvwLNaxoo5nh8SQkcRdmaoDN-AjB_MUeHbT_zpykTF5Q=s160-c-k-c0x00ffffff-no-rj","https://yt3.googleusercontent.com/v-cvSIUgxxDrJpDooECDLFN1LYWfgOtFkvcGtXTv4ww_qoOmquicfkXFK1IGU_8fP6jNd6gFXg=w2560-fcrop64=1,00005a57ffffa5a8-k-c0xffffffff-no-nd-rj","Chanel ini berisi tentang dunia pertanian","UC2ykkCz_Jcei_upCvHXlK4Q","Apr 23, 2016","Indonesia","Ijun Channel Bintang Asia","149","179911","https://www.youtube.com/channel/UC2ykkCz_Jcei_upCvHXlK4Q",,"0",,"2024-10-06T00:00:00.000Z",,,"https://www.youtube.com/@IjunChannelBintangAsia/shorts","TyrNSXHebLs",,"https://www.youtube.com/@IjunChannelBintangAsia","false","false",,"1",,,"772","3",,,"https://i.ytimg.com/vi/TyrNSXHebLs/oar2.jpg?sqp=-oaymwEdCJUDENAFSFWQAgHyq4qpAwwIARUAAIhCcAHAAQY=&rs=AOn4CLA_MJF_s5dA_sZgzSQ73gZwaMIVLg","Konsolidasi antar para influencer se Indonesia","shorts","https://www.youtube.com/shorts/TyrNSXHebLs","21"
"https://yt3.googleusercontent.com/-eLLsRb4Uk9WIz-1mU0sfD2kUSKDcBpxvwLNaxoo5nh8SQkcRdmaoDN-AjB_MUeHbT_zpykTF5Q=s160-c-k-c0x00ffffff-no-rj","https://yt3.googleusercontent.com/v-cvSIUgxxDrJpDooECDLFN1LYWfgOtFkvcGtXTv4ww_qoOmquicfkXFK1IGU_8fP6jNd6gFXg=w2560-fcrop64=1,00005a57ffffa5a8-k-c0xffffffff-no-nd-rj","Chanel ini berisi tentang dunia pertanian","UC2ykkCz_Jcei_upCvHXlK4Q","Apr 23, 2016","Indonesia","Ijun Channel Bintang Asia","149","179911","https://www.youtube.com/channel/UC2ykkCz_Jcei_upCvHXlK4Q",,"0",,"2024-10-07T00:00:00.000Z",,,"https://www.youtube.com/@IjunChannelBintangAsia/shorts","Dp2nXhP84q4",,"https://www.youtube.com/@IjunChannelBintangAsia","false","false",,"2",,,"772","2",,,"https://i.ytimg.com/vi/Dp2nXhP84q4/oar2.jpg?sqp=-oaymwEdCJUDENAFSFWQAgHyq4qpAwwIARUAAIhCcAHAAQY=&rs=AOn4CLB5-tTtYTsWB2qoXTibkzAqZ3Y2uw","Display aula pt benih citra asia","shorts","https://www.youtube.com/shorts/Dp2nXhP84q4","53"
"https://yt3.googleusercontent.com/-eLLsRb4Uk9WIz-1mU0sfD2kUSKDcBpxvwLNaxoo5nh8SQkcRdmaoDN-AjB_MUeHbT_zpykTF5Q=s160-c-k-c0x00ffffff-no-rj","https://yt3.googleusercontent.com/v-cvSIUgxxDrJpDooECDLFN1LYWfgOtFkvcGtXTv4ww_qoOmquicfkXFK1IGU_8fP6jNd6gFXg=w2560-fcrop64=1,00005a57ffffa5a8-k-c0xffffffff-no-nd-rj","Chanel ini berisi tentang dunia pertanian","UC2ykkCz_Jcei_upCvHXlK4Q","Apr 23, 2016","Indonesia","Ijun Channel Bintang Asia","149","179911","https://www.youtube.com/channel/UC2ykkCz_Jcei_upCvHXlK4Q",,"0",,"2024-10-11T00:00:00.000Z",,,"https://www.youtube.com/@IjunChannelBintangAsia/shorts","d2j648b4s3A",,"https://www.youtube.com/@IjunChannelBintangAsia","false","false",,"11",,,"772","1",,,"https://i.ytimg.com/vi/d2j648b4s3A/oardefault.jpg?sqp=-oaymwEdCJUDENAFSFWQAgHyq4qpAwwIARUAAIhCcAHAAQY=&rs=AOn4CLB2jjFD7MEhZuUbY0Jd0qxxu67-JQ","Uji rasa jagu manis mentah https://youtu.be/N6rYKtD2YcM","shorts","https://www.youtube.com/shorts/d2j648b4s3A","1282"
"https://yt3.googleusercontent.com/-eLLsRb4Uk9WIz-1mU0sfD2kUSKDcBpxvwLNaxoo5nh8SQkcRdmaoDN-AjB_MUeHbT_zpykTF5Q=s160-c-k-c0x00ffffff-no-rj","https://yt3.googleusercontent.com/v-cvSIUgxxDrJpDooECDLFN1LYWfgOtFkvcGtXTv4ww_qoOmquicfkXFK1IGU_8fP6jNd6gFXg=w2560-fcrop64=1,00005a57ffffa5a8-k-c0xffffffff-no-nd-rj","Chanel ini berisi tentang dunia pertanian","UC2ykkCz_Jcei_upCvHXlK4Q","Apr 23, 2016","Indonesia","Ijun Channel Bintang Asia","149","179911","https://www.youtube.com/channel/UC2ykkCz_Jcei_upCvHXlK4Q",,"11","false","2024-10-11T11:25:17.000Z",,"00:02:02","https://www.youtube.com/@IjunChannelBintangAsia/videos","N6rYKtD2YcM",,"https://www.youtube.com/@IjunChannelBintangAsia","false","false",,"8",,,"772",,,"","https://i.ytimg.com/vi/N6rYKtD2YcM/hqdefault.jpg","UJI RASA JAGUNG MANIS MABES F1 MENTAH BERSAMA YOUTUBER  ‪@experimentpertanian‬","video","https://www.youtube.com/watch?v=N6rYKtD2YcM","36"
"https://yt3.googleusercontent.com/-eLLsRb4Uk9WIz-1mU0sfD2kUSKDcBpxvwLNaxoo5nh8SQkcRdmaoDN-AjB_MUeHbT_zpykTF5Q=s160-c-k-c0x00ffffff-no-rj","https://yt3.googleusercontent.com/v-cvSIUgxxDrJpDooECDLFN1LYWfgOtFkvcGtXTv4ww_qoOmquicfkXFK1IGU_8fP6jNd6gFXg=w2560-fcrop64=1,00005a57ffffa5a8-k-c0xffffffff-no-nd-rj","Chanel ini berisi tentang dunia pertanian","UC2ykkCz_Jcei_upCvHXlK4Q","Apr 23, 2016","Indonesia","Ijun Channel Bintang Asia","149","179911","https://www.youtube.com/channel/UC2ykkCz_Jcei_upCvHXlK4Q",,"0","false","2024-10-12T02:07:20.000Z",,"00:02:54","https://www.youtube.com/@IjunChannelBintangAsia/videos","-l2HY8oxjxE",,"https://www.youtube.com/@IjunChannelBintangAsia","false","false",,"0",,,"772",,,"","https://i.ytimg.com/vi/-l2HY8oxjxE/hqdefault.jpg","JAGUNG MANIS ROMANZA SEMANIS BREEDER NYA!!!","video","https://www.youtube.com/watch?v=-l2HY8oxjxE","4"
"https://yt3.googleusercontent.com/-eLLsRb4Uk9WIz-1mU0sfD2kUSKDcBpxvwLNaxoo5nh8SQkcRdmaoDN-AjB_MUeHbT_zpykTF5Q=s160-c-k-c0x00ffffff-no-rj","https://yt3.googleusercontent.com/v-cvSIUgxxDrJpDooECDLFN1LYWfgOtFkvcGtXTv4ww_qoOmquicfkXFK1IGU_8fP6jNd6gFXg=w2560-fcrop64=1,00005a57ffffa5a8-k-c0xffffffff-no-nd-rj","Chanel ini berisi tentang dunia pertanian","UC2ykkCz_Jcei_upCvHXlK4Q","Apr 23, 2016","Indonesia","Ijun Channel Bintang Asia","149","179911","https://www.youtube.com/channel/UC2ykkCz_Jcei_upCvHXlK4Q",,"5","false","2024-09-14T05:15:38.000Z",,"00:04:23","https://www.youtube.com/@IjunChannelBintangAsia/videos","APy_NhcLziM",,"https://www.youtube.com/@IjunChannelBintangAsia","false","false",,"9",,,"772",,,"","https://i.ytimg.com/vi/APy_NhcLziM/maxresdefault.jpg","PETANI JOMBANG MENANANM SEMANGKA MADURI F1 DAN INDEN F1!!!! KALIAN KAPAN?","video","https://www.youtube.com/watch?v=APy_NhcLziM","230"
