﻿"channelAvatarUrl","channelBannerUrl","channelDescription","channelDescriptionLinks/0/text","channelDescriptionLinks/0/url","channelId","channelJoinedDate","channelLocation","channelName","channelTotalVideos","channelTotalViews","channelUrl","comments","commentsCount","date","descriptionLinks","duration","fromYTUrl","id","input","inputChannelUrl","isAgeRestricted","isChannelVerified","isMonetized","likes","note","numberOfSubscribers","order","subtitles","text","thumbnailUrl","title","type","url","viewCount"
,,,,,,,,,,,,,,,,,,,"https://www.youtube.com/@experimentpertanian",,,,,,"No videos found on the page.",,,,,,,,"https://www.youtube.com/@experimentpertanian/streams",
"https://yt3.googleusercontent.com/ytc/AIdro_kEfZ47kEigx0MvJDgIC61Kzhrs1Lp8nZtd9HjO02s5tA=s160-c-k-c0x00ffffff-no-rj","https://yt3.googleusercontent.com/8LcaF4WFCglHbmdvuRK22ti9he9G8t0PwBh_uN3GTPnZaQPntS7EkREriwHR3A4KPKAUZ3BwJw=w2560-fcrop64=1,00005a57ffffa5a8-k-c0xffffffff-no-nd-rj","Assalamualaikum sahabat EP (experiment pertanian)

Chanel ini berisi tentang kehidupan dan aktifitas pertanian
Kita disini saling belajar dan berbagi ilmu bersama terkadang yang saya lakukan mencoba hal hal baru 
Konten ini berisi

Solusi pertanian
 alat pertanian 
uji coba pertanian 
dan cara yang benar dalam pertanian
Yang pasti tutorial pertanian juga ada

Jangan lupa klik tombol
Subscribe
Like
Komen
Share


Agar kami selalu semangat dan berkembang dalam membuat konten seputar pertanian


Selamat menonton dan terimakasih

Waassalamualaikum sedulur tani sedulur EP","Experiment pertanian","https://www.youtube.com/c/experimentpertanian","UCCNcy1jizqCsP7AysHt0l0g","Jan 25, 2021","Indonesia","Experiment Pertanian","87","1246569","https://www.youtube.com/channel/UCCNcy1jizqCsP7AysHt0l0g",,"1","2024-08-20T13:28:42.000Z",,,"https://www.youtube.com/@experimentpertanian/shorts","KqJVGx5-YKo",,"https://www.youtube.com/@experimentpertanian","false","false",,"21",,"21900","0",,,"https://i.ytimg.com/vi/KqJVGx5-YKo/oar2.jpg?sqp=-oaymwEdCJUDENAFSFWQAgHyq4qpAwwIARUAAIhCcAHAAQY=&rs=AOn4CLAcj-K1gtVkySquNPq5uXzxZk4_qA","hasil jagung NK sakti tahan terhadap herbisida selektif dan aman dari ulat jagung","shorts","https://www.youtube.com/shorts/KqJVGx5-YKo","2404"
