﻿"attachments/0/style_list/0","attachments/0/style_list/1","attachments/0/style_list/2","attachments/0/style_list/3","attachments/0/style_list/4","commentUrl","commentsCount","date","facebookId","facebookUrl","feedbackId","id","inputUrl","likesCount","pageAdLibrary/id","pageAdLibrary/is_business_page_active","postTitle","profileId","profileName","profilePicture","profileUrl","text"
,,,,,"https://www.facebook.com/100009994003233/posts/2310535415956236?comment_id=882282180072777",,"2024-09-17T00:48:02.000Z","2310535415956236","https://www.facebook.com/100009994003233/posts/2310535415956236","ZmVlZGJhY2s6MjMxMDUzNTQxNTk1NjIzNl84ODIyODIxODAwNzI3Nzc=","Y29tbWVudDoyMzEwNTM1NDE1OTU2MjM2Xzg4MjI4MjE4MDA3Mjc3Nw==","https://www.facebook.com/100009994003233/posts/2310535415956236","0","200476579818147","false","Karena Yakin, Percaya Dan melihat Langsung Hasil nya Mereka Petani Tomat dan Cabe Sumatera Memilih Benih Cabai CK TAV 8 F1 Cap Bintang Asia Produksi Dari PT Benih Citra Asia Untuk Di Tanam dan Di Budidaya kan.

SEMUA ORANG 
@sorotan 
#Benih #Cabai #Petani #Hortikultura #Viral #Fyp","pfbid0QZKPxs5sTgcndtezdWUMaqaWKA7KoJ9hCmVZhF3WnkQCuEsNKxzfNJJUxiUsALncl","Ribut Andi M. Andi","https://scontent.fbnu1-1.fna.fbcdn.net/v/t39.30808-1/428190647_3258985684257057_8152856627367893907_n.jpg?stp=cp0_dst-jpg_s32x32&_nc_cat=107&ccb=1-7&_nc_sid=0ecb9b&_nc_ohc=042-9NakIlEQ7kNvgGbEUDG&_nc_ht=scontent.fbnu1-1.fna&_nc_gid=ACKGj50gIX12KkVZbD_yiMt&oh=00_AYAAqU8VMAJMruawVz6IU-4NRJ0zwgjE0VS9xPZ241JCiw&oe=66EEF837","https://www.facebook.com/people/Ribut-Andi-M-Andi/pfbid0QZKPxs5sTgcndtezdWUMaqaWKA7KoJ9hCmVZhF3WnkQCuEsNKxzfNJJUxiUsALncl/","Yakin wes jos..."
"animated_image_autoplay","animated_image_share","image_share","share","fallback","https://www.facebook.com/100009994003233/posts/2310535415956236?comment_id=8313165712104834","1","2024-09-16T04:59:18.000Z","2310535415956236","https://www.facebook.com/100009994003233/posts/2310535415956236","ZmVlZGJhY2s6MjMxMDUzNTQxNTk1NjIzNl84MzEzMTY1NzEyMTA0ODM0","Y29tbWVudDoyMzEwNTM1NDE1OTU2MjM2XzgzMTMxNjU3MTIxMDQ4MzQ=","https://www.facebook.com/100009994003233/posts/2310535415956236","2","200476579818147","false","Karena Yakin, Percaya Dan melihat Langsung Hasil nya Mereka Petani Tomat dan Cabe Sumatera Memilih Benih Cabai CK TAV 8 F1 Cap Bintang Asia Produksi Dari PT Benih Citra Asia Untuk Di Tanam dan Di Budidaya kan.

SEMUA ORANG 
@sorotan 
#Benih #Cabai #Petani #Hortikultura #Viral #Fyp","pfbid02ixxNEA7ZcFEy8CjHuswX1paYmCb3t9cUrBqqjETLqyxRDv4aPxLztNPseF9GFf8rl","Sah Dan","https://scontent.fbnu1-1.fna.fbcdn.net/v/t39.30808-1/437743150_758515096369337_7850406246552584830_n.jpg?stp=cp0_dst-jpg_s32x32&_nc_cat=102&ccb=1-7&_nc_sid=0ecb9b&_nc_ohc=1T9RKIh5r_YQ7kNvgGrG77W&_nc_ht=scontent.fbnu1-1.fna&_nc_gid=ACKGj50gIX12KkVZbD_yiMt&oh=00_AYBPOTLYGh1v5He7FNixh36UsD6ZU4JrMAUYwz3BrGc39A&oe=66EEE721","https://www.facebook.com/sah.dan.50767984","Mantap"
,,,,,"https://www.facebook.com/100009994003233/posts/2310535415956236?comment_id=1437312193622552","1","2024-09-16T15:12:17.000Z","2310535415956236","https://www.facebook.com/100009994003233/posts/2310535415956236","ZmVlZGJhY2s6MjMxMDUzNTQxNTk1NjIzNl8xNDM3MzEyMTkzNjIyNTUy","Y29tbWVudDoyMzEwNTM1NDE1OTU2MjM2XzE0MzczMTIxOTM2MjI1NTI=","https://www.facebook.com/100009994003233/posts/2310535415956236","1","200476579818147","false","Karena Yakin, Percaya Dan melihat Langsung Hasil nya Mereka Petani Tomat dan Cabe Sumatera Memilih Benih Cabai CK TAV 8 F1 Cap Bintang Asia Produksi Dari PT Benih Citra Asia Untuk Di Tanam dan Di Budidaya kan.

SEMUA ORANG 
@sorotan 
#Benih #Cabai #Petani #Hortikultura #Viral #Fyp","100002282170969","Yudi Baleo Abdul Wahab","https://scontent.fbnu1-1.fna.fbcdn.net/v/t39.30808-1/305013311_5429866337099385_630721221118130871_n.jpg?stp=cp0_dst-jpg_s32x32&_nc_cat=109&ccb=1-7&_nc_sid=50d2ac&_nc_ohc=TcFMEXxtboIQ7kNvgG063Bk&_nc_ht=scontent.fbnu1-1.fna&_nc_gid=ACKGj50gIX12KkVZbD_yiMt&oh=00_AYCUTbTQq0CMwvFINc3AVOCgQc6fDmQiQEZaYSXD8cq9Tg&oe=66EF018B","https://www.facebook.com/nameaos","Gunakan tavi siapkan air yg cukup.
Pasti hama kurang dan buah banyak"
"sticker","fallback",,,,"https://www.facebook.com/100009994003233/posts/2310535415956236?comment_id=1040718177346374","2","2024-09-16T03:50:39.000Z","2310535415956236","https://www.facebook.com/100009994003233/posts/2310535415956236","ZmVlZGJhY2s6MjMxMDUzNTQxNTk1NjIzNl8xMDQwNzE4MTc3MzQ2Mzc0","Y29tbWVudDoyMzEwNTM1NDE1OTU2MjM2XzEwNDA3MTgxNzczNDYzNzQ=","https://www.facebook.com/100009994003233/posts/2310535415956236","1","200476579818147","false","Karena Yakin, Percaya Dan melihat Langsung Hasil nya Mereka Petani Tomat dan Cabe Sumatera Memilih Benih Cabai CK TAV 8 F1 Cap Bintang Asia Produksi Dari PT Benih Citra Asia Untuk Di Tanam dan Di Budidaya kan.

SEMUA ORANG 
@sorotan 
#Benih #Cabai #Petani #Hortikultura #Viral #Fyp","100007578522755","Renzy Bintangasia","https://scontent.fbnu1-1.fna.fbcdn.net/v/t39.30808-1/426012403_3605728109689771_2277782955804277447_n.jpg?stp=cp0_dst-jpg_s32x32&_nc_cat=104&ccb=1-7&_nc_sid=50d2ac&_nc_ohc=vuD6PrMQB7YQ7kNvgE7ahLG&_nc_ht=scontent.fbnu1-1.fna&_nc_gid=ACKGj50gIX12KkVZbD_yiMt&oh=00_AYAVdPfcQm_eVamL7ELJDeWUgHIEgAjzGmhSn3oJ0SDoDg&oe=66EEEF44","https://www.facebook.com/renzi.prayuda",
