﻿"comments","facebookId","facebookUrl","feedbackId","inputUrl","likes","media/0/__isMedia","media/0/__typename","media/0/accent_color","media/0/id","media/0/ocrText","media/0/photo_image/height","media/0/photo_image/uri","media/0/photo_image/width","media/0/thumbnail","media/0/url","pageAdLibrary/id","pageAdLibrary/is_business_page_active","pageName","postId","shares","text","time","timestamp","topLevelUrl","url","user/id","user/name","user/profilePic","user/profileUrl"
"8","100009994003233","https://www.facebook.com/ilham.ajo.37604","ZmVlZGJhY2s6MjMxMDUzNTQxNTk1NjIzNg==","https://www.facebook.com/ilham.ajo.37604","22","Photo","Photo","FFFFFFFF","2310535382622906","May be an image of 3 people and text","684","https://scontent-ord5-1.xx.fbcdn.net/v/t39.30808-6/460075813_2310535435956234_2608315463888997131_n.jpg?stp=dst-jpg_p526x296&_nc_cat=105&ccb=1-7&_nc_sid=833d8c&_nc_ohc=tg-3tVAJ4tIQ7kNvgHQmShn&_nc_ht=scontent-ord5-1.xx&oh=00_AYBfg2GAmWknfsi6I4SiYhQ0foYpZ4VqOHBGCbreQoroyg&oe=66EEF165","526","https://scontent-ord5-1.xx.fbcdn.net/v/t39.30808-6/460075813_2310535435956234_2608315463888997131_n.jpg?stp=dst-jpg_p526x296&_nc_cat=105&ccb=1-7&_nc_sid=833d8c&_nc_ohc=tg-3tVAJ4tIQ7kNvgHQmShn&_nc_ht=scontent-ord5-1.xx&oh=00_AYBfg2GAmWknfsi6I4SiYhQ0foYpZ4VqOHBGCbreQoroyg&oe=66EEF165","https://www.facebook.com/photo/?fbid=2310535382622906&set=a.141580972851702","200476579818147","false","ilham.ajo.37604","2310535415956236","1","Karena Yakin, Percaya Dan melihat Langsung Hasil nya Mereka Petani Tomat dan Cabe Sumatera Memilih Benih Cabai CK TAV 8 F1 Cap Bintang Asia Produksi Dari PT Benih Citra Asia Untuk Di Tanam dan Di Budidaya kan.

SEMUA ORANG 
@sorotan 
#Benih #Cabai #Petani #Hortikultura #Viral #Fyp","2024-09-16T02:31:13.000Z","1726453873","https://www.facebook.com/100009994003233/posts/2310535415956236","https://www.facebook.com/ilham.ajo.37604/posts/pfbid02SgwfGJBgnDik3WQQiPUfgCunuxzwzyatANnc9kd6XCh6fs8ZToGDpy21YJhAJn8Ml","100009994003233","Ilham Bintang Asia","https://scontent-ord5-2.xx.fbcdn.net/v/t39.30808-1/349801600_780566773437800_6977822504580595866_n.jpg?stp=cp0_dst-jpg_s40x40&_nc_cat=100&ccb=1-7&_nc_sid=50d2ac&_nc_ohc=bAOQriu-9dMQ7kNvgEsBc1h&_nc_ht=scontent-ord5-2.xx&oh=00_AYAbD5KgOrVlj5-npAVOPxlPva-1Tg5PC_A8bGJ5e6enLw&oe=66EEE37B","https://www.facebook.com/ilham.ajo.37604"
