﻿"attachments/0/__typename","attachments/0/animated_image","attachments/0/animated_image/uri","attachments/0/frame_count","attachments/0/frame_rate","attachments/0/frames_per_column","attachments/0/frames_per_row","attachments/0/id","attachments/0/image/height","attachments/0/image/uri","attachments/0/image/width","attachments/0/label","attachments/0/pack","attachments/0/pack/id","attachments/0/pack/name","attachments/0/sprite_image","attachments/0/sprite_image/uri","commentUrl","commentsCount","date","facebookId","facebookUrl","feedbackId","id","inputUrl","likesCount","pageAdLibrary/id","pageAdLibrary/is_business_page_active","pageAdLibrary/woodhenge_creator_info","parentComment/author/__typename","parentComment/author/id","parentComment/author/name","parentComment/author/short_name","parentComment/id","postTitle","profileId","profileName","profilePicture","profileUrl","replyToCommentId","text","threadingDepth"
,,,,,,,,,,,,,,,,,"https://www.facebook.com/permalink.php?story_fbid=pfbid02ohjW28LqJLnFeWQGMwJkyAykN5EsFHA6TG4Av7cV7Qijp9KSXjQfBSX4eUa2EVFVl&id=61558480822422&comment_id=1298936968212365",,"2024-09-24T14:18:58.000Z","122142921644282694","https://www.facebook.com/61558480822422/posts/122142921644282694","ZmVlZGJhY2s6MTIyMTQyOTIxNjQ0MjgyNjk0XzEyOTg5MzY5NjgyMTIzNjU=","Y29tbWVudDoxMjIxNDI5MjE2NDQyODI2OTRfMTI5ODkzNjk2ODIxMjM2NQ==","https://www.facebook.com/61558480822422/posts/122142921644282694","0","463184800202476","false",,,,,,,"SELAMAT HARI TANI NASIONAL","pfbid02GAuDaFYvpdPdVQ3H3idaw6hvBbiQpj7inXaQtHrru4YwN3avMbBX3qyL3NUtomHVl","Diyana Al-butuni Butuni","https://scontent.fdyu2-1.fna.fbcdn.net/v/t39.30808-1/294105312_3716377698588583_7679162191601797085_n.jpg?stp=cp0_dst-jpg_s32x32&_nc_cat=110&ccb=1-7&_nc_sid=0ecb9b&_nc_ohc=YxlxNsibKOwQ7kNvgE_rnI8&_nc_ht=scontent.fdyu2-1.fna&_nc_gid=ApJ7htU8uqGrVtHUqEh2QgD&oh=00_AYCWTa3pIIIlrq1Q7dpHfncnM84SKRH52Lwe8m7z-apwRQ&oe=66FC3237","https://www.facebook.com/diana.lbrc",,"sukses selalu buat bintang asia","0"
,,,,,,,,,,,,,,,,,"https://www.facebook.com/permalink.php?story_fbid=pfbid02ohjW28LqJLnFeWQGMwJkyAykN5EsFHA6TG4Av7cV7Qijp9KSXjQfBSX4eUa2EVFVl&id=61558480822422&comment_id=536038238928250",,"2024-09-24T22:13:58.000Z","122142921644282694","https://www.facebook.com/61558480822422/posts/122142921644282694","ZmVlZGJhY2s6MTIyMTQyOTIxNjQ0MjgyNjk0XzUzNjAzODIzODkyODI1MA==","Y29tbWVudDoxMjIxNDI5MjE2NDQyODI2OTRfNTM2MDM4MjM4OTI4MjUw","https://www.facebook.com/61558480822422/posts/122142921644282694","0","463184800202476","false",,,,,,,"SELAMAT HARI TANI NASIONAL","pfbid025JKehHMLFv5n4AyA5DP5Tw7nBddWnWv8h52hkwtMEtXZ4jsgVk3GVLAmrxMJhfL1l","Agus Dwi Yatno","https://scontent.fdyu2-1.fna.fbcdn.net/v/t39.30808-1/321808828_418603937066320_8938897279141851760_n.jpg?stp=c0.0.612.612a_cp0_dst-jpg_s32x32&_nc_cat=111&ccb=1-7&_nc_sid=0ecb9b&_nc_ohc=b7YOncsDOJQQ7kNvgFwZb7N&_nc_ht=scontent.fdyu2-1.fna&_nc_gid=ApJ7htU8uqGrVtHUqEh2QgD&oh=00_AYBsqVSZTJtI3wQT6s11mTJIAKTUTyIoM669gChIjt89oQ&oe=66FC2C8C","https://www.facebook.com/people/Agus-Dwi-Yatno/pfbid025JKehHMLFv5n4AyA5DP5Tw7nBddWnWv8h52hkwtMEtXZ4jsgVk3GVLAmrxMJhfL1l/",,"Baru tahu ada hari tani nasional sejak presiden sapa ya yg mencanangkan.","0"
,,,,,,,,,,,,,,,,,"https://www.facebook.com/permalink.php?story_fbid=pfbid027pSmTDYgaKMcaDsoo7JguuFFEhMwn1PSnGX453CMhr55V8xZfMPxPsCqYuENatmsl&id=61558480822422&comment_id=881832443511962",,"2024-09-25T03:35:47.000Z","122143012406282694","https://www.facebook.com/61558480822422/posts/122143012406282694","ZmVlZGJhY2s6MTIyMTQzMDEyNDA2MjgyNjk0Xzg4MTgzMjQ0MzUxMTk2Mg==","Y29tbWVudDoxMjIxNDMwMTI0MDYyODI2OTRfODgxODMyNDQzNTExOTYy","https://www.facebook.com/61558480822422/posts/122143012406282694","0","463184800202476","false",,,,,,,"Pertemuan kelompok tani","100007578522755","Renzy Bintangasia","https://scontent-dfw5-2.xx.fbcdn.net/v/t39.30808-1/426012403_3605728109689771_2277782955804277447_n.jpg?stp=cp0_dst-jpg_s32x32&_nc_cat=104&ccb=1-7&_nc_sid=50d2ac&_nc_ohc=tTmdX3bXLYAQ7kNvgFXjSpR&_nc_ht=scontent-dfw5-2.xx&_nc_gid=AfABstBUpxWWgQjakbY4Zry&oh=00_AYCA3jB-grV6WHGhreHXcr8pC7vwLo5gjz7sdPA-fGiH7g&oe=66FC1E44","https://www.facebook.com/renzi.prayuda",,"Mantap om","0"
"Sticker",,"https://scontent.fcia5-1.fna.fbcdn.net/v/t39.1997-6/47055694_1834508303314720_643166924464717824_n.webp?stp=dst-webp_s110x80&_nc_cat=1&ccb=1-7&_nc_sid=ba09c1&_nc_ohc=m9OkAram9jUQ7kNvgGSJKvb&_nc_ht=scontent.fcia5-1.fna&_nc_gid=AGKkcYlbOhX3Mvan2K1MXCF&oh=00_AYBdrvKjpFDESi8qXXDwlSng5c4qQWWH0QcK_1Moo5CgpQ&oe=66FC37C9","12","83","3","4","1193278434104380","80","https://scontent.fcia5-1.fna.fbcdn.net/v/t39.1997-6/47614232_1846683475430536_3135922765756891136_n.png?stp=cp0_dst-png_s110x80&_nc_cat=1&ccb=1-7&_nc_sid=23dd7b&_nc_ohc=xr2D55UqW4IQ7kNvgEWGMqg&_nc_ht=scontent.fcia5-1.fna&_nc_gid=AGKkcYlbOhX3Mvan2K1MXCF&oh=00_AYCaoERU3nSiJYscG-QoC3Z-nwDByVENo0Evf6tD8r_bvw&oe=66FC4323","80","Thumbs Up, girl giving thumbs up",,"1193273174104906","Noo-Hin",,"https://scontent.fcia5-1.fna.fbcdn.net/v/t39.1997-6/47472862_1846683478763869_5271603212267290624_n.png?stp=dst-png_p240x240&_nc_cat=1&ccb=1-7&_nc_sid=ba09c1&_nc_ohc=I0fODnDfZAYQ7kNvgHdD6TT&_nc_ht=scontent.fcia5-1.fna&_nc_gid=AGKkcYlbOhX3Mvan2K1MXCF&oh=00_AYA_LsrNTqcaMS9fu0Iy3-MPns9pKmWw6BsGSV9xPyW7FQ&oe=66FC247E","https://www.facebook.com/61558480822422/videos/1986467555117016/?comment_id=502386015897220",,"2024-09-26T03:10:55.000Z","122143162802282694","https://www.facebook.com/61558480822422/posts/122143162802282694","ZmVlZGJhY2s6MTIyMTQzMTYyODAyMjgyNjk0XzUwMjM4NjAxNTg5NzIyMA==","Y29tbWVudDoxMjIxNDMxNjI4MDIyODI2OTRfNTAyMzg2MDE1ODk3MjIw","https://www.facebook.com/61558480822422/posts/122143162802282694","0",,,,,,,,,"CNN
PENGHARGAAN UTK BINTANG ASIA","pfbid0tYx6DDgfHMZmmzSH8fWAFUvtMZPNURFjznJLEmDzSQJwqMxTCtkRPPzEtkD2zHQAl","Shiti Mardin","https://scontent.fcia5-1.fna.fbcdn.net/v/t39.30808-1/460846710_500211426125832_5887579572697583802_n.jpg?stp=cp0_dst-jpg_s32x32&_nc_cat=104&ccb=1-7&_nc_sid=0ecb9b&_nc_ohc=o3a_tz28EMUQ7kNvgG9tw9I&_nc_ht=scontent.fcia5-1.fna&_nc_gid=AGKkcYlbOhX3Mvan2K1MXCF&oh=00_AYAVqar7o2KD89rvryguIKEvVeEG3wJJZ4xtQmTmV8d8cg&oe=66FC1F51","https://www.facebook.com/people/Shiti-Mardin/pfbid0tYx6DDgfHMZmmzSH8fWAFUvtMZPNURFjznJLEmDzSQJwqMxTCtkRPPzEtkD2zHQAl/",,,"0"
"Sticker",,"https://scontent.fcia5-1.fna.fbcdn.net/v/t39.1997-6/105343556_953860578409633_6468337803980710969_n.webp?stp=dst-webp_s110x80&_nc_cat=1&ccb=1-7&_nc_sid=ba09c1&_nc_ohc=_foYWA1W9K4Q7kNvgFziCFx&_nc_ht=scontent.fcia5-1.fna&_nc_gid=AGKkcYlbOhX3Mvan2K1MXCF&oh=00_AYCABG4CY2EsvOuo6x5aa910sRJtTSZY27MLxraCkMfjZg&oe=66FC3DFA","15","83","4","4","529234054205623","80","https://scontent.fcia5-1.fna.fbcdn.net/v/t39.1997-6/83640226_953860661742958_8297483048391664602_n.png?stp=cp0_dst-png_s110x80&_nc_cat=1&ccb=1-7&_nc_sid=23dd7b&_nc_ohc=mk0wad1eYOsQ7kNvgFwqgVI&_nc_ht=scontent.fcia5-1.fna&_nc_gid=AGKkcYlbOhX3Mvan2K1MXCF&oh=00_AYAuzyiNigYb9l6ru3kPe5P_08_VHU__9IFG5aBQowlXZA&oe=66FC1DB7","80","An animated yellow left hand with thumb up.",,"516558918806470","Moodies",,"https://scontent.fcia5-1.fna.fbcdn.net/v/t39.1997-6/105941685_953860581742966_1572841152382279834_n.png?stp=dst-png_p320x320&_nc_cat=1&ccb=1-7&_nc_sid=ba09c1&_nc_ohc=fpMsXtyKwXMQ7kNvgHOIxRN&_nc_ht=scontent.fcia5-1.fna&_nc_gid=AGKkcYlbOhX3Mvan2K1MXCF&oh=00_AYC2xwdf1vy5OWHYZUaRrUesFhS4RwBEWbZTG3TOtO6Qjg&oe=66FC48C2","https://www.facebook.com/61558480822422/videos/1986467555117016/?comment_id=1193496595041845",,"2024-09-26T03:06:06.000Z","122143162802282694","https://www.facebook.com/61558480822422/posts/122143162802282694","ZmVlZGJhY2s6MTIyMTQzMTYyODAyMjgyNjk0XzExOTM0OTY1OTUwNDE4NDU=","Y29tbWVudDoxMjIxNDMxNjI4MDIyODI2OTRfMTE5MzQ5NjU5NTA0MTg0NQ==","https://www.facebook.com/61558480822422/posts/122143162802282694","0",,,,,,,,,"CNN
PENGHARGAAN UTK BINTANG ASIA","pfbid0wmhYonHGoApfRRc2fYBbH7n1XXAxasrWBFNTbyCTvMGgW7a6bK97nmLqCuULvnedl","Rembo Perantauan","https://scontent.fcia5-1.fna.fbcdn.net/v/t1.6435-1/46474717_597882863991873_2084669802835607552_n.jpg?stp=c180.0.1080.1080a_cp0_dst-jpg_s32x32&_nc_cat=105&ccb=1-7&_nc_sid=e4545e&_nc_ohc=cMCvdG7Nz0YQ7kNvgEqCYOy&_nc_ht=scontent.fcia5-1.fna&_nc_gid=AGKkcYlbOhX3Mvan2K1MXCF&oh=00_AYBLIWQLGq3iSSFp-zxUNAdl1M8rC0DNXdrA_MXAIprspQ&oe=671DDD5B","https://www.facebook.com/rembo.perantauan",,,"0"
"Sticker",,,"1","83","1","1","280280680528917","80","https://scontent.fcia5-1.fna.fbcdn.net/v/t39.1997-6/240404950_280280683862250_377726035223267134_n.png?stp=cp0_dst-png_s110x80&_nc_cat=1&ccb=1-7&_nc_sid=23dd7b&_nc_ohc=NDqorde6tU8Q7kNvgG_Yfx1&_nc_ht=scontent.fcia5-1.fna&_nc_gid=AGKkcYlbOhX3Mvan2K1MXCF&oh=00_AYDLRWO3AbqU5RQKJ1nv8ssOeVno5jdKkBU-Ng74YiCP0g&oe=66FC18B3","80","",,"222549939635325","[Newsfeed] Indonesia First Party",,,"https://www.facebook.com/61558480822422/videos/1986467555117016/?comment_id=513109794667068",,"2024-09-26T00:10:07.000Z","122143162802282694","https://www.facebook.com/61558480822422/posts/122143162802282694","ZmVlZGJhY2s6MTIyMTQzMTYyODAyMjgyNjk0XzUxMzEwOTc5NDY2NzA2OA==","Y29tbWVudDoxMjIxNDMxNjI4MDIyODI2OTRfNTEzMTA5Nzk0NjY3MDY4","https://www.facebook.com/61558480822422/posts/122143162802282694","0",,,,,,,,,"CNN
PENGHARGAAN UTK BINTANG ASIA","pfbid02GAuDaFYvpdPdVQ3H3idaw6hvBbiQpj7inXaQtHrru4YwN3avMbBX3qyL3NUtomHVl","Diyana Al-butuni Butuni","https://scontent.fcia5-1.fna.fbcdn.net/v/t39.30808-1/294105312_3716377698588583_7679162191601797085_n.jpg?stp=cp0_dst-jpg_s32x32&_nc_cat=110&ccb=1-7&_nc_sid=0ecb9b&_nc_ohc=YxlxNsibKOwQ7kNvgEUw2Ik&_nc_ht=scontent.fcia5-1.fna&_nc_gid=AGKkcYlbOhX3Mvan2K1MXCF&oh=00_AYBW80s2_VUrzvOPNPEW17KBqhe186FShWbxFqBuDEOq4A&oe=66FC3237","https://www.facebook.com/diana.lbrc",,,"0"
"Sticker",,,"1","83","1","1","280280680528917","80","https://scontent.fcia5-1.fna.fbcdn.net/v/t39.1997-6/240404950_280280683862250_377726035223267134_n.png?stp=cp0_dst-png_s110x80&_nc_cat=1&ccb=1-7&_nc_sid=23dd7b&_nc_ohc=NDqorde6tU8Q7kNvgG_Yfx1&_nc_ht=scontent.fcia5-1.fna&_nc_gid=AGKkcYlbOhX3Mvan2K1MXCF&oh=00_AYDLRWO3AbqU5RQKJ1nv8ssOeVno5jdKkBU-Ng74YiCP0g&oe=66FC18B3","80","",,"222549939635325","[Newsfeed] Indonesia First Party",,,"https://www.facebook.com/61558480822422/videos/1986467555117016/?comment_id=1047869510182601",,"2024-09-26T22:52:20.000Z","122143162802282694","https://www.facebook.com/61558480822422/posts/122143162802282694","ZmVlZGJhY2s6MTIyMTQzMTYyODAyMjgyNjk0XzEwNDc4Njk1MTAxODI2MDE=","Y29tbWVudDoxMjIxNDMxNjI4MDIyODI2OTRfMTA0Nzg2OTUxMDE4MjYwMQ==","https://www.facebook.com/61558480822422/posts/122143162802282694","0",,,,,,,,,"CNN
PENGHARGAAN UTK BINTANG ASIA","100010957307542","Nani Lasangu","https://scontent.fcia5-1.fna.fbcdn.net/v/t39.30808-1/271544557_1523412011367361_3367301720296091582_n.jpg?stp=cp0_dst-jpg_s32x32&_nc_cat=108&ccb=1-7&_nc_sid=50d2ac&_nc_ohc=flBU9YPpAUQQ7kNvgHydsGH&_nc_ht=scontent.fcia5-1.fna&_nc_gid=AGKkcYlbOhX3Mvan2K1MXCF&oh=00_AYDnVZ1m7VZQfTa8y5jFAZWFihiMwkW_Pxjj7SasJ8uY7g&oe=66FC1E00","https://www.facebook.com/nani.lasangu",,,"0"
"Sticker",,,"1","83","1","1","8434050846645294","128","https://scontent.ftpa1-1.fna.fbcdn.net/v/t39.1997-6/458716520_8434050856645293_3974747129914805822_n.png?stp=dst-png_s168x128&_nc_cat=110&ccb=1-7&_nc_sid=23dd7b&_nc_ohc=60nkiwqm8bQQ7kNvgH3CBnV&_nc_ht=scontent.ftpa1-1.fna&_nc_gid=AfnvToD4IrEcQHgS13FXNQ2&oh=00_AYCIE6DLGA5kjQRDxWVqvIT31lBYod46Dh09oLCE_EAaGQ&oe=66FC23F2","128","",,,,,,"https://www.facebook.com/reel/1732473750835244/?comment_id=512730788133819",,"2024-09-25T05:41:35.000Z","122143029050282694","https://www.facebook.com/61558480822422/posts/122143029050282694","ZmVlZGJhY2s6MTIyMTQzMDI5MDUwMjgyNjk0XzUxMjczMDc4ODEzMzgxOQ==","Y29tbWVudDoxMjIxNDMwMjkwNTAyODI2OTRfNTEyNzMwNzg4MTMzODE5","https://www.facebook.com/61558480822422/posts/122143029050282694","0","463184800202476",,,,,,,,"Pertemuan kelompok tani. ‎خديجة كومدوفا‎ · ‎شكرا‎","61558480822422","Jefri Albutuni","https://scontent.ftpa1-1.fna.fbcdn.net/v/t39.30808-1/460623531_122142390344282694_8960312905275726761_n.jpg?stp=cp0_dst-jpg_s32x32&_nc_cat=101&ccb=1-7&_nc_sid=50d2ac&_nc_ohc=NxX11J8ubwMQ7kNvgGi6rIf&_nc_ht=scontent.ftpa1-1.fna&_nc_gid=AfnvToD4IrEcQHgS13FXNQ2&oh=00_AYAaKgVJVD6plKOKGcSxvvybXdu8FqZfTyBO9LPVuMeeGA&oe=66FC3CFC","https://www.facebook.com/people/Jefri-Albutuni/61558480822422/",,,"0"
,,,,,,,,,,,,,,,,,"https://www.facebook.com/reel/1732473750835244/?comment_id=1199580331333186",,"2024-09-25T05:34:28.000Z","122143029050282694","https://www.facebook.com/61558480822422/posts/122143029050282694","ZmVlZGJhY2s6MTIyMTQzMDI5MDUwMjgyNjk0XzExOTk1ODAzMzEzMzMxODY=","Y29tbWVudDoxMjIxNDMwMjkwNTAyODI2OTRfMTE5OTU4MDMzMTMzMzE4Ng==","https://www.facebook.com/61558480822422/posts/122143029050282694","0","463184800202476",,,,,,,,"Pertemuan kelompok tani. ‎خديجة كومدوفا‎ · ‎شكرا‎","100007578522755","Renzy Bintangasia","https://scontent.ftpa1-1.fna.fbcdn.net/v/t39.30808-1/426012403_3605728109689771_2277782955804277447_n.jpg?stp=cp0_dst-jpg_s32x32&_nc_cat=104&ccb=1-7&_nc_sid=50d2ac&_nc_ohc=tTmdX3bXLYAQ7kNvgG6t5un&_nc_ht=scontent.ftpa1-1.fna&_nc_gid=AfnvToD4IrEcQHgS13FXNQ2&oh=00_AYC_StfMabV1LrioC54VNDBr6z6_rEj3_CK0hzMB2zWulw&oe=66FC1E44","https://www.facebook.com/renzi.prayuda",,"Mantap om","0"
"Sticker",,,"1","83","1","1","491798936954364","128","https://scontent.fiev22-1.fna.fbcdn.net/v/t39.1997-6/458975915_491798940287697_2680460867696131787_n.png?stp=dst-png_s168x128&_nc_cat=103&ccb=1-7&_nc_sid=23dd7b&_nc_ohc=8MTzV3ofaMcQ7kNvgGsmHqV&_nc_ht=scontent.fiev22-1.fna&_nc_gid=AtxnDo9fgOprAW51mCHsopP&oh=00_AYDuA4z95hN6BnNT8sCLm_QG9oSyNhoazfQWS-Fm5Dx7tw&oe=66FC224B","128","",,,,,,"https://www.facebook.com/reel/1526384232089816/?comment_id=1219584032627492",,"2024-09-26T00:09:41.000Z","122143163084282694","https://www.facebook.com/61558480822422/posts/122143163084282694","ZmVlZGJhY2s6MTIyMTQzMTYzMDg0MjgyNjk0XzEyMTk1ODQwMzI2Mjc0OTI=","Y29tbWVudDoxMjIxNDMxNjMwODQyODI2OTRfMTIxOTU4NDAzMjYyNzQ5Mg==","https://www.facebook.com/61558480822422/posts/122143163084282694","0","463184800202476",,,,,,,,"@sorotan #bintangasia #benihcitraasia #inovasianaknegeri
#CNN #penghargaan. Jefri Albutuni · Original audio","61558480822422","Jefri Albutuni","https://scontent.fiev22-2.fna.fbcdn.net/v/t39.30808-1/460623531_122142390344282694_8960312905275726761_n.jpg?stp=cp0_dst-jpg_s32x32&_nc_cat=101&ccb=1-7&_nc_sid=50d2ac&_nc_ohc=NxX11J8ubwMQ7kNvgHoAtSd&_nc_ht=scontent.fiev22-2.fna&_nc_gid=AtxnDo9fgOprAW51mCHsopP&oh=00_AYBUXMvAkLIq8mS2SXcAYUuA2X9Sq49WgOHNnoqTNgBObw&oe=66FC3CFC","https://www.facebook.com/people/Jefri-Albutuni/61558480822422/",,,"0"
,,,,,,,,,,,,,,,,,"https://www.facebook.com/reel/1526384232089816/?comment_id=1077832126556365",,"2024-09-26T00:09:08.000Z","122143163084282694","https://www.facebook.com/61558480822422/posts/122143163084282694","ZmVlZGJhY2s6MTIyMTQzMTYzMDg0MjgyNjk0XzEwNzc4MzIxMjY1NTYzNjU=","Y29tbWVudDoxMjIxNDMxNjMwODQyODI2OTRfMTA3NzgzMjEyNjU1NjM2NQ==","https://www.facebook.com/61558480822422/posts/122143163084282694","0","463184800202476",,,,,,,,"@sorotan #bintangasia #benihcitraasia #inovasianaknegeri
#CNN #penghargaan. Jefri Albutuni · Original audio","pfbid02GAuDaFYvpdPdVQ3H3idaw6hvBbiQpj7inXaQtHrru4YwN3avMbBX3qyL3NUtomHVl","Diyana Al-butuni Butuni","https://scontent.fiev22-2.fna.fbcdn.net/v/t39.30808-1/294105312_3716377698588583_7679162191601797085_n.jpg?stp=cp0_dst-jpg_s32x32&_nc_cat=110&ccb=1-7&_nc_sid=0ecb9b&_nc_ohc=YxlxNsibKOwQ7kNvgFBQY2z&_nc_ht=scontent.fiev22-2.fna&_nc_gid=AtxnDo9fgOprAW51mCHsopP&oh=00_AYAjjrtSYOOT5Ah8M99lek08XRlKjYZwtNMrr4cFMYbYdg&oe=66FC3237","https://www.facebook.com/diana.lbrc",,"Jaya selalu bintang Asia","0"
,,,,,,,,,,,,,,,,,"https://www.facebook.com/reel/1526384232089816/?comment_id=1073552590954967",,"2024-09-26T03:40:43.000Z","122143163084282694","https://www.facebook.com/61558480822422/posts/122143163084282694","ZmVlZGJhY2s6MTIyMTQzMTYzMDg0MjgyNjk0XzEwNzM1NTI1OTA5NTQ5Njc=","Y29tbWVudDoxMjIxNDMxNjMwODQyODI2OTRfMTA3MzU1MjU5MDk1NDk2Nw==","https://www.facebook.com/61558480822422/posts/122143163084282694","0","463184800202476",,,,,,,,"@sorotan #bintangasia #benihcitraasia #inovasianaknegeri
#CNN #penghargaan. Jefri Albutuni · Original audio","100002979124339","Fifin Alfiano","https://scontent.fiev22-2.fna.fbcdn.net/v/t39.30808-1/357710526_6514876735288233_8366858765607829468_n.jpg?stp=cp0_dst-jpg_s32x32&_nc_cat=110&ccb=1-7&_nc_sid=50d2ac&_nc_ohc=a8pDQewqco4Q7kNvgGazXgY&_nc_ht=scontent.fiev22-2.fna&_nc_gid=AtxnDo9fgOprAW51mCHsopP&oh=00_AYAk4aNKFmNahhnA4HaqYiXaQAKa7CqlsJmmU-2kKCpvwA&oe=66FC252C","https://www.facebook.com/fifin.alfiano",,"Mantap","0"
"Sticker",,"https://scontent.fiev22-2.fna.fbcdn.net/v/t39.1997-6/47055694_1834508303314720_643166924464717824_n.webp?stp=dst-webp_s110x80&_nc_cat=1&ccb=1-7&_nc_sid=ba09c1&_nc_ohc=m9OkAram9jUQ7kNvgG6Pdnw&_nc_ht=scontent.fiev22-2.fna&_nc_gid=AtxnDo9fgOprAW51mCHsopP&oh=00_AYD6bgTz74wY_qTH2kUzVYhoxhHo4wUaF89etvMM4ufGaQ&oe=66FC37C9","12","83","3","4","1193278434104380","80","https://scontent.fiev22-2.fna.fbcdn.net/v/t39.1997-6/47614232_1846683475430536_3135922765756891136_n.png?stp=cp0_dst-png_s110x80&_nc_cat=1&ccb=1-7&_nc_sid=23dd7b&_nc_ohc=xr2D55UqW4IQ7kNvgEkIBvE&_nc_ht=scontent.fiev22-2.fna&_nc_gid=AtxnDo9fgOprAW51mCHsopP&oh=00_AYBqmQzHEtmVg7VtJ61wki1S8DW20YPrqCus_71t5Voepg&oe=66FC4323","80","Thumbs Up, girl giving thumbs up",,"1193273174104906","Noo-Hin",,"https://scontent.fiev22-2.fna.fbcdn.net/v/t39.1997-6/47472862_1846683478763869_5271603212267290624_n.png?stp=dst-png_p240x240&_nc_cat=1&ccb=1-7&_nc_sid=ba09c1&_nc_ohc=I0fODnDfZAYQ7kNvgHhoweb&_nc_ht=scontent.fiev22-2.fna&_nc_gid=AtxnDo9fgOprAW51mCHsopP&oh=00_AYBsbQGYsHy7B_OypoKhssxxbfClmUbql-QmDGKTqv6ZrQ&oe=66FC247E","https://www.facebook.com/reel/1526384232089816/?comment_id=8780607748618180",,"2024-09-26T01:17:47.000Z","122143163084282694","https://www.facebook.com/61558480822422/posts/122143163084282694","ZmVlZGJhY2s6MTIyMTQzMTYzMDg0MjgyNjk0Xzg3ODA2MDc3NDg2MTgxODA=","Y29tbWVudDoxMjIxNDMxNjMwODQyODI2OTRfODc4MDYwNzc0ODYxODE4MA==","https://www.facebook.com/61558480822422/posts/122143163084282694","0","463184800202476",,,,,,,,"@sorotan #bintangasia #benihcitraasia #inovasianaknegeri
#CNN #penghargaan. Jefri Albutuni · Original audio","100024783332197","Kasma Dirtha","https://scontent.fiev22-1.fna.fbcdn.net/v/t39.30808-1/458646968_1681165549386207_1403747210387736926_n.jpg?stp=cp0_dst-jpg_s32x32&_nc_cat=100&ccb=1-7&_nc_sid=50d2ac&_nc_ohc=GUAa9hFMV8gQ7kNvgHFvuwM&_nc_ht=scontent.fiev22-1.fna&_nc_gid=AtxnDo9fgOprAW51mCHsopP&oh=00_AYCu-R4VyF8HBS-YwSDP34hez_iiqcHe08mXr39fecYdNg&oe=66FC4A67","https://www.facebook.com/kasma.dirtha",,,"0"
"Sticker",,,"1","83","1","1","280280680528917","80","https://scontent-ord5-1.xx.fbcdn.net/v/t39.1997-6/240404950_280280683862250_377726035223267134_n.png?stp=cp0_dst-png_s110x80&_nc_cat=1&ccb=1-7&_nc_sid=23dd7b&_nc_ohc=NDqorde6tU8Q7kNvgH7TUQK&_nc_ht=scontent-ord5-1.xx&oh=00_AYAuZbP_cgLttRty8nfzViL_wGtf5T2VrX-Q2Y5JlOa8Hg&oe=66FC18B3","80","",,"222549939635325","[Newsfeed] Indonesia First Party",,,"https://www.facebook.com/permalink.php?story_fbid=pfbid0zEsffUjotUmN6uP8jFqLohrWetGBR1rAby8gEG9oHHRXxhN5m1XrNaALrwVV7nZGl&id=61558480822422&comment_id=1424468651558213",,"2024-09-25T11:50:38.000Z","122143049540282694","https://www.facebook.com/61558480822422/posts/122143049540282694","ZmVlZGJhY2s6MTIyMTQzMDQ5NTQwMjgyNjk0XzE0MjQ0Njg2NTE1NTgyMTM=","Y29tbWVudDoxMjIxNDMwNDk1NDAyODI2OTRfMTQyNDQ2ODY1MTU1ODIxMw==","https://www.facebook.com/61558480822422/posts/122143049540282694","0","463184800202476","false",,,,,,,"Bersama KWT","pfbid02DDYsxGNYD9RX64toRGyUgphPqzUkeSsHqCkPzccjxSV5BHqKYc4p7nxEPr2xwydcl","Yanti Herliyanti","https://scontent-ord5-2.xx.fbcdn.net/v/t39.30808-1/450963542_1240182534018470_7629265024124250990_n.jpg?stp=cp0_dst-jpg_s32x32&_nc_cat=105&ccb=1-7&_nc_sid=0ecb9b&_nc_ohc=aKipR3_hZd4Q7kNvgEgBLV_&_nc_ht=scontent-ord5-2.xx&oh=00_AYC3az0UXuFVWg_PCr1X7rOFqP_90A4c6P_51brw6Ye4EQ&oe=66FC191E","https://www.facebook.com/yanti.herliyanti.90",,,"0"
,,,,,,,,,,,,,,,,,"https://www.facebook.com/permalink.php?story_fbid=pfbid0zEsffUjotUmN6uP8jFqLohrWetGBR1rAby8gEG9oHHRXxhN5m1XrNaALrwVV7nZGl&id=61558480822422&comment_id=1233310171122447",,"2024-09-25T10:20:27.000Z","122143049540282694","https://www.facebook.com/61558480822422/posts/122143049540282694","ZmVlZGJhY2s6MTIyMTQzMDQ5NTQwMjgyNjk0XzEyMzMzMTAxNzExMjI0NDc=","Y29tbWVudDoxMjIxNDMwNDk1NDAyODI2OTRfMTIzMzMxMDE3MTEyMjQ0Nw==","https://www.facebook.com/61558480822422/posts/122143049540282694","0","463184800202476","false",,,,,,,"Bersama KWT","100007578522755","Renzy Bintangasia","https://scontent-ord5-2.xx.fbcdn.net/v/t39.30808-1/426012403_3605728109689771_2277782955804277447_n.jpg?stp=cp0_dst-jpg_s32x32&_nc_cat=104&ccb=1-7&_nc_sid=50d2ac&_nc_ohc=tTmdX3bXLYAQ7kNvgHDJpH-&_nc_ht=scontent-ord5-2.xx&oh=00_AYDLO4Ozuz1rVcn1k2UZ3GR7N4ijbeJCLRo4E2TKZRr7UA&oe=66FC1E44","https://www.facebook.com/renzi.prayuda",,"Mantap","0"
,,,,,,,,,,,,,,,,,"https://www.facebook.com/permalink.php?story_fbid=pfbid0zEsffUjotUmN6uP8jFqLohrWetGBR1rAby8gEG9oHHRXxhN5m1XrNaALrwVV7nZGl&id=61558480822422&comment_id=3763103814007455",,"2024-09-25T11:57:07.000Z","122143049540282694","https://www.facebook.com/61558480822422/posts/122143049540282694","ZmVlZGJhY2s6MTIyMTQzMDQ5NTQwMjgyNjk0XzM3NjMxMDM4MTQwMDc0NTU=","Y29tbWVudDoxMjIxNDMwNDk1NDAyODI2OTRfMzc2MzEwMzgxNDAwNzQ1NQ==","https://www.facebook.com/61558480822422/posts/122143049540282694","0","463184800202476","false",,,,,,,"Bersama KWT","pfbid032Uwd7djE9JnXUFBLAbBdLYBsHomVY227FEk9F15xXp23THz3MNHsdbcbL1MGDsssl","Ana Hardiana Ana","https://scontent-ord5-2.xx.fbcdn.net/v/t39.30808-1/355484440_1024620252239676_8084228362111405013_n.jpg?stp=cp0_dst-jpg_s32x32&_nc_cat=110&ccb=1-7&_nc_sid=0ecb9b&_nc_ohc=XQq5WqrlQQAQ7kNvgF8sVnQ&_nc_ht=scontent-ord5-2.xx&oh=00_AYBzu2V7NCr2RaYv8YUPPmTRvdBlABQddPCY1ZdbrtSp7A&oe=66FC3519","https://www.facebook.com/anahardiana.ana",,"Adakah bibitnya Nilam?","0"
"Sticker",,,"1","83","1","1","511043597971364","128","https://scontent-sea1-1.xx.fbcdn.net/v/t39.1997-6/454208388_511043601304697_3967296730621137934_n.png?stp=dst-png_s168x128&_nc_cat=108&ccb=1-7&_nc_sid=23dd7b&_nc_ohc=2MzqHm1MtroQ7kNvgE2QiMM&_nc_ht=scontent-sea1-1.xx&_nc_gid=Ap57JGqTaJ9MPm5MqSG4O8O&oh=00_AYAlqsr2l37WyCphy_GgWomX0kZC69KJtGYmm7gtI2_8fA&oe=66FC2A27","128","",,,,,,"https://www.facebook.com/reel/1465200567472406/?comment_id=1396072434651318",,"2024-09-23T10:51:35.000Z","122142699284282694","https://www.facebook.com/61558480822422/posts/122142699284282694","ZmVlZGJhY2s6MTIyMTQyNjk5Mjg0MjgyNjk0XzEzOTYwNzI0MzQ2NTEzMTg=","Y29tbWVudDoxMjIxNDI2OTkyODQyODI2OTRfMTM5NjA3MjQzNDY1MTMxOA==","https://www.facebook.com/61558480822422/posts/122142699284282694","1","463184800202476",,,,,,,,"KANGKUNG
SHANGHAI
Kangkung berdaun lebar.
Panen dicabut/dipotong.
Umur panen : ± 31 hst.
Potensi hasil : ± 26 ton/ha.
Adaptasi utama di dataran rendah.
Daya tumbuh terjamin.
Rasa agak manis.
Produksi...","pfbid0288FErFZwu3Cn8w4nTY8h4EuZ7djj3jUE4UUb7Yok5v9jSpRJZEYKYVFQgw7RXpzzl","Rahmat","https://scontent-sea1-1.xx.fbcdn.net/v/t1.6435-1/191479499_2869882333263900_8537816883354239640_n.jpg?stp=cp0_dst-jpg_s32x32&_nc_cat=103&ccb=1-7&_nc_sid=e4545e&_nc_ohc=AxkOzbsPDagQ7kNvgEohGxS&_nc_ht=scontent-sea1-1.xx&_nc_gid=Ap57JGqTaJ9MPm5MqSG4O8O&oh=00_AYDh1-2z5waiXQezsPMfxjFe7US7qN2_qjWVKDtheYAI-Q&oe=671DD124","https://www.facebook.com/masri56666",,,"0"
"Sticker",,,"1","83","1","1","1000519493737088","80","https://scontent-sea1-1.xx.fbcdn.net/v/t39.1997-6/105258811_1000519497070421_1877687988442182543_n.png?stp=cp0_dst-png_s110x80&_nc_cat=1&ccb=1-7&_nc_sid=23dd7b&_nc_ohc=v_JJotnNACUQ7kNvgGLAJb4&_nc_ht=scontent-sea1-1.xx&_nc_gid=Ap57JGqTaJ9MPm5MqSG4O8O&oh=00_AYDvCgzoDvbXYT45rB6I-Ma2JuV6kHqbDipfne1OnuoAeA&oe=66FC256B","80","a outstretched arm with a thumbs up. on the arm is written 'great' in indonesian",,"1000303507092020","Stories Stickers in Feed",,,"https://www.facebook.com/reel/1465200567472406/?comment_id=469080342785362",,"2024-09-23T10:49:39.000Z","122142699284282694","https://www.facebook.com/61558480822422/posts/122142699284282694","ZmVlZGJhY2s6MTIyMTQyNjk5Mjg0MjgyNjk0XzQ2OTA4MDM0Mjc4NTM2Mg==","Y29tbWVudDoxMjIxNDI2OTkyODQyODI2OTRfNDY5MDgwMzQyNzg1MzYy","https://www.facebook.com/61558480822422/posts/122142699284282694","1","463184800202476",,,,,,,,"KANGKUNG
SHANGHAI
Kangkung berdaun lebar.
Panen dicabut/dipotong.
Umur panen : ± 31 hst.
Potensi hasil : ± 26 ton/ha.
Adaptasi utama di dataran rendah.
Daya tumbuh terjamin.
Rasa agak manis.
Produksi...","pfbid0u6x1NbpdJ2bWgML7YUf84H5UfBmhyLVMjCnarPrCyZKjqKVZBCgiG7k7DCej18mVl","Safrin Edy","https://scontent-sea1-1.xx.fbcdn.net/v/t39.30808-1/236337247_4189826627797128_6649920497708658562_n.jpg?stp=cp0_dst-jpg_s32x32&_nc_cat=110&ccb=1-7&_nc_sid=0ecb9b&_nc_ohc=-B1mKwk1TmYQ7kNvgG-nF7s&_nc_ht=scontent-sea1-1.xx&_nc_gid=Ap57JGqTaJ9MPm5MqSG4O8O&oh=00_AYDXFN18cnK29h-PIG1wGK1yqlQoMshgtZK19iAfTQ1_Fw&oe=66FC3F21","https://www.facebook.com/frins.edi",,,"0"
"Sticker",,,"1","83","1","1","992236009135663","120","https://scontent-sea1-1.xx.fbcdn.net/v/t39.1997-6/435691069_992236012468996_8475334354831538794_n.webp?_nc_cat=111&ccb=1-7&_nc_sid=878c43&_nc_ohc=-VCupTYZeUsQ7kNvgE2MnjR&_nc_ht=scontent-sea1-1.xx&_nc_gid=Ap57JGqTaJ9MPm5MqSG4O8O&oh=00_AYD2Uzft5XcIW6mmRc8jGdBtMtme3ilg4AWtdn_ZmNGZtA&oe=66FC36A6","120","Avatar with both thumbs up and a broad smile.",,,,,,"https://www.facebook.com/reel/1465200567472406/?comment_id=556564980271039",,"2024-09-23T12:34:05.000Z","122142699284282694","https://www.facebook.com/61558480822422/posts/122142699284282694","ZmVlZGJhY2s6MTIyMTQyNjk5Mjg0MjgyNjk0XzU1NjU2NDk4MDI3MTAzOQ==","Y29tbWVudDoxMjIxNDI2OTkyODQyODI2OTRfNTU2NTY0OTgwMjcxMDM5","https://www.facebook.com/61558480822422/posts/122142699284282694","0","463184800202476",,,,,,,,"KANGKUNG
SHANGHAI
Kangkung berdaun lebar.
Panen dicabut/dipotong.
Umur panen : ± 31 hst.
Potensi hasil : ± 26 ton/ha.
Adaptasi utama di dataran rendah.
Daya tumbuh terjamin.
Rasa agak manis.
Produksi...","pfbid04MAvQvUD2Bu2WGRoChpDAfDenuDCK98hUHAfpiQuEYy9i1mx8kLiyJPtBkRqNqsQl","Sasriani Bindo","https://scontent-sea1-1.xx.fbcdn.net/v/t39.30808-1/366661951_122098247786008546_4984155799779776174_n.jpg?stp=c0.0.1224.1224a_cp0_dst-jpg_s32x32&_nc_cat=110&ccb=1-7&_nc_sid=0ecb9b&_nc_ohc=oHPnpcV-a3MQ7kNvgF8W-66&_nc_ht=scontent-sea1-1.xx&_nc_gid=Ap57JGqTaJ9MPm5MqSG4O8O&oh=00_AYA8Hy-d6v0XDKsLxuBG_zz6FzfEWnLJOhQKDCVjZHg-EQ&oe=66FC3C9F","https://www.facebook.com/people/Sasriani-Bindo/pfbid04MAvQvUD2Bu2WGRoChpDAfDenuDCK98hUHAfpiQuEYy9i1mx8kLiyJPtBkRqNqsQl/",,,"0"
,,,,,,,,,,,,,,,,,"https://www.facebook.com/reel/1465200567472406/?comment_id=927607359194866",,"2024-09-23T11:47:29.000Z","122142699284282694","https://www.facebook.com/61558480822422/posts/122142699284282694","ZmVlZGJhY2s6MTIyMTQyNjk5Mjg0MjgyNjk0XzkyNzYwNzM1OTE5NDg2Ng==","Y29tbWVudDoxMjIxNDI2OTkyODQyODI2OTRfOTI3NjA3MzU5MTk0ODY2","https://www.facebook.com/61558480822422/posts/122142699284282694","0","463184800202476",,,,,,,,"KANGKUNG
SHANGHAI
Kangkung berdaun lebar.
Panen dicabut/dipotong.
Umur panen : ± 31 hst.
Potensi hasil : ± 26 ton/ha.
Adaptasi utama di dataran rendah.
Daya tumbuh terjamin.
Rasa agak manis.
Produksi...","100007578522755","Renzy Bintangasia","https://scontent-sea1-1.xx.fbcdn.net/v/t39.30808-1/426012403_3605728109689771_2277782955804277447_n.jpg?stp=cp0_dst-jpg_s32x32&_nc_cat=104&ccb=1-7&_nc_sid=50d2ac&_nc_ohc=tTmdX3bXLYAQ7kNvgFst-O8&_nc_ht=scontent-sea1-1.xx&_nc_gid=Ap57JGqTaJ9MPm5MqSG4O8O&oh=00_AYBfOlNkcSarpckrWJn7kAxfD2R0VYQCOSDgPFMiakdLqg&oe=66FC1E44","https://www.facebook.com/renzi.prayuda",,"Mantap om","0"
"Sticker",,"https://scontent-sea1-1.xx.fbcdn.net/v/t39.1997-6/47055694_1834508303314720_643166924464717824_n.webp?stp=dst-webp_s110x80&_nc_cat=1&ccb=1-7&_nc_sid=ba09c1&_nc_ohc=m9OkAram9jUQ7kNvgF76741&_nc_ht=scontent-sea1-1.xx&_nc_gid=Ap57JGqTaJ9MPm5MqSG4O8O&oh=00_AYAkD_6Cs-BwBekpEsvYQOzAExmJO9CthJfEfZmL8QtxWQ&oe=66FC37C9","12","83","3","4","1193278434104380","80","https://scontent-sea1-1.xx.fbcdn.net/v/t39.1997-6/47614232_1846683475430536_3135922765756891136_n.png?stp=cp0_dst-png_s110x80&_nc_cat=1&ccb=1-7&_nc_sid=23dd7b&_nc_ohc=xr2D55UqW4IQ7kNvgGe4W8B&_nc_ht=scontent-sea1-1.xx&_nc_gid=Ap57JGqTaJ9MPm5MqSG4O8O&oh=00_AYCVuwOyk48v4wj9sFZMe4ALFvcI05FmhLoGxVmJBdxH2g&oe=66FC4323","80","Thumbs Up, girl giving thumbs up",,"1193273174104906","Noo-Hin",,"https://scontent-sea1-1.xx.fbcdn.net/v/t39.1997-6/47472862_1846683478763869_5271603212267290624_n.png?stp=dst-png_p240x240&_nc_cat=1&ccb=1-7&_nc_sid=ba09c1&_nc_ohc=I0fODnDfZAYQ7kNvgFvhUjc&_nc_ht=scontent-sea1-1.xx&_nc_gid=Ap57JGqTaJ9MPm5MqSG4O8O&oh=00_AYAAXga3SLIQjc5FvT84vGGjMltW7d55nwZQpLgyr0jcfA&oe=66FC247E","https://www.facebook.com/reel/1465200567472406/?comment_id=498026449664019",,"2024-09-24T00:10:07.000Z","122142699284282694","https://www.facebook.com/61558480822422/posts/122142699284282694","ZmVlZGJhY2s6MTIyMTQyNjk5Mjg0MjgyNjk0XzQ5ODAyNjQ0OTY2NDAxOQ==","Y29tbWVudDoxMjIxNDI2OTkyODQyODI2OTRfNDk4MDI2NDQ5NjY0MDE5","https://www.facebook.com/61558480822422/posts/122142699284282694","0","463184800202476",,,,,,,,"KANGKUNG
SHANGHAI
Kangkung berdaun lebar.
Panen dicabut/dipotong.
Umur panen : ± 31 hst.
Potensi hasil : ± 26 ton/ha.
Adaptasi utama di dataran rendah.
Daya tumbuh terjamin.
Rasa agak manis.
Produksi...","pfbid02eZX2WB724qAVvJAUqfXErZFsu85BaW7CqH1SCGqomt9hEWEXU6YsScFbLNj2u3m3l","Suraida Ida","https://scontent-sea1-1.xx.fbcdn.net/v/t39.30808-1/275731211_100974385895401_2934209454618318016_n.jpg?stp=c312.0.1224.1224a_cp0_dst-jpg_s32x32&_nc_cat=107&ccb=1-7&_nc_sid=0ecb9b&_nc_ohc=nG3kgkhpwQQQ7kNvgGIZCMk&_nc_ht=scontent-sea1-1.xx&_nc_gid=Ap57JGqTaJ9MPm5MqSG4O8O&oh=00_AYDtdbuSYSMm-qY6TvEqsQq2pzke9y0hXLSmZdVjhe1w0g&oe=66FC34AB","https://www.facebook.com/people/Suraida-Ida/pfbid02eZX2WB724qAVvJAUqfXErZFsu85BaW7CqH1SCGqomt9hEWEXU6YsScFbLNj2u3m3l/",,,"0"
,,,,,,,,,,,,,,,,,"https://www.facebook.com/reel/1465200567472406/?comment_id=1705574976957576","1","2024-09-23T13:32:07.000Z","122142699284282694","https://www.facebook.com/61558480822422/posts/122142699284282694","ZmVlZGJhY2s6MTIyMTQyNjk5Mjg0MjgyNjk0XzE3MDU1NzQ5NzY5NTc1NzY=","Y29tbWVudDoxMjIxNDI2OTkyODQyODI2OTRfMTcwNTU3NDk3Njk1NzU3Ng==","https://www.facebook.com/61558480822422/posts/122142699284282694","0","463184800202476",,,,,,,,"KANGKUNG
SHANGHAI
Kangkung berdaun lebar.
Panen dicabut/dipotong.
Umur panen : ± 31 hst.
Potensi hasil : ± 26 ton/ha.
Adaptasi utama di dataran rendah.
Daya tumbuh terjamin.
Rasa agak manis.
Produksi...","pfbid029Gs6MsxUCv8HwVf99ztS5wjMMLMBMnFBPn4sPxdxgunTtzy8SbWnekViPHwpe5E8l","Natsir Wiwin","https://scontent-sea1-1.xx.fbcdn.net/v/t1.6435-1/35733495_858274961040712_4950461094431817728_n.jpg?stp=cp0_dst-jpg_s32x32&_nc_cat=101&ccb=1-7&_nc_sid=e4545e&_nc_ohc=-Zt-1O3DdSkQ7kNvgHOscvj&_nc_ht=scontent-sea1-1.xx&_nc_gid=Ap57JGqTaJ9MPm5MqSG4O8O&oh=00_AYDBocUJ_KuVjMmU0SnSCRQE76Sz0jpkVm5Mu2iBHooLYQ&oe=671DC06C","https://www.facebook.com/people/Natsir-Wiwin/pfbid029Gs6MsxUCv8HwVf99ztS5wjMMLMBMnFBPn4sPxdxgunTtzy8SbWnekViPHwpe5E8l/",,"Mantap om.. memang rekomended..","0"
,,,,,,,,,,,,,,,,,"https://www.facebook.com/reel/1465200567472406/?comment_id=1195454081725991",,"2024-09-23T11:44:37.000Z","122142699284282694","https://www.facebook.com/61558480822422/posts/122142699284282694","ZmVlZGJhY2s6MTIyMTQyNjk5Mjg0MjgyNjk0XzExOTU0NTQwODE3MjU5OTE=","Y29tbWVudDoxMjIxNDI2OTkyODQyODI2OTRfMTE5NTQ1NDA4MTcyNTk5MQ==","https://www.facebook.com/61558480822422/posts/122142699284282694","0","463184800202476",,,,,,,,"KANGKUNG
SHANGHAI
Kangkung berdaun lebar.
Panen dicabut/dipotong.
Umur panen : ± 31 hst.
Potensi hasil : ± 26 ton/ha.
Adaptasi utama di dataran rendah.
Daya tumbuh terjamin.
Rasa agak manis.
Produksi...","1828565536","Mohammad Iqbal Agustiana","https://scontent-sea1-1.xx.fbcdn.net/v/t1.18169-1/1468799_10203929170029473_1521419688104736133_n.jpg?stp=cp0_dst-jpg_s32x32&_nc_cat=110&ccb=1-7&_nc_sid=db5862&_nc_ohc=wg3VnX7vyxUQ7kNvgEiLnCO&_nc_ht=scontent-sea1-1.xx&oh=00_AYDjLNjxFzC3Vy2PooUG8K-3wNvOxJ4C7krsNqCZrXE3Rg&oe=671DD46F",,,"Mantap","0"
,,,,,,,,,,,,,,,,,"https://www.facebook.com/reel/1465200567472406/?comment_id=1210111313588942","1","2024-09-23T11:06:40.000Z","122142699284282694","https://www.facebook.com/61558480822422/posts/122142699284282694","ZmVlZGJhY2s6MTIyMTQyNjk5Mjg0MjgyNjk0XzEyMTAxMTEzMTM1ODg5NDI=","Y29tbWVudDoxMjIxNDI2OTkyODQyODI2OTRfMTIxMDExMTMxMzU4ODk0Mg==","https://www.facebook.com/61558480822422/posts/122142699284282694","0","463184800202476",,,,,,,,"KANGKUNG
SHANGHAI
Kangkung berdaun lebar.
Panen dicabut/dipotong.
Umur panen : ± 31 hst.
Potensi hasil : ± 26 ton/ha.
Adaptasi utama di dataran rendah.
Daya tumbuh terjamin.
Rasa agak manis.
Produksi...","pfbid03439fK394yed4227xZwXwyVwwmkVW2HHxBYrnDuhAuw8Pk7trWDut2Kxr6nNoV5tal","Kadek Budiasa","https://scontent-sea1-1.xx.fbcdn.net/v/t39.30808-1/303146505_138179015583970_1693991984225184500_n.jpg?stp=c0.0.720.720a_cp0_dst-jpg_s32x32&_nc_cat=110&ccb=1-7&_nc_sid=0ecb9b&_nc_ohc=vVL-fVuqUuwQ7kNvgGWRZ-P&_nc_ht=scontent-sea1-1.xx&_nc_gid=Ap57JGqTaJ9MPm5MqSG4O8O&oh=00_AYC08-oPX-ljuELItDaMHgRprr7djgNSi4Kj_lO2-ukbGA&oe=66FC4942","https://www.facebook.com/people/Kadek-Budiasa/pfbid03439fK394yed4227xZwXwyVwwmkVW2HHxBYrnDuhAuw8Pk7trWDut2Kxr6nNoV5tal/",,"Berapa satu bungkus bos ku bibit kang kung satu dusnya","0"
,,,,,,,,,,,,,,,,,"https://www.facebook.com/reel/1465200567472406/?comment_id=1210111313588942&reply_comment_id=858435956416163",,"2024-09-23T11:11:22.000Z","122142699284282694","https://www.facebook.com/61558480822422/posts/122142699284282694","ZmVlZGJhY2s6MTIyMTQyNjk5Mjg0MjgyNjk0Xzg1ODQzNTk1NjQxNjE2Mw==","Y29tbWVudDoxMjIxNDI2OTkyODQyODI2OTRfODU4NDM1OTU2NDE2MTYz","https://www.facebook.com/61558480822422/posts/122142699284282694","0","463184800202476",,,"User","pfbid03439fK394yed4227xZwXwyVwwmkVW2HHxBYrnDuhAuw8Pk7trWDut2Kxr6nNoV5tal","Kadek Budiasa","Kadek","Y29tbWVudDoxMjIxNDI2OTkyODQyODI2OTRfMTIxMDExMTMxMzU4ODk0Mg==","KANGKUNG
SHANGHAI
Kangkung berdaun lebar.
Panen dicabut/dipotong.
Umur panen : ± 31 hst.
Potensi hasil : ± 26 ton/ha.
Adaptasi utama di dataran rendah.
Daya tumbuh terjamin.
Rasa agak manis.
Produksi...","61558480822422","Jefri Albutuni","https://scontent-sjc3-1.xx.fbcdn.net/v/t39.30808-1/460623531_122142390344282694_8960312905275726761_n.jpg?stp=cp0_dst-jpg_s32x32&_nc_cat=101&ccb=1-7&_nc_sid=50d2ac&_nc_ohc=NxX11J8ubwMQ7kNvgGTUKcB&_nc_ht=scontent-sjc3-1.xx&_nc_gid=AQfGohPtkE9cp320xCoEfEF&oh=00_AYBhped8sUnEqioCHODRyLmpB6lKY5JO5rhad4w3lvkCPQ&oe=66FC3CFC","https://www.facebook.com/people/Jefri-Albutuni/61558480822422/","Y29tbWVudDoxMjIxNDI2OTkyODQyODI2OTRfMTIxMDExMTMxMzU4ODk0Mg==","Kadek Budiasa sdh saya inbox dgn nma tokonya","1"
"Sticker",,,"1","83","1","1","1988573798241530","120","https://scontent-lga3-2.xx.fbcdn.net/v/t39.1997-6/458987703_1988573801574863_7582335779459520549_n.webp?_nc_cat=104&ccb=1-7&_nc_sid=878c43&_nc_ohc=7_oZ5PssReQQ7kNvgGteBiN&_nc_ht=scontent-lga3-2.xx&_nc_gid=A2IvdYLTw7AosFxocm_oycz&oh=00_AYB6TzodLenUhCCmDgb1dM84sAgWYrT0NAVgi6CPfA7x5w&oe=66FC1B59","120","",,,,,,"https://www.facebook.com/reel/1465200567472406/?comment_id=1705574976957576&reply_comment_id=1268691214298963",,"2024-09-23T13:33:39.000Z","122142699284282694","https://www.facebook.com/61558480822422/posts/122142699284282694","ZmVlZGJhY2s6MTIyMTQyNjk5Mjg0MjgyNjk0XzEyNjg2OTEyMTQyOTg5NjM=","Y29tbWVudDoxMjIxNDI2OTkyODQyODI2OTRfMTI2ODY5MTIxNDI5ODk2Mw==","https://www.facebook.com/61558480822422/posts/122142699284282694","0","463184800202476",,,"User","pfbid029Gs6MsxUCv8HwVf99ztS5wjMMLMBMnFBPn4sPxdxgunTtzy8SbWnekViPHwpe5E8l","Natsir Wiwin","Natsir","Y29tbWVudDoxMjIxNDI2OTkyODQyODI2OTRfMTcwNTU3NDk3Njk1NzU3Ng==","KANGKUNG
SHANGHAI
Kangkung berdaun lebar.
Panen dicabut/dipotong.
Umur panen : ± 31 hst.
Potensi hasil : ± 26 ton/ha.
Adaptasi utama di dataran rendah.
Daya tumbuh terjamin.
Rasa agak manis.
Produksi...","61558480822422","Jefri Albutuni","https://scontent-lga3-2.xx.fbcdn.net/v/t39.30808-1/460623531_122142390344282694_8960312905275726761_n.jpg?stp=cp0_dst-jpg_s32x32&_nc_cat=101&ccb=1-7&_nc_sid=50d2ac&_nc_ohc=NxX11J8ubwMQ7kNvgEanYRH&_nc_ht=scontent-lga3-2.xx&_nc_gid=A2IvdYLTw7AosFxocm_oycz&oh=00_AYB40GvNT1HGAtKhs2I36VTtgqH_Q0T0J09fH1ZShNAk1g&oe=66FC3CFC","https://www.facebook.com/people/Jefri-Albutuni/61558480822422/","Y29tbWVudDoxMjIxNDI2OTkyODQyODI2OTRfMTcwNTU3NDk3Njk1NzU3Ng==","Natsir Wiwin","1"
