﻿"attachments/0/__typename","attachments/0/animated_image","attachments/0/frame_count","attachments/0/frame_rate","attachments/0/frames_per_column","attachments/0/frames_per_row","attachments/0/id","attachments/0/image/height","attachments/0/image/uri","attachments/0/image/width","attachments/0/label","attachments/0/pack","attachments/0/pack/id","attachments/0/pack/name","attachments/0/sprite_image","attachments/0/target/__typename","attachments/0/target/id","attachments/0/target/matching_quantity","attachments/0/target/spark_quantity","attachments/0/target/stars_image_on_star_quantity","attachments/0/target/virtual_gift","attachments/0/target/virtual_gift_type/__typename","attachments/0/target/virtual_gift_type/gift_animated_image","attachments/0/target/virtual_gift_type/gift_image","attachments/0/target/virtual_gift_type/gift_keyframe_asset_name","attachments/0/target/virtual_gift_type/gift_keyframe_asset_url","attachments/0/target/virtual_gift_type/id","commentUrl","comments/0/commentUrl","comments/0/date","comments/0/feedbackId","comments/0/id","comments/0/likesCount","comments/0/parentComment/author/__typename","comments/0/parentComment/author/id","comments/0/parentComment/author/name","comments/0/parentComment/author/short_name","comments/0/parentComment/id","comments/0/profileId","comments/0/profileName","comments/0/profilePicture","comments/0/profileUrl","comments/0/replyToCommentId","comments/0/text","comments/0/threadingDepth","commentsCount","date","facebookId","facebookUrl","feedbackId","id","inputUrl","likesCount","pageAdLibrary/id","pageAdLibrary/is_business_page_active","pageAdLibrary/woodhenge_creator_info","parentComment/author/__typename","parentComment/author/id","parentComment/author/name","parentComment/author/short_name","parentComment/id","postTitle","profileId","profileName","profilePicture","profileUrl","replyToCommentId","text","threadingDepth"
,,,,,,,,,,,,,,,,,,,,,,,,,,,"https://www.facebook.com/nizar.setia.3/posts/pfbid02Y1aLrd6tb6oG8Dp9tFLJLx7z5s4AXVmdGRzaX3kwqhmiuucSfoesYh3we2oEsw9Vl?comment_id=1074244797395303",,,,,,,,,,,,,,,,,,,"2024-09-14T12:02:45.000Z","2721377164699779","https://www.facebook.com/100004825651478/posts/2721377164699779","ZmVlZGJhY2s6MjcyMTM3NzE2NDY5OTc3OV8xMDc0MjQ0Nzk3Mzk1MzAz","Y29tbWVudDoyNzIxMzc3MTY0Njk5Nzc5XzEwNzQyNDQ3OTczOTUzMDM=","https://www.facebook.com/100004825651478/posts/2721377164699779","0","354414791082278","false",,,,,,,"Produk Inovasi Anak Negeri Cap Bintang Asia
Jagung Pakan Varietas BETRAS 9 F1
Tahan Bulai, Rendemen Tinggi, Umur Panen Genjah/Pendek.. 

@sorotan 
Semuaorang Pengikut
Benih Citra Asia","100007578522755","Renzy Bintangasia","https://scontent-gru1-1.xx.fbcdn.net/v/t39.30808-1/426012403_3605728109689771_2277782955804277447_n.jpg?stp=cp0_dst-jpg_s32x32&_nc_cat=104&ccb=1-7&_nc_sid=50d2ac&_nc_ohc=eSL7nwrCcoUQ7kNvgEDXD4N&_nc_ht=scontent-gru1-1.xx&_nc_gid=AzMeCTiwCPp_b2T_ciM3BBo&oh=00_AYCS2j0KuIB1xCJD_B9mVBkqmhi84rsh-TtKKlVWF_7aFA&oe=66FA9484","https://www.facebook.com/renzi.prayuda",,"Mantap bosku","0"
"Sticker",,"1","83","1","1","399743739744774","128","https://scontent-ord5-2.xx.fbcdn.net/v/t39.1997-6/449830675_399743743078107_5038455672031160462_n.png?stp=dst-png_s168x128&_nc_cat=104&ccb=1-7&_nc_sid=23dd7b&_nc_ohc=p4tbe-nOMawQ7kNvgHsEBsJ&_nc_ht=scontent-ord5-2.xx&oh=00_AYBQxOKgLTXaN3XraLtsjFiIzeQf59DYixm1jhtdOwm8Nw&oe=66FABF3A","128","",,,,,,,,,,,,,,,,,"https://www.facebook.com/reel/1198609338104031/?comment_id=401827772933227",,,,,,,,,,,,,,,,,,,"2024-09-14T14:18:45.000Z","2721479738022855","https://www.facebook.com/100004825651478/posts/2721479738022855","ZmVlZGJhY2s6MjcyMTQ3OTczODAyMjg1NV80MDE4Mjc3NzI5MzMyMjc=","Y29tbWVudDoyNzIxNDc5NzM4MDIyODU1XzQwMTgyNzc3MjkzMzIyNw==","https://www.facebook.com/100004825651478/posts/2721479738022855","1","214897285046227",,,,,,,,"Mj · Tomato","pfbid035BzA9qQ3JGzhBeYL1S9FJNEEVCTNUsy6qVEs2CChVNnmAq5BtfqGxGxvqnLe5YCal","Bie Hen Rengas","https://scontent-ord5-1.xx.fbcdn.net/v/t39.30808-1/281162243_1962665043923959_5308726354068370958_n.jpg?stp=cp0_dst-jpg_s32x32&_nc_cat=106&ccb=1-7&_nc_sid=0ecb9b&_nc_ohc=h-XjUEsDXzUQ7kNvgH9KNWf&_nc_ht=scontent-ord5-1.xx&oh=00_AYDPEvIN7Yjz1f7xqaDtHAti0nqa11isWdp1ZVyE7RK6mg&oe=66FA9618",,,,"0"
,,,,,,,,,,,,,,,,,,,,,,,,,,,"https://www.facebook.com/nizar.setia.3/posts/pfbid02RDSGKCGG6v4xYuaXPKeQYtYmswwSrFtLyvhoxStiSdkR7VXAX2s5nmg6HL4qjscYl?comment_id=897347382455125",,,,,,,,,,,,,,,,,,,"2024-09-14T05:07:10.000Z","2720955601408602","https://www.facebook.com/100004825651478/posts/2720955601408602","ZmVlZGJhY2s6MjcyMDk1NTYwMTQwODYwMl84OTczNDczODI0NTUxMjU=","Y29tbWVudDoyNzIwOTU1NjAxNDA4NjAyXzg5NzM0NzM4MjQ1NTEyNQ==","https://www.facebook.com/100004825651478/posts/2720955601408602","0","357880607403962","false",,,,,,,"Tomat Natama Super f1 di Pasirwangi, Kabupaten Garut
Benih Citra Asia @sorotan #benih","61558480822422","Jefri Albutuni","https://scontent-bos5-1.xx.fbcdn.net/v/t39.30808-1/460623531_122142390344282694_8960312905275726761_n.jpg?stp=cp0_dst-jpg_s32x32&_nc_cat=101&ccb=1-7&_nc_sid=50d2ac&_nc_ohc=Qz-XJMNiORkQ7kNvgH3ZHu_&_nc_ht=scontent-bos5-1.xx&_nc_gid=A6Rs08kpe-g5o2b85RhbGtf&oh=00_AYDavg-xJ0Bj_MaSpQ6vTVAB4juo6C49cxVhcCDGcyFGyA&oe=66FAB33C","https://www.facebook.com/people/Jefri-Albutuni/61558480822422/",,"Mantap.. Lanjutkan","0"
,,,,,,,,,,,,,,,,,,,,,,,,,,,"https://www.facebook.com/nizar.setia.3/posts/pfbid02RDSGKCGG6v4xYuaXPKeQYtYmswwSrFtLyvhoxStiSdkR7VXAX2s5nmg6HL4qjscYl?comment_id=498596203103482",,,,,,,,,,,,,,,,,,,"2024-09-14T02:32:21.000Z","2720955601408602","https://www.facebook.com/100004825651478/posts/2720955601408602","ZmVlZGJhY2s6MjcyMDk1NTYwMTQwODYwMl80OTg1OTYyMDMxMDM0ODI=","Y29tbWVudDoyNzIwOTU1NjAxNDA4NjAyXzQ5ODU5NjIwMzEwMzQ4Mg==","https://www.facebook.com/100004825651478/posts/2720955601408602","0","357880607403962","false",,,,,,,"Tomat Natama Super f1 di Pasirwangi, Kabupaten Garut
Benih Citra Asia @sorotan #benih","100007578522755","Renzy Bintangasia","https://scontent-bos5-1.xx.fbcdn.net/v/t39.30808-1/426012403_3605728109689771_2277782955804277447_n.jpg?stp=cp0_dst-jpg_s32x32&_nc_cat=104&ccb=1-7&_nc_sid=50d2ac&_nc_ohc=eSL7nwrCcoUQ7kNvgFLS2Na&_nc_ht=scontent-bos5-1.xx&_nc_gid=A6Rs08kpe-g5o2b85RhbGtf&oh=00_AYA3d-o7q04U5Dhb6THR1aIeugfms0kf4KGllwl1bB_8oQ&oe=66FA9484","https://www.facebook.com/renzi.prayuda",,"Mantap","0"
,,,,,,,,,,,,,,,,,,,,,,,,,,,"https://www.facebook.com/nizar.setia.3/posts/pfbid02RDSGKCGG6v4xYuaXPKeQYtYmswwSrFtLyvhoxStiSdkR7VXAX2s5nmg6HL4qjscYl?comment_id=530594869421290",,,,,,,,,,,,,,,,,,,"2024-09-14T02:58:14.000Z","2720955601408602","https://www.facebook.com/100004825651478/posts/2720955601408602","ZmVlZGJhY2s6MjcyMDk1NTYwMTQwODYwMl81MzA1OTQ4Njk0MjEyOTA=","Y29tbWVudDoyNzIwOTU1NjAxNDA4NjAyXzUzMDU5NDg2OTQyMTI5MA==","https://www.facebook.com/100004825651478/posts/2720955601408602","0","357880607403962","false",,,,,,,"Tomat Natama Super f1 di Pasirwangi, Kabupaten Garut
Benih Citra Asia @sorotan #benih","pfbid0Y3777vCzrfV2t4RumUwr1DtuzLP5rb2Auw16MKjHJ43m3wSb5NXyWqQDtc9czcsYl","Yospiqmi Rizal Bintang Asia","https://scontent-bos5-1.xx.fbcdn.net/v/t1.18169-1/12814133_605474156274254_1255382583968893776_n.jpg?stp=cp0_dst-jpg_s32x32&_nc_cat=107&ccb=1-7&_nc_sid=e4545e&_nc_ohc=kdQuQnbPgI8Q7kNvgF7ITlo&_nc_ht=scontent-bos5-1.xx&oh=00_AYAXK1VKhQDaBIZ3eg1IlX_J5NEww9gX4mRusTY5DlnwYQ&oe=671C31FC","https://www.facebook.com/yospiqmi.rizal",,"Lanjutkan bosku","0"
,,,,,,,,,,,,,,,,,,,,,,,,,,,"https://www.facebook.com/reel/826509352631404/?comment_id=851126480451707",,,,,,,,,,,,,,,,,,,"2024-09-14T13:35:04.000Z","2721479841356178","https://www.facebook.com/100004825651478/posts/2721479841356178","ZmVlZGJhY2s6MjcyMTQ3OTg0MTM1NjE3OF84NTExMjY0ODA0NTE3MDc=","Y29tbWVudDoyNzIxNDc5ODQxMzU2MTc4Xzg1MTEyNjQ4MDQ1MTcwNw==","https://www.facebook.com/100004825651478/posts/2721479841356178","0","214897285046227",,,,,,,,"NiZar Bintang Asia · Original audio","100007578522755","Renzy Bintangasia","https://scontent-lga3-2.xx.fbcdn.net/v/t39.30808-1/426012403_3605728109689771_2277782955804277447_n.jpg?stp=cp0_dst-jpg_s32x32&_nc_cat=104&ccb=1-7&_nc_sid=50d2ac&_nc_ohc=eSL7nwrCcoUQ7kNvgHuYdyK&_nc_ht=scontent-lga3-2.xx&_nc_gid=A_OcF29G-9ZniG1xWStEibI&oh=00_AYDLoGb-j1GUwl1A0wVB0eUj8IJPJ4cn2iMYiJh9wJ6WEw&oe=66FA9484","https://www.facebook.com/renzi.prayuda",,"Mantap","0"
,,,,,,,,,,,,,,,,,,,,,,,,,,,"https://www.facebook.com/nizar.setia.3/posts/pfbid02dUwWip14GZconaL6o2V5RxsGvRQwk2wST31tnoRTzzuScdqvG5pJFXFZtNCcfRv5l?comment_id=1797869291019122",,,,,,,,,,,,,,,,,,,"2024-09-22T17:33:12.000Z","2727666537404175","https://www.facebook.com/100004825651478/posts/2727666537404175","ZmVlZGJhY2s6MjcyNzY2NjUzNzQwNDE3NV8xNzk3ODY5MjkxMDE5MTIy","Y29tbWVudDoyNzI3NjY2NTM3NDA0MTc1XzE3OTc4NjkyOTEwMTkxMjI=","https://www.facebook.com/100004825651478/posts/2727666537404175","0","463184800202476","false",,,,,,,"MELON
LEONI MH F1
Melon Hibrida
Bentuk buah: bulat.
Berat per buah : 2,75 kg.
Warna daging buah : putih.
Umur panen (hst) : 54-55.
Tahan gemini virus.
Cocok dimusim hujan.","100004825651478","NiZar Bintang Asia","https://scontent.fcuu5-1.fna.fbcdn.net/v/t39.30808-1/438276089_2611594555678041_6997404202785061953_n.jpg?stp=cp0_dst-jpg_p32x32&_nc_cat=111&ccb=1-7&_nc_sid=50d2ac&_nc_ohc=0dM51A4Ta0IQ7kNvgFfSQxV&_nc_ht=scontent.fcuu5-1.fna&_nc_gid=AV1aZSi-JZdHJzI19LZAvcZ&oh=00_AYCNPJaENWfdYyKZBifImEiaWBRP9g-tpKlqDKxoS4Sy_A&oe=66FAC6EE","https://www.facebook.com/nizar.setia.3",,"Yes","0"
,,,,,,,,,,,,,,,,,,,,,,,,,,,"https://www.facebook.com/nizar.setia.3/posts/pfbid02dUwWip14GZconaL6o2V5RxsGvRQwk2wST31tnoRTzzuScdqvG5pJFXFZtNCcfRv5l?comment_id=1247209426713305",,,,,,,,,,,,,,,,,,,"2024-09-24T04:08:10.000Z","2727666537404175","https://www.facebook.com/100004825651478/posts/2727666537404175","ZmVlZGJhY2s6MjcyNzY2NjUzNzQwNDE3NV8xMjQ3MjA5NDI2NzEzMzA1","Y29tbWVudDoyNzI3NjY2NTM3NDA0MTc1XzEyNDcyMDk0MjY3MTMzMDU=","https://www.facebook.com/100004825651478/posts/2727666537404175","0","463184800202476","false",,,,,,,"MELON
LEONI MH F1
Melon Hibrida
Bentuk buah: bulat.
Berat per buah : 2,75 kg.
Warna daging buah : putih.
Umur panen (hst) : 54-55.
Tahan gemini virus.
Cocok dimusim hujan.","100000029645476","Cayadi Bintang Asia","https://scontent.fcuu5-1.fna.fbcdn.net/v/t31.18172-1/15724565_1469077786436529_7264600135043183638_o.jpg?stp=c0.200.1200.1200a_cp0_dst-jpg_s32x32&_nc_cat=101&ccb=1-7&_nc_sid=db5862&_nc_ohc=_qvmJeQFSOAQ7kNvgHWWcxU&_nc_ht=scontent.fcuu5-1.fna&_nc_gid=AV1aZSi-JZdHJzI19LZAvcZ&oh=00_AYDhceGjqFmTPv6vxj92BjFp5O9CYdkCpQW1bgUlrF70iQ&oe=671C4CBE","https://www.facebook.com/cayadi.santosa",,"Inovasi tiada henti. Sukses bintang Asia..","0"
,,,,,,,,,,,,,,,,,,,,,,,,,,,"https://www.facebook.com/nizar.setia.3/posts/pfbid02dUwWip14GZconaL6o2V5RxsGvRQwk2wST31tnoRTzzuScdqvG5pJFXFZtNCcfRv5l?comment_id=1066922784819717",,,,,,,,,,,,,,,,,,,"2024-09-20T09:18:31.000Z","2727666537404175","https://www.facebook.com/100004825651478/posts/2727666537404175","ZmVlZGJhY2s6MjcyNzY2NjUzNzQwNDE3NV8xMDY2OTIyNzg0ODE5NzE3","Y29tbWVudDoyNzI3NjY2NTM3NDA0MTc1XzEwNjY5MjI3ODQ4MTk3MTc=","https://www.facebook.com/100004825651478/posts/2727666537404175","0","463184800202476","false",,,,,,,"MELON
LEONI MH F1
Melon Hibrida
Bentuk buah: bulat.
Berat per buah : 2,75 kg.
Warna daging buah : putih.
Umur panen (hst) : 54-55.
Tahan gemini virus.
Cocok dimusim hujan.","100007578522755","Renzy Bintangasia","https://scontent.fcuu5-1.fna.fbcdn.net/v/t39.30808-1/426012403_3605728109689771_2277782955804277447_n.jpg?stp=cp0_dst-jpg_s32x32&_nc_cat=104&ccb=1-7&_nc_sid=50d2ac&_nc_ohc=eSL7nwrCcoUQ7kNvgHIfZnT&_nc_ht=scontent.fcuu5-1.fna&_nc_gid=AV1aZSi-JZdHJzI19LZAvcZ&oh=00_AYCgEg2jGWhryhI3GUi3500I8ngp2oGI2mOkcJsEAXzgPQ&oe=66FA9484","https://www.facebook.com/renzi.prayuda",,"Mantap bosku","0"
,,,,,,,,,,,,,,,,,,,,,,,,,,,"https://www.facebook.com/nizar.setia.3/posts/2732007470303415?comment_id=1875915956249655",,,,,,,,,,,,,,,,,,,"2024-09-24T07:18:05.000Z","2732007470303415","https://www.facebook.com/100004825651478/posts/2732007470303415","ZmVlZGJhY2s6MjczMjAwNzQ3MDMwMzQxNV8xODc1OTE1OTU2MjQ5NjU1","Y29tbWVudDoyNzMyMDA3NDcwMzAzNDE1XzE4NzU5MTU5NTYyNDk2NTU=","https://www.facebook.com/100004825651478/posts/2732007470303415","0","227900387075660","false",,,,,,,"Bonto manai and the geng🙌 STUBA CMB darmais F1 produk Bintang Asia dilahan Puang illong
#darmaisgemmoy
#bintangasia","100007578522755","Renzy Bintangasia","https://scontent.farn2-2.fna.fbcdn.net/v/t39.30808-1/426012403_3605728109689771_2277782955804277447_n.jpg?stp=cp0_dst-jpg_s32x32&_nc_cat=104&ccb=1-7&_nc_sid=50d2ac&_nc_ohc=eSL7nwrCcoUQ7kNvgEGj4SU&_nc_ht=scontent.farn2-2.fna&_nc_gid=AnbCgmTHdkVBvX3zuaPRBkp&oh=00_AYB-12Z7-WDOkItqnBNg2dbbTHptjYZg2oAb0GTazgRiqQ&oe=66FA9484","https://www.facebook.com/renzi.prayuda",,"Mantap","0"
,,,,,,,,,,,,,,,,,,,,,,,,,,,"https://www.facebook.com/nizar.setia.3/posts/2732007470303415?comment_id=423911426969518",,,,,,,,,,,,,,,,,,,"2024-09-24T05:52:41.000Z","2732007470303415","https://www.facebook.com/100004825651478/posts/2732007470303415","ZmVlZGJhY2s6MjczMjAwNzQ3MDMwMzQxNV80MjM5MTE0MjY5Njk1MTg=","Y29tbWVudDoyNzMyMDA3NDcwMzAzNDE1XzQyMzkxMTQyNjk2OTUxOA==","https://www.facebook.com/100004825651478/posts/2732007470303415","0","227900387075660","false",,,,,,,"Bonto manai and the geng🙌 STUBA CMB darmais F1 produk Bintang Asia dilahan Puang illong
#darmaisgemmoy
#bintangasia","pfbid0Y3777vCzrfV2t4RumUwr1DtuzLP5rb2Auw16MKjHJ43m3wSb5NXyWqQDtc9czcsYl","Yospiqmi Rizal Bintang Asia","https://scontent.farn2-2.fna.fbcdn.net/v/t1.18169-1/12814133_605474156274254_1255382583968893776_n.jpg?stp=cp0_dst-jpg_s32x32&_nc_cat=107&ccb=1-7&_nc_sid=e4545e&_nc_ohc=kdQuQnbPgI8Q7kNvgFC7mmE&_nc_ht=scontent.farn2-2.fna&oh=00_AYBjtj6BxI-iR9_JFLB2Bca8myXtrYtu0ymUVVuicyMUOQ&oe=671C31FC","https://www.facebook.com/yospiqmi.rizal",,"Gas²","0"
,,,,,,,,,,,,,,,,,,,,,,,,,,,"https://www.facebook.com/nizar.setia.3/posts/pfbid02p1kckLEYe7QhPePW14LmcwYhCUUbptv1qioa4CKg2wAhao1x9HUpD8zn7JkUjQVCl?comment_id=3830757420545447",,,,,,,,,,,,,,,,,,,"2024-09-24T22:40:03.000Z","2732502166920612","https://www.facebook.com/100004825651478/posts/2732502166920612","ZmVlZGJhY2s6MjczMjUwMjE2NjkyMDYxMl8zODMwNzU3NDIwNTQ1NDQ3","Y29tbWVudDoyNzMyNTAyMTY2OTIwNjEyXzM4MzA3NTc0MjA1NDU0NDc=","https://www.facebook.com/100004825651478/posts/2732502166920612","0","250829661453806","false",,,,,,,"Selamat Hari Tani Nasional.
🌶🌶 CKTAV 8 F1 🌶🌶

#benihcitraasia
#bintangasia","100007578522755","Renzy Bintangasia","https://scontent-lax3-1.xx.fbcdn.net/v/t39.30808-1/426012403_3605728109689771_2277782955804277447_n.jpg?stp=cp0_dst-jpg_s32x32&_nc_cat=104&ccb=1-7&_nc_sid=50d2ac&_nc_ohc=eSL7nwrCcoUQ7kNvgHBd58O&_nc_ht=scontent-lax3-1.xx&_nc_gid=AteYMOOZY1x6zXYlrumiJoS&oh=00_AYARegl1-JOCU7Y4IXPs8iJqOWWzo57K5U7AcXPcYQWXOA&oe=66FA9484","https://www.facebook.com/renzi.prayuda",,"Mantap","0"
,,,,,,,,,,,,,,,,,,,,,,,,,,,"https://www.facebook.com/nizar.setia.3/posts/pfbid0jEuVNZEvpGh5RZEJoULXs5nEPQQgNnD1xr2fLwmTdLHUjTbrBTwGR855MgEpy154l?comment_id=499611456331294",,,,,,,,,,,,,,,,,,,"2024-09-19T15:59:24.000Z","2725902727580556","https://www.facebook.com/100004825651478/posts/2725902727580556","ZmVlZGJhY2s6MjcyNTkwMjcyNzU4MDU1Nl80OTk2MTE0NTYzMzEyOTQ=","Y29tbWVudDoyNzI1OTAyNzI3NTgwNTU2XzQ5OTYxMTQ1NjMzMTI5NA==","https://www.facebook.com/100004825651478/posts/2725902727580556","0","115024528164186","false",,,,,,,"Jangan pernah ngasih pupuk NPK sembarangan Lur, karena bakal bikin tanaman sakit-sakitan.

Ini penjelasan mengenai fungsi sesungguhnya NPK. Dan dari sini, kamu bakal tau prioritas pupuk pas fase vegetatif maupun generatif. 🤫","pfbid02rAgvgBeihKJvVXJBHkbpamm7u14h1aEmy6mtmK2ZbmBeMNkkJqzR1S4yxoQeMqwKl","Teachers Jimm","https://scontent.fpfb7-1.fna.fbcdn.net/v/t1.6435-1/150417442_228605015592986_5231283489916650596_n.jpg?stp=c0.0.978.978a_cp0_dst-jpg_s32x32&_nc_cat=104&ccb=1-7&_nc_sid=0ecb9b&_nc_ohc=tGgHb2RvSqAQ7kNvgE1RXdY&_nc_ht=scontent.fpfb7-1.fna&_nc_gid=AkEI-tBcCNSdgEO8PPeHYFo&oh=00_AYCU75DUG3t2TSL_gtESpAb5AWUxezmBT6pv_tf-Vpbzbg&oe=671C672A","https://www.facebook.com/teachers.jimm",,"Mantap boss penjelasan ya","0"
,,,,,,,,,,,,,,,,,,,,,,,,,,,"https://www.facebook.com/nizar.setia.3/posts/pfbid0YXcL2pCBAPmTHkGBtum4rUjLv6FSGXgTYWfSKi7ieBucDeE7zZXDk4a7tF7Pnh1Ml?comment_id=807302474813919",,,,,,,,,,,,,,,,,,,"2024-09-18T23:27:49.000Z","2725689774268518","https://www.facebook.com/100004825651478/posts/2725689774268518","ZmVlZGJhY2s6MjcyNTY4OTc3NDI2ODUxOF84MDczMDI0NzQ4MTM5MTk=","Y29tbWVudDoyNzI1Njg5Nzc0MjY4NTE4XzgwNzMwMjQ3NDgxMzkxOQ==","https://www.facebook.com/100004825651478/posts/2725689774268518","0","250829661453806","false",,,,,,,"Hainan F1

#pariahibrida
#pareputih
#paretahanvirus
#pareberbuahlebat
#benihcitraasia
#bintangasia
#produkinovasianaknegeri
#suksesbersamabintangasia","100007578522755","Renzy Bintangasia","https://scontent-mia3-1.xx.fbcdn.net/v/t39.30808-1/426012403_3605728109689771_2277782955804277447_n.jpg?stp=cp0_dst-jpg_s32x32&_nc_cat=104&ccb=1-7&_nc_sid=50d2ac&_nc_ohc=eSL7nwrCcoUQ7kNvgEm-YJ_&_nc_ht=scontent-mia3-1.xx&_nc_gid=Av7FmvHG06yIhHYsIMGMz-t&oh=00_AYCL7KQttWkzhOt7p9dCqrkl1JpF_82j-NAxCyrgh1jMMQ&oe=66FA9484","https://www.facebook.com/renzi.prayuda",,"Mantap","0"
,,,,,,,,,,,,,,,,,,,,,,,,,,,"https://www.facebook.com/nizar.setia.3/posts/pfbid0nDtqjajwMTd1cgZCyegjE7qYnxuSyFG5oAKcCyGkN9tw4zdSvVBzRNN7KNKgwTSGl?comment_id=1084797596477587",,,,,,,,,,,,,,,,,,,"2024-09-18T22:16:22.000Z","2725624844275011","https://www.facebook.com/100004825651478/posts/2725624844275011","ZmVlZGJhY2s6MjcyNTYyNDg0NDI3NTAxMV8xMDg0Nzk3NTk2NDc3NTg3","Y29tbWVudDoyNzI1NjI0ODQ0Mjc1MDExXzEwODQ3OTc1OTY0Nzc1ODc=","https://www.facebook.com/100004825651478/posts/2725624844275011","0","214897285046227","false",,,,,,,"BUDIDAYA CMB MEGATOP F1, CARA JITU PENGENDALIA HPT DIUSIA 30 HST","100007578522755","Renzy Bintangasia","https://scontent-for1-1.xx.fbcdn.net/v/t39.30808-1/426012403_3605728109689771_2277782955804277447_n.jpg?stp=cp0_dst-jpg_s32x32&_nc_cat=104&ccb=1-7&_nc_sid=50d2ac&_nc_ohc=eSL7nwrCcoUQ7kNvgGTnjV9&_nc_ht=scontent-for1-1.xx&_nc_gid=AX8NTXQON3rO8L7huJ6p8qw&oh=00_AYD_rx2rspRvuCOr7KQChmbdBIvsftBrM_80z5foPVavnw&oe=66FA9484","https://www.facebook.com/renzi.prayuda",,"Mantap","0"
,,,,,,,,,,,,,,,,,,,,,,,,,,,"https://www.facebook.com/nizar.setia.3/posts/pfbid0ngYP92twstMihgEc9e2QR4VysaNL5kd6WjyQcT2jfkv84gwD9A5NS1FGm1acknaYl?comment_id=2570656293140936",,,,,,,,,,,,,,,,,,,"2024-09-23T22:43:28.000Z","2730842853753210","https://www.facebook.com/100004825651478/posts/2730842853753210","ZmVlZGJhY2s6MjczMDg0Mjg1Mzc1MzIxMF8yNTcwNjU2MjkzMTQwOTM2","Y29tbWVudDoyNzMwODQyODUzNzUzMjEwXzI1NzA2NTYyOTMxNDA5MzY=","https://www.facebook.com/100004825651478/posts/2730842853753210","0","200476579818147","false",,,,,,,"BOMER F1 
MERLIN F1 
Rock Melon Daging Orange Cap Bintang Asia Produksi dari PT Benih Citra Asia 
Manis Mempesona dan Menggoda Petani melon indonesia, 
Mari Menggunakan Produk Inovasi Anak Negeri, 
Hal Kecil Bermanfaat Besar Untuk Kemajuan Bangsa,
@sorotan SEMUA ORANG","100007578522755","Renzy Bintangasia","https://scontent.fymq3-1.fna.fbcdn.net/v/t39.30808-1/426012403_3605728109689771_2277782955804277447_n.jpg?stp=cp0_dst-jpg_s32x32&_nc_cat=104&ccb=1-7&_nc_sid=50d2ac&_nc_ohc=eSL7nwrCcoUQ7kNvgHkqdFT&_nc_ht=scontent.fymq3-1.fna&_nc_gid=AaBZh-79gcUnCsiA8Z8rSG1&oh=00_AYCDP-2MHbV-vQ20f2JTAZ7vwWbazDMTcxC7Ld6ciYy4XA&oe=66FA9484","https://www.facebook.com/renzi.prayuda",,"Mantap","0"
,,,,,,,,,,,,,,,,,,,,,,,,,,,"https://www.facebook.com/nizar.setia.3/posts/pfbid0ngYP92twstMihgEc9e2QR4VysaNL5kd6WjyQcT2jfkv84gwD9A5NS1FGm1acknaYl?comment_id=547608587832797","https://www.facebook.com/nizar.setia.3/posts/pfbid0ngYP92twstMihgEc9e2QR4VysaNL5kd6WjyQcT2jfkv84gwD9A5NS1FGm1acknaYl?comment_id=547608587832797&reply_comment_id=1027605215778375","2024-09-23T17:51:11.000Z","ZmVlZGJhY2s6MjczMDg0Mjg1Mzc1MzIxMF8xMDI3NjA1MjE1Nzc4Mzc1","Y29tbWVudDoyNzMwODQyODUzNzUzMjEwXzEwMjc2MDUyMTU3NzgzNzU=","0","User","100009994003233","Ilham Bintang Asia","Ilham","Y29tbWVudDoyNzMwODQyODUzNzUzMjEwXzU0NzYwODU4NzgzMjc5Nw==","100004825651478","NiZar Bintang Asia","https://scontent.fymq3-1.fna.fbcdn.net/v/t39.30808-1/438276089_2611594555678041_6997404202785061953_n.jpg?stp=cp0_dst-jpg_p32x32&_nc_cat=111&ccb=1-7&_nc_sid=50d2ac&_nc_ohc=0dM51A4Ta0IQ7kNvgF_mO2i&_nc_ht=scontent.fymq3-1.fna&_nc_gid=AaBZh-79gcUnCsiA8Z8rSG1&oh=00_AYAKiPNvRSZZh6VA06ucGQWhvn7K9l4ZneVHXTQKBMXi3Q&oe=66FAC6EE","https://www.facebook.com/nizar.setia.3","Y29tbWVudDoyNzMwODQyODUzNzUzMjEwXzU0NzYwODU4NzgzMjc5Nw==","Ilham Bintang Asia 𝐬𝐢𝐚𝐩 𝐛𝐨𝐬 𝐤𝐮,,, 𝐦𝐞𝐦𝐛𝐚𝐫𝐚","1","1","2024-09-23T04:20:25.000Z","2730842853753210","https://www.facebook.com/100004825651478/posts/2730842853753210","ZmVlZGJhY2s6MjczMDg0Mjg1Mzc1MzIxMF81NDc2MDg1ODc4MzI3OTc=","Y29tbWVudDoyNzMwODQyODUzNzUzMjEwXzU0NzYwODU4NzgzMjc5Nw==","https://www.facebook.com/100004825651478/posts/2730842853753210","0","200476579818147","false",,,,,,,"BOMER F1 
MERLIN F1 
Rock Melon Daging Orange Cap Bintang Asia Produksi dari PT Benih Citra Asia 
Manis Mempesona dan Menggoda Petani melon indonesia, 
Mari Menggunakan Produk Inovasi Anak Negeri, 
Hal Kecil Bermanfaat Besar Untuk Kemajuan Bangsa,
@sorotan SEMUA ORANG","100009994003233","Ilham Bintang Asia","https://scontent.fymq3-1.fna.fbcdn.net/v/t39.30808-1/349801600_780566773437800_6977822504580595866_n.jpg?stp=cp0_dst-jpg_s32x32&_nc_cat=100&ccb=1-7&_nc_sid=50d2ac&_nc_ohc=RX_RrA3iJQQQ7kNvgGFer4L&_nc_ht=scontent.fymq3-1.fna&_nc_gid=AaBZh-79gcUnCsiA8Z8rSG1&oh=00_AYCei6eTz8pR3rhSTRnunFc1EOlHTwsGMI_A5u94Cql3fQ&oe=66FAC0FB","https://www.facebook.com/ilham.ajo.37604",,"Mangtaaabb, Tetap Semangat Ojok Sambat 🔥","0"
,,,,,,,,,,,,,,,,,,,,,,,,,,,"https://www.facebook.com/nizar.setia.3/posts/2724534687717360?comment_id=1038996391019135",,,,,,,,,,,,,,,,,,,"2024-09-17T12:15:30.000Z","2724534687717360","https://www.facebook.com/100004825651478/posts/2724534687717360","ZmVlZGJhY2s6MjcyNDUzNDY4NzcxNzM2MF8xMDM4OTk2MzkxMDE5MTM1","Y29tbWVudDoyNzI0NTM0Njg3NzE3MzYwXzEwMzg5OTYzOTEwMTkxMzU=","https://www.facebook.com/100004825651478/posts/2724534687717360","0","214897285046227","false",,,,,,,"#fypsorotan#fypbintangasia#fypviral","100007578522755","Renzy Bintangasia","https://scontent-atl3-2.xx.fbcdn.net/v/t39.30808-1/426012403_3605728109689771_2277782955804277447_n.jpg?stp=cp0_dst-jpg_s32x32&_nc_cat=104&ccb=1-7&_nc_sid=50d2ac&_nc_ohc=eSL7nwrCcoUQ7kNvgGi5U6m&_nc_ht=scontent-atl3-2.xx&_nc_gid=ArdXp9E9aO-BZIZcTJ4ivHP&oh=00_AYC-2MZcSblq3q4sSbxu5mX86s0cC4N8nd5-03RLdaG0Xw&oe=66FA9484","https://www.facebook.com/renzi.prayuda",,"Mantap boss","0"
,,,,,,,,,,,,,,,,,,,,,,,,,,,"https://www.facebook.com/nizar.setia.3/posts/pfbid0ydAN3yJQUFY3VMCpNzAcGjsDEkwem1wVZA67Ab9WvnvNhPDGDbcDVirv1kgbYEdcl?comment_id=2942878395851214",,,,,,,,,,,,,,,,,,,"2024-09-16T13:53:50.000Z","2722586277912201","https://www.facebook.com/100004825651478/posts/2722586277912201","ZmVlZGJhY2s6MjcyMjU4NjI3NzkxMjIwMV8yOTQyODc4Mzk1ODUxMjE0","Y29tbWVudDoyNzIyNTg2Mjc3OTEyMjAxXzI5NDI4NzgzOTU4NTEyMTQ=","https://www.facebook.com/100004825651478/posts/2722586277912201","0","250829661453806","false",,,,,,,"Cktav8 F1 81hst

#cabekeritihibrida
#cabekeritingtahanvirus
#cabetahanlayu
#cabetoleranpatek
#petanicabe
#komunitaspetanicabe
#benihcitraasia
#bintangasia
#suksesbersamabintangasia","100004370253176","Muhamad Cali Faiz Ahmad","https://scontent-iad3-1.xx.fbcdn.net/v/t39.30808-1/456120459_2788136318008683_7418166726346064265_n.jpg?stp=cp0_dst-jpg_s32x32&_nc_cat=108&ccb=1-7&_nc_sid=50d2ac&_nc_ohc=Ii7TlklAPXsQ7kNvgEGj6VY&_nc_ht=scontent-iad3-1.xx&oh=00_AYCW1qD_RSdI1twVzN_Pv1Z9YPtIJdYUzfgkymIf5df3ig&oe=66FA9CAD","https://www.facebook.com/muhamad.cali.98",,"So tdk kelihatan batang leeee🤣","0"
,,,,,,,,,,,,,,,,,,,,,,,,,,,"https://www.facebook.com/nizar.setia.3/posts/pfbid0ydAN3yJQUFY3VMCpNzAcGjsDEkwem1wVZA67Ab9WvnvNhPDGDbcDVirv1kgbYEdcl?comment_id=8260606120686260","https://www.facebook.com/nizar.setia.3/posts/pfbid0ydAN3yJQUFY3VMCpNzAcGjsDEkwem1wVZA67Ab9WvnvNhPDGDbcDVirv1kgbYEdcl?comment_id=8260606120686260&reply_comment_id=2530111987188323","2024-09-15T23:07:02.000Z","ZmVlZGJhY2s6MjcyMjU4NjI3NzkxMjIwMV8yNTMwMTExOTg3MTg4MzIz","Y29tbWVudDoyNzIyNTg2Mjc3OTEyMjAxXzI1MzAxMTE5ODcxODgzMjM=","0","User","pfbid0Y3777vCzrfV2t4RumUwr1DtuzLP5rb2Auw16MKjHJ43m3wSb5NXyWqQDtc9czcsYl","Yospiqmi Rizal Bintang Asia","Yospiqmi","Y29tbWVudDoyNzIyNTg2Mjc3OTEyMjAxXzgyNjA2MDYxMjA2ODYyNjA=","100007578522755","Renzy Bintangasia","https://scontent-iad3-1.xx.fbcdn.net/v/t39.30808-1/426012403_3605728109689771_2277782955804277447_n.jpg?stp=cp0_dst-jpg_s32x32&_nc_cat=104&ccb=1-7&_nc_sid=50d2ac&_nc_ohc=eSL7nwrCcoUQ7kNvgHHl_sr&_nc_ht=scontent-iad3-1.xx&oh=00_AYCoA5jBNucBhldTWsXDnyC2or8VUwLzWxKbXy2ZYywymQ&oe=66FA9484","https://www.facebook.com/renzi.prayuda","Y29tbWVudDoyNzIyNTg2Mjc3OTEyMjAxXzgyNjA2MDYxMjA2ODYyNjA=","Yospiqmi Rizal Bintang Asia 🤣🤣🤣🤣..","1","1","2024-09-15T21:33:07.000Z","2722586277912201","https://www.facebook.com/100004825651478/posts/2722586277912201","ZmVlZGJhY2s6MjcyMjU4NjI3NzkxMjIwMV84MjYwNjA2MTIwNjg2MjYw","Y29tbWVudDoyNzIyNTg2Mjc3OTEyMjAxXzgyNjA2MDYxMjA2ODYyNjA=","https://www.facebook.com/100004825651478/posts/2722586277912201","1","250829661453806","false",,,,,,,"Cktav8 F1 81hst

#cabekeritihibrida
#cabekeritingtahanvirus
#cabetahanlayu
#cabetoleranpatek
#petanicabe
#komunitaspetanicabe
#benihcitraasia
#bintangasia
#suksesbersamabintangasia","pfbid0Y3777vCzrfV2t4RumUwr1DtuzLP5rb2Auw16MKjHJ43m3wSb5NXyWqQDtc9czcsYl","Yospiqmi Rizal Bintang Asia","https://scontent-iad3-1.xx.fbcdn.net/v/t1.18169-1/12814133_605474156274254_1255382583968893776_n.jpg?stp=cp0_dst-jpg_s32x32&_nc_cat=107&ccb=1-7&_nc_sid=e4545e&_nc_ohc=kdQuQnbPgI8Q7kNvgFjOECZ&_nc_ht=scontent-iad3-1.xx&oh=00_AYCUhpiRiNMFRzWluJxLcXiTIyt38EQ5peSdx0s1fhb4Pw&oe=671C31FC","https://www.facebook.com/yospiqmi.rizal",,"Mantap Riau punya barang hahaaa","0"
,,,,,,,,,,,,,,,,,,,,,,,,,,,"https://www.facebook.com/nizar.setia.3/posts/pfbid0ydAN3yJQUFY3VMCpNzAcGjsDEkwem1wVZA67Ab9WvnvNhPDGDbcDVirv1kgbYEdcl?comment_id=1050969946546061","https://www.facebook.com/nizar.setia.3/posts/pfbid0ydAN3yJQUFY3VMCpNzAcGjsDEkwem1wVZA67Ab9WvnvNhPDGDbcDVirv1kgbYEdcl?comment_id=1050969946546061&reply_comment_id=530958656297492","2024-09-15T15:31:26.000Z","ZmVlZGJhY2s6MjcyMjU4NjI3NzkxMjIwMV81MzA5NTg2NTYyOTc0OTI=","Y29tbWVudDoyNzIyNTg2Mjc3OTEyMjAxXzUzMDk1ODY1NjI5NzQ5Mg==","0","User","100007578522755","Renzy Bintangasia","Renzy","Y29tbWVudDoyNzIyNTg2Mjc3OTEyMjAxXzEwNTA5Njk5NDY1NDYwNjE=","100004825651478","NiZar Bintang Asia","https://scontent-iad3-2.xx.fbcdn.net/v/t39.30808-1/438276089_2611594555678041_6997404202785061953_n.jpg?stp=cp0_dst-jpg_p32x32&_nc_cat=111&ccb=1-7&_nc_sid=50d2ac&_nc_ohc=0dM51A4Ta0IQ7kNvgHYv7Yu&_nc_ht=scontent-iad3-2.xx&oh=00_AYDo86GPsIuA4qtGKz1cBpQ4rkasI1ZMrz-2jlXwGaycfQ&oe=66FAC6EE","https://www.facebook.com/nizar.setia.3","Y29tbWVudDoyNzIyNTg2Mjc3OTEyMjAxXzEwNTA5Njk5NDY1NDYwNjE=","Renzy Bintangasia siap","1","1","2024-09-15T15:30:51.000Z","2722586277912201","https://www.facebook.com/100004825651478/posts/2722586277912201","ZmVlZGJhY2s6MjcyMjU4NjI3NzkxMjIwMV8xMDUwOTY5OTQ2NTQ2MDYx","Y29tbWVudDoyNzIyNTg2Mjc3OTEyMjAxXzEwNTA5Njk5NDY1NDYwNjE=","https://www.facebook.com/100004825651478/posts/2722586277912201","0","250829661453806","false",,,,,,,"Cktav8 F1 81hst

#cabekeritihibrida
#cabekeritingtahanvirus
#cabetahanlayu
#cabetoleranpatek
#petanicabe
#komunitaspetanicabe
#benihcitraasia
#bintangasia
#suksesbersamabintangasia","100007578522755","Renzy Bintangasia","https://scontent-iad3-1.xx.fbcdn.net/v/t39.30808-1/426012403_3605728109689771_2277782955804277447_n.jpg?stp=cp0_dst-jpg_s32x32&_nc_cat=104&ccb=1-7&_nc_sid=50d2ac&_nc_ohc=eSL7nwrCcoUQ7kNvgHHl_sr&_nc_ht=scontent-iad3-1.xx&oh=00_AYCoA5jBNucBhldTWsXDnyC2or8VUwLzWxKbXy2ZYywymQ&oe=66FA9484","https://www.facebook.com/renzi.prayuda",,"Gass kan di pulau Kalimantan om","0"
,,,,,,,,,,,,,,,,,,,,,,,,,,,"https://www.facebook.com/nizar.setia.3/posts/pfbid0xmUHSXFrE1HRP4tmonvcX1uA72mfypE9j8hbBrbCmoSX4qW7nSH83UqwQbQsyuZ2l?comment_id=530710982686285",,,,,,,,,,,,,,,,,,,"2024-09-16T05:39:05.000Z","2722523604585135","https://www.facebook.com/100004825651478/posts/2722523604585135","ZmVlZGJhY2s6MjcyMjUyMzYwNDU4NTEzNV81MzA3MTA5ODI2ODYyODU=","Y29tbWVudDoyNzIyNTIzNjA0NTg1MTM1XzUzMDcxMDk4MjY4NjI4NQ==","https://www.facebook.com/100004825651478/posts/2722523604585135","0","214897285046227","false",,,,,,,"Mentimun dengan varietas 𝐊𝐎𝐌𝐀𝐍𝐃𝐀𝐍 𝐅𝟏
Buah lebat, tahan virus, warna buah gelap dan tahan simpan. 
𝐏𝐓. 𝐁𝐄𝐍𝐈𝐇 𝐂𝐈𝐓𝐑𝐀 𝐀𝐒𝐈𝐀(𝐁𝐈𝐍𝐓𝐀𝐍𝐆 𝐀𝐒𝐈𝐀)","100000029645476","Cayadi Bintang Asia","https://scontent-iad3-1.xx.fbcdn.net/v/t31.18172-1/15724565_1469077786436529_7264600135043183638_o.jpg?stp=c0.200.1200.1200a_cp0_dst-jpg_s32x32&_nc_cat=101&ccb=1-7&_nc_sid=db5862&_nc_ohc=_qvmJeQFSOAQ7kNvgFh29xW&_nc_ht=scontent-iad3-1.xx&_nc_gid=A8d3LvQmGaSYYkWjkHrlMSJ&oh=00_AYBqMLDkcSH3nzK6tXX22sbhYNGIrM6AqlXqaBX3G1aUTA&oe=671C4CBE","https://www.facebook.com/cayadi.santosa",,"Siap komandan..","0"
,,,,,,,,,,,,,,,,,,,,,,,,,,,"https://www.facebook.com/nizar.setia.3/posts/pfbid0xmUHSXFrE1HRP4tmonvcX1uA72mfypE9j8hbBrbCmoSX4qW7nSH83UqwQbQsyuZ2l?comment_id=812243974129944",,,,,,,,,,,,,,,,,,,"2024-09-15T14:10:14.000Z","2722523604585135","https://www.facebook.com/100004825651478/posts/2722523604585135","ZmVlZGJhY2s6MjcyMjUyMzYwNDU4NTEzNV84MTIyNDM5NzQxMjk5NDQ=","Y29tbWVudDoyNzIyNTIzNjA0NTg1MTM1XzgxMjI0Mzk3NDEyOTk0NA==","https://www.facebook.com/100004825651478/posts/2722523604585135","1","214897285046227","false",,,,,,,"Mentimun dengan varietas 𝐊𝐎𝐌𝐀𝐍𝐃𝐀𝐍 𝐅𝟏
Buah lebat, tahan virus, warna buah gelap dan tahan simpan. 
𝐏𝐓. 𝐁𝐄𝐍𝐈𝐇 𝐂𝐈𝐓𝐑𝐀 𝐀𝐒𝐈𝐀(𝐁𝐈𝐍𝐓𝐀𝐍𝐆 𝐀𝐒𝐈𝐀)","pfbid0Y3777vCzrfV2t4RumUwr1DtuzLP5rb2Auw16MKjHJ43m3wSb5NXyWqQDtc9czcsYl","Yospiqmi Rizal Bintang Asia","https://scontent-iad3-1.xx.fbcdn.net/v/t1.18169-1/12814133_605474156274254_1255382583968893776_n.jpg?stp=cp0_dst-jpg_s32x32&_nc_cat=107&ccb=1-7&_nc_sid=e4545e&_nc_ohc=kdQuQnbPgI8Q7kNvgFkvjEy&_nc_ht=scontent-iad3-1.xx&oh=00_AYAIcGWQ48LD_EhTZQjutRlr9hB1GE3rhKJtoEsk424cpA&oe=671C31FC","https://www.facebook.com/yospiqmi.rizal",,"Tancap gas","0"
,,,,,,,,,,,,,,,,,,,,,,,,,,,"https://www.facebook.com/nizar.setia.3/posts/pfbid0xmUHSXFrE1HRP4tmonvcX1uA72mfypE9j8hbBrbCmoSX4qW7nSH83UqwQbQsyuZ2l?comment_id=535494435596591",,,,,,,,,,,,,,,,,,,"2024-09-15T14:04:26.000Z","2722523604585135","https://www.facebook.com/100004825651478/posts/2722523604585135","ZmVlZGJhY2s6MjcyMjUyMzYwNDU4NTEzNV81MzU0OTQ0MzU1OTY1OTE=","Y29tbWVudDoyNzIyNTIzNjA0NTg1MTM1XzUzNTQ5NDQzNTU5NjU5MQ==","https://www.facebook.com/100004825651478/posts/2722523604585135","1","214897285046227","false",,,,,,,"Mentimun dengan varietas 𝐊𝐎𝐌𝐀𝐍𝐃𝐀𝐍 𝐅𝟏
Buah lebat, tahan virus, warna buah gelap dan tahan simpan. 
𝐏𝐓. 𝐁𝐄𝐍𝐈𝐇 𝐂𝐈𝐓𝐑𝐀 𝐀𝐒𝐈𝐀(𝐁𝐈𝐍𝐓𝐀𝐍𝐆 𝐀𝐒𝐈𝐀)","100007578522755","Renzy Bintangasia","https://scontent-iad3-1.xx.fbcdn.net/v/t39.30808-1/426012403_3605728109689771_2277782955804277447_n.jpg?stp=cp0_dst-jpg_s32x32&_nc_cat=104&ccb=1-7&_nc_sid=50d2ac&_nc_ohc=eSL7nwrCcoUQ7kNvgGs3Ia5&_nc_ht=scontent-iad3-1.xx&_nc_gid=A8d3LvQmGaSYYkWjkHrlMSJ&oh=00_AYA1UGUTrYilHowJloe0qfbBPvHCj89ME9o0sQcoub4ujw&oe=66FA9484","https://www.facebook.com/renzi.prayuda",,"Hormat kepada komandan...mantapp poll","0"
,,,,,,,,,,,,,,,,,,,,,,,,,,,"https://www.facebook.com/nizar.setia.3/posts/pfbid02FDkRpfmeA5vQm2UukimQAq1Dqn2yw3mtwfm2n2FDwsArMzjru3KuaRRVoYhiDm3Vl?comment_id=483050901385609",,,,,,,,,,,,,,,,,,,"2024-09-16T04:14:46.000Z","2723123457858483","https://www.facebook.com/100004825651478/posts/2723123457858483","ZmVlZGJhY2s6MjcyMzEyMzQ1Nzg1ODQ4M180ODMwNTA5MDEzODU2MDk=","Y29tbWVudDoyNzIzMTIzNDU3ODU4NDgzXzQ4MzA1MDkwMTM4NTYwOQ==","https://www.facebook.com/100004825651478/posts/2723123457858483","0","354414791082278","false",,,,,,,"SEMUA LIGA ADA...
Pengikut 
Semuaorang 
#reels
#monetisasi","100007578522755","Renzy Bintangasia","https://scontent-dfw5-2.xx.fbcdn.net/v/t39.30808-1/426012403_3605728109689771_2277782955804277447_n.jpg?stp=cp0_dst-jpg_s32x32&_nc_cat=104&ccb=1-7&_nc_sid=50d2ac&_nc_ohc=eSL7nwrCcoUQ7kNvgGs5E-C&_nc_ht=scontent-dfw5-2.xx&_nc_gid=ACPsL_QGrNHS_M-eAKc7GK4&oh=00_AYAxts22OmSXfKHuu74h3qaoOJNCc9UuIMzA6MpibzGyjA&oe=66FA9484","https://www.facebook.com/renzi.prayuda",,"Mantap boss","0"
,,,,,,,,,,,,,,,,,,,,,,,,,,,"https://www.facebook.com/nizar.setia.3/posts/pfbid02ryDGKHXcLmvyKkEeon5Pswqc3yUXj4nLyP9Db9H8vMc3Xod1EMTCpCSqpokqjpGol?comment_id=1636703677195651",,,,,,,,,,,,,,,,,,,"2024-09-16T04:14:01.000Z","2723124221191740","https://www.facebook.com/100004825651478/posts/2723124221191740","ZmVlZGJhY2s6MjcyMzEyNDIyMTE5MTc0MF8xNjM2NzAzNjc3MTk1NjUx","Y29tbWVudDoyNzIzMTI0MjIxMTkxNzQwXzE2MzY3MDM2NzcxOTU2NTE=","https://www.facebook.com/100004825651478/posts/2723124221191740","0","261237703739109","false",,,,,,,"Ayoo mari  kita tanam sayuran daun Bersama Bintang asia🥬
AMARIN
RED
SHANGHAI

#suksesbersamabintangasia
#syurandaun
Kwt Dahlia 
Kwt Mawar 
Kwt Anggrek 
pengikut 
Bpp Bukap 
Benih Citra Asia 
Bintang Asia","100007578522755","Renzy Bintangasia","https://scontent-gig4-2.xx.fbcdn.net/v/t39.30808-1/426012403_3605728109689771_2277782955804277447_n.jpg?stp=cp0_dst-jpg_s32x32&_nc_cat=104&ccb=1-7&_nc_sid=50d2ac&_nc_ohc=eSL7nwrCcoUQ7kNvgHN0rtH&_nc_ht=scontent-gig4-2.xx&_nc_gid=AqVOPRg1SM3TopdyP3tmcPf&oh=00_AYBf-cpigSIW1u6c55hCLxrCSi5_Kfq7zIH1pHV281CE6A&oe=66FA9484","https://www.facebook.com/renzi.prayuda",,"Mantap","0"
"Sticker",,"0","83","0","0","201014003381867","80","https://scontent-iad3-1.xx.fbcdn.net/v/t39.1997-6/66002320_1282961465187110_5922253064978300928_n.png?stp=cp0_dst-png_s110x80&_nc_cat=1&ccb=1-7&_nc_sid=23dd7b&_nc_ohc=Izif_DWaDwsQ7kNvgGGszkW&_nc_ht=scontent-iad3-1.xx&_nc_gid=AsoJ4kVkRLikjJhWOd7Tc0q&oh=00_AYDLDk3xNPqsWpbAihv5E0dNQg-W0NDTW18rAzkYJl3eTg&oe=66FA991A","77","Slice of watermelon character with bright green rind, black seeds and a smiling face on the red interior.",,"201013370048597","Happy-Go-Lucky",,,,,,,,,,,,,,"https://www.facebook.com/nizar.setia.3/posts/pfbid038NfF3K1qLHbUfANgB4wwmJddtWxpTWcM1WjFLb8XfdDufAzcK51DiSjFpeLiLCjGl?comment_id=1699573827508121",,,,,,,,,,,,,,,,,,,"2024-09-14T14:17:37.000Z","2721485724688923","https://www.facebook.com/100004825651478/posts/2721485724688923","ZmVlZGJhY2s6MjcyMTQ4NTcyNDY4ODkyM18xNjk5NTczODI3NTA4MTIx","Y29tbWVudDoyNzIxNDg1NzI0Njg4OTIzXzE2OTk1NzM4Mjc1MDgxMjE=","https://www.facebook.com/100004825651478/posts/2721485724688923","1","214897285046227","false",,,,,,,"Semangka madu
𝐈𝐍𝐃𝐄𝐍 𝐅𝟏
𝐏𝐓. 𝐁𝐄𝐍𝐈𝐇 𝐂𝐈𝐓𝐑𝐀 𝐀𝐒𝐈𝐀(𝐁𝐈𝐍𝐓𝐀𝐍𝐆 𝐀𝐒𝐈𝐀)","pfbid035BzA9qQ3JGzhBeYL1S9FJNEEVCTNUsy6qVEs2CChVNnmAq5BtfqGxGxvqnLe5YCal","Bie Hen Rengas","https://scontent-iad3-2.xx.fbcdn.net/v/t39.30808-1/281162243_1962665043923959_5308726354068370958_n.jpg?stp=cp0_dst-jpg_s32x32&_nc_cat=106&ccb=1-7&_nc_sid=0ecb9b&_nc_ohc=h-XjUEsDXzUQ7kNvgE0zD6K&_nc_ht=scontent-iad3-2.xx&_nc_gid=AsoJ4kVkRLikjJhWOd7Tc0q&oh=00_AYCsM2tSXxCmuAkdSRl3xXO7K82BZrQJo2Eb25QiLb0UMw&oe=66FA9618",,,,"0"
,,,,,,,,,,,,,,,,,,,,,,,,,,,"https://www.facebook.com/nizar.setia.3/posts/pfbid02Q6M7be5gdmmrGFKUqhwUdq1tDKo5cALs31brambogm7C2CQPBSaudchb759UZZFsl?comment_id=1806266409903906",,,,,,,,,,,,,,,,,,,"2024-09-18T22:19:02.000Z","2725504260953736","https://www.facebook.com/100004825651478/posts/2725504260953736","ZmVlZGJhY2s6MjcyNTUwNDI2MDk1MzczNl8xODA2MjY2NDA5OTAzOTA2","Y29tbWVudDoyNzI1NTA0MjYwOTUzNzM2XzE4MDYyNjY0MDk5MDM5MDY=","https://www.facebook.com/100004825651478/posts/2725504260953736","0","214897285046227","false",,,,,,,"BIG MADURI F1 CAP BINTANG ASIA. 

Mampu membawa buah sampai 9kg dan 10Kg Perbijinya, sampai teputar jarum timbanganya bebulik jar, InshaAllah Harakat aja jar buhan banua😁

Sangat Bisa dijadikan pilihan sebagai pengawin untuk tanaman semangka nonbiji. Serbuk sari dari bunganya banyak. 

Hasil dari kebun Acil Ida Di Tatakan, Tapin Selatan. 
Paman wan Acil jangan ragu jangan bimbang memakai benih ini, karena ini... #ProdukInovasiAnakDalamNegeri.

semua orang","100007578522755","Renzy Bintangasia","https://scontent.fcks2-1.fna.fbcdn.net/v/t39.30808-1/426012403_3605728109689771_2277782955804277447_n.jpg?stp=cp0_dst-jpg_s32x32&_nc_cat=104&ccb=1-7&_nc_sid=50d2ac&_nc_ohc=eSL7nwrCcoUQ7kNvgHatsB8&_nc_ht=scontent.fcks2-1.fna&_nc_gid=A35SwPhJnZDWk0yHWTH2-oF&oh=00_AYD9CusHHxIloxSimlctDBNWgqMEvMqtTJsqcNZkBPi4-g&oe=66FA9484","https://www.facebook.com/renzi.prayuda",,"Mantap","0"
,,,,,,,,,,,,,,,,,,,,,,,,,,,"https://www.facebook.com/nizar.setia.3/posts/pfbid034HZkQZ8DgTHdC7ryKJ2r6HVNt1JJzoFrCttJGnjcz7Yir11EcR6L5CwC5sWzEMozl?comment_id=1035882731509017",,,,,,,,,,,,,,,,,,,"2024-09-23T12:12:05.000Z","2731125753724920","https://www.facebook.com/100004825651478/posts/2731125753724920","ZmVlZGJhY2s6MjczMTEyNTc1MzcyNDkyMF8xMDM1ODgyNzMxNTA5MDE3","Y29tbWVudDoyNzMxMTI1NzUzNzI0OTIwXzEwMzU4ODI3MzE1MDkwMTc=","https://www.facebook.com/100004825651478/posts/2731125753724920","0","357880607403962","false",,,,,,,"Bingung mau tanam cabe pake benih apa?? Tanam cabe JURO f1 dari PT Benih Citra Asia.. Terbukti hasilnya MANTAP.
Lokasi di Banjarwangi dan Pasirwangi Kabupaten Garut
Semoga tambah sukses dan tambah berkah. Sorotan Sorotan #benih
#benihcitraasia
#benihcabe
 Benih Citra Asia Benih Citra Asia","100007578522755","Renzy Bintangasia","https://scontent-atl3-2.xx.fbcdn.net/v/t39.30808-1/426012403_3605728109689771_2277782955804277447_n.jpg?stp=cp0_dst-jpg_s32x32&_nc_cat=104&ccb=1-7&_nc_sid=50d2ac&_nc_ohc=eSL7nwrCcoUQ7kNvgEr8aru&_nc_ht=scontent-atl3-2.xx&oh=00_AYAMtL0Q503pmRlxVtAC5oUjGR-JcStwjbDME7TbDZ9OCg&oe=66FA9484","https://www.facebook.com/renzi.prayuda",,"Mantap om","0"
,,,,,,,,,,,,,,,,,,,,,,,,,,,"https://www.facebook.com/nizar.setia.3/posts/pfbid0ydAN3yJQUFY3VMCpNzAcGjsDEkwem1wVZA67Ab9WvnvNhPDGDbcDVirv1kgbYEdcl?comment_id=1050969946546061&reply_comment_id=530958656297492",,,,,,,,,,,,,,,,,,,"2024-09-15T15:31:26.000Z","2722586277912201","https://www.facebook.com/100004825651478/posts/2722586277912201","ZmVlZGJhY2s6MjcyMjU4NjI3NzkxMjIwMV81MzA5NTg2NTYyOTc0OTI=","Y29tbWVudDoyNzIyNTg2Mjc3OTEyMjAxXzUzMDk1ODY1NjI5NzQ5Mg==","https://www.facebook.com/100004825651478/posts/2722586277912201","0","250829661453806","false",,"User","100007578522755","Renzy Bintangasia","Renzy","Y29tbWVudDoyNzIyNTg2Mjc3OTEyMjAxXzEwNTA5Njk5NDY1NDYwNjE=","Cktav8 F1 81hst

#cabekeritihibrida
#cabekeritingtahanvirus
#cabetahanlayu
#cabetoleranpatek
#petanicabe
#komunitaspetanicabe
#benihcitraasia
#bintangasia
#suksesbersamabintangasia","100004825651478","NiZar Bintang Asia","https://scontent.fdet1-2.fna.fbcdn.net/v/t39.30808-1/438276089_2611594555678041_6997404202785061953_n.jpg?stp=cp0_dst-jpg_p32x32&_nc_cat=111&ccb=1-7&_nc_sid=50d2ac&_nc_ohc=0dM51A4Ta0IQ7kNvgHCp88T&_nc_ht=scontent.fdet1-2.fna&_nc_gid=A9ZjpuErg72DRUX4rc2vvku&oh=00_AYB2mpQc9QKOZ7hX7K7-9-5sMw_D0grhXosfjoLmYES6BQ&oe=66FAC6EE","https://www.facebook.com/nizar.setia.3","Y29tbWVudDoyNzIyNTg2Mjc3OTEyMjAxXzEwNTA5Njk5NDY1NDYwNjE=","Renzy Bintangasia siap","1"
,,,,,,,,,,,,,,,,,,,,,,,,,,,"https://www.facebook.com/nizar.setia.3/posts/pfbid0ydAN3yJQUFY3VMCpNzAcGjsDEkwem1wVZA67Ab9WvnvNhPDGDbcDVirv1kgbYEdcl?comment_id=8260606120686260&reply_comment_id=2530111987188323",,,,,,,,,,,,,,,,,,,"2024-09-15T23:07:02.000Z","2722586277912201","https://www.facebook.com/100004825651478/posts/2722586277912201","ZmVlZGJhY2s6MjcyMjU4NjI3NzkxMjIwMV8yNTMwMTExOTg3MTg4MzIz","Y29tbWVudDoyNzIyNTg2Mjc3OTEyMjAxXzI1MzAxMTE5ODcxODgzMjM=","https://www.facebook.com/100004825651478/posts/2722586277912201","0","250829661453806","false",,"User","pfbid0Y3777vCzrfV2t4RumUwr1DtuzLP5rb2Auw16MKjHJ43m3wSb5NXyWqQDtc9czcsYl","Yospiqmi Rizal Bintang Asia","Yospiqmi","Y29tbWVudDoyNzIyNTg2Mjc3OTEyMjAxXzgyNjA2MDYxMjA2ODYyNjA=","Cktav8 F1 81hst

#cabekeritihibrida
#cabekeritingtahanvirus
#cabetahanlayu
#cabetoleranpatek
#petanicabe
#komunitaspetanicabe
#benihcitraasia
#bintangasia
#suksesbersamabintangasia","100007578522755","Renzy Bintangasia","https://scontent-hou1-1.xx.fbcdn.net/v/t39.30808-1/426012403_3605728109689771_2277782955804277447_n.jpg?stp=cp0_dst-jpg_s32x32&_nc_cat=104&ccb=1-7&_nc_sid=50d2ac&_nc_ohc=eSL7nwrCcoUQ7kNvgEkfE9E&_nc_ht=scontent-hou1-1.xx&_nc_gid=ADrCQX4Be0mv8FwF_2bfejv&oh=00_AYB0VOKdVLk2Wgj1gg-3qIbQZGqUkVNVSfBXIPxKEVFNVA&oe=66FA9484","https://www.facebook.com/renzi.prayuda","Y29tbWVudDoyNzIyNTg2Mjc3OTEyMjAxXzgyNjA2MDYxMjA2ODYyNjA=","Yospiqmi Rizal Bintang Asia 🤣🤣🤣🤣..","1"
,,,,,,,,,,,,,,,,,,,,,,,,,,,"https://www.facebook.com/nizar.setia.3/posts/pfbid0ngYP92twstMihgEc9e2QR4VysaNL5kd6WjyQcT2jfkv84gwD9A5NS1FGm1acknaYl?comment_id=547608587832797&reply_comment_id=1027605215778375",,,,,,,,,,,,,,,,,,,"2024-09-23T17:51:11.000Z","2730842853753210","https://www.facebook.com/100004825651478/posts/2730842853753210","ZmVlZGJhY2s6MjczMDg0Mjg1Mzc1MzIxMF8xMDI3NjA1MjE1Nzc4Mzc1","Y29tbWVudDoyNzMwODQyODUzNzUzMjEwXzEwMjc2MDUyMTU3NzgzNzU=","https://www.facebook.com/100004825651478/posts/2730842853753210","0","200476579818147","false",,"User","100009994003233","Ilham Bintang Asia","Ilham","Y29tbWVudDoyNzMwODQyODUzNzUzMjEwXzU0NzYwODU4NzgzMjc5Nw==","BOMER F1 
MERLIN F1 
Rock Melon Daging Orange Cap Bintang Asia Produksi dari PT Benih Citra Asia 
Manis Mempesona dan Menggoda Petani melon indonesia, 
Mari Menggunakan Produk Inovasi Anak Negeri, 
Hal Kecil Bermanfaat Besar Untuk Kemajuan Bangsa,
@sorotan SEMUA ORANG","100004825651478","NiZar Bintang Asia","https://scontent.feoh3-1.fna.fbcdn.net/v/t39.30808-1/438276089_2611594555678041_6997404202785061953_n.jpg?stp=cp0_dst-jpg_p32x32&_nc_cat=111&ccb=1-7&_nc_sid=50d2ac&_nc_ohc=0dM51A4Ta0IQ7kNvgGWpuvA&_nc_ht=scontent.feoh3-1.fna&oh=00_AYDb4EYXAfSJAL8bBzwv3QrtIgmYSuvgpgv3DPdjN21oAw&oe=66FAC6EE","https://www.facebook.com/nizar.setia.3","Y29tbWVudDoyNzMwODQyODUzNzUzMjEwXzU0NzYwODU4NzgzMjc5Nw==","Ilham Bintang Asia 𝐬𝐢𝐚𝐩 𝐛𝐨𝐬 𝐤𝐮,,, 𝐦𝐞𝐦𝐛𝐚𝐫𝐚","1"
,,,,,,,,,,,,,,,"VideoTipJarPayment","2731701187000710","0","1","https://static.xx.fbcdn.net/rsrc.php/v3/yN/r/z6visRJQXR_.png",,"StarsVirtualGiftBaseType",,"/images/assets_DO_NOT_HARDCODE/user_pay_stars_virtual_gifts/Community-Unification-Default-Tier1-Thoughtful-Testing-Static.png","Community-Unification-Default-T1-Thoughtful-bottomsheet-testing-animation","https://static.xx.fbcdn.net/rsrc.php/y6/r/qfD07Iv6r-5.kf","1414980765966032","https://www.facebook.com/nizar.setia.3/posts/pfbid02jLaqF7E9Vzo1sbfHGEbeNaNQXc44kny9WQABpxFkcZxe7GwKAvpgW7yp6XMMqW8kl?comment_id=886870212965243",,,,,,,,,,,,,,,,,,,"2024-09-23T22:34:41.000Z","2731452533692242","https://www.facebook.com/100004825651478/posts/2731452533692242","ZmVlZGJhY2s6MjczMTQ1MjUzMzY5MjI0Ml84ODY4NzAyMTI5NjUyNDM=","Y29tbWVudDoyNzMxNDUyNTMzNjkyMjQyXzg4Njg3MDIxMjk2NTI0Mw==","https://www.facebook.com/100004825651478/posts/2731452533692242","0","214897285046227","false",,,,,,,"Padi hibrida dari PT BENIH CITRA ASIA(BINTANG ASIA) 
𝐁𝐂𝐀 𝟏𝟖","100007578522755","Renzy Bintangasia","https://scontent.fath4-2.fna.fbcdn.net/v/t39.30808-1/426012403_3605728109689771_2277782955804277447_n.jpg?stp=cp0_dst-jpg_s32x32&_nc_cat=104&ccb=1-7&_nc_sid=50d2ac&_nc_ohc=eSL7nwrCcoUQ7kNvgEH2AOO&_nc_ht=scontent.fath4-2.fna&_nc_gid=ARE_6-NYMRk0KF7mSEIHIsk&oh=00_AYCfO3JAO-eNePL0bPyRU743T1PuQtph_OjsMv-H1EDwKw&oe=66FA9484","https://www.facebook.com/renzi.prayuda",,"Mantap  padi BCA 18","0"
