﻿"attachments/0/style_list/0","attachments/0/style_list/1","commentUrl","commentsCount","date","facebookId","facebookUrl","feedbackId","id","inputUrl","likesCount","postTitle","profileId","profileName","profilePicture","profileUrl","replyToCommentId","text","threadingDepth"
,,"https://www.facebook.com/reel/747105720879884/?comment_id=846851197428005","1","2024-09-19T14:09:27.000Z","122142011954282694","https://www.facebook.com/reel/747105720879884/","ZmVlZGJhY2s6MTIyMTQyMDExOTU0MjgyNjk0Xzg0Njg1MTE5NzQyODAwNQ==","Y29tbWVudDoxMjIxNDIwMTE5NTQyODI2OTRfODQ2ODUxMTk3NDI4MDA1","https://www.facebook.com/reel/747105720879884/","0","LAZIO F1. DJ DOORTEEN · Syukuri Dan Nikmati","pfbid02Mfa9gX7PFWY9bqybJ9e27PUEhPy7qvQXzvhicTLu9tj1LQxp6mUdSegna4K12qzFl","Bayu Farel","https://scontent-atl3-1.xx.fbcdn.net/v/t39.30808-1/449337876_1365659718157461_848034007991547497_n.jpg?stp=cp0_dst-jpg_s32x32&_nc_cat=110&ccb=1-7&_nc_sid=0ecb9b&_nc_ohc=WuaElgv2HNkQ7kNvgFjLGHI&_nc_ht=scontent-atl3-1.xx&_nc_gid=Avl5Ym6iyS69UPcbpZ0onZx&oh=00_AYDr2U0BI9l9ircKx4abbj1-GRH7gIoT6nS1VASXEFi7Wg&oe=66F2C33D","https://www.facebook.com/bayu.farel.585",,"Daerah mn ini bos?",
,,"https://www.facebook.com/reel/747105720879884/?comment_id=1068891091533905","3","2024-09-19T13:55:35.000Z","122142011954282694","https://www.facebook.com/reel/747105720879884/","ZmVlZGJhY2s6MTIyMTQyMDExOTU0MjgyNjk0XzEwNjg4OTEwOTE1MzM5MDU=","Y29tbWVudDoxMjIxNDIwMTE5NTQyODI2OTRfMTA2ODg5MTA5MTUzMzkwNQ==","https://www.facebook.com/reel/747105720879884/","0","LAZIO F1. DJ DOORTEEN · Syukuri Dan Nikmati","100007578522755","Renzy Bintangasia","https://scontent-atl3-2.xx.fbcdn.net/v/t39.30808-1/426012403_3605728109689771_2277782955804277447_n.jpg?stp=cp0_dst-jpg_s32x32&_nc_cat=104&ccb=1-7&_nc_sid=50d2ac&_nc_ohc=V70ESvgEanEQ7kNvgFkpPnR&_nc_ht=scontent-atl3-2.xx&_nc_gid=Avl5Ym6iyS69UPcbpZ0onZx&oh=00_AYApPoBBkpNL6gxd529744oPjoIilwAqOPtVzAr6SpTcEw&oe=66F2AB84","https://www.facebook.com/renzi.prayuda",,"Walahh segarr",
,,"https://www.facebook.com/permalink.php?story_fbid=pfbid02aL7tRfTXTmwXzdPrbwJiJYhSnpxFL4Gpy665pbhxtecifMH6nq3x13yvCbbbsGQJl&id=61558480822422&comment_id=1057883245344648","2","2024-09-20T01:04:50.000Z","122142008936282694","https://www.facebook.com/permalink.php?story_fbid=pfbid02aL7tRfTXTmwXzdPrbwJiJYhSnpxFL4Gpy665pbhxtecifMH6nq3x13yvCbbbsGQJl&id=61558480822422","ZmVlZGJhY2s6MTIyMTQyMDA4OTM2MjgyNjk0XzEwNTc4ODMyNDUzNDQ2NDg=","Y29tbWVudDoxMjIxNDIwMDg5MzYyODI2OTRfMTA1Nzg4MzI0NTM0NDY0OA==","https://www.facebook.com/permalink.php?story_fbid=pfbid02aL7tRfTXTmwXzdPrbwJiJYhSnpxFL4Gpy665pbhxtecifMH6nq3x13yvCbbbsGQJl&id=61558480822422","0","SEMANGKA 3N
LAZIO F1
Semangka hibrida non biji.
Bentuk buah : bulat.
Warna kulit : hijau.
Warna daging : merah.
Berat buah : ± 8 kg/buah.
Umur panen : 56-58 hst.
Potensi hasil : 21-22 ton/ha.
Daya simpan : 21-22 hsp.
Adaptasi utama di dataran rendah.
Buah besar.
Produksi tinggi.
Mudah perawatan.","pfbid0tnNyP2m2vCP5padZQxzzReg2vTUSrnnbFX5Y4AE75cpDSMejw5jhumXLkDijEM1Fl","Risma","https://scontent.fcbb2-2.fna.fbcdn.net/v/t39.30808-1/451802694_3846360292307391_497865661293776460_n.jpg?stp=c0.0.750.750a_cp0_dst-jpg_s32x32&_nc_cat=111&ccb=1-7&_nc_sid=0ecb9b&_nc_ohc=B6ecVd8BjBAQ7kNvgHFe36_&_nc_ht=scontent.fcbb2-2.fna&_nc_gid=A6PoFi8MJg3Jq0xFpso7lRj&oh=00_AYD4P5SdURO10tVMi1jai0gyCHEkNdhlq4fVjZnx4Tz0Zg&oe=66F2C9E0","https://www.facebook.com/nak.garben",,"Di mn ini pak",
,,"https://www.facebook.com/permalink.php?story_fbid=pfbid02aL7tRfTXTmwXzdPrbwJiJYhSnpxFL4Gpy665pbhxtecifMH6nq3x13yvCbbbsGQJl&id=61558480822422&comment_id=535536089031264","1","2024-09-19T14:08:30.000Z","122142008936282694","https://www.facebook.com/permalink.php?story_fbid=pfbid02aL7tRfTXTmwXzdPrbwJiJYhSnpxFL4Gpy665pbhxtecifMH6nq3x13yvCbbbsGQJl&id=61558480822422","ZmVlZGJhY2s6MTIyMTQyMDA4OTM2MjgyNjk0XzUzNTUzNjA4OTAzMTI2NA==","Y29tbWVudDoxMjIxNDIwMDg5MzYyODI2OTRfNTM1NTM2MDg5MDMxMjY0","https://www.facebook.com/permalink.php?story_fbid=pfbid02aL7tRfTXTmwXzdPrbwJiJYhSnpxFL4Gpy665pbhxtecifMH6nq3x13yvCbbbsGQJl&id=61558480822422","0","SEMANGKA 3N
LAZIO F1
Semangka hibrida non biji.
Bentuk buah : bulat.
Warna kulit : hijau.
Warna daging : merah.
Berat buah : ± 8 kg/buah.
Umur panen : 56-58 hst.
Potensi hasil : 21-22 ton/ha.
Daya simpan : 21-22 hsp.
Adaptasi utama di dataran rendah.
Buah besar.
Produksi tinggi.
Mudah perawatan.","pfbid02Mfa9gX7PFWY9bqybJ9e27PUEhPy7qvQXzvhicTLu9tj1LQxp6mUdSegna4K12qzFl","Bayu Farel","https://scontent.fcbb2-2.fna.fbcdn.net/v/t39.30808-1/449337876_1365659718157461_848034007991547497_n.jpg?stp=cp0_dst-jpg_s32x32&_nc_cat=110&ccb=1-7&_nc_sid=0ecb9b&_nc_ohc=WuaElgv2HNkQ7kNvgFSvDFz&_nc_ht=scontent.fcbb2-2.fna&_nc_gid=A6PoFi8MJg3Jq0xFpso7lRj&oh=00_AYAn7NvsVvR2V8Ho1dlHc13pMhxJUQZ0oFYy70bS4gteCw&oe=66F2C33D","https://www.facebook.com/bayu.farel.585",,"Waow bukan kaleng """,
,,"https://www.facebook.com/permalink.php?story_fbid=pfbid02aL7tRfTXTmwXzdPrbwJiJYhSnpxFL4Gpy665pbhxtecifMH6nq3x13yvCbbbsGQJl&id=61558480822422&comment_id=3783187658613110","1","2024-09-19T13:55:08.000Z","122142008936282694","https://www.facebook.com/permalink.php?story_fbid=pfbid02aL7tRfTXTmwXzdPrbwJiJYhSnpxFL4Gpy665pbhxtecifMH6nq3x13yvCbbbsGQJl&id=61558480822422","ZmVlZGJhY2s6MTIyMTQyMDA4OTM2MjgyNjk0XzM3ODMxODc2NTg2MTMxMTA=","Y29tbWVudDoxMjIxNDIwMDg5MzYyODI2OTRfMzc4MzE4NzY1ODYxMzExMA==","https://www.facebook.com/permalink.php?story_fbid=pfbid02aL7tRfTXTmwXzdPrbwJiJYhSnpxFL4Gpy665pbhxtecifMH6nq3x13yvCbbbsGQJl&id=61558480822422","0","SEMANGKA 3N
LAZIO F1
Semangka hibrida non biji.
Bentuk buah : bulat.
Warna kulit : hijau.
Warna daging : merah.
Berat buah : ± 8 kg/buah.
Umur panen : 56-58 hst.
Potensi hasil : 21-22 ton/ha.
Daya simpan : 21-22 hsp.
Adaptasi utama di dataran rendah.
Buah besar.
Produksi tinggi.
Mudah perawatan.","100007578522755","Renzy Bintangasia","https://scontent.fcbb2-1.fna.fbcdn.net/v/t39.30808-1/426012403_3605728109689771_2277782955804277447_n.jpg?stp=cp0_dst-jpg_s32x32&_nc_cat=104&ccb=1-7&_nc_sid=50d2ac&_nc_ohc=V70ESvgEanEQ7kNvgHoiFiZ&_nc_ht=scontent.fcbb2-1.fna&_nc_gid=A6PoFi8MJg3Jq0xFpso7lRj&oh=00_AYAlf1C5kYVx_M4Y5A55JLFFiV6XlzqjYQ1x8nyoAOJQqQ&oe=66F2AB84","https://www.facebook.com/renzi.prayuda",,"Mantap bosku..sukses bersama  bintang asia",
,,"https://www.facebook.com/permalink.php?story_fbid=pfbid02aL7tRfTXTmwXzdPrbwJiJYhSnpxFL4Gpy665pbhxtecifMH6nq3x13yvCbbbsGQJl&id=61558480822422&comment_id=2672592339595765","1","2024-09-19T13:38:40.000Z","122142008936282694","https://www.facebook.com/permalink.php?story_fbid=pfbid02aL7tRfTXTmwXzdPrbwJiJYhSnpxFL4Gpy665pbhxtecifMH6nq3x13yvCbbbsGQJl&id=61558480822422","ZmVlZGJhY2s6MTIyMTQyMDA4OTM2MjgyNjk0XzI2NzI1OTIzMzk1OTU3NjU=","Y29tbWVudDoxMjIxNDIwMDg5MzYyODI2OTRfMjY3MjU5MjMzOTU5NTc2NQ==","https://www.facebook.com/permalink.php?story_fbid=pfbid02aL7tRfTXTmwXzdPrbwJiJYhSnpxFL4Gpy665pbhxtecifMH6nq3x13yvCbbbsGQJl&id=61558480822422","0","SEMANGKA 3N
LAZIO F1
Semangka hibrida non biji.
Bentuk buah : bulat.
Warna kulit : hijau.
Warna daging : merah.
Berat buah : ± 8 kg/buah.
Umur panen : 56-58 hst.
Potensi hasil : 21-22 ton/ha.
Daya simpan : 21-22 hsp.
Adaptasi utama di dataran rendah.
Buah besar.
Produksi tinggi.
Mudah perawatan.","pfbid02sjYmgvUQP9WDyCt4J3o25No5oEWEpgY5xEdes2GmMQdRVwD3ge5u51mJXcKv8c7bl","Rida Wati Rida","https://scontent.fcbb2-2.fna.fbcdn.net/v/t39.30808-1/431656229_122131524044147055_1956025326381068538_n.jpg?stp=cp0_dst-jpg_s32x32&_nc_cat=111&ccb=1-7&_nc_sid=0ecb9b&_nc_ohc=Yz3RGLEhHMkQ7kNvgGvDOJZ&_nc_ht=scontent.fcbb2-2.fna&_nc_gid=A6PoFi8MJg3Jq0xFpso7lRj&oh=00_AYBXLU7Jl-1wZYFY2xxAYkVyLBc5XgfR-5oxqtmReIx9Bg&oe=66F2C027","https://www.facebook.com/people/Rida-Wati-Rida/pfbid02sjYmgvUQP9WDyCt4J3o25No5oEWEpgY5xEdes2GmMQdRVwD3ge5u51mJXcKv8c7bl/",,"Bikin ngiler saja.",
,,"https://www.facebook.com/permalink.php?story_fbid=pfbid02aL7tRfTXTmwXzdPrbwJiJYhSnpxFL4Gpy665pbhxtecifMH6nq3x13yvCbbbsGQJl&id=61558480822422&comment_id=579718254378815",,"2024-09-19T13:37:41.000Z","122142008936282694","https://www.facebook.com/permalink.php?story_fbid=pfbid02aL7tRfTXTmwXzdPrbwJiJYhSnpxFL4Gpy665pbhxtecifMH6nq3x13yvCbbbsGQJl&id=61558480822422","ZmVlZGJhY2s6MTIyMTQyMDA4OTM2MjgyNjk0XzU3OTcxODI1NDM3ODgxNQ==","Y29tbWVudDoxMjIxNDIwMDg5MzYyODI2OTRfNTc5NzE4MjU0Mzc4ODE1","https://www.facebook.com/permalink.php?story_fbid=pfbid02aL7tRfTXTmwXzdPrbwJiJYhSnpxFL4Gpy665pbhxtecifMH6nq3x13yvCbbbsGQJl&id=61558480822422","0","SEMANGKA 3N
LAZIO F1
Semangka hibrida non biji.
Bentuk buah : bulat.
Warna kulit : hijau.
Warna daging : merah.
Berat buah : ± 8 kg/buah.
Umur panen : 56-58 hst.
Potensi hasil : 21-22 ton/ha.
Daya simpan : 21-22 hsp.
Adaptasi utama di dataran rendah.
Buah besar.
Produksi tinggi.
Mudah perawatan.","pfbid02sjYmgvUQP9WDyCt4J3o25No5oEWEpgY5xEdes2GmMQdRVwD3ge5u51mJXcKv8c7bl","Rida Wati Rida","https://scontent.fcbb2-2.fna.fbcdn.net/v/t39.30808-1/431656229_122131524044147055_1956025326381068538_n.jpg?stp=cp0_dst-jpg_s32x32&_nc_cat=111&ccb=1-7&_nc_sid=0ecb9b&_nc_ohc=Yz3RGLEhHMkQ7kNvgGvDOJZ&_nc_ht=scontent.fcbb2-2.fna&_nc_gid=A6PoFi8MJg3Jq0xFpso7lRj&oh=00_AYBXLU7Jl-1wZYFY2xxAYkVyLBc5XgfR-5oxqtmReIx9Bg&oe=66F2C027","https://www.facebook.com/people/Rida-Wati-Rida/pfbid02sjYmgvUQP9WDyCt4J3o25No5oEWEpgY5xEdes2GmMQdRVwD3ge5u51mJXcKv8c7bl/",,"Enak sekali rasanya.",
,,"https://www.facebook.com/permalink.php?story_fbid=pfbid02aL7tRfTXTmwXzdPrbwJiJYhSnpxFL4Gpy665pbhxtecifMH6nq3x13yvCbbbsGQJl&id=61558480822422&comment_id=1217353152856598","1","2024-09-19T13:18:27.000Z","122142008936282694","https://www.facebook.com/permalink.php?story_fbid=pfbid02aL7tRfTXTmwXzdPrbwJiJYhSnpxFL4Gpy665pbhxtecifMH6nq3x13yvCbbbsGQJl&id=61558480822422","ZmVlZGJhY2s6MTIyMTQyMDA4OTM2MjgyNjk0XzEyMTczNTMxNTI4NTY1OTg=","Y29tbWVudDoxMjIxNDIwMDg5MzYyODI2OTRfMTIxNzM1MzE1Mjg1NjU5OA==","https://www.facebook.com/permalink.php?story_fbid=pfbid02aL7tRfTXTmwXzdPrbwJiJYhSnpxFL4Gpy665pbhxtecifMH6nq3x13yvCbbbsGQJl&id=61558480822422","0","SEMANGKA 3N
LAZIO F1
Semangka hibrida non biji.
Bentuk buah : bulat.
Warna kulit : hijau.
Warna daging : merah.
Berat buah : ± 8 kg/buah.
Umur panen : 56-58 hst.
Potensi hasil : 21-22 ton/ha.
Daya simpan : 21-22 hsp.
Adaptasi utama di dataran rendah.
Buah besar.
Produksi tinggi.
Mudah perawatan.","100014406039341","Hileud Melon","https://scontent.fcbb2-1.fna.fbcdn.net/v/t39.30808-1/451432247_1859537544536429_4310570413362761283_n.jpg?stp=cp0_dst-jpg_s32x32&_nc_cat=100&ccb=1-7&_nc_sid=50d2ac&_nc_ohc=gPLl_bkL5soQ7kNvgGU24UQ&_nc_ht=scontent.fcbb2-1.fna&_nc_gid=A6PoFi8MJg3Jq0xFpso7lRj&oh=00_AYCoweNqNoWaCiMGXeHGKrT6LBTXLl8cOGb_yrt2_mtKHg&oe=66F2B119",,,"Keren",
,,"https://www.facebook.com/permalink.php?story_fbid=pfbid02aL7tRfTXTmwXzdPrbwJiJYhSnpxFL4Gpy665pbhxtecifMH6nq3x13yvCbbbsGQJl&id=61558480822422&comment_id=817047160306670","1","2024-09-19T13:09:53.000Z","122142008936282694","https://www.facebook.com/permalink.php?story_fbid=pfbid02aL7tRfTXTmwXzdPrbwJiJYhSnpxFL4Gpy665pbhxtecifMH6nq3x13yvCbbbsGQJl&id=61558480822422","ZmVlZGJhY2s6MTIyMTQyMDA4OTM2MjgyNjk0XzgxNzA0NzE2MDMwNjY3MA==","Y29tbWVudDoxMjIxNDIwMDg5MzYyODI2OTRfODE3MDQ3MTYwMzA2Njcw","https://www.facebook.com/permalink.php?story_fbid=pfbid02aL7tRfTXTmwXzdPrbwJiJYhSnpxFL4Gpy665pbhxtecifMH6nq3x13yvCbbbsGQJl&id=61558480822422","0","SEMANGKA 3N
LAZIO F1
Semangka hibrida non biji.
Bentuk buah : bulat.
Warna kulit : hijau.
Warna daging : merah.
Berat buah : ± 8 kg/buah.
Umur panen : 56-58 hst.
Potensi hasil : 21-22 ton/ha.
Daya simpan : 21-22 hsp.
Adaptasi utama di dataran rendah.
Buah besar.
Produksi tinggi.
Mudah perawatan.","pfbid0zAwQy4p1ufF29AQCdkNiSCNVZwiMcsR4vpMhu7TUXxhpsVQaKmekKgNZ6mxh7Bmpl","Ema Herman","https://scontent.fcbb2-2.fna.fbcdn.net/v/t39.30808-1/415498076_956714732676883_5328167492199961583_n.jpg?stp=cp0_dst-jpg_s32x32&_nc_cat=111&ccb=1-7&_nc_sid=0ecb9b&_nc_ohc=leJ2fWh-OnEQ7kNvgHcTTs0&_nc_ht=scontent.fcbb2-2.fna&_nc_gid=A6PoFi8MJg3Jq0xFpso7lRj&oh=00_AYAcfvOVb0CDWagQwa1CjfxU7azR7A5AaQI6xANCWIgvZw&oe=66F2BFEB","https://www.facebook.com/people/Ema-Herman/pfbid0zAwQy4p1ufF29AQCdkNiSCNVZwiMcsR4vpMhu7TUXxhpsVQaKmekKgNZ6mxh7Bmpl/",,"OHH kacian😋😋😋",
"sticker","fallback","https://www.facebook.com/reel/2657705021056990/?comment_id=3362954880665332",,"2024-09-19T01:11:49.000Z","122141910590282694","https://www.facebook.com/reel/2657705021056990/","ZmVlZGJhY2s6MTIyMTQxOTEwNTkwMjgyNjk0XzMzNjI5NTQ4ODA2NjUzMzI=","Y29tbWVudDoxMjIxNDE5MTA1OTAyODI2OTRfMzM2Mjk1NDg4MDY2NTMzMg==","https://www.facebook.com/reel/2657705021056990/","0","SEMANGKA DIVA F1 #bintangasia #benihcitraasia #inovasianaknegeri #benihunggul # @sorotan. Coconuttreez · Rejeki Takkan Kemana","pfbid026UTwDPuhAQcG7A6yY2rewNDrhUPw1fbAXTxF5TUGgXqpJFWpYTEhFErtmsZf36RZl","Jefri Albutuni","https://scontent.fgla3-1.fna.fbcdn.net/v/t39.30808-1/459902787_122141472062282694_4349294198031617151_n.jpg?stp=cp0_dst-jpg_s32x32&_nc_cat=102&ccb=1-7&_nc_sid=0ecb9b&_nc_ohc=6Km3dFWCFQIQ7kNvgGt_wXU&_nc_ht=scontent.fgla3-1.fna&_nc_gid=AaGqNnamlIOisALTteoO4Fn&oh=00_AYCSx8CDtDmdJe_jfZsizbbUHtZPnhGvdjLk6qPfvVXvtw&oe=66F2ABC6","https://www.facebook.com/people/Jefri-Albutuni/pfbid026UTwDPuhAQcG7A6yY2rewNDrhUPw1fbAXTxF5TUGgXqpJFWpYTEhFErtmsZf36RZl/",,,
,,"https://www.facebook.com/reel/2657705021056990/?comment_id=521383340540097","1","2024-09-19T01:53:10.000Z","122141910590282694","https://www.facebook.com/reel/2657705021056990/","ZmVlZGJhY2s6MTIyMTQxOTEwNTkwMjgyNjk0XzUyMTM4MzM0MDU0MDA5Nw==","Y29tbWVudDoxMjIxNDE5MTA1OTAyODI2OTRfNTIxMzgzMzQwNTQwMDk3","https://www.facebook.com/reel/2657705021056990/","0","SEMANGKA DIVA F1 #bintangasia #benihcitraasia #inovasianaknegeri #benihunggul # @sorotan. Coconuttreez · Rejeki Takkan Kemana","100089127204381","Muh Afif Juradi","https://scontent.fgla3-1.fna.fbcdn.net/v/t39.30808-1/379817049_276805318633706_5670543340114400970_n.jpg?stp=cp0_dst-jpg_s32x32&_nc_cat=108&ccb=1-7&_nc_sid=50d2ac&_nc_ohc=Ft11xfnkd3IQ7kNvgHnWhGU&_nc_ht=scontent.fgla3-1.fna&_nc_gid=AaGqNnamlIOisALTteoO4Fn&oh=00_AYDY_Imz4MeQ3p370yF-mVtMp4wMD3PkqBwJrh0UgqzNbg&oe=66F2B5A0","https://www.facebook.com/people/Muh-Afif-Juradi/100089127204381/",,"Luar biasa ini pak bosku",
,,"https://www.facebook.com/reel/2657705021056990/?comment_id=1037719550961063",,"2024-09-19T02:54:51.000Z","122141910590282694","https://www.facebook.com/reel/2657705021056990/","ZmVlZGJhY2s6MTIyMTQxOTEwNTkwMjgyNjk0XzEwMzc3MTk1NTA5NjEwNjM=","Y29tbWVudDoxMjIxNDE5MTA1OTAyODI2OTRfMTAzNzcxOTU1MDk2MTA2Mw==","https://www.facebook.com/reel/2657705021056990/","0","SEMANGKA DIVA F1 #bintangasia #benihcitraasia #inovasianaknegeri #benihunggul # @sorotan. Coconuttreez · Rejeki Takkan Kemana","100053385173603","Rahmi Rahmi","https://scontent.fgla3-1.fna.fbcdn.net/v/t39.30808-1/454031427_1006754697780693_9115953712589327963_n.jpg?stp=cp0_dst-jpg_s32x32&_nc_cat=102&ccb=1-7&_nc_sid=50d2ac&_nc_ohc=Sh0GICnnJvkQ7kNvgGI98vo&_nc_ht=scontent.fgla3-1.fna&_nc_gid=AaGqNnamlIOisALTteoO4Fn&oh=00_AYCIER7tYNP-QuVRhGL9j00Wp2YWT12VINp0PwhqSSQURA&oe=66F2C3E6","https://www.facebook.com/people/Rahmi-Rahmi/100053385173603/",,"Mantap",
,,"https://www.facebook.com/reel/2657705021056990/?comment_id=884485350413311",,"2024-09-19T03:58:50.000Z","122141910590282694","https://www.facebook.com/reel/2657705021056990/","ZmVlZGJhY2s6MTIyMTQxOTEwNTkwMjgyNjk0Xzg4NDQ4NTM1MDQxMzMxMQ==","Y29tbWVudDoxMjIxNDE5MTA1OTAyODI2OTRfODg0NDg1MzUwNDEzMzEx","https://www.facebook.com/reel/2657705021056990/","0","SEMANGKA DIVA F1 #bintangasia #benihcitraasia #inovasianaknegeri #benihunggul # @sorotan. Coconuttreez · Rejeki Takkan Kemana","100007578522755","Renzy Bintangasia","https://scontent.fgla3-2.fna.fbcdn.net/v/t39.30808-1/426012403_3605728109689771_2277782955804277447_n.jpg?stp=cp0_dst-jpg_s32x32&_nc_cat=104&ccb=1-7&_nc_sid=50d2ac&_nc_ohc=V70ESvgEanEQ7kNvgHjprRG&_nc_ht=scontent.fgla3-2.fna&_nc_gid=AaGqNnamlIOisALTteoO4Fn&oh=00_AYA5lw1s0805jnFx5-NJ8MZqpGndzz-9fr1u7vuQ01XdQA&oe=66F2AB84","https://www.facebook.com/renzi.prayuda",,"Mantap",
"sticker","fallback","https://www.facebook.com/reel/2657705021056990/?comment_id=1241002494012217",,"2024-09-19T01:11:22.000Z","122141910590282694","https://www.facebook.com/reel/2657705021056990/","ZmVlZGJhY2s6MTIyMTQxOTEwNTkwMjgyNjk0XzEyNDEwMDI0OTQwMTIyMTc=","Y29tbWVudDoxMjIxNDE5MTA1OTAyODI2OTRfMTI0MTAwMjQ5NDAxMjIxNw==","https://www.facebook.com/reel/2657705021056990/","0","SEMANGKA DIVA F1 #bintangasia #benihcitraasia #inovasianaknegeri #benihunggul # @sorotan. Coconuttreez · Rejeki Takkan Kemana","pfbid02RfRdNnQvBLc6UL2PpxEtJECXLHfSrRztKBSzLDPfd6sfk5SXpnoXqWaNPiyfu13Ml","Abdi Abdi","https://scontent.fgla3-2.fna.fbcdn.net/v/t39.30808-1/452136751_122160555788213752_8191104357370319544_n.jpg?stp=cp0_dst-jpg_s32x32&_nc_cat=100&ccb=1-7&_nc_sid=0ecb9b&_nc_ohc=TYkDRiILn_MQ7kNvgHh7RSs&_nc_ht=scontent.fgla3-2.fna&_nc_gid=AaGqNnamlIOisALTteoO4Fn&oh=00_AYAw6fnS4oI4m6oxHpxsVMXgBzZvnkUNLulCqd6G6bBMbQ&oe=66F2C459","https://www.facebook.com/people/Abdi-Abdi/pfbid02RfRdNnQvBLc6UL2PpxEtJECXLHfSrRztKBSzLDPfd6sfk5SXpnoXqWaNPiyfu13Ml/",,"mantap",
,,"https://www.facebook.com/permalink.php?story_fbid=pfbid02aL7tRfTXTmwXzdPrbwJiJYhSnpxFL4Gpy665pbhxtecifMH6nq3x13yvCbbbsGQJl&id=61558480822422&comment_id=930822698858355",,"2024-09-19T13:29:30.000Z","122142008936282694","https://www.facebook.com/permalink.php?story_fbid=pfbid02aL7tRfTXTmwXzdPrbwJiJYhSnpxFL4Gpy665pbhxtecifMH6nq3x13yvCbbbsGQJl&id=61558480822422","ZmVlZGJhY2s6MTIyMTQyMDA4OTM2MjgyNjk0XzkzMDgyMjY5ODg1ODM1NQ==","Y29tbWVudDoxMjIxNDIwMDg5MzYyODI2OTRfOTMwODIyNjk4ODU4MzU1","https://www.facebook.com/permalink.php?story_fbid=pfbid02aL7tRfTXTmwXzdPrbwJiJYhSnpxFL4Gpy665pbhxtecifMH6nq3x13yvCbbbsGQJl&id=61558480822422","0","SEMANGKA 3N
LAZIO F1
Semangka hibrida non biji.
Bentuk buah : bulat.
Warna kulit : hijau.
Warna daging : merah.
Berat buah : ± 8 kg/buah.
Umur panen : 56-58 hst.
Potensi hasil : 21-22 ton/ha.
Daya simpan : 21-22 hsp.
Adaptasi utama di dataran rendah.
Buah besar.
Produksi tinggi.
Mudah perawatan.","pfbid026UTwDPuhAQcG7A6yY2rewNDrhUPw1fbAXTxF5TUGgXqpJFWpYTEhFErtmsZf36RZl","Jefri Albutuni","https://scontent-man2-1.xx.fbcdn.net/v/t39.30808-1/459902787_122141472062282694_4349294198031617151_n.jpg?stp=cp0_dst-jpg_s32x32&_nc_cat=102&ccb=1-7&_nc_sid=0ecb9b&_nc_ohc=6Km3dFWCFQIQ7kNvgESHdrD&_nc_ht=scontent-man2-1.xx&_nc_gid=Ag1ZQ34IWw89YBHwtB9qKla&oh=00_AYC7xYybU4HNFAYTLer_jtERYxlu5vKHOtcyoSPbR_qKsQ&oe=66F2ABC6","https://www.facebook.com/people/Jefri-Albutuni/pfbid026UTwDPuhAQcG7A6yY2rewNDrhUPw1fbAXTxF5TUGgXqpJFWpYTEhFErtmsZf36RZl/","Y29tbWVudDoxMjIxNDIwMDg5MzYyODI2OTRfODE3MDQ3MTYwMzA2Njcw","Ema Herman hehehe","1"
,,"https://www.facebook.com/reel/747105720879884/?comment_id=2660200484190102",,"2024-09-19T14:13:33.000Z","122142011954282694","https://www.facebook.com/reel/747105720879884/","ZmVlZGJhY2s6MTIyMTQyMDExOTU0MjgyNjk0XzI2NjAyMDA0ODQxOTAxMDI=","Y29tbWVudDoxMjIxNDIwMTE5NTQyODI2OTRfMjY2MDIwMDQ4NDE5MDEwMg==","https://www.facebook.com/reel/747105720879884/","0","LAZIO F1. DJ DOORTEEN · Syukuri Dan Nikmati","pfbid026UTwDPuhAQcG7A6yY2rewNDrhUPw1fbAXTxF5TUGgXqpJFWpYTEhFErtmsZf36RZl","Jefri Albutuni","https://scontent-lax3-1.xx.fbcdn.net/v/t39.30808-1/459902787_122141472062282694_4349294198031617151_n.jpg?stp=cp0_dst-jpg_s32x32&_nc_cat=102&ccb=1-7&_nc_sid=0ecb9b&_nc_ohc=6Km3dFWCFQIQ7kNvgExWZzL&_nc_ht=scontent-lax3-1.xx&_nc_gid=Ab4nIAdTnvC76c65vgfSyr-&oh=00_AYAlkgsnZIXijTljUQfo6AEz8eclVH0QNSkPDK0rq28UEQ&oe=66F2ABC6","https://www.facebook.com/people/Jefri-Albutuni/pfbid026UTwDPuhAQcG7A6yY2rewNDrhUPw1fbAXTxF5TUGgXqpJFWpYTEhFErtmsZf36RZl/","Y29tbWVudDoxMjIxNDIwMTE5NTQyODI2OTRfMTA2ODg5MTA5MTUzMzkwNQ==","Renzy Bintangasia lasalimu","2"
,,"https://www.facebook.com/reel/747105720879884/?comment_id=1064684341671817",,"2024-09-19T14:12:00.000Z","122142011954282694","https://www.facebook.com/reel/747105720879884/","ZmVlZGJhY2s6MTIyMTQyMDExOTU0MjgyNjk0XzEwNjQ2ODQzNDE2NzE4MTc=","Y29tbWVudDoxMjIxNDIwMTE5NTQyODI2OTRfMTA2NDY4NDM0MTY3MTgxNw==","https://www.facebook.com/reel/747105720879884/","0","LAZIO F1. DJ DOORTEEN · Syukuri Dan Nikmati","100007578522755","Renzy Bintangasia","https://scontent-lax3-1.xx.fbcdn.net/v/t39.30808-1/426012403_3605728109689771_2277782955804277447_n.jpg?stp=cp0_dst-jpg_s32x32&_nc_cat=104&ccb=1-7&_nc_sid=50d2ac&_nc_ohc=V70ESvgEanEQ7kNvgFdLP_u&_nc_ht=scontent-lax3-1.xx&_nc_gid=Ab4nIAdTnvC76c65vgfSyr-&oh=00_AYCvw5l-l1ra-FfyJM6TyUgEZf7RszlgyV2xyFtf4V2Wzg&oe=66F2AB84","https://www.facebook.com/renzi.prayuda","Y29tbWVudDoxMjIxNDIwMTE5NTQyODI2OTRfMTA2ODg5MTA5MTUzMzkwNQ==","Jefri Albutuni mantap om .","2"
,,"https://www.facebook.com/reel/747105720879884/?comment_id=451321124599691","2","2024-09-19T14:06:13.000Z","122142011954282694","https://www.facebook.com/reel/747105720879884/","ZmVlZGJhY2s6MTIyMTQyMDExOTU0MjgyNjk0XzQ1MTMyMTEyNDU5OTY5MQ==","Y29tbWVudDoxMjIxNDIwMTE5NTQyODI2OTRfNDUxMzIxMTI0NTk5Njkx","https://www.facebook.com/reel/747105720879884/","1","LAZIO F1. DJ DOORTEEN · Syukuri Dan Nikmati","pfbid026UTwDPuhAQcG7A6yY2rewNDrhUPw1fbAXTxF5TUGgXqpJFWpYTEhFErtmsZf36RZl","Jefri Albutuni","https://scontent-lax3-1.xx.fbcdn.net/v/t39.30808-1/459902787_122141472062282694_4349294198031617151_n.jpg?stp=cp0_dst-jpg_s32x32&_nc_cat=102&ccb=1-7&_nc_sid=0ecb9b&_nc_ohc=6Km3dFWCFQIQ7kNvgExWZzL&_nc_ht=scontent-lax3-1.xx&_nc_gid=Ab4nIAdTnvC76c65vgfSyr-&oh=00_AYAlkgsnZIXijTljUQfo6AEz8eclVH0QNSkPDK0rq28UEQ&oe=66F2ABC6","https://www.facebook.com/people/Jefri-Albutuni/pfbid026UTwDPuhAQcG7A6yY2rewNDrhUPw1fbAXTxF5TUGgXqpJFWpYTEhFErtmsZf36RZl/","Y29tbWVudDoxMjIxNDIwMTE5NTQyODI2OTRfMTA2ODg5MTA5MTUzMzkwNQ==","Renzy Bintangasia segar sekali pak","1"
,,"https://www.facebook.com/reel/747105720879884/?comment_id=443253002096817",,"2024-09-19T23:27:58.000Z","122142011954282694","https://www.facebook.com/reel/747105720879884/","ZmVlZGJhY2s6MTIyMTQyMDExOTU0MjgyNjk0XzQ0MzI1MzAwMjA5NjgxNw==","Y29tbWVudDoxMjIxNDIwMTE5NTQyODI2OTRfNDQzMjUzMDAyMDk2ODE3","https://www.facebook.com/reel/747105720879884/","0","LAZIO F1. DJ DOORTEEN · Syukuri Dan Nikmati","pfbid026UTwDPuhAQcG7A6yY2rewNDrhUPw1fbAXTxF5TUGgXqpJFWpYTEhFErtmsZf36RZl","Jefri Albutuni","https://scontent-iad3-1.xx.fbcdn.net/v/t39.30808-1/459902787_122141472062282694_4349294198031617151_n.jpg?stp=cp0_dst-jpg_s32x32&_nc_cat=102&ccb=1-7&_nc_sid=0ecb9b&_nc_ohc=6Km3dFWCFQIQ7kNvgE1r7Hq&_nc_ht=scontent-iad3-1.xx&oh=00_AYATSXvXHG8K3IXZbp59NYLMYlshEgVZd4h9MNy7GBOCOQ&oe=66F2ABC6","https://www.facebook.com/people/Jefri-Albutuni/pfbid026UTwDPuhAQcG7A6yY2rewNDrhUPw1fbAXTxF5TUGgXqpJFWpYTEhFErtmsZf36RZl/","Y29tbWVudDoxMjIxNDIwMTE5NTQyODI2OTRfODQ2ODUxMTk3NDI4MDA1","Bayu Farel lasalimu","1"
,,"https://www.facebook.com/permalink.php?story_fbid=pfbid02aL7tRfTXTmwXzdPrbwJiJYhSnpxFL4Gpy665pbhxtecifMH6nq3x13yvCbbbsGQJl&id=61558480822422&comment_id=440806941744494",,"2024-09-20T01:14:49.000Z","122142008936282694","https://www.facebook.com/permalink.php?story_fbid=pfbid02aL7tRfTXTmwXzdPrbwJiJYhSnpxFL4Gpy665pbhxtecifMH6nq3x13yvCbbbsGQJl&id=61558480822422","ZmVlZGJhY2s6MTIyMTQyMDA4OTM2MjgyNjk0XzQ0MDgwNjk0MTc0NDQ5NA==","Y29tbWVudDoxMjIxNDIwMDg5MzYyODI2OTRfNDQwODA2OTQxNzQ0NDk0","https://www.facebook.com/permalink.php?story_fbid=pfbid02aL7tRfTXTmwXzdPrbwJiJYhSnpxFL4Gpy665pbhxtecifMH6nq3x13yvCbbbsGQJl&id=61558480822422","0","SEMANGKA 3N
LAZIO F1
Semangka hibrida non biji.
Bentuk buah : bulat.
Warna kulit : hijau.
Warna daging : merah.
Berat buah : ± 8 kg/buah.
Umur panen : 56-58 hst.
Potensi hasil : 21-22 ton/ha.
Daya simpan : 21-22 hsp.
Adaptasi utama di dataran rendah.
Buah besar.
Produksi tinggi.
Mudah perawatan.","pfbid0tnNyP2m2vCP5padZQxzzReg2vTUSrnnbFX5Y4AE75cpDSMejw5jhumXLkDijEM1Fl","Risma","https://scontent.ftpa1-1.fna.fbcdn.net/v/t39.30808-1/451802694_3846360292307391_497865661293776460_n.jpg?stp=c0.0.750.750a_cp0_dst-jpg_s32x32&_nc_cat=111&ccb=1-7&_nc_sid=0ecb9b&_nc_ohc=B6ecVd8BjBAQ7kNvgHPzJk_&_nc_ht=scontent.ftpa1-1.fna&_nc_gid=AqLQX-GAk0XaOm322-bh8PV&oh=00_AYDfNgsWBjqC2_JLIPATm2WKEuZuEB_GPWcm-O1kQfeiXA&oe=66F2C9E0","https://www.facebook.com/nak.garben","Y29tbWVudDoxMjIxNDIwMDg5MzYyODI2OTRfMTA1Nzg4MzI0NTM0NDY0OA==","Jefri Albutuni sdh mulai panen","2"
,,"https://www.facebook.com/permalink.php?story_fbid=pfbid02aL7tRfTXTmwXzdPrbwJiJYhSnpxFL4Gpy665pbhxtecifMH6nq3x13yvCbbbsGQJl&id=61558480822422&comment_id=463606646681379","1","2024-09-20T01:07:20.000Z","122142008936282694","https://www.facebook.com/permalink.php?story_fbid=pfbid02aL7tRfTXTmwXzdPrbwJiJYhSnpxFL4Gpy665pbhxtecifMH6nq3x13yvCbbbsGQJl&id=61558480822422","ZmVlZGJhY2s6MTIyMTQyMDA4OTM2MjgyNjk0XzQ2MzYwNjY0NjY4MTM3OQ==","Y29tbWVudDoxMjIxNDIwMDg5MzYyODI2OTRfNDYzNjA2NjQ2NjgxMzc5","https://www.facebook.com/permalink.php?story_fbid=pfbid02aL7tRfTXTmwXzdPrbwJiJYhSnpxFL4Gpy665pbhxtecifMH6nq3x13yvCbbbsGQJl&id=61558480822422","0","SEMANGKA 3N
LAZIO F1
Semangka hibrida non biji.
Bentuk buah : bulat.
Warna kulit : hijau.
Warna daging : merah.
Berat buah : ± 8 kg/buah.
Umur panen : 56-58 hst.
Potensi hasil : 21-22 ton/ha.
Daya simpan : 21-22 hsp.
Adaptasi utama di dataran rendah.
Buah besar.
Produksi tinggi.
Mudah perawatan.","pfbid026UTwDPuhAQcG7A6yY2rewNDrhUPw1fbAXTxF5TUGgXqpJFWpYTEhFErtmsZf36RZl","Jefri Albutuni","https://scontent.ftpa1-2.fna.fbcdn.net/v/t39.30808-1/459902787_122141472062282694_4349294198031617151_n.jpg?stp=cp0_dst-jpg_s32x32&_nc_cat=102&ccb=1-7&_nc_sid=0ecb9b&_nc_ohc=6Km3dFWCFQIQ7kNvgHhU9gD&_nc_ht=scontent.ftpa1-2.fna&_nc_gid=AqLQX-GAk0XaOm322-bh8PV&oh=00_AYA1SXppIDVSNEXLVNsVhHeO2zgjdUB_sPMVy2DHUfnvyg&oe=66F2ABC6","https://www.facebook.com/people/Jefri-Albutuni/pfbid026UTwDPuhAQcG7A6yY2rewNDrhUPw1fbAXTxF5TUGgXqpJFWpYTEhFErtmsZf36RZl/","Y29tbWVudDoxMjIxNDIwMDg5MzYyODI2OTRfMTA1Nzg4MzI0NTM0NDY0OA==","Risma lasalimu","1"
,,"https://www.facebook.com/permalink.php?story_fbid=pfbid02aL7tRfTXTmwXzdPrbwJiJYhSnpxFL4Gpy665pbhxtecifMH6nq3x13yvCbbbsGQJl&id=61558480822422&comment_id=531111689462144",,"2024-09-19T23:06:55.000Z","122142008936282694","https://www.facebook.com/permalink.php?story_fbid=pfbid02aL7tRfTXTmwXzdPrbwJiJYhSnpxFL4Gpy665pbhxtecifMH6nq3x13yvCbbbsGQJl&id=61558480822422","ZmVlZGJhY2s6MTIyMTQyMDA4OTM2MjgyNjk0XzUzMTExMTY4OTQ2MjE0NA==","Y29tbWVudDoxMjIxNDIwMDg5MzYyODI2OTRfNTMxMTExNjg5NDYyMTQ0","https://www.facebook.com/permalink.php?story_fbid=pfbid02aL7tRfTXTmwXzdPrbwJiJYhSnpxFL4Gpy665pbhxtecifMH6nq3x13yvCbbbsGQJl&id=61558480822422","0","SEMANGKA 3N
LAZIO F1
Semangka hibrida non biji.
Bentuk buah : bulat.
Warna kulit : hijau.
Warna daging : merah.
Berat buah : ± 8 kg/buah.
Umur panen : 56-58 hst.
Potensi hasil : 21-22 ton/ha.
Daya simpan : 21-22 hsp.
Adaptasi utama di dataran rendah.
Buah besar.
Produksi tinggi.
Mudah perawatan.","pfbid026UTwDPuhAQcG7A6yY2rewNDrhUPw1fbAXTxF5TUGgXqpJFWpYTEhFErtmsZf36RZl","Jefri Albutuni","https://scontent-ord5-2.xx.fbcdn.net/v/t39.30808-1/459902787_122141472062282694_4349294198031617151_n.jpg?stp=cp0_dst-jpg_s32x32&_nc_cat=102&ccb=1-7&_nc_sid=0ecb9b&_nc_ohc=6Km3dFWCFQIQ7kNvgG0TZad&_nc_ht=scontent-ord5-2.xx&_nc_gid=AOCBvDs6zdGNOYg-FJi7X-Z&oh=00_AYCWxqSgOLyR8NbAcmZIsP1eJitjeOSR1onQnvVImpiA6w&oe=66F2ABC6","https://www.facebook.com/people/Jefri-Albutuni/pfbid026UTwDPuhAQcG7A6yY2rewNDrhUPw1fbAXTxF5TUGgXqpJFWpYTEhFErtmsZf36RZl/","Y29tbWVudDoxMjIxNDIwMDg5MzYyODI2OTRfNTM1NTM2MDg5MDMxMjY0","Bayu Farel tpi mantap roma hehehe","1"
,,"https://www.facebook.com/permalink.php?story_fbid=pfbid02aL7tRfTXTmwXzdPrbwJiJYhSnpxFL4Gpy665pbhxtecifMH6nq3x13yvCbbbsGQJl&id=61558480822422&comment_id=886330956201042",,"2024-09-19T23:06:42.000Z","122142008936282694","https://www.facebook.com/permalink.php?story_fbid=pfbid02aL7tRfTXTmwXzdPrbwJiJYhSnpxFL4Gpy665pbhxtecifMH6nq3x13yvCbbbsGQJl&id=61558480822422","ZmVlZGJhY2s6MTIyMTQyMDA4OTM2MjgyNjk0Xzg4NjMzMDk1NjIwMTA0Mg==","Y29tbWVudDoxMjIxNDIwMDg5MzYyODI2OTRfODg2MzMwOTU2MjAxMDQy","https://www.facebook.com/permalink.php?story_fbid=pfbid02aL7tRfTXTmwXzdPrbwJiJYhSnpxFL4Gpy665pbhxtecifMH6nq3x13yvCbbbsGQJl&id=61558480822422","0","SEMANGKA 3N
LAZIO F1
Semangka hibrida non biji.
Bentuk buah : bulat.
Warna kulit : hijau.
Warna daging : merah.
Berat buah : ± 8 kg/buah.
Umur panen : 56-58 hst.
Potensi hasil : 21-22 ton/ha.
Daya simpan : 21-22 hsp.
Adaptasi utama di dataran rendah.
Buah besar.
Produksi tinggi.
Mudah perawatan.","pfbid026UTwDPuhAQcG7A6yY2rewNDrhUPw1fbAXTxF5TUGgXqpJFWpYTEhFErtmsZf36RZl","Jefri Albutuni","https://scontent.fjdf5-1.fna.fbcdn.net/v/t39.30808-1/459902787_122141472062282694_4349294198031617151_n.jpg?stp=cp0_dst-jpg_s32x32&_nc_cat=102&ccb=1-7&_nc_sid=0ecb9b&_nc_ohc=6Km3dFWCFQIQ7kNvgEBW9mH&_nc_ht=scontent.fjdf5-1.fna&_nc_gid=ALRCWMkRdCgGPxUfzdU9XcK&oh=00_AYD9pfNdR-TNuMY1-o624K-5ntSMb5Q_GzUs2zLLT0bhww&oe=66F2ABC6","https://www.facebook.com/people/Jefri-Albutuni/pfbid026UTwDPuhAQcG7A6yY2rewNDrhUPw1fbAXTxF5TUGgXqpJFWpYTEhFErtmsZf36RZl/","Y29tbWVudDoxMjIxNDIwMDg5MzYyODI2OTRfMzc4MzE4NzY1ODYxMzExMA==","Renzy Bintangasia siap","1"
,,"https://www.facebook.com/permalink.php?story_fbid=pfbid02aL7tRfTXTmwXzdPrbwJiJYhSnpxFL4Gpy665pbhxtecifMH6nq3x13yvCbbbsGQJl&id=61558480822422&comment_id=540883531849262",,"2024-09-19T23:06:37.000Z","122142008936282694","https://www.facebook.com/permalink.php?story_fbid=pfbid02aL7tRfTXTmwXzdPrbwJiJYhSnpxFL4Gpy665pbhxtecifMH6nq3x13yvCbbbsGQJl&id=61558480822422","ZmVlZGJhY2s6MTIyMTQyMDA4OTM2MjgyNjk0XzU0MDg4MzUzMTg0OTI2Mg==","Y29tbWVudDoxMjIxNDIwMDg5MzYyODI2OTRfNTQwODgzNTMxODQ5MjYy","https://www.facebook.com/permalink.php?story_fbid=pfbid02aL7tRfTXTmwXzdPrbwJiJYhSnpxFL4Gpy665pbhxtecifMH6nq3x13yvCbbbsGQJl&id=61558480822422","0","SEMANGKA 3N
LAZIO F1
Semangka hibrida non biji.
Bentuk buah : bulat.
Warna kulit : hijau.
Warna daging : merah.
Berat buah : ± 8 kg/buah.
Umur panen : 56-58 hst.
Potensi hasil : 21-22 ton/ha.
Daya simpan : 21-22 hsp.
Adaptasi utama di dataran rendah.
Buah besar.
Produksi tinggi.
Mudah perawatan.","pfbid026UTwDPuhAQcG7A6yY2rewNDrhUPw1fbAXTxF5TUGgXqpJFWpYTEhFErtmsZf36RZl","Jefri Albutuni","https://scontent.fvag4-1.fna.fbcdn.net/v/t39.30808-1/459902787_122141472062282694_4349294198031617151_n.jpg?stp=cp0_dst-jpg_s32x32&_nc_cat=102&ccb=1-7&_nc_sid=0ecb9b&_nc_ohc=6Km3dFWCFQIQ7kNvgHauCAr&_nc_ht=scontent.fvag4-1.fna&oh=00_AYD_fs6XJmLx4ULEKx8GlkFXlhjtgxWVgF6_JDhbjvQ1Zw&oe=66F2ABC6","https://www.facebook.com/people/Jefri-Albutuni/pfbid026UTwDPuhAQcG7A6yY2rewNDrhUPw1fbAXTxF5TUGgXqpJFWpYTEhFErtmsZf36RZl/","Y29tbWVudDoxMjIxNDIwMDg5MzYyODI2OTRfMjY3MjU5MjMzOTU5NTc2NQ==","Rida Wati Rida hehehe","1"
,,"https://www.facebook.com/reel/2657705021056990/?comment_id=1944675239286624",,"2024-09-19T02:48:56.000Z","122141910590282694","https://www.facebook.com/reel/2657705021056990/","ZmVlZGJhY2s6MTIyMTQxOTEwNTkwMjgyNjk0XzE5NDQ2NzUyMzkyODY2MjQ=","Y29tbWVudDoxMjIxNDE5MTA1OTAyODI2OTRfMTk0NDY3NTIzOTI4NjYyNA==","https://www.facebook.com/reel/2657705021056990/","0","SEMANGKA DIVA F1 #bintangasia #benihcitraasia #inovasianaknegeri #benihunggul # @sorotan. Coconuttreez · Rejeki Takkan Kemana","pfbid026UTwDPuhAQcG7A6yY2rewNDrhUPw1fbAXTxF5TUGgXqpJFWpYTEhFErtmsZf36RZl","Jefri Albutuni","https://scontent-lax3-1.xx.fbcdn.net/v/t39.30808-1/459902787_122141472062282694_4349294198031617151_n.jpg?stp=cp0_dst-jpg_s32x32&_nc_cat=102&ccb=1-7&_nc_sid=0ecb9b&_nc_ohc=6Km3dFWCFQIQ7kNvgEfQJ83&_nc_ht=scontent-lax3-1.xx&_nc_gid=Ad_pyafP8AiavD2sLAahnyA&oh=00_AYBWMeFgavPsrjgPqqMlE9YmMYMvWiIjP62CKD0YPM2PMg&oe=66F2ABC6","https://www.facebook.com/people/Jefri-Albutuni/pfbid026UTwDPuhAQcG7A6yY2rewNDrhUPw1fbAXTxF5TUGgXqpJFWpYTEhFErtmsZf36RZl/","Y29tbWVudDoxMjIxNDE5MTA1OTAyODI2OTRfNTIxMzgzMzQwNTQwMDk3","Muh Afif Juradi siap kanda","1"
,,"https://www.facebook.com/permalink.php?story_fbid=pfbid02aL7tRfTXTmwXzdPrbwJiJYhSnpxFL4Gpy665pbhxtecifMH6nq3x13yvCbbbsGQJl&id=61558480822422&comment_id=1642694696300475",,"2024-09-19T13:29:45.000Z","122142008936282694","https://www.facebook.com/permalink.php?story_fbid=pfbid02aL7tRfTXTmwXzdPrbwJiJYhSnpxFL4Gpy665pbhxtecifMH6nq3x13yvCbbbsGQJl&id=61558480822422","ZmVlZGJhY2s6MTIyMTQyMDA4OTM2MjgyNjk0XzE2NDI2OTQ2OTYzMDA0NzU=","Y29tbWVudDoxMjIxNDIwMDg5MzYyODI2OTRfMTY0MjY5NDY5NjMwMDQ3NQ==","https://www.facebook.com/permalink.php?story_fbid=pfbid02aL7tRfTXTmwXzdPrbwJiJYhSnpxFL4Gpy665pbhxtecifMH6nq3x13yvCbbbsGQJl&id=61558480822422","0","SEMANGKA 3N
LAZIO F1
Semangka hibrida non biji.
Bentuk buah : bulat.
Warna kulit : hijau.
Warna daging : merah.
Berat buah : ± 8 kg/buah.
Umur panen : 56-58 hst.
Potensi hasil : 21-22 ton/ha.
Daya simpan : 21-22 hsp.
Adaptasi utama di dataran rendah.
Buah besar.
Produksi tinggi.
Mudah perawatan.","pfbid026UTwDPuhAQcG7A6yY2rewNDrhUPw1fbAXTxF5TUGgXqpJFWpYTEhFErtmsZf36RZl","Jefri Albutuni","https://scontent-bog2-1.xx.fbcdn.net/v/t39.30808-1/459902787_122141472062282694_4349294198031617151_n.jpg?stp=cp0_dst-jpg_s32x32&_nc_cat=102&ccb=1-7&_nc_sid=0ecb9b&_nc_ohc=6Km3dFWCFQIQ7kNvgG6E4pG&_nc_ht=scontent-bog2-1.xx&_nc_gid=AvosS6_0bawbNtjqo6oniLY&oh=00_AYDWBe79iDyfetVr_VjSLG7YB1MOC0OTz6PqSP2wycqBKg&oe=66F2ABC6","https://www.facebook.com/people/Jefri-Albutuni/pfbid026UTwDPuhAQcG7A6yY2rewNDrhUPw1fbAXTxF5TUGgXqpJFWpYTEhFErtmsZf36RZl/","Y29tbWVudDoxMjIxNDIwMDg5MzYyODI2OTRfMTIxNzM1MzE1Mjg1NjU5OA==","Hileud Melon siap","1"
