﻿"channelAvatarUrl","channelBannerUrl","channelDescription","channelDescriptionLinks/0/text","channelDescriptionLinks/0/url","channelDescriptionLinks/1/text","channelDescriptionLinks/1/url","channelDescriptionLinks/2/text","channelDescriptionLinks/2/url","channelDescriptionLinks/3/text","channelDescriptionLinks/3/url","channelId","channelJoinedDate","channelLocation","channelName","channelTotalVideos","channelTotalViews","channelUrl","comments","commentsCount","commentsTurnedOff","date","descriptionLinks","descriptionLinks/0/text","descriptionLinks/0/url","descriptionLinks/1/text","descriptionLinks/1/url","descriptionLinks/2/text","descriptionLinks/2/url","descriptionLinks/3/text","descriptionLinks/3/url","descriptionLinks/4/text","descriptionLinks/4/url","descriptionLinks/5/text","descriptionLinks/5/url","descriptionLinks/6/text","descriptionLinks/6/url","descriptionLinks/7/text","descriptionLinks/7/url","descriptionLinks/8/text","descriptionLinks/8/url","descriptionLinks/9/text","descriptionLinks/9/url","descriptionLinks/10/text","descriptionLinks/10/url","descriptionLinks/11/text","descriptionLinks/11/url","descriptionLinks/12/text","descriptionLinks/12/url","descriptionLinks/13/text","descriptionLinks/13/url","descriptionLinks/14/text","descriptionLinks/14/url","descriptionLinks/15/text","descriptionLinks/15/url","descriptionLinks/16/text","descriptionLinks/16/url","duration","fromYTUrl","id","input","inputChannelUrl","isAgeRestricted","isChannelVerified","isMonetized","likes","location","note","numberOfSubscribers","order","subtitles","text","thumbnailUrl","title","type","url","viewCount"
,,,,,,,,,,,,,,,,,,,,,,,,,,,,,,,,,,,,,,,,,,,,,,,,,,,,,,,,,,,,"https://www.youtube.com/@tokder-tv/videos",,,,,,,"The channel has no live videos.",,,,,,,,"https://www.youtube.com/@tokder-tv/about",
"https://yt3.googleusercontent.com/t56EZveYFbzejXlNgJL4S__j3F7Ced8Hjfr0cdl-zXZQjuyx-tPvR2p7yqLQqVPrGQlohynp_g=s160-c-k-c0x00ffffff-no-rj","https://yt3.googleusercontent.com/TTymlnY_1y3b-Fhq3uQLigjMub_fc52Sh6_qJ-DLhyKQ1YUrGRFCOv2t4o3JR3Jf6w1VUm3urA=w2560-fcrop64=1,00005a57ffffa5a8-k-c0xffffffff-no-nd-rj","Every day, there are new videos! Let's subscribe!","Website","https://tokodeeres.com/","Shopee","https://shopee.co.id/tokder","Tokopedia","https://www.tokopedia.com/tokder","Whatsapp","https://wa.me/6281291099109","UC1wIvd8HotnZe0KENzHj2kQ","Mar 8, 2018","Indonesia","Tokder","2806","27944300","https://www.youtube.com/channel/UC1wIvd8HotnZe0KENzHj2kQ",,"0",,"2024-09-29T11:00:52.000Z",,,,,,,,,,,,,,,,,,,,,,,,,,,,,,,,,,,,,"https://www.youtube.com/@tokder-tv/shorts","lEggHIMhovo",,"https://www.youtube.com/@tokder-tv/videos","false","false",,"24",,,"98800","47",,"https://tokodeeres.com/","https://i.ytimg.com/vi/lEggHIMhovo/oar2.jpg?sqp=-oaymwEdCJUDENAFSFWQAgHyq4qpAwwIARUAAIhCcAHAAQY=&rs=AOn4CLBAe2uxVAXKWwsRsIUZVZREPTicvg","6 Herbisida Ampuh Basmi Gulma Krokot Lahan Cabe","shorts","https://www.youtube.com/shorts/lEggHIMhovo","1106"
"https://yt3.googleusercontent.com/t56EZveYFbzejXlNgJL4S__j3F7Ced8Hjfr0cdl-zXZQjuyx-tPvR2p7yqLQqVPrGQlohynp_g=s160-c-k-c0x00ffffff-no-rj","https://yt3.googleusercontent.com/TTymlnY_1y3b-Fhq3uQLigjMub_fc52Sh6_qJ-DLhyKQ1YUrGRFCOv2t4o3JR3Jf6w1VUm3urA=w2560-fcrop64=1,00005a57ffffa5a8-k-c0xffffffff-no-nd-rj","Every day, there are new videos! Let's subscribe!","Website","https://tokodeeres.com/","Shopee","https://shopee.co.id/tokder","Tokopedia","https://www.tokopedia.com/tokder","Whatsapp","https://wa.me/6281291099109","UC1wIvd8HotnZe0KENzHj2kQ","Mar 8, 2018","Indonesia","Tokder","2806","27944300","https://www.youtube.com/channel/UC1wIvd8HotnZe0KENzHj2kQ",,"0",,"2024-09-29T00:00:00.000Z",,,,,,,,,,,,,,,,,,,,,,,,,,,,,,,,,,,,,"https://www.youtube.com/@tokder-tv/shorts","YzEAiJi_WI0",,"https://www.youtube.com/@tokder-tv/videos","false","false",,"18",,,"98800","46",,"https://tokodeeres.com/","https://i.ytimg.com/vi/YzEAiJi_WI0/oar2.jpg?sqp=-oaymwEdCJUDENAFSFWQAgHyq4qpAwwIARUAAIhCcAHAAQY=&rs=AOn4CLAABHff7CPAR4BmAlPzv4u_NWCsYA","6 Jenis Pupuk Terlaris Cengkeh Muda Masa Pertumbuhan","shorts","https://www.youtube.com/shorts/YzEAiJi_WI0","1063"
"https://yt3.googleusercontent.com/t56EZveYFbzejXlNgJL4S__j3F7Ced8Hjfr0cdl-zXZQjuyx-tPvR2p7yqLQqVPrGQlohynp_g=s160-c-k-c0x00ffffff-no-rj","https://yt3.googleusercontent.com/TTymlnY_1y3b-Fhq3uQLigjMub_fc52Sh6_qJ-DLhyKQ1YUrGRFCOv2t4o3JR3Jf6w1VUm3urA=w2560-fcrop64=1,00005a57ffffa5a8-k-c0xffffffff-no-nd-rj","Every day, there are new videos! Let's subscribe!","Website","https://tokodeeres.com/","Shopee","https://shopee.co.id/tokder","Tokopedia","https://www.tokopedia.com/tokder","Whatsapp","https://wa.me/6281291099109","UC1wIvd8HotnZe0KENzHj2kQ","Mar 8, 2018","Indonesia","Tokder","2806","27944300","https://www.youtube.com/channel/UC1wIvd8HotnZe0KENzHj2kQ",,"1",,"2024-09-30T02:00:33.000Z",,,,,,,,,,,,,,,,,,,,,,,,,,,,,,,,,,,,,"https://www.youtube.com/@tokder-tv/shorts","jDOhKsAb_8o",,"https://www.youtube.com/@tokder-tv/videos","false","false",,"46",,,"98800","45",,"https://tokodeeres.com/","https://i.ytimg.com/vi/jDOhKsAb_8o/oar2.jpg?sqp=-oaymwEdCJUDENAFSFWQAgHyq4qpAwwIARUAAIhCcAHAAQY=&rs=AOn4CLCb6nUq7WIulYiDoii3f6XmS1Zy2A","6 Pupuk Anti Virus, Bisa Usir Virus Kuning?","shorts","https://www.youtube.com/shorts/jDOhKsAb_8o","2961"
"https://yt3.googleusercontent.com/t56EZveYFbzejXlNgJL4S__j3F7Ced8Hjfr0cdl-zXZQjuyx-tPvR2p7yqLQqVPrGQlohynp_g=s160-c-k-c0x00ffffff-no-rj","https://yt3.googleusercontent.com/TTymlnY_1y3b-Fhq3uQLigjMub_fc52Sh6_qJ-DLhyKQ1YUrGRFCOv2t4o3JR3Jf6w1VUm3urA=w2560-fcrop64=1,00005a57ffffa5a8-k-c0xffffffff-no-nd-rj","Every day, there are new videos! Let's subscribe!","Website","https://tokodeeres.com/","Shopee","https://shopee.co.id/tokder","Tokopedia","https://www.tokopedia.com/tokder","Whatsapp","https://wa.me/6281291099109","UC1wIvd8HotnZe0KENzHj2kQ","Mar 8, 2018","Indonesia","Tokder","2806","27944300","https://www.youtube.com/channel/UC1wIvd8HotnZe0KENzHj2kQ",,"8","false","2024-09-25T05:00:18.000Z",,"0:00","https://www.youtube.com/watch?v=HOxTkwv7oZE&t=0s","0:51","https://www.youtube.com/watch?v=HOxTkwv7oZE&t=51s","1:38","https://www.youtube.com/watch?v=HOxTkwv7oZE&t=98s","2:25","https://www.youtube.com/watch?v=HOxTkwv7oZE&t=145s","3:05","https://www.youtube.com/watch?v=HOxTkwv7oZE&t=185s","3:43","https://www.youtube.com/watch?v=HOxTkwv7oZE&t=223s","4:30","https://www.youtube.com/watch?v=HOxTkwv7oZE&t=270s","5:12","https://www.youtube.com/watch?v=HOxTkwv7oZE&t=312s","https://s.shopee.co.id/700vg20Xta","https://s.shopee.co.id/700vg20Xta","https://s.shopee.co.id/9pL734pOoC","https://s.shopee.co.id/9pL734pOoC","https://s.shopee.co.id/rBKk6tmO","https://s.shopee.co.id/rBKk6tmO","https://s.shopee.co.id/3q3ttZFYlD","https://s.shopee.co.id/3q3ttZFYlD","https://s.shopee.co.id/700ver3dTI","https://s.shopee.co.id/700ver3dTI","https://s.shopee.co.id/8zm02IWOiV","https://s.shopee.co.id/8zm02IWOiV","https://tokodeeres.com/","https://tokodeeres.com/",,,,,"00:06:01","https://www.youtube.com/@tokder-tv/videos","HOxTkwv7oZE",,"https://www.youtube.com/@tokder-tv/videos","false","false",,"43",,,"98800",,,"0:00 Opening
0:51 Antracol
1:38 Trivia
2:25 Star plus 
3:05 Kuproxat
3:43 Sultricob
4:30 Nefos
5:12 Contoh rollingan

Link Produk  : 
Fungisida Nefos 45 WP : https://s.shopee.co.id/700vg20Xta  
Fungisida Sultricob 93 WP : https://s.shopee.co.id/9pL734pOoC  
Fungisida Kuproxat 345 SC : https://s.shopee.co.id/rBKk6tmO  
Fungisida Star Plus 70 WP : https://s.shopee.co.id/3q3ttZFYlD 
Fungisida Trivia 73 WP : https://s.shopee.co.id/700ver3dTI 
Fungisida Antracol 70 WP : https://s.shopee.co.id/8zm02IWOiV  

Kritik dan Saran
Wa 0812 - 9109 - 9109
https://tokodeeres.com/

Tribasik tembaga sulfat 
Bercak daun tanaman cabe 
Tembaga oksiklorida
Fungisida star plus 
Bakterisida tembaga
Fungisida trivia 73 wp 
Bahan aktif fluopikolid
Fungisida kuproxat 345 sc
Bahan aktif tembaga oksi sulfat
Rotasi 3 bahan aktif fungisida 
Bahan aktif simoksanil
Antracol bayer 
Fungisida untuk bercak daun
Karat daun tanaman cabe 
Fungisida kontak
Sultricob 93 wp
Nefos 45 wp fungisida","https://i.ytimg.com/vi/HOxTkwv7oZE/hqdefault.jpg","Rolling 3 Bahan Aktif Atasi Karat dan Bercak Daun Cabe","video","https://www.youtube.com/watch?v=HOxTkwv7oZE","2982"
"https://yt3.googleusercontent.com/t56EZveYFbzejXlNgJL4S__j3F7Ced8Hjfr0cdl-zXZQjuyx-tPvR2p7yqLQqVPrGQlohynp_g=s160-c-k-c0x00ffffff-no-rj","https://yt3.googleusercontent.com/TTymlnY_1y3b-Fhq3uQLigjMub_fc52Sh6_qJ-DLhyKQ1YUrGRFCOv2t4o3JR3Jf6w1VUm3urA=w2560-fcrop64=1,00005a57ffffa5a8-k-c0xffffffff-no-nd-rj","Every day, there are new videos! Let's subscribe!","Website","https://tokodeeres.com/","Shopee","https://shopee.co.id/tokder","Tokopedia","https://www.tokopedia.com/tokder","Whatsapp","https://wa.me/6281291099109","UC1wIvd8HotnZe0KENzHj2kQ","Mar 8, 2018","Indonesia","Tokder","2806","27944300","https://www.youtube.com/channel/UC1wIvd8HotnZe0KENzHj2kQ",,"4","false","2024-10-05T11:00:06.000Z",,"0:00","https://www.youtube.com/watch?v=4SUC16187WM&t=0s","1:05","https://www.youtube.com/watch?v=4SUC16187WM&t=65s","1:41","https://www.youtube.com/watch?v=4SUC16187WM&t=101s","2:10","https://www.youtube.com/watch?v=4SUC16187WM&t=130s","2:46","https://www.youtube.com/watch?v=4SUC16187WM&t=166s","3:24","https://www.youtube.com/watch?v=4SUC16187WM&t=204s","3:54","https://www.youtube.com/watch?v=4SUC16187WM&t=234s","4:22","https://www.youtube.com/watch?v=4SUC16187WM&t=262s","https://s.shopee.co.id/608mBcol3Q","https://s.shopee.co.id/608mBcol3Q","https://s.shopee.co.id/6KlcaliTdM","https://s.shopee.co.id/6KlcaliTdM","https://s.shopee.co.id/4L0YGSyg8D","https://s.shopee.co.id/4L0YGSyg8D","https://s.shopee.co.id/2LFTtTJzGV","https://s.shopee.co.id/2LFTtTJzGV","https://s.shopee.co.id/7Uxa9xjOXU","https://s.shopee.co.id/7Uxa9xjOXU","https://s.shopee.co.id/9zev8tmub0","https://s.shopee.co.id/9zev8tmub0","https://s.shopee.co.id/6phtNroaki","https://s.shopee.co.id/6phtNroaki","https://s.shopee.co.id/2qBkdJj8nv","https://s.shopee.co.id/2qBkdJj8nv","https://tokodeeres.com/","https://tokodeeres.com/","00:05:19","https://www.youtube.com/@tokder-tv/videos","4SUC16187WM",,"https://www.youtube.com/@tokder-tv/videos","false","false",,"23",,,"98800",,,"0:00 Opening
1:05 Ridomil Gold
1:41 Besromil 
2:10 Sagri-Bat
2:46 Tiflo
3:24 Agrept 
3:54 Previcur
4:22 Benlox

Link Produk:
Ridomil Gold : https://s.shopee.co.id/608mBcol3Q 
Besromil : https://s.shopee.co.id/6KlcaliTdM 
Sagri-Bat : https://s.shopee.co.id/4L0YGSyg8D 
Tiflo  : https://s.shopee.co.id/2LFTtTJzGV 
Agrept  : https://s.shopee.co.id/7Uxa9xjOXU 
Previcur : https://s.shopee.co.id/9zev8tmub0 
Benlox  : https://s.shopee.co.id/6phtNroaki 
Atonik  : https://s.shopee.co.id/2qBkdJj8nv 

Kritik dan Saran
Wa 0812 - 9109 - 9109
https://tokodeeres.com/

Fungisida sagri bat 
ZPT atonik
Rebah kecambah 
Fungisida ridomil gold
Fungisida rebah kecambah
Busuk akar semai cabe
Busuk batang semai cabe
Daun kuning semai cabe
Fungisida sistemik dan kontak
Fungisida besromil 
Fungisida tiflo
Fungisida agrept
Fungisida benlox
Masalah persemaian cabe 
Fungisida previcur
Cara mengatasi rebah kecambah
Fungisida sistemik","https://i.ytimg.com/vi/4SUC16187WM/hqdefault.jpg","7 Rekomendasi Fungisida Cegah Rebah Kecambah! Dijamin Semai Cabe Sukses 100%","video","https://www.youtube.com/watch?v=4SUC16187WM","1018"
"https://yt3.googleusercontent.com/t56EZveYFbzejXlNgJL4S__j3F7Ced8Hjfr0cdl-zXZQjuyx-tPvR2p7yqLQqVPrGQlohynp_g=s160-c-k-c0x00ffffff-no-rj","https://yt3.googleusercontent.com/TTymlnY_1y3b-Fhq3uQLigjMub_fc52Sh6_qJ-DLhyKQ1YUrGRFCOv2t4o3JR3Jf6w1VUm3urA=w2560-fcrop64=1,00005a57ffffa5a8-k-c0xffffffff-no-nd-rj","Every day, there are new videos! Let's subscribe!","Website","https://tokodeeres.com/","Shopee","https://shopee.co.id/tokder","Tokopedia","https://www.tokopedia.com/tokder","Whatsapp","https://wa.me/6281291099109","UC1wIvd8HotnZe0KENzHj2kQ","Mar 8, 2018","Indonesia","Tokder","2806","27944300","https://www.youtube.com/channel/UC1wIvd8HotnZe0KENzHj2kQ",,"4","false","2024-10-04T11:00:09.000Z",,"0:00","https://www.youtube.com/watch?v=AbSC35nrJiA&t=0s","1:12","https://www.youtube.com/watch?v=AbSC35nrJiA&t=72s","1:44","https://www.youtube.com/watch?v=AbSC35nrJiA&t=104s","2:26","https://www.youtube.com/watch?v=AbSC35nrJiA&t=146s","3:31","https://www.youtube.com/watch?v=AbSC35nrJiA&t=211s","4:22","https://www.youtube.com/watch?v=AbSC35nrJiA&t=262s","5:08","https://www.youtube.com/watch?v=AbSC35nrJiA&t=308s","5:41","https://www.youtube.com/watch?v=AbSC35nrJiA&t=341s","https://s.shopee.co.id/50GAJ7q5XC","https://s.shopee.co.id/50GAJ7q5XC","https://s.shopee.co.id/8zmJ57lEqx","https://s.shopee.co.id/8zmJ57lEqx","https://s.shopee.co.id/40NeU490gS","https://s.shopee.co.id/40NeU490gS","https://s.shopee.co.id/6fOPghupUE","https://s.shopee.co.id/6fOPghupUE","https://s.shopee.co.id/2VYquCrMY0","https://s.shopee.co.id/2VYquCrMY0","https://s.shopee.co.id/9UibFRhgRQ","https://s.shopee.co.id/9UibFRhgRQ","https://s.shopee.co.id/VnmXHfN6T","https://s.shopee.co.id/VnmXHfN6T","https://tokodeeres.com/","https://tokodeeres.com/",,,"00:06:52","https://www.youtube.com/@tokder-tv/videos","AbSC35nrJiA",,"https://www.youtube.com/@tokder-tv/videos","false","false",,"23",,,"98800",,,"0:00 Opening
1:12 Alget 75 WP
1:44 Trigard 75 WP
2:26 Cyrrotex 75 SP
3:31 Agrimec 18 EC
4:22 Demolish 18 EC
5:08 Abacel 18 EC
5:41 Dobelmectin 36 EC

Link Produk:
Alget  : https://s.shopee.co.id/50GAJ7q5XC 
Tigard  : https://s.shopee.co.id/8zmJ57lEqx 
Cyrrotex : https://s.shopee.co.id/40NeU490gS 
Agrimec : https://s.shopee.co.id/6fOPghupUE 
Demolish : https://s.shopee.co.id/2VYquCrMY0 
Abacel  : https://s.shopee.co.id/9UibFRhgRQ 
Dobelmectin : https://s.shopee.co.id/VnmXHfN6T 

Kritik dan Saran
Wa 0812 - 9109 - 9109
https://tokodeeres.com/","https://i.ytimg.com/vi/AbSC35nrJiA/hqdefault.jpg","2 Golongan Insekrisida Basmi Hama Lalat Pengorok Daun Paling JOSSS!","video","https://www.youtube.com/watch?v=AbSC35nrJiA","1141"
"https://yt3.googleusercontent.com/t56EZveYFbzejXlNgJL4S__j3F7Ced8Hjfr0cdl-zXZQjuyx-tPvR2p7yqLQqVPrGQlohynp_g=s160-c-k-c0x00ffffff-no-rj","https://yt3.googleusercontent.com/TTymlnY_1y3b-Fhq3uQLigjMub_fc52Sh6_qJ-DLhyKQ1YUrGRFCOv2t4o3JR3Jf6w1VUm3urA=w2560-fcrop64=1,00005a57ffffa5a8-k-c0xffffffff-no-nd-rj","Every day, there are new videos! Let's subscribe!","Website","https://tokodeeres.com/","Shopee","https://shopee.co.id/tokder","Tokopedia","https://www.tokopedia.com/tokder","Whatsapp","https://wa.me/6281291099109","UC1wIvd8HotnZe0KENzHj2kQ","Mar 8, 2018","Indonesia","Tokder","2806","27944300","https://www.youtube.com/channel/UC1wIvd8HotnZe0KENzHj2kQ",,"1",,"2024-09-30T05:00:44.000Z",,,,,,,,,,,,,,,,,,,,,,,,,,,,,,,,,,,,,"https://www.youtube.com/@tokder-tv/shorts","ybxSnsmBJLQ",,"https://www.youtube.com/@tokder-tv/videos","false","false",,"40",,,"98800","44",,"https://tokodeeres.com/","https://i.ytimg.com/vi/ybxSnsmBJLQ/oar2.jpg?sqp=-oaymwEdCJUDENAFSFWQAgHyq4qpAwwIARUAAIhCcAHAAQY=&rs=AOn4CLAZirtGt5GRUTqUb-3TgUw8MhrGEQ","6 Pupuk Javamas, Solusi Buah Lebat Hasil Melimpah Musim Hujan","shorts","https://www.youtube.com/shorts/ybxSnsmBJLQ","2564"
"https://yt3.googleusercontent.com/t56EZveYFbzejXlNgJL4S__j3F7Ced8Hjfr0cdl-zXZQjuyx-tPvR2p7yqLQqVPrGQlohynp_g=s160-c-k-c0x00ffffff-no-rj","https://yt3.googleusercontent.com/TTymlnY_1y3b-Fhq3uQLigjMub_fc52Sh6_qJ-DLhyKQ1YUrGRFCOv2t4o3JR3Jf6w1VUm3urA=w2560-fcrop64=1,00005a57ffffa5a8-k-c0xffffffff-no-nd-rj","Every day, there are new videos! Let's subscribe!","Website","https://tokodeeres.com/","Shopee","https://shopee.co.id/tokder","Tokopedia","https://www.tokopedia.com/tokder","Whatsapp","https://wa.me/6281291099109","UC1wIvd8HotnZe0KENzHj2kQ","Mar 8, 2018","Indonesia","Tokder","2806","27944300","https://www.youtube.com/channel/UC1wIvd8HotnZe0KENzHj2kQ",,"0",,"2024-09-30T14:00:21.000Z",,,,,,,,,,,,,,,,,,,,,,,,,,,,,,,,,,,,,"https://www.youtube.com/@tokder-tv/shorts","MVQEy4F6Lh4",,"https://www.youtube.com/@tokder-tv/videos","false","false",,"73",,,"98800","41",,"https://tokodeeres.com/","https://i.ytimg.com/vi/MVQEy4F6Lh4/oar2.jpg?sqp=-oaymwEdCJUDENAFSFWQAgHyq4qpAwwIARUAAIhCcAHAAQY=&rs=AOn4CLD2svxaa9buA1jzmgcS-hE9vrzq8g","Dosis Tepat Pupuk Mikro Boron! Akibat Kekurangan dan Kelebihan Boron","shorts","https://www.youtube.com/shorts/MVQEy4F6Lh4","5338"
"https://yt3.googleusercontent.com/t56EZveYFbzejXlNgJL4S__j3F7Ced8Hjfr0cdl-zXZQjuyx-tPvR2p7yqLQqVPrGQlohynp_g=s160-c-k-c0x00ffffff-no-rj","https://yt3.googleusercontent.com/TTymlnY_1y3b-Fhq3uQLigjMub_fc52Sh6_qJ-DLhyKQ1YUrGRFCOv2t4o3JR3Jf6w1VUm3urA=w2560-fcrop64=1,00005a57ffffa5a8-k-c0xffffffff-no-nd-rj","Every day, there are new videos! Let's subscribe!","Website","https://tokodeeres.com/","Shopee","https://shopee.co.id/tokder","Tokopedia","https://www.tokopedia.com/tokder","Whatsapp","https://wa.me/6281291099109","UC1wIvd8HotnZe0KENzHj2kQ","Mar 8, 2018","Indonesia","Tokder","2806","27944300","https://www.youtube.com/channel/UC1wIvd8HotnZe0KENzHj2kQ",,"0",,"2024-09-30T11:00:22.000Z",,,,,,,,,,,,,,,,,,,,,,,,,,,,,,,,,,,,,"https://www.youtube.com/@tokder-tv/shorts","OYLBacUwAe8",,"https://www.youtube.com/@tokder-tv/videos","false","false",,"30",,,"98800","42",,"https://tokodeeres.com/","https://i.ytimg.com/vi/OYLBacUwAe8/oar2.jpg?sqp=-oaymwEdCJUDENAFSFWQAgHyq4qpAwwIARUAAIhCcAHAAQY=&rs=AOn4CLCWA2ejt4cZszq5qsMOahEKuyDlTQ","10 Fungisida Metil Tiofanat Atasi Patek Cabe, Kelas Ampuh","shorts","https://www.youtube.com/shorts/OYLBacUwAe8","1298"
"https://yt3.googleusercontent.com/t56EZveYFbzejXlNgJL4S__j3F7Ced8Hjfr0cdl-zXZQjuyx-tPvR2p7yqLQqVPrGQlohynp_g=s160-c-k-c0x00ffffff-no-rj","https://yt3.googleusercontent.com/TTymlnY_1y3b-Fhq3uQLigjMub_fc52Sh6_qJ-DLhyKQ1YUrGRFCOv2t4o3JR3Jf6w1VUm3urA=w2560-fcrop64=1,00005a57ffffa5a8-k-c0xffffffff-no-nd-rj","Every day, there are new videos! Let's subscribe!","Website","https://tokodeeres.com/","Shopee","https://shopee.co.id/tokder","Tokopedia","https://www.tokopedia.com/tokder","Whatsapp","https://wa.me/6281291099109","UC1wIvd8HotnZe0KENzHj2kQ","Mar 8, 2018","Indonesia","Tokder","2806","27944300","https://www.youtube.com/channel/UC1wIvd8HotnZe0KENzHj2kQ",,"0",,"2024-09-30T08:00:26.000Z",,,,,,,,,,,,,,,,,,,,,,,,,,,,,,,,,,,,,"https://www.youtube.com/@tokder-tv/shorts","gzPnoLevu9k",,"https://www.youtube.com/@tokder-tv/videos","false","false",,"11",,,"98800","43",,"https://tokodeeres.com/","https://i.ytimg.com/vi/gzPnoLevu9k/oar2.jpg?sqp=-oaymwEdCJUDENAFSFWQAgHyq4qpAwwIARUAAIhCcAHAAQY=&rs=AOn4CLClTuptfYz4aVGhEX8pzdob93pDTQ","8 Fungisida Atasi Rebah Kecambah Tanaman Cabe","shorts","https://www.youtube.com/shorts/gzPnoLevu9k","740"
"https://yt3.googleusercontent.com/t56EZveYFbzejXlNgJL4S__j3F7Ced8Hjfr0cdl-zXZQjuyx-tPvR2p7yqLQqVPrGQlohynp_g=s160-c-k-c0x00ffffff-no-rj","https://yt3.googleusercontent.com/TTymlnY_1y3b-Fhq3uQLigjMub_fc52Sh6_qJ-DLhyKQ1YUrGRFCOv2t4o3JR3Jf6w1VUm3urA=w2560-fcrop64=1,00005a57ffffa5a8-k-c0xffffffff-no-nd-rj","Every day, there are new videos! Let's subscribe!","Website","https://tokodeeres.com/","Shopee","https://shopee.co.id/tokder","Tokopedia","https://www.tokopedia.com/tokder","Whatsapp","https://wa.me/6281291099109","UC1wIvd8HotnZe0KENzHj2kQ","Mar 8, 2018","Indonesia","Tokder","2806","27944300","https://www.youtube.com/channel/UC1wIvd8HotnZe0KENzHj2kQ",,"0",,"2024-09-30T00:00:00.000Z",,,,,,,,,,,,,,,,,,,,,,,,,,,,,,,,,,,,,"https://www.youtube.com/@tokder-tv/shorts","8reXoH76H5o",,"https://www.youtube.com/@tokder-tv/videos","false","false",,"23",,,"98800","40",,"https://tokodeeres.com/","https://i.ytimg.com/vi/8reXoH76H5o/oar2.jpg?sqp=-oaymwEdCJUDENAFSFWQAgHyq4qpAwwIARUAAIhCcAHAAQY=&rs=AOn4CLAwf4UT9FLKnQ_QocUL941vBoWPKw","Fungisida Bahan Aktif Metalaksil, Kendalikan Semua Penyakit Akibat Jamur Phytophthora","shorts","https://www.youtube.com/shorts/8reXoH76H5o","1186"
"https://yt3.googleusercontent.com/t56EZveYFbzejXlNgJL4S__j3F7Ced8Hjfr0cdl-zXZQjuyx-tPvR2p7yqLQqVPrGQlohynp_g=s160-c-k-c0x00ffffff-no-rj","https://yt3.googleusercontent.com/TTymlnY_1y3b-Fhq3uQLigjMub_fc52Sh6_qJ-DLhyKQ1YUrGRFCOv2t4o3JR3Jf6w1VUm3urA=w2560-fcrop64=1,00005a57ffffa5a8-k-c0xffffffff-no-nd-rj","Every day, there are new videos! Let's subscribe!","Website","https://tokodeeres.com/","Shopee","https://shopee.co.id/tokder","Tokopedia","https://www.tokopedia.com/tokder","Whatsapp","https://wa.me/6281291099109","UC1wIvd8HotnZe0KENzHj2kQ","Mar 8, 2018","Indonesia","Tokder","2806","27944300","https://www.youtube.com/channel/UC1wIvd8HotnZe0KENzHj2kQ",,"3",,"2024-10-01T05:00:43.000Z",,,,,,,,,,,,,,,,,,,,,,,,,,,,,,,,,,,,,"https://www.youtube.com/@tokder-tv/shorts","wTGGKzwN7L0",,"https://www.youtube.com/@tokder-tv/videos","false","false",,"98",,,"98800","39",,"https://tokodeeres.com/","https://i.ytimg.com/vi/wTGGKzwN7L0/oar2.jpg?sqp=-oaymwEdCJUDENAFSFWQAgHyq4qpAwwIARUAAIhCcAHAAQY=&rs=AOn4CLB0eM7_ZvJM7oIK6xjTnKJkeRN27w","Hama Trips Kebal Abamektin Bikin Bunga Cabe Rontok, Semprot Ini","shorts","https://www.youtube.com/shorts/wTGGKzwN7L0","3652"
"https://yt3.googleusercontent.com/t56EZveYFbzejXlNgJL4S__j3F7Ced8Hjfr0cdl-zXZQjuyx-tPvR2p7yqLQqVPrGQlohynp_g=s160-c-k-c0x00ffffff-no-rj","https://yt3.googleusercontent.com/TTymlnY_1y3b-Fhq3uQLigjMub_fc52Sh6_qJ-DLhyKQ1YUrGRFCOv2t4o3JR3Jf6w1VUm3urA=w2560-fcrop64=1,00005a57ffffa5a8-k-c0xffffffff-no-nd-rj","Every day, there are new videos! Let's subscribe!","Website","https://tokodeeres.com/","Shopee","https://shopee.co.id/tokder","Tokopedia","https://www.tokopedia.com/tokder","Whatsapp","https://wa.me/6281291099109","UC1wIvd8HotnZe0KENzHj2kQ","Mar 8, 2018","Indonesia","Tokder","2806","27944300","https://www.youtube.com/channel/UC1wIvd8HotnZe0KENzHj2kQ",,"0",,"2024-10-02T05:00:28.000Z",,,,,,,,,,,,,,,,,,,,,,,,,,,,,,,,,,,,,"https://www.youtube.com/@tokder-tv/shorts","UjJxoxQk5QA",,"https://www.youtube.com/@tokder-tv/videos","false","false",,"18",,,"98800","33",,"https://tokodeeres.com/","https://i.ytimg.com/vi/UjJxoxQk5QA/oar2.jpg?sqp=-oaymwEdCJUDENAFSFWQAgHyq4qpAwwIARUAAIhCcAHAAQY=&rs=AOn4CLALaHP_WkPRM6DfG8m1doTDp8a12A","6 Perekat Penembus Pestisida Paling Mahal, Bisa Menjaga pH Larutan","shorts","https://www.youtube.com/shorts/UjJxoxQk5QA","801"
"https://yt3.googleusercontent.com/t56EZveYFbzejXlNgJL4S__j3F7Ced8Hjfr0cdl-zXZQjuyx-tPvR2p7yqLQqVPrGQlohynp_g=s160-c-k-c0x00ffffff-no-rj","https://yt3.googleusercontent.com/TTymlnY_1y3b-Fhq3uQLigjMub_fc52Sh6_qJ-DLhyKQ1YUrGRFCOv2t4o3JR3Jf6w1VUm3urA=w2560-fcrop64=1,00005a57ffffa5a8-k-c0xffffffff-no-nd-rj","Every day, there are new videos! Let's subscribe!","Website","https://tokodeeres.com/","Shopee","https://shopee.co.id/tokder","Tokopedia","https://www.tokopedia.com/tokder","Whatsapp","https://wa.me/6281291099109","UC1wIvd8HotnZe0KENzHj2kQ","Mar 8, 2018","Indonesia","Tokder","2806","27944300","https://www.youtube.com/channel/UC1wIvd8HotnZe0KENzHj2kQ",,"0",,"2024-10-02T00:00:00.000Z",,,,,,,,,,,,,,,,,,,,,,,,,,,,,,,,,,,,,"https://www.youtube.com/@tokder-tv/shorts","8wCW0EAyWDw",,"https://www.youtube.com/@tokder-tv/videos","false","false",,"21",,,"98800","32",,"https://tokodeeres.com/","https://i.ytimg.com/vi/8wCW0EAyWDw/oar2.jpg?sqp=-oaymwEdCJUDENAFSFWQAgHyq4qpAwwIARUAAIhCcAHAAQY=&rs=AOn4CLB52v5Wr8qihIvbgsMfhfsfr-9yRw","6 Produk Nasa Wajib dalam Budidaya Cabe, Modal Rendah, Untung Melimpah","shorts","https://www.youtube.com/shorts/8wCW0EAyWDw","1198"
"https://yt3.googleusercontent.com/t56EZveYFbzejXlNgJL4S__j3F7Ced8Hjfr0cdl-zXZQjuyx-tPvR2p7yqLQqVPrGQlohynp_g=s160-c-k-c0x00ffffff-no-rj","https://yt3.googleusercontent.com/TTymlnY_1y3b-Fhq3uQLigjMub_fc52Sh6_qJ-DLhyKQ1YUrGRFCOv2t4o3JR3Jf6w1VUm3urA=w2560-fcrop64=1,00005a57ffffa5a8-k-c0xffffffff-no-nd-rj","Every day, there are new videos! Let's subscribe!","Website","https://tokodeeres.com/","Shopee","https://shopee.co.id/tokder","Tokopedia","https://www.tokopedia.com/tokder","Whatsapp","https://wa.me/6281291099109","UC1wIvd8HotnZe0KENzHj2kQ","Mar 8, 2018","Indonesia","Tokder","2806","27944300","https://www.youtube.com/channel/UC1wIvd8HotnZe0KENzHj2kQ",,"0",,"2024-10-02T14:00:03.000Z",,,,,,,,,,,,,,,,,,,,,,,,,,,,,,,,,,,,,"https://www.youtube.com/@tokder-tv/shorts","aeh4NyQChA0",,"https://www.youtube.com/@tokder-tv/videos","false","false",,"63",,,"98800","30",,"https://tokodeeres.com/","https://i.ytimg.com/vi/aeh4NyQChA0/oar2.jpg?sqp=-oaymwEdCJUDENAFSFWQAgHyq4qpAwwIARUAAIhCcAHAAQY=&rs=AOn4CLA2YX-8--tKISn7DFGySLz1u2U3KA","Luna Smart! Fungisida Ampuh dengan Bermacam Manfaat","shorts","https://www.youtube.com/shorts/aeh4NyQChA0","4104"
"https://yt3.googleusercontent.com/t56EZveYFbzejXlNgJL4S__j3F7Ced8Hjfr0cdl-zXZQjuyx-tPvR2p7yqLQqVPrGQlohynp_g=s160-c-k-c0x00ffffff-no-rj","https://yt3.googleusercontent.com/TTymlnY_1y3b-Fhq3uQLigjMub_fc52Sh6_qJ-DLhyKQ1YUrGRFCOv2t4o3JR3Jf6w1VUm3urA=w2560-fcrop64=1,00005a57ffffa5a8-k-c0xffffffff-no-nd-rj","Every day, there are new videos! Let's subscribe!","Website","https://tokodeeres.com/","Shopee","https://shopee.co.id/tokder","Tokopedia","https://www.tokopedia.com/tokder","Whatsapp","https://wa.me/6281291099109","UC1wIvd8HotnZe0KENzHj2kQ","Mar 8, 2018","Indonesia","Tokder","2806","27944300","https://www.youtube.com/channel/UC1wIvd8HotnZe0KENzHj2kQ",,"0",,"2024-10-01T00:00:00.000Z",,,,,,,,,,,,,,,,,,,,,,,,,,,,,,,,,,,,,"https://www.youtube.com/@tokder-tv/shorts","8-oQFkLMMI4",,"https://www.youtube.com/@tokder-tv/videos","false","false",,"86",,,"98800","36",,"https://tokodeeres.com/","https://i.ytimg.com/vi/8-oQFkLMMI4/oar2.jpg?sqp=-oaymwEdCJUDENAFSFWQAgHyq4qpAwwIARUAAIhCcAHAAQY=&rs=AOn4CLDyXgk9nPDgOBPxBn_dKCYuEetcOg","Pupuk Meroke SOP Campur Ultradap Musim Kemarau, Masa Bunga Buah","shorts","https://www.youtube.com/shorts/8-oQFkLMMI4","5933"
"https://yt3.googleusercontent.com/t56EZveYFbzejXlNgJL4S__j3F7Ced8Hjfr0cdl-zXZQjuyx-tPvR2p7yqLQqVPrGQlohynp_g=s160-c-k-c0x00ffffff-no-rj","https://yt3.googleusercontent.com/TTymlnY_1y3b-Fhq3uQLigjMub_fc52Sh6_qJ-DLhyKQ1YUrGRFCOv2t4o3JR3Jf6w1VUm3urA=w2560-fcrop64=1,00005a57ffffa5a8-k-c0xffffffff-no-nd-rj","Every day, there are new videos! Let's subscribe!","Website","https://tokodeeres.com/","Shopee","https://shopee.co.id/tokder","Tokopedia","https://www.tokopedia.com/tokder","Whatsapp","https://wa.me/6281291099109","UC1wIvd8HotnZe0KENzHj2kQ","Mar 8, 2018","Indonesia","Tokder","2806","27944300","https://www.youtube.com/channel/UC1wIvd8HotnZe0KENzHj2kQ",,"1",,"2024-10-01T08:00:00.000Z",,,,,,,,,,,,,,,,,,,,,,,,,,,,,,,,,,,,,"https://www.youtube.com/@tokder-tv/shorts","-n3MMap-SvU",,"https://www.youtube.com/@tokder-tv/videos","false","false",,"28",,,"98800","38",,"https://tokodeeres.com/","https://i.ytimg.com/vi/-n3MMap-SvU/oar2.jpg?sqp=-oaymwEdCJUDENAFSFWQAgHyq4qpAwwIARUAAIhCcAHAAQY=&rs=AOn4CLD8zeFLqvBAQKbbHwq7ZMnmyROYbw","Insektisida Abamektin Cabe, 4 Merk Dobel Bahan Aktif Campuran Terbaik","shorts","https://www.youtube.com/shorts/-n3MMap-SvU","1062"
"https://yt3.googleusercontent.com/t56EZveYFbzejXlNgJL4S__j3F7Ced8Hjfr0cdl-zXZQjuyx-tPvR2p7yqLQqVPrGQlohynp_g=s160-c-k-c0x00ffffff-no-rj","https://yt3.googleusercontent.com/TTymlnY_1y3b-Fhq3uQLigjMub_fc52Sh6_qJ-DLhyKQ1YUrGRFCOv2t4o3JR3Jf6w1VUm3urA=w2560-fcrop64=1,00005a57ffffa5a8-k-c0xffffffff-no-nd-rj","Every day, there are new videos! Let's subscribe!","Website","https://tokodeeres.com/","Shopee","https://shopee.co.id/tokder","Tokopedia","https://www.tokopedia.com/tokder","Whatsapp","https://wa.me/6281291099109","UC1wIvd8HotnZe0KENzHj2kQ","Mar 8, 2018","Indonesia","Tokder","2806","27944300","https://www.youtube.com/channel/UC1wIvd8HotnZe0KENzHj2kQ",,"0",,"2024-10-02T02:41:35.000Z",,,,,,,,,,,,,,,,,,,,,,,,,,,,,,,,,,,,,"https://www.youtube.com/@tokder-tv/shorts","_d-wa_-KS3w",,"https://www.youtube.com/@tokder-tv/videos","false","false",,"24",,,"98800","34",,"https://tokodeeres.com/","https://i.ytimg.com/vi/_d-wa_-KS3w/oar2.jpg?sqp=-oaymwEdCJUDENAFSFWQAgHyq4qpAwwIARUAAIhCcAHAAQY=&rs=AOn4CLDQokWXJg3S4BL4ytapQG-4QoRr9w","Sekali Racik dan Semprot! Hama Trips, Tungau, Kutu Kebul, Kutu Daun, Lalat Buah Mati Sekaligus!","shorts","https://www.youtube.com/shorts/_d-wa_-KS3w","1324"
"https://yt3.googleusercontent.com/t56EZveYFbzejXlNgJL4S__j3F7Ced8Hjfr0cdl-zXZQjuyx-tPvR2p7yqLQqVPrGQlohynp_g=s160-c-k-c0x00ffffff-no-rj","https://yt3.googleusercontent.com/TTymlnY_1y3b-Fhq3uQLigjMub_fc52Sh6_qJ-DLhyKQ1YUrGRFCOv2t4o3JR3Jf6w1VUm3urA=w2560-fcrop64=1,00005a57ffffa5a8-k-c0xffffffff-no-nd-rj","Every day, there are new videos! Let's subscribe!","Website","https://tokodeeres.com/","Shopee","https://shopee.co.id/tokder","Tokopedia","https://www.tokopedia.com/tokder","Whatsapp","https://wa.me/6281291099109","UC1wIvd8HotnZe0KENzHj2kQ","Mar 8, 2018","Indonesia","Tokder","2806","27944300","https://www.youtube.com/channel/UC1wIvd8HotnZe0KENzHj2kQ",,"4",,"2024-10-01T14:01:01.000Z",,,,,,,,,,,,,,,,,,,,,,,,,,,,,,,,,,,,,"https://www.youtube.com/@tokder-tv/shorts","tJMOWp81i-Y",,"https://www.youtube.com/@tokder-tv/videos","false","false",,"80",,,"98800","35",,"https://tokodeeres.com/","https://i.ytimg.com/vi/tJMOWp81i-Y/oar2.jpg?sqp=-oaymwEdCJUDENAFSFWQAgHyq4qpAwwIARUAAIhCcAHAAQY=&rs=AOn4CLBKUcQBIsPVZL_NQ956cUKDF7Grdg","Cabe Barata yang Katanya Mahal","shorts","https://www.youtube.com/shorts/tJMOWp81i-Y","4849"
"https://yt3.googleusercontent.com/t56EZveYFbzejXlNgJL4S__j3F7Ced8Hjfr0cdl-zXZQjuyx-tPvR2p7yqLQqVPrGQlohynp_g=s160-c-k-c0x00ffffff-no-rj","https://yt3.googleusercontent.com/TTymlnY_1y3b-Fhq3uQLigjMub_fc52Sh6_qJ-DLhyKQ1YUrGRFCOv2t4o3JR3Jf6w1VUm3urA=w2560-fcrop64=1,00005a57ffffa5a8-k-c0xffffffff-no-nd-rj","Every day, there are new videos! Let's subscribe!","Website","https://tokodeeres.com/","Shopee","https://shopee.co.id/tokder","Tokopedia","https://www.tokopedia.com/tokder","Whatsapp","https://wa.me/6281291099109","UC1wIvd8HotnZe0KENzHj2kQ","Mar 8, 2018","Indonesia","Tokder","2806","27944300","https://www.youtube.com/channel/UC1wIvd8HotnZe0KENzHj2kQ",,"0",,"2024-10-02T11:00:05.000Z",,,,,,,,,,,,,,,,,,,,,,,,,,,,,,,,,,,,,"https://www.youtube.com/@tokder-tv/shorts","4lrdkZKN-5g",,"https://www.youtube.com/@tokder-tv/videos","false","false",,"10",,,"98800","31",,"https://tokodeeres.com/","https://i.ytimg.com/vi/4lrdkZKN-5g/oar2.jpg?sqp=-oaymwEdCJUDENAFSFWQAgHyq4qpAwwIARUAAIhCcAHAAQY=&rs=AOn4CLDRJd2ArDHUl99Jbga6dk7WkR7Vkg","7 Merk Fungisida Kontak Tanaman Cabe","shorts","https://www.youtube.com/shorts/4lrdkZKN-5g","664"
"https://yt3.googleusercontent.com/t56EZveYFbzejXlNgJL4S__j3F7Ced8Hjfr0cdl-zXZQjuyx-tPvR2p7yqLQqVPrGQlohynp_g=s160-c-k-c0x00ffffff-no-rj","https://yt3.googleusercontent.com/TTymlnY_1y3b-Fhq3uQLigjMub_fc52Sh6_qJ-DLhyKQ1YUrGRFCOv2t4o3JR3Jf6w1VUm3urA=w2560-fcrop64=1,00005a57ffffa5a8-k-c0xffffffff-no-nd-rj","Every day, there are new videos! Let's subscribe!","Website","https://tokodeeres.com/","Shopee","https://shopee.co.id/tokder","Tokopedia","https://www.tokopedia.com/tokder","Whatsapp","https://wa.me/6281291099109","UC1wIvd8HotnZe0KENzHj2kQ","Mar 8, 2018","Indonesia","Tokder","2806","27944300","https://www.youtube.com/channel/UC1wIvd8HotnZe0KENzHj2kQ",,"0",,"2024-10-01T11:00:26.000Z",,,,,,,,,,,,,,,,,,,,,,,,,,,,,,,,,,,,,"https://www.youtube.com/@tokder-tv/shorts","QztKE-qCP54",,"https://www.youtube.com/@tokder-tv/videos","false","false",,"59",,,"98800","37",,"https://tokodeeres.com/","https://i.ytimg.com/vi/QztKE-qCP54/oar2.jpg?sqp=-oaymwEdCJUDENAFSFWQAgHyq4qpAwwIARUAAIhCcAHAAQY=&rs=AOn4CLDXMUl-MiTPwHdVQyQzLwnPz1t_Qw","Nutrisi Kocor Penyubur Tanamam Sekaligus Tanah Paling Joss! Awal Musim Hujan","shorts","https://www.youtube.com/shorts/QztKE-qCP54","4498"
"https://yt3.googleusercontent.com/t56EZveYFbzejXlNgJL4S__j3F7Ced8Hjfr0cdl-zXZQjuyx-tPvR2p7yqLQqVPrGQlohynp_g=s160-c-k-c0x00ffffff-no-rj","https://yt3.googleusercontent.com/TTymlnY_1y3b-Fhq3uQLigjMub_fc52Sh6_qJ-DLhyKQ1YUrGRFCOv2t4o3JR3Jf6w1VUm3urA=w2560-fcrop64=1,00005a57ffffa5a8-k-c0xffffffff-no-nd-rj","Every day, there are new videos! Let's subscribe!","Website","https://tokodeeres.com/","Shopee","https://shopee.co.id/tokder","Tokopedia","https://www.tokopedia.com/tokder","Whatsapp","https://wa.me/6281291099109","UC1wIvd8HotnZe0KENzHj2kQ","Mar 8, 2018","Indonesia","Tokder","2806","27944300","https://www.youtube.com/channel/UC1wIvd8HotnZe0KENzHj2kQ",,"1",,"2024-10-02T14:00:18.000Z",,,,,,,,,,,,,,,,,,,,,,,,,,,,,,,,,,,,,"https://www.youtube.com/@tokder-tv/shorts","ND79EM9aLsc",,"https://www.youtube.com/@tokder-tv/videos","false","false",,"27",,,"98800","29",,"https://tokodeeres.com/","https://i.ytimg.com/vi/ND79EM9aLsc/oar2.jpg?sqp=-oaymwEdCJUDENAFSFWQAgHyq4qpAwwIARUAAIhCcAHAAQY=&rs=AOn4CLCoMS4O9zwuAJWMlVWl_rSiwq18Kg","Cegah Penyakit Layu Karena Nematoda dengan 5 Nematisida Ampuh","shorts","https://www.youtube.com/shorts/ND79EM9aLsc","1410"
"https://yt3.googleusercontent.com/t56EZveYFbzejXlNgJL4S__j3F7Ced8Hjfr0cdl-zXZQjuyx-tPvR2p7yqLQqVPrGQlohynp_g=s160-c-k-c0x00ffffff-no-rj","https://yt3.googleusercontent.com/TTymlnY_1y3b-Fhq3uQLigjMub_fc52Sh6_qJ-DLhyKQ1YUrGRFCOv2t4o3JR3Jf6w1VUm3urA=w2560-fcrop64=1,00005a57ffffa5a8-k-c0xffffffff-no-nd-rj","Every day, there are new videos! Let's subscribe!","Website","https://tokodeeres.com/","Shopee","https://shopee.co.id/tokder","Tokopedia","https://www.tokopedia.com/tokder","Whatsapp","https://wa.me/6281291099109","UC1wIvd8HotnZe0KENzHj2kQ","Mar 8, 2018","Indonesia","Tokder","2806","27944300","https://www.youtube.com/channel/UC1wIvd8HotnZe0KENzHj2kQ",,"0",,"2024-10-02T14:00:40.000Z",,,,,,,,,,,,,,,,,,,,,,,,,,,,,,,,,,,,,"https://www.youtube.com/@tokder-tv/shorts","gF_Y6ehyIxM",,"https://www.youtube.com/@tokder-tv/videos","false","false",,"57",,,"98800","28",,"https://tokodeeres.com/","https://i.ytimg.com/vi/gF_Y6ehyIxM/oar2.jpg?sqp=-oaymwEdCJUDENAFSFWQAgHyq4qpAwwIARUAAIhCcAHAAQY=&rs=AOn4CLBp-aApQdOwgqlHsD555tE1VsPopg","Ciri Ciri Tanah Subur Untuk Para Juragan","shorts","https://www.youtube.com/shorts/gF_Y6ehyIxM","5009"
"https://yt3.googleusercontent.com/t56EZveYFbzejXlNgJL4S__j3F7Ced8Hjfr0cdl-zXZQjuyx-tPvR2p7yqLQqVPrGQlohynp_g=s160-c-k-c0x00ffffff-no-rj","https://yt3.googleusercontent.com/TTymlnY_1y3b-Fhq3uQLigjMub_fc52Sh6_qJ-DLhyKQ1YUrGRFCOv2t4o3JR3Jf6w1VUm3urA=w2560-fcrop64=1,00005a57ffffa5a8-k-c0xffffffff-no-nd-rj","Every day, there are new videos! Let's subscribe!","Website","https://tokodeeres.com/","Shopee","https://shopee.co.id/tokder","Tokopedia","https://www.tokopedia.com/tokder","Whatsapp","https://wa.me/6281291099109","UC1wIvd8HotnZe0KENzHj2kQ","Mar 8, 2018","Indonesia","Tokder","2806","27944300","https://www.youtube.com/channel/UC1wIvd8HotnZe0KENzHj2kQ",,"0",,"2024-10-02T00:00:00.000Z",,,,,,,,,,,,,,,,,,,,,,,,,,,,,,,,,,,,,"https://www.youtube.com/@tokder-tv/shorts","1Hw4aPTL_AI",,"https://www.youtube.com/@tokder-tv/videos","false","false",,"11",,,"98800","27",,"https://tokodeeres.com/","https://i.ytimg.com/vi/1Hw4aPTL_AI/oar2.jpg?sqp=-oaymwEdCJUDENAFSFWQAgHyq4qpAwwIARUAAIhCcAHAAQY=&rs=AOn4CLDSq88C8U-g4ZiNjtnGk8yUC83N7A","3 Rawit Murah 50K Toleran Virus, Cabe Mahkota Vs New Maruyung Vs Salaan","shorts","https://www.youtube.com/shorts/1Hw4aPTL_AI","1445"
"https://yt3.googleusercontent.com/t56EZveYFbzejXlNgJL4S__j3F7Ced8Hjfr0cdl-zXZQjuyx-tPvR2p7yqLQqVPrGQlohynp_g=s160-c-k-c0x00ffffff-no-rj","https://yt3.googleusercontent.com/TTymlnY_1y3b-Fhq3uQLigjMub_fc52Sh6_qJ-DLhyKQ1YUrGRFCOv2t4o3JR3Jf6w1VUm3urA=w2560-fcrop64=1,00005a57ffffa5a8-k-c0xffffffff-no-nd-rj","Every day, there are new videos! Let's subscribe!","Website","https://tokodeeres.com/","Shopee","https://shopee.co.id/tokder","Tokopedia","https://www.tokopedia.com/tokder","Whatsapp","https://wa.me/6281291099109","UC1wIvd8HotnZe0KENzHj2kQ","Mar 8, 2018","Indonesia","Tokder","2806","27944300","https://www.youtube.com/channel/UC1wIvd8HotnZe0KENzHj2kQ",,"1",,"2024-10-03T05:00:14.000Z",,,,,,,,,,,,,,,,,,,,,,,,,,,,,,,,,,,,,"https://www.youtube.com/@tokder-tv/shorts","QeF0RbzOhCI",,"https://www.youtube.com/@tokder-tv/videos","false","false",,"74",,,"98800","26",,"https://tokodeeres.com/","https://i.ytimg.com/vi/QeF0RbzOhCI/oar2.jpg?sqp=-oaymwEdCJUDENAFSFWQAgHyq4qpAwwIARUAAIhCcAHAAQY=&rs=AOn4CLDowc8aQWMNZK5YHibVx72y9hxyQA","5 Rekomendasi Pupuk dan ZPT Meningkatkan Bobot Buah dan Mempercepat Pematangan","shorts","https://www.youtube.com/shorts/QeF0RbzOhCI","4058"
"https://yt3.googleusercontent.com/t56EZveYFbzejXlNgJL4S__j3F7Ced8Hjfr0cdl-zXZQjuyx-tPvR2p7yqLQqVPrGQlohynp_g=s160-c-k-c0x00ffffff-no-rj","https://yt3.googleusercontent.com/TTymlnY_1y3b-Fhq3uQLigjMub_fc52Sh6_qJ-DLhyKQ1YUrGRFCOv2t4o3JR3Jf6w1VUm3urA=w2560-fcrop64=1,00005a57ffffa5a8-k-c0xffffffff-no-nd-rj","Every day, there are new videos! Let's subscribe!","Website","https://tokodeeres.com/","Shopee","https://shopee.co.id/tokder","Tokopedia","https://www.tokopedia.com/tokder","Whatsapp","https://wa.me/6281291099109","UC1wIvd8HotnZe0KENzHj2kQ","Mar 8, 2018","Indonesia","Tokder","2806","27944300","https://www.youtube.com/channel/UC1wIvd8HotnZe0KENzHj2kQ",,"1",,"2024-10-03T08:00:37.000Z",,,,,,,,,,,,,,,,,,,,,,,,,,,,,,,,,,,,,"https://www.youtube.com/@tokder-tv/shorts","nLU0UacV8us",,"https://www.youtube.com/@tokder-tv/videos","false","false",,"53",,,"98800","25",,"https://tokodeeres.com/","https://i.ytimg.com/vi/nLU0UacV8us/oar2.jpg?sqp=-oaymwEdCJUDENAFSFWQAgHyq4qpAwwIARUAAIhCcAHAAQY=&rs=AOn4CLD0kDhsAJdZDwPUCCfwSCBIA9cjPg","6 Fungisida + ZPT Harga Ramah, Cabe Rawit Cepat Pulih","shorts","https://www.youtube.com/shorts/nLU0UacV8us","2204"
"https://yt3.googleusercontent.com/t56EZveYFbzejXlNgJL4S__j3F7Ced8Hjfr0cdl-zXZQjuyx-tPvR2p7yqLQqVPrGQlohynp_g=s160-c-k-c0x00ffffff-no-rj","https://yt3.googleusercontent.com/TTymlnY_1y3b-Fhq3uQLigjMub_fc52Sh6_qJ-DLhyKQ1YUrGRFCOv2t4o3JR3Jf6w1VUm3urA=w2560-fcrop64=1,00005a57ffffa5a8-k-c0xffffffff-no-nd-rj","Every day, there are new videos! Let's subscribe!","Website","https://tokodeeres.com/","Shopee","https://shopee.co.id/tokder","Tokopedia","https://www.tokopedia.com/tokder","Whatsapp","https://wa.me/6281291099109","UC1wIvd8HotnZe0KENzHj2kQ","Mar 8, 2018","Indonesia","Tokder","2806","27944300","https://www.youtube.com/channel/UC1wIvd8HotnZe0KENzHj2kQ",,"0",,"2024-10-03T00:00:00.000Z",,,,,,,,,,,,,,,,,,,,,,,,,,,,,,,,,,,,,"https://www.youtube.com/@tokder-tv/shorts","rjagb46zo7w",,"https://www.youtube.com/@tokder-tv/videos","false","false",,"28",,,"98800","24",,"https://tokodeeres.com/","https://i.ytimg.com/vi/rjagb46zo7w/oar2.jpg?sqp=-oaymwEdCJUDENAFSFWQAgHyq4qpAwwIARUAAIhCcAHAAQY=&rs=AOn4CLDemezyhBHiUKbuENOeYlm5DRA-AQ","Insektisida Ampuh Untuk Telur Hama Trips dan Kutu Daun! Cukup Sekali Racik!","shorts","https://www.youtube.com/shorts/rjagb46zo7w","1749"
"https://yt3.googleusercontent.com/t56EZveYFbzejXlNgJL4S__j3F7Ced8Hjfr0cdl-zXZQjuyx-tPvR2p7yqLQqVPrGQlohynp_g=s160-c-k-c0x00ffffff-no-rj","https://yt3.googleusercontent.com/TTymlnY_1y3b-Fhq3uQLigjMub_fc52Sh6_qJ-DLhyKQ1YUrGRFCOv2t4o3JR3Jf6w1VUm3urA=w2560-fcrop64=1,00005a57ffffa5a8-k-c0xffffffff-no-nd-rj","Every day, there are new videos! Let's subscribe!","Website","https://tokodeeres.com/","Shopee","https://shopee.co.id/tokder","Tokopedia","https://www.tokopedia.com/tokder","Whatsapp","https://wa.me/6281291099109","UC1wIvd8HotnZe0KENzHj2kQ","Mar 8, 2018","Indonesia","Tokder","2806","27944300","https://www.youtube.com/channel/UC1wIvd8HotnZe0KENzHj2kQ",,"0",,"2024-10-05T02:00:33.000Z",,,,,,,,,,,,,,,,,,,,,,,,,,,,,,,,,,,,,"https://www.youtube.com/@tokder-tv/shorts","nyT4IB76mG8",,"https://www.youtube.com/@tokder-tv/videos","false","false",,"30",,,"98800","19",,"https://tokodeeres.com/","https://i.ytimg.com/vi/nyT4IB76mG8/oar2.jpg?sqp=-oaymwEdCJUDENAFSFWQAgHyq4qpAwwIARUAAIhCcAHAAQY=&rs=AOn4CLBFGuc1rjAwIga-DyXjNXe-6Bm11A","7 Insektisida untuk Kutu Daun Paling Ampuh dan Terlaris","shorts","https://www.youtube.com/shorts/nyT4IB76mG8","1211"
"https://yt3.googleusercontent.com/t56EZveYFbzejXlNgJL4S__j3F7Ced8Hjfr0cdl-zXZQjuyx-tPvR2p7yqLQqVPrGQlohynp_g=s160-c-k-c0x00ffffff-no-rj","https://yt3.googleusercontent.com/TTymlnY_1y3b-Fhq3uQLigjMub_fc52Sh6_qJ-DLhyKQ1YUrGRFCOv2t4o3JR3Jf6w1VUm3urA=w2560-fcrop64=1,00005a57ffffa5a8-k-c0xffffffff-no-nd-rj","Every day, there are new videos! Let's subscribe!","Website","https://tokodeeres.com/","Shopee","https://shopee.co.id/tokder","Tokopedia","https://www.tokopedia.com/tokder","Whatsapp","https://wa.me/6281291099109","UC1wIvd8HotnZe0KENzHj2kQ","Mar 8, 2018","Indonesia","Tokder","2806","27944300","https://www.youtube.com/channel/UC1wIvd8HotnZe0KENzHj2kQ",,"0",,"2024-10-05T05:00:23.000Z",,,,,,,,,,,,,,,,,,,,,,,,,,,,,,,,,,,,,"https://www.youtube.com/@tokder-tv/shorts","QnmOnDudibU",,"https://www.youtube.com/@tokder-tv/videos","false","false",,"31",,,"98800","18",,"https://tokodeeres.com/","https://i.ytimg.com/vi/QnmOnDudibU/oar2.jpg?sqp=-oaymwEdCJUDENAFSFWQAgHyq4qpAwwIARUAAIhCcAHAAQY=&rs=AOn4CLANKx9ifnyojWB8hngRpiDCK5LLpQ","8 Insektisida Murah, Ampuh Basmi Hama Trips dan Kutu Daun, Harga Kurang dari 30 Ribu","shorts","https://www.youtube.com/shorts/QnmOnDudibU","1271"
"https://yt3.googleusercontent.com/t56EZveYFbzejXlNgJL4S__j3F7Ced8Hjfr0cdl-zXZQjuyx-tPvR2p7yqLQqVPrGQlohynp_g=s160-c-k-c0x00ffffff-no-rj","https://yt3.googleusercontent.com/TTymlnY_1y3b-Fhq3uQLigjMub_fc52Sh6_qJ-DLhyKQ1YUrGRFCOv2t4o3JR3Jf6w1VUm3urA=w2560-fcrop64=1,00005a57ffffa5a8-k-c0xffffffff-no-nd-rj","Every day, there are new videos! Let's subscribe!","Website","https://tokodeeres.com/","Shopee","https://shopee.co.id/tokder","Tokopedia","https://www.tokopedia.com/tokder","Whatsapp","https://wa.me/6281291099109","UC1wIvd8HotnZe0KENzHj2kQ","Mar 8, 2018","Indonesia","Tokder","2806","27944300","https://www.youtube.com/channel/UC1wIvd8HotnZe0KENzHj2kQ",,"2",,"2024-10-05T14:00:03.000Z",,,,,,,,,,,,,,,,,,,,,,,,,,,,,,,,,,,,,"https://www.youtube.com/@tokder-tv/shorts","26MRuUOkago",,"https://www.youtube.com/@tokder-tv/videos","false","false",,"78",,,"98800","15",,"https://tokodeeres.com/","https://i.ytimg.com/vi/26MRuUOkago/oar2.jpg?sqp=-oaymwEdCJUDENAFSFWQAgHyq4qpAwwIARUAAIhCcAHAAQY=&rs=AOn4CLBkMJje3pehEFow9n7cxsKzdjiJfQ","Mari Bahas Mengenai Cabe Pilar F1","shorts","https://www.youtube.com/shorts/26MRuUOkago","4180"
"https://yt3.googleusercontent.com/t56EZveYFbzejXlNgJL4S__j3F7Ced8Hjfr0cdl-zXZQjuyx-tPvR2p7yqLQqVPrGQlohynp_g=s160-c-k-c0x00ffffff-no-rj","https://yt3.googleusercontent.com/TTymlnY_1y3b-Fhq3uQLigjMub_fc52Sh6_qJ-DLhyKQ1YUrGRFCOv2t4o3JR3Jf6w1VUm3urA=w2560-fcrop64=1,00005a57ffffa5a8-k-c0xffffffff-no-nd-rj","Every day, there are new videos! Let's subscribe!","Website","https://tokodeeres.com/","Shopee","https://shopee.co.id/tokder","Tokopedia","https://www.tokopedia.com/tokder","Whatsapp","https://wa.me/6281291099109","UC1wIvd8HotnZe0KENzHj2kQ","Mar 8, 2018","Indonesia","Tokder","2806","27944300","https://www.youtube.com/channel/UC1wIvd8HotnZe0KENzHj2kQ",,"1",,"2024-10-05T08:00:03.000Z",,,,,,,,,,,,,,,,,,,,,,,,,,,,,,,,,,,,,"https://www.youtube.com/@tokder-tv/shorts","aOjIVrW3WgE",,"https://www.youtube.com/@tokder-tv/videos","false","false",,"46",,,"98800","17",,"https://tokodeeres.com/","https://i.ytimg.com/vi/aOjIVrW3WgE/oar2.jpg?sqp=-oaymwEdCJUDENAFSFWQAgHyq4qpAwwIARUAAIhCcAHAAQY=&rs=AOn4CLDo9jkrYW3gbJ3S9ORb54w_POewJw","8 Pupuk Kalsium + Mikro, Pelengkap Paling Komplit","shorts","https://www.youtube.com/shorts/aOjIVrW3WgE","2270"
"https://yt3.googleusercontent.com/t56EZveYFbzejXlNgJL4S__j3F7Ced8Hjfr0cdl-zXZQjuyx-tPvR2p7yqLQqVPrGQlohynp_g=s160-c-k-c0x00ffffff-no-rj","https://yt3.googleusercontent.com/TTymlnY_1y3b-Fhq3uQLigjMub_fc52Sh6_qJ-DLhyKQ1YUrGRFCOv2t4o3JR3Jf6w1VUm3urA=w2560-fcrop64=1,00005a57ffffa5a8-k-c0xffffffff-no-nd-rj","Every day, there are new videos! Let's subscribe!","Website","https://tokodeeres.com/","Shopee","https://shopee.co.id/tokder","Tokopedia","https://www.tokopedia.com/tokder","Whatsapp","https://wa.me/6281291099109","UC1wIvd8HotnZe0KENzHj2kQ","Mar 8, 2018","Indonesia","Tokder","2806","27944300","https://www.youtube.com/channel/UC1wIvd8HotnZe0KENzHj2kQ",,"0",,"2024-10-04T08:00:02.000Z",,,,,,,,,,,,,,,,,,,,,,,,,,,,,,,,,,,,,"https://www.youtube.com/@tokder-tv/shorts","2DdOk4bcwzE",,"https://www.youtube.com/@tokder-tv/videos","false","false",,"65",,,"98800","21",,"https://tokodeeres.com/","https://i.ytimg.com/vi/2DdOk4bcwzE/oar2.jpg?sqp=-oaymwEdCJUDENAFSFWQAgHyq4qpAwwIARUAAIhCcAHAAQY=&rs=AOn4CLDCq_bGQIQL_koMb-q5t4U56mMO9Q","6 Pupuk Kalium Humat, Pelebat Buah Sekaligus Penyubur Tanah","shorts","https://www.youtube.com/shorts/2DdOk4bcwzE","2679"
"https://yt3.googleusercontent.com/t56EZveYFbzejXlNgJL4S__j3F7Ced8Hjfr0cdl-zXZQjuyx-tPvR2p7yqLQqVPrGQlohynp_g=s160-c-k-c0x00ffffff-no-rj","https://yt3.googleusercontent.com/TTymlnY_1y3b-Fhq3uQLigjMub_fc52Sh6_qJ-DLhyKQ1YUrGRFCOv2t4o3JR3Jf6w1VUm3urA=w2560-fcrop64=1,00005a57ffffa5a8-k-c0xffffffff-no-nd-rj","Every day, there are new videos! Let's subscribe!","Website","https://tokodeeres.com/","Shopee","https://shopee.co.id/tokder","Tokopedia","https://www.tokopedia.com/tokder","Whatsapp","https://wa.me/6281291099109","UC1wIvd8HotnZe0KENzHj2kQ","Mar 8, 2018","Indonesia","Tokder","2806","27944300","https://www.youtube.com/channel/UC1wIvd8HotnZe0KENzHj2kQ",,"10",,"2024-10-04T05:00:05.000Z",,,,,,,,,,,,,,,,,,,,,,,,,,,,,,,,,,,,,"https://www.youtube.com/@tokder-tv/shorts","8iK0d8H6KPo",,"https://www.youtube.com/@tokder-tv/videos","false","false",,"26",,,"98800","22",,"https://tokodeeres.com/","https://i.ytimg.com/vi/8iK0d8H6KPo/oar2.jpg?sqp=-oaymwEdCJUDENAFSFWQAgHyq4qpAwwIARUAAIhCcAHAAQY=&rs=AOn4CLCjYlFt3rysENRn4OoD0a-0l4-llw","Pupuk Generatif Cabe Rawit, Produk Khusus Kalium Fosfat Mix Kalsium","shorts","https://www.youtube.com/shorts/8iK0d8H6KPo","1340"
"https://yt3.googleusercontent.com/t56EZveYFbzejXlNgJL4S__j3F7Ced8Hjfr0cdl-zXZQjuyx-tPvR2p7yqLQqVPrGQlohynp_g=s160-c-k-c0x00ffffff-no-rj","https://yt3.googleusercontent.com/TTymlnY_1y3b-Fhq3uQLigjMub_fc52Sh6_qJ-DLhyKQ1YUrGRFCOv2t4o3JR3Jf6w1VUm3urA=w2560-fcrop64=1,00005a57ffffa5a8-k-c0xffffffff-no-nd-rj","Every day, there are new videos! Let's subscribe!","Website","https://tokodeeres.com/","Shopee","https://shopee.co.id/tokder","Tokopedia","https://www.tokopedia.com/tokder","Whatsapp","https://wa.me/6281291099109","UC1wIvd8HotnZe0KENzHj2kQ","Mar 8, 2018","Indonesia","Tokder","2806","27944300","https://www.youtube.com/channel/UC1wIvd8HotnZe0KENzHj2kQ",,"0",,"2024-10-04T02:00:08.000Z",,,,,,,,,,,,,,,,,,,,,,,,,,,,,,,,,,,,,"https://www.youtube.com/@tokder-tv/shorts","J5ubeAgcBnw",,"https://www.youtube.com/@tokder-tv/videos","false","false",,"25",,,"98800","23",,"https://tokodeeres.com/","https://i.ytimg.com/vi/J5ubeAgcBnw/oar2.jpg?sqp=-oaymwEdCJUDENAFSFWQAgHyq4qpAwwIARUAAIhCcAHAAQY=&rs=AOn4CLDhANE-ZoM-fs17jExcwkvqQQkj0A","6 Produk Vitamin B1, Cabe Butuh Ini Biar Ga Stres","shorts","https://www.youtube.com/shorts/J5ubeAgcBnw","1443"
"https://yt3.googleusercontent.com/t56EZveYFbzejXlNgJL4S__j3F7Ced8Hjfr0cdl-zXZQjuyx-tPvR2p7yqLQqVPrGQlohynp_g=s160-c-k-c0x00ffffff-no-rj","https://yt3.googleusercontent.com/TTymlnY_1y3b-Fhq3uQLigjMub_fc52Sh6_qJ-DLhyKQ1YUrGRFCOv2t4o3JR3Jf6w1VUm3urA=w2560-fcrop64=1,00005a57ffffa5a8-k-c0xffffffff-no-nd-rj","Every day, there are new videos! Let's subscribe!","Website","https://tokodeeres.com/","Shopee","https://shopee.co.id/tokder","Tokopedia","https://www.tokopedia.com/tokder","Whatsapp","https://wa.me/6281291099109","UC1wIvd8HotnZe0KENzHj2kQ","Mar 8, 2018","Indonesia","Tokder","2806","27944300","https://www.youtube.com/channel/UC1wIvd8HotnZe0KENzHj2kQ",,"2",,"2024-10-04T14:00:41.000Z",,,,,,,,,,,,,,,,,,,,,,,,,,,,,,,,,,,,,"https://www.youtube.com/@tokder-tv/shorts","drhPnFfuqD4",,"https://www.youtube.com/@tokder-tv/videos","false","false",,"22",,,"98800","20",,"https://tokodeeres.com/","https://i.ytimg.com/vi/drhPnFfuqD4/oar2.jpg?sqp=-oaymwEdCJUDENAFSFWQAgHyq4qpAwwIARUAAIhCcAHAAQY=&rs=AOn4CLA39m6LBqPMYsOWgeXkKHUMj7Dolg","7 Fungisida Bahan Aktif Ganda, Harga Murah dan Amp","shorts","https://www.youtube.com/shorts/drhPnFfuqD4","759"
"https://yt3.googleusercontent.com/t56EZveYFbzejXlNgJL4S__j3F7Ced8Hjfr0cdl-zXZQjuyx-tPvR2p7yqLQqVPrGQlohynp_g=s160-c-k-c0x00ffffff-no-rj","https://yt3.googleusercontent.com/TTymlnY_1y3b-Fhq3uQLigjMub_fc52Sh6_qJ-DLhyKQ1YUrGRFCOv2t4o3JR3Jf6w1VUm3urA=w2560-fcrop64=1,00005a57ffffa5a8-k-c0xffffffff-no-nd-rj","Every day, there are new videos! Let's subscribe!","Website","https://tokodeeres.com/","Shopee","https://shopee.co.id/tokder","Tokopedia","https://www.tokopedia.com/tokder","Whatsapp","https://wa.me/6281291099109","UC1wIvd8HotnZe0KENzHj2kQ","Mar 8, 2018","Indonesia","Tokder","2806","27944300","https://www.youtube.com/channel/UC1wIvd8HotnZe0KENzHj2kQ",,"1",,"2024-10-05T13:00:29.000Z",,,,,,,,,,,,,,,,,,,,,,,,,,,,,,,,,,,,,"https://www.youtube.com/@tokder-tv/shorts","JqwD-VfUp8w",,"https://www.youtube.com/@tokder-tv/videos","false","false",,"58",,,"98800","16",,"https://tokodeeres.com/","https://i.ytimg.com/vi/JqwD-VfUp8w/oar2.jpg?sqp=-oaymwEdCJUDENAFSFWQAgHyq4qpAwwIARUAAIhCcAHAAQY=&rs=AOn4CLDjSyzTAL5IZsDnIdxlBbv9p2dhYg","Mari Bahas Bahan Aktif Penting Untuk Perlindungan Tanaman","shorts","https://www.youtube.com/shorts/JqwD-VfUp8w","4806"
"https://yt3.googleusercontent.com/t56EZveYFbzejXlNgJL4S__j3F7Ced8Hjfr0cdl-zXZQjuyx-tPvR2p7yqLQqVPrGQlohynp_g=s160-c-k-c0x00ffffff-no-rj","https://yt3.googleusercontent.com/TTymlnY_1y3b-Fhq3uQLigjMub_fc52Sh6_qJ-DLhyKQ1YUrGRFCOv2t4o3JR3Jf6w1VUm3urA=w2560-fcrop64=1,00005a57ffffa5a8-k-c0xffffffff-no-nd-rj","Every day, there are new videos! Let's subscribe!","Website","https://tokodeeres.com/","Shopee","https://shopee.co.id/tokder","Tokopedia","https://www.tokopedia.com/tokder","Whatsapp","https://wa.me/6281291099109","UC1wIvd8HotnZe0KENzHj2kQ","Mar 8, 2018","Indonesia","Tokder","2806","27944300","https://www.youtube.com/channel/UC1wIvd8HotnZe0KENzHj2kQ",,"0",,"2024-10-05T14:00:46.000Z",,,,,,,,,,,,,,,,,,,,,,,,,,,,,,,,,,,,,"https://www.youtube.com/@tokder-tv/shorts","jQyR43xFau8",,"https://www.youtube.com/@tokder-tv/videos","false","false",,"25",,,"98800","14",,"https://tokodeeres.com/","https://i.ytimg.com/vi/jQyR43xFau8/oar2.jpg?sqp=-oaymwEdCJUDENAFSFWQAgHyq4qpAwwIARUAAIhCcAHAAQY=&rs=AOn4CLAPWxvN74kO6TsnOkeWqm0tLOb8vA","8 Pupuk KNO3 Putih, Kalium Nitrat Tertinggi","shorts","https://www.youtube.com/shorts/jQyR43xFau8","1255"
"https://yt3.googleusercontent.com/t56EZveYFbzejXlNgJL4S__j3F7Ced8Hjfr0cdl-zXZQjuyx-tPvR2p7yqLQqVPrGQlohynp_g=s160-c-k-c0x00ffffff-no-rj","https://yt3.googleusercontent.com/TTymlnY_1y3b-Fhq3uQLigjMub_fc52Sh6_qJ-DLhyKQ1YUrGRFCOv2t4o3JR3Jf6w1VUm3urA=w2560-fcrop64=1,00005a57ffffa5a8-k-c0xffffffff-no-nd-rj","Every day, there are new videos! Let's subscribe!","Website","https://tokodeeres.com/","Shopee","https://shopee.co.id/tokder","Tokopedia","https://www.tokopedia.com/tokder","Whatsapp","https://wa.me/6281291099109","UC1wIvd8HotnZe0KENzHj2kQ","Mar 8, 2018","Indonesia","Tokder","2806","27944300","https://www.youtube.com/channel/UC1wIvd8HotnZe0KENzHj2kQ",,"3",,"2024-10-07T02:00:31.000Z",,,,,,,,,,,,,,,,,,,,,,,,,,,,,,,,,,,,,"https://www.youtube.com/@tokder-tv/shorts","jCibxYe2eDk",,"https://www.youtube.com/@tokder-tv/videos","false","false",,"75",,,"98800","9",,"https://tokodeeres.com/","https://i.ytimg.com/vi/jCibxYe2eDk/oar2.jpg?sqp=-oaymwEdCJUDENAFSFWQAgHyq4qpAwwIARUAAIhCcAHAAQY=&rs=AOn4CLConGAn1dGzXYgFSp2TmU67ewJrnQ","2 Rollingan Insektisida! Hama Trips, Tungau, Kutu Daun Langsung Ambrol Sekaligus!","shorts","https://www.youtube.com/shorts/jCibxYe2eDk","3452"
"https://yt3.googleusercontent.com/t56EZveYFbzejXlNgJL4S__j3F7Ced8Hjfr0cdl-zXZQjuyx-tPvR2p7yqLQqVPrGQlohynp_g=s160-c-k-c0x00ffffff-no-rj","https://yt3.googleusercontent.com/TTymlnY_1y3b-Fhq3uQLigjMub_fc52Sh6_qJ-DLhyKQ1YUrGRFCOv2t4o3JR3Jf6w1VUm3urA=w2560-fcrop64=1,00005a57ffffa5a8-k-c0xffffffff-no-nd-rj","Every day, there are new videos! Let's subscribe!","Website","https://tokodeeres.com/","Shopee","https://shopee.co.id/tokder","Tokopedia","https://www.tokopedia.com/tokder","Whatsapp","https://wa.me/6281291099109","UC1wIvd8HotnZe0KENzHj2kQ","Mar 8, 2018","Indonesia","Tokder","2806","27944300","https://www.youtube.com/channel/UC1wIvd8HotnZe0KENzHj2kQ",,"3",,"2024-10-05T00:00:00.000Z",,,,,,,,,,,,,,,,,,,,,,,,,,,,,,,,,,,,,"https://www.youtube.com/@tokder-tv/shorts","EW1q8EVDNKc",,"https://www.youtube.com/@tokder-tv/videos","false","false",,"62",,,"98800","13",,"https://tokodeeres.com/","https://i.ytimg.com/vi/EW1q8EVDNKc/oar2.jpg?sqp=-oaymwEdCJUDENAFSFWQAgHyq4qpAwwIARUAAIhCcAHAAQY=&rs=AOn4CLAt4JO8xRr37CjwIZYaCF1nsk6MPA","Fungisida Spektrum Luas Terlaris, Antracol, Amistartop, dan Nativo","shorts","https://www.youtube.com/shorts/EW1q8EVDNKc","3396"
"https://yt3.googleusercontent.com/t56EZveYFbzejXlNgJL4S__j3F7Ced8Hjfr0cdl-zXZQjuyx-tPvR2p7yqLQqVPrGQlohynp_g=s160-c-k-c0x00ffffff-no-rj","https://yt3.googleusercontent.com/TTymlnY_1y3b-Fhq3uQLigjMub_fc52Sh6_qJ-DLhyKQ1YUrGRFCOv2t4o3JR3Jf6w1VUm3urA=w2560-fcrop64=1,00005a57ffffa5a8-k-c0xffffffff-no-nd-rj","Every day, there are new videos! Let's subscribe!","Website","https://tokodeeres.com/","Shopee","https://shopee.co.id/tokder","Tokopedia","https://www.tokopedia.com/tokder","Whatsapp","https://wa.me/6281291099109","UC1wIvd8HotnZe0KENzHj2kQ","Mar 8, 2018","Indonesia","Tokder","2806","27944300","https://www.youtube.com/channel/UC1wIvd8HotnZe0KENzHj2kQ",,"0",,"2024-10-06T08:00:24.000Z",,,,,,,,,,,,,,,,,,,,,,,,,,,,,,,,,,,,,"https://www.youtube.com/@tokder-tv/shorts","hAb6_It4MEY",,"https://www.youtube.com/@tokder-tv/videos","false","false",,"62",,,"98800","11",,"https://tokodeeres.com/","https://i.ytimg.com/vi/hAb6_It4MEY/oar2.jpg?sqp=-oaymwEdCJUDENAFSFWQAgHyq4qpAwwIARUAAIhCcAHAAQY=&rs=AOn4CLByihcBe7usHkSbym5qwU4GThbuQw","6 Fungisida Resisten Tinggi, Ampuh Tapi Resiko","shorts","https://www.youtube.com/shorts/hAb6_It4MEY","3162"
"https://yt3.googleusercontent.com/t56EZveYFbzejXlNgJL4S__j3F7Ced8Hjfr0cdl-zXZQjuyx-tPvR2p7yqLQqVPrGQlohynp_g=s160-c-k-c0x00ffffff-no-rj","https://yt3.googleusercontent.com/TTymlnY_1y3b-Fhq3uQLigjMub_fc52Sh6_qJ-DLhyKQ1YUrGRFCOv2t4o3JR3Jf6w1VUm3urA=w2560-fcrop64=1,00005a57ffffa5a8-k-c0xffffffff-no-nd-rj","Every day, there are new videos! Let's subscribe!","Website","https://tokodeeres.com/","Shopee","https://shopee.co.id/tokder","Tokopedia","https://www.tokopedia.com/tokder","Whatsapp","https://wa.me/6281291099109","UC1wIvd8HotnZe0KENzHj2kQ","Mar 8, 2018","Indonesia","Tokder","2806","27944300","https://www.youtube.com/channel/UC1wIvd8HotnZe0KENzHj2kQ",,"2",,"2024-10-06T00:00:00.000Z",,,,,,,,,,,,,,,,,,,,,,,,,,,,,,,,,,,,,"https://www.youtube.com/@tokder-tv/shorts","eXMdQ_FlXvk",,"https://www.youtube.com/@tokder-tv/videos","false","false",,"10",,,"98800","8",,"https://tokodeeres.com/","https://i.ytimg.com/vi/eXMdQ_FlXvk/oar2.jpg?sqp=-oaymwEdCJUDENAFSFWQAgHyq4qpAwwIARUAAIhCcAHAAQY=&rs=AOn4CLC0PHJRVZJeI8b1SiNkOu3bZ-vuMA","Triple Mode Of Action! 6 Insektisida 3 Racun Sekaligus, Hama Langsung Mati","shorts","https://www.youtube.com/shorts/eXMdQ_FlXvk","683"
"https://yt3.googleusercontent.com/t56EZveYFbzejXlNgJL4S__j3F7Ced8Hjfr0cdl-zXZQjuyx-tPvR2p7yqLQqVPrGQlohynp_g=s160-c-k-c0x00ffffff-no-rj","https://yt3.googleusercontent.com/TTymlnY_1y3b-Fhq3uQLigjMub_fc52Sh6_qJ-DLhyKQ1YUrGRFCOv2t4o3JR3Jf6w1VUm3urA=w2560-fcrop64=1,00005a57ffffa5a8-k-c0xffffffff-no-nd-rj","Every day, there are new videos! Let's subscribe!","Website","https://tokodeeres.com/","Shopee","https://shopee.co.id/tokder","Tokopedia","https://www.tokopedia.com/tokder","Whatsapp","https://wa.me/6281291099109","UC1wIvd8HotnZe0KENzHj2kQ","Mar 8, 2018","Indonesia","Tokder","2806","27944300","https://www.youtube.com/channel/UC1wIvd8HotnZe0KENzHj2kQ",,"0",,"2024-10-05T00:00:00.000Z",,,,,,,,,,,,,,,,,,,,,,,,,,,,,,,,,,,,,"https://www.youtube.com/@tokder-tv/shorts","FGEYjJnvxH4",,"https://www.youtube.com/@tokder-tv/videos","false","false",,"119",,,"98800","12",,"https://tokodeeres.com/","https://i.ytimg.com/vi/FGEYjJnvxH4/oar2.jpg?sqp=-oaymwEdCJUDENAFSFWQAgHyq4qpAwwIARUAAIhCcAHAAQY=&rs=AOn4CLBm1in9jnKkDfVGQup8vew-syIsTg","Duet Maut Insektisida Endure Campur Avidor! Ampuh Bunuh Hama Trips Kebal","shorts","https://www.youtube.com/shorts/FGEYjJnvxH4","5907"
"https://yt3.googleusercontent.com/t56EZveYFbzejXlNgJL4S__j3F7Ced8Hjfr0cdl-zXZQjuyx-tPvR2p7yqLQqVPrGQlohynp_g=s160-c-k-c0x00ffffff-no-rj","https://yt3.googleusercontent.com/TTymlnY_1y3b-Fhq3uQLigjMub_fc52Sh6_qJ-DLhyKQ1YUrGRFCOv2t4o3JR3Jf6w1VUm3urA=w2560-fcrop64=1,00005a57ffffa5a8-k-c0xffffffff-no-nd-rj","Every day, there are new videos! Let's subscribe!","Website","https://tokodeeres.com/","Shopee","https://shopee.co.id/tokder","Tokopedia","https://www.tokopedia.com/tokder","Whatsapp","https://wa.me/6281291099109","UC1wIvd8HotnZe0KENzHj2kQ","Mar 8, 2018","Indonesia","Tokder","2806","27944300","https://www.youtube.com/channel/UC1wIvd8HotnZe0KENzHj2kQ",,"0",,"2024-10-07T08:00:14.000Z",,,,,,,,,,,,,,,,,,,,,,,,,,,,,,,,,,,,,"https://www.youtube.com/@tokder-tv/shorts","NELeP74CRmg",,"https://www.youtube.com/@tokder-tv/videos","false","false",,"33",,,"98800","7",,"https://tokodeeres.com/","https://i.ytimg.com/vi/NELeP74CRmg/oar2.jpg?sqp=-oaymwEdCJUDENAFSFWQAgHyq4qpAwwIARUAAIhCcAHAAQY=&rs=AOn4CLCC2DSTNzrz35x7JKiNh1xlpLeCSA","Rolling Hidrogen Peroksida dengan 3 Campuran Fungisida, Kendalikan Busuk Batang Sampai Tuntas","shorts","https://www.youtube.com/shorts/NELeP74CRmg","2807"
"https://yt3.googleusercontent.com/t56EZveYFbzejXlNgJL4S__j3F7Ced8Hjfr0cdl-zXZQjuyx-tPvR2p7yqLQqVPrGQlohynp_g=s160-c-k-c0x00ffffff-no-rj","https://yt3.googleusercontent.com/TTymlnY_1y3b-Fhq3uQLigjMub_fc52Sh6_qJ-DLhyKQ1YUrGRFCOv2t4o3JR3Jf6w1VUm3urA=w2560-fcrop64=1,00005a57ffffa5a8-k-c0xffffffff-no-nd-rj","Every day, there are new videos! Let's subscribe!","Website","https://tokodeeres.com/","Shopee","https://shopee.co.id/tokder","Tokopedia","https://www.tokopedia.com/tokder","Whatsapp","https://wa.me/6281291099109","UC1wIvd8HotnZe0KENzHj2kQ","Mar 8, 2018","Indonesia","Tokder","2806","27944300","https://www.youtube.com/channel/UC1wIvd8HotnZe0KENzHj2kQ",,"0",,"2024-10-07T14:00:39.000Z",,,,,,,,,,,,,,,,,,,,,,,,,,,,,,,,,,,,,"https://www.youtube.com/@tokder-tv/shorts","bXOwPGdoddw",,"https://www.youtube.com/@tokder-tv/videos","false","false",,"40",,,"98800","6",,"https://tokodeeres.com/","https://i.ytimg.com/vi/bXOwPGdoddw/oar2.jpg?sqp=-oaymwEdCJUDENAFSFWQAgHyq4qpAwwIARUAAIhCcAHAAQY=&rs=AOn4CLDKyCoi-EgZyBs_XRlRejheyvBzSw","Pupuk Pembungaan Kedua Tanaman Cabe! Bunga Lebat Anti Rontok","shorts","https://www.youtube.com/shorts/bXOwPGdoddw","1954"
"https://yt3.googleusercontent.com/t56EZveYFbzejXlNgJL4S__j3F7Ced8Hjfr0cdl-zXZQjuyx-tPvR2p7yqLQqVPrGQlohynp_g=s160-c-k-c0x00ffffff-no-rj","https://yt3.googleusercontent.com/TTymlnY_1y3b-Fhq3uQLigjMub_fc52Sh6_qJ-DLhyKQ1YUrGRFCOv2t4o3JR3Jf6w1VUm3urA=w2560-fcrop64=1,00005a57ffffa5a8-k-c0xffffffff-no-nd-rj","Every day, there are new videos! Let's subscribe!","Website","https://tokodeeres.com/","Shopee","https://shopee.co.id/tokder","Tokopedia","https://www.tokopedia.com/tokder","Whatsapp","https://wa.me/6281291099109","UC1wIvd8HotnZe0KENzHj2kQ","Mar 8, 2018","Indonesia","Tokder","2806","27944300","https://www.youtube.com/channel/UC1wIvd8HotnZe0KENzHj2kQ",,"1",,"2024-10-08T02:00:24.000Z",,,,,,,,,,,,,,,,,,,,,,,,,,,,,,,,,,,,,"https://www.youtube.com/@tokder-tv/shorts","ob8KwX-DoMs",,"https://www.youtube.com/@tokder-tv/videos","false","false",,"19",,,"98800","5",,"https://tokodeeres.com/","https://i.ytimg.com/vi/ob8KwX-DoMs/oar2.jpg?sqp=-oaymwEdCJUDENAFSFWQAgHyq4qpAwwIARUAAIhCcAHAAQY=&rs=AOn4CLAvKUU2cYhtRcNCb-wF8Av-sTIMOw","Pupuk Biotogrow Mix Pupuk dan Insektisida","shorts","https://www.youtube.com/shorts/ob8KwX-DoMs","977"
"https://yt3.googleusercontent.com/t56EZveYFbzejXlNgJL4S__j3F7Ced8Hjfr0cdl-zXZQjuyx-tPvR2p7yqLQqVPrGQlohynp_g=s160-c-k-c0x00ffffff-no-rj","https://yt3.googleusercontent.com/TTymlnY_1y3b-Fhq3uQLigjMub_fc52Sh6_qJ-DLhyKQ1YUrGRFCOv2t4o3JR3Jf6w1VUm3urA=w2560-fcrop64=1,00005a57ffffa5a8-k-c0xffffffff-no-nd-rj","Every day, there are new videos! Let's subscribe!","Website","https://tokodeeres.com/","Shopee","https://shopee.co.id/tokder","Tokopedia","https://www.tokopedia.com/tokder","Whatsapp","https://wa.me/6281291099109","UC1wIvd8HotnZe0KENzHj2kQ","Mar 8, 2018","Indonesia","Tokder","2806","27944300","https://www.youtube.com/channel/UC1wIvd8HotnZe0KENzHj2kQ",,"0",,"2024-10-06T14:00:42.000Z",,,,,,,,,,,,,,,,,,,,,,,,,,,,,,,,,,,,,"https://www.youtube.com/@tokder-tv/shorts","le_Qo14CJJE",,"https://www.youtube.com/@tokder-tv/videos","false","false",,"64",,,"98800","10",,"https://tokodeeres.com/","https://i.ytimg.com/vi/le_Qo14CJJE/oar2.jpg?sqp=-oaymwEdCJUDENAFSFWQAgHyq4qpAwwIARUAAIhCcAHAAQY=&rs=AOn4CLDpB3tVSQA5_I9zSOcddioErCkBBg","5 Insektisida Kontak dan Sistemik Kutu Trips Tungau Lalat Buah, Bahan Aktif Pilihan","shorts","https://www.youtube.com/shorts/le_Qo14CJJE","3105"
"https://yt3.googleusercontent.com/t56EZveYFbzejXlNgJL4S__j3F7Ced8Hjfr0cdl-zXZQjuyx-tPvR2p7yqLQqVPrGQlohynp_g=s160-c-k-c0x00ffffff-no-rj","https://yt3.googleusercontent.com/TTymlnY_1y3b-Fhq3uQLigjMub_fc52Sh6_qJ-DLhyKQ1YUrGRFCOv2t4o3JR3Jf6w1VUm3urA=w2560-fcrop64=1,00005a57ffffa5a8-k-c0xffffffff-no-nd-rj","Every day, there are new videos! Let's subscribe!","Website","https://tokodeeres.com/","Shopee","https://shopee.co.id/tokder","Tokopedia","https://www.tokopedia.com/tokder","Whatsapp","https://wa.me/6281291099109","UC1wIvd8HotnZe0KENzHj2kQ","Mar 8, 2018","Indonesia","Tokder","2806","27944300","https://www.youtube.com/channel/UC1wIvd8HotnZe0KENzHj2kQ",,"2",,"2024-10-07T00:00:00.000Z",,,,,,,,,,,,,,,,,,,,,,,,,,,,,,,,,,,,,"https://www.youtube.com/@tokder-tv/shorts","KQVF2EryqV0",,"https://www.youtube.com/@tokder-tv/videos","false","false",,"24",,,"98800","4",,"https://tokodeeres.com/","https://i.ytimg.com/vi/KQVF2EryqV0/oar2.jpg?sqp=-oaymwEdCJUDENAFSFWQAgHyq4qpAwwIARUAAIhCcAHAAQY=&rs=AOn4CLDAm6sLVibT7Uwz0Ii0CCjW5FZ1bw","10 Fungisida Atasi Busuk Batang dan Antraknosa Sek","shorts","https://www.youtube.com/shorts/KQVF2EryqV0","797"
"https://yt3.googleusercontent.com/t56EZveYFbzejXlNgJL4S__j3F7Ced8Hjfr0cdl-zXZQjuyx-tPvR2p7yqLQqVPrGQlohynp_g=s160-c-k-c0x00ffffff-no-rj","https://yt3.googleusercontent.com/TTymlnY_1y3b-Fhq3uQLigjMub_fc52Sh6_qJ-DLhyKQ1YUrGRFCOv2t4o3JR3Jf6w1VUm3urA=w2560-fcrop64=1,00005a57ffffa5a8-k-c0xffffffff-no-nd-rj","Every day, there are new videos! Let's subscribe!","Website","https://tokodeeres.com/","Shopee","https://shopee.co.id/tokder","Tokopedia","https://www.tokopedia.com/tokder","Whatsapp","https://wa.me/6281291099109","UC1wIvd8HotnZe0KENzHj2kQ","Mar 8, 2018","Indonesia","Tokder","2806","27944300","https://www.youtube.com/channel/UC1wIvd8HotnZe0KENzHj2kQ",,"0",,"2024-10-08T14:00:19.000Z",,,,,,,,,,,,,,,,,,,,,,,,,,,,,,,,,,,,,"https://www.youtube.com/@tokder-tv/shorts","CYp7pqLTVhQ",,"https://www.youtube.com/@tokder-tv/videos","false","false",,"16",,,"98800","2",,"https://tokodeeres.com/","https://i.ytimg.com/vi/CYp7pqLTVhQ/oar2.jpg?sqp=-oaymwEdCJUDENAFSFWQAgHyq4qpAwwIARUAAIhCcAHAAQY=&rs=AOn4CLCCetk_WZO1Y-342ANnjY6Dy_Ewxg","7 Bahan Aktif Insektisida Atasi Resistensi Ulat Grayak Tanaman Cabe","shorts","https://www.youtube.com/shorts/CYp7pqLTVhQ","864"
"https://yt3.googleusercontent.com/t56EZveYFbzejXlNgJL4S__j3F7Ced8Hjfr0cdl-zXZQjuyx-tPvR2p7yqLQqVPrGQlohynp_g=s160-c-k-c0x00ffffff-no-rj","https://yt3.googleusercontent.com/TTymlnY_1y3b-Fhq3uQLigjMub_fc52Sh6_qJ-DLhyKQ1YUrGRFCOv2t4o3JR3Jf6w1VUm3urA=w2560-fcrop64=1,00005a57ffffa5a8-k-c0xffffffff-no-nd-rj","Every day, there are new videos! Let's subscribe!","Website","https://tokodeeres.com/","Shopee","https://shopee.co.id/tokder","Tokopedia","https://www.tokopedia.com/tokder","Whatsapp","https://wa.me/6281291099109","UC1wIvd8HotnZe0KENzHj2kQ","Mar 8, 2018","Indonesia","Tokder","2806","27944300","https://www.youtube.com/channel/UC1wIvd8HotnZe0KENzHj2kQ",,"1",,"2024-10-09T02:00:13.000Z",,,,,,,,,,,,,,,,,,,,,,,,,,,,,,,,,,,,,"https://www.youtube.com/@tokder-tv/shorts","IBwUbQgmEQg",,"https://www.youtube.com/@tokder-tv/videos","false","false",,"2",,,"98800","1",,"https://tokodeeres.com/","https://i.ytimg.com/vi/IBwUbQgmEQg/oar2.jpg?sqp=-oaymwEdCJUDENAFSFWQAgHyq4qpAwwIARUAAIhCcAHAAQY=&rs=AOn4CLDn7UZeQ9LZFkyB4gAizA-hzEHkRA","Alternatif Penyubur Tanah Selain Asam Humat. Cocok Segala Jenis Tanah","shorts","https://www.youtube.com/shorts/IBwUbQgmEQg","20"
"https://yt3.googleusercontent.com/t56EZveYFbzejXlNgJL4S__j3F7Ced8Hjfr0cdl-zXZQjuyx-tPvR2p7yqLQqVPrGQlohynp_g=s160-c-k-c0x00ffffff-no-rj","https://yt3.googleusercontent.com/TTymlnY_1y3b-Fhq3uQLigjMub_fc52Sh6_qJ-DLhyKQ1YUrGRFCOv2t4o3JR3Jf6w1VUm3urA=w2560-fcrop64=1,00005a57ffffa5a8-k-c0xffffffff-no-nd-rj","Every day, there are new videos! Let's subscribe!","Website","https://tokodeeres.com/","Shopee","https://shopee.co.id/tokder","Tokopedia","https://www.tokopedia.com/tokder","Whatsapp","https://wa.me/6281291099109","UC1wIvd8HotnZe0KENzHj2kQ","Mar 8, 2018","Indonesia","Tokder","2806","27944300","https://www.youtube.com/channel/UC1wIvd8HotnZe0KENzHj2kQ",,"1",,"2024-10-08T08:00:03.000Z",,,,,,,,,,,,,,,,,,,,,,,,,,,,,,,,,,,,,"https://www.youtube.com/@tokder-tv/shorts","3uyOGJVo6nM",,"https://www.youtube.com/@tokder-tv/videos","false","false",,"22",,,"98800","3",,"https://tokodeeres.com/","https://i.ytimg.com/vi/3uyOGJVo6nM/oar2.jpg?sqp=-oaymwEdCJUDENAFSFWQAgHyq4qpAwwIARUAAIhCcAHAAQY=&rs=AOn4CLB3c2MPWZpmdHWTdcsyTG9Da-H3BA","Kupas Tuntas Produk Marolis, Penambah Nutris Cabe","shorts","https://www.youtube.com/shorts/3uyOGJVo6nM","1026"
"https://yt3.googleusercontent.com/t56EZveYFbzejXlNgJL4S__j3F7Ced8Hjfr0cdl-zXZQjuyx-tPvR2p7yqLQqVPrGQlohynp_g=s160-c-k-c0x00ffffff-no-rj","https://yt3.googleusercontent.com/TTymlnY_1y3b-Fhq3uQLigjMub_fc52Sh6_qJ-DLhyKQ1YUrGRFCOv2t4o3JR3Jf6w1VUm3urA=w2560-fcrop64=1,00005a57ffffa5a8-k-c0xffffffff-no-nd-rj","Every day, there are new videos! Let's subscribe!","Website","https://tokodeeres.com/","Shopee","https://shopee.co.id/tokder","Tokopedia","https://www.tokopedia.com/tokder","Whatsapp","https://wa.me/6281291099109","UC1wIvd8HotnZe0KENzHj2kQ","Mar 8, 2018","Indonesia","Tokder","2806","27944300","https://www.youtube.com/channel/UC1wIvd8HotnZe0KENzHj2kQ",,"0",,"2024-10-09T05:00:02.000Z",,,,,,,,,,,,,,,,,,,,,,,,,,,,,,,,,,,,,"https://www.youtube.com/@tokder-tv/shorts","1aiui8gXOz8",,"https://www.youtube.com/@tokder-tv/videos","false","false",,"10",,,"98800","0",,"https://tokodeeres.com/","https://i.ytimg.com/vi/1aiui8gXOz8/oar2.jpg?sqp=-oaymwEdCJUDENAFSFWQAgHyq4qpAwwIARUAAIhCcAHAAQY=&rs=AOn4CLB0boBtklpLOnXWDLvziGRR4G4V0w","Campuran Bahan Aktif Dinotefuran dan Bifenthrin Cegah Serangan Kutu Musim Kemarau!","shorts","https://www.youtube.com/shorts/1aiui8gXOz8","387"
"https://yt3.googleusercontent.com/t56EZveYFbzejXlNgJL4S__j3F7Ced8Hjfr0cdl-zXZQjuyx-tPvR2p7yqLQqVPrGQlohynp_g=s160-c-k-c0x00ffffff-no-rj","https://yt3.googleusercontent.com/TTymlnY_1y3b-Fhq3uQLigjMub_fc52Sh6_qJ-DLhyKQ1YUrGRFCOv2t4o3JR3Jf6w1VUm3urA=w2560-fcrop64=1,00005a57ffffa5a8-k-c0xffffffff-no-nd-rj","Every day, there are new videos! Let's subscribe!","Website","https://tokodeeres.com/","Shopee","https://shopee.co.id/tokder","Tokopedia","https://www.tokopedia.com/tokder","Whatsapp","https://wa.me/6281291099109","UC1wIvd8HotnZe0KENzHj2kQ","Mar 8, 2018","Indonesia","Tokder","2806","27944300","https://www.youtube.com/channel/UC1wIvd8HotnZe0KENzHj2kQ",,"0",,"2024-09-23T11:00:56.000Z",,,,,,,,,,,,,,,,,,,,,,,,,,,,,,,,,,,,,"https://www.youtube.com/@tokder-tv/shorts","tudCqzkrKr0",,"https://www.youtube.com/@tokder-tv/videos","false","false",,"36",,,"98800","71",,"https://tokodeeres.com/","https://i.ytimg.com/vi/tudCqzkrKr0/oar2.jpg?sqp=-oaymwEdCJUDENAFSFWQAgHyq4qpAwwIARUAAIhCcAHAAQY=&rs=AOn4CLBLViVOsIp0OGQiwZcbuTdphtll0Q","5 Insektisida Termahal Tapi Terlaris 2023! Paling Ampuh di Hama","shorts","https://www.youtube.com/shorts/tudCqzkrKr0","1425"
"https://yt3.googleusercontent.com/t56EZveYFbzejXlNgJL4S__j3F7Ced8Hjfr0cdl-zXZQjuyx-tPvR2p7yqLQqVPrGQlohynp_g=s160-c-k-c0x00ffffff-no-rj","https://yt3.googleusercontent.com/TTymlnY_1y3b-Fhq3uQLigjMub_fc52Sh6_qJ-DLhyKQ1YUrGRFCOv2t4o3JR3Jf6w1VUm3urA=w2560-fcrop64=1,00005a57ffffa5a8-k-c0xffffffff-no-nd-rj","Every day, there are new videos! Let's subscribe!","Website","https://tokodeeres.com/","Shopee","https://shopee.co.id/tokder","Tokopedia","https://www.tokopedia.com/tokder","Whatsapp","https://wa.me/6281291099109","UC1wIvd8HotnZe0KENzHj2kQ","Mar 8, 2018","Indonesia","Tokder","2806","27944300","https://www.youtube.com/channel/UC1wIvd8HotnZe0KENzHj2kQ",,"0",,"2024-09-24T00:00:00.000Z",,,,,,,,,,,,,,,,,,,,,,,,,,,,,,,,,,,,,"https://www.youtube.com/@tokder-tv/shorts","azmIdTCCI6E",,"https://www.youtube.com/@tokder-tv/videos","false","false",,"29",,,"98800","66",,"https://tokodeeres.com/","https://i.ytimg.com/vi/azmIdTCCI6E/oar2.jpg?sqp=-oaymwEdCJUDENAFSFWQAgHyq4qpAwwIARUAAIhCcAHAAQY=&rs=AOn4CLD7WCBTbTn-icR4okSUGrGQXBsTvg","6 Fungisida Piraklostrobin, Ampuh Atasi Penyakit dan Anti Stres Tanaman","shorts","https://www.youtube.com/shorts/azmIdTCCI6E","2181"
"https://yt3.googleusercontent.com/t56EZveYFbzejXlNgJL4S__j3F7Ced8Hjfr0cdl-zXZQjuyx-tPvR2p7yqLQqVPrGQlohynp_g=s160-c-k-c0x00ffffff-no-rj","https://yt3.googleusercontent.com/TTymlnY_1y3b-Fhq3uQLigjMub_fc52Sh6_qJ-DLhyKQ1YUrGRFCOv2t4o3JR3Jf6w1VUm3urA=w2560-fcrop64=1,00005a57ffffa5a8-k-c0xffffffff-no-nd-rj","Every day, there are new videos! Let's subscribe!","Website","https://tokodeeres.com/","Shopee","https://shopee.co.id/tokder","Tokopedia","https://www.tokopedia.com/tokder","Whatsapp","https://wa.me/6281291099109","UC1wIvd8HotnZe0KENzHj2kQ","Mar 8, 2018","Indonesia","Tokder","2806","27944300","https://www.youtube.com/channel/UC1wIvd8HotnZe0KENzHj2kQ",,"0",,"2024-09-24T05:00:38.000Z",,,,,,,,,,,,,,,,,,,,,,,,,,,,,,,,,,,,,"https://www.youtube.com/@tokder-tv/shorts","vWleYaLXGWE",,"https://www.youtube.com/@tokder-tv/videos","false","false",,"42",,,"98800","68",,"https://tokodeeres.com/","https://i.ytimg.com/vi/vWleYaLXGWE/oar2.jpg?sqp=-oaymwEdCJUDENAFSFWQAgHyq4qpAwwIARUAAIhCcAHAAQY=&rs=AOn4CLB2gU2XG2IVQMNS0Xrbgv4OtNeMng","5 Pupuk Mikro Lengkap Cair, Pelebat Buah dan Peregenerasi Sel Rusak","shorts","https://www.youtube.com/shorts/vWleYaLXGWE","2681"
"https://yt3.googleusercontent.com/t56EZveYFbzejXlNgJL4S__j3F7Ced8Hjfr0cdl-zXZQjuyx-tPvR2p7yqLQqVPrGQlohynp_g=s160-c-k-c0x00ffffff-no-rj","https://yt3.googleusercontent.com/TTymlnY_1y3b-Fhq3uQLigjMub_fc52Sh6_qJ-DLhyKQ1YUrGRFCOv2t4o3JR3Jf6w1VUm3urA=w2560-fcrop64=1,00005a57ffffa5a8-k-c0xffffffff-no-nd-rj","Every day, there are new videos! Let's subscribe!","Website","https://tokodeeres.com/","Shopee","https://shopee.co.id/tokder","Tokopedia","https://www.tokopedia.com/tokder","Whatsapp","https://wa.me/6281291099109","UC1wIvd8HotnZe0KENzHj2kQ","Mar 8, 2018","Indonesia","Tokder","2806","27944300","https://www.youtube.com/channel/UC1wIvd8HotnZe0KENzHj2kQ",,"0",,"2024-09-26T05:00:29.000Z",,,,,,,,,,,,,,,,,,,,,,,,,,,,,,,,,,,,,"https://www.youtube.com/@tokder-tv/shorts","ZRfXhlUPfsE",,"https://www.youtube.com/@tokder-tv/videos","false","false",,"24",,,"98800","64",,"https://tokodeeres.com/","https://i.ytimg.com/vi/ZRfXhlUPfsE/oar2.jpg?sqp=-oaymwEdCJUDENAFSFWQAgHyq4qpAwwIARUAAIhCcAHAAQY=&rs=AOn4CLD8F2cwx8kMETp6xYmTKKaxT9Ov5A","7 Pupuk 20 Ribuan Atasi Kekurangan Kalsium Penyebab Daun Menguning","shorts","https://www.youtube.com/shorts/ZRfXhlUPfsE","1317"
"https://yt3.googleusercontent.com/t56EZveYFbzejXlNgJL4S__j3F7Ced8Hjfr0cdl-zXZQjuyx-tPvR2p7yqLQqVPrGQlohynp_g=s160-c-k-c0x00ffffff-no-rj","https://yt3.googleusercontent.com/TTymlnY_1y3b-Fhq3uQLigjMub_fc52Sh6_qJ-DLhyKQ1YUrGRFCOv2t4o3JR3Jf6w1VUm3urA=w2560-fcrop64=1,00005a57ffffa5a8-k-c0xffffffff-no-nd-rj","Every day, there are new videos! Let's subscribe!","Website","https://tokodeeres.com/","Shopee","https://shopee.co.id/tokder","Tokopedia","https://www.tokopedia.com/tokder","Whatsapp","https://wa.me/6281291099109","UC1wIvd8HotnZe0KENzHj2kQ","Mar 8, 2018","Indonesia","Tokder","2806","27944300","https://www.youtube.com/channel/UC1wIvd8HotnZe0KENzHj2kQ",,"0",,"2024-09-23T14:00:41.000Z",,,,,,,,,,,,,,,,,,,,,,,,,,,,,,,,,,,,,"https://www.youtube.com/@tokder-tv/shorts","htke4jKuAdI",,"https://www.youtube.com/@tokder-tv/videos","false","false",,"36",,,"98800","70",,"https://tokodeeres.com/","https://i.ytimg.com/vi/htke4jKuAdI/oar2.jpg?sqp=-oaymwEdCJUDENAFSFWQAgHyq4qpAwwIARUAAIhCcAHAAQY=&rs=AOn4CLBBnGrMVOufOBcpWUWmWTycZBL-sA","5 Fungisida Musim Kemarau, Penyakit Minggat, Tanaman Subur dan Sehat","shorts","https://www.youtube.com/shorts/htke4jKuAdI","2061"
"https://yt3.googleusercontent.com/t56EZveYFbzejXlNgJL4S__j3F7Ced8Hjfr0cdl-zXZQjuyx-tPvR2p7yqLQqVPrGQlohynp_g=s160-c-k-c0x00ffffff-no-rj","https://yt3.googleusercontent.com/TTymlnY_1y3b-Fhq3uQLigjMub_fc52Sh6_qJ-DLhyKQ1YUrGRFCOv2t4o3JR3Jf6w1VUm3urA=w2560-fcrop64=1,00005a57ffffa5a8-k-c0xffffffff-no-nd-rj","Every day, there are new videos! Let's subscribe!","Website","https://tokodeeres.com/","Shopee","https://shopee.co.id/tokder","Tokopedia","https://www.tokopedia.com/tokder","Whatsapp","https://wa.me/6281291099109","UC1wIvd8HotnZe0KENzHj2kQ","Mar 8, 2018","Indonesia","Tokder","2806","27944300","https://www.youtube.com/channel/UC1wIvd8HotnZe0KENzHj2kQ",,"0",,"2024-09-24T02:00:27.000Z",,,,,,,,,,,,,,,,,,,,,,,,,,,,,,,,,,,,,"https://www.youtube.com/@tokder-tv/shorts","vNesVmXj6So",,"https://www.youtube.com/@tokder-tv/videos","false","false",,"21",,,"98800","69",,"https://tokodeeres.com/","https://i.ytimg.com/vi/vNesVmXj6So/oar2.jpg?sqp=-oaymwEdCJUDENAFSFWQAgHyq4qpAwwIARUAAIhCcAHAAQY=&rs=AOn4CLAx0DrwUMymBdtrY1rVpV508fklFg","5 Obat Abamektin Hitam Terbaik, Harga 40 - 100 Ribuan","shorts","https://www.youtube.com/shorts/vNesVmXj6So","1170"
"https://yt3.googleusercontent.com/t56EZveYFbzejXlNgJL4S__j3F7Ced8Hjfr0cdl-zXZQjuyx-tPvR2p7yqLQqVPrGQlohynp_g=s160-c-k-c0x00ffffff-no-rj","https://yt3.googleusercontent.com/TTymlnY_1y3b-Fhq3uQLigjMub_fc52Sh6_qJ-DLhyKQ1YUrGRFCOv2t4o3JR3Jf6w1VUm3urA=w2560-fcrop64=1,00005a57ffffa5a8-k-c0xffffffff-no-nd-rj","Every day, there are new videos! Let's subscribe!","Website","https://tokodeeres.com/","Shopee","https://shopee.co.id/tokder","Tokopedia","https://www.tokopedia.com/tokder","Whatsapp","https://wa.me/6281291099109","UC1wIvd8HotnZe0KENzHj2kQ","Mar 8, 2018","Indonesia","Tokder","2806","27944300","https://www.youtube.com/channel/UC1wIvd8HotnZe0KENzHj2kQ",,"0",,"2024-09-23T08:00:01.000Z",,,,,,,,,,,,,,,,,,,,,,,,,,,,,,,,,,,,,"https://www.youtube.com/@tokder-tv/shorts","1lnoq0VVWpU",,"https://www.youtube.com/@tokder-tv/videos","false","false",,"31",,,"98800","72",,"https://tokodeeres.com/","https://i.ytimg.com/vi/1lnoq0VVWpU/oar2.jpg?sqp=-oaymwEdCJUDENAFSFWQAgHyq4qpAwwIARUAAIhCcAHAAQY=&rs=AOn4CLDaiSC73ZOt2QWumLPw9yaOYwAMZQ","5 Asam Amino + Pupuk Mikro Satu Produk, Lebih Cepat Pulihkan Tanaman dari Penyakit dan Stres","shorts","https://www.youtube.com/shorts/1lnoq0VVWpU","1435"
"https://yt3.googleusercontent.com/t56EZveYFbzejXlNgJL4S__j3F7Ced8Hjfr0cdl-zXZQjuyx-tPvR2p7yqLQqVPrGQlohynp_g=s160-c-k-c0x00ffffff-no-rj","https://yt3.googleusercontent.com/TTymlnY_1y3b-Fhq3uQLigjMub_fc52Sh6_qJ-DLhyKQ1YUrGRFCOv2t4o3JR3Jf6w1VUm3urA=w2560-fcrop64=1,00005a57ffffa5a8-k-c0xffffffff-no-nd-rj","Every day, there are new videos! Let's subscribe!","Website","https://tokodeeres.com/","Shopee","https://shopee.co.id/tokder","Tokopedia","https://www.tokopedia.com/tokder","Whatsapp","https://wa.me/6281291099109","UC1wIvd8HotnZe0KENzHj2kQ","Mar 8, 2018","Indonesia","Tokder","2806","27944300","https://www.youtube.com/channel/UC1wIvd8HotnZe0KENzHj2kQ",,"0",,"2024-09-24T08:00:05.000Z",,,,,,,,,,,,,,,,,,,,,,,,,,,,,,,,,,,,,"https://www.youtube.com/@tokder-tv/shorts","AUtg50VD_U4",,"https://www.youtube.com/@tokder-tv/videos","false","false",,"23",,,"98800","67",,"https://tokodeeres.com/","https://i.ytimg.com/vi/AUtg50VD_U4/oar2.jpg?sqp=-oaymwEdCJUDENAFSFWQAgHyq4qpAwwIARUAAIhCcAHAAQY=&rs=AOn4CLBv9R2kTv22Vwvc282C8X6ahsvZmA","6 Fungisida Atasi Bercak Daun Cabe Ori 212 Aman Masa Pertumbuhan","shorts","https://www.youtube.com/shorts/AUtg50VD_U4","1760"
"https://yt3.googleusercontent.com/t56EZveYFbzejXlNgJL4S__j3F7Ced8Hjfr0cdl-zXZQjuyx-tPvR2p7yqLQqVPrGQlohynp_g=s160-c-k-c0x00ffffff-no-rj","https://yt3.googleusercontent.com/TTymlnY_1y3b-Fhq3uQLigjMub_fc52Sh6_qJ-DLhyKQ1YUrGRFCOv2t4o3JR3Jf6w1VUm3urA=w2560-fcrop64=1,00005a57ffffa5a8-k-c0xffffffff-no-nd-rj","Every day, there are new videos! Let's subscribe!","Website","https://tokodeeres.com/","Shopee","https://shopee.co.id/tokder","Tokopedia","https://www.tokopedia.com/tokder","Whatsapp","https://wa.me/6281291099109","UC1wIvd8HotnZe0KENzHj2kQ","Mar 8, 2018","Indonesia","Tokder","2806","27944300","https://www.youtube.com/channel/UC1wIvd8HotnZe0KENzHj2kQ",,"0",,"2024-09-24T14:00:17.000Z",,,,,,,,,,,,,,,,,,,,,,,,,,,,,,,,,,,,,"https://www.youtube.com/@tokder-tv/shorts","KzgNQS0Z1fk",,"https://www.youtube.com/@tokder-tv/videos","false","false",,"22",,,"98800","65",,"https://tokodeeres.com/","https://i.ytimg.com/vi/KzgNQS0Z1fk/oar2.jpg?sqp=-oaymwEdCJUDENAFSFWQAgHyq4qpAwwIARUAAIhCcAHAAQY=&rs=AOn4CLAtf1CxLal1mFUhRgHC8zFI3dWg8g","6 Fungisida Sistemik dan Kontak, dengan Simoksanil Ampuh Kendalikan Jamur Phytophthora","shorts","https://www.youtube.com/shorts/KzgNQS0Z1fk","1322"
"https://yt3.googleusercontent.com/t56EZveYFbzejXlNgJL4S__j3F7Ced8Hjfr0cdl-zXZQjuyx-tPvR2p7yqLQqVPrGQlohynp_g=s160-c-k-c0x00ffffff-no-rj","https://yt3.googleusercontent.com/TTymlnY_1y3b-Fhq3uQLigjMub_fc52Sh6_qJ-DLhyKQ1YUrGRFCOv2t4o3JR3Jf6w1VUm3urA=w2560-fcrop64=1,00005a57ffffa5a8-k-c0xffffffff-no-nd-rj","Every day, there are new videos! Let's subscribe!","Website","https://tokodeeres.com/","Shopee","https://shopee.co.id/tokder","Tokopedia","https://www.tokopedia.com/tokder","Whatsapp","https://wa.me/6281291099109","UC1wIvd8HotnZe0KENzHj2kQ","Mar 8, 2018","Indonesia","Tokder","2806","27944300","https://www.youtube.com/channel/UC1wIvd8HotnZe0KENzHj2kQ",,"0",,"2024-09-26T08:00:40.000Z",,,,,,,,,,,,,,,,,,,,,,,,,,,,,,,,,,,,,"https://www.youtube.com/@tokder-tv/shorts","x4dbfwxlPbA",,"https://www.youtube.com/@tokder-tv/videos","false","false",,"76",,,"98800","63",,"https://tokodeeres.com/","https://i.ytimg.com/vi/x4dbfwxlPbA/oar2.jpg?sqp=-oaymwEdCJUDENAFSFWQAgHyq4qpAwwIARUAAIhCcAHAAQY=&rs=AOn4CLC8ObV3prPlDgUxYiNVuiEQQHF4zg","Campuran Pupuk Kalsium Humat! Tanaman Subur, Bebas Rontok dan Penyakit Layu Sekaligus","shorts","https://www.youtube.com/shorts/x4dbfwxlPbA","4055"
"https://yt3.googleusercontent.com/t56EZveYFbzejXlNgJL4S__j3F7Ced8Hjfr0cdl-zXZQjuyx-tPvR2p7yqLQqVPrGQlohynp_g=s160-c-k-c0x00ffffff-no-rj","https://yt3.googleusercontent.com/TTymlnY_1y3b-Fhq3uQLigjMub_fc52Sh6_qJ-DLhyKQ1YUrGRFCOv2t4o3JR3Jf6w1VUm3urA=w2560-fcrop64=1,00005a57ffffa5a8-k-c0xffffffff-no-nd-rj","Every day, there are new videos! Let's subscribe!","Website","https://tokodeeres.com/","Shopee","https://shopee.co.id/tokder","Tokopedia","https://www.tokopedia.com/tokder","Whatsapp","https://wa.me/6281291099109","UC1wIvd8HotnZe0KENzHj2kQ","Mar 8, 2018","Indonesia","Tokder","2806","27944300","https://www.youtube.com/channel/UC1wIvd8HotnZe0KENzHj2kQ",,"0",,"2024-09-26T00:00:00.000Z",,,,,,,,,,,,,,,,,,,,,,,,,,,,,,,,,,,,,"https://www.youtube.com/@tokder-tv/shorts","b8QuVVAScqA",,"https://www.youtube.com/@tokder-tv/videos","false","false",,"70",,,"98800","62",,"https://tokodeeres.com/","https://i.ytimg.com/vi/b8QuVVAScqA/oar2.jpg?sqp=-oaymwEdCJUDENAFSFWQAgHyq4qpAwwIARUAAIhCcAHAAQY=&rs=AOn4CLDRu4IYHnynJm7cmUgMlojWSttQ6g","Racikan Insektisida Kendalikan Kutu Kebul yang Sudah Parah dan Resisten","shorts","https://www.youtube.com/shorts/b8QuVVAScqA","3866"
"https://yt3.googleusercontent.com/t56EZveYFbzejXlNgJL4S__j3F7Ced8Hjfr0cdl-zXZQjuyx-tPvR2p7yqLQqVPrGQlohynp_g=s160-c-k-c0x00ffffff-no-rj","https://yt3.googleusercontent.com/TTymlnY_1y3b-Fhq3uQLigjMub_fc52Sh6_qJ-DLhyKQ1YUrGRFCOv2t4o3JR3Jf6w1VUm3urA=w2560-fcrop64=1,00005a57ffffa5a8-k-c0xffffffff-no-nd-rj","Every day, there are new videos! Let's subscribe!","Website","https://tokodeeres.com/","Shopee","https://shopee.co.id/tokder","Tokopedia","https://www.tokopedia.com/tokder","Whatsapp","https://wa.me/6281291099109","UC1wIvd8HotnZe0KENzHj2kQ","Mar 8, 2018","Indonesia","Tokder","2806","27944300","https://www.youtube.com/channel/UC1wIvd8HotnZe0KENzHj2kQ",,"0",,"2024-09-26T14:00:55.000Z",,,,,,,,,,,,,,,,,,,,,,,,,,,,,,,,,,,,,"https://www.youtube.com/@tokder-tv/shorts","xHk9TTxvjH8",,"https://www.youtube.com/@tokder-tv/videos","false","false",,"82",,,"98800","60",,"https://tokodeeres.com/","https://i.ytimg.com/vi/xHk9TTxvjH8/oar2.jpg?sqp=-oaymwEdCJUDENAFSFWQAgHyq4qpAwwIARUAAIhCcAHAAQY=&rs=AOn4CLACWTTxpbwNOMWNsIjVzmYqBsXTWg","Racikan Fungisida Paling Kuat, Atasi Patek:Antraknosa Sampai Tuntas dan Cegah Layu Bakteri","shorts","https://www.youtube.com/shorts/xHk9TTxvjH8","5129"
"https://yt3.googleusercontent.com/t56EZveYFbzejXlNgJL4S__j3F7Ced8Hjfr0cdl-zXZQjuyx-tPvR2p7yqLQqVPrGQlohynp_g=s160-c-k-c0x00ffffff-no-rj","https://yt3.googleusercontent.com/TTymlnY_1y3b-Fhq3uQLigjMub_fc52Sh6_qJ-DLhyKQ1YUrGRFCOv2t4o3JR3Jf6w1VUm3urA=w2560-fcrop64=1,00005a57ffffa5a8-k-c0xffffffff-no-nd-rj","Every day, there are new videos! Let's subscribe!","Website","https://tokodeeres.com/","Shopee","https://shopee.co.id/tokder","Tokopedia","https://www.tokopedia.com/tokder","Whatsapp","https://wa.me/6281291099109","UC1wIvd8HotnZe0KENzHj2kQ","Mar 8, 2018","Indonesia","Tokder","2806","27944300","https://www.youtube.com/channel/UC1wIvd8HotnZe0KENzHj2kQ",,"0",,"2024-09-26T00:00:00.000Z",,,,,,,,,,,,,,,,,,,,,,,,,,,,,,,,,,,,,"https://www.youtube.com/@tokder-tv/shorts","6ziNhH0VBMw",,"https://www.youtube.com/@tokder-tv/videos","false","false",,"11",,,"98800","58",,"https://tokodeeres.com/","https://i.ytimg.com/vi/6ziNhH0VBMw/oar2.jpg?sqp=-oaymwEdCJUDENAFSFWQAgHyq4qpAwwIARUAAIhCcAHAAQY=&rs=AOn4CLBajx0E-Refl-ZrGUerhUTEkhC0cQ","4 Perangkap Lalat Buah Aroma Kuat, Murah Tapi Efektif","shorts","https://www.youtube.com/shorts/6ziNhH0VBMw","709"
"https://yt3.googleusercontent.com/t56EZveYFbzejXlNgJL4S__j3F7Ced8Hjfr0cdl-zXZQjuyx-tPvR2p7yqLQqVPrGQlohynp_g=s160-c-k-c0x00ffffff-no-rj","https://yt3.googleusercontent.com/TTymlnY_1y3b-Fhq3uQLigjMub_fc52Sh6_qJ-DLhyKQ1YUrGRFCOv2t4o3JR3Jf6w1VUm3urA=w2560-fcrop64=1,00005a57ffffa5a8-k-c0xffffffff-no-nd-rj","Every day, there are new videos! Let's subscribe!","Website","https://tokodeeres.com/","Shopee","https://shopee.co.id/tokder","Tokopedia","https://www.tokopedia.com/tokder","Whatsapp","https://wa.me/6281291099109","UC1wIvd8HotnZe0KENzHj2kQ","Mar 8, 2018","Indonesia","Tokder","2806","27944300","https://www.youtube.com/channel/UC1wIvd8HotnZe0KENzHj2kQ",,"2",,"2024-09-27T08:00:19.000Z",,,,,,,,,,,,,,,,,,,,,,,,,,,,,,,,,,,,,"https://www.youtube.com/@tokder-tv/shorts","UIexdP5QghY",,"https://www.youtube.com/@tokder-tv/videos","false","false",,"61",,,"98800","57",,"https://tokodeeres.com/","https://i.ytimg.com/vi/UIexdP5QghY/oar2.jpg?sqp=-oaymwEdCJUDENAFSFWQAgHyq4qpAwwIARUAAIhCcAHAAQY=&rs=AOn4CLCGgA59ASrXmnMNlQsc1afXIwvdeA","7 Pupuk Daun Musim Hujan Ekstrem, Buah Lebat Kebal Jamur","shorts","https://www.youtube.com/shorts/UIexdP5QghY","3752"
"https://yt3.googleusercontent.com/t56EZveYFbzejXlNgJL4S__j3F7Ced8Hjfr0cdl-zXZQjuyx-tPvR2p7yqLQqVPrGQlohynp_g=s160-c-k-c0x00ffffff-no-rj","https://yt3.googleusercontent.com/TTymlnY_1y3b-Fhq3uQLigjMub_fc52Sh6_qJ-DLhyKQ1YUrGRFCOv2t4o3JR3Jf6w1VUm3urA=w2560-fcrop64=1,00005a57ffffa5a8-k-c0xffffffff-no-nd-rj","Every day, there are new videos! Let's subscribe!","Website","https://tokodeeres.com/","Shopee","https://shopee.co.id/tokder","Tokopedia","https://www.tokopedia.com/tokder","Whatsapp","https://wa.me/6281291099109","UC1wIvd8HotnZe0KENzHj2kQ","Mar 8, 2018","Indonesia","Tokder","2806","27944300","https://www.youtube.com/channel/UC1wIvd8HotnZe0KENzHj2kQ",,"0",,"2024-09-26T11:00:13.000Z",,,,,,,,,,,,,,,,,,,,,,,,,,,,,,,,,,,,,"https://www.youtube.com/@tokder-tv/shorts","FXsMLiwtnog",,"https://www.youtube.com/@tokder-tv/videos","false","false",,"51",,,"98800","61",,"https://tokodeeres.com/","https://i.ytimg.com/vi/FXsMLiwtnog/oar2.jpg?sqp=-oaymwEdCJUDENAFSFWQAgHyq4qpAwwIARUAAIhCcAHAAQY=&rs=AOn4CLAxsVK5WqZxBBjqPR5qmZm0yixNlQ","Pupuk Magnesium Sulfat Fase Vegetatif, Campurannya di Musim Kemarau","shorts","https://www.youtube.com/shorts/FXsMLiwtnog","5324"
"https://yt3.googleusercontent.com/t56EZveYFbzejXlNgJL4S__j3F7Ced8Hjfr0cdl-zXZQjuyx-tPvR2p7yqLQqVPrGQlohynp_g=s160-c-k-c0x00ffffff-no-rj","https://yt3.googleusercontent.com/TTymlnY_1y3b-Fhq3uQLigjMub_fc52Sh6_qJ-DLhyKQ1YUrGRFCOv2t4o3JR3Jf6w1VUm3urA=w2560-fcrop64=1,00005a57ffffa5a8-k-c0xffffffff-no-nd-rj","Every day, there are new videos! Let's subscribe!","Website","https://tokodeeres.com/","Shopee","https://shopee.co.id/tokder","Tokopedia","https://www.tokopedia.com/tokder","Whatsapp","https://wa.me/6281291099109","UC1wIvd8HotnZe0KENzHj2kQ","Mar 8, 2018","Indonesia","Tokder","2806","27944300","https://www.youtube.com/channel/UC1wIvd8HotnZe0KENzHj2kQ",,"1",,"2024-09-27T02:00:08.000Z",,,,,,,,,,,,,,,,,,,,,,,,,,,,,,,,,,,,,"https://www.youtube.com/@tokder-tv/shorts","H1zCGGAeV9E",,"https://www.youtube.com/@tokder-tv/videos","false","false",,"114",,,"98800","59",,"https://tokodeeres.com/","https://i.ytimg.com/vi/H1zCGGAeV9E/oar2.jpg?sqp=-oaymwEdCJUDENAFSFWQAgHyq4qpAwwIARUAAIhCcAHAAQY=&rs=AOn4CLBM8krKXzPlzuNadnyNOK_8b0shGQ","Ramuan Khusus Musim Kemarau Super Panas! Kocor Bahan Ini Cabe Semakin Subur dan Hijau","shorts","https://www.youtube.com/shorts/H1zCGGAeV9E","5114"
"https://yt3.googleusercontent.com/t56EZveYFbzejXlNgJL4S__j3F7Ced8Hjfr0cdl-zXZQjuyx-tPvR2p7yqLQqVPrGQlohynp_g=s160-c-k-c0x00ffffff-no-rj","https://yt3.googleusercontent.com/TTymlnY_1y3b-Fhq3uQLigjMub_fc52Sh6_qJ-DLhyKQ1YUrGRFCOv2t4o3JR3Jf6w1VUm3urA=w2560-fcrop64=1,00005a57ffffa5a8-k-c0xffffffff-no-nd-rj","Every day, there are new videos! Let's subscribe!","Website","https://tokodeeres.com/","Shopee","https://shopee.co.id/tokder","Tokopedia","https://www.tokopedia.com/tokder","Whatsapp","https://wa.me/6281291099109","UC1wIvd8HotnZe0KENzHj2kQ","Mar 8, 2018","Indonesia","Tokder","2806","27944300","https://www.youtube.com/channel/UC1wIvd8HotnZe0KENzHj2kQ",,"1",,"2024-09-27T11:01:08.000Z",,,,,,,,,,,,,,,,,,,,,,,,,,,,,,,,,,,,,"https://www.youtube.com/@tokder-tv/shorts","xr8FDC4cIgo",,"https://www.youtube.com/@tokder-tv/videos","false","false",,"31",,,"98800","56",,"https://tokodeeres.com/","https://i.ytimg.com/vi/xr8FDC4cIgo/oar2.jpg?sqp=-oaymwEdCJUDENAFSFWQAgHyq4qpAwwIARUAAIhCcAHAAQY=&rs=AOn4CLCRcfotsUWz1fJKTEUuWbTFvbHj0w","8 Insektisida Kandungan Abamektin Tertinggi, Harga Mulai 35   275 Ribu!","shorts","https://www.youtube.com/shorts/xr8FDC4cIgo","1790"
"https://yt3.googleusercontent.com/t56EZveYFbzejXlNgJL4S__j3F7Ced8Hjfr0cdl-zXZQjuyx-tPvR2p7yqLQqVPrGQlohynp_g=s160-c-k-c0x00ffffff-no-rj","https://yt3.googleusercontent.com/TTymlnY_1y3b-Fhq3uQLigjMub_fc52Sh6_qJ-DLhyKQ1YUrGRFCOv2t4o3JR3Jf6w1VUm3urA=w2560-fcrop64=1,00005a57ffffa5a8-k-c0xffffffff-no-nd-rj","Every day, there are new videos! Let's subscribe!","Website","https://tokodeeres.com/","Shopee","https://shopee.co.id/tokder","Tokopedia","https://www.tokopedia.com/tokder","Whatsapp","https://wa.me/6281291099109","UC1wIvd8HotnZe0KENzHj2kQ","Mar 8, 2018","Indonesia","Tokder","2806","27944300","https://www.youtube.com/channel/UC1wIvd8HotnZe0KENzHj2kQ",,"0",,"2024-09-27T00:00:00.000Z",,,,,,,,,,,,,,,,,,,,,,,,,,,,,,,,,,,,,"https://www.youtube.com/@tokder-tv/shorts","kiUKxBUmmHg",,"https://www.youtube.com/@tokder-tv/videos","false","false",,"28",,,"98800","54",,"https://tokodeeres.com/","https://i.ytimg.com/vi/kiUKxBUmmHg/oar2.jpg?sqp=-oaymwEdCJUDENAFSFWQAgHyq4qpAwwIARUAAIhCcAHAAQY=&rs=AOn4CLAu1hBIyWiuatfmk4xUGWnFl1bdoA","6 Pupuk Zinc Sulfat, Atasi Kerontokan Bunga Buah","shorts","https://www.youtube.com/shorts/kiUKxBUmmHg","947"
"https://yt3.googleusercontent.com/t56EZveYFbzejXlNgJL4S__j3F7Ced8Hjfr0cdl-zXZQjuyx-tPvR2p7yqLQqVPrGQlohynp_g=s160-c-k-c0x00ffffff-no-rj","https://yt3.googleusercontent.com/TTymlnY_1y3b-Fhq3uQLigjMub_fc52Sh6_qJ-DLhyKQ1YUrGRFCOv2t4o3JR3Jf6w1VUm3urA=w2560-fcrop64=1,00005a57ffffa5a8-k-c0xffffffff-no-nd-rj","Every day, there are new videos! Let's subscribe!","Website","https://tokodeeres.com/","Shopee","https://shopee.co.id/tokder","Tokopedia","https://www.tokopedia.com/tokder","Whatsapp","https://wa.me/6281291099109","UC1wIvd8HotnZe0KENzHj2kQ","Mar 8, 2018","Indonesia","Tokder","2806","27944300","https://www.youtube.com/channel/UC1wIvd8HotnZe0KENzHj2kQ",,"0",,"2024-09-28T11:00:07.000Z",,,,,,,,,,,,,,,,,,,,,,,,,,,,,,,,,,,,,"https://www.youtube.com/@tokder-tv/shorts","5l5-QoxcLVE",,"https://www.youtube.com/@tokder-tv/videos","false","false",,"18",,,"98800","51",,"https://tokodeeres.com/","https://i.ytimg.com/vi/5l5-QoxcLVE/oar2.jpg?sqp=-oaymwEdCJUDENAFSFWQAgHyq4qpAwwIARUAAIhCcAHAAQY=&rs=AOn4CLCvCsQ-lEED7lN-HWuH7gJJKiyROQ","10 Fungisida Kendalikan Jamur, Sekaligus Memperteb","shorts","https://www.youtube.com/shorts/5l5-QoxcLVE","599"
"https://yt3.googleusercontent.com/t56EZveYFbzejXlNgJL4S__j3F7Ced8Hjfr0cdl-zXZQjuyx-tPvR2p7yqLQqVPrGQlohynp_g=s160-c-k-c0x00ffffff-no-rj","https://yt3.googleusercontent.com/TTymlnY_1y3b-Fhq3uQLigjMub_fc52Sh6_qJ-DLhyKQ1YUrGRFCOv2t4o3JR3Jf6w1VUm3urA=w2560-fcrop64=1,00005a57ffffa5a8-k-c0xffffffff-no-nd-rj","Every day, there are new videos! Let's subscribe!","Website","https://tokodeeres.com/","Shopee","https://shopee.co.id/tokder","Tokopedia","https://www.tokopedia.com/tokder","Whatsapp","https://wa.me/6281291099109","UC1wIvd8HotnZe0KENzHj2kQ","Mar 8, 2018","Indonesia","Tokder","2806","27944300","https://www.youtube.com/channel/UC1wIvd8HotnZe0KENzHj2kQ",,"0",,"2024-09-28T08:00:35.000Z",,,,,,,,,,,,,,,,,,,,,,,,,,,,,,,,,,,,,"https://www.youtube.com/@tokder-tv/shorts","n_uHyGHTElA",,"https://www.youtube.com/@tokder-tv/videos","false","false",,"33",,,"98800","52",,"https://tokodeeres.com/","https://i.ytimg.com/vi/n_uHyGHTElA/oar2.jpg?sqp=-oaymwEdCJUDENAFSFWQAgHyq4qpAwwIARUAAIhCcAHAAQY=&rs=AOn4CLDIw0kMXRHJi_HJa7fRaVDyTXMc4Q","7 Insektisida Murah Bahan Aktif Ganda, Ampuh Basmi","shorts","https://www.youtube.com/shorts/n_uHyGHTElA","1592"
"https://yt3.googleusercontent.com/t56EZveYFbzejXlNgJL4S__j3F7Ced8Hjfr0cdl-zXZQjuyx-tPvR2p7yqLQqVPrGQlohynp_g=s160-c-k-c0x00ffffff-no-rj","https://yt3.googleusercontent.com/TTymlnY_1y3b-Fhq3uQLigjMub_fc52Sh6_qJ-DLhyKQ1YUrGRFCOv2t4o3JR3Jf6w1VUm3urA=w2560-fcrop64=1,00005a57ffffa5a8-k-c0xffffffff-no-nd-rj","Every day, there are new videos! Let's subscribe!","Website","https://tokodeeres.com/","Shopee","https://shopee.co.id/tokder","Tokopedia","https://www.tokopedia.com/tokder","Whatsapp","https://wa.me/6281291099109","UC1wIvd8HotnZe0KENzHj2kQ","Mar 8, 2018","Indonesia","Tokder","2806","27944300","https://www.youtube.com/channel/UC1wIvd8HotnZe0KENzHj2kQ",,"0",,"2024-09-29T07:00:12.000Z",,,,,,,,,,,,,,,,,,,,,,,,,,,,,,,,,,,,,"https://www.youtube.com/@tokder-tv/shorts","Oh3gMyq9OXg",,"https://www.youtube.com/@tokder-tv/videos","false","false",,"21",,,"98800","49",,"https://tokodeeres.com/","https://i.ytimg.com/vi/Oh3gMyq9OXg/oar2.jpg?sqp=-oaymwEdCJUDENAFSFWQAgHyq4qpAwwIARUAAIhCcAHAAQY=&rs=AOn4CLBeGkRGIgUrI1knVnMzgFdvzNGSDA","Rekomendasi Insektisida Translaminar Bahan Aktif A","shorts","https://www.youtube.com/shorts/Oh3gMyq9OXg","1162"
"https://yt3.googleusercontent.com/t56EZveYFbzejXlNgJL4S__j3F7Ced8Hjfr0cdl-zXZQjuyx-tPvR2p7yqLQqVPrGQlohynp_g=s160-c-k-c0x00ffffff-no-rj","https://yt3.googleusercontent.com/TTymlnY_1y3b-Fhq3uQLigjMub_fc52Sh6_qJ-DLhyKQ1YUrGRFCOv2t4o3JR3Jf6w1VUm3urA=w2560-fcrop64=1,00005a57ffffa5a8-k-c0xffffffff-no-nd-rj","Every day, there are new videos! Let's subscribe!","Website","https://tokodeeres.com/","Shopee","https://shopee.co.id/tokder","Tokopedia","https://www.tokopedia.com/tokder","Whatsapp","https://wa.me/6281291099109","UC1wIvd8HotnZe0KENzHj2kQ","Mar 8, 2018","Indonesia","Tokder","2806","27944300","https://www.youtube.com/channel/UC1wIvd8HotnZe0KENzHj2kQ",,"0",,"2024-09-28T05:00:06.000Z",,,,,,,,,,,,,,,,,,,,,,,,,,,,,,,,,,,,,"https://www.youtube.com/@tokder-tv/shorts","9-v00N-8lJ4",,"https://www.youtube.com/@tokder-tv/videos","false","false",,"24",,,"98800","53",,"https://tokodeeres.com/","https://i.ytimg.com/vi/9-v00N-8lJ4/oar2.jpg?sqp=-oaymwEdCJUDENAFSFWQAgHyq4qpAwwIARUAAIhCcAHAAQY=&rs=AOn4CLDOf-heeZtO6-IRXBxlgK2evXOj1A","8 Fungisida Bahan Aktif Belerang:Sulfur, Atasi Jamur, Tungau dan Tanaman Ternutrisi","shorts","https://www.youtube.com/shorts/9-v00N-8lJ4","1177"
"https://yt3.googleusercontent.com/t56EZveYFbzejXlNgJL4S__j3F7Ced8Hjfr0cdl-zXZQjuyx-tPvR2p7yqLQqVPrGQlohynp_g=s160-c-k-c0x00ffffff-no-rj","https://yt3.googleusercontent.com/TTymlnY_1y3b-Fhq3uQLigjMub_fc52Sh6_qJ-DLhyKQ1YUrGRFCOv2t4o3JR3Jf6w1VUm3urA=w2560-fcrop64=1,00005a57ffffa5a8-k-c0xffffffff-no-nd-rj","Every day, there are new videos! Let's subscribe!","Website","https://tokodeeres.com/","Shopee","https://shopee.co.id/tokder","Tokopedia","https://www.tokopedia.com/tokder","Whatsapp","https://wa.me/6281291099109","UC1wIvd8HotnZe0KENzHj2kQ","Mar 8, 2018","Indonesia","Tokder","2806","27944300","https://www.youtube.com/channel/UC1wIvd8HotnZe0KENzHj2kQ",,"0",,"2024-09-27T14:00:00.000Z",,,,,,,,,,,,,,,,,,,,,,,,,,,,,,,,,,,,,"https://www.youtube.com/@tokder-tv/shorts","-8ZwRI-Q_QU",,"https://www.youtube.com/@tokder-tv/videos","false","false",,"211",,,"98800","55",,"https://tokodeeres.com/","https://i.ytimg.com/vi/-8ZwRI-Q_QU/oar2.jpg?sqp=-oaymwEdCJUDENAFSFWQAgHyq4qpAwwIARUAAIhCcAHAAQY=&rs=AOn4CLCZLxLTEX6qB3Vpi3XGq9Vlyay4pw","Racikan Pupuk Kocor Perpanjang Masa Petik Buah Cabe, Panen Berkali Kali, Untung Berlipat Ganda!","shorts","https://www.youtube.com/shorts/-8ZwRI-Q_QU","10410"
"https://yt3.googleusercontent.com/t56EZveYFbzejXlNgJL4S__j3F7Ced8Hjfr0cdl-zXZQjuyx-tPvR2p7yqLQqVPrGQlohynp_g=s160-c-k-c0x00ffffff-no-rj","https://yt3.googleusercontent.com/TTymlnY_1y3b-Fhq3uQLigjMub_fc52Sh6_qJ-DLhyKQ1YUrGRFCOv2t4o3JR3Jf6w1VUm3urA=w2560-fcrop64=1,00005a57ffffa5a8-k-c0xffffffff-no-nd-rj","Every day, there are new videos! Let's subscribe!","Website","https://tokodeeres.com/","Shopee","https://shopee.co.id/tokder","Tokopedia","https://www.tokopedia.com/tokder","Whatsapp","https://wa.me/6281291099109","UC1wIvd8HotnZe0KENzHj2kQ","Mar 8, 2018","Indonesia","Tokder","2806","27944300","https://www.youtube.com/channel/UC1wIvd8HotnZe0KENzHj2kQ",,"0",,"2024-09-29T00:00:00.000Z",,,,,,,,,,,,,,,,,,,,,,,,,,,,,,,,,,,,,"https://www.youtube.com/@tokder-tv/shorts","8gIIRjAy7ak",,"https://www.youtube.com/@tokder-tv/videos","false","false",,"64",,,"98800","48",,"https://tokodeeres.com/","https://i.ytimg.com/vi/8gIIRjAy7ak/oar2.jpg?sqp=-oaymwEdCJUDENAFSFWQAgHyq4qpAwwIARUAAIhCcAHAAQY=&rs=AOn4CLB9E0Qq_3jR_a_-_dzRKl4DjppDpA","2 Pupuk Paling Tepat Musim Kemarau Ekstrim! Pupuk Paling Tinggi Phospat","shorts","https://www.youtube.com/shorts/8gIIRjAy7ak","5288"
"https://yt3.googleusercontent.com/t56EZveYFbzejXlNgJL4S__j3F7Ced8Hjfr0cdl-zXZQjuyx-tPvR2p7yqLQqVPrGQlohynp_g=s160-c-k-c0x00ffffff-no-rj","https://yt3.googleusercontent.com/TTymlnY_1y3b-Fhq3uQLigjMub_fc52Sh6_qJ-DLhyKQ1YUrGRFCOv2t4o3JR3Jf6w1VUm3urA=w2560-fcrop64=1,00005a57ffffa5a8-k-c0xffffffff-no-nd-rj","Every day, there are new videos! Let's subscribe!","Website","https://tokodeeres.com/","Shopee","https://shopee.co.id/tokder","Tokopedia","https://www.tokopedia.com/tokder","Whatsapp","https://wa.me/6281291099109","UC1wIvd8HotnZe0KENzHj2kQ","Mar 8, 2018","Indonesia","Tokder","2806","27944300","https://www.youtube.com/channel/UC1wIvd8HotnZe0KENzHj2kQ",,"1",,"2024-09-18T14:00:52.000Z",,,,,,,,,,,,,,,,,,,,,,,,,,,,,,,,,,,,,"https://www.youtube.com/@tokder-tv/shorts","v0gKhuwDgdU",,"https://www.youtube.com/@tokder-tv/videos","false","false",,"58",,,"98800","94",,"https://tokodeeres.com/","https://i.ytimg.com/vi/v0gKhuwDgdU/oar2.jpg?sqp=-oaymwEdCJUDENAFSFWQAgHyq4qpAwwIARUAAIhCcAHAAQY=&rs=AOn4CLBq-TQ3RbMq24yr1mlxVp5YtghxBw","Pemilihan Benih Yang Tahan Penyakit Untuk Hasil Maksimal","shorts","https://www.youtube.com/shorts/v0gKhuwDgdU","3941"
"https://yt3.googleusercontent.com/t56EZveYFbzejXlNgJL4S__j3F7Ced8Hjfr0cdl-zXZQjuyx-tPvR2p7yqLQqVPrGQlohynp_g=s160-c-k-c0x00ffffff-no-rj","https://yt3.googleusercontent.com/TTymlnY_1y3b-Fhq3uQLigjMub_fc52Sh6_qJ-DLhyKQ1YUrGRFCOv2t4o3JR3Jf6w1VUm3urA=w2560-fcrop64=1,00005a57ffffa5a8-k-c0xffffffff-no-nd-rj","Every day, there are new videos! Let's subscribe!","Website","https://tokodeeres.com/","Shopee","https://shopee.co.id/tokder","Tokopedia","https://www.tokopedia.com/tokder","Whatsapp","https://wa.me/6281291099109","UC1wIvd8HotnZe0KENzHj2kQ","Mar 8, 2018","Indonesia","Tokder","2806","27944300","https://www.youtube.com/channel/UC1wIvd8HotnZe0KENzHj2kQ",,"1",,"2024-09-28T14:00:39.000Z",,,,,,,,,,,,,,,,,,,,,,,,,,,,,,,,,,,,,"https://www.youtube.com/@tokder-tv/shorts","dbUlo_AWYVA",,"https://www.youtube.com/@tokder-tv/videos","false","false",,"26",,,"98800","50",,"https://tokodeeres.com/","https://i.ytimg.com/vi/dbUlo_AWYVA/oar2.jpg?sqp=-oaymwEdCJUDENAFSFWQAgHyq4qpAwwIARUAAIhCcAHAAQY=&rs=AOn4CLAGyFaSG_bgvT6csFoFLXUr9Q_KAg","10 Insektisida Berbahan Aktif Ganda, 30   200 Ribu","shorts","https://www.youtube.com/shorts/dbUlo_AWYVA","1256"
