﻿"commentUrl","date","facebookId","facebookUrl","feedbackId","id","inputUrl","likesCount","pageAdLibrary/id","pageAdLibrary/is_business_page_active","postTitle","profileId","profileName","profilePicture","profileUrl","text"
"https://www.facebook.com/100004825651478/posts/2725624844275011?comment_id=1084797596477587","2024-09-18T22:16:22.000Z","2725624844275011","https://www.facebook.com/100004825651478/posts/2725624844275011","ZmVlZGJhY2s6MjcyNTYyNDg0NDI3NTAxMV8xMDg0Nzk3NTk2NDc3NTg3","Y29tbWVudDoyNzI1NjI0ODQ0Mjc1MDExXzEwODQ3OTc1OTY0Nzc1ODc=","https://www.facebook.com/100004825651478/posts/2725624844275011","0","214897285046227","false","BUDIDAYA CMB MEGATOP F1, CARA JITU PENGENDALIA HPT DIUSIA 30 HST","100007578522755","Renzy Bintangasia","https://scontent-lax3-1.xx.fbcdn.net/v/t39.30808-1/426012403_3605728109689771_2277782955804277447_n.jpg?stp=cp0_dst-jpg_s32x32&_nc_cat=104&ccb=1-7&_nc_sid=50d2ac&_nc_ohc=V70ESvgEanEQ7kNvgG_4gqT&_nc_ht=scontent-lax3-1.xx&_nc_gid=AZ9VNmBtVtzPy3LM3b-6n6R&oh=00_AYDrZXq5W3lFQeSMyf0raRA_bXNa3MYepbAatf7cdKeWSQ&oe=66F19244","https://www.facebook.com/renzi.prayuda","Mantap"
"https://www.facebook.com/100004825651478/posts/2725580950946067?comment_id=525122936771411","2024-09-18T12:25:54.000Z","2725580950946067","https://www.facebook.com/100004825651478/posts/2725580950946067","ZmVlZGJhY2s6MjcyNTU4MDk1MDk0NjA2N181MjUxMjI5MzY3NzE0MTE=","Y29tbWVudDoyNzI1NTgwOTUwOTQ2MDY3XzUyNTEyMjkzNjc3MTQxMQ==","https://www.facebook.com/100004825651478/posts/2725580950946067","0","214897285046227","false","Penampakan buah tomat benih bintang asia
Varietas 𝐂𝐈𝐓𝐑𝐀 𝐀𝐒𝐈𝐀 𝐅𝟏
Buah tahan simpan, tahan layu bakteri dan fissarium
Cocok untuk dataran rendah menengah.","100007578522755","Renzy Bintangasia","https://scontent.ffjr1-6.fna.fbcdn.net/v/t39.30808-1/426012403_3605728109689771_2277782955804277447_n.jpg?stp=cp0_dst-jpg_s32x32&_nc_cat=104&ccb=1-7&_nc_sid=50d2ac&_nc_ohc=V70ESvgEanEQ7kNvgGa16sa&_nc_ht=scontent.ffjr1-6.fna&_nc_gid=Ajoy3lylPTOem0WKV0k7oGq&oh=00_AYDilztc32TFK18OnNzVT0sw--UK_RHYSXpPk2Xaw6QKUA&oe=66F19244","https://www.facebook.com/renzi.prayuda","Mantap om"
"https://www.facebook.com/100004825651478/posts/2725689774268518?comment_id=807302474813919","2024-09-18T23:27:49.000Z","2725689774268518","https://www.facebook.com/100004825651478/posts/2725689774268518","ZmVlZGJhY2s6MjcyNTY4OTc3NDI2ODUxOF84MDczMDI0NzQ4MTM5MTk=","Y29tbWVudDoyNzI1Njg5Nzc0MjY4NTE4XzgwNzMwMjQ3NDgxMzkxOQ==","https://www.facebook.com/100004825651478/posts/2725689774268518","0","250829661453806","false","Hainan F1

#pariahibrida
#pareputih
#paretahanvirus
#pareberbuahlebat
#benihcitraasia
#bintangasia
#produkinovasianaknegeri
#suksesbersamabintangasia","100007578522755","Renzy Bintangasia","https://scontent.fdac22-2.fna.fbcdn.net/v/t39.30808-1/426012403_3605728109689771_2277782955804277447_n.jpg?stp=cp0_dst-jpg_s32x32&_nc_cat=104&ccb=1-7&_nc_sid=50d2ac&_nc_ohc=V70ESvgEanEQ7kNvgF2OHkB&_nc_ht=scontent.fdac22-2.fna&_nc_gid=AShp-TEx-xPFPW44fejtt0j&oh=00_AYAaPAqvUg0DwlBmT2NnA-JaPa7H7cUhUfDdI9zVDX3gHA&oe=66F19244","https://www.facebook.com/renzi.prayuda","Mantap"
"https://www.facebook.com/100004825651478/posts/2725504260953736?comment_id=1806266409903906","2024-09-18T22:19:02.000Z","2725504260953736","https://www.facebook.com/100004825651478/posts/2725504260953736","ZmVlZGJhY2s6MjcyNTUwNDI2MDk1MzczNl8xODA2MjY2NDA5OTAzOTA2","Y29tbWVudDoyNzI1NTA0MjYwOTUzNzM2XzE4MDYyNjY0MDk5MDM5MDY=","https://www.facebook.com/100004825651478/posts/2725504260953736","0","214897285046227","false","BIG MADURI F1 CAP BINTANG ASIA. 

Mampu membawa buah sampai 9kg dan 10Kg Perbijinya, sampai teputar jarum timbanganya bebulik jar, InshaAllah Harakat aja jar buhan banua😁

Sangat Bisa dijadikan pilihan sebagai pengawin untuk tanaman semangka nonbiji. Serbuk sari dari bunganya banyak. 

Hasil dari kebun Acil Ida Di Tatakan, Tapin Selatan. 
Paman wan Acil jangan ragu jangan bimbang memakai benih ini, karena ini... #ProdukInovasiAnakDalamNegeri.

semua orang","100007578522755","Renzy Bintangasia","https://scontent.fdac24-3.fna.fbcdn.net/v/t39.30808-1/426012403_3605728109689771_2277782955804277447_n.jpg?stp=cp0_dst-jpg_s32x32&_nc_cat=104&ccb=1-7&_nc_sid=50d2ac&_nc_ohc=V70ESvgEanEQ7kNvgFFXVD2&_nc_ht=scontent.fdac24-3.fna&_nc_gid=AlIGmKHScaiYRLXvZrlMJAx&oh=00_AYA7ww3HBNCFa4sy0jJqdPzG-avDSWPm9krWzdjSgA9u-w&oe=66F19244","https://www.facebook.com/renzi.prayuda","Mantap"
