﻿"attachments/0/style_list/0","attachments/0/style_list/1","attachments/0/style_list/2","attachments/0/style_list/3","attachments/0/style_list/4","commentUrl","commentsCount","date","facebookId","facebookUrl","feedbackId","id","inputUrl","likesCount","pageAdLibrary/id","pageAdLibrary/is_business_page_active","postTitle","profileId","profileName","profilePicture","profileUrl","replyToCommentId","text","threadingDepth"
,,,,,"https://www.facebook.com/100009994003233/posts/2301977806811997?comment_id=510567954916318","1","2024-09-06T23:49:17.000Z","2301977806811997","https://www.facebook.com/100009994003233/posts/2301977806811997","ZmVlZGJhY2s6MjMwMTk3NzgwNjgxMTk5N181MTA1Njc5NTQ5MTYzMTg=","Y29tbWVudDoyMzAxOTc3ODA2ODExOTk3XzUxMDU2Nzk1NDkxNjMxOA==","https://www.facebook.com/100009994003233/posts/2301977806811997","1","200476579818147","false","Produk Baruu 📢📢📢

Labu ROLAND F1, Cap Bintang Asia Produksi dari PT Benih Citra Asia .
Ini adalah Labu Dengan Type Ukuran Mini, Bobot 1000gr - 1800gr Per Buah. 
Permukaan Kulit nya menggerutu, Tekstur Daging nya Pulen dan Lembut.
Perawatannya Cukup Mudah, Dapat Di buah kan 4-5 buah pertanaman.
Bakal Buah Gampang Nyantol..

Salam SEMUA ORANG @sorotan Bintang Asia Tapanuli Selatan Benih Citra Asia Tapanuli Sein Asmar Bintang Asia","pfbid0S9Gdg6jW7MNVMcjgQWJKwB1QvPgcBXeYwF4qCnwt74nfFfuexMos32N9whUtDXkYl","Opeq Bintang Asia","https://scontent.fmem1-2.fna.fbcdn.net/v/t39.30808-1/440808755_122106493232287865_6230265854575499414_n.jpg?stp=cp0_dst-jpg_s32x32&_nc_cat=108&ccb=1-7&_nc_sid=0ecb9b&_nc_ohc=ULmtTw8K-M4Q7kNvgHWYkFT&_nc_ht=scontent.fmem1-2.fna&_nc_gid=A51jMOi1jljwVhE2OsLMa_U&oh=00_AYDIjcMZfqh-j6LkCHhKllst-S3raXHmiK9W6xjUvYTJoQ&oe=66E82C6E","https://www.facebook.com/people/Opeq-Bintang-Asia/pfbid0S9Gdg6jW7MNVMcjgQWJKwB1QvPgcBXeYwF4qCnwt74nfFfuexMos32N9whUtDXkYl/",,"Labu hibrida personal size
Rasa pulen, Daging tebal
Tahan simpan",
,,,,,"https://www.facebook.com/100009994003233/posts/2301977806811997?comment_id=1415428415792776","1","2024-09-06T11:19:14.000Z","2301977806811997","https://www.facebook.com/100009994003233/posts/2301977806811997","ZmVlZGJhY2s6MjMwMTk3NzgwNjgxMTk5N18xNDE1NDI4NDE1NzkyNzc2","Y29tbWVudDoyMzAxOTc3ODA2ODExOTk3XzE0MTU0Mjg0MTU3OTI3NzY=","https://www.facebook.com/100009994003233/posts/2301977806811997","1","200476579818147","false","Produk Baruu 📢📢📢

Labu ROLAND F1, Cap Bintang Asia Produksi dari PT Benih Citra Asia .
Ini adalah Labu Dengan Type Ukuran Mini, Bobot 1000gr - 1800gr Per Buah. 
Permukaan Kulit nya menggerutu, Tekstur Daging nya Pulen dan Lembut.
Perawatannya Cukup Mudah, Dapat Di buah kan 4-5 buah pertanaman.
Bakal Buah Gampang Nyantol..

Salam SEMUA ORANG @sorotan Bintang Asia Tapanuli Selatan Benih Citra Asia Tapanuli Sein Asmar Bintang Asia","100007578522755","Renzy Bintangasia","https://scontent.fmem1-2.fna.fbcdn.net/v/t39.30808-1/426012403_3605728109689771_2277782955804277447_n.jpg?stp=cp0_dst-jpg_s32x32&_nc_cat=104&ccb=1-7&_nc_sid=50d2ac&_nc_ohc=M574j_z4JmsQ7kNvgGl1Bpa&_nc_ht=scontent.fmem1-2.fna&_nc_gid=A51jMOi1jljwVhE2OsLMa_U&oh=00_AYAND_ja0gUE6j_EhCkvy-2jpVa3l9vYHnFgI2s0XZyl9A&oe=66E81F84","https://www.facebook.com/renzi.prayuda",,"Mantapp",
,,,,,"https://www.facebook.com/100009994003233/posts/2301977806811997?comment_id=1170162267575799","1","2024-09-06T10:52:39.000Z","2301977806811997","https://www.facebook.com/100009994003233/posts/2301977806811997","ZmVlZGJhY2s6MjMwMTk3NzgwNjgxMTk5N18xMTcwMTYyMjY3NTc1Nzk5","Y29tbWVudDoyMzAxOTc3ODA2ODExOTk3XzExNzAxNjIyNjc1NzU3OTk=","https://www.facebook.com/100009994003233/posts/2301977806811997","1","200476579818147","false","Produk Baruu 📢📢📢

Labu ROLAND F1, Cap Bintang Asia Produksi dari PT Benih Citra Asia .
Ini adalah Labu Dengan Type Ukuran Mini, Bobot 1000gr - 1800gr Per Buah. 
Permukaan Kulit nya menggerutu, Tekstur Daging nya Pulen dan Lembut.
Perawatannya Cukup Mudah, Dapat Di buah kan 4-5 buah pertanaman.
Bakal Buah Gampang Nyantol..

Salam SEMUA ORANG @sorotan Bintang Asia Tapanuli Selatan Benih Citra Asia Tapanuli Sein Asmar Bintang Asia","100000252734154","Sutarman Ar Rasyid","https://scontent.fmem1-2.fna.fbcdn.net/v/t39.30808-1/235895266_4591351950883184_8840857036031897211_n.jpg?stp=c35.0.610.610a_cp0_dst-jpg_s32x32&_nc_cat=102&ccb=1-7&_nc_sid=50d2ac&_nc_ohc=a0FkyeJzO9kQ7kNvgGJ3mNK&_nc_ht=scontent.fmem1-2.fna&_nc_gid=A51jMOi1jljwVhE2OsLMa_U&oh=00_AYCucR_oOkLBCIkcjoU71OzLCCh7rhkD4hGv9IlyFTrKgw&oe=66E828F3","https://www.facebook.com/raikage.sutarman",,"ora jadi?",
,,,,,"https://www.facebook.com/100009994003233/posts/2305421773134267?comment_id=846333400975801",,"2024-09-11T06:57:15.000Z","2305421773134267","https://www.facebook.com/100009994003233/posts/2305421773134267","ZmVlZGJhY2s6MjMwNTQyMTc3MzEzNDI2N184NDYzMzM0MDA5NzU4MDE=","Y29tbWVudDoyMzA1NDIxNzczMTM0MjY3Xzg0NjMzMzQwMDk3NTgwMQ==","https://www.facebook.com/100009994003233/posts/2305421773134267","0","200476579818147","false","Yang Baru, Yang Baruuuuu📢📢📢

LAZIO F1, 
Semangka Non Biji Cap Bintang Asia Produksi dari PT Benih Citra Asia 

Salam SEMUA ORANG @sorotan #Viral #fyp #semangka #petani Petani semangka Sumut Petani Semangka  Indonesia Petani Semangka Riau","pfbid0S9Gdg6jW7MNVMcjgQWJKwB1QvPgcBXeYwF4qCnwt74nfFfuexMos32N9whUtDXkYl","Opeq Bintang Asia","https://scontent-mia3-1.xx.fbcdn.net/v/t39.30808-1/440808755_122106493232287865_6230265854575499414_n.jpg?stp=cp0_dst-jpg_s32x32&_nc_cat=108&ccb=1-7&_nc_sid=0ecb9b&_nc_ohc=ULmtTw8K-M4Q7kNvgGRLpY2&_nc_ht=scontent-mia3-1.xx&_nc_gid=AaayrWe696ONIl-pmWlb446&oh=00_AYA7DGc8bBtNKuBZ7hnrCc7xBDXtxgBIp1tIUwduM-w45g&oe=66E82C6E","https://www.facebook.com/people/Opeq-Bintang-Asia/pfbid0S9Gdg6jW7MNVMcjgQWJKwB1QvPgcBXeYwF4qCnwt74nfFfuexMos32N9whUtDXkYl/",,"Semangka bulat non biji.
Warna hijau agak gelap.
Buah besar.
Produksi tinggi.
Mudah perawatan.",
,,,,,"https://www.facebook.com/100009994003233/posts/2305421773134267?comment_id=1238416613857142",,"2024-09-10T16:05:10.000Z","2305421773134267","https://www.facebook.com/100009994003233/posts/2305421773134267","ZmVlZGJhY2s6MjMwNTQyMTc3MzEzNDI2N18xMjM4NDE2NjEzODU3MTQy","Y29tbWVudDoyMzA1NDIxNzczMTM0MjY3XzEyMzg0MTY2MTM4NTcxNDI=","https://www.facebook.com/100009994003233/posts/2305421773134267","0","200476579818147","false","Yang Baru, Yang Baruuuuu📢📢📢

LAZIO F1, 
Semangka Non Biji Cap Bintang Asia Produksi dari PT Benih Citra Asia 

Salam SEMUA ORANG @sorotan #Viral #fyp #semangka #petani Petani semangka Sumut Petani Semangka  Indonesia Petani Semangka Riau","pfbid0S9Gdg6jW7MNVMcjgQWJKwB1QvPgcBXeYwF4qCnwt74nfFfuexMos32N9whUtDXkYl","Opeq Bintang Asia","https://scontent-mia3-1.xx.fbcdn.net/v/t39.30808-1/440808755_122106493232287865_6230265854575499414_n.jpg?stp=cp0_dst-jpg_s32x32&_nc_cat=108&ccb=1-7&_nc_sid=0ecb9b&_nc_ohc=ULmtTw8K-M4Q7kNvgGRLpY2&_nc_ht=scontent-mia3-1.xx&_nc_gid=AaayrWe696ONIl-pmWlb446&oh=00_AYA7DGc8bBtNKuBZ7hnrCc7xBDXtxgBIp1tIUwduM-w45g&oe=66E82C6E","https://www.facebook.com/people/Opeq-Bintang-Asia/pfbid0S9Gdg6jW7MNVMcjgQWJKwB1QvPgcBXeYwF4qCnwt74nfFfuexMos32N9whUtDXkYl/",,"Jossss",
,,,,,"https://www.facebook.com/100009994003233/posts/2305421773134267?comment_id=1061322525333457",,"2024-09-10T13:58:39.000Z","2305421773134267","https://www.facebook.com/100009994003233/posts/2305421773134267","ZmVlZGJhY2s6MjMwNTQyMTc3MzEzNDI2N18xMDYxMzIyNTI1MzMzNDU3","Y29tbWVudDoyMzA1NDIxNzczMTM0MjY3XzEwNjEzMjI1MjUzMzM0NTc=","https://www.facebook.com/100009994003233/posts/2305421773134267","0","200476579818147","false","Yang Baru, Yang Baruuuuu📢📢📢

LAZIO F1, 
Semangka Non Biji Cap Bintang Asia Produksi dari PT Benih Citra Asia 

Salam SEMUA ORANG @sorotan #Viral #fyp #semangka #petani Petani semangka Sumut Petani Semangka  Indonesia Petani Semangka Riau","pfbid02A2RxqGwdfvogyKPBqbePzw5S9cYenzSDr1pYvzq42YoW9VZVy57xZ1TeZAoNJvyzl","Edi JuraganBuah","https://scontent-mia3-1.xx.fbcdn.net/v/t39.30808-1/420060586_386726180532509_8035400096464785425_n.jpg?stp=cp0_dst-jpg_s32x32&_nc_cat=104&ccb=1-7&_nc_sid=0ecb9b&_nc_ohc=Ii75AUNQy70Q7kNvgFWDmnh&_nc_ht=scontent-mia3-1.xx&_nc_gid=AaayrWe696ONIl-pmWlb446&oh=00_AYBv79pXrnwC5n5gCCBoNeRy_-yipLFnVOJbQ-TtBwsoog&oe=66E813BC","https://www.facebook.com/people/Edi-JuraganBuah/pfbid02A2RxqGwdfvogyKPBqbePzw5S9cYenzSDr1pYvzq42YoW9VZVy57xZ1TeZAoNJvyzl/",,"Loh indra kok ngak Eneng ngebel aq",
,,,,,"https://www.facebook.com/100009994003233/posts/2305421773134267?comment_id=8920764007937613","2","2024-09-10T09:32:38.000Z","2305421773134267","https://www.facebook.com/100009994003233/posts/2305421773134267","ZmVlZGJhY2s6MjMwNTQyMTc3MzEzNDI2N184OTIwNzY0MDA3OTM3NjEz","Y29tbWVudDoyMzA1NDIxNzczMTM0MjY3Xzg5MjA3NjQwMDc5Mzc2MTM=","https://www.facebook.com/100009994003233/posts/2305421773134267","1","200476579818147","false","Yang Baru, Yang Baruuuuu📢📢📢

LAZIO F1, 
Semangka Non Biji Cap Bintang Asia Produksi dari PT Benih Citra Asia 

Salam SEMUA ORANG @sorotan #Viral #fyp #semangka #petani Petani semangka Sumut Petani Semangka  Indonesia Petani Semangka Riau","pfbid02Kg2LKkCpdx6mkhqcdHjFqmA6kyoyM8wQ7Baap59mudDKmWMU6umhyrWVvpyriw17l","Day Cylacap","https://scontent-mia3-1.xx.fbcdn.net/v/t39.30808-1/277773726_708909393474776_5941731515323032694_n.jpg?stp=cp0_dst-jpg_s32x32&_nc_cat=100&ccb=1-7&_nc_sid=0ecb9b&_nc_ohc=rsDDF6HowIMQ7kNvgFFoC9p&_nc_ht=scontent-mia3-1.xx&_nc_gid=AaayrWe696ONIl-pmWlb446&oh=00_AYBMx1l6RBuPLA-dxTX_kyne4TQC-A-uRXjrDidJZY_JHA&oe=66E8234A","https://www.facebook.com/tabaco.tabaco.127",,"Melon merlin berapa bang?",
,,,,,"https://www.facebook.com/100009994003233/posts/2305421773134267?comment_id=882484297150433","1","2024-09-10T09:34:58.000Z","2305421773134267","https://www.facebook.com/100009994003233/posts/2305421773134267","ZmVlZGJhY2s6MjMwNTQyMTc3MzEzNDI2N184ODI0ODQyOTcxNTA0MzM=","Y29tbWVudDoyMzA1NDIxNzczMTM0MjY3Xzg4MjQ4NDI5NzE1MDQzMw==","https://www.facebook.com/100009994003233/posts/2305421773134267","1","200476579818147","false","Yang Baru, Yang Baruuuuu📢📢📢

LAZIO F1, 
Semangka Non Biji Cap Bintang Asia Produksi dari PT Benih Citra Asia 

Salam SEMUA ORANG @sorotan #Viral #fyp #semangka #petani Petani semangka Sumut Petani Semangka  Indonesia Petani Semangka Riau","100007578522755","Renzy Bintangasia","https://scontent-mia3-1.xx.fbcdn.net/v/t39.30808-1/426012403_3605728109689771_2277782955804277447_n.jpg?stp=cp0_dst-jpg_s32x32&_nc_cat=104&ccb=1-7&_nc_sid=50d2ac&_nc_ohc=M574j_z4JmsQ7kNvgHLeTFG&_nc_ht=scontent-mia3-1.xx&_nc_gid=AaayrWe696ONIl-pmWlb446&oh=00_AYDz3zinNVWJZxlNLq83nTSAVS1eDgXa8f8IvcvIs3ZHBA&oe=66E81F84","https://www.facebook.com/renzi.prayuda",,"Mantapp boss",
,,,,,"https://www.facebook.com/100009994003233/posts/2305421773134267?comment_id=486324017658591","1","2024-09-10T09:15:59.000Z","2305421773134267","https://www.facebook.com/100009994003233/posts/2305421773134267","ZmVlZGJhY2s6MjMwNTQyMTc3MzEzNDI2N180ODYzMjQwMTc2NTg1OTE=","Y29tbWVudDoyMzA1NDIxNzczMTM0MjY3XzQ4NjMyNDAxNzY1ODU5MQ==","https://www.facebook.com/100009994003233/posts/2305421773134267","1","200476579818147","false","Yang Baru, Yang Baruuuuu📢📢📢

LAZIO F1, 
Semangka Non Biji Cap Bintang Asia Produksi dari PT Benih Citra Asia 

Salam SEMUA ORANG @sorotan #Viral #fyp #semangka #petani Petani semangka Sumut Petani Semangka  Indonesia Petani Semangka Riau","pfbid0YJH64cxkx47abwmgrxuQ8njPv5uEVb2bJsfuEq2iYU1CmYYuPKEmUXJiNi8HQj1Sl","Yospiqmi Rizal Bintang Asia","https://scontent-mia3-2.xx.fbcdn.net/v/t1.18169-1/12814133_605474156274254_1255382583968893776_n.jpg?stp=cp0_dst-jpg_s32x32&_nc_cat=107&ccb=1-7&_nc_sid=e4545e&_nc_ohc=C1GWYl5T2mIQ7kNvgFXpjGA&_nc_ht=scontent-mia3-2.xx&oh=00_AYBScGodJ2suKYW7CCVpm-YrgK42okuwlH5nRZeefsY6rg&oe=6709BCFC","https://www.facebook.com/yospiqmi.rizal",,"Gas gas",
,,,,,"https://www.facebook.com/100009994003233/posts/2305421773134267?comment_id=539377082087489","1","2024-09-10T08:49:13.000Z","2305421773134267","https://www.facebook.com/100009994003233/posts/2305421773134267","ZmVlZGJhY2s6MjMwNTQyMTc3MzEzNDI2N181MzkzNzcwODIwODc0ODk=","Y29tbWVudDoyMzA1NDIxNzczMTM0MjY3XzUzOTM3NzA4MjA4NzQ4OQ==","https://www.facebook.com/100009994003233/posts/2305421773134267","1","200476579818147","false","Yang Baru, Yang Baruuuuu📢📢📢

LAZIO F1, 
Semangka Non Biji Cap Bintang Asia Produksi dari PT Benih Citra Asia 

Salam SEMUA ORANG @sorotan #Viral #fyp #semangka #petani Petani semangka Sumut Petani Semangka  Indonesia Petani Semangka Riau","pfbid02XrPpsNC1VUdNRXyUC3ZSozCSr1bRVRuni87SwmM8Dw4xXojx5v1KRXESUxb6Hsvhl","Ridwan Ginting","https://scontent-mia3-1.xx.fbcdn.net/v/t39.30808-1/279276989_4979936008741849_5383372950907656773_n.jpg?stp=cp0_dst-jpg_s32x32&_nc_cat=106&ccb=1-7&_nc_sid=0ecb9b&_nc_ohc=HIMe9a054OYQ7kNvgEwYoM9&_nc_ht=scontent-mia3-1.xx&_nc_gid=AaayrWe696ONIl-pmWlb446&oh=00_AYDzyxDSXGS856-UJrhDAno947PFYA3YE0TX9PSW6HaBRQ&oe=66E82A1D",,,"Mantap..",
,,,,,"https://www.facebook.com/100009994003233/posts/2302586876751090?comment_id=2338752913123495","1","2024-09-09T02:58:56.000Z","2302586876751090","https://www.facebook.com/100009994003233/posts/2302586876751090","ZmVlZGJhY2s6MjMwMjU4Njg3Njc1MTA5MF8yMzM4NzUyOTEzMTIzNDk1","Y29tbWVudDoyMzAyNTg2ODc2NzUxMDkwXzIzMzg3NTI5MTMxMjM0OTU=","https://www.facebook.com/100009994003233/posts/2302586876751090","1","357880607403962","false","Benih Cabe Kriting JURO f1 di Banjarwangi Kabupaten Garut
 Semoga harga buah cabenya naik lagi. aamiin
Jangan Ragu tanam cabe JURO f1 sudah terbukti hasilnya
Smoga selalu diberikan kesehatan dan kelancaran
Sayangi Ayah dan Ibu selagi ada, yang sudah tiada mudah mudahan ahli surga.. Aamiin
Selalu bersyukur dan tetap semangat mencari ridho Alloh #benihbintangasia
 #benihcabe
#fyp
Benih Citra Asia Bintang Asia Lembang pengikut #fbpro","100009994003233","Ilham Bintang Asia","https://scontent.fcgh2-1.fna.fbcdn.net/v/t39.30808-1/349801600_780566773437800_6977822504580595866_n.jpg?stp=cp0_dst-jpg_s32x32&_nc_cat=100&ccb=1-7&_nc_sid=50d2ac&_nc_ohc=w64G2i4iBfEQ7kNvgHTar4D&_nc_ht=scontent.fcgh2-1.fna&oh=00_AYCdNQzQeIeOG4EiSD6ldDOBSABOaLYfnrfJYb-zPIVE1A&oe=66E813BB","https://www.facebook.com/ilham.ajo.37604",,"Sementara ga Nerima Info sampel maseeh🤣🤣🤣",
,,,,,"https://www.facebook.com/100009994003233/posts/2302586876751090?comment_id=3443191599314539","1","2024-09-09T08:40:46.000Z","2302586876751090","https://www.facebook.com/100009994003233/posts/2302586876751090","ZmVlZGJhY2s6MjMwMjU4Njg3Njc1MTA5MF8zNDQzMTkxNTk5MzE0NTM5","Y29tbWVudDoyMzAyNTg2ODc2NzUxMDkwXzM0NDMxOTE1OTkzMTQ1Mzk=","https://www.facebook.com/100009994003233/posts/2302586876751090","1","357880607403962","false","Benih Cabe Kriting JURO f1 di Banjarwangi Kabupaten Garut
 Semoga harga buah cabenya naik lagi. aamiin
Jangan Ragu tanam cabe JURO f1 sudah terbukti hasilnya
Smoga selalu diberikan kesehatan dan kelancaran
Sayangi Ayah dan Ibu selagi ada, yang sudah tiada mudah mudahan ahli surga.. Aamiin
Selalu bersyukur dan tetap semangat mencari ridho Alloh #benihbintangasia
 #benihcabe
#fyp
Benih Citra Asia Bintang Asia Lembang pengikut #fbpro","100006759276024","Kopi Susu","https://scontent.fcgh2-1.fna.fbcdn.net/v/t39.30808-1/457313047_3843369685898303_8630632096743929739_n.jpg?stp=cp0_dst-jpg_s32x32&_nc_cat=107&ccb=1-7&_nc_sid=50d2ac&_nc_ohc=PSulc3ErAvwQ7kNvgFuxkAl&_nc_ht=scontent.fcgh2-1.fna&oh=00_AYCmhHFRYPQGalgIjG0hP1_pNvYt0H9KjYCQJKAuqZ4a7w&oe=66E81EED","https://www.facebook.com/razu.geng.7",,"Apa ad info Sempel izin bertanya",
,,,,,"https://www.facebook.com/100009994003233/posts/2302586876751090?comment_id=1065674808482015","1","2024-09-09T13:13:49.000Z","2302586876751090","https://www.facebook.com/100009994003233/posts/2302586876751090","ZmVlZGJhY2s6MjMwMjU4Njg3Njc1MTA5MF8xMDY1Njc0ODA4NDgyMDE1","Y29tbWVudDoyMzAyNTg2ODc2NzUxMDkwXzEwNjU2NzQ4MDg0ODIwMTU=","https://www.facebook.com/100009994003233/posts/2302586876751090","1","357880607403962","false","Benih Cabe Kriting JURO f1 di Banjarwangi Kabupaten Garut
 Semoga harga buah cabenya naik lagi. aamiin
Jangan Ragu tanam cabe JURO f1 sudah terbukti hasilnya
Smoga selalu diberikan kesehatan dan kelancaran
Sayangi Ayah dan Ibu selagi ada, yang sudah tiada mudah mudahan ahli surga.. Aamiin
Selalu bersyukur dan tetap semangat mencari ridho Alloh #benihbintangasia
 #benihcabe
#fyp
Benih Citra Asia Bintang Asia Lembang pengikut #fbpro","100000545071653","Purwatmo","https://scontent.fcgh2-1.fna.fbcdn.net/v/t1.6435-1/200534994_4652958671398923_7305055847964907339_n.jpg?stp=cp0_dst-jpg_s32x32&_nc_cat=109&ccb=1-7&_nc_sid=db5862&_nc_ohc=j-m77f9Aj2UQ7kNvgEjhWi7&_nc_ht=scontent.fcgh2-1.fna&oh=00_AYB31NyKzQJXXKhYnSn8c9qL6Cu5pY9TcKi3GLkf4jyVOg&oe=6709B2D5","https://www.facebook.com/lahinishiapha",,"Infone maseh 😂🤭",
,,,,,"https://www.facebook.com/100009994003233/posts/2302586876751090?comment_id=1054265915593734",,"2024-09-07T17:29:07.000Z","2302586876751090","https://www.facebook.com/100009994003233/posts/2302586876751090","ZmVlZGJhY2s6MjMwMjU4Njg3Njc1MTA5MF8xMDU0MjY1OTE1NTkzNzM0","Y29tbWVudDoyMzAyNTg2ODc2NzUxMDkwXzEwNTQyNjU5MTU1OTM3MzQ=","https://www.facebook.com/100009994003233/posts/2302586876751090","1","357880607403962","false","Benih Cabe Kriting JURO f1 di Banjarwangi Kabupaten Garut
 Semoga harga buah cabenya naik lagi. aamiin
Jangan Ragu tanam cabe JURO f1 sudah terbukti hasilnya
Smoga selalu diberikan kesehatan dan kelancaran
Sayangi Ayah dan Ibu selagi ada, yang sudah tiada mudah mudahan ahli surga.. Aamiin
Selalu bersyukur dan tetap semangat mencari ridho Alloh #benihbintangasia
 #benihcabe
#fyp
Benih Citra Asia Bintang Asia Lembang pengikut #fbpro","100000545071653","Purwatmo","https://scontent.fcgh2-1.fna.fbcdn.net/v/t1.6435-1/200534994_4652958671398923_7305055847964907339_n.jpg?stp=cp0_dst-jpg_s32x32&_nc_cat=109&ccb=1-7&_nc_sid=db5862&_nc_ohc=j-m77f9Aj2UQ7kNvgEjhWi7&_nc_ht=scontent.fcgh2-1.fna&oh=00_AYB31NyKzQJXXKhYnSn8c9qL6Cu5pY9TcKi3GLkf4jyVOg&oe=6709B2D5","https://www.facebook.com/lahinishiapha",,"Infone maseh. 😂🤣",
,,,,,"https://www.facebook.com/100009994003233/posts/2302586876751090?comment_id=1483294456396545","1","2024-09-07T04:14:38.000Z","2302586876751090","https://www.facebook.com/100009994003233/posts/2302586876751090","ZmVlZGJhY2s6MjMwMjU4Njg3Njc1MTA5MF8xNDgzMjk0NDU2Mzk2NTQ1","Y29tbWVudDoyMzAyNTg2ODc2NzUxMDkwXzE0ODMyOTQ0NTYzOTY1NDU=","https://www.facebook.com/100009994003233/posts/2302586876751090","1","357880607403962","false","Benih Cabe Kriting JURO f1 di Banjarwangi Kabupaten Garut
 Semoga harga buah cabenya naik lagi. aamiin
Jangan Ragu tanam cabe JURO f1 sudah terbukti hasilnya
Smoga selalu diberikan kesehatan dan kelancaran
Sayangi Ayah dan Ibu selagi ada, yang sudah tiada mudah mudahan ahli surga.. Aamiin
Selalu bersyukur dan tetap semangat mencari ridho Alloh #benihbintangasia
 #benihcabe
#fyp
Benih Citra Asia Bintang Asia Lembang pengikut #fbpro","100082808232492","Mukhlis Aly","https://scontent.fcgh2-1.fna.fbcdn.net/v/t39.30808-1/363383418_258358513601088_7530675457758598766_n.jpg?stp=cp0_dst-jpg_s32x32&_nc_cat=105&ccb=1-7&_nc_sid=50d2ac&_nc_ohc=sMWb1u1lrh8Q7kNvgGoQTFa&_nc_ht=scontent.fcgh2-1.fna&oh=00_AYCST03r2StVRYmuIWXsHTXl5kZX2_ekgoC2jXaW-98KxQ&oe=66E8330D","https://www.facebook.com/people/Mukhlis-Aly/100082808232492/",,"Dataran apa bg",
,,,,,"https://www.facebook.com/100009994003233/posts/2302586876751090?comment_id=458075047235767","1","2024-09-07T07:43:52.000Z","2302586876751090","https://www.facebook.com/100009994003233/posts/2302586876751090","ZmVlZGJhY2s6MjMwMjU4Njg3Njc1MTA5MF80NTgwNzUwNDcyMzU3Njc=","Y29tbWVudDoyMzAyNTg2ODc2NzUxMDkwXzQ1ODA3NTA0NzIzNTc2Nw==","https://www.facebook.com/100009994003233/posts/2302586876751090","1","357880607403962","false","Benih Cabe Kriting JURO f1 di Banjarwangi Kabupaten Garut
 Semoga harga buah cabenya naik lagi. aamiin
Jangan Ragu tanam cabe JURO f1 sudah terbukti hasilnya
Smoga selalu diberikan kesehatan dan kelancaran
Sayangi Ayah dan Ibu selagi ada, yang sudah tiada mudah mudahan ahli surga.. Aamiin
Selalu bersyukur dan tetap semangat mencari ridho Alloh #benihbintangasia
 #benihcabe
#fyp
Benih Citra Asia Bintang Asia Lembang pengikut #fbpro","100002134479739","Suhar Bae","https://scontent.fcgh2-1.fna.fbcdn.net/v/t39.30808-1/412580384_6968306366583777_5715614306047200285_n.jpg?stp=cp0_dst-jpg_s32x32&_nc_cat=110&ccb=1-7&_nc_sid=50d2ac&_nc_ohc=QCQywttrqjUQ7kNvgF9EQTl&_nc_ht=scontent.fcgh2-1.fna&oh=00_AYBQ0pkXDGTNDxbjfo4FO5nyJBVvUL81NT7RqGXaxEuk9Q&oe=66E83A0D","https://www.facebook.com/ArdySibocahHcuLuNn",,"Bisa ham tu dsni",
,,,,,"https://www.facebook.com/100009994003233/posts/2303073186702459?comment_id=917450740193684",,"2024-09-09T02:58:15.000Z","2303073186702459","https://www.facebook.com/100009994003233/posts/2303073186702459","ZmVlZGJhY2s6MjMwMzA3MzE4NjcwMjQ1OV85MTc0NTA3NDAxOTM2ODQ=","Y29tbWVudDoyMzAzMDczMTg2NzAyNDU5XzkxNzQ1MDc0MDE5MzY4NA==","https://www.facebook.com/100009994003233/posts/2303073186702459","0","594736170688363","false","Pelamar CPNS Padati Kantor Pos Demi e-Materai 

#cpns2024 #cpns #SeputariNews #RCTI #indonesia","100009994003233","Ilham Bintang Asia","https://scontent-dfw5-2.xx.fbcdn.net/v/t39.30808-1/349801600_780566773437800_6977822504580595866_n.jpg?stp=cp0_dst-jpg_s32x32&_nc_cat=100&ccb=1-7&_nc_sid=50d2ac&_nc_ohc=w64G2i4iBfEQ7kNvgGIkEPu&_nc_ht=scontent-dfw5-2.xx&oh=00_AYDcjHYr3Ows2vULWeUsIJxAMzRrf8hFDk-1cg5wB6aKdA&oe=66E813BB","https://www.facebook.com/ilham.ajo.37604",,"Iyaaaa, Apalagi Nanam Cabe kena harga 6000, behhh Menyalaaa 🔥🔥🔥🤣🤣🤣",
,,,,,"https://www.facebook.com/100009994003233/posts/2303073186702459?comment_id=494219893319819",,"2024-09-08T06:38:04.000Z","2303073186702459","https://www.facebook.com/100009994003233/posts/2303073186702459","ZmVlZGJhY2s6MjMwMzA3MzE4NjcwMjQ1OV80OTQyMTk4OTMzMTk4MTk=","Y29tbWVudDoyMzAzMDczMTg2NzAyNDU5XzQ5NDIxOTg5MzMxOTgxOQ==","https://www.facebook.com/100009994003233/posts/2303073186702459","1","594736170688363","false","Pelamar CPNS Padati Kantor Pos Demi e-Materai 

#cpns2024 #cpns #SeputariNews #RCTI #indonesia","100000014005702","Tanz Ker'z","https://scontent-dfw5-1.xx.fbcdn.net/v/t39.30808-1/454344808_8505532036123845_7223475222426378890_n.jpg?stp=cp0_dst-jpg_s32x32&_nc_cat=110&ccb=1-7&_nc_sid=50d2ac&_nc_ohc=CS99BgUtTEcQ7kNvgFFwDTl&_nc_ht=scontent-dfw5-1.xx&oh=00_AYDHNbTojC4eLN6f-GLIK0U4QNYqReCDXnlurR4UczrhVA&oe=66E81FC6","https://www.facebook.com/tanzkers",,"Mereka blm tau brtani itu.. Enak",
"sticker","fallback",,,,"https://www.facebook.com/100009994003233/posts/2301977806811997?comment_id=540062931719820",,"2024-09-07T14:48:06.000Z","2301977806811997","https://www.facebook.com/100009994003233/posts/2301977806811997","ZmVlZGJhY2s6MjMwMTk3NzgwNjgxMTk5N181NDAwNjI5MzE3MTk4MjA=","Y29tbWVudDoyMzAxOTc3ODA2ODExOTk3XzU0MDA2MjkzMTcxOTgyMA==","https://www.facebook.com/100009994003233/posts/2301977806811997","0","200476579818147","false","Produk Baruu 📢📢📢

Labu ROLAND F1, Cap Bintang Asia Produksi dari PT Benih Citra Asia .
Ini adalah Labu Dengan Type Ukuran Mini, Bobot 1000gr - 1800gr Per Buah. 
Permukaan Kulit nya menggerutu, Tekstur Daging nya Pulen dan Lembut.
Perawatannya Cukup Mudah, Dapat Di buah kan 4-5 buah pertanaman.
Bakal Buah Gampang Nyantol..

Salam SEMUA ORANG @sorotan Bintang Asia Tapanuli Selatan Benih Citra Asia Tapanuli Sein Asmar Bintang Asia","100009994003233","Ilham Bintang Asia","https://scontent-man2-1.xx.fbcdn.net/v/t39.30808-1/349801600_780566773437800_6977822504580595866_n.jpg?stp=cp0_dst-jpg_s32x32&_nc_cat=100&ccb=1-7&_nc_sid=50d2ac&_nc_ohc=w64G2i4iBfEQ7kNvgEGSeAd&_nc_ht=scontent-man2-1.xx&oh=00_AYCkLSnc9GHOaf_3ZqHsnNJqWD0cbm6ozLZAgN5SAADeLQ&oe=66E813BB","https://www.facebook.com/ilham.ajo.37604","Y29tbWVudDoyMzAxOTc3ODA2ODExOTk3XzUxMDU2Nzk1NDkxNjMxOA==","Opeq Bintang Asia Sangat Di sukai Pasar Pastinya..","1"
,,,,,"https://www.facebook.com/100009994003233/posts/2303031816706596?comment_id=1043564897295429",,"2024-09-09T04:10:00.000Z","2303031816706596","https://www.facebook.com/100009994003233/posts/2303031816706596","ZmVlZGJhY2s6MjMwMzAzMTgxNjcwNjU5Nl8xMDQzNTY0ODk3Mjk1NDI5","Y29tbWVudDoyMzAzMDMxODE2NzA2NTk2XzEwNDM1NjQ4OTcyOTU0Mjk=","https://www.facebook.com/100009994003233/posts/2303031816706596","1",,,"VIRALL...
Cabe CMK TAVI Cap Bintang Asia Produksi dari PT Benih Citra Asia...

SEMUA ORANG @sorotan #cabe #sayur #petani #bisnis #viral #fyp...","100007578522755","Renzy Bintangasia","https://scontent-atl3-2.xx.fbcdn.net/v/t39.30808-1/426012403_3605728109689771_2277782955804277447_n.jpg?stp=cp0_dst-jpg_s32x32&_nc_cat=104&ccb=1-7&_nc_sid=50d2ac&_nc_ohc=M574j_z4JmsQ7kNvgEeLlUU&_nc_ht=scontent-atl3-2.xx&_nc_gid=Az4drDPKcL8p48nr_Nmzu-1&oh=00_AYC9mxRDrzTPvL7oXTfud2wIwGn9LDuAjrq4yutVjJQX5w&oe=66E81F84","https://www.facebook.com/renzi.prayuda",,"Mantap boss.. jangkrik😂",
,,,,,"https://www.facebook.com/100009994003233/posts/2303031816706596?comment_id=1247348589610813","1","2024-09-09T01:34:47.000Z","2303031816706596","https://www.facebook.com/100009994003233/posts/2303031816706596","ZmVlZGJhY2s6MjMwMzAzMTgxNjcwNjU5Nl8xMjQ3MzQ4NTg5NjEwODEz","Y29tbWVudDoyMzAzMDMxODE2NzA2NTk2XzEyNDczNDg1ODk2MTA4MTM=","https://www.facebook.com/100009994003233/posts/2303031816706596","1",,,"VIRALL...
Cabe CMK TAVI Cap Bintang Asia Produksi dari PT Benih Citra Asia...

SEMUA ORANG @sorotan #cabe #sayur #petani #bisnis #viral #fyp...","pfbid0S9Gdg6jW7MNVMcjgQWJKwB1QvPgcBXeYwF4qCnwt74nfFfuexMos32N9whUtDXkYl","Opeq Bintang Asia","https://scontent-atl3-1.xx.fbcdn.net/v/t39.30808-1/440808755_122106493232287865_6230265854575499414_n.jpg?stp=cp0_dst-jpg_s32x32&_nc_cat=108&ccb=1-7&_nc_sid=0ecb9b&_nc_ohc=ULmtTw8K-M4Q7kNvgEghPrV&_nc_ht=scontent-atl3-1.xx&_nc_gid=Az4drDPKcL8p48nr_Nmzu-1&oh=00_AYDwW5HYljjJHpHmnN5gGkDyv8IzKDzDwzemv17HfCmUhA&oe=66E82C6E","https://www.facebook.com/people/Opeq-Bintang-Asia/pfbid0S9Gdg6jW7MNVMcjgQWJKwB1QvPgcBXeYwF4qCnwt74nfFfuexMos32N9whUtDXkYl/",,"Tahan virus.
Lebat.
Produksi tinggi.
Panjang buah ± 16 cm.
Buah lurus.
Masa panen lama.",
,,,,,"https://www.facebook.com/100009994003233/posts/2301172510225860?comment_id=3506739269623631","1","2024-09-06T01:13:30.000Z","2301172510225860","https://www.facebook.com/100009994003233/posts/2301172510225860","ZmVlZGJhY2s6MjMwMTE3MjUxMDIyNTg2MF8zNTA2NzM5MjY5NjIzNjMx","Y29tbWVudDoyMzAxMTcyNTEwMjI1ODYwXzM1MDY3MzkyNjk2MjM2MzE=","https://www.facebook.com/100009994003233/posts/2301172510225860","1","200476579818147","false","Semangka PRAYA F1 Cap Bintang Asia Produksi dari PT Benih Citra Asia 
Semangka Berbiji Dagingnya Merah Rasanya yang Sangat Manis, 
Berkulit Hijau Gelap. Perawatan nya sangat Mudah dengan Produksi Hasil yang Tinggi..
Salam SEMUA ORANG @sorotan Petani semangka Sumut Bintang Asia Tapanuli Selatan Benih Citra Asia Tapanuli Sein Asmar Bintang Asia","pfbid02djtpu7FGWAkJeAJB9sbjEHYs8JGouyaUchfrPfLRxRYm6je17hxV9veDX5ducycLl","Rahmat Janur","https://scontent-hou1-1.xx.fbcdn.net/v/t39.30808-1/407779619_122094652238149733_2880426025136261169_n.jpg?stp=c22.0.452.452a_cp0_dst-jpg_s32x32&_nc_cat=105&ccb=1-7&_nc_sid=0ecb9b&_nc_ohc=ccP4WmjgqcAQ7kNvgHupDna&_nc_ht=scontent-hou1-1.xx&oh=00_AYAY5xiPSewPn91mTnQmr2EqIbEz1O-Ov5y2UyQJ7LOzXg&oe=66E81121","https://www.facebook.com/people/Rahmat-Janur/pfbid02djtpu7FGWAkJeAJB9sbjEHYs8JGouyaUchfrPfLRxRYm6je17hxV9veDX5ducycLl/",,"Berapa lama waktu yang dibutuhkan dari penanaman hingga panen untuk semangka praya f1 pak?",
,,,,,"https://www.facebook.com/100009994003233/posts/2301172510225860?comment_id=824493856148360","1","2024-09-06T01:12:31.000Z","2301172510225860","https://www.facebook.com/100009994003233/posts/2301172510225860","ZmVlZGJhY2s6MjMwMTE3MjUxMDIyNTg2MF84MjQ0OTM4NTYxNDgzNjA=","Y29tbWVudDoyMzAxMTcyNTEwMjI1ODYwXzgyNDQ5Mzg1NjE0ODM2MA==","https://www.facebook.com/100009994003233/posts/2301172510225860","1","200476579818147","false","Semangka PRAYA F1 Cap Bintang Asia Produksi dari PT Benih Citra Asia 
Semangka Berbiji Dagingnya Merah Rasanya yang Sangat Manis, 
Berkulit Hijau Gelap. Perawatan nya sangat Mudah dengan Produksi Hasil yang Tinggi..
Salam SEMUA ORANG @sorotan Petani semangka Sumut Bintang Asia Tapanuli Selatan Benih Citra Asia Tapanuli Sein Asmar Bintang Asia","pfbid0i6HC2hLbQCo6F7kM3G8iN5eCppaf5qnMQCf3cLzkMz8bh3vVBKvmopRC3Lq5MnFyl","Asep Sesep","https://scontent-hou1-1.xx.fbcdn.net/v/t39.30808-1/407812869_122103109754139506_7808406347794859312_n.jpg?stp=c524.129.229.229a_cp0_dst-jpg_s32x32&_nc_cat=108&ccb=1-7&_nc_sid=0ecb9b&_nc_ohc=VupWAIOu1M4Q7kNvgFP-QFw&_nc_ht=scontent-hou1-1.xx&oh=00_AYDxAkWTe3IF6Zh2p45IsmnFNMZkjRobKxvZeaVp38nyWA&oe=66E82454","https://www.facebook.com/people/Asep-Sesep/pfbid0i6HC2hLbQCo6F7kM3G8iN5eCppaf5qnMQCf3cLzkMz8bh3vVBKvmopRC3Lq5MnFyl/",,"Manis ga bang ?",
,,,,,"https://www.facebook.com/100009994003233/posts/2301172510225860?comment_id=879195583595668","1","2024-09-06T01:31:22.000Z","2301172510225860","https://www.facebook.com/100009994003233/posts/2301172510225860","ZmVlZGJhY2s6MjMwMTE3MjUxMDIyNTg2MF84NzkxOTU1ODM1OTU2Njg=","Y29tbWVudDoyMzAxMTcyNTEwMjI1ODYwXzg3OTE5NTU4MzU5NTY2OA==","https://www.facebook.com/100009994003233/posts/2301172510225860","1","200476579818147","false","Semangka PRAYA F1 Cap Bintang Asia Produksi dari PT Benih Citra Asia 
Semangka Berbiji Dagingnya Merah Rasanya yang Sangat Manis, 
Berkulit Hijau Gelap. Perawatan nya sangat Mudah dengan Produksi Hasil yang Tinggi..
Salam SEMUA ORANG @sorotan Petani semangka Sumut Bintang Asia Tapanuli Selatan Benih Citra Asia Tapanuli Sein Asmar Bintang Asia","pfbid0PLmN4XgrhG5odybeb2JEbmDdzqBYeGjiDKtGuwnTZajtdmSdtbMB8ZTWnfrDDwmgl","Eric Z","https://scontent-hou1-1.xx.fbcdn.net/v/t1.6435-1/29389366_100508254127636_6370208382900502528_n.jpg?stp=cp0_dst-jpg_s32x32&_nc_cat=106&ccb=1-7&_nc_sid=0ecb9b&_nc_ohc=hK77MORXSVwQ7kNvgHWXjXX&_nc_ht=scontent-hou1-1.xx&oh=00_AYCvd59CTy4C53QQ_NVtd6vbDVccXacbMU_Ql0GFFUwYxg&oe=6709C785","https://www.facebook.com/eric.z.524",,"1 pack isi berapa biji bang?",
,,,,,"https://www.facebook.com/100009994003233/posts/2301172510225860?comment_id=2602245599983164","1","2024-09-06T01:27:27.000Z","2301172510225860","https://www.facebook.com/100009994003233/posts/2301172510225860","ZmVlZGJhY2s6MjMwMTE3MjUxMDIyNTg2MF8yNjAyMjQ1NTk5OTgzMTY0","Y29tbWVudDoyMzAxMTcyNTEwMjI1ODYwXzI2MDIyNDU1OTk5ODMxNjQ=","https://www.facebook.com/100009994003233/posts/2301172510225860","1","200476579818147","false","Semangka PRAYA F1 Cap Bintang Asia Produksi dari PT Benih Citra Asia 
Semangka Berbiji Dagingnya Merah Rasanya yang Sangat Manis, 
Berkulit Hijau Gelap. Perawatan nya sangat Mudah dengan Produksi Hasil yang Tinggi..
Salam SEMUA ORANG @sorotan Petani semangka Sumut Bintang Asia Tapanuli Selatan Benih Citra Asia Tapanuli Sein Asmar Bintang Asia","pfbid0S9Gdg6jW7MNVMcjgQWJKwB1QvPgcBXeYwF4qCnwt74nfFfuexMos32N9whUtDXkYl","Opeq Bintang Asia","https://scontent-hou1-1.xx.fbcdn.net/v/t39.30808-1/440808755_122106493232287865_6230265854575499414_n.jpg?stp=cp0_dst-jpg_s32x32&_nc_cat=108&ccb=1-7&_nc_sid=0ecb9b&_nc_ohc=ULmtTw8K-M4Q7kNvgGk07R4&_nc_ht=scontent-hou1-1.xx&oh=00_AYCAU30hTHS_FmrvDPYHicIQvXJmqiNQkuq9iCLQgomJPQ&oe=66E82C6E","https://www.facebook.com/people/Opeq-Bintang-Asia/pfbid0S9Gdg6jW7MNVMcjgQWJKwB1QvPgcBXeYwF4qCnwt74nfFfuexMos32N9whUtDXkYl/",,"Semangka bulat berbiji.
Kulit gelap.
Rasa manis.
Buah mudah membesar.
Produksi tinggi.",
,,,,,"https://www.facebook.com/100009994003233/posts/2301172510225860?comment_id=3803015003275594","1","2024-09-06T07:06:41.000Z","2301172510225860","https://www.facebook.com/100009994003233/posts/2301172510225860","ZmVlZGJhY2s6MjMwMTE3MjUxMDIyNTg2MF8zODAzMDE1MDAzMjc1NTk0","Y29tbWVudDoyMzAxMTcyNTEwMjI1ODYwXzM4MDMwMTUwMDMyNzU1OTQ=","https://www.facebook.com/100009994003233/posts/2301172510225860","1","200476579818147","false","Semangka PRAYA F1 Cap Bintang Asia Produksi dari PT Benih Citra Asia 
Semangka Berbiji Dagingnya Merah Rasanya yang Sangat Manis, 
Berkulit Hijau Gelap. Perawatan nya sangat Mudah dengan Produksi Hasil yang Tinggi..
Salam SEMUA ORANG @sorotan Petani semangka Sumut Bintang Asia Tapanuli Selatan Benih Citra Asia Tapanuli Sein Asmar Bintang Asia","100007578522755","Renzy Bintangasia","https://scontent-hou1-1.xx.fbcdn.net/v/t39.30808-1/426012403_3605728109689771_2277782955804277447_n.jpg?stp=cp0_dst-jpg_s32x32&_nc_cat=104&ccb=1-7&_nc_sid=50d2ac&_nc_ohc=M574j_z4JmsQ7kNvgEI2iHV&_nc_ht=scontent-hou1-1.xx&oh=00_AYA5_L19bk97RZreq1soBy6VlURBvc-znzMfxUZVdQ3eiQ&oe=66E81F84","https://www.facebook.com/renzi.prayuda",,"Muropp broo 🔥🔥",
,,,,,"https://www.facebook.com/100009994003233/posts/2301172510225860?comment_id=1040453764140229","1","2024-09-06T01:26:47.000Z","2301172510225860","https://www.facebook.com/100009994003233/posts/2301172510225860","ZmVlZGJhY2s6MjMwMTE3MjUxMDIyNTg2MF8xMDQwNDUzNzY0MTQwMjI5","Y29tbWVudDoyMzAxMTcyNTEwMjI1ODYwXzEwNDA0NTM3NjQxNDAyMjk=","https://www.facebook.com/100009994003233/posts/2301172510225860","1","200476579818147","false","Semangka PRAYA F1 Cap Bintang Asia Produksi dari PT Benih Citra Asia 
Semangka Berbiji Dagingnya Merah Rasanya yang Sangat Manis, 
Berkulit Hijau Gelap. Perawatan nya sangat Mudah dengan Produksi Hasil yang Tinggi..
Salam SEMUA ORANG @sorotan Petani semangka Sumut Bintang Asia Tapanuli Selatan Benih Citra Asia Tapanuli Sein Asmar Bintang Asia","pfbid02HTGJZZjSFWqYsArG2a7tQfBZdXRCMvD4HknRUgwaUxDFAkiSbKbFVLavKawix6Drl","Irfan Purnama","https://scontent-hou1-1.xx.fbcdn.net/v/t39.30808-1/408013836_122104533830135862_191432657744259274_n.jpg?stp=cp0_dst-jpg_s32x32&_nc_cat=110&ccb=1-7&_nc_sid=0ecb9b&_nc_ohc=teSjxk2Mq9YQ7kNvgEGCSGE&_nc_ht=scontent-hou1-1.xx&oh=00_AYCrdIMo7FR9pm2o_twjqlVcZ-tH4i95EznFjLvJVi7SbA&oe=66E8330E","https://www.facebook.com/people/Irfan-Purnama/pfbid02HTGJZZjSFWqYsArG2a7tQfBZdXRCMvD4HknRUgwaUxDFAkiSbKbFVLavKawix6Drl/",,"Buh mantep tenan",
,,,,,"https://www.facebook.com/100009994003233/posts/2301172510225860?comment_id=1775333749660663","1","2024-09-05T17:26:54.000Z","2301172510225860","https://www.facebook.com/100009994003233/posts/2301172510225860","ZmVlZGJhY2s6MjMwMTE3MjUxMDIyNTg2MF8xNzc1MzMzNzQ5NjYwNjYz","Y29tbWVudDoyMzAxMTcyNTEwMjI1ODYwXzE3NzUzMzM3NDk2NjA2NjM=","https://www.facebook.com/100009994003233/posts/2301172510225860","1","200476579818147","false","Semangka PRAYA F1 Cap Bintang Asia Produksi dari PT Benih Citra Asia 
Semangka Berbiji Dagingnya Merah Rasanya yang Sangat Manis, 
Berkulit Hijau Gelap. Perawatan nya sangat Mudah dengan Produksi Hasil yang Tinggi..
Salam SEMUA ORANG @sorotan Petani semangka Sumut Bintang Asia Tapanuli Selatan Benih Citra Asia Tapanuli Sein Asmar Bintang Asia","100038922829495","Pristiono","https://scontent-hou1-1.xx.fbcdn.net/v/t39.30808-1/452932551_1166455857995164_7691723383331902161_n.jpg?stp=cp0_dst-jpg_s32x32&_nc_cat=103&ccb=1-7&_nc_sid=50d2ac&_nc_ohc=TBgZUWQggc8Q7kNvgGITMgg&_nc_ht=scontent-hou1-1.xx&oh=00_AYAfmQyCNW6AUIYJOK5cfezFbsarMS7qamF1EZtqbs-t4g&oe=66E8379B","https://www.facebook.com/pristiono.pristiono.35",,"Gggaaassssssa.....",
"animated_image_autoplay","animated_image_share","image_share","share","fallback","https://www.facebook.com/100009994003233/posts/2301172510225860?comment_id=1637236763725609","1","2024-09-05T17:27:00.000Z","2301172510225860","https://www.facebook.com/100009994003233/posts/2301172510225860","ZmVlZGJhY2s6MjMwMTE3MjUxMDIyNTg2MF8xNjM3MjM2NzYzNzI1NjA5","Y29tbWVudDoyMzAxMTcyNTEwMjI1ODYwXzE2MzcyMzY3NjM3MjU2MDk=","https://www.facebook.com/100009994003233/posts/2301172510225860","1","200476579818147","false","Semangka PRAYA F1 Cap Bintang Asia Produksi dari PT Benih Citra Asia 
Semangka Berbiji Dagingnya Merah Rasanya yang Sangat Manis, 
Berkulit Hijau Gelap. Perawatan nya sangat Mudah dengan Produksi Hasil yang Tinggi..
Salam SEMUA ORANG @sorotan Petani semangka Sumut Bintang Asia Tapanuli Selatan Benih Citra Asia Tapanuli Sein Asmar Bintang Asia","100038922829495","Pristiono","https://scontent-hou1-1.xx.fbcdn.net/v/t39.30808-1/452932551_1166455857995164_7691723383331902161_n.jpg?stp=cp0_dst-jpg_s32x32&_nc_cat=103&ccb=1-7&_nc_sid=50d2ac&_nc_ohc=TBgZUWQggc8Q7kNvgGITMgg&_nc_ht=scontent-hou1-1.xx&oh=00_AYAfmQyCNW6AUIYJOK5cfezFbsarMS7qamF1EZtqbs-t4g&oe=66E8379B","https://www.facebook.com/pristiono.pristiono.35",,,
"animated_image_autoplay","animated_image_share","image_share","share","fallback","https://www.facebook.com/100009994003233/posts/2301172510225860?comment_id=1050134776616659","1","2024-09-06T01:11:02.000Z","2301172510225860","https://www.facebook.com/100009994003233/posts/2301172510225860","ZmVlZGJhY2s6MjMwMTE3MjUxMDIyNTg2MF8xMDUwMTM0Nzc2NjE2NjU5","Y29tbWVudDoyMzAxMTcyNTEwMjI1ODYwXzEwNTAxMzQ3NzY2MTY2NTk=","https://www.facebook.com/100009994003233/posts/2301172510225860","1","200476579818147","false","Semangka PRAYA F1 Cap Bintang Asia Produksi dari PT Benih Citra Asia 
Semangka Berbiji Dagingnya Merah Rasanya yang Sangat Manis, 
Berkulit Hijau Gelap. Perawatan nya sangat Mudah dengan Produksi Hasil yang Tinggi..
Salam SEMUA ORANG @sorotan Petani semangka Sumut Bintang Asia Tapanuli Selatan Benih Citra Asia Tapanuli Sein Asmar Bintang Asia","pfbid02wqd3rPQ5qNditD525coj45f1wK6mMaxmbEGQMyvABsCoJgefo3EPkGqA3kw54Gjtl","Agung Kurniawan","https://scontent-hou1-1.xx.fbcdn.net/v/t39.30808-1/320213542_1151117012197962_3483983345157551194_n.jpg?stp=cp0_dst-jpg_s32x32&_nc_cat=104&ccb=1-7&_nc_sid=0ecb9b&_nc_ohc=fIIUyl6CNSkQ7kNvgGWz6nc&_nc_ht=scontent-hou1-1.xx&oh=00_AYAkX3Kgf9ek02-Y5AOJ2zedtZqYhq9-2AWRMoFidGdpow&oe=66E81C7F","https://www.facebook.com/agugnkurniawan",,,
,,,,,"https://www.facebook.com/100009994003233/posts/2301172510225860?comment_id=1866969937124089","1","2024-09-05T14:33:00.000Z","2301172510225860","https://www.facebook.com/100009994003233/posts/2301172510225860","ZmVlZGJhY2s6MjMwMTE3MjUxMDIyNTg2MF8xODY2OTY5OTM3MTI0MDg5","Y29tbWVudDoyMzAxMTcyNTEwMjI1ODYwXzE4NjY5Njk5MzcxMjQwODk=","https://www.facebook.com/100009994003233/posts/2301172510225860","1","200476579818147","false","Semangka PRAYA F1 Cap Bintang Asia Produksi dari PT Benih Citra Asia 
Semangka Berbiji Dagingnya Merah Rasanya yang Sangat Manis, 
Berkulit Hijau Gelap. Perawatan nya sangat Mudah dengan Produksi Hasil yang Tinggi..
Salam SEMUA ORANG @sorotan Petani semangka Sumut Bintang Asia Tapanuli Selatan Benih Citra Asia Tapanuli Sein Asmar Bintang Asia","pfbid02AXUrfBhgcreVy429eu8hzk1UXCfyQs6ZMZ9mDxATiW5wokosVdrHKUv1qTuayFdEl","Al Viadi","https://scontent-hou1-1.xx.fbcdn.net/v/t39.30808-1/431406149_1114183626576475_2545995810815818478_n.jpg?stp=cp0_dst-jpg_s32x32&_nc_cat=109&ccb=1-7&_nc_sid=0ecb9b&_nc_ohc=XLnBAUNaB84Q7kNvgGhqDtV&_nc_ht=scontent-hou1-1.xx&oh=00_AYAih11bjUkTk5fLPufHryJM0IudbEAVIEZZnrN-gJS3rQ&oe=66E813EE","https://www.facebook.com/alviadi.viadi",,"Kayak pernah liat aroma tangan nya itu kang 🤔🤔🤔",
,,,,,"https://www.facebook.com/100009994003233/posts/2301977806811997?comment_id=510300281724724",,"2024-09-06T11:11:42.000Z","2301977806811997","https://www.facebook.com/100009994003233/posts/2301977806811997","ZmVlZGJhY2s6MjMwMTk3NzgwNjgxMTk5N181MTAzMDAyODE3MjQ3MjQ=","Y29tbWVudDoyMzAxOTc3ODA2ODExOTk3XzUxMDMwMDI4MTcyNDcyNA==","https://www.facebook.com/100009994003233/posts/2301977806811997","0","200476579818147","false","Produk Baruu 📢📢📢

Labu ROLAND F1, Cap Bintang Asia Produksi dari PT Benih Citra Asia .
Ini adalah Labu Dengan Type Ukuran Mini, Bobot 1000gr - 1800gr Per Buah. 
Permukaan Kulit nya menggerutu, Tekstur Daging nya Pulen dan Lembut.
Perawatannya Cukup Mudah, Dapat Di buah kan 4-5 buah pertanaman.
Bakal Buah Gampang Nyantol..

Salam SEMUA ORANG @sorotan Bintang Asia Tapanuli Selatan Benih Citra Asia Tapanuli Sein Asmar Bintang Asia","100009994003233","Ilham Bintang Asia","https://scontent-lga3-2.xx.fbcdn.net/v/t39.30808-1/349801600_780566773437800_6977822504580595866_n.jpg?stp=cp0_dst-jpg_s32x32&_nc_cat=100&ccb=1-7&_nc_sid=50d2ac&_nc_ohc=w64G2i4iBfEQ7kNvgHNoEP3&_nc_ht=scontent-lga3-2.xx&_nc_gid=AmcBU4ybh6zZi2gHl2tMy_o&oh=00_AYBkAQXnv_t7ymZp8vjdALo9C4g6ZAhOvXbuEyfwjJaxYA&oe=66E813BB","https://www.facebook.com/ilham.ajo.37604","Y29tbWVudDoyMzAxOTc3ODA2ODExOTk3XzExNzAxNjIyNjc1NzU3OTk=","Sutarman Ar Rasyid Otewe Bosku","1"
"animated_image_autoplay","animated_image_share","image_share","share","fallback","https://www.facebook.com/100009994003233/posts/2301977806811997?comment_id=1575690596635621",,"2024-09-06T11:49:54.000Z","2301977806811997","https://www.facebook.com/100009994003233/posts/2301977806811997","ZmVlZGJhY2s6MjMwMTk3NzgwNjgxMTk5N18xNTc1NjkwNTk2NjM1NjIx","Y29tbWVudDoyMzAxOTc3ODA2ODExOTk3XzE1NzU2OTA1OTY2MzU2MjE=","https://www.facebook.com/100009994003233/posts/2301977806811997","0","200476579818147","false","Produk Baruu 📢📢📢

Labu ROLAND F1, Cap Bintang Asia Produksi dari PT Benih Citra Asia .
Ini adalah Labu Dengan Type Ukuran Mini, Bobot 1000gr - 1800gr Per Buah. 
Permukaan Kulit nya menggerutu, Tekstur Daging nya Pulen dan Lembut.
Perawatannya Cukup Mudah, Dapat Di buah kan 4-5 buah pertanaman.
Bakal Buah Gampang Nyantol..

Salam SEMUA ORANG @sorotan Bintang Asia Tapanuli Selatan Benih Citra Asia Tapanuli Sein Asmar Bintang Asia","100009994003233","Ilham Bintang Asia","https://scontent.fplu31-1.fna.fbcdn.net/v/t39.30808-1/349801600_780566773437800_6977822504580595866_n.jpg?stp=cp0_dst-jpg_s32x32&_nc_cat=100&ccb=1-7&_nc_sid=50d2ac&_nc_ohc=w64G2i4iBfEQ7kNvgFGZtXS&_nc_ht=scontent.fplu31-1.fna&_nc_gid=ALl91oG_rkjVOu816prZU_Q&oh=00_AYBKCSI9SruXCMCV2Szg5gPPSgKCJ5MbfVUE3pNUyZCubw&oe=66E813BB","https://www.facebook.com/ilham.ajo.37604","Y29tbWVudDoyMzAxOTc3ODA2ODExOTk3XzE0MTU0Mjg0MTU3OTI3NzY=","Renzy Bintangasia 🔥🔥🔥","1"
,,,,,"https://www.facebook.com/100009994003233/posts/2302586876751090?comment_id=1437548526906599",,"2024-09-09T12:25:35.000Z","2302586876751090","https://www.facebook.com/100009994003233/posts/2302586876751090","ZmVlZGJhY2s6MjMwMjU4Njg3Njc1MTA5MF8xNDM3NTQ4NTI2OTA2NTk5","Y29tbWVudDoyMzAyNTg2ODc2NzUxMDkwXzE0Mzc1NDg1MjY5MDY1OTk=","https://www.facebook.com/100009994003233/posts/2302586876751090","1","357880607403962","false","Benih Cabe Kriting JURO f1 di Banjarwangi Kabupaten Garut
 Semoga harga buah cabenya naik lagi. aamiin
Jangan Ragu tanam cabe JURO f1 sudah terbukti hasilnya
Smoga selalu diberikan kesehatan dan kelancaran
Sayangi Ayah dan Ibu selagi ada, yang sudah tiada mudah mudahan ahli surga.. Aamiin
Selalu bersyukur dan tetap semangat mencari ridho Alloh #benihbintangasia
 #benihcabe
#fyp
Benih Citra Asia Bintang Asia Lembang pengikut #fbpro","100009994003233","Ilham Bintang Asia","https://scontent-dfw5-2.xx.fbcdn.net/v/t39.30808-1/349801600_780566773437800_6977822504580595866_n.jpg?stp=cp0_dst-jpg_s32x32&_nc_cat=100&ccb=1-7&_nc_sid=50d2ac&_nc_ohc=w64G2i4iBfEQ7kNvgHAHKWb&_nc_ht=scontent-dfw5-2.xx&oh=00_AYBl4yw5S5G1siIUMp5KXMUSYhz47igt-38FZmnJw6Bszg&oe=66E813BB","https://www.facebook.com/ilham.ajo.37604","Y29tbWVudDoyMzAyNTg2ODc2NzUxMDkwXzM0NDMxOTE1OTkzMTQ1Mzk=","Kopi Susu belum ada Mase 😁","1"
,,,,,"https://www.facebook.com/100009994003233/posts/2302586876751090?comment_id=549164910774186",,"2024-09-09T04:10:43.000Z","2302586876751090","https://www.facebook.com/100009994003233/posts/2302586876751090","ZmVlZGJhY2s6MjMwMjU4Njg3Njc1MTA5MF81NDkxNjQ5MTA3NzQxODY=","Y29tbWVudDoyMzAyNTg2ODc2NzUxMDkwXzU0OTE2NDkxMDc3NDE4Ng==","https://www.facebook.com/100009994003233/posts/2302586876751090","0","357880607403962","false","Benih Cabe Kriting JURO f1 di Banjarwangi Kabupaten Garut
 Semoga harga buah cabenya naik lagi. aamiin
Jangan Ragu tanam cabe JURO f1 sudah terbukti hasilnya
Smoga selalu diberikan kesehatan dan kelancaran
Sayangi Ayah dan Ibu selagi ada, yang sudah tiada mudah mudahan ahli surga.. Aamiin
Selalu bersyukur dan tetap semangat mencari ridho Alloh #benihbintangasia
 #benihcabe
#fyp
Benih Citra Asia Bintang Asia Lembang pengikut #fbpro","100007578522755","Renzy Bintangasia","https://scontent-bsb1-1.xx.fbcdn.net/v/t39.30808-1/426012403_3605728109689771_2277782955804277447_n.jpg?stp=cp0_dst-jpg_s32x32&_nc_cat=104&ccb=1-7&_nc_sid=50d2ac&_nc_ohc=M574j_z4JmsQ7kNvgGacAsx&_nc_ht=scontent-bsb1-1.xx&_nc_gid=ASEgrE0avcDwc2w3IVxo64I&oh=00_AYDJ2O3Gg-6lSCaT5Ebt7YN80yLkSDj-8CV0HjYIgTEo2w&oe=66E81F84","https://www.facebook.com/renzi.prayuda","Y29tbWVudDoyMzAyNTg2ODc2NzUxMDkwXzIzMzg3NTI5MTMxMjM0OTU=","Ilham Bintang Asia hahaha 🤣🤣","1"
,,,,,"https://www.facebook.com/100009994003233/posts/2305421773134267?comment_id=381269875025494",,"2024-09-10T14:49:26.000Z","2305421773134267","https://www.facebook.com/100009994003233/posts/2305421773134267","ZmVlZGJhY2s6MjMwNTQyMTc3MzEzNDI2N18zODEyNjk4NzUwMjU0OTQ=","Y29tbWVudDoyMzA1NDIxNzczMTM0MjY3XzM4MTI2OTg3NTAyNTQ5NA==","https://www.facebook.com/100009994003233/posts/2305421773134267","0","200476579818147","false","Yang Baru, Yang Baruuuuu📢📢📢

LAZIO F1, 
Semangka Non Biji Cap Bintang Asia Produksi dari PT Benih Citra Asia 

Salam SEMUA ORANG @sorotan #Viral #fyp #semangka #petani Petani semangka Sumut Petani Semangka  Indonesia Petani Semangka Riau","100007578522755","Renzy Bintangasia","https://scontent.ftpa1-2.fna.fbcdn.net/v/t39.30808-1/426012403_3605728109689771_2277782955804277447_n.jpg?stp=cp0_dst-jpg_s32x32&_nc_cat=104&ccb=1-7&_nc_sid=50d2ac&_nc_ohc=M574j_z4JmsQ7kNvgEAkUxb&_nc_ht=scontent.ftpa1-2.fna&_nc_gid=AneO4bHwtC0fE2Stzktq-lQ&oh=00_AYDx8nvcO_v8Q8_xcCu2-prOE7wjXLKtzKUMGdeOzbPmRg&oe=66E81F84","https://www.facebook.com/renzi.prayuda","Y29tbWVudDoyMzA1NDIxNzczMTM0MjY3Xzg5MjA3NjQwMDc5Mzc2MTM=","Ilham Bintang Asia yimak om 😂","2"
,,,,,"https://www.facebook.com/100009994003233/posts/2305421773134267?comment_id=543272781457508","1","2024-09-10T09:37:49.000Z","2305421773134267","https://www.facebook.com/100009994003233/posts/2305421773134267","ZmVlZGJhY2s6MjMwNTQyMTc3MzEzNDI2N181NDMyNzI3ODE0NTc1MDg=","Y29tbWVudDoyMzA1NDIxNzczMTM0MjY3XzU0MzI3Mjc4MTQ1NzUwOA==","https://www.facebook.com/100009994003233/posts/2305421773134267","0","200476579818147","false","Yang Baru, Yang Baruuuuu📢📢📢

LAZIO F1, 
Semangka Non Biji Cap Bintang Asia Produksi dari PT Benih Citra Asia 

Salam SEMUA ORANG @sorotan #Viral #fyp #semangka #petani Petani semangka Sumut Petani Semangka  Indonesia Petani Semangka Riau","100009994003233","Ilham Bintang Asia","https://scontent.ftpa1-2.fna.fbcdn.net/v/t39.30808-1/349801600_780566773437800_6977822504580595866_n.jpg?stp=cp0_dst-jpg_s32x32&_nc_cat=100&ccb=1-7&_nc_sid=50d2ac&_nc_ohc=w64G2i4iBfEQ7kNvgEb6gZx&_nc_ht=scontent.ftpa1-2.fna&_nc_gid=AneO4bHwtC0fE2Stzktq-lQ&oh=00_AYBMNVNlOQT3U68NfDxOubdzFRWfGKlIOqSrLetiY_MtaQ&oe=66E813BB","https://www.facebook.com/ilham.ajo.37604","Y29tbWVudDoyMzA1NDIxNzczMTM0MjY3Xzg5MjA3NjQwMDc5Mzc2MTM=","Day Cylacap masih mahal Bg","1"
,,,,,"https://www.facebook.com/100009994003233/posts/2302586876751090?comment_id=504592992328845",,"2024-09-07T07:37:52.000Z","2302586876751090","https://www.facebook.com/100009994003233/posts/2302586876751090","ZmVlZGJhY2s6MjMwMjU4Njg3Njc1MTA5MF81MDQ1OTI5OTIzMjg4NDU=","Y29tbWVudDoyMzAyNTg2ODc2NzUxMDkwXzUwNDU5Mjk5MjMyODg0NQ==","https://www.facebook.com/100009994003233/posts/2302586876751090","0","357880607403962","false","Benih Cabe Kriting JURO f1 di Banjarwangi Kabupaten Garut
 Semoga harga buah cabenya naik lagi. aamiin
Jangan Ragu tanam cabe JURO f1 sudah terbukti hasilnya
Smoga selalu diberikan kesehatan dan kelancaran
Sayangi Ayah dan Ibu selagi ada, yang sudah tiada mudah mudahan ahli surga.. Aamiin
Selalu bersyukur dan tetap semangat mencari ridho Alloh #benihbintangasia
 #benihcabe
#fyp
Benih Citra Asia Bintang Asia Lembang pengikut #fbpro","100009994003233","Ilham Bintang Asia","https://scontent.fbaq10-2.fna.fbcdn.net/v/t39.30808-1/349801600_780566773437800_6977822504580595866_n.jpg?stp=cp0_dst-jpg_s32x32&_nc_cat=100&ccb=1-7&_nc_sid=50d2ac&_nc_ohc=w64G2i4iBfEQ7kNvgEPFxqI&_nc_ht=scontent.fbaq10-2.fna&_nc_gid=A7NVe-CcMUzkqqNaVVWiE8P&oh=00_AYCXzSFlkQJvgL_2fmfXuJ7TTtltE7TIHIg8ImqfULuETA&oe=66E813BB","https://www.facebook.com/ilham.ajo.37604","Y29tbWVudDoyMzAyNTg2ODc2NzUxMDkwXzE0ODMyOTQ0NTYzOTY1NDU=","Mukhlis Aly Menengah sampai Tinggi Bg","1"
,,,,,"https://www.facebook.com/100009994003233/posts/2302586876751090?comment_id=1908254136341327",,"2024-09-09T14:58:00.000Z","2302586876751090","https://www.facebook.com/100009994003233/posts/2302586876751090","ZmVlZGJhY2s6MjMwMjU4Njg3Njc1MTA5MF8xOTA4MjU0MTM2MzQxMzI3","Y29tbWVudDoyMzAyNTg2ODc2NzUxMDkwXzE5MDgyNTQxMzYzNDEzMjc=","https://www.facebook.com/100009994003233/posts/2302586876751090","2","357880607403962","false","Benih Cabe Kriting JURO f1 di Banjarwangi Kabupaten Garut
 Semoga harga buah cabenya naik lagi. aamiin
Jangan Ragu tanam cabe JURO f1 sudah terbukti hasilnya
Smoga selalu diberikan kesehatan dan kelancaran
Sayangi Ayah dan Ibu selagi ada, yang sudah tiada mudah mudahan ahli surga.. Aamiin
Selalu bersyukur dan tetap semangat mencari ridho Alloh #benihbintangasia
 #benihcabe
#fyp
Benih Citra Asia Bintang Asia Lembang pengikut #fbpro","100009994003233","Ilham Bintang Asia","https://scontent-iad3-2.xx.fbcdn.net/v/t39.30808-1/349801600_780566773437800_6977822504580595866_n.jpg?stp=cp0_dst-jpg_s32x32&_nc_cat=100&ccb=1-7&_nc_sid=50d2ac&_nc_ohc=w64G2i4iBfEQ7kNvgFVg2qE&_nc_ht=scontent-iad3-2.xx&_nc_gid=AWXq-X-gh2FsUMmO7_ZMisR&oh=00_AYBfJfspvaxyrU6uJr79bLF2fbJc8F-nk7WXxBhb3Ijm8A&oe=66E813BB","https://www.facebook.com/ilham.ajo.37604","Y29tbWVudDoyMzAyNTg2ODc2NzUxMDkwXzEwNjU2NzQ4MDg0ODIwMTU=","Purwatmo Sementara Info sampel di tutup Mase 🤣","1"
,,,,,"https://www.facebook.com/100009994003233/posts/2305421773134267?comment_id=1212571063225407",,"2024-09-10T09:37:23.000Z","2305421773134267","https://www.facebook.com/100009994003233/posts/2305421773134267","ZmVlZGJhY2s6MjMwNTQyMTc3MzEzNDI2N18xMjEyNTcxMDYzMjI1NDA3","Y29tbWVudDoyMzA1NDIxNzczMTM0MjY3XzEyMTI1NzEwNjMyMjU0MDc=","https://www.facebook.com/100009994003233/posts/2305421773134267","0","200476579818147","false","Yang Baru, Yang Baruuuuu📢📢📢

LAZIO F1, 
Semangka Non Biji Cap Bintang Asia Produksi dari PT Benih Citra Asia 

Salam SEMUA ORANG @sorotan #Viral #fyp #semangka #petani Petani semangka Sumut Petani Semangka  Indonesia Petani Semangka Riau","100009994003233","Ilham Bintang Asia","https://scontent.fsyq2-1.fna.fbcdn.net/v/t39.30808-1/349801600_780566773437800_6977822504580595866_n.jpg?stp=cp0_dst-jpg_s32x32&_nc_cat=100&ccb=1-7&_nc_sid=50d2ac&_nc_ohc=w64G2i4iBfEQ7kNvgHkywZp&_nc_ht=scontent.fsyq2-1.fna&_nc_gid=AeTygyLjRyAhrcEZdWet-rh&oh=00_AYAlOM_c9fxuCaw0p58AIMt0Aw4ammnmzOGXgWjKXwVeoQ&oe=66E813BB","https://www.facebook.com/ilham.ajo.37604","Y29tbWVudDoyMzA1NDIxNzczMTM0MjY3XzQ4NjMyNDAxNzY1ODU5MQ==","Yospiqmi Rizal Bintang Asia Gas 25 kg 💥💥💥","1"
,,,,,"https://www.facebook.com/100009994003233/posts/2305421773134267?comment_id=1213990319935188",,"2024-09-10T09:11:40.000Z","2305421773134267","https://www.facebook.com/100009994003233/posts/2305421773134267","ZmVlZGJhY2s6MjMwNTQyMTc3MzEzNDI2N18xMjEzOTkwMzE5OTM1MTg4","Y29tbWVudDoyMzA1NDIxNzczMTM0MjY3XzEyMTM5OTAzMTk5MzUxODg=","https://www.facebook.com/100009994003233/posts/2305421773134267","1","200476579818147","false","Yang Baru, Yang Baruuuuu📢📢📢

LAZIO F1, 
Semangka Non Biji Cap Bintang Asia Produksi dari PT Benih Citra Asia 

Salam SEMUA ORANG @sorotan #Viral #fyp #semangka #petani Petani semangka Sumut Petani Semangka  Indonesia Petani Semangka Riau","100009994003233","Ilham Bintang Asia","https://scontent-atl3-1.xx.fbcdn.net/v/t39.30808-1/349801600_780566773437800_6977822504580595866_n.jpg?stp=cp0_dst-jpg_s32x32&_nc_cat=100&ccb=1-7&_nc_sid=50d2ac&_nc_ohc=w64G2i4iBfEQ7kNvgFJJhKA&_nc_ht=scontent-atl3-1.xx&_nc_gid=AurbtFwd6Y0Uvi74uWYRMuq&oh=00_AYAwQ1bLXXi4NR66HoKuz1dYBMhUe8GxbtTSAln46kA5vA&oe=66E813BB","https://www.facebook.com/ilham.ajo.37604","Y29tbWVudDoyMzA1NDIxNzczMTM0MjY3XzUzOTM3NzA4MjA4NzQ4OQ==","Ridwan Ginting mejuah juah Bg 😃","1"
,,,,,"https://www.facebook.com/100009994003233/posts/2301172510225860?comment_id=1027054362296906",,"2024-09-06T02:38:41.000Z","2301172510225860","https://www.facebook.com/100009994003233/posts/2301172510225860","ZmVlZGJhY2s6MjMwMTE3MjUxMDIyNTg2MF8xMDI3MDU0MzYyMjk2OTA2","Y29tbWVudDoyMzAxMTcyNTEwMjI1ODYwXzEwMjcwNTQzNjIyOTY5MDY=","https://www.facebook.com/100009994003233/posts/2301172510225860","0","200476579818147","false","Semangka PRAYA F1 Cap Bintang Asia Produksi dari PT Benih Citra Asia 
Semangka Berbiji Dagingnya Merah Rasanya yang Sangat Manis, 
Berkulit Hijau Gelap. Perawatan nya sangat Mudah dengan Produksi Hasil yang Tinggi..
Salam SEMUA ORANG @sorotan Petani semangka Sumut Bintang Asia Tapanuli Selatan Benih Citra Asia Tapanuli Sein Asmar Bintang Asia","100009994003233","Ilham Bintang Asia","https://scontent-lhr6-2.xx.fbcdn.net/v/t39.30808-1/349801600_780566773437800_6977822504580595866_n.jpg?stp=cp0_dst-jpg_s32x32&_nc_cat=100&ccb=1-7&_nc_sid=50d2ac&_nc_ohc=w64G2i4iBfEQ7kNvgF9qiK-&_nc_ht=scontent-lhr6-2.xx&_nc_gid=AJBAbA98qs6jPVfqMHSkggE&oh=00_AYDDDXXiHYUlU6mCr7WaoBxez-bQLldqlGaBRBj91CNgUQ&oe=66E813BB","https://www.facebook.com/ilham.ajo.37604","Y29tbWVudDoyMzAxMTcyNTEwMjI1ODYwXzM1MDY3MzkyNjk2MjM2MzE=","Rahmat Janur Hanya 58 - 60 Hst Pak..","1"
,,,,,"https://www.facebook.com/100009994003233/posts/2305421773134267?comment_id=1649502009178172",,"2024-09-10T10:23:52.000Z","2305421773134267","https://www.facebook.com/100009994003233/posts/2305421773134267","ZmVlZGJhY2s6MjMwNTQyMTc3MzEzNDI2N18xNjQ5NTAyMDA5MTc4MTcy","Y29tbWVudDoyMzA1NDIxNzczMTM0MjY3XzE2NDk1MDIwMDkxNzgxNzI=","https://www.facebook.com/100009994003233/posts/2305421773134267","0","200476579818147","false","Yang Baru, Yang Baruuuuu📢📢📢

LAZIO F1, 
Semangka Non Biji Cap Bintang Asia Produksi dari PT Benih Citra Asia 

Salam SEMUA ORANG @sorotan #Viral #fyp #semangka #petani Petani semangka Sumut Petani Semangka  Indonesia Petani Semangka Riau","100009994003233","Ilham Bintang Asia","https://scontent-gru1-2.xx.fbcdn.net/v/t39.30808-1/349801600_780566773437800_6977822504580595866_n.jpg?stp=cp0_dst-jpg_s32x32&_nc_cat=100&ccb=1-7&_nc_sid=50d2ac&_nc_ohc=w64G2i4iBfEQ7kNvgFjguor&_nc_ht=scontent-gru1-2.xx&_nc_gid=Ar2pJ4Ew3Im9qqyVaXUsBYG&oh=00_AYCXR0yEZd6sPqJaAwyGiLXk5k8nVXSGEnZmSWqdjr0dBA&oe=66E813BB","https://www.facebook.com/ilham.ajo.37604","Y29tbWVudDoyMzA1NDIxNzczMTM0MjY3Xzg4MjQ4NDI5NzE1MDQzMw==","Renzy Bintangasia Gasss Luurr...","1"
,,,,,"https://www.facebook.com/100009994003233/posts/2303044536705324?comment_id=1048126470154341","1","2024-09-07T14:48:16.000Z","2303044536705324","https://www.facebook.com/100009994003233/posts/2303044536705324","ZmVlZGJhY2s6MjMwMzA0NDUzNjcwNTMyNF8xMDQ4MTI2NDcwMTU0MzQx","Y29tbWVudDoyMzAzMDQ0NTM2NzA1MzI0XzEwNDgxMjY0NzAxNTQzNDE=","https://www.facebook.com/100009994003233/posts/2303044536705324","1",,,"Ingatlah, Pekerjaan Akan terasa Ringan Bila Tidak Dikerjakan....

@sorotan SEMUA ORANG #fyp #Virall","100007578522755","Renzy Bintangasia","https://scontent-iad3-1.xx.fbcdn.net/v/t39.30808-1/426012403_3605728109689771_2277782955804277447_n.jpg?stp=cp0_dst-jpg_s32x32&_nc_cat=104&ccb=1-7&_nc_sid=50d2ac&_nc_ohc=M574j_z4JmsQ7kNvgE9VChP&_nc_ht=scontent-iad3-1.xx&_nc_gid=AGQt6CpgyKMN33rwuim-LP7&oh=00_AYBJToaVFRSFV9TgOsFd9D9ddegfSzTuT2UfL-ijSHOjHg&oe=66E81F84","https://www.facebook.com/renzi.prayuda",,"Masokk pak eko",
,,,,,"https://www.facebook.com/100009994003233/posts/2301172510225860?comment_id=1183267202968923",,"2024-09-06T02:37:40.000Z","2301172510225860","https://www.facebook.com/100009994003233/posts/2301172510225860","ZmVlZGJhY2s6MjMwMTE3MjUxMDIyNTg2MF8xMTgzMjY3MjAyOTY4OTIz","Y29tbWVudDoyMzAxMTcyNTEwMjI1ODYwXzExODMyNjcyMDI5Njg5MjM=","https://www.facebook.com/100009994003233/posts/2301172510225860","0","200476579818147","false","Semangka PRAYA F1 Cap Bintang Asia Produksi dari PT Benih Citra Asia 
Semangka Berbiji Dagingnya Merah Rasanya yang Sangat Manis, 
Berkulit Hijau Gelap. Perawatan nya sangat Mudah dengan Produksi Hasil yang Tinggi..
Salam SEMUA ORANG @sorotan Petani semangka Sumut Bintang Asia Tapanuli Selatan Benih Citra Asia Tapanuli Sein Asmar Bintang Asia","100009994003233","Ilham Bintang Asia","https://scontent-lga3-2.xx.fbcdn.net/v/t39.30808-1/349801600_780566773437800_6977822504580595866_n.jpg?stp=cp0_dst-jpg_s32x32&_nc_cat=100&ccb=1-7&_nc_sid=50d2ac&_nc_ohc=w64G2i4iBfEQ7kNvgE_7l_3&_nc_ht=scontent-lga3-2.xx&_nc_gid=AjFiB_-Oy7TdR801YncBekh&oh=00_AYBf_mDbFzYow7OIiOnXyQf_8IGHZoSXAxt8IbMyF2EbgA&oe=66E813BB","https://www.facebook.com/ilham.ajo.37604","Y29tbWVudDoyMzAxMTcyNTEwMjI1ODYwXzI2MDIyNDU1OTk5ODMxNjQ=","Opeq Bintang Asia Mangtaaabb ☝️","1"
,,,,,"https://www.facebook.com/100009994003233/posts/2301172510225860?comment_id=1322093428768232",,"2024-09-06T02:37:18.000Z","2301172510225860","https://www.facebook.com/100009994003233/posts/2301172510225860","ZmVlZGJhY2s6MjMwMTE3MjUxMDIyNTg2MF8xMzIyMDkzNDI4NzY4MjMy","Y29tbWVudDoyMzAxMTcyNTEwMjI1ODYwXzEzMjIwOTM0Mjg3NjgyMzI=","https://www.facebook.com/100009994003233/posts/2301172510225860","0","200476579818147","false","Semangka PRAYA F1 Cap Bintang Asia Produksi dari PT Benih Citra Asia 
Semangka Berbiji Dagingnya Merah Rasanya yang Sangat Manis, 
Berkulit Hijau Gelap. Perawatan nya sangat Mudah dengan Produksi Hasil yang Tinggi..
Salam SEMUA ORANG @sorotan Petani semangka Sumut Bintang Asia Tapanuli Selatan Benih Citra Asia Tapanuli Sein Asmar Bintang Asia","100009994003233","Ilham Bintang Asia","https://scontent-mia3-1.xx.fbcdn.net/v/t39.30808-1/349801600_780566773437800_6977822504580595866_n.jpg?stp=cp0_dst-jpg_s32x32&_nc_cat=100&ccb=1-7&_nc_sid=50d2ac&_nc_ohc=w64G2i4iBfEQ7kNvgH8tDGH&_nc_ht=scontent-mia3-1.xx&_nc_gid=AXWHTlJ4H_tnbEd0_NB7Om-&oh=00_AYC1jkolRFWIYg7Bvn-kR7zW0PcboUD9yKYUxqiq3dIAkw&oe=66E813BB","https://www.facebook.com/ilham.ajo.37604","Y29tbWVudDoyMzAxMTcyNTEwMjI1ODYwXzg3OTE5NTU4MzU5NTY2OA==","Eric Z ± 400 biji Bg","1"
"animated_image_autoplay","animated_image_share","image_share","share","fallback","https://www.facebook.com/100009994003233/posts/2301172510225860?comment_id=508959631736833",,"2024-09-06T02:41:01.000Z","2301172510225860","https://www.facebook.com/100009994003233/posts/2301172510225860","ZmVlZGJhY2s6MjMwMTE3MjUxMDIyNTg2MF81MDg5NTk2MzE3MzY4MzM=","Y29tbWVudDoyMzAxMTcyNTEwMjI1ODYwXzUwODk1OTYzMTczNjgzMw==","https://www.facebook.com/100009994003233/posts/2301172510225860","0","200476579818147","false","Semangka PRAYA F1 Cap Bintang Asia Produksi dari PT Benih Citra Asia 
Semangka Berbiji Dagingnya Merah Rasanya yang Sangat Manis, 
Berkulit Hijau Gelap. Perawatan nya sangat Mudah dengan Produksi Hasil yang Tinggi..
Salam SEMUA ORANG @sorotan Petani semangka Sumut Bintang Asia Tapanuli Selatan Benih Citra Asia Tapanuli Sein Asmar Bintang Asia","100009994003233","Ilham Bintang Asia","https://scontent-for1-1.xx.fbcdn.net/v/t39.30808-1/349801600_780566773437800_6977822504580595866_n.jpg?stp=cp0_dst-jpg_s32x32&_nc_cat=100&ccb=1-7&_nc_sid=50d2ac&_nc_ohc=w64G2i4iBfEQ7kNvgHW9aXz&_nc_ht=scontent-for1-1.xx&_nc_gid=AAWaaKtpsIPLfF7HroEsuqb&oh=00_AYB1pEAD1o-r02tZW0ZQKNCJF5aFXPYN7DDUyMk4-sVvDA&oe=66E813BB","https://www.facebook.com/ilham.ajo.37604","Y29tbWVudDoyMzAxMTcyNTEwMjI1ODYwXzEwNTAxMzQ3NzY2MTY2NTk=","Agung Kurniawan Meledakkkk..","1"
,,,,,"https://www.facebook.com/100009994003233/posts/2301172510225860?comment_id=899523745361089",,"2024-09-09T02:59:32.000Z","2301172510225860","https://www.facebook.com/100009994003233/posts/2301172510225860","ZmVlZGJhY2s6MjMwMTE3MjUxMDIyNTg2MF84OTk1MjM3NDUzNjEwODk=","Y29tbWVudDoyMzAxMTcyNTEwMjI1ODYwXzg5OTUyMzc0NTM2MTA4OQ==","https://www.facebook.com/100009994003233/posts/2301172510225860","0","200476579818147","false","Semangka PRAYA F1 Cap Bintang Asia Produksi dari PT Benih Citra Asia 
Semangka Berbiji Dagingnya Merah Rasanya yang Sangat Manis, 
Berkulit Hijau Gelap. Perawatan nya sangat Mudah dengan Produksi Hasil yang Tinggi..
Salam SEMUA ORANG @sorotan Petani semangka Sumut Bintang Asia Tapanuli Selatan Benih Citra Asia Tapanuli Sein Asmar Bintang Asia","100009994003233","Ilham Bintang Asia","https://scontent.fvix7-1.fna.fbcdn.net/v/t39.30808-1/349801600_780566773437800_6977822504580595866_n.jpg?stp=cp0_dst-jpg_s32x32&_nc_cat=100&ccb=1-7&_nc_sid=50d2ac&_nc_ohc=w64G2i4iBfEQ7kNvgE9NBq1&_nc_ht=scontent.fvix7-1.fna&_nc_gid=AzlUKIfWrWZ3CUm7u1z9uzx&oh=00_AYBx_Pt7HqfFovjZkzhUZUrcXWQxj7hkwRq2tpsrWJo8mA&oe=66E813BB","https://www.facebook.com/ilham.ajo.37604","Y29tbWVudDoyMzAxMTcyNTEwMjI1ODYwXzM4MDMwMTUwMDMyNzU1OTQ=","Renzy Bintangasia Meledak 💥💥💥","1"
,,,,,"https://www.facebook.com/100009994003233/posts/2301172510225860?comment_id=841981041382069",,"2024-09-05T14:42:57.000Z","2301172510225860","https://www.facebook.com/100009994003233/posts/2301172510225860","ZmVlZGJhY2s6MjMwMTE3MjUxMDIyNTg2MF84NDE5ODEwNDEzODIwNjk=","Y29tbWVudDoyMzAxMTcyNTEwMjI1ODYwXzg0MTk4MTA0MTM4MjA2OQ==","https://www.facebook.com/100009994003233/posts/2301172510225860","0","200476579818147","false","Semangka PRAYA F1 Cap Bintang Asia Produksi dari PT Benih Citra Asia 
Semangka Berbiji Dagingnya Merah Rasanya yang Sangat Manis, 
Berkulit Hijau Gelap. Perawatan nya sangat Mudah dengan Produksi Hasil yang Tinggi..
Salam SEMUA ORANG @sorotan Petani semangka Sumut Bintang Asia Tapanuli Selatan Benih Citra Asia Tapanuli Sein Asmar Bintang Asia","100009994003233","Ilham Bintang Asia","https://scontent-ord5-2.xx.fbcdn.net/v/t39.30808-1/349801600_780566773437800_6977822504580595866_n.jpg?stp=cp0_dst-jpg_s32x32&_nc_cat=100&ccb=1-7&_nc_sid=50d2ac&_nc_ohc=w64G2i4iBfEQ7kNvgGS9RE3&_nc_ht=scontent-ord5-2.xx&oh=00_AYD_GEHg81ersrSBvoLo-2CqtYRdrND1PnKrOnAQ7a_Dwg&oe=66E813BB","https://www.facebook.com/ilham.ajo.37604","Y29tbWVudDoyMzAxMTcyNTEwMjI1ODYwXzE4NjY5Njk5MzcxMjQwODk=","Al Viadi Aroma Kopi Atjeh Kang 😂","1"
"sticker","fallback",,,,"https://www.facebook.com/100009994003233/posts/2303031816706596?comment_id=1245385546620133",,"2024-09-09T02:57:08.000Z","2303031816706596","https://www.facebook.com/100009994003233/posts/2303031816706596","ZmVlZGJhY2s6MjMwMzAzMTgxNjcwNjU5Nl8xMjQ1Mzg1NTQ2NjIwMTMz","Y29tbWVudDoyMzAzMDMxODE2NzA2NTk2XzEyNDUzODU1NDY2MjAxMzM=","https://www.facebook.com/100009994003233/posts/2303031816706596","0",,,"VIRALL...
Cabe CMK TAVI Cap Bintang Asia Produksi dari PT Benih Citra Asia...

SEMUA ORANG @sorotan #cabe #sayur #petani #bisnis #viral #fyp...","100009994003233","Ilham Bintang Asia","https://scontent-iad3-2.xx.fbcdn.net/v/t39.30808-1/349801600_780566773437800_6977822504580595866_n.jpg?stp=cp0_dst-jpg_s32x32&_nc_cat=100&ccb=1-7&_nc_sid=50d2ac&_nc_ohc=w64G2i4iBfEQ7kNvgG4VVm-&_nc_ht=scontent-iad3-2.xx&_nc_gid=Akc87wp9iIwSqB-Xo2zU3tT&oh=00_AYCMp45DGgBUhVnwBeZ7i7XCQiDwMd1nhebd0eukX_YRHQ&oe=66E813BB","https://www.facebook.com/ilham.ajo.37604","Y29tbWVudDoyMzAzMDMxODE2NzA2NTk2XzEyNDczNDg1ODk2MTA4MTM=","Opeq Bintang Asia Yang Pasti nya sangat disukai Pasar..","1"
,,,,,"https://www.facebook.com/100009994003233/posts/2301172510225860?comment_id=1037956027731886",,"2024-09-05T22:08:48.000Z","2301172510225860","https://www.facebook.com/100009994003233/posts/2301172510225860","ZmVlZGJhY2s6MjMwMTE3MjUxMDIyNTg2MF8xMDM3OTU2MDI3NzMxODg2","Y29tbWVudDoyMzAxMTcyNTEwMjI1ODYwXzEwMzc5NTYwMjc3MzE4ODY=","https://www.facebook.com/100009994003233/posts/2301172510225860","0","200476579818147","false","Semangka PRAYA F1 Cap Bintang Asia Produksi dari PT Benih Citra Asia 
Semangka Berbiji Dagingnya Merah Rasanya yang Sangat Manis, 
Berkulit Hijau Gelap. Perawatan nya sangat Mudah dengan Produksi Hasil yang Tinggi..
Salam SEMUA ORANG @sorotan Petani semangka Sumut Bintang Asia Tapanuli Selatan Benih Citra Asia Tapanuli Sein Asmar Bintang Asia","100009994003233","Ilham Bintang Asia","https://scontent-hou1-1.xx.fbcdn.net/v/t39.30808-1/349801600_780566773437800_6977822504580595866_n.jpg?stp=cp0_dst-jpg_s32x32&_nc_cat=100&ccb=1-7&_nc_sid=50d2ac&_nc_ohc=w64G2i4iBfEQ7kNvgHWUj_N&_nc_ht=scontent-hou1-1.xx&_nc_gid=AjWBoeUr3goS_ZfWxSRFeEN&oh=00_AYA0_NajRfN19NrxUdr7oiHt_IL__uHKrhEaE1BvreX0JA&oe=66E813BB","https://www.facebook.com/ilham.ajo.37604","Y29tbWVudDoyMzAxMTcyNTEwMjI1ODYwXzE2MzcyMzY3NjM3MjU2MDk=","Pristiono Menyalaaaa Bosku 🔥🔥🔥","1"
,,,,,"https://www.facebook.com/100009994003233/posts/2301172510225860?comment_id=541232338327585",,"2024-09-06T02:40:00.000Z","2301172510225860","https://www.facebook.com/100009994003233/posts/2301172510225860","ZmVlZGJhY2s6MjMwMTE3MjUxMDIyNTg2MF81NDEyMzIzMzgzMjc1ODU=","Y29tbWVudDoyMzAxMTcyNTEwMjI1ODYwXzU0MTIzMjMzODMyNzU4NQ==","https://www.facebook.com/100009994003233/posts/2301172510225860","0","200476579818147","false","Semangka PRAYA F1 Cap Bintang Asia Produksi dari PT Benih Citra Asia 
Semangka Berbiji Dagingnya Merah Rasanya yang Sangat Manis, 
Berkulit Hijau Gelap. Perawatan nya sangat Mudah dengan Produksi Hasil yang Tinggi..
Salam SEMUA ORANG @sorotan Petani semangka Sumut Bintang Asia Tapanuli Selatan Benih Citra Asia Tapanuli Sein Asmar Bintang Asia","100009994003233","Ilham Bintang Asia","https://scontent.fvvi1-2.fna.fbcdn.net/v/t39.30808-1/349801600_780566773437800_6977822504580595866_n.jpg?stp=cp0_dst-jpg_s32x32&_nc_cat=100&ccb=1-7&_nc_sid=50d2ac&_nc_ohc=w64G2i4iBfEQ7kNvgFod4Bc&_nc_ht=scontent.fvvi1-2.fna&_nc_gid=AVnKO6DY-fAYcCPcndFB4Nv&oh=00_AYDFmB1keSkGEOa4psiU6P_S6HpDweF9tPN_2DR_mhaGUg&oe=66E813BB","https://www.facebook.com/ilham.ajo.37604","Y29tbWVudDoyMzAxMTcyNTEwMjI1ODYwXzEwNDA0NTM3NjQxNDAyMjk=","Irfan Purnama Gasss Teruss Boskuu","1"
,,,,,"https://www.facebook.com/100009994003233/posts/2301172510225860?comment_id=7868933479901107",,"2024-09-06T02:39:36.000Z","2301172510225860","https://www.facebook.com/100009994003233/posts/2301172510225860","ZmVlZGJhY2s6MjMwMTE3MjUxMDIyNTg2MF83ODY4OTMzNDc5OTAxMTA3","Y29tbWVudDoyMzAxMTcyNTEwMjI1ODYwXzc4Njg5MzM0Nzk5MDExMDc=","https://www.facebook.com/100009994003233/posts/2301172510225860","0","200476579818147","false","Semangka PRAYA F1 Cap Bintang Asia Produksi dari PT Benih Citra Asia 
Semangka Berbiji Dagingnya Merah Rasanya yang Sangat Manis, 
Berkulit Hijau Gelap. Perawatan nya sangat Mudah dengan Produksi Hasil yang Tinggi..
Salam SEMUA ORANG @sorotan Petani semangka Sumut Bintang Asia Tapanuli Selatan Benih Citra Asia Tapanuli Sein Asmar Bintang Asia","100009994003233","Ilham Bintang Asia","https://scontent-dfw5-2.xx.fbcdn.net/v/t39.30808-1/349801600_780566773437800_6977822504580595866_n.jpg?stp=cp0_dst-jpg_s32x32&_nc_cat=100&ccb=1-7&_nc_sid=50d2ac&_nc_ohc=w64G2i4iBfEQ7kNvgFb_uYE&_nc_ht=scontent-dfw5-2.xx&_nc_gid=AB_xeWCtKECyKBnBTKoFRat&oh=00_AYCI9s7B77uZgQ47ldmSV9CyS_wOMPbQIQSG6p-CcX_Z_w&oe=66E813BB","https://www.facebook.com/ilham.ajo.37604","Y29tbWVudDoyMzAxMTcyNTEwMjI1ODYwXzgyNDQ5Mzg1NjE0ODM2MA==","Asep Sesep Sangat Manis Bg, Daging Merah. Biji sangat sedikit..","1"
"sticker","fallback",,,,"https://www.facebook.com/100009994003233/posts/2301172510225860?comment_id=3834846580171992",,"2024-09-05T22:08:15.000Z","2301172510225860","https://www.facebook.com/100009994003233/posts/2301172510225860","ZmVlZGJhY2s6MjMwMTE3MjUxMDIyNTg2MF8zODM0ODQ2NTgwMTcxOTky","Y29tbWVudDoyMzAxMTcyNTEwMjI1ODYwXzM4MzQ4NDY1ODAxNzE5OTI=","https://www.facebook.com/100009994003233/posts/2301172510225860","0","200476579818147","false","Semangka PRAYA F1 Cap Bintang Asia Produksi dari PT Benih Citra Asia 
Semangka Berbiji Dagingnya Merah Rasanya yang Sangat Manis, 
Berkulit Hijau Gelap. Perawatan nya sangat Mudah dengan Produksi Hasil yang Tinggi..
Salam SEMUA ORANG @sorotan Petani semangka Sumut Bintang Asia Tapanuli Selatan Benih Citra Asia Tapanuli Sein Asmar Bintang Asia","100009994003233","Ilham Bintang Asia","https://scontent-hou1-1.xx.fbcdn.net/v/t39.30808-1/349801600_780566773437800_6977822504580595866_n.jpg?stp=cp0_dst-jpg_s32x32&_nc_cat=100&ccb=1-7&_nc_sid=50d2ac&_nc_ohc=w64G2i4iBfEQ7kNvgGoIXXM&_nc_ht=scontent-hou1-1.xx&oh=00_AYBHE7Ce0Zvp3io7p5h4k5t9eZ8Z-dp-IWFh4UEGr1nJyQ&oe=66E813BB","https://www.facebook.com/ilham.ajo.37604","Y29tbWVudDoyMzAxMTcyNTEwMjI1ODYwXzE3NzUzMzM3NDk2NjA2NjM=","Pristiono","1"
"sticker","fallback",,,,"https://www.facebook.com/100009994003233/posts/2303044536705324?comment_id=1078214373825130",,"2024-09-07T14:50:00.000Z","2303044536705324","https://www.facebook.com/100009994003233/posts/2303044536705324","ZmVlZGJhY2s6MjMwMzA0NDUzNjcwNTMyNF8xMDc4MjE0MzczODI1MTMw","Y29tbWVudDoyMzAzMDQ0NTM2NzA1MzI0XzEwNzgyMTQzNzM4MjUxMzA=","https://www.facebook.com/100009994003233/posts/2303044536705324","0",,,"Ingatlah, Pekerjaan Akan terasa Ringan Bila Tidak Dikerjakan....

@sorotan SEMUA ORANG #fyp #Virall","100009994003233","Ilham Bintang Asia","https://scontent.fdet1-1.fna.fbcdn.net/v/t39.30808-1/349801600_780566773437800_6977822504580595866_n.jpg?stp=cp0_dst-jpg_s32x32&_nc_cat=100&ccb=1-7&_nc_sid=50d2ac&_nc_ohc=w64G2i4iBfEQ7kNvgHVr-G9&_nc_ht=scontent.fdet1-1.fna&_nc_gid=A4EZU6Feoqny2YR11_6KIfS&oh=00_AYCBI1uQjs1ydscVmeoJnDhRR6AyoSKfz8TwaOefJdJxbg&oe=66E813BB","https://www.facebook.com/ilham.ajo.37604","Y29tbWVudDoyMzAzMDQ0NTM2NzA1MzI0XzEwNDgxMjY0NzAxNTQzNDE=","Renzy Bintangasia Muroooppp🔥","1"
"TIP_JAR_PAYMENT","gaming_video_chat_attachment","native_templates","fallback",,"https://www.facebook.com/100009994003233/posts/2306005776409200?comment_id=2223932764635560","1","2024-09-11T01:34:39.000Z","2306005776409200","https://www.facebook.com/100009994003233/posts/2306005776409200","ZmVlZGJhY2s6MjMwNjAwNTc3NjQwOTIwMF8yMjIzOTMyNzY0NjM1NTYw","Y29tbWVudDoyMzA2MDA1Nzc2NDA5MjAwXzIyMjM5MzI3NjQ2MzU1NjA=","https://www.facebook.com/100009994003233/posts/2306005776409200","1",,,"Yang Baru Ikut Tampil LAZIO F1, Siap Mengudara di dunia Persemangkaan 🍉🍉🍉

Bintang Asia 
Benih Citra Asia 
Bintang Asia Tapanuli Selatan 
Benih Citra...","100000312575051","Sanif Legowo","https://scontent-mia3-2.xx.fbcdn.net/v/t39.30808-1/334187295_161454626708091_1244655750964083516_n.jpg?stp=cp0_dst-jpg_s32x32&_nc_cat=107&ccb=1-7&_nc_sid=50d2ac&_nc_ohc=N2zbxke3BrEQ7kNvgEVvjEQ&_nc_ht=scontent-mia3-2.xx&oh=00_AYCsfIkSZ6NNEBhccJeikAFjEOTw8QcDEurs_dlZvh2NmQ&oe=66E828E0","https://www.facebook.com/musanifa",,,
,,,,,"https://www.facebook.com/100009994003233/posts/2306005776409200?comment_id=3745944795654731","1","2024-09-10T23:53:18.000Z","2306005776409200","https://www.facebook.com/100009994003233/posts/2306005776409200","ZmVlZGJhY2s6MjMwNjAwNTc3NjQwOTIwMF8zNzQ1OTQ0Nzk1NjU0NzMx","Y29tbWVudDoyMzA2MDA1Nzc2NDA5MjAwXzM3NDU5NDQ3OTU2NTQ3MzE=","https://www.facebook.com/100009994003233/posts/2306005776409200","1",,,"Yang Baru Ikut Tampil LAZIO F1, Siap Mengudara di dunia Persemangkaan 🍉🍉🍉

Bintang Asia 
Benih Citra Asia 
Bintang Asia Tapanuli Selatan 
Benih Citra...","pfbid0YJH64cxkx47abwmgrxuQ8njPv5uEVb2bJsfuEq2iYU1CmYYuPKEmUXJiNi8HQj1Sl","Yospiqmi Rizal Bintang Asia","https://scontent-mia3-2.xx.fbcdn.net/v/t1.18169-1/12814133_605474156274254_1255382583968893776_n.jpg?stp=cp0_dst-jpg_s32x32&_nc_cat=107&ccb=1-7&_nc_sid=e4545e&_nc_ohc=C1GWYl5T2mIQ7kNvgHubReq&_nc_ht=scontent-mia3-2.xx&oh=00_AYDHJK3Q2SbCvteqpRtEFnw5TAEYv0muWj9ZpzVFszM6Ww&oe=6709BCFC","https://www.facebook.com/yospiqmi.rizal",,"Kecek wong Bengkulu cam ko haa",
,,,,,"https://www.facebook.com/100009994003233/posts/2306005776409200?comment_id=1527620268145591","1","2024-09-10T23:55:31.000Z","2306005776409200","https://www.facebook.com/100009994003233/posts/2306005776409200","ZmVlZGJhY2s6MjMwNjAwNTc3NjQwOTIwMF8xNTI3NjIwMjY4MTQ1NTkx","Y29tbWVudDoyMzA2MDA1Nzc2NDA5MjAwXzE1Mjc2MjAyNjgxNDU1OTE=","https://www.facebook.com/100009994003233/posts/2306005776409200","1",,,"Yang Baru Ikut Tampil LAZIO F1, Siap Mengudara di dunia Persemangkaan 🍉🍉🍉

Bintang Asia 
Benih Citra Asia 
Bintang Asia Tapanuli Selatan 
Benih Citra...","100007578522755","Renzy Bintangasia","https://scontent-mia3-1.xx.fbcdn.net/v/t39.30808-1/426012403_3605728109689771_2277782955804277447_n.jpg?stp=cp0_dst-jpg_s32x32&_nc_cat=104&ccb=1-7&_nc_sid=50d2ac&_nc_ohc=M574j_z4JmsQ7kNvgHGesJr&_nc_ht=scontent-mia3-1.xx&oh=00_AYCRAcb72pfGHk4W9O1dKkah1b6DAEu0nEfFlK2vRPUjiQ&oe=66E81F84","https://www.facebook.com/renzi.prayuda",,"Rancak Bana 🔥🔥",
,,,,,"https://www.facebook.com/100009994003233/posts/2306005776409200?comment_id=3321746794787913",,"2024-09-11T07:07:07.000Z","2306005776409200","https://www.facebook.com/100009994003233/posts/2306005776409200","ZmVlZGJhY2s6MjMwNjAwNTc3NjQwOTIwMF8zMzIxNzQ2Nzk0Nzg3OTEz","Y29tbWVudDoyMzA2MDA1Nzc2NDA5MjAwXzMzMjE3NDY3OTQ3ODc5MTM=","https://www.facebook.com/100009994003233/posts/2306005776409200","0",,,"Yang Baru Ikut Tampil LAZIO F1, Siap Mengudara di dunia Persemangkaan 🍉🍉🍉

Bintang Asia 
Benih Citra Asia 
Bintang Asia Tapanuli Selatan 
Benih Citra...","pfbid0S9Gdg6jW7MNVMcjgQWJKwB1QvPgcBXeYwF4qCnwt74nfFfuexMos32N9whUtDXkYl","Opeq Bintang Asia","https://scontent-mia3-1.xx.fbcdn.net/v/t39.30808-1/440808755_122106493232287865_6230265854575499414_n.jpg?stp=cp0_dst-jpg_s32x32&_nc_cat=108&ccb=1-7&_nc_sid=0ecb9b&_nc_ohc=ULmtTw8K-M4Q7kNvgH17ZgL&_nc_ht=scontent-mia3-1.xx&oh=00_AYA0ahtDcntCQ0y7Pye_oEWUtohvBKHShBg-vhB0LTTeVQ&oe=66E82C6E","https://www.facebook.com/people/Opeq-Bintang-Asia/pfbid0S9Gdg6jW7MNVMcjgQWJKwB1QvPgcBXeYwF4qCnwt74nfFfuexMos32N9whUtDXkYl/",,"Semangka bulat non biji.
Warna hijau agak gelap.
Buah besar.
Produksi tinggi.
Mudah perawatan.",
"animated_image_autoplay","animated_image_share","image_share","share","fallback","https://www.facebook.com/100009994003233/posts/2306005776409200?comment_id=840709931506919",,"2024-09-11T11:44:44.000Z","2306005776409200","https://www.facebook.com/100009994003233/posts/2306005776409200","ZmVlZGJhY2s6MjMwNjAwNTc3NjQwOTIwMF84NDA3MDk5MzE1MDY5MTk=","Y29tbWVudDoyMzA2MDA1Nzc2NDA5MjAwXzg0MDcwOTkzMTUwNjkxOQ==","https://www.facebook.com/100009994003233/posts/2306005776409200","0",,,"Yang Baru Ikut Tampil LAZIO F1, Siap Mengudara di dunia Persemangkaan 🍉🍉🍉

Bintang Asia 
Benih Citra Asia 
Bintang Asia Tapanuli Selatan 
Benih Citra...","pfbid0248bwDgyx38zJVAS1bN2BxybTa4zcdMAewJ99RBMHyzpvQTye6ZWTrigKaMR7Uo8al","Agus Harianto","https://scontent-mia3-1.xx.fbcdn.net/v/t39.30808-1/272267964_464390051818655_1535630112439784617_n.jpg?stp=cp0_dst-jpg_s32x32&_nc_cat=101&ccb=1-7&_nc_sid=0ecb9b&_nc_ohc=jiR5HZLd-ZcQ7kNvgEYnQN5&_nc_ht=scontent-mia3-1.xx&oh=00_AYABFE5VYunDrX6TUFUrqnluNYt08Yqk9KjDbPLxvxZncQ&oe=66E819AB","https://www.facebook.com/people/Agus-Harianto/pfbid0248bwDgyx38zJVAS1bN2BxybTa4zcdMAewJ99RBMHyzpvQTye6ZWTrigKaMR7Uo8al/",,,
,,,,,"https://www.facebook.com/100009994003233/posts/2302586876751090?comment_id=504592655766893",,"2024-09-07T13:36:21.000Z","2302586876751090","https://www.facebook.com/100009994003233/posts/2302586876751090","ZmVlZGJhY2s6MjMwMjU4Njg3Njc1MTA5MF81MDQ1OTI2NTU3NjY4OTM=","Y29tbWVudDoyMzAyNTg2ODc2NzUxMDkwXzUwNDU5MjY1NTc2Njg5Mw==","https://www.facebook.com/100009994003233/posts/2302586876751090","0","357880607403962","false","Benih Cabe Kriting JURO f1 di Banjarwangi Kabupaten Garut
 Semoga harga buah cabenya naik lagi. aamiin
Jangan Ragu tanam cabe JURO f1 sudah terbukti hasilnya
Smoga selalu diberikan kesehatan dan kelancaran
Sayangi Ayah dan Ibu selagi ada, yang sudah tiada mudah mudahan ahli surga.. Aamiin
Selalu bersyukur dan tetap semangat mencari ridho Alloh #benihbintangasia
 #benihcabe
#fyp
Benih Citra Asia Bintang Asia Lembang pengikut #fbpro","100009994003233","Ilham Bintang Asia","https://scontent-atl3-1.xx.fbcdn.net/v/t39.30808-1/349801600_780566773437800_6977822504580595866_n.jpg?stp=cp0_dst-jpg_s32x32&_nc_cat=100&ccb=1-7&_nc_sid=50d2ac&_nc_ohc=w64G2i4iBfEQ7kNvgHKVbFf&_nc_ht=scontent-atl3-1.xx&oh=00_AYDg_VSLgb7-1bra7rQykayugdYeDbz1VQ6HRgSY3lT8OA&oe=66E813BB","https://www.facebook.com/ilham.ajo.37604","Y29tbWVudDoyMzAyNTg2ODc2NzUxMDkwXzQ1ODA3NTA0NzIzNTc2Nw==","Suhar Bae kemungkinan Agak kecil Diameter nya Bg","1"
,,,,,"https://www.facebook.com/100009994003233/posts/2306005776409200?comment_id=1701969467281371",,"2024-09-11T01:59:17.000Z","2306005776409200","https://www.facebook.com/100009994003233/posts/2306005776409200","ZmVlZGJhY2s6MjMwNjAwNTc3NjQwOTIwMF8xNzAxOTY5NDY3MjgxMzcx","Y29tbWVudDoyMzA2MDA1Nzc2NDA5MjAwXzE3MDE5Njk0NjcyODEzNzE=","https://www.facebook.com/100009994003233/posts/2306005776409200","0",,,"Yang Baru Ikut Tampil LAZIO F1, Siap Mengudara di dunia Persemangkaan 🍉🍉🍉

Bintang Asia 
Benih Citra Asia 
Bintang Asia Tapanuli Selatan 
Benih Citra...","100009994003233","Ilham Bintang Asia","https://scontent-mia3-1.xx.fbcdn.net/v/t39.30808-1/349801600_780566773437800_6977822504580595866_n.jpg?stp=cp0_dst-jpg_s32x32&_nc_cat=100&ccb=1-7&_nc_sid=50d2ac&_nc_ohc=w64G2i4iBfEQ7kNvgHgNhek&_nc_ht=scontent-mia3-1.xx&oh=00_AYAXWMB3cMPduq7TI_K50d5xROPfxmQ2yTQr4vGIXVodPA&oe=66E813BB","https://www.facebook.com/ilham.ajo.37604","Y29tbWVudDoyMzA2MDA1Nzc2NDA5MjAwXzIyMjM5MzI3NjQ2MzU1NjA=","Sanif Legowo Terimakasih Boskuu","1"
"animated_image_autoplay","animated_image_share","image_share","share","fallback","https://www.facebook.com/100009994003233/posts/2306005776409200?comment_id=481321258137986",,"2024-09-11T01:20:41.000Z","2306005776409200","https://www.facebook.com/100009994003233/posts/2306005776409200","ZmVlZGJhY2s6MjMwNjAwNTc3NjQwOTIwMF80ODEzMjEyNTgxMzc5ODY=","Y29tbWVudDoyMzA2MDA1Nzc2NDA5MjAwXzQ4MTMyMTI1ODEzNzk4Ng==","https://www.facebook.com/100009994003233/posts/2306005776409200","0",,,"Yang Baru Ikut Tampil LAZIO F1, Siap Mengudara di dunia Persemangkaan 🍉🍉🍉

Bintang Asia 
Benih Citra Asia 
Bintang Asia Tapanuli Selatan 
Benih Citra...","100009994003233","Ilham Bintang Asia","https://scontent-gru1-2.xx.fbcdn.net/v/t39.30808-1/349801600_780566773437800_6977822504580595866_n.jpg?stp=cp0_dst-jpg_s32x32&_nc_cat=100&ccb=1-7&_nc_sid=50d2ac&_nc_ohc=w64G2i4iBfEQ7kNvgGIrrB7&_nc_ht=scontent-gru1-2.xx&_nc_gid=AfX30oAOlUH5RLNknTFOA_r&oh=00_AYCoSh0PaPpdsjo30F7cR6vLnaEWt1l9Fi270O1KqZspYg&oe=66E813BB","https://www.facebook.com/ilham.ajo.37604","Y29tbWVudDoyMzA2MDA1Nzc2NDA5MjAwXzM3NDU5NDQ3OTU2NTQ3MzE=","Yospiqmi Rizal Bintang Asia Camkoha Segalonyo dank hhh","1"
,,,,,"https://www.facebook.com/100009994003233/posts/2306005776409200?comment_id=885537499688819",,"2024-09-11T01:21:12.000Z","2306005776409200","https://www.facebook.com/100009994003233/posts/2306005776409200","ZmVlZGJhY2s6MjMwNjAwNTc3NjQwOTIwMF84ODU1Mzc0OTk2ODg4MTk=","Y29tbWVudDoyMzA2MDA1Nzc2NDA5MjAwXzg4NTUzNzQ5OTY4ODgxOQ==","https://www.facebook.com/100009994003233/posts/2306005776409200","0",,,"Yang Baru Ikut Tampil LAZIO F1, Siap Mengudara di dunia Persemangkaan 🍉🍉🍉

Bintang Asia 
Benih Citra Asia 
Bintang Asia Tapanuli Selatan 
Benih Citra...","100009994003233","Ilham Bintang Asia","https://scontent.fdac151-1.fna.fbcdn.net/v/t39.30808-1/349801600_780566773437800_6977822504580595866_n.jpg?stp=cp0_dst-jpg_s32x32&_nc_cat=100&ccb=1-7&_nc_sid=50d2ac&_nc_ohc=w64G2i4iBfEQ7kNvgG-0v4Z&_nc_ht=scontent.fdac151-1.fna&_nc_gid=A1fCrZjSREqtAMpRHgQA33P&oh=00_AYBGv3hhsbusMWW-wG0RIuZtLMntrRX4bQU12QlXl1qaaA&oe=66E813BB","https://www.facebook.com/ilham.ajo.37604","Y29tbWVudDoyMzA2MDA1Nzc2NDA5MjAwXzE1Mjc2MjAyNjgxNDU1OTE=","Renzy Bintangasia Bana Bana Rancak ko ini 💥💥💥","1"
