﻿"channelAvatarUrl","channelBannerUrl","channelDescription","channelDescriptionLinks/0/text","channelDescriptionLinks/0/url","channelDescriptionLinks/1/text","channelDescriptionLinks/1/url","channelId","channelJoinedDate","channelLocation","channelName","channelTotalVideos","channelTotalViews","channelUrl","comments","commentsCount","commentsTurnedOff","date","descriptionLinks","duration","fromYTUrl","id","inputChannelUrl","isAgeRestricted","isChannelVerified","isMonetized","likes","location","numberOfSubscribers","order","subtitles","text","thumbnailUrl","title","type","url","viewCount"
"https://yt3.googleusercontent.com/WcpeBYoEsRlv1bP07uBaL1u3aj1MO4te5gRrSMkNQPYGFTvnm1IdAWOlYA_ZKjEYgcHc6H0eiA=s160-c-k-c0x00ffffff-no-rj","https://yt3.googleusercontent.com/3hw2eIdbhtTiULF8F5klePyioQiV6cDoITo12lUAE0Nzza7vHk1PqkUzyfBCWcF_qDB0KZtj=w2560-fcrop64=1,00005a57ffffa5a8-k-c0xffffffff-no-nd-rj","This channel provides information about the cultivation of food crops and horticulture, plantation livestock, seeds and hybrid seeds. Tells about the success story of farmers. Thank you, don't forget to subscribe to likes and comments to get the latest notifications.

Terima kasih sahabat petani Indonesia sudah mampir ke canel saya. Jangan lupa subscribe.like dan share Untuk mendapatkan notifikasi terbaru dari saya.","Instagram ","https://www.instagram.com/","Bintang asia ","https://benihcitraasia.co.id/?fbclid=PAAaaE2rkzKftXVZCX_GIzGV9LI58Vt02Dr2wT0pQ4NS9flaYsX36vN37Ro4U","UChaCZ2AfddAv9DAW-Fe53Mg","Mar 13, 2019","Indonesia","sami seeds Bintang asia","351","238905","https://www.youtube.com/channel/UChaCZ2AfddAv9DAW-Fe53Mg",,"0",,"2024-09-05T00:00:00.000Z",,,"https://www.youtube.com/@samiseedsindonesia3973/shorts","J6e9-GMsADg","https://www.youtube.com/@samiseedsindonesia3973/videos","false","false",,"1",,"1150","2",,,"https://i.ytimg.com/vi/J6e9-GMsADg/oar2.jpg?sqp=-oaymwEdCNAFENAFSFWQAgHyq4qpAwwIARUAAIhCcAHAAQY=&rs=AOn4CLAEKhvmu3i77_DSNA0dleKIRpf5_A","sawi putih cachaf1!!! beradaptasi dengan baik didataran tinggi","shorts","https://www.youtube.com/shorts/J6e9-GMsADg","506"
"https://yt3.googleusercontent.com/WcpeBYoEsRlv1bP07uBaL1u3aj1MO4te5gRrSMkNQPYGFTvnm1IdAWOlYA_ZKjEYgcHc6H0eiA=s160-c-k-c0x00ffffff-no-rj","https://yt3.googleusercontent.com/3hw2eIdbhtTiULF8F5klePyioQiV6cDoITo12lUAE0Nzza7vHk1PqkUzyfBCWcF_qDB0KZtj=w2560-fcrop64=1,00005a57ffffa5a8-k-c0xffffffff-no-nd-rj","This channel provides information about the cultivation of food crops and horticulture, plantation livestock, seeds and hybrid seeds. Tells about the success story of farmers. Thank you, don't forget to subscribe to likes and comments to get the latest notifications.

Terima kasih sahabat petani Indonesia sudah mampir ke canel saya. Jangan lupa subscribe.like dan share Untuk mendapatkan notifikasi terbaru dari saya.","Instagram ","https://www.instagram.com/","Bintang asia ","https://benihcitraasia.co.id/?fbclid=PAAaaE2rkzKftXVZCX_GIzGV9LI58Vt02Dr2wT0pQ4NS9flaYsX36vN37Ro4U","UChaCZ2AfddAv9DAW-Fe53Mg","Mar 13, 2019","Indonesia","sami seeds Bintang asia","351","238905","https://www.youtube.com/channel/UChaCZ2AfddAv9DAW-Fe53Mg",,"0",,"2024-10-08T00:00:00.000Z",,,"https://www.youtube.com/@samiseedsindonesia3973/shorts","puu153SwSSQ","https://www.youtube.com/@samiseedsindonesia3973/videos","false","false",,"2",,"1150","0",,,"https://i.ytimg.com/vi/puu153SwSSQ/oar2.jpg?sqp=-oaymwEdCJUDENAFSFWQAgHyq4qpAwwIARUAAIhCcAHAAQY=&rs=AOn4CLDPdNdkBgOUmV9tkKRvMEGnswwnEQ","pembuatan benih jagung hibrida betras","shorts","https://www.youtube.com/shorts/puu153SwSSQ","657"
"https://yt3.googleusercontent.com/WcpeBYoEsRlv1bP07uBaL1u3aj1MO4te5gRrSMkNQPYGFTvnm1IdAWOlYA_ZKjEYgcHc6H0eiA=s160-c-k-c0x00ffffff-no-rj","https://yt3.googleusercontent.com/3hw2eIdbhtTiULF8F5klePyioQiV6cDoITo12lUAE0Nzza7vHk1PqkUzyfBCWcF_qDB0KZtj=w2560-fcrop64=1,00005a57ffffa5a8-k-c0xffffffff-no-nd-rj","This channel provides information about the cultivation of food crops and horticulture, plantation livestock, seeds and hybrid seeds. Tells about the success story of farmers. Thank you, don't forget to subscribe to likes and comments to get the latest notifications.

Terima kasih sahabat petani Indonesia sudah mampir ke canel saya. Jangan lupa subscribe.like dan share Untuk mendapatkan notifikasi terbaru dari saya.","Instagram ","https://www.instagram.com/","Bintang asia ","https://benihcitraasia.co.id/?fbclid=PAAaaE2rkzKftXVZCX_GIzGV9LI58Vt02Dr2wT0pQ4NS9flaYsX36vN37Ro4U","UChaCZ2AfddAv9DAW-Fe53Mg","Mar 13, 2019","Indonesia","sami seeds Bintang asia","351","238905","https://www.youtube.com/channel/UChaCZ2AfddAv9DAW-Fe53Mg",,"0","false","2024-10-08T02:44:22.000Z",,"00:02:14","https://www.youtube.com/@samiseedsindonesia3973/streams","kx4q8if9YC4","https://www.youtube.com/@samiseedsindonesia3973/videos","false","false",,"1","JEMBER","1150",,,"bootcam 2024","https://i.ytimg.com/vi/kx4q8if9YC4/maxresdefault.jpg","sami seeds Bintang asia  sedang live sekarang!","stream","https://www.youtube.com/watch?v=kx4q8if9YC4","13"
"https://yt3.googleusercontent.com/WcpeBYoEsRlv1bP07uBaL1u3aj1MO4te5gRrSMkNQPYGFTvnm1IdAWOlYA_ZKjEYgcHc6H0eiA=s160-c-k-c0x00ffffff-no-rj","https://yt3.googleusercontent.com/3hw2eIdbhtTiULF8F5klePyioQiV6cDoITo12lUAE0Nzza7vHk1PqkUzyfBCWcF_qDB0KZtj=w2560-fcrop64=1,00005a57ffffa5a8-k-c0xffffffff-no-nd-rj","This channel provides information about the cultivation of food crops and horticulture, plantation livestock, seeds and hybrid seeds. Tells about the success story of farmers. Thank you, don't forget to subscribe to likes and comments to get the latest notifications.

Terima kasih sahabat petani Indonesia sudah mampir ke canel saya. Jangan lupa subscribe.like dan share Untuk mendapatkan notifikasi terbaru dari saya.","Instagram ","https://www.instagram.com/","Bintang asia ","https://benihcitraasia.co.id/?fbclid=PAAaaE2rkzKftXVZCX_GIzGV9LI58Vt02Dr2wT0pQ4NS9flaYsX36vN37Ro4U","UChaCZ2AfddAv9DAW-Fe53Mg","Mar 13, 2019","Indonesia","sami seeds Bintang asia","351","238905","https://www.youtube.com/channel/UChaCZ2AfddAv9DAW-Fe53Mg",,"0","false","2024-10-09T03:42:18.000Z",,"00:05:55","https://www.youtube.com/@samiseedsindonesia3973/streams","2Vf0j2pXHpM","https://www.youtube.com/@samiseedsindonesia3973/videos","false","false",,"3",,"1150",,,"","https://i.ytimg.com/vi/2Vf0j2pXHpM/maxresdefault.jpg","sami seeds Bintang asia  sedang live sekarang!","stream","https://www.youtube.com/watch?v=2Vf0j2pXHpM","23"
"https://yt3.googleusercontent.com/WcpeBYoEsRlv1bP07uBaL1u3aj1MO4te5gRrSMkNQPYGFTvnm1IdAWOlYA_ZKjEYgcHc6H0eiA=s160-c-k-c0x00ffffff-no-rj","https://yt3.googleusercontent.com/3hw2eIdbhtTiULF8F5klePyioQiV6cDoITo12lUAE0Nzza7vHk1PqkUzyfBCWcF_qDB0KZtj=w2560-fcrop64=1,00005a57ffffa5a8-k-c0xffffffff-no-nd-rj","This channel provides information about the cultivation of food crops and horticulture, plantation livestock, seeds and hybrid seeds. Tells about the success story of farmers. Thank you, don't forget to subscribe to likes and comments to get the latest notifications.

Terima kasih sahabat petani Indonesia sudah mampir ke canel saya. Jangan lupa subscribe.like dan share Untuk mendapatkan notifikasi terbaru dari saya.","Instagram ","https://www.instagram.com/","Bintang asia ","https://benihcitraasia.co.id/?fbclid=PAAaaE2rkzKftXVZCX_GIzGV9LI58Vt02Dr2wT0pQ4NS9flaYsX36vN37Ro4U","UChaCZ2AfddAv9DAW-Fe53Mg","Mar 13, 2019","Indonesia","sami seeds Bintang asia","351","238905","https://www.youtube.com/channel/UChaCZ2AfddAv9DAW-Fe53Mg",,"12","false","2024-09-04T01:07:31.000Z",,"00:21:16","https://www.youtube.com/@samiseedsindonesia3973/videos","yK1paKBXWYo","https://www.youtube.com/@samiseedsindonesia3973/videos","false","false",,"8","SUMATERA BARAT","1150",,,"","https://i.ytimg.com/vi/yK1paKBXWYo/hqdefault.jpg","MENGGALI POTENSI PADI HIBRIDA!!! BCA 18 F1 DISUMATRA BARAT","video","https://www.youtube.com/watch?v=yK1paKBXWYo","145"
"https://yt3.googleusercontent.com/WcpeBYoEsRlv1bP07uBaL1u3aj1MO4te5gRrSMkNQPYGFTvnm1IdAWOlYA_ZKjEYgcHc6H0eiA=s160-c-k-c0x00ffffff-no-rj","https://yt3.googleusercontent.com/3hw2eIdbhtTiULF8F5klePyioQiV6cDoITo12lUAE0Nzza7vHk1PqkUzyfBCWcF_qDB0KZtj=w2560-fcrop64=1,00005a57ffffa5a8-k-c0xffffffff-no-nd-rj","This channel provides information about the cultivation of food crops and horticulture, plantation livestock, seeds and hybrid seeds. Tells about the success story of farmers. Thank you, don't forget to subscribe to likes and comments to get the latest notifications.

Terima kasih sahabat petani Indonesia sudah mampir ke canel saya. Jangan lupa subscribe.like dan share Untuk mendapatkan notifikasi terbaru dari saya.","Instagram ","https://www.instagram.com/","Bintang asia ","https://benihcitraasia.co.id/?fbclid=PAAaaE2rkzKftXVZCX_GIzGV9LI58Vt02Dr2wT0pQ4NS9flaYsX36vN37Ro4U","UChaCZ2AfddAv9DAW-Fe53Mg","Mar 13, 2019","Indonesia","sami seeds Bintang asia","351","238905","https://www.youtube.com/channel/UChaCZ2AfddAv9DAW-Fe53Mg",,"3","false","2024-09-03T02:14:54.000Z",,"00:13:00","https://www.youtube.com/@samiseedsindonesia3973/videos","2Ioon3OCvJ8","https://www.youtube.com/@samiseedsindonesia3973/videos","false","false",,"3","SUMATERA BARAT","1150",,,"","https://i.ytimg.com/vi/2Ioon3OCvJ8/hqdefault.jpg","Budidaya dan cara penyemaian cabe!!! Cmk tavi sumatra","video","https://www.youtube.com/watch?v=2Ioon3OCvJ8","81"
"https://yt3.googleusercontent.com/WcpeBYoEsRlv1bP07uBaL1u3aj1MO4te5gRrSMkNQPYGFTvnm1IdAWOlYA_ZKjEYgcHc6H0eiA=s160-c-k-c0x00ffffff-no-rj","https://yt3.googleusercontent.com/3hw2eIdbhtTiULF8F5klePyioQiV6cDoITo12lUAE0Nzza7vHk1PqkUzyfBCWcF_qDB0KZtj=w2560-fcrop64=1,00005a57ffffa5a8-k-c0xffffffff-no-nd-rj","This channel provides information about the cultivation of food crops and horticulture, plantation livestock, seeds and hybrid seeds. Tells about the success story of farmers. Thank you, don't forget to subscribe to likes and comments to get the latest notifications.

Terima kasih sahabat petani Indonesia sudah mampir ke canel saya. Jangan lupa subscribe.like dan share Untuk mendapatkan notifikasi terbaru dari saya.","Instagram ","https://www.instagram.com/","Bintang asia ","https://benihcitraasia.co.id/?fbclid=PAAaaE2rkzKftXVZCX_GIzGV9LI58Vt02Dr2wT0pQ4NS9flaYsX36vN37Ro4U","UChaCZ2AfddAv9DAW-Fe53Mg","Mar 13, 2019","Indonesia","sami seeds Bintang asia","351","238905","https://www.youtube.com/channel/UChaCZ2AfddAv9DAW-Fe53Mg",,"10","false","2024-09-08T07:39:48.000Z",,"00:09:13","https://www.youtube.com/@samiseedsindonesia3973/videos","aCmmIUOzYoI","https://www.youtube.com/@samiseedsindonesia3973/videos","false","false",,"7","SUMATERA BARAT","1150",,,"","https://i.ytimg.com/vi/aCmmIUOzYoI/hqdefault.jpg","SEBULAN OMSET 4JUTA!!! TANAM TERONG KENARI BINTANG ASIA","video","https://www.youtube.com/watch?v=aCmmIUOzYoI","185"
"https://yt3.googleusercontent.com/WcpeBYoEsRlv1bP07uBaL1u3aj1MO4te5gRrSMkNQPYGFTvnm1IdAWOlYA_ZKjEYgcHc6H0eiA=s160-c-k-c0x00ffffff-no-rj","https://yt3.googleusercontent.com/3hw2eIdbhtTiULF8F5klePyioQiV6cDoITo12lUAE0Nzza7vHk1PqkUzyfBCWcF_qDB0KZtj=w2560-fcrop64=1,00005a57ffffa5a8-k-c0xffffffff-no-nd-rj","This channel provides information about the cultivation of food crops and horticulture, plantation livestock, seeds and hybrid seeds. Tells about the success story of farmers. Thank you, don't forget to subscribe to likes and comments to get the latest notifications.

Terima kasih sahabat petani Indonesia sudah mampir ke canel saya. Jangan lupa subscribe.like dan share Untuk mendapatkan notifikasi terbaru dari saya.","Instagram ","https://www.instagram.com/","Bintang asia ","https://benihcitraasia.co.id/?fbclid=PAAaaE2rkzKftXVZCX_GIzGV9LI58Vt02Dr2wT0pQ4NS9flaYsX36vN37Ro4U","UChaCZ2AfddAv9DAW-Fe53Mg","Mar 13, 2019","Indonesia","sami seeds Bintang asia","351","238905","https://www.youtube.com/channel/UChaCZ2AfddAv9DAW-Fe53Mg",,"1","false","2024-09-10T16:58:20.000Z",,"00:08:51","https://www.youtube.com/@samiseedsindonesia3973/videos","W_yzKwQjdwc","https://www.youtube.com/@samiseedsindonesia3973/videos","false","false",,"8","SUMATERA BARAT","1150",,,"","https://i.ytimg.com/vi/W_yzKwQjdwc/hqdefault.jpg","KUNJUNGAN LAHAN PETANI !!! DAN REVIUW BUDIDAYA JAGUNG DAN SEMANGKA BINTANG ASIA","video","https://www.youtube.com/watch?v=W_yzKwQjdwc","84"
"https://yt3.googleusercontent.com/WcpeBYoEsRlv1bP07uBaL1u3aj1MO4te5gRrSMkNQPYGFTvnm1IdAWOlYA_ZKjEYgcHc6H0eiA=s160-c-k-c0x00ffffff-no-rj","https://yt3.googleusercontent.com/3hw2eIdbhtTiULF8F5klePyioQiV6cDoITo12lUAE0Nzza7vHk1PqkUzyfBCWcF_qDB0KZtj=w2560-fcrop64=1,00005a57ffffa5a8-k-c0xffffffff-no-nd-rj","This channel provides information about the cultivation of food crops and horticulture, plantation livestock, seeds and hybrid seeds. Tells about the success story of farmers. Thank you, don't forget to subscribe to likes and comments to get the latest notifications.

Terima kasih sahabat petani Indonesia sudah mampir ke canel saya. Jangan lupa subscribe.like dan share Untuk mendapatkan notifikasi terbaru dari saya.","Instagram ","https://www.instagram.com/","Bintang asia ","https://benihcitraasia.co.id/?fbclid=PAAaaE2rkzKftXVZCX_GIzGV9LI58Vt02Dr2wT0pQ4NS9flaYsX36vN37Ro4U","UChaCZ2AfddAv9DAW-Fe53Mg","Mar 13, 2019","Indonesia","sami seeds Bintang asia","351","238905","https://www.youtube.com/channel/UChaCZ2AfddAv9DAW-Fe53Mg",,"4","false","2024-09-11T00:20:33.000Z",,"00:09:12","https://www.youtube.com/@samiseedsindonesia3973/videos","MXTgxajXN0c","https://www.youtube.com/@samiseedsindonesia3973/videos","false","false",,"9","SUMATERA BARAT","1150",,,"","https://i.ytimg.com/vi/MXTgxajXN0c/hqdefault.jpg","REVIEW SEMANGKA SERI F1!!! PEMBESARAN BUAH MUDAH BISA DIBUAHKAN 3 SAMPAI 4","video","https://www.youtube.com/watch?v=MXTgxajXN0c","202"
"https://yt3.googleusercontent.com/WcpeBYoEsRlv1bP07uBaL1u3aj1MO4te5gRrSMkNQPYGFTvnm1IdAWOlYA_ZKjEYgcHc6H0eiA=s160-c-k-c0x00ffffff-no-rj","https://yt3.googleusercontent.com/3hw2eIdbhtTiULF8F5klePyioQiV6cDoITo12lUAE0Nzza7vHk1PqkUzyfBCWcF_qDB0KZtj=w2560-fcrop64=1,00005a57ffffa5a8-k-c0xffffffff-no-nd-rj","This channel provides information about the cultivation of food crops and horticulture, plantation livestock, seeds and hybrid seeds. Tells about the success story of farmers. Thank you, don't forget to subscribe to likes and comments to get the latest notifications.

Terima kasih sahabat petani Indonesia sudah mampir ke canel saya. Jangan lupa subscribe.like dan share Untuk mendapatkan notifikasi terbaru dari saya.","Instagram ","https://www.instagram.com/","Bintang asia ","https://benihcitraasia.co.id/?fbclid=PAAaaE2rkzKftXVZCX_GIzGV9LI58Vt02Dr2wT0pQ4NS9flaYsX36vN37Ro4U","UChaCZ2AfddAv9DAW-Fe53Mg","Mar 13, 2019","Indonesia","sami seeds Bintang asia","351","238905","https://www.youtube.com/channel/UChaCZ2AfddAv9DAW-Fe53Mg",,"8","false","2024-09-12T04:05:21.000Z",,"00:07:43","https://www.youtube.com/@samiseedsindonesia3973/videos","iDEWWfxomgc","https://www.youtube.com/@samiseedsindonesia3973/videos","false","false",,"8","KABUPATEN DHARMASRAYA","1150",,,"","https://i.ytimg.com/vi/iDEWWfxomgc/hqdefault.jpg","MENINJAU LOKASI PADI INBRIDA INPARI32!!! REVIUW DAN PERFORMANYQ","video","https://www.youtube.com/watch?v=iDEWWfxomgc","63"
"https://yt3.googleusercontent.com/WcpeBYoEsRlv1bP07uBaL1u3aj1MO4te5gRrSMkNQPYGFTvnm1IdAWOlYA_ZKjEYgcHc6H0eiA=s160-c-k-c0x00ffffff-no-rj","https://yt3.googleusercontent.com/3hw2eIdbhtTiULF8F5klePyioQiV6cDoITo12lUAE0Nzza7vHk1PqkUzyfBCWcF_qDB0KZtj=w2560-fcrop64=1,00005a57ffffa5a8-k-c0xffffffff-no-nd-rj","This channel provides information about the cultivation of food crops and horticulture, plantation livestock, seeds and hybrid seeds. Tells about the success story of farmers. Thank you, don't forget to subscribe to likes and comments to get the latest notifications.

Terima kasih sahabat petani Indonesia sudah mampir ke canel saya. Jangan lupa subscribe.like dan share Untuk mendapatkan notifikasi terbaru dari saya.","Instagram ","https://www.instagram.com/","Bintang asia ","https://benihcitraasia.co.id/?fbclid=PAAaaE2rkzKftXVZCX_GIzGV9LI58Vt02Dr2wT0pQ4NS9flaYsX36vN37Ro4U","UChaCZ2AfddAv9DAW-Fe53Mg","Mar 13, 2019","Indonesia","sami seeds Bintang asia","351","238905","https://www.youtube.com/channel/UChaCZ2AfddAv9DAW-Fe53Mg",,"8","false","2024-09-13T11:04:46.000Z",,"00:13:03","https://www.youtube.com/@samiseedsindonesia3973/videos","kAA__hMX_wk","https://www.youtube.com/@samiseedsindonesia3973/videos","false","false",,"5","SUMATERA BARAT","1150",,,"","https://i.ytimg.com/vi/kAA__hMX_wk/hqdefault.jpg","Reviuw dan spill cabai keriting!!! CMK TAVI🌶","video","https://www.youtube.com/watch?v=kAA__hMX_wk","82"
"https://yt3.googleusercontent.com/WcpeBYoEsRlv1bP07uBaL1u3aj1MO4te5gRrSMkNQPYGFTvnm1IdAWOlYA_ZKjEYgcHc6H0eiA=s160-c-k-c0x00ffffff-no-rj","https://yt3.googleusercontent.com/3hw2eIdbhtTiULF8F5klePyioQiV6cDoITo12lUAE0Nzza7vHk1PqkUzyfBCWcF_qDB0KZtj=w2560-fcrop64=1,00005a57ffffa5a8-k-c0xffffffff-no-nd-rj","This channel provides information about the cultivation of food crops and horticulture, plantation livestock, seeds and hybrid seeds. Tells about the success story of farmers. Thank you, don't forget to subscribe to likes and comments to get the latest notifications.

Terima kasih sahabat petani Indonesia sudah mampir ke canel saya. Jangan lupa subscribe.like dan share Untuk mendapatkan notifikasi terbaru dari saya.","Instagram ","https://www.instagram.com/","Bintang asia ","https://benihcitraasia.co.id/?fbclid=PAAaaE2rkzKftXVZCX_GIzGV9LI58Vt02Dr2wT0pQ4NS9flaYsX36vN37Ro4U","UChaCZ2AfddAv9DAW-Fe53Mg","Mar 13, 2019","Indonesia","sami seeds Bintang asia","351","238905","https://www.youtube.com/channel/UChaCZ2AfddAv9DAW-Fe53Mg",,"9","false","2024-09-12T18:23:02.000Z",,"00:08:24","https://www.youtube.com/@samiseedsindonesia3973/videos","qfN6xJbRgNY","https://www.youtube.com/@samiseedsindonesia3973/videos","false","false",,"7","SUMATERA BARAT","1150",,,"","https://i.ytimg.com/vi/qfN6xJbRgNY/hqdefault.jpg","KUNJUNGAN KE KWT DAN FARMER MEETING!!! PRODUCK BINTANG ASIA","video","https://www.youtube.com/watch?v=qfN6xJbRgNY","25"
"https://yt3.googleusercontent.com/WcpeBYoEsRlv1bP07uBaL1u3aj1MO4te5gRrSMkNQPYGFTvnm1IdAWOlYA_ZKjEYgcHc6H0eiA=s160-c-k-c0x00ffffff-no-rj","https://yt3.googleusercontent.com/3hw2eIdbhtTiULF8F5klePyioQiV6cDoITo12lUAE0Nzza7vHk1PqkUzyfBCWcF_qDB0KZtj=w2560-fcrop64=1,00005a57ffffa5a8-k-c0xffffffff-no-nd-rj","This channel provides information about the cultivation of food crops and horticulture, plantation livestock, seeds and hybrid seeds. Tells about the success story of farmers. Thank you, don't forget to subscribe to likes and comments to get the latest notifications.

Terima kasih sahabat petani Indonesia sudah mampir ke canel saya. Jangan lupa subscribe.like dan share Untuk mendapatkan notifikasi terbaru dari saya.","Instagram ","https://www.instagram.com/","Bintang asia ","https://benihcitraasia.co.id/?fbclid=PAAaaE2rkzKftXVZCX_GIzGV9LI58Vt02Dr2wT0pQ4NS9flaYsX36vN37Ro4U","UChaCZ2AfddAv9DAW-Fe53Mg","Mar 13, 2019","Indonesia","sami seeds Bintang asia","351","238905","https://www.youtube.com/channel/UChaCZ2AfddAv9DAW-Fe53Mg",,"15","false","2024-09-14T08:37:04.000Z",,"00:07:06","https://www.youtube.com/@samiseedsindonesia3973/videos","ZqzYDcDDI3Q","https://www.youtube.com/@samiseedsindonesia3973/videos","false","false",,"8","SUMATERA BARAT","1150",,,"","https://i.ytimg.com/vi/ZqzYDcDDI3Q/hqdefault.jpg","CARA MEMBEDAKAN BENIH ASLI VS BENIH PALSU PRODUK BINTANG ASIA","video","https://www.youtube.com/watch?v=ZqzYDcDDI3Q","151"
"https://yt3.googleusercontent.com/WcpeBYoEsRlv1bP07uBaL1u3aj1MO4te5gRrSMkNQPYGFTvnm1IdAWOlYA_ZKjEYgcHc6H0eiA=s160-c-k-c0x00ffffff-no-rj","https://yt3.googleusercontent.com/3hw2eIdbhtTiULF8F5klePyioQiV6cDoITo12lUAE0Nzza7vHk1PqkUzyfBCWcF_qDB0KZtj=w2560-fcrop64=1,00005a57ffffa5a8-k-c0xffffffff-no-nd-rj","This channel provides information about the cultivation of food crops and horticulture, plantation livestock, seeds and hybrid seeds. Tells about the success story of farmers. Thank you, don't forget to subscribe to likes and comments to get the latest notifications.

Terima kasih sahabat petani Indonesia sudah mampir ke canel saya. Jangan lupa subscribe.like dan share Untuk mendapatkan notifikasi terbaru dari saya.","Instagram ","https://www.instagram.com/","Bintang asia ","https://benihcitraasia.co.id/?fbclid=PAAaaE2rkzKftXVZCX_GIzGV9LI58Vt02Dr2wT0pQ4NS9flaYsX36vN37Ro4U","UChaCZ2AfddAv9DAW-Fe53Mg","Mar 13, 2019","Indonesia","sami seeds Bintang asia","351","238905","https://www.youtube.com/channel/UChaCZ2AfddAv9DAW-Fe53Mg",,"3","false","2024-09-20T11:56:28.000Z",,"00:08:22","https://www.youtube.com/@samiseedsindonesia3973/videos","JcUmrBCl_c8","https://www.youtube.com/@samiseedsindonesia3973/videos","false","false",,"3","KABUPATEN SIJUNJUNG","1150",,,"","https://i.ytimg.com/vi/JcUmrBCl_c8/hqdefault.jpg","Reviuw tanaman Madrid f1!!! 11 hst penggunaan 3 pupuk kandang sekaligus","video","https://www.youtube.com/watch?v=JcUmrBCl_c8","47"
"https://yt3.googleusercontent.com/WcpeBYoEsRlv1bP07uBaL1u3aj1MO4te5gRrSMkNQPYGFTvnm1IdAWOlYA_ZKjEYgcHc6H0eiA=s160-c-k-c0x00ffffff-no-rj","https://yt3.googleusercontent.com/3hw2eIdbhtTiULF8F5klePyioQiV6cDoITo12lUAE0Nzza7vHk1PqkUzyfBCWcF_qDB0KZtj=w2560-fcrop64=1,00005a57ffffa5a8-k-c0xffffffff-no-nd-rj","This channel provides information about the cultivation of food crops and horticulture, plantation livestock, seeds and hybrid seeds. Tells about the success story of farmers. Thank you, don't forget to subscribe to likes and comments to get the latest notifications.

Terima kasih sahabat petani Indonesia sudah mampir ke canel saya. Jangan lupa subscribe.like dan share Untuk mendapatkan notifikasi terbaru dari saya.","Instagram ","https://www.instagram.com/","Bintang asia ","https://benihcitraasia.co.id/?fbclid=PAAaaE2rkzKftXVZCX_GIzGV9LI58Vt02Dr2wT0pQ4NS9flaYsX36vN37Ro4U","UChaCZ2AfddAv9DAW-Fe53Mg","Mar 13, 2019","Indonesia","sami seeds Bintang asia","351","238905","https://www.youtube.com/channel/UChaCZ2AfddAv9DAW-Fe53Mg",,"7","false","2024-09-17T13:50:19.000Z",,"00:07:25","https://www.youtube.com/@samiseedsindonesia3973/videos","AINp6mZApfk","https://www.youtube.com/@samiseedsindonesia3973/videos","false","false",,"8","SUMATERA BARAT","1150",,,"","https://i.ytimg.com/vi/AINp6mZApfk/hqdefault.jpg","PANEN TERONG RONGGO DAN REZA 🍆!!! BINTANG ASIA.HARGA 5.000 PETANI MASIH UNTUNG","video","https://www.youtube.com/watch?v=AINp6mZApfk","98"
"https://yt3.googleusercontent.com/WcpeBYoEsRlv1bP07uBaL1u3aj1MO4te5gRrSMkNQPYGFTvnm1IdAWOlYA_ZKjEYgcHc6H0eiA=s160-c-k-c0x00ffffff-no-rj","https://yt3.googleusercontent.com/3hw2eIdbhtTiULF8F5klePyioQiV6cDoITo12lUAE0Nzza7vHk1PqkUzyfBCWcF_qDB0KZtj=w2560-fcrop64=1,00005a57ffffa5a8-k-c0xffffffff-no-nd-rj","This channel provides information about the cultivation of food crops and horticulture, plantation livestock, seeds and hybrid seeds. Tells about the success story of farmers. Thank you, don't forget to subscribe to likes and comments to get the latest notifications.

Terima kasih sahabat petani Indonesia sudah mampir ke canel saya. Jangan lupa subscribe.like dan share Untuk mendapatkan notifikasi terbaru dari saya.","Instagram ","https://www.instagram.com/","Bintang asia ","https://benihcitraasia.co.id/?fbclid=PAAaaE2rkzKftXVZCX_GIzGV9LI58Vt02Dr2wT0pQ4NS9flaYsX36vN37Ro4U","UChaCZ2AfddAv9DAW-Fe53Mg","Mar 13, 2019","Indonesia","sami seeds Bintang asia","351","238905","https://www.youtube.com/channel/UChaCZ2AfddAv9DAW-Fe53Mg",,"0","false","2024-09-15T01:43:29.000Z",,"00:07:48","https://www.youtube.com/@samiseedsindonesia3973/videos","1eiiXLnuW-0","https://www.youtube.com/@samiseedsindonesia3973/videos","false","false",,"6","SUMATERA BARAT","1150",,,"","https://i.ytimg.com/vi/1eiiXLnuW-0/hqdefault.jpg","PINDAH TANAM SEMANGKA 🍉SERI F1 DAN MELON 🍈 JUMBO F1","video","https://www.youtube.com/watch?v=1eiiXLnuW-0","271"
"https://yt3.googleusercontent.com/WcpeBYoEsRlv1bP07uBaL1u3aj1MO4te5gRrSMkNQPYGFTvnm1IdAWOlYA_ZKjEYgcHc6H0eiA=s160-c-k-c0x00ffffff-no-rj","https://yt3.googleusercontent.com/3hw2eIdbhtTiULF8F5klePyioQiV6cDoITo12lUAE0Nzza7vHk1PqkUzyfBCWcF_qDB0KZtj=w2560-fcrop64=1,00005a57ffffa5a8-k-c0xffffffff-no-nd-rj","This channel provides information about the cultivation of food crops and horticulture, plantation livestock, seeds and hybrid seeds. Tells about the success story of farmers. Thank you, don't forget to subscribe to likes and comments to get the latest notifications.

Terima kasih sahabat petani Indonesia sudah mampir ke canel saya. Jangan lupa subscribe.like dan share Untuk mendapatkan notifikasi terbaru dari saya.","Instagram ","https://www.instagram.com/","Bintang asia ","https://benihcitraasia.co.id/?fbclid=PAAaaE2rkzKftXVZCX_GIzGV9LI58Vt02Dr2wT0pQ4NS9flaYsX36vN37Ro4U","UChaCZ2AfddAv9DAW-Fe53Mg","Mar 13, 2019","Indonesia","sami seeds Bintang asia","351","238905","https://www.youtube.com/channel/UChaCZ2AfddAv9DAW-Fe53Mg",,"2","false","2024-09-26T02:07:44.000Z",,"00:04:40","https://www.youtube.com/@samiseedsindonesia3973/videos","m55fGj4npK4","https://www.youtube.com/@samiseedsindonesia3973/videos","false","false",,"2","INDONESIA","1150",,,"","https://i.ytimg.com/vi/m55fGj4npK4/hqdefault.jpg","Nasib tragis petani dinegeri agraris","video","https://www.youtube.com/watch?v=m55fGj4npK4","21"
"https://yt3.googleusercontent.com/WcpeBYoEsRlv1bP07uBaL1u3aj1MO4te5gRrSMkNQPYGFTvnm1IdAWOlYA_ZKjEYgcHc6H0eiA=s160-c-k-c0x00ffffff-no-rj","https://yt3.googleusercontent.com/3hw2eIdbhtTiULF8F5klePyioQiV6cDoITo12lUAE0Nzza7vHk1PqkUzyfBCWcF_qDB0KZtj=w2560-fcrop64=1,00005a57ffffa5a8-k-c0xffffffff-no-nd-rj","This channel provides information about the cultivation of food crops and horticulture, plantation livestock, seeds and hybrid seeds. Tells about the success story of farmers. Thank you, don't forget to subscribe to likes and comments to get the latest notifications.

Terima kasih sahabat petani Indonesia sudah mampir ke canel saya. Jangan lupa subscribe.like dan share Untuk mendapatkan notifikasi terbaru dari saya.","Instagram ","https://www.instagram.com/","Bintang asia ","https://benihcitraasia.co.id/?fbclid=PAAaaE2rkzKftXVZCX_GIzGV9LI58Vt02Dr2wT0pQ4NS9flaYsX36vN37Ro4U","UChaCZ2AfddAv9DAW-Fe53Mg","Mar 13, 2019","Indonesia","sami seeds Bintang asia","351","238905","https://www.youtube.com/channel/UChaCZ2AfddAv9DAW-Fe53Mg",,"4","false","2024-09-30T16:11:43.000Z",,"00:19:49","https://www.youtube.com/@samiseedsindonesia3973/videos","cZ68EIqsNnc","https://www.youtube.com/@samiseedsindonesia3973/videos","false","false",,"7","SUMATERA BARAT","1150",,,"","https://i.ytimg.com/vi/cZ68EIqsNnc/hqdefault.jpg","PANEN PADI INPARI32 BINTANGASIA!!! 8 KANTONG MENGHASILKAN 60 KARUNG 3 TON","video","https://www.youtube.com/watch?v=cZ68EIqsNnc","96"
"https://yt3.googleusercontent.com/WcpeBYoEsRlv1bP07uBaL1u3aj1MO4te5gRrSMkNQPYGFTvnm1IdAWOlYA_ZKjEYgcHc6H0eiA=s160-c-k-c0x00ffffff-no-rj","https://yt3.googleusercontent.com/3hw2eIdbhtTiULF8F5klePyioQiV6cDoITo12lUAE0Nzza7vHk1PqkUzyfBCWcF_qDB0KZtj=w2560-fcrop64=1,00005a57ffffa5a8-k-c0xffffffff-no-nd-rj","This channel provides information about the cultivation of food crops and horticulture, plantation livestock, seeds and hybrid seeds. Tells about the success story of farmers. Thank you, don't forget to subscribe to likes and comments to get the latest notifications.

Terima kasih sahabat petani Indonesia sudah mampir ke canel saya. Jangan lupa subscribe.like dan share Untuk mendapatkan notifikasi terbaru dari saya.","Instagram ","https://www.instagram.com/","Bintang asia ","https://benihcitraasia.co.id/?fbclid=PAAaaE2rkzKftXVZCX_GIzGV9LI58Vt02Dr2wT0pQ4NS9flaYsX36vN37Ro4U","UChaCZ2AfddAv9DAW-Fe53Mg","Mar 13, 2019","Indonesia","sami seeds Bintang asia","351","238905","https://www.youtube.com/channel/UChaCZ2AfddAv9DAW-Fe53Mg",,"0","false","2024-10-08T05:16:40.000Z",,"00:10:14","https://www.youtube.com/@samiseedsindonesia3973/videos","__X2BoskU-0","https://www.youtube.com/@samiseedsindonesia3973/videos","false","false",,"4","JEMBER","1150",,,"","https://i.ytimg.com/vi/__X2BoskU-0/hqdefault.jpg","Berkunjung ke kantor bca!!! acara bootcam 2024","video","https://www.youtube.com/watch?v=__X2BoskU-0","40"
"https://yt3.googleusercontent.com/WcpeBYoEsRlv1bP07uBaL1u3aj1MO4te5gRrSMkNQPYGFTvnm1IdAWOlYA_ZKjEYgcHc6H0eiA=s160-c-k-c0x00ffffff-no-rj","https://yt3.googleusercontent.com/3hw2eIdbhtTiULF8F5klePyioQiV6cDoITo12lUAE0Nzza7vHk1PqkUzyfBCWcF_qDB0KZtj=w2560-fcrop64=1,00005a57ffffa5a8-k-c0xffffffff-no-nd-rj","This channel provides information about the cultivation of food crops and horticulture, plantation livestock, seeds and hybrid seeds. Tells about the success story of farmers. Thank you, don't forget to subscribe to likes and comments to get the latest notifications.

Terima kasih sahabat petani Indonesia sudah mampir ke canel saya. Jangan lupa subscribe.like dan share Untuk mendapatkan notifikasi terbaru dari saya.","Instagram ","https://www.instagram.com/","Bintang asia ","https://benihcitraasia.co.id/?fbclid=PAAaaE2rkzKftXVZCX_GIzGV9LI58Vt02Dr2wT0pQ4NS9flaYsX36vN37Ro4U","UChaCZ2AfddAv9DAW-Fe53Mg","Mar 13, 2019","Indonesia","sami seeds Bintang asia","351","238905","https://www.youtube.com/channel/UChaCZ2AfddAv9DAW-Fe53Mg",,"4","false","2024-09-27T00:05:08.000Z",,"00:07:29","https://www.youtube.com/@samiseedsindonesia3973/videos","N1XuQWCpwPU","https://www.youtube.com/@samiseedsindonesia3973/videos","false","false",,"6","SUMATERA BARAT","1150",,,"","https://i.ytimg.com/vi/N1XuQWCpwPU/hqdefault.jpg","MIC WIRELESS LAVELLER MICROPHONE!!! HADIAH DARI PT.BENIH CITRA ASIA","video","https://www.youtube.com/watch?v=N1XuQWCpwPU","41"
"https://yt3.googleusercontent.com/WcpeBYoEsRlv1bP07uBaL1u3aj1MO4te5gRrSMkNQPYGFTvnm1IdAWOlYA_ZKjEYgcHc6H0eiA=s160-c-k-c0x00ffffff-no-rj","https://yt3.googleusercontent.com/3hw2eIdbhtTiULF8F5klePyioQiV6cDoITo12lUAE0Nzza7vHk1PqkUzyfBCWcF_qDB0KZtj=w2560-fcrop64=1,00005a57ffffa5a8-k-c0xffffffff-no-nd-rj","This channel provides information about the cultivation of food crops and horticulture, plantation livestock, seeds and hybrid seeds. Tells about the success story of farmers. Thank you, don't forget to subscribe to likes and comments to get the latest notifications.

Terima kasih sahabat petani Indonesia sudah mampir ke canel saya. Jangan lupa subscribe.like dan share Untuk mendapatkan notifikasi terbaru dari saya.","Instagram ","https://www.instagram.com/","Bintang asia ","https://benihcitraasia.co.id/?fbclid=PAAaaE2rkzKftXVZCX_GIzGV9LI58Vt02Dr2wT0pQ4NS9flaYsX36vN37Ro4U","UChaCZ2AfddAv9DAW-Fe53Mg","Mar 13, 2019","Indonesia","sami seeds Bintang asia","351","238905","https://www.youtube.com/channel/UChaCZ2AfddAv9DAW-Fe53Mg",,"0","false","2024-10-09T13:15:48.000Z",,"00:02:20","https://www.youtube.com/@samiseedsindonesia3973/videos","jRAs85nBWwQ","https://www.youtube.com/@samiseedsindonesia3973/videos","false","false",,"2","CILACAP","1150",,,"","https://i.ytimg.com/vi/jRAs85nBWwQ/hqdefault.jpg","Spill tanaman jagung manis Mabis f1!!! dilahan Rnd cilacap","video","https://www.youtube.com/watch?v=jRAs85nBWwQ","64"
"https://yt3.googleusercontent.com/WcpeBYoEsRlv1bP07uBaL1u3aj1MO4te5gRrSMkNQPYGFTvnm1IdAWOlYA_ZKjEYgcHc6H0eiA=s160-c-k-c0x00ffffff-no-rj","https://yt3.googleusercontent.com/3hw2eIdbhtTiULF8F5klePyioQiV6cDoITo12lUAE0Nzza7vHk1PqkUzyfBCWcF_qDB0KZtj=w2560-fcrop64=1,00005a57ffffa5a8-k-c0xffffffff-no-nd-rj","This channel provides information about the cultivation of food crops and horticulture, plantation livestock, seeds and hybrid seeds. Tells about the success story of farmers. Thank you, don't forget to subscribe to likes and comments to get the latest notifications.

Terima kasih sahabat petani Indonesia sudah mampir ke canel saya. Jangan lupa subscribe.like dan share Untuk mendapatkan notifikasi terbaru dari saya.","Instagram ","https://www.instagram.com/","Bintang asia ","https://benihcitraasia.co.id/?fbclid=PAAaaE2rkzKftXVZCX_GIzGV9LI58Vt02Dr2wT0pQ4NS9flaYsX36vN37Ro4U","UChaCZ2AfddAv9DAW-Fe53Mg","Mar 13, 2019","Indonesia","sami seeds Bintang asia","351","238905","https://www.youtube.com/channel/UChaCZ2AfddAv9DAW-Fe53Mg",,"0","false","2024-10-09T14:06:23.000Z",,"00:22:25","https://www.youtube.com/@samiseedsindonesia3973/videos","9qabHoz48uk","https://www.youtube.com/@samiseedsindonesia3973/videos","false","false",,"3","CILACAP","1150",,,"","https://i.ytimg.com/vi/9qabHoz48uk/hqdefault.jpg","Persentase JAGUNG MANIS DIPASAR INDONESIA 🇮🇩 produk benih cap bintang asia","video","https://www.youtube.com/watch?v=9qabHoz48uk","21"
"https://yt3.googleusercontent.com/WcpeBYoEsRlv1bP07uBaL1u3aj1MO4te5gRrSMkNQPYGFTvnm1IdAWOlYA_ZKjEYgcHc6H0eiA=s160-c-k-c0x00ffffff-no-rj","https://yt3.googleusercontent.com/3hw2eIdbhtTiULF8F5klePyioQiV6cDoITo12lUAE0Nzza7vHk1PqkUzyfBCWcF_qDB0KZtj=w2560-fcrop64=1,00005a57ffffa5a8-k-c0xffffffff-no-nd-rj","This channel provides information about the cultivation of food crops and horticulture, plantation livestock, seeds and hybrid seeds. Tells about the success story of farmers. Thank you, don't forget to subscribe to likes and comments to get the latest notifications.

Terima kasih sahabat petani Indonesia sudah mampir ke canel saya. Jangan lupa subscribe.like dan share Untuk mendapatkan notifikasi terbaru dari saya.","Instagram ","https://www.instagram.com/","Bintang asia ","https://benihcitraasia.co.id/?fbclid=PAAaaE2rkzKftXVZCX_GIzGV9LI58Vt02Dr2wT0pQ4NS9flaYsX36vN37Ro4U","UChaCZ2AfddAv9DAW-Fe53Mg","Mar 13, 2019","Indonesia","sami seeds Bintang asia","351","238905","https://www.youtube.com/channel/UChaCZ2AfddAv9DAW-Fe53Mg",,"4","false","2024-10-08T12:25:35.000Z",,"00:03:21","https://www.youtube.com/@samiseedsindonesia3973/videos","OPwC8_CuohU","https://www.youtube.com/@samiseedsindonesia3973/videos","false","false",,"4","INDONESIA","1150",,,"","https://i.ytimg.com/vi/OPwC8_CuohU/hqdefault.jpg","Perjalanan Team bintang asia!!! sumatra ke jember jawa timur","video","https://www.youtube.com/watch?v=OPwC8_CuohU","36"
"https://yt3.googleusercontent.com/WcpeBYoEsRlv1bP07uBaL1u3aj1MO4te5gRrSMkNQPYGFTvnm1IdAWOlYA_ZKjEYgcHc6H0eiA=s160-c-k-c0x00ffffff-no-rj","https://yt3.googleusercontent.com/3hw2eIdbhtTiULF8F5klePyioQiV6cDoITo12lUAE0Nzza7vHk1PqkUzyfBCWcF_qDB0KZtj=w2560-fcrop64=1,00005a57ffffa5a8-k-c0xffffffff-no-nd-rj","This channel provides information about the cultivation of food crops and horticulture, plantation livestock, seeds and hybrid seeds. Tells about the success story of farmers. Thank you, don't forget to subscribe to likes and comments to get the latest notifications.

Terima kasih sahabat petani Indonesia sudah mampir ke canel saya. Jangan lupa subscribe.like dan share Untuk mendapatkan notifikasi terbaru dari saya.","Instagram ","https://www.instagram.com/","Bintang asia ","https://benihcitraasia.co.id/?fbclid=PAAaaE2rkzKftXVZCX_GIzGV9LI58Vt02Dr2wT0pQ4NS9flaYsX36vN37Ro4U","UChaCZ2AfddAv9DAW-Fe53Mg","Mar 13, 2019","Indonesia","sami seeds Bintang asia","351","238905","https://www.youtube.com/channel/UChaCZ2AfddAv9DAW-Fe53Mg",,"6","false","2024-10-08T22:46:51.000Z",,"00:13:32","https://www.youtube.com/@samiseedsindonesia3973/videos","VFs3c0kPfVo","https://www.youtube.com/@samiseedsindonesia3973/videos","false","false",,"6","KABUPATEN JEMBER","1150",,,"","https://i.ytimg.com/vi/VFs3c0kPfVo/hqdefault.jpg","BERKUNJUNG KE LABORATORIUM DAN GUDANG JAGUNG DAN PADI!!! PT. BENIH CITRA ASIA","video","https://www.youtube.com/watch?v=VFs3c0kPfVo","150"
"https://yt3.googleusercontent.com/WcpeBYoEsRlv1bP07uBaL1u3aj1MO4te5gRrSMkNQPYGFTvnm1IdAWOlYA_ZKjEYgcHc6H0eiA=s160-c-k-c0x00ffffff-no-rj","https://yt3.googleusercontent.com/3hw2eIdbhtTiULF8F5klePyioQiV6cDoITo12lUAE0Nzza7vHk1PqkUzyfBCWcF_qDB0KZtj=w2560-fcrop64=1,00005a57ffffa5a8-k-c0xffffffff-no-nd-rj","This channel provides information about the cultivation of food crops and horticulture, plantation livestock, seeds and hybrid seeds. Tells about the success story of farmers. Thank you, don't forget to subscribe to likes and comments to get the latest notifications.

Terima kasih sahabat petani Indonesia sudah mampir ke canel saya. Jangan lupa subscribe.like dan share Untuk mendapatkan notifikasi terbaru dari saya.","Instagram ","https://www.instagram.com/","Bintang asia ","https://benihcitraasia.co.id/?fbclid=PAAaaE2rkzKftXVZCX_GIzGV9LI58Vt02Dr2wT0pQ4NS9flaYsX36vN37Ro4U","UChaCZ2AfddAv9DAW-Fe53Mg","Mar 13, 2019","Indonesia","sami seeds Bintang asia","351","238905","https://www.youtube.com/channel/UChaCZ2AfddAv9DAW-Fe53Mg",,"2",,"2024-09-04T14:37:17.000Z",,,"https://www.youtube.com/@samiseedsindonesia3973/shorts","dp_TNOlmJEc","https://www.youtube.com/@samiseedsindonesia3973/videos","false","false",,"9",,"1150","4",,,"https://i.ytimg.com/vi/dp_TNOlmJEc/oar2.jpg?sqp=-oaymwEdCJUDENAFSFWQAgHyq4qpAwwIARUAAIhCcAHAAQY=&rs=AOn4CLBve8bNzxb0PuR-AM-OapR45ZlwSw","padi hibrida bca 18 f1!!! produksi tinggi, irit pupuk","shorts","https://www.youtube.com/shorts/dp_TNOlmJEc","1373"
"https://yt3.googleusercontent.com/WcpeBYoEsRlv1bP07uBaL1u3aj1MO4te5gRrSMkNQPYGFTvnm1IdAWOlYA_ZKjEYgcHc6H0eiA=s160-c-k-c0x00ffffff-no-rj","https://yt3.googleusercontent.com/3hw2eIdbhtTiULF8F5klePyioQiV6cDoITo12lUAE0Nzza7vHk1PqkUzyfBCWcF_qDB0KZtj=w2560-fcrop64=1,00005a57ffffa5a8-k-c0xffffffff-no-nd-rj","This channel provides information about the cultivation of food crops and horticulture, plantation livestock, seeds and hybrid seeds. Tells about the success story of farmers. Thank you, don't forget to subscribe to likes and comments to get the latest notifications.

Terima kasih sahabat petani Indonesia sudah mampir ke canel saya. Jangan lupa subscribe.like dan share Untuk mendapatkan notifikasi terbaru dari saya.","Instagram ","https://www.instagram.com/","Bintang asia ","https://benihcitraasia.co.id/?fbclid=PAAaaE2rkzKftXVZCX_GIzGV9LI58Vt02Dr2wT0pQ4NS9flaYsX36vN37Ro4U","UChaCZ2AfddAv9DAW-Fe53Mg","Mar 13, 2019","Indonesia","sami seeds Bintang asia","351","238905","https://www.youtube.com/channel/UChaCZ2AfddAv9DAW-Fe53Mg",,"3",,"2024-09-20T00:00:00.000Z",,,"https://www.youtube.com/@samiseedsindonesia3973/shorts","OqzGZqPxwIY","https://www.youtube.com/@samiseedsindonesia3973/videos","false","false",,"6",,"1150","1",,,"https://i.ytimg.com/vi/OqzGZqPxwIY/oar2.jpg?sqp=-oaymwEdCJUDENAFSFWQAgHyq4qpAwwIARUAAIhCcAHAAQY=&rs=AOn4CLAHZjWLoWDMJJkl3zfoh0rBfzxJPQ","Timun camri f1 !!! bunga lebat buah banyak","shorts","https://www.youtube.com/shorts/OqzGZqPxwIY","339"
"https://yt3.googleusercontent.com/WcpeBYoEsRlv1bP07uBaL1u3aj1MO4te5gRrSMkNQPYGFTvnm1IdAWOlYA_ZKjEYgcHc6H0eiA=s160-c-k-c0x00ffffff-no-rj","https://yt3.googleusercontent.com/3hw2eIdbhtTiULF8F5klePyioQiV6cDoITo12lUAE0Nzza7vHk1PqkUzyfBCWcF_qDB0KZtj=w2560-fcrop64=1,00005a57ffffa5a8-k-c0xffffffff-no-nd-rj","This channel provides information about the cultivation of food crops and horticulture, plantation livestock, seeds and hybrid seeds. Tells about the success story of farmers. Thank you, don't forget to subscribe to likes and comments to get the latest notifications.

Terima kasih sahabat petani Indonesia sudah mampir ke canel saya. Jangan lupa subscribe.like dan share Untuk mendapatkan notifikasi terbaru dari saya.","Instagram ","https://www.instagram.com/","Bintang asia ","https://benihcitraasia.co.id/?fbclid=PAAaaE2rkzKftXVZCX_GIzGV9LI58Vt02Dr2wT0pQ4NS9flaYsX36vN37Ro4U","UChaCZ2AfddAv9DAW-Fe53Mg","Mar 13, 2019","Indonesia","sami seeds Bintang asia","351","238905","https://www.youtube.com/channel/UChaCZ2AfddAv9DAW-Fe53Mg",,"3",,"2024-09-05T00:00:00.000Z",,,"https://www.youtube.com/@samiseedsindonesia3973/shorts","3hOs1xat5gg","https://www.youtube.com/@samiseedsindonesia3973/videos","false","false",,"4",,"1150","3",,,"https://i.ytimg.com/vi/3hOs1xat5gg/oar2.jpg?sqp=-oaymwEdCJUDENAFSFWQAgHyq4qpAwwIARUAAIhCcAHAAQY=&rs=AOn4CLDe7oCtD0tIr1eULQuCCl1EqjYBCw","Jagung Manis Mabes f1!!!Tongkol besar Tahan simpan","shorts","https://www.youtube.com/shorts/3hOs1xat5gg","579"
"https://yt3.googleusercontent.com/WcpeBYoEsRlv1bP07uBaL1u3aj1MO4te5gRrSMkNQPYGFTvnm1IdAWOlYA_ZKjEYgcHc6H0eiA=s160-c-k-c0x00ffffff-no-rj","https://yt3.googleusercontent.com/3hw2eIdbhtTiULF8F5klePyioQiV6cDoITo12lUAE0Nzza7vHk1PqkUzyfBCWcF_qDB0KZtj=w2560-fcrop64=1,00005a57ffffa5a8-k-c0xffffffff-no-nd-rj","This channel provides information about the cultivation of food crops and horticulture, plantation livestock, seeds and hybrid seeds. Tells about the success story of farmers. Thank you, don't forget to subscribe to likes and comments to get the latest notifications.

Terima kasih sahabat petani Indonesia sudah mampir ke canel saya. Jangan lupa subscribe.like dan share Untuk mendapatkan notifikasi terbaru dari saya.","Instagram ","https://www.instagram.com/","Bintang asia ","https://benihcitraasia.co.id/?fbclid=PAAaaE2rkzKftXVZCX_GIzGV9LI58Vt02Dr2wT0pQ4NS9flaYsX36vN37Ro4U","UChaCZ2AfddAv9DAW-Fe53Mg","Mar 13, 2019","Indonesia","sami seeds Bintang asia","351","238905","https://www.youtube.com/channel/UChaCZ2AfddAv9DAW-Fe53Mg",,"9","false","2024-09-05T00:51:21.000Z",,"00:17:42","https://www.youtube.com/@samiseedsindonesia3973/videos","7GAx5Jhe_gk","https://www.youtube.com/@samiseedsindonesia3973/videos","false","false",,"3","SUMATERA BARAT","1150",,,"","https://i.ytimg.com/vi/7GAx5Jhe_gk/hqdefault.jpg","BUDIDAYA SEMANGKA SERI !!! PENYERBUKAN MUDAH DAN TAHAN TERHADAP HAMA DAN PENYAKIT","video","https://www.youtube.com/watch?v=7GAx5Jhe_gk","74"
