﻿"author","authorIsChannelOwner","channelId","channelName","channelUrl","cid","comment","comments","commentsCount","commentsTurnedOff","date","descriptionLinks","duration","hasCreatorHeart","id","isMonetized","likes","location","numberOfSubscribers","pageUrl","publishedTimeText","replyCount","replyToCid","subtitles","text","thumbnailUrl","title","type","url","videoId","viewCount","voteCount"
,,"UChaCZ2AfddAv9DAW-Fe53Mg","sami seeds Bintang asia ","https://www.youtube.com/@samiseedsindonesia3973",,,,"0",,"2024-09-05T00:00:00.000Z",,,,"J6e9-GMsADg",,"1",,,,,,,,,,"sawi putih cachaf1!!! beradaptasi dengan baik didataran tinggi","shorts","https://www.youtube.com/shorts/J6e9-GMsADg",,"506",
,,"UChaCZ2AfddAv9DAW-Fe53Mg","sami seeds Bintang asia ","https://www.youtube.com/@samiseedsindonesia3973",,,,"3",,"2024-09-05T23:38:22.000Z",,,,"3hOs1xat5gg",,"4",,,,,,,,,,"Jagung Manis Mabes f1!!!Tongkol besar Tahan simpan","shorts","https://www.youtube.com/shorts/3hOs1xat5gg",,"579",
,,"UChaCZ2AfddAv9DAW-Fe53Mg","sami seeds Bintang asia ","https://www.youtube.com/@samiseedsindonesia3973",,,,"3",,"2024-09-21T01:39:04.000Z",,,,"OqzGZqPxwIY",,"6",,,,,,,,,,"Timun camri f1 !!! bunga lebat buah banyak","shorts","https://www.youtube.com/shorts/OqzGZqPxwIY",,"339",
,,"UChaCZ2AfddAv9DAW-Fe53Mg","sami seeds Bintang asia ","https://www.youtube.com/@samiseedsindonesia3973",,,,"0",,"2024-10-08T22:57:07.000Z",,,,"puu153SwSSQ",,"2",,,,,,,,,,"pembuatan benih jagung hibrida betras","shorts","https://www.youtube.com/shorts/puu153SwSSQ",,"657",
,,"UChaCZ2AfddAv9DAW-Fe53Mg","sami seeds Bintang asia ","https://www.youtube.com/@samiseedsindonesia3973",,,,"0","false","2024-10-08T02:44:22.000Z",,"00:02:14",,"kx4q8if9YC4",,"1","JEMBER","1150",,,,,,"bootcam 2024","https://i.ytimg.com/vi/kx4q8if9YC4/maxresdefault.jpg","sami seeds Bintang asia  sedang live sekarang!","stream","https://www.youtube.com/watch?v=kx4q8if9YC4",,"13",
,,"UChaCZ2AfddAv9DAW-Fe53Mg","sami seeds Bintang asia ","https://www.youtube.com/@samiseedsindonesia3973",,,,"0","false","2024-10-09T03:42:18.000Z",,"00:05:55",,"2Vf0j2pXHpM",,"3",,"1150",,,,,,"","https://i.ytimg.com/vi/2Vf0j2pXHpM/maxresdefault.jpg","sami seeds Bintang asia  sedang live sekarang!","stream","https://www.youtube.com/watch?v=2Vf0j2pXHpM",,"23",
,,"UChaCZ2AfddAv9DAW-Fe53Mg","sami seeds Bintang asia ","https://www.youtube.com/@samiseedsindonesia3973",,,,"0","false","2024-09-12T04:05:21.000Z",,"00:07:43",,"iDEWWfxomgc",,"8","KABUPATEN DHARMASRAYA","1150",,,,,,"","https://i.ytimg.com/vi/iDEWWfxomgc/hqdefault.jpg","MENINJAU LOKASI PADI INBRIDA INPARI32!!! REVIUW DAN PERFORMANYQ","video","https://www.youtube.com/watch?v=iDEWWfxomgc",,"63",
,,"UChaCZ2AfddAv9DAW-Fe53Mg","sami seeds Bintang asia ","https://www.youtube.com/@samiseedsindonesia3973",,,,"0","false","2024-09-10T16:58:20.000Z",,"00:08:51",,"W_yzKwQjdwc",,"8","SUMATERA BARAT","1150",,,,,,"","https://i.ytimg.com/vi/W_yzKwQjdwc/hqdefault.jpg","KUNJUNGAN LAHAN PETANI !!! DAN REVIUW BUDIDAYA JAGUNG DAN SEMANGKA BINTANG ASIA","video","https://www.youtube.com/watch?v=W_yzKwQjdwc",,"84",
,,"UChaCZ2AfddAv9DAW-Fe53Mg","sami seeds Bintang asia ","https://www.youtube.com/@samiseedsindonesia3973",,,,"0","false","2024-09-12T18:23:02.000Z",,"00:08:24",,"qfN6xJbRgNY",,"7","SUMATERA BARAT","1150",,,,,,"","https://i.ytimg.com/vi/qfN6xJbRgNY/hqdefault.jpg","KUNJUNGAN KE KWT DAN FARMER MEETING!!! PRODUCK BINTANG ASIA","video","https://www.youtube.com/watch?v=qfN6xJbRgNY",,"25",
"@Afandi_Dly","false",,,,"UgyTx_bjjRKXhoe8TyR4AaABAg","bg buat kn vidio cara membeda kn bibit bintang asia  palsu dengan bintang asia asli...",,"4",,,,,"false",,,,,,"https://www.youtube.com/watch?v=MXTgxajXN0c","4 weeks ago","2",,,,,"REVIEW SEMANGKA SERI F1!!! PEMBESARAN BUAH MUDAH BISA DIBUAHKAN 3 SAMPAI 4","comment",,"MXTgxajXN0c",,"1"
"@opeqbintangasia","false",,,,"UgygD9WQW84e1WaeNpB4AaABAg","Semangka oval non biji.
Daging merah dan padat.
Penyerbukan mudah.
Pembesaran mudah.
Tahan layu.
Toleran kresek.",,"4",,,,,"false",,,,,,"https://www.youtube.com/watch?v=MXTgxajXN0c","1 month ago","0",,,,,"REVIEW SEMANGKA SERI F1!!! PEMBESARAN BUAH MUDAH BISA DIBUAHKAN 3 SAMPAI 4","comment",,"MXTgxajXN0c",,"1"
"@toni4248","false",,,,"UgxE0NMDq0If1d3GQud4AaABAg","Untuk dataran tinggi bisa gak",,"8",,,,,"false",,,,,,"https://www.youtube.com/watch?v=kAA__hMX_wk","3 weeks ago","2",,,,,"Reviuw dan spill cabai keriting!!! CMK TAVI🌶","comment",,"kAA__hMX_wk",,"1"
"@NasirBintangAsia_","false",,,,"Ugw9Gez6kdDNDNewVgJ4AaABAg","cmk tavi menyala",,"8",,,,,"false",,,,,,"https://www.youtube.com/watch?v=kAA__hMX_wk","4 weeks ago","1",,,,,"Reviuw dan spill cabai keriting!!! CMK TAVI🌶","comment",,"kAA__hMX_wk",,"1"
"@opeqbintangasia","false",,,,"UgySJj08VJu1Se4p7wh4AaABAg","Semangat dan sukses untuk usahanya pak ...
Berkah untuk keluarga, Aamiin",,"8",,,,,"false",,,,,,"https://www.youtube.com/watch?v=kAA__hMX_wk","4 weeks ago","2",,,,,"Reviuw dan spill cabai keriting!!! CMK TAVI🌶","comment",,"kAA__hMX_wk",,"1"
"@opeqbintangasia","false",,,,"Ugw7AMQukc3pjt7DKJ94AaABAg","Terong lalap.
Rasa agak manis.
Tekstur renyah.
Lebat.
Produksi tinggi.",,"10",,,,,"false",,,,,,"https://www.youtube.com/watch?v=aCmmIUOzYoI","1 month ago","1",,,,,"SEBULAN OMSET 4JUTA!!! TANAM TERONG KENARI BINTANG ASIA","comment",,"aCmmIUOzYoI",,"1"
"@rahmatjanur-w4j","false",,,,"Ugxaqu5tVmGRZdc8vyN4AaABAg","Apa saja hama dan penyakit yang sering menyerang tanaman terong kenari pak, dan bagaimana cara mengatasinya?",,"10",,,,,"true",,,,,,"https://www.youtube.com/watch?v=aCmmIUOzYoI","1 month ago","3",,,,,"SEBULAN OMSET 4JUTA!!! TANAM TERONG KENARI BINTANG ASIA","comment",,"aCmmIUOzYoI",,"1"
"@mohamadcali8259","false",,,,"UgwTiyELilklNpnp3KF4AaABAg","Bintang asia semakin memberikan yg terbaik",,"10",,,,,"false",,,,,,"https://www.youtube.com/watch?v=aCmmIUOzYoI","1 month ago","0",,,,,"SEBULAN OMSET 4JUTA!!! TANAM TERONG KENARI BINTANG ASIA","comment",,"aCmmIUOzYoI",,"1"
"@Jefribintangasia","false",,,,"Ugz2NAl3lkYMZK4hM354AaABAg","Mantap",,"10",,,,,"false",,,,,,"https://www.youtube.com/watch?v=aCmmIUOzYoI","1 month ago","2",,,,,"SEBULAN OMSET 4JUTA!!! TANAM TERONG KENARI BINTANG ASIA","comment",,"aCmmIUOzYoI",,"1"
"@mohamadcali8259","false",,,,"UgzXWLazEAM_8fr6os54AaABAg","Mantap",,"3",,,,,"false",,,,,,"https://www.youtube.com/watch?v=2Ioon3OCvJ8","1 month ago","2",,,,,"Budidaya dan cara penyemaian cabe!!! Cmk tavi sumatra","comment",,"2Ioon3OCvJ8",,"1"
"@BangzieeBCA","false",,,,"UgyyxgGY5_67A0oZKxN4AaABAg","Mantap",,"9",,,,,"true",,,,,,"https://www.youtube.com/watch?v=7GAx5Jhe_gk","3 weeks ago","1",,,,,"BUDIDAYA SEMANGKA SERI !!! PENYERBUKAN MUDAH DAN TAHAN TERHADAP HAMA DAN PENYAKIT","comment",,"7GAx5Jhe_gk",,"1"
"@Murti_maulana","false",,,,"UgxhUpJ4crV4_shdwQd4AaABAg","Hadir...Semangka SERI
dari Patoman Pagelaran kab.pringsewu .",,"9",,,,,"true",,,,,,"https://www.youtube.com/watch?v=7GAx5Jhe_gk","1 month ago","2",,,,,"BUDIDAYA SEMANGKA SERI !!! PENYERBUKAN MUDAH DAN TAHAN TERHADAP HAMA DAN PENYAKIT","comment",,"7GAx5Jhe_gk",,"1"
"@opeqbintangasia","false",,,,"UgxbbPwLkubwLmFRrLJ4AaABAg","Semangka oval non biji
Daging merah dan padat
Penyerbukan mudah
Pembesaran mudah
Tahan layu
Toleran kresek",,"9",,,,,"false",,,,,,"https://www.youtube.com/watch?v=7GAx5Jhe_gk","1 month ago","1",,,,,"BUDIDAYA SEMANGKA SERI !!! PENYERBUKAN MUDAH DAN TAHAN TERHADAP HAMA DAN PENYAKIT","comment",,"7GAx5Jhe_gk",,"1"
"@BintangasiA_TV","false",,,,"UgwiOzgZUsRaocnlpEN4AaABAg","Mantap Sekali Semangka Seri 🥰",,"9",,,,,"false",,,,,,"https://www.youtube.com/watch?v=7GAx5Jhe_gk","1 month ago","1",,,,,"BUDIDAYA SEMANGKA SERI !!! PENYERBUKAN MUDAH DAN TAHAN TERHADAP HAMA DAN PENYAKIT","comment",,"7GAx5Jhe_gk",,"1"
"@abdipratama6533","false",,,,"Ugw_tidzpvElshkdmDp4AaABAg","mau tanya bos, Apakah benih ini dapat tumbuh baik di semua jenis tanah? dan Apakah benih padi ini cocok untuk lahan sawah atau lahan kering?
maaf banyak nanya petani pemula
terima kasih",,"12",,,,,"true",,,,,,"https://www.youtube.com/watch?v=yK1paKBXWYo","1 month ago","2",,,,,"MENGGALI POTENSI PADI HIBRIDA!!! BCA 18 F1 DISUMATRA BARAT","comment",,"yK1paKBXWYo",,"1"
"@AntonSulaiman-d6k","false",,,,"UgwbyoY-jClK-KuKkZB4AaABAg","BCA 18 F1 Mantap 👍👍",,"12",,,,,"false",,,,,,"https://www.youtube.com/watch?v=yK1paKBXWYo","1 month ago","5",,,,,"MENGGALI POTENSI PADI HIBRIDA!!! BCA 18 F1 DISUMATRA BARAT","comment",,"yK1paKBXWYo",,"1"
"@opeqbintangasia","false",,,,"Ugwen7Jym3mwNVLHiHl4AaABAg","Padi hibrida. Bulir bernas. Anakan produktif banyak. Tahan terhadap wereng batang coklat biotipe 1. Tahan hawar daun, bakteri patotipe IV dan VIII.
Potensi produksi tinggi",,"12",,,,,"false",,,,,,"https://www.youtube.com/watch?v=yK1paKBXWYo","1 month ago","2",,,,,"MENGGALI POTENSI PADI HIBRIDA!!! BCA 18 F1 DISUMATRA BARAT","comment",,"yK1paKBXWYo",,"1"
"@samiseedsindonesia3973","true",,,,"UgyyxgGY5_67A0oZKxN4AaABAg.A8MGM-4v5p_A8MHShPqup2","Terimakasih bg",,"9",,,,,"false",,,,,,"https://www.youtube.com/watch?v=7GAx5Jhe_gk","3 weeks ago","0","UgyyxgGY5_67A0oZKxN4AaABAg",,,,"BUDIDAYA SEMANGKA SERI !!! PENYERBUKAN MUDAH DAN TAHAN TERHADAP HAMA DAN PENYAKIT","reply",,"7GAx5Jhe_gk",,"0"
"@samiseedsindonesia3973","true",,,,"UgxE0NMDq0If1d3GQud4AaABAg.A8Q4YHHJB7BA8RIYoYciHG","Bisa. Tapi lebih bagus yg varietas juro f1.",,"8",,,,,"false",,,,,,"https://www.youtube.com/watch?v=kAA__hMX_wk","3 weeks ago","0","UgxE0NMDq0If1d3GQud4AaABAg",,,,"Reviuw dan spill cabai keriting!!! CMK TAVI🌶","reply",,"kAA__hMX_wk",,"0"
"@samiseedsindonesia3973","true",,,,"UgxE0NMDq0If1d3GQud4AaABAg.A8Q4YHHJB7BA8RIh64plps","Ketinggian berapa kak?",,"8",,,,,"false",,,,,,"https://www.youtube.com/watch?v=kAA__hMX_wk","3 weeks ago","0","UgxE0NMDq0If1d3GQud4AaABAg",,,,"Reviuw dan spill cabai keriting!!! CMK TAVI🌶","reply",,"kAA__hMX_wk",,"0"
"@samiseedsindonesia3973","true",,,,"UgzXWLazEAM_8fr6os54AaABAg.A7yJ0Wl12owA7yP1o6W-kJ","Kita akan update terus bg sampai panen",,"3",,,,,"false",,,,,,"https://www.youtube.com/watch?v=2Ioon3OCvJ8","1 month ago","0","UgzXWLazEAM_8fr6os54AaABAg",,,,"Budidaya dan cara penyemaian cabe!!! Cmk tavi sumatra","reply",,"2Ioon3OCvJ8",,"0"
"@samiseedsindonesia3973","true",,,,"UgzXWLazEAM_8fr6os54AaABAg.A7yJ0Wl12owA7yP5jNREd9","Ayo bg kita kreatif dan semangat",,"3",,,,,"false",,,,,,"https://www.youtube.com/watch?v=2Ioon3OCvJ8","1 month ago","0","UgzXWLazEAM_8fr6os54AaABAg",,,,"Budidaya dan cara penyemaian cabe!!! Cmk tavi sumatra","reply",,"2Ioon3OCvJ8",,"0"
"@samiseedsindonesia3973","true",,,,"Ugw_tidzpvElshkdmDp4AaABAg.A7zehW9QbSYA8-9E7SK28B"," @abdipratama6533  baik terimakasih pertanyaannya. Bisa semua",,"12",,,,,"false",,,,,,"https://www.youtube.com/watch?v=yK1paKBXWYo","1 month ago","0","Ugw_tidzpvElshkdmDp4AaABAg",,,,"MENGGALI POTENSI PADI HIBRIDA!!! BCA 18 F1 DISUMATRA BARAT","reply",,"yK1paKBXWYo",,"0"
"@samiseedsindonesia3973","true",,,,"Ugw_tidzpvElshkdmDp4AaABAg.A7zehW9QbSYA8-9M86KAF8"," @abdipratama6533  sawah kering jg bisa. Memang didaerah mana kok ada sawah kering apa padi gogo",,"12",,,,,"false",,,,,,"https://www.youtube.com/watch?v=yK1paKBXWYo","1 month ago","0","Ugw_tidzpvElshkdmDp4AaABAg",,,,"MENGGALI POTENSI PADI HIBRIDA!!! BCA 18 F1 DISUMATRA BARAT","reply",,"yK1paKBXWYo",,"0"
"@samiseedsindonesia3973","true",,,,"UgyTx_bjjRKXhoe8TyR4AaABAg.A8KDOwKWjesA8KDzcGT_LJ","Siap.insyaallah dalam waktu dekat",,"4",,,,,"false",,,,,,"https://www.youtube.com/watch?v=MXTgxajXN0c","4 weeks ago","0","UgyTx_bjjRKXhoe8TyR4AaABAg",,,,"REVIEW SEMANGKA SERI F1!!! PEMBESARAN BUAH MUDAH BISA DIBUAHKAN 3 SAMPAI 4","reply",,"MXTgxajXN0c",,"1"
"@samiseedsindonesia3973","true",,,,"UgyTx_bjjRKXhoe8TyR4AaABAg.A8KDOwKWjesA8MrkJ2qbbs","https://youtu.be/ZqzYDcDDI3Q
Silahkan lihat video 📹 terbaru. Ini cara membedakan benih asli dan palsu",,"4",,,,,"false",,,,,,"https://www.youtube.com/watch?v=MXTgxajXN0c","3 weeks ago","0","UgyTx_bjjRKXhoe8TyR4AaABAg",,,,"REVIEW SEMANGKA SERI F1!!! PEMBESARAN BUAH MUDAH BISA DIBUAHKAN 3 SAMPAI 4","reply",,"MXTgxajXN0c",,"0"
"@samiseedsindonesia3973","true",,,,"UgxhUpJ4crV4_shdwQd4AaABAg.A8-qAhSqD_gA8-tSRFOI7D","Ok bg . Wahh dari sumatra selatan ya..",,"9",,,,,"false",,,,,,"https://www.youtube.com/watch?v=7GAx5Jhe_gk","1 month ago","0","UgxhUpJ4crV4_shdwQd4AaABAg",,,,"BUDIDAYA SEMANGKA SERI !!! PENYERBUKAN MUDAH DAN TAHAN TERHADAP HAMA DAN PENYAKIT","reply",,"7GAx5Jhe_gk",,"0"
"@samiseedsindonesia3973","true",,,,"UgxhUpJ4crV4_shdwQd4AaABAg.A8-qAhSqD_gA8-tcjC1G81","Semoga dipringsewu pada nanam Semangka seri f1,makasih sdh mampir dicanel kami. Jangan lupa subcribeb ya .terima kasih",,"9",,,,,"false",,,,,,"https://www.youtube.com/watch?v=7GAx5Jhe_gk","1 month ago","0","UgxhUpJ4crV4_shdwQd4AaABAg",,,,"BUDIDAYA SEMANGKA SERI !!! PENYERBUKAN MUDAH DAN TAHAN TERHADAP HAMA DAN PENYAKIT","reply",,"7GAx5Jhe_gk",,"0"
"@samiseedsindonesia3973","true",,,,"Ugw9Gez6kdDNDNewVgJ4AaABAg.A8KM7u_m5YcA8RIkGd21iD","Iya mas. Makasih support nya",,"8",,,,,"false",,,,,,"https://www.youtube.com/watch?v=kAA__hMX_wk","3 weeks ago","0","Ugw9Gez6kdDNDNewVgJ4AaABAg",,,,"Reviuw dan spill cabai keriting!!! CMK TAVI🌶","reply",,"kAA__hMX_wk",,"0"
"@samiseedsindonesia3973","true",,,,"Ugw7AMQukc3pjt7DKJ94AaABAg.A88vDn7mH-ZA88w5ABCF_d","Terimakasih",,"10",,,,,"false",,,,,,"https://www.youtube.com/watch?v=aCmmIUOzYoI","1 month ago","0","Ugw7AMQukc3pjt7DKJ94AaABAg",,,,"SEBULAN OMSET 4JUTA!!! TANAM TERONG KENARI BINTANG ASIA","reply",,"aCmmIUOzYoI",,"0"
"@samiseedsindonesia3973","true",,,,"UgwbyoY-jClK-KuKkZB4AaABAg.A7yU9yZvHX4A7yUsMffn7P"," @AntonSulaiman-d6k  makasih bg.tahap belajar",,"12",,,,,"false",,,,,,"https://www.youtube.com/watch?v=yK1paKBXWYo","1 month ago","0","UgwbyoY-jClK-KuKkZB4AaABAg",,,,"MENGGALI POTENSI PADI HIBRIDA!!! BCA 18 F1 DISUMATRA BARAT","reply",,"yK1paKBXWYo",,"0"
"@samiseedsindonesia3973","true",,,,"UgwbyoY-jClK-KuKkZB4AaABAg.A7yU9yZvHX4A7yUy5hSgPT"," @AntonSulaiman-d6k  mengasah kemampuan dan skill dipublik",,"12",,,,,"false",,,,,,"https://www.youtube.com/watch?v=yK1paKBXWYo","1 month ago","0","UgwbyoY-jClK-KuKkZB4AaABAg",,,,"MENGGALI POTENSI PADI HIBRIDA!!! BCA 18 F1 DISUMATRA BARAT","reply",,"yK1paKBXWYo",,"0"
"@AntonSulaiman-d6k","false",,,,"UgwbyoY-jClK-KuKkZB4AaABAg.A7yU9yZvHX4A7yVT9vQLjE"," @samiseedsindonesia3973  sampeyan udh suhunya mas apalagi yg mau dipelajari 😁",,"12",,,,,"false",,,,,,"https://www.youtube.com/watch?v=yK1paKBXWYo","1 month ago","0","UgwbyoY-jClK-KuKkZB4AaABAg",,,,"MENGGALI POTENSI PADI HIBRIDA!!! BCA 18 F1 DISUMATRA BARAT","reply",,"yK1paKBXWYo",,"1"
"@AntonSulaiman-d6k","false",,,,"UgwbyoY-jClK-KuKkZB4AaABAg.A7yU9yZvHX4A7yVXHMy4m8"," @samiseedsindonesia3973  cocok mas, sampe ketemu di jember 😅👍👍",,"12",,,,,"false",,,,,,"https://www.youtube.com/watch?v=yK1paKBXWYo","1 month ago","0","UgwbyoY-jClK-KuKkZB4AaABAg",,,,"MENGGALI POTENSI PADI HIBRIDA!!! BCA 18 F1 DISUMATRA BARAT","reply",,"yK1paKBXWYo",,"0"
"@samiseedsindonesia3973","true",,,,"UgwbyoY-jClK-KuKkZB4AaABAg.A7yU9yZvHX4A7yVy8ak8RH","@user-vp3hu2im9q ayo buat jg canel youtube bg",,"12",,,,,"false",,,,,,"https://www.youtube.com/watch?v=yK1paKBXWYo","1 month ago","0","UgwbyoY-jClK-KuKkZB4AaABAg",,,,"MENGGALI POTENSI PADI HIBRIDA!!! BCA 18 F1 DISUMATRA BARAT","reply",,"yK1paKBXWYo",,"0"
"@sarjanablusukan7699","false",,,,"Ugw1GmAIDwvISGubpo54AaABAg","Minta no WA Bang...
Aku di Pasaman Barat Sumbar",,"3",,,,,"false",,,,,,"https://www.youtube.com/watch?v=JcUmrBCl_c8","5 days ago","2",,,,,"Reviuw tanaman Madrid f1!!! 11 hst penggunaan 3 pupuk kandang sekaligus","comment",,"JcUmrBCl_c8",,"1"
,,"UChaCZ2AfddAv9DAW-Fe53Mg","sami seeds Bintang asia ","https://www.youtube.com/@samiseedsindonesia3973",,,,"0","false","2024-10-08T05:16:40.000Z",,"00:10:14",,"__X2BoskU-0",,"4","JEMBER","1150",,,,,,"","https://i.ytimg.com/vi/__X2BoskU-0/hqdefault.jpg","Berkunjung ke kantor bca!!! acara bootcam 2024","video","https://www.youtube.com/watch?v=__X2BoskU-0",,"40",
"@samiseedsindonesia3973","true",,,,"UgySJj08VJu1Se4p7wh4AaABAg.A8KHu4Zgg1nA8KI_ET23LR","Baik pak. Terima kasih..",,"8",,,,,"false",,,,,,"https://www.youtube.com/watch?v=kAA__hMX_wk","4 weeks ago","0","UgySJj08VJu1Se4p7wh4AaABAg",,,,"Reviuw dan spill cabai keriting!!! CMK TAVI🌶","reply",,"kAA__hMX_wk",,"0"
"@samiseedsindonesia3973","true",,,,"UgySJj08VJu1Se4p7wh4AaABAg.A8KHu4Zgg1nA8KIf4T9N11","Sedang berusaha  membuat video 📹 yg bermanfaat untuk petani Indonesia 🇮🇩",,"8",,,,,"false",,,,,,"https://www.youtube.com/watch?v=kAA__hMX_wk","4 weeks ago","0","UgySJj08VJu1Se4p7wh4AaABAg",,,,"Reviuw dan spill cabai keriting!!! CMK TAVI🌶","reply",,"kAA__hMX_wk",,"0"
"@samiseedsindonesia3973","true",,,,"Ugw1GmAIDwvISGubpo54AaABAg.A9FArStaCdXA9FYmE6C4Te"," @sarjanablusukan7699  kirim saja  nomernya nanti sy cat",,"3",,,,,"false",,,,,,"https://www.youtube.com/watch?v=JcUmrBCl_c8","5 days ago","0","Ugw1GmAIDwvISGubpo54AaABAg",,,,"Reviuw tanaman Madrid f1!!! 11 hst penggunaan 3 pupuk kandang sekaligus","reply",,"JcUmrBCl_c8",,"1"
"@samiseedsindonesia3973","true",,,,"Ugw1GmAIDwvISGubpo54AaABAg.A9FArStaCdXA9IKwoBfifO","Bisa",,"3",,,,,"false",,,,,,"https://www.youtube.com/watch?v=JcUmrBCl_c8","4 days ago","0","Ugw1GmAIDwvISGubpo54AaABAg",,,,"Reviuw tanaman Madrid f1!!! 11 hst penggunaan 3 pupuk kandang sekaligus","reply",,"JcUmrBCl_c8",,"0"
"@samiseedsindonesia3973","true",,,,"Ugwen7Jym3mwNVLHiHl4AaABAg.A7yPaxq0rNdA7yQ6vD8HBv"," @opeqbintangasia  terimakasih komentar nya mas.",,"12",,,,,"false",,,,,,"https://www.youtube.com/watch?v=yK1paKBXWYo","1 month ago","0","Ugwen7Jym3mwNVLHiHl4AaABAg",,,,"MENGGALI POTENSI PADI HIBRIDA!!! BCA 18 F1 DISUMATRA BARAT","reply",,"yK1paKBXWYo",,"0"
"@samiseedsindonesia3973","true",,,,"Ugwen7Jym3mwNVLHiHl4AaABAg.A7yPaxq0rNdA7yQBhIrWps"," @opeqbintangasia  mewakili pertanyaan petani dibebepa daearah.",,"12",,,,,"false",,,,,,"https://www.youtube.com/watch?v=yK1paKBXWYo","1 month ago","0","Ugwen7Jym3mwNVLHiHl4AaABAg",,,,"MENGGALI POTENSI PADI HIBRIDA!!! BCA 18 F1 DISUMATRA BARAT","reply",,"yK1paKBXWYo",,"0"
"@samiseedsindonesia3973","true",,,,"UgxbbPwLkubwLmFRrLJ4AaABAg.A8-ef4Y58ckA8-h5ZkDyZU","Iya bg.makasih",,"9",,,,,"false",,,,,,"https://www.youtube.com/watch?v=7GAx5Jhe_gk","1 month ago","0","UgxbbPwLkubwLmFRrLJ4AaABAg",,,,"BUDIDAYA SEMANGKA SERI !!! PENYERBUKAN MUDAH DAN TAHAN TERHADAP HAMA DAN PENYAKIT","reply",,"7GAx5Jhe_gk",,"0"
"@samiseedsindonesia3973","true",,,,"Ugxaqu5tVmGRZdc8vyN4AaABAg.A88roHxNKaCA88wJMxKfE6","Yg sering terjadi yaitu, layu fusarium kutu kebul,trips dan ulat..",,"10",,,,,"false",,,,,,"https://www.youtube.com/watch?v=aCmmIUOzYoI","1 month ago","0","Ugxaqu5tVmGRZdc8vyN4AaABAg",,,,"SEBULAN OMSET 4JUTA!!! TANAM TERONG KENARI BINTANG ASIA","reply",,"aCmmIUOzYoI",,"0"
"@samiseedsindonesia3973","true",,,,"Ugxaqu5tVmGRZdc8vyN4AaABAg.A88roHxNKaCA89U4qThg80","Cara perawatan tergantung hama dan penyakit seperti kutu kebu pakai bahan aktif imidakloropid+ abakmektin.  Untuk layu fusarium gunakan m21 dan petrofas petro..",,"10",,,,,"false",,,,,,"https://www.youtube.com/watch?v=aCmmIUOzYoI","1 month ago","0","Ugxaqu5tVmGRZdc8vyN4AaABAg",,,,"SEBULAN OMSET 4JUTA!!! TANAM TERONG KENARI BINTANG ASIA","reply",,"aCmmIUOzYoI",,"0"
"@samiseedsindonesia3973","true",,,,"Ugxaqu5tVmGRZdc8vyN4AaABAg.A88roHxNKaCA89U8jqswR8","Biasanya nanam sayuran apa bg??",,"10",,,,,"false",,,,,,"https://www.youtube.com/watch?v=aCmmIUOzYoI","1 month ago","0","Ugxaqu5tVmGRZdc8vyN4AaABAg",,,,"SEBULAN OMSET 4JUTA!!! TANAM TERONG KENARI BINTANG ASIA","reply",,"aCmmIUOzYoI",,"0"
"@sarjanablusukan7699","false",,,,"UgxAqNpuMQ5F1rUpA654AaABAg","Berapa harga benih melon jumbo bang ??",,"15",,,,,"false",,,,,,"https://www.youtube.com/watch?v=ZqzYDcDDI3Q","6 days ago","1",,,,,"CARA MEMBEDAKAN BENIH ASLI VS BENIH PALSU PRODUK BINTANG ASIA","comment",,"ZqzYDcDDI3Q",,"1"
"@sarjanablusukan7699","false",,,,"UgzoOnh3IKoEHxH0wGp4AaABAg","Bang beli benih melon jumbo asli dimana bang ??",,"15",,,,,"false",,,,,,"https://www.youtube.com/watch?v=ZqzYDcDDI3Q","6 days ago","3",,,,,"CARA MEMBEDAKAN BENIH ASLI VS BENIH PALSU PRODUK BINTANG ASIA","comment",,"ZqzYDcDDI3Q",,"1"
"@Afandi_Dly","false",,,,"Ugw4o1fvInn0VrY2xx94AaABAg","oke hadir bg...terimakasi atas informasi ny...",,"15",,,,,"false",,,,,,"https://www.youtube.com/watch?v=ZqzYDcDDI3Q","3 weeks ago","1",,,,,"CARA MEMBEDAKAN BENIH ASLI VS BENIH PALSU PRODUK BINTANG ASIA","comment",,"ZqzYDcDDI3Q",,"1"
"@opeqbintangasia","false",,,,"UgxStqh7WaR9iLhDFw94AaABAg","Informatif....",,"15",,,,,"false",,,,,,"https://www.youtube.com/watch?v=ZqzYDcDDI3Q","3 weeks ago","1",,,,,"CARA MEMBEDAKAN BENIH ASLI VS BENIH PALSU PRODUK BINTANG ASIA","comment",,"ZqzYDcDDI3Q",,"1"
"@BangzieeBCA","false",,,,"UgxWD7xOeDfR8eFcdlx4AaABAg","Mantaf",,"15",,,,,"false",,,,,,"https://www.youtube.com/watch?v=ZqzYDcDDI3Q","3 weeks ago","2",,,,,"CARA MEMBEDAKAN BENIH ASLI VS BENIH PALSU PRODUK BINTANG ASIA","comment",,"ZqzYDcDDI3Q",,"1"
"@wahyuricar","false",,,,"UgyE6gtCZwdWxVgDjC94AaABAg","Anjay keren bosss",,"15",,,,,"true",,,,,,"https://www.youtube.com/watch?v=ZqzYDcDDI3Q","3 weeks ago","1",,,,,"CARA MEMBEDAKAN BENIH ASLI VS BENIH PALSU PRODUK BINTANG ASIA","comment",,"ZqzYDcDDI3Q",,"1"
"@opeqbintangasia","false",,,,"UgzMkjzp7XhH-QsM1-F4AaABAg","Hamparannya luas sekali . . .",,"2",,,,,"false",,,,,,"https://www.youtube.com/watch?v=1eiiXLnuW-0","3 weeks ago","1",,,,,"PINDAH TANAM SEMANGKA 🍉SERI F1 DAN MELON 🍈 JUMBO F1","comment",,"1eiiXLnuW-0",,"1"
"@BangzieeBCA","false",,,,"UgxFZtPy9mDEqbzqN2p4AaABAg","Mantap",,"2",,,,,"false",,,,,,"https://www.youtube.com/watch?v=m55fGj4npK4","2 weeks ago","1",,,,,"Nasib tragis petani dinegeri agraris","comment",,"m55fGj4npK4",,"1"
"@samiseedsindonesia3973","true",,,,"UgwiOzgZUsRaocnlpEN4AaABAg.A7zcdB6jaMyA8-h7KdfAON","Iya bg makasih bg",,"9",,,,,"false",,,,,,"https://www.youtube.com/watch?v=7GAx5Jhe_gk","1 month ago","0","UgwiOzgZUsRaocnlpEN4AaABAg",,,,"BUDIDAYA SEMANGKA SERI !!! PENYERBUKAN MUDAH DAN TAHAN TERHADAP HAMA DAN PENYAKIT","reply",,"7GAx5Jhe_gk",,"0"
"@samiseedsindonesia3973","true",,,,"UgxFZtPy9mDEqbzqN2p4AaABAg.A8r4AyyJM3XA8r6BggoIVY","Iya bg",,"2",,,,,"false",,,,,,"https://www.youtube.com/watch?v=m55fGj4npK4","2 weeks ago","0","UgxFZtPy9mDEqbzqN2p4AaABAg",,,,"Nasib tragis petani dinegeri agraris","reply",,"m55fGj4npK4",,"0"
"@samiseedsindonesia3973","true",,,,"Ugz2NAl3lkYMZK4hM354AaABAg.A87-Ak-wSEoA874HxeldlN","Ok bg",,"10",,,,,"false",,,,,,"https://www.youtube.com/watch?v=aCmmIUOzYoI","1 month ago","0","Ugz2NAl3lkYMZK4hM354AaABAg",,,,"SEBULAN OMSET 4JUTA!!! TANAM TERONG KENARI BINTANG ASIA","reply",,"aCmmIUOzYoI",,"0"
"@samiseedsindonesia3973","true",,,,"Ugz2NAl3lkYMZK4hM354AaABAg.A87-Ak-wSEoA874JYhh88b","Masih belajar dan belajar",,"10",,,,,"false",,,,,,"https://www.youtube.com/watch?v=aCmmIUOzYoI","1 month ago","0","Ugz2NAl3lkYMZK4hM354AaABAg",,,,"SEBULAN OMSET 4JUTA!!! TANAM TERONG KENARI BINTANG ASIA","reply",,"aCmmIUOzYoI",,"0"
"@samiseedsindonesia3973","true",,,,"UgzMkjzp7XhH-QsM1-F4AaABAg.A8PIxKBQJ_DA8PaGisjld2","Iya bg alhamdulillah",,"2",,,,,"false",,,,,,"https://www.youtube.com/watch?v=1eiiXLnuW-0","3 weeks ago","0","UgzMkjzp7XhH-QsM1-F4AaABAg",,,,"PINDAH TANAM SEMANGKA 🍉SERI F1 DAN MELON 🍈 JUMBO F1","reply",,"1eiiXLnuW-0",,"0"
"@samiseedsindonesia3973","true",,,,"UgxAqNpuMQ5F1rUpA654AaABAg.A9DMv9E5ij8A9EWV_cIIhJ","500",,"15",,,,,"false",,,,,,"https://www.youtube.com/watch?v=ZqzYDcDDI3Q","6 days ago","0","UgxAqNpuMQ5F1rUpA654AaABAg",,,,"CARA MEMBEDAKAN BENIH ASLI VS BENIH PALSU PRODUK BINTANG ASIA","reply",,"ZqzYDcDDI3Q",,"0"
"@JejakSahabatTaniOk","false",,,,"UgzhMQ9pTNJQkBPgbVN4AaABAg","Istimewa 👍👍",,"4",,,,,"false",,,,,,"https://www.youtube.com/watch?v=cZ68EIqsNnc","5 days ago","1",,,,,"PANEN PADI INPARI32 BINTANGASIA!!! 8 KANTONG MENGHASILKAN 60 KARUNG 3 TON","comment",,"cZ68EIqsNnc",,"1"
"@opeqbintangasia","false",,,,"UgwGWgxyR7pu_wfOdkV4AaABAg","MantaB lebih hemat benihnya, lebih banyak hasilnya",,"4",,,,,"false",,,,,,"https://www.youtube.com/watch?v=cZ68EIqsNnc","11 days ago","1",,,,,"PANEN PADI INPARI32 BINTANGASIA!!! 8 KANTONG MENGHASILKAN 60 KARUNG 3 TON","comment",,"cZ68EIqsNnc",,"1"
"@samiseedsindonesia3973","true",,,,"UgzhMQ9pTNJQkBPgbVN4AaABAg.A9F6WsUERkEA9G0Sbz_ktl","👍",,"4",,,,,"false",,,,,,"https://www.youtube.com/watch?v=cZ68EIqsNnc","5 days ago","0","UgzhMQ9pTNJQkBPgbVN4AaABAg",,,,"PANEN PADI INPARI32 BINTANGASIA!!! 8 KANTONG MENGHASILKAN 60 KARUNG 3 TON","reply",,"cZ68EIqsNnc",,"0"
"@samiseedsindonesia3973","true",,,,"UgzoOnh3IKoEHxH0wGp4AaABAg.A9CKn2HP_7cA9Cu_CTNlpZ","Sama sy jg bisa",,"15",,,,,"false",,,,,,"https://www.youtube.com/watch?v=ZqzYDcDDI3Q","6 days ago","0","UgzoOnh3IKoEHxH0wGp4AaABAg",,,,"CARA MEMBEDAKAN BENIH ASLI VS BENIH PALSU PRODUK BINTANG ASIA","reply",,"ZqzYDcDDI3Q",,"0"
"@sarjanablusukan7699","false",,,,"UgzoOnh3IKoEHxH0wGp4AaABAg.A9CKn2HP_7cA9DK9x0Zpk8"," @samiseedsindonesia3973  berapa binih jumbo harganya bang...???",,"15",,,,,"false",,,,,,"https://www.youtube.com/watch?v=ZqzYDcDDI3Q","6 days ago","0","UgzoOnh3IKoEHxH0wGp4AaABAg",,,,"CARA MEMBEDAKAN BENIH ASLI VS BENIH PALSU PRODUK BINTANG ASIA","reply",,"ZqzYDcDDI3Q",,"0"
"@sarjanablusukan7699","false",,,,"UgzoOnh3IKoEHxH0wGp4AaABAg.A9CKn2HP_7cA9DLkAgGsLF"," @samiseedsindonesia3973  harganya benih melon jumbo berapa bang ??",,"15",,,,,"false",,,,,,"https://www.youtube.com/watch?v=ZqzYDcDDI3Q","6 days ago","0","UgzoOnh3IKoEHxH0wGp4AaABAg",,,,"CARA MEMBEDAKAN BENIH ASLI VS BENIH PALSU PRODUK BINTANG ASIA","reply",,"ZqzYDcDDI3Q",,"0"
"@samiseedsindonesia3973","true",,,,"Ugw4o1fvInn0VrY2xx94AaABAg.A8NpJEVE0PAA8O5tjj0uqI","Baik.terimakasih",,"15",,,,,"false",,,,,,"https://www.youtube.com/watch?v=ZqzYDcDDI3Q","3 weeks ago","0","Ugw4o1fvInn0VrY2xx94AaABAg",,,,"CARA MEMBEDAKAN BENIH ASLI VS BENIH PALSU PRODUK BINTANG ASIA","reply",,"ZqzYDcDDI3Q",,"1"
"@samiseedsindonesia3973","true",,,,"UgwGWgxyR7pu_wfOdkV4AaABAg.A918Yuj6L9aA91MQndmPf-","Ya lebih hemat sedikit ketimbang padi lokal lainnya.",,"4",,,,,"false",,,,,,"https://www.youtube.com/watch?v=cZ68EIqsNnc","11 days ago","0","UgwGWgxyR7pu_wfOdkV4AaABAg",,,,"PANEN PADI INPARI32 BINTANGASIA!!! 8 KANTONG MENGHASILKAN 60 KARUNG 3 TON","reply",,"cZ68EIqsNnc",,"0"
,,"UChaCZ2AfddAv9DAW-Fe53Mg","sami seeds Bintang asia ","https://www.youtube.com/@samiseedsindonesia3973",,,,"2",,"2024-09-04T14:37:17.000Z",,,,"dp_TNOlmJEc",,"9",,,,,,,,,,"padi hibrida bca 18 f1!!! produksi tinggi, irit pupuk","shorts","https://www.youtube.com/shorts/dp_TNOlmJEc",,"1373",
"@samiseedsindonesia3973","true",,,,"UgxStqh7WaR9iLhDFw94AaABAg.A8N_pmlx1IHA8PaPEmzq-_"," @opeqbintangasia  ini melayani beberapa permintaan petani tentang informasi benih cap bintang asia.",,"15",,,,,"false",,,,,,"https://www.youtube.com/watch?v=ZqzYDcDDI3Q","3 weeks ago","0","UgxStqh7WaR9iLhDFw94AaABAg",,,,"CARA MEMBEDAKAN BENIH ASLI VS BENIH PALSU PRODUK BINTANG ASIA","reply",,"ZqzYDcDDI3Q",,"0"
,,"UChaCZ2AfddAv9DAW-Fe53Mg","sami seeds Bintang asia ","https://www.youtube.com/@samiseedsindonesia3973",,,,"0","false","2024-10-09T14:06:23.000Z",,"00:22:25",,"9qabHoz48uk",,"3","CILACAP","1150",,,,,,"","https://i.ytimg.com/vi/9qabHoz48uk/hqdefault.jpg","Persentase JAGUNG MANIS DIPASAR INDONESIA 🇮🇩 produk benih cap bintang asia","video","https://www.youtube.com/watch?v=9qabHoz48uk",,"21",
"@samiseedsindonesia3973","true",,,,"UgxWD7xOeDfR8eFcdlx4AaABAg.A8MaFR2w83tA8MfcyWhU0R","Ok bg.",,"15",,,,,"false",,,,,,"https://www.youtube.com/watch?v=ZqzYDcDDI3Q","3 weeks ago","0","UgxWD7xOeDfR8eFcdlx4AaABAg",,,,"CARA MEMBEDAKAN BENIH ASLI VS BENIH PALSU PRODUK BINTANG ASIA","reply",,"ZqzYDcDDI3Q",,"0"
"@samiseedsindonesia3973","true",,,,"UgxWD7xOeDfR8eFcdlx4AaABAg.A8MaFR2w83tA8Mfk_A2sd0","Makasih bg",,"15",,,,,"false",,,,,,"https://www.youtube.com/watch?v=ZqzYDcDDI3Q","3 weeks ago","0","UgxWD7xOeDfR8eFcdlx4AaABAg",,,,"CARA MEMBEDAKAN BENIH ASLI VS BENIH PALSU PRODUK BINTANG ASIA","reply",,"ZqzYDcDDI3Q",,"0"
"@mohamadcali8259","false",,,,"UgxwsLltAmJC1bQHc_x4AaABAg","Mantap",,"4",,,,,"false",,,,,,"https://www.youtube.com/watch?v=N1XuQWCpwPU","2 weeks ago","1",,,,,"MIC WIRELESS LAVELLER MICROPHONE!!! HADIAH DARI PT.BENIH CITRA ASIA","comment",,"N1XuQWCpwPU",,"1"
"@BangzieeBCA","false",,,,"Ugxx6TBetSwNPi31ql14AaABAg","Mantap ..sukses bersama Bintang asia",,"4",,,,,"false",,,,,,"https://www.youtube.com/watch?v=N1XuQWCpwPU","2 weeks ago","1",,,,,"MIC WIRELESS LAVELLER MICROPHONE!!! HADIAH DARI PT.BENIH CITRA ASIA","comment",,"N1XuQWCpwPU",,"1"
"@opeqbintangasia","false",,,,"UgwObblqhfjFKxR7pgp4AaABAg","Joss",,"4",,,,,"false",,,,,,"https://www.youtube.com/watch?v=OPwC8_CuohU","3 days ago","1",,,,,"Perjalanan Team bintang asia!!! sumatra ke jember jawa timur","comment",,"OPwC8_CuohU",,"1"
"@warsoorganik","false",,,,"UgygucfWHRT539JApXB4AaABAg","𝙆𝙚𝙧𝙚𝙣.. 𝙏𝙚𝙩𝙚𝙥 𝙨𝙚𝙢𝙖𝙣𝙜𝙖𝙩...",,"4",,,,,"true",,,,,,"https://www.youtube.com/watch?v=OPwC8_CuohU","3 days ago","1",,,,,"Perjalanan Team bintang asia!!! sumatra ke jember jawa timur","comment",,"OPwC8_CuohU",,"1"
"@samiseedsindonesia3973","true",,,,"UgyE6gtCZwdWxVgDjC94AaABAg.A8MY1rgxT_zA8MfYij0OJE","Alhamdulillah. Berkat org yg selalu mensuppot kegiatan dilapangan.",,"15",,,,,"false",,,,,,"https://www.youtube.com/watch?v=ZqzYDcDDI3Q","3 weeks ago","0","UgyE6gtCZwdWxVgDjC94AaABAg",,,,"CARA MEMBEDAKAN BENIH ASLI VS BENIH PALSU PRODUK BINTANG ASIA","reply",,"ZqzYDcDDI3Q",,"0"
"@samiseedsindonesia3973","true",,,,"UgxwsLltAmJC1bQHc_x4AaABAg.A8s6RN9VzrEA8sC8O8Thm3","Semoga mas cali dapat juga",,"4",,,,,"false",,,,,,"https://www.youtube.com/watch?v=N1XuQWCpwPU","2 weeks ago","0","UgxwsLltAmJC1bQHc_x4AaABAg",,,,"MIC WIRELESS LAVELLER MICROPHONE!!! HADIAH DARI PT.BENIH CITRA ASIA","reply",,"N1XuQWCpwPU",,"0"
"@samiseedsindonesia3973","true",,,,"UgwObblqhfjFKxR7pgp4AaABAg.A9L3cvWmKdHA9Ljom5yTna","Terimakasih mas",,"4",,,,,"false",,,,,,"https://www.youtube.com/watch?v=OPwC8_CuohU","3 days ago","0","UgwObblqhfjFKxR7pgp4AaABAg",,,,"Perjalanan Team bintang asia!!! sumatra ke jember jawa timur","reply",,"OPwC8_CuohU",,"0"
"@sarjanablusukan7699","false",,,,"UgxLmVvmylxlUSFGxft4AaABAg","Cara pesan benih melon gmn bang ??",,"5",,,,,"false",,,,,,"https://www.youtube.com/watch?v=jRAs85nBWwQ","2 days ago","4",,,,,"Spill tanaman jagung manis Mabis f1!!! dilahan Rnd cilacap","comment",,"jRAs85nBWwQ",,"1"
"@YosepYosep-u5x","false",,,,"UgyvBHJK5mXes46JH-h4AaABAg","Terong 🍆 Ronggo mantap",,"7",,,,,"false",,,,,,"https://www.youtube.com/watch?v=AINp6mZApfk","9 days ago","1",,,,,"PANEN TERONG RONGGO DAN REZA 🍆!!! BINTANG ASIA.HARGA 5.000 PETANI MASIH UNTUNG","comment",,"AINp6mZApfk",,"1"
"@EkaSulastri-n5d","false",,,,"Ugx5RNv--h8qXLwVkmd4AaABAg","Buah nya cantik²  mz..😊",,"7",,,,,"false",,,,,,"https://www.youtube.com/watch?v=AINp6mZApfk","3 weeks ago","0",,,,,"PANEN TERONG RONGGO DAN REZA 🍆!!! BINTANG ASIA.HARGA 5.000 PETANI MASIH UNTUNG","comment",,"AINp6mZApfk",,"1"
"@opeqbintangasia","false",,,,"UgxTqBXAssnUhYZdIep4AaABAg","buah nya mulus, cantik🥰",,"7",,,,,"false",,,,,,"https://www.youtube.com/watch?v=AINp6mZApfk","3 weeks ago","0",,,,,"PANEN TERONG RONGGO DAN REZA 🍆!!! BINTANG ASIA.HARGA 5.000 PETANI MASIH UNTUNG","comment",,"AINp6mZApfk",,"1"
"@mohamadcali8259","false",,,,"UgzJdfC5jvHsZOKZReZ4AaABAg","Buahnya bagus²🎉",,"7",,,,,"false",,,,,,"https://www.youtube.com/watch?v=AINp6mZApfk","3 weeks ago","2",,,,,"PANEN TERONG RONGGO DAN REZA 🍆!!! BINTANG ASIA.HARGA 5.000 PETANI MASIH UNTUNG","comment",,"AINp6mZApfk",,"1"
"@samiseedsindonesia3973","true",,,,"UgxLmVvmylxlUSFGxft4AaABAg.A9OfqcEqoJrA9OlvxRTt4m","Cantumkan.nmrnya nanti sy cat",,"5",,,,,"false",,,,,,"https://www.youtube.com/watch?v=jRAs85nBWwQ","2 days ago","0","UgxLmVvmylxlUSFGxft4AaABAg",,,,"Spill tanaman jagung manis Mabis f1!!! dilahan Rnd cilacap","reply",,"jRAs85nBWwQ",,"0"
"@samiseedsindonesia3973","true",,,,"UgxLmVvmylxlUSFGxft4AaABAg.A9OfqcEqoJrA9OlyB3aAAm","Kallau masih ada barang sy kabari",,"5",,,,,"false",,,,,,"https://www.youtube.com/watch?v=jRAs85nBWwQ","2 days ago","0","UgxLmVvmylxlUSFGxft4AaABAg",,,,"Spill tanaman jagung manis Mabis f1!!! dilahan Rnd cilacap","reply",,"jRAs85nBWwQ",,"0"
"@sarjanablusukan7699","false",,,,"UgxLmVvmylxlUSFGxft4AaABAg.A9OfqcEqoJrA9PDjTdZLBM","Saya cantumkan no saya tapi no saya gak masuk dikolom komentar..",,"5",,,,,"false",,,,,,"https://www.youtube.com/watch?v=jRAs85nBWwQ","1 day ago","0","UgxLmVvmylxlUSFGxft4AaABAg",,,,"Spill tanaman jagung manis Mabis f1!!! dilahan Rnd cilacap","reply",,"jRAs85nBWwQ",,"0"
"@samiseedsindonesia3973","true",,,,"UgxLmVvmylxlUSFGxft4AaABAg.A9OfqcEqoJrA9QNhmZsFmh","@sarjanablusukan7699 seperti ngetik saja. Gantiangka",,"5",,,,,"false",,,,,,"https://www.youtube.com/watch?v=jRAs85nBWwQ","1 day ago","0","UgxLmVvmylxlUSFGxft4AaABAg",,,,"Spill tanaman jagung manis Mabis f1!!! dilahan Rnd cilacap","reply",,"jRAs85nBWwQ",,"0"
"@samiseedsindonesia3973","true",,,,"UgygucfWHRT539JApXB4AaABAg.A9KkNlH1ZXIA9KkwNQjcbS","Iya pak.sama2 kita sukses",,"4",,,,,"false",,,,,,"https://www.youtube.com/watch?v=OPwC8_CuohU","3 days ago","0","UgygucfWHRT539JApXB4AaABAg",,,,"Perjalanan Team bintang asia!!! sumatra ke jember jawa timur","reply",,"OPwC8_CuohU",,"0"
"@samiseedsindonesia3973","true",,,,"UgyvBHJK5mXes46JH-h4AaABAg.A94uJnsEL71A94uwOIX6Do","Ok bg memang mantap.",,"7",,,,,"false",,,,,,"https://www.youtube.com/watch?v=AINp6mZApfk","9 days ago","0","UgyvBHJK5mXes46JH-h4AaABAg",,,,"PANEN TERONG RONGGO DAN REZA 🍆!!! BINTANG ASIA.HARGA 5.000 PETANI MASIH UNTUNG","reply",,"AINp6mZApfk",,"0"
"@samiseedsindonesia3973","true",,,,"Ugxx6TBetSwNPi31ql14AaABAg.A8s6596w2MbA8sC6P_0bt_","Semoga dapat semua",,"4",,,,,"false",,,,,,"https://www.youtube.com/watch?v=N1XuQWCpwPU","2 weeks ago","0","Ugxx6TBetSwNPi31ql14AaABAg",,,,"MIC WIRELESS LAVELLER MICROPHONE!!! HADIAH DARI PT.BENIH CITRA ASIA","reply",,"N1XuQWCpwPU",,"0"
"@samiseedsindonesia3973","true",,,,"UgzJdfC5jvHsZOKZReZ4AaABAg.A8UqqQkGPrwA8UrTD8zJZX","Iya bg",,"7",,,,,"false",,,,,,"https://www.youtube.com/watch?v=AINp6mZApfk","3 weeks ago","0","UgzJdfC5jvHsZOKZReZ4AaABAg",,,,"PANEN TERONG RONGGO DAN REZA 🍆!!! BINTANG ASIA.HARGA 5.000 PETANI MASIH UNTUNG","reply",,"AINp6mZApfk",,"0"
"@samiseedsindonesia3973","true",,,,"UgzJdfC5jvHsZOKZReZ4AaABAg.A8UqqQkGPrwA8UrWC-wndb","Gmn bg.update terbaru tanaman bintang asia",,"7",,,,,"false",,,,,,"https://www.youtube.com/watch?v=AINp6mZApfk","3 weeks ago","0","UgzJdfC5jvHsZOKZReZ4AaABAg",,,,"PANEN TERONG RONGGO DAN REZA 🍆!!! BINTANG ASIA.HARGA 5.000 PETANI MASIH UNTUNG","reply",,"AINp6mZApfk",,"0"
"@tacibatani6029","false",,,,"UgyukdXiBqxVNMfFO5x4AaABAg","Bg,di mana bisa kita kontek untuk pemesanan bibit,",,"6",,,,,"false",,,,,,"https://www.youtube.com/watch?v=VFs3c0kPfVo","2 days ago","5",,,,,"BERKUNJUNG KE LABORATORIUM DAN GUDANG JAGUNG DAN PADI!!! PT. BENIH CITRA ASIA","comment",,"VFs3c0kPfVo",,"1"
"@samiseedsindonesia3973","true",,,,"UgyukdXiBqxVNMfFO5x4AaABAg.A9NVr9OProcA9NWGfFEMrK","Ini dari mana?",,"6",,,,,"false",,,,,,"https://www.youtube.com/watch?v=VFs3c0kPfVo","2 days ago","0","UgyukdXiBqxVNMfFO5x4AaABAg",,,,"BERKUNJUNG KE LABORATORIUM DAN GUDANG JAGUNG DAN PADI!!! PT. BENIH CITRA ASIA","reply",,"VFs3c0kPfVo",,"1"
"@samiseedsindonesia3973","true",,,,"UgyukdXiBqxVNMfFO5x4AaABAg.A9NVr9OProcA9NWIs_rFyE","Cantumkan saja nmrnya",,"6",,,,,"false",,,,,,"https://www.youtube.com/watch?v=VFs3c0kPfVo","2 days ago","0","UgyukdXiBqxVNMfFO5x4AaABAg",,,,"BERKUNJUNG KE LABORATORIUM DAN GUDANG JAGUNG DAN PADI!!! PT. BENIH CITRA ASIA","reply",,"VFs3c0kPfVo",,"1"
"@tacibatani6029","false",,,,"UgyukdXiBqxVNMfFO5x4AaABAg.A9NVr9OProcA9Q5bls3mgA","Salam bag
Kita dari aceh",,"6",,,,,"false",,,,,,"https://www.youtube.com/watch?v=VFs3c0kPfVo","1 day ago","0","UgyukdXiBqxVNMfFO5x4AaABAg",,,,"BERKUNJUNG KE LABORATORIUM DAN GUDANG JAGUNG DAN PADI!!! PT. BENIH CITRA ASIA","reply",,"VFs3c0kPfVo",,"1"
"@samiseedsindonesia3973","true",,,,"UgyukdXiBqxVNMfFO5x4AaABAg.A9NVr9OProcA9QMmb-poWC","@tacibatani6029 baik terimakasih",,"6",,,,,"false",,,,,,"https://www.youtube.com/watch?v=VFs3c0kPfVo","1 day ago","0","UgyukdXiBqxVNMfFO5x4AaABAg",,,,"BERKUNJUNG KE LABORATORIUM DAN GUDANG JAGUNG DAN PADI!!! PT. BENIH CITRA ASIA","reply",,"VFs3c0kPfVo",,"0"
"@samiseedsindonesia3973","true",,,,"UgyukdXiBqxVNMfFO5x4AaABAg.A9NVr9OProcA9QNbxpGwfP","Cantumkan saja nmrnya nanti dihubungi",,"6",,,,,"false",,,,,,"https://www.youtube.com/watch?v=VFs3c0kPfVo","1 day ago","0","UgyukdXiBqxVNMfFO5x4AaABAg",,,,"BERKUNJUNG KE LABORATORIUM DAN GUDANG JAGUNG DAN PADI!!! PT. BENIH CITRA ASIA","reply",,"VFs3c0kPfVo",,"1"
