﻿"commentUrl","comments/0/commentUrl","comments/0/date","comments/0/feedbackId","comments/0/id","comments/0/likesCount","comments/0/parentComment/author/__typename","comments/0/parentComment/author/id","comments/0/parentComment/author/name","comments/0/parentComment/author/short_name","comments/0/parentComment/id","comments/0/profileId","comments/0/profileName","comments/0/profilePicture","comments/0/profileUrl","comments/0/replyToCommentId","comments/0/text","comments/0/threadingDepth","commentsCount","date","facebookId","facebookUrl","feedbackId","id","inputUrl","likesCount","pageAdLibrary/id","pageAdLibrary/is_business_page_active","parentComment/author/__typename","parentComment/author/id","parentComment/author/name","parentComment/author/short_name","parentComment/id","postTitle","profileId","profileName","profilePicture","profileUrl","replyToCommentId","text","threadingDepth"
"https://www.facebook.com/muhamad.cali.98/posts/pfbid0MdqBgZFTk3oDMDWHzXX9cTT8YASU7gPB6DQu8KM6oDBfLT8E94LEUtE5HqsSstNnl?comment_id=2483156811888639",,,,,,,,,,,,,,,,,,,"2024-09-27T05:58:56.000Z","2826670634155251","https://www.facebook.com/100004370253176/posts/2826670634155251","ZmVlZGJhY2s6MjgyNjY3MDYzNDE1NTI1MV8yNDgzMTU2ODExODg4NjM5","Y29tbWVudDoyODI2NjcwNjM0MTU1MjUxXzI0ODMxNTY4MTE4ODg2Mzk=","https://www.facebook.com/100004370253176/posts/2826670634155251","0","136259989569505","false",,,,,,"Kpan kita trafeling lagi Nhurwhathy R. Tufu Lakarani","100005873528021","Nhurwhathy R. Tufu Lakarani","https://scontent-dfw5-2.xx.fbcdn.net/v/t39.30808-1/461303842_2737989866406771_6477681534198788839_n.jpg?stp=cp0_dst-jpg_s32x32&_nc_cat=107&ccb=1-7&_nc_sid=50d2ac&_nc_ohc=fEp1gl4fBGkQ7kNvgHW7BNy&_nc_ht=scontent-dfw5-2.xx&_nc_gid=Aw85ot5IzA1Ti2howgYet6L&oh=00_AYD-G7BkcqU4YD3xFSPgsWzMNEFy2tl6jCZUmqRNkNrTcg&oe=67003248","https://www.facebook.com/whaty.smille",,"🥰 yaaa secepatnya 🤣","0"
"https://www.facebook.com/muhamad.cali.98/posts/pfbid02G5fGwTt9ctFaAiTFuW3wS4DWz1akatLVZKWZRKfNvbEYyutHDoA8RJLEoZV9FtREl?comment_id=1443481299621446",,,,,,,,,,,,,,,,,,,"2024-09-25T03:46:18.000Z","2824514897704158","https://www.facebook.com/100004370253176/posts/2824514897704158","ZmVlZGJhY2s6MjgyNDUxNDg5NzcwNDE1OF8xNDQzNDgxMjk5NjIxNDQ2","Y29tbWVudDoyODI0NTE0ODk3NzA0MTU4XzE0NDM0ODEyOTk2MjE0NDY=","https://www.facebook.com/100004370253176/posts/2824514897704158","0","112652978585649","false",,,,,,"Tonton sampai selesai gaiss","100004370253176","Muhamad Cali Faiz Ahmad","https://scontent.fdac3-1.fna.fbcdn.net/v/t39.30808-1/456120459_2788136318008683_7418166726346064265_n.jpg?stp=cp0_dst-jpg_s32x32&_nc_cat=108&ccb=1-7&_nc_sid=50d2ac&_nc_ohc=3XMR3G6VcFcQ7kNvgF3-bSX&_nc_ht=scontent.fdac3-1.fna&_nc_gid=AOrL2pNa6eJu6Xn8UJlJm7W&oh=00_AYD2KCKYVxPu2bkkPL_o1yfzL1oJrwopTogLPfU_musUDw&oe=67001AED","https://www.facebook.com/muhamad.cali.98",,"PANZER
Kacang panjang polong keras.
Warna polong : hijau gelap.
Ukuran panjang : ± 80 cm.
Umur panen : ± 44 hst.
Potensi hasil : ± 31 tons/ha.
Tahan simpan.
Adaptasi utama di dataran rendah.
Tahan virus.
Daya simpan lama.
Lebat dan produksi tinggi.","0"
"https://www.facebook.com/muhamad.cali.98/posts/pfbid02G5fGwTt9ctFaAiTFuW3wS4DWz1akatLVZKWZRKfNvbEYyutHDoA8RJLEoZV9FtREl?comment_id=2801869989972531","https://www.facebook.com/muhamad.cali.98/posts/pfbid02G5fGwTt9ctFaAiTFuW3wS4DWz1akatLVZKWZRKfNvbEYyutHDoA8RJLEoZV9FtREl?comment_id=2801869989972531&reply_comment_id=836164298543847","2024-09-25T03:47:35.000Z","ZmVlZGJhY2s6MjgyNDUxNDg5NzcwNDE1OF84MzYxNjQyOTg1NDM4NDc=","Y29tbWVudDoyODI0NTE0ODk3NzA0MTU4XzgzNjE2NDI5ODU0Mzg0Nw==","0","User","100007578522755","Renzy Bintangasia","Renzy","Y29tbWVudDoyODI0NTE0ODk3NzA0MTU4XzI4MDE4Njk5ODk5NzI1MzE=","100004370253176","Muhamad Cali Faiz Ahmad","https://scontent.fdac3-1.fna.fbcdn.net/v/t39.30808-1/456120459_2788136318008683_7418166726346064265_n.jpg?stp=cp0_dst-jpg_s32x32&_nc_cat=108&ccb=1-7&_nc_sid=50d2ac&_nc_ohc=3XMR3G6VcFcQ7kNvgF3-bSX&_nc_ht=scontent.fdac3-1.fna&_nc_gid=AOrL2pNa6eJu6Xn8UJlJm7W&oh=00_AYD2KCKYVxPu2bkkPL_o1yfzL1oJrwopTogLPfU_musUDw&oe=67001AED","https://www.facebook.com/muhamad.cali.98","Y29tbWVudDoyODI0NTE0ODk3NzA0MTU4XzI4MDE4Njk5ODk5NzI1MzE=","Renzy Bintangasia mksi Om","1","1","2024-09-25T03:35:39.000Z","2824514897704158","https://www.facebook.com/100004370253176/posts/2824514897704158","ZmVlZGJhY2s6MjgyNDUxNDg5NzcwNDE1OF8yODAxODY5OTg5OTcyNTMx","Y29tbWVudDoyODI0NTE0ODk3NzA0MTU4XzI4MDE4Njk5ODk5NzI1MzE=","https://www.facebook.com/100004370253176/posts/2824514897704158","1","112652978585649","false",,,,,,"Tonton sampai selesai gaiss","100007578522755","Renzy Bintangasia","https://scontent.fdac3-2.fna.fbcdn.net/v/t39.30808-1/426012403_3605728109689771_2277782955804277447_n.jpg?stp=cp0_dst-jpg_s32x32&_nc_cat=104&ccb=1-7&_nc_sid=50d2ac&_nc_ohc=Dk2tR_uNxVUQ7kNvgGxidqT&_nc_ht=scontent.fdac3-2.fna&_nc_gid=AOrL2pNa6eJu6Xn8UJlJm7W&oh=00_AYAuwqj6OuA-b878wOIdZQ1mVUk16dTP4s4AxFKhz_ozmQ&oe=670012C4","https://www.facebook.com/renzi.prayuda",,"Mantap","0"
"https://www.facebook.com/muhamad.cali.98/posts/pfbid02G5fGwTt9ctFaAiTFuW3wS4DWz1akatLVZKWZRKfNvbEYyutHDoA8RJLEoZV9FtREl?comment_id=2801869989972531&reply_comment_id=836164298543847",,,,,,,,,,,,,,,,,,,"2024-09-25T03:47:35.000Z","2824514897704158","https://www.facebook.com/100004370253176/posts/2824514897704158","ZmVlZGJhY2s6MjgyNDUxNDg5NzcwNDE1OF84MzYxNjQyOTg1NDM4NDc=","Y29tbWVudDoyODI0NTE0ODk3NzA0MTU4XzgzNjE2NDI5ODU0Mzg0Nw==","https://www.facebook.com/100004370253176/posts/2824514897704158","0","112652978585649","false","User","100007578522755","Renzy Bintangasia","Renzy","Y29tbWVudDoyODI0NTE0ODk3NzA0MTU4XzI4MDE4Njk5ODk5NzI1MzE=","Tonton sampai selesai gaiss","100004370253176","Muhamad Cali Faiz Ahmad","https://scontent-mad2-1.xx.fbcdn.net/v/t39.30808-1/456120459_2788136318008683_7418166726346064265_n.jpg?stp=cp0_dst-jpg_s32x32&_nc_cat=108&ccb=1-7&_nc_sid=50d2ac&_nc_ohc=3XMR3G6VcFcQ7kNvgEYzsxA&_nc_ht=scontent-mad2-1.xx&_nc_gid=A15AWZxNt64Fnxr6B4eVTB4&oh=00_AYAhOPrdbkAipcDgUWmu8yADkaE5nZpqVO8Vx3bZ3LG6og&oe=67001AED","https://www.facebook.com/muhamad.cali.98","Y29tbWVudDoyODI0NTE0ODk3NzA0MTU4XzI4MDE4Njk5ODk5NzI1MzE=","Renzy Bintangasia mksi Om","1"
"https://www.facebook.com/muhamad.cali.98/videos/878945037520380/?comment_id=497697316489415","https://www.facebook.com/muhamad.cali.98/videos/878945037520380/?comment_id=497697316489415&reply_comment_id=1051725886410962","2024-09-23T22:56:11.000Z","ZmVlZGJhY2s6ODc4OTQ1MDM3NTIwMzgwXzEwNTE3MjU4ODY0MTA5NjI=","Y29tbWVudDo4Nzg5NDUwMzc1MjAzODBfMTA1MTcyNTg4NjQxMDk2Mg==","0","User","pfbid02TFPLMVDTnC5AnL3ZQ2ivAjUS1bjgHrccCdhf3Ss78v9cCMXzxPJjVeqie4goLr1Bl","Riski Hariadi Saputra","Riski","Y29tbWVudDo4Nzg5NDUwMzc1MjAzODBfNDk3Njk3MzE2NDg5NDE1","100004370253176","Muhamad Cali Faiz Ahmad","https://scontent-iad3-1.xx.fbcdn.net/v/t39.30808-1/456120459_2788136318008683_7418166726346064265_n.jpg?stp=cp0_dst-jpg_s32x32&_nc_cat=108&ccb=1-7&_nc_sid=50d2ac&_nc_ohc=3XMR3G6VcFcQ7kNvgG42UM-&_nc_ht=scontent-iad3-1.xx&_nc_gid=Ak30ItF9trpIgmk-ocRdF1K&oh=00_AYATGmNxJlDZJFCNI0gRq0PjRpGNxyB_ZdfZYyVBffBV5g&oe=67001AED","https://www.facebook.com/muhamad.cali.98","Y29tbWVudDo4Nzg5NDUwMzc1MjAzODBfNDk3Njk3MzE2NDg5NDE1","Riski Hariadi Saputra mau cari Risky","1","1","2024-09-23T21:38:22.000Z","878945037520380","https://www.facebook.com/100004370253176/posts/878945037520380","ZmVlZGJhY2s6ODc4OTQ1MDM3NTIwMzgwXzQ5NzY5NzMxNjQ4OTQxNQ==","Y29tbWVudDo4Nzg5NDUwMzc1MjAzODBfNDk3Njk3MzE2NDg5NDE1","https://www.facebook.com/100004370253176/posts/878945037520380","1",,,,,,,,"Muhamad Cali Faiz Ahmad was live.","pfbid02TFPLMVDTnC5AnL3ZQ2ivAjUS1bjgHrccCdhf3Ss78v9cCMXzxPJjVeqie4goLr1Bl","Riski Hariadi Saputra","https://scontent-iad3-2.xx.fbcdn.net/v/t1.6435-1/130195062_189188019599650_7922699828011477717_n.jpg?stp=cp0_dst-jpg_s32x32&_nc_cat=111&ccb=1-7&_nc_sid=0ecb9b&_nc_ohc=VneFiNQWjPkQ7kNvgFvn5sU&_nc_ht=scontent-iad3-2.xx&_nc_gid=Ak30ItF9trpIgmk-ocRdF1K&oh=00_AYAHexjpcHAgymSryDpSofKt6JXOV7VADcHe7bMpWD6l-Q&oe=6721E04A","https://www.facebook.com/people/Riski-Hariadi-Saputra/pfbid02TFPLMVDTnC5AnL3ZQ2ivAjUS1bjgHrccCdhf3Ss78v9cCMXzxPJjVeqie4goLr1Bl/",,"K mn pk","0"
"https://www.facebook.com/muhamad.cali.98/videos/878945037520380/?comment_id=497697316489415&reply_comment_id=1051725886410962",,,,,,,,,,,,,,,,,,,"2024-09-23T22:56:11.000Z","878945037520380","https://www.facebook.com/100004370253176/posts/878945037520380","ZmVlZGJhY2s6ODc4OTQ1MDM3NTIwMzgwXzEwNTE3MjU4ODY0MTA5NjI=","Y29tbWVudDo4Nzg5NDUwMzc1MjAzODBfMTA1MTcyNTg4NjQxMDk2Mg==","https://www.facebook.com/100004370253176/posts/878945037520380","0",,,"User","pfbid02TFPLMVDTnC5AnL3ZQ2ivAjUS1bjgHrccCdhf3Ss78v9cCMXzxPJjVeqie4goLr1Bl","Riski Hariadi Saputra","Riski","Y29tbWVudDo4Nzg5NDUwMzc1MjAzODBfNDk3Njk3MzE2NDg5NDE1","Muhamad Cali Faiz Ahmad was live.","100004370253176","Muhamad Cali Faiz Ahmad","https://scontent-dfw5-2.xx.fbcdn.net/v/t39.30808-1/456120459_2788136318008683_7418166726346064265_n.jpg?stp=cp0_dst-jpg_s32x32&_nc_cat=108&ccb=1-7&_nc_sid=50d2ac&_nc_ohc=3XMR3G6VcFcQ7kNvgEsRWx0&_nc_ht=scontent-dfw5-2.xx&oh=00_AYA5vPH5Dc2r40yUW9G6-mq-cIyLcmmdwf-yvsHbrmEpvQ&oe=67001AED","https://www.facebook.com/muhamad.cali.98","Y29tbWVudDo4Nzg5NDUwMzc1MjAzODBfNDk3Njk3MzE2NDg5NDE1","Riski Hariadi Saputra mau cari Risky","1"
