﻿"channelAvatarUrl","channelBannerUrl","channelDescription","channelId","channelJoinedDate","channelLocation","channelName","channelTotalVideos","channelTotalViews","channelUrl","comments","commentsCount","date","descriptionLinks","duration","fromYTUrl","id","input","inputChannelUrl","isAgeRestricted","isChannelVerified","isMonetized","likes","note","numberOfSubscribers","order","subtitles","text","thumbnailUrl","title","type","url","viewCount"
,,,,,,,,,,,,,,,,,"https://www.youtube.com/@IjunChannelBintangAsia/about",,,,,,"The channel has no live videos.",,,,,,,,"https://www.youtube.com/@IjunChannelBintangAsia/about",
"https://yt3.googleusercontent.com/-eLLsRb4Uk9WIz-1mU0sfD2kUSKDcBpxvwLNaxoo5nh8SQkcRdmaoDN-AjB_MUeHbT_zpykTF5Q=s160-c-k-c0x00ffffff-no-rj","https://yt3.googleusercontent.com/v-cvSIUgxxDrJpDooECDLFN1LYWfgOtFkvcGtXTv4ww_qoOmquicfkXFK1IGU_8fP6jNd6gFXg=w2560-fcrop64=1,00005a57ffffa5a8-k-c0xffffffff-no-nd-rj","Chanel ini berisi tentang dunia pertanian","UC2ykkCz_Jcei_upCvHXlK4Q","Apr 23, 2016","Indonesia","Ijun Channel Bintang Asia","137","169108","https://www.youtube.com/channel/UC2ykkCz_Jcei_upCvHXlK4Q",,"0","2024-01-30T00:00:00.000Z",,,"https://www.youtube.com/@IjunChannelBintangAsia/shorts","w94tZFvVIlw",,"https://www.youtube.com/@IjunChannelBintangAsia/about","false","false",,"8",,"719","29",,,"https://i.ytimg.com/vi/w94tZFvVIlw/oar2.jpg?sqp=-oaymwEdCJUDENAFSFWQAgHyq4qpAwwIARUAAIhCcAHAAQY=&rs=AOn4CLDK4je17fYrSmcmac72UfPO63Jxag","TANAM BETRAS 32","shorts","https://www.youtube.com/shorts/w94tZFvVIlw","223"
"https://yt3.googleusercontent.com/-eLLsRb4Uk9WIz-1mU0sfD2kUSKDcBpxvwLNaxoo5nh8SQkcRdmaoDN-AjB_MUeHbT_zpykTF5Q=s160-c-k-c0x00ffffff-no-rj","https://yt3.googleusercontent.com/v-cvSIUgxxDrJpDooECDLFN1LYWfgOtFkvcGtXTv4ww_qoOmquicfkXFK1IGU_8fP6jNd6gFXg=w2560-fcrop64=1,00005a57ffffa5a8-k-c0xffffffff-no-nd-rj","Chanel ini berisi tentang dunia pertanian","UC2ykkCz_Jcei_upCvHXlK4Q","Apr 23, 2016","Indonesia","Ijun Channel Bintang Asia","137","169108","https://www.youtube.com/channel/UC2ykkCz_Jcei_upCvHXlK4Q",,"0","2024-01-12T00:00:00.000Z",,,"https://www.youtube.com/@IjunChannelBintangAsia/shorts","Ay6QdQzBRtw",,"https://www.youtube.com/@IjunChannelBintangAsia/about","false","false",,"3",,"719","32",,"Video dari Muhammad Faizun Anam","https://i.ytimg.com/vi_webp/Ay6QdQzBRtw/oar2.webp","cabai keriting cmk tavi","shorts","https://www.youtube.com/shorts/Ay6QdQzBRtw","188"
"https://yt3.googleusercontent.com/-eLLsRb4Uk9WIz-1mU0sfD2kUSKDcBpxvwLNaxoo5nh8SQkcRdmaoDN-AjB_MUeHbT_zpykTF5Q=s160-c-k-c0x00ffffff-no-rj","https://yt3.googleusercontent.com/v-cvSIUgxxDrJpDooECDLFN1LYWfgOtFkvcGtXTv4ww_qoOmquicfkXFK1IGU_8fP6jNd6gFXg=w2560-fcrop64=1,00005a57ffffa5a8-k-c0xffffffff-no-nd-rj","Chanel ini berisi tentang dunia pertanian","UC2ykkCz_Jcei_upCvHXlK4Q","Apr 23, 2016","Indonesia","Ijun Channel Bintang Asia","137","169108","https://www.youtube.com/channel/UC2ykkCz_Jcei_upCvHXlK4Q",,"0","2024-01-31T00:00:00.000Z",,,"https://www.youtube.com/@IjunChannelBintangAsia/shorts","S0vzMMAjWmQ",,"https://www.youtube.com/@IjunChannelBintangAsia/about","false","false",,"26",,"719","28",,,"https://i.ytimg.com/vi/S0vzMMAjWmQ/oardefault.jpg?sqp=-oaymwEdCJUDENAFSFWQAgHyq4qpAwwIARUAAIhCcAHAAQY=&rs=AOn4CLCcjX96fwKE0bQ3NNxsJlA6hU-a4w","CARA MEMBUAT BOKASHI","shorts","https://www.youtube.com/shorts/S0vzMMAjWmQ","2586"
"https://yt3.googleusercontent.com/-eLLsRb4Uk9WIz-1mU0sfD2kUSKDcBpxvwLNaxoo5nh8SQkcRdmaoDN-AjB_MUeHbT_zpykTF5Q=s160-c-k-c0x00ffffff-no-rj","https://yt3.googleusercontent.com/v-cvSIUgxxDrJpDooECDLFN1LYWfgOtFkvcGtXTv4ww_qoOmquicfkXFK1IGU_8fP6jNd6gFXg=w2560-fcrop64=1,00005a57ffffa5a8-k-c0xffffffff-no-nd-rj","Chanel ini berisi tentang dunia pertanian","UC2ykkCz_Jcei_upCvHXlK4Q","Apr 23, 2016","Indonesia","Ijun Channel Bintang Asia","137","169108","https://www.youtube.com/channel/UC2ykkCz_Jcei_upCvHXlK4Q",,"0","2024-01-24T00:00:00.000Z",,,"https://www.youtube.com/@IjunChannelBintangAsia/shorts","HtAa6m9sX6c",,"https://www.youtube.com/@IjunChannelBintangAsia/about","false","false",,"6",,"719","31",,,"https://i.ytimg.com/vi/HtAa6m9sX6c/oar2.jpg","TOMAT NATAVI MANTAP","shorts","https://www.youtube.com/shorts/HtAa6m9sX6c","228"
"https://yt3.googleusercontent.com/-eLLsRb4Uk9WIz-1mU0sfD2kUSKDcBpxvwLNaxoo5nh8SQkcRdmaoDN-AjB_MUeHbT_zpykTF5Q=s160-c-k-c0x00ffffff-no-rj","https://yt3.googleusercontent.com/v-cvSIUgxxDrJpDooECDLFN1LYWfgOtFkvcGtXTv4ww_qoOmquicfkXFK1IGU_8fP6jNd6gFXg=w2560-fcrop64=1,00005a57ffffa5a8-k-c0xffffffff-no-nd-rj","Chanel ini berisi tentang dunia pertanian","UC2ykkCz_Jcei_upCvHXlK4Q","Apr 23, 2016","Indonesia","Ijun Channel Bintang Asia","137","169108","https://www.youtube.com/channel/UC2ykkCz_Jcei_upCvHXlK4Q",,"0","2024-02-11T00:00:00.000Z",,,"https://www.youtube.com/@IjunChannelBintangAsia/shorts","QwTTppPoWb8",,"https://www.youtube.com/@IjunChannelBintangAsia/about","false","false",,"17",,"719","25",,,"https://i.ytimg.com/vi/QwTTppPoWb8/oardefault.jpg?sqp=-oaymwEdCJUDENAFSFWQAgHyq4qpAwwIARUAAIhCcAHAAQY=&rs=AOn4CLBu_I0BLkh9YKunJGTB8R25BQnEFw","MELON JUMBO F1","shorts","https://www.youtube.com/shorts/QwTTppPoWb8","1118"
"https://yt3.googleusercontent.com/-eLLsRb4Uk9WIz-1mU0sfD2kUSKDcBpxvwLNaxoo5nh8SQkcRdmaoDN-AjB_MUeHbT_zpykTF5Q=s160-c-k-c0x00ffffff-no-rj","https://yt3.googleusercontent.com/v-cvSIUgxxDrJpDooECDLFN1LYWfgOtFkvcGtXTv4ww_qoOmquicfkXFK1IGU_8fP6jNd6gFXg=w2560-fcrop64=1,00005a57ffffa5a8-k-c0xffffffff-no-nd-rj","Chanel ini berisi tentang dunia pertanian","UC2ykkCz_Jcei_upCvHXlK4Q","Apr 23, 2016","Indonesia","Ijun Channel Bintang Asia","137","169108","https://www.youtube.com/channel/UC2ykkCz_Jcei_upCvHXlK4Q",,"0","2024-02-12T00:00:00.000Z",,,"https://www.youtube.com/@IjunChannelBintangAsia/shorts","g0WDNNda8AU",,"https://www.youtube.com/@IjunChannelBintangAsia/about","false","false",,"3",,"719","24",,,"https://i.ytimg.com/vi/g0WDNNda8AU/oardefault.jpg?sqp=-oaymwEdCJUDENAFSFWQAgHyq4qpAwwIARUAAIhCcAHAAQY=&rs=AOn4CLBkpk5VhsEaiNByPMjcRI1FPWje2w","MELON JUMBO F1 MELUNCUR","shorts","https://www.youtube.com/shorts/g0WDNNda8AU","308"
"https://yt3.googleusercontent.com/-eLLsRb4Uk9WIz-1mU0sfD2kUSKDcBpxvwLNaxoo5nh8SQkcRdmaoDN-AjB_MUeHbT_zpykTF5Q=s160-c-k-c0x00ffffff-no-rj","https://yt3.googleusercontent.com/v-cvSIUgxxDrJpDooECDLFN1LYWfgOtFkvcGtXTv4ww_qoOmquicfkXFK1IGU_8fP6jNd6gFXg=w2560-fcrop64=1,00005a57ffffa5a8-k-c0xffffffff-no-nd-rj","Chanel ini berisi tentang dunia pertanian","UC2ykkCz_Jcei_upCvHXlK4Q","Apr 23, 2016","Indonesia","Ijun Channel Bintang Asia","137","169108","https://www.youtube.com/channel/UC2ykkCz_Jcei_upCvHXlK4Q",,"0","2024-01-31T00:00:00.000Z",,,"https://www.youtube.com/@IjunChannelBintangAsia/shorts","uVXKf5mcHMM",,"https://www.youtube.com/@IjunChannelBintangAsia/about","false","false",,"6",,"719","26",,,"https://i.ytimg.com/vi/uVXKf5mcHMM/oardefault.jpg?sqp=-oaymwEdCJUDENAFSFWQAgHyq4qpAwwIARUAAIhCcAHAAQY=&rs=AOn4CLDaALY0ZV6PawOagSWpAn82VeD7Wg","CARA MEMBUAT BOKASHI DARI JERAMI","shorts","https://www.youtube.com/shorts/uVXKf5mcHMM","213"
"https://yt3.googleusercontent.com/-eLLsRb4Uk9WIz-1mU0sfD2kUSKDcBpxvwLNaxoo5nh8SQkcRdmaoDN-AjB_MUeHbT_zpykTF5Q=s160-c-k-c0x00ffffff-no-rj","https://yt3.googleusercontent.com/v-cvSIUgxxDrJpDooECDLFN1LYWfgOtFkvcGtXTv4ww_qoOmquicfkXFK1IGU_8fP6jNd6gFXg=w2560-fcrop64=1,00005a57ffffa5a8-k-c0xffffffff-no-nd-rj","Chanel ini berisi tentang dunia pertanian","UC2ykkCz_Jcei_upCvHXlK4Q","Apr 23, 2016","Indonesia","Ijun Channel Bintang Asia","137","169108","https://www.youtube.com/channel/UC2ykkCz_Jcei_upCvHXlK4Q",,"7","2023-06-06T00:00:00.000Z",,,"https://www.youtube.com/@IjunChannelBintangAsia/shorts","t5EynX57Kd4",,"https://www.youtube.com/@IjunChannelBintangAsia/about","false","false",,"15",,"719","70",,,"https://i.ytimg.com/vi/t5EynX57Kd4/oar2.jpg?sqp=-oaymwEdCJUDENAFSFWQAgHyq4qpAwwIARUAAIhCcAHAAQY=&rs=AOn4CLCMQoGlKOYOQGEa9U6powW3DJ6uWA","LABU MADU PULEN, PUMKIN BUTTERNUT","shorts","https://www.youtube.com/shorts/t5EynX57Kd4","664"
"https://yt3.googleusercontent.com/-eLLsRb4Uk9WIz-1mU0sfD2kUSKDcBpxvwLNaxoo5nh8SQkcRdmaoDN-AjB_MUeHbT_zpykTF5Q=s160-c-k-c0x00ffffff-no-rj","https://yt3.googleusercontent.com/v-cvSIUgxxDrJpDooECDLFN1LYWfgOtFkvcGtXTv4ww_qoOmquicfkXFK1IGU_8fP6jNd6gFXg=w2560-fcrop64=1,00005a57ffffa5a8-k-c0xffffffff-no-nd-rj","Chanel ini berisi tentang dunia pertanian","UC2ykkCz_Jcei_upCvHXlK4Q","Apr 23, 2016","Indonesia","Ijun Channel Bintang Asia","137","169108","https://www.youtube.com/channel/UC2ykkCz_Jcei_upCvHXlK4Q",,"0","2024-01-31T00:00:00.000Z",,,"https://www.youtube.com/@IjunChannelBintangAsia/shorts","uizGaloJXOI",,"https://www.youtube.com/@IjunChannelBintangAsia/about","false","false",,"2",,"719","27",,,"https://i.ytimg.com/vi/uizGaloJXOI/oardefault.jpg?sqp=-oaymwEdCJUDENAFSFWQAgHyq4qpAwwIARUAAIhCcAHAAQY=&rs=AOn4CLC_Sfkagl8o2WOpQwGiAHKh3QC-Hw","MELON MERLIN","shorts","https://www.youtube.com/shorts/uizGaloJXOI","50"
"https://yt3.googleusercontent.com/-eLLsRb4Uk9WIz-1mU0sfD2kUSKDcBpxvwLNaxoo5nh8SQkcRdmaoDN-AjB_MUeHbT_zpykTF5Q=s160-c-k-c0x00ffffff-no-rj","https://yt3.googleusercontent.com/v-cvSIUgxxDrJpDooECDLFN1LYWfgOtFkvcGtXTv4ww_qoOmquicfkXFK1IGU_8fP6jNd6gFXg=w2560-fcrop64=1,00005a57ffffa5a8-k-c0xffffffff-no-nd-rj","Chanel ini berisi tentang dunia pertanian","UC2ykkCz_Jcei_upCvHXlK4Q","Apr 23, 2016","Indonesia","Ijun Channel Bintang Asia","137","169108","https://www.youtube.com/channel/UC2ykkCz_Jcei_upCvHXlK4Q",,"0","2023-06-03T00:00:00.000Z",,,"https://www.youtube.com/@IjunChannelBintangAsia/shorts","ZaLhzOz_QOI",,"https://www.youtube.com/@IjunChannelBintangAsia/about","false","false",,"10",,"719","71",,,"https://i.ytimg.com/vi/ZaLhzOz_QOI/oar2.jpg?sqp=-oaymwEdCJUDENAFSFWQAgHyq4qpAwwIARUAAIhCcAHAAQY=&rs=AOn4CLCBT8WguvtBAj8zdoOwRVrd6CQxgw","PANEN SEMANGKA EMAS, NEW INDEN","shorts","https://www.youtube.com/shorts/ZaLhzOz_QOI","408"
"https://yt3.googleusercontent.com/-eLLsRb4Uk9WIz-1mU0sfD2kUSKDcBpxvwLNaxoo5nh8SQkcRdmaoDN-AjB_MUeHbT_zpykTF5Q=s160-c-k-c0x00ffffff-no-rj","https://yt3.googleusercontent.com/v-cvSIUgxxDrJpDooECDLFN1LYWfgOtFkvcGtXTv4ww_qoOmquicfkXFK1IGU_8fP6jNd6gFXg=w2560-fcrop64=1,00005a57ffffa5a8-k-c0xffffffff-no-nd-rj","Chanel ini berisi tentang dunia pertanian","UC2ykkCz_Jcei_upCvHXlK4Q","Apr 23, 2016","Indonesia","Ijun Channel Bintang Asia","137","169108","https://www.youtube.com/channel/UC2ykkCz_Jcei_upCvHXlK4Q",,"0","2024-02-23T00:00:00.000Z",,,"https://www.youtube.com/@IjunChannelBintangAsia/shorts","GglOf2gSHIY",,"https://www.youtube.com/@IjunChannelBintangAsia/about","false","false",,"8",,"719","23",,,"https://i.ytimg.com/vi/GglOf2gSHIY/oar2.jpg?sqp=-oaymwEdCJUDENAFSFWQAgHyq4qpAwwIARUAAIhCcAHAAQY=&rs=AOn4CLAtpc8yqiANpy8G5RlVFXO74ObG9w","LABU BALISTIK","shorts","https://www.youtube.com/shorts/GglOf2gSHIY","465"
"https://yt3.googleusercontent.com/-eLLsRb4Uk9WIz-1mU0sfD2kUSKDcBpxvwLNaxoo5nh8SQkcRdmaoDN-AjB_MUeHbT_zpykTF5Q=s160-c-k-c0x00ffffff-no-rj","https://yt3.googleusercontent.com/v-cvSIUgxxDrJpDooECDLFN1LYWfgOtFkvcGtXTv4ww_qoOmquicfkXFK1IGU_8fP6jNd6gFXg=w2560-fcrop64=1,00005a57ffffa5a8-k-c0xffffffff-no-nd-rj","Chanel ini berisi tentang dunia pertanian","UC2ykkCz_Jcei_upCvHXlK4Q","Apr 23, 2016","Indonesia","Ijun Channel Bintang Asia","137","169108","https://www.youtube.com/channel/UC2ykkCz_Jcei_upCvHXlK4Q",,"2","2023-06-13T00:00:00.000Z",,,"https://www.youtube.com/@IjunChannelBintangAsia/shorts","3pCdtkVU5DI",,"https://www.youtube.com/@IjunChannelBintangAsia/about","false","false",,"4",,"719","69",,,"https://i.ytimg.com/vi/3pCdtkVU5DI/oar2.jpg?sqp=-oaymwEdCJUDENAFSFWQAgHyq4qpAwwIARUAAIhCcAHAAQY=&rs=AOn4CLDmBg_xwqd_TY3v8b4oa5SiATeXug","SEMANGKA TERBARU DARI BINTANG ASIA, SEMANGKA BLACK OREN","shorts","https://www.youtube.com/shorts/3pCdtkVU5DI","609"
"https://yt3.googleusercontent.com/-eLLsRb4Uk9WIz-1mU0sfD2kUSKDcBpxvwLNaxoo5nh8SQkcRdmaoDN-AjB_MUeHbT_zpykTF5Q=s160-c-k-c0x00ffffff-no-rj","https://yt3.googleusercontent.com/v-cvSIUgxxDrJpDooECDLFN1LYWfgOtFkvcGtXTv4ww_qoOmquicfkXFK1IGU_8fP6jNd6gFXg=w2560-fcrop64=1,00005a57ffffa5a8-k-c0xffffffff-no-nd-rj","Chanel ini berisi tentang dunia pertanian","UC2ykkCz_Jcei_upCvHXlK4Q","Apr 23, 2016","Indonesia","Ijun Channel Bintang Asia","137","169108","https://www.youtube.com/channel/UC2ykkCz_Jcei_upCvHXlK4Q",,"0","2023-06-16T00:00:00.000Z",,,"https://www.youtube.com/@IjunChannelBintangAsia/shorts","qRtmt3YgTb0",,"https://www.youtube.com/@IjunChannelBintangAsia/about","false","false",,"2",,"719","67",,,"https://i.ytimg.com/vi/qRtmt3YgTb0/oar2.jpg?sqp=-oaymwEdCPsDENAFSFWQAgHyq4qpAwwIARUAAIhCcAHAAQY=&rs=AOn4CLCrp9muvabaEfOJapyQWPo3lMzwlg","GEBYAR PANEN RAYA MADURI DAN BIG MADURI","shorts","https://www.youtube.com/shorts/qRtmt3YgTb0","147"
"https://yt3.googleusercontent.com/-eLLsRb4Uk9WIz-1mU0sfD2kUSKDcBpxvwLNaxoo5nh8SQkcRdmaoDN-AjB_MUeHbT_zpykTF5Q=s160-c-k-c0x00ffffff-no-rj","https://yt3.googleusercontent.com/v-cvSIUgxxDrJpDooECDLFN1LYWfgOtFkvcGtXTv4ww_qoOmquicfkXFK1IGU_8fP6jNd6gFXg=w2560-fcrop64=1,00005a57ffffa5a8-k-c0xffffffff-no-nd-rj","Chanel ini berisi tentang dunia pertanian","UC2ykkCz_Jcei_upCvHXlK4Q","Apr 23, 2016","Indonesia","Ijun Channel Bintang Asia","137","169108","https://www.youtube.com/channel/UC2ykkCz_Jcei_upCvHXlK4Q",,"0","2023-06-20T00:00:00.000Z",,,"https://www.youtube.com/@IjunChannelBintangAsia/shorts","DYxGurx6-qc",,"https://www.youtube.com/@IjunChannelBintangAsia/about","false","false",,"6",,"719","66",,,"https://i.ytimg.com/vi/DYxGurx6-qc/oar2.jpg?sqp=-oaymwEdCJUDENAFSFWQAgHyq4qpAwwIARUAAIhCcAHAAQY=&rs=AOn4CLC7k9Lm80qDvc5wlwYVmMS4_f9Khw","SEMANGKA MADURI SEMANGKA VIRAL","shorts","https://www.youtube.com/shorts/DYxGurx6-qc","401"
"https://yt3.googleusercontent.com/-eLLsRb4Uk9WIz-1mU0sfD2kUSKDcBpxvwLNaxoo5nh8SQkcRdmaoDN-AjB_MUeHbT_zpykTF5Q=s160-c-k-c0x00ffffff-no-rj","https://yt3.googleusercontent.com/v-cvSIUgxxDrJpDooECDLFN1LYWfgOtFkvcGtXTv4ww_qoOmquicfkXFK1IGU_8fP6jNd6gFXg=w2560-fcrop64=1,00005a57ffffa5a8-k-c0xffffffff-no-nd-rj","Chanel ini berisi tentang dunia pertanian","UC2ykkCz_Jcei_upCvHXlK4Q","Apr 23, 2016","Indonesia","Ijun Channel Bintang Asia","137","169108","https://www.youtube.com/channel/UC2ykkCz_Jcei_upCvHXlK4Q",,"0","2023-06-21T00:00:00.000Z",,,"https://www.youtube.com/@IjunChannelBintangAsia/shorts","B9dHMCfsvrs",,"https://www.youtube.com/@IjunChannelBintangAsia/about","false","false",,"1",,"719","64",,,"https://i.ytimg.com/vi/B9dHMCfsvrs/oar2.jpg?sqp=-oaymwEdCJgDENAFSFWQAgHyq4qpAwwIARUAAIhCcAHAAQY=&rs=AOn4CLBhTg7Llz3jxqG8DIdi7GSgCLSE6A","TESTIMONI SEMANGKA MADURI DARI WAKIL BUPATI JOMBANG @BintangasiA_TV","shorts","https://www.youtube.com/shorts/B9dHMCfsvrs","116"
"https://yt3.googleusercontent.com/-eLLsRb4Uk9WIz-1mU0sfD2kUSKDcBpxvwLNaxoo5nh8SQkcRdmaoDN-AjB_MUeHbT_zpykTF5Q=s160-c-k-c0x00ffffff-no-rj","https://yt3.googleusercontent.com/v-cvSIUgxxDrJpDooECDLFN1LYWfgOtFkvcGtXTv4ww_qoOmquicfkXFK1IGU_8fP6jNd6gFXg=w2560-fcrop64=1,00005a57ffffa5a8-k-c0xffffffff-no-nd-rj","Chanel ini berisi tentang dunia pertanian","UC2ykkCz_Jcei_upCvHXlK4Q","Apr 23, 2016","Indonesia","Ijun Channel Bintang Asia","137","169108","https://www.youtube.com/channel/UC2ykkCz_Jcei_upCvHXlK4Q",,"0","2023-06-29T00:00:00.000Z",,,"https://www.youtube.com/@IjunChannelBintangAsia/shorts","m7VZ77jVsWw",,"https://www.youtube.com/@IjunChannelBintangAsia/about","false","false",,"34",,"719","62",,,"https://i.ytimg.com/vi/m7VZ77jVsWw/oar2.jpg?sqp=-oaymwEdCPgDENAFSFWQAgHyq4qpAwwIARUAAIhCcAHAAQY=&rs=AOn4CLDnhSp7qK4RwhR3an1AgnNSLC1ksw","HASIL PANEN CABAI KERITING CMK TAVI","shorts","https://www.youtube.com/shorts/m7VZ77jVsWw","3251"
"https://yt3.googleusercontent.com/-eLLsRb4Uk9WIz-1mU0sfD2kUSKDcBpxvwLNaxoo5nh8SQkcRdmaoDN-AjB_MUeHbT_zpykTF5Q=s160-c-k-c0x00ffffff-no-rj","https://yt3.googleusercontent.com/v-cvSIUgxxDrJpDooECDLFN1LYWfgOtFkvcGtXTv4ww_qoOmquicfkXFK1IGU_8fP6jNd6gFXg=w2560-fcrop64=1,00005a57ffffa5a8-k-c0xffffffff-no-nd-rj","Chanel ini berisi tentang dunia pertanian","UC2ykkCz_Jcei_upCvHXlK4Q","Apr 23, 2016","Indonesia","Ijun Channel Bintang Asia","137","169108","https://www.youtube.com/channel/UC2ykkCz_Jcei_upCvHXlK4Q",,"3","2023-06-15T00:00:00.000Z",,,"https://www.youtube.com/@IjunChannelBintangAsia/shorts","mLdxXO3fOC4",,"https://www.youtube.com/@IjunChannelBintangAsia/about","false","false",,"3",,"719","68",,,"https://i.ytimg.com/vi/mLdxXO3fOC4/oar2.jpg?sqp=-oaymwEdCIwDENAFSFWQAgHyq4qpAwwIARUAAIhCcAHAAQY=&rs=AOn4CLAJueMI1_0A4gw5Md4u_5Nx0v73YQ","BIBIT KUBIS COMPACT 22. PRODUK BINTANG ASIA","shorts","https://www.youtube.com/shorts/mLdxXO3fOC4","285"
"https://yt3.googleusercontent.com/-eLLsRb4Uk9WIz-1mU0sfD2kUSKDcBpxvwLNaxoo5nh8SQkcRdmaoDN-AjB_MUeHbT_zpykTF5Q=s160-c-k-c0x00ffffff-no-rj","https://yt3.googleusercontent.com/v-cvSIUgxxDrJpDooECDLFN1LYWfgOtFkvcGtXTv4ww_qoOmquicfkXFK1IGU_8fP6jNd6gFXg=w2560-fcrop64=1,00005a57ffffa5a8-k-c0xffffffff-no-nd-rj","Chanel ini berisi tentang dunia pertanian","UC2ykkCz_Jcei_upCvHXlK4Q","Apr 23, 2016","Indonesia","Ijun Channel Bintang Asia","137","169108","https://www.youtube.com/channel/UC2ykkCz_Jcei_upCvHXlK4Q",,"0","2023-07-09T00:00:00.000Z",,,"https://www.youtube.com/@IjunChannelBintangAsia/shorts","OIr7X5VSvxY",,"https://www.youtube.com/@IjunChannelBintangAsia/about","false","false",,"9",,"719","59",,,"https://i.ytimg.com/vi/OIr7X5VSvxY/hq720.jpg?sqp=-oaymwEdCJUDENAFSFXyq4qpAw8IARUAAIhCcAHAAQbQAQE=&rs=AOn4CLDapNUIrifZLfcZREJZ3ljzc1wtSg","BETRAS 9, ARSIP DOKUMENTASI PENANAMAN TAHUN 2022 DI JOMBANG","shorts","https://www.youtube.com/shorts/OIr7X5VSvxY","408"
"https://yt3.googleusercontent.com/-eLLsRb4Uk9WIz-1mU0sfD2kUSKDcBpxvwLNaxoo5nh8SQkcRdmaoDN-AjB_MUeHbT_zpykTF5Q=s160-c-k-c0x00ffffff-no-rj","https://yt3.googleusercontent.com/v-cvSIUgxxDrJpDooECDLFN1LYWfgOtFkvcGtXTv4ww_qoOmquicfkXFK1IGU_8fP6jNd6gFXg=w2560-fcrop64=1,00005a57ffffa5a8-k-c0xffffffff-no-nd-rj","Chanel ini berisi tentang dunia pertanian","UC2ykkCz_Jcei_upCvHXlK4Q","Apr 23, 2016","Indonesia","Ijun Channel Bintang Asia","137","169108","https://www.youtube.com/channel/UC2ykkCz_Jcei_upCvHXlK4Q",,"0","2023-06-21T00:00:00.000Z",,,"https://www.youtube.com/@IjunChannelBintangAsia/shorts","WAqLAy2DIpg",,"https://www.youtube.com/@IjunChannelBintangAsia/about","false","false",,"4",,"719","63",,,"https://i.ytimg.com/vi_webp/WAqLAy2DIpg/oar2.webp","SUKSES!! ACARA GEBYAR PANEN RAYA SEMANGKA MADURI DAN BIG MADURI","shorts","https://www.youtube.com/shorts/WAqLAy2DIpg","44"
"https://yt3.googleusercontent.com/-eLLsRb4Uk9WIz-1mU0sfD2kUSKDcBpxvwLNaxoo5nh8SQkcRdmaoDN-AjB_MUeHbT_zpykTF5Q=s160-c-k-c0x00ffffff-no-rj","https://yt3.googleusercontent.com/v-cvSIUgxxDrJpDooECDLFN1LYWfgOtFkvcGtXTv4ww_qoOmquicfkXFK1IGU_8fP6jNd6gFXg=w2560-fcrop64=1,00005a57ffffa5a8-k-c0xffffffff-no-nd-rj","Chanel ini berisi tentang dunia pertanian","UC2ykkCz_Jcei_upCvHXlK4Q","Apr 23, 2016","Indonesia","Ijun Channel Bintang Asia","137","169108","https://www.youtube.com/channel/UC2ykkCz_Jcei_upCvHXlK4Q",,"0","2023-07-19T00:00:00.000Z",,,"https://www.youtube.com/@IjunChannelBintangAsia/shorts","4vCd7yIh4d0",,"https://www.youtube.com/@IjunChannelBintangAsia/about","false","false",,"2",,"719","58",,,"https://i.ytimg.com/vi/4vCd7yIh4d0/oar2.jpg?sqp=-oaymwEdCJUDENAFSFWQAgHyq4qpAwwIARUAAIhCcAHAAQY=&rs=AOn4CLB-MJw57vwq3FO-d-G_R9dpzKCCMQ","BROKOLI / KEMBANG KOL / BUNGKUL.","shorts","https://www.youtube.com/shorts/4vCd7yIh4d0","192"
"https://yt3.googleusercontent.com/-eLLsRb4Uk9WIz-1mU0sfD2kUSKDcBpxvwLNaxoo5nh8SQkcRdmaoDN-AjB_MUeHbT_zpykTF5Q=s160-c-k-c0x00ffffff-no-rj","https://yt3.googleusercontent.com/v-cvSIUgxxDrJpDooECDLFN1LYWfgOtFkvcGtXTv4ww_qoOmquicfkXFK1IGU_8fP6jNd6gFXg=w2560-fcrop64=1,00005a57ffffa5a8-k-c0xffffffff-no-nd-rj","Chanel ini berisi tentang dunia pertanian","UC2ykkCz_Jcei_upCvHXlK4Q","Apr 23, 2016","Indonesia","Ijun Channel Bintang Asia","137","169108","https://www.youtube.com/channel/UC2ykkCz_Jcei_upCvHXlK4Q",,"0","2023-07-02T00:00:00.000Z",,,"https://www.youtube.com/@IjunChannelBintangAsia/shorts","5kyTyt5gm78",,"https://www.youtube.com/@IjunChannelBintangAsia/about","false","false",,"1",,"719","61",,,"https://i.ytimg.com/vi/5kyTyt5gm78/oar2.jpg?sqp=-oaymwEdCJUDENAFSFWQAgHyq4qpAwwIARUAAIhCcAHAAQY=&rs=AOn4CLBTEaGpiIo8WtUSaYEvR6pOY_WP6w","TIMUN SEMI LAGI GUYS!!! BUNGANYA SANGAT LEBAT","shorts","https://www.youtube.com/shorts/5kyTyt5gm78","63"
"https://yt3.googleusercontent.com/-eLLsRb4Uk9WIz-1mU0sfD2kUSKDcBpxvwLNaxoo5nh8SQkcRdmaoDN-AjB_MUeHbT_zpykTF5Q=s160-c-k-c0x00ffffff-no-rj","https://yt3.googleusercontent.com/v-cvSIUgxxDrJpDooECDLFN1LYWfgOtFkvcGtXTv4ww_qoOmquicfkXFK1IGU_8fP6jNd6gFXg=w2560-fcrop64=1,00005a57ffffa5a8-k-c0xffffffff-no-nd-rj","Chanel ini berisi tentang dunia pertanian","UC2ykkCz_Jcei_upCvHXlK4Q","Apr 23, 2016","Indonesia","Ijun Channel Bintang Asia","137","169108","https://www.youtube.com/channel/UC2ykkCz_Jcei_upCvHXlK4Q",,"14","2023-06-20T00:00:00.000Z",,,"https://www.youtube.com/@IjunChannelBintangAsia/shorts","pPn5PoDcnaM",,"https://www.youtube.com/@IjunChannelBintangAsia/about","false","false",,"25",,"719","65",,,"https://i.ytimg.com/vi/pPn5PoDcnaM/oar2.jpg?sqp=-oaymwEdCJUDENAFSFWQAgHyq4qpAwwIARUAAIhCcAHAAQY=&rs=AOn4CLCvWYcKvnoo95vQtna47OGwyDzu0w","JAGUNG HIBRIDA BETRAS 9, JAGUNG DENGAN HASIL SUPER","shorts","https://www.youtube.com/shorts/pPn5PoDcnaM","2668"
"https://yt3.googleusercontent.com/-eLLsRb4Uk9WIz-1mU0sfD2kUSKDcBpxvwLNaxoo5nh8SQkcRdmaoDN-AjB_MUeHbT_zpykTF5Q=s160-c-k-c0x00ffffff-no-rj","https://yt3.googleusercontent.com/v-cvSIUgxxDrJpDooECDLFN1LYWfgOtFkvcGtXTv4ww_qoOmquicfkXFK1IGU_8fP6jNd6gFXg=w2560-fcrop64=1,00005a57ffffa5a8-k-c0xffffffff-no-nd-rj","Chanel ini berisi tentang dunia pertanian","UC2ykkCz_Jcei_upCvHXlK4Q","Apr 23, 2016","Indonesia","Ijun Channel Bintang Asia","137","169108","https://www.youtube.com/channel/UC2ykkCz_Jcei_upCvHXlK4Q",,"0","2023-07-20T00:00:00.000Z",,,"https://www.youtube.com/@IjunChannelBintangAsia/shorts","3uEZJtU4YUk",,"https://www.youtube.com/@IjunChannelBintangAsia/about","false","false",,"4",,"719","57",,,"https://i.ytimg.com/vi/3uEZJtU4YUk/oar2.jpg?sqp=-oaymwEdCJUDENAFSFWQAgHyq4qpAwwIARUAAIhCcAHAAQY=&rs=AOn4CLAZoP_HfN3xYBYBeDY2ocAwqDyImA","TOMAT VITALIA","shorts","https://www.youtube.com/shorts/3uEZJtU4YUk","381"
"https://yt3.googleusercontent.com/-eLLsRb4Uk9WIz-1mU0sfD2kUSKDcBpxvwLNaxoo5nh8SQkcRdmaoDN-AjB_MUeHbT_zpykTF5Q=s160-c-k-c0x00ffffff-no-rj","https://yt3.googleusercontent.com/v-cvSIUgxxDrJpDooECDLFN1LYWfgOtFkvcGtXTv4ww_qoOmquicfkXFK1IGU_8fP6jNd6gFXg=w2560-fcrop64=1,00005a57ffffa5a8-k-c0xffffffff-no-nd-rj","Chanel ini berisi tentang dunia pertanian","UC2ykkCz_Jcei_upCvHXlK4Q","Apr 23, 2016","Indonesia","Ijun Channel Bintang Asia","137","169108","https://www.youtube.com/channel/UC2ykkCz_Jcei_upCvHXlK4Q",,"0","2023-07-06T00:00:00.000Z",,,"https://www.youtube.com/@IjunChannelBintangAsia/shorts","8aLsMnXot_0",,"https://www.youtube.com/@IjunChannelBintangAsia/about","false","false",,"3",,"719","60",,,"https://i.ytimg.com/vi/8aLsMnXot_0/oar2.jpg?sqp=-oaymwEdCJUDENAFSFWQAgHyq4qpAwwIARUAAIhCcAHAAQY=&rs=AOn4CLC_Frpb3tAjYHDcBTrmrFhmh7J7zA","LAGU BETRAS 9, ACARA PANEN RAYA BETRAS 9 DI BOJONEGORO","shorts","https://www.youtube.com/shorts/8aLsMnXot_0","330"
"https://yt3.googleusercontent.com/-eLLsRb4Uk9WIz-1mU0sfD2kUSKDcBpxvwLNaxoo5nh8SQkcRdmaoDN-AjB_MUeHbT_zpykTF5Q=s160-c-k-c0x00ffffff-no-rj","https://yt3.googleusercontent.com/v-cvSIUgxxDrJpDooECDLFN1LYWfgOtFkvcGtXTv4ww_qoOmquicfkXFK1IGU_8fP6jNd6gFXg=w2560-fcrop64=1,00005a57ffffa5a8-k-c0xffffffff-no-nd-rj","Chanel ini berisi tentang dunia pertanian","UC2ykkCz_Jcei_upCvHXlK4Q","Apr 23, 2016","Indonesia","Ijun Channel Bintang Asia","137","169108","https://www.youtube.com/channel/UC2ykkCz_Jcei_upCvHXlK4Q",,"0","2023-08-15T00:00:00.000Z",,,"https://www.youtube.com/@IjunChannelBintangAsia/shorts","pOIUTNt56OA",,"https://www.youtube.com/@IjunChannelBintangAsia/about","false","false",,"2",,"719","54",,,"https://i.ytimg.com/vi_webp/pOIUTNt56OA/oar2.webp","HASIL PRODUK BINTANG ASIA DENGAN SISTEM ORGANIK-2","shorts","https://www.youtube.com/shorts/pOIUTNt56OA","143"
"https://yt3.googleusercontent.com/-eLLsRb4Uk9WIz-1mU0sfD2kUSKDcBpxvwLNaxoo5nh8SQkcRdmaoDN-AjB_MUeHbT_zpykTF5Q=s160-c-k-c0x00ffffff-no-rj","https://yt3.googleusercontent.com/v-cvSIUgxxDrJpDooECDLFN1LYWfgOtFkvcGtXTv4ww_qoOmquicfkXFK1IGU_8fP6jNd6gFXg=w2560-fcrop64=1,00005a57ffffa5a8-k-c0xffffffff-no-nd-rj","Chanel ini berisi tentang dunia pertanian","UC2ykkCz_Jcei_upCvHXlK4Q","Apr 23, 2016","Indonesia","Ijun Channel Bintang Asia","137","169108","https://www.youtube.com/channel/UC2ykkCz_Jcei_upCvHXlK4Q",,"0","2023-08-06T00:00:00.000Z",,,"https://www.youtube.com/@IjunChannelBintangAsia/shorts","AB7CzWk6H3Q",,"https://www.youtube.com/@IjunChannelBintangAsia/about","false","false",,"2",,"719","56",,,"https://i.ytimg.com/vi/AB7CzWk6H3Q/oar2.jpg?sqp=-oaymwEdCJUDENAFSFWQAgHyq4qpAwwIARUAAIhCcAHAAQY=&rs=AOn4CLCKTccHh4Q4uWhkemH3zWM4KAmdsw","VIDIO LENGKAP NYA KLIK LINK BERIKUT https://youtu.be/5sZmOQkkgmQ","shorts","https://www.youtube.com/shorts/AB7CzWk6H3Q","155"
"https://yt3.googleusercontent.com/-eLLsRb4Uk9WIz-1mU0sfD2kUSKDcBpxvwLNaxoo5nh8SQkcRdmaoDN-AjB_MUeHbT_zpykTF5Q=s160-c-k-c0x00ffffff-no-rj","https://yt3.googleusercontent.com/v-cvSIUgxxDrJpDooECDLFN1LYWfgOtFkvcGtXTv4ww_qoOmquicfkXFK1IGU_8fP6jNd6gFXg=w2560-fcrop64=1,00005a57ffffa5a8-k-c0xffffffff-no-nd-rj","Chanel ini berisi tentang dunia pertanian","UC2ykkCz_Jcei_upCvHXlK4Q","Apr 23, 2016","Indonesia","Ijun Channel Bintang Asia","137","169108","https://www.youtube.com/channel/UC2ykkCz_Jcei_upCvHXlK4Q",,"0","2023-08-15T00:00:00.000Z",,,"https://www.youtube.com/@IjunChannelBintangAsia/shorts","W2S468LSY64",,"https://www.youtube.com/@IjunChannelBintangAsia/about","false","false",,"1",,"719","55",,,"https://i.ytimg.com/vi_webp/W2S468LSY64/oar2.webp","HASIL PRODUK BINTANG ASIA DENGAN SISTEM ORGANIK-1","shorts","https://www.youtube.com/shorts/W2S468LSY64","82"
"https://yt3.googleusercontent.com/-eLLsRb4Uk9WIz-1mU0sfD2kUSKDcBpxvwLNaxoo5nh8SQkcRdmaoDN-AjB_MUeHbT_zpykTF5Q=s160-c-k-c0x00ffffff-no-rj","https://yt3.googleusercontent.com/v-cvSIUgxxDrJpDooECDLFN1LYWfgOtFkvcGtXTv4ww_qoOmquicfkXFK1IGU_8fP6jNd6gFXg=w2560-fcrop64=1,00005a57ffffa5a8-k-c0xffffffff-no-nd-rj","Chanel ini berisi tentang dunia pertanian","UC2ykkCz_Jcei_upCvHXlK4Q","Apr 23, 2016","Indonesia","Ijun Channel Bintang Asia","137","169108","https://www.youtube.com/channel/UC2ykkCz_Jcei_upCvHXlK4Q",,"2","2023-09-01T00:00:00.000Z",,,"https://www.youtube.com/@IjunChannelBintangAsia/shorts","5jmOxkAvcyk",,"https://www.youtube.com/@IjunChannelBintangAsia/about","false","false",,"5",,"719","51",,,"https://i.ytimg.com/vi_webp/5jmOxkAvcyk/oar2.webp","SEMANGKA MADURI kiriman dari petani semangka bojonegoro","shorts","https://www.youtube.com/shorts/5jmOxkAvcyk","410"
"https://yt3.googleusercontent.com/-eLLsRb4Uk9WIz-1mU0sfD2kUSKDcBpxvwLNaxoo5nh8SQkcRdmaoDN-AjB_MUeHbT_zpykTF5Q=s160-c-k-c0x00ffffff-no-rj","https://yt3.googleusercontent.com/v-cvSIUgxxDrJpDooECDLFN1LYWfgOtFkvcGtXTv4ww_qoOmquicfkXFK1IGU_8fP6jNd6gFXg=w2560-fcrop64=1,00005a57ffffa5a8-k-c0xffffffff-no-nd-rj","Chanel ini berisi tentang dunia pertanian","UC2ykkCz_Jcei_upCvHXlK4Q","Apr 23, 2016","Indonesia","Ijun Channel Bintang Asia","137","169108","https://www.youtube.com/channel/UC2ykkCz_Jcei_upCvHXlK4Q",,"6","2023-08-26T00:00:00.000Z",,,"https://www.youtube.com/@IjunChannelBintangAsia/shorts","lMpN99FKeRc",,"https://www.youtube.com/@IjunChannelBintangAsia/about","false","false",,"12",,"719","52",,"Video dari Muhammad Faizun Anam","https://i.ytimg.com/vi_webp/lMpN99FKeRc/oar2.webp","SEMANGKA NON BIJI VARIETAS SERI F1","shorts","https://www.youtube.com/shorts/lMpN99FKeRc","1275"
"https://yt3.googleusercontent.com/-eLLsRb4Uk9WIz-1mU0sfD2kUSKDcBpxvwLNaxoo5nh8SQkcRdmaoDN-AjB_MUeHbT_zpykTF5Q=s160-c-k-c0x00ffffff-no-rj","https://yt3.googleusercontent.com/v-cvSIUgxxDrJpDooECDLFN1LYWfgOtFkvcGtXTv4ww_qoOmquicfkXFK1IGU_8fP6jNd6gFXg=w2560-fcrop64=1,00005a57ffffa5a8-k-c0xffffffff-no-nd-rj","Chanel ini berisi tentang dunia pertanian","UC2ykkCz_Jcei_upCvHXlK4Q","Apr 23, 2016","Indonesia","Ijun Channel Bintang Asia","137","169108","https://www.youtube.com/channel/UC2ykkCz_Jcei_upCvHXlK4Q",,"2","2023-08-17T00:00:00.000Z",,,"https://www.youtube.com/@IjunChannelBintangAsia/shorts","xTizgU-5DX0",,"https://www.youtube.com/@IjunChannelBintangAsia/about","false","false",,"17",,"719","53",,,"https://i.ytimg.com/vi/xTizgU-5DX0/oar2.jpg?sqp=-oaymwEdCJUDENAFSFWQAgHyq4qpAwwIARUAAIhCcAHAAQY=&rs=AOn4CLC62i5NUz0iU21qgbhAqqn2WFlwOQ","LABU / WALUH SAMINA F1","shorts","https://www.youtube.com/shorts/xTizgU-5DX0","857"
"https://yt3.googleusercontent.com/-eLLsRb4Uk9WIz-1mU0sfD2kUSKDcBpxvwLNaxoo5nh8SQkcRdmaoDN-AjB_MUeHbT_zpykTF5Q=s160-c-k-c0x00ffffff-no-rj","https://yt3.googleusercontent.com/v-cvSIUgxxDrJpDooECDLFN1LYWfgOtFkvcGtXTv4ww_qoOmquicfkXFK1IGU_8fP6jNd6gFXg=w2560-fcrop64=1,00005a57ffffa5a8-k-c0xffffffff-no-nd-rj","Chanel ini berisi tentang dunia pertanian","UC2ykkCz_Jcei_upCvHXlK4Q","Apr 23, 2016","Indonesia","Ijun Channel Bintang Asia","137","169108","https://www.youtube.com/channel/UC2ykkCz_Jcei_upCvHXlK4Q",,"0","2023-09-03T00:00:00.000Z",,,"https://www.youtube.com/@IjunChannelBintangAsia/shorts","M029Ho5m33E",,"https://www.youtube.com/@IjunChannelBintangAsia/about","false","false",,"2",,"719","50",,,"https://i.ytimg.com/vi/M029Ho5m33E/oar2.jpg?sqp=-oaymwEdCJUDENAFSFWQAgHyq4qpAwwIARUAAIhCcAHAAQY=&rs=AOn4CLCrj8zcIJkf1rUmPsJBh5l9YD7m5w","SEMANGKA INDEN DAN BIG MADURI","shorts","https://www.youtube.com/shorts/M029Ho5m33E","396"
"https://yt3.googleusercontent.com/-eLLsRb4Uk9WIz-1mU0sfD2kUSKDcBpxvwLNaxoo5nh8SQkcRdmaoDN-AjB_MUeHbT_zpykTF5Q=s160-c-k-c0x00ffffff-no-rj","https://yt3.googleusercontent.com/v-cvSIUgxxDrJpDooECDLFN1LYWfgOtFkvcGtXTv4ww_qoOmquicfkXFK1IGU_8fP6jNd6gFXg=w2560-fcrop64=1,00005a57ffffa5a8-k-c0xffffffff-no-nd-rj","Chanel ini berisi tentang dunia pertanian","UC2ykkCz_Jcei_upCvHXlK4Q","Apr 23, 2016","Indonesia","Ijun Channel Bintang Asia","137","169108","https://www.youtube.com/channel/UC2ykkCz_Jcei_upCvHXlK4Q",,"0","2023-09-05T00:00:00.000Z",,,"https://www.youtube.com/@IjunChannelBintangAsia/shorts","XABnpK_bqP8",,"https://www.youtube.com/@IjunChannelBintangAsia/about","false","false",,"2",,"719","49",,"Video dari Muhammad Faizun Anam","https://i.ytimg.com/vi/XABnpK_bqP8/oar2.jpg","TOMAT TINATOON","shorts","https://www.youtube.com/shorts/XABnpK_bqP8","211"
"https://yt3.googleusercontent.com/-eLLsRb4Uk9WIz-1mU0sfD2kUSKDcBpxvwLNaxoo5nh8SQkcRdmaoDN-AjB_MUeHbT_zpykTF5Q=s160-c-k-c0x00ffffff-no-rj","https://yt3.googleusercontent.com/v-cvSIUgxxDrJpDooECDLFN1LYWfgOtFkvcGtXTv4ww_qoOmquicfkXFK1IGU_8fP6jNd6gFXg=w2560-fcrop64=1,00005a57ffffa5a8-k-c0xffffffff-no-nd-rj","Chanel ini berisi tentang dunia pertanian","UC2ykkCz_Jcei_upCvHXlK4Q","Apr 23, 2016","Indonesia","Ijun Channel Bintang Asia","137","169108","https://www.youtube.com/channel/UC2ykkCz_Jcei_upCvHXlK4Q",,"8","2022-11-21T00:00:00.000Z",,,"https://www.youtube.com/@IjunChannelBintangAsia/shorts","vB85vA33gws",,"https://www.youtube.com/@IjunChannelBintangAsia/about","false","false",,"2",,"719","89",,,"https://i.ytimg.com/vi/vB85vA33gws/hq720_2.jpg?sqp=-oaymwEdCJcDENAFSFXyq4qpAw8IARUAAIhCcAHAAQbQAQE=&rs=AOn4CLDo_8eDgdSF2h4Ex8rPBIU7wWwnMA","krian menjadi saksi","shorts","https://www.youtube.com/shorts/vB85vA33gws","388"
"https://yt3.googleusercontent.com/-eLLsRb4Uk9WIz-1mU0sfD2kUSKDcBpxvwLNaxoo5nh8SQkcRdmaoDN-AjB_MUeHbT_zpykTF5Q=s160-c-k-c0x00ffffff-no-rj","https://yt3.googleusercontent.com/v-cvSIUgxxDrJpDooECDLFN1LYWfgOtFkvcGtXTv4ww_qoOmquicfkXFK1IGU_8fP6jNd6gFXg=w2560-fcrop64=1,00005a57ffffa5a8-k-c0xffffffff-no-nd-rj","Chanel ini berisi tentang dunia pertanian","UC2ykkCz_Jcei_upCvHXlK4Q","Apr 23, 2016","Indonesia","Ijun Channel Bintang Asia","137","169108","https://www.youtube.com/channel/UC2ykkCz_Jcei_upCvHXlK4Q",,"0","2023-04-08T00:00:00.000Z",,,"https://www.youtube.com/@IjunChannelBintangAsia/shorts","G8VnriODJBs",,"https://www.youtube.com/@IjunChannelBintangAsia/about","false","false",,"5",,"719","88",,,"https://i.ytimg.com/vi/G8VnriODJBs/oar2.jpg?sqp=-oaymwEdCJUDENAFSFWQAgHyq4qpAwwIARUAAIhCcAHAAQY=&rs=AOn4CLAdwT70HQjQaEkCR8UFAxsUV3o-rw","BLEWAH BLASTER BINTANG ASIA","shorts","https://www.youtube.com/shorts/G8VnriODJBs","423"
"https://yt3.googleusercontent.com/-eLLsRb4Uk9WIz-1mU0sfD2kUSKDcBpxvwLNaxoo5nh8SQkcRdmaoDN-AjB_MUeHbT_zpykTF5Q=s160-c-k-c0x00ffffff-no-rj","https://yt3.googleusercontent.com/v-cvSIUgxxDrJpDooECDLFN1LYWfgOtFkvcGtXTv4ww_qoOmquicfkXFK1IGU_8fP6jNd6gFXg=w2560-fcrop64=1,00005a57ffffa5a8-k-c0xffffffff-no-nd-rj","Chanel ini berisi tentang dunia pertanian","UC2ykkCz_Jcei_upCvHXlK4Q","Apr 23, 2016","Indonesia","Ijun Channel Bintang Asia","137","169108","https://www.youtube.com/channel/UC2ykkCz_Jcei_upCvHXlK4Q",,"0","2023-05-18T00:00:00.000Z",,,"https://www.youtube.com/@IjunChannelBintangAsia/shorts","rIX-XPbUEGY",,"https://www.youtube.com/@IjunChannelBintangAsia/about","false","false",,"2",,"719","85",,,"https://i.ytimg.com/vi/rIX-XPbUEGY/oar2.jpg?sqp=-oaymwEdCJUDENAFSFWQAgHyq4qpAwwIARUAAIhCcAHAAQY=&rs=AOn4CLDNxEtEJ8C7RIVpM5TS77-3ur-XPw","LABU MADU PULEN","shorts","https://www.youtube.com/shorts/rIX-XPbUEGY","117"
"https://yt3.googleusercontent.com/-eLLsRb4Uk9WIz-1mU0sfD2kUSKDcBpxvwLNaxoo5nh8SQkcRdmaoDN-AjB_MUeHbT_zpykTF5Q=s160-c-k-c0x00ffffff-no-rj","https://yt3.googleusercontent.com/v-cvSIUgxxDrJpDooECDLFN1LYWfgOtFkvcGtXTv4ww_qoOmquicfkXFK1IGU_8fP6jNd6gFXg=w2560-fcrop64=1,00005a57ffffa5a8-k-c0xffffffff-no-nd-rj","Chanel ini berisi tentang dunia pertanian","UC2ykkCz_Jcei_upCvHXlK4Q","Apr 23, 2016","Indonesia","Ijun Channel Bintang Asia","137","169108","https://www.youtube.com/channel/UC2ykkCz_Jcei_upCvHXlK4Q",,"0","2023-05-18T00:00:00.000Z",,,"https://www.youtube.com/@IjunChannelBintangAsia/shorts","IV4hMM_fs3Y",,"https://www.youtube.com/@IjunChannelBintangAsia/about","false","false",,"9",,"719","84",,,"https://i.ytimg.com/vi/IV4hMM_fs3Y/oar2.jpg?sqp=-oaymwEdCJUDENAFSFWQAgHyq4qpAwwIARUAAIhCcAHAAQY=&rs=AOn4CLA4_TxUSGYH15d2003fNI6y98iLGg","TOMAT NATAMA SUPER F1, UNTUK DATARAN MENENGAH SAMPAI TINGGI","shorts","https://www.youtube.com/shorts/IV4hMM_fs3Y","752"
"https://yt3.googleusercontent.com/-eLLsRb4Uk9WIz-1mU0sfD2kUSKDcBpxvwLNaxoo5nh8SQkcRdmaoDN-AjB_MUeHbT_zpykTF5Q=s160-c-k-c0x00ffffff-no-rj","https://yt3.googleusercontent.com/v-cvSIUgxxDrJpDooECDLFN1LYWfgOtFkvcGtXTv4ww_qoOmquicfkXFK1IGU_8fP6jNd6gFXg=w2560-fcrop64=1,00005a57ffffa5a8-k-c0xffffffff-no-nd-rj","Chanel ini berisi tentang dunia pertanian","UC2ykkCz_Jcei_upCvHXlK4Q","Apr 23, 2016","Indonesia","Ijun Channel Bintang Asia","137","169108","https://www.youtube.com/channel/UC2ykkCz_Jcei_upCvHXlK4Q",,"1","2023-09-13T00:00:00.000Z",,,"https://www.youtube.com/@IjunChannelBintangAsia/shorts","Qu-eUu_zrN8",,"https://www.youtube.com/@IjunChannelBintangAsia/about","false","false",,"10",,"719","48",,"Video dari Muhammad Faizun Anam","https://i.ytimg.com/vi/Qu-eUu_zrN8/oar2.jpg","PANEN LABU MADU PULEN F1","shorts","https://www.youtube.com/shorts/Qu-eUu_zrN8","697"
"https://yt3.googleusercontent.com/-eLLsRb4Uk9WIz-1mU0sfD2kUSKDcBpxvwLNaxoo5nh8SQkcRdmaoDN-AjB_MUeHbT_zpykTF5Q=s160-c-k-c0x00ffffff-no-rj","https://yt3.googleusercontent.com/v-cvSIUgxxDrJpDooECDLFN1LYWfgOtFkvcGtXTv4ww_qoOmquicfkXFK1IGU_8fP6jNd6gFXg=w2560-fcrop64=1,00005a57ffffa5a8-k-c0xffffffff-no-nd-rj","Chanel ini berisi tentang dunia pertanian","UC2ykkCz_Jcei_upCvHXlK4Q","Apr 23, 2016","Indonesia","Ijun Channel Bintang Asia","137","169108","https://www.youtube.com/channel/UC2ykkCz_Jcei_upCvHXlK4Q",,"0","2023-05-18T00:00:00.000Z",,,"https://www.youtube.com/@IjunChannelBintangAsia/shorts","mIGRSOMnvhc",,"https://www.youtube.com/@IjunChannelBintangAsia/about","false","false",,"13",,"719","86",,,"https://i.ytimg.com/vi/mIGRSOMnvhc/oar2.jpg?sqp=-oaymwEdCJUDENAFSFWQAgHyq4qpAwwIARUAAIhCcAHAAQY=&rs=AOn4CLBiiRqYvZ7MzSckCVnNrr6J-PynVg","SEMANGKA DIVA","shorts","https://www.youtube.com/shorts/mIGRSOMnvhc","1626"
"https://yt3.googleusercontent.com/-eLLsRb4Uk9WIz-1mU0sfD2kUSKDcBpxvwLNaxoo5nh8SQkcRdmaoDN-AjB_MUeHbT_zpykTF5Q=s160-c-k-c0x00ffffff-no-rj","https://yt3.googleusercontent.com/v-cvSIUgxxDrJpDooECDLFN1LYWfgOtFkvcGtXTv4ww_qoOmquicfkXFK1IGU_8fP6jNd6gFXg=w2560-fcrop64=1,00005a57ffffa5a8-k-c0xffffffff-no-nd-rj","Chanel ini berisi tentang dunia pertanian","UC2ykkCz_Jcei_upCvHXlK4Q","Apr 23, 2016","Indonesia","Ijun Channel Bintang Asia","137","169108","https://www.youtube.com/channel/UC2ykkCz_Jcei_upCvHXlK4Q",,"2","2023-05-18T00:00:00.000Z",,,"https://www.youtube.com/@IjunChannelBintangAsia/shorts","W2sIEYKellg",,"https://www.youtube.com/@IjunChannelBintangAsia/about","false","false",,"12",,"719","87",,,"https://i.ytimg.com/vi/W2sIEYKellg/oar2.jpg?sqp=-oaymwEdCJUDENAFSFWQAgHyq4qpAwwIARUAAIhCcAHAAQY=&rs=AOn4CLAIrXU09BgNV-wa5y0JtiytzY06Ag","SEMANGKA NAPOLI NON BIJI","shorts","https://www.youtube.com/shorts/W2sIEYKellg","1293"
"https://yt3.googleusercontent.com/-eLLsRb4Uk9WIz-1mU0sfD2kUSKDcBpxvwLNaxoo5nh8SQkcRdmaoDN-AjB_MUeHbT_zpykTF5Q=s160-c-k-c0x00ffffff-no-rj","https://yt3.googleusercontent.com/v-cvSIUgxxDrJpDooECDLFN1LYWfgOtFkvcGtXTv4ww_qoOmquicfkXFK1IGU_8fP6jNd6gFXg=w2560-fcrop64=1,00005a57ffffa5a8-k-c0xffffffff-no-nd-rj","Chanel ini berisi tentang dunia pertanian","UC2ykkCz_Jcei_upCvHXlK4Q","Apr 23, 2016","Indonesia","Ijun Channel Bintang Asia","137","169108","https://www.youtube.com/channel/UC2ykkCz_Jcei_upCvHXlK4Q",,"5","2023-05-18T00:00:00.000Z",,,"https://www.youtube.com/@IjunChannelBintangAsia/shorts","IJeM7uSsl4c",,"https://www.youtube.com/@IjunChannelBintangAsia/about","false","false",,"33",,"719","83",,,"https://i.ytimg.com/vi/IJeM7uSsl4c/oar2.jpg?sqp=-oaymwEdCJUDENAFSFWQAgHyq4qpAwwIARUAAIhCcAHAAQY=&rs=AOn4CLCSESs_QK1DsTEkiEg8soRyBKFzfg","TIMUN SEMI F1, BUAH LEBAT, PANEN SETIAP HARI","shorts","https://www.youtube.com/shorts/IJeM7uSsl4c","3968"
"https://yt3.googleusercontent.com/-eLLsRb4Uk9WIz-1mU0sfD2kUSKDcBpxvwLNaxoo5nh8SQkcRdmaoDN-AjB_MUeHbT_zpykTF5Q=s160-c-k-c0x00ffffff-no-rj","https://yt3.googleusercontent.com/v-cvSIUgxxDrJpDooECDLFN1LYWfgOtFkvcGtXTv4ww_qoOmquicfkXFK1IGU_8fP6jNd6gFXg=w2560-fcrop64=1,00005a57ffffa5a8-k-c0xffffffff-no-nd-rj","Chanel ini berisi tentang dunia pertanian","UC2ykkCz_Jcei_upCvHXlK4Q","Apr 23, 2016","Indonesia","Ijun Channel Bintang Asia","137","169108","https://www.youtube.com/channel/UC2ykkCz_Jcei_upCvHXlK4Q",,"0","2023-05-19T00:00:00.000Z",,,"https://www.youtube.com/@IjunChannelBintangAsia/shorts","1aV-kOoPvBc",,"https://www.youtube.com/@IjunChannelBintangAsia/about","false","false",,"9",,"719","82",,,"https://i.ytimg.com/vi/1aV-kOoPvBc/oar2.jpg?sqp=-oaymwEdCJUDENAFSFWQAgHyq4qpAwwIARUAAIhCcAHAAQY=&rs=AOn4CLD3HsTYDNDRh_pJuhcb5dyo84WZgA","SEMANGKA NAPOLI, CEK DAGING SEMANGKA","shorts","https://www.youtube.com/shorts/1aV-kOoPvBc","931"
"https://yt3.googleusercontent.com/-eLLsRb4Uk9WIz-1mU0sfD2kUSKDcBpxvwLNaxoo5nh8SQkcRdmaoDN-AjB_MUeHbT_zpykTF5Q=s160-c-k-c0x00ffffff-no-rj","https://yt3.googleusercontent.com/v-cvSIUgxxDrJpDooECDLFN1LYWfgOtFkvcGtXTv4ww_qoOmquicfkXFK1IGU_8fP6jNd6gFXg=w2560-fcrop64=1,00005a57ffffa5a8-k-c0xffffffff-no-nd-rj","Chanel ini berisi tentang dunia pertanian","UC2ykkCz_Jcei_upCvHXlK4Q","Apr 23, 2016","Indonesia","Ijun Channel Bintang Asia","137","169108","https://www.youtube.com/channel/UC2ykkCz_Jcei_upCvHXlK4Q",,"1","2023-05-19T00:00:00.000Z",,,"https://www.youtube.com/@IjunChannelBintangAsia/shorts","HfMU3BvGowk",,"https://www.youtube.com/@IjunChannelBintangAsia/about","false","false",,"3",,"719","81",,,"https://i.ytimg.com/vi/HfMU3BvGowk/oar2.jpg?sqp=-oaymwEdCJUDENAFSFWQAgHyq4qpAwwIARUAAIhCcAHAAQY=&rs=AOn4CLC_O0OZJThnyYLtCOVgOBN4fS_PUA","SEMANGKA MADRID SISTEM GANTUNG","shorts","https://www.youtube.com/shorts/HfMU3BvGowk","88"
"https://yt3.googleusercontent.com/-eLLsRb4Uk9WIz-1mU0sfD2kUSKDcBpxvwLNaxoo5nh8SQkcRdmaoDN-AjB_MUeHbT_zpykTF5Q=s160-c-k-c0x00ffffff-no-rj","https://yt3.googleusercontent.com/v-cvSIUgxxDrJpDooECDLFN1LYWfgOtFkvcGtXTv4ww_qoOmquicfkXFK1IGU_8fP6jNd6gFXg=w2560-fcrop64=1,00005a57ffffa5a8-k-c0xffffffff-no-nd-rj","Chanel ini berisi tentang dunia pertanian","UC2ykkCz_Jcei_upCvHXlK4Q","Apr 23, 2016","Indonesia","Ijun Channel Bintang Asia","137","169108","https://www.youtube.com/channel/UC2ykkCz_Jcei_upCvHXlK4Q",,"2","2023-05-25T00:00:00.000Z",,,"https://www.youtube.com/@IjunChannelBintangAsia/shorts","8Wwk6bwH1u8",,"https://www.youtube.com/@IjunChannelBintangAsia/about","false","false",,"3",,"719","78",,,"https://i.ytimg.com/vi/8Wwk6bwH1u8/oar2.jpg?sqp=-oaymwEdCJUDENAFSFWQAgHyq4qpAwwIARUAAIhCcAHAAQY=&rs=AOn4CLCpajwu5_peEt9XuA8GSqL-8zlasw","KEBUN PARE","shorts","https://www.youtube.com/shorts/8Wwk6bwH1u8","120"
"https://yt3.googleusercontent.com/-eLLsRb4Uk9WIz-1mU0sfD2kUSKDcBpxvwLNaxoo5nh8SQkcRdmaoDN-AjB_MUeHbT_zpykTF5Q=s160-c-k-c0x00ffffff-no-rj","https://yt3.googleusercontent.com/v-cvSIUgxxDrJpDooECDLFN1LYWfgOtFkvcGtXTv4ww_qoOmquicfkXFK1IGU_8fP6jNd6gFXg=w2560-fcrop64=1,00005a57ffffa5a8-k-c0xffffffff-no-nd-rj","Chanel ini berisi tentang dunia pertanian","UC2ykkCz_Jcei_upCvHXlK4Q","Apr 23, 2016","Indonesia","Ijun Channel Bintang Asia","137","169108","https://www.youtube.com/channel/UC2ykkCz_Jcei_upCvHXlK4Q",,"5","2023-05-26T00:00:00.000Z",,,"https://www.youtube.com/@IjunChannelBintangAsia/shorts","ORWCgNOhsKI",,"https://www.youtube.com/@IjunChannelBintangAsia/about","false","false",,"18",,"719","74",,,"https://i.ytimg.com/vi/ORWCgNOhsKI/oar2.jpg?sqp=-oaymwEdCJUDENAFSFWQAgHyq4qpAwwIARUAAIhCcAHAAQY=&rs=AOn4CLCaUNsJRnBmcdlmxPbfB5LMF3xm1A","SEMANGKA NAPOLI F1","shorts","https://www.youtube.com/shorts/ORWCgNOhsKI","1288"
"https://yt3.googleusercontent.com/-eLLsRb4Uk9WIz-1mU0sfD2kUSKDcBpxvwLNaxoo5nh8SQkcRdmaoDN-AjB_MUeHbT_zpykTF5Q=s160-c-k-c0x00ffffff-no-rj","https://yt3.googleusercontent.com/v-cvSIUgxxDrJpDooECDLFN1LYWfgOtFkvcGtXTv4ww_qoOmquicfkXFK1IGU_8fP6jNd6gFXg=w2560-fcrop64=1,00005a57ffffa5a8-k-c0xffffffff-no-nd-rj","Chanel ini berisi tentang dunia pertanian","UC2ykkCz_Jcei_upCvHXlK4Q","Apr 23, 2016","Indonesia","Ijun Channel Bintang Asia","137","169108","https://www.youtube.com/channel/UC2ykkCz_Jcei_upCvHXlK4Q",,"0","2023-06-01T00:00:00.000Z",,,"https://www.youtube.com/@IjunChannelBintangAsia/shorts","3AwGP21uy4k",,"https://www.youtube.com/@IjunChannelBintangAsia/about","false","false",,"5",,"719","73",,,"https://i.ytimg.com/vi/3AwGP21uy4k/oar2.jpg?sqp=-oaymwEdCJUDENAFSFWQAgHyq4qpAwwIARUAAIhCcAHAAQY=&rs=AOn4CLDGtBKMoNc-PW77o065qb1M4dT_Lg","SEMANGKA EMAS, GOLDEN RED","shorts","https://www.youtube.com/shorts/3AwGP21uy4k","454"
"https://yt3.googleusercontent.com/-eLLsRb4Uk9WIz-1mU0sfD2kUSKDcBpxvwLNaxoo5nh8SQkcRdmaoDN-AjB_MUeHbT_zpykTF5Q=s160-c-k-c0x00ffffff-no-rj","https://yt3.googleusercontent.com/v-cvSIUgxxDrJpDooECDLFN1LYWfgOtFkvcGtXTv4ww_qoOmquicfkXFK1IGU_8fP6jNd6gFXg=w2560-fcrop64=1,00005a57ffffa5a8-k-c0xffffffff-no-nd-rj","Chanel ini berisi tentang dunia pertanian","UC2ykkCz_Jcei_upCvHXlK4Q","Apr 23, 2016","Indonesia","Ijun Channel Bintang Asia","137","169108","https://www.youtube.com/channel/UC2ykkCz_Jcei_upCvHXlK4Q",,"4","2023-05-25T00:00:00.000Z",,,"https://www.youtube.com/@IjunChannelBintangAsia/shorts","uXn7si0wh6k",,"https://www.youtube.com/@IjunChannelBintangAsia/about","false","false",,"7",,"719","79",,,"https://i.ytimg.com/vi/uXn7si0wh6k/oar2.jpg?sqp=-oaymwEdCJUDENAFSFWQAgHyq4qpAwwIARUAAIhCcAHAAQY=&rs=AOn4CLCklMxfh8Jq8ocn3wpvDVZ9Km4WzQ","JAGUNG MANIS ROMANZA, TONGKOL BESAR HASIL MAXIMAL","shorts","https://www.youtube.com/shorts/uXn7si0wh6k","414"
"https://yt3.googleusercontent.com/-eLLsRb4Uk9WIz-1mU0sfD2kUSKDcBpxvwLNaxoo5nh8SQkcRdmaoDN-AjB_MUeHbT_zpykTF5Q=s160-c-k-c0x00ffffff-no-rj","https://yt3.googleusercontent.com/v-cvSIUgxxDrJpDooECDLFN1LYWfgOtFkvcGtXTv4ww_qoOmquicfkXFK1IGU_8fP6jNd6gFXg=w2560-fcrop64=1,00005a57ffffa5a8-k-c0xffffffff-no-nd-rj","Chanel ini berisi tentang dunia pertanian","UC2ykkCz_Jcei_upCvHXlK4Q","Apr 23, 2016","Indonesia","Ijun Channel Bintang Asia","137","169108","https://www.youtube.com/channel/UC2ykkCz_Jcei_upCvHXlK4Q",,"0","2023-05-24T00:00:00.000Z",,,"https://www.youtube.com/@IjunChannelBintangAsia/shorts","tkAsfxm3nF0",,"https://www.youtube.com/@IjunChannelBintangAsia/about","false","false",,"18",,"719","80",,,"https://i.ytimg.com/vi/tkAsfxm3nF0/oar2.jpg?sqp=-oaymwEdCJUDENAFSFWQAgHyq4qpAwwIARUAAIhCcAHAAQY=&rs=AOn4CLCOFrikdJL0RY5DmvkZV2sIj9WIWw","SEMANGKA MADURI, HASIL PANEN SUPER DAN DI SUKAI OLEH PASAR","shorts","https://www.youtube.com/shorts/tkAsfxm3nF0","2045"
"https://yt3.googleusercontent.com/-eLLsRb4Uk9WIz-1mU0sfD2kUSKDcBpxvwLNaxoo5nh8SQkcRdmaoDN-AjB_MUeHbT_zpykTF5Q=s160-c-k-c0x00ffffff-no-rj","https://yt3.googleusercontent.com/v-cvSIUgxxDrJpDooECDLFN1LYWfgOtFkvcGtXTv4ww_qoOmquicfkXFK1IGU_8fP6jNd6gFXg=w2560-fcrop64=1,00005a57ffffa5a8-k-c0xffffffff-no-nd-rj","Chanel ini berisi tentang dunia pertanian","UC2ykkCz_Jcei_upCvHXlK4Q","Apr 23, 2016","Indonesia","Ijun Channel Bintang Asia","137","169108","https://www.youtube.com/channel/UC2ykkCz_Jcei_upCvHXlK4Q",,"0","2024-02-29T00:00:00.000Z",,,"https://www.youtube.com/@IjunChannelBintangAsia/shorts","3sPUC92CZPk",,"https://www.youtube.com/@IjunChannelBintangAsia/about","false","false",,"4",,"719","22",,,"https://i.ytimg.com/vi/3sPUC92CZPk/oardefault.jpg?sqp=-oaymwEdCJgDENAFSFWQAgHyq4qpAwwIARUAAIhCcAHAAQY=&rs=AOn4CLDcPxMmzbpeJ5-z8dvlMiQ71DwKYg","BLEWAH BLASTER F1","shorts","https://www.youtube.com/shorts/3sPUC92CZPk","524"
"https://yt3.googleusercontent.com/-eLLsRb4Uk9WIz-1mU0sfD2kUSKDcBpxvwLNaxoo5nh8SQkcRdmaoDN-AjB_MUeHbT_zpykTF5Q=s160-c-k-c0x00ffffff-no-rj","https://yt3.googleusercontent.com/v-cvSIUgxxDrJpDooECDLFN1LYWfgOtFkvcGtXTv4ww_qoOmquicfkXFK1IGU_8fP6jNd6gFXg=w2560-fcrop64=1,00005a57ffffa5a8-k-c0xffffffff-no-nd-rj","Chanel ini berisi tentang dunia pertanian","UC2ykkCz_Jcei_upCvHXlK4Q","Apr 23, 2016","Indonesia","Ijun Channel Bintang Asia","137","169108","https://www.youtube.com/channel/UC2ykkCz_Jcei_upCvHXlK4Q",,"4","2023-05-25T00:00:00.000Z",,,"https://www.youtube.com/@IjunChannelBintangAsia/shorts","LuKTxXz4RZs",,"https://www.youtube.com/@IjunChannelBintangAsia/about","false","false",,"11",,"719","76",,,"https://i.ytimg.com/vi/LuKTxXz4RZs/oar2.jpg?sqp=-oaymwEdCJUDENAFSFWQAgHyq4qpAwwIARUAAIhCcAHAAQY=&rs=AOn4CLAdqceRteaFt-3ljRjtc9wGLDRQYA","TIMUN SEMI, DI TANAM DI LAHAN BEKAS JAGUNG","shorts","https://www.youtube.com/shorts/LuKTxXz4RZs","1088"
"https://yt3.googleusercontent.com/-eLLsRb4Uk9WIz-1mU0sfD2kUSKDcBpxvwLNaxoo5nh8SQkcRdmaoDN-AjB_MUeHbT_zpykTF5Q=s160-c-k-c0x00ffffff-no-rj","https://yt3.googleusercontent.com/v-cvSIUgxxDrJpDooECDLFN1LYWfgOtFkvcGtXTv4ww_qoOmquicfkXFK1IGU_8fP6jNd6gFXg=w2560-fcrop64=1,00005a57ffffa5a8-k-c0xffffffff-no-nd-rj","Chanel ini berisi tentang dunia pertanian","UC2ykkCz_Jcei_upCvHXlK4Q","Apr 23, 2016","Indonesia","Ijun Channel Bintang Asia","137","169108","https://www.youtube.com/channel/UC2ykkCz_Jcei_upCvHXlK4Q",,"2","2023-05-26T00:00:00.000Z",,,"https://www.youtube.com/@IjunChannelBintangAsia/shorts","qF2--a4s47I",,"https://www.youtube.com/@IjunChannelBintangAsia/about","false","false",,"5",,"719","75",,,"https://i.ytimg.com/vi/qF2--a4s47I/oar2.jpg?sqp=-oaymwEdCJUDENAFSFWQAgHyq4qpAwwIARUAAIhCcAHAAQY=&rs=AOn4CLDvB7akzyRaw1eSaE8jthMzHg_DQA","KRAI, SEJENIS TIMUN DAN RASA LEBIH ENAK","shorts","https://www.youtube.com/shorts/qF2--a4s47I","437"
"https://yt3.googleusercontent.com/-eLLsRb4Uk9WIz-1mU0sfD2kUSKDcBpxvwLNaxoo5nh8SQkcRdmaoDN-AjB_MUeHbT_zpykTF5Q=s160-c-k-c0x00ffffff-no-rj","https://yt3.googleusercontent.com/v-cvSIUgxxDrJpDooECDLFN1LYWfgOtFkvcGtXTv4ww_qoOmquicfkXFK1IGU_8fP6jNd6gFXg=w2560-fcrop64=1,00005a57ffffa5a8-k-c0xffffffff-no-nd-rj","Chanel ini berisi tentang dunia pertanian","UC2ykkCz_Jcei_upCvHXlK4Q","Apr 23, 2016","Indonesia","Ijun Channel Bintang Asia","137","169108","https://www.youtube.com/channel/UC2ykkCz_Jcei_upCvHXlK4Q",,"5","2023-05-25T00:00:00.000Z",,,"https://www.youtube.com/@IjunChannelBintangAsia/shorts","MWQ2-QYuPmE",,"https://www.youtube.com/@IjunChannelBintangAsia/about","false","false",,"27",,"719","77",,,"https://i.ytimg.com/vi/MWQ2-QYuPmE/oar2.jpg?sqp=-oaymwEdCJUDENAFSFWQAgHyq4qpAwwIARUAAIhCcAHAAQY=&rs=AOn4CLCljxR5AySXNeurZVMSBgb82zI0OA","CABE KRITING CMK TAVI, BUAH LEBAT HASIL MAKSIMAL","shorts","https://www.youtube.com/shorts/MWQ2-QYuPmE","2413"
"https://yt3.googleusercontent.com/-eLLsRb4Uk9WIz-1mU0sfD2kUSKDcBpxvwLNaxoo5nh8SQkcRdmaoDN-AjB_MUeHbT_zpykTF5Q=s160-c-k-c0x00ffffff-no-rj","https://yt3.googleusercontent.com/v-cvSIUgxxDrJpDooECDLFN1LYWfgOtFkvcGtXTv4ww_qoOmquicfkXFK1IGU_8fP6jNd6gFXg=w2560-fcrop64=1,00005a57ffffa5a8-k-c0xffffffff-no-nd-rj","Chanel ini berisi tentang dunia pertanian","UC2ykkCz_Jcei_upCvHXlK4Q","Apr 23, 2016","Indonesia","Ijun Channel Bintang Asia","137","169108","https://www.youtube.com/channel/UC2ykkCz_Jcei_upCvHXlK4Q",,"0","2024-04-15T00:00:00.000Z",,,"https://www.youtube.com/@IjunChannelBintangAsia/shorts","xfo1Vq2OzVg",,"https://www.youtube.com/@IjunChannelBintangAsia/about","false","false",,"4",,"719","21",,,"https://i.ytimg.com/vi/xfo1Vq2OzVg/oar2.jpg?sqp=-oaymwEdCJUDENAFSFWQAgHyq4qpAwwIARUAAIhCcAHAAQY=&rs=AOn4CLBO-2WQyf889qge7Olfqs3l-YHY2A","penyebab daun berlubang pada melon","shorts","https://www.youtube.com/shorts/xfo1Vq2OzVg","316"
"https://yt3.googleusercontent.com/-eLLsRb4Uk9WIz-1mU0sfD2kUSKDcBpxvwLNaxoo5nh8SQkcRdmaoDN-AjB_MUeHbT_zpykTF5Q=s160-c-k-c0x00ffffff-no-rj","https://yt3.googleusercontent.com/v-cvSIUgxxDrJpDooECDLFN1LYWfgOtFkvcGtXTv4ww_qoOmquicfkXFK1IGU_8fP6jNd6gFXg=w2560-fcrop64=1,00005a57ffffa5a8-k-c0xffffffff-no-nd-rj","Chanel ini berisi tentang dunia pertanian","UC2ykkCz_Jcei_upCvHXlK4Q","Apr 23, 2016","Indonesia","Ijun Channel Bintang Asia","137","169108","https://www.youtube.com/channel/UC2ykkCz_Jcei_upCvHXlK4Q",,"0","2023-06-01T00:00:00.000Z",,,"https://www.youtube.com/@IjunChannelBintangAsia/shorts","L1cE4mvaVL8",,"https://www.youtube.com/@IjunChannelBintangAsia/about","false","false",,"5",,"719","72",,,"https://i.ytimg.com/vi/L1cE4mvaVL8/oar2.jpg?sqp=-oaymwEdCJUDENAFSFWQAgHyq4qpAwwIARUAAIhCcAHAAQY=&rs=AOn4CLBH-uDRVa_OZIK1gfOahLq1LsIjbQ","TOMAT KELERENG, TOMAT REMPAI","shorts","https://www.youtube.com/shorts/L1cE4mvaVL8","222"
"https://yt3.googleusercontent.com/-eLLsRb4Uk9WIz-1mU0sfD2kUSKDcBpxvwLNaxoo5nh8SQkcRdmaoDN-AjB_MUeHbT_zpykTF5Q=s160-c-k-c0x00ffffff-no-rj","https://yt3.googleusercontent.com/v-cvSIUgxxDrJpDooECDLFN1LYWfgOtFkvcGtXTv4ww_qoOmquicfkXFK1IGU_8fP6jNd6gFXg=w2560-fcrop64=1,00005a57ffffa5a8-k-c0xffffffff-no-nd-rj","Chanel ini berisi tentang dunia pertanian","UC2ykkCz_Jcei_upCvHXlK4Q","Apr 23, 2016","Indonesia","Ijun Channel Bintang Asia","137","169108","https://www.youtube.com/channel/UC2ykkCz_Jcei_upCvHXlK4Q",,"0","2024-04-24T00:00:00.000Z",,,"https://www.youtube.com/@IjunChannelBintangAsia/shorts","Gfxbyk4DWSI",,"https://www.youtube.com/@IjunChannelBintangAsia/about","false","false",,"3",,"719","20",,,"https://i.ytimg.com/vi/Gfxbyk4DWSI/oardefault.jpg?sqp=-oaymwEdCJUDENAFSFWQAgHyq4qpAwwIARUAAIhCcAHAAQY=&rs=AOn4CLAvnYMIvijyAhXihN0Rj2Ww9Vz7bw","labu balistik","shorts","https://www.youtube.com/shorts/Gfxbyk4DWSI","356"
"https://yt3.googleusercontent.com/-eLLsRb4Uk9WIz-1mU0sfD2kUSKDcBpxvwLNaxoo5nh8SQkcRdmaoDN-AjB_MUeHbT_zpykTF5Q=s160-c-k-c0x00ffffff-no-rj","https://yt3.googleusercontent.com/v-cvSIUgxxDrJpDooECDLFN1LYWfgOtFkvcGtXTv4ww_qoOmquicfkXFK1IGU_8fP6jNd6gFXg=w2560-fcrop64=1,00005a57ffffa5a8-k-c0xffffffff-no-nd-rj","Chanel ini berisi tentang dunia pertanian","UC2ykkCz_Jcei_upCvHXlK4Q","Apr 23, 2016","Indonesia","Ijun Channel Bintang Asia","137","169108","https://www.youtube.com/channel/UC2ykkCz_Jcei_upCvHXlK4Q",,"1","2024-04-25T00:00:00.000Z",,,"https://www.youtube.com/@IjunChannelBintangAsia/shorts","8RJ9m79Btsk",,"https://www.youtube.com/@IjunChannelBintangAsia/about","false","false",,"2",,"719","19",,,"https://i.ytimg.com/vi/8RJ9m79Btsk/oardefault.jpg?sqp=-oaymwEdCJUDENAFSFWQAgHyq4qpAwwIARUAAIhCcAHAAQY=&rs=AOn4CLDSR1nXZxrWEX00aKhgc6TIsxxw-g","semangka maduri f1 umur 10 hst, kiriman dari pak samsul","shorts","https://www.youtube.com/shorts/8RJ9m79Btsk","94"
"https://yt3.googleusercontent.com/-eLLsRb4Uk9WIz-1mU0sfD2kUSKDcBpxvwLNaxoo5nh8SQkcRdmaoDN-AjB_MUeHbT_zpykTF5Q=s160-c-k-c0x00ffffff-no-rj","https://yt3.googleusercontent.com/v-cvSIUgxxDrJpDooECDLFN1LYWfgOtFkvcGtXTv4ww_qoOmquicfkXFK1IGU_8fP6jNd6gFXg=w2560-fcrop64=1,00005a57ffffa5a8-k-c0xffffffff-no-nd-rj","Chanel ini berisi tentang dunia pertanian","UC2ykkCz_Jcei_upCvHXlK4Q","Apr 23, 2016","Indonesia","Ijun Channel Bintang Asia","137","169108","https://www.youtube.com/channel/UC2ykkCz_Jcei_upCvHXlK4Q",,"1","2024-04-28T00:00:00.000Z",,,"https://www.youtube.com/@IjunChannelBintangAsia/shorts","pEV81jtV6HE",,"https://www.youtube.com/@IjunChannelBintangAsia/about","false","false",,"7",,"719","18",,,"https://i.ytimg.com/vi/pEV81jtV6HE/oar2.jpg?sqp=-oaymwEdCJUDENAFSFWQAgHyq4qpAwwIARUAAIhCcAHAAQY=&rs=AOn4CLD1jHoAjrexGPqXYcrDmcd0cv1SOA","cabe rawit sigantung","shorts","https://www.youtube.com/shorts/pEV81jtV6HE","494"
"https://yt3.googleusercontent.com/-eLLsRb4Uk9WIz-1mU0sfD2kUSKDcBpxvwLNaxoo5nh8SQkcRdmaoDN-AjB_MUeHbT_zpykTF5Q=s160-c-k-c0x00ffffff-no-rj","https://yt3.googleusercontent.com/v-cvSIUgxxDrJpDooECDLFN1LYWfgOtFkvcGtXTv4ww_qoOmquicfkXFK1IGU_8fP6jNd6gFXg=w2560-fcrop64=1,00005a57ffffa5a8-k-c0xffffffff-no-nd-rj","Chanel ini berisi tentang dunia pertanian","UC2ykkCz_Jcei_upCvHXlK4Q","Apr 23, 2016","Indonesia","Ijun Channel Bintang Asia","137","169108","https://www.youtube.com/channel/UC2ykkCz_Jcei_upCvHXlK4Q",,"3","2024-04-29T00:00:00.000Z",,,"https://www.youtube.com/@IjunChannelBintangAsia/shorts","nsjMcujr3LQ",,"https://www.youtube.com/@IjunChannelBintangAsia/about","false","false",,"7",,"719","17",,,"https://i.ytimg.com/vi/nsjMcujr3LQ/oar2.jpg?sqp=-oaymwEdCJUDENAFSFWQAgHyq4qpAwwIARUAAIhCcAHAAQY=&rs=AOn4CLAB-GtqM9ZD-COvwokoKKdiFeOtZg","semangka maduri f1. di desa gedangan sumobito jombang","shorts","https://www.youtube.com/shorts/nsjMcujr3LQ","466"
"https://yt3.googleusercontent.com/-eLLsRb4Uk9WIz-1mU0sfD2kUSKDcBpxvwLNaxoo5nh8SQkcRdmaoDN-AjB_MUeHbT_zpykTF5Q=s160-c-k-c0x00ffffff-no-rj","https://yt3.googleusercontent.com/v-cvSIUgxxDrJpDooECDLFN1LYWfgOtFkvcGtXTv4ww_qoOmquicfkXFK1IGU_8fP6jNd6gFXg=w2560-fcrop64=1,00005a57ffffa5a8-k-c0xffffffff-no-nd-rj","Chanel ini berisi tentang dunia pertanian","UC2ykkCz_Jcei_upCvHXlK4Q","Apr 23, 2016","Indonesia","Ijun Channel Bintang Asia","137","169108","https://www.youtube.com/channel/UC2ykkCz_Jcei_upCvHXlK4Q",,"0","2024-07-01T00:00:00.000Z",,,"https://www.youtube.com/@IjunChannelBintangAsia/shorts","7RAgyu7xtj8",,"https://www.youtube.com/@IjunChannelBintangAsia/about","false","false",,"5",,"719","9",,,"https://i.ytimg.com/vi/7RAgyu7xtj8/oar2.jpg?sqp=-oaymwEdCJUDENAFSFWQAgHyq4qpAwwIARUAAIhCcAHAAQY=&rs=AOn4CLDNf-JkH8R392HYKfoRsAmrJZk2-Q","semangka inden f1 sistem lanjaran","shorts","https://www.youtube.com/shorts/7RAgyu7xtj8","471"
"https://yt3.googleusercontent.com/-eLLsRb4Uk9WIz-1mU0sfD2kUSKDcBpxvwLNaxoo5nh8SQkcRdmaoDN-AjB_MUeHbT_zpykTF5Q=s160-c-k-c0x00ffffff-no-rj","https://yt3.googleusercontent.com/v-cvSIUgxxDrJpDooECDLFN1LYWfgOtFkvcGtXTv4ww_qoOmquicfkXFK1IGU_8fP6jNd6gFXg=w2560-fcrop64=1,00005a57ffffa5a8-k-c0xffffffff-no-nd-rj","Chanel ini berisi tentang dunia pertanian","UC2ykkCz_Jcei_upCvHXlK4Q","Apr 23, 2016","Indonesia","Ijun Channel Bintang Asia","137","169108","https://www.youtube.com/channel/UC2ykkCz_Jcei_upCvHXlK4Q",,"4","2024-09-03T00:00:00.000Z",,,"https://www.youtube.com/@IjunChannelBintangAsia/shorts","LgDhy1A2H6M",,"https://www.youtube.com/@IjunChannelBintangAsia/about","false","false",,"2",,"719","7",,,"https://i.ytimg.com/vi/LgDhy1A2H6M/oardefault.jpg?sqp=-oaymwEdCJUDENAFSFWQAgHyq4qpAwwIARUAAIhCcAHAAQY=&rs=AOn4CLCwChRPDktFv-ZweuydJrjXKzHwkw","Jagung hibrida betras 10","shorts","https://www.youtube.com/shorts/LgDhy1A2H6M","531"
"https://yt3.googleusercontent.com/-eLLsRb4Uk9WIz-1mU0sfD2kUSKDcBpxvwLNaxoo5nh8SQkcRdmaoDN-AjB_MUeHbT_zpykTF5Q=s160-c-k-c0x00ffffff-no-rj","https://yt3.googleusercontent.com/v-cvSIUgxxDrJpDooECDLFN1LYWfgOtFkvcGtXTv4ww_qoOmquicfkXFK1IGU_8fP6jNd6gFXg=w2560-fcrop64=1,00005a57ffffa5a8-k-c0xffffffff-no-nd-rj","Chanel ini berisi tentang dunia pertanian","UC2ykkCz_Jcei_upCvHXlK4Q","Apr 23, 2016","Indonesia","Ijun Channel Bintang Asia","137","169108","https://www.youtube.com/channel/UC2ykkCz_Jcei_upCvHXlK4Q",,"1","2024-09-11T00:00:00.000Z",,,"https://www.youtube.com/@IjunChannelBintangAsia/shorts","UN94Oj6YxCo",,"https://www.youtube.com/@IjunChannelBintangAsia/about","false","false",,"3",,"719","6",,,"https://i.ytimg.com/vi/UN94Oj6YxCo/oar2.jpg?sqp=-oaymwEdCJUDENAFSFWQAgHyq4qpAwwIARUAAIhCcAHAAQY=&rs=AOn4CLChAKW3CJBaIOmG0iVk36QAfuxuvw","Cabai besar hagan f1","shorts","https://www.youtube.com/shorts/UN94Oj6YxCo","211"
"https://yt3.googleusercontent.com/-eLLsRb4Uk9WIz-1mU0sfD2kUSKDcBpxvwLNaxoo5nh8SQkcRdmaoDN-AjB_MUeHbT_zpykTF5Q=s160-c-k-c0x00ffffff-no-rj","https://yt3.googleusercontent.com/v-cvSIUgxxDrJpDooECDLFN1LYWfgOtFkvcGtXTv4ww_qoOmquicfkXFK1IGU_8fP6jNd6gFXg=w2560-fcrop64=1,00005a57ffffa5a8-k-c0xffffffff-no-nd-rj","Chanel ini berisi tentang dunia pertanian","UC2ykkCz_Jcei_upCvHXlK4Q","Apr 23, 2016","Indonesia","Ijun Channel Bintang Asia","137","169108","https://www.youtube.com/channel/UC2ykkCz_Jcei_upCvHXlK4Q",,"0","2024-05-28T00:00:00.000Z",,,"https://www.youtube.com/@IjunChannelBintangAsia/shorts","K5R07INgtQA",,"https://www.youtube.com/@IjunChannelBintangAsia/about","false","false",,"5",,"719","12",,,"https://i.ytimg.com/vi/K5R07INgtQA/oar2.jpg?sqp=-oaymwEdCJUDENAFSFWQAgHyq4qpAwwIARUAAIhCcAHAAQY=&rs=AOn4CLCIPAzBr4tgbGOm7zZi7U7CfuUiyA","panen semangka maduri f1","shorts","https://www.youtube.com/shorts/K5R07INgtQA","498"
"https://yt3.googleusercontent.com/-eLLsRb4Uk9WIz-1mU0sfD2kUSKDcBpxvwLNaxoo5nh8SQkcRdmaoDN-AjB_MUeHbT_zpykTF5Q=s160-c-k-c0x00ffffff-no-rj","https://yt3.googleusercontent.com/v-cvSIUgxxDrJpDooECDLFN1LYWfgOtFkvcGtXTv4ww_qoOmquicfkXFK1IGU_8fP6jNd6gFXg=w2560-fcrop64=1,00005a57ffffa5a8-k-c0xffffffff-no-nd-rj","Chanel ini berisi tentang dunia pertanian","UC2ykkCz_Jcei_upCvHXlK4Q","Apr 23, 2016","Indonesia","Ijun Channel Bintang Asia","137","169108","https://www.youtube.com/channel/UC2ykkCz_Jcei_upCvHXlK4Q",,"1","2024-04-30T00:00:00.000Z",,,"https://www.youtube.com/@IjunChannelBintangAsia/shorts","PpannvMQTu4",,"https://www.youtube.com/@IjunChannelBintangAsia/about","false","false",,"4",,"719","16",,,"https://i.ytimg.com/vi/PpannvMQTu4/oar2.jpg?sqp=-oaymwEdCJUDENAFSFWQAgHyq4qpAwwIARUAAIhCcAHAAQY=&rs=AOn4CLBOfdJdjHJIuxsJL7iL3ob7JHKj6g","semangka perawatan mudah","shorts","https://www.youtube.com/shorts/PpannvMQTu4","477"
"https://yt3.googleusercontent.com/-eLLsRb4Uk9WIz-1mU0sfD2kUSKDcBpxvwLNaxoo5nh8SQkcRdmaoDN-AjB_MUeHbT_zpykTF5Q=s160-c-k-c0x00ffffff-no-rj","https://yt3.googleusercontent.com/v-cvSIUgxxDrJpDooECDLFN1LYWfgOtFkvcGtXTv4ww_qoOmquicfkXFK1IGU_8fP6jNd6gFXg=w2560-fcrop64=1,00005a57ffffa5a8-k-c0xffffffff-no-nd-rj","Chanel ini berisi tentang dunia pertanian","UC2ykkCz_Jcei_upCvHXlK4Q","Apr 23, 2016","Indonesia","Ijun Channel Bintang Asia","137","169108","https://www.youtube.com/channel/UC2ykkCz_Jcei_upCvHXlK4Q",,"0","2024-06-15T00:00:00.000Z",,,"https://www.youtube.com/@IjunChannelBintangAsia/shorts","jNaURw9arac",,"https://www.youtube.com/@IjunChannelBintangAsia/about","false","false",,"3",,"719","10",,,"https://i.ytimg.com/vi/jNaURw9arac/oardefault.jpg?sqp=-oaymwEdCJUDENAFSFWQAgHyq4qpAwwIARUAAIhCcAHAAQY=&rs=AOn4CLBdrfY0iWQ-J_eiQqulxG1yg_NFXA","Labu Pulen F1 (labu madu)","shorts","https://www.youtube.com/shorts/jNaURw9arac","581"
"https://yt3.googleusercontent.com/-eLLsRb4Uk9WIz-1mU0sfD2kUSKDcBpxvwLNaxoo5nh8SQkcRdmaoDN-AjB_MUeHbT_zpykTF5Q=s160-c-k-c0x00ffffff-no-rj","https://yt3.googleusercontent.com/v-cvSIUgxxDrJpDooECDLFN1LYWfgOtFkvcGtXTv4ww_qoOmquicfkXFK1IGU_8fP6jNd6gFXg=w2560-fcrop64=1,00005a57ffffa5a8-k-c0xffffffff-no-nd-rj","Chanel ini berisi tentang dunia pertanian","UC2ykkCz_Jcei_upCvHXlK4Q","Apr 23, 2016","Indonesia","Ijun Channel Bintang Asia","137","169108","https://www.youtube.com/channel/UC2ykkCz_Jcei_upCvHXlK4Q",,"1","2024-05-30T00:00:00.000Z",,,"https://www.youtube.com/@IjunChannelBintangAsia/shorts","_LS7clPd_jo",,"https://www.youtube.com/@IjunChannelBintangAsia/about","false","false",,"3",,"719","11",,,"https://i.ytimg.com/vi/_LS7clPd_jo/oar2.jpg?sqp=-oaymwEdCJUDENAFSFWQAgHyq4qpAwwIARUAAIhCcAHAAQY=&rs=AOn4CLCELTl5Bc000wAj4sYkC1zoVjhkNg","cabai besar hagan f1","shorts","https://www.youtube.com/shorts/_LS7clPd_jo","381"
"https://yt3.googleusercontent.com/-eLLsRb4Uk9WIz-1mU0sfD2kUSKDcBpxvwLNaxoo5nh8SQkcRdmaoDN-AjB_MUeHbT_zpykTF5Q=s160-c-k-c0x00ffffff-no-rj","https://yt3.googleusercontent.com/v-cvSIUgxxDrJpDooECDLFN1LYWfgOtFkvcGtXTv4ww_qoOmquicfkXFK1IGU_8fP6jNd6gFXg=w2560-fcrop64=1,00005a57ffffa5a8-k-c0xffffffff-no-nd-rj","Chanel ini berisi tentang dunia pertanian","UC2ykkCz_Jcei_upCvHXlK4Q","Apr 23, 2016","Indonesia","Ijun Channel Bintang Asia","137","169108","https://www.youtube.com/channel/UC2ykkCz_Jcei_upCvHXlK4Q",,"0","2024-05-22T00:00:00.000Z",,,"https://www.youtube.com/@IjunChannelBintangAsia/shorts","Q1JS0lFrqWk",,"https://www.youtube.com/@IjunChannelBintangAsia/about","false","false",,"4",,"719","13",,,"https://i.ytimg.com/vi/Q1JS0lFrqWk/oardefault.jpg?sqp=-oaymwEdCJUDENAFSFWQAgHyq4qpAwwIARUAAIhCcAHAAQY=&rs=AOn4CLAb6nEW3FLoJnckHUt5MZXlUTe68A","mari tanam semangka maduri","shorts","https://www.youtube.com/shorts/Q1JS0lFrqWk","474"
"https://yt3.googleusercontent.com/-eLLsRb4Uk9WIz-1mU0sfD2kUSKDcBpxvwLNaxoo5nh8SQkcRdmaoDN-AjB_MUeHbT_zpykTF5Q=s160-c-k-c0x00ffffff-no-rj","https://yt3.googleusercontent.com/v-cvSIUgxxDrJpDooECDLFN1LYWfgOtFkvcGtXTv4ww_qoOmquicfkXFK1IGU_8fP6jNd6gFXg=w2560-fcrop64=1,00005a57ffffa5a8-k-c0xffffffff-no-nd-rj","Chanel ini berisi tentang dunia pertanian","UC2ykkCz_Jcei_upCvHXlK4Q","Apr 23, 2016","Indonesia","Ijun Channel Bintang Asia","137","169108","https://www.youtube.com/channel/UC2ykkCz_Jcei_upCvHXlK4Q",,"3","2024-09-13T00:00:00.000Z",,,"https://www.youtube.com/@IjunChannelBintangAsia/shorts","RWMSkd2Bc3A",,"https://www.youtube.com/@IjunChannelBintangAsia/about","false","false",,"7",,"719","5",,,"https://i.ytimg.com/vi/RWMSkd2Bc3A/oar2.jpg?sqp=-oaymwEdCJUDENAFSFWQAgHyq4qpAwwIARUAAIhCcAHAAQY=&rs=AOn4CLBQ9NXMnQdfapgx6tFhA7e0Ut2KgQ","Petani menanam semangka maduri dan indenn","shorts","https://www.youtube.com/shorts/RWMSkd2Bc3A","568"
"https://yt3.googleusercontent.com/-eLLsRb4Uk9WIz-1mU0sfD2kUSKDcBpxvwLNaxoo5nh8SQkcRdmaoDN-AjB_MUeHbT_zpykTF5Q=s160-c-k-c0x00ffffff-no-rj","https://yt3.googleusercontent.com/v-cvSIUgxxDrJpDooECDLFN1LYWfgOtFkvcGtXTv4ww_qoOmquicfkXFK1IGU_8fP6jNd6gFXg=w2560-fcrop64=1,00005a57ffffa5a8-k-c0xffffffff-no-nd-rj","Chanel ini berisi tentang dunia pertanian","UC2ykkCz_Jcei_upCvHXlK4Q","Apr 23, 2016","Indonesia","Ijun Channel Bintang Asia","137","169108","https://www.youtube.com/channel/UC2ykkCz_Jcei_upCvHXlK4Q",,"1","2024-05-01T00:00:00.000Z",,,"https://www.youtube.com/@IjunChannelBintangAsia/shorts","c4yyvAmvees",,"https://www.youtube.com/@IjunChannelBintangAsia/about","false","false",,"7",,"719","15",,,"https://i.ytimg.com/vi/c4yyvAmvees/oar2.jpg?sqp=-oaymwEdCJUDENAFSFWQAgHyq4qpAwwIARUAAIhCcAHAAQY=&rs=AOn4CLCFfyEEc5bG_gxIibyVAWkDpNh2qQ","kunci sukses bertani","shorts","https://www.youtube.com/shorts/c4yyvAmvees","610"
"https://yt3.googleusercontent.com/-eLLsRb4Uk9WIz-1mU0sfD2kUSKDcBpxvwLNaxoo5nh8SQkcRdmaoDN-AjB_MUeHbT_zpykTF5Q=s160-c-k-c0x00ffffff-no-rj","https://yt3.googleusercontent.com/v-cvSIUgxxDrJpDooECDLFN1LYWfgOtFkvcGtXTv4ww_qoOmquicfkXFK1IGU_8fP6jNd6gFXg=w2560-fcrop64=1,00005a57ffffa5a8-k-c0xffffffff-no-nd-rj","Chanel ini berisi tentang dunia pertanian","UC2ykkCz_Jcei_upCvHXlK4Q","Apr 23, 2016","Indonesia","Ijun Channel Bintang Asia","137","169108","https://www.youtube.com/channel/UC2ykkCz_Jcei_upCvHXlK4Q",,"0","2024-05-02T00:00:00.000Z",,,"https://www.youtube.com/@IjunChannelBintangAsia/shorts","oTyBTwiOH4U",,"https://www.youtube.com/@IjunChannelBintangAsia/about","false","false",,"4",,"719","14",,,"https://i.ytimg.com/vi/oTyBTwiOH4U/oar2.jpg?sqp=-oaymwEdCJUDENAFSFWQAgHyq4qpAwwIARUAAIhCcAHAAQY=&rs=AOn4CLCNAL0PjMM6TlxOGVNs27iiIAAKEg","tanam kebahagiaan bersama maduri f1","shorts","https://www.youtube.com/shorts/oTyBTwiOH4U","550"
"https://yt3.googleusercontent.com/-eLLsRb4Uk9WIz-1mU0sfD2kUSKDcBpxvwLNaxoo5nh8SQkcRdmaoDN-AjB_MUeHbT_zpykTF5Q=s160-c-k-c0x00ffffff-no-rj","https://yt3.googleusercontent.com/v-cvSIUgxxDrJpDooECDLFN1LYWfgOtFkvcGtXTv4ww_qoOmquicfkXFK1IGU_8fP6jNd6gFXg=w2560-fcrop64=1,00005a57ffffa5a8-k-c0xffffffff-no-nd-rj","Chanel ini berisi tentang dunia pertanian","UC2ykkCz_Jcei_upCvHXlK4Q","Apr 23, 2016","Indonesia","Ijun Channel Bintang Asia","137","169108","https://www.youtube.com/channel/UC2ykkCz_Jcei_upCvHXlK4Q",,"0","2024-09-14T00:00:00.000Z",,,"https://www.youtube.com/@IjunChannelBintangAsia/shorts","l9HT0mqs-4A",,"https://www.youtube.com/@IjunChannelBintangAsia/about","false","false",,"2",,"719","4",,,"https://i.ytimg.com/vi/l9HT0mqs-4A/oar2.jpg?sqp=-oaymwEdCJUDENAFSFWQAgHyq4qpAwwIARUAAIhCcAHAAQY=&rs=AOn4CLB5JFBUhv93u311dkXG1Lc8FMZxRA","Alasan bpk kamim menanam semangma maduri","shorts","https://www.youtube.com/shorts/l9HT0mqs-4A","1205"
"https://yt3.googleusercontent.com/-eLLsRb4Uk9WIz-1mU0sfD2kUSKDcBpxvwLNaxoo5nh8SQkcRdmaoDN-AjB_MUeHbT_zpykTF5Q=s160-c-k-c0x00ffffff-no-rj","https://yt3.googleusercontent.com/v-cvSIUgxxDrJpDooECDLFN1LYWfgOtFkvcGtXTv4ww_qoOmquicfkXFK1IGU_8fP6jNd6gFXg=w2560-fcrop64=1,00005a57ffffa5a8-k-c0xffffffff-no-nd-rj","Chanel ini berisi tentang dunia pertanian","UC2ykkCz_Jcei_upCvHXlK4Q","Apr 23, 2016","Indonesia","Ijun Channel Bintang Asia","137","169108","https://www.youtube.com/channel/UC2ykkCz_Jcei_upCvHXlK4Q",,"10","2023-09-17T00:00:00.000Z",,,"https://www.youtube.com/@IjunChannelBintangAsia/shorts","CB5nnJvlUks",,"https://www.youtube.com/@IjunChannelBintangAsia/about","false","false",,"12",,"719","46",,,"https://i.ytimg.com/vi/CB5nnJvlUks/oar2.jpg?sqp=-oaymwEdCJUDENAFSFWQAgHyq4qpAwwIARUAAIhCcAHAAQY=&rs=AOn4CLDSDwjQ7gsLuIoxFV8DYHrgFfqUWQ","SEMANGKA MADU VARIETAS INDEN F1","shorts","https://www.youtube.com/shorts/CB5nnJvlUks","880"
"https://yt3.googleusercontent.com/-eLLsRb4Uk9WIz-1mU0sfD2kUSKDcBpxvwLNaxoo5nh8SQkcRdmaoDN-AjB_MUeHbT_zpykTF5Q=s160-c-k-c0x00ffffff-no-rj","https://yt3.googleusercontent.com/v-cvSIUgxxDrJpDooECDLFN1LYWfgOtFkvcGtXTv4ww_qoOmquicfkXFK1IGU_8fP6jNd6gFXg=w2560-fcrop64=1,00005a57ffffa5a8-k-c0xffffffff-no-nd-rj","Chanel ini berisi tentang dunia pertanian","UC2ykkCz_Jcei_upCvHXlK4Q","Apr 23, 2016","Indonesia","Ijun Channel Bintang Asia","137","169108","https://www.youtube.com/channel/UC2ykkCz_Jcei_upCvHXlK4Q",,"0","2024-09-15T00:00:00.000Z",,,"https://www.youtube.com/@IjunChannelBintangAsia/shorts","iSdwXN5WMAg",,"https://www.youtube.com/@IjunChannelBintangAsia/about","false","false",,"3",,"719","3",,,"https://i.ytimg.com/vi/iSdwXN5WMAg/oar2.jpg?sqp=-oaymwEdCJ0EENAFSFWQAgHyq4qpAwwIARUAAIhCcAHAAQY=&rs=AOn4CLCQOeBAma_jxI8zdCLrfXojX9xpSw","Cabai keriting cmk tavi","shorts","https://www.youtube.com/shorts/iSdwXN5WMAg","269"
"https://yt3.googleusercontent.com/-eLLsRb4Uk9WIz-1mU0sfD2kUSKDcBpxvwLNaxoo5nh8SQkcRdmaoDN-AjB_MUeHbT_zpykTF5Q=s160-c-k-c0x00ffffff-no-rj","https://yt3.googleusercontent.com/v-cvSIUgxxDrJpDooECDLFN1LYWfgOtFkvcGtXTv4ww_qoOmquicfkXFK1IGU_8fP6jNd6gFXg=w2560-fcrop64=1,00005a57ffffa5a8-k-c0xffffffff-no-nd-rj","Chanel ini berisi tentang dunia pertanian","UC2ykkCz_Jcei_upCvHXlK4Q","Apr 23, 2016","Indonesia","Ijun Channel Bintang Asia","137","169108","https://www.youtube.com/channel/UC2ykkCz_Jcei_upCvHXlK4Q",,"13","2024-09-15T00:00:00.000Z",,,"https://www.youtube.com/@IjunChannelBintangAsia/shorts","ukE2DZt8hho",,"https://www.youtube.com/@IjunChannelBintangAsia/about","false","false",,"11",,"719","2",,,"https://i.ytimg.com/vi/ukE2DZt8hho/oar2.jpg?sqp=-oaymwEdCJUDENAFSFWQAgHyq4qpAwwIARUAAIhCcAHAAQY=&rs=AOn4CLDJhwRcFNFU70LTW4Gmgy8tjVGuTA","Alasan pak masrukin menanam semangka maduri dan inden","shorts","https://www.youtube.com/shorts/ukE2DZt8hho","516"
"https://yt3.googleusercontent.com/-eLLsRb4Uk9WIz-1mU0sfD2kUSKDcBpxvwLNaxoo5nh8SQkcRdmaoDN-AjB_MUeHbT_zpykTF5Q=s160-c-k-c0x00ffffff-no-rj","https://yt3.googleusercontent.com/v-cvSIUgxxDrJpDooECDLFN1LYWfgOtFkvcGtXTv4ww_qoOmquicfkXFK1IGU_8fP6jNd6gFXg=w2560-fcrop64=1,00005a57ffffa5a8-k-c0xffffffff-no-nd-rj","Chanel ini berisi tentang dunia pertanian","UC2ykkCz_Jcei_upCvHXlK4Q","Apr 23, 2016","Indonesia","Ijun Channel Bintang Asia","137","169108","https://www.youtube.com/channel/UC2ykkCz_Jcei_upCvHXlK4Q",,"11","2023-09-20T00:00:00.000Z",,,"https://www.youtube.com/@IjunChannelBintangAsia/shorts","v1ZCR50hkR8",,"https://www.youtube.com/@IjunChannelBintangAsia/about","false","false",,"10",,"719","43",,,"https://i.ytimg.com/vi/v1ZCR50hkR8/hq720.jpg?sqp=-oaymwEdCJUDENAFSFXyq4qpAw8IARUAAIhCcAHAAQbQAQE=&rs=AOn4CLCHwNGCpylqZ7MnN8UlDhg1v541Jw","ROCK MELON BOMER FULL VIDIO https://youtu.be/9amwD6H9o64?si=0ga4uJwkBls8oM0h","shorts","https://www.youtube.com/shorts/v1ZCR50hkR8","437"
"https://yt3.googleusercontent.com/-eLLsRb4Uk9WIz-1mU0sfD2kUSKDcBpxvwLNaxoo5nh8SQkcRdmaoDN-AjB_MUeHbT_zpykTF5Q=s160-c-k-c0x00ffffff-no-rj","https://yt3.googleusercontent.com/v-cvSIUgxxDrJpDooECDLFN1LYWfgOtFkvcGtXTv4ww_qoOmquicfkXFK1IGU_8fP6jNd6gFXg=w2560-fcrop64=1,00005a57ffffa5a8-k-c0xffffffff-no-nd-rj","Chanel ini berisi tentang dunia pertanian","UC2ykkCz_Jcei_upCvHXlK4Q","Apr 23, 2016","Indonesia","Ijun Channel Bintang Asia","137","169108","https://www.youtube.com/channel/UC2ykkCz_Jcei_upCvHXlK4Q",,"0","2024-09-16T00:00:00.000Z",,,"https://www.youtube.com/@IjunChannelBintangAsia/shorts","MeM_NqZSQsY",,"https://www.youtube.com/@IjunChannelBintangAsia/about","false","false",,"1",,"719","0",,,"https://i.ytimg.com/vi/MeM_NqZSQsY/oar2.jpg?sqp=-oaymwEdCJUDENAFSFWQAgHyq4qpAwwIARUAAIhCcAHAAQY=&rs=AOn4CLDBaSqo2DUSB7VE5nySOUXrBI46OQ","Pemupukan melon dengan cara di kocor","shorts","https://www.youtube.com/shorts/MeM_NqZSQsY","418"
"https://yt3.googleusercontent.com/-eLLsRb4Uk9WIz-1mU0sfD2kUSKDcBpxvwLNaxoo5nh8SQkcRdmaoDN-AjB_MUeHbT_zpykTF5Q=s160-c-k-c0x00ffffff-no-rj","https://yt3.googleusercontent.com/v-cvSIUgxxDrJpDooECDLFN1LYWfgOtFkvcGtXTv4ww_qoOmquicfkXFK1IGU_8fP6jNd6gFXg=w2560-fcrop64=1,00005a57ffffa5a8-k-c0xffffffff-no-nd-rj","Chanel ini berisi tentang dunia pertanian","UC2ykkCz_Jcei_upCvHXlK4Q","Apr 23, 2016","Indonesia","Ijun Channel Bintang Asia","137","169108","https://www.youtube.com/channel/UC2ykkCz_Jcei_upCvHXlK4Q",,"1","2023-09-22T00:00:00.000Z",,,"https://www.youtube.com/@IjunChannelBintangAsia/shorts","ymT0KGN-NHo",,"https://www.youtube.com/@IjunChannelBintangAsia/about","false","false",,"2",,"719","42",,,"https://i.ytimg.com/vi/ymT0KGN-NHo/oar2.jpg?sqp=-oaymwEdCJUDENAFSFWQAgHyq4qpAwwIARUAAIhCcAHAAQY=&rs=AOn4CLA4q9zjXwzSZsBGXCXPA_Ba_6GhBg","PANEN SEMANGKA","shorts","https://www.youtube.com/shorts/ymT0KGN-NHo","208"
"https://yt3.googleusercontent.com/-eLLsRb4Uk9WIz-1mU0sfD2kUSKDcBpxvwLNaxoo5nh8SQkcRdmaoDN-AjB_MUeHbT_zpykTF5Q=s160-c-k-c0x00ffffff-no-rj","https://yt3.googleusercontent.com/v-cvSIUgxxDrJpDooECDLFN1LYWfgOtFkvcGtXTv4ww_qoOmquicfkXFK1IGU_8fP6jNd6gFXg=w2560-fcrop64=1,00005a57ffffa5a8-k-c0xffffffff-no-nd-rj","Chanel ini berisi tentang dunia pertanian","UC2ykkCz_Jcei_upCvHXlK4Q","Apr 23, 2016","Indonesia","Ijun Channel Bintang Asia","137","169108","https://www.youtube.com/channel/UC2ykkCz_Jcei_upCvHXlK4Q",,"4","2023-09-16T00:00:00.000Z",,,"https://www.youtube.com/@IjunChannelBintangAsia/shorts","US9_LTG8TX0",,"https://www.youtube.com/@IjunChannelBintangAsia/about","false","false",,"18",,"719","47",,,"https://i.ytimg.com/vi/US9_LTG8TX0/oar2.jpg?sqp=-oaymwEdCJUDENAFSFWQAgHyq4qpAwwIARUAAIhCcAHAAQY=&rs=AOn4CLAiGYDYuhQiJRNNDy3-iHAFjKPZPw","PANEN MELON MERLIN","shorts","https://www.youtube.com/shorts/US9_LTG8TX0","2817"
"https://yt3.googleusercontent.com/-eLLsRb4Uk9WIz-1mU0sfD2kUSKDcBpxvwLNaxoo5nh8SQkcRdmaoDN-AjB_MUeHbT_zpykTF5Q=s160-c-k-c0x00ffffff-no-rj","https://yt3.googleusercontent.com/v-cvSIUgxxDrJpDooECDLFN1LYWfgOtFkvcGtXTv4ww_qoOmquicfkXFK1IGU_8fP6jNd6gFXg=w2560-fcrop64=1,00005a57ffffa5a8-k-c0xffffffff-no-nd-rj","Chanel ini berisi tentang dunia pertanian","UC2ykkCz_Jcei_upCvHXlK4Q","Apr 23, 2016","Indonesia","Ijun Channel Bintang Asia","137","169108","https://www.youtube.com/channel/UC2ykkCz_Jcei_upCvHXlK4Q",,"0","2024-09-16T00:00:00.000Z",,,"https://www.youtube.com/@IjunChannelBintangAsia/shorts","S6lxh_vYG9s",,"https://www.youtube.com/@IjunChannelBintangAsia/about","false","false",,"7",,"719","1",,,"https://i.ytimg.com/vi/S6lxh_vYG9s/oar2.jpg?sqp=-oaymwEdCJUDENAFSFWQAgHyq4qpAwwIARUAAIhCcAHAAQY=&rs=AOn4CLAcOFlfaXOB4Upn-b9UvX9_zJ-Qcw","Jagung hibrida betras 9","shorts","https://www.youtube.com/shorts/S6lxh_vYG9s","514"
"https://yt3.googleusercontent.com/-eLLsRb4Uk9WIz-1mU0sfD2kUSKDcBpxvwLNaxoo5nh8SQkcRdmaoDN-AjB_MUeHbT_zpykTF5Q=s160-c-k-c0x00ffffff-no-rj","https://yt3.googleusercontent.com/v-cvSIUgxxDrJpDooECDLFN1LYWfgOtFkvcGtXTv4ww_qoOmquicfkXFK1IGU_8fP6jNd6gFXg=w2560-fcrop64=1,00005a57ffffa5a8-k-c0xffffffff-no-nd-rj","Chanel ini berisi tentang dunia pertanian","UC2ykkCz_Jcei_upCvHXlK4Q","Apr 23, 2016","Indonesia","Ijun Channel Bintang Asia","137","169108","https://www.youtube.com/channel/UC2ykkCz_Jcei_upCvHXlK4Q",,"0","2023-09-18T00:00:00.000Z",,,"https://www.youtube.com/@IjunChannelBintangAsia/shorts","BcSOmp0KM54",,"https://www.youtube.com/@IjunChannelBintangAsia/about","false","false",,"3",,"719","45",,,"https://i.ytimg.com/vi/BcSOmp0KM54/oar2.jpg?sqp=-oaymwEdCJUDENAFSFWQAgHyq4qpAwwIARUAAIhCcAHAAQY=&rs=AOn4CLAFbexXdI-I65Rm_K3lHR0WBfZnVg","EMAS HIJAU DI BALIK DAUN","shorts","https://www.youtube.com/shorts/BcSOmp0KM54","525"
"https://yt3.googleusercontent.com/-eLLsRb4Uk9WIz-1mU0sfD2kUSKDcBpxvwLNaxoo5nh8SQkcRdmaoDN-AjB_MUeHbT_zpykTF5Q=s160-c-k-c0x00ffffff-no-rj","https://yt3.googleusercontent.com/v-cvSIUgxxDrJpDooECDLFN1LYWfgOtFkvcGtXTv4ww_qoOmquicfkXFK1IGU_8fP6jNd6gFXg=w2560-fcrop64=1,00005a57ffffa5a8-k-c0xffffffff-no-nd-rj","Chanel ini berisi tentang dunia pertanian","UC2ykkCz_Jcei_upCvHXlK4Q","Apr 23, 2016","Indonesia","Ijun Channel Bintang Asia","137","169108","https://www.youtube.com/channel/UC2ykkCz_Jcei_upCvHXlK4Q",,"13","2023-09-22T00:00:00.000Z",,,"https://www.youtube.com/@IjunChannelBintangAsia/shorts","wGIiM0Db8oc",,"https://www.youtube.com/@IjunChannelBintangAsia/about","false","false",,"7",,"719","41",,,"https://i.ytimg.com/vi/wGIiM0Db8oc/oar2.jpg?sqp=-oaymwEdCJUDENAFSFWQAgHyq4qpAwwIARUAAIhCcAHAAQY=&rs=AOn4CLCXIw8pViflbJdvYsrJtEICE6vVlA","PANEN SEMANGKA INDEN","shorts","https://www.youtube.com/shorts/wGIiM0Db8oc","876"
"https://yt3.googleusercontent.com/-eLLsRb4Uk9WIz-1mU0sfD2kUSKDcBpxvwLNaxoo5nh8SQkcRdmaoDN-AjB_MUeHbT_zpykTF5Q=s160-c-k-c0x00ffffff-no-rj","https://yt3.googleusercontent.com/v-cvSIUgxxDrJpDooECDLFN1LYWfgOtFkvcGtXTv4ww_qoOmquicfkXFK1IGU_8fP6jNd6gFXg=w2560-fcrop64=1,00005a57ffffa5a8-k-c0xffffffff-no-nd-rj","Chanel ini berisi tentang dunia pertanian","UC2ykkCz_Jcei_upCvHXlK4Q","Apr 23, 2016","Indonesia","Ijun Channel Bintang Asia","137","169108","https://www.youtube.com/channel/UC2ykkCz_Jcei_upCvHXlK4Q",,"2","2024-01-25T00:00:00.000Z",,,"https://www.youtube.com/@IjunChannelBintangAsia/shorts","v0gEiX1kpYg",,"https://www.youtube.com/@IjunChannelBintangAsia/about","false","false",,"6",,"719","30",,,"https://i.ytimg.com/vi/v0gEiX1kpYg/oar2.jpg?sqp=-oaymwEdCJUDENAFSFWQAgHyq4qpAwwIARUAAIhCcAHAAQY=&rs=AOn4CLD6_HOvpKlrMZUG71OsShvCDMI8Ow","MELON KABITA TIPE HONEY DEW","shorts","https://www.youtube.com/shorts/v0gEiX1kpYg","488"
"https://yt3.googleusercontent.com/-eLLsRb4Uk9WIz-1mU0sfD2kUSKDcBpxvwLNaxoo5nh8SQkcRdmaoDN-AjB_MUeHbT_zpykTF5Q=s160-c-k-c0x00ffffff-no-rj","https://yt3.googleusercontent.com/v-cvSIUgxxDrJpDooECDLFN1LYWfgOtFkvcGtXTv4ww_qoOmquicfkXFK1IGU_8fP6jNd6gFXg=w2560-fcrop64=1,00005a57ffffa5a8-k-c0xffffffff-no-nd-rj","Chanel ini berisi tentang dunia pertanian","UC2ykkCz_Jcei_upCvHXlK4Q","Apr 23, 2016","Indonesia","Ijun Channel Bintang Asia","137","169108","https://www.youtube.com/channel/UC2ykkCz_Jcei_upCvHXlK4Q",,"1","2023-12-19T00:00:00.000Z",,,"https://www.youtube.com/@IjunChannelBintangAsia/shorts","ZKsebrgqUls",,"https://www.youtube.com/@IjunChannelBintangAsia/about","false","false",,"3",,"719","33",,"Video dari Muhammad Faizun Anam","https://i.ytimg.com/vi/ZKsebrgqUls/oar2.jpg","SEMANGKA MADRID DI LAHAN JANDA","shorts","https://www.youtube.com/shorts/ZKsebrgqUls","240"
"https://yt3.googleusercontent.com/-eLLsRb4Uk9WIz-1mU0sfD2kUSKDcBpxvwLNaxoo5nh8SQkcRdmaoDN-AjB_MUeHbT_zpykTF5Q=s160-c-k-c0x00ffffff-no-rj","https://yt3.googleusercontent.com/v-cvSIUgxxDrJpDooECDLFN1LYWfgOtFkvcGtXTv4ww_qoOmquicfkXFK1IGU_8fP6jNd6gFXg=w2560-fcrop64=1,00005a57ffffa5a8-k-c0xffffffff-no-nd-rj","Chanel ini berisi tentang dunia pertanian","UC2ykkCz_Jcei_upCvHXlK4Q","Apr 23, 2016","Indonesia","Ijun Channel Bintang Asia","137","169108","https://www.youtube.com/channel/UC2ykkCz_Jcei_upCvHXlK4Q",,"0","2023-12-07T00:00:00.000Z",,,"https://www.youtube.com/@IjunChannelBintangAsia/shorts","5DH2_7dJWl4",,"https://www.youtube.com/@IjunChannelBintangAsia/about","false","false",,"1",,"719","34",,,"https://i.ytimg.com/vi/5DH2_7dJWl4/oar2.jpg","kubis compact bintang asia","shorts","https://www.youtube.com/shorts/5DH2_7dJWl4","105"
"https://yt3.googleusercontent.com/-eLLsRb4Uk9WIz-1mU0sfD2kUSKDcBpxvwLNaxoo5nh8SQkcRdmaoDN-AjB_MUeHbT_zpykTF5Q=s160-c-k-c0x00ffffff-no-rj","https://yt3.googleusercontent.com/v-cvSIUgxxDrJpDooECDLFN1LYWfgOtFkvcGtXTv4ww_qoOmquicfkXFK1IGU_8fP6jNd6gFXg=w2560-fcrop64=1,00005a57ffffa5a8-k-c0xffffffff-no-nd-rj","Chanel ini berisi tentang dunia pertanian","UC2ykkCz_Jcei_upCvHXlK4Q","Apr 23, 2016","Indonesia","Ijun Channel Bintang Asia","137","169108","https://www.youtube.com/channel/UC2ykkCz_Jcei_upCvHXlK4Q",,"5","2023-10-02T00:00:00.000Z",,,"https://www.youtube.com/@IjunChannelBintangAsia/shorts","SepW98qysWs",,"https://www.youtube.com/@IjunChannelBintangAsia/about","false","false",,"14",,"719","38",,"Video dari Muhammad Faizun Anam","https://i.ytimg.com/vi/SepW98qysWs/oar2.jpg","PANEN SEMANGKA SERI F1, SEMANGKA NON BIJI","shorts","https://www.youtube.com/shorts/SepW98qysWs","695"
"https://yt3.googleusercontent.com/-eLLsRb4Uk9WIz-1mU0sfD2kUSKDcBpxvwLNaxoo5nh8SQkcRdmaoDN-AjB_MUeHbT_zpykTF5Q=s160-c-k-c0x00ffffff-no-rj","https://yt3.googleusercontent.com/v-cvSIUgxxDrJpDooECDLFN1LYWfgOtFkvcGtXTv4ww_qoOmquicfkXFK1IGU_8fP6jNd6gFXg=w2560-fcrop64=1,00005a57ffffa5a8-k-c0xffffffff-no-nd-rj","Chanel ini berisi tentang dunia pertanian","UC2ykkCz_Jcei_upCvHXlK4Q","Apr 23, 2016","Indonesia","Ijun Channel Bintang Asia","137","169108","https://www.youtube.com/channel/UC2ykkCz_Jcei_upCvHXlK4Q",,"0","2023-09-23T00:00:00.000Z",,,"https://www.youtube.com/@IjunChannelBintangAsia/shorts","88HwbrWqBGs",,"https://www.youtube.com/@IjunChannelBintangAsia/about","false","false",,"16",,"719","39",,,"https://i.ytimg.com/vi/88HwbrWqBGs/oar2.jpg?sqp=-oaymwEdCJUDENAFSFWQAgHyq4qpAwwIARUAAIhCcAHAAQY=&rs=AOn4CLDNWXeAmNZ6dAiA22qZVQqwNGXbkQ","PANEN SEMANGKA MADURI","shorts","https://www.youtube.com/shorts/88HwbrWqBGs","760"
"https://yt3.googleusercontent.com/-eLLsRb4Uk9WIz-1mU0sfD2kUSKDcBpxvwLNaxoo5nh8SQkcRdmaoDN-AjB_MUeHbT_zpykTF5Q=s160-c-k-c0x00ffffff-no-rj","https://yt3.googleusercontent.com/v-cvSIUgxxDrJpDooECDLFN1LYWfgOtFkvcGtXTv4ww_qoOmquicfkXFK1IGU_8fP6jNd6gFXg=w2560-fcrop64=1,00005a57ffffa5a8-k-c0xffffffff-no-nd-rj","Chanel ini berisi tentang dunia pertanian","UC2ykkCz_Jcei_upCvHXlK4Q","Apr 23, 2016","Indonesia","Ijun Channel Bintang Asia","137","169108","https://www.youtube.com/channel/UC2ykkCz_Jcei_upCvHXlK4Q",,"0","2023-11-17T00:00:00.000Z",,,"https://www.youtube.com/@IjunChannelBintangAsia/shorts","TDgEC32x1cY",,"https://www.youtube.com/@IjunChannelBintangAsia/about","false","false",,"1",,"719","36",,,"https://i.ytimg.com/vi_webp/TDgEC32x1cY/oar2.webp","MELON ALICIA, YANG LAGI VIRAL","shorts","https://www.youtube.com/shorts/TDgEC32x1cY","64"
"https://yt3.googleusercontent.com/-eLLsRb4Uk9WIz-1mU0sfD2kUSKDcBpxvwLNaxoo5nh8SQkcRdmaoDN-AjB_MUeHbT_zpykTF5Q=s160-c-k-c0x00ffffff-no-rj","https://yt3.googleusercontent.com/v-cvSIUgxxDrJpDooECDLFN1LYWfgOtFkvcGtXTv4ww_qoOmquicfkXFK1IGU_8fP6jNd6gFXg=w2560-fcrop64=1,00005a57ffffa5a8-k-c0xffffffff-no-nd-rj","Chanel ini berisi tentang dunia pertanian","UC2ykkCz_Jcei_upCvHXlK4Q","Apr 23, 2016","Indonesia","Ijun Channel Bintang Asia","137","169108","https://www.youtube.com/channel/UC2ykkCz_Jcei_upCvHXlK4Q",,"0","2023-11-27T00:00:00.000Z",,,"https://www.youtube.com/@IjunChannelBintangAsia/shorts","VdCfWVypthI",,"https://www.youtube.com/@IjunChannelBintangAsia/about","false","false",,"1",,"719","35",,"Video dari Muhammad Faizun Anam","https://i.ytimg.com/vi_webp/VdCfWVypthI/oar2.webp","TIMUN MONAS F1","shorts","https://www.youtube.com/shorts/VdCfWVypthI","66"
"https://yt3.googleusercontent.com/-eLLsRb4Uk9WIz-1mU0sfD2kUSKDcBpxvwLNaxoo5nh8SQkcRdmaoDN-AjB_MUeHbT_zpykTF5Q=s160-c-k-c0x00ffffff-no-rj","https://yt3.googleusercontent.com/v-cvSIUgxxDrJpDooECDLFN1LYWfgOtFkvcGtXTv4ww_qoOmquicfkXFK1IGU_8fP6jNd6gFXg=w2560-fcrop64=1,00005a57ffffa5a8-k-c0xffffffff-no-nd-rj","Chanel ini berisi tentang dunia pertanian","UC2ykkCz_Jcei_upCvHXlK4Q","Apr 23, 2016","Indonesia","Ijun Channel Bintang Asia","137","169108","https://www.youtube.com/channel/UC2ykkCz_Jcei_upCvHXlK4Q",,"0","2023-09-19T00:00:00.000Z",,,"https://www.youtube.com/@IjunChannelBintangAsia/shorts","bjJH4oNie08",,"https://www.youtube.com/@IjunChannelBintangAsia/about","false","false",,"5",,"719","44",,,"https://i.ytimg.com/vi/bjJH4oNie08/oar2.jpg?sqp=-oaymwEdCJUDENAFSFWQAgHyq4qpAwwIARUAAIhCcAHAAQY=&rs=AOn4CLCmNzfn7v5bj3YY8wHoC342Xm1TKg","TES BRIX MELON EKSIS","shorts","https://www.youtube.com/shorts/bjJH4oNie08","389"
"https://yt3.googleusercontent.com/-eLLsRb4Uk9WIz-1mU0sfD2kUSKDcBpxvwLNaxoo5nh8SQkcRdmaoDN-AjB_MUeHbT_zpykTF5Q=s160-c-k-c0x00ffffff-no-rj","https://yt3.googleusercontent.com/v-cvSIUgxxDrJpDooECDLFN1LYWfgOtFkvcGtXTv4ww_qoOmquicfkXFK1IGU_8fP6jNd6gFXg=w2560-fcrop64=1,00005a57ffffa5a8-k-c0xffffffff-no-nd-rj","Chanel ini berisi tentang dunia pertanian","UC2ykkCz_Jcei_upCvHXlK4Q","Apr 23, 2016","Indonesia","Ijun Channel Bintang Asia","137","169108","https://www.youtube.com/channel/UC2ykkCz_Jcei_upCvHXlK4Q",,"1","2023-10-03T00:00:00.000Z",,,"https://www.youtube.com/@IjunChannelBintangAsia/shorts","Nx8NdoKZ1X4",,"https://www.youtube.com/@IjunChannelBintangAsia/about","false","false",,"2",,"719","37",,,"https://i.ytimg.com/vi/Nx8NdoKZ1X4/oar2.jpg?sqp=-oaymwEdCJUDENAFSFWQAgHyq4qpAwwIARUAAIhCcAHAAQY=&rs=AOn4CLB2cXqLx68fgnW_8s7Qbd4F5LErIg","READY BIBIT SIAP TANAM, HUBUNGI 082132058796","shorts","https://www.youtube.com/shorts/Nx8NdoKZ1X4","191"
"https://yt3.googleusercontent.com/-eLLsRb4Uk9WIz-1mU0sfD2kUSKDcBpxvwLNaxoo5nh8SQkcRdmaoDN-AjB_MUeHbT_zpykTF5Q=s160-c-k-c0x00ffffff-no-rj","https://yt3.googleusercontent.com/v-cvSIUgxxDrJpDooECDLFN1LYWfgOtFkvcGtXTv4ww_qoOmquicfkXFK1IGU_8fP6jNd6gFXg=w2560-fcrop64=1,00005a57ffffa5a8-k-c0xffffffff-no-nd-rj","Chanel ini berisi tentang dunia pertanian","UC2ykkCz_Jcei_upCvHXlK4Q","Apr 23, 2016","Indonesia","Ijun Channel Bintang Asia","137","169108","https://www.youtube.com/channel/UC2ykkCz_Jcei_upCvHXlK4Q",,"0","2024-07-20T00:00:00.000Z",,,"https://www.youtube.com/@IjunChannelBintangAsia/shorts","aHC0Qc3FPuo",,"https://www.youtube.com/@IjunChannelBintangAsia/about","false","false",,"3",,"719","8",,,"https://i.ytimg.com/vi/aHC0Qc3FPuo/oar2.jpg?sqp=-oaymwEdCJUDENAFSFWQAgHyq4qpAwwIARUAAIhCcAHAAQY=&rs=AOn4CLAlM1RvsIRzlD_WDL4LJE2N0gUavQ","mesin pompa air dengan dinamo","shorts","https://www.youtube.com/shorts/aHC0Qc3FPuo","456"
"https://yt3.googleusercontent.com/-eLLsRb4Uk9WIz-1mU0sfD2kUSKDcBpxvwLNaxoo5nh8SQkcRdmaoDN-AjB_MUeHbT_zpykTF5Q=s160-c-k-c0x00ffffff-no-rj","https://yt3.googleusercontent.com/v-cvSIUgxxDrJpDooECDLFN1LYWfgOtFkvcGtXTv4ww_qoOmquicfkXFK1IGU_8fP6jNd6gFXg=w2560-fcrop64=1,00005a57ffffa5a8-k-c0xffffffff-no-nd-rj","Chanel ini berisi tentang dunia pertanian","UC2ykkCz_Jcei_upCvHXlK4Q","Apr 23, 2016","Indonesia","Ijun Channel Bintang Asia","137","169108","https://www.youtube.com/channel/UC2ykkCz_Jcei_upCvHXlK4Q",,"0","2023-09-22T00:00:00.000Z",,,"https://www.youtube.com/@IjunChannelBintangAsia/shorts","NabkyGjRWz8",,"https://www.youtube.com/@IjunChannelBintangAsia/about","false","false",,"8",,"719","40",,,"https://i.ytimg.com/vi/NabkyGjRWz8/oar2.jpg?sqp=-oaymwEdCJUDENAFSFWQAgHyq4qpAwwIARUAAIhCcAHAAQY=&rs=AOn4CLANBqGdOdg4gNlPiRAPoY_AsZ86IA","NIMBANG SEMANGKA","shorts","https://www.youtube.com/shorts/NabkyGjRWz8","336"
