﻿"attachments/0/style_list/0","attachments/0/style_list/1","commentUrl","commentsCount","date","error","errorDescription","facebookId","facebookUrl","feedbackId","id","inputUrl","likesCount","pageAdLibrary/id","pageAdLibrary/is_business_page_active","postTitle","profileId","profileName","profilePicture","profileUrl","text","url"
,,,,,"not_available","This content isn't available because the owner only shared it with a small group of people or changed who can see it, or it's been deleted.",,,,,,,,,,,,,,,"https://www.facebook.com/100007578522755/posts/8206543272767972"
,,"https://www.facebook.com/100007578522755/posts/3769955709933676?comment_id=1514676652522446","1","2024-09-16T06:46:01.000Z",,,"3769955709933676","https://www.facebook.com/100007578522755/posts/3769955709933676","ZmVlZGJhY2s6Mzc2OTk1NTcwOTkzMzY3Nl8xNTE0Njc2NjUyNTIyNDQ2","Y29tbWVudDozNzY5OTU1NzA5OTMzNjc2XzE1MTQ2NzY2NTI1MjI0NDY=","https://www.facebook.com/100007578522755/posts/3769955709933676","1","261237703739109","false","Selamat memperingati Maulid  Nabi Muhammad SAW.

Semoga kita selalu Berikhtiar meneladani akhlak Rasulullah  dalam kehidupan sehari hari untuk terus berkelanjutan menebarkan berbagai benih kebaikan yang penuh berkah.

#maulid
#nabi #Rasul
#suksesbersamabintangasia
Benih Citra Asia 
Benih Citra Asia 
Sah Dan 
Gianti Yantii 
Alkahfi Sutikno 
Mankhan Mankhan 
Sutikno Damanik 
Sungkono 
Gendonbuah Gendonbuah","pfbid02timnYBPuVQL3gADxAiH2Kfaypt7ERA74FR8NiNBCNQgDnyqyjGrhyXntRiQScqPFl","Gianti Yantii","https://scontent.fepa8-1.fna.fbcdn.net/v/t1.6435-1/186027641_298612218398001_1664188415370566706_n.jpg?stp=cp0_dst-jpg_s32x32&_nc_cat=105&ccb=1-7&_nc_sid=0ecb9b&_nc_ohc=_dONhGnXpAQQ7kNvgFpp5UN&_nc_ht=scontent.fepa8-1.fna&oh=00_AYCOA5NYD3rJO9J1gskli-piArFCoKzCIkewew2-WyM1Zw&oe=6710AB5E","https://www.facebook.com/gianti.yantii","Amin...semoga kita semuanya sukses selalu",
,,"https://www.facebook.com/100007578522755/posts/3769955709933676?comment_id=926253159342248","1","2024-09-16T10:24:40.000Z",,,"3769955709933676","https://www.facebook.com/100007578522755/posts/3769955709933676","ZmVlZGJhY2s6Mzc2OTk1NTcwOTkzMzY3Nl85MjYyNTMxNTkzNDIyNDg=","Y29tbWVudDozNzY5OTU1NzA5OTMzNjc2XzkyNjI1MzE1OTM0MjI0OA==","https://www.facebook.com/100007578522755/posts/3769955709933676","1","261237703739109","false","Selamat memperingati Maulid  Nabi Muhammad SAW.

Semoga kita selalu Berikhtiar meneladani akhlak Rasulullah  dalam kehidupan sehari hari untuk terus berkelanjutan menebarkan berbagai benih kebaikan yang penuh berkah.

#maulid
#nabi #Rasul
#suksesbersamabintangasia
Benih Citra Asia 
Benih Citra Asia 
Sah Dan 
Gianti Yantii 
Alkahfi Sutikno 
Mankhan Mankhan 
Sutikno Damanik 
Sungkono 
Gendonbuah Gendonbuah","pfbid0gDcrBgrYYhh6xxQX73LSCwEce9uS45ayngmyceyix6XjFhbnY7m2jeNKTCE68DDQl","Zakaria Malik","https://scontent.fepa8-1.fna.fbcdn.net/v/t39.30808-1/458184120_3379186778891302_4119130804187670975_n.jpg?stp=cp0_dst-jpg_s32x32&_nc_cat=111&ccb=1-7&_nc_sid=0ecb9b&_nc_ohc=IhRw4hg7xmMQ7kNvgGPuJ7U&_nc_ht=scontent.fepa8-1.fna&oh=00_AYDrEkovK_7WuSxZlCwDSTUEET_mcsjLpelI7xzXZXyWiA&oe=66EEE3B4","https://www.facebook.com/zaxariamalix","Amin2",
,,"https://www.facebook.com/100007578522755/posts/3769955709933676?comment_id=1657400435025728","2","2024-09-16T01:37:58.000Z",,,"3769955709933676","https://www.facebook.com/100007578522755/posts/3769955709933676","ZmVlZGJhY2s6Mzc2OTk1NTcwOTkzMzY3Nl8xNjU3NDAwNDM1MDI1NzI4","Y29tbWVudDozNzY5OTU1NzA5OTMzNjc2XzE2NTc0MDA0MzUwMjU3Mjg=","https://www.facebook.com/100007578522755/posts/3769955709933676","1","261237703739109","false","Selamat memperingati Maulid  Nabi Muhammad SAW.

Semoga kita selalu Berikhtiar meneladani akhlak Rasulullah  dalam kehidupan sehari hari untuk terus berkelanjutan menebarkan berbagai benih kebaikan yang penuh berkah.

#maulid
#nabi #Rasul
#suksesbersamabintangasia
Benih Citra Asia 
Benih Citra Asia 
Sah Dan 
Gianti Yantii 
Alkahfi Sutikno 
Mankhan Mankhan 
Sutikno Damanik 
Sungkono 
Gendonbuah Gendonbuah","100032997528047","Rezeki Tani","https://scontent.fepa8-1.fna.fbcdn.net/v/t39.30808-1/338033569_995541958518055_1209107424122153802_n.jpg?stp=cp0_dst-jpg_s32x32&_nc_cat=100&ccb=1-7&_nc_sid=50d2ac&_nc_ohc=7HeuXhHjzjkQ7kNvgHMPVDN&_nc_ht=scontent.fepa8-1.fna&oh=00_AYDdJ1WBvT1qs2JCUmh627P39L0FojR8hXu-aCIv1Nqqeg&oe=66EEDF62","https://www.facebook.com/reni.ruhum","Sukses selalu Pak Renzy Bintangasia",
,,"https://www.facebook.com/100007578522755/posts/3769955709933676?comment_id=884958542981841","1","2024-09-16T01:32:28.000Z",,,"3769955709933676","https://www.facebook.com/100007578522755/posts/3769955709933676","ZmVlZGJhY2s6Mzc2OTk1NTcwOTkzMzY3Nl84ODQ5NTg1NDI5ODE4NDE=","Y29tbWVudDozNzY5OTU1NzA5OTMzNjc2Xzg4NDk1ODU0Mjk4MTg0MQ==","https://www.facebook.com/100007578522755/posts/3769955709933676","1","261237703739109","false","Selamat memperingati Maulid  Nabi Muhammad SAW.

Semoga kita selalu Berikhtiar meneladani akhlak Rasulullah  dalam kehidupan sehari hari untuk terus berkelanjutan menebarkan berbagai benih kebaikan yang penuh berkah.

#maulid
#nabi #Rasul
#suksesbersamabintangasia
Benih Citra Asia 
Benih Citra Asia 
Sah Dan 
Gianti Yantii 
Alkahfi Sutikno 
Mankhan Mankhan 
Sutikno Damanik 
Sungkono 
Gendonbuah Gendonbuah","100001478012460","Nasir Bintang Asia","https://scontent.fepa8-1.fna.fbcdn.net/v/t39.30808-1/374566524_6652285924830609_4550832743895994737_n.jpg?stp=cp0_dst-jpg_s32x32&_nc_cat=110&ccb=1-7&_nc_sid=50d2ac&_nc_ohc=dE9pnQREWBkQ7kNvgFLOuh5&_nc_ht=scontent.fepa8-1.fna&oh=00_AYCLYg-XBfp2uNKGziC04Gh5k6HQ6PNfYZHybg8QS6212w&oe=66EEE009","https://www.facebook.com/nasir.smk2","menyala",
"sticker","fallback","https://www.facebook.com/100007578522755/posts/3769955709933676?comment_id=999209608624231","1","2024-09-16T04:15:28.000Z",,,"3769955709933676","https://www.facebook.com/100007578522755/posts/3769955709933676","ZmVlZGJhY2s6Mzc2OTk1NTcwOTkzMzY3Nl85OTkyMDk2MDg2MjQyMzE=","Y29tbWVudDozNzY5OTU1NzA5OTMzNjc2Xzk5OTIwOTYwODYyNDIzMQ==","https://www.facebook.com/100007578522755/posts/3769955709933676","1","261237703739109","false","Selamat memperingati Maulid  Nabi Muhammad SAW.

Semoga kita selalu Berikhtiar meneladani akhlak Rasulullah  dalam kehidupan sehari hari untuk terus berkelanjutan menebarkan berbagai benih kebaikan yang penuh berkah.

#maulid
#nabi #Rasul
#suksesbersamabintangasia
Benih Citra Asia 
Benih Citra Asia 
Sah Dan 
Gianti Yantii 
Alkahfi Sutikno 
Mankhan Mankhan 
Sutikno Damanik 
Sungkono 
Gendonbuah Gendonbuah","100064703653666","Alfian Semangka","https://scontent.fepa8-1.fna.fbcdn.net/v/t39.30808-1/457461082_927036622796451_3885141560709375623_n.jpg?stp=cp0_dst-jpg_s32x32&_nc_cat=101&ccb=1-7&_nc_sid=50d2ac&_nc_ohc=JVvEsFx12EMQ7kNvgFvDrfZ&_nc_ht=scontent.fepa8-1.fna&oh=00_AYB0Zt6XJvT2yWMzpHcquQSIoNJt92PzNzSN1XR-jkZhlg&oe=66EF081F","https://www.facebook.com/people/Alfian-Semangka/100064703653666/","Menyala abgkuuuu😁😁😁",
