﻿"comments","facebookId","facebookUrl","feedbackId","inputUrl","likes","media/0/__isMedia","media/0/__typename","media/0/accent_color","media/0/id","media/0/ocrText","media/0/photo_image/height","media/0/photo_image/uri","media/0/photo_image/width","media/0/thumbnail","media/0/url","pageAdLibrary/id","pageAdLibrary/is_business_page_active","pageName","postId","shares","text","time","timestamp","topLevelUrl","url","user/id","user/name","user/profilePic","user/profileUrl"
"27","100007578522755","https://www.facebook.com/renzi.prayuda","ZmVlZGJhY2s6ODIwNjU0MzI3Mjc2Nzk3Mg==","https://www.facebook.com/renzi.prayuda","83","Photo","Photo","FF2E2739","8206543056101327","May be an image of 1 person and text","526","https://scontent-atl3-2.xx.fbcdn.net/v/t39.30808-6/459377650_8206543619434604_5161111508944216317_n.jpg?stp=dst-jpg_p526x296&_nc_cat=102&ccb=1-7&_nc_sid=127cfc&_nc_ohc=cak8jccyIlMQ7kNvgFzNNl9&_nc_ht=scontent-atl3-2.xx&_nc_gid=A_OzqNOhOHUIQJ-4fB1d0zY&oh=00_AYDRl3bh4lRgxMWBehgu3loiZMVpilyGS5ZoB__vmKyUSA&oe=66EEF1B6","526","https://scontent-atl3-2.xx.fbcdn.net/v/t39.30808-6/459377650_8206543619434604_5161111508944216317_n.jpg?stp=dst-jpg_p526x296&_nc_cat=102&ccb=1-7&_nc_sid=127cfc&_nc_ohc=cak8jccyIlMQ7kNvgFzNNl9&_nc_ht=scontent-atl3-2.xx&_nc_gid=A_OzqNOhOHUIQJ-4fB1d0zY&oh=00_AYDRl3bh4lRgxMWBehgu3loiZMVpilyGS5ZoB__vmKyUSA&oe=66EEF1B6","https://www.facebook.com/photo/?fbid=8206543056101327&set=a.1157081484380888","261237703739109","false","renzi.prayuda","8206543272767972","0","ANALISIS USAHA TANI

Gapoktan Mukti Jaya","2024-09-16T05:18:05.000Z","1726463885","https://www.facebook.com/100007578522755/posts/8206543272767972","https://www.facebook.com/alkahfi.sutikno/posts/pfbid0QcbRSwj7JrnMLtuy9oz9epnW6Yh7ozctsxKfGkwn8W6qPxVip6iYY9ZZxPdqcfJFl","100002371423368","Alkahfi Sutikno","https://scontent-atl3-1.xx.fbcdn.net/v/t39.30808-1/272990950_4817471368341863_8430843410507685913_n.jpg?stp=cp0_dst-jpg_s40x40&_nc_cat=103&ccb=1-7&_nc_sid=50d2ac&_nc_ohc=YoPtEvVP-YMQ7kNvgFwEv0A&_nc_ht=scontent-atl3-1.xx&_nc_gid=A_OzqNOhOHUIQJ-4fB1d0zY&oh=00_AYAdRQhuumsZbWUsUS0Py9ae556cGGEnD6mXIoH0f8j5Hg&oe=66EEEBDF","https://www.facebook.com/alkahfi.sutikno"
"11","100007578522755","https://www.facebook.com/renzi.prayuda","ZmVlZGJhY2s6Mzc2OTk1NTcwOTkzMzY3Ng==","https://www.facebook.com/renzi.prayuda","33","Photo","Photo","FFB4E0FB","3769955673267013","May be an image of 9 people and text","801","https://scontent-atl3-2.xx.fbcdn.net/v/t39.30808-6/460043637_3769955729933674_2220817456181683222_n.jpg?stp=dst-jpg_p526x296&_nc_cat=111&ccb=1-7&_nc_sid=833d8c&_nc_ohc=ShnEk8xHhPIQ7kNvgFgWKrr&_nc_ht=scontent-atl3-2.xx&_nc_gid=A_OzqNOhOHUIQJ-4fB1d0zY&oh=00_AYBZ61fBdA687aC-zh9EjDKHvEef0MkfzXgOLXGsbprtBg&oe=66EEE825","526","https://scontent-atl3-2.xx.fbcdn.net/v/t39.30808-6/460043637_3769955729933674_2220817456181683222_n.jpg?stp=dst-jpg_p526x296&_nc_cat=111&ccb=1-7&_nc_sid=833d8c&_nc_ohc=ShnEk8xHhPIQ7kNvgFgWKrr&_nc_ht=scontent-atl3-2.xx&_nc_gid=A_OzqNOhOHUIQJ-4fB1d0zY&oh=00_AYBZ61fBdA687aC-zh9EjDKHvEef0MkfzXgOLXGsbprtBg&oe=66EEE825","https://www.facebook.com/photo/?fbid=3769955673267013&set=a.1751433508452583","261237703739109","false","renzi.prayuda","3769955709933676","1","Selamat memperingati Maulid  Nabi Muhammad SAW.

Semoga kita selalu Berikhtiar meneladani akhlak Rasulullah  dalam kehidupan sehari hari untuk terus berkelanjutan menebarkan berbagai benih kebaikan yang penuh berkah.

#maulid
#nabi #Rasul
#suksesbersamabintangasia
Benih Citra Asia 
Benih Citra Asia 
Sah Dan 
Gianti Yantii 
Alkahfi Sutikno 
Mankhan Mankhan 
Sutikno Damanik 
Sungkono 
Gendonbuah Gendonbuah","2024-09-16T01:30:23.000Z","1726450223","https://www.facebook.com/100007578522755/posts/3769955709933676","https://www.facebook.com/renzi.prayuda/posts/pfbid037pmPUYbY1gqm4WMTTmp5vuwS2FwSyDP1hiGCTinXZY24Ho1ACWxss5PSmaWjpQmyl","100007578522755","Renzy Bintangasia","https://scontent-atl3-2.xx.fbcdn.net/v/t39.30808-1/426012403_3605728109689771_2277782955804277447_n.jpg?stp=cp0_dst-jpg_s40x40&_nc_cat=104&ccb=1-7&_nc_sid=50d2ac&_nc_ohc=vuD6PrMQB7YQ7kNvgHsK_3G&_nc_ht=scontent-atl3-2.xx&_nc_gid=A_OzqNOhOHUIQJ-4fB1d0zY&oh=00_AYA7WmJgF2fPfzq54-do41eZM_asPwuQOnvR_rfFxxGj1Q&oe=66EEEF44","https://www.facebook.com/renzi.prayuda"
