﻿"attachments/0/__typename","attachments/0/animated_image","attachments/0/animated_image/uri","attachments/0/blurred_image/uri","attachments/0/cix_screen","attachments/0/frame_count","attachments/0/frame_rate","attachments/0/frames_per_column","attachments/0/frames_per_row","attachments/0/id","attachments/0/image/height","attachments/0/image/uri","attachments/0/image/width","attachments/0/label","attachments/0/massive_image/height","attachments/0/massive_image/width","attachments/0/ocrText","attachments/0/pack","attachments/0/pack/id","attachments/0/pack/name","attachments/0/sprite_image","attachments/0/sprite_image/uri","commentUrl","commentsCount","date","facebookId","facebookUrl","feedbackId","id","inputUrl","likesCount","pageAdLibrary/id","pageAdLibrary/woodhenge_creator_info","parentComment/author/__typename","parentComment/author/id","parentComment/author/name","parentComment/author/short_name","parentComment/id","postTitle","profileId","profileName","profilePicture","profileUrl","replyToCommentId","text","threadingDepth"
"Photo",,,"https://scontent.fssz1-1.fna.fbcdn.net/v/t39.30808-6/461097920_1568892964036759_3562429989751753743_n.jpg?stp=dst-jpg_fb30_s960x960&_nc_cat=106&ccb=1-7&_nc_sid=bd9a62&_nc_ohc=k7vbP6H3AesQ7kNvgF-r2mp&_nc_ht=scontent.fssz1-1.fna&oh=00_AYBTxvF4ZVES-b0alc1UgZDnsz_e_TO5cla_7FPTa-5S8w&oe=66FD48BC",,,,,,"1568892957370093","225","https://scontent.fssz1-1.fna.fbcdn.net/v/t39.30808-6/461097920_1568892964036759_3562429989751753743_n.jpg?stp=dst-jpg_p75x225&_nc_cat=106&ccb=1-7&_nc_sid=bd9a62&_nc_ohc=k7vbP6H3AesQ7kNvgF-r2mp&_nc_ht=scontent.fssz1-1.fna&oh=00_AYB0otOWu3gM7Z8cStbQgWM-5sht2_sSmfuW8ATvabfOYA&oe=66FD48BC","225",,"960","960","May be an image of watermelon and text",,,,,,"https://www.facebook.com/reel/1432154874125750/?comment_id=1052973669619491","2","2024-09-23T08:34:07.000Z","3317775638353398","https://www.facebook.com/100003629835056/posts/3317775638353398","ZmVlZGJhY2s6MzMxNzc3NTYzODM1MzM5OF8xMDUyOTczNjY5NjE5NDkx","Y29tbWVudDozMzE3Nzc1NjM4MzUzMzk4XzEwNTI5NzM2Njk2MTk0OTE=","https://www.facebook.com/100003629835056/posts/3317775638353398","1","382095361647867",,,,,,,"Pengembangan pasar Semangka Praya F1 
 #lahankering
#musimkemarau
#Semangka 
#watermelo
#praya
#bintangasia 
#benihcitraasia. Juned · Original audio","100027482110036","Sabri Be Long","https://scontent.fssz1-1.fna.fbcdn.net/v/t39.30808-1/461259600_1572436030349119_3494143353847088486_n.jpg?stp=cp0_dst-jpg_s32x32&_nc_cat=102&ccb=1-7&_nc_sid=50d2ac&_nc_ohc=AJ3KWkQojTAQ7kNvgFULCRv&_nc_ht=scontent.fssz1-1.fna&oh=00_AYDeLq3BCH1nLpIufyGeHcth3PWX68jzYNecJkwoApLKXw&oe=66FD32DA","https://www.facebook.com/sabri.b.long",,,"0"
"Sticker",,,,,"1","83","1","1","1016249766267331","128","https://scontent.fssz1-1.fna.fbcdn.net/v/t39.1997-6/452225022_1016249769600664_1065855283080966231_n.png?stp=dst-png_s168x128&_nc_cat=103&ccb=1-7&_nc_sid=23dd7b&_nc_ohc=Gl3DpWHbFWcQ7kNvgHYU450&_nc_ht=scontent.fssz1-1.fna&oh=00_AYAg-3nJO5lEa4iXotwYB_RABQrpaR1YtLxGWsg7u3E5pw&oe=66FD5844","128","",,,,,,,,,"https://www.facebook.com/reel/1432154874125750/?comment_id=8341215502591603",,"2024-09-23T08:43:42.000Z","3317775638353398","https://www.facebook.com/100003629835056/posts/3317775638353398","ZmVlZGJhY2s6MzMxNzc3NTYzODM1MzM5OF84MzQxMjE1NTAyNTkxNjAz","Y29tbWVudDozMzE3Nzc1NjM4MzUzMzk4XzgzNDEyMTU1MDI1OTE2MDM=","https://www.facebook.com/100003629835056/posts/3317775638353398","0","382095361647867",,,,,,,"Pengembangan pasar Semangka Praya F1 
 #lahankering
#musimkemarau
#Semangka 
#watermelo
#praya
#bintangasia 
#benihcitraasia. Juned · Original audio","pfbid0322QSXcy6PZEHVGkV6sARAFoAMZwaaZTYmMRfcdt9mphoyFPyqHW3EjBP4X7aDjsfl","Abu Dardar","https://scontent.fssz1-1.fna.fbcdn.net/v/t39.30808-1/429564250_1517363112328650_820858964160355557_n.jpg?stp=c0.90.540.540a_cp0_dst-jpg_s32x32&_nc_cat=104&ccb=1-7&_nc_sid=0ecb9b&_nc_ohc=fNVAW1lAEmAQ7kNvgHlBios&_nc_ht=scontent.fssz1-1.fna&oh=00_AYDlDYx4AOWNLl8aVWxM4cBWAv08PISbfN_0v-VXfJXS4w&oe=66FD3968","https://www.facebook.com/abu.dardar.71",,,"0"
,,,,,,,,,,,,,,,,,,,,,,"https://www.facebook.com/reel/1432154874125750/?comment_id=1048815410357195",,"2024-09-23T12:11:39.000Z","3317775638353398","https://www.facebook.com/100003629835056/posts/3317775638353398","ZmVlZGJhY2s6MzMxNzc3NTYzODM1MzM5OF8xMDQ4ODE1NDEwMzU3MTk1","Y29tbWVudDozMzE3Nzc1NjM4MzUzMzk4XzEwNDg4MTU0MTAzNTcxOTU=","https://www.facebook.com/100003629835056/posts/3317775638353398","0","382095361647867",,,,,,,"Pengembangan pasar Semangka Praya F1 
 #lahankering
#musimkemarau
#Semangka 
#watermelo
#praya
#bintangasia 
#benihcitraasia. Juned · Original audio","61561708238824","Tali Tani Bpp Praya","https://scontent.fssz1-1.fna.fbcdn.net/v/t39.30808-1/451437715_122110404230390274_6632090515108181300_n.jpg?stp=cp0_dst-jpg_s32x32&_nc_cat=109&ccb=1-7&_nc_sid=50d2ac&_nc_ohc=xnQkZlf8Z7gQ7kNvgFeYy0B&_nc_ht=scontent.fssz1-1.fna&oh=00_AYC_tH0FWDrlQtf5o1yoKJysMstA8IetHwFA6kPSwvjv4w&oe=66FD444B","https://www.facebook.com/people/Tali-Tani-Bpp-Praya/61561708238824/",,"Pas sekali untuk tanam semangka 🍉","0"
,,,,,,,,,,,,,,,,,,,,,,"https://www.facebook.com/reel/1432154874125750/?comment_id=899262942163665",,"2024-09-23T09:20:19.000Z","3317775638353398","https://www.facebook.com/100003629835056/posts/3317775638353398","ZmVlZGJhY2s6MzMxNzc3NTYzODM1MzM5OF84OTkyNjI5NDIxNjM2NjU=","Y29tbWVudDozMzE3Nzc1NjM4MzUzMzk4Xzg5OTI2Mjk0MjE2MzY2NQ==","https://www.facebook.com/100003629835056/posts/3317775638353398","0","382095361647867",,,,,,,"Pengembangan pasar Semangka Praya F1 
 #lahankering
#musimkemarau
#Semangka 
#watermelo
#praya
#bintangasia 
#benihcitraasia. Juned · Original audio","100007578522755","Renzy Bintangasia","https://scontent.fssz1-1.fna.fbcdn.net/v/t39.30808-1/426012403_3605728109689771_2277782955804277447_n.jpg?stp=cp0_dst-jpg_s32x32&_nc_cat=104&ccb=1-7&_nc_sid=50d2ac&_nc_ohc=tTmdX3bXLYAQ7kNvgFBKpiI&_nc_ht=scontent.fssz1-1.fna&oh=00_AYDkrHce4QRJ7mCa82W2-Wy2stQX_bpWGvW4koZyAqeIKA&oe=66FD3784","https://www.facebook.com/renzi.prayuda",,"Mantap","0"
,,,,,,,,,,,,,,,,,,,,,,"https://www.facebook.com/reel/1432154874125750/?comment_id=965081128759285","1","2024-09-23T08:48:36.000Z","3317775638353398","https://www.facebook.com/100003629835056/posts/3317775638353398","ZmVlZGJhY2s6MzMxNzc3NTYzODM1MzM5OF85NjUwODExMjg3NTkyODU=","Y29tbWVudDozMzE3Nzc1NjM4MzUzMzk4Xzk2NTA4MTEyODc1OTI4NQ==","https://www.facebook.com/100003629835056/posts/3317775638353398","0","382095361647867",,,,,,,"Pengembangan pasar Semangka Praya F1 
 #lahankering
#musimkemarau
#Semangka 
#watermelo
#praya
#bintangasia 
#benihcitraasia. Juned · Original audio","100077359835826","BundaGio","https://scontent.fssz1-1.fna.fbcdn.net/v/t39.30808-1/449373508_519856433936347_1390191262794829360_n.jpg?stp=cp0_dst-jpg_s32x32&_nc_cat=108&ccb=1-7&_nc_sid=50d2ac&_nc_ohc=0_jPiw-YuqIQ7kNvgE8w6RC&_nc_ht=scontent.fssz1-1.fna&oh=00_AYCTtyc2lHwfkbllJY1NHk_CbeS0ZyreZH98wiMh4fVejg&oe=66FD4C37","https://www.facebook.com/people/BundaGio/100077359835826/",,"Salam  Sore Pak boss👋","0"
,,,,,,,,,,,,,,,,,,,,,,"https://www.facebook.com/reel/1432154874125750/?comment_id=778924320932111","1","2024-09-23T08:22:41.000Z","3317775638353398","https://www.facebook.com/100003629835056/posts/3317775638353398","ZmVlZGJhY2s6MzMxNzc3NTYzODM1MzM5OF83Nzg5MjQzMjA5MzIxMTE=","Y29tbWVudDozMzE3Nzc1NjM4MzUzMzk4Xzc3ODkyNDMyMDkzMjExMQ==","https://www.facebook.com/100003629835056/posts/3317775638353398","0","382095361647867",,,,,,,"Pengembangan pasar Semangka Praya F1 
 #lahankering
#musimkemarau
#Semangka 
#watermelo
#praya
#bintangasia 
#benihcitraasia. Juned · Original audio","pfbid0vMuGXDdBHSyJewA3FnC1dVct7hkxjyEJn5qQn8dBmjgUkiCVmJTK28kkpajxUozGl","Ihsan Ridwan","https://scontent.fssz1-1.fna.fbcdn.net/v/t39.30808-1/318555684_8411959835541720_2233377942579728509_n.jpg?stp=cp0_dst-jpg_s32x32&_nc_cat=110&ccb=1-7&_nc_sid=0ecb9b&_nc_ohc=3vtqJLI4JXgQ7kNvgHTXVh6&_nc_ht=scontent.fssz1-1.fna&oh=00_AYAbwXAfgkISwowMRJdkRFehBgctctolvdhOy0j0xpoNnQ&oe=66FD3DE6",,,"Bawang ape kelende tie Juned?","0"
,,,,,,,,,,,,,,,,,,,,,,"https://www.facebook.com/reel/1432154874125750/?comment_id=1052973669619491&reply_comment_id=1511027019778021",,"2024-09-23T12:32:36.000Z","3317775638353398","https://www.facebook.com/100003629835056/posts/3317775638353398","ZmVlZGJhY2s6MzMxNzc3NTYzODM1MzM5OF8xNTExMDI3MDE5Nzc4MDIx","Y29tbWVudDozMzE3Nzc1NjM4MzUzMzk4XzE1MTEwMjcwMTk3NzgwMjE=","https://www.facebook.com/100003629835056/posts/3317775638353398","0","382095361647867",,"User","100027482110036","Sabri Be Long","Sabri","Y29tbWVudDozMzE3Nzc1NjM4MzUzMzk4XzEwNTI5NzM2Njk2MTk0OTE=","Pengembangan pasar Semangka Praya F1 
 #lahankering
#musimkemarau
#Semangka 
#watermelo
#praya
#bintangasia 
#benihcitraasia. Juned · Original audio","100004825651478","NiZar Bintang Asia","https://scontent-atl3-2.xx.fbcdn.net/v/t39.30808-1/438276089_2611594555678041_6997404202785061953_n.jpg?stp=cp0_dst-jpg_p32x32&_nc_cat=111&ccb=1-7&_nc_sid=50d2ac&_nc_ohc=EYsV5G9NhH8Q7kNvgE1-QwV&_nc_ht=scontent-atl3-2.xx&_nc_gid=A3KaL49Duk124qqnNgWZX6N&oh=00_AYD_ChTDnoxaTsEAbHpJIWMjdPtx5Ho8NRXpXQnf1VCCyQ&oe=66FD31AE","https://www.facebook.com/nizar.setia.3","Y29tbWVudDozMzE3Nzc1NjM4MzUzMzk4XzEwNTI5NzM2Njk2MTk0OTE=","Sabri Be Long bg dong","1"
"Sticker",,"https://scontent-atl3-2.xx.fbcdn.net/v/t39.1997-6/105343556_953860578409633_6468337803980710969_n.webp?stp=dst-webp_s110x80&_nc_cat=1&ccb=1-7&_nc_sid=ba09c1&_nc_ohc=_foYWA1W9K4Q7kNvgGN242W&_nc_ht=scontent-atl3-2.xx&_nc_gid=A3KaL49Duk124qqnNgWZX6N&oh=00_AYA5t1Ej6br6A69hJeFg68guWoPTbJwbV6YoowmQ3BpRIA&oe=66FD573A",,,"15","83","4","4","529234054205623","80","https://scontent-atl3-2.xx.fbcdn.net/v/t39.1997-6/83640226_953860661742958_8297483048391664602_n.png?stp=cp0_dst-png_s110x80&_nc_cat=1&ccb=1-7&_nc_sid=23dd7b&_nc_ohc=mk0wad1eYOsQ7kNvgGASfTO&_nc_ht=scontent-atl3-2.xx&_nc_gid=A3KaL49Duk124qqnNgWZX6N&oh=00_AYAwvGt_uD5lxHME4k5LfUqd6wvRUaGwrtjckSBLz5IkWg&oe=66FD36F7","80","An animated yellow left hand with thumb up.",,,,,"516558918806470","Moodies",,"https://scontent-atl3-2.xx.fbcdn.net/v/t39.1997-6/105941685_953860581742966_1572841152382279834_n.png?stp=dst-png_p320x320&_nc_cat=1&ccb=1-7&_nc_sid=ba09c1&_nc_ohc=fpMsXtyKwXMQ7kNvgGOPocZ&_nc_ht=scontent-atl3-2.xx&_nc_gid=A3KaL49Duk124qqnNgWZX6N&oh=00_AYD94DfdsOHGA9E09FKzhEzrvZPzOnq7SoBF6VoGJFFYXg&oe=66FD29C2","https://www.facebook.com/reel/1432154874125750/?comment_id=1052973669619491&reply_comment_id=1464380680914311",,"2024-09-23T12:32:45.000Z","3317775638353398","https://www.facebook.com/100003629835056/posts/3317775638353398","ZmVlZGJhY2s6MzMxNzc3NTYzODM1MzM5OF8xNDY0MzgwNjgwOTE0MzEx","Y29tbWVudDozMzE3Nzc1NjM4MzUzMzk4XzE0NjQzODA2ODA5MTQzMTE=","https://www.facebook.com/100003629835056/posts/3317775638353398","0","382095361647867",,"User","100027482110036","Sabri Be Long","Sabri","Y29tbWVudDozMzE3Nzc1NjM4MzUzMzk4XzEwNTI5NzM2Njk2MTk0OTE=","Pengembangan pasar Semangka Praya F1 
 #lahankering
#musimkemarau
#Semangka 
#watermelo
#praya
#bintangasia 
#benihcitraasia. Juned · Original audio","100004825651478","NiZar Bintang Asia","https://scontent-atl3-2.xx.fbcdn.net/v/t39.30808-1/438276089_2611594555678041_6997404202785061953_n.jpg?stp=cp0_dst-jpg_p32x32&_nc_cat=111&ccb=1-7&_nc_sid=50d2ac&_nc_ohc=EYsV5G9NhH8Q7kNvgE1-QwV&_nc_ht=scontent-atl3-2.xx&_nc_gid=A3KaL49Duk124qqnNgWZX6N&oh=00_AYD_ChTDnoxaTsEAbHpJIWMjdPtx5Ho8NRXpXQnf1VCCyQ&oe=66FD31AE","https://www.facebook.com/nizar.setia.3","Y29tbWVudDozMzE3Nzc1NjM4MzUzMzk4XzEwNTI5NzM2Njk2MTk0OTE=",,"1"
,,,,,,,,,,,,,,,,,,,,,,"https://www.facebook.com/reel/1432154874125750/?comment_id=778924320932111&reply_comment_id=8190448501003274",,"2024-09-23T09:11:06.000Z","3317775638353398","https://www.facebook.com/100003629835056/posts/3317775638353398","ZmVlZGJhY2s6MzMxNzc3NTYzODM1MzM5OF84MTkwNDQ4NTAxMDAzMjc0","Y29tbWVudDozMzE3Nzc1NjM4MzUzMzk4XzgxOTA0NDg1MDEwMDMyNzQ=","https://www.facebook.com/100003629835056/posts/3317775638353398","0","382095361647867",,"User","pfbid0vMuGXDdBHSyJewA3FnC1dVct7hkxjyEJn5qQn8dBmjgUkiCVmJTK28kkpajxUozGl","Ihsan Ridwan","Ihsan","Y29tbWVudDozMzE3Nzc1NjM4MzUzMzk4Xzc3ODkyNDMyMDkzMjExMQ==","Pengembangan pasar Semangka Praya F1 
 #lahankering
#musimkemarau
#Semangka 
#watermelo
#praya
#bintangasia 
#benihcitraasia. Juned · Original audio","100003629835056","Juned","https://scontent.forf1-3.fna.fbcdn.net/v/t39.30808-1/461428209_3322997254497903_7230525068380943218_n.jpg?stp=cp0_dst-jpg_s32x32&_nc_cat=106&ccb=1-7&_nc_sid=50d2ac&_nc_ohc=oSMFatFosJEQ7kNvgHLmdAe&_nc_ht=scontent.forf1-3.fna&_nc_gid=AQS5F-DhxB2xlpnwJiqTPJJ&oh=00_AYAaAuaOjpYOuRnnr5151G4CAf8LiOB3M7HvTYtEttnRyQ&oe=66FD2FA7","https://www.facebook.com/juned.82","Y29tbWVudDozMzE3Nzc1NjM4MzUzMzk4Xzc3ODkyNDMyMDkzMjExMQ==","Ihsan Ridwan Semangka Praya F1 pak Guru","1"
,,,,,,,,,,,,,,,,,,,,,,"https://www.facebook.com/reel/1432154874125750/?comment_id=965081128759285&reply_comment_id=1045756366951796",,"2024-09-23T09:11:45.000Z","3317775638353398","https://www.facebook.com/100003629835056/posts/3317775638353398","ZmVlZGJhY2s6MzMxNzc3NTYzODM1MzM5OF8xMDQ1NzU2MzY2OTUxNzk2","Y29tbWVudDozMzE3Nzc1NjM4MzUzMzk4XzEwNDU3NTYzNjY5NTE3OTY=","https://www.facebook.com/100003629835056/posts/3317775638353398","0","382095361647867",,"User","100077359835826","BundaGio","BundaGio","Y29tbWVudDozMzE3Nzc1NjM4MzUzMzk4Xzk2NTA4MTEyODc1OTI4NQ==","Pengembangan pasar Semangka Praya F1 
 #lahankering
#musimkemarau
#Semangka 
#watermelo
#praya
#bintangasia 
#benihcitraasia. Juned · Original audio","100003629835056","Juned","https://scontent.fplm4-1.fna.fbcdn.net/v/t39.30808-1/461428209_3322997254497903_7230525068380943218_n.jpg?stp=cp0_dst-jpg_s32x32&_nc_cat=106&ccb=1-7&_nc_sid=50d2ac&_nc_ohc=oSMFatFosJEQ7kNvgHKLF4i&_nc_ht=scontent.fplm4-1.fna&_nc_gid=A73_kmQYqJ_bi3Ex48ONDff&oh=00_AYCDSHiodzR0nXHKlnDa32m_RtciihECxPBNFtHB538xQA&oe=66FD2FA7","https://www.facebook.com/juned.82","Y29tbWVudDozMzE3Nzc1NjM4MzUzMzk4Xzk2NTA4MTEyODc1OTI4NQ==","BundaGio sore bu bossssss","1"
,,,,,,,,,,,,,,,,,,,,,,"https://www.facebook.com/reel/1020501966228384/?comment_id=1189280072373796",,"2024-09-27T01:04:01.000Z","3321844681279827","https://www.facebook.com/100003629835056/posts/3321844681279827","ZmVlZGJhY2s6MzMyMTg0NDY4MTI3OTgyN18xMTg5MjgwMDcyMzczNzk2","Y29tbWVudDozMzIxODQ0NjgxMjc5ODI3XzExODkyODAwNzIzNzM3OTY=","https://www.facebook.com/100003629835056/posts/3321844681279827","0","382095361647867",,,,,,,"Tomat Fiesta F1
Buah super lebat 
 #BintangasiA #benihcitraasia #buruhtani #fyp #reels #tomat
 #tomato #videoviral @sorotan 
 Benih Citra Asia Bintang Asia. Suling Sunda · Suling Merdu Kampung Kuring","pfbid02tYWk5f3bpHJEfb8iBueMSWStY3DYUJfkD4UPDrqJjZu94zE2QEWXTwExMWf5Zytfl","Elniwati Haris","https://scontent.fpet3-1.fna.fbcdn.net/v/t39.30808-1/428624507_240133749165088_255730169249133047_n.jpg?stp=c341.0.1365.1365a_cp0_dst-jpg_s32x32&_nc_cat=105&ccb=1-7&_nc_sid=0ecb9b&_nc_ohc=yYv82wzaI3oQ7kNvgHKgvG3&_nc_ht=scontent.fpet3-1.fna&_nc_gid=A8TDKG5Q7EzZE5O-EBdn6e0&oh=00_AYBf6rhWF4wxioGUZlqQGITXOqBksbnIcVKGyT2tThlLQw&oe=66FD2E72","https://www.facebook.com/people/Elniwati-Haris/pfbid02tYWk5f3bpHJEfb8iBueMSWStY3DYUJfkD4UPDrqJjZu94zE2QEWXTwExMWf5Zytfl/",,"Mulen beda lamun senior jak","0"
,,,,,,,,,,,,,,,,,,,,,,"https://www.facebook.com/reel/1020501966228384/?comment_id=1182746012798395",,"2024-09-27T02:35:57.000Z","3321844681279827","https://www.facebook.com/100003629835056/posts/3321844681279827","ZmVlZGJhY2s6MzMyMTg0NDY4MTI3OTgyN18xMTgyNzQ2MDEyNzk4Mzk1","Y29tbWVudDozMzIxODQ0NjgxMjc5ODI3XzExODI3NDYwMTI3OTgzOTU=","https://www.facebook.com/100003629835056/posts/3321844681279827","0","382095361647867",,,,,,,"Tomat Fiesta F1
Buah super lebat 
 #BintangasiA #benihcitraasia #buruhtani #fyp #reels #tomat
 #tomato #videoviral @sorotan 
 Benih Citra Asia Bintang Asia. Suling Sunda · Suling Merdu Kampung Kuring","pfbid024bUfXV5d3gyKLW5YSeFWgqtEr1NMbyqK2iywBzdgsXHCmBmwqXNeUsU2AhC968mXl","Saifuldafaci","https://scontent.fpet3-1.fna.fbcdn.net/v/t39.30808-1/334983163_150242194619380_5959150818414369483_n.jpg?stp=cp0_dst-jpg_s32x32&_nc_cat=108&ccb=1-7&_nc_sid=0ecb9b&_nc_ohc=qs4NMbrsBFYQ7kNvgF2uSIZ&_nc_ht=scontent.fpet3-1.fna&_nc_gid=A8TDKG5Q7EzZE5O-EBdn6e0&oh=00_AYDWdv6TyIvzCXDSjQDa0Z3tTtcGqsleI4UT6I4_P2z2vA&oe=66FD5475","https://www.facebook.com/saifuldafaci.saifuldafaci.1",,"Maeh bang juned.. 1 kotak juluk","0"
,,,,,,,,,,,,,,,,,,,,,,"https://www.facebook.com/reel/1020501966228384/?comment_id=495000556848648",,"2024-09-27T01:18:45.000Z","3321844681279827","https://www.facebook.com/100003629835056/posts/3321844681279827","ZmVlZGJhY2s6MzMyMTg0NDY4MTI3OTgyN180OTUwMDA1NTY4NDg2NDg=","Y29tbWVudDozMzIxODQ0NjgxMjc5ODI3XzQ5NTAwMDU1Njg0ODY0OA==","https://www.facebook.com/100003629835056/posts/3321844681279827","0","382095361647867",,,,,,,"Tomat Fiesta F1
Buah super lebat 
 #BintangasiA #benihcitraasia #buruhtani #fyp #reels #tomat
 #tomato #videoviral @sorotan 
 Benih Citra Asia Bintang Asia. Suling Sunda · Suling Merdu Kampung Kuring","100077359835826","BundaGio","https://scontent.fpet3-1.fna.fbcdn.net/v/t39.30808-1/449373508_519856433936347_1390191262794829360_n.jpg?stp=cp0_dst-jpg_s32x32&_nc_cat=108&ccb=1-7&_nc_sid=50d2ac&_nc_ohc=0_jPiw-YuqIQ7kNvgE1J6tu&_nc_ht=scontent.fpet3-1.fna&_nc_gid=A8TDKG5Q7EzZE5O-EBdn6e0&oh=00_AYC0sRIR0bTuvGN3vE16tSE7WyCNhwum_5KXBDmtNbs4aA&oe=66FD4C37","https://www.facebook.com/people/BundaGio/100077359835826/",,"Kereenn  Pak  bos , tomatnya..","0"
,,,,,,,,,,,,,,,,,,,,,,"https://www.facebook.com/reel/1055314799065526/?comment_id=1689864168472550","1","2024-09-25T05:34:40.000Z","3319828261481469","https://www.facebook.com/100003629835056/posts/3319828261481469","ZmVlZGJhY2s6MzMxOTgyODI2MTQ4MTQ2OV8xNjg5ODY0MTY4NDcyNTUw","Y29tbWVudDozMzE5ODI4MjYxNDgxNDY5XzE2ODk4NjQxNjg0NzI1NTA=","https://www.facebook.com/100003629835056/posts/3319828261481469","1","382095361647867",,,,,,,"Pemasangan Ajir atau lanjaran ditanaman cabe #Damara F1 
 #petani #petaniindonesia #semuaorang #BintangasiA #benihcitraasia #cabe #petanimuda #buruhtani. Juned · Original audio","100007578522755","Renzy Bintangasia","https://scontent.frao1-2.fna.fbcdn.net/v/t39.30808-1/426012403_3605728109689771_2277782955804277447_n.jpg?stp=cp0_dst-jpg_s32x32&_nc_cat=104&ccb=1-7&_nc_sid=50d2ac&_nc_ohc=tTmdX3bXLYAQ7kNvgFA0N0R&_nc_ht=scontent.frao1-2.fna&_nc_gid=AxvMCppdSiUqzA-QXTODz3D&oh=00_AYA3ukQ5KlsIgF-3XAU99yZO1Ch20GeV92TsnkiPSTllKg&oe=66FD3784","https://www.facebook.com/renzi.prayuda",,"Mantap om","0"
,,,,,,,,,,,,,,,,,,,,,,"https://www.facebook.com/reel/1055314799065526/?comment_id=3878062022477151",,"2024-09-25T06:29:42.000Z","3319828261481469","https://www.facebook.com/100003629835056/posts/3319828261481469","ZmVlZGJhY2s6MzMxOTgyODI2MTQ4MTQ2OV8zODc4MDYyMDIyNDc3MTUx","Y29tbWVudDozMzE5ODI4MjYxNDgxNDY5XzM4NzgwNjIwMjI0NzcxNTE=","https://www.facebook.com/100003629835056/posts/3319828261481469","0","382095361647867",,,,,,,"Pemasangan Ajir atau lanjaran ditanaman cabe #Damara F1 
 #petani #petaniindonesia #semuaorang #BintangasiA #benihcitraasia #cabe #petanimuda #buruhtani. Juned · Original audio","100009107826708","Eral Arul","https://scontent.frao1-1.fna.fbcdn.net/v/t39.30808-1/460002433_3694664970847061_5758387597263739841_n.jpg?stp=cp0_dst-jpg_s32x32&_nc_cat=110&ccb=1-7&_nc_sid=50d2ac&_nc_ohc=jqaz4IQoGLsQ7kNvgGjgSym&_nc_ht=scontent.frao1-1.fna&_nc_gid=AxvMCppdSiUqzA-QXTODz3D&oh=00_AYDgZyxVTay1i4596Q9AQopF1xh9z7dWPc9Dgmq1XYcg6g&oe=66FD2ABA","https://www.facebook.com/people/Eral-Arul/100009107826708/",,"Top","0"
,,,,,,,,,,,,,,,,,,,,,,"https://www.facebook.com/reel/1055314799065526/?comment_id=439360191926646",,"2024-09-25T07:01:05.000Z","3319828261481469","https://www.facebook.com/100003629835056/posts/3319828261481469","ZmVlZGJhY2s6MzMxOTgyODI2MTQ4MTQ2OV80MzkzNjAxOTE5MjY2NDY=","Y29tbWVudDozMzE5ODI4MjYxNDgxNDY5XzQzOTM2MDE5MTkyNjY0Ng==","https://www.facebook.com/100003629835056/posts/3319828261481469","0","382095361647867",,,,,,,"Pemasangan Ajir atau lanjaran ditanaman cabe #Damara F1 
 #petani #petaniindonesia #semuaorang #BintangasiA #benihcitraasia #cabe #petanimuda #buruhtani. Juned · Original audio","100011290660151","Sudarmaji","https://scontent.frao1-2.fna.fbcdn.net/v/t39.30808-1/449214687_2094283937624608_2068013409066462426_n.jpg?stp=cp0_dst-jpg_s32x32&_nc_cat=100&ccb=1-7&_nc_sid=50d2ac&_nc_ohc=Wo5mywtQE8wQ7kNvgFKE4rO&_nc_ht=scontent.frao1-2.fna&_nc_gid=AxvMCppdSiUqzA-QXTODz3D&oh=00_AYCLZrRH7PUZ-_BRJ0DqTSy1hhmNFbw1YpIuy_uXkghPBw&oe=66FD3C7D","https://www.facebook.com/terompet.iblis.52",,"MasyaAllah.... Sukses saudara","0"
,,,,,,,,,,,,,,,,,,,,,,"https://www.facebook.com/reel/1055314799065526/?comment_id=1852501341819981",,"2024-09-25T11:45:27.000Z","3319828261481469","https://www.facebook.com/100003629835056/posts/3319828261481469","ZmVlZGJhY2s6MzMxOTgyODI2MTQ4MTQ2OV8xODUyNTAxMzQxODE5OTgx","Y29tbWVudDozMzE5ODI4MjYxNDgxNDY5XzE4NTI1MDEzNDE4MTk5ODE=","https://www.facebook.com/100003629835056/posts/3319828261481469","0","382095361647867",,,,,,,"Pemasangan Ajir atau lanjaran ditanaman cabe #Damara F1 
 #petani #petaniindonesia #semuaorang #BintangasiA #benihcitraasia #cabe #petanimuda #buruhtani. Juned · Original audio","pfbid0U6rjN3jL5tx2FJ96kvL3cFurvudg6h8Pe8UfFj4owkKpGAbHUJ4KYzPzxWMwbf2Bl","UD Pertanian Akas Barokah","https://scontent.frao1-2.fna.fbcdn.net/v/t1.6435-1/183530394_116944257206300_3667836823912041623_n.jpg?stp=cp0_dst-jpg_s32x32&_nc_cat=105&ccb=1-7&_nc_sid=0ecb9b&_nc_ohc=OlLB0gnipn0Q7kNvgEASxNm&_nc_ht=scontent.frao1-2.fna&_nc_gid=AxvMCppdSiUqzA-QXTODz3D&oh=00_AYC-_7KHnnTqHFboMn_y6NKGZxwUAq6tc15LC08QkfxLPQ&oe=671EC9BA","https://www.facebook.com/udpertanian.akasbarokah",,"area ngawi ada kontak salesnya pak ?","0"
,,,,,,,,,,,,,,,,,,,,,,"https://www.facebook.com/reel/1055314799065526/?comment_id=958794989344851","3","2024-09-25T05:12:30.000Z","3319828261481469","https://www.facebook.com/100003629835056/posts/3319828261481469","ZmVlZGJhY2s6MzMxOTgyODI2MTQ4MTQ2OV85NTg3OTQ5ODkzNDQ4NTE=","Y29tbWVudDozMzE5ODI4MjYxNDgxNDY5Xzk1ODc5NDk4OTM0NDg1MQ==","https://www.facebook.com/100003629835056/posts/3319828261481469","0","382095361647867",,,,,,,"Pemasangan Ajir atau lanjaran ditanaman cabe #Damara F1 
 #petani #petaniindonesia #semuaorang #BintangasiA #benihcitraasia #cabe #petanimuda #buruhtani. Juned · Original audio","100093601563517","Saepul Bahri","https://scontent.frao1-2.fna.fbcdn.net/v/t39.30808-1/394341065_196404103489641_1405146725015856971_n.jpg?stp=cp0_dst-jpg_s32x32&_nc_cat=102&ccb=1-7&_nc_sid=50d2ac&_nc_ohc=niN8L68l_BQQ7kNvgEJCAzR&_nc_ht=scontent.frao1-2.fna&_nc_gid=AxvMCppdSiUqzA-QXTODz3D&oh=00_AYCEFYNlFj_0pU_0pBQ6tQs4Tw-5RHwTqTfSwClH9Etj7w&oe=66FD4343","https://www.facebook.com/people/Saepul-Bahri/100093601563517/",,"Lokasi boz","0"
,,,,,,,,,,,,,,,,,,,,,,"https://www.facebook.com/reel/1055314799065526/?comment_id=503778092446803",,"2024-09-25T05:56:55.000Z","3319828261481469","https://www.facebook.com/100003629835056/posts/3319828261481469","ZmVlZGJhY2s6MzMxOTgyODI2MTQ4MTQ2OV81MDM3NzgwOTI0NDY4MDM=","Y29tbWVudDozMzE5ODI4MjYxNDgxNDY5XzUwMzc3ODA5MjQ0NjgwMw==","https://www.facebook.com/100003629835056/posts/3319828261481469","0","382095361647867",,,,,,,"Pemasangan Ajir atau lanjaran ditanaman cabe #Damara F1 
 #petani #petaniindonesia #semuaorang #BintangasiA #benihcitraasia #cabe #petanimuda #buruhtani. Juned · Original audio","61559648087814","Sami Bintang Asia","https://scontent.frao1-2.fna.fbcdn.net/v/t39.30808-1/447269061_122112947984321602_2383448233833295482_n.jpg?stp=cp0_dst-jpg_s32x32&_nc_cat=101&ccb=1-7&_nc_sid=10b96e&_nc_ohc=thsaIPemv5QQ7kNvgEKNZSh&_nc_ht=scontent.frao1-2.fna&_nc_gid=AxvMCppdSiUqzA-QXTODz3D&oh=00_AYA9WOWeleOLmZcuKiqovya3kHGGMDJqSgo3yhCoJ42K3Q&oe=66FD400C","https://www.facebook.com/sami.bintang.asia",,"Tanam kanan kiri ya mas","0"
,,,,,,,,,,,,,,,,,,,,,,"https://www.facebook.com/reel/1055314799065526/?comment_id=443977341989344",,"2024-09-25T05:57:05.000Z","3319828261481469","https://www.facebook.com/100003629835056/posts/3319828261481469","ZmVlZGJhY2s6MzMxOTgyODI2MTQ4MTQ2OV80NDM5NzczNDE5ODkzNDQ=","Y29tbWVudDozMzE5ODI4MjYxNDgxNDY5XzQ0Mzk3NzM0MTk4OTM0NA==","https://www.facebook.com/100003629835056/posts/3319828261481469","0","382095361647867",,,,,,,"Pemasangan Ajir atau lanjaran ditanaman cabe #Damara F1 
 #petani #petaniindonesia #semuaorang #BintangasiA #benihcitraasia #cabe #petanimuda #buruhtani. Juned · Original audio","61559648087814","Sami Bintang Asia","https://scontent.frao1-2.fna.fbcdn.net/v/t39.30808-1/447269061_122112947984321602_2383448233833295482_n.jpg?stp=cp0_dst-jpg_s32x32&_nc_cat=101&ccb=1-7&_nc_sid=10b96e&_nc_ohc=thsaIPemv5QQ7kNvgEKNZSh&_nc_ht=scontent.frao1-2.fna&_nc_gid=AxvMCppdSiUqzA-QXTODz3D&oh=00_AYA9WOWeleOLmZcuKiqovya3kHGGMDJqSgo3yhCoJ42K3Q&oe=66FD400C","https://www.facebook.com/sami.bintang.asia",,"Berapa jaraktanamnya","0"
,,,,,,,,,,,,,,,,,,,,,,"https://www.facebook.com/reel/1055314799065526/?comment_id=830512439281330","1","2024-09-25T05:29:59.000Z","3319828261481469","https://www.facebook.com/100003629835056/posts/3319828261481469","ZmVlZGJhY2s6MzMxOTgyODI2MTQ4MTQ2OV84MzA1MTI0MzkyODEzMzA=","Y29tbWVudDozMzE5ODI4MjYxNDgxNDY5XzgzMDUxMjQzOTI4MTMzMA==","https://www.facebook.com/100003629835056/posts/3319828261481469","0","382095361647867",,,,,,,"Pemasangan Ajir atau lanjaran ditanaman cabe #Damara F1 
 #petani #petaniindonesia #semuaorang #BintangasiA #benihcitraasia #cabe #petanimuda #buruhtani. Juned · Original audio","100023952642164","Arjuna Arya Gana","https://scontent.frao1-2.fna.fbcdn.net/v/t39.30808-1/404693082_1582547502553656_2799418988969132976_n.jpg?stp=cp0_dst-jpg_s32x32&_nc_cat=102&ccb=1-7&_nc_sid=50d2ac&_nc_ohc=BtWeA9ySjT8Q7kNvgElX9ox&_nc_ht=scontent.frao1-2.fna&_nc_gid=AxvMCppdSiUqzA-QXTODz3D&oh=00_AYBusdecuf9U4emHDi6uZjlApOcPYRH_OMr-hzhsBVZ3ew&oe=66FD52A1","https://www.facebook.com/arjuna.aryagana",,"Maeh lmn arak yg udh panen","0"
,,,,,,,,,,,,,,,,,,,,,,"https://www.facebook.com/reel/1055314799065526/?comment_id=1297777461192804",,"2024-09-27T13:27:42.000Z","3319828261481469","https://www.facebook.com/100003629835056/posts/3319828261481469","ZmVlZGJhY2s6MzMxOTgyODI2MTQ4MTQ2OV8xMjk3Nzc3NDYxMTkyODA0","Y29tbWVudDozMzE5ODI4MjYxNDgxNDY5XzEyOTc3Nzc0NjExOTI4MDQ=","https://www.facebook.com/100003629835056/posts/3319828261481469","0","382095361647867",,,,,,,"Pemasangan Ajir atau lanjaran ditanaman cabe #Damara F1 
 #petani #petaniindonesia #semuaorang #BintangasiA #benihcitraasia #cabe #petanimuda #buruhtani. Juned · Original audio","100000525828942","Andi Raharto","https://scontent.frao1-2.fna.fbcdn.net/v/t39.30808-1/458243062_8917371971623575_1008776584045078026_n.jpg?stp=c0.0.360.360a_cp0_dst-jpg_s32x32&_nc_cat=102&ccb=1-7&_nc_sid=50d2ac&_nc_ohc=_4rSCuyOeQYQ7kNvgFxkE_G&_nc_ht=scontent.frao1-2.fna&_nc_gid=AxvMCppdSiUqzA-QXTODz3D&oh=00_AYCXUvxtaFMahtvRTS7jG9gGWuIUN8sqyF2lxgGyWX0NGA&oe=66FD31B6","https://www.facebook.com/people/Andi-Raharto/100000525828942/",,"aku beli bibit damara dikios kok gak ada bos... pengen tandur iki...","0"
,,,,,,,,,,,,,,,,,,,,,,"https://www.facebook.com/reel/1055314799065526/?comment_id=3225023514296921",,"2024-09-25T05:10:49.000Z","3319828261481469","https://www.facebook.com/100003629835056/posts/3319828261481469","ZmVlZGJhY2s6MzMxOTgyODI2MTQ4MTQ2OV8zMjI1MDIzNTE0Mjk2OTIx","Y29tbWVudDozMzE5ODI4MjYxNDgxNDY5XzMyMjUwMjM1MTQyOTY5MjE=","https://www.facebook.com/100003629835056/posts/3319828261481469","0","382095361647867",,,,,,,"Pemasangan Ajir atau lanjaran ditanaman cabe #Damara F1 
 #petani #petaniindonesia #semuaorang #BintangasiA #benihcitraasia #cabe #petanimuda #buruhtani. Juned · Original audio","100077359835826","BundaGio","https://scontent.frao1-1.fna.fbcdn.net/v/t39.30808-1/449373508_519856433936347_1390191262794829360_n.jpg?stp=cp0_dst-jpg_s32x32&_nc_cat=108&ccb=1-7&_nc_sid=50d2ac&_nc_ohc=0_jPiw-YuqIQ7kNvgGlZwiC&_nc_ht=scontent.frao1-1.fna&_nc_gid=AxvMCppdSiUqzA-QXTODz3D&oh=00_AYD5k7vTufyXH2LnJL-noObhFB9XYB0oYPeGxEgJFO5uiA&oe=66FD4C37","https://www.facebook.com/people/BundaGio/100077359835826/",,"Siang Pak bos.. 😅","0"
,,,,,,,,,,,,,,,,,,,,,,"https://www.facebook.com/reel/1055314799065526/?comment_id=958794989344851&reply_comment_id=1086463073101917",,"2024-09-25T05:27:48.000Z","3319828261481469","https://www.facebook.com/100003629835056/posts/3319828261481469","ZmVlZGJhY2s6MzMxOTgyODI2MTQ4MTQ2OV8xMDg2NDYzMDczMTAxOTE3","Y29tbWVudDozMzE5ODI4MjYxNDgxNDY5XzEwODY0NjMwNzMxMDE5MTc=","https://www.facebook.com/100003629835056/posts/3319828261481469","0","382095361647867",,"User","100093601563517","Saepul Bahri","Saepul","Y29tbWVudDozMzE5ODI4MjYxNDgxNDY5Xzk1ODc5NDk4OTM0NDg1MQ==","Pemasangan Ajir atau lanjaran ditanaman cabe #Damara F1 
 #petani #petaniindonesia #semuaorang #BintangasiA #benihcitraasia #cabe #petanimuda #buruhtani. Juned · Original audio","100003629835056","Juned","https://scontent.fwzy2-1.fna.fbcdn.net/v/t39.30808-1/461428209_3322997254497903_7230525068380943218_n.jpg?stp=cp0_dst-jpg_s32x32&_nc_cat=106&ccb=1-7&_nc_sid=50d2ac&_nc_ohc=oSMFatFosJEQ7kNvgHpA1h9&_nc_ht=scontent.fwzy2-1.fna&_nc_gid=Acca9qwzwotdCGGMP5ZOHpP&oh=00_AYA3F-FL6xQ6NX69QKiW1abdg39t1raD29WDR60BnTuORA&oe=66FD2FA7","https://www.facebook.com/juned.82","Y29tbWVudDozMzE5ODI4MjYxNDgxNDY5Xzk1ODc5NDk4OTM0NDg1MQ==","Saepul Bahri pengenjek","1"
,,,,,,,,,,,,,,,,,,,,,,"https://www.facebook.com/reel/1055314799065526/?comment_id=958794989344851&reply_comment_id=27148347224779345","1","2024-09-25T05:28:45.000Z","3319828261481469","https://www.facebook.com/100003629835056/posts/3319828261481469","ZmVlZGJhY2s6MzMxOTgyODI2MTQ4MTQ2OV8yNzE0ODM0NzIyNDc3OTM0NQ==","Y29tbWVudDozMzE5ODI4MjYxNDgxNDY5XzI3MTQ4MzQ3MjI0Nzc5MzQ1","https://www.facebook.com/100003629835056/posts/3319828261481469","0","382095361647867",,"User","100093601563517","Saepul Bahri","Saepul","Y29tbWVudDozMzE5ODI4MjYxNDgxNDY5Xzk1ODc5NDk4OTM0NDg1MQ==","Pemasangan Ajir atau lanjaran ditanaman cabe #Damara F1 
 #petani #petaniindonesia #semuaorang #BintangasiA #benihcitraasia #cabe #petanimuda #buruhtani. Juned · Original audio","100093601563517","Saepul Bahri","https://scontent.fwzy2-1.fna.fbcdn.net/v/t39.30808-1/394341065_196404103489641_1405146725015856971_n.jpg?stp=cp0_dst-jpg_s32x32&_nc_cat=102&ccb=1-7&_nc_sid=50d2ac&_nc_ohc=niN8L68l_BQQ7kNvgHNk7fj&_nc_ht=scontent.fwzy2-1.fna&_nc_gid=Acca9qwzwotdCGGMP5ZOHpP&oh=00_AYDrKmymCVu6Bzz9-YWEF09tksLgJCFKy4SGIe2VIc8FLA&oe=66FD4343","https://www.facebook.com/people/Saepul-Bahri/100093601563517/","Y29tbWVudDozMzE5ODI4MjYxNDgxNDY5Xzk1ODc5NDk4OTM0NDg1MQ==","Luek stok bibit damara tie boz","1"
,,,,,,,,,,,,,,,,,,,,,,"https://www.facebook.com/reel/1055314799065526/?comment_id=958794989344851&reply_comment_id=503711959129354",,"2024-09-25T05:30:52.000Z","3319828261481469","https://www.facebook.com/100003629835056/posts/3319828261481469","ZmVlZGJhY2s6MzMxOTgyODI2MTQ4MTQ2OV81MDM3MTE5NTkxMjkzNTQ=","Y29tbWVudDozMzE5ODI4MjYxNDgxNDY5XzUwMzcxMTk1OTEyOTM1NA==","https://www.facebook.com/100003629835056/posts/3319828261481469","0","382095361647867",,"User","100093601563517","Saepul Bahri","Saepul","Y29tbWVudDozMzE5ODI4MjYxNDgxNDY5Xzk1ODc5NDk4OTM0NDg1MQ==","Pemasangan Ajir atau lanjaran ditanaman cabe #Damara F1 
 #petani #petaniindonesia #semuaorang #BintangasiA #benihcitraasia #cabe #petanimuda #buruhtani. Juned · Original audio","100003629835056","Juned","https://scontent.fwzy2-1.fna.fbcdn.net/v/t39.30808-1/461428209_3322997254497903_7230525068380943218_n.jpg?stp=cp0_dst-jpg_s32x32&_nc_cat=106&ccb=1-7&_nc_sid=50d2ac&_nc_ohc=oSMFatFosJEQ7kNvgHpA1h9&_nc_ht=scontent.fwzy2-1.fna&_nc_gid=Acca9qwzwotdCGGMP5ZOHpP&oh=00_AYA3F-FL6xQ6NX69QKiW1abdg39t1raD29WDR60BnTuORA&oe=66FD2FA7","https://www.facebook.com/juned.82","Y29tbWVudDozMzE5ODI4MjYxNDgxNDY5Xzk1ODc5NDk4OTM0NDg1MQ==","Saepul Bahri nah baru semai langsung te boking sik petani","2"
,,,,,,,,,,,,,,,,,,,,,,"https://www.facebook.com/reel/1055314799065526/?comment_id=1689864168472550&reply_comment_id=3914193115503629",,"2024-09-25T05:39:36.000Z","3319828261481469","https://www.facebook.com/100003629835056/posts/3319828261481469","ZmVlZGJhY2s6MzMxOTgyODI2MTQ4MTQ2OV8zOTE0MTkzMTE1NTAzNjI5","Y29tbWVudDozMzE5ODI4MjYxNDgxNDY5XzM5MTQxOTMxMTU1MDM2Mjk=","https://www.facebook.com/100003629835056/posts/3319828261481469","0","382095361647867",,"User","100007578522755","Renzy Bintangasia","Renzy","Y29tbWVudDozMzE5ODI4MjYxNDgxNDY5XzE2ODk4NjQxNjg0NzI1NTA=","Pemasangan Ajir atau lanjaran ditanaman cabe #Damara F1 
 #petani #petaniindonesia #semuaorang #BintangasiA #benihcitraasia #cabe #petanimuda #buruhtani. Juned · Original audio","100003629835056","Juned","https://scontent.fcpq9-1.fna.fbcdn.net/v/t39.30808-1/461428209_3322997254497903_7230525068380943218_n.jpg?stp=cp0_dst-jpg_s32x32&_nc_cat=106&ccb=1-7&_nc_sid=50d2ac&_nc_ohc=oSMFatFosJEQ7kNvgFe3whW&_nc_ht=scontent.fcpq9-1.fna&_nc_gid=AUYBPu6yVw2zRrwyMQnGdj6&oh=00_AYBxsqY38NRz8WiPLT-OLELizKG8PHO7luVoSxJlej1IOQ&oe=66FD2FA7","https://www.facebook.com/juned.82","Y29tbWVudDozMzE5ODI4MjYxNDgxNDY5XzE2ODk4NjQxNjg0NzI1NTA=","Renzy Bintangasia terima kasih banyak suportnya","1"
,,,,,,,,,,,,,,,,,,,,,,"https://www.facebook.com/reel/1055314799065526/?comment_id=830512439281330&reply_comment_id=1215805436307283",,"2024-09-25T05:31:46.000Z","3319828261481469","https://www.facebook.com/100003629835056/posts/3319828261481469","ZmVlZGJhY2s6MzMxOTgyODI2MTQ4MTQ2OV8xMjE1ODA1NDM2MzA3Mjgz","Y29tbWVudDozMzE5ODI4MjYxNDgxNDY5XzEyMTU4MDU0MzYzMDcyODM=","https://www.facebook.com/100003629835056/posts/3319828261481469","0","382095361647867",,"User","100023952642164","Arjuna Arya Gana","Arjuna","Y29tbWVudDozMzE5ODI4MjYxNDgxNDY5XzgzMDUxMjQzOTI4MTMzMA==","Pemasangan Ajir atau lanjaran ditanaman cabe #Damara F1 
 #petani #petaniindonesia #semuaorang #BintangasiA #benihcitraasia #cabe #petanimuda #buruhtani. Juned · Original audio","100003629835056","Juned","https://scontent.fmnl17-3.fna.fbcdn.net/v/t39.30808-1/461428209_3322997254497903_7230525068380943218_n.jpg?stp=cp0_dst-jpg_s32x32&_nc_cat=106&ccb=1-7&_nc_sid=50d2ac&_nc_ohc=oSMFatFosJEQ7kNvgG000V2&_nc_ht=scontent.fmnl17-3.fna&_nc_gid=A8a8uZ7eB_s_Q3uXeMgoQDK&oh=00_AYCOhpWeRNNx6lZlscz50yqLI8KbMVuYJP5Ne9Yo1Q_itw&oe=66FD2FA7","https://www.facebook.com/juned.82","Y29tbWVudDozMzE5ODI4MjYxNDgxNDY5XzgzMDUxMjQzOTI4MTMzMA==","Arjuna Arya Gana siap bosku","1"
