﻿"channelAvatarUrl","channelBannerUrl","channelDescription","channelDescriptionLinks/0/text","channelDescriptionLinks/0/url","channelDescriptionLinks/1/text","channelDescriptionLinks/1/url","channelDescriptionLinks/2/text","channelDescriptionLinks/2/url","channelDescriptionLinks/3/text","channelDescriptionLinks/3/url","channelId","channelJoinedDate","channelLocation","channelName","channelTotalVideos","channelTotalViews","channelUrl","comments","commentsCount","commentsTurnedOff","date","descriptionLinks","descriptionLinks/0/text","descriptionLinks/0/url","descriptionLinks/1/text","descriptionLinks/1/url","descriptionLinks/2/text","descriptionLinks/2/url","descriptionLinks/3/text","descriptionLinks/3/url","descriptionLinks/4/text","descriptionLinks/4/url","descriptionLinks/5/text","descriptionLinks/5/url","descriptionLinks/6/text","descriptionLinks/6/url","descriptionLinks/7/text","descriptionLinks/7/url","descriptionLinks/8/text","descriptionLinks/8/url","descriptionLinks/9/text","descriptionLinks/9/url","descriptionLinks/10/text","descriptionLinks/10/url","descriptionLinks/11/text","descriptionLinks/11/url","descriptionLinks/12/text","descriptionLinks/12/url","descriptionLinks/13/text","descriptionLinks/13/url","descriptionLinks/14/text","descriptionLinks/14/url","descriptionLinks/15/text","descriptionLinks/15/url","descriptionLinks/16/text","descriptionLinks/16/url","duration","fromYTUrl","id","input","inputChannelUrl","isAgeRestricted","isChannelVerified","isMonetized","likes","location","note","numberOfSubscribers","order","subtitles","text","thumbnailUrl","title","type","url","viewCount"
,,,,,,,,,,,,,,,,,,,,,,,,,,,,,,,,,,,,,,,,,,,,,,,,,,,,,,,,,,,,"https://www.youtube.com/@tokder-tv/videos",,,,,,,"The channel has no live videos.",,,,,,,,"https://www.youtube.com/@tokder-tv/about",
"https://yt3.googleusercontent.com/t56EZveYFbzejXlNgJL4S__j3F7Ced8Hjfr0cdl-zXZQjuyx-tPvR2p7yqLQqVPrGQlohynp_g=s160-c-k-c0x00ffffff-no-rj","https://yt3.googleusercontent.com/TTymlnY_1y3b-Fhq3uQLigjMub_fc52Sh6_qJ-DLhyKQ1YUrGRFCOv2t4o3JR3Jf6w1VUm3urA=w2560-fcrop64=1,00005a57ffffa5a8-k-c0xffffffff-no-nd-rj","Every day, there are new videos! Let's subscribe!","Website","https://tokodeeres.com/","Shopee","https://shopee.co.id/tokder","Tokopedia","https://www.tokopedia.com/tokder","Whatsapp","https://wa.me/6281291099109","UC1wIvd8HotnZe0KENzHj2kQ","Mar 8, 2018","Indonesia","Tokder","2798","27806102","https://www.youtube.com/channel/UC1wIvd8HotnZe0KENzHj2kQ",,"0",,"2024-10-02T08:00:10.000Z",,,,,,,,,,,,,,,,,,,,,,,,,,,,,,,,,,,,,"https://www.youtube.com/@tokder-tv/shorts","8wCW0EAyWDw",,"https://www.youtube.com/@tokder-tv/videos","false","false",,"19",,,"98500","24",,"https://tokodeeres.com/","https://i.ytimg.com/vi/8wCW0EAyWDw/oar2.jpg?sqp=-oaymwEdCJUDENAFSFWQAgHyq4qpAwwIARUAAIhCcAHAAQY=&rs=AOn4CLB52v5Wr8qihIvbgsMfhfsfr-9yRw","6 Produk Nasa Wajib dalam Budidaya Cabe, Modal Rendah, Untung Melimpah","shorts","https://www.youtube.com/shorts/8wCW0EAyWDw","1154"
"https://yt3.googleusercontent.com/t56EZveYFbzejXlNgJL4S__j3F7Ced8Hjfr0cdl-zXZQjuyx-tPvR2p7yqLQqVPrGQlohynp_g=s160-c-k-c0x00ffffff-no-rj","https://yt3.googleusercontent.com/TTymlnY_1y3b-Fhq3uQLigjMub_fc52Sh6_qJ-DLhyKQ1YUrGRFCOv2t4o3JR3Jf6w1VUm3urA=w2560-fcrop64=1,00005a57ffffa5a8-k-c0xffffffff-no-nd-rj","Every day, there are new videos! Let's subscribe!","Website","https://tokodeeres.com/","Shopee","https://shopee.co.id/tokder","Tokopedia","https://www.tokopedia.com/tokder","Whatsapp","https://wa.me/6281291099109","UC1wIvd8HotnZe0KENzHj2kQ","Mar 8, 2018","Indonesia","Tokder","2798","27806102","https://www.youtube.com/channel/UC1wIvd8HotnZe0KENzHj2kQ",,"1",,"2024-10-02T00:00:00.000Z",,,,,,,,,,,,,,,,,,,,,,,,,,,,,,,,,,,,,"https://www.youtube.com/@tokder-tv/shorts","ND79EM9aLsc",,"https://www.youtube.com/@tokder-tv/videos","false","false",,"25",,,"98500","21",,"https://tokodeeres.com/","https://i.ytimg.com/vi/ND79EM9aLsc/oar2.jpg?sqp=-oaymwEdCJUDENAFSFWQAgHyq4qpAwwIARUAAIhCcAHAAQY=&rs=AOn4CLCoMS4O9zwuAJWMlVWl_rSiwq18Kg","Cegah Penyakit Layu Karena Nematoda dengan 5 Nematisida Ampuh","shorts","https://www.youtube.com/shorts/ND79EM9aLsc","1309"
"https://yt3.googleusercontent.com/t56EZveYFbzejXlNgJL4S__j3F7Ced8Hjfr0cdl-zXZQjuyx-tPvR2p7yqLQqVPrGQlohynp_g=s160-c-k-c0x00ffffff-no-rj","https://yt3.googleusercontent.com/TTymlnY_1y3b-Fhq3uQLigjMub_fc52Sh6_qJ-DLhyKQ1YUrGRFCOv2t4o3JR3Jf6w1VUm3urA=w2560-fcrop64=1,00005a57ffffa5a8-k-c0xffffffff-no-nd-rj","Every day, there are new videos! Let's subscribe!","Website","https://tokodeeres.com/","Shopee","https://shopee.co.id/tokder","Tokopedia","https://www.tokopedia.com/tokder","Whatsapp","https://wa.me/6281291099109","UC1wIvd8HotnZe0KENzHj2kQ","Mar 8, 2018","Indonesia","Tokder","2798","27806102","https://www.youtube.com/channel/UC1wIvd8HotnZe0KENzHj2kQ",,"0",,"2024-10-02T00:00:00.000Z",,,,,,,,,,,,,,,,,,,,,,,,,,,,,,,,,,,,,"https://www.youtube.com/@tokder-tv/shorts","aeh4NyQChA0",,"https://www.youtube.com/@tokder-tv/videos","false","false",,"61",,,"98500","22",,"https://tokodeeres.com/","https://i.ytimg.com/vi/aeh4NyQChA0/oar2.jpg?sqp=-oaymwEdCJUDENAFSFWQAgHyq4qpAwwIARUAAIhCcAHAAQY=&rs=AOn4CLA2YX-8--tKISn7DFGySLz1u2U3KA","Luna Smart! Fungisida Ampuh dengan Bermacam Manfaat","shorts","https://www.youtube.com/shorts/aeh4NyQChA0","4014"
"https://yt3.googleusercontent.com/t56EZveYFbzejXlNgJL4S__j3F7Ced8Hjfr0cdl-zXZQjuyx-tPvR2p7yqLQqVPrGQlohynp_g=s160-c-k-c0x00ffffff-no-rj","https://yt3.googleusercontent.com/TTymlnY_1y3b-Fhq3uQLigjMub_fc52Sh6_qJ-DLhyKQ1YUrGRFCOv2t4o3JR3Jf6w1VUm3urA=w2560-fcrop64=1,00005a57ffffa5a8-k-c0xffffffff-no-nd-rj","Every day, there are new videos! Let's subscribe!","Website","https://tokodeeres.com/","Shopee","https://shopee.co.id/tokder","Tokopedia","https://www.tokopedia.com/tokder","Whatsapp","https://wa.me/6281291099109","UC1wIvd8HotnZe0KENzHj2kQ","Mar 8, 2018","Indonesia","Tokder","2798","27806102","https://www.youtube.com/channel/UC1wIvd8HotnZe0KENzHj2kQ",,"0",,"2024-10-02T00:00:00.000Z",,,,,,,,,,,,,,,,,,,,,,,,,,,,,,,,,,,,,"https://www.youtube.com/@tokder-tv/shorts","4lrdkZKN-5g",,"https://www.youtube.com/@tokder-tv/videos","false","false",,"9",,,"98500","23",,"https://tokodeeres.com/","https://i.ytimg.com/vi/4lrdkZKN-5g/oar2.jpg?sqp=-oaymwEdCJUDENAFSFWQAgHyq4qpAwwIARUAAIhCcAHAAQY=&rs=AOn4CLDRJd2ArDHUl99Jbga6dk7WkR7Vkg","7 Merk Fungisida Kontak Tanaman Cabe","shorts","https://www.youtube.com/shorts/4lrdkZKN-5g","630"
"https://yt3.googleusercontent.com/t56EZveYFbzejXlNgJL4S__j3F7Ced8Hjfr0cdl-zXZQjuyx-tPvR2p7yqLQqVPrGQlohynp_g=s160-c-k-c0x00ffffff-no-rj","https://yt3.googleusercontent.com/TTymlnY_1y3b-Fhq3uQLigjMub_fc52Sh6_qJ-DLhyKQ1YUrGRFCOv2t4o3JR3Jf6w1VUm3urA=w2560-fcrop64=1,00005a57ffffa5a8-k-c0xffffffff-no-nd-rj","Every day, there are new videos! Let's subscribe!","Website","https://tokodeeres.com/","Shopee","https://shopee.co.id/tokder","Tokopedia","https://www.tokopedia.com/tokder","Whatsapp","https://wa.me/6281291099109","UC1wIvd8HotnZe0KENzHj2kQ","Mar 8, 2018","Indonesia","Tokder","2798","27806102","https://www.youtube.com/channel/UC1wIvd8HotnZe0KENzHj2kQ",,"0",,"2024-10-02T00:00:00.000Z",,,,,,,,,,,,,,,,,,,,,,,,,,,,,,,,,,,,,"https://www.youtube.com/@tokder-tv/shorts","1Hw4aPTL_AI",,"https://www.youtube.com/@tokder-tv/videos","false","false",,"9",,,"98500","19",,"https://tokodeeres.com/","https://i.ytimg.com/vi/1Hw4aPTL_AI/oar2.jpg?sqp=-oaymwEdCJUDENAFSFWQAgHyq4qpAwwIARUAAIhCcAHAAQY=&rs=AOn4CLDSq88C8U-g4ZiNjtnGk8yUC83N7A","3 Rawit Murah 50K Toleran Virus, Cabe Mahkota Vs New Maruyung Vs Salaan","shorts","https://www.youtube.com/shorts/1Hw4aPTL_AI","1360"
"https://yt3.googleusercontent.com/t56EZveYFbzejXlNgJL4S__j3F7Ced8Hjfr0cdl-zXZQjuyx-tPvR2p7yqLQqVPrGQlohynp_g=s160-c-k-c0x00ffffff-no-rj","https://yt3.googleusercontent.com/TTymlnY_1y3b-Fhq3uQLigjMub_fc52Sh6_qJ-DLhyKQ1YUrGRFCOv2t4o3JR3Jf6w1VUm3urA=w2560-fcrop64=1,00005a57ffffa5a8-k-c0xffffffff-no-nd-rj","Every day, there are new videos! Let's subscribe!","Website","https://tokodeeres.com/","Shopee","https://shopee.co.id/tokder","Tokopedia","https://www.tokopedia.com/tokder","Whatsapp","https://wa.me/6281291099109","UC1wIvd8HotnZe0KENzHj2kQ","Mar 8, 2018","Indonesia","Tokder","2798","27806102","https://www.youtube.com/channel/UC1wIvd8HotnZe0KENzHj2kQ",,"0",,"2024-10-03T00:00:00.000Z",,,,,,,,,,,,,,,,,,,,,,,,,,,,,,,,,,,,,"https://www.youtube.com/@tokder-tv/shorts","J5ubeAgcBnw",,"https://www.youtube.com/@tokder-tv/videos","false","false",,"23",,,"98500","15",,"https://tokodeeres.com/","https://i.ytimg.com/vi/J5ubeAgcBnw/oar2.jpg?sqp=-oaymwEdCJUDENAFSFWQAgHyq4qpAwwIARUAAIhCcAHAAQY=&rs=AOn4CLDhANE-ZoM-fs17jExcwkvqQQkj0A","6 Produk Vitamin B1, Cabe Butuh Ini Biar Ga Stres","shorts","https://www.youtube.com/shorts/J5ubeAgcBnw","1377"
"https://yt3.googleusercontent.com/t56EZveYFbzejXlNgJL4S__j3F7Ced8Hjfr0cdl-zXZQjuyx-tPvR2p7yqLQqVPrGQlohynp_g=s160-c-k-c0x00ffffff-no-rj","https://yt3.googleusercontent.com/TTymlnY_1y3b-Fhq3uQLigjMub_fc52Sh6_qJ-DLhyKQ1YUrGRFCOv2t4o3JR3Jf6w1VUm3urA=w2560-fcrop64=1,00005a57ffffa5a8-k-c0xffffffff-no-nd-rj","Every day, there are new videos! Let's subscribe!","Website","https://tokodeeres.com/","Shopee","https://shopee.co.id/tokder","Tokopedia","https://www.tokopedia.com/tokder","Whatsapp","https://wa.me/6281291099109","UC1wIvd8HotnZe0KENzHj2kQ","Mar 8, 2018","Indonesia","Tokder","2798","27806102","https://www.youtube.com/channel/UC1wIvd8HotnZe0KENzHj2kQ",,"1",,"2024-10-03T05:00:14.000Z",,,,,,,,,,,,,,,,,,,,,,,,,,,,,,,,,,,,,"https://www.youtube.com/@tokder-tv/shorts","QeF0RbzOhCI",,"https://www.youtube.com/@tokder-tv/videos","false","false",,"66",,,"98500","18",,"https://tokodeeres.com/","https://i.ytimg.com/vi/QeF0RbzOhCI/oar2.jpg?sqp=-oaymwEdCJUDENAFSFWQAgHyq4qpAwwIARUAAIhCcAHAAQY=&rs=AOn4CLDowc8aQWMNZK5YHibVx72y9hxyQA","5 Rekomendasi Pupuk dan ZPT Meningkatkan Bobot Buah dan Mempercepat Pematangan","shorts","https://www.youtube.com/shorts/QeF0RbzOhCI","3637"
"https://yt3.googleusercontent.com/t56EZveYFbzejXlNgJL4S__j3F7Ced8Hjfr0cdl-zXZQjuyx-tPvR2p7yqLQqVPrGQlohynp_g=s160-c-k-c0x00ffffff-no-rj","https://yt3.googleusercontent.com/TTymlnY_1y3b-Fhq3uQLigjMub_fc52Sh6_qJ-DLhyKQ1YUrGRFCOv2t4o3JR3Jf6w1VUm3urA=w2560-fcrop64=1,00005a57ffffa5a8-k-c0xffffffff-no-nd-rj","Every day, there are new videos! Let's subscribe!","Website","https://tokodeeres.com/","Shopee","https://shopee.co.id/tokder","Tokopedia","https://www.tokopedia.com/tokder","Whatsapp","https://wa.me/6281291099109","UC1wIvd8HotnZe0KENzHj2kQ","Mar 8, 2018","Indonesia","Tokder","2798","27806102","https://www.youtube.com/channel/UC1wIvd8HotnZe0KENzHj2kQ",,"10",,"2024-10-03T00:00:00.000Z",,,,,,,,,,,,,,,,,,,,,,,,,,,,,,,,,,,,,"https://www.youtube.com/@tokder-tv/shorts","8iK0d8H6KPo",,"https://www.youtube.com/@tokder-tv/videos","false","false",,"23",,,"98500","14",,"https://tokodeeres.com/","https://i.ytimg.com/vi/8iK0d8H6KPo/oar2.jpg?sqp=-oaymwEdCJUDENAFSFWQAgHyq4qpAwwIARUAAIhCcAHAAQY=&rs=AOn4CLCjYlFt3rysENRn4OoD0a-0l4-llw","Pupuk Generatif Cabe Rawit, Produk Khusus Kalium Fosfat Mix Kalsium","shorts","https://www.youtube.com/shorts/8iK0d8H6KPo","1244"
"https://yt3.googleusercontent.com/t56EZveYFbzejXlNgJL4S__j3F7Ced8Hjfr0cdl-zXZQjuyx-tPvR2p7yqLQqVPrGQlohynp_g=s160-c-k-c0x00ffffff-no-rj","https://yt3.googleusercontent.com/TTymlnY_1y3b-Fhq3uQLigjMub_fc52Sh6_qJ-DLhyKQ1YUrGRFCOv2t4o3JR3Jf6w1VUm3urA=w2560-fcrop64=1,00005a57ffffa5a8-k-c0xffffffff-no-nd-rj","Every day, there are new videos! Let's subscribe!","Website","https://tokodeeres.com/","Shopee","https://shopee.co.id/tokder","Tokopedia","https://www.tokopedia.com/tokder","Whatsapp","https://wa.me/6281291099109","UC1wIvd8HotnZe0KENzHj2kQ","Mar 8, 2018","Indonesia","Tokder","2798","27806102","https://www.youtube.com/channel/UC1wIvd8HotnZe0KENzHj2kQ",,"0",,"2024-10-03T00:00:00.000Z",,,,,,,,,,,,,,,,,,,,,,,,,,,,,,,,,,,,,"https://www.youtube.com/@tokder-tv/shorts","rjagb46zo7w",,"https://www.youtube.com/@tokder-tv/videos","false","false",,"26",,,"98500","16",,"https://tokodeeres.com/","https://i.ytimg.com/vi/rjagb46zo7w/oar2.jpg?sqp=-oaymwEdCJUDENAFSFWQAgHyq4qpAwwIARUAAIhCcAHAAQY=&rs=AOn4CLDemezyhBHiUKbuENOeYlm5DRA-AQ","Insektisida Ampuh Untuk Telur Hama Trips dan Kutu Daun! Cukup Sekali Racik!","shorts","https://www.youtube.com/shorts/rjagb46zo7w","1638"
"https://yt3.googleusercontent.com/t56EZveYFbzejXlNgJL4S__j3F7Ced8Hjfr0cdl-zXZQjuyx-tPvR2p7yqLQqVPrGQlohynp_g=s160-c-k-c0x00ffffff-no-rj","https://yt3.googleusercontent.com/TTymlnY_1y3b-Fhq3uQLigjMub_fc52Sh6_qJ-DLhyKQ1YUrGRFCOv2t4o3JR3Jf6w1VUm3urA=w2560-fcrop64=1,00005a57ffffa5a8-k-c0xffffffff-no-nd-rj","Every day, there are new videos! Let's subscribe!","Website","https://tokodeeres.com/","Shopee","https://shopee.co.id/tokder","Tokopedia","https://www.tokopedia.com/tokder","Whatsapp","https://wa.me/6281291099109","UC1wIvd8HotnZe0KENzHj2kQ","Mar 8, 2018","Indonesia","Tokder","2798","27806102","https://www.youtube.com/channel/UC1wIvd8HotnZe0KENzHj2kQ",,"3","false","2024-10-05T11:00:06.000Z",,"0:00","https://www.youtube.com/watch?v=4SUC16187WM&t=0s","1:05","https://www.youtube.com/watch?v=4SUC16187WM&t=65s","1:41","https://www.youtube.com/watch?v=4SUC16187WM&t=101s","2:10","https://www.youtube.com/watch?v=4SUC16187WM&t=130s","2:46","https://www.youtube.com/watch?v=4SUC16187WM&t=166s","3:24","https://www.youtube.com/watch?v=4SUC16187WM&t=204s","3:54","https://www.youtube.com/watch?v=4SUC16187WM&t=234s","4:22","https://www.youtube.com/watch?v=4SUC16187WM&t=262s","https://s.shopee.co.id/608mBcol3Q","https://s.shopee.co.id/608mBcol3Q","https://s.shopee.co.id/6KlcaliTdM","https://s.shopee.co.id/6KlcaliTdM","https://s.shopee.co.id/4L0YGSyg8D","https://s.shopee.co.id/4L0YGSyg8D","https://s.shopee.co.id/2LFTtTJzGV","https://s.shopee.co.id/2LFTtTJzGV","https://s.shopee.co.id/7Uxa9xjOXU","https://s.shopee.co.id/7Uxa9xjOXU","https://s.shopee.co.id/9zev8tmub0","https://s.shopee.co.id/9zev8tmub0","https://s.shopee.co.id/6phtNroaki","https://s.shopee.co.id/6phtNroaki","https://s.shopee.co.id/2qBkdJj8nv","https://s.shopee.co.id/2qBkdJj8nv","https://tokodeeres.com/","https://tokodeeres.com/","00:05:19","https://www.youtube.com/@tokder-tv/videos","4SUC16187WM",,"https://www.youtube.com/@tokder-tv/videos","false","false",,"18",,,"98500",,,"0:00 Opening
1:05 Ridomil Gold
1:41 Besromil 
2:10 Sagri-Bat
2:46 Tiflo
3:24 Agrept 
3:54 Previcur
4:22 Benlox

Link Produk:
Ridomil Gold : https://s.shopee.co.id/608mBcol3Q 
Besromil : https://s.shopee.co.id/6KlcaliTdM 
Sagri-Bat : https://s.shopee.co.id/4L0YGSyg8D 
Tiflo  : https://s.shopee.co.id/2LFTtTJzGV 
Agrept  : https://s.shopee.co.id/7Uxa9xjOXU 
Previcur : https://s.shopee.co.id/9zev8tmub0 
Benlox  : https://s.shopee.co.id/6phtNroaki 
Atonik  : https://s.shopee.co.id/2qBkdJj8nv 

Kritik dan Saran
Wa 0812 - 9109 - 9109
https://tokodeeres.com/

Fungisida sagri bat 
ZPT atonik
Rebah kecambah 
Fungisida ridomil gold
Fungisida rebah kecambah
Busuk akar semai cabe
Busuk batang semai cabe
Daun kuning semai cabe
Fungisida sistemik dan kontak
Fungisida besromil 
Fungisida tiflo
Fungisida agrept
Fungisida benlox
Masalah persemaian cabe 
Fungisida previcur
Cara mengatasi rebah kecambah
Fungisida sistemik","https://i.ytimg.com/vi/4SUC16187WM/hqdefault.jpg","7 Rekomendasi Fungisida Cegah Rebah Kecambah! Dijamin Semai Cabe Sukses 100%","video","https://www.youtube.com/watch?v=4SUC16187WM","738"
"https://yt3.googleusercontent.com/t56EZveYFbzejXlNgJL4S__j3F7Ced8Hjfr0cdl-zXZQjuyx-tPvR2p7yqLQqVPrGQlohynp_g=s160-c-k-c0x00ffffff-no-rj","https://yt3.googleusercontent.com/TTymlnY_1y3b-Fhq3uQLigjMub_fc52Sh6_qJ-DLhyKQ1YUrGRFCOv2t4o3JR3Jf6w1VUm3urA=w2560-fcrop64=1,00005a57ffffa5a8-k-c0xffffffff-no-nd-rj","Every day, there are new videos! Let's subscribe!","Website","https://tokodeeres.com/","Shopee","https://shopee.co.id/tokder","Tokopedia","https://www.tokopedia.com/tokder","Whatsapp","https://wa.me/6281291099109","UC1wIvd8HotnZe0KENzHj2kQ","Mar 8, 2018","Indonesia","Tokder","2798","27806102","https://www.youtube.com/channel/UC1wIvd8HotnZe0KENzHj2kQ",,"4","false","2024-10-04T11:00:09.000Z",,"0:00","https://www.youtube.com/watch?v=AbSC35nrJiA&t=0s","1:12","https://www.youtube.com/watch?v=AbSC35nrJiA&t=72s","1:44","https://www.youtube.com/watch?v=AbSC35nrJiA&t=104s","2:26","https://www.youtube.com/watch?v=AbSC35nrJiA&t=146s","3:31","https://www.youtube.com/watch?v=AbSC35nrJiA&t=211s","4:22","https://www.youtube.com/watch?v=AbSC35nrJiA&t=262s","5:08","https://www.youtube.com/watch?v=AbSC35nrJiA&t=308s","5:41","https://www.youtube.com/watch?v=AbSC35nrJiA&t=341s","https://s.shopee.co.id/50GAJ7q5XC","https://s.shopee.co.id/50GAJ7q5XC","https://s.shopee.co.id/8zmJ57lEqx","https://s.shopee.co.id/8zmJ57lEqx","https://s.shopee.co.id/40NeU490gS","https://s.shopee.co.id/40NeU490gS","https://s.shopee.co.id/6fOPghupUE","https://s.shopee.co.id/6fOPghupUE","https://s.shopee.co.id/2VYquCrMY0","https://s.shopee.co.id/2VYquCrMY0","https://s.shopee.co.id/9UibFRhgRQ","https://s.shopee.co.id/9UibFRhgRQ","https://s.shopee.co.id/VnmXHfN6T","https://s.shopee.co.id/VnmXHfN6T","https://tokodeeres.com/","https://tokodeeres.com/",,,"00:06:52","https://www.youtube.com/@tokder-tv/videos","AbSC35nrJiA",,"https://www.youtube.com/@tokder-tv/videos","false","false",,"21",,,"98500",,,"0:00 Opening
1:12 Alget 75 WP
1:44 Trigard 75 WP
2:26 Cyrrotex 75 SP
3:31 Agrimec 18 EC
4:22 Demolish 18 EC
5:08 Abacel 18 EC
5:41 Dobelmectin 36 EC

Link Produk:
Alget  : https://s.shopee.co.id/50GAJ7q5XC 
Tigard  : https://s.shopee.co.id/8zmJ57lEqx 
Cyrrotex : https://s.shopee.co.id/40NeU490gS 
Agrimec : https://s.shopee.co.id/6fOPghupUE 
Demolish : https://s.shopee.co.id/2VYquCrMY0 
Abacel  : https://s.shopee.co.id/9UibFRhgRQ 
Dobelmectin : https://s.shopee.co.id/VnmXHfN6T 

Kritik dan Saran
Wa 0812 - 9109 - 9109
https://tokodeeres.com/","https://i.ytimg.com/vi/AbSC35nrJiA/hqdefault.jpg","2 Golongan Insekrisida Basmi Hama Lalat Pengorok Daun Paling JOSSS!","video","https://www.youtube.com/watch?v=AbSC35nrJiA","996"
"https://yt3.googleusercontent.com/t56EZveYFbzejXlNgJL4S__j3F7Ced8Hjfr0cdl-zXZQjuyx-tPvR2p7yqLQqVPrGQlohynp_g=s160-c-k-c0x00ffffff-no-rj","https://yt3.googleusercontent.com/TTymlnY_1y3b-Fhq3uQLigjMub_fc52Sh6_qJ-DLhyKQ1YUrGRFCOv2t4o3JR3Jf6w1VUm3urA=w2560-fcrop64=1,00005a57ffffa5a8-k-c0xffffffff-no-nd-rj","Every day, there are new videos! Let's subscribe!","Website","https://tokodeeres.com/","Shopee","https://shopee.co.id/tokder","Tokopedia","https://www.tokopedia.com/tokder","Whatsapp","https://wa.me/6281291099109","UC1wIvd8HotnZe0KENzHj2kQ","Mar 8, 2018","Indonesia","Tokder","2798","27806102","https://www.youtube.com/channel/UC1wIvd8HotnZe0KENzHj2kQ",,"0",,"2024-10-04T08:00:02.000Z",,,,,,,,,,,,,,,,,,,,,,,,,,,,,,,,,,,,,"https://www.youtube.com/@tokder-tv/shorts","2DdOk4bcwzE",,"https://www.youtube.com/@tokder-tv/videos","false","false",,"58",,,"98500","13",,"https://tokodeeres.com/","https://i.ytimg.com/vi/2DdOk4bcwzE/oar2.jpg?sqp=-oaymwEdCJUDENAFSFWQAgHyq4qpAwwIARUAAIhCcAHAAQY=&rs=AOn4CLDCq_bGQIQL_koMb-q5t4U56mMO9Q","6 Pupuk Kalium Humat, Pelebat Buah Sekaligus Penyubur Tanah","shorts","https://www.youtube.com/shorts/2DdOk4bcwzE","2500"
"https://yt3.googleusercontent.com/t56EZveYFbzejXlNgJL4S__j3F7Ced8Hjfr0cdl-zXZQjuyx-tPvR2p7yqLQqVPrGQlohynp_g=s160-c-k-c0x00ffffff-no-rj","https://yt3.googleusercontent.com/TTymlnY_1y3b-Fhq3uQLigjMub_fc52Sh6_qJ-DLhyKQ1YUrGRFCOv2t4o3JR3Jf6w1VUm3urA=w2560-fcrop64=1,00005a57ffffa5a8-k-c0xffffffff-no-nd-rj","Every day, there are new videos! Let's subscribe!","Website","https://tokodeeres.com/","Shopee","https://shopee.co.id/tokder","Tokopedia","https://www.tokopedia.com/tokder","Whatsapp","https://wa.me/6281291099109","UC1wIvd8HotnZe0KENzHj2kQ","Mar 8, 2018","Indonesia","Tokder","2798","27806102","https://www.youtube.com/channel/UC1wIvd8HotnZe0KENzHj2kQ",,"0",,"2024-10-04T00:00:00.000Z",,,,,,,,,,,,,,,,,,,,,,,,,,,,,,,,,,,,,"https://www.youtube.com/@tokder-tv/shorts","nyT4IB76mG8",,"https://www.youtube.com/@tokder-tv/videos","false","false",,"19",,,"98500","11",,"https://tokodeeres.com/","https://i.ytimg.com/vi/nyT4IB76mG8/oar2.jpg?sqp=-oaymwEdCJUDENAFSFWQAgHyq4qpAwwIARUAAIhCcAHAAQY=&rs=AOn4CLBFGuc1rjAwIga-DyXjNXe-6Bm11A","7 Insektisida untuk Kutu Daun Paling Ampuh dan Terlaris","shorts","https://www.youtube.com/shorts/nyT4IB76mG8","980"
"https://yt3.googleusercontent.com/t56EZveYFbzejXlNgJL4S__j3F7Ced8Hjfr0cdl-zXZQjuyx-tPvR2p7yqLQqVPrGQlohynp_g=s160-c-k-c0x00ffffff-no-rj","https://yt3.googleusercontent.com/TTymlnY_1y3b-Fhq3uQLigjMub_fc52Sh6_qJ-DLhyKQ1YUrGRFCOv2t4o3JR3Jf6w1VUm3urA=w2560-fcrop64=1,00005a57ffffa5a8-k-c0xffffffff-no-nd-rj","Every day, there are new videos! Let's subscribe!","Website","https://tokodeeres.com/","Shopee","https://shopee.co.id/tokder","Tokopedia","https://www.tokopedia.com/tokder","Whatsapp","https://wa.me/6281291099109","UC1wIvd8HotnZe0KENzHj2kQ","Mar 8, 2018","Indonesia","Tokder","2798","27806102","https://www.youtube.com/channel/UC1wIvd8HotnZe0KENzHj2kQ",,"2",,"2024-10-04T00:00:00.000Z",,,,,,,,,,,,,,,,,,,,,,,,,,,,,,,,,,,,,"https://www.youtube.com/@tokder-tv/shorts","drhPnFfuqD4",,"https://www.youtube.com/@tokder-tv/videos","false","false",,"20",,,"98500","12",,"https://tokodeeres.com/","https://i.ytimg.com/vi/drhPnFfuqD4/oar2.jpg?sqp=-oaymwEdCJUDENAFSFWQAgHyq4qpAwwIARUAAIhCcAHAAQY=&rs=AOn4CLA39m6LBqPMYsOWgeXkKHUMj7Dolg","7 Fungisida Bahan Aktif Ganda, Harga Murah dan Amp","shorts","https://www.youtube.com/shorts/drhPnFfuqD4","687"
"https://yt3.googleusercontent.com/t56EZveYFbzejXlNgJL4S__j3F7Ced8Hjfr0cdl-zXZQjuyx-tPvR2p7yqLQqVPrGQlohynp_g=s160-c-k-c0x00ffffff-no-rj","https://yt3.googleusercontent.com/TTymlnY_1y3b-Fhq3uQLigjMub_fc52Sh6_qJ-DLhyKQ1YUrGRFCOv2t4o3JR3Jf6w1VUm3urA=w2560-fcrop64=1,00005a57ffffa5a8-k-c0xffffffff-no-nd-rj","Every day, there are new videos! Let's subscribe!","Website","https://tokodeeres.com/","Shopee","https://shopee.co.id/tokder","Tokopedia","https://www.tokopedia.com/tokder","Whatsapp","https://wa.me/6281291099109","UC1wIvd8HotnZe0KENzHj2kQ","Mar 8, 2018","Indonesia","Tokder","2798","27806102","https://www.youtube.com/channel/UC1wIvd8HotnZe0KENzHj2kQ",,"1",,"2024-10-05T13:00:29.000Z",,,,,,,,,,,,,,,,,,,,,,,,,,,,,,,,,,,,,"https://www.youtube.com/@tokder-tv/shorts","JqwD-VfUp8w",,"https://www.youtube.com/@tokder-tv/videos","false","false",,"49",,,"98500","8",,"https://tokodeeres.com/","https://i.ytimg.com/vi/JqwD-VfUp8w/oar2.jpg?sqp=-oaymwEdCJUDENAFSFWQAgHyq4qpAwwIARUAAIhCcAHAAQY=&rs=AOn4CLDjSyzTAL5IZsDnIdxlBbv9p2dhYg","Mari Bahas Bahan Aktif Penting Untuk Perlindungan Tanaman","shorts","https://www.youtube.com/shorts/JqwD-VfUp8w","4206"
"https://yt3.googleusercontent.com/t56EZveYFbzejXlNgJL4S__j3F7Ced8Hjfr0cdl-zXZQjuyx-tPvR2p7yqLQqVPrGQlohynp_g=s160-c-k-c0x00ffffff-no-rj","https://yt3.googleusercontent.com/TTymlnY_1y3b-Fhq3uQLigjMub_fc52Sh6_qJ-DLhyKQ1YUrGRFCOv2t4o3JR3Jf6w1VUm3urA=w2560-fcrop64=1,00005a57ffffa5a8-k-c0xffffffff-no-nd-rj","Every day, there are new videos! Let's subscribe!","Website","https://tokodeeres.com/","Shopee","https://shopee.co.id/tokder","Tokopedia","https://www.tokopedia.com/tokder","Whatsapp","https://wa.me/6281291099109","UC1wIvd8HotnZe0KENzHj2kQ","Mar 8, 2018","Indonesia","Tokder","2798","27806102","https://www.youtube.com/channel/UC1wIvd8HotnZe0KENzHj2kQ",,"0",,"2024-10-02T14:00:40.000Z",,,,,,,,,,,,,,,,,,,,,,,,,,,,,,,,,,,,,"https://www.youtube.com/@tokder-tv/shorts","gF_Y6ehyIxM",,"https://www.youtube.com/@tokder-tv/videos","false","false",,"54",,,"98500","20",,"https://tokodeeres.com/","https://i.ytimg.com/vi/gF_Y6ehyIxM/oar2.jpg?sqp=-oaymwEdCJUDENAFSFWQAgHyq4qpAwwIARUAAIhCcAHAAQY=&rs=AOn4CLBp-aApQdOwgqlHsD555tE1VsPopg","Ciri Ciri Tanah Subur Untuk Para Juragan","shorts","https://www.youtube.com/shorts/gF_Y6ehyIxM","4919"
"https://yt3.googleusercontent.com/t56EZveYFbzejXlNgJL4S__j3F7Ced8Hjfr0cdl-zXZQjuyx-tPvR2p7yqLQqVPrGQlohynp_g=s160-c-k-c0x00ffffff-no-rj","https://yt3.googleusercontent.com/TTymlnY_1y3b-Fhq3uQLigjMub_fc52Sh6_qJ-DLhyKQ1YUrGRFCOv2t4o3JR3Jf6w1VUm3urA=w2560-fcrop64=1,00005a57ffffa5a8-k-c0xffffffff-no-nd-rj","Every day, there are new videos! Let's subscribe!","Website","https://tokodeeres.com/","Shopee","https://shopee.co.id/tokder","Tokopedia","https://www.tokopedia.com/tokder","Whatsapp","https://wa.me/6281291099109","UC1wIvd8HotnZe0KENzHj2kQ","Mar 8, 2018","Indonesia","Tokder","2798","27806102","https://www.youtube.com/channel/UC1wIvd8HotnZe0KENzHj2kQ",,"0",,"2024-10-04T00:00:00.000Z",,,,,,,,,,,,,,,,,,,,,,,,,,,,,,,,,,,,,"https://www.youtube.com/@tokder-tv/shorts","QnmOnDudibU",,"https://www.youtube.com/@tokder-tv/videos","false","false",,"21",,,"98500","10",,"https://tokodeeres.com/","https://i.ytimg.com/vi/QnmOnDudibU/oar2.jpg?sqp=-oaymwEdCJUDENAFSFWQAgHyq4qpAwwIARUAAIhCcAHAAQY=&rs=AOn4CLANKx9ifnyojWB8hngRpiDCK5LLpQ","8 Insektisida Murah, Ampuh Basmi Hama Trips dan Kutu Daun, Harga Kurang dari 30 Ribu","shorts","https://www.youtube.com/shorts/QnmOnDudibU","935"
"https://yt3.googleusercontent.com/t56EZveYFbzejXlNgJL4S__j3F7Ced8Hjfr0cdl-zXZQjuyx-tPvR2p7yqLQqVPrGQlohynp_g=s160-c-k-c0x00ffffff-no-rj","https://yt3.googleusercontent.com/TTymlnY_1y3b-Fhq3uQLigjMub_fc52Sh6_qJ-DLhyKQ1YUrGRFCOv2t4o3JR3Jf6w1VUm3urA=w2560-fcrop64=1,00005a57ffffa5a8-k-c0xffffffff-no-nd-rj","Every day, there are new videos! Let's subscribe!","Website","https://tokodeeres.com/","Shopee","https://shopee.co.id/tokder","Tokopedia","https://www.tokopedia.com/tokder","Whatsapp","https://wa.me/6281291099109","UC1wIvd8HotnZe0KENzHj2kQ","Mar 8, 2018","Indonesia","Tokder","2798","27806102","https://www.youtube.com/channel/UC1wIvd8HotnZe0KENzHj2kQ",,"0",,"2024-10-05T00:00:00.000Z",,,,,,,,,,,,,,,,,,,,,,,,,,,,,,,,,,,,,"https://www.youtube.com/@tokder-tv/shorts","jQyR43xFau8",,"https://www.youtube.com/@tokder-tv/videos","false","false",,"19",,,"98500","6",,"https://tokodeeres.com/","https://i.ytimg.com/vi/jQyR43xFau8/oar2.jpg?sqp=-oaymwEdCJUDENAFSFWQAgHyq4qpAwwIARUAAIhCcAHAAQY=&rs=AOn4CLAPWxvN74kO6TsnOkeWqm0tLOb8vA","8 Pupuk KNO3 Putih, Kalium Nitrat Tertinggi","shorts","https://www.youtube.com/shorts/jQyR43xFau8","980"
"https://yt3.googleusercontent.com/t56EZveYFbzejXlNgJL4S__j3F7Ced8Hjfr0cdl-zXZQjuyx-tPvR2p7yqLQqVPrGQlohynp_g=s160-c-k-c0x00ffffff-no-rj","https://yt3.googleusercontent.com/TTymlnY_1y3b-Fhq3uQLigjMub_fc52Sh6_qJ-DLhyKQ1YUrGRFCOv2t4o3JR3Jf6w1VUm3urA=w2560-fcrop64=1,00005a57ffffa5a8-k-c0xffffffff-no-nd-rj","Every day, there are new videos! Let's subscribe!","Website","https://tokodeeres.com/","Shopee","https://shopee.co.id/tokder","Tokopedia","https://www.tokopedia.com/tokder","Whatsapp","https://wa.me/6281291099109","UC1wIvd8HotnZe0KENzHj2kQ","Mar 8, 2018","Indonesia","Tokder","2798","27806102","https://www.youtube.com/channel/UC1wIvd8HotnZe0KENzHj2kQ",,"0",,"2024-10-05T00:00:00.000Z",,,,,,,,,,,,,,,,,,,,,,,,,,,,,,,,,,,,,"https://www.youtube.com/@tokder-tv/shorts","FGEYjJnvxH4",,"https://www.youtube.com/@tokder-tv/videos","false","false",,"74",,,"98500","4",,"https://tokodeeres.com/","https://i.ytimg.com/vi/FGEYjJnvxH4/oar2.jpg?sqp=-oaymwEdCJUDENAFSFWQAgHyq4qpAwwIARUAAIhCcAHAAQY=&rs=AOn4CLBm1in9jnKkDfVGQup8vew-syIsTg","Duet Maut Insektisida Endure Campur Avidor! Ampuh Bunuh Hama Trips Kebal","shorts","https://www.youtube.com/shorts/FGEYjJnvxH4","3386"
"https://yt3.googleusercontent.com/t56EZveYFbzejXlNgJL4S__j3F7Ced8Hjfr0cdl-zXZQjuyx-tPvR2p7yqLQqVPrGQlohynp_g=s160-c-k-c0x00ffffff-no-rj","https://yt3.googleusercontent.com/TTymlnY_1y3b-Fhq3uQLigjMub_fc52Sh6_qJ-DLhyKQ1YUrGRFCOv2t4o3JR3Jf6w1VUm3urA=w2560-fcrop64=1,00005a57ffffa5a8-k-c0xffffffff-no-nd-rj","Every day, there are new videos! Let's subscribe!","Website","https://tokodeeres.com/","Shopee","https://shopee.co.id/tokder","Tokopedia","https://www.tokopedia.com/tokder","Whatsapp","https://wa.me/6281291099109","UC1wIvd8HotnZe0KENzHj2kQ","Mar 8, 2018","Indonesia","Tokder","2798","27806102","https://www.youtube.com/channel/UC1wIvd8HotnZe0KENzHj2kQ",,"2",,"2024-10-06T02:00:10.000Z",,,,,,,,,,,,,,,,,,,,,,,,,,,,,,,,,,,,,"https://www.youtube.com/@tokder-tv/shorts","EW1q8EVDNKc",,"https://www.youtube.com/@tokder-tv/videos","false","false",,"46",,,"98500","5",,"https://tokodeeres.com/","https://i.ytimg.com/vi/EW1q8EVDNKc/oar2.jpg?sqp=-oaymwEdCJUDENAFSFWQAgHyq4qpAwwIARUAAIhCcAHAAQY=&rs=AOn4CLAt4JO8xRr37CjwIZYaCF1nsk6MPA","Fungisida Spektrum Luas Terlaris, Antracol, Amistartop, dan Nativo","shorts","https://www.youtube.com/shorts/EW1q8EVDNKc","2138"
"https://yt3.googleusercontent.com/t56EZveYFbzejXlNgJL4S__j3F7Ced8Hjfr0cdl-zXZQjuyx-tPvR2p7yqLQqVPrGQlohynp_g=s160-c-k-c0x00ffffff-no-rj","https://yt3.googleusercontent.com/TTymlnY_1y3b-Fhq3uQLigjMub_fc52Sh6_qJ-DLhyKQ1YUrGRFCOv2t4o3JR3Jf6w1VUm3urA=w2560-fcrop64=1,00005a57ffffa5a8-k-c0xffffffff-no-nd-rj","Every day, there are new videos! Let's subscribe!","Website","https://tokodeeres.com/","Shopee","https://shopee.co.id/tokder","Tokopedia","https://www.tokopedia.com/tokder","Whatsapp","https://wa.me/6281291099109","UC1wIvd8HotnZe0KENzHj2kQ","Mar 8, 2018","Indonesia","Tokder","2798","27806102","https://www.youtube.com/channel/UC1wIvd8HotnZe0KENzHj2kQ",,"0",,"2024-10-06T00:00:00.000Z",,,,,,,,,,,,,,,,,,,,,,,,,,,,,,,,,,,,,"https://www.youtube.com/@tokder-tv/shorts","hAb6_It4MEY",,"https://www.youtube.com/@tokder-tv/videos","false","false",,"38",,,"98500","3",,"https://tokodeeres.com/","https://i.ytimg.com/vi/hAb6_It4MEY/oar2.jpg?sqp=-oaymwEdCJUDENAFSFWQAgHyq4qpAwwIARUAAIhCcAHAAQY=&rs=AOn4CLByihcBe7usHkSbym5qwU4GThbuQw","6 Fungisida Resisten Tinggi, Ampuh Tapi Resiko","shorts","https://www.youtube.com/shorts/hAb6_It4MEY","1976"
"https://yt3.googleusercontent.com/t56EZveYFbzejXlNgJL4S__j3F7Ced8Hjfr0cdl-zXZQjuyx-tPvR2p7yqLQqVPrGQlohynp_g=s160-c-k-c0x00ffffff-no-rj","https://yt3.googleusercontent.com/TTymlnY_1y3b-Fhq3uQLigjMub_fc52Sh6_qJ-DLhyKQ1YUrGRFCOv2t4o3JR3Jf6w1VUm3urA=w2560-fcrop64=1,00005a57ffffa5a8-k-c0xffffffff-no-nd-rj","Every day, there are new videos! Let's subscribe!","Website","https://tokodeeres.com/","Shopee","https://shopee.co.id/tokder","Tokopedia","https://www.tokopedia.com/tokder","Whatsapp","https://wa.me/6281291099109","UC1wIvd8HotnZe0KENzHj2kQ","Mar 8, 2018","Indonesia","Tokder","2798","27806102","https://www.youtube.com/channel/UC1wIvd8HotnZe0KENzHj2kQ",,"5","false","2024-10-03T11:00:36.000Z",,"0:00","https://www.youtube.com/watch?v=Uno4ECETNRI&t=0s","0:31","https://www.youtube.com/watch?v=Uno4ECETNRI&t=31s","1:28","https://www.youtube.com/watch?v=Uno4ECETNRI&t=88s","1:52","https://www.youtube.com/watch?v=Uno4ECETNRI&t=112s","3:07","https://www.youtube.com/watch?v=Uno4ECETNRI&t=187s","3:58","https://www.youtube.com/watch?v=Uno4ECETNRI&t=238s","5:44","https://www.youtube.com/watch?v=Uno4ECETNRI&t=344s","https://s.shopee.co.id/AUaxHOfa1Z","https://s.shopee.co.id/AUaxHOfa1Z","https://s.shopee.co.id/9A5ZmlbDmn","https://s.shopee.co.id/9A5ZmlbDmn","https://s.shopee.co.id/3VRD2bzby5","https://s.shopee.co.id/3VRD2bzby5","https://s.shopee.co.id/3fkdFEvIWS","https://s.shopee.co.id/3fkdFEvIWS","https://s.shopee.co.id/5pp7pke7Qd","https://s.shopee.co.id/5pp7pke7Qd","https://s.shopee.co.id/8KWSoZtkCv","https://s.shopee.co.id/8KWSoZtkCv","https://s.shopee.co.id/LUBI0gU9m","https://s.shopee.co.id/LUBI0gU9m","https://tokodeeres.com/","https://tokodeeres.com/",,,,,"00:06:54","https://www.youtube.com/@tokder-tv/videos","Uno4ECETNRI",,"https://www.youtube.com/@tokder-tv/videos","false","false",,"31",,,"98500",,,"0:00 Opening
0:31 Gejala serangan ulat grayak
1:28 Rekomendasi rolingan insektisida
1:52  Rollingan pertama
3:07  Rollingan kedua
3:58  Rollingan Ketiga
4:40Rollingan Keempat
5:44 Rollingan Kelima

Link Produk :
Metindo 40 SP : https://s.shopee.co.id/AUaxHOfa1Z  
Sibadas 500 EC : https://s.shopee.co.id/9A5ZmlbDmn  
Ammate 150 EC : https://s.shopee.co.id/3VRD2bzby5  
Fenite 150 OD : https://s.shopee.co.id/3fkdFEvIWS  
Matador 25 EC : https://s.shopee.co.id/5pp7pke7Qd  
Decis 25 EC  : https://s.shopee.co.id/8KWSoZtkCv  
Laviron 100/20 ZC : https://s.shopee.co.id/LUBI0gU9m  

Kritik dan Saran
Wa 0812- 9109 - 9109
https://tokodeeres.com/

Fenite insektisida 
Gejala serangan ulat grayak 
Metindo insektisida 
Hama ulat grayak
Decis insektisida
Bahan aktif indoksakarb 
Laviron insektisida
Bahan aktif insektisida ulat grayak 
Cara membasmi ulat grayak 
Resistensi insektisida
Bahan aktif metomil
Ammate insektisida
Serangan hama ulat grayak musim kemarau
Dharmabas insektisida 
Bahan aktif novaluron","https://i.ytimg.com/vi/Uno4ECETNRI/hqdefault.jpg","7 Bahan Aktif Insektisida Atasi Resistensi Ulat Grayak Tanaman Cabe","video","https://www.youtube.com/watch?v=Uno4ECETNRI","1455"
"https://yt3.googleusercontent.com/t56EZveYFbzejXlNgJL4S__j3F7Ced8Hjfr0cdl-zXZQjuyx-tPvR2p7yqLQqVPrGQlohynp_g=s160-c-k-c0x00ffffff-no-rj","https://yt3.googleusercontent.com/TTymlnY_1y3b-Fhq3uQLigjMub_fc52Sh6_qJ-DLhyKQ1YUrGRFCOv2t4o3JR3Jf6w1VUm3urA=w2560-fcrop64=1,00005a57ffffa5a8-k-c0xffffffff-no-nd-rj","Every day, there are new videos! Let's subscribe!","Website","https://tokodeeres.com/","Shopee","https://shopee.co.id/tokder","Tokopedia","https://www.tokopedia.com/tokder","Whatsapp","https://wa.me/6281291099109","UC1wIvd8HotnZe0KENzHj2kQ","Mar 8, 2018","Indonesia","Tokder","2798","27806102","https://www.youtube.com/channel/UC1wIvd8HotnZe0KENzHj2kQ",,"1",,"2024-10-03T08:00:37.000Z",,,,,,,,,,,,,,,,,,,,,,,,,,,,,,,,,,,,,"https://www.youtube.com/@tokder-tv/shorts","nLU0UacV8us",,"https://www.youtube.com/@tokder-tv/videos","false","false",,"49",,,"98500","17",,"https://tokodeeres.com/","https://i.ytimg.com/vi/nLU0UacV8us/oar2.jpg?sqp=-oaymwEdCJUDENAFSFWQAgHyq4qpAwwIARUAAIhCcAHAAQY=&rs=AOn4CLD0kDhsAJdZDwPUCCfwSCBIA9cjPg","6 Fungisida + ZPT Harga Ramah, Cabe Rawit Cepat Pulih","shorts","https://www.youtube.com/shorts/nLU0UacV8us","2057"
"https://yt3.googleusercontent.com/t56EZveYFbzejXlNgJL4S__j3F7Ced8Hjfr0cdl-zXZQjuyx-tPvR2p7yqLQqVPrGQlohynp_g=s160-c-k-c0x00ffffff-no-rj","https://yt3.googleusercontent.com/TTymlnY_1y3b-Fhq3uQLigjMub_fc52Sh6_qJ-DLhyKQ1YUrGRFCOv2t4o3JR3Jf6w1VUm3urA=w2560-fcrop64=1,00005a57ffffa5a8-k-c0xffffffff-no-nd-rj","Every day, there are new videos! Let's subscribe!","Website","https://tokodeeres.com/","Shopee","https://shopee.co.id/tokder","Tokopedia","https://www.tokopedia.com/tokder","Whatsapp","https://wa.me/6281291099109","UC1wIvd8HotnZe0KENzHj2kQ","Mar 8, 2018","Indonesia","Tokder","2798","27806102","https://www.youtube.com/channel/UC1wIvd8HotnZe0KENzHj2kQ",,"1",,"2024-10-05T08:00:03.000Z",,,,,,,,,,,,,,,,,,,,,,,,,,,,,,,,,,,,,"https://www.youtube.com/@tokder-tv/shorts","aOjIVrW3WgE",,"https://www.youtube.com/@tokder-tv/videos","false","false",,"38",,,"98500","9",,"https://tokodeeres.com/","https://i.ytimg.com/vi/aOjIVrW3WgE/oar2.jpg?sqp=-oaymwEdCJUDENAFSFWQAgHyq4qpAwwIARUAAIhCcAHAAQY=&rs=AOn4CLDo9jkrYW3gbJ3S9ORb54w_POewJw","8 Pupuk Kalsium + Mikro, Pelengkap Paling Komplit","shorts","https://www.youtube.com/shorts/aOjIVrW3WgE","1819"
"https://yt3.googleusercontent.com/t56EZveYFbzejXlNgJL4S__j3F7Ced8Hjfr0cdl-zXZQjuyx-tPvR2p7yqLQqVPrGQlohynp_g=s160-c-k-c0x00ffffff-no-rj","https://yt3.googleusercontent.com/TTymlnY_1y3b-Fhq3uQLigjMub_fc52Sh6_qJ-DLhyKQ1YUrGRFCOv2t4o3JR3Jf6w1VUm3urA=w2560-fcrop64=1,00005a57ffffa5a8-k-c0xffffffff-no-nd-rj","Every day, there are new videos! Let's subscribe!","Website","https://tokodeeres.com/","Shopee","https://shopee.co.id/tokder","Tokopedia","https://www.tokopedia.com/tokder","Whatsapp","https://wa.me/6281291099109","UC1wIvd8HotnZe0KENzHj2kQ","Mar 8, 2018","Indonesia","Tokder","2798","27806102","https://www.youtube.com/channel/UC1wIvd8HotnZe0KENzHj2kQ",,"2",,"2024-10-05T14:00:03.000Z",,,,,,,,,,,,,,,,,,,,,,,,,,,,,,,,,,,,,"https://www.youtube.com/@tokder-tv/shorts","26MRuUOkago",,"https://www.youtube.com/@tokder-tv/videos","false","false",,"62",,,"98500","7",,"https://tokodeeres.com/","https://i.ytimg.com/vi/26MRuUOkago/oar2.jpg?sqp=-oaymwEdCJUDENAFSFWQAgHyq4qpAwwIARUAAIhCcAHAAQY=&rs=AOn4CLBkMJje3pehEFow9n7cxsKzdjiJfQ","Mari Bahas Mengenai Cabe Pilar F1","shorts","https://www.youtube.com/shorts/26MRuUOkago","3201"
"https://yt3.googleusercontent.com/t56EZveYFbzejXlNgJL4S__j3F7Ced8Hjfr0cdl-zXZQjuyx-tPvR2p7yqLQqVPrGQlohynp_g=s160-c-k-c0x00ffffff-no-rj","https://yt3.googleusercontent.com/TTymlnY_1y3b-Fhq3uQLigjMub_fc52Sh6_qJ-DLhyKQ1YUrGRFCOv2t4o3JR3Jf6w1VUm3urA=w2560-fcrop64=1,00005a57ffffa5a8-k-c0xffffffff-no-nd-rj","Every day, there are new videos! Let's subscribe!","Website","https://tokodeeres.com/","Shopee","https://shopee.co.id/tokder","Tokopedia","https://www.tokopedia.com/tokder","Whatsapp","https://wa.me/6281291099109","UC1wIvd8HotnZe0KENzHj2kQ","Mar 8, 2018","Indonesia","Tokder","2798","27806102","https://www.youtube.com/channel/UC1wIvd8HotnZe0KENzHj2kQ",,"0",,"2024-10-06T00:00:00.000Z",,,,,,,,,,,,,,,,,,,,,,,,,,,,,,,,,,,,,"https://www.youtube.com/@tokder-tv/shorts","jCibxYe2eDk",,"https://www.youtube.com/@tokder-tv/videos","false","false",,"16",,,"98500","1",,"https://tokodeeres.com/","https://i.ytimg.com/vi/jCibxYe2eDk/oar2.jpg?sqp=-oaymwEdCJUDENAFSFWQAgHyq4qpAwwIARUAAIhCcAHAAQY=&rs=AOn4CLConGAn1dGzXYgFSp2TmU67ewJrnQ","2 Rollingan Insektisida! Hama Trips, Tungau, Kutu Daun Langsung Ambrol Sekaligus!","shorts","https://www.youtube.com/shorts/jCibxYe2eDk","717"
"https://yt3.googleusercontent.com/t56EZveYFbzejXlNgJL4S__j3F7Ced8Hjfr0cdl-zXZQjuyx-tPvR2p7yqLQqVPrGQlohynp_g=s160-c-k-c0x00ffffff-no-rj","https://yt3.googleusercontent.com/TTymlnY_1y3b-Fhq3uQLigjMub_fc52Sh6_qJ-DLhyKQ1YUrGRFCOv2t4o3JR3Jf6w1VUm3urA=w2560-fcrop64=1,00005a57ffffa5a8-k-c0xffffffff-no-nd-rj","Every day, there are new videos! Let's subscribe!","Website","https://tokodeeres.com/","Shopee","https://shopee.co.id/tokder","Tokopedia","https://www.tokopedia.com/tokder","Whatsapp","https://wa.me/6281291099109","UC1wIvd8HotnZe0KENzHj2kQ","Mar 8, 2018","Indonesia","Tokder","2798","27806102","https://www.youtube.com/channel/UC1wIvd8HotnZe0KENzHj2kQ",,"0",,"2024-10-06T00:00:00.000Z",,,,,,,,,,,,,,,,,,,,,,,,,,,,,,,,,,,,,"https://www.youtube.com/@tokder-tv/shorts","le_Qo14CJJE",,"https://www.youtube.com/@tokder-tv/videos","false","false",,"27",,,"98500","2",,"https://tokodeeres.com/","https://i.ytimg.com/vi/le_Qo14CJJE/oar2.jpg?sqp=-oaymwEdCJUDENAFSFWQAgHyq4qpAwwIARUAAIhCcAHAAQY=&rs=AOn4CLDpB3tVSQA5_I9zSOcddioErCkBBg","5 Insektisida Kontak dan Sistemik Kutu Trips Tungau Lalat Buah, Bahan Aktif Pilihan","shorts","https://www.youtube.com/shorts/le_Qo14CJJE","1421"
"https://yt3.googleusercontent.com/t56EZveYFbzejXlNgJL4S__j3F7Ced8Hjfr0cdl-zXZQjuyx-tPvR2p7yqLQqVPrGQlohynp_g=s160-c-k-c0x00ffffff-no-rj","https://yt3.googleusercontent.com/TTymlnY_1y3b-Fhq3uQLigjMub_fc52Sh6_qJ-DLhyKQ1YUrGRFCOv2t4o3JR3Jf6w1VUm3urA=w2560-fcrop64=1,00005a57ffffa5a8-k-c0xffffffff-no-nd-rj","Every day, there are new videos! Let's subscribe!","Website","https://tokodeeres.com/","Shopee","https://shopee.co.id/tokder","Tokopedia","https://www.tokopedia.com/tokder","Whatsapp","https://wa.me/6281291099109","UC1wIvd8HotnZe0KENzHj2kQ","Mar 8, 2018","Indonesia","Tokder","2798","27806102","https://www.youtube.com/channel/UC1wIvd8HotnZe0KENzHj2kQ",,"0",,"2024-10-06T00:00:00.000Z",,,,,,,,,,,,,,,,,,,,,,,,,,,,,,,,,,,,,"https://www.youtube.com/@tokder-tv/shorts","eXMdQ_FlXvk",,"https://www.youtube.com/@tokder-tv/videos","false","false",,"2",,,"98500","0",,"https://tokodeeres.com/","https://i.ytimg.com/vi/eXMdQ_FlXvk/oar2.jpg?sqp=-oaymwEdCJUDENAFSFWQAgHyq4qpAwwIARUAAIhCcAHAAQY=&rs=AOn4CLC0PHJRVZJeI8b1SiNkOu3bZ-vuMA","Triple Mode Of Action! 6 Insektisida 3 Racun Sekaligus, Hama Langsung Mati","shorts","https://www.youtube.com/shorts/eXMdQ_FlXvk","72"
"https://yt3.googleusercontent.com/t56EZveYFbzejXlNgJL4S__j3F7Ced8Hjfr0cdl-zXZQjuyx-tPvR2p7yqLQqVPrGQlohynp_g=s160-c-k-c0x00ffffff-no-rj","https://yt3.googleusercontent.com/TTymlnY_1y3b-Fhq3uQLigjMub_fc52Sh6_qJ-DLhyKQ1YUrGRFCOv2t4o3JR3Jf6w1VUm3urA=w2560-fcrop64=1,00005a57ffffa5a8-k-c0xffffffff-no-nd-rj","Every day, there are new videos! Let's subscribe!","Website","https://tokodeeres.com/","Shopee","https://shopee.co.id/tokder","Tokopedia","https://www.tokopedia.com/tokder","Whatsapp","https://wa.me/6281291099109","UC1wIvd8HotnZe0KENzHj2kQ","Mar 8, 2018","Indonesia","Tokder","2798","27806102","https://www.youtube.com/channel/UC1wIvd8HotnZe0KENzHj2kQ",,"1",,"2024-09-30T02:00:33.000Z",,,,,,,,,,,,,,,,,,,,,,,,,,,,,,,,,,,,,"https://www.youtube.com/@tokder-tv/shorts","jDOhKsAb_8o",,"https://www.youtube.com/@tokder-tv/videos","false","false",,"45",,,"98500","37",,"https://tokodeeres.com/","https://i.ytimg.com/vi/jDOhKsAb_8o/oar2.jpg?sqp=-oaymwEdCJUDENAFSFWQAgHyq4qpAwwIARUAAIhCcAHAAQY=&rs=AOn4CLCb6nUq7WIulYiDoii3f6XmS1Zy2A","6 Pupuk Anti Virus, Bisa Usir Virus Kuning?","shorts","https://www.youtube.com/shorts/jDOhKsAb_8o","2856"
"https://yt3.googleusercontent.com/t56EZveYFbzejXlNgJL4S__j3F7Ced8Hjfr0cdl-zXZQjuyx-tPvR2p7yqLQqVPrGQlohynp_g=s160-c-k-c0x00ffffff-no-rj","https://yt3.googleusercontent.com/TTymlnY_1y3b-Fhq3uQLigjMub_fc52Sh6_qJ-DLhyKQ1YUrGRFCOv2t4o3JR3Jf6w1VUm3urA=w2560-fcrop64=1,00005a57ffffa5a8-k-c0xffffffff-no-nd-rj","Every day, there are new videos! Let's subscribe!","Website","https://tokodeeres.com/","Shopee","https://shopee.co.id/tokder","Tokopedia","https://www.tokopedia.com/tokder","Whatsapp","https://wa.me/6281291099109","UC1wIvd8HotnZe0KENzHj2kQ","Mar 8, 2018","Indonesia","Tokder","2798","27806102","https://www.youtube.com/channel/UC1wIvd8HotnZe0KENzHj2kQ",,"0",,"2024-10-01T14:00:07.000Z",,,,,,,,,,,,,,,,,,,,,,,,,,,,,,,,,,,,,"https://www.youtube.com/@tokder-tv/shorts","8-oQFkLMMI4",,"https://www.youtube.com/@tokder-tv/videos","false","false",,"79",,,"98500","28",,"https://tokodeeres.com/","https://i.ytimg.com/vi/8-oQFkLMMI4/oar2.jpg?sqp=-oaymwEdCJUDENAFSFWQAgHyq4qpAwwIARUAAIhCcAHAAQY=&rs=AOn4CLDyXgk9nPDgOBPxBn_dKCYuEetcOg","Pupuk Meroke SOP Campur Ultradap Musim Kemarau, Masa Bunga Buah","shorts","https://www.youtube.com/shorts/8-oQFkLMMI4","5351"
"https://yt3.googleusercontent.com/t56EZveYFbzejXlNgJL4S__j3F7Ced8Hjfr0cdl-zXZQjuyx-tPvR2p7yqLQqVPrGQlohynp_g=s160-c-k-c0x00ffffff-no-rj","https://yt3.googleusercontent.com/TTymlnY_1y3b-Fhq3uQLigjMub_fc52Sh6_qJ-DLhyKQ1YUrGRFCOv2t4o3JR3Jf6w1VUm3urA=w2560-fcrop64=1,00005a57ffffa5a8-k-c0xffffffff-no-nd-rj","Every day, there are new videos! Let's subscribe!","Website","https://tokodeeres.com/","Shopee","https://shopee.co.id/tokder","Tokopedia","https://www.tokopedia.com/tokder","Whatsapp","https://wa.me/6281291099109","UC1wIvd8HotnZe0KENzHj2kQ","Mar 8, 2018","Indonesia","Tokder","2798","27806102","https://www.youtube.com/channel/UC1wIvd8HotnZe0KENzHj2kQ",,"0",,"2024-10-01T00:00:00.000Z",,,,,,,,,,,,,,,,,,,,,,,,,,,,,,,,,,,,,"https://www.youtube.com/@tokder-tv/shorts","QztKE-qCP54",,"https://www.youtube.com/@tokder-tv/videos","false","false",,"55",,,"98500","29",,"https://tokodeeres.com/","https://i.ytimg.com/vi/QztKE-qCP54/oar2.jpg?sqp=-oaymwEdCJUDENAFSFWQAgHyq4qpAwwIARUAAIhCcAHAAQY=&rs=AOn4CLDXMUl-MiTPwHdVQyQzLwnPz1t_Qw","Nutrisi Kocor Penyubur Tanamam Sekaligus Tanah Paling Joss! Awal Musim Hujan","shorts","https://www.youtube.com/shorts/QztKE-qCP54","3594"
"https://yt3.googleusercontent.com/t56EZveYFbzejXlNgJL4S__j3F7Ced8Hjfr0cdl-zXZQjuyx-tPvR2p7yqLQqVPrGQlohynp_g=s160-c-k-c0x00ffffff-no-rj","https://yt3.googleusercontent.com/TTymlnY_1y3b-Fhq3uQLigjMub_fc52Sh6_qJ-DLhyKQ1YUrGRFCOv2t4o3JR3Jf6w1VUm3urA=w2560-fcrop64=1,00005a57ffffa5a8-k-c0xffffffff-no-nd-rj","Every day, there are new videos! Let's subscribe!","Website","https://tokodeeres.com/","Shopee","https://shopee.co.id/tokder","Tokopedia","https://www.tokopedia.com/tokder","Whatsapp","https://wa.me/6281291099109","UC1wIvd8HotnZe0KENzHj2kQ","Mar 8, 2018","Indonesia","Tokder","2798","27806102","https://www.youtube.com/channel/UC1wIvd8HotnZe0KENzHj2kQ",,"4",,"2024-10-01T00:00:00.000Z",,,,,,,,,,,,,,,,,,,,,,,,,,,,,,,,,,,,,"https://www.youtube.com/@tokder-tv/shorts","tJMOWp81i-Y",,"https://www.youtube.com/@tokder-tv/videos","false","false",,"79",,,"98500","27",,"https://tokodeeres.com/","https://i.ytimg.com/vi/tJMOWp81i-Y/oar2.jpg?sqp=-oaymwEdCJUDENAFSFWQAgHyq4qpAwwIARUAAIhCcAHAAQY=&rs=AOn4CLBKUcQBIsPVZL_NQ956cUKDF7Grdg","Cabe Barata yang Katanya Mahal","shorts","https://www.youtube.com/shorts/tJMOWp81i-Y","4726"
"https://yt3.googleusercontent.com/t56EZveYFbzejXlNgJL4S__j3F7Ced8Hjfr0cdl-zXZQjuyx-tPvR2p7yqLQqVPrGQlohynp_g=s160-c-k-c0x00ffffff-no-rj","https://yt3.googleusercontent.com/TTymlnY_1y3b-Fhq3uQLigjMub_fc52Sh6_qJ-DLhyKQ1YUrGRFCOv2t4o3JR3Jf6w1VUm3urA=w2560-fcrop64=1,00005a57ffffa5a8-k-c0xffffffff-no-nd-rj","Every day, there are new videos! Let's subscribe!","Website","https://tokodeeres.com/","Shopee","https://shopee.co.id/tokder","Tokopedia","https://www.tokopedia.com/tokder","Whatsapp","https://wa.me/6281291099109","UC1wIvd8HotnZe0KENzHj2kQ","Mar 8, 2018","Indonesia","Tokder","2798","27806102","https://www.youtube.com/channel/UC1wIvd8HotnZe0KENzHj2kQ",,"0",,"2024-10-02T02:41:35.000Z",,,,,,,,,,,,,,,,,,,,,,,,,,,,,,,,,,,,,"https://www.youtube.com/@tokder-tv/shorts","_d-wa_-KS3w",,"https://www.youtube.com/@tokder-tv/videos","false","false",,"21",,,"98500","26",,"https://tokodeeres.com/","https://i.ytimg.com/vi/_d-wa_-KS3w/oar2.jpg?sqp=-oaymwEdCJUDENAFSFWQAgHyq4qpAwwIARUAAIhCcAHAAQY=&rs=AOn4CLDQokWXJg3S4BL4ytapQG-4QoRr9w","Sekali Racik dan Semprot! Hama Trips, Tungau, Kutu Kebul, Kutu Daun, Lalat Buah Mati Sekaligus!","shorts","https://www.youtube.com/shorts/_d-wa_-KS3w","1227"
"https://yt3.googleusercontent.com/t56EZveYFbzejXlNgJL4S__j3F7Ced8Hjfr0cdl-zXZQjuyx-tPvR2p7yqLQqVPrGQlohynp_g=s160-c-k-c0x00ffffff-no-rj","https://yt3.googleusercontent.com/TTymlnY_1y3b-Fhq3uQLigjMub_fc52Sh6_qJ-DLhyKQ1YUrGRFCOv2t4o3JR3Jf6w1VUm3urA=w2560-fcrop64=1,00005a57ffffa5a8-k-c0xffffffff-no-nd-rj","Every day, there are new videos! Let's subscribe!","Website","https://tokodeeres.com/","Shopee","https://shopee.co.id/tokder","Tokopedia","https://www.tokopedia.com/tokder","Whatsapp","https://wa.me/6281291099109","UC1wIvd8HotnZe0KENzHj2kQ","Mar 8, 2018","Indonesia","Tokder","2798","27806102","https://www.youtube.com/channel/UC1wIvd8HotnZe0KENzHj2kQ",,"0",,"2024-10-01T00:00:00.000Z",,,,,,,,,,,,,,,,,,,,,,,,,,,,,,,,,,,,,"https://www.youtube.com/@tokder-tv/shorts","UjJxoxQk5QA",,"https://www.youtube.com/@tokder-tv/videos","false","false",,"17",,,"98500","25",,"https://tokodeeres.com/","https://i.ytimg.com/vi/UjJxoxQk5QA/oar2.jpg?sqp=-oaymwEdCJUDENAFSFWQAgHyq4qpAwwIARUAAIhCcAHAAQY=&rs=AOn4CLALaHP_WkPRM6DfG8m1doTDp8a12A","6 Perekat Penembus Pestisida Paling Mahal, Bisa Menjaga pH Larutan","shorts","https://www.youtube.com/shorts/UjJxoxQk5QA","770"
"https://yt3.googleusercontent.com/t56EZveYFbzejXlNgJL4S__j3F7Ced8Hjfr0cdl-zXZQjuyx-tPvR2p7yqLQqVPrGQlohynp_g=s160-c-k-c0x00ffffff-no-rj","https://yt3.googleusercontent.com/TTymlnY_1y3b-Fhq3uQLigjMub_fc52Sh6_qJ-DLhyKQ1YUrGRFCOv2t4o3JR3Jf6w1VUm3urA=w2560-fcrop64=1,00005a57ffffa5a8-k-c0xffffffff-no-nd-rj","Every day, there are new videos! Let's subscribe!","Website","https://tokodeeres.com/","Shopee","https://shopee.co.id/tokder","Tokopedia","https://www.tokopedia.com/tokder","Whatsapp","https://wa.me/6281291099109","UC1wIvd8HotnZe0KENzHj2kQ","Mar 8, 2018","Indonesia","Tokder","2798","27806102","https://www.youtube.com/channel/UC1wIvd8HotnZe0KENzHj2kQ",,"1",,"2024-10-01T08:00:00.000Z",,,,,,,,,,,,,,,,,,,,,,,,,,,,,,,,,,,,,"https://www.youtube.com/@tokder-tv/shorts","-n3MMap-SvU",,"https://www.youtube.com/@tokder-tv/videos","false","false",,"25",,,"98500","30",,"https://tokodeeres.com/","https://i.ytimg.com/vi/-n3MMap-SvU/oar2.jpg?sqp=-oaymwEdCJUDENAFSFWQAgHyq4qpAwwIARUAAIhCcAHAAQY=&rs=AOn4CLD8zeFLqvBAQKbbHwq7ZMnmyROYbw","Insektisida Abamektin Cabe, 4 Merk Dobel Bahan Aktif Campuran Terbaik","shorts","https://www.youtube.com/shorts/-n3MMap-SvU","1002"
