﻿"channelAvatarUrl","channelBannerUrl","channelDescription","channelId","channelJoinedDate","channelLocation","channelName","channelTotalVideos","channelTotalViews","channelUrl","comments","commentsCount","commentsTurnedOff","date","descriptionLinks/0/text","descriptionLinks/0/url","descriptionLinks/1/text","descriptionLinks/1/url","descriptionLinks/2/text","descriptionLinks/2/url","descriptionLinks/3/text","descriptionLinks/3/url","descriptionLinks/4/text","descriptionLinks/4/url","descriptionLinks/5/text","descriptionLinks/5/url","descriptionLinks/6/text","descriptionLinks/6/url","descriptionLinks/7/text","descriptionLinks/7/url","descriptionLinks/8/text","descriptionLinks/8/url","descriptionLinks/9/text","descriptionLinks/9/url","descriptionLinks/10/text","descriptionLinks/10/url","descriptionLinks/11/text","descriptionLinks/11/url","descriptionLinks/12/text","descriptionLinks/12/url","descriptionLinks/13/text","descriptionLinks/13/url","descriptionLinks/14/text","descriptionLinks/14/url","descriptionLinks/15/text","descriptionLinks/15/url","descriptionLinks/16/text","descriptionLinks/16/url","descriptionLinks/17/text","descriptionLinks/17/url","descriptionLinks/18/text","descriptionLinks/18/url","descriptionLinks/19/text","descriptionLinks/19/url","descriptionLinks/20/text","descriptionLinks/20/url","descriptionLinks/21/text","descriptionLinks/21/url","descriptionLinks/22/text","descriptionLinks/22/url","duration","fromYTUrl","hashtags/0","hashtags/1","hashtags/2","id","input","inputChannelUrl","isAgeRestricted","isChannelVerified","isMonetized","likes","location","note","numberOfSubscribers","subtitles","text","thumbnailUrl","title","type","url","viewCount"
,,,,,,,,,,,,,,,,,,,,,,,,,,,,,,,,,,,,,,,,,,,,,,,,,,,,,,,,,,,,,,,,,,"https://www.youtube.com/@DEDI_TV",,,,,,,"The channel has no live videos.",,,,,,,"https://www.youtube.com/@DEDI_TV/about",
"https://yt3.googleusercontent.com/pJn1eKLD3d4Awa697OAUhcd9jOQerC3FvUn7CpVplbHjk5EPSQACwtFtVaEq45YS4aoQKNFq-Bw=s160-c-k-c0x00ffffff-no-rj","https://yt3.googleusercontent.com/OrhZ2-g0_PFVy8KS1vfkuAw2G1tueYAmlbtk1BxETMVFgrXmfyOKYL9l4Mch9lobXJ25W2wajg=w2560-fcrop64=1,00005a57ffffa5a8-k-c0xffffffff-no-nd-rj","Selamat datang di Youtube DEDITV

Untuk Endorse atau Kolaborasi Silahkan WhatsApp : 085263564446","UCBhnA05QboupGFuNDDjaAuw","Jul 13, 2014","Indonesia","DEDI TV","77","3520173","https://www.youtube.com/channel/UCBhnA05QboupGFuNDDjaAuw",,"9","false","2024-09-12T11:25:54.000Z","#deditv","https://www.youtube.com/hashtag/deditv","#caramengatasikutukebulpadatanamancabe","https://www.youtube.com/hashtag/caramengatasikutukebulpadatanamancabe","#mengatasikutukebul","https://www.youtube.com/hashtag/mengatasikutukebul","#budidayacabe","https://www.youtube.com/hashtag/budidayacabe","#tanamancabe","https://www.youtube.com/hashtag/tanamancabe","#petani","https://www.youtube.com/hashtag/petani","#petanicabe","https://www.youtube.com/hashtag/petanicabe","#petanicaberawit","https://www.youtube.com/hashtag/petanicaberawit","#petanisukses","https://www.youtube.com/hashtag/petanisukses","#petanimuda","https://www.youtube.com/hashtag/petanimuda","#petanimilenial","https://www.youtube.com/hashtag/petanimilenial","#petanihebat","https://www.youtube.com/hashtag/petanihebat","#petaniindonesia","https://www.youtube.com/hashtag/petaniindonesia","#pertanian","https://www.youtube.com/hashtag/pertanian","#pertaniancabe","https://www.youtube.com/hashtag/pertaniancabe","#dayun","https://www.youtube.com/hashtag/dayun","#siak","https://www.youtube.com/hashtag/siak","#pekanbaru","https://www.youtube.com/hashtag/pekanbaru","#riau","https://www.youtube.com/hashtag/riau",,,,,,,,,"00:09:05","https://www.youtube.com/@DEDI_TV/videos","#dayun","#budidayacabe","#riau","p-1RDvbHnm4",,"https://www.youtube.com/@DEDI_TV","false","false",,"7",,,"47200",,"Menjawab Pertanyaan Netizen : Mengatasi Kutu Kebul Pada Tanaman Cabe

Simak sampai habis, jangan lupa like dan komen ya....

#deditv #caramengatasikutukebulpadatanamancabe #mengatasikutukebul #budidayacabe #tanamancabe #petani #petanicabe #petanicaberawit #petanisukses #petanimuda #petanimilenial #petanihebat #petaniindonesia #pertanian #pertaniancabe #dayun #siak #pekanbaru #riau","https://i.ytimg.com/vi/p-1RDvbHnm4/maxresdefault.jpg","Menjawab Pertanyaan Netizen : Mengatasi Kutu Kebul Pada Tanaman Cabe","video","https://www.youtube.com/watch?v=p-1RDvbHnm4","240"
"https://yt3.googleusercontent.com/pJn1eKLD3d4Awa697OAUhcd9jOQerC3FvUn7CpVplbHjk5EPSQACwtFtVaEq45YS4aoQKNFq-Bw=s160-c-k-c0x00ffffff-no-rj","https://yt3.googleusercontent.com/OrhZ2-g0_PFVy8KS1vfkuAw2G1tueYAmlbtk1BxETMVFgrXmfyOKYL9l4Mch9lobXJ25W2wajg=w2560-fcrop64=1,00005a57ffffa5a8-k-c0xffffffff-no-nd-rj","Selamat datang di Youtube DEDITV

Untuk Endorse atau Kolaborasi Silahkan WhatsApp : 085263564446","UCBhnA05QboupGFuNDDjaAuw","Jul 13, 2014","Indonesia","DEDI TV","77","3520173","https://www.youtube.com/channel/UCBhnA05QboupGFuNDDjaAuw",,"1","false","2024-09-10T15:16:58.000Z","#deditv","https://www.youtube.com/hashtag/deditv","#caramengatasidaunkeriting","https://www.youtube.com/hashtag/caramengatasidaunkeriting","#mengatasidaunkeritingpadatanamancabe","https://www.youtube.com/hashtag/mengatasidaunkeritingpadatanamancabe","#budidayacabe","https://www.youtube.com/hashtag/budidayacabe","#carabudidayacabe","https://www.youtube.com/hashtag/carabudidayacabe","#petanicabe","https://www.youtube.com/hashtag/petanicabe","#petanicaberawit","https://www.youtube.com/hashtag/petanicaberawit","#petanicabesukses","https://www.youtube.com/hashtag/petanicabesukses","#petanisukses","https://www.youtube.com/hashtag/petanisukses","#petanihebat","https://www.youtube.com/hashtag/petanihebat","#petanimuda","https://www.youtube.com/hashtag/petanimuda","#petani","https://www.youtube.com/hashtag/petani","#petanimilenial","https://www.youtube.com/hashtag/petanimilenial","#pertaniancabe","https://www.youtube.com/hashtag/pertaniancabe","#seputartanamancabe","https://www.youtube.com/hashtag/seputartanamancabe","#dayun","https://www.youtube.com/hashtag/dayun","#siak","https://www.youtube.com/hashtag/siak","#pekanbaru","https://www.youtube.com/hashtag/pekanbaru","#riau","https://www.youtube.com/hashtag/riau",,,,,,,,,"00:06:06","https://www.youtube.com/@DEDI_TV/videos","#dayun","#budidayacabe","#riau","jXJkpnaoxxA",,"https://www.youtube.com/@DEDI_TV","false","false",,"11",,,"47200",,"Divideo kali ini kita membahas terkait permasalahan dalam mengatasi daun keriting pada tanaman cabe dengan aneka obat, dari yang harga murah hingga yang mahal...

ditonton sampai habis ya...

#deditv #caramengatasidaunkeriting #mengatasidaunkeritingpadatanamancabe #budidayacabe #carabudidayacabe #petanicabe #petanicaberawit #petanicabesukses #petanisukses #petanihebat #petanimuda #petani #petanimilenial #pertaniancabe #seputartanamancabe #dayun #siak #pekanbaru #riau","https://i.ytimg.com/vi/jXJkpnaoxxA/maxresdefault.jpg","Menjawab Pertanyaan Netizen : Mengatasi Daun Keriting Pada Tanaman Cabe","video","https://www.youtube.com/watch?v=jXJkpnaoxxA","202"
"https://yt3.googleusercontent.com/pJn1eKLD3d4Awa697OAUhcd9jOQerC3FvUn7CpVplbHjk5EPSQACwtFtVaEq45YS4aoQKNFq-Bw=s160-c-k-c0x00ffffff-no-rj","https://yt3.googleusercontent.com/OrhZ2-g0_PFVy8KS1vfkuAw2G1tueYAmlbtk1BxETMVFgrXmfyOKYL9l4Mch9lobXJ25W2wajg=w2560-fcrop64=1,00005a57ffffa5a8-k-c0xffffffff-no-nd-rj","Selamat datang di Youtube DEDITV

Untuk Endorse atau Kolaborasi Silahkan WhatsApp : 085263564446","UCBhnA05QboupGFuNDDjaAuw","Jul 13, 2014","Indonesia","DEDI TV","77","3520173","https://www.youtube.com/channel/UCBhnA05QboupGFuNDDjaAuw",,"8","false","2024-09-08T13:43:45.000Z","#deditv","https://www.youtube.com/hashtag/deditv","#petani","https://www.youtube.com/hashtag/petani","#petanicabe","https://www.youtube.com/hashtag/petanicabe","#petanicabai","https://www.youtube.com/hashtag/petanicabai","#petanisukses","https://www.youtube.com/hashtag/petanisukses","#petanimuda","https://www.youtube.com/hashtag/petanimuda","#petanimilenial","https://www.youtube.com/hashtag/petanimilenial","#petaniindonesia","https://www.youtube.com/hashtag/petaniindonesia","#pertanian","https://www.youtube.com/hashtag/pertanian","#pertaniancabe","https://www.youtube.com/hashtag/pertaniancabe","#pertaniancabai","https://www.youtube.com/hashtag/pertaniancabai","#caraolehlahantanamancabe","https://www.youtube.com/hashtag/caraolehlahantanamancabe","#pupukdasartanamancabe","https://www.youtube.com/hashtag/pupukdasartanamancabe","#pertanianmodern","https://www.youtube.com/hashtag/pertanianmodern","#budidayacabe","https://www.youtube.com/hashtag/budidayacabe","#cabe","https://www.youtube.com/hashtag/cabe","#cabai","https://www.youtube.com/hashtag/cabai","#tanamancabe","https://www.youtube.com/hashtag/tanamancabe","#tanamancabai","https://www.youtube.com/hashtag/tanamancabai","#dayun","https://www.youtube.com/hashtag/dayun","#siak","https://www.youtube.com/hashtag/siak","#pekanbaru","https://www.youtube.com/hashtag/pekanbaru","#riau","https://www.youtube.com/hashtag/riau","00:04:37","https://www.youtube.com/@DEDI_TV/videos","#dayun","#tanamancabai","#budidayacabe","4aYPCjeLnVI",,"https://www.youtube.com/@DEDI_TV","false","false",,"15",,,"47200",,"Cara olah lahan dan pemberian pupuk dasar pada tanaman cabe yang baik dan benar, Jadi di simak sampai habis dan jangan di skip ya!!

#deditv #petani #petanicabe #petanicabai #petanisukses #petanimuda #petanimilenial #petaniindonesia #pertanian #pertaniancabe #pertaniancabai #caraolehlahantanamancabe #pupukdasartanamancabe #pertanianmodern #budidayacabe #cabe #cabai #tanamancabe #tanamancabai #dayun #siak #pekanbaru #riau","https://i.ytimg.com/vi/4aYPCjeLnVI/maxresdefault.jpg","Menjawab Pertanyaan Netizen : Cara Olah Lahan dan Pemberian Pupuk Dasar Pada Tanaman Cabe","video","https://www.youtube.com/watch?v=4aYPCjeLnVI","309"
