﻿"attachments/0/style_list/0","attachments/0/style_list/1","attachments/0/style_list/2","attachments/0/style_list/3","attachments/0/style_list/4","commentUrl","commentsCount","date","facebookId","facebookUrl","feedbackId","id","inputUrl","likesCount","pageAdLibrary/id","pageAdLibrary/woodhenge_creator_info","postTitle","profileId","profileName","profilePicture","profileUrl","text"
"animated_image_autoplay","animated_image_share","image_share","share","fallback","https://www.facebook.com/100000029645476/posts/27070582629192693?comment_id=1325376425096500","1","2024-09-17T05:44:10.000Z","27070582629192693","https://www.facebook.com/100000029645476/posts/27070582629192693","ZmVlZGJhY2s6MjcwNzA1ODI2MjkxOTI2OTNfMTMyNTM3NjQyNTA5NjUwMA==","Y29tbWVudDoyNzA3MDU4MjYyOTE5MjY5M18xMzI1Mzc2NDI1MDk2NTAw","https://www.facebook.com/100000029645476/posts/27070582629192693","0",,,"Selamat pagi sahabat BINTANG ASIA.
CAMRY F1 BINTANG ASIA. Timun hibrida berbuah lebat.","pfbid02eGFvoLBRJmfgdZdoGWawBSx6ZRjkezgCGLDhDaTGyjsvXhkXofHTQQ5DFKvThuDal","Bandi Sekincau","https://scontent.fcgh17-1.fna.fbcdn.net/v/t39.30808-1/426532034_415223564500842_5912321065090683939_n.jpg?stp=c0.0.810.810a_cp0_dst-jpg_s32x32&_nc_cat=109&ccb=1-7&_nc_sid=0ecb9b&_nc_ohc=gRsZ5xEb0ggQ7kNvgHsmCVx&_nc_ht=scontent.fcgh17-1.fna&oh=00_AYBUdJL_lKVobO3-2gcy2rsIdhqX0h7mlmrW_BoyCQyhkQ&oe=66F04177","https://www.facebook.com/people/Bandi-Sekincau/pfbid02eGFvoLBRJmfgdZdoGWawBSx6ZRjkezgCGLDhDaTGyjsvXhkXofHTQQ5DFKvThuDal/","Bintang asia"
,,,,,"https://www.facebook.com/100000029645476/posts/27070582629192693?comment_id=510290511723002","1","2024-09-17T02:39:23.000Z","27070582629192693","https://www.facebook.com/100000029645476/posts/27070582629192693","ZmVlZGJhY2s6MjcwNzA1ODI2MjkxOTI2OTNfNTEwMjkwNTExNzIzMDAy","Y29tbWVudDoyNzA3MDU4MjYyOTE5MjY5M181MTAyOTA1MTE3MjMwMDI=","https://www.facebook.com/100000029645476/posts/27070582629192693","0",,,"Selamat pagi sahabat BINTANG ASIA.
CAMRY F1 BINTANG ASIA. Timun hibrida berbuah lebat.","100007578522755","Renzy Bintangasia","https://scontent.fcgh17-1.fna.fbcdn.net/v/t39.30808-1/426012403_3605728109689771_2277782955804277447_n.jpg?stp=cp0_dst-jpg_s32x32&_nc_cat=104&ccb=1-7&_nc_sid=50d2ac&_nc_ohc=V70ESvgEanEQ7kNvgE8hGxb&_nc_ht=scontent.fcgh17-1.fna&oh=00_AYBedMjJHF-oJzfueY5VWrxGabPUGN-u4RVv1MIJhV3-fA&oe=66F040C4","https://www.facebook.com/renzi.prayuda","Mantap pak boss"
,,,,,"https://www.facebook.com/100000029645476/posts/27070582629192693?comment_id=839373548377537","1","2024-09-17T02:46:49.000Z","27070582629192693","https://www.facebook.com/100000029645476/posts/27070582629192693","ZmVlZGJhY2s6MjcwNzA1ODI2MjkxOTI2OTNfODM5MzczNTQ4Mzc3NTM3","Y29tbWVudDoyNzA3MDU4MjYyOTE5MjY5M184MzkzNzM1NDgzNzc1Mzc=","https://www.facebook.com/100000029645476/posts/27070582629192693","0",,,"Selamat pagi sahabat BINTANG ASIA.
CAMRY F1 BINTANG ASIA. Timun hibrida berbuah lebat.","pfbid02H8A23ymgW3XPkKGfJPwHvSxe9sEzYa45Awe6bhNSpdVAeV5XqNJCJPPyGb75tcnUl","Marno Bintang Asia","https://scontent.fcgh17-1.fna.fbcdn.net/v/t39.30808-1/455136457_122167916780223806_7361141019333214911_n.jpg?stp=cp0_dst-jpg_s32x32&_nc_cat=106&ccb=1-7&_nc_sid=0ecb9b&_nc_ohc=HjQVVNkaSCcQ7kNvgE1ECbZ&_nc_ht=scontent.fcgh17-1.fna&oh=00_AYDcgRZWMJ4whG2AzuTxZgOBcZJ9cq8enwKxiKpxQAnXSA&oe=66F0438F","https://www.facebook.com/people/Marno-Bintang-Asia/pfbid02H8A23ymgW3XPkKGfJPwHvSxe9sEzYa45Awe6bhNSpdVAeV5XqNJCJPPyGb75tcnUl/","Panen pak"
"animated_image_autoplay","animated_image_share","image_share","share","fallback","https://www.facebook.com/100000029645476/posts/27070582629192693?comment_id=1812702565922940","1","2024-09-17T07:59:16.000Z","27070582629192693","https://www.facebook.com/100000029645476/posts/27070582629192693","ZmVlZGJhY2s6MjcwNzA1ODI2MjkxOTI2OTNfMTgxMjcwMjU2NTkyMjk0MA==","Y29tbWVudDoyNzA3MDU4MjYyOTE5MjY5M18xODEyNzAyNTY1OTIyOTQw","https://www.facebook.com/100000029645476/posts/27070582629192693","0",,,"Selamat pagi sahabat BINTANG ASIA.
CAMRY F1 BINTANG ASIA. Timun hibrida berbuah lebat.","100010890571404","Aris AW","https://scontent.fcgh17-1.fna.fbcdn.net/v/t39.30808-1/445034474_2147125858993746_749019852458135341_n.jpg?stp=cp0_dst-jpg_s32x32&_nc_cat=107&ccb=1-7&_nc_sid=50d2ac&_nc_ohc=e-_rkviis08Q7kNvgEIhSEO&_nc_ht=scontent.fcgh17-1.fna&oh=00_AYC-Oh5CEmlbMkk1brnFpRIvB8w4AGu3FDfVhCbI9aWIyw&oe=66F05CB8","https://www.facebook.com/alwina.98622733","Pak Babin"
,,,,,"https://www.facebook.com/100000029645476/posts/27070582629192693?comment_id=543337881552448","1","2024-09-17T03:15:08.000Z","27070582629192693","https://www.facebook.com/100000029645476/posts/27070582629192693","ZmVlZGJhY2s6MjcwNzA1ODI2MjkxOTI2OTNfNTQzMzM3ODgxNTUyNDQ4","Y29tbWVudDoyNzA3MDU4MjYyOTE5MjY5M181NDMzMzc4ODE1NTI0NDg=","https://www.facebook.com/100000029645476/posts/27070582629192693","0",,,"Selamat pagi sahabat BINTANG ASIA.
CAMRY F1 BINTANG ASIA. Timun hibrida berbuah lebat.","pfbid02VxCrXzRKKhYBdMXiFn5gepchu4z2nd2zCKHAZTurVoJ7k9p3yxRxEcbthwCvudgTl","Opeq Bintang Asia","https://scontent.fcgh17-1.fna.fbcdn.net/v/t39.30808-1/440808755_122106493232287865_6230265854575499414_n.jpg?stp=cp0_dst-jpg_s32x32&_nc_cat=108&ccb=1-7&_nc_sid=0ecb9b&_nc_ohc=frMjR67Jbn0Q7kNvgGvBXtq&_nc_ht=scontent.fcgh17-1.fna&oh=00_AYAWTnlxrcwWrSYnidPdIe8LrDpIAAsW5Qxro41NQDhO-Q&oe=66F04DAE","https://www.facebook.com/people/Opeq-Bintang-Asia/pfbid02VxCrXzRKKhYBdMXiFn5gepchu4z2nd2zCKHAZTurVoJ7k9p3yxRxEcbthwCvudgTl/","mentimun camri joss👍"
,,,,,"https://www.facebook.com/100000029645476/posts/27075841688666787?comment_id=576388961379086","1","2024-09-17T10:11:31.000Z","27075841688666787","https://www.facebook.com/100000029645476/posts/27075841688666787","ZmVlZGJhY2s6MjcwNzU4NDE2ODg2NjY3ODdfNTc2Mzg4OTYxMzc5MDg2","Y29tbWVudDoyNzA3NTg0MTY4ODY2Njc4N181NzYzODg5NjEzNzkwODY=","https://www.facebook.com/100000029645476/posts/27075841688666787","1","177330225469654",,"Demo perbenihan nasional... Sound mono · Tiada Kata Lelah","pfbid0YFmbjqikK9msJRFzRDeaZwTs3o9pUto1ToGs3Fmcps7VrXxvL6Rdm7A33S2KHzhQl","Yospiqmi Rizal Bintang Asia","https://scontent-lax3-2.xx.fbcdn.net/v/t1.18169-1/12814133_605474156274254_1255382583968893776_n.jpg?stp=cp0_dst-jpg_s32x32&_nc_cat=107&ccb=1-7&_nc_sid=e4545e&_nc_ohc=3Qupsjb9NtoQ7kNvgFzmFkz&_nc_ht=scontent-lax3-2.xx&oh=00_AYBB_JAvvZNW5oXnJttiDtJDQmAQDPQmLWlQwFH1WGOEtw&oe=6711DE3C","https://www.facebook.com/yospiqmi.rizal","Siap komandan"
