﻿"author","authorIsChannelOwner","cid","comment","commentsCount","hasCreatorHeart","pageUrl","publishedTimeText","replyCount","replyToCid","title","type","videoId","voteCount"
"@Tanichannelnusantara","false","UgxA-EoaAfGoMryBo8p4AaABAg","Hadir nyimak bos q🙏 terima kasih ilmunya🎉full durasi🙏
Full paket komplit🙏🙏🙏","3","false","https://www.youtube.com/watch?v=xrT7pUPdsQw","10 days ago","0",,"KOMBINASI PUPUK CABAI MASA GENERATIF (MENJELANG BUNGA DAN BUAH )","comment","xrT7pUPdsQw","0"
"@adjun_84","false","UgzmeZ6ro8pUR2bDEnh4AaABAg","Nyimak cara pemupukan cabe pada saat fase generatifnya om","3","false","https://www.youtube.com/watch?v=xrT7pUPdsQw","2 weeks ago","0",,"KOMBINASI PUPUK CABAI MASA GENERATIF (MENJELANG BUNGA DAN BUAH )","comment","xrT7pUPdsQw","0"
"@Nasorisalim","false","UgzOdfjkkhtfHjmOorl4AaABAg","Hadir nyimak saudaraku paket komplit terkirim bosku","3","false","https://www.youtube.com/watch?v=xrT7pUPdsQw","2 weeks ago","0",,"KOMBINASI PUPUK CABAI MASA GENERATIF (MENJELANG BUNGA DAN BUAH )","comment","xrT7pUPdsQw","0"
"@SuparmanBkl-wl5kk","false","UgwrfR1L4iLxgO_tssB4AaABAg","Bisa kok bang di sebuhin 
 punya ku layu dah 2 hari padahal media lembab. Habis tu tak kasih sabun Mama lemon paginya gk layu sampe sekarang","3","false","https://www.youtube.com/watch?v=rdS_Bslx9hE","11 days ago","0",,"TIDAK ADA OBATNYA,INI DIA CARA MENCEGAH PENYAKIT LAYU FUSARIUM","comment","rdS_Bslx9hE","0"
"@ILHAMROCKDIANTO","false","Ugy_iD5LpSILkl5EqzV4AaABAg","Min saran varietas rawit yg cocok dataran rendah","3","true","https://www.youtube.com/watch?v=rdS_Bslx9hE","2 weeks ago","1",,"TIDAK ADA OBATNYA,INI DIA CARA MENCEGAH PENYAKIT LAYU FUSARIUM","comment","rdS_Bslx9hE","1"
"@milfar_id","true","Ugy_iD5LpSILkl5EqzV4AaABAg.A8ifLmdMzQ-A8jFMuR9t_9"," @ILHAMROCKDIANTO  bnyk, klw rawit merah ada teratas,cakra putih,bashkara,maruti,dewata, klw rawit ijo ada pelita,or trisula,bara genie","3","false","https://www.youtube.com/watch?v=rdS_Bslx9hE","2 weeks ago","0","Ugy_iD5LpSILkl5EqzV4AaABAg","TIDAK ADA OBATNYA,INI DIA CARA MENCEGAH PENYAKIT LAYU FUSARIUM","reply","rdS_Bslx9hE","0"
"@petanipenyanyichannel9566","false","UgwnjiAKlS0P9bAPpg54AaABAg","Makasih atas ilmu percabean nya,bang Miftar.Sukses trus,sehat slalu.Saya juga tanam cabe via polybag.","7","false","https://www.youtube.com/watch?v=jpXANc7TbOQ","2 weeks ago","0",,"PERBEDAAN ,KELEMAHAN DAN KELEBIHAN POTONG PUCUK PADA CABAI !!","comment","jpXANc7TbOQ","0"
"@awangsahanggi9991","false","UgytrSR6fFPYMMPoOe94AaABAg","Sharusnya yg potong pucuk besar buahnya sama bang dengan yg tidak potong kcuali nutrisinya kurang.","7","false","https://www.youtube.com/watch?v=jpXANc7TbOQ","2 weeks ago","0",,"PERBEDAAN ,KELEMAHAN DAN KELEBIHAN POTONG PUCUK PADA CABAI !!","comment","jpXANc7TbOQ","0"
"@epiandi1991","false","Ugwt4nj3VgBGuWGB5h14AaABAg","Beltim hadir","7","false","https://www.youtube.com/watch?v=jpXANc7TbOQ","2 weeks ago","0",,"PERBEDAAN ,KELEMAHAN DAN KELEBIHAN POTONG PUCUK PADA CABAI !!","comment","jpXANc7TbOQ","0"
"@awandaniel7567","false","UgwoD8plgLjHvYz7lB14AaABAg","Bangka Belitung hadir🔥","7","true","https://www.youtube.com/watch?v=jpXANc7TbOQ","2 weeks ago","1",,"PERBEDAAN ,KELEMAHAN DAN KELEBIHAN POTONG PUCUK PADA CABAI !!","comment","jpXANc7TbOQ","2"
"@ILHAMROCKDIANTO","false","UgzV_l63xx9PfvrMVBp4AaABAg","Riau hadir boss","7","true","https://www.youtube.com/watch?v=jpXANc7TbOQ","2 weeks ago","1",,"PERBEDAAN ,KELEMAHAN DAN KELEBIHAN POTONG PUCUK PADA CABAI !!","comment","jpXANc7TbOQ","1"
"@bangacan3153","false","UgwcRC8DQyfVHqcMUQN4AaABAg","ka saya mau bertanya saya memiliki polybag ukuran 35×35 apakah boleh ditanam 2 batang perpolybag.. makasih ka😊","1","false","https://www.youtube.com/watch?v=UI2QINhHFIA","7 days ago (edited)","0",,"PERTEMUAN PERTAMA,PELATIHAN BUDIDAYA CABAI SKALA RUMAH BATCH 4 (PENGOLAHAN LAHAN DAN PENANAMAN)","comment","UI2QINhHFIA","1"
"@milfar_id","true","UgwoD8plgLjHvYz7lB14AaABAg.A8jGNObiHDsA8jGdNApuvf"," @awandaniel7567  sip dapat like juga","7","false","https://www.youtube.com/watch?v=jpXANc7TbOQ","2 weeks ago","0","UgwoD8plgLjHvYz7lB14AaABAg","PERBEDAAN ,KELEMAHAN DAN KELEBIHAN POTONG PUCUK PADA CABAI !!","reply","jpXANc7TbOQ","0"
"@milfar_id","true","UgzV_l63xx9PfvrMVBp4AaABAg.A8jBZXkkhvtA8jFPOCPEaw","Sip dapat like","7","false","https://www.youtube.com/watch?v=jpXANc7TbOQ","2 weeks ago","0","UgzV_l63xx9PfvrMVBp4AaABAg","PERBEDAAN ,KELEMAHAN DAN KELEBIHAN POTONG PUCUK PADA CABAI !!","reply","jpXANc7TbOQ","0"
"@mzlmuzammiel5954","false","UgweF_LM8zdomSt9-EV4AaABAg","Min itu jenis cabai apa ya?","2","true","https://www.youtube.com/watch?v=ejsNIN_MKBE","3 weeks ago","1",,"SEMUDAH INI DAN TERBUKTI SECARA DATA,SOLUSI PERTUMBUHAN CABAI STUCK","comment","ejsNIN_MKBE","1"
"@milfar_id","true","UgweF_LM8zdomSt9-EV4AaABAg.A8_sv8jVkbCA8f-2SIL1iR"," @mzlmuzammiel5954  ini cabe ijo merek or trisula","2","false","https://www.youtube.com/watch?v=ejsNIN_MKBE","2 weeks ago","0","UgweF_LM8zdomSt9-EV4AaABAg","SEMUDAH INI DAN TERBUKTI SECARA DATA,SOLUSI PERTUMBUHAN CABAI STUCK","reply","ejsNIN_MKBE","0"
