﻿"attachments/0/__typename","attachments/0/animated_image","attachments/0/animated_image/uri","attachments/0/blurred_image/uri","attachments/0/cix_screen","attachments/0/frame_count","attachments/0/frame_rate","attachments/0/frames_per_column","attachments/0/frames_per_row","attachments/0/id","attachments/0/image/height","attachments/0/image/uri","attachments/0/image/width","attachments/0/label","attachments/0/massive_image/height","attachments/0/massive_image/width","attachments/0/ocrText","attachments/0/pack","attachments/0/pack/id","attachments/0/pack/name","attachments/0/sprite_image","attachments/0/sprite_image/uri","commentUrl","commentsCount","date","facebookId","facebookUrl","feedbackId","id","inputUrl","likesCount","pageAdLibrary/id","pageAdLibrary/is_business_page_active","parentComment/author/__typename","parentComment/author/id","parentComment/author/name","parentComment/author/short_name","parentComment/id","postTitle","profileId","profileName","profilePicture","profileUrl","replyToCommentId","text","threadingDepth"
"Sticker",,"https://scontent-yyz1-1.xx.fbcdn.net/v/t39.1997-6/68894373_1459627387495333_5835456569109643264_n.webp?stp=dst-webp_s110x80&_nc_cat=1&ccb=1-7&_nc_sid=ba09c1&_nc_ohc=zp72UVpQAM4Q7kNvgE8y81N&_nc_ht=scontent-yyz1-1.xx&_nc_gid=AOaKYE8MhN2IsSXNEQ6nETo&oh=00_AYAmQF7DlXGzhc3LmzOCSIRcyf1gBrA-2ETzFw30ht9IQg&oe=66FD41E3",,,"14","100","4","4","514561552001926","80","https://scontent-yyz1-1.xx.fbcdn.net/v/t39.1997-6/69142452_1459627590828646_6160083988481310720_n.png?stp=cp0_dst-png_s110x80&_nc_cat=1&ccb=1-7&_nc_sid=23dd7b&_nc_ohc=Kty-iM3vR5UQ7kNvgE4UO3R&_nc_ht=scontent-yyz1-1.xx&_nc_gid=AOaKYE8MhN2IsSXNEQ6nETo&oh=00_AYDwpBPPuCjqShihRd8bLgiTdf5074bPd_N-poXlT1bfTQ&oe=66FD37D1","80","Business fish, a person with a pink fish head wearing a suit and tie, giving a large thumbs up with their right hand and saying good",,,,,"493674027424012","Executive Business Fish",,"https://scontent-yyz1-1.xx.fbcdn.net/v/t39.1997-6/68866962_1459627384162000_4858367271799619584_n.png?stp=dst-png_p320x320&_nc_cat=1&ccb=1-7&_nc_sid=ba09c1&_nc_ohc=I9fY6gVDWVUQ7kNvgEqTYdF&_nc_ht=scontent-yyz1-1.xx&_nc_gid=AOaKYE8MhN2IsSXNEQ6nETo&oh=00_AYB34XegM0ax7LuBh3iHmvmrK89zS1Qs7lNH-5QUEnk1IQ&oe=66FD5D88","https://www.facebook.com/antonsulaiman95/posts/pfbid02ffqtQnHNiPKYWpVtaSPAdJ1Tky3Ls5vkJikjvTXhrErypfvc25V1PkziTXFkP41sl?comment_id=519297077386070",,"2024-09-24T16:01:46.000Z","2921943391285944","https://www.facebook.com/antonsulaiman95/posts/pfbid02ffqtQnHNiPKYWpVtaSPAdJ1Tky3Ls5vkJikjvTXhrErypfvc25V1PkziTXFkP41sl","ZmVlZGJhY2s6MjkyMTk0MzM5MTI4NTk0NF81MTkyOTcwNzczODYwNzA=","Y29tbWVudDoyOTIxOTQzMzkxMjg1OTQ0XzUxOTI5NzA3NzM4NjA3MA==","https://www.facebook.com/antonsulaiman95/posts/pfbid02ffqtQnHNiPKYWpVtaSPAdJ1Tky3Ls5vkJikjvTXhrErypfvc25V1PkziTXFkP41sl","0","250829661453806","false",,,,,,"Selamat Hari Tani Nasional.
🌶🌶 CKTAV 8 F1 🌶🌶

#benihcitraasia
#bintangasia","100004825651478","NiZar Bintang Asia","https://scontent-yyz1-1.xx.fbcdn.net/v/t39.30808-1/438276089_2611594555678041_6997404202785061953_n.jpg?stp=cp0_dst-jpg_p32x32&_nc_cat=111&ccb=1-7&_nc_sid=50d2ac&_nc_ohc=EYsV5G9NhH8Q7kNvgEGH21a&_nc_ht=scontent-yyz1-1.xx&_nc_gid=AOaKYE8MhN2IsSXNEQ6nETo&oh=00_AYBOKomE7x1R9IDJaeAI3Ls7b6z2-ZM3BxeC0LNM1f92FA&oe=66FD31AE","https://www.facebook.com/nizar.setia.3",,,"0"
,,,,,,,,,,,,,,,,,,,,,,"https://www.facebook.com/antonsulaiman95/posts/pfbid02ffqtQnHNiPKYWpVtaSPAdJ1Tky3Ls5vkJikjvTXhrErypfvc25V1PkziTXFkP41sl?comment_id=1507062626618618","1","2024-09-24T15:10:17.000Z","2921943391285944","https://www.facebook.com/antonsulaiman95/posts/pfbid02ffqtQnHNiPKYWpVtaSPAdJ1Tky3Ls5vkJikjvTXhrErypfvc25V1PkziTXFkP41sl","ZmVlZGJhY2s6MjkyMTk0MzM5MTI4NTk0NF8xNTA3MDYyNjI2NjE4NjE4","Y29tbWVudDoyOTIxOTQzMzkxMjg1OTQ0XzE1MDcwNjI2MjY2MTg2MTg=","https://www.facebook.com/antonsulaiman95/posts/pfbid02ffqtQnHNiPKYWpVtaSPAdJ1Tky3Ls5vkJikjvTXhrErypfvc25V1PkziTXFkP41sl","0","250829661453806","false",,,,,,"Selamat Hari Tani Nasional.
🌶🌶 CKTAV 8 F1 🌶🌶

#benihcitraasia
#bintangasia","61552534678294","Bang Fhatir","https://scontent-yyz1-1.xx.fbcdn.net/v/t39.30808-1/428236271_122140526972084489_6127851547410293439_n.jpg?stp=cp0_dst-jpg_s32x32&_nc_cat=106&ccb=1-7&_nc_sid=50d2ac&_nc_ohc=EAzWzjjdvr0Q7kNvgFntehn&_nc_ht=scontent-yyz1-1.xx&_nc_gid=AOaKYE8MhN2IsSXNEQ6nETo&oh=00_AYAMeeBq-gC9RSdlLDdBvNX4SByWzP-BTNtpDNaaYLmv_w&oe=66FD596D","https://www.facebook.com/people/Bang-Fhatir/61552534678294/",,"Mntap mas ditoko ada gak bibitnya","0"
,,,,,,,,,,,,,,,,,,,,,,"https://www.facebook.com/antonsulaiman95/posts/pfbid02ffqtQnHNiPKYWpVtaSPAdJ1Tky3Ls5vkJikjvTXhrErypfvc25V1PkziTXFkP41sl?comment_id=1065560782021693",,"2024-09-24T16:01:43.000Z","2921943391285944","https://www.facebook.com/antonsulaiman95/posts/pfbid02ffqtQnHNiPKYWpVtaSPAdJ1Tky3Ls5vkJikjvTXhrErypfvc25V1PkziTXFkP41sl","ZmVlZGJhY2s6MjkyMTk0MzM5MTI4NTk0NF8xMDY1NTYwNzgyMDIxNjkz","Y29tbWVudDoyOTIxOTQzMzkxMjg1OTQ0XzEwNjU1NjA3ODIwMjE2OTM=","https://www.facebook.com/antonsulaiman95/posts/pfbid02ffqtQnHNiPKYWpVtaSPAdJ1Tky3Ls5vkJikjvTXhrErypfvc25V1PkziTXFkP41sl","1","250829661453806","false",,,,,,"Selamat Hari Tani Nasional.
🌶🌶 CKTAV 8 F1 🌶🌶

#benihcitraasia
#bintangasia","100004825651478","NiZar Bintang Asia","https://scontent-yyz1-1.xx.fbcdn.net/v/t39.30808-1/438276089_2611594555678041_6997404202785061953_n.jpg?stp=cp0_dst-jpg_p32x32&_nc_cat=111&ccb=1-7&_nc_sid=50d2ac&_nc_ohc=EYsV5G9NhH8Q7kNvgEGH21a&_nc_ht=scontent-yyz1-1.xx&_nc_gid=AOaKYE8MhN2IsSXNEQ6nETo&oh=00_AYBOKomE7x1R9IDJaeAI3Ls7b6z2-ZM3BxeC0LNM1f92FA&oe=66FD31AE","https://www.facebook.com/nizar.setia.3",,"Memabara,,,,, mrah merona bos ku","0"
"Photo",,,"https://scontent-yyz1-1.xx.fbcdn.net/v/t39.30808-6/461038688_8171096489610933_2050600001323802401_n.jpg?stp=dst-jpg_fb30_s960x960&_nc_cat=104&ccb=1-7&_nc_sid=bd9a62&_nc_ohc=qgvR5-ZEAPwQ7kNvgGUSsYG&_nc_ht=scontent-yyz1-1.xx&_nc_gid=AOaKYE8MhN2IsSXNEQ6nETo&oh=00_AYC3J3InEBSKYosVLcODKPWAyAGX05aPBI11alczCK239w&oe=66FD55B1",,,,,,"8171096479610934","215","https://scontent-yyz1-1.xx.fbcdn.net/v/t39.30808-6/461038688_8171096489610933_2050600001323802401_n.jpg?stp=dst-jpg_p168x128&_nc_cat=104&ccb=1-7&_nc_sid=bd9a62&_nc_ohc=qgvR5-ZEAPwQ7kNvgGUSsYG&_nc_ht=scontent-yyz1-1.xx&_nc_gid=AOaKYE8MhN2IsSXNEQ6nETo&oh=00_AYBdWVdxcLaiy8ocdsB-ZgzdJ2pHlDvDhhjLNWxNu-OKTg&oe=66FD55B1","168",,"960","752","May be an image of 1 person and text",,,,,,"https://www.facebook.com/antonsulaiman95/posts/pfbid02ffqtQnHNiPKYWpVtaSPAdJ1Tky3Ls5vkJikjvTXhrErypfvc25V1PkziTXFkP41sl?comment_id=508183785528449","3","2024-09-24T13:32:25.000Z","2921943391285944","https://www.facebook.com/antonsulaiman95/posts/pfbid02ffqtQnHNiPKYWpVtaSPAdJ1Tky3Ls5vkJikjvTXhrErypfvc25V1PkziTXFkP41sl","ZmVlZGJhY2s6MjkyMTk0MzM5MTI4NTk0NF81MDgxODM3ODU1Mjg0NDk=","Y29tbWVudDoyOTIxOTQzMzkxMjg1OTQ0XzUwODE4Mzc4NTUyODQ0OQ==","https://www.facebook.com/antonsulaiman95/posts/pfbid02ffqtQnHNiPKYWpVtaSPAdJ1Tky3Ls5vkJikjvTXhrErypfvc25V1PkziTXFkP41sl","1","250829661453806","false",,,,,,"Selamat Hari Tani Nasional.
🌶🌶 CKTAV 8 F1 🌶🌶

#benihcitraasia
#bintangasia","pfbid03aqGRsgowf8Apep5vSG8z5pHwPfPoWuNBZL1pZuD4qnRLRXy9t6oUnGZ5RkgGk9tl","Erick Hysteria","https://scontent-yyz1-1.xx.fbcdn.net/v/t39.30808-1/439422255_7313074122079845_7367519687273267636_n.jpg?stp=cp0_dst-jpg_s32x32&_nc_cat=106&ccb=1-7&_nc_sid=0ecb9b&_nc_ohc=rmQuuEDUlQ0Q7kNvgFYXnDF&_nc_ht=scontent-yyz1-1.xx&_nc_gid=AOaKYE8MhN2IsSXNEQ6nETo&oh=00_AYA5FPGPRk0w6LZaeWhG0XZJow7Wz92fCALQBPr6Jq7ASw&oe=66FD5824",,,,"0"
"Sticker",,,,,"1","83","1","1","280280680528917","80","https://scontent-yyz1-1.xx.fbcdn.net/v/t39.1997-6/240404950_280280683862250_377726035223267134_n.png?stp=cp0_dst-png_s110x80&_nc_cat=1&ccb=1-7&_nc_sid=23dd7b&_nc_ohc=NDqorde6tU8Q7kNvgFxP07r&_nc_ht=scontent-yyz1-1.xx&_nc_gid=AOaKYE8MhN2IsSXNEQ6nETo&oh=00_AYCwB5JcJP1cELpOh3ISZ3gUvu7T7Vl5HPSXOLrB7_fZTQ&oe=66FD31F3","80","",,,,,"222549939635325","[Newsfeed] Indonesia First Party",,,"https://www.facebook.com/antonsulaiman95/posts/pfbid02ffqtQnHNiPKYWpVtaSPAdJ1Tky3Ls5vkJikjvTXhrErypfvc25V1PkziTXFkP41sl?comment_id=1066964661459687","1","2024-09-24T14:53:59.000Z","2921943391285944","https://www.facebook.com/antonsulaiman95/posts/pfbid02ffqtQnHNiPKYWpVtaSPAdJ1Tky3Ls5vkJikjvTXhrErypfvc25V1PkziTXFkP41sl","ZmVlZGJhY2s6MjkyMTk0MzM5MTI4NTk0NF8xMDY2OTY0NjYxNDU5Njg3","Y29tbWVudDoyOTIxOTQzMzkxMjg1OTQ0XzEwNjY5NjQ2NjE0NTk2ODc=","https://www.facebook.com/antonsulaiman95/posts/pfbid02ffqtQnHNiPKYWpVtaSPAdJ1Tky3Ls5vkJikjvTXhrErypfvc25V1PkziTXFkP41sl","0","250829661453806","false",,,,,,"Selamat Hari Tani Nasional.
🌶🌶 CKTAV 8 F1 🌶🌶

#benihcitraasia
#bintangasia","pfbid02uP16cQWSAxppasq6E4pzQMWBhATPAqUfjxXcBPceMSrQRRz1CLa97B2GAEWopkKal","Wulandari Indarwan","https://scontent-yyz1-1.xx.fbcdn.net/v/t39.30808-1/345251721_2406921189485574_1765883835973221216_n.jpg?stp=cp0_dst-jpg_s32x32&_nc_cat=102&ccb=1-7&_nc_sid=0ecb9b&_nc_ohc=sEHOy-uG8wQQ7kNvgFrP_iP&_nc_ht=scontent-yyz1-1.xx&_nc_gid=AOaKYE8MhN2IsSXNEQ6nETo&oh=00_AYAsWS15zE4j0g0WewwVRPWjp6B8lmfMb7LMYVh9SjhNHA&oe=66FD4DFA","https://www.facebook.com/people/Wulandari-Indarwan/pfbid02uP16cQWSAxppasq6E4pzQMWBhATPAqUfjxXcBPceMSrQRRz1CLa97B2GAEWopkKal/",,,"0"
,,,,,,,,,,,,,,,,,,,,,,"https://www.facebook.com/antonsulaiman95/posts/pfbid02ffqtQnHNiPKYWpVtaSPAdJ1Tky3Ls5vkJikjvTXhrErypfvc25V1PkziTXFkP41sl?comment_id=1245197133179700","1","2024-09-24T13:18:55.000Z","2921943391285944","https://www.facebook.com/antonsulaiman95/posts/pfbid02ffqtQnHNiPKYWpVtaSPAdJ1Tky3Ls5vkJikjvTXhrErypfvc25V1PkziTXFkP41sl","ZmVlZGJhY2s6MjkyMTk0MzM5MTI4NTk0NF8xMjQ1MTk3MTMzMTc5NzAw","Y29tbWVudDoyOTIxOTQzMzkxMjg1OTQ0XzEyNDUxOTcxMzMxNzk3MDA=","https://www.facebook.com/antonsulaiman95/posts/pfbid02ffqtQnHNiPKYWpVtaSPAdJ1Tky3Ls5vkJikjvTXhrErypfvc25V1PkziTXFkP41sl","1","250829661453806","false",,,,,,"Selamat Hari Tani Nasional.
🌶🌶 CKTAV 8 F1 🌶🌶

#benihcitraasia
#bintangasia","100007578522755","Renzy Bintangasia","https://scontent-yyz1-1.xx.fbcdn.net/v/t39.30808-1/426012403_3605728109689771_2277782955804277447_n.jpg?stp=cp0_dst-jpg_s32x32&_nc_cat=104&ccb=1-7&_nc_sid=50d2ac&_nc_ohc=tTmdX3bXLYAQ7kNvgFr3mH3&_nc_ht=scontent-yyz1-1.xx&_nc_gid=AOaKYE8MhN2IsSXNEQ6nETo&oh=00_AYAVt0e_dAzlmIKCUpJlsJ_z4K295guAoCScBw6_7aeDKQ&oe=66FD3784","https://www.facebook.com/renzi.prayuda",,"Mantap pak boss","0"
,,,,,,,,,,,,,,,,,,,,,,"https://www.facebook.com/antonsulaiman95/posts/pfbid02ffqtQnHNiPKYWpVtaSPAdJ1Tky3Ls5vkJikjvTXhrErypfvc25V1PkziTXFkP41sl?comment_id=769950505185980","1","2024-09-24T13:10:33.000Z","2921943391285944","https://www.facebook.com/antonsulaiman95/posts/pfbid02ffqtQnHNiPKYWpVtaSPAdJ1Tky3Ls5vkJikjvTXhrErypfvc25V1PkziTXFkP41sl","ZmVlZGJhY2s6MjkyMTk0MzM5MTI4NTk0NF83Njk5NTA1MDUxODU5ODA=","Y29tbWVudDoyOTIxOTQzMzkxMjg1OTQ0Xzc2OTk1MDUwNTE4NTk4MA==","https://www.facebook.com/antonsulaiman95/posts/pfbid02ffqtQnHNiPKYWpVtaSPAdJ1Tky3Ls5vkJikjvTXhrErypfvc25V1PkziTXFkP41sl","0","250829661453806","false",,,,,,"Selamat Hari Tani Nasional.
🌶🌶 CKTAV 8 F1 🌶🌶

#benihcitraasia
#bintangasia","pfbid02dcod9sd2ns32Ffnb1b3KAs3WBZXao5naAk9SF5kyfgFRXUi9RgrKSh3NArmHrnEbl","Aprizen Ikhlas","https://scontent-yyz1-1.xx.fbcdn.net/v/t39.30808-1/448230343_431372256538504_77440978127761497_n.jpg?stp=cp0_dst-jpg_s32x32&_nc_cat=102&ccb=1-7&_nc_sid=0ecb9b&_nc_ohc=Fc_q87mfXUsQ7kNvgGjsvW5&_nc_ht=scontent-yyz1-1.xx&_nc_gid=AOaKYE8MhN2IsSXNEQ6nETo&oh=00_AYAUIoOHbTwbVqEqB_YFdWOM6kD2hmYYUQCpCSil9929VQ&oe=66FD5E03","https://www.facebook.com/people/Aprizen-Ikhlas/pfbid02dcod9sd2ns32Ffnb1b3KAs3WBZXao5naAk9SF5kyfgFRXUi9RgrKSh3NArmHrnEbl/",,"Dmn ni ton","0"
,,,,,,,,,,,,,,,,,,,,,,"https://www.facebook.com/antonsulaiman95/posts/pfbid02ffqtQnHNiPKYWpVtaSPAdJ1Tky3Ls5vkJikjvTXhrErypfvc25V1PkziTXFkP41sl?comment_id=536047902336265","3","2024-09-24T13:57:29.000Z","2921943391285944","https://www.facebook.com/antonsulaiman95/posts/pfbid02ffqtQnHNiPKYWpVtaSPAdJ1Tky3Ls5vkJikjvTXhrErypfvc25V1PkziTXFkP41sl","ZmVlZGJhY2s6MjkyMTk0MzM5MTI4NTk0NF81MzYwNDc5MDIzMzYyNjU=","Y29tbWVudDoyOTIxOTQzMzkxMjg1OTQ0XzUzNjA0NzkwMjMzNjI2NQ==","https://www.facebook.com/antonsulaiman95/posts/pfbid02ffqtQnHNiPKYWpVtaSPAdJ1Tky3Ls5vkJikjvTXhrErypfvc25V1PkziTXFkP41sl","1","250829661453806","false",,,,,,"Selamat Hari Tani Nasional.
🌶🌶 CKTAV 8 F1 🌶🌶

#benihcitraasia
#bintangasia","pfbid02QJ2vRo7mebAqd1ifwX7Tw8s3qRZYGCYMkt9yTG6CS2H2FwECo4wKu8SDkct6h7ibl","Jaino","https://scontent-yyz1-1.xx.fbcdn.net/v/t1.6435-1/108020715_596042734681039_1596264854985664739_n.jpg?stp=cp0_dst-jpg_s32x32&_nc_cat=106&ccb=1-7&_nc_sid=0ecb9b&_nc_ohc=cHqFOC7B9sgQ7kNvgGsKom5&_nc_ht=scontent-yyz1-1.xx&_nc_gid=AOaKYE8MhN2IsSXNEQ6nETo&oh=00_AYBORyzNOUo4E32hUPlAf9ebZI70F6dKEiroJhUxGm36zw&oe=671ED8E6","https://www.facebook.com/jaino.jaino.391",,"Rancak bana bos kuy","0"
,,,,,,,,,,,,,,,,,,,,,,"https://www.facebook.com/antonsulaiman95/posts/pfbid02ffqtQnHNiPKYWpVtaSPAdJ1Tky3Ls5vkJikjvTXhrErypfvc25V1PkziTXFkP41sl?comment_id=1538197483452206","2","2024-09-24T14:08:08.000Z","2921943391285944","https://www.facebook.com/antonsulaiman95/posts/pfbid02ffqtQnHNiPKYWpVtaSPAdJ1Tky3Ls5vkJikjvTXhrErypfvc25V1PkziTXFkP41sl","ZmVlZGJhY2s6MjkyMTk0MzM5MTI4NTk0NF8xNTM4MTk3NDgzNDUyMjA2","Y29tbWVudDoyOTIxOTQzMzkxMjg1OTQ0XzE1MzgxOTc0ODM0NTIyMDY=","https://www.facebook.com/antonsulaiman95/posts/pfbid02ffqtQnHNiPKYWpVtaSPAdJ1Tky3Ls5vkJikjvTXhrErypfvc25V1PkziTXFkP41sl","0","250829661453806","false",,,,,,"Selamat Hari Tani Nasional.
🌶🌶 CKTAV 8 F1 🌶🌶

#benihcitraasia
#bintangasia","100047490514806","Sudiran","https://scontent-yyz1-1.xx.fbcdn.net/v/t39.30808-1/299228377_601083921484620_7840193492917851762_n.jpg?stp=cp0_dst-jpg_s32x32&_nc_cat=110&ccb=1-7&_nc_sid=50d2ac&_nc_ohc=dQCo-lK0IckQ7kNvgHsWGs6&_nc_ht=scontent-yyz1-1.xx&_nc_gid=AOaKYE8MhN2IsSXNEQ6nETo&oh=00_AYBihOzxIEkelNAgJVIK2nNAc9U5VS0Yl1pjhAMfAmfCZQ&oe=66FD356E","https://www.facebook.com/sudiran.sudiran.7374",,"Bisa tiru mas ini","0"
,,,,,,,,,,,,,,,,,,,,,,"https://www.facebook.com/antonsulaiman95/posts/pfbid02ffqtQnHNiPKYWpVtaSPAdJ1Tky3Ls5vkJikjvTXhrErypfvc25V1PkziTXFkP41sl?comment_id=1507062626618618&reply_comment_id=915090877326194",,"2024-09-24T15:18:04.000Z","2921943391285944","https://www.facebook.com/antonsulaiman95/posts/pfbid02ffqtQnHNiPKYWpVtaSPAdJ1Tky3Ls5vkJikjvTXhrErypfvc25V1PkziTXFkP41sl","ZmVlZGJhY2s6MjkyMTk0MzM5MTI4NTk0NF85MTUwOTA4NzczMjYxOTQ=","Y29tbWVudDoyOTIxOTQzMzkxMjg1OTQ0XzkxNTA5MDg3NzMyNjE5NA==","https://www.facebook.com/antonsulaiman95/posts/pfbid02ffqtQnHNiPKYWpVtaSPAdJ1Tky3Ls5vkJikjvTXhrErypfvc25V1PkziTXFkP41sl","0","250829661453806","false","User","61552534678294","Bang Fhatir","Bang","Y29tbWVudDoyOTIxOTQzMzkxMjg1OTQ0XzE1MDcwNjI2MjY2MTg2MTg=","Selamat Hari Tani Nasional.
🌶🌶 CKTAV 8 F1 🌶🌶

#benihcitraasia
#bintangasia","100004109346822","Anton Sulaiman Bintang Asia","https://scontent.fsal2-1.fna.fbcdn.net/v/t39.30808-1/408038176_2702817406531878_9133290973397502973_n.jpg?stp=cp0_dst-jpg_s32x32&_nc_cat=100&ccb=1-7&_nc_sid=50d2ac&_nc_ohc=4OIuA7-CxxgQ7kNvgEmqYy8&_nc_ht=scontent.fsal2-1.fna&_nc_gid=ADorOn4SSrQxo1_EGXD7xgI&oh=00_AYACvel9YbRfskja9PFsUeDgmJstYgIkMpGQPhe7F-rSvg&oe=66FD3DC3","https://www.facebook.com/antonsulaiman95","Y29tbWVudDoyOTIxOTQzMzkxMjg1OTQ0XzE1MDcwNjI2MjY2MTg2MTg=","Bang Fhatir yaa sudah ada bang","1"
,,,,,,,,,,,,,,,,,,,,,,"https://www.facebook.com/antonsulaiman95/posts/pfbid02ffqtQnHNiPKYWpVtaSPAdJ1Tky3Ls5vkJikjvTXhrErypfvc25V1PkziTXFkP41sl?comment_id=1066964661459687&reply_comment_id=1024918866001477",,"2024-09-24T15:14:26.000Z","2921943391285944","https://www.facebook.com/antonsulaiman95/posts/pfbid02ffqtQnHNiPKYWpVtaSPAdJ1Tky3Ls5vkJikjvTXhrErypfvc25V1PkziTXFkP41sl","ZmVlZGJhY2s6MjkyMTk0MzM5MTI4NTk0NF8xMDI0OTE4ODY2MDAxNDc3","Y29tbWVudDoyOTIxOTQzMzkxMjg1OTQ0XzEwMjQ5MTg4NjYwMDE0Nzc=","https://www.facebook.com/antonsulaiman95/posts/pfbid02ffqtQnHNiPKYWpVtaSPAdJ1Tky3Ls5vkJikjvTXhrErypfvc25V1PkziTXFkP41sl","0","250829661453806","false","User","pfbid02uP16cQWSAxppasq6E4pzQMWBhATPAqUfjxXcBPceMSrQRRz1CLa97B2GAEWopkKal","Wulandari Indarwan","Wulandari","Y29tbWVudDoyOTIxOTQzMzkxMjg1OTQ0XzEwNjY5NjQ2NjE0NTk2ODc=","Selamat Hari Tani Nasional.
🌶🌶 CKTAV 8 F1 🌶🌶

#benihcitraasia
#bintangasia","100004109346822","Anton Sulaiman Bintang Asia","https://scontent-hou1-1.xx.fbcdn.net/v/t39.30808-1/408038176_2702817406531878_9133290973397502973_n.jpg?stp=cp0_dst-jpg_s32x32&_nc_cat=100&ccb=1-7&_nc_sid=50d2ac&_nc_ohc=4OIuA7-CxxgQ7kNvgFqO2be&_nc_ht=scontent-hou1-1.xx&_nc_gid=AMWhGKM7QjfMbjkKu61XaC6&oh=00_AYC7V93ooPgsJ5PJTdiCakX0kSuQU3XELrNXjQ5M_PZoTg&oe=66FD3DC3","https://www.facebook.com/antonsulaiman95","Y29tbWVudDoyOTIxOTQzMzkxMjg1OTQ0XzEwNjY5NjQ2NjE0NTk2ODc=","Wulandari Indarwan gass lah pak stok bibitnyo di toko 😁🙏","1"
,,,,,,,,,,,,,,,,,,,,,,"https://www.facebook.com/antonsulaiman95/posts/pfbid02ffqtQnHNiPKYWpVtaSPAdJ1Tky3Ls5vkJikjvTXhrErypfvc25V1PkziTXFkP41sl?comment_id=1538197483452206&reply_comment_id=1511425159734711","1","2024-09-24T14:11:43.000Z","2921943391285944","https://www.facebook.com/antonsulaiman95/posts/pfbid02ffqtQnHNiPKYWpVtaSPAdJ1Tky3Ls5vkJikjvTXhrErypfvc25V1PkziTXFkP41sl","ZmVlZGJhY2s6MjkyMTk0MzM5MTI4NTk0NF8xNTExNDI1MTU5NzM0NzEx","Y29tbWVudDoyOTIxOTQzMzkxMjg1OTQ0XzE1MTE0MjUxNTk3MzQ3MTE=","https://www.facebook.com/antonsulaiman95/posts/pfbid02ffqtQnHNiPKYWpVtaSPAdJ1Tky3Ls5vkJikjvTXhrErypfvc25V1PkziTXFkP41sl","0","250829661453806","false","User","100047490514806","Sudiran","Sudiran","Y29tbWVudDoyOTIxOTQzMzkxMjg1OTQ0XzE1MzgxOTc0ODM0NTIyMDY=","Selamat Hari Tani Nasional.
🌶🌶 CKTAV 8 F1 🌶🌶

#benihcitraasia
#bintangasia","100004109346822","Anton Sulaiman Bintang Asia","https://scontent.fcjs2-1.fna.fbcdn.net/v/t39.30808-1/408038176_2702817406531878_9133290973397502973_n.jpg?stp=cp0_dst-jpg_s32x32&_nc_cat=100&ccb=1-7&_nc_sid=50d2ac&_nc_ohc=4OIuA7-CxxgQ7kNvgEd-iMp&_nc_ht=scontent.fcjs2-1.fna&_nc_gid=AkWzZPBh1xoU6tjTo2R_RyC&oh=00_AYDyX38Ywl4Nmdsfd1Rsq9trv8xMlRBYb8H2XDVpNc_Y8A&oe=66FD3DC3","https://www.facebook.com/antonsulaiman95","Y29tbWVudDoyOTIxOTQzMzkxMjg1OTQ0XzE1MzgxOTc0ODM0NTIyMDY=","Sudiran bisa banget pak, sangat cocok untuk rotasi tanaman semangka 😁","1"
"Sticker",,,,,"1","83","1","1","379746084855238","120","https://scontent.fcjs2-1.fna.fbcdn.net/v/t39.1997-6/454058033_379746088188571_8172335871725565670_n.webp?_nc_cat=109&ccb=1-7&_nc_sid=878c43&_nc_ohc=1o7mqFhvYdUQ7kNvgFqgRvb&_nc_ht=scontent.fcjs2-1.fna&_nc_gid=AkWzZPBh1xoU6tjTo2R_RyC&oh=00_AYBW7mymFqeU6rH6bq671vXEOyveGdkmo4SPu9asLRuU8w&oe=66FD40EF","120","Avatar with both thumbs up and a broad smile.",,,,,,,,,"https://www.facebook.com/antonsulaiman95/posts/pfbid02ffqtQnHNiPKYWpVtaSPAdJ1Tky3Ls5vkJikjvTXhrErypfvc25V1PkziTXFkP41sl?comment_id=1538197483452206&reply_comment_id=1626391824958599",,"2024-09-24T14:12:38.000Z","2921943391285944","https://www.facebook.com/antonsulaiman95/posts/pfbid02ffqtQnHNiPKYWpVtaSPAdJ1Tky3Ls5vkJikjvTXhrErypfvc25V1PkziTXFkP41sl","ZmVlZGJhY2s6MjkyMTk0MzM5MTI4NTk0NF8xNjI2MzkxODI0OTU4NTk5","Y29tbWVudDoyOTIxOTQzMzkxMjg1OTQ0XzE2MjYzOTE4MjQ5NTg1OTk=","https://www.facebook.com/antonsulaiman95/posts/pfbid02ffqtQnHNiPKYWpVtaSPAdJ1Tky3Ls5vkJikjvTXhrErypfvc25V1PkziTXFkP41sl","0","250829661453806","false","User","100047490514806","Sudiran","Sudiran","Y29tbWVudDoyOTIxOTQzMzkxMjg1OTQ0XzE1MzgxOTc0ODM0NTIyMDY=","Selamat Hari Tani Nasional.
🌶🌶 CKTAV 8 F1 🌶🌶

#benihcitraasia
#bintangasia","100047490514806","Sudiran","https://scontent.fcjs2-1.fna.fbcdn.net/v/t39.30808-1/299228377_601083921484620_7840193492917851762_n.jpg?stp=cp0_dst-jpg_s32x32&_nc_cat=110&ccb=1-7&_nc_sid=50d2ac&_nc_ohc=dQCo-lK0IckQ7kNvgHqh7fO&_nc_ht=scontent.fcjs2-1.fna&_nc_gid=AkWzZPBh1xoU6tjTo2R_RyC&oh=00_AYCLPRrpsLVJoH51-aDZM362OuDZn5g1QtWy8hDtrSgISg&oe=66FD356E","https://www.facebook.com/sudiran.sudiran.7374","Y29tbWVudDoyOTIxOTQzMzkxMjg1OTQ0XzE1MzgxOTc0ODM0NTIyMDY=","Anton Sulaiman Bintang Asia","2"
,,,,,,,,,,,,,,,,,,,,,,"https://www.facebook.com/antonsulaiman95/posts/pfbid02ffqtQnHNiPKYWpVtaSPAdJ1Tky3Ls5vkJikjvTXhrErypfvc25V1PkziTXFkP41sl?comment_id=769950505185980&reply_comment_id=509803465089501",,"2024-09-24T13:12:09.000Z","2921943391285944","https://www.facebook.com/antonsulaiman95/posts/pfbid02ffqtQnHNiPKYWpVtaSPAdJ1Tky3Ls5vkJikjvTXhrErypfvc25V1PkziTXFkP41sl","ZmVlZGJhY2s6MjkyMTk0MzM5MTI4NTk0NF81MDk4MDM0NjUwODk1MDE=","Y29tbWVudDoyOTIxOTQzMzkxMjg1OTQ0XzUwOTgwMzQ2NTA4OTUwMQ==","https://www.facebook.com/antonsulaiman95/posts/pfbid02ffqtQnHNiPKYWpVtaSPAdJ1Tky3Ls5vkJikjvTXhrErypfvc25V1PkziTXFkP41sl","0","250829661453806","false","User","pfbid02dcod9sd2ns32Ffnb1b3KAs3WBZXao5naAk9SF5kyfgFRXUi9RgrKSh3NArmHrnEbl","Aprizen Ikhlas","Aprizen","Y29tbWVudDoyOTIxOTQzMzkxMjg1OTQ0Xzc2OTk1MDUwNTE4NTk4MA==","Selamat Hari Tani Nasional.
🌶🌶 CKTAV 8 F1 🌶🌶

#benihcitraasia
#bintangasia","100004109346822","Anton Sulaiman Bintang Asia","https://scontent-gru1-2.xx.fbcdn.net/v/t39.30808-1/408038176_2702817406531878_9133290973397502973_n.jpg?stp=cp0_dst-jpg_s32x32&_nc_cat=100&ccb=1-7&_nc_sid=50d2ac&_nc_ohc=4OIuA7-CxxgQ7kNvgG9RgXD&_nc_ht=scontent-gru1-2.xx&_nc_gid=AuoMoTTY8Gruwaxpa0uFb5y&oh=00_AYB25Zhtc_O3x8Y9Jt53NaBhJoqCGZDfhUjmE4Q3uhJhSw&oe=66FD3DC3","https://www.facebook.com/antonsulaiman95","Y29tbWVudDoyOTIxOTQzMzkxMjg1OTQ0Xzc2OTk1MDUwNTE4NTk4MA==","Aprizen Ikhlas di bengkulu utara bang","1"
"Photo",,,"https://scontent.fmji4-1.fna.fbcdn.net/v/t39.30808-6/460991207_2921970497949900_6687370841783978710_n.jpg?stp=dst-jpg_fb30_s960x960&_nc_cat=102&ccb=1-7&_nc_sid=bd9a62&_nc_ohc=B30Nu8rwPz4Q7kNvgFG-9TP&_nc_ht=scontent.fmji4-1.fna&oh=00_AYBVxPjlQZfvTYBmOL7jo___VQco_GEEww-_0rAhL0hoxA&oe=66FD2B37",,,,,,"2921970487949901","196","https://scontent.fmji4-1.fna.fbcdn.net/v/t39.30808-6/460991207_2921970497949900_6687370841783978710_n.jpg?stp=dst-jpg_s261x260&_nc_cat=102&ccb=1-7&_nc_sid=bd9a62&_nc_ohc=B30Nu8rwPz4Q7kNvgFG-9TP&_nc_ht=scontent.fmji4-1.fna&oh=00_AYB5smerbEIl7Nz3W0hYFmYa6wZg568OjLspieJu9oGrTQ&oe=66FD2B37","261",,"721","960","May be an image of 2 people and text",,,,,,"https://www.facebook.com/antonsulaiman95/posts/pfbid02ffqtQnHNiPKYWpVtaSPAdJ1Tky3Ls5vkJikjvTXhrErypfvc25V1PkziTXFkP41sl?comment_id=508183785528449&reply_comment_id=1731427660936708","2","2024-09-24T13:42:57.000Z","2921943391285944","https://www.facebook.com/antonsulaiman95/posts/pfbid02ffqtQnHNiPKYWpVtaSPAdJ1Tky3Ls5vkJikjvTXhrErypfvc25V1PkziTXFkP41sl","ZmVlZGJhY2s6MjkyMTk0MzM5MTI4NTk0NF8xNzMxNDI3NjYwOTM2NzA4","Y29tbWVudDoyOTIxOTQzMzkxMjg1OTQ0XzE3MzE0Mjc2NjA5MzY3MDg=","https://www.facebook.com/antonsulaiman95/posts/pfbid02ffqtQnHNiPKYWpVtaSPAdJ1Tky3Ls5vkJikjvTXhrErypfvc25V1PkziTXFkP41sl","1","250829661453806","false","User","pfbid03aqGRsgowf8Apep5vSG8z5pHwPfPoWuNBZL1pZuD4qnRLRXy9t6oUnGZ5RkgGk9tl","Erick Hysteria","Erick","Y29tbWVudDoyOTIxOTQzMzkxMjg1OTQ0XzUwODE4Mzc4NTUyODQ0OQ==","Selamat Hari Tani Nasional.
🌶🌶 CKTAV 8 F1 🌶🌶

#benihcitraasia
#bintangasia","100004109346822","Anton Sulaiman Bintang Asia","https://scontent.fmji4-1.fna.fbcdn.net/v/t39.30808-1/408038176_2702817406531878_9133290973397502973_n.jpg?stp=cp0_dst-jpg_s32x32&_nc_cat=100&ccb=1-7&_nc_sid=50d2ac&_nc_ohc=4OIuA7-CxxgQ7kNvgGdLFK3&_nc_ht=scontent.fmji4-1.fna&oh=00_AYCX7XBc8PLGJ1jNCC00kdEtatu_XjyhYNkfSW_jQuOz7w&oe=66FD3DC3","https://www.facebook.com/antonsulaiman95","Y29tbWVudDoyOTIxOTQzMzkxMjg1OTQ0XzUwODE4Mzc4NTUyODQ0OQ==","Erick Hysteria","1"
,,,,,,,,,,,,,,,,,,,,,,"https://www.facebook.com/antonsulaiman95/posts/pfbid02ffqtQnHNiPKYWpVtaSPAdJ1Tky3Ls5vkJikjvTXhrErypfvc25V1PkziTXFkP41sl?comment_id=508183785528449&reply_comment_id=1036394624457467",,"2024-09-24T15:42:32.000Z","2921943391285944","https://www.facebook.com/antonsulaiman95/posts/pfbid02ffqtQnHNiPKYWpVtaSPAdJ1Tky3Ls5vkJikjvTXhrErypfvc25V1PkziTXFkP41sl","ZmVlZGJhY2s6MjkyMTk0MzM5MTI4NTk0NF8xMDM2Mzk0NjI0NDU3NDY3","Y29tbWVudDoyOTIxOTQzMzkxMjg1OTQ0XzEwMzYzOTQ2MjQ0NTc0Njc=","https://www.facebook.com/antonsulaiman95/posts/pfbid02ffqtQnHNiPKYWpVtaSPAdJ1Tky3Ls5vkJikjvTXhrErypfvc25V1PkziTXFkP41sl","0","250829661453806","false","User","pfbid03aqGRsgowf8Apep5vSG8z5pHwPfPoWuNBZL1pZuD4qnRLRXy9t6oUnGZ5RkgGk9tl","Erick Hysteria","Erick","Y29tbWVudDoyOTIxOTQzMzkxMjg1OTQ0XzUwODE4Mzc4NTUyODQ0OQ==","Selamat Hari Tani Nasional.
🌶🌶 CKTAV 8 F1 🌶🌶

#benihcitraasia
#bintangasia","pfbid03aqGRsgowf8Apep5vSG8z5pHwPfPoWuNBZL1pZuD4qnRLRXy9t6oUnGZ5RkgGk9tl","Erick Hysteria","https://scontent.fmji4-1.fna.fbcdn.net/v/t39.30808-1/439422255_7313074122079845_7367519687273267636_n.jpg?stp=cp0_dst-jpg_s32x32&_nc_cat=106&ccb=1-7&_nc_sid=0ecb9b&_nc_ohc=rmQuuEDUlQ0Q7kNvgFM2iPG&_nc_ht=scontent.fmji4-1.fna&oh=00_AYD11zL9bouz_KMUl9EfniId7oVfCkJ-EYHeina-pHLaQA&oe=66FD5824",,"Y29tbWVudDoyOTIxOTQzMzkxMjg1OTQ0XzUwODE4Mzc4NTUyODQ0OQ==","Anton Sulaiman Bintang Asia  👍👍","2"
"Photo",,,"https://scontent.fmji4-1.fna.fbcdn.net/v/t39.30808-6/461177073_8171725516214697_2701978450828972075_n.jpg?stp=dst-jpg_fb30&_nc_cat=110&ccb=1-7&_nc_sid=bd9a62&_nc_ohc=XJ8hiVfoF8YQ7kNvgFOdoMg&_nc_ht=scontent.fmji4-1.fna&oh=00_AYDtFFGY_G0gcP8nirgjqpbYAII2C6QOKf2PU3OH1Qi-Ow&oe=66FD48BC",,,,,,"8171725502881365","225","https://scontent.fmji4-1.fna.fbcdn.net/v/t39.30808-6/461177073_8171725516214697_2701978450828972075_n.jpg?stp=dst-jpg_p75x225&_nc_cat=110&ccb=1-7&_nc_sid=bd9a62&_nc_ohc=XJ8hiVfoF8YQ7kNvgFOdoMg&_nc_ht=scontent.fmji4-1.fna&oh=00_AYCNMKcAUEf1XAQApvUCj8KE-7p_76MDEKHZwn_DnlvvuQ&oe=66FD48BC","225",,"500","500","May be an image of text",,,,,,"https://www.facebook.com/antonsulaiman95/posts/pfbid02ffqtQnHNiPKYWpVtaSPAdJ1Tky3Ls5vkJikjvTXhrErypfvc25V1PkziTXFkP41sl?comment_id=508183785528449&reply_comment_id=452594177806044",,"2024-09-24T15:46:59.000Z","2921943391285944","https://www.facebook.com/antonsulaiman95/posts/pfbid02ffqtQnHNiPKYWpVtaSPAdJ1Tky3Ls5vkJikjvTXhrErypfvc25V1PkziTXFkP41sl","ZmVlZGJhY2s6MjkyMTk0MzM5MTI4NTk0NF80NTI1OTQxNzc4MDYwNDQ=","Y29tbWVudDoyOTIxOTQzMzkxMjg1OTQ0XzQ1MjU5NDE3NzgwNjA0NA==","https://www.facebook.com/antonsulaiman95/posts/pfbid02ffqtQnHNiPKYWpVtaSPAdJ1Tky3Ls5vkJikjvTXhrErypfvc25V1PkziTXFkP41sl","1","250829661453806","false","User","pfbid03aqGRsgowf8Apep5vSG8z5pHwPfPoWuNBZL1pZuD4qnRLRXy9t6oUnGZ5RkgGk9tl","Erick Hysteria","Erick","Y29tbWVudDoyOTIxOTQzMzkxMjg1OTQ0XzUwODE4Mzc4NTUyODQ0OQ==","Selamat Hari Tani Nasional.
🌶🌶 CKTAV 8 F1 🌶🌶

#benihcitraasia
#bintangasia","pfbid03aqGRsgowf8Apep5vSG8z5pHwPfPoWuNBZL1pZuD4qnRLRXy9t6oUnGZ5RkgGk9tl","Erick Hysteria","https://scontent.fmji4-1.fna.fbcdn.net/v/t39.30808-1/439422255_7313074122079845_7367519687273267636_n.jpg?stp=cp0_dst-jpg_s32x32&_nc_cat=106&ccb=1-7&_nc_sid=0ecb9b&_nc_ohc=rmQuuEDUlQ0Q7kNvgFM2iPG&_nc_ht=scontent.fmji4-1.fna&oh=00_AYD11zL9bouz_KMUl9EfniId7oVfCkJ-EYHeina-pHLaQA&oe=66FD5824",,"Y29tbWVudDoyOTIxOTQzMzkxMjg1OTQ0XzUwODE4Mzc4NTUyODQ0OQ==","Anton Sulaiman Bintang Asia  virus dilawan","2"
,,,,,,,,,,,,,,,,,,,,,,"https://www.facebook.com/antonsulaiman95/posts/pfbid02ffqtQnHNiPKYWpVtaSPAdJ1Tky3Ls5vkJikjvTXhrErypfvc25V1PkziTXFkP41sl?comment_id=1245197133179700&reply_comment_id=1200485821240281",,"2024-09-24T13:22:57.000Z","2921943391285944","https://www.facebook.com/antonsulaiman95/posts/pfbid02ffqtQnHNiPKYWpVtaSPAdJ1Tky3Ls5vkJikjvTXhrErypfvc25V1PkziTXFkP41sl","ZmVlZGJhY2s6MjkyMTk0MzM5MTI4NTk0NF8xMjAwNDg1ODIxMjQwMjgx","Y29tbWVudDoyOTIxOTQzMzkxMjg1OTQ0XzEyMDA0ODU4MjEyNDAyODE=","https://www.facebook.com/antonsulaiman95/posts/pfbid02ffqtQnHNiPKYWpVtaSPAdJ1Tky3Ls5vkJikjvTXhrErypfvc25V1PkziTXFkP41sl","1","250829661453806","false","User","100007578522755","Renzy Bintangasia","Renzy","Y29tbWVudDoyOTIxOTQzMzkxMjg1OTQ0XzEyNDUxOTcxMzMxNzk3MDA=","Selamat Hari Tani Nasional.
🌶🌶 CKTAV 8 F1 🌶🌶

#benihcitraasia
#bintangasia","100004109346822","Anton Sulaiman Bintang Asia","https://scontent.flko2-1.fna.fbcdn.net/v/t39.30808-1/408038176_2702817406531878_9133290973397502973_n.jpg?stp=cp0_dst-jpg_s32x32&_nc_cat=100&ccb=1-7&_nc_sid=50d2ac&_nc_ohc=4OIuA7-CxxgQ7kNvgGkOl-i&_nc_ht=scontent.flko2-1.fna&oh=00_AYDnD-COwdrucj6hQ52T78m7dscgAreOsS-Q8B14czYQjA&oe=66FD3DC3","https://www.facebook.com/antonsulaiman95","Y29tbWVudDoyOTIxOTQzMzkxMjg1OTQ0XzEyNDUxOTcxMzMxNzk3MDA=","Renzy Bintangasia tengkiyu bosquh 😁","1"
