﻿"channelAvatarUrl","channelBannerUrl","channelDescription","channelId","channelJoinedDate","channelLocation","channelName","channelTotalVideos","channelTotalViews","channelUrl","comments","commentsCount","commentsTurnedOff","date","duration","fromYTUrl","id","inputChannelUrl","isAgeRestricted","isChannelVerified","isMonetized","likes","location","numberOfSubscribers","subtitles","text","thumbnailUrl","title","type","url","viewCount"
"https://yt3.googleusercontent.com/dOVVW_3ULLcifZxZvyC25RszUx4gNNedcY66K-4Qk78RLX68o7j9KpRR1mDJjjEl2nf5_4eQiA=s160-c-k-c0x00ffffff-no-rj","https://yt3.googleusercontent.com/iB-9nhCN05P69bZt-O4NhGK9CYcQG08boKAfgB3dhH6dejPN4ecHSFyjTlXgtyoBxm-bPW2kSA=w2560-fcrop64=1,00005a57ffffa5a8-k-c0xffffffff-no-nd-rj",,"UCZpCM2RFMCrzWAtn0PGx1Iw","Jul 15, 2020",,"Nrll Hardianti Bintang Asia","19","4898","https://www.youtube.com/channel/UCZpCM2RFMCrzWAtn0PGx1Iw",,"0","true","2024-09-10T00:00:00.000Z","00:06:51","https://www.youtube.com/@nrllhardianti1111/videos","xtdJUFTBu_k","https://www.youtube.com/@nrllhardianti1111/shorts","false","false",,"4",,"45",,"","https://i.ytimg.com/vi/xtdJUFTBu_k/hqdefault.jpg?sqp=-oaymwEmCOADEOgC8quKqQMa8AEB-AGIAoAC4AOKAgwIABABGF8gZShHMA8=&rs=AOn4CLB5RQQFQfm3LjKC72s69Kj6yxpEdg","Mengenal Tomat Topan F1 dan Natavi F1 Produksi PT Benih Citra Asia Di Dataran Tinggi Kabupaten Gowa","video","https://www.youtube.com/watch?v=xtdJUFTBu_k","38"
"https://yt3.googleusercontent.com/dOVVW_3ULLcifZxZvyC25RszUx4gNNedcY66K-4Qk78RLX68o7j9KpRR1mDJjjEl2nf5_4eQiA=s160-c-k-c0x00ffffff-no-rj","https://yt3.googleusercontent.com/iB-9nhCN05P69bZt-O4NhGK9CYcQG08boKAfgB3dhH6dejPN4ecHSFyjTlXgtyoBxm-bPW2kSA=w2560-fcrop64=1,00005a57ffffa5a8-k-c0xffffffff-no-nd-rj",,"UCZpCM2RFMCrzWAtn0PGx1Iw","Jul 15, 2020",,"Nrll Hardianti Bintang Asia","19","4898","https://www.youtube.com/channel/UCZpCM2RFMCrzWAtn0PGx1Iw",,"1","false","2024-09-12T00:00:00.000Z","00:01:09","https://www.youtube.com/@nrllhardianti1111/videos","hw2Na7F6z1o","https://www.youtube.com/@nrllhardianti1111/shorts","false","false",,"3",,"45",,"Lokasi Pertama Tewe F1","https://i.ytimg.com/vi/hw2Na7F6z1o/maxresdefault.jpg?sqp=-oaymwEmCIAKENAF8quKqQMa8AEB-AG2CIACgA-KAgwIABABGGUgZShlMA8=&rs=AOn4CLDikZuT0rsGAm6T9vQ_Cj8KO6nNoQ","Visit lahan petani Buncis tomat dan kubis","video","https://www.youtube.com/watch?v=hw2Na7F6z1o","11"
"https://yt3.googleusercontent.com/dOVVW_3ULLcifZxZvyC25RszUx4gNNedcY66K-4Qk78RLX68o7j9KpRR1mDJjjEl2nf5_4eQiA=s160-c-k-c0x00ffffff-no-rj","https://yt3.googleusercontent.com/iB-9nhCN05P69bZt-O4NhGK9CYcQG08boKAfgB3dhH6dejPN4ecHSFyjTlXgtyoBxm-bPW2kSA=w2560-fcrop64=1,00005a57ffffa5a8-k-c0xffffffff-no-nd-rj",,"UCZpCM2RFMCrzWAtn0PGx1Iw","Jul 15, 2020",,"Nrll Hardianti Bintang Asia","19","4898","https://www.youtube.com/channel/UCZpCM2RFMCrzWAtn0PGx1Iw",,"3","false","2024-09-12T00:00:00.000Z","00:01:38","https://www.youtube.com/@nrllhardianti1111/videos","qBjoAMTLECY","https://www.youtube.com/@nrllhardianti1111/shorts","false","false",,"2",,"45",,"","https://i.ytimg.com/vi/qBjoAMTLECY/maxresdefault.jpg?sqp=-oaymwEmCIAKENAF8quKqQMa8AEB-AG2CIACgA-KAgwIABABGFkgXyhlMA8=&rs=AOn4CLDtbAOkYegGCWmkNmQZcrtpUePnzQ","New..❗❗❗ Sawi Putih Hibrida Varietas Cacha F1 produksi PT Benih Citra Asia","video","https://www.youtube.com/watch?v=qBjoAMTLECY","16"
"https://yt3.googleusercontent.com/dOVVW_3ULLcifZxZvyC25RszUx4gNNedcY66K-4Qk78RLX68o7j9KpRR1mDJjjEl2nf5_4eQiA=s160-c-k-c0x00ffffff-no-rj","https://yt3.googleusercontent.com/iB-9nhCN05P69bZt-O4NhGK9CYcQG08boKAfgB3dhH6dejPN4ecHSFyjTlXgtyoBxm-bPW2kSA=w2560-fcrop64=1,00005a57ffffa5a8-k-c0xffffffff-no-nd-rj",,"UCZpCM2RFMCrzWAtn0PGx1Iw","Jul 15, 2020",,"Nrll Hardianti Bintang Asia","19","4898","https://www.youtube.com/channel/UCZpCM2RFMCrzWAtn0PGx1Iw",,"6","false","2024-09-12T00:00:00.000Z","00:01:25","https://www.youtube.com/@nrllhardianti1111/videos","ccsZ5xgyq04","https://www.youtube.com/@nrllhardianti1111/shorts","false","false",,"5",,"45",,"Ngeeriii buah tomat dengan produksi yang tinggi","https://i.ytimg.com/vi/ccsZ5xgyq04/maxresdefault.jpg?sqp=-oaymwEmCIAKENAF8quKqQMa8AEB-AG2CIACgA-KAgwIABABGFYgXShlMA8=&rs=AOn4CLA2Ui295AGzexucSanWcRMKJWK_Zw","Tomat Vitalia F1 produksi PT.Benih Citra Asia","video","https://www.youtube.com/watch?v=ccsZ5xgyq04","18"
"https://yt3.googleusercontent.com/dOVVW_3ULLcifZxZvyC25RszUx4gNNedcY66K-4Qk78RLX68o7j9KpRR1mDJjjEl2nf5_4eQiA=s160-c-k-c0x00ffffff-no-rj","https://yt3.googleusercontent.com/iB-9nhCN05P69bZt-O4NhGK9CYcQG08boKAfgB3dhH6dejPN4ecHSFyjTlXgtyoBxm-bPW2kSA=w2560-fcrop64=1,00005a57ffffa5a8-k-c0xffffffff-no-nd-rj",,"UCZpCM2RFMCrzWAtn0PGx1Iw","Jul 15, 2020",,"Nrll Hardianti Bintang Asia","19","4898","https://www.youtube.com/channel/UCZpCM2RFMCrzWAtn0PGx1Iw",,"4","false","2024-09-11T00:00:00.000Z","00:01:57","https://www.youtube.com/@nrllhardianti1111/videos","CdbZad8ft3A","https://www.youtube.com/@nrllhardianti1111/shorts","false","false",,"3",,"45",,"","https://i.ytimg.com/vi/CdbZad8ft3A/maxresdefault.jpg?sqp=-oaymwEmCIAKENAF8quKqQMa8AEB-AG2CIACgA-KAgwIABABGEsgVShlMA8=&rs=AOn4CLCgx-AQMaDq0t6CxwZC-dTbAzE-xA","Rekomendasi untuk petani Dataran Tinggi Tomat Natavi F1 Produksi PT Benih Citra Asia","video","https://www.youtube.com/watch?v=CdbZad8ft3A","39"
