﻿"attachments/0/style_list/0","attachments/0/style_list/1","attachments/0/style_list/2","attachments/0/style_list/3","attachments/0/style_list/4","commentUrl","commentsCount","date","facebookId","facebookUrl","feedbackId","id","inputUrl","likesCount","postTitle","profileId","profileName","profilePicture","profileUrl","replyToCommentId","text","threadingDepth"
,,,,,"https://www.facebook.com/100013364191442/posts/2005823976539723?comment_id=1820035501860951",,"2024-09-14T01:31:56.000Z","2005823976539723","https://www.facebook.com/100013364191442/posts/2005823976539723","ZmVlZGJhY2s6MjAwNTgyMzk3NjUzOTcyM18xODIwMDM1NTAxODYwOTUx","Y29tbWVudDoyMDA1ODIzOTc2NTM5NzIzXzE4MjAwMzU1MDE4NjA5NTE=","https://www.facebook.com/100013364191442/posts/2005823976539723","0","Hadir..!!! Dataran Tinggi Kabupaten Gowa Dan Sinjai Tomat varietas Vitalia F1

Tomat hibrida determinate.
Bentuk buah : bulat.
Warna buah muda : hijau....","pfbid036SvyUDgnBJoiAPLUedocje2hVVMtCB65pDUotGoGMBkswL1suLHNwLUfbfjUppcZl","Abdullah","https://scontent-gig4-1.xx.fbcdn.net/v/t39.30808-1/317434815_103762402577210_5440393149876060144_n.jpg?stp=cp0_dst-jpg_s32x32&_nc_cat=110&ccb=1-7&_nc_sid=0ecb9b&_nc_ohc=HapHXsKjsh0Q7kNvgHKo7kp&_nc_ht=scontent-gig4-1.xx&_nc_gid=ApcWH5Xz_ZavPVUbFqwMvn0&oh=00_AYCX2BdunLWUzhXwpF3Ku-gL7TfZhbjDCJrZ6mmnCXT6pA&oe=66EAD777","https://www.facebook.com/people/Abdullah/pfbid036SvyUDgnBJoiAPLUedocje2hVVMtCB65pDUotGoGMBkswL1suLHNwLUfbfjUppcZl/",,"Adakah sampel",
"animated_image_share","image_share","share","fallback",,"https://www.facebook.com/100013364191442/posts/2005823976539723?comment_id=1857193548142736","1","2024-09-13T14:16:48.000Z","2005823976539723","https://www.facebook.com/100013364191442/posts/2005823976539723","ZmVlZGJhY2s6MjAwNTgyMzk3NjUzOTcyM18xODU3MTkzNTQ4MTQyNzM2","Y29tbWVudDoyMDA1ODIzOTc2NTM5NzIzXzE4NTcxOTM1NDgxNDI3MzY=","https://www.facebook.com/100013364191442/posts/2005823976539723","0","Hadir..!!! Dataran Tinggi Kabupaten Gowa Dan Sinjai Tomat varietas Vitalia F1

Tomat hibrida determinate.
Bentuk buah : bulat.
Warna buah muda : hijau....","100086103870174","Ruzlymatarang Ruzlymataran","https://scontent-gig4-2.xx.fbcdn.net/v/t39.30808-1/419143101_348903491323111_8141718275791037493_n.jpg?stp=c0.0.612.612a_cp0_dst-jpg_s32x32&_nc_cat=103&ccb=1-7&_nc_sid=50d2ac&_nc_ohc=jxH8bmMzxagQ7kNvgHFLzuL&_nc_ht=scontent-gig4-2.xx&_nc_gid=ApcWH5Xz_ZavPVUbFqwMvn0&oh=00_AYDZENpVM0dghZE57zf_trXx4oNEyn-j1QjxpAsOpHtpCw&oe=66EAB83C","https://www.facebook.com/people/Ruzlymatarang-Ruzlymataran/100086103870174/",,,
,,,,,"https://www.facebook.com/100013364191442/posts/2005823976539723?comment_id=417104844819814","1","2024-09-14T00:18:05.000Z","2005823976539723","https://www.facebook.com/100013364191442/posts/2005823976539723","ZmVlZGJhY2s6MjAwNTgyMzk3NjUzOTcyM180MTcxMDQ4NDQ4MTk4MTQ=","Y29tbWVudDoyMDA1ODIzOTc2NTM5NzIzXzQxNzEwNDg0NDgxOTgxNA==","https://www.facebook.com/100013364191442/posts/2005823976539723","0","Hadir..!!! Dataran Tinggi Kabupaten Gowa Dan Sinjai Tomat varietas Vitalia F1

Tomat hibrida determinate.
Bentuk buah : bulat.
Warna buah muda : hijau....","pfbid0niPh7x8c4gb1ef9yX8hHRuZHDqrCZmEjft5qcq6L7Nkem9Gdtt62mBgNbMiY4ZJMl","Iiful Jr","https://scontent-gig4-1.xx.fbcdn.net/v/t39.30808-1/451634154_2908830042608097_4033942119023814155_n.jpg?stp=cp0_dst-jpg_s32x32&_nc_cat=111&ccb=1-7&_nc_sid=0ecb9b&_nc_ohc=mjNMFUPdfrIQ7kNvgGnwFT9&_nc_ht=scontent-gig4-1.xx&_nc_gid=ApcWH5Xz_ZavPVUbFqwMvn0&oh=00_AYD0s2gciwD_QtE6eQpd7E4hsMdnuM_5JRRAVeyo5-FxEg&oe=66EAC8A8",,,"Mantap ndi",
,,,,,"https://www.facebook.com/100013364191442/posts/2005823976539723?comment_id=545575994805351","1","2024-09-13T08:58:49.000Z","2005823976539723","https://www.facebook.com/100013364191442/posts/2005823976539723","ZmVlZGJhY2s6MjAwNTgyMzk3NjUzOTcyM181NDU1NzU5OTQ4MDUzNTE=","Y29tbWVudDoyMDA1ODIzOTc2NTM5NzIzXzU0NTU3NTk5NDgwNTM1MQ==","https://www.facebook.com/100013364191442/posts/2005823976539723","0","Hadir..!!! Dataran Tinggi Kabupaten Gowa Dan Sinjai Tomat varietas Vitalia F1

Tomat hibrida determinate.
Bentuk buah : bulat.
Warna buah muda : hijau....","100007578522755","Renzy Bintangasia","https://scontent-gig4-2.xx.fbcdn.net/v/t39.30808-1/426012403_3605728109689771_2277782955804277447_n.jpg?stp=cp0_dst-jpg_s32x32&_nc_cat=104&ccb=1-7&_nc_sid=50d2ac&_nc_ohc=M574j_z4JmsQ7kNvgE3tpkW&_nc_ht=scontent-gig4-2.xx&_nc_gid=ApcWH5Xz_ZavPVUbFqwMvn0&oh=00_AYBfm72hzzTJubdKI9j5L1hQb2yP83zugCMDUNuiYAjaDQ&oe=66EAC284","https://www.facebook.com/renzi.prayuda",,"Mantap",
,,,,,"https://www.facebook.com/100013364191442/posts/2005823976539723?comment_id=881977490492383","3","2024-09-14T01:07:51.000Z","2005823976539723","https://www.facebook.com/100013364191442/posts/2005823976539723","ZmVlZGJhY2s6MjAwNTgyMzk3NjUzOTcyM184ODE5Nzc0OTA0OTIzODM=","Y29tbWVudDoyMDA1ODIzOTc2NTM5NzIzXzg4MTk3NzQ5MDQ5MjM4Mw==","https://www.facebook.com/100013364191442/posts/2005823976539723","0","Hadir..!!! Dataran Tinggi Kabupaten Gowa Dan Sinjai Tomat varietas Vitalia F1

Tomat hibrida determinate.
Bentuk buah : bulat.
Warna buah muda : hijau....","100005951022145","Fitriya Muis Sitti Ratna","https://scontent-gig4-1.xx.fbcdn.net/v/t39.30808-1/457047074_2373110192897325_4306560860785530530_n.jpg?stp=cp0_dst-jpg_s32x32&_nc_cat=106&ccb=1-7&_nc_sid=50d2ac&_nc_ohc=gU0xVE-HovUQ7kNvgF7759R&_nc_ht=scontent-gig4-1.xx&_nc_gid=ApcWH5Xz_ZavPVUbFqwMvn0&oh=00_AYDwDbydVRqnPveQlctoxPBm3fEVQI0K01roe1yKeLzrtw&oe=66EAD53D","https://www.facebook.com/singa.lapar.9421",,"Semangat Anthy😀",
,,,,,"https://www.facebook.com/100013364191442/posts/2005823976539723?comment_id=1067697995010479","1","2024-09-13T10:55:25.000Z","2005823976539723","https://www.facebook.com/100013364191442/posts/2005823976539723","ZmVlZGJhY2s6MjAwNTgyMzk3NjUzOTcyM18xMDY3Njk3OTk1MDEwNDc5","Y29tbWVudDoyMDA1ODIzOTc2NTM5NzIzXzEwNjc2OTc5OTUwMTA0Nzk=","https://www.facebook.com/100013364191442/posts/2005823976539723","0","Hadir..!!! Dataran Tinggi Kabupaten Gowa Dan Sinjai Tomat varietas Vitalia F1

Tomat hibrida determinate.
Bentuk buah : bulat.
Warna buah muda : hijau....","100009204089412","Tinny Serang","https://scontent-gig4-1.xx.fbcdn.net/v/t39.30808-1/315091409_3383092498674186_3397043082511654889_n.jpg?stp=c0.104.600.600a_cp0_dst-jpg_s32x32&_nc_cat=106&ccb=1-7&_nc_sid=50d2ac&_nc_ohc=x1YM4fSXScgQ7kNvgESU55N&_nc_ht=scontent-gig4-1.xx&_nc_gid=ApcWH5Xz_ZavPVUbFqwMvn0&oh=00_AYCjVhRpV15Ujz2vIgy0jJ4dojvHkKydUHV7u4mSSjREvw&oe=66EAC7AF","https://www.facebook.com/tisya.nirwana.3",,"Sukses slalu",
,,,,,"https://www.facebook.com/100013364191442/posts/2005776519877802?comment_id=871194751630111","6","2024-09-13T05:38:36.000Z","2005776519877802","https://www.facebook.com/100013364191442/posts/2005776519877802","ZmVlZGJhY2s6MjAwNTc3NjUxOTg3NzgwMl84NzExOTQ3NTE2MzAxMTE=","Y29tbWVudDoyMDA1Nzc2NTE5ODc3ODAyXzg3MTE5NDc1MTYzMDExMQ==","https://www.facebook.com/100013364191442/posts/2005776519877802","0","Mengenal Buncis Tewe Produksi PT Benih Citra Asia...

Buncis biji krem.
Warna buah : hijau keputihan.
Ukuran buah : ± 21 cm.
Umur panen : ± 45 hst....","100007578522755","Renzy Bintangasia","https://scontent-lga3-2.xx.fbcdn.net/v/t39.30808-1/426012403_3605728109689771_2277782955804277447_n.jpg?stp=cp0_dst-jpg_s32x32&_nc_cat=104&ccb=1-7&_nc_sid=50d2ac&_nc_ohc=M574j_z4JmsQ7kNvgH4BaFg&_nc_ht=scontent-lga3-2.xx&oh=00_AYAlPgbBJ4oOUkaW0iNy8lbhLo_vUUPH87fVlqw38489Tg&oe=66EAC284","https://www.facebook.com/renzi.prayuda",,"Ganteng",
"animated_image_share","image_share","share","fallback",,"https://www.facebook.com/100013364191442/posts/2005776519877802?comment_id=396210029926457","1","2024-09-13T06:31:44.000Z","2005776519877802","https://www.facebook.com/100013364191442/posts/2005776519877802","ZmVlZGJhY2s6MjAwNTc3NjUxOTg3NzgwMl8zOTYyMTAwMjk5MjY0NTc=","Y29tbWVudDoyMDA1Nzc2NTE5ODc3ODAyXzM5NjIxMDAyOTkyNjQ1Nw==","https://www.facebook.com/100013364191442/posts/2005776519877802","0","Mengenal Buncis Tewe Produksi PT Benih Citra Asia...

Buncis biji krem.
Warna buah : hijau keputihan.
Ukuran buah : ± 21 cm.
Umur panen : ± 45 hst....","pfbid0SacEnpkX1aTfZebNZ7g4RysEhAe2ZYG72BrEVsYoyrKzrxLnoyHknv1BkJtHzSexl","Mulky Agro Indotani","https://scontent-lga3-2.xx.fbcdn.net/v/t39.30808-1/335016224_501882572157240_365065339825799565_n.jpg?stp=cp0_dst-jpg_s32x32&_nc_cat=100&ccb=1-7&_nc_sid=0ecb9b&_nc_ohc=LmcpnAMNba8Q7kNvgE5bYHi&_nc_ht=scontent-lga3-2.xx&oh=00_AYBRganCSDMcDUj-MT7hW8uek-J4EaFVh8Zha09opg48hQ&oe=66EADDC6","https://www.facebook.com/mulkytani",,,
,,,,,"https://www.facebook.com/100013364191442/posts/2005776519877802?comment_id=540646015089070","4","2024-09-13T06:22:02.000Z","2005776519877802","https://www.facebook.com/100013364191442/posts/2005776519877802","ZmVlZGJhY2s6MjAwNTc3NjUxOTg3NzgwMl81NDA2NDYwMTUwODkwNzA=","Y29tbWVudDoyMDA1Nzc2NTE5ODc3ODAyXzU0MDY0NjAxNTA4OTA3MA==","https://www.facebook.com/100013364191442/posts/2005776519877802","0","Mengenal Buncis Tewe Produksi PT Benih Citra Asia...

Buncis biji krem.
Warna buah : hijau keputihan.
Ukuran buah : ± 21 cm.
Umur panen : ± 45 hst....","100014623516733","Muhammadjafar","https://scontent-lga3-2.xx.fbcdn.net/v/t39.30808-1/437777564_1796463224184444_6323579690372403329_n.jpg?stp=cp0_dst-jpg_s32x32&_nc_cat=104&ccb=1-7&_nc_sid=50d2ac&_nc_ohc=KKVKzI_JznQQ7kNvgFMaVZf&_nc_ht=scontent-lga3-2.xx&oh=00_AYAfooibqN2Y77zoq4mJjfE-ES0glVotLEOPY6rf60K2PA&oe=66EAEA50","https://www.facebook.com/jafaremba",,"Yg saya cari, yg mana bisa utk dmasak sayur😂😂😂😂",
,,,,,"https://www.facebook.com/100013364191442/posts/2005776519877802?comment_id=494958640066028","2","2024-09-13T06:11:06.000Z","2005776519877802","https://www.facebook.com/100013364191442/posts/2005776519877802","ZmVlZGJhY2s6MjAwNTc3NjUxOTg3NzgwMl80OTQ5NTg2NDAwNjYwMjg=","Y29tbWVudDoyMDA1Nzc2NTE5ODc3ODAyXzQ5NDk1ODY0MDA2NjAyOA==","https://www.facebook.com/100013364191442/posts/2005776519877802","0","Mengenal Buncis Tewe Produksi PT Benih Citra Asia...

Buncis biji krem.
Warna buah : hijau keputihan.
Ukuran buah : ± 21 cm.
Umur panen : ± 45 hst....","pfbid0MfTerRVsCP4R2ZH4jPn8ut2yZhLSCDv4jtj2xR9ewXkvXoqn1TvVheY9cTDQBH7hl","Abu Zain","https://scontent-lga3-1.xx.fbcdn.net/v/t39.30808-1/435494191_457190010311874_2986738048923136276_n.jpg?stp=c0.0.600.600a_cp0_dst-jpg_s32x32&_nc_cat=108&ccb=1-7&_nc_sid=0ecb9b&_nc_ohc=D076W_h7ns8Q7kNvgGlXfh-&_nc_ht=scontent-lga3-1.xx&oh=00_AYB60SJ8OifNhV5EWwvTXeMhOtALu7yqr3cyHvWFnypBag&oe=66EAE12B","https://www.facebook.com/people/Abu-Zain/pfbid0MfTerRVsCP4R2ZH4jPn8ut2yZhLSCDv4jtj2xR9ewXkvXoqn1TvVheY9cTDQBH7hl/",,"👍👍💥",
,,,,,"https://www.facebook.com/100013364191442/posts/2005776519877802?comment_id=3815599692091516","1","2024-09-13T06:04:36.000Z","2005776519877802","https://www.facebook.com/100013364191442/posts/2005776519877802","ZmVlZGJhY2s6MjAwNTc3NjUxOTg3NzgwMl8zODE1NTk5NjkyMDkxNTE2","Y29tbWVudDoyMDA1Nzc2NTE5ODc3ODAyXzM4MTU1OTk2OTIwOTE1MTY=","https://www.facebook.com/100013364191442/posts/2005776519877802","0","Mengenal Buncis Tewe Produksi PT Benih Citra Asia...

Buncis biji krem.
Warna buah : hijau keputihan.
Ukuran buah : ± 21 cm.
Umur panen : ± 45 hst....","pfbid02TQzDuPCWr17RfEDsYA9zuWxfiP7veq8hfzit5ZxNvJzMGauxotyihYFTy49GMDsil","Syahrir Arfan","https://scontent-lga3-1.xx.fbcdn.net/v/t1.6435-1/91260558_525854091453482_1357539321455837184_n.jpg?stp=c240.0.959.959a_cp0_dst-jpg_s32x32&_nc_cat=111&ccb=1-7&_nc_sid=0ecb9b&_nc_ohc=3uZp747uwZ4Q7kNvgGiBU3r&_nc_ht=scontent-lga3-1.xx&oh=00_AYCsJbMX81-kA3E1AmuiH2raK3toMgcL0aPyaD9ZjouiLA&oe=670C6313","https://www.facebook.com/syahrir.arfan.94",,"👍🏻💪💪Cece jii",
,,,,,"https://www.facebook.com/100013364191442/posts/2005776519877802?comment_id=1322894948691478","1","2024-09-13T08:49:41.000Z","2005776519877802","https://www.facebook.com/100013364191442/posts/2005776519877802","ZmVlZGJhY2s6MjAwNTc3NjUxOTg3NzgwMl8xMzIyODk0OTQ4NjkxNDc4","Y29tbWVudDoyMDA1Nzc2NTE5ODc3ODAyXzEzMjI4OTQ5NDg2OTE0Nzg=","https://www.facebook.com/100013364191442/posts/2005776519877802","0","Mengenal Buncis Tewe Produksi PT Benih Citra Asia...

Buncis biji krem.
Warna buah : hijau keputihan.
Ukuran buah : ± 21 cm.
Umur panen : ± 45 hst....","100004370253176","Muhamad Cali Faiz Ahmad","https://scontent-lga3-1.xx.fbcdn.net/v/t39.30808-1/456120459_2788136318008683_7418166726346064265_n.jpg?stp=cp0_dst-jpg_s32x32&_nc_cat=108&ccb=1-7&_nc_sid=50d2ac&_nc_ohc=V6qJnwgPDZAQ7kNvgHBzzUl&_nc_ht=scontent-lga3-1.xx&oh=00_AYD73qp6y_GHdz_xXvb6jGRTbYC9c6uT1T8eQVRdOdEOGg&oe=66EACAAD","https://www.facebook.com/muhamad.cali.98",,"Meledak bintang asiA, sukses selalu untuk petugas bintang asia di mna punberada",
,,,,,"https://www.facebook.com/100013364191442/posts/2005776519877802?comment_id=1561353428091217","1","2024-09-13T10:16:34.000Z","2005776519877802","https://www.facebook.com/100013364191442/posts/2005776519877802","ZmVlZGJhY2s6MjAwNTc3NjUxOTg3NzgwMl8xNTYxMzUzNDI4MDkxMjE3","Y29tbWVudDoyMDA1Nzc2NTE5ODc3ODAyXzE1NjEzNTM0MjgwOTEyMTc=","https://www.facebook.com/100013364191442/posts/2005776519877802","0","Mengenal Buncis Tewe Produksi PT Benih Citra Asia...

Buncis biji krem.
Warna buah : hijau keputihan.
Ukuran buah : ± 21 cm.
Umur panen : ± 45 hst....","1828565536","Mohammad Iqbal Agustiana","https://scontent-lga3-1.xx.fbcdn.net/v/t1.18169-1/1468799_10203929170029473_1521419688104736133_n.jpg?stp=cp0_dst-jpg_s32x32&_nc_cat=110&ccb=1-7&_nc_sid=db5862&_nc_ohc=CmpmC1KKisYQ7kNvgHJS3fi&_nc_ht=scontent-lga3-1.xx&oh=00_AYCFFwrwyWgsNpvFUY6oBeHXZt1rZ3IFnobaBQuEEtrMNg&oe=670C78AF",,,"Mantap",
,,,,,"https://www.facebook.com/100013364191442/posts/2005776519877802?comment_id=1242378126941816","1","2024-09-13T06:41:30.000Z","2005776519877802","https://www.facebook.com/100013364191442/posts/2005776519877802","ZmVlZGJhY2s6MjAwNTc3NjUxOTg3NzgwMl8xMjQyMzc4MTI2OTQxODE2","Y29tbWVudDoyMDA1Nzc2NTE5ODc3ODAyXzEyNDIzNzgxMjY5NDE4MTY=","https://www.facebook.com/100013364191442/posts/2005776519877802","0","Mengenal Buncis Tewe Produksi PT Benih Citra Asia...

Buncis biji krem.
Warna buah : hijau keputihan.
Ukuran buah : ± 21 cm.
Umur panen : ± 45 hst....","pfbid02Qfkymto7HQMW5tyCdy11jcLeQHNbfC6QtbMH7cWd72yspJ4v7okyNhvKkFqSjDg7l","Juslan Ahmad","https://scontent-lga3-2.xx.fbcdn.net/v/t39.30808-1/386335887_2622401827928894_3962014714456505988_n.jpg?stp=cp0_dst-jpg_s32x32&_nc_cat=107&ccb=1-7&_nc_sid=0ecb9b&_nc_ohc=eVeGNni5QwIQ7kNvgEfEbG8&_nc_ht=scontent-lga3-2.xx&oh=00_AYAHj1gjaH3F0-uxpZBpu77APwUgYAJhlQO-MSpq43HSIg&oe=66EAB964","https://www.facebook.com/juslan.ahmad",,"Semangat berjuang untuk ummat ade",
,,,,,"https://www.facebook.com/100013364191442/posts/2005776519877802?comment_id=1243051463534324","1","2024-09-13T06:06:51.000Z","2005776519877802","https://www.facebook.com/100013364191442/posts/2005776519877802","ZmVlZGJhY2s6MjAwNTc3NjUxOTg3NzgwMl8xMjQzMDUxNDYzNTM0MzI0","Y29tbWVudDoyMDA1Nzc2NTE5ODc3ODAyXzEyNDMwNTE0NjM1MzQzMjQ=","https://www.facebook.com/100013364191442/posts/2005776519877802","0","Mengenal Buncis Tewe Produksi PT Benih Citra Asia...

Buncis biji krem.
Warna buah : hijau keputihan.
Ukuran buah : ± 21 cm.
Umur panen : ± 45 hst....","pfbid02HbTSaUFqPx4a9qUEZd9DKyZFSxnDrsrrBCyup6Xyi3zbQNoNPAyDF9cxYXGPmKfLl","Humairah Hamzah","https://scontent-lga3-2.xx.fbcdn.net/v/t1.18169-1/12687875_755280041272626_2174268338043202171_n.jpg?stp=cp0_dst-jpg_s32x32&_nc_cat=107&ccb=1-7&_nc_sid=e4545e&_nc_ohc=x7TZZSFuXo8Q7kNvgEO9aVQ&_nc_ht=scontent-lga3-2.xx&oh=00_AYDqeGJPlVjXjQbWmn3naIyGJKGM8I3u_szH_TDCk_skUg&oe=670C51C5","https://www.facebook.com/mhey.fglf",,"Keke' ji😉",
,,,,,"https://www.facebook.com/100013364191442/posts/2005823976539723?comment_id=537906448704247",,"2024-09-14T01:13:03.000Z","2005823976539723","https://www.facebook.com/100013364191442/posts/2005823976539723","ZmVlZGJhY2s6MjAwNTgyMzk3NjUzOTcyM181Mzc5MDY0NDg3MDQyNDc=","Y29tbWVudDoyMDA1ODIzOTc2NTM5NzIzXzUzNzkwNjQ0ODcwNDI0Nw==","https://www.facebook.com/100013364191442/posts/2005823976539723","0","Hadir..!!! Dataran Tinggi Kabupaten Gowa Dan Sinjai Tomat varietas Vitalia F1

Tomat hibrida determinate.
Bentuk buah : bulat.
Warna buah muda : hijau....","100013364191442","Nrll Bintang Asia","https://scontent-man2-1.xx.fbcdn.net/v/t39.30808-1/458447769_1998595423929245_3345542859681615678_n.jpg?stp=c0.153.922.922a_cp0_dst-jpg_s32x32&_nc_cat=107&ccb=1-7&_nc_sid=50d2ac&_nc_ohc=1Wu0EHwSLH4Q7kNvgGAePWo&_nc_ht=scontent-man2-1.xx&oh=00_AYDTrfFpLSKWkmd8fuf-_GYmQoj3w7wh1CHdaLyPmELqOQ&oe=66EADD05","https://www.facebook.com/nurul.hardianti.9237","Y29tbWVudDoyMDA1ODIzOTc2NTM5NzIzXzE4NTcxOTM1NDgxNDI3MzY=","Ruzlymatarang Ruzlymataran 🙏🙏","1"
,,,,,"https://www.facebook.com/100013364191442/posts/2005776519877802?comment_id=871194751630111","6","2024-09-13T05:38:36.000Z","2005776519877802","https://www.facebook.com/100013364191442/posts/2005776519877802","ZmVlZGJhY2s6MjAwNTc3NjUxOTg3NzgwMl84NzExOTQ3NTE2MzAxMTE=","Y29tbWVudDoyMDA1Nzc2NTE5ODc3ODAyXzg3MTE5NDc1MTYzMDExMQ==","https://www.facebook.com/100013364191442/posts/2005776519877802","0","Mengenal Buncis Tewe Produksi PT Benih Citra Asia...

Buncis biji krem.
Warna buah : hijau keputihan.
Ukuran buah : ± 21 cm.
Umur panen : ± 45 hst....","100007578522755","Renzy Bintangasia","https://scontent-ord5-2.xx.fbcdn.net/v/t39.30808-1/426012403_3605728109689771_2277782955804277447_n.jpg?stp=cp0_dst-jpg_s32x32&_nc_cat=104&ccb=1-7&_nc_sid=50d2ac&_nc_ohc=M574j_z4JmsQ7kNvgELcQqY&_nc_ht=scontent-ord5-2.xx&oh=00_AYC8vf-KqjX3cnL9a5AyexLAf85nuZF6YCca-VDLSRInVw&oe=66EAC284","https://www.facebook.com/renzi.prayuda",,"Ganteng",
"animated_image_autoplay","animated_image_share","image_share","share","fallback","https://www.facebook.com/100013364191442/posts/2005776519877802?comment_id=396210029926457","1","2024-09-13T06:31:44.000Z","2005776519877802","https://www.facebook.com/100013364191442/posts/2005776519877802","ZmVlZGJhY2s6MjAwNTc3NjUxOTg3NzgwMl8zOTYyMTAwMjk5MjY0NTc=","Y29tbWVudDoyMDA1Nzc2NTE5ODc3ODAyXzM5NjIxMDAyOTkyNjQ1Nw==","https://www.facebook.com/100013364191442/posts/2005776519877802","0","Mengenal Buncis Tewe Produksi PT Benih Citra Asia...

Buncis biji krem.
Warna buah : hijau keputihan.
Ukuran buah : ± 21 cm.
Umur panen : ± 45 hst....","pfbid0SacEnpkX1aTfZebNZ7g4RysEhAe2ZYG72BrEVsYoyrKzrxLnoyHknv1BkJtHzSexl","Mulky Agro Indotani","https://scontent-ord5-2.xx.fbcdn.net/v/t39.30808-1/335016224_501882572157240_365065339825799565_n.jpg?stp=cp0_dst-jpg_s32x32&_nc_cat=100&ccb=1-7&_nc_sid=0ecb9b&_nc_ohc=LmcpnAMNba8Q7kNvgE0IRVy&_nc_ht=scontent-ord5-2.xx&oh=00_AYCTbLsPrH6SCHylvXNuIzC5dCltQZFi05AzoQgEIQ7VtA&oe=66EADDC6","https://www.facebook.com/mulkytani",,,
,,,,,"https://www.facebook.com/100013364191442/posts/2005776519877802?comment_id=540646015089070","4","2024-09-13T06:22:02.000Z","2005776519877802","https://www.facebook.com/100013364191442/posts/2005776519877802","ZmVlZGJhY2s6MjAwNTc3NjUxOTg3NzgwMl81NDA2NDYwMTUwODkwNzA=","Y29tbWVudDoyMDA1Nzc2NTE5ODc3ODAyXzU0MDY0NjAxNTA4OTA3MA==","https://www.facebook.com/100013364191442/posts/2005776519877802","0","Mengenal Buncis Tewe Produksi PT Benih Citra Asia...

Buncis biji krem.
Warna buah : hijau keputihan.
Ukuran buah : ± 21 cm.
Umur panen : ± 45 hst....","100014623516733","Muhammadjafar","https://scontent-ord5-2.xx.fbcdn.net/v/t39.30808-1/437777564_1796463224184444_6323579690372403329_n.jpg?stp=cp0_dst-jpg_s32x32&_nc_cat=104&ccb=1-7&_nc_sid=50d2ac&_nc_ohc=KKVKzI_JznQQ7kNvgFU_Lsa&_nc_ht=scontent-ord5-2.xx&oh=00_AYAW56O7LEgLbf8J1ah_B-mwGt4WLEXSOIhC1QDybsrgzA&oe=66EAEA50","https://www.facebook.com/jafaremba",,"Yg saya cari, yg mana bisa utk dmasak sayur😂😂😂😂",
,,,,,"https://www.facebook.com/100013364191442/posts/2005776519877802?comment_id=494958640066028","2","2024-09-13T06:11:06.000Z","2005776519877802","https://www.facebook.com/100013364191442/posts/2005776519877802","ZmVlZGJhY2s6MjAwNTc3NjUxOTg3NzgwMl80OTQ5NTg2NDAwNjYwMjg=","Y29tbWVudDoyMDA1Nzc2NTE5ODc3ODAyXzQ5NDk1ODY0MDA2NjAyOA==","https://www.facebook.com/100013364191442/posts/2005776519877802","0","Mengenal Buncis Tewe Produksi PT Benih Citra Asia...

Buncis biji krem.
Warna buah : hijau keputihan.
Ukuran buah : ± 21 cm.
Umur panen : ± 45 hst....","pfbid0MfTerRVsCP4R2ZH4jPn8ut2yZhLSCDv4jtj2xR9ewXkvXoqn1TvVheY9cTDQBH7hl","Abu Zain","https://scontent-ord5-1.xx.fbcdn.net/v/t39.30808-1/435494191_457190010311874_2986738048923136276_n.jpg?stp=c0.0.600.600a_cp0_dst-jpg_s32x32&_nc_cat=108&ccb=1-7&_nc_sid=0ecb9b&_nc_ohc=D076W_h7ns8Q7kNvgEnzeUO&_nc_ht=scontent-ord5-1.xx&oh=00_AYA89BwR3GBF01od2bDtRRymWwPvuqk1MbGxOcaa1F_QBQ&oe=66EAE12B","https://www.facebook.com/people/Abu-Zain/pfbid0MfTerRVsCP4R2ZH4jPn8ut2yZhLSCDv4jtj2xR9ewXkvXoqn1TvVheY9cTDQBH7hl/",,"👍👍💥",
,,,,,"https://www.facebook.com/100013364191442/posts/2005776519877802?comment_id=3815599692091516","1","2024-09-13T06:04:36.000Z","2005776519877802","https://www.facebook.com/100013364191442/posts/2005776519877802","ZmVlZGJhY2s6MjAwNTc3NjUxOTg3NzgwMl8zODE1NTk5NjkyMDkxNTE2","Y29tbWVudDoyMDA1Nzc2NTE5ODc3ODAyXzM4MTU1OTk2OTIwOTE1MTY=","https://www.facebook.com/100013364191442/posts/2005776519877802","0","Mengenal Buncis Tewe Produksi PT Benih Citra Asia...

Buncis biji krem.
Warna buah : hijau keputihan.
Ukuran buah : ± 21 cm.
Umur panen : ± 45 hst....","pfbid02TQzDuPCWr17RfEDsYA9zuWxfiP7veq8hfzit5ZxNvJzMGauxotyihYFTy49GMDsil","Syahrir Arfan","https://scontent-ord5-1.xx.fbcdn.net/v/t1.6435-1/91260558_525854091453482_1357539321455837184_n.jpg?stp=c240.0.959.959a_cp0_dst-jpg_s32x32&_nc_cat=111&ccb=1-7&_nc_sid=0ecb9b&_nc_ohc=3uZp747uwZ4Q7kNvgFzgLbj&_nc_ht=scontent-ord5-1.xx&oh=00_AYC1CGJGghFda6wVnz2JWz6yscelLgQ-F5Y33DROFKsP5Q&oe=670C6313","https://www.facebook.com/syahrir.arfan.94",,"👍🏻💪💪Cece jii",
,,,,,"https://www.facebook.com/100013364191442/posts/2005776519877802?comment_id=1322894948691478","1","2024-09-13T08:49:41.000Z","2005776519877802","https://www.facebook.com/100013364191442/posts/2005776519877802","ZmVlZGJhY2s6MjAwNTc3NjUxOTg3NzgwMl8xMzIyODk0OTQ4NjkxNDc4","Y29tbWVudDoyMDA1Nzc2NTE5ODc3ODAyXzEzMjI4OTQ5NDg2OTE0Nzg=","https://www.facebook.com/100013364191442/posts/2005776519877802","0","Mengenal Buncis Tewe Produksi PT Benih Citra Asia...

Buncis biji krem.
Warna buah : hijau keputihan.
Ukuran buah : ± 21 cm.
Umur panen : ± 45 hst....","100004370253176","Muhamad Cali Faiz Ahmad","https://scontent-ord5-1.xx.fbcdn.net/v/t39.30808-1/456120459_2788136318008683_7418166726346064265_n.jpg?stp=cp0_dst-jpg_s32x32&_nc_cat=108&ccb=1-7&_nc_sid=50d2ac&_nc_ohc=V6qJnwgPDZAQ7kNvgH-ZLzz&_nc_ht=scontent-ord5-1.xx&oh=00_AYDO0iFvz61huLBf8ZKtkWZ5vXnfrkfRDONoiMlIvGn47A&oe=66EACAAD","https://www.facebook.com/muhamad.cali.98",,"Meledak bintang asiA, sukses selalu untuk petugas bintang asia di mna punberada",
,,,,,"https://www.facebook.com/100013364191442/posts/2005776519877802?comment_id=1561353428091217","1","2024-09-13T10:16:34.000Z","2005776519877802","https://www.facebook.com/100013364191442/posts/2005776519877802","ZmVlZGJhY2s6MjAwNTc3NjUxOTg3NzgwMl8xNTYxMzUzNDI4MDkxMjE3","Y29tbWVudDoyMDA1Nzc2NTE5ODc3ODAyXzE1NjEzNTM0MjgwOTEyMTc=","https://www.facebook.com/100013364191442/posts/2005776519877802","0","Mengenal Buncis Tewe Produksi PT Benih Citra Asia...

Buncis biji krem.
Warna buah : hijau keputihan.
Ukuran buah : ± 21 cm.
Umur panen : ± 45 hst....","1828565536","Mohammad Iqbal Agustiana","https://scontent-ord5-2.xx.fbcdn.net/v/t1.18169-1/1468799_10203929170029473_1521419688104736133_n.jpg?stp=cp0_dst-jpg_s32x32&_nc_cat=110&ccb=1-7&_nc_sid=db5862&_nc_ohc=CmpmC1KKisYQ7kNvgHDBsu8&_nc_ht=scontent-ord5-2.xx&oh=00_AYCvhXpvHDhXUAr06xWi4MKqdHiRzPq_sA38pMAHY5aQRw&oe=670C78AF",,,"Mantap",
,,,,,"https://www.facebook.com/100013364191442/posts/2005776519877802?comment_id=1242378126941816","1","2024-09-13T06:41:30.000Z","2005776519877802","https://www.facebook.com/100013364191442/posts/2005776519877802","ZmVlZGJhY2s6MjAwNTc3NjUxOTg3NzgwMl8xMjQyMzc4MTI2OTQxODE2","Y29tbWVudDoyMDA1Nzc2NTE5ODc3ODAyXzEyNDIzNzgxMjY5NDE4MTY=","https://www.facebook.com/100013364191442/posts/2005776519877802","0","Mengenal Buncis Tewe Produksi PT Benih Citra Asia...

Buncis biji krem.
Warna buah : hijau keputihan.
Ukuran buah : ± 21 cm.
Umur panen : ± 45 hst....","pfbid02Qfkymto7HQMW5tyCdy11jcLeQHNbfC6QtbMH7cWd72yspJ4v7okyNhvKkFqSjDg7l","Juslan Ahmad","https://scontent-ord5-1.xx.fbcdn.net/v/t39.30808-1/386335887_2622401827928894_3962014714456505988_n.jpg?stp=cp0_dst-jpg_s32x32&_nc_cat=107&ccb=1-7&_nc_sid=0ecb9b&_nc_ohc=eVeGNni5QwIQ7kNvgGChXf2&_nc_ht=scontent-ord5-1.xx&oh=00_AYArfUxh6SRhEdjOYi09sFygLnSFGC1nHLAqxK_m9D6s2Q&oe=66EAB964","https://www.facebook.com/juslan.ahmad",,"Semangat berjuang untuk ummat ade",
,,,,,"https://www.facebook.com/100013364191442/posts/2005776519877802?comment_id=1243051463534324","1","2024-09-13T06:06:51.000Z","2005776519877802","https://www.facebook.com/100013364191442/posts/2005776519877802","ZmVlZGJhY2s6MjAwNTc3NjUxOTg3NzgwMl8xMjQzMDUxNDYzNTM0MzI0","Y29tbWVudDoyMDA1Nzc2NTE5ODc3ODAyXzEyNDMwNTE0NjM1MzQzMjQ=","https://www.facebook.com/100013364191442/posts/2005776519877802","0","Mengenal Buncis Tewe Produksi PT Benih Citra Asia...

Buncis biji krem.
Warna buah : hijau keputihan.
Ukuran buah : ± 21 cm.
Umur panen : ± 45 hst....","pfbid02HbTSaUFqPx4a9qUEZd9DKyZFSxnDrsrrBCyup6Xyi3zbQNoNPAyDF9cxYXGPmKfLl","Humairah Hamzah","https://scontent-ord5-1.xx.fbcdn.net/v/t1.18169-1/12687875_755280041272626_2174268338043202171_n.jpg?stp=cp0_dst-jpg_s32x32&_nc_cat=107&ccb=1-7&_nc_sid=e4545e&_nc_ohc=x7TZZSFuXo8Q7kNvgH2NepU&_nc_ht=scontent-ord5-1.xx&oh=00_AYDFq5_Z1rg8fUBtHkBcKEh4eUwZY3MjW9R6g6vQZIhEKw&oe=670C51C5","https://www.facebook.com/mhey.fglf",,"Keke' ji😉",
"TIP_JAR_PAYMENT","gaming_video_chat_attachment","native_templates","fallback",,"https://www.facebook.com/100013364191442/posts/2005828319872622?comment_id=1247212106440755","4","2024-09-13T09:49:09.000Z","2005828319872622","https://www.facebook.com/100013364191442/posts/2005828319872622","ZmVlZGJhY2s6MjAwNTgyODMxOTg3MjYyMl8xMjQ3MjEyMTA2NDQwNzU1","Y29tbWVudDoyMDA1ODI4MzE5ODcyNjIyXzEyNDcyMTIxMDY0NDA3NTU=","https://www.facebook.com/100013364191442/posts/2005828319872622","0","Riview Sawi Putih Cacha F1 produksi PT Benih Citra Asia
CACHA F1 : Sawi Putih, Sahabat Petani Sukses! 🥬🤩

📌Sawi putih hibrida
📌Daun hijau, tidak pahit...","100078895395532","Jabil Om Pal","https://scontent.fsap6-1.fna.fbcdn.net/v/t39.30808-1/396834882_328389536467557_3714608804951555940_n.jpg?stp=c8.0.561.561a_cp0_dst-jpg_s32x32&_nc_cat=104&ccb=1-7&_nc_sid=50d2ac&_nc_ohc=H0lph3CbwdgQ7kNvgEjfnDO&_nc_ht=scontent.fsap6-1.fna&oh=00_AYC4T8WVAbGR3iEVxn-1doQiczMjGXHJd5lzmbwIsQazbw&oe=66EAB617","https://www.facebook.com/people/Jabil-Om-Pal/100078895395532/",,"Saya yess",
,,,,,"https://www.facebook.com/100013364191442/posts/2005828319872622?comment_id=1939952993135217","1","2024-09-13T08:52:16.000Z","2005828319872622","https://www.facebook.com/100013364191442/posts/2005828319872622","ZmVlZGJhY2s6MjAwNTgyODMxOTg3MjYyMl8xOTM5OTUyOTkzMTM1MjE3","Y29tbWVudDoyMDA1ODI4MzE5ODcyNjIyXzE5Mzk5NTI5OTMxMzUyMTc=","https://www.facebook.com/100013364191442/posts/2005828319872622","0","Riview Sawi Putih Cacha F1 produksi PT Benih Citra Asia
CACHA F1 : Sawi Putih, Sahabat Petani Sukses! 🥬🤩

📌Sawi putih hibrida
📌Daun hijau, tidak pahit...","100050526521567","Basri Bawakaraeng","https://scontent.fsap6-1.fna.fbcdn.net/v/t39.30808-1/456563686_1123311822696358_4089561010118847098_n.jpg?stp=c0.18.588.588a_cp0_dst-jpg_s32x32&_nc_cat=100&ccb=1-7&_nc_sid=50d2ac&_nc_ohc=Tre8F72PingQ7kNvgGR__XG&_nc_ht=scontent.fsap6-1.fna&oh=00_AYBbe-tiV62NoqHdaCTTpzl_JjFE2M47qqwJPNoaMmfq3w&oe=66EAD4DC",,,"Berapa kilo / batunya",
,,,,,"https://www.facebook.com/100013364191442/posts/2005828319872622?comment_id=27386835050930620","1","2024-09-13T11:29:57.000Z","2005828319872622","https://www.facebook.com/100013364191442/posts/2005828319872622","ZmVlZGJhY2s6MjAwNTgyODMxOTg3MjYyMl8yNzM4NjgzNTA1MDkzMDYyMA==","Y29tbWVudDoyMDA1ODI4MzE5ODcyNjIyXzI3Mzg2ODM1MDUwOTMwNjIw","https://www.facebook.com/100013364191442/posts/2005828319872622","0","Riview Sawi Putih Cacha F1 produksi PT Benih Citra Asia
CACHA F1 : Sawi Putih, Sahabat Petani Sukses! 🥬🤩

📌Sawi putih hibrida
📌Daun hijau, tidak pahit...","1828565536","Mohammad Iqbal Agustiana","https://scontent.fsap6-1.fna.fbcdn.net/v/t1.18169-1/1468799_10203929170029473_1521419688104736133_n.jpg?stp=cp0_dst-jpg_s32x32&_nc_cat=110&ccb=1-7&_nc_sid=db5862&_nc_ohc=CmpmC1KKisYQ7kNvgGZYRFU&_nc_ht=scontent.fsap6-1.fna&oh=00_AYBv_E4QbNTJwjIhGVdNf8YpXQ5y3Aa4w8DTYaDogMfpKA&oe=670C78AF",,,"Mantap cacha",
,,,,,"https://www.facebook.com/100013364191442/posts/2005828319872622?comment_id=496236249943438",,"2024-09-13T23:22:54.000Z","2005828319872622","https://www.facebook.com/100013364191442/posts/2005828319872622","ZmVlZGJhY2s6MjAwNTgyODMxOTg3MjYyMl80OTYyMzYyNDk5NDM0Mzg=","Y29tbWVudDoyMDA1ODI4MzE5ODcyNjIyXzQ5NjIzNjI0OTk0MzQzOA==","https://www.facebook.com/100013364191442/posts/2005828319872622","0","Riview Sawi Putih Cacha F1 produksi PT Benih Citra Asia
CACHA F1 : Sawi Putih, Sahabat Petani Sukses! 🥬🤩

📌Sawi putih hibrida
📌Daun hijau, tidak pahit...","100007578522755","Renzy Bintangasia","https://scontent.fsap6-1.fna.fbcdn.net/v/t39.30808-1/426012403_3605728109689771_2277782955804277447_n.jpg?stp=cp0_dst-jpg_s32x32&_nc_cat=104&ccb=1-7&_nc_sid=50d2ac&_nc_ohc=M574j_z4JmsQ7kNvgHufM6V&_nc_ht=scontent.fsap6-1.fna&oh=00_AYB2YUc2PhIbilyiadI6I6FCw_vrEJFE5nHqQw702c320A&oe=66EAC284","https://www.facebook.com/renzi.prayuda",,"Caca mantul",
,,,,,"https://www.facebook.com/100013364191442/posts/2005828319872622?comment_id=2526977300820619","2","2024-09-13T10:54:08.000Z","2005828319872622","https://www.facebook.com/100013364191442/posts/2005828319872622","ZmVlZGJhY2s6MjAwNTgyODMxOTg3MjYyMl8yNTI2OTc3MzAwODIwNjE5","Y29tbWVudDoyMDA1ODI4MzE5ODcyNjIyXzI1MjY5NzczMDA4MjA2MTk=","https://www.facebook.com/100013364191442/posts/2005828319872622","0","Riview Sawi Putih Cacha F1 produksi PT Benih Citra Asia
CACHA F1 : Sawi Putih, Sahabat Petani Sukses! 🥬🤩

📌Sawi putih hibrida
📌Daun hijau, tidak pahit...","100004823474410","IBek Mo","https://scontent.fsap6-1.fna.fbcdn.net/v/t39.30808-1/451952538_2555698311267593_7480355757252471359_n.jpg?stp=c180.0.1080.1080a_cp0_dst-jpg_s32x32&_nc_cat=111&ccb=1-7&_nc_sid=50d2ac&_nc_ohc=uF2uQ4dml4AQ7kNvgGu39R2&_nc_ht=scontent.fsap6-1.fna&oh=00_AYAsUC74pkj6NPcU3fRLvdN3TypI_FRY1vAfrwYZmpByMQ&oe=66EAE17F","https://www.facebook.com/ilham.illank.3114",,"Yg penting nurulji petugasx .",
"animated_image_share","image_share","share","fallback",,"https://www.facebook.com/100013364191442/posts/2005828319872622?comment_id=921766233129452",,"2024-09-13T14:18:25.000Z","2005828319872622","https://www.facebook.com/100013364191442/posts/2005828319872622","ZmVlZGJhY2s6MjAwNTgyODMxOTg3MjYyMl85MjE3NjYyMzMxMjk0NTI=","Y29tbWVudDoyMDA1ODI4MzE5ODcyNjIyXzkyMTc2NjIzMzEyOTQ1Mg==","https://www.facebook.com/100013364191442/posts/2005828319872622","0","Riview Sawi Putih Cacha F1 produksi PT Benih Citra Asia
CACHA F1 : Sawi Putih, Sahabat Petani Sukses! 🥬🤩

📌Sawi putih hibrida
📌Daun hijau, tidak pahit...","100086103870174","Ruzlymatarang Ruzlymataran","https://scontent.fsap6-1.fna.fbcdn.net/v/t39.30808-1/419143101_348903491323111_8141718275791037493_n.jpg?stp=c0.0.612.612a_cp0_dst-jpg_s32x32&_nc_cat=103&ccb=1-7&_nc_sid=50d2ac&_nc_ohc=jxH8bmMzxagQ7kNvgEH2PnP&_nc_ht=scontent.fsap6-1.fna&oh=00_AYCOhVfmKmHNIDxjx_BfSXWvLaV1WyNlDwyNEXF8Z9YEqA&oe=66EAB83C","https://www.facebook.com/people/Ruzlymatarang-Ruzlymataran/100086103870174/",,,
,,,,,"https://www.facebook.com/100013364191442/posts/2005823976539723?comment_id=1516493192405399",,"2024-09-14T00:43:03.000Z","2005823976539723","https://www.facebook.com/100013364191442/posts/2005823976539723","ZmVlZGJhY2s6MjAwNTgyMzk3NjUzOTcyM18xNTE2NDkzMTkyNDA1Mzk5","Y29tbWVudDoyMDA1ODIzOTc2NTM5NzIzXzE1MTY0OTMxOTI0MDUzOTk=","https://www.facebook.com/100013364191442/posts/2005823976539723","0","Hadir..!!! Dataran Tinggi Kabupaten Gowa Dan Sinjai Tomat varietas Vitalia F1

Tomat hibrida determinate.
Bentuk buah : bulat.
Warna buah muda : hijau....","100013364191442","Nrll Bintang Asia","https://scontent-dub4-1.xx.fbcdn.net/v/t39.30808-1/458447769_1998595423929245_3345542859681615678_n.jpg?stp=c0.153.922.922a_cp0_dst-jpg_s32x32&_nc_cat=107&ccb=1-7&_nc_sid=50d2ac&_nc_ohc=1Wu0EHwSLH4Q7kNvgEApvkO&_nc_ht=scontent-dub4-1.xx&_nc_gid=AShXc7dV714J3e7jC47HSrq&oh=00_AYBz45SJrtySNVN0GeXswuM2hw_DS6D-kWAr-309_C7ccQ&oe=66EADD05","https://www.facebook.com/nurul.hardianti.9237","Y29tbWVudDoyMDA1ODIzOTc2NTM5NzIzXzQxNzEwNDg0NDgxOTgxNA==","Iiful Jr Hehehe makasih banyak kak","1"
,,,,,"https://www.facebook.com/100013364191442/posts/2005823976539723?comment_id=1524173938216041",,"2024-09-14T01:12:38.000Z","2005823976539723","https://www.facebook.com/100013364191442/posts/2005823976539723","ZmVlZGJhY2s6MjAwNTgyMzk3NjUzOTcyM18xNTI0MTczOTM4MjE2MDQx","Y29tbWVudDoyMDA1ODIzOTc2NTM5NzIzXzE1MjQxNzM5MzgyMTYwNDE=","https://www.facebook.com/100013364191442/posts/2005823976539723","0","Hadir..!!! Dataran Tinggi Kabupaten Gowa Dan Sinjai Tomat varietas Vitalia F1

Tomat hibrida determinate.
Bentuk buah : bulat.
Warna buah muda : hijau....","100013364191442","Nrll Bintang Asia","https://scontent-ord5-1.xx.fbcdn.net/v/t39.30808-1/458447769_1998595423929245_3345542859681615678_n.jpg?stp=c0.153.922.922a_cp0_dst-jpg_s32x32&_nc_cat=107&ccb=1-7&_nc_sid=50d2ac&_nc_ohc=1Wu0EHwSLH4Q7kNvgHHjbJ-&_nc_ht=scontent-ord5-1.xx&_nc_gid=AeNFPNBhRhuOx3EgBrCT1yL&oh=00_AYCQkKPN6ggq4v36ciYSdAOVtO7wQXLhr1QRcMjz_ahjFw&oe=66EADD05","https://www.facebook.com/nurul.hardianti.9237","Y29tbWVudDoyMDA1ODIzOTc2NTM5NzIzXzEwNjc2OTc5OTUwMTA0Nzk=","Tinny Serang Aamiin","1"
,,,,,"https://www.facebook.com/100013364191442/posts/2005823976539723?comment_id=1244510746679879",,"2024-09-13T09:16:53.000Z","2005823976539723","https://www.facebook.com/100013364191442/posts/2005823976539723","ZmVlZGJhY2s6MjAwNTgyMzk3NjUzOTcyM18xMjQ0NTEwNzQ2Njc5ODc5","Y29tbWVudDoyMDA1ODIzOTc2NTM5NzIzXzEyNDQ1MTA3NDY2Nzk4Nzk=","https://www.facebook.com/100013364191442/posts/2005823976539723","0","Hadir..!!! Dataran Tinggi Kabupaten Gowa Dan Sinjai Tomat varietas Vitalia F1

Tomat hibrida determinate.
Bentuk buah : bulat.
Warna buah muda : hijau....","100013364191442","Nrll Bintang Asia","https://scontent.fgru4-1.fna.fbcdn.net/v/t39.30808-1/458447769_1998595423929245_3345542859681615678_n.jpg?stp=c0.153.922.922a_cp0_dst-jpg_s32x32&_nc_cat=107&ccb=1-7&_nc_sid=50d2ac&_nc_ohc=1Wu0EHwSLH4Q7kNvgF_4sMj&_nc_ht=scontent.fgru4-1.fna&_nc_gid=AeiPPwMFQpHaii8x-TGQADW&oh=00_AYBkzKq7fVUZKvLwkmzbj97ypXeogER9lINT2OE798UPHQ&oe=66EADD05","https://www.facebook.com/nurul.hardianti.9237","Y29tbWVudDoyMDA1ODIzOTc2NTM5NzIzXzU0NTU3NTk5NDgwNTM1MQ==","Renzy Bintangasia siapppp","1"
,,,,,"https://www.facebook.com/100013364191442/posts/2005823976539723?comment_id=1627791871118804",,"2024-09-14T01:18:36.000Z","2005823976539723","https://www.facebook.com/100013364191442/posts/2005823976539723","ZmVlZGJhY2s6MjAwNTgyMzk3NjUzOTcyM18xNjI3NzkxODcxMTE4ODA0","Y29tbWVudDoyMDA1ODIzOTc2NTM5NzIzXzE2Mjc3OTE4NzExMTg4MDQ=","https://www.facebook.com/100013364191442/posts/2005823976539723","0","Hadir..!!! Dataran Tinggi Kabupaten Gowa Dan Sinjai Tomat varietas Vitalia F1

Tomat hibrida determinate.
Bentuk buah : bulat.
Warna buah muda : hijau....","100013364191442","Nrll Bintang Asia","https://scontent-lax3-2.xx.fbcdn.net/v/t39.30808-1/458447769_1998595423929245_3345542859681615678_n.jpg?stp=c0.153.922.922a_cp0_dst-jpg_s32x32&_nc_cat=107&ccb=1-7&_nc_sid=50d2ac&_nc_ohc=1Wu0EHwSLH4Q7kNvgGClGGx&_nc_ht=scontent-lax3-2.xx&_nc_gid=Aw0RkBGrJeEbfxaVQ8S_6Wr&oh=00_AYAfSiHlHhznB8HBjX5maE4rmLGWM2nfngBy2RZPvfanVQ&oe=66EADD05","https://www.facebook.com/nurul.hardianti.9237","Y29tbWVudDoyMDA1ODIzOTc2NTM5NzIzXzg4MTk3NzQ5MDQ5MjM4Mw==","Fitriya Muis Sitti Ratna kapan ksini lg fit","2"
,,,,,"https://www.facebook.com/100013364191442/posts/2005823976539723?comment_id=7898276730298914",,"2024-09-14T01:16:03.000Z","2005823976539723","https://www.facebook.com/100013364191442/posts/2005823976539723","ZmVlZGJhY2s6MjAwNTgyMzk3NjUzOTcyM183ODk4Mjc2NzMwMjk4OTE0","Y29tbWVudDoyMDA1ODIzOTc2NTM5NzIzXzc4OTgyNzY3MzAyOTg5MTQ=","https://www.facebook.com/100013364191442/posts/2005823976539723","0","Hadir..!!! Dataran Tinggi Kabupaten Gowa Dan Sinjai Tomat varietas Vitalia F1

Tomat hibrida determinate.
Bentuk buah : bulat.
Warna buah muda : hijau....","100005951022145","Fitriya Muis Sitti Ratna","https://scontent-lax3-2.xx.fbcdn.net/v/t39.30808-1/457047074_2373110192897325_4306560860785530530_n.jpg?stp=cp0_dst-jpg_s32x32&_nc_cat=106&ccb=1-7&_nc_sid=50d2ac&_nc_ohc=gU0xVE-HovUQ7kNvgE7mcas&_nc_ht=scontent-lax3-2.xx&_nc_gid=Aw0RkBGrJeEbfxaVQ8S_6Wr&oh=00_AYDBbOAqqY00zdDx2WoBAERnuUKK9k4RdC21-8rUM_Gppg&oe=66EAD53D","https://www.facebook.com/singa.lapar.9421","Y29tbWVudDoyMDA1ODIzOTc2NTM5NzIzXzg4MTk3NzQ5MDQ5MjM4Mw==","Nrll Bintang Asia heheheh 🙏🏻","2"
,,,,,"https://www.facebook.com/100013364191442/posts/2005823976539723?comment_id=891750416174074","2","2024-09-14T01:12:31.000Z","2005823976539723","https://www.facebook.com/100013364191442/posts/2005823976539723","ZmVlZGJhY2s6MjAwNTgyMzk3NjUzOTcyM184OTE3NTA0MTYxNzQwNzQ=","Y29tbWVudDoyMDA1ODIzOTc2NTM5NzIzXzg5MTc1MDQxNjE3NDA3NA==","https://www.facebook.com/100013364191442/posts/2005823976539723","1","Hadir..!!! Dataran Tinggi Kabupaten Gowa Dan Sinjai Tomat varietas Vitalia F1

Tomat hibrida determinate.
Bentuk buah : bulat.
Warna buah muda : hijau....","100013364191442","Nrll Bintang Asia","https://scontent-lax3-2.xx.fbcdn.net/v/t39.30808-1/458447769_1998595423929245_3345542859681615678_n.jpg?stp=c0.153.922.922a_cp0_dst-jpg_s32x32&_nc_cat=107&ccb=1-7&_nc_sid=50d2ac&_nc_ohc=1Wu0EHwSLH4Q7kNvgGClGGx&_nc_ht=scontent-lax3-2.xx&_nc_gid=Aw0RkBGrJeEbfxaVQ8S_6Wr&oh=00_AYAfSiHlHhznB8HBjX5maE4rmLGWM2nfngBy2RZPvfanVQ&oe=66EADD05","https://www.facebook.com/nurul.hardianti.9237","Y29tbWVudDoyMDA1ODIzOTc2NTM5NzIzXzg4MTk3NzQ5MDQ5MjM4Mw==","Fitriya Muis Sitti Ratna Ehehehe iyyye fitria makasih banyak😊 Semangat kemballi😁","1"
,,,,,"https://www.facebook.com/100013364191442/posts/2005776519877802?comment_id=1054747139581219",,"2024-09-14T02:06:49.000Z","2005776519877802","https://www.facebook.com/100013364191442/posts/2005776519877802","ZmVlZGJhY2s6MjAwNTc3NjUxOTg3NzgwMl8xMDU0NzQ3MTM5NTgxMjE5","Y29tbWVudDoyMDA1Nzc2NTE5ODc3ODAyXzEwNTQ3NDcxMzk1ODEyMTk=","https://www.facebook.com/100013364191442/posts/2005776519877802","0","Mengenal Buncis Tewe Produksi PT Benih Citra Asia...

Buncis biji krem.
Warna buah : hijau keputihan.
Ukuran buah : ± 21 cm.
Umur panen : ± 45 hst....","pfbid02ABpkdB8TC2CEMkPe4KaztxrDRz8kdaDXqEDvCVSy1FuzaBKhmYcGoPDgjoXpy8L9l","Jumriani","https://scontent-hou1-1.xx.fbcdn.net/v/t39.30808-1/445418358_1485624865703460_1743489439682232472_n.jpg?stp=cp0_dst-jpg_s32x32&_nc_cat=100&ccb=1-7&_nc_sid=0ecb9b&_nc_ohc=HcoQsMHKjsgQ7kNvgHAwX8P&_nc_ht=scontent-hou1-1.xx&oh=00_AYCFz8gb18z-xNPPRnxLu7GBeSITapr-9N3cYodzGsn-RQ&oe=66EABD9D","https://www.facebook.com/jumriani.jumriani.92798072","Y29tbWVudDoyMDA1Nzc2NTE5ODc3ODAyXzU0MDY0NjAxNTA4OTA3MA==","Nrll Bintang Asia insya Allah😁😁","2"
,,,,,"https://www.facebook.com/100013364191442/posts/2005776519877802?comment_id=486559120951045",,"2024-09-14T01:17:05.000Z","2005776519877802","https://www.facebook.com/100013364191442/posts/2005776519877802","ZmVlZGJhY2s6MjAwNTc3NjUxOTg3NzgwMl80ODY1NTkxMjA5NTEwNDU=","Y29tbWVudDoyMDA1Nzc2NTE5ODc3ODAyXzQ4NjU1OTEyMDk1MTA0NQ==","https://www.facebook.com/100013364191442/posts/2005776519877802","1","Mengenal Buncis Tewe Produksi PT Benih Citra Asia...

Buncis biji krem.
Warna buah : hijau keputihan.
Ukuran buah : ± 21 cm.
Umur panen : ± 45 hst....","100013364191442","Nrll Bintang Asia","https://scontent-hou1-1.xx.fbcdn.net/v/t39.30808-1/458447769_1998595423929245_3345542859681615678_n.jpg?stp=c0.153.922.922a_cp0_dst-jpg_s32x32&_nc_cat=107&ccb=1-7&_nc_sid=50d2ac&_nc_ohc=1Wu0EHwSLH4Q7kNvgHQfDNS&_nc_ht=scontent-hou1-1.xx&oh=00_AYAJ3hr3GG7J3GKiesXuF920xraC-LZ8ELN42gwce-qlmw&oe=66EADD05","https://www.facebook.com/nurul.hardianti.9237","Y29tbWVudDoyMDA1Nzc2NTE5ODc3ODAyXzU0MDY0NjAxNTA4OTA3MA==","Jumriani Hehehhee😅 Naikki sini jalan2 buu","2"
,,,,,"https://www.facebook.com/100013364191442/posts/2005776519877802?comment_id=1029638651999637",,"2024-09-13T12:18:18.000Z","2005776519877802","https://www.facebook.com/100013364191442/posts/2005776519877802","ZmVlZGJhY2s6MjAwNTc3NjUxOTg3NzgwMl8xMDI5NjM4NjUxOTk5NjM3","Y29tbWVudDoyMDA1Nzc2NTE5ODc3ODAyXzEwMjk2Mzg2NTE5OTk2Mzc=","https://www.facebook.com/100013364191442/posts/2005776519877802","0","Mengenal Buncis Tewe Produksi PT Benih Citra Asia...

Buncis biji krem.
Warna buah : hijau keputihan.
Ukuran buah : ± 21 cm.
Umur panen : ± 45 hst....","pfbid02ABpkdB8TC2CEMkPe4KaztxrDRz8kdaDXqEDvCVSy1FuzaBKhmYcGoPDgjoXpy8L9l","Jumriani","https://scontent-hou1-1.xx.fbcdn.net/v/t39.30808-1/445418358_1485624865703460_1743489439682232472_n.jpg?stp=cp0_dst-jpg_s32x32&_nc_cat=100&ccb=1-7&_nc_sid=0ecb9b&_nc_ohc=HcoQsMHKjsgQ7kNvgHAwX8P&_nc_ht=scontent-hou1-1.xx&oh=00_AYCFz8gb18z-xNPPRnxLu7GBeSITapr-9N3cYodzGsn-RQ&oe=66EABD9D","https://www.facebook.com/jumriani.jumriani.92798072","Y29tbWVudDoyMDA1Nzc2NTE5ODc3ODAyXzU0MDY0NjAxNTA4OTA3MA==","Nrll Bintang Asia terbaik memang😍😍","2"
,,,,,"https://www.facebook.com/100013364191442/posts/2005776519877802?comment_id=2300695220291100","3","2024-09-13T06:24:57.000Z","2005776519877802","https://www.facebook.com/100013364191442/posts/2005776519877802","ZmVlZGJhY2s6MjAwNTc3NjUxOTg3NzgwMl8yMzAwNjk1MjIwMjkxMTAw","Y29tbWVudDoyMDA1Nzc2NTE5ODc3ODAyXzIzMDA2OTUyMjAyOTExMDA=","https://www.facebook.com/100013364191442/posts/2005776519877802","1","Mengenal Buncis Tewe Produksi PT Benih Citra Asia...

Buncis biji krem.
Warna buah : hijau keputihan.
Ukuran buah : ± 21 cm.
Umur panen : ± 45 hst....","100013364191442","Nrll Bintang Asia","https://scontent-hou1-1.xx.fbcdn.net/v/t39.30808-1/458447769_1998595423929245_3345542859681615678_n.jpg?stp=c0.153.922.922a_cp0_dst-jpg_s32x32&_nc_cat=107&ccb=1-7&_nc_sid=50d2ac&_nc_ohc=1Wu0EHwSLH4Q7kNvgHQfDNS&_nc_ht=scontent-hou1-1.xx&oh=00_AYAJ3hr3GG7J3GKiesXuF920xraC-LZ8ELN42gwce-qlmw&oe=66EADD05","https://www.facebook.com/nurul.hardianti.9237","Y29tbWVudDoyMDA1Nzc2NTE5ODc3ODAyXzU0MDY0NjAxNTA4OTA3MA==","Muhammadjafar 😄😄 Otw pak pilih yang mana kol sawi buncis atau kentang🤣🤣","1"
,,,,,"https://www.facebook.com/100013364191442/posts/2005776519877802?comment_id=3621867918066407",,"2024-09-13T06:13:33.000Z","2005776519877802","https://www.facebook.com/100013364191442/posts/2005776519877802","ZmVlZGJhY2s6MjAwNTc3NjUxOTg3NzgwMl8zNjIxODY3OTE4MDY2NDA3","Y29tbWVudDoyMDA1Nzc2NTE5ODc3ODAyXzM2MjE4Njc5MTgwNjY0MDc=","https://www.facebook.com/100013364191442/posts/2005776519877802","0","Mengenal Buncis Tewe Produksi PT Benih Citra Asia...

Buncis biji krem.
Warna buah : hijau keputihan.
Ukuran buah : ± 21 cm.
Umur panen : ± 45 hst....","pfbid0MfTerRVsCP4R2ZH4jPn8ut2yZhLSCDv4jtj2xR9ewXkvXoqn1TvVheY9cTDQBH7hl","Abu Zain","https://scontent.fbgi3-1.fna.fbcdn.net/v/t39.30808-1/435494191_457190010311874_2986738048923136276_n.jpg?stp=c0.0.600.600a_cp0_dst-jpg_s32x32&_nc_cat=108&ccb=1-7&_nc_sid=0ecb9b&_nc_ohc=D076W_h7ns8Q7kNvgHZEKZ6&_nc_ht=scontent.fbgi3-1.fna&_nc_gid=AwJ-bqPwwTyJD3lm2e9vcpm&oh=00_AYAylYSusioCQRbZJ4z_-CIBDcdVtXbNys2yt0EbSQc_sA&oe=66EAE12B","https://www.facebook.com/people/Abu-Zain/pfbid0MfTerRVsCP4R2ZH4jPn8ut2yZhLSCDv4jtj2xR9ewXkvXoqn1TvVheY9cTDQBH7hl/","Y29tbWVudDoyMDA1Nzc2NTE5ODc3ODAyXzQ5NDk1ODY0MDA2NjAyOA==","Nrll Bintang Asia siaap bu' 👍","2"
,,,,,"https://www.facebook.com/100013364191442/posts/2005776519877802?comment_id=783658797082716","1","2024-09-13T06:13:08.000Z","2005776519877802","https://www.facebook.com/100013364191442/posts/2005776519877802","ZmVlZGJhY2s6MjAwNTc3NjUxOTg3NzgwMl83ODM2NTg3OTcwODI3MTY=","Y29tbWVudDoyMDA1Nzc2NTE5ODc3ODAyXzc4MzY1ODc5NzA4MjcxNg==","https://www.facebook.com/100013364191442/posts/2005776519877802","1","Mengenal Buncis Tewe Produksi PT Benih Citra Asia...

Buncis biji krem.
Warna buah : hijau keputihan.
Ukuran buah : ± 21 cm.
Umur panen : ± 45 hst....","100013364191442","Nrll Bintang Asia","https://scontent.fbgi3-1.fna.fbcdn.net/v/t39.30808-1/458447769_1998595423929245_3345542859681615678_n.jpg?stp=c0.153.922.922a_cp0_dst-jpg_s32x32&_nc_cat=107&ccb=1-7&_nc_sid=50d2ac&_nc_ohc=1Wu0EHwSLH4Q7kNvgGNhX9R&_nc_ht=scontent.fbgi3-1.fna&_nc_gid=AwJ-bqPwwTyJD3lm2e9vcpm&oh=00_AYBe0bA4rjGYLjcRBpi_8jarGa6d4IDaxBn_18qGaNHw_g&oe=66EADD05","https://www.facebook.com/nurul.hardianti.9237","Y29tbWVudDoyMDA1Nzc2NTE5ODc3ODAyXzQ5NDk1ODY0MDA2NjAyOA==","Abu Zain trimksh pak😊","1"
,,,,,"https://www.facebook.com/100013364191442/posts/2005776519877802?comment_id=368462316203672",,"2024-09-13T06:07:35.000Z","2005776519877802","https://www.facebook.com/100013364191442/posts/2005776519877802","ZmVlZGJhY2s6MjAwNTc3NjUxOTg3NzgwMl8zNjg0NjIzMTYyMDM2NzI=","Y29tbWVudDoyMDA1Nzc2NTE5ODc3ODAyXzM2ODQ2MjMxNjIwMzY3Mg==","https://www.facebook.com/100013364191442/posts/2005776519877802","0","Mengenal Buncis Tewe Produksi PT Benih Citra Asia...

Buncis biji krem.
Warna buah : hijau keputihan.
Ukuran buah : ± 21 cm.
Umur panen : ± 45 hst....","100013364191442","Nrll Bintang Asia","https://scontent-mia3-2.xx.fbcdn.net/v/t39.30808-1/458447769_1998595423929245_3345542859681615678_n.jpg?stp=c0.153.922.922a_cp0_dst-jpg_s32x32&_nc_cat=107&ccb=1-7&_nc_sid=50d2ac&_nc_ohc=1Wu0EHwSLH4Q7kNvgGpq2M5&_nc_ht=scontent-mia3-2.xx&oh=00_AYC647egvjpUMJom4_8EU4DNNIz2zRg0R15cVvxiUrje9g&oe=66EADD05","https://www.facebook.com/nurul.hardianti.9237","Y29tbWVudDoyMDA1Nzc2NTE5ODc3ODAyXzM4MTU1OTk2OTIwOTE1MTY=","Syahrir Arfan Hehehe iyye pak","1"
,,,,,"https://www.facebook.com/100013364191442/posts/2005776519877802?comment_id=495925353244280",,"2024-09-13T10:20:06.000Z","2005776519877802","https://www.facebook.com/100013364191442/posts/2005776519877802","ZmVlZGJhY2s6MjAwNTc3NjUxOTg3NzgwMl80OTU5MjUzNTMyNDQyODA=","Y29tbWVudDoyMDA1Nzc2NTE5ODc3ODAyXzQ5NTkyNTM1MzI0NDI4MA==","https://www.facebook.com/100013364191442/posts/2005776519877802","0","Mengenal Buncis Tewe Produksi PT Benih Citra Asia...

Buncis biji krem.
Warna buah : hijau keputihan.
Ukuran buah : ± 21 cm.
Umur panen : ± 45 hst....","100013364191442","Nrll Bintang Asia","https://scontent-hou1-1.xx.fbcdn.net/v/t39.30808-1/458447769_1998595423929245_3345542859681615678_n.jpg?stp=c0.153.922.922a_cp0_dst-jpg_s32x32&_nc_cat=107&ccb=1-7&_nc_sid=50d2ac&_nc_ohc=1Wu0EHwSLH4Q7kNvgGjyiA8&_nc_ht=scontent-hou1-1.xx&oh=00_AYB8Hgb8iLkPRkde7NLfGFklr4oDAKN7kn_ATuUGdv8P9Q&oe=66EADD05","https://www.facebook.com/nurul.hardianti.9237","Y29tbWVudDoyMDA1Nzc2NTE5ODc3ODAyXzE1NjEzNTM0MjgwOTEyMTc=","Mohammad Iqbal Agustiana hehe siapppppppp kak","1"
,,,,,"https://www.facebook.com/100013364191442/posts/2005828319872622?comment_id=407922712409708",,"2024-09-13T09:16:33.000Z","2005828319872622","https://www.facebook.com/100013364191442/posts/2005828319872622","ZmVlZGJhY2s6MjAwNTgyODMxOTg3MjYyMl80MDc5MjI3MTI0MDk3MDg=","Y29tbWVudDoyMDA1ODI4MzE5ODcyNjIyXzQwNzkyMjcxMjQwOTcwOA==","https://www.facebook.com/100013364191442/posts/2005828319872622","1","Riview Sawi Putih Cacha F1 produksi PT Benih Citra Asia
CACHA F1 : Sawi Putih, Sahabat Petani Sukses! 🥬🤩

📌Sawi putih hibrida
📌Daun hijau, tidak pahit...","100013364191442","Nrll Bintang Asia","https://scontent-lhr8-1.xx.fbcdn.net/v/t39.30808-1/458447769_1998595423929245_3345542859681615678_n.jpg?stp=c0.153.922.922a_cp0_dst-jpg_s32x32&_nc_cat=107&ccb=1-7&_nc_sid=50d2ac&_nc_ohc=1Wu0EHwSLH4Q7kNvgEeAl5d&_nc_ht=scontent-lhr8-1.xx&_nc_gid=A163fhtnkPdqkmd6iKnX89L&oh=00_AYBYxccIig8ttQDj9Dv5h5RLl2mIbGkNqoOm23wX1WQqRg&oe=66EADD05","https://www.facebook.com/nurul.hardianti.9237","Y29tbWVudDoyMDA1ODI4MzE5ODcyNjIyXzE5Mzk5NTI5OTMxMzUyMTc=","Basri Bawakaraeng Belum ku cek pak karna belum panen.. nanti panen baru di timbang beratnya","1"
,,,,,"https://www.facebook.com/100013364191442/posts/2005776519877802?comment_id=1209987883568628",,"2024-09-13T09:22:20.000Z","2005776519877802","https://www.facebook.com/100013364191442/posts/2005776519877802","ZmVlZGJhY2s6MjAwNTc3NjUxOTg3NzgwMl8xMjA5OTg3ODgzNTY4NjI4","Y29tbWVudDoyMDA1Nzc2NTE5ODc3ODAyXzEyMDk5ODc4ODM1Njg2Mjg=","https://www.facebook.com/100013364191442/posts/2005776519877802","1","Mengenal Buncis Tewe Produksi PT Benih Citra Asia...

Buncis biji krem.
Warna buah : hijau keputihan.
Ukuran buah : ± 21 cm.
Umur panen : ± 45 hst....","100013364191442","Nrll Bintang Asia","https://scontent-gru2-1.xx.fbcdn.net/v/t39.30808-1/458447769_1998595423929245_3345542859681615678_n.jpg?stp=c0.153.922.922a_cp0_dst-jpg_s32x32&_nc_cat=107&ccb=1-7&_nc_sid=50d2ac&_nc_ohc=1Wu0EHwSLH4Q7kNvgGnyFOt&_nc_ht=scontent-gru2-1.xx&_nc_gid=Agr__6VmoymEv39BB-aj2LD&oh=00_AYBOfxad4AdVWpXpMu5I1JOygnB4e51qQj6d7lks8msHOQ&oe=66EADD05","https://www.facebook.com/nurul.hardianti.9237","Y29tbWVudDoyMDA1Nzc2NTE5ODc3ODAyXzEzMjI4OTQ5NDg2OTE0Nzg=","Muhamad Cali Faiz Ahmad Aamiin yaa robbal alamiin","1"
,,,,,"https://www.facebook.com/100013364191442/posts/2005828319872622?comment_id=1058356889133229",,"2024-09-13T10:37:23.000Z","2005828319872622","https://www.facebook.com/100013364191442/posts/2005828319872622","ZmVlZGJhY2s6MjAwNTgyODMxOTg3MjYyMl8xMDU4MzU2ODg5MTMzMjI5","Y29tbWVudDoyMDA1ODI4MzE5ODcyNjIyXzEwNTgzNTY4ODkxMzMyMjk=","https://www.facebook.com/100013364191442/posts/2005828319872622","0","Riview Sawi Putih Cacha F1 produksi PT Benih Citra Asia
CACHA F1 : Sawi Putih, Sahabat Petani Sukses! 🥬🤩

📌Sawi putih hibrida
📌Daun hijau, tidak pahit...","100078895395532","Jabil Om Pal","https://scontent-sjc3-1.xx.fbcdn.net/v/t39.30808-1/396834882_328389536467557_3714608804951555940_n.jpg?stp=c8.0.561.561a_cp0_dst-jpg_s32x32&_nc_cat=104&ccb=1-7&_nc_sid=50d2ac&_nc_ohc=H0lph3CbwdgQ7kNvgEBICUW&_nc_ht=scontent-sjc3-1.xx&oh=00_AYCOt4peyHI6I8WCk2fwUX9497ScZAQuCWMq_eM5bNyrWw&oe=66EAB617","https://www.facebook.com/people/Jabil-Om-Pal/100078895395532/","Y29tbWVudDoyMDA1ODI4MzE5ODcyNjIyXzEyNDcyMTIxMDY0NDA3NTU=","Nrll Bintang Asia lahan sengketa 😂","2"
,,,,,"https://www.facebook.com/100013364191442/posts/2005828319872622?comment_id=513927604562382",,"2024-09-13T10:21:14.000Z","2005828319872622","https://www.facebook.com/100013364191442/posts/2005828319872622","ZmVlZGJhY2s6MjAwNTgyODMxOTg3MjYyMl81MTM5Mjc2MDQ1NjIzODI=","Y29tbWVudDoyMDA1ODI4MzE5ODcyNjIyXzUxMzkyNzYwNDU2MjM4Mg==","https://www.facebook.com/100013364191442/posts/2005828319872622","0","Riview Sawi Putih Cacha F1 produksi PT Benih Citra Asia
CACHA F1 : Sawi Putih, Sahabat Petani Sukses! 🥬🤩

📌Sawi putih hibrida
📌Daun hijau, tidak pahit...","100013364191442","Nrll Bintang Asia","https://scontent-sjc3-1.xx.fbcdn.net/v/t39.30808-1/458447769_1998595423929245_3345542859681615678_n.jpg?stp=c0.153.922.922a_cp0_dst-jpg_s32x32&_nc_cat=107&ccb=1-7&_nc_sid=50d2ac&_nc_ohc=1Wu0EHwSLH4Q7kNvgGIuXVP&_nc_ht=scontent-sjc3-1.xx&oh=00_AYB9YM0hQRqdlu9BsxpXmgfTWKTuBQ5UQvJSm-RuqY6zHA&oe=66EADD05","https://www.facebook.com/nurul.hardianti.9237","Y29tbWVudDoyMDA1ODI4MzE5ODcyNjIyXzEyNDcyMTIxMDY0NDA3NTU=","Jabil Om Pal Lahan apa jeka😄 Lahan pajak atau lahan sewa  atau lahan sandra😆😆","2"
,,,,,"https://www.facebook.com/100013364191442/posts/2005828319872622?comment_id=1971968863256739",,"2024-09-13T10:19:52.000Z","2005828319872622","https://www.facebook.com/100013364191442/posts/2005828319872622","ZmVlZGJhY2s6MjAwNTgyODMxOTg3MjYyMl8xOTcxOTY4ODYzMjU2NzM5","Y29tbWVudDoyMDA1ODI4MzE5ODcyNjIyXzE5NzE5Njg4NjMyNTY3Mzk=","https://www.facebook.com/100013364191442/posts/2005828319872622","0","Riview Sawi Putih Cacha F1 produksi PT Benih Citra Asia
CACHA F1 : Sawi Putih, Sahabat Petani Sukses! 🥬🤩

📌Sawi putih hibrida
📌Daun hijau, tidak pahit...","100078895395532","Jabil Om Pal","https://scontent-sjc3-1.xx.fbcdn.net/v/t39.30808-1/396834882_328389536467557_3714608804951555940_n.jpg?stp=c8.0.561.561a_cp0_dst-jpg_s32x32&_nc_cat=104&ccb=1-7&_nc_sid=50d2ac&_nc_ohc=H0lph3CbwdgQ7kNvgEBICUW&_nc_ht=scontent-sjc3-1.xx&oh=00_AYCOt4peyHI6I8WCk2fwUX9497ScZAQuCWMq_eM5bNyrWw&oe=66EAB617","https://www.facebook.com/people/Jabil-Om-Pal/100078895395532/","Y29tbWVudDoyMDA1ODI4MzE5ODcyNjIyXzEyNDcyMTIxMDY0NDA3NTU=","Nrll Bintang Asia cariin saya lahan,,baru saya Gasss","2"
,,,,,"https://www.facebook.com/100013364191442/posts/2005828319872622?comment_id=2510544395800392","3","2024-09-13T09:59:31.000Z","2005828319872622","https://www.facebook.com/100013364191442/posts/2005828319872622","ZmVlZGJhY2s6MjAwNTgyODMxOTg3MjYyMl8yNTEwNTQ0Mzk1ODAwMzky","Y29tbWVudDoyMDA1ODI4MzE5ODcyNjIyXzI1MTA1NDQzOTU4MDAzOTI=","https://www.facebook.com/100013364191442/posts/2005828319872622","0","Riview Sawi Putih Cacha F1 produksi PT Benih Citra Asia
CACHA F1 : Sawi Putih, Sahabat Petani Sukses! 🥬🤩

📌Sawi putih hibrida
📌Daun hijau, tidak pahit...","100013364191442","Nrll Bintang Asia","https://scontent-sjc3-1.xx.fbcdn.net/v/t39.30808-1/458447769_1998595423929245_3345542859681615678_n.jpg?stp=c0.153.922.922a_cp0_dst-jpg_s32x32&_nc_cat=107&ccb=1-7&_nc_sid=50d2ac&_nc_ohc=1Wu0EHwSLH4Q7kNvgGIuXVP&_nc_ht=scontent-sjc3-1.xx&oh=00_AYB9YM0hQRqdlu9BsxpXmgfTWKTuBQ5UQvJSm-RuqY6zHA&oe=66EADD05","https://www.facebook.com/nurul.hardianti.9237","Y29tbWVudDoyMDA1ODI4MzE5ODcyNjIyXzEyNDcyMTIxMDY0NDA3NTU=","Jabil Om Pal Gaskan Om Pal... adakah penanaman Sabi2 😄","1"
,,,,,"https://www.facebook.com/100013364191442/posts/2005828319872622?comment_id=397991139735391",,"2024-09-13T13:19:58.000Z","2005828319872622","https://www.facebook.com/100013364191442/posts/2005828319872622","ZmVlZGJhY2s6MjAwNTgyODMxOTg3MjYyMl8zOTc5OTExMzk3MzUzOTE=","Y29tbWVudDoyMDA1ODI4MzE5ODcyNjIyXzM5Nzk5MTEzOTczNTM5MQ==","https://www.facebook.com/100013364191442/posts/2005828319872622","0","Riview Sawi Putih Cacha F1 produksi PT Benih Citra Asia
CACHA F1 : Sawi Putih, Sahabat Petani Sukses! 🥬🤩

📌Sawi putih hibrida
📌Daun hijau, tidak pahit...","100004486865886","Cece Bintang Asia","https://scontent-atl3-1.xx.fbcdn.net/v/t39.30808-1/316547636_2283367855156088_3827276911733775042_n.jpg?stp=c0.36.1080.1080a_cp0_dst-jpg_s32x32&_nc_cat=107&ccb=1-7&_nc_sid=50d2ac&_nc_ohc=O6RuOTuW5i4Q7kNvgF_I4S4&_nc_ht=scontent-atl3-1.xx&_nc_gid=A4ew9ADAfJX4PSg_cbvuONJ&oh=00_AYAmOurPrE0LLM9DoyaFcIHOT_KzE_TKUr39dzE44_WiqQ&oe=66EAD09C","https://www.facebook.com/natasya.ayunda.1","Y29tbWVudDoyMDA1ODI4MzE5ODcyNjIyXzI3Mzg2ODM1MDUwOTMwNjIw","Mohammad Iqbal Agustiana Betul3x","1"
,,,,,"https://www.facebook.com/100013364191442/posts/2005776519877802?comment_id=8189844251096172",,"2024-09-13T06:59:53.000Z","2005776519877802","https://www.facebook.com/100013364191442/posts/2005776519877802","ZmVlZGJhY2s6MjAwNTc3NjUxOTg3NzgwMl84MTg5ODQ0MjUxMDk2MTcy","Y29tbWVudDoyMDA1Nzc2NTE5ODc3ODAyXzgxODk4NDQyNTEwOTYxNzI=","https://www.facebook.com/100013364191442/posts/2005776519877802","0","Mengenal Buncis Tewe Produksi PT Benih Citra Asia...

Buncis biji krem.
Warna buah : hijau keputihan.
Ukuran buah : ± 21 cm.
Umur panen : ± 45 hst....","100013364191442","Nrll Bintang Asia","https://scontent-bos5-1.xx.fbcdn.net/v/t39.30808-1/458447769_1998595423929245_3345542859681615678_n.jpg?stp=c0.153.922.922a_cp0_dst-jpg_s32x32&_nc_cat=107&ccb=1-7&_nc_sid=50d2ac&_nc_ohc=1Wu0EHwSLH4Q7kNvgFTwzHK&_nc_ht=scontent-bos5-1.xx&_nc_gid=AOzR7g6uJyPO1ADWKLPzpz4&oh=00_AYCi3F0N1aGHb7m7Sydu93QFD74LljqryqDhCXPfzFaugA&oe=66EADD05","https://www.facebook.com/nurul.hardianti.9237","Y29tbWVudDoyMDA1Nzc2NTE5ODc3ODAyXzM5NjIxMDAyOTkyNjQ1Nw==","Mulky Agro Indotani ☺","1"
,,,,,"https://www.facebook.com/100013364191442/posts/2005776519877802?comment_id=2253054468368064",,"2024-09-13T10:38:16.000Z","2005776519877802","https://www.facebook.com/100013364191442/posts/2005776519877802","ZmVlZGJhY2s6MjAwNTc3NjUxOTg3NzgwMl8yMjUzMDU0NDY4MzY4MDY0","Y29tbWVudDoyMDA1Nzc2NTE5ODc3ODAyXzIyNTMwNTQ0NjgzNjgwNjQ=","https://www.facebook.com/100013364191442/posts/2005776519877802","0","Mengenal Buncis Tewe Produksi PT Benih Citra Asia...

Buncis biji krem.
Warna buah : hijau keputihan.
Ukuran buah : ± 21 cm.
Umur panen : ± 45 hst....","100001478012460","Nasir Bintang Asia","https://scontent-atl3-1.xx.fbcdn.net/v/t39.30808-1/374566524_6652285924830609_4550832743895994737_n.jpg?stp=cp0_dst-jpg_s32x32&_nc_cat=110&ccb=1-7&_nc_sid=50d2ac&_nc_ohc=hg2UxH7HF-MQ7kNvgHexd58&_nc_ht=scontent-atl3-1.xx&_nc_gid=ASSVTGj8geWAKSmfvzdDXWM&oh=00_AYBqDdDJ-pGJi3a8cutkp_OkxSBCLkh5rUOgZXFbu74Jzw&oe=66EAEB89","https://www.facebook.com/nasir.smk2","Y29tbWVudDoyMDA1Nzc2NTE5ODc3ODAyXzg3MTE5NDc1MTYzMDExMQ==","Nrll Bintang Asia iyak bhs Sumatra 🙏","2"
,,,,,"https://www.facebook.com/100013364191442/posts/2005776519877802?comment_id=1194235688547403",,"2024-09-13T10:37:28.000Z","2005776519877802","https://www.facebook.com/100013364191442/posts/2005776519877802","ZmVlZGJhY2s6MjAwNTc3NjUxOTg3NzgwMl8xMTk0MjM1Njg4NTQ3NDAz","Y29tbWVudDoyMDA1Nzc2NTE5ODc3ODAyXzExOTQyMzU2ODg1NDc0MDM=","https://www.facebook.com/100013364191442/posts/2005776519877802","0","Mengenal Buncis Tewe Produksi PT Benih Citra Asia...

Buncis biji krem.
Warna buah : hijau keputihan.
Ukuran buah : ± 21 cm.
Umur panen : ± 45 hst....","100013364191442","Nrll Bintang Asia","https://scontent-atl3-1.xx.fbcdn.net/v/t39.30808-1/458447769_1998595423929245_3345542859681615678_n.jpg?stp=c0.153.922.922a_cp0_dst-jpg_s32x32&_nc_cat=107&ccb=1-7&_nc_sid=50d2ac&_nc_ohc=1Wu0EHwSLH4Q7kNvgGX1mB7&_nc_ht=scontent-atl3-1.xx&_nc_gid=ASSVTGj8geWAKSmfvzdDXWM&oh=00_AYBDo-D5eNwJSGy-QZbI9_WJ5dKXPkOVX1MX9hA0OBgzRA&oe=66EADD05","https://www.facebook.com/nurul.hardianti.9237","Y29tbWVudDoyMDA1Nzc2NTE5ODc3ODAyXzg3MTE5NDc1MTYzMDExMQ==","Nasir Bintang Asia Mana aku mengerti kak itukan bahasa dari luar sulawesi😆😆","2"
,,,,,"https://www.facebook.com/100013364191442/posts/2005776519877802?comment_id=1091508198999734",,"2024-09-13T10:34:55.000Z","2005776519877802","https://www.facebook.com/100013364191442/posts/2005776519877802","ZmVlZGJhY2s6MjAwNTc3NjUxOTg3NzgwMl8xMDkxNTA4MTk4OTk5NzM0","Y29tbWVudDoyMDA1Nzc2NTE5ODc3ODAyXzEwOTE1MDgxOTg5OTk3MzQ=","https://www.facebook.com/100013364191442/posts/2005776519877802","0","Mengenal Buncis Tewe Produksi PT Benih Citra Asia...

Buncis biji krem.
Warna buah : hijau keputihan.
Ukuran buah : ± 21 cm.
Umur panen : ± 45 hst....","100001478012460","Nasir Bintang Asia","https://scontent-atl3-1.xx.fbcdn.net/v/t39.30808-1/374566524_6652285924830609_4550832743895994737_n.jpg?stp=cp0_dst-jpg_s32x32&_nc_cat=110&ccb=1-7&_nc_sid=50d2ac&_nc_ohc=hg2UxH7HF-MQ7kNvgHexd58&_nc_ht=scontent-atl3-1.xx&_nc_gid=ASSVTGj8geWAKSmfvzdDXWM&oh=00_AYBqDdDJ-pGJi3a8cutkp_OkxSBCLkh5rUOgZXFbu74Jzw&oe=66EAEB89","https://www.facebook.com/nasir.smk2","Y29tbWVudDoyMDA1Nzc2NTE5ODc3ODAyXzg3MTE5NDc1MTYzMDExMQ==","Nrll Bintang Asia eh becanda maksudnya 😁","2"
,,,,,"https://www.facebook.com/100013364191442/posts/2005776519877802?comment_id=400128573118148",,"2024-09-13T10:33:45.000Z","2005776519877802","https://www.facebook.com/100013364191442/posts/2005776519877802","ZmVlZGJhY2s6MjAwNTc3NjUxOTg3NzgwMl80MDAxMjg1NzMxMTgxNDg=","Y29tbWVudDoyMDA1Nzc2NTE5ODc3ODAyXzQwMDEyODU3MzExODE0OA==","https://www.facebook.com/100013364191442/posts/2005776519877802","0","Mengenal Buncis Tewe Produksi PT Benih Citra Asia...

Buncis biji krem.
Warna buah : hijau keputihan.
Ukuran buah : ± 21 cm.
Umur panen : ± 45 hst....","100013364191442","Nrll Bintang Asia","https://scontent-atl3-1.xx.fbcdn.net/v/t39.30808-1/458447769_1998595423929245_3345542859681615678_n.jpg?stp=c0.153.922.922a_cp0_dst-jpg_s32x32&_nc_cat=107&ccb=1-7&_nc_sid=50d2ac&_nc_ohc=1Wu0EHwSLH4Q7kNvgGX1mB7&_nc_ht=scontent-atl3-1.xx&_nc_gid=ASSVTGj8geWAKSmfvzdDXWM&oh=00_AYBDo-D5eNwJSGy-QZbI9_WJ5dKXPkOVX1MX9hA0OBgzRA&oe=66EADD05","https://www.facebook.com/nurul.hardianti.9237","Y29tbWVudDoyMDA1Nzc2NTE5ODc3ODAyXzg3MTE5NDc1MTYzMDExMQ==","Nasir Bintang Asia Apa itu nyagil? 😃😄","2"
,,,,,"https://www.facebook.com/100013364191442/posts/2005776519877802?comment_id=533449055874175",,"2024-09-13T10:32:50.000Z","2005776519877802","https://www.facebook.com/100013364191442/posts/2005776519877802","ZmVlZGJhY2s6MjAwNTc3NjUxOTg3NzgwMl81MzM0NDkwNTU4NzQxNzU=","Y29tbWVudDoyMDA1Nzc2NTE5ODc3ODAyXzUzMzQ0OTA1NTg3NDE3NQ==","https://www.facebook.com/100013364191442/posts/2005776519877802","0","Mengenal Buncis Tewe Produksi PT Benih Citra Asia...

Buncis biji krem.
Warna buah : hijau keputihan.
Ukuran buah : ± 21 cm.
Umur panen : ± 45 hst....","100001478012460","Nasir Bintang Asia","https://scontent-atl3-1.xx.fbcdn.net/v/t39.30808-1/374566524_6652285924830609_4550832743895994737_n.jpg?stp=cp0_dst-jpg_s32x32&_nc_cat=110&ccb=1-7&_nc_sid=50d2ac&_nc_ohc=hg2UxH7HF-MQ7kNvgHexd58&_nc_ht=scontent-atl3-1.xx&_nc_gid=ASSVTGj8geWAKSmfvzdDXWM&oh=00_AYBqDdDJ-pGJi3a8cutkp_OkxSBCLkh5rUOgZXFbu74Jzw&oe=66EAEB89","https://www.facebook.com/nasir.smk2","Y29tbWVudDoyMDA1Nzc2NTE5ODc3ODAyXzg3MTE5NDc1MTYzMDExMQ==","Nrll Bintang Asia Renzy Bintangasia nyagil abang ni😁","2"
,,,,,"https://www.facebook.com/100013364191442/posts/2005776519877802?comment_id=3458182667813005","5","2024-09-13T05:55:16.000Z","2005776519877802","https://www.facebook.com/100013364191442/posts/2005776519877802","ZmVlZGJhY2s6MjAwNTc3NjUxOTg3NzgwMl8zNDU4MTgyNjY3ODEzMDA1","Y29tbWVudDoyMDA1Nzc2NTE5ODc3ODAyXzM0NTgxODI2Njc4MTMwMDU=","https://www.facebook.com/100013364191442/posts/2005776519877802","0","Mengenal Buncis Tewe Produksi PT Benih Citra Asia...

Buncis biji krem.
Warna buah : hijau keputihan.
Ukuran buah : ± 21 cm.
Umur panen : ± 45 hst....","100013364191442","Nrll Bintang Asia","https://scontent-atl3-1.xx.fbcdn.net/v/t39.30808-1/458447769_1998595423929245_3345542859681615678_n.jpg?stp=c0.153.922.922a_cp0_dst-jpg_s32x32&_nc_cat=107&ccb=1-7&_nc_sid=50d2ac&_nc_ohc=1Wu0EHwSLH4Q7kNvgGX1mB7&_nc_ht=scontent-atl3-1.xx&_nc_gid=ASSVTGj8geWAKSmfvzdDXWM&oh=00_AYBDo-D5eNwJSGy-QZbI9_WJ5dKXPkOVX1MX9hA0OBgzRA&oe=66EADD05","https://www.facebook.com/nurul.hardianti.9237","Y29tbWVudDoyMDA1Nzc2NTE5ODc3ODAyXzg3MTE5NDc1MTYzMDExMQ==","Renzy Bintangasia lahh kok gNteng😆","1"
,,,,,"https://www.facebook.com/100013364191442/posts/2005776519877802?comment_id=3621867918066407",,"2024-09-13T06:13:33.000Z","2005776519877802","https://www.facebook.com/100013364191442/posts/2005776519877802","ZmVlZGJhY2s6MjAwNTc3NjUxOTg3NzgwMl8zNjIxODY3OTE4MDY2NDA3","Y29tbWVudDoyMDA1Nzc2NTE5ODc3ODAyXzM2MjE4Njc5MTgwNjY0MDc=","https://www.facebook.com/100013364191442/posts/2005776519877802","0","Mengenal Buncis Tewe Produksi PT Benih Citra Asia...

Buncis biji krem.
Warna buah : hijau keputihan.
Ukuran buah : ± 21 cm.
Umur panen : ± 45 hst....","pfbid0MfTerRVsCP4R2ZH4jPn8ut2yZhLSCDv4jtj2xR9ewXkvXoqn1TvVheY9cTDQBH7hl","Abu Zain","https://scontent-lax3-1.xx.fbcdn.net/v/t39.30808-1/435494191_457190010311874_2986738048923136276_n.jpg?stp=c0.0.600.600a_cp0_dst-jpg_s32x32&_nc_cat=108&ccb=1-7&_nc_sid=0ecb9b&_nc_ohc=D076W_h7ns8Q7kNvgFiwtEa&_nc_ht=scontent-lax3-1.xx&_nc_gid=AvbaGZRZ1BessHbXmRhEqiY&oh=00_AYB_qOO1DiFVxj0Z_Ne6-P3_DRro0JzTzMkzdMmdYIGfaQ&oe=66EAE12B","https://www.facebook.com/people/Abu-Zain/pfbid0MfTerRVsCP4R2ZH4jPn8ut2yZhLSCDv4jtj2xR9ewXkvXoqn1TvVheY9cTDQBH7hl/","Y29tbWVudDoyMDA1Nzc2NTE5ODc3ODAyXzQ5NDk1ODY0MDA2NjAyOA==","Nrll Bintang Asia siaap bu' 👍","2"
,,,,,"https://www.facebook.com/100013364191442/posts/2005776519877802?comment_id=783658797082716","1","2024-09-13T06:13:08.000Z","2005776519877802","https://www.facebook.com/100013364191442/posts/2005776519877802","ZmVlZGJhY2s6MjAwNTc3NjUxOTg3NzgwMl83ODM2NTg3OTcwODI3MTY=","Y29tbWVudDoyMDA1Nzc2NTE5ODc3ODAyXzc4MzY1ODc5NzA4MjcxNg==","https://www.facebook.com/100013364191442/posts/2005776519877802","1","Mengenal Buncis Tewe Produksi PT Benih Citra Asia...

Buncis biji krem.
Warna buah : hijau keputihan.
Ukuran buah : ± 21 cm.
Umur panen : ± 45 hst....","100013364191442","Nrll Bintang Asia","https://scontent-lax3-2.xx.fbcdn.net/v/t39.30808-1/458447769_1998595423929245_3345542859681615678_n.jpg?stp=c0.153.922.922a_cp0_dst-jpg_s32x32&_nc_cat=107&ccb=1-7&_nc_sid=50d2ac&_nc_ohc=1Wu0EHwSLH4Q7kNvgEQ3O6W&_nc_ht=scontent-lax3-2.xx&_nc_gid=AvbaGZRZ1BessHbXmRhEqiY&oh=00_AYDSusOBVdQ9rNuzsUU5W-RanizPsRpY0woD0KG4iWfN_A&oe=66EADD05","https://www.facebook.com/nurul.hardianti.9237","Y29tbWVudDoyMDA1Nzc2NTE5ODc3ODAyXzQ5NDk1ODY0MDA2NjAyOA==","Abu Zain trimksh pak😊","1"
,,,,,"https://www.facebook.com/100013364191442/posts/2005828319872622?comment_id=799461262265495",,"2024-09-13T17:35:50.000Z","2005828319872622","https://www.facebook.com/100013364191442/posts/2005828319872622","ZmVlZGJhY2s6MjAwNTgyODMxOTg3MjYyMl83OTk0NjEyNjIyNjU0OTU=","Y29tbWVudDoyMDA1ODI4MzE5ODcyNjIyXzc5OTQ2MTI2MjI2NTQ5NQ==","https://www.facebook.com/100013364191442/posts/2005828319872622","0","Riview Sawi Putih Cacha F1 produksi PT Benih Citra Asia
CACHA F1 : Sawi Putih, Sahabat Petani Sukses! 🥬🤩

📌Sawi putih hibrida
📌Daun hijau, tidak pahit...","100004823474410","IBek Mo","https://scontent.fvns1-3.fna.fbcdn.net/v/t39.30808-1/451952538_2555698311267593_7480355757252471359_n.jpg?stp=c180.0.1080.1080a_cp0_dst-jpg_s32x32&_nc_cat=111&ccb=1-7&_nc_sid=50d2ac&_nc_ohc=uF2uQ4dml4AQ7kNvgEA3yvj&_nc_ht=scontent.fvns1-3.fna&oh=00_AYBlz9SKGa5Jzv2j7rSto_nEA94fFIKF7nrz_4feu1bv1A&oe=66EAE17F","https://www.facebook.com/ilham.illank.3114","Y29tbWVudDoyMDA1ODI4MzE5ODcyNjIyXzI1MjY5NzczMDA4MjA2MTk=","👍","1"
,,,,,"https://www.facebook.com/100013364191442/posts/2005828319872622?comment_id=1074320104076417",,"2024-09-13T13:20:21.000Z","2005828319872622","https://www.facebook.com/100013364191442/posts/2005828319872622","ZmVlZGJhY2s6MjAwNTgyODMxOTg3MjYyMl8xMDc0MzIwMTA0MDc2NDE3","Y29tbWVudDoyMDA1ODI4MzE5ODcyNjIyXzEwNzQzMjAxMDQwNzY0MTc=","https://www.facebook.com/100013364191442/posts/2005828319872622","0","Riview Sawi Putih Cacha F1 produksi PT Benih Citra Asia
CACHA F1 : Sawi Putih, Sahabat Petani Sukses! 🥬🤩

📌Sawi putih hibrida
📌Daun hijau, tidak pahit...","100004486865886","Cece Bintang Asia","https://scontent.fvns1-1.fna.fbcdn.net/v/t39.30808-1/316547636_2283367855156088_3827276911733775042_n.jpg?stp=c0.36.1080.1080a_cp0_dst-jpg_s32x32&_nc_cat=107&ccb=1-7&_nc_sid=50d2ac&_nc_ohc=O6RuOTuW5i4Q7kNvgGvqIMY&_nc_ht=scontent.fvns1-1.fna&oh=00_AYB-ZUhPrY8H4GlFUaPNlgbw8K0P5Tu8tb2UeHOX-jS3Iw&oe=66EAD09C","https://www.facebook.com/natasya.ayunda.1","Y29tbWVudDoyMDA1ODI4MzE5ODcyNjIyXzI1MjY5NzczMDA4MjA2MTk=","IBek Mo hahaha siap selalu bosq","1"
,,,,,"https://www.facebook.com/100013364191442/posts/2005776519877802?comment_id=1209987883568628",,"2024-09-13T09:22:20.000Z","2005776519877802","https://www.facebook.com/100013364191442/posts/2005776519877802","ZmVlZGJhY2s6MjAwNTc3NjUxOTg3NzgwMl8xMjA5OTg3ODgzNTY4NjI4","Y29tbWVudDoyMDA1Nzc2NTE5ODc3ODAyXzEyMDk5ODc4ODM1Njg2Mjg=","https://www.facebook.com/100013364191442/posts/2005776519877802","1","Mengenal Buncis Tewe Produksi PT Benih Citra Asia...

Buncis biji krem.
Warna buah : hijau keputihan.
Ukuran buah : ± 21 cm.
Umur panen : ± 45 hst....","100013364191442","Nrll Bintang Asia","https://scontent.ftpa1-1.fna.fbcdn.net/v/t39.30808-1/458447769_1998595423929245_3345542859681615678_n.jpg?stp=c0.153.922.922a_cp0_dst-jpg_s32x32&_nc_cat=107&ccb=1-7&_nc_sid=50d2ac&_nc_ohc=1Wu0EHwSLH4Q7kNvgFXOfql&_nc_ht=scontent.ftpa1-1.fna&oh=00_AYAzKAmyobgq9OgY6yEz4s5mnlSVjf3-c0bEamfhM7i_hQ&oe=66EADD05","https://www.facebook.com/nurul.hardianti.9237","Y29tbWVudDoyMDA1Nzc2NTE5ODc3ODAyXzEzMjI4OTQ5NDg2OTE0Nzg=","Muhamad Cali Faiz Ahmad Aamiin yaa robbal alamiin","1"
,,,,,"https://www.facebook.com/100013364191442/posts/2005776519877802?comment_id=495925353244280",,"2024-09-13T10:20:06.000Z","2005776519877802","https://www.facebook.com/100013364191442/posts/2005776519877802","ZmVlZGJhY2s6MjAwNTc3NjUxOTg3NzgwMl80OTU5MjUzNTMyNDQyODA=","Y29tbWVudDoyMDA1Nzc2NTE5ODc3ODAyXzQ5NTkyNTM1MzI0NDI4MA==","https://www.facebook.com/100013364191442/posts/2005776519877802","0","Mengenal Buncis Tewe Produksi PT Benih Citra Asia...

Buncis biji krem.
Warna buah : hijau keputihan.
Ukuran buah : ± 21 cm.
Umur panen : ± 45 hst....","100013364191442","Nrll Bintang Asia","https://scontent-mia3-2.xx.fbcdn.net/v/t39.30808-1/458447769_1998595423929245_3345542859681615678_n.jpg?stp=c0.153.922.922a_cp0_dst-jpg_s32x32&_nc_cat=107&ccb=1-7&_nc_sid=50d2ac&_nc_ohc=1Wu0EHwSLH4Q7kNvgFOAjgg&_nc_ht=scontent-mia3-2.xx&_nc_gid=ALQgo8V3pw__T_H_hY197fB&oh=00_AYADJuAVxU_UIRcDx0KEqpe9ycSgyTNiISkHj79_h6YqQA&oe=66EADD05","https://www.facebook.com/nurul.hardianti.9237","Y29tbWVudDoyMDA1Nzc2NTE5ODc3ODAyXzE1NjEzNTM0MjgwOTEyMTc=","Mohammad Iqbal Agustiana hehe siapppppppp kak","1"
,,,,,"https://www.facebook.com/100013364191442/posts/2005776519877802?comment_id=1054747139581219",,"2024-09-14T02:06:49.000Z","2005776519877802","https://www.facebook.com/100013364191442/posts/2005776519877802","ZmVlZGJhY2s6MjAwNTc3NjUxOTg3NzgwMl8xMDU0NzQ3MTM5NTgxMjE5","Y29tbWVudDoyMDA1Nzc2NTE5ODc3ODAyXzEwNTQ3NDcxMzk1ODEyMTk=","https://www.facebook.com/100013364191442/posts/2005776519877802","0","Mengenal Buncis Tewe Produksi PT Benih Citra Asia...

Buncis biji krem.
Warna buah : hijau keputihan.
Ukuran buah : ± 21 cm.
Umur panen : ± 45 hst....","pfbid02ABpkdB8TC2CEMkPe4KaztxrDRz8kdaDXqEDvCVSy1FuzaBKhmYcGoPDgjoXpy8L9l","Jumriani","https://scontent-iad3-2.xx.fbcdn.net/v/t39.30808-1/445418358_1485624865703460_1743489439682232472_n.jpg?stp=cp0_dst-jpg_s32x32&_nc_cat=100&ccb=1-7&_nc_sid=0ecb9b&_nc_ohc=HcoQsMHKjsgQ7kNvgG_S--B&_nc_ht=scontent-iad3-2.xx&oh=00_AYDxWihvJ9Bhebp5a7jOjhyDy5tBJCUQugxW2jmc8PZ3VQ&oe=66EABD9D","https://www.facebook.com/jumriani.jumriani.92798072","Y29tbWVudDoyMDA1Nzc2NTE5ODc3ODAyXzU0MDY0NjAxNTA4OTA3MA==","Nrll Bintang Asia insya Allah😁😁","2"
,,,,,"https://www.facebook.com/100013364191442/posts/2005776519877802?comment_id=486559120951045",,"2024-09-14T01:17:05.000Z","2005776519877802","https://www.facebook.com/100013364191442/posts/2005776519877802","ZmVlZGJhY2s6MjAwNTc3NjUxOTg3NzgwMl80ODY1NTkxMjA5NTEwNDU=","Y29tbWVudDoyMDA1Nzc2NTE5ODc3ODAyXzQ4NjU1OTEyMDk1MTA0NQ==","https://www.facebook.com/100013364191442/posts/2005776519877802","1","Mengenal Buncis Tewe Produksi PT Benih Citra Asia...

Buncis biji krem.
Warna buah : hijau keputihan.
Ukuran buah : ± 21 cm.
Umur panen : ± 45 hst....","100013364191442","Nrll Bintang Asia","https://scontent-iad3-1.xx.fbcdn.net/v/t39.30808-1/458447769_1998595423929245_3345542859681615678_n.jpg?stp=c0.153.922.922a_cp0_dst-jpg_s32x32&_nc_cat=107&ccb=1-7&_nc_sid=50d2ac&_nc_ohc=1Wu0EHwSLH4Q7kNvgGOOfGk&_nc_ht=scontent-iad3-1.xx&oh=00_AYBmpHHm42xM6mM4xPXQLUT5JHVaW2pHwYCdLR0WHxpb6w&oe=66EADD05","https://www.facebook.com/nurul.hardianti.9237","Y29tbWVudDoyMDA1Nzc2NTE5ODc3ODAyXzU0MDY0NjAxNTA4OTA3MA==","Jumriani Hehehhee😅 Naikki sini jalan2 buu","2"
,,,,,"https://www.facebook.com/100013364191442/posts/2005776519877802?comment_id=1029638651999637",,"2024-09-13T12:18:18.000Z","2005776519877802","https://www.facebook.com/100013364191442/posts/2005776519877802","ZmVlZGJhY2s6MjAwNTc3NjUxOTg3NzgwMl8xMDI5NjM4NjUxOTk5NjM3","Y29tbWVudDoyMDA1Nzc2NTE5ODc3ODAyXzEwMjk2Mzg2NTE5OTk2Mzc=","https://www.facebook.com/100013364191442/posts/2005776519877802","0","Mengenal Buncis Tewe Produksi PT Benih Citra Asia...

Buncis biji krem.
Warna buah : hijau keputihan.
Ukuran buah : ± 21 cm.
Umur panen : ± 45 hst....","pfbid02ABpkdB8TC2CEMkPe4KaztxrDRz8kdaDXqEDvCVSy1FuzaBKhmYcGoPDgjoXpy8L9l","Jumriani","https://scontent-iad3-2.xx.fbcdn.net/v/t39.30808-1/445418358_1485624865703460_1743489439682232472_n.jpg?stp=cp0_dst-jpg_s32x32&_nc_cat=100&ccb=1-7&_nc_sid=0ecb9b&_nc_ohc=HcoQsMHKjsgQ7kNvgG_S--B&_nc_ht=scontent-iad3-2.xx&oh=00_AYDxWihvJ9Bhebp5a7jOjhyDy5tBJCUQugxW2jmc8PZ3VQ&oe=66EABD9D","https://www.facebook.com/jumriani.jumriani.92798072","Y29tbWVudDoyMDA1Nzc2NTE5ODc3ODAyXzU0MDY0NjAxNTA4OTA3MA==","Nrll Bintang Asia terbaik memang😍😍","2"
,,,,,"https://www.facebook.com/100013364191442/posts/2005776519877802?comment_id=2300695220291100","3","2024-09-13T06:24:57.000Z","2005776519877802","https://www.facebook.com/100013364191442/posts/2005776519877802","ZmVlZGJhY2s6MjAwNTc3NjUxOTg3NzgwMl8yMzAwNjk1MjIwMjkxMTAw","Y29tbWVudDoyMDA1Nzc2NTE5ODc3ODAyXzIzMDA2OTUyMjAyOTExMDA=","https://www.facebook.com/100013364191442/posts/2005776519877802","1","Mengenal Buncis Tewe Produksi PT Benih Citra Asia...

Buncis biji krem.
Warna buah : hijau keputihan.
Ukuran buah : ± 21 cm.
Umur panen : ± 45 hst....","100013364191442","Nrll Bintang Asia","https://scontent-iad3-1.xx.fbcdn.net/v/t39.30808-1/458447769_1998595423929245_3345542859681615678_n.jpg?stp=c0.153.922.922a_cp0_dst-jpg_s32x32&_nc_cat=107&ccb=1-7&_nc_sid=50d2ac&_nc_ohc=1Wu0EHwSLH4Q7kNvgGOOfGk&_nc_ht=scontent-iad3-1.xx&oh=00_AYBmpHHm42xM6mM4xPXQLUT5JHVaW2pHwYCdLR0WHxpb6w&oe=66EADD05","https://www.facebook.com/nurul.hardianti.9237","Y29tbWVudDoyMDA1Nzc2NTE5ODc3ODAyXzU0MDY0NjAxNTA4OTA3MA==","Muhammadjafar 😄😄 Otw pak pilih yang mana kol sawi buncis atau kentang🤣🤣","1"
,,,,,"https://www.facebook.com/100013364191442/posts/2005776519877802?comment_id=2253054468368064",,"2024-09-13T10:38:16.000Z","2005776519877802","https://www.facebook.com/100013364191442/posts/2005776519877802","ZmVlZGJhY2s6MjAwNTc3NjUxOTg3NzgwMl8yMjUzMDU0NDY4MzY4MDY0","Y29tbWVudDoyMDA1Nzc2NTE5ODc3ODAyXzIyNTMwNTQ0NjgzNjgwNjQ=","https://www.facebook.com/100013364191442/posts/2005776519877802","0","Mengenal Buncis Tewe Produksi PT Benih Citra Asia...

Buncis biji krem.
Warna buah : hijau keputihan.
Ukuran buah : ± 21 cm.
Umur panen : ± 45 hst....","100001478012460","Nasir Bintang Asia","https://scontent-atl3-1.xx.fbcdn.net/v/t39.30808-1/374566524_6652285924830609_4550832743895994737_n.jpg?stp=cp0_dst-jpg_s32x32&_nc_cat=110&ccb=1-7&_nc_sid=50d2ac&_nc_ohc=hg2UxH7HF-MQ7kNvgHn3ZQR&_nc_ht=scontent-atl3-1.xx&_nc_gid=AIkCacB6MsYNsVs21sCI1-Z&oh=00_AYBggfuSX3tlLW75T9s1k5TPG1XdatN7VyyG-uA0bN5Oag&oe=66EAEB89","https://www.facebook.com/nasir.smk2","Y29tbWVudDoyMDA1Nzc2NTE5ODc3ODAyXzg3MTE5NDc1MTYzMDExMQ==","Nrll Bintang Asia iyak bhs Sumatra 🙏","2"
,,,,,"https://www.facebook.com/100013364191442/posts/2005776519877802?comment_id=1194235688547403",,"2024-09-13T10:37:28.000Z","2005776519877802","https://www.facebook.com/100013364191442/posts/2005776519877802","ZmVlZGJhY2s6MjAwNTc3NjUxOTg3NzgwMl8xMTk0MjM1Njg4NTQ3NDAz","Y29tbWVudDoyMDA1Nzc2NTE5ODc3ODAyXzExOTQyMzU2ODg1NDc0MDM=","https://www.facebook.com/100013364191442/posts/2005776519877802","0","Mengenal Buncis Tewe Produksi PT Benih Citra Asia...

Buncis biji krem.
Warna buah : hijau keputihan.
Ukuran buah : ± 21 cm.
Umur panen : ± 45 hst....","100013364191442","Nrll Bintang Asia","https://scontent-atl3-1.xx.fbcdn.net/v/t39.30808-1/458447769_1998595423929245_3345542859681615678_n.jpg?stp=c0.153.922.922a_cp0_dst-jpg_s32x32&_nc_cat=107&ccb=1-7&_nc_sid=50d2ac&_nc_ohc=1Wu0EHwSLH4Q7kNvgEdHvwg&_nc_ht=scontent-atl3-1.xx&_nc_gid=AIkCacB6MsYNsVs21sCI1-Z&oh=00_AYA0mvYCpJ90p2WJPdTbAtltYALpPd7Ug_c-cchFRxqQrQ&oe=66EADD05","https://www.facebook.com/nurul.hardianti.9237","Y29tbWVudDoyMDA1Nzc2NTE5ODc3ODAyXzg3MTE5NDc1MTYzMDExMQ==","Nasir Bintang Asia Mana aku mengerti kak itukan bahasa dari luar sulawesi😆😆","2"
,,,,,"https://www.facebook.com/100013364191442/posts/2005776519877802?comment_id=1091508198999734",,"2024-09-13T10:34:55.000Z","2005776519877802","https://www.facebook.com/100013364191442/posts/2005776519877802","ZmVlZGJhY2s6MjAwNTc3NjUxOTg3NzgwMl8xMDkxNTA4MTk4OTk5NzM0","Y29tbWVudDoyMDA1Nzc2NTE5ODc3ODAyXzEwOTE1MDgxOTg5OTk3MzQ=","https://www.facebook.com/100013364191442/posts/2005776519877802","0","Mengenal Buncis Tewe Produksi PT Benih Citra Asia...

Buncis biji krem.
Warna buah : hijau keputihan.
Ukuran buah : ± 21 cm.
Umur panen : ± 45 hst....","100001478012460","Nasir Bintang Asia","https://scontent-atl3-1.xx.fbcdn.net/v/t39.30808-1/374566524_6652285924830609_4550832743895994737_n.jpg?stp=cp0_dst-jpg_s32x32&_nc_cat=110&ccb=1-7&_nc_sid=50d2ac&_nc_ohc=hg2UxH7HF-MQ7kNvgHn3ZQR&_nc_ht=scontent-atl3-1.xx&_nc_gid=AIkCacB6MsYNsVs21sCI1-Z&oh=00_AYBggfuSX3tlLW75T9s1k5TPG1XdatN7VyyG-uA0bN5Oag&oe=66EAEB89","https://www.facebook.com/nasir.smk2","Y29tbWVudDoyMDA1Nzc2NTE5ODc3ODAyXzg3MTE5NDc1MTYzMDExMQ==","Nrll Bintang Asia eh becanda maksudnya 😁","2"
,,,,,"https://www.facebook.com/100013364191442/posts/2005776519877802?comment_id=400128573118148",,"2024-09-13T10:33:45.000Z","2005776519877802","https://www.facebook.com/100013364191442/posts/2005776519877802","ZmVlZGJhY2s6MjAwNTc3NjUxOTg3NzgwMl80MDAxMjg1NzMxMTgxNDg=","Y29tbWVudDoyMDA1Nzc2NTE5ODc3ODAyXzQwMDEyODU3MzExODE0OA==","https://www.facebook.com/100013364191442/posts/2005776519877802","0","Mengenal Buncis Tewe Produksi PT Benih Citra Asia...

Buncis biji krem.
Warna buah : hijau keputihan.
Ukuran buah : ± 21 cm.
Umur panen : ± 45 hst....","100013364191442","Nrll Bintang Asia","https://scontent-atl3-1.xx.fbcdn.net/v/t39.30808-1/458447769_1998595423929245_3345542859681615678_n.jpg?stp=c0.153.922.922a_cp0_dst-jpg_s32x32&_nc_cat=107&ccb=1-7&_nc_sid=50d2ac&_nc_ohc=1Wu0EHwSLH4Q7kNvgEdHvwg&_nc_ht=scontent-atl3-1.xx&_nc_gid=AIkCacB6MsYNsVs21sCI1-Z&oh=00_AYA0mvYCpJ90p2WJPdTbAtltYALpPd7Ug_c-cchFRxqQrQ&oe=66EADD05","https://www.facebook.com/nurul.hardianti.9237","Y29tbWVudDoyMDA1Nzc2NTE5ODc3ODAyXzg3MTE5NDc1MTYzMDExMQ==","Nasir Bintang Asia Apa itu nyagil? 😃😄","2"
,,,,,"https://www.facebook.com/100013364191442/posts/2005776519877802?comment_id=533449055874175",,"2024-09-13T10:32:50.000Z","2005776519877802","https://www.facebook.com/100013364191442/posts/2005776519877802","ZmVlZGJhY2s6MjAwNTc3NjUxOTg3NzgwMl81MzM0NDkwNTU4NzQxNzU=","Y29tbWVudDoyMDA1Nzc2NTE5ODc3ODAyXzUzMzQ0OTA1NTg3NDE3NQ==","https://www.facebook.com/100013364191442/posts/2005776519877802","0","Mengenal Buncis Tewe Produksi PT Benih Citra Asia...

Buncis biji krem.
Warna buah : hijau keputihan.
Ukuran buah : ± 21 cm.
Umur panen : ± 45 hst....","100001478012460","Nasir Bintang Asia","https://scontent-atl3-1.xx.fbcdn.net/v/t39.30808-1/374566524_6652285924830609_4550832743895994737_n.jpg?stp=cp0_dst-jpg_s32x32&_nc_cat=110&ccb=1-7&_nc_sid=50d2ac&_nc_ohc=hg2UxH7HF-MQ7kNvgHn3ZQR&_nc_ht=scontent-atl3-1.xx&_nc_gid=AIkCacB6MsYNsVs21sCI1-Z&oh=00_AYBggfuSX3tlLW75T9s1k5TPG1XdatN7VyyG-uA0bN5Oag&oe=66EAEB89","https://www.facebook.com/nasir.smk2","Y29tbWVudDoyMDA1Nzc2NTE5ODc3ODAyXzg3MTE5NDc1MTYzMDExMQ==","Nrll Bintang Asia Renzy Bintangasia nyagil abang ni😁","2"
,,,,,"https://www.facebook.com/100013364191442/posts/2005776519877802?comment_id=3458182667813005","5","2024-09-13T05:55:16.000Z","2005776519877802","https://www.facebook.com/100013364191442/posts/2005776519877802","ZmVlZGJhY2s6MjAwNTc3NjUxOTg3NzgwMl8zNDU4MTgyNjY3ODEzMDA1","Y29tbWVudDoyMDA1Nzc2NTE5ODc3ODAyXzM0NTgxODI2Njc4MTMwMDU=","https://www.facebook.com/100013364191442/posts/2005776519877802","0","Mengenal Buncis Tewe Produksi PT Benih Citra Asia...

Buncis biji krem.
Warna buah : hijau keputihan.
Ukuran buah : ± 21 cm.
Umur panen : ± 45 hst....","100013364191442","Nrll Bintang Asia","https://scontent-atl3-1.xx.fbcdn.net/v/t39.30808-1/458447769_1998595423929245_3345542859681615678_n.jpg?stp=c0.153.922.922a_cp0_dst-jpg_s32x32&_nc_cat=107&ccb=1-7&_nc_sid=50d2ac&_nc_ohc=1Wu0EHwSLH4Q7kNvgEdHvwg&_nc_ht=scontent-atl3-1.xx&_nc_gid=AIkCacB6MsYNsVs21sCI1-Z&oh=00_AYA0mvYCpJ90p2WJPdTbAtltYALpPd7Ug_c-cchFRxqQrQ&oe=66EADD05","https://www.facebook.com/nurul.hardianti.9237","Y29tbWVudDoyMDA1Nzc2NTE5ODc3ODAyXzg3MTE5NDc1MTYzMDExMQ==","Renzy Bintangasia lahh kok gNteng😆","1"
,,,,,"https://www.facebook.com/100013364191442/posts/2005776519877802?comment_id=1965943740523121",,"2024-09-13T06:59:44.000Z","2005776519877802","https://www.facebook.com/100013364191442/posts/2005776519877802","ZmVlZGJhY2s6MjAwNTc3NjUxOTg3NzgwMl8xOTY1OTQzNzQwNTIzMTIx","Y29tbWVudDoyMDA1Nzc2NTE5ODc3ODAyXzE5NjU5NDM3NDA1MjMxMjE=","https://www.facebook.com/100013364191442/posts/2005776519877802","1","Mengenal Buncis Tewe Produksi PT Benih Citra Asia...

Buncis biji krem.
Warna buah : hijau keputihan.
Ukuran buah : ± 21 cm.
Umur panen : ± 45 hst....","100013364191442","Nrll Bintang Asia","https://scontent-lax3-2.xx.fbcdn.net/v/t39.30808-1/458447769_1998595423929245_3345542859681615678_n.jpg?stp=c0.153.922.922a_cp0_dst-jpg_s32x32&_nc_cat=107&ccb=1-7&_nc_sid=50d2ac&_nc_ohc=1Wu0EHwSLH4Q7kNvgGKuxvR&_nc_ht=scontent-lax3-2.xx&_nc_gid=ATTnBDiAJA_PcjqnN8_R8Sa&oh=00_AYDNFpY44TwG28mBJfI9M9YdyT1wPeKF_m85al1dz5oFlw&oe=66EADD05","https://www.facebook.com/nurul.hardianti.9237","Y29tbWVudDoyMDA1Nzc2NTE5ODc3ODAyXzEyNDIzNzgxMjY5NDE4MTY=","Juslan Ahmad Bismillah kk☺","1"
,,,,,"https://www.facebook.com/100013364191442/posts/2005776519877802?comment_id=8189844251096172",,"2024-09-13T06:59:53.000Z","2005776519877802","https://www.facebook.com/100013364191442/posts/2005776519877802","ZmVlZGJhY2s6MjAwNTc3NjUxOTg3NzgwMl84MTg5ODQ0MjUxMDk2MTcy","Y29tbWVudDoyMDA1Nzc2NTE5ODc3ODAyXzgxODk4NDQyNTEwOTYxNzI=","https://www.facebook.com/100013364191442/posts/2005776519877802","0","Mengenal Buncis Tewe Produksi PT Benih Citra Asia...

Buncis biji krem.
Warna buah : hijau keputihan.
Ukuran buah : ± 21 cm.
Umur panen : ± 45 hst....","100013364191442","Nrll Bintang Asia","https://scontent-atl3-1.xx.fbcdn.net/v/t39.30808-1/458447769_1998595423929245_3345542859681615678_n.jpg?stp=c0.153.922.922a_cp0_dst-jpg_s32x32&_nc_cat=107&ccb=1-7&_nc_sid=50d2ac&_nc_ohc=1Wu0EHwSLH4Q7kNvgG5zEJn&_nc_ht=scontent-atl3-1.xx&_nc_gid=AXl35_yeaJ0vTJtzHOzrRhC&oh=00_AYCWOfvRQisIe-H_Gum1OMYuIC_wzvw6dwMvTdX7O8cTpg&oe=66EADD05","https://www.facebook.com/nurul.hardianti.9237","Y29tbWVudDoyMDA1Nzc2NTE5ODc3ODAyXzM5NjIxMDAyOTkyNjQ1Nw==","Mulky Agro Indotani ☺","1"
,,,,,"https://www.facebook.com/100013364191442/posts/2005776519877802?comment_id=1065193084445103",,"2024-09-13T06:07:28.000Z","2005776519877802","https://www.facebook.com/100013364191442/posts/2005776519877802","ZmVlZGJhY2s6MjAwNTc3NjUxOTg3NzgwMl8xMDY1MTkzMDg0NDQ1MTAz","Y29tbWVudDoyMDA1Nzc2NTE5ODc3ODAyXzEwNjUxOTMwODQ0NDUxMDM=","https://www.facebook.com/100013364191442/posts/2005776519877802","1","Mengenal Buncis Tewe Produksi PT Benih Citra Asia...

Buncis biji krem.
Warna buah : hijau keputihan.
Ukuran buah : ± 21 cm.
Umur panen : ± 45 hst....","100013364191442","Nrll Bintang Asia","https://scontent.fpac2-2.fna.fbcdn.net/v/t39.30808-1/458447769_1998595423929245_3345542859681615678_n.jpg?stp=c0.153.922.922a_cp0_dst-jpg_s32x32&_nc_cat=107&ccb=1-7&_nc_sid=50d2ac&_nc_ohc=1Wu0EHwSLH4Q7kNvgEtt2iU&_nc_ht=scontent.fpac2-2.fna&_nc_gid=AhPJj5R7h7K8oZGr6MoqL-S&oh=00_AYCUDXPV7pjk6XVpkaYUlc9UmFS5J6_S2VqPHuD3O_aKxw&oe=66EADD05","https://www.facebook.com/nurul.hardianti.9237","Y29tbWVudDoyMDA1Nzc2NTE5ODc3ODAyXzEyNDMwNTE0NjM1MzQzMjQ=","Humairah Hamzah Racun kak Rica😭😄","1"
,,,,,"https://www.facebook.com/100013364191442/posts/2005776519877802?comment_id=368462316203672",,"2024-09-13T06:07:35.000Z","2005776519877802","https://www.facebook.com/100013364191442/posts/2005776519877802","ZmVlZGJhY2s6MjAwNTc3NjUxOTg3NzgwMl8zNjg0NjIzMTYyMDM2NzI=","Y29tbWVudDoyMDA1Nzc2NTE5ODc3ODAyXzM2ODQ2MjMxNjIwMzY3Mg==","https://www.facebook.com/100013364191442/posts/2005776519877802","0","Mengenal Buncis Tewe Produksi PT Benih Citra Asia...

Buncis biji krem.
Warna buah : hijau keputihan.
Ukuran buah : ± 21 cm.
Umur panen : ± 45 hst....","100013364191442","Nrll Bintang Asia","https://scontent.flhe3-1.fna.fbcdn.net/v/t39.30808-1/458447769_1998595423929245_3345542859681615678_n.jpg?stp=c0.153.922.922a_cp0_dst-jpg_s32x32&_nc_cat=107&ccb=1-7&_nc_sid=50d2ac&_nc_ohc=1Wu0EHwSLH4Q7kNvgG7k6ID&_nc_ht=scontent.flhe3-1.fna&oh=00_AYBA1NEK9KmrXdWtDdSJxyun8BoNvopBIQSoJ6f8p7IHmA&oe=66EADD05","https://www.facebook.com/nurul.hardianti.9237","Y29tbWVudDoyMDA1Nzc2NTE5ODc3ODAyXzM4MTU1OTk2OTIwOTE1MTY=","Syahrir Arfan Hehehe iyye pak","1"
,,,,,"https://www.facebook.com/100013364191442/posts/2005776519877802?comment_id=1965943740523121",,"2024-09-13T06:59:44.000Z","2005776519877802","https://www.facebook.com/100013364191442/posts/2005776519877802","ZmVlZGJhY2s6MjAwNTc3NjUxOTg3NzgwMl8xOTY1OTQzNzQwNTIzMTIx","Y29tbWVudDoyMDA1Nzc2NTE5ODc3ODAyXzE5NjU5NDM3NDA1MjMxMjE=","https://www.facebook.com/100013364191442/posts/2005776519877802","1","Mengenal Buncis Tewe Produksi PT Benih Citra Asia...

Buncis biji krem.
Warna buah : hijau keputihan.
Ukuran buah : ± 21 cm.
Umur panen : ± 45 hst....","100013364191442","Nrll Bintang Asia","https://scontent-hou1-1.xx.fbcdn.net/v/t39.30808-1/458447769_1998595423929245_3345542859681615678_n.jpg?stp=c0.153.922.922a_cp0_dst-jpg_s32x32&_nc_cat=107&ccb=1-7&_nc_sid=50d2ac&_nc_ohc=1Wu0EHwSLH4Q7kNvgFExJWu&_nc_ht=scontent-hou1-1.xx&_nc_gid=Au19n6XNRgzeWGZmFTQthn3&oh=00_AYDrNiF_Ib6QX9DvIZStZJOTqeBAC0bdBMt0ZAZBQGHxjg&oe=66EADD05","https://www.facebook.com/nurul.hardianti.9237","Y29tbWVudDoyMDA1Nzc2NTE5ODc3ODAyXzEyNDIzNzgxMjY5NDE4MTY=","Juslan Ahmad Bismillah kk☺","1"
,,,,,"https://www.facebook.com/100013364191442/posts/2005776519877802?comment_id=1065193084445103",,"2024-09-13T06:07:28.000Z","2005776519877802","https://www.facebook.com/100013364191442/posts/2005776519877802","ZmVlZGJhY2s6MjAwNTc3NjUxOTg3NzgwMl8xMDY1MTkzMDg0NDQ1MTAz","Y29tbWVudDoyMDA1Nzc2NTE5ODc3ODAyXzEwNjUxOTMwODQ0NDUxMDM=","https://www.facebook.com/100013364191442/posts/2005776519877802","1","Mengenal Buncis Tewe Produksi PT Benih Citra Asia...

Buncis biji krem.
Warna buah : hijau keputihan.
Ukuran buah : ± 21 cm.
Umur panen : ± 45 hst....","100013364191442","Nrll Bintang Asia","https://scontent-atl3-1.xx.fbcdn.net/v/t39.30808-1/458447769_1998595423929245_3345542859681615678_n.jpg?stp=c0.153.922.922a_cp0_dst-jpg_s32x32&_nc_cat=107&ccb=1-7&_nc_sid=50d2ac&_nc_ohc=1Wu0EHwSLH4Q7kNvgFjZqHs&_nc_ht=scontent-atl3-1.xx&_nc_gid=AGAqQotQtsKx_PQkIDNQUzi&oh=00_AYDKnEMxWXsn5GJkSYQ6sged4s1cdIDFQWcUCr3V_CMrzw&oe=66EADD05","https://www.facebook.com/nurul.hardianti.9237","Y29tbWVudDoyMDA1Nzc2NTE5ODc3ODAyXzEyNDMwNTE0NjM1MzQzMjQ=","Humairah Hamzah Racun kak Rica😭😄","1"
