﻿"commentUrl","commentsCount","date","facebookId","facebookUrl","feedbackId","id","inputUrl","likesCount","pageAdLibrary/id","pageAdLibrary/is_business_page_active","postTitle","profileId","profileName","profilePicture","profileUrl","replyToCommentId","text","threadingDepth"
"https://www.facebook.com/100004370253176/posts/2816072318548416?comment_id=1521245381819690","1","2024-09-17T03:37:04.000Z","2816072318548416","https://www.facebook.com/100004370253176/posts/2816072318548416","ZmVlZGJhY2s6MjgxNjA3MjMxODU0ODQxNl8xNTIxMjQ1MzgxODE5Njkw","Y29tbWVudDoyODE2MDcyMzE4NTQ4NDE2XzE1MjEyNDUzODE4MTk2OTA=","https://www.facebook.com/100004370253176/posts/2816072318548416","1","112652978585649","false","Mampir di toko² Area Toili
Untuk petani semangka benihnya sudah redy","100007578522755","Renzy Bintangasia","https://scontent-atl3-2.xx.fbcdn.net/v/t39.30808-1/426012403_3605728109689771_2277782955804277447_n.jpg?stp=cp0_dst-jpg_s32x32&_nc_cat=104&ccb=1-7&_nc_sid=50d2ac&_nc_ohc=V70ESvgEanEQ7kNvgG9WzoP&_nc_ht=scontent-atl3-2.xx&_nc_gid=APA4tfIPB94lM6rxOZwNJsV&oh=00_AYCvMZAPl2vx0ia19wBqwY2T9loqsbK_8lEqBTtnc_4WDw&oe=66F040C4","https://www.facebook.com/renzi.prayuda",,"Mantap om",
"https://www.facebook.com/100004370253176/posts/2816072318548416?comment_id=530352732870230",,"2024-09-17T05:40:24.000Z","2816072318548416","https://www.facebook.com/100004370253176/posts/2816072318548416","ZmVlZGJhY2s6MjgxNjA3MjMxODU0ODQxNl81MzAzNTI3MzI4NzAyMzA=","Y29tbWVudDoyODE2MDcyMzE4NTQ4NDE2XzUzMDM1MjczMjg3MDIzMA==","https://www.facebook.com/100004370253176/posts/2816072318548416","0","112652978585649","false","Mampir di toko² Area Toili
Untuk petani semangka benihnya sudah redy","100004370253176","Muhamad Cali Faiz Ahmad","https://scontent.fagc3-1.fna.fbcdn.net/v/t39.30808-1/456120459_2788136318008683_7418166726346064265_n.jpg?stp=cp0_dst-jpg_s32x32&_nc_cat=108&ccb=1-7&_nc_sid=50d2ac&_nc_ohc=Kq7ap1xS2qgQ7kNvgH8EgiR&_nc_ht=scontent.fagc3-1.fna&_nc_gid=AvJ3CJE5dxCPi6bHL-XBM5u&oh=00_AYAdj_OUnfgUNthjup-6-2Ao5tXptr87GHbHhy5iJyIZXg&oe=66F048ED","https://www.facebook.com/muhamad.cali.98","Y29tbWVudDoyODE2MDcyMzE4NTQ4NDE2XzE1MjEyNDUzODE4MTk2OTA=","Renzy Bintangasia gasss Om","1"
