﻿"attachments/0/__typename","attachments/0/animated_image","attachments/0/animated_image/uri","attachments/0/frame_count","attachments/0/frame_rate","attachments/0/frames_per_column","attachments/0/frames_per_row","attachments/0/id","attachments/0/image/height","attachments/0/image/uri","attachments/0/image/width","attachments/0/label","attachments/0/pack/id","attachments/0/pack/name","attachments/0/sprite_image","attachments/0/sprite_image/uri","attachments/0/target/__typename","attachments/0/target/id","attachments/0/target/matching_quantity","attachments/0/target/spark_quantity","attachments/0/target/stars_image_on_star_quantity","attachments/0/target/virtual_gift","attachments/0/target/virtual_gift_type/__typename","attachments/0/target/virtual_gift_type/gift_animated_image","attachments/0/target/virtual_gift_type/gift_image","attachments/0/target/virtual_gift_type/gift_keyframe_asset_name","attachments/0/target/virtual_gift_type/gift_keyframe_asset_url","attachments/0/target/virtual_gift_type/id","commentUrl","comments/0/attachments/0/__typename","comments/0/attachments/0/animated_image/uri","comments/0/attachments/0/frame_count","comments/0/attachments/0/frame_rate","comments/0/attachments/0/frames_per_column","comments/0/attachments/0/frames_per_row","comments/0/attachments/0/id","comments/0/attachments/0/image/height","comments/0/attachments/0/image/uri","comments/0/attachments/0/image/width","comments/0/attachments/0/label","comments/0/attachments/0/pack/id","comments/0/attachments/0/pack/name","comments/0/attachments/0/sprite_image/uri","comments/0/commentUrl","comments/0/commentsCount","comments/0/date","comments/0/feedbackId","comments/0/id","comments/0/likesCount","comments/0/parentComment/author/__typename","comments/0/parentComment/author/id","comments/0/parentComment/author/name","comments/0/parentComment/author/short_name","comments/0/parentComment/id","comments/0/profileId","comments/0/profileName","comments/0/profilePicture","comments/0/profileUrl","comments/0/replyToCommentId","comments/0/text","comments/0/threadingDepth","comments/1/commentUrl","comments/1/date","comments/1/feedbackId","comments/1/id","comments/1/likesCount","comments/1/parentComment/author/__typename","comments/1/parentComment/author/id","comments/1/parentComment/author/name","comments/1/parentComment/author/short_name","comments/1/parentComment/id","comments/1/profileId","comments/1/profileName","comments/1/profilePicture","comments/1/profileUrl","comments/1/replyToCommentId","comments/1/text","comments/1/threadingDepth","commentsCount","date","facebookId","facebookUrl","feedbackId","id","inputUrl","likesCount","pageAdLibrary/id","pageAdLibrary/is_business_page_active","pageAdLibrary/woodhenge_creator_info","parentComment/author/__typename","parentComment/author/id","parentComment/author/name","parentComment/author/short_name","parentComment/id","postTitle","profileId","profileName","profilePicture","profileUrl","replyToCommentId","text","threadingDepth"
,,,,,,,,,,,,,,,,,,,,,,,,,,,,"https://www.facebook.com/nasir.smk2/posts/pfbid02haapszW9biqH9Te5pEuotvQ9bAejubMLChiQKLKp7mpqfqzbByNmqZTPCyGNEoy2l?comment_id=550464127506332",,,,,,,,,,,,,,,,,,,,,,,,,,,,,,,,,,,,,,,,,,,,,,,,,,,"2024-09-28T01:48:02.000Z","8464980950227755","https://www.facebook.com/100001478012460/posts/8464980950227755","ZmVlZGJhY2s6ODQ2NDk4MDk1MDIyNzc1NV81NTA0NjQxMjc1MDYzMzI=","Y29tbWVudDo4NDY0OTgwOTUwMjI3NzU1XzU1MDQ2NDEyNzUwNjMzMg==","https://www.facebook.com/100001478012460/posts/8464980950227755","0","101545116123704","false",,,,,,,"OKASA. PakDe Eko . Yospiqmi Rizal Bintang Asia . Tuntutan Kesuma .","100071052533042","Pur Abu Riziq","https://scontent-sjc3-1.xx.fbcdn.net/v/t39.30808-1/326337306_1357754875079978_8284907120903716413_n.jpg?stp=cp0_dst-jpg_s32x32&_nc_cat=100&ccb=1-7&_nc_sid=50d2ac&_nc_ohc=kpGgZHjcLUgQ7kNvgEzOMuy&_nc_ht=scontent-sjc3-1.xx&oh=00_AYB4mQmaoHvmWGfxKNVrYT00Qstlfb4IRZpSoQCfANCB3w&oe=66FFDB93","https://www.facebook.com/people/Pur-Abu-Riziq/100071052533042/",,"Joz boz","0"
,,,,,,,,,,,,,,,,,,,,,,,,,,,,"https://www.facebook.com/nasir.smk2/posts/pfbid02LXcbgvvib8iQgNypk5XYJ2TKLVL91HZP1i3VNB1WaS48AyHqnnrGHwC1g7ytdzkkl?comment_id=1181259082930760",,,,,,,,,,,,,,,,,,,,,,,,,,,,,,,,,,,,,,,,,,,,,,,,,,,"2024-09-25T10:51:30.000Z","8444730672252783","https://www.facebook.com/100001478012460/posts/8444730672252783","ZmVlZGJhY2s6ODQ0NDczMDY3MjI1Mjc4M18xMTgxMjU5MDgyOTMwNzYw","Y29tbWVudDo4NDQ0NzMwNjcyMjUyNzgzXzExODEyNTkwODI5MzA3NjA=","https://www.facebook.com/100001478012460/posts/8444730672252783","0","261237703739109","false",,,,,,,"OKASA F1

Rock Melon cantaloupe hibrida.
Bentuk buah : bulat oval.
Warna daging : oranye,
Berat buah : ± 3 kg/buah.
Umur panen : ± 60 hst.
Potensi hasil : ± 25 ton/ha.
Adaptasi utama di dataran rendah.
Rasa sangat manis.

#suksesbersamaBintangasia
#melonokasaF1
@sorotan 
pengikut 
Bintang Asia 
Benih Citra Asia","100007578522755","Renzy Bintangasia","https://scontent.fppy1-1.fna.fbcdn.net/v/t39.30808-1/426012403_3605728109689771_2277782955804277447_n.jpg?stp=cp0_dst-jpg_s32x32&_nc_cat=104&ccb=1-7&_nc_sid=50d2ac&_nc_ohc=Dk2tR_uNxVUQ7kNvgECFI8q&_nc_ht=scontent.fppy1-1.fna&_nc_gid=AYlQE0xuaQR7lgdebQdS0iz&oh=00_AYDFKIiDP5uxAcUb_cZaTvLU2pylaS-MYcqc8S4GFFNIAw&oe=66FFDA84","https://www.facebook.com/renzi.prayuda",,"Mantap","0"
,,,,,,,,,,,,,,,,,,,,,,,,,,,,"https://www.facebook.com/nasir.smk2/posts/pfbid02LXcbgvvib8iQgNypk5XYJ2TKLVL91HZP1i3VNB1WaS48AyHqnnrGHwC1g7ytdzkkl?comment_id=1077919173680568",,,,,,,,,,,,,,,,,,,,,,,,,,,,,,,,,,,,,,,,,,,,,,,,,,,"2024-09-25T10:36:45.000Z","8444730672252783","https://www.facebook.com/100001478012460/posts/8444730672252783","ZmVlZGJhY2s6ODQ0NDczMDY3MjI1Mjc4M18xMDc3OTE5MTczNjgwNTY4","Y29tbWVudDo4NDQ0NzMwNjcyMjUyNzgzXzEwNzc5MTkxNzM2ODA1Njg=","https://www.facebook.com/100001478012460/posts/8444730672252783","0","261237703739109","false",,,,,,,"OKASA F1

Rock Melon cantaloupe hibrida.
Bentuk buah : bulat oval.
Warna daging : oranye,
Berat buah : ± 3 kg/buah.
Umur panen : ± 60 hst.
Potensi hasil : ± 25 ton/ha.
Adaptasi utama di dataran rendah.
Rasa sangat manis.

#suksesbersamaBintangasia
#melonokasaF1
@sorotan 
pengikut 
Bintang Asia 
Benih Citra Asia","pfbid0VzcdxCX2mkuXAQNvBFzaor8UJv7ucdw2AGyg6pqCiUt691Fy3pVDh1jQ9YECovbtl","Fany Sigit Putra Pratama","https://scontent.fppy1-1.fna.fbcdn.net/v/t39.30808-1/460844118_1055284069646724_4492061169597901075_n.jpg?stp=cp0_dst-jpg_s32x32&_nc_cat=106&ccb=1-7&_nc_sid=0ecb9b&_nc_ohc=WwDnOYUzeeEQ7kNvgEJrFhJ&_nc_ht=scontent.fppy1-1.fna&_nc_gid=AYlQE0xuaQR7lgdebQdS0iz&oh=00_AYDc2lfj07o8y7X2L7V_ZMQB8OIeDQJ7MjdQQugPVS_OLA&oe=66FFEE27","https://www.facebook.com/farisfany.sigitputrapratama",,"Alamat mana ini pak","0"
,,,,,,,,,,,,,,,,,,,,,,,,,,,,"https://www.facebook.com/nasir.smk2/posts/pfbid02LXcbgvvib8iQgNypk5XYJ2TKLVL91HZP1i3VNB1WaS48AyHqnnrGHwC1g7ytdzkkl?comment_id=1192523708647292",,,,,,,,,,,,,,,,,,,,,,,,,,,,,,,,,,,,,,,,,,,,,,,,,,,"2024-09-25T11:00:24.000Z","8444730672252783","https://www.facebook.com/100001478012460/posts/8444730672252783","ZmVlZGJhY2s6ODQ0NDczMDY3MjI1Mjc4M18xMTkyNTIzNzA4NjQ3Mjky","Y29tbWVudDo4NDQ0NzMwNjcyMjUyNzgzXzExOTI1MjM3MDg2NDcyOTI=","https://www.facebook.com/100001478012460/posts/8444730672252783","0","261237703739109","false",,,,,,,"OKASA F1

Rock Melon cantaloupe hibrida.
Bentuk buah : bulat oval.
Warna daging : oranye,
Berat buah : ± 3 kg/buah.
Umur panen : ± 60 hst.
Potensi hasil : ± 25 ton/ha.
Adaptasi utama di dataran rendah.
Rasa sangat manis.

#suksesbersamaBintangasia
#melonokasaF1
@sorotan 
pengikut 
Bintang Asia 
Benih Citra Asia","100023805965584","Ary Petir","https://scontent.fppy1-1.fna.fbcdn.net/v/t39.30808-1/263164402_1093235008146688_4229753652386183438_n.jpg?stp=cp0_dst-jpg_s32x32&_nc_cat=104&ccb=1-7&_nc_sid=50d2ac&_nc_ohc=idJJwHFJD7AQ7kNvgGxuYMi&_nc_ht=scontent.fppy1-1.fna&_nc_gid=AYlQE0xuaQR7lgdebQdS0iz&oh=00_AYD13xT4r23BeKMBejvC0DfERmsrPsaauYexIUCRWFLGgQ&oe=66FFD91B",,,"Merlin enek ora bos","0"
,,,,,,,,,,,,,,,,,,,,,,,,,,,,"https://www.facebook.com/reel/1470290380294734/?comment_id=830323349309357",,,,,,,,,,,,,,,"https://www.facebook.com/reel/1470290380294734/?comment_id=830323349309357&reply_comment_id=1315343916095038",,"2024-09-27T00:52:02.000Z","ZmVlZGJhY2s6ODQ1OTA0MDQxNzQ4ODQ3NV8xMzE1MzQzOTE2MDk1MDM4","Y29tbWVudDo4NDU5MDQwNDE3NDg4NDc1XzEzMTUzNDM5MTYwOTUwMzg=","0","User","100007578522755","Renzy Bintangasia","Renzy","Y29tbWVudDo4NDU5MDQwNDE3NDg4NDc1XzgzMDMyMzM0OTMwOTM1Nw==","100001478012460","Nasir Bintang Asia","https://scontent.fbel10-1.fna.fbcdn.net/v/t39.30808-1/374566524_6652285924830609_4550832743895994737_n.jpg?stp=cp0_dst-jpg_s32x32&_nc_cat=110&ccb=1-7&_nc_sid=50d2ac&_nc_ohc=XvRdrdDtVfAQ7kNvgEn7GaJ&_nc_ht=scontent.fbel10-1.fna&_nc_gid=A26zX4NCu3_dMPil-9z7Zw-&oh=00_AYCrc3gUvUSrNWlHx7HdxqD4fQPJdJIyK9cvhL3Jh0wwRQ&oe=66FFCB49","https://www.facebook.com/nasir.smk2","Y29tbWVudDo4NDU5MDQwNDE3NDg4NDc1XzgzMDMyMzM0OTMwOTM1Nw==","Renzy Bintangasia belajar mase","1",,,,,,,,,,,,,,,,,,"1","2024-09-27T00:04:10.000Z","8459040417488475","https://www.facebook.com/100001478012460/posts/8459040417488475","ZmVlZGJhY2s6ODQ1OTA0MDQxNzQ4ODQ3NV84MzAzMjMzNDkzMDkzNTc=","Y29tbWVudDo4NDU5MDQwNDE3NDg4NDc1XzgzMDMyMzM0OTMwOTM1Nw==","https://www.facebook.com/100001478012460/posts/8459040417488475","0","113420435192600",,,,,,,,"Gambas/Oyong Bareta F1 masih bisa perform dikondisi vegetatif hampir mati dan kekurangan air. #petani #benihcitraasia #bintangasia #oyong. Diar · Unity Slow","100007578522755","Renzy Bintangasia","https://scontent.fbel10-1.fna.fbcdn.net/v/t39.30808-1/426012403_3605728109689771_2277782955804277447_n.jpg?stp=cp0_dst-jpg_s32x32&_nc_cat=104&ccb=1-7&_nc_sid=50d2ac&_nc_ohc=Dk2tR_uNxVUQ7kNvgGZN0UY&_nc_ht=scontent.fbel10-1.fna&_nc_gid=A26zX4NCu3_dMPil-9z7Zw-&oh=00_AYAE6SSTloBREGyV0qGlKzPHd4KRAAXeHZuaONuzKE5Whg&oe=66FFDA84","https://www.facebook.com/renzi.prayuda",,"Mantap","0"
,,,,,,,,,,,,,,,,,,,,,,,,,,,,"https://www.facebook.com/reel/1470290380294734/?comment_id=8057213601055930",,,,,,,,,,,,,,,"https://www.facebook.com/reel/1470290380294734/?comment_id=8057213601055930&reply_comment_id=1080297440176432",,"2024-09-27T00:51:48.000Z","ZmVlZGJhY2s6ODQ1OTA0MDQxNzQ4ODQ3NV8xMDgwMjk3NDQwMTc2NDMy","Y29tbWVudDo4NDU5MDQwNDE3NDg4NDc1XzEwODAyOTc0NDAxNzY0MzI=","0","User","100000717205339","Iskandar Pasha","Iskandar","Y29tbWVudDo4NDU5MDQwNDE3NDg4NDc1XzgwNTcyMTM2MDEwNTU5MzA=","100001478012460","Nasir Bintang Asia","https://scontent.fbel10-1.fna.fbcdn.net/v/t39.30808-1/374566524_6652285924830609_4550832743895994737_n.jpg?stp=cp0_dst-jpg_s32x32&_nc_cat=110&ccb=1-7&_nc_sid=50d2ac&_nc_ohc=XvRdrdDtVfAQ7kNvgEn7GaJ&_nc_ht=scontent.fbel10-1.fna&_nc_gid=A26zX4NCu3_dMPil-9z7Zw-&oh=00_AYCrc3gUvUSrNWlHx7HdxqD4fQPJdJIyK9cvhL3Jh0wwRQ&oe=66FFCB49","https://www.facebook.com/nasir.smk2","Y29tbWVudDo4NDU5MDQwNDE3NDg4NDc1XzgwNTcyMTM2MDEwNTU5MzA=","Iskandar Pasha Siap Ndan","1",,,,,,,,,,,,,,,,,,"1","2024-09-27T00:06:55.000Z","8459040417488475","https://www.facebook.com/100001478012460/posts/8459040417488475","ZmVlZGJhY2s6ODQ1OTA0MDQxNzQ4ODQ3NV84MDU3MjEzNjAxMDU1OTMw","Y29tbWVudDo4NDU5MDQwNDE3NDg4NDc1XzgwNTcyMTM2MDEwNTU5MzA=","https://www.facebook.com/100001478012460/posts/8459040417488475","0","113420435192600",,,,,,,,"Gambas/Oyong Bareta F1 masih bisa perform dikondisi vegetatif hampir mati dan kekurangan air. #petani #benihcitraasia #bintangasia #oyong. Diar · Unity Slow","100000717205339","Iskandar Pasha","https://scontent.fbel10-1.fna.fbcdn.net/v/t39.30808-1/423674968_7488597597840739_5772622095306795147_n.jpg?stp=cp0_dst-jpg_s32x32&_nc_cat=109&ccb=1-7&_nc_sid=50d2ac&_nc_ohc=YR1X9QLpvvYQ7kNvgF7yo9O&_nc_ht=scontent.fbel10-1.fna&_nc_gid=A26zX4NCu3_dMPil-9z7Zw-&oh=00_AYDvublzDM4tyxdhFUZC0B5QMzaguA7RZmsyRJKsBxoS1Q&oe=66FFC615","https://www.facebook.com/iskandar.baiquni",,"Hanoman mo😂🔥","0"
"Sticker",,,"1","83","1","1","1000519493737088","80","https://scontent.fbel10-1.fna.fbcdn.net/v/t39.1997-6/105258811_1000519497070421_1877687988442182543_n.png?stp=cp0_dst-png_s110x80&_nc_cat=1&ccb=1-7&_nc_sid=23dd7b&_nc_ohc=1R0DvCT_WhIQ7kNvgGEUggK&_nc_ht=scontent.fbel10-1.fna&_nc_gid=A26zX4NCu3_dMPil-9z7Zw-&oh=00_AYB-KQ0gayDj8BJejbzhhF6d4N-giDmxPEC8WAb3qwmLbw&oe=66FFE1AB","80","a outstretched arm with a thumbs up. on the arm is written 'great' in indonesian","1000303507092020","Stories Stickers in Feed",,,,,,,,,,,,,,,"https://www.facebook.com/reel/1470290380294734/?comment_id=448702264878775","Sticker","https://scontent.fbel10-1.fna.fbcdn.net/v/t39.1997-6/47055694_1834508303314720_643166924464717824_n.webp?stp=dst-webp_s110x80&_nc_cat=1&ccb=1-7&_nc_sid=ba09c1&_nc_ohc=oQQUQMixgAoQ7kNvgHNKZO-&_nc_ht=scontent.fbel10-1.fna&_nc_gid=A26zX4NCu3_dMPil-9z7Zw-&oh=00_AYDX16ubq9RkgYsuyxinO4AiWqm2DFGAh8k5mUZaJi0FKg&oe=66FFF409","12","83","3","4","1193278434104380","80","https://scontent.fbel10-1.fna.fbcdn.net/v/t39.1997-6/47614232_1846683475430536_3135922765756891136_n.png?stp=cp0_dst-png_s110x80&_nc_cat=1&ccb=1-7&_nc_sid=23dd7b&_nc_ohc=oUm8IG8PuXcQ7kNvgEJ3419&_nc_ht=scontent.fbel10-1.fna&_nc_gid=A26zX4NCu3_dMPil-9z7Zw-&oh=00_AYCDHiwUyn8LxaaDZS4UVI9ii-00InvJDZ1zyYsUQgN_sg&oe=66FFC723","80","Thumbs Up, girl giving thumbs up","1193273174104906","Noo-Hin","https://scontent.fbel10-1.fna.fbcdn.net/v/t39.1997-6/47472862_1846683478763869_5271603212267290624_n.png?stp=dst-png_p240x240&_nc_cat=1&ccb=1-7&_nc_sid=ba09c1&_nc_ohc=3AtgDmUfdJwQ7kNvgG7R9BG&_nc_ht=scontent.fbel10-1.fna&_nc_gid=A26zX4NCu3_dMPil-9z7Zw-&oh=00_AYBk96fNW25BYxKeP5srOf6Z2uHo2_MdCp80lmToHy1ZKg&oe=66FFE0BE","https://www.facebook.com/reel/1470290380294734/?comment_id=448702264878775&reply_comment_id=884424823613956",,"2024-09-27T00:51:34.000Z","ZmVlZGJhY2s6ODQ1OTA0MDQxNzQ4ODQ3NV84ODQ0MjQ4MjM2MTM5NTY=","Y29tbWVudDo4NDU5MDQwNDE3NDg4NDc1Xzg4NDQyNDgyMzYxMzk1Ng==","0","User","100054873674004","Bintang Asia Sumbagsel","Bintang","Y29tbWVudDo4NDU5MDQwNDE3NDg4NDc1XzQ0ODcwMjI2NDg3ODc3NQ==","100001478012460","Nasir Bintang Asia","https://scontent.fbel10-1.fna.fbcdn.net/v/t39.30808-1/374566524_6652285924830609_4550832743895994737_n.jpg?stp=cp0_dst-jpg_s32x32&_nc_cat=110&ccb=1-7&_nc_sid=50d2ac&_nc_ohc=XvRdrdDtVfAQ7kNvgEn7GaJ&_nc_ht=scontent.fbel10-1.fna&_nc_gid=A26zX4NCu3_dMPil-9z7Zw-&oh=00_AYCrc3gUvUSrNWlHx7HdxqD4fQPJdJIyK9cvhL3Jh0wwRQ&oe=66FFCB49","https://www.facebook.com/nasir.smk2","Y29tbWVudDo4NDU5MDQwNDE3NDg4NDc1XzQ0ODcwMjI2NDg3ODc3NQ==","Bintang Asia Sumbagsel","1",,,,,,,,,,,,,,,,,,"1","2024-09-27T00:28:24.000Z","8459040417488475","https://www.facebook.com/100001478012460/posts/8459040417488475","ZmVlZGJhY2s6ODQ1OTA0MDQxNzQ4ODQ3NV80NDg3MDIyNjQ4Nzg3NzU=","Y29tbWVudDo4NDU5MDQwNDE3NDg4NDc1XzQ0ODcwMjI2NDg3ODc3NQ==","https://www.facebook.com/100001478012460/posts/8459040417488475","0","113420435192600",,,,,,,,"Gambas/Oyong Bareta F1 masih bisa perform dikondisi vegetatif hampir mati dan kekurangan air. #petani #benihcitraasia #bintangasia #oyong. Diar · Unity Slow","100054873674004","Bintang Asia Sumbagsel","https://scontent.fbel10-1.fna.fbcdn.net/v/t39.30808-1/433036366_937672538071860_589780860167365947_n.jpg?stp=cp0_dst-jpg_s32x32&_nc_cat=106&ccb=1-7&_nc_sid=50d2ac&_nc_ohc=rfuKYaRNKiUQ7kNvgG-cW8s&_nc_ht=scontent.fbel10-1.fna&_nc_gid=A26zX4NCu3_dMPil-9z7Zw-&oh=00_AYAzhpwKUZzn8RIfSE_Rhv5gLHmdtd_Fy_m-S5L7l-dxIg&oe=66FFDCF9","https://www.facebook.com/@bintang.a.jambi/",,,"0"
,,,,,,,,,,,,,,,,,,,,,,,,,,,,"https://www.facebook.com/reel/980323790530787/?comment_id=1068306605024737",,,,,,,,,,,,,,,"https://www.facebook.com/reel/980323790530787/?comment_id=1068306605024737&reply_comment_id=835017145465864","1","2024-09-29T14:21:27.000Z","ZmVlZGJhY2s6ODQ4NTAzMTc0NDg4OTM0Ml84MzUwMTcxNDU0NjU4NjQ=","Y29tbWVudDo4NDg1MDMxNzQ0ODg5MzQyXzgzNTAxNzE0NTQ2NTg2NA==","0","User","pfbid02FxTDg652LyoB5cpAkoVVGtjKckM5XHcUF8Fi9zDCh2WZhSp1ktSgWrjpG8qyTPYcl","Putry Sulung","Putry","Y29tbWVudDo4NDg1MDMxNzQ0ODg5MzQyXzEwNjgzMDY2MDUwMjQ3Mzc=","100001478012460","Nasir Bintang Asia","https://scontent.fcgr5-1.fna.fbcdn.net/v/t39.30808-1/374566524_6652285924830609_4550832743895994737_n.jpg?stp=cp0_dst-jpg_s32x32&_nc_cat=110&ccb=1-7&_nc_sid=50d2ac&_nc_ohc=XvRdrdDtVfAQ7kNvgE9fDW5&_nc_ht=scontent.fcgr5-1.fna&_nc_gid=AX9_d8WnynH6i_od09qxqMA&oh=00_AYBLJJOmDkWoU3XJAVwvi7exPiZIvkfkEKAYylgTSYmrhQ&oe=66FFCB49","https://www.facebook.com/nasir.smk2","Y29tbWVudDo4NDg1MDMxNzQ0ODg5MzQyXzEwNjgzMDY2MDUwMjQ3Mzc=","Putry Sulung podo wae neknu","1","https://www.facebook.com/reel/980323790530787/?comment_id=1068306605024737&reply_comment_id=1674174133431979","2024-09-29T14:22:10.000Z","ZmVlZGJhY2s6ODQ4NTAzMTc0NDg4OTM0Ml8xNjc0MTc0MTMzNDMxOTc5","Y29tbWVudDo4NDg1MDMxNzQ0ODg5MzQyXzE2NzQxNzQxMzM0MzE5Nzk=","0","User","pfbid02FxTDg652LyoB5cpAkoVVGtjKckM5XHcUF8Fi9zDCh2WZhSp1ktSgWrjpG8qyTPYcl","Putry Sulung","Putry","Y29tbWVudDo4NDg1MDMxNzQ0ODg5MzQyXzEwNjgzMDY2MDUwMjQ3Mzc=","pfbid02FxTDg652LyoB5cpAkoVVGtjKckM5XHcUF8Fi9zDCh2WZhSp1ktSgWrjpG8qyTPYcl","Putry Sulung","https://scontent.fcgr5-1.fna.fbcdn.net/v/t39.30808-1/427987797_1057691465494451_1716052210645449234_n.jpg?stp=cp0_dst-jpg_s32x32&_nc_cat=111&ccb=1-7&_nc_sid=0ecb9b&_nc_ohc=MpE8aW6ML9cQ7kNvgGPtLjJ&_nc_ht=scontent.fcgr5-1.fna&_nc_gid=AX9_d8WnynH6i_od09qxqMA&oh=00_AYBzf3X4mC4c_IiN_jqBnSt7XAZbDaLwv00YNymFkSQKCw&oe=66FFCA26","https://www.facebook.com/people/Putry-Sulung/pfbid02FxTDg652LyoB5cpAkoVVGtjKckM5XHcUF8Fi9zDCh2WZhSp1ktSgWrjpG8qyTPYcl/","Y29tbWVudDo4NDg1MDMxNzQ0ODg5MzQyXzEwNjgzMDY2MDUwMjQ3Mzc=","Nasir Bintang Asia Iyo de, 5rb meh sekilo","2","2","2024-09-29T14:19:19.000Z","8485031744889342","https://www.facebook.com/100001478012460/posts/8485031744889342","ZmVlZGJhY2s6ODQ4NTAzMTc0NDg4OTM0Ml8xMDY4MzA2NjA1MDI0NzM3","Y29tbWVudDo4NDg1MDMxNzQ0ODg5MzQyXzEwNjgzMDY2MDUwMjQ3Mzc=","https://www.facebook.com/100001478012460/posts/8485031744889342","0","113420435192600",,,,,,,,"Terong Bungo memasuki masa panen semoga harga dan produksinya bagus.  #terong #benihcitraasia #bintangasia #farmer #petani #indonesia. RAWI BEAT · Calm Down","pfbid02FxTDg652LyoB5cpAkoVVGtjKckM5XHcUF8Fi9zDCh2WZhSp1ktSgWrjpG8qyTPYcl","Putry Sulung","https://scontent.fcgr5-1.fna.fbcdn.net/v/t39.30808-1/427987797_1057691465494451_1716052210645449234_n.jpg?stp=cp0_dst-jpg_s32x32&_nc_cat=111&ccb=1-7&_nc_sid=0ecb9b&_nc_ohc=MpE8aW6ML9cQ7kNvgGPtLjJ&_nc_ht=scontent.fcgr5-1.fna&_nc_gid=AX9_d8WnynH6i_od09qxqMA&oh=00_AYBzf3X4mC4c_IiN_jqBnSt7XAZbDaLwv00YNymFkSQKCw&oe=66FFCA26","https://www.facebook.com/people/Putry-Sulung/pfbid02FxTDg652LyoB5cpAkoVVGtjKckM5XHcUF8Fi9zDCh2WZhSp1ktSgWrjpG8qyTPYcl/",,"Nangkene gek murah pakde","0"
,,,,,,,,,,,,,,,,,,,,,,,,,,,,"https://www.facebook.com/reel/980323790530787/?comment_id=1202236954346324",,,,,,,,,,,,,,,,,,,,,,,,,,,,,,,,,,,,,,,,,,,,,,,,,,,"2024-09-29T22:27:15.000Z","8485031744889342","https://www.facebook.com/100001478012460/posts/8485031744889342","ZmVlZGJhY2s6ODQ4NTAzMTc0NDg4OTM0Ml8xMjAyMjM2OTU0MzQ2MzI0","Y29tbWVudDo4NDg1MDMxNzQ0ODg5MzQyXzEyMDIyMzY5NTQzNDYzMjQ=","https://www.facebook.com/100001478012460/posts/8485031744889342","0","113420435192600",,,,,,,,"Terong Bungo memasuki masa panen semoga harga dan produksinya bagus.  #terong #benihcitraasia #bintangasia #farmer #petani #indonesia. RAWI BEAT · Calm Down","100007578522755","Renzy Bintangasia","https://scontent.fcgr5-1.fna.fbcdn.net/v/t39.30808-1/426012403_3605728109689771_2277782955804277447_n.jpg?stp=cp0_dst-jpg_s32x32&_nc_cat=104&ccb=1-7&_nc_sid=50d2ac&_nc_ohc=Dk2tR_uNxVUQ7kNvgG7cELc&_nc_ht=scontent.fcgr5-1.fna&_nc_gid=AX9_d8WnynH6i_od09qxqMA&oh=00_AYAlf5dHLluKxHIIpFAxLBNpSEQOynLHVkOBk8v-GK5mdA&oe=66FFDA84","https://www.facebook.com/renzi.prayuda",,"Mantapp","0"
,,,,,,,,,,,,,,,,,,,,,,,,,,,,"https://www.facebook.com/reel/980323790530787/?comment_id=3472752633020999",,,,,,,,,,,,,,,,,,,,,,,,,,,,,,,,,,,,,,,,,,,,,,,,,,,"2024-09-29T15:14:23.000Z","8485031744889342","https://www.facebook.com/100001478012460/posts/8485031744889342","ZmVlZGJhY2s6ODQ4NTAzMTc0NDg4OTM0Ml8zNDcyNzUyNjMzMDIwOTk5","Y29tbWVudDo4NDg1MDMxNzQ0ODg5MzQyXzM0NzI3NTI2MzMwMjA5OTk=","https://www.facebook.com/100001478012460/posts/8485031744889342","0","113420435192600",,,,,,,,"Terong Bungo memasuki masa panen semoga harga dan produksinya bagus.  #terong #benihcitraasia #bintangasia #farmer #petani #indonesia. RAWI BEAT · Calm Down","pfbid0Bbddx8kvbrL6sqfDwWJgQbUkkXwfps1RtX7kKEo6TQ3uDNY4aVDtXNoAdZeWEx2vl","Mas Tomat","https://scontent.fcgr5-1.fna.fbcdn.net/v/t1.6435-1/64615661_150980366039225_7063539713633681408_n.jpg?stp=cp0_dst-jpg_s32x32&_nc_cat=108&ccb=1-7&_nc_sid=0ecb9b&_nc_ohc=G3rZ3JuF_xwQ7kNvgHrRyTm&_nc_ht=scontent.fcgr5-1.fna&_nc_gid=AX9_d8WnynH6i_od09qxqMA&oh=00_AYBIVUUNX-p78ZIk3lDKNL399uHl4eUigjWvyvgHqiz4Uw&oe=6721777D","https://www.facebook.com/mas.tomat.94",,"Benih semangka,merek gonjales berapa bos 1bungkuz","0"
,,,,,,,,,,,,,,,,"VideoTipJarPayment","980580710505095","0","1","https://static.xx.fbcdn.net/rsrc.php/v3/yN/r/z6visRJQXR_.png",,"StarsVirtualGiftBaseType",,"/images/assets_DO_NOT_HARDCODE/user_pay_stars_virtual_gifts/Community-Unification-Default-Tier1-Thoughtful-Testing-Static.png","Community-Unification-Default-T1-Thoughtful-bottomsheet-testing-animation","https://static.xx.fbcdn.net/rsrc.php/y6/r/qfD07Iv6r-5.kf","1414980765966032","https://www.facebook.com/reel/980323790530787/?comment_id=581112201110094",,,,,,,,,,,,,,,,,,,,,,,,,,,,,,,,,,,,,,,,,,,,,,,,,,,"2024-09-29T22:27:22.000Z","8485031744889342","https://www.facebook.com/100001478012460/posts/8485031744889342","ZmVlZGJhY2s6ODQ4NTAzMTc0NDg4OTM0Ml81ODExMTIyMDExMTAwOTQ=","Y29tbWVudDo4NDg1MDMxNzQ0ODg5MzQyXzU4MTExMjIwMTExMDA5NA==","https://www.facebook.com/100001478012460/posts/8485031744889342","0","113420435192600",,,,,,,,"Terong Bungo memasuki masa panen semoga harga dan produksinya bagus.  #terong #benihcitraasia #bintangasia #farmer #petani #indonesia. RAWI BEAT · Calm Down","100007578522755","Renzy Bintangasia","https://scontent.fcgr5-1.fna.fbcdn.net/v/t39.30808-1/426012403_3605728109689771_2277782955804277447_n.jpg?stp=cp0_dst-jpg_s32x32&_nc_cat=104&ccb=1-7&_nc_sid=50d2ac&_nc_ohc=Dk2tR_uNxVUQ7kNvgG7cELc&_nc_ht=scontent.fcgr5-1.fna&_nc_gid=AX9_d8WnynH6i_od09qxqMA&oh=00_AYAlf5dHLluKxHIIpFAxLBNpSEQOynLHVkOBk8v-GK5mdA&oe=66FFDA84","https://www.facebook.com/renzi.prayuda",,,"0"
,,,,,,,,,,,,,,,,,,,,,,,,,,,,"https://www.facebook.com/reel/980323790530787/?comment_id=427682796592396",,,,,,,,,,,,,,,,,,,,,,,,,,,,,,,,,,,,,,,,,,,,,,,,,,,"2024-09-30T00:40:29.000Z","8485031744889342","https://www.facebook.com/100001478012460/posts/8485031744889342","ZmVlZGJhY2s6ODQ4NTAzMTc0NDg4OTM0Ml80Mjc2ODI3OTY1OTIzOTY=","Y29tbWVudDo4NDg1MDMxNzQ0ODg5MzQyXzQyNzY4Mjc5NjU5MjM5Ng==","https://www.facebook.com/100001478012460/posts/8485031744889342","0","113420435192600",,,,,,,,"Terong Bungo memasuki masa panen semoga harga dan produksinya bagus.  #terong #benihcitraasia #bintangasia #farmer #petani #indonesia. RAWI BEAT · Calm Down","pfbid0MeGVn8dTcfJwfJ8Y9Sc9karKEk8x1pyBoWChTGDbQ9zK9ADfFKc7urXTWXzLRG3ql","Yungqi Firdaus","https://scontent.fcgr5-1.fna.fbcdn.net/v/t39.30808-1/352498826_614706153941269_1116330464776449301_n.jpg?stp=cp0_dst-jpg_s32x32&_nc_cat=100&ccb=1-7&_nc_sid=0ecb9b&_nc_ohc=dQQE7Cc7NV8Q7kNvgHrZmcw&_nc_ht=scontent.fcgr5-1.fna&_nc_gid=AX9_d8WnynH6i_od09qxqMA&oh=00_AYA9W2SD3KAITmiKyfxBWE4db2p__1Cvfc-L8Sh1rGQIZw&oe=66FFED92","https://www.facebook.com/yungqi.firdaus",,"batik e apik pak","0"
,,,,,,,,,,,,,,,,,,,,,,,,,,,,"https://www.facebook.com/reel/980323790530787/?comment_id=557580479942966",,,,,,,,,,,,,,,,,,,,,,,,,,,,,,,,,,,,,,,,,,,,,,,,,,,"2024-09-29T15:09:49.000Z","8485031744889342","https://www.facebook.com/100001478012460/posts/8485031744889342","ZmVlZGJhY2s6ODQ4NTAzMTc0NDg4OTM0Ml81NTc1ODA0Nzk5NDI5NjY=","Y29tbWVudDo4NDg1MDMxNzQ0ODg5MzQyXzU1NzU4MDQ3OTk0Mjk2Ng==","https://www.facebook.com/100001478012460/posts/8485031744889342","0","113420435192600",,,,,,,,"Terong Bungo memasuki masa panen semoga harga dan produksinya bagus.  #terong #benihcitraasia #bintangasia #farmer #petani #indonesia. RAWI BEAT · Calm Down","100001098502398","Ello Brick","https://scontent.fcgr5-1.fna.fbcdn.net/v/t39.30808-1/428269885_7256798284366716_9217353411519559666_n.jpg?stp=c130.0.780.780a_cp0_dst-jpg_s32x32&_nc_cat=100&ccb=1-7&_nc_sid=50d2ac&_nc_ohc=RdqQrYMOJMkQ7kNvgFlTd9a&_nc_ht=scontent.fcgr5-1.fna&_nc_gid=AX9_d8WnynH6i_od09qxqMA&oh=00_AYAkTCVVYW3Sm338wciWgTF4jzUf5ib4C2054ugt027gIQ&oe=66FFE8F8","https://www.facebook.com/ello.brick",,"Mantap bg","0"
,,,,,,,,,,,,,,,,,,,,,,,,,,,,"https://www.facebook.com/reel/980323790530787/?comment_id=455266300203929",,,,,,,,,,,,,,,,,,,,,,,,,,,,,,,,,,,,,,,,,,,,,,,,,,,"2024-09-29T22:56:10.000Z","8485031744889342","https://www.facebook.com/100001478012460/posts/8485031744889342","ZmVlZGJhY2s6ODQ4NTAzMTc0NDg4OTM0Ml80NTUyNjYzMDAyMDM5Mjk=","Y29tbWVudDo4NDg1MDMxNzQ0ODg5MzQyXzQ1NTI2NjMwMDIwMzkyOQ==","https://www.facebook.com/100001478012460/posts/8485031744889342","0","113420435192600",,,,,,,,"Terong Bungo memasuki masa panen semoga harga dan produksinya bagus.  #terong #benihcitraasia #bintangasia #farmer #petani #indonesia. RAWI BEAT · Calm Down","100000717205339","Iskandar Pasha","https://scontent.fcgr5-1.fna.fbcdn.net/v/t39.30808-1/423674968_7488597597840739_5772622095306795147_n.jpg?stp=cp0_dst-jpg_s32x32&_nc_cat=109&ccb=1-7&_nc_sid=50d2ac&_nc_ohc=YR1X9QLpvvYQ7kNvgF8wWmA&_nc_ht=scontent.fcgr5-1.fna&_nc_gid=AX9_d8WnynH6i_od09qxqMA&oh=00_AYAP4_nql5tFgi_IZcPX434KYcKohzxfS0qTWgmit2LMtg&oe=66FFC615","https://www.facebook.com/iskandar.baiquni",,"Sei ulak kerinci mo 😂😂","0"
,,,,,,,,,,,,,,,,,,,,,,,,,,,,"https://www.facebook.com/reel/1239783613826690/?comment_id=554417993769089",,,,,,,,,,,,,,,,,,,,,,,,,,,,,,,,,,,,,,,,,,,,,,,,,,"2","2024-09-26T01:00:24.000Z","8449462665112917","https://www.facebook.com/100001478012460/posts/8449462665112917","ZmVlZGJhY2s6ODQ0OTQ2MjY2NTExMjkxN181NTQ0MTc5OTM3NjkwODk=","Y29tbWVudDo4NDQ5NDYyNjY1MTEyOTE3XzU1NDQxNzk5Mzc2OTA4OQ==","https://www.facebook.com/100001478012460/posts/8449462665112917","0","113420435192600",,,,,,,,"Alhamdulillah Selamat kepada PT Benih Citra Asia yang telah mendapatkan penghargaan di acara CNN Award 2024. #benihcitraasia #bintangasia #farmer #petani #indonesia #food #hortikultura. Difarina...","pfbid0mArBMhgXS37zeDTkQVe99umSGrpvVN6UezH1QH39MX1bebnFKKfurGTKQp9tfQXAl","Rudi Paijo","https://scontent-bsb1-1.xx.fbcdn.net/v/t39.30808-1/342521359_982200369878755_8229004095687362074_n.jpg?stp=cp0_dst-jpg_s32x32&_nc_cat=103&ccb=1-7&_nc_sid=0ecb9b&_nc_ohc=ReJYsn3-p9gQ7kNvgGikj0e&_nc_ht=scontent-bsb1-1.xx&oh=00_AYCqpSB0zpHXzGuHJSP4JLbyG-sSOXNR0Wet5_d4Cd4qfQ&oe=66FFC861","https://www.facebook.com/rudi.rudipaijo.50",,"Mantaaap","0"
"Sticker",,,"1","83","1","1","140051381647167","80","https://scontent-bsb1-1.xx.fbcdn.net/v/t39.1997-6/240516696_140051384980500_4324639588081017510_n.png?stp=cp0_dst-png_s110x80&_nc_cat=1&ccb=1-7&_nc_sid=23dd7b&_nc_ohc=iy-Sq12w4NkQ7kNvgG5fanJ&_nc_ht=scontent-bsb1-1.xx&oh=00_AYAHIjW_LWzXbONzsMSmKitg00oyk5gaA6xsUKHy8rVrMQ&oe=66FFC898","80","","140047671647538","[Newsfeed] Philippines First Party",,,,,,,,,,,,,,,"https://www.facebook.com/reel/1239783613826690/?comment_id=3777655909212002",,,,,,,,,,,,,,,,,,,,,,,,,,,,,,,,,,,,,,,,,,,,,,,,,,"1","2024-09-26T01:48:11.000Z","8449462665112917","https://www.facebook.com/100001478012460/posts/8449462665112917","ZmVlZGJhY2s6ODQ0OTQ2MjY2NTExMjkxN18zNzc3NjU1OTA5MjEyMDAy","Y29tbWVudDo4NDQ5NDYyNjY1MTEyOTE3XzM3Nzc2NTU5MDkyMTIwMDI=","https://www.facebook.com/100001478012460/posts/8449462665112917","0","113420435192600",,,,,,,,"Alhamdulillah Selamat kepada PT Benih Citra Asia yang telah mendapatkan penghargaan di acara CNN Award 2024. #benihcitraasia #bintangasia #farmer #petani #indonesia #food #hortikultura. Difarina...","100090196839657","Agus Cadra","https://scontent-bsb1-1.xx.fbcdn.net/v/t39.30808-1/451001492_422995557383669_4884090611035953685_n.jpg?stp=cp0_dst-jpg_s32x32&_nc_cat=109&ccb=1-7&_nc_sid=50d2ac&_nc_ohc=Fjyt2fzF1PgQ7kNvgHlGBR4&_nc_ht=scontent-bsb1-1.xx&oh=00_AYCRLcyWjbht2EhRfLmpJlwi48-jjRBUvqazxIGDdVWN7w&oe=66FFF063","https://www.facebook.com/people/Agus-Cadra/100090196839657/",,,"0"
,,,,,,,,,,,,,,,,,,,,,,,,,,,,"https://www.facebook.com/reel/1239783613826690/?comment_id=863000422592773",,,,,,,,,,,,,,,,,,,,,,,,,,,,,,,,,,,,,,,,,,,,,,,,,,,"2024-09-26T01:19:46.000Z","8449462665112917","https://www.facebook.com/100001478012460/posts/8449462665112917","ZmVlZGJhY2s6ODQ0OTQ2MjY2NTExMjkxN184NjMwMDA0MjI1OTI3NzM=","Y29tbWVudDo4NDQ5NDYyNjY1MTEyOTE3Xzg2MzAwMDQyMjU5Mjc3Mw==","https://www.facebook.com/100001478012460/posts/8449462665112917","0","113420435192600",,,,,,,,"Alhamdulillah Selamat kepada PT Benih Citra Asia yang telah mendapatkan penghargaan di acara CNN Award 2024. #benihcitraasia #bintangasia #farmer #petani #indonesia #food #hortikultura. Difarina...","pfbid02n7nDSRQzyEHAmbz8Bp3TpwxGgUxgeTzAZZkRKsCiT7wJAi8NN32Ti8SK8VmDzTZLl","Aguesta Azax","https://scontent-bsb1-1.xx.fbcdn.net/v/t39.30808-1/240355126_1552873468392465_768643064623954664_n.jpg?stp=c0.0.780.780a_cp0_dst-jpg_s32x32&_nc_cat=108&ccb=1-7&_nc_sid=0ecb9b&_nc_ohc=2Ub6a5AU2iAQ7kNvgG-PTah&_nc_ht=scontent-bsb1-1.xx&oh=00_AYDZ1TROrwyJ6LS_eG42b0rrOqlD5A21nUxh2GnAdrWG6w&oe=66FFE208","https://www.facebook.com/aguesta.azax",,"Ulta","0"
"Sticker",,"https://scontent-bsb1-1.xx.fbcdn.net/v/t39.1997-6/68894373_1459627387495333_5835456569109643264_n.webp?stp=dst-webp_s110x80&_nc_cat=1&ccb=1-7&_nc_sid=ba09c1&_nc_ohc=zp72UVpQAM4Q7kNvgEpGGkY&_nc_ht=scontent-bsb1-1.xx&oh=00_AYAbVB5vm3aziAG_rEYOnb_IWa-A35ms2JvP4ENxVVZ4bw&oe=66FFE4E3","14","100","4","4","514561552001926","80","https://scontent-bsb1-1.xx.fbcdn.net/v/t39.1997-6/69142452_1459627590828646_6160083988481310720_n.png?stp=cp0_dst-png_s110x80&_nc_cat=1&ccb=1-7&_nc_sid=23dd7b&_nc_ohc=CUDJpqxAjB8Q7kNvgHHymxi&_nc_ht=scontent-bsb1-1.xx&oh=00_AYAgNgy2KvStYhmX7BCdZKNAtYjr-DO7eSLm9TopID_QzA&oe=66FFDAD1","80","Business fish, a person with a pink fish head wearing a suit and tie, giving a large thumbs up with their right hand and saying good","493674027424012","Executive Business Fish",,"https://scontent-bsb1-1.xx.fbcdn.net/v/t39.1997-6/68866962_1459627384162000_4858367271799619584_n.png?stp=dst-png_p320x320&_nc_cat=1&ccb=1-7&_nc_sid=ba09c1&_nc_ohc=pgVsbKL1YAIQ7kNvgHAyL3y&_nc_ht=scontent-bsb1-1.xx&oh=00_AYAgToOfQWJvBhTiz_HuzmMfAUpr_9exrz-h6WgVCl0kQA&oe=66FFC848",,,,,,,,,,,,,"https://www.facebook.com/reel/1239783613826690/?comment_id=1209763523407227",,,,,,,,,,,,,,,,,,,,,,,,,,,,,,,,,,,,,,,,,,,,,,,,,,"1","2024-09-26T01:19:53.000Z","8449462665112917","https://www.facebook.com/100001478012460/posts/8449462665112917","ZmVlZGJhY2s6ODQ0OTQ2MjY2NTExMjkxN18xMjA5NzYzNTIzNDA3MjI3","Y29tbWVudDo4NDQ5NDYyNjY1MTEyOTE3XzEyMDk3NjM1MjM0MDcyMjc=","https://www.facebook.com/100001478012460/posts/8449462665112917","0","113420435192600",,,,,,,,"Alhamdulillah Selamat kepada PT Benih Citra Asia yang telah mendapatkan penghargaan di acara CNN Award 2024. #benihcitraasia #bintangasia #farmer #petani #indonesia #food #hortikultura. Difarina...","pfbid02n7nDSRQzyEHAmbz8Bp3TpwxGgUxgeTzAZZkRKsCiT7wJAi8NN32Ti8SK8VmDzTZLl","Aguesta Azax","https://scontent-bsb1-1.xx.fbcdn.net/v/t39.30808-1/240355126_1552873468392465_768643064623954664_n.jpg?stp=c0.0.780.780a_cp0_dst-jpg_s32x32&_nc_cat=108&ccb=1-7&_nc_sid=0ecb9b&_nc_ohc=2Ub6a5AU2iAQ7kNvgG-PTah&_nc_ht=scontent-bsb1-1.xx&oh=00_AYDZ1TROrwyJ6LS_eG42b0rrOqlD5A21nUxh2GnAdrWG6w&oe=66FFE208","https://www.facebook.com/aguesta.azax",,,"0"
,,,,,,,,,,,,,,,,,,,,,,,,,,,,"https://www.facebook.com/reel/1239783613826690/?comment_id=567183842308521",,,,,,,,,,,,,,,,,,,,,,,,,,,,,,,,,,,,,,,,,,,,,,,,,,,"2024-09-28T20:41:55.000Z","8449462665112917","https://www.facebook.com/100001478012460/posts/8449462665112917","ZmVlZGJhY2s6ODQ0OTQ2MjY2NTExMjkxN181NjcxODM4NDIzMDg1MjE=","Y29tbWVudDo4NDQ5NDYyNjY1MTEyOTE3XzU2NzE4Mzg0MjMwODUyMQ==","https://www.facebook.com/100001478012460/posts/8449462665112917","0","113420435192600",,,,,,,,"Alhamdulillah Selamat kepada PT Benih Citra Asia yang telah mendapatkan penghargaan di acara CNN Award 2024. #benihcitraasia #bintangasia #farmer #petani #indonesia #food #hortikultura. Difarina...","100066689262084","Windarmantoro Yokosomo","https://scontent-bsb1-1.xx.fbcdn.net/v/t39.30808-1/406528511_684538937112409_5116816443185165969_n.jpg?stp=cp0_dst-jpg_s32x32&_nc_cat=108&ccb=1-7&_nc_sid=50d2ac&_nc_ohc=P39dg4Z0kYAQ7kNvgHonQu1&_nc_ht=scontent-bsb1-1.xx&oh=00_AYDd6FEKfxvAw9C7aJLB-UwDQbJQMXPXJxcFIQHmIYsQMQ&oe=66FFD8C2","https://www.facebook.com/windarmantoro.yokosomo.1",,"Mantab","0"
,,,,,,,,,,,,,,,,,,,,,,,,,,,,"https://www.facebook.com/reel/1239783613826690/?comment_id=510882418362439",,,,,,,,,,,,,,,,,,,,,,,,,,,,,,,,,,,,,,,,,,,,,,,,,,"3","2024-09-26T00:35:34.000Z","8449462665112917","https://www.facebook.com/100001478012460/posts/8449462665112917","ZmVlZGJhY2s6ODQ0OTQ2MjY2NTExMjkxN181MTA4ODI0MTgzNjI0Mzk=","Y29tbWVudDo4NDQ5NDYyNjY1MTEyOTE3XzUxMDg4MjQxODM2MjQzOQ==","https://www.facebook.com/100001478012460/posts/8449462665112917","0","113420435192600",,,,,,,,"Alhamdulillah Selamat kepada PT Benih Citra Asia yang telah mendapatkan penghargaan di acara CNN Award 2024. #benihcitraasia #bintangasia #farmer #petani #indonesia #food #hortikultura. Difarina...","100055613311344","Bisri Mustofa","https://scontent-bsb1-1.xx.fbcdn.net/v/t39.30808-1/400422095_772263457970758_8257628988093984966_n.jpg?stp=cp0_dst-jpg_s32x32&_nc_cat=108&ccb=1-7&_nc_sid=50d2ac&_nc_ohc=KZiJfvhgSE4Q7kNvgEgc22H&_nc_ht=scontent-bsb1-1.xx&oh=00_AYAtN_VsqOUjNlDBIbzCNGK1L8M0UqXPnl1wAbhlwBX1ww&oe=66FFE72C","https://www.facebook.com/people/Bisri-Mustofa/100055613311344/",,"Toptenan👍👍👍","0"
,,,,,,,,,,,,,,,,,,,,,,,,,,,,"https://www.facebook.com/reel/1470290380294734/?comment_id=830323349309357&reply_comment_id=1315343916095038",,,,,,,,,,,,,,,,,,,,,,,,,,,,,,,,,,,,,,,,,,,,,,,,,,,"2024-09-27T00:52:02.000Z","8459040417488475","https://www.facebook.com/100001478012460/posts/8459040417488475","ZmVlZGJhY2s6ODQ1OTA0MDQxNzQ4ODQ3NV8xMzE1MzQzOTE2MDk1MDM4","Y29tbWVudDo4NDU5MDQwNDE3NDg4NDc1XzEzMTUzNDM5MTYwOTUwMzg=","https://www.facebook.com/100001478012460/posts/8459040417488475","0","113420435192600",,,"User","100007578522755","Renzy Bintangasia","Renzy","Y29tbWVudDo4NDU5MDQwNDE3NDg4NDc1XzgzMDMyMzM0OTMwOTM1Nw==","Gambas/Oyong Bareta F1 masih bisa perform dikondisi vegetatif hampir mati dan kekurangan air. #petani #benihcitraasia #bintangasia #oyong. Diar · Unity Slow","100001478012460","Nasir Bintang Asia","https://scontent.fluh3-2.fna.fbcdn.net/v/t39.30808-1/374566524_6652285924830609_4550832743895994737_n.jpg?stp=cp0_dst-jpg_s32x32&_nc_cat=110&ccb=1-7&_nc_sid=50d2ac&_nc_ohc=XvRdrdDtVfAQ7kNvgETIfYq&_nc_ht=scontent.fluh3-2.fna&_nc_gid=AFvaT8zAZ9nQ1-q3sw7xgEy&oh=00_AYDWz9hcHoOhm1kpW9oH80tA8DqGT4bQ9cnETBIK4_cOYA&oe=66FFCB49","https://www.facebook.com/nasir.smk2","Y29tbWVudDo4NDU5MDQwNDE3NDg4NDc1XzgzMDMyMzM0OTMwOTM1Nw==","Renzy Bintangasia belajar mase","1"
,,,,,,,,,,,,,,,,,,,,,,,,,,,,"https://www.facebook.com/reel/980323790530787/?comment_id=1068306605024737&reply_comment_id=835017145465864",,,,,,,,,,,,,,,,,,,,,,,,,,,,,,,,,,,,,,,,,,,,,,,,,,"1","2024-09-29T14:21:27.000Z","8485031744889342","https://www.facebook.com/100001478012460/posts/8485031744889342","ZmVlZGJhY2s6ODQ4NTAzMTc0NDg4OTM0Ml84MzUwMTcxNDU0NjU4NjQ=","Y29tbWVudDo4NDg1MDMxNzQ0ODg5MzQyXzgzNTAxNzE0NTQ2NTg2NA==","https://www.facebook.com/100001478012460/posts/8485031744889342","0","113420435192600",,,"User","pfbid02FxTDg652LyoB5cpAkoVVGtjKckM5XHcUF8Fi9zDCh2WZhSp1ktSgWrjpG8qyTPYcl","Putry Sulung","Putry","Y29tbWVudDo4NDg1MDMxNzQ0ODg5MzQyXzEwNjgzMDY2MDUwMjQ3Mzc=","Terong Bungo memasuki masa panen semoga harga dan produksinya bagus.  #terong #benihcitraasia #bintangasia #farmer #petani #indonesia. RAWI BEAT · Calm Down","100001478012460","Nasir Bintang Asia","https://scontent-lga3-1.xx.fbcdn.net/v/t39.30808-1/374566524_6652285924830609_4550832743895994737_n.jpg?stp=cp0_dst-jpg_s32x32&_nc_cat=110&ccb=1-7&_nc_sid=50d2ac&_nc_ohc=XvRdrdDtVfAQ7kNvgG9K7g0&_nc_ht=scontent-lga3-1.xx&_nc_gid=As7FJGsKq8oWM6EeW6t4m_w&oh=00_AYA6_E5VVbLsSfwlyeMya_N6TMaGFJaoD9EBEVJsJ565_w&oe=66FFCB49","https://www.facebook.com/nasir.smk2","Y29tbWVudDo4NDg1MDMxNzQ0ODg5MzQyXzEwNjgzMDY2MDUwMjQ3Mzc=","Putry Sulung podo wae neknu","1"
,,,,,,,,,,,,,,,,,,,,,,,,,,,,"https://www.facebook.com/reel/980323790530787/?comment_id=1068306605024737&reply_comment_id=1674174133431979",,,,,,,,,,,,,,,,,,,,,,,,,,,,,,,,,,,,,,,,,,,,,,,,,,,"2024-09-29T14:22:10.000Z","8485031744889342","https://www.facebook.com/100001478012460/posts/8485031744889342","ZmVlZGJhY2s6ODQ4NTAzMTc0NDg4OTM0Ml8xNjc0MTc0MTMzNDMxOTc5","Y29tbWVudDo4NDg1MDMxNzQ0ODg5MzQyXzE2NzQxNzQxMzM0MzE5Nzk=","https://www.facebook.com/100001478012460/posts/8485031744889342","0","113420435192600",,,"User","pfbid02FxTDg652LyoB5cpAkoVVGtjKckM5XHcUF8Fi9zDCh2WZhSp1ktSgWrjpG8qyTPYcl","Putry Sulung","Putry","Y29tbWVudDo4NDg1MDMxNzQ0ODg5MzQyXzEwNjgzMDY2MDUwMjQ3Mzc=","Terong Bungo memasuki masa panen semoga harga dan produksinya bagus.  #terong #benihcitraasia #bintangasia #farmer #petani #indonesia. RAWI BEAT · Calm Down","pfbid02FxTDg652LyoB5cpAkoVVGtjKckM5XHcUF8Fi9zDCh2WZhSp1ktSgWrjpG8qyTPYcl","Putry Sulung","https://scontent-lga3-1.xx.fbcdn.net/v/t39.30808-1/427987797_1057691465494451_1716052210645449234_n.jpg?stp=cp0_dst-jpg_s32x32&_nc_cat=111&ccb=1-7&_nc_sid=0ecb9b&_nc_ohc=MpE8aW6ML9cQ7kNvgH0gK0U&_nc_ht=scontent-lga3-1.xx&_nc_gid=As7FJGsKq8oWM6EeW6t4m_w&oh=00_AYDbLQqsJB6-e-BpZNNqEUB16Wk46J2iq6uM7lZAcdq-Og&oe=66FFCA26","https://www.facebook.com/people/Putry-Sulung/pfbid02FxTDg652LyoB5cpAkoVVGtjKckM5XHcUF8Fi9zDCh2WZhSp1ktSgWrjpG8qyTPYcl/","Y29tbWVudDo4NDg1MDMxNzQ0ODg5MzQyXzEwNjgzMDY2MDUwMjQ3Mzc=","Nasir Bintang Asia Iyo de, 5rb meh sekilo","2"
,,,,,,,,,,,,,,,,,,,,,,,,,,,,"https://www.facebook.com/reel/1239783613826690/?comment_id=1209763523407227&reply_comment_id=1048293063750491",,,,,,,,,,,,,,,,,,,,,,,,,,,,,,,,,,,,,,,,,,,,,,,,,,,"2024-09-26T03:02:35.000Z","8449462665112917","https://www.facebook.com/100001478012460/posts/8449462665112917","ZmVlZGJhY2s6ODQ0OTQ2MjY2NTExMjkxN18xMDQ4MjkzMDYzNzUwNDkx","Y29tbWVudDo4NDQ5NDYyNjY1MTEyOTE3XzEwNDgyOTMwNjM3NTA0OTE=","https://www.facebook.com/100001478012460/posts/8449462665112917","0","113420435192600",,,"User","pfbid02n7nDSRQzyEHAmbz8Bp3TpwxGgUxgeTzAZZkRKsCiT7wJAi8NN32Ti8SK8VmDzTZLl","Aguesta Azax","Aguesta","Y29tbWVudDo4NDQ5NDYyNjY1MTEyOTE3XzEyMDk3NjM1MjM0MDcyMjc=","Alhamdulillah Selamat kepada PT Benih Citra Asia yang telah mendapatkan penghargaan di acara CNN Award 2024. #benihcitraasia #bintangasia #farmer #petani #indonesia #food #hortikultura. Difarina...","100001478012460","Nasir Bintang Asia","https://scontent-hou1-1.xx.fbcdn.net/v/t39.30808-1/374566524_6652285924830609_4550832743895994737_n.jpg?stp=cp0_dst-jpg_s32x32&_nc_cat=110&ccb=1-7&_nc_sid=50d2ac&_nc_ohc=XvRdrdDtVfAQ7kNvgGkSh2H&_nc_ht=scontent-hou1-1.xx&_nc_gid=AS9j59ZdhbRy2QZYPCb9Cbh&oh=00_AYD8EZEXCCL_rOSxvy4glRH3swzfPEm_hPDP-wZyuWbwfQ&oe=66FFCB49","https://www.facebook.com/nasir.smk2","Y29tbWVudDo4NDQ5NDYyNjY1MTEyOTE3XzEyMDk3NjM1MjM0MDcyMjc=","Aguesta Azax Terimakasih mase","1"
"Sticker",,"https://scontent.fmcz20-1.fna.fbcdn.net/v/t39.1997-6/47055694_1834508303314720_643166924464717824_n.webp?stp=dst-webp_s110x80&_nc_cat=1&ccb=1-7&_nc_sid=ba09c1&_nc_ohc=oQQUQMixgAoQ7kNvgH_EUem&_nc_ht=scontent.fmcz20-1.fna&_nc_gid=AtnhfjM4DYbLQFl1yIx5zSu&oh=00_AYCtvJ_JxfjyZCBC-RTKYHWM9fXFRVb8K5Ai6mwtJ6JGZw&oe=66FFF409","12","83","3","4","1193278434104380","80","https://scontent.fmcz20-1.fna.fbcdn.net/v/t39.1997-6/47614232_1846683475430536_3135922765756891136_n.png?stp=cp0_dst-png_s110x80&_nc_cat=1&ccb=1-7&_nc_sid=23dd7b&_nc_ohc=oUm8IG8PuXcQ7kNvgFXZPuj&_nc_ht=scontent.fmcz20-1.fna&_nc_gid=AtnhfjM4DYbLQFl1yIx5zSu&oh=00_AYDZyxwFl2yqeREdjr-GW-1jKYkOnzsvWl6b1l8mSHXPbg&oe=66FFC723","80","Thumbs Up, girl giving thumbs up","1193273174104906","Noo-Hin",,"https://scontent.fmcz20-1.fna.fbcdn.net/v/t39.1997-6/47472862_1846683478763869_5271603212267290624_n.png?stp=dst-png_p240x240&_nc_cat=1&ccb=1-7&_nc_sid=ba09c1&_nc_ohc=3AtgDmUfdJwQ7kNvgG1TL_f&_nc_ht=scontent.fmcz20-1.fna&_nc_gid=AtnhfjM4DYbLQFl1yIx5zSu&oh=00_AYD6bHgthTcnJj6ou7aTErWyHTfL2yP6nKgUn0FRuRG2Sg&oe=66FFE0BE",,,,,,,,,,,,,"https://www.facebook.com/reel/1470290380294734/?comment_id=448702264878775&reply_comment_id=884424823613956",,,,,,,,,,,,,,,,,,,,,,,,,,,,,,,,,,,,,,,,,,,,,,,,,,,"2024-09-27T00:51:34.000Z","8459040417488475","https://www.facebook.com/100001478012460/posts/8459040417488475","ZmVlZGJhY2s6ODQ1OTA0MDQxNzQ4ODQ3NV84ODQ0MjQ4MjM2MTM5NTY=","Y29tbWVudDo4NDU5MDQwNDE3NDg4NDc1Xzg4NDQyNDgyMzYxMzk1Ng==","https://www.facebook.com/100001478012460/posts/8459040417488475","0","113420435192600",,,"User","100054873674004","Bintang Asia Sumbagsel","Bintang","Y29tbWVudDo4NDU5MDQwNDE3NDg4NDc1XzQ0ODcwMjI2NDg3ODc3NQ==","Gambas/Oyong Bareta F1 masih bisa perform dikondisi vegetatif hampir mati dan kekurangan air. #petani #benihcitraasia #bintangasia #oyong. Diar · Unity Slow","100001478012460","Nasir Bintang Asia","https://scontent.fmcz20-1.fna.fbcdn.net/v/t39.30808-1/374566524_6652285924830609_4550832743895994737_n.jpg?stp=cp0_dst-jpg_s32x32&_nc_cat=110&ccb=1-7&_nc_sid=50d2ac&_nc_ohc=XvRdrdDtVfAQ7kNvgH03xna&_nc_ht=scontent.fmcz20-1.fna&_nc_gid=AtnhfjM4DYbLQFl1yIx5zSu&oh=00_AYDhUSMkD-e6jh215hoJrAKROlWqaJPOIoz2q8Exi5fwJw&oe=66FFCB49","https://www.facebook.com/nasir.smk2","Y29tbWVudDo4NDU5MDQwNDE3NDg4NDc1XzQ0ODcwMjI2NDg3ODc3NQ==","Bintang Asia Sumbagsel","1"
,,,,,,,,,,,,,,,,,,,,,,,,,,,,"https://www.facebook.com/reel/1470290380294734/?comment_id=8057213601055930&reply_comment_id=1080297440176432",,,,,,,,,,,,,,,,,,,,,,,,,,,,,,,,,,,,,,,,,,,,,,,,,,,"2024-09-27T00:51:48.000Z","8459040417488475","https://www.facebook.com/100001478012460/posts/8459040417488475","ZmVlZGJhY2s6ODQ1OTA0MDQxNzQ4ODQ3NV8xMDgwMjk3NDQwMTc2NDMy","Y29tbWVudDo4NDU5MDQwNDE3NDg4NDc1XzEwODAyOTc0NDAxNzY0MzI=","https://www.facebook.com/100001478012460/posts/8459040417488475","0","113420435192600",,,"User","100000717205339","Iskandar Pasha","Iskandar","Y29tbWVudDo4NDU5MDQwNDE3NDg4NDc1XzgwNTcyMTM2MDEwNTU5MzA=","Gambas/Oyong Bareta F1 masih bisa perform dikondisi vegetatif hampir mati dan kekurangan air. #petani #benihcitraasia #bintangasia #oyong. Diar · Unity Slow","100001478012460","Nasir Bintang Asia","https://scontent.flpb2-1.fna.fbcdn.net/v/t39.30808-1/374566524_6652285924830609_4550832743895994737_n.jpg?stp=cp0_dst-jpg_s32x32&_nc_cat=110&ccb=1-7&_nc_sid=50d2ac&_nc_ohc=XvRdrdDtVfAQ7kNvgG8CeMt&_nc_ht=scontent.flpb2-1.fna&_nc_gid=AfCw7ykSu2hrwQ-WecbeBrp&oh=00_AYAjQK6s3ljAoYdbCfkFRCpEcjYU_mB3Ip4TqQn6JXvZHg&oe=66FFCB49","https://www.facebook.com/nasir.smk2","Y29tbWVudDo4NDU5MDQwNDE3NDg4NDc1XzgwNTcyMTM2MDEwNTU5MzA=","Iskandar Pasha Siap Ndan","1"
,,,,,,,,,,,,,,,,,,,,,,,,,,,,"https://www.facebook.com/reel/1239783613826690/?comment_id=510882418362439&reply_comment_id=1223974175417697",,,,,,,,,,,,,,,,,,,,,,,,,,,,,,,,,,,,,,,,,,,,,,,,,,,"2024-09-26T01:02:00.000Z","8449462665112917","https://www.facebook.com/100001478012460/posts/8449462665112917","ZmVlZGJhY2s6ODQ0OTQ2MjY2NTExMjkxN18xMjIzOTc0MTc1NDE3Njk3","Y29tbWVudDo4NDQ5NDYyNjY1MTEyOTE3XzEyMjM5NzQxNzU0MTc2OTc=","https://www.facebook.com/100001478012460/posts/8449462665112917","0","113420435192600",,,"User","100055613311344","Bisri Mustofa","Bisri","Y29tbWVudDo4NDQ5NDYyNjY1MTEyOTE3XzUxMDg4MjQxODM2MjQzOQ==","Alhamdulillah Selamat kepada PT Benih Citra Asia yang telah mendapatkan penghargaan di acara CNN Award 2024. #benihcitraasia #bintangasia #farmer #petani #indonesia #food #hortikultura. Difarina...","100001478012460","Nasir Bintang Asia","https://scontent.fapq2-1.fna.fbcdn.net/v/t39.30808-1/374566524_6652285924830609_4550832743895994737_n.jpg?stp=cp0_dst-jpg_s32x32&_nc_cat=110&ccb=1-7&_nc_sid=50d2ac&_nc_ohc=XvRdrdDtVfAQ7kNvgGtlmEu&_nc_ht=scontent.fapq2-1.fna&oh=00_AYBdrqJzQqNqRKSP_-deJjQmnNId61MJZJKKXDl0445hSQ&oe=66FFCB49","https://www.facebook.com/nasir.smk2","Y29tbWVudDo4NDQ5NDYyNjY1MTEyOTE3XzUxMDg4MjQxODM2MjQzOQ==","Bisri Mustofa Alhamdulillah","1"
,,,,,,,,,,,,,,,,,,,,,,,,,,,,"https://www.facebook.com/reel/1239783613826690/?comment_id=510882418362439&reply_comment_id=544449601274499",,,,,,,,,,,,,,,,,,,,,,,,,,,,,,,,,,,,,,,,,,,,,,,,,,"1","2024-09-26T01:48:35.000Z","8449462665112917","https://www.facebook.com/100001478012460/posts/8449462665112917","ZmVlZGJhY2s6ODQ0OTQ2MjY2NTExMjkxN181NDQ0NDk2MDEyNzQ0OTk=","Y29tbWVudDo4NDQ5NDYyNjY1MTEyOTE3XzU0NDQ0OTYwMTI3NDQ5OQ==","https://www.facebook.com/100001478012460/posts/8449462665112917","1","113420435192600",,,"User","100055613311344","Bisri Mustofa","Bisri","Y29tbWVudDo4NDQ5NDYyNjY1MTEyOTE3XzUxMDg4MjQxODM2MjQzOQ==","Alhamdulillah Selamat kepada PT Benih Citra Asia yang telah mendapatkan penghargaan di acara CNN Award 2024. #benihcitraasia #bintangasia #farmer #petani #indonesia #food #hortikultura. Difarina...","100090196839657","Agus Cadra","https://scontent.fapq2-1.fna.fbcdn.net/v/t39.30808-1/451001492_422995557383669_4884090611035953685_n.jpg?stp=cp0_dst-jpg_s32x32&_nc_cat=109&ccb=1-7&_nc_sid=50d2ac&_nc_ohc=Fjyt2fzF1PgQ7kNvgFUNnlX&_nc_ht=scontent.fapq2-1.fna&oh=00_AYCKKZ27ZgFLLTm4YuLpJMgnYb66l44vcuiPMybeDaTmDQ&oe=66FFF063","https://www.facebook.com/people/Agus-Cadra/100090196839657/","Y29tbWVudDo4NDQ5NDYyNjY1MTEyOTE3XzUxMDg4MjQxODM2MjQzOQ==","Bisri Mustofa CBA 😁","1"
,,,,,,,,,,,,,,,,,,,,,,,,,,,,"https://www.facebook.com/reel/1239783613826690/?comment_id=510882418362439&reply_comment_id=1022912352946801",,,,,,,,,,,,,,,,,,,,,,,,,,,,,,,,,,,,,,,,,,,,,,,,,,,"2024-09-26T03:02:03.000Z","8449462665112917","https://www.facebook.com/100001478012460/posts/8449462665112917","ZmVlZGJhY2s6ODQ0OTQ2MjY2NTExMjkxN18xMDIyOTEyMzUyOTQ2ODAx","Y29tbWVudDo4NDQ5NDYyNjY1MTEyOTE3XzEwMjI5MTIzNTI5NDY4MDE=","https://www.facebook.com/100001478012460/posts/8449462665112917","0","113420435192600",,,"User","100055613311344","Bisri Mustofa","Bisri","Y29tbWVudDo4NDQ5NDYyNjY1MTEyOTE3XzUxMDg4MjQxODM2MjQzOQ==","Alhamdulillah Selamat kepada PT Benih Citra Asia yang telah mendapatkan penghargaan di acara CNN Award 2024. #benihcitraasia #bintangasia #farmer #petani #indonesia #food #hortikultura. Difarina...","100001478012460","Nasir Bintang Asia","https://scontent.fapq2-1.fna.fbcdn.net/v/t39.30808-1/374566524_6652285924830609_4550832743895994737_n.jpg?stp=cp0_dst-jpg_s32x32&_nc_cat=110&ccb=1-7&_nc_sid=50d2ac&_nc_ohc=XvRdrdDtVfAQ7kNvgGtlmEu&_nc_ht=scontent.fapq2-1.fna&oh=00_AYBdrqJzQqNqRKSP_-deJjQmnNId61MJZJKKXDl0445hSQ&oe=66FFCB49","https://www.facebook.com/nasir.smk2","Y29tbWVudDo4NDQ5NDYyNjY1MTEyOTE3XzUxMDg4MjQxODM2MjQzOQ==","Agus Cadra gas bos","2"
,,,,,,,,,,,,,,,,,,,,,,,,,,,,"https://www.facebook.com/reel/1239783613826690/?comment_id=554417993769089&reply_comment_id=1172109787197466",,,,,,,,,,,,,,,,,,,,,,,,,,,,,,,,,,,,,,,,,,,,,,,,,,"1","2024-09-26T01:01:48.000Z","8449462665112917","https://www.facebook.com/100001478012460/posts/8449462665112917","ZmVlZGJhY2s6ODQ0OTQ2MjY2NTExMjkxN18xMTcyMTA5Nzg3MTk3NDY2","Y29tbWVudDo4NDQ5NDYyNjY1MTEyOTE3XzExNzIxMDk3ODcxOTc0NjY=","https://www.facebook.com/100001478012460/posts/8449462665112917","0","113420435192600",,,"User","pfbid0mArBMhgXS37zeDTkQVe99umSGrpvVN6UezH1QH39MX1bebnFKKfurGTKQp9tfQXAl","Rudi Paijo","Rudi","Y29tbWVudDo4NDQ5NDYyNjY1MTEyOTE3XzU1NDQxNzk5Mzc2OTA4OQ==","Alhamdulillah Selamat kepada PT Benih Citra Asia yang telah mendapatkan penghargaan di acara CNN Award 2024. #benihcitraasia #bintangasia #farmer #petani #indonesia #food #hortikultura. Difarina...","100001478012460","Nasir Bintang Asia","https://scontent.fjdf2-2.fna.fbcdn.net/v/t39.30808-1/374566524_6652285924830609_4550832743895994737_n.jpg?stp=cp0_dst-jpg_s32x32&_nc_cat=110&ccb=1-7&_nc_sid=50d2ac&_nc_ohc=XvRdrdDtVfAQ7kNvgHR02Xf&_nc_ht=scontent.fjdf2-2.fna&_nc_gid=AtwtQxQsiUgaq5IWaeCXsL3&oh=00_AYBdRy4T4ojZ5QOdE106MZj6qFNI9Zs1dTp00hnQf5xAXg&oe=66FFCB49","https://www.facebook.com/nasir.smk2","Y29tbWVudDo4NDQ5NDYyNjY1MTEyOTE3XzU1NDQxNzk5Mzc2OTA4OQ==","Rudi Paijo minggu ngarep dolan nggone sampean mas","1"
,,,,,,,,,,,,,,,,,,,,,,,,,,,,"https://www.facebook.com/reel/1239783613826690/?comment_id=554417993769089&reply_comment_id=1049908246540215",,,,,,,,,,,,,,,,,,,,,,,,,,,,,,,,,,,,,,,,,,,,,,,,,,,"2024-09-26T01:17:48.000Z","8449462665112917","https://www.facebook.com/100001478012460/posts/8449462665112917","ZmVlZGJhY2s6ODQ0OTQ2MjY2NTExMjkxN18xMDQ5OTA4MjQ2NTQwMjE1","Y29tbWVudDo4NDQ5NDYyNjY1MTEyOTE3XzEwNDk5MDgyNDY1NDAyMTU=","https://www.facebook.com/100001478012460/posts/8449462665112917","0","113420435192600",,,"User","pfbid0mArBMhgXS37zeDTkQVe99umSGrpvVN6UezH1QH39MX1bebnFKKfurGTKQp9tfQXAl","Rudi Paijo","Rudi","Y29tbWVudDo4NDQ5NDYyNjY1MTEyOTE3XzU1NDQxNzk5Mzc2OTA4OQ==","Alhamdulillah Selamat kepada PT Benih Citra Asia yang telah mendapatkan penghargaan di acara CNN Award 2024. #benihcitraasia #bintangasia #farmer #petani #indonesia #food #hortikultura. Difarina...","pfbid0mArBMhgXS37zeDTkQVe99umSGrpvVN6UezH1QH39MX1bebnFKKfurGTKQp9tfQXAl","Rudi Paijo","https://scontent.fjdf2-2.fna.fbcdn.net/v/t39.30808-1/342521359_982200369878755_8229004095687362074_n.jpg?stp=cp0_dst-jpg_s32x32&_nc_cat=103&ccb=1-7&_nc_sid=0ecb9b&_nc_ohc=ReJYsn3-p9gQ7kNvgGVC47b&_nc_ht=scontent.fjdf2-2.fna&_nc_gid=AtwtQxQsiUgaq5IWaeCXsL3&oh=00_AYAU1ltyOj7-0h01nE-e2VwzIXK4B38aSBoKznykWUn9BQ&oe=66FFC861","https://www.facebook.com/rudi.rudipaijo.50","Y29tbWVudDo4NDQ5NDYyNjY1MTEyOTE3XzU1NDQxNzk5Mzc2OTA4OQ==","Nasir Bintang Asia siap bosssQ di tunggu","2"
,,,,,,,,,,,,,,,,,,,,,,,,,,,,"https://www.facebook.com/reel/1239783613826690/?comment_id=3777655909212002&reply_comment_id=487507194110065",,,,,,,,,,,,,,,,,,,,,,,,,,,,,,,,,,,,,,,,,,,,,,,,,,,"2024-09-26T03:02:21.000Z","8449462665112917","https://www.facebook.com/100001478012460/posts/8449462665112917","ZmVlZGJhY2s6ODQ0OTQ2MjY2NTExMjkxN180ODc1MDcxOTQxMTAwNjU=","Y29tbWVudDo4NDQ5NDYyNjY1MTEyOTE3XzQ4NzUwNzE5NDExMDA2NQ==","https://www.facebook.com/100001478012460/posts/8449462665112917","0","113420435192600",,,"User","100090196839657","Agus Cadra","Agus","Y29tbWVudDo4NDQ5NDYyNjY1MTEyOTE3XzM3Nzc2NTU5MDkyMTIwMDI=","Alhamdulillah Selamat kepada PT Benih Citra Asia yang telah mendapatkan penghargaan di acara CNN Award 2024. #benihcitraasia #bintangasia #farmer #petani #indonesia #food #hortikultura. Difarina...","100001478012460","Nasir Bintang Asia","https://scontent-ord5-2.xx.fbcdn.net/v/t39.30808-1/374566524_6652285924830609_4550832743895994737_n.jpg?stp=cp0_dst-jpg_s32x32&_nc_cat=110&ccb=1-7&_nc_sid=50d2ac&_nc_ohc=XvRdrdDtVfAQ7kNvgHu3o48&_nc_ht=scontent-ord5-2.xx&_nc_gid=A2glaEwiCxYlY9RBMdL6SZ7&oh=00_AYACF-sQ-kOAU-ln1Li4qhGdAeqxDRArY1rvDwm4L2d79g&oe=66FFCB49","https://www.facebook.com/nasir.smk2","Y29tbWVudDo4NDQ5NDYyNjY1MTEyOTE3XzM3Nzc2NTU5MDkyMTIwMDI=","Agus Cadra terima kasih mase","1"
