﻿"0","1","2","3","4","5","6","7","8","9","10","11","12","13","14","15","16","17","18","19","20","21","22","23","24","25","26","27","28","29","30","31","32","33","34","35","36","37","38","39","40","41","42","43","44","45","46","47","48","49","50","51","52","53","54","55","56","57","58","59","60","61","attachments/0/__typename","attachments/0/animated_image","attachments/0/animated_image/uri","attachments/0/frame_count","attachments/0/frame_rate","attachments/0/frames_per_column","attachments/0/frames_per_row","attachments/0/id","attachments/0/image/height","attachments/0/image/uri","attachments/0/image/width","attachments/0/label","attachments/0/pack","attachments/0/pack/id","attachments/0/pack/name","attachments/0/sprite_image","attachments/0/sprite_image/uri","commentUrl","commentsCount","date","error","errorDescription","facebookId","facebookUrl","feedbackId","id","inputUrl","likesCount","pageAdLibrary/id","pageAdLibrary/woodhenge_creator_info","parentComment/author/__typename","parentComment/author/id","parentComment/author/name","parentComment/author/short_name","parentComment/id","postTitle","profileId","profileName","profilePicture","profileUrl","replyToCommentId","text","threadingDepth","url"
,,,,,,,,,,,,,,,,,,,,,,,,,,,,,,,,,,,,,,,,,,,,,,,,,,,,,,,,,,,,,,"Sticker",,,"1","83","1","1","511043597971364","128","https://scontent-hou1-1.xx.fbcdn.net/v/t39.1997-6/454208388_511043601304697_3967296730621137934_n.png?stp=dst-png_s168x128&_nc_cat=108&ccb=1-7&_nc_sid=23dd7b&_nc_ohc=6ZfSKWKoFn8Q7kNvgEVJk1O&_nc_ht=scontent-hou1-1.xx&_nc_gid=AOKAuEJkta3tALAQ1Xlgj8E&oh=00_AYCchPV6XepPrNCOCMQ5E9Q3aUqqSA3nzFF1M-Dtk5MTvA&oe=66F835A7","128","",,,,,,"https://www.facebook.com/reel/1465200567472406/?comment_id=1396072434651318",,"2024-09-23T10:51:35.000Z",,,"122142699284282694","https://www.facebook.com/reel/1465200567472406/","ZmVlZGJhY2s6MTIyMTQyNjk5Mjg0MjgyNjk0XzEzOTYwNzI0MzQ2NTEzMTg=","Y29tbWVudDoxMjIxNDI2OTkyODQyODI2OTRfMTM5NjA3MjQzNDY1MTMxOA==","https://www.facebook.com/reel/1465200567472406/","1","463184800202476",,,,,,,"KANGKUNG
SHANGHAI
Kangkung berdaun lebar.
Panen dicabut/dipotong.
Umur panen : ± 31 hst.
Potensi hasil : ± 26 ton/ha.
Adaptasi utama di dataran rendah.
Daya tumbuh terjamin.
Rasa agak manis.
Produksi...","pfbid04SxXxiursCDurLj1rUJnbGGg3CattfhJMap5X942TkHxNVAaLiw34XUYriY2MftQl","Rahmat","https://scontent-hou1-1.xx.fbcdn.net/v/t1.6435-1/191479499_2869882333263900_8537816883354239640_n.jpg?stp=cp0_dst-jpg_s32x32&_nc_cat=103&ccb=1-7&_nc_sid=e4545e&_nc_ohc=wunQOWB4YrAQ7kNvgFjAgfp&_nc_ht=scontent-hou1-1.xx&_nc_gid=AOKAuEJkta3tALAQ1Xlgj8E&oh=00_AYDnsHwUPLBreT81IMPrwDo3SqeYhodqdvxvvvfMnT0pAw&oe=6719DCA4","https://www.facebook.com/masri56666",,,"0",
,,,,,,,,,,,,,,,,,,,,,,,,,,,,,,,,,,,,,,,,,,,,,,,,,,,,,,,,,,,,,,"Sticker",,,"1","83","1","1","1000519493737088","80","https://scontent-hou1-1.xx.fbcdn.net/v/t39.1997-6/105258811_1000519497070421_1877687988442182543_n.png?stp=cp0_dst-png_s110x80&_nc_cat=1&ccb=1-7&_nc_sid=23dd7b&_nc_ohc=8fBvspClZ2oQ7kNvgH_0rDN&_nc_ht=scontent-hou1-1.xx&_nc_gid=AOKAuEJkta3tALAQ1Xlgj8E&oh=00_AYBl1X5yhsUugFhGuNl9RIUQ1icn6hbLu9hFzczibBk0Cg&oe=66F830EB","80","a outstretched arm with a thumbs up. on the arm is written 'great' in indonesian",,"1000303507092020","Stories Stickers in Feed",,,"https://www.facebook.com/reel/1465200567472406/?comment_id=469080342785362",,"2024-09-23T10:49:39.000Z",,,"122142699284282694","https://www.facebook.com/reel/1465200567472406/","ZmVlZGJhY2s6MTIyMTQyNjk5Mjg0MjgyNjk0XzQ2OTA4MDM0Mjc4NTM2Mg==","Y29tbWVudDoxMjIxNDI2OTkyODQyODI2OTRfNDY5MDgwMzQyNzg1MzYy","https://www.facebook.com/reel/1465200567472406/","1","463184800202476",,,,,,,"KANGKUNG
SHANGHAI
Kangkung berdaun lebar.
Panen dicabut/dipotong.
Umur panen : ± 31 hst.
Potensi hasil : ± 26 ton/ha.
Adaptasi utama di dataran rendah.
Daya tumbuh terjamin.
Rasa agak manis.
Produksi...","pfbid02xpkCauiixpx4PFoi4toJKbptBYTmPswvQb5VbUSh8mAA1NixZVDdYbPnGGWpj2ojl","Safrin Edy","https://scontent-hou1-1.xx.fbcdn.net/v/t39.30808-1/236337247_4189826627797128_6649920497708658562_n.jpg?stp=cp0_dst-jpg_s32x32&_nc_cat=110&ccb=1-7&_nc_sid=0ecb9b&_nc_ohc=jXwSD_e0V20Q7kNvgF_FDum&_nc_ht=scontent-hou1-1.xx&_nc_gid=AOKAuEJkta3tALAQ1Xlgj8E&oh=00_AYDWlyKJcTu8XFo-NOjYhXaYcCr9HtjbVCqmqw4Y0OylIA&oe=66F81261","https://www.facebook.com/frins.edi",,,"0",
,,,,,,,,,,,,,,,,,,,,,,,,,,,,,,,,,,,,,,,,,,,,,,,,,,,,,,,,,,,,,,"Sticker",,,"1","83","1","1","992236009135663","120","https://scontent-hou1-1.xx.fbcdn.net/v/t39.1997-6/435691069_992236012468996_8475334354831538794_n.webp?_nc_cat=111&ccb=1-7&_nc_sid=878c43&_nc_ohc=aUggIod0aKMQ7kNvgGeTdDz&_nc_ht=scontent-hou1-1.xx&_nc_gid=AOKAuEJkta3tALAQ1Xlgj8E&oh=00_AYD5yJSYox4ViVnNoj3TG3ygMiUUPhYq9jYDo-qI9qlfsw&oe=66F84226","120","Avatar with both thumbs up and a broad smile.",,,,,,"https://www.facebook.com/reel/1465200567472406/?comment_id=556564980271039",,"2024-09-23T12:34:05.000Z",,,"122142699284282694","https://www.facebook.com/reel/1465200567472406/","ZmVlZGJhY2s6MTIyMTQyNjk5Mjg0MjgyNjk0XzU1NjU2NDk4MDI3MTAzOQ==","Y29tbWVudDoxMjIxNDI2OTkyODQyODI2OTRfNTU2NTY0OTgwMjcxMDM5","https://www.facebook.com/reel/1465200567472406/","0","463184800202476",,,,,,,"KANGKUNG
SHANGHAI
Kangkung berdaun lebar.
Panen dicabut/dipotong.
Umur panen : ± 31 hst.
Potensi hasil : ± 26 ton/ha.
Adaptasi utama di dataran rendah.
Daya tumbuh terjamin.
Rasa agak manis.
Produksi...","pfbid0284y7dENJh6qmGUuYAP7GFTs8kvwM46exa8X3vnRLWS76MHU1VgVi3844yLVovyckl","Sasriani Bindo","https://scontent-hou1-1.xx.fbcdn.net/v/t39.30808-1/366661951_122098247786008546_4984155799779776174_n.jpg?stp=c0.0.1224.1224a_cp0_dst-jpg_s32x32&_nc_cat=110&ccb=1-7&_nc_sid=0ecb9b&_nc_ohc=MFXUMmNtJ3oQ7kNvgE1bAGH&_nc_ht=scontent-hou1-1.xx&_nc_gid=AOKAuEJkta3tALAQ1Xlgj8E&oh=00_AYAg_c-2lXkSZ2T0-c_Ehe2BWquBltBZabdCAzgLjgQljg&oe=66F8481F","https://www.facebook.com/people/Sasriani-Bindo/pfbid0284y7dENJh6qmGUuYAP7GFTs8kvwM46exa8X3vnRLWS76MHU1VgVi3844yLVovyckl/",,,"0",
,,,,,,,,,,,,,,,,,,,,,,,,,,,,,,,,,,,,,,,,,,,,,,,,,,,,,,,,,,,,,,,,,,,,,,,,,,,,,,,"https://www.facebook.com/reel/1465200567472406/?comment_id=927607359194866",,"2024-09-23T11:47:29.000Z",,,"122142699284282694","https://www.facebook.com/reel/1465200567472406/","ZmVlZGJhY2s6MTIyMTQyNjk5Mjg0MjgyNjk0XzkyNzYwNzM1OTE5NDg2Ng==","Y29tbWVudDoxMjIxNDI2OTkyODQyODI2OTRfOTI3NjA3MzU5MTk0ODY2","https://www.facebook.com/reel/1465200567472406/","0","463184800202476",,,,,,,"KANGKUNG
SHANGHAI
Kangkung berdaun lebar.
Panen dicabut/dipotong.
Umur panen : ± 31 hst.
Potensi hasil : ± 26 ton/ha.
Adaptasi utama di dataran rendah.
Daya tumbuh terjamin.
Rasa agak manis.
Produksi...","100007578522755","Renzy Bintangasia","https://scontent-hou1-1.xx.fbcdn.net/v/t39.30808-1/426012403_3605728109689771_2277782955804277447_n.jpg?stp=cp0_dst-jpg_s32x32&_nc_cat=104&ccb=1-7&_nc_sid=50d2ac&_nc_ohc=eSL7nwrCcoUQ7kNvgGHDjC6&_nc_ht=scontent-hou1-1.xx&_nc_gid=AOKAuEJkta3tALAQ1Xlgj8E&oh=00_AYBVO6ZSo8c7xasUlRzcJiQEyZ4HK434mRwOLKNNaJPFJA&oe=66F829C4","https://www.facebook.com/renzi.prayuda",,"Mantap om","0",
,,,,,,,,,,,,,,,,,,,,,,,,,,,,,,,,,,,,,,,,,,,,,,,,,,,,,,,,,,,,,,"Sticker",,"https://scontent-hou1-1.xx.fbcdn.net/v/t39.1997-6/47055694_1834508303314720_643166924464717824_n.webp?stp=dst-webp_s110x80&_nc_cat=1&ccb=1-7&_nc_sid=ba09c1&_nc_ohc=CH_lPpv6vZgQ7kNvgGQV0Dg&_nc_ht=scontent-hou1-1.xx&_nc_gid=AOKAuEJkta3tALAQ1Xlgj8E&oh=00_AYBBl7NKWaMM79sYqAqHWRaGQJFvz4b0Qb7cwrBHbGOepw&oe=66F84349","12","83","3","4","1193278434104380","80","https://scontent-hou1-1.xx.fbcdn.net/v/t39.1997-6/47614232_1846683475430536_3135922765756891136_n.png?stp=cp0_dst-png_s110x80&_nc_cat=1&ccb=1-7&_nc_sid=23dd7b&_nc_ohc=JgsHFlSSy14Q7kNvgFh7oYN&_nc_ht=scontent-hou1-1.xx&_nc_gid=AOKAuEJkta3tALAQ1Xlgj8E&oh=00_AYAoljBOBhlX2-ERswEQp5NeedZAuPl8ASt6x0RSCbiSrA&oe=66F81663","80","Thumbs Up, girl giving thumbs up",,"1193273174104906","Noo-Hin",,"https://scontent-hou1-1.xx.fbcdn.net/v/t39.1997-6/47472862_1846683478763869_5271603212267290624_n.png?stp=dst-png_p240x240&_nc_cat=1&ccb=1-7&_nc_sid=ba09c1&_nc_ohc=K46Vqel4O0sQ7kNvgEQp0wj&_nc_ht=scontent-hou1-1.xx&_nc_gid=AOKAuEJkta3tALAQ1Xlgj8E&oh=00_AYB79kq1jOGQTuExOFqnyNZskOqW9hLFYecMh9jBYJuZTg&oe=66F82FFE","https://www.facebook.com/reel/1465200567472406/?comment_id=498026449664019",,"2024-09-24T00:10:07.000Z",,,"122142699284282694","https://www.facebook.com/reel/1465200567472406/","ZmVlZGJhY2s6MTIyMTQyNjk5Mjg0MjgyNjk0XzQ5ODAyNjQ0OTY2NDAxOQ==","Y29tbWVudDoxMjIxNDI2OTkyODQyODI2OTRfNDk4MDI2NDQ5NjY0MDE5","https://www.facebook.com/reel/1465200567472406/","0","463184800202476",,,,,,,"KANGKUNG
SHANGHAI
Kangkung berdaun lebar.
Panen dicabut/dipotong.
Umur panen : ± 31 hst.
Potensi hasil : ± 26 ton/ha.
Adaptasi utama di dataran rendah.
Daya tumbuh terjamin.
Rasa agak manis.
Produksi...","pfbid0atEKceSw2xyTSR1pjHSrZBb2PvCzne9vHrxfc4Yvjvh4tCgz7iX3GxgMnEEEkdxml","Suraida Ida","https://scontent-hou1-1.xx.fbcdn.net/v/t39.30808-1/275731211_100974385895401_2934209454618318016_n.jpg?stp=c312.0.1224.1224a_cp0_dst-jpg_s32x32&_nc_cat=107&ccb=1-7&_nc_sid=0ecb9b&_nc_ohc=UZoT47PQS94Q7kNvgGs7MJ3&_nc_ht=scontent-hou1-1.xx&_nc_gid=AOKAuEJkta3tALAQ1Xlgj8E&oh=00_AYC7Fq_4geEfgbIsAnhX9c6mUbponHGJTsEolqfeSichVQ&oe=66F8402B","https://www.facebook.com/people/Suraida-Ida/pfbid0atEKceSw2xyTSR1pjHSrZBb2PvCzne9vHrxfc4Yvjvh4tCgz7iX3GxgMnEEEkdxml/",,,"0",
,,,,,,,,,,,,,,,,,,,,,,,,,,,,,,,,,,,,,,,,,,,,,,,,,,,,,,,,,,,,,,,,,,,,,,,,,,,,,,,"https://www.facebook.com/reel/1465200567472406/?comment_id=1705574976957576","1","2024-09-23T13:32:07.000Z",,,"122142699284282694","https://www.facebook.com/reel/1465200567472406/","ZmVlZGJhY2s6MTIyMTQyNjk5Mjg0MjgyNjk0XzE3MDU1NzQ5NzY5NTc1NzY=","Y29tbWVudDoxMjIxNDI2OTkyODQyODI2OTRfMTcwNTU3NDk3Njk1NzU3Ng==","https://www.facebook.com/reel/1465200567472406/","0","463184800202476",,,,,,,"KANGKUNG
SHANGHAI
Kangkung berdaun lebar.
Panen dicabut/dipotong.
Umur panen : ± 31 hst.
Potensi hasil : ± 26 ton/ha.
Adaptasi utama di dataran rendah.
Daya tumbuh terjamin.
Rasa agak manis.
Produksi...","pfbid05baPUMJPB4xsF7aLkZo4GKMi6aKmfg2fCSjvSSgrnQweESpw4B5vfRJ5rFX2f9vQl","Natsir Wiwin","https://scontent-hou1-1.xx.fbcdn.net/v/t1.6435-1/35733495_858274961040712_4950461094431817728_n.jpg?stp=cp0_dst-jpg_s32x32&_nc_cat=101&ccb=1-7&_nc_sid=e4545e&_nc_ohc=booLOwf3rBcQ7kNvgEnKD_5&_nc_ht=scontent-hou1-1.xx&_nc_gid=AOKAuEJkta3tALAQ1Xlgj8E&oh=00_AYBy5tklLXrUg5yYRYjfAphoUxgNGLbe7y4-wlqAXBWqgA&oe=6719CBEC","https://www.facebook.com/people/Natsir-Wiwin/pfbid05baPUMJPB4xsF7aLkZo4GKMi6aKmfg2fCSjvSSgrnQweESpw4B5vfRJ5rFX2f9vQl/",,"Mantap om.. memang rekomended..","0",
,,,,,,,,,,,,,,,,,,,,,,,,,,,,,,,,,,,,,,,,,,,,,,,,,,,,,,,,,,,,,,,,,,,,,,,,,,,,,,,"https://www.facebook.com/reel/1465200567472406/?comment_id=1195454081725991",,"2024-09-23T11:44:37.000Z",,,"122142699284282694","https://www.facebook.com/reel/1465200567472406/","ZmVlZGJhY2s6MTIyMTQyNjk5Mjg0MjgyNjk0XzExOTU0NTQwODE3MjU5OTE=","Y29tbWVudDoxMjIxNDI2OTkyODQyODI2OTRfMTE5NTQ1NDA4MTcyNTk5MQ==","https://www.facebook.com/reel/1465200567472406/","0","463184800202476",,,,,,,"KANGKUNG
SHANGHAI
Kangkung berdaun lebar.
Panen dicabut/dipotong.
Umur panen : ± 31 hst.
Potensi hasil : ± 26 ton/ha.
Adaptasi utama di dataran rendah.
Daya tumbuh terjamin.
Rasa agak manis.
Produksi...","1828565536","Mohammad Iqbal Agustiana","https://scontent-hou1-1.xx.fbcdn.net/v/t1.18169-1/1468799_10203929170029473_1521419688104736133_n.jpg?stp=cp0_dst-jpg_s32x32&_nc_cat=110&ccb=1-7&_nc_sid=db5862&_nc_ohc=vecNhDOmiO4Q7kNvgEpaqU0&_nc_ht=scontent-hou1-1.xx&oh=00_AYBe8bosV2VTtKUnMc2LaD_aoajYcosD0ROQ3o_PoN5zxA&oe=6719DFEF",,,"Mantap","0",
,,,,,,,,,,,,,,,,,,,,,,,,,,,,,,,,,,,,,,,,,,,,,,,,,,,,,,,,,,,,,,,,,,,,,,,,,,,,,,,"https://www.facebook.com/reel/1465200567472406/?comment_id=1210111313588942","1","2024-09-23T11:06:40.000Z",,,"122142699284282694","https://www.facebook.com/reel/1465200567472406/","ZmVlZGJhY2s6MTIyMTQyNjk5Mjg0MjgyNjk0XzEyMTAxMTEzMTM1ODg5NDI=","Y29tbWVudDoxMjIxNDI2OTkyODQyODI2OTRfMTIxMDExMTMxMzU4ODk0Mg==","https://www.facebook.com/reel/1465200567472406/","0","463184800202476",,,,,,,"KANGKUNG
SHANGHAI
Kangkung berdaun lebar.
Panen dicabut/dipotong.
Umur panen : ± 31 hst.
Potensi hasil : ± 26 ton/ha.
Adaptasi utama di dataran rendah.
Daya tumbuh terjamin.
Rasa agak manis.
Produksi...","pfbid0zMrxRWUywqD5SxdCXSv7FN1c7RDsDJg7hiB5bHoTDukPvqf67dk58WztjkfkcmQxl","Kadek Budiasa","https://scontent-hou1-1.xx.fbcdn.net/v/t39.30808-1/303146505_138179015583970_1693991984225184500_n.jpg?stp=c0.0.720.720a_cp0_dst-jpg_s32x32&_nc_cat=110&ccb=1-7&_nc_sid=0ecb9b&_nc_ohc=2GRWyQNv06YQ7kNvgFWkumf&_nc_ht=scontent-hou1-1.xx&_nc_gid=AOKAuEJkta3tALAQ1Xlgj8E&oh=00_AYB8rIvh9rgFvTrkXOkp6SWbDvxqVBF6RAB_p9EEJzhthA&oe=66F81C82","https://www.facebook.com/people/Kadek-Budiasa/pfbid0zMrxRWUywqD5SxdCXSv7FN1c7RDsDJg7hiB5bHoTDukPvqf67dk58WztjkfkcmQxl/",,"Berapa satu bungkus bos ku bibit kang kung satu dusnya","0",
,,,,,,,,,,,,,,,,,,,,,,,,,,,,,,,,,,,,,,,,,,,,,,,,,,,,,,,,,,,,,,"Sticker",,,"1","83","1","1","1988573798241530","120","https://scontent-hou1-1.xx.fbcdn.net/v/t39.1997-6/458987703_1988573801574863_7582335779459520549_n.webp?_nc_cat=104&ccb=1-7&_nc_sid=878c43&_nc_ohc=6Q3l09MEUk8Q7kNvgFmCspz&_nc_ht=scontent-hou1-1.xx&oh=00_AYCIIkdilpiaoBcbYq5FbpqDJAfYM9OXAAhSeDGT5ABD_g&oe=66F826D9","120","",,,,,,"https://www.facebook.com/reel/1465200567472406/?comment_id=1705574976957576&reply_comment_id=1268691214298963",,"2024-09-23T13:33:39.000Z",,,"122142699284282694","https://www.facebook.com/reel/1465200567472406/","ZmVlZGJhY2s6MTIyMTQyNjk5Mjg0MjgyNjk0XzEyNjg2OTEyMTQyOTg5NjM=","Y29tbWVudDoxMjIxNDI2OTkyODQyODI2OTRfMTI2ODY5MTIxNDI5ODk2Mw==","https://www.facebook.com/reel/1465200567472406/","0","463184800202476",,"User","pfbid05baPUMJPB4xsF7aLkZo4GKMi6aKmfg2fCSjvSSgrnQweESpw4B5vfRJ5rFX2f9vQl","Natsir Wiwin","Natsir","Y29tbWVudDoxMjIxNDI2OTkyODQyODI2OTRfMTcwNTU3NDk3Njk1NzU3Ng==","KANGKUNG
SHANGHAI
Kangkung berdaun lebar.
Panen dicabut/dipotong.
Umur panen : ± 31 hst.
Potensi hasil : ± 26 ton/ha.
Adaptasi utama di dataran rendah.
Daya tumbuh terjamin.
Rasa agak manis.
Produksi...","61558480822422","Jefri Albutuni","https://scontent-hou1-1.xx.fbcdn.net/v/t39.30808-1/460623531_122142390344282694_8960312905275726761_n.jpg?stp=cp0_dst-jpg_s32x32&_nc_cat=101&ccb=1-7&_nc_sid=50d2ac&_nc_ohc=Qz-XJMNiORkQ7kNvgH777rX&_nc_ht=scontent-hou1-1.xx&oh=00_AYBarFdrWHFgnJp7WIQaLnMt050GIGpT5wzZUuXG7rmqLQ&oe=66F8487C","https://www.facebook.com/people/Jefri-Albutuni/61558480822422/","Y29tbWVudDoxMjIxNDI2OTkyODQyODI2OTRfMTcwNTU3NDk3Njk1NzU3Ng==","Natsir Wiwin","1",
,,,,,,,,,,,,,,,,,,,,,,,,,,,,,,,,,,,,,,,,,,,,,,,,,,,,,,,,,,,,,,,,,,,,,,,,,,,,,,,"https://www.facebook.com/reel/1465200567472406/?comment_id=1210111313588942&reply_comment_id=858435956416163",,"2024-09-23T11:11:22.000Z",,,"122142699284282694","https://www.facebook.com/reel/1465200567472406/","ZmVlZGJhY2s6MTIyMTQyNjk5Mjg0MjgyNjk0Xzg1ODQzNTk1NjQxNjE2Mw==","Y29tbWVudDoxMjIxNDI2OTkyODQyODI2OTRfODU4NDM1OTU2NDE2MTYz","https://www.facebook.com/reel/1465200567472406/","0","463184800202476",,"User","pfbid0zMrxRWUywqD5SxdCXSv7FN1c7RDsDJg7hiB5bHoTDukPvqf67dk58WztjkfkcmQxl","Kadek Budiasa","Kadek","Y29tbWVudDoxMjIxNDI2OTkyODQyODI2OTRfMTIxMDExMTMxMzU4ODk0Mg==","KANGKUNG
SHANGHAI
Kangkung berdaun lebar.
Panen dicabut/dipotong.
Umur panen : ± 31 hst.
Potensi hasil : ± 26 ton/ha.
Adaptasi utama di dataran rendah.
Daya tumbuh terjamin.
Rasa agak manis.
Produksi...","61558480822422","Jefri Albutuni","https://scontent.frvd1-1.fna.fbcdn.net/v/t39.30808-1/460623531_122142390344282694_8960312905275726761_n.jpg?stp=cp0_dst-jpg_s32x32&_nc_cat=101&ccb=1-7&_nc_sid=50d2ac&_nc_ohc=Qz-XJMNiORkQ7kNvgF8gplg&_nc_ht=scontent.frvd1-1.fna&_nc_gid=ALeUFGh21mOnSa42oZ03JXK&oh=00_AYC2y8F2OS_dOx0ENDeHE_sZCqD5AWYsIJj1fPYP5qIKaw&oe=66F8487C","https://www.facebook.com/people/Jefri-Albutuni/61558480822422/","Y29tbWVudDoxMjIxNDI2OTkyODQyODI2OTRfMTIxMDExMTMxMzU4ODk0Mg==","Kadek Budiasa sdh saya inbox dgn nma tokonya","1",
"P","r","i","v","a","t","e",","," ","r","e","s","t","r","i","c","t","e","d"," ","f","o","r"," ","l","o","g","g","e","d"," ","F","a","c","e","b","o","o","k"," ","u","s","e","r","s"," ","o","r"," ","i","n","c","o","r","r","e","c","t"," ","U","R","L",,,,,,,,,,,,,,,,,,,,,"no_items","Empty or private data for provided input",,,,,,,,,,,,,,,,,,,,,,"https://www.facebook.com/api/graphql/"
