﻿"node","url"
,"https://www.facebook.com/pfbid0chjU4UqXkb3X1s7yUCLVdmToFuibcatUv7WhGZHoRj4RpWSXZaPbGVsf4HJqU6RKl/posts/878566117706227"
,"https://www.facebook.com/pfbid0chjU4UqXkb3X1s7yUCLVdmToFuibcatUv7WhGZHoRj4RpWSXZaPbGVsf4HJqU6RKl/posts/858569366372569"
,"https://www.facebook.com/pfbid0chjU4UqXkb3X1s7yUCLVdmToFuibcatUv7WhGZHoRj4RpWSXZaPbGVsf4HJqU6RKl/posts/877861474443358"
,"https://www.facebook.com/pfbid0chjU4UqXkb3X1s7yUCLVdmToFuibcatUv7WhGZHoRj4RpWSXZaPbGVsf4HJqU6RKl/posts/857223773173795"
,"https://www.facebook.com/pfbid0chjU4UqXkb3X1s7yUCLVdmToFuibcatUv7WhGZHoRj4RpWSXZaPbGVsf4HJqU6RKl/posts/859364389626400"
,"https://www.facebook.com/pfbid0chjU4UqXkb3X1s7yUCLVdmToFuibcatUv7WhGZHoRj4RpWSXZaPbGVsf4HJqU6RKl/posts/857972939765545"
,"https://www.facebook.com/pfbid0chjU4UqXkb3X1s7yUCLVdmToFuibcatUv7WhGZHoRj4RpWSXZaPbGVsf4HJqU6RKl/posts/878838304345675"
,"https://www.facebook.com/pfbid0chjU4UqXkb3X1s7yUCLVdmToFuibcatUv7WhGZHoRj4RpWSXZaPbGVsf4HJqU6RKl/posts/879607884268717"
,"https://www.facebook.com/pfbid0chjU4UqXkb3X1s7yUCLVdmToFuibcatUv7WhGZHoRj4RpWSXZaPbGVsf4HJqU6RKl/posts/859811679581671"
,"https://www.facebook.com/pfbid0chjU4UqXkb3X1s7yUCLVdmToFuibcatUv7WhGZHoRj4RpWSXZaPbGVsf4HJqU6RKl/posts/875729021323270"
,"https://www.facebook.com/pfbid0chjU4UqXkb3X1s7yUCLVdmToFuibcatUv7WhGZHoRj4RpWSXZaPbGVsf4HJqU6RKl/posts/857542889808550"
,"https://www.facebook.com/pfbid0chjU4UqXkb3X1s7yUCLVdmToFuibcatUv7WhGZHoRj4RpWSXZaPbGVsf4HJqU6RKl/posts/872830128279826"
,"https://www.facebook.com/pfbid0chjU4UqXkb3X1s7yUCLVdmToFuibcatUv7WhGZHoRj4RpWSXZaPbGVsf4HJqU6RKl/posts/877432277819611"
,"https://www.facebook.com/pfbid0chjU4UqXkb3X1s7yUCLVdmToFuibcatUv7WhGZHoRj4RpWSXZaPbGVsf4HJqU6RKl/posts/877151284514377"
,"https://www.facebook.com/pfbid0chjU4UqXkb3X1s7yUCLVdmToFuibcatUv7WhGZHoRj4RpWSXZaPbGVsf4HJqU6RKl/posts/872525181643654"
,"https://www.facebook.com/pfbid0chjU4UqXkb3X1s7yUCLVdmToFuibcatUv7WhGZHoRj4RpWSXZaPbGVsf4HJqU6RKl/posts/872256421670530"
,"https://www.facebook.com/pfbid0chjU4UqXkb3X1s7yUCLVdmToFuibcatUv7WhGZHoRj4RpWSXZaPbGVsf4HJqU6RKl/posts/871863015043204"
,"https://www.facebook.com/pfbid0chjU4UqXkb3X1s7yUCLVdmToFuibcatUv7WhGZHoRj4RpWSXZaPbGVsf4HJqU6RKl/posts/871146918448147"
,"https://www.facebook.com/pfbid0chjU4UqXkb3X1s7yUCLVdmToFuibcatUv7WhGZHoRj4RpWSXZaPbGVsf4HJqU6RKl/posts/870404661855706"
,"https://www.facebook.com/pfbid0chjU4UqXkb3X1s7yUCLVdmToFuibcatUv7WhGZHoRj4RpWSXZaPbGVsf4HJqU6RKl/posts/869908828571956"
,"https://www.facebook.com/pfbid0chjU4UqXkb3X1s7yUCLVdmToFuibcatUv7WhGZHoRj4RpWSXZaPbGVsf4HJqU6RKl/posts/869069915322514"
,"https://www.facebook.com/pfbid0chjU4UqXkb3X1s7yUCLVdmToFuibcatUv7WhGZHoRj4RpWSXZaPbGVsf4HJqU6RKl/posts/866573005572205"
,"https://www.facebook.com/pfbid0chjU4UqXkb3X1s7yUCLVdmToFuibcatUv7WhGZHoRj4RpWSXZaPbGVsf4HJqU6RKl/posts/867018972194275"
,"https://www.facebook.com/pfbid0chjU4UqXkb3X1s7yUCLVdmToFuibcatUv7WhGZHoRj4RpWSXZaPbGVsf4HJqU6RKl/posts/865786218984217"
,"https://www.facebook.com/pfbid0chjU4UqXkb3X1s7yUCLVdmToFuibcatUv7WhGZHoRj4RpWSXZaPbGVsf4HJqU6RKl/posts/867639755465530"
,"https://www.facebook.com/pfbid0chjU4UqXkb3X1s7yUCLVdmToFuibcatUv7WhGZHoRj4RpWSXZaPbGVsf4HJqU6RKl/posts/864466265782879"
,"https://www.facebook.com/pfbid0chjU4UqXkb3X1s7yUCLVdmToFuibcatUv7WhGZHoRj4RpWSXZaPbGVsf4HJqU6RKl/posts/863693009193538"
,"https://www.facebook.com/pfbid0chjU4UqXkb3X1s7yUCLVdmToFuibcatUv7WhGZHoRj4RpWSXZaPbGVsf4HJqU6RKl/posts/864887515740754"
,"https://www.facebook.com/pfbid0chjU4UqXkb3X1s7yUCLVdmToFuibcatUv7WhGZHoRj4RpWSXZaPbGVsf4HJqU6RKl/posts/863739882522184"
,"https://www.facebook.com/pfbid0chjU4UqXkb3X1s7yUCLVdmToFuibcatUv7WhGZHoRj4RpWSXZaPbGVsf4HJqU6RKl/posts/863917745837731"
,"https://www.facebook.com/pfbid0chjU4UqXkb3X1s7yUCLVdmToFuibcatUv7WhGZHoRj4RpWSXZaPbGVsf4HJqU6RKl/posts/866291918933647"
