﻿"attachments/0/target/__typename","attachments/0/target/id","attachments/0/target/matching_quantity","attachments/0/target/spark_quantity","attachments/0/target/stars_image_on_star_quantity","attachments/0/target/virtual_gift","attachments/0/target/virtual_gift_type/__typename","attachments/0/target/virtual_gift_type/gift_animated_image","attachments/0/target/virtual_gift_type/gift_image","attachments/0/target/virtual_gift_type/gift_keyframe_asset_name","attachments/0/target/virtual_gift_type/gift_keyframe_asset_url","attachments/0/target/virtual_gift_type/id","commentUrl","comments/0/commentUrl","comments/0/date","comments/0/feedbackId","comments/0/id","comments/0/likesCount","comments/0/parentComment/author/__typename","comments/0/parentComment/author/id","comments/0/parentComment/author/name","comments/0/parentComment/author/short_name","comments/0/parentComment/id","comments/0/profileId","comments/0/profileName","comments/0/profilePicture","comments/0/profileUrl","comments/0/replyToCommentId","comments/0/text","comments/0/threadingDepth","commentsCount","date","facebookId","facebookUrl","feedbackId","id","inputUrl","likesCount","pageAdLibrary/id","pageAdLibrary/is_business_page_active","parentComment/author/__typename","parentComment/author/id","parentComment/author/name","parentComment/author/short_name","parentComment/id","postTitle","profileId","profileName","profilePicture","profileUrl","replyToCommentId","text","threadingDepth"
,,,,,,,,,,,,"https://www.facebook.com/ilham.ajo.37604/posts/pfbid0TCmNdr12vtJihQ47kiULbURXUAyaumbELFZ8cwESuKj7as6WGvtqZE4btxMhSJtSl?comment_id=1235910507748075",,,,,,,,,,,,,,,,,,"1","2024-09-23T09:42:29.000Z","2317617618581349","https://www.facebook.com/100009994003233/posts/2317617618581349","ZmVlZGJhY2s6MjMxNzYxNzYxODU4MTM0OV8xMjM1OTEwNTA3NzQ4MDc1","Y29tbWVudDoyMzE3NjE3NjE4NTgxMzQ5XzEyMzU5MTA1MDc3NDgwNzU=","https://www.facebook.com/100009994003233/posts/2317617618581349","1","200476579818147","false",,,,,,"Waktunya Kita Gasken
Jagung Manis ROMANZA F1 Cap Bintang Asia Produksi dari PT Benih Citra Asia 
Buah Super Gede
Rasa Super Manis
Produksi Hasil Tinggi 
Lebih Panjang, Lebih Besar, Lebih Manis...
SEMUA ORANG @sorotan  Mhd Arpi 
.
.","100004825651478","NiZar Bintang Asia","https://scontent-dfw5-1.xx.fbcdn.net/v/t39.30808-1/438276089_2611594555678041_6997404202785061953_n.jpg?stp=cp0_dst-jpg_p32x32&_nc_cat=111&ccb=1-7&_nc_sid=50d2ac&_nc_ohc=EYsV5G9NhH8Q7kNvgEbKVTG&_nc_ht=scontent-dfw5-1.xx&_nc_gid=ALquN0CWdXuKD_ahhQ8qtc6&oh=00_AYC-td6DY1VDlOUvi9G-HUCkObdjaQANRfl8QCDROsDrJg&oe=66FFD4AE","https://www.facebook.com/nizar.setia.3",,"Membara","0"
,,,,,,,,,,,,"https://www.facebook.com/ilham.ajo.37604/posts/pfbid0TCmNdr12vtJihQ47kiULbURXUAyaumbELFZ8cwESuKj7as6WGvtqZE4btxMhSJtSl?comment_id=1230115338439242",,,,,,,,,,,,,,,,,,"1","2024-09-23T16:33:51.000Z","2317617618581349","https://www.facebook.com/100009994003233/posts/2317617618581349","ZmVlZGJhY2s6MjMxNzYxNzYxODU4MTM0OV8xMjMwMTE1MzM4NDM5MjQy","Y29tbWVudDoyMzE3NjE3NjE4NTgxMzQ5XzEyMzAxMTUzMzg0MzkyNDI=","https://www.facebook.com/100009994003233/posts/2317617618581349","1","200476579818147","false",,,,,,"Waktunya Kita Gasken
Jagung Manis ROMANZA F1 Cap Bintang Asia Produksi dari PT Benih Citra Asia 
Buah Super Gede
Rasa Super Manis
Produksi Hasil Tinggi 
Lebih Panjang, Lebih Besar, Lebih Manis...
SEMUA ORANG @sorotan  Mhd Arpi 
.
.","100006759276024","Kopi Susu","https://scontent-dfw5-2.xx.fbcdn.net/v/t39.30808-1/457313047_3843369685898303_8630632096743929739_n.jpg?stp=cp0_dst-jpg_s32x32&_nc_cat=107&ccb=1-7&_nc_sid=50d2ac&_nc_ohc=-sv0AoB-znEQ7kNvgHzl8a3&_nc_ht=scontent-dfw5-2.xx&_nc_gid=ALquN0CWdXuKD_ahhQ8qtc6&oh=00_AYD920D-XXcaGvsJvZrKX2z6i08YH4LoOxkDxCvYk5Nc2Q&oe=66FFD9ED","https://www.facebook.com/razu.geng.7",,"Gas trus bos jngan kasi kendor..bintang asia emng jos gandos🤤🤤👍👍🫰🫰","0"
,,,,,,,,,,,,"https://www.facebook.com/ilham.ajo.37604/posts/pfbid0TCmNdr12vtJihQ47kiULbURXUAyaumbELFZ8cwESuKj7as6WGvtqZE4btxMhSJtSl?comment_id=1034337154853612",,,,,,,,,,,,,,,,,,"1","2024-09-23T14:16:59.000Z","2317617618581349","https://www.facebook.com/100009994003233/posts/2317617618581349","ZmVlZGJhY2s6MjMxNzYxNzYxODU4MTM0OV8xMDM0MzM3MTU0ODUzNjEy","Y29tbWVudDoyMzE3NjE3NjE4NTgxMzQ5XzEwMzQzMzcxNTQ4NTM2MTI=","https://www.facebook.com/100009994003233/posts/2317617618581349","1","200476579818147","false",,,,,,"Waktunya Kita Gasken
Jagung Manis ROMANZA F1 Cap Bintang Asia Produksi dari PT Benih Citra Asia 
Buah Super Gede
Rasa Super Manis
Produksi Hasil Tinggi 
Lebih Panjang, Lebih Besar, Lebih Manis...
SEMUA ORANG @sorotan  Mhd Arpi 
.
.","100000252734154","Sutarman Ar Rasyid","https://scontent-dfw5-2.xx.fbcdn.net/v/t39.30808-1/235895266_4591351950883184_8840857036031897211_n.jpg?stp=c35.0.610.610a_cp0_dst-jpg_s32x32&_nc_cat=102&ccb=1-7&_nc_sid=50d2ac&_nc_ohc=hVlsfX0SkEcQ7kNvgFdf5qk&_nc_ht=scontent-dfw5-2.xx&_nc_gid=ALquN0CWdXuKD_ahhQ8qtc6&oh=00_AYD8TH4MQkKIh4arqe__o7Olj41BehnpLMjmO_3z9lpvnA&oe=66FFE3F3","https://www.facebook.com/raikage.sutarman",,"bahan e ono Ora? jo posting Poto wae wkwkwkw","0"
,,,,,,,,,,,,"https://www.facebook.com/ilham.ajo.37604/posts/pfbid0TCmNdr12vtJihQ47kiULbURXUAyaumbELFZ8cwESuKj7as6WGvtqZE4btxMhSJtSl?comment_id=2044618582640374",,,,,,,,,,,,,,,,,,"1","2024-09-23T09:32:15.000Z","2317617618581349","https://www.facebook.com/100009994003233/posts/2317617618581349","ZmVlZGJhY2s6MjMxNzYxNzYxODU4MTM0OV8yMDQ0NjE4NTgyNjQwMzc0","Y29tbWVudDoyMzE3NjE3NjE4NTgxMzQ5XzIwNDQ2MTg1ODI2NDAzNzQ=","https://www.facebook.com/100009994003233/posts/2317617618581349","1","200476579818147","false",,,,,,"Waktunya Kita Gasken
Jagung Manis ROMANZA F1 Cap Bintang Asia Produksi dari PT Benih Citra Asia 
Buah Super Gede
Rasa Super Manis
Produksi Hasil Tinggi 
Lebih Panjang, Lebih Besar, Lebih Manis...
SEMUA ORANG @sorotan  Mhd Arpi 
.
.","100007578522755","Renzy Bintangasia","https://scontent-dfw5-2.xx.fbcdn.net/v/t39.30808-1/426012403_3605728109689771_2277782955804277447_n.jpg?stp=cp0_dst-jpg_s32x32&_nc_cat=104&ccb=1-7&_nc_sid=50d2ac&_nc_ohc=Dk2tR_uNxVUQ7kNvgGQBO_q&_nc_ht=scontent-dfw5-2.xx&_nc_gid=ALquN0CWdXuKD_ahhQ8qtc6&oh=00_AYANNmEogMfhvOHrvEEYVZ4jPH20bUPt4mE-cvcCdzzL6Q&oe=66FFDA84","https://www.facebook.com/renzi.prayuda",,"Mantap","0"
,,,,,,,,,,,,"https://www.facebook.com/ilham.ajo.37604/posts/pfbid0TCmNdr12vtJihQ47kiULbURXUAyaumbELFZ8cwESuKj7as6WGvtqZE4btxMhSJtSl?comment_id=539222712022771",,,,,,,,,,,,,,,,,,"1","2024-09-23T11:18:24.000Z","2317617618581349","https://www.facebook.com/100009994003233/posts/2317617618581349","ZmVlZGJhY2s6MjMxNzYxNzYxODU4MTM0OV81MzkyMjI3MTIwMjI3NzE=","Y29tbWVudDoyMzE3NjE3NjE4NTgxMzQ5XzUzOTIyMjcxMjAyMjc3MQ==","https://www.facebook.com/100009994003233/posts/2317617618581349","1","200476579818147","false",,,,,,"Waktunya Kita Gasken
Jagung Manis ROMANZA F1 Cap Bintang Asia Produksi dari PT Benih Citra Asia 
Buah Super Gede
Rasa Super Manis
Produksi Hasil Tinggi 
Lebih Panjang, Lebih Besar, Lebih Manis...
SEMUA ORANG @sorotan  Mhd Arpi 
.
.","100014406039341","Hileud Melon","https://scontent-dfw5-2.xx.fbcdn.net/v/t39.30808-1/451432247_1859537544536429_4310570413362761283_n.jpg?stp=cp0_dst-jpg_s32x32&_nc_cat=100&ccb=1-7&_nc_sid=50d2ac&_nc_ohc=5XaqNkNvS9IQ7kNvgEsVQ_v&_nc_ht=scontent-dfw5-2.xx&_nc_gid=ALquN0CWdXuKD_ahhQ8qtc6&oh=00_AYDB-Ua7Jq7ZDTeyXFnmGD-966QFR4DmmG71X6278TJdwQ&oe=66FFE019",,,"Bagi om","0"
,,,,,,,,,,,,"https://www.facebook.com/ilham.ajo.37604/posts/pfbid0TCmNdr12vtJihQ47kiULbURXUAyaumbELFZ8cwESuKj7as6WGvtqZE4btxMhSJtSl?comment_id=1207928420258436",,,,,,,,,,,,,,,,,,"5","2024-09-23T10:48:13.000Z","2317617618581349","https://www.facebook.com/100009994003233/posts/2317617618581349","ZmVlZGJhY2s6MjMxNzYxNzYxODU4MTM0OV8xMjA3OTI4NDIwMjU4NDM2","Y29tbWVudDoyMzE3NjE3NjE4NTgxMzQ5XzEyMDc5Mjg0MjAyNTg0MzY=","https://www.facebook.com/100009994003233/posts/2317617618581349","1","200476579818147","false",,,,,,"Waktunya Kita Gasken
Jagung Manis ROMANZA F1 Cap Bintang Asia Produksi dari PT Benih Citra Asia 
Buah Super Gede
Rasa Super Manis
Produksi Hasil Tinggi 
Lebih Panjang, Lebih Besar, Lebih Manis...
SEMUA ORANG @sorotan  Mhd Arpi 
.
.","pfbid0NSTt96XEA21iXMph1wuUAuREcgtgM5PHAmRFn8W16y5UfXmFfMvG53n14WgAdjE1l","Il Dan Al","https://scontent-dfw5-2.xx.fbcdn.net/v/t39.30808-1/419632526_1132375114806637_9179191960413534651_n.jpg?stp=cp0_dst-jpg_s32x32&_nc_cat=108&ccb=1-7&_nc_sid=0ecb9b&_nc_ohc=J6YscaLSC1UQ7kNvgGbcDKp&_nc_ht=scontent-dfw5-2.xx&_nc_gid=ALquN0CWdXuKD_ahhQ8qtc6&oh=00_AYAZTaEOTf_LYwW2WxJW3GoVrWx6G7q_woTxi26s1nBQXA&oe=66FFE4F9","https://www.facebook.com/ildan.al.35",,"Jadi artis lah Adek akk tu Yo il😅😅","0"
,,,,,,,,,,,,"https://www.facebook.com/ilham.ajo.37604/posts/pfbid0TCmNdr12vtJihQ47kiULbURXUAyaumbELFZ8cwESuKj7as6WGvtqZE4btxMhSJtSl?comment_id=2044618582640374&reply_comment_id=441739118336946",,,,,,,,,,,,,,,,,,,"2024-09-23T14:38:05.000Z","2317617618581349","https://www.facebook.com/100009994003233/posts/2317617618581349","ZmVlZGJhY2s6MjMxNzYxNzYxODU4MTM0OV80NDE3MzkxMTgzMzY5NDY=","Y29tbWVudDoyMzE3NjE3NjE4NTgxMzQ5XzQ0MTczOTExODMzNjk0Ng==","https://www.facebook.com/100009994003233/posts/2317617618581349","0","200476579818147","false","User","100007578522755","Renzy Bintangasia","Renzy","Y29tbWVudDoyMzE3NjE3NjE4NTgxMzQ5XzIwNDQ2MTg1ODI2NDAzNzQ=","Waktunya Kita Gasken
Jagung Manis ROMANZA F1 Cap Bintang Asia Produksi dari PT Benih Citra Asia 
Buah Super Gede
Rasa Super Manis
Produksi Hasil Tinggi 
Lebih Panjang, Lebih Besar, Lebih Manis...
SEMUA ORANG @sorotan  Mhd Arpi 
.
.","100009994003233","Ilham Bintang Asia","https://scontent.fver2-1.fna.fbcdn.net/v/t39.30808-1/349801600_780566773437800_6977822504580595866_n.jpg?stp=cp0_dst-jpg_s32x32&_nc_cat=100&ccb=1-7&_nc_sid=50d2ac&_nc_ohc=iaOcLsKmi9cQ7kNvgESGPQq&_nc_ht=scontent.fver2-1.fna&oh=00_AYAslR1mPxqNdqxrm16lj-raREH940uN5P7oHFQIVZu89w&oe=66FFCEBB","https://www.facebook.com/ilham.ajo.37604","Y29tbWVudDoyMzE3NjE3NjE4NTgxMzQ5XzIwNDQ2MTg1ODI2NDAzNzQ=","Renzy Bintangasia Josss pokok e Romanza","1"
,,,,,,,,,,,,"https://www.facebook.com/ilham.ajo.37604/posts/pfbid0TCmNdr12vtJihQ47kiULbURXUAyaumbELFZ8cwESuKj7as6WGvtqZE4btxMhSJtSl?comment_id=539222712022771&reply_comment_id=1275485306798864",,,,,,,,,,,,,,,,,,,"2024-09-23T14:37:37.000Z","2317617618581349","https://www.facebook.com/100009994003233/posts/2317617618581349","ZmVlZGJhY2s6MjMxNzYxNzYxODU4MTM0OV8xMjc1NDg1MzA2Nzk4ODY0","Y29tbWVudDoyMzE3NjE3NjE4NTgxMzQ5XzEyNzU0ODUzMDY3OTg4NjQ=","https://www.facebook.com/100009994003233/posts/2317617618581349","0","200476579818147","false","User","100014406039341","Hileud Melon","Hileud","Y29tbWVudDoyMzE3NjE3NjE4NTgxMzQ5XzUzOTIyMjcxMjAyMjc3MQ==","Waktunya Kita Gasken
Jagung Manis ROMANZA F1 Cap Bintang Asia Produksi dari PT Benih Citra Asia 
Buah Super Gede
Rasa Super Manis
Produksi Hasil Tinggi 
Lebih Panjang, Lebih Besar, Lebih Manis...
SEMUA ORANG @sorotan  Mhd Arpi 
.
.","100009994003233","Ilham Bintang Asia","https://scontent.fstu6-1.fna.fbcdn.net/v/t39.30808-1/349801600_780566773437800_6977822504580595866_n.jpg?stp=cp0_dst-jpg_s32x32&_nc_cat=100&ccb=1-7&_nc_sid=50d2ac&_nc_ohc=iaOcLsKmi9cQ7kNvgHgSvnK&_nc_ht=scontent.fstu6-1.fna&_nc_gid=AymYwiFfR6sHsmidTMd2yTV&oh=00_AYC0UXKEPivqATiGNA0iglIYGOv6bO_zB0GKV14ibKw80w&oe=66FFCEBB","https://www.facebook.com/ilham.ajo.37604","Y29tbWVudDoyMzE3NjE3NjE4NTgxMzQ5XzUzOTIyMjcxMjAyMjc3MQ==","Hileud Melon Siappp, kirim Kontener Om..","1"
,,,,,,,,,,,,"https://www.facebook.com/ilham.ajo.37604/posts/pfbid0TCmNdr12vtJihQ47kiULbURXUAyaumbELFZ8cwESuKj7as6WGvtqZE4btxMhSJtSl?comment_id=1034337154853612&reply_comment_id=497670023074091",,,,,,,,,,,,,,,,,,,"2024-09-23T14:39:24.000Z","2317617618581349","https://www.facebook.com/100009994003233/posts/2317617618581349","ZmVlZGJhY2s6MjMxNzYxNzYxODU4MTM0OV80OTc2NzAwMjMwNzQwOTE=","Y29tbWVudDoyMzE3NjE3NjE4NTgxMzQ5XzQ5NzY3MDAyMzA3NDA5MQ==","https://www.facebook.com/100009994003233/posts/2317617618581349","0","200476579818147","false","User","100000252734154","Sutarman Ar Rasyid","Sutarman","Y29tbWVudDoyMzE3NjE3NjE4NTgxMzQ5XzEwMzQzMzcxNTQ4NTM2MTI=","Waktunya Kita Gasken
Jagung Manis ROMANZA F1 Cap Bintang Asia Produksi dari PT Benih Citra Asia 
Buah Super Gede
Rasa Super Manis
Produksi Hasil Tinggi 
Lebih Panjang, Lebih Besar, Lebih Manis...
SEMUA ORANG @sorotan  Mhd Arpi 
.
.","100009994003233","Ilham Bintang Asia","https://scontent-ord5-2.xx.fbcdn.net/v/t39.30808-1/349801600_780566773437800_6977822504580595866_n.jpg?stp=cp0_dst-jpg_s32x32&_nc_cat=100&ccb=1-7&_nc_sid=50d2ac&_nc_ohc=iaOcLsKmi9cQ7kNvgFzh2Fe&_nc_ht=scontent-ord5-2.xx&_nc_gid=AEVeqUv0ThhpunTTq2JqadJ&oh=00_AYBsUjeCDooJephIF17z3_ya8egZ6sgE7hRR9xt6ZDK1vg&oe=66FFCEBB","https://www.facebook.com/ilham.ajo.37604","Y29tbWVudDoyMzE3NjE3NjE4NTgxMzQ5XzEwMzQzMzcxNTQ4NTM2MTI=","Sutarman Ar Rasyid Selooww, Menyala nak ikii😀🔥","1"
,,,,,,,,,,,,"https://www.facebook.com/ilham.ajo.37604/posts/pfbid0TCmNdr12vtJihQ47kiULbURXUAyaumbELFZ8cwESuKj7as6WGvtqZE4btxMhSJtSl?comment_id=1235910507748075&reply_comment_id=507134302272766",,,,,,,,,,,,,,,,,,,"2024-09-23T14:40:28.000Z","2317617618581349","https://www.facebook.com/100009994003233/posts/2317617618581349","ZmVlZGJhY2s6MjMxNzYxNzYxODU4MTM0OV81MDcxMzQzMDIyNzI3NjY=","Y29tbWVudDoyMzE3NjE3NjE4NTgxMzQ5XzUwNzEzNDMwMjI3Mjc2Ng==","https://www.facebook.com/100009994003233/posts/2317617618581349","0","200476579818147","false","User","100004825651478","NiZar Bintang Asia","NiZar","Y29tbWVudDoyMzE3NjE3NjE4NTgxMzQ5XzEyMzU5MTA1MDc3NDgwNzU=","Waktunya Kita Gasken
Jagung Manis ROMANZA F1 Cap Bintang Asia Produksi dari PT Benih Citra Asia 
Buah Super Gede
Rasa Super Manis
Produksi Hasil Tinggi 
Lebih Panjang, Lebih Besar, Lebih Manis...
SEMUA ORANG @sorotan  Mhd Arpi 
.
.","100009994003233","Ilham Bintang Asia","https://scontent.fpos1-2.fna.fbcdn.net/v/t39.30808-1/349801600_780566773437800_6977822504580595866_n.jpg?stp=cp0_dst-jpg_s32x32&_nc_cat=100&ccb=1-7&_nc_sid=50d2ac&_nc_ohc=iaOcLsKmi9cQ7kNvgE6Di4B&_nc_ht=scontent.fpos1-2.fna&_nc_gid=ASdyDJ7qxXROSnUR-dsiaBc&oh=00_AYAfLhAgnYxHD3FQkZADNV5DIOUrwaWC2fhaA2WgN92lgg&oe=66FFCEBB","https://www.facebook.com/ilham.ajo.37604","Y29tbWVudDoyMzE3NjE3NjE4NTgxMzQ5XzEyMzU5MTA1MDc3NDgwNzU=","NiZar Bintang Asia Berapiiii🔥🔥🔥","1"
,,,,,,,,,,,,"https://www.facebook.com/ilham.ajo.37604/videos/1796146114545388/?comment_id=1627601121151338",,,,,,,,,,,,,,,,,,,"2024-09-26T03:38:54.000Z","1796146114545388","https://www.facebook.com/100009994003233/posts/1796146114545388","ZmVlZGJhY2s6MTc5NjE0NjExNDU0NTM4OF8xNjI3NjAxMTIxMTUxMzM4","Y29tbWVudDoxNzk2MTQ2MTE0NTQ1Mzg4XzE2Mjc2MDExMjExNTEzMzg=","https://www.facebook.com/100009994003233/posts/1796146114545388","0",,,,,,,,"Ilham Bintang Asia was live.","100009994003233","Ilham Bintang Asia","https://scontent-atl3-1.xx.fbcdn.net/v/t39.30808-1/349801600_780566773437800_6977822504580595866_n.jpg?stp=cp0_dst-jpg_s32x32&_nc_cat=100&ccb=1-7&_nc_sid=50d2ac&_nc_ohc=iaOcLsKmi9cQ7kNvgH30PhF&_nc_ht=scontent-atl3-1.xx&oh=00_AYB4sw6VCNv5ga7uAw2kU4BoBq49CYAgXwAxOEN37H9IDQ&oe=66FFCEBB","https://www.facebook.com/ilham.ajo.37604",,"🌟 Anda bisa mendukung saya dengan mengirim Bintang. Bintang membantu saya mendapatkan uang untuk membuat lebih banyak konten!","0"
,,,,,,,,,,,,"https://www.facebook.com/ilham.ajo.37604/videos/1796146114545388/?comment_id=1192441291983188",,,,,,,,,,,,,,,,,,,"2024-09-26T05:16:08.000Z","1796146114545388","https://www.facebook.com/100009994003233/posts/1796146114545388","ZmVlZGJhY2s6MTc5NjE0NjExNDU0NTM4OF8xMTkyNDQxMjkxOTgzMTg4","Y29tbWVudDoxNzk2MTQ2MTE0NTQ1Mzg4XzExOTI0NDEyOTE5ODMxODg=","https://www.facebook.com/100009994003233/posts/1796146114545388","1",,,,,,,,"Ilham Bintang Asia was live.","pfbid02Fi35i6ofxp5cihww2pQ1bjZKpJGfJYWWwgbysMkFBY74GJotQTaTs2ZnhQySaK2Bl","Suhar Syakira","https://scontent-atl3-2.xx.fbcdn.net/v/t39.30808-1/363792217_998036524948449_7292434775988921046_n.jpg?stp=cp0_dst-jpg_s32x32&_nc_cat=101&ccb=1-7&_nc_sid=0ecb9b&_nc_ohc=Q6NKpZsobtwQ7kNvgGYT8_N&_nc_ht=scontent-atl3-2.xx&oh=00_AYDX4zJZVEA5UiCHN9Hxy65uw-hze-s38DpMxRM8yGZTWA&oe=66FFE475","https://www.facebook.com/suhar.syakira",,"Bilang am bg Anto byk imbg TPT kodok, tolong jual kn tanah tu  🤣","0"
,,,,,,,,,,,,"https://www.facebook.com/ilham.ajo.37604/posts/pfbid0TCmNdr12vtJihQ47kiULbURXUAyaumbELFZ8cwESuKj7as6WGvtqZE4btxMhSJtSl?comment_id=1207928420258436&reply_comment_id=1456058702463042",,,,,,,,,,,,,,,,,,"2","2024-09-23T14:40:05.000Z","2317617618581349","https://www.facebook.com/100009994003233/posts/2317617618581349","ZmVlZGJhY2s6MjMxNzYxNzYxODU4MTM0OV8xNDU2MDU4NzAyNDYzMDQy","Y29tbWVudDoyMzE3NjE3NjE4NTgxMzQ5XzE0NTYwNTg3MDI0NjMwNDI=","https://www.facebook.com/100009994003233/posts/2317617618581349","1","200476579818147","false","User","pfbid0NSTt96XEA21iXMph1wuUAuREcgtgM5PHAmRFn8W16y5UfXmFfMvG53n14WgAdjE1l","Il Dan Al","Il Dan","Y29tbWVudDoyMzE3NjE3NjE4NTgxMzQ5XzEyMDc5Mjg0MjAyNTg0MzY=","Waktunya Kita Gasken
Jagung Manis ROMANZA F1 Cap Bintang Asia Produksi dari PT Benih Citra Asia 
Buah Super Gede
Rasa Super Manis
Produksi Hasil Tinggi 
Lebih Panjang, Lebih Besar, Lebih Manis...
SEMUA ORANG @sorotan  Mhd Arpi 
.
.","100009994003233","Ilham Bintang Asia","https://scontent.fdxb2-1.fna.fbcdn.net/v/t39.30808-1/349801600_780566773437800_6977822504580595866_n.jpg?stp=cp0_dst-jpg_s32x32&_nc_cat=100&ccb=1-7&_nc_sid=50d2ac&_nc_ohc=iaOcLsKmi9cQ7kNvgHHNnV6&_nc_ht=scontent.fdxb2-1.fna&_nc_gid=AFNa6_64U3AXqFBNNXmnG8P&oh=00_AYDnIZsI6fIReOM7iZrCF8SQRQK10o3h72s9cS5T7nJ0Fw&oe=66FFCEBB","https://www.facebook.com/ilham.ajo.37604","Y29tbWVudDoyMzE3NjE3NjE4NTgxMzQ5XzEyMDc5Mjg0MjAyNTg0MzY=","Il Dan Al Udah SE Indonesia itu Poto nyo kak 😀
Keluar nnti kalender 2025😀","1"
,,,,,,,,,,,,"https://www.facebook.com/ilham.ajo.37604/posts/pfbid0TCmNdr12vtJihQ47kiULbURXUAyaumbELFZ8cwESuKj7as6WGvtqZE4btxMhSJtSl?comment_id=1207928420258436&reply_comment_id=1049065060191019",,,,,,,,,,,,,,,,,,,"2024-09-23T15:42:43.000Z","2317617618581349","https://www.facebook.com/100009994003233/posts/2317617618581349","ZmVlZGJhY2s6MjMxNzYxNzYxODU4MTM0OV8xMDQ5MDY1MDYwMTkxMDE5","Y29tbWVudDoyMzE3NjE3NjE4NTgxMzQ5XzEwNDkwNjUwNjAxOTEwMTk=","https://www.facebook.com/100009994003233/posts/2317617618581349","1","200476579818147","false","User","pfbid0NSTt96XEA21iXMph1wuUAuREcgtgM5PHAmRFn8W16y5UfXmFfMvG53n14WgAdjE1l","Il Dan Al","Il Dan","Y29tbWVudDoyMzE3NjE3NjE4NTgxMzQ5XzEyMDc5Mjg0MjAyNTg0MzY=","Waktunya Kita Gasken
Jagung Manis ROMANZA F1 Cap Bintang Asia Produksi dari PT Benih Citra Asia 
Buah Super Gede
Rasa Super Manis
Produksi Hasil Tinggi 
Lebih Panjang, Lebih Besar, Lebih Manis...
SEMUA ORANG @sorotan  Mhd Arpi 
.
.","pfbid02MuZFLX2qzmB8Z5Q9r74jGQvWCjHGmrWVTiFa448sXzyDkbVmBfM288eaYsu4Fp7jl","Mhd Arpi","https://scontent.fdxb2-1.fna.fbcdn.net/v/t39.30808-1/379473145_1067753407737917_1556965108746439272_n.jpg?stp=c0.120.720.720a_cp0_dst-jpg_s32x32&_nc_cat=101&ccb=1-7&_nc_sid=0ecb9b&_nc_ohc=SDZ-seZAPYAQ7kNvgGA6D6Q&_nc_ht=scontent.fdxb2-1.fna&_nc_gid=AFNa6_64U3AXqFBNNXmnG8P&oh=00_AYCeXDOGKJ-mLfW6yfYvKf5bxZnln2Iuvreh6ipj-CO9TQ&oe=66FFE2E1","https://www.facebook.com/mhd.arpi.1","Y29tbWVudDoyMzE3NjE3NjE4NTgxMzQ5XzEyMDc5Mjg0MjAyNTg0MzY=","Ilham Bintang Asia aiy motan tu il...","2"
,,,,,,,,,,,,"https://www.facebook.com/ilham.ajo.37604/posts/pfbid0TCmNdr12vtJihQ47kiULbURXUAyaumbELFZ8cwESuKj7as6WGvtqZE4btxMhSJtSl?comment_id=1207928420258436&reply_comment_id=1620989725499861",,,,,,,,,,,,,,,,,,,"2024-09-23T15:49:29.000Z","2317617618581349","https://www.facebook.com/100009994003233/posts/2317617618581349","ZmVlZGJhY2s6MjMxNzYxNzYxODU4MTM0OV8xNjIwOTg5NzI1NDk5ODYx","Y29tbWVudDoyMzE3NjE3NjE4NTgxMzQ5XzE2MjA5ODk3MjU0OTk4NjE=","https://www.facebook.com/100009994003233/posts/2317617618581349","0","200476579818147","false","User","pfbid0NSTt96XEA21iXMph1wuUAuREcgtgM5PHAmRFn8W16y5UfXmFfMvG53n14WgAdjE1l","Il Dan Al","Il Dan","Y29tbWVudDoyMzE3NjE3NjE4NTgxMzQ5XzEyMDc5Mjg0MjAyNTg0MzY=","Waktunya Kita Gasken
Jagung Manis ROMANZA F1 Cap Bintang Asia Produksi dari PT Benih Citra Asia 
Buah Super Gede
Rasa Super Manis
Produksi Hasil Tinggi 
Lebih Panjang, Lebih Besar, Lebih Manis...
SEMUA ORANG @sorotan  Mhd Arpi 
.
.","100009994003233","Ilham Bintang Asia","https://scontent.fdxb2-1.fna.fbcdn.net/v/t39.30808-1/349801600_780566773437800_6977822504580595866_n.jpg?stp=cp0_dst-jpg_s32x32&_nc_cat=100&ccb=1-7&_nc_sid=50d2ac&_nc_ohc=iaOcLsKmi9cQ7kNvgHHNnV6&_nc_ht=scontent.fdxb2-1.fna&_nc_gid=AFNa6_64U3AXqFBNNXmnG8P&oh=00_AYDnIZsI6fIReOM7iZrCF8SQRQK10o3h72s9cS5T7nJ0Fw&oe=66FFCEBB","https://www.facebook.com/ilham.ajo.37604","Y29tbWVudDoyMzE3NjE3NjE4NTgxMzQ5XzEyMDc5Mjg0MjAyNTg0MzY=","Mhd Arpi Iyooohh, Tunggu ajo kojab Lagii..😀","2"
,,,,,,,,,,,,"https://www.facebook.com/ilham.ajo.37604/posts/pfbid0TCmNdr12vtJihQ47kiULbURXUAyaumbELFZ8cwESuKj7as6WGvtqZE4btxMhSJtSl?comment_id=1207928420258436&reply_comment_id=400684123054059",,,,,,,,,,,,,,,,,,"1","2024-09-23T15:51:52.000Z","2317617618581349","https://www.facebook.com/100009994003233/posts/2317617618581349","ZmVlZGJhY2s6MjMxNzYxNzYxODU4MTM0OV80MDA2ODQxMjMwNTQwNTk=","Y29tbWVudDoyMzE3NjE3NjE4NTgxMzQ5XzQwMDY4NDEyMzA1NDA1OQ==","https://www.facebook.com/100009994003233/posts/2317617618581349","1","200476579818147","false","User","pfbid0NSTt96XEA21iXMph1wuUAuREcgtgM5PHAmRFn8W16y5UfXmFfMvG53n14WgAdjE1l","Il Dan Al","Il Dan","Y29tbWVudDoyMzE3NjE3NjE4NTgxMzQ5XzEyMDc5Mjg0MjAyNTg0MzY=","Waktunya Kita Gasken
Jagung Manis ROMANZA F1 Cap Bintang Asia Produksi dari PT Benih Citra Asia 
Buah Super Gede
Rasa Super Manis
Produksi Hasil Tinggi 
Lebih Panjang, Lebih Besar, Lebih Manis...
SEMUA ORANG @sorotan  Mhd Arpi 
.
.","pfbid02MuZFLX2qzmB8Z5Q9r74jGQvWCjHGmrWVTiFa448sXzyDkbVmBfM288eaYsu4Fp7jl","Mhd Arpi","https://scontent.fdxb2-1.fna.fbcdn.net/v/t39.30808-1/379473145_1067753407737917_1556965108746439272_n.jpg?stp=c0.120.720.720a_cp0_dst-jpg_s32x32&_nc_cat=101&ccb=1-7&_nc_sid=0ecb9b&_nc_ohc=SDZ-seZAPYAQ7kNvgGA6D6Q&_nc_ht=scontent.fdxb2-1.fna&_nc_gid=AFNa6_64U3AXqFBNNXmnG8P&oh=00_AYCeXDOGKJ-mLfW6yfYvKf5bxZnln2Iuvreh6ipj-CO9TQ&oe=66FFE2E1","https://www.facebook.com/mhd.arpi.1","Y29tbWVudDoyMzE3NjE3NjE4NTgxMzQ5XzEyMDc5Mjg0MjAyNTg0MzY=","Adoi il.. mantap la","1"
,,,,,,,,,,,,"https://www.facebook.com/ilham.ajo.37604/posts/pfbid0TCmNdr12vtJihQ47kiULbURXUAyaumbELFZ8cwESuKj7as6WGvtqZE4btxMhSJtSl?comment_id=1207928420258436&reply_comment_id=8663530470377769",,,,,,,,,,,,,,,,,,,"2024-09-24T03:13:05.000Z","2317617618581349","https://www.facebook.com/100009994003233/posts/2317617618581349","ZmVlZGJhY2s6MjMxNzYxNzYxODU4MTM0OV84NjYzNTMwNDcwMzc3NzY5","Y29tbWVudDoyMzE3NjE3NjE4NTgxMzQ5Xzg2NjM1MzA0NzAzNzc3Njk=","https://www.facebook.com/100009994003233/posts/2317617618581349","0","200476579818147","false","User","pfbid0NSTt96XEA21iXMph1wuUAuREcgtgM5PHAmRFn8W16y5UfXmFfMvG53n14WgAdjE1l","Il Dan Al","Il Dan","Y29tbWVudDoyMzE3NjE3NjE4NTgxMzQ5XzEyMDc5Mjg0MjAyNTg0MzY=","Waktunya Kita Gasken
Jagung Manis ROMANZA F1 Cap Bintang Asia Produksi dari PT Benih Citra Asia 
Buah Super Gede
Rasa Super Manis
Produksi Hasil Tinggi 
Lebih Panjang, Lebih Besar, Lebih Manis...
SEMUA ORANG @sorotan  Mhd Arpi 
.
.","100009994003233","Ilham Bintang Asia","https://scontent.fdxb2-1.fna.fbcdn.net/v/t39.30808-1/349801600_780566773437800_6977822504580595866_n.jpg?stp=cp0_dst-jpg_s32x32&_nc_cat=100&ccb=1-7&_nc_sid=50d2ac&_nc_ohc=iaOcLsKmi9cQ7kNvgHHNnV6&_nc_ht=scontent.fdxb2-1.fna&_nc_gid=AFNa6_64U3AXqFBNNXmnG8P&oh=00_AYDnIZsI6fIReOM7iZrCF8SQRQK10o3h72s9cS5T7nJ0Fw&oe=66FFCEBB","https://www.facebook.com/ilham.ajo.37604","Y29tbWVudDoyMzE3NjE3NjE4NTgxMzQ5XzEyMDc5Mjg0MjAyNTg0MzY=","Mhd Arpi Gasss Teruss Jagung Manis ROMANZA F1 😀😀😀","2"
,,,,,,,,,,,,"https://www.facebook.com/ilham.ajo.37604/videos/1081143623440630/?comment_id=1703848697055275","https://www.facebook.com/ilham.ajo.37604/videos/1081143623440630/?comment_id=1703848697055275&reply_comment_id=1457827951454019","2024-09-25T14:00:32.000Z","ZmVlZGJhY2s6MjMxODg0MjI0NTEyNTU1M18xNDU3ODI3OTUxNDU0MDE5","Y29tbWVudDoyMzE4ODQyMjQ1MTI1NTUzXzE0NTc4Mjc5NTE0NTQwMTk=","0","User","61559648087814","Sami Bintang Asia","Sami Bintang Asia","Y29tbWVudDoyMzE4ODQyMjQ1MTI1NTUzXzE3MDM4NDg2OTcwNTUyNzU=","100009994003233","Ilham Bintang Asia","https://scontent.fbhx4-2.fna.fbcdn.net/v/t39.30808-1/349801600_780566773437800_6977822504580595866_n.jpg?stp=cp0_dst-jpg_s32x32&_nc_cat=100&ccb=1-7&_nc_sid=50d2ac&_nc_ohc=iaOcLsKmi9cQ7kNvgG3w_3_&_nc_ht=scontent.fbhx4-2.fna&_nc_gid=AI2YFhqlD8TV1eg0nx6PiuW&oh=00_AYBnzIwZxH91wE43oYaQOYx63u3JI33O4QfJKitYUxp8hA&oe=66FFCEBB","https://www.facebook.com/ilham.ajo.37604","Y29tbWVudDoyMzE4ODQyMjQ1MTI1NTUzXzE3MDM4NDg2OTcwNTUyNzU=","Sami Bintang Asia 10 MDPL masbroo","1","1","2024-09-25T11:03:12.000Z","2318842245125553","https://www.facebook.com/100009994003233/posts/2318842245125553","ZmVlZGJhY2s6MjMxODg0MjI0NTEyNTU1M18xNzAzODQ4Njk3MDU1Mjc1","Y29tbWVudDoyMzE4ODQyMjQ1MTI1NTUzXzE3MDM4NDg2OTcwNTUyNzU=","https://www.facebook.com/100009994003233/posts/2318842245125553","1",,,,,,,,"Coming Soon 
Jagung Manis ROMANZA F1 Cap Bintang Asia Produksi dari PT Benih Citra Asia 
👉Tongkol Super Gede
👉Rasa Super Manis
👉Tahan Bulai 
👉Tahan Hawar...","61559648087814","Sami Bintang Asia","https://scontent.fbhx4-2.fna.fbcdn.net/v/t39.30808-1/447269061_122112947984321602_2383448233833295482_n.jpg?stp=cp0_dst-jpg_s32x32&_nc_cat=101&ccb=1-7&_nc_sid=10b96e&_nc_ohc=PikZ_87jJvEQ7kNvgEvSweh&_nc_ht=scontent.fbhx4-2.fna&_nc_gid=AI2YFhqlD8TV1eg0nx6PiuW&oh=00_AYAvtVmgZM5e0TWYkFHEUQ1hdQkmYa5xO9dKxB7NOCOMrQ&oe=66FFE30C","https://www.facebook.com/sami.bintang.asia",,"Ketinggian berapa bro","0"
"VideoTipJarPayment","1081849540036705","0","1","https://static.xx.fbcdn.net/rsrc.php/v3/yN/r/z6visRJQXR_.png",,"StarsVirtualGiftBaseType",,"/images/assets_DO_NOT_HARDCODE/user_pay_stars_virtual_gifts/Community-Unification-Default-Tier1-Thoughtful-Testing-Static.png","Community-Unification-Default-T1-Thoughtful-bottomsheet-testing-animation","https://static.xx.fbcdn.net/rsrc.php/y6/r/qfD07Iv6r-5.kf","1414980765966032","https://www.facebook.com/ilham.ajo.37604/videos/1081143623440630/?comment_id=1298652098176897",,,,,,,,,,,,,,,,,,,"2024-09-25T13:19:58.000Z","2318842245125553","https://www.facebook.com/100009994003233/posts/2318842245125553","ZmVlZGJhY2s6MjMxODg0MjI0NTEyNTU1M18xMjk4NjUyMDk4MTc2ODk3","Y29tbWVudDoyMzE4ODQyMjQ1MTI1NTUzXzEyOTg2NTIwOTgxNzY4OTc=","https://www.facebook.com/100009994003233/posts/2318842245125553","2",,,,,,,,"Coming Soon 
Jagung Manis ROMANZA F1 Cap Bintang Asia Produksi dari PT Benih Citra Asia 
👉Tongkol Super Gede
👉Rasa Super Manis
👉Tahan Bulai 
👉Tahan Hawar...","100007578522755","Renzy Bintangasia","https://scontent.fbhx4-1.fna.fbcdn.net/v/t39.30808-1/426012403_3605728109689771_2277782955804277447_n.jpg?stp=cp0_dst-jpg_s32x32&_nc_cat=104&ccb=1-7&_nc_sid=50d2ac&_nc_ohc=Dk2tR_uNxVUQ7kNvgEGRJwK&_nc_ht=scontent.fbhx4-1.fna&_nc_gid=AI2YFhqlD8TV1eg0nx6PiuW&oh=00_AYAfwffjQ_UCeoYAD6A7Mw7Hxm5whKkdhQPwNg3dtuUTUA&oe=66FFDA84","https://www.facebook.com/renzi.prayuda",,,"0"
,,,,,,,,,,,,"https://www.facebook.com/ilham.ajo.37604/videos/1081143623440630/?comment_id=1703848697055275&reply_comment_id=1457827951454019",,,,,,,,,,,,,,,,,,,"2024-09-25T14:00:32.000Z","2318842245125553","https://www.facebook.com/100009994003233/posts/2318842245125553","ZmVlZGJhY2s6MjMxODg0MjI0NTEyNTU1M18xNDU3ODI3OTUxNDU0MDE5","Y29tbWVudDoyMzE4ODQyMjQ1MTI1NTUzXzE0NTc4Mjc5NTE0NTQwMTk=","https://www.facebook.com/100009994003233/posts/2318842245125553","0",,,"User","61559648087814","Sami Bintang Asia","Sami Bintang Asia","Y29tbWVudDoyMzE4ODQyMjQ1MTI1NTUzXzE3MDM4NDg2OTcwNTUyNzU=","Coming Soon 
Jagung Manis ROMANZA F1 Cap Bintang Asia Produksi dari PT Benih Citra Asia 
👉Tongkol Super Gede
👉Rasa Super Manis
👉Tahan Bulai 
👉Tahan Hawar...","100009994003233","Ilham Bintang Asia","https://scontent.fmem1-1.fna.fbcdn.net/v/t39.30808-1/349801600_780566773437800_6977822504580595866_n.jpg?stp=cp0_dst-jpg_s32x32&_nc_cat=100&ccb=1-7&_nc_sid=50d2ac&_nc_ohc=iaOcLsKmi9cQ7kNvgGvJX3b&_nc_ht=scontent.fmem1-1.fna&_nc_gid=A7zjTgengzMOIbggP12UnSk&oh=00_AYAlP-EF1pkVA4qwJd4fCPjSLVUwz683UPVvZlSJlcjDCg&oe=66FFCEBB","https://www.facebook.com/ilham.ajo.37604","Y29tbWVudDoyMzE4ODQyMjQ1MTI1NTUzXzE3MDM4NDg2OTcwNTUyNzU=","Sami Bintang Asia 10 MDPL masbroo","1"
,,,,,,,,,,,,"https://www.facebook.com/ilham.ajo.37604/posts/pfbid0TCmNdr12vtJihQ47kiULbURXUAyaumbELFZ8cwESuKj7as6WGvtqZE4btxMhSJtSl?comment_id=1230115338439242&reply_comment_id=883253677065102",,,,,,,,,,,,,,,,,,,"2024-09-24T03:12:18.000Z","2317617618581349","https://www.facebook.com/100009994003233/posts/2317617618581349","ZmVlZGJhY2s6MjMxNzYxNzYxODU4MTM0OV84ODMyNTM2NzcwNjUxMDI=","Y29tbWVudDoyMzE3NjE3NjE4NTgxMzQ5Xzg4MzI1MzY3NzA2NTEwMg==","https://www.facebook.com/100009994003233/posts/2317617618581349","1","200476579818147","false","User","100006759276024","Kopi Susu","Kopi","Y29tbWVudDoyMzE3NjE3NjE4NTgxMzQ5XzEyMzAxMTUzMzg0MzkyNDI=","Waktunya Kita Gasken
Jagung Manis ROMANZA F1 Cap Bintang Asia Produksi dari PT Benih Citra Asia 
Buah Super Gede
Rasa Super Manis
Produksi Hasil Tinggi 
Lebih Panjang, Lebih Besar, Lebih Manis...
SEMUA ORANG @sorotan  Mhd Arpi 
.
.","100009994003233","Ilham Bintang Asia","https://scontent-dfw5-2.xx.fbcdn.net/v/t39.30808-1/349801600_780566773437800_6977822504580595866_n.jpg?stp=cp0_dst-jpg_s32x32&_nc_cat=100&ccb=1-7&_nc_sid=50d2ac&_nc_ohc=iaOcLsKmi9cQ7kNvgG6Ey0p&_nc_ht=scontent-dfw5-2.xx&oh=00_AYB1vYIgrrYN78ceLPIAshYD9riGu_bwbyCgVnZhGRgdew&oe=66FFCEBB","https://www.facebook.com/ilham.ajo.37604","Y29tbWVudDoyMzE3NjE3NjE4NTgxMzQ5XzEyMzAxMTUzMzg0MzkyNDI=","Kopi Susu Siapp Pak Boskuuu, Membara🔥🔥🔥","1"
