﻿"commentUrl","date","facebookId","facebookUrl","feedbackId","id","inputUrl","likesCount","pageAdLibrary/id","pageAdLibrary/is_business_page_active","postTitle","profileId","profileName","profilePicture","profileUrl","text"
"https://www.facebook.com/100004370253176/posts/2817074455114869?comment_id=1794193117986936","2024-09-18T01:47:30.000Z","2817074455114869","https://www.facebook.com/100004370253176/posts/2817074455114869","ZmVlZGJhY2s6MjgxNzA3NDQ1NTExNDg2OV8xNzk0MTkzMTE3OTg2OTM2","Y29tbWVudDoyODE3MDc0NDU1MTE0ODY5XzE3OTQxOTMxMTc5ODY5MzY=","https://www.facebook.com/100004370253176/posts/2817074455114869","1","261237703739109","false","Ngobrol santai Bersama Petani kacang Panjang Panzer Bintang Asia

Yok tanam kacang panjang panzer dari bintang asia 
Kacang panjang polong keras.
Warna polong : hijau gelap.
Ukuran panjang : ± 80 cm.
Umur panen : ± 44 hst.
Potensi hasil : ± 31 tons/ha.
Tahan simpan.
Adaptasi utama di dataran rendah.
Tahan virus.
Daya simpan lama.
Lebat dan produksi tinggi.

#suksesbersmaaBintangasia
#panzer
#inovasianaknegri
Benih Citra Asia 
Benih Citra Asia 
Bintang Asia 
Sah Dan  Narasumber
@sorotan 
pengikut","100007578522755","Renzy Bintangasia","https://scontent-lax3-1.xx.fbcdn.net/v/t39.30808-1/426012403_3605728109689771_2277782955804277447_n.jpg?stp=cp0_dst-jpg_s32x32&_nc_cat=104&ccb=1-7&_nc_sid=50d2ac&_nc_ohc=V70ESvgEanEQ7kNvgFbsO07&_nc_ht=scontent-lax3-1.xx&_nc_gid=AclDErLsMHmyodNhDTPo3oJ&oh=00_AYAtTkzKonlbFdkQYegn1NcDK5SkLL-sb9OG3WaHuJqNKA&oe=66F19244","https://www.facebook.com/renzi.prayuda","Mantap omku"
