﻿"channelAvatarUrl","channelBannerUrl","channelDescription","channelDescriptionLinks/0/text","channelDescriptionLinks/0/url","channelId","channelJoinedDate","channelLocation","channelName","channelTotalVideos","channelTotalViews","channelUrl","comments","commentsCount","commentsTurnedOff","date","descriptionLinks/0/text","descriptionLinks/0/url","descriptionLinks/1/text","descriptionLinks/1/url","descriptionLinks/2/text","descriptionLinks/2/url","descriptionLinks/3/text","descriptionLinks/3/url","descriptionLinks/4/text","descriptionLinks/4/url","descriptionLinks/5/text","descriptionLinks/5/url","descriptionLinks/6/text","descriptionLinks/6/url","descriptionLinks/7/text","descriptionLinks/7/url","descriptionLinks/8/text","descriptionLinks/8/url","duration","fromYTUrl","id","inputChannelUrl","isAgeRestricted","isChannelVerified","isMonetized","likes","location","numberOfSubscribers","subtitles","text","thumbnailUrl","title","type","url","viewCount"
"https://yt3.googleusercontent.com/SUWfKoWnJ6SxAMW5QWacHbzCnx-VjqjF7naf8KrRK7AC9Mj8kKPu5mjtofy59h8w1BTQ14GFUA=s160-c-k-c0x00ffffff-no-rj","https://yt3.googleusercontent.com/X-a3zfLu499GhimqlQkj3lJdwJ8V1rwBuN_dbKr_f4cVUgBS3OozvETEx93VfBMTIXOsgRO4=w2560-fcrop64=1,00005a57ffffa5a8-k-c0xffffffff-no-nd-rj","Edukasi Pertanian 

Milfar Adalah sebuah Media Edukasi,Informasi dan bisnis pertanian,
Channel Milfar_id Berisikan tentang Vidio Vidio Edukasi seputar pertanian,Baik itu dalam Halbudidaya Tanaman,Perawatan Tanaman dan lain lainnya 

Milfar sendiri di bangun agar mampu memberikan pemahaman kepada para petani pemula yang ingin belajar Bertani,Baik itu dalam Hal membangun Hoby di bidang pertanian ataupun ingin menjadikan pertanian sebagai lahan bisnis

Semoga dengan adanya Channel Milfar_id dapat membantu teman teman menemukan dan menumbuhkan minat di bidang pertanian 

Silahkan hubungi kontak kami jika butuh pelatihan pertanian 
(083134083929)","Info kontak,grub,dan product ","https://lynk.id/milfar_id","UCihbRKEmIzer-fOFwvLRckg","Dec 27, 2022","Indonesia","Milfar_id","76","892273","https://www.youtube.com/channel/UCihbRKEmIzer-fOFwvLRckg",,"3","false","2024-09-24T12:51:29.000Z","‪@milfar_id‬","https://www.youtube.com/@milfar_id","‪@milfar_id‬","https://www.youtube.com/@milfar_id","https://lynk.id/milfar_id","https://lynk.id/milfar_id","   • CARA POTONG PUCUK CABAI AGAR BERCABAN...  ","https://www.youtube.com/watch?v=Uh1s1ecF8qE&t=0s","   • CARA MERANGSANG & MEMPERCEPAT !! PERT...  ","https://www.youtube.com/watch?v=0Yv72fHxF9g&t=0s","   • RESEP MENCEGAH KRITING DAUN PADA CABA...  ","https://www.youtube.com/watch?v=V0IAlCqAzWc&t=0s","   • UKURAN POLYBAG YANG COCOK UNTUK TANAM...  ","https://www.youtube.com/watch?v=PvvwDvDUjJg&t=0s","   • BISA TAHAN SELAMA INI !! 😮 TANAM CABA...  ","https://www.youtube.com/watch?v=xeEv5MwcOto&t=0s","https://lynk.id/milfar_id","https://lynk.id/milfar_id","00:01:58","https://www.youtube.com/@milfar_id/videos","xrT7pUPdsQw","https://www.youtube.com/@milfar_id","false","false",,"6","KABUPATEN BANTAENG","8390",,"KOMBINASI PUPUK CABAI MASA GENERATIF (MENJELANG BUNGA DAN BUAH )
Halo sobat ‪@milfar_id‬ 
Vidio ini berisikan tentang penjelasan lengkap tentang kombinasi pupuk yang digunakan untuk CABAI YANG TELAH MASUK MASA GENERATIF silahkan di simak baik baik hingga akhir 

Semoga Bermanfaat dan jangan lupa Pantau dan support terus Chanel ​⁠‪@milfar_id‬ dengan like,Share And Subscribe Chanelnya,Agar tidak ketinggalan info menarik Lainnya seputar bidang pertanian 

Pembelian product kunjungi official store kami 👇
https://lynk.id/milfar_id
____________________________________________

PLAY LIST MILFAR_ID
1.Tutorial Potong pucuk Cabe 👇
   • CARA POTONG PUCUK CABAI AGAR BERCABAN...  

2. Cara mempercepat pertumbuhan cabai👇
   • CARA MERANGSANG & MEMPERCEPAT !! PERT...  

3. Cara mencegah kriting daun pada cabai👇
   • RESEP MENCEGAH KRITING DAUN PADA CABA...  

4. Ukuran Polybag untuk cabai👇
   • UKURAN POLYBAG YANG COCOK UNTUK TANAM...  

5. Cabe di polybag bertahan berpa lama? 👇
   • BISA TAHAN SELAMA INI !! 😮 TANAM CABA...  

_____________________________________________
Konsultasi,kontak,Grub,dan pemesanan product
Kamu bisa temukan layanan kami di sini 👇
https://lynk.id/milfar_id
_____________________________________________

Apa saja Rekomendasi pupuk cabai
Pupuk cabai saat berbunga 
Pupuk cabai masa generatif
Pupuk cabai mencegah rontok 
Pupuk cabai menjelang bunga dan buah 
Pupuk cabai agar subur buahnya 
Pupuk cabai pelebat buah","https://i.ytimg.com/vi/xrT7pUPdsQw/maxresdefault.jpg","KOMBINASI PUPUK CABAI MASA GENERATIF (MENJELANG BUNGA DAN BUAH )","video","https://www.youtube.com/watch?v=xrT7pUPdsQw","1262"
"https://yt3.googleusercontent.com/SUWfKoWnJ6SxAMW5QWacHbzCnx-VjqjF7naf8KrRK7AC9Mj8kKPu5mjtofy59h8w1BTQ14GFUA=s160-c-k-c0x00ffffff-no-rj","https://yt3.googleusercontent.com/X-a3zfLu499GhimqlQkj3lJdwJ8V1rwBuN_dbKr_f4cVUgBS3OozvETEx93VfBMTIXOsgRO4=w2560-fcrop64=1,00005a57ffffa5a8-k-c0xffffffff-no-nd-rj","Edukasi Pertanian 

Milfar Adalah sebuah Media Edukasi,Informasi dan bisnis pertanian,
Channel Milfar_id Berisikan tentang Vidio Vidio Edukasi seputar pertanian,Baik itu dalam Halbudidaya Tanaman,Perawatan Tanaman dan lain lainnya 

Milfar sendiri di bangun agar mampu memberikan pemahaman kepada para petani pemula yang ingin belajar Bertani,Baik itu dalam Hal membangun Hoby di bidang pertanian ataupun ingin menjadikan pertanian sebagai lahan bisnis

Semoga dengan adanya Channel Milfar_id dapat membantu teman teman menemukan dan menumbuhkan minat di bidang pertanian 

Silahkan hubungi kontak kami jika butuh pelatihan pertanian 
(083134083929)","Info kontak,grub,dan product ","https://lynk.id/milfar_id","UCihbRKEmIzer-fOFwvLRckg","Dec 27, 2022","Indonesia","Milfar_id","76","892273","https://www.youtube.com/channel/UCihbRKEmIzer-fOFwvLRckg",,"2","false","2024-09-17T12:25:46.000Z","‪@milfar_id‬","https://www.youtube.com/@milfar_id","https://lynk.id/milfar_id","https://lynk.id/milfar_id","   • CARA POTONG PUCUK CABAI AGAR BERCABAN...  ","https://www.youtube.com/watch?v=Uh1s1ecF8qE&t=0s","   • CARA MERANGSANG & MEMPERCEPAT !! PERT...  ","https://www.youtube.com/watch?v=0Yv72fHxF9g&t=0s","   • RESEP MENCEGAH KRITING DAUN PADA CABA...  ","https://www.youtube.com/watch?v=V0IAlCqAzWc&t=0s","   • UKURAN POLYBAG YANG COCOK UNTUK TANAM...  ","https://www.youtube.com/watch?v=PvvwDvDUjJg&t=0s","   • BISA TAHAN SELAMA INI !! 😮 TANAM CABA...  ","https://www.youtube.com/watch?v=xeEv5MwcOto&t=0s","https://lynk.id/milfar_id","https://lynk.id/milfar_id",,,"00:01:21","https://www.youtube.com/@milfar_id/videos","ejsNIN_MKBE","https://www.youtube.com/@milfar_id","false","false",,"10","KABUPATEN BANTAENG","8390",,"SEMUDAH INI DAN TERBUKTI SECARA DATA,SOLUSI PERTUMBUHAN CABAI STUCK

SEMUDAH INI DAN TERBUKTI SECARA DATA,SOLUSI PERTUMBUHAN CABAI STUCK

Halo Sobat ​⁠​⁠ 
Vidio ini berisikan tentang penjelasan lengkap tentang cara mengatasi pertumbuhan cabai yang tidak optimal dan daunnya menguning 
Yuk di simak vidionya hingga Akhir 

Semoga Bermanfaat dan jangan lupa Pantau dan support terus Chanel ​⁠ ‪@milfar_id‬ dengan like,Share And Subscribe Chanelnya,Agar tidak ketinggalan info menarik Lainnya seputar bidang pertanian 

Pembelian product kunjungi official store kami 👇
https://lynk.id/milfar_id

____________________________________________

PLAY LIST MILFAR_ID
1.Tutorial Potong pucuk Cabe 👇
   • CARA POTONG PUCUK CABAI AGAR BERCABAN...  

2. Cara mempercepat pertumbuhan cabai👇
   • CARA MERANGSANG & MEMPERCEPAT !! PERT...  

3. Cara mencegah kriting daun pada cabai👇
   • RESEP MENCEGAH KRITING DAUN PADA CABA...  

4. Ukuran Polybag untuk cabai👇
   • UKURAN POLYBAG YANG COCOK UNTUK TANAM...  

5. Cabe di polybag bertahan berpa lama? 👇
   • BISA TAHAN SELAMA INI !! 😮 TANAM CABA...  

_____________________________________________
Konsultasi,kontak,Grub,dan pemesanan product
Kamu bisa temukan layanan kami di sini 👇

https://lynk.id/milfar_id

_____________________________________________
Apa solusi tanaman cabai kerdil ?

Cabai kerdil dan kuning 
Cabai kerdil 
Cabai daun kuning 
Cara atasi daun cabai kuning 
Cara atasi cabai kerdil 
Cara atasi daun cabai kuning dan kerdil 
Solusi cabai kerdil 
Solusi daun cabai kuning","https://i.ytimg.com/vi/ejsNIN_MKBE/maxresdefault.jpg","SEMUDAH INI DAN TERBUKTI SECARA DATA,SOLUSI PERTUMBUHAN CABAI STUCK","video","https://www.youtube.com/watch?v=ejsNIN_MKBE","1456"
"https://yt3.googleusercontent.com/SUWfKoWnJ6SxAMW5QWacHbzCnx-VjqjF7naf8KrRK7AC9Mj8kKPu5mjtofy59h8w1BTQ14GFUA=s160-c-k-c0x00ffffff-no-rj","https://yt3.googleusercontent.com/X-a3zfLu499GhimqlQkj3lJdwJ8V1rwBuN_dbKr_f4cVUgBS3OozvETEx93VfBMTIXOsgRO4=w2560-fcrop64=1,00005a57ffffa5a8-k-c0xffffffff-no-nd-rj","Edukasi Pertanian 

Milfar Adalah sebuah Media Edukasi,Informasi dan bisnis pertanian,
Channel Milfar_id Berisikan tentang Vidio Vidio Edukasi seputar pertanian,Baik itu dalam Halbudidaya Tanaman,Perawatan Tanaman dan lain lainnya 

Milfar sendiri di bangun agar mampu memberikan pemahaman kepada para petani pemula yang ingin belajar Bertani,Baik itu dalam Hal membangun Hoby di bidang pertanian ataupun ingin menjadikan pertanian sebagai lahan bisnis

Semoga dengan adanya Channel Milfar_id dapat membantu teman teman menemukan dan menumbuhkan minat di bidang pertanian 

Silahkan hubungi kontak kami jika butuh pelatihan pertanian 
(083134083929)","Info kontak,grub,dan product ","https://lynk.id/milfar_id","UCihbRKEmIzer-fOFwvLRckg","Dec 27, 2022","Indonesia","Milfar_id","76","892273","https://www.youtube.com/channel/UCihbRKEmIzer-fOFwvLRckg",,"1","false","2024-10-02T01:53:09.000Z","‪@milfar_id‬","https://www.youtube.com/@milfar_id","https://lynk.id/milfar_id","https://lynk.id/milfar_id","   • CARA POTONG PUCUK CABAI AGAR BERCABAN...  ","https://www.youtube.com/watch?v=Uh1s1ecF8qE&t=0s","   • CARA MERANGSANG & MEMPERCEPAT !! PERT...  ","https://www.youtube.com/watch?v=0Yv72fHxF9g&t=0s","   • RESEP MENCEGAH KRITING DAUN PADA CABA...  ","https://www.youtube.com/watch?v=V0IAlCqAzWc&t=0s","   • UKURAN POLYBAG YANG COCOK UNTUK TANAM...  ","https://www.youtube.com/watch?v=PvvwDvDUjJg&t=0s","   • BISA TAHAN SELAMA INI !! 😮 TANAM CABA...  ","https://www.youtube.com/watch?v=xeEv5MwcOto&t=0s","https://lynk.id/milfar_id","https://lynk.id/milfar_id",,,"00:34:22","https://www.youtube.com/@milfar_id/videos","UI2QINhHFIA","https://www.youtube.com/@milfar_id","false","false",,"2","KABUPATEN BANTAENG","8390",,"PERTEMUAN PERTAMA,SHARING MENGENAI SEPUTAR PENGOLAHAN LAHAN DAN PENANAMAN

Halo Sobat ​⁠​⁠ 
Vidio ini berisikan tentang pertemuan zoom materi pertama seputar pengolahan lahan dan penanaman 

Semoga Bermanfaat dan jangan lupa Pantau dan support terus Chanel ​⁠‪@milfar_id‬ ​⁠  dengan like,Share And Subscribe Chanelnya,Agar tidak ketinggalan info menarik Lainnya seputar bidang pertanian 

Pembelian product kunjungi official store kami 👇
https://lynk.id/milfar_id
____________________________________________

PLAY LIST MILFAR_ID
1.Tutorial Potong pucuk Cabe 👇
   • CARA POTONG PUCUK CABAI AGAR BERCABAN...  

2. Cara mempercepat pertumbuhan cabai👇
   • CARA MERANGSANG & MEMPERCEPAT !! PERT...  

3. Cara mencegah kriting daun pada cabai👇
   • RESEP MENCEGAH KRITING DAUN PADA CABA...  

4. Ukuran Polybag untuk cabai👇
   • UKURAN POLYBAG YANG COCOK UNTUK TANAM...  

5. Cabe di polybag bertahan berpa lama? 👇
   • BISA TAHAN SELAMA INI !! 😮 TANAM CABA...  

_____________________________________________
Konsultasi,kontak,Grub,dan pemesanan product
Kamu bisa temukan layanan kami di sini 👇
https://lynk.id/milfar_id

_____________________________________________

Bagaimana cara mengolah lahan 
Cara mengolah lahan langsung 
Cara mengolah lahan tanpa mulsa 
Cara mengolah media tanam di polybag 
Cara olah lahan tanpa bedengan 
Cara olah lahan langsung","https://i.ytimg.com/vi/UI2QINhHFIA/hqdefault.jpg","PERTEMUAN PERTAMA,PELATIHAN BUDIDAYA CABAI SKALA RUMAH BATCH 4 (PENGOLAHAN LAHAN DAN PENANAMAN)","video","https://www.youtube.com/watch?v=UI2QINhHFIA","187"
"https://yt3.googleusercontent.com/SUWfKoWnJ6SxAMW5QWacHbzCnx-VjqjF7naf8KrRK7AC9Mj8kKPu5mjtofy59h8w1BTQ14GFUA=s160-c-k-c0x00ffffff-no-rj","https://yt3.googleusercontent.com/X-a3zfLu499GhimqlQkj3lJdwJ8V1rwBuN_dbKr_f4cVUgBS3OozvETEx93VfBMTIXOsgRO4=w2560-fcrop64=1,00005a57ffffa5a8-k-c0xffffffff-no-nd-rj","Edukasi Pertanian 

Milfar Adalah sebuah Media Edukasi,Informasi dan bisnis pertanian,
Channel Milfar_id Berisikan tentang Vidio Vidio Edukasi seputar pertanian,Baik itu dalam Halbudidaya Tanaman,Perawatan Tanaman dan lain lainnya 

Milfar sendiri di bangun agar mampu memberikan pemahaman kepada para petani pemula yang ingin belajar Bertani,Baik itu dalam Hal membangun Hoby di bidang pertanian ataupun ingin menjadikan pertanian sebagai lahan bisnis

Semoga dengan adanya Channel Milfar_id dapat membantu teman teman menemukan dan menumbuhkan minat di bidang pertanian 

Silahkan hubungi kontak kami jika butuh pelatihan pertanian 
(083134083929)","Info kontak,grub,dan product ","https://lynk.id/milfar_id","UCihbRKEmIzer-fOFwvLRckg","Dec 27, 2022","Indonesia","Milfar_id","76","892273","https://www.youtube.com/channel/UCihbRKEmIzer-fOFwvLRckg",,"3","false","2024-09-22T11:10:23.000Z","https://lynk.id/milfar_id","https://lynk.id/milfar_id","   • CARA POTONG PUCUK CABAI AGAR BERCABAN...  ","https://www.youtube.com/watch?v=Uh1s1ecF8qE&t=0s","   • CARA MERANGSANG & MEMPERCEPAT !! PERT...  ","https://www.youtube.com/watch?v=0Yv72fHxF9g&t=0s","   • RESEP MENCEGAH KRITING DAUN PADA CABA...  ","https://www.youtube.com/watch?v=V0IAlCqAzWc&t=0s","   • UKURAN POLYBAG YANG COCOK UNTUK TANAM...  ","https://www.youtube.com/watch?v=PvvwDvDUjJg&t=0s","   • BISA TAHAN SELAMA INI !! 😮 TANAM CABA...  ","https://www.youtube.com/watch?v=xeEv5MwcOto&t=0s","https://lynk.id/milfar_id","https://lynk.id/milfar_id",,,,,"00:01:18","https://www.youtube.com/@milfar_id/videos","rdS_Bslx9hE","https://www.youtube.com/@milfar_id","false","false",,"1","KABUPATEN BANTAENG","8390",,"TIDAK ADA OBATNYA,INI DIA CARA MENCEGAH PENYAKIT LAYU FUSARIUM

Halo Sobat ​⁠​⁠ 
Vidio ini berisikan tentang penjelasan lengkap tentang cara mengatasi dan mencegah terjadinya penyakit LAYU FUSARIUM ,penyakit yang mematikan bagi tanaman cabai 

Semoga Bermanfaat dan jangan lupa Pantau dan support terus Chanel ​⁠  dengan like,Share And Subscribe Chanelnya,Agar tidak ketinggalan info menarik Lainnya seputar bidang pertanian 

Pembelian product kunjungi official store kami 👇
https://lynk.id/milfar_id
____________________________________________

PLAY LIST MILFAR_ID
1.Tutorial Potong pucuk Cabe 👇
   • CARA POTONG PUCUK CABAI AGAR BERCABAN...  

2. Cara mempercepat pertumbuhan cabai👇
   • CARA MERANGSANG & MEMPERCEPAT !! PERT...  

3. Cara mencegah kriting daun pada cabai👇
   • RESEP MENCEGAH KRITING DAUN PADA CABA...  

4. Ukuran Polybag untuk cabai👇
   • UKURAN POLYBAG YANG COCOK UNTUK TANAM...  

5. Cabe di polybag bertahan berpa lama? 👇
   • BISA TAHAN SELAMA INI !! 😮 TANAM CABA...  

_____________________________________________
Konsultasi,kontak,Grub,dan pemesanan product
Kamu bisa temukan layanan kami di sini 👇
https://lynk.id/milfar_id

_____________________________________________

Cara mencegah layu fusarium 
Cara mengobati layu fusarium 
Cara mengobati cabai terkena layu fusarium 
Cara mengatasi penyakit layu fusarium 
Cara membasmi layu fusarium 
Cara membasmi penyakit layu fusarium 
Cara mencegah penyakit layu fusarium","https://i.ytimg.com/vi/rdS_Bslx9hE/maxresdefault.jpg","TIDAK ADA OBATNYA,INI DIA CARA MENCEGAH PENYAKIT LAYU FUSARIUM","video","https://www.youtube.com/watch?v=rdS_Bslx9hE","182"
"https://yt3.googleusercontent.com/SUWfKoWnJ6SxAMW5QWacHbzCnx-VjqjF7naf8KrRK7AC9Mj8kKPu5mjtofy59h8w1BTQ14GFUA=s160-c-k-c0x00ffffff-no-rj","https://yt3.googleusercontent.com/X-a3zfLu499GhimqlQkj3lJdwJ8V1rwBuN_dbKr_f4cVUgBS3OozvETEx93VfBMTIXOsgRO4=w2560-fcrop64=1,00005a57ffffa5a8-k-c0xffffffff-no-nd-rj","Edukasi Pertanian 

Milfar Adalah sebuah Media Edukasi,Informasi dan bisnis pertanian,
Channel Milfar_id Berisikan tentang Vidio Vidio Edukasi seputar pertanian,Baik itu dalam Halbudidaya Tanaman,Perawatan Tanaman dan lain lainnya 

Milfar sendiri di bangun agar mampu memberikan pemahaman kepada para petani pemula yang ingin belajar Bertani,Baik itu dalam Hal membangun Hoby di bidang pertanian ataupun ingin menjadikan pertanian sebagai lahan bisnis

Semoga dengan adanya Channel Milfar_id dapat membantu teman teman menemukan dan menumbuhkan minat di bidang pertanian 

Silahkan hubungi kontak kami jika butuh pelatihan pertanian 
(083134083929)","Info kontak,grub,dan product ","https://lynk.id/milfar_id","UCihbRKEmIzer-fOFwvLRckg","Dec 27, 2022","Indonesia","Milfar_id","76","892273","https://www.youtube.com/channel/UCihbRKEmIzer-fOFwvLRckg",,"7","false","2024-09-23T11:46:40.000Z","https://lynk.id/milfar_id","https://lynk.id/milfar_id","   • CARA POTONG PUCUK CABAI AGAR BERCABAN...  ","https://www.youtube.com/watch?v=Uh1s1ecF8qE&t=0s","   • CARA MERANGSANG & MEMPERCEPAT !! PERT...  ","https://www.youtube.com/watch?v=0Yv72fHxF9g&t=0s","   • RESEP MENCEGAH KRITING DAUN PADA CABA...  ","https://www.youtube.com/watch?v=V0IAlCqAzWc&t=0s","   • UKURAN POLYBAG YANG COCOK UNTUK TANAM...  ","https://www.youtube.com/watch?v=PvvwDvDUjJg&t=0s","   • BISA TAHAN SELAMA INI !! 😮 TANAM CABA...  ","https://www.youtube.com/watch?v=xeEv5MwcOto&t=0s","https://lynk.id/milfar_id","https://lynk.id/milfar_id",,,,,"00:04:28","https://www.youtube.com/@milfar_id/videos","jpXANc7TbOQ","https://www.youtube.com/@milfar_id","false","false",,"33","KABUPATEN BANTAENG","8390",,"PERBEDAAN ,KELEMAHAN DAN KELEBIHAN POTONG PUCUK PADA CABAI !!

Halo Sobat ​⁠​⁠ 
Vidio ini berisikan tentang penjelasan lengkap tentang Perbedaan cabai dengan Tekhnik Potong pucuk dan yang tidak potong pucuk

Semoga Bermanfaat dan jangan lupa Pantau dan support terus Chanel ​⁠  dengan like,Share And Subscribe Chanelnya,Agar tidak ketinggalan info menarik Lainnya seputar bidang pertanian 

Pembelian product kunjungi official store kami 👇
https://lynk.id/milfar_id
____________________________________________

PLAY LIST MILFAR_ID
1.Tutorial Potong pucuk Cabe 👇
   • CARA POTONG PUCUK CABAI AGAR BERCABAN...  

2. Cara mempercepat pertumbuhan cabai👇
   • CARA MERANGSANG & MEMPERCEPAT !! PERT...  

3. Cara mencegah kriting daun pada cabai👇
   • RESEP MENCEGAH KRITING DAUN PADA CABA...  

4. Ukuran Polybag untuk cabai👇
   • UKURAN POLYBAG YANG COCOK UNTUK TANAM...  

5. Cabe di polybag bertahan berpa lama? 👇
   • BISA TAHAN SELAMA INI !! 😮 TANAM CABA...  

_____________________________________________
Konsultasi,kontak,Grub,dan pemesanan product
Kamu bisa temukan layanan kami di sini 👇
https://lynk.id/milfar_id

_____________________________________________

Bagaimana perbedaan potong pucuk dan tidak potong pucuk pada cabai ?
Cara potong pucuk 
Cara potong pucuk cabai 
Cara potong pucuk cabai agar pendek 
Perbedaan potong pucuk cabai 
Perbedaan potong pucuk dan tidak potong pucuk cabai 
Perbedaan tekhnik potong pucuk dan tidak potong pucuk pada cabai","https://i.ytimg.com/vi/jpXANc7TbOQ/maxresdefault.jpg","PERBEDAAN ,KELEMAHAN DAN KELEBIHAN POTONG PUCUK PADA CABAI !!","video","https://www.youtube.com/watch?v=jpXANc7TbOQ","2892"
