﻿"author","authorIsChannelOwner","channelAvatarUrl","channelBannerUrl","channelDescription","channelDescriptionLinks/0/text","channelDescriptionLinks/0/url","channelId","channelJoinedDate","channelLocation","channelName","channelTotalVideos","channelTotalViews","channelUrl","cid","comment","comments","commentsCount","date","descriptionLinks","duration","fromYTUrl","hasCreatorHeart","id","input","inputChannelUrl","isAgeRestricted","isChannelVerified","isMonetized","likes","note","numberOfSubscribers","order","pageUrl","publishedTimeText","replyCount","replyToCid","subtitles","text","thumbnailUrl","title","type","url","videoId","viewCount","voteCount"
,,,,,,,"UCihbRKEmIzer-fOFwvLRckg",,,"Milfar_id",,,"https://www.youtube.com/@milfar_id",,,,"3","2024-09-15T10:45:37.000Z",,,,,"zOLQar4OYE0",,,,,,"17",,,,,,,,,,,"Tekhnik potong pucuk Membuat cabai bercabang banyak dan berbuah lebat","shorts","https://www.youtube.com/shorts/zOLQar4OYE0",,"2232",
,,,,,,,"UCihbRKEmIzer-fOFwvLRckg",,,"Milfar_id",,,"https://www.youtube.com/@milfar_id",,,,"0","2024-09-26T01:12:14.000Z",,,,,"L2-iFsEf9n8",,,,,,"33",,,,,,,,,,,"Manfaat hebat dari sayur sebagai penyuplai  gizi #berkebun #garden #sayuransehat","shorts","https://www.youtube.com/shorts/L2-iFsEf9n8",,"3605",
,,,,,,,,,,"Milfar_id",,,,,,,"3","2024-09-28T10:40:19.000Z",,,,,"m3xkkY_7OmI",,,,,,"74",,,,,,,,,,,"Tips ampuh menangani daun kritinb biar dia gk nyebar dan boros biaya #cabai #berkebun #pupukcabai","shorts","https://www.youtube.com/shorts/m3xkkY_7OmI",,"10011",
,,,,,,,,,,,,,,,,,,,,,,,,"https://www.youtube.com/@milfar_id/about",,,,,,"The channel has no live videos.",,,,,,,,,,,,"https://www.youtube.com/@milfar_id/about",,,
,,,,,,,"UCihbRKEmIzer-fOFwvLRckg",,,"Milfar_id",,,"https://www.youtube.com/@milfar_id",,,,"3","2024-10-01T12:35:38.000Z",,,,,"kthjmEiV1AI",,,,,,"22",,,,,,,,,,,"Solusi kebun terhindar dari gangguan ayam tetangga #garden #berkebun #pertanian","shorts","https://www.youtube.com/shorts/kthjmEiV1AI",,"1905",
,,"https://yt3.googleusercontent.com/SUWfKoWnJ6SxAMW5QWacHbzCnx-VjqjF7naf8KrRK7AC9Mj8kKPu5mjtofy59h8w1BTQ14GFUA=s160-c-k-c0x00ffffff-no-rj","https://yt3.googleusercontent.com/X-a3zfLu499GhimqlQkj3lJdwJ8V1rwBuN_dbKr_f4cVUgBS3OozvETEx93VfBMTIXOsgRO4=w2560-fcrop64=1,00005a57ffffa5a8-k-c0xffffffff-no-nd-rj","Edukasi Pertanian 

Milfar Adalah sebuah Media Edukasi,Informasi dan bisnis pertanian,
Channel Milfar_id Berisikan tentang Vidio Vidio Edukasi seputar pertanian,Baik itu dalam Halbudidaya Tanaman,Perawatan Tanaman dan lain lainnya 

Milfar sendiri di bangun agar mampu memberikan pemahaman kepada para petani pemula yang ingin belajar Bertani,Baik itu dalam Hal membangun Hoby di bidang pertanian ataupun ingin menjadikan pertanian sebagai lahan bisnis

Semoga dengan adanya Channel Milfar_id dapat membantu teman teman menemukan dan menumbuhkan minat di bidang pertanian 

Silahkan hubungi kontak kami jika butuh pelatihan pertanian 
(083134083929)","Info kontak,grub,dan product ","https://lynk.id/milfar_id","UCihbRKEmIzer-fOFwvLRckg","Dec 27, 2022","Indonesia","Milfar_id","76","905344","https://www.youtube.com/channel/UCihbRKEmIzer-fOFwvLRckg",,,,"2","2023-09-04T11:51:49.000Z",,,"https://www.youtube.com/@milfar_id/shorts",,"-1lrqF6yE3w",,"https://www.youtube.com/@milfar_id/about","false","false",,"27",,"8460","25",,,,,,,"https://i.ytimg.com/vi/-1lrqF6yE3w/oar2.jpg?sqp=-oaymwEdCJUDENAFSFWQAgHyq4qpAwwIARUAAIhCcAHAAQY=&rs=AOn4CLAfRNWAms1Alfeg5nn7_dt6qWoSWQ","PUNYA PELARANGAN KOSONG? MENDING TANAM,TANAMAN INI !!!","shorts","https://www.youtube.com/shorts/-1lrqF6yE3w",,"1192",
,,"https://yt3.googleusercontent.com/SUWfKoWnJ6SxAMW5QWacHbzCnx-VjqjF7naf8KrRK7AC9Mj8kKPu5mjtofy59h8w1BTQ14GFUA=s160-c-k-c0x00ffffff-no-rj","https://yt3.googleusercontent.com/X-a3zfLu499GhimqlQkj3lJdwJ8V1rwBuN_dbKr_f4cVUgBS3OozvETEx93VfBMTIXOsgRO4=w2560-fcrop64=1,00005a57ffffa5a8-k-c0xffffffff-no-nd-rj","Edukasi Pertanian 

Milfar Adalah sebuah Media Edukasi,Informasi dan bisnis pertanian,
Channel Milfar_id Berisikan tentang Vidio Vidio Edukasi seputar pertanian,Baik itu dalam Halbudidaya Tanaman,Perawatan Tanaman dan lain lainnya 

Milfar sendiri di bangun agar mampu memberikan pemahaman kepada para petani pemula yang ingin belajar Bertani,Baik itu dalam Hal membangun Hoby di bidang pertanian ataupun ingin menjadikan pertanian sebagai lahan bisnis

Semoga dengan adanya Channel Milfar_id dapat membantu teman teman menemukan dan menumbuhkan minat di bidang pertanian 

Silahkan hubungi kontak kami jika butuh pelatihan pertanian 
(083134083929)","Info kontak,grub,dan product ","https://lynk.id/milfar_id","UCihbRKEmIzer-fOFwvLRckg","Dec 27, 2022","Indonesia","Milfar_id","76","905344","https://www.youtube.com/channel/UCihbRKEmIzer-fOFwvLRckg",,,,"4","2023-09-03T00:00:00.000Z",,,"https://www.youtube.com/@milfar_id/shorts",,"ExBuNZwmepA",,"https://www.youtube.com/@milfar_id/about","false","false",,"67",,"8460","26",,,,,,,"https://i.ytimg.com/vi/ExBuNZwmepA/oar2.jpg?sqp=-oaymwEdCJUDENAFSFWQAgHyq4qpAwwIARUAAIhCcAHAAQY=&rs=AOn4CLCgYoAiis55mdbszW1OR-aBV2XrXA","TERNYATA SEPERTI INILAH POHON BIJI WIJEN,MIRIP GANJA","shorts","https://www.youtube.com/shorts/ExBuNZwmepA",,"3054",
,,"https://yt3.googleusercontent.com/SUWfKoWnJ6SxAMW5QWacHbzCnx-VjqjF7naf8KrRK7AC9Mj8kKPu5mjtofy59h8w1BTQ14GFUA=s160-c-k-c0x00ffffff-no-rj","https://yt3.googleusercontent.com/X-a3zfLu499GhimqlQkj3lJdwJ8V1rwBuN_dbKr_f4cVUgBS3OozvETEx93VfBMTIXOsgRO4=w2560-fcrop64=1,00005a57ffffa5a8-k-c0xffffffff-no-nd-rj","Edukasi Pertanian 

Milfar Adalah sebuah Media Edukasi,Informasi dan bisnis pertanian,
Channel Milfar_id Berisikan tentang Vidio Vidio Edukasi seputar pertanian,Baik itu dalam Halbudidaya Tanaman,Perawatan Tanaman dan lain lainnya 

Milfar sendiri di bangun agar mampu memberikan pemahaman kepada para petani pemula yang ingin belajar Bertani,Baik itu dalam Hal membangun Hoby di bidang pertanian ataupun ingin menjadikan pertanian sebagai lahan bisnis

Semoga dengan adanya Channel Milfar_id dapat membantu teman teman menemukan dan menumbuhkan minat di bidang pertanian 

Silahkan hubungi kontak kami jika butuh pelatihan pertanian 
(083134083929)","Info kontak,grub,dan product ","https://lynk.id/milfar_id","UCihbRKEmIzer-fOFwvLRckg","Dec 27, 2022","Indonesia","Milfar_id","76","905344","https://www.youtube.com/channel/UCihbRKEmIzer-fOFwvLRckg",,,,"3","2023-09-09T11:41:26.000Z",,,"https://www.youtube.com/@milfar_id/shorts",,"D0U44zTPqco",,"https://www.youtube.com/@milfar_id/about","false","false",,"39",,"8460","24",,,,,,,"https://i.ytimg.com/vi/D0U44zTPqco/oar2.jpg?sqp=-oaymwEdCJUDENAFSFWQAgHyq4qpAwwIARUAAIhCcAHAAQY=&rs=AOn4CLCeEfEsMyDFlV4ihMdOikcaL9elSg","TANAM CABAI DI MUSIM KEMARAU","shorts","https://www.youtube.com/shorts/D0U44zTPqco",,"2392",
,,"https://yt3.googleusercontent.com/SUWfKoWnJ6SxAMW5QWacHbzCnx-VjqjF7naf8KrRK7AC9Mj8kKPu5mjtofy59h8w1BTQ14GFUA=s160-c-k-c0x00ffffff-no-rj","https://yt3.googleusercontent.com/X-a3zfLu499GhimqlQkj3lJdwJ8V1rwBuN_dbKr_f4cVUgBS3OozvETEx93VfBMTIXOsgRO4=w2560-fcrop64=1,00005a57ffffa5a8-k-c0xffffffff-no-nd-rj","Edukasi Pertanian 

Milfar Adalah sebuah Media Edukasi,Informasi dan bisnis pertanian,
Channel Milfar_id Berisikan tentang Vidio Vidio Edukasi seputar pertanian,Baik itu dalam Halbudidaya Tanaman,Perawatan Tanaman dan lain lainnya 

Milfar sendiri di bangun agar mampu memberikan pemahaman kepada para petani pemula yang ingin belajar Bertani,Baik itu dalam Hal membangun Hoby di bidang pertanian ataupun ingin menjadikan pertanian sebagai lahan bisnis

Semoga dengan adanya Channel Milfar_id dapat membantu teman teman menemukan dan menumbuhkan minat di bidang pertanian 

Silahkan hubungi kontak kami jika butuh pelatihan pertanian 
(083134083929)","Info kontak,grub,dan product ","https://lynk.id/milfar_id","UCihbRKEmIzer-fOFwvLRckg","Dec 27, 2022","Indonesia","Milfar_id","76","905344","https://www.youtube.com/channel/UCihbRKEmIzer-fOFwvLRckg",,,,"4","2023-09-20T10:47:23.000Z",,,"https://www.youtube.com/@milfar_id/shorts",,"rxxLT0ujuHU",,"https://www.youtube.com/@milfar_id/about","false","false",,"54",,"8460","22",,,,,,,"https://i.ytimg.com/vi/rxxLT0ujuHU/oar2.jpg?sqp=-oaymwEdCJUDENAFSFWQAgHyq4qpAwwIARUAAIhCcAHAAQY=&rs=AOn4CLAqCg0Q8onsgBO9TxGeIz_CdsT89A","PUPUK CABAI USIA 7 HST (Hari Setelah Tanam) #petanimilenial #cabai #petanicabai","shorts","https://www.youtube.com/shorts/rxxLT0ujuHU",,"3239",
,,"https://yt3.googleusercontent.com/SUWfKoWnJ6SxAMW5QWacHbzCnx-VjqjF7naf8KrRK7AC9Mj8kKPu5mjtofy59h8w1BTQ14GFUA=s160-c-k-c0x00ffffff-no-rj","https://yt3.googleusercontent.com/X-a3zfLu499GhimqlQkj3lJdwJ8V1rwBuN_dbKr_f4cVUgBS3OozvETEx93VfBMTIXOsgRO4=w2560-fcrop64=1,00005a57ffffa5a8-k-c0xffffffff-no-nd-rj","Edukasi Pertanian 

Milfar Adalah sebuah Media Edukasi,Informasi dan bisnis pertanian,
Channel Milfar_id Berisikan tentang Vidio Vidio Edukasi seputar pertanian,Baik itu dalam Halbudidaya Tanaman,Perawatan Tanaman dan lain lainnya 

Milfar sendiri di bangun agar mampu memberikan pemahaman kepada para petani pemula yang ingin belajar Bertani,Baik itu dalam Hal membangun Hoby di bidang pertanian ataupun ingin menjadikan pertanian sebagai lahan bisnis

Semoga dengan adanya Channel Milfar_id dapat membantu teman teman menemukan dan menumbuhkan minat di bidang pertanian 

Silahkan hubungi kontak kami jika butuh pelatihan pertanian 
(083134083929)","Info kontak,grub,dan product ","https://lynk.id/milfar_id","UCihbRKEmIzer-fOFwvLRckg","Dec 27, 2022","Indonesia","Milfar_id","76","905344","https://www.youtube.com/channel/UCihbRKEmIzer-fOFwvLRckg",,,,"11","2023-09-21T00:00:00.000Z",,,"https://www.youtube.com/@milfar_id/shorts",,"nuwOVwXm128",,"https://www.youtube.com/@milfar_id/about","false","false",,"292",,"8460","21",,,,,,,"https://i.ytimg.com/vi/nuwOVwXm128/oar2.jpg?sqp=-oaymwEdCJUDENAFSFWQAgHyq4qpAwwIARUAAIhCcAHAAQY=&rs=AOn4CLBuyOQw6LPESB1PzMx5NNUolxAblQ","JANGAN SEMAI CABAI LANGSUNG DI TANAH ??🤔🤔 #petanimilenial #cabai","shorts","https://www.youtube.com/shorts/nuwOVwXm128",,"21953",
,,"https://yt3.googleusercontent.com/SUWfKoWnJ6SxAMW5QWacHbzCnx-VjqjF7naf8KrRK7AC9Mj8kKPu5mjtofy59h8w1BTQ14GFUA=s160-c-k-c0x00ffffff-no-rj","https://yt3.googleusercontent.com/X-a3zfLu499GhimqlQkj3lJdwJ8V1rwBuN_dbKr_f4cVUgBS3OozvETEx93VfBMTIXOsgRO4=w2560-fcrop64=1,00005a57ffffa5a8-k-c0xffffffff-no-nd-rj","Edukasi Pertanian 

Milfar Adalah sebuah Media Edukasi,Informasi dan bisnis pertanian,
Channel Milfar_id Berisikan tentang Vidio Vidio Edukasi seputar pertanian,Baik itu dalam Halbudidaya Tanaman,Perawatan Tanaman dan lain lainnya 

Milfar sendiri di bangun agar mampu memberikan pemahaman kepada para petani pemula yang ingin belajar Bertani,Baik itu dalam Hal membangun Hoby di bidang pertanian ataupun ingin menjadikan pertanian sebagai lahan bisnis

Semoga dengan adanya Channel Milfar_id dapat membantu teman teman menemukan dan menumbuhkan minat di bidang pertanian 

Silahkan hubungi kontak kami jika butuh pelatihan pertanian 
(083134083929)","Info kontak,grub,dan product ","https://lynk.id/milfar_id","UCihbRKEmIzer-fOFwvLRckg","Dec 27, 2022","Indonesia","Milfar_id","76","905344","https://www.youtube.com/channel/UCihbRKEmIzer-fOFwvLRckg",,,,"3","2023-08-03T02:56:04.000Z",,,"https://www.youtube.com/@milfar_id/shorts",,"se2-hYsV9s8",,"https://www.youtube.com/@milfar_id/about","false","false",,"47",,"8460","27",,,,,,,"https://i.ytimg.com/vi/se2-hYsV9s8/hq720.jpg?sqp=-oaymwEdCJUDENAFSFXyq4qpAw8IARUAAIhCcAHAAQbQAQE=&rs=AOn4CLDinXzSqiiZxQuiUfiELgD_m9VyJw","Tipss menyuburkan Tanah dan mencegah layu fusarium pada cabai","shorts","https://www.youtube.com/shorts/se2-hYsV9s8",,"2426",
"@SuparmanBkl-wl5kk","false",,,,,,,,,,,,,"UgwrfR1L4iLxgO_tssB4AaABAg","Bisa kok bang di sebuhin 
 punya ku layu dah 2 hari padahal media lembab. Habis tu tak kasih sabun Mama lemon paginya gk layu sampe sekarang",,"3",,,,,"false",,,,,,,,,,,"https://www.youtube.com/watch?v=rdS_Bslx9hE","9 days ago","0",,,,,"TIDAK ADA OBATNYA,INI DIA CARA MENCEGAH PENYAKIT LAYU FUSARIUM","comment",,"rdS_Bslx9hE",,"0"
"@ILHAMROCKDIANTO","false",,,,,,,,,,,,,"Ugy_iD5LpSILkl5EqzV4AaABAg","Min saran varietas rawit yg cocok dataran rendah",,"3",,,,,"true",,,,,,,,,,,"https://www.youtube.com/watch?v=rdS_Bslx9hE","2 weeks ago","1",,,,,"TIDAK ADA OBATNYA,INI DIA CARA MENCEGAH PENYAKIT LAYU FUSARIUM","comment",,"rdS_Bslx9hE",,"1"
,,"https://yt3.googleusercontent.com/SUWfKoWnJ6SxAMW5QWacHbzCnx-VjqjF7naf8KrRK7AC9Mj8kKPu5mjtofy59h8w1BTQ14GFUA=s160-c-k-c0x00ffffff-no-rj","https://yt3.googleusercontent.com/X-a3zfLu499GhimqlQkj3lJdwJ8V1rwBuN_dbKr_f4cVUgBS3OozvETEx93VfBMTIXOsgRO4=w2560-fcrop64=1,00005a57ffffa5a8-k-c0xffffffff-no-nd-rj","Edukasi Pertanian 

Milfar Adalah sebuah Media Edukasi,Informasi dan bisnis pertanian,
Channel Milfar_id Berisikan tentang Vidio Vidio Edukasi seputar pertanian,Baik itu dalam Halbudidaya Tanaman,Perawatan Tanaman dan lain lainnya 

Milfar sendiri di bangun agar mampu memberikan pemahaman kepada para petani pemula yang ingin belajar Bertani,Baik itu dalam Hal membangun Hoby di bidang pertanian ataupun ingin menjadikan pertanian sebagai lahan bisnis

Semoga dengan adanya Channel Milfar_id dapat membantu teman teman menemukan dan menumbuhkan minat di bidang pertanian 

Silahkan hubungi kontak kami jika butuh pelatihan pertanian 
(083134083929)","Info kontak,grub,dan product ","https://lynk.id/milfar_id","UCihbRKEmIzer-fOFwvLRckg","Dec 27, 2022","Indonesia","Milfar_id","76","905344","https://www.youtube.com/channel/UCihbRKEmIzer-fOFwvLRckg",,,,"1","2023-09-10T11:40:38.000Z",,,"https://www.youtube.com/@milfar_id/shorts",,"0dgVip7IyM0",,"https://www.youtube.com/@milfar_id/about","false","false",,"58",,"8460","23",,,,,,,"https://i.ytimg.com/vi/0dgVip7IyM0/oar2.jpg?sqp=-oaymwEdCJUDENAFSFWQAgHyq4qpAwwIARUAAIhCcAHAAQY=&rs=AOn4CLCB32IkGDFFYMLV4QwIGVIq2e6EhA","Trik Sederhana Agar cabai tidak layu dan tahan panas saat pindah Tanam.","shorts","https://www.youtube.com/shorts/0dgVip7IyM0",,"5322",
"@Tanichannelnusantara","false",,,,,,,,,,,,,"UgxA-EoaAfGoMryBo8p4AaABAg","Hadir nyimak bos q🙏 terima kasih ilmunya🎉full durasi🙏
Full paket komplit🙏🙏🙏",,"3",,,,,"false",,,,,,,,,,,"https://www.youtube.com/watch?v=xrT7pUPdsQw","8 days ago","0",,,,,"KOMBINASI PUPUK CABAI MASA GENERATIF (MENJELANG BUNGA DAN BUAH )","comment",,"xrT7pUPdsQw",,"0"
"@adjun_84","false",,,,,,,,,,,,,"UgzmeZ6ro8pUR2bDEnh4AaABAg","Nyimak cara pemupukan cabe pada saat fase generatifnya om",,"3",,,,,"false",,,,,,,,,,,"https://www.youtube.com/watch?v=xrT7pUPdsQw","13 days ago","0",,,,,"KOMBINASI PUPUK CABAI MASA GENERATIF (MENJELANG BUNGA DAN BUAH )","comment",,"xrT7pUPdsQw",,"0"
"@Nasorisalim","false",,,,,,,,,,,,,"UgzOdfjkkhtfHjmOorl4AaABAg","Hadir nyimak saudaraku paket komplit terkirim bosku",,"3",,,,,"false",,,,,,,,,,,"https://www.youtube.com/watch?v=xrT7pUPdsQw","13 days ago","0",,,,,"KOMBINASI PUPUK CABAI MASA GENERATIF (MENJELANG BUNGA DAN BUAH )","comment",,"xrT7pUPdsQw",,"0"
"@mzlmuzammiel5954","false",,,,,,,,,,,,,"UgweF_LM8zdomSt9-EV4AaABAg","Min itu jenis cabai apa ya?",,"2",,,,,"true",,,,,,,,,,,"https://www.youtube.com/watch?v=ejsNIN_MKBE","2 weeks ago","1",,,,,"SEMUDAH INI DAN TERBUKTI SECARA DATA,SOLUSI PERTUMBUHAN CABAI STUCK","comment",,"ejsNIN_MKBE",,"1"
"@milfar_id","true",,,,,,,,,,,,,"Ugy_iD5LpSILkl5EqzV4AaABAg.A8ifLmdMzQ-A8jFMuR9t_9"," @ILHAMROCKDIANTO  bnyk, klw rawit merah ada teratas,cakra putih,bashkara,maruti,dewata, klw rawit ijo ada pelita,or trisula,bara genie",,"3",,,,,"false",,,,,,,,,,,"https://www.youtube.com/watch?v=rdS_Bslx9hE","2 weeks ago","0","Ugy_iD5LpSILkl5EqzV4AaABAg",,,,"TIDAK ADA OBATNYA,INI DIA CARA MENCEGAH PENYAKIT LAYU FUSARIUM","reply",,"rdS_Bslx9hE",,"0"
,,"https://yt3.googleusercontent.com/SUWfKoWnJ6SxAMW5QWacHbzCnx-VjqjF7naf8KrRK7AC9Mj8kKPu5mjtofy59h8w1BTQ14GFUA=s160-c-k-c0x00ffffff-no-rj","https://yt3.googleusercontent.com/X-a3zfLu499GhimqlQkj3lJdwJ8V1rwBuN_dbKr_f4cVUgBS3OozvETEx93VfBMTIXOsgRO4=w2560-fcrop64=1,00005a57ffffa5a8-k-c0xffffffff-no-nd-rj","Edukasi Pertanian 

Milfar Adalah sebuah Media Edukasi,Informasi dan bisnis pertanian,
Channel Milfar_id Berisikan tentang Vidio Vidio Edukasi seputar pertanian,Baik itu dalam Halbudidaya Tanaman,Perawatan Tanaman dan lain lainnya 

Milfar sendiri di bangun agar mampu memberikan pemahaman kepada para petani pemula yang ingin belajar Bertani,Baik itu dalam Hal membangun Hoby di bidang pertanian ataupun ingin menjadikan pertanian sebagai lahan bisnis

Semoga dengan adanya Channel Milfar_id dapat membantu teman teman menemukan dan menumbuhkan minat di bidang pertanian 

Silahkan hubungi kontak kami jika butuh pelatihan pertanian 
(083134083929)","Info kontak,grub,dan product ","https://lynk.id/milfar_id","UCihbRKEmIzer-fOFwvLRckg","Dec 27, 2022","Indonesia","Milfar_id","76","905344","https://www.youtube.com/channel/UCihbRKEmIzer-fOFwvLRckg",,,,"1","2023-09-23T14:03:59.000Z",,,"https://www.youtube.com/@milfar_id/shorts",,"AuSInURm-Wg",,"https://www.youtube.com/@milfar_id/about","false","false",,"68",,"8460","20",,,,,,,"https://i.ytimg.com/vi/AuSInURm-Wg/oar2.jpg?sqp=-oaymwEdCJUDENAFSFWQAgHyq4qpAwwIARUAAIhCcAHAAQY=&rs=AOn4CLB_hRGg2a_IlfNO7HdmyTc3w_VMZg","SIMAK !!! TRIK MENCEGAH KRITING PUCUK CABAI","shorts","https://www.youtube.com/shorts/AuSInURm-Wg",,"4747",
,,"https://yt3.googleusercontent.com/SUWfKoWnJ6SxAMW5QWacHbzCnx-VjqjF7naf8KrRK7AC9Mj8kKPu5mjtofy59h8w1BTQ14GFUA=s160-c-k-c0x00ffffff-no-rj","https://yt3.googleusercontent.com/X-a3zfLu499GhimqlQkj3lJdwJ8V1rwBuN_dbKr_f4cVUgBS3OozvETEx93VfBMTIXOsgRO4=w2560-fcrop64=1,00005a57ffffa5a8-k-c0xffffffff-no-nd-rj","Edukasi Pertanian 

Milfar Adalah sebuah Media Edukasi,Informasi dan bisnis pertanian,
Channel Milfar_id Berisikan tentang Vidio Vidio Edukasi seputar pertanian,Baik itu dalam Halbudidaya Tanaman,Perawatan Tanaman dan lain lainnya 

Milfar sendiri di bangun agar mampu memberikan pemahaman kepada para petani pemula yang ingin belajar Bertani,Baik itu dalam Hal membangun Hoby di bidang pertanian ataupun ingin menjadikan pertanian sebagai lahan bisnis

Semoga dengan adanya Channel Milfar_id dapat membantu teman teman menemukan dan menumbuhkan minat di bidang pertanian 

Silahkan hubungi kontak kami jika butuh pelatihan pertanian 
(083134083929)","Info kontak,grub,dan product ","https://lynk.id/milfar_id","UCihbRKEmIzer-fOFwvLRckg","Dec 27, 2022","Indonesia","Milfar_id","76","905344","https://www.youtube.com/channel/UCihbRKEmIzer-fOFwvLRckg",,,,"1","2023-10-02T00:00:00.000Z",,,"https://www.youtube.com/@milfar_id/shorts",,"FJfTIOXlIWc",,"https://www.youtube.com/@milfar_id/about","false","false",,"21",,"8460","17",,,,,,,"https://i.ytimg.com/vi/FJfTIOXlIWc/hq720.jpg?sqp=-oaymwEdCJUDENAFSFXyq4qpAw8IARUAAIhCcAHAAQbQAQE=&rs=AOn4CLBsXg8-PqsByUYrcBBUVz-vYEFFVA","KESALAHAN KESALAHAN PETANI PEMULA BAGIAN 1 #petanicabai #petanimilenial #petanimuda #petanimudakeren","shorts","https://www.youtube.com/shorts/FJfTIOXlIWc",,"1208",
,,"https://yt3.googleusercontent.com/SUWfKoWnJ6SxAMW5QWacHbzCnx-VjqjF7naf8KrRK7AC9Mj8kKPu5mjtofy59h8w1BTQ14GFUA=s160-c-k-c0x00ffffff-no-rj","https://yt3.googleusercontent.com/X-a3zfLu499GhimqlQkj3lJdwJ8V1rwBuN_dbKr_f4cVUgBS3OozvETEx93VfBMTIXOsgRO4=w2560-fcrop64=1,00005a57ffffa5a8-k-c0xffffffff-no-nd-rj","Edukasi Pertanian 

Milfar Adalah sebuah Media Edukasi,Informasi dan bisnis pertanian,
Channel Milfar_id Berisikan tentang Vidio Vidio Edukasi seputar pertanian,Baik itu dalam Halbudidaya Tanaman,Perawatan Tanaman dan lain lainnya 

Milfar sendiri di bangun agar mampu memberikan pemahaman kepada para petani pemula yang ingin belajar Bertani,Baik itu dalam Hal membangun Hoby di bidang pertanian ataupun ingin menjadikan pertanian sebagai lahan bisnis

Semoga dengan adanya Channel Milfar_id dapat membantu teman teman menemukan dan menumbuhkan minat di bidang pertanian 

Silahkan hubungi kontak kami jika butuh pelatihan pertanian 
(083134083929)","Info kontak,grub,dan product ","https://lynk.id/milfar_id","UCihbRKEmIzer-fOFwvLRckg","Dec 27, 2022","Indonesia","Milfar_id","76","905344","https://www.youtube.com/channel/UCihbRKEmIzer-fOFwvLRckg",,,,"14","2023-09-30T11:57:58.000Z",,,"https://www.youtube.com/@milfar_id/shorts",,"ynejdcAcsC0",,"https://www.youtube.com/@milfar_id/about","false","false",,"247",,"8460","18",,,,,,,"https://i.ytimg.com/vi/ynejdcAcsC0/oar2.jpg?sqp=-oaymwEdCJUDENAFSFWQAgHyq4qpAwwIARUAAIhCcAHAAQY=&rs=AOn4CLCZaroEx5JpTC447lS1XCy8vdorRQ","KESALAHAN-KESALAHAN PETANI PEMULA!!! #petanicabai #petanimilenial #petanimuda","shorts","https://www.youtube.com/shorts/ynejdcAcsC0",,"22876",
,,"https://yt3.googleusercontent.com/SUWfKoWnJ6SxAMW5QWacHbzCnx-VjqjF7naf8KrRK7AC9Mj8kKPu5mjtofy59h8w1BTQ14GFUA=s160-c-k-c0x00ffffff-no-rj","https://yt3.googleusercontent.com/X-a3zfLu499GhimqlQkj3lJdwJ8V1rwBuN_dbKr_f4cVUgBS3OozvETEx93VfBMTIXOsgRO4=w2560-fcrop64=1,00005a57ffffa5a8-k-c0xffffffff-no-nd-rj","Edukasi Pertanian 

Milfar Adalah sebuah Media Edukasi,Informasi dan bisnis pertanian,
Channel Milfar_id Berisikan tentang Vidio Vidio Edukasi seputar pertanian,Baik itu dalam Halbudidaya Tanaman,Perawatan Tanaman dan lain lainnya 

Milfar sendiri di bangun agar mampu memberikan pemahaman kepada para petani pemula yang ingin belajar Bertani,Baik itu dalam Hal membangun Hoby di bidang pertanian ataupun ingin menjadikan pertanian sebagai lahan bisnis

Semoga dengan adanya Channel Milfar_id dapat membantu teman teman menemukan dan menumbuhkan minat di bidang pertanian 

Silahkan hubungi kontak kami jika butuh pelatihan pertanian 
(083134083929)","Info kontak,grub,dan product ","https://lynk.id/milfar_id","UCihbRKEmIzer-fOFwvLRckg","Dec 27, 2022","Indonesia","Milfar_id","76","905344","https://www.youtube.com/channel/UCihbRKEmIzer-fOFwvLRckg",,,,"0","2023-10-16T10:29:18.000Z",,,"https://www.youtube.com/@milfar_id/shorts",,"MKNQaqg5ezw",,"https://www.youtube.com/@milfar_id/about","false","false",,"33",,"8460","15",,,,,,"KESALAHAN KETIKA MULAI BERTANI 
Kesalahan petani pemula 
petani cerdas","https://i.ytimg.com/vi/MKNQaqg5ezw/oar2.jpg?sqp=-oaymwEdCJUDENAFSFWQAgHyq4qpAwwIARUAAIhCcAHAAQY=&rs=AOn4CLAtias9r3qbVuyyVSXGxrAR4iS9kA","KESALAHAN KETIKA MULAI BERTANI BAGIAN 1 (ikut ikutan tanpa melihat target pasar terlebih dahulu)","shorts","https://www.youtube.com/shorts/MKNQaqg5ezw",,"1411",
,,"https://yt3.googleusercontent.com/SUWfKoWnJ6SxAMW5QWacHbzCnx-VjqjF7naf8KrRK7AC9Mj8kKPu5mjtofy59h8w1BTQ14GFUA=s160-c-k-c0x00ffffff-no-rj","https://yt3.googleusercontent.com/X-a3zfLu499GhimqlQkj3lJdwJ8V1rwBuN_dbKr_f4cVUgBS3OozvETEx93VfBMTIXOsgRO4=w2560-fcrop64=1,00005a57ffffa5a8-k-c0xffffffff-no-nd-rj","Edukasi Pertanian 

Milfar Adalah sebuah Media Edukasi,Informasi dan bisnis pertanian,
Channel Milfar_id Berisikan tentang Vidio Vidio Edukasi seputar pertanian,Baik itu dalam Halbudidaya Tanaman,Perawatan Tanaman dan lain lainnya 

Milfar sendiri di bangun agar mampu memberikan pemahaman kepada para petani pemula yang ingin belajar Bertani,Baik itu dalam Hal membangun Hoby di bidang pertanian ataupun ingin menjadikan pertanian sebagai lahan bisnis

Semoga dengan adanya Channel Milfar_id dapat membantu teman teman menemukan dan menumbuhkan minat di bidang pertanian 

Silahkan hubungi kontak kami jika butuh pelatihan pertanian 
(083134083929)","Info kontak,grub,dan product ","https://lynk.id/milfar_id","UCihbRKEmIzer-fOFwvLRckg","Dec 27, 2022","Indonesia","Milfar_id","76","905344","https://www.youtube.com/channel/UCihbRKEmIzer-fOFwvLRckg",,,,"89","2023-10-09T11:57:12.000Z",,,"https://www.youtube.com/@milfar_id/shorts",,"xin8PcgJ--I",,"https://www.youtube.com/@milfar_id/about","false","false",,"1600",,"8460","16",,,,,,"Hasilkan jutaan rupiah hanya dengan menanam cabai di polybag 

banyak orang yang mungkin tidak percaya,tapi ini nyata adanya,dengan melihat peluang serta potensi yang ada","https://i.ytimg.com/vi/xin8PcgJ--I/hq720.jpg?sqp=-oaymwEdCJUDENAFSFXyq4qpAw8IARUAAIhCcAHAAQbQAQE=&rs=AOn4CLD1IdP1hpXUakmN-SE_fgcHwW6Y6w","HASILKAN JUTAAN RUPIAH HANYA DENGAN MENANAM CABAI DI POLYBAG!!!","shorts","https://www.youtube.com/shorts/xin8PcgJ--I",,"112051",
,,"https://yt3.googleusercontent.com/SUWfKoWnJ6SxAMW5QWacHbzCnx-VjqjF7naf8KrRK7AC9Mj8kKPu5mjtofy59h8w1BTQ14GFUA=s160-c-k-c0x00ffffff-no-rj","https://yt3.googleusercontent.com/X-a3zfLu499GhimqlQkj3lJdwJ8V1rwBuN_dbKr_f4cVUgBS3OozvETEx93VfBMTIXOsgRO4=w2560-fcrop64=1,00005a57ffffa5a8-k-c0xffffffff-no-nd-rj","Edukasi Pertanian 

Milfar Adalah sebuah Media Edukasi,Informasi dan bisnis pertanian,
Channel Milfar_id Berisikan tentang Vidio Vidio Edukasi seputar pertanian,Baik itu dalam Halbudidaya Tanaman,Perawatan Tanaman dan lain lainnya 

Milfar sendiri di bangun agar mampu memberikan pemahaman kepada para petani pemula yang ingin belajar Bertani,Baik itu dalam Hal membangun Hoby di bidang pertanian ataupun ingin menjadikan pertanian sebagai lahan bisnis

Semoga dengan adanya Channel Milfar_id dapat membantu teman teman menemukan dan menumbuhkan minat di bidang pertanian 

Silahkan hubungi kontak kami jika butuh pelatihan pertanian 
(083134083929)","Info kontak,grub,dan product ","https://lynk.id/milfar_id","UCihbRKEmIzer-fOFwvLRckg","Dec 27, 2022","Indonesia","Milfar_id","76","905344","https://www.youtube.com/channel/UCihbRKEmIzer-fOFwvLRckg",,,,"9","2023-09-24T11:18:18.000Z",,,"https://www.youtube.com/@milfar_id/shorts",,"9qH8lOzmkYY",,"https://www.youtube.com/@milfar_id/about","false","false",,"71",,"8460","19",,,,,,,"https://i.ytimg.com/vi/9qH8lOzmkYY/oar2.jpg?sqp=-oaymwEdCJUDENAFSFWQAgHyq4qpAwwIARUAAIhCcAHAAQY=&rs=AOn4CLAlp4J44zNK78oi3t567xZ2r4OLBw","PUPUK UNTUK CABAI USIA 12HST(hari setelah tanam)","shorts","https://www.youtube.com/shorts/9qH8lOzmkYY",,"5347",
"@petanipenyanyichannel9566","false",,,,,,,,,,,,,"UgwnjiAKlS0P9bAPpg54AaABAg","Makasih atas ilmu percabean nya,bang Miftar.Sukses trus,sehat slalu.Saya juga tanam cabe via polybag.",,"7",,,,,"false",,,,,,,,,,,"https://www.youtube.com/watch?v=jpXANc7TbOQ","13 days ago","0",,,,,"PERBEDAAN ,KELEMAHAN DAN KELEBIHAN POTONG PUCUK PADA CABAI !!","comment",,"jpXANc7TbOQ",,"0"
"@awangsahanggi9991","false",,,,,,,,,,,,,"UgytrSR6fFPYMMPoOe94AaABAg","Sharusnya yg potong pucuk besar buahnya sama bang dengan yg tidak potong kcuali nutrisinya kurang.",,"7",,,,,"false",,,,,,,,,,,"https://www.youtube.com/watch?v=jpXANc7TbOQ","2 weeks ago","0",,,,,"PERBEDAAN ,KELEMAHAN DAN KELEBIHAN POTONG PUCUK PADA CABAI !!","comment",,"jpXANc7TbOQ",,"0"
"@epiandi1991","false",,,,,,,,,,,,,"Ugwt4nj3VgBGuWGB5h14AaABAg","Beltim hadir",,"7",,,,,"false",,,,,,,,,,,"https://www.youtube.com/watch?v=jpXANc7TbOQ","2 weeks ago","0",,,,,"PERBEDAAN ,KELEMAHAN DAN KELEBIHAN POTONG PUCUK PADA CABAI !!","comment",,"jpXANc7TbOQ",,"0"
"@awandaniel7567","false",,,,,,,,,,,,,"UgwoD8plgLjHvYz7lB14AaABAg","Bangka Belitung hadir🔥",,"7",,,,,"true",,,,,,,,,,,"https://www.youtube.com/watch?v=jpXANc7TbOQ","2 weeks ago","1",,,,,"PERBEDAAN ,KELEMAHAN DAN KELEBIHAN POTONG PUCUK PADA CABAI !!","comment",,"jpXANc7TbOQ",,"2"
"@ILHAMROCKDIANTO","false",,,,,,,,,,,,,"UgzV_l63xx9PfvrMVBp4AaABAg","Riau hadir boss",,"7",,,,,"true",,,,,,,,,,,"https://www.youtube.com/watch?v=jpXANc7TbOQ","2 weeks ago","1",,,,,"PERBEDAAN ,KELEMAHAN DAN KELEBIHAN POTONG PUCUK PADA CABAI !!","comment",,"jpXANc7TbOQ",,"1"
"@milfar_id","true",,,,,,,,,,,,,"UgwoD8plgLjHvYz7lB14AaABAg.A8jGNObiHDsA8jGdNApuvf"," @awandaniel7567  sip dapat like juga",,"7",,,,,"false",,,,,,,,,,,"https://www.youtube.com/watch?v=jpXANc7TbOQ","2 weeks ago","0","UgwoD8plgLjHvYz7lB14AaABAg",,,,"PERBEDAAN ,KELEMAHAN DAN KELEBIHAN POTONG PUCUK PADA CABAI !!","reply",,"jpXANc7TbOQ",,"0"
"@bangacan3153","false",,,,,,,,,,,,,"UgwcRC8DQyfVHqcMUQN4AaABAg","ka saya mau bertanya saya memiliki polybag ukuran 35×35 apakah boleh ditanam 2 batang perpolybag.. makasih ka😊",,"1",,,,,"false",,,,,,,,,,,"https://www.youtube.com/watch?v=UI2QINhHFIA","5 days ago (edited)","0",,,,,"PERTEMUAN PERTAMA,PELATIHAN BUDIDAYA CABAI SKALA RUMAH BATCH 4 (PENGOLAHAN LAHAN DAN PENANAMAN)","comment",,"UI2QINhHFIA",,"1"
"@milfar_id","true",,,,,,,,,,,,,"UgweF_LM8zdomSt9-EV4AaABAg.A8_sv8jVkbCA8f-2SIL1iR"," @mzlmuzammiel5954  ini cabe ijo merek or trisula",,"2",,,,,"false",,,,,,,,,,,"https://www.youtube.com/watch?v=ejsNIN_MKBE","2 weeks ago","0","UgweF_LM8zdomSt9-EV4AaABAg",,,,"SEMUDAH INI DAN TERBUKTI SECARA DATA,SOLUSI PERTUMBUHAN CABAI STUCK","reply",,"ejsNIN_MKBE",,"0"
"@milfar_id","true",,,,,,,,,,,,,"UgzV_l63xx9PfvrMVBp4AaABAg.A8jBZXkkhvtA8jFPOCPEaw","Sip dapat like",,"7",,,,,"false",,,,,,,,,,,"https://www.youtube.com/watch?v=jpXANc7TbOQ","2 weeks ago","0","UgzV_l63xx9PfvrMVBp4AaABAg",,,,"PERBEDAAN ,KELEMAHAN DAN KELEBIHAN POTONG PUCUK PADA CABAI !!","reply",,"jpXANc7TbOQ",,"0"
,,"https://yt3.googleusercontent.com/SUWfKoWnJ6SxAMW5QWacHbzCnx-VjqjF7naf8KrRK7AC9Mj8kKPu5mjtofy59h8w1BTQ14GFUA=s160-c-k-c0x00ffffff-no-rj","https://yt3.googleusercontent.com/X-a3zfLu499GhimqlQkj3lJdwJ8V1rwBuN_dbKr_f4cVUgBS3OozvETEx93VfBMTIXOsgRO4=w2560-fcrop64=1,00005a57ffffa5a8-k-c0xffffffff-no-nd-rj","Edukasi Pertanian 

Milfar Adalah sebuah Media Edukasi,Informasi dan bisnis pertanian,
Channel Milfar_id Berisikan tentang Vidio Vidio Edukasi seputar pertanian,Baik itu dalam Halbudidaya Tanaman,Perawatan Tanaman dan lain lainnya 

Milfar sendiri di bangun agar mampu memberikan pemahaman kepada para petani pemula yang ingin belajar Bertani,Baik itu dalam Hal membangun Hoby di bidang pertanian ataupun ingin menjadikan pertanian sebagai lahan bisnis

Semoga dengan adanya Channel Milfar_id dapat membantu teman teman menemukan dan menumbuhkan minat di bidang pertanian 

Silahkan hubungi kontak kami jika butuh pelatihan pertanian 
(083134083929)","Info kontak,grub,dan product ","https://lynk.id/milfar_id","UCihbRKEmIzer-fOFwvLRckg","Dec 27, 2022","Indonesia","Milfar_id","76","905344","https://www.youtube.com/channel/UCihbRKEmIzer-fOFwvLRckg",,,,"30","2023-10-29T11:11:27.000Z",,,"https://www.youtube.com/@milfar_id/shorts",,"023OY6NMN-M",,"https://www.youtube.com/@milfar_id/about","false","false",,"1000",,"8460","12",,,,,,"KESALAHAN KETIKA MULAI BERTANI BAGIAN 4 ( Melakukan pemupukan tabur di musim kemarau )","https://i.ytimg.com/vi/023OY6NMN-M/hq720.jpg?sqp=-oaymwEdCJUDENAFSFXyq4qpAw8IARUAAIhCcAHAAQbQAQE=&rs=AOn4CLA71fKmZF3jVN7CY94azu5e32eQOA","KESALAHAN KETIKA MULAI BERTANI BAGIAN 4 ( Melakukan pemupukan tabur di musim kemarau )","shorts","https://www.youtube.com/shorts/023OY6NMN-M",,"120068",
,,"https://yt3.googleusercontent.com/SUWfKoWnJ6SxAMW5QWacHbzCnx-VjqjF7naf8KrRK7AC9Mj8kKPu5mjtofy59h8w1BTQ14GFUA=s160-c-k-c0x00ffffff-no-rj","https://yt3.googleusercontent.com/X-a3zfLu499GhimqlQkj3lJdwJ8V1rwBuN_dbKr_f4cVUgBS3OozvETEx93VfBMTIXOsgRO4=w2560-fcrop64=1,00005a57ffffa5a8-k-c0xffffffff-no-nd-rj","Edukasi Pertanian 

Milfar Adalah sebuah Media Edukasi,Informasi dan bisnis pertanian,
Channel Milfar_id Berisikan tentang Vidio Vidio Edukasi seputar pertanian,Baik itu dalam Halbudidaya Tanaman,Perawatan Tanaman dan lain lainnya 

Milfar sendiri di bangun agar mampu memberikan pemahaman kepada para petani pemula yang ingin belajar Bertani,Baik itu dalam Hal membangun Hoby di bidang pertanian ataupun ingin menjadikan pertanian sebagai lahan bisnis

Semoga dengan adanya Channel Milfar_id dapat membantu teman teman menemukan dan menumbuhkan minat di bidang pertanian 

Silahkan hubungi kontak kami jika butuh pelatihan pertanian 
(083134083929)","Info kontak,grub,dan product ","https://lynk.id/milfar_id","UCihbRKEmIzer-fOFwvLRckg","Dec 27, 2022","Indonesia","Milfar_id","76","905344","https://www.youtube.com/channel/UCihbRKEmIzer-fOFwvLRckg",,,,"1","2023-10-17T10:54:13.000Z",,,"https://www.youtube.com/@milfar_id/shorts",,"cvinXTy2Sh8",,"https://www.youtube.com/@milfar_id/about","false","false",,"23",,"8460","14",,,,,,"KESALAHAN KETIKA MULAI BERTANI BAGIAN
PETANI PEMULA
KESALAHAN PETANI PEMULA","https://i.ytimg.com/vi/cvinXTy2Sh8/oar2.jpg?sqp=-oaymwEdCJUDENAFSFWQAgHyq4qpAwwIARUAAIhCcAHAAQY=&rs=AOn4CLCoiDGw-YURYDTojja3fk9mYyORFg","KESALAHAN KETIKA MULAI BERTANI BAGIAN 2 (Tidak menyiapkan bibit sulaman)!!!","shorts","https://www.youtube.com/shorts/cvinXTy2Sh8",,"1822",
,,"https://yt3.googleusercontent.com/SUWfKoWnJ6SxAMW5QWacHbzCnx-VjqjF7naf8KrRK7AC9Mj8kKPu5mjtofy59h8w1BTQ14GFUA=s160-c-k-c0x00ffffff-no-rj","https://yt3.googleusercontent.com/X-a3zfLu499GhimqlQkj3lJdwJ8V1rwBuN_dbKr_f4cVUgBS3OozvETEx93VfBMTIXOsgRO4=w2560-fcrop64=1,00005a57ffffa5a8-k-c0xffffffff-no-nd-rj","Edukasi Pertanian 

Milfar Adalah sebuah Media Edukasi,Informasi dan bisnis pertanian,
Channel Milfar_id Berisikan tentang Vidio Vidio Edukasi seputar pertanian,Baik itu dalam Halbudidaya Tanaman,Perawatan Tanaman dan lain lainnya 

Milfar sendiri di bangun agar mampu memberikan pemahaman kepada para petani pemula yang ingin belajar Bertani,Baik itu dalam Hal membangun Hoby di bidang pertanian ataupun ingin menjadikan pertanian sebagai lahan bisnis

Semoga dengan adanya Channel Milfar_id dapat membantu teman teman menemukan dan menumbuhkan minat di bidang pertanian 

Silahkan hubungi kontak kami jika butuh pelatihan pertanian 
(083134083929)","Info kontak,grub,dan product ","https://lynk.id/milfar_id","UCihbRKEmIzer-fOFwvLRckg","Dec 27, 2022","Indonesia","Milfar_id","76","905344","https://www.youtube.com/channel/UCihbRKEmIzer-fOFwvLRckg",,,,"7","2023-10-30T00:00:00.000Z",,,"https://www.youtube.com/@milfar_id/shorts",,"V0jQtZhQcHI",,"https://www.youtube.com/@milfar_id/about","false","false",,"169",,"8460","11",,,,,,"KESALAHAN KETIKA MULAI BERTANI BAGIAN 5 ( menuangkan pestisida secara langsung)","https://i.ytimg.com/vi/V0jQtZhQcHI/oar2.jpg?sqp=-oaymwEdCJUDENAFSFWQAgHyq4qpAwwIARUAAIhCcAHAAQY=&rs=AOn4CLAgMuRGTFTu6MBS0dE8SUwS34V89Q","KESALAHAN KETIKA MULAI BERTANI BAGIAN 5 ( menuangkan pestisida secara langsung)","shorts","https://www.youtube.com/shorts/V0jQtZhQcHI",,"18447",
,,"https://yt3.googleusercontent.com/SUWfKoWnJ6SxAMW5QWacHbzCnx-VjqjF7naf8KrRK7AC9Mj8kKPu5mjtofy59h8w1BTQ14GFUA=s160-c-k-c0x00ffffff-no-rj","https://yt3.googleusercontent.com/X-a3zfLu499GhimqlQkj3lJdwJ8V1rwBuN_dbKr_f4cVUgBS3OozvETEx93VfBMTIXOsgRO4=w2560-fcrop64=1,00005a57ffffa5a8-k-c0xffffffff-no-nd-rj","Edukasi Pertanian 

Milfar Adalah sebuah Media Edukasi,Informasi dan bisnis pertanian,
Channel Milfar_id Berisikan tentang Vidio Vidio Edukasi seputar pertanian,Baik itu dalam Halbudidaya Tanaman,Perawatan Tanaman dan lain lainnya 

Milfar sendiri di bangun agar mampu memberikan pemahaman kepada para petani pemula yang ingin belajar Bertani,Baik itu dalam Hal membangun Hoby di bidang pertanian ataupun ingin menjadikan pertanian sebagai lahan bisnis

Semoga dengan adanya Channel Milfar_id dapat membantu teman teman menemukan dan menumbuhkan minat di bidang pertanian 

Silahkan hubungi kontak kami jika butuh pelatihan pertanian 
(083134083929)","Info kontak,grub,dan product ","https://lynk.id/milfar_id","UCihbRKEmIzer-fOFwvLRckg","Dec 27, 2022","Indonesia","Milfar_id","76","905344","https://www.youtube.com/channel/UCihbRKEmIzer-fOFwvLRckg",,,,"2","2023-11-14T09:00:41.000Z",,,"https://www.youtube.com/@milfar_id/shorts",,"t45TrGV04wg",,"https://www.youtube.com/@milfar_id/about","false","false",,"67",,"8460","8",,,,,,"CABE PENDEK TAPI SUDAH BERBUAH","https://i.ytimg.com/vi/t45TrGV04wg/oar2.jpg?sqp=-oaymwEdCJUDENAFSFWQAgHyq4qpAwwIARUAAIhCcAHAAQY=&rs=AOn4CLAepw467Iw-ZgOsmStwB0qANQAGEA","CABE PENDEK TAPI SUDAH BERBUAH ??🧐","shorts","https://www.youtube.com/shorts/t45TrGV04wg",,"5703",
,,"https://yt3.googleusercontent.com/SUWfKoWnJ6SxAMW5QWacHbzCnx-VjqjF7naf8KrRK7AC9Mj8kKPu5mjtofy59h8w1BTQ14GFUA=s160-c-k-c0x00ffffff-no-rj","https://yt3.googleusercontent.com/X-a3zfLu499GhimqlQkj3lJdwJ8V1rwBuN_dbKr_f4cVUgBS3OozvETEx93VfBMTIXOsgRO4=w2560-fcrop64=1,00005a57ffffa5a8-k-c0xffffffff-no-nd-rj","Edukasi Pertanian 

Milfar Adalah sebuah Media Edukasi,Informasi dan bisnis pertanian,
Channel Milfar_id Berisikan tentang Vidio Vidio Edukasi seputar pertanian,Baik itu dalam Halbudidaya Tanaman,Perawatan Tanaman dan lain lainnya 

Milfar sendiri di bangun agar mampu memberikan pemahaman kepada para petani pemula yang ingin belajar Bertani,Baik itu dalam Hal membangun Hoby di bidang pertanian ataupun ingin menjadikan pertanian sebagai lahan bisnis

Semoga dengan adanya Channel Milfar_id dapat membantu teman teman menemukan dan menumbuhkan minat di bidang pertanian 

Silahkan hubungi kontak kami jika butuh pelatihan pertanian 
(083134083929)","Info kontak,grub,dan product ","https://lynk.id/milfar_id","UCihbRKEmIzer-fOFwvLRckg","Dec 27, 2022","Indonesia","Milfar_id","76","905344","https://www.youtube.com/channel/UCihbRKEmIzer-fOFwvLRckg",,,,"4","2023-10-31T10:34:07.000Z",,,"https://www.youtube.com/@milfar_id/shorts",,"-VXejXeDl0Q",,"https://www.youtube.com/@milfar_id/about","false","false",,"77",,"8460","10",,,,,,,"https://i.ytimg.com/vi/-VXejXeDl0Q/hq720.jpg?sqp=-oaymwEdCJUDENAFSFXyq4qpAw8IARUAAIhCcAHAAQbQAQE=&rs=AOn4CLC4BTatNzkDlIOUl0jFDH0T-4aq8A","PERBEDAAN POTONG PUCUK DAN TIDAK POTONG PUCUK POHON CABAI #petanimilenial l #petanimuda #petanicabai","shorts","https://www.youtube.com/shorts/-VXejXeDl0Q",,"6243",
,,"https://yt3.googleusercontent.com/SUWfKoWnJ6SxAMW5QWacHbzCnx-VjqjF7naf8KrRK7AC9Mj8kKPu5mjtofy59h8w1BTQ14GFUA=s160-c-k-c0x00ffffff-no-rj","https://yt3.googleusercontent.com/X-a3zfLu499GhimqlQkj3lJdwJ8V1rwBuN_dbKr_f4cVUgBS3OozvETEx93VfBMTIXOsgRO4=w2560-fcrop64=1,00005a57ffffa5a8-k-c0xffffffff-no-nd-rj","Edukasi Pertanian 

Milfar Adalah sebuah Media Edukasi,Informasi dan bisnis pertanian,
Channel Milfar_id Berisikan tentang Vidio Vidio Edukasi seputar pertanian,Baik itu dalam Halbudidaya Tanaman,Perawatan Tanaman dan lain lainnya 

Milfar sendiri di bangun agar mampu memberikan pemahaman kepada para petani pemula yang ingin belajar Bertani,Baik itu dalam Hal membangun Hoby di bidang pertanian ataupun ingin menjadikan pertanian sebagai lahan bisnis

Semoga dengan adanya Channel Milfar_id dapat membantu teman teman menemukan dan menumbuhkan minat di bidang pertanian 

Silahkan hubungi kontak kami jika butuh pelatihan pertanian 
(083134083929)","Info kontak,grub,dan product ","https://lynk.id/milfar_id","UCihbRKEmIzer-fOFwvLRckg","Dec 27, 2022","Indonesia","Milfar_id","76","905344","https://www.youtube.com/channel/UCihbRKEmIzer-fOFwvLRckg",,,,"12","2023-11-01T11:01:51.000Z",,,"https://www.youtube.com/@milfar_id/shorts",,"Y7wKLU_suvo",,"https://www.youtube.com/@milfar_id/about","false","false",,"51",,"8460","9",,,,,,"CABE SUBUR TANPA OLAH LAHAN,MULSA DAN BEDENGAN","https://i.ytimg.com/vi/Y7wKLU_suvo/oar2.jpg?sqp=-oaymwEdCJUDENAFSFWQAgHyq4qpAwwIARUAAIhCcAHAAQY=&rs=AOn4CLAP77wd7ORlO6zmzNjo8_MeW6yOXw","CABE SUBUR TANPA OLAH LAHAN,MULSA DAN BEDENGAN","shorts","https://www.youtube.com/shorts/Y7wKLU_suvo",,"3682",
,,"https://yt3.googleusercontent.com/SUWfKoWnJ6SxAMW5QWacHbzCnx-VjqjF7naf8KrRK7AC9Mj8kKPu5mjtofy59h8w1BTQ14GFUA=s160-c-k-c0x00ffffff-no-rj","https://yt3.googleusercontent.com/X-a3zfLu499GhimqlQkj3lJdwJ8V1rwBuN_dbKr_f4cVUgBS3OozvETEx93VfBMTIXOsgRO4=w2560-fcrop64=1,00005a57ffffa5a8-k-c0xffffffff-no-nd-rj","Edukasi Pertanian 

Milfar Adalah sebuah Media Edukasi,Informasi dan bisnis pertanian,
Channel Milfar_id Berisikan tentang Vidio Vidio Edukasi seputar pertanian,Baik itu dalam Halbudidaya Tanaman,Perawatan Tanaman dan lain lainnya 

Milfar sendiri di bangun agar mampu memberikan pemahaman kepada para petani pemula yang ingin belajar Bertani,Baik itu dalam Hal membangun Hoby di bidang pertanian ataupun ingin menjadikan pertanian sebagai lahan bisnis

Semoga dengan adanya Channel Milfar_id dapat membantu teman teman menemukan dan menumbuhkan minat di bidang pertanian 

Silahkan hubungi kontak kami jika butuh pelatihan pertanian 
(083134083929)","Info kontak,grub,dan product ","https://lynk.id/milfar_id","UCihbRKEmIzer-fOFwvLRckg","Dec 27, 2022","Indonesia","Milfar_id","76","905344","https://www.youtube.com/channel/UCihbRKEmIzer-fOFwvLRckg",,,,"1","2023-11-22T00:00:00.000Z",,,"https://www.youtube.com/@milfar_id/shorts",,"qSgpb9Ya_DM",,"https://www.youtube.com/@milfar_id/about","false","false",,"46",,"8460","6",,,,,,"Cara sukses dari bisnis cabai","https://i.ytimg.com/vi/qSgpb9Ya_DM/oar2.jpg?sqp=-oaymwEdCJUDENAFSFWQAgHyq4qpAwwIARUAAIhCcAHAAQY=&rs=AOn4CLCoDdtsl5A_tkTIVsmgEjyHEv3cDA","Cara jadi sultan dari CABAI !!! #petanicabai #petanimuda #","shorts","https://www.youtube.com/shorts/qSgpb9Ya_DM",,"3235",
,,"https://yt3.googleusercontent.com/SUWfKoWnJ6SxAMW5QWacHbzCnx-VjqjF7naf8KrRK7AC9Mj8kKPu5mjtofy59h8w1BTQ14GFUA=s160-c-k-c0x00ffffff-no-rj","https://yt3.googleusercontent.com/X-a3zfLu499GhimqlQkj3lJdwJ8V1rwBuN_dbKr_f4cVUgBS3OozvETEx93VfBMTIXOsgRO4=w2560-fcrop64=1,00005a57ffffa5a8-k-c0xffffffff-no-nd-rj","Edukasi Pertanian 

Milfar Adalah sebuah Media Edukasi,Informasi dan bisnis pertanian,
Channel Milfar_id Berisikan tentang Vidio Vidio Edukasi seputar pertanian,Baik itu dalam Halbudidaya Tanaman,Perawatan Tanaman dan lain lainnya 

Milfar sendiri di bangun agar mampu memberikan pemahaman kepada para petani pemula yang ingin belajar Bertani,Baik itu dalam Hal membangun Hoby di bidang pertanian ataupun ingin menjadikan pertanian sebagai lahan bisnis

Semoga dengan adanya Channel Milfar_id dapat membantu teman teman menemukan dan menumbuhkan minat di bidang pertanian 

Silahkan hubungi kontak kami jika butuh pelatihan pertanian 
(083134083929)","Info kontak,grub,dan product ","https://lynk.id/milfar_id","UCihbRKEmIzer-fOFwvLRckg","Dec 27, 2022","Indonesia","Milfar_id","76","905344","https://www.youtube.com/channel/UCihbRKEmIzer-fOFwvLRckg",,,,"1","2023-10-19T10:38:25.000Z",,,"https://www.youtube.com/@milfar_id/shorts",,"eAmB6uruMts",,"https://www.youtube.com/@milfar_id/about","false","false",,"25",,"8460","13",,,,,,"KESALAHAN KETIKA MULAI BERTANI BAGIAN 3

Halk sobat Tani,vidio inj melanjutkan vidio sebelumnga KESALAHAN KETIKA MULAI BERTANI BAGIAN 2

Semoga bermanfaat dan jangan lupa support terus sosial media ‪@milfar_id‬ 

#petanicabai #petanimilenial #petanimuda #cabai #petanimudakeren #petanipemula","https://i.ytimg.com/vi/eAmB6uruMts/oar2.jpg?sqp=-oaymwEdCJUDENAFSFWQAgHyq4qpAwwIARUAAIhCcAHAAQY=&rs=AOn4CLBdlhJPCuNMun9KUa12n0mxtoCo0A","KESALAHAN KETIKA MULAI BERTANI BAGIAN 3 ( tidak membersihkan alat semprot )","shorts","https://www.youtube.com/shorts/eAmB6uruMts",,"2012",
,,"https://yt3.googleusercontent.com/SUWfKoWnJ6SxAMW5QWacHbzCnx-VjqjF7naf8KrRK7AC9Mj8kKPu5mjtofy59h8w1BTQ14GFUA=s160-c-k-c0x00ffffff-no-rj","https://yt3.googleusercontent.com/X-a3zfLu499GhimqlQkj3lJdwJ8V1rwBuN_dbKr_f4cVUgBS3OozvETEx93VfBMTIXOsgRO4=w2560-fcrop64=1,00005a57ffffa5a8-k-c0xffffffff-no-nd-rj","Edukasi Pertanian 

Milfar Adalah sebuah Media Edukasi,Informasi dan bisnis pertanian,
Channel Milfar_id Berisikan tentang Vidio Vidio Edukasi seputar pertanian,Baik itu dalam Halbudidaya Tanaman,Perawatan Tanaman dan lain lainnya 

Milfar sendiri di bangun agar mampu memberikan pemahaman kepada para petani pemula yang ingin belajar Bertani,Baik itu dalam Hal membangun Hoby di bidang pertanian ataupun ingin menjadikan pertanian sebagai lahan bisnis

Semoga dengan adanya Channel Milfar_id dapat membantu teman teman menemukan dan menumbuhkan minat di bidang pertanian 

Silahkan hubungi kontak kami jika butuh pelatihan pertanian 
(083134083929)","Info kontak,grub,dan product ","https://lynk.id/milfar_id","UCihbRKEmIzer-fOFwvLRckg","Dec 27, 2022","Indonesia","Milfar_id","76","905344","https://www.youtube.com/channel/UCihbRKEmIzer-fOFwvLRckg",,,,"1","2023-11-15T09:00:49.000Z",,,"https://www.youtube.com/@milfar_id/shorts",,"yNRUyNH3yUs",,"https://www.youtube.com/@milfar_id/about","false","false",,"38",,"8460","7",,,,,,"Venturi Injector,Alat sederhana membantu suplai pupuk","https://i.ytimg.com/vi/yNRUyNH3yUs/oar2.jpg?sqp=-oaymwEdCJUDENAFSFWQAgHyq4qpAwwIARUAAIhCcAHAAQY=&rs=AOn4CLC0ecVruXOiADsqb1V_N6o_GpllhQ","Venturi Injector,Alat sederhana membantu suplai pupuk","shorts","https://www.youtube.com/shorts/yNRUyNH3yUs",,"2752",
,,"https://yt3.googleusercontent.com/SUWfKoWnJ6SxAMW5QWacHbzCnx-VjqjF7naf8KrRK7AC9Mj8kKPu5mjtofy59h8w1BTQ14GFUA=s160-c-k-c0x00ffffff-no-rj","https://yt3.googleusercontent.com/X-a3zfLu499GhimqlQkj3lJdwJ8V1rwBuN_dbKr_f4cVUgBS3OozvETEx93VfBMTIXOsgRO4=w2560-fcrop64=1,00005a57ffffa5a8-k-c0xffffffff-no-nd-rj","Edukasi Pertanian 

Milfar Adalah sebuah Media Edukasi,Informasi dan bisnis pertanian,
Channel Milfar_id Berisikan tentang Vidio Vidio Edukasi seputar pertanian,Baik itu dalam Halbudidaya Tanaman,Perawatan Tanaman dan lain lainnya 

Milfar sendiri di bangun agar mampu memberikan pemahaman kepada para petani pemula yang ingin belajar Bertani,Baik itu dalam Hal membangun Hoby di bidang pertanian ataupun ingin menjadikan pertanian sebagai lahan bisnis

Semoga dengan adanya Channel Milfar_id dapat membantu teman teman menemukan dan menumbuhkan minat di bidang pertanian 

Silahkan hubungi kontak kami jika butuh pelatihan pertanian 
(083134083929)","Info kontak,grub,dan product ","https://lynk.id/milfar_id","UCihbRKEmIzer-fOFwvLRckg","Dec 27, 2022","Indonesia","Milfar_id","76","905344","https://www.youtube.com/channel/UCihbRKEmIzer-fOFwvLRckg",,,,"1","2024-06-13T09:16:42.000Z",,,"https://www.youtube.com/@milfar_id/shorts",,"X5VXI-kjDio",,"https://www.youtube.com/@milfar_id/about","false","false",,"13",,"8460","5",,,,,,,"https://i.ytimg.com/vi/X5VXI-kjDio/oar2.jpg?sqp=-oaymwEdCJUDENAFSFWQAgHyq4qpAwwIARUAAIhCcAHAAQY=&rs=AOn4CLBaimMjktbLJS6LhPb44OSfttaP1A","REKOMENDASI PUPUK CABAI,BIAR CABEMU TETAP MENYALA 🔥🔥 #petanimuda #petanicabai #pupukcabe","shorts","https://www.youtube.com/shorts/X5VXI-kjDio",,"318",
,,"https://yt3.googleusercontent.com/SUWfKoWnJ6SxAMW5QWacHbzCnx-VjqjF7naf8KrRK7AC9Mj8kKPu5mjtofy59h8w1BTQ14GFUA=s160-c-k-c0x00ffffff-no-rj","https://yt3.googleusercontent.com/X-a3zfLu499GhimqlQkj3lJdwJ8V1rwBuN_dbKr_f4cVUgBS3OozvETEx93VfBMTIXOsgRO4=w2560-fcrop64=1,00005a57ffffa5a8-k-c0xffffffff-no-nd-rj","Edukasi Pertanian 

Milfar Adalah sebuah Media Edukasi,Informasi dan bisnis pertanian,
Channel Milfar_id Berisikan tentang Vidio Vidio Edukasi seputar pertanian,Baik itu dalam Halbudidaya Tanaman,Perawatan Tanaman dan lain lainnya 

Milfar sendiri di bangun agar mampu memberikan pemahaman kepada para petani pemula yang ingin belajar Bertani,Baik itu dalam Hal membangun Hoby di bidang pertanian ataupun ingin menjadikan pertanian sebagai lahan bisnis

Semoga dengan adanya Channel Milfar_id dapat membantu teman teman menemukan dan menumbuhkan minat di bidang pertanian 

Silahkan hubungi kontak kami jika butuh pelatihan pertanian 
(083134083929)","Info kontak,grub,dan product ","https://lynk.id/milfar_id","UCihbRKEmIzer-fOFwvLRckg","Dec 27, 2022","Indonesia","Milfar_id","76","905344","https://www.youtube.com/channel/UCihbRKEmIzer-fOFwvLRckg",,,,"4","2024-06-14T10:09:44.000Z",,,"https://www.youtube.com/@milfar_id/shorts",,"layAsrd_-TE",,"https://www.youtube.com/@milfar_id/about","false","false",,"9",,"8460","4",,,,,,,"https://i.ytimg.com/vi/layAsrd_-TE/oar2.jpg?sqp=-oaymwEdCJUDENAFSFWQAgHyq4qpAwwIARUAAIhCcAHAAQY=&rs=AOn4CLCLVzrPmkQl23HgWjSWVrETWtCxBg","Cara cuan dari cabe #petanicabai #petanimuda #petanimillennial","shorts","https://www.youtube.com/shorts/layAsrd_-TE",,"229",
