﻿"attachments/0/__typename","attachments/0/animated_image","attachments/0/animated_image/height","attachments/0/animated_image/uri","attachments/0/animated_image/width","attachments/0/animated_image_attribution","attachments/0/animated_image_caption","attachments/0/blurred_image/uri","attachments/0/cix_screen","attachments/0/frame_count","attachments/0/frame_rate","attachments/0/frames_per_column","attachments/0/frames_per_row","attachments/0/id","attachments/0/image/height","attachments/0/image/uri","attachments/0/image/width","attachments/0/label","attachments/0/massive_image/height","attachments/0/massive_image/width","attachments/0/ocrText","attachments/0/pack","attachments/0/pack/id","attachments/0/pack/name","attachments/0/sprite_image","attachments/0/sprite_image/uri","attachments/0/sticker_image/__typename","attachments/0/sticker_image/uri","commentUrl","comments/0/commentUrl","comments/0/date","comments/0/feedbackId","comments/0/id","comments/0/likesCount","comments/0/parentComment/author/__typename","comments/0/parentComment/author/id","comments/0/parentComment/author/name","comments/0/parentComment/author/short_name","comments/0/parentComment/id","comments/0/profileId","comments/0/profileName","comments/0/profilePicture","comments/0/profileUrl","comments/0/replyToCommentId","comments/0/text","comments/0/threadingDepth","comments/1/commentUrl","comments/1/date","comments/1/feedbackId","comments/1/id","comments/1/likesCount","comments/1/parentComment/author/__typename","comments/1/parentComment/author/id","comments/1/parentComment/author/name","comments/1/parentComment/author/short_name","comments/1/parentComment/id","comments/1/profileId","comments/1/profileName","comments/1/profilePicture","comments/1/profileUrl","comments/1/replyToCommentId","comments/1/text","comments/1/threadingDepth","commentsCount","date","facebookId","facebookUrl","feedbackId","id","inputUrl","likesCount","pageAdLibrary/id","pageAdLibrary/is_business_page_active","postTitle","profileId","profileName","profilePicture","profileUrl","text","threadingDepth"
,,,,,,,,,,,,,,,,,,,,,,,,,,,,"https://www.facebook.com/alkahfi.sutikno/posts/pfbid0qQTzCwhL6RGJvgBSc4QjifexnJ6pgxz2yfv8TD2gohHBP8KA4xzM5RXiPCa8YErel?comment_id=1046177703832600","https://www.facebook.com/alkahfi.sutikno/posts/pfbid0qQTzCwhL6RGJvgBSc4QjifexnJ6pgxz2yfv8TD2gohHBP8KA4xzM5RXiPCa8YErel?comment_id=1046177703832600&reply_comment_id=555758736852636","2024-10-05T23:26:48.000Z","ZmVlZGJhY2s6ODM4NzU5NTg2NDY2MjcxMV81NTU3NTg3MzY4NTI2MzY=","Y29tbWVudDo4Mzg3NTk1ODY0NjYyNzExXzU1NTc1ODczNjg1MjYzNg==","0","User","1658505567","Fetri Yeni","Fetri","Y29tbWVudDo4Mzg3NTk1ODY0NjYyNzExXzEwNDYxNzc3MDM4MzI2MDA=","100002371423368","Alkahfi Sutikno","https://scontent-atl3-1.xx.fbcdn.net/v/t39.30808-1/272990950_4817471368341863_8430843410507685913_n.jpg?stp=cp0_dst-jpg_s32x32&_nc_cat=103&ccb=1-7&_nc_sid=50d2ac&_nc_ohc=kP5Oa1-8t6cQ7kNvgGKreLw&_nc_ht=scontent-atl3-1.xx&_nc_gid=AG75n6DwQyThEuBYlpZyA-u&oh=00_AYCZez5NhzYrAcCv9MJKGlhapsD2WeDVttOmtqjTPRMT6g&oe=670949DF","https://www.facebook.com/alkahfi.sutikno","Y29tbWVudDo4Mzg3NTk1ODY0NjYyNzExXzEwNDYxNzc3MDM4MzI2MDA=","Fetri Yeni terima kasih Ibu","1",,,,,,,,,,,,,,,,,,"1","2024-10-05T16:01:35.000Z","8387595864662711","https://www.facebook.com/100002371423368/posts/8387595864662711","ZmVlZGJhY2s6ODM4NzU5NTg2NDY2MjcxMV8xMDQ2MTc3NzAzODMyNjAw","Y29tbWVudDo4Mzg3NTk1ODY0NjYyNzExXzEwNDYxNzc3MDM4MzI2MDA=","https://www.facebook.com/100002371423368/posts/8387595864662711","0","245411055325934","false","PODCAST BPP BANGKO SEASON 2

_Peran Lurah dan Penyuluh dalam Meningkatkan IP 200 Tanaman Padi Sawah Tadah Hujan di Bantaian Hilir - Rokan Hilir_

Acara Bincang Santai podcast BPP Bangko season 2  membongkar Peran Lurah dan Penyuluh Pertanian serta KTNA  andil dalam meningkatkan IP 200, Tanaman Padi sawah di Bantaian Hilir Kabupaten Rokan Hilir. Seluas 110 Ha, produksi rata rata 5 SD 6 Ton/Ha

Host
*Khairunnisa, S. Pi*

Koordinator BPP Bangko
*Sudirman  Amd*

Narasumber 1 
Alkahfi Sutikno,M.Pd, Ketua KTNA Rohil
 1. Peran Penyuluh, Peran KTNA, dan Peran Pemangku Kebijakan. 
 2, KTNA Mitra Petani

Narasumber 2
Ade Mahyuni, M. Pd, Lurah Bantaian Hilir - Tahyudi Rohil 
1. Monografi Kelurahan Bantaian Hilir, 
2. Peran Lurah dan Mitra Petani

🎥 Saksikan di channel Youtube kebangga kita
BPP Bangko Rokan Hilir
https://youtube.com/@bppbangkorokanhilir?si=uKhykzNToMWSTPmb","1658505567","Fetri Yeni","https://scontent-atl3-1.xx.fbcdn.net/v/t39.30808-1/252771958_10217464611081371_5747985773336911218_n.jpg?stp=cp0_dst-jpg_s32x32&_nc_cat=107&ccb=1-7&_nc_sid=50d2ac&_nc_ohc=nFsRNwuOZbwQ7kNvgHMpJ7d&_nc_ht=scontent-atl3-1.xx&_nc_gid=AG75n6DwQyThEuBYlpZyA-u&oh=00_AYAjwXbhnxmyDYELcQuiBfkMlYna6VwVPkq2TyUg5MkMpg&oe=6709715A","https://www.facebook.com/fetri.yeni.7","Kerennn mas Alkahfi Sutikno","0"
"Sticker",,,,,,,,,"1","83","1","1","280280680528917","80","https://scontent-atl3-1.xx.fbcdn.net/v/t39.1997-6/240404950_280280683862250_377726035223267134_n.png?stp=cp0_dst-png_s110x80&_nc_cat=1&ccb=1-7&_nc_sid=23dd7b&_nc_ohc=ixsbBqJJufcQ7kNvgHGYUj_&_nc_ht=scontent-atl3-1.xx&_nc_gid=AG75n6DwQyThEuBYlpZyA-u&oh=00_AYBChF5mg__YDy7C1V4g1BlliVzup9osZqOHNTLu7PtMbA&oe=670947B3","80","",,,,,"222549939635325","[Newsfeed] Indonesia First Party",,,,,"https://www.facebook.com/alkahfi.sutikno/posts/pfbid0qQTzCwhL6RGJvgBSc4QjifexnJ6pgxz2yfv8TD2gohHBP8KA4xzM5RXiPCa8YErel?comment_id=904111748250810",,,,,,,,,,,,,,,,,,,,,,,,,,,,,,,,,,,,"2024-10-05T14:45:39.000Z","8387595864662711","https://www.facebook.com/100002371423368/posts/8387595864662711","ZmVlZGJhY2s6ODM4NzU5NTg2NDY2MjcxMV85MDQxMTE3NDgyNTA4MTA=","Y29tbWVudDo4Mzg3NTk1ODY0NjYyNzExXzkwNDExMTc0ODI1MDgxMA==","https://www.facebook.com/100002371423368/posts/8387595864662711","1","245411055325934","false","PODCAST BPP BANGKO SEASON 2

_Peran Lurah dan Penyuluh dalam Meningkatkan IP 200 Tanaman Padi Sawah Tadah Hujan di Bantaian Hilir - Rokan Hilir_

Acara Bincang Santai podcast BPP Bangko season 2  membongkar Peran Lurah dan Penyuluh Pertanian serta KTNA  andil dalam meningkatkan IP 200, Tanaman Padi sawah di Bantaian Hilir Kabupaten Rokan Hilir. Seluas 110 Ha, produksi rata rata 5 SD 6 Ton/Ha

Host
*Khairunnisa, S. Pi*

Koordinator BPP Bangko
*Sudirman  Amd*

Narasumber 1 
Alkahfi Sutikno,M.Pd, Ketua KTNA Rohil
 1. Peran Penyuluh, Peran KTNA, dan Peran Pemangku Kebijakan. 
 2, KTNA Mitra Petani

Narasumber 2
Ade Mahyuni, M. Pd, Lurah Bantaian Hilir - Tahyudi Rohil 
1. Monografi Kelurahan Bantaian Hilir, 
2. Peran Lurah dan Mitra Petani

🎥 Saksikan di channel Youtube kebangga kita
BPP Bangko Rokan Hilir
https://youtube.com/@bppbangkorokanhilir?si=uKhykzNToMWSTPmb","pfbid0gabgSGtkfaAhDXt5xmaaERUapE8Cv3hhBwYjQaSbdQ7ejYKpPnNKtSjaRo5Ja6pUl","Iredawati Turnip","https://scontent-atl3-2.xx.fbcdn.net/v/t1.6435-1/131304240_674796963139748_7425362018820476139_n.jpg?stp=cp0_dst-jpg_s32x32&_nc_cat=101&ccb=1-7&_nc_sid=0ecb9b&_nc_ohc=Ga0Y3qv5SDYQ7kNvgHCgdrG&_nc_ht=scontent-atl3-2.xx&_nc_gid=AG75n6DwQyThEuBYlpZyA-u&oh=00_AYD19zIUt-OZdWo19i22AuO8fhGAPE0R9-OjZTMYoBJtvA&oe=672B0FF6","https://www.facebook.com/iredawati.turnip.9",,"0"
"Sticker",,,,,,,,,"1","83","1","1","1180041129842583","128","https://scontent-atl3-2.xx.fbcdn.net/v/t39.1997-6/441871485_1180041133175916_8182366443716460788_n.png?stp=dst-png_s168x128&_nc_cat=101&ccb=1-7&_nc_sid=23dd7b&_nc_ohc=Ab91XMbJv2AQ7kNvgFhgUFs&_nc_ht=scontent-atl3-2.xx&_nc_gid=AG75n6DwQyThEuBYlpZyA-u&oh=00_AYBJL7hjpe0icc3FcrUBQ5bwRlzx-MhXJ9NV55M7eJ88sw&oe=67097A79","128","",,,,,,,,,,,"https://www.facebook.com/alkahfi.sutikno/posts/pfbid0qQTzCwhL6RGJvgBSc4QjifexnJ6pgxz2yfv8TD2gohHBP8KA4xzM5RXiPCa8YErel?comment_id=2273454033026776","https://www.facebook.com/alkahfi.sutikno/posts/pfbid0qQTzCwhL6RGJvgBSc4QjifexnJ6pgxz2yfv8TD2gohHBP8KA4xzM5RXiPCa8YErel?comment_id=2273454033026776&reply_comment_id=520896143993055","2024-10-05T23:26:29.000Z","ZmVlZGJhY2s6ODM4NzU5NTg2NDY2MjcxMV81MjA4OTYxNDM5OTMwNTU=","Y29tbWVudDo4Mzg3NTk1ODY0NjYyNzExXzUyMDg5NjE0Mzk5MzA1NQ==","0","User","pfbid02Dak2sxxtRynocdBD6BquQprQGTHThyt9T4tZz4RaLtNcETiizVC9Y2dwn1qvsA2Wl","Dwi Ari Wibowo","Dwi","Y29tbWVudDo4Mzg3NTk1ODY0NjYyNzExXzIyNzM0NTQwMzMwMjY3NzY=","100002371423368","Alkahfi Sutikno","https://scontent-atl3-1.xx.fbcdn.net/v/t39.30808-1/272990950_4817471368341863_8430843410507685913_n.jpg?stp=cp0_dst-jpg_s32x32&_nc_cat=103&ccb=1-7&_nc_sid=50d2ac&_nc_ohc=kP5Oa1-8t6cQ7kNvgGKreLw&_nc_ht=scontent-atl3-1.xx&_nc_gid=AG75n6DwQyThEuBYlpZyA-u&oh=00_AYCZez5NhzYrAcCv9MJKGlhapsD2WeDVttOmtqjTPRMT6g&oe=670949DF","https://www.facebook.com/alkahfi.sutikno","Y29tbWVudDo4Mzg3NTk1ODY0NjYyNzExXzIyNzM0NTQwMzMwMjY3NzY=","Dwi Ari Wibowo biasa di luar","1",,,,,,,,,,,,,,,,,,"1","2024-10-05T15:30:59.000Z","8387595864662711","https://www.facebook.com/100002371423368/posts/8387595864662711","ZmVlZGJhY2s6ODM4NzU5NTg2NDY2MjcxMV8yMjczNDU0MDMzMDI2Nzc2","Y29tbWVudDo4Mzg3NTk1ODY0NjYyNzExXzIyNzM0NTQwMzMwMjY3NzY=","https://www.facebook.com/100002371423368/posts/8387595864662711","0","245411055325934","false","PODCAST BPP BANGKO SEASON 2

_Peran Lurah dan Penyuluh dalam Meningkatkan IP 200 Tanaman Padi Sawah Tadah Hujan di Bantaian Hilir - Rokan Hilir_

Acara Bincang Santai podcast BPP Bangko season 2  membongkar Peran Lurah dan Penyuluh Pertanian serta KTNA  andil dalam meningkatkan IP 200, Tanaman Padi sawah di Bantaian Hilir Kabupaten Rokan Hilir. Seluas 110 Ha, produksi rata rata 5 SD 6 Ton/Ha

Host
*Khairunnisa, S. Pi*

Koordinator BPP Bangko
*Sudirman  Amd*

Narasumber 1 
Alkahfi Sutikno,M.Pd, Ketua KTNA Rohil
 1. Peran Penyuluh, Peran KTNA, dan Peran Pemangku Kebijakan. 
 2, KTNA Mitra Petani

Narasumber 2
Ade Mahyuni, M. Pd, Lurah Bantaian Hilir - Tahyudi Rohil 
1. Monografi Kelurahan Bantaian Hilir, 
2. Peran Lurah dan Mitra Petani

🎥 Saksikan di channel Youtube kebangga kita
BPP Bangko Rokan Hilir
https://youtube.com/@bppbangkorokanhilir?si=uKhykzNToMWSTPmb","pfbid02Dak2sxxtRynocdBD6BquQprQGTHThyt9T4tZz4RaLtNcETiizVC9Y2dwn1qvsA2Wl","Dwi Ari Wibowo","https://scontent-atl3-1.xx.fbcdn.net/v/t39.30808-1/459923602_3764049287191042_8275846352765341498_n.jpg?stp=c128.0.768.768a_cp0_dst-jpg_s32x32&_nc_cat=110&ccb=1-7&_nc_sid=0ecb9b&_nc_ohc=HMl-ud8MlPMQ7kNvgGBh6t7&_nc_ht=scontent-atl3-1.xx&_nc_gid=AG75n6DwQyThEuBYlpZyA-u&oh=00_AYBVYTSQQs3bgUk-xc8G0F8GeVqkScio6WwfWDoKseXQEw&oe=67096BC5","https://www.facebook.com/dwi.ariwibowo.10",,"0"
,,,,,,,,,,,,,,,,,,,,,,,,,,,,"https://www.facebook.com/alkahfi.sutikno/posts/pfbid0PRuurNmT5HVYSE66hMF8yvBFGoJA6WzXZhW5vPCu8RXgWGFbVyae4nJVCCafWwQpl?comment_id=1196080384952476","https://www.facebook.com/alkahfi.sutikno/posts/pfbid0PRuurNmT5HVYSE66hMF8yvBFGoJA6WzXZhW5vPCu8RXgWGFbVyae4nJVCCafWwQpl?comment_id=1196080384952476&reply_comment_id=456455920767370","2024-10-03T23:44:27.000Z","ZmVlZGJhY2s6ODM2NzE1NzQ3MzM3MzIxN180NTY0NTU5MjA3NjczNzA=","Y29tbWVudDo4MzY3MTU3NDczMzczMjE3XzQ1NjQ1NTkyMDc2NzM3MA==","0","User","pfbid02sdfJ2iHemLg6jqBXCW5FF1QT8Vgb5Xfjx5mRDTWzqLqB13wsa9KE6Rp1yRqu2ZvCl","Atik S","Atik","Y29tbWVudDo4MzY3MTU3NDczMzczMjE3XzExOTYwODAzODQ5NTI0NzY=","100002371423368","Alkahfi Sutikno","https://scontent.fjdf1-1.fna.fbcdn.net/v/t39.30808-1/272990950_4817471368341863_8430843410507685913_n.jpg?stp=cp0_dst-jpg_s32x32&_nc_cat=103&ccb=1-7&_nc_sid=50d2ac&_nc_ohc=kP5Oa1-8t6cQ7kNvgG-M1G1&_nc_ht=scontent.fjdf1-1.fna&_nc_gid=AyaYpJIs_nCMCDXbkIOhui1&oh=00_AYCFcvbwg0gAF3J_DCy43YZN1-3LLIEUTnBVkpkfBdFVdA&oe=670949DF","https://www.facebook.com/alkahfi.sutikno","Y29tbWVudDo4MzY3MTU3NDczMzczMjE3XzExOTYwODAzODQ5NTI0NzY=","Atik S silahkan Bu","1",,,,,,,,,,,,,,,,,,"1","2024-10-03T22:20:27.000Z","8367157473373217","https://www.facebook.com/100002371423368/posts/8367157473373217","ZmVlZGJhY2s6ODM2NzE1NzQ3MzM3MzIxN18xMTk2MDgwMzg0OTUyNDc2","Y29tbWVudDo4MzY3MTU3NDczMzczMjE3XzExOTYwODAzODQ5NTI0NzY=","https://www.facebook.com/100002371423368/posts/8367157473373217","0","251017758097854","false","8 manfaat berwudhu sebelum tidur 
#reels
#fbprofesional
#inspirasi
#pengikut
#trending
#viral","pfbid02sdfJ2iHemLg6jqBXCW5FF1QT8Vgb5Xfjx5mRDTWzqLqB13wsa9KE6Rp1yRqu2ZvCl","Atik S","https://scontent.fjdf1-1.fna.fbcdn.net/v/t39.30808-1/343831339_726643112480260_5689800816665318851_n.jpg?stp=c6.0.405.405a_cp0_dst-jpg_s32x32&_nc_cat=108&ccb=1-7&_nc_sid=0ecb9b&_nc_ohc=gVQoYW5N22MQ7kNvgFr7xAI&_nc_ht=scontent.fjdf1-1.fna&_nc_gid=AyaYpJIs_nCMCDXbkIOhui1&oh=00_AYBos_YldLC6pnHRvPqTxtWBXMXzm_egvj3BkA32iU51dg&oe=67096E2E","https://www.facebook.com/atik.s.1232","Ijin share y pak ...
Trimksih bnyak sebelum nya pak","0"
"Sticker",,,,,,,,,"1","83","1","1","280280680528917","80","https://scontent-dfw5-1.xx.fbcdn.net/v/t39.1997-6/240404950_280280683862250_377726035223267134_n.png?stp=cp0_dst-png_s110x80&_nc_cat=1&ccb=1-7&_nc_sid=23dd7b&_nc_ohc=ixsbBqJJufcQ7kNvgHoX2bm&_nc_ht=scontent-dfw5-1.xx&_nc_gid=AfCrCCunBJGi8enwllhCTeO&oh=00_AYAUGtL6LrX7BS9TffHRaobHiwvucVMyGHt3zkoriEMI6Q&oe=670947B3","80","",,,,,"222549939635325","[Newsfeed] Indonesia First Party",,,,,"https://www.facebook.com/alkahfi.sutikno/posts/pfbid0A4JVjnzwxJV2yirQbtUWELx5bbvqtU35DEUbgkhVGDjozKJkmUZiGTBU5aaL4rjLl?comment_id=449725934291078",,,,,,,,,,,,,,,,,,,,,,,,,,,,,,,,,,,,"2024-10-04T14:10:17.000Z","8373334579422173","https://www.facebook.com/100002371423368/posts/8373334579422173","ZmVlZGJhY2s6ODM3MzMzNDU3OTQyMjE3M180NDk3MjU5MzQyOTEwNzg=","Y29tbWVudDo4MzczMzM0NTc5NDIyMTczXzQ0OTcyNTkzNDI5MTA3OA==","https://www.facebook.com/100002371423368/posts/8373334579422173","0","245411055325934","false","HARI JADI ROHIL KE 25

Semoga Rokan Hilir semakin Gemilang","100009097255533","Mus Mulyadi","https://scontent-dfw5-1.xx.fbcdn.net/v/t1.6435-1/81970537_2413051282341423_7061837188597547008_n.jpg?stp=cp0_dst-jpg_s32x32&_nc_cat=101&ccb=1-7&_nc_sid=db5862&_nc_ohc=qBslFkNtS5QQ7kNvgFfAHII&_nc_ht=scontent-dfw5-1.xx&_nc_gid=AfCrCCunBJGi8enwllhCTeO&oh=00_AYDy8SLbJsHxHuRWRfaWWXGq0Veh0jmIGqFo0-YZaGBrHA&oe=672AF113","https://www.facebook.com/mus.mulyadi.520562",,"0"
"Photo",,,,,,,"https://scontent-dfw5-1.xx.fbcdn.net/v/t39.30808-6/461980643_9219689841379957_3719038753073927568_n.jpg?stp=dst-jpg_fb30&_nc_cat=110&ccb=1-7&_nc_sid=bd9a62&_nc_ohc=aSgbF4UqyIsQ7kNvgFXC5Kl&_nc_ht=scontent-dfw5-1.xx&_nc_gid=AfCrCCunBJGi8enwllhCTeO&oh=00_AYBPRYdQdyXjop3UdNads-spPmtVenh0Pr7UFlHmqWyJOA&oe=67097B43",,,,,,"9219689821379959","225","https://scontent-dfw5-1.xx.fbcdn.net/v/t39.30808-6/461980643_9219689841379957_3719038753073927568_n.jpg?stp=dst-jpg_p75x225&_nc_cat=110&ccb=1-7&_nc_sid=bd9a62&_nc_ohc=aSgbF4UqyIsQ7kNvgFXC5Kl&_nc_ht=scontent-dfw5-1.xx&_nc_gid=AfCrCCunBJGi8enwllhCTeO&oh=00_AYCFrCnEODWVDfPq3QbtZaOmON_S3dNa720q2f-5SeKoEQ&oe=67097B43","86",,"305","117","May be an image of 1 person and text",,,,,,,,"https://www.facebook.com/alkahfi.sutikno/posts/pfbid0A4JVjnzwxJV2yirQbtUWELx5bbvqtU35DEUbgkhVGDjozKJkmUZiGTBU5aaL4rjLl?comment_id=524662183843288",,,,,,,,,,,,,,,,,,,,,,,,,,,,,,,,,,,,"2024-10-04T09:04:20.000Z","8373334579422173","https://www.facebook.com/100002371423368/posts/8373334579422173","ZmVlZGJhY2s6ODM3MzMzNDU3OTQyMjE3M181MjQ2NjIxODM4NDMyODg=","Y29tbWVudDo4MzczMzM0NTc5NDIyMTczXzUyNDY2MjE4Mzg0MzI4OA==","https://www.facebook.com/100002371423368/posts/8373334579422173","0","245411055325934","false","HARI JADI ROHIL KE 25

Semoga Rokan Hilir semakin Gemilang","100000170997162","Hartono Hk","https://scontent-dfw5-2.xx.fbcdn.net/v/t1.6435-1/56232082_2618985908117083_5528819440596025344_n.jpg?stp=cp0_dst-jpg_s32x32&_nc_cat=104&ccb=1-7&_nc_sid=db5862&_nc_ohc=MkONnhndKgMQ7kNvgEEx3vC&_nc_ht=scontent-dfw5-2.xx&_nc_gid=AfCrCCunBJGi8enwllhCTeO&oh=00_AYCFKClRYP3eefG5_sfRSQQyeICs287qHlUMzjBe_Y_PSA&oe=672B140C","https://www.facebook.com/hartono.hk","Semangat KK","0"
,,,,,,,,,,,,,,,,,,,,,,,,,,,,"https://www.facebook.com/alkahfi.sutikno/posts/pfbid0A4JVjnzwxJV2yirQbtUWELx5bbvqtU35DEUbgkhVGDjozKJkmUZiGTBU5aaL4rjLl?comment_id=420689237365140",,,,,,,,,,,,,,,,,,,,,,,,,,,,,,,,,,,,"2024-10-04T14:31:09.000Z","8373334579422173","https://www.facebook.com/100002371423368/posts/8373334579422173","ZmVlZGJhY2s6ODM3MzMzNDU3OTQyMjE3M180MjA2ODkyMzczNjUxNDA=","Y29tbWVudDo4MzczMzM0NTc5NDIyMTczXzQyMDY4OTIzNzM2NTE0MA==","https://www.facebook.com/100002371423368/posts/8373334579422173","0","245411055325934","false","HARI JADI ROHIL KE 25

Semoga Rokan Hilir semakin Gemilang","pfbid0Qf7oSWrWNXqZqEaScpKbhb6QSK79khKvTpac9FU7w7ZMwaeoRkiGNVFKYNZx9ZX8l","Sutarno Macho","https://scontent-dfw5-2.xx.fbcdn.net/v/t39.30808-1/461181089_8775843339106023_2355577585780352013_n.jpg?stp=c288.84.1056.1056a_cp0_dst-jpg_s32x32&_nc_cat=104&ccb=1-7&_nc_sid=0ecb9b&_nc_ohc=w4khneQp7FgQ7kNvgHq-qHG&_nc_ht=scontent-dfw5-2.xx&_nc_gid=AfCrCCunBJGi8enwllhCTeO&oh=00_AYAmNoN8L0OIW1VjH3cnfJTWVD2RIYEi44f0kVZQ5RzIXg&oe=67096A5C","https://www.facebook.com/sutarno.macho","Aamiin aamiin","0"
,,,,,,,,,,,,,,,,,,,,,,,,,,,,"https://www.facebook.com/alkahfi.sutikno/posts/pfbid0A4JVjnzwxJV2yirQbtUWELx5bbvqtU35DEUbgkhVGDjozKJkmUZiGTBU5aaL4rjLl?comment_id=1265921021246764",,,,,,,,,,,,,,,,,,,,,,,,,,,,,,,,,,,,"2024-10-04T11:29:42.000Z","8373334579422173","https://www.facebook.com/100002371423368/posts/8373334579422173","ZmVlZGJhY2s6ODM3MzMzNDU3OTQyMjE3M18xMjY1OTIxMDIxMjQ2NzY0","Y29tbWVudDo4MzczMzM0NTc5NDIyMTczXzEyNjU5MjEwMjEyNDY3NjQ=","https://www.facebook.com/100002371423368/posts/8373334579422173","0","245411055325934","false","HARI JADI ROHIL KE 25

Semoga Rokan Hilir semakin Gemilang","pfbid0UAaPc5vdvgKSkUzbbihEhxN4ecBNxFuNnY7jLdMjVTo7B3SsVCYJcFxNcNq3ZwYel","Dini Dian Ningsih","https://scontent-dfw5-1.xx.fbcdn.net/v/t39.30808-1/248093592_3083426001903723_4756653210343072626_n.jpg?stp=cp0_dst-jpg_s32x32&_nc_cat=111&ccb=1-7&_nc_sid=0ecb9b&_nc_ohc=i_NGN4IzD5UQ7kNvgEOdiCB&_nc_ht=scontent-dfw5-1.xx&_nc_gid=AfCrCCunBJGi8enwllhCTeO&oh=00_AYC8NtYSu2MTRZOvfOib8tcSjlwRJI8JnsEJFC1fh4_XhQ&oe=67094D94","https://www.facebook.com/people/Dini-Dian-Ningsih/pfbid0UAaPc5vdvgKSkUzbbihEhxN4ecBNxFuNnY7jLdMjVTo7B3SsVCYJcFxNcNq3ZwYel/","Aamiin  🤲🤲","0"
"Sticker",,,"https://scontent.fosu2-1.fna.fbcdn.net/v/t39.1997-6/47055694_1834508303314720_643166924464717824_n.webp?stp=dst-webp_s110x80&_nc_cat=1&ccb=1-7&_nc_sid=ba09c1&_nc_ohc=aFwEOXKXjs8Q7kNvgFClOr8&_nc_ht=scontent.fosu2-1.fna&_nc_gid=AyJm-8bwJqOmFm8lPBset5F&oh=00_AYD93_a1fLMNfbb5Ez5Zdt_Pz8SPeq2EdsnvpBkgyLFJPQ&oe=670966C9",,,,,,"12","83","3","4","1193278434104380","80","https://scontent.fosu2-1.fna.fbcdn.net/v/t39.1997-6/47614232_1846683475430536_3135922765756891136_n.png?stp=cp0_dst-png_s110x80&_nc_cat=1&ccb=1-7&_nc_sid=23dd7b&_nc_ohc=gzyPe3N4nc4Q7kNvgG5XI_z&_nc_ht=scontent.fosu2-1.fna&_nc_gid=AyJm-8bwJqOmFm8lPBset5F&oh=00_AYD307XwyM0OXwjDEkUo-OGwJXOyFtNhRc55BfK0pfutFw&oe=67097223","80","Thumbs Up, girl giving thumbs up",,,,,"1193273174104906","Noo-Hin",,"https://scontent.fosu2-1.fna.fbcdn.net/v/t39.1997-6/47472862_1846683478763869_5271603212267290624_n.png?stp=dst-png_p240x240&_nc_cat=1&ccb=1-7&_nc_sid=ba09c1&_nc_ohc=BnOq87ufH7oQ7kNvgGC3-Yy&_nc_ht=scontent.fosu2-1.fna&_nc_gid=AyJm-8bwJqOmFm8lPBset5F&oh=00_AYCdfxY4oDqZz9odtJM1ZIpN3QlaUMvbYWPX5OnceUB5Nw&oe=6709537E",,,"https://www.facebook.com/alkahfi.sutikno/posts/8386864658069165?comment_id=1291833982186052",,,,,,,,,,,,,,,,,,,,,,,,,,,,,,,,,,,,"2024-10-05T11:54:44.000Z","8386864658069165","https://www.facebook.com/100002371423368/posts/8386864658069165","ZmVlZGJhY2s6ODM4Njg2NDY1ODA2OTE2NV8xMjkxODMzOTgyMTg2MDUy","Y29tbWVudDo4Mzg2ODY0NjU4MDY5MTY1XzEyOTE4MzM5ODIxODYwNTI=","https://www.facebook.com/100002371423368/posts/8386864658069165","1","245411055325934","false","KEMAH AKBAR KWARCAB 0410 ROHIL

Menanamkan Karakter melalui Dasa Darma....","100009097255533","Mus Mulyadi","https://scontent.fosu2-2.fna.fbcdn.net/v/t1.6435-1/81970537_2413051282341423_7061837188597547008_n.jpg?stp=cp0_dst-jpg_s32x32&_nc_cat=101&ccb=1-7&_nc_sid=db5862&_nc_ohc=qBslFkNtS5QQ7kNvgHCtxpw&_nc_ht=scontent.fosu2-2.fna&_nc_gid=AyJm-8bwJqOmFm8lPBset5F&oh=00_AYCUQrmEBGiAGF7rBBRpOfpZrGPKOniL63dynlhEgx74XQ&oe=672AF113","https://www.facebook.com/mus.mulyadi.520562",,"0"
"Sticker",,,,,,,,,"1","83","1","1","456931540539611","120","https://scontent.fosu2-2.fna.fbcdn.net/v/t39.1997-6/452932511_456931553872943_3367613136126326499_n.webp?_nc_cat=108&ccb=1-7&_nc_sid=878c43&_nc_ohc=yzzWp264Y28Q7kNvgHlV0qH&_nc_ht=scontent.fosu2-2.fna&_nc_gid=AyJm-8bwJqOmFm8lPBset5F&oh=00_AYCCRJgfta3hpsVxJc4DWSVALVtrUMqxz7oMlXHa1iUrag&oe=67096FAA","120","Avatar with both thumbs up and a broad smile.",,,,,,,,,,,"https://www.facebook.com/alkahfi.sutikno/posts/8386864658069165?comment_id=1692865904889797","https://www.facebook.com/alkahfi.sutikno/posts/8386864658069165?comment_id=1692865904889797&reply_comment_id=856956809858448","2024-10-06T09:28:09.000Z","ZmVlZGJhY2s6ODM4Njg2NDY1ODA2OTE2NV84NTY5NTY4MDk4NTg0NDg=","Y29tbWVudDo4Mzg2ODY0NjU4MDY5MTY1Xzg1Njk1NjgwOTg1ODQ0OA==","0","User","100024241802830","Siti Nurjanah","Siti","Y29tbWVudDo4Mzg2ODY0NjU4MDY5MTY1XzE2OTI4NjU5MDQ4ODk3OTc=","100002371423368","Alkahfi Sutikno","https://scontent.fosu2-2.fna.fbcdn.net/v/t39.30808-1/272990950_4817471368341863_8430843410507685913_n.jpg?stp=cp0_dst-jpg_s32x32&_nc_cat=103&ccb=1-7&_nc_sid=50d2ac&_nc_ohc=kP5Oa1-8t6cQ7kNvgFSBZSG&_nc_ht=scontent.fosu2-2.fna&_nc_gid=AyJm-8bwJqOmFm8lPBset5F&oh=00_AYDBzXCo23kEEDOxa1sPEVy4pO8uR41g63FJ3A7JeszWEw&oe=670949DF","https://www.facebook.com/alkahfi.sutikno","Y29tbWVudDo4Mzg2ODY0NjU4MDY5MTY1XzE2OTI4NjU5MDQ4ODk3OTc=","Siti Nurjanah amin","1",,,,,,,,,,,,,,,,,,"1","2024-10-05T12:21:38.000Z","8386864658069165","https://www.facebook.com/100002371423368/posts/8386864658069165","ZmVlZGJhY2s6ODM4Njg2NDY1ODA2OTE2NV8xNjkyODY1OTA0ODg5Nzk3","Y29tbWVudDo4Mzg2ODY0NjU4MDY5MTY1XzE2OTI4NjU5MDQ4ODk3OTc=","https://www.facebook.com/100002371423368/posts/8386864658069165","0","245411055325934","false","KEMAH AKBAR KWARCAB 0410 ROHIL

Menanamkan Karakter melalui Dasa Darma....","100024241802830","Siti Nurjanah","https://scontent.fosu2-2.fna.fbcdn.net/v/t1.6435-1/201994227_985517312266320_6800020564675294787_n.jpg?stp=cp0_dst-jpg_s32x32&_nc_cat=110&ccb=1-7&_nc_sid=50d2ac&_nc_ohc=5PNMFZdi1JcQ7kNvgE45jWA&_nc_ht=scontent.fosu2-2.fna&_nc_gid=AyJm-8bwJqOmFm8lPBset5F&oh=00_AYAB_wajKRWF9WMHlF6DvPjFCINaVlJUg7fMU5rKnxRHtQ&oe=672B00F6","https://www.facebook.com/people/Siti-Nurjanah/100024241802830/","Semoga sehat2 semua ya mbh 🤲","0"
"Sticker",,,,,,,,,"1","83","1","1","140051381647167","80","https://scontent.fosu2-1.fna.fbcdn.net/v/t39.1997-6/240516696_140051384980500_4324639588081017510_n.png?stp=cp0_dst-png_s110x80&_nc_cat=1&ccb=1-7&_nc_sid=23dd7b&_nc_ohc=BnITkIeeckgQ7kNvgEgnIhK&_nc_ht=scontent.fosu2-1.fna&_nc_gid=AyJm-8bwJqOmFm8lPBset5F&oh=00_AYB0I1pfk-jA3cBldqK5YGgNoLPaXWga7VHrFJHVDnUbXQ&oe=67097398","80","",,,,,"140047671647538","[Newsfeed] Philippines First Party",,,,,"https://www.facebook.com/alkahfi.sutikno/posts/8386864658069165?comment_id=8900576516628313",,,,,,,,,,,,,,,,,,,,,,,,,,,,,,,,,,,,"2024-10-05T13:00:14.000Z","8386864658069165","https://www.facebook.com/100002371423368/posts/8386864658069165","ZmVlZGJhY2s6ODM4Njg2NDY1ODA2OTE2NV84OTAwNTc2NTE2NjI4MzEz","Y29tbWVudDo4Mzg2ODY0NjU4MDY5MTY1Xzg5MDA1NzY1MTY2MjgzMTM=","https://www.facebook.com/100002371423368/posts/8386864658069165","1","245411055325934","false","KEMAH AKBAR KWARCAB 0410 ROHIL

Menanamkan Karakter melalui Dasa Darma....","pfbid02aFekk65qur1GYpYEBxfD3MCnziGf6sqxGh7fM35AWRGghUzSHvYpoxocgubTT9ufl","Siti Sulasmi","https://scontent.fosu2-1.fna.fbcdn.net/v/t39.30808-1/453407502_1862830480884106_4132275640236117260_n.jpg?stp=cp0_dst-jpg_s32x32&_nc_cat=106&ccb=1-7&_nc_sid=0ecb9b&_nc_ohc=eLlhvT7UZTIQ7kNvgEm7-ro&_nc_ht=scontent.fosu2-1.fna&_nc_gid=AyJm-8bwJqOmFm8lPBset5F&oh=00_AYCKrh53-nPa22ckmKg7hBHSp9OlIw3JnTYOWEehQrKEbQ&oe=67094851","https://www.facebook.com/siti.sulasmi.984",,"0"
"Sticker",,,,,,,,,"1","83","1","1","1000519493737088","80","https://scontent.fosu2-1.fna.fbcdn.net/v/t39.1997-6/105258811_1000519497070421_1877687988442182543_n.png?stp=cp0_dst-png_s110x80&_nc_cat=1&ccb=1-7&_nc_sid=23dd7b&_nc_ohc=XLV_yZseIRkQ7kNvgEnve3Y&_nc_ht=scontent.fosu2-1.fna&_nc_gid=AyJm-8bwJqOmFm8lPBset5F&oh=00_AYCMbKGw-C9rv6B8HSXBY5ScOAixz0JFW9irUeQozPCFaw&oe=6709546B","80","a outstretched arm with a thumbs up. on the arm is written 'great' in indonesian",,,,,"1000303507092020","Stories Stickers in Feed",,,,,"https://www.facebook.com/alkahfi.sutikno/posts/8386864658069165?comment_id=1888805788275395",,,,,,,,,,,,,,,,,,,,,,,,,,,,,,,,,,,,"2024-10-05T11:59:35.000Z","8386864658069165","https://www.facebook.com/100002371423368/posts/8386864658069165","ZmVlZGJhY2s6ODM4Njg2NDY1ODA2OTE2NV8xODg4ODA1Nzg4Mjc1Mzk1","Y29tbWVudDo4Mzg2ODY0NjU4MDY5MTY1XzE4ODg4MDU3ODgyNzUzOTU=","https://www.facebook.com/100002371423368/posts/8386864658069165","1","245411055325934","false","KEMAH AKBAR KWARCAB 0410 ROHIL

Menanamkan Karakter melalui Dasa Darma....","pfbid03zD71dNejNLbcgUwCXtxC34w8AXgQzBfY4q7zFcD8h2aWYYkR6SwhQmneG3jcnxVl","Farda Farda Pranata","https://scontent.fosu2-2.fna.fbcdn.net/v/t39.30808-1/431737061_2052959308437571_2621540779895855130_n.jpg?stp=cp6_dst-jpg_s32x32&_nc_cat=110&ccb=1-7&_nc_sid=0ecb9b&_nc_ohc=ufny8l7M4PsQ7kNvgFBu_7a&_nc_ht=scontent.fosu2-2.fna&_nc_gid=AyJm-8bwJqOmFm8lPBset5F&oh=00_AYBf4AVL952YOB4QCojbokuhSdzZs3H5fwc914Y-BmWdOA&oe=67095CE7","https://www.facebook.com/people/Farda-Farda-Pranata/pfbid03zD71dNejNLbcgUwCXtxC34w8AXgQzBfY4q7zFcD8h2aWYYkR6SwhQmneG3jcnxVl/",,"0"
"Sticker",,,,,,,,,"1","83","1","1","280280680528917","80","https://scontent.fosu2-1.fna.fbcdn.net/v/t39.1997-6/240404950_280280683862250_377726035223267134_n.png?stp=cp0_dst-png_s110x80&_nc_cat=1&ccb=1-7&_nc_sid=23dd7b&_nc_ohc=ixsbBqJJufcQ7kNvgGG4fjL&_nc_ht=scontent.fosu2-1.fna&_nc_gid=AyJm-8bwJqOmFm8lPBset5F&oh=00_AYC2H8sZY9HV9RCyPjBvR-d_NcwQ4KNIb_XvSVmRiHwOhg&oe=670947B3","80","",,,,,"222549939635325","[Newsfeed] Indonesia First Party",,,,,"https://www.facebook.com/alkahfi.sutikno/posts/8386864658069165?comment_id=1058314188832485",,,,,,,,,,,,,,,,,,,,,,,,,,,,,,,,,,,,"2024-10-05T11:49:38.000Z","8386864658069165","https://www.facebook.com/100002371423368/posts/8386864658069165","ZmVlZGJhY2s6ODM4Njg2NDY1ODA2OTE2NV8xMDU4MzE0MTg4ODMyNDg1","Y29tbWVudDo4Mzg2ODY0NjU4MDY5MTY1XzEwNTgzMTQxODg4MzI0ODU=","https://www.facebook.com/100002371423368/posts/8386864658069165","1","245411055325934","false","KEMAH AKBAR KWARCAB 0410 ROHIL

Menanamkan Karakter melalui Dasa Darma....","pfbid026xehZBZXMhLGzKFMvY1XoZXiF3tMEsR9cRw2MZ6ZyQab22pcLj1itaov2Zqcnksql","Uar","https://scontent.fosu2-1.fna.fbcdn.net/v/t39.30808-1/433402254_1119695315942024_1356945620258488877_n.jpg?stp=cp0_dst-jpg_s32x32&_nc_cat=102&ccb=1-7&_nc_sid=0ecb9b&_nc_ohc=ejgEM4eWhHEQ7kNvgFOrL-Q&_nc_ht=scontent.fosu2-1.fna&_nc_gid=AyJm-8bwJqOmFm8lPBset5F&oh=00_AYCxTpb1fOiQHflknS9A95C_1mR9IErCZ5n4hRJXHnuTzA&oe=67096B1E","https://www.facebook.com/uar.uar.3781",,"0"
"Sticker",,,,,,,,,"1","83","1","1","280280680528917","80","https://scontent.fosu2-1.fna.fbcdn.net/v/t39.1997-6/240404950_280280683862250_377726035223267134_n.png?stp=cp0_dst-png_s110x80&_nc_cat=1&ccb=1-7&_nc_sid=23dd7b&_nc_ohc=ixsbBqJJufcQ7kNvgGG4fjL&_nc_ht=scontent.fosu2-1.fna&_nc_gid=AyJm-8bwJqOmFm8lPBset5F&oh=00_AYC2H8sZY9HV9RCyPjBvR-d_NcwQ4KNIb_XvSVmRiHwOhg&oe=670947B3","80","",,,,,"222549939635325","[Newsfeed] Indonesia First Party",,,,,"https://www.facebook.com/alkahfi.sutikno/posts/8386864658069165?comment_id=1233027411254582","https://www.facebook.com/alkahfi.sutikno/posts/8386864658069165?comment_id=1233027411254582&reply_comment_id=1081587866860033","2024-10-06T09:28:30.000Z","ZmVlZGJhY2s6ODM4Njg2NDY1ODA2OTE2NV8xMDgxNTg3ODY2ODYwMDMz","Y29tbWVudDo4Mzg2ODY0NjU4MDY5MTY1XzEwODE1ODc4NjY4NjAwMzM=","0","User","pfbid02Hx11bxCFKeAGRTha411JZVTrPoC8KqbJPNedSQxxNsbmPurADqcxK2QDSDXpW8Qzl","Miskiyah Rohil","Miskiyah","Y29tbWVudDo4Mzg2ODY0NjU4MDY5MTY1XzEyMzMwMjc0MTEyNTQ1ODI=","100002371423368","Alkahfi Sutikno","https://scontent.fosu2-2.fna.fbcdn.net/v/t39.30808-1/272990950_4817471368341863_8430843410507685913_n.jpg?stp=cp0_dst-jpg_s32x32&_nc_cat=103&ccb=1-7&_nc_sid=50d2ac&_nc_ohc=kP5Oa1-8t6cQ7kNvgFSBZSG&_nc_ht=scontent.fosu2-2.fna&_nc_gid=AyJm-8bwJqOmFm8lPBset5F&oh=00_AYDBzXCo23kEEDOxa1sPEVy4pO8uR41g63FJ3A7JeszWEw&oe=670949DF","https://www.facebook.com/alkahfi.sutikno","Y29tbWVudDo4Mzg2ODY0NjU4MDY5MTY1XzEyMzMwMjc0MTEyNTQ1ODI=","Miskiyah Rohil Mak e koq nggak datang","1",,,,,,,,,,,,,,,,,,"1","2024-10-05T15:27:44.000Z","8386864658069165","https://www.facebook.com/100002371423368/posts/8386864658069165","ZmVlZGJhY2s6ODM4Njg2NDY1ODA2OTE2NV8xMjMzMDI3NDExMjU0NTgy","Y29tbWVudDo4Mzg2ODY0NjU4MDY5MTY1XzEyMzMwMjc0MTEyNTQ1ODI=","https://www.facebook.com/100002371423368/posts/8386864658069165","0","245411055325934","false","KEMAH AKBAR KWARCAB 0410 ROHIL

Menanamkan Karakter melalui Dasa Darma....","pfbid02Hx11bxCFKeAGRTha411JZVTrPoC8KqbJPNedSQxxNsbmPurADqcxK2QDSDXpW8Qzl","Miskiyah Rohil","https://scontent.fosu2-2.fna.fbcdn.net/v/t39.30808-1/340499458_525937209697590_5990707195660811342_n.jpg?stp=cp0_dst-jpg_p32x32&_nc_cat=111&ccb=1-7&_nc_sid=0ecb9b&_nc_ohc=pjX6B_KKKYsQ7kNvgELtG72&_nc_ht=scontent.fosu2-2.fna&_nc_gid=AyJm-8bwJqOmFm8lPBset5F&oh=00_AYCVTS4W7ts4KJDevlW9jImXXCIQBckumttHHtzf19wRsQ&oe=67095001","https://www.facebook.com/miskiyah.rohim",,"0"
,,,,,,,,,,,,,,,,,,,,,,,,,,,,"https://www.facebook.com/alkahfi.sutikno/posts/pfbid02T49AHHjSkmBbDM4bWvhdqfYiDYgDWAioX2RTZfd4iq4WaQ4oCaRef98z4UGe1hJEl?comment_id=578439961178132","https://www.facebook.com/alkahfi.sutikno/posts/pfbid02T49AHHjSkmBbDM4bWvhdqfYiDYgDWAioX2RTZfd4iq4WaQ4oCaRef98z4UGe1hJEl?comment_id=578439961178132&reply_comment_id=1019516276640956","2024-10-03T04:07:12.000Z","ZmVlZGJhY2s6ODM1MzY1NTgwNDcyMzM4NF8xMDE5NTE2Mjc2NjQwOTU2","Y29tbWVudDo4MzUzNjU1ODA0NzIzMzg0XzEwMTk1MTYyNzY2NDA5NTY=","0","User","pfbid0FeSPLYh9CQ3XArAyrZoBdr1Yute6ApsEzbSMQG3ndXHoVtVokqjNkiKwSKJaFGrMl","Hasiregar Siregar","Hasiregar","Y29tbWVudDo4MzUzNjU1ODA0NzIzMzg0XzU3ODQzOTk2MTE3ODEzMg==","100002371423368","Alkahfi Sutikno","https://scontent-man2-1.xx.fbcdn.net/v/t39.30808-1/272990950_4817471368341863_8430843410507685913_n.jpg?stp=cp0_dst-jpg_s32x32&_nc_cat=103&ccb=1-7&_nc_sid=50d2ac&_nc_ohc=kP5Oa1-8t6cQ7kNvgGTIsKS&_nc_ht=scontent-man2-1.xx&_nc_gid=AsFa0uXzPuC0fi3D-EjBMkY&oh=00_AYBaUT0szDSGfM0Lj-IunbRYWjyI7BgjewfNQXE2mvW9aA&oe=670949DF","https://www.facebook.com/alkahfi.sutikno","Y29tbWVudDo4MzUzNjU1ODA0NzIzMzg0XzU3ODQzOTk2MTE3ODEzMg==","Hasiregar Siregar terima kasih","1",,,,,,,,,,,,,,,,,,"1","2024-10-02T16:10:18.000Z","8353655804723384","https://www.facebook.com/100002371423368/posts/8353655804723384","ZmVlZGJhY2s6ODM1MzY1NTgwNDcyMzM4NF81Nzg0Mzk5NjExNzgxMzI=","Y29tbWVudDo4MzUzNjU1ODA0NzIzMzg0XzU3ODQzOTk2MTE3ODEzMg==","https://www.facebook.com/100002371423368/posts/8353655804723384","0","245411055325934","false","SELAMAT HARI BATIK NASIONAL

2 Oktober 2024","pfbid0FeSPLYh9CQ3XArAyrZoBdr1Yute6ApsEzbSMQG3ndXHoVtVokqjNkiKwSKJaFGrMl","Hasiregar Siregar","https://scontent-man2-1.xx.fbcdn.net/v/t39.30808-1/448856194_1500421790860424_140197269937289609_n.jpg?stp=cp0_dst-jpg_s32x32&_nc_cat=100&ccb=1-7&_nc_sid=0ecb9b&_nc_ohc=O4twaR3W2kcQ7kNvgEEsjdS&_nc_ht=scontent-man2-1.xx&_nc_gid=AsFa0uXzPuC0fi3D-EjBMkY&oh=00_AYBVR8McgRlLs3z53_3zRI89vqkfUQQRFx86CbjInaHB5w&oe=6709537C","https://www.facebook.com/hasiregar.siregar","Selamat hari batik nasional","0"
,,,,,,,,,,,,,,,,,,,,,,,,,,,,"https://www.facebook.com/alkahfi.sutikno/posts/pfbid02T49AHHjSkmBbDM4bWvhdqfYiDYgDWAioX2RTZfd4iq4WaQ4oCaRef98z4UGe1hJEl?comment_id=514642494760832","https://www.facebook.com/alkahfi.sutikno/posts/pfbid02T49AHHjSkmBbDM4bWvhdqfYiDYgDWAioX2RTZfd4iq4WaQ4oCaRef98z4UGe1hJEl?comment_id=514642494760832&reply_comment_id=955109466451510","2024-10-03T04:07:01.000Z","ZmVlZGJhY2s6ODM1MzY1NTgwNDcyMzM4NF85NTUxMDk0NjY0NTE1MTA=","Y29tbWVudDo4MzUzNjU1ODA0NzIzMzg0Xzk1NTEwOTQ2NjQ1MTUxMA==","1","User","pfbid0HczvTumdDUYBinpMd2B6BsaTnXxiamTk5ugop3FYKWNsn9F7Vf5zQaTozLpwL2tFl","Murni Roy","Murni","Y29tbWVudDo4MzUzNjU1ODA0NzIzMzg0XzUxNDY0MjQ5NDc2MDgzMg==","100002371423368","Alkahfi Sutikno","https://scontent-man2-1.xx.fbcdn.net/v/t39.30808-1/272990950_4817471368341863_8430843410507685913_n.jpg?stp=cp0_dst-jpg_s32x32&_nc_cat=103&ccb=1-7&_nc_sid=50d2ac&_nc_ohc=kP5Oa1-8t6cQ7kNvgGTIsKS&_nc_ht=scontent-man2-1.xx&_nc_gid=AsFa0uXzPuC0fi3D-EjBMkY&oh=00_AYBaUT0szDSGfM0Lj-IunbRYWjyI7BgjewfNQXE2mvW9aA&oe=670949DF","https://www.facebook.com/alkahfi.sutikno","Y29tbWVudDo4MzUzNjU1ODA0NzIzMzg0XzUxNDY0MjQ5NDc2MDgzMg==","Murni Roy terima kasih","1",,,,,,,,,,,,,,,,,,"1","2024-10-02T05:08:05.000Z","8353655804723384","https://www.facebook.com/100002371423368/posts/8353655804723384","ZmVlZGJhY2s6ODM1MzY1NTgwNDcyMzM4NF81MTQ2NDI0OTQ3NjA4MzI=","Y29tbWVudDo4MzUzNjU1ODA0NzIzMzg0XzUxNDY0MjQ5NDc2MDgzMg==","https://www.facebook.com/100002371423368/posts/8353655804723384","0","245411055325934","false","SELAMAT HARI BATIK NASIONAL

2 Oktober 2024","pfbid0HczvTumdDUYBinpMd2B6BsaTnXxiamTk5ugop3FYKWNsn9F7Vf5zQaTozLpwL2tFl","Murni Roy","https://scontent-man2-1.xx.fbcdn.net/v/t39.30808-1/278968217_1622343118150423_2772420960243309809_n.jpg?stp=cp0_dst-jpg_s32x32&_nc_cat=102&ccb=1-7&_nc_sid=0ecb9b&_nc_ohc=DWju_iK2DQoQ7kNvgGGWUP_&_nc_ht=scontent-man2-1.xx&_nc_gid=AsFa0uXzPuC0fi3D-EjBMkY&oh=00_AYA5U4clMwWfxyvP7F5ke-v5358pmCEpzjNpOVcbsjwxHw&oe=67097C27","https://www.facebook.com/murni.roy","Alhamdulillah Dan Tahniah Yang Setinggi-tingginya 👍🙏","0"
,,,,,,,,,,,,,,,,,,,,,,,,,,,,"https://www.facebook.com/alkahfi.sutikno/posts/pfbid02cCMdoEyFzGCVLMTw23o99gdPpR28HcjUBcGp9dNmuR8n96nw6eW5TWR9WiZ6gdyul?comment_id=1867583807100867",,,,,,,,,,,,,,,,,,,,,,,,,,,,,,,,,,,,"2024-10-01T12:29:52.000Z","8346409512114680","https://www.facebook.com/100002371423368/posts/8346409512114680","ZmVlZGJhY2s6ODM0NjQwOTUxMjExNDY4MF8xODY3NTgzODA3MTAwODY3","Y29tbWVudDo4MzQ2NDA5NTEyMTE0NjgwXzE4Njc1ODM4MDcxMDA4Njc=","https://www.facebook.com/100002371423368/posts/8346409512114680","2","245411055325934","false","CEK LOKASI KEMBALI FUNGSI LAHAN

214 Hektar lahan sawit kembali menjadi sawah di Mukti Jaya KEC Rimba Melintang Kab Rokan Hilir Riau. Produksi padi rata² 8 ton per hektar.
Ka UPT Pelatihan Dinas Pangan Ketahanan Pangan dan Hortikultura Riau cek lokasi","100060280114706","Rojak Rojak","https://scontent.fmkc1-1.fna.fbcdn.net/v/t39.30808-1/459236224_913790093973653_4511289317251625905_n.jpg?stp=cp0_dst-jpg_s32x32&_nc_cat=103&ccb=1-7&_nc_sid=50d2ac&_nc_ohc=qGnt1dEbneQQ7kNvgFC4qiz&_nc_ht=scontent.fmkc1-1.fna&_nc_gid=AgHwOP5Ek4VbOI-Ywvhi6VU&oh=00_AYA4tiyB73tk4tRU2SKUbRXAdmqrCxlilDrPH4cFvcNz7g&oe=67096CAB","https://www.facebook.com/people/Rojak-Rojak/100060280114706/","Mantap","0"
,,,,,,,,,,,,,,,,,,,,,,,,,,,,"https://www.facebook.com/alkahfi.sutikno/posts/pfbid02cCMdoEyFzGCVLMTw23o99gdPpR28HcjUBcGp9dNmuR8n96nw6eW5TWR9WiZ6gdyul?comment_id=1219669405929581",,,,,,,,,,,,,,,,,,,,,,,,,,,,,,,,,,,"1","2024-10-01T12:17:21.000Z","8346409512114680","https://www.facebook.com/100002371423368/posts/8346409512114680","ZmVlZGJhY2s6ODM0NjQwOTUxMjExNDY4MF8xMjE5NjY5NDA1OTI5NTgx","Y29tbWVudDo4MzQ2NDA5NTEyMTE0NjgwXzEyMTk2Njk0MDU5Mjk1ODE=","https://www.facebook.com/100002371423368/posts/8346409512114680","2","245411055325934","false","CEK LOKASI KEMBALI FUNGSI LAHAN

214 Hektar lahan sawit kembali menjadi sawah di Mukti Jaya KEC Rimba Melintang Kab Rokan Hilir Riau. Produksi padi rata² 8 ton per hektar.
Ka UPT Pelatihan Dinas Pangan Ketahanan Pangan dan Hortikultura Riau cek lokasi","100023308044175","Niken Wijayanti","https://scontent.fmkc1-1.fna.fbcdn.net/v/t39.30808-1/310979588_1240773920042864_8318846709766892123_n.jpg?stp=cp0_dst-jpg_s32x32&_nc_cat=107&ccb=1-7&_nc_sid=50d2ac&_nc_ohc=KOoOGNWmVF0Q7kNvgE_FuyI&_nc_ht=scontent.fmkc1-1.fna&_nc_gid=AgHwOP5Ek4VbOI-Ywvhi6VU&oh=00_AYCBZMvB-7yLPzoRI0zV4QLenhiyhOwH2shbNIgKC5X51A&oe=67094CE1",,"Keren kak kompak selalu","0"
"Sticker",,,,,,,,,"1","83","1","1","140051381647167","80","https://scontent.fmkc1-1.fna.fbcdn.net/v/t39.1997-6/240516696_140051384980500_4324639588081017510_n.png?stp=cp0_dst-png_s110x80&_nc_cat=1&ccb=1-7&_nc_sid=23dd7b&_nc_ohc=BnITkIeeckgQ7kNvgHcboTA&_nc_ht=scontent.fmkc1-1.fna&_nc_gid=AgHwOP5Ek4VbOI-Ywvhi6VU&oh=00_AYDi7EZqDqUs5rMNKPYOPLyO8yU9PH39mIIjKHz8LHN3jQ&oe=67097398","80","",,,,,"140047671647538","[Newsfeed] Philippines First Party",,,,,"https://www.facebook.com/alkahfi.sutikno/posts/pfbid02cCMdoEyFzGCVLMTw23o99gdPpR28HcjUBcGp9dNmuR8n96nw6eW5TWR9WiZ6gdyul?comment_id=549206447524309",,,,,,,,,,,,,,,,,,,,,,,,,,,,,,,,,,,,"2024-10-01T17:56:42.000Z","8346409512114680","https://www.facebook.com/100002371423368/posts/8346409512114680","ZmVlZGJhY2s6ODM0NjQwOTUxMjExNDY4MF81NDkyMDY0NDc1MjQzMDk=","Y29tbWVudDo4MzQ2NDA5NTEyMTE0NjgwXzU0OTIwNjQ0NzUyNDMwOQ==","https://www.facebook.com/100002371423368/posts/8346409512114680","0","245411055325934","false","CEK LOKASI KEMBALI FUNGSI LAHAN

214 Hektar lahan sawit kembali menjadi sawah di Mukti Jaya KEC Rimba Melintang Kab Rokan Hilir Riau. Produksi padi rata² 8 ton per hektar.
Ka UPT Pelatihan Dinas Pangan Ketahanan Pangan dan Hortikultura Riau cek lokasi","100045725863268","M Nizar Patri","https://scontent.fmkc1-1.fna.fbcdn.net/v/t39.30808-1/452713521_1006593024208217_2176866769299896080_n.jpg?stp=cp0_dst-jpg_s32x32&_nc_cat=109&ccb=1-7&_nc_sid=50d2ac&_nc_ohc=vuBAwCVDofYQ7kNvgHHwONv&_nc_ht=scontent.fmkc1-1.fna&_nc_gid=AgHwOP5Ek4VbOI-Ywvhi6VU&oh=00_AYAJb1tt9fUyto2x3aQXXcT_kcQcCGemhu7qztU-6vGN8Q&oe=67094FE9",,,"0"
,,,,,,,,,,,,,,,,,,,,,,,,,,,,"https://www.facebook.com/alkahfi.sutikno/posts/pfbid02cCMdoEyFzGCVLMTw23o99gdPpR28HcjUBcGp9dNmuR8n96nw6eW5TWR9WiZ6gdyul?comment_id=573124801727895",,,,,,,,,,,,,,,,,,,,,,,,,,,,,,,,,,,,"2024-10-01T14:10:38.000Z","8346409512114680","https://www.facebook.com/100002371423368/posts/8346409512114680","ZmVlZGJhY2s6ODM0NjQwOTUxMjExNDY4MF81NzMxMjQ4MDE3Mjc4OTU=","Y29tbWVudDo4MzQ2NDA5NTEyMTE0NjgwXzU3MzEyNDgwMTcyNzg5NQ==","https://www.facebook.com/100002371423368/posts/8346409512114680","0","245411055325934","false","CEK LOKASI KEMBALI FUNGSI LAHAN

214 Hektar lahan sawit kembali menjadi sawah di Mukti Jaya KEC Rimba Melintang Kab Rokan Hilir Riau. Produksi padi rata² 8 ton per hektar.
Ka UPT Pelatihan Dinas Pangan Ketahanan Pangan dan Hortikultura Riau cek lokasi","61558469053428","Basri Gowes","https://scontent.fmkc1-1.fna.fbcdn.net/v/t39.30808-1/450051885_122128692446282301_4719477949543439913_n.jpg?stp=cp0_dst-jpg_s32x32&_nc_cat=103&ccb=1-7&_nc_sid=50d2ac&_nc_ohc=pgqKrsWJIREQ7kNvgG--TIT&_nc_ht=scontent.fmkc1-1.fna&_nc_gid=AgHwOP5Ek4VbOI-Ywvhi6VU&oh=00_AYAgjOkj38WfUcG_BPhNR8H10o3y_UC1x6Mi9kO75mXWzQ&oe=6709590C","https://www.facebook.com/people/Basri-Gowes/61558469053428/","Keren","0"
,,,,,,,,,,,,,,,,,,,,,,,,,,,,"https://www.facebook.com/alkahfi.sutikno/posts/pfbid02cCMdoEyFzGCVLMTw23o99gdPpR28HcjUBcGp9dNmuR8n96nw6eW5TWR9WiZ6gdyul?comment_id=3807001846233419",,,,,,,,,,,,,,,,,,,,,,,,,,,,,,,,,,,,"2024-10-01T14:39:46.000Z","8346409512114680","https://www.facebook.com/100002371423368/posts/8346409512114680","ZmVlZGJhY2s6ODM0NjQwOTUxMjExNDY4MF8zODA3MDAxODQ2MjMzNDE5","Y29tbWVudDo4MzQ2NDA5NTEyMTE0NjgwXzM4MDcwMDE4NDYyMzM0MTk=","https://www.facebook.com/100002371423368/posts/8346409512114680","0","245411055325934","false","CEK LOKASI KEMBALI FUNGSI LAHAN

214 Hektar lahan sawit kembali menjadi sawah di Mukti Jaya KEC Rimba Melintang Kab Rokan Hilir Riau. Produksi padi rata² 8 ton per hektar.
Ka UPT Pelatihan Dinas Pangan Ketahanan Pangan dan Hortikultura Riau cek lokasi","1658505567","Fetri Yeni","https://scontent.fmkc1-1.fna.fbcdn.net/v/t39.30808-1/252771958_10217464611081371_5747985773336911218_n.jpg?stp=cp0_dst-jpg_s32x32&_nc_cat=107&ccb=1-7&_nc_sid=50d2ac&_nc_ohc=nFsRNwuOZbwQ7kNvgHAqxfr&_nc_ht=scontent.fmkc1-1.fna&_nc_gid=AgHwOP5Ek4VbOI-Ywvhi6VU&oh=00_AYBsgeSj-wctcgzkCXGpI-tF1zDZn6XwQ0v0LSCURuMztg&oe=6709715A","https://www.facebook.com/fetri.yeni.7","Semangat slalu mas, selalu inovasi, keren","0"
,,,,,,,,,,,,,,,,,,,,,,,,,,,,"https://www.facebook.com/alkahfi.sutikno/posts/pfbid02cCMdoEyFzGCVLMTw23o99gdPpR28HcjUBcGp9dNmuR8n96nw6eW5TWR9WiZ6gdyul?comment_id=1175148193576994",,,,,,,,,,,,,,,,,,,,,,,,,,,,,,,,,,,"1","2024-10-01T11:47:41.000Z","8346409512114680","https://www.facebook.com/100002371423368/posts/8346409512114680","ZmVlZGJhY2s6ODM0NjQwOTUxMjExNDY4MF8xMTc1MTQ4MTkzNTc2OTk0","Y29tbWVudDo4MzQ2NDA5NTEyMTE0NjgwXzExNzUxNDgxOTM1NzY5OTQ=","https://www.facebook.com/100002371423368/posts/8346409512114680","1","245411055325934","false","CEK LOKASI KEMBALI FUNGSI LAHAN

214 Hektar lahan sawit kembali menjadi sawah di Mukti Jaya KEC Rimba Melintang Kab Rokan Hilir Riau. Produksi padi rata² 8 ton per hektar.
Ka UPT Pelatihan Dinas Pangan Ketahanan Pangan dan Hortikultura Riau cek lokasi","100092845112073","Tri Pujianto","https://scontent.fmkc1-1.fna.fbcdn.net/v/t39.30808-1/449847426_369000162871485_838837006339664441_n.jpg?stp=cp0_dst-jpg_s32x32&_nc_cat=104&ccb=1-7&_nc_sid=50d2ac&_nc_ohc=gfxW3F5tHLsQ7kNvgFr9AYG&_nc_ht=scontent.fmkc1-1.fna&_nc_gid=AgHwOP5Ek4VbOI-Ywvhi6VU&oh=00_AYAVjJrg3DJrUgD8EzUpTDXFyEeR_GBzQxIG0Av0XZINgA&oe=67097903","https://www.facebook.com/people/Tri-Pujianto/100092845112073/","Semoga membawa berkah","0"
"Sticker",,,"https://scontent.fmkc1-1.fna.fbcdn.net/v/t39.1997-6/105343556_953860578409633_6468337803980710969_n.webp?stp=dst-webp_s110x80&_nc_cat=1&ccb=1-7&_nc_sid=ba09c1&_nc_ohc=1FIRVrD8d-AQ7kNvgGVQWIU&_nc_ht=scontent.fmkc1-1.fna&_nc_gid=AgHwOP5Ek4VbOI-Ywvhi6VU&oh=00_AYAs0ZIzE-N0HBRGvyGGSklpwNaYM2m1jL9EyRtpu52W0A&oe=67096CFA",,,,,,"15","83","4","4","529234054205623","80","https://scontent.fmkc1-1.fna.fbcdn.net/v/t39.1997-6/83640226_953860661742958_8297483048391664602_n.png?stp=cp0_dst-png_s110x80&_nc_cat=1&ccb=1-7&_nc_sid=23dd7b&_nc_ohc=60RwSvhAEisQ7kNvgFuIn5d&_nc_ht=scontent.fmkc1-1.fna&_nc_gid=AgHwOP5Ek4VbOI-Ywvhi6VU&oh=00_AYCrQqE_AbhmGtfBm4R4Y_Sf3S3zSn18QSgWgJixKPW_cA&oe=67094CB7","80","An animated yellow left hand with thumb up.",,,,,"516558918806470","Moodies",,"https://scontent.fmkc1-1.fna.fbcdn.net/v/t39.1997-6/105941685_953860581742966_1572841152382279834_n.png?stp=dst-png_p320x320&_nc_cat=1&ccb=1-7&_nc_sid=ba09c1&_nc_ohc=kvRAEtoDtsYQ7kNvgG2EA_R&_nc_ht=scontent.fmkc1-1.fna&_nc_gid=AgHwOP5Ek4VbOI-Ywvhi6VU&oh=00_AYC1xBvS1NKdoWXJ5Sdo8yiGyhWATHyvgnTEwgWMg0iNRQ&oe=670977C2",,,"https://www.facebook.com/alkahfi.sutikno/posts/pfbid02cCMdoEyFzGCVLMTw23o99gdPpR28HcjUBcGp9dNmuR8n96nw6eW5TWR9WiZ6gdyul?comment_id=1054288179762474",,,,,,,,,,,,,,,,,,,,,,,,,,,,,,,,,,,,"2024-10-01T09:21:08.000Z","8346409512114680","https://www.facebook.com/100002371423368/posts/8346409512114680","ZmVlZGJhY2s6ODM0NjQwOTUxMjExNDY4MF8xMDU0Mjg4MTc5NzYyNDc0","Y29tbWVudDo4MzQ2NDA5NTEyMTE0NjgwXzEwNTQyODgxNzk3NjI0NzQ=","https://www.facebook.com/100002371423368/posts/8346409512114680","1","245411055325934","false","CEK LOKASI KEMBALI FUNGSI LAHAN

214 Hektar lahan sawit kembali menjadi sawah di Mukti Jaya KEC Rimba Melintang Kab Rokan Hilir Riau. Produksi padi rata² 8 ton per hektar.
Ka UPT Pelatihan Dinas Pangan Ketahanan Pangan dan Hortikultura Riau cek lokasi","61551942118942","Sudar Miati","https://scontent.fmkc1-1.fna.fbcdn.net/v/t39.30808-1/383224929_122098622054064737_3917546634792790151_n.jpg?stp=cp0_dst-jpg_s32x32&_nc_cat=108&ccb=1-7&_nc_sid=50d2ac&_nc_ohc=71tS7yivDBsQ7kNvgEjGuii&_nc_ht=scontent.fmkc1-1.fna&_nc_gid=AgHwOP5Ek4VbOI-Ywvhi6VU&oh=00_AYA10HOAc8Z8BQVYPkdWQ6wqL68Me3g2LB40qjg01KrLAg&oe=67094E20","https://www.facebook.com/people/Sudar-Miati/61551942118942/",,"0"
,,,,,,,,,,,,,,,,,,,,,,,,,,,,"https://www.facebook.com/alkahfi.sutikno/posts/pfbid02cCMdoEyFzGCVLMTw23o99gdPpR28HcjUBcGp9dNmuR8n96nw6eW5TWR9WiZ6gdyul?comment_id=1221425802646026",,,,,,,,,,,,,,,,,,,,,,,,,,,,,,,,,,,,"2024-10-02T00:13:21.000Z","8346409512114680","https://www.facebook.com/100002371423368/posts/8346409512114680","ZmVlZGJhY2s6ODM0NjQwOTUxMjExNDY4MF8xMjIxNDI1ODAyNjQ2MDI2","Y29tbWVudDo4MzQ2NDA5NTEyMTE0NjgwXzEyMjE0MjU4MDI2NDYwMjY=","https://www.facebook.com/100002371423368/posts/8346409512114680","0","245411055325934","false","CEK LOKASI KEMBALI FUNGSI LAHAN

214 Hektar lahan sawit kembali menjadi sawah di Mukti Jaya KEC Rimba Melintang Kab Rokan Hilir Riau. Produksi padi rata² 8 ton per hektar.
Ka UPT Pelatihan Dinas Pangan Ketahanan Pangan dan Hortikultura Riau cek lokasi","100001283047433","Yanti Cipta Maya","https://scontent.fmkc1-1.fna.fbcdn.net/v/t39.30808-1/323447924_846489793135585_2748961481813010901_n.jpg?stp=c0.6.579.578a_cp0_dst-jpg_s32x32&_nc_cat=111&ccb=1-7&_nc_sid=50d2ac&_nc_ohc=iKZpEqP_oIcQ7kNvgH8IxFI&_nc_ht=scontent.fmkc1-1.fna&_nc_gid=AgHwOP5Ek4VbOI-Ywvhi6VU&oh=00_AYDh5udK9grHbE_6Q3N72yOHBZfC-b_xYHqtXo1vC2kRCQ&oe=67097C9D","https://www.facebook.com/karnoyanti","Mantap semangat","0"
,,,,,,,,,,,,,,,,,,,,,,,,,,,,"https://www.facebook.com/alkahfi.sutikno/posts/pfbid02cCMdoEyFzGCVLMTw23o99gdPpR28HcjUBcGp9dNmuR8n96nw6eW5TWR9WiZ6gdyul?comment_id=839813021682180",,,,,,,,,,,,,,,,,,,,,,,,,,,,,,,,,,,"1","2024-10-01T12:23:29.000Z","8346409512114680","https://www.facebook.com/100002371423368/posts/8346409512114680","ZmVlZGJhY2s6ODM0NjQwOTUxMjExNDY4MF84Mzk4MTMwMjE2ODIxODA=","Y29tbWVudDo4MzQ2NDA5NTEyMTE0NjgwXzgzOTgxMzAyMTY4MjE4MA==","https://www.facebook.com/100002371423368/posts/8346409512114680","2","245411055325934","false","CEK LOKASI KEMBALI FUNGSI LAHAN

214 Hektar lahan sawit kembali menjadi sawah di Mukti Jaya KEC Rimba Melintang Kab Rokan Hilir Riau. Produksi padi rata² 8 ton per hektar.
Ka UPT Pelatihan Dinas Pangan Ketahanan Pangan dan Hortikultura Riau cek lokasi","1765734003","Jian Arisandy","https://scontent.fmkc1-1.fna.fbcdn.net/v/t39.30808-1/404723378_10211155605083738_1754881733720396227_n.jpg?stp=cp0_dst-jpg_s32x32&_nc_cat=103&ccb=1-7&_nc_sid=50d2ac&_nc_ohc=9INTMfS9MIsQ7kNvgGkfuUI&_nc_ht=scontent.fmkc1-1.fna&_nc_gid=AgHwOP5Ek4VbOI-Ywvhi6VU&oh=00_AYBiAnbg1LRrkGxTEElRXgKQoLkBx1zdq9sF0pRvvteXsw&oe=67096842","https://www.facebook.com/jian.arisandy","Wah keren bun
Mau nanam apa ini","0"
"Sticker",,,,,,,,,"1","83","1","1","280280680528917","80","https://scontent.fmkc1-1.fna.fbcdn.net/v/t39.1997-6/240404950_280280683862250_377726035223267134_n.png?stp=cp0_dst-png_s110x80&_nc_cat=1&ccb=1-7&_nc_sid=23dd7b&_nc_ohc=ixsbBqJJufcQ7kNvgEZNpgm&_nc_ht=scontent.fmkc1-1.fna&_nc_gid=AgHwOP5Ek4VbOI-Ywvhi6VU&oh=00_AYDp6DbSVz1Rc29d_B8CbVASyMQvHZQh9n6pvS8l5xQj5g&oe=670947B3","80","",,,,,"222549939635325","[Newsfeed] Indonesia First Party",,,,,"https://www.facebook.com/alkahfi.sutikno/posts/pfbid02cCMdoEyFzGCVLMTw23o99gdPpR28HcjUBcGp9dNmuR8n96nw6eW5TWR9WiZ6gdyul?comment_id=1073476190793691",,,,,,,,,,,,,,,,,,,,,,,,,,,,,,,,,,,,"2024-10-01T14:06:10.000Z","8346409512114680","https://www.facebook.com/100002371423368/posts/8346409512114680","ZmVlZGJhY2s6ODM0NjQwOTUxMjExNDY4MF8xMDczNDc2MTkwNzkzNjkx","Y29tbWVudDo4MzQ2NDA5NTEyMTE0NjgwXzEwNzM0NzYxOTA3OTM2OTE=","https://www.facebook.com/100002371423368/posts/8346409512114680","0","245411055325934","false","CEK LOKASI KEMBALI FUNGSI LAHAN

214 Hektar lahan sawit kembali menjadi sawah di Mukti Jaya KEC Rimba Melintang Kab Rokan Hilir Riau. Produksi padi rata² 8 ton per hektar.
Ka UPT Pelatihan Dinas Pangan Ketahanan Pangan dan Hortikultura Riau cek lokasi","100003824546609","Transisto Budi","https://scontent.fmkc1-1.fna.fbcdn.net/v/t39.30808-1/311772859_2690224381115020_4427597476856417725_n.jpg?stp=cp0_dst-jpg_s32x32&_nc_cat=110&ccb=1-7&_nc_sid=50d2ac&_nc_ohc=pGdT3dnoPcwQ7kNvgErL_cZ&_nc_ht=scontent.fmkc1-1.fna&_nc_gid=AgHwOP5Ek4VbOI-Ywvhi6VU&oh=00_AYBHWqIJXo2OmOQjirU23exsCmfndeiM9v9PU7TG8ccrnw&oe=670946C6","https://www.facebook.com/budi.aja.9659","Kalo seandainya biaya penumbangan sawitnya d tanggung pemerintah mungkin akan lebih banyak petani sawit yg akan beralih ke padi pak🙏🙏","0"
,,,,,,,,,,,,,,,,,,,,,,,,,,,,"https://www.facebook.com/alkahfi.sutikno/posts/pfbid0DnkrTUtFyxTQkfSVKQP5BKNa8x9fAYQrMbjXcAPmb5T3y4VWvxG1tRgmQSomQ1Hol?comment_id=877945217287439","https://www.facebook.com/alkahfi.sutikno/posts/pfbid0DnkrTUtFyxTQkfSVKQP5BKNa8x9fAYQrMbjXcAPmb5T3y4VWvxG1tRgmQSomQ1Hol?comment_id=877945217287439&reply_comment_id=500119506194798","2024-10-01T08:42:10.000Z","ZmVlZGJhY2s6ODM0MjYzNDExOTE1ODg4Nl81MDAxMTk1MDYxOTQ3OTg=","Y29tbWVudDo4MzQyNjM0MTE5MTU4ODg2XzUwMDExOTUwNjE5NDc5OA==","0","User","pfbid02JPSuEQgqUEAtoyPKKTtsTgZVFYAmsSj241QLRsbUJWtQMuFWqYZZi4V1YYetUZYul","Kar Midi","Kar","Y29tbWVudDo4MzQyNjM0MTE5MTU4ODg2Xzg3Nzk0NTIxNzI4NzQzOQ==","100002371423368","Alkahfi Sutikno","https://scontent-ord5-2.xx.fbcdn.net/v/t39.30808-1/272990950_4817471368341863_8430843410507685913_n.jpg?stp=cp0_dst-jpg_s32x32&_nc_cat=103&ccb=1-7&_nc_sid=50d2ac&_nc_ohc=kP5Oa1-8t6cQ7kNvgER814f&_nc_ht=scontent-ord5-2.xx&_nc_gid=AzSLpDCCJyHX2VsryggtIUa&oh=00_AYD76UUrF0Z-sKmZ9o7ELtXZpTMfB3Um0nB6NQ1CWGfHVg&oe=670949DF","https://www.facebook.com/alkahfi.sutikno","Y29tbWVudDo4MzQyNjM0MTE5MTU4ODg2Xzg3Nzk0NTIxNzI4NzQzOQ==","Kar Midi Betul Pak","1","https://www.facebook.com/alkahfi.sutikno/posts/pfbid0DnkrTUtFyxTQkfSVKQP5BKNa8x9fAYQrMbjXcAPmb5T3y4VWvxG1tRgmQSomQ1Hol?comment_id=877945217287439&reply_comment_id=1191839285422552","2024-10-01T09:27:45.000Z","ZmVlZGJhY2s6ODM0MjYzNDExOTE1ODg4Nl8xMTkxODM5Mjg1NDIyNTUy","Y29tbWVudDo4MzQyNjM0MTE5MTU4ODg2XzExOTE4MzkyODU0MjI1NTI=","0","User","pfbid02JPSuEQgqUEAtoyPKKTtsTgZVFYAmsSj241QLRsbUJWtQMuFWqYZZi4V1YYetUZYul","Kar Midi","Kar","Y29tbWVudDo4MzQyNjM0MTE5MTU4ODg2Xzg3Nzk0NTIxNzI4NzQzOQ==","100084378033557","MA AL Husna Darussalam","https://scontent-ord5-1.xx.fbcdn.net/v/t39.30808-1/297852563_101749849314283_5652428103026208924_n.jpg?stp=cp0_dst-jpg_s32x32&_nc_cat=106&ccb=1-7&_nc_sid=50d2ac&_nc_ohc=XYU9dVCZnLsQ7kNvgH7S2CP&_nc_ht=scontent-ord5-1.xx&_nc_gid=AzSLpDCCJyHX2VsryggtIUa&oh=00_AYAUaTQVU1_ZEwPXvckLe4zEBUW9lwPKdAwFX9aOMqhqEw&oe=670972F4","https://www.facebook.com/people/MA-AL-Husna-Darussalam/100084378033557/","Y29tbWVudDo4MzQyNjM0MTE5MTU4ODg2Xzg3Nzk0NTIxNzI4NzQzOQ==","Kar Midi luar biasa","1","2","2024-10-01T07:36:27.000Z","8342634119158886","https://www.facebook.com/100002371423368/posts/8342634119158886","ZmVlZGJhY2s6ODM0MjYzNDExOTE1ODg4Nl84Nzc5NDUyMTcyODc0Mzk=","Y29tbWVudDo4MzQyNjM0MTE5MTU4ODg2Xzg3Nzk0NTIxNzI4NzQzOQ==","https://www.facebook.com/100002371423368/posts/8342634119158886","0","245411055325934","false","YAHUSDA EKSKUL

1. Pramuka
2. Podcast 
3. Muhadoroh
4. Hadroh
5. Cinta Lingkungan","pfbid02JPSuEQgqUEAtoyPKKTtsTgZVFYAmsSj241QLRsbUJWtQMuFWqYZZi4V1YYetUZYul","Kar Midi","https://scontent-ord5-2.xx.fbcdn.net/v/t39.30808-1/232687354_2855288614688889_1860062778349916111_n.jpg?stp=cp0_dst-jpg_s32x32&_nc_cat=104&ccb=1-7&_nc_sid=0ecb9b&_nc_ohc=xZlYXIWGw7gQ7kNvgGK1qYT&_nc_ht=scontent-ord5-2.xx&_nc_gid=AzSLpDCCJyHX2VsryggtIUa&oh=00_AYAO52-cpZ1CwFKtSaocx7qct4rQC8Mi__D-eZ0dsQ99ew&oe=6709738A","https://www.facebook.com/kar.midi.58","Pramuka membentuk mental. Melatih disiplin dan berlaku jujur..bertanggung jawab dan dapat dipercaya","0"
"Sticker",,,,,,,,,"1","83","1","1","280280680528917","80","https://scontent-hou1-1.xx.fbcdn.net/v/t39.1997-6/240404950_280280683862250_377726035223267134_n.png?stp=cp0_dst-png_s110x80&_nc_cat=1&ccb=1-7&_nc_sid=23dd7b&_nc_ohc=ixsbBqJJufcQ7kNvgHMkhz0&_nc_ht=scontent-hou1-1.xx&_nc_gid=AJvweNYSlPUjoKE1ZocnGRb&oh=00_AYAmi_jKIxfVjHYdl265UnypUhvGxdhtNKURsJk4ohtejQ&oe=670947B3","80","",,,,,"222549939635325","[Newsfeed] Indonesia First Party",,,,,"https://www.facebook.com/alkahfi.sutikno/posts/8338062896282675?comment_id=1770253487120192",,,,,,,,,,,,,,,,,,,,,,,,,,,,,,,,,,,,"2024-10-01T01:27:26.000Z","8338062896282675","https://www.facebook.com/100002371423368/posts/8338062896282675","ZmVlZGJhY2s6ODMzODA2Mjg5NjI4MjY3NV8xNzcwMjUzNDg3MTIwMTky","Y29tbWVudDo4MzM4MDYyODk2MjgyNjc1XzE3NzAyNTM0ODcxMjAxOTI=","https://www.facebook.com/100002371423368/posts/8338062896282675","0","245411055325934","false","TERIMA KASIH BI RIAU

Bantuan Bank Indonesia Riau untuk Poktan Bangun Jaya Kepenghuluan Bantaian KEC Batu Hampar Kabupaten Rokan Hilir untuk Claster Cabe. Semoga bermanfaat dan dapat meningkatkan hasil....","pfbid02U2vwLgCFWLEUbtHErazmxXhgdwcwAFmF5EQCqCWPJNqb6tVw3oDToEq1FbWNrQBrl","Putri Beta","https://scontent-hou1-1.xx.fbcdn.net/v/t1.6435-1/124595500_1206613899740534_8631138010397095845_n.jpg?stp=cp0_dst-jpg_s32x32&_nc_cat=101&ccb=1-7&_nc_sid=e4545e&_nc_ohc=dmADUUPTZDIQ7kNvgFEkeNQ&_nc_ht=scontent-hou1-1.xx&_nc_gid=AJvweNYSlPUjoKE1ZocnGRb&oh=00_AYDXBpDiWkPKTx-fekmQRMxJ0IB98Utrk6fzNB9BArYmVw&oe=672AFC49","https://www.facebook.com/putri.beta.52","Semoga sukses","0"
,,,,,,,,,,,,,,,,,,,,,,,,,,,,"https://www.facebook.com/alkahfi.sutikno/posts/8338062896282675?comment_id=1571181187113848",,,,,,,,,,,,,,,,,,,,,,,,,,,,,,,,,,,"1","2024-09-30T22:12:13.000Z","8338062896282675","https://www.facebook.com/100002371423368/posts/8338062896282675","ZmVlZGJhY2s6ODMzODA2Mjg5NjI4MjY3NV8xNTcxMTgxMTg3MTEzODQ4","Y29tbWVudDo4MzM4MDYyODk2MjgyNjc1XzE1NzExODExODcxMTM4NDg=","https://www.facebook.com/100002371423368/posts/8338062896282675","0","245411055325934","false","TERIMA KASIH BI RIAU

Bantuan Bank Indonesia Riau untuk Poktan Bangun Jaya Kepenghuluan Bantaian KEC Batu Hampar Kabupaten Rokan Hilir untuk Claster Cabe. Semoga bermanfaat dan dapat meningkatkan hasil....","100023308044175","Niken Wijayanti","https://scontent-hou1-1.xx.fbcdn.net/v/t39.30808-1/310979588_1240773920042864_8318846709766892123_n.jpg?stp=cp0_dst-jpg_s32x32&_nc_cat=107&ccb=1-7&_nc_sid=50d2ac&_nc_ohc=KOoOGNWmVF0Q7kNvgEJ3ut3&_nc_ht=scontent-hou1-1.xx&_nc_gid=AJvweNYSlPUjoKE1ZocnGRb&oh=00_AYDbHpaRHIdjAaiyaxfwqBaCEEq-SQ2A5df6o1xXb_X1-A&oe=67094CE1",,"Alhamdulillah","0"
"Sticker",,,,,,,,,"1","83","1","1","1180041129842583","128","https://scontent-hou1-1.xx.fbcdn.net/v/t39.1997-6/441871485_1180041133175916_8182366443716460788_n.png?stp=dst-png_s168x128&_nc_cat=101&ccb=1-7&_nc_sid=23dd7b&_nc_ohc=Ab91XMbJv2AQ7kNvgGOb8RD&_nc_ht=scontent-hou1-1.xx&_nc_gid=AJvweNYSlPUjoKE1ZocnGRb&oh=00_AYCQ0lCH0zhhOR8XU9cAb8kHIQZYPUA8PELN4IFOLRWD1w&oe=67097A79","128","",,,,,,,,,,,"https://www.facebook.com/alkahfi.sutikno/posts/8338062896282675?comment_id=538288095254012",,,,,,,,,,,,,,,,,,,,,,,,,,,,,,,,,,,,"2024-09-30T14:34:35.000Z","8338062896282675","https://www.facebook.com/100002371423368/posts/8338062896282675","ZmVlZGJhY2s6ODMzODA2Mjg5NjI4MjY3NV81MzgyODgwOTUyNTQwMTI=","Y29tbWVudDo4MzM4MDYyODk2MjgyNjc1XzUzODI4ODA5NTI1NDAxMg==","https://www.facebook.com/100002371423368/posts/8338062896282675","1","245411055325934","false","TERIMA KASIH BI RIAU

Bantuan Bank Indonesia Riau untuk Poktan Bangun Jaya Kepenghuluan Bantaian KEC Batu Hampar Kabupaten Rokan Hilir untuk Claster Cabe. Semoga bermanfaat dan dapat meningkatkan hasil....","pfbid02Dak2sxxtRynocdBD6BquQprQGTHThyt9T4tZz4RaLtNcETiizVC9Y2dwn1qvsA2Wl","Dwi Ari Wibowo","https://scontent-hou1-1.xx.fbcdn.net/v/t39.30808-1/459923602_3764049287191042_8275846352765341498_n.jpg?stp=c128.0.768.768a_cp0_dst-jpg_s32x32&_nc_cat=110&ccb=1-7&_nc_sid=0ecb9b&_nc_ohc=HMl-ud8MlPMQ7kNvgFO-Gcb&_nc_ht=scontent-hou1-1.xx&_nc_gid=AJvweNYSlPUjoKE1ZocnGRb&oh=00_AYAJcm2Ekx6PFtS9VvmiRH8d7A0dMC1PNe7QUJAc2yqbWA&oe=67096BC5","https://www.facebook.com/dwi.ariwibowo.10",,"0"
,,,,,,,,,,,,,,,,,,,,,,,,,,,,"https://www.facebook.com/alkahfi.sutikno/posts/8338062896282675?comment_id=886123419770396",,,,,,,,,,,,,,,,,,,,,,,,,,,,,,,,,,,"1","2024-09-30T11:08:21.000Z","8338062896282675","https://www.facebook.com/100002371423368/posts/8338062896282675","ZmVlZGJhY2s6ODMzODA2Mjg5NjI4MjY3NV84ODYxMjM0MTk3NzAzOTY=","Y29tbWVudDo4MzM4MDYyODk2MjgyNjc1Xzg4NjEyMzQxOTc3MDM5Ng==","https://www.facebook.com/100002371423368/posts/8338062896282675","0","245411055325934","false","TERIMA KASIH BI RIAU

Bantuan Bank Indonesia Riau untuk Poktan Bangun Jaya Kepenghuluan Bantaian KEC Batu Hampar Kabupaten Rokan Hilir untuk Claster Cabe. Semoga bermanfaat dan dapat meningkatkan hasil....","100002418904781","Kamisri Kezi","https://scontent-hou1-1.xx.fbcdn.net/v/t39.30808-1/439426361_7387062374717653_5404225086342155412_n.jpg?stp=cp0_dst-jpg_s32x32&_nc_cat=103&ccb=1-7&_nc_sid=50d2ac&_nc_ohc=O1zY_p5GxnoQ7kNvgHe5AxU&_nc_ht=scontent-hou1-1.xx&_nc_gid=AJvweNYSlPUjoKE1ZocnGRb&oh=00_AYANY1mkDxwP_A5dklP8t7eGpDPtpKQSFfN57Cxp7RVv2w&oe=67095394","https://www.facebook.com/kamisri.kezi","Aamiin...
mantap pak..
semoga sukses selalu ☺️","0"
,,,,,,,,,,,,,,,,,,,,,,,,,,,,"https://www.facebook.com/alkahfi.sutikno/posts/8338062896282675?comment_id=1054874839072884",,,,,,,,,,,,,,,,,,,,,,,,,,,,,,,,,,,"1","2024-09-30T11:15:27.000Z","8338062896282675","https://www.facebook.com/100002371423368/posts/8338062896282675","ZmVlZGJhY2s6ODMzODA2Mjg5NjI4MjY3NV8xMDU0ODc0ODM5MDcyODg0","Y29tbWVudDo4MzM4MDYyODk2MjgyNjc1XzEwNTQ4NzQ4MzkwNzI4ODQ=","https://www.facebook.com/100002371423368/posts/8338062896282675","1","245411055325934","false","TERIMA KASIH BI RIAU

Bantuan Bank Indonesia Riau untuk Poktan Bangun Jaya Kepenghuluan Bantaian KEC Batu Hampar Kabupaten Rokan Hilir untuk Claster Cabe. Semoga bermanfaat dan dapat meningkatkan hasil....","100056849475800","Eni Yanti","https://scontent-hou1-1.xx.fbcdn.net/v/t39.30808-1/452235892_988894086348898_8588549516001137305_n.jpg?stp=cp0_dst-jpg_s32x32&_nc_cat=100&ccb=1-7&_nc_sid=50d2ac&_nc_ohc=Zks2K7ypB0sQ7kNvgGu2cVA&_nc_ht=scontent-hou1-1.xx&_nc_gid=AJvweNYSlPUjoKE1ZocnGRb&oh=00_AYAVqT4LJjIOhNnSdJpHgYinqGLdd2tNeTVebERZijNrVA&oe=67097C08","https://www.facebook.com/kwtmataharibersinar.kwt","Semoga sukses","0"
,,,,,,,,,,,,,,,,,,,,,,,,,,,,"https://www.facebook.com/alkahfi.sutikno/posts/8338062896282675?comment_id=523084953690339",,,,,,,,,,,,,,,,,,,,,,,,,,,,,,,,,,,"1","2024-09-30T11:04:15.000Z","8338062896282675","https://www.facebook.com/100002371423368/posts/8338062896282675","ZmVlZGJhY2s6ODMzODA2Mjg5NjI4MjY3NV81MjMwODQ5NTM2OTAzMzk=","Y29tbWVudDo4MzM4MDYyODk2MjgyNjc1XzUyMzA4NDk1MzY5MDMzOQ==","https://www.facebook.com/100002371423368/posts/8338062896282675","0","245411055325934","false","TERIMA KASIH BI RIAU

Bantuan Bank Indonesia Riau untuk Poktan Bangun Jaya Kepenghuluan Bantaian KEC Batu Hampar Kabupaten Rokan Hilir untuk Claster Cabe. Semoga bermanfaat dan dapat meningkatkan hasil....","pfbid0iaaayWRQbUzJR89EB8MaScKhj8FT6dwjFmCofJWKB3cYCbWmiJTqKjfdJwDmmVKzl","Sehulul Anwar","https://scontent-hou1-1.xx.fbcdn.net/v/t39.30808-1/341887232_1464307770974783_2875017914590067347_n.jpg?stp=cp0_dst-jpg_s32x32&_nc_cat=103&ccb=1-7&_nc_sid=0ecb9b&_nc_ohc=6Uf6aAMd9F0Q7kNvgHR6MEA&_nc_ht=scontent-hou1-1.xx&_nc_gid=AJvweNYSlPUjoKE1ZocnGRb&oh=00_AYBXppM4lgufQ0brC9uBXmx891i8B1Fd1rrYBdTkLEgKVQ&oe=67096107","https://www.facebook.com/sehulul.anwar","Mantaap pak bos","0"
,,,,,,,,,,,,,,,,,,,,,,,,,,,,"https://www.facebook.com/alkahfi.sutikno/posts/8338062896282675?comment_id=1237558490709711",,,,,,,,,,,,,,,,,,,,,,,,,,,,,,,,,,,"1","2024-09-30T12:48:18.000Z","8338062896282675","https://www.facebook.com/100002371423368/posts/8338062896282675","ZmVlZGJhY2s6ODMzODA2Mjg5NjI4MjY3NV8xMjM3NTU4NDkwNzA5NzEx","Y29tbWVudDo4MzM4MDYyODk2MjgyNjc1XzEyMzc1NTg0OTA3MDk3MTE=","https://www.facebook.com/100002371423368/posts/8338062896282675","0","245411055325934","false","TERIMA KASIH BI RIAU

Bantuan Bank Indonesia Riau untuk Poktan Bangun Jaya Kepenghuluan Bantaian KEC Batu Hampar Kabupaten Rokan Hilir untuk Claster Cabe. Semoga bermanfaat dan dapat meningkatkan hasil....","100009711342803","Jasmiati Tahir","https://scontent-hou1-1.xx.fbcdn.net/v/t39.30808-1/447499594_2238436123156744_1350766757761001877_n.jpg?stp=c0.0.720.720a_cp0_dst-jpg_s32x32&_nc_cat=100&ccb=1-7&_nc_sid=50d2ac&_nc_ohc=vWVK8t4VnDAQ7kNvgFFcZCr&_nc_ht=scontent-hou1-1.xx&_nc_gid=AJvweNYSlPUjoKE1ZocnGRb&oh=00_AYC5UcIuR4aHdo4XdPejTs1Kd_t4S_YjV8qgtd91f3Zq3g&oe=67095F4D","https://www.facebook.com/jasmiati.tahir","Sukses selalu besti","0"
"Sticker",,,,,,,,,"1","83","1","1","502596675516426","120","https://scontent-hou1-1.xx.fbcdn.net/v/t39.1997-6/453083074_502596685516425_8142427364328147011_n.webp?_nc_cat=109&ccb=1-7&_nc_sid=878c43&_nc_ohc=rDCfAfqNhYgQ7kNvgGS7Rpc&_nc_ht=scontent-hou1-1.xx&_nc_gid=AJvweNYSlPUjoKE1ZocnGRb&oh=00_AYD5ipFsV5aNknXJ4OgkWdcl7G26jMNuFiz_RY_MYxmSbg&oe=67094CFD","120","Avatar looking excited, with their right hand up in a fist and waving their left hand. They're carrying a green backpack. The number 100 is written above them in pink inside a blue star.",,,,,,,,,,,"https://www.facebook.com/alkahfi.sutikno/posts/8338062896282675?comment_id=1949643772115064",,,,,,,,,,,,,,,,,,,,,,,,,,,,,,,,,,,"1","2024-09-30T11:13:42.000Z","8338062896282675","https://www.facebook.com/100002371423368/posts/8338062896282675","ZmVlZGJhY2s6ODMzODA2Mjg5NjI4MjY3NV8xOTQ5NjQzNzcyMTE1MDY0","Y29tbWVudDo4MzM4MDYyODk2MjgyNjc1XzE5NDk2NDM3NzIxMTUwNjQ=","https://www.facebook.com/100002371423368/posts/8338062896282675","0","245411055325934","false","TERIMA KASIH BI RIAU

Bantuan Bank Indonesia Riau untuk Poktan Bangun Jaya Kepenghuluan Bantaian KEC Batu Hampar Kabupaten Rokan Hilir untuk Claster Cabe. Semoga bermanfaat dan dapat meningkatkan hasil....","pfbid02Nnftr3W951ZrbdzyhcavU8zV8N3ydvcZpfrxosEbCXBo8YArMtgufL2UKu8LYW78l","Julizar Pongkai","https://scontent-hou1-1.xx.fbcdn.net/v/t39.30808-1/406171035_7086031561457097_8920971726319635322_n.jpg?stp=cp0_dst-jpg_s32x32&_nc_cat=110&ccb=1-7&_nc_sid=0ecb9b&_nc_ohc=xbSY5YcamuAQ7kNvgHEXrCU&_nc_ht=scontent-hou1-1.xx&_nc_gid=AJvweNYSlPUjoKE1ZocnGRb&oh=00_AYD0kgjJd5U1nVZmtacEOBryFIsfsZIr3iFAXBrX5PsWeQ&oe=67095A71","https://www.facebook.com/julizar.pongkai",,"0"
,,,,,,,,,,,,,,,,,,,,,,,,,,,,"https://www.facebook.com/alkahfi.sutikno/posts/8338062896282675?comment_id=1214014936480273",,,,,,,,,,,,,,,,,,,,,,,,,,,,,,,,,,,"1","2024-09-30T11:38:00.000Z","8338062896282675","https://www.facebook.com/100002371423368/posts/8338062896282675","ZmVlZGJhY2s6ODMzODA2Mjg5NjI4MjY3NV8xMjE0MDE0OTM2NDgwMjcz","Y29tbWVudDo4MzM4MDYyODk2MjgyNjc1XzEyMTQwMTQ5MzY0ODAyNzM=","https://www.facebook.com/100002371423368/posts/8338062896282675","0","245411055325934","false","TERIMA KASIH BI RIAU

Bantuan Bank Indonesia Riau untuk Poktan Bangun Jaya Kepenghuluan Bantaian KEC Batu Hampar Kabupaten Rokan Hilir untuk Claster Cabe. Semoga bermanfaat dan dapat meningkatkan hasil....","pfbid029sGgc6sYm1xCcim9i4hNWq8CxvyhmfwMAQHd3Af3HRnNYPQWjK1B9xQJBRUpiV1Al","Risnawati Butet","https://scontent-hou1-1.xx.fbcdn.net/v/t39.30808-1/370034408_993555648429854_8841156602493610969_n.jpg?stp=cp0_dst-jpg_s32x32&_nc_cat=103&ccb=1-7&_nc_sid=0ecb9b&_nc_ohc=VRH9g6VwLtgQ7kNvgEVlaSS&_nc_ht=scontent-hou1-1.xx&_nc_gid=AJvweNYSlPUjoKE1ZocnGRb&oh=00_AYBKBhCEfVIaT28OXYIzJavoh4RMDUy2sFveCC1JF44CZw&oe=67095B92","https://www.facebook.com/risnawati.butet","Mantap sukses selalu pak","0"
,,,,,,,,,,,,,,,,,,,,,,,,,,,,"https://www.facebook.com/alkahfi.sutikno/posts/pfbid0DaxnYq1hZJs4U5pdZyXsGiwCw8EcCcWH9vSw3195GyrBqNpVsx6rffkt1Vy4CnHYl?comment_id=1509604356351080",,,,,,,,,,,,,,,,,,,,,,,,,,,,,,,,,,,,"2024-10-03T10:15:56.000Z","8365650660190565","https://www.facebook.com/100002371423368/posts/8365650660190565","ZmVlZGJhY2s6ODM2NTY1MDY2MDE5MDU2NV8xNTA5NjA0MzU2MzUxMDgw","Y29tbWVudDo4MzY1NjUwNjYwMTkwNTY1XzE1MDk2MDQzNTYzNTEwODA=","https://www.facebook.com/100002371423368/posts/8365650660190565","0","245411055325934","false","POKTAN BANGUN JAYA

Klaster Cabai di Kabupaten Rokan Hilir Riau","pfbid0iaaayWRQbUzJR89EB8MaScKhj8FT6dwjFmCofJWKB3cYCbWmiJTqKjfdJwDmmVKzl","Sehulul Anwar","https://scontent.fntr6-2.fna.fbcdn.net/v/t39.30808-1/341887232_1464307770974783_2875017914590067347_n.jpg?stp=cp0_dst-jpg_s32x32&_nc_cat=103&ccb=1-7&_nc_sid=0ecb9b&_nc_ohc=6Uf6aAMd9F0Q7kNvgHjLVy-&_nc_ht=scontent.fntr6-2.fna&_nc_gid=A3WTUGjRlp1lhHPPgPIvI2T&oh=00_AYBeBnRX6FKYZKDlmyDXwJ5UFNui2N-OAHsOOBRPeDSjcg&oe=67096107","https://www.facebook.com/sehulul.anwar","Untuk lenggadai hilir ada egk pak bos..","0"
,,,,,,,,,,,,,,,,,,,,,,,,,,,,"https://www.facebook.com/alkahfi.sutikno/posts/pfbid0DaxnYq1hZJs4U5pdZyXsGiwCw8EcCcWH9vSw3195GyrBqNpVsx6rffkt1Vy4CnHYl?comment_id=3831187930531937",,,,,,,,,,,,,,,,,,,,,,,,,,,,,,,,,,,,"2024-10-03T14:27:52.000Z","8365650660190565","https://www.facebook.com/100002371423368/posts/8365650660190565","ZmVlZGJhY2s6ODM2NTY1MDY2MDE5MDU2NV8zODMxMTg3OTMwNTMxOTM3","Y29tbWVudDo4MzY1NjUwNjYwMTkwNTY1XzM4MzExODc5MzA1MzE5Mzc=","https://www.facebook.com/100002371423368/posts/8365650660190565","0","245411055325934","false","POKTAN BANGUN JAYA

Klaster Cabai di Kabupaten Rokan Hilir Riau","1658505567","Fetri Yeni","https://scontent.fntr6-4.fna.fbcdn.net/v/t39.30808-1/252771958_10217464611081371_5747985773336911218_n.jpg?stp=cp0_dst-jpg_s32x32&_nc_cat=107&ccb=1-7&_nc_sid=50d2ac&_nc_ohc=nFsRNwuOZbwQ7kNvgE-47Yx&_nc_ht=scontent.fntr6-4.fna&_nc_gid=A3WTUGjRlp1lhHPPgPIvI2T&oh=00_AYBsvQosCo8twFRE-_48wj4Qo8C8diDYdOjWDcdwMYTI_A&oe=6709715A","https://www.facebook.com/fetri.yeni.7","Sukses slalu Mas, tetap semangat","0"
,,,,,,,,,,,,,,,,,,,,,,,,,,,,"https://www.facebook.com/alkahfi.sutikno/posts/pfbid0DaxnYq1hZJs4U5pdZyXsGiwCw8EcCcWH9vSw3195GyrBqNpVsx6rffkt1Vy4CnHYl?comment_id=1093472802295082","https://www.facebook.com/alkahfi.sutikno/posts/pfbid0DaxnYq1hZJs4U5pdZyXsGiwCw8EcCcWH9vSw3195GyrBqNpVsx6rffkt1Vy4CnHYl?comment_id=1093472802295082&reply_comment_id=881533960277186","2024-10-03T09:02:55.000Z","ZmVlZGJhY2s6ODM2NTY1MDY2MDE5MDU2NV84ODE1MzM5NjAyNzcxODY=","Y29tbWVudDo4MzY1NjUwNjYwMTkwNTY1Xzg4MTUzMzk2MDI3NzE4Ng==","0","User","pfbid02FMHrmWJN1Y13RNEWgYrVXmN7f1a192fGP4pBLMyu3Upu8JPUyES1r6KPPS8ZFDyzl","Sungkono","Sungkono","Y29tbWVudDo4MzY1NjUwNjYwMTkwNTY1XzEwOTM0NzI4MDIyOTUwODI=","100002371423368","Alkahfi Sutikno","https://scontent.fntr6-2.fna.fbcdn.net/v/t39.30808-1/272990950_4817471368341863_8430843410507685913_n.jpg?stp=cp0_dst-jpg_s32x32&_nc_cat=103&ccb=1-7&_nc_sid=50d2ac&_nc_ohc=kP5Oa1-8t6cQ7kNvgF6j68r&_nc_ht=scontent.fntr6-2.fna&_nc_gid=A3WTUGjRlp1lhHPPgPIvI2T&oh=00_AYDSieBXaQrArhQm_hImZGIJifWSm1l-s2xkKd3FSunf_w&oe=670949DF","https://www.facebook.com/alkahfi.sutikno","Y29tbWVudDo4MzY1NjUwNjYwMTkwNTY1XzEwOTM0NzI4MDIyOTUwODI=","Sungkono amin","1",,,,,,,,,,,,,,,,,,"1","2024-10-03T08:56:11.000Z","8365650660190565","https://www.facebook.com/100002371423368/posts/8365650660190565","ZmVlZGJhY2s6ODM2NTY1MDY2MDE5MDU2NV8xMDkzNDcyODAyMjk1MDgy","Y29tbWVudDo4MzY1NjUwNjYwMTkwNTY1XzEwOTM0NzI4MDIyOTUwODI=","https://www.facebook.com/100002371423368/posts/8365650660190565","0","245411055325934","false","POKTAN BANGUN JAYA

Klaster Cabai di Kabupaten Rokan Hilir Riau","pfbid02FMHrmWJN1Y13RNEWgYrVXmN7f1a192fGP4pBLMyu3Upu8JPUyES1r6KPPS8ZFDyzl","Sungkono","https://scontent.fntr6-2.fna.fbcdn.net/v/t39.30808-1/345436675_638494687650778_1069483994060779525_n.jpg?stp=cp0_dst-jpg_s32x32&_nc_cat=103&ccb=1-7&_nc_sid=0ecb9b&_nc_ohc=qlggXi5dCdsQ7kNvgGnl1UZ&_nc_ht=scontent.fntr6-2.fna&_nc_gid=A3WTUGjRlp1lhHPPgPIvI2T&oh=00_AYD9eFnMgTU1OhvgCaYg0eY0_aS6mLLwrvpE1p9bHdZd9Q&oe=67095EF0","https://www.facebook.com/people/Sungkono/pfbid02FMHrmWJN1Y13RNEWgYrVXmN7f1a192fGP4pBLMyu3Upu8JPUyES1r6KPPS8ZFDyzl/","Terimakasih yg luar Biasa' untuk Mentor kita ini SEMOGA diberikan kesehatan dan keselamatan dan dilancarkan dalam segala urusan diselamatkan Dunia dan Akhirat Aamiin... 🙏🙏🙏","0"
"Sticker",,,,,,,,,"1","83","1","1","1000519493737088","80","https://scontent.fsac1-1.fna.fbcdn.net/v/t39.1997-6/105258811_1000519497070421_1877687988442182543_n.png?stp=cp0_dst-png_s110x80&_nc_cat=111&ccb=1-7&_nc_sid=23dd7b&_nc_ohc=XLV_yZseIRkQ7kNvgF4pXKO&_nc_ht=scontent.fsac1-1.fna&_nc_gid=Anu7cmGTpGxEdl5TgPjcluI&oh=00_AYBY4hKKxLMEDH_a6_TP0CJUbhpw3-hK_OXU8WLPfs0f7g&oe=6709546B","80","a outstretched arm with a thumbs up. on the arm is written 'great' in indonesian",,,,,"1000303507092020","Stories Stickers in Feed",,,,,"https://www.facebook.com/alkahfi.sutikno/posts/pfbid0m6hjAgFrkgUPPKMCiPsjMH6jsdJVtELY3eLsfa8Lo7XbVr9au6etpULcfeef8zTRl?comment_id=2280188562317080",,,,,,,,,,,,,,,,,,,,,,,,,,,,,,,,,,,,"2024-10-01T13:35:46.000Z","8348318441923787","https://www.facebook.com/100002371423368/posts/8348318441923787","ZmVlZGJhY2s6ODM0ODMxODQ0MTkyMzc4N18yMjgwMTg4NTYyMzE3MDgw","Y29tbWVudDo4MzQ4MzE4NDQxOTIzNzg3XzIyODAxODg1NjIzMTcwODA=","https://www.facebook.com/100002371423368/posts/8348318441923787","0","245411055325934","false","BPP BANGKO

Verifikasi dan Validasi data Simluhtan Kabupaten Rokan Hilir","pfbid02iejCckZabk55y2a17qR5rGuYH5zyx3ACR54fkwzmHDL5xGdorhiv7qeisoRRZbJ7l","Hendri","https://scontent.fsac1-2.fna.fbcdn.net/v/t39.30808-1/455052302_514374954307223_4999975877257638024_n.jpg?stp=cp0_dst-jpg_s32x32&_nc_cat=102&ccb=1-7&_nc_sid=0ecb9b&_nc_ohc=9nxaPv_jVKgQ7kNvgGFZ7sL&_nc_ht=scontent.fsac1-2.fna&_nc_gid=Anu7cmGTpGxEdl5TgPjcluI&oh=00_AYAo7IGLXKWw9a9NaiG_MtP5Vsn3T7ASwpDF65p5TOE4WQ&oe=67095C91","https://www.facebook.com/people/Hendri/pfbid02iejCckZabk55y2a17qR5rGuYH5zyx3ACR54fkwzmHDL5xGdorhiv7qeisoRRZbJ7l/",,"0"
,,,,,,,,,,,,,,,,,,,,,,,,,,,,"https://www.facebook.com/alkahfi.sutikno/posts/pfbid02acjFdCkM5wPU2Vsk1BMhp5DJnJaauvBXNzym5zVHNyBg9Qkq9MZ8JYeq8oHyJNjxl?comment_id=1557441251581394",,,,,,,,,,,,,,,,,,,,,,,,,,,,,,,,,,,,"2024-10-03T04:06:41.000Z","8354243977997900","https://www.facebook.com/100002371423368/posts/8354243977997900","ZmVlZGJhY2s6ODM1NDI0Mzk3Nzk5NzkwMF8xNTU3NDQxMjUxNTgxMzk0","Y29tbWVudDo4MzU0MjQzOTc3OTk3OTAwXzE1NTc0NDEyNTE1ODEzOTQ=","https://www.facebook.com/100002371423368/posts/8354243977997900","0","194471620426992","false","Alhamdulillah, ... 
Terimakasih tak terhingga kepada Bpk/ibu guru pendidik dan tenaga kependidikan beserta keluarga besar SD Negeri 007 Serusa Mati juga pihak-pihak yg terlibat spt dr DLH Rohil, Disdikbud Rohil, Bpk @Khoirul Amri, Bpk Alkahfi Sutikno , Bpk Imam Mahmudi , Bpk Kiki Ardian , dll sehingga SDN007SM terpilih sebagai Sekolah Adiwiyata Nasional 2024.","100002371423368","Alkahfi Sutikno","https://scontent.fbeg7-2.fna.fbcdn.net/v/t39.30808-1/272990950_4817471368341863_8430843410507685913_n.jpg?stp=cp0_dst-jpg_s32x32&_nc_cat=103&ccb=1-7&_nc_sid=50d2ac&_nc_ohc=kP5Oa1-8t6cQ7kNvgG40YnF&_nc_ht=scontent.fbeg7-2.fna&_nc_gid=AM4sBagY9dURt2KhVcfT24T&oh=00_AYCTjvci4chjhCQexATWs2dqAIAbaxpij3aq-uITka4xFw&oe=670949DF","https://www.facebook.com/alkahfi.sutikno","Alhamdulillah....semoga bisa menjadi motivasi bagi yang lain","0"
"GenericAttachmentMedia",,"189","https://external.fbeg7-2.fna.fbcdn.net/emg1/v/t13/3367530072289757178?url=https%3A%2F%2Fmedia4.giphy.com%2Fmedia%2F3ohzdWvAMBhrtBEC2Y%2Fgiphy.gif%3Fkid%3Dbe302117%26ct%3Ds&fb_obo=1&utld=giphy.com&stp=dst-gif_fr_q75&ccb=13-1&oh=06_Q399w9s8sQOPiQ3hHgVT0TV_lcwR-LNyFeou2wZ7ypns0dA&oe=670564F0&_nc_sid=9e3c15","189","GIPHY",,,,,,,,"4133934243371896","189","https://external.fbeg7-2.fna.fbcdn.net/emg1/v/t13/3367530072289757178?url=https%3A%2F%2Fmedia4.giphy.com%2Fmedia%2F3ohzdWvAMBhrtBEC2Y%2Fgiphy.gif%3Fkid%3Dbe302117%26ct%3Ds&fb_obo=1&utld=giphy.com&stp=dst-emg0_q75_s189x189&ccb=13-1&oh=06_Q399tEF4PBoBZb94Z_I_uYM2sf7Wp3ctub1WhA-ByJQv5f8&oe=670564F0&_nc_sid=c97757","189",,,,,,,,,,"Image","https://external.fbeg7-2.fna.fbcdn.net/emg1/v/t13/3367530072289757178?url=https%3A%2F%2Fmedia4.giphy.com%2Fmedia%2F3ohzdWvAMBhrtBEC2Y%2Fgiphy.gif%3Fkid%3Dbe302117%26ct%3Ds&fb_obo=1&utld=giphy.com&stp=dst-gif_fr_q75&ccb=13-1&oh=06_Q399w9s8sQOPiQ3hHgVT0TV_lcwR-LNyFeou2wZ7ypns0dA&oe=670564F0&_nc_sid=9e3c15","https://www.facebook.com/alkahfi.sutikno/posts/pfbid02acjFdCkM5wPU2Vsk1BMhp5DJnJaauvBXNzym5zVHNyBg9Qkq9MZ8JYeq8oHyJNjxl?comment_id=849907413916193",,,,,,,,,,,,,,,,,,,,,,,,,,,,,,,,,,,,"2024-10-02T04:51:59.000Z","8354243977997900","https://www.facebook.com/100002371423368/posts/8354243977997900","ZmVlZGJhY2s6ODM1NDI0Mzk3Nzk5NzkwMF84NDk5MDc0MTM5MTYxOTM=","Y29tbWVudDo4MzU0MjQzOTc3OTk3OTAwXzg0OTkwNzQxMzkxNjE5Mw==","https://www.facebook.com/100002371423368/posts/8354243977997900","0","194471620426992","false","Alhamdulillah, ... 
Terimakasih tak terhingga kepada Bpk/ibu guru pendidik dan tenaga kependidikan beserta keluarga besar SD Negeri 007 Serusa Mati juga pihak-pihak yg terlibat spt dr DLH Rohil, Disdikbud Rohil, Bpk @Khoirul Amri, Bpk Alkahfi Sutikno , Bpk Imam Mahmudi , Bpk Kiki Ardian , dll sehingga SDN007SM terpilih sebagai Sekolah Adiwiyata Nasional 2024.","100009097255533","Mus Mulyadi","https://scontent.fbeg7-2.fna.fbcdn.net/v/t1.6435-1/81970537_2413051282341423_7061837188597547008_n.jpg?stp=cp0_dst-jpg_s32x32&_nc_cat=101&ccb=1-7&_nc_sid=db5862&_nc_ohc=qBslFkNtS5QQ7kNvgFJy3AY&_nc_ht=scontent.fbeg7-2.fna&_nc_gid=AM4sBagY9dURt2KhVcfT24T&oh=00_AYBZ1Lwqt3WLTs2J_2ExBi4BbJpvcAwtUxAiDv4t-oWVHQ&oe=672AF113","https://www.facebook.com/mus.mulyadi.520562",,"0"
"Sticker",,,,,,,,,"1","83","1","1","280279507195701","80","https://scontent.fbeg7-2.fna.fbcdn.net/v/t39.1997-6/240393496_280279510529034_3415733586828597615_n.png?stp=cp0_dst-png_s110x80&_nc_cat=1&ccb=1-7&_nc_sid=23dd7b&_nc_ohc=aFM1pF1XeToQ7kNvgEXhAu8&_nc_ht=scontent.fbeg7-2.fna&_nc_gid=AM4sBagY9dURt2KhVcfT24T&oh=00_AYARnFIm0HSFd12kYZDUMtDUknEoG8IJUeEZWsP7SE3AOA&oe=67097037","80","",,,,,"222549939635325","[Newsfeed] Indonesia First Party",,,,,"https://www.facebook.com/alkahfi.sutikno/posts/pfbid02acjFdCkM5wPU2Vsk1BMhp5DJnJaauvBXNzym5zVHNyBg9Qkq9MZ8JYeq8oHyJNjxl?comment_id=1853247468417608",,,,,,,,,,,,,,,,,,,,,,,,,,,,,,,,,,,,"2024-10-02T13:45:21.000Z","8354243977997900","https://www.facebook.com/100002371423368/posts/8354243977997900","ZmVlZGJhY2s6ODM1NDI0Mzk3Nzk5NzkwMF8xODUzMjQ3NDY4NDE3NjA4","Y29tbWVudDo4MzU0MjQzOTc3OTk3OTAwXzE4NTMyNDc0Njg0MTc2MDg=","https://www.facebook.com/100002371423368/posts/8354243977997900","0","194471620426992","false","Alhamdulillah, ... 
Terimakasih tak terhingga kepada Bpk/ibu guru pendidik dan tenaga kependidikan beserta keluarga besar SD Negeri 007 Serusa Mati juga pihak-pihak yg terlibat spt dr DLH Rohil, Disdikbud Rohil, Bpk @Khoirul Amri, Bpk Alkahfi Sutikno , Bpk Imam Mahmudi , Bpk Kiki Ardian , dll sehingga SDN007SM terpilih sebagai Sekolah Adiwiyata Nasional 2024.","pfbid02AUDd6xPRqTsfdcQQzqzGdLkHw3p8rexmBB5J8ZiJzDamHCcnpdUJ9YDrfjeM1LM7l","Dewi Trianawati","https://scontent.fbeg7-2.fna.fbcdn.net/v/t39.30808-1/271487731_480569256822019_3124222230431056237_n.jpg?stp=cp0_dst-jpg_p32x32&_nc_cat=103&ccb=1-7&_nc_sid=0ecb9b&_nc_ohc=ISJmir2k_JIQ7kNvgEv67ST&_nc_ht=scontent.fbeg7-2.fna&_nc_gid=AM4sBagY9dURt2KhVcfT24T&oh=00_AYCgcoio0XXttn6N-SFikGlomtnpqWahd8b9QGFI-aBOGg&oe=67094732","https://www.facebook.com/dewi.trianawati.77",,"0"
"Sticker",,,,,,,,,"1","83","1","1","269360019602368","128","https://scontent-hou1-1.xx.fbcdn.net/v/t39.1997-6/451791532_269360022935701_7890070225289491515_n.png?stp=dst-png_s168x128&_nc_cat=103&ccb=1-7&_nc_sid=23dd7b&_nc_ohc=dbnJ0tGp1fEQ7kNvgFMaicd&_nc_ht=scontent-hou1-1.xx&_nc_gid=AEZT7KwhQijiaWMNdpT3b4z&oh=00_AYC8052x94gxRRon-ovK19YVXtoceDX0-897-diSch1g0Q&oe=670960AD","128","",,,,,,,,,,,"https://www.facebook.com/alkahfi.sutikno/posts/pfbid035kRnNt1NpXXt2uY2pXTczJxNdUf2udL6vrmxCSXYvJPdNw988KrHAKtcBVWa6AcLl?comment_id=1297592874951752","https://www.facebook.com/alkahfi.sutikno/posts/pfbid035kRnNt1NpXXt2uY2pXTczJxNdUf2udL6vrmxCSXYvJPdNw988KrHAKtcBVWa6AcLl?comment_id=1297592874951752&reply_comment_id=1461307267774743","2024-09-30T11:02:31.000Z","ZmVlZGJhY2s6ODMzMzQyNzY3Njc0NjE5N18xNDYxMzA3MjY3Nzc0NzQz","Y29tbWVudDo4MzMzNDI3Njc2NzQ2MTk3XzE0NjEzMDcyNjc3NzQ3NDM=","1","User","pfbid0T9iGGr87Xy4WiBALbrBRcKJCgLWJn2Gmp6heuzGV3Tt6DJkHGUb9oFiwQyRwZpzFl","Nanang Jufri","Nanang","Y29tbWVudDo4MzMzNDI3Njc2NzQ2MTk3XzEyOTc1OTI4NzQ5NTE3NTI=","100002371423368","Alkahfi Sutikno","https://scontent-hou1-1.xx.fbcdn.net/v/t39.30808-1/272990950_4817471368341863_8430843410507685913_n.jpg?stp=cp0_dst-jpg_s32x32&_nc_cat=103&ccb=1-7&_nc_sid=50d2ac&_nc_ohc=kP5Oa1-8t6cQ7kNvgHmkD0N&_nc_ht=scontent-hou1-1.xx&_nc_gid=AEZT7KwhQijiaWMNdpT3b4z&oh=00_AYA4Nil38fQTiL3SEA7SR2JSuWgB9iJJnVBIt4Me3lOnmQ&oe=670949DF","https://www.facebook.com/alkahfi.sutikno","Y29tbWVudDo4MzMzNDI3Njc2NzQ2MTk3XzEyOTc1OTI4NzQ5NTE3NTI=","Nanang Jufri Iya..","1",,,,,,,,,,,,,,,,,,"1","2024-09-30T03:10:07.000Z","8333427676746197","https://www.facebook.com/100002371423368/posts/8333427676746197","ZmVlZGJhY2s6ODMzMzQyNzY3Njc0NjE5N18xMjk3NTkyODc0OTUxNzUy","Y29tbWVudDo4MzMzNDI3Njc2NzQ2MTk3XzEyOTc1OTI4NzQ5NTE3NTI=","https://www.facebook.com/100002371423368/posts/8333427676746197","0","215762394950115","false","Tidak datang tanam
Cukup datang panen saja💪🔥
@ SOROTAN","pfbid0T9iGGr87Xy4WiBALbrBRcKJCgLWJn2Gmp6heuzGV3Tt6DJkHGUb9oFiwQyRwZpzFl","Nanang Jufri","https://scontent-hou1-1.xx.fbcdn.net/v/t39.30808-1/394381017_2018146618538235_1278025841168136637_n.jpg?stp=cp0_dst-jpg_s32x32&_nc_cat=102&ccb=1-7&_nc_sid=0ecb9b&_nc_ohc=hgbjNz_Yu5cQ7kNvgHzO7kR&_nc_ht=scontent-hou1-1.xx&_nc_gid=AEZT7KwhQijiaWMNdpT3b4z&oh=00_AYDq48yUIXz_aBsX_ob2ohDr9GxC4h3n8k9doMTVjEwC0w&oe=67096C70","https://www.facebook.com/people/Nanang-Jufri/pfbid0T9iGGr87Xy4WiBALbrBRcKJCgLWJn2Gmp6heuzGV3Tt6DJkHGUb9oFiwQyRwZpzFl/","Ilog ya Pak","0"
"Sticker",,,"https://scontent-mia3-2.xx.fbcdn.net/v/t39.1997-6/69277552_2155554314555619_2238623180438634496_n.webp?stp=dst-webp_s110x80&_nc_cat=1&ccb=1-7&_nc_sid=ba09c1&_nc_ohc=dN4wgAbcl64Q7kNvgHC6t4E&_nc_ht=scontent-mia3-2.xx&_nc_gid=A1FeBU6lrXNpPjgTE4uEHQh&oh=00_AYDxSbmW-vmp9MjCAGlQympv1Wtbs-i3ZZUubdDWw7cjpQ&oe=67097B3F",,,,,,"8","166","3","3","1185980491513011","80","https://scontent-mia3-2.xx.fbcdn.net/v/t39.1997-6/68992519_2155554637888920_869874398067163136_n.png?stp=cp0_dst-png_s110x80&_nc_cat=1&ccb=1-7&_nc_sid=23dd7b&_nc_ohc=_gH9pUTLzmAQ7kNvgG6KONP&_nc_ht=scontent-mia3-2.xx&_nc_gid=A1FeBU6lrXNpPjgTE4uEHQh&oh=00_AYA55jdsGyYmoDXo_4kl9JGK14PP4cNo7rzLSDfybTNhVQ&oe=67096C74","80","The words, Happy Birthday, above a blue cupcake with a single candle and blue flowers swaying around the cupcake.",,,,,"1180646208713106","Lovely Greetings",,"https://scontent-mia3-2.xx.fbcdn.net/v/t39.1997-6/68922266_2155554317888952_7849822713701990400_n.png?stp=dst-png_p240x240&_nc_cat=1&ccb=1-7&_nc_sid=ba09c1&_nc_ohc=iIe4bS1j1OwQ7kNvgHlLNJ4&_nc_ht=scontent-mia3-2.xx&_nc_gid=A1FeBU6lrXNpPjgTE4uEHQh&oh=00_AYAlBKubjIME76FMHXpDfElhPCuVIrc3Cu7NWZ6eGGwiNw&oe=67095F20",,,"https://www.facebook.com/alkahfi.sutikno/videos/552526347290566/?comment_id=417503611375061",,,,,,,,,,,,,,,,,,,,,,,,,,,,,,,,,,,,"2024-10-04T05:19:11.000Z","8373656906056607","https://www.facebook.com/100002371423368/posts/8373656906056607","ZmVlZGJhY2s6ODM3MzY1NjkwNjA1NjYwN180MTc1MDM2MTEzNzUwNjE=","Y29tbWVudDo4MzczNjU2OTA2MDU2NjA3XzQxNzUwMzYxMTM3NTA2MQ==","https://www.facebook.com/100002371423368/posts/8373656906056607","0",,,"HARI JADI ROKAN HILIR KE 25","pfbid02sdfJ2iHemLg6jqBXCW5FF1QT8Vgb5Xfjx5mRDTWzqLqB13wsa9KE6Rp1yRqu2ZvCl","Atik S","https://scontent-mia3-1.xx.fbcdn.net/v/t39.30808-1/343831339_726643112480260_5689800816665318851_n.jpg?stp=c6.0.405.405a_cp0_dst-jpg_s32x32&_nc_cat=108&ccb=1-7&_nc_sid=0ecb9b&_nc_ohc=gVQoYW5N22MQ7kNvgGY0q5d&_nc_ht=scontent-mia3-1.xx&_nc_gid=A1FeBU6lrXNpPjgTE4uEHQh&oh=00_AYCSelLuprfihsYivhMBvG8bo-mKUgjZfi4kipjGkHhg7g&oe=67096E2E","https://www.facebook.com/atik.s.1232",,"0"
