﻿"author","authorIsChannelOwner","cid","comment","commentsCount","hasCreatorHeart","pageUrl","publishedTimeText","replyCount","replyToCid","title","type","videoId","voteCount"
"@triznotrizno8604","false","UgxHxSc-VAWUGmyoFLN4AaABAg","Jarak tanam berapa itu pak","24","true","https://www.youtube.com/watch?v=XMOZU6cAz3k","1 month ago","1",,"Budidaya Bawang Daun Dimusim Kemarau","comment","XMOZU6cAz3k","2"
"@nasrullahdanda9379","false","Ugx41H2wZlnjCAaSsl94AaABAg","Hama ulatnya pakai apa mas","24","true","https://www.youtube.com/watch?v=XMOZU6cAz3k","1 month ago","1",,"Budidaya Bawang Daun Dimusim Kemarau","comment","XMOZU6cAz3k","1"
"@andisyarifaye4068","false","UgwbkuT_sbrUIdtPV814AaABAg","Semoga sukses selalu bos ku bertaninya","24","true","https://www.youtube.com/watch?v=XMOZU6cAz3k","1 month ago","1",,"Budidaya Bawang Daun Dimusim Kemarau","comment","XMOZU6cAz3k","1"
"@UgiLamandau","false","Ugxc1fD7mvtomVtuX_d4AaABAg","Pake herbisida apa dari tanam sampai panen?","24","true","https://www.youtube.com/watch?v=XMOZU6cAz3k","1 month ago","4",,"Budidaya Bawang Daun Dimusim Kemarau","comment","XMOZU6cAz3k","1"
"@Petanimuda-d8w","false","Ugys5PErQ8sBgXO7gTp4AaABAg","Hadir buat suport paket kumplit salam kenal salam saskereb semoga sukses selalu bang 👍🙏","24","true","https://www.youtube.com/watch?v=XMOZU6cAz3k","1 month ago","1",,"Budidaya Bawang Daun Dimusim Kemarau","comment","XMOZU6cAz3k","1"
"@jono-ct1fz","false","UgzPBrUb16dZeVtlROt4AaABAg","Ini di dataran rendah apa tinggi bos","24","true","https://www.youtube.com/watch?v=XMOZU6cAz3k","1 month ago","5",,"Budidaya Bawang Daun Dimusim Kemarau","comment","XMOZU6cAz3k","1"
"@sunmoonrise","false","UgxJr06EyNu-WT97f2F4AaABAg","Bagaimana mau pupuk musim hujan?","24","true","https://www.youtube.com/watch?v=XMOZU6cAz3k","1 month ago","2",,"Budidaya Bawang Daun Dimusim Kemarau","comment","XMOZU6cAz3k","1"
"@NumCinum","false","Ugwf0vtPRJQ-6Wk-P3Z4AaABAg","Aminn semamgat mas","24","true","https://www.youtube.com/watch?v=XMOZU6cAz3k","1 month ago","1",,"Budidaya Bawang Daun Dimusim Kemarau","comment","XMOZU6cAz3k","1"
"@gulagulaamatir8955","false","Ugza1neJp5SjLgYlQIl4AaABAg","Assalamu'alaikum ms🙏boleh minta nomor telfon yang bisa di hubungin","4","true","https://www.youtube.com/watch?v=JCGGoAlmT5A","3 weeks ago","1",,"Mari Bangkit Sedulur Petani Muda Di Nusantara","comment","JCGGoAlmT5A","1"
"@triznotrizno8604","false","UgzNstbu40-vmVlfx9l4AaABAg","untuk herbisida pratumbuh pakai merek apa bang dan aplikasinya seperti apa bang,,lahanku sarang rumput biar pakai mulsa tetap saja sampai 4 kali penyiangan rumputnya bang","4","true","https://www.youtube.com/watch?v=JCGGoAlmT5A","3 weeks ago","1",,"Mari Bangkit Sedulur Petani Muda Di Nusantara","comment","JCGGoAlmT5A","1"
"@TaniMuktiBaritoKuala","true","Ugza1neJp5SjLgYlQIl4AaABAg.A8G8Cbt_v9PA8GDCjtrVln","Bisa pak, 081549109053","4","false","https://www.youtube.com/watch?v=JCGGoAlmT5A","3 weeks ago","0","Ugza1neJp5SjLgYlQIl4AaABAg","Mari Bangkit Sedulur Petani Muda Di Nusantara","reply","JCGGoAlmT5A","1"
"@TaniMuktiBaritoKuala","true","UgzNstbu40-vmVlfx9l4AaABAg.A8BuAKywk7KA8GDN7Vq6d6","Pakai zeram ( bahan aktif oksifluerfen ) pak, aplikasi ke tanah lembab 3 hari sebelum tanam semprotnya, dosis 30 ml per tangki 16 liter, ada dividio sya contoh obatnya","4","false","https://www.youtube.com/watch?v=JCGGoAlmT5A","3 weeks ago","0","UgzNstbu40-vmVlfx9l4AaABAg","Mari Bangkit Sedulur Petani Muda Di Nusantara","reply","JCGGoAlmT5A","0"
"@TaniMuktiBaritoKuala","true","UgxHxSc-VAWUGmyoFLN4AaABAg.A7qNaA_IxcJA7sCCrICvRM","15 cm  - 18 cm pak","24","false","https://www.youtube.com/watch?v=XMOZU6cAz3k","1 month ago","0","UgxHxSc-VAWUGmyoFLN4AaABAg","Budidaya Bawang Daun Dimusim Kemarau","reply","XMOZU6cAz3k","0"
"@TaniMuktiBaritoKuala","true","Ugx41H2wZlnjCAaSsl94AaABAg.A7omTUVzyAQA7sC9-KhDbX","Pakai forester itu pak","24","false","https://www.youtube.com/watch?v=XMOZU6cAz3k","1 month ago","0","Ugx41H2wZlnjCAaSsl94AaABAg","Budidaya Bawang Daun Dimusim Kemarau","reply","XMOZU6cAz3k","0"
"@TaniMuktiBaritoKuala","true","UgwbkuT_sbrUIdtPV814AaABAg.A7id3M9Nw-7A7jCon0DNSI","Nggih siap 86 pak aminnnnn","24","false","https://www.youtube.com/watch?v=XMOZU6cAz3k","1 month ago","0","UgwbkuT_sbrUIdtPV814AaABAg","Budidaya Bawang Daun Dimusim Kemarau","reply","XMOZU6cAz3k","1"
"@TaniMuktiBaritoKuala","true","Ugxc1fD7mvtomVtuX_d4AaABAg.A7hNR_G4NAyA7hYEN5OYb3","Pakai herbisida zeram pak, ada dividio saya bisa dilihat disana","24","false","https://www.youtube.com/watch?v=XMOZU6cAz3k","1 month ago","0","Ugxc1fD7mvtomVtuX_d4AaABAg","Budidaya Bawang Daun Dimusim Kemarau","reply","XMOZU6cAz3k","0"
"@UgiLamandau","false","Ugxc1fD7mvtomVtuX_d4AaABAg.A7hNR_G4NAyA7jz7UJMODy","​ @TaniMuktiBaritoKuala  Auto subscribe 😅","24","true","https://www.youtube.com/watch?v=XMOZU6cAz3k","1 month ago","0","Ugxc1fD7mvtomVtuX_d4AaABAg","Budidaya Bawang Daun Dimusim Kemarau","reply","XMOZU6cAz3k","1"
"@UgiLamandau","false","Ugxc1fD7mvtomVtuX_d4AaABAg.A7hNR_G4NAyA7k18zwnMiQ","​ @TaniMuktiBaritoKuala kalau tumbuh gulma lagi apa pake herbisida yang sama pak?","24","true","https://www.youtube.com/watch?v=XMOZU6cAz3k","1 month ago","0","Ugxc1fD7mvtomVtuX_d4AaABAg","Budidaya Bawang Daun Dimusim Kemarau","reply","XMOZU6cAz3k","1"
"@TaniMuktiBaritoKuala","true","Ugxc1fD7mvtomVtuX_d4AaABAg.A7hNR_G4NAyA7k9aQmYuP6","@UgiLamandau iya pakai zeram tadi dimix sma obat kontak, dosis rendah aja, zeram 20 ml + kontak nya 30 ml air 16 liter, sepuyernya harus pakai corong dan pelan2 nyemprotnya, yg disemprot gulma disela2 bawang jgn sampai kena daunnya, pakai sepuyer yg 1 lubang yg kecil lubangnya seperti lubang jarum","24","false","https://www.youtube.com/watch?v=XMOZU6cAz3k","1 month ago","0","Ugxc1fD7mvtomVtuX_d4AaABAg","Budidaya Bawang Daun Dimusim Kemarau","reply","XMOZU6cAz3k","0"
"@TaniMuktiBaritoKuala","true","Ugys5PErQ8sBgXO7gTp4AaABAg.A7e915ZY4QAA7fReFNRtGJ","Siap pak terimaksih banyak salam dari kalimantan selatan","24","false","https://www.youtube.com/watch?v=XMOZU6cAz3k","1 month ago","0","Ugys5PErQ8sBgXO7gTp4AaABAg","Budidaya Bawang Daun Dimusim Kemarau","reply","XMOZU6cAz3k","0"
"@TaniMuktiBaritoKuala","true","UgzPBrUb16dZeVtlROt4AaABAg.A7dEcMZPkuvA7dQAam8D4i","Dataran rendah pak daerah kami, masuk dalam kategori tadah hujan lahan rawa dan gambut","24","false","https://www.youtube.com/watch?v=XMOZU6cAz3k","1 month ago","0","UgzPBrUb16dZeVtlROt4AaABAg","Budidaya Bawang Daun Dimusim Kemarau","reply","XMOZU6cAz3k","0"
"@jono-ct1fz","false","UgzPBrUb16dZeVtlROt4AaABAg.A7dEcMZPkuvA7dUR_7oCPc"," @TaniMuktiBaritoKuala  kok bisa bagus ya, biasanya kan daun bawang di tanam di dataran tinggi","24","true","https://www.youtube.com/watch?v=XMOZU6cAz3k","1 month ago","0","UgzPBrUb16dZeVtlROt4AaABAg","Budidaya Bawang Daun Dimusim Kemarau","reply","XMOZU6cAz3k","1"
"@TaniMuktiBaritoKuala","true","UgzPBrUb16dZeVtlROt4AaABAg.A7dEcMZPkuvA7dVpIKhL7R","@jono-ct1fz alhamdullilah disini bagus2..sambil belajar pak, biar ngk kena pucuk kuning nutrisi NPK dan Micro nya harus tercukupi, disemprot fungi pakai mankozeb + karbendazim dan dirolling pakai azoxistrobin dan difenokanazol. Kondisi ph tanah harus harus stabil pak ditabur dolomite sama asam humat","24","false","https://www.youtube.com/watch?v=XMOZU6cAz3k","1 month ago","0","UgzPBrUb16dZeVtlROt4AaABAg","Budidaya Bawang Daun Dimusim Kemarau","reply","XMOZU6cAz3k","0"
"@jono-ct1fz","false","UgzPBrUb16dZeVtlROt4AaABAg.A7dEcMZPkuvA7dmgH5TXbw"," @TaniMuktiBaritoKuala  ok bos terimakasih infonya, sukses selalu","24","true","https://www.youtube.com/watch?v=XMOZU6cAz3k","1 month ago","0","UgzPBrUb16dZeVtlROt4AaABAg","Budidaya Bawang Daun Dimusim Kemarau","reply","XMOZU6cAz3k","1"
"@TaniMuktiBaritoKuala","true","UgzPBrUb16dZeVtlROt4AaABAg.A7dEcMZPkuvA7fRaT_PIUW","@jono-ct1fz siap pak, mudah2an bisa bermanfaat","24","false","https://www.youtube.com/watch?v=XMOZU6cAz3k","1 month ago","0","UgzPBrUb16dZeVtlROt4AaABAg","Budidaya Bawang Daun Dimusim Kemarau","reply","XMOZU6cAz3k","0"
"@TaniMuktiBaritoKuala","true","UgxJr06EyNu-WT97f2F4AaABAg.A7cEPuvVeFyA7d1FWQH8th","Kalo musim hujan pupuknya di masukkan ke dalam lubang tugal dan ditutup pakai tanah pak agar tidak mudah hilang terbawa air hujan","24","false","https://www.youtube.com/watch?v=XMOZU6cAz3k","1 month ago","0","UgxJr06EyNu-WT97f2F4AaABAg","Budidaya Bawang Daun Dimusim Kemarau","reply","XMOZU6cAz3k","1"
"@triznotrizno8604","false","UgxJr06EyNu-WT97f2F4AaABAg.A7cEPuvVeFyA8BuVDwYg3f","untuk sasis berapa bang dari pemupukan awal sampai pemupukan terakhir","24","false","https://www.youtube.com/watch?v=XMOZU6cAz3k","3 weeks ago","0","UgxJr06EyNu-WT97f2F4AaABAg","Budidaya Bawang Daun Dimusim Kemarau","reply","XMOZU6cAz3k","0"
"@TaniMuktiBaritoKuala","true","Ugwf0vtPRJQ-6Wk-P3Z4AaABAg.A7bFktzkq9IA7c2Em_wAM3","Siap 86 ndan.. 🙏","24","false","https://www.youtube.com/watch?v=XMOZU6cAz3k","1 month ago","0","Ugwf0vtPRJQ-6Wk-P3Z4AaABAg","Budidaya Bawang Daun Dimusim Kemarau","reply","XMOZU6cAz3k","0"
