﻿"attachments/0/style_list/0","attachments/0/style_list/1","attachments/0/style_list/2","attachments/0/style_list/3","attachments/0/style_list/4","commentUrl","commentsCount","date","facebookId","facebookUrl","feedbackId","id","inputUrl","likesCount","pageAdLibrary/id","pageAdLibrary/woodhenge_creator_info","postTitle","profileId","profileName","profilePicture","profileUrl","text"
"animated_image_autoplay","animated_image_share","image_share","share","fallback","https://www.facebook.com/cayadi.santosa/videos/504942172495166/?comment_id=1075833497259129","1","2024-09-20T02:29:14.000Z","27120503034200652","https://www.facebook.com/cayadi.santosa/videos/504942172495166/","ZmVlZGJhY2s6MjcxMjA1MDMwMzQyMDA2NTJfMTA3NTgzMzQ5NzI1OTEyOQ==","Y29tbWVudDoyNzEyMDUwMzAzNDIwMDY1Ml8xMDc1ODMzNDk3MjU5MTI5","https://www.facebook.com/cayadi.santosa/videos/504942172495166/","1",,,"Kilas balik 8 tahun bersama BINTANG ASIA.","pfbid02dXELHBjX3kEPVHHFtwfxQ3J3rongHWsKeH2qYa26LhNo1kQUiSdXCLrdsRzwqRxPl","Rahmat Janur","https://scontent-ord5-2.xx.fbcdn.net/v/t39.30808-1/407779619_122094652238149733_2880426025136261169_n.jpg?stp=c22.0.452.452a_cp0_dst-jpg_s32x32&_nc_cat=105&ccb=1-7&_nc_sid=0ecb9b&_nc_ohc=HgWvyIZIJekQ7kNvgG_DV0M&_nc_ht=scontent-ord5-2.xx&_nc_gid=ASMblBj1IbJGB9noYBbGy8-&oh=00_AYDqM-ENn5XlR_CYhAEVgVNtEYaR0r9e0h8E3bHLfBUfjg&oe=66F2D561","https://www.facebook.com/people/Rahmat-Janur/pfbid02dXELHBjX3kEPVHHFtwfxQ3J3rongHWsKeH2qYa26LhNo1kQUiSdXCLrdsRzwqRxPl/",
,,,,,"https://www.facebook.com/cayadi.santosa/videos/504942172495166/?comment_id=515928191138479","3","2024-09-20T01:10:48.000Z","27120503034200652","https://www.facebook.com/cayadi.santosa/videos/504942172495166/","ZmVlZGJhY2s6MjcxMjA1MDMwMzQyMDA2NTJfNTE1OTI4MTkxMTM4NDc5","Y29tbWVudDoyNzEyMDUwMzAzNDIwMDY1Ml81MTU5MjgxOTExMzg0Nzk=","https://www.facebook.com/cayadi.santosa/videos/504942172495166/","0",,,"Kilas balik 8 tahun bersama BINTANG ASIA.","pfbid02nF6HRwfbFmzFb9ZgeATi2zaicPxuDzAaVm2jEZZo2MUPZwohFsbfC68DKDiJpzZXl","Arif Trihandoko","https://scontent-ord5-2.xx.fbcdn.net/v/t39.30808-1/275791144_5284773394915153_4207036636192598033_n.jpg?stp=cp0_dst-jpg_s32x32&_nc_cat=103&ccb=1-7&_nc_sid=0ecb9b&_nc_ohc=ByquzFWOvH4Q7kNvgFuGN3R&_nc_ht=scontent-ord5-2.xx&_nc_gid=ASMblBj1IbJGB9noYBbGy8-&oh=00_AYDnTjHy6WqV42Pr20nqLiKPugr6bReyeTOYHmH_XwKwmA&oe=66F2D714","https://www.facebook.com/arif.trihandoko.3990","Layak promosi naik jabatan bos q Cayadi Bintang Asia"
,,,,,"https://www.facebook.com/cayadi.santosa/videos/504942172495166/?comment_id=431902376577882","1","2024-09-20T02:07:26.000Z","27120503034200652","https://www.facebook.com/cayadi.santosa/videos/504942172495166/","ZmVlZGJhY2s6MjcxMjA1MDMwMzQyMDA2NTJfNDMxOTAyMzc2NTc3ODgy","Y29tbWVudDoyNzEyMDUwMzAzNDIwMDY1Ml80MzE5MDIzNzY1Nzc4ODI=","https://www.facebook.com/cayadi.santosa/videos/504942172495166/","0",,,"Kilas balik 8 tahun bersama BINTANG ASIA.","100000135825650","Syahroni Roni","https://scontent-ord5-2.xx.fbcdn.net/v/t1.18169-1/15390653_1467335869947593_2858364435780062602_n.jpg?stp=cp0_dst-jpg_s32x32&_nc_cat=100&ccb=1-7&_nc_sid=db5862&_nc_ohc=aq-zK-xx_I0Q7kNvgF1b5f2&_nc_ht=scontent-ord5-2.xx&oh=00_AYCUb2oWYkySgciC0TbLKl5iChNLH1en3AdCuoWdoPvMtg&oe=67145491","https://www.facebook.com/syah.roni.9843","Cayadi Bintang Asia mulai pinter ngonten sak iki"
,,,,,"https://www.facebook.com/cayadi.santosa/videos/504942172495166/?comment_id=1758446044900381","1","2024-09-20T00:50:12.000Z","27120503034200652","https://www.facebook.com/cayadi.santosa/videos/504942172495166/","ZmVlZGJhY2s6MjcxMjA1MDMwMzQyMDA2NTJfMTc1ODQ0NjA0NDkwMDM4MQ==","Y29tbWVudDoyNzEyMDUwMzAzNDIwMDY1Ml8xNzU4NDQ2MDQ0OTAwMzgx","https://www.facebook.com/cayadi.santosa/videos/504942172495166/","0",,,"Kilas balik 8 tahun bersama BINTANG ASIA.","100001408872342","Febri Arianto","https://scontent-ord5-2.xx.fbcdn.net/v/t39.30808-1/402943207_7015531545170405_560873927845988234_n.jpg?stp=cp0_dst-jpg_s32x32&_nc_cat=102&ccb=1-7&_nc_sid=50d2ac&_nc_ohc=AhO02W783AMQ7kNvgGOlTEq&_nc_ht=scontent-ord5-2.xx&_nc_gid=ASMblBj1IbJGB9noYBbGy8-&oh=00_AYDJJe3_GSte0eOTYO41gpwKrWLIzp4OvzRRjKoJtepcBQ&oe=66F2CABE","https://www.facebook.com/febri.dgunshereikan","Panutan quu 👍🏽👍🏽👍🏽"
,,,,,"https://www.facebook.com/cayadi.santosa/videos/504942172495166/?comment_id=530419999490752","1","2024-09-20T01:27:10.000Z","27120503034200652","https://www.facebook.com/cayadi.santosa/videos/504942172495166/","ZmVlZGJhY2s6MjcxMjA1MDMwMzQyMDA2NTJfNTMwNDE5OTk5NDkwNzUy","Y29tbWVudDoyNzEyMDUwMzAzNDIwMDY1Ml81MzA0MTk5OTk0OTA3NTI=","https://www.facebook.com/cayadi.santosa/videos/504942172495166/","0",,,"Kilas balik 8 tahun bersama BINTANG ASIA.","100001677248550","Anwar Guntoro","https://scontent-ord5-2.xx.fbcdn.net/v/t39.30808-1/310159941_5383516591714196_2530996135356665805_n.jpg?stp=cp0_dst-jpg_s32x32&_nc_cat=104&ccb=1-7&_nc_sid=50d2ac&_nc_ohc=t5If4uqCsMcQ7kNvgGy2ih1&_nc_ht=scontent-ord5-2.xx&_nc_gid=ASMblBj1IbJGB9noYBbGy8-&oh=00_AYDyvOv4kbybQLKGePqzWpWOXVKuKy-DS63qWaFjPUyK6g&oe=66F2D2ED","https://www.facebook.com/anwar.guntoro.9","Sing nyoting sopo yo.....🤭🤭🤭"
,,,,,"https://www.facebook.com/cayadi.santosa/videos/504942172495166/?comment_id=584584247473032","3","2024-09-20T00:42:29.000Z","27120503034200652","https://www.facebook.com/cayadi.santosa/videos/504942172495166/","ZmVlZGJhY2s6MjcxMjA1MDMwMzQyMDA2NTJfNTg0NTg0MjQ3NDczMDMy","Y29tbWVudDoyNzEyMDUwMzAzNDIwMDY1Ml81ODQ1ODQyNDc0NzMwMzI=","https://www.facebook.com/cayadi.santosa/videos/504942172495166/","0",,,"Kilas balik 8 tahun bersama BINTANG ASIA.","100007578522755","Renzy Bintangasia","https://scontent-ord5-2.xx.fbcdn.net/v/t39.30808-1/426012403_3605728109689771_2277782955804277447_n.jpg?stp=cp0_dst-jpg_s32x32&_nc_cat=104&ccb=1-7&_nc_sid=50d2ac&_nc_ohc=V70ESvgEanEQ7kNvgFQm2SY&_nc_ht=scontent-ord5-2.xx&_nc_gid=ASMblBj1IbJGB9noYBbGy8-&oh=00_AYCTKz_gB7YilrWpflO_ct8V57Ezr_xOgyMloNMMbFKa5g&oe=66F2AB84","https://www.facebook.com/renzi.prayuda","Mantap om"
,,,,,"https://www.facebook.com/cayadi.santosa/videos/504942172495166/?comment_id=830122729109140","1","2024-09-20T01:34:10.000Z","27120503034200652","https://www.facebook.com/cayadi.santosa/videos/504942172495166/","ZmVlZGJhY2s6MjcxMjA1MDMwMzQyMDA2NTJfODMwMTIyNzI5MTA5MTQw","Y29tbWVudDoyNzEyMDUwMzAzNDIwMDY1Ml84MzAxMjI3MjkxMDkxNDA=","https://www.facebook.com/cayadi.santosa/videos/504942172495166/","0",,,"Kilas balik 8 tahun bersama BINTANG ASIA.","1731151440","Tidar Ardiyanto","https://scontent-ord5-1.xx.fbcdn.net/v/t39.30808-1/395324445_10211220725590558_1955392965267474716_n.jpg?stp=cp0_dst-jpg_s32x32&_nc_cat=108&ccb=1-7&_nc_sid=50d2ac&_nc_ohc=lOe25SAQM0AQ7kNvgEyfS34&_nc_ht=scontent-ord5-1.xx&_nc_gid=ASMblBj1IbJGB9noYBbGy8-&oh=00_AYApyNut9gIEh4TOLGGaTJDVQxDVX8dyR0fCe---_jVsHg&oe=66F2A678",,"Mantap lur, pingin gawe juga 😅😅😅"
,,,,,"https://www.facebook.com/cayadi.santosa/videos/504942172495166/?comment_id=893408766044764","1","2024-09-20T01:33:40.000Z","27120503034200652","https://www.facebook.com/cayadi.santosa/videos/504942172495166/","ZmVlZGJhY2s6MjcxMjA1MDMwMzQyMDA2NTJfODkzNDA4NzY2MDQ0NzY0","Y29tbWVudDoyNzEyMDUwMzAzNDIwMDY1Ml84OTM0MDg3NjYwNDQ3NjQ=","https://www.facebook.com/cayadi.santosa/videos/504942172495166/","0",,,"Kilas balik 8 tahun bersama BINTANG ASIA.","pfbid0Y5cbShT1VbcSMbzurjoopft3KMmHfiQhoMoDix8cVrzeHrjKB49FfkpwtNJY1Gk7l","Yospiqmi Rizal Bintang Asia","https://scontent-ord5-1.xx.fbcdn.net/v/t1.18169-1/12814133_605474156274254_1255382583968893776_n.jpg?stp=cp0_dst-jpg_s32x32&_nc_cat=107&ccb=1-7&_nc_sid=e4545e&_nc_ohc=LDjTq4tkAA4Q7kNvgFpiAry&_nc_ht=scontent-ord5-1.xx&oh=00_AYDx7pw4NzTNOdfS3vRIVaI6tjYIgJIoIFUvGsyT4f4cUA&oe=671448FC","https://www.facebook.com/yospiqmi.rizal","Luar biasa"
"animated_image_autoplay","animated_image_share","image_share","share","fallback","https://www.facebook.com/cayadi.santosa/videos/504942172495166/?comment_id=445223175230307","1","2024-09-20T01:27:03.000Z","27120503034200652","https://www.facebook.com/cayadi.santosa/videos/504942172495166/","ZmVlZGJhY2s6MjcxMjA1MDMwMzQyMDA2NTJfNDQ1MjIzMTc1MjMwMzA3","Y29tbWVudDoyNzEyMDUwMzAzNDIwMDY1Ml80NDUyMjMxNzUyMzAzMDc=","https://www.facebook.com/cayadi.santosa/videos/504942172495166/","0",,,"Kilas balik 8 tahun bersama BINTANG ASIA.","100004370253176","Muhamad Cali Faiz Ahmad","https://scontent-ord5-1.xx.fbcdn.net/v/t39.30808-1/456120459_2788136318008683_7418166726346064265_n.jpg?stp=cp0_dst-jpg_s32x32&_nc_cat=108&ccb=1-7&_nc_sid=50d2ac&_nc_ohc=Kq7ap1xS2qgQ7kNvgGgwxK_&_nc_ht=scontent-ord5-1.xx&_nc_gid=ASMblBj1IbJGB9noYBbGy8-&oh=00_AYBljjEViZNTIZFnAZhI7Ky05LYG2DIHYnTDCmG_jxynLw&oe=66F2B3AD","https://www.facebook.com/muhamad.cali.98","Betul² perjuangan yg panjang Om"
"sticker","fallback",,,,"https://www.facebook.com/cayadi.santosa/videos/504942172495166/?comment_id=26696562409988513","1","2024-09-20T00:51:15.000Z","27120503034200652","https://www.facebook.com/cayadi.santosa/videos/504942172495166/","ZmVlZGJhY2s6MjcxMjA1MDMwMzQyMDA2NTJfMjY2OTY1NjI0MDk5ODg1MTM=","Y29tbWVudDoyNzEyMDUwMzAzNDIwMDY1Ml8yNjY5NjU2MjQwOTk4ODUxMw==","https://www.facebook.com/cayadi.santosa/videos/504942172495166/","0",,,"Kilas balik 8 tahun bersama BINTANG ASIA.","pfbid036o2gpdKDZBdcMvDy1MHj2ZaSke6o1GLyQ27zyK1YUhUCy4daezkWVDLGXA7Vg3i9l","Dedi Refalmi","https://scontent-ord5-1.xx.fbcdn.net/v/t1.18169-1/18010603_1412009105487016_942457467530384379_n.jpg?stp=cp0_dst-jpg_s32x32&_nc_cat=106&ccb=1-7&_nc_sid=e4545e&_nc_ohc=XVqUZ13e9U8Q7kNvgF9bCoW&_nc_ht=scontent-ord5-1.xx&oh=00_AYAW29HVmHiRtqQ05fH2E2Q7ncP1k_Z2qIxXJxwu_Qo1_A&oe=67145219","https://www.facebook.com/didot.faldi",
,,,,,"https://www.facebook.com/reel/494441663549431/?comment_id=3742033899398229",,"2024-09-19T07:00:55.000Z","27105882918995997","https://www.facebook.com/reel/494441663549431/","ZmVlZGJhY2s6MjcxMDU4ODI5MTg5OTU5OTdfMzc0MjAzMzg5OTM5ODIyOQ==","Y29tbWVudDoyNzEwNTg4MjkxODk5NTk5N18zNzQyMDMzODk5Mzk4MjI5","https://www.facebook.com/reel/494441663549431/","0","177330225469654",,"Seng sabar sahabat BINTANG ASIA... Cayadi Bintang Asia · Original audio","100077302928721","Marsum","https://scontent-iad3-1.xx.fbcdn.net/v/t39.30808-1/459235433_529097873010306_1218404907664385303_n.jpg?stp=c0.0.596.596a_cp0_dst-jpg_s32x32&_nc_cat=108&ccb=1-7&_nc_sid=50d2ac&_nc_ohc=XccSQKMKq0oQ7kNvgEjRcAL&_nc_ht=scontent-iad3-1.xx&_nc_gid=AuChvTudsBcGk0uUaOAEgfs&oh=00_AYDosDCm1pm_3TtMzLp7ifBgr3iv5ISTCIOpZ6RfvAXing&oe=66F2C530","https://www.facebook.com/people/Marsum/100077302928721/","Yoalah
Seng sabar Paak
Lagi di uji"
,,,,,"https://www.facebook.com/reel/494441663549431/?comment_id=844585074428511","1","2024-09-19T04:08:38.000Z","27105882918995997","https://www.facebook.com/reel/494441663549431/","ZmVlZGJhY2s6MjcxMDU4ODI5MTg5OTU5OTdfODQ0NTg1MDc0NDI4NTEx","Y29tbWVudDoyNzEwNTg4MjkxODk5NTk5N184NDQ1ODUwNzQ0Mjg1MTE=","https://www.facebook.com/reel/494441663549431/","0","177330225469654",,"Seng sabar sahabat BINTANG ASIA... Cayadi Bintang Asia · Original audio","100013867903302","Abdul Kodir","https://scontent-iad3-2.xx.fbcdn.net/v/t39.30808-1/434349729_1881402772331968_4080717894896315341_n.jpg?stp=cp0_dst-jpg_s32x32&_nc_cat=111&ccb=1-7&_nc_sid=50d2ac&_nc_ohc=xFvE0tQzzQkQ7kNvgGdEl70&_nc_ht=scontent-iad3-2.xx&_nc_gid=AuChvTudsBcGk0uUaOAEgfs&oh=00_AYCYsF7WKIlygPvx9hLt9m1_B1VvTvdetIW9HvsomyyQ6g&oe=66F2B1CA","https://www.facebook.com/abdul.khodir.16100","Kesabaran yang harus diterapkan kawan 👍"
,,,,,"https://www.facebook.com/reel/494441663549431/?comment_id=8270291086357447","1","2024-09-19T14:02:18.000Z","27105882918995997","https://www.facebook.com/reel/494441663549431/","ZmVlZGJhY2s6MjcxMDU4ODI5MTg5OTU5OTdfODI3MDI5MTA4NjM1NzQ0Nw==","Y29tbWVudDoyNzEwNTg4MjkxODk5NTk5N184MjcwMjkxMDg2MzU3NDQ3","https://www.facebook.com/reel/494441663549431/","0","177330225469654",,"Seng sabar sahabat BINTANG ASIA... Cayadi Bintang Asia · Original audio","pfbid034W7ywyoVjEEUwVz15ndmTviKoLnvSAubzT3Uyi2BkuQzB4Nfe93FAn2H1bzuoHqcl","Hariyadii Hariyadii","https://scontent-iad3-1.xx.fbcdn.net/v/t39.30808-1/299770660_899116294788381_7669305444590459155_n.jpg?stp=cp0_dst-jpg_s32x32&_nc_cat=101&ccb=1-7&_nc_sid=0ecb9b&_nc_ohc=PSotKNOQik8Q7kNvgEMfOxq&_nc_ht=scontent-iad3-1.xx&_nc_gid=AuChvTudsBcGk0uUaOAEgfs&oh=00_AYA4PZhLjhvQEaKrONEurpnfVf_za1aN_-57U5o-dPqeQg&oe=66F2BA6F","https://www.facebook.com/hariyadii.hariyadii.52","Masak allh ingat aku biyen kyk ngono"
,,,,,"https://www.facebook.com/reel/494441663549431/?comment_id=1035951224569927","1","2024-09-19T14:59:11.000Z","27105882918995997","https://www.facebook.com/reel/494441663549431/","ZmVlZGJhY2s6MjcxMDU4ODI5MTg5OTU5OTdfMTAzNTk1MTIyNDU2OTkyNw==","Y29tbWVudDoyNzEwNTg4MjkxODk5NTk5N18xMDM1OTUxMjI0NTY5OTI3","https://www.facebook.com/reel/494441663549431/","0","177330225469654",,"Seng sabar sahabat BINTANG ASIA... Cayadi Bintang Asia · Original audio","1731151440","Tidar Ardiyanto","https://scontent-iad3-1.xx.fbcdn.net/v/t39.30808-1/395324445_10211220725590558_1955392965267474716_n.jpg?stp=cp0_dst-jpg_s32x32&_nc_cat=108&ccb=1-7&_nc_sid=50d2ac&_nc_ohc=lOe25SAQM0AQ7kNvgF0TCyb&_nc_ht=scontent-iad3-1.xx&_nc_gid=AuChvTudsBcGk0uUaOAEgfs&oh=00_AYAgRNcyt6RH5OmyRWb7l19-nKBtCTcynwRU0eVfnQAatw&oe=66F2A678",,"Nandur neng.."
,,,,,"https://www.facebook.com/reel/494441663549431/?comment_id=504976395504742",,"2024-09-19T10:54:02.000Z","27105882918995997","https://www.facebook.com/reel/494441663549431/","ZmVlZGJhY2s6MjcxMDU4ODI5MTg5OTU5OTdfNTA0OTc2Mzk1NTA0NzQy","Y29tbWVudDoyNzEwNTg4MjkxODk5NTk5N181MDQ5NzYzOTU1MDQ3NDI=","https://www.facebook.com/reel/494441663549431/","0","177330225469654",,"Seng sabar sahabat BINTANG ASIA... Cayadi Bintang Asia · Original audio","100000637644370","Husnul Fatwa","https://scontent-iad3-1.xx.fbcdn.net/v/t39.30808-1/383965861_7023825894315262_732924418491809852_n.jpg?stp=cp0_dst-jpg_s32x32&_nc_cat=101&ccb=1-7&_nc_sid=50d2ac&_nc_ohc=Edpq3Vhpib8Q7kNvgFAW9rl&_nc_ht=scontent-iad3-1.xx&_nc_gid=AuChvTudsBcGk0uUaOAEgfs&oh=00_AYBrCe0lOji5zkBm3FKfYy83xxIAf2Ap2n7fAhl4E6rYMA&oe=66F2AB5D","https://www.facebook.com/nuel.bagzdongraztavariana","Ada patok no lot nya ya d bawah hahahaha"
,,,,,"https://www.facebook.com/reel/494441663549431/?comment_id=534374519272363","1","2024-09-19T03:13:54.000Z","27105882918995997","https://www.facebook.com/reel/494441663549431/","ZmVlZGJhY2s6MjcxMDU4ODI5MTg5OTU5OTdfNTM0Mzc0NTE5MjcyMzYz","Y29tbWVudDoyNzEwNTg4MjkxODk5NTk5N181MzQzNzQ1MTkyNzIzNjM=","https://www.facebook.com/reel/494441663549431/","0","177330225469654",,"Seng sabar sahabat BINTANG ASIA... Cayadi Bintang Asia · Original audio","pfbid028AeNMbR5mYbwUcpXmeWRivwawNnJLJbMbKAvrdbj6fDLv7k2RakNQkTC1rVnjqYbl","Ratno Galih","https://scontent-iad3-1.xx.fbcdn.net/v/t1.6435-1/75534863_967293303627808_941513095354777600_n.jpg?stp=c0.0.1512.1512a_cp0_dst-jpg_s32x32&_nc_cat=101&ccb=1-7&_nc_sid=e4545e&_nc_ohc=iYsfuKTdZV4Q7kNvgEUDa00&_nc_ht=scontent-iad3-1.xx&_nc_gid=AuChvTudsBcGk0uUaOAEgfs&oh=00_AYBuI_yQGnKdegcXI_zUo1FvNZ9LG46T9m7B_59xcaZxSw&oe=67146152","https://www.facebook.com/ratno.galih.50","Pengisi suarane koyo bang Slamet Kuwi 😂"
,,,,,"https://www.facebook.com/reel/494441663549431/?comment_id=3814779395515271","1","2024-09-19T15:22:13.000Z","27105882918995997","https://www.facebook.com/reel/494441663549431/","ZmVlZGJhY2s6MjcxMDU4ODI5MTg5OTU5OTdfMzgxNDc3OTM5NTUxNTI3MQ==","Y29tbWVudDoyNzEwNTg4MjkxODk5NTk5N18zODE0Nzc5Mzk1NTE1Mjcx","https://www.facebook.com/reel/494441663549431/","0","177330225469654",,"Seng sabar sahabat BINTANG ASIA... Cayadi Bintang Asia · Original audio","100000248377962","Asep Ar","https://scontent-iad3-1.xx.fbcdn.net/v/t39.30808-1/416204780_7484290751589130_6779403893378863749_n.jpg?stp=c120.0.720.720a_cp0_dst-jpg_s32x32&_nc_cat=104&ccb=1-7&_nc_sid=50d2ac&_nc_ohc=X_DW1zpY0QYQ7kNvgFLSnkw&_nc_ht=scontent-iad3-1.xx&_nc_gid=AuChvTudsBcGk0uUaOAEgfs&oh=00_AYBoYGSN1QdgjtcGYJC3DinIm6OfJqgyO5y4HcwYcyyaUg&oe=66F2D660","https://www.facebook.com/revo.ar.1","Dimna ini om"
,,,,,"https://www.facebook.com/reel/494441663549431/?comment_id=8634861773225123","1","2024-09-19T06:14:53.000Z","27105882918995997","https://www.facebook.com/reel/494441663549431/","ZmVlZGJhY2s6MjcxMDU4ODI5MTg5OTU5OTdfODYzNDg2MTc3MzIyNTEyMw==","Y29tbWVudDoyNzEwNTg4MjkxODk5NTk5N184NjM0ODYxNzczMjI1MTIz","https://www.facebook.com/reel/494441663549431/","0","177330225469654",,"Seng sabar sahabat BINTANG ASIA... Cayadi Bintang Asia · Original audio","100007578522755","Renzy Bintangasia","https://scontent-iad3-1.xx.fbcdn.net/v/t39.30808-1/426012403_3605728109689771_2277782955804277447_n.jpg?stp=cp0_dst-jpg_s32x32&_nc_cat=104&ccb=1-7&_nc_sid=50d2ac&_nc_ohc=V70ESvgEanEQ7kNvgHWcQuu&_nc_ht=scontent-iad3-1.xx&_nc_gid=AuChvTudsBcGk0uUaOAEgfs&oh=00_AYBidQax23muU-7UbR2dHsFBaeA83WFX8pngAe7o_63Qwg&oe=66F2AB84","https://www.facebook.com/renzi.prayuda","Lahh knopo boss"
,,,,,"https://www.facebook.com/reel/494441663549431/?comment_id=1865822800579311","1","2024-09-19T15:23:10.000Z","27105882918995997","https://www.facebook.com/reel/494441663549431/","ZmVlZGJhY2s6MjcxMDU4ODI5MTg5OTU5OTdfMTg2NTgyMjgwMDU3OTMxMQ==","Y29tbWVudDoyNzEwNTg4MjkxODk5NTk5N18xODY1ODIyODAwNTc5MzEx","https://www.facebook.com/reel/494441663549431/","0","177330225469654",,"Seng sabar sahabat BINTANG ASIA... Cayadi Bintang Asia · Original audio","100000248377962","Asep Ar","https://scontent-iad3-1.xx.fbcdn.net/v/t39.30808-1/416204780_7484290751589130_6779403893378863749_n.jpg?stp=c120.0.720.720a_cp0_dst-jpg_s32x32&_nc_cat=104&ccb=1-7&_nc_sid=50d2ac&_nc_ohc=X_DW1zpY0QYQ7kNvgFLSnkw&_nc_ht=scontent-iad3-1.xx&_nc_gid=AuChvTudsBcGk0uUaOAEgfs&oh=00_AYBoYGSN1QdgjtcGYJC3DinIm6OfJqgyO5y4HcwYcyyaUg&oe=66F2D660","https://www.facebook.com/revo.ar.1","Tanam tomat itu tanam bulan 11 akhir panen bulan 1 - 2 ya insllah harga aya, cuma harus kuat spray ya pungisida ya"
