﻿"author","authorIsChannelOwner","cid","comment","commentsCount","hasCreatorHeart","pageUrl","publishedTimeText","replyCount","replyToCid","title","type","videoId","voteCount"
"@opeqbintangasia","false","UgwvKCdXAXnMH0BoQbx4AaABAg","Kangkung berdaun lebar.
Daya tumbuh terjamin.
Tanaman tegak dan tidak menjalar.
Rasa agak manis.
Produksi tinggi.","7","false","https://www.youtube.com/watch?v=SDk1ju4G1Yg","2 days ago","0",,"SUKSES PETANI KANGKUNG SHANGHAI, OMSET JUTAAN RUPIAH TIAP MINGGU!","comment","SDk1ju4G1Yg","1"
"@hanggaparnianto229","false","UgyPVfdXkRorcxr6Rsh4AaABAg","Mantap kaa","7","false","https://www.youtube.com/watch?v=SDk1ju4G1Yg","2 days ago","0",,"SUKSES PETANI KANGKUNG SHANGHAI, OMSET JUTAAN RUPIAH TIAP MINGGU!","comment","SDk1ju4G1Yg","1"
"@amirasto4401","false","Ugwv9Gef7VFWadxuobp4AaABAg","Mantap bos tanem kangkungnya","7","false","https://www.youtube.com/watch?v=SDk1ju4G1Yg","2 days ago","0",,"SUKSES PETANI KANGKUNG SHANGHAI, OMSET JUTAAN RUPIAH TIAP MINGGU!","comment","SDk1ju4G1Yg","1"
"@Hileudmelon","false","UgxQUDrC8f8vFPwPdPB4AaABAg","Kelebihan kangkung Shanghai apa pak? Di banding kangkung lain?","7","false","https://www.youtube.com/watch?v=SDk1ju4G1Yg","2 days ago","1",,"SUKSES PETANI KANGKUNG SHANGHAI, OMSET JUTAAN RUPIAH TIAP MINGGU!","comment","SDk1ju4G1Yg","0"
"@rahmatjanur-w4j","false","UgzG2LmzMB8Iu31nONF4AaABAg","Berapa lama untuk siap panen pak?","7","false","https://www.youtube.com/watch?v=SDk1ju4G1Yg","2 days ago","1",,"SUKSES PETANI KANGKUNG SHANGHAI, OMSET JUTAAN RUPIAH TIAP MINGGU!","comment","SDk1ju4G1Yg","0"
"@bambangbintangasia","true","UgxQUDrC8f8vFPwPdPB4AaABAg.A8EO0SFZ4bjA8ERJOtRE9V"," @Hileudmelon  menurut info dari petani di Ambon daya tumbuh lebih bagus dan Daun lebih Lebar yang diminati konsumen serta daya simpan lebih lama yang disukai pedagang","7","false","https://www.youtube.com/watch?v=SDk1ju4G1Yg","2 days ago","0","UgxQUDrC8f8vFPwPdPB4AaABAg","SUKSES PETANI KANGKUNG SHANGHAI, OMSET JUTAAN RUPIAH TIAP MINGGU!","reply","SDk1ju4G1Yg","1"
"@bambangbintangasia","true","UgzG2LmzMB8Iu31nONF4AaABAg.A8ELB3KyxtxA8EQukFBYe_"," @rahmatjanur-w4j  menggunakan plastik UV saat musim hujan 30 hst, saat musim panas 21 hst","7","false","https://www.youtube.com/watch?v=SDk1ju4G1Yg","2 days ago","0","UgzG2LmzMB8Iu31nONF4AaABAg","SUKSES PETANI KANGKUNG SHANGHAI, OMSET JUTAAN RUPIAH TIAP MINGGU!","reply","SDk1ju4G1Yg","0"
