﻿"channelAvatarUrl","channelBannerUrl","channelDescription","channelId","channelJoinedDate","channelLocation","channelName","channelTotalVideos","channelTotalViews","channelUrl","comments","commentsCount","commentsTurnedOff","date","descriptionLinks/0/text","descriptionLinks/0/url","descriptionLinks/1/text","descriptionLinks/1/url","descriptionLinks/2/text","descriptionLinks/2/url","descriptionLinks/3/text","descriptionLinks/3/url","descriptionLinks/4/text","descriptionLinks/4/url","descriptionLinks/5/text","descriptionLinks/5/url","descriptionLinks/6/text","descriptionLinks/6/url","descriptionLinks/7/text","descriptionLinks/7/url","descriptionLinks/8/text","descriptionLinks/8/url","descriptionLinks/9/text","descriptionLinks/9/url","descriptionLinks/10/text","descriptionLinks/10/url","descriptionLinks/11/text","descriptionLinks/11/url","descriptionLinks/12/text","descriptionLinks/12/url","descriptionLinks/13/text","descriptionLinks/13/url","descriptionLinks/14/text","descriptionLinks/14/url","descriptionLinks/15/text","descriptionLinks/15/url","duration","fromYTUrl","hashtags/0","hashtags/1","hashtags/2","id","inputChannelUrl","isAgeRestricted","isChannelVerified","isMonetized","likes","location","numberOfSubscribers","subtitles","text","thumbnailUrl","title","type","url","viewCount"
"https://yt3.googleusercontent.com/PA8Yid0t_ZwHWbl1OECNGC8f6uv7jbZ_RuFSXZOnAu0fY9upm1nxReaFkIPmHubijWHeZ-ej=s160-c-k-c0x00ffffff-no-rj",,"PRODUK INOVASI ANAK NEGERI 🇮🇩

Cabai            🌶️
Melon           🍈
Mentimun    🥒
Semangka   🍉
Jagung        🌽
Sayuran        🥬


Facebook : Bambang Prambudi","UCZGRXVreBIJaAEwt0n_FdxA","Oct 27, 2019","Indonesia","Bambang Bintang Asia","7","6702","https://www.youtube.com/channel/UCZGRXVreBIJaAEwt0n_FdxA",,"7","false","2024-09-10T00:00:00.000Z","#sayur","https://www.youtube.com/hashtag/sayur","#kangkungshanghai","https://www.youtube.com/hashtag/kangkungshanghai","#pertanian","https://www.youtube.com/hashtag/pertanian","#agro","https://www.youtube.com/hashtag/agro","#urbanfarm","https://www.youtube.com/hashtag/urbanfarm","#hortikultura","https://www.youtube.com/hashtag/hortikultura","#greeenhouse","https://www.youtube.com/hashtag/greeenhouse","#benihcitraasia","https://www.youtube.com/hashtag/benihcitraasia","#benih_bintangasia","https://www.youtube.com/hashtag/benih_bintangasia","#benihkangkung","https://www.youtube.com/hashtag/benihkangkung","#Petanibintangasia","https://www.youtube.com/hashtag/petanibintangasia","#benihunggulbintangasia","https://www.youtube.com/hashtag/benihunggulbintangasia","#petanicabai","https://www.youtube.com/hashtag/petanicabai","#benihcitraasia","https://www.youtube.com/hashtag/benihcitraasia","#suksesbersamabintangasia","https://www.youtube.com/hashtag/suksesbersamabintangasia","#bintangasia","https://www.youtube.com/hashtag/bintangasia","00:04:48","https://www.youtube.com/@bambangbintangasia/videos","#sayur","#kangkungshanghai","#pertanian","SDk1ju4G1Yg","https://www.youtube.com/@bambangbintangasia","false","false",,"13",,"59",,"#sayur #kangkungshanghai #pertanian #agro #urbanfarm #hortikultura #greeenhouse #benihcitraasia #benih_bintangasia #benihkangkung #Petanibintangasia #benihunggulbintangasia #petanicabai #benihcitraasia #suksesbersamabintangasia #bintangasia 

CARA BUDIDAYA KANGKUNG SHANGHAI
A. Persiapan Lahan
1. Pembersihan lahan dari rumput/gulma serta bekas akar tanaman yang tersisa agar pertumbuhan tanaman tidak terganggu dari inang hama dan penyakit.
2. Pembajakan tanah dan merotari jika dengan traktor sedalam 30-40 cm untuk menggemburkan tanah dan memperbaiki draenasi dan aerasi tanah.
3. Pemberian kapur dolomit bersamaan dengan olah tanah jika pH tanah  5,5.
4. Pembuatan bedengan dengan ukuran lebar 110 cm tinggi 20-25 cm disesuaikan musim, lebar selokan 50-60 cm dan panjang bedengan disesuaikan kondisi lahan.
5. Pemberian pupuk kandang di atas bedengan dan diaduk merata hingga gembur kebutuhan per hektar 5 ton.
6. Pemberian pupuk dasar UREA 50 kg, SP36 100 kg, KCL 75 kg Per Ha.
7. Penutupan permukaan bedengan dengan tanah dari parit hingga merata.

A. Persiapan Lahan
1. Pembersihan lahan dari rumput/gulma serta bekas akar tanaman yang tersisa agar pertumbuhan tanaman tidak terganggu dari inang hama dan penyakit.
2. Pembajakan tanah dan merotari jika dengan traktor sedalam 30-40 cm untuk menggemburkan tanah dan memperbaiki draenasi dan aerasi tanah.
3. Pemberian kapur dolomit bersamaan dengan olah tanah jika pH tanah  5,5.
4. Pembuatan bedengan dengan ukuran lebar 110 cm tinggi 20-25 cm disesuaikan musim, lebar selokan 50-60 cm dan panjang bedengan disesuaikan kondisi lahan.
5. Pemberian pupuk kandang di atas bedengan dan diaduk merata hingga gembur kebutuhan per hektar 5 ton.
6. Pemberian pupuk dasar UREA 50 kg, SP36 100 kg, KCL 75 kg Per Ha.
7. Penutupan permukaan bedengan dengan tanah dari parit hingga merata.

C. Pemupukan
1. Pemupukan susulan dilakukan mulai umur 10 HST dengan pupuk NPK Mutiara yang di larutkan 5 gram/ liter air
2. Umur 15 HST lakukan pupuk susulan ke 2 Urea 200 kg, dan kCL 75 kg per hektar dengan cara di campurkan kedua pupuk dan di taburkan di alur antar baris tanaman.

D. Pemeliharaan Tanaman
1. Penjarangan tanaman
Apabila system tanam di alur perlu dilakukan penjarangan jika tumbuh terlalu rapat, ini sebaiknya di umur 15 HST sebelum dilakukan pupuk susulan ke 2
2. Penyiangan Gulma
Penyiangan dilakukan agar tidak terjadi perebutan unsur hara di dalam tanah antara gulma dengan tanaman utama,lakukan penyiangan pada ssat umur 10-15 HST. Sebelum pemupukan susulan ke 2.
3. Penyiraman Tanaman
Penyiraman tanaman sebaiknya optimal karena umur tanaman bayam sangat pendek sekitar 25-30 HST. Pada saat awal sebelum tumbuh lakukan penyiraman dengan cara Leb atau dengan embrat yang halus percikanya.

E. Hama Penyakit
1. Ulat perusak daun ( Plutella Xylostella )
Ulat kecil berwarna hujau muda dengan Panjang 7-10 cm. menyerang pucuk tanaman. Pengendalian kimia dengan insektisida Decis 2,5 EC atau Buldok 25 EC sesuai anjuran di petunjuk kemasan.
2. Ulat grayak ( Spodoptera litura dan Spodptera exiqua )
Kedua ulat ini menyerang tanaman denga cara memakan daun sehingga daun berlubang lubang,Pengendalian dewngan matador 25 EC. Curacron 500 EC dan Buldok 25 EC gunakan sesuai anjuran di kemasan.
3. Busuk Daun ( Phytoptora SP )
Gejala serangan bercak basah coklat kehitaman di daun, bentuk tidak beraturan, Pengendaliandengan Fungisida Kocide 60 WDG atau Bion - M 1/48 WP

F. Panen
 Panen Kangkung umur 25-30 HST
 Lakukan penyiraman sehari sebelum panen agar memudahkan pencabutan tanaman.
 Cabut tanaman dengan akarnya agar dapat mempertahankan kesegaran tanaman.
 Cuci akar tanaman dan susun di rak terbuka spy di angin angin agar bekas air cucian bisa tiris.
 Ikat hasil panen biasanya setiap 200 atau 250 gram","https://i.ytimg.com/vi/SDk1ju4G1Yg/maxresdefault.jpg?sqp=-oaymwEmCIAKENAF8quKqQMa8AEB-AH-CYAC0AWKAgwIABABGFggYShlMA8=&rs=AOn4CLB82XIMV6D-IHZzCJx2PplOVGv0aQ","SUKSES PETANI KANGKUNG SHANGHAI, OMSET JUTAAN RUPIAH TIAP MINGGU!","video","https://www.youtube.com/watch?v=SDk1ju4G1Yg","176"
