﻿"attachments/0/__typename","attachments/0/animated_image","attachments/0/blurred_image/uri","attachments/0/cix_screen","attachments/0/frame_count","attachments/0/frame_rate","attachments/0/frames_per_column","attachments/0/frames_per_row","attachments/0/id","attachments/0/image/height","attachments/0/image/uri","attachments/0/image/width","attachments/0/label","attachments/0/massive_image/height","attachments/0/massive_image/width","attachments/0/ocrText","attachments/0/pack","attachments/0/sprite_image","commentUrl","commentsCount","date","facebookId","facebookUrl","feedbackId","id","inputUrl","likesCount","pageAdLibrary/id","pageAdLibrary/is_business_page_active","postTitle","profileId","profileName","profilePicture","profileUrl","text","threadingDepth"
,,,,,,,,,,,,,,,,,,"https://www.facebook.com/ivanri.dimas/posts/pfbid0TG9yroepJm3DtptQoPo21snLiwKK7eQmuPaC46nTh9LmCkqnisA3emzo1HnBV1yWl?comment_id=8089267464503929","7","2024-09-30T13:48:14.000Z","1198953184701962","https://www.facebook.com/100037618747884/posts/1198953184701962","ZmVlZGJhY2s6MTE5ODk1MzE4NDcwMTk2Ml84MDg5MjY3NDY0NTAzOTI5","Y29tbWVudDoxMTk4OTUzMTg0NzAxOTYyXzgwODkyNjc0NjQ1MDM5Mjk=","https://www.facebook.com/100037618747884/posts/1198953184701962","2","117931754570266","false","Ada teman FB yg komentar 
Gini "" kelihatan sekali bohong nya itu buah melon kok di gantung gantung!!,""
Ini rekan kerja kita bilang siap sunat 2x kalau bohong 😀😀","100003963384665","Rhopy Ad RHstudio PetaniGym","https://scontent-lhr6-2.xx.fbcdn.net/v/t39.30808-1/461863227_3238399189635495_8950217703495542521_n.jpg?stp=cp0_dst-jpg_s32x32&_nc_cat=100&ccb=1-7&_nc_sid=50d2ac&_nc_ohc=-A56zu9L104Q7kNvgGRZmEk&_nc_ht=scontent-lhr6-2.xx&_nc_gid=AivNv0Y3OunCNGG6o2-Tmny&oh=00_AYA8Qg67mVMMgjPOu2Rfg1yQrRp3wTtco4qKXw5ZzSE_7g&oe=6709756B","https://www.facebook.com/rhopy.ad","Ajak main ke kebun bng. Bayar ongkosnyo sruh poto d bawah buat yg d gantung t","0"
,,,,,,,,,,,,,,,,,,"https://www.facebook.com/ivanri.dimas/posts/pfbid0TG9yroepJm3DtptQoPo21snLiwKK7eQmuPaC46nTh9LmCkqnisA3emzo1HnBV1yWl?comment_id=1602943580259460","1","2024-09-30T14:13:02.000Z","1198953184701962","https://www.facebook.com/100037618747884/posts/1198953184701962","ZmVlZGJhY2s6MTE5ODk1MzE4NDcwMTk2Ml8xNjAyOTQzNTgwMjU5NDYw","Y29tbWVudDoxMTk4OTUzMTg0NzAxOTYyXzE2MDI5NDM1ODAyNTk0NjA=","https://www.facebook.com/100037618747884/posts/1198953184701962","1","117931754570266","false","Ada teman FB yg komentar 
Gini "" kelihatan sekali bohong nya itu buah melon kok di gantung gantung!!,""
Ini rekan kerja kita bilang siap sunat 2x kalau bohong 😀😀","100005965720084","Syaifullah Abimanyu","https://scontent-lhr8-1.xx.fbcdn.net/v/t39.30808-1/451709678_2596173630591469_7967637680961401909_n.jpg?stp=cp0_dst-jpg_s32x32&_nc_cat=108&ccb=1-7&_nc_sid=50d2ac&_nc_ohc=FK3hzxezkZoQ7kNvgHzMxNF&_nc_ht=scontent-lhr8-1.xx&_nc_gid=AivNv0Y3OunCNGG6o2-Tmny&oh=00_AYBOr8hAAXyTx31e6I8gxoL6Eb2D5817vmI0Kp_15y9BnA&oe=6709520A","https://www.facebook.com/m.s.ititah","Panen bang melon","0"
,,,,,,,,,,,,,,,,,,"https://www.facebook.com/ivanri.dimas/posts/pfbid0TG9yroepJm3DtptQoPo21snLiwKK7eQmuPaC46nTh9LmCkqnisA3emzo1HnBV1yWl?comment_id=547540647724768","1","2024-09-30T14:26:42.000Z","1198953184701962","https://www.facebook.com/100037618747884/posts/1198953184701962","ZmVlZGJhY2s6MTE5ODk1MzE4NDcwMTk2Ml81NDc1NDA2NDc3MjQ3Njg=","Y29tbWVudDoxMTk4OTUzMTg0NzAxOTYyXzU0NzU0MDY0NzcyNDc2OA==","https://www.facebook.com/100037618747884/posts/1198953184701962","1","117931754570266","false","Ada teman FB yg komentar 
Gini "" kelihatan sekali bohong nya itu buah melon kok di gantung gantung!!,""
Ini rekan kerja kita bilang siap sunat 2x kalau bohong 😀😀","pfbid02qmYRcqTfqckhWpe6cFVc8t6TmQaqZxYm2CJxoNqLW5V8dqLKJGxEuPCnYaduXZWql","Syaiful Anwar","https://scontent-lhr8-2.xx.fbcdn.net/v/t39.30808-1/358108725_820485199471392_8102043065211348733_n.jpg?stp=cp0_dst-jpg_s32x32&_nc_cat=101&ccb=1-7&_nc_sid=0ecb9b&_nc_ohc=hxry_YHUvEAQ7kNvgE4vnux&_nc_ht=scontent-lhr8-2.xx&_nc_gid=AivNv0Y3OunCNGG6o2-Tmny&oh=00_AYDOsmAu-lO__kdopajfc01dwMvrueVEHIC9rLxCWtYhWA&oe=670945D3","https://www.facebook.com/people/Syaiful-Anwar/pfbid02qmYRcqTfqckhWpe6cFVc8t6TmQaqZxYm2CJxoNqLW5V8dqLKJGxEuPCnYaduXZWql/","Kasih paham dulu pak bos","0"
,,,,,,,,,,,,,,,,,,"https://www.facebook.com/ivanri.dimas/posts/pfbid0TG9yroepJm3DtptQoPo21snLiwKK7eQmuPaC46nTh9LmCkqnisA3emzo1HnBV1yWl?comment_id=520062170965620","2","2024-09-30T15:13:24.000Z","1198953184701962","https://www.facebook.com/100037618747884/posts/1198953184701962","ZmVlZGJhY2s6MTE5ODk1MzE4NDcwMTk2Ml81MjAwNjIxNzA5NjU2MjA=","Y29tbWVudDoxMTk4OTUzMTg0NzAxOTYyXzUyMDA2MjE3MDk2NTYyMA==","https://www.facebook.com/100037618747884/posts/1198953184701962","1","117931754570266","false","Ada teman FB yg komentar 
Gini "" kelihatan sekali bohong nya itu buah melon kok di gantung gantung!!,""
Ini rekan kerja kita bilang siap sunat 2x kalau bohong 😀😀","100009994003233","Ilham Bintang Asia","https://scontent-lhr6-2.xx.fbcdn.net/v/t39.30808-1/349801600_780566773437800_6977822504580595866_n.jpg?stp=cp0_dst-jpg_s32x32&_nc_cat=100&ccb=1-7&_nc_sid=50d2ac&_nc_ohc=F6dB1VJRWmIQ7kNvgHxiib8&_nc_ht=scontent-lhr6-2.xx&_nc_gid=AivNv0Y3OunCNGG6o2-Tmny&oh=00_AYAAhhAuXsncVNMd0t996E6KOkyQh2ajbgXyaj3bdgV3lw&oe=670979BB","https://www.facebook.com/ilham.ajo.37604","Poding anggota Pinang Mudo Ini Pak Guru 🤣","0"
,,,,,,,,,,,,,,,,,,"https://www.facebook.com/ivanri.dimas/posts/pfbid0TG9yroepJm3DtptQoPo21snLiwKK7eQmuPaC46nTh9LmCkqnisA3emzo1HnBV1yWl?comment_id=392669387214841","1","2024-09-30T15:20:45.000Z","1198953184701962","https://www.facebook.com/100037618747884/posts/1198953184701962","ZmVlZGJhY2s6MTE5ODk1MzE4NDcwMTk2Ml8zOTI2NjkzODcyMTQ4NDE=","Y29tbWVudDoxMTk4OTUzMTg0NzAxOTYyXzM5MjY2OTM4NzIxNDg0MQ==","https://www.facebook.com/100037618747884/posts/1198953184701962","1","117931754570266","false","Ada teman FB yg komentar 
Gini "" kelihatan sekali bohong nya itu buah melon kok di gantung gantung!!,""
Ini rekan kerja kita bilang siap sunat 2x kalau bohong 😀😀","100024015699851","Al Jabbar","https://scontent-lhr8-2.xx.fbcdn.net/v/t1.6435-1/46051496_343884549755399_4533600910235926528_n.jpg?stp=cp0_dst-jpg_s32x32&_nc_cat=101&ccb=1-7&_nc_sid=50d2ac&_nc_ohc=v6vSZGd4d-8Q7kNvgFpyCIZ&_nc_ht=scontent-lhr8-2.xx&_nc_gid=AivNv0Y3OunCNGG6o2-Tmny&oh=00_AYDrZBQRs0D0FSIYQaLt8sbOMkJBtyLSk-Hv_ROasfekNQ&oe=672AE963","https://www.facebook.com/aljabbar.jabbar.56","Petani Thailand mulai gak PD pak bos","0"
,,,,,,,,,,,,,,,,,,"https://www.facebook.com/ivanri.dimas/posts/pfbid0TG9yroepJm3DtptQoPo21snLiwKK7eQmuPaC46nTh9LmCkqnisA3emzo1HnBV1yWl?comment_id=1221135442274745","6","2024-09-30T15:22:29.000Z","1198953184701962","https://www.facebook.com/100037618747884/posts/1198953184701962","ZmVlZGJhY2s6MTE5ODk1MzE4NDcwMTk2Ml8xMjIxMTM1NDQyMjc0NzQ1","Y29tbWVudDoxMTk4OTUzMTg0NzAxOTYyXzEyMjExMzU0NDIyNzQ3NDU=","https://www.facebook.com/100037618747884/posts/1198953184701962","1","117931754570266","false","Ada teman FB yg komentar 
Gini "" kelihatan sekali bohong nya itu buah melon kok di gantung gantung!!,""
Ini rekan kerja kita bilang siap sunat 2x kalau bohong 😀😀","100037136830271","Prabu Shadewo","https://scontent-lhr6-1.xx.fbcdn.net/v/t39.30808-1/455216520_1190811075500109_5283393116003831668_n.jpg?stp=cp0_dst-jpg_s32x32&_nc_cat=110&ccb=1-7&_nc_sid=50d2ac&_nc_ohc=3FhzlAVDMssQ7kNvgHvaegc&_nc_ht=scontent-lhr6-1.xx&_nc_gid=AivNv0Y3OunCNGG6o2-Tmny&oh=00_AYAcdoKuAXiaf1aBXhABPLvhWR2RcKCjW5-9wt7y5hE3ZQ&oe=67096D66","https://www.facebook.com/prabushadewo","Yg jelas bukan saya","0"
,,,,,,,,,,,,,,,,,,"https://www.facebook.com/ivanri.dimas/posts/pfbid0TG9yroepJm3DtptQoPo21snLiwKK7eQmuPaC46nTh9LmCkqnisA3emzo1HnBV1yWl?comment_id=908324857874990","2","2024-10-01T01:13:22.000Z","1198953184701962","https://www.facebook.com/100037618747884/posts/1198953184701962","ZmVlZGJhY2s6MTE5ODk1MzE4NDcwMTk2Ml85MDgzMjQ4NTc4NzQ5OTA=","Y29tbWVudDoxMTk4OTUzMTg0NzAxOTYyXzkwODMyNDg1Nzg3NDk5MA==","https://www.facebook.com/100037618747884/posts/1198953184701962","1","117931754570266","false","Ada teman FB yg komentar 
Gini "" kelihatan sekali bohong nya itu buah melon kok di gantung gantung!!,""
Ini rekan kerja kita bilang siap sunat 2x kalau bohong 😀😀","pfbid0zUy89Euuc3emPDyfeDfg7H9BeE87usjomShBb8mc25E8aL8KENCsKLNtFofQdPoQl","Banyu Kali","https://scontent-lhr8-2.xx.fbcdn.net/v/t1.6435-1/123289602_100999751823788_4228467812871066245_n.jpg?stp=cp0_dst-jpg_p32x32&_nc_cat=101&ccb=1-7&_nc_sid=0ecb9b&_nc_ohc=6R3fULcHm5gQ7kNvgEE5hhR&_nc_ht=scontent-lhr8-2.xx&_nc_gid=AivNv0Y3OunCNGG6o2-Tmny&oh=00_AYA0jUzX3zVKspNhUrP_3xV4ljB26XdwmUXT1PQyeMHfNA&oe=672B15C4","https://www.facebook.com/banyu.kali.3950","Info bibitnya bosku","0"
,,,,,,,,,,,,,,,,,,"https://www.facebook.com/ivanri.dimas/posts/pfbid0TG9yroepJm3DtptQoPo21snLiwKK7eQmuPaC46nTh9LmCkqnisA3emzo1HnBV1yWl?comment_id=412858718514720","1","2024-10-01T02:36:44.000Z","1198953184701962","https://www.facebook.com/100037618747884/posts/1198953184701962","ZmVlZGJhY2s6MTE5ODk1MzE4NDcwMTk2Ml80MTI4NTg3MTg1MTQ3MjA=","Y29tbWVudDoxMTk4OTUzMTg0NzAxOTYyXzQxMjg1ODcxODUxNDcyMA==","https://www.facebook.com/100037618747884/posts/1198953184701962","1","117931754570266","false","Ada teman FB yg komentar 
Gini "" kelihatan sekali bohong nya itu buah melon kok di gantung gantung!!,""
Ini rekan kerja kita bilang siap sunat 2x kalau bohong 😀😀","100004704614484","Hanna Anna","https://scontent-lhr8-2.xx.fbcdn.net/v/t39.30808-1/325923026_3291670317829372_1078908452474180233_n.jpg?stp=cp0_dst-jpg_s32x32&_nc_cat=101&ccb=1-7&_nc_sid=50d2ac&_nc_ohc=ZzOTNKGux4MQ7kNvgHR7Z7P&_nc_ht=scontent-lhr8-2.xx&_nc_gid=AivNv0Y3OunCNGG6o2-Tmny&oh=00_AYAXH8_zyzMrdCNs7cw3bIGCSApDuyMY1AnAhVo_DpNW3Q&oe=67094DEF","https://www.facebook.com/people/Hanna-Anna/100004704614484/","Jadi pengen makan buah melonnya 🤩","0"
,,,,,,,,,,,,,,,,,,"https://www.facebook.com/ivanri.dimas/posts/pfbid0TG9yroepJm3DtptQoPo21snLiwKK7eQmuPaC46nTh9LmCkqnisA3emzo1HnBV1yWl?comment_id=8789403611091887","1","2024-10-01T08:44:07.000Z","1198953184701962","https://www.facebook.com/100037618747884/posts/1198953184701962","ZmVlZGJhY2s6MTE5ODk1MzE4NDcwMTk2Ml84Nzg5NDAzNjExMDkxODg3","Y29tbWVudDoxMTk4OTUzMTg0NzAxOTYyXzg3ODk0MDM2MTEwOTE4ODc=","https://www.facebook.com/100037618747884/posts/1198953184701962","1","117931754570266","false","Ada teman FB yg komentar 
Gini "" kelihatan sekali bohong nya itu buah melon kok di gantung gantung!!,""
Ini rekan kerja kita bilang siap sunat 2x kalau bohong 😀😀","pfbid02DdoPbe6aRjgscG2dPciDm4kHqQYsdZsmDByf1HPTrnWm6PyuZ7qRHAbqsu8u6YbQl","Arbie Wijaya","https://scontent-lhr6-1.xx.fbcdn.net/v/t39.30808-1/424858557_7296206917069352_2006399290878937408_n.jpg?stp=cp0_dst-jpg_s32x32&_nc_cat=110&ccb=1-7&_nc_sid=0ecb9b&_nc_ohc=WEEQCbiOYbgQ7kNvgGgWN3v&_nc_ht=scontent-lhr6-1.xx&_nc_gid=AivNv0Y3OunCNGG6o2-Tmny&oh=00_AYC4rNXU03FB1uwWSMXwWsdSRbSxEsm2q7TeHW0cdIKBOw&oe=67097175","https://www.facebook.com/arbie.wijaya","Varietas apa bg","0"
,,,,,,,,,,,,,,,,,,"https://www.facebook.com/ivanri.dimas/posts/pfbid0TG9yroepJm3DtptQoPo21snLiwKK7eQmuPaC46nTh9LmCkqnisA3emzo1HnBV1yWl?comment_id=1256635575338435","2","2024-10-01T21:59:12.000Z","1198953184701962","https://www.facebook.com/100037618747884/posts/1198953184701962","ZmVlZGJhY2s6MTE5ODk1MzE4NDcwMTk2Ml8xMjU2NjM1NTc1MzM4NDM1","Y29tbWVudDoxMTk4OTUzMTg0NzAxOTYyXzEyNTY2MzU1NzUzMzg0MzU=","https://www.facebook.com/100037618747884/posts/1198953184701962","1","117931754570266","false","Ada teman FB yg komentar 
Gini "" kelihatan sekali bohong nya itu buah melon kok di gantung gantung!!,""
Ini rekan kerja kita bilang siap sunat 2x kalau bohong 😀😀","pfbid0MYvNNsuGiwshnLQrT2mqnR9dQzFtib1ss7Hmog4tmb6ZDd7L2sXonHtJyX6QkVmMl","Uwas Waskito","https://scontent-lhr8-1.xx.fbcdn.net/v/t39.30808-1/316083937_5396026113843619_3691468080551676438_n.jpg?stp=cp0_dst-jpg_p32x32&_nc_cat=108&ccb=1-7&_nc_sid=0ecb9b&_nc_ohc=ATzcUDQShvwQ7kNvgG3_bqQ&_nc_ht=scontent-lhr8-1.xx&_nc_gid=AivNv0Y3OunCNGG6o2-Tmny&oh=00_AYAPNJzyFWRwQSPOPjaLInvbmVBYveSk335z2hCkmPD0bQ&oe=670957E1","https://www.facebook.com/waskito.winter","Mohon infonya sebagai pengalaman di lapangan mana yg baik atau kekurangan dan kelebihan masing2 dari benih melon Nona manis dan merlin...🙏 dan berikut jika melon ditumpang sari dgn cmk brapa hari masing umur kedua benihnya mohon pencerahannya","0"
,,,,,,,,,,,,,,,,,,"https://www.facebook.com/ivanri.dimas/videos/419930497797327/?comment_id=1083768816492646","2","2024-10-02T14:03:32.000Z","1200423714554909","https://www.facebook.com/100037618747884/posts/1200423714554909","ZmVlZGJhY2s6MTIwMDQyMzcxNDU1NDkwOV8xMDgzNzY4ODE2NDkyNjQ2","Y29tbWVudDoxMjAwNDIzNzE0NTU0OTA5XzEwODM3Njg4MTY0OTI2NDY=","https://www.facebook.com/100037618747884/posts/1200423714554909","2",,,"Calon bonus  mulai berbuah,,,
Melon beranak cabe","100009436937114","Sri Yanto Tunas Muda","https://scontent.ftpa1-1.fna.fbcdn.net/v/t39.30808-1/391615950_3709149406076254_5091301045032564960_n.jpg?stp=cp6_dst-jpg_s32x32&_nc_cat=111&ccb=1-7&_nc_sid=50d2ac&_nc_ohc=j9fGfKk9rgUQ7kNvgG9jtF8&_nc_ht=scontent.ftpa1-1.fna&_nc_gid=AQ_oIWUcg3jDnndcAA2qeu1&oh=00_AYBaMxpuUR-2TqycHCe7j7j-2DAKR71xZyAS3hL-_apubg&oe=67096703",,"Calon wisata bukan om","0"
,,,,,,,,,,,,,,,,,,"https://www.facebook.com/ivanri.dimas/videos/419930497797327/?comment_id=3574312812860068","7","2024-10-02T13:45:11.000Z","1200423714554909","https://www.facebook.com/100037618747884/posts/1200423714554909","ZmVlZGJhY2s6MTIwMDQyMzcxNDU1NDkwOV8zNTc0MzEyODEyODYwMDY4","Y29tbWVudDoxMjAwNDIzNzE0NTU0OTA5XzM1NzQzMTI4MTI4NjAwNjg=","https://www.facebook.com/100037618747884/posts/1200423714554909","1",,,"Calon bonus  mulai berbuah,,,
Melon beranak cabe","pfbid022eT5YsTrTckWvqSyxKoRXuCZ1sEBU6aYqVBDoqPJT6L3WNz97mrPasSBH16F7Nd2l","Suranda Agus","https://scontent.ftpa1-1.fna.fbcdn.net/v/t39.30808-1/432644346_712097431007278_5514717196543194256_n.jpg?stp=cp0_dst-jpg_s32x32&_nc_cat=107&ccb=1-7&_nc_sid=0ecb9b&_nc_ohc=Q48cvcHCQKUQ7kNvgHmn1VI&_nc_ht=scontent.ftpa1-1.fna&_nc_gid=AQ_oIWUcg3jDnndcAA2qeu1&oh=00_AYCK9MPYksZ7Oo1ARnxccA1MKDCdaS_PEodWBhRW4pfIbA&oe=6709747B","https://www.facebook.com/suranda.agus.3","Bg ,kasih tau lah kayak mana cara ny 1ppohon bisa buah sampe 4 atau 5 buah, pemupukan ny gimana  dosis ny, bagi lah ilmu ny, kami juga mau sukses bg","0"
"Sticker",,,,"1","83","1","1","1414725945859164","120","https://scontent.ftpa1-2.fna.fbcdn.net/v/t39.1997-6/452862991_1414725952525830_7153412493144342515_n.webp?_nc_cat=104&ccb=1-7&_nc_sid=878c43&_nc_ohc=Mp5PVlCnCX8Q7kNvgEFHyi_&_nc_ht=scontent.ftpa1-2.fna&_nc_gid=AQ_oIWUcg3jDnndcAA2qeu1&oh=00_AYApr1boQRnBG5riO3SLmKze2TO_kFomAuFGA3icAQ0CBg&oe=670956BA","120","Avatar with both thumbs up and a broad smile.",,,,,,"https://www.facebook.com/ivanri.dimas/videos/419930497797327/?comment_id=1786369535234595","1","2024-10-02T15:59:09.000Z","1200423714554909","https://www.facebook.com/100037618747884/posts/1200423714554909","ZmVlZGJhY2s6MTIwMDQyMzcxNDU1NDkwOV8xNzg2MzY5NTM1MjM0NTk1","Y29tbWVudDoxMjAwNDIzNzE0NTU0OTA5XzE3ODYzNjk1MzUyMzQ1OTU=","https://www.facebook.com/100037618747884/posts/1200423714554909","1",,,"Calon bonus  mulai berbuah,,,
Melon beranak cabe","pfbid0m4JNkDepL4E59NPJzjN6Si71brZX7gdT77yB1ADT6vJd3dyPG3EqzAWeLzAjZYP8l","Ramli Alfarizy","https://scontent.ftpa1-1.fna.fbcdn.net/v/t1.6435-1/118058622_3460542267336720_104790043796579403_n.jpg?stp=cp0_dst-jpg_s32x32&_nc_cat=101&ccb=1-7&_nc_sid=e4545e&_nc_ohc=3SYwG9-prMQQ7kNvgEyMpfR&_nc_ht=scontent.ftpa1-1.fna&_nc_gid=AQ_oIWUcg3jDnndcAA2qeu1&oh=00_AYDkEweve0kDjOEhVu-grkQqOgJMTeRsGcMrF90eL0kEfA&oe=672B1089","https://www.facebook.com/ramlidastang",,"0"
,,,,,,,,,,,,,,,,,,"https://www.facebook.com/ivanri.dimas/videos/419930497797327/?comment_id=3867582520228217","1","2024-10-02T13:59:35.000Z","1200423714554909","https://www.facebook.com/100037618747884/posts/1200423714554909","ZmVlZGJhY2s6MTIwMDQyMzcxNDU1NDkwOV8zODY3NTgyNTIwMjI4MjE3","Y29tbWVudDoxMjAwNDIzNzE0NTU0OTA5XzM4Njc1ODI1MjAyMjgyMTc=","https://www.facebook.com/100037618747884/posts/1200423714554909","1",,,"Calon bonus  mulai berbuah,,,
Melon beranak cabe","pfbid0345tMyipc9DWh2M77CHDPqLZAJprw5yuhsXqZVxrPVD9RMBh6cmJfpGqErHtwrh6tl","Lensa Abdurrahman Zaeen","https://scontent.ftpa1-2.fna.fbcdn.net/v/t39.30808-1/456037299_1715287932618470_7941110500832262436_n.jpg?stp=cp0_dst-jpg_s32x32&_nc_cat=103&ccb=1-7&_nc_sid=0ecb9b&_nc_ohc=rIekEjbJRq0Q7kNvgHhTABV&_nc_ht=scontent.ftpa1-2.fna&_nc_gid=AQ_oIWUcg3jDnndcAA2qeu1&oh=00_AYBR1g3ClGeOtHwVcWNe3HhjjM8qM1aequ0q8onk5yakxw&oe=670965FE","https://www.facebook.com/abdurrahman.saeen.7","kalau boskuh mr@ivandri dimas.. bisa saja.","0"
,,,,,,,,,,,,,,,,,,"https://www.facebook.com/ivanri.dimas/videos/419930497797327/?comment_id=414568268327863","6","2024-10-02T13:53:23.000Z","1200423714554909","https://www.facebook.com/100037618747884/posts/1200423714554909","ZmVlZGJhY2s6MTIwMDQyMzcxNDU1NDkwOV80MTQ1NjgyNjgzMjc4NjM=","Y29tbWVudDoxMjAwNDIzNzE0NTU0OTA5XzQxNDU2ODI2ODMyNzg2Mw==","https://www.facebook.com/100037618747884/posts/1200423714554909","1",,,"Calon bonus  mulai berbuah,,,
Melon beranak cabe","100011290660151","Sudarmaji","https://scontent.ftpa1-2.fna.fbcdn.net/v/t39.30808-1/449214687_2094283937624608_2068013409066462426_n.jpg?stp=cp0_dst-jpg_s32x32&_nc_cat=100&ccb=1-7&_nc_sid=50d2ac&_nc_ohc=XNYnYFpbFLIQ7kNvgHUe1uQ&_nc_ht=scontent.ftpa1-2.fna&_nc_gid=AQ_oIWUcg3jDnndcAA2qeu1&oh=00_AYCqYsVuBHGL52OCHAT6jI-jNJOVw681zPXuuqMsz-xFnQ&oe=6709523D","https://www.facebook.com/terompet.iblis.52","Untuk pemulihan virusnya gimana bang?","0"
,,,,,,,,,,,,,,,,,,"https://www.facebook.com/ivanri.dimas/videos/419930497797327/?comment_id=1728449311239798","2","2024-10-02T14:01:29.000Z","1200423714554909","https://www.facebook.com/100037618747884/posts/1200423714554909","ZmVlZGJhY2s6MTIwMDQyMzcxNDU1NDkwOV8xNzI4NDQ5MzExMjM5Nzk4","Y29tbWVudDoxMjAwNDIzNzE0NTU0OTA5XzE3Mjg0NDkzMTEyMzk3OTg=","https://www.facebook.com/100037618747884/posts/1200423714554909","1",,,"Calon bonus  mulai berbuah,,,
Melon beranak cabe","pfbid02Ld5acyZKShd9y2jNLy3PYeaCpD9aPKDYYJs4gcx5PFRdA7kWWQreMZ3yg4gzVabCl","M P Pratama","https://scontent.ftpa1-1.fna.fbcdn.net/v/t39.30808-1/409200854_1429811447938006_1599826717548610077_n.jpg?stp=cp0_dst-jpg_s32x32&_nc_cat=109&ccb=1-7&_nc_sid=0ecb9b&_nc_ohc=6v9soHnBoXQQ7kNvgFDvQEA&_nc_ht=scontent.ftpa1-1.fna&_nc_gid=AQ_oIWUcg3jDnndcAA2qeu1&oh=00_AYCzwPkNRHuYiuGAVIAGB18YffukhedVXSRo8y0exXOYKw&oe=67094EA5","https://www.facebook.com/people/M-P-Pratama/pfbid02Ld5acyZKShd9y2jNLy3PYeaCpD9aPKDYYJs4gcx5PFRdA7kWWQreMZ3yg4gzVabCl/","Bg pupuk cabe untuk masa vegetatif d musim hujan yg bgus ap bg.","0"
,,,,,,,,,,,,,,,,,,"https://www.facebook.com/ivanri.dimas/videos/419930497797327/?comment_id=507185678849078","2","2024-10-02T13:41:40.000Z","1200423714554909","https://www.facebook.com/100037618747884/posts/1200423714554909","ZmVlZGJhY2s6MTIwMDQyMzcxNDU1NDkwOV81MDcxODU2Nzg4NDkwNzg=","Y29tbWVudDoxMjAwNDIzNzE0NTU0OTA5XzUwNzE4NTY3ODg0OTA3OA==","https://www.facebook.com/100037618747884/posts/1200423714554909","1",,,"Calon bonus  mulai berbuah,,,
Melon beranak cabe","100035769934527","Rohmad Sulistyo","https://scontent.ftpa1-1.fna.fbcdn.net/v/t39.30808-1/461868123_1228204385048548_2317497800547118837_n.jpg?stp=cp0_dst-jpg_s32x32&_nc_cat=108&ccb=1-7&_nc_sid=50d2ac&_nc_ohc=2ZxZyCPRv_AQ7kNvgFoh4AG&_nc_ht=scontent.ftpa1-1.fna&_nc_gid=AQ_oIWUcg3jDnndcAA2qeu1&oh=00_AYC_7xKzN32PkBCd4OWd7S8EUROvIsRVdFJgRvtwhTtZtQ&oe=67096D31","https://www.facebook.com/@rohmad.sulistyo.7/","Selalu nyimak Abngku saya yach","0"
"Photo",,"https://scontent.ftpa1-1.fna.fbcdn.net/v/t39.30808-6/461994469_1523369868303565_3319570204503056731_n.jpg?stp=dst-jpg_fb30_s960x960&_nc_cat=101&ccb=1-7&_nc_sid=bd9a62&_nc_ohc=eoGB5bjXJZYQ7kNvgGd3qf0&_nc_ht=scontent.ftpa1-1.fna&_nc_gid=AQ_oIWUcg3jDnndcAA2qeu1&oh=00_AYAHNUu2Pu5Hx4HMArozkFTM4Ymi14168GxbQxgh3TX4_A&oe=6709622D",,,,,,"1523369861636899","213","https://scontent.ftpa1-1.fna.fbcdn.net/v/t39.30808-6/461994469_1523369868303565_3319570204503056731_n.jpg?stp=dst-jpg_p160x160&_nc_cat=101&ccb=1-7&_nc_sid=bd9a62&_nc_ohc=eoGB5bjXJZYQ7kNvgGd3qf0&_nc_ht=scontent.ftpa1-1.fna&_nc_gid=AQ_oIWUcg3jDnndcAA2qeu1&oh=00_AYAa_fS2DTejMRYQnJWRhohkoLA0eeblLneQikX-A2B1TA&oe=6709622D","160",,"960","720","No photo description available.",,,"https://www.facebook.com/ivanri.dimas/videos/419930497797327/?comment_id=1211478640070680","4","2024-10-02T13:44:59.000Z","1200423714554909","https://www.facebook.com/100037618747884/posts/1200423714554909","ZmVlZGJhY2s6MTIwMDQyMzcxNDU1NDkwOV8xMjExNDc4NjQwMDcwNjgw","Y29tbWVudDoxMjAwNDIzNzE0NTU0OTA5XzEyMTE0Nzg2NDAwNzA2ODA=","https://www.facebook.com/100037618747884/posts/1200423714554909","1",,,"Calon bonus  mulai berbuah,,,
Melon beranak cabe","pfbid02T5EUg5e6CcwCPVX8Baj2ptkH772swdqmd8qZdDkQ5sfHsMnPUezkXuN2ic8TECLol","Dede Tarno","https://scontent.ftpa1-2.fna.fbcdn.net/v/t39.30808-1/400516041_1333882720585615_1401284479685001551_n.jpg?stp=cp0_dst-jpg_s32x32&_nc_cat=104&ccb=1-7&_nc_sid=0ecb9b&_nc_ohc=q7qNRzVrzV4Q7kNvgHHC3QE&_nc_ht=scontent.ftpa1-2.fna&_nc_gid=AQ_oIWUcg3jDnndcAA2qeu1&oh=00_AYCtuxBVEwugTkvg-ftv9eU1V3YavK-Hq0ukNCiKA9_cug&oe=670971CA","https://www.facebook.com/dede.tarno.5","Solusinya boss","0"
,,,,,,,,,,,,,,,,,,"https://www.facebook.com/ivanri.dimas/videos/419930497797327/?comment_id=565600075999314","2","2024-10-02T14:56:19.000Z","1200423714554909","https://www.facebook.com/100037618747884/posts/1200423714554909","ZmVlZGJhY2s6MTIwMDQyMzcxNDU1NDkwOV81NjU2MDAwNzU5OTkzMTQ=","Y29tbWVudDoxMjAwNDIzNzE0NTU0OTA5XzU2NTYwMDA3NTk5OTMxNA==","https://www.facebook.com/100037618747884/posts/1200423714554909","1",,,"Calon bonus  mulai berbuah,,,
Melon beranak cabe","pfbid02ZL2fnaWW5mecbEQUNesHwMJiG981VR24kveV4DsUvnE1CjWzDCiYcv1CuPAYKC1kl","Ohm Mamé","https://scontent.ftpa1-1.fna.fbcdn.net/v/t39.30808-1/461847048_502363235924783_3125261587281069949_n.jpg?stp=cp0_dst-jpg_s32x32&_nc_cat=105&ccb=1-7&_nc_sid=0ecb9b&_nc_ohc=wbxpjhY3btIQ7kNvgG4ZXJV&_nc_ht=scontent.ftpa1-1.fna&_nc_gid=AQ_oIWUcg3jDnndcAA2qeu1&oh=00_AYDwoj1zL90JOKcQx3fzIE7pRP7er2iPIn6-P4eB1ZemZQ&oe=67097BA3","https://www.facebook.com/people/Ohm-Mam%C3%A9/pfbid02ZL2fnaWW5mecbEQUNesHwMJiG981VR24kveV4DsUvnE1CjWzDCiYcv1CuPAYKC1kl/","Usul bang Ivanri Dimas , buah atas dipelihara, daun dibawah buah atas dipruning.","0"
,,,,,,,,,,,,,,,,,,"https://www.facebook.com/ivanri.dimas/videos/419930497797327/?comment_id=501923896014620","2","2024-10-02T14:22:24.000Z","1200423714554909","https://www.facebook.com/100037618747884/posts/1200423714554909","ZmVlZGJhY2s6MTIwMDQyMzcxNDU1NDkwOV81MDE5MjM4OTYwMTQ2MjA=","Y29tbWVudDoxMjAwNDIzNzE0NTU0OTA5XzUwMTkyMzg5NjAxNDYyMA==","https://www.facebook.com/100037618747884/posts/1200423714554909","1",,,"Calon bonus  mulai berbuah,,,
Melon beranak cabe","pfbid02BgLAs4vjrDwsgv9FgX2VkxmriHjyv9egm5TqGHvp7JBsqaduEacvAeLFYEar1XNKl","Kadek Kusuma","https://scontent.ftpa1-1.fna.fbcdn.net/v/t1.6435-1/166233768_463712948183127_2529761099231626366_n.jpg?stp=cp0_dst-jpg_s32x32&_nc_cat=105&ccb=1-7&_nc_sid=0ecb9b&_nc_ohc=nLb7CNW3o80Q7kNvgFFD5zF&_nc_ht=scontent.ftpa1-1.fna&_nc_gid=AQ_oIWUcg3jDnndcAA2qeu1&oh=00_AYDCO6uDbAYwspZRRuR2_99vo1p8mrgqY9GWHa8pd7625w&oe=672AE84E","https://www.facebook.com/kadek.kusuma.7545","Wah eman2 bang buah melon udah besar sebentar lg  mau habis, kalo sy cabe sy ulur dulu waktunya","0"
,,,,,,,,,,,,,,,,,,"https://www.facebook.com/ivanri.dimas/videos/855607420111674/?comment_id=3899949910283566","2","2024-10-03T10:22:02.000Z","1201005231163424","https://www.facebook.com/100037618747884/posts/1201005231163424","ZmVlZGJhY2s6MTIwMTAwNTIzMTE2MzQyNF8zODk5OTQ5OTEwMjgzNTY2","Y29tbWVudDoxMjAxMDA1MjMxMTYzNDI0XzM4OTk5NDk5MTAyODM1NjY=","https://www.facebook.com/100037618747884/posts/1201005231163424","1",,,"Akhirnya sampai ke masanya panen 
Meluncur ke pekan baru","pfbid08cRqk9N2yBKnNj18WPNZZMoscqU25JVVCksgT6aEjFpSpvNXoFhwgNnVEDfgubaMl","Yayuk Porwo","https://scontent-man2-1.xx.fbcdn.net/v/t39.30808-1/428706990_1141978016830258_7430286673816629825_n.jpg?stp=cp0_dst-jpg_s32x32&_nc_cat=100&ccb=1-7&_nc_sid=0ecb9b&_nc_ohc=xJK-gZ7yYXMQ7kNvgEvXei5&_nc_ht=scontent-man2-1.xx&_nc_gid=ACyEYHn5BZ2pkDOZDWrtOrh&oh=00_AYAGR-FK8fN9IacnUZ_TX6djs4AqSrwniICCaDt174z48g&oe=6709797A","https://www.facebook.com/yayuk.porwo","Waw mantap buah melon sudah dipanen👍💪","0"
,,,,,,,,,,,,,,,,,,"https://www.facebook.com/ivanri.dimas/videos/855607420111674/?comment_id=1596268020991508","2","2024-10-03T11:05:50.000Z","1201005231163424","https://www.facebook.com/100037618747884/posts/1201005231163424","ZmVlZGJhY2s6MTIwMTAwNTIzMTE2MzQyNF8xNTk2MjY4MDIwOTkxNTA4","Y29tbWVudDoxMjAxMDA1MjMxMTYzNDI0XzE1OTYyNjgwMjA5OTE1MDg=","https://www.facebook.com/100037618747884/posts/1201005231163424","1",,,"Akhirnya sampai ke masanya panen 
Meluncur ke pekan baru","pfbid0pGwVxaVeuxPpp2bzrnSYRQwxcqVnvPrP3iYbsDqHjZJnUKLLpv9p2LAfSww1Tb66l","Pak Eko","https://scontent-man2-1.xx.fbcdn.net/v/t39.30808-1/425589944_264149613375218_2873044777698737773_n.jpg?stp=cp0_dst-jpg_s32x32&_nc_cat=106&ccb=1-7&_nc_sid=0ecb9b&_nc_ohc=C4IU5CVmYfUQ7kNvgGfzjed&_nc_ht=scontent-man2-1.xx&_nc_gid=ACyEYHn5BZ2pkDOZDWrtOrh&oh=00_AYB4LDwMgVoT3m_ykm5YXfN3dHLI09sD_0_CyTP50sGc0g&oe=67096909","https://www.facebook.com/people/Pak-Eko/pfbid0pGwVxaVeuxPpp2bzrnSYRQwxcqVnvPrP3iYbsDqHjZJnUKLLpv9p2LAfSww1Tb66l/","Up","0"
,,,,,,,,,,,,,,,,,,"https://www.facebook.com/ivanri.dimas/videos/855607420111674/?comment_id=1257669998695365","1","2024-10-03T10:09:29.000Z","1201005231163424","https://www.facebook.com/100037618747884/posts/1201005231163424","ZmVlZGJhY2s6MTIwMTAwNTIzMTE2MzQyNF8xMjU3NjY5OTk4Njk1MzY1","Y29tbWVudDoxMjAxMDA1MjMxMTYzNDI0XzEyNTc2Njk5OTg2OTUzNjU=","https://www.facebook.com/100037618747884/posts/1201005231163424","1",,,"Akhirnya sampai ke masanya panen 
Meluncur ke pekan baru","pfbid0UDXPWKfT9ertUtcMFXbgjaF9ubUEarQaAf51Vbf8biP8y85hyPnx7QrH4vRVekxJl","Lanang Setunggal","https://scontent-man2-1.xx.fbcdn.net/v/t39.30808-1/444479571_122115087494296997_6356901695539672258_n.jpg?stp=cp0_dst-jpg_s32x32&_nc_cat=103&ccb=1-7&_nc_sid=0ecb9b&_nc_ohc=OCJK3UT4aMcQ7kNvgFhyiP0&_nc_ht=scontent-man2-1.xx&_nc_gid=ACyEYHn5BZ2pkDOZDWrtOrh&oh=00_AYATEAVAWIeVdGXfVqgCC9HQD66SjAaIV4nNa0muWdsxLg&oe=67094EF2","https://www.facebook.com/people/Lanang-Setunggal/pfbid0UDXPWKfT9ertUtcMFXbgjaF9ubUEarQaAf51Vbf8biP8y85hyPnx7QrH4vRVekxJl/","Menyala abangku 👍👍😄","0"
,,,,,,,,,,,,,,,,,,"https://www.facebook.com/ivanri.dimas/videos/855607420111674/?comment_id=1033203385015693","2","2024-10-03T09:57:43.000Z","1201005231163424","https://www.facebook.com/100037618747884/posts/1201005231163424","ZmVlZGJhY2s6MTIwMTAwNTIzMTE2MzQyNF8xMDMzMjAzMzg1MDE1Njkz","Y29tbWVudDoxMjAxMDA1MjMxMTYzNDI0XzEwMzMyMDMzODUwMTU2OTM=","https://www.facebook.com/100037618747884/posts/1201005231163424","2",,,"Akhirnya sampai ke masanya panen 
Meluncur ke pekan baru","100004285620661","Lutfi Alhuwaidi","https://scontent-man2-1.xx.fbcdn.net/v/t1.6435-1/118890093_1728778150608356_5698759746619947827_n.jpg?stp=c0.0.337.337a_cp0_dst-jpg_s32x32&_nc_cat=106&ccb=1-7&_nc_sid=db5862&_nc_ohc=E3b2YLvSZqUQ7kNvgFY1cKE&_nc_ht=scontent-man2-1.xx&_nc_gid=ACyEYHn5BZ2pkDOZDWrtOrh&oh=00_AYDvUiiMsnRncA2o8J_bIJZqfPMIzVDix330SC6l3v9NRg&oe=672AF545","https://www.facebook.com/lutfi.alhuwaidi.7","Mantap nyo pak boss","0"
"Sticker",,,,"1","83","1","1","446802844510961","128","https://scontent-man2-1.xx.fbcdn.net/v/t39.1997-6/439985124_446802851177627_4574322545910058524_n.png?stp=dst-png_s168x128&_nc_cat=111&ccb=1-7&_nc_sid=23dd7b&_nc_ohc=jMggMLmvK_AQ7kNvgG7ps4N&_nc_ht=scontent-man2-1.xx&_nc_gid=ACyEYHn5BZ2pkDOZDWrtOrh&oh=00_AYCttP1fULLkq9B9m6Qstt28n35ixa3Kmaf23-B8INF8gA&oe=670966C9","128","",,,,,,"https://www.facebook.com/ivanri.dimas/videos/855607420111674/?comment_id=26777446815232650","1","2024-10-03T09:41:47.000Z","1201005231163424","https://www.facebook.com/100037618747884/posts/1201005231163424","ZmVlZGJhY2s6MTIwMTAwNTIzMTE2MzQyNF8yNjc3NzQ0NjgxNTIzMjY1MA==","Y29tbWVudDoxMjAxMDA1MjMxMTYzNDI0XzI2Nzc3NDQ2ODE1MjMyNjUw","https://www.facebook.com/100037618747884/posts/1201005231163424","2",,,"Akhirnya sampai ke masanya panen 
Meluncur ke pekan baru","pfbid0Kwezu2zqjg2vfa9G857c6jzdXyXc72E47nJwCZSc5d4VBLHpujH68bxLV4d3qWtnl","Tri Mul Yono","https://scontent-man2-1.xx.fbcdn.net/v/t39.30808-1/441505254_2083015588735950_4095468673442602736_n.jpg?stp=c0.0.720.720a_cp0_dst-jpg_s32x32&_nc_cat=105&ccb=1-7&_nc_sid=0ecb9b&_nc_ohc=TG4libONhgIQ7kNvgFkVLZS&_nc_ht=scontent-man2-1.xx&_nc_gid=ACyEYHn5BZ2pkDOZDWrtOrh&oh=00_AYBDit1Pi5_ksTR6iHrRxkSVN25UFI022KhYkGCsXzaNAg&oe=67097B11","https://www.facebook.com/bintang.tang.7982",,"0"
,,,,,,,,,,,,,,,,,,"https://www.facebook.com/ivanri.dimas/videos/855607420111674/?comment_id=497427466467274","2","2024-10-03T10:45:02.000Z","1201005231163424","https://www.facebook.com/100037618747884/posts/1201005231163424","ZmVlZGJhY2s6MTIwMTAwNTIzMTE2MzQyNF80OTc0Mjc0NjY0NjcyNzQ=","Y29tbWVudDoxMjAxMDA1MjMxMTYzNDI0XzQ5NzQyNzQ2NjQ2NzI3NA==","https://www.facebook.com/100037618747884/posts/1201005231163424","1",,,"Akhirnya sampai ke masanya panen 
Meluncur ke pekan baru","pfbid02bVQHp1Jg1cMNTnzgs1kUVREDuNkUPsuJb4XhLAqbZAL7Pt6yqn88R1EHxE4XpGJQl","Okta Via","https://scontent-man2-1.xx.fbcdn.net/v/t39.30808-1/446805912_1003102678070687_718610176648706882_n.jpg?stp=cp0_dst-jpg_s32x32&_nc_cat=106&ccb=1-7&_nc_sid=0ecb9b&_nc_ohc=6nQDSb9d_dAQ7kNvgHpYDXG&_nc_ht=scontent-man2-1.xx&_nc_gid=ACyEYHn5BZ2pkDOZDWrtOrh&oh=00_AYDXVcA-oLCfuIeBuXB8R4pyPnKVdaoYwPhduZz0n9CmXw&oe=67097CD4","https://www.facebook.com/people/Okta-Via/pfbid02bVQHp1Jg1cMNTnzgs1kUVREDuNkUPsuJb4XhLAqbZAL7Pt6yqn88R1EHxE4XpGJQl/","mas kirim ke Jambi bos minta nomor wa mas","0"
,,,,,,,,,,,,,,,,,,"https://www.facebook.com/ivanri.dimas/videos/855607420111674/?comment_id=1055055613291452","2","2024-10-03T09:19:58.000Z","1201005231163424","https://www.facebook.com/100037618747884/posts/1201005231163424","ZmVlZGJhY2s6MTIwMTAwNTIzMTE2MzQyNF8xMDU1MDU1NjEzMjkxNDUy","Y29tbWVudDoxMjAxMDA1MjMxMTYzNDI0XzEwNTUwNTU2MTMyOTE0NTI=","https://www.facebook.com/100037618747884/posts/1201005231163424","1",,,"Akhirnya sampai ke masanya panen 
Meluncur ke pekan baru","pfbid02xuzgoCKUqjntpVGiA5AshnrNsa1R4Nmx216vaMPxyzAGeHd2PadYJ3RgxhGwgidpl","Kawet Dirga Kaur","https://scontent-man2-1.xx.fbcdn.net/v/t39.30808-1/317078010_1286609485496893_3867187603989926358_n.jpg?stp=c0.0.720.720a_cp0_dst-jpg_s32x32&_nc_cat=105&ccb=1-7&_nc_sid=0ecb9b&_nc_ohc=KF5ozJS_4cYQ7kNvgHCjY_h&_nc_ht=scontent-man2-1.xx&_nc_gid=ACyEYHn5BZ2pkDOZDWrtOrh&oh=00_AYCBr0klsy0XmPw4FxGr8lwsn82z0u4ReeBTK7dyjFOxzw&oe=67097390","https://www.facebook.com/kawet.hartop","Berapa ton itu SE x petik bang","0"
,,,,,,,,,,,,,,,,,,"https://www.facebook.com/ivanri.dimas/videos/855607420111674/?comment_id=976075430942478","2","2024-10-03T09:46:16.000Z","1201005231163424","https://www.facebook.com/100037618747884/posts/1201005231163424","ZmVlZGJhY2s6MTIwMTAwNTIzMTE2MzQyNF85NzYwNzU0MzA5NDI0Nzg=","Y29tbWVudDoxMjAxMDA1MjMxMTYzNDI0Xzk3NjA3NTQzMDk0MjQ3OA==","https://www.facebook.com/100037618747884/posts/1201005231163424","1",,,"Akhirnya sampai ke masanya panen 
Meluncur ke pekan baru","pfbid05RD5weyNHte6xTq8nEmEkAowuP5DuQ86wBvqxkdcMmUztBsGxZ4rDx7gkmTLQrnHl","Hajar Kholik","https://scontent-man2-1.xx.fbcdn.net/v/t1.6435-1/71493306_101392541273542_2521883635183779840_n.jpg?stp=c0.0.768.768a_cp0_dst-jpg_s32x32&_nc_cat=105&ccb=1-7&_nc_sid=0ecb9b&_nc_ohc=cibCR8ExHLUQ7kNvgGUY5kO&_nc_ht=scontent-man2-1.xx&_nc_gid=ACyEYHn5BZ2pkDOZDWrtOrh&oh=00_AYD2pf4Nb4n9OjHV2aoo03BJUI2rfVqMtEwFgopF27mnyA&oe=672AFE3F","https://www.facebook.com/hajar.kholik.9","Kirim keluar aja abangku, biar harga bengkulu bisa sedikit naik😁","0"
,,,,,,,,,,,,,,,,,,"https://www.facebook.com/ivanri.dimas/videos/855607420111674/?comment_id=326971290477850","2","2024-10-03T10:48:14.000Z","1201005231163424","https://www.facebook.com/100037618747884/posts/1201005231163424","ZmVlZGJhY2s6MTIwMTAwNTIzMTE2MzQyNF8zMjY5NzEyOTA0Nzc4NTA=","Y29tbWVudDoxMjAxMDA1MjMxMTYzNDI0XzMyNjk3MTI5MDQ3Nzg1MA==","https://www.facebook.com/100037618747884/posts/1201005231163424","1",,,"Akhirnya sampai ke masanya panen 
Meluncur ke pekan baru","pfbid02T2cTVDXVvBVveGZWk1EiZ4jFcGexKiQ48ACyPCC6bxGhiCrfLiBYTEAbhqtPoobel","Khoiri Nur","https://scontent-man2-1.xx.fbcdn.net/v/t39.30808-1/344344111_6163105143802597_6749123667680427823_n.jpg?stp=c0.24.728.728a_cp0_dst-jpg_s32x32&_nc_cat=108&ccb=1-7&_nc_sid=0ecb9b&_nc_ohc=kMSbkHbx4MwQ7kNvgF-TRPy&_nc_ht=scontent-man2-1.xx&_nc_gid=ACyEYHn5BZ2pkDOZDWrtOrh&oh=00_AYDlQ9aamwmquRA6Ao_xg_AE8bBJ8yPTpgyio3dAM3h3Jg&oe=670957A4","https://www.facebook.com/people/Khoiri-Nur/pfbid02T2cTVDXVvBVveGZWk1EiZ4jFcGexKiQ48ACyPCC6bxGhiCrfLiBYTEAbhqtPoobel/","Panen geden om","0"
,,,,,,,,,,,,,,,,,,"https://www.facebook.com/ivanri.dimas/videos/855607420111674/?comment_id=1070601827302314","1","2024-10-03T11:48:37.000Z","1201005231163424","https://www.facebook.com/100037618747884/posts/1201005231163424","ZmVlZGJhY2s6MTIwMTAwNTIzMTE2MzQyNF8xMDcwNjAxODI3MzAyMzE0","Y29tbWVudDoxMjAxMDA1MjMxMTYzNDI0XzEwNzA2MDE4MjczMDIzMTQ=","https://www.facebook.com/100037618747884/posts/1201005231163424","1",,,"Akhirnya sampai ke masanya panen 
Meluncur ke pekan baru","pfbid02qmYRcqTfqckhWpe6cFVc8t6TmQaqZxYm2CJxoNqLW5V8dqLKJGxEuPCnYaduXZWql","Syaiful Anwar","https://scontent-man2-1.xx.fbcdn.net/v/t39.30808-1/358108725_820485199471392_8102043065211348733_n.jpg?stp=cp0_dst-jpg_s32x32&_nc_cat=101&ccb=1-7&_nc_sid=0ecb9b&_nc_ohc=hxry_YHUvEAQ7kNvgHycp-u&_nc_ht=scontent-man2-1.xx&_nc_gid=ACyEYHn5BZ2pkDOZDWrtOrh&oh=00_AYDwJVubAcsnEgZuU4CwUcccHbij5s6Ns-lFssLloxndHA&oe=670945D3","https://www.facebook.com/people/Syaiful-Anwar/pfbid02qmYRcqTfqckhWpe6cFVc8t6TmQaqZxYm2CJxoNqLW5V8dqLKJGxEuPCnYaduXZWql/","Sampek medan ndak pak bos 😊😊","0"
,,,,,,,,,,,,,,,,,,"https://www.facebook.com/ivanri.dimas/videos/1729487801229852/?comment_id=842213291311768","2","2024-10-06T04:14:23.000Z","1202973014299979","https://www.facebook.com/100037618747884/posts/1202973014299979","ZmVlZGJhY2s6MTIwMjk3MzAxNDI5OTk3OV84NDIyMTMyOTEzMTE3Njg=","Y29tbWVudDoxMjAyOTczMDE0Mjk5OTc5Xzg0MjIxMzI5MTMxMTc2OA==","https://www.facebook.com/100037618747884/posts/1202973014299979","1",,,"Melon parietas Noni dari mutiara bumi 
Sisah sisah buah atas/ buah susulan 
Buat beli jamu","100037618747884","Ivanri Dimas","https://scontent-cdg4-1.xx.fbcdn.net/v/t39.30808-1/441313514_1110888173508464_1917947112260848644_n.jpg?stp=cp0_dst-jpg_s32x32&_nc_cat=104&ccb=1-7&_nc_sid=50d2ac&_nc_ohc=egv2QhXdJsIQ7kNvgFi6k5u&_nc_ht=scontent-cdg4-1.xx&_nc_gid=AGYaRqxpTKk8qs9BLs3g4Sl&oh=00_AYAa1LX0sNvzVCb8mexI-S6CabUyh3tXW7Bs0GekMcCt0A&oe=6709790A","https://www.facebook.com/ivanri.dimas","Manis ilukek yg buat vidio antah Qu 🤭🤭","0"
,,,,,,,,,,,,,,,,,,"https://www.facebook.com/ivanri.dimas/videos/1729487801229852/?comment_id=412497288283749","1","2024-10-06T05:12:38.000Z","1202973014299979","https://www.facebook.com/100037618747884/posts/1202973014299979","ZmVlZGJhY2s6MTIwMjk3MzAxNDI5OTk3OV80MTI0OTcyODgyODM3NDk=","Y29tbWVudDoxMjAyOTczMDE0Mjk5OTc5XzQxMjQ5NzI4ODI4Mzc0OQ==","https://www.facebook.com/100037618747884/posts/1202973014299979","1",,,"Melon parietas Noni dari mutiara bumi 
Sisah sisah buah atas/ buah susulan 
Buat beli jamu","100005940390401","Muhammad Tasrip","https://scontent-cdg4-1.xx.fbcdn.net/v/t39.30808-1/412771357_2729499647258022_7867674920934588646_n.jpg?stp=cp0_dst-jpg_p32x32&_nc_cat=104&ccb=1-7&_nc_sid=50d2ac&_nc_ohc=T_uHrCXKXiEQ7kNvgG92ENJ&_nc_ht=scontent-cdg4-1.xx&_nc_gid=AGYaRqxpTKk8qs9BLs3g4Sl&oh=00_AYB96iTStj6fewXm80m2tUcttm8z--7ZaOHAVGqKoE2n1Q&oe=670963FE","https://www.facebook.com/@muhammad.tasrip.3/","Mantaab baang...👍👌👍","0"
,,,,,,,,,,,,,,,,,,"https://www.facebook.com/ivanri.dimas/videos/1729487801229852/?comment_id=849605183659404","1","2024-10-06T05:50:17.000Z","1202973014299979","https://www.facebook.com/100037618747884/posts/1202973014299979","ZmVlZGJhY2s6MTIwMjk3MzAxNDI5OTk3OV84NDk2MDUxODM2NTk0MDQ=","Y29tbWVudDoxMjAyOTczMDE0Mjk5OTc5Xzg0OTYwNTE4MzY1OTQwNA==","https://www.facebook.com/100037618747884/posts/1202973014299979","1",,,"Melon parietas Noni dari mutiara bumi 
Sisah sisah buah atas/ buah susulan 
Buat beli jamu","100093700650280","Fitry","https://scontent-cdg4-2.xx.fbcdn.net/v/t39.30808-1/460104586_406399215826764_9083219119661506578_n.jpg?stp=c0.125.720.720a_cp0_dst-jpg_s32x32&_nc_cat=103&ccb=1-7&_nc_sid=50d2ac&_nc_ohc=Yee9ZBOEHs0Q7kNvgGoTLvD&_nc_ht=scontent-cdg4-2.xx&_nc_gid=AGYaRqxpTKk8qs9BLs3g4Sl&oh=00_AYAoGG8naoyrCVXCaqu9-fGyVVm7vP_22M-QwF5uEPJ9nA&oe=67097447","https://www.facebook.com/people/Fitry/100093700650280/","Sukses selalu kakak semangat 💪","0"
,,,,,,,,,,,,,,,,,,"https://www.facebook.com/ivanri.dimas/videos/1729487801229852/?comment_id=3505543373078890","2","2024-10-06T08:40:20.000Z","1202973014299979","https://www.facebook.com/100037618747884/posts/1202973014299979","ZmVlZGJhY2s6MTIwMjk3MzAxNDI5OTk3OV8zNTA1NTQzMzczMDc4ODkw","Y29tbWVudDoxMjAyOTczMDE0Mjk5OTc5XzM1MDU1NDMzNzMwNzg4OTA=","https://www.facebook.com/100037618747884/posts/1202973014299979","1",,,"Melon parietas Noni dari mutiara bumi 
Sisah sisah buah atas/ buah susulan 
Buat beli jamu","pfbid02e6YocVrksdy3otp4QQZXEcqAt25kHZMPDjAdmahUVaGt417txcGMTK8hvNWv8ZaCl","Mohammad Izzul Haq","https://scontent-cdg4-3.xx.fbcdn.net/v/t39.30808-1/274737050_3255897424695916_511704744345506648_n.jpg?stp=c120.0.719.719a_cp0_dst-jpg_s32x32&_nc_cat=106&ccb=1-7&_nc_sid=0ecb9b&_nc_ohc=TpTPj9jjehsQ7kNvgGUNZtW&_nc_ht=scontent-cdg4-3.xx&_nc_gid=AGYaRqxpTKk8qs9BLs3g4Sl&oh=00_AYB_aGG-wV_Pw4pbQhTNDoyZ3yU_h9ZCEytzd1ZDkQwx_A&oe=6709551F","https://www.facebook.com/m.i.haq.167","buah atas rata"" bb brp omku","0"
,,,,,,,,,,,,,,,,,,"https://www.facebook.com/ivanri.dimas/videos/1729487801229852/?comment_id=1771234427058100","1","2024-10-06T04:30:05.000Z","1202973014299979","https://www.facebook.com/100037618747884/posts/1202973014299979","ZmVlZGJhY2s6MTIwMjk3MzAxNDI5OTk3OV8xNzcxMjM0NDI3MDU4MTAw","Y29tbWVudDoxMjAyOTczMDE0Mjk5OTc5XzE3NzEyMzQ0MjcwNTgxMDA=","https://www.facebook.com/100037618747884/posts/1202973014299979","1",,,"Melon parietas Noni dari mutiara bumi 
Sisah sisah buah atas/ buah susulan 
Buat beli jamu","1795391781","Mustamang Abdullahi Kemme Pabittei","https://scontent-cdg4-1.xx.fbcdn.net/v/t39.30808-1/455877315_10219526943482955_5690956847347027138_n.jpg?stp=cp0_dst-jpg_s32x32&_nc_cat=102&ccb=1-7&_nc_sid=50d2ac&_nc_ohc=g0AVvNB3FhEQ7kNvgFQdsBS&_nc_ht=scontent-cdg4-1.xx&_nc_gid=AGYaRqxpTKk8qs9BLs3g4Sl&oh=00_AYAzVrTIQkuaEKT7UjkG687N8H7Bo-FQzWmkvluLc2rPTw&oe=6709779B","https://www.facebook.com/mamankhafidz","Keren 🔥🔥🔥🔥","0"
,,,,,,,,,,,,,,,,,,"https://www.facebook.com/ivanri.dimas/videos/1729487801229852/?comment_id=888244516737694","2","2024-10-06T04:26:24.000Z","1202973014299979","https://www.facebook.com/100037618747884/posts/1202973014299979","ZmVlZGJhY2s6MTIwMjk3MzAxNDI5OTk3OV84ODgyNDQ1MTY3Mzc2OTQ=","Y29tbWVudDoxMjAyOTczMDE0Mjk5OTc5Xzg4ODI0NDUxNjczNzY5NA==","https://www.facebook.com/100037618747884/posts/1202973014299979","1",,,"Melon parietas Noni dari mutiara bumi 
Sisah sisah buah atas/ buah susulan 
Buat beli jamu","100004241163612","Kang Zhany MB","https://scontent-cdg4-3.xx.fbcdn.net/v/t39.30808-1/429565613_2702199639931382_4352272803688068178_n.jpg?stp=cp0_dst-jpg_s32x32&_nc_cat=106&ccb=1-7&_nc_sid=50d2ac&_nc_ohc=vohpiSc3rP0Q7kNvgEeFPy9&_nc_ht=scontent-cdg4-3.xx&_nc_gid=AGYaRqxpTKk8qs9BLs3g4Sl&oh=00_AYB7uHUK6bdRwGfQ1PTmBPKgNG4ijwOEhmzhJIwPvP8eiQ&oe=6709662E","https://www.facebook.com/people/Kang-Zhany-MB/100004241163612/","Dari awal sampai slesay Manis Galo ..","0"
,,,,,,,,,,,,,,,,,,"https://www.facebook.com/ivanri.dimas/videos/1729487801229852/?comment_id=1929536690861525","1","2024-10-06T10:13:25.000Z","1202973014299979","https://www.facebook.com/100037618747884/posts/1202973014299979","ZmVlZGJhY2s6MTIwMjk3MzAxNDI5OTk3OV8xOTI5NTM2NjkwODYxNTI1","Y29tbWVudDoxMjAyOTczMDE0Mjk5OTc5XzE5Mjk1MzY2OTA4NjE1MjU=","https://www.facebook.com/100037618747884/posts/1202973014299979","1",,,"Melon parietas Noni dari mutiara bumi 
Sisah sisah buah atas/ buah susulan 
Buat beli jamu","pfbid02vvtTKaq2LdV3VwpZEDzNYbBRgcfYydy8Xv4pa7CxdfSRxSZz1FUy4fwJLwCbE19Sl","Rohim","https://scontent-cdg4-2.xx.fbcdn.net/v/t39.30808-1/450106980_453049144214980_6662222601050402822_n.jpg?stp=c0.0.720.720a_cp0_dst-jpg_s32x32&_nc_cat=100&ccb=1-7&_nc_sid=0ecb9b&_nc_ohc=zqf1s4K5k2wQ7kNvgFzioMn&_nc_ht=scontent-cdg4-2.xx&_nc_gid=AGYaRqxpTKk8qs9BLs3g4Sl&oh=00_AYDuqna7KGLibSFH7xxH1_8p2rtQub5lPmPNikF3qpoVBw&oe=670950B8","https://www.facebook.com/people/Rohim/pfbid02vvtTKaq2LdV3VwpZEDzNYbBRgcfYydy8Xv4pa7CxdfSRxSZz1FUy4fwJLwCbE19Sl/","Tanam berapa amplop bosku","0"
,,,,,,,,,,,,,,,,,,"https://www.facebook.com/ivanri.dimas/videos/1729487801229852/?comment_id=1060772552507088","1","2024-10-06T05:05:09.000Z","1202973014299979","https://www.facebook.com/100037618747884/posts/1202973014299979","ZmVlZGJhY2s6MTIwMjk3MzAxNDI5OTk3OV8xMDYwNzcyNTUyNTA3MDg4","Y29tbWVudDoxMjAyOTczMDE0Mjk5OTc5XzEwNjA3NzI1NTI1MDcwODg=","https://www.facebook.com/100037618747884/posts/1202973014299979","1",,,"Melon parietas Noni dari mutiara bumi 
Sisah sisah buah atas/ buah susulan 
Buat beli jamu","pfbid0XuMkUP5GjjmZkJshwAzriGgPs2wEx4EugEMX8hCkZYwqjxTqfCMqAjeJoMQUSNgPl","Mah Dalena","https://scontent-cdg4-2.xx.fbcdn.net/v/t39.30808-1/239468158_1478807692483183_4201434353827516376_n.jpg?stp=cp0_dst-jpg_s32x32&_nc_cat=101&ccb=1-7&_nc_sid=0ecb9b&_nc_ohc=n-JPIeQMeyoQ7kNvgGIeyE2&_nc_ht=scontent-cdg4-2.xx&_nc_gid=AGYaRqxpTKk8qs9BLs3g4Sl&oh=00_AYAPs1Hv73jEeR-QgzqzbjcVqui3acqwtIV2HUh204JCBA&oe=670965B6","https://www.facebook.com/mah.dalena.750546","Mintak di...","0"
,,,,,,,,,,,,,,,,,,"https://www.facebook.com/ivanri.dimas/videos/1729487801229852/?comment_id=1036264578196573","2","2024-10-06T05:59:10.000Z","1202973014299979","https://www.facebook.com/100037618747884/posts/1202973014299979","ZmVlZGJhY2s6MTIwMjk3MzAxNDI5OTk3OV8xMDM2MjY0NTc4MTk2NTcz","Y29tbWVudDoxMjAyOTczMDE0Mjk5OTc5XzEwMzYyNjQ1NzgxOTY1NzM=","https://www.facebook.com/100037618747884/posts/1202973014299979","2",,,"Melon parietas Noni dari mutiara bumi 
Sisah sisah buah atas/ buah susulan 
Buat beli jamu","100001839665236","Reza Harviansyah","https://scontent-cdg4-2.xx.fbcdn.net/v/t1.6435-1/188486981_5548982368506364_4173834465849177380_n.jpg?stp=cp0_dst-jpg_s32x32&_nc_cat=100&ccb=1-7&_nc_sid=db5862&_nc_ohc=9XajAHfPVCQQ7kNvgEj9Qg6&_nc_ht=scontent-cdg4-2.xx&_nc_gid=AGYaRqxpTKk8qs9BLs3g4Sl&oh=00_AYDUB3Y--f9CtXatJHgn9vG5W-dkYTWYWOuttW6W_e3Yaw&oe=672B153F","https://www.facebook.com/zha.blayz","Noni brix berapa mas Ivanri Dimas ?","0"
,,,,,,,,,,,,,,,,,,"https://www.facebook.com/ivanri.dimas/videos/1729487801229852/?comment_id=1592029611736778","1","2024-10-06T07:43:40.000Z","1202973014299979","https://www.facebook.com/100037618747884/posts/1202973014299979","ZmVlZGJhY2s6MTIwMjk3MzAxNDI5OTk3OV8xNTkyMDI5NjExNzM2Nzc4","Y29tbWVudDoxMjAyOTczMDE0Mjk5OTc5XzE1OTIwMjk2MTE3MzY3Nzg=","https://www.facebook.com/100037618747884/posts/1202973014299979","1",,,"Melon parietas Noni dari mutiara bumi 
Sisah sisah buah atas/ buah susulan 
Buat beli jamu","pfbid0yntTDdHX43jZNbRjvWysxTXDxrV6ZnWyEXzHxPMAj4ct6aUfhkRqeKTGtqHWQGLSl","Ridak Almahdi","https://scontent-cdg4-1.xx.fbcdn.net/v/t1.30497-1/453178253_471506465671661_2781666950760530985_n.png?stp=cp0_dst-png_s32x32&_nc_cat=1&ccb=1-7&_nc_sid=136b72&_nc_ohc=A9yMFZhP9ooQ7kNvgFerTt_&_nc_ht=scontent-cdg4-1.xx&_nc_gid=AGYaRqxpTKk8qs9BLs3g4Sl&oh=00_AYC-6t31S1fUO8iRYlDCLn3XlHVejEDMpz-nyApn1hnRiQ&oe=672AF67A","https://www.facebook.com/people/Ridak-Almahdi/pfbid0yntTDdHX43jZNbRjvWysxTXDxrV6ZnWyEXzHxPMAj4ct6aUfhkRqeKTGtqHWQGLSl/","Bng bolehkah memupuk cabai sistim kocor dgn interval 10 hari sekali...","0"
,,,,,,,,,,,,,,,,,,"https://www.facebook.com/ivanri.dimas/videos/1297906598038887/?comment_id=1238405300526596","5","2024-10-04T03:32:48.000Z","1201148224482458","https://www.facebook.com/100037618747884/posts/1201148224482458","ZmVlZGJhY2s6MTIwMTE0ODIyNDQ4MjQ1OF8xMjM4NDA1MzAwNTI2NTk2","Y29tbWVudDoxMjAxMTQ4MjI0NDgyNDU4XzEyMzg0MDUzMDA1MjY1OTY=","https://www.facebook.com/100037618747884/posts/1201148224482458","3",,,"Tanamman mau subur,,,?
 hasil banyak ,,,?
Perbaiki kesehatan tanah...!
Terapkan ilmu Ekologi tanah...!
Salah satunya dg menambah kan pupuk kompos di area...","100037618747884","Ivanri Dimas","https://scontent-lhr6-2.xx.fbcdn.net/v/t39.30808-1/441313514_1110888173508464_1917947112260848644_n.jpg?stp=cp0_dst-jpg_s32x32&_nc_cat=104&ccb=1-7&_nc_sid=50d2ac&_nc_ohc=egv2QhXdJsIQ7kNvgG40Q80&_nc_ht=scontent-lhr6-2.xx&_nc_gid=Azer0csBuqQXm8AnlyQKxl-&oh=00_AYAz4Nf8AUzD0zK8P4NIIugnR4noKwnxVBEEo5hIUnG8TA&oe=6709790A","https://www.facebook.com/ivanri.dimas","👉Kompos kmbing semi..
Kohe kmbing giling kasar ,tmbhn dolomit dan mikroba hyti hrg 25/krung
👉kompos kmbing 
Kohe kmbing giling lembut tambhn arang batok kelapa lembut,dolomit dan mikroba hyti. Hrg 35/krung
👉kompos plus
Racikn dari 9 bhn 
Kohe kmbing,ayam,sapi,arang lembut,sekm bkr,cocopit,tepung rajungan,dolomit dan mikroba hyti. Hrg 45/krung
👉media tanam/semai
Bhn hampir sama dengan kompos plus beda ada tanah dan bnyk di sekm bkr..hrg 40/krung","0"
,,,,,,,,,,,,,,,,,,"https://www.facebook.com/ivanri.dimas/videos/1297906598038887/?comment_id=1326290212148756","2","2024-10-03T13:20:00.000Z","1201148224482458","https://www.facebook.com/100037618747884/posts/1201148224482458","ZmVlZGJhY2s6MTIwMTE0ODIyNDQ4MjQ1OF8xMzI2MjkwMjEyMTQ4NzU2","Y29tbWVudDoxMjAxMTQ4MjI0NDgyNDU4XzEzMjYyOTAyMTIxNDg3NTY=","https://www.facebook.com/100037618747884/posts/1201148224482458","2",,,"Tanamman mau subur,,,?
 hasil banyak ,,,?
Perbaiki kesehatan tanah...!
Terapkan ilmu Ekologi tanah...!
Salah satunya dg menambah kan pupuk kompos di area...","100081610580240","Apa Lihat Lihat","https://scontent-lhr8-2.xx.fbcdn.net/v/t39.30808-1/450305565_471502868913395_1016827959229445742_n.jpg?stp=cp0_dst-jpg_s32x32&_nc_cat=101&ccb=1-7&_nc_sid=50d2ac&_nc_ohc=ukRUWnUN3sgQ7kNvgF2I5PO&_nc_ht=scontent-lhr8-2.xx&_nc_gid=Azer0csBuqQXm8AnlyQKxl-&oh=00_AYAFBP0HGwKYmtOqK9tquC9XK8JFkiaXwXU73yfGbUbOSA&oe=67095973",,"Komen pertama dapat jatah kn abangku Ivanri Dimas 🤭🤭🤭","0"
,,,,,,,,,,,,,,,,,,"https://www.facebook.com/ivanri.dimas/videos/1297906598038887/?comment_id=834003752265714","3","2024-10-03T13:21:34.000Z","1201148224482458","https://www.facebook.com/100037618747884/posts/1201148224482458","ZmVlZGJhY2s6MTIwMTE0ODIyNDQ4MjQ1OF84MzQwMDM3NTIyNjU3MTQ=","Y29tbWVudDoxMjAxMTQ4MjI0NDgyNDU4XzgzNDAwMzc1MjI2NTcxNA==","https://www.facebook.com/100037618747884/posts/1201148224482458","1",,,"Tanamman mau subur,,,?
 hasil banyak ,,,?
Perbaiki kesehatan tanah...!
Terapkan ilmu Ekologi tanah...!
Salah satunya dg menambah kan pupuk kompos di area...","pfbid0Sd8h66oDbJhRRy6BFkFkEGMp8e4Pabbd1e4uVz9RijWH9ftqmh6w5FJDvVi23RFSl","Cobra Jowo Pendol","https://scontent-lhr6-2.xx.fbcdn.net/v/t39.30808-1/243177725_367198941781381_6118559878457554827_n.jpg?stp=cp0_dst-jpg_s32x32&_nc_cat=100&ccb=1-7&_nc_sid=0ecb9b&_nc_ohc=Z4JMgAqCmj0Q7kNvgF7dOK3&_nc_ht=scontent-lhr6-2.xx&_nc_gid=Azer0csBuqQXm8AnlyQKxl-&oh=00_AYB7igk2e11JZC8fd86QN5SfkebT0aCOAWCFqu1rf8Ohkw&oe=67097429","https://www.facebook.com/cobrajowo.pendol","Itu kotoran kambing yg di giling ya bangboss....","0"
,,,,,,,,,,,,,,,,,,"https://www.facebook.com/ivanri.dimas/videos/1297906598038887/?comment_id=503335089145300","20","2024-10-03T13:22:14.000Z","1201148224482458","https://www.facebook.com/100037618747884/posts/1201148224482458","ZmVlZGJhY2s6MTIwMTE0ODIyNDQ4MjQ1OF81MDMzMzUwODkxNDUzMDA=","Y29tbWVudDoxMjAxMTQ4MjI0NDgyNDU4XzUwMzMzNTA4OTE0NTMwMA==","https://www.facebook.com/100037618747884/posts/1201148224482458","3",,,"Tanamman mau subur,,,?
 hasil banyak ,,,?
Perbaiki kesehatan tanah...!
Terapkan ilmu Ekologi tanah...!
Salah satunya dg menambah kan pupuk kompos di area...","pfbid02sUpE2J9uZp8hiz3iKuKqeEs8JS3qfaGYZbUmfrdGxZAKPZMquNZM8zEkGfrTrw4Yl","Rizky Meubel","https://scontent-lhr8-1.xx.fbcdn.net/v/t39.30808-1/309879014_507451511198610_8007879676615407073_n.jpg?stp=cp0_dst-jpg_s32x32&_nc_cat=107&ccb=1-7&_nc_sid=0ecb9b&_nc_ohc=tyqck3qJ5qEQ7kNvgELMo8w&_nc_ht=scontent-lhr8-1.xx&_nc_gid=Azer0csBuqQXm8AnlyQKxl-&oh=00_AYDknzbELUoOQNqx6PpEY28nXFy5bW22cVny6wadXw7lmw&oe=67095285","https://www.facebook.com/rizky.meubel.587","Bos Itu murni kohe apa ada campuranya","0"
,,,,,,,,,,,,,,,,,,"https://www.facebook.com/ivanri.dimas/videos/1297906598038887/?comment_id=1064206108575800","3","2024-10-03T13:23:40.000Z","1201148224482458","https://www.facebook.com/100037618747884/posts/1201148224482458","ZmVlZGJhY2s6MTIwMTE0ODIyNDQ4MjQ1OF8xMDY0MjA2MTA4NTc1ODAw","Y29tbWVudDoxMjAxMTQ4MjI0NDgyNDU4XzEwNjQyMDYxMDg1NzU4MDA=","https://www.facebook.com/100037618747884/posts/1201148224482458","1",,,"Tanamman mau subur,,,?
 hasil banyak ,,,?
Perbaiki kesehatan tanah...!
Terapkan ilmu Ekologi tanah...!
Salah satunya dg menambah kan pupuk kompos di area...","100091599416116","Bang Ferdy Ferdy","https://scontent-lhr8-1.xx.fbcdn.net/v/t39.30808-1/435424620_335795399483771_7979466992758020819_n.jpg?stp=cp0_dst-jpg_s32x32&_nc_cat=111&ccb=1-7&_nc_sid=50d2ac&_nc_ohc=2YJLa4cGRTgQ7kNvgF53m1V&_nc_ht=scontent-lhr8-1.xx&_nc_gid=Azer0csBuqQXm8AnlyQKxl-&oh=00_AYBw99IUDw3s2jojtum3rYlvmmqmG7h-mD2IRVS4fp4kAA&oe=67096321","https://www.facebook.com/people/Bang-Ferdy-Ferdy/100091599416116/","Brapa /k nya bos","0"
"Sticker",,,,"1","83","1","1","1188113312322419","128","https://scontent-lhr6-2.xx.fbcdn.net/v/t39.1997-6/447732357_1188113318989085_8385511468904143288_n.png?stp=dst-png_s168x128&_nc_cat=104&ccb=1-7&_nc_sid=23dd7b&_nc_ohc=5pj9xv0MCGMQ7kNvgGYT7tD&_nc_ht=scontent-lhr6-2.xx&_nc_gid=Azer0csBuqQXm8AnlyQKxl-&oh=00_AYBsN1YoqAyItLtqnsZcEWnFrvgq9GoMb5WlhkXdUQ77-Q&oe=670970D6","128","",,,,,,"https://www.facebook.com/ivanri.dimas/videos/1297906598038887/?comment_id=3759026344410190","1","2024-10-03T13:23:50.000Z","1201148224482458","https://www.facebook.com/100037618747884/posts/1201148224482458","ZmVlZGJhY2s6MTIwMTE0ODIyNDQ4MjQ1OF8zNzU5MDI2MzQ0NDEwMTkw","Y29tbWVudDoxMjAxMTQ4MjI0NDgyNDU4XzM3NTkwMjYzNDQ0MTAxOTA=","https://www.facebook.com/100037618747884/posts/1201148224482458","1",,,"Tanamman mau subur,,,?
 hasil banyak ,,,?
Perbaiki kesehatan tanah...!
Terapkan ilmu Ekologi tanah...!
Salah satunya dg menambah kan pupuk kompos di area...","100024212867632","Supri Anto","https://scontent-lhr6-2.xx.fbcdn.net/v/t39.30808-1/452626846_1687189315431481_6938196522150094728_n.jpg?stp=cp0_dst-jpg_s32x32&_nc_cat=105&ccb=1-7&_nc_sid=50d2ac&_nc_ohc=L0WpfTuhe2sQ7kNvgF-Ugor&_nc_ht=scontent-lhr6-2.xx&_nc_gid=Azer0csBuqQXm8AnlyQKxl-&oh=00_AYAuc-o2vqRDGICMpJ9elN37j__cTQaUzuQBdBN4dVDZdA&oe=67097285","https://www.facebook.com/people/Supri-Anto/100024212867632/",,"0"
,,,,,,,,,,,,,,,,,,"https://www.facebook.com/ivanri.dimas/videos/1297906598038887/?comment_id=550873660740160","2","2024-10-03T13:24:48.000Z","1201148224482458","https://www.facebook.com/100037618747884/posts/1201148224482458","ZmVlZGJhY2s6MTIwMTE0ODIyNDQ4MjQ1OF81NTA4NzM2NjA3NDAxNjA=","Y29tbWVudDoxMjAxMTQ4MjI0NDgyNDU4XzU1MDg3MzY2MDc0MDE2MA==","https://www.facebook.com/100037618747884/posts/1201148224482458","1",,,"Tanamman mau subur,,,?
 hasil banyak ,,,?
Perbaiki kesehatan tanah...!
Terapkan ilmu Ekologi tanah...!
Salah satunya dg menambah kan pupuk kompos di area...","pfbid089fxxVTFX2zP4N41MMRLM36MbdUoFtH4LhWXqt72mggMFCWTPYireGL3Ad2oFUN7l","Galang Sadewo","https://scontent-lhr6-1.xx.fbcdn.net/v/t39.30808-1/399672774_6772016689572682_3381870309527932707_n.jpg?stp=cp0_dst-jpg_s32x32&_nc_cat=110&ccb=1-7&_nc_sid=0ecb9b&_nc_ohc=Z_G4S2MviZgQ7kNvgHJdqZG&_nc_ht=scontent-lhr6-1.xx&_nc_gid=Azer0csBuqQXm8AnlyQKxl-&oh=00_AYA4UBsHzvZsQJJnoEe242okq70EY97-bbwfxYSFJQIlWg&oe=67097C6F","https://www.facebook.com/galank.sadewo","idealnya 1 karung untuk brp M bang Ivanri Dimas","0"
,,,,,,,,,,,,,,,,,,"https://www.facebook.com/ivanri.dimas/videos/1297906598038887/?comment_id=1065514295213314","1","2024-10-04T00:23:19.000Z","1201148224482458","https://www.facebook.com/100037618747884/posts/1201148224482458","ZmVlZGJhY2s6MTIwMTE0ODIyNDQ4MjQ1OF8xMDY1NTE0Mjk1MjEzMzE0","Y29tbWVudDoxMjAxMTQ4MjI0NDgyNDU4XzEwNjU1MTQyOTUyMTMzMTQ=","https://www.facebook.com/100037618747884/posts/1201148224482458","0",,,"Tanamman mau subur,,,?
 hasil banyak ,,,?
Perbaiki kesehatan tanah...!
Terapkan ilmu Ekologi tanah...!
Salah satunya dg menambah kan pupuk kompos di area...","pfbid02V1iiQ4f4G7xoZNAxQHv1HpiPF6DofKvNt7a6gxiHtoWFjgZYASKGdAUKDDsU1DHEl","Kang Den","https://scontent-lhr8-1.xx.fbcdn.net/v/t39.30808-1/350487759_271789028553486_8881402388665867655_n.jpg?stp=cp0_dst-jpg_s32x32&_nc_cat=108&ccb=1-7&_nc_sid=0ecb9b&_nc_ohc=Srub2wYFxo8Q7kNvgFfteeh&_nc_ht=scontent-lhr8-1.xx&_nc_gid=Azer0csBuqQXm8AnlyQKxl-&oh=00_AYC-kAfH6I7w49poYg8fWUJzGhwPxIZcPfwEpFwZrvX9Fg&oe=67094B5D","https://www.facebook.com/kang.den.5817","Ini yang aku belum paham . Soal ilmu tanah","0"
,,,,,,,,,,,,,,,,,,"https://www.facebook.com/ivanri.dimas/videos/1297906598038887/?comment_id=545009251256006","2","2024-10-04T01:50:06.000Z","1201148224482458","https://www.facebook.com/100037618747884/posts/1201148224482458","ZmVlZGJhY2s6MTIwMTE0ODIyNDQ4MjQ1OF81NDUwMDkyNTEyNTYwMDY=","Y29tbWVudDoxMjAxMTQ4MjI0NDgyNDU4XzU0NTAwOTI1MTI1NjAwNg==","https://www.facebook.com/100037618747884/posts/1201148224482458","1",,,"Tanamman mau subur,,,?
 hasil banyak ,,,?
Perbaiki kesehatan tanah...!
Terapkan ilmu Ekologi tanah...!
Salah satunya dg menambah kan pupuk kompos di area...","pfbid0278hUD4dtc8NB1A7kyvouAaHqZJ5TUsJBxd4GdDAz7ccgYZdeGGaGBP9UGzmzRAiZl","Gonar Ada","https://scontent-lhr6-1.xx.fbcdn.net/v/t39.30808-1/332578452_1599917783767324_4869595638168164408_n.jpg?stp=cp0_dst-jpg_s32x32&_nc_cat=109&ccb=1-7&_nc_sid=0ecb9b&_nc_ohc=Ss-qDQZA0M0Q7kNvgGJrTzK&_nc_ht=scontent-lhr6-1.xx&_nc_gid=Azer0csBuqQXm8AnlyQKxl-&oh=00_AYCbnoS_QN5K95P-7XOWwBMkFGSt3BYBx7VfBZz-_VW1JA&oe=67096FF7","https://www.facebook.com/gonar.ada","Kalau ngantar ke prabumulih berapa  bos","0"
,,,,,,,,,,,,,,,,,,"https://www.facebook.com/ivanri.dimas/videos/1297906598038887/?comment_id=784595747033861","2","2024-10-04T06:02:17.000Z","1201148224482458","https://www.facebook.com/100037618747884/posts/1201148224482458","ZmVlZGJhY2s6MTIwMTE0ODIyNDQ4MjQ1OF83ODQ1OTU3NDcwMzM4NjE=","Y29tbWVudDoxMjAxMTQ4MjI0NDgyNDU4Xzc4NDU5NTc0NzAzMzg2MQ==","https://www.facebook.com/100037618747884/posts/1201148224482458","1",,,"Tanamman mau subur,,,?
 hasil banyak ,,,?
Perbaiki kesehatan tanah...!
Terapkan ilmu Ekologi tanah...!
Salah satunya dg menambah kan pupuk kompos di area...","pfbid034nqgXir6HQPNHfG21RYDzH26LUQ2k7LjoveDGqmsJhuuJeqwTQHgSRD5S4fUtvMwl","Yuzin Ibnu","https://scontent-lhr6-1.xx.fbcdn.net/v/t39.30808-1/400572900_122104201550107146_4721736315753483676_n.jpg?stp=cp0_dst-jpg_s32x32&_nc_cat=110&ccb=1-7&_nc_sid=0ecb9b&_nc_ohc=T77dPirGjdYQ7kNvgHc2aGv&_nc_ht=scontent-lhr6-1.xx&_nc_gid=Azer0csBuqQXm8AnlyQKxl-&oh=00_AYCUcrHu-IjS9tq4LXHLTkQjCApYfsxCu44Dp58wQhdMrQ&oe=67094C27","https://www.facebook.com/people/Yuzin-Ibnu/pfbid034nqgXir6HQPNHfG21RYDzH26LUQ2k7LjoveDGqmsJhuuJeqwTQHgSRD5S4fUtvMwl/","Dimana alamatnya bos ivan","0"
,,,,,,,,,,,,,,,,,,"https://www.facebook.com/ivanri.dimas/videos/503138809219268/?comment_id=1868044770386465","1","2024-10-04T12:26:14.000Z","1201520364445244","https://www.facebook.com/100037618747884/posts/1201520364445244","ZmVlZGJhY2s6MTIwMTUyMDM2NDQ0NTI0NF8xODY4MDQ0NzcwMzg2NDY1","Y29tbWVudDoxMjAxNTIwMzY0NDQ1MjQ0XzE4NjgwNDQ3NzAzODY0NjU=","https://www.facebook.com/100037618747884/posts/1201520364445244","1",,,"Alhamdulillah masih berlanjut 
Hari ini 3 mobil meluncur luar kota
Varietas Merlin bintang Asia","pfbid024JEBhr1JUv1pxEcPoyBNLfhG2W21weDtDgzXSK7sMA5Y6hmPsZs3TkwrritsPvjul","Minarti","https://scontent-atl3-1.xx.fbcdn.net/v/t39.30808-1/378119726_834959998086202_6630318769056872026_n.jpg?stp=cp0_dst-jpg_s32x32&_nc_cat=107&ccb=1-7&_nc_sid=0ecb9b&_nc_ohc=8nq9DrZ-VzwQ7kNvgHNvlD6&_nc_ht=scontent-atl3-1.xx&_nc_gid=Aqnnw0Rv9Xs9_aFfmkLBtV3&oh=00_AYCJhZU9OlhBJ9-AtGg_4tVuG1HbdicYUoQJGcd5d8yCzw&oe=67095A7A","https://www.facebook.com/people/Minarti/pfbid024JEBhr1JUv1pxEcPoyBNLfhG2W21weDtDgzXSK7sMA5Y6hmPsZs3TkwrritsPvjul/","Sukses slalu  pak","0"
,,,,,,,,,,,,,,,,,,"https://www.facebook.com/ivanri.dimas/videos/503138809219268/?comment_id=1907315606446326","2","2024-10-04T01:57:57.000Z","1201520364445244","https://www.facebook.com/100037618747884/posts/1201520364445244","ZmVlZGJhY2s6MTIwMTUyMDM2NDQ0NTI0NF8xOTA3MzE1NjA2NDQ2MzI2","Y29tbWVudDoxMjAxNTIwMzY0NDQ1MjQ0XzE5MDczMTU2MDY0NDYzMjY=","https://www.facebook.com/100037618747884/posts/1201520364445244","1",,,"Alhamdulillah masih berlanjut 
Hari ini 3 mobil meluncur luar kota
Varietas Merlin bintang Asia","pfbid07b8Nt6YQs4g8Nmo9gfcVW5EuJKJq1qr77rFzaQ1RJsYmhJzjFZoyR66NpRbzT9xtl","Titi Aiza","https://scontent-atl3-2.xx.fbcdn.net/v/t39.30808-1/363419572_2017807105236510_3425207894379396260_n.jpg?stp=cp0_dst-jpg_s32x32&_nc_cat=104&ccb=1-7&_nc_sid=0ecb9b&_nc_ohc=X6KHwORrA1cQ7kNvgGSdcur&_nc_ht=scontent-atl3-2.xx&_nc_gid=Aqnnw0Rv9Xs9_aFfmkLBtV3&oh=00_AYAJQ0hLiyksZCBqmxF6hSU_bk_oAZiUvhFHqaBbp25UXQ&oe=670963BA","https://www.facebook.com/people/Titi-Aiza/pfbid07b8Nt6YQs4g8Nmo9gfcVW5EuJKJq1qr77rFzaQ1RJsYmhJzjFZoyR66NpRbzT9xtl/","Alhamdulillah ya Allah","0"
,,,,,,,,,,,,,,,,,,"https://www.facebook.com/ivanri.dimas/videos/503138809219268/?comment_id=1694150231426276","4","2024-10-05T06:22:45.000Z","1201520364445244","https://www.facebook.com/100037618747884/posts/1201520364445244","ZmVlZGJhY2s6MTIwMTUyMDM2NDQ0NTI0NF8xNjk0MTUwMjMxNDI2Mjc2","Y29tbWVudDoxMjAxNTIwMzY0NDQ1MjQ0XzE2OTQxNTAyMzE0MjYyNzY=","https://www.facebook.com/100037618747884/posts/1201520364445244","1",,,"Alhamdulillah masih berlanjut 
Hari ini 3 mobil meluncur luar kota
Varietas Merlin bintang Asia","pfbid0D59Z3VyE7Y5d27N9Rog4H2nunexMUigysGm3tw8yTrKTctB1EkQ4jbdiJ7T8DUuLl","Chairul Anam","https://scontent-atl3-1.xx.fbcdn.net/v/t39.30808-1/321327494_725517642491946_1757318020106843576_n.jpg?stp=cp0_dst-jpg_s32x32&_nc_cat=106&ccb=1-7&_nc_sid=0ecb9b&_nc_ohc=mo-w_HlBuTQQ7kNvgGIGoq7&_nc_ht=scontent-atl3-1.xx&_nc_gid=Aqnnw0Rv9Xs9_aFfmkLBtV3&oh=00_AYBuVZYakZDRmmEF3iR1Ei2bebNjeh2bA7dCNbAbXEahgw&oe=67094D36","https://www.facebook.com/chairul.anam.102","Assalamualaikum bang sepil untuk nutrisinya supaya buahnya banyak dan normal 👍berkah selalu untuk petani melon 🍈💪","0"
,,,,,,,,,,,,,,,,,,"https://www.facebook.com/ivanri.dimas/videos/503138809219268/?comment_id=1052835463052291","4","2024-10-04T11:58:12.000Z","1201520364445244","https://www.facebook.com/100037618747884/posts/1201520364445244","ZmVlZGJhY2s6MTIwMTUyMDM2NDQ0NTI0NF8xMDUyODM1NDYzMDUyMjkx","Y29tbWVudDoxMjAxNTIwMzY0NDQ1MjQ0XzEwNTI4MzU0NjMwNTIyOTE=","https://www.facebook.com/100037618747884/posts/1201520364445244","1",,,"Alhamdulillah masih berlanjut 
Hari ini 3 mobil meluncur luar kota
Varietas Merlin bintang Asia","pfbid026CK3a8n8H57MeXMYPXKKhmrL6VzQEtYQ7MB2ExX79nEvfuPswwrK4sDJ6MbjC11Dl","Masud Prihatin","https://scontent-atl3-1.xx.fbcdn.net/v/t1.6435-1/160572581_1201358390267427_2134713136177245615_n.jpg?stp=c0.0.968.968a_cp0_dst-jpg_s32x32&_nc_cat=110&ccb=1-7&_nc_sid=e4545e&_nc_ohc=K-ZYFW9MKxgQ7kNvgGbHuvf&_nc_ht=scontent-atl3-1.xx&_nc_gid=Aqnnw0Rv9Xs9_aFfmkLBtV3&oh=00_AYCwjJ8jBtWu09uOl9bC2VUhl371XNMigKVsF-Xpxt2kHQ&oe=672B1260","https://www.facebook.com/people/Masud-Prihatin/pfbid026CK3a8n8H57MeXMYPXKKhmrL6VzQEtYQ7MB2ExX79nEvfuPswwrK4sDJ6MbjC11Dl/","Pak bos kalau nanem buah melon di sawah yg tanah nya becek kira kira bisa bagus gak ya🙏","0"
,,,,,,,,,,,,,,,,,,"https://www.facebook.com/ivanri.dimas/videos/503138809219268/?comment_id=1008124694331643","2","2024-10-04T01:56:01.000Z","1201520364445244","https://www.facebook.com/100037618747884/posts/1201520364445244","ZmVlZGJhY2s6MTIwMTUyMDM2NDQ0NTI0NF8xMDA4MTI0Njk0MzMxNjQz","Y29tbWVudDoxMjAxNTIwMzY0NDQ1MjQ0XzEwMDgxMjQ2OTQzMzE2NDM=","https://www.facebook.com/100037618747884/posts/1201520364445244","1",,,"Alhamdulillah masih berlanjut 
Hari ini 3 mobil meluncur luar kota
Varietas Merlin bintang Asia","pfbid02UR6n3pQVy7R6AfjBGARZ2RY4p5FzWJeKdBe6H1nbfJToN1G4GHZPv1sC3bQREttUl","Hudaya Alqoyna Ashfaa","https://scontent-atl3-1.xx.fbcdn.net/v/t1.18169-1/11136699_540108519462580_3160602265395691357_n.jpg?stp=c22.0.394.394a_cp0_dst-jpg_r270_s32x32&_nc_cat=108&ccb=1-7&_nc_sid=e4545e&_nc_ohc=8m3ZNYjX-BcQ7kNvgGs6aUF&_nc_ht=scontent-atl3-1.xx&oh=00_AYCq2bWZj9ZH-DE3L-Jpe1hH2EwABl4zZe7gTgZz2t6ZVQ&oe=672B0553","https://www.facebook.com/imaneza.cell","Satu trek nota 50 jt ada kan bozzz","0"
,,,,,,,,,,,,,,,,,,"https://www.facebook.com/ivanri.dimas/videos/503138809219268/?comment_id=886579880094011","1","2024-10-04T01:54:05.000Z","1201520364445244","https://www.facebook.com/100037618747884/posts/1201520364445244","ZmVlZGJhY2s6MTIwMTUyMDM2NDQ0NTI0NF84ODY1Nzk4ODAwOTQwMTE=","Y29tbWVudDoxMjAxNTIwMzY0NDQ1MjQ0Xzg4NjU3OTg4MDA5NDAxMQ==","https://www.facebook.com/100037618747884/posts/1201520364445244","1",,,"Alhamdulillah masih berlanjut 
Hari ini 3 mobil meluncur luar kota
Varietas Merlin bintang Asia","100000128976261","KeYta MeaZa","https://scontent-atl3-1.xx.fbcdn.net/v/t39.30808-1/404810988_7689047821109441_4083759723454058232_n.jpg?stp=cp0_dst-jpg_s32x32&_nc_cat=103&ccb=1-7&_nc_sid=50d2ac&_nc_ohc=5F07WGkBwM8Q7kNvgH1THir&_nc_ht=scontent-atl3-1.xx&_nc_gid=Aqnnw0Rv9Xs9_aFfmkLBtV3&oh=00_AYAB5qdoF_hyYI7RcQ3uRQRIiViMUKMdkR1Q4N4GIgv3DA&oe=67095EC1",,"Mantap banget bang","0"
,,,,,,,,,,,,,,,,,,"https://www.facebook.com/ivanri.dimas/videos/503138809219268/?comment_id=1035310761725854","2","2024-10-04T11:52:03.000Z","1201520364445244","https://www.facebook.com/100037618747884/posts/1201520364445244","ZmVlZGJhY2s6MTIwMTUyMDM2NDQ0NTI0NF8xMDM1MzEwNzYxNzI1ODU0","Y29tbWVudDoxMjAxNTIwMzY0NDQ1MjQ0XzEwMzUzMTA3NjE3MjU4NTQ=","https://www.facebook.com/100037618747884/posts/1201520364445244","1",,,"Alhamdulillah masih berlanjut 
Hari ini 3 mobil meluncur luar kota
Varietas Merlin bintang Asia","pfbid02V8AQYnYfCF3bBC6SsYgxGdPNh59gJhA12JWsKYizoj8E4Pbs9Dk9TaMTU8LAkbdcl","ASetiawan","https://scontent-atl3-1.xx.fbcdn.net/v/t39.30808-1/447986174_1853214548425650_7524292380088649148_n.jpg?stp=c232.0.910.910a_cp0_dst-jpg_s32x32&_nc_cat=106&ccb=1-7&_nc_sid=0ecb9b&_nc_ohc=cTf_cN2bD8IQ7kNvgH-sJQN&_nc_ht=scontent-atl3-1.xx&_nc_gid=Aqnnw0Rv9Xs9_aFfmkLBtV3&oh=00_AYCXdIXKxiFF0fZqa-o6xvLwqJzKsp6GPfH7y6sw6uSGTA&oe=67096B28","https://www.facebook.com/setyawanMilacuo","Brp harga 1 kilo dst bang","0"
,,,,,,,,,,,,,,,,,,"https://www.facebook.com/ivanri.dimas/videos/503138809219268/?comment_id=539960635247963",,"2024-10-04T07:35:57.000Z","1201520364445244","https://www.facebook.com/100037618747884/posts/1201520364445244","ZmVlZGJhY2s6MTIwMTUyMDM2NDQ0NTI0NF81Mzk5NjA2MzUyNDc5NjM=","Y29tbWVudDoxMjAxNTIwMzY0NDQ1MjQ0XzUzOTk2MDYzNTI0Nzk2Mw==","https://www.facebook.com/100037618747884/posts/1201520364445244","1",,,"Alhamdulillah masih berlanjut 
Hari ini 3 mobil meluncur luar kota
Varietas Merlin bintang Asia","1795391781","Mustamang Abdullahi Kemme Pabittei","https://scontent-atl3-2.xx.fbcdn.net/v/t39.30808-1/455877315_10219526943482955_5690956847347027138_n.jpg?stp=cp0_dst-jpg_s32x32&_nc_cat=102&ccb=1-7&_nc_sid=50d2ac&_nc_ohc=g0AVvNB3FhEQ7kNvgH-jA3w&_nc_ht=scontent-atl3-2.xx&_nc_gid=Aqnnw0Rv9Xs9_aFfmkLBtV3&oh=00_AYDS7SFfXqglbjydpxsbEQH87RXRPBE2TBO2j4AkeT6IRA&oe=6709779B","https://www.facebook.com/mamankhafidz","Alhamdulillah 🔥🔥🔥🔥","0"
,,,,,,,,,,,,,,,,,,"https://www.facebook.com/ivanri.dimas/videos/503138809219268/?comment_id=1433141127354110","2","2024-10-04T01:56:08.000Z","1201520364445244","https://www.facebook.com/100037618747884/posts/1201520364445244","ZmVlZGJhY2s6MTIwMTUyMDM2NDQ0NTI0NF8xNDMzMTQxMTI3MzU0MTEw","Y29tbWVudDoxMjAxNTIwMzY0NDQ1MjQ0XzE0MzMxNDExMjczNTQxMTA=","https://www.facebook.com/100037618747884/posts/1201520364445244","2",,,"Alhamdulillah masih berlanjut 
Hari ini 3 mobil meluncur luar kota
Varietas Merlin bintang Asia","pfbid02zSZgpKmbugcvfuZJqZDnaCTfVKeczH25U9ziLF485KKrbGthaJ3LKjS2y5V7dcuXl","Nasir","https://scontent-atl3-2.xx.fbcdn.net/v/t39.30808-1/382232862_6998865653456752_3073785027175373977_n.jpg?stp=c0.0.720.720a_cp0_dst-jpg_s32x32&_nc_cat=111&ccb=1-7&_nc_sid=0ecb9b&_nc_ohc=w3ixIlgJLFQQ7kNvgGC4GE2&_nc_ht=scontent-atl3-2.xx&_nc_gid=Aqnnw0Rv9Xs9_aFfmkLBtV3&oh=00_AYCIBUbLaaT1IVz4k8B78nek3uSOv5TOMt0diUcL5yU4Ew&oe=67095792",,"Nota berapa bang bos?","0"
,,,,,,,,,,,,,,,,,,"https://www.facebook.com/ivanri.dimas/videos/503138809219268/?comment_id=1538058976846495","1","2024-10-04T02:11:45.000Z","1201520364445244","https://www.facebook.com/100037618747884/posts/1201520364445244","ZmVlZGJhY2s6MTIwMTUyMDM2NDQ0NTI0NF8xNTM4MDU4OTc2ODQ2NDk1","Y29tbWVudDoxMjAxNTIwMzY0NDQ1MjQ0XzE1MzgwNTg5NzY4NDY0OTU=","https://www.facebook.com/100037618747884/posts/1201520364445244","1",,,"Alhamdulillah masih berlanjut 
Hari ini 3 mobil meluncur luar kota
Varietas Merlin bintang Asia","100004285620661","Lutfi Alhuwaidi","https://scontent-atl3-1.xx.fbcdn.net/v/t1.6435-1/118890093_1728778150608356_5698759746619947827_n.jpg?stp=c0.0.337.337a_cp0_dst-jpg_s32x32&_nc_cat=106&ccb=1-7&_nc_sid=db5862&_nc_ohc=E3b2YLvSZqUQ7kNvgGmF5l0&_nc_ht=scontent-atl3-1.xx&_nc_gid=Aqnnw0Rv9Xs9_aFfmkLBtV3&oh=00_AYCdiTRGkhjPzyC3lDmiCLVb86yKiQ-eY16rhmGc8iLyCw&oe=672AF545","https://www.facebook.com/lutfi.alhuwaidi.7","Luar biasa pak boss","0"
,,,,,,,,,,,,,,,,,,"https://www.facebook.com/ivanri.dimas/posts/pfbid0AvYDq2BH1FjJ4i8wK7EoysxAjtmtjkx14TUhvRwr4rKXSzen9PL1RtKC1p4DxxEcl?comment_id=885793686821922",,"2024-10-05T05:27:24.000Z","1199657334631547","https://www.facebook.com/100037618747884/posts/1199657334631547","ZmVlZGJhY2s6MTE5OTY1NzMzNDYzMTU0N184ODU3OTM2ODY4MjE5MjI=","Y29tbWVudDoxMTk5NjU3MzM0NjMxNTQ3Xzg4NTc5MzY4NjgyMTkyMg==","https://www.facebook.com/100037618747884/posts/1199657334631547","0","117931754570266","false","Janda 3 x 
Kl seperti  ini blm kelihatan  pesona  nya.
Tunggu  1 bln lagi banyak  yg akan jatuh  cinta dan musim ini kita dpt hiba janda sebelah ( janda titing baru anak 1 dg luas 1,5 ha)
Mulsa KTG TOPI GUNUNG 3 musim berlalu
Lanjut  yg k4 xnya","61553901503611","Pro Tani","https://scontent.fedi1-1.fna.fbcdn.net/v/t39.30808-1/448477867_122156296724130050_5218096211367936399_n.jpg?stp=cp0_dst-jpg_s32x32&_nc_cat=109&ccb=1-7&_nc_sid=50d2ac&_nc_ohc=9OoPoIGzgbIQ7kNvgHqbdWV&_nc_ht=scontent.fedi1-1.fna&_nc_gid=AMkonVz--WzVCjCxwa8JlHs&oh=00_AYAHmBKCg3Z3LsTFaBojOAFIoj1t2c5SyXRsOIiSzPKCzQ&oe=6709460B","https://www.facebook.com/people/Pro-Tani/61553901503611/","Mantab","0"
,,,,,,,,,,,,,,,,,,"https://www.facebook.com/ivanri.dimas/posts/pfbid0AvYDq2BH1FjJ4i8wK7EoysxAjtmtjkx14TUhvRwr4rKXSzen9PL1RtKC1p4DxxEcl?comment_id=542784631530887","1","2024-10-01T23:56:19.000Z","1199657334631547","https://www.facebook.com/100037618747884/posts/1199657334631547","ZmVlZGJhY2s6MTE5OTY1NzMzNDYzMTU0N181NDI3ODQ2MzE1MzA4ODc=","Y29tbWVudDoxMTk5NjU3MzM0NjMxNTQ3XzU0Mjc4NDYzMTUzMDg4Nw==","https://www.facebook.com/100037618747884/posts/1199657334631547","1","117931754570266","false","Janda 3 x 
Kl seperti  ini blm kelihatan  pesona  nya.
Tunggu  1 bln lagi banyak  yg akan jatuh  cinta dan musim ini kita dpt hiba janda sebelah ( janda titing baru anak 1 dg luas 1,5 ha)
Mulsa KTG TOPI GUNUNG 3 musim berlalu
Lanjut  yg k4 xnya","100024974940123","Sriwahyuni","https://scontent.fedi1-1.fna.fbcdn.net/v/t39.30808-1/414009179_1507213533454464_1782286269559785942_n.jpg?stp=c0.0.939.939a_cp0_dst-jpg_s32x32&_nc_cat=100&ccb=1-7&_nc_sid=50d2ac&_nc_ohc=ug26yJiaE-4Q7kNvgHNrZ06&_nc_ht=scontent.fedi1-1.fna&_nc_gid=AMkonVz--WzVCjCxwa8JlHs&oh=00_AYBqhFnUAv1ppQ5GiKgtPQyeIoTNrA1hbHY450yHaQarbQ&oe=670974C6","https://www.facebook.com/people/Sriwahyuni/100024974940123/","Aku agak teromah dengar kato janda ni apolagi la 3 kali😭😝","0"
,,,,,,,,,,,,,,,,,,"https://www.facebook.com/ivanri.dimas/posts/pfbid0AvYDq2BH1FjJ4i8wK7EoysxAjtmtjkx14TUhvRwr4rKXSzen9PL1RtKC1p4DxxEcl?comment_id=572016452138177",,"2024-10-01T14:36:35.000Z","1199657334631547","https://www.facebook.com/100037618747884/posts/1199657334631547","ZmVlZGJhY2s6MTE5OTY1NzMzNDYzMTU0N181NzIwMTY0NTIxMzgxNzc=","Y29tbWVudDoxMTk5NjU3MzM0NjMxNTQ3XzU3MjAxNjQ1MjEzODE3Nw==","https://www.facebook.com/100037618747884/posts/1199657334631547","0","117931754570266","false","Janda 3 x 
Kl seperti  ini blm kelihatan  pesona  nya.
Tunggu  1 bln lagi banyak  yg akan jatuh  cinta dan musim ini kita dpt hiba janda sebelah ( janda titing baru anak 1 dg luas 1,5 ha)
Mulsa KTG TOPI GUNUNG 3 musim berlalu
Lanjut  yg k4 xnya","100036728504356","Barokgenki","https://scontent.fedi1-1.fna.fbcdn.net/v/t39.30808-1/460464971_1225214932046112_7063973267671284978_n.jpg?stp=cp0_dst-jpg_s32x32&_nc_cat=105&ccb=1-7&_nc_sid=50d2ac&_nc_ohc=7w75_SB1GtMQ7kNvgHdk153&_nc_ht=scontent.fedi1-1.fna&_nc_gid=AMkonVz--WzVCjCxwa8JlHs&oh=00_AYBk97nJOl4414g5QQDBHLr4-rFQZTbRf6ONTYb3ypANRg&oe=670963F3","https://www.facebook.com/barokgenki.barokgenki.5","Hadir","0"
,,,,,,,,,,,,,,,,,,"https://www.facebook.com/ivanri.dimas/posts/pfbid0AvYDq2BH1FjJ4i8wK7EoysxAjtmtjkx14TUhvRwr4rKXSzen9PL1RtKC1p4DxxEcl?comment_id=1600474813840425",,"2024-10-01T21:53:21.000Z","1199657334631547","https://www.facebook.com/100037618747884/posts/1199657334631547","ZmVlZGJhY2s6MTE5OTY1NzMzNDYzMTU0N18xNjAwNDc0ODEzODQwNDI1","Y29tbWVudDoxMTk5NjU3MzM0NjMxNTQ3XzE2MDA0NzQ4MTM4NDA0MjU=","https://www.facebook.com/100037618747884/posts/1199657334631547","0","117931754570266","false","Janda 3 x 
Kl seperti  ini blm kelihatan  pesona  nya.
Tunggu  1 bln lagi banyak  yg akan jatuh  cinta dan musim ini kita dpt hiba janda sebelah ( janda titing baru anak 1 dg luas 1,5 ha)
Mulsa KTG TOPI GUNUNG 3 musim berlalu
Lanjut  yg k4 xnya","100004285620661","Lutfi Alhuwaidi","https://scontent.fedi1-1.fna.fbcdn.net/v/t1.6435-1/118890093_1728778150608356_5698759746619947827_n.jpg?stp=c0.0.337.337a_cp0_dst-jpg_s32x32&_nc_cat=106&ccb=1-7&_nc_sid=db5862&_nc_ohc=E3b2YLvSZqUQ7kNvgFWeXew&_nc_ht=scontent.fedi1-1.fna&_nc_gid=AMkonVz--WzVCjCxwa8JlHs&oh=00_AYDD02SVjtwLXxpqtJG-cFEGRiKMett6mSpwLuC2AyqVxg&oe=672AF545","https://www.facebook.com/lutfi.alhuwaidi.7","Plastik mulsa ktg di sini belum ada pak boss","0"
,,,,,,,,,,,,,,,,,,"https://www.facebook.com/ivanri.dimas/posts/pfbid0AvYDq2BH1FjJ4i8wK7EoysxAjtmtjkx14TUhvRwr4rKXSzen9PL1RtKC1p4DxxEcl?comment_id=1076241653863917","1","2024-10-01T14:03:32.000Z","1199657334631547","https://www.facebook.com/100037618747884/posts/1199657334631547","ZmVlZGJhY2s6MTE5OTY1NzMzNDYzMTU0N18xMDc2MjQxNjUzODYzOTE3","Y29tbWVudDoxMTk5NjU3MzM0NjMxNTQ3XzEwNzYyNDE2NTM4NjM5MTc=","https://www.facebook.com/100037618747884/posts/1199657334631547","2","117931754570266","false","Janda 3 x 
Kl seperti  ini blm kelihatan  pesona  nya.
Tunggu  1 bln lagi banyak  yg akan jatuh  cinta dan musim ini kita dpt hiba janda sebelah ( janda titing baru anak 1 dg luas 1,5 ha)
Mulsa KTG TOPI GUNUNG 3 musim berlalu
Lanjut  yg k4 xnya","100004975267495","Neng Nabila","https://scontent.fedi1-1.fna.fbcdn.net/v/t39.30808-1/448493885_2876527442523070_5991247274705168266_n.jpg?stp=cp0_dst-jpg_s32x32&_nc_cat=101&ccb=1-7&_nc_sid=50d2ac&_nc_ohc=v-xDP8uiJa8Q7kNvgHuswKV&_nc_ht=scontent.fedi1-1.fna&_nc_gid=AMkonVz--WzVCjCxwa8JlHs&oh=00_AYDRLSoJRWRP1uVpAhMWyXhwcbtWkmm8TWg0W4ycc9mn9g&oe=67096F71","https://www.facebook.com/lala.elamin","Ini Janda yang mempesona ... Ditunggu musim tanam selanjutnya sukses selalu pak Ivanri Dimas","0"
,,,,,,,,,,,,,,,,,,"https://www.facebook.com/ivanri.dimas/posts/pfbid0AvYDq2BH1FjJ4i8wK7EoysxAjtmtjkx14TUhvRwr4rKXSzen9PL1RtKC1p4DxxEcl?comment_id=898962062295253",,"2024-10-02T13:17:14.000Z","1199657334631547","https://www.facebook.com/100037618747884/posts/1199657334631547","ZmVlZGJhY2s6MTE5OTY1NzMzNDYzMTU0N184OTg5NjIwNjIyOTUyNTM=","Y29tbWVudDoxMTk5NjU3MzM0NjMxNTQ3Xzg5ODk2MjA2MjI5NTI1Mw==","https://www.facebook.com/100037618747884/posts/1199657334631547","0","117931754570266","false","Janda 3 x 
Kl seperti  ini blm kelihatan  pesona  nya.
Tunggu  1 bln lagi banyak  yg akan jatuh  cinta dan musim ini kita dpt hiba janda sebelah ( janda titing baru anak 1 dg luas 1,5 ha)
Mulsa KTG TOPI GUNUNG 3 musim berlalu
Lanjut  yg k4 xnya","100089358200139","Nur Latifah","https://scontent.fedi1-1.fna.fbcdn.net/v/t39.30808-1/415057025_331928029795801_5225965665335375015_n.jpg?stp=cp0_dst-jpg_p32x32&_nc_cat=103&ccb=1-7&_nc_sid=50d2ac&_nc_ohc=V8pzskAgvLwQ7kNvgF50LWV&_nc_ht=scontent.fedi1-1.fna&_nc_gid=AMkonVz--WzVCjCxwa8JlHs&oh=00_AYA3CRo_mSyKe0P1LdGhx2c8EAJ9WwsCpvr2V-omfbg6BQ&oe=670972E1","https://www.facebook.com/people/Nur-Latifah/100089358200139/","Kenapa disebut janda","0"
,,,,,,,,,,,,,,,,,,"https://www.facebook.com/ivanri.dimas/posts/pfbid0AvYDq2BH1FjJ4i8wK7EoysxAjtmtjkx14TUhvRwr4rKXSzen9PL1RtKC1p4DxxEcl?comment_id=442566922169327","1","2024-10-01T13:04:45.000Z","1199657334631547","https://www.facebook.com/100037618747884/posts/1199657334631547","ZmVlZGJhY2s6MTE5OTY1NzMzNDYzMTU0N180NDI1NjY5MjIxNjkzMjc=","Y29tbWVudDoxMTk5NjU3MzM0NjMxNTQ3XzQ0MjU2NjkyMjE2OTMyNw==","https://www.facebook.com/100037618747884/posts/1199657334631547","2","117931754570266","false","Janda 3 x 
Kl seperti  ini blm kelihatan  pesona  nya.
Tunggu  1 bln lagi banyak  yg akan jatuh  cinta dan musim ini kita dpt hiba janda sebelah ( janda titing baru anak 1 dg luas 1,5 ha)
Mulsa KTG TOPI GUNUNG 3 musim berlalu
Lanjut  yg k4 xnya","100004940532380","Sukma Yuanda Mboyok","https://scontent.fedi1-1.fna.fbcdn.net/v/t39.30808-1/360103015_2498035573704436_3814321445923108952_n.jpg?stp=cp0_dst-jpg_s32x32&_nc_cat=104&ccb=1-7&_nc_sid=50d2ac&_nc_ohc=L1whzW9DZVAQ7kNvgGNMHo-&_nc_ht=scontent.fedi1-1.fna&_nc_gid=AMkonVz--WzVCjCxwa8JlHs&oh=00_AYB37jAkf7NaSp1_I9fTnf1xrnFgtHeHapb6YoEERUqH1g&oe=67096268","https://www.facebook.com/people/Sukma-Yuanda-Mboyok/100004940532380/","Mantap bosku","0"
,,,,,,,,,,,,,,,,,,"https://www.facebook.com/ivanri.dimas/posts/pfbid0AvYDq2BH1FjJ4i8wK7EoysxAjtmtjkx14TUhvRwr4rKXSzen9PL1RtKC1p4DxxEcl?comment_id=504359555780944",,"2024-10-01T16:00:52.000Z","1199657334631547","https://www.facebook.com/100037618747884/posts/1199657334631547","ZmVlZGJhY2s6MTE5OTY1NzMzNDYzMTU0N181MDQzNTk1NTU3ODA5NDQ=","Y29tbWVudDoxMTk5NjU3MzM0NjMxNTQ3XzUwNDM1OTU1NTc4MDk0NA==","https://www.facebook.com/100037618747884/posts/1199657334631547","0","117931754570266","false","Janda 3 x 
Kl seperti  ini blm kelihatan  pesona  nya.
Tunggu  1 bln lagi banyak  yg akan jatuh  cinta dan musim ini kita dpt hiba janda sebelah ( janda titing baru anak 1 dg luas 1,5 ha)
Mulsa KTG TOPI GUNUNG 3 musim berlalu
Lanjut  yg k4 xnya","pfbid0DFCGpumPgjyLzKkabyFjQLe8S4A8mEfbKFVnPjpd5QEZHLUJUZxSbkbkEPM1fHwDl","Yuniarti Hanifah","https://scontent.fedi1-1.fna.fbcdn.net/v/t39.30808-1/271094371_470185848025774_4594944849632365654_n.jpg?stp=cp0_dst-jpg_s32x32&_nc_cat=106&ccb=1-7&_nc_sid=0ecb9b&_nc_ohc=mxo69gcSuucQ7kNvgEUXZXj&_nc_ht=scontent.fedi1-1.fna&_nc_gid=AMkonVz--WzVCjCxwa8JlHs&oh=00_AYBsFpt6mlmhpAGy6WP8FCxdyh2rtfRBExWvv0H9bZ_wTg&oe=67096AD1","https://www.facebook.com/yuniarti.hanifah.3","Sukses Duta andalan Seluma Ivanri Dimas 💪💪💪","0"
,,,,,,,,,,,,,,,,,,"https://www.facebook.com/ivanri.dimas/posts/pfbid0AvYDq2BH1FjJ4i8wK7EoysxAjtmtjkx14TUhvRwr4rKXSzen9PL1RtKC1p4DxxEcl?comment_id=1063717901782755","3","2024-10-01T13:13:18.000Z","1199657334631547","https://www.facebook.com/100037618747884/posts/1199657334631547","ZmVlZGJhY2s6MTE5OTY1NzMzNDYzMTU0N18xMDYzNzE3OTAxNzgyNzU1","Y29tbWVudDoxMTk5NjU3MzM0NjMxNTQ3XzEwNjM3MTc5MDE3ODI3NTU=","https://www.facebook.com/100037618747884/posts/1199657334631547","1","117931754570266","false","Janda 3 x 
Kl seperti  ini blm kelihatan  pesona  nya.
Tunggu  1 bln lagi banyak  yg akan jatuh  cinta dan musim ini kita dpt hiba janda sebelah ( janda titing baru anak 1 dg luas 1,5 ha)
Mulsa KTG TOPI GUNUNG 3 musim berlalu
Lanjut  yg k4 xnya","pfbid02bUXckPGUaoRwQ7Vor8e9SscFCtr97HUJMzqgHgVN9rYDECEF7uQwtrHKSMhdzvDRl","Candra Gunawan","https://scontent.fedi1-1.fna.fbcdn.net/v/t39.30808-1/311980905_6147701995259426_6059351133888317468_n.jpg?stp=cp0_dst-jpg_s32x32&_nc_cat=109&ccb=1-7&_nc_sid=0ecb9b&_nc_ohc=CJlkqL87OxoQ7kNvgGyZtib&_nc_ht=scontent.fedi1-1.fna&_nc_gid=AMkonVz--WzVCjCxwa8JlHs&oh=00_AYBllnXhxhcR3hOMgU3VffDX1tam5vQhIB8UKDDeX1VyAg&oe=6709599F","https://www.facebook.com/Candra.Gunawan.Karanganyar.Semarang.Jogja.Pkl.Bdg","Lahan perlu diolah ulang gk?","0"
,,,,,,,,,,,,,,,,,,"https://www.facebook.com/ivanri.dimas/posts/pfbid0AvYDq2BH1FjJ4i8wK7EoysxAjtmtjkx14TUhvRwr4rKXSzen9PL1RtKC1p4DxxEcl?comment_id=1004066268160066","1","2024-10-01T13:44:15.000Z","1199657334631547","https://www.facebook.com/100037618747884/posts/1199657334631547","ZmVlZGJhY2s6MTE5OTY1NzMzNDYzMTU0N18xMDA0MDY2MjY4MTYwMDY2","Y29tbWVudDoxMTk5NjU3MzM0NjMxNTQ3XzEwMDQwNjYyNjgxNjAwNjY=","https://www.facebook.com/100037618747884/posts/1199657334631547","0","117931754570266","false","Janda 3 x 
Kl seperti  ini blm kelihatan  pesona  nya.
Tunggu  1 bln lagi banyak  yg akan jatuh  cinta dan musim ini kita dpt hiba janda sebelah ( janda titing baru anak 1 dg luas 1,5 ha)
Mulsa KTG TOPI GUNUNG 3 musim berlalu
Lanjut  yg k4 xnya","100016007505836","Ranto","https://scontent.fedi1-1.fna.fbcdn.net/v/t39.30808-1/417733591_1519539848589584_1633480537145024444_n.jpg?stp=cp0_dst-jpg_s32x32&_nc_cat=105&ccb=1-7&_nc_sid=50d2ac&_nc_ohc=kSDgUc-7HXoQ7kNvgEdYkuR&_nc_ht=scontent.fedi1-1.fna&_nc_gid=AMkonVz--WzVCjCxwa8JlHs&oh=00_AYCPfyqT1yvmbEfRBNRFa-8PVUvcUtCbiFPg86ce4Q5RSA&oe=670979B6",,"Yak bos lahan ak alam yg cabe tu la di gas Pulo ru","0"
"Photo",,"https://scontent.fbel1-1.fna.fbcdn.net/v/t39.30808-6/461781949_880654787497269_8503003124215461254_n.jpg?stp=dst-jpg_fb30_s960x960&_nc_cat=110&ccb=1-7&_nc_sid=bd9a62&_nc_ohc=ZZ_mKYnfbGQQ7kNvgHTWiMk&_nc_ht=scontent.fbel1-1.fna&_nc_gid=AzhTRqEstfHQxM0HxwBRru8&oh=00_AYDIfGxm5FGDfXLBweHScHuiYomH-k8AOFjmvmOVicvF5w&oe=67094B41",,,,,,"880654784163936","222","https://scontent.fbel1-1.fna.fbcdn.net/v/t39.30808-6/461781949_880654787497269_8503003124215461254_n.jpg?stp=dst-jpg_p100x100&_nc_cat=110&ccb=1-7&_nc_sid=bd9a62&_nc_ohc=ZZ_mKYnfbGQQ7kNvgHTWiMk&_nc_ht=scontent.fbel1-1.fna&_nc_gid=AzhTRqEstfHQxM0HxwBRru8&oh=00_AYArGYjNHYyEyXwsmix1VlmunME-4lzFdgQOr8EZ9ycxsg&oe=67094B41","100",,"960","432","May be an image of medicine and text that says '09. 09.41 .ll & As -al n 250EC EC Video 1/3 Rp195.222 ro Rp208.000 Rp Rp22.02 Rp22.027x12bulan 2.027 12 bulan dengan SPayLater> 31 Terjual Belanja Rp1 00RB, Diskon Rp500 Star+ Astertrin 1liter Garansi tiba: 9- 12 Okt Dapatkan Voucher s/d Rp1 Rp10.000 jika pesanan terlambat. Bebas Pengembalian COD Cek Dulu > SPayLater: Diskon s/d 40RB 4.6 > Penilaian Produk Lihat Semua Penilaian produk lain di toko ini Vualitanhailaiosn + Beli Dengan Voucher Rp195.222'",,,"https://www.facebook.com/ivanri.dimas/videos/1207366333861586/?comment_id=2544119202447194","4","2024-10-02T01:42:48.000Z","1200024064594874","https://www.facebook.com/100037618747884/posts/1200024064594874","ZmVlZGJhY2s6MTIwMDAyNDA2NDU5NDg3NF8yNTQ0MTE5MjAyNDQ3MTk0","Y29tbWVudDoxMjAwMDI0MDY0NTk0ODc0XzI1NDQxMTkyMDI0NDcxOTQ=","https://www.facebook.com/100037618747884/posts/1200024064594874","2",,,"Selamat pagi teman teman
Semangat beraktivitas menjemput rezki","pfbid02RiAXXMDG4Wc3715ADUmjCyL2tbdKFMi7DEmTLQsNjz7QCvS9fywzDyH5xNwGfRcpl","Aida Keripik","https://scontent.fbel1-1.fna.fbcdn.net/v/t1.6435-1/173852414_102308931998529_4621154859450761811_n.jpg?stp=cp0_dst-jpg_s32x32&_nc_cat=100&ccb=1-7&_nc_sid=0ecb9b&_nc_ohc=j9e8X2jB_PcQ7kNvgGkDyry&_nc_ht=scontent.fbel1-1.fna&_nc_gid=AzhTRqEstfHQxM0HxwBRru8&oh=00_AYA4HmZv7kAysgs8yxch6k2qyVk4uQSY22t6C8cKf30lyA&oe=672AECA6","https://www.facebook.com/aida.keripik","Lalat buah apakah pakai merek dagang aztetrin ini pak, terima kasih","0"
,,,,,,,,,,,,,,,,,,"https://www.facebook.com/ivanri.dimas/videos/1207366333861586/?comment_id=374305015636698","1","2024-10-02T02:23:15.000Z","1200024064594874","https://www.facebook.com/100037618747884/posts/1200024064594874","ZmVlZGJhY2s6MTIwMDAyNDA2NDU5NDg3NF8zNzQzMDUwMTU2MzY2OTg=","Y29tbWVudDoxMjAwMDI0MDY0NTk0ODc0XzM3NDMwNTAxNTYzNjY5OA==","https://www.facebook.com/100037618747884/posts/1200024064594874","1",,,"Selamat pagi teman teman
Semangat beraktivitas menjemput rezki","100004201298726","Syahrul - Fadil","https://scontent.fbel1-1.fna.fbcdn.net/v/t39.30808-1/461963440_2939045339578814_2561453773130875763_n.jpg?stp=cp0_dst-jpg_s32x32&_nc_cat=109&ccb=1-7&_nc_sid=50d2ac&_nc_ohc=5M3H3WCkum0Q7kNvgFauSd5&_nc_ht=scontent.fbel1-1.fna&_nc_gid=AzhTRqEstfHQxM0HxwBRru8&oh=00_AYAlBgOK_Pb8nl0nhUw8hUnMwZDt4hmUrMDE7P2Hu15XHQ&oe=670949CE","https://www.facebook.com/syahrul.light","Kalo melon lahan gini ada standar brix kemanisan juga gak bang?","0"
,,,,,,,,,,,,,,,,,,"https://www.facebook.com/ivanri.dimas/videos/1207366333861586/?comment_id=556416736777324","1","2024-10-02T05:31:41.000Z","1200024064594874","https://www.facebook.com/100037618747884/posts/1200024064594874","ZmVlZGJhY2s6MTIwMDAyNDA2NDU5NDg3NF81NTY0MTY3MzY3NzczMjQ=","Y29tbWVudDoxMjAwMDI0MDY0NTk0ODc0XzU1NjQxNjczNjc3NzMyNA==","https://www.facebook.com/100037618747884/posts/1200024064594874","1",,,"Selamat pagi teman teman
Semangat beraktivitas menjemput rezki","pfbid0yaf2Lvkm5QBgh65XQiKvMduSzdAyfKD967J3R8r6Ck8sPenwvLEE1aimyDtvbQT6l","Lani","https://scontent.fbel1-1.fna.fbcdn.net/v/t39.30808-1/371529562_2047805282244287_8585918836016800660_n.jpg?stp=c0.30.900.900a_cp0_dst-jpg_s32x32&_nc_cat=105&ccb=1-7&_nc_sid=0ecb9b&_nc_ohc=HZYHWZ5ht0YQ7kNvgH3jC6Q&_nc_ht=scontent.fbel1-1.fna&_nc_gid=AzhTRqEstfHQxM0HxwBRru8&oh=00_AYAjBtIjbCEEmNZvjlTGkWDmfiEPjK8IvCqbjDOLbM_c2g&oe=67094F49","https://www.facebook.com/fehungkam.fehung","Bg baca inbox bg","0"
,,,,,,,,,,,,,,,,,,"https://www.facebook.com/ivanri.dimas/videos/1207366333861586/?comment_id=515552214403533","1","2024-10-02T05:37:44.000Z","1200024064594874","https://www.facebook.com/100037618747884/posts/1200024064594874","ZmVlZGJhY2s6MTIwMDAyNDA2NDU5NDg3NF81MTU1NTIyMTQ0MDM1MzM=","Y29tbWVudDoxMjAwMDI0MDY0NTk0ODc0XzUxNTU1MjIxNDQwMzUzMw==","https://www.facebook.com/100037618747884/posts/1200024064594874","1",,,"Selamat pagi teman teman
Semangat beraktivitas menjemput rezki","pfbid029cXbMyd5GXBzWpnkyMWSSi5SLsWe9vAB2zdPTZB7FmJTshaVr61r1ALQBDVzj1nsl","Malik Anshori","https://scontent.fbel1-1.fna.fbcdn.net/v/t1.6435-1/109300470_131133018633601_6482130610341967523_n.jpg?stp=cp0_dst-jpg_s32x32&_nc_cat=100&ccb=1-7&_nc_sid=0ecb9b&_nc_ohc=78rPMIVBbj8Q7kNvgEdM2ix&_nc_ht=scontent.fbel1-1.fna&_nc_gid=AzhTRqEstfHQxM0HxwBRru8&oh=00_AYCWEZCZCMVQihj8Gp8o5HXSoi1mYnEnbpcPT_SsFmvc7w&oe=672AF3C8","https://www.facebook.com/malik.anshori.50","Boss,lebar guludan berapa?kok sepertinya gede","0"
,,,,,,,,,,,,,,,,,,"https://www.facebook.com/ivanri.dimas/videos/1207366333861586/?comment_id=2079236005825024","4","2024-10-02T06:57:40.000Z","1200024064594874","https://www.facebook.com/100037618747884/posts/1200024064594874","ZmVlZGJhY2s6MTIwMDAyNDA2NDU5NDg3NF8yMDc5MjM2MDA1ODI1MDI0","Y29tbWVudDoxMjAwMDI0MDY0NTk0ODc0XzIwNzkyMzYwMDU4MjUwMjQ=","https://www.facebook.com/100037618747884/posts/1200024064594874","1",,,"Selamat pagi teman teman
Semangat beraktivitas menjemput rezki","pfbid02bBpVBNnxYTK3JSF4USCmwM7hnuU5Jb7KASrfydVCpNzimbzm3eDr3WovLp6Qnm2sl","Pandu Arya Wiguna","https://scontent.fbel1-1.fna.fbcdn.net/v/t39.30808-1/436236510_1570298713702004_91041741291227220_n.jpg?stp=cp0_dst-jpg_s32x32&_nc_cat=100&ccb=1-7&_nc_sid=0ecb9b&_nc_ohc=yuRw-E_CH9AQ7kNvgE7t0wT&_nc_ht=scontent.fbel1-1.fna&_nc_gid=AzhTRqEstfHQxM0HxwBRru8&oh=00_AYCMVXI3i4bfvBiou0ohy-wstWHd2f31w-7eYVSAk1DKcg&oe=670952C6","https://www.facebook.com/tagunda.gunda.1","Dosis pupuk kandang buat cabe brp satu bedengan panjang 50 meter bg","0"
,,,,,,,,,,,,,,,,,,"https://www.facebook.com/ivanri.dimas/videos/1207366333861586/?comment_id=518622421027986","3","2024-10-02T07:19:31.000Z","1200024064594874","https://www.facebook.com/100037618747884/posts/1200024064594874","ZmVlZGJhY2s6MTIwMDAyNDA2NDU5NDg3NF81MTg2MjI0MjEwMjc5ODY=","Y29tbWVudDoxMjAwMDI0MDY0NTk0ODc0XzUxODYyMjQyMTAyNzk4Ng==","https://www.facebook.com/100037618747884/posts/1200024064594874","1",,,"Selamat pagi teman teman
Semangat beraktivitas menjemput rezki","pfbid0991QvtgvuiETZtgVEEAiq1RgTybuk6phf46dRQhwQV5E2YYDTkH5KJF57aEpMEmcl","Dadep Palahudin","https://scontent.fbel1-1.fna.fbcdn.net/v/t1.6435-1/65284411_146146703227927_4495562227436224512_n.jpg?stp=c0.0.1224.1224a_cp0_dst-jpg_s32x32&_nc_cat=104&ccb=1-7&_nc_sid=0ecb9b&_nc_ohc=k7kEHoBPF6IQ7kNvgFklW3w&_nc_ht=scontent.fbel1-1.fna&_nc_gid=AzhTRqEstfHQxM0HxwBRru8&oh=00_AYB80ybhKCcIRSIjAXnDgjLvWU-w1Zz_jxC5PO_mDiTuPw&oe=672B1003","https://www.facebook.com/dadep.palahudin","Berapa harga  bibit satu bungkus nya bos kuh","0"
,,,,,,,,,,,,,,,,,,"https://www.facebook.com/ivanri.dimas/videos/1207366333861586/?comment_id=911252430848685","2","2024-10-02T09:38:18.000Z","1200024064594874","https://www.facebook.com/100037618747884/posts/1200024064594874","ZmVlZGJhY2s6MTIwMDAyNDA2NDU5NDg3NF85MTEyNTI0MzA4NDg2ODU=","Y29tbWVudDoxMjAwMDI0MDY0NTk0ODc0XzkxMTI1MjQzMDg0ODY4NQ==","https://www.facebook.com/100037618747884/posts/1200024064594874","1",,,"Selamat pagi teman teman
Semangat beraktivitas menjemput rezki","pfbid0zUy89Euuc3emPDyfeDfg7H9BeE87usjomShBb8mc25E8aL8KENCsKLNtFofQdPoQl","Banyu Kali","https://scontent.fbel1-1.fna.fbcdn.net/v/t1.6435-1/123289602_100999751823788_4228467812871066245_n.jpg?stp=cp0_dst-jpg_p32x32&_nc_cat=101&ccb=1-7&_nc_sid=0ecb9b&_nc_ohc=6R3fULcHm5gQ7kNvgGwVwsL&_nc_ht=scontent.fbel1-1.fna&_nc_gid=AzhTRqEstfHQxM0HxwBRru8&oh=00_AYDO3PTdKcSQn14urI6Q9-fJyqeX-cYS7pswh13D073Oxw&oe=672B15C4","https://www.facebook.com/banyu.kali.3950","Jual bibitnya jugakah bang","0"
,,,,,,,,,,,,,,,,,,"https://www.facebook.com/ivanri.dimas/videos/1207366333861586/?comment_id=2617426535095530","1","2024-10-02T20:51:02.000Z","1200024064594874","https://www.facebook.com/100037618747884/posts/1200024064594874","ZmVlZGJhY2s6MTIwMDAyNDA2NDU5NDg3NF8yNjE3NDI2NTM1MDk1NTMw","Y29tbWVudDoxMjAwMDI0MDY0NTk0ODc0XzI2MTc0MjY1MzUwOTU1MzA=","https://www.facebook.com/100037618747884/posts/1200024064594874","1",,,"Selamat pagi teman teman
Semangat beraktivitas menjemput rezki","pfbid0345tMyipc9DWh2M77CHDPqLZAJprw5yuhsXqZVxrPVD9RMBh6cmJfpGqErHtwrh6tl","Lensa Abdurrahman Zaeen","https://scontent.fbel1-1.fna.fbcdn.net/v/t39.30808-1/456037299_1715287932618470_7941110500832262436_n.jpg?stp=cp0_dst-jpg_s32x32&_nc_cat=103&ccb=1-7&_nc_sid=0ecb9b&_nc_ohc=rIekEjbJRq0Q7kNvgF7JFIx&_nc_ht=scontent.fbel1-1.fna&_nc_gid=AzhTRqEstfHQxM0HxwBRru8&oh=00_AYCCoAg64B-8jHqIA19fTtNwkv3s4Llf5XHSAhvmEUSbVg&oe=670965FE","https://www.facebook.com/abdurrahman.saeen.7","satu pohon buah berapa butir pak ?","0"
,,,,,,,,,,,,,,,,,,"https://www.facebook.com/ivanri.dimas/videos/1207366333861586/?comment_id=1671231186756072","2","2024-10-03T09:35:08.000Z","1200024064594874","https://www.facebook.com/100037618747884/posts/1200024064594874","ZmVlZGJhY2s6MTIwMDAyNDA2NDU5NDg3NF8xNjcxMjMxMTg2NzU2MDcy","Y29tbWVudDoxMjAwMDI0MDY0NTk0ODc0XzE2NzEyMzExODY3NTYwNzI=","https://www.facebook.com/100037618747884/posts/1200024064594874","1",,,"Selamat pagi teman teman
Semangat beraktivitas menjemput rezki","pfbid031rN1yMhu6W2BmByJWnXwdqszziXcZW7Ag2SiNcAECwPca351qFLPsxz4FKUhkpfxl","Sri Mulyo","https://scontent.fbel1-1.fna.fbcdn.net/v/t39.30808-1/407683816_3740870539571606_5353305418298990583_n.jpg?stp=cp0_dst-jpg_s32x32&_nc_cat=111&ccb=1-7&_nc_sid=0ecb9b&_nc_ohc=wcGg25OFkP8Q7kNvgEXA8cH&_nc_ht=scontent.fbel1-1.fna&_nc_gid=AzhTRqEstfHQxM0HxwBRru8&oh=00_AYDdYaCLdOG18WLqLl3A8r70SVGfiwsW5WHdrpRk3-L4rA&oe=67095141","https://www.facebook.com/people/Sri-Mulyo/pfbid031rN1yMhu6W2BmByJWnXwdqszziXcZW7Ag2SiNcAECwPca351qFLPsxz4FKUhkpfxl/","Panen umur berapa bang ..","0"
,,,,,,,,,,,,,,,,,,"https://www.facebook.com/ivanri.dimas/videos/1207366333861586/?comment_id=1034793831459632","1","2024-10-04T09:24:01.000Z","1200024064594874","https://www.facebook.com/100037618747884/posts/1200024064594874","ZmVlZGJhY2s6MTIwMDAyNDA2NDU5NDg3NF8xMDM0NzkzODMxNDU5NjMy","Y29tbWVudDoxMjAwMDI0MDY0NTk0ODc0XzEwMzQ3OTM4MzE0NTk2MzI=","https://www.facebook.com/100037618747884/posts/1200024064594874","1",,,"Selamat pagi teman teman
Semangat beraktivitas menjemput rezki","pfbid0RAPN2q87B8sFJMdEUFyPQvQsiNAxDkQNf43DJWMebPArUKpoCHNY3dgktGAqEz9Fl","Mas Mis Id","https://scontent.fbel1-1.fna.fbcdn.net/v/t1.6435-1/78850668_580888652709449_4778390788860018688_n.jpg?stp=c233.0.1166.1166a_cp0_dst-jpg_s32x32&_nc_cat=104&ccb=1-7&_nc_sid=0ecb9b&_nc_ohc=EtlgAmP-POgQ7kNvgGcHX8o&_nc_ht=scontent.fbel1-1.fna&_nc_gid=AzhTRqEstfHQxM0HxwBRru8&oh=00_AYB_5WN7yx9yLiDZKVqANVHbpYvvV00omw_0hZFxILfHFw&oe=672B134F","https://www.facebook.com/mas.misid","1 batang berapa buah maa","0"
