﻿"channelAvatarUrl","channelBannerUrl","channelDescription","channelDescriptionLinks/0/text","channelDescriptionLinks/0/url","channelDescriptionLinks/1/text","channelDescriptionLinks/1/url","channelDescriptionLinks/2/text","channelDescriptionLinks/2/url","channelDescriptionLinks/3/text","channelDescriptionLinks/3/url","channelId","channelJoinedDate","channelLocation","channelName","channelTotalVideos","channelTotalViews","channelUrl","comments","commentsCount","date","descriptionLinks","duration","fromYTUrl","id","input","inputChannelUrl","isAgeRestricted","isChannelVerified","isMonetized","likes","note","numberOfSubscribers","order","subtitles","text","thumbnailUrl","title","type","url","viewCount"
,,,,,,,,,,,,,,,,,,,,,,,,,"https://www.youtube.com/@infarmid",,,,,,"No videos found on the page.",,,,,,,,"https://www.youtube.com/@infarmid/streams",
"https://yt3.googleusercontent.com/ytc/AIdro_ljVCUnlbr67HN8PMqsVQ84cWvK-I4RigUxvZVbe5H1ZQ=s160-c-k-c0x00ffffff-no-rj","https://yt3.googleusercontent.com/afPoy1zE-yBTfvjqw2FngNP3ym2dGeP7AReU7khT2SIbzMj9PNCNEKoxsNJc4NDzO9dchVGLHQ=w2560-fcrop64=1,00005a57ffffa5a8-k-c0xffffffff-no-nd-rj","Chanel yang akan membahas secara dalam tentang Rumah, Kebun, dan Taman","Shopee","https://shopee.co.id/infarmofficialshop","Instagram","https://www.instagram.com/infarm.id/","Tiktok","https://www.tiktok.com/@infarmid","Lazada ","https://s.lazada.co.id/l.1hRr","UChl0FvQJ5_1CmPCSzikU_Uw","Jun 23, 2019","Indonesia","infarm id","823","157684706","https://www.youtube.com/channel/UChl0FvQJ5_1CmPCSzikU_Uw",,"21","2024-09-21T16:24:07.000Z",,,"https://www.youtube.com/@infarmid/shorts","MU4whoyxZ2Y",,"https://www.youtube.com/@infarmid","false","false",,"1200",,"363000","10",,,"https://i.ytimg.com/vi/MU4whoyxZ2Y/oardefault.jpg?sqp=-oaymwEqCJUDENAFSFqQAgHyq4qpAxkIARUAAIhC2AEB4gEMCB4QAhgGIAE4AUAB&rs=AOn4CLCZOAmZfNsgIznCEQokIvuPDbsO6w","Tanaman yang bisa menghasilkan pupuk sendiri","shorts","https://www.youtube.com/shorts/MU4whoyxZ2Y","30114"
"https://yt3.googleusercontent.com/ytc/AIdro_ljVCUnlbr67HN8PMqsVQ84cWvK-I4RigUxvZVbe5H1ZQ=s160-c-k-c0x00ffffff-no-rj","https://yt3.googleusercontent.com/afPoy1zE-yBTfvjqw2FngNP3ym2dGeP7AReU7khT2SIbzMj9PNCNEKoxsNJc4NDzO9dchVGLHQ=w2560-fcrop64=1,00005a57ffffa5a8-k-c0xffffffff-no-nd-rj","Chanel yang akan membahas secara dalam tentang Rumah, Kebun, dan Taman","Shopee","https://shopee.co.id/infarmofficialshop","Instagram","https://www.instagram.com/infarm.id/","Tiktok","https://www.tiktok.com/@infarmid","Lazada ","https://s.lazada.co.id/l.1hRr","UChl0FvQJ5_1CmPCSzikU_Uw","Jun 23, 2019","Indonesia","infarm id","823","157684706","https://www.youtube.com/channel/UChl0FvQJ5_1CmPCSzikU_Uw",,"111","2024-09-29T00:00:00.000Z",,,"https://www.youtube.com/@infarmid/shorts","LNphvnAsQYY",,"https://www.youtube.com/@infarmid","false","false",,"1000",,"363000","3",,,"https://i.ytimg.com/vi/LNphvnAsQYY/oardefault.jpg?sqp=-oaymwEqCJUDENAFSFqQAgHyq4qpAxkIARUAAIhC2AEB4gEMCB4QAhgGIAE4AUAB&rs=AOn4CLCtrR6BwmtlPNWcjyiYkelxzGVYIg","Di daerah kalian ini namanya bawang apa ?","shorts","https://www.youtube.com/shorts/LNphvnAsQYY","36679"
"https://yt3.googleusercontent.com/ytc/AIdro_ljVCUnlbr67HN8PMqsVQ84cWvK-I4RigUxvZVbe5H1ZQ=s160-c-k-c0x00ffffff-no-rj","https://yt3.googleusercontent.com/afPoy1zE-yBTfvjqw2FngNP3ym2dGeP7AReU7khT2SIbzMj9PNCNEKoxsNJc4NDzO9dchVGLHQ=w2560-fcrop64=1,00005a57ffffa5a8-k-c0xffffffff-no-nd-rj","Chanel yang akan membahas secara dalam tentang Rumah, Kebun, dan Taman","Shopee","https://shopee.co.id/infarmofficialshop","Instagram","https://www.instagram.com/infarm.id/","Tiktok","https://www.tiktok.com/@infarmid","Lazada ","https://s.lazada.co.id/l.1hRr","UChl0FvQJ5_1CmPCSzikU_Uw","Jun 23, 2019","Indonesia","infarm id","823","157684706","https://www.youtube.com/channel/UChl0FvQJ5_1CmPCSzikU_Uw",,"12","2024-09-10T00:00:00.000Z",,,"https://www.youtube.com/@infarmid/shorts","tG4W7-uDtx4",,"https://www.youtube.com/@infarmid","false","false",,"454",,"363000","23",,,"https://i.ytimg.com/vi/tG4W7-uDtx4/oardefault.jpg?sqp=-oaymwEqCJUDENAFSFqQAgHyq4qpAxkIARUAAIhC2AEB4gEMCB4QAhgGIAE4AUAB&rs=AOn4CLDHgHMq6FQaHI50LyJAwy8g1lTxdQ","Ramuan ajaib pelebat cabai","shorts","https://www.youtube.com/shorts/tG4W7-uDtx4","17352"
"https://yt3.googleusercontent.com/ytc/AIdro_ljVCUnlbr67HN8PMqsVQ84cWvK-I4RigUxvZVbe5H1ZQ=s160-c-k-c0x00ffffff-no-rj","https://yt3.googleusercontent.com/afPoy1zE-yBTfvjqw2FngNP3ym2dGeP7AReU7khT2SIbzMj9PNCNEKoxsNJc4NDzO9dchVGLHQ=w2560-fcrop64=1,00005a57ffffa5a8-k-c0xffffffff-no-nd-rj","Chanel yang akan membahas secara dalam tentang Rumah, Kebun, dan Taman","Shopee","https://shopee.co.id/infarmofficialshop","Instagram","https://www.instagram.com/infarm.id/","Tiktok","https://www.tiktok.com/@infarmid","Lazada ","https://s.lazada.co.id/l.1hRr","UChl0FvQJ5_1CmPCSzikU_Uw","Jun 23, 2019","Indonesia","infarm id","823","157684706","https://www.youtube.com/channel/UChl0FvQJ5_1CmPCSzikU_Uw",,"29","2024-09-14T08:07:41.000Z",,,"https://www.youtube.com/@infarmid/shorts","mUN7j2uoeXo",,"https://www.youtube.com/@infarmid","false","false",,"866",,"363000","20",,,"https://i.ytimg.com/vi/mUN7j2uoeXo/oardefault.jpg?sqp=-oaymwEqCJUDENAFSFqQAgHyq4qpAxkIARUAAIhC2AEB4gEMCB4QAhgGIAE4AUAB&rs=AOn4CLBNa5F1uhFnaCismBNiqnvTOTPkyA","Ramuan manjur pengusir tikus dirumah","shorts","https://www.youtube.com/shorts/mUN7j2uoeXo","17912"
"https://yt3.googleusercontent.com/ytc/AIdro_ljVCUnlbr67HN8PMqsVQ84cWvK-I4RigUxvZVbe5H1ZQ=s160-c-k-c0x00ffffff-no-rj","https://yt3.googleusercontent.com/afPoy1zE-yBTfvjqw2FngNP3ym2dGeP7AReU7khT2SIbzMj9PNCNEKoxsNJc4NDzO9dchVGLHQ=w2560-fcrop64=1,00005a57ffffa5a8-k-c0xffffffff-no-nd-rj","Chanel yang akan membahas secara dalam tentang Rumah, Kebun, dan Taman","Shopee","https://shopee.co.id/infarmofficialshop","Instagram","https://www.instagram.com/infarm.id/","Tiktok","https://www.tiktok.com/@infarmid","Lazada ","https://s.lazada.co.id/l.1hRr","UChl0FvQJ5_1CmPCSzikU_Uw","Jun 23, 2019","Indonesia","infarm id","823","157684706","https://www.youtube.com/channel/UChl0FvQJ5_1CmPCSzikU_Uw",,"32","2024-09-11T06:03:09.000Z",,,"https://www.youtube.com/@infarmid/shorts","VK7nPhqj5TY",,"https://www.youtube.com/@infarmid","false","false",,"961",,"363000","22",,,"https://i.ytimg.com/vi/VK7nPhqj5TY/oardefault.jpg?sqp=-oaymwEqCJUDENAFSFqQAgHyq4qpAxkIARUAAIhC2AEB4gEMCB4QAhgGIAE4AUAB&rs=AOn4CLAIQobqsgpmkKCSctKOY2WRx6siFw","Semakin dipanen semakin berbuah lebat","shorts","https://www.youtube.com/shorts/VK7nPhqj5TY","23806"
"https://yt3.googleusercontent.com/ytc/AIdro_ljVCUnlbr67HN8PMqsVQ84cWvK-I4RigUxvZVbe5H1ZQ=s160-c-k-c0x00ffffff-no-rj","https://yt3.googleusercontent.com/afPoy1zE-yBTfvjqw2FngNP3ym2dGeP7AReU7khT2SIbzMj9PNCNEKoxsNJc4NDzO9dchVGLHQ=w2560-fcrop64=1,00005a57ffffa5a8-k-c0xffffffff-no-nd-rj","Chanel yang akan membahas secara dalam tentang Rumah, Kebun, dan Taman","Shopee","https://shopee.co.id/infarmofficialshop","Instagram","https://www.instagram.com/infarm.id/","Tiktok","https://www.tiktok.com/@infarmid","Lazada ","https://s.lazada.co.id/l.1hRr","UChl0FvQJ5_1CmPCSzikU_Uw","Jun 23, 2019","Indonesia","infarm id","823","157684706","https://www.youtube.com/channel/UChl0FvQJ5_1CmPCSzikU_Uw",,"54","2024-09-24T02:24:55.000Z",,,"https://www.youtube.com/@infarmid/shorts","Ziw5hU34_gs",,"https://www.youtube.com/@infarmid","false","false",,"3900",,"363000","7",,,"https://i.ytimg.com/vi/Ziw5hU34_gs/oardefault.jpg?sqp=-oaymwEqCJUDENAFSFqQAgHyq4qpAxkIARUAAIhC2AEB4gEMCB4QAhgGIAE4AUAB&rs=AOn4CLC7dpl8TKzw_tGZapM2Bnn7hLo4RA","Cara ngompos dirumah pakai galon bekas","shorts","https://www.youtube.com/shorts/Ziw5hU34_gs","176476"
"https://yt3.googleusercontent.com/ytc/AIdro_ljVCUnlbr67HN8PMqsVQ84cWvK-I4RigUxvZVbe5H1ZQ=s160-c-k-c0x00ffffff-no-rj","https://yt3.googleusercontent.com/afPoy1zE-yBTfvjqw2FngNP3ym2dGeP7AReU7khT2SIbzMj9PNCNEKoxsNJc4NDzO9dchVGLHQ=w2560-fcrop64=1,00005a57ffffa5a8-k-c0xffffffff-no-nd-rj","Chanel yang akan membahas secara dalam tentang Rumah, Kebun, dan Taman","Shopee","https://shopee.co.id/infarmofficialshop","Instagram","https://www.instagram.com/infarm.id/","Tiktok","https://www.tiktok.com/@infarmid","Lazada ","https://s.lazada.co.id/l.1hRr","UChl0FvQJ5_1CmPCSzikU_Uw","Jun 23, 2019","Indonesia","infarm id","823","157684706","https://www.youtube.com/channel/UChl0FvQJ5_1CmPCSzikU_Uw",,"106","2024-09-11T00:00:00.000Z",,,"https://www.youtube.com/@infarmid/shorts","tZDUsE790dk",,"https://www.youtube.com/@infarmid","false","false",,"2100",,"363000","21",,,"https://i.ytimg.com/vi/tZDUsE790dk/oardefault.jpg?sqp=-oaymwEqCJUDENAFSFqQAgHyq4qpAxkIARUAAIhC2AEB4gEMCB4QAhgGIAE4AUAB&rs=AOn4CLAFvJlRzr7Ol-jCPE0dSP10VVXjbQ","Cara nanam sereh dari rumah ‼️","shorts","https://www.youtube.com/shorts/tZDUsE790dk","85312"
"https://yt3.googleusercontent.com/ytc/AIdro_ljVCUnlbr67HN8PMqsVQ84cWvK-I4RigUxvZVbe5H1ZQ=s160-c-k-c0x00ffffff-no-rj","https://yt3.googleusercontent.com/afPoy1zE-yBTfvjqw2FngNP3ym2dGeP7AReU7khT2SIbzMj9PNCNEKoxsNJc4NDzO9dchVGLHQ=w2560-fcrop64=1,00005a57ffffa5a8-k-c0xffffffff-no-nd-rj","Chanel yang akan membahas secara dalam tentang Rumah, Kebun, dan Taman","Shopee","https://shopee.co.id/infarmofficialshop","Instagram","https://www.instagram.com/infarm.id/","Tiktok","https://www.tiktok.com/@infarmid","Lazada ","https://s.lazada.co.id/l.1hRr","UChl0FvQJ5_1CmPCSzikU_Uw","Jun 23, 2019","Indonesia","infarm id","823","157684706","https://www.youtube.com/channel/UChl0FvQJ5_1CmPCSzikU_Uw",,"36","2024-09-16T07:21:36.000Z",,,"https://www.youtube.com/@infarmid/shorts","VQ_iHopJF2k",,"https://www.youtube.com/@infarmid","false","false",,"975",,"363000","19",,,"https://i.ytimg.com/vi/VQ_iHopJF2k/oardefault.jpg?sqp=-oaymwEqCJUDENAFSFqQAgHyq4qpAxkIARUAAIhC2AEB4gEMCB4QAhgGIAE4AUAB&rs=AOn4CLBTSm2fxQlWj3TUW6nVjhQKbNAbmA","Cara perbanyak stroberi menggunakan rockwool","shorts","https://www.youtube.com/shorts/VQ_iHopJF2k","19928"
"https://yt3.googleusercontent.com/ytc/AIdro_ljVCUnlbr67HN8PMqsVQ84cWvK-I4RigUxvZVbe5H1ZQ=s160-c-k-c0x00ffffff-no-rj","https://yt3.googleusercontent.com/afPoy1zE-yBTfvjqw2FngNP3ym2dGeP7AReU7khT2SIbzMj9PNCNEKoxsNJc4NDzO9dchVGLHQ=w2560-fcrop64=1,00005a57ffffa5a8-k-c0xffffffff-no-nd-rj","Chanel yang akan membahas secara dalam tentang Rumah, Kebun, dan Taman","Shopee","https://shopee.co.id/infarmofficialshop","Instagram","https://www.instagram.com/infarm.id/","Tiktok","https://www.tiktok.com/@infarmid","Lazada ","https://s.lazada.co.id/l.1hRr","UChl0FvQJ5_1CmPCSzikU_Uw","Jun 23, 2019","Indonesia","infarm id","823","157684706","https://www.youtube.com/channel/UChl0FvQJ5_1CmPCSzikU_Uw",,"37","2024-08-04T00:00:00.000Z",,,"https://www.youtube.com/@infarmid/shorts","Wyf0zjoreHw",,"https://www.youtube.com/@infarmid","false","false",,"468",,"363000","60",,,"https://i.ytimg.com/vi/Wyf0zjoreHw/oardefault.jpg?sqp=-oaymwEqCJUDENAFSFqQAgHyq4qpAxkIARUAAIhC2AEB4gEMCB4QAhgGIAE4AUAB&rs=AOn4CLCWMXQsek3DNyNNoDy1WnPoBQ_HbQ","Terimakasih atas semuanya","shorts","https://www.youtube.com/shorts/Wyf0zjoreHw","8081"
"https://yt3.googleusercontent.com/ytc/AIdro_ljVCUnlbr67HN8PMqsVQ84cWvK-I4RigUxvZVbe5H1ZQ=s160-c-k-c0x00ffffff-no-rj","https://yt3.googleusercontent.com/afPoy1zE-yBTfvjqw2FngNP3ym2dGeP7AReU7khT2SIbzMj9PNCNEKoxsNJc4NDzO9dchVGLHQ=w2560-fcrop64=1,00005a57ffffa5a8-k-c0xffffffff-no-nd-rj","Chanel yang akan membahas secara dalam tentang Rumah, Kebun, dan Taman","Shopee","https://shopee.co.id/infarmofficialshop","Instagram","https://www.instagram.com/infarm.id/","Tiktok","https://www.tiktok.com/@infarmid","Lazada ","https://s.lazada.co.id/l.1hRr","UChl0FvQJ5_1CmPCSzikU_Uw","Jun 23, 2019","Indonesia","infarm id","823","157684706","https://www.youtube.com/channel/UChl0FvQJ5_1CmPCSzikU_Uw",,"30","2024-08-06T00:00:00.000Z",,,"https://www.youtube.com/@infarmid/shorts","75FALfViwNg",,"https://www.youtube.com/@infarmid","false","false",,"190",,"363000","58",,,"https://i.ytimg.com/vi/75FALfViwNg/oardefault.jpg?sqp=-oaymwEqCJUDENAFSFqQAgHyq4qpAxkIARUAAIhC2AEB4gEMCB4QAhgGIAE4AUAB&rs=AOn4CLCJ23pLEqyBQSeBB1_enyZa6vSmxw","Bismillah, ini kabar baik buat kalian semua ❤️","shorts","https://www.youtube.com/shorts/75FALfViwNg","5724"
"https://yt3.googleusercontent.com/ytc/AIdro_ljVCUnlbr67HN8PMqsVQ84cWvK-I4RigUxvZVbe5H1ZQ=s160-c-k-c0x00ffffff-no-rj","https://yt3.googleusercontent.com/afPoy1zE-yBTfvjqw2FngNP3ym2dGeP7AReU7khT2SIbzMj9PNCNEKoxsNJc4NDzO9dchVGLHQ=w2560-fcrop64=1,00005a57ffffa5a8-k-c0xffffffff-no-nd-rj","Chanel yang akan membahas secara dalam tentang Rumah, Kebun, dan Taman","Shopee","https://shopee.co.id/infarmofficialshop","Instagram","https://www.instagram.com/infarm.id/","Tiktok","https://www.tiktok.com/@infarmid","Lazada ","https://s.lazada.co.id/l.1hRr","UChl0FvQJ5_1CmPCSzikU_Uw","Jun 23, 2019","Indonesia","infarm id","823","157684706","https://www.youtube.com/channel/UChl0FvQJ5_1CmPCSzikU_Uw",,"19","2024-08-02T00:00:00.000Z",,,"https://www.youtube.com/@infarmid/shorts","ldbgH7xvAQU",,"https://www.youtube.com/@infarmid","false","false",,"771",,"363000","61",,,"https://i.ytimg.com/vi/ldbgH7xvAQU/oardefault.jpg?sqp=-oaymwEqCJUDENAFSFqQAgHyq4qpAxkIARUAAIhC2AEB4gEMCB4QAhgGIAE4AUAB&rs=AOn4CLCGlkaQuvF4mex62MuDB0et2IIIZA","Teknik Menanam Unik Dari Jepang","shorts","https://www.youtube.com/shorts/ldbgH7xvAQU","17325"
"https://yt3.googleusercontent.com/ytc/AIdro_ljVCUnlbr67HN8PMqsVQ84cWvK-I4RigUxvZVbe5H1ZQ=s160-c-k-c0x00ffffff-no-rj","https://yt3.googleusercontent.com/afPoy1zE-yBTfvjqw2FngNP3ym2dGeP7AReU7khT2SIbzMj9PNCNEKoxsNJc4NDzO9dchVGLHQ=w2560-fcrop64=1,00005a57ffffa5a8-k-c0xffffffff-no-nd-rj","Chanel yang akan membahas secara dalam tentang Rumah, Kebun, dan Taman","Shopee","https://shopee.co.id/infarmofficialshop","Instagram","https://www.instagram.com/infarm.id/","Tiktok","https://www.tiktok.com/@infarmid","Lazada ","https://s.lazada.co.id/l.1hRr","UChl0FvQJ5_1CmPCSzikU_Uw","Jun 23, 2019","Indonesia","infarm id","823","157684706","https://www.youtube.com/channel/UChl0FvQJ5_1CmPCSzikU_Uw",,"69","2024-08-05T00:00:00.000Z",,,"https://www.youtube.com/@infarmid/shorts","n25P13wkFmk",,"https://www.youtube.com/@infarmid","false","false",,"215",,"363000","59",,,"https://i.ytimg.com/vi/n25P13wkFmk/oardefault.jpg?sqp=-oaymwEqCJUDENAFSFqQAgHyq4qpAxkIARUAAIhC2AEB4gEMCB4QAhgGIAE4AUAB&rs=AOn4CLCg9QX4-IZkSd_3cWTpdTeJ4FgKfA","Semoga ini jadi pilihan terbaik 🥹","shorts","https://www.youtube.com/shorts/n25P13wkFmk","6698"
"https://yt3.googleusercontent.com/ytc/AIdro_ljVCUnlbr67HN8PMqsVQ84cWvK-I4RigUxvZVbe5H1ZQ=s160-c-k-c0x00ffffff-no-rj","https://yt3.googleusercontent.com/afPoy1zE-yBTfvjqw2FngNP3ym2dGeP7AReU7khT2SIbzMj9PNCNEKoxsNJc4NDzO9dchVGLHQ=w2560-fcrop64=1,00005a57ffffa5a8-k-c0xffffffff-no-nd-rj","Chanel yang akan membahas secara dalam tentang Rumah, Kebun, dan Taman","Shopee","https://shopee.co.id/infarmofficialshop","Instagram","https://www.instagram.com/infarm.id/","Tiktok","https://www.tiktok.com/@infarmid","Lazada ","https://s.lazada.co.id/l.1hRr","UChl0FvQJ5_1CmPCSzikU_Uw","Jun 23, 2019","Indonesia","infarm id","823","157684706","https://www.youtube.com/channel/UChl0FvQJ5_1CmPCSzikU_Uw",,"480","2024-08-10T00:00:00.000Z",,,"https://www.youtube.com/@infarmid/shorts","l_enIGRUsnQ",,"https://www.youtube.com/@infarmid","false","false",,"999",,"363000","53",,,"https://i.ytimg.com/vi/l_enIGRUsnQ/oardefault.jpg?sqp=-oaymwEqCJUDENAFSFqQAgHyq4qpAxkIARUAAIhC2AEB4gEMCB4QAhgGIAE4AUAB&rs=AOn4CLAniOLuB0Lg97Dm2nVxWwoq8fqMPA","Hidroponik Super Lengkap Buat Kamu","shorts","https://www.youtube.com/shorts/l_enIGRUsnQ","26357"
"https://yt3.googleusercontent.com/ytc/AIdro_ljVCUnlbr67HN8PMqsVQ84cWvK-I4RigUxvZVbe5H1ZQ=s160-c-k-c0x00ffffff-no-rj","https://yt3.googleusercontent.com/afPoy1zE-yBTfvjqw2FngNP3ym2dGeP7AReU7khT2SIbzMj9PNCNEKoxsNJc4NDzO9dchVGLHQ=w2560-fcrop64=1,00005a57ffffa5a8-k-c0xffffffff-no-nd-rj","Chanel yang akan membahas secara dalam tentang Rumah, Kebun, dan Taman","Shopee","https://shopee.co.id/infarmofficialshop","Instagram","https://www.instagram.com/infarm.id/","Tiktok","https://www.tiktok.com/@infarmid","Lazada ","https://s.lazada.co.id/l.1hRr","UChl0FvQJ5_1CmPCSzikU_Uw","Jun 23, 2019","Indonesia","infarm id","823","157684706","https://www.youtube.com/channel/UChl0FvQJ5_1CmPCSzikU_Uw",,"29","2024-08-08T00:00:00.000Z",,,"https://www.youtube.com/@infarmid/shorts","GTp7vcRpl4U",,"https://www.youtube.com/@infarmid","false","false",,"461",,"363000","56",,,"https://i.ytimg.com/vi/GTp7vcRpl4U/oardefault.jpg?sqp=-oaymwEqCJUDENAFSFqQAgHyq4qpAxkIARUAAIhC2AEB4gEMCB4QAhgGIAE4AUAB&rs=AOn4CLBHW5wxy9HhFmrvj9ukOe-iuLNqNA","Ready stock sebelum kehabisan","shorts","https://www.youtube.com/shorts/GTp7vcRpl4U","13560"
"https://yt3.googleusercontent.com/ytc/AIdro_ljVCUnlbr67HN8PMqsVQ84cWvK-I4RigUxvZVbe5H1ZQ=s160-c-k-c0x00ffffff-no-rj","https://yt3.googleusercontent.com/afPoy1zE-yBTfvjqw2FngNP3ym2dGeP7AReU7khT2SIbzMj9PNCNEKoxsNJc4NDzO9dchVGLHQ=w2560-fcrop64=1,00005a57ffffa5a8-k-c0xffffffff-no-nd-rj","Chanel yang akan membahas secara dalam tentang Rumah, Kebun, dan Taman","Shopee","https://shopee.co.id/infarmofficialshop","Instagram","https://www.instagram.com/infarm.id/","Tiktok","https://www.tiktok.com/@infarmid","Lazada ","https://s.lazada.co.id/l.1hRr","UChl0FvQJ5_1CmPCSzikU_Uw","Jun 23, 2019","Indonesia","infarm id","823","157684706","https://www.youtube.com/channel/UChl0FvQJ5_1CmPCSzikU_Uw",,"50","2024-08-07T07:33:14.000Z",,,"https://www.youtube.com/@infarmid/shorts","5bPhhbGrJS4",,"https://www.youtube.com/@infarmid","false","false",,"729",,"363000","57",,,"https://i.ytimg.com/vi/5bPhhbGrJS4/oardefault.jpg?sqp=-oaymwEqCJUDENAFSFqQAgHyq4qpAxkIARUAAIhC2AEB4gEMCB4QAhgGIAE4AUAB&rs=AOn4CLAAftFAFoUo9SyEAgdwcqkF0dsn_w","Sekian banyak permintaan akhirnya minfarm ready stock lagi","shorts","https://www.youtube.com/shorts/5bPhhbGrJS4","17758"
"https://yt3.googleusercontent.com/ytc/AIdro_ljVCUnlbr67HN8PMqsVQ84cWvK-I4RigUxvZVbe5H1ZQ=s160-c-k-c0x00ffffff-no-rj","https://yt3.googleusercontent.com/afPoy1zE-yBTfvjqw2FngNP3ym2dGeP7AReU7khT2SIbzMj9PNCNEKoxsNJc4NDzO9dchVGLHQ=w2560-fcrop64=1,00005a57ffffa5a8-k-c0xffffffff-no-nd-rj","Chanel yang akan membahas secara dalam tentang Rumah, Kebun, dan Taman","Shopee","https://shopee.co.id/infarmofficialshop","Instagram","https://www.instagram.com/infarm.id/","Tiktok","https://www.tiktok.com/@infarmid","Lazada ","https://s.lazada.co.id/l.1hRr","UChl0FvQJ5_1CmPCSzikU_Uw","Jun 23, 2019","Indonesia","infarm id","823","157684706","https://www.youtube.com/channel/UChl0FvQJ5_1CmPCSzikU_Uw",,"20","2024-08-09T00:00:00.000Z",,,"https://www.youtube.com/@infarmid/shorts","fWc6fynA0p0",,"https://www.youtube.com/@infarmid","false","false",,"821",,"363000","54",,,"https://i.ytimg.com/vi/fWc6fynA0p0/oardefault.jpg?sqp=-oaymwEqCJUDENAFSFqQAgHyq4qpAxkIARUAAIhC2AEB4gEMCB4QAhgGIAE4AUAB&rs=AOn4CLDWlXwCwNa_rPRlon1lv5QwUEp-KQ","Bunga abadi yang hampir punah","shorts","https://www.youtube.com/shorts/fWc6fynA0p0","19795"
"https://yt3.googleusercontent.com/ytc/AIdro_ljVCUnlbr67HN8PMqsVQ84cWvK-I4RigUxvZVbe5H1ZQ=s160-c-k-c0x00ffffff-no-rj","https://yt3.googleusercontent.com/afPoy1zE-yBTfvjqw2FngNP3ym2dGeP7AReU7khT2SIbzMj9PNCNEKoxsNJc4NDzO9dchVGLHQ=w2560-fcrop64=1,00005a57ffffa5a8-k-c0xffffffff-no-nd-rj","Chanel yang akan membahas secara dalam tentang Rumah, Kebun, dan Taman","Shopee","https://shopee.co.id/infarmofficialshop","Instagram","https://www.instagram.com/infarm.id/","Tiktok","https://www.tiktok.com/@infarmid","Lazada ","https://s.lazada.co.id/l.1hRr","UChl0FvQJ5_1CmPCSzikU_Uw","Jun 23, 2019","Indonesia","infarm id","823","157684706","https://www.youtube.com/channel/UChl0FvQJ5_1CmPCSzikU_Uw",,"12","2024-08-09T00:00:00.000Z",,,"https://www.youtube.com/@infarmid/shorts","_GKE4PAIrU0",,"https://www.youtube.com/@infarmid","false","false",,"240",,"363000","55",,,"https://i.ytimg.com/vi/_GKE4PAIrU0/oardefault.jpg?sqp=-oaymwEqCJUDENAFSFqQAgHyq4qpAxkIARUAAIhC2AEB4gEMCB4QAhgGIAE4AUAB&rs=AOn4CLAs_UV_CEZ4EceHCUPyKVtH4e78dw","Bikin jebakan tikus di rumah","shorts","https://www.youtube.com/shorts/_GKE4PAIrU0","7705"
"https://yt3.googleusercontent.com/ytc/AIdro_ljVCUnlbr67HN8PMqsVQ84cWvK-I4RigUxvZVbe5H1ZQ=s160-c-k-c0x00ffffff-no-rj","https://yt3.googleusercontent.com/afPoy1zE-yBTfvjqw2FngNP3ym2dGeP7AReU7khT2SIbzMj9PNCNEKoxsNJc4NDzO9dchVGLHQ=w2560-fcrop64=1,00005a57ffffa5a8-k-c0xffffffff-no-nd-rj","Chanel yang akan membahas secara dalam tentang Rumah, Kebun, dan Taman","Shopee","https://shopee.co.id/infarmofficialshop","Instagram","https://www.instagram.com/infarm.id/","Tiktok","https://www.tiktok.com/@infarmid","Lazada ","https://s.lazada.co.id/l.1hRr","UChl0FvQJ5_1CmPCSzikU_Uw","Jun 23, 2019","Indonesia","infarm id","823","157684706","https://www.youtube.com/channel/UChl0FvQJ5_1CmPCSzikU_Uw",,"16","2024-08-15T00:00:00.000Z",,,"https://www.youtube.com/@infarmid/shorts","zDEhKXAxydc",,"https://www.youtube.com/@infarmid","false","false",,"240",,"363000","49",,,"https://i.ytimg.com/vi/zDEhKXAxydc/oardefault.jpg?sqp=-oaymwEqCJUDENAFSFqQAgHyq4qpAxkIARUAAIhC2AEB4gEMCB4QAhgGIAE4AUAB&rs=AOn4CLBYwJ-NM2r_ovp2ZcGGIDz7Y7GtSg","Spesial Hadiah Kemerdekaan Untuk Kamu","shorts","https://www.youtube.com/shorts/zDEhKXAxydc","6657"
"https://yt3.googleusercontent.com/ytc/AIdro_ljVCUnlbr67HN8PMqsVQ84cWvK-I4RigUxvZVbe5H1ZQ=s160-c-k-c0x00ffffff-no-rj","https://yt3.googleusercontent.com/afPoy1zE-yBTfvjqw2FngNP3ym2dGeP7AReU7khT2SIbzMj9PNCNEKoxsNJc4NDzO9dchVGLHQ=w2560-fcrop64=1,00005a57ffffa5a8-k-c0xffffffff-no-nd-rj","Chanel yang akan membahas secara dalam tentang Rumah, Kebun, dan Taman","Shopee","https://shopee.co.id/infarmofficialshop","Instagram","https://www.instagram.com/infarm.id/","Tiktok","https://www.tiktok.com/@infarmid","Lazada ","https://s.lazada.co.id/l.1hRr","UChl0FvQJ5_1CmPCSzikU_Uw","Jun 23, 2019","Indonesia","infarm id","823","157684706","https://www.youtube.com/channel/UChl0FvQJ5_1CmPCSzikU_Uw",,"33","2024-08-13T15:38:18.000Z",,,"https://www.youtube.com/@infarmid/shorts","VAV46Lragqk",,"https://www.youtube.com/@infarmid","false","false",,"313",,"363000","51",,,"https://i.ytimg.com/vi/VAV46Lragqk/oardefault.jpg?sqp=-oaymwEqCJUDENAFSFqQAgHyq4qpAxkIARUAAIhC2AEB4gEMCB4QAhgGIAE4AUAB&rs=AOn4CLDB2ATPzWT5iGASq3GIwrcukbzU5w","Tinggal 1 hari lagi jangan sampai ketinggalan","shorts","https://www.youtube.com/shorts/VAV46Lragqk","9892"
"https://yt3.googleusercontent.com/ytc/AIdro_ljVCUnlbr67HN8PMqsVQ84cWvK-I4RigUxvZVbe5H1ZQ=s160-c-k-c0x00ffffff-no-rj","https://yt3.googleusercontent.com/afPoy1zE-yBTfvjqw2FngNP3ym2dGeP7AReU7khT2SIbzMj9PNCNEKoxsNJc4NDzO9dchVGLHQ=w2560-fcrop64=1,00005a57ffffa5a8-k-c0xffffffff-no-nd-rj","Chanel yang akan membahas secara dalam tentang Rumah, Kebun, dan Taman","Shopee","https://shopee.co.id/infarmofficialshop","Instagram","https://www.instagram.com/infarm.id/","Tiktok","https://www.tiktok.com/@infarmid","Lazada ","https://s.lazada.co.id/l.1hRr","UChl0FvQJ5_1CmPCSzikU_Uw","Jun 23, 2019","Indonesia","infarm id","823","157684706","https://www.youtube.com/channel/UChl0FvQJ5_1CmPCSzikU_Uw",,"56","2024-08-12T14:18:33.000Z",,,"https://www.youtube.com/@infarmid/shorts","s8O3Wqj7mkE",,"https://www.youtube.com/@infarmid","false","false",,"806",,"363000","52",,,"https://i.ytimg.com/vi/s8O3Wqj7mkE/oardefault.jpg?sqp=-oaymwEqCJUDENAFSFqQAgHyq4qpAxkIARUAAIhC2AEB4gEMCB4QAhgGIAE4AUAB&rs=AOn4CLA6HxwJEdsKIZAmhk5hPGAmFmKq2Q","Hadiah hidrponik super lengkap buat kamu","shorts","https://www.youtube.com/shorts/s8O3Wqj7mkE","28149"
"https://yt3.googleusercontent.com/ytc/AIdro_ljVCUnlbr67HN8PMqsVQ84cWvK-I4RigUxvZVbe5H1ZQ=s160-c-k-c0x00ffffff-no-rj","https://yt3.googleusercontent.com/afPoy1zE-yBTfvjqw2FngNP3ym2dGeP7AReU7khT2SIbzMj9PNCNEKoxsNJc4NDzO9dchVGLHQ=w2560-fcrop64=1,00005a57ffffa5a8-k-c0xffffffff-no-nd-rj","Chanel yang akan membahas secara dalam tentang Rumah, Kebun, dan Taman","Shopee","https://shopee.co.id/infarmofficialshop","Instagram","https://www.instagram.com/infarm.id/","Tiktok","https://www.tiktok.com/@infarmid","Lazada ","https://s.lazada.co.id/l.1hRr","UChl0FvQJ5_1CmPCSzikU_Uw","Jun 23, 2019","Indonesia","infarm id","823","157684706","https://www.youtube.com/channel/UChl0FvQJ5_1CmPCSzikU_Uw",,"16","2024-08-14T15:30:44.000Z",,,"https://www.youtube.com/@infarmid/shorts","1XjtWiak7x0",,"https://www.youtube.com/@infarmid","false","false",,"276",,"363000","50",,,"https://i.ytimg.com/vi/1XjtWiak7x0/oardefault.jpg?sqp=-oaymwEqCJUDENAFSFqQAgHyq4qpAxkIARUAAIhC2AEB4gEMCB4QAhgGIAE4AUAB&rs=AOn4CLCF5pI6pbhqlc9GAYWP7O7Gjj3HQQ","Spesial buat kamu di tanggal 14 sampai 18 agustus","shorts","https://www.youtube.com/shorts/1XjtWiak7x0","7736"
"https://yt3.googleusercontent.com/ytc/AIdro_ljVCUnlbr67HN8PMqsVQ84cWvK-I4RigUxvZVbe5H1ZQ=s160-c-k-c0x00ffffff-no-rj","https://yt3.googleusercontent.com/afPoy1zE-yBTfvjqw2FngNP3ym2dGeP7AReU7khT2SIbzMj9PNCNEKoxsNJc4NDzO9dchVGLHQ=w2560-fcrop64=1,00005a57ffffa5a8-k-c0xffffffff-no-nd-rj","Chanel yang akan membahas secara dalam tentang Rumah, Kebun, dan Taman","Shopee","https://shopee.co.id/infarmofficialshop","Instagram","https://www.instagram.com/infarm.id/","Tiktok","https://www.tiktok.com/@infarmid","Lazada ","https://s.lazada.co.id/l.1hRr","UChl0FvQJ5_1CmPCSzikU_Uw","Jun 23, 2019","Indonesia","infarm id","823","157684706","https://www.youtube.com/channel/UChl0FvQJ5_1CmPCSzikU_Uw",,"52","2024-08-15T00:00:00.000Z",,,"https://www.youtube.com/@infarmid/shorts","Q7gzOiGXM04",,"https://www.youtube.com/@infarmid","false","false",,"1600",,"363000","48",,,"https://i.ytimg.com/vi/Q7gzOiGXM04/oardefault.jpg?sqp=-oaymwEqCJUDENAFSFqQAgHyq4qpAxkIARUAAIhC2AEB4gEMCB4QAhgGIAE4AUAB&rs=AOn4CLCpu6Z2fDYNNcPukBk3IVsjmCNg9A","Kamu punya lahan sempit ? Coba pakai teknik ini dirumah","shorts","https://www.youtube.com/shorts/Q7gzOiGXM04","49265"
"https://yt3.googleusercontent.com/ytc/AIdro_ljVCUnlbr67HN8PMqsVQ84cWvK-I4RigUxvZVbe5H1ZQ=s160-c-k-c0x00ffffff-no-rj","https://yt3.googleusercontent.com/afPoy1zE-yBTfvjqw2FngNP3ym2dGeP7AReU7khT2SIbzMj9PNCNEKoxsNJc4NDzO9dchVGLHQ=w2560-fcrop64=1,00005a57ffffa5a8-k-c0xffffffff-no-nd-rj","Chanel yang akan membahas secara dalam tentang Rumah, Kebun, dan Taman","Shopee","https://shopee.co.id/infarmofficialshop","Instagram","https://www.instagram.com/infarm.id/","Tiktok","https://www.tiktok.com/@infarmid","Lazada ","https://s.lazada.co.id/l.1hRr","UChl0FvQJ5_1CmPCSzikU_Uw","Jun 23, 2019","Indonesia","infarm id","823","157684706","https://www.youtube.com/channel/UChl0FvQJ5_1CmPCSzikU_Uw",,"146","2024-09-16T00:00:00.000Z",,,"https://www.youtube.com/@infarmid/shorts","iXmJxaQvwQ8",,"https://www.youtube.com/@infarmid","false","false",,"1000",,"363000","15",,,"https://i.ytimg.com/vi/iXmJxaQvwQ8/oardefault.jpg?sqp=-oaymwEqCJUDENAFSFqQAgHyq4qpAxkIARUAAIhC2AEB4gEMCB4QAhgGIAE4AUAB&rs=AOn4CLCHmtAyOqBxfo_g3ShrGyZJxYQDMQ","Nanam sayuran lebih gampang, setuju gak?","shorts","https://www.youtube.com/shorts/iXmJxaQvwQ8","22691"
"https://yt3.googleusercontent.com/ytc/AIdro_ljVCUnlbr67HN8PMqsVQ84cWvK-I4RigUxvZVbe5H1ZQ=s160-c-k-c0x00ffffff-no-rj","https://yt3.googleusercontent.com/afPoy1zE-yBTfvjqw2FngNP3ym2dGeP7AReU7khT2SIbzMj9PNCNEKoxsNJc4NDzO9dchVGLHQ=w2560-fcrop64=1,00005a57ffffa5a8-k-c0xffffffff-no-nd-rj","Chanel yang akan membahas secara dalam tentang Rumah, Kebun, dan Taman","Shopee","https://shopee.co.id/infarmofficialshop","Instagram","https://www.instagram.com/infarm.id/","Tiktok","https://www.tiktok.com/@infarmid","Lazada ","https://s.lazada.co.id/l.1hRr","UChl0FvQJ5_1CmPCSzikU_Uw","Jun 23, 2019","Indonesia","infarm id","823","157684706","https://www.youtube.com/channel/UChl0FvQJ5_1CmPCSzikU_Uw",,,"2024-09-16T00:00:00.000Z",,,"https://www.youtube.com/@infarmid/shorts","obOmEqlE81M",,"https://www.youtube.com/@infarmid","false","false",,"335",,"363000","14",,,"https://i.ytimg.com/vi/obOmEqlE81M/oar2.jpg?sqp=-oaymwEqCJUDENAFSFqQAgHyq4qpAxkIARUAAIhC2AEB4gEMCB4QAhgGIAE4AUAB&rs=AOn4CLAM6qNYJnjrdQsBfMc0vrVcea26fQ","cara berhasil nanam cabai","shorts","https://www.youtube.com/shorts/obOmEqlE81M","5437"
"https://yt3.googleusercontent.com/ytc/AIdro_ljVCUnlbr67HN8PMqsVQ84cWvK-I4RigUxvZVbe5H1ZQ=s160-c-k-c0x00ffffff-no-rj","https://yt3.googleusercontent.com/afPoy1zE-yBTfvjqw2FngNP3ym2dGeP7AReU7khT2SIbzMj9PNCNEKoxsNJc4NDzO9dchVGLHQ=w2560-fcrop64=1,00005a57ffffa5a8-k-c0xffffffff-no-nd-rj","Chanel yang akan membahas secara dalam tentang Rumah, Kebun, dan Taman","Shopee","https://shopee.co.id/infarmofficialshop","Instagram","https://www.instagram.com/infarm.id/","Tiktok","https://www.tiktok.com/@infarmid","Lazada ","https://s.lazada.co.id/l.1hRr","UChl0FvQJ5_1CmPCSzikU_Uw","Jun 23, 2019","Indonesia","infarm id","823","157684706","https://www.youtube.com/channel/UChl0FvQJ5_1CmPCSzikU_Uw",,"23","2024-09-16T00:00:00.000Z",,,"https://www.youtube.com/@infarmid/shorts","WzojZkTAfNk",,"https://www.youtube.com/@infarmid","false","false",,"1100",,"363000","18",,,"https://i.ytimg.com/vi/WzojZkTAfNk/oardefault.jpg?sqp=-oaymwEqCJUDENAFSFqQAgHyq4qpAxkIARUAAIhC2AEB4gEMCB4QAhgGIAE4AUAB&rs=AOn4CLAtUmNccv4-gxzVaDkzJ0JJManeig","Bikin pot cantik cuma modal 5000","shorts","https://www.youtube.com/shorts/WzojZkTAfNk","39639"
"https://yt3.googleusercontent.com/ytc/AIdro_ljVCUnlbr67HN8PMqsVQ84cWvK-I4RigUxvZVbe5H1ZQ=s160-c-k-c0x00ffffff-no-rj","https://yt3.googleusercontent.com/afPoy1zE-yBTfvjqw2FngNP3ym2dGeP7AReU7khT2SIbzMj9PNCNEKoxsNJc4NDzO9dchVGLHQ=w2560-fcrop64=1,00005a57ffffa5a8-k-c0xffffffff-no-nd-rj","Chanel yang akan membahas secara dalam tentang Rumah, Kebun, dan Taman","Shopee","https://shopee.co.id/infarmofficialshop","Instagram","https://www.instagram.com/infarm.id/","Tiktok","https://www.tiktok.com/@infarmid","Lazada ","https://s.lazada.co.id/l.1hRr","UChl0FvQJ5_1CmPCSzikU_Uw","Jun 23, 2019","Indonesia","infarm id","823","157684706","https://www.youtube.com/channel/UChl0FvQJ5_1CmPCSzikU_Uw",,"24","2024-09-19T15:53:26.000Z",,,"https://www.youtube.com/@infarmid/shorts","cPTlSPaBkvw",,"https://www.youtube.com/@infarmid","false","false",,"1200",,"363000","13",,,"https://i.ytimg.com/vi/cPTlSPaBkvw/oardefault.jpg?sqp=-oaymwEqCJUDENAFSFqQAgHyq4qpAxkIARUAAIhC2AEB4gEMCB4QAhgGIAE4AUAB&rs=AOn4CLCLtz9GQhDoKGo8VZurmb0vljwVRA","Resep racikan media tanam supaya jumbo jumbo","shorts","https://www.youtube.com/shorts/cPTlSPaBkvw","40096"
"https://yt3.googleusercontent.com/ytc/AIdro_ljVCUnlbr67HN8PMqsVQ84cWvK-I4RigUxvZVbe5H1ZQ=s160-c-k-c0x00ffffff-no-rj","https://yt3.googleusercontent.com/afPoy1zE-yBTfvjqw2FngNP3ym2dGeP7AReU7khT2SIbzMj9PNCNEKoxsNJc4NDzO9dchVGLHQ=w2560-fcrop64=1,00005a57ffffa5a8-k-c0xffffffff-no-nd-rj","Chanel yang akan membahas secara dalam tentang Rumah, Kebun, dan Taman","Shopee","https://shopee.co.id/infarmofficialshop","Instagram","https://www.instagram.com/infarm.id/","Tiktok","https://www.tiktok.com/@infarmid","Lazada ","https://s.lazada.co.id/l.1hRr","UChl0FvQJ5_1CmPCSzikU_Uw","Jun 23, 2019","Indonesia","infarm id","823","157684706","https://www.youtube.com/channel/UChl0FvQJ5_1CmPCSzikU_Uw",,"35","2024-09-16T00:00:00.000Z",,,"https://www.youtube.com/@infarmid/shorts","aQe1OIfytmI",,"https://www.youtube.com/@infarmid","false","false",,"1200",,"363000","16",,,"https://i.ytimg.com/vi/aQe1OIfytmI/oardefault.jpg?sqp=-oaymwEqCJUDENAFSFqQAgHyq4qpAxkIARUAAIhC2AEB4gEMCB4QAhgGIAE4AUAB&rs=AOn4CLDOAskgt6vcBzUu1e0j2je9LoEFUw","Sayur yang wanginya harum banget, enaknya di olah jadi apa yah ?","shorts","https://www.youtube.com/shorts/aQe1OIfytmI","33429"
"https://yt3.googleusercontent.com/ytc/AIdro_ljVCUnlbr67HN8PMqsVQ84cWvK-I4RigUxvZVbe5H1ZQ=s160-c-k-c0x00ffffff-no-rj","https://yt3.googleusercontent.com/afPoy1zE-yBTfvjqw2FngNP3ym2dGeP7AReU7khT2SIbzMj9PNCNEKoxsNJc4NDzO9dchVGLHQ=w2560-fcrop64=1,00005a57ffffa5a8-k-c0xffffffff-no-nd-rj","Chanel yang akan membahas secara dalam tentang Rumah, Kebun, dan Taman","Shopee","https://shopee.co.id/infarmofficialshop","Instagram","https://www.instagram.com/infarm.id/","Tiktok","https://www.tiktok.com/@infarmid","Lazada ","https://s.lazada.co.id/l.1hRr","UChl0FvQJ5_1CmPCSzikU_Uw","Jun 23, 2019","Indonesia","infarm id","823","157684706","https://www.youtube.com/channel/UChl0FvQJ5_1CmPCSzikU_Uw",,"29","2024-09-20T13:55:22.000Z",,,"https://www.youtube.com/@infarmid/shorts","7xlAnUiAz88",,"https://www.youtube.com/@infarmid","false","false",,"1100",,"363000","12",,,"https://i.ytimg.com/vi/7xlAnUiAz88/oardefault.jpg?sqp=-oaymwEqCJUDENAFSFqQAgHyq4qpAxkIARUAAIhC2AEB4gEMCB4QAhgGIAE4AUAB&rs=AOn4CLAoX7dr0Q2XgnJhlVV5RBq3PXMFAA","Jangan pakai media tanam asal asalan kalau tanamanmu gak mau mati","shorts","https://www.youtube.com/shorts/7xlAnUiAz88","37593"
"https://yt3.googleusercontent.com/ytc/AIdro_ljVCUnlbr67HN8PMqsVQ84cWvK-I4RigUxvZVbe5H1ZQ=s160-c-k-c0x00ffffff-no-rj","https://yt3.googleusercontent.com/afPoy1zE-yBTfvjqw2FngNP3ym2dGeP7AReU7khT2SIbzMj9PNCNEKoxsNJc4NDzO9dchVGLHQ=w2560-fcrop64=1,00005a57ffffa5a8-k-c0xffffffff-no-nd-rj","Chanel yang akan membahas secara dalam tentang Rumah, Kebun, dan Taman","Shopee","https://shopee.co.id/infarmofficialshop","Instagram","https://www.instagram.com/infarm.id/","Tiktok","https://www.tiktok.com/@infarmid","Lazada ","https://s.lazada.co.id/l.1hRr","UChl0FvQJ5_1CmPCSzikU_Uw","Jun 23, 2019","Indonesia","infarm id","823","157684706","https://www.youtube.com/channel/UChl0FvQJ5_1CmPCSzikU_Uw",,"21","2024-09-21T00:00:00.000Z",,,"https://www.youtube.com/@infarmid/shorts","kL3kvpNU-Ro",,"https://www.youtube.com/@infarmid","false","false",,"540",,"363000","11",,,"https://i.ytimg.com/vi/kL3kvpNU-Ro/oardefault.jpg?sqp=-oaymwEqCJUDENAFSFqQAgHyq4qpAxkIARUAAIhC2AEB4gEMCB4QAhgGIAE4AUAB&rs=AOn4CLABJJe6Y2-YGd5U69M3htiB8hlIrw","Nanam dirumah jadi lebih mudah semenjak ada pupuk ini #berkebun #garden","shorts","https://www.youtube.com/shorts/kL3kvpNU-Ro","17230"
"https://yt3.googleusercontent.com/ytc/AIdro_ljVCUnlbr67HN8PMqsVQ84cWvK-I4RigUxvZVbe5H1ZQ=s160-c-k-c0x00ffffff-no-rj","https://yt3.googleusercontent.com/afPoy1zE-yBTfvjqw2FngNP3ym2dGeP7AReU7khT2SIbzMj9PNCNEKoxsNJc4NDzO9dchVGLHQ=w2560-fcrop64=1,00005a57ffffa5a8-k-c0xffffffff-no-nd-rj","Chanel yang akan membahas secara dalam tentang Rumah, Kebun, dan Taman","Shopee","https://shopee.co.id/infarmofficialshop","Instagram","https://www.instagram.com/infarm.id/","Tiktok","https://www.tiktok.com/@infarmid","Lazada ","https://s.lazada.co.id/l.1hRr","UChl0FvQJ5_1CmPCSzikU_Uw","Jun 23, 2019","Indonesia","infarm id","823","157684706","https://www.youtube.com/channel/UChl0FvQJ5_1CmPCSzikU_Uw",,"5","2024-09-17T02:16:04.000Z",,,"https://www.youtube.com/@infarmid/shorts","KILTzVYZic0",,"https://www.youtube.com/@infarmid","false","false",,"387",,"363000","17",,,"https://i.ytimg.com/vi/KILTzVYZic0/oardefault.jpg?sqp=-oaymwEqCJUDENAFSFqQAgHyq4qpAxkIARUAAIhC2AEB4gEMCB4QAhgGIAE4AUAB&rs=AOn4CLAozgy90DHC4uFpzcAVkKTuYxNmDw","Bikin ramuan priobiotik untuk mencerahkan kulit","shorts","https://www.youtube.com/shorts/KILTzVYZic0","10544"
"https://yt3.googleusercontent.com/ytc/AIdro_ljVCUnlbr67HN8PMqsVQ84cWvK-I4RigUxvZVbe5H1ZQ=s160-c-k-c0x00ffffff-no-rj","https://yt3.googleusercontent.com/afPoy1zE-yBTfvjqw2FngNP3ym2dGeP7AReU7khT2SIbzMj9PNCNEKoxsNJc4NDzO9dchVGLHQ=w2560-fcrop64=1,00005a57ffffa5a8-k-c0xffffffff-no-nd-rj","Chanel yang akan membahas secara dalam tentang Rumah, Kebun, dan Taman","Shopee","https://shopee.co.id/infarmofficialshop","Instagram","https://www.instagram.com/infarm.id/","Tiktok","https://www.tiktok.com/@infarmid","Lazada ","https://s.lazada.co.id/l.1hRr","UChl0FvQJ5_1CmPCSzikU_Uw","Jun 23, 2019","Indonesia","infarm id","823","157684706","https://www.youtube.com/channel/UChl0FvQJ5_1CmPCSzikU_Uw",,"36","2024-09-22T00:00:00.000Z",,,"https://www.youtube.com/@infarmid/shorts","5byObiipk7s",,"https://www.youtube.com/@infarmid","false","false",,"878",,"363000","9",,,"https://i.ytimg.com/vi/5byObiipk7s/oardefault.jpg?sqp=-oaymwEqCJUDENAFSFqQAgHyq4qpAxkIARUAAIhC2AEB4gEMCB4QAhgGIAE4AUAB&rs=AOn4CLB73moZUTlITdYBXUpCElc64GOMRw","Teknik unik untuk tanaman yang gak berbuah jadi berbuah lagi","shorts","https://www.youtube.com/shorts/5byObiipk7s","26273"
"https://yt3.googleusercontent.com/ytc/AIdro_ljVCUnlbr67HN8PMqsVQ84cWvK-I4RigUxvZVbe5H1ZQ=s160-c-k-c0x00ffffff-no-rj","https://yt3.googleusercontent.com/afPoy1zE-yBTfvjqw2FngNP3ym2dGeP7AReU7khT2SIbzMj9PNCNEKoxsNJc4NDzO9dchVGLHQ=w2560-fcrop64=1,00005a57ffffa5a8-k-c0xffffffff-no-nd-rj","Chanel yang akan membahas secara dalam tentang Rumah, Kebun, dan Taman","Shopee","https://shopee.co.id/infarmofficialshop","Instagram","https://www.instagram.com/infarm.id/","Tiktok","https://www.tiktok.com/@infarmid","Lazada ","https://s.lazada.co.id/l.1hRr","UChl0FvQJ5_1CmPCSzikU_Uw","Jun 23, 2019","Indonesia","infarm id","823","157684706","https://www.youtube.com/channel/UChl0FvQJ5_1CmPCSzikU_Uw",,"589","2024-09-24T00:00:00.000Z",,,"https://www.youtube.com/@infarmid/shorts","5BYCd6sOcrM",,"https://www.youtube.com/@infarmid","false","false",,"15000",,"363000","6",,,"https://i.ytimg.com/vi/5BYCd6sOcrM/oardefault.jpg?sqp=-oaymwEqCJUDENAFSFqQAgHyq4qpAxkIARUAAIhC2AEB4gEMCB4QAhgGIAE4AUAB&rs=AOn4CLDJOvj6pE7b8KKh9a4JfFRW5IUwww","Cara olah tanaman pengganti nasi","shorts","https://www.youtube.com/shorts/5BYCd6sOcrM","563895"
"https://yt3.googleusercontent.com/ytc/AIdro_ljVCUnlbr67HN8PMqsVQ84cWvK-I4RigUxvZVbe5H1ZQ=s160-c-k-c0x00ffffff-no-rj","https://yt3.googleusercontent.com/afPoy1zE-yBTfvjqw2FngNP3ym2dGeP7AReU7khT2SIbzMj9PNCNEKoxsNJc4NDzO9dchVGLHQ=w2560-fcrop64=1,00005a57ffffa5a8-k-c0xffffffff-no-nd-rj","Chanel yang akan membahas secara dalam tentang Rumah, Kebun, dan Taman","Shopee","https://shopee.co.id/infarmofficialshop","Instagram","https://www.instagram.com/infarm.id/","Tiktok","https://www.tiktok.com/@infarmid","Lazada ","https://s.lazada.co.id/l.1hRr","UChl0FvQJ5_1CmPCSzikU_Uw","Jun 23, 2019","Indonesia","infarm id","823","157684706","https://www.youtube.com/channel/UChl0FvQJ5_1CmPCSzikU_Uw",,"19","2024-09-23T00:00:00.000Z",,,"https://www.youtube.com/@infarmid/shorts","VZ8TisBx4A4",,"https://www.youtube.com/@infarmid","false","false",,"818",,"363000","8",,,"https://i.ytimg.com/vi/VZ8TisBx4A4/oardefault.jpg?sqp=-oaymwEqCJUDENAFSFqQAgHyq4qpAxkIARUAAIhC2AEB4gEMCB4QAhgGIAE4AUAB&rs=AOn4CLCPBT0-fyBLxYvioGRuFXmBf_2R_A","Nanam kangkung gak pakai tanah","shorts","https://www.youtube.com/shorts/VZ8TisBx4A4","19846"
"https://yt3.googleusercontent.com/ytc/AIdro_ljVCUnlbr67HN8PMqsVQ84cWvK-I4RigUxvZVbe5H1ZQ=s160-c-k-c0x00ffffff-no-rj","https://yt3.googleusercontent.com/afPoy1zE-yBTfvjqw2FngNP3ym2dGeP7AReU7khT2SIbzMj9PNCNEKoxsNJc4NDzO9dchVGLHQ=w2560-fcrop64=1,00005a57ffffa5a8-k-c0xffffffff-no-nd-rj","Chanel yang akan membahas secara dalam tentang Rumah, Kebun, dan Taman","Shopee","https://shopee.co.id/infarmofficialshop","Instagram","https://www.instagram.com/infarm.id/","Tiktok","https://www.tiktok.com/@infarmid","Lazada ","https://s.lazada.co.id/l.1hRr","UChl0FvQJ5_1CmPCSzikU_Uw","Jun 23, 2019","Indonesia","infarm id","823","157684706","https://www.youtube.com/channel/UChl0FvQJ5_1CmPCSzikU_Uw",,"45","2024-09-30T00:00:00.000Z",,,"https://www.youtube.com/@infarmid/shorts","bvYj8Ra1xwM",,"https://www.youtube.com/@infarmid","false","false",,"1000",,"363000","2",,,"https://i.ytimg.com/vi/bvYj8Ra1xwM/oardefault.jpg?sqp=-oaymwEqCJUDENAFSFqQAgHyq4qpAxkIARUAAIhC2AEB4gEMCB4QAhgGIAE4AUAB&rs=AOn4CLAsLcSv4B9vBB-DRLigJATqls58NA","Tips buat hilangin rasa pahit pada sayuran","shorts","https://www.youtube.com/shorts/bvYj8Ra1xwM","21503"
"https://yt3.googleusercontent.com/ytc/AIdro_ljVCUnlbr67HN8PMqsVQ84cWvK-I4RigUxvZVbe5H1ZQ=s160-c-k-c0x00ffffff-no-rj","https://yt3.googleusercontent.com/afPoy1zE-yBTfvjqw2FngNP3ym2dGeP7AReU7khT2SIbzMj9PNCNEKoxsNJc4NDzO9dchVGLHQ=w2560-fcrop64=1,00005a57ffffa5a8-k-c0xffffffff-no-nd-rj","Chanel yang akan membahas secara dalam tentang Rumah, Kebun, dan Taman","Shopee","https://shopee.co.id/infarmofficialshop","Instagram","https://www.instagram.com/infarm.id/","Tiktok","https://www.tiktok.com/@infarmid","Lazada ","https://s.lazada.co.id/l.1hRr","UChl0FvQJ5_1CmPCSzikU_Uw","Jun 23, 2019","Indonesia","infarm id","823","157684706","https://www.youtube.com/channel/UChl0FvQJ5_1CmPCSzikU_Uw",,"33","2024-10-01T15:39:28.000Z",,,"https://www.youtube.com/@infarmid/shorts","uQC62yvULKg",,"https://www.youtube.com/@infarmid","false","false",,"316",,"363000","0",,,"https://i.ytimg.com/vi/uQC62yvULKg/oardefault.jpg?sqp=-oaymwEqCJUDENAFSFqQAgHyq4qpAxkIARUAAIhC2AEB4gEMCB4QAhgGIAE4AUAB&rs=AOn4CLAeTJ3I4X14SmzBdWJjGzqkHLncmw","Tanaman yang katanya bisa usir jin","shorts","https://www.youtube.com/shorts/uQC62yvULKg","8786"
"https://yt3.googleusercontent.com/ytc/AIdro_ljVCUnlbr67HN8PMqsVQ84cWvK-I4RigUxvZVbe5H1ZQ=s160-c-k-c0x00ffffff-no-rj","https://yt3.googleusercontent.com/afPoy1zE-yBTfvjqw2FngNP3ym2dGeP7AReU7khT2SIbzMj9PNCNEKoxsNJc4NDzO9dchVGLHQ=w2560-fcrop64=1,00005a57ffffa5a8-k-c0xffffffff-no-nd-rj","Chanel yang akan membahas secara dalam tentang Rumah, Kebun, dan Taman","Shopee","https://shopee.co.id/infarmofficialshop","Instagram","https://www.instagram.com/infarm.id/","Tiktok","https://www.tiktok.com/@infarmid","Lazada ","https://s.lazada.co.id/l.1hRr","UChl0FvQJ5_1CmPCSzikU_Uw","Jun 23, 2019","Indonesia","infarm id","823","157684706","https://www.youtube.com/channel/UChl0FvQJ5_1CmPCSzikU_Uw",,"20","2024-08-17T15:12:15.000Z",,,"https://www.youtube.com/@infarmid/shorts","ZbaVCqLexLk",,"https://www.youtube.com/@infarmid","false","false",,"1200",,"363000","45",,,"https://i.ytimg.com/vi/ZbaVCqLexLk/oardefault.jpg?sqp=-oaymwEqCJUDENAFSFqQAgHyq4qpAxkIARUAAIhC2AEB4gEMCB4QAhgGIAE4AUAB&rs=AOn4CLCd9ghjcEPlq1KOo64pZ12w8d1ISQ","Cara stock benih bunga rosela seumur hidup","shorts","https://www.youtube.com/shorts/ZbaVCqLexLk","29183"
"https://yt3.googleusercontent.com/ytc/AIdro_ljVCUnlbr67HN8PMqsVQ84cWvK-I4RigUxvZVbe5H1ZQ=s160-c-k-c0x00ffffff-no-rj","https://yt3.googleusercontent.com/afPoy1zE-yBTfvjqw2FngNP3ym2dGeP7AReU7khT2SIbzMj9PNCNEKoxsNJc4NDzO9dchVGLHQ=w2560-fcrop64=1,00005a57ffffa5a8-k-c0xffffffff-no-nd-rj","Chanel yang akan membahas secara dalam tentang Rumah, Kebun, dan Taman","Shopee","https://shopee.co.id/infarmofficialshop","Instagram","https://www.instagram.com/infarm.id/","Tiktok","https://www.tiktok.com/@infarmid","Lazada ","https://s.lazada.co.id/l.1hRr","UChl0FvQJ5_1CmPCSzikU_Uw","Jun 23, 2019","Indonesia","infarm id","823","157684706","https://www.youtube.com/channel/UChl0FvQJ5_1CmPCSzikU_Uw",,"12","2024-09-30T00:00:00.000Z",,,"https://www.youtube.com/@infarmid/shorts","u-M7gkSPgQE",,"https://www.youtube.com/@infarmid","false","false",,"182",,"363000","1",,,"https://i.ytimg.com/vi/u-M7gkSPgQE/oar2.jpg?sqp=-oaymwEqCJUDENAFSFqQAgHyq4qpAxkIARUAAIhC2AEB4gEMCB4QAhgGIAE4AUAB&rs=AOn4CLD9nNDCAelzWW0O4QEiB6Zz3bQGGA","Gak perlu ribet‼️Tinggal Nunggu 1-2 minggu tanah jadi auto  gembur","shorts","https://www.youtube.com/shorts/u-M7gkSPgQE","6821"
"https://yt3.googleusercontent.com/ytc/AIdro_ljVCUnlbr67HN8PMqsVQ84cWvK-I4RigUxvZVbe5H1ZQ=s160-c-k-c0x00ffffff-no-rj","https://yt3.googleusercontent.com/afPoy1zE-yBTfvjqw2FngNP3ym2dGeP7AReU7khT2SIbzMj9PNCNEKoxsNJc4NDzO9dchVGLHQ=w2560-fcrop64=1,00005a57ffffa5a8-k-c0xffffffff-no-nd-rj","Chanel yang akan membahas secara dalam tentang Rumah, Kebun, dan Taman","Shopee","https://shopee.co.id/infarmofficialshop","Instagram","https://www.instagram.com/infarm.id/","Tiktok","https://www.tiktok.com/@infarmid","Lazada ","https://s.lazada.co.id/l.1hRr","UChl0FvQJ5_1CmPCSzikU_Uw","Jun 23, 2019","Indonesia","infarm id","823","157684706","https://www.youtube.com/channel/UChl0FvQJ5_1CmPCSzikU_Uw",,"35","2024-08-15T00:00:00.000Z",,,"https://www.youtube.com/@infarmid/shorts","orghI01e-DM",,"https://www.youtube.com/@infarmid","false","false",,"2800",,"363000","47",,,"https://i.ytimg.com/vi/orghI01e-DM/oardefault.jpg?sqp=-oaymwEqCJUDENAFSFqQAgHyq4qpAxkIARUAAIhC2AEB4gEMCB4QAhgGIAE4AUAB&rs=AOn4CLDhk4JBizPxcrLOIbWvOMhJFsCigQ","Jangan sampai salah pilih pupuk ‼️","shorts","https://www.youtube.com/shorts/orghI01e-DM","98256"
"https://yt3.googleusercontent.com/ytc/AIdro_ljVCUnlbr67HN8PMqsVQ84cWvK-I4RigUxvZVbe5H1ZQ=s160-c-k-c0x00ffffff-no-rj","https://yt3.googleusercontent.com/afPoy1zE-yBTfvjqw2FngNP3ym2dGeP7AReU7khT2SIbzMj9PNCNEKoxsNJc4NDzO9dchVGLHQ=w2560-fcrop64=1,00005a57ffffa5a8-k-c0xffffffff-no-nd-rj","Chanel yang akan membahas secara dalam tentang Rumah, Kebun, dan Taman","Shopee","https://shopee.co.id/infarmofficialshop","Instagram","https://www.instagram.com/infarm.id/","Tiktok","https://www.tiktok.com/@infarmid","Lazada ","https://s.lazada.co.id/l.1hRr","UChl0FvQJ5_1CmPCSzikU_Uw","Jun 23, 2019","Indonesia","infarm id","823","157684706","https://www.youtube.com/channel/UChl0FvQJ5_1CmPCSzikU_Uw",,"53","2024-09-27T07:10:30.000Z",,,"https://www.youtube.com/@infarmid/shorts","ZWkZ-jPEwBM",,"https://www.youtube.com/@infarmid","false","false",,"2100",,"363000","4",,,"https://i.ytimg.com/vi/ZWkZ-jPEwBM/oardefault.jpg?sqp=-oaymwEqCJUDENAFSFqQAgHyq4qpAxkIARUAAIhC2AEB4gEMCB4QAhgGIAE4AUAB&rs=AOn4CLBr4SFCl4PguS-PkAo1mOGvDT4xmA","Jangan asal pakai media tanam kalau mau tanamanmu gak mati sia sia","shorts","https://www.youtube.com/shorts/ZWkZ-jPEwBM","73413"
"https://yt3.googleusercontent.com/ytc/AIdro_ljVCUnlbr67HN8PMqsVQ84cWvK-I4RigUxvZVbe5H1ZQ=s160-c-k-c0x00ffffff-no-rj","https://yt3.googleusercontent.com/afPoy1zE-yBTfvjqw2FngNP3ym2dGeP7AReU7khT2SIbzMj9PNCNEKoxsNJc4NDzO9dchVGLHQ=w2560-fcrop64=1,00005a57ffffa5a8-k-c0xffffffff-no-nd-rj","Chanel yang akan membahas secara dalam tentang Rumah, Kebun, dan Taman","Shopee","https://shopee.co.id/infarmofficialshop","Instagram","https://www.instagram.com/infarm.id/","Tiktok","https://www.tiktok.com/@infarmid","Lazada ","https://s.lazada.co.id/l.1hRr","UChl0FvQJ5_1CmPCSzikU_Uw","Jun 23, 2019","Indonesia","infarm id","823","157684706","https://www.youtube.com/channel/UChl0FvQJ5_1CmPCSzikU_Uw",,"36","2024-08-19T00:00:00.000Z",,,"https://www.youtube.com/@infarmid/shorts","MeUofJpyR6s",,"https://www.youtube.com/@infarmid","false","false",,"861",,"363000","44",,,"https://i.ytimg.com/vi/MeUofJpyR6s/oardefault.jpg?sqp=-oaymwEqCJUDENAFSFqQAgHyq4qpAxkIARUAAIhC2AEB4gEMCB4QAhgGIAE4AUAB&rs=AOn4CLATLEu9w6ZYEZ_DBF7iZvU3vPuiwg","Tanaman unik seperti jenggot manusia","shorts","https://www.youtube.com/shorts/MeUofJpyR6s","33296"
"https://yt3.googleusercontent.com/ytc/AIdro_ljVCUnlbr67HN8PMqsVQ84cWvK-I4RigUxvZVbe5H1ZQ=s160-c-k-c0x00ffffff-no-rj","https://yt3.googleusercontent.com/afPoy1zE-yBTfvjqw2FngNP3ym2dGeP7AReU7khT2SIbzMj9PNCNEKoxsNJc4NDzO9dchVGLHQ=w2560-fcrop64=1,00005a57ffffa5a8-k-c0xffffffff-no-nd-rj","Chanel yang akan membahas secara dalam tentang Rumah, Kebun, dan Taman","Shopee","https://shopee.co.id/infarmofficialshop","Instagram","https://www.instagram.com/infarm.id/","Tiktok","https://www.tiktok.com/@infarmid","Lazada ","https://s.lazada.co.id/l.1hRr","UChl0FvQJ5_1CmPCSzikU_Uw","Jun 23, 2019","Indonesia","infarm id","823","157684706","https://www.youtube.com/channel/UChl0FvQJ5_1CmPCSzikU_Uw",,"60","2024-09-24T15:34:14.000Z",,,"https://www.youtube.com/@infarmid/shorts","PVPG22yeHuw",,"https://www.youtube.com/@infarmid","false","false",,"1500",,"363000","5",,,"https://i.ytimg.com/vi/PVPG22yeHuw/oardefault.jpg?sqp=-oaymwEqCJUDENAFSFqQAgHyq4qpAxkIARUAAIhC2AEB4gEMCB4QAhgGIAE4AUAB&rs=AOn4CLCzBnfmRXulGFOaTrB2cZvfXnj3ew","Teknik unik nanam cabai dilahan sempit","shorts","https://www.youtube.com/shorts/PVPG22yeHuw","30317"
"https://yt3.googleusercontent.com/ytc/AIdro_ljVCUnlbr67HN8PMqsVQ84cWvK-I4RigUxvZVbe5H1ZQ=s160-c-k-c0x00ffffff-no-rj","https://yt3.googleusercontent.com/afPoy1zE-yBTfvjqw2FngNP3ym2dGeP7AReU7khT2SIbzMj9PNCNEKoxsNJc4NDzO9dchVGLHQ=w2560-fcrop64=1,00005a57ffffa5a8-k-c0xffffffff-no-nd-rj","Chanel yang akan membahas secara dalam tentang Rumah, Kebun, dan Taman","Shopee","https://shopee.co.id/infarmofficialshop","Instagram","https://www.instagram.com/infarm.id/","Tiktok","https://www.tiktok.com/@infarmid","Lazada ","https://s.lazada.co.id/l.1hRr","UChl0FvQJ5_1CmPCSzikU_Uw","Jun 23, 2019","Indonesia","infarm id","823","157684706","https://www.youtube.com/channel/UChl0FvQJ5_1CmPCSzikU_Uw",,"52","2024-08-16T03:09:20.000Z",,,"https://www.youtube.com/@infarmid/shorts","8LqgTZiKyxc",,"https://www.youtube.com/@infarmid","false","false",,"4500",,"363000","46",,,"https://i.ytimg.com/vi/8LqgTZiKyxc/oardefault.jpg?sqp=-oaymwEqCJUDENAFSFqQAgHyq4qpAxkIARUAAIhC2AEB4gEMCB4QAhgGIAE4AUAB&rs=AOn4CLAFuvUeIJjGSuHXDeiLXZIvRKhGRQ","Pakai teknik ini gak perlu beli benih baru lagi","shorts","https://www.youtube.com/shorts/8LqgTZiKyxc","124816"
"https://yt3.googleusercontent.com/ytc/AIdro_ljVCUnlbr67HN8PMqsVQ84cWvK-I4RigUxvZVbe5H1ZQ=s160-c-k-c0x00ffffff-no-rj","https://yt3.googleusercontent.com/afPoy1zE-yBTfvjqw2FngNP3ym2dGeP7AReU7khT2SIbzMj9PNCNEKoxsNJc4NDzO9dchVGLHQ=w2560-fcrop64=1,00005a57ffffa5a8-k-c0xffffffff-no-nd-rj","Chanel yang akan membahas secara dalam tentang Rumah, Kebun, dan Taman","Shopee","https://shopee.co.id/infarmofficialshop","Instagram","https://www.instagram.com/infarm.id/","Tiktok","https://www.tiktok.com/@infarmid","Lazada ","https://s.lazada.co.id/l.1hRr","UChl0FvQJ5_1CmPCSzikU_Uw","Jun 23, 2019","Indonesia","infarm id","823","157684706","https://www.youtube.com/channel/UChl0FvQJ5_1CmPCSzikU_Uw",,"9","2024-08-22T00:00:00.000Z",,,"https://www.youtube.com/@infarmid/shorts","q0JYVdldzqE",,"https://www.youtube.com/@infarmid","false","false",,"415",,"363000","43",,,"https://i.ytimg.com/vi/q0JYVdldzqE/oardefault.jpg?sqp=-oaymwEqCJUDENAFSFqQAgHyq4qpAxkIARUAAIhC2AEB4gEMCB4QAhgGIAE4AUAB&rs=AOn4CLBIrSTqW9l6FYiLk6dThw4v7LFEcw","Klepon warna biru dari bunga liar","shorts","https://www.youtube.com/shorts/q0JYVdldzqE","9486"
"https://yt3.googleusercontent.com/ytc/AIdro_ljVCUnlbr67HN8PMqsVQ84cWvK-I4RigUxvZVbe5H1ZQ=s160-c-k-c0x00ffffff-no-rj","https://yt3.googleusercontent.com/afPoy1zE-yBTfvjqw2FngNP3ym2dGeP7AReU7khT2SIbzMj9PNCNEKoxsNJc4NDzO9dchVGLHQ=w2560-fcrop64=1,00005a57ffffa5a8-k-c0xffffffff-no-nd-rj","Chanel yang akan membahas secara dalam tentang Rumah, Kebun, dan Taman","Shopee","https://shopee.co.id/infarmofficialshop","Instagram","https://www.instagram.com/infarm.id/","Tiktok","https://www.tiktok.com/@infarmid","Lazada ","https://s.lazada.co.id/l.1hRr","UChl0FvQJ5_1CmPCSzikU_Uw","Jun 23, 2019","Indonesia","infarm id","823","157684706","https://www.youtube.com/channel/UChl0FvQJ5_1CmPCSzikU_Uw",,"9","2024-08-23T00:00:00.000Z",,,"https://www.youtube.com/@infarmid/shorts","kNc56jrvAaA",,"https://www.youtube.com/@infarmid","false","false",,"661",,"363000","41",,,"https://i.ytimg.com/vi/kNc56jrvAaA/oardefault.jpg?sqp=-oaymwEqCJUDENAFSFqQAgHyq4qpAxkIARUAAIhC2AEB4gEMCB4QAhgGIAE4AUAB&rs=AOn4CLD3dwCk3RpA314UZN-Dzap7cR5TIw","Teknik tukang buah agar tanamannya berbuah lebat","shorts","https://www.youtube.com/shorts/kNc56jrvAaA","16328"
"https://yt3.googleusercontent.com/ytc/AIdro_ljVCUnlbr67HN8PMqsVQ84cWvK-I4RigUxvZVbe5H1ZQ=s160-c-k-c0x00ffffff-no-rj","https://yt3.googleusercontent.com/afPoy1zE-yBTfvjqw2FngNP3ym2dGeP7AReU7khT2SIbzMj9PNCNEKoxsNJc4NDzO9dchVGLHQ=w2560-fcrop64=1,00005a57ffffa5a8-k-c0xffffffff-no-nd-rj","Chanel yang akan membahas secara dalam tentang Rumah, Kebun, dan Taman","Shopee","https://shopee.co.id/infarmofficialshop","Instagram","https://www.instagram.com/infarm.id/","Tiktok","https://www.tiktok.com/@infarmid","Lazada ","https://s.lazada.co.id/l.1hRr","UChl0FvQJ5_1CmPCSzikU_Uw","Jun 23, 2019","Indonesia","infarm id","823","157684706","https://www.youtube.com/channel/UChl0FvQJ5_1CmPCSzikU_Uw",,"326","2024-08-23T00:00:00.000Z",,,"https://www.youtube.com/@infarmid/shorts","84_Qp4t44kY",,"https://www.youtube.com/@infarmid","false","false",,"6000",,"363000","40",,,"https://i.ytimg.com/vi/84_Qp4t44kY/oardefault.jpg?sqp=-oaymwEqCJUDENAFSFqQAgHyq4qpAxkIARUAAIhC2AEB4gEMCB4QAhgGIAE4AUAB&rs=AOn4CLDDG8bs7_9MpaykfQCgsSJ_MCdtIw","Tanaman yang bisa jadi pengganti nasi","shorts","https://www.youtube.com/shorts/84_Qp4t44kY","146538"
"https://yt3.googleusercontent.com/ytc/AIdro_ljVCUnlbr67HN8PMqsVQ84cWvK-I4RigUxvZVbe5H1ZQ=s160-c-k-c0x00ffffff-no-rj","https://yt3.googleusercontent.com/afPoy1zE-yBTfvjqw2FngNP3ym2dGeP7AReU7khT2SIbzMj9PNCNEKoxsNJc4NDzO9dchVGLHQ=w2560-fcrop64=1,00005a57ffffa5a8-k-c0xffffffff-no-nd-rj","Chanel yang akan membahas secara dalam tentang Rumah, Kebun, dan Taman","Shopee","https://shopee.co.id/infarmofficialshop","Instagram","https://www.instagram.com/infarm.id/","Tiktok","https://www.tiktok.com/@infarmid","Lazada ","https://s.lazada.co.id/l.1hRr","UChl0FvQJ5_1CmPCSzikU_Uw","Jun 23, 2019","Indonesia","infarm id","823","157684706","https://www.youtube.com/channel/UChl0FvQJ5_1CmPCSzikU_Uw",,"18","2024-08-22T15:24:59.000Z",,,"https://www.youtube.com/@infarmid/shorts","zF7mskdvrQg",,"https://www.youtube.com/@infarmid","false","false",,"666",,"363000","42",,,"https://i.ytimg.com/vi/zF7mskdvrQg/oardefault.jpg?sqp=-oaymwEqCJUDENAFSFqQAgHyq4qpAxkIARUAAIhC2AEB4gEMCB4QAhgGIAE4AUAB&rs=AOn4CLCzaaQgepqTdt-w9elMUjvtT4Rvtw","Paksa buah tin cepet berbuah lebat","shorts","https://www.youtube.com/shorts/zF7mskdvrQg","15646"
"https://yt3.googleusercontent.com/ytc/AIdro_ljVCUnlbr67HN8PMqsVQ84cWvK-I4RigUxvZVbe5H1ZQ=s160-c-k-c0x00ffffff-no-rj","https://yt3.googleusercontent.com/afPoy1zE-yBTfvjqw2FngNP3ym2dGeP7AReU7khT2SIbzMj9PNCNEKoxsNJc4NDzO9dchVGLHQ=w2560-fcrop64=1,00005a57ffffa5a8-k-c0xffffffff-no-nd-rj","Chanel yang akan membahas secara dalam tentang Rumah, Kebun, dan Taman","Shopee","https://shopee.co.id/infarmofficialshop","Instagram","https://www.instagram.com/infarm.id/","Tiktok","https://www.tiktok.com/@infarmid","Lazada ","https://s.lazada.co.id/l.1hRr","UChl0FvQJ5_1CmPCSzikU_Uw","Jun 23, 2019","Indonesia","infarm id","823","157684706","https://www.youtube.com/channel/UChl0FvQJ5_1CmPCSzikU_Uw",,"49","2024-08-24T00:00:00.000Z",,,"https://www.youtube.com/@infarmid/shorts","fd90ABhaOLw",,"https://www.youtube.com/@infarmid","false","false",,"1300",,"363000","39",,,"https://i.ytimg.com/vi/fd90ABhaOLw/oardefault.jpg?sqp=-oaymwEqCJUDENAFSFqQAgHyq4qpAxkIARUAAIhC2AEB4gEMCB4QAhgGIAE4AUAB&rs=AOn4CLAPE9jo6XdUS4OwCIFTeb5aC9KI3Q","Nanam ratu sayuran yang rasanya enak","shorts","https://www.youtube.com/shorts/fd90ABhaOLw","31285"
"https://yt3.googleusercontent.com/ytc/AIdro_ljVCUnlbr67HN8PMqsVQ84cWvK-I4RigUxvZVbe5H1ZQ=s160-c-k-c0x00ffffff-no-rj","https://yt3.googleusercontent.com/afPoy1zE-yBTfvjqw2FngNP3ym2dGeP7AReU7khT2SIbzMj9PNCNEKoxsNJc4NDzO9dchVGLHQ=w2560-fcrop64=1,00005a57ffffa5a8-k-c0xffffffff-no-nd-rj","Chanel yang akan membahas secara dalam tentang Rumah, Kebun, dan Taman","Shopee","https://shopee.co.id/infarmofficialshop","Instagram","https://www.instagram.com/infarm.id/","Tiktok","https://www.tiktok.com/@infarmid","Lazada ","https://s.lazada.co.id/l.1hRr","UChl0FvQJ5_1CmPCSzikU_Uw","Jun 23, 2019","Indonesia","infarm id","823","157684706","https://www.youtube.com/channel/UChl0FvQJ5_1CmPCSzikU_Uw",,"21","2024-08-28T00:00:00.000Z",,,"https://www.youtube.com/@infarmid/shorts","GaZsD0JEyzY",,"https://www.youtube.com/@infarmid","false","false",,"711",,"363000","36",,,"https://i.ytimg.com/vi/GaZsD0JEyzY/oardefault.jpg?sqp=-oaymwEqCJUDENAFSFqQAgHyq4qpAxkIARUAAIhC2AEB4gEMCB4QAhgGIAE4AUAB&rs=AOn4CLDoMVd1SdWHYZ9DWmqDRSuHhN6NVQ","Ramuan pewangi badan secara alami","shorts","https://www.youtube.com/shorts/GaZsD0JEyzY","12723"
"https://yt3.googleusercontent.com/ytc/AIdro_ljVCUnlbr67HN8PMqsVQ84cWvK-I4RigUxvZVbe5H1ZQ=s160-c-k-c0x00ffffff-no-rj","https://yt3.googleusercontent.com/afPoy1zE-yBTfvjqw2FngNP3ym2dGeP7AReU7khT2SIbzMj9PNCNEKoxsNJc4NDzO9dchVGLHQ=w2560-fcrop64=1,00005a57ffffa5a8-k-c0xffffffff-no-nd-rj","Chanel yang akan membahas secara dalam tentang Rumah, Kebun, dan Taman","Shopee","https://shopee.co.id/infarmofficialshop","Instagram","https://www.instagram.com/infarm.id/","Tiktok","https://www.tiktok.com/@infarmid","Lazada ","https://s.lazada.co.id/l.1hRr","UChl0FvQJ5_1CmPCSzikU_Uw","Jun 23, 2019","Indonesia","infarm id","823","157684706","https://www.youtube.com/channel/UChl0FvQJ5_1CmPCSzikU_Uw",,"37","2024-08-28T08:47:47.000Z",,,"https://www.youtube.com/@infarmid/shorts","qz5ZUVju4Sg",,"https://www.youtube.com/@infarmid","false","false",,"2400",,"363000","35",,,"https://i.ytimg.com/vi/qz5ZUVju4Sg/oardefault.jpg?sqp=-oaymwEqCJUDENAFSFqQAgHyq4qpAxkIARUAAIhC2AEB4gEMCB4QAhgGIAE4AUAB&rs=AOn4CLBnXwLER-jlGNSQ7Ggis-kExEDO-Q","Bikin pot cantik ramah lingkungan dari tutup botol","shorts","https://www.youtube.com/shorts/qz5ZUVju4Sg","169334"
"https://yt3.googleusercontent.com/ytc/AIdro_ljVCUnlbr67HN8PMqsVQ84cWvK-I4RigUxvZVbe5H1ZQ=s160-c-k-c0x00ffffff-no-rj","https://yt3.googleusercontent.com/afPoy1zE-yBTfvjqw2FngNP3ym2dGeP7AReU7khT2SIbzMj9PNCNEKoxsNJc4NDzO9dchVGLHQ=w2560-fcrop64=1,00005a57ffffa5a8-k-c0xffffffff-no-nd-rj","Chanel yang akan membahas secara dalam tentang Rumah, Kebun, dan Taman","Shopee","https://shopee.co.id/infarmofficialshop","Instagram","https://www.instagram.com/infarm.id/","Tiktok","https://www.tiktok.com/@infarmid","Lazada ","https://s.lazada.co.id/l.1hRr","UChl0FvQJ5_1CmPCSzikU_Uw","Jun 23, 2019","Indonesia","infarm id","823","157684706","https://www.youtube.com/channel/UChl0FvQJ5_1CmPCSzikU_Uw",,"47","2024-08-28T00:00:00.000Z",,,"https://www.youtube.com/@infarmid/shorts","NB3sfoaQvDw",,"https://www.youtube.com/@infarmid","false","false",,"733",,"363000","34",,,"https://i.ytimg.com/vi/NB3sfoaQvDw/oar2.jpg?sqp=-oaymwEqCJUDENAFSFqQAgHyq4qpAxkIARUAAIhC2AEB4gEMCB4QAhgGIAE4AUAB&rs=AOn4CLC5AOTt8lqRFHzBNAVWRAv4yqxTRw","Penghasilan tambahan dari rumah","shorts","https://www.youtube.com/shorts/NB3sfoaQvDw","20150"
"https://yt3.googleusercontent.com/ytc/AIdro_ljVCUnlbr67HN8PMqsVQ84cWvK-I4RigUxvZVbe5H1ZQ=s160-c-k-c0x00ffffff-no-rj","https://yt3.googleusercontent.com/afPoy1zE-yBTfvjqw2FngNP3ym2dGeP7AReU7khT2SIbzMj9PNCNEKoxsNJc4NDzO9dchVGLHQ=w2560-fcrop64=1,00005a57ffffa5a8-k-c0xffffffff-no-nd-rj","Chanel yang akan membahas secara dalam tentang Rumah, Kebun, dan Taman","Shopee","https://shopee.co.id/infarmofficialshop","Instagram","https://www.instagram.com/infarm.id/","Tiktok","https://www.tiktok.com/@infarmid","Lazada ","https://s.lazada.co.id/l.1hRr","UChl0FvQJ5_1CmPCSzikU_Uw","Jun 23, 2019","Indonesia","infarm id","823","157684706","https://www.youtube.com/channel/UChl0FvQJ5_1CmPCSzikU_Uw",,"60","2024-08-26T02:11:19.000Z",,,"https://www.youtube.com/@infarmid/shorts","KZNeYMu_ZgM",,"https://www.youtube.com/@infarmid","false","false",,"1600",,"363000","38",,,"https://i.ytimg.com/vi/KZNeYMu_ZgM/oardefault.jpg?sqp=-oaymwEqCJUDENAFSFqQAgHyq4qpAxkIARUAAIhC2AEB4gEMCB4QAhgGIAE4AUAB&rs=AOn4CLBbDARZDzzy1ZAhxx4otR89c1T4WQ","Pot cantik dari karung bekas","shorts","https://www.youtube.com/shorts/KZNeYMu_ZgM","41594"
"https://yt3.googleusercontent.com/ytc/AIdro_ljVCUnlbr67HN8PMqsVQ84cWvK-I4RigUxvZVbe5H1ZQ=s160-c-k-c0x00ffffff-no-rj","https://yt3.googleusercontent.com/afPoy1zE-yBTfvjqw2FngNP3ym2dGeP7AReU7khT2SIbzMj9PNCNEKoxsNJc4NDzO9dchVGLHQ=w2560-fcrop64=1,00005a57ffffa5a8-k-c0xffffffff-no-nd-rj","Chanel yang akan membahas secara dalam tentang Rumah, Kebun, dan Taman","Shopee","https://shopee.co.id/infarmofficialshop","Instagram","https://www.instagram.com/infarm.id/","Tiktok","https://www.tiktok.com/@infarmid","Lazada ","https://s.lazada.co.id/l.1hRr","UChl0FvQJ5_1CmPCSzikU_Uw","Jun 23, 2019","Indonesia","infarm id","823","157684706","https://www.youtube.com/channel/UChl0FvQJ5_1CmPCSzikU_Uw",,"66","2024-08-26T02:12:28.000Z",,,"https://www.youtube.com/@infarmid/shorts","v2ojXHvw6jg",,"https://www.youtube.com/@infarmid","false","false",,"3100",,"363000","37",,,"https://i.ytimg.com/vi/v2ojXHvw6jg/oardefault.jpg?sqp=-oaymwEqCJUDENAFSFqQAgHyq4qpAxkIARUAAIhC2AEB4gEMCB4QAhgGIAE4AUAB&rs=AOn4CLC7iradE6Z1l5pNmWEMA8GuwjGKgw","Teknik modern tanpa menyiram tiap hari","shorts","https://www.youtube.com/shorts/v2ojXHvw6jg","99366"
"https://yt3.googleusercontent.com/ytc/AIdro_ljVCUnlbr67HN8PMqsVQ84cWvK-I4RigUxvZVbe5H1ZQ=s160-c-k-c0x00ffffff-no-rj","https://yt3.googleusercontent.com/afPoy1zE-yBTfvjqw2FngNP3ym2dGeP7AReU7khT2SIbzMj9PNCNEKoxsNJc4NDzO9dchVGLHQ=w2560-fcrop64=1,00005a57ffffa5a8-k-c0xffffffff-no-nd-rj","Chanel yang akan membahas secara dalam tentang Rumah, Kebun, dan Taman","Shopee","https://shopee.co.id/infarmofficialshop","Instagram","https://www.instagram.com/infarm.id/","Tiktok","https://www.tiktok.com/@infarmid","Lazada ","https://s.lazada.co.id/l.1hRr","UChl0FvQJ5_1CmPCSzikU_Uw","Jun 23, 2019","Indonesia","infarm id","823","157684706","https://www.youtube.com/channel/UChl0FvQJ5_1CmPCSzikU_Uw",,"55","2024-08-30T00:00:00.000Z",,,"https://www.youtube.com/@infarmid/shorts","VIU2AKIEAI0",,"https://www.youtube.com/@infarmid","false","false",,"1900",,"363000","33",,,"https://i.ytimg.com/vi/VIU2AKIEAI0/oardefault.jpg?sqp=-oaymwEqCJUDENAFSFqQAgHyq4qpAxkIARUAAIhC2AEB4gEMCB4QAhgGIAE4AUAB&rs=AOn4CLAkd4v_6kz_voRgNkAWYSyQWucS4w","Ubah tanah gersang jadi subur","shorts","https://www.youtube.com/shorts/VIU2AKIEAI0","65679"
"https://yt3.googleusercontent.com/ytc/AIdro_ljVCUnlbr67HN8PMqsVQ84cWvK-I4RigUxvZVbe5H1ZQ=s160-c-k-c0x00ffffff-no-rj","https://yt3.googleusercontent.com/afPoy1zE-yBTfvjqw2FngNP3ym2dGeP7AReU7khT2SIbzMj9PNCNEKoxsNJc4NDzO9dchVGLHQ=w2560-fcrop64=1,00005a57ffffa5a8-k-c0xffffffff-no-nd-rj","Chanel yang akan membahas secara dalam tentang Rumah, Kebun, dan Taman","Shopee","https://shopee.co.id/infarmofficialshop","Instagram","https://www.instagram.com/infarm.id/","Tiktok","https://www.tiktok.com/@infarmid","Lazada ","https://s.lazada.co.id/l.1hRr","UChl0FvQJ5_1CmPCSzikU_Uw","Jun 23, 2019","Indonesia","infarm id","823","157684706","https://www.youtube.com/channel/UChl0FvQJ5_1CmPCSzikU_Uw",,"20","2024-09-09T00:00:00.000Z",,,"https://www.youtube.com/@infarmid/shorts","Tu-4jPhrQSU",,"https://www.youtube.com/@infarmid","false","false",,"1700",,"363000","26",,,"https://i.ytimg.com/vi/Tu-4jPhrQSU/oar2.jpg?sqp=-oaymwEqCJUDENAFSFqQAgHyq4qpAxkIARUAAIhC2AEB4gEMCB4QAhgGIAE4AUAB&rs=AOn4CLBJdWoexIgBzWvPzSTTe87bLqwRUA","Sulap tanah gragal jadi subur","shorts","https://www.youtube.com/shorts/Tu-4jPhrQSU","91443"
"https://yt3.googleusercontent.com/ytc/AIdro_ljVCUnlbr67HN8PMqsVQ84cWvK-I4RigUxvZVbe5H1ZQ=s160-c-k-c0x00ffffff-no-rj","https://yt3.googleusercontent.com/afPoy1zE-yBTfvjqw2FngNP3ym2dGeP7AReU7khT2SIbzMj9PNCNEKoxsNJc4NDzO9dchVGLHQ=w2560-fcrop64=1,00005a57ffffa5a8-k-c0xffffffff-no-nd-rj","Chanel yang akan membahas secara dalam tentang Rumah, Kebun, dan Taman","Shopee","https://shopee.co.id/infarmofficialshop","Instagram","https://www.instagram.com/infarm.id/","Tiktok","https://www.tiktok.com/@infarmid","Lazada ","https://s.lazada.co.id/l.1hRr","UChl0FvQJ5_1CmPCSzikU_Uw","Jun 23, 2019","Indonesia","infarm id","823","157684706","https://www.youtube.com/channel/UChl0FvQJ5_1CmPCSzikU_Uw",,"16","2024-09-09T00:00:00.000Z",,,"https://www.youtube.com/@infarmid/shorts","zljYIDzwfuU",,"https://www.youtube.com/@infarmid","false","false",,"622",,"363000","25",,,"https://i.ytimg.com/vi/zljYIDzwfuU/oar2.jpg?sqp=-oaymwEqCJUDENAFSFqQAgHyq4qpAxkIARUAAIhC2AEB4gEMCB4QAhgGIAE4AUAB&rs=AOn4CLBifrQE-s8OPjh4WGeKjOeAd8tt1Q","Rahasia tukang berbuah agar tanamannya berbuah","shorts","https://www.youtube.com/shorts/zljYIDzwfuU","14268"
"https://yt3.googleusercontent.com/ytc/AIdro_ljVCUnlbr67HN8PMqsVQ84cWvK-I4RigUxvZVbe5H1ZQ=s160-c-k-c0x00ffffff-no-rj","https://yt3.googleusercontent.com/afPoy1zE-yBTfvjqw2FngNP3ym2dGeP7AReU7khT2SIbzMj9PNCNEKoxsNJc4NDzO9dchVGLHQ=w2560-fcrop64=1,00005a57ffffa5a8-k-c0xffffffff-no-nd-rj","Chanel yang akan membahas secara dalam tentang Rumah, Kebun, dan Taman","Shopee","https://shopee.co.id/infarmofficialshop","Instagram","https://www.instagram.com/infarm.id/","Tiktok","https://www.tiktok.com/@infarmid","Lazada ","https://s.lazada.co.id/l.1hRr","UChl0FvQJ5_1CmPCSzikU_Uw","Jun 23, 2019","Indonesia","infarm id","823","157684706","https://www.youtube.com/channel/UChl0FvQJ5_1CmPCSzikU_Uw",,"29","2024-09-04T00:00:00.000Z",,,"https://www.youtube.com/@infarmid/shorts","-uAKqt2yL3Y",,"https://www.youtube.com/@infarmid","false","false",,"900",,"363000","29",,,"https://i.ytimg.com/vi/-uAKqt2yL3Y/oardefault.jpg?sqp=-oaymwEqCJUDENAFSFqQAgHyq4qpAxkIARUAAIhC2AEB4gEMCB4QAhgGIAE4AUAB&rs=AOn4CLC0kRXtoHwm4ZGh56dKDkmQrM7riw","Bikin pesnab dari bawang putih","shorts","https://www.youtube.com/shorts/-uAKqt2yL3Y","26697"
"https://yt3.googleusercontent.com/ytc/AIdro_ljVCUnlbr67HN8PMqsVQ84cWvK-I4RigUxvZVbe5H1ZQ=s160-c-k-c0x00ffffff-no-rj","https://yt3.googleusercontent.com/afPoy1zE-yBTfvjqw2FngNP3ym2dGeP7AReU7khT2SIbzMj9PNCNEKoxsNJc4NDzO9dchVGLHQ=w2560-fcrop64=1,00005a57ffffa5a8-k-c0xffffffff-no-nd-rj","Chanel yang akan membahas secara dalam tentang Rumah, Kebun, dan Taman","Shopee","https://shopee.co.id/infarmofficialshop","Instagram","https://www.instagram.com/infarm.id/","Tiktok","https://www.tiktok.com/@infarmid","Lazada ","https://s.lazada.co.id/l.1hRr","UChl0FvQJ5_1CmPCSzikU_Uw","Jun 23, 2019","Indonesia","infarm id","823","157684706","https://www.youtube.com/channel/UChl0FvQJ5_1CmPCSzikU_Uw",,"32","2024-09-02T00:00:00.000Z",,,"https://www.youtube.com/@infarmid/shorts","nsqP_jbUrNg",,"https://www.youtube.com/@infarmid","false","false",,"2500",,"363000","31",,,"https://i.ytimg.com/vi/nsqP_jbUrNg/oardefault.jpg?sqp=-oaymwEqCJUDENAFSFqQAgHyq4qpAxkIARUAAIhC2AEB4gEMCB4QAhgGIAE4AUAB&rs=AOn4CLDijorVqjKG7U5bgLwi8O6j0mbIGw","Cara seleski benih yang cacat dan bagus","shorts","https://www.youtube.com/shorts/nsqP_jbUrNg","65924"
"https://yt3.googleusercontent.com/ytc/AIdro_ljVCUnlbr67HN8PMqsVQ84cWvK-I4RigUxvZVbe5H1ZQ=s160-c-k-c0x00ffffff-no-rj","https://yt3.googleusercontent.com/afPoy1zE-yBTfvjqw2FngNP3ym2dGeP7AReU7khT2SIbzMj9PNCNEKoxsNJc4NDzO9dchVGLHQ=w2560-fcrop64=1,00005a57ffffa5a8-k-c0xffffffff-no-nd-rj","Chanel yang akan membahas secara dalam tentang Rumah, Kebun, dan Taman","Shopee","https://shopee.co.id/infarmofficialshop","Instagram","https://www.instagram.com/infarm.id/","Tiktok","https://www.tiktok.com/@infarmid","Lazada ","https://s.lazada.co.id/l.1hRr","UChl0FvQJ5_1CmPCSzikU_Uw","Jun 23, 2019","Indonesia","infarm id","823","157684706","https://www.youtube.com/channel/UChl0FvQJ5_1CmPCSzikU_Uw",,"3","2024-09-05T00:00:00.000Z",,,"https://www.youtube.com/@infarmid/shorts","4dJ_Aobu6A0",,"https://www.youtube.com/@infarmid","false","false",,"469",,"363000","28",,,"https://i.ytimg.com/vi/4dJ_Aobu6A0/oardefault.jpg?sqp=-oaymwEqCJUDENAFSFqQAgHyq4qpAxkIARUAAIhC2AEB4gEMCB4QAhgGIAE4AUAB&rs=AOn4CLC4L7C1BIDlEjIBvUossjruS9RHKg","Cara perbenyak bunga rosela dari batang","shorts","https://www.youtube.com/shorts/4dJ_Aobu6A0","12412"
"https://yt3.googleusercontent.com/ytc/AIdro_ljVCUnlbr67HN8PMqsVQ84cWvK-I4RigUxvZVbe5H1ZQ=s160-c-k-c0x00ffffff-no-rj","https://yt3.googleusercontent.com/afPoy1zE-yBTfvjqw2FngNP3ym2dGeP7AReU7khT2SIbzMj9PNCNEKoxsNJc4NDzO9dchVGLHQ=w2560-fcrop64=1,00005a57ffffa5a8-k-c0xffffffff-no-nd-rj","Chanel yang akan membahas secara dalam tentang Rumah, Kebun, dan Taman","Shopee","https://shopee.co.id/infarmofficialshop","Instagram","https://www.instagram.com/infarm.id/","Tiktok","https://www.tiktok.com/@infarmid","Lazada ","https://s.lazada.co.id/l.1hRr","UChl0FvQJ5_1CmPCSzikU_Uw","Jun 23, 2019","Indonesia","infarm id","823","157684706","https://www.youtube.com/channel/UChl0FvQJ5_1CmPCSzikU_Uw",,"13","2024-09-05T08:44:55.000Z",,,"https://www.youtube.com/@infarmid/shorts","tSInFZiJgMw",,"https://www.youtube.com/@infarmid","false","false",,"868",,"363000","27",,,"https://i.ytimg.com/vi/tSInFZiJgMw/oardefault.jpg?sqp=-oaymwEqCJUDENAFSFqQAgHyq4qpAxkIARUAAIhC2AEB4gEMCB4QAhgGIAE4AUAB&rs=AOn4CLCwKUu4eS8xx5b76Cv5qMlDpOsZFg","Bikin Lilin aromaterapi dari bahan alami","shorts","https://www.youtube.com/shorts/tSInFZiJgMw","22797"
"https://yt3.googleusercontent.com/ytc/AIdro_ljVCUnlbr67HN8PMqsVQ84cWvK-I4RigUxvZVbe5H1ZQ=s160-c-k-c0x00ffffff-no-rj","https://yt3.googleusercontent.com/afPoy1zE-yBTfvjqw2FngNP3ym2dGeP7AReU7khT2SIbzMj9PNCNEKoxsNJc4NDzO9dchVGLHQ=w2560-fcrop64=1,00005a57ffffa5a8-k-c0xffffffff-no-nd-rj","Chanel yang akan membahas secara dalam tentang Rumah, Kebun, dan Taman","Shopee","https://shopee.co.id/infarmofficialshop","Instagram","https://www.instagram.com/infarm.id/","Tiktok","https://www.tiktok.com/@infarmid","Lazada ","https://s.lazada.co.id/l.1hRr","UChl0FvQJ5_1CmPCSzikU_Uw","Jun 23, 2019","Indonesia","infarm id","823","157684706","https://www.youtube.com/channel/UChl0FvQJ5_1CmPCSzikU_Uw",,"38","2024-09-04T06:49:18.000Z",,,"https://www.youtube.com/@infarmid/shorts","m6megRpMsQQ",,"https://www.youtube.com/@infarmid","false","false",,"669",,"363000","30",,,"https://i.ytimg.com/vi/m6megRpMsQQ/oardefault.jpg?sqp=-oaymwEqCJUDENAFSFqQAgHyq4qpAxkIARUAAIhC2AEB4gEMCB4QAhgGIAE4AUAB&rs=AOn4CLDOVRSVJK767JbccWevRXfxjxSL4Q","Tips cepet berbuah nanam dari benih","shorts","https://www.youtube.com/shorts/m6megRpMsQQ","16315"
"https://yt3.googleusercontent.com/ytc/AIdro_ljVCUnlbr67HN8PMqsVQ84cWvK-I4RigUxvZVbe5H1ZQ=s160-c-k-c0x00ffffff-no-rj","https://yt3.googleusercontent.com/afPoy1zE-yBTfvjqw2FngNP3ym2dGeP7AReU7khT2SIbzMj9PNCNEKoxsNJc4NDzO9dchVGLHQ=w2560-fcrop64=1,00005a57ffffa5a8-k-c0xffffffff-no-nd-rj","Chanel yang akan membahas secara dalam tentang Rumah, Kebun, dan Taman","Shopee","https://shopee.co.id/infarmofficialshop","Instagram","https://www.instagram.com/infarm.id/","Tiktok","https://www.tiktok.com/@infarmid","Lazada ","https://s.lazada.co.id/l.1hRr","UChl0FvQJ5_1CmPCSzikU_Uw","Jun 23, 2019","Indonesia","infarm id","823","157684706","https://www.youtube.com/channel/UChl0FvQJ5_1CmPCSzikU_Uw",,"22","2024-09-09T15:07:52.000Z",,,"https://www.youtube.com/@infarmid/shorts","6YPAuIrYpTA",,"https://www.youtube.com/@infarmid","false","false",,"903",,"363000","24",,,"https://i.ytimg.com/vi/6YPAuIrYpTA/oar2.jpg?sqp=-oaymwEqCJUDENAFSFqQAgHyq4qpAxkIARUAAIhC2AEB4gEMCB4QAhgGIAE4AUAB&rs=AOn4CLDr8qsuqiIJ7tSXBIEm-goYNFnaRQ","Service tanah jadi gembur dan subur","shorts","https://www.youtube.com/shorts/6YPAuIrYpTA","25386"
"https://yt3.googleusercontent.com/ytc/AIdro_ljVCUnlbr67HN8PMqsVQ84cWvK-I4RigUxvZVbe5H1ZQ=s160-c-k-c0x00ffffff-no-rj","https://yt3.googleusercontent.com/afPoy1zE-yBTfvjqw2FngNP3ym2dGeP7AReU7khT2SIbzMj9PNCNEKoxsNJc4NDzO9dchVGLHQ=w2560-fcrop64=1,00005a57ffffa5a8-k-c0xffffffff-no-nd-rj","Chanel yang akan membahas secara dalam tentang Rumah, Kebun, dan Taman","Shopee","https://shopee.co.id/infarmofficialshop","Instagram","https://www.instagram.com/infarm.id/","Tiktok","https://www.tiktok.com/@infarmid","Lazada ","https://s.lazada.co.id/l.1hRr","UChl0FvQJ5_1CmPCSzikU_Uw","Jun 23, 2019","Indonesia","infarm id","823","157684706","https://www.youtube.com/channel/UChl0FvQJ5_1CmPCSzikU_Uw",,"83","2024-09-01T15:23:19.000Z",,,"https://www.youtube.com/@infarmid/shorts","VsN11QmJgLQ",,"https://www.youtube.com/@infarmid","false","false",,"1100",,"363000","32",,,"https://i.ytimg.com/vi/VsN11QmJgLQ/oardefault.jpg?sqp=-oaymwEqCJUDENAFSFqQAgHyq4qpAxkIARUAAIhC2AEB4gEMCB4QAhgGIAE4AUAB&rs=AOn4CLDK8PJ82aN0bKGOAmOZWM99-wqOEg","Nanam jagung ungu di dataran rendah","shorts","https://www.youtube.com/shorts/VsN11QmJgLQ","27154"
