﻿"author","authorIsChannelOwner","cid","comment","commentsCount","hasCreatorHeart","pageUrl","publishedTimeText","replyCount","replyToCid","title","type","videoId","voteCount"
"@NasirBintangAsia_","false","UgxAFkMkqP394auJytR4AaABAg","sukses vitalia","6","false","https://www.youtube.com/watch?v=ccsZ5xgyq04","15 hours ago","1",,"Tomat Vitalia F1 produksi PT.Benih Citra Asia","comment","ccsZ5xgyq04","0"
"@mohamadcali8259","false","UgwdL0zEO6w_zcN6dN94AaABAg","Sukses untuk petugas bintang asia","6","false","https://www.youtube.com/watch?v=ccsZ5xgyq04","20 hours ago","1",,"Tomat Vitalia F1 produksi PT.Benih Citra Asia","comment","ccsZ5xgyq04","0"
"@opeqbintangasia","false","Ugxnp9ykbXwZ8xpRH7F4AaABAg","Tahan virus.
Buah lebat.
Produksi tinggi.","6","false","https://www.youtube.com/watch?v=ccsZ5xgyq04","22 hours ago","1",,"Tomat Vitalia F1 produksi PT.Benih Citra Asia","comment","ccsZ5xgyq04","0"
"@nrllhardianti1111","true","UgxAFkMkqP394auJytR4AaABAg.A8KMniMREN4A8LkmGYR91b","Aamiin🎉","6","false","https://www.youtube.com/watch?v=ccsZ5xgyq04","2 hours ago","0","UgxAFkMkqP394auJytR4AaABAg","Tomat Vitalia F1 produksi PT.Benih Citra Asia","reply","ccsZ5xgyq04","0"
"@nrllhardianti1111","true","UgwdL0zEO6w_zcN6dN94AaABAg.A8Js5PgScamA8Lkn8Eo-HA","Aamiin","6","false","https://www.youtube.com/watch?v=ccsZ5xgyq04","2 hours ago","0","UgwdL0zEO6w_zcN6dN94AaABAg","Tomat Vitalia F1 produksi PT.Benih Citra Asia","reply","ccsZ5xgyq04","0"
"@nrllhardianti1111","true","Ugxnp9ykbXwZ8xpRH7F4AaABAg.A8JeIjjubzmA8Lkny3jwxE","❤","6","false","https://www.youtube.com/watch?v=ccsZ5xgyq04","2 hours ago","0","Ugxnp9ykbXwZ8xpRH7F4AaABAg","Tomat Vitalia F1 produksi PT.Benih Citra Asia","reply","ccsZ5xgyq04","0"
