﻿"channelAvatarUrl","channelBannerUrl","channelDescription","channelDescriptionLinks/0/text","channelDescriptionLinks/0/url","channelDescriptionLinks/1/text","channelDescriptionLinks/1/url","channelDescriptionLinks/2/text","channelDescriptionLinks/2/url","channelDescriptionLinks/3/text","channelDescriptionLinks/3/url","channelId","channelJoinedDate","channelLocation","channelName","channelTotalVideos","channelTotalViews","channelUrl","comments","commentsCount","commentsTurnedOff","date","descriptionLinks/0/text","descriptionLinks/0/url","descriptionLinks/1/text","descriptionLinks/1/url","descriptionLinks/2/text","descriptionLinks/2/url","descriptionLinks/3/text","descriptionLinks/3/url","descriptionLinks/4/text","descriptionLinks/4/url","descriptionLinks/5/text","descriptionLinks/5/url","descriptionLinks/6/text","descriptionLinks/6/url","descriptionLinks/7/text","descriptionLinks/7/url","descriptionLinks/8/text","descriptionLinks/8/url","descriptionLinks/9/text","descriptionLinks/9/url","descriptionLinks/10/text","descriptionLinks/10/url","descriptionLinks/11/text","descriptionLinks/11/url","descriptionLinks/12/text","descriptionLinks/12/url","descriptionLinks/13/text","descriptionLinks/13/url","descriptionLinks/14/text","descriptionLinks/14/url","descriptionLinks/15/text","descriptionLinks/15/url","descriptionLinks/16/text","descriptionLinks/16/url","duration","fromYTUrl","id","inputChannelUrl","isAgeRestricted","isChannelVerified","isMonetized","likes","location","numberOfSubscribers","subtitles","text","thumbnailUrl","title","type","url","viewCount"
"https://yt3.googleusercontent.com/t56EZveYFbzejXlNgJL4S__j3F7Ced8Hjfr0cdl-zXZQjuyx-tPvR2p7yqLQqVPrGQlohynp_g=s160-c-k-c0x00ffffff-no-rj","https://yt3.googleusercontent.com/TTymlnY_1y3b-Fhq3uQLigjMub_fc52Sh6_qJ-DLhyKQ1YUrGRFCOv2t4o3JR3Jf6w1VUm3urA=w2560-fcrop64=1,00005a57ffffa5a8-k-c0xffffffff-no-nd-rj","Every day, there are new videos! Let's subscribe!","Website","https://tokodeeres.com/","Shopee","https://shopee.co.id/tokder","Tokopedia","https://www.tokopedia.com/tokder","Whatsapp","https://wa.me/6281291099109","UC1wIvd8HotnZe0KENzHj2kQ","Mar 8, 2018","Indonesia","Tokder","2816","28069145","https://www.youtube.com/channel/UC1wIvd8HotnZe0KENzHj2kQ",,"8","false","2024-09-25T05:00:18.000Z","0:00","https://www.youtube.com/watch?v=HOxTkwv7oZE&t=0s","0:51","https://www.youtube.com/watch?v=HOxTkwv7oZE&t=51s","1:38","https://www.youtube.com/watch?v=HOxTkwv7oZE&t=98s","2:25","https://www.youtube.com/watch?v=HOxTkwv7oZE&t=145s","3:05","https://www.youtube.com/watch?v=HOxTkwv7oZE&t=185s","3:43","https://www.youtube.com/watch?v=HOxTkwv7oZE&t=223s","4:30","https://www.youtube.com/watch?v=HOxTkwv7oZE&t=270s","5:12","https://www.youtube.com/watch?v=HOxTkwv7oZE&t=312s","https://s.shopee.co.id/700vg20Xta","https://s.shopee.co.id/700vg20Xta","https://s.shopee.co.id/9pL734pOoC","https://s.shopee.co.id/9pL734pOoC","https://s.shopee.co.id/rBKk6tmO","https://s.shopee.co.id/rBKk6tmO","https://s.shopee.co.id/3q3ttZFYlD","https://s.shopee.co.id/3q3ttZFYlD","https://s.shopee.co.id/700ver3dTI","https://s.shopee.co.id/700ver3dTI","https://s.shopee.co.id/8zm02IWOiV","https://s.shopee.co.id/8zm02IWOiV","https://tokodeeres.com/","https://tokodeeres.com/",,,,,"00:06:01","https://www.youtube.com/@tokder-tv/videos","HOxTkwv7oZE","https://www.youtube.com/@tokder-tv/videos","false","false",,"46",,"99300",,"0:00 Opening
0:51 Antracol
1:38 Trivia
2:25 Star plus 
3:05 Kuproxat
3:43 Sultricob
4:30 Nefos
5:12 Contoh rollingan

Link Produk  : 
Fungisida Nefos 45 WP : https://s.shopee.co.id/700vg20Xta  
Fungisida Sultricob 93 WP : https://s.shopee.co.id/9pL734pOoC  
Fungisida Kuproxat 345 SC : https://s.shopee.co.id/rBKk6tmO  
Fungisida Star Plus 70 WP : https://s.shopee.co.id/3q3ttZFYlD 
Fungisida Trivia 73 WP : https://s.shopee.co.id/700ver3dTI 
Fungisida Antracol 70 WP : https://s.shopee.co.id/8zm02IWOiV  

Kritik dan Saran
Wa 0812 - 9109 - 9109
https://tokodeeres.com/

Tribasik tembaga sulfat 
Bercak daun tanaman cabe 
Tembaga oksiklorida
Fungisida star plus 
Bakterisida tembaga
Fungisida trivia 73 wp 
Bahan aktif fluopikolid
Fungisida kuproxat 345 sc
Bahan aktif tembaga oksi sulfat
Rotasi 3 bahan aktif fungisida 
Bahan aktif simoksanil
Antracol bayer 
Fungisida untuk bercak daun
Karat daun tanaman cabe 
Fungisida kontak
Sultricob 93 wp
Nefos 45 wp fungisida","https://i.ytimg.com/vi/HOxTkwv7oZE/hqdefault.jpg","Rolling 3 Bahan Aktif Atasi Karat dan Bercak Daun Cabe","video","https://www.youtube.com/watch?v=HOxTkwv7oZE","3128"
"https://yt3.googleusercontent.com/t56EZveYFbzejXlNgJL4S__j3F7Ced8Hjfr0cdl-zXZQjuyx-tPvR2p7yqLQqVPrGQlohynp_g=s160-c-k-c0x00ffffff-no-rj","https://yt3.googleusercontent.com/TTymlnY_1y3b-Fhq3uQLigjMub_fc52Sh6_qJ-DLhyKQ1YUrGRFCOv2t4o3JR3Jf6w1VUm3urA=w2560-fcrop64=1,00005a57ffffa5a8-k-c0xffffffff-no-nd-rj","Every day, there are new videos! Let's subscribe!","Website","https://tokodeeres.com/","Shopee","https://shopee.co.id/tokder","Tokopedia","https://www.tokopedia.com/tokder","Whatsapp","https://wa.me/6281291099109","UC1wIvd8HotnZe0KENzHj2kQ","Mar 8, 2018","Indonesia","Tokder","2816","28069145","https://www.youtube.com/channel/UC1wIvd8HotnZe0KENzHj2kQ",,"6","false","2024-09-25T11:00:45.000Z","0:00","https://www.youtube.com/watch?v=bygbV2ZXGJA&t=0s","0:25","https://www.youtube.com/watch?v=bygbV2ZXGJA&t=25s","1:05","https://www.youtube.com/watch?v=bygbV2ZXGJA&t=65s","2:07","https://www.youtube.com/watch?v=bygbV2ZXGJA&t=127s","2:31","https://www.youtube.com/watch?v=bygbV2ZXGJA&t=151s","3:13","https://www.youtube.com/watch?v=bygbV2ZXGJA&t=193s","https://s.shopee.co.id/6phS3ntvPC","https://s.shopee.co.id/6phS3ntvPC","https://s.shopee.co.id/7pZzJziFGe","https://s.shopee.co.id/7pZzJziFGe","https://s.shopee.co.id/5KseIQhsLA","https://s.shopee.co.id/5KseIQhsLA","https://s.shopee.co.id/5AZE6gHebh","https://s.shopee.co.id/5AZE6gHebh","https://s.shopee.co.id/3L7ZxoRfoW","https://s.shopee.co.id/3L7ZxoRfoW","https://s.shopee.co.id/5AZE7PyjEj","https://s.shopee.co.id/5AZE7PyjEj","https://s.shopee.co.id/9pL3gAGNpk","https://s.shopee.co.id/9pL3gAGNpk","https://s.shopee.co.id/10jfAqeK6t","https://s.shopee.co.id/10jfAqeK6t","https://s.shopee.co.id/5pouw8c5KD","https://s.shopee.co.id/5pouw8c5KD","https://tokodeeres.com/","https://tokodeeres.com/",,,"00:04:59","https://www.youtube.com/@tokder-tv/videos","bygbV2ZXGJA","https://www.youtube.com/@tokder-tv/videos","false","false",,"66",,"99300",,"0:00 Opening
0:25 Perendaman benih dengan zpt atau fungisida
1:05 Pemupukan pertama 7 HSS
2:07 Pemupukan 14 HSS
2:31 Pemupukan 21 HSS
3:13 Pemupukan 28 HSS

Link Produk:
Atonik  : https://s.shopee.co.id/6phS3ntvPC 
NPK Pak Tani : https://s.shopee.co.id/7pZzJziFGe 
NPK Meroke : https://s.shopee.co.id/5KseIQhsLA 
Ultradap : https://s.shopee.co.id/5AZE6gHebh 
Curacron : https://s.shopee.co.id/3L7ZxoRfoW 
Demolish : https://s.shopee.co.id/5AZE7PyjEj 
Pegasus : https://s.shopee.co.id/9pL3gAGNpk 
Root most : https://s.shopee.co.id/10jfAqeK6t 
Superthrive : https://s.shopee.co.id/5pouw8c5KD 

Kritik dan Saran
Wa 0812 - 9109 - 9109
https://tokodeeres.com/

Ekstrak rumput laut 
Insektisida demolish 
Insektisida pegasus
Zpt atonik 
Pertumbuhan akar primer dan sekunder
NPK pak tani 
Hormon pertumbuhan 
Cara pemupukan bibit
Bahan aktif abamektin 
Zpt rootmost
NPK meroke 
Insektisida curacron
Vitamin superthrive
Pupuk npk seimbang 
Merangsang tumbuh akar primer dan sekunder","https://i.ytimg.com/vi/bygbV2ZXGJA/hqdefault.jpg","Pemupukan Bibit Cabe Umur 0 - 4 MSS  Dijamin 100% Sukses!","video","https://www.youtube.com/watch?v=bygbV2ZXGJA","1808"
"https://yt3.googleusercontent.com/t56EZveYFbzejXlNgJL4S__j3F7Ced8Hjfr0cdl-zXZQjuyx-tPvR2p7yqLQqVPrGQlohynp_g=s160-c-k-c0x00ffffff-no-rj","https://yt3.googleusercontent.com/TTymlnY_1y3b-Fhq3uQLigjMub_fc52Sh6_qJ-DLhyKQ1YUrGRFCOv2t4o3JR3Jf6w1VUm3urA=w2560-fcrop64=1,00005a57ffffa5a8-k-c0xffffffff-no-nd-rj","Every day, there are new videos! Let's subscribe!","Website","https://tokodeeres.com/","Shopee","https://shopee.co.id/tokder","Tokopedia","https://www.tokopedia.com/tokder","Whatsapp","https://wa.me/6281291099109","UC1wIvd8HotnZe0KENzHj2kQ","Mar 8, 2018","Indonesia","Tokder","2816","28069145","https://www.youtube.com/channel/UC1wIvd8HotnZe0KENzHj2kQ",,"11","false","2024-09-09T11:00:49.000Z","0:00","https://www.youtube.com/watch?v=k-N__NqcgWE&t=0s","0:32","https://www.youtube.com/watch?v=k-N__NqcgWE&t=32s","1:18","https://www.youtube.com/watch?v=k-N__NqcgWE&t=78s","1:54","https://www.youtube.com/watch?v=k-N__NqcgWE&t=114s","2:23","https://www.youtube.com/watch?v=k-N__NqcgWE&t=143s","3:02","https://www.youtube.com/watch?v=k-N__NqcgWE&t=182s","3:39","https://www.youtube.com/watch?v=k-N__NqcgWE&t=219s","https://tokodeeres.com/","https://tokodeeres.com/","https://s.shopee.co.id/AUb0OhDQFl","https://s.shopee.co.id/AUb0OhDQFl","https://s.shopee.co.id/6KlRQwnJ6x","https://s.shopee.co.id/6KlRQwnJ6x","https://s.shopee.co.id/10jv5JUS12","https://s.shopee.co.id/10jv5JUS12","https://s.shopee.co.id/7AKYQirtS9","https://s.shopee.co.id/7AKYQirtS9",,,,,,,,,,,"00:04:58","https://www.youtube.com/@tokder-tv/videos","k-N__NqcgWE","https://www.youtube.com/@tokder-tv/videos","false","false",,"83",,"99300",,"0:00 Opening
0:32 Kandungan Pupuk
1:18 Manfaat
1:54 Kekurangan
2:23 Harga pupuk
3:02 Cara Pengaplikasian
3:39 Campuran kedua pupuk

Kritik dan Saran
Wa 0812 - 9109 - 9109
https://tokodeeres.com/

Link produk: 
MKP Pak Tani: https://s.shopee.co.id/AUb0OhDQFl   
MKP Meroke: https://s.shopee.co.id/6KlRQwnJ6x  
KNO3 Putih Prill Pak Tani: https://s.shopee.co.id/10jv5JUS12  
KNO3 Putih Kristal DGW: https://s.shopee.co.id/7AKYQirtS9  

unsur boron 
memperbesar buah 
mencampur mkp dan kno3 
unsur kalium 
memperbesar umbi
kno3 putih 
unsur fosfat
kno3 pak tani
kno3 DGW
campuran pupuk mkp dan kno3 putih 
mkp meroke
pupuk mkp pak tani
mempercepat pematangan buah cabe
pertumbuhan akar","https://i.ytimg.com/vi/k-N__NqcgWE/maxresdefault.jpg","TERBARU! Dosis Campuran Pupuk MKP dan KNO3 Putih","video","https://www.youtube.com/watch?v=k-N__NqcgWE","5212"
"https://yt3.googleusercontent.com/t56EZveYFbzejXlNgJL4S__j3F7Ced8Hjfr0cdl-zXZQjuyx-tPvR2p7yqLQqVPrGQlohynp_g=s160-c-k-c0x00ffffff-no-rj","https://yt3.googleusercontent.com/TTymlnY_1y3b-Fhq3uQLigjMub_fc52Sh6_qJ-DLhyKQ1YUrGRFCOv2t4o3JR3Jf6w1VUm3urA=w2560-fcrop64=1,00005a57ffffa5a8-k-c0xffffffff-no-nd-rj","Every day, there are new videos! Let's subscribe!","Website","https://tokodeeres.com/","Shopee","https://shopee.co.id/tokder","Tokopedia","https://www.tokopedia.com/tokder","Whatsapp","https://wa.me/6281291099109","UC1wIvd8HotnZe0KENzHj2kQ","Mar 8, 2018","Indonesia","Tokder","2816","28069145","https://www.youtube.com/channel/UC1wIvd8HotnZe0KENzHj2kQ",,"4","false","2024-10-05T11:00:06.000Z","0:00","https://www.youtube.com/watch?v=4SUC16187WM&t=0s","1:05","https://www.youtube.com/watch?v=4SUC16187WM&t=65s","1:41","https://www.youtube.com/watch?v=4SUC16187WM&t=101s","2:10","https://www.youtube.com/watch?v=4SUC16187WM&t=130s","2:46","https://www.youtube.com/watch?v=4SUC16187WM&t=166s","3:24","https://www.youtube.com/watch?v=4SUC16187WM&t=204s","3:54","https://www.youtube.com/watch?v=4SUC16187WM&t=234s","4:22","https://www.youtube.com/watch?v=4SUC16187WM&t=262s","https://s.shopee.co.id/608mBcol3Q","https://s.shopee.co.id/608mBcol3Q","https://s.shopee.co.id/6KlcaliTdM","https://s.shopee.co.id/6KlcaliTdM","https://s.shopee.co.id/4L0YGSyg8D","https://s.shopee.co.id/4L0YGSyg8D","https://s.shopee.co.id/2LFTtTJzGV","https://s.shopee.co.id/2LFTtTJzGV","https://s.shopee.co.id/7Uxa9xjOXU","https://s.shopee.co.id/7Uxa9xjOXU","https://s.shopee.co.id/9zev8tmub0","https://s.shopee.co.id/9zev8tmub0","https://s.shopee.co.id/6phtNroaki","https://s.shopee.co.id/6phtNroaki","https://s.shopee.co.id/2qBkdJj8nv","https://s.shopee.co.id/2qBkdJj8nv","https://tokodeeres.com/","https://tokodeeres.com/","00:05:19","https://www.youtube.com/@tokder-tv/videos","4SUC16187WM","https://www.youtube.com/@tokder-tv/videos","false","false",,"25",,"99300",,"0:00 Opening
1:05 Ridomil Gold
1:41 Besromil 
2:10 Sagri-Bat
2:46 Tiflo
3:24 Agrept 
3:54 Previcur
4:22 Benlox

Link Produk:
Ridomil Gold : https://s.shopee.co.id/608mBcol3Q 
Besromil : https://s.shopee.co.id/6KlcaliTdM 
Sagri-Bat : https://s.shopee.co.id/4L0YGSyg8D 
Tiflo  : https://s.shopee.co.id/2LFTtTJzGV 
Agrept  : https://s.shopee.co.id/7Uxa9xjOXU 
Previcur : https://s.shopee.co.id/9zev8tmub0 
Benlox  : https://s.shopee.co.id/6phtNroaki 
Atonik  : https://s.shopee.co.id/2qBkdJj8nv 

Kritik dan Saran
Wa 0812 - 9109 - 9109
https://tokodeeres.com/

Fungisida sagri bat 
ZPT atonik
Rebah kecambah 
Fungisida ridomil gold
Fungisida rebah kecambah
Busuk akar semai cabe
Busuk batang semai cabe
Daun kuning semai cabe
Fungisida sistemik dan kontak
Fungisida besromil 
Fungisida tiflo
Fungisida agrept
Fungisida benlox
Masalah persemaian cabe 
Fungisida previcur
Cara mengatasi rebah kecambah
Fungisida sistemik","https://i.ytimg.com/vi/4SUC16187WM/hqdefault.jpg","7 Rekomendasi Fungisida Cegah Rebah Kecambah! Dijamin Semai Cabe Sukses 100%","video","https://www.youtube.com/watch?v=4SUC16187WM","1316"
"https://yt3.googleusercontent.com/t56EZveYFbzejXlNgJL4S__j3F7Ced8Hjfr0cdl-zXZQjuyx-tPvR2p7yqLQqVPrGQlohynp_g=s160-c-k-c0x00ffffff-no-rj","https://yt3.googleusercontent.com/TTymlnY_1y3b-Fhq3uQLigjMub_fc52Sh6_qJ-DLhyKQ1YUrGRFCOv2t4o3JR3Jf6w1VUm3urA=w2560-fcrop64=1,00005a57ffffa5a8-k-c0xffffffff-no-nd-rj","Every day, there are new videos! Let's subscribe!","Website","https://tokodeeres.com/","Shopee","https://shopee.co.id/tokder","Tokopedia","https://www.tokopedia.com/tokder","Whatsapp","https://wa.me/6281291099109","UC1wIvd8HotnZe0KENzHj2kQ","Mar 8, 2018","Indonesia","Tokder","2816","28069145","https://www.youtube.com/channel/UC1wIvd8HotnZe0KENzHj2kQ",,"4","false","2024-10-04T11:00:09.000Z","0:00","https://www.youtube.com/watch?v=AbSC35nrJiA&t=0s","1:12","https://www.youtube.com/watch?v=AbSC35nrJiA&t=72s","1:44","https://www.youtube.com/watch?v=AbSC35nrJiA&t=104s","2:26","https://www.youtube.com/watch?v=AbSC35nrJiA&t=146s","3:31","https://www.youtube.com/watch?v=AbSC35nrJiA&t=211s","4:22","https://www.youtube.com/watch?v=AbSC35nrJiA&t=262s","5:08","https://www.youtube.com/watch?v=AbSC35nrJiA&t=308s","5:41","https://www.youtube.com/watch?v=AbSC35nrJiA&t=341s","https://s.shopee.co.id/50GAJ7q5XC","https://s.shopee.co.id/50GAJ7q5XC","https://s.shopee.co.id/8zmJ57lEqx","https://s.shopee.co.id/8zmJ57lEqx","https://s.shopee.co.id/40NeU490gS","https://s.shopee.co.id/40NeU490gS","https://s.shopee.co.id/6fOPghupUE","https://s.shopee.co.id/6fOPghupUE","https://s.shopee.co.id/2VYquCrMY0","https://s.shopee.co.id/2VYquCrMY0","https://s.shopee.co.id/9UibFRhgRQ","https://s.shopee.co.id/9UibFRhgRQ","https://s.shopee.co.id/VnmXHfN6T","https://s.shopee.co.id/VnmXHfN6T","https://tokodeeres.com/","https://tokodeeres.com/",,,"00:06:52","https://www.youtube.com/@tokder-tv/videos","AbSC35nrJiA","https://www.youtube.com/@tokder-tv/videos","false","false",,"24",,"99300",,"0:00 Opening
1:12 Alget 75 WP
1:44 Trigard 75 WP
2:26 Cyrrotex 75 SP
3:31 Agrimec 18 EC
4:22 Demolish 18 EC
5:08 Abacel 18 EC
5:41 Dobelmectin 36 EC

Link Produk:
Alget  : https://s.shopee.co.id/50GAJ7q5XC 
Tigard  : https://s.shopee.co.id/8zmJ57lEqx 
Cyrrotex : https://s.shopee.co.id/40NeU490gS 
Agrimec : https://s.shopee.co.id/6fOPghupUE 
Demolish : https://s.shopee.co.id/2VYquCrMY0 
Abacel  : https://s.shopee.co.id/9UibFRhgRQ 
Dobelmectin : https://s.shopee.co.id/VnmXHfN6T 

Kritik dan Saran
Wa 0812 - 9109 - 9109
https://tokodeeres.com/","https://i.ytimg.com/vi/AbSC35nrJiA/hqdefault.jpg","2 Golongan Insekrisida Basmi Hama Lalat Pengorok Daun Paling JOSSS!","video","https://www.youtube.com/watch?v=AbSC35nrJiA","1353"
"https://yt3.googleusercontent.com/t56EZveYFbzejXlNgJL4S__j3F7Ced8Hjfr0cdl-zXZQjuyx-tPvR2p7yqLQqVPrGQlohynp_g=s160-c-k-c0x00ffffff-no-rj","https://yt3.googleusercontent.com/TTymlnY_1y3b-Fhq3uQLigjMub_fc52Sh6_qJ-DLhyKQ1YUrGRFCOv2t4o3JR3Jf6w1VUm3urA=w2560-fcrop64=1,00005a57ffffa5a8-k-c0xffffffff-no-nd-rj","Every day, there are new videos! Let's subscribe!","Website","https://tokodeeres.com/","Shopee","https://shopee.co.id/tokder","Tokopedia","https://www.tokopedia.com/tokder","Whatsapp","https://wa.me/6281291099109","UC1wIvd8HotnZe0KENzHj2kQ","Mar 8, 2018","Indonesia","Tokder","2816","28069145","https://www.youtube.com/channel/UC1wIvd8HotnZe0KENzHj2kQ",,"8","false","2024-10-03T11:00:36.000Z","0:00","https://www.youtube.com/watch?v=Uno4ECETNRI&t=0s","0:31","https://www.youtube.com/watch?v=Uno4ECETNRI&t=31s","1:28","https://www.youtube.com/watch?v=Uno4ECETNRI&t=88s","1:52","https://www.youtube.com/watch?v=Uno4ECETNRI&t=112s","3:07","https://www.youtube.com/watch?v=Uno4ECETNRI&t=187s","3:58","https://www.youtube.com/watch?v=Uno4ECETNRI&t=238s","5:44","https://www.youtube.com/watch?v=Uno4ECETNRI&t=344s","https://s.shopee.co.id/AUaxHOfa1Z","https://s.shopee.co.id/AUaxHOfa1Z","https://s.shopee.co.id/9A5ZmlbDmn","https://s.shopee.co.id/9A5ZmlbDmn","https://s.shopee.co.id/3VRD2bzby5","https://s.shopee.co.id/3VRD2bzby5","https://s.shopee.co.id/3fkdFEvIWS","https://s.shopee.co.id/3fkdFEvIWS","https://s.shopee.co.id/5pp7pke7Qd","https://s.shopee.co.id/5pp7pke7Qd","https://s.shopee.co.id/8KWSoZtkCv","https://s.shopee.co.id/8KWSoZtkCv","https://s.shopee.co.id/LUBI0gU9m","https://s.shopee.co.id/LUBI0gU9m","https://tokodeeres.com/","https://tokodeeres.com/",,,,,"00:06:54","https://www.youtube.com/@tokder-tv/videos","Uno4ECETNRI","https://www.youtube.com/@tokder-tv/videos","false","false",,"34",,"99300",,"0:00 Opening
0:31 Gejala serangan ulat grayak
1:28 Rekomendasi rolingan insektisida
1:52  Rollingan pertama
3:07  Rollingan kedua
3:58  Rollingan Ketiga
4:40Rollingan Keempat
5:44 Rollingan Kelima

Link Produk :
Metindo 40 SP : https://s.shopee.co.id/AUaxHOfa1Z  
Sibadas 500 EC : https://s.shopee.co.id/9A5ZmlbDmn  
Ammate 150 EC : https://s.shopee.co.id/3VRD2bzby5  
Fenite 150 OD : https://s.shopee.co.id/3fkdFEvIWS  
Matador 25 EC : https://s.shopee.co.id/5pp7pke7Qd  
Decis 25 EC  : https://s.shopee.co.id/8KWSoZtkCv  
Laviron 100/20 ZC : https://s.shopee.co.id/LUBI0gU9m  

Kritik dan Saran
Wa 0812- 9109 - 9109
https://tokodeeres.com/

Fenite insektisida 
Gejala serangan ulat grayak 
Metindo insektisida 
Hama ulat grayak
Decis insektisida
Bahan aktif indoksakarb 
Laviron insektisida
Bahan aktif insektisida ulat grayak 
Cara membasmi ulat grayak 
Resistensi insektisida
Bahan aktif metomil
Ammate insektisida
Serangan hama ulat grayak musim kemarau
Dharmabas insektisida 
Bahan aktif novaluron","https://i.ytimg.com/vi/Uno4ECETNRI/hqdefault.jpg","7 Bahan Aktif Insektisida Atasi Resistensi Ulat Grayak Tanaman Cabe","video","https://www.youtube.com/watch?v=Uno4ECETNRI","1848"
