﻿"author","authorIsChannelOwner","cid","comment","commentsCount","hasCreatorHeart","pageUrl","publishedTimeText","replyCount","replyToCid","title","type","videoId","voteCount"
"@vikovika6755","false","UgwvqQfFA2MQYmIIzhZ4AaABAg","Brofeya sekarang udah gk mampu melawan ulat pdahal harganya mahal tp dikit"" resisten anjing","8","false","https://www.youtube.com/watch?v=Uno4ECETNRI","4 days ago","2",,"7 Bahan Aktif Insektisida Atasi Resistensi Ulat Grayak Tanaman Cabe","comment","Uno4ECETNRI","0"
"@uwaisalqarni6611","false","UgxguqWSbXvGQOlUgqZ4AaABAg","Lama banget ngak ngnten bang  ?","8","false","https://www.youtube.com/watch?v=Uno4ECETNRI","7 days ago","1",,"7 Bahan Aktif Insektisida Atasi Resistensi Ulat Grayak Tanaman Cabe","comment","Uno4ECETNRI","0"
"@acho4575","false","UgzCl10ofSibs_ZiVSh4AaABAg","Mohon maaf bang mau tanya tentang bibit cmk red kriss.
Ada yg dari takii seed da yg dari PT tani murni Indonesia.
Apa ada pembaruan kemasan ya? Mohon di jawab🙏","8","false","https://www.youtube.com/watch?v=Uno4ECETNRI","8 days ago","2",,"7 Bahan Aktif Insektisida Atasi Resistensi Ulat Grayak Tanaman Cabe","comment","Uno4ECETNRI","0"
"@suhayandialexander7729","false","Ugz0E9dv_9exZT6mk1d4AaABAg","Bagaimana jika yang di aplikasikan golongan azol seperti amistartop dan tridium?","8","false","https://www.youtube.com/watch?v=HOxTkwv7oZE","12 days ago","0",,"Rolling 3 Bahan Aktif Atasi Karat dan Bercak Daun Cabe","comment","HOxTkwv7oZE","0"
"@rusdibae-z6s","false","UgxjEsxwWpSLhYyoFLN4AaABAg","Ganti dong tanamanya kacang panjang atau timun jgn cabe aja, ok makasih","8","false","https://www.youtube.com/watch?v=HOxTkwv7oZE","2 weeks ago","1",,"Rolling 3 Bahan Aktif Atasi Karat dan Bercak Daun Cabe","comment","HOxTkwv7oZE","0"
"@Ricky-wy7pi","false","Ugz3wlh2ENJJoFWQSSR4AaABAg","Min insek yang ampuh atasi thrips yang mujarab apa ya","8","false","https://www.youtube.com/watch?v=HOxTkwv7oZE","2 weeks ago","0",,"Rolling 3 Bahan Aktif Atasi Karat dan Bercak Daun Cabe","comment","HOxTkwv7oZE","0"
"@KanayaSalsabila-o4r","false","UgxHxn_0E7q9zzemlDt4AaABAg","Salam dari petani sumedang","8","true","https://www.youtube.com/watch?v=HOxTkwv7oZE","2 weeks ago","0",,"Rolling 3 Bahan Aktif Atasi Karat dan Bercak Daun Cabe","comment","HOxTkwv7oZE","0"
"@Amekdcius","false","UgwqenSVH6kYA-ZiuL54AaABAg","Npk 16 16 16 sma ultradap bagus mna bos?","8","false","https://www.youtube.com/watch?v=HOxTkwv7oZE","2 weeks ago","2",,"Rolling 3 Bahan Aktif Atasi Karat dan Bercak Daun Cabe","comment","HOxTkwv7oZE","1"
"@tokder-tv","true","UgwvqQfFA2MQYmIIzhZ4AaABAg.A9I_d0IZ7EgA9KKdn1nwsC","bisa cek keaslian produknya dulu gan, 
https://www.facebook.com/photo.php?fbid=1043073807080022&id=100041322387139&set=a.966750624712341&locale=fy_NL","8","false","https://www.youtube.com/watch?v=Uno4ECETNRI","3 days ago","0","UgwvqQfFA2MQYmIIzhZ4AaABAg","7 Bahan Aktif Insektisida Atasi Resistensi Ulat Grayak Tanaman Cabe","reply","Uno4ECETNRI","1"
"@vikovika6755","false","UgwvqQfFA2MQYmIIzhZ4AaABAg.A9I_d0IZ7EgA9KdHvjVD4x"," @tokder-tv  knpa sekarang marak sekali sih pestisida KW gampang banget penjualanya","8","false","https://www.youtube.com/watch?v=Uno4ECETNRI","3 days ago","0","UgwvqQfFA2MQYmIIzhZ4AaABAg","7 Bahan Aktif Insektisida Atasi Resistensi Ulat Grayak Tanaman Cabe","reply","Uno4ECETNRI","0"
"@uwaisalqarni6611","false","UgzRch3JeP6ucoSsvCd4AaABAg","jual benih timun suri  ngak bang ?","4","false","https://www.youtube.com/watch?v=AbSC35nrJiA","6 days ago","1",,"2 Golongan Insekrisida Basmi Hama Lalat Pengorok Daun Paling JOSSS!","comment","AbSC35nrJiA","0"
"@SelaNadus","false","Ugwqhdf_ECP5ivIJL8p4AaABAg","Makasih infonya gan","4","true","https://www.youtube.com/watch?v=AbSC35nrJiA","7 days ago","0",,"2 Golongan Insekrisida Basmi Hama Lalat Pengorok Daun Paling JOSSS!","comment","AbSC35nrJiA","0"
"@SamuelHenjuk","false","UgwBrHollvxMTQbJ0sl4AaABAg","Mantap insektisida ya kawan","4","true","https://www.youtube.com/watch?v=AbSC35nrJiA","7 days ago","0",,"2 Golongan Insekrisida Basmi Hama Lalat Pengorok Daun Paling JOSSS!","comment","AbSC35nrJiA","0"
"@gustiprasetyo4729","false","UgwEY6GBsJ29MPCDwG94AaABAg","Klo utk sayuran petsai & kembang kol yg mana?","4","false","https://www.youtube.com/watch?v=4SUC16187WM","3 days ago (edited)","0",,"7 Rekomendasi Fungisida Cegah Rebah Kecambah! Dijamin Semai Cabe Sukses 100%","comment","4SUC16187WM","0"
"@yudinurdiansyah8009","false","UgxHQGXpPdOAZSg-uId4AaABAg","Min,kali kali bahas tanam cabe di polybag buat kita yg menanamnya hanya sedikit 🙏","4","true","https://www.youtube.com/watch?v=4SUC16187WM","6 days ago","1",,"7 Rekomendasi Fungisida Cegah Rebah Kecambah! Dijamin Semai Cabe Sukses 100%","comment","4SUC16187WM","1"
"@dedyirawan2129","false","UgzR15i0O7Bg6Ab9kuR4AaABAg","Rebah semai bukan dri krna panas mulsa/panas sekeliling  lubang tanam ya min?","4","false","https://www.youtube.com/watch?v=4SUC16187WM","6 days ago","0",,"7 Rekomendasi Fungisida Cegah Rebah Kecambah! Dijamin Semai Cabe Sukses 100%","comment","4SUC16187WM","0"
"@vitriyanti1712","false","Ugy4EZG0JXOxabjyJzB4AaABAg","BANG MAU TANYA PUPUK SP, DI CAMPUR NPK 16,16 UMUR CABE 30 HST BOLEH KAH DOSIS NYA BERAPA OM","11","false","https://www.youtube.com/watch?v=k-N__NqcgWE","2 weeks ago","1",,"TERBARU! Dosis Campuran Pupuk MKP dan KNO3 Putih","comment","k-N__NqcgWE","0"
"@ThomasArdiyansyah","false","UgyZEdMus-7uUAiSk694AaABAg","Bahas astonish kak","11","false","https://www.youtube.com/watch?v=k-N__NqcgWE","3 weeks ago","1",,"TERBARU! Dosis Campuran Pupuk MKP dan KNO3 Putih","comment","k-N__NqcgWE","0"
"@Zainudin-op9ot","false","UgzkOQoUBbD2bfof6lV4AaABAg","Brapa bos takaran untuk durian lokal yg usianya +- 40 thn","11","false","https://www.youtube.com/watch?v=k-N__NqcgWE","3 weeks ago","0",,"TERBARU! Dosis Campuran Pupuk MKP dan KNO3 Putih","comment","k-N__NqcgWE","0"
"@Garra28","false","Ugw9YeXyHFg1bJzSbKx4AaABAg","Hadir boss maaaf mau nanya diluar topik vidio ini,Fungisida score dicampur dithane bsa gk bos","11","false","https://www.youtube.com/watch?v=k-N__NqcgWE","3 weeks ago","0",,"TERBARU! Dosis Campuran Pupuk MKP dan KNO3 Putih","comment","k-N__NqcgWE","0"
"@radenmasmujiib9166","false","UgwGYst3FtLuvE9twcV4AaABAg","Siang mas,. maaf mau nanya ,. dinamo tangki elektrik yg PALING bagus merek apa saya mau order","11","false","https://www.youtube.com/watch?v=k-N__NqcgWE","3 weeks ago","0",,"TERBARU! Dosis Campuran Pupuk MKP dan KNO3 Putih","comment","k-N__NqcgWE","0"
"@haryantoharyanto-nl7bq","false","UgzE4QIuet9CbV8DhxZ4AaABAg","Untuk pemupukan masa generatif atau vegetatif","11","false","https://www.youtube.com/watch?v=k-N__NqcgWE","1 month ago","0",,"TERBARU! Dosis Campuran Pupuk MKP dan KNO3 Putih","comment","k-N__NqcgWE","1"
"@filmtitialfiantirahman7248","false","UgzJhmectqLhDUDSpoF4AaABAg","Hadir, bantaeng","11","false","https://www.youtube.com/watch?v=k-N__NqcgWE","1 month ago","0",,"TERBARU! Dosis Campuran Pupuk MKP dan KNO3 Putih","comment","k-N__NqcgWE","0"
"@FauZan-ly1ld","false","Ugy-qFyvi2KlSSqwk-B4AaABAg","Apakah mkp+kno3 putih bisa dicampur dng pestisida?","11","false","https://www.youtube.com/watch?v=k-N__NqcgWE","1 month ago","0",,"TERBARU! Dosis Campuran Pupuk MKP dan KNO3 Putih","comment","k-N__NqcgWE","1"
"@riaagustina7114","false","Ugxka-QrxIXxKThrHeB4AaABAg","Banyuwangi hadir.","11","false","https://www.youtube.com/watch?v=k-N__NqcgWE","1 month ago","0",,"TERBARU! Dosis Campuran Pupuk MKP dan KNO3 Putih","comment","k-N__NqcgWE","0"
"@baikbaik8380","false","Ugz2HV-cJ9Y-FYjfUod4AaABAg","Bang. Reques review pupuk provita n dan gandavita n","6","false","https://www.youtube.com/watch?v=bygbV2ZXGJA","3 days ago","0",,"Pemupukan Bibit Cabe Umur 0 - 4 MSS  Dijamin 100% Sukses!","comment","bygbV2ZXGJA","0"
"@rikinadia789","false","UgyRNKKZ4sMDiJyJqkR4AaABAg","Pak ada grup untuk bisa belajar tanam cabe..
Mau belajar dari 0 hari sampai panen..
Karena saya masih pemula","6","false","https://www.youtube.com/watch?v=bygbV2ZXGJA","2 weeks ago","1",,"Pemupukan Bibit Cabe Umur 0 - 4 MSS  Dijamin 100% Sukses!","comment","bygbV2ZXGJA","0"
"@citrajayafarm1983","false","UgyDgmGirQxQkmgv6K54AaABAg","Riviu tomat bos...d tunggu..","6","false","https://www.youtube.com/watch?v=bygbV2ZXGJA","2 weeks ago","1",,"Pemupukan Bibit Cabe Umur 0 - 4 MSS  Dijamin 100% Sukses!","comment","bygbV2ZXGJA","0"
"@kaharjail8911","false","UgzvpQ5TSNz3qBYEro94AaABAg","Kalo pake ember berapa sendok pak tolong bantuannya","6","false","https://www.youtube.com/watch?v=bygbV2ZXGJA","2 weeks ago","0",,"Pemupukan Bibit Cabe Umur 0 - 4 MSS  Dijamin 100% Sukses!","comment","bygbV2ZXGJA","0"
"@tokder-tv","true","UgzRch3JeP6ucoSsvCd4AaABAg.A9CHXhStGuHA9CMVCveM2M","bisa cek ini gan https://s.shopee.co.id/9zfUE9z7Kk
atau hubungi wa 0812 9109 9109","4","false","https://www.youtube.com/watch?v=AbSC35nrJiA","6 days ago","0","UgzRch3JeP6ucoSsvCd4AaABAg","2 Golongan Insekrisida Basmi Hama Lalat Pengorok Daun Paling JOSSS!","reply","AbSC35nrJiA","0"
"@tokder-tv","true","UgxHQGXpPdOAZSg-uId4AaABAg.A9Ecj2fSbpvA9EyORxNCKv","Sudah ya >>
https://youtu.be/veeqn9_QBUU","4","false","https://www.youtube.com/watch?v=4SUC16187WM","5 days ago","0","UgxHQGXpPdOAZSg-uId4AaABAg","7 Rekomendasi Fungisida Cegah Rebah Kecambah! Dijamin Semai Cabe Sukses 100%","reply","4SUC16187WM","0"
"@mamakalan2704","false","UgxjEsxwWpSLhYyoFLN4AaABAg.A8qsjlV3MgIA8tbdBS5I-w"," @rusdibae-z6s  kayak nya ini di daerah susah air","8","false","https://www.youtube.com/watch?v=HOxTkwv7oZE","2 weeks ago","0","UgxjEsxwWpSLhYyoFLN4AaABAg","Rolling 3 Bahan Aktif Atasi Karat dan Bercak Daun Cabe","reply","HOxTkwv7oZE","0"
"@tokder-tv","true","UgxguqWSbXvGQOlUgqZ4AaABAg.A9AaqLrITKmA9C7pYenao8","Capek bang dihujat mulu 😂","8","false","https://www.youtube.com/watch?v=Uno4ECETNRI","7 days ago","0","UgxguqWSbXvGQOlUgqZ4AaABAg","7 Bahan Aktif Insektisida Atasi Resistensi Ulat Grayak Tanaman Cabe","reply","Uno4ECETNRI","0"
"@tokder-tv","true","Ugy4EZG0JXOxabjyJzB4AaABAg.A8j2rxOKLDsA8vUkN21Omi","boleh, 
silahkan bisa simak video ini
https://www.youtube.com/watch?v=5tUWH0jXtGU&t=1s
https://www.youtube.com/watch?v=gofUWNKphwk","11","false","https://www.youtube.com/watch?v=k-N__NqcgWE","13 days ago","0","Ugy4EZG0JXOxabjyJzB4AaABAg","TERBARU! Dosis Campuran Pupuk MKP dan KNO3 Putih","reply","k-N__NqcgWE","0"
"@tokder-tv","true","UgyRNKKZ4sMDiJyJqkR4AaABAg.A8o9aZP05nNA8vRSpEXeMB","ada gan, bisa join grup member WA ya,. 
caranya buka beranda channel ini, nnti tinggal join saja gan,.","6","false","https://www.youtube.com/watch?v=bygbV2ZXGJA","13 days ago","0","UgyRNKKZ4sMDiJyJqkR4AaABAg","Pemupukan Bibit Cabe Umur 0 - 4 MSS  Dijamin 100% Sukses!","reply","bygbV2ZXGJA","0"
"@tokder-tv","true","UgyDgmGirQxQkmgv6K54AaABAg.A8o988rnHZdA8vRccoPvnx","ini tomat gan,.
https://www.youtube.com/watch?v=HZ3oTa9vz1Q&t=1s

https://www.youtube.com/watch?v=gM2zvKrfVo8&t=14s
https://www.youtube.com/watch?v=VedC5gVMb8c&t=18s","6","false","https://www.youtube.com/watch?v=bygbV2ZXGJA","13 days ago","0","UgyDgmGirQxQkmgv6K54AaABAg","Pemupukan Bibit Cabe Umur 0 - 4 MSS  Dijamin 100% Sukses!","reply","bygbV2ZXGJA","0"
"@tokder-tv","true","UgzCl10ofSibs_ZiVSh4AaABAg.A98_XA2JkPjA9CRzn9m8py","setau saya skrang red kriss dari Tani Murni gan,","8","false","https://www.youtube.com/watch?v=Uno4ECETNRI","6 days ago","0","UgzCl10ofSibs_ZiVSh4AaABAg","7 Bahan Aktif Insektisida Atasi Resistensi Ulat Grayak Tanaman Cabe","reply","Uno4ECETNRI","0"
"@acho4575","false","UgzCl10ofSibs_ZiVSh4AaABAg.A98_XA2JkPjA9CTAi5NyVZ"," @tokder-tv  owh gitu ya bang. Makasih tentang info nya. Moga makin sukses🙏","8","false","https://www.youtube.com/watch?v=Uno4ECETNRI","6 days ago","0","UgzCl10ofSibs_ZiVSh4AaABAg","7 Bahan Aktif Insektisida Atasi Resistensi Ulat Grayak Tanaman Cabe","reply","Uno4ECETNRI","0"
"@tokder-tv","true","UgyZEdMus-7uUAiSk694AaABAg.A8ZwBzaGjFsA8asuFKbl1D","sudah ada, 
https://www.youtube.com/watch?v=TB21gax7PDg&t=1s","11","false","https://www.youtube.com/watch?v=k-N__NqcgWE","3 weeks ago","0","UgyZEdMus-7uUAiSk694AaABAg","TERBARU! Dosis Campuran Pupuk MKP dan KNO3 Putih","reply","k-N__NqcgWE","0"
"@tokder-tv","true","UgwqenSVH6kYA-ZiuL54AaABAg.A8nXnD3dfJdA8vTbYf_yqY","buat apa dulu?
kandungannya beda soalnya, Ultradap hanya mengandung P dan N,
NPK 16-16-16, lengkap ada N,P dan K","8","false","https://www.youtube.com/watch?v=HOxTkwv7oZE","13 days ago","0","UgwqenSVH6kYA-ZiuL54AaABAg","Rolling 3 Bahan Aktif Atasi Karat dan Bercak Daun Cabe","reply","HOxTkwv7oZE","0"
"@Amekdcius","false","UgwqenSVH6kYA-ZiuL54AaABAg.A8nXnD3dfJdA8vV9m1qhhc"," @tokder-tv  seandainya kita mlih slah satu dri ppuk trsebut slma msa vgetatif,bgus mna bos buat cabe rawit?","8","false","https://www.youtube.com/watch?v=HOxTkwv7oZE","13 days ago (edited)","0","UgwqenSVH6kYA-ZiuL54AaABAg","Rolling 3 Bahan Aktif Atasi Karat dan Bercak Daun Cabe","reply","HOxTkwv7oZE","0"
