﻿"commentUrl","date","facebookId","facebookUrl","feedbackId","id","inputUrl","likesCount","pageAdLibrary/id","pageAdLibrary/is_business_page_active","postTitle","profileId","profileName","profilePicture","profileUrl","text"
"https://www.facebook.com/100002286647352/posts/8228110817275058?comment_id=860902469438243","2024-09-08T09:54:06.000Z","8228110817275058","https://www.facebook.com/100002286647352/posts/8228110817275058","ZmVlZGJhY2s6ODIyODExMDgxNzI3NTA1OF84NjA5MDI0Njk0MzgyNDM=","Y29tbWVudDo4MjI4MTEwODE3Mjc1MDU4Xzg2MDkwMjQ2OTQzODI0Mw==","https://www.facebook.com/100002286647352/posts/8228110817275058","0","214897285046227","false","Timun dengan varietas 𝐊𝐎𝐌𝐀𝐍𝐃𝐀𝐍 𝐅𝟏
Timun dengan dataran rendah menengah ini tahan virus tahan simpan dan warna buah gelap. 

𝐊𝐎𝐌𝐀𝐍𝐃𝐀𝐍 𝐅𝟏
𝐏𝐓. 𝐁𝐄𝐍𝐈𝐇 𝐂𝐈𝐓𝐑𝐀 𝐀𝐒𝐈𝐀(𝐁𝐈𝐍𝐓𝐀𝐍𝐆 𝐀𝐒𝐈𝐀)","100004370253176","Muhamad Cali Faiz Ahmad","https://scontent-mia3-1.xx.fbcdn.net/v/t39.30808-1/456120459_2788136318008683_7418166726346064265_n.jpg?stp=cp0_dst-jpg_s32x32&_nc_cat=108&ccb=1-7&_nc_sid=50d2ac&_nc_ohc=EMIU55VJAHkQ7kNvgG0ITuQ&_nc_ht=scontent-mia3-1.xx&_nc_gid=A6J7V6hN8b-J0P7fTUEK8Sg&oh=00_AYB6BvXFf2tP5z9nLazJtGhz8it5BAXso52Ji9_Ozagrzg&oe=66E827AD","https://www.facebook.com/muhamad.cali.98","Mantapnya"
