﻿"commentUrl","commentsCount","date","facebookId","facebookUrl","feedbackId","id","inputUrl","likesCount","pageAdLibrary/id","pageAdLibrary/woodhenge_creator_info/id","pageAdLibrary/woodhenge_creator_info/viewer_active_subscription_entitlement","pageAdLibrary/woodhenge_creator_info/viewer_entrypoint_eligibility/is_eligible","parentComment/author/__typename","parentComment/author/id","parentComment/author/name","parentComment/author/short_name","parentComment/id","postTitle","profileId","profileName","profilePicture","profileUrl","replyToCommentId","text","threadingDepth"
"https://www.facebook.com/100072395977057/videos/850138030600844/?comment_id=554099890313209",,"2024-10-02T03:21:25.000Z","535610992195429","https://www.facebook.com/100072395977057/posts/535610992195429","ZmVlZGJhY2s6NTM1NjEwOTkyMTk1NDI5XzU1NDA5OTg5MDMxMzIwOQ==","Y29tbWVudDo1MzU2MTA5OTIxOTU0MjlfNTU0MDk5ODkwMzEzMjA5","https://www.facebook.com/100072395977057/posts/535610992195429","0",,,,,,,,,,"MENIKMATI DOUBLE PANEN BUDIDAYA IKAN DAN TANAMAN AQUAPONIK DI KEBUN KAMI #garden #ikan #kebun #kebunmini","100005842482872","Gilang Ramadhan","https://scontent-iad3-2.xx.fbcdn.net/v/t39.30808-1/408744344_2433046830233376_3395345902539721650_n.jpg?stp=cp0_dst-jpg_s32x32&_nc_cat=106&ccb=1-7&_nc_sid=50d2ac&_nc_ohc=bJJdpOGCrLQQ7kNvgH9q_8R&_nc_ht=scontent-iad3-2.xx&_nc_gid=AjbPOvQdGUxnRSZJCVohHu6&oh=00_AYCroivxEf7s_wqbH5gRjFlg5ArEbjqAmA-nNm5paclLsA&oe=67048819","https://www.facebook.com/ramadhan.m.ba",,"Kalau diriau gk cocok","0"
"https://www.facebook.com/100072395977057/videos/850138030600844/?comment_id=1044289160820687",,"2024-10-02T12:40:26.000Z","535610992195429","https://www.facebook.com/100072395977057/posts/535610992195429","ZmVlZGJhY2s6NTM1NjEwOTkyMTk1NDI5XzEwNDQyODkxNjA4MjA2ODc=","Y29tbWVudDo1MzU2MTA5OTIxOTU0MjlfMTA0NDI4OTE2MDgyMDY4Nw==","https://www.facebook.com/100072395977057/posts/535610992195429","0",,,,,,,,,,"MENIKMATI DOUBLE PANEN BUDIDAYA IKAN DAN TANAMAN AQUAPONIK DI KEBUN KAMI #garden #ikan #kebun #kebunmini","100002799908509","Ade Raka Tea","https://scontent-iad3-1.xx.fbcdn.net/v/t39.30808-1/447591338_6982968725139722_3030051307942530003_n.jpg?stp=cp0_dst-jpg_s32x32&_nc_cat=101&ccb=1-7&_nc_sid=50d2ac&_nc_ohc=DuAxjrMDn5oQ7kNvgHv9enf&_nc_ht=scontent-iad3-1.xx&_nc_gid=AjbPOvQdGUxnRSZJCVohHu6&oh=00_AYDqtEkA0qPERM7zLXiDUHUzWRcv3N62KcdqCmAsVOiq4g&oe=670487B8","https://www.facebook.com/aades.c.imoets",,"Klo listrik padam seharian gimana kak","0"
"https://www.facebook.com/100072395977057/videos/850138030600844/?comment_id=9102596403085681",,"2024-10-01T23:39:09.000Z","535610992195429","https://www.facebook.com/100072395977057/posts/535610992195429","ZmVlZGJhY2s6NTM1NjEwOTkyMTk1NDI5XzkxMDI1OTY0MDMwODU2ODE=","Y29tbWVudDo1MzU2MTA5OTIxOTU0MjlfOTEwMjU5NjQwMzA4NTY4MQ==","https://www.facebook.com/100072395977057/posts/535610992195429","0",,,,,,,,,,"MENIKMATI DOUBLE PANEN BUDIDAYA IKAN DAN TANAMAN AQUAPONIK DI KEBUN KAMI #garden #ikan #kebun #kebunmini","100000672562131","Nur Asyiah","https://scontent-iad3-2.xx.fbcdn.net/v/t39.30808-1/405999530_7279717738727239_6079842020520684627_n.jpg?stp=c0.0.940.940a_cp0_dst-jpg_s32x32&_nc_cat=103&ccb=1-7&_nc_sid=50d2ac&_nc_ohc=u3vaAhrAyS4Q7kNvgG16l0R&_nc_ht=scontent-iad3-2.xx&_nc_gid=AjbPOvQdGUxnRSZJCVohHu6&oh=00_AYBkEsWndBaV_gDCG4UWGSVO-E7p78-a8o9TZmxynlNVpA&oe=67047FF2","https://www.facebook.com/nasyiah3",,"Mau donk di ajarin ..","0"
"https://www.facebook.com/100072395977057/videos/850138030600844/?comment_id=574430938254998",,"2024-10-02T05:36:07.000Z","535610992195429","https://www.facebook.com/100072395977057/posts/535610992195429","ZmVlZGJhY2s6NTM1NjEwOTkyMTk1NDI5XzU3NDQzMDkzODI1NDk5OA==","Y29tbWVudDo1MzU2MTA5OTIxOTU0MjlfNTc0NDMwOTM4MjU0OTk4","https://www.facebook.com/100072395977057/posts/535610992195429","0",,,,,,,,,,"MENIKMATI DOUBLE PANEN BUDIDAYA IKAN DAN TANAMAN AQUAPONIK DI KEBUN KAMI #garden #ikan #kebun #kebunmini","100058720358359","Mamahnya Fahreza","https://scontent-iad3-2.xx.fbcdn.net/v/t1.6435-1/191543488_209822080985136_623550826039735010_n.jpg?stp=c0.0.966.966a_cp0_dst-jpg_s32x32&_nc_cat=106&ccb=1-7&_nc_sid=50d2ac&_nc_ohc=ypoLgz8xl0QQ7kNvgFAJwzf&_nc_ht=scontent-iad3-2.xx&_nc_gid=AjbPOvQdGUxnRSZJCVohHu6&oh=00_AYBUZO2Ej2oR3YU04hXt1FvJub42fzoAnyYP5vzvOotQdQ&oe=672609F1","https://www.facebook.com/mamahnya.fahreza",,"Kreen kli","0"
"https://www.facebook.com/100072395977057/videos/850138030600844/?comment_id=827534825915127",,"2024-10-02T12:07:15.000Z","535610992195429","https://www.facebook.com/100072395977057/posts/535610992195429","ZmVlZGJhY2s6NTM1NjEwOTkyMTk1NDI5XzgyNzUzNDgyNTkxNTEyNw==","Y29tbWVudDo1MzU2MTA5OTIxOTU0MjlfODI3NTM0ODI1OTE1MTI3","https://www.facebook.com/100072395977057/posts/535610992195429","0",,,,,,,,,,"MENIKMATI DOUBLE PANEN BUDIDAYA IKAN DAN TANAMAN AQUAPONIK DI KEBUN KAMI #garden #ikan #kebun #kebunmini","100028753846073","Robby Obby","https://scontent-iad3-2.xx.fbcdn.net/v/t39.30808-1/441253500_1228736484761468_2619673486931453497_n.jpg?stp=cp0_dst-jpg_s32x32&_nc_cat=103&ccb=1-7&_nc_sid=50d2ac&_nc_ohc=6SStP96YCFwQ7kNvgE3GN3H&_nc_ht=scontent-iad3-2.xx&_nc_gid=AjbPOvQdGUxnRSZJCVohHu6&oh=00_AYBoeDFHDua_LXqpZ4uismutTH2TQEH3n6BXuKLAidox8g&oe=670487C8","https://www.facebook.com/robby.obby.1612147",,"Dari awal pembuatan dan bahan2 nya apa tu kak","0"
"https://www.facebook.com/100072395977057/videos/850138030600844/?comment_id=3913872195515362","2","2024-10-02T00:40:22.000Z","535610992195429","https://www.facebook.com/100072395977057/posts/535610992195429","ZmVlZGJhY2s6NTM1NjEwOTkyMTk1NDI5XzM5MTM4NzIxOTU1MTUzNjI=","Y29tbWVudDo1MzU2MTA5OTIxOTU0MjlfMzkxMzg3MjE5NTUxNTM2Mg==","https://www.facebook.com/100072395977057/posts/535610992195429","0",,,,,,,,,,"MENIKMATI DOUBLE PANEN BUDIDAYA IKAN DAN TANAMAN AQUAPONIK DI KEBUN KAMI #garden #ikan #kebun #kebunmini","100001826922310","Aby Hafis Al-Syahnu","https://scontent-iad3-2.xx.fbcdn.net/v/t39.30808-1/261387718_6581482705255895_4318471544601676509_n.jpg?stp=cp0_dst-jpg_s32x32&_nc_cat=100&ccb=1-7&_nc_sid=50d2ac&_nc_ohc=MFj_ShiBNkgQ7kNvgG2oF79&_nc_ht=scontent-iad3-2.xx&_nc_gid=AjbPOvQdGUxnRSZJCVohHu6&oh=00_AYAMxa4x7M5eFQta02O9vqeeBPanrBjeWokyRp_fganjTA&oe=6704848A",,,"Rosyiful Wong Jowo mantab ngene","0"
"https://www.facebook.com/100072395977057/videos/850138030600844/?comment_id=428355289870189",,"2024-10-02T03:55:55.000Z","535610992195429","https://www.facebook.com/100072395977057/posts/535610992195429","ZmVlZGJhY2s6NTM1NjEwOTkyMTk1NDI5XzQyODM1NTI4OTg3MDE4OQ==","Y29tbWVudDo1MzU2MTA5OTIxOTU0MjlfNDI4MzU1Mjg5ODcwMTg5","https://www.facebook.com/100072395977057/posts/535610992195429","0",,,,,,,,,,"MENIKMATI DOUBLE PANEN BUDIDAYA IKAN DAN TANAMAN AQUAPONIK DI KEBUN KAMI #garden #ikan #kebun #kebunmini","100022469734536","Ang Rusdi","https://scontent-iad3-1.xx.fbcdn.net/v/t1.6435-1/43636828_330003854425270_2016968903363657728_n.jpg?stp=cp0_dst-jpg_s32x32&_nc_cat=104&ccb=1-7&_nc_sid=50d2ac&_nc_ohc=dtbwVGCp0WsQ7kNvgGODnqo&_nc_ht=scontent-iad3-1.xx&_nc_gid=AjbPOvQdGUxnRSZJCVohHu6&oh=00_AYDcvg6qW9TSuy10PtDzuH52R9ta_fVYkgl0eaCqgzQjsw&oe=67260F4C","https://www.facebook.com/abu.malza.3",,"Gmn cara mngolah air ikan jd pupuk organik?","0"
"https://www.facebook.com/100072395977057/videos/850138030600844/?comment_id=964813752351117",,"2024-10-02T14:58:14.000Z","535610992195429","https://www.facebook.com/100072395977057/posts/535610992195429","ZmVlZGJhY2s6NTM1NjEwOTkyMTk1NDI5Xzk2NDgxMzc1MjM1MTExNw==","Y29tbWVudDo1MzU2MTA5OTIxOTU0MjlfOTY0ODEzNzUyMzUxMTE3","https://www.facebook.com/100072395977057/posts/535610992195429","0",,,,,,,,,,"MENIKMATI DOUBLE PANEN BUDIDAYA IKAN DAN TANAMAN AQUAPONIK DI KEBUN KAMI #garden #ikan #kebun #kebunmini","100006421963711","Irwan Wahyudi","https://scontent-iad3-1.xx.fbcdn.net/v/t39.30808-1/277815641_3304992733058093_355246116148108684_n.jpg?stp=cp0_dst-jpg_s32x32&_nc_cat=101&ccb=1-7&_nc_sid=50d2ac&_nc_ohc=YCHfDg-z49EQ7kNvgHJKS7b&_nc_ht=scontent-iad3-1.xx&_nc_gid=AjbPOvQdGUxnRSZJCVohHu6&oh=00_AYBQ8-OaSgNF3PIEsuMAwRrMg22R8DZMI9ihUBoLLPEWQg&oe=67046D3B",,,"Apa perlu media filter mas?","0"
"https://www.facebook.com/100072395977057/videos/850138030600844/?comment_id=8638118096227823",,"2024-10-02T09:34:37.000Z","535610992195429","https://www.facebook.com/100072395977057/posts/535610992195429","ZmVlZGJhY2s6NTM1NjEwOTkyMTk1NDI5Xzg2MzgxMTgwOTYyMjc4MjM=","Y29tbWVudDo1MzU2MTA5OTIxOTU0MjlfODYzODExODA5NjIyNzgyMw==","https://www.facebook.com/100072395977057/posts/535610992195429","0",,,,,,,,,,"MENIKMATI DOUBLE PANEN BUDIDAYA IKAN DAN TANAMAN AQUAPONIK DI KEBUN KAMI #garden #ikan #kebun #kebunmini","pfbid02CwcJynwME5LNDtFB7J9HizD8CMN8NQvBkf1RcLMMWbAyEMi7FgauLfwKqWXpTCBUl","Adit Setyawan","https://scontent-iad3-1.xx.fbcdn.net/v/t39.30808-1/354048426_7010349798992288_5512882204635990850_n.jpg?stp=cp0_dst-jpg_s32x32&_nc_cat=108&ccb=1-7&_nc_sid=0ecb9b&_nc_ohc=3Ef8oSyNaKwQ7kNvgHoexhT&_nc_ht=scontent-iad3-1.xx&_nc_gid=AjbPOvQdGUxnRSZJCVohHu6&oh=00_AYBbg_i7pDh8f5zOPgguQsTqPddZZGxz73E7mlJvTtZi5Q&oe=67047302","https://www.facebook.com/adit.setyawan.925",,"Mantappp","0"
"https://www.facebook.com/100072395977057/videos/850138030600844/?comment_id=562302986359472",,"2024-10-02T07:05:11.000Z","535610992195429","https://www.facebook.com/100072395977057/posts/535610992195429","ZmVlZGJhY2s6NTM1NjEwOTkyMTk1NDI5XzU2MjMwMjk4NjM1OTQ3Mg==","Y29tbWVudDo1MzU2MTA5OTIxOTU0MjlfNTYyMzAyOTg2MzU5NDcy","https://www.facebook.com/100072395977057/posts/535610992195429","0",,,,,,,,,,"MENIKMATI DOUBLE PANEN BUDIDAYA IKAN DAN TANAMAN AQUAPONIK DI KEBUN KAMI #garden #ikan #kebun #kebunmini","pfbid02VbTq4xB3tHHQoDe3QeA78wSjitGfzvwDbTp5sgvEG6qtY12dExAxTy5XhCfb3rwLl","Seha Rish","https://scontent-iad3-1.xx.fbcdn.net/v/t39.30808-1/428598559_10226364979932812_624024745087997926_n.jpg?stp=c0.0.940.940a_cp0_dst-jpg_s32x32&_nc_cat=104&ccb=1-7&_nc_sid=0ecb9b&_nc_ohc=-DPaImBnIU0Q7kNvgF67mvr&_nc_ht=scontent-iad3-1.xx&_nc_gid=AjbPOvQdGUxnRSZJCVohHu6&oh=00_AYDqrzxjPdByQVaHae1kJaQzQpIID56iYPP5meTfSAlOLw&oe=67047D0F",,,"Wah keren😎","0"
"https://www.facebook.com/reel/1584370222431590/?comment_id=1935795246920339","3","2024-09-24T06:43:57.000Z","529748909448304","https://www.facebook.com/100072395977057/posts/529748909448304","ZmVlZGJhY2s6NTI5NzQ4OTA5NDQ4MzA0XzE5MzU3OTUyNDY5MjAzMzk=","Y29tbWVudDo1Mjk3NDg5MDk0NDgzMDRfMTkzNTc5NTI0NjkyMDMzOQ==","https://www.facebook.com/100072395977057/posts/529748909448304","1","111146814399157","574362981410869:FubsCreatorInfo",,"true",,,,,,"Gass manfaatkan sisa lahan yang ada untuk menanam Tower Hidroponik 🙌😃 #berkebun #reels #garden #kebun #hidroponik. Kebun Mahobi · Original audio","pfbid02WwmSYGKTXXx6gaYWFu24XjjBWwnXiDujDEnJ69naWQS3B2f8brdkWZrgzZCcQHtKl","Jang Gum","https://scontent-atl3-1.xx.fbcdn.net/v/t39.30808-1/441232132_7775384485875055_6903236180964370604_n.jpg?stp=cp0_dst-jpg_s32x32&_nc_cat=109&ccb=1-7&_nc_sid=0ecb9b&_nc_ohc=Uonmf6NHMycQ7kNvgEe1UcL&_nc_ht=scontent-atl3-1.xx&_nc_gid=ARjgOj2NSrmr8wf26EzVBO8&oh=00_AYDQUyMyg4To30ZhDOtHRAA3MlcI_V8aQudYnA2tVe8RXw&oe=670471D4",,,"Nama alat ukurnya apa ya kak tdi yg 600","0"
"https://www.facebook.com/reel/1584370222431590/?comment_id=1069525724529133","2","2024-09-25T07:06:51.000Z","529748909448304","https://www.facebook.com/100072395977057/posts/529748909448304","ZmVlZGJhY2s6NTI5NzQ4OTA5NDQ4MzA0XzEwNjk1MjU3MjQ1MjkxMzM=","Y29tbWVudDo1Mjk3NDg5MDk0NDgzMDRfMTA2OTUyNTcyNDUyOTEzMw==","https://www.facebook.com/100072395977057/posts/529748909448304","1","111146814399157","574362981410869:FubsCreatorInfo",,"true",,,,,,"Gass manfaatkan sisa lahan yang ada untuk menanam Tower Hidroponik 🙌😃 #berkebun #reels #garden #kebun #hidroponik. Kebun Mahobi · Original audio","100023684623232","Rarasati","https://scontent-atl3-1.xx.fbcdn.net/v/t1.6435-1/42226382_298854127580739_3964268875930927104_n.jpg?stp=c0.0.480.480a_cp0_dst-jpg_s32x32&_nc_cat=108&ccb=1-7&_nc_sid=50d2ac&_nc_ohc=9vWlJmWZXp0Q7kNvgFLwTBn&_nc_ht=scontent-atl3-1.xx&_nc_gid=ARjgOj2NSrmr8wf26EzVBO8&oh=00_AYD0RnrjN9jRadazvkQi1sPiboP74AmutebuaFojddK3eA&oe=67262C1D","https://www.facebook.com/rarasati.rarasati.982",,"Apa nama benih nya ? Soal nya yang aku tanam ga bagus seperti yg kk tanam","0"
"https://www.facebook.com/reel/1584370222431590/?comment_id=1265495294808116","2","2024-09-25T08:11:39.000Z","529748909448304","https://www.facebook.com/100072395977057/posts/529748909448304","ZmVlZGJhY2s6NTI5NzQ4OTA5NDQ4MzA0XzEyNjU0OTUyOTQ4MDgxMTY=","Y29tbWVudDo1Mjk3NDg5MDk0NDgzMDRfMTI2NTQ5NTI5NDgwODExNg==","https://www.facebook.com/100072395977057/posts/529748909448304","1","111146814399157","574362981410869:FubsCreatorInfo",,"true",,,,,,"Gass manfaatkan sisa lahan yang ada untuk menanam Tower Hidroponik 🙌😃 #berkebun #reels #garden #kebun #hidroponik. Kebun Mahobi · Original audio","100046176362913","Bagus Kesini Daripada Kesitu","https://scontent-atl3-2.xx.fbcdn.net/v/t39.30808-1/305546887_634071368142070_8563939802133145860_n.jpg?stp=c0.5.171.171a_cp0_dst-jpg_s32x32&_nc_cat=105&ccb=1-7&_nc_sid=50d2ac&_nc_ohc=P-IriWWHOnIQ7kNvgFd2n-3&_nc_ht=scontent-atl3-2.xx&_nc_gid=ARjgOj2NSrmr8wf26EzVBO8&oh=00_AYAeLGUNodDgodKoqup_Rn5Iw8o58c2O_g_z7J9k8mxyTg&oe=67049378","https://www.facebook.com/ahmadbagus.nugroho.12",,"Sistem kerja airnya gimana sih itu?","0"
"https://www.facebook.com/reel/1584370222431590/?comment_id=494748256860349",,"2024-09-23T06:06:52.000Z","529748909448304","https://www.facebook.com/100072395977057/posts/529748909448304","ZmVlZGJhY2s6NTI5NzQ4OTA5NDQ4MzA0XzQ5NDc0ODI1Njg2MDM0OQ==","Y29tbWVudDo1Mjk3NDg5MDk0NDgzMDRfNDk0NzQ4MjU2ODYwMzQ5","https://www.facebook.com/100072395977057/posts/529748909448304","0","111146814399157","574362981410869:FubsCreatorInfo",,"true",,,,,,"Gass manfaatkan sisa lahan yang ada untuk menanam Tower Hidroponik 🙌😃 #berkebun #reels #garden #kebun #hidroponik. Kebun Mahobi · Original audio","pfbid02Cd9qHYPSLAhSmwkrGrBVjFxKPnDviPUonTQXDSAz1TaPU6LGHzaey9bBQUA5MPwsl","Bayu Adi Nugroho","https://scontent-atl3-2.xx.fbcdn.net/v/t39.30808-1/397379457_6567179556671200_4861510007132722801_n.jpg?stp=cp0_dst-jpg_s32x32&_nc_cat=104&ccb=1-7&_nc_sid=0ecb9b&_nc_ohc=x-xhw37A_LwQ7kNvgErFUxb&_nc_ht=scontent-atl3-2.xx&_nc_gid=ARjgOj2NSrmr8wf26EzVBO8&oh=00_AYB0SddD6zNWDgwnmlk67xj6PpaLYhcfSZ8-uvqGE9i2HQ&oe=67046CFF","https://www.facebook.com/adhibayu",,"Spill pupuknya om","0"
"https://www.facebook.com/reel/1584370222431590/?comment_id=3706351543010663",,"2024-09-23T11:46:02.000Z","529748909448304","https://www.facebook.com/100072395977057/posts/529748909448304","ZmVlZGJhY2s6NTI5NzQ4OTA5NDQ4MzA0XzM3MDYzNTE1NDMwMTA2NjM=","Y29tbWVudDo1Mjk3NDg5MDk0NDgzMDRfMzcwNjM1MTU0MzAxMDY2Mw==","https://www.facebook.com/100072395977057/posts/529748909448304","0","111146814399157","574362981410869:FubsCreatorInfo",,"true",,,,,,"Gass manfaatkan sisa lahan yang ada untuk menanam Tower Hidroponik 🙌😃 #berkebun #reels #garden #kebun #hidroponik. Kebun Mahobi · Original audio","pfbid02uwstKHoQLAjk4mTUQ1z8nKZVEFAGDjfDFvGVrWPbh1j6R8vAYVX3XQVif3jNJAKNl","Nasril Ulum","https://scontent-atl3-2.xx.fbcdn.net/v/t1.6435-1/38933081_2177477102464291_7274411836089303040_n.jpg?stp=cp0_dst-jpg_s32x32&_nc_cat=111&ccb=1-7&_nc_sid=e4545e&_nc_ohc=vCUiWfheOScQ7kNvgFrXkxg&_nc_ht=scontent-atl3-2.xx&_nc_gid=ARjgOj2NSrmr8wf26EzVBO8&oh=00_AYAOBoUrDv7la72fiQipLG1_ROoJF8MURK9NrBYqtaf3FA&oe=67262F20","https://www.facebook.com/nasril.ulum",,"Ada jual Tower nya bang","0"
"https://www.facebook.com/reel/1584370222431590/?comment_id=504854282335163","1","2024-09-24T01:57:33.000Z","529748909448304","https://www.facebook.com/100072395977057/posts/529748909448304","ZmVlZGJhY2s6NTI5NzQ4OTA5NDQ4MzA0XzUwNDg1NDI4MjMzNTE2Mw==","Y29tbWVudDo1Mjk3NDg5MDk0NDgzMDRfNTA0ODU0MjgyMzM1MTYz","https://www.facebook.com/100072395977057/posts/529748909448304","0","111146814399157","574362981410869:FubsCreatorInfo",,"true",,,,,,"Gass manfaatkan sisa lahan yang ada untuk menanam Tower Hidroponik 🙌😃 #berkebun #reels #garden #kebun #hidroponik. Kebun Mahobi · Original audio","pfbid0TFHBcgZMUn9hY8JhhK7g5buUqVTV3jQ9Lc1bbSyk5LmnkSES3CYFJQWCgLJDfsNWl","Durrotun Nafisah","https://scontent-atl3-1.xx.fbcdn.net/v/t39.30808-1/426354767_122093765630217644_5905605941446738535_n.jpg?stp=c0.0.780.780a_cp0_dst-jpg_s32x32&_nc_cat=106&ccb=1-7&_nc_sid=0ecb9b&_nc_ohc=gsMQVzb3heUQ7kNvgE4HH5K&_nc_ht=scontent-atl3-1.xx&_nc_gid=ARjgOj2NSrmr8wf26EzVBO8&oh=00_AYDNItJjx2FunKbjIRBtk21ul8e8Lc_Sck6wefZrXirkRw&oe=670467F0","https://www.facebook.com/people/Durrotun-Nafisah/pfbid0TFHBcgZMUn9hY8JhhK7g5buUqVTV3jQ9Lc1bbSyk5LmnkSES3CYFJQWCgLJDfsNWl/",,"Kak bli bibit y dmn","0"
"https://www.facebook.com/reel/1584370222431590/?comment_id=1043014180900366",,"2024-09-23T06:31:36.000Z","529748909448304","https://www.facebook.com/100072395977057/posts/529748909448304","ZmVlZGJhY2s6NTI5NzQ4OTA5NDQ4MzA0XzEwNDMwMTQxODA5MDAzNjY=","Y29tbWVudDo1Mjk3NDg5MDk0NDgzMDRfMTA0MzAxNDE4MDkwMDM2Ng==","https://www.facebook.com/100072395977057/posts/529748909448304","0","111146814399157","574362981410869:FubsCreatorInfo",,"true",,,,,,"Gass manfaatkan sisa lahan yang ada untuk menanam Tower Hidroponik 🙌😃 #berkebun #reels #garden #kebun #hidroponik. Kebun Mahobi · Original audio","100012663015114","Bambang Adios Purnomo","https://scontent-atl3-1.xx.fbcdn.net/v/t39.30808-1/451665787_1953783431720405_3626438717086978855_n.jpg?stp=cp0_dst-jpg_s32x32&_nc_cat=103&ccb=1-7&_nc_sid=50d2ac&_nc_ohc=i5Rr2aKjJPYQ7kNvgHuTLfC&_nc_ht=scontent-atl3-1.xx&_nc_gid=ARjgOj2NSrmr8wf26EzVBO8&oh=00_AYBfB3vqpKE3muZ9L3boFlQ4Jn_QHKPkD0URR5vhISfq0Q&oe=670483A8","https://www.facebook.com/bambang.a.purnomo.71",,"Ijin share","0"
"https://www.facebook.com/reel/1584370222431590/?comment_id=348234038283088",,"2024-09-24T14:21:44.000Z","529748909448304","https://www.facebook.com/100072395977057/posts/529748909448304","ZmVlZGJhY2s6NTI5NzQ4OTA5NDQ4MzA0XzM0ODIzNDAzODI4MzA4OA==","Y29tbWVudDo1Mjk3NDg5MDk0NDgzMDRfMzQ4MjM0MDM4MjgzMDg4","https://www.facebook.com/100072395977057/posts/529748909448304","0","111146814399157","574362981410869:FubsCreatorInfo",,"true",,,,,,"Gass manfaatkan sisa lahan yang ada untuk menanam Tower Hidroponik 🙌😃 #berkebun #reels #garden #kebun #hidroponik. Kebun Mahobi · Original audio","100022437280936","Irlan S","https://scontent-atl3-2.xx.fbcdn.net/v/t39.30808-1/451418206_1672687733489120_8505118091099793937_n.jpg?stp=cp0_dst-jpg_s32x32&_nc_cat=105&ccb=1-7&_nc_sid=50d2ac&_nc_ohc=6rmHWGTaiu4Q7kNvgF5gPI3&_nc_ht=scontent-atl3-2.xx&_nc_gid=ARjgOj2NSrmr8wf26EzVBO8&oh=00_AYBErmWbdSI1w_zrelP-bQoYxJm18MdlyckiMSf0Ywncqg&oe=670481D6","https://www.facebook.com/irlan.s.5",,"kang pake listrik kan itu ? apa gak boros listrik?","0"
"https://www.facebook.com/reel/1584370222431590/?comment_id=1568660417064619",,"2024-09-24T07:00:21.000Z","529748909448304","https://www.facebook.com/100072395977057/posts/529748909448304","ZmVlZGJhY2s6NTI5NzQ4OTA5NDQ4MzA0XzE1Njg2NjA0MTcwNjQ2MTk=","Y29tbWVudDo1Mjk3NDg5MDk0NDgzMDRfMTU2ODY2MDQxNzA2NDYxOQ==","https://www.facebook.com/100072395977057/posts/529748909448304","0","111146814399157","574362981410869:FubsCreatorInfo",,"true",,,,,,"Gass manfaatkan sisa lahan yang ada untuk menanam Tower Hidroponik 🙌😃 #berkebun #reels #garden #kebun #hidroponik. Kebun Mahobi · Original audio","100000230742679","Arisha Try Widowati","https://scontent-atl3-1.xx.fbcdn.net/v/t39.30808-1/423247234_25030508069873539_4915904071525125186_n.jpg?stp=cp0_dst-jpg_s32x32&_nc_cat=108&ccb=1-7&_nc_sid=50d2ac&_nc_ohc=7EUf6g3BhE4Q7kNvgHsDyqx&_nc_ht=scontent-atl3-1.xx&_nc_gid=ARjgOj2NSrmr8wf26EzVBO8&oh=00_AYB13uOlq1neB7qKAjMvlvnBVnZbggd6WMSTXUmIAsfiKA&oe=6704704D","https://www.facebook.com/arisha.widowati",,"Woww sehat” yaa jadinya","0"
"https://www.facebook.com/reel/1584370222431590/?comment_id=499046039641190",,"2024-09-30T11:40:23.000Z","529748909448304","https://www.facebook.com/100072395977057/posts/529748909448304","ZmVlZGJhY2s6NTI5NzQ4OTA5NDQ4MzA0XzQ5OTA0NjAzOTY0MTE5MA==","Y29tbWVudDo1Mjk3NDg5MDk0NDgzMDRfNDk5MDQ2MDM5NjQxMTkw","https://www.facebook.com/100072395977057/posts/529748909448304","0","111146814399157","574362981410869:FubsCreatorInfo",,"true",,,,,,"Gass manfaatkan sisa lahan yang ada untuk menanam Tower Hidroponik 🙌😃 #berkebun #reels #garden #kebun #hidroponik. Kebun Mahobi · Original audio","691642155","Meites Liauw","https://scontent-atl3-2.xx.fbcdn.net/v/t39.30808-1/458983272_10161623860242156_7577003554864316475_n.jpg?stp=cp0_dst-jpg_s32x32&_nc_cat=102&ccb=1-7&_nc_sid=50d2ac&_nc_ohc=XKwmailOa0EQ7kNvgFQ98Pl&_nc_ht=scontent-atl3-2.xx&_nc_gid=ARjgOj2NSrmr8wf26EzVBO8&oh=00_AYD87lZAEjvwumcc-CH5B-GRnBT5pSQOO-r1bU4sj0P7eQ&oe=67049138","https://www.facebook.com/meites",,"Tower di jual brp ya ka??","0"
"https://www.facebook.com/100072395977057/videos/1640914896471369/?comment_id=1620288805186131","5","2024-09-30T13:38:23.000Z","534942072262321","https://www.facebook.com/100072395977057/posts/534942072262321","ZmVlZGJhY2s6NTM0OTQyMDcyMjYyMzIxXzE2MjAyODg4MDUxODYxMzE=","Y29tbWVudDo1MzQ5NDIwNzIyNjIzMjFfMTYyMDI4ODgwNTE4NjEzMQ==","https://www.facebook.com/100072395977057/posts/534942072262321","1",,,,,,,,,,"CARA MEMBUAT TOWER HIDROPONIK UNTUK MENANAM BERAGAM TANAMAN DI LAHAN TERBATAS SECARA VERTIKAL DARI AWAL PEMBUATAN SAMPAI PANEN DAN PASKA PANEN TANAMAN...","100014885730313","Fendi Rahmat Efendi","https://scontent-phx1-1.xx.fbcdn.net/v/t39.30808-1/461476965_1982380145601491_2117464953572240106_n.jpg?stp=c130.0.780.780a_cp0_dst-jpg_s32x32&_nc_cat=108&ccb=1-7&_nc_sid=50d2ac&_nc_ohc=SfCktTPZyAIQ7kNvgG3-bRL&_nc_ht=scontent-phx1-1.xx&_nc_gid=Ag7083Ihi_FmPCg7aY99kTz&oh=00_AYDlVz-bEpVT0lX-dQcOvpA9_G1Dex2RVIE0MDUk_Xnpxw&oe=67047BE0","https://www.facebook.com/people/Fendi-Rahmat-Efendi/100014885730313/",,"Kak untuk air nutrisinya berapa hari/Minggu untuk di ganti/di tambah?  🙏","0"
"https://www.facebook.com/100072395977057/videos/1640914896471369/?comment_id=1770410953787414","4","2024-10-01T02:47:40.000Z","534942072262321","https://www.facebook.com/100072395977057/posts/534942072262321","ZmVlZGJhY2s6NTM0OTQyMDcyMjYyMzIxXzE3NzA0MTA5NTM3ODc0MTQ=","Y29tbWVudDo1MzQ5NDIwNzIyNjIzMjFfMTc3MDQxMDk1Mzc4NzQxNA==","https://www.facebook.com/100072395977057/posts/534942072262321","1",,,,,,,,,,"CARA MEMBUAT TOWER HIDROPONIK UNTUK MENANAM BERAGAM TANAMAN DI LAHAN TERBATAS SECARA VERTIKAL DARI AWAL PEMBUATAN SAMPAI PANEN DAN PASKA PANEN TANAMAN...","pfbid0sXDVJExkBTxHb8m2nAyt9ahERRm4Fv4XbvCtxwVtqcjxvhyQP4iV9VDmVo74wceAl","Muhamad Tauhid","https://scontent-phx1-1.xx.fbcdn.net/v/t39.30808-1/448733500_8091793514177911_1760658322416886504_n.jpg?stp=cp0_dst-jpg_s32x32&_nc_cat=106&ccb=1-7&_nc_sid=0ecb9b&_nc_ohc=E_vPwwTg6nwQ7kNvgEXtwVE&_nc_ht=scontent-phx1-1.xx&_nc_gid=Ag7083Ihi_FmPCg7aY99kTz&oh=00_AYB4-NauWcoGyOPs3Y1FjXzmabb9SoWLqLvkCjJejKq9Mg&oe=67048A31","https://www.facebook.com/peter.patrick.902",,"Kak tinggal di daerah mana?","0"
"https://www.facebook.com/100072395977057/videos/1640914896471369/?comment_id=3622945227851909","1","2024-10-01T05:08:57.000Z","534942072262321","https://www.facebook.com/100072395977057/posts/534942072262321","ZmVlZGJhY2s6NTM0OTQyMDcyMjYyMzIxXzM2MjI5NDUyMjc4NTE5MDk=","Y29tbWVudDo1MzQ5NDIwNzIyNjIzMjFfMzYyMjk0NTIyNzg1MTkwOQ==","https://www.facebook.com/100072395977057/posts/534942072262321","1",,,,,,,,,,"CARA MEMBUAT TOWER HIDROPONIK UNTUK MENANAM BERAGAM TANAMAN DI LAHAN TERBATAS SECARA VERTIKAL DARI AWAL PEMBUATAN SAMPAI PANEN DAN PASKA PANEN TANAMAN...","1432623629","Bekti Adi Pramono","https://scontent-phx1-1.xx.fbcdn.net/v/t39.30808-1/461201106_10227096139056022_1823574886304884918_n.jpg?stp=cp0_dst-jpg_s32x32&_nc_cat=108&ccb=1-7&_nc_sid=50d2ac&_nc_ohc=cOaj5xd7o0sQ7kNvgFCAlQD&_nc_ht=scontent-phx1-1.xx&_nc_gid=Ag7083Ihi_FmPCg7aY99kTz&oh=00_AYBJ-36XvtA7KE9uzqDaxtDHcXM4xwndxLkR-VPl_mmXyA&oe=67049EDA","https://www.facebook.com/s.s.bekti",,"Mantap,sangat menginspirasi 👍","0"
"https://www.facebook.com/100072395977057/videos/1640914896471369/?comment_id=1082349436375234",,"2024-10-01T11:13:47.000Z","534942072262321","https://www.facebook.com/100072395977057/posts/534942072262321","ZmVlZGJhY2s6NTM0OTQyMDcyMjYyMzIxXzEwODIzNDk0MzYzNzUyMzQ=","Y29tbWVudDo1MzQ5NDIwNzIyNjIzMjFfMTA4MjM0OTQzNjM3NTIzNA==","https://www.facebook.com/100072395977057/posts/534942072262321","0",,,,,,,,,,"CARA MEMBUAT TOWER HIDROPONIK UNTUK MENANAM BERAGAM TANAMAN DI LAHAN TERBATAS SECARA VERTIKAL DARI AWAL PEMBUATAN SAMPAI PANEN DAN PASKA PANEN TANAMAN...","pfbid02qhpxrgPAiLksEhwYPFxH1FnYCcw6SNDmxn71KiQE6H4U78esGnCHfbmpCzMmPLsEl","Muhammad Halim","https://scontent-phx1-1.xx.fbcdn.net/v/t39.30808-1/394518638_239287262490223_3228352135707319087_n.jpg?stp=cp0_dst-jpg_s32x32&_nc_cat=108&ccb=1-7&_nc_sid=0ecb9b&_nc_ohc=lQ6HYVZ-cToQ7kNvgEV5JDO&_nc_ht=scontent-phx1-1.xx&_nc_gid=Ag7083Ihi_FmPCg7aY99kTz&oh=00_AYAQzPjbfBnK-XB9RFZB8f5X1Of6RSTr59fsCka713dlQw&oe=6704713D","https://www.facebook.com/people/Muhammad-Halim/pfbid02qhpxrgPAiLksEhwYPFxH1FnYCcw6SNDmxn71KiQE6H4U78esGnCHfbmpCzMmPLsEl/",,"Terbaik.
Terima kasih infonya","0"
"https://www.facebook.com/100072395977057/videos/1640914896471369/?comment_id=1717162839040277",,"2024-10-02T19:30:31.000Z","534942072262321","https://www.facebook.com/100072395977057/posts/534942072262321","ZmVlZGJhY2s6NTM0OTQyMDcyMjYyMzIxXzE3MTcxNjI4MzkwNDAyNzc=","Y29tbWVudDo1MzQ5NDIwNzIyNjIzMjFfMTcxNzE2MjgzOTA0MDI3Nw==","https://www.facebook.com/100072395977057/posts/534942072262321","0",,,,,,,,,,"CARA MEMBUAT TOWER HIDROPONIK UNTUK MENANAM BERAGAM TANAMAN DI LAHAN TERBATAS SECARA VERTIKAL DARI AWAL PEMBUATAN SAMPAI PANEN DAN PASKA PANEN TANAMAN...","100017689427486","Mutiatul Khoiroh","https://scontent-phx1-1.xx.fbcdn.net/v/t39.30808-1/461001156_1581680999098199_3362491394870521239_n.jpg?stp=cp0_dst-jpg_s32x32&_nc_cat=110&ccb=1-7&_nc_sid=50d2ac&_nc_ohc=DvgV5XKDufkQ7kNvgESB00J&_nc_ht=scontent-phx1-1.xx&_nc_gid=Ag7083Ihi_FmPCg7aY99kTz&oh=00_AYDZurUxinoUpl7wqdXJ7oMQLggZOUFAzTCrv0jLi4T_Hw&oe=67048276","https://www.facebook.com/mutiatul.khoiroh.16",,"Mantap banget,apalagi klo bisa beli pipa yg SDH jadi kayak gitu","0"
"https://www.facebook.com/100072395977057/videos/1640914896471369/?comment_id=1038789431305967",,"2024-10-01T09:36:13.000Z","534942072262321","https://www.facebook.com/100072395977057/posts/534942072262321","ZmVlZGJhY2s6NTM0OTQyMDcyMjYyMzIxXzEwMzg3ODk0MzEzMDU5Njc=","Y29tbWVudDo1MzQ5NDIwNzIyNjIzMjFfMTAzODc4OTQzMTMwNTk2Nw==","https://www.facebook.com/100072395977057/posts/534942072262321","0",,,,,,,,,,"CARA MEMBUAT TOWER HIDROPONIK UNTUK MENANAM BERAGAM TANAMAN DI LAHAN TERBATAS SECARA VERTIKAL DARI AWAL PEMBUATAN SAMPAI PANEN DAN PASKA PANEN TANAMAN...","pfbid0duxMCo8chBcYYib8zEd3YkGGgdb6EtDdGUXu1qEedm1UECWC4AW87cByPNBKF6Dzl","Pak Tani Saja","https://scontent-phx1-1.xx.fbcdn.net/v/t39.30808-1/385270821_331926946158859_3335857645993431348_n.jpg?stp=cp0_dst-jpg_s32x32&_nc_cat=111&ccb=1-7&_nc_sid=0ecb9b&_nc_ohc=8JXUBeldbgEQ7kNvgHe5o7T&_nc_ht=scontent-phx1-1.xx&_nc_gid=Ag7083Ihi_FmPCg7aY99kTz&oh=00_AYDuXdY4p6YWB45rBi9MPEQ-AipWdrshFUHCY6Q46o6zNA&oe=67049FC7","https://www.facebook.com/people/Pak-Tani-Saja/pfbid0duxMCo8chBcYYib8zEd3YkGGgdb6EtDdGUXu1qEedm1UECWC4AW87cByPNBKF6Dzl/",,"Jadi setiap Satu Tower mesin nya juga satu ya kak??","0"
"https://www.facebook.com/100072395977057/videos/1640914896471369/?comment_id=910778450939832",,"2024-10-01T08:24:44.000Z","534942072262321","https://www.facebook.com/100072395977057/posts/534942072262321","ZmVlZGJhY2s6NTM0OTQyMDcyMjYyMzIxXzkxMDc3ODQ1MDkzOTgzMg==","Y29tbWVudDo1MzQ5NDIwNzIyNjIzMjFfOTEwNzc4NDUwOTM5ODMy","https://www.facebook.com/100072395977057/posts/534942072262321","0",,,,,,,,,,"CARA MEMBUAT TOWER HIDROPONIK UNTUK MENANAM BERAGAM TANAMAN DI LAHAN TERBATAS SECARA VERTIKAL DARI AWAL PEMBUATAN SAMPAI PANEN DAN PASKA PANEN TANAMAN...","pfbid02kiChfCprgGrZvt6yz1kU5C4kMd2cB9DkyDj4aabehtkBW7KT5CVkCqf6dVq8Gugml","Su Dani","https://scontent-phx1-1.xx.fbcdn.net/v/t39.30808-1/415975220_122135637656080203_7182519821152589358_n.jpg?stp=cp0_dst-jpg_s32x32&_nc_cat=109&ccb=1-7&_nc_sid=0ecb9b&_nc_ohc=-jrxOmmRbwgQ7kNvgEzkcnt&_nc_ht=scontent-phx1-1.xx&_nc_gid=Ag7083Ihi_FmPCg7aY99kTz&oh=00_AYBWI1eBoQEG87_GZGpGavgsljLqA-qegTyU_8Aw2syKKQ&oe=6704999C","https://www.facebook.com/people/Su-Dani/pfbid02kiChfCprgGrZvt6yz1kU5C4kMd2cB9DkyDj4aabehtkBW7KT5CVkCqf6dVq8Gugml/",,"Ab mix nya merk apa yg","0"
"https://www.facebook.com/100072395977057/videos/1640914896471369/?comment_id=457642377291812",,"2024-10-01T23:00:19.000Z","534942072262321","https://www.facebook.com/100072395977057/posts/534942072262321","ZmVlZGJhY2s6NTM0OTQyMDcyMjYyMzIxXzQ1NzY0MjM3NzI5MTgxMg==","Y29tbWVudDo1MzQ5NDIwNzIyNjIzMjFfNDU3NjQyMzc3MjkxODEy","https://www.facebook.com/100072395977057/posts/534942072262321","0",,,,,,,,,,"CARA MEMBUAT TOWER HIDROPONIK UNTUK MENANAM BERAGAM TANAMAN DI LAHAN TERBATAS SECARA VERTIKAL DARI AWAL PEMBUATAN SAMPAI PANEN DAN PASKA PANEN TANAMAN...","pfbid02YQqoBNtzZjD5WB8wWfLWJwPhbNgTETc5XPmUhZDd6TtU2eKoZbeAZLcKm6k57Nfzl","Yuli Atin","https://scontent-phx1-1.xx.fbcdn.net/v/t39.30808-1/460475146_122134739048331041_7554096252813622898_n.jpg?stp=cp0_dst-jpg_s32x32&_nc_cat=106&ccb=1-7&_nc_sid=0ecb9b&_nc_ohc=R3WNrdtBqY0Q7kNvgElczqk&_nc_ht=scontent-phx1-1.xx&_nc_gid=Ag7083Ihi_FmPCg7aY99kTz&oh=00_AYAKf5vCT5dfNGgbRXVSJ7gS_nNx15yNzwOHpPUZovDOQQ&oe=67048F5A",,,"Terimakasih atas ilmunya mas yg sudah dibagikan 🙏👍","0"
"https://www.facebook.com/100072395977057/videos/1640914896471369/?comment_id=1242884556842647",,"2024-10-03T08:12:46.000Z","534942072262321","https://www.facebook.com/100072395977057/posts/534942072262321","ZmVlZGJhY2s6NTM0OTQyMDcyMjYyMzIxXzEyNDI4ODQ1NTY4NDI2NDc=","Y29tbWVudDo1MzQ5NDIwNzIyNjIzMjFfMTI0Mjg4NDU1Njg0MjY0Nw==","https://www.facebook.com/100072395977057/posts/534942072262321","0",,,,,,,,,,"CARA MEMBUAT TOWER HIDROPONIK UNTUK MENANAM BERAGAM TANAMAN DI LAHAN TERBATAS SECARA VERTIKAL DARI AWAL PEMBUATAN SAMPAI PANEN DAN PASKA PANEN TANAMAN...","pfbid0TjTQNyHCzxWcawojJbu4KWYjhChebmdL8zbwnKMs2Z7iPcqVXJwkYagRJXG8KFhel","Ratno Ratno","https://scontent-phx1-1.xx.fbcdn.net/v/t39.30808-1/430991910_311509705275231_6965773390060271411_n.jpg?stp=cp0_dst-jpg_s32x32&_nc_cat=110&ccb=1-7&_nc_sid=0ecb9b&_nc_ohc=i2WJxIRNUHQQ7kNvgH_Blls&_nc_ht=scontent-phx1-1.xx&_nc_gid=Ag7083Ihi_FmPCg7aY99kTz&oh=00_AYD3R3ImKXfqKXvS6DDV1E3CejLtC0IE7GxlL-SK4bg0zg&oe=6704856F","https://www.facebook.com/people/Ratno-Ratno/pfbid0TjTQNyHCzxWcawojJbu4KWYjhChebmdL8zbwnKMs2Z7iPcqVXJwkYagRJXG8KFhel/",,"Harga berpa kk","0"
"https://www.facebook.com/100072395977057/videos/1640914896471369/?comment_id=555623420365559",,"2024-10-03T05:51:08.000Z","534942072262321","https://www.facebook.com/100072395977057/posts/534942072262321","ZmVlZGJhY2s6NTM0OTQyMDcyMjYyMzIxXzU1NTYyMzQyMDM2NTU1OQ==","Y29tbWVudDo1MzQ5NDIwNzIyNjIzMjFfNTU1NjIzNDIwMzY1NTU5","https://www.facebook.com/100072395977057/posts/534942072262321","0",,,,,,,,,,"CARA MEMBUAT TOWER HIDROPONIK UNTUK MENANAM BERAGAM TANAMAN DI LAHAN TERBATAS SECARA VERTIKAL DARI AWAL PEMBUATAN SAMPAI PANEN DAN PASKA PANEN TANAMAN...","pfbid0Y3z2XteCgKLPs2rFXNUtmj7qvwjFXpHc7MVqKUkD9AACJz2UUBAjd8d4XvrjqxRQl","Hidayatul Amri Malin Sutan","https://scontent-phx1-1.xx.fbcdn.net/v/t39.30808-1/212227517_1186921578440288_7184174615927162264_n.jpg?stp=cp0_dst-jpg_s32x32&_nc_cat=101&ccb=1-7&_nc_sid=0ecb9b&_nc_ohc=H5XW4Tw3DQQQ7kNvgEB0hGZ&_nc_ht=scontent-phx1-1.xx&_nc_gid=Ag7083Ihi_FmPCg7aY99kTz&oh=00_AYCpVDZBm1c_TyfCI_9iMDuew9KEIN4rl9owY91Qk0pRjw&oe=67046BF1",,,"Tanaman apa saja yg bisa di tanam pakai aplikasi tower ini mas?","0"
"https://www.facebook.com/reel/507643771990291/?comment_id=1314705719492785","1","2024-09-21T05:41:59.000Z","527627826327079","https://www.facebook.com/100072395977057/posts/527627826327079","ZmVlZGJhY2s6NTI3NjI3ODI2MzI3MDc5XzEzMTQ3MDU3MTk0OTI3ODU=","Y29tbWVudDo1Mjc2Mjc4MjYzMjcwNzlfMTMxNDcwNTcxOTQ5Mjc4NQ==","https://www.facebook.com/100072395977057/posts/527627826327079","3","111146814399157","574362981410869:FubsCreatorInfo",,"true",,,,,,"Sulap Lahan 4x4,5 meter jadi Kebun Organik Impian Full Tanaman 🙌😃 #reels #kebun#garden #panen #buah. Kebun Mahobi · Original audio","pfbid0EQU1TFdJABkzpoHCEUt9YZXqJQZrcXL77iigwh2MXRyyV1ufsAK4Gwxfss5mnHdSl","Alim Zanwar","https://scontent-atl3-1.xx.fbcdn.net/v/t39.30808-1/289408306_5070318236429627_1369197515676639863_n.jpg?stp=c7.0.540.540a_cp0_dst-jpg_s32x32&_nc_cat=100&ccb=1-7&_nc_sid=0ecb9b&_nc_ohc=7MvatVN_RUEQ7kNvgG_Gjm1&_nc_ht=scontent-atl3-1.xx&_nc_gid=ALIzDoCeBI2EN_KgLLTm9xK&oh=00_AYAgAinqhfH-W6A2RxOIb3V23NlkwAWkshE7KV9g2LyDbA&oe=67048B9D","https://www.facebook.com/surya.atmaja.779",,"Tempat untuk demai itu apa namanya","0"
"https://www.facebook.com/reel/507643771990291/?comment_id=8431279700226404","1","2024-09-20T11:10:26.000Z","527627826327079","https://www.facebook.com/100072395977057/posts/527627826327079","ZmVlZGJhY2s6NTI3NjI3ODI2MzI3MDc5Xzg0MzEyNzk3MDAyMjY0MDQ=","Y29tbWVudDo1Mjc2Mjc4MjYzMjcwNzlfODQzMTI3OTcwMDIyNjQwNA==","https://www.facebook.com/100072395977057/posts/527627826327079","2","111146814399157","574362981410869:FubsCreatorInfo",,"true",,,,,,"Sulap Lahan 4x4,5 meter jadi Kebun Organik Impian Full Tanaman 🙌😃 #reels #kebun#garden #panen #buah. Kebun Mahobi · Original audio","100000144475608","Enggi Arief","https://scontent-atl3-2.xx.fbcdn.net/v/t39.30808-1/385388167_7430167263664682_7489977700158180421_n.jpg?stp=cp0_dst-jpg_s32x32&_nc_cat=105&ccb=1-7&_nc_sid=50d2ac&_nc_ohc=sJKvdvvnX9YQ7kNvgHFbsI2&_nc_ht=scontent-atl3-2.xx&_nc_gid=ALIzDoCeBI2EN_KgLLTm9xK&oh=00_AYCEvs7nKArkVFF-Jrg38aIllbvymHegmm4zGmp3AiK8gQ&oe=67047D82","https://www.facebook.com/enggi.arief",,"Spill atapnya bang","0"
"https://www.facebook.com/reel/507643771990291/?comment_id=436079752265060","1","2024-09-20T06:56:00.000Z","527627826327079","https://www.facebook.com/100072395977057/posts/527627826327079","ZmVlZGJhY2s6NTI3NjI3ODI2MzI3MDc5XzQzNjA3OTc1MjI2NTA2MA==","Y29tbWVudDo1Mjc2Mjc4MjYzMjcwNzlfNDM2MDc5NzUyMjY1MDYw","https://www.facebook.com/100072395977057/posts/527627826327079","4","111146814399157","574362981410869:FubsCreatorInfo",,"true",,,,,,"Sulap Lahan 4x4,5 meter jadi Kebun Organik Impian Full Tanaman 🙌😃 #reels #kebun#garden #panen #buah. Kebun Mahobi · Original audio","pfbid025kY43oc3nPCKKasS9w6RiexiHc243HZm27sqSh6sEmqZx3Zfzexv5kM3AHJWnRhsl","Endang Sutriaman","https://scontent-atl3-1.xx.fbcdn.net/v/t39.30808-1/449207755_1229342605146131_5380902749384406587_n.jpg?stp=cp0_dst-jpg_s32x32&_nc_cat=103&ccb=1-7&_nc_sid=0ecb9b&_nc_ohc=svySXCt8PUcQ7kNvgEUQSS4&_nc_ht=scontent-atl3-1.xx&_nc_gid=ALIzDoCeBI2EN_KgLLTm9xK&oh=00_AYAlMIx3hMq-hTsbkQG7mMNO65G0yr9cAuTrPEEsUFL8Aw&oe=67046EF6","https://www.facebook.com/endang.sutriaman.5",,"Mau tanya itu atapnya plastik atw paranet kang..","0"
"https://www.facebook.com/reel/507643771990291/?comment_id=493766566892880",,"2024-09-21T06:07:30.000Z","527627826327079","https://www.facebook.com/100072395977057/posts/527627826327079","ZmVlZGJhY2s6NTI3NjI3ODI2MzI3MDc5XzQ5Mzc2NjU2Njg5Mjg4MA==","Y29tbWVudDo1Mjc2Mjc4MjYzMjcwNzlfNDkzNzY2NTY2ODkyODgw","https://www.facebook.com/100072395977057/posts/527627826327079","0","111146814399157","574362981410869:FubsCreatorInfo",,"true",,,,,,"Sulap Lahan 4x4,5 meter jadi Kebun Organik Impian Full Tanaman 🙌😃 #reels #kebun#garden #panen #buah. Kebun Mahobi · Original audio","61554511182975","tika ca","https://scontent-atl3-2.xx.fbcdn.net/v/t39.30808-1/459297652_122167554032150372_6488930148836093741_n.jpg?stp=cp0_dst-jpg_s32x32&_nc_cat=104&ccb=1-7&_nc_sid=f4b9fd&_nc_ohc=R9w28TbbcGUQ7kNvgH0SZiA&_nc_ht=scontent-atl3-2.xx&_nc_gid=ALIzDoCeBI2EN_KgLLTm9xK&oh=00_AYDfPsd6-rwPw3N_viMMIqDYOxoxDAgSGGcovSrBFw-jDA&oe=67046FD7","https://www.facebook.com/people/tika-ca/61554511182975/",,"Pengen bangett punya kebunn ginii","0"
"https://www.facebook.com/reel/507643771990291/?comment_id=973613094443787",,"2024-09-20T09:54:25.000Z","527627826327079","https://www.facebook.com/100072395977057/posts/527627826327079","ZmVlZGJhY2s6NTI3NjI3ODI2MzI3MDc5Xzk3MzYxMzA5NDQ0Mzc4Nw==","Y29tbWVudDo1Mjc2Mjc4MjYzMjcwNzlfOTczNjEzMDk0NDQzNzg3","https://www.facebook.com/100072395977057/posts/527627826327079","0","111146814399157","574362981410869:FubsCreatorInfo",,"true",,,,,,"Sulap Lahan 4x4,5 meter jadi Kebun Organik Impian Full Tanaman 🙌😃 #reels #kebun#garden #panen #buah. Kebun Mahobi · Original audio","100001233285920","Susie Say","https://scontent-atl3-1.xx.fbcdn.net/v/t39.30808-1/455363619_8361775227206837_373991840896737741_n.jpg?stp=cp0_dst-jpg_s32x32&_nc_cat=110&ccb=1-7&_nc_sid=50d2ac&_nc_ohc=YUfYy6P7kUQQ7kNvgGQJ_1P&_nc_ht=scontent-atl3-1.xx&_nc_gid=ALIzDoCeBI2EN_KgLLTm9xK&oh=00_AYBJuBkRNM49ExFBs0cYTnNDgowZcq7ELnFbwryY-4R9pQ&oe=67046CF2","https://www.facebook.com/Susiesay",,"Subur2 tanamnya","0"
"https://www.facebook.com/reel/507643771990291/?comment_id=896375675717227",,"2024-09-20T07:30:57.000Z","527627826327079","https://www.facebook.com/100072395977057/posts/527627826327079","ZmVlZGJhY2s6NTI3NjI3ODI2MzI3MDc5Xzg5NjM3NTY3NTcxNzIyNw==","Y29tbWVudDo1Mjc2Mjc4MjYzMjcwNzlfODk2Mzc1Njc1NzE3MjI3","https://www.facebook.com/100072395977057/posts/527627826327079","0","111146814399157","574362981410869:FubsCreatorInfo",,"true",,,,,,"Sulap Lahan 4x4,5 meter jadi Kebun Organik Impian Full Tanaman 🙌😃 #reels #kebun#garden #panen #buah. Kebun Mahobi · Original audio","pfbid02aWHPRWXH5A7Vsiw59E3GAZAZAmKfCeavMKiTbUcBhePUZWCuF2uN1r3kZtCWcXKel","Umiati","https://scontent-atl3-1.xx.fbcdn.net/v/t39.30808-1/457001107_816186763963771_8332426941728296800_n.jpg?stp=cp0_dst-jpg_s32x32&_nc_cat=108&ccb=1-7&_nc_sid=0ecb9b&_nc_ohc=PJW9rvknD7cQ7kNvgE262L2&_nc_ht=scontent-atl3-1.xx&_nc_gid=ALIzDoCeBI2EN_KgLLTm9xK&oh=00_AYDzyXO8LdfzMwwzpxmwbAj8ZGJJqO-epRF120mBTbhe3g&oe=67048EB2","https://www.facebook.com/people/Umiati/pfbid02aWHPRWXH5A7Vsiw59E3GAZAZAmKfCeavMKiTbUcBhePUZWCuF2uN1r3kZtCWcXKel/",,"Mantep bgt","0"
"https://www.facebook.com/reel/507643771990291/?comment_id=1035244881200193",,"2024-09-20T10:53:55.000Z","527627826327079","https://www.facebook.com/100072395977057/posts/527627826327079","ZmVlZGJhY2s6NTI3NjI3ODI2MzI3MDc5XzEwMzUyNDQ4ODEyMDAxOTM=","Y29tbWVudDo1Mjc2Mjc4MjYzMjcwNzlfMTAzNTI0NDg4MTIwMDE5Mw==","https://www.facebook.com/100072395977057/posts/527627826327079","0","111146814399157","574362981410869:FubsCreatorInfo",,"true",,,,,,"Sulap Lahan 4x4,5 meter jadi Kebun Organik Impian Full Tanaman 🙌😃 #reels #kebun#garden #panen #buah. Kebun Mahobi · Original audio","100035184983695","Jo Jo","https://scontent-atl3-1.xx.fbcdn.net/v/t39.30808-1/411125879_1086952499154239_3040589718583969417_n.jpg?stp=cp0_dst-jpg_s32x32&_nc_cat=109&ccb=1-7&_nc_sid=50d2ac&_nc_ohc=pgQfPCrr1RMQ7kNvgG1aiR_&_nc_ht=scontent-atl3-1.xx&_nc_gid=ALIzDoCeBI2EN_KgLLTm9xK&oh=00_AYDCfK58csAp0ujrZY_7BzRP05h3xVkogcAkkGuL_eNuUw&oe=6704821C",,,"Mantap banget","0"
"https://www.facebook.com/reel/507643771990291/?comment_id=1991123461342075",,"2024-09-20T16:31:21.000Z","527627826327079","https://www.facebook.com/100072395977057/posts/527627826327079","ZmVlZGJhY2s6NTI3NjI3ODI2MzI3MDc5XzE5OTExMjM0NjEzNDIwNzU=","Y29tbWVudDo1Mjc2Mjc4MjYzMjcwNzlfMTk5MTEyMzQ2MTM0MjA3NQ==","https://www.facebook.com/100072395977057/posts/527627826327079","0","111146814399157","574362981410869:FubsCreatorInfo",,"true",,,,,,"Sulap Lahan 4x4,5 meter jadi Kebun Organik Impian Full Tanaman 🙌😃 #reels #kebun#garden #panen #buah. Kebun Mahobi · Original audio","100043040972955","Dani Ibrahim","https://scontent-atl3-1.xx.fbcdn.net/v/t39.30808-1/318209920_873224917455533_3794406400144440694_n.jpg?stp=c0.0.535.535a_cp0_dst-jpg_s32x32&_nc_cat=103&ccb=1-7&_nc_sid=50d2ac&_nc_ohc=pRdtAAOgI04Q7kNvgHGLC76&_nc_ht=scontent-atl3-1.xx&_nc_gid=ALIzDoCeBI2EN_KgLLTm9xK&oh=00_AYCuL03musH9XGKc32nX_z8O2zCyf8jD4juLBnIflgqZRA&oe=670479F1","https://www.facebook.com/dani.ibrahim.1865",,"❤️🔥mantaap","0"
"https://www.facebook.com/reel/507643771990291/?comment_id=1487578175296155",,"2024-09-24T08:53:25.000Z","527627826327079","https://www.facebook.com/100072395977057/posts/527627826327079","ZmVlZGJhY2s6NTI3NjI3ODI2MzI3MDc5XzE0ODc1NzgxNzUyOTYxNTU=","Y29tbWVudDo1Mjc2Mjc4MjYzMjcwNzlfMTQ4NzU3ODE3NTI5NjE1NQ==","https://www.facebook.com/100072395977057/posts/527627826327079","0","111146814399157","574362981410869:FubsCreatorInfo",,"true",,,,,,"Sulap Lahan 4x4,5 meter jadi Kebun Organik Impian Full Tanaman 🙌😃 #reels #kebun#garden #panen #buah. Kebun Mahobi · Original audio","100006430062462","Febrian Titapri","https://scontent-atl3-1.xx.fbcdn.net/v/t39.30808-1/456164899_4542533065970984_1823281924140288099_n.jpg?stp=cp0_dst-jpg_s32x32&_nc_cat=109&ccb=1-7&_nc_sid=50d2ac&_nc_ohc=qkC1CtNUiHkQ7kNvgGzYv1K&_nc_ht=scontent-atl3-1.xx&_nc_gid=ALIzDoCeBI2EN_KgLLTm9xK&oh=00_AYCOoPvy_SLqu06PZD_B_L6T6ELHBFYRbnxUzb89VD8YOw&oe=670492EA","https://www.facebook.com/febrian.titapri.50",,"Keren pokoknya pak 
Sukses selalu","0"
"https://www.facebook.com/reel/507643771990291/?comment_id=904726234846050",,"2024-09-20T06:36:27.000Z","527627826327079","https://www.facebook.com/100072395977057/posts/527627826327079","ZmVlZGJhY2s6NTI3NjI3ODI2MzI3MDc5XzkwNDcyNjIzNDg0NjA1MA==","Y29tbWVudDo1Mjc2Mjc4MjYzMjcwNzlfOTA0NzI2MjM0ODQ2MDUw","https://www.facebook.com/100072395977057/posts/527627826327079","0","111146814399157","574362981410869:FubsCreatorInfo",,"true",,,,,,"Sulap Lahan 4x4,5 meter jadi Kebun Organik Impian Full Tanaman 🙌😃 #reels #kebun#garden #panen #buah. Kebun Mahobi · Original audio","pfbid0gGMkKvo8EEdX35qoMQsHwgLVz2XfKfGLpyUfQH7JXgAzWMhzN8JMsNJ5kekShVTRl","Yuniae Sri Kandi","https://scontent-atl3-1.xx.fbcdn.net/v/t39.30808-1/435415678_2642698842559860_3961017157415376884_n.jpg?stp=c0.24.528.528a_cp0_dst-jpg_s32x32&_nc_cat=107&ccb=1-7&_nc_sid=0ecb9b&_nc_ohc=86BOfp_63GwQ7kNvgEtjuN6&_nc_ht=scontent-atl3-1.xx&_nc_gid=ALIzDoCeBI2EN_KgLLTm9xK&oh=00_AYCBieSRHyNOQKVIKV61ds6B2j2cSmGJ7TiWrIl0U1ftWA&oe=6704711F","https://www.facebook.com/ragel.yuniae",,"Mas  bisa g nanti kalau dah siap mau minta bimbingan mulai dr nol","0"
"https://www.facebook.com/reel/403365355901053/?comment_id=1065024955349378",,"2024-09-29T05:45:50.000Z","534019885687873","https://www.facebook.com/100072395977057/posts/534019885687873","ZmVlZGJhY2s6NTM0MDE5ODg1Njg3ODczXzEwNjUwMjQ5NTUzNDkzNzg=","Y29tbWVudDo1MzQwMTk4ODU2ODc4NzNfMTA2NTAyNDk1NTM0OTM3OA==","https://www.facebook.com/100072395977057/posts/534019885687873","0","111146814399157","574362981410869:FubsCreatorInfo",,"true",,,,,,"Pembuatan Kebun Hidroponik Baru Ibu Ibu PKK Desa Bohol, Rongkop, Gunungkidul, DIY 🙌😃 #reels #kebun #garden #hidroponik. Kebun Mahobi · Original audio","pfbid02oL7Z97fN3B1yNg5rbhjh4uy7dwRGXvaNpgAfta7hMVHY9CkxVGpDrcFik8vfq2bbl","Amenyedor Jammy","https://scontent-iad3-2.xx.fbcdn.net/v/t39.30808-1/261531562_10158960983568096_646223351773199636_n.jpg?stp=c6.0.329.329a_cp0_dst-jpg_s32x32&_nc_cat=106&ccb=1-7&_nc_sid=0ecb9b&_nc_ohc=qLWBBVy5b6UQ7kNvgErhTW-&_nc_ht=scontent-iad3-2.xx&_nc_gid=AYjhaCE5DZhy544R0pcGF2C&oh=00_AYAryXEmHImUS3mQP6nAdjsn_5xSwUTiKhi9AkwZR_M7ng&oe=67049A8D",,,"Bestnya..jika dapat belajar dari orang yg arif tentang hydroponics...impian dari dulu nak belajar yg ini..tapi belum kesampaian.","0"
"https://www.facebook.com/reel/403365355901053/?comment_id=547459594482118",,"2024-09-30T01:20:12.000Z","534019885687873","https://www.facebook.com/100072395977057/posts/534019885687873","ZmVlZGJhY2s6NTM0MDE5ODg1Njg3ODczXzU0NzQ1OTU5NDQ4MjExOA==","Y29tbWVudDo1MzQwMTk4ODU2ODc4NzNfNTQ3NDU5NTk0NDgyMTE4","https://www.facebook.com/100072395977057/posts/534019885687873","0","111146814399157","574362981410869:FubsCreatorInfo",,"true",,,,,,"Pembuatan Kebun Hidroponik Baru Ibu Ibu PKK Desa Bohol, Rongkop, Gunungkidul, DIY 🙌😃 #reels #kebun #garden #hidroponik. Kebun Mahobi · Original audio","pfbid02G5Shuzw184qHwXUzUhooGZdjc1PHmKPPDc44WX23JJix9TGWbtayKCPgtWfwEzbkl","Dylan Tandikaraeng","https://scontent-iad3-2.xx.fbcdn.net/v/t39.30808-1/461308834_2703085023207366_4029916945586271830_n.jpg?stp=cp0_dst-jpg_s32x32&_nc_cat=106&ccb=1-7&_nc_sid=0ecb9b&_nc_ohc=VMMc1aeapLkQ7kNvgGaOVRb&_nc_ht=scontent-iad3-2.xx&_nc_gid=AYjhaCE5DZhy544R0pcGF2C&oh=00_AYA2k46R6Qa7uv6niCjP4whwxBimoxdtvoDfCr6vZ0_3jg&oe=6704843A",,,"kalau di tempat sy pegunungan, klp dasawisma sangat aktif memanfaatkan pekarangan rumah u sayuran","0"
"https://www.facebook.com/reel/403365355901053/?comment_id=991986922683007",,"2024-09-29T06:49:34.000Z","534019885687873","https://www.facebook.com/100072395977057/posts/534019885687873","ZmVlZGJhY2s6NTM0MDE5ODg1Njg3ODczXzk5MTk4NjkyMjY4MzAwNw==","Y29tbWVudDo1MzQwMTk4ODU2ODc4NzNfOTkxOTg2OTIyNjgzMDA3","https://www.facebook.com/100072395977057/posts/534019885687873","1","111146814399157","574362981410869:FubsCreatorInfo",,"true",,,,,,"Pembuatan Kebun Hidroponik Baru Ibu Ibu PKK Desa Bohol, Rongkop, Gunungkidul, DIY 🙌😃 #reels #kebun #garden #hidroponik. Kebun Mahobi · Original audio","100005849708317","AbuMieqdad Ukki","https://scontent-iad3-2.xx.fbcdn.net/v/t39.30808-1/456237458_2573986999472932_5450758157486627724_n.jpg?stp=cp0_dst-jpg_s32x32&_nc_cat=111&ccb=1-7&_nc_sid=50d2ac&_nc_ohc=D0XXlTtL_vIQ7kNvgGehpQY&_nc_ht=scontent-iad3-2.xx&_nc_gid=AYjhaCE5DZhy544R0pcGF2C&oh=00_AYCvdfKERaBVkaHaCJbNUh8tFOx2SUzefco_v6v18dN1_Q&oe=67049BD9","https://www.facebook.com/abumieqdad.ukki",,"Sebetulnya mau sekali berkebun untuk Pesantren Manbaul Khair agar bisa memanen makan sendiri para santri.","0"
"https://www.facebook.com/reel/403365355901053/?comment_id=1517730412204889",,"2024-09-29T09:29:10.000Z","534019885687873","https://www.facebook.com/100072395977057/posts/534019885687873","ZmVlZGJhY2s6NTM0MDE5ODg1Njg3ODczXzE1MTc3MzA0MTIyMDQ4ODk=","Y29tbWVudDo1MzQwMTk4ODU2ODc4NzNfMTUxNzczMDQxMjIwNDg4OQ==","https://www.facebook.com/100072395977057/posts/534019885687873","0","111146814399157","574362981410869:FubsCreatorInfo",,"true",,,,,,"Pembuatan Kebun Hidroponik Baru Ibu Ibu PKK Desa Bohol, Rongkop, Gunungkidul, DIY 🙌😃 #reels #kebun #garden #hidroponik. Kebun Mahobi · Original audio","100010467668119","Mymy ArsyadanArsy","https://scontent-iad3-2.xx.fbcdn.net/v/t39.30808-1/449456482_2190140674678167_1236469106203709449_n.jpg?stp=c0.0.768.768a_cp0_dst-jpg_s32x32&_nc_cat=109&ccb=1-7&_nc_sid=50d2ac&_nc_ohc=EEpeTLLR6d4Q7kNvgES5z5H&_nc_ht=scontent-iad3-2.xx&_nc_gid=AYjhaCE5DZhy544R0pcGF2C&oh=00_AYD4GNG7cyAiBxwwgQ1-n8LCX6OYW3IshP6yIHkEOnSY9w&oe=67047F83","https://www.facebook.com/amy.bahry.1",,"kerennn😍😍😍😍","0"
"https://www.facebook.com/reel/403365355901053/?comment_id=3945807285653814",,"2024-09-29T06:39:35.000Z","534019885687873","https://www.facebook.com/100072395977057/posts/534019885687873","ZmVlZGJhY2s6NTM0MDE5ODg1Njg3ODczXzM5NDU4MDcyODU2NTM4MTQ=","Y29tbWVudDo1MzQwMTk4ODU2ODc4NzNfMzk0NTgwNzI4NTY1MzgxNA==","https://www.facebook.com/100072395977057/posts/534019885687873","1","111146814399157","574362981410869:FubsCreatorInfo",,"true",,,,,,"Pembuatan Kebun Hidroponik Baru Ibu Ibu PKK Desa Bohol, Rongkop, Gunungkidul, DIY 🙌😃 #reels #kebun #garden #hidroponik. Kebun Mahobi · Original audio","pfbid03514xnggV21S15cvdXd1Cjom4zsVRy3ozJZdLCg1hFNzWipoDJGp5kGKW5ckih22Sl","Ratna Nak RaGgil","https://scontent-iad3-2.xx.fbcdn.net/v/t1.6435-1/188172003_3383990458370425_5177323113944132000_n.jpg?stp=cp0_dst-jpg_s32x32&_nc_cat=106&ccb=1-7&_nc_sid=e4545e&_nc_ohc=a7uMcu5ybVoQ7kNvgGkILKC&_nc_ht=scontent-iad3-2.xx&_nc_gid=AYjhaCE5DZhy544R0pcGF2C&oh=00_AYCIhL8eDSTSz36BXPzyNH4zEMuNen3pYObiMJkYYxqr-g&oe=672629C1","https://www.facebook.com/ratna.raggil",,"Kepengen belajar tp gk tau kmn&mulai dari mana.. Krn sebelah rumah ad tanah kosong 1*11 m lumayan kn kalo d buat kebun,, tp gk tau caranya","0"
"https://www.facebook.com/reel/403365355901053/?comment_id=1429810710999714",,"2024-10-02T10:02:55.000Z","534019885687873","https://www.facebook.com/100072395977057/posts/534019885687873","ZmVlZGJhY2s6NTM0MDE5ODg1Njg3ODczXzE0Mjk4MTA3MTA5OTk3MTQ=","Y29tbWVudDo1MzQwMTk4ODU2ODc4NzNfMTQyOTgxMDcxMDk5OTcxNA==","https://www.facebook.com/100072395977057/posts/534019885687873","0","111146814399157","574362981410869:FubsCreatorInfo",,"true",,,,,,"Pembuatan Kebun Hidroponik Baru Ibu Ibu PKK Desa Bohol, Rongkop, Gunungkidul, DIY 🙌😃 #reels #kebun #garden #hidroponik. Kebun Mahobi · Original audio","100003645931727","Fhland Stya","https://scontent-iad3-2.xx.fbcdn.net/v/t39.30808-1/420085921_3095275550603946_4667029443027730622_n.jpg?stp=cp0_dst-jpg_s32x32&_nc_cat=106&ccb=1-7&_nc_sid=50d2ac&_nc_ohc=S09P02DnxKYQ7kNvgHbfuyo&_nc_ht=scontent-iad3-2.xx&_nc_gid=AYjhaCE5DZhy544R0pcGF2C&oh=00_AYBGvQHQsXW-gOJCnjO_L-V-BcYbe6zDy3tAs1IeH6RKgg&oe=67049C07","https://www.facebook.com/fheland",,"Cara meracik nutrisi agar ttp stabil kadar aerny","0"
"https://www.facebook.com/reel/403365355901053/?comment_id=1625845741341451",,"2024-09-29T05:59:42.000Z","534019885687873","https://www.facebook.com/100072395977057/posts/534019885687873","ZmVlZGJhY2s6NTM0MDE5ODg1Njg3ODczXzE2MjU4NDU3NDEzNDE0NTE=","Y29tbWVudDo1MzQwMTk4ODU2ODc4NzNfMTYyNTg0NTc0MTM0MTQ1MQ==","https://www.facebook.com/100072395977057/posts/534019885687873","0","111146814399157","574362981410869:FubsCreatorInfo",,"true",,,,,,"Pembuatan Kebun Hidroponik Baru Ibu Ibu PKK Desa Bohol, Rongkop, Gunungkidul, DIY 🙌😃 #reels #kebun #garden #hidroponik. Kebun Mahobi · Original audio","pfbid0cVHNRNoDvAWXjjjYTWqCkZ7QsaHtHi2SpT4864P3upoD6gzspD25BbdGTabsRhUpl","Akhmad Nur Hidayat","https://scontent-iad3-2.xx.fbcdn.net/v/t39.30808-1/408042104_6990143687741209_3510584073579897857_n.jpg?stp=cp0_dst-jpg_s32x32&_nc_cat=105&ccb=1-7&_nc_sid=0ecb9b&_nc_ohc=HF6HjFQb1xQQ7kNvgFS3I7Z&_nc_ht=scontent-iad3-2.xx&_nc_gid=AYjhaCE5DZhy544R0pcGF2C&oh=00_AYBqzrRjmmDtowQPrTGe606F8I6k8BJT3YtylJv4InJqWA&oe=670486CC","https://www.facebook.com/likestatusmuu",,"Kisaran habis berapa om","0"
"https://www.facebook.com/reel/403365355901053/?comment_id=441544702280069","1","2024-09-29T06:15:31.000Z","534019885687873","https://www.facebook.com/100072395977057/posts/534019885687873","ZmVlZGJhY2s6NTM0MDE5ODg1Njg3ODczXzQ0MTU0NDcwMjI4MDA2OQ==","Y29tbWVudDo1MzQwMTk4ODU2ODc4NzNfNDQxNTQ0NzAyMjgwMDY5","https://www.facebook.com/100072395977057/posts/534019885687873","1","111146814399157","574362981410869:FubsCreatorInfo",,"true",,,,,,"Pembuatan Kebun Hidroponik Baru Ibu Ibu PKK Desa Bohol, Rongkop, Gunungkidul, DIY 🙌😃 #reels #kebun #garden #hidroponik. Kebun Mahobi · Original audio","pfbid029vSFXUhkHK9qJhECtWTUCmLheAQpTWjxmJY1tkarKY9aqLJCVfKzfdCHkxNiPfaQl","Jiddahnya Ahmad Ahmad","https://scontent-iad3-2.xx.fbcdn.net/v/t39.30808-1/277299704_123335376951815_8998859439083423792_n.jpg?stp=cp0_dst-jpg_s32x32&_nc_cat=105&ccb=1-7&_nc_sid=0ecb9b&_nc_ohc=Y3QqG_3atlIQ7kNvgH5IHOq&_nc_ht=scontent-iad3-2.xx&_nc_gid=AYjhaCE5DZhy544R0pcGF2C&oh=00_AYDBbP7aE6TU7eBNYMinR51cP1HjbSRm5IEczMPQ7wTKRQ&oe=67046A32","https://www.facebook.com/people/Jiddahnya-Ahmad-Ahmad/pfbid029vSFXUhkHK9qJhECtWTUCmLheAQpTWjxmJY1tkarKY9aqLJCVfKzfdCHkxNiPfaQl/",,"Pengen ikut belajar/ pelatihan","0"
"https://www.facebook.com/reel/403365355901053/?comment_id=521436830505825",,"2024-09-29T05:37:28.000Z","534019885687873","https://www.facebook.com/100072395977057/posts/534019885687873","ZmVlZGJhY2s6NTM0MDE5ODg1Njg3ODczXzUyMTQzNjgzMDUwNTgyNQ==","Y29tbWVudDo1MzQwMTk4ODU2ODc4NzNfNTIxNDM2ODMwNTA1ODI1","https://www.facebook.com/100072395977057/posts/534019885687873","0","111146814399157","574362981410869:FubsCreatorInfo",,"true",,,,,,"Pembuatan Kebun Hidroponik Baru Ibu Ibu PKK Desa Bohol, Rongkop, Gunungkidul, DIY 🙌😃 #reels #kebun #garden #hidroponik. Kebun Mahobi · Original audio","100004319164295","Joko Irawan","https://scontent-iad3-1.xx.fbcdn.net/v/t39.30808-1/450466802_2832759850211293_3224519795805461626_n.jpg?stp=cp6_dst-jpg_s32x32&_nc_cat=104&ccb=1-7&_nc_sid=50d2ac&_nc_ohc=MIWQ9q8KGrwQ7kNvgFNwQi1&_nc_ht=scontent-iad3-1.xx&_nc_gid=AYjhaCE5DZhy544R0pcGF2C&oh=00_AYD2fHA9z92_pct8cnyXSoYn9O0YD4WNtQW7gasdIYKJIQ&oe=670497D5","https://www.facebook.com/joko.irawan.587",,"Mas kalo mau remixer video sampean boleh gak heheh?","0"
"https://www.facebook.com/reel/403365355901053/?comment_id=408538378703481",,"2024-10-01T04:13:14.000Z","534019885687873","https://www.facebook.com/100072395977057/posts/534019885687873","ZmVlZGJhY2s6NTM0MDE5ODg1Njg3ODczXzQwODUzODM3ODcwMzQ4MQ==","Y29tbWVudDo1MzQwMTk4ODU2ODc4NzNfNDA4NTM4Mzc4NzAzNDgx","https://www.facebook.com/100072395977057/posts/534019885687873","0","111146814399157","574362981410869:FubsCreatorInfo",,"true",,,,,,"Pembuatan Kebun Hidroponik Baru Ibu Ibu PKK Desa Bohol, Rongkop, Gunungkidul, DIY 🙌😃 #reels #kebun #garden #hidroponik. Kebun Mahobi · Original audio","100004275850761","Hartini Rosyid","https://scontent-iad3-2.xx.fbcdn.net/v/t39.30808-1/407648321_2670753849743784_7757436874436481150_n.jpg?stp=cp0_dst-jpg_s32x32&_nc_cat=109&ccb=1-7&_nc_sid=50d2ac&_nc_ohc=HIiQk2VDtQAQ7kNvgGBZmoP&_nc_ht=scontent-iad3-2.xx&_nc_gid=AYjhaCE5DZhy544R0pcGF2C&oh=00_AYDJoPOStDXdDi_iEl7TvLcEqfVkqMSe8eJXc0O5Mjw6mA&oe=67048414","https://www.facebook.com/hartini.shin",,"Serius nanya mas biaya berapa untuk green house nya pingin buat aku  , tak uzin  save videonya ya mas","0"
"https://www.facebook.com/reel/1584370222431590/?comment_id=1265495294808116&reply_comment_id=546744947747990","1","2024-09-27T06:15:54.000Z","529748909448304","https://www.facebook.com/100072395977057/posts/529748909448304","ZmVlZGJhY2s6NTI5NzQ4OTA5NDQ4MzA0XzU0Njc0NDk0Nzc0Nzk5MA==","Y29tbWVudDo1Mjk3NDg5MDk0NDgzMDRfNTQ2NzQ0OTQ3NzQ3OTkw","https://www.facebook.com/100072395977057/posts/529748909448304","1","111146814399157","574362981410869:FubsCreatorInfo",,"true","User","100046176362913","Bagus Kesini Daripada Kesitu","Bagus Kesini","Y29tbWVudDo1Mjk3NDg5MDk0NDgzMDRfMTI2NTQ5NTI5NDgwODExNg==","Gass manfaatkan sisa lahan yang ada untuk menanam Tower Hidroponik 🙌😃 #berkebun #reels #garden #kebun #hidroponik. Kebun Mahobi · Original audio","100072395977057","Kebun Mahobi","https://scontent-ord5-1.xx.fbcdn.net/v/t39.30808-1/309593998_189851716771360_7588998626521373177_n.jpg?stp=cp0_dst-jpg_s32x32&_nc_cat=109&ccb=1-7&_nc_sid=f4b9fd&_nc_ohc=dJZDlLQ-ZsIQ7kNvgGcLewT&_nc_ht=scontent-ord5-1.xx&_nc_gid=A5PB5P6JOZ2RazM9yu6XZ_O&oh=00_AYC4E4HaVTuhvDEo77d050coZWsk0gHcVlceDWGxD47xAg&oe=67047D9D","https://www.facebook.com/people/Kebun-Mahobi/100072395977057/","Y29tbWVudDo1Mjk3NDg5MDk0NDgzMDRfMTI2NTQ5NTI5NDgwODExNg==","Bagus Kesini Daripada Kesitu airnya dari ember nutrisi diangkat pakai pompa sampai atas, nanti dari atas air kembali turun ke bawah membasahi akar dan kembali masuk ke ember nutrisi kak 🙌","1"
"https://www.facebook.com/reel/1584370222431590/?comment_id=1265495294808116&reply_comment_id=1217867156193113",,"2024-09-27T08:26:15.000Z","529748909448304","https://www.facebook.com/100072395977057/posts/529748909448304","ZmVlZGJhY2s6NTI5NzQ4OTA5NDQ4MzA0XzEyMTc4NjcxNTYxOTMxMTM=","Y29tbWVudDo1Mjk3NDg5MDk0NDgzMDRfMTIxNzg2NzE1NjE5MzExMw==","https://www.facebook.com/100072395977057/posts/529748909448304","0","111146814399157","574362981410869:FubsCreatorInfo",,"true","User","100046176362913","Bagus Kesini Daripada Kesitu","Bagus Kesini","Y29tbWVudDo1Mjk3NDg5MDk0NDgzMDRfMTI2NTQ5NTI5NDgwODExNg==","Gass manfaatkan sisa lahan yang ada untuk menanam Tower Hidroponik 🙌😃 #berkebun #reels #garden #kebun #hidroponik. Kebun Mahobi · Original audio","100046176362913","Bagus Kesini Daripada Kesitu","https://scontent-ord5-2.xx.fbcdn.net/v/t39.30808-1/305546887_634071368142070_8563939802133145860_n.jpg?stp=c0.5.171.171a_cp0_dst-jpg_s32x32&_nc_cat=105&ccb=1-7&_nc_sid=50d2ac&_nc_ohc=P-IriWWHOnIQ7kNvgGZ7Vl2&_nc_ht=scontent-ord5-2.xx&_nc_gid=A5PB5P6JOZ2RazM9yu6XZ_O&oh=00_AYDvcj3Nxc3e_7lbR5cmSJLyYYDrDK3M-WGGmaZWgvvSEQ&oe=67049378","https://www.facebook.com/ahmadbagus.nugroho.12","Y29tbWVudDo1Mjk3NDg5MDk0NDgzMDRfMTI2NTQ5NTI5NDgwODExNg==","Kebun Mahobi ooh ok ok makasih","2"
"https://www.facebook.com/reel/1584370222431590/?comment_id=1935795246920339&reply_comment_id=1881650148984411","1","2024-09-25T02:36:54.000Z","529748909448304","https://www.facebook.com/100072395977057/posts/529748909448304","ZmVlZGJhY2s6NTI5NzQ4OTA5NDQ4MzA0XzE4ODE2NTAxNDg5ODQ0MTE=","Y29tbWVudDo1Mjk3NDg5MDk0NDgzMDRfMTg4MTY1MDE0ODk4NDQxMQ==","https://www.facebook.com/100072395977057/posts/529748909448304","1","111146814399157","574362981410869:FubsCreatorInfo",,"true","User","pfbid02WwmSYGKTXXx6gaYWFu24XjjBWwnXiDujDEnJ69naWQS3B2f8brdkWZrgzZCcQHtKl","Jang Gum","Jang","Y29tbWVudDo1Mjk3NDg5MDk0NDgzMDRfMTkzNTc5NTI0NjkyMDMzOQ==","Gass manfaatkan sisa lahan yang ada untuk menanam Tower Hidroponik 🙌😃 #berkebun #reels #garden #kebun #hidroponik. Kebun Mahobi · Original audio","pfbid037RWj5KGeuHUdGLzA6vK5ne4xivayvEUCTDrFBYbWZeCwmuvpwoQgL3Q8W1myFfW4l","Seja Sagara","https://scontent.fdet2-1.fna.fbcdn.net/v/t1.6435-1/69138008_2519218254791817_2081131686086574080_n.jpg?stp=c66.0.168.168a_cp0_dst-jpg_s32x32&_nc_cat=105&ccb=1-7&_nc_sid=e4545e&_nc_ohc=xf-_C92JYDcQ7kNvgE5p3jU&_nc_ht=scontent.fdet2-1.fna&_nc_gid=A1RkdLIoyhofYDGcGjtg9AM&oh=00_AYBRip9d1MXzYxSWi-5WwhrupSvYR7HWyDooFdwmgCNjsA&oe=67263A08","https://www.facebook.com/cianjurss","Y29tbWVudDo1Mjk3NDg5MDk0NDgzMDRfMTkzNTc5NTI0NjkyMDMzOQ==","Jang Gum bantu jawab tds meter kak","1"
"https://www.facebook.com/reel/1584370222431590/?comment_id=1935795246920339&reply_comment_id=537059548706925",,"2024-09-27T06:14:38.000Z","529748909448304","https://www.facebook.com/100072395977057/posts/529748909448304","ZmVlZGJhY2s6NTI5NzQ4OTA5NDQ4MzA0XzUzNzA1OTU0ODcwNjkyNQ==","Y29tbWVudDo1Mjk3NDg5MDk0NDgzMDRfNTM3MDU5NTQ4NzA2OTI1","https://www.facebook.com/100072395977057/posts/529748909448304","0","111146814399157","574362981410869:FubsCreatorInfo",,"true","User","pfbid02WwmSYGKTXXx6gaYWFu24XjjBWwnXiDujDEnJ69naWQS3B2f8brdkWZrgzZCcQHtKl","Jang Gum","Jang","Y29tbWVudDo1Mjk3NDg5MDk0NDgzMDRfMTkzNTc5NTI0NjkyMDMzOQ==","Gass manfaatkan sisa lahan yang ada untuk menanam Tower Hidroponik 🙌😃 #berkebun #reels #garden #kebun #hidroponik. Kebun Mahobi · Original audio","100072395977057","Kebun Mahobi","https://scontent.fdet2-1.fna.fbcdn.net/v/t39.30808-1/309593998_189851716771360_7588998626521373177_n.jpg?stp=cp0_dst-jpg_s32x32&_nc_cat=109&ccb=1-7&_nc_sid=f4b9fd&_nc_ohc=dJZDlLQ-ZsIQ7kNvgFGEzq8&_nc_ht=scontent.fdet2-1.fna&_nc_gid=A1RkdLIoyhofYDGcGjtg9AM&oh=00_AYAZg1yKPQP3V1fAcQ0llNWaxemY4BDP3sxLRWv7lLUoVw&oe=67047D9D","https://www.facebook.com/people/Kebun-Mahobi/100072395977057/","Y29tbWVudDo1Mjk3NDg5MDk0NDgzMDRfMTkzNTc5NTI0NjkyMDMzOQ==","Jang Gum namanya TDS Meter kak 🙌","1"
"https://www.facebook.com/reel/1584370222431590/?comment_id=1935795246920339&reply_comment_id=8292931057442447",,"2024-09-27T06:14:50.000Z","529748909448304","https://www.facebook.com/100072395977057/posts/529748909448304","ZmVlZGJhY2s6NTI5NzQ4OTA5NDQ4MzA0XzgyOTI5MzEwNTc0NDI0NDc=","Y29tbWVudDo1Mjk3NDg5MDk0NDgzMDRfODI5MjkzMTA1NzQ0MjQ0Nw==","https://www.facebook.com/100072395977057/posts/529748909448304","0","111146814399157","574362981410869:FubsCreatorInfo",,"true","User","pfbid02WwmSYGKTXXx6gaYWFu24XjjBWwnXiDujDEnJ69naWQS3B2f8brdkWZrgzZCcQHtKl","Jang Gum","Jang","Y29tbWVudDo1Mjk3NDg5MDk0NDgzMDRfMTkzNTc5NTI0NjkyMDMzOQ==","Gass manfaatkan sisa lahan yang ada untuk menanam Tower Hidroponik 🙌😃 #berkebun #reels #garden #kebun #hidroponik. Kebun Mahobi · Original audio","100072395977057","Kebun Mahobi","https://scontent.fdet2-1.fna.fbcdn.net/v/t39.30808-1/309593998_189851716771360_7588998626521373177_n.jpg?stp=cp0_dst-jpg_s32x32&_nc_cat=109&ccb=1-7&_nc_sid=f4b9fd&_nc_ohc=dJZDlLQ-ZsIQ7kNvgFGEzq8&_nc_ht=scontent.fdet2-1.fna&_nc_gid=A1RkdLIoyhofYDGcGjtg9AM&oh=00_AYAZg1yKPQP3V1fAcQ0llNWaxemY4BDP3sxLRWv7lLUoVw&oe=67047D9D","https://www.facebook.com/people/Kebun-Mahobi/100072395977057/","Y29tbWVudDo1Mjk3NDg5MDk0NDgzMDRfMTkzNTc5NTI0NjkyMDMzOQ==","Seja Sagara Terimakasih sudah dibantu menjawab kak 🙌😃","2"
"https://www.facebook.com/reel/913977100777837/?comment_id=2024981071267767","2","2024-09-19T07:43:52.000Z","526952576394604","https://www.facebook.com/100072395977057/posts/526952576394604","ZmVlZGJhY2s6NTI2OTUyNTc2Mzk0NjA0XzIwMjQ5ODEwNzEyNjc3Njc=","Y29tbWVudDo1MjY5NTI1NzYzOTQ2MDRfMjAyNDk4MTA3MTI2Nzc2Nw==","https://www.facebook.com/100072395977057/posts/526952576394604","1","111146814399157","574362981410869:FubsCreatorInfo",,"true",,,,,,"Aquaponik Ikan dan Tanaman Di Halamanan Rumah 🙌😃,, kali ini kita intip Kebun Kak Sevy Pemenang Starter Pack Aquaponik Drum Bulan Juni 2024 lalu dalam program Semua Bisa Bertani #reels #garden #kebun...","pfbid06TGmJd29VcMdKUsCrsGqcE3DeBMhgdBFfyTeVjeCbyeFDzpPWixw6gDrPc91An71l","Sun Asih","https://scontent-lga3-1.xx.fbcdn.net/v/t39.30808-1/358086757_111269442023268_4576020825768319578_n.jpg?stp=c0.0.1403.1403a_cp6_dst-jpg_s32x32&_nc_cat=102&ccb=1-7&_nc_sid=0ecb9b&_nc_ohc=Sy113Vt14xIQ7kNvgG1_eWt&_nc_ht=scontent-lga3-1.xx&_nc_gid=AkL82X9GKobG8gutyOZUw5z&oh=00_AYCbR8d6ENjnvzE2Bk6tktBbmEBZWMIdGwVmHQZdHKlSHw&oe=67049753","https://www.facebook.com/people/Sun-Asih/pfbid06TGmJd29VcMdKUsCrsGqcE3DeBMhgdBFfyTeVjeCbyeFDzpPWixw6gDrPc91An71l/",,"Ka  info beli bibit sayur bagus🙏🏻","0"
"https://www.facebook.com/reel/913977100777837/?comment_id=539082965307170","2","2024-09-19T05:58:38.000Z","526952576394604","https://www.facebook.com/100072395977057/posts/526952576394604","ZmVlZGJhY2s6NTI2OTUyNTc2Mzk0NjA0XzUzOTA4Mjk2NTMwNzE3MA==","Y29tbWVudDo1MjY5NTI1NzYzOTQ2MDRfNTM5MDgyOTY1MzA3MTcw","https://www.facebook.com/100072395977057/posts/526952576394604","1","111146814399157","574362981410869:FubsCreatorInfo",,"true",,,,,,"Aquaponik Ikan dan Tanaman Di Halamanan Rumah 🙌😃,, kali ini kita intip Kebun Kak Sevy Pemenang Starter Pack Aquaponik Drum Bulan Juni 2024 lalu dalam program Semua Bisa Bertani #reels #garden #kebun...","100014792820900","SugiArti Tati","https://scontent-lga3-2.xx.fbcdn.net/v/t39.30808-1/450222460_2083755035460904_6109523155058217853_n.jpg?stp=cp0_dst-jpg_s32x32&_nc_cat=100&ccb=1-7&_nc_sid=50d2ac&_nc_ohc=UEh_DxqipPoQ7kNvgFkWkXq&_nc_ht=scontent-lga3-2.xx&_nc_gid=AkL82X9GKobG8gutyOZUw5z&oh=00_AYBhGYtYGtf5qgcTt5WDWz14B81umwG-OJIPOgHrASuI8Q&oe=670489FB","https://www.facebook.com/sugiarti.tati.50",,"daerah mana","0"
"https://www.facebook.com/reel/913977100777837/?comment_id=889672523224489",,"2024-09-20T01:51:25.000Z","526952576394604","https://www.facebook.com/100072395977057/posts/526952576394604","ZmVlZGJhY2s6NTI2OTUyNTc2Mzk0NjA0Xzg4OTY3MjUyMzIyNDQ4OQ==","Y29tbWVudDo1MjY5NTI1NzYzOTQ2MDRfODg5NjcyNTIzMjI0NDg5","https://www.facebook.com/100072395977057/posts/526952576394604","0","111146814399157","574362981410869:FubsCreatorInfo",,"true",,,,,,"Aquaponik Ikan dan Tanaman Di Halamanan Rumah 🙌😃,, kali ini kita intip Kebun Kak Sevy Pemenang Starter Pack Aquaponik Drum Bulan Juni 2024 lalu dalam program Semua Bisa Bertani #reels #garden #kebun...","pfbid02emD1NycoxXZHWHZrTaEHpmDZjd11bknMJ36RUR8zKc8F9hACQJ4px8ePr6ZvkUSzl","Ika Lestari Sumaryani","https://scontent-lga3-2.xx.fbcdn.net/v/t39.30808-1/334957793_571202474967944_1164002130884585294_n.jpg?stp=cp0_dst-jpg_p32x32&_nc_cat=100&ccb=1-7&_nc_sid=0ecb9b&_nc_ohc=1qMBLNLlcdUQ7kNvgFdaJLO&_nc_ht=scontent-lga3-2.xx&_nc_gid=AkL82X9GKobG8gutyOZUw5z&oh=00_AYA21fUu3WVtUmAl7edlj38x2ZkWzr3ylZP1JdXSPuPl3A&oe=6704920A","https://www.facebook.com/people/Ika-Lestari-Sumaryani/pfbid02emD1NycoxXZHWHZrTaEHpmDZjd11bknMJ36RUR8zKc8F9hACQJ4px8ePr6ZvkUSzl/",,"Kepingin juga kk gimana caranya ya","0"
"https://www.facebook.com/reel/913977100777837/?comment_id=885232656820433",,"2024-09-19T23:50:43.000Z","526952576394604","https://www.facebook.com/100072395977057/posts/526952576394604","ZmVlZGJhY2s6NTI2OTUyNTc2Mzk0NjA0Xzg4NTIzMjY1NjgyMDQzMw==","Y29tbWVudDo1MjY5NTI1NzYzOTQ2MDRfODg1MjMyNjU2ODIwNDMz","https://www.facebook.com/100072395977057/posts/526952576394604","0","111146814399157","574362981410869:FubsCreatorInfo",,"true",,,,,,"Aquaponik Ikan dan Tanaman Di Halamanan Rumah 🙌😃,, kali ini kita intip Kebun Kak Sevy Pemenang Starter Pack Aquaponik Drum Bulan Juni 2024 lalu dalam program Semua Bisa Bertani #reels #garden #kebun...","pfbid0btfQdtuZnRhEX91Kc6FQsAQ2uGYbaLiFHyEUJKNXXVn6DYFWo1634PpgptF2q8jRl","Budi","https://scontent-lga3-2.xx.fbcdn.net/v/t39.30808-1/306926988_485694133419427_7439814459993489395_n.jpg?stp=cp0_dst-jpg_s32x32&_nc_cat=104&ccb=1-7&_nc_sid=0ecb9b&_nc_ohc=flP6J5qmKbMQ7kNvgGhUIev&_nc_ht=scontent-lga3-2.xx&_nc_gid=AkL82X9GKobG8gutyOZUw5z&oh=00_AYDdxFObwUkQY3SxubmFP7gxWmWdrGToOz2KukjDiIGoFQ&oe=67046E6F","https://www.facebook.com/people/Budi/pfbid0btfQdtuZnRhEX91Kc6FQsAQ2uGYbaLiFHyEUJKNXXVn6DYFWo1634PpgptF2q8jRl/",,"beli berapa bun ...harga pbuatan berapa bun bisa spill atau di jual kah .. perkiraan saya 1jt.    benarkan❤️❤️","0"
"https://www.facebook.com/reel/913977100777837/?comment_id=539604748460129",,"2024-09-19T09:27:39.000Z","526952576394604","https://www.facebook.com/100072395977057/posts/526952576394604","ZmVlZGJhY2s6NTI2OTUyNTc2Mzk0NjA0XzUzOTYwNDc0ODQ2MDEyOQ==","Y29tbWVudDo1MjY5NTI1NzYzOTQ2MDRfNTM5NjA0NzQ4NDYwMTI5","https://www.facebook.com/100072395977057/posts/526952576394604","0","111146814399157","574362981410869:FubsCreatorInfo",,"true",,,,,,"Aquaponik Ikan dan Tanaman Di Halamanan Rumah 🙌😃,, kali ini kita intip Kebun Kak Sevy Pemenang Starter Pack Aquaponik Drum Bulan Juni 2024 lalu dalam program Semua Bisa Bertani #reels #garden #kebun...","100003475694616","Ardi Ansyah","https://scontent-lga3-2.xx.fbcdn.net/v/t1.18169-1/10612630_544937385632113_338539888872408763_n.jpg?stp=c80.0.480.480a_cp0_dst-jpg_s32x32&_nc_cat=101&ccb=1-7&_nc_sid=db5862&_nc_ohc=Ddy43LIJpBkQ7kNvgGxUOuv&_nc_ht=scontent-lga3-2.xx&oh=00_AYAJsuM1H7qBazfMF3ytRa6h7jxyVp1loqXR5Q_TkrYlEg&oe=67260B2A","https://www.facebook.com/ardi.ansyah.3990",,"Pengen bljar saya bang, lokasi dmn ya","0"
"https://www.facebook.com/reel/913977100777837/?comment_id=1231338361444011",,"2024-09-19T07:10:25.000Z","526952576394604","https://www.facebook.com/100072395977057/posts/526952576394604","ZmVlZGJhY2s6NTI2OTUyNTc2Mzk0NjA0XzEyMzEzMzgzNjE0NDQwMTE=","Y29tbWVudDo1MjY5NTI1NzYzOTQ2MDRfMTIzMTMzODM2MTQ0NDAxMQ==","https://www.facebook.com/100072395977057/posts/526952576394604","0","111146814399157","574362981410869:FubsCreatorInfo",,"true",,,,,,"Aquaponik Ikan dan Tanaman Di Halamanan Rumah 🙌😃,, kali ini kita intip Kebun Kak Sevy Pemenang Starter Pack Aquaponik Drum Bulan Juni 2024 lalu dalam program Semua Bisa Bertani #reels #garden #kebun...","1171359575","Zelda Odyssey Yubaba","https://scontent-lga3-2.xx.fbcdn.net/v/t39.30808-1/441544744_10228990875894550_2367207302584031604_n.jpg?stp=cp0_dst-jpg_s32x32&_nc_cat=107&ccb=1-7&_nc_sid=50d2ac&_nc_ohc=Q060cweU0sIQ7kNvgFKsOAh&_nc_ht=scontent-lga3-2.xx&_nc_gid=AkL82X9GKobG8gutyOZUw5z&oh=00_AYB7y1e1keruAbHHahQST08wq6ndC-kNcAg1uZX_EibKFQ&oe=67046A0E","https://www.facebook.com/ayodhia.anggoro",,"Aku mau bagaimana caranya","0"
"https://www.facebook.com/reel/913977100777837/?comment_id=543534778113656",,"2024-09-19T07:52:54.000Z","526952576394604","https://www.facebook.com/100072395977057/posts/526952576394604","ZmVlZGJhY2s6NTI2OTUyNTc2Mzk0NjA0XzU0MzUzNDc3ODExMzY1Ng==","Y29tbWVudDo1MjY5NTI1NzYzOTQ2MDRfNTQzNTM0Nzc4MTEzNjU2","https://www.facebook.com/100072395977057/posts/526952576394604","0","111146814399157","574362981410869:FubsCreatorInfo",,"true",,,,,,"Aquaponik Ikan dan Tanaman Di Halamanan Rumah 🙌😃,, kali ini kita intip Kebun Kak Sevy Pemenang Starter Pack Aquaponik Drum Bulan Juni 2024 lalu dalam program Semua Bisa Bertani #reels #garden #kebun...","pfbid036dyPt3BjcPzDVShdcZcjuE4Cej14EEAF347XhXUXqFxib9SNPkBSPN8GetLuj9ivl","Zain","https://scontent-lga3-2.xx.fbcdn.net/v/t39.30808-1/447740529_1502317907355377_4837764584686630866_n.jpg?stp=cp0_dst-jpg_s32x32&_nc_cat=104&ccb=1-7&_nc_sid=0ecb9b&_nc_ohc=-azFbgmoan4Q7kNvgFwkIPr&_nc_ht=scontent-lga3-2.xx&_nc_gid=AkL82X9GKobG8gutyOZUw5z&oh=00_AYCE628N2RiMGCcif4iBYuxq8uwIa5pZWS1qKpeEyAhk1g&oe=67049C21","https://www.facebook.com/kang.zain.129",,"Pengen dari dulu blajar hidroponik.....tapi sayang lahan ada....air susah","0"
"https://www.facebook.com/reel/913977100777837/?comment_id=546714174679978",,"2024-09-19T11:36:49.000Z","526952576394604","https://www.facebook.com/100072395977057/posts/526952576394604","ZmVlZGJhY2s6NTI2OTUyNTc2Mzk0NjA0XzU0NjcxNDE3NDY3OTk3OA==","Y29tbWVudDo1MjY5NTI1NzYzOTQ2MDRfNTQ2NzE0MTc0Njc5OTc4","https://www.facebook.com/100072395977057/posts/526952576394604","0","111146814399157","574362981410869:FubsCreatorInfo",,"true",,,,,,"Aquaponik Ikan dan Tanaman Di Halamanan Rumah 🙌😃,, kali ini kita intip Kebun Kak Sevy Pemenang Starter Pack Aquaponik Drum Bulan Juni 2024 lalu dalam program Semua Bisa Bertani #reels #garden #kebun...","100013793887668","Fernandes Tya","https://scontent-lga3-2.xx.fbcdn.net/v/t39.30808-1/329184457_1371498177000196_3606839738725664727_n.jpg?stp=cp0_dst-jpg_s32x32&_nc_cat=105&ccb=1-7&_nc_sid=50d2ac&_nc_aid=0&_nc_ohc=FDfCiS7oLnAQ7kNvgHXLdd4&_nc_ht=scontent-lga3-2.xx&_nc_gid=AkL82X9GKobG8gutyOZUw5z&oh=00_AYDcLCoj1ySEY4dHHJydiKGzy_UG2R9zKyKAkGRoD_EbUg&oe=67046E2E","https://www.facebook.com/styafernandes.fernandes",,"𝑀𝑎𝑛𝑡𝑎𝑝 𝑏𝑔𝑡.. 𝐾𝑒𝑟𝑒𝑛","0"
"https://www.facebook.com/reel/913977100777837/?comment_id=829854825895619",,"2024-09-25T04:31:39.000Z","526952576394604","https://www.facebook.com/100072395977057/posts/526952576394604","ZmVlZGJhY2s6NTI2OTUyNTc2Mzk0NjA0XzgyOTg1NDgyNTg5NTYxOQ==","Y29tbWVudDo1MjY5NTI1NzYzOTQ2MDRfODI5ODU0ODI1ODk1NjE5","https://www.facebook.com/100072395977057/posts/526952576394604","0","111146814399157","574362981410869:FubsCreatorInfo",,"true",,,,,,"Aquaponik Ikan dan Tanaman Di Halamanan Rumah 🙌😃,, kali ini kita intip Kebun Kak Sevy Pemenang Starter Pack Aquaponik Drum Bulan Juni 2024 lalu dalam program Semua Bisa Bertani #reels #garden #kebun...","pfbid0fJDx8XDsCt8dk95Sp3zyP4BU7uFhWUvtREVsx759A5ULr7XF3tG1hCv8zvM8PU3El","Ibu Tujung","https://scontent-lga3-2.xx.fbcdn.net/v/t39.30808-1/448803296_3648742605438425_2296847422025523236_n.jpg?stp=c0.0.939.939a_cp0_dst-jpg_s32x32&_nc_cat=101&ccb=1-7&_nc_sid=0ecb9b&_nc_ohc=Fb4UkkUwIqcQ7kNvgG-C0UH&_nc_ht=scontent-lga3-2.xx&_nc_gid=AkL82X9GKobG8gutyOZUw5z&oh=00_AYCeJXnSMojRk6HNVK4hYiNi_eqCFgwxswJRTw4KerkF_A&oe=67047D92","https://www.facebook.com/people/Ibu-Tujung/pfbid0fJDx8XDsCt8dk95Sp3zyP4BU7uFhWUvtREVsx759A5ULr7XF3tG1hCv8zvM8PU3El/",,"Mau  dong  di  buatin  kk","0"
"https://www.facebook.com/reel/913977100777837/?comment_id=1805632239969857",,"2024-09-20T14:31:10.000Z","526952576394604","https://www.facebook.com/100072395977057/posts/526952576394604","ZmVlZGJhY2s6NTI2OTUyNTc2Mzk0NjA0XzE4MDU2MzIyMzk5Njk4NTc=","Y29tbWVudDo1MjY5NTI1NzYzOTQ2MDRfMTgwNTYzMjIzOTk2OTg1Nw==","https://www.facebook.com/100072395977057/posts/526952576394604","0","111146814399157","574362981410869:FubsCreatorInfo",,"true",,,,,,"Aquaponik Ikan dan Tanaman Di Halamanan Rumah 🙌😃,, kali ini kita intip Kebun Kak Sevy Pemenang Starter Pack Aquaponik Drum Bulan Juni 2024 lalu dalam program Semua Bisa Bertani #reels #garden #kebun...","pfbid0bS1sESkZGKdP9ebnRq2eqCxquUYJuNFF9ff637jbFT2bHYdzheM9TgFB6oBK8h5Vl","Laga Maurendi","https://scontent-lga3-2.xx.fbcdn.net/v/t1.30497-1/453178253_471506465671661_2781666950760530985_n.png?stp=cp0_dst-png_s32x32&_nc_cat=1&ccb=1-7&_nc_sid=136b72&_nc_ohc=jZ-PuitTc3oQ7kNvgHZvsjb&_nc_ht=scontent-lga3-2.xx&_nc_gid=AkL82X9GKobG8gutyOZUw5z&oh=00_AYBNjKVNiSieaX8Wvj3kV5hOfaozjGWBv6wekOtD7W_fsw&oe=672620FA","https://www.facebook.com/people/Laga-Maurendi/pfbid0bS1sESkZGKdP9ebnRq2eqCxquUYJuNFF9ff637jbFT2bHYdzheM9TgFB6oBK8h5Vl/",,"Inpo yutub sama tiktoknya masnyaah","0"
"https://www.facebook.com/100072395977057/videos/1640914896471369/?comment_id=1770410953787414&reply_comment_id=1675182183048492","3","2024-10-01T03:06:38.000Z","534942072262321","https://www.facebook.com/100072395977057/posts/534942072262321","ZmVlZGJhY2s6NTM0OTQyMDcyMjYyMzIxXzE2NzUxODIxODMwNDg0OTI=","Y29tbWVudDo1MzQ5NDIwNzIyNjIzMjFfMTY3NTE4MjE4MzA0ODQ5Mg==","https://www.facebook.com/100072395977057/posts/534942072262321","0",,,,,"User","pfbid0sXDVJExkBTxHb8m2nAyt9ahERRm4Fv4XbvCtxwVtqcjxvhyQP4iV9VDmVo74wceAl","Muhamad Tauhid","Muhamad","Y29tbWVudDo1MzQ5NDIwNzIyNjIzMjFfMTc3MDQxMDk1Mzc4NzQxNA==","CARA MEMBUAT TOWER HIDROPONIK UNTUK MENANAM BERAGAM TANAMAN DI LAHAN TERBATAS SECARA VERTIKAL DARI AWAL PEMBUATAN SAMPAI PANEN DAN PASKA PANEN TANAMAN...","100072395977057","Kebun Mahobi","https://scontent.fsdu37-1.fna.fbcdn.net/v/t39.30808-1/309593998_189851716771360_7588998626521373177_n.jpg?stp=cp0_dst-jpg_s32x32&_nc_cat=109&ccb=1-7&_nc_sid=f4b9fd&_nc_ohc=dJZDlLQ-ZsIQ7kNvgEuHP3U&_nc_ht=scontent.fsdu37-1.fna&_nc_gid=AFqvLMPHGGBV9DLTZ9ycT1r&oh=00_AYARrCFT_HHzxs9k9mTkGEfaRx7hFRvEOeeog-sRxu0iWw&oe=67047D9D","https://www.facebook.com/people/Kebun-Mahobi/100072395977057/","Y29tbWVudDo1MzQ5NDIwNzIyNjIzMjFfMTc3MDQxMDk1Mzc4NzQxNA==","Muhamad Tauhid di Gunungkidul, D.I.Yogyakarta kak 🙌","1"
"https://www.facebook.com/100072395977057/videos/1640914896471369/?comment_id=1770410953787414&reply_comment_id=1257757488727493",,"2024-10-01T03:40:51.000Z","534942072262321","https://www.facebook.com/100072395977057/posts/534942072262321","ZmVlZGJhY2s6NTM0OTQyMDcyMjYyMzIxXzEyNTc3NTc0ODg3Mjc0OTM=","Y29tbWVudDo1MzQ5NDIwNzIyNjIzMjFfMTI1Nzc1NzQ4ODcyNzQ5Mw==","https://www.facebook.com/100072395977057/posts/534942072262321","1",,,,,"User","pfbid0sXDVJExkBTxHb8m2nAyt9ahERRm4Fv4XbvCtxwVtqcjxvhyQP4iV9VDmVo74wceAl","Muhamad Tauhid","Muhamad","Y29tbWVudDo1MzQ5NDIwNzIyNjIzMjFfMTc3MDQxMDk1Mzc4NzQxNA==","CARA MEMBUAT TOWER HIDROPONIK UNTUK MENANAM BERAGAM TANAMAN DI LAHAN TERBATAS SECARA VERTIKAL DARI AWAL PEMBUATAN SAMPAI PANEN DAN PASKA PANEN TANAMAN...","pfbid0sXDVJExkBTxHb8m2nAyt9ahERRm4Fv4XbvCtxwVtqcjxvhyQP4iV9VDmVo74wceAl","Muhamad Tauhid","https://scontent.fsdu37-1.fna.fbcdn.net/v/t39.30808-1/448733500_8091793514177911_1760658322416886504_n.jpg?stp=cp0_dst-jpg_s32x32&_nc_cat=106&ccb=1-7&_nc_sid=0ecb9b&_nc_ohc=E_vPwwTg6nwQ7kNvgH6p5tU&_nc_ht=scontent.fsdu37-1.fna&_nc_gid=AFqvLMPHGGBV9DLTZ9ycT1r&oh=00_AYDu4cctaV0DSplYcgIPowHWBXkRKMchN00h1PHPWeUMkQ&oe=67048A31","https://www.facebook.com/peter.patrick.902","Y29tbWVudDo1MzQ5NDIwNzIyNjIzMjFfMTc3MDQxMDk1Mzc4NzQxNA==","Kebun Mahobi Itu dataran tinggi ya ?
Dicirebon cuaca lumayan panas, suhunya tinggi juga.. pernah bikin instalasi pakai pipa suhu air jdi cepet panas","2"
"https://www.facebook.com/100072395977057/videos/1640914896471369/?comment_id=1770410953787414&reply_comment_id=1991970744592064",,"2024-10-01T03:45:54.000Z","534942072262321","https://www.facebook.com/100072395977057/posts/534942072262321","ZmVlZGJhY2s6NTM0OTQyMDcyMjYyMzIxXzE5OTE5NzA3NDQ1OTIwNjQ=","Y29tbWVudDo1MzQ5NDIwNzIyNjIzMjFfMTk5MTk3MDc0NDU5MjA2NA==","https://www.facebook.com/100072395977057/posts/534942072262321","0",,,,,"User","pfbid0sXDVJExkBTxHb8m2nAyt9ahERRm4Fv4XbvCtxwVtqcjxvhyQP4iV9VDmVo74wceAl","Muhamad Tauhid","Muhamad","Y29tbWVudDo1MzQ5NDIwNzIyNjIzMjFfMTc3MDQxMDk1Mzc4NzQxNA==","CARA MEMBUAT TOWER HIDROPONIK UNTUK MENANAM BERAGAM TANAMAN DI LAHAN TERBATAS SECARA VERTIKAL DARI AWAL PEMBUATAN SAMPAI PANEN DAN PASKA PANEN TANAMAN...","100072395977057","Kebun Mahobi","https://scontent.fsdu37-1.fna.fbcdn.net/v/t39.30808-1/309593998_189851716771360_7588998626521373177_n.jpg?stp=cp0_dst-jpg_s32x32&_nc_cat=109&ccb=1-7&_nc_sid=f4b9fd&_nc_ohc=dJZDlLQ-ZsIQ7kNvgEuHP3U&_nc_ht=scontent.fsdu37-1.fna&_nc_gid=AFqvLMPHGGBV9DLTZ9ycT1r&oh=00_AYARrCFT_HHzxs9k9mTkGEfaRx7hFRvEOeeog-sRxu0iWw&oe=67047D9D","https://www.facebook.com/people/Kebun-Mahobi/100072395977057/","Y29tbWVudDo1MzQ5NDIwNzIyNjIzMjFfMTc3MDQxMDk1Mzc4NzQxNA==","Muhamad Tauhid kami di dataran rendah kak sekitar 150-200’an MDPL, sehingga suhu nya juga cukup panas, untuk mengatasi suhu air menjadi hangat bisa dengan cara tandon nutrisi di pendam di tanah, atau dilapisi menggunakan styrofoam atau bubble aluminium foil","2"
"https://www.facebook.com/100072395977057/videos/1640914896471369/?comment_id=1770410953787414&reply_comment_id=1527516404561407",,"2024-10-01T05:14:37.000Z","534942072262321","https://www.facebook.com/100072395977057/posts/534942072262321","ZmVlZGJhY2s6NTM0OTQyMDcyMjYyMzIxXzE1Mjc1MTY0MDQ1NjE0MDc=","Y29tbWVudDo1MzQ5NDIwNzIyNjIzMjFfMTUyNzUxNjQwNDU2MTQwNw==","https://www.facebook.com/100072395977057/posts/534942072262321","0",,,,,"User","pfbid0sXDVJExkBTxHb8m2nAyt9ahERRm4Fv4XbvCtxwVtqcjxvhyQP4iV9VDmVo74wceAl","Muhamad Tauhid","Muhamad","Y29tbWVudDo1MzQ5NDIwNzIyNjIzMjFfMTc3MDQxMDk1Mzc4NzQxNA==","CARA MEMBUAT TOWER HIDROPONIK UNTUK MENANAM BERAGAM TANAMAN DI LAHAN TERBATAS SECARA VERTIKAL DARI AWAL PEMBUATAN SAMPAI PANEN DAN PASKA PANEN TANAMAN...","pfbid0sXDVJExkBTxHb8m2nAyt9ahERRm4Fv4XbvCtxwVtqcjxvhyQP4iV9VDmVo74wceAl","Muhamad Tauhid","https://scontent.fsdu37-1.fna.fbcdn.net/v/t39.30808-1/448733500_8091793514177911_1760658322416886504_n.jpg?stp=cp0_dst-jpg_s32x32&_nc_cat=106&ccb=1-7&_nc_sid=0ecb9b&_nc_ohc=E_vPwwTg6nwQ7kNvgH6p5tU&_nc_ht=scontent.fsdu37-1.fna&_nc_gid=AFqvLMPHGGBV9DLTZ9ycT1r&oh=00_AYDu4cctaV0DSplYcgIPowHWBXkRKMchN00h1PHPWeUMkQ&oe=67048A31","https://www.facebook.com/peter.patrick.902","Y29tbWVudDo1MzQ5NDIwNzIyNjIzMjFfMTc3MDQxMDk1Mzc4NzQxNA==","Kebun Mahobi untuk instalasi menara spt itu kira2 bakalan cpet panas gak ya?","2"
"https://www.facebook.com/reel/1584370222431590/?comment_id=1069525724529133&reply_comment_id=1060563182089847",,"2024-09-27T06:15:13.000Z","529748909448304","https://www.facebook.com/100072395977057/posts/529748909448304","ZmVlZGJhY2s6NTI5NzQ4OTA5NDQ4MzA0XzEwNjA1NjMxODIwODk4NDc=","Y29tbWVudDo1Mjk3NDg5MDk0NDgzMDRfMTA2MDU2MzE4MjA4OTg0Nw==","https://www.facebook.com/100072395977057/posts/529748909448304","0","111146814399157","574362981410869:FubsCreatorInfo",,"true","User","100023684623232","Rarasati","Rarasati","Y29tbWVudDo1Mjk3NDg5MDk0NDgzMDRfMTA2OTUyNTcyNDUyOTEzMw==","Gass manfaatkan sisa lahan yang ada untuk menanam Tower Hidroponik 🙌😃 #berkebun #reels #garden #kebun #hidroponik. Kebun Mahobi · Original audio","100072395977057","Kebun Mahobi","https://scontent-gru2-1.xx.fbcdn.net/v/t39.30808-1/309593998_189851716771360_7588998626521373177_n.jpg?stp=cp0_dst-jpg_s32x32&_nc_cat=109&ccb=1-7&_nc_sid=f4b9fd&_nc_ohc=dJZDlLQ-ZsIQ7kNvgGDXb9W&_nc_ht=scontent-gru2-1.xx&_nc_gid=ABeIpX5I_Ch1G-Lea8dKx6O&oh=00_AYCgH46L-vRS3O2VoiUL3sikl2mb8vbs8XG7q_ZQEHjCuw&oe=67047D9D","https://www.facebook.com/people/Kebun-Mahobi/100072395977057/","Y29tbWVudDo1Mjk3NDg5MDk0NDgzMDRfMTA2OTUyNTcyNDUyOTEzMw==","Rarasati yang ini pakai benih selada junction kak 🙌","1"
"https://www.facebook.com/reel/1584370222431590/?comment_id=1069525724529133&reply_comment_id=438485518719303",,"2024-09-28T01:26:50.000Z","529748909448304","https://www.facebook.com/100072395977057/posts/529748909448304","ZmVlZGJhY2s6NTI5NzQ4OTA5NDQ4MzA0XzQzODQ4NTUxODcxOTMwMw==","Y29tbWVudDo1Mjk3NDg5MDk0NDgzMDRfNDM4NDg1NTE4NzE5MzAz","https://www.facebook.com/100072395977057/posts/529748909448304","0","111146814399157","574362981410869:FubsCreatorInfo",,"true","User","100023684623232","Rarasati","Rarasati","Y29tbWVudDo1Mjk3NDg5MDk0NDgzMDRfMTA2OTUyNTcyNDUyOTEzMw==","Gass manfaatkan sisa lahan yang ada untuk menanam Tower Hidroponik 🙌😃 #berkebun #reels #garden #kebun #hidroponik. Kebun Mahobi · Original audio","100023684623232","Rarasati","https://scontent-gru1-2.xx.fbcdn.net/v/t1.6435-1/42226382_298854127580739_3964268875930927104_n.jpg?stp=c0.0.480.480a_cp0_dst-jpg_s32x32&_nc_cat=108&ccb=1-7&_nc_sid=50d2ac&_nc_ohc=9vWlJmWZXp0Q7kNvgFp_e0b&_nc_ht=scontent-gru1-2.xx&_nc_gid=ABeIpX5I_Ch1G-Lea8dKx6O&oh=00_AYB46buuAhZS42wUNhyZVUZ-I353DMseULe_EJwTkiRJUA&oe=67262C1D","https://www.facebook.com/rarasati.rarasati.982","Y29tbWVudDo1Mjk3NDg5MDk0NDgzMDRfMTA2OTUyNTcyNDUyOTEzMw==","Oh mkasih yah kk....","1"
"https://www.facebook.com/100072395977057/videos/1640914896471369/?comment_id=3622945227851909&reply_comment_id=880038467425596",,"2024-10-01T13:47:49.000Z","534942072262321","https://www.facebook.com/100072395977057/posts/534942072262321","ZmVlZGJhY2s6NTM0OTQyMDcyMjYyMzIxXzg4MDAzODQ2NzQyNTU5Ng==","Y29tbWVudDo1MzQ5NDIwNzIyNjIzMjFfODgwMDM4NDY3NDI1NTk2","https://www.facebook.com/100072395977057/posts/534942072262321","0",,,,,"User","1432623629","Bekti Adi Pramono","Bekti","Y29tbWVudDo1MzQ5NDIwNzIyNjIzMjFfMzYyMjk0NTIyNzg1MTkwOQ==","CARA MEMBUAT TOWER HIDROPONIK UNTUK MENANAM BERAGAM TANAMAN DI LAHAN TERBATAS SECARA VERTIKAL DARI AWAL PEMBUATAN SAMPAI PANEN DAN PASKA PANEN TANAMAN...","100072395977057","Kebun Mahobi","https://scontent.ffyv1-1.fna.fbcdn.net/v/t39.30808-1/309593998_189851716771360_7588998626521373177_n.jpg?stp=cp0_dst-jpg_s32x32&_nc_cat=109&ccb=1-7&_nc_sid=f4b9fd&_nc_ohc=dJZDlLQ-ZsIQ7kNvgEOdLbi&_nc_ht=scontent.ffyv1-1.fna&_nc_gid=AHITXUeoKqna2gnQA3u-oG3&oh=00_AYByBASvR7qc5CXBHgC5Xg9cNliCoVRsniV_-JRTdZKIvQ&oe=67047D9D","https://www.facebook.com/people/Kebun-Mahobi/100072395977057/","Y29tbWVudDo1MzQ5NDIwNzIyNjIzMjFfMzYyMjk0NTIyNzg1MTkwOQ==","Bekti Adi Pramono semoga bermanfaat ya kak 🙌","1"
"https://www.facebook.com/reel/507643771990291/?comment_id=8431279700226404&reply_comment_id=1054851852803005",,"2024-09-21T13:23:04.000Z","527627826327079","https://www.facebook.com/100072395977057/posts/527627826327079","ZmVlZGJhY2s6NTI3NjI3ODI2MzI3MDc5XzEwNTQ4NTE4NTI4MDMwMDU=","Y29tbWVudDo1Mjc2Mjc4MjYzMjcwNzlfMTA1NDg1MTg1MjgwMzAwNQ==","https://www.facebook.com/100072395977057/posts/527627826327079","0","111146814399157","574362981410869:FubsCreatorInfo",,"true","User","100000144475608","Enggi Arief","Enggi","Y29tbWVudDo1Mjc2Mjc4MjYzMjcwNzlfODQzMTI3OTcwMDIyNjQwNA==","Sulap Lahan 4x4,5 meter jadi Kebun Organik Impian Full Tanaman 🙌😃 #reels #kebun#garden #panen #buah. Kebun Mahobi · Original audio","100072395977057","Kebun Mahobi","https://scontent-iad3-2.xx.fbcdn.net/v/t39.30808-1/309593998_189851716771360_7588998626521373177_n.jpg?stp=cp0_dst-jpg_s32x32&_nc_cat=109&ccb=1-7&_nc_sid=f4b9fd&_nc_ohc=dJZDlLQ-ZsIQ7kNvgEyGXNY&_nc_ht=scontent-iad3-2.xx&_nc_gid=ApEyV_klGFI8Jw-FvVF6cuH&oh=00_AYAYBzNpC9RSFub7gpQqmot0U-thhFJAMFUWtCj5HLYMZg&oe=67047D9D","https://www.facebook.com/people/Kebun-Mahobi/100072395977057/","Y29tbWVudDo1Mjc2Mjc4MjYzMjcwNzlfODQzMTI3OTcwMDIyNjQwNA==","Enggi Arief atapnya kami pakai plastik UV kak 🙌","1"
"https://www.facebook.com/reel/403365355901053/?comment_id=441544702280069&reply_comment_id=1050546109815302",,"2024-09-29T09:36:37.000Z","534019885687873","https://www.facebook.com/100072395977057/posts/534019885687873","ZmVlZGJhY2s6NTM0MDE5ODg1Njg3ODczXzEwNTA1NDYxMDk4MTUzMDI=","Y29tbWVudDo1MzQwMTk4ODU2ODc4NzNfMTA1MDU0NjEwOTgxNTMwMg==","https://www.facebook.com/100072395977057/posts/534019885687873","0","111146814399157","574362981410869:FubsCreatorInfo",,"true","User","pfbid029vSFXUhkHK9qJhECtWTUCmLheAQpTWjxmJY1tkarKY9aqLJCVfKzfdCHkxNiPfaQl","Jiddahnya Ahmad Ahmad","Jiddahnya Ahmad","Y29tbWVudDo1MzQwMTk4ODU2ODc4NzNfNDQxNTQ0NzAyMjgwMDY5","Pembuatan Kebun Hidroponik Baru Ibu Ibu PKK Desa Bohol, Rongkop, Gunungkidul, DIY 🙌😃 #reels #kebun #garden #hidroponik. Kebun Mahobi · Original audio","1171359575","Zelda Odyssey Yubaba","https://scontent-iad3-1.xx.fbcdn.net/v/t39.30808-1/441544744_10228990875894550_2367207302584031604_n.jpg?stp=cp0_dst-jpg_s32x32&_nc_cat=107&ccb=1-7&_nc_sid=50d2ac&_nc_ohc=Q060cweU0sIQ7kNvgENb0W9&_nc_ht=scontent-iad3-1.xx&_nc_gid=AbOT3Z2INVvJuoiMGX3sUfk&oh=00_AYCxicGDvuOswgHoS75CgbUqiKJ72M6mT0ZsmEfSo55vPQ&oe=67046A0E","https://www.facebook.com/ayodhia.anggoro","Y29tbWVudDo1MzQwMTk4ODU2ODc4NzNfNDQxNTQ0NzAyMjgwMDY5","Jiddahnya Ahmad Ahmad iya mau jg aku","1"
"https://www.facebook.com/100072395977057/videos/850138030600844/?comment_id=3913872195515362&reply_comment_id=508910555302431","1","2024-10-02T01:35:18.000Z","535610992195429","https://www.facebook.com/100072395977057/posts/535610992195429","ZmVlZGJhY2s6NTM1NjEwOTkyMTk1NDI5XzUwODkxMDU1NTMwMjQzMQ==","Y29tbWVudDo1MzU2MTA5OTIxOTU0MjlfNTA4OTEwNTU1MzAyNDMx","https://www.facebook.com/100072395977057/posts/535610992195429","0",,,,,"User","100001826922310","Aby Hafis Al-Syahnu","Aby","Y29tbWVudDo1MzU2MTA5OTIxOTU0MjlfMzkxMzg3MjE5NTUxNTM2Mg==","MENIKMATI DOUBLE PANEN BUDIDAYA IKAN DAN TANAMAN AQUAPONIK DI KEBUN KAMI #garden #ikan #kebun #kebunmini","pfbid036Z4MevDsqS7BL2DYJn6JCUBwUS8UJsUimpEcXVPvqM236peSAcaJrM5HLosEPwFgl","Rosyiful Wong Jowo","https://scontent.fmcp1-1.fna.fbcdn.net/v/t39.30808-1/280871542_7672028556170974_5136573968444111563_n.jpg?stp=cp0_dst-jpg_s32x32&_nc_cat=105&ccb=1-7&_nc_sid=0ecb9b&_nc_ohc=YN_GLLbIW_YQ7kNvgEujgAi&_nc_ht=scontent.fmcp1-1.fna&_nc_gid=AcDoxUnwrhRmtZPp8tn3JAu&oh=00_AYDUCYbQ_FJfo30_CwDVCGCdDBDSuSokQdiRv4SiN6anYQ&oe=670480EC","https://www.facebook.com/rosyiful","Y29tbWVudDo1MzU2MTA5OTIxOTU0MjlfMzkxMzg3MjE5NTUxNTM2Mg==","Aby Hafis Al-Syahnu wes tak rencanakan. Tp gak ngono modele.. mben lak weruh.. 😂😂","1"
"https://www.facebook.com/100072395977057/videos/850138030600844/?comment_id=3913872195515362&reply_comment_id=901478291877422",,"2024-10-02T02:27:12.000Z","535610992195429","https://www.facebook.com/100072395977057/posts/535610992195429","ZmVlZGJhY2s6NTM1NjEwOTkyMTk1NDI5XzkwMTQ3ODI5MTg3NzQyMg==","Y29tbWVudDo1MzU2MTA5OTIxOTU0MjlfOTAxNDc4MjkxODc3NDIy","https://www.facebook.com/100072395977057/posts/535610992195429","0",,,,,"User","100001826922310","Aby Hafis Al-Syahnu","Aby","Y29tbWVudDo1MzU2MTA5OTIxOTU0MjlfMzkxMzg3MjE5NTUxNTM2Mg==","MENIKMATI DOUBLE PANEN BUDIDAYA IKAN DAN TANAMAN AQUAPONIK DI KEBUN KAMI #garden #ikan #kebun #kebunmini","100001826922310","Aby Hafis Al-Syahnu","https://scontent.fmcp1-1.fna.fbcdn.net/v/t39.30808-1/261387718_6581482705255895_4318471544601676509_n.jpg?stp=cp0_dst-jpg_s32x32&_nc_cat=100&ccb=1-7&_nc_sid=50d2ac&_nc_ohc=MFj_ShiBNkgQ7kNvgF4rNlr&_nc_ht=scontent.fmcp1-1.fna&_nc_gid=AcDoxUnwrhRmtZPp8tn3JAu&oh=00_AYDx3ax-fUfT6gKMq5lyX5hBGQ-WVdYcWTRd8oJFIvPHmw&oe=6704848A",,"Y29tbWVudDo1MzU2MTA5OTIxOTU0MjlfMzkxMzg3MjE5NTUxNTM2Mg==","Rosyiful Wong Jowo asyiap","2"
"https://www.facebook.com/reel/913977100777837/?comment_id=2024981071267767&reply_comment_id=528852212968222",,"2024-09-19T13:38:42.000Z","526952576394604","https://www.facebook.com/100072395977057/posts/526952576394604","ZmVlZGJhY2s6NTI2OTUyNTc2Mzk0NjA0XzUyODg1MjIxMjk2ODIyMg==","Y29tbWVudDo1MjY5NTI1NzYzOTQ2MDRfNTI4ODUyMjEyOTY4MjIy","https://www.facebook.com/100072395977057/posts/526952576394604","0","111146814399157","574362981410869:FubsCreatorInfo",,"true","User","pfbid06TGmJd29VcMdKUsCrsGqcE3DeBMhgdBFfyTeVjeCbyeFDzpPWixw6gDrPc91An71l","Sun Asih","Sun","Y29tbWVudDo1MjY5NTI1NzYzOTQ2MDRfMjAyNDk4MTA3MTI2Nzc2Nw==","Aquaponik Ikan dan Tanaman Di Halamanan Rumah 🙌😃,, kali ini kita intip Kebun Kak Sevy Pemenang Starter Pack Aquaponik Drum Bulan Juni 2024 lalu dalam program Semua Bisa Bertani #reels #garden #kebun...","100072395977057","Kebun Mahobi","https://scontent-ord5-1.xx.fbcdn.net/v/t39.30808-1/309593998_189851716771360_7588998626521373177_n.jpg?stp=cp0_dst-jpg_s32x32&_nc_cat=109&ccb=1-7&_nc_sid=f4b9fd&_nc_ohc=dJZDlLQ-ZsIQ7kNvgE8cOCw&_nc_ht=scontent-ord5-1.xx&_nc_gid=AX-UiGmPMZJaPGPZ0q4W4rB&oh=00_AYCf7qE9WXYKXxxueeTBtNSd7jWQHb-OopQac2aaVKg0CA&oe=67047D9D","https://www.facebook.com/people/Kebun-Mahobi/100072395977057/","Y29tbWVudDo1MjY5NTI1NzYzOTQ2MDRfMjAyNDk4MTA3MTI2Nzc2Nw==","Sun Asih untuk sayuran yang dicari apa kak? Kalau untuk sayuran lokal seperti kangkung, pakcoy, bayam, caisim dll merk panah merah bagus kak 🙏","1"
"https://www.facebook.com/reel/913977100777837/?comment_id=2024981071267767&reply_comment_id=1066058761557277",,"2024-09-20T17:54:38.000Z","526952576394604","https://www.facebook.com/100072395977057/posts/526952576394604","ZmVlZGJhY2s6NTI2OTUyNTc2Mzk0NjA0XzEwNjYwNTg3NjE1NTcyNzc=","Y29tbWVudDo1MjY5NTI1NzYzOTQ2MDRfMTA2NjA1ODc2MTU1NzI3Nw==","https://www.facebook.com/100072395977057/posts/526952576394604","0","111146814399157","574362981410869:FubsCreatorInfo",,"true","User","pfbid06TGmJd29VcMdKUsCrsGqcE3DeBMhgdBFfyTeVjeCbyeFDzpPWixw6gDrPc91An71l","Sun Asih","Sun","Y29tbWVudDo1MjY5NTI1NzYzOTQ2MDRfMjAyNDk4MTA3MTI2Nzc2Nw==","Aquaponik Ikan dan Tanaman Di Halamanan Rumah 🙌😃,, kali ini kita intip Kebun Kak Sevy Pemenang Starter Pack Aquaponik Drum Bulan Juni 2024 lalu dalam program Semua Bisa Bertani #reels #garden #kebun...","pfbid0eSkb9wy4VjX4azfvWWcUrGQLMjCPRvGYYVJU6mmRVzsKv899DfxFFYUJM4chwuZUl","Aregam Rockcity","https://scontent-ord5-1.xx.fbcdn.net/v/t39.30808-1/415077349_919068243148045_8584600906339559147_n.jpg?stp=cp0_dst-jpg_s32x32&_nc_cat=111&ccb=1-7&_nc_sid=0ecb9b&_nc_ohc=SzPBZQltKGIQ7kNvgF_HYjf&_nc_ht=scontent-ord5-1.xx&_nc_gid=AX-UiGmPMZJaPGPZ0q4W4rB&oh=00_AYDSMRwskxM09BkQFEVSmNXvQtpPNCW7sq9Rfr-kEl_7LQ&oe=670469F5","https://www.facebook.com/aregam.rockcity.1","Y29tbWVudDo1MjY5NTI1NzYzOTQ2MDRfMjAyNDk4MTA3MTI2Nzc2Nw==","Sun Asih online banyak.","1"
"https://www.facebook.com/reel/913977100777837/?comment_id=539082965307170&reply_comment_id=1647287945850101","1","2024-09-19T13:38:59.000Z","526952576394604","https://www.facebook.com/100072395977057/posts/526952576394604","ZmVlZGJhY2s6NTI2OTUyNTc2Mzk0NjA0XzE2NDcyODc5NDU4NTAxMDE=","Y29tbWVudDo1MjY5NTI1NzYzOTQ2MDRfMTY0NzI4Nzk0NTg1MDEwMQ==","https://www.facebook.com/100072395977057/posts/526952576394604","0","111146814399157","574362981410869:FubsCreatorInfo",,"true","User","100014792820900","SugiArti Tati","SugiArti","Y29tbWVudDo1MjY5NTI1NzYzOTQ2MDRfNTM5MDgyOTY1MzA3MTcw","Aquaponik Ikan dan Tanaman Di Halamanan Rumah 🙌😃,, kali ini kita intip Kebun Kak Sevy Pemenang Starter Pack Aquaponik Drum Bulan Juni 2024 lalu dalam program Semua Bisa Bertani #reels #garden #kebun...","100072395977057","Kebun Mahobi","https://scontent.fmbj2-1.fna.fbcdn.net/v/t39.30808-1/309593998_189851716771360_7588998626521373177_n.jpg?stp=cp0_dst-jpg_s32x32&_nc_cat=109&ccb=1-7&_nc_sid=f4b9fd&_nc_ohc=dJZDlLQ-ZsIQ7kNvgGUQwKl&_nc_ht=scontent.fmbj2-1.fna&_nc_gid=AbYjmFl6dCCgwXPNJumzVX8&oh=00_AYAbkj5bjTvjiUQ791ZuLaGzvuvmJrDdQ9hw_NkC4v7gxQ&oe=67047D9D","https://www.facebook.com/people/Kebun-Mahobi/100072395977057/","Y29tbWVudDo1MjY5NTI1NzYzOTQ2MDRfNTM5MDgyOTY1MzA3MTcw","SugiArti Tati lokasi kebun kami di Gunungkidul, DIY kak 🙌","1"
"https://www.facebook.com/reel/913977100777837/?comment_id=539082965307170&reply_comment_id=1195000561721053",,"2024-09-19T21:32:09.000Z","526952576394604","https://www.facebook.com/100072395977057/posts/526952576394604","ZmVlZGJhY2s6NTI2OTUyNTc2Mzk0NjA0XzExOTUwMDA1NjE3MjEwNTM=","Y29tbWVudDo1MjY5NTI1NzYzOTQ2MDRfMTE5NTAwMDU2MTcyMTA1Mw==","https://www.facebook.com/100072395977057/posts/526952576394604","0","111146814399157","574362981410869:FubsCreatorInfo",,"true","User","100014792820900","SugiArti Tati","SugiArti","Y29tbWVudDo1MjY5NTI1NzYzOTQ2MDRfNTM5MDgyOTY1MzA3MTcw","Aquaponik Ikan dan Tanaman Di Halamanan Rumah 🙌😃,, kali ini kita intip Kebun Kak Sevy Pemenang Starter Pack Aquaponik Drum Bulan Juni 2024 lalu dalam program Semua Bisa Bertani #reels #garden #kebun...","100014792820900","SugiArti Tati","https://scontent.fmbj2-1.fna.fbcdn.net/v/t39.30808-1/450222460_2083755035460904_6109523155058217853_n.jpg?stp=cp0_dst-jpg_s32x32&_nc_cat=100&ccb=1-7&_nc_sid=50d2ac&_nc_ohc=UEh_DxqipPoQ7kNvgGSAmI0&_nc_ht=scontent.fmbj2-1.fna&_nc_gid=AbYjmFl6dCCgwXPNJumzVX8&oh=00_AYBWXvtQWyhs6Xhr-KKs75Emut6Wy9vG4lR8BuJIOK1v5g&oe=670489FB","https://www.facebook.com/sugiarti.tati.50","Y29tbWVudDo1MjY5NTI1NzYzOTQ2MDRfNTM5MDgyOTY1MzA3MTcw","Kebun Mahobi jauh ya,coba deket saya di tangerang","2"
"https://www.facebook.com/reel/507643771990291/?comment_id=436079752265060&reply_comment_id=1198506491452531",,"2024-09-21T13:22:51.000Z","527627826327079","https://www.facebook.com/100072395977057/posts/527627826327079","ZmVlZGJhY2s6NTI3NjI3ODI2MzI3MDc5XzExOTg1MDY0OTE0NTI1MzE=","Y29tbWVudDo1Mjc2Mjc4MjYzMjcwNzlfMTE5ODUwNjQ5MTQ1MjUzMQ==","https://www.facebook.com/100072395977057/posts/527627826327079","1","111146814399157","574362981410869:FubsCreatorInfo",,"true","User","pfbid025kY43oc3nPCKKasS9w6RiexiHc243HZm27sqSh6sEmqZx3Zfzexv5kM3AHJWnRhsl","Endang Sutriaman","Endang","Y29tbWVudDo1Mjc2Mjc4MjYzMjcwNzlfNDM2MDc5NzUyMjY1MDYw","Sulap Lahan 4x4,5 meter jadi Kebun Organik Impian Full Tanaman 🙌😃 #reels #kebun#garden #panen #buah. Kebun Mahobi · Original audio","100072395977057","Kebun Mahobi","https://scontent-iad3-2.xx.fbcdn.net/v/t39.30808-1/309593998_189851716771360_7588998626521373177_n.jpg?stp=cp0_dst-jpg_s32x32&_nc_cat=109&ccb=1-7&_nc_sid=f4b9fd&_nc_ohc=dJZDlLQ-ZsIQ7kNvgGRKrl2&_nc_ht=scontent-iad3-2.xx&_nc_gid=ANSq1Kw1nFh-N2csPCe-Nc2&oh=00_AYD5r90E-b-ydid_a_fqPcWn8uZF9Xtx6fTf28H6Wx_ENg&oe=67047D9D","https://www.facebook.com/people/Kebun-Mahobi/100072395977057/","Y29tbWVudDo1Mjc2Mjc4MjYzMjcwNzlfNDM2MDc5NzUyMjY1MDYw","Endang Sutriaman atapnya pakai plastik UV kak 🙌","1"
"https://www.facebook.com/reel/507643771990291/?comment_id=1314705719492785&reply_comment_id=374765472357957",,"2024-09-21T13:22:35.000Z","527627826327079","https://www.facebook.com/100072395977057/posts/527627826327079","ZmVlZGJhY2s6NTI3NjI3ODI2MzI3MDc5XzM3NDc2NTQ3MjM1Nzk1Nw==","Y29tbWVudDo1Mjc2Mjc4MjYzMjcwNzlfMzc0NzY1NDcyMzU3OTU3","https://www.facebook.com/100072395977057/posts/527627826327079","1","111146814399157","574362981410869:FubsCreatorInfo",,"true","User","pfbid0EQU1TFdJABkzpoHCEUt9YZXqJQZrcXL77iigwh2MXRyyV1ufsAK4Gwxfss5mnHdSl","Alim Zanwar","Alim","Y29tbWVudDo1Mjc2Mjc4MjYzMjcwNzlfMTMxNDcwNTcxOTQ5Mjc4NQ==","Sulap Lahan 4x4,5 meter jadi Kebun Organik Impian Full Tanaman 🙌😃 #reels #kebun#garden #panen #buah. Kebun Mahobi · Original audio","100072395977057","Kebun Mahobi","https://scontent-bsb1-1.xx.fbcdn.net/v/t39.30808-1/309593998_189851716771360_7588998626521373177_n.jpg?stp=cp0_dst-jpg_s32x32&_nc_cat=109&ccb=1-7&_nc_sid=f4b9fd&_nc_ohc=dJZDlLQ-ZsIQ7kNvgGt9mAB&_nc_ht=scontent-bsb1-1.xx&_nc_gid=Aec-p4etPOZDCnzXGoAeSyx&oh=00_AYCL3CvO1a5G71SJWmfAsIWDBFbx0mhRCooNNhkXczs32Q&oe=67047D9D","https://www.facebook.com/people/Kebun-Mahobi/100072395977057/","Y29tbWVudDo1Mjc2Mjc4MjYzMjcwNzlfMTMxNDcwNTcxOTQ5Mjc4NQ==","Alim Zanwar namanya tray semai kak 🙌","1"
"https://www.facebook.com/100072395977057/videos/1640914896471369/?comment_id=1620288805186131&reply_comment_id=881434874085355",,"2024-09-30T13:41:21.000Z","534942072262321","https://www.facebook.com/100072395977057/posts/534942072262321","ZmVlZGJhY2s6NTM0OTQyMDcyMjYyMzIxXzg4MTQzNDg3NDA4NTM1NQ==","Y29tbWVudDo1MzQ5NDIwNzIyNjIzMjFfODgxNDM0ODc0MDg1MzU1","https://www.facebook.com/100072395977057/posts/534942072262321","0",,,,,"User","100014885730313","Fendi Rahmat Efendi","Fendi","Y29tbWVudDo1MzQ5NDIwNzIyNjIzMjFfMTYyMDI4ODgwNTE4NjEzMQ==","CARA MEMBUAT TOWER HIDROPONIK UNTUK MENANAM BERAGAM TANAMAN DI LAHAN TERBATAS SECARA VERTIKAL DARI AWAL PEMBUATAN SAMPAI PANEN DAN PASKA PANEN TANAMAN...","100072395977057","Kebun Mahobi","https://scontent-ord5-1.xx.fbcdn.net/v/t39.30808-1/309593998_189851716771360_7588998626521373177_n.jpg?stp=cp0_dst-jpg_s32x32&_nc_cat=109&ccb=1-7&_nc_sid=f4b9fd&_nc_ohc=dJZDlLQ-ZsIQ7kNvgGuav5S&_nc_ht=scontent-ord5-1.xx&_nc_gid=A8BMlhB85NJ3XP_C7gcCfR5&oh=00_AYCpOU7YN3BKVA7wKVYQj58CfLh2nTdVt904zyqDUGuZWw&oe=67047D9D","https://www.facebook.com/people/Kebun-Mahobi/100072395977057/","Y29tbWVudDo1MzQ5NDIwNzIyNjIzMjFfMTYyMDI4ODgwNTE4NjEzMQ==","Fendi Rahmat Efendi Tergantung dari usia tanaman nya dan kondisi lingkungannya kak, ketika masih kecil 2-3 mingguan air nya masih ada, namun kalau sudah semakin besar tanaman dan cuaca sangat panas airnya lebih cepat habis🙏","1"
"https://www.facebook.com/100072395977057/videos/1640914896471369/?comment_id=1620288805186131&reply_comment_id=1257310935262165","1","2024-09-30T13:49:41.000Z","534942072262321","https://www.facebook.com/100072395977057/posts/534942072262321","ZmVlZGJhY2s6NTM0OTQyMDcyMjYyMzIxXzEyNTczMTA5MzUyNjIxNjU=","Y29tbWVudDo1MzQ5NDIwNzIyNjIzMjFfMTI1NzMxMDkzNTI2MjE2NQ==","https://www.facebook.com/100072395977057/posts/534942072262321","1",,,,,"User","100014885730313","Fendi Rahmat Efendi","Fendi","Y29tbWVudDo1MzQ5NDIwNzIyNjIzMjFfMTYyMDI4ODgwNTE4NjEzMQ==","CARA MEMBUAT TOWER HIDROPONIK UNTUK MENANAM BERAGAM TANAMAN DI LAHAN TERBATAS SECARA VERTIKAL DARI AWAL PEMBUATAN SAMPAI PANEN DAN PASKA PANEN TANAMAN...","100014885730313","Fendi Rahmat Efendi","https://scontent-ord5-1.xx.fbcdn.net/v/t39.30808-1/461476965_1982380145601491_2117464953572240106_n.jpg?stp=c130.0.780.780a_cp0_dst-jpg_s32x32&_nc_cat=108&ccb=1-7&_nc_sid=50d2ac&_nc_ohc=SfCktTPZyAIQ7kNvgHINi_C&_nc_ht=scontent-ord5-1.xx&_nc_gid=A8BMlhB85NJ3XP_C7gcCfR5&oh=00_AYD1kxHrKURdvhHMakeSdVEIp_h1K4Y5n2rkkHcidEEUkA&oe=67047BE0","https://www.facebook.com/people/Fendi-Rahmat-Efendi/100014885730313/","Y29tbWVudDo1MzQ5NDIwNzIyNjIzMjFfMTYyMDI4ODgwNTE4NjEzMQ==","Cukup pakai nutrisi AB MIX atau di semprot POC yng lain kak?🙏","1"
"https://www.facebook.com/100072395977057/videos/1640914896471369/?comment_id=1620288805186131&reply_comment_id=1435932053738538",,"2024-10-01T03:06:56.000Z","534942072262321","https://www.facebook.com/100072395977057/posts/534942072262321","ZmVlZGJhY2s6NTM0OTQyMDcyMjYyMzIxXzE0MzU5MzIwNTM3Mzg1Mzg=","Y29tbWVudDo1MzQ5NDIwNzIyNjIzMjFfMTQzNTkzMjA1MzczODUzOA==","https://www.facebook.com/100072395977057/posts/534942072262321","0",,,,,"User","100014885730313","Fendi Rahmat Efendi","Fendi","Y29tbWVudDo1MzQ5NDIwNzIyNjIzMjFfMTYyMDI4ODgwNTE4NjEzMQ==","CARA MEMBUAT TOWER HIDROPONIK UNTUK MENANAM BERAGAM TANAMAN DI LAHAN TERBATAS SECARA VERTIKAL DARI AWAL PEMBUATAN SAMPAI PANEN DAN PASKA PANEN TANAMAN...","100072395977057","Kebun Mahobi","https://scontent-ord5-1.xx.fbcdn.net/v/t39.30808-1/309593998_189851716771360_7588998626521373177_n.jpg?stp=cp0_dst-jpg_s32x32&_nc_cat=109&ccb=1-7&_nc_sid=f4b9fd&_nc_ohc=dJZDlLQ-ZsIQ7kNvgGuav5S&_nc_ht=scontent-ord5-1.xx&_nc_gid=A8BMlhB85NJ3XP_C7gcCfR5&oh=00_AYCpOU7YN3BKVA7wKVYQj58CfLh2nTdVt904zyqDUGuZWw&oe=67047D9D","https://www.facebook.com/people/Kebun-Mahobi/100072395977057/","Y29tbWVudDo1MzQ5NDIwNzIyNjIzMjFfMTYyMDI4ODgwNTE4NjEzMQ==","Fendi Rahmat Efendi cukup nutrisi AB mix saja kak 🙌","2"
"https://www.facebook.com/100072395977057/videos/1640914896471369/?comment_id=1620288805186131&reply_comment_id=1098887481772660",,"2024-10-01T03:55:04.000Z","534942072262321","https://www.facebook.com/100072395977057/posts/534942072262321","ZmVlZGJhY2s6NTM0OTQyMDcyMjYyMzIxXzEwOTg4ODc0ODE3NzI2NjA=","Y29tbWVudDo1MzQ5NDIwNzIyNjIzMjFfMTA5ODg4NzQ4MTc3MjY2MA==","https://www.facebook.com/100072395977057/posts/534942072262321","0",,,,,"User","100014885730313","Fendi Rahmat Efendi","Fendi","Y29tbWVudDo1MzQ5NDIwNzIyNjIzMjFfMTYyMDI4ODgwNTE4NjEzMQ==","CARA MEMBUAT TOWER HIDROPONIK UNTUK MENANAM BERAGAM TANAMAN DI LAHAN TERBATAS SECARA VERTIKAL DARI AWAL PEMBUATAN SAMPAI PANEN DAN PASKA PANEN TANAMAN...","100014885730313","Fendi Rahmat Efendi","https://scontent-ord5-1.xx.fbcdn.net/v/t39.30808-1/461476965_1982380145601491_2117464953572240106_n.jpg?stp=c130.0.780.780a_cp0_dst-jpg_s32x32&_nc_cat=108&ccb=1-7&_nc_sid=50d2ac&_nc_ohc=SfCktTPZyAIQ7kNvgHINi_C&_nc_ht=scontent-ord5-1.xx&_nc_gid=A8BMlhB85NJ3XP_C7gcCfR5&oh=00_AYD1kxHrKURdvhHMakeSdVEIp_h1K4Y5n2rkkHcidEEUkA&oe=67047BE0","https://www.facebook.com/people/Fendi-Rahmat-Efendi/100014885730313/","Y29tbWVudDo1MzQ5NDIwNzIyNjIzMjFfMTYyMDI4ODgwNTE4NjEzMQ==","Baik kak makasih 🙏","1"
"https://www.facebook.com/100072395977057/videos/1640914896471369/?comment_id=1620288805186131&reply_comment_id=764312232550039",,"2024-10-01T19:49:42.000Z","534942072262321","https://www.facebook.com/100072395977057/posts/534942072262321","ZmVlZGJhY2s6NTM0OTQyMDcyMjYyMzIxXzc2NDMxMjIzMjU1MDAzOQ==","Y29tbWVudDo1MzQ5NDIwNzIyNjIzMjFfNzY0MzEyMjMyNTUwMDM5","https://www.facebook.com/100072395977057/posts/534942072262321","0",,,,,"User","100014885730313","Fendi Rahmat Efendi","Fendi","Y29tbWVudDo1MzQ5NDIwNzIyNjIzMjFfMTYyMDI4ODgwNTE4NjEzMQ==","CARA MEMBUAT TOWER HIDROPONIK UNTUK MENANAM BERAGAM TANAMAN DI LAHAN TERBATAS SECARA VERTIKAL DARI AWAL PEMBUATAN SAMPAI PANEN DAN PASKA PANEN TANAMAN...","pfbid0nDMRAvN57C2SPRvKLTMDfgZfbEKeQNTfNGxHhD2KLNDADC281v9CTAFKT5L3Kurpl","Rose Wely","https://scontent-ord5-1.xx.fbcdn.net/v/t39.30808-1/311914054_549012683894169_772538145445956634_n.jpg?stp=c0.0.300.300a_cp0_dst-jpg_s32x32&_nc_cat=108&ccb=1-7&_nc_sid=0ecb9b&_nc_ohc=nBBN_k2tZ8MQ7kNvgFuUix3&_nc_ht=scontent-ord5-1.xx&_nc_gid=A8BMlhB85NJ3XP_C7gcCfR5&oh=00_AYA6GywWWKTRbvjcx4LVM1HKARVyOWfatkffLhjTOwutyQ&oe=67047462","https://www.facebook.com/rose.wely.9","Y29tbWVudDo1MzQ5NDIwNzIyNjIzMjFfMTYyMDI4ODgwNTE4NjEzMQ==","Cmna bentuk dlmnya....dn cara penyiraman.... blh diagram instalsiya ya ...","1"
