﻿"attachments/0/style_list/0","attachments/0/style_list/1","attachments/0/style_list/2","attachments/0/style_list/3","attachments/0/style_list/4","commentUrl","commentsCount","date","facebookId","facebookUrl","feedbackId","id","inputUrl","likesCount","pageAdLibrary/id","pageAdLibrary/is_business_page_active","postTitle","profileId","profileName","profilePicture","profileUrl","replyToCommentId","text","threadingDepth"
,,,,,"https://www.facebook.com/100004825651478/posts/2723123457858483?comment_id=483050901385609",,"2024-09-16T04:14:46.000Z","2723123457858483","https://www.facebook.com/100004825651478/posts/2723123457858483","ZmVlZGJhY2s6MjcyMzEyMzQ1Nzg1ODQ4M180ODMwNTA5MDEzODU2MDk=","Y29tbWVudDoyNzIzMTIzNDU3ODU4NDgzXzQ4MzA1MDkwMTM4NTYwOQ==","https://www.facebook.com/100004825651478/posts/2723123457858483","0","354414791082278","false","SEMUA LIGA ADA...
Pengikut 
Semuaorang 
#reels
#monetisasi","100007578522755","Renzy Bintangasia","https://scontent.frao1-2.fna.fbcdn.net/v/t39.30808-1/426012403_3605728109689771_2277782955804277447_n.jpg?stp=cp0_dst-jpg_s32x32&_nc_cat=104&ccb=1-7&_nc_sid=50d2ac&_nc_ohc=vuD6PrMQB7YQ7kNvgHRPZId&_nc_ht=scontent.frao1-2.fna&_nc_gid=A_r5_ufONubs1u1UHKprGES&oh=00_AYD4zj-s_3GKa-ZqugyzCJU-UGBbchDiLVFLla2pkNAlrQ&oe=66EEEF44","https://www.facebook.com/renzi.prayuda",,"Mantap boss",
,,,,,"https://www.facebook.com/100004825651478/posts/2723124221191740?comment_id=1636703677195651",,"2024-09-16T04:14:01.000Z","2723124221191740","https://www.facebook.com/100004825651478/posts/2723124221191740","ZmVlZGJhY2s6MjcyMzEyNDIyMTE5MTc0MF8xNjM2NzAzNjc3MTk1NjUx","Y29tbWVudDoyNzIzMTI0MjIxMTkxNzQwXzE2MzY3MDM2NzcxOTU2NTE=","https://www.facebook.com/100004825651478/posts/2723124221191740","0","261237703739109","false","Ayoo mari  kita tanam sayuran daun Bersama Bintang asia🥬
AMARIN
RED
SHANGHAI

#suksesbersamabintangasia
#syurandaun
Kwt Dahlia 
Kwt Mawar 
Kwt Anggrek 
pengikut 
Bpp Bukap 
Benih Citra Asia 
Bintang Asia","100007578522755","Renzy Bintangasia","https://scontent-atl3-2.xx.fbcdn.net/v/t39.30808-1/426012403_3605728109689771_2277782955804277447_n.jpg?stp=cp0_dst-jpg_s32x32&_nc_cat=104&ccb=1-7&_nc_sid=50d2ac&_nc_ohc=vuD6PrMQB7YQ7kNvgH0qq9c&_nc_ht=scontent-atl3-2.xx&oh=00_AYDa5XRJ6A1Lh5IHg4T8y-FwoGqO02r3sm_lt7MyUopmqQ&oe=66EEEF44","https://www.facebook.com/renzi.prayuda",,"Mantap",
,,,,,"https://www.facebook.com/100004825651478/posts/2723473291156833?comment_id=385904101248312","1","2024-09-17T00:56:38.000Z","2723473291156833","https://www.facebook.com/100004825651478/posts/2723473291156833","ZmVlZGJhY2s6MjcyMzQ3MzI5MTE1NjgzM18zODU5MDQxMDEyNDgzMTI=","Y29tbWVudDoyNzIzNDczMjkxMTU2ODMzXzM4NTkwNDEwMTI0ODMxMg==","https://www.facebook.com/100004825651478/posts/2723473291156833","0","214897285046227","false","NiZar Bintang Asia. 69 likes · 74 talking about this. promosi prodak","pfbid0QZKPxs5sTgcndtezdWUMaqaWKA7KoJ9hCmVZhF3WnkQCuEsNKxzfNJJUxiUsALncl","Ribut Andi M. Andi","https://scontent.fjan1-1.fna.fbcdn.net/v/t39.30808-1/428190647_3258985684257057_8152856627367893907_n.jpg?stp=cp0_dst-jpg_s32x32&_nc_cat=107&ccb=1-7&_nc_sid=0ecb9b&_nc_ohc=042-9NakIlEQ7kNvgEeiO_B&_nc_ht=scontent.fjan1-1.fna&_nc_gid=Ajhz7rUJV6Nqft86TW4koVg&oh=00_AYAILffzKl5KEmSkRP9kq08PzLDfSFMvMIhKKXdBcaBvtg&oe=66EEF837","https://www.facebook.com/people/Ribut-Andi-M-Andi/pfbid0QZKPxs5sTgcndtezdWUMaqaWKA7KoJ9hCmVZhF3WnkQCuEsNKxzfNJJUxiUsALncl/",,"Wes anget notane pak D",
"animated_image_autoplay","animated_image_share","image_share","share","fallback","https://www.facebook.com/100004825651478/posts/2723473291156833?comment_id=1585560722022514",,"2024-09-17T01:55:22.000Z","2723473291156833","https://www.facebook.com/100004825651478/posts/2723473291156833","ZmVlZGJhY2s6MjcyMzQ3MzI5MTE1NjgzM18xNTg1NTYwNzIyMDIyNTE0","Y29tbWVudDoyNzIzNDczMjkxMTU2ODMzXzE1ODU1NjA3MjIwMjI1MTQ=","https://www.facebook.com/100004825651478/posts/2723473291156833","0","214897285046227","false","NiZar Bintang Asia. 69 likes · 74 talking about this. promosi prodak","pfbid0d94TJKs2fZRFEVJxBaaiXBSVKjpL7hyywhy6aJiTx6CTvsqBp5NKdsWmsuw2HNoVl","Sugito Semangko","https://scontent.fdet1-1.fna.fbcdn.net/v/t1.6435-1/171039543_100851735477673_9187325491285823412_n.jpg?stp=cp0_dst-jpg_s32x32&_nc_cat=103&ccb=1-7&_nc_sid=0ecb9b&_nc_ohc=4s2WlZTMHgwQ7kNvgHmBBsd&_nc_ht=scontent.fdet1-1.fna&_nc_gid=AzkhWG2VhO6hjrtb07G7Apd&oh=00_AYDbicCyz0QfPz_dCWcPU0svvJoYRrkhlebOxu2dcpzLQg&oe=6710B3FD","https://www.facebook.com/sugito.semangko.9","Y29tbWVudDoyNzIzNDczMjkxMTU2ODMzXzM4NTkwNDEwMTI0ODMxMg==","Ribut Andi M. Andi  okree trims","1"
