﻿"channelAvatarUrl","channelBannerUrl","channelDescription","channelId","channelJoinedDate","channelLocation","channelName","channelTotalVideos","channelTotalViews","channelUrl","comments","commentsCount","commentsTurnedOff","date","duration","fromYTUrl","id","input","inputChannelUrl","isAgeRestricted","isChannelVerified","isMonetized","likes","location","note","numberOfSubscribers","subtitles","text","thumbnailUrl","title","type","url","viewCount"
,,,,,,,,,,,,,,,,,"https://www.youtube.com/@jaelaniasnaip1215",,,,,,,"The channel has no shorts.",,,,,,,"https://www.youtube.com/@jaelaniasnaip1215/about",
,,,,,,,,,,,,,,,,,"https://www.youtube.com/@jaelaniasnaip1215",,,,,,,"The channel has no live videos.",,,,,,,"https://www.youtube.com/@jaelaniasnaip1215/about",
"https://yt3.googleusercontent.com/XKQo9mMpgEKbOfSDQtVgpVYiyi2w2cYSB3Cik6YMQ7Pzr-s764bkhX5V4IWxVYahDIiYbRB3dE8=s160-c-k-c0x00ffffff-no-rj",,"Benih Unggul Bintang Asia, Tips Budidaya Tanaman Pangan & 
Hortikultura untuk hasil panen yang maksimal. @benihcitraasia 
@bintangasia.official","UCtvWtdkg7Ag6V6DJElXTfYg","Jun 15, 2015",,"Jaelani Bintang Asia","2","134","https://www.youtube.com/channel/UCtvWtdkg7Ag6V6DJElXTfYg",,"1","false","2024-09-04T23:54:29.000Z","00:01:07","https://www.youtube.com/@jaelaniasnaip1215/videos","fAZtEmhcFGE",,"https://www.youtube.com/@jaelaniasnaip1215","false","false",,"2",,,"10",,"","https://i.ytimg.com/vi/fAZtEmhcFGE/maxresdefault.jpg?sqp=-oaymwEmCIAKENAF8quKqQMa8AEB-AG2CIACgA-KAgwIABABGEcgZSgPMA8=&rs=AOn4CLAvwns3DUBhkZs5Xn6YVKNRCeQUXg","TIMUN SAENA F1 DARI PT. BENIH CITRA ASIA #bintangasia","video","https://www.youtube.com/watch?v=fAZtEmhcFGE","131"
