﻿"attachments/0/style_list/0","attachments/0/style_list/1","attachments/0/style_list/2","attachments/0/style_list/3","attachments/0/style_list/4","commentUrl","commentsCount","date","facebookId","facebookUrl","feedbackId","id","inputUrl","likesCount","pageAdLibrary/id","pageAdLibrary/is_business_page_active","postTitle","profileId","profileName","profilePicture","profileUrl","replyToCommentId","text","threadingDepth"
"sticker","fallback",,,,"https://www.facebook.com/100004825651478/posts/2714384618732367?comment_id=1048600176916424",,"2024-09-08T02:23:11.000Z","2714384618732367","https://www.facebook.com/100004825651478/posts/2714384618732367","ZmVlZGJhY2s6MjcxNDM4NDYxODczMjM2N18xMDQ4NjAwMTc2OTE2NDI0","Y29tbWVudDoyNzE0Mzg0NjE4NzMyMzY3XzEwNDg2MDAxNzY5MTY0MjQ=","https://www.facebook.com/100004825651478/posts/2714384618732367","0","214897285046227","false","Timun dengan varietas 𝐊𝐎𝐌𝐀𝐍𝐃𝐀𝐍 𝐅𝟏
Timun dengan dataran rendah menengah ini tahan virus tahan simpan dan warna buah gelap. 

𝐊𝐎𝐌𝐀𝐍𝐃𝐀𝐍 𝐅𝟏
𝐏𝐓. 𝐁𝐄𝐍𝐈𝐇 𝐂𝐈𝐓𝐑𝐀 𝐀𝐒𝐈𝐀(𝐁𝐈𝐍𝐓𝐀𝐍𝐆 𝐀𝐒𝐈𝐀)","pfbid0cW9KsBHVztrqsvMBmze53Qx4ePYMvyc4jmP1cJzoC6REhyRFGnNAkJuVXzAQH7s6l","Nur Afifah","https://scontent-lhr8-1.xx.fbcdn.net/v/t39.30808-1/441318119_476335098150964_7611849560899700352_n.jpg?stp=cp0_dst-jpg_s32x32&_nc_cat=111&ccb=1-7&_nc_sid=0ecb9b&_nc_ohc=SsiixZvyou0Q7kNvgFQiMak&_nc_ht=scontent-lhr8-1.xx&_nc_gid=AC-f4nlJtpDheQBIcsQo69g&oh=00_AYCK38pj-gQbd03UQgI88-CEu5HpqHvvZB9lHGaCYxhVPw&oe=66E82018","https://www.facebook.com/people/Nur-Afifah/pfbid0cW9KsBHVztrqsvMBmze53Qx4ePYMvyc4jmP1cJzoC6REhyRFGnNAkJuVXzAQH7s6l/",,"Alhamdulillah mantap",
,,,,,"https://www.facebook.com/100004825651478/posts/2714384618732367?comment_id=1308311396973452",,"2024-09-09T01:16:03.000Z","2714384618732367","https://www.facebook.com/100004825651478/posts/2714384618732367","ZmVlZGJhY2s6MjcxNDM4NDYxODczMjM2N18xMzA4MzExMzk2OTczNDUy","Y29tbWVudDoyNzE0Mzg0NjE4NzMyMzY3XzEzMDgzMTEzOTY5NzM0NTI=","https://www.facebook.com/100004825651478/posts/2714384618732367","1","214897285046227","false","Timun dengan varietas 𝐊𝐎𝐌𝐀𝐍𝐃𝐀𝐍 𝐅𝟏
Timun dengan dataran rendah menengah ini tahan virus tahan simpan dan warna buah gelap. 

𝐊𝐎𝐌𝐀𝐍𝐃𝐀𝐍 𝐅𝟏
𝐏𝐓. 𝐁𝐄𝐍𝐈𝐇 𝐂𝐈𝐓𝐑𝐀 𝐀𝐒𝐈𝐀(𝐁𝐈𝐍𝐓𝐀𝐍𝐆 𝐀𝐒𝐈𝐀)","pfbid0S9Gdg6jW7MNVMcjgQWJKwB1QvPgcBXeYwF4qCnwt74nfFfuexMos32N9whUtDXkYl","Opeq Bintang Asia","https://scontent-lhr8-1.xx.fbcdn.net/v/t39.30808-1/440808755_122106493232287865_6230265854575499414_n.jpg?stp=cp0_dst-jpg_s32x32&_nc_cat=108&ccb=1-7&_nc_sid=0ecb9b&_nc_ohc=ULmtTw8K-M4Q7kNvgH_77ci&_nc_ht=scontent-lhr8-1.xx&_nc_gid=AC-f4nlJtpDheQBIcsQo69g&oh=00_AYC7fKESuNL5xBr4aWpC0TBVx3ruK1HcNIK2P1BPOkTT4w&oe=66E82C6E","https://www.facebook.com/people/Opeq-Bintang-Asia/pfbid0S9Gdg6jW7MNVMcjgQWJKwB1QvPgcBXeYwF4qCnwt74nfFfuexMos32N9whUtDXkYl/",,"Timun rujak.
Tahan virus.
Mudah merambat.
Lebat produksi tinggi.
Pangkal buah tidak pahit.",
"sticker","fallback",,,,"https://www.facebook.com/100004825651478/posts/2714384618732367?comment_id=372067792615699",,"2024-09-07T11:17:32.000Z","2714384618732367","https://www.facebook.com/100004825651478/posts/2714384618732367","ZmVlZGJhY2s6MjcxNDM4NDYxODczMjM2N18zNzIwNjc3OTI2MTU2OTk=","Y29tbWVudDoyNzE0Mzg0NjE4NzMyMzY3XzM3MjA2Nzc5MjYxNTY5OQ==","https://www.facebook.com/100004825651478/posts/2714384618732367","1","214897285046227","false","Timun dengan varietas 𝐊𝐎𝐌𝐀𝐍𝐃𝐀𝐍 𝐅𝟏
Timun dengan dataran rendah menengah ini tahan virus tahan simpan dan warna buah gelap. 

𝐊𝐎𝐌𝐀𝐍𝐃𝐀𝐍 𝐅𝟏
𝐏𝐓. 𝐁𝐄𝐍𝐈𝐇 𝐂𝐈𝐓𝐑𝐀 𝐀𝐒𝐈𝐀(𝐁𝐈𝐍𝐓𝐀𝐍𝐆 𝐀𝐒𝐈𝐀)","100004370253176","Muhamad Cali Faiz Ahmad","https://scontent-lhr8-1.xx.fbcdn.net/v/t39.30808-1/456120459_2788136318008683_7418166726346064265_n.jpg?stp=cp0_dst-jpg_s32x32&_nc_cat=108&ccb=1-7&_nc_sid=50d2ac&_nc_ohc=EMIU55VJAHkQ7kNvgHF3s-Y&_nc_ht=scontent-lhr8-1.xx&_nc_gid=AC-f4nlJtpDheQBIcsQo69g&oh=00_AYCMNufK-A35bTAuEW3OaKxs8cVw2FBZZDvy0OdqEvX4ng&oe=66E827AD","https://www.facebook.com/muhamad.cali.98",,"Mantapnya",
,,,,,"https://www.facebook.com/100004825651478/posts/2714384618732367?comment_id=472346365770575","2","2024-09-07T11:37:25.000Z","2714384618732367","https://www.facebook.com/100004825651478/posts/2714384618732367","ZmVlZGJhY2s6MjcxNDM4NDYxODczMjM2N180NzIzNDYzNjU3NzA1NzU=","Y29tbWVudDoyNzE0Mzg0NjE4NzMyMzY3XzQ3MjM0NjM2NTc3MDU3NQ==","https://www.facebook.com/100004825651478/posts/2714384618732367","0","214897285046227","false","Timun dengan varietas 𝐊𝐎𝐌𝐀𝐍𝐃𝐀𝐍 𝐅𝟏
Timun dengan dataran rendah menengah ini tahan virus tahan simpan dan warna buah gelap. 

𝐊𝐎𝐌𝐀𝐍𝐃𝐀𝐍 𝐅𝟏
𝐏𝐓. 𝐁𝐄𝐍𝐈𝐇 𝐂𝐈𝐓𝐑𝐀 𝐀𝐒𝐈𝐀(𝐁𝐈𝐍𝐓𝐀𝐍𝐆 𝐀𝐒𝐈𝐀)","100007578522755","Renzy Bintangasia","https://scontent-lhr6-2.xx.fbcdn.net/v/t39.30808-1/426012403_3605728109689771_2277782955804277447_n.jpg?stp=cp0_dst-jpg_s32x32&_nc_cat=104&ccb=1-7&_nc_sid=50d2ac&_nc_ohc=M574j_z4JmsQ7kNvgEdwf_u&_nc_ht=scontent-lhr6-2.xx&_nc_gid=AC-f4nlJtpDheQBIcsQo69g&oh=00_AYCTkZkdrnYOqHg7i4CMQDZmB6y7SqFqCoTOTSekmMHxcg&oe=66E81F84","https://www.facebook.com/renzi.prayuda",,"Mantap..Uda panen ke brapa bg?",
"animated_image_autoplay","animated_image_share","image_share","share","fallback","https://www.facebook.com/100004825651478/posts/2718525058318323?comment_id=1033618494797582",,"2024-09-12T01:20:52.000Z","2718525058318323","https://www.facebook.com/100004825651478/posts/2718525058318323","ZmVlZGJhY2s6MjcxODUyNTA1ODMxODMyM18xMDMzNjE4NDk0Nzk3NTgy","Y29tbWVudDoyNzE4NTI1MDU4MzE4MzIzXzEwMzM2MTg0OTQ3OTc1ODI=","https://www.facebook.com/100004825651478/posts/2718525058318323","0","354414791082278","false","Abaikan kemerduan suara sya...
Benih Citra Asia 
Semuaorang  Pengikut 
Petani Horti 
#petanimentimun","100004370253176","Muhamad Cali Faiz Ahmad","https://scontent-lax3-1.xx.fbcdn.net/v/t39.30808-1/456120459_2788136318008683_7418166726346064265_n.jpg?stp=cp0_dst-jpg_s32x32&_nc_cat=108&ccb=1-7&_nc_sid=50d2ac&_nc_ohc=EMIU55VJAHkQ7kNvgHXX2fe&_nc_ht=scontent-lax3-1.xx&_nc_gid=AH1We93lHYlQg7DI9LRhSqt&oh=00_AYBaBsWSvCm6Xql3iSXwMTtgvaAv1MUgpoXKjt34rJ2fXw&oe=66E827AD","https://www.facebook.com/muhamad.cali.98",,,
,,,,,"https://www.facebook.com/100004825651478/posts/2712526482251514?comment_id=503963162369348",,"2024-09-05T16:08:52.000Z","2712526482251514","https://www.facebook.com/100004825651478/posts/2712526482251514","ZmVlZGJhY2s6MjcxMjUyNjQ4MjI1MTUxNF81MDM5NjMxNjIzNjkzNDg=","Y29tbWVudDoyNzEyNTI2NDgyMjUxNTE0XzUwMzk2MzE2MjM2OTM0OA==","https://www.facebook.com/100004825651478/posts/2712526482251514","0","214897285046227","false","Kegiatan hari ini bersama para petani Bintang Asia 
Farmers Meeting  (FM) merupakan suatu upaya atau proses kegiatan yang dilakukan dalam rangka pemberdayaan masyarakat dan petani.Efektivitas FM ditentukan oleh komponen-komponen dalam sistem penyuluhan pertanian, diantaranya yaitu  bagaimana  memilih metode penyuluhan pertanian yang baik. Metode yang efektif harus dipilih dan ditetapkan berdasarkan karakteristik sasaran, sumberdaya yang dimiliki, materi, dan tujuan yang ingin dicapai.

FM kali ini pokus produk Benih Citra Asia 

#PRAYA F1
Semangka hibrida berbiji.
Bentuk buah : bulat.
Warna kulit : hijau gelap.
Warna daging : merah.
Berat buah : ± 8 kg/buah.
Potensi hasil : ± 48 ton/ha.
Tahan simpan.
Adaptasi utama di dataran rendah.
Rasa manis.
Buah mudah membesar.
Produksi tinggi

#BIG MADURI F1
Semangka hibrida berbiji.
Bentuk buah : lonjong.
Warna kulit : hijau gelap.
Warna daging : kuning.
Berat buah : ± 7 kg/buah.
Umur panen : ± 60 hst.
Adaptasi utama di dataran rendah.
Inul kuning besar.
Tahan kresek.
Daging padat.
Rasa manis.

#foto 
#petaniindonesia 
#semuaorang
#BintangasiA
@sorotan 
Pengikut","100004825651478","NiZar Bintang Asia","https://scontent-lga3-1.xx.fbcdn.net/v/t39.30808-1/438276089_2611594555678041_6997404202785061953_n.jpg?stp=cp0_dst-jpg_p32x32&_nc_cat=111&ccb=1-7&_nc_sid=50d2ac&_nc_ohc=htclMtTmRgIQ7kNvgHejsXY&_nc_ht=scontent-lga3-1.xx&_nc_gid=AlOPriU8SCtF8jASHOEo9SQ&oh=00_AYB917S_WUW14knRR_mJ0HoBaT5DkC7WcBxmLhlFvn3EqQ&oe=66E819AE","https://www.facebook.com/nizar.setia.3",,"Membara mas ku",
,,,,,"https://www.facebook.com/100004825651478/posts/2712526482251514?comment_id=1025657245602855",,"2024-09-05T23:20:38.000Z","2712526482251514","https://www.facebook.com/100004825651478/posts/2712526482251514","ZmVlZGJhY2s6MjcxMjUyNjQ4MjI1MTUxNF8xMDI1NjU3MjQ1NjAyODU1","Y29tbWVudDoyNzEyNTI2NDgyMjUxNTE0XzEwMjU2NTcyNDU2MDI4NTU=","https://www.facebook.com/100004825651478/posts/2712526482251514","0","214897285046227","false","Kegiatan hari ini bersama para petani Bintang Asia 
Farmers Meeting  (FM) merupakan suatu upaya atau proses kegiatan yang dilakukan dalam rangka pemberdayaan masyarakat dan petani.Efektivitas FM ditentukan oleh komponen-komponen dalam sistem penyuluhan pertanian, diantaranya yaitu  bagaimana  memilih metode penyuluhan pertanian yang baik. Metode yang efektif harus dipilih dan ditetapkan berdasarkan karakteristik sasaran, sumberdaya yang dimiliki, materi, dan tujuan yang ingin dicapai.

FM kali ini pokus produk Benih Citra Asia 

#PRAYA F1
Semangka hibrida berbiji.
Bentuk buah : bulat.
Warna kulit : hijau gelap.
Warna daging : merah.
Berat buah : ± 8 kg/buah.
Potensi hasil : ± 48 ton/ha.
Tahan simpan.
Adaptasi utama di dataran rendah.
Rasa manis.
Buah mudah membesar.
Produksi tinggi

#BIG MADURI F1
Semangka hibrida berbiji.
Bentuk buah : lonjong.
Warna kulit : hijau gelap.
Warna daging : kuning.
Berat buah : ± 7 kg/buah.
Umur panen : ± 60 hst.
Adaptasi utama di dataran rendah.
Inul kuning besar.
Tahan kresek.
Daging padat.
Rasa manis.

#foto 
#petaniindonesia 
#semuaorang
#BintangasiA
@sorotan 
Pengikut","100004370253176","Muhamad Cali Faiz Ahmad","https://scontent-lga3-1.xx.fbcdn.net/v/t39.30808-1/456120459_2788136318008683_7418166726346064265_n.jpg?stp=cp0_dst-jpg_s32x32&_nc_cat=108&ccb=1-7&_nc_sid=50d2ac&_nc_ohc=EMIU55VJAHkQ7kNvgGedcGX&_nc_ht=scontent-lga3-1.xx&_nc_gid=AlOPriU8SCtF8jASHOEo9SQ&oh=00_AYBdGwkii7xNYZ8nGB8BAK221d0nIng3cOV4UqHE7yguJw&oe=66E827AD","https://www.facebook.com/muhamad.cali.98",,"Mnatap",
,,,,,"https://www.facebook.com/100004825651478/posts/2717309618439867?comment_id=1038395077502109",,"2024-09-11T06:55:47.000Z","2717309618439867","https://www.facebook.com/100004825651478/posts/2717309618439867","ZmVlZGJhY2s6MjcxNzMwOTYxODQzOTg2N18xMDM4Mzk1MDc3NTAyMTA5","Y29tbWVudDoyNzE3MzA5NjE4NDM5ODY3XzEwMzgzOTUwNzc1MDIxMDk=","https://www.facebook.com/100004825651478/posts/2717309618439867","0","214897285046227","false","Padi hibrida varietas 𝐁𝐂𝐀 𝟏𝟖
Anak kan banyak, batang sangat kokoh
Prodak 𝐏𝐓. 𝐁𝐄𝐍𝐈𝐇 𝐂𝐈𝐓𝐑𝐀 𝐀𝐒𝐈𝐀(𝐁𝐈𝐍𝐓𝐀𝐍𝐆 𝐀𝐒𝐈𝐀)","pfbid0S9Gdg6jW7MNVMcjgQWJKwB1QvPgcBXeYwF4qCnwt74nfFfuexMos32N9whUtDXkYl","Opeq Bintang Asia","https://scontent.fltn3-2.fna.fbcdn.net/v/t39.30808-1/440808755_122106493232287865_6230265854575499414_n.jpg?stp=cp0_dst-jpg_s32x32&_nc_cat=108&ccb=1-7&_nc_sid=0ecb9b&_nc_ohc=ULmtTw8K-M4Q7kNvgElSaey&_nc_ht=scontent.fltn3-2.fna&_nc_gid=AHVOftAGHib6ZdVz-gbM3hA&oh=00_AYDVUOADXg0ytvmemLgrHCVYAS8IdfmSisZNH7f1nObkvA&oe=66E82C6E","https://www.facebook.com/people/Opeq-Bintang-Asia/pfbid0S9Gdg6jW7MNVMcjgQWJKwB1QvPgcBXeYwF4qCnwt74nfFfuexMos32N9whUtDXkYl/",,"Padi hibrida.
Bulir bernas.
Anakan produktif banyak.
Tahan terhadap wereng batang coklat biotipe 1.
Tahan hawar daun, bakteri patotipe IV dan VIII.
Potensi produksi tinggi.",
,,,,,"https://www.facebook.com/100004825651478/posts/2714384618732367?comment_id=1193938221657876",,"2024-09-07T11:53:15.000Z","2714384618732367","https://www.facebook.com/100004825651478/posts/2714384618732367","ZmVlZGJhY2s6MjcxNDM4NDYxODczMjM2N18xMTkzOTM4MjIxNjU3ODc2","Y29tbWVudDoyNzE0Mzg0NjE4NzMyMzY3XzExOTM5MzgyMjE2NTc4NzY=","https://www.facebook.com/100004825651478/posts/2714384618732367","0","214897285046227","false","Timun dengan varietas 𝐊𝐎𝐌𝐀𝐍𝐃𝐀𝐍 𝐅𝟏
Timun dengan dataran rendah menengah ini tahan virus tahan simpan dan warna buah gelap. 

𝐊𝐎𝐌𝐀𝐍𝐃𝐀𝐍 𝐅𝟏
𝐏𝐓. 𝐁𝐄𝐍𝐈𝐇 𝐂𝐈𝐓𝐑𝐀 𝐀𝐒𝐈𝐀(𝐁𝐈𝐍𝐓𝐀𝐍𝐆 𝐀𝐒𝐈𝐀)","100007578522755","Renzy Bintangasia","https://scontent-hou1-1.xx.fbcdn.net/v/t39.30808-1/426012403_3605728109689771_2277782955804277447_n.jpg?stp=cp0_dst-jpg_s32x32&_nc_cat=104&ccb=1-7&_nc_sid=50d2ac&_nc_ohc=M574j_z4JmsQ7kNvgGbOF6S&_nc_ht=scontent-hou1-1.xx&_nc_gid=Al402lbYQ8Qg_BHEqXwmFvD&oh=00_AYD1OfVHeJYIdfi6ZIhWdbXmP3RzlJr5X_PLAP8GBdAFKg&oe=66E81F84","https://www.facebook.com/renzi.prayuda","Y29tbWVudDoyNzE0Mzg0NjE4NzMyMzY3XzQ3MjM0NjM2NTc3MDU3NQ==","NiZar Bintang Asia okee sipp gass kennbos","2"
,,,,,"https://www.facebook.com/100004825651478/posts/2714384618732367?comment_id=865697605519979","1","2024-09-07T11:52:47.000Z","2714384618732367","https://www.facebook.com/100004825651478/posts/2714384618732367","ZmVlZGJhY2s6MjcxNDM4NDYxODczMjM2N184NjU2OTc2MDU1MTk5Nzk=","Y29tbWVudDoyNzE0Mzg0NjE4NzMyMzY3Xzg2NTY5NzYwNTUxOTk3OQ==","https://www.facebook.com/100004825651478/posts/2714384618732367","0","214897285046227","false","Timun dengan varietas 𝐊𝐎𝐌𝐀𝐍𝐃𝐀𝐍 𝐅𝟏
Timun dengan dataran rendah menengah ini tahan virus tahan simpan dan warna buah gelap. 

𝐊𝐎𝐌𝐀𝐍𝐃𝐀𝐍 𝐅𝟏
𝐏𝐓. 𝐁𝐄𝐍𝐈𝐇 𝐂𝐈𝐓𝐑𝐀 𝐀𝐒𝐈𝐀(𝐁𝐈𝐍𝐓𝐀𝐍𝐆 𝐀𝐒𝐈𝐀)","100004825651478","NiZar Bintang Asia","https://scontent-hou1-1.xx.fbcdn.net/v/t39.30808-1/438276089_2611594555678041_6997404202785061953_n.jpg?stp=cp0_dst-jpg_p32x32&_nc_cat=111&ccb=1-7&_nc_sid=50d2ac&_nc_ohc=htclMtTmRgIQ7kNvgF03Bk6&_nc_ht=scontent-hou1-1.xx&_nc_gid=Al402lbYQ8Qg_BHEqXwmFvD&oh=00_AYBfqCxOHON2tCGzvp-VIbngAWK_vd-F3NJm_ZEa_ptZBQ&oe=66E819AE","https://www.facebook.com/nizar.setia.3","Y29tbWVudDoyNzE0Mzg0NjE4NzMyMzY3XzQ3MjM0NjM2NTc3MDU3NQ==","Renzy Bintangasia kedua","1"
,,,,,"https://www.facebook.com/100004825651478/posts/2714238042080358?comment_id=564663042599604",,"2024-09-09T01:03:48.000Z","2714238042080358","https://www.facebook.com/100004825651478/posts/2714238042080358","ZmVlZGJhY2s6MjcxNDIzODA0MjA4MDM1OF81NjQ2NjMwNDI1OTk2MDQ=","Y29tbWVudDoyNzE0MjM4MDQyMDgwMzU4XzU2NDY2MzA0MjU5OTYwNA==","https://www.facebook.com/100004825651478/posts/2714238042080358","1","214897285046227","false","Padi hibrida dari 𝐏𝐓. 𝐁𝐄𝐍𝐈𝐇 𝐂𝐈𝐓𝐑𝐀 𝐀𝐒𝐈𝐀(𝐁𝐈𝐍𝐓𝐀𝐍𝐆 𝐀𝐒𝐈𝐀) 
𝐁𝐂𝐀 𝟏𝟖 , itulah nama varietas nya.","pfbid0S9Gdg6jW7MNVMcjgQWJKwB1QvPgcBXeYwF4qCnwt74nfFfuexMos32N9whUtDXkYl","Opeq Bintang Asia","https://scontent-iad3-1.xx.fbcdn.net/v/t39.30808-1/440808755_122106493232287865_6230265854575499414_n.jpg?stp=cp0_dst-jpg_s32x32&_nc_cat=108&ccb=1-7&_nc_sid=0ecb9b&_nc_ohc=ULmtTw8K-M4Q7kNvgFN4DM0&_nc_ht=scontent-iad3-1.xx&_nc_gid=AJRgufwPBtAGDP6vkMgXUVt&oh=00_AYDbYHdUrV93_ROWkfkSn-0j348bhJ7DOhMXnyuU-xPSGg&oe=66E82C6E","https://www.facebook.com/people/Opeq-Bintang-Asia/pfbid0S9Gdg6jW7MNVMcjgQWJKwB1QvPgcBXeYwF4qCnwt74nfFfuexMos32N9whUtDXkYl/",,"Padi hibrida.
Bulir bernas.
Anakan produktif banyak.
Tahan terhadap wereng batang coklat biotipe 1.
Tahan hawar daun, bakteri patotipe IV dan VIII.
Potensi produksi tinggi.",
,,,,,"https://www.facebook.com/100004825651478/posts/2714238042080358?comment_id=1733752277442054",,"2024-09-09T01:02:55.000Z","2714238042080358","https://www.facebook.com/100004825651478/posts/2714238042080358","ZmVlZGJhY2s6MjcxNDIzODA0MjA4MDM1OF8xNzMzNzUyMjc3NDQyMDU0","Y29tbWVudDoyNzE0MjM4MDQyMDgwMzU4XzE3MzM3NTIyNzc0NDIwNTQ=","https://www.facebook.com/100004825651478/posts/2714238042080358","0","214897285046227","false","Padi hibrida dari 𝐏𝐓. 𝐁𝐄𝐍𝐈𝐇 𝐂𝐈𝐓𝐑𝐀 𝐀𝐒𝐈𝐀(𝐁𝐈𝐍𝐓𝐀𝐍𝐆 𝐀𝐒𝐈𝐀) 
𝐁𝐂𝐀 𝟏𝟖 , itulah nama varietas nya.","pfbid0PLmN4XgrhG5odybeb2JEbmDdzqBYeGjiDKtGuwnTZajtdmSdtbMB8ZTWnfrDDwmgl","Eric Z","https://scontent-iad3-2.xx.fbcdn.net/v/t1.6435-1/29389366_100508254127636_6370208382900502528_n.jpg?stp=cp0_dst-jpg_s32x32&_nc_cat=106&ccb=1-7&_nc_sid=0ecb9b&_nc_ohc=hK77MORXSVwQ7kNvgEGyGiN&_nc_ht=scontent-iad3-2.xx&_nc_gid=AJRgufwPBtAGDP6vkMgXUVt&oh=00_AYBjitQt1N5z-b-PN1SS0DOS8jjV3y3-vX1jjWI1ukElKw&oe=6709C785","https://www.facebook.com/eric.z.524",,"nasi jadinya keras",
,,,,,"https://www.facebook.com/100004825651478/posts/2714238042080358?comment_id=1050298563147899",,"2024-09-07T07:44:09.000Z","2714238042080358","https://www.facebook.com/100004825651478/posts/2714238042080358","ZmVlZGJhY2s6MjcxNDIzODA0MjA4MDM1OF8xMDUwMjk4NTYzMTQ3ODk5","Y29tbWVudDoyNzE0MjM4MDQyMDgwMzU4XzEwNTAyOTg1NjMxNDc4OTk=","https://www.facebook.com/100004825651478/posts/2714238042080358","0","214897285046227","false","Padi hibrida dari 𝐏𝐓. 𝐁𝐄𝐍𝐈𝐇 𝐂𝐈𝐓𝐑𝐀 𝐀𝐒𝐈𝐀(𝐁𝐈𝐍𝐓𝐀𝐍𝐆 𝐀𝐒𝐈𝐀) 
𝐁𝐂𝐀 𝟏𝟖 , itulah nama varietas nya.","100007578522755","Renzy Bintangasia","https://scontent-iad3-1.xx.fbcdn.net/v/t39.30808-1/426012403_3605728109689771_2277782955804277447_n.jpg?stp=cp0_dst-jpg_s32x32&_nc_cat=104&ccb=1-7&_nc_sid=50d2ac&_nc_ohc=M574j_z4JmsQ7kNvgF_ZHPM&_nc_ht=scontent-iad3-1.xx&_nc_gid=AJRgufwPBtAGDP6vkMgXUVt&oh=00_AYCaI4JCETPnz6yt8PE1QQRC5He7Kr2Lxk80TpGfIyuBoA&oe=66E81F84","https://www.facebook.com/renzi.prayuda",,"Mantapp",
,,,,,"https://www.facebook.com/100004825651478/posts/2718364785001017?comment_id=8241086769340667",,"2024-09-12T00:59:00.000Z","2718364785001017","https://www.facebook.com/100004825651478/posts/2718364785001017","ZmVlZGJhY2s6MjcxODM2NDc4NTAwMTAxN184MjQxMDg2NzY5MzQwNjY3","Y29tbWVudDoyNzE4MzY0Nzg1MDAxMDE3XzgyNDEwODY3NjkzNDA2Njc=","https://www.facebook.com/100004825651478/posts/2718364785001017","0",,,"Semangka madu bintang asia
Semangka ini dengan varietas 𝐈𝐍𝐃𝐄𝐍 𝐅𝟏
𝐏𝐓. 𝐁𝐄𝐍𝐈𝐇 𝐂𝐈𝐓𝐑𝐀 𝐀𝐒𝐈𝐀(𝐁𝐈𝐍𝐓𝐀𝐍𝐆 𝐀𝐒𝐈𝐀)","pfbid0S9Gdg6jW7MNVMcjgQWJKwB1QvPgcBXeYwF4qCnwt74nfFfuexMos32N9whUtDXkYl","Opeq Bintang Asia","https://scontent.flko2-1.fna.fbcdn.net/v/t39.30808-1/440808755_122106493232287865_6230265854575499414_n.jpg?stp=cp0_dst-jpg_s32x32&_nc_cat=108&ccb=1-7&_nc_sid=0ecb9b&_nc_ohc=ULmtTw8K-M4Q7kNvgFFIN0v&_nc_ht=scontent.flko2-1.fna&_nc_gid=AepxGOv1SR2LKU6y22aMVeM&oh=00_AYB6UWsmXDwdAfYJEKdgBOjZi4v8BiwXS6w5dl-SEV4Ktg&oe=66E82C6E","https://www.facebook.com/people/Opeq-Bintang-Asia/pfbid0S9Gdg6jW7MNVMcjgQWJKwB1QvPgcBXeYwF4qCnwt74nfFfuexMos32N9whUtDXkYl/",,"Semangka inul golden berbiji.
Daging kuning.
Rasa sangat manis.
Lebat.
Produksi tinggi.",
"animated_image_share","image_share","share","fallback",,"https://www.facebook.com/100004825651478/posts/2718364785001017?comment_id=1708265013236772",,"2024-09-11T12:55:34.000Z","2718364785001017","https://www.facebook.com/100004825651478/posts/2718364785001017","ZmVlZGJhY2s6MjcxODM2NDc4NTAwMTAxN18xNzA4MjY1MDEzMjM2Nzcy","Y29tbWVudDoyNzE4MzY0Nzg1MDAxMDE3XzE3MDgyNjUwMTMyMzY3NzI=","https://www.facebook.com/100004825651478/posts/2718364785001017","0",,,"Semangka madu bintang asia
Semangka ini dengan varietas 𝐈𝐍𝐃𝐄𝐍 𝐅𝟏
𝐏𝐓. 𝐁𝐄𝐍𝐈𝐇 𝐂𝐈𝐓𝐑𝐀 𝐀𝐒𝐈𝐀(𝐁𝐈𝐍𝐓𝐀𝐍𝐆 𝐀𝐒𝐈𝐀)","pfbid0S9Gdg6jW7MNVMcjgQWJKwB1QvPgcBXeYwF4qCnwt74nfFfuexMos32N9whUtDXkYl","Opeq Bintang Asia","https://scontent.flko2-1.fna.fbcdn.net/v/t39.30808-1/440808755_122106493232287865_6230265854575499414_n.jpg?stp=cp0_dst-jpg_s32x32&_nc_cat=108&ccb=1-7&_nc_sid=0ecb9b&_nc_ohc=ULmtTw8K-M4Q7kNvgFFIN0v&_nc_ht=scontent.flko2-1.fna&_nc_gid=AepxGOv1SR2LKU6y22aMVeM&oh=00_AYB6UWsmXDwdAfYJEKdgBOjZi4v8BiwXS6w5dl-SEV4Ktg&oe=66E82C6E","https://www.facebook.com/people/Opeq-Bintang-Asia/pfbid0S9Gdg6jW7MNVMcjgQWJKwB1QvPgcBXeYwF4qCnwt74nfFfuexMos32N9whUtDXkYl/",,,
"sticker","fallback",,,,"https://www.facebook.com/100004825651478/posts/2718364785001017?comment_id=1045022213654676",,"2024-09-12T00:19:58.000Z","2718364785001017","https://www.facebook.com/100004825651478/posts/2718364785001017","ZmVlZGJhY2s6MjcxODM2NDc4NTAwMTAxN18xMDQ1MDIyMjEzNjU0Njc2","Y29tbWVudDoyNzE4MzY0Nzg1MDAxMDE3XzEwNDUwMjIyMTM2NTQ2NzY=","https://www.facebook.com/100004825651478/posts/2718364785001017","0",,,"Semangka madu bintang asia
Semangka ini dengan varietas 𝐈𝐍𝐃𝐄𝐍 𝐅𝟏
𝐏𝐓. 𝐁𝐄𝐍𝐈𝐇 𝐂𝐈𝐓𝐑𝐀 𝐀𝐒𝐈𝐀(𝐁𝐈𝐍𝐓𝐀𝐍𝐆 𝐀𝐒𝐈𝐀)","100004370253176","Muhamad Cali Faiz Ahmad","https://scontent.flko2-1.fna.fbcdn.net/v/t39.30808-1/456120459_2788136318008683_7418166726346064265_n.jpg?stp=cp0_dst-jpg_s32x32&_nc_cat=108&ccb=1-7&_nc_sid=50d2ac&_nc_ohc=EMIU55VJAHkQ7kNvgHUKZ4V&_nc_ht=scontent.flko2-1.fna&_nc_gid=AepxGOv1SR2LKU6y22aMVeM&oh=00_AYDGGcaZ-7_oXqU_UhHYUM4Mn1mDWe4QIcsGaKxo38HqqQ&oe=66E827AD","https://www.facebook.com/muhamad.cali.98",,,
,,,,,"https://www.facebook.com/100004825651478/posts/2718364785001017?comment_id=1183941132829840",,"2024-09-12T02:13:09.000Z","2718364785001017","https://www.facebook.com/100004825651478/posts/2718364785001017","ZmVlZGJhY2s6MjcxODM2NDc4NTAwMTAxN18xMTgzOTQxMTMyODI5ODQw","Y29tbWVudDoyNzE4MzY0Nzg1MDAxMDE3XzExODM5NDExMzI4Mjk4NDA=","https://www.facebook.com/100004825651478/posts/2718364785001017","0",,,"Semangka madu bintang asia
Semangka ini dengan varietas 𝐈𝐍𝐃𝐄𝐍 𝐅𝟏
𝐏𝐓. 𝐁𝐄𝐍𝐈𝐇 𝐂𝐈𝐓𝐑𝐀 𝐀𝐒𝐈𝐀(𝐁𝐈𝐍𝐓𝐀𝐍𝐆 𝐀𝐒𝐈𝐀)","61560704885008","Wandi Bintang Asia","https://scontent.flko2-1.fna.fbcdn.net/v/t39.30808-1/448024742_122100832862356829_2863499292485224110_n.jpg?stp=cp0_dst-jpg_s32x32&_nc_cat=103&ccb=1-7&_nc_sid=50d2ac&_nc_ohc=aB2QWq7AGxEQ7kNvgFixtfr&_nc_ht=scontent.flko2-1.fna&_nc_gid=AepxGOv1SR2LKU6y22aMVeM&oh=00_AYDY_bsKO-NbiWK722-5j3yMvQZlhqOSIoGm7toonhlocg&oe=66E81315","https://www.facebook.com/people/Wandi-Bintang-Asia/61560704885008/",,"Top",
,,,,,"https://www.facebook.com/100004825651478/posts/2718364785001017?comment_id=414991954718533",,"2024-09-11T23:44:50.000Z","2718364785001017","https://www.facebook.com/100004825651478/posts/2718364785001017","ZmVlZGJhY2s6MjcxODM2NDc4NTAwMTAxN180MTQ5OTE5NTQ3MTg1MzM=","Y29tbWVudDoyNzE4MzY0Nzg1MDAxMDE3XzQxNDk5MTk1NDcxODUzMw==","https://www.facebook.com/100004825651478/posts/2718364785001017","0",,,"Semangka madu bintang asia
Semangka ini dengan varietas 𝐈𝐍𝐃𝐄𝐍 𝐅𝟏
𝐏𝐓. 𝐁𝐄𝐍𝐈𝐇 𝐂𝐈𝐓𝐑𝐀 𝐀𝐒𝐈𝐀(𝐁𝐈𝐍𝐓𝐀𝐍𝐆 𝐀𝐒𝐈𝐀)","100007578522755","Renzy Bintangasia","https://scontent.flko2-1.fna.fbcdn.net/v/t39.30808-1/426012403_3605728109689771_2277782955804277447_n.jpg?stp=cp0_dst-jpg_s32x32&_nc_cat=104&ccb=1-7&_nc_sid=50d2ac&_nc_ohc=M574j_z4JmsQ7kNvgEmPB6q&_nc_ht=scontent.flko2-1.fna&_nc_gid=AepxGOv1SR2LKU6y22aMVeM&oh=00_AYCJNPB81al7tqZXhnC-OSjTsHXnCZuBMI_m3Bs7Sk6fMQ&oe=66E81F84","https://www.facebook.com/renzi.prayuda",,"Mantap",
,,,,,"https://www.facebook.com/100004825651478/posts/2716078768562952?comment_id=1561528514798183",,"2024-09-10T12:01:19.000Z","2716078768562952","https://www.facebook.com/100004825651478/posts/2716078768562952","ZmVlZGJhY2s6MjcxNjA3ODc2ODU2Mjk1Ml8xNTYxNTI4NTE0Nzk4MTgz","Y29tbWVudDoyNzE2MDc4NzY4NTYyOTUyXzE1NjE1Mjg1MTQ3OTgxODM=","https://www.facebook.com/100004825651478/posts/2716078768562952","0","214897285046227","false","Jagung Manis Stabil F1 Bintang asia
Panen di Rumbia, Lampung Tengah.","pfbid0Xh7UoMwL1hFGkWucGUiWm4UtjcBPUK1DvasWNW3crz2C6FQpiQZjv1xF1xzH7ukHl","Slamet","https://scontent-lhr8-2.xx.fbcdn.net/v/t39.30808-1/448460078_1723334611761160_3215795443582891876_n.jpg?stp=cp0_dst-jpg_s32x32&_nc_cat=106&ccb=1-7&_nc_sid=0ecb9b&_nc_ohc=m-rzIO5OfrUQ7kNvgEP2Hbt&_nc_ht=scontent-lhr8-2.xx&_nc_gid=AJJqjCdIKVNqEfLcTfWOK9V&oh=00_AYAzvekfkBqmithehL9YK2G6hN0bjiC930O7_6Yl73PBDw&oe=66E82142","https://www.facebook.com/people/Slamet/pfbid0Xh7UoMwL1hFGkWucGUiWm4UtjcBPUK1DvasWNW3crz2C6FQpiQZjv1xF1xzH7ukHl/",,"Rumbia nya dimana bos..",
"sticker","fallback",,,,"https://www.facebook.com/100004825651478/posts/2713429955494500?comment_id=392646250535782",,"2024-09-08T12:36:04.000Z","2713429955494500","https://www.facebook.com/100004825651478/posts/2713429955494500","ZmVlZGJhY2s6MjcxMzQyOTk1NTQ5NDUwMF8zOTI2NDYyNTA1MzU3ODI=","Y29tbWVudDoyNzEzNDI5OTU1NDk0NTAwXzM5MjY0NjI1MDUzNTc4Mg==","https://www.facebook.com/100004825651478/posts/2713429955494500","1","200476579818147","false","Produk Baruu 📢📢📢

Labu ROLAND F1, Cap Bintang Asia Produksi dari PT Benih Citra Asia .
Ini adalah Labu Dengan Type Ukuran Mini, Bobot 1000gr - 1800gr Per Buah. 
Permukaan Kulit nya menggerutu, Tekstur Daging nya Pulen dan Lembut.
Perawatannya Cukup Mudah, Dapat Di buah kan 4-5 buah pertanaman.
Bakal Buah Gampang Nyantol..

Salam SEMUA ORANG @sorotan Bintang Asia Tapanuli Selatan Benih Citra Asia Tapanuli Sein Asmar Bintang Asia","100004370253176","Muhamad Cali Faiz Ahmad","https://scontent-bos5-1.xx.fbcdn.net/v/t39.30808-1/456120459_2788136318008683_7418166726346064265_n.jpg?stp=cp0_dst-jpg_s32x32&_nc_cat=108&ccb=1-7&_nc_sid=50d2ac&_nc_ohc=EMIU55VJAHkQ7kNvgHHWWfv&_nc_ht=scontent-bos5-1.xx&_nc_gid=AWL5AwRHeNZ_xrcuYcyfBoM&oh=00_AYAPWBeIjRYw5vWqOsA3YWXBTR4f1emf9ArHe7darAJH3w&oe=66E827AD","https://www.facebook.com/muhamad.cali.98",,,
"sticker","fallback",,,,"https://www.facebook.com/100004825651478/posts/2716003225237173?comment_id=534036005836070",,"2024-09-09T02:00:11.000Z","2716003225237173","https://www.facebook.com/100004825651478/posts/2716003225237173","ZmVlZGJhY2s6MjcxNjAwMzIyNTIzNzE3M181MzQwMzYwMDU4MzYwNzA=","Y29tbWVudDoyNzE2MDAzMjI1MjM3MTczXzUzNDAzNjAwNTgzNjA3MA==","https://www.facebook.com/100004825651478/posts/2716003225237173","1","203457429528139","false","NIKI F1, Om Jeni Ria, Desa Dizigedha Kec. Golewa Barat Kab. Ngada, NTT","100004370253176","Muhamad Cali Faiz Ahmad","https://scontent-atl3-1.xx.fbcdn.net/v/t39.30808-1/456120459_2788136318008683_7418166726346064265_n.jpg?stp=cp0_dst-jpg_s32x32&_nc_cat=108&ccb=1-7&_nc_sid=50d2ac&_nc_ohc=EMIU55VJAHkQ7kNvgHkTLQi&_nc_ht=scontent-atl3-1.xx&_nc_gid=AerQqNrr59rMSFlKEgBbiK7&oh=00_AYDN1f3s5wSJwPY4w3h1xRsF3dqkq_bHLrBMMkl6qdUm2Q&oe=66E827AD","https://www.facebook.com/muhamad.cali.98",,,
,,,,,"https://www.facebook.com/100004825651478/posts/2713206795516816?comment_id=1234847497463689",,"2024-09-06T10:11:11.000Z","2713206795516816","https://www.facebook.com/100004825651478/posts/2713206795516816","ZmVlZGJhY2s6MjcxMzIwNjc5NTUxNjgxNl8xMjM0ODQ3NDk3NDYzNjg5","Y29tbWVudDoyNzEzMjA2Nzk1NTE2ODE2XzEyMzQ4NDc0OTc0NjM2ODk=","https://www.facebook.com/100004825651478/posts/2713206795516816","0","214897285046227","false","Yok sahabat bintang asia kita tanam semangka non biji
Inilah penampakan semangka non biji merah 
Varietas 𝐀𝐑𝐒𝐄𝐍𝐀𝐋 𝐅𝟏
𝐏𝐓.𝐁𝐄𝐍𝐈𝐇 𝐂𝐈𝐓𝐑𝐀 𝐀𝐒𝐈𝐀(𝐁𝐈𝐍𝐓𝐀𝐍𝐆 𝐀𝐒𝐈𝐀)","pfbid0xQiLsnLrioBd4VKgNhDXQQK5h9uLAvXpJbcijzWyhFY6QKat8gXT2fhM7ygUGNd8l","Aan Kalbar","https://scontent-iad3-2.xx.fbcdn.net/v/t31.18172-1/18402012_1650000508407097_2823938578726044033_o.jpg?stp=cp0_dst-jpg_s32x32&_nc_cat=100&ccb=1-7&_nc_sid=e4545e&_nc_ohc=3H-y-rK6WT8Q7kNvgFW77bu&_nc_ht=scontent-iad3-2.xx&_nc_gid=A_bpEZ76ZLg-lK1Ozax0INA&oh=00_AYDPdEwZvD-9IsuWSwZHk60UZQSuZPNMTa5W0q69VtQ_3w&oe=6709CDF9","https://www.facebook.com/aan.kalbar",,"Mantul bosku",
,,,,,"https://www.facebook.com/100004825651478/posts/2713206795516816?comment_id=1457479201449177",,"2024-09-06T10:30:46.000Z","2713206795516816","https://www.facebook.com/100004825651478/posts/2713206795516816","ZmVlZGJhY2s6MjcxMzIwNjc5NTUxNjgxNl8xNDU3NDc5MjAxNDQ5MTc3","Y29tbWVudDoyNzEzMjA2Nzk1NTE2ODE2XzE0NTc0NzkyMDE0NDkxNzc=","https://www.facebook.com/100004825651478/posts/2713206795516816","0","214897285046227","false","Yok sahabat bintang asia kita tanam semangka non biji
Inilah penampakan semangka non biji merah 
Varietas 𝐀𝐑𝐒𝐄𝐍𝐀𝐋 𝐅𝟏
𝐏𝐓.𝐁𝐄𝐍𝐈𝐇 𝐂𝐈𝐓𝐑𝐀 𝐀𝐒𝐈𝐀(𝐁𝐈𝐍𝐓𝐀𝐍𝐆 𝐀𝐒𝐈𝐀)","100002905812013","Uchu Jee","https://scontent-iad3-1.xx.fbcdn.net/v/t1.6435-1/121485901_3350335285073299_8236079148538427106_n.jpg?stp=cp0_dst-jpg_s32x32&_nc_cat=108&ccb=1-7&_nc_sid=db5862&_nc_ohc=PC0v_sG8_eEQ7kNvgFXkSiA&_nc_ht=scontent-iad3-1.xx&_nc_gid=A_bpEZ76ZLg-lK1Ozax0INA&oh=00_AYChE76V0DDaVaUnWPcg4bCeZiiFQkP86KQYGRRvGMo18w&oe=6709CBD2","https://www.facebook.com/uchu.jee",,"minta sebutin wkwk",
,,,,,"https://www.facebook.com/100004825651478/posts/2713206795516816?comment_id=391574747299419","3","2024-09-06T16:34:01.000Z","2713206795516816","https://www.facebook.com/100004825651478/posts/2713206795516816","ZmVlZGJhY2s6MjcxMzIwNjc5NTUxNjgxNl8zOTE1NzQ3NDcyOTk0MTk=","Y29tbWVudDoyNzEzMjA2Nzk1NTE2ODE2XzM5MTU3NDc0NzI5OTQxOQ==","https://www.facebook.com/100004825651478/posts/2713206795516816","0","214897285046227","false","Yok sahabat bintang asia kita tanam semangka non biji
Inilah penampakan semangka non biji merah 
Varietas 𝐀𝐑𝐒𝐄𝐍𝐀𝐋 𝐅𝟏
𝐏𝐓.𝐁𝐄𝐍𝐈𝐇 𝐂𝐈𝐓𝐑𝐀 𝐀𝐒𝐈𝐀(𝐁𝐈𝐍𝐓𝐀𝐍𝐆 𝐀𝐒𝐈𝐀)","100006516500958","Dori Alfirmanto","https://scontent-iad3-2.xx.fbcdn.net/v/t1.6435-1/106218978_2911111472449374_5086701632224162765_n.jpg?stp=cp0_dst-jpg_s32x32&_nc_cat=109&ccb=1-7&_nc_sid=db5862&_nc_ohc=AhI9Cv1_xQwQ7kNvgGmYZBM&_nc_ht=scontent-iad3-2.xx&_nc_gid=A_bpEZ76ZLg-lK1Ozax0INA&oh=00_AYAZnz6N3gmPGcqTRrtqrONY_xWtSEGA5FeTTEM6bwGBGg&oe=6709DDD5","https://www.facebook.com/dori.alfirmanto",,"Mau nanam,tapi bisa di pandu ngak bos,,!!?",
,,,,,"https://www.facebook.com/100004825651478/posts/2713206795516816?comment_id=494554013427417","1","2024-09-06T07:04:56.000Z","2713206795516816","https://www.facebook.com/100004825651478/posts/2713206795516816","ZmVlZGJhY2s6MjcxMzIwNjc5NTUxNjgxNl80OTQ1NTQwMTM0Mjc0MTc=","Y29tbWVudDoyNzEzMjA2Nzk1NTE2ODE2XzQ5NDU1NDAxMzQyNzQxNw==","https://www.facebook.com/100004825651478/posts/2713206795516816","0","214897285046227","false","Yok sahabat bintang asia kita tanam semangka non biji
Inilah penampakan semangka non biji merah 
Varietas 𝐀𝐑𝐒𝐄𝐍𝐀𝐋 𝐅𝟏
𝐏𝐓.𝐁𝐄𝐍𝐈𝐇 𝐂𝐈𝐓𝐑𝐀 𝐀𝐒𝐈𝐀(𝐁𝐈𝐍𝐓𝐀𝐍𝐆 𝐀𝐒𝐈𝐀)","100001073870486","Lio Imanuel","https://scontent-iad3-1.xx.fbcdn.net/v/t1.6435-1/158015045_3870836402962117_9103418468141917555_n.jpg?stp=cp0_dst-jpg_s32x32&_nc_cat=107&ccb=1-7&_nc_sid=db5862&_nc_ohc=Sv7OFnOZ0bAQ7kNvgFH6xLL&_nc_ht=scontent-iad3-1.xx&_nc_gid=A_bpEZ76ZLg-lK1Ozax0INA&oh=00_AYA46Rkz9yop-ITFWAPVEE-T7nMQMUSXshsjCFQXwbm6JQ&oe=6709D5D4","https://www.facebook.com/leo.imanuel.9",,"Mantul",
,,,,,"https://www.facebook.com/100004825651478/posts/2713206795516816?comment_id=2162381380801458","1","2024-09-06T06:12:53.000Z","2713206795516816","https://www.facebook.com/100004825651478/posts/2713206795516816","ZmVlZGJhY2s6MjcxMzIwNjc5NTUxNjgxNl8yMTYyMzgxMzgwODAxNDU4","Y29tbWVudDoyNzEzMjA2Nzk1NTE2ODE2XzIxNjIzODEzODA4MDE0NTg=","https://www.facebook.com/100004825651478/posts/2713206795516816","0","214897285046227","false","Yok sahabat bintang asia kita tanam semangka non biji
Inilah penampakan semangka non biji merah 
Varietas 𝐀𝐑𝐒𝐄𝐍𝐀𝐋 𝐅𝟏
𝐏𝐓.𝐁𝐄𝐍𝐈𝐇 𝐂𝐈𝐓𝐑𝐀 𝐀𝐒𝐈𝐀(𝐁𝐈𝐍𝐓𝐀𝐍𝐆 𝐀𝐒𝐈𝐀)","100033284541528","Bang Zen","https://scontent-iad3-2.xx.fbcdn.net/v/t39.30808-1/363408969_971699133949562_5648275988415522485_n.jpg?stp=c357.0.918.918a_cp0_dst-jpg_s32x32&_nc_cat=106&ccb=1-7&_nc_sid=50d2ac&_nc_ohc=pEQOpcQrmp0Q7kNvgGcHsEx&_nc_ht=scontent-iad3-2.xx&_nc_gid=A_bpEZ76ZLg-lK1Ozax0INA&oh=00_AYDEfDD-CR2bnsocXXwSZcisA9vSsx_r_FNFoP0yB2CDjg&oe=66E84468","https://www.facebook.com/bang.zen.9047",,"Gaaasss",
,,,,,"https://www.facebook.com/100004825651478/posts/2713446018826227?comment_id=1031900944906856",,"2024-09-07T01:19:01.000Z","2713446018826227","https://www.facebook.com/100004825651478/posts/2713446018826227","ZmVlZGJhY2s6MjcxMzQ0NjAxODgyNjIyN18xMDMxOTAwOTQ0OTA2ODU2","Y29tbWVudDoyNzEzNDQ2MDE4ODI2MjI3XzEwMzE5MDA5NDQ5MDY4NTY=","https://www.facebook.com/100004825651478/posts/2713446018826227","1","214897285046227","false","Sebentar lagi musimnya petani menanam jagung manis persiapan tahun baru,,, 
Ayo sahabat bintnag asia ramai kan di lapak jagung manisnya. 
Produk 𝐁𝐈𝐍𝐓𝐀𝐍𝐆 𝐀𝐒𝐈𝐀 memiliki jagung manis varietas 𝐒𝐓𝐀𝐁𝐈𝐋 𝐅𝟏, dengan tongkol besar, rasa manis, tahan bulai dan sangat cocok di dataran rendah menengah. 
𝐉𝐌. 𝐒𝐓𝐀𝐁𝐈𝐋 𝐅𝟏
𝐏𝐓. 𝐁𝐄𝐍𝐈𝐇 𝐂𝐈𝐓𝐑𝐀 𝐀𝐒𝐈𝐀(𝐁𝐈𝐍𝐓𝐀𝐍𝐆 𝐀𝐒𝐈𝐀)","pfbid02djtpu7FGWAkJeAJB9sbjEHYs8JGouyaUchfrPfLRxRYm6je17hxV9veDX5ducycLl","Rahmat Janur","https://scontent.fabe1-1.fna.fbcdn.net/v/t39.30808-1/407779619_122094652238149733_2880426025136261169_n.jpg?stp=c22.0.452.452a_cp0_dst-jpg_s32x32&_nc_cat=105&ccb=1-7&_nc_sid=0ecb9b&_nc_ohc=ccP4WmjgqcAQ7kNvgEBv-Hq&_nc_ht=scontent.fabe1-1.fna&_nc_gid=A2vHa6z3l3hHeojki6yBLJe&oh=00_AYBpItlMpEucnq74_jwz-6sL3FaDvPIuS5h4MKeaso0UXQ&oe=66E81121","https://www.facebook.com/people/Rahmat-Janur/pfbid02djtpu7FGWAkJeAJB9sbjEHYs8JGouyaUchfrPfLRxRYm6je17hxV9veDX5ducycLl/",,"sangat terkesan dengan tingkat perkecambahan benih jagung manis ini. Hampir semua biji tumbuh dengan baik dan menghasilkan tanaman yang sehat. Jagung yang dihasilkan pun memiliki rasa manis yang khas dan bulir yang padat.",
,,,,,"https://www.facebook.com/100004825651478/posts/2716338948536934?comment_id=1088878839326784",,"2024-09-10T12:56:49.000Z","2716338948536934","https://www.facebook.com/100004825651478/posts/2716338948536934","ZmVlZGJhY2s6MjcxNjMzODk0ODUzNjkzNF8xMDg4ODc4ODM5MzI2Nzg0","Y29tbWVudDoyNzE2MzM4OTQ4NTM2OTM0XzEwODg4Nzg4MzkzMjY3ODQ=","https://www.facebook.com/100004825651478/posts/2716338948536934","0","113420435192600","false","Mentimun Libas F1 Bintang Asia sekali panen  1 batang bisa 10 biji. #bintangasia #petani #mentimun #farmer #indonesia","pfbid0bnkhDbt1z5WXCD36VJ1FD5G4JiyfwfJ9fo8iEn7eqHc1qCBsQ7S7CiUDUykyXXZpl","Satiran Kpj","https://scontent.fmoc4-1.fna.fbcdn.net/v/t39.30808-1/288381319_151843747388658_228977749245676433_n.jpg?stp=cp0_dst-jpg_s32x32&_nc_cat=104&ccb=1-7&_nc_sid=0ecb9b&_nc_ohc=Z2z-9RJCfbsQ7kNvgHBso5B&_nc_ht=scontent.fmoc4-1.fna&_nc_gid=AdPcdGNlT6sjiplS2NlhcQi&oh=00_AYCMAf_KqpzlOLF-l3tBAKWOFjkbhMMVDeiO5vqzcTbvDg&oe=66E828E8","https://www.facebook.com/people/Satiran-Kpj/pfbid0bnkhDbt1z5WXCD36VJ1FD5G4JiyfwfJ9fo8iEn7eqHc1qCBsQ7S7CiUDUykyXXZpl/",,"Bibit Mira k wak",
"animated_image_autoplay","animated_image_share","image_share","share","fallback","https://www.facebook.com/100004825651478/posts/2713522205485275?comment_id=1037612711014687",,"2024-09-07T04:41:55.000Z","2713522205485275","https://www.facebook.com/100004825651478/posts/2713522205485275","ZmVlZGJhY2s6MjcxMzUyMjIwNTQ4NTI3NV8xMDM3NjEyNzExMDE0Njg3","Y29tbWVudDoyNzEzNTIyMjA1NDg1Mjc1XzEwMzc2MTI3MTEwMTQ2ODc=","https://www.facebook.com/100004825651478/posts/2713522205485275","0","214897285046227","false","Tomato deteminate cocok di dataran rendah menengah. 
Perawatan mudah, berbobot, tahan virus, tahan simpan. 
Nama varietas nya ialah 𝐂𝐈𝐓𝐑𝐀 𝐀𝐒𝐈𝐀 𝐅𝟏. 
𝐏𝐓. 𝐁𝐄𝐍𝐈𝐇 𝐂𝐈𝐓𝐑𝐀 𝐀𝐒𝐈𝐀(𝐁𝐈𝐍𝐓𝐀𝐍𝐆 𝐀𝐒𝐈𝐀) 
Ayo sahabat bintang asia, mari di coba,","100004825651478","NiZar Bintang Asia","https://scontent.fltn3-1.fna.fbcdn.net/v/t39.30808-1/438276089_2611594555678041_6997404202785061953_n.jpg?stp=cp0_dst-jpg_p32x32&_nc_cat=111&ccb=1-7&_nc_sid=50d2ac&_nc_ohc=htclMtTmRgIQ7kNvgEVn8la&_nc_ht=scontent.fltn3-1.fna&_nc_gid=A0cQzL7uc60qmtw6e9eZwgr&oh=00_AYCCdPjLGyEuFrnpANEh-L4lqb3ju7slU7cJ1RwaHNIyCQ&oe=66E819AE","https://www.facebook.com/nizar.setia.3",,,
,,,,,"https://www.facebook.com/100004825651478/posts/2713522205485275?comment_id=1537293890207365",,"2024-09-06T23:38:06.000Z","2713522205485275","https://www.facebook.com/100004825651478/posts/2713522205485275","ZmVlZGJhY2s6MjcxMzUyMjIwNTQ4NTI3NV8xNTM3MjkzODkwMjA3MzY1","Y29tbWVudDoyNzEzNTIyMjA1NDg1Mjc1XzE1MzcyOTM4OTAyMDczNjU=","https://www.facebook.com/100004825651478/posts/2713522205485275","0","214897285046227","false","Tomato deteminate cocok di dataran rendah menengah. 
Perawatan mudah, berbobot, tahan virus, tahan simpan. 
Nama varietas nya ialah 𝐂𝐈𝐓𝐑𝐀 𝐀𝐒𝐈𝐀 𝐅𝟏. 
𝐏𝐓. 𝐁𝐄𝐍𝐈𝐇 𝐂𝐈𝐓𝐑𝐀 𝐀𝐒𝐈𝐀(𝐁𝐈𝐍𝐓𝐀𝐍𝐆 𝐀𝐒𝐈𝐀) 
Ayo sahabat bintang asia, mari di coba,","pfbid0S9Gdg6jW7MNVMcjgQWJKwB1QvPgcBXeYwF4qCnwt74nfFfuexMos32N9whUtDXkYl","Opeq Bintang Asia","https://scontent.fltn3-2.fna.fbcdn.net/v/t39.30808-1/440808755_122106493232287865_6230265854575499414_n.jpg?stp=cp0_dst-jpg_s32x32&_nc_cat=108&ccb=1-7&_nc_sid=0ecb9b&_nc_ohc=ULmtTw8K-M4Q7kNvgHGG1Rl&_nc_ht=scontent.fltn3-2.fna&_nc_gid=A0cQzL7uc60qmtw6e9eZwgr&oh=00_AYCWCXBzNlDEKii_ygObZu9445yRTR3XwVvbgY_95IZFNA&oe=66E82C6E","https://www.facebook.com/people/Opeq-Bintang-Asia/pfbid0S9Gdg6jW7MNVMcjgQWJKwB1QvPgcBXeYwF4qCnwt74nfFfuexMos32N9whUtDXkYl/",,"Semi indeterminate
Tahan virus
Buah lebat
Produksi tinggi
Tahan kirim jauh
Cocok di dataran rendah-tinggi",
"animated_image_autoplay","animated_image_share","image_share","share","fallback","https://www.facebook.com/100004825651478/posts/2713522205485275?comment_id=1092688912276064","1","2024-09-06T13:42:59.000Z","2713522205485275","https://www.facebook.com/100004825651478/posts/2713522205485275","ZmVlZGJhY2s6MjcxMzUyMjIwNTQ4NTI3NV8xMDkyNjg4OTEyMjc2MDY0","Y29tbWVudDoyNzEzNTIyMjA1NDg1Mjc1XzEwOTI2ODg5MTIyNzYwNjQ=","https://www.facebook.com/100004825651478/posts/2713522205485275","0","214897285046227","false","Tomato deteminate cocok di dataran rendah menengah. 
Perawatan mudah, berbobot, tahan virus, tahan simpan. 
Nama varietas nya ialah 𝐂𝐈𝐓𝐑𝐀 𝐀𝐒𝐈𝐀 𝐅𝟏. 
𝐏𝐓. 𝐁𝐄𝐍𝐈𝐇 𝐂𝐈𝐓𝐑𝐀 𝐀𝐒𝐈𝐀(𝐁𝐈𝐍𝐓𝐀𝐍𝐆 𝐀𝐒𝐈𝐀) 
Ayo sahabat bintang asia, mari di coba,","100004370253176","Muhamad Cali Faiz Ahmad","https://scontent.fltn3-2.fna.fbcdn.net/v/t39.30808-1/456120459_2788136318008683_7418166726346064265_n.jpg?stp=cp0_dst-jpg_s32x32&_nc_cat=108&ccb=1-7&_nc_sid=50d2ac&_nc_ohc=EMIU55VJAHkQ7kNvgGuD4Qq&_nc_ht=scontent.fltn3-2.fna&_nc_gid=A0cQzL7uc60qmtw6e9eZwgr&oh=00_AYAqMjvNSy45iR8nSdl2DMNFDDU-tD43oW5hF2BYBbDQ3g&oe=66E827AD","https://www.facebook.com/muhamad.cali.98",,,
,,,,,"https://www.facebook.com/100004825651478/posts/2713522205485275?comment_id=1059694912225703","1","2024-09-07T01:20:34.000Z","2713522205485275","https://www.facebook.com/100004825651478/posts/2713522205485275","ZmVlZGJhY2s6MjcxMzUyMjIwNTQ4NTI3NV8xMDU5Njk0OTEyMjI1NzAz","Y29tbWVudDoyNzEzNTIyMjA1NDg1Mjc1XzEwNTk2OTQ5MTIyMjU3MDM=","https://www.facebook.com/100004825651478/posts/2713522205485275","0","214897285046227","false","Tomato deteminate cocok di dataran rendah menengah. 
Perawatan mudah, berbobot, tahan virus, tahan simpan. 
Nama varietas nya ialah 𝐂𝐈𝐓𝐑𝐀 𝐀𝐒𝐈𝐀 𝐅𝟏. 
𝐏𝐓. 𝐁𝐄𝐍𝐈𝐇 𝐂𝐈𝐓𝐑𝐀 𝐀𝐒𝐈𝐀(𝐁𝐈𝐍𝐓𝐀𝐍𝐆 𝐀𝐒𝐈𝐀) 
Ayo sahabat bintang asia, mari di coba,","pfbid02djtpu7FGWAkJeAJB9sbjEHYs8JGouyaUchfrPfLRxRYm6je17hxV9veDX5ducycLl","Rahmat Janur","https://scontent.fltn3-1.fna.fbcdn.net/v/t39.30808-1/407779619_122094652238149733_2880426025136261169_n.jpg?stp=c22.0.452.452a_cp0_dst-jpg_s32x32&_nc_cat=105&ccb=1-7&_nc_sid=0ecb9b&_nc_ohc=ccP4WmjgqcAQ7kNvgFsuJcr&_nc_ht=scontent.fltn3-1.fna&_nc_gid=A0cQzL7uc60qmtw6e9eZwgr&oh=00_AYB6agkGgNRBnSZXNpVVlzqQLxZlB8WSPcWrcS5KZAGIuw&oe=66E81121","https://www.facebook.com/people/Rahmat-Janur/pfbid02djtpu7FGWAkJeAJB9sbjEHYs8JGouyaUchfrPfLRxRYm6je17hxV9veDX5ducycLl/",,"Tomat ini luar biasa! Sangat direkomendasikan",
,,,,,"https://www.facebook.com/100004825651478/posts/2713522205485275?comment_id=3346359505658277",,"2024-09-06T16:29:25.000Z","2713522205485275","https://www.facebook.com/100004825651478/posts/2713522205485275","ZmVlZGJhY2s6MjcxMzUyMjIwNTQ4NTI3NV8zMzQ2MzU5NTA1NjU4Mjc3","Y29tbWVudDoyNzEzNTIyMjA1NDg1Mjc1XzMzNDYzNTk1MDU2NTgyNzc=","https://www.facebook.com/100004825651478/posts/2713522205485275","0","214897285046227","false","Tomato deteminate cocok di dataran rendah menengah. 
Perawatan mudah, berbobot, tahan virus, tahan simpan. 
Nama varietas nya ialah 𝐂𝐈𝐓𝐑𝐀 𝐀𝐒𝐈𝐀 𝐅𝟏. 
𝐏𝐓. 𝐁𝐄𝐍𝐈𝐇 𝐂𝐈𝐓𝐑𝐀 𝐀𝐒𝐈𝐀(𝐁𝐈𝐍𝐓𝐀𝐍𝐆 𝐀𝐒𝐈𝐀) 
Ayo sahabat bintang asia, mari di coba,","100007578522755","Renzy Bintangasia","https://scontent.fltn3-2.fna.fbcdn.net/v/t39.30808-1/426012403_3605728109689771_2277782955804277447_n.jpg?stp=cp0_dst-jpg_s32x32&_nc_cat=104&ccb=1-7&_nc_sid=50d2ac&_nc_ohc=M574j_z4JmsQ7kNvgG1qA4s&_nc_ht=scontent.fltn3-2.fna&_nc_gid=A0cQzL7uc60qmtw6e9eZwgr&oh=00_AYCR15lm1Z_ODDk0Y6-1HnDy2xBHQwWV7xLu40U87C-pGg&oe=66E81F84","https://www.facebook.com/renzi.prayuda",,"Mantap boss",
"animated_image_share","image_share","share","fallback",,"https://www.facebook.com/100004825651478/posts/2713206795516816?comment_id=435168728945161",,"2024-09-06T17:02:50.000Z","2713206795516816","https://www.facebook.com/100004825651478/posts/2713206795516816","ZmVlZGJhY2s6MjcxMzIwNjc5NTUxNjgxNl80MzUxNjg3Mjg5NDUxNjE=","Y29tbWVudDoyNzEzMjA2Nzk1NTE2ODE2XzQzNTE2ODcyODk0NTE2MQ==","https://www.facebook.com/100004825651478/posts/2713206795516816","0","214897285046227","false","Yok sahabat bintang asia kita tanam semangka non biji
Inilah penampakan semangka non biji merah 
Varietas 𝐀𝐑𝐒𝐄𝐍𝐀𝐋 𝐅𝟏
𝐏𝐓.𝐁𝐄𝐍𝐈𝐇 𝐂𝐈𝐓𝐑𝐀 𝐀𝐒𝐈𝐀(𝐁𝐈𝐍𝐓𝐀𝐍𝐆 𝐀𝐒𝐈𝐀)","100004825651478","NiZar Bintang Asia","https://scontent-lga3-1.xx.fbcdn.net/v/t39.30808-1/438276089_2611594555678041_6997404202785061953_n.jpg?stp=cp0_dst-jpg_p32x32&_nc_cat=111&ccb=1-7&_nc_sid=50d2ac&_nc_ohc=htclMtTmRgIQ7kNvgGJvkQy&_nc_ht=scontent-lga3-1.xx&oh=00_AYDhq7N3UQ61FRmswfU65I2KB7QPVss9iRDayZOh9cDmsg&oe=66E819AE","https://www.facebook.com/nizar.setia.3","Y29tbWVudDoyNzEzMjA2Nzk1NTE2ODE2XzM5MTU3NDc0NzI5OTQxOQ==","Dori Alfirmanto","2"
,,,,,"https://www.facebook.com/100004825651478/posts/2713206795516816?comment_id=514602147924943",,"2024-09-06T16:53:00.000Z","2713206795516816","https://www.facebook.com/100004825651478/posts/2713206795516816","ZmVlZGJhY2s6MjcxMzIwNjc5NTUxNjgxNl81MTQ2MDIxNDc5MjQ5NDM=","Y29tbWVudDoyNzEzMjA2Nzk1NTE2ODE2XzUxNDYwMjE0NzkyNDk0Mw==","https://www.facebook.com/100004825651478/posts/2713206795516816","0","214897285046227","false","Yok sahabat bintang asia kita tanam semangka non biji
Inilah penampakan semangka non biji merah 
Varietas 𝐀𝐑𝐒𝐄𝐍𝐀𝐋 𝐅𝟏
𝐏𝐓.𝐁𝐄𝐍𝐈𝐇 𝐂𝐈𝐓𝐑𝐀 𝐀𝐒𝐈𝐀(𝐁𝐈𝐍𝐓𝐀𝐍𝐆 𝐀𝐒𝐈𝐀)","100006516500958","Dori Alfirmanto","https://scontent-lga3-2.xx.fbcdn.net/v/t1.6435-1/106218978_2911111472449374_5086701632224162765_n.jpg?stp=cp0_dst-jpg_s32x32&_nc_cat=109&ccb=1-7&_nc_sid=db5862&_nc_ohc=AhI9Cv1_xQwQ7kNvgHoCbJc&_nc_ht=scontent-lga3-2.xx&oh=00_AYB9-fejd6HOIMNfIoVJDxrVZmh64StslytNgcy0Hz2OSg&oe=6709DDD5","https://www.facebook.com/dori.alfirmanto","Y29tbWVudDoyNzEzMjA2Nzk1NTE2ODE2XzM5MTU3NDc0NzI5OTQxOQ==","NiZar Bintang Asia dari Padang,Sumbar,,!! Bos,,!!","2"
,,,,,"https://www.facebook.com/100004825651478/posts/2713206795516816?comment_id=974344167779364","2","2024-09-06T16:34:45.000Z","2713206795516816","https://www.facebook.com/100004825651478/posts/2713206795516816","ZmVlZGJhY2s6MjcxMzIwNjc5NTUxNjgxNl85NzQzNDQxNjc3NzkzNjQ=","Y29tbWVudDoyNzEzMjA2Nzk1NTE2ODE2Xzk3NDM0NDE2Nzc3OTM2NA==","https://www.facebook.com/100004825651478/posts/2713206795516816","0","214897285046227","false","Yok sahabat bintang asia kita tanam semangka non biji
Inilah penampakan semangka non biji merah 
Varietas 𝐀𝐑𝐒𝐄𝐍𝐀𝐋 𝐅𝟏
𝐏𝐓.𝐁𝐄𝐍𝐈𝐇 𝐂𝐈𝐓𝐑𝐀 𝐀𝐒𝐈𝐀(𝐁𝐈𝐍𝐓𝐀𝐍𝐆 𝐀𝐒𝐈𝐀)","100004825651478","NiZar Bintang Asia","https://scontent-lga3-1.xx.fbcdn.net/v/t39.30808-1/438276089_2611594555678041_6997404202785061953_n.jpg?stp=cp0_dst-jpg_p32x32&_nc_cat=111&ccb=1-7&_nc_sid=50d2ac&_nc_ohc=htclMtTmRgIQ7kNvgGJvkQy&_nc_ht=scontent-lga3-1.xx&oh=00_AYDhq7N3UQ61FRmswfU65I2KB7QPVss9iRDayZOh9cDmsg&oe=66E819AE","https://www.facebook.com/nizar.setia.3","Y29tbWVudDoyNzEzMjA2Nzk1NTE2ODE2XzM5MTU3NDc0NzI5OTQxOQ==","Dori Alfirmanto maaf dr mn nh","1"
"animated_image_autoplay","animated_image_share","image_share","share","fallback","https://www.facebook.com/100004825651478/posts/2713206795516816?comment_id=1056899782697257",,"2024-09-06T08:10:57.000Z","2713206795516816","https://www.facebook.com/100004825651478/posts/2713206795516816","ZmVlZGJhY2s6MjcxMzIwNjc5NTUxNjgxNl8xMDU2ODk5NzgyNjk3MjU3","Y29tbWVudDoyNzEzMjA2Nzk1NTE2ODE2XzEwNTY4OTk3ODI2OTcyNTc=","https://www.facebook.com/100004825651478/posts/2713206795516816","0","214897285046227","false","Yok sahabat bintang asia kita tanam semangka non biji
Inilah penampakan semangka non biji merah 
Varietas 𝐀𝐑𝐒𝐄𝐍𝐀𝐋 𝐅𝟏
𝐏𝐓.𝐁𝐄𝐍𝐈𝐇 𝐂𝐈𝐓𝐑𝐀 𝐀𝐒𝐈𝐀(𝐁𝐈𝐍𝐓𝐀𝐍𝐆 𝐀𝐒𝐈𝐀)","100004825651478","NiZar Bintang Asia","https://scontent-atl3-2.xx.fbcdn.net/v/t39.30808-1/438276089_2611594555678041_6997404202785061953_n.jpg?stp=cp0_dst-jpg_p32x32&_nc_cat=111&ccb=1-7&_nc_sid=50d2ac&_nc_ohc=htclMtTmRgIQ7kNvgESSmG6&_nc_ht=scontent-atl3-2.xx&_nc_gid=AD7324IHHhmnCTgM8xu1vOj&oh=00_AYCwj0soHDWZZOuLOzx_IQI4_lUZ9fVspk5uh-3Fb5fg3g&oe=66E819AE","https://www.facebook.com/nizar.setia.3","Y29tbWVudDoyNzEzMjA2Nzk1NTE2ODE2XzQ5NDU1NDAxMzQyNzQxNw==","Lio Imanuel","1"
,,,,,"https://www.facebook.com/100004825651478/posts/2712654918905337?comment_id=423820706857494",,"2024-09-05T15:12:00.000Z","2712654918905337","https://www.facebook.com/100004825651478/posts/2712654918905337","ZmVlZGJhY2s6MjcxMjY1NDkxODkwNTMzN180MjM4MjA3MDY4NTc0OTQ=","Y29tbWVudDoyNzEyNjU0OTE4OTA1MzM3XzQyMzgyMDcwNjg1NzQ5NA==","https://www.facebook.com/100004825651478/posts/2712654918905337","1","214897285046227","false","NiZar Bintang Asia. 66 likes · 134 talking about this. promosi prodak","100020261621662","Khorul Lani Lani","https://scontent-lga3-1.xx.fbcdn.net/v/t39.30808-1/454372150_1461996427819064_109201988869134813_n.jpg?stp=cp0_dst-jpg_s32x32&_nc_cat=102&ccb=1-7&_nc_sid=50d2ac&_nc_ohc=9l6-v-S2iisQ7kNvgEG5wDl&_nc_ht=scontent-lga3-1.xx&_nc_gid=AQ8X_WojH8Slff4lodd4x8g&oh=00_AYBLII3eVvWOEHYGZg0hFvFCl_nziYn-di12qByE0y4lgQ&oe=66E8444C","https://www.facebook.com/khorullani.lani",,"Gasss...",
"animated_image_share","image_share","share","fallback",,"https://www.facebook.com/100004825651478/posts/2713206795516816?comment_id=1565262837738731",,"2024-09-06T06:18:50.000Z","2713206795516816","https://www.facebook.com/100004825651478/posts/2713206795516816","ZmVlZGJhY2s6MjcxMzIwNjc5NTUxNjgxNl8xNTY1MjYyODM3NzM4NzMx","Y29tbWVudDoyNzEzMjA2Nzk1NTE2ODE2XzE1NjUyNjI4Mzc3Mzg3MzE=","https://www.facebook.com/100004825651478/posts/2713206795516816","0","214897285046227","false","Yok sahabat bintang asia kita tanam semangka non biji
Inilah penampakan semangka non biji merah 
Varietas 𝐀𝐑𝐒𝐄𝐍𝐀𝐋 𝐅𝟏
𝐏𝐓.𝐁𝐄𝐍𝐈𝐇 𝐂𝐈𝐓𝐑𝐀 𝐀𝐒𝐈𝐀(𝐁𝐈𝐍𝐓𝐀𝐍𝐆 𝐀𝐒𝐈𝐀)","100004825651478","NiZar Bintang Asia","https://scontent.fgpb3-1.fna.fbcdn.net/v/t39.30808-1/438276089_2611594555678041_6997404202785061953_n.jpg?stp=cp0_dst-jpg_p32x32&_nc_cat=111&ccb=1-7&_nc_sid=50d2ac&_nc_ohc=htclMtTmRgIQ7kNvgEP2LTT&_nc_ht=scontent.fgpb3-1.fna&_nc_gid=AL9rZ98c-9MQu0GCEp3sOdE&oh=00_AYBJYRFwNhA82eCiif65vbW22BG77bFiDv58bosVH-bTiQ&oe=66E819AE","https://www.facebook.com/nizar.setia.3","Y29tbWVudDoyNzEzMjA2Nzk1NTE2ODE2XzIxNjIzODEzODA4MDE0NTg=","Bang Zen","1"
,,,,,"https://www.facebook.com/100004825651478/posts/2712643615573134?comment_id=838791401362542","1","2024-09-05T13:45:50.000Z","2712643615573134","https://www.facebook.com/100004825651478/posts/2712643615573134","ZmVlZGJhY2s6MjcxMjY0MzYxNTU3MzEzNF84Mzg3OTE0MDEzNjI1NDI=","Y29tbWVudDoyNzEyNjQzNjE1NTczMTM0XzgzODc5MTQwMTM2MjU0Mg==","https://www.facebook.com/100004825651478/posts/2712643615573134","1","214897285046227","false","NiZar Bintang Asia. 66 likes · 134 talking about this. promosi prodak","pfbid02kNeAX7BH9pobkFzdBdNbHRsUpZy8w8anNzrG6WtvkUmDXg93caDGdW922A3FmoAzl","Fakhri Amir","https://scontent-iad3-2.xx.fbcdn.net/v/t39.30808-1/417524494_2672306999600855_8964872625147128752_n.jpg?stp=cp0_dst-jpg_s32x32&_nc_cat=105&ccb=1-7&_nc_sid=0ecb9b&_nc_ohc=8lE5up5CBHMQ7kNvgHtODvx&_nc_ht=scontent-iad3-2.xx&_nc_gid=Az4VGoYFid366K7tiW4l5TY&oh=00_AYA058savRK8YXR0EZGclY39SD3QiOmbFTSMToK5lBcMHQ&oe=66E837FC","https://www.facebook.com/fakhri.toamir",,"Kalo aja dpt inventaris dr kantor kya gini🤣",
,,,,,"https://www.facebook.com/100004825651478/posts/2712643615573134?comment_id=546938244659991","1","2024-09-05T22:07:33.000Z","2712643615573134","https://www.facebook.com/100004825651478/posts/2712643615573134","ZmVlZGJhY2s6MjcxMjY0MzYxNTU3MzEzNF81NDY5MzgyNDQ2NTk5OTE=","Y29tbWVudDoyNzEyNjQzNjE1NTczMTM0XzU0NjkzODI0NDY1OTk5MQ==","https://www.facebook.com/100004825651478/posts/2712643615573134","0","214897285046227","false","NiZar Bintang Asia. 66 likes · 134 talking about this. promosi prodak","pfbid0YJH64cxkx47abwmgrxuQ8njPv5uEVb2bJsfuEq2iYU1CmYYuPKEmUXJiNi8HQj1Sl","Yospiqmi Rizal Bintang Asia","https://scontent-iad3-1.xx.fbcdn.net/v/t1.18169-1/12814133_605474156274254_1255382583968893776_n.jpg?stp=cp0_dst-jpg_s32x32&_nc_cat=107&ccb=1-7&_nc_sid=e4545e&_nc_ohc=C1GWYl5T2mIQ7kNvgFfrAQp&_nc_ht=scontent-iad3-1.xx&oh=00_AYCC_ym9zji-jFahktTMQv9c1dy139rq4Y1OnuJTy_u7Qw&oe=6709BCFC","https://www.facebook.com/yospiqmi.rizal",,"Cocok untuk kelapangan",
,,,,,"https://www.facebook.com/100004825651478/posts/2715359041968258?comment_id=1026335779183797",,"2024-09-08T12:48:31.000Z","2715359041968258","https://www.facebook.com/100004825651478/posts/2715359041968258","ZmVlZGJhY2s6MjcxNTM1OTA0MTk2ODI1OF8xMDI2MzM1Nzc5MTgzNzk3","Y29tbWVudDoyNzE1MzU5MDQxOTY4MjU4XzEwMjYzMzU3NzkxODM3OTc=","https://www.facebook.com/100004825651478/posts/2715359041968258","1","112652978585649","false","NiZar Bintang Asia. 66 likes · 134 talking about this. promosi prodak","100007578522755","Renzy Bintangasia","https://scontent-bos5-1.xx.fbcdn.net/v/t39.30808-1/426012403_3605728109689771_2277782955804277447_n.jpg?stp=cp0_dst-jpg_s32x32&_nc_cat=104&ccb=1-7&_nc_sid=50d2ac&_nc_ohc=M574j_z4JmsQ7kNvgFBomWW&_nc_ht=scontent-bos5-1.xx&_nc_gid=AdJVGlKrVuOdUSGjasuWkUI&oh=00_AYCTxPRomC5c6HtcdQIYioPynAggdF5kAxR4iXN3CQYfsQ&oe=66E81F84","https://www.facebook.com/renzi.prayuda",,"Mantapp",
,,,,,"https://www.facebook.com/100004825651478/posts/2712643615573134?comment_id=1216790916183579",,"2024-09-05T13:47:03.000Z","2712643615573134","https://www.facebook.com/100004825651478/posts/2712643615573134","ZmVlZGJhY2s6MjcxMjY0MzYxNTU3MzEzNF8xMjE2NzkwOTE2MTgzNTc5","Y29tbWVudDoyNzEyNjQzNjE1NTczMTM0XzEyMTY3OTA5MTYxODM1Nzk=","https://www.facebook.com/100004825651478/posts/2712643615573134","0","214897285046227","false","NiZar Bintang Asia. 66 likes · 134 talking about this. promosi prodak","100004825651478","NiZar Bintang Asia","https://scontent.famd4-1.fna.fbcdn.net/v/t39.30808-1/438276089_2611594555678041_6997404202785061953_n.jpg?stp=cp0_dst-jpg_p32x32&_nc_cat=111&ccb=1-7&_nc_sid=50d2ac&_nc_ohc=htclMtTmRgIQ7kNvgFPdgAO&_nc_ht=scontent.famd4-1.fna&_nc_gid=AQrt2Aawfr9-RF1WNnaE6ez&oh=00_AYAdaCLOo-qx4IqrbBCEoSK6T2WRoS8FVLIpfTSnVdIgMQ&oe=66E819AE","https://www.facebook.com/nizar.setia.3","Y29tbWVudDoyNzEyNjQzNjE1NTczMTM0XzgzODc5MTQwMTM2MjU0Mg==","Fakhri Amir ya mas. 
Mdh2an bisa mas","1"
,,,,,"https://www.facebook.com/100004825651478/posts/2712643615573134?comment_id=386205180989959",,"2024-09-08T13:42:39.000Z","2712643615573134","https://www.facebook.com/100004825651478/posts/2712643615573134","ZmVlZGJhY2s6MjcxMjY0MzYxNTU3MzEzNF8zODYyMDUxODA5ODk5NTk=","Y29tbWVudDoyNzEyNjQzNjE1NTczMTM0XzM4NjIwNTE4MDk4OTk1OQ==","https://www.facebook.com/100004825651478/posts/2712643615573134","0","214897285046227","false","NiZar Bintang Asia. 66 likes · 134 talking about this. promosi prodak","100007578522755","Renzy Bintangasia","https://scontent-ord5-2.xx.fbcdn.net/v/t39.30808-1/426012403_3605728109689771_2277782955804277447_n.jpg?stp=cp0_dst-jpg_s32x32&_nc_cat=104&ccb=1-7&_nc_sid=50d2ac&_nc_ohc=M574j_z4JmsQ7kNvgE2mlKo&_nc_ht=scontent-ord5-2.xx&oh=00_AYAbwD4YFyYZCxpKSmsr7CAHzWvProYRjbX3ue5k0dE6cA&oe=66E81F84","https://www.facebook.com/renzi.prayuda","Y29tbWVudDoyNzEyNjQzNjE1NTczMTM0XzU0NjkzODI0NDY1OTk5MQ==","Yospiqmi Rizal Bintang Asia trabass boss","1"
,,,,,"https://www.facebook.com/100004825651478/posts/2713522205485275?comment_id=1039919307385481",,"2024-09-08T09:05:57.000Z","2713522205485275","https://www.facebook.com/100004825651478/posts/2713522205485275","ZmVlZGJhY2s6MjcxMzUyMjIwNTQ4NTI3NV8xMDM5OTE5MzA3Mzg1NDgx","Y29tbWVudDoyNzEzNTIyMjA1NDg1Mjc1XzEwMzk5MTkzMDczODU0ODE=","https://www.facebook.com/100004825651478/posts/2713522205485275","0","214897285046227","false","Tomato deteminate cocok di dataran rendah menengah. 
Perawatan mudah, berbobot, tahan virus, tahan simpan. 
Nama varietas nya ialah 𝐂𝐈𝐓𝐑𝐀 𝐀𝐒𝐈𝐀 𝐅𝟏. 
𝐏𝐓. 𝐁𝐄𝐍𝐈𝐇 𝐂𝐈𝐓𝐑𝐀 𝐀𝐒𝐈𝐀(𝐁𝐈𝐍𝐓𝐀𝐍𝐆 𝐀𝐒𝐈𝐀) 
Ayo sahabat bintang asia, mari di coba,","100004825651478","NiZar Bintang Asia","https://scontent.fanf5-1.fna.fbcdn.net/v/t39.30808-1/438276089_2611594555678041_6997404202785061953_n.jpg?stp=cp0_dst-jpg_p32x32&_nc_cat=111&ccb=1-7&_nc_sid=50d2ac&_nc_ohc=htclMtTmRgIQ7kNvgEYz6wC&_nc_ht=scontent.fanf5-1.fna&oh=00_AYC3--0k8Hq9QeMldcri-NuARnpGzLPt2paR2y9WdPBvqQ&oe=66E819AE","https://www.facebook.com/nizar.setia.3","Y29tbWVudDoyNzEzNTIyMjA1NDg1Mjc1XzEwNTk2OTQ5MTIyMjU3MDM=","Rahmat Janur gas kan","1"
,,,,,"https://www.facebook.com/100004825651478/posts/2713522205485275?comment_id=906935901471507",,"2024-09-08T09:05:45.000Z","2713522205485275","https://www.facebook.com/100004825651478/posts/2713522205485275","ZmVlZGJhY2s6MjcxMzUyMjIwNTQ4NTI3NV85MDY5MzU5MDE0NzE1MDc=","Y29tbWVudDoyNzEzNTIyMjA1NDg1Mjc1XzkwNjkzNTkwMTQ3MTUwNw==","https://www.facebook.com/100004825651478/posts/2713522205485275","1","214897285046227","false","Tomato deteminate cocok di dataran rendah menengah. 
Perawatan mudah, berbobot, tahan virus, tahan simpan. 
Nama varietas nya ialah 𝐂𝐈𝐓𝐑𝐀 𝐀𝐒𝐈𝐀 𝐅𝟏. 
𝐏𝐓. 𝐁𝐄𝐍𝐈𝐇 𝐂𝐈𝐓𝐑𝐀 𝐀𝐒𝐈𝐀(𝐁𝐈𝐍𝐓𝐀𝐍𝐆 𝐀𝐒𝐈𝐀) 
Ayo sahabat bintang asia, mari di coba,","100004825651478","NiZar Bintang Asia","https://scontent-iad3-2.xx.fbcdn.net/v/t39.30808-1/438276089_2611594555678041_6997404202785061953_n.jpg?stp=cp0_dst-jpg_p32x32&_nc_cat=111&ccb=1-7&_nc_sid=50d2ac&_nc_ohc=htclMtTmRgIQ7kNvgHp4eKB&_nc_ht=scontent-iad3-2.xx&_nc_gid=AeAK8ZVYzWsPx3q8f8Y42SW&oh=00_AYA9VLuGZMU19UfJnUsyXht5U3afTLEt7VBN6-RG4M9_Sg&oe=66E819AE","https://www.facebook.com/nizar.setia.3","Y29tbWVudDoyNzEzNTIyMjA1NDg1Mjc1XzEwOTI2ODg5MTIyNzYwNjQ=","Muhamad Cali Faiz Ahmad gas","1"
,,,,,"https://www.facebook.com/100004825651478/posts/2712360208934808?comment_id=1035942384889789",,"2024-09-05T06:35:13.000Z","2712360208934808","https://www.facebook.com/100004825651478/posts/2712360208934808","ZmVlZGJhY2s6MjcxMjM2MDIwODkzNDgwOF8xMDM1OTQyMzg0ODg5Nzg5","Y29tbWVudDoyNzEyMzYwMjA4OTM0ODA4XzEwMzU5NDIzODQ4ODk3ODk=","https://www.facebook.com/100004825651478/posts/2712360208934808","0","214897285046227","false","Sudah mulai ngabdi ke pemiliknya
Terong hijau sudah mulai menunjukan pesonanya. 
Terong hijau varietas 𝐇𝐀𝐑𝐈𝐓𝐀 𝐅𝟏. 
𝐏𝐓. 𝐁𝐄𝐍𝐈𝐇 𝐂𝐈𝐓𝐑𝐀 𝐀𝐒𝐈𝐀(𝐁𝐈𝐍𝐓𝐀𝐍𝐆 𝐀𝐒𝐈𝐀)","100058174730753","Benih Citra Asia","https://scontent-lga3-1.xx.fbcdn.net/v/t1.6435-1/126817955_105131821435975_4308166538294651756_n.jpg?stp=cp0_dst-jpg_s32x32&_nc_cat=102&ccb=1-7&_nc_sid=50d2ac&_nc_ohc=5rjDOCYC4QkQ7kNvgG_rVu-&_nc_ht=scontent-lga3-1.xx&oh=00_AYCRgdY9KCCm2WZlDLM12J7J25VR4awgCBB8HXgjjKUgng&oe=6709D84A","https://www.facebook.com/people/Benih-Citra-Asia/100058174730753/",,"Terong andalan petani 😍",
"animated_image_autoplay","animated_image_share","image_share","share","fallback","https://www.facebook.com/100004825651478/posts/2714209288749900?comment_id=827629046025261",,"2024-09-08T15:36:59.000Z","2714209288749900","https://www.facebook.com/100004825651478/posts/2714209288749900","ZmVlZGJhY2s6MjcxNDIwOTI4ODc0OTkwMF84Mjc2MjkwNDYwMjUyNjE=","Y29tbWVudDoyNzE0MjA5Mjg4NzQ5OTAwXzgyNzYyOTA0NjAyNTI2MQ==","https://www.facebook.com/100004825651478/posts/2714209288749900","1","177330225469654","false","NiZar Bintang Asia. 66 likes · 134 talking about this. promosi prodak","100004370253176","Muhamad Cali Faiz Ahmad","https://scontent-lax3-1.xx.fbcdn.net/v/t39.30808-1/456120459_2788136318008683_7418166726346064265_n.jpg?stp=cp0_dst-jpg_s32x32&_nc_cat=108&ccb=1-7&_nc_sid=50d2ac&_nc_ohc=EMIU55VJAHkQ7kNvgHUEavh&_nc_ht=scontent-lax3-1.xx&_nc_gid=AY0jKkb2tF0ifEZH--0o17d&oh=00_AYCLCcnbtzgTXxUaSlOa5WiTsMI9rFJ2RWrMqM0UUuGhAg&oe=66E827AD","https://www.facebook.com/muhamad.cali.98",,,
