﻿"attachments/0/__typename","attachments/0/animated_image","attachments/0/animated_image/uri","attachments/0/frame_count","attachments/0/frame_rate","attachments/0/frames_per_column","attachments/0/frames_per_row","attachments/0/id","attachments/0/image/height","attachments/0/image/uri","attachments/0/image/width","attachments/0/label","attachments/0/pack/id","attachments/0/pack/name","attachments/0/sprite_image","attachments/0/sprite_image/uri","commentUrl","comments/0/attachments/0/__typename","comments/0/attachments/0/animated_image","comments/0/attachments/0/frame_count","comments/0/attachments/0/frame_rate","comments/0/attachments/0/frames_per_column","comments/0/attachments/0/frames_per_row","comments/0/attachments/0/id","comments/0/attachments/0/image/height","comments/0/attachments/0/image/uri","comments/0/attachments/0/image/width","comments/0/attachments/0/label","comments/0/attachments/0/pack","comments/0/attachments/0/sprite_image","comments/0/commentUrl","comments/0/commentsCount","comments/0/date","comments/0/feedbackId","comments/0/id","comments/0/likesCount","comments/0/parentComment/author/__typename","comments/0/parentComment/author/id","comments/0/parentComment/author/name","comments/0/parentComment/author/short_name","comments/0/parentComment/id","comments/0/profileId","comments/0/profileName","comments/0/profilePicture","comments/0/profileUrl","comments/0/replyToCommentId","comments/0/text","comments/0/threadingDepth","comments/1/attachments/0/__typename","comments/1/attachments/0/animated_image/uri","comments/1/attachments/0/frame_count","comments/1/attachments/0/frame_rate","comments/1/attachments/0/frames_per_column","comments/1/attachments/0/frames_per_row","comments/1/attachments/0/id","comments/1/attachments/0/image/height","comments/1/attachments/0/image/uri","comments/1/attachments/0/image/width","comments/1/attachments/0/label","comments/1/attachments/0/pack/id","comments/1/attachments/0/pack/name","comments/1/attachments/0/sprite_image/uri","comments/1/commentUrl","comments/1/date","comments/1/feedbackId","comments/1/id","comments/1/likesCount","comments/1/parentComment/author/__typename","comments/1/parentComment/author/id","comments/1/parentComment/author/name","comments/1/parentComment/author/short_name","comments/1/parentComment/id","comments/1/profileId","comments/1/profileName","comments/1/profilePicture","comments/1/profileUrl","comments/1/replyToCommentId","comments/1/text","comments/1/threadingDepth","comments/2/commentUrl","comments/2/date","comments/2/feedbackId","comments/2/id","comments/2/likesCount","comments/2/parentComment/author/__typename","comments/2/parentComment/author/id","comments/2/parentComment/author/name","comments/2/parentComment/author/short_name","comments/2/parentComment/id","comments/2/profileId","comments/2/profileName","comments/2/profilePicture","comments/2/profileUrl","comments/2/replyToCommentId","comments/2/text","comments/2/threadingDepth","comments/3/attachments/0/__typename","comments/3/attachments/0/animated_image/uri","comments/3/attachments/0/frame_count","comments/3/attachments/0/frame_rate","comments/3/attachments/0/frames_per_column","comments/3/attachments/0/frames_per_row","comments/3/attachments/0/id","comments/3/attachments/0/image/height","comments/3/attachments/0/image/uri","comments/3/attachments/0/image/width","comments/3/attachments/0/label","comments/3/attachments/0/pack/id","comments/3/attachments/0/pack/name","comments/3/attachments/0/sprite_image/uri","comments/3/commentUrl","comments/3/date","comments/3/feedbackId","comments/3/id","comments/3/likesCount","comments/3/parentComment/author/__typename","comments/3/parentComment/author/id","comments/3/parentComment/author/name","comments/3/parentComment/author/short_name","comments/3/parentComment/id","comments/3/profileId","comments/3/profileName","comments/3/profilePicture","comments/3/replyToCommentId","comments/3/threadingDepth","commentsCount","date","facebookId","facebookUrl","feedbackId","id","inputUrl","likesCount","pageAdLibrary/id","pageAdLibrary/is_business_page_active","pageAdLibrary/woodhenge_creator_info","postTitle","profileId","profileName","profilePicture","profileUrl","text","threadingDepth"
,,,,,,,,,,,,,,,,"https://www.facebook.com/jafaremba/posts/pfbid0sX79v3CyFa7d8DPJJFfsKhahAcaKdxS45dkDfxN9HKbHSv3PVTmPXAdjiMyLut5al?comment_id=2297156950634023",,,,,,,,,,,,,,"https://www.facebook.com/jafaremba/posts/pfbid0sX79v3CyFa7d8DPJJFfsKhahAcaKdxS45dkDfxN9HKbHSv3PVTmPXAdjiMyLut5al?comment_id=2297156950634023&reply_comment_id=396492626612120",,"2024-09-20T22:16:09.000Z","ZmVlZGJhY2s6MTkwMDU2NzQxNzEwNzM1N18zOTY0OTI2MjY2MTIxMjA=","Y29tbWVudDoxOTAwNTY3NDE3MTA3MzU3XzM5NjQ5MjYyNjYxMjEyMA==","0","User","pfbid03uWawBDya3RNswYHksuRvHNMqrxZJMkuGQ2ysBXTJiQtxK4q6KNftZQ85LBK89mSl","Naba Jhy","Naba","Y29tbWVudDoxOTAwNTY3NDE3MTA3MzU3XzIyOTcxNTY5NTA2MzQwMjM=","100014623516733","Muhammadjafar","https://scontent.fada1-14.fna.fbcdn.net/v/t39.30808-1/437777564_1796463224184444_6323579690372403329_n.jpg?stp=cp0_dst-jpg_s32x32&_nc_cat=104&ccb=1-7&_nc_sid=50d2ac&_nc_ohc=l8PPA8lZRxoQ7kNvgGzWkNg&_nc_ht=scontent.fada1-14.fna&_nc_gid=AAVSVlomFIAtP_dpboztwVe&oh=00_AYBk3gIW9vkoXlIXV8VtGHKUhc81ct-7NvLBAAC1FWntEA&oe=6703BE90","https://www.facebook.com/jafaremba","Y29tbWVudDoxOTAwNTY3NDE3MTA3MzU3XzIyOTcxNTY5NTA2MzQwMjM=","Naba Jhy amiin...terimah kasih cika'🙏🏼🙏🏼🙏🏼","1",,,,,,,,,,,,,,,,,,,,,,,,,,,,,,,,,,,,,,,,,,,,,,,,,,,,,,,,,,,,,,,,,,,,,,,,,,,,,,"1","2024-09-19T10:38:58.000Z","1900567417107357","https://www.facebook.com/100014623516733/posts/1900567417107357","ZmVlZGJhY2s6MTkwMDU2NzQxNzEwNzM1N18yMjk3MTU2OTUwNjM0MDIz","Y29tbWVudDoxOTAwNTY3NDE3MTA3MzU3XzIyOTcxNTY5NTA2MzQwMjM=","https://www.facebook.com/100014623516733/posts/1900567417107357","1","105810022614331","false",,"Alhamdulillah hari ini bisa bersua dgn para pejuang pagan kab. Gowa
Terimakasih Muhammadjafar atas jamuannya I. Allah Panennya berhasil dgn harga yg memuaskan, Amiin... 
#hargaterjankau
#hasilmemukau
#BintangAsia
#pastibisapastisukses","pfbid03uWawBDya3RNswYHksuRvHNMqrxZJMkuGQ2ysBXTJiQtxK4q6KNftZQ85LBK89mSl","Naba Jhy","https://scontent.fada1-15.fna.fbcdn.net/v/t39.30808-1/327581110_723719812599785_1730958213042795654_n.jpg?stp=cp0_dst-jpg_s32x32&_nc_cat=106&ccb=1-7&_nc_sid=0ecb9b&_nc_ohc=DCTVsxkEQOcQ7kNvgFPTCqC&_nc_ht=scontent.fada1-15.fna&_nc_gid=AAVSVlomFIAtP_dpboztwVe&oh=00_AYCPYF8KJZuBpsHxzWJj0ub6PwzfQ-hKde1ZYqPCcdAMTA&oe=6703D5F3","https://www.facebook.com/naba.jhy","Semoga hasilx memuaskan","0"
"Sticker",,,"1","83","1","1","280280680528917","80","https://scontent-dfw5-2.xx.fbcdn.net/v/t39.1997-6/240404950_280280683862250_377726035223267134_n.png?stp=cp0_dst-png_s110x80&_nc_cat=1&ccb=1-7&_nc_sid=23dd7b&_nc_ohc=VQOUA7Pd12cQ7kNvgE3RgWd&_nc_ht=scontent-dfw5-2.xx&_nc_gid=AfQXX8YDQOai9tUnDV0pgYh&oh=00_AYC67t-sSNgT2gCXuDwZ0RNbugIY0o_pjGd0kOOT1I_LyQ&oe=6703C973","80","","222549939635325","[Newsfeed] Indonesia First Party",,,"https://www.facebook.com/jafaremba/posts/pfbid02uASqdkC4Hgmnc7NpqQk49UumpA1Ensm8uCzo1r1wcaxWNHrUsqjB6jReP8eMcWdKl?comment_id=1492937484696623","Sticker",,"1","83","1","1","1542332060033400","120","https://scontent-dfw5-2.xx.fbcdn.net/v/t39.1997-6/452877048_1542332066700066_6622766461772286573_n.webp?_nc_cat=106&ccb=1-7&_nc_sid=878c43&_nc_ohc=CUCBsut4eCAQ7kNvgFg0Dhu&_nc_ht=scontent-dfw5-2.xx&_nc_gid=AfQXX8YDQOai9tUnDV0pgYh&oh=00_AYB6cxXS3CaB_Yfz1VQhCH0EWYucAXhRgJ4EQV3pM0xC-A&oe=6703ADD4","120","Avatar smiling shyly and holding a floating heart over their two fingers crossed to make a heart.",,,"https://www.facebook.com/jafaremba/posts/pfbid02uASqdkC4Hgmnc7NpqQk49UumpA1Ensm8uCzo1r1wcaxWNHrUsqjB6jReP8eMcWdKl?comment_id=1492937484696623&reply_comment_id=1210630940257063",,"2024-09-30T03:13:58.000Z","ZmVlZGJhY2s6MTkwNzE2MjEzOTc4MTIxOF8xMjEwNjMwOTQwMjU3MDYz","Y29tbWVudDoxOTA3MTYyMTM5NzgxMjE4XzEyMTA2MzA5NDAyNTcwNjM=","0","User","pfbid06Wf6jfn4S6WbqC634XfebuNLmRwWcpsLNWBYDD1qyyJdD9cdWvcLWk9VW9jDhZSjl","Jumriani","Jumriani","Y29tbWVudDoxOTA3MTYyMTM5NzgxMjE4XzE0OTI5Mzc0ODQ2OTY2MjM=","100014623516733","Muhammadjafar","https://scontent-dfw5-2.xx.fbcdn.net/v/t39.30808-1/437777564_1796463224184444_6323579690372403329_n.jpg?stp=cp0_dst-jpg_s32x32&_nc_cat=104&ccb=1-7&_nc_sid=50d2ac&_nc_ohc=l8PPA8lZRxoQ7kNvgGUSnv6&_nc_ht=scontent-dfw5-2.xx&_nc_gid=AfQXX8YDQOai9tUnDV0pgYh&oh=00_AYDMlXYvNqcIX5ND6f9vw57uYBifKcqxK4hiTXMeJAlKyA&oe=6703BE90","https://www.facebook.com/jafaremba","Y29tbWVudDoxOTA3MTYyMTM5NzgxMjE4XzE0OTI5Mzc0ODQ2OTY2MjM=","Jumriani","1",,,,,,,,,,,,,,,,,,,,,,,,,,,,,,,,,,,,,,,,,,,,,,,,,,,,,,,,,,,,,,,,,,,,,,,,,,,,,,"1","2024-09-27T03:19:04.000Z","1907162139781218","https://www.facebook.com/100014623516733/posts/1907162139781218","ZmVlZGJhY2s6MTkwNzE2MjEzOTc4MTIxOF8xNDkyOTM3NDg0Njk2NjIz","Y29tbWVudDoxOTA3MTYyMTM5NzgxMjE4XzE0OTI5Mzc0ODQ2OTY2MjM=","https://www.facebook.com/100014623516733/posts/1907162139781218","1","103383066093617","false",,"Benih Citra Asia dengan bangga mendapatkan penghargaan “Outstanding Food Crop Seed and Horticulture Companies 2024” dalam ajang CNN Indonesia Awards.

Penghargaan Outstanding Food Crop Seed and Horticulture Companies merupakan wujud upaya dalam menyediakan benih berkualitas & bemutu tinggi dengan kuantitas yang berkesinambungan.

Penghargaan ini menjadi bukti komitmen kami sebagai perusahaan produsen benih untuk terus bekerja keras dalam meneliti dan mengembangkan varietas-varietas baru yang lebih unggul, produksi tinggi, umur genjah, tahan hama penyakit serta virus, tahan cuaca ekstrim, tahan transportasi jarak jauh dan kemudahan dalam budidaya. Kami percaya bahwa fokus kami dalam menyediakan benih yang memenuhi jaminan mutu yang baik untuk berkontribusi bersama dalam mengembangkan pertanian Indonesia & mewujudkan kebangkitan perbenihan nasional sebagai sumber varietas unggul di dunia!

#benihcitraasia #bintangasia #cnn #cnnindonesiaawards #penghargaan #benihterbaik #2024 #pertanian #awards","pfbid06Wf6jfn4S6WbqC634XfebuNLmRwWcpsLNWBYDD1qyyJdD9cdWvcLWk9VW9jDhZSjl","Jumriani","https://scontent-dfw5-2.xx.fbcdn.net/v/t39.30808-1/445418358_1485624865703460_1743489439682232472_n.jpg?stp=cp0_dst-jpg_s32x32&_nc_cat=100&ccb=1-7&_nc_sid=0ecb9b&_nc_ohc=4X50w_Yl49wQ7kNvgH5Znuk&_nc_ht=scontent-dfw5-2.xx&_nc_gid=AfQXX8YDQOai9tUnDV0pgYh&oh=00_AYDBVHbd2AGhJC64fVYFtXcDQuGtcg31zNmDmqrqdVI2-g&oe=6703CA1D","https://www.facebook.com/jumriani.jumriani.92798072",,"0"
,,,,,,,,,,,,,,,,"https://www.facebook.com/jafaremba/posts/pfbid0339Vnj4GUaNGj2w6eB8zPdD9s9L9udL1KSrNa2Ewz2d7FLT5Py9TwUEbN7MjuYs2Zl?comment_id=569658788754165",,,,,,,,,,,,,,,,,,,,,,,,,,,,,,,,,,,,,,,,,,,,,,,,,,,,,,,,,,,,,,,,,,,,,,,,,,,,,,,,,,,,,,,,,,,,,,,,,,,,,,,,,,,,,,"2024-10-02T12:07:31.000Z","1908232339674198","https://www.facebook.com/100014623516733/posts/1908232339674198","ZmVlZGJhY2s6MTkwODIzMjMzOTY3NDE5OF81Njk2NTg3ODg3NTQxNjU=","Y29tbWVudDoxOTA4MjMyMzM5Njc0MTk4XzU2OTY1ODc4ODc1NDE2NQ==","https://www.facebook.com/100014623516733/posts/1908232339674198","0","103383066093617","false",,"PT. Benih Citra Asia Memanggil!

Untuk anda, para influencer yang memiliki minat, bakat, & segmentasi konten dalam dunia pertanian.
Bersiaplah menjadi bagian dari Bintang asiA Influencer Bootcamp 2024.
 
Apa itu Bintang asiA Influencer Bootcamp 2024?

Bintang asiA Influencer Bootcamp 2024 merupakan program masterclass pengembangan bakat & skill untuk para influencer berbasis pertanian & memanajemen konten kreatif yang diselenggarakan oleh PT. Benih Citra Asia. Bootcamp ini akan berlangsung 07-10 Oktober 2024.

Kenapa Ikut Bintang asiA Influencer Bootcamp 2024?

Peserta akan mendapatkan ilmu & pengalaman untuk mengembangkan potensi diri & skill dalam dunia pertanian dari hulu hingga hilir. Berjumpa dengan peserta dari berbagai latar belakang. Selain itu, peserta terseleksi akan mendapatkan peluang kontrak endorsement selama satu tahun penuh dengan PT. Benih Citra Asia. 

Yang lebih seru lagi, acara ini full gratis tanpa dipungut biaya!

Yuk daftar bisa langsung scan barcode/chat nomor yang tertera dengan format nama lengkap & link akun sosial media.

Semua influencer pertanian boleh ikut. Tapi jangan lupa baca dengan seksama syarat & ketentuannya ya!

Sukses Bersama Bintang asiA!

#Bootcamp2024 #bootcampinfluencer #masterclass #pertanian #Bintangasia
#agriculture #bintangasiabootcamp2024 #influencer #influencerbootcamp #theinfluencerbootcamp 
#suksesbersamabintangasia #petani #pertanian #jagungmanis #beritatani #infopertanian #workshop #petanimillenial #cuwitan62 #benih #benihunggul #bintangasia #benihcitraasia #jagung #benihjagung #ketahananpangan #event","100014623516733","Muhammadjafar","https://scontent.fssz1-1.fna.fbcdn.net/v/t39.30808-1/437777564_1796463224184444_6323579690372403329_n.jpg?stp=cp0_dst-jpg_s32x32&_nc_cat=104&ccb=1-7&_nc_sid=50d2ac&_nc_ohc=l8PPA8lZRxoQ7kNvgHjP28g&_nc_ht=scontent.fssz1-1.fna&_nc_gid=A0YRiuS-mBWf7OGEs0fQ7WG&oh=00_AYDXN4v9LiQLPz7APY1Q6fQzGPbzgyUdB8CD4Fdvbeub5Q&oe=6703BE90","https://www.facebook.com/jafaremba","Gasspooll...remnya tipis2 😂😂😂","0"
,,,,,,,,,,,,,,,,"https://www.facebook.com/jafaremba/posts/pfbid0339Vnj4GUaNGj2w6eB8zPdD9s9L9udL1KSrNa2Ewz2d7FLT5Py9TwUEbN7MjuYs2Zl?comment_id=1245592176791125",,,,,,,,,,,,,,,,,,,,,,,,,,,,,,,,,,,,,,,,,,,,,,,,,,,,,,,,,,,,,,,,,,,,,,,,,,,,,,,,,,,,,,,,,,,,,,,,,,,,,,,,,,,,,,"2024-09-30T10:41:35.000Z","1908232339674198","https://www.facebook.com/100014623516733/posts/1908232339674198","ZmVlZGJhY2s6MTkwODIzMjMzOTY3NDE5OF8xMjQ1NTkyMTc2NzkxMTI1","Y29tbWVudDoxOTA4MjMyMzM5Njc0MTk4XzEyNDU1OTIxNzY3OTExMjU=","https://www.facebook.com/100014623516733/posts/1908232339674198","1","103383066093617","false",,"PT. Benih Citra Asia Memanggil!

Untuk anda, para influencer yang memiliki minat, bakat, & segmentasi konten dalam dunia pertanian.
Bersiaplah menjadi bagian dari Bintang asiA Influencer Bootcamp 2024.
 
Apa itu Bintang asiA Influencer Bootcamp 2024?

Bintang asiA Influencer Bootcamp 2024 merupakan program masterclass pengembangan bakat & skill untuk para influencer berbasis pertanian & memanajemen konten kreatif yang diselenggarakan oleh PT. Benih Citra Asia. Bootcamp ini akan berlangsung 07-10 Oktober 2024.

Kenapa Ikut Bintang asiA Influencer Bootcamp 2024?

Peserta akan mendapatkan ilmu & pengalaman untuk mengembangkan potensi diri & skill dalam dunia pertanian dari hulu hingga hilir. Berjumpa dengan peserta dari berbagai latar belakang. Selain itu, peserta terseleksi akan mendapatkan peluang kontrak endorsement selama satu tahun penuh dengan PT. Benih Citra Asia. 

Yang lebih seru lagi, acara ini full gratis tanpa dipungut biaya!

Yuk daftar bisa langsung scan barcode/chat nomor yang tertera dengan format nama lengkap & link akun sosial media.

Semua influencer pertanian boleh ikut. Tapi jangan lupa baca dengan seksama syarat & ketentuannya ya!

Sukses Bersama Bintang asiA!

#Bootcamp2024 #bootcampinfluencer #masterclass #pertanian #Bintangasia
#agriculture #bintangasiabootcamp2024 #influencer #influencerbootcamp #theinfluencerbootcamp 
#suksesbersamabintangasia #petani #pertanian #jagungmanis #beritatani #infopertanian #workshop #petanimillenial #cuwitan62 #benih #benihunggul #bintangasia #benihcitraasia #jagung #benihjagung #ketahananpangan #event","100007578522755","Renzy Bintangasia","https://scontent.fssz1-1.fna.fbcdn.net/v/t39.30808-1/426012403_3605728109689771_2277782955804277447_n.jpg?stp=cp0_dst-jpg_s32x32&_nc_cat=104&ccb=1-7&_nc_sid=50d2ac&_nc_ohc=NKmntc7UrGAQ7kNvgHL3UO_&_nc_ht=scontent.fssz1-1.fna&_nc_gid=A0YRiuS-mBWf7OGEs0fQ7WG&oh=00_AYAXWllgaSwtJZRVK_YAbPcyG0AoGqhv3ly4kXdhfgQWGQ&oe=6703CF04","https://www.facebook.com/renzi.prayuda","Gass boss","0"
,,,,,,,,,,,,,,,,"https://www.facebook.com/reel/1342896009862706/?comment_id=1272543237404026",,,,,,,,,,,,,,,,,,,,,,,,,,,,,,,,,,,,,,,,,,,,,,,,,,,,,,,,,,,,,,,,,,,,,,,,,,,,,,,,,,,,,,,,,,,,,,,,,,,,,,,,,,,,,,"2024-10-02T12:04:52.000Z","1910674066096692","https://www.facebook.com/100014623516733/posts/1910674066096692","ZmVlZGJhY2s6MTkxMDY3NDA2NjA5NjY5Ml8xMjcyNTQzMjM3NDA0MDI2","Y29tbWVudDoxOTEwNjc0MDY2MDk2NjkyXzEyNzI1NDMyMzc0MDQwMjY=","https://www.facebook.com/100014623516733/posts/1910674066096692","1","110168501881093",,,"Kang akeng · India Asik","100014623516733","Muhammadjafar","https://scontent-lga3-2.xx.fbcdn.net/v/t39.30808-1/437777564_1796463224184444_6323579690372403329_n.jpg?stp=cp0_dst-jpg_s32x32&_nc_cat=104&ccb=1-7&_nc_sid=50d2ac&_nc_ohc=l8PPA8lZRxoQ7kNvgGC1cxc&_nc_ht=scontent-lga3-2.xx&_nc_gid=AwwRQIyoiyk2yk77__5r-xj&oh=00_AYDwm5ml_h3VmNs1Ml5F1u06KOej9IzWfYzVt95JftZjJQ&oe=6703BE90","https://www.facebook.com/jafaremba","Doakan daeng,semoga lolos sampai panen bisa dibibit ulang lagi 🙏🏼🙏🏼🙏🏼","0"
,,,,,,,,,,,,,,,,"https://www.facebook.com/reel/1342896009862706/?comment_id=8928645373836462",,,,,,,,,,,,,,,,,,,,,,,,,,,,,,,,,,,,,,,,,,,,,,,,,,,,,,,,,,,,,,,,,,,,,,,,,,,,,,,,,,,,,,,,,,,,,,,,,,,,,,,,,,,,,,"2024-10-02T12:05:45.000Z","1910674066096692","https://www.facebook.com/100014623516733/posts/1910674066096692","ZmVlZGJhY2s6MTkxMDY3NDA2NjA5NjY5Ml84OTI4NjQ1MzczODM2NDYy","Y29tbWVudDoxOTEwNjc0MDY2MDk2NjkyXzg5Mjg2NDUzNzM4MzY0NjI=","https://www.facebook.com/100014623516733/posts/1910674066096692","0","110168501881093",,,"Kang akeng · India Asik","100014623516733","Muhammadjafar","https://scontent-lga3-2.xx.fbcdn.net/v/t39.30808-1/437777564_1796463224184444_6323579690372403329_n.jpg?stp=cp0_dst-jpg_s32x32&_nc_cat=104&ccb=1-7&_nc_sid=50d2ac&_nc_ohc=l8PPA8lZRxoQ7kNvgGC1cxc&_nc_ht=scontent-lga3-2.xx&_nc_gid=AwwRQIyoiyk2yk77__5r-xj&oh=00_AYDwm5ml_h3VmNs1Ml5F1u06KOej9IzWfYzVt95JftZjJQ&oe=6703BE90","https://www.facebook.com/jafaremba","Tepatnya kab.gowa kec.barombong pak bos 🙏🏼🙏🏼🙏🏼","0"
,,,,,,,,,,,,,,,,"https://www.facebook.com/reel/1342896009862706/?comment_id=404331525828164",,,,,,,,,,,,,,,,,,,,,,,,,,,,,,,,,,,,,,,,,,,,,,,,,,,,,,,,,,,,,,,,,,,,,,,,,,,,,,,,,,,,,,,,,,,,,,,,,,,,,,,,,,,,,,"2024-10-02T12:03:47.000Z","1910674066096692","https://www.facebook.com/100014623516733/posts/1910674066096692","ZmVlZGJhY2s6MTkxMDY3NDA2NjA5NjY5Ml80MDQzMzE1MjU4MjgxNjQ=","Y29tbWVudDoxOTEwNjc0MDY2MDk2NjkyXzQwNDMzMTUyNTgyODE2NA==","https://www.facebook.com/100014623516733/posts/1910674066096692","1","110168501881093",,,"Kang akeng · India Asik","100004825651478","NiZar Bintang Asia","https://scontent-lga3-1.xx.fbcdn.net/v/t39.30808-1/438276089_2611594555678041_6997404202785061953_n.jpg?stp=cp0_dst-jpg_p32x32&_nc_cat=111&ccb=1-7&_nc_sid=50d2ac&_nc_ohc=UDEZt4gwgMUQ7kNvgHMaFBN&_nc_ht=scontent-lga3-1.xx&_nc_gid=AwwRQIyoiyk2yk77__5r-xj&oh=00_AYBWdY0GUUqizn5eY06QfXXBdrZV6YJpqswv2e4DZARa7g&oe=6703C92E","https://www.facebook.com/nizar.setia.3","Area mn nh pak","0"
,,,,,,,,,,,,,,,,"https://www.facebook.com/reel/1342896009862706/?comment_id=889514579391643",,,,,,,,,,,,,,,,,,,,,,,,,,,,,,,,,,,,,,,,,,,,,,,,,,,,,,,,,,,,,,,,,,,,,,,,,,,,,,,,,,,,,,,,,,,,,,,,,,,,,,,,,,,,,,"2024-10-02T02:08:55.000Z","1910674066096692","https://www.facebook.com/100014623516733/posts/1910674066096692","ZmVlZGJhY2s6MTkxMDY3NDA2NjA5NjY5Ml84ODk1MTQ1NzkzOTE2NDM=","Y29tbWVudDoxOTEwNjc0MDY2MDk2NjkyXzg4OTUxNDU3OTM5MTY0Mw==","https://www.facebook.com/100014623516733/posts/1910674066096692","1","110168501881093",,,"Kang akeng · India Asik","100003652578250","Aslhank Daeng Sarang","https://scontent-lga3-1.xx.fbcdn.net/v/t39.30808-1/460535243_3484032818395103_8997309225505270153_n.jpg?stp=cp0_dst-jpg_s32x32&_nc_cat=102&ccb=1-7&_nc_sid=50d2ac&_nc_ohc=s0Fay6847gsQ7kNvgHyAjqF&_nc_ht=scontent-lga3-1.xx&_nc_gid=AwwRQIyoiyk2yk77__5r-xj&oh=00_AYBhf4XpvKuUC8KMbXdjnDaTOmPRrybxOj_CMLUq394RBg&oe=6703CAAF",,"Adakah bibitx bos","0"
,,,,,,,,,,,,,,,,"https://www.facebook.com/reel/1342896009862706/?comment_id=8291475887631305",,,,,,,,,,,,,,"https://www.facebook.com/reel/1342896009862706/?comment_id=8291475887631305&reply_comment_id=1005252511355395",,"2024-10-01T11:04:52.000Z","ZmVlZGJhY2s6MTkxMDY3NDA2NjA5NjY5Ml8xMDA1MjUyNTExMzU1Mzk1","Y29tbWVudDoxOTEwNjc0MDY2MDk2NjkyXzEwMDUyNTI1MTEzNTUzOTU=","0","User","pfbid04ZqtJK8sRtqAasZshjccDmbBFKTeXox7JF7gMJ318663XimCzSMVGU5CNWJhxp15l","Hermanto Yusuf","Hermanto","Y29tbWVudDoxOTEwNjc0MDY2MDk2NjkyXzgyOTE0NzU4ODc2MzEzMDU=","100014623516733","Muhammadjafar","https://scontent-lga3-2.xx.fbcdn.net/v/t39.30808-1/437777564_1796463224184444_6323579690372403329_n.jpg?stp=cp0_dst-jpg_s32x32&_nc_cat=104&ccb=1-7&_nc_sid=50d2ac&_nc_ohc=l8PPA8lZRxoQ7kNvgGC1cxc&_nc_ht=scontent-lga3-2.xx&_nc_gid=AwwRQIyoiyk2yk77__5r-xj&oh=00_AYDwm5ml_h3VmNs1Ml5F1u06KOej9IzWfYzVt95JftZjJQ&oe=6703BE90","https://www.facebook.com/jafaremba","Y29tbWVudDoxOTEwNjc0MDY2MDk2NjkyXzgyOTE0NzU4ODc2MzEzMDU=","Hermanto Yusuf baru 26 hari daeng🙏🏼🙏🏼","1",,,,,,,,,,,,,,,,,,,,,,,,,,,,,,,,,,,,,,,,,,,,,,,,,,,,,,,,,,,,,,,,,,,,,,,,,,,,,,"1","2024-10-01T10:52:17.000Z","1910674066096692","https://www.facebook.com/100014623516733/posts/1910674066096692","ZmVlZGJhY2s6MTkxMDY3NDA2NjA5NjY5Ml84MjkxNDc1ODg3NjMxMzA1","Y29tbWVudDoxOTEwNjc0MDY2MDk2NjkyXzgyOTE0NzU4ODc2MzEzMDU=","https://www.facebook.com/100014623516733/posts/1910674066096692","1","110168501881093",,,"Kang akeng · India Asik","pfbid04ZqtJK8sRtqAasZshjccDmbBFKTeXox7JF7gMJ318663XimCzSMVGU5CNWJhxp15l","Hermanto Yusuf","https://scontent-lga3-2.xx.fbcdn.net/v/t1.6435-1/120825479_332775954649976_2517755352980640367_n.jpg?stp=cp0_dst-jpg_s32x32&_nc_cat=109&ccb=1-7&_nc_sid=0ecb9b&_nc_ohc=cWSHJq9axTQQ7kNvgH6sb1E&_nc_ht=scontent-lga3-2.xx&_nc_gid=AwwRQIyoiyk2yk77__5r-xj&oh=00_AYABZXDaU1kv5sJZlGWTufPvi_fniWTLAA4qB53q2TYYmA&oe=6725529A","https://www.facebook.com/people/Hermanto-Yusuf/pfbid04ZqtJK8sRtqAasZshjccDmbBFKTeXox7JF7gMJ318663XimCzSMVGU5CNWJhxp15l/","Berapa hari setelah di tanam","0"
,,,,,,,,,,,,,,,,"https://www.facebook.com/reel/1342896009862706/?comment_id=1756696298199402",,,,,,,,,,,,,,,,,,,,,,,,,,,,,,,,,,,,,,,,,,,,,,,,,,,,,,,,,,,,,,,,,,,,,,,,,,,,,,,,,,,,,,,,,,,,,,,,,,,,,,,,,,,,,,"2024-10-01T13:17:57.000Z","1910674066096692","https://www.facebook.com/100014623516733/posts/1910674066096692","ZmVlZGJhY2s6MTkxMDY3NDA2NjA5NjY5Ml8xNzU2Njk2Mjk4MTk5NDAy","Y29tbWVudDoxOTEwNjc0MDY2MDk2NjkyXzE3NTY2OTYyOTgxOTk0MDI=","https://www.facebook.com/100014623516733/posts/1910674066096692","1","110168501881093",,,"Kang akeng · India Asik","pfbid02JQkmD73mNXGBf884HVbjmgkh7vFmTwt2k8PihWKYqNRgh72eVoQHnCHw3J7QSD5Zl","Ruslan Mannyingarri","https://scontent-lga3-2.xx.fbcdn.net/v/t39.30808-1/458329149_7714986208605229_7876883783178828320_n.jpg?stp=c0.0.720.720a_cp0_dst-jpg_s32x32&_nc_cat=105&ccb=1-7&_nc_sid=0ecb9b&_nc_ohc=6sQrMxlCE6UQ7kNvgHs0Tht&_nc_ht=scontent-lga3-2.xx&_nc_gid=AwwRQIyoiyk2yk77__5r-xj&oh=00_AYD1uUxe9rxMHymdlsgGJYubpcbd6Lh2NisOtEyUiqqILA&oe=6703AAE4",,"Galur Agt 303 👌👌👍","0"
,,,,,,,,,,,,,,,,"https://www.facebook.com/reel/1050801869925327/?comment_id=2093204634415328",,,,,,,,,,,,,,"https://www.facebook.com/reel/1050801869925327/?comment_id=2093204634415328&reply_comment_id=1709530196448283",,"2024-09-19T02:22:24.000Z","ZmVlZGJhY2s6MTg5MzAzMzgyMTE5NDA1MF8xNzA5NTMwMTk2NDQ4Mjgz","Y29tbWVudDoxODkzMDMzODIxMTk0MDUwXzE3MDk1MzAxOTY0NDgyODM=","0","User","pfbid02YWr8N48Pwtazq9jKV8aeujWyAzqRNFCMbEuc96vkRcpeue3VfqPgwPdyibTDzCmwl","Daeng Arul Jasjus Jr.","Daeng","Y29tbWVudDoxODkzMDMzODIxMTk0MDUwXzIwOTMyMDQ2MzQ0MTUzMjg=","100014623516733","Muhammadjafar","https://scontent-dfw5-2.xx.fbcdn.net/v/t39.30808-1/437777564_1796463224184444_6323579690372403329_n.jpg?stp=cp0_dst-jpg_s32x32&_nc_cat=104&ccb=1-7&_nc_sid=50d2ac&_nc_ohc=l8PPA8lZRxoQ7kNvgE3lk9z&_nc_ht=scontent-dfw5-2.xx&_nc_gid=AyLM-B50fj8AVf3Xs4MOcVn&oh=00_AYDqk28TFVedCoSJjYtT3kEvQ7wooPTeMU5JqKNv0Rk71Q&oe=6703BE90","https://www.facebook.com/jafaremba","Y29tbWVudDoxODkzMDMzODIxMTk0MDUwXzIwOTMyMDQ2MzQ0MTUzMjg=","Daeng Arul Jasjus Jr. Ikut maki,..Jai samplenya","1",,,,,,,,,,,,,,,,,,,,,,,,,,,,,,,,,,,,,,,,,,,,,,,,,,,,,,,,,,,,,,,,,,,,,,,,,,,,,,"1","2024-09-19T01:11:53.000Z","1893033821194050","https://www.facebook.com/100014623516733/posts/1893033821194050","ZmVlZGJhY2s6MTg5MzAzMzgyMTE5NDA1MF8yMDkzMjA0NjM0NDE1MzI4","Y29tbWVudDoxODkzMDMzODIxMTk0MDUwXzIwOTMyMDQ2MzQ0MTUzMjg=","https://www.facebook.com/100014623516733/posts/1893033821194050","0","110168501881093",,,"Muhammadjafar · Original audio","pfbid02YWr8N48Pwtazq9jKV8aeujWyAzqRNFCMbEuc96vkRcpeue3VfqPgwPdyibTDzCmwl","Daeng Arul Jasjus Jr.","https://scontent-dfw5-1.xx.fbcdn.net/v/t39.30808-1/450674402_122097575870411642_4983933138480219607_n.jpg?stp=cp0_dst-jpg_s32x32&_nc_cat=111&ccb=1-7&_nc_sid=0ecb9b&_nc_ohc=iyM4b0DVqSUQ7kNvgFPrfx5&_nc_ht=scontent-dfw5-1.xx&_nc_gid=AyLM-B50fj8AVf3Xs4MOcVn&oh=00_AYAwV9LrvVKRM_0UHjk8gYmYp_a0LsHO65DwYPU7vpqgaA&oe=6703ABD3","https://www.facebook.com/people/Daeng-Arul-Jasjus-Jr/pfbid02YWr8N48Pwtazq9jKV8aeujWyAzqRNFCMbEuc96vkRcpeue3VfqPgwPdyibTDzCmwl/","Ikut biar bisa dapat sample","0"
,,,,,,,,,,,,,,,,"https://www.facebook.com/jafaremba/videos/838255291414189/?comment_id=1752974335442285",,,,,,,,,,,,,,,,,,,,,,,,,,,,,,,,,,,,,,,,,,,,,,,,,,,,,,,,,,,,,,,,,,,,,,,,,,,,,,,,,,,,,,,,,,,,,,,,,,,,,,,,,,,,,,"2024-09-10T07:24:02.000Z","838255291414189","https://www.facebook.com/100014623516733/posts/838255291414189","ZmVlZGJhY2s6ODM4MjU1MjkxNDE0MTg5XzE3NTI5NzQzMzU0NDIyODU=","Y29tbWVudDo4MzgyNTUyOTE0MTQxODlfMTc1Mjk3NDMzNTQ0MjI4NQ==","https://www.facebook.com/100014623516733/posts/838255291414189","1",,,,"Muhammadjafar was live.","pfbid0jF2577Pi9DSga5SwTwDxxCp2HhAc4hGiru3vBRCf4y1DLTXGAmi6Kk2cBmhDQTYVl","Al Whijaya","https://scontent.fpit1-1.fna.fbcdn.net/v/t39.30808-1/438242975_2068719900166351_9146770724261036757_n.jpg?stp=cp0_dst-jpg_s32x32&_nc_cat=108&ccb=1-7&_nc_sid=0ecb9b&_nc_ohc=jXnXf-7V-SgQ7kNvgGZESrK&_nc_ht=scontent.fpit1-1.fna&_nc_gid=AcfMymMnU-6PFJo4WE-PWgU&oh=00_AYCrQbbzlwVsjKnWkTcuZWP_CYon_JsYdI2UMnwiGg_HwA&oe=6703D0EA","https://www.facebook.com/people/Al-Whijaya/pfbid0jF2577Pi9DSga5SwTwDxxCp2HhAc4hGiru3vBRCf4y1DLTXGAmi6Kk2cBmhDQTYVl/","Mantap 👍","0"
,,,,,,,,,,,,,,,,"https://www.facebook.com/jafaremba/videos/838255291414189/?comment_id=2887759948047073",,,,,,,,,,,,,,,,,,,,,,,,,,,,,,,,,,,,,,,,,,,,,,,,,,,,,,,,,,,,,,,,,,,,,,,,,,,,,,,,,,,,,,,,,,,,,,,,,,,,,,,,,,,,,,"2024-09-10T07:59:56.000Z","838255291414189","https://www.facebook.com/100014623516733/posts/838255291414189","ZmVlZGJhY2s6ODM4MjU1MjkxNDE0MTg5XzI4ODc3NTk5NDgwNDcwNzM=","Y29tbWVudDo4MzgyNTUyOTE0MTQxODlfMjg4Nzc1OTk0ODA0NzA3Mw==","https://www.facebook.com/100014623516733/posts/838255291414189","1",,,,"Muhammadjafar was live.","pfbid0coxVSoDaq1Er1fm396ciFDmePTKuMwiLba8koFDsywvJmrcpe5TA5md892556yH9l","Bu Made","https://scontent.fpit1-1.fna.fbcdn.net/v/t39.30808-1/448562257_122122132802288222_4770463522559411643_n.jpg?stp=cp0_dst-jpg_s32x32&_nc_cat=105&ccb=1-7&_nc_sid=0ecb9b&_nc_ohc=fEFUsWenfTsQ7kNvgGjbd7b&_nc_ht=scontent.fpit1-1.fna&_nc_gid=AcfMymMnU-6PFJo4WE-PWgU&oh=00_AYCsHP-38hlm8C45P4hszXuJxi6JifHmRpO1_GQsOV2JPQ&oe=6703A705","https://www.facebook.com/people/Bu-Made/pfbid0coxVSoDaq1Er1fm396ciFDmePTKuMwiLba8koFDsywvJmrcpe5TA5md892556yH9l/","bjianya dong","0"
,,,,,,,,,,,,,,,,"https://www.facebook.com/jafaremba/videos/838255291414189/?comment_id=8083698415016663",,,,,,,,,,,,,,,,,,,,,,,,,,,,,,,,,,,,,,,,,,,,,,,,,,,,,,,,,,,,,,,,,,,,,,,,,,,,,,,,,,,,,,,,,,,,,,,,,,,,,,,,,,,,,"1","2024-09-10T12:37:38.000Z","838255291414189","https://www.facebook.com/100014623516733/posts/838255291414189","ZmVlZGJhY2s6ODM4MjU1MjkxNDE0MTg5XzgwODM2OTg0MTUwMTY2NjM=","Y29tbWVudDo4MzgyNTUyOTE0MTQxODlfODA4MzY5ODQxNTAxNjY2Mw==","https://www.facebook.com/100014623516733/posts/838255291414189","1",,,,"Muhammadjafar was live.","pfbid021GqJsPZnSS6iHBfRZUZnnUmNAkfaXTB9aLGuS1JRbPRHyt4iCzeuAGBdA2nxg3cBl","Kamisa Jintu","https://scontent.fpit1-1.fna.fbcdn.net/v/t39.30808-1/272740469_121431867069396_6295673766038795319_n.jpg?stp=cp0_dst-jpg_s32x32&_nc_cat=111&ccb=1-7&_nc_sid=0ecb9b&_nc_ohc=WStHOn67Rc0Q7kNvgEhfNe5&_nc_ht=scontent.fpit1-1.fna&_nc_gid=AcfMymMnU-6PFJo4WE-PWgU&oh=00_AYCOtQ-XVi4_evmuYYhDXZeOOTj0tV-cNy9MppsTC9JY-Q&oe=6703D83B","https://www.facebook.com/people/Kamisa-Jintu/pfbid021GqJsPZnSS6iHBfRZUZnnUmNAkfaXTB9aLGuS1JRbPRHyt4iCzeuAGBdA2nxg3cBl/","Adakah cika","0"
,,,,,,,,,,,,,,,,"https://www.facebook.com/jafaremba/videos/838255291414189/?comment_id=1544751326437935",,,,,,,,,,,,,,,,,,,,,,,,,,,,,,,,,,,,,,,,,,,,,,,,,,,,,,,,,,,,,,,,,,,,,,,,,,,,,,,,,,,,,,,,,,,,,,,,,,,,,,,,,,,,,,"2024-09-10T07:58:56.000Z","838255291414189","https://www.facebook.com/100014623516733/posts/838255291414189","ZmVlZGJhY2s6ODM4MjU1MjkxNDE0MTg5XzE1NDQ3NTEzMjY0Mzc5MzU=","Y29tbWVudDo4MzgyNTUyOTE0MTQxODlfMTU0NDc1MTMyNjQzNzkzNQ==","https://www.facebook.com/100014623516733/posts/838255291414189","1",,,,"Muhammadjafar was live.","pfbid03uWawBDya3RNswYHksuRvHNMqrxZJMkuGQ2ysBXTJiQtxK4q6KNftZQ85LBK89mSl","Naba Jhy","https://scontent.fpit1-1.fna.fbcdn.net/v/t39.30808-1/327581110_723719812599785_1730958213042795654_n.jpg?stp=cp0_dst-jpg_s32x32&_nc_cat=106&ccb=1-7&_nc_sid=0ecb9b&_nc_ohc=DCTVsxkEQOcQ7kNvgE6vHOk&_nc_ht=scontent.fpit1-1.fna&_nc_gid=AcfMymMnU-6PFJo4WE-PWgU&oh=00_AYBMMELAb4RqaTrQ_moiHbAY9wCQOi8j3xSJyxPo7Ncb1Q&oe=6703D5F3","https://www.facebook.com/naba.jhy","Sudah panen cika","0"
,,,,,,,,,,,,,,,,"https://www.facebook.com/jafaremba/videos/838255291414189/?comment_id=1423293758365560",,,,,,,,,,,,,,,,,,,,,,,,,,,,,,,,,,,,,,,,,,,,,,,,,,,,,,,,,,,,,,,,,,,,,,,,,,,,,,,,,,,,,,,,,,,,,,,,,,,,,,,,,,,,,,"2024-09-12T03:09:03.000Z","838255291414189","https://www.facebook.com/100014623516733/posts/838255291414189","ZmVlZGJhY2s6ODM4MjU1MjkxNDE0MTg5XzE0MjMyOTM3NTgzNjU1NjA=","Y29tbWVudDo4MzgyNTUyOTE0MTQxODlfMTQyMzI5Mzc1ODM2NTU2MA==","https://www.facebook.com/100014623516733/posts/838255291414189","0",,,,"Muhammadjafar was live.","pfbid02Sz6eW47RAfYg9DG7V9RtmjtqSs1FRmgUmXH86QdD9H443GjpAXQJ2SvHnRR1JKx8l","Jhon Alex","https://scontent.fpit1-1.fna.fbcdn.net/v/t39.30808-1/379571787_288084743967618_6187425663260973027_n.jpg?stp=c0.0.600.600a_cp0_dst-jpg_s32x32&_nc_cat=109&ccb=1-7&_nc_sid=0ecb9b&_nc_ohc=4S1hrI5sbeUQ7kNvgE2uFzd&_nc_ht=scontent.fpit1-1.fna&_nc_gid=AcfMymMnU-6PFJo4WE-PWgU&oh=00_AYA-YoSuUBWhot6RgAZDslGn9v5ZpZil_hsdWaRgwnjyWQ&oe=6703C9E7","https://www.facebook.com/people/Jhon-Alex/pfbid02Sz6eW47RAfYg9DG7V9RtmjtqSs1FRmgUmXH86QdD9H443GjpAXQJ2SvHnRR1JKx8l/","Mantap mazze 💪👍","0"
"Sticker",,"https://scontent.fpit1-1.fna.fbcdn.net/v/t39.1997-6/47055694_1834508303314720_643166924464717824_n.webp?stp=dst-webp_s110x80&_nc_cat=1&ccb=1-7&_nc_sid=ba09c1&_nc_ohc=d4nxirHGy9EQ7kNvgGes4A_&_nc_ht=scontent.fpit1-1.fna&_nc_gid=AcfMymMnU-6PFJo4WE-PWgU&oh=00_AYDq_JcjZae-poKSiiyLDT9Fpg-yBRqipd8uN4Ozj7KPsA&oe=6703B049","12","83","3","4","1193278434104380","80","https://scontent.fpit1-1.fna.fbcdn.net/v/t39.1997-6/47614232_1846683475430536_3135922765756891136_n.png?stp=cp0_dst-png_s110x80&_nc_cat=1&ccb=1-7&_nc_sid=23dd7b&_nc_ohc=da9c21IT8_kQ7kNvgHwO8-a&_nc_ht=scontent.fpit1-1.fna&_nc_gid=AcfMymMnU-6PFJo4WE-PWgU&oh=00_AYDewdQuhR5ikKVMWJOxesCifpxN8HctyXOkGctxksxpow&oe=6703BBA3","80","Thumbs Up, girl giving thumbs up","1193273174104906","Noo-Hin",,"https://scontent.fpit1-1.fna.fbcdn.net/v/t39.1997-6/47472862_1846683478763869_5271603212267290624_n.png?stp=dst-png_p240x240&_nc_cat=1&ccb=1-7&_nc_sid=ba09c1&_nc_ohc=YQvIqnbO_nQQ7kNvgFN3kuG&_nc_ht=scontent.fpit1-1.fna&_nc_gid=AcfMymMnU-6PFJo4WE-PWgU&oh=00_AYDbYkgZZbWGFHqY3Vs3vUtA3qcVn07Bku0qfkr5uTv0Qg&oe=6703D53E","https://www.facebook.com/jafaremba/videos/838255291414189/?comment_id=934016335204338",,,,,,,,,,,,,,,,,,,,,,,,,,,,,,,,,,,,,,,,,,,,,,,,,,,,,,,,,,,,,,,,,,,,,,,,,,,,,,,,,,,,,,,,,,,,,,,,,,,,,,,,,,,,,,"2024-09-10T11:08:02.000Z","838255291414189","https://www.facebook.com/100014623516733/posts/838255291414189","ZmVlZGJhY2s6ODM4MjU1MjkxNDE0MTg5XzkzNDAxNjMzNTIwNDMzOA==","Y29tbWVudDo4MzgyNTUyOTE0MTQxODlfOTM0MDE2MzM1MjA0MzM4","https://www.facebook.com/100014623516733/posts/838255291414189","0",,,,"Muhammadjafar was live.","pfbid02zc4cWDjdSEeMZacqLo6bDnBe499MQq1AxRY4fRdfhhLAi8xnohXU6n6nSwXjsoLfl","I Sennang","https://scontent.fpit1-1.fna.fbcdn.net/v/t1.30497-1/453178253_471506465671661_2781666950760530985_n.png?stp=cp0_dst-png_s32x32&_nc_cat=1&ccb=1-7&_nc_sid=136b72&_nc_ohc=jZ-PuitTc3oQ7kNvgH8ru3o&_nc_ht=scontent.fpit1-1.fna&_nc_gid=AcfMymMnU-6PFJo4WE-PWgU&oh=00_AYAYCQOAn2E91Qo85Qo7JXL1jJZEMlITvoT8q9vZKtY8yA&oe=6725783A","https://www.facebook.com/people/I-Sennang/pfbid02zc4cWDjdSEeMZacqLo6bDnBe499MQq1AxRY4fRdfhhLAi8xnohXU6n6nSwXjsoLfl/",,"0"
,,,,,,,,,,,,,,,,"https://www.facebook.com/jafaremba/videos/838255291414189/?comment_id=540694585077496",,,,,,,,,,,,,,,,,,,,,,,,,,,,,,,,,,,,,,,,,,,,,,,,,,,,,,,,,,,,,,,,,,,,,,,,,,,,,,,,,,,,,,,,,,,,,,,,,,,,,,,,,,,,,"1","2024-09-10T13:13:04.000Z","838255291414189","https://www.facebook.com/100014623516733/posts/838255291414189","ZmVlZGJhY2s6ODM4MjU1MjkxNDE0MTg5XzU0MDY5NDU4NTA3NzQ5Ng==","Y29tbWVudDo4MzgyNTUyOTE0MTQxODlfNTQwNjk0NTg1MDc3NDk2","https://www.facebook.com/100014623516733/posts/838255291414189","1",,,,"Muhammadjafar was live.","pfbid022AVNwFZBZMhdcgKbtfYbH1J6h8R3fmLGPKYVo9kX41aFDP6DxeGkkUNqrJQQeLXTl","Hamsina Hanafi","https://scontent.fpit1-1.fna.fbcdn.net/v/t39.30808-1/345650734_963169948161629_4348814960314787299_n.jpg?stp=c0.0.720.720a_cp0_dst-jpg_s32x32&_nc_cat=110&ccb=1-7&_nc_sid=0ecb9b&_nc_ohc=KRFkRByp6gUQ7kNvgFpd1pO&_nc_ht=scontent.fpit1-1.fna&_nc_gid=AcfMymMnU-6PFJo4WE-PWgU&oh=00_AYD9Baf0n46ypnS11BGGrpe0HKTjCK2v8pQoNdx_E-QfYw&oe=6703D0A9","https://www.facebook.com/people/Hamsina-Hanafi/pfbid022AVNwFZBZMhdcgKbtfYbH1J6h8R3fmLGPKYVo9kX41aFDP6DxeGkkUNqrJQQeLXTl/","Sibatu rong","0"
,,,,,,,,,,,,,,,,"https://www.facebook.com/jafaremba/videos/838255291414189/?comment_id=3223721894424355",,,,,,,,,,,,,,,,,,,,,,,,,,,,,,,,,,,,,,,,,,,,,,,,,,,,,,,,,,,,,,,,,,,,,,,,,,,,,,,,,,,,,,,,,,,,,,,,,,,,,,,,,,,,,,"2024-09-10T07:47:52.000Z","838255291414189","https://www.facebook.com/100014623516733/posts/838255291414189","ZmVlZGJhY2s6ODM4MjU1MjkxNDE0MTg5XzMyMjM3MjE4OTQ0MjQzNTU=","Y29tbWVudDo4MzgyNTUyOTE0MTQxODlfMzIyMzcyMTg5NDQyNDM1NQ==","https://www.facebook.com/100014623516733/posts/838255291414189","1",,,,"Muhammadjafar was live.","pfbid04ZqtJK8sRtqAasZshjccDmbBFKTeXox7JF7gMJ318663XimCzSMVGU5CNWJhxp15l","Hermanto Yusuf","https://scontent.fpit1-1.fna.fbcdn.net/v/t1.6435-1/120825479_332775954649976_2517755352980640367_n.jpg?stp=cp0_dst-jpg_s32x32&_nc_cat=109&ccb=1-7&_nc_sid=0ecb9b&_nc_ohc=cWSHJq9axTQQ7kNvgGxb6xa&_nc_ht=scontent.fpit1-1.fna&_nc_gid=AcfMymMnU-6PFJo4WE-PWgU&oh=00_AYDyv8LQ_9Vq6vvedYGKj7_ZOaXZzJW3de7rj2TTawwurQ&oe=6725529A","https://www.facebook.com/people/Hermanto-Yusuf/pfbid04ZqtJK8sRtqAasZshjccDmbBFKTeXox7JF7gMJ318663XimCzSMVGU5CNWJhxp15l/","Tidak ada semangka mu  F1 di jual bibitnya","0"
,,,,,,,,,,,,,,,,"https://www.facebook.com/jafaremba/videos/838255291414189/?comment_id=1039499097642408",,,,,,,,,,,,,,,,,,,,,,,,,,,,,,,,,,,,,,,,,,,,,,,,,,,,,,,,,,,,,,,,,,,,,,,,,,,,,,,,,,,,,,,,,,,,,,,,,,,,,,,,,,,,,,"2024-09-10T09:55:24.000Z","838255291414189","https://www.facebook.com/100014623516733/posts/838255291414189","ZmVlZGJhY2s6ODM4MjU1MjkxNDE0MTg5XzEwMzk0OTkwOTc2NDI0MDg=","Y29tbWVudDo4MzgyNTUyOTE0MTQxODlfMTAzOTQ5OTA5NzY0MjQwOA==","https://www.facebook.com/100014623516733/posts/838255291414189","0",,,,"Muhammadjafar was live.","pfbid02Eg5jj1euVD4PKzCxwU27zwsM2jN2nKKraqyi1Pjc1zHhyXtcE59RFgs8we3D57sWl","Tayang Rani","https://scontent.fpit1-1.fna.fbcdn.net/v/t39.30808-1/456087828_122142695780260309_6270437796805896571_n.jpg?stp=c0.19.581.581a_cp0_dst-jpg_s32x32&_nc_cat=109&ccb=1-7&_nc_sid=0ecb9b&_nc_ohc=oNHYSmGObgMQ7kNvgEutvwc&_nc_ht=scontent.fpit1-1.fna&_nc_gid=AcfMymMnU-6PFJo4WE-PWgU&oh=00_AYBV7vdivA097n2bcz7_GSB-YIkyUJHQkSu34WVM2-yW2w&oe=6703B202","https://www.facebook.com/people/Tayang-Rani/pfbid02Eg5jj1euVD4PKzCxwU27zwsM2jN2nKKraqyi1Pjc1zHhyXtcE59RFgs8we3D57sWl/","Adaka melon","0"
,,,,,,,,,,,,,,,,"https://www.facebook.com/reel/819473880350063/?comment_id=531944626031811",,,,,,,,,,,,,,,,,,,,,,,,,,,,,,,,,,,,,,,,,,,,,,,,,,,,,,,,,,,,,,,,,,,,,,,,,,,,,,,,,,,,,,,,,,,,,,,,,,,,,,,,,,,,,,"2024-09-11T13:37:06.000Z","1893639564466809","https://www.facebook.com/100014623516733/posts/1893639564466809","ZmVlZGJhY2s6MTg5MzYzOTU2NDQ2NjgwOV81MzE5NDQ2MjYwMzE4MTE=","Y29tbWVudDoxODkzNjM5NTY0NDY2ODA5XzUzMTk0NDYyNjAzMTgxMQ==","https://www.facebook.com/100014623516733/posts/1893639564466809","0","110168501881093",,,,"pfbid03uWawBDya3RNswYHksuRvHNMqrxZJMkuGQ2ysBXTJiQtxK4q6KNftZQ85LBK89mSl","Naba Jhy","https://scontent-hou1-1.xx.fbcdn.net/v/t39.30808-1/327581110_723719812599785_1730958213042795654_n.jpg?stp=cp0_dst-jpg_s32x32&_nc_cat=106&ccb=1-7&_nc_sid=0ecb9b&_nc_ohc=DCTVsxkEQOcQ7kNvgEeLtQ3&_nc_ht=scontent-hou1-1.xx&_nc_gid=AHuZkJecS-SjXsaDgOnAs_t&oh=00_AYAxOoNMNCwN-CNCSJ9IO-efoJH-RHU40V3rijtoRHI2zg&oe=6703D5F3","https://www.facebook.com/naba.jhy","Adakah cika","0"
,,,,,,,,,,,,,,,,"https://www.facebook.com/reel/1220867572431567/?comment_id=26302534516060584",,,,,,,,,,,,,,"https://www.facebook.com/reel/1220867572431567/?comment_id=26302534516060584&reply_comment_id=475626881839499",,"2024-08-03T10:34:28.000Z","ZmVlZGJhY2s6MTg2NTg2MjgzNzI0NDQ4Ml80NzU2MjY4ODE4Mzk0OTk=","Y29tbWVudDoxODY1ODYyODM3MjQ0NDgyXzQ3NTYyNjg4MTgzOTQ5OQ==","0","User","pfbid026wzYeELWYcUTRUnhDZRNMYbU1A94B9SC1EN7jgc2naFthj78U9mVRcQN4RYmat5Wl","Abu Hudzaifa","Abu","Y29tbWVudDoxODY1ODYyODM3MjQ0NDgyXzI2MzAyNTM0NTE2MDYwNTg0","100014623516733","Muhammadjafar","https://scontent.flhr9-1.fna.fbcdn.net/v/t39.30808-1/437777564_1796463224184444_6323579690372403329_n.jpg?stp=cp0_dst-jpg_s32x32&_nc_cat=104&ccb=1-7&_nc_sid=50d2ac&_nc_ohc=l8PPA8lZRxoQ7kNvgEm4H6K&_nc_ht=scontent.flhr9-1.fna&_nc_gid=AzR-Y8iE7gYnWDnVEba3wyU&oh=00_AYAXf_ZS3F0-00soq0Q9cyS6jZzchR6yGCo2gH1TZY19ZA&oe=6703BE90","https://www.facebook.com/jafaremba","Y29tbWVudDoxODY1ODYyODM3MjQ0NDgyXzI2MzAyNTM0NTE2MDYwNTg0","Abu Hudzaifa tdk kutahuki harga cabe keriting","1",,,,,,,,,,,,,,,,,,,,,,,,,,,,,,,,,,,,,,,,,,,,,,,,,,,,,,,,,,,,,,,,,,,,,,,,,,,,,,"1","2024-08-03T07:57:32.000Z","1865862837244482","https://www.facebook.com/100014623516733/posts/1865862837244482","ZmVlZGJhY2s6MTg2NTg2MjgzNzI0NDQ4Ml8yNjMwMjUzNDUxNjA2MDU4NA==","Y29tbWVudDoxODY1ODYyODM3MjQ0NDgyXzI2MzAyNTM0NTE2MDYwNTg0","https://www.facebook.com/100014623516733/posts/1865862837244482","1","110168501881093",,,"Abi Rafdi · Mula Macenning Cappa' Makessing","pfbid026wzYeELWYcUTRUnhDZRNMYbU1A94B9SC1EN7jgc2naFthj78U9mVRcQN4RYmat5Wl","Abu Hudzaifa","https://scontent.flhr9-1.fna.fbcdn.net/v/t39.30808-1/453415864_1558419045095216_5510951049722081695_n.jpg?stp=c0.0.708.708a_cp0_dst-jpg_s32x32&_nc_cat=101&ccb=1-7&_nc_sid=0ecb9b&_nc_ohc=a1DQxZyvflIQ7kNvgEWbDPX&_nc_ht=scontent.flhr9-1.fna&_nc_gid=AzR-Y8iE7gYnWDnVEba3wyU&oh=00_AYCW8pc_xdnX6oGpoYR3y8yRIQ9CyEvon_Lawza9l7B_jg&oe=6703C6D7","https://www.facebook.com/jufriadi.jufriadi.50767","Berapa kt ksih masuk cabe keriting??","0"
,,,,,,,,,,,,,,,,"https://www.facebook.com/reel/1220867572431567/?comment_id=8070587826382663",,,,,,,,,,,,,,"https://www.facebook.com/reel/1220867572431567/?comment_id=8070587826382663&reply_comment_id=1142156300407155","2","2024-08-03T10:35:01.000Z","ZmVlZGJhY2s6MTg2NTg2MjgzNzI0NDQ4Ml8xMTQyMTU2MzAwNDA3MTU1","Y29tbWVudDoxODY1ODYyODM3MjQ0NDgyXzExNDIxNTYzMDA0MDcxNTU=","0","User","pfbid0jF2577Pi9DSga5SwTwDxxCp2HhAc4hGiru3vBRCf4y1DLTXGAmi6Kk2cBmhDQTYVl","Al Whijaya","Al","Y29tbWVudDoxODY1ODYyODM3MjQ0NDgyXzgwNzA1ODc4MjYzODI2NjM=","100014623516733","Muhammadjafar","https://scontent.flhr9-1.fna.fbcdn.net/v/t39.30808-1/437777564_1796463224184444_6323579690372403329_n.jpg?stp=cp0_dst-jpg_s32x32&_nc_cat=104&ccb=1-7&_nc_sid=50d2ac&_nc_ohc=l8PPA8lZRxoQ7kNvgEm4H6K&_nc_ht=scontent.flhr9-1.fna&_nc_gid=AzR-Y8iE7gYnWDnVEba3wyU&oh=00_AYAXf_ZS3F0-00soq0Q9cyS6jZzchR6yGCo2gH1TZY19ZA&oe=6703BE90","https://www.facebook.com/jafaremba","Y29tbWVudDoxODY1ODYyODM3MjQ0NDgyXzgwNzA1ODc4MjYzODI2NjM=","Al Whijaya iye..pasar Sungguminasa bosq🙏🏼","1",,,,,,,,,,,,,,,"https://www.facebook.com/reel/1220867572431567/?comment_id=8070587826382663&reply_comment_id=8042787672449227","2024-08-03T11:33:31.000Z","ZmVlZGJhY2s6MTg2NTg2MjgzNzI0NDQ4Ml84MDQyNzg3NjcyNDQ5MjI3","Y29tbWVudDoxODY1ODYyODM3MjQ0NDgyXzgwNDI3ODc2NzI0NDkyMjc=","0","User","pfbid0jF2577Pi9DSga5SwTwDxxCp2HhAc4hGiru3vBRCf4y1DLTXGAmi6Kk2cBmhDQTYVl","Al Whijaya","Al","Y29tbWVudDoxODY1ODYyODM3MjQ0NDgyXzgwNzA1ODc4MjYzODI2NjM=","pfbid0jF2577Pi9DSga5SwTwDxxCp2HhAc4hGiru3vBRCf4y1DLTXGAmi6Kk2cBmhDQTYVl","Al Whijaya","https://scontent.flhr9-1.fna.fbcdn.net/v/t39.30808-1/438242975_2068719900166351_9146770724261036757_n.jpg?stp=cp0_dst-jpg_s32x32&_nc_cat=108&ccb=1-7&_nc_sid=0ecb9b&_nc_ohc=jXnXf-7V-SgQ7kNvgEJEHRO&_nc_ht=scontent.flhr9-1.fna&_nc_gid=AzR-Y8iE7gYnWDnVEba3wyU&oh=00_AYDUFy3CC_HzNdSk23T5yNmqao1OOqFq6W4wCOQHojfXkQ&oe=6703D0EA","https://www.facebook.com/people/Al-Whijaya/pfbid0jF2577Pi9DSga5SwTwDxxCp2HhAc4hGiru3vBRCf4y1DLTXGAmi6Kk2cBmhDQTYVl/","Y29tbWVudDoxODY1ODYyODM3MjQ0NDgyXzgwNzA1ODc4MjYzODI2NjM=","Muhammadjafar berapami harga cabe","2","https://www.facebook.com/reel/1220867572431567/?comment_id=8070587826382663&reply_comment_id=348079964905685","2024-08-03T11:58:08.000Z","ZmVlZGJhY2s6MTg2NTg2MjgzNzI0NDQ4Ml8zNDgwNzk5NjQ5MDU2ODU=","Y29tbWVudDoxODY1ODYyODM3MjQ0NDgyXzM0ODA3OTk2NDkwNTY4NQ==","0","User","pfbid0jF2577Pi9DSga5SwTwDxxCp2HhAc4hGiru3vBRCf4y1DLTXGAmi6Kk2cBmhDQTYVl","Al Whijaya","Al","Y29tbWVudDoxODY1ODYyODM3MjQ0NDgyXzgwNzA1ODc4MjYzODI2NjM=","100014623516733","Muhammadjafar","https://scontent.flhr9-1.fna.fbcdn.net/v/t39.30808-1/437777564_1796463224184444_6323579690372403329_n.jpg?stp=cp0_dst-jpg_s32x32&_nc_cat=104&ccb=1-7&_nc_sid=50d2ac&_nc_ohc=l8PPA8lZRxoQ7kNvgEm4H6K&_nc_ht=scontent.flhr9-1.fna&_nc_gid=AzR-Y8iE7gYnWDnVEba3wyU&oh=00_AYAXf_ZS3F0-00soq0Q9cyS6jZzchR6yGCo2gH1TZY19ZA&oe=6703BE90","https://www.facebook.com/jafaremba","Y29tbWVudDoxODY1ODYyODM3MjQ0NDgyXzgwNzA1ODc4MjYzODI2NjM=","Al Whijaya 17.000/kg bosq🙏🏼🙏🏼","2",,,,,,,,,,,,,,,,,,,,,,,,,,,,,,"3","2024-08-03T08:08:10.000Z","1865862837244482","https://www.facebook.com/100014623516733/posts/1865862837244482","ZmVlZGJhY2s6MTg2NTg2MjgzNzI0NDQ4Ml84MDcwNTg3ODI2MzgyNjYz","Y29tbWVudDoxODY1ODYyODM3MjQ0NDgyXzgwNzA1ODc4MjYzODI2NjM=","https://www.facebook.com/100014623516733/posts/1865862837244482","1","110168501881093",,,"Abi Rafdi · Mula Macenning Cappa' Makessing","pfbid0jF2577Pi9DSga5SwTwDxxCp2HhAc4hGiru3vBRCf4y1DLTXGAmi6Kk2cBmhDQTYVl","Al Whijaya","https://scontent.flhr9-1.fna.fbcdn.net/v/t39.30808-1/438242975_2068719900166351_9146770724261036757_n.jpg?stp=cp0_dst-jpg_s32x32&_nc_cat=108&ccb=1-7&_nc_sid=0ecb9b&_nc_ohc=jXnXf-7V-SgQ7kNvgEJEHRO&_nc_ht=scontent.flhr9-1.fna&_nc_gid=AzR-Y8iE7gYnWDnVEba3wyU&oh=00_AYDUFy3CC_HzNdSk23T5yNmqao1OOqFq6W4wCOQHojfXkQ&oe=6703D0EA","https://www.facebook.com/people/Al-Whijaya/pfbid0jF2577Pi9DSga5SwTwDxxCp2HhAc4hGiru3vBRCf4y1DLTXGAmi6Kk2cBmhDQTYVl/","Sungguminasa ini🤭","0"
,,,,,,,,,,,,,,,,"https://www.facebook.com/reel/503705435384581/?comment_id=500416432367817",,,,,,,,,,,,,,,,,,,,,,,,,,,,,,,,,,,,,,,,,,,,,,,,,,,,,,,,,,,,,,,,,,,,,,,,,,,,,,,,,,,,,,,,,,,,,,,,,,,,,,,,,,,,,"2","2024-08-02T15:01:59.000Z","1864970647333701","https://www.facebook.com/100014623516733/posts/1864970647333701","ZmVlZGJhY2s6MTg2NDk3MDY0NzMzMzcwMV81MDA0MTY0MzIzNjc4MTc=","Y29tbWVudDoxODY0OTcwNjQ3MzMzNzAxXzUwMDQxNjQzMjM2NzgxNw==","https://www.facebook.com/100014623516733/posts/1864970647333701","1","110168501881093",,,"Dianty Oslan · Sulona Atikku","pfbid02HGFF5gR1zcfVo7LZkUNYd9MYo5cF9yts4gSbLumkV8qv8ogUdA2Jyp1UyDyDDaSLl","Udink Nautikers","https://scontent-man2-1.xx.fbcdn.net/v/t1.6435-1/51308636_1311605375644274_912133186882895872_n.jpg?stp=cp0_dst-jpg_s32x32&_nc_cat=111&ccb=1-7&_nc_sid=e4545e&_nc_ohc=AjoJzX_ir3kQ7kNvgEaYJWh&_nc_ht=scontent-man2-1.xx&_nc_gid=AWyShziUhhvzQlPER_sF-cJ&oh=00_AYCsjy1sEhH-81HHj3z4Qznie6XJ-ooFOSJay86EYz_qrQ&oe=67254AA6","https://www.facebook.com/udink.nautikers","Parekan lamuganta bosq 1 karung klo di panenmi","0"
"Sticker",,,"1","83","1","1","1000519493737088","80","https://scontent-man2-1.xx.fbcdn.net/v/t39.1997-6/105258811_1000519497070421_1877687988442182543_n.png?stp=cp0_dst-png_s110x80&_nc_cat=1&ccb=1-7&_nc_sid=23dd7b&_nc_ohc=P8UoovEVZ_wQ7kNvgFFSmnE&_nc_ht=scontent-man2-1.xx&_nc_gid=AWyShziUhhvzQlPER_sF-cJ&oh=00_AYC9oNI7hOgXQUiyvRbsAixBYt3lbn6bxkSLvjjVWyn8Aw&oe=6703D62B","80","a outstretched arm with a thumbs up. on the arm is written 'great' in indonesian","1000303507092020","Stories Stickers in Feed",,,"https://www.facebook.com/reel/503705435384581/?comment_id=1225164662177398",,,,,,,,,,,,,,,,,,,,,,,,,,,,,,,,,,,,,,,,,,,,,,,,,,,,,,,,,,,,,,,,,,,,,,,,,,,,,,,,,,,,,,,,,,,,,,,,,,,,,,,,,,,,,"2","2024-08-03T13:59:36.000Z","1864970647333701","https://www.facebook.com/100014623516733/posts/1864970647333701","ZmVlZGJhY2s6MTg2NDk3MDY0NzMzMzcwMV8xMjI1MTY0NjYyMTc3Mzk4","Y29tbWVudDoxODY0OTcwNjQ3MzMzNzAxXzEyMjUxNjQ2NjIxNzczOTg=","https://www.facebook.com/100014623516733/posts/1864970647333701","1","110168501881093",,,"Dianty Oslan · Sulona Atikku","pfbid02JQkmD73mNXGBf884HVbjmgkh7vFmTwt2k8PihWKYqNRgh72eVoQHnCHw3J7QSD5Zl","Ruslan Mannyingarri","https://scontent-man2-1.xx.fbcdn.net/v/t39.30808-1/458329149_7714986208605229_7876883783178828320_n.jpg?stp=c0.0.720.720a_cp0_dst-jpg_s32x32&_nc_cat=105&ccb=1-7&_nc_sid=0ecb9b&_nc_ohc=6sQrMxlCE6UQ7kNvgFuv8uC&_nc_ht=scontent-man2-1.xx&_nc_gid=AWyShziUhhvzQlPER_sF-cJ&oh=00_AYBf-GILQaDhJItlRT2WuFCktYVlkPaRZRVn5nv0Xsk14A&oe=6703AAE4",,"Mengakua klau IP42 di mt 2👌👌👌...","0"
,,,,,,,,,,,,,,,,"https://www.facebook.com/reel/503705435384581/?comment_id=8045140962237633",,,,,,,,,,,,,,,,,,,,,,,,,,,,,,,,,,,,,,,,,,,,,,,,,,,,,,,,,,,,,,,,,,,,,,,,,,,,,,,,,,,,,,,,,,,,,,,,,,,,,,,,,,,,,"5","2024-08-02T02:14:48.000Z","1864970647333701","https://www.facebook.com/100014623516733/posts/1864970647333701","ZmVlZGJhY2s6MTg2NDk3MDY0NzMzMzcwMV84MDQ1MTQwOTYyMjM3NjMz","Y29tbWVudDoxODY0OTcwNjQ3MzMzNzAxXzgwNDUxNDA5NjIyMzc2MzM=","https://www.facebook.com/100014623516733/posts/1864970647333701","1","110168501881093",,,"Dianty Oslan · Sulona Atikku","pfbid0jF2577Pi9DSga5SwTwDxxCp2HhAc4hGiru3vBRCf4y1DLTXGAmi6Kk2cBmhDQTYVl","Al Whijaya","https://scontent-man2-1.xx.fbcdn.net/v/t39.30808-1/438242975_2068719900166351_9146770724261036757_n.jpg?stp=cp0_dst-jpg_s32x32&_nc_cat=108&ccb=1-7&_nc_sid=0ecb9b&_nc_ohc=jXnXf-7V-SgQ7kNvgEFCVkZ&_nc_ht=scontent-man2-1.xx&_nc_gid=AWyShziUhhvzQlPER_sF-cJ&oh=00_AYA3Wsi81DDKJqy0NjdtRZgXm7akeM96eHpdCuAHe5rQXw&oe=6703D0EA","https://www.facebook.com/people/Al-Whijaya/pfbid0jF2577Pi9DSga5SwTwDxxCp2HhAc4hGiru3vBRCf4y1DLTXGAmi6Kk2cBmhDQTYVl/","Cantik sekali padinya","0"
,,,,,,,,,,,,,,,,"https://www.facebook.com/reel/503705435384581/?comment_id=1168043577793486",,,,,,,,,,,,,,,,,,,,,,,,,,,,,,,,,,,,,,,,,,,,,,,,,,,,,,,,,,,,,,,,,,,,,,,,,,,,,,,,,,,,,,,,,,,,,,,,,,,,,,,,,,,,,"3","2024-08-02T05:01:12.000Z","1864970647333701","https://www.facebook.com/100014623516733/posts/1864970647333701","ZmVlZGJhY2s6MTg2NDk3MDY0NzMzMzcwMV8xMTY4MDQzNTc3NzkzNDg2","Y29tbWVudDoxODY0OTcwNjQ3MzMzNzAxXzExNjgwNDM1Nzc3OTM0ODY=","https://www.facebook.com/100014623516733/posts/1864970647333701","1","110168501881093",,,"Dianty Oslan · Sulona Atikku","100003652578250","Aslhank Daeng Sarang","https://scontent-man2-1.xx.fbcdn.net/v/t39.30808-1/460535243_3484032818395103_8997309225505270153_n.jpg?stp=cp0_dst-jpg_s32x32&_nc_cat=102&ccb=1-7&_nc_sid=50d2ac&_nc_ohc=s0Fay6847gsQ7kNvgF5fJew&_nc_ht=scontent-man2-1.xx&_nc_gid=AWyShziUhhvzQlPER_sF-cJ&oh=00_AYBfSCn9qMhxlWp5Lzl5QeuVHu2m-T46Q86fCtSx_4niKA&oe=6703CAAF",,"Parietas apa ini bos?","0"
"Sticker",,"https://scontent-man2-1.xx.fbcdn.net/v/t39.1997-6/47055694_1834508303314720_643166924464717824_n.webp?stp=dst-webp_s110x80&_nc_cat=1&ccb=1-7&_nc_sid=ba09c1&_nc_ohc=d4nxirHGy9EQ7kNvgHE2fzr&_nc_ht=scontent-man2-1.xx&_nc_gid=AWyShziUhhvzQlPER_sF-cJ&oh=00_AYCjIQRJPJuRnJ5OtAgWJe3c109KFUWP4l0vbFmZKOUJiQ&oe=6703B049","12","83","3","4","1193278434104380","80","https://scontent-man2-1.xx.fbcdn.net/v/t39.1997-6/47614232_1846683475430536_3135922765756891136_n.png?stp=cp0_dst-png_s110x80&_nc_cat=1&ccb=1-7&_nc_sid=23dd7b&_nc_ohc=da9c21IT8_kQ7kNvgEslWoT&_nc_ht=scontent-man2-1.xx&_nc_gid=AWyShziUhhvzQlPER_sF-cJ&oh=00_AYAS2_NS13dQkCvwF4nMhkVbbMxbAcU4dSplkVvCZeiP1A&oe=6703BBA3","80","Thumbs Up, girl giving thumbs up","1193273174104906","Noo-Hin",,"https://scontent-man2-1.xx.fbcdn.net/v/t39.1997-6/47472862_1846683478763869_5271603212267290624_n.png?stp=dst-png_p240x240&_nc_cat=1&ccb=1-7&_nc_sid=ba09c1&_nc_ohc=YQvIqnbO_nQQ7kNvgFgc0fw&_nc_ht=scontent-man2-1.xx&_nc_gid=AWyShziUhhvzQlPER_sF-cJ&oh=00_AYC7jr5Es6Om-2q2pbGyVjJ8HtaFASqHBCfTqUcq0zclhQ&oe=6703D53E","https://www.facebook.com/reel/503705435384581/?comment_id=1024146325834589",,,,,,,,,,,,,,,,,,,,,,,,,,,,,,,,,,,,,,,,,,,,,,,,,,,,,,,,,,,,,,,,,,,,,,,,,,,,,,,,,,,,,,,,,,,,,,,,,,,,,,,,,,,,,"1","2024-08-02T12:31:24.000Z","1864970647333701","https://www.facebook.com/100014623516733/posts/1864970647333701","ZmVlZGJhY2s6MTg2NDk3MDY0NzMzMzcwMV8xMDI0MTQ2MzI1ODM0NTg5","Y29tbWVudDoxODY0OTcwNjQ3MzMzNzAxXzEwMjQxNDYzMjU4MzQ1ODk=","https://www.facebook.com/100014623516733/posts/1864970647333701","1","110168501881093",,,"Dianty Oslan · Sulona Atikku","pfbid021GqJsPZnSS6iHBfRZUZnnUmNAkfaXTB9aLGuS1JRbPRHyt4iCzeuAGBdA2nxg3cBl","Kamisa Jintu","https://scontent-man2-1.xx.fbcdn.net/v/t39.30808-1/272740469_121431867069396_6295673766038795319_n.jpg?stp=cp0_dst-jpg_s32x32&_nc_cat=111&ccb=1-7&_nc_sid=0ecb9b&_nc_ohc=WStHOn67Rc0Q7kNvgHOjUcT&_nc_ht=scontent-man2-1.xx&_nc_gid=AWyShziUhhvzQlPER_sF-cJ&oh=00_AYD3GTvyIUz_KuiiGePbzsoPRudp2H3SUQT6jbIM3X-ugw&oe=6703D83B","https://www.facebook.com/people/Kamisa-Jintu/pfbid021GqJsPZnSS6iHBfRZUZnnUmNAkfaXTB9aLGuS1JRbPRHyt4iCzeuAGBdA2nxg3cBl/",,"0"
,,,,,,,,,,,,,,,,"https://www.facebook.com/reel/503705435384581/?comment_id=1186519415800953",,,,,,,,,,,,,,,,,,,,,,,,,,,,,,,,,,,,,,,,,,,,,,,,,,,,,,,,,,,,,,,,,,,,,,,,,,,,,,,,,,,,,,,,,,,,,,,,,,,,,,,,,,,,,"1","2024-08-02T01:57:25.000Z","1864970647333701","https://www.facebook.com/100014623516733/posts/1864970647333701","ZmVlZGJhY2s6MTg2NDk3MDY0NzMzMzcwMV8xMTg2NTE5NDE1ODAwOTUz","Y29tbWVudDoxODY0OTcwNjQ3MzMzNzAxXzExODY1MTk0MTU4MDA5NTM=","https://www.facebook.com/100014623516733/posts/1864970647333701","0","110168501881093",,,"Dianty Oslan · Sulona Atikku","pfbid0ZF1BbWMZjGLj53amQcGcggQL34xjBL8r7yv9Py2VETjDQUCApRoyD2NhFsxxDLs3l","Hatta Muntu","https://scontent-man2-1.xx.fbcdn.net/v/t39.30808-1/387074378_1000491357924521_2464698691386662622_n.jpg?stp=cp0_dst-jpg_s32x32&_nc_cat=104&ccb=1-7&_nc_sid=0ecb9b&_nc_ohc=Hr8qXKVA2VMQ7kNvgFE1NLh&_nc_ht=scontent-man2-1.xx&_nc_gid=AWyShziUhhvzQlPER_sF-cJ&oh=00_AYB5qkuFg5fYFjVs216_YNL1EYQskQQY9Sez7_GKhva3hw&oe=6703AFA6","https://www.facebook.com/hatta.muntu","Alhamdulillah semoga bisa melimpah hasilx","0"
,,,,,,,,,,,,,,,,"https://www.facebook.com/reel/503705435384581/?comment_id=1521563668447560",,,,,,,,,,,,,,,,,,,,,,,,,,,,,,,,,,,,,,,,,,,,,,,,,,,,,,,,,,,,,,,,,,,,,,,,,,,,,,,,,,,,,,,,,,,,,,,,,,,,,,,,,,,,,"1","2024-08-02T12:28:47.000Z","1864970647333701","https://www.facebook.com/100014623516733/posts/1864970647333701","ZmVlZGJhY2s6MTg2NDk3MDY0NzMzMzcwMV8xNTIxNTYzNjY4NDQ3NTYw","Y29tbWVudDoxODY0OTcwNjQ3MzMzNzAxXzE1MjE1NjM2Njg0NDc1NjA=","https://www.facebook.com/100014623516733/posts/1864970647333701","1","110168501881093",,,"Dianty Oslan · Sulona Atikku","pfbid0JDQ4sFTNFZcQU5Q17pabPm4zY492nhcDBPj9vL1aAJAkGbirGvXZBLbE3QtLJaSvl","Alank Emba","https://scontent-man2-1.xx.fbcdn.net/v/t39.30808-1/440097000_3829736620641220_6877457288914359128_n.jpg?stp=cp0_dst-jpg_p32x32&_nc_cat=109&ccb=1-7&_nc_sid=0ecb9b&_nc_ohc=5gcCYIknVQQQ7kNvgFNvwx8&_nc_ht=scontent-man2-1.xx&_nc_gid=AWyShziUhhvzQlPER_sF-cJ&oh=00_AYCTmprlOw4wzXVdV2xwGMRGc-mO7tnnQDCKJW8bVDYR0w&oe=6703B2C6","https://www.facebook.com/alank.ngemba","Varietas apanjo","0"
,,,,,,,,,,,,,,,,"https://www.facebook.com/reel/529452906105770/?comment_id=1043689894125431",,,,,,,,,,,,,,"https://www.facebook.com/reel/529452906105770/?comment_id=1043689894125431&reply_comment_id=1696609804588253","2","2024-08-16T06:20:06.000Z","ZmVlZGJhY2s6MTg3NTA2MDU5OTY1ODAzOV8xNjk2NjA5ODA0NTg4MjUz","Y29tbWVudDoxODc1MDYwNTk5NjU4MDM5XzE2OTY2MDk4MDQ1ODgyNTM=","0","User","100080752570579","Mas Dull","Mas","Y29tbWVudDoxODc1MDYwNTk5NjU4MDM5XzEwNDM2ODk4OTQxMjU0MzE=","100014623516733","Muhammadjafar","https://scontent.fcgh17-1.fna.fbcdn.net/v/t39.30808-1/437777564_1796463224184444_6323579690372403329_n.jpg?stp=cp0_dst-jpg_s32x32&_nc_cat=104&ccb=1-7&_nc_sid=50d2ac&_nc_ohc=l8PPA8lZRxoQ7kNvgFOQiVF&_nc_ht=scontent.fcgh17-1.fna&_nc_gid=ATj25F-JCQ1CBLGqUTgCIKk&oh=00_AYAYOuofhb4rgdY1RaKPdgN1Ue2TXL627Zdopu5J5RFRFA&oe=6703BE90","https://www.facebook.com/jafaremba","Y29tbWVudDoxODc1MDYwNTk5NjU4MDM5XzEwNDM2ODk4OTQxMjU0MzE=","Mas Dull subur pak😂","1",,,,,,,,,,,,,,,"https://www.facebook.com/reel/529452906105770/?comment_id=1043689894125431&reply_comment_id=1062650731863797","2024-08-16T06:47:13.000Z","ZmVlZGJhY2s6MTg3NTA2MDU5OTY1ODAzOV8xMDYyNjUwNzMxODYzNzk3","Y29tbWVudDoxODc1MDYwNTk5NjU4MDM5XzEwNjI2NTA3MzE4NjM3OTc=","0","User","100080752570579","Mas Dull","Mas","Y29tbWVudDoxODc1MDYwNTk5NjU4MDM5XzEwNDM2ODk4OTQxMjU0MzE=","100080752570579","Mas Dull","https://scontent.fcgh17-1.fna.fbcdn.net/v/t39.30808-1/458741412_536991745669240_9001899435336757455_n.jpg?stp=c0.0.780.780a_cp0_dst-jpg_s32x32&_nc_cat=106&ccb=1-7&_nc_sid=50d2ac&_nc_ohc=nKaUtuiR69UQ7kNvgEyiSib&_nc_ht=scontent.fcgh17-1.fna&_nc_gid=ATj25F-JCQ1CBLGqUTgCIKk&oh=00_AYBJVUxtsY0Sx84wC3PZkVnG5796H-JjZ53tvoodJEaQCw&oe=6703C1C4",,"Y29tbWVudDoxODc1MDYwNTk5NjU4MDM5XzEwNDM2ODk4OTQxMjU0MzE=","Muhammadjafar usia brp hari kk","2","https://www.facebook.com/reel/529452906105770/?comment_id=1043689894125431&reply_comment_id=1180257819957695","2024-08-16T07:34:56.000Z","ZmVlZGJhY2s6MTg3NTA2MDU5OTY1ODAzOV8xMTgwMjU3ODE5OTU3Njk1","Y29tbWVudDoxODc1MDYwNTk5NjU4MDM5XzExODAyNTc4MTk5NTc2OTU=","0","User","100080752570579","Mas Dull","Mas","Y29tbWVudDoxODc1MDYwNTk5NjU4MDM5XzEwNDM2ODk4OTQxMjU0MzE=","100014623516733","Muhammadjafar","https://scontent.fcgh17-1.fna.fbcdn.net/v/t39.30808-1/437777564_1796463224184444_6323579690372403329_n.jpg?stp=cp0_dst-jpg_s32x32&_nc_cat=104&ccb=1-7&_nc_sid=50d2ac&_nc_ohc=l8PPA8lZRxoQ7kNvgFOQiVF&_nc_ht=scontent.fcgh17-1.fna&_nc_gid=ATj25F-JCQ1CBLGqUTgCIKk&oh=00_AYAYOuofhb4rgdY1RaKPdgN1Ue2TXL627Zdopu5J5RFRFA&oe=6703BE90","https://www.facebook.com/jafaremba","Y29tbWVudDoxODc1MDYwNTk5NjU4MDM5XzEwNDM2ODk4OTQxMjU0MzE=","Mas Dull! 20 hari setelah semai pak🙏🏼🙏🏼","2","Sticker","https://scontent.fcgh17-1.fna.fbcdn.net/v/t39.1997-6/105343556_953860578409633_6468337803980710969_n.webp?stp=dst-webp_s110x80&_nc_cat=1&ccb=1-7&_nc_sid=ba09c1&_nc_ohc=VhYKi_8cxjUQ7kNvgHfyQnh&_nc_ht=scontent.fcgh17-1.fna&_nc_gid=ATj25F-JCQ1CBLGqUTgCIKk&oh=00_AYANP_JCUW7rjjWmkmUXlYWQy6_6uiCMsFUpwkPvwG84uQ&oe=6703B67A","15","83","4","4","529234054205623","80","https://scontent.fcgh17-1.fna.fbcdn.net/v/t39.1997-6/83640226_953860661742958_8297483048391664602_n.png?stp=cp0_dst-png_s110x80&_nc_cat=1&ccb=1-7&_nc_sid=23dd7b&_nc_ohc=IIH_vTuZ0d4Q7kNvgGfq1JH&_nc_ht=scontent.fcgh17-1.fna&_nc_gid=ATj25F-JCQ1CBLGqUTgCIKk&oh=00_AYDYUToeJrrrERZJPhAv-iiwsVCABs_qgxiu3b57JZstNw&oe=6703CE77","80","An animated yellow left hand with thumb up.","516558918806470","Moodies","https://scontent.fcgh17-1.fna.fbcdn.net/v/t39.1997-6/105941685_953860581742966_1572841152382279834_n.png?stp=dst-png_p320x320&_nc_cat=1&ccb=1-7&_nc_sid=ba09c1&_nc_ohc=ccBGu2HvbgcQ7kNvgGJe9jz&_nc_ht=scontent.fcgh17-1.fna&_nc_gid=ATj25F-JCQ1CBLGqUTgCIKk&oh=00_AYCCr5-4ZMXTQeTBdSUZH1JqA4AzggbHHdQINnws9MeqEQ&oe=6703C142","https://www.facebook.com/reel/529452906105770/?comment_id=1043689894125431&reply_comment_id=863750181950562","2024-08-16T08:52:10.000Z","ZmVlZGJhY2s6MTg3NTA2MDU5OTY1ODAzOV84NjM3NTAxODE5NTA1NjI=","Y29tbWVudDoxODc1MDYwNTk5NjU4MDM5Xzg2Mzc1MDE4MTk1MDU2Mg==","0","User","100080752570579","Mas Dull","Mas","Y29tbWVudDoxODc1MDYwNTk5NjU4MDM5XzEwNDM2ODk4OTQxMjU0MzE=","100080752570579","Mas Dull","https://scontent.fcgh17-1.fna.fbcdn.net/v/t39.30808-1/458741412_536991745669240_9001899435336757455_n.jpg?stp=c0.0.780.780a_cp0_dst-jpg_s32x32&_nc_cat=106&ccb=1-7&_nc_sid=50d2ac&_nc_ohc=nKaUtuiR69UQ7kNvgEyiSib&_nc_ht=scontent.fcgh17-1.fna&_nc_gid=ATj25F-JCQ1CBLGqUTgCIKk&oh=00_AYBJVUxtsY0Sx84wC3PZkVnG5796H-JjZ53tvoodJEaQCw&oe=6703C1C4","Y29tbWVudDoxODc1MDYwNTk5NjU4MDM5XzEwNDM2ODk4OTQxMjU0MzE=","1","4","2024-08-16T03:19:37.000Z","1875060599658039","https://www.facebook.com/100014623516733/posts/1875060599658039","ZmVlZGJhY2s6MTg3NTA2MDU5OTY1ODAzOV8xMDQzNjg5ODk0MTI1NDMx","Y29tbWVudDoxODc1MDYwNTk5NjU4MDM5XzEwNDM2ODk4OTQxMjU0MzE=","https://www.facebook.com/100014623516733/posts/1875060599658039","1","110168501881093",,,"Rian DTM · Jj Melody Capcu Viral","100080752570579","Mas Dull","https://scontent.fcgh17-1.fna.fbcdn.net/v/t39.30808-1/458741412_536991745669240_9001899435336757455_n.jpg?stp=c0.0.780.780a_cp0_dst-jpg_s32x32&_nc_cat=106&ccb=1-7&_nc_sid=50d2ac&_nc_ohc=nKaUtuiR69UQ7kNvgEyiSib&_nc_ht=scontent.fcgh17-1.fna&_nc_gid=ATj25F-JCQ1CBLGqUTgCIKk&oh=00_AYBJVUxtsY0Sx84wC3PZkVnG5796H-JjZ53tvoodJEaQCw&oe=6703C1C4",,"Tinggi bnr kk","0"
,,,,,,,,,,,,,,,,"https://www.facebook.com/jafaremba/posts/pfbid0d3HEiHezFVudV8jksbGeHS6ENNcbCRnFSu3BC3oQCjDeAk3NnAsBLPobgH1atwp6l?comment_id=1280053942959493",,,,,,,,,,,,,,,,,,,,,,,,,,,,,,,,,,,,,,,,,,,,,,,,,,,,,,,,,,,,,,,,,,,,,,,,,,,,,,,,,,,,,,,,,,,,,,,,,,,,,,,,,,,,,"3","2024-08-05T02:00:45.000Z","1867031363794296","https://www.facebook.com/100014623516733/posts/1867031363794296","ZmVlZGJhY2s6MTg2NzAzMTM2Mzc5NDI5Nl8xMjgwMDUzOTQyOTU5NDkz","Y29tbWVudDoxODY3MDMxMzYzNzk0Mjk2XzEyODAwNTM5NDI5NTk0OTM=","https://www.facebook.com/100014623516733/posts/1867031363794296","2","110168501881093","false",,"Waktu yg singkat,..besok pulang😂😂😂😂","pfbid024L5ibZ972LZErsL28Ln6b5CXuWSpWDZmESkoFcvsfzzGa4pHN8Q6Dr8L3EBuDtAAl","Hdg Sakking Hdg Sakking","https://scontent.fosu2-1.fna.fbcdn.net/v/t39.30808-1/447677552_338258225965787_4292163378707215280_n.jpg?stp=cp0_dst-jpg_s32x32&_nc_cat=107&ccb=1-7&_nc_sid=0ecb9b&_nc_ohc=TEu8xo7hp2EQ7kNvgF51xLR&_nc_ht=scontent.fosu2-1.fna&_nc_gid=AuHPjmPKUWf-UoxEFfNOVOp&oh=00_AYCh76A8MGMvGKoUuYjQFAXuW4Ubapt1Ge0KZbCNUTbf1Q&oe=6703A7F7","https://www.facebook.com/people/Hdg-Sakking-Hdg-Sakking/pfbid024L5ibZ972LZErsL28Ln6b5CXuWSpWDZmESkoFcvsfzzGa4pHN8Q6Dr8L3EBuDtAAl/","Mau kemana cika .jgn lp oleh2 nya ya","0"
,,,,,,,,,,,,,,,,"https://www.facebook.com/jafaremba/posts/pfbid0d3HEiHezFVudV8jksbGeHS6ENNcbCRnFSu3BC3oQCjDeAk3NnAsBLPobgH1atwp6l?comment_id=371702975735689",,,,,,,,,,,,,,,,,,,,,,,,,,,,,,,,,,,,,,,,,,,,,,,,,,,,,,,,,,,,,,,,,,,,,,,,,,,,,,,,,,,,,,,,,,,,,,,,,,,,,,,,,,,,,"4","2024-08-05T03:06:25.000Z","1867031363794296","https://www.facebook.com/100014623516733/posts/1867031363794296","ZmVlZGJhY2s6MTg2NzAzMTM2Mzc5NDI5Nl8zNzE3MDI5NzU3MzU2ODk=","Y29tbWVudDoxODY3MDMxMzYzNzk0Mjk2XzM3MTcwMjk3NTczNTY4OQ==","https://www.facebook.com/100014623516733/posts/1867031363794296","2","110168501881093","false",,"Waktu yg singkat,..besok pulang😂😂😂😂","pfbid02EiA5zrzd8AJ36FBKP5CdR8Rjyeh3veigXvumwkTyU63TDb9JTbnBC4Crf4uYFLsWl","Dgrannu Galesong","https://scontent.fosu2-2.fna.fbcdn.net/v/t39.30808-1/440862592_2468902339964263_7477591456375832632_n.jpg?stp=cp0_dst-jpg_s32x32&_nc_cat=111&ccb=1-7&_nc_sid=0ecb9b&_nc_ohc=xQLmPcitSMEQ7kNvgGCN5l7&_nc_ht=scontent.fosu2-2.fna&_nc_gid=AuHPjmPKUWf-UoxEFfNOVOp&oh=00_AYCpXoVwuzwhA7nqXD2oZ6b1pC8EiXjL8-g1Zu_tNRzWUw&oe=6703C3EC","https://www.facebook.com/people/Dgrannu-Galesong/pfbid02EiA5zrzd8AJ36FBKP5CdR8Rjyeh3veigXvumwkTyU63TDb9JTbnBC4Crf4uYFLsWl/","Uang hasil melon mi ini kpng dipke Pi liburan tawwa 😁SM Jumriani","0"
,,,,,,,,,,,,,,,,"https://www.facebook.com/jafaremba/posts/pfbid0d3HEiHezFVudV8jksbGeHS6ENNcbCRnFSu3BC3oQCjDeAk3NnAsBLPobgH1atwp6l?comment_id=1059596112255605",,,,,,,,,,,,,,,,,,,,,,,,,,,,,,,,,,,,,,,,,,,,,,,,,,,,,,,,,,,,,,,,,,,,,,,,,,,,,,,,,,,,,,,,,,,,,,,,,,,,,,,,,,,,,"2","2024-08-04T23:52:59.000Z","1867031363794296","https://www.facebook.com/100014623516733/posts/1867031363794296","ZmVlZGJhY2s6MTg2NzAzMTM2Mzc5NDI5Nl8xMDU5NTk2MTEyMjU1NjA1","Y29tbWVudDoxODY3MDMxMzYzNzk0Mjk2XzEwNTk1OTYxMTIyNTU2MDU=","https://www.facebook.com/100014623516733/posts/1867031363794296","2","110168501881093","false",,"Waktu yg singkat,..besok pulang😂😂😂😂","100006389172786","Fediran Ferdyn Al-Rasyid","https://scontent.fosu2-2.fna.fbcdn.net/v/t39.30808-1/455237428_3711425662413703_3405020836735011486_n.jpg?stp=cp0_dst-jpg_s32x32&_nc_cat=103&ccb=1-7&_nc_sid=50d2ac&_nc_ohc=myNlt1wqQFYQ7kNvgEo3gOM&_nc_ht=scontent.fosu2-2.fna&_nc_gid=AuHPjmPKUWf-UoxEFfNOVOp&oh=00_AYCt7b0-S6VJ1FOq3Tf-6cf-L3VSeGp9UzpCHgzDp6F_pg&oe=6703C6B3","https://www.facebook.com/fediran.ferdyn","LaKemaeki pak camat ?","0"
"Sticker",,"https://scontent-lax3-2.xx.fbcdn.net/v/t39.1997-6/47055694_1834508303314720_643166924464717824_n.webp?stp=dst-webp_s110x80&_nc_cat=1&ccb=1-7&_nc_sid=ba09c1&_nc_ohc=d4nxirHGy9EQ7kNvgGEaxd3&_nc_ht=scontent-lax3-2.xx&_nc_gid=A3O8h2dDdP8M-3nxsw8nyti&oh=00_AYB73hA6C_zv6j0T37On9vzMNJlcSHYR9ZEl1K320VbcTA&oe=6703B049","12","83","3","4","1193278434104380","80","https://scontent-lax3-2.xx.fbcdn.net/v/t39.1997-6/47614232_1846683475430536_3135922765756891136_n.png?stp=cp0_dst-png_s110x80&_nc_cat=1&ccb=1-7&_nc_sid=23dd7b&_nc_ohc=da9c21IT8_kQ7kNvgHi93ZN&_nc_ht=scontent-lax3-2.xx&_nc_gid=A3O8h2dDdP8M-3nxsw8nyti&oh=00_AYDCmg4d2OmlsNH4--bXHwxUnnkW_Z0X8Pvo41f5HHBJZw&oe=6703BBA3","80","Thumbs Up, girl giving thumbs up","1193273174104906","Noo-Hin",,"https://scontent-lax3-2.xx.fbcdn.net/v/t39.1997-6/47472862_1846683478763869_5271603212267290624_n.png?stp=dst-png_p240x240&_nc_cat=1&ccb=1-7&_nc_sid=ba09c1&_nc_ohc=YQvIqnbO_nQQ7kNvgEghClr&_nc_ht=scontent-lax3-2.xx&_nc_gid=A3O8h2dDdP8M-3nxsw8nyti&oh=00_AYCQE_2sYWScyFTmYdeNMhD-uJCD4WSg85yOVM2D-uewBA&oe=6703D53E","https://www.facebook.com/jafaremba/posts/pfbid02zS1tiowTs9JEd5Q2t2HfrBixCEY5VfeBk5vYA5WyvJLdp3VzfDursSVWQpxbc5TQl?comment_id=1064675285319124",,,,,,,,,,,,,,,,,,,,,,,,,,,,,,,,,,,,,,,,,,,,,,,,,,,,,,,,,,,,,,,,,,,,,,,,,,,,,,,,,,,,,,,,,,,,,,,,,,,,,,,,,,,,,,"2024-09-10T11:12:15.000Z","1893697727794326","https://www.facebook.com/100014623516733/posts/1893697727794326","ZmVlZGJhY2s6MTg5MzY5NzcyNzc5NDMyNl8xMDY0Njc1Mjg1MzE5MTI0","Y29tbWVudDoxODkzNjk3NzI3Nzk0MzI2XzEwNjQ2NzUyODUzMTkxMjQ=","https://www.facebook.com/100014623516733/posts/1893697727794326","1","110168501881093","false",,"buah Melon bukan es buah,...","pfbid02zc4cWDjdSEeMZacqLo6bDnBe499MQq1AxRY4fRdfhhLAi8xnohXU6n6nSwXjsoLfl","I Sennang","https://scontent-lax3-2.xx.fbcdn.net/v/t1.30497-1/453178253_471506465671661_2781666950760530985_n.png?stp=cp0_dst-png_s32x32&_nc_cat=1&ccb=1-7&_nc_sid=136b72&_nc_ohc=jZ-PuitTc3oQ7kNvgHkbQLQ&_nc_ht=scontent-lax3-2.xx&_nc_gid=A3O8h2dDdP8M-3nxsw8nyti&oh=00_AYAUJ6MTc8e1clr6cW-IGg3hrxWmR5HLYya-BOTg-kInIw&oe=6725783A","https://www.facebook.com/people/I-Sennang/pfbid02zc4cWDjdSEeMZacqLo6bDnBe499MQq1AxRY4fRdfhhLAi8xnohXU6n6nSwXjsoLfl/",,"0"
"Sticker",,"https://scontent-lax3-2.xx.fbcdn.net/v/t39.1997-6/47055694_1834508303314720_643166924464717824_n.webp?stp=dst-webp_s110x80&_nc_cat=1&ccb=1-7&_nc_sid=ba09c1&_nc_ohc=d4nxirHGy9EQ7kNvgGEaxd3&_nc_ht=scontent-lax3-2.xx&_nc_gid=A3O8h2dDdP8M-3nxsw8nyti&oh=00_AYB73hA6C_zv6j0T37On9vzMNJlcSHYR9ZEl1K320VbcTA&oe=6703B049","12","83","3","4","1193278434104380","80","https://scontent-lax3-2.xx.fbcdn.net/v/t39.1997-6/47614232_1846683475430536_3135922765756891136_n.png?stp=cp0_dst-png_s110x80&_nc_cat=1&ccb=1-7&_nc_sid=23dd7b&_nc_ohc=da9c21IT8_kQ7kNvgHi93ZN&_nc_ht=scontent-lax3-2.xx&_nc_gid=A3O8h2dDdP8M-3nxsw8nyti&oh=00_AYDCmg4d2OmlsNH4--bXHwxUnnkW_Z0X8Pvo41f5HHBJZw&oe=6703BBA3","80","Thumbs Up, girl giving thumbs up","1193273174104906","Noo-Hin",,"https://scontent-lax3-2.xx.fbcdn.net/v/t39.1997-6/47472862_1846683478763869_5271603212267290624_n.png?stp=dst-png_p240x240&_nc_cat=1&ccb=1-7&_nc_sid=ba09c1&_nc_ohc=YQvIqnbO_nQQ7kNvgEghClr&_nc_ht=scontent-lax3-2.xx&_nc_gid=A3O8h2dDdP8M-3nxsw8nyti&oh=00_AYCQE_2sYWScyFTmYdeNMhD-uJCD4WSg85yOVM2D-uewBA&oe=6703D53E","https://www.facebook.com/jafaremba/posts/pfbid02zS1tiowTs9JEd5Q2t2HfrBixCEY5VfeBk5vYA5WyvJLdp3VzfDursSVWQpxbc5TQl?comment_id=1093350685733621",,,,,,,,,,,,,,,,,,,,,,,,,,,,,,,,,,,,,,,,,,,,,,,,,,,,,,,,,,,,,,,,,,,,,,,,,,,,,,,,,,,,,,,,,,,,,,,,,,,,,,,,,,,,,,"2024-09-10T10:15:59.000Z","1893697727794326","https://www.facebook.com/100014623516733/posts/1893697727794326","ZmVlZGJhY2s6MTg5MzY5NzcyNzc5NDMyNl8xMDkzMzUwNjg1NzMzNjIx","Y29tbWVudDoxODkzNjk3NzI3Nzk0MzI2XzEwOTMzNTA2ODU3MzM2MjE=","https://www.facebook.com/100014623516733/posts/1893697727794326","1","110168501881093","false",,"buah Melon bukan es buah,...","pfbid021P4P8BE3CQfrsCqfSTxDjX5i1FwUvWUZUXctYV5DosJDCqG9PxLjP4p6dkk7rPwpl","Jamaludin Sese","https://scontent-lax3-1.xx.fbcdn.net/v/t39.30808-1/404053177_213944158400826_2340189131188094960_n.jpg?stp=c210.0.540.540a_cp0_dst-jpg_s32x32&_nc_cat=102&ccb=1-7&_nc_sid=0ecb9b&_nc_ohc=QShHUOnLnRQQ7kNvgHKRkEx&_nc_ht=scontent-lax3-1.xx&_nc_gid=A3O8h2dDdP8M-3nxsw8nyti&oh=00_AYDWg23qm28_SWFYKikYDzQVzXmRGxh8oWHVZN47ANDJcA&oe=6703B593","https://www.facebook.com/people/Jamaludin-Sese/pfbid021P4P8BE3CQfrsCqfSTxDjX5i1FwUvWUZUXctYV5DosJDCqG9PxLjP4p6dkk7rPwpl/",,"0"
"Sticker",,,"1","83","1","1","1000519493737088","80","https://scontent-lax3-2.xx.fbcdn.net/v/t39.1997-6/105258811_1000519497070421_1877687988442182543_n.png?stp=cp0_dst-png_s110x80&_nc_cat=1&ccb=1-7&_nc_sid=23dd7b&_nc_ohc=P8UoovEVZ_wQ7kNvgF0wZTN&_nc_ht=scontent-lax3-2.xx&_nc_gid=A3O8h2dDdP8M-3nxsw8nyti&oh=00_AYAA7DOjisO8LwJfXMhJ_hnuBpfS-h1uFl1IgFVzBDyjAA&oe=6703D62B","80","a outstretched arm with a thumbs up. on the arm is written 'great' in indonesian","1000303507092020","Stories Stickers in Feed",,,"https://www.facebook.com/jafaremba/posts/pfbid02zS1tiowTs9JEd5Q2t2HfrBixCEY5VfeBk5vYA5WyvJLdp3VzfDursSVWQpxbc5TQl?comment_id=1451118842257612","Sticker",,"1","83","1","1","1019836199854936","128","https://scontent-lax3-2.xx.fbcdn.net/v/t39.1997-6/453068571_1019836203188269_6563392767918289542_n.png?stp=dst-png_s168x128&_nc_cat=101&ccb=1-7&_nc_sid=23dd7b&_nc_ohc=gfQ9tDwsBIUQ7kNvgFyJYuh&_nc_ht=scontent-lax3-2.xx&_nc_gid=A3O8h2dDdP8M-3nxsw8nyti&oh=00_AYAlYzSFgbynBTfP9HT2QTYOyAGmr2m14HmyW5K02SF7iA&oe=6703B01E","128","",,,"https://www.facebook.com/jafaremba/posts/pfbid02zS1tiowTs9JEd5Q2t2HfrBixCEY5VfeBk5vYA5WyvJLdp3VzfDursSVWQpxbc5TQl?comment_id=1451118842257612&reply_comment_id=369066709587008",,"2024-09-10T11:05:26.000Z","ZmVlZGJhY2s6MTg5MzY5NzcyNzc5NDMyNl8zNjkwNjY3MDk1ODcwMDg=","Y29tbWVudDoxODkzNjk3NzI3Nzk0MzI2XzM2OTA2NjcwOTU4NzAwOA==","0","User","pfbid021P4P8BE3CQfrsCqfSTxDjX5i1FwUvWUZUXctYV5DosJDCqG9PxLjP4p6dkk7rPwpl","Jamaludin Sese","Jamaludin","Y29tbWVudDoxODkzNjk3NzI3Nzk0MzI2XzE0NTExMTg4NDIyNTc2MTI=","100014623516733","Muhammadjafar","https://scontent-lax3-1.xx.fbcdn.net/v/t39.30808-1/437777564_1796463224184444_6323579690372403329_n.jpg?stp=cp0_dst-jpg_s32x32&_nc_cat=104&ccb=1-7&_nc_sid=50d2ac&_nc_ohc=l8PPA8lZRxoQ7kNvgEGEg-B&_nc_ht=scontent-lax3-1.xx&_nc_gid=A3O8h2dDdP8M-3nxsw8nyti&oh=00_AYCPpv11IVg3WlAgkEFabEPiwtHFTVRKqH5J4Jsgfa_2GQ&oe=6703BE90","https://www.facebook.com/jafaremba","Y29tbWVudDoxODkzNjk3NzI3Nzk0MzI2XzE0NTExMTg4NDIyNTc2MTI=","Jamaludin Sese","1",,,,,,,,,,,,,,,,,,,,,,,,,,,,,,,,,,,,,,,,,,,,,,,,,,,,,,,,,,,,,,,,,,,,,,,,,,,,,,"1","2024-09-10T10:16:07.000Z","1893697727794326","https://www.facebook.com/100014623516733/posts/1893697727794326","ZmVlZGJhY2s6MTg5MzY5NzcyNzc5NDMyNl8xNDUxMTE4ODQyMjU3NjEy","Y29tbWVudDoxODkzNjk3NzI3Nzk0MzI2XzE0NTExMTg4NDIyNTc2MTI=","https://www.facebook.com/100014623516733/posts/1893697727794326","1","110168501881093","false",,"buah Melon bukan es buah,...","pfbid021P4P8BE3CQfrsCqfSTxDjX5i1FwUvWUZUXctYV5DosJDCqG9PxLjP4p6dkk7rPwpl","Jamaludin Sese","https://scontent-lax3-1.xx.fbcdn.net/v/t39.30808-1/404053177_213944158400826_2340189131188094960_n.jpg?stp=c210.0.540.540a_cp0_dst-jpg_s32x32&_nc_cat=102&ccb=1-7&_nc_sid=0ecb9b&_nc_ohc=QShHUOnLnRQQ7kNvgHKRkEx&_nc_ht=scontent-lax3-1.xx&_nc_gid=A3O8h2dDdP8M-3nxsw8nyti&oh=00_AYDWg23qm28_SWFYKikYDzQVzXmRGxh8oWHVZN47ANDJcA&oe=6703B593","https://www.facebook.com/people/Jamaludin-Sese/pfbid021P4P8BE3CQfrsCqfSTxDjX5i1FwUvWUZUXctYV5DosJDCqG9PxLjP4p6dkk7rPwpl/",,"0"
,,,,,,,,,,,,,,,,"https://www.facebook.com/reel/999161161693242/?comment_id=1966316107159803",,,,,,,,,,,,,,"https://www.facebook.com/reel/999161161693242/?comment_id=1966316107159803&reply_comment_id=802514788717427","1","2024-08-06T04:34:36.000Z","ZmVlZGJhY2s6MTg2NzgzMzcxNzA0NzM5NF84MDI1MTQ3ODg3MTc0Mjc=","Y29tbWVudDoxODY3ODMzNzE3MDQ3Mzk0XzgwMjUxNDc4ODcxNzQyNw==","0","User","100021672704965","Faisal Rurung","Faisal","Y29tbWVudDoxODY3ODMzNzE3MDQ3Mzk0XzE5NjYzMTYxMDcxNTk4MDM=","100014623516733","Muhammadjafar","https://scontent-mxp2-1.xx.fbcdn.net/v/t39.30808-1/437777564_1796463224184444_6323579690372403329_n.jpg?stp=cp0_dst-jpg_s32x32&_nc_cat=104&ccb=1-7&_nc_sid=50d2ac&_nc_ohc=l8PPA8lZRxoQ7kNvgGGdbW6&_nc_ht=scontent-mxp2-1.xx&_nc_gid=AtgN-9aUHsHcEG1K-mQfTDW&oh=00_AYDEt023g6r18aePWurpcMVC-g_56ULGu1fJ56_BkFYjUg&oe=6703BE90","https://www.facebook.com/jafaremba","Y29tbWVudDoxODY3ODMzNzE3MDQ3Mzk0XzE5NjYzMTYxMDcxNTk4MDM=","Faisal Rurung amiin🙏🏼🙏🏼","1","Sticker","https://scontent-mxp2-1.xx.fbcdn.net/v/t39.1997-6/47055694_1834508303314720_643166924464717824_n.webp?stp=dst-webp_s110x80&_nc_cat=1&ccb=1-7&_nc_sid=ba09c1&_nc_ohc=d4nxirHGy9EQ7kNvgE93V_B&_nc_ht=scontent-mxp2-1.xx&_nc_gid=AtgN-9aUHsHcEG1K-mQfTDW&oh=00_AYBS4b5wOhcwDr1UVGHcrjwElOfxx4o-zIIlsrUqmxgZpQ&oe=6703B049","12","83","3","4","1193278434104380","80","https://scontent-mxp2-1.xx.fbcdn.net/v/t39.1997-6/47614232_1846683475430536_3135922765756891136_n.png?stp=cp0_dst-png_s110x80&_nc_cat=1&ccb=1-7&_nc_sid=23dd7b&_nc_ohc=da9c21IT8_kQ7kNvgEIA_UL&_nc_ht=scontent-mxp2-1.xx&_nc_gid=AtgN-9aUHsHcEG1K-mQfTDW&oh=00_AYBqoFQi_f_a5JljEAigV9RAczOf73BliRX_g0CxEGNXTA&oe=6703BBA3","80","Thumbs Up, girl giving thumbs up","1193273174104906","Noo-Hin","https://scontent-mxp2-1.xx.fbcdn.net/v/t39.1997-6/47472862_1846683478763869_5271603212267290624_n.png?stp=dst-png_p240x240&_nc_cat=1&ccb=1-7&_nc_sid=ba09c1&_nc_ohc=YQvIqnbO_nQQ7kNvgG-GcF-&_nc_ht=scontent-mxp2-1.xx&_nc_gid=AtgN-9aUHsHcEG1K-mQfTDW&oh=00_AYC5cjnF35c0CSThbVgzUOZ-9fIyzmUDZr-uPMY5PlQJ5A&oe=6703D53E","https://www.facebook.com/reel/999161161693242/?comment_id=1966316107159803&reply_comment_id=349034921476585","2024-08-06T10:44:12.000Z","ZmVlZGJhY2s6MTg2NzgzMzcxNzA0NzM5NF8zNDkwMzQ5MjE0NzY1ODU=","Y29tbWVudDoxODY3ODMzNzE3MDQ3Mzk0XzM0OTAzNDkyMTQ3NjU4NQ==","0","User","100021672704965","Faisal Rurung","Faisal","Y29tbWVudDoxODY3ODMzNzE3MDQ3Mzk0XzE5NjYzMTYxMDcxNTk4MDM=","100021672704965","Faisal Rurung","https://scontent-mxp2-1.xx.fbcdn.net/v/t39.30808-1/286025307_1125100861555660_4324313392100700387_n.jpg?stp=cp0_dst-jpg_s32x32&_nc_cat=105&ccb=1-7&_nc_sid=50d2ac&_nc_ohc=SUa0KJhiYB8Q7kNvgEDi40X&_nc_ht=scontent-mxp2-1.xx&_nc_gid=AtgN-9aUHsHcEG1K-mQfTDW&oh=00_AYCMSXnfhvxQpKhopRp-cEs9r2MTIpViwpE4JOpP4WRTlQ&oe=6703C0E6","https://www.facebook.com/faisal.rurung.37","Y29tbWVudDoxODY3ODMzNzE3MDQ3Mzk0XzE5NjYzMTYxMDcxNTk4MDM=","Muhammadjafar","2",,,,,,,,,,,,,,,,,,,,,,,,,,,,,,,,,,,,,,,,,,,,,,,"2","2024-08-06T02:40:50.000Z","1867833717047394","https://www.facebook.com/100014623516733/posts/1867833717047394","ZmVlZGJhY2s6MTg2NzgzMzcxNzA0NzM5NF8xOTY2MzE2MTA3MTU5ODAz","Y29tbWVudDoxODY3ODMzNzE3MDQ3Mzk0XzE5NjYzMTYxMDcxNTk4MDM=","https://www.facebook.com/100014623516733/posts/1867833717047394","1","110168501881093",,,"Arjhun Kantiper · Guli Jage Hu","100021672704965","Faisal Rurung","https://scontent-mxp2-1.xx.fbcdn.net/v/t39.30808-1/286025307_1125100861555660_4324313392100700387_n.jpg?stp=cp0_dst-jpg_s32x32&_nc_cat=105&ccb=1-7&_nc_sid=50d2ac&_nc_ohc=SUa0KJhiYB8Q7kNvgEDi40X&_nc_ht=scontent-mxp2-1.xx&_nc_gid=AtgN-9aUHsHcEG1K-mQfTDW&oh=00_AYCMSXnfhvxQpKhopRp-cEs9r2MTIpViwpE4JOpP4WRTlQ&oe=6703C0E6","https://www.facebook.com/faisal.rurung.37","Sehat dan sukses selalu bosku..,!!!🤲🤲","0"
,,,,,,,,,,,,,,,,"https://www.facebook.com/reel/999161161693242/?comment_id=469768279154184",,,,,,,,,,,,,,"https://www.facebook.com/reel/999161161693242/?comment_id=469768279154184&reply_comment_id=1171900684137171","1","2024-08-06T10:42:47.000Z","ZmVlZGJhY2s6MTg2NzgzMzcxNzA0NzM5NF8xMTcxOTAwNjg0MTM3MTcx","Y29tbWVudDoxODY3ODMzNzE3MDQ3Mzk0XzExNzE5MDA2ODQxMzcxNzE=","1","User","100042708548064","Sovie Anthi","Sovie","Y29tbWVudDoxODY3ODMzNzE3MDQ3Mzk0XzQ2OTc2ODI3OTE1NDE4NA==","100014623516733","Muhammadjafar","https://scontent-mxp2-1.xx.fbcdn.net/v/t39.30808-1/437777564_1796463224184444_6323579690372403329_n.jpg?stp=cp0_dst-jpg_s32x32&_nc_cat=104&ccb=1-7&_nc_sid=50d2ac&_nc_ohc=l8PPA8lZRxoQ7kNvgGGdbW6&_nc_ht=scontent-mxp2-1.xx&_nc_gid=AtgN-9aUHsHcEG1K-mQfTDW&oh=00_AYDEt023g6r18aePWurpcMVC-g_56ULGu1fJ56_BkFYjUg&oe=6703BE90","https://www.facebook.com/jafaremba","Y29tbWVudDoxODY3ODMzNzE3MDQ3Mzk0XzQ2OTc2ODI3OTE1NDE4NA==","Sovie Anthi masih tahap proses  berjuang😂😂😂","1",,,,,,,,,,,,,,,"https://www.facebook.com/reel/999161161693242/?comment_id=469768279154184&reply_comment_id=456760933898643","2024-08-06T11:41:55.000Z","ZmVlZGJhY2s6MTg2NzgzMzcxNzA0NzM5NF80NTY3NjA5MzM4OTg2NDM=","Y29tbWVudDoxODY3ODMzNzE3MDQ3Mzk0XzQ1Njc2MDkzMzg5ODY0Mw==","0","User","100042708548064","Sovie Anthi","Sovie","Y29tbWVudDoxODY3ODMzNzE3MDQ3Mzk0XzQ2OTc2ODI3OTE1NDE4NA==","100042708548064","Sovie Anthi","https://scontent-mxp1-1.xx.fbcdn.net/v/t39.30808-1/450741059_1217244203042520_2694469179535348914_n.jpg?stp=cp0_dst-jpg_s32x32&_nc_cat=106&ccb=1-7&_nc_sid=50d2ac&_nc_ohc=oUK9U1COiX0Q7kNvgHumdFk&_nc_ht=scontent-mxp1-1.xx&_nc_gid=AtgN-9aUHsHcEG1K-mQfTDW&oh=00_AYBrauFY9hMmw-uXP2KSEZx-4qls0A0rijSDIGxpTRErvw&oe=6703B988","https://www.facebook.com/sopianthi0984","Y29tbWVudDoxODY3ODMzNzE3MDQ3Mzk0XzQ2OTc2ODI3OTE1NDE4NA==","Muhammadjafar kirain panen 🤭","2",,,,,,,,,,,,,,,,,,,,,,,,,,,,,,,,,,,,,,,,,,,,,,,"2","2024-08-06T08:36:25.000Z","1867833717047394","https://www.facebook.com/100014623516733/posts/1867833717047394","ZmVlZGJhY2s6MTg2NzgzMzcxNzA0NzM5NF80Njk3NjgyNzkxNTQxODQ=","Y29tbWVudDoxODY3ODMzNzE3MDQ3Mzk0XzQ2OTc2ODI3OTE1NDE4NA==","https://www.facebook.com/100014623516733/posts/1867833717047394","1","110168501881093",,,"Arjhun Kantiper · Guli Jage Hu","100042708548064","Sovie Anthi","https://scontent-mxp1-1.xx.fbcdn.net/v/t39.30808-1/450741059_1217244203042520_2694469179535348914_n.jpg?stp=cp0_dst-jpg_s32x32&_nc_cat=106&ccb=1-7&_nc_sid=50d2ac&_nc_ohc=oUK9U1COiX0Q7kNvgHumdFk&_nc_ht=scontent-mxp1-1.xx&_nc_gid=AtgN-9aUHsHcEG1K-mQfTDW&oh=00_AYBrauFY9hMmw-uXP2KSEZx-4qls0A0rijSDIGxpTRErvw&oe=6703B988","https://www.facebook.com/sopianthi0984","Wuuiihh panen ka","0"
,,,,,,,,,,,,,,,,"https://www.facebook.com/reel/1911416162655131/?comment_id=8079606675463802",,,,,,,,,,,,,,,,,,,,,,,,,,,,,,,,,,,,,,,,,,,,,,,,,,,,,,,,,,,,,,,,,,,,,,,,,,,,,,,,,,,,,,,,,,,,,,,,,,,,,,,,,,,,,,"2024-08-14T21:59:56.000Z","1873830473114385","https://www.facebook.com/100014623516733/posts/1873830473114385","ZmVlZGJhY2s6MTg3MzgzMDQ3MzExNDM4NV84MDc5NjA2Njc1NDYzODAy","Y29tbWVudDoxODczODMwNDczMTE0Mzg1XzgwNzk2MDY2NzU0NjM4MDI=","https://www.facebook.com/100014623516733/posts/1873830473114385","0","110168501881093",,,"Muhammadjafar · Original audio","pfbid026wzYeELWYcUTRUnhDZRNMYbU1A94B9SC1EN7jgc2naFthj78U9mVRcQN4RYmat5Wl","Abu Hudzaifa","https://scontent.fdkr5-1.fna.fbcdn.net/v/t39.30808-1/453415864_1558419045095216_5510951049722081695_n.jpg?stp=c0.0.708.708a_cp0_dst-jpg_s32x32&_nc_cat=101&ccb=1-7&_nc_sid=0ecb9b&_nc_ohc=a1DQxZyvflIQ7kNvgEYUWnX&_nc_ht=scontent.fdkr5-1.fna&_nc_gid=AFwP1BSmFhS848tVTANItya&oh=00_AYByKZMzqa8tn4-L6uinn_-UzNsPGFbbfqb11XXaGpFyhQ&oe=6703C6D7","https://www.facebook.com/jufriadi.jufriadi.50767","Mau di kirim kemana???","0"
,,,,,,,,,,,,,,,,"https://www.facebook.com/reel/1911416162655131/?comment_id=1134701184741088",,,,,,,,,,,,,,,,,,,,,,,,,,,,,,,,,,,,,,,,,,,,,,,,,,,,,,,,,,,,,,,,,,,,,,,,,,,,,,,,,,,,,,,,,,,,,,,,,,,,,,,,,,,,,,"2024-08-14T22:00:37.000Z","1873830473114385","https://www.facebook.com/100014623516733/posts/1873830473114385","ZmVlZGJhY2s6MTg3MzgzMDQ3MzExNDM4NV8xMTM0NzAxMTg0NzQxMDg4","Y29tbWVudDoxODczODMwNDczMTE0Mzg1XzExMzQ3MDExODQ3NDEwODg=","https://www.facebook.com/100014623516733/posts/1873830473114385","0","110168501881093",,,"Muhammadjafar · Original audio","pfbid026wzYeELWYcUTRUnhDZRNMYbU1A94B9SC1EN7jgc2naFthj78U9mVRcQN4RYmat5Wl","Abu Hudzaifa","https://scontent.fdkr5-1.fna.fbcdn.net/v/t39.30808-1/453415864_1558419045095216_5510951049722081695_n.jpg?stp=c0.0.708.708a_cp0_dst-jpg_s32x32&_nc_cat=101&ccb=1-7&_nc_sid=0ecb9b&_nc_ohc=a1DQxZyvflIQ7kNvgEYUWnX&_nc_ht=scontent.fdkr5-1.fna&_nc_gid=AFwP1BSmFhS848tVTANItya&oh=00_AYByKZMzqa8tn4-L6uinn_-UzNsPGFbbfqb11XXaGpFyhQ&oe=6703C6D7","https://www.facebook.com/jufriadi.jufriadi.50767","Sy jg mau kirim ke fak2 bsk?","0"
