﻿"channelAvatarUrl","channelBannerUrl","channelDescription","channelId","channelJoinedDate","channelLocation","channelName","channelTotalVideos","channelTotalViews","channelUrl","comments","commentsCount","commentsTurnedOff","date","descriptionLinks","descriptionLinks/0/text","descriptionLinks/0/url","descriptionLinks/1/text","descriptionLinks/1/url","descriptionLinks/2/text","descriptionLinks/2/url","descriptionLinks/3/text","descriptionLinks/3/url","descriptionLinks/4/text","descriptionLinks/4/url","descriptionLinks/5/text","descriptionLinks/5/url","descriptionLinks/6/text","descriptionLinks/6/url","descriptionLinks/7/text","descriptionLinks/7/url","descriptionLinks/8/text","descriptionLinks/8/url","descriptionLinks/9/text","descriptionLinks/9/url","duration","fromYTUrl","hashtags/0","hashtags/1","hashtags/2","id","input","inputChannelUrl","isAgeRestricted","isChannelVerified","isMonetized","likes","location","note","numberOfSubscribers","order","subtitles","text","thumbnailUrl","title","type","url","viewCount"
,,,,,,,,,,,,,,,,,,,,,,,,,,,,,,,,,,,,,,,,,"https://www.youtube.com/@Jefribintangasia",,,,,,,"The channel has no live videos.",,,,,,,,"https://www.youtube.com/@Jefribintangasia/about",
"https://yt3.googleusercontent.com/VOmsT_3jZEugqpNxvNZ5q98NlClrmClLCxJgUMdnKVj5_zDVsaVdJAVRXwu6yMmVoCscWfL-Ick=s160-c-k-c0x00ffffff-no-rj","https://yt3.googleusercontent.com/KBdUG8ywd0Z2Xapdv9NFy2HmzLDE_JKf3Ms_otabYHjMPa9qne2sgK0de_npDVHvry40hZ0l=w2560-fcrop64=1,00005a57ffffa5a8-k-c0xffffffff-no-nd-rj","Travelling famers","UCwdhX_B2f7bKw1N4Nnn6z5A","Apr 24, 2024",,"Jefri bintang asia","23","5858","https://www.youtube.com/channel/UCwdhX_B2f7bKw1N4Nnn6z5A",,"3",,"2024-09-17T00:00:00.000Z",,,,,,,,,,,,,,,,,,,,,,,"https://www.youtube.com/@Jefribintangasia/shorts",,,,"izPfrxxlOVI",,"https://www.youtube.com/@Jefribintangasia","false","false",,"14",,,"108","2",,,"https://i.ytimg.com/vi/izPfrxxlOVI/oar2.jpg?sqp=-oaymwEdCJUDENAFSFWQAgHyq4qpAwwIARUAAIhCcAHAAQY=&rs=AOn4CLBQCx6jh3mRaFexuZVV-aHyfXsFRQ","Semangka Diva f1, besar buahnya dan tahan simpan #bintangasia #pertanian #petaniasia #shortvideo","shorts","https://www.youtube.com/shorts/izPfrxxlOVI","575"
"https://yt3.googleusercontent.com/VOmsT_3jZEugqpNxvNZ5q98NlClrmClLCxJgUMdnKVj5_zDVsaVdJAVRXwu6yMmVoCscWfL-Ick=s160-c-k-c0x00ffffff-no-rj","https://yt3.googleusercontent.com/KBdUG8ywd0Z2Xapdv9NFy2HmzLDE_JKf3Ms_otabYHjMPa9qne2sgK0de_npDVHvry40hZ0l=w2560-fcrop64=1,00005a57ffffa5a8-k-c0xffffffff-no-nd-rj","Travelling famers","UCwdhX_B2f7bKw1N4Nnn6z5A","Apr 24, 2024",,"Jefri bintang asia","23","5858","https://www.youtube.com/channel/UCwdhX_B2f7bKw1N4Nnn6z5A",,"10",,"2024-09-05T00:00:00.000Z",,,,,,,,,,,,,,,,,,,,,,,"https://www.youtube.com/@Jefribintangasia/shorts",,,,"Bp2lFAVyMfY",,"https://www.youtube.com/@Jefribintangasia","false","false",,"18",,,"108","3",,,"https://i.ytimg.com/vi/Bp2lFAVyMfY/oar2.jpg?sqp=-oaymwEdCJUDENAFSFWQAgHyq4qpAwwIARUAAIhCcAHAAQY=&rs=AOn4CLAK06ve9IV2LwfsGAqvYEJNM7awwA","Daun bawang BAHANA #pertanian #daunbawang #bintangasia #sayur","shorts","https://www.youtube.com/shorts/Bp2lFAVyMfY","558"
"https://yt3.googleusercontent.com/VOmsT_3jZEugqpNxvNZ5q98NlClrmClLCxJgUMdnKVj5_zDVsaVdJAVRXwu6yMmVoCscWfL-Ick=s160-c-k-c0x00ffffff-no-rj","https://yt3.googleusercontent.com/KBdUG8ywd0Z2Xapdv9NFy2HmzLDE_JKf3Ms_otabYHjMPa9qne2sgK0de_npDVHvry40hZ0l=w2560-fcrop64=1,00005a57ffffa5a8-k-c0xffffffff-no-nd-rj","Travelling famers","UCwdhX_B2f7bKw1N4Nnn6z5A","Apr 24, 2024",,"Jefri bintang asia","23","5858","https://www.youtube.com/channel/UCwdhX_B2f7bKw1N4Nnn6z5A",,"2",,"2024-09-30T00:00:00.000Z",,,,,,,,,,,,,,,,,,,,,,,"https://www.youtube.com/@Jefribintangasia/shorts",,,,"QdHNGhIxgZ4",,"https://www.youtube.com/@Jefribintangasia","false","false",,"12",,,"108","0",,,"https://i.ytimg.com/vi/QdHNGhIxgZ4/oar2.jpg?sqp=-oaymwEdCJUDENAFSFWQAgHyq4qpAwwIARUAAIhCcAHAAQY=&rs=AOn4CLDXeW12ICmj9z94zrNN5ufXANPOhg","LEONI MH F1 #shortvideo #pertanian  #buahmelon #bintangasia #benihunggul #inovasianaknegeri","shorts","https://www.youtube.com/shorts/QdHNGhIxgZ4","644"
"https://yt3.googleusercontent.com/VOmsT_3jZEugqpNxvNZ5q98NlClrmClLCxJgUMdnKVj5_zDVsaVdJAVRXwu6yMmVoCscWfL-Ick=s160-c-k-c0x00ffffff-no-rj","https://yt3.googleusercontent.com/KBdUG8ywd0Z2Xapdv9NFy2HmzLDE_JKf3Ms_otabYHjMPa9qne2sgK0de_npDVHvry40hZ0l=w2560-fcrop64=1,00005a57ffffa5a8-k-c0xffffffff-no-nd-rj","Travelling famers","UCwdhX_B2f7bKw1N4Nnn6z5A","Apr 24, 2024",,"Jefri bintang asia","23","5858","https://www.youtube.com/channel/UCwdhX_B2f7bKw1N4Nnn6z5A",,"5",,"2024-09-20T00:00:00.000Z",,,,,,,,,,,,,,,,,,,,,,,"https://www.youtube.com/@Jefribintangasia/shorts",,,,"NPljbbk9mzQ",,"https://www.youtube.com/@Jefribintangasia","false","false",,"16",,,"108","1",,,"https://i.ytimg.com/vi/NPljbbk9mzQ/oar2.jpg?sqp=-oaymwEdCJUDENAFSFWQAgHyq4qpAwwIARUAAIhCcAHAAQY=&rs=AOn4CLC7L4ScGrHJcCpNQYLS-klbKkX-1A","LAZIO F1 #pertanian #petanisemangka #shortvideo #petaniasia #pertaniandunia #buahbuahan #bintangasia","shorts","https://www.youtube.com/shorts/NPljbbk9mzQ","758"
"https://yt3.googleusercontent.com/VOmsT_3jZEugqpNxvNZ5q98NlClrmClLCxJgUMdnKVj5_zDVsaVdJAVRXwu6yMmVoCscWfL-Ick=s160-c-k-c0x00ffffff-no-rj","https://yt3.googleusercontent.com/KBdUG8ywd0Z2Xapdv9NFy2HmzLDE_JKf3Ms_otabYHjMPa9qne2sgK0de_npDVHvry40hZ0l=w2560-fcrop64=1,00005a57ffffa5a8-k-c0xffffffff-no-nd-rj","Travelling famers","UCwdhX_B2f7bKw1N4Nnn6z5A","Apr 24, 2024",,"Jefri bintang asia","23","5858","https://www.youtube.com/channel/UCwdhX_B2f7bKw1N4Nnn6z5A",,"9","false","2024-09-13T12:17:40.000Z",,"#bintangasia","https://www.youtube.com/hashtag/bintangasia","#pertanian","https://www.youtube.com/hashtag/pertanian","#buah","https://www.youtube.com/hashtag/buah","#petanimuda","https://www.youtube.com/hashtag/petanimuda","#petanimilenial","https://www.youtube.com/hashtag/petanimilenial","#shorts","https://www.youtube.com/hashtag/shorts","#short","https://www.youtube.com/hashtag/short","#buahbuahan","https://www.youtube.com/hashtag/buahbuahan",,,,,"00:07:19","https://www.youtube.com/@Jefribintangasia/videos","#pertanian","#buah","#buahbuahan","cQ4VY8lK2lU",,"https://www.youtube.com/@Jefribintangasia","false","false",,"16",,,"108",,,"#bintangasia #pertanian #buah #petanimuda #petanimilenial #shorts #short #buahbuahan","https://i.ytimg.com/vi/cQ4VY8lK2lU/maxresdefault.jpg?sqp=-oaymwEmCIAKENAF8quKqQMa8AEB-AH2CYAC0AWKAgwIABABGFQgZShPMA8=&rs=AOn4CLAhZRiTuoU1bKxsLjKmeMy_YDeErA","PANEN SEMANGKA NON BIJI LAZIO F1, MUDAH PERWATAN DAN HASIL MELIMPAH 🤑💸💵💴💶💰💳🤑💸💵💴💶💰💳","video","https://www.youtube.com/watch?v=cQ4VY8lK2lU","84"
"https://yt3.googleusercontent.com/VOmsT_3jZEugqpNxvNZ5q98NlClrmClLCxJgUMdnKVj5_zDVsaVdJAVRXwu6yMmVoCscWfL-Ick=s160-c-k-c0x00ffffff-no-rj","https://yt3.googleusercontent.com/KBdUG8ywd0Z2Xapdv9NFy2HmzLDE_JKf3Ms_otabYHjMPa9qne2sgK0de_npDVHvry40hZ0l=w2560-fcrop64=1,00005a57ffffa5a8-k-c0xffffffff-no-nd-rj","Travelling famers","UCwdhX_B2f7bKw1N4Nnn6z5A","Apr 24, 2024",,"Jefri bintang asia","23","5858","https://www.youtube.com/channel/UCwdhX_B2f7bKw1N4Nnn6z5A",,"23","false","2024-09-06T17:12:22.000Z",,"#bintangasia","https://www.youtube.com/hashtag/bintangasia","#pertanian","https://www.youtube.com/hashtag/pertanian","#petani","https://www.youtube.com/hashtag/petani","#cabe","https://www.youtube.com/hashtag/cabe","#kubishort","https://www.youtube.com/hashtag/kubishort","#petaniasia","https://www.youtube.com/hashtag/petaniasia","#buton","https://www.youtube.com/hashtag/buton",,,,,,,"00:05:30","https://www.youtube.com/@Jefribintangasia/videos","#cabe","#pertanian","#petani","PxOb-zPwWgs",,"https://www.youtube.com/@Jefribintangasia","false","false",,"39",,,"108",,,"Petani konawe selatan, senang dengan CMK TAVI, mudah perwatan, tdk boros pestisida #bintangasia #pertanian #petani #cabe #kubishort #petaniasia #buton","https://i.ytimg.com/vi/PxOb-zPwWgs/maxresdefault.jpg?sqp=-oaymwEmCIAKENAF8quKqQMa8AEB-AHoCIAC0AWKAgwIABABGFsgZShZMA8=&rs=AOn4CLCTNLM9QirPBR8BWS0QlYjw0YN8BA","CMK TAVI, MUDAH PERWATAN NO NO VIRUS...DIJATI BALI, KONAWE SELATAN","video","https://www.youtube.com/watch?v=PxOb-zPwWgs","213"
"https://yt3.googleusercontent.com/VOmsT_3jZEugqpNxvNZ5q98NlClrmClLCxJgUMdnKVj5_zDVsaVdJAVRXwu6yMmVoCscWfL-Ick=s160-c-k-c0x00ffffff-no-rj","https://yt3.googleusercontent.com/KBdUG8ywd0Z2Xapdv9NFy2HmzLDE_JKf3Ms_otabYHjMPa9qne2sgK0de_npDVHvry40hZ0l=w2560-fcrop64=1,00005a57ffffa5a8-k-c0xffffffff-no-nd-rj","Travelling famers","UCwdhX_B2f7bKw1N4Nnn6z5A","Apr 24, 2024",,"Jefri bintang asia","23","5858","https://www.youtube.com/channel/UCwdhX_B2f7bKw1N4Nnn6z5A",,"19","false","2024-09-04T03:07:25.000Z",,"#bintangasia","https://www.youtube.com/hashtag/bintangasia","#kubishort","https://www.youtube.com/hashtag/kubishort","#pertanian","https://www.youtube.com/hashtag/pertanian","#sorts","https://www.youtube.com/hashtag/sorts","#petani","https://www.youtube.com/hashtag/petani",,,,,,,,,,,"00:05:34","https://www.youtube.com/@Jefribintangasia/videos","#pertanian","#petani","#sorts","XEfaW38NK7Y",,"https://www.youtube.com/@Jefribintangasia","false","false",,"19",,,"108",,,"Tanam compact 22 dari persemaian sampai panen menguntungkan... #bintangasia #kubishort #pertanian #sorts #petani","https://i.ytimg.com/vi/XEfaW38NK7Y/maxresdefault.jpg?sqp=-oaymwEmCIAKENAF8quKqQMa8AEB-AHOBYAC0AWKAgwIABABGF4gZShQMA8=&rs=AOn4CLCUxRPUNVNIYhfJVm8dMnNg98Yp6A","KUBIS COMPACT  22 F1, MENGUNTUNGKAN","video","https://www.youtube.com/watch?v=XEfaW38NK7Y","191"
"https://yt3.googleusercontent.com/VOmsT_3jZEugqpNxvNZ5q98NlClrmClLCxJgUMdnKVj5_zDVsaVdJAVRXwu6yMmVoCscWfL-Ick=s160-c-k-c0x00ffffff-no-rj","https://yt3.googleusercontent.com/KBdUG8ywd0Z2Xapdv9NFy2HmzLDE_JKf3Ms_otabYHjMPa9qne2sgK0de_npDVHvry40hZ0l=w2560-fcrop64=1,00005a57ffffa5a8-k-c0xffffffff-no-nd-rj","Travelling famers","UCwdhX_B2f7bKw1N4Nnn6z5A","Apr 24, 2024",,"Jefri bintang asia","23","5858","https://www.youtube.com/channel/UCwdhX_B2f7bKw1N4Nnn6z5A",,"10","false","2024-09-10T23:59:11.000Z",,,,,,,,,,,,,,,,,,,,,,"00:01:07","https://www.youtube.com/@Jefribintangasia/videos",,,,"TMrdOStrMOI",,"https://www.youtube.com/@Jefribintangasia","false","false",,"18",,,"108",,,"Tanam megatop tahan simpan dan tahan di pengiriman, hasil memuaskan","https://i.ytimg.com/vi/TMrdOStrMOI/maxresdefault.jpg?sqp=-oaymwEmCIAKENAF8quKqQMa8AEB-AH2CYAC0AWKAgwIABABGGUgXChKMA8=&rs=AOn4CLDgsG0Fl7bhSGiJPuzBRqUIkF5mlA","CMB MEGATOP F1,  BUAH LEBAT, TAHAN SIMPAN DAN PENGIRIMAN","video","https://www.youtube.com/watch?v=TMrdOStrMOI","159"
"https://yt3.googleusercontent.com/VOmsT_3jZEugqpNxvNZ5q98NlClrmClLCxJgUMdnKVj5_zDVsaVdJAVRXwu6yMmVoCscWfL-Ick=s160-c-k-c0x00ffffff-no-rj","https://yt3.googleusercontent.com/KBdUG8ywd0Z2Xapdv9NFy2HmzLDE_JKf3Ms_otabYHjMPa9qne2sgK0de_npDVHvry40hZ0l=w2560-fcrop64=1,00005a57ffffa5a8-k-c0xffffffff-no-nd-rj","Travelling famers","UCwdhX_B2f7bKw1N4Nnn6z5A","Apr 24, 2024",,"Jefri bintang asia","23","5858","https://www.youtube.com/channel/UCwdhX_B2f7bKw1N4Nnn6z5A",,"7","false","2024-09-07T13:05:41.000Z",,"#pertanian","https://www.youtube.com/hashtag/pertanian","#petaniindonesia","https://www.youtube.com/hashtag/petaniindonesia","#petanimuda","https://www.youtube.com/hashtag/petanimuda","#short","https://www.youtube.com/hashtag/short",,,,,,,,,,,,,"00:00:47","https://www.youtube.com/@Jefribintangasia/videos","#pertanian","#short","#petanimuda","s6jsx1bE-kw",,"https://www.youtube.com/@Jefribintangasia","false","false",,"11",,,"108",,,"Panen melimpah petani makmur petani sejahtera #pertanian #petaniindonesia #petanimuda #short","https://i.ytimg.com/vi/s6jsx1bE-kw/hqdefault.jpg?sqp=-oaymwEmCOADEOgC8quKqQMa8AEB-AHOBoAC4AOKAgwIABABGFAgZSg7MA8=&rs=AOn4CLD2EWiAzekjrsgHHanRomkV85ddUA","CMB DAMARA F1, TAHAN VIRUS","video","https://www.youtube.com/watch?v=s6jsx1bE-kw","79"
"https://yt3.googleusercontent.com/VOmsT_3jZEugqpNxvNZ5q98NlClrmClLCxJgUMdnKVj5_zDVsaVdJAVRXwu6yMmVoCscWfL-Ick=s160-c-k-c0x00ffffff-no-rj","https://yt3.googleusercontent.com/KBdUG8ywd0Z2Xapdv9NFy2HmzLDE_JKf3Ms_otabYHjMPa9qne2sgK0de_npDVHvry40hZ0l=w2560-fcrop64=1,00005a57ffffa5a8-k-c0xffffffff-no-nd-rj","Travelling famers","UCwdhX_B2f7bKw1N4Nnn6z5A","Apr 24, 2024",,"Jefri bintang asia","23","5858","https://www.youtube.com/channel/UCwdhX_B2f7bKw1N4Nnn6z5A",,"10","false","2024-09-12T09:36:16.000Z",,"#pertanian","https://www.youtube.com/hashtag/pertanian","#petanimuda","https://www.youtube.com/hashtag/petanimuda","#bintangasia","https://www.youtube.com/hashtag/bintangasia","#petaniindonesiamaju","https://www.youtube.com/hashtag/petaniindonesiamaju","#petanimilenial","https://www.youtube.com/hashtag/petanimilenial","#benihunggul","https://www.youtube.com/hashtag/benihunggul","#bintangasia","https://www.youtube.com/hashtag/bintangasia","#pertanian","https://www.youtube.com/hashtag/pertanian","#hort","https://www.youtube.com/hashtag/hort",,,"00:03:42","https://www.youtube.com/@Jefribintangasia/videos","#benihunggul","#petaniindonesiamaju","#pertanian","IP-YASsypk8",,"https://www.youtube.com/@Jefribintangasia","false","false",,"22",,,"108",,,"#pertanian #petanimuda #bintangasia #petaniindonesiamaju #petanimilenial #benihunggul #bintangasia #pertanian #hort","https://i.ytimg.com/vi/IP-YASsypk8/maxresdefault.jpg?sqp=-oaymwEmCIAKENAF8quKqQMa8AEB-AH2CYAC0AWKAgwIABABGE8gZSg5MA8=&rs=AOn4CLB30wbvlaDmfOR35DQbKT7UElFT4w","Tanam Paria TARING F1, SANGAT MENGUNTUNGKAN....","video","https://www.youtube.com/watch?v=IP-YASsypk8","92"
"https://yt3.googleusercontent.com/VOmsT_3jZEugqpNxvNZ5q98NlClrmClLCxJgUMdnKVj5_zDVsaVdJAVRXwu6yMmVoCscWfL-Ick=s160-c-k-c0x00ffffff-no-rj","https://yt3.googleusercontent.com/KBdUG8ywd0Z2Xapdv9NFy2HmzLDE_JKf3Ms_otabYHjMPa9qne2sgK0de_npDVHvry40hZ0l=w2560-fcrop64=1,00005a57ffffa5a8-k-c0xffffffff-no-nd-rj","Travelling famers","UCwdhX_B2f7bKw1N4Nnn6z5A","Apr 24, 2024",,"Jefri bintang asia","23","5858","https://www.youtube.com/channel/UCwdhX_B2f7bKw1N4Nnn6z5A",,"14","false","2024-09-16T06:12:04.000Z",,"#bintangasia","https://www.youtube.com/hashtag/bintangasia","#pertanian","https://www.youtube.com/hashtag/pertanian","#petanimuda","https://www.youtube.com/hashtag/petanimuda","#buah","https://www.youtube.com/hashtag/buah","#shortvideo","https://www.youtube.com/hashtag/shortvideo","#benihcitraasia","https://www.youtube.com/hashtag/benihcitraasia","#petanimilenial","https://www.youtube.com/hashtag/petanimilenial","#benihunggul","https://www.youtube.com/hashtag/benihunggul",,,,,"00:04:00","https://www.youtube.com/@Jefribintangasia/videos","#benihunggul","#pertanian","#buah","jD0CSG94YIQ",,"https://www.youtube.com/@Jefribintangasia","false","false",,"14",,,"108",,,"#bintangasia #pertanian #petanimuda #buah #shortvideo #benihcitraasia #petanimilenial #benihunggul","https://i.ytimg.com/vi/jD0CSG94YIQ/maxresdefault.jpg?sqp=-oaymwEmCIAKENAF8quKqQMa8AEB-AH-CYAC0AWKAgwIABABGFYgcigbMA8=&rs=AOn4CLDRXasQIB9nTkghZj9Nxx2NmEqrYw","TANAM MELON LEONI MH F1, PANEN MELIMPAH...","video","https://www.youtube.com/watch?v=jD0CSG94YIQ","65"
"https://yt3.googleusercontent.com/VOmsT_3jZEugqpNxvNZ5q98NlClrmClLCxJgUMdnKVj5_zDVsaVdJAVRXwu6yMmVoCscWfL-Ick=s160-c-k-c0x00ffffff-no-rj","https://yt3.googleusercontent.com/KBdUG8ywd0Z2Xapdv9NFy2HmzLDE_JKf3Ms_otabYHjMPa9qne2sgK0de_npDVHvry40hZ0l=w2560-fcrop64=1,00005a57ffffa5a8-k-c0xffffffff-no-nd-rj","Travelling famers","UCwdhX_B2f7bKw1N4Nnn6z5A","Apr 24, 2024",,"Jefri bintang asia","23","5858","https://www.youtube.com/channel/UCwdhX_B2f7bKw1N4Nnn6z5A",,"0","false","2024-09-27T11:04:06.000Z",,"#shortvideo","https://www.youtube.com/hashtag/shortvideo","#benihcitraasia","https://www.youtube.com/hashtag/benihcitraasia","#benihunggul","https://www.youtube.com/hashtag/benihunggul","#petanimuda","https://www.youtube.com/hashtag/petanimuda","#petanimilenial","https://www.youtube.com/hashtag/petanimilenial","#shortvideo","https://www.youtube.com/hashtag/shortvideo","#inovasianaknegeri","https://www.youtube.com/hashtag/inovasianaknegeri","#bintangasia","https://www.youtube.com/hashtag/bintangasia",,,,,"00:11:24","https://www.youtube.com/@Jefribintangasia/videos","#benihunggul","#petanimilenial","#shortvideo","m4m5bX0rByI",,"https://www.youtube.com/@Jefribintangasia","false","false",,"12",,,"108",,,"#shortvideo #benihcitraasia #benihunggul #petanimuda #petanimilenial #shortvideo #inovasianaknegeri #bintangasia","https://i.ytimg.com/vi/m4m5bX0rByI/maxresdefault.jpg?sqp=-oaymwEmCIAKENAF8quKqQMa8AEB-AH-CYAC0AWKAgwIABABGFIgZShkMA8=&rs=AOn4CLD0Hm_XR7508RR0eYtgRlIvXVjCfQ","CMB MEGATOP F1, MUDAH PERWATAN, MERAH BUAHNYA, BERAT TIMBANGANNYA, HASIL MELIMPAH","video","https://www.youtube.com/watch?v=m4m5bX0rByI","81"
"https://yt3.googleusercontent.com/VOmsT_3jZEugqpNxvNZ5q98NlClrmClLCxJgUMdnKVj5_zDVsaVdJAVRXwu6yMmVoCscWfL-Ick=s160-c-k-c0x00ffffff-no-rj","https://yt3.googleusercontent.com/KBdUG8ywd0Z2Xapdv9NFy2HmzLDE_JKf3Ms_otabYHjMPa9qne2sgK0de_npDVHvry40hZ0l=w2560-fcrop64=1,00005a57ffffa5a8-k-c0xffffffff-no-nd-rj","Travelling famers","UCwdhX_B2f7bKw1N4Nnn6z5A","Apr 24, 2024",,"Jefri bintang asia","23","5858","https://www.youtube.com/channel/UCwdhX_B2f7bKw1N4Nnn6z5A",,"9","false","2024-09-18T11:27:55.000Z",,"#bintangasia","https://www.youtube.com/hashtag/bintangasia","#pertanian","https://www.youtube.com/hashtag/pertanian","#petanimuda","https://www.youtube.com/hashtag/petanimuda","#short","https://www.youtube.com/hashtag/short","#benihunggul","https://www.youtube.com/hashtag/benihunggul","#inovasianaknegeri","https://www.youtube.com/hashtag/inovasianaknegeri","#benihcitraasia","https://www.youtube.com/hashtag/benihcitraasia",,,,,,,"00:08:23","https://www.youtube.com/@Jefribintangasia/videos","#benihunggul","#pertanian","#short","6W3RO6Ydtww",,"https://www.youtube.com/@Jefribintangasia","false","false",,"25",,,"108",,,"#bintangasia #pertanian #petanimuda #short #benihunggul #inovasianaknegeri #benihcitraasia","https://i.ytimg.com/vi/6W3RO6Ydtww/maxresdefault.jpg?sqp=-oaymwEmCIAKENAF8quKqQMa8AEB-AH2CYAC0AWKAgwIABABGGUgZShlMA8=&rs=AOn4CLC5-ur4NCZz6gTr5NpV8444_I89pg","BUDIDAYA CMB MEGATOP F1, CARA JITU PENGENDALIA HPT DIUSIA 30 HST","video","https://www.youtube.com/watch?v=6W3RO6Ydtww","121"
"https://yt3.googleusercontent.com/VOmsT_3jZEugqpNxvNZ5q98NlClrmClLCxJgUMdnKVj5_zDVsaVdJAVRXwu6yMmVoCscWfL-Ick=s160-c-k-c0x00ffffff-no-rj","https://yt3.googleusercontent.com/KBdUG8ywd0Z2Xapdv9NFy2HmzLDE_JKf3Ms_otabYHjMPa9qne2sgK0de_npDVHvry40hZ0l=w2560-fcrop64=1,00005a57ffffa5a8-k-c0xffffffff-no-nd-rj","Travelling famers","UCwdhX_B2f7bKw1N4Nnn6z5A","Apr 24, 2024",,"Jefri bintang asia","23","5858","https://www.youtube.com/channel/UCwdhX_B2f7bKw1N4Nnn6z5A",,"6","false","2024-09-29T00:55:36.000Z",,"#kubishort","https://www.youtube.com/hashtag/kubishort","#bintangasia","https://www.youtube.com/hashtag/bintangasia","#benihcitraasia","https://www.youtube.com/hashtag/benihcitraasia","#benihunggul","https://www.youtube.com/hashtag/benihunggul","#inovasianaknegeri","https://www.youtube.com/hashtag/inovasianaknegeri","#shortvideo","https://www.youtube.com/hashtag/shortvideo","#petaniasia","https://www.youtube.com/hashtag/petaniasia",,,,,,,"00:04:57","https://www.youtube.com/@Jefribintangasia/videos","#benihunggul","#shortvideo","#kubishort","LbqIX6RMqls",,"https://www.youtube.com/@Jefribintangasia","false","false",,"11",,,"108",,,"#kubishort #bintangasia #benihcitraasia #benihunggul #inovasianaknegeri #shortvideo #petaniasia","https://i.ytimg.com/vi/LbqIX6RMqls/maxresdefault.jpg?sqp=-oaymwEmCIAKENAF8quKqQMa8AEB-AH-CYAC0AWKAgwIABABGFEgXyhlMA8=&rs=AOn4CLD-O4OkSXlP9v1Ir9JKMiJgF4Qi1A","COMPACT 22 F1, DI 300 MDPL, DAN PENGENDALIAN HPT","video","https://www.youtube.com/watch?v=LbqIX6RMqls","68"
"https://yt3.googleusercontent.com/VOmsT_3jZEugqpNxvNZ5q98NlClrmClLCxJgUMdnKVj5_zDVsaVdJAVRXwu6yMmVoCscWfL-Ick=s160-c-k-c0x00ffffff-no-rj","https://yt3.googleusercontent.com/KBdUG8ywd0Z2Xapdv9NFy2HmzLDE_JKf3Ms_otabYHjMPa9qne2sgK0de_npDVHvry40hZ0l=w2560-fcrop64=1,00005a57ffffa5a8-k-c0xffffffff-no-nd-rj","Travelling famers","UCwdhX_B2f7bKw1N4Nnn6z5A","Apr 24, 2024",,"Jefri bintang asia","23","5858","https://www.youtube.com/channel/UCwdhX_B2f7bKw1N4Nnn6z5A",,"9","false","2024-09-13T14:15:23.000Z",,"#bintangasia","https://www.youtube.com/hashtag/bintangasia","#pertanian","https://www.youtube.com/hashtag/pertanian","#petanimuda","https://www.youtube.com/hashtag/petanimuda","#berkebun","https://www.youtube.com/hashtag/berkebun","#short","https://www.youtube.com/hashtag/short","#shortvideo","https://www.youtube.com/hashtag/shortvideo","#shortsfeed","https://www.youtube.com/hashtag/shortsfeed","#shortfire","https://www.youtube.com/hashtag/shortfire","#indonesia","https://www.youtube.com/hashtag/indonesia","#petanimilenial","https://www.youtube.com/hashtag/petanimilenial","00:03:06","https://www.youtube.com/@Jefribintangasia/videos","#indonesia","#pertanian","#berkebun","98J5Qnn8qYE",,"https://www.youtube.com/@Jefribintangasia","false","false",,"11",,,"108",,,"#bintangasia #pertanian #petanimuda #berkebun #short #shortvideo #shortsfeed #shortfire #indonesia #petanimilenial","https://i.ytimg.com/vi/98J5Qnn8qYE/maxresdefault.jpg?sqp=-oaymwEmCIAKENAF8quKqQMa8AEB-AH-CYAC0AWKAgwIABABGFogZShNMA8=&rs=AOn4CLDpSbh_oocwf6-00tSro2ZYtVXr7Q","SEMANGKA DIVA F1, BUAH BESAR, TAHAN SIMPAN, DAN MENGHASILKAN BANYAK CUAN...","video","https://www.youtube.com/watch?v=98J5Qnn8qYE","62"
