﻿"channelAvatarUrl","channelBannerUrl","channelDescription","channelId","channelJoinedDate","channelLocation","channelName","channelTotalVideos","channelTotalViews","channelUrl","comments","commentsCount","commentsTurnedOff","date","descriptionLinks","duration","fromYTUrl","id","input","inputChannelUrl","isAgeRestricted","isChannelVerified","isMonetized","likes","location","note","numberOfSubscribers","order","subtitles","text","thumbnailUrl","title","type","url","viewCount"
,,,,,,,,,,,,,,,,,,"https://www.youtube.com/@IjunChannelBintangAsia",,,,,,,"The channel has no live videos.",,,,,,,,"https://www.youtube.com/@IjunChannelBintangAsia/about",
"https://yt3.googleusercontent.com/-eLLsRb4Uk9WIz-1mU0sfD2kUSKDcBpxvwLNaxoo5nh8SQkcRdmaoDN-AjB_MUeHbT_zpykTF5Q=s160-c-k-c0x00ffffff-no-rj","https://yt3.googleusercontent.com/v-cvSIUgxxDrJpDooECDLFN1LYWfgOtFkvcGtXTv4ww_qoOmquicfkXFK1IGU_8fP6jNd6gFXg=w2560-fcrop64=1,00005a57ffffa5a8-k-c0xffffffff-no-nd-rj","Chanel ini berisi tentang dunia pertanian","UC2ykkCz_Jcei_upCvHXlK4Q","Apr 23, 2016","Indonesia","Ijun Channel Bintang Asia","138","175177","https://www.youtube.com/channel/UC2ykkCz_Jcei_upCvHXlK4Q",,"0",,"2024-09-16T00:00:00.000Z",,,"https://www.youtube.com/@IjunChannelBintangAsia/shorts","MeM_NqZSQsY",,"https://www.youtube.com/@IjunChannelBintangAsia","false","false",,"1",,,"739","1",,,"https://i.ytimg.com/vi/MeM_NqZSQsY/oar2.jpg?sqp=-oaymwEdCJUDENAFSFWQAgHyq4qpAwwIARUAAIhCcAHAAQY=&rs=AOn4CLDBaSqo2DUSB7VE5nySOUXrBI46OQ","Pemupukan melon dengan cara di kocor","shorts","https://www.youtube.com/shorts/MeM_NqZSQsY","449"
"https://yt3.googleusercontent.com/-eLLsRb4Uk9WIz-1mU0sfD2kUSKDcBpxvwLNaxoo5nh8SQkcRdmaoDN-AjB_MUeHbT_zpykTF5Q=s160-c-k-c0x00ffffff-no-rj","https://yt3.googleusercontent.com/v-cvSIUgxxDrJpDooECDLFN1LYWfgOtFkvcGtXTv4ww_qoOmquicfkXFK1IGU_8fP6jNd6gFXg=w2560-fcrop64=1,00005a57ffffa5a8-k-c0xffffffff-no-nd-rj","Chanel ini berisi tentang dunia pertanian","UC2ykkCz_Jcei_upCvHXlK4Q","Apr 23, 2016","Indonesia","Ijun Channel Bintang Asia","138","175177","https://www.youtube.com/channel/UC2ykkCz_Jcei_upCvHXlK4Q",,"0",,"2024-09-14T13:41:07.000Z",,,"https://www.youtube.com/@IjunChannelBintangAsia/shorts","l9HT0mqs-4A",,"https://www.youtube.com/@IjunChannelBintangAsia","false","false",,"2",,,"739","5",,,"https://i.ytimg.com/vi/l9HT0mqs-4A/oar2.jpg?sqp=-oaymwEdCJUDENAFSFWQAgHyq4qpAwwIARUAAIhCcAHAAQY=&rs=AOn4CLB5JFBUhv93u311dkXG1Lc8FMZxRA","Alasan bpk kamim menanam semangma maduri","shorts","https://www.youtube.com/shorts/l9HT0mqs-4A","1206"
"https://yt3.googleusercontent.com/-eLLsRb4Uk9WIz-1mU0sfD2kUSKDcBpxvwLNaxoo5nh8SQkcRdmaoDN-AjB_MUeHbT_zpykTF5Q=s160-c-k-c0x00ffffff-no-rj","https://yt3.googleusercontent.com/v-cvSIUgxxDrJpDooECDLFN1LYWfgOtFkvcGtXTv4ww_qoOmquicfkXFK1IGU_8fP6jNd6gFXg=w2560-fcrop64=1,00005a57ffffa5a8-k-c0xffffffff-no-nd-rj","Chanel ini berisi tentang dunia pertanian","UC2ykkCz_Jcei_upCvHXlK4Q","Apr 23, 2016","Indonesia","Ijun Channel Bintang Asia","138","175177","https://www.youtube.com/channel/UC2ykkCz_Jcei_upCvHXlK4Q",,"5",,"2024-09-21T06:43:30.000Z",,,"https://www.youtube.com/@IjunChannelBintangAsia/shorts","H208Aa-hPTQ",,"https://www.youtube.com/@IjunChannelBintangAsia","false","false",,"7",,,"739","0",,,"https://i.ytimg.com/vi/H208Aa-hPTQ/oardefault.jpg","Pesona melon alison f1. Produk baru bintang asia","shorts","https://www.youtube.com/shorts/H208Aa-hPTQ","547"
"https://yt3.googleusercontent.com/-eLLsRb4Uk9WIz-1mU0sfD2kUSKDcBpxvwLNaxoo5nh8SQkcRdmaoDN-AjB_MUeHbT_zpykTF5Q=s160-c-k-c0x00ffffff-no-rj","https://yt3.googleusercontent.com/v-cvSIUgxxDrJpDooECDLFN1LYWfgOtFkvcGtXTv4ww_qoOmquicfkXFK1IGU_8fP6jNd6gFXg=w2560-fcrop64=1,00005a57ffffa5a8-k-c0xffffffff-no-nd-rj","Chanel ini berisi tentang dunia pertanian","UC2ykkCz_Jcei_upCvHXlK4Q","Apr 23, 2016","Indonesia","Ijun Channel Bintang Asia","138","175177","https://www.youtube.com/channel/UC2ykkCz_Jcei_upCvHXlK4Q",,"5","false","2024-09-14T05:15:38.000Z",,"00:04:23","https://www.youtube.com/@IjunChannelBintangAsia/videos","APy_NhcLziM",,"https://www.youtube.com/@IjunChannelBintangAsia","false","false",,"7",,,"739",,,"","https://i.ytimg.com/vi/APy_NhcLziM/maxresdefault.jpg","PETANI JOMBANG MENANANM SEMANGKA MADURI F1 DAN INDEN F1!!!! KALIAN KAPAN?","video","https://www.youtube.com/watch?v=APy_NhcLziM","151"
"https://yt3.googleusercontent.com/-eLLsRb4Uk9WIz-1mU0sfD2kUSKDcBpxvwLNaxoo5nh8SQkcRdmaoDN-AjB_MUeHbT_zpykTF5Q=s160-c-k-c0x00ffffff-no-rj","https://yt3.googleusercontent.com/v-cvSIUgxxDrJpDooECDLFN1LYWfgOtFkvcGtXTv4ww_qoOmquicfkXFK1IGU_8fP6jNd6gFXg=w2560-fcrop64=1,00005a57ffffa5a8-k-c0xffffffff-no-nd-rj","Chanel ini berisi tentang dunia pertanian","UC2ykkCz_Jcei_upCvHXlK4Q","Apr 23, 2016","Indonesia","Ijun Channel Bintang Asia","138","175177","https://www.youtube.com/channel/UC2ykkCz_Jcei_upCvHXlK4Q",,"2","false","2024-09-11T12:25:22.000Z",,"00:03:04","https://www.youtube.com/@IjunChannelBintangAsia/videos","2_3DmgpOjs8",,"https://www.youtube.com/@IjunChannelBintangAsia","false","false",,"4",,,"739",,,"","https://i.ytimg.com/vi/2_3DmgpOjs8/maxresdefault.jpg","JAGUNG HIBRIDA BETRAS 10. TESTIMONI LANGSUNG DARI PETANI","video","https://www.youtube.com/watch?v=2_3DmgpOjs8","208"
"https://yt3.googleusercontent.com/-eLLsRb4Uk9WIz-1mU0sfD2kUSKDcBpxvwLNaxoo5nh8SQkcRdmaoDN-AjB_MUeHbT_zpykTF5Q=s160-c-k-c0x00ffffff-no-rj","https://yt3.googleusercontent.com/v-cvSIUgxxDrJpDooECDLFN1LYWfgOtFkvcGtXTv4ww_qoOmquicfkXFK1IGU_8fP6jNd6gFXg=w2560-fcrop64=1,00005a57ffffa5a8-k-c0xffffffff-no-nd-rj","Chanel ini berisi tentang dunia pertanian","UC2ykkCz_Jcei_upCvHXlK4Q","Apr 23, 2016","Indonesia","Ijun Channel Bintang Asia","138","175177","https://www.youtube.com/channel/UC2ykkCz_Jcei_upCvHXlK4Q",,"8","false","2024-09-12T10:15:53.000Z",,"00:02:26","https://www.youtube.com/@IjunChannelBintangAsia/videos","WCGbHVvea8Q",,"https://www.youtube.com/@IjunChannelBintangAsia","false","false",,"9",,,"739",,,"","https://i.ytimg.com/vi/WCGbHVvea8Q/maxresdefault.jpg?sqp=-oaymwEmCIAKENAF8quKqQMa8AEB-AH-CYAC0AWKAgwIABABGFogZShQMA8=&rs=AOn4CLDmGyR0HSlSQBOD2cNQHXRjr2ce7w","REVIEW CABAI BESAR HAGAN F1 DARI BINTANG ASIA","video","https://www.youtube.com/watch?v=WCGbHVvea8Q","233"
"https://yt3.googleusercontent.com/-eLLsRb4Uk9WIz-1mU0sfD2kUSKDcBpxvwLNaxoo5nh8SQkcRdmaoDN-AjB_MUeHbT_zpykTF5Q=s160-c-k-c0x00ffffff-no-rj","https://yt3.googleusercontent.com/v-cvSIUgxxDrJpDooECDLFN1LYWfgOtFkvcGtXTv4ww_qoOmquicfkXFK1IGU_8fP6jNd6gFXg=w2560-fcrop64=1,00005a57ffffa5a8-k-c0xffffffff-no-nd-rj","Chanel ini berisi tentang dunia pertanian","UC2ykkCz_Jcei_upCvHXlK4Q","Apr 23, 2016","Indonesia","Ijun Channel Bintang Asia","138","175177","https://www.youtube.com/channel/UC2ykkCz_Jcei_upCvHXlK4Q",,"0",,"2024-09-16T00:00:00.000Z",,,"https://www.youtube.com/@IjunChannelBintangAsia/shorts","S6lxh_vYG9s",,"https://www.youtube.com/@IjunChannelBintangAsia","false","false",,"8",,,"739","2",,,"https://i.ytimg.com/vi/S6lxh_vYG9s/oar2.jpg?sqp=-oaymwEdCJUDENAFSFWQAgHyq4qpAwwIARUAAIhCcAHAAQY=&rs=AOn4CLAcOFlfaXOB4Upn-b9UvX9_zJ-Qcw","Jagung hibrida betras 9","shorts","https://www.youtube.com/shorts/S6lxh_vYG9s","621"
"https://yt3.googleusercontent.com/-eLLsRb4Uk9WIz-1mU0sfD2kUSKDcBpxvwLNaxoo5nh8SQkcRdmaoDN-AjB_MUeHbT_zpykTF5Q=s160-c-k-c0x00ffffff-no-rj","https://yt3.googleusercontent.com/v-cvSIUgxxDrJpDooECDLFN1LYWfgOtFkvcGtXTv4ww_qoOmquicfkXFK1IGU_8fP6jNd6gFXg=w2560-fcrop64=1,00005a57ffffa5a8-k-c0xffffffff-no-nd-rj","Chanel ini berisi tentang dunia pertanian","UC2ykkCz_Jcei_upCvHXlK4Q","Apr 23, 2016","Indonesia","Ijun Channel Bintang Asia","138","175177","https://www.youtube.com/channel/UC2ykkCz_Jcei_upCvHXlK4Q",,"13",,"2024-09-15T00:00:00.000Z",,,"https://www.youtube.com/@IjunChannelBintangAsia/shorts","ukE2DZt8hho",,"https://www.youtube.com/@IjunChannelBintangAsia","false","false",,"12",,,"739","3",,,"https://i.ytimg.com/vi/ukE2DZt8hho/oar2.jpg?sqp=-oaymwEdCJUDENAFSFWQAgHyq4qpAwwIARUAAIhCcAHAAQY=&rs=AOn4CLDJhwRcFNFU70LTW4Gmgy8tjVGuTA","Alasan pak masrukin menanam semangka maduri dan inden","shorts","https://www.youtube.com/shorts/ukE2DZt8hho","525"
"https://yt3.googleusercontent.com/-eLLsRb4Uk9WIz-1mU0sfD2kUSKDcBpxvwLNaxoo5nh8SQkcRdmaoDN-AjB_MUeHbT_zpykTF5Q=s160-c-k-c0x00ffffff-no-rj","https://yt3.googleusercontent.com/v-cvSIUgxxDrJpDooECDLFN1LYWfgOtFkvcGtXTv4ww_qoOmquicfkXFK1IGU_8fP6jNd6gFXg=w2560-fcrop64=1,00005a57ffffa5a8-k-c0xffffffff-no-nd-rj","Chanel ini berisi tentang dunia pertanian","UC2ykkCz_Jcei_upCvHXlK4Q","Apr 23, 2016","Indonesia","Ijun Channel Bintang Asia","138","175177","https://www.youtube.com/channel/UC2ykkCz_Jcei_upCvHXlK4Q",,"0",,"2024-09-15T09:18:12.000Z",,,"https://www.youtube.com/@IjunChannelBintangAsia/shorts","iSdwXN5WMAg",,"https://www.youtube.com/@IjunChannelBintangAsia","false","false",,"3",,,"739","4",,,"https://i.ytimg.com/vi/iSdwXN5WMAg/oar2.jpg?sqp=-oaymwEdCJ0EENAFSFWQAgHyq4qpAwwIARUAAIhCcAHAAQY=&rs=AOn4CLCQOeBAma_jxI8zdCLrfXojX9xpSw","Cabai keriting cmk tavi","shorts","https://www.youtube.com/shorts/iSdwXN5WMAg","308"
"https://yt3.googleusercontent.com/-eLLsRb4Uk9WIz-1mU0sfD2kUSKDcBpxvwLNaxoo5nh8SQkcRdmaoDN-AjB_MUeHbT_zpykTF5Q=s160-c-k-c0x00ffffff-no-rj","https://yt3.googleusercontent.com/v-cvSIUgxxDrJpDooECDLFN1LYWfgOtFkvcGtXTv4ww_qoOmquicfkXFK1IGU_8fP6jNd6gFXg=w2560-fcrop64=1,00005a57ffffa5a8-k-c0xffffffff-no-nd-rj","Chanel ini berisi tentang dunia pertanian","UC2ykkCz_Jcei_upCvHXlK4Q","Apr 23, 2016","Indonesia","Ijun Channel Bintang Asia","138","175177","https://www.youtube.com/channel/UC2ykkCz_Jcei_upCvHXlK4Q",,"4",,"2024-09-03T00:00:00.000Z",,,"https://www.youtube.com/@IjunChannelBintangAsia/shorts","LgDhy1A2H6M",,"https://www.youtube.com/@IjunChannelBintangAsia","false","false",,"2",,,"739","8",,,"https://i.ytimg.com/vi/LgDhy1A2H6M/oardefault.jpg?sqp=-oaymwEdCJUDENAFSFWQAgHyq4qpAwwIARUAAIhCcAHAAQY=&rs=AOn4CLCwChRPDktFv-ZweuydJrjXKzHwkw","Jagung hibrida betras 10","shorts","https://www.youtube.com/shorts/LgDhy1A2H6M","540"
"https://yt3.googleusercontent.com/-eLLsRb4Uk9WIz-1mU0sfD2kUSKDcBpxvwLNaxoo5nh8SQkcRdmaoDN-AjB_MUeHbT_zpykTF5Q=s160-c-k-c0x00ffffff-no-rj","https://yt3.googleusercontent.com/v-cvSIUgxxDrJpDooECDLFN1LYWfgOtFkvcGtXTv4ww_qoOmquicfkXFK1IGU_8fP6jNd6gFXg=w2560-fcrop64=1,00005a57ffffa5a8-k-c0xffffffff-no-nd-rj","Chanel ini berisi tentang dunia pertanian","UC2ykkCz_Jcei_upCvHXlK4Q","Apr 23, 2016","Indonesia","Ijun Channel Bintang Asia","138","175177","https://www.youtube.com/channel/UC2ykkCz_Jcei_upCvHXlK4Q",,"1",,"2024-09-11T10:34:39.000Z",,,"https://www.youtube.com/@IjunChannelBintangAsia/shorts","UN94Oj6YxCo",,"https://www.youtube.com/@IjunChannelBintangAsia","false","false",,"3",,,"739","7",,,"https://i.ytimg.com/vi/UN94Oj6YxCo/oar2.jpg?sqp=-oaymwEdCJUDENAFSFWQAgHyq4qpAwwIARUAAIhCcAHAAQY=&rs=AOn4CLChAKW3CJBaIOmG0iVk36QAfuxuvw","Cabai besar hagan f1","shorts","https://www.youtube.com/shorts/UN94Oj6YxCo","228"
"https://yt3.googleusercontent.com/-eLLsRb4Uk9WIz-1mU0sfD2kUSKDcBpxvwLNaxoo5nh8SQkcRdmaoDN-AjB_MUeHbT_zpykTF5Q=s160-c-k-c0x00ffffff-no-rj","https://yt3.googleusercontent.com/v-cvSIUgxxDrJpDooECDLFN1LYWfgOtFkvcGtXTv4ww_qoOmquicfkXFK1IGU_8fP6jNd6gFXg=w2560-fcrop64=1,00005a57ffffa5a8-k-c0xffffffff-no-nd-rj","Chanel ini berisi tentang dunia pertanian","UC2ykkCz_Jcei_upCvHXlK4Q","Apr 23, 2016","Indonesia","Ijun Channel Bintang Asia","138","175177","https://www.youtube.com/channel/UC2ykkCz_Jcei_upCvHXlK4Q",,"3",,"2024-09-14T05:28:27.000Z",,,"https://www.youtube.com/@IjunChannelBintangAsia/shorts","RWMSkd2Bc3A",,"https://www.youtube.com/@IjunChannelBintangAsia","false","false",,"8",,,"739","6",,,"https://i.ytimg.com/vi/RWMSkd2Bc3A/oar2.jpg?sqp=-oaymwEdCJUDENAFSFWQAgHyq4qpAwwIARUAAIhCcAHAAQY=&rs=AOn4CLBQ9NXMnQdfapgx6tFhA7e0Ut2KgQ","Petani menanam semangka maduri dan indenn","shorts","https://www.youtube.com/shorts/RWMSkd2Bc3A","572"
