﻿"attachments/0/__typename","attachments/0/animated_image","attachments/0/animated_image/uri","attachments/0/frame_count","attachments/0/frame_rate","attachments/0/frames_per_column","attachments/0/frames_per_row","attachments/0/id","attachments/0/image/height","attachments/0/image/uri","attachments/0/image/width","attachments/0/label","attachments/0/pack","attachments/0/pack/id","attachments/0/pack/name","attachments/0/sprite_image","attachments/0/sprite_image/uri","attachments/0/target/__typename","attachments/0/target/id","attachments/0/target/matching_quantity","attachments/0/target/spark_quantity","attachments/0/target/stars_image_on_star_quantity","attachments/0/target/virtual_gift","attachments/0/target/virtual_gift_type/__typename","attachments/0/target/virtual_gift_type/gift_animated_image","attachments/0/target/virtual_gift_type/gift_image","attachments/0/target/virtual_gift_type/gift_keyframe_asset_name","attachments/0/target/virtual_gift_type/gift_keyframe_asset_url","attachments/0/target/virtual_gift_type/id","commentUrl","comments/0/attachments/0/__typename","comments/0/attachments/0/animated_image/uri","comments/0/attachments/0/frame_count","comments/0/attachments/0/frame_rate","comments/0/attachments/0/frames_per_column","comments/0/attachments/0/frames_per_row","comments/0/attachments/0/id","comments/0/attachments/0/image/height","comments/0/attachments/0/image/uri","comments/0/attachments/0/image/width","comments/0/attachments/0/label","comments/0/attachments/0/pack/id","comments/0/attachments/0/pack/name","comments/0/attachments/0/sprite_image/uri","comments/0/commentUrl","comments/0/commentsCount","comments/0/date","comments/0/feedbackId","comments/0/id","comments/0/likesCount","comments/0/parentComment/author/__typename","comments/0/parentComment/author/id","comments/0/parentComment/author/name","comments/0/parentComment/author/short_name","comments/0/parentComment/id","comments/0/profileId","comments/0/profileName","comments/0/profilePicture","comments/0/profileUrl","comments/0/replyToCommentId","comments/0/text","comments/0/threadingDepth","comments/1/commentUrl","comments/1/date","comments/1/feedbackId","comments/1/id","comments/1/likesCount","comments/1/parentComment/author/__typename","comments/1/parentComment/author/id","comments/1/parentComment/author/name","comments/1/parentComment/author/short_name","comments/1/parentComment/id","comments/1/profileId","comments/1/profileName","comments/1/profilePicture","comments/1/profileUrl","comments/1/replyToCommentId","comments/1/text","comments/1/threadingDepth","commentsCount","date","facebookId","facebookUrl","feedbackId","id","inputUrl","likesCount","pageAdLibrary/id","pageAdLibrary/is_business_page_active","pageAdLibrary/woodhenge_creator_info","parentComment/author/__typename","parentComment/author/id","parentComment/author/name","parentComment/author/short_name","parentComment/id","postTitle","profileId","profileName","profilePicture","profileUrl","replyToCommentId","text","threadingDepth"
,,,,,,,,,,,,,,,,,,,,,,,,,,,,,"https://www.facebook.com/reel/2006393493150562/?comment_id=1176519650243785",,,,,,,,,,,,,,,,,,,,,,,,,,,,,,,,,,,,,,,,,,,,,,,,,,,"2024-09-06T21:39:39.000Z","822164903433684","https://www.facebook.com/100069205464353/posts/822164903433684","ZmVlZGJhY2s6ODIyMTY0OTAzNDMzNjg0XzExNzY1MTk2NTAyNDM3ODU=","Y29tbWVudDo4MjIxNjQ5MDM0MzM2ODRfMTE3NjUxOTY1MDI0Mzc4NQ==","https://www.facebook.com/100069205464353/posts/822164903433684","0","233184383212138",,,,,,,,"Ready kohe kambing giling MURNI.
Bagus buat dasaran karna mengandung unsur hara yg di butuhkan tanama. Dan dapat memperbaiki struktur tanah yg rusak. Kenapa harus kohe kambing?
Karna tidak mengandung...","pfbid02AKhhrZMcThgC3mBd5tmKhE6FkEAc5shVR2Ktv4mXfvRB2AekSeUgQLh67PpRpnp9l","AL","https://scontent.fist20-1.fna.fbcdn.net/v/t39.30808-1/432579998_1083946406056371_1092278102466940213_n.jpg?stp=c0.0.720.720a_cp0_dst-jpg_s32x32&_nc_cat=109&ccb=1-7&_nc_sid=0ecb9b&_nc_ohc=bgbmrVQzhgoQ7kNvgE7d3hA&_nc_ht=scontent.fist20-1.fna&_nc_gid=AAnRah9LA-1SXwU3162pSF1&oh=00_AYBtvyjKR8x2VjuMQZ8t2ya5Sad1hgW9vHuJXtC4Y-WRiA&oe=670EA674","https://www.facebook.com/people/AL/pfbid02AKhhrZMcThgC3mBd5tmKhE6FkEAc5shVR2Ktv4mXfvRB2AekSeUgQLh67PpRpnp9l/",,"Nota","0"
,,,,,,,,,,,,,,,,,,,,,,,,,,,,,"https://www.facebook.com/reel/2006393493150562/?comment_id=2197334860667163",,,,,,,,,,,,,,,,,,,,,,,,,,,,,,,,,,,,,,,,,,,,,,,,,,,"2024-09-10T05:47:02.000Z","822164903433684","https://www.facebook.com/100069205464353/posts/822164903433684","ZmVlZGJhY2s6ODIyMTY0OTAzNDMzNjg0XzIxOTczMzQ4NjA2NjcxNjM=","Y29tbWVudDo4MjIxNjQ5MDM0MzM2ODRfMjE5NzMzNDg2MDY2NzE2Mw==","https://www.facebook.com/100069205464353/posts/822164903433684","0","233184383212138",,,,,,,,"Ready kohe kambing giling MURNI.
Bagus buat dasaran karna mengandung unsur hara yg di butuhkan tanama. Dan dapat memperbaiki struktur tanah yg rusak. Kenapa harus kohe kambing?
Karna tidak mengandung...","pfbid05AFQEq8eTwoPhTBv9oT8ogS1JkbA3A7PZQnTmYcp8CGTUug8oGc3kpiw3MeLquznl","Gaishan R","https://scontent.fist7-2.fna.fbcdn.net/v/t39.30808-1/379721691_3560182704263629_8929060375250094336_n.jpg?stp=cp0_dst-jpg_s32x32&_nc_cat=106&ccb=1-7&_nc_sid=0ecb9b&_nc_ohc=sDsLgsITwTEQ7kNvgF3vBbI&_nc_ht=scontent.fist7-2.fna&_nc_gid=AAnRah9LA-1SXwU3162pSF1&oh=00_AYBn5QcSnSrGoyGsClqhDrsg-Y9zkQBLuB9lpuxThZb8AQ&oe=670EC004","https://www.facebook.com/alfiodhani.alfiodhani",,"Per karung berapa kg bosku... Plus nota piro???","0"
,,,,,,,,,,,,,,,,,,,,,,,,,,,,,"https://www.facebook.com/permalink.php?story_fbid=pfbid075RdNP6KPKJJ8GMbtR7Kj6bffEd5AoH1W6BSELKAaAzegnUf5DANJttTjNTVwj13l&id=100069205464353&comment_id=1127235771860890",,,,,,,,,,,,,,,,,,,,,,,,,,,,,,,,,,,,,,,,,,,,,,,,,,,"2024-09-30T04:22:32.000Z","840789508237890","https://www.facebook.com/100069205464353/posts/840789508237890","ZmVlZGJhY2s6ODQwNzg5NTA4MjM3ODkwXzExMjcyMzU3NzE4NjA4OTA=","Y29tbWVudDo4NDA3ODk1MDgyMzc4OTBfMTEyNzIzNTc3MTg2MDg5MA==","https://www.facebook.com/100069205464353/posts/840789508237890","1","355442210992705","false",,,,,,,"Helly Seedling. 337 likes · 151 talking about this. bibit sayuran🌱 semangka🍉 dll
Desa srisawahan deket wisata Bendungan Dam Raman.🏡wa :082280717454📲","100069205464353","Helly Seedling","https://scontent-iad3-1.xx.fbcdn.net/v/t39.30808-1/428336159_702155295434646_5059998008807722009_n.jpg?stp=cp6_dst-jpg_s32x32&_nc_cat=108&ccb=1-7&_nc_sid=50d2ac&_nc_ohc=oQuxO_nDRHAQ7kNvgGjyrkE&_nc_zt=24&_nc_ht=scontent-iad3-1.xx&_nc_gid=A095wo-cszvGXjmEhuPRSO9&oh=00_AYDozGZD9FcI0I0FK-JEnr-QUo86eQuFEpyann4qCnS7zw&oe=670E994D","https://www.facebook.com/people/Helly-Seedling/100069205464353/",,"Trimakasih","0"
,,,,,,,,,,,,,,,,,,,,,,,,,,,,,"https://www.facebook.com/permalink.php?story_fbid=pfbid075RdNP6KPKJJ8GMbtR7Kj6bffEd5AoH1W6BSELKAaAzegnUf5DANJttTjNTVwj13l&id=100069205464353&comment_id=2193697634350096",,,,,,,,,,,,,,,,,,,,,,,,,,,,,,,,,,,,,,,,,,,,,,,,,,,"2024-09-30T04:10:34.000Z","840789508237890","https://www.facebook.com/100069205464353/posts/840789508237890","ZmVlZGJhY2s6ODQwNzg5NTA4MjM3ODkwXzIxOTM2OTc2MzQzNTAwOTY=","Y29tbWVudDo4NDA3ODk1MDgyMzc4OTBfMjE5MzY5NzYzNDM1MDA5Ng==","https://www.facebook.com/100069205464353/posts/840789508237890","1","355442210992705","false",,,,,,,"Helly Seedling. 337 likes · 151 talking about this. bibit sayuran🌱 semangka🍉 dll
Desa srisawahan deket wisata Bendungan Dam Raman.🏡wa :082280717454📲","100065666973498","Davina Azkiya","https://scontent-iad3-1.xx.fbcdn.net/v/t39.30808-1/310827072_448278690704360_4714759928606141569_n.jpg?stp=cp0_dst-jpg_s32x32&_nc_cat=110&ccb=1-7&_nc_sid=50d2ac&_nc_ohc=TguW6s6G6MQQ7kNvgG-oUrc&_nc_zt=24&_nc_ht=scontent-iad3-1.xx&_nc_gid=A095wo-cszvGXjmEhuPRSO9&oh=00_AYBFg0gMsN0RhJP6b8KL3_HP9IISpoYC2FTQ4fS7zJjBYA&oe=670EAF86","https://www.facebook.com/davina.azkiya.9",,"Keren bang","0"
"Sticker",,"https://scontent-iad3-1.xx.fbcdn.net/v/t39.1997-6/68894373_1459627387495333_5835456569109643264_n.webp?stp=dst-webp_s110x80&_nc_cat=1&ccb=1-7&_nc_sid=ba09c1&_nc_ohc=-rb1o99wV-wQ7kNvgHuEvam&_nc_zt=26&_nc_ht=scontent-iad3-1.xx&_nc_gid=A095wo-cszvGXjmEhuPRSO9&oh=00_AYDdW9mhemttdN4nZofubf8i-1Yg34iwe0K2TCDPez-WMg&oe=670E9DA3","14","100","4","4","514561552001926","80","https://scontent-iad3-1.xx.fbcdn.net/v/t39.1997-6/69142452_1459627590828646_6160083988481310720_n.png?stp=cp0_dst-png_s110x80&_nc_cat=1&ccb=1-7&_nc_sid=23dd7b&_nc_ohc=wknZFuYFHb8Q7kNvgF6apW1&_nc_zt=26&_nc_ht=scontent-iad3-1.xx&_nc_gid=A095wo-cszvGXjmEhuPRSO9&oh=00_AYC9IrIasPJoEnzfFwWRykHvMkgdQj16raryO6GIQEGFiA&oe=670E9391","80","Business fish, a person with a pink fish head wearing a suit and tie, giving a large thumbs up with their right hand and saying good",,"493674027424012","Executive Business Fish",,"https://scontent-iad3-1.xx.fbcdn.net/v/t39.1997-6/68866962_1459627384162000_4858367271799619584_n.png?stp=dst-png_p320x320&_nc_cat=1&ccb=1-7&_nc_sid=ba09c1&_nc_ohc=b31sbLMyBRoQ7kNvgHNH6TY&_nc_zt=26&_nc_ht=scontent-iad3-1.xx&_nc_gid=A095wo-cszvGXjmEhuPRSO9&oh=00_AYD6bDmdp1Fb-ruh68UtXSnoLIed-03vZKLJE8P8LghA_g&oe=670EB948",,,,,,,,,,,,,"https://www.facebook.com/permalink.php?story_fbid=pfbid075RdNP6KPKJJ8GMbtR7Kj6bffEd5AoH1W6BSELKAaAzegnUf5DANJttTjNTVwj13l&id=100069205464353&comment_id=1231142084602147",,,,,,,,,,,,,,,,,,,,,,,,,,,,,,,,,,,,,,,,,,,,,,,,,,,"2024-09-30T13:05:31.000Z","840789508237890","https://www.facebook.com/100069205464353/posts/840789508237890","ZmVlZGJhY2s6ODQwNzg5NTA4MjM3ODkwXzEyMzExNDIwODQ2MDIxNDc=","Y29tbWVudDo4NDA3ODk1MDgyMzc4OTBfMTIzMTE0MjA4NDYwMjE0Nw==","https://www.facebook.com/100069205464353/posts/840789508237890","1","355442210992705","false",,,,,,,"Helly Seedling. 337 likes · 151 talking about this. bibit sayuran🌱 semangka🍉 dll
Desa srisawahan deket wisata Bendungan Dam Raman.🏡wa :082280717454📲","pfbid0ogkzt5pbgxPnrV7UY9A6DEyTqem2kyY54DLGswUMXoP1hZGmD2pvbFZbbe8purxCl","Sunar Tani","https://scontent-iad3-2.xx.fbcdn.net/v/t1.6435-1/93576732_106916267662838_767661293183172608_n.jpg?stp=c130.0.780.780a_cp0_dst-jpg_s32x32&_nc_cat=111&ccb=1-7&_nc_sid=0ecb9b&_nc_ohc=PhnB_SfJeUcQ7kNvgGbUs0I&_nc_zt=24&_nc_ht=scontent-iad3-2.xx&_nc_gid=A095wo-cszvGXjmEhuPRSO9&oh=00_AYB78p7M2sCXnqzEk8eQZGV4h4VhIcgAGtrjmECPBSIYcg&oe=673034DD","https://www.facebook.com/sunar.tani.5",,"Bibit apa boss","0"
,,,,,,,,,,,,,,,,,,,,,,,,,,,,,"https://www.facebook.com/permalink.php?story_fbid=pfbid075RdNP6KPKJJ8GMbtR7Kj6bffEd5AoH1W6BSELKAaAzegnUf5DANJttTjNTVwj13l&id=100069205464353&comment_id=1051745172840066",,,,,,,,,,,,,,,"https://www.facebook.com/permalink.php?story_fbid=pfbid075RdNP6KPKJJ8GMbtR7Kj6bffEd5AoH1W6BSELKAaAzegnUf5DANJttTjNTVwj13l&id=100069205464353&comment_id=1051745172840066&reply_comment_id=400969832868159",,"2024-10-02T07:38:38.000Z","ZmVlZGJhY2s6ODQwNzg5NTA4MjM3ODkwXzQwMDk2OTgzMjg2ODE1OQ==","Y29tbWVudDo4NDA3ODk1MDgyMzc4OTBfNDAwOTY5ODMyODY4MTU5","0","User","pfbid023dtz5eeoyviZBXWbqYnUtPK8BT5GVJ56DR7ytjYzYXK7199fFzwyA1mFUZdBaU28l","Jumingin","Jumingin","Y29tbWVudDo4NDA3ODk1MDgyMzc4OTBfMTA1MTc0NTE3Mjg0MDA2Ng==","100069205464353","Helly Seedling","https://scontent-iad3-1.xx.fbcdn.net/v/t39.30808-1/428336159_702155295434646_5059998008807722009_n.jpg?stp=cp6_dst-jpg_s32x32&_nc_cat=108&ccb=1-7&_nc_sid=50d2ac&_nc_ohc=oQuxO_nDRHAQ7kNvgGjyrkE&_nc_zt=24&_nc_ht=scontent-iad3-1.xx&_nc_gid=A095wo-cszvGXjmEhuPRSO9&oh=00_AYDozGZD9FcI0I0FK-JEnr-QUo86eQuFEpyann4qCnS7zw&oe=670E994D","https://www.facebook.com/people/Helly-Seedling/100069205464353/","Y29tbWVudDo4NDA3ODk1MDgyMzc4OTBfMTA1MTc0NTE3Mjg0MDA2Ng==","Jumingin sandjng pertashop Srisawahan","1",,,,,,,,,,,,,,,,,,"1","2024-10-02T07:29:03.000Z","840789508237890","https://www.facebook.com/100069205464353/posts/840789508237890","ZmVlZGJhY2s6ODQwNzg5NTA4MjM3ODkwXzEwNTE3NDUxNzI4NDAwNjY=","Y29tbWVudDo4NDA3ODk1MDgyMzc4OTBfMTA1MTc0NTE3Mjg0MDA2Ng==","https://www.facebook.com/100069205464353/posts/840789508237890","1","355442210992705","false",,,,,,,"Helly Seedling. 337 likes · 151 talking about this. bibit sayuran🌱 semangka🍉 dll
Desa srisawahan deket wisata Bendungan Dam Raman.🏡wa :082280717454📲","pfbid023dtz5eeoyviZBXWbqYnUtPK8BT5GVJ56DR7ytjYzYXK7199fFzwyA1mFUZdBaU28l","Jumingin","https://scontent-iad3-2.xx.fbcdn.net/v/t39.30808-1/400152163_350168867669761_3470593595224753686_n.jpg?stp=cp0_dst-jpg_s32x32&_nc_cat=106&ccb=1-7&_nc_sid=0ecb9b&_nc_ohc=Ze2Rt38sOe4Q7kNvgFtLfzm&_nc_zt=24&_nc_ht=scontent-iad3-2.xx&_nc_gid=A095wo-cszvGXjmEhuPRSO9&oh=00_AYDCyPDtC0wWvhurA2aRvGpIHDBdJ-3iEo5W2yhju_THOQ&oe=670E912D","https://www.facebook.com/people/Jumingin/pfbid023dtz5eeoyviZBXWbqYnUtPK8BT5GVJ56DR7ytjYzYXK7199fFzwyA1mFUZdBaU28l/",,"Sebelah pembibitan kae Yo mbak","0"
"Sticker",,,"1","83","1","1","140051381647167","80","https://scontent-iad3-1.xx.fbcdn.net/v/t39.1997-6/240516696_140051384980500_4324639588081017510_n.png?stp=cp0_dst-png_s110x80&_nc_cat=1&ccb=1-7&_nc_sid=23dd7b&_nc_ohc=TlKH996CHlwQ7kNvgFB_NBM&_nc_zt=26&_nc_ht=scontent-iad3-1.xx&_nc_gid=A095wo-cszvGXjmEhuPRSO9&oh=00_AYBsL9QM0Z0faqFpo_sGK7bVXvOC9n0n06IYGtk3qrBsYA&oe=670EB998","80","",,"140047671647538","[Newsfeed] Philippines First Party",,,,,,,,,,,,,,,"https://www.facebook.com/permalink.php?story_fbid=pfbid075RdNP6KPKJJ8GMbtR7Kj6bffEd5AoH1W6BSELKAaAzegnUf5DANJttTjNTVwj13l&id=100069205464353&comment_id=1067546078327036",,,,,,,,,,,,,,,,,,,,,,,,,,,,,,,,,,,,,,,,,,,,,,,,,,,"2024-09-30T03:28:45.000Z","840789508237890","https://www.facebook.com/100069205464353/posts/840789508237890","ZmVlZGJhY2s6ODQwNzg5NTA4MjM3ODkwXzEwNjc1NDYwNzgzMjcwMzY=","Y29tbWVudDo4NDA3ODk1MDgyMzc4OTBfMTA2NzU0NjA3ODMyNzAzNg==","https://www.facebook.com/100069205464353/posts/840789508237890","1","355442210992705","false",,,,,,,"Helly Seedling. 337 likes · 151 talking about this. bibit sayuran🌱 semangka🍉 dll
Desa srisawahan deket wisata Bendungan Dam Raman.🏡wa :082280717454📲","100000463903590","Wong Ndalan","https://scontent-iad3-1.xx.fbcdn.net/v/t39.30808-1/323054068_571971727595747_7137331048919211238_n.jpg?stp=cp0_dst-jpg_s32x32&_nc_cat=104&ccb=1-7&_nc_sid=50d2ac&_nc_ohc=TXcsjb1lVpoQ7kNvgHpfIe0&_nc_zt=24&_nc_ht=scontent-iad3-1.xx&_nc_gid=A095wo-cszvGXjmEhuPRSO9&oh=00_AYBK9IOIC_g2sYx-Y9Scfw56qezZMlJWR7rJ93IjZ95-9Q&oe=670E8B42",,,,"0"
,,,,,,,,,,,,,,,,,,,,,,,,,,,,,"https://www.facebook.com/reel/502471772709730/?comment_id=1204733980812093",,,,,,,,,,,,,,,,,,,,,,,,,,,,,,,,,,,,,,,,,,,,,,,,,,"2","2024-10-03T09:51:53.000Z","843209521329222","https://www.facebook.com/100069205464353/posts/843209521329222","ZmVlZGJhY2s6ODQzMjA5NTIxMzI5MjIyXzEyMDQ3MzM5ODA4MTIwOTM=","Y29tbWVudDo4NDMyMDk1MjEzMjkyMjJfMTIwNDczMzk4MDgxMjA5Mw==","https://www.facebook.com/100069205464353/posts/843209521329222","2","233184383212138",,,,,,,,"02 Oktober 2024.

OKREEEEEEE!!!
Helly Seedling kembali menjadi tempat pertemuan bagi rekan rekan sepesial yaitu pak Sugito Semangko yg menjadi salah satu petani semangka sukses dari Bangko Jambi, ada...","pfbid0cxvAdKzyPuf6NJKXqvWwbeM3aYiJwaqW5FQ6zDV2KYaGuHdxXJJqXmELqeYT3Saml","Sugito Semangko","https://scontent-iad3-2.xx.fbcdn.net/v/t1.6435-1/171039543_100851735477673_9187325491285823412_n.jpg?stp=cp0_dst-jpg_s32x32&_nc_cat=103&ccb=1-7&_nc_sid=0ecb9b&_nc_ohc=t4usWb_Yn-4Q7kNvgERIAGX&_nc_zt=24&_nc_ht=scontent-iad3-2.xx&_nc_gid=A8wIOcwqiAd6G7z1ZazA6im&oh=00_AYClmeBeOo_uXv89nHhTJrK8pWxhGLI1syNmozzrNPu04g&oe=673057FD","https://www.facebook.com/sugito.semangko.9",,"Siap di perintah boss","0"
,,,,,,,,,,,,,,,,,,,,,,,,,,,,,"https://www.facebook.com/reel/502471772709730/?comment_id=556937860346153",,,,,,,,,,,,,,,,,,,,,,,,,,,,,,,,,,,,,,,,,,,,,,,,,,,"2024-10-03T09:53:24.000Z","843209521329222","https://www.facebook.com/100069205464353/posts/843209521329222","ZmVlZGJhY2s6ODQzMjA5NTIxMzI5MjIyXzU1NjkzNzg2MDM0NjE1Mw==","Y29tbWVudDo4NDMyMDk1MjEzMjkyMjJfNTU2OTM3ODYwMzQ2MTUz","https://www.facebook.com/100069205464353/posts/843209521329222","3","233184383212138",,,,,,,,"02 Oktober 2024.

OKREEEEEEE!!!
Helly Seedling kembali menjadi tempat pertemuan bagi rekan rekan sepesial yaitu pak Sugito Semangko yg menjadi salah satu petani semangka sukses dari Bangko Jambi, ada...","100000502823202","Hely Sumanto","https://scontent-iad3-1.xx.fbcdn.net/v/t39.30808-1/316542824_6358799140813450_4293880377762150428_n.jpg?stp=c6.0.512.512a_cp0_dst-jpg_s32x32&_nc_cat=107&ccb=1-7&_nc_sid=50d2ac&_nc_ohc=m7P081n3w7QQ7kNvgHCWkUi&_nc_zt=24&_nc_ht=scontent-iad3-1.xx&_nc_gid=A8wIOcwqiAd6G7z1ZazA6im&oh=00_AYDqsMiJeTmE2m90aDSH4NZXK96sXMTnGpcRUuPUfc186w&oe=670EA13C","https://www.facebook.com/hely.sumanto",,"Sangat beruntung bisa kedatangan tamu luar biasa pak Sugito Semangko yang selama ini hanya bisa liat kesuksesan beliau lewat fb","0"
,,,,,,,,,,,,,,,,,,,,,,,,,,,,,"https://www.facebook.com/reel/502471772709730/?comment_id=3405598179734979",,,,,,,,,,,,,,,,,,,,,,,,,,,,,,,,,,,,,,,,,,,,,,,,,,"1","2024-10-03T09:36:55.000Z","843209521329222","https://www.facebook.com/100069205464353/posts/843209521329222","ZmVlZGJhY2s6ODQzMjA5NTIxMzI5MjIyXzM0MDU1OTgxNzk3MzQ5Nzk=","Y29tbWVudDo4NDMyMDk1MjEzMjkyMjJfMzQwNTU5ODE3OTczNDk3OQ==","https://www.facebook.com/100069205464353/posts/843209521329222","1","233184383212138",,,,,,,,"02 Oktober 2024.

OKREEEEEEE!!!
Helly Seedling kembali menjadi tempat pertemuan bagi rekan rekan sepesial yaitu pak Sugito Semangko yg menjadi salah satu petani semangka sukses dari Bangko Jambi, ada...","100001408872342","Febri Arianto","https://scontent-iad3-1.xx.fbcdn.net/v/t39.30808-1/402943207_7015531545170405_560873927845988234_n.jpg?stp=cp0_dst-jpg_s32x32&_nc_cat=102&ccb=1-7&_nc_sid=50d2ac&_nc_ohc=3z6jdrnqesYQ7kNvgHr1QHb&_nc_zt=24&_nc_ht=scontent-iad3-1.xx&_nc_gid=A8wIOcwqiAd6G7z1ZazA6im&oh=00_AYA2w3aH1YV5xWhy1i7Ohhk6Y8BRAG4CYrnE9YWIdfcc6w&oe=670EB27E","https://www.facebook.com/febri.dgunshereikan",,"Panggah okree","0"
,,,,,,,,,,,,,,,,,,,,,,,,,,,,,"https://www.facebook.com/reel/502471772709730/?comment_id=1048470026582461",,,,,,,,,,,,,,,,,,,,,,,,,,,,,,,,,,,,,,,,,,,,,,,,,,"1","2024-10-03T11:28:11.000Z","843209521329222","https://www.facebook.com/100069205464353/posts/843209521329222","ZmVlZGJhY2s6ODQzMjA5NTIxMzI5MjIyXzEwNDg0NzAwMjY1ODI0NjE=","Y29tbWVudDo4NDMyMDk1MjEzMjkyMjJfMTA0ODQ3MDAyNjU4MjQ2MQ==","https://www.facebook.com/100069205464353/posts/843209521329222","1","233184383212138",,,,,,,,"02 Oktober 2024.

OKREEEEEEE!!!
Helly Seedling kembali menjadi tempat pertemuan bagi rekan rekan sepesial yaitu pak Sugito Semangko yg menjadi salah satu petani semangka sukses dari Bangko Jambi, ada...","pfbid029sGqDWi9o2MhBQECnaxE6nXkZL5RE6WwT4gJWaJAAihtmkPkStEGn1xaDzbs8GAPl","Gareng","https://scontent-iad3-2.xx.fbcdn.net/v/t39.30808-1/461782098_997787618821659_6745963518217510128_n.jpg?stp=cp0_dst-jpg_s32x32&_nc_cat=103&ccb=1-7&_nc_sid=0ecb9b&_nc_ohc=kVp0JtIMkW0Q7kNvgF6DI5M&_nc_zt=24&_nc_ht=scontent-iad3-2.xx&_nc_gid=A8wIOcwqiAd6G7z1ZazA6im&oh=00_AYD5yM5pUAF3mKuDK_NCFi5Z-vordphR703wZoSTX-U50g&oe=670E9DE6","https://www.facebook.com/people/Gareng/pfbid029sGqDWi9o2MhBQECnaxE6nXkZL5RE6WwT4gJWaJAAihtmkPkStEGn1xaDzbs8GAPl/",,"Keren boss hely","0"
,,,,,,,,,,,,,,,,,,,,,,,,,,,,,"https://www.facebook.com/reel/502471772709730/?comment_id=1077387143743227",,,,,,,,,,,,,,,,,,,,,,,,,,,,,,,,,,,,,,,,,,,,,,,,,,"5","2024-10-03T09:57:33.000Z","843209521329222","https://www.facebook.com/100069205464353/posts/843209521329222","ZmVlZGJhY2s6ODQzMjA5NTIxMzI5MjIyXzEwNzczODcxNDM3NDMyMjc=","Y29tbWVudDo4NDMyMDk1MjEzMjkyMjJfMTA3NzM4NzE0Mzc0MzIyNw==","https://www.facebook.com/100069205464353/posts/843209521329222","1","233184383212138",,,,,,,,"02 Oktober 2024.

OKREEEEEEE!!!
Helly Seedling kembali menjadi tempat pertemuan bagi rekan rekan sepesial yaitu pak Sugito Semangko yg menjadi salah satu petani semangka sukses dari Bangko Jambi, ada...","1749717881","Budi Kartika","https://scontent-iad3-2.xx.fbcdn.net/v/t1.6435-1/46516739_10205017446033064_7747677507955982336_n.jpg?stp=cp0_dst-jpg_s32x32&_nc_cat=111&ccb=1-7&_nc_sid=db5862&_nc_ohc=6ZSEoFyq048Q7kNvgGT1HjU&_nc_zt=24&_nc_ht=scontent-iad3-2.xx&_nc_gid=A8wIOcwqiAd6G7z1ZazA6im&oh=00_AYCkaeAt-D-u3xL0O8NvQ8AlixvUkdEdoPMoxBWSjnUXuA&oe=67303AA5","https://www.facebook.com/BeKa260800",,"Subhanallah","0"
,,,,,,,,,,,,,,,,,,,,,,,,,,,,,"https://www.facebook.com/reel/502471772709730/?comment_id=1266050161219010",,,,,,,,,,,,,,,,,,,,,,,,,,,,,,,,,,,,,,,,,,,,,,,,,,"1","2024-10-03T10:25:02.000Z","843209521329222","https://www.facebook.com/100069205464353/posts/843209521329222","ZmVlZGJhY2s6ODQzMjA5NTIxMzI5MjIyXzEyNjYwNTAxNjEyMTkwMTA=","Y29tbWVudDo4NDMyMDk1MjEzMjkyMjJfMTI2NjA1MDE2MTIxOTAxMA==","https://www.facebook.com/100069205464353/posts/843209521329222","1","233184383212138",,,,,,,,"02 Oktober 2024.

OKREEEEEEE!!!
Helly Seedling kembali menjadi tempat pertemuan bagi rekan rekan sepesial yaitu pak Sugito Semangko yg menjadi salah satu petani semangka sukses dari Bangko Jambi, ada...","100007578522755","Renzy Bintangasia","https://scontent-iad3-1.xx.fbcdn.net/v/t39.30808-1/426012403_3605728109689771_2277782955804277447_n.jpg?stp=cp0_dst-jpg_s32x32&_nc_cat=104&ccb=1-7&_nc_sid=50d2ac&_nc_ohc=esyLYxeEH48Q7kNvgGZcfde&_nc_zt=24&_nc_ht=scontent-iad3-1.xx&_nc_gid=A8wIOcwqiAd6G7z1ZazA6im&oh=00_AYCzSBGtrlD8pJLsmq2RGvzVGBC4tkQn7FVCNDMBpThTAg&oe=670E9344","https://www.facebook.com/renzi.prayuda",,"Bintang Asia Sumbagsel masuk dia bos"" besar..semoga sukses bersama bintang asia pak boskuu","0"
,,,,,,,,,,,,,,,,,,,,,,,,,,,,,"https://www.facebook.com/reel/502471772709730/?comment_id=1273794280474429",,,,,,,,,,,,,,,,,,,,,,,,,,,,,,,,,,,,,,,,,,,,,,,,,,,"2024-10-04T12:45:27.000Z","843209521329222","https://www.facebook.com/100069205464353/posts/843209521329222","ZmVlZGJhY2s6ODQzMjA5NTIxMzI5MjIyXzEyNzM3OTQyODA0NzQ0Mjk=","Y29tbWVudDo4NDMyMDk1MjEzMjkyMjJfMTI3Mzc5NDI4MDQ3NDQyOQ==","https://www.facebook.com/100069205464353/posts/843209521329222","0","233184383212138",,,,,,,,"02 Oktober 2024.

OKREEEEEEE!!!
Helly Seedling kembali menjadi tempat pertemuan bagi rekan rekan sepesial yaitu pak Sugito Semangko yg menjadi salah satu petani semangka sukses dari Bangko Jambi, ada...","100083095022037","Nanang Heri Saputra","https://scontent-iad3-2.xx.fbcdn.net/v/t39.30808-1/340101807_767580948015102_742480241428340828_n.jpg?stp=cp0_dst-jpg_s32x32&_nc_cat=103&ccb=1-7&_nc_sid=50d2ac&_nc_ohc=VHql6e0IdccQ7kNvgG-R7Du&_nc_zt=24&_nc_ht=scontent-iad3-2.xx&_nc_gid=A8wIOcwqiAd6G7z1ZazA6im&oh=00_AYC874tEHkDlYf2IIpWHSLk81PooDvnv5wkhbhCiGzsbDw&oe=670EB313","https://www.facebook.com/people/Nanang-Heri-Saputra/100083095022037/",,"Obrolan para suhu","0"
,,,,,,,,,,,,,,,,,,,,,,,,,,,,,"https://www.facebook.com/reel/502471772709730/?comment_id=522391884065154",,,,,,,,,,,,,,,,,,,,,,,,,,,,,,,,,,,,,,,,,,,,,,,,,,"1","2024-10-03T11:58:31.000Z","843209521329222","https://www.facebook.com/100069205464353/posts/843209521329222","ZmVlZGJhY2s6ODQzMjA5NTIxMzI5MjIyXzUyMjM5MTg4NDA2NTE1NA==","Y29tbWVudDo4NDMyMDk1MjEzMjkyMjJfNTIyMzkxODg0MDY1MTU0","https://www.facebook.com/100069205464353/posts/843209521329222","0","233184383212138",,,,,,,,"02 Oktober 2024.

OKREEEEEEE!!!
Helly Seedling kembali menjadi tempat pertemuan bagi rekan rekan sepesial yaitu pak Sugito Semangko yg menjadi salah satu petani semangka sukses dari Bangko Jambi, ada...","pfbid0vGZLbr1o7UDzeqeCcVCzUtLJfu7PV9h21HSnHeT9C5u7ifFjQHaxcHZED6jeMi79l","Tatang Ikromi","https://scontent-iad3-1.xx.fbcdn.net/v/t39.30808-1/447678154_3811519989130478_1207626932858049594_n.jpg?stp=cp0_dst-jpg_s32x32&_nc_cat=104&ccb=1-7&_nc_sid=0ecb9b&_nc_ohc=O-sbNc4r5nQQ7kNvgH3FN7b&_nc_zt=24&_nc_ht=scontent-iad3-1.xx&_nc_gid=A8wIOcwqiAd6G7z1ZazA6im&oh=00_AYDRDeoNCHtrTUpfCVVSBUKmhPjTu-9v92aRSYZIz_S6MA&oe=670E998E",,,"Helly Seedling Hely Sumanto aku intuk nomer urut piro iki 😁","0"
,,,,,,,,,,,,,,,,,,,,,,,,,,,,,"https://www.facebook.com/reel/502471772709730/?comment_id=1592381931313910",,,,,,,,,,,,,,,,,,,,,,,,,,,,,,,,,,,,,,,,,,,,,,,,,,,"2024-10-03T13:30:19.000Z","843209521329222","https://www.facebook.com/100069205464353/posts/843209521329222","ZmVlZGJhY2s6ODQzMjA5NTIxMzI5MjIyXzE1OTIzODE5MzEzMTM5MTA=","Y29tbWVudDo4NDMyMDk1MjEzMjkyMjJfMTU5MjM4MTkzMTMxMzkxMA==","https://www.facebook.com/100069205464353/posts/843209521329222","0","233184383212138",,,,,,,,"02 Oktober 2024.

OKREEEEEEE!!!
Helly Seedling kembali menjadi tempat pertemuan bagi rekan rekan sepesial yaitu pak Sugito Semangko yg menjadi salah satu petani semangka sukses dari Bangko Jambi, ada...","pfbid034g55yLFZvMtSPiZALKPey4dTxQ5vfrL3125GR37DyPRnLkfi2NdWAHnt9srfRnEql","Imam Semangka","https://scontent-iad3-1.xx.fbcdn.net/v/t39.30808-1/448710582_122108008040363041_238006994187149039_n.jpg?stp=cp0_dst-jpg_s32x32&_nc_cat=101&ccb=1-7&_nc_sid=0ecb9b&_nc_ohc=glIj5YAuwdgQ7kNvgH-ZoXU&_nc_zt=24&_nc_ht=scontent-iad3-1.xx&_nc_gid=A8wIOcwqiAd6G7z1ZazA6im&oh=00_AYCasvqgpNNQQJmPjZx8jScny0IiLM25MIDK9htTZPASBg&oe=670E8B5C","https://www.facebook.com/people/Imam-Semangka/pfbid034g55yLFZvMtSPiZALKPey4dTxQ5vfrL3125GR37DyPRnLkfi2NdWAHnt9srfRnEql/",,"Urong balek Jambi pak gito","0"
,,,,,,,,,,,,,,,,,,,,,,,,,,,,,"https://www.facebook.com/reel/502471772709730/?comment_id=1080219413445935",,,,,,,,,,,,,,,,,,,,,,,,,,,,,,,,,,,,,,,,,,,,,,,,,,,"2024-10-03T12:06:29.000Z","843209521329222","https://www.facebook.com/100069205464353/posts/843209521329222","ZmVlZGJhY2s6ODQzMjA5NTIxMzI5MjIyXzEwODAyMTk0MTM0NDU5MzU=","Y29tbWVudDo4NDMyMDk1MjEzMjkyMjJfMTA4MDIxOTQxMzQ0NTkzNQ==","https://www.facebook.com/100069205464353/posts/843209521329222","0","233184383212138",,,,,,,,"02 Oktober 2024.

OKREEEEEEE!!!
Helly Seedling kembali menjadi tempat pertemuan bagi rekan rekan sepesial yaitu pak Sugito Semangko yg menjadi salah satu petani semangka sukses dari Bangko Jambi, ada...","100003735069915","Aan Wahyudi","https://scontent-iad3-2.xx.fbcdn.net/v/t39.30808-1/242069534_2431110310356781_4538726338126551891_n.jpg?stp=c0.19.581.581a_cp0_dst-jpg_s32x32&_nc_cat=103&ccb=1-7&_nc_sid=50d2ac&_nc_ohc=6eguItSP0ZsQ7kNvgGZe3E0&_nc_zt=24&_nc_ht=scontent-iad3-2.xx&_nc_gid=A8wIOcwqiAd6G7z1ZazA6im&oh=00_AYA4gVmXX19xTL9ixjVHIQ5aRodl2VIG3pmtHL4cWz8DCw&oe=670E9D97","https://www.facebook.com/syafa.azahra.52",,"Mugi2 tambah sukses bos","0"
,,,,,,,,,,,,,,,,,,,,,,,,,,,,,"https://www.facebook.com/permalink.php?story_fbid=pfbid02TzXi6PniHC3ur6Eh7ZNMdjMug5pZfni4eu6DptCL7peUniUtDShfYimsi9sQ94uol&id=100069205464353&comment_id=1990227234738506",,,,,,,,,,,,,,,"https://www.facebook.com/permalink.php?story_fbid=pfbid02TzXi6PniHC3ur6Eh7ZNMdjMug5pZfni4eu6DptCL7peUniUtDShfYimsi9sQ94uol&id=100069205464353&comment_id=1990227234738506&reply_comment_id=2617372368471001","1","2024-09-30T00:35:36.000Z","ZmVlZGJhY2s6ODQwMDY4NDY0OTc2NjYxXzI2MTczNzIzNjg0NzEwMDE=","Y29tbWVudDo4NDAwNjg0NjQ5NzY2NjFfMjYxNzM3MjM2ODQ3MTAwMQ==","0","User","pfbid02aFesvGHM7J5ZcMig8dh9y3MxQUm4Rmu4e1V5WEp34bGW9fzDckDq7JyeiPUfi3syl","Hartoyo Adeeva Orlin","Hartoyo","Y29tbWVudDo4NDAwNjg0NjQ5NzY2NjFfMTk5MDIyNzIzNDczODUwNg==","pfbid03juT3FhgK4p74PD7AKRN3k9wuDk14gZ4KDrNKi9sQ22QMG1PnJzesry6umYLZqjdl","Tuti Hartuti","https://scontent-hou1-1.xx.fbcdn.net/v/t39.30808-1/453902290_122162439104230983_2353543471067364423_n.jpg?stp=cp0_dst-jpg_s32x32&_nc_cat=104&ccb=1-7&_nc_sid=0ecb9b&_nc_ohc=5pc_eMgG8-IQ7kNvgGcpkQE&_nc_ht=scontent-hou1-1.xx&_nc_gid=AO8vd8TGVDeKYQ7vn_EPy6J&oh=00_AYB0rwtyDEwRgznP1-CHmrsQSlWhlsY3HkQ76KULv7c9LQ&oe=670EAD5B","https://www.facebook.com/people/Tuti-Hartuti/pfbid03juT3FhgK4p74PD7AKRN3k9wuDk14gZ4KDrNKi9sQ22QMG1PnJzesry6umYLZqjdl/","Y29tbWVudDo4NDAwNjg0NjQ5NzY2NjFfMTk5MDIyNzIzNDczODUwNg==","Hartoyo Adeeva Orlin senior ditunggu kunjungaNya","1","https://www.facebook.com/permalink.php?story_fbid=pfbid02TzXi6PniHC3ur6Eh7ZNMdjMug5pZfni4eu6DptCL7peUniUtDShfYimsi9sQ94uol&id=100069205464353&comment_id=1990227234738506&reply_comment_id=1256670765778056","2024-09-30T03:14:46.000Z","ZmVlZGJhY2s6ODQwMDY4NDY0OTc2NjYxXzEyNTY2NzA3NjU3NzgwNTY=","Y29tbWVudDo4NDAwNjg0NjQ5NzY2NjFfMTI1NjY3MDc2NTc3ODA1Ng==","0","User","pfbid02aFesvGHM7J5ZcMig8dh9y3MxQUm4Rmu4e1V5WEp34bGW9fzDckDq7JyeiPUfi3syl","Hartoyo Adeeva Orlin","Hartoyo","Y29tbWVudDo4NDAwNjg0NjQ5NzY2NjFfMTk5MDIyNzIzNDczODUwNg==","pfbid02aFesvGHM7J5ZcMig8dh9y3MxQUm4Rmu4e1V5WEp34bGW9fzDckDq7JyeiPUfi3syl","Hartoyo Adeeva Orlin","https://scontent-hou1-1.xx.fbcdn.net/v/t39.30808-1/376769837_7252760278071582_7023959626220835255_n.jpg?stp=cp0_dst-jpg_s32x32&_nc_cat=107&ccb=1-7&_nc_sid=0ecb9b&_nc_ohc=ylAHcXg33o4Q7kNvgHwYcZc&_nc_ht=scontent-hou1-1.xx&_nc_gid=AO8vd8TGVDeKYQ7vn_EPy6J&oh=00_AYBPPHxq1bJf8QOskwjkSXAMpNiCacCfoEqyABRk6c_jAg&oe=670EBAFD","https://www.facebook.com/yoyox.comunty","Y29tbWVudDo4NDAwNjg0NjQ5NzY2NjFfMTk5MDIyNzIzNDczODUwNg==","Tuti Hartuti he he ampun suhu","2","2","2024-09-29T13:11:08.000Z","840068464976661","https://www.facebook.com/100069205464353/posts/840068464976661","ZmVlZGJhY2s6ODQwMDY4NDY0OTc2NjYxXzE5OTAyMjcyMzQ3Mzg1MDY=","Y29tbWVudDo4NDAwNjg0NjQ5NzY2NjFfMTk5MDIyNzIzNDczODUwNg==","https://www.facebook.com/100069205464353/posts/840068464976661","0","233184383212138","false",,,,,,,"Minggu, 29 September 2024

Rumah Semai Helly Seedling kembali menjadi tempat pilihan kegiatan mahasiswa POLINELA lampung prodi teknologi perbenihan dalam melakukan penelitian terkait mata kuliah management.  

Disinilah mereka akan menguras ilmu pengetahuan,  melakukan interaktif secara langsung kepada para karyawan sehingga mereka bisa menemukan atau menambah pengetahuan baru dalam dunia pertanian khususnya di dalam perbenihan

Kegiatan seperti ini sering dilakukan oleh mahasiswa untuk mendapatkan suatu informasi yang ingin di ketahui yakni dengan melakukan survey secara langsung.","pfbid02aFesvGHM7J5ZcMig8dh9y3MxQUm4Rmu4e1V5WEp34bGW9fzDckDq7JyeiPUfi3syl","Hartoyo Adeeva Orlin","https://scontent-hou1-1.xx.fbcdn.net/v/t39.30808-1/376769837_7252760278071582_7023959626220835255_n.jpg?stp=cp0_dst-jpg_s32x32&_nc_cat=107&ccb=1-7&_nc_sid=0ecb9b&_nc_ohc=ylAHcXg33o4Q7kNvgHwYcZc&_nc_ht=scontent-hou1-1.xx&_nc_gid=AO8vd8TGVDeKYQ7vn_EPy6J&oh=00_AYBPPHxq1bJf8QOskwjkSXAMpNiCacCfoEqyABRk6c_jAg&oe=670EBAFD","https://www.facebook.com/yoyox.comunty",,"Polinela. 
Jadi kelingan ngampus biyen","0"
,,,,,,,,,,,,,,,,,,,,,,,,,,,,,"https://www.facebook.com/reel/492290630257049/?comment_id=1029033968915350",,,,,,,,,,,,,,,,,,,,,,,,,,,,,,,,,,,,,,,,,,,,,,,,,,,"2024-09-18T14:22:06.000Z","831359079180933","https://www.facebook.com/100069205464353/posts/831359079180933","ZmVlZGJhY2s6ODMxMzU5MDc5MTgwOTMzXzEwMjkwMzM5Njg5MTUzNTA=","Y29tbWVudDo4MzEzNTkwNzkxODA5MzNfMTAyOTAzMzk2ODkxNTM1MA==","https://www.facebook.com/100069205464353/posts/831359079180933","0","233184383212138",,,,,,,,"Ready bibit SIOS dan bibit lainya kita jual kemasan dan bibit jadi/siap tanam.
Lokasi Metro Lampung 
Wa 082280717454. Helly Seedling · Original audio","pfbid02RNwqKraRs7WVnzkCSZ8ouf8yoZ3BnhYtqRkrQrFbSKeqhNaUnHpV62Akosrrpxnhl","Alfa Risi","https://scontent.fagc3-1.fna.fbcdn.net/v/t39.30808-1/352509228_293786946318153_7165784542454929919_n.jpg?stp=cp0_dst-jpg_s32x32&_nc_cat=108&ccb=1-7&_nc_sid=0ecb9b&_nc_ohc=jR4nrEyuL8EQ7kNvgGsDbi4&_nc_ht=scontent.fagc3-1.fna&_nc_gid=AhUzX2RtPN3ZSunjJNsn8LW&oh=00_AYAG7E32Db9QOFA_xfemAK02zvnbJgYjBXFu-0wXSA302g&oe=670E981B","https://www.facebook.com/alfa0330",,"Berapa satu bungkus boos dan bibit or twis 42 ada boos","0"
,,,,,,,,,,,,,,,,,"VideoTipJarPayment","1081816913378080","0","1","https://static.xx.fbcdn.net/rsrc.php/v3/yN/r/z6visRJQXR_.png",,"StarsVirtualGiftBaseType",,"/images/assets_DO_NOT_HARDCODE/user_pay_stars_virtual_gifts/Community-Unification-Default-Tier1-Thoughtful-Testing-Static.png","Community-Unification-Default-T1-Thoughtful-bottomsheet-testing-animation","https://static.xx.fbcdn.net/rsrc.php/y6/r/qfD07Iv6r-5.kf","1414980765966032","https://www.facebook.com/reel/1081790303380741/?comment_id=1252088229135161",,,,,,,,,,,,,,,,,,,,,,,,,,,,,,,,,,,,,,,,,,,,,,,,,,,"2024-09-30T12:41:54.000Z","841044781545696","https://www.facebook.com/100069205464353/posts/841044781545696","ZmVlZGJhY2s6ODQxMDQ0NzgxNTQ1Njk2XzEyNTIwODgyMjkxMzUxNjE=","Y29tbWVudDo4NDEwNDQ3ODE1NDU2OTZfMTI1MjA4ODIyOTEzNTE2MQ==","https://www.facebook.com/100069205464353/posts/841044781545696","1","233184383212138",,,,,,,,"Rumah Semai Helly Seedling merupakan salah satu tempat yang menghasilkan produksi bibit yang berkualitas dan mampu mengikuti daya saing pertumbuhan bibit yang unggul untuk siap tanam.

Bintang Asia...","100007578522755","Renzy Bintangasia","https://scontent-lax3-1.xx.fbcdn.net/v/t39.30808-1/426012403_3605728109689771_2277782955804277447_n.jpg?stp=cp0_dst-jpg_s32x32&_nc_cat=104&ccb=1-7&_nc_sid=50d2ac&_nc_ohc=esyLYxeEH48Q7kNvgHLjxHs&_nc_ht=scontent-lax3-1.xx&_nc_gid=AKwMy0mqBaImxkVVeodCHVg&oh=00_AYBXi1HM2Yrn2ZAw1UAqtvcG7UJgVvFWHpU1MoaYylPCbg&oe=670E9344","https://www.facebook.com/renzi.prayuda",,,"0"
"Sticker",,,"1","83","1","1","1000519493737088","80","https://scontent-lax3-2.xx.fbcdn.net/v/t39.1997-6/105258811_1000519497070421_1877687988442182543_n.png?stp=cp0_dst-png_s110x80&_nc_cat=111&ccb=1-7&_nc_sid=23dd7b&_nc_ohc=XQvdnrxrngsQ7kNvgE0HhNO&_nc_ht=scontent-lax3-2.xx&_nc_gid=AKwMy0mqBaImxkVVeodCHVg&oh=00_AYCX0byuf06aZJSH_sKYPzrPhTYviM1PRHhj9bU1TWEdeg&oe=670E9A6B","80","a outstretched arm with a thumbs up. on the arm is written 'great' in indonesian",,"1000303507092020","Stories Stickers in Feed",,,,,,,,,,,,,,,"https://www.facebook.com/reel/1081790303380741/?comment_id=544254394811422",,,,,,,,,,,,,,,,,,,,,,,,,,,,,,,,,,,,,,,,,,,,,,,,,,,"2024-09-30T14:13:14.000Z","841044781545696","https://www.facebook.com/100069205464353/posts/841044781545696","ZmVlZGJhY2s6ODQxMDQ0NzgxNTQ1Njk2XzU0NDI1NDM5NDgxMTQyMg==","Y29tbWVudDo4NDEwNDQ3ODE1NDU2OTZfNTQ0MjU0Mzk0ODExNDIy","https://www.facebook.com/100069205464353/posts/841044781545696","0","233184383212138",,,,,,,,"Rumah Semai Helly Seedling merupakan salah satu tempat yang menghasilkan produksi bibit yang berkualitas dan mampu mengikuti daya saing pertumbuhan bibit yang unggul untuk siap tanam.

Bintang Asia...","100065666973498","Davina Azkiya","https://scontent-lax3-1.xx.fbcdn.net/v/t39.30808-1/310827072_448278690704360_4714759928606141569_n.jpg?stp=cp0_dst-jpg_s32x32&_nc_cat=110&ccb=1-7&_nc_sid=50d2ac&_nc_ohc=TguW6s6G6MQQ7kNvgFXU6tQ&_nc_ht=scontent-lax3-1.xx&_nc_gid=AKwMy0mqBaImxkVVeodCHVg&oh=00_AYCzQd-O-qBLwYo_Uh7K79dLlPSYO2T9OP4KpDBQYuQJ2w&oe=670EAF86","https://www.facebook.com/davina.azkiya.9",,,"0"
,,,,,,,,,,,,,,,,,,,,,,,,,,,,,"https://www.facebook.com/reel/1081790303380741/?comment_id=1273140817379338",,,,,,,,,,,,,,,,,,,,,,,,,,,,,,,,,,,,,,,,,,,,,,,,,,,"2024-09-30T13:43:37.000Z","841044781545696","https://www.facebook.com/100069205464353/posts/841044781545696","ZmVlZGJhY2s6ODQxMDQ0NzgxNTQ1Njk2XzEyNzMxNDA4MTczNzkzMzg=","Y29tbWVudDo4NDEwNDQ3ODE1NDU2OTZfMTI3MzE0MDgxNzM3OTMzOA==","https://www.facebook.com/100069205464353/posts/841044781545696","1","233184383212138",,,,,,,,"Rumah Semai Helly Seedling merupakan salah satu tempat yang menghasilkan produksi bibit yang berkualitas dan mampu mengikuti daya saing pertumbuhan bibit yang unggul untuk siap tanam.

Bintang Asia...","100000029645476","Cayadi Bintang Asia","https://scontent-lax3-2.xx.fbcdn.net/v/t31.18172-1/15724565_1469077786436529_7264600135043183638_o.jpg?stp=c0.200.1200.1200a_cp0_dst-jpg_s32x32&_nc_cat=101&ccb=1-7&_nc_sid=db5862&_nc_ohc=jEhhwmWHvDMQ7kNvgG9tAeo&_nc_ht=scontent-lax3-2.xx&_nc_gid=AKwMy0mqBaImxkVVeodCHVg&oh=00_AYDbERKCeDG9YgG2QyJLxJn9nVciQ_VL5HgqJSVdoErYQA&oe=67304B7E","https://www.facebook.com/cayadi.santosa",,"Mantapz....","0"
,,,,,,,,,,,,,,,,,,,,,,,,,,,,,"https://www.facebook.com/reel/446274737864156/?comment_id=1272108060618375",,,,,,,,,,,,,,,"https://www.facebook.com/reel/446274737864156/?comment_id=1272108060618375&reply_comment_id=1317338622588675",,"2024-09-30T00:19:11.000Z","ZmVlZGJhY2s6ODM5MzQyODUxNzE1ODg5XzEzMTczMzg2MjI1ODg2NzU=","Y29tbWVudDo4MzkzNDI4NTE3MTU4ODlfMTMxNzMzODYyMjU4ODY3NQ==","0","User","pfbid0ogkzt5pbgxPnrV7UY9A6DEyTqem2kyY54DLGswUMXoP1hZGmD2pvbFZbbe8purxCl","Sunar Tani","Sunar","Y29tbWVudDo4MzkzNDI4NTE3MTU4ODlfMTI3MjEwODA2MDYxODM3NQ==","100069205464353","Helly Seedling","https://scontent.fknu1-4.fna.fbcdn.net/v/t39.30808-1/428336159_702155295434646_5059998008807722009_n.jpg?stp=cp6_dst-jpg_s32x32&_nc_cat=108&ccb=1-7&_nc_sid=50d2ac&_nc_ohc=oQuxO_nDRHAQ7kNvgF-ktbD&_nc_ht=scontent.fknu1-4.fna&_nc_gid=AIESR4oJ3L4Vg0lgUeOFm6P&oh=00_AYAlo7VwSsVT9X4gX1y005Q4ynZhqh2Vho5P_cz7kXdr8Q&oe=670E994D","https://www.facebook.com/people/Helly-Seedling/100069205464353/","Y29tbWVudDo4MzkzNDI4NTE3MTU4ODlfMTI3MjEwODA2MDYxODM3NQ==","Sunar Tani wa bos 082280717454","1",,,,,,,,,,,,,,,,,,"1","2024-09-29T22:06:21.000Z","839342851715889","https://www.facebook.com/100069205464353/posts/839342851715889","ZmVlZGJhY2s6ODM5MzQyODUxNzE1ODg5XzEyNzIxMDgwNjA2MTgzNzU=","Y29tbWVudDo4MzkzNDI4NTE3MTU4ODlfMTI3MjEwODA2MDYxODM3NQ==","https://www.facebook.com/100069205464353/posts/839342851715889","0","233184383212138",,,,,,,,"Kohe kambing giling murni bos....
Lokasi Metro Lampung 
Wa 082280717454. Helly Seedling · Original audio","pfbid0ogkzt5pbgxPnrV7UY9A6DEyTqem2kyY54DLGswUMXoP1hZGmD2pvbFZbbe8purxCl","Sunar Tani","https://scontent.fknu1-4.fna.fbcdn.net/v/t1.6435-1/93576732_106916267662838_767661293183172608_n.jpg?stp=c130.0.780.780a_cp0_dst-jpg_s32x32&_nc_cat=111&ccb=1-7&_nc_sid=0ecb9b&_nc_ohc=PhnB_SfJeUcQ7kNvgGHrboG&_nc_ht=scontent.fknu1-4.fna&_nc_gid=AIESR4oJ3L4Vg0lgUeOFm6P&oh=00_AYB9JuVdX_Pr3qcxZ5If3NwJ89fv_Ea18SYNX45iJmckeQ&oe=673034DD","https://www.facebook.com/sunar.tani.5",,"Piroan boss","0"
,,,,,,,,,,,,,,,,,,,,,,,,,,,,,"https://www.facebook.com/reel/446274737864156/?comment_id=540330771850978",,,,,,,,,,,,,,,"https://www.facebook.com/reel/446274737864156/?comment_id=540330771850978&reply_comment_id=1065945725327017",,"2024-10-02T02:49:58.000Z","ZmVlZGJhY2s6ODM5MzQyODUxNzE1ODg5XzEwNjU5NDU3MjUzMjcwMTc=","Y29tbWVudDo4MzkzNDI4NTE3MTU4ODlfMTA2NTk0NTcyNTMyNzAxNw==","0","User","pfbid0Wa9c1Gg7aUfwiUwa5s2A18Xj4A8vGJLhvLEcenBa67zRVjEzCyTFnpEerG54bzjZl","Sugiyanti","Sugiyanti","Y29tbWVudDo4MzkzNDI4NTE3MTU4ODlfNTQwMzMwNzcxODUwOTc4","100069205464353","Helly Seedling","https://scontent.fknu1-4.fna.fbcdn.net/v/t39.30808-1/428336159_702155295434646_5059998008807722009_n.jpg?stp=cp6_dst-jpg_s32x32&_nc_cat=108&ccb=1-7&_nc_sid=50d2ac&_nc_ohc=oQuxO_nDRHAQ7kNvgF-ktbD&_nc_ht=scontent.fknu1-4.fna&_nc_gid=AIESR4oJ3L4Vg0lgUeOFm6P&oh=00_AYAlo7VwSsVT9X4gX1y005Q4ynZhqh2Vho5P_cz7kXdr8Q&oe=670E994D","https://www.facebook.com/people/Helly-Seedling/100069205464353/","Y29tbWVudDo4MzkzNDI4NTE3MTU4ODlfNTQwMzMwNzcxODUwOTc4","Sugiyanti ga fermentasi brani bos kalo kohe kambing","1",,,,,,,,,,,,,,,,,,"1","2024-10-02T01:17:18.000Z","839342851715889","https://www.facebook.com/100069205464353/posts/839342851715889","ZmVlZGJhY2s6ODM5MzQyODUxNzE1ODg5XzU0MDMzMDc3MTg1MDk3OA==","Y29tbWVudDo4MzkzNDI4NTE3MTU4ODlfNTQwMzMwNzcxODUwOTc4","https://www.facebook.com/100069205464353/posts/839342851715889","0","233184383212138",,,,,,,,"Kohe kambing giling murni bos....
Lokasi Metro Lampung 
Wa 082280717454. Helly Seedling · Original audio","pfbid0Wa9c1Gg7aUfwiUwa5s2A18Xj4A8vGJLhvLEcenBa67zRVjEzCyTFnpEerG54bzjZl","Sugiyanti","https://scontent.fknu1-5.fna.fbcdn.net/v/t39.30808-1/460998572_495946669996536_3011670346770639980_n.jpg?stp=c0.0.750.750a_cp0_dst-jpg_s32x32&_nc_cat=105&ccb=1-7&_nc_sid=0ecb9b&_nc_ohc=rP-AgAJ418MQ7kNvgEkl8os&_nc_ht=scontent.fknu1-5.fna&_nc_gid=AIESR4oJ3L4Vg0lgUeOFm6P&oh=00_AYC8EPpyy57rZ4qKus_lRSnvpq5u_F73zqDt8anzPaqiMA&oe=670E9D06","https://www.facebook.com/people/Sugiyanti/pfbid0Wa9c1Gg7aUfwiUwa5s2A18Xj4A8vGJLhvLEcenBa67zRVjEzCyTFnpEerG54bzjZl/",,"Sudah di permentasi belum?","0"
,,,,,,,,,,,,,,,,,,,,,,,,,,,,,"https://www.facebook.com/reel/446274737864156/?comment_id=1234024627795552",,,,,,,,,,,,,,,"https://www.facebook.com/reel/446274737864156/?comment_id=1234024627795552&reply_comment_id=885878696382000",,"2024-09-28T04:12:27.000Z","ZmVlZGJhY2s6ODM5MzQyODUxNzE1ODg5Xzg4NTg3ODY5NjM4MjAwMA==","Y29tbWVudDo4MzkzNDI4NTE3MTU4ODlfODg1ODc4Njk2MzgyMDAw","0","User","pfbid0t5DepJMUnpUf2peSb2FNZDk5c12bcu2Bf8LSTkCaT9Q4P5e58wrFzEXEUvwQK2Tsl","Rohman Hardjo Sentono","Rohman","Y29tbWVudDo4MzkzNDI4NTE3MTU4ODlfMTIzNDAyNDYyNzc5NTU1Mg==","100069205464353","Helly Seedling","https://scontent.fknu1-4.fna.fbcdn.net/v/t39.30808-1/428336159_702155295434646_5059998008807722009_n.jpg?stp=cp6_dst-jpg_s32x32&_nc_cat=108&ccb=1-7&_nc_sid=50d2ac&_nc_ohc=oQuxO_nDRHAQ7kNvgF-ktbD&_nc_ht=scontent.fknu1-4.fna&_nc_gid=AIESR4oJ3L4Vg0lgUeOFm6P&oh=00_AYAlo7VwSsVT9X4gX1y005Q4ynZhqh2Vho5P_cz7kXdr8Q&oe=670E994D","https://www.facebook.com/people/Helly-Seedling/100069205464353/","Y29tbWVudDo4MzkzNDI4NTE3MTU4ODlfMTIzNDAyNDYyNzc5NTU1Mg==","Rohman Hardjo Sentono wa mawon pak 082280717454","1",,,,,,,,,,,,,,,,,,"1","2024-09-28T04:09:42.000Z","839342851715889","https://www.facebook.com/100069205464353/posts/839342851715889","ZmVlZGJhY2s6ODM5MzQyODUxNzE1ODg5XzEyMzQwMjQ2Mjc3OTU1NTI=","Y29tbWVudDo4MzkzNDI4NTE3MTU4ODlfMTIzNDAyNDYyNzc5NTU1Mg==","https://www.facebook.com/100069205464353/posts/839342851715889","1","233184383212138",,,,,,,,"Kohe kambing giling murni bos....
Lokasi Metro Lampung 
Wa 082280717454. Helly Seedling · Original audio","pfbid0t5DepJMUnpUf2peSb2FNZDk5c12bcu2Bf8LSTkCaT9Q4P5e58wrFzEXEUvwQK2Tsl","Rohman Hardjo Sentono","https://scontent.fknu1-4.fna.fbcdn.net/v/t39.30808-1/456253297_7975080439250086_6746533190666301466_n.jpg?stp=cp0_dst-jpg_s32x32&_nc_cat=108&ccb=1-7&_nc_sid=0ecb9b&_nc_ohc=_26jxciwPAIQ7kNvgEKqIsH&_nc_ht=scontent.fknu1-4.fna&_nc_gid=AIESR4oJ3L4Vg0lgUeOFm6P&oh=00_AYCnj_lPOm0LnQQ7gRun4MoY0oeXa1p9tH7ptmc0WdxqZA&oe=670EBDC9","https://www.facebook.com/Asymaurrohman",,"Piro mas /sak?","0"
,,,,,,,,,,,,,,,,,,,,,,,,,,,,,"https://www.facebook.com/permalink.php?story_fbid=pfbid037Kwvuf2v9qcQypeQ5bY8KEvnMuyj63QTX1t8JzuSLW5phbd9GqQzGUVwEJpGiV1il&id=100069205464353&comment_id=546353744481512",,,,,,,,,,,,,,,"https://www.facebook.com/permalink.php?story_fbid=pfbid037Kwvuf2v9qcQypeQ5bY8KEvnMuyj63QTX1t8JzuSLW5phbd9GqQzGUVwEJpGiV1il&id=100069205464353&comment_id=546353744481512&reply_comment_id=396388020162839",,"2024-09-14T01:05:16.000Z","ZmVlZGJhY2s6ODI4NTY1NzQ2MTI2OTMzXzM5NjM4ODAyMDE2MjgzOQ==","Y29tbWVudDo4Mjg1NjU3NDYxMjY5MzNfMzk2Mzg4MDIwMTYyODM5","0","User","100007578522755","Renzy Bintangasia","Renzy","Y29tbWVudDo4Mjg1NjU3NDYxMjY5MzNfNTQ2MzUzNzQ0NDgxNTEy","100069205464353","Helly Seedling","https://scontent.fagc3-1.fna.fbcdn.net/v/t39.30808-1/428336159_702155295434646_5059998008807722009_n.jpg?stp=cp6_dst-jpg_s32x32&_nc_cat=108&ccb=1-7&_nc_sid=50d2ac&_nc_ohc=oQuxO_nDRHAQ7kNvgEhvwdq&_nc_ht=scontent.fagc3-1.fna&_nc_gid=A_WbMTjoRyPZozEJWcJkHul&oh=00_AYAghfpinaYnEn-RE_2zIacwkGkiLZIJtYYx7y0gB1WTUA&oe=670E994D","https://www.facebook.com/people/Helly-Seedling/100069205464353/","Y29tbWVudDo4Mjg1NjU3NDYxMjY5MzNfNTQ2MzUzNzQ0NDgxNTEy","Renzy Bintangasia jos","1",,,,,,,,,,,,,,,,,,"1","2024-09-14T00:55:07.000Z","828565746126933","https://www.facebook.com/100069205464353/posts/828565746126933","ZmVlZGJhY2s6ODI4NTY1NzQ2MTI2OTMzXzU0NjM1Mzc0NDQ4MTUxMg==","Y29tbWVudDo4Mjg1NjU3NDYxMjY5MzNfNTQ2MzUzNzQ0NDgxNTEy","https://www.facebook.com/100069205464353/posts/828565746126933","0","233184383212138","false",,,,,,,"Assalamualaikum 
Izin post.
Bibit semangka siap tanam bulat. MADRID F1
Lokasi Metro Lampung 
Wa link bawah
https://wa.me/message/SC6PXLSBRXS5B1","100007578522755","Renzy Bintangasia","https://scontent.fagc3-2.fna.fbcdn.net/v/t39.30808-1/426012403_3605728109689771_2277782955804277447_n.jpg?stp=cp0_dst-jpg_s32x32&_nc_cat=104&ccb=1-7&_nc_sid=50d2ac&_nc_ohc=esyLYxeEH48Q7kNvgG3pcuM&_nc_ht=scontent.fagc3-2.fna&_nc_gid=A_WbMTjoRyPZozEJWcJkHul&oh=00_AYC0T6COj68MdVA2DqcjVxjhjf0asxRaBSi5AGVD76BvpA&oe=670E9344","https://www.facebook.com/renzi.prayuda",,"Mantap Madrid emng joss","0"
,,,,,,,,,,,,,,,,,,,,,,,,,,,,,"https://www.facebook.com/reel/1234683061194200/?comment_id=807674687989554",,,,,,,,,,,,,,,"https://www.facebook.com/reel/1234683061194200/?comment_id=807674687989554&reply_comment_id=1792756708129921",,"2024-10-11T04:38:45.000Z","ZmVlZGJhY2s6ODQ4MTYwMzI0MTY3NDc1XzE3OTI3NTY3MDgxMjk5MjE=","Y29tbWVudDo4NDgxNjAzMjQxNjc0NzVfMTc5Mjc1NjcwODEyOTkyMQ==","0","User","pfbid034g55yLFZvMtSPiZALKPey4dTxQ5vfrL3125GR37DyPRnLkfi2NdWAHnt9srfRnEql","Imam Semangka","Imam","Y29tbWVudDo4NDgxNjAzMjQxNjc0NzVfODA3Njc0Njg3OTg5NTU0","100069205464353","Helly Seedling","https://scontent-atl3-1.xx.fbcdn.net/v/t39.30808-1/428336159_702155295434646_5059998008807722009_n.jpg?stp=cp6_dst-jpg_s32x32&_nc_cat=108&ccb=1-7&_nc_sid=50d2ac&_nc_ohc=oQuxO_nDRHAQ7kNvgHH3ZlE&_nc_ht=scontent-atl3-1.xx&_nc_gid=Amo_AU5AxmlCx8h8wB-majg&oh=00_AYBtGTTZtos99GoFVA4yfoDai6QG_Z6EqIet_QiJRUG8-w&oe=670E994D","https://www.facebook.com/people/Helly-Seedling/100069205464353/","Y29tbWVudDo4NDgxNjAzMjQxNjc0NzVfODA3Njc0Njg3OTg5NTU0","Imam Semangka pak Helly dalam perjalanan pulang bos","1",,,,,,,,,,,,,,,,,,"1","2024-10-10T13:38:25.000Z","848160324167475","https://www.facebook.com/100069205464353/posts/848160324167475","ZmVlZGJhY2s6ODQ4MTYwMzI0MTY3NDc1XzgwNzY3NDY4Nzk4OTU1NA==","Y29tbWVudDo4NDgxNjAzMjQxNjc0NzVfODA3Njc0Njg3OTg5NTU0","https://www.facebook.com/100069205464353/posts/848160324167475","0","233184383212138",,,,,,,,"BINTANG ASIA INFLUENCER BOOTCAMP JEMBER CILACAP 2024 

 #petani #petaniindonesia #petaniberdasi #petanisukses #bintangasia Benih Citra Asia. Helly Seedling · Original audio","pfbid034g55yLFZvMtSPiZALKPey4dTxQ5vfrL3125GR37DyPRnLkfi2NdWAHnt9srfRnEql","Imam Semangka","https://scontent-atl3-2.xx.fbcdn.net/v/t39.30808-1/448710582_122108008040363041_238006994187149039_n.jpg?stp=cp0_dst-jpg_s32x32&_nc_cat=101&ccb=1-7&_nc_sid=0ecb9b&_nc_ohc=glIj5YAuwdgQ7kNvgG2E6cy&_nc_ht=scontent-atl3-2.xx&_nc_gid=Amo_AU5AxmlCx8h8wB-majg&oh=00_AYDQe0iIGO0k8eOvWipgIrpj1hSfz4bX-y5w63g2wq_owg&oe=670E8B5C","https://www.facebook.com/people/Imam-Semangka/pfbid034g55yLFZvMtSPiZALKPey4dTxQ5vfrL3125GR37DyPRnLkfi2NdWAHnt9srfRnEql/",,"Wes Podo balek mas","0"
"Sticker",,,"1","83","1","1","860488299304474","128","https://scontent-atl3-1.xx.fbcdn.net/v/t39.1997-6/452017193_860488302637807_912206587426595798_n.png?stp=dst-png_s168x128&_nc_cat=106&ccb=1-7&_nc_sid=23dd7b&_nc_ohc=viLJM-OJY6cQ7kNvgEH6x4q&_nc_ht=scontent-atl3-1.xx&_nc_gid=Amo_AU5AxmlCx8h8wB-majg&oh=00_AYDH1l6wzS8h5R-PncZZRuGDDH6y2aGPbi5Z4rROMhd-pw&oe=670EBCF3","128","",,,,,,,,,,,,,,,,,,"https://www.facebook.com/reel/1234683061194200/?comment_id=1056606749530729","Sticker","https://scontent-atl3-1.xx.fbcdn.net/v/t39.1997-6/47055694_1834508303314720_643166924464717824_n.webp?stp=dst-webp_s110x80&_nc_cat=1&ccb=1-7&_nc_sid=ba09c1&_nc_ohc=XCis6k410lQQ7kNvgEbPfqV&_nc_ht=scontent-atl3-1.xx&_nc_gid=Amo_AU5AxmlCx8h8wB-majg&oh=00_AYCk15zNFEYXIdWbbPMDq57gws7jutWskomZBDkju7V36w&oe=670EACC9","12","83","3","4","1193278434104380","80","https://scontent-atl3-1.xx.fbcdn.net/v/t39.1997-6/47614232_1846683475430536_3135922765756891136_n.png?stp=cp0_dst-png_s110x80&_nc_cat=1&ccb=1-7&_nc_sid=23dd7b&_nc_ohc=btyP8MLosLQQ7kNvgGHa5gW&_nc_ht=scontent-atl3-1.xx&_nc_gid=Amo_AU5AxmlCx8h8wB-majg&oh=00_AYDpN54XQDBEyRtrEUZtnhoo_C377PEU0q5o0HWypyMf8A&oe=670EB823","80","Thumbs Up, girl giving thumbs up","1193273174104906","Noo-Hin","https://scontent-atl3-1.xx.fbcdn.net/v/t39.1997-6/47472862_1846683478763869_5271603212267290624_n.png?stp=dst-png_p240x240&_nc_cat=1&ccb=1-7&_nc_sid=ba09c1&_nc_ohc=vcKAF6JzMKsQ7kNvgG3Cf3w&_nc_ht=scontent-atl3-1.xx&_nc_gid=Amo_AU5AxmlCx8h8wB-majg&oh=00_AYB2OiaPoib0xozr9024joqC4ngUQrMgBvUvvoJTjdPeZg&oe=670E997E","https://www.facebook.com/reel/1234683061194200/?comment_id=1056606749530729&reply_comment_id=478764198490961",,"2024-10-11T04:38:51.000Z","ZmVlZGJhY2s6ODQ4MTYwMzI0MTY3NDc1XzQ3ODc2NDE5ODQ5MDk2MQ==","Y29tbWVudDo4NDgxNjAzMjQxNjc0NzVfNDc4NzY0MTk4NDkwOTYx","1","User","pfbid02S9PsZaPoYxaoCs3Fcm1N9ZGdUfz7DBajqkcZdy23d6muPnib7YZzXeRrvw96xpsPl","Sur Yadi","Sur","Y29tbWVudDo4NDgxNjAzMjQxNjc0NzVfMTA1NjYwNjc0OTUzMDcyOQ==","100069205464353","Helly Seedling","https://scontent-atl3-1.xx.fbcdn.net/v/t39.30808-1/428336159_702155295434646_5059998008807722009_n.jpg?stp=cp6_dst-jpg_s32x32&_nc_cat=108&ccb=1-7&_nc_sid=50d2ac&_nc_ohc=oQuxO_nDRHAQ7kNvgHH3ZlE&_nc_ht=scontent-atl3-1.xx&_nc_gid=Amo_AU5AxmlCx8h8wB-majg&oh=00_AYBtGTTZtos99GoFVA4yfoDai6QG_Z6EqIet_QiJRUG8-w&oe=670E994D","https://www.facebook.com/people/Helly-Seedling/100069205464353/","Y29tbWVudDo4NDgxNjAzMjQxNjc0NzVfMTA1NjYwNjc0OTUzMDcyOQ==","Sur Yadi","1",,,,,,,,,,,,,,,,,,"1","2024-10-10T15:58:21.000Z","848160324167475","https://www.facebook.com/100069205464353/posts/848160324167475","ZmVlZGJhY2s6ODQ4MTYwMzI0MTY3NDc1XzEwNTY2MDY3NDk1MzA3Mjk=","Y29tbWVudDo4NDgxNjAzMjQxNjc0NzVfMTA1NjYwNjc0OTUzMDcyOQ==","https://www.facebook.com/100069205464353/posts/848160324167475","0","233184383212138",,,,,,,,"BINTANG ASIA INFLUENCER BOOTCAMP JEMBER CILACAP 2024 

 #petani #petaniindonesia #petaniberdasi #petanisukses #bintangasia Benih Citra Asia. Helly Seedling · Original audio","pfbid02S9PsZaPoYxaoCs3Fcm1N9ZGdUfz7DBajqkcZdy23d6muPnib7YZzXeRrvw96xpsPl","Sur Yadi","https://scontent-atl3-1.xx.fbcdn.net/v/t39.30808-1/432016053_7689902024355141_3455348319695563664_n.jpg?stp=cp0_dst-jpg_s32x32&_nc_cat=109&ccb=1-7&_nc_sid=0ecb9b&_nc_ohc=a6Uyi3SdhRoQ7kNvgFEhkiF&_nc_ht=scontent-atl3-1.xx&_nc_gid=Amo_AU5AxmlCx8h8wB-majg&oh=00_AYAwEzydTfRgj87fbeBOHliE56o34KBh7_w0h6T2l7uE-w&oe=670EC141","https://www.facebook.com/sur.yadi.1238",,,"0"
,,,,,,,,,,,,,,,,,,,,,,,,,,,,,"https://www.facebook.com/permalink.php?story_fbid=pfbid0QyFNj6hVqf7RyDyHxoKhyFuBTkxgaQSKV1jEvJ3hy2GArH29YUwc7YAZibyiCVXGl&id=100069205464353&comment_id=1298505584444872",,,,,,,,,,,,,,,,,,,,,,,,,,,,,,,,,,,,,,,,,,,,,,,,,,,"2024-09-15T07:11:09.000Z","830058792644295","https://www.facebook.com/100069205464353/posts/830058792644295","ZmVlZGJhY2s6ODMwMDU4NzkyNjQ0Mjk1XzEyOTg1MDU1ODQ0NDQ4NzI=","Y29tbWVudDo4MzAwNTg3OTI2NDQyOTVfMTI5ODUwNTU4NDQ0NDg3Mg==","https://www.facebook.com/100069205464353/posts/830058792644295","1","233184383212138","false",,,,,,,"Assalamualaikum izin post 
Bantu petani yg cari bibit semangka siap tanam.
Kita ready ya semangka oval/lonjong SERI F1 dari BINTANG ASIA.
Lokasi Metro Lampung.
Wa 082280717454 atau link di bawah 
https://wa.me/message/SC6PXLSBRXS5B1","100007578522755","Renzy Bintangasia","https://scontent.faep8-2.fna.fbcdn.net/v/t39.30808-1/426012403_3605728109689771_2277782955804277447_n.jpg?stp=cp0_dst-jpg_s32x32&_nc_cat=104&ccb=1-7&_nc_sid=50d2ac&_nc_ohc=esyLYxeEH48Q7kNvgGaEhuc&_nc_zt=24&_nc_ht=scontent.faep8-2.fna&_nc_gid=AptBE4k3P7R6dlWDGSt_XI_&oh=00_AYDeKe9u3e5jNuLae6WiUkbUg8SnIdhAocBXTYiSVQqV4Q&oe=670E9344","https://www.facebook.com/renzi.prayuda",,"Mantap","0"
,,,,,,,,,,,,,,,,,,,,,,,,,,,,,"https://www.facebook.com/reel/502471772709730/?comment_id=1048470026582461&reply_comment_id=551872633917640",,,,,,,,,,,,,,,,,,,,,,,,,,,,,,,,,,,,,,,,,,,,,,,,,,,"2024-10-03T12:31:05.000Z","843209521329222","https://www.facebook.com/100069205464353/posts/843209521329222","ZmVlZGJhY2s6ODQzMjA5NTIxMzI5MjIyXzU1MTg3MjYzMzkxNzY0MA==","Y29tbWVudDo4NDMyMDk1MjEzMjkyMjJfNTUxODcyNjMzOTE3NjQw","https://www.facebook.com/100069205464353/posts/843209521329222","0","233184383212138",,,"User","pfbid029sGqDWi9o2MhBQECnaxE6nXkZL5RE6WwT4gJWaJAAihtmkPkStEGn1xaDzbs8GAPl","Gareng","Gareng","Y29tbWVudDo4NDMyMDk1MjEzMjkyMjJfMTA0ODQ3MDAyNjU4MjQ2MQ==","02 Oktober 2024.

OKREEEEEEE!!!
Helly Seedling kembali menjadi tempat pertemuan bagi rekan rekan sepesial yaitu pak Sugito Semangko yg menjadi salah satu petani semangka sukses dari Bangko Jambi, ada...","100000502823202","Hely Sumanto","https://scontent-lga3-2.xx.fbcdn.net/v/t39.30808-1/316542824_6358799140813450_4293880377762150428_n.jpg?stp=c6.0.512.512a_cp0_dst-jpg_s32x32&_nc_cat=107&ccb=1-7&_nc_sid=50d2ac&_nc_ohc=m7P081n3w7QQ7kNvgHnHlCT&_nc_ht=scontent-lga3-2.xx&_nc_gid=A27kzT6r72QOYOXDDOb8o-O&oh=00_AYBsjaJr9BMUXR4nN8-Y0fFOVcZGTw7B7lOxZ5lX9vP64Q&oe=670EA13C","https://www.facebook.com/hely.sumanto","Y29tbWVudDo4NDMyMDk1MjEzMjkyMjJfMTA0ODQ3MDAyNjU4MjQ2MQ==","Gareng amin pak","1"
,,,,,,,,,,,,,,,,,,,,,,,,,,,,,"https://www.facebook.com/permalink.php?story_fbid=pfbid075RdNP6KPKJJ8GMbtR7Kj6bffEd5AoH1W6BSELKAaAzegnUf5DANJttTjNTVwj13l&id=100069205464353&comment_id=1051745172840066&reply_comment_id=400969832868159",,,,,,,,,,,,,,,,,,,,,,,,,,,,,,,,,,,,,,,,,,,,,,,,,,,"2024-10-02T07:38:38.000Z","840789508237890","https://www.facebook.com/100069205464353/posts/840789508237890","ZmVlZGJhY2s6ODQwNzg5NTA4MjM3ODkwXzQwMDk2OTgzMjg2ODE1OQ==","Y29tbWVudDo4NDA3ODk1MDgyMzc4OTBfNDAwOTY5ODMyODY4MTU5","https://www.facebook.com/100069205464353/posts/840789508237890","0","355442210992705","false",,"User","pfbid023dtz5eeoyviZBXWbqYnUtPK8BT5GVJ56DR7ytjYzYXK7199fFzwyA1mFUZdBaU28l","Jumingin","Jumingin","Y29tbWVudDo4NDA3ODk1MDgyMzc4OTBfMTA1MTc0NTE3Mjg0MDA2Ng==","Helly Seedling. 337 likes · 151 talking about this. bibit sayuran🌱 semangka🍉 dll
Desa srisawahan deket wisata Bendungan Dam Raman.🏡wa :082280717454📲","100069205464353","Helly Seedling","https://scontent-atl3-1.xx.fbcdn.net/v/t39.30808-1/428336159_702155295434646_5059998008807722009_n.jpg?stp=cp6_dst-jpg_s32x32&_nc_cat=108&ccb=1-7&_nc_sid=50d2ac&_nc_ohc=oQuxO_nDRHAQ7kNvgEzB-3R&_nc_ht=scontent-atl3-1.xx&_nc_gid=A5kETziqF0ortWwDFqf6qEY&oh=00_AYD710iUJ45Mgi_cu-rL_hEOcYzUIxme2HYszruJINScvg&oe=670E994D","https://www.facebook.com/people/Helly-Seedling/100069205464353/","Y29tbWVudDo4NDA3ODk1MDgyMzc4OTBfMTA1MTc0NTE3Mjg0MDA2Ng==","Jumingin sandjng pertashop Srisawahan","1"
,,,,,,,,,,,,,,,,,,,,,,,,,,,,,"https://www.facebook.com/reel/502471772709730/?comment_id=1077387143743227&reply_comment_id=1218742119346866",,,,,,,,,,,,,,,,,,,,,,,,,,,,,,,,,,,,,,,,,,,,,,,,,,"1","2024-10-03T10:24:32.000Z","843209521329222","https://www.facebook.com/100069205464353/posts/843209521329222","ZmVlZGJhY2s6ODQzMjA5NTIxMzI5MjIyXzEyMTg3NDIxMTkzNDY4NjY=","Y29tbWVudDo4NDMyMDk1MjEzMjkyMjJfMTIxODc0MjExOTM0Njg2Ng==","https://www.facebook.com/100069205464353/posts/843209521329222","1","233184383212138",,,"User","1749717881","Budi Kartika","Budi","Y29tbWVudDo4NDMyMDk1MjEzMjkyMjJfMTA3NzM4NzE0Mzc0MzIyNw==","02 Oktober 2024.

OKREEEEEEE!!!
Helly Seedling kembali menjadi tempat pertemuan bagi rekan rekan sepesial yaitu pak Sugito Semangko yg menjadi salah satu petani semangka sukses dari Bangko Jambi, ada...","100069205464353","Helly Seedling","https://scontent-bos5-1.xx.fbcdn.net/v/t39.30808-1/428336159_702155295434646_5059998008807722009_n.jpg?stp=cp6_dst-jpg_s32x32&_nc_cat=108&ccb=1-7&_nc_sid=50d2ac&_nc_ohc=oQuxO_nDRHAQ7kNvgGVhQx-&_nc_ht=scontent-bos5-1.xx&_nc_gid=AWQAv5EEFacG48Glm9cdebu&oh=00_AYBrPye0hqBs7p9FvrMWF9sLfP8xn5jNRR5QYO9miHdxYQ&oe=670E994D","https://www.facebook.com/people/Helly-Seedling/100069205464353/","Y29tbWVudDo4NDMyMDk1MjEzMjkyMjJfMTA3NzM4NzE0Mzc0MzIyNw==","Budi Kartika Alhamdulillah bos kedatangan tamu spesial","1"
,,,,,,,,,,,,,,,,,,,,,,,,,,,,,"https://www.facebook.com/reel/502471772709730/?comment_id=1077387143743227&reply_comment_id=1194565601651654",,,,,,,,,,,,,,,,,,,,,,,,,,,,,,,,,,,,,,,,,,,,,,,,,,,"2024-10-03T10:36:42.000Z","843209521329222","https://www.facebook.com/100069205464353/posts/843209521329222","ZmVlZGJhY2s6ODQzMjA5NTIxMzI5MjIyXzExOTQ1NjU2MDE2NTE2NTQ=","Y29tbWVudDo4NDMyMDk1MjEzMjkyMjJfMTE5NDU2NTYwMTY1MTY1NA==","https://www.facebook.com/100069205464353/posts/843209521329222","1","233184383212138",,,"User","1749717881","Budi Kartika","Budi","Y29tbWVudDo4NDMyMDk1MjEzMjkyMjJfMTA3NzM4NzE0Mzc0MzIyNw==","02 Oktober 2024.

OKREEEEEEE!!!
Helly Seedling kembali menjadi tempat pertemuan bagi rekan rekan sepesial yaitu pak Sugito Semangko yg menjadi salah satu petani semangka sukses dari Bangko Jambi, ada...","1749717881","Budi Kartika","https://scontent-bos5-1.xx.fbcdn.net/v/t1.6435-1/46516739_10205017446033064_7747677507955982336_n.jpg?stp=cp0_dst-jpg_s32x32&_nc_cat=111&ccb=1-7&_nc_sid=db5862&_nc_ohc=6ZSEoFyq048Q7kNvgHPvUwm&_nc_ht=scontent-bos5-1.xx&_nc_gid=AWQAv5EEFacG48Glm9cdebu&oh=00_AYAwtGPMMwlMNLAovHGwctJsWnOw8oon_2_HYTH6GtNTyA&oe=67303AA5","https://www.facebook.com/BeKa260800","Y29tbWVudDo4NDMyMDk1MjEzMjkyMjJfMTA3NzM4NzE0Mzc0MzIyNw==","Helly Seedling Aamiin....sehat selalu Bos","2"
,,,,,,,,,,,,,,,,,,,,,,,,,,,,,"https://www.facebook.com/reel/502471772709730/?comment_id=1077387143743227&reply_comment_id=1086832449727645",,,,,,,,,,,,,,,,,,,,,,,,,,,,,,,,,,,,,,,,,,,,,,,,,,"2","2024-10-03T12:30:53.000Z","843209521329222","https://www.facebook.com/100069205464353/posts/843209521329222","ZmVlZGJhY2s6ODQzMjA5NTIxMzI5MjIyXzEwODY4MzI0NDk3Mjc2NDU=","Y29tbWVudDo4NDMyMDk1MjEzMjkyMjJfMTA4NjgzMjQ0OTcyNzY0NQ==","https://www.facebook.com/100069205464353/posts/843209521329222","0","233184383212138",,,"User","1749717881","Budi Kartika","Budi","Y29tbWVudDo4NDMyMDk1MjEzMjkyMjJfMTA3NzM4NzE0Mzc0MzIyNw==","02 Oktober 2024.

OKREEEEEEE!!!
Helly Seedling kembali menjadi tempat pertemuan bagi rekan rekan sepesial yaitu pak Sugito Semangko yg menjadi salah satu petani semangka sukses dari Bangko Jambi, ada...","100000502823202","Hely Sumanto","https://scontent-bos5-1.xx.fbcdn.net/v/t39.30808-1/316542824_6358799140813450_4293880377762150428_n.jpg?stp=c6.0.512.512a_cp0_dst-jpg_s32x32&_nc_cat=107&ccb=1-7&_nc_sid=50d2ac&_nc_ohc=m7P081n3w7QQ7kNvgGFsmwy&_nc_ht=scontent-bos5-1.xx&_nc_gid=AWQAv5EEFacG48Glm9cdebu&oh=00_AYDEavSvC7qoEU8noDssIus-L2Ft_GI57w4B6V9X2LZb0A&oe=670EA13C","https://www.facebook.com/hely.sumanto","Y29tbWVudDo4NDMyMDk1MjEzMjkyMjJfMTA3NzM4NzE0Mzc0MzIyNw==","Budi Kartika Pa kabar pak kapan ke lampung?","1"
,,,,,,,,,,,,,,,,,,,,,,,,,,,,,"https://www.facebook.com/reel/502471772709730/?comment_id=1077387143743227&reply_comment_id=1700786020838805",,,,,,,,,,,,,,,,,,,,,,,,,,,,,,,,,,,,,,,,,,,,,,,,,,,"2024-10-03T12:33:32.000Z","843209521329222","https://www.facebook.com/100069205464353/posts/843209521329222","ZmVlZGJhY2s6ODQzMjA5NTIxMzI5MjIyXzE3MDA3ODYwMjA4Mzg4MDU=","Y29tbWVudDo4NDMyMDk1MjEzMjkyMjJfMTcwMDc4NjAyMDgzODgwNQ==","https://www.facebook.com/100069205464353/posts/843209521329222","0","233184383212138",,,"User","1749717881","Budi Kartika","Budi","Y29tbWVudDo4NDMyMDk1MjEzMjkyMjJfMTA3NzM4NzE0Mzc0MzIyNw==","02 Oktober 2024.

OKREEEEEEE!!!
Helly Seedling kembali menjadi tempat pertemuan bagi rekan rekan sepesial yaitu pak Sugito Semangko yg menjadi salah satu petani semangka sukses dari Bangko Jambi, ada...","1749717881","Budi Kartika","https://scontent-bos5-1.xx.fbcdn.net/v/t1.6435-1/46516739_10205017446033064_7747677507955982336_n.jpg?stp=cp0_dst-jpg_s32x32&_nc_cat=111&ccb=1-7&_nc_sid=db5862&_nc_ohc=6ZSEoFyq048Q7kNvgHPvUwm&_nc_ht=scontent-bos5-1.xx&_nc_gid=AWQAv5EEFacG48Glm9cdebu&oh=00_AYAwtGPMMwlMNLAovHGwctJsWnOw8oon_2_HYTH6GtNTyA&oe=67303AA5","https://www.facebook.com/BeKa260800","Y29tbWVudDo4NDMyMDk1MjEzMjkyMjJfMTA3NzM4NzE0Mzc0MzIyNw==","Hely Sumanto Ini yang kadang membuat sakitnya di sini....ah ah ah ah ah ah ah","2"
,,,,,,,,,,,,,,,,,,,,,,,,,,,,,"https://www.facebook.com/reel/502471772709730/?comment_id=1077387143743227&reply_comment_id=855763596659271",,,,,,,,,,,,,,,,,,,,,,,,,,,,,,,,,,,,,,,,,,,,,,,,,,,"2024-10-03T12:35:59.000Z","843209521329222","https://www.facebook.com/100069205464353/posts/843209521329222","ZmVlZGJhY2s6ODQzMjA5NTIxMzI5MjIyXzg1NTc2MzU5NjY1OTI3MQ==","Y29tbWVudDo4NDMyMDk1MjEzMjkyMjJfODU1NzYzNTk2NjU5Mjcx","https://www.facebook.com/100069205464353/posts/843209521329222","0","233184383212138",,,"User","1749717881","Budi Kartika","Budi","Y29tbWVudDo4NDMyMDk1MjEzMjkyMjJfMTA3NzM4NzE0Mzc0MzIyNw==","02 Oktober 2024.

OKREEEEEEE!!!
Helly Seedling kembali menjadi tempat pertemuan bagi rekan rekan sepesial yaitu pak Sugito Semangko yg menjadi salah satu petani semangka sukses dari Bangko Jambi, ada...","100000502823202","Hely Sumanto","https://scontent-bos5-1.xx.fbcdn.net/v/t39.30808-1/316542824_6358799140813450_4293880377762150428_n.jpg?stp=c6.0.512.512a_cp0_dst-jpg_s32x32&_nc_cat=107&ccb=1-7&_nc_sid=50d2ac&_nc_ohc=m7P081n3w7QQ7kNvgGFsmwy&_nc_ht=scontent-bos5-1.xx&_nc_gid=AWQAv5EEFacG48Glm9cdebu&oh=00_AYDEavSvC7qoEU8noDssIus-L2Ft_GI57w4B6V9X2LZb0A&oe=670EA13C","https://www.facebook.com/hely.sumanto","Y29tbWVudDo4NDMyMDk1MjEzMjkyMjJfMTA3NzM4NzE0Mzc0MzIyNw==","Budi Kartika saya yang kejawa pak kalo gx🤩","2"
,,,,,,,,,,,,,,,,,,,,,,,,,,,,,"https://www.facebook.com/reel/502471772709730/?comment_id=522391884065154&reply_comment_id=454409174278703",,,,,,,,,,,,,,,,,,,,,,,,,,,,,,,,,,,,,,,,,,,,,,,,,,,"2024-10-03T12:19:02.000Z","843209521329222","https://www.facebook.com/100069205464353/posts/843209521329222","ZmVlZGJhY2s6ODQzMjA5NTIxMzI5MjIyXzQ1NDQwOTE3NDI3ODcwMw==","Y29tbWVudDo4NDMyMDk1MjEzMjkyMjJfNDU0NDA5MTc0Mjc4NzAz","https://www.facebook.com/100069205464353/posts/843209521329222","0","233184383212138",,,"User","pfbid0vGZLbr1o7UDzeqeCcVCzUtLJfu7PV9h21HSnHeT9C5u7ifFjQHaxcHZED6jeMi79l","Tatang Ikromi","Tatang","Y29tbWVudDo4NDMyMDk1MjEzMjkyMjJfNTIyMzkxODg0MDY1MTU0","02 Oktober 2024.

OKREEEEEEE!!!
Helly Seedling kembali menjadi tempat pertemuan bagi rekan rekan sepesial yaitu pak Sugito Semangko yg menjadi salah satu petani semangka sukses dari Bangko Jambi, ada...","100000502823202","Hely Sumanto","https://scontent.fjbr1-1.fna.fbcdn.net/v/t39.30808-1/316542824_6358799140813450_4293880377762150428_n.jpg?stp=c6.0.512.512a_cp0_dst-jpg_s32x32&_nc_cat=107&ccb=1-7&_nc_sid=50d2ac&_nc_ohc=m7P081n3w7QQ7kNvgHmax-F&_nc_zt=24&_nc_ht=scontent.fjbr1-1.fna&_nc_gid=A0UbjTNzRjnt_kmkkVgwUDx&oh=00_AYCm8tRuXvYXxng6JuHN6Zm4PZ9oCeYjpIQpFlXpLRxVoQ&oe=670EA13C","https://www.facebook.com/hely.sumanto","Y29tbWVudDo4NDMyMDk1MjEzMjkyMjJfNTIyMzkxODg0MDY1MTU0","Tatang Ikromi pertengahan bln iki ndan😃","1"
,,,,,,,,,,,,,,,,,,,,,,,,,,,,,"https://www.facebook.com/reel/2217065178665399/?comment_id=1937103913462846",,,,,,,,,,,,,,,,,,,,,,,,,,,,,,,,,,,,,,,,,,,,,,,,,,,"2024-09-07T12:27:05.000Z","824075783242596","https://www.facebook.com/100069205464353/posts/824075783242596","ZmVlZGJhY2s6ODI0MDc1NzgzMjQyNTk2XzE5MzcxMDM5MTM0NjI4NDY=","Y29tbWVudDo4MjQwNzU3ODMyNDI1OTZfMTkzNzEwMzkxMzQ2Mjg0Ng==","https://www.facebook.com/100069205464353/posts/824075783242596","1","233184383212138",,,,,,,,"Tanaman tomat yg akan di tumpang sari dengan CMK kedepanya.

Tentunya dengan nutrisi dari organik 80% dan kimia 20%.
Pupuk organik yg kita pakai adalah KOHE KAMBING GILING.

Karna KOHE KAMBING GILING...","pfbid0SwowHhR5hcmZHydHuZvBRUnDaz8CjDZkVZb5igoXwNLoxfHVSi4pgA618d1ZZTubl","Musini Zahra","https://scontent-dfw5-1.xx.fbcdn.net/v/t39.30808-1/320927620_698747565193764_5982949935490035105_n.jpg?stp=cp0_dst-jpg_s32x32&_nc_cat=105&ccb=1-7&_nc_sid=0ecb9b&_nc_ohc=iDBK1h9QIgQQ7kNvgElGBkD&_nc_ht=scontent-dfw5-1.xx&_nc_gid=AnWWjGa2AVNFygXe-mOQWkN&oh=00_AYCXxdt8qBvso6H-70yon8ff_egGvhWIlrMeR8fMahyd1Q&oe=670EB654","https://www.facebook.com/people/Musini-Zahra/pfbid0SwowHhR5hcmZHydHuZvBRUnDaz8CjDZkVZb5igoXwNLoxfHVSi4pgA618d1ZZTubl/",,"👍  pk bos,  cara bertani sukses","0"
,,,,,,,,,,,,,,,,,,,,,,,,,,,,,"https://www.facebook.com/reel/2217065178665399/?comment_id=1037551650899382",,,,,,,,,,,,,,,"https://www.facebook.com/reel/2217065178665399/?comment_id=1037551650899382&reply_comment_id=1052010579776936","1","2024-09-07T03:47:41.000Z","ZmVlZGJhY2s6ODI0MDc1NzgzMjQyNTk2XzEwNTIwMTA1Nzk3NzY5MzY=","Y29tbWVudDo4MjQwNzU3ODMyNDI1OTZfMTA1MjAxMDU3OTc3NjkzNg==","0","User","pfbid0bkUcicCLbSngDs6pPWHtwPbnZXUHxR6ajh2m8jcDQMGE7NAbBALuCmcFBg1Mj69bl","Hartono Wijaya","Hartono","Y29tbWVudDo4MjQwNzU3ODMyNDI1OTZfMTAzNzU1MTY1MDg5OTM4Mg==","100069205464353","Helly Seedling","https://scontent-dfw5-2.xx.fbcdn.net/v/t39.30808-1/428336159_702155295434646_5059998008807722009_n.jpg?stp=cp6_dst-jpg_s32x32&_nc_cat=108&ccb=1-7&_nc_sid=50d2ac&_nc_ohc=oQuxO_nDRHAQ7kNvgHf0cU1&_nc_ht=scontent-dfw5-2.xx&_nc_gid=AnWWjGa2AVNFygXe-mOQWkN&oh=00_AYBQa6pMpQ09r4QyQ5Lpls6sy5LTHZPNxdBtFQGqVgXlaA&oe=670E994D","https://www.facebook.com/people/Helly-Seedling/100069205464353/","Y29tbWVudDo4MjQwNzU3ODMyNDI1OTZfMTAzNzU1MTY1MDg5OTM4Mg==","Hartono Wijaya metro Lampung","1","https://www.facebook.com/reel/2217065178665399/?comment_id=1037551650899382&reply_comment_id=1256914308812198","2024-09-07T04:37:49.000Z","ZmVlZGJhY2s6ODI0MDc1NzgzMjQyNTk2XzEyNTY5MTQzMDg4MTIxOTg=","Y29tbWVudDo4MjQwNzU3ODMyNDI1OTZfMTI1NjkxNDMwODgxMjE5OA==","0","User","pfbid0bkUcicCLbSngDs6pPWHtwPbnZXUHxR6ajh2m8jcDQMGE7NAbBALuCmcFBg1Mj69bl","Hartono Wijaya","Hartono","Y29tbWVudDo4MjQwNzU3ODMyNDI1OTZfMTAzNzU1MTY1MDg5OTM4Mg==","pfbid0bkUcicCLbSngDs6pPWHtwPbnZXUHxR6ajh2m8jcDQMGE7NAbBALuCmcFBg1Mj69bl","Hartono Wijaya","https://scontent-dfw5-1.xx.fbcdn.net/v/t1.6435-1/132548671_103785054974148_5589194742787364738_n.jpg?stp=c0.106.640.640a_cp0_dst-jpg_s32x32&_nc_cat=111&ccb=1-7&_nc_sid=0ecb9b&_nc_ohc=-c-PeurAJ8wQ7kNvgGIXqHF&_nc_ht=scontent-dfw5-1.xx&_nc_gid=AnWWjGa2AVNFygXe-mOQWkN&oh=00_AYAKbOOLd2A4xbD6RLh4hZc5j7Xt46qt1vopiCU8o6IC6Q&oe=6730536C","https://www.facebook.com/hartono.wijaya.75641","Y29tbWVudDo4MjQwNzU3ODMyNDI1OTZfMTAzNzU1MTY1MDg5OTM4Mg==","Helly Seedling  pekalongan apa metro","2","2","2024-09-06T16:49:47.000Z","824075783242596","https://www.facebook.com/100069205464353/posts/824075783242596","ZmVlZGJhY2s6ODI0MDc1NzgzMjQyNTk2XzEwMzc1NTE2NTA4OTkzODI=","Y29tbWVudDo4MjQwNzU3ODMyNDI1OTZfMTAzNzU1MTY1MDg5OTM4Mg==","https://www.facebook.com/100069205464353/posts/824075783242596","1","233184383212138",,,,,,,,"Tanaman tomat yg akan di tumpang sari dengan CMK kedepanya.

Tentunya dengan nutrisi dari organik 80% dan kimia 20%.
Pupuk organik yg kita pakai adalah KOHE KAMBING GILING.

Karna KOHE KAMBING GILING...","pfbid0bkUcicCLbSngDs6pPWHtwPbnZXUHxR6ajh2m8jcDQMGE7NAbBALuCmcFBg1Mj69bl","Hartono Wijaya","https://scontent-dfw5-1.xx.fbcdn.net/v/t1.6435-1/132548671_103785054974148_5589194742787364738_n.jpg?stp=c0.106.640.640a_cp0_dst-jpg_s32x32&_nc_cat=111&ccb=1-7&_nc_sid=0ecb9b&_nc_ohc=-c-PeurAJ8wQ7kNvgGIXqHF&_nc_ht=scontent-dfw5-1.xx&_nc_gid=AnWWjGa2AVNFygXe-mOQWkN&oh=00_AYAKbOOLd2A4xbD6RLh4hZc5j7Xt46qt1vopiCU8o6IC6Q&oe=6730536C","https://www.facebook.com/hartono.wijaya.75641",,"Lokasi","0"
,,,,,,,,,,,,,,,,,,,,,,,,,,,,,"https://www.facebook.com/reel/502471772709730/?comment_id=1266050161219010&reply_comment_id=497831983232565",,,,,,,,,,,,,,,,,,,,,,,,,,,,,,,,,,,,,,,,,,,,,,,,,,,"2024-10-03T10:26:37.000Z","843209521329222","https://www.facebook.com/100069205464353/posts/843209521329222","ZmVlZGJhY2s6ODQzMjA5NTIxMzI5MjIyXzQ5NzgzMTk4MzIzMjU2NQ==","Y29tbWVudDo4NDMyMDk1MjEzMjkyMjJfNDk3ODMxOTgzMjMyNTY1","https://www.facebook.com/100069205464353/posts/843209521329222","1","233184383212138",,,"User","100007578522755","Renzy Bintangasia","Renzy","Y29tbWVudDo4NDMyMDk1MjEzMjkyMjJfMTI2NjA1MDE2MTIxOTAxMA==","02 Oktober 2024.

OKREEEEEEE!!!
Helly Seedling kembali menjadi tempat pertemuan bagi rekan rekan sepesial yaitu pak Sugito Semangko yg menjadi salah satu petani semangka sukses dari Bangko Jambi, ada...","100069205464353","Helly Seedling","https://scontent-dfw5-2.xx.fbcdn.net/v/t39.30808-1/428336159_702155295434646_5059998008807722009_n.jpg?stp=cp6_dst-jpg_s32x32&_nc_cat=108&ccb=1-7&_nc_sid=50d2ac&_nc_ohc=oQuxO_nDRHAQ7kNvgFor1Cv&_nc_ht=scontent-dfw5-2.xx&_nc_gid=AIJoc9KhvuJEBi3QAiOM7DR&oh=00_AYCw3Z7L9pL8a_9ZlrWXw9LQ3DwXVls7Hl5-yQYrHLLhzA&oe=670E994D","https://www.facebook.com/people/Helly-Seedling/100069205464353/","Y29tbWVudDo4NDMyMDk1MjEzMjkyMjJfMTI2NjA1MDE2MTIxOTAxMA==","Renzy Bintangasia aamiin trimkasih","1"
,,,,,,,,,,,,,,,,,,,,,,,,,,,,,"https://www.facebook.com/reel/446274737864156/?comment_id=540330771850978&reply_comment_id=1065945725327017",,,,,,,,,,,,,,,,,,,,,,,,,,,,,,,,,,,,,,,,,,,,,,,,,,,"2024-10-02T02:49:58.000Z","839342851715889","https://www.facebook.com/100069205464353/posts/839342851715889","ZmVlZGJhY2s6ODM5MzQyODUxNzE1ODg5XzEwNjU5NDU3MjUzMjcwMTc=","Y29tbWVudDo4MzkzNDI4NTE3MTU4ODlfMTA2NTk0NTcyNTMyNzAxNw==","https://www.facebook.com/100069205464353/posts/839342851715889","0","233184383212138",,,"User","pfbid0Wa9c1Gg7aUfwiUwa5s2A18Xj4A8vGJLhvLEcenBa67zRVjEzCyTFnpEerG54bzjZl","Sugiyanti","Sugiyanti","Y29tbWVudDo4MzkzNDI4NTE3MTU4ODlfNTQwMzMwNzcxODUwOTc4","Kohe kambing giling murni bos....
Lokasi Metro Lampung 
Wa 082280717454. Helly Seedling · Original audio","100069205464353","Helly Seedling","https://scontent.fgig14-2.fna.fbcdn.net/v/t39.30808-1/428336159_702155295434646_5059998008807722009_n.jpg?stp=cp6_dst-jpg_s32x32&_nc_cat=108&ccb=1-7&_nc_sid=50d2ac&_nc_ohc=oQuxO_nDRHAQ7kNvgF5U-37&_nc_ht=scontent.fgig14-2.fna&_nc_gid=ATKc7fC-GEJaWwZqgrlBiIS&oh=00_AYBhZpUOgDYO12aRk0RqM8Egod-Y2Qd9EJaEpWUVxql1BQ&oe=670E994D","https://www.facebook.com/people/Helly-Seedling/100069205464353/","Y29tbWVudDo4MzkzNDI4NTE3MTU4ODlfNTQwMzMwNzcxODUwOTc4","Sugiyanti ga fermentasi brani bos kalo kohe kambing","1"
,,,,,,,,,,,,,,,,,,,,,,,,,,,,,"https://www.facebook.com/reel/502471772709730/?comment_id=1204733980812093&reply_comment_id=381867348195154",,,,,,,,,,,,,,,,,,,,,,,,,,,,,,,,,,,,,,,,,,,,,,,,,,"1","2024-10-03T10:13:17.000Z","843209521329222","https://www.facebook.com/100069205464353/posts/843209521329222","ZmVlZGJhY2s6ODQzMjA5NTIxMzI5MjIyXzM4MTg2NzM0ODE5NTE1NA==","Y29tbWVudDo4NDMyMDk1MjEzMjkyMjJfMzgxODY3MzQ4MTk1MTU0","https://www.facebook.com/100069205464353/posts/843209521329222","1","233184383212138",,,"User","pfbid0cxvAdKzyPuf6NJKXqvWwbeM3aYiJwaqW5FQ6zDV2KYaGuHdxXJJqXmELqeYT3Saml","Sugito Semangko","Sugito","Y29tbWVudDo4NDMyMDk1MjEzMjkyMjJfMTIwNDczMzk4MDgxMjA5Mw==","02 Oktober 2024.

OKREEEEEEE!!!
Helly Seedling kembali menjadi tempat pertemuan bagi rekan rekan sepesial yaitu pak Sugito Semangko yg menjadi salah satu petani semangka sukses dari Bangko Jambi, ada...","100000502823202","Hely Sumanto","https://scontent-iad3-1.xx.fbcdn.net/v/t39.30808-1/316542824_6358799140813450_4293880377762150428_n.jpg?stp=c6.0.512.512a_cp0_dst-jpg_s32x32&_nc_cat=107&ccb=1-7&_nc_sid=50d2ac&_nc_ohc=m7P081n3w7QQ7kNvgF_xl8g&_nc_ht=scontent-iad3-1.xx&_nc_gid=AfBYcmS-SsjxKszJfk-54w8&oh=00_AYA-7j9tH5ICU3uxpxgg9pyY3Y5HDl_WREOwyv-ZEMMNqA&oe=670EA13C","https://www.facebook.com/hely.sumanto","Y29tbWVudDo4NDMyMDk1MjEzMjkyMjJfMTIwNDczMzk4MDgxMjA5Mw==","Sugito Semangko sanes wedal saget kepanggeh maleh komandan","1"
,,,,,,,,,,,,,,,,,,,,,,,,,,,,,"https://www.facebook.com/reel/502471772709730/?comment_id=1204733980812093&reply_comment_id=544107161508287",,,,,,,,,,,,,,,,,,,,,,,,,,,,,,,,,,,,,,,,,,,,,,,,,,,"2024-10-03T13:35:50.000Z","843209521329222","https://www.facebook.com/100069205464353/posts/843209521329222","ZmVlZGJhY2s6ODQzMjA5NTIxMzI5MjIyXzU0NDEwNzE2MTUwODI4Nw==","Y29tbWVudDo4NDMyMDk1MjEzMjkyMjJfNTQ0MTA3MTYxNTA4Mjg3","https://www.facebook.com/100069205464353/posts/843209521329222","0","233184383212138",,,"User","pfbid0cxvAdKzyPuf6NJKXqvWwbeM3aYiJwaqW5FQ6zDV2KYaGuHdxXJJqXmELqeYT3Saml","Sugito Semangko","Sugito","Y29tbWVudDo4NDMyMDk1MjEzMjkyMjJfMTIwNDczMzk4MDgxMjA5Mw==","02 Oktober 2024.

OKREEEEEEE!!!
Helly Seedling kembali menjadi tempat pertemuan bagi rekan rekan sepesial yaitu pak Sugito Semangko yg menjadi salah satu petani semangka sukses dari Bangko Jambi, ada...","pfbid0cxvAdKzyPuf6NJKXqvWwbeM3aYiJwaqW5FQ6zDV2KYaGuHdxXJJqXmELqeYT3Saml","Sugito Semangko","https://scontent-iad3-2.xx.fbcdn.net/v/t1.6435-1/171039543_100851735477673_9187325491285823412_n.jpg?stp=cp0_dst-jpg_s32x32&_nc_cat=103&ccb=1-7&_nc_sid=0ecb9b&_nc_ohc=t4usWb_Yn-4Q7kNvgF3Li6W&_nc_ht=scontent-iad3-2.xx&_nc_gid=AfBYcmS-SsjxKszJfk-54w8&oh=00_AYBgNS5AT1X6kuZSIMPVmjnJHxqpSAhhdg7C_Gye1u-aVA&oe=673057FD","https://www.facebook.com/sugito.semangko.9","Y29tbWVudDo4NDMyMDk1MjEzMjkyMjJfMTIwNDczMzk4MDgxMjA5Mw==","Hely Sumanto oktee mas","2"
,,,,,,,,,,,,,,,,,,,,,,,,,,,,,"https://www.facebook.com/reel/502471772709730/?comment_id=3405598179734979&reply_comment_id=887458036196188",,,,,,,,,,,,,,,,,,,,,,,,,,,,,,,,,,,,,,,,,,,,,,,,,,,"2024-10-03T09:45:38.000Z","843209521329222","https://www.facebook.com/100069205464353/posts/843209521329222","ZmVlZGJhY2s6ODQzMjA5NTIxMzI5MjIyXzg4NzQ1ODAzNjE5NjE4OA==","Y29tbWVudDo4NDMyMDk1MjEzMjkyMjJfODg3NDU4MDM2MTk2MTg4","https://www.facebook.com/100069205464353/posts/843209521329222","1","233184383212138",,,"User","100001408872342","Febri Arianto","Febri","Y29tbWVudDo4NDMyMDk1MjEzMjkyMjJfMzQwNTU5ODE3OTczNDk3OQ==","02 Oktober 2024.

OKREEEEEEE!!!
Helly Seedling kembali menjadi tempat pertemuan bagi rekan rekan sepesial yaitu pak Sugito Semangko yg menjadi salah satu petani semangka sukses dari Bangko Jambi, ada...","100069205464353","Helly Seedling","https://scontent.flko1-2.fna.fbcdn.net/v/t39.30808-1/428336159_702155295434646_5059998008807722009_n.jpg?stp=cp6_dst-jpg_s32x32&_nc_cat=108&ccb=1-7&_nc_sid=50d2ac&_nc_ohc=oQuxO_nDRHAQ7kNvgGPTzv1&_nc_ht=scontent.flko1-2.fna&_nc_gid=AqvQ_HMZ1vN17ZAFDV1Ok4b&oh=00_AYCT3RzD7cWVu4danxqYPgtVuJRmWuerl4W-dpQJt0HIBg&oe=670E994D","https://www.facebook.com/people/Helly-Seedling/100069205464353/","Y29tbWVudDo4NDMyMDk1MjEzMjkyMjJfMzQwNTU5ODE3OTczNDk3OQ==","Febri Arianto okreee 🤣👍😁","1"
,,,,,,,,,,,,,,,,,,,,,,,,,,,,,"https://www.facebook.com/reel/446274737864156/?comment_id=1272108060618375&reply_comment_id=1317338622588675",,,,,,,,,,,,,,,,,,,,,,,,,,,,,,,,,,,,,,,,,,,,,,,,,,,"2024-09-30T00:19:11.000Z","839342851715889","https://www.facebook.com/100069205464353/posts/839342851715889","ZmVlZGJhY2s6ODM5MzQyODUxNzE1ODg5XzEzMTczMzg2MjI1ODg2NzU=","Y29tbWVudDo4MzkzNDI4NTE3MTU4ODlfMTMxNzMzODYyMjU4ODY3NQ==","https://www.facebook.com/100069205464353/posts/839342851715889","0","233184383212138",,,"User","pfbid0ogkzt5pbgxPnrV7UY9A6DEyTqem2kyY54DLGswUMXoP1hZGmD2pvbFZbbe8purxCl","Sunar Tani","Sunar","Y29tbWVudDo4MzkzNDI4NTE3MTU4ODlfMTI3MjEwODA2MDYxODM3NQ==","Kohe kambing giling murni bos....
Lokasi Metro Lampung 
Wa 082280717454. Helly Seedling · Original audio","100069205464353","Helly Seedling","https://scontent.fcgh68-1.fna.fbcdn.net/v/t39.30808-1/428336159_702155295434646_5059998008807722009_n.jpg?stp=cp6_dst-jpg_s32x32&_nc_cat=108&ccb=1-7&_nc_sid=50d2ac&_nc_ohc=oQuxO_nDRHAQ7kNvgEvF5Gk&_nc_zt=24&_nc_ht=scontent.fcgh68-1.fna&_nc_gid=AMqyQVT3fPkcqC2jrchJ5_V&oh=00_AYCuJpdMJQGpB3JVqAlSyeWoCjCtr5GeoZ_bY9_FYyWG9w&oe=670E994D","https://www.facebook.com/people/Helly-Seedling/100069205464353/","Y29tbWVudDo4MzkzNDI4NTE3MTU4ODlfMTI3MjEwODA2MDYxODM3NQ==","Sunar Tani wa bos 082280717454","1"
,,,,,,,,,,,,,,,,,,,,,,,,,,,,,"https://www.facebook.com/permalink.php?story_fbid=pfbid037Kwvuf2v9qcQypeQ5bY8KEvnMuyj63QTX1t8JzuSLW5phbd9GqQzGUVwEJpGiV1il&id=100069205464353&comment_id=546353744481512&reply_comment_id=396388020162839",,,,,,,,,,,,,,,,,,,,,,,,,,,,,,,,,,,,,,,,,,,,,,,,,,,"2024-09-14T01:05:16.000Z","828565746126933","https://www.facebook.com/100069205464353/posts/828565746126933","ZmVlZGJhY2s6ODI4NTY1NzQ2MTI2OTMzXzM5NjM4ODAyMDE2MjgzOQ==","Y29tbWVudDo4Mjg1NjU3NDYxMjY5MzNfMzk2Mzg4MDIwMTYyODM5","https://www.facebook.com/100069205464353/posts/828565746126933","0","233184383212138","false",,"User","100007578522755","Renzy Bintangasia","Renzy","Y29tbWVudDo4Mjg1NjU3NDYxMjY5MzNfNTQ2MzUzNzQ0NDgxNTEy","Assalamualaikum 
Izin post.
Bibit semangka siap tanam bulat. MADRID F1
Lokasi Metro Lampung 
Wa link bawah
https://wa.me/message/SC6PXLSBRXS5B1","100069205464353","Helly Seedling","https://scontent.flhe6-1.fna.fbcdn.net/v/t39.30808-1/428336159_702155295434646_5059998008807722009_n.jpg?stp=cp6_dst-jpg_s32x32&_nc_cat=108&ccb=1-7&_nc_sid=50d2ac&_nc_ohc=oQuxO_nDRHAQ7kNvgFcS8qB&_nc_ht=scontent.flhe6-1.fna&_nc_gid=AI99otAUcKD1Y3z7QtPq_UM&oh=00_AYCgO3tpAN2osXZF1oovQ8o1vse98Ez1RZHfjs5SpjPbAQ&oe=670E994D","https://www.facebook.com/people/Helly-Seedling/100069205464353/","Y29tbWVudDo4Mjg1NjU3NDYxMjY5MzNfNTQ2MzUzNzQ0NDgxNTEy","Renzy Bintangasia jos","1"
,,,,,,,,,,,,,,,,,,,,,,,,,,,,,"https://www.facebook.com/reel/1234683061194200/?comment_id=807674687989554&reply_comment_id=1792756708129921",,,,,,,,,,,,,,,,,,,,,,,,,,,,,,,,,,,,,,,,,,,,,,,,,,,"2024-10-11T04:38:45.000Z","848160324167475","https://www.facebook.com/100069205464353/posts/848160324167475","ZmVlZGJhY2s6ODQ4MTYwMzI0MTY3NDc1XzE3OTI3NTY3MDgxMjk5MjE=","Y29tbWVudDo4NDgxNjAzMjQxNjc0NzVfMTc5Mjc1NjcwODEyOTkyMQ==","https://www.facebook.com/100069205464353/posts/848160324167475","0","233184383212138",,,"User","pfbid034g55yLFZvMtSPiZALKPey4dTxQ5vfrL3125GR37DyPRnLkfi2NdWAHnt9srfRnEql","Imam Semangka","Imam","Y29tbWVudDo4NDgxNjAzMjQxNjc0NzVfODA3Njc0Njg3OTg5NTU0","BINTANG ASIA INFLUENCER BOOTCAMP JEMBER CILACAP 2024 

 #petani #petaniindonesia #petaniberdasi #petanisukses #bintangasia Benih Citra Asia. Helly Seedling · Original audio","100069205464353","Helly Seedling","https://scontent-mia3-1.xx.fbcdn.net/v/t39.30808-1/428336159_702155295434646_5059998008807722009_n.jpg?stp=cp6_dst-jpg_s32x32&_nc_cat=108&ccb=1-7&_nc_sid=50d2ac&_nc_ohc=oQuxO_nDRHAQ7kNvgFyh6OT&_nc_ht=scontent-mia3-1.xx&_nc_gid=Al5ZgcPGy0uPo4f8XfRly_6&oh=00_AYCvDnIJg4nBrOEqV1pe9r82AkNK7LAy8v0wHBp6ju6q6A&oe=670E994D","https://www.facebook.com/people/Helly-Seedling/100069205464353/","Y29tbWVudDo4NDgxNjAzMjQxNjc0NzVfODA3Njc0Njg3OTg5NTU0","Imam Semangka pak Helly dalam perjalanan pulang bos","1"
"Sticker",,"https://scontent-mia3-2.xx.fbcdn.net/v/t39.1997-6/47055694_1834508303314720_643166924464717824_n.webp?stp=dst-webp_s110x80&_nc_cat=1&ccb=1-7&_nc_sid=ba09c1&_nc_ohc=XCis6k410lQQ7kNvgFbgsDj&_nc_ht=scontent-mia3-2.xx&_nc_gid=AufuiZdWja-LQO_F-gvFlpj&oh=00_AYCrLqQKcz_BM_gITfD9FPlBkLbl7FGVEgMwQpMk8urAyw&oe=670EACC9","12","83","3","4","1193278434104380","80","https://scontent-mia3-2.xx.fbcdn.net/v/t39.1997-6/47614232_1846683475430536_3135922765756891136_n.png?stp=cp0_dst-png_s110x80&_nc_cat=1&ccb=1-7&_nc_sid=23dd7b&_nc_ohc=btyP8MLosLQQ7kNvgHFtO-G&_nc_ht=scontent-mia3-2.xx&_nc_gid=AufuiZdWja-LQO_F-gvFlpj&oh=00_AYDKF3Da4Og9e_3dhL3HnCup775P6Ww0TSFC1HKdfBP_wA&oe=670EB823","80","Thumbs Up, girl giving thumbs up",,"1193273174104906","Noo-Hin",,"https://scontent-mia3-2.xx.fbcdn.net/v/t39.1997-6/47472862_1846683478763869_5271603212267290624_n.png?stp=dst-png_p240x240&_nc_cat=1&ccb=1-7&_nc_sid=ba09c1&_nc_ohc=vcKAF6JzMKsQ7kNvgEWbMDu&_nc_ht=scontent-mia3-2.xx&_nc_gid=AufuiZdWja-LQO_F-gvFlpj&oh=00_AYD_skX3f22eSg7ywEgSdhqTHpBly6E_6Q-qrYW8eNIGtw&oe=670E997E",,,,,,,,,,,,,"https://www.facebook.com/reel/1234683061194200/?comment_id=1056606749530729&reply_comment_id=478764198490961",,,,,,,,,,,,,,,,,,,,,,,,,,,,,,,,,,,,,,,,,,,,,,,,,,,"2024-10-11T04:38:51.000Z","848160324167475","https://www.facebook.com/100069205464353/posts/848160324167475","ZmVlZGJhY2s6ODQ4MTYwMzI0MTY3NDc1XzQ3ODc2NDE5ODQ5MDk2MQ==","Y29tbWVudDo4NDgxNjAzMjQxNjc0NzVfNDc4NzY0MTk4NDkwOTYx","https://www.facebook.com/100069205464353/posts/848160324167475","1","233184383212138",,,"User","pfbid02S9PsZaPoYxaoCs3Fcm1N9ZGdUfz7DBajqkcZdy23d6muPnib7YZzXeRrvw96xpsPl","Sur Yadi","Sur","Y29tbWVudDo4NDgxNjAzMjQxNjc0NzVfMTA1NjYwNjc0OTUzMDcyOQ==","BINTANG ASIA INFLUENCER BOOTCAMP JEMBER CILACAP 2024 

 #petani #petaniindonesia #petaniberdasi #petanisukses #bintangasia Benih Citra Asia. Helly Seedling · Original audio","100069205464353","Helly Seedling","https://scontent-mia3-1.xx.fbcdn.net/v/t39.30808-1/428336159_702155295434646_5059998008807722009_n.jpg?stp=cp6_dst-jpg_s32x32&_nc_cat=108&ccb=1-7&_nc_sid=50d2ac&_nc_ohc=oQuxO_nDRHAQ7kNvgGKJERp&_nc_ht=scontent-mia3-1.xx&_nc_gid=AufuiZdWja-LQO_F-gvFlpj&oh=00_AYDuEuIzP8FDVi7m4C_fYoHr3oNTHW3DmuoJudwd562ugA&oe=670E994D","https://www.facebook.com/people/Helly-Seedling/100069205464353/","Y29tbWVudDo4NDgxNjAzMjQxNjc0NzVfMTA1NjYwNjc0OTUzMDcyOQ==","Sur Yadi","1"
,,,,,,,,,,,,,,,,,,,,,,,,,,,,,"https://www.facebook.com/permalink.php?story_fbid=pfbid02TzXi6PniHC3ur6Eh7ZNMdjMug5pZfni4eu6DptCL7peUniUtDShfYimsi9sQ94uol&id=100069205464353&comment_id=1990227234738506&reply_comment_id=2617372368471001",,,,,,,,,,,,,,,,,,,,,,,,,,,,,,,,,,,,,,,,,,,,,,,,,,"1","2024-09-30T00:35:36.000Z","840068464976661","https://www.facebook.com/100069205464353/posts/840068464976661","ZmVlZGJhY2s6ODQwMDY4NDY0OTc2NjYxXzI2MTczNzIzNjg0NzEwMDE=","Y29tbWVudDo4NDAwNjg0NjQ5NzY2NjFfMjYxNzM3MjM2ODQ3MTAwMQ==","https://www.facebook.com/100069205464353/posts/840068464976661","0","233184383212138","false",,"User","pfbid02aFesvGHM7J5ZcMig8dh9y3MxQUm4Rmu4e1V5WEp34bGW9fzDckDq7JyeiPUfi3syl","Hartoyo Adeeva Orlin","Hartoyo","Y29tbWVudDo4NDAwNjg0NjQ5NzY2NjFfMTk5MDIyNzIzNDczODUwNg==","Minggu, 29 September 2024

Rumah Semai Helly Seedling kembali menjadi tempat pilihan kegiatan mahasiswa POLINELA lampung prodi teknologi perbenihan dalam melakukan penelitian terkait mata kuliah management.  

Disinilah mereka akan menguras ilmu pengetahuan,  melakukan interaktif secara langsung kepada para karyawan sehingga mereka bisa menemukan atau menambah pengetahuan baru dalam dunia pertanian khususnya di dalam perbenihan

Kegiatan seperti ini sering dilakukan oleh mahasiswa untuk mendapatkan suatu informasi yang ingin di ketahui yakni dengan melakukan survey secara langsung.","pfbid03juT3FhgK4p74PD7AKRN3k9wuDk14gZ4KDrNKi9sQ22QMG1PnJzesry6umYLZqjdl","Tuti Hartuti","https://scontent-lax3-1.xx.fbcdn.net/v/t39.30808-1/453902290_122162439104230983_2353543471067364423_n.jpg?stp=cp0_dst-jpg_s32x32&_nc_cat=104&ccb=1-7&_nc_sid=0ecb9b&_nc_ohc=5pc_eMgG8-IQ7kNvgH8XrIq&_nc_ht=scontent-lax3-1.xx&_nc_gid=ARGZz_7EjR3yGdupzCQnq3N&oh=00_AYDR0zw6v6P445l0It6T3IcJDhqv8E03NBLVReIOQhl5xA&oe=670EAD5B","https://www.facebook.com/people/Tuti-Hartuti/pfbid03juT3FhgK4p74PD7AKRN3k9wuDk14gZ4KDrNKi9sQ22QMG1PnJzesry6umYLZqjdl/","Y29tbWVudDo4NDAwNjg0NjQ5NzY2NjFfMTk5MDIyNzIzNDczODUwNg==","Hartoyo Adeeva Orlin senior ditunggu kunjungaNya","1"
,,,,,,,,,,,,,,,,,,,,,,,,,,,,,"https://www.facebook.com/permalink.php?story_fbid=pfbid02TzXi6PniHC3ur6Eh7ZNMdjMug5pZfni4eu6DptCL7peUniUtDShfYimsi9sQ94uol&id=100069205464353&comment_id=1990227234738506&reply_comment_id=1256670765778056",,,,,,,,,,,,,,,,,,,,,,,,,,,,,,,,,,,,,,,,,,,,,,,,,,,"2024-09-30T03:14:46.000Z","840068464976661","https://www.facebook.com/100069205464353/posts/840068464976661","ZmVlZGJhY2s6ODQwMDY4NDY0OTc2NjYxXzEyNTY2NzA3NjU3NzgwNTY=","Y29tbWVudDo4NDAwNjg0NjQ5NzY2NjFfMTI1NjY3MDc2NTc3ODA1Ng==","https://www.facebook.com/100069205464353/posts/840068464976661","0","233184383212138","false",,"User","pfbid02aFesvGHM7J5ZcMig8dh9y3MxQUm4Rmu4e1V5WEp34bGW9fzDckDq7JyeiPUfi3syl","Hartoyo Adeeva Orlin","Hartoyo","Y29tbWVudDo4NDAwNjg0NjQ5NzY2NjFfMTk5MDIyNzIzNDczODUwNg==","Minggu, 29 September 2024

Rumah Semai Helly Seedling kembali menjadi tempat pilihan kegiatan mahasiswa POLINELA lampung prodi teknologi perbenihan dalam melakukan penelitian terkait mata kuliah management.  

Disinilah mereka akan menguras ilmu pengetahuan,  melakukan interaktif secara langsung kepada para karyawan sehingga mereka bisa menemukan atau menambah pengetahuan baru dalam dunia pertanian khususnya di dalam perbenihan

Kegiatan seperti ini sering dilakukan oleh mahasiswa untuk mendapatkan suatu informasi yang ingin di ketahui yakni dengan melakukan survey secara langsung.","pfbid02aFesvGHM7J5ZcMig8dh9y3MxQUm4Rmu4e1V5WEp34bGW9fzDckDq7JyeiPUfi3syl","Hartoyo Adeeva Orlin","https://scontent-lax3-2.xx.fbcdn.net/v/t39.30808-1/376769837_7252760278071582_7023959626220835255_n.jpg?stp=cp0_dst-jpg_s32x32&_nc_cat=107&ccb=1-7&_nc_sid=0ecb9b&_nc_ohc=ylAHcXg33o4Q7kNvgHg1Ayt&_nc_ht=scontent-lax3-2.xx&_nc_gid=ARGZz_7EjR3yGdupzCQnq3N&oh=00_AYDnxwoG6nC846fasCyCz0zSeo_QiJRzszZfL9d4zDCvlA&oe=670EBAFD","https://www.facebook.com/yoyox.comunty","Y29tbWVudDo4NDAwNjg0NjQ5NzY2NjFfMTk5MDIyNzIzNDczODUwNg==","Tuti Hartuti he he ampun suhu","2"
,,,,,,,,,,,,,,,,,,,,,,,,,,,,,"https://www.facebook.com/reel/446274737864156/?comment_id=1234024627795552&reply_comment_id=885878696382000",,,,,,,,,,,,,,,,,,,,,,,,,,,,,,,,,,,,,,,,,,,,,,,,,,,"2024-09-28T04:12:27.000Z","839342851715889","https://www.facebook.com/100069205464353/posts/839342851715889","ZmVlZGJhY2s6ODM5MzQyODUxNzE1ODg5Xzg4NTg3ODY5NjM4MjAwMA==","Y29tbWVudDo4MzkzNDI4NTE3MTU4ODlfODg1ODc4Njk2MzgyMDAw","https://www.facebook.com/100069205464353/posts/839342851715889","0","233184383212138",,,"User","pfbid0t5DepJMUnpUf2peSb2FNZDk5c12bcu2Bf8LSTkCaT9Q4P5e58wrFzEXEUvwQK2Tsl","Rohman Hardjo Sentono","Rohman","Y29tbWVudDo4MzkzNDI4NTE3MTU4ODlfMTIzNDAyNDYyNzc5NTU1Mg==","Kohe kambing giling murni bos....
Lokasi Metro Lampung 
Wa 082280717454. Helly Seedling · Original audio","100069205464353","Helly Seedling","https://scontent-ord5-1.xx.fbcdn.net/v/t39.30808-1/428336159_702155295434646_5059998008807722009_n.jpg?stp=cp6_dst-jpg_s32x32&_nc_cat=108&ccb=1-7&_nc_sid=50d2ac&_nc_ohc=oQuxO_nDRHAQ7kNvgH5orq7&_nc_ht=scontent-ord5-1.xx&_nc_gid=AuLzXn6zgVINx2Z7QvMGXhp&oh=00_AYA6tVlxG6Arv8gikvG0F3seUwe3CV97g7PmG5bbiqqj5Q&oe=670E994D","https://www.facebook.com/people/Helly-Seedling/100069205464353/","Y29tbWVudDo4MzkzNDI4NTE3MTU4ODlfMTIzNDAyNDYyNzc5NTU1Mg==","Rohman Hardjo Sentono wa mawon pak 082280717454","1"
,,,,,,,,,,,,,,,,,,,,,,,,,,,,,"https://www.facebook.com/reel/2217065178665399/?comment_id=1037551650899382&reply_comment_id=1052010579776936",,,,,,,,,,,,,,,,,,,,,,,,,,,,,,,,,,,,,,,,,,,,,,,,,,"1","2024-09-07T03:47:41.000Z","824075783242596","https://www.facebook.com/100069205464353/posts/824075783242596","ZmVlZGJhY2s6ODI0MDc1NzgzMjQyNTk2XzEwNTIwMTA1Nzk3NzY5MzY=","Y29tbWVudDo4MjQwNzU3ODMyNDI1OTZfMTA1MjAxMDU3OTc3NjkzNg==","https://www.facebook.com/100069205464353/posts/824075783242596","0","233184383212138",,,"User","pfbid0bkUcicCLbSngDs6pPWHtwPbnZXUHxR6ajh2m8jcDQMGE7NAbBALuCmcFBg1Mj69bl","Hartono Wijaya","Hartono","Y29tbWVudDo4MjQwNzU3ODMyNDI1OTZfMTAzNzU1MTY1MDg5OTM4Mg==","Tanaman tomat yg akan di tumpang sari dengan CMK kedepanya.

Tentunya dengan nutrisi dari organik 80% dan kimia 20%.
Pupuk organik yg kita pakai adalah KOHE KAMBING GILING.

Karna KOHE KAMBING GILING...","100069205464353","Helly Seedling","https://scontent.fbna2-1.fna.fbcdn.net/v/t39.30808-1/428336159_702155295434646_5059998008807722009_n.jpg?stp=cp6_dst-jpg_s32x32&_nc_cat=108&ccb=1-7&_nc_sid=50d2ac&_nc_ohc=oQuxO_nDRHAQ7kNvgFaZyP3&_nc_ht=scontent.fbna2-1.fna&_nc_gid=AoV-5MbpAK7F2Svum3m2xsl&oh=00_AYAfovesZ2quMf59ayyUOQ1Mxw8cUFTqQ0mejQGVSe2cAg&oe=670E994D","https://www.facebook.com/people/Helly-Seedling/100069205464353/","Y29tbWVudDo4MjQwNzU3ODMyNDI1OTZfMTAzNzU1MTY1MDg5OTM4Mg==","Hartono Wijaya metro Lampung","1"
,,,,,,,,,,,,,,,,,,,,,,,,,,,,,"https://www.facebook.com/reel/2217065178665399/?comment_id=1037551650899382&reply_comment_id=1256914308812198",,,,,,,,,,,,,,,,,,,,,,,,,,,,,,,,,,,,,,,,,,,,,,,,,,,"2024-09-07T04:37:49.000Z","824075783242596","https://www.facebook.com/100069205464353/posts/824075783242596","ZmVlZGJhY2s6ODI0MDc1NzgzMjQyNTk2XzEyNTY5MTQzMDg4MTIxOTg=","Y29tbWVudDo4MjQwNzU3ODMyNDI1OTZfMTI1NjkxNDMwODgxMjE5OA==","https://www.facebook.com/100069205464353/posts/824075783242596","0","233184383212138",,,"User","pfbid0bkUcicCLbSngDs6pPWHtwPbnZXUHxR6ajh2m8jcDQMGE7NAbBALuCmcFBg1Mj69bl","Hartono Wijaya","Hartono","Y29tbWVudDo4MjQwNzU3ODMyNDI1OTZfMTAzNzU1MTY1MDg5OTM4Mg==","Tanaman tomat yg akan di tumpang sari dengan CMK kedepanya.

Tentunya dengan nutrisi dari organik 80% dan kimia 20%.
Pupuk organik yg kita pakai adalah KOHE KAMBING GILING.

Karna KOHE KAMBING GILING...","pfbid0bkUcicCLbSngDs6pPWHtwPbnZXUHxR6ajh2m8jcDQMGE7NAbBALuCmcFBg1Mj69bl","Hartono Wijaya","https://scontent.fbna2-1.fna.fbcdn.net/v/t1.6435-1/132548671_103785054974148_5589194742787364738_n.jpg?stp=c0.106.640.640a_cp0_dst-jpg_s32x32&_nc_cat=111&ccb=1-7&_nc_sid=0ecb9b&_nc_ohc=-c-PeurAJ8wQ7kNvgFJkuV5&_nc_ht=scontent.fbna2-1.fna&_nc_gid=AoV-5MbpAK7F2Svum3m2xsl&oh=00_AYBuf0cOynL5AxpQxm_qYJZ_UMP3JDZe_07Do6G8_ilI7w&oe=6730536C","https://www.facebook.com/hartono.wijaya.75641","Y29tbWVudDo4MjQwNzU3ODMyNDI1OTZfMTAzNzU1MTY1MDg5OTM4Mg==","Helly Seedling  pekalongan apa metro","2"
"Sticker",,,"1","83","1","1","222645625734608","80","https://scontent-ord5-1.xx.fbcdn.net/v/t39.1997-6/93027172_222645632401274_7176243611145601024_n.png?stp=cp0_dst-png_s110x80&_nc_cat=108&ccb=1-7&_nc_sid=23dd7b&_nc_ohc=yNTqhTY2c74Q7kNvgFicL6L&_nc_ht=scontent-ord5-1.xx&_nc_gid=ABXU5jeBRL2rIv95r-lnjtT&oh=00_AYCtBgXnVjg_dgD0gDZoOvPzTakyB2V99h1SoY8olF-SyQ&oe=670E966C","80","A pair of medium-brown-toned hands clapping with the word 'Super!' written below them.",,"222636245735546","[Newsfeed] #TogetherAtHome",,,,,,,,,,,,,,,"https://www.facebook.com/100069205464353/videos/792567676223007/?comment_id=2314731592196662",,,,,,,,,,,,,,,,,,,,,,,,,,,,,,,,,,,,,,,,,,,,,,,,,,,"2024-10-10T09:46:36.000Z","847884980861676","https://www.facebook.com/100069205464353/posts/847884980861676","ZmVlZGJhY2s6ODQ3ODg0OTgwODYxNjc2XzIzMTQ3MzE1OTIxOTY2NjI=","Y29tbWVudDo4NDc4ODQ5ODA4NjE2NzZfMjMxNDczMTU5MjE5NjY2Mg==","https://www.facebook.com/100069205464353/posts/847884980861676","0",,,,,,,,,"Produk best seller di Helly Seedling yuk kepoin...","100030274670542","Sulistyowati","https://scontent-ord5-2.xx.fbcdn.net/v/t39.30808-1/306967376_827031841649297_7320746671460805279_n.jpg?stp=cp0_dst-jpg_s32x32&_nc_cat=102&ccb=1-7&_nc_sid=50d2ac&_nc_ohc=JdtjhXnGAkYQ7kNvgHdUU9u&_nc_ht=scontent-ord5-2.xx&_nc_gid=ABXU5jeBRL2rIv95r-lnjtT&oh=00_AYAeqg8xB8Qh0X8DA8JI5DqQW8saohPPlx9LeIn6fIk1eA&oe=670E94A1","https://www.facebook.com/people/Sulistyowati/100030274670542/",,,"0"
"Sticker",,,"1","83","1","1","1530074817606411","120","https://scontent-ord5-2.xx.fbcdn.net/v/t39.1997-6/452702291_1530074830939743_5017535202260170390_n.webp?_nc_cat=103&ccb=1-7&_nc_sid=72b077&_nc_ohc=RYF2gaA1xK8Q7kNvgFSCqw0&_nc_ht=scontent-ord5-2.xx&_nc_gid=ABXU5jeBRL2rIv95r-lnjtT&oh=00_AYCJ-fXwkg6SOuc_32bScZaJJ5HCQDuG-pgFrfRw-hAfaw&oe=670E9D09","120","Avatar with both thumbs up and a broad smile.",,,,,,,,,,,,,,,,,,"https://www.facebook.com/100069205464353/videos/792567676223007/?comment_id=1064460534727154","Sticker","https://scontent-ord5-1.xx.fbcdn.net/v/t39.1997-6/47055694_1834508303314720_643166924464717824_n.webp?stp=dst-webp_s110x80&_nc_cat=1&ccb=1-7&_nc_sid=ba09c1&_nc_ohc=XCis6k410lQQ7kNvgHx9cRf&_nc_ht=scontent-ord5-1.xx&_nc_gid=ABXU5jeBRL2rIv95r-lnjtT&oh=00_AYBRi6SkwypToYSD7jUvZddxMQ_QUaT7BePXM51yu27xtg&oe=670EACC9","12","83","3","4","1193278434104380","80","https://scontent-ord5-1.xx.fbcdn.net/v/t39.1997-6/47614232_1846683475430536_3135922765756891136_n.png?stp=cp0_dst-png_s110x80&_nc_cat=1&ccb=1-7&_nc_sid=23dd7b&_nc_ohc=btyP8MLosLQQ7kNvgFYX-5w&_nc_ht=scontent-ord5-1.xx&_nc_gid=ABXU5jeBRL2rIv95r-lnjtT&oh=00_AYCAvpAaSgYocmHpJjFzW70vM87HH90yXGgRnqnhzmFpGQ&oe=670EB823","80","Thumbs Up, girl giving thumbs up","1193273174104906","Noo-Hin","https://scontent-ord5-2.xx.fbcdn.net/v/t39.1997-6/47472862_1846683478763869_5271603212267290624_n.png?stp=dst-png_p240x240&_nc_cat=100&ccb=1-7&_nc_sid=ba09c1&_nc_ohc=vcKAF6JzMKsQ7kNvgE6ONgR&_nc_ht=scontent-ord5-2.xx&_nc_gid=ABXU5jeBRL2rIv95r-lnjtT&oh=00_AYCpCQwI-SoNe_KqfIILPr9oOeOhmPiEKVo28PKYXwt8Jw&oe=670E997E","https://www.facebook.com/100069205464353/videos/792567676223007/?comment_id=1064460534727154&reply_comment_id=3508548002622845",,"2024-10-10T09:22:57.000Z","ZmVlZGJhY2s6ODQ3ODg0OTgwODYxNjc2XzM1MDg1NDgwMDI2MjI4NDU=","Y29tbWVudDo4NDc4ODQ5ODA4NjE2NzZfMzUwODU0ODAwMjYyMjg0NQ==","0","User","pfbid0AJcRVki2cLvEhhLEGkcD1jKESHZ8J4xsSHZFuq1yZQKtAhkzS3nD5AqtP5Y7TwaBl","Rusdiana","Rusdiana","Y29tbWVudDo4NDc4ODQ5ODA4NjE2NzZfMTA2NDQ2MDUzNDcyNzE1NA==","100069205464353","Helly Seedling","https://scontent-ord5-1.xx.fbcdn.net/v/t39.30808-1/428336159_702155295434646_5059998008807722009_n.jpg?stp=cp6_dst-jpg_s32x32&_nc_cat=108&ccb=1-7&_nc_sid=50d2ac&_nc_ohc=oQuxO_nDRHAQ7kNvgGjpzTr&_nc_ht=scontent-ord5-1.xx&_nc_gid=ABXU5jeBRL2rIv95r-lnjtT&oh=00_AYBNNuNnns2PozUIjupzysDUAs7L0oAdifAeKyHbTfzdzQ&oe=670E994D","https://www.facebook.com/people/Helly-Seedling/100069205464353/","Y29tbWVudDo4NDc4ODQ5ODA4NjE2NzZfMTA2NDQ2MDUzNDcyNzE1NA==","Rusdiana","1",,,,,,,,,,,,,,,,,,"1","2024-10-10T09:19:17.000Z","847884980861676","https://www.facebook.com/100069205464353/posts/847884980861676","ZmVlZGJhY2s6ODQ3ODg0OTgwODYxNjc2XzEwNjQ0NjA1MzQ3MjcxNTQ=","Y29tbWVudDo4NDc4ODQ5ODA4NjE2NzZfMTA2NDQ2MDUzNDcyNzE1NA==","https://www.facebook.com/100069205464353/posts/847884980861676","0",,,,,,,,,"Produk best seller di Helly Seedling yuk kepoin...","pfbid0AJcRVki2cLvEhhLEGkcD1jKESHZ8J4xsSHZFuq1yZQKtAhkzS3nD5AqtP5Y7TwaBl","Rusdiana","https://scontent-ord5-2.xx.fbcdn.net/v/t39.30808-1/462276624_1174087313678053_7584641843640852769_n.jpg?stp=cp0_dst-jpg_s32x32&_nc_cat=103&ccb=1-7&_nc_sid=0ecb9b&_nc_ohc=pAmaID0cDfYQ7kNvgEVbFnq&_nc_ht=scontent-ord5-2.xx&_nc_gid=ABXU5jeBRL2rIv95r-lnjtT&oh=00_AYD8zuSieNcgqsEYEGw8mYqzT9jcrq3qntqASHWJarel1A&oe=670EA850","https://www.facebook.com/people/Rusdiana/pfbid0AJcRVki2cLvEhhLEGkcD1jKESHZ8J4xsSHZFuq1yZQKtAhkzS3nD5AqtP5Y7TwaBl/",,,"0"
"Sticker",,"https://scontent-iad3-2.xx.fbcdn.net/v/t39.1997-6/47055694_1834508303314720_643166924464717824_n.webp?stp=dst-webp_s110x80&_nc_cat=1&ccb=1-7&_nc_sid=ba09c1&_nc_ohc=XCis6k410lQQ7kNvgHlR6de&_nc_ht=scontent-iad3-2.xx&_nc_gid=AloD1zW8Rg0_BNXRDrdqB1J&oh=00_AYC8sVX5qGGhgP868rjr3VUpCjTuHlrt5BrT9vV1Z447MA&oe=670EACC9","12","83","3","4","1193278434104380","80","https://scontent-iad3-2.xx.fbcdn.net/v/t39.1997-6/47614232_1846683475430536_3135922765756891136_n.png?stp=cp0_dst-png_s110x80&_nc_cat=1&ccb=1-7&_nc_sid=23dd7b&_nc_ohc=btyP8MLosLQQ7kNvgFQmDu9&_nc_ht=scontent-iad3-2.xx&_nc_gid=AloD1zW8Rg0_BNXRDrdqB1J&oh=00_AYDX2z77o3mH04ddq3CT4DDlgrX_hRhMje1-xr7_ujg0JQ&oe=670EB823","80","Thumbs Up, girl giving thumbs up",,"1193273174104906","Noo-Hin",,"https://scontent-iad3-2.xx.fbcdn.net/v/t39.1997-6/47472862_1846683478763869_5271603212267290624_n.png?stp=dst-png_p240x240&_nc_cat=100&ccb=1-7&_nc_sid=ba09c1&_nc_ohc=vcKAF6JzMKsQ7kNvgGL2vpZ&_nc_ht=scontent-iad3-2.xx&_nc_gid=AloD1zW8Rg0_BNXRDrdqB1J&oh=00_AYAEFiodsGD3538a80DYJvP9qDQ8NuDP2oT_5Nz4zvLQ7A&oe=670E997E",,,,,,,,,,,,,"https://www.facebook.com/100069205464353/videos/792567676223007/?comment_id=1064460534727154&reply_comment_id=3508548002622845",,,,,,,,,,,,,,,,,,,,,,,,,,,,,,,,,,,,,,,,,,,,,,,,,,,"2024-10-10T09:22:57.000Z","847884980861676","https://www.facebook.com/100069205464353/posts/847884980861676","ZmVlZGJhY2s6ODQ3ODg0OTgwODYxNjc2XzM1MDg1NDgwMDI2MjI4NDU=","Y29tbWVudDo4NDc4ODQ5ODA4NjE2NzZfMzUwODU0ODAwMjYyMjg0NQ==","https://www.facebook.com/100069205464353/posts/847884980861676","0",,,,"User","pfbid0AJcRVki2cLvEhhLEGkcD1jKESHZ8J4xsSHZFuq1yZQKtAhkzS3nD5AqtP5Y7TwaBl","Rusdiana","Rusdiana","Y29tbWVudDo4NDc4ODQ5ODA4NjE2NzZfMTA2NDQ2MDUzNDcyNzE1NA==","Produk best seller di Helly Seedling yuk kepoin...","100069205464353","Helly Seedling","https://scontent-iad3-1.xx.fbcdn.net/v/t39.30808-1/428336159_702155295434646_5059998008807722009_n.jpg?stp=cp6_dst-jpg_s32x32&_nc_cat=108&ccb=1-7&_nc_sid=50d2ac&_nc_ohc=oQuxO_nDRHAQ7kNvgGJdx3X&_nc_ht=scontent-iad3-1.xx&_nc_gid=AloD1zW8Rg0_BNXRDrdqB1J&oh=00_AYADAeqxz06sw5ac39IJ-o1tsSzWZyxguND4OM8r9XmnLA&oe=670E994D","https://www.facebook.com/people/Helly-Seedling/100069205464353/","Y29tbWVudDo4NDc4ODQ5ODA4NjE2NzZfMTA2NDQ2MDUzNDcyNzE1NA==","Rusdiana","1"
