﻿"commentUrl","comments/0/commentUrl","comments/0/commentsCount","comments/0/date","comments/0/feedbackId","comments/0/id","comments/0/likesCount","comments/0/parentComment/author/__typename","comments/0/parentComment/author/id","comments/0/parentComment/author/name","comments/0/parentComment/author/short_name","comments/0/parentComment/id","comments/0/profileId","comments/0/profileName","comments/0/profilePicture","comments/0/profileUrl","comments/0/replyToCommentId","comments/0/text","comments/0/threadingDepth","comments/1/commentUrl","comments/1/date","comments/1/feedbackId","comments/1/id","comments/1/likesCount","comments/1/parentComment/author/__typename","comments/1/parentComment/author/id","comments/1/parentComment/author/name","comments/1/parentComment/author/short_name","comments/1/parentComment/id","comments/1/profileId","comments/1/profileName","comments/1/profilePicture","comments/1/profileUrl","comments/1/replyToCommentId","comments/1/text","comments/1/threadingDepth","comments/2/commentUrl","comments/2/date","comments/2/feedbackId","comments/2/id","comments/2/likesCount","comments/2/parentComment/author/__typename","comments/2/parentComment/author/id","comments/2/parentComment/author/name","comments/2/parentComment/author/short_name","comments/2/parentComment/id","comments/2/profileId","comments/2/profileName","comments/2/profilePicture","comments/2/profileUrl","comments/2/replyToCommentId","comments/2/text","comments/2/threadingDepth","comments/3/commentUrl","comments/3/date","comments/3/feedbackId","comments/3/id","comments/3/likesCount","comments/3/parentComment/author/__typename","comments/3/parentComment/author/id","comments/3/parentComment/author/name","comments/3/parentComment/author/short_name","comments/3/parentComment/id","comments/3/profileId","comments/3/profileName","comments/3/profilePicture","comments/3/profileUrl","comments/3/replyToCommentId","comments/3/text","comments/3/threadingDepth","commentsCount","date","facebookId","facebookUrl","feedbackId","id","inputUrl","likesCount","pageAdLibrary/id","pageAdLibrary/is_business_page_active","parentComment/author/__typename","parentComment/author/id","parentComment/author/name","parentComment/author/short_name","parentComment/id","postTitle","profileId","profileName","profilePicture","profileUrl","replyToCommentId","text","threadingDepth"
"https://www.facebook.com/ilham.ajo.37604/posts/pfbid0374SMNhfR8MhcgxKKuQWMa8nKWC9uNNphAeAyQNGQHv4J74wWQc5FQd8obbiUQ2efl?comment_id=1046414390110111",,,,,,,,,,,,,,,,,,,,,,,,,,,,,,,,,,,,,,,,,,,,,,,,,,,,,,,,,,,,,,,,,,,,,,,"2024-10-06T07:10:35.000Z","2330520210624423","https://www.facebook.com/ilham.ajo.37604/posts/pfbid0374SMNhfR8MhcgxKKuQWMa8nKWC9uNNphAeAyQNGQHv4J74wWQc5FQd8obbiUQ2efl","ZmVlZGJhY2s6MjMzMDUyMDIxMDYyNDQyM18xMDQ2NDE0MzkwMTEwMTEx","Y29tbWVudDoyMzMwNTIwMjEwNjI0NDIzXzEwNDY0MTQzOTAxMTAxMTE=","https://www.facebook.com/ilham.ajo.37604/posts/pfbid0374SMNhfR8MhcgxKKuQWMa8nKWC9uNNphAeAyQNGQHv4J74wWQc5FQd8obbiUQ2efl","0","408791468981893","false",,,,,,"Provinsi nya Sumatera Utara..
Mulai dari baruhur sampai kisaran ngerih ngerih sedap la kalo masuk Sumut..
Plat BM jadi makanan nya la..🤣🤣🤣","pfbid02qMWuQFRFbdwSzGh6dEFZTnTpv2P3XWuL5dxZtKwFaLm4yuz9qHk5iyB1ak7A8ncol","Naina Wulandari","https://scontent.fskb1-1.fna.fbcdn.net/v/t39.30808-1/291018229_3203077039906208_1403939929129722895_n.jpg?stp=cp0_dst-jpg_s32x32&_nc_cat=111&ccb=1-7&_nc_sid=0ecb9b&_nc_ohc=xY0oZoAwtLoQ7kNvgGDe_Q3&_nc_ht=scontent.fskb1-1.fna&_nc_gid=AC7j4BWZXfqMZxrxI7xxU5j&oh=00_AYBrXAiqIJzkiFqCO2AL2SvxBokXNB_35HStKuy0rlO0mw&oe=670940AF","https://www.facebook.com/naina.wulandari.3",,"Hahahhaha 🤣🤣
Iyaa2 bang","0"
"https://www.facebook.com/ilham.ajo.37604/posts/pfbid0KuoKPbAfxHn8USWw7rJvtbcoyX1UatV6X3RfBGMEnDncha343QFpQ9TwSg5Kkb29l?comment_id=8766380116726840","https://www.facebook.com/ilham.ajo.37604/posts/pfbid0KuoKPbAfxHn8USWw7rJvtbcoyX1UatV6X3RfBGMEnDncha343QFpQ9TwSg5Kkb29l?comment_id=8766380116726840&reply_comment_id=1567732457210682","3","2024-10-01T12:34:30.000Z","ZmVlZGJhY2s6MjMyNTUyMTM2MTEyNDMwOF8xNTY3NzMyNDU3MjEwNjgy","Y29tbWVudDoyMzI1NTIxMzYxMTI0MzA4XzE1Njc3MzI0NTcyMTA2ODI=","1","User","pfbid02qmYRcqTfqckhWpe6cFVc8t6TmQaqZxYm2CJxoNqLW5V8dqLKJGxEuPCnYaduXZWql","Syaiful Anwar","Syaiful","Y29tbWVudDoyMzI1NTIxMzYxMTI0MzA4Xzg3NjYzODAxMTY3MjY4NDA=","pfbid0DHhz4omJsqF4wKKJ2K7imTSyzCXZpV9j1Tty1wFnwqnzvP1aC892L5qJcDjMmqLnl","Bambang Sutrisno","https://scontent-yyz1-1.xx.fbcdn.net/v/t39.30808-1/434256751_387317510736845_5027959136071100110_n.jpg?stp=cp0_dst-jpg_s32x32&_nc_cat=110&ccb=1-7&_nc_sid=0ecb9b&_nc_ohc=sBfmro6Y43wQ7kNvgEPnq15&_nc_ht=scontent-yyz1-1.xx&_nc_gid=AonYTCrSRoJmzuKMmnaF8i9&oh=00_AYAE8Nj86-F1PvpG5HEcK2sAC_a4SkQ4MVlJfD9YrE2B5Q&oe=67093FC4","https://www.facebook.com/people/Bambang-Sutrisno/pfbid0DHhz4omJsqF4wKKJ2K7imTSyzCXZpV9j1Tty1wFnwqnzvP1aC892L5qJcDjMmqLnl/","Y29tbWVudDoyMzI1NTIxMzYxMTI0MzA4Xzg3NjYzODAxMTY3MjY4NDA=","Syaiful Anwar tahun iki lh🤣🤣","1","https://www.facebook.com/ilham.ajo.37604/posts/pfbid0KuoKPbAfxHn8USWw7rJvtbcoyX1UatV6X3RfBGMEnDncha343QFpQ9TwSg5Kkb29l?comment_id=8766380116726840&reply_comment_id=565907955777265","2024-10-01T14:51:54.000Z","ZmVlZGJhY2s6MjMyNTUyMTM2MTEyNDMwOF81NjU5MDc5NTU3NzcyNjU=","Y29tbWVudDoyMzI1NTIxMzYxMTI0MzA4XzU2NTkwNzk1NTc3NzI2NQ==","1","User","pfbid02qmYRcqTfqckhWpe6cFVc8t6TmQaqZxYm2CJxoNqLW5V8dqLKJGxEuPCnYaduXZWql","Syaiful Anwar","Syaiful","Y29tbWVudDoyMzI1NTIxMzYxMTI0MzA4Xzg3NjYzODAxMTY3MjY4NDA=","pfbid02qmYRcqTfqckhWpe6cFVc8t6TmQaqZxYm2CJxoNqLW5V8dqLKJGxEuPCnYaduXZWql","Syaiful Anwar","https://scontent-yyz1-1.xx.fbcdn.net/v/t39.30808-1/358108725_820485199471392_8102043065211348733_n.jpg?stp=cp0_dst-jpg_s32x32&_nc_cat=101&ccb=1-7&_nc_sid=0ecb9b&_nc_ohc=hxry_YHUvEAQ7kNvgFtUTm4&_nc_ht=scontent-yyz1-1.xx&_nc_gid=AonYTCrSRoJmzuKMmnaF8i9&oh=00_AYAmhdtUWyWaHcS9cRQ-9m_kLvpS-HxLGaY9KM6Gn-ipzA&oe=670945D3","https://www.facebook.com/people/Syaiful-Anwar/pfbid02qmYRcqTfqckhWpe6cFVc8t6TmQaqZxYm2CJxoNqLW5V8dqLKJGxEuPCnYaduXZWql/","Y29tbWVudDoyMzI1NTIxMzYxMTI0MzA4Xzg3NjYzODAxMTY3MjY4NDA=","Bambang Sutrisno ayoklah bareng kita.. 😂😂","2","https://www.facebook.com/ilham.ajo.37604/posts/pfbid0KuoKPbAfxHn8USWw7rJvtbcoyX1UatV6X3RfBGMEnDncha343QFpQ9TwSg5Kkb29l?comment_id=8766380116726840&reply_comment_id=1050016913378984","2024-10-01T14:52:42.000Z","ZmVlZGJhY2s6MjMyNTUyMTM2MTEyNDMwOF8xMDUwMDE2OTEzMzc4OTg0","Y29tbWVudDoyMzI1NTIxMzYxMTI0MzA4XzEwNTAwMTY5MTMzNzg5ODQ=","1","User","pfbid02qmYRcqTfqckhWpe6cFVc8t6TmQaqZxYm2CJxoNqLW5V8dqLKJGxEuPCnYaduXZWql","Syaiful Anwar","Syaiful","Y29tbWVudDoyMzI1NTIxMzYxMTI0MzA4Xzg3NjYzODAxMTY3MjY4NDA=","pfbid0DHhz4omJsqF4wKKJ2K7imTSyzCXZpV9j1Tty1wFnwqnzvP1aC892L5qJcDjMmqLnl","Bambang Sutrisno","https://scontent-yyz1-1.xx.fbcdn.net/v/t39.30808-1/434256751_387317510736845_5027959136071100110_n.jpg?stp=cp0_dst-jpg_s32x32&_nc_cat=110&ccb=1-7&_nc_sid=0ecb9b&_nc_ohc=sBfmro6Y43wQ7kNvgEPnq15&_nc_ht=scontent-yyz1-1.xx&_nc_gid=AonYTCrSRoJmzuKMmnaF8i9&oh=00_AYAE8Nj86-F1PvpG5HEcK2sAC_a4SkQ4MVlJfD9YrE2B5Q&oe=67093FC4","https://www.facebook.com/people/Bambang-Sutrisno/pfbid0DHhz4omJsqF4wKKJ2K7imTSyzCXZpV9j1Tty1wFnwqnzvP1aC892L5qJcDjMmqLnl/","Y29tbWVudDoyMzI1NTIxMzYxMTI0MzA4Xzg3NjYzODAxMTY3MjY4NDA=","Syaiful Anwar gak wani lh🤣🤣🤣","2","https://www.facebook.com/ilham.ajo.37604/posts/pfbid0KuoKPbAfxHn8USWw7rJvtbcoyX1UatV6X3RfBGMEnDncha343QFpQ9TwSg5Kkb29l?comment_id=8766380116726840&reply_comment_id=552719140651093","2024-10-01T16:12:48.000Z","ZmVlZGJhY2s6MjMyNTUyMTM2MTEyNDMwOF81NTI3MTkxNDA2NTEwOTM=","Y29tbWVudDoyMzI1NTIxMzYxMTI0MzA4XzU1MjcxOTE0MDY1MTA5Mw==","1","User","pfbid02qmYRcqTfqckhWpe6cFVc8t6TmQaqZxYm2CJxoNqLW5V8dqLKJGxEuPCnYaduXZWql","Syaiful Anwar","Syaiful","Y29tbWVudDoyMzI1NTIxMzYxMTI0MzA4Xzg3NjYzODAxMTY3MjY4NDA=","pfbid02qmYRcqTfqckhWpe6cFVc8t6TmQaqZxYm2CJxoNqLW5V8dqLKJGxEuPCnYaduXZWql","Syaiful Anwar","https://scontent-yyz1-1.xx.fbcdn.net/v/t39.30808-1/358108725_820485199471392_8102043065211348733_n.jpg?stp=cp0_dst-jpg_s32x32&_nc_cat=101&ccb=1-7&_nc_sid=0ecb9b&_nc_ohc=hxry_YHUvEAQ7kNvgFtUTm4&_nc_ht=scontent-yyz1-1.xx&_nc_gid=AonYTCrSRoJmzuKMmnaF8i9&oh=00_AYAmhdtUWyWaHcS9cRQ-9m_kLvpS-HxLGaY9KM6Gn-ipzA&oe=670945D3","https://www.facebook.com/people/Syaiful-Anwar/pfbid02qmYRcqTfqckhWpe6cFVc8t6TmQaqZxYm2CJxoNqLW5V8dqLKJGxEuPCnYaduXZWql/","Y29tbWVudDoyMzI1NTIxMzYxMTI0MzA4Xzg3NjYzODAxMTY3MjY4NDA=","Bambang Sutrisno cemen lah.. 😁😁","2","4","2024-10-01T06:21:04.000Z","2325521361124308","https://www.facebook.com/ilham.ajo.37604/posts/pfbid0KuoKPbAfxHn8USWw7rJvtbcoyX1UatV6X3RfBGMEnDncha343QFpQ9TwSg5Kkb29l","ZmVlZGJhY2s6MjMyNTUyMTM2MTEyNDMwOF84NzY2MzgwMTE2NzI2ODQw","Y29tbWVudDoyMzI1NTIxMzYxMTI0MzA4Xzg3NjYzODAxMTY3MjY4NDA=","https://www.facebook.com/ilham.ajo.37604/posts/pfbid0KuoKPbAfxHn8USWw7rJvtbcoyX1UatV6X3RfBGMEnDncha343QFpQ9TwSg5Kkb29l","0","127636397104902","false",,,,,,"Senin, 11 September 2023

CPCL Sertifikasi Pangan Segar Asal Tumbuhan.
1. Kelompok Tani : Sri Murni
Desa : Rawang Lama Dusun IX
Komoditi : Melon
Nama Petani : Saiful Anwar dan Supriadi

2. Kelompok Tani : Sukses
Desa : Rawang Lama Dusun II
Komoditi : Melon
Nama Petani : Suheri dan Bambang Sutrisno","pfbid02qmYRcqTfqckhWpe6cFVc8t6TmQaqZxYm2CJxoNqLW5V8dqLKJGxEuPCnYaduXZWql","Syaiful Anwar","https://scontent-yyz1-1.xx.fbcdn.net/v/t39.30808-1/358108725_820485199471392_8102043065211348733_n.jpg?stp=cp0_dst-jpg_s32x32&_nc_cat=101&ccb=1-7&_nc_sid=0ecb9b&_nc_ohc=hxry_YHUvEAQ7kNvgFtUTm4&_nc_ht=scontent-yyz1-1.xx&_nc_gid=AonYTCrSRoJmzuKMmnaF8i9&oh=00_AYAmhdtUWyWaHcS9cRQ-9m_kLvpS-HxLGaY9KM6Gn-ipzA&oe=670945D3","https://www.facebook.com/people/Syaiful-Anwar/pfbid02qmYRcqTfqckhWpe6cFVc8t6TmQaqZxYm2CJxoNqLW5V8dqLKJGxEuPCnYaduXZWql/",,"Tahun depan lurr","0"
"https://www.facebook.com/ilham.ajo.37604/videos/1913305059181904/?comment_id=501512416031885",,,,,,,,,,,,,,,,,,,,,,,,,,,,,,,,,,,,,,,,,,,,,,,,,,,,,,,,,,,,,,,,,,,,,,,"2024-10-06T15:55:25.000Z","1913305059181904","https://www.facebook.com/ilham.ajo.37604/videos/1913305059181904/","ZmVlZGJhY2s6MTkxMzMwNTA1OTE4MTkwNF81MDE1MTI0MTYwMzE4ODU=","Y29tbWVudDoxOTEzMzA1MDU5MTgxOTA0XzUwMTUxMjQxNjAzMTg4NQ==","https://www.facebook.com/ilham.ajo.37604/videos/1913305059181904/","1",,,,,,,,"Ilham Bintang Asia was live.","100009994003233","Ilham Bintang Asia","https://scontent-lhr6-2.xx.fbcdn.net/v/t39.30808-1/349801600_780566773437800_6977822504580595866_n.jpg?stp=cp0_dst-jpg_s32x32&_nc_cat=100&ccb=1-7&_nc_sid=50d2ac&_nc_ohc=F6dB1VJRWmIQ7kNvgFSfDks&_nc_ht=scontent-lhr6-2.xx&_nc_gid=AWT2yg98ocFiK3O6iJ08wwZ&oh=00_AYCtgB9XvM0qnSCDcSkXqfCucGArvidKMWKFSTQJsVrFzg&oe=6709417B","https://www.facebook.com/ilham.ajo.37604",,"🌟 Anda bisa mendukung saya dengan mengirim Bintang. Bintang membantu saya mendapatkan uang untuk membuat lebih banyak konten!","0"
"https://www.facebook.com/ilham.ajo.37604/videos/1913305059181904/?comment_id=798044335632580",,,,,,,,,,,,,,,,,,,,,,,,,,,,,,,,,,,,,,,,,,,,,,,,,,,,,,,,,,,,,,,,,,,,,,"2","2024-10-06T16:12:49.000Z","1913305059181904","https://www.facebook.com/ilham.ajo.37604/videos/1913305059181904/","ZmVlZGJhY2s6MTkxMzMwNTA1OTE4MTkwNF83OTgwNDQzMzU2MzI1ODA=","Y29tbWVudDoxOTEzMzA1MDU5MTgxOTA0Xzc5ODA0NDMzNTYzMjU4MA==","https://www.facebook.com/ilham.ajo.37604/videos/1913305059181904/","1",,,,,,,,"Ilham Bintang Asia was live.","pfbid02qmYRcqTfqckhWpe6cFVc8t6TmQaqZxYm2CJxoNqLW5V8dqLKJGxEuPCnYaduXZWql","Syaiful Anwar","https://scontent-lhr8-2.xx.fbcdn.net/v/t39.30808-1/358108725_820485199471392_8102043065211348733_n.jpg?stp=cp0_dst-jpg_s32x32&_nc_cat=101&ccb=1-7&_nc_sid=0ecb9b&_nc_ohc=hxry_YHUvEAQ7kNvgE8tiN9&_nc_ht=scontent-lhr8-2.xx&_nc_gid=AWT2yg98ocFiK3O6iJ08wwZ&oh=00_AYCTvud9VHo1rHLJercx8pQSnGHgw0rrvncSTOmzQ4qF1Q&oe=670945D3","https://www.facebook.com/people/Syaiful-Anwar/pfbid02qmYRcqTfqckhWpe6cFVc8t6TmQaqZxYm2CJxoNqLW5V8dqLKJGxEuPCnYaduXZWql/",,"Wes mendarat lurr","0"
"https://www.facebook.com/ilham.ajo.37604/videos/1913305059181904/?comment_id=902246201787695",,,,,,,,,,,,,,,,,,,,,,,,,,,,,,,,,,,,,,,,,,,,,,,,,,,,,,,,,,,,,,,,,,,,,,"1","2024-10-07T01:05:09.000Z","1913305059181904","https://www.facebook.com/ilham.ajo.37604/videos/1913305059181904/","ZmVlZGJhY2s6MTkxMzMwNTA1OTE4MTkwNF85MDIyNDYyMDE3ODc2OTU=","Y29tbWVudDoxOTEzMzA1MDU5MTgxOTA0XzkwMjI0NjIwMTc4NzY5NQ==","https://www.facebook.com/ilham.ajo.37604/videos/1913305059181904/","1",,,,,,,,"Ilham Bintang Asia was live.","100038922829495","Pristiono","https://scontent-lhr8-2.xx.fbcdn.net/v/t39.30808-1/452932551_1166455857995164_7691723383331902161_n.jpg?stp=cp0_dst-jpg_s32x32&_nc_cat=103&ccb=1-7&_nc_sid=50d2ac&_nc_ohc=GrZXACt6-WwQ7kNvgGvPl9f&_nc_ht=scontent-lhr8-2.xx&_nc_gid=AWT2yg98ocFiK3O6iJ08wwZ&oh=00_AYCRsnnceUv4NJ-Z2587rDOvTRd7X-7JNbmejIVtlBcJkQ&oe=6709655B","https://www.facebook.com/pristiono.pristiono.35",,"Arep nandi kang....","0"
"https://www.facebook.com/ilham.ajo.37604/videos/1913305059181904/?comment_id=1252767366065882",,,,,,,,,,,,,,,,,,,,,,,,,,,,,,,,,,,,,,,,,,,,,,,,,,,,,,,,,,,,,,,,,,,,,,"1","2024-10-06T16:45:11.000Z","1913305059181904","https://www.facebook.com/ilham.ajo.37604/videos/1913305059181904/","ZmVlZGJhY2s6MTkxMzMwNTA1OTE4MTkwNF8xMjUyNzY3MzY2MDY1ODgy","Y29tbWVudDoxOTEzMzA1MDU5MTgxOTA0XzEyNTI3NjczNjYwNjU4ODI=","https://www.facebook.com/ilham.ajo.37604/videos/1913305059181904/","1",,,,,,,,"Ilham Bintang Asia was live.","100024444340531","UD Ragiel Lanang","https://scontent-lhr8-1.xx.fbcdn.net/v/t39.30808-1/422258611_1545972139560916_4249415457155617385_n.jpg?stp=cp0_dst-jpg_s32x32&_nc_cat=108&ccb=1-7&_nc_sid=50d2ac&_nc_ohc=as3bw1bPiQIQ7kNvgH9XRV3&_nc_ht=scontent-lhr8-1.xx&_nc_gid=AWT2yg98ocFiK3O6iJ08wwZ&oh=00_AYAxVPCzPsnkU3XPdWSvqxskViB1aCLowgZBb87HHfDL7Q&oe=6709412B","https://www.facebook.com/people/UD-Ragiel-Lanang/100024444340531/",,"Arek nangdi il","0"
"https://www.facebook.com/ilham.ajo.37604/videos/1913305059181904/?comment_id=2279481475748889",,,,,,,,,,,,,,,,,,,,,,,,,,,,,,,,,,,,,,,,,,,,,,,,,,,,,,,,,,,,,,,,,,,,,,,"2024-10-07T01:06:57.000Z","1913305059181904","https://www.facebook.com/ilham.ajo.37604/videos/1913305059181904/","ZmVlZGJhY2s6MTkxMzMwNTA1OTE4MTkwNF8yMjc5NDgxNDc1NzQ4ODg5","Y29tbWVudDoxOTEzMzA1MDU5MTgxOTA0XzIyNzk0ODE0NzU3NDg4ODk=","https://www.facebook.com/ilham.ajo.37604/videos/1913305059181904/","0",,,,,,,,"Ilham Bintang Asia was live.","100038922829495","Pristiono","https://scontent-lhr8-2.xx.fbcdn.net/v/t39.30808-1/452932551_1166455857995164_7691723383331902161_n.jpg?stp=cp0_dst-jpg_s32x32&_nc_cat=103&ccb=1-7&_nc_sid=50d2ac&_nc_ohc=GrZXACt6-WwQ7kNvgGvPl9f&_nc_ht=scontent-lhr8-2.xx&_nc_gid=AWT2yg98ocFiK3O6iJ08wwZ&oh=00_AYCRsnnceUv4NJ-Z2587rDOvTRd7X-7JNbmejIVtlBcJkQ&oe=6709655B","https://www.facebook.com/pristiono.pristiono.35",,"Ngapain kang acara... Bca","0"
"https://www.facebook.com/ilham.ajo.37604/videos/1913305059181904/?comment_id=1057068648890626",,,,,,,,,,,,,,,,,,,,,,,,,,,,,,,,,,,,,,,,,,,,,,,,,,,,,,,,,,,,,,,,,,,,,,,"2024-10-07T04:04:20.000Z","1913305059181904","https://www.facebook.com/ilham.ajo.37604/videos/1913305059181904/","ZmVlZGJhY2s6MTkxMzMwNTA1OTE4MTkwNF8xMDU3MDY4NjQ4ODkwNjI2","Y29tbWVudDoxOTEzMzA1MDU5MTgxOTA0XzEwNTcwNjg2NDg4OTA2MjY=","https://www.facebook.com/ilham.ajo.37604/videos/1913305059181904/","0",,,,,,,,"Ilham Bintang Asia was live.","pfbid02NGrfLiTfdA1rLxzYbzrdK75CPNPaRHRuDG3hvtuMSwExDzScpv2rxNdP8xtmAxPKl","Tauruss Awoll Awoll","https://scontent-lhr6-1.xx.fbcdn.net/v/t39.30808-1/383347234_646962930887479_6189574835271167686_n.jpg?stp=c8.0.658.658a_cp0_dst-jpg_s32x32&_nc_cat=110&ccb=1-7&_nc_sid=0ecb9b&_nc_ohc=B5-J4WZPCqQQ7kNvgHyHEFn&_nc_ht=scontent-lhr6-1.xx&_nc_gid=AWT2yg98ocFiK3O6iJ08wwZ&oh=00_AYAoz9zsrZM6aVPNZ9yakaK46HdfUauZ1mHnVAtTjEgePg&oe=6709443B","https://www.facebook.com/people/Tauruss-Awoll-Awoll/pfbid02NGrfLiTfdA1rLxzYbzrdK75CPNPaRHRuDG3hvtuMSwExDzScpv2rxNdP8xtmAxPKl/",,"Adoh lur","0"
"https://www.facebook.com/ilham.ajo.37604/posts/pfbid026QDSrzQTdYTMiowp8pHoJ8c8jZF6rqRvX5F7j9iV2TnNvBNP4oEA4wfTwjJPWnW5l?comment_id=867196042255781","https://www.facebook.com/ilham.ajo.37604/posts/pfbid026QDSrzQTdYTMiowp8pHoJ8c8jZF6rqRvX5F7j9iV2TnNvBNP4oEA4wfTwjJPWnW5l?comment_id=867196042255781&reply_comment_id=441284105109451",,"2024-10-03T01:30:37.000Z","ZmVlZGJhY2s6MjMyNjI3MDY4NDM4MjcwOV80NDEyODQxMDUxMDk0NTE=","Y29tbWVudDoyMzI2MjcwNjg0MzgyNzA5XzQ0MTI4NDEwNTEwOTQ1MQ==","0","User","pfbid0ymU7EzUSyv4CzaiWUeQDdKaNMCkDYgddsoGGrGePrbW7eAw1FCjTx3Bt24REeSzYl","Muhammad Harist","Muhammad","Y29tbWVudDoyMzI2MjcwNjg0MzgyNzA5Xzg2NzE5NjA0MjI1NTc4MQ==","100009994003233","Ilham Bintang Asia","https://scontent-ord5-2.xx.fbcdn.net/v/t39.30808-1/349801600_780566773437800_6977822504580595866_n.jpg?stp=cp0_dst-jpg_s32x32&_nc_cat=100&ccb=1-7&_nc_sid=50d2ac&_nc_ohc=F6dB1VJRWmIQ7kNvgHM8iO4&_nc_ht=scontent-ord5-2.xx&_nc_gid=AUpR-_VQOtn6gmPRmiCtLx3&oh=00_AYAjsobmj5VoVHzyDupparqlx58rIscDml47JIEW4lzvMg&oe=6709417B","https://www.facebook.com/ilham.ajo.37604","Y29tbWVudDoyMzI2MjcwNjg0MzgyNzA5Xzg2NzE5NjA0MjI1NTc4MQ==","Muhammad Harist itu hrga di Pasar atau petani Bg..??","1",,,,,,,,,,,,,,,,,,,,,,,,,,,,,,,,,,,,,,,,,,,,,,,,,,,,"1","2024-10-03T01:11:22.000Z","2326270684382709","https://www.facebook.com/ilham.ajo.37604/posts/pfbid026QDSrzQTdYTMiowp8pHoJ8c8jZF6rqRvX5F7j9iV2TnNvBNP4oEA4wfTwjJPWnW5l","ZmVlZGJhY2s6MjMyNjI3MDY4NDM4MjcwOV84NjcxOTYwNDIyNTU3ODE=","Y29tbWVudDoyMzI2MjcwNjg0MzgyNzA5Xzg2NzE5NjA0MjI1NTc4MQ==","https://www.facebook.com/ilham.ajo.37604/posts/pfbid026QDSrzQTdYTMiowp8pHoJ8c8jZF6rqRvX5F7j9iV2TnNvBNP4oEA4wfTwjJPWnW5l","1","129217426951035","false",,,,,,"Selasa 01-10-2024
 #hargacabeterkini @sorotan","pfbid0ymU7EzUSyv4CzaiWUeQDdKaNMCkDYgddsoGGrGePrbW7eAw1FCjTx3Bt24REeSzYl","Muhammad Harist","https://scontent-ord5-1.xx.fbcdn.net/v/t39.30808-1/454453140_1022080926588942_2887075758729239318_n.jpg?stp=cp0_dst-jpg_s32x32&_nc_cat=111&ccb=1-7&_nc_sid=0ecb9b&_nc_ohc=8LrRyArUgLYQ7kNvgHQYHDY&_nc_ht=scontent-ord5-1.xx&_nc_gid=AUpR-_VQOtn6gmPRmiCtLx3&oh=00_AYB3qfZCkexWSbDhwK0YoRDnfXi9Xd54SYjrbBKqiD7GXA&oe=67095B61","https://www.facebook.com/muhammad.harist.5243",,"Daerah ku Bengkulu Utara masih 25 cabe kerinci 35 cabe Tempatan lokal","0"
"https://www.facebook.com/ilham.ajo.37604/posts/pfbid026QDSrzQTdYTMiowp8pHoJ8c8jZF6rqRvX5F7j9iV2TnNvBNP4oEA4wfTwjJPWnW5l?comment_id=1226323555298870","https://www.facebook.com/ilham.ajo.37604/posts/pfbid026QDSrzQTdYTMiowp8pHoJ8c8jZF6rqRvX5F7j9iV2TnNvBNP4oEA4wfTwjJPWnW5l?comment_id=1226323555298870&reply_comment_id=860756406202756",,"2024-10-03T00:59:28.000Z","ZmVlZGJhY2s6MjMyNjI3MDY4NDM4MjcwOV84NjA3NTY0MDYyMDI3NTY=","Y29tbWVudDoyMzI2MjcwNjg0MzgyNzA5Xzg2MDc1NjQwNjIwMjc1Ng==","0","User","pfbid02Ahm4a5yUxPZ8bEi78hg71V3BAYVsXiQ5BesFtkbbqrZ2Q8Q1eBfSnctxLScibgGCl","Aam Bin Muin","Aam","Y29tbWVudDoyMzI2MjcwNjg0MzgyNzA5XzEyMjYzMjM1NTUyOTg4NzA=","100009994003233","Ilham Bintang Asia","https://scontent-ord5-2.xx.fbcdn.net/v/t39.30808-1/349801600_780566773437800_6977822504580595866_n.jpg?stp=cp0_dst-jpg_s32x32&_nc_cat=100&ccb=1-7&_nc_sid=50d2ac&_nc_ohc=F6dB1VJRWmIQ7kNvgHM8iO4&_nc_ht=scontent-ord5-2.xx&_nc_gid=AUpR-_VQOtn6gmPRmiCtLx3&oh=00_AYAjsobmj5VoVHzyDupparqlx58rIscDml47JIEW4lzvMg&oe=6709417B","https://www.facebook.com/ilham.ajo.37604","Y29tbWVudDoyMzI2MjcwNjg0MzgyNzA5XzEyMjYzMjM1NTUyOTg4NzA=","Aam Bin Muin awq petani jg loh Kang 😭","1",,,,,,,,,,,,,,,,,,,,,,,,,,,,,,,,,,,,,,,,,,,,,,,,,,,,"1","2024-10-02T04:08:44.000Z","2326270684382709","https://www.facebook.com/ilham.ajo.37604/posts/pfbid026QDSrzQTdYTMiowp8pHoJ8c8jZF6rqRvX5F7j9iV2TnNvBNP4oEA4wfTwjJPWnW5l","ZmVlZGJhY2s6MjMyNjI3MDY4NDM4MjcwOV8xMjI2MzIzNTU1Mjk4ODcw","Y29tbWVudDoyMzI2MjcwNjg0MzgyNzA5XzEyMjYzMjM1NTUyOTg4NzA=","https://www.facebook.com/ilham.ajo.37604/posts/pfbid026QDSrzQTdYTMiowp8pHoJ8c8jZF6rqRvX5F7j9iV2TnNvBNP4oEA4wfTwjJPWnW5l","1","129217426951035","false",,,,,,"Selasa 01-10-2024
 #hargacabeterkini @sorotan","pfbid02Ahm4a5yUxPZ8bEi78hg71V3BAYVsXiQ5BesFtkbbqrZ2Q8Q1eBfSnctxLScibgGCl","Aam Bin Muin","https://scontent-ord5-1.xx.fbcdn.net/v/t39.30808-1/358125336_819058699793028_8839361352681479382_n.jpg?stp=cp0_dst-jpg_s32x32&_nc_cat=107&ccb=1-7&_nc_sid=0ecb9b&_nc_ohc=faVqSqX_CXQQ7kNvgF0a-4Z&_nc_ht=scontent-ord5-1.xx&_nc_gid=AUpR-_VQOtn6gmPRmiCtLx3&oh=00_AYB2bhAg81ERVkmGyz6XwkzVlF1bALdJGt-8vDMG0Z1Flg&oe=670959D7","https://www.facebook.com/priam.syah.3",,"Gk boleh ikut mengeluh ?? cukup petani aj yg mengeluh .. 🙄 org marketing mau hancur lebur panenan petani tetap caiirrrrr 🤦🤦","0"
"https://www.facebook.com/ilham.ajo.37604/videos/1913305059181904/?comment_id=902246201787695&reply_comment_id=994109842381347",,,,,,,,,,,,,,,,,,,,,,,,,,,,,,,,,,,,,,,,,,,,,,,,,,,,,,,,,,,,,,,,,,,,,,,"2024-10-07T01:05:52.000Z","1913305059181904","https://www.facebook.com/ilham.ajo.37604/videos/1913305059181904/","ZmVlZGJhY2s6MTkxMzMwNTA1OTE4MTkwNF85OTQxMDk4NDIzODEzNDc=","Y29tbWVudDoxOTEzMzA1MDU5MTgxOTA0Xzk5NDEwOTg0MjM4MTM0Nw==","https://www.facebook.com/ilham.ajo.37604/videos/1913305059181904/","0",,,"User","100038922829495","Pristiono","Pristiono","Y29tbWVudDoxOTEzMzA1MDU5MTgxOTA0XzkwMjI0NjIwMTc4NzY5NQ==","Ilham Bintang Asia was live.","100009994003233","Ilham Bintang Asia","https://scontent-man2-1.xx.fbcdn.net/v/t39.30808-1/349801600_780566773437800_6977822504580595866_n.jpg?stp=cp0_dst-jpg_s32x32&_nc_cat=100&ccb=1-7&_nc_sid=50d2ac&_nc_ohc=F6dB1VJRWmIQ7kNvgHjP89w&_nc_ht=scontent-man2-1.xx&_nc_gid=AJQbR5M-K0dUigE53g2oVgJ&oh=00_AYBYzVk4pkg6QLwjcBKlkoQ0kqeCryPScH8RjUyETJ8qtg&oe=6709417B","https://www.facebook.com/ilham.ajo.37604","Y29tbWVudDoxOTEzMzA1MDU5MTgxOTA0XzkwMjI0NjIwMTc4NzY5NQ==","Pristiono Jember Kang..","1"
"https://www.facebook.com/ilham.ajo.37604/videos/1913305059181904/?comment_id=798044335632580&reply_comment_id=563408196043566",,,,,,,,,,,,,,,,,,,,,,,,,,,,,,,,,,,,,,,,,,,,,,,,,,,,,,,,,,,,,,,,,,,,,,"1","2024-10-06T16:15:26.000Z","1913305059181904","https://www.facebook.com/ilham.ajo.37604/videos/1913305059181904/","ZmVlZGJhY2s6MTkxMzMwNTA1OTE4MTkwNF81NjM0MDgxOTYwNDM1NjY=","Y29tbWVudDoxOTEzMzA1MDU5MTgxOTA0XzU2MzQwODE5NjA0MzU2Ng==","https://www.facebook.com/ilham.ajo.37604/videos/1913305059181904/","1",,,"User","pfbid02qmYRcqTfqckhWpe6cFVc8t6TmQaqZxYm2CJxoNqLW5V8dqLKJGxEuPCnYaduXZWql","Syaiful Anwar","Syaiful","Y29tbWVudDoxOTEzMzA1MDU5MTgxOTA0Xzc5ODA0NDMzNTYzMjU4MA==","Ilham Bintang Asia was live.","100009994003233","Ilham Bintang Asia","https://scontent-lga3-2.xx.fbcdn.net/v/t39.30808-1/349801600_780566773437800_6977822504580595866_n.jpg?stp=cp0_dst-jpg_s32x32&_nc_cat=100&ccb=1-7&_nc_sid=50d2ac&_nc_ohc=F6dB1VJRWmIQ7kNvgFp8HOi&_nc_ht=scontent-lga3-2.xx&_nc_gid=AHBvGxrnIzm-f5yVe6XV4oK&oh=00_AYBi_AMSz0K1G_OiNXxi2SB3kB226DKRoeZetJf6lt1Uhg&oe=6709417B","https://www.facebook.com/ilham.ajo.37604","Y29tbWVudDoxOTEzMzA1MDU5MTgxOTA0Xzc5ODA0NDMzNTYzMjU4MA==","Syaiful Anwar wess Sluurr, Budal Bali Selamet.","1"
"https://www.facebook.com/ilham.ajo.37604/videos/1913305059181904/?comment_id=798044335632580&reply_comment_id=392032037287636",,,,,,,,,,,,,,,,,,,,,,,,,,,,,,,,,,,,,,,,,,,,,,,,,,,,,,,,,,,,,,,,,,,,,,,"2024-10-06T16:19:18.000Z","1913305059181904","https://www.facebook.com/ilham.ajo.37604/videos/1913305059181904/","ZmVlZGJhY2s6MTkxMzMwNTA1OTE4MTkwNF8zOTIwMzIwMzcyODc2MzY=","Y29tbWVudDoxOTEzMzA1MDU5MTgxOTA0XzM5MjAzMjAzNzI4NzYzNg==","https://www.facebook.com/ilham.ajo.37604/videos/1913305059181904/","0",,,"User","pfbid02qmYRcqTfqckhWpe6cFVc8t6TmQaqZxYm2CJxoNqLW5V8dqLKJGxEuPCnYaduXZWql","Syaiful Anwar","Syaiful","Y29tbWVudDoxOTEzMzA1MDU5MTgxOTA0Xzc5ODA0NDMzNTYzMjU4MA==","Ilham Bintang Asia was live.","pfbid02qmYRcqTfqckhWpe6cFVc8t6TmQaqZxYm2CJxoNqLW5V8dqLKJGxEuPCnYaduXZWql","Syaiful Anwar","https://scontent-lga3-2.xx.fbcdn.net/v/t39.30808-1/358108725_820485199471392_8102043065211348733_n.jpg?stp=cp0_dst-jpg_s32x32&_nc_cat=101&ccb=1-7&_nc_sid=0ecb9b&_nc_ohc=hxry_YHUvEAQ7kNvgHqrxLl&_nc_ht=scontent-lga3-2.xx&_nc_gid=AHBvGxrnIzm-f5yVe6XV4oK&oh=00_AYBpGyQ75e8rrSZH9lwwV3nf75nrnlTrI_kFY0h8_q8fFA&oe=670945D3","https://www.facebook.com/people/Syaiful-Anwar/pfbid02qmYRcqTfqckhWpe6cFVc8t6TmQaqZxYm2CJxoNqLW5V8dqLKJGxEuPCnYaduXZWql/","Y29tbWVudDoxOTEzMzA1MDU5MTgxOTA0Xzc5ODA0NDMzNTYzMjU4MA==","Ilham Bintang Asia Aamiin","2"
"https://www.facebook.com/ilham.ajo.37604/posts/pfbid026QDSrzQTdYTMiowp8pHoJ8c8jZF6rqRvX5F7j9iV2TnNvBNP4oEA4wfTwjJPWnW5l?comment_id=1226323555298870&reply_comment_id=860756406202756",,,,,,,,,,,,,,,,,,,,,,,,,,,,,,,,,,,,,,,,,,,,,,,,,,,,,,,,,,,,,,,,,,,,,,,"2024-10-03T00:59:28.000Z","2326270684382709","https://www.facebook.com/ilham.ajo.37604/posts/pfbid026QDSrzQTdYTMiowp8pHoJ8c8jZF6rqRvX5F7j9iV2TnNvBNP4oEA4wfTwjJPWnW5l","ZmVlZGJhY2s6MjMyNjI3MDY4NDM4MjcwOV84NjA3NTY0MDYyMDI3NTY=","Y29tbWVudDoyMzI2MjcwNjg0MzgyNzA5Xzg2MDc1NjQwNjIwMjc1Ng==","https://www.facebook.com/ilham.ajo.37604/posts/pfbid026QDSrzQTdYTMiowp8pHoJ8c8jZF6rqRvX5F7j9iV2TnNvBNP4oEA4wfTwjJPWnW5l","0","129217426951035","false","User","pfbid02Ahm4a5yUxPZ8bEi78hg71V3BAYVsXiQ5BesFtkbbqrZ2Q8Q1eBfSnctxLScibgGCl","Aam Bin Muin","Aam","Y29tbWVudDoyMzI2MjcwNjg0MzgyNzA5XzEyMjYzMjM1NTUyOTg4NzA=","Selasa 01-10-2024
 #hargacabeterkini @sorotan","100009994003233","Ilham Bintang Asia","https://scontent-lga3-2.xx.fbcdn.net/v/t39.30808-1/349801600_780566773437800_6977822504580595866_n.jpg?stp=cp0_dst-jpg_s32x32&_nc_cat=100&ccb=1-7&_nc_sid=50d2ac&_nc_ohc=F6dB1VJRWmIQ7kNvgHHWyVL&_nc_ht=scontent-lga3-2.xx&_nc_gid=A6l1gfGMeDs9-cqgWt0Yyt_&oh=00_AYBzWAzcUsutPjJ1QcPWFgNmc_LAzOISlzLv-24dNK5G2g&oe=6709417B","https://www.facebook.com/ilham.ajo.37604","Y29tbWVudDoyMzI2MjcwNjg0MzgyNzA5XzEyMjYzMjM1NTUyOTg4NzA=","Aam Bin Muin awq petani jg loh Kang 😭","1"
"https://www.facebook.com/ilham.ajo.37604/posts/pfbid0KuoKPbAfxHn8USWw7rJvtbcoyX1UatV6X3RfBGMEnDncha343QFpQ9TwSg5Kkb29l?comment_id=8766380116726840&reply_comment_id=1567732457210682",,,,,,,,,,,,,,,,,,,,,,,,,,,,,,,,,,,,,,,,,,,,,,,,,,,,,,,,,,,,,,,,,,,,,,"3","2024-10-01T12:34:30.000Z","2325521361124308","https://www.facebook.com/ilham.ajo.37604/posts/pfbid0KuoKPbAfxHn8USWw7rJvtbcoyX1UatV6X3RfBGMEnDncha343QFpQ9TwSg5Kkb29l","ZmVlZGJhY2s6MjMyNTUyMTM2MTEyNDMwOF8xNTY3NzMyNDU3MjEwNjgy","Y29tbWVudDoyMzI1NTIxMzYxMTI0MzA4XzE1Njc3MzI0NTcyMTA2ODI=","https://www.facebook.com/ilham.ajo.37604/posts/pfbid0KuoKPbAfxHn8USWw7rJvtbcoyX1UatV6X3RfBGMEnDncha343QFpQ9TwSg5Kkb29l","1","127636397104902","false","User","pfbid02qmYRcqTfqckhWpe6cFVc8t6TmQaqZxYm2CJxoNqLW5V8dqLKJGxEuPCnYaduXZWql","Syaiful Anwar","Syaiful","Y29tbWVudDoyMzI1NTIxMzYxMTI0MzA4Xzg3NjYzODAxMTY3MjY4NDA=","Senin, 11 September 2023

CPCL Sertifikasi Pangan Segar Asal Tumbuhan.
1. Kelompok Tani : Sri Murni
Desa : Rawang Lama Dusun IX
Komoditi : Melon
Nama Petani : Saiful Anwar dan Supriadi

2. Kelompok Tani : Sukses
Desa : Rawang Lama Dusun II
Komoditi : Melon
Nama Petani : Suheri dan Bambang Sutrisno","pfbid0DHhz4omJsqF4wKKJ2K7imTSyzCXZpV9j1Tty1wFnwqnzvP1aC892L5qJcDjMmqLnl","Bambang Sutrisno","https://scontent.fsvz1-1.fna.fbcdn.net/v/t39.30808-1/434256751_387317510736845_5027959136071100110_n.jpg?stp=cp0_dst-jpg_s32x32&_nc_cat=110&ccb=1-7&_nc_sid=0ecb9b&_nc_ohc=sBfmro6Y43wQ7kNvgGEutiY&_nc_ht=scontent.fsvz1-1.fna&_nc_gid=Ay-cJzViSLjuP9JBZmTMJmD&oh=00_AYAgkkXM_H6TocJE6-_OW-fxi5hM5XRNwPcCObQtUGbGhg&oe=67093FC4","https://www.facebook.com/people/Bambang-Sutrisno/pfbid0DHhz4omJsqF4wKKJ2K7imTSyzCXZpV9j1Tty1wFnwqnzvP1aC892L5qJcDjMmqLnl/","Y29tbWVudDoyMzI1NTIxMzYxMTI0MzA4Xzg3NjYzODAxMTY3MjY4NDA=","Syaiful Anwar tahun iki lh🤣🤣","1"
"https://www.facebook.com/ilham.ajo.37604/posts/pfbid0KuoKPbAfxHn8USWw7rJvtbcoyX1UatV6X3RfBGMEnDncha343QFpQ9TwSg5Kkb29l?comment_id=8766380116726840&reply_comment_id=565907955777265",,,,,,,,,,,,,,,,,,,,,,,,,,,,,,,,,,,,,,,,,,,,,,,,,,,,,,,,,,,,,,,,,,,,,,,"2024-10-01T14:51:54.000Z","2325521361124308","https://www.facebook.com/ilham.ajo.37604/posts/pfbid0KuoKPbAfxHn8USWw7rJvtbcoyX1UatV6X3RfBGMEnDncha343QFpQ9TwSg5Kkb29l","ZmVlZGJhY2s6MjMyNTUyMTM2MTEyNDMwOF81NjU5MDc5NTU3NzcyNjU=","Y29tbWVudDoyMzI1NTIxMzYxMTI0MzA4XzU2NTkwNzk1NTc3NzI2NQ==","https://www.facebook.com/ilham.ajo.37604/posts/pfbid0KuoKPbAfxHn8USWw7rJvtbcoyX1UatV6X3RfBGMEnDncha343QFpQ9TwSg5Kkb29l","1","127636397104902","false","User","pfbid02qmYRcqTfqckhWpe6cFVc8t6TmQaqZxYm2CJxoNqLW5V8dqLKJGxEuPCnYaduXZWql","Syaiful Anwar","Syaiful","Y29tbWVudDoyMzI1NTIxMzYxMTI0MzA4Xzg3NjYzODAxMTY3MjY4NDA=","Senin, 11 September 2023

CPCL Sertifikasi Pangan Segar Asal Tumbuhan.
1. Kelompok Tani : Sri Murni
Desa : Rawang Lama Dusun IX
Komoditi : Melon
Nama Petani : Saiful Anwar dan Supriadi

2. Kelompok Tani : Sukses
Desa : Rawang Lama Dusun II
Komoditi : Melon
Nama Petani : Suheri dan Bambang Sutrisno","pfbid02qmYRcqTfqckhWpe6cFVc8t6TmQaqZxYm2CJxoNqLW5V8dqLKJGxEuPCnYaduXZWql","Syaiful Anwar","https://scontent.fsvz1-1.fna.fbcdn.net/v/t39.30808-1/358108725_820485199471392_8102043065211348733_n.jpg?stp=cp0_dst-jpg_s32x32&_nc_cat=101&ccb=1-7&_nc_sid=0ecb9b&_nc_ohc=hxry_YHUvEAQ7kNvgE9pwwi&_nc_ht=scontent.fsvz1-1.fna&_nc_gid=Ay-cJzViSLjuP9JBZmTMJmD&oh=00_AYDxqlm-RCMqQECrnY2igUtfhukOGItuaT7IWdRhdWs-Gw&oe=670945D3","https://www.facebook.com/people/Syaiful-Anwar/pfbid02qmYRcqTfqckhWpe6cFVc8t6TmQaqZxYm2CJxoNqLW5V8dqLKJGxEuPCnYaduXZWql/","Y29tbWVudDoyMzI1NTIxMzYxMTI0MzA4Xzg3NjYzODAxMTY3MjY4NDA=","Bambang Sutrisno ayoklah bareng kita.. 😂😂","2"
"https://www.facebook.com/ilham.ajo.37604/posts/pfbid0KuoKPbAfxHn8USWw7rJvtbcoyX1UatV6X3RfBGMEnDncha343QFpQ9TwSg5Kkb29l?comment_id=8766380116726840&reply_comment_id=1050016913378984",,,,,,,,,,,,,,,,,,,,,,,,,,,,,,,,,,,,,,,,,,,,,,,,,,,,,,,,,,,,,,,,,,,,,,,"2024-10-01T14:52:42.000Z","2325521361124308","https://www.facebook.com/ilham.ajo.37604/posts/pfbid0KuoKPbAfxHn8USWw7rJvtbcoyX1UatV6X3RfBGMEnDncha343QFpQ9TwSg5Kkb29l","ZmVlZGJhY2s6MjMyNTUyMTM2MTEyNDMwOF8xMDUwMDE2OTEzMzc4OTg0","Y29tbWVudDoyMzI1NTIxMzYxMTI0MzA4XzEwNTAwMTY5MTMzNzg5ODQ=","https://www.facebook.com/ilham.ajo.37604/posts/pfbid0KuoKPbAfxHn8USWw7rJvtbcoyX1UatV6X3RfBGMEnDncha343QFpQ9TwSg5Kkb29l","1","127636397104902","false","User","pfbid02qmYRcqTfqckhWpe6cFVc8t6TmQaqZxYm2CJxoNqLW5V8dqLKJGxEuPCnYaduXZWql","Syaiful Anwar","Syaiful","Y29tbWVudDoyMzI1NTIxMzYxMTI0MzA4Xzg3NjYzODAxMTY3MjY4NDA=","Senin, 11 September 2023

CPCL Sertifikasi Pangan Segar Asal Tumbuhan.
1. Kelompok Tani : Sri Murni
Desa : Rawang Lama Dusun IX
Komoditi : Melon
Nama Petani : Saiful Anwar dan Supriadi

2. Kelompok Tani : Sukses
Desa : Rawang Lama Dusun II
Komoditi : Melon
Nama Petani : Suheri dan Bambang Sutrisno","pfbid0DHhz4omJsqF4wKKJ2K7imTSyzCXZpV9j1Tty1wFnwqnzvP1aC892L5qJcDjMmqLnl","Bambang Sutrisno","https://scontent.fsvz1-1.fna.fbcdn.net/v/t39.30808-1/434256751_387317510736845_5027959136071100110_n.jpg?stp=cp0_dst-jpg_s32x32&_nc_cat=110&ccb=1-7&_nc_sid=0ecb9b&_nc_ohc=sBfmro6Y43wQ7kNvgGEutiY&_nc_ht=scontent.fsvz1-1.fna&_nc_gid=Ay-cJzViSLjuP9JBZmTMJmD&oh=00_AYAgkkXM_H6TocJE6-_OW-fxi5hM5XRNwPcCObQtUGbGhg&oe=67093FC4","https://www.facebook.com/people/Bambang-Sutrisno/pfbid0DHhz4omJsqF4wKKJ2K7imTSyzCXZpV9j1Tty1wFnwqnzvP1aC892L5qJcDjMmqLnl/","Y29tbWVudDoyMzI1NTIxMzYxMTI0MzA4Xzg3NjYzODAxMTY3MjY4NDA=","Syaiful Anwar gak wani lh🤣🤣🤣","2"
"https://www.facebook.com/ilham.ajo.37604/posts/pfbid0KuoKPbAfxHn8USWw7rJvtbcoyX1UatV6X3RfBGMEnDncha343QFpQ9TwSg5Kkb29l?comment_id=8766380116726840&reply_comment_id=552719140651093",,,,,,,,,,,,,,,,,,,,,,,,,,,,,,,,,,,,,,,,,,,,,,,,,,,,,,,,,,,,,,,,,,,,,,,"2024-10-01T16:12:48.000Z","2325521361124308","https://www.facebook.com/ilham.ajo.37604/posts/pfbid0KuoKPbAfxHn8USWw7rJvtbcoyX1UatV6X3RfBGMEnDncha343QFpQ9TwSg5Kkb29l","ZmVlZGJhY2s6MjMyNTUyMTM2MTEyNDMwOF81NTI3MTkxNDA2NTEwOTM=","Y29tbWVudDoyMzI1NTIxMzYxMTI0MzA4XzU1MjcxOTE0MDY1MTA5Mw==","https://www.facebook.com/ilham.ajo.37604/posts/pfbid0KuoKPbAfxHn8USWw7rJvtbcoyX1UatV6X3RfBGMEnDncha343QFpQ9TwSg5Kkb29l","1","127636397104902","false","User","pfbid02qmYRcqTfqckhWpe6cFVc8t6TmQaqZxYm2CJxoNqLW5V8dqLKJGxEuPCnYaduXZWql","Syaiful Anwar","Syaiful","Y29tbWVudDoyMzI1NTIxMzYxMTI0MzA4Xzg3NjYzODAxMTY3MjY4NDA=","Senin, 11 September 2023

CPCL Sertifikasi Pangan Segar Asal Tumbuhan.
1. Kelompok Tani : Sri Murni
Desa : Rawang Lama Dusun IX
Komoditi : Melon
Nama Petani : Saiful Anwar dan Supriadi

2. Kelompok Tani : Sukses
Desa : Rawang Lama Dusun II
Komoditi : Melon
Nama Petani : Suheri dan Bambang Sutrisno","pfbid02qmYRcqTfqckhWpe6cFVc8t6TmQaqZxYm2CJxoNqLW5V8dqLKJGxEuPCnYaduXZWql","Syaiful Anwar","https://scontent.fsvz1-1.fna.fbcdn.net/v/t39.30808-1/358108725_820485199471392_8102043065211348733_n.jpg?stp=cp0_dst-jpg_s32x32&_nc_cat=101&ccb=1-7&_nc_sid=0ecb9b&_nc_ohc=hxry_YHUvEAQ7kNvgE9pwwi&_nc_ht=scontent.fsvz1-1.fna&_nc_gid=Ay-cJzViSLjuP9JBZmTMJmD&oh=00_AYDxqlm-RCMqQECrnY2igUtfhukOGItuaT7IWdRhdWs-Gw&oe=670945D3","https://www.facebook.com/people/Syaiful-Anwar/pfbid02qmYRcqTfqckhWpe6cFVc8t6TmQaqZxYm2CJxoNqLW5V8dqLKJGxEuPCnYaduXZWql/","Y29tbWVudDoyMzI1NTIxMzYxMTI0MzA4Xzg3NjYzODAxMTY3MjY4NDA=","Bambang Sutrisno cemen lah.. 😁😁","2"
"https://www.facebook.com/ilham.ajo.37604/videos/1913305059181904/?comment_id=1252767366065882&reply_comment_id=1870847200071615",,,,,,,,,,,,,,,,,,,,,,,,,,,,,,,,,,,,,,,,,,,,,,,,,,,,,,,,,,,,,,,,,,,,,,,"2024-10-06T16:49:04.000Z","1913305059181904","https://www.facebook.com/ilham.ajo.37604/videos/1913305059181904/","ZmVlZGJhY2s6MTkxMzMwNTA1OTE4MTkwNF8xODcwODQ3MjAwMDcxNjE1","Y29tbWVudDoxOTEzMzA1MDU5MTgxOTA0XzE4NzA4NDcyMDAwNzE2MTU=","https://www.facebook.com/ilham.ajo.37604/videos/1913305059181904/","0",,,"User","100024444340531","UD Ragiel Lanang","UD","Y29tbWVudDoxOTEzMzA1MDU5MTgxOTA0XzEyNTI3NjczNjYwNjU4ODI=","Ilham Bintang Asia was live.","100009994003233","Ilham Bintang Asia","https://scontent.fgjm1-1.fna.fbcdn.net/v/t39.30808-1/349801600_780566773437800_6977822504580595866_n.jpg?stp=cp0_dst-jpg_s32x32&_nc_cat=100&ccb=1-7&_nc_sid=50d2ac&_nc_ohc=F6dB1VJRWmIQ7kNvgFNNA4d&_nc_ht=scontent.fgjm1-1.fna&_nc_gid=ABDTMfc_1H5gMlVnJIO3X4H&oh=00_AYA_ia-CA9zcE7Ll5aDZL9C8iTKyKX4vsfu0zGDy_L5FfA&oe=6709417B","https://www.facebook.com/ilham.ajo.37604","Y29tbWVudDoxOTEzMzA1MDU5MTgxOTA0XzEyNTI3NjczNjYwNjU4ODI=","UD Ragiel Lanang Jember Bg","1"
"https://www.facebook.com/ilham.ajo.37604/posts/2326270684382709?comment_id=867196042255781&reply_comment_id=441284105109451",,,,,,,,,,,,,,,,,,,,,,,,,,,,,,,,,,,,,,,,,,,,,,,,,,,,,,,,,,,,,,,,,,,,,,,"2024-10-03T01:30:37.000Z","2326270684382709","https://www.facebook.com/ilham.ajo.37604/posts/pfbid026QDSrzQTdYTMiowp8pHoJ8c8jZF6rqRvX5F7j9iV2TnNvBNP4oEA4wfTwjJPWnW5l","ZmVlZGJhY2s6MjMyNjI3MDY4NDM4MjcwOV80NDEyODQxMDUxMDk0NTE=","Y29tbWVudDoyMzI2MjcwNjg0MzgyNzA5XzQ0MTI4NDEwNTEwOTQ1MQ==","https://www.facebook.com/ilham.ajo.37604/posts/pfbid026QDSrzQTdYTMiowp8pHoJ8c8jZF6rqRvX5F7j9iV2TnNvBNP4oEA4wfTwjJPWnW5l","0","129217426951035","false","User","pfbid0ymU7EzUSyv4CzaiWUeQDdKaNMCkDYgddsoGGrGePrbW7eAw1FCjTx3Bt24REeSzYl","Muhammad Harist","Muhammad","Y29tbWVudDoyMzI2MjcwNjg0MzgyNzA5Xzg2NzE5NjA0MjI1NTc4MQ==","Selasa 01-10-2024
 #hargacabeterkini @sorotan","100009994003233","Ilham Bintang Asia","https://scontent-hou1-1.xx.fbcdn.net/v/t39.30808-1/349801600_780566773437800_6977822504580595866_n.jpg?stp=cp0_dst-jpg_s32x32&_nc_cat=100&ccb=1-7&_nc_sid=50d2ac&_nc_ohc=F6dB1VJRWmIQ7kNvgGUCrum&_nc_ht=scontent-hou1-1.xx&_nc_gid=AqPjXY7NFj-mXkUGKoZ-_Hz&oh=00_AYBbgXoDlETyupsFTxdw_haIdgEuTqKxbZ6tIaotpzL8_Q&oe=6709417B","https://www.facebook.com/ilham.ajo.37604","Y29tbWVudDoyMzI2MjcwNjg0MzgyNzA5Xzg2NzE5NjA0MjI1NTc4MQ==","Muhammad Harist itu hrga di Pasar atau petani Bg..??","1"
