﻿"author","authorIsChannelOwner","channelAvatarUrl","channelBannerUrl","channelDescription","channelDescriptionLinks/0/text","channelDescriptionLinks/0/url","channelId","channelJoinedDate","channelLocation","channelName","channelTotalVideos","channelTotalViews","channelUrl","cid","comment","comments","commentsCount","date","descriptionLinks","duration","fromYTUrl","hasCreatorHeart","id","input","inputChannelUrl","isAgeRestricted","isChannelVerified","isMonetized","likes","note","numberOfSubscribers","order","pageUrl","publishedTimeText","replyCount","replyToCid","subtitles","text","thumbnailUrl","title","type","url","videoId","viewCount","voteCount"
,,,,,,,"UCjQX6r71oYHPaxvHZ1clQZg",,,"Petani Desa Mandiri",,,"https://www.youtube.com/@PetaniDesaMandiri",,,,"2","2024-09-29T00:00:00.000Z",,,,,"AByIKIHmOEw",,,,,,"7",,,,,,,,,,,"Hargai dirimu sendiri #motivasi #qoetes #katakatabijak #pemupukanjagung","shorts","https://www.youtube.com/shorts/AByIKIHmOEw",,"930",
,,,,,,,"UCjQX6r71oYHPaxvHZ1clQZg",,,"Petani Desa Mandiri",,,"https://www.youtube.com/@PetaniDesaMandiri",,,,"0","2024-09-28T00:00:00.000Z",,,,,"sTy09H5hBIE",,,,,,"12",,,,,,,,,,,"‼️ Bahagia itu kita yang ciptakan‼️ #motivasi #motivasihidup #inspirasi #perawatanjagung","shorts","https://www.youtube.com/shorts/sTy09H5hBIE",,"810",
,,,,,,,"UCjQX6r71oYHPaxvHZ1clQZg",,,"Petani Desa Mandiri",,,"https://www.youtube.com/@PetaniDesaMandiri",,,,"0","2024-09-30T00:00:00.000Z",,,,,"gEUranmS2jU",,,,,,"4",,,,,,,,,,,"#kutipanmotivasi #memes #kutipaninspirasi #unik","shorts","https://www.youtube.com/shorts/gEUranmS2jU",,"543",
,,,,,,,"UCjQX6r71oYHPaxvHZ1clQZg",,,"Petani Desa Mandiri",,,"https://www.youtube.com/@PetaniDesaMandiri",,,,"0","2024-09-29T00:00:00.000Z",,,,,"dGo1g0HNM9U",,,,,,"5",,,,,,,,,,,"Sudah Ku ikhlaskan semua #love #music #motivasi #perawatanjagung #petanidesmandiri","shorts","https://www.youtube.com/shorts/dGo1g0HNM9U",,"464",
,,,,,,,"UCjQX6r71oYHPaxvHZ1clQZg",,,"Petani Desa Mandiri",,,"https://www.youtube.com/@PetaniDesaMandiri",,,,"1","2024-09-28T00:00:00.000Z",,,,,"zDaYXB5P5bY",,,,,,"16",,,,,,,,,,,"‼️ Ternyata cara kerja dunia tidak begitu‼️ #motivasi #bekerjakeras #kerjakeras #petanijagung","shorts","https://www.youtube.com/shorts/zDaYXB5P5bY",,"1900",
,,,,,,,"UCjQX6r71oYHPaxvHZ1clQZg",,,"Petani Desa Mandiri",,,"https://www.youtube.com/@PetaniDesaMandiri",,,,"0","2024-10-01T00:00:00.000Z",,,,,"8zFH8c7Oa-Y",,,,,,"10",,,,,,,,,,,"Yakinlah Kepada Alloh #motivation #katamotivasiislam #katakatamotivasiislam #katakatabijakislam","shorts","https://www.youtube.com/shorts/8zFH8c7Oa-Y",,"513",
,,,,,,,"UCjQX6r71oYHPaxvHZ1clQZg",,,"Petani Desa Mandiri",,,"https://www.youtube.com/@PetaniDesaMandiri",,,,"0","2024-09-30T00:00:00.000Z",,,,,"BA4GSKmJMog",,,,,,"3",,,,,,,,,,,"Jangan berada ditempat yang kamu tidak diinginkan #motivasi #katabijak #katakatabijak #quates","shorts","https://www.youtube.com/shorts/BA4GSKmJMog",,"452",
,,,,,,,"UCjQX6r71oYHPaxvHZ1clQZg",,,"Petani Desa Mandiri",,,"https://www.youtube.com/@PetaniDesaMandiri",,,,"0","2024-09-29T00:00:00.000Z",,,,,"ZKFts0S4kYQ",,,,,,"14",,,,,,,,,,,"Terus Belajarlah #katakatabijak #motivasi #katabijak #perawatanjagung","shorts","https://www.youtube.com/shorts/ZKFts0S4kYQ",,"506",
,,,,,,,"UCjQX6r71oYHPaxvHZ1clQZg",,,"Petani Desa Mandiri",,,"https://www.youtube.com/@PetaniDesaMandiri",,,,"0","2024-09-29T00:00:00.000Z",,,,,"7rso8Kz0U4o",,,,,,"15",,,,,,,,,,,"Yang miskin tetap miskin #kehidupan #motivasi #petanidesamandiri #petanipadi","shorts","https://www.youtube.com/shorts/7rso8Kz0U4o",,"2102",
,,,,,,,,,,,,,,,,,,,,,,,,"https://www.youtube.com/@PetaniDesaMandiri/about",,,,,,"The channel has no live videos.",,,,,,,,,,,,"https://www.youtube.com/@PetaniDesaMandiri/about",,,
,,,,,,,"UCjQX6r71oYHPaxvHZ1clQZg",,,"Petani Desa Mandiri",,,"https://www.youtube.com/@PetaniDesaMandiri",,,,"0","2024-09-27T00:00:00.000Z",,,,,"sXGM8VcO4WM",,,,,,"6",,,,,,,,,,,"Karma itu nyata 💯😭 #kutipanmotivasi #kutipaninspirasi #memes #kutipansukses","shorts","https://www.youtube.com/shorts/sXGM8VcO4WM",,"993",
,,,,,,,"UCjQX6r71oYHPaxvHZ1clQZg",,,"Petani Desa Mandiri",,,"https://www.youtube.com/@PetaniDesaMandiri",,,,"17","2024-09-26T00:00:00.000Z",,,,,"YvDpcEm5zsU",,,,,,"187",,,,,,,,,,,"Darurat generasi petani #quotes #motivasi #motivation #sawah #storywa","shorts","https://www.youtube.com/shorts/YvDpcEm5zsU",,"10488",
,,,,,,,"UCjQX6r71oYHPaxvHZ1clQZg",,,"Petani Desa Mandiri",,,"https://www.youtube.com/@PetaniDesaMandiri",,,,"0","2024-09-26T00:00:00.000Z",,,,,"74iyZWNcPX4",,,,,,"9",,,,,,,,,,,"Ketemu kawan lama 🔥‼️","shorts","https://www.youtube.com/shorts/74iyZWNcPX4",,"2336",
,,,,,,,,,,"Petani Desa Mandiri",,,,,,,"12","2024-09-26T00:00:00.000Z",,,,,"nMCwzXs50N8",,,,,,"119",,,,,,,,,,,"Ternyata jujur itu sulit bagi sebagian orang #kutipanmotivasi #kutipaninspirasi #quotes #katabijak","shorts","https://www.youtube.com/shorts/nMCwzXs50N8",,"10198",
,,,,,,,,,,"Petani Desa Mandiri",,,,,,,"0","2024-09-27T00:00:00.000Z",,,,,"scwPTpSEFSQ",,,,,,"8",,,,,,,,,,,"Jangan bandingkan, setiap orang punya jalanya sendiri #motivation #katakatmutiara #motivational","shorts","https://www.youtube.com/shorts/scwPTpSEFSQ",,"730",
,,,,,,,"UCjQX6r71oYHPaxvHZ1clQZg",,,"Petani Desa Mandiri",,,"https://www.youtube.com/@PetaniDesaMandiri",,,,"0","2024-09-25T00:00:00.000Z",,,,,"AbnjOOx_20Y",,,,,,"6",,,,,,,,,,,"Gini kok dibilang Santai😁 #lucu #sawah","shorts","https://www.youtube.com/shorts/AbnjOOx_20Y",,"1458",
,,,,,,,"UCjQX6r71oYHPaxvHZ1clQZg",,,"Petani Desa Mandiri",,,"https://www.youtube.com/@PetaniDesaMandiri",,,,"0","2024-09-27T02:54:25.000Z",,,,,"wLAZaLxhF7g",,,,,,"0",,,,,,,,,,,"Herbisida Prowl #sawah #herbisidaselektif #herbisidapadi #petanidesamandiri","shorts","https://www.youtube.com/shorts/wLAZaLxhF7g",,"78",
,,,,,,,"UCjQX6r71oYHPaxvHZ1clQZg",,,"Petani Desa Mandiri",,,"https://www.youtube.com/@PetaniDesaMandiri",,,,"4","2024-09-29T09:58:24.000Z",,,,,"t65YeQ3WoO8",,,,,,"53",,,,,,,,,,,"Bersyukur itu harus #motivation #motivasihidup #quotes #religion","shorts","https://www.youtube.com/shorts/t65YeQ3WoO8",,"2952",
,,,,,,,"UCjQX6r71oYHPaxvHZ1clQZg",,,"Petani Desa Mandiri",,,"https://www.youtube.com/@PetaniDesaMandiri",,,,"2","2024-09-29T22:16:57.000Z",,,,,"ho4xd4qYreU",,,,,,"9",,,,,,,,,,,"Mungkin‼️ celana dalamnya sudah berjamur #motivation #petanidesamandiri #fyp","shorts","https://www.youtube.com/shorts/ho4xd4qYreU",,"1855",
,,"https://yt3.googleusercontent.com/YKA8p0zEJst4vyVousz8CVTDze6m3qIlfOaBPqxnwoyv_GBEYbYxl0ZHGsqCi8NBp3Y5Wj2Nlw=s160-c-k-c0x00ffffff-no-rj","https://yt3.googleusercontent.com/ZA5BWq2AUkHb5YE7G3QeWFPXCQjX6TBFB_eOlAqHoouuRQL-0HK3jtdoLx7kcrH7GGoQynScnNs=w2560-fcrop64=1,00005a57ffffa5a8-k-c0xffffffff-no-nd-rj","Welcome to the Petani Desa Mandiri Channel
We are a loyal friend to farmers and farming enthusiasts who want to expand their knowledge of the dynamic world of agriculture. Here, we bring you informative, inspiring and practical content to guide you through every aspect of farm life.

From innovative farming techniques to a guide to selecting the best seeds, we explore a variety of relevant topics to help you increase your yields and farm efficiency. This channel also provides reviews of the latest equipment, shares tips on land management, and provides the best solutions to challenges often faced by farmers.

We believe that sustainability and environmentally friendly farming practices are the key to a sustainable agricultural future. Therefore, we specifically highlight organic methods and green technologies that can improve the balance of agricultural ecosystems.","Facebook","https://www.facebook.com/PetaniDesaMandiri771","UCjQX6r71oYHPaxvHZ1clQZg","Dec 31, 2023","Indonesia","Petani Desa Mandiri","112","327807","https://www.youtube.com/channel/UCjQX6r71oYHPaxvHZ1clQZg",,,,"2","2024-05-21T00:00:00.000Z",,,"https://www.youtube.com/@PetaniDesaMandiri/shorts",,"Eamz4UnWTn0",,"https://www.youtube.com/@PetaniDesaMandiri/about","false","false",,"74",,"1580","47",,,,,,,"https://i.ytimg.com/vi/Eamz4UnWTn0/oar2.jpg?sqp=-oaymwEdCJUDENAFSFWQAgHyq4qpAwwIARUAAIhCcAHAAQY=&rs=AOn4CLATog-QvU-wZDUIzg_Epchpyv5dtw","21 Mei 2024","shorts","https://www.youtube.com/shorts/Eamz4UnWTn0",,"12982",
,,"https://yt3.googleusercontent.com/YKA8p0zEJst4vyVousz8CVTDze6m3qIlfOaBPqxnwoyv_GBEYbYxl0ZHGsqCi8NBp3Y5Wj2Nlw=s160-c-k-c0x00ffffff-no-rj","https://yt3.googleusercontent.com/ZA5BWq2AUkHb5YE7G3QeWFPXCQjX6TBFB_eOlAqHoouuRQL-0HK3jtdoLx7kcrH7GGoQynScnNs=w2560-fcrop64=1,00005a57ffffa5a8-k-c0xffffffff-no-nd-rj","Welcome to the Petani Desa Mandiri Channel
We are a loyal friend to farmers and farming enthusiasts who want to expand their knowledge of the dynamic world of agriculture. Here, we bring you informative, inspiring and practical content to guide you through every aspect of farm life.

From innovative farming techniques to a guide to selecting the best seeds, we explore a variety of relevant topics to help you increase your yields and farm efficiency. This channel also provides reviews of the latest equipment, shares tips on land management, and provides the best solutions to challenges often faced by farmers.

We believe that sustainability and environmentally friendly farming practices are the key to a sustainable agricultural future. Therefore, we specifically highlight organic methods and green technologies that can improve the balance of agricultural ecosystems.","Facebook","https://www.facebook.com/PetaniDesaMandiri771","UCjQX6r71oYHPaxvHZ1clQZg","Dec 31, 2023","Indonesia","Petani Desa Mandiri","112","327807","https://www.youtube.com/channel/UCjQX6r71oYHPaxvHZ1clQZg",,,,"0","2024-05-29T00:00:00.000Z",,,"https://www.youtube.com/@PetaniDesaMandiri/shorts",,"lOhP_MvothA",,"https://www.youtube.com/@PetaniDesaMandiri/about","false","false",,"46",,"1580","45",,,,,,,"https://i.ytimg.com/vi/lOhP_MvothA/oar2.jpg?sqp=-oaymwEdCJUDENAFSFWQAgHyq4qpAwwIARUAAIhCcAHAAQY=&rs=AOn4CLCIfxBRu2KgtBN2Uo17fqye3t1qEQ","Penampakan Langka‼️","shorts","https://www.youtube.com/shorts/lOhP_MvothA",,"10258",
,,"https://yt3.googleusercontent.com/YKA8p0zEJst4vyVousz8CVTDze6m3qIlfOaBPqxnwoyv_GBEYbYxl0ZHGsqCi8NBp3Y5Wj2Nlw=s160-c-k-c0x00ffffff-no-rj","https://yt3.googleusercontent.com/ZA5BWq2AUkHb5YE7G3QeWFPXCQjX6TBFB_eOlAqHoouuRQL-0HK3jtdoLx7kcrH7GGoQynScnNs=w2560-fcrop64=1,00005a57ffffa5a8-k-c0xffffffff-no-nd-rj","Welcome to the Petani Desa Mandiri Channel
We are a loyal friend to farmers and farming enthusiasts who want to expand their knowledge of the dynamic world of agriculture. Here, we bring you informative, inspiring and practical content to guide you through every aspect of farm life.

From innovative farming techniques to a guide to selecting the best seeds, we explore a variety of relevant topics to help you increase your yields and farm efficiency. This channel also provides reviews of the latest equipment, shares tips on land management, and provides the best solutions to challenges often faced by farmers.

We believe that sustainability and environmentally friendly farming practices are the key to a sustainable agricultural future. Therefore, we specifically highlight organic methods and green technologies that can improve the balance of agricultural ecosystems.","Facebook","https://www.facebook.com/PetaniDesaMandiri771","UCjQX6r71oYHPaxvHZ1clQZg","Dec 31, 2023","Indonesia","Petani Desa Mandiri","112","327807","https://www.youtube.com/channel/UCjQX6r71oYHPaxvHZ1clQZg",,,,"2","2024-06-01T00:00:00.000Z",,,"https://www.youtube.com/@PetaniDesaMandiri/shorts",,"YeSnbiHEluw",,"https://www.youtube.com/@PetaniDesaMandiri/about","false","false",,"56",,"1580","43",,,,,,,"https://i.ytimg.com/vi/YeSnbiHEluw/oar2.jpg?sqp=-oaymwEdCJUDENAFSFWQAgHyq4qpAwwIARUAAIhCcAHAAQY=&rs=AOn4CLD_nqTZA2E2QFuDHk4fRbFRjKDO7g","1 Juni 2024","shorts","https://www.youtube.com/shorts/YeSnbiHEluw",,"12041",
,,"https://yt3.googleusercontent.com/YKA8p0zEJst4vyVousz8CVTDze6m3qIlfOaBPqxnwoyv_GBEYbYxl0ZHGsqCi8NBp3Y5Wj2Nlw=s160-c-k-c0x00ffffff-no-rj","https://yt3.googleusercontent.com/ZA5BWq2AUkHb5YE7G3QeWFPXCQjX6TBFB_eOlAqHoouuRQL-0HK3jtdoLx7kcrH7GGoQynScnNs=w2560-fcrop64=1,00005a57ffffa5a8-k-c0xffffffff-no-nd-rj","Welcome to the Petani Desa Mandiri Channel
We are a loyal friend to farmers and farming enthusiasts who want to expand their knowledge of the dynamic world of agriculture. Here, we bring you informative, inspiring and practical content to guide you through every aspect of farm life.

From innovative farming techniques to a guide to selecting the best seeds, we explore a variety of relevant topics to help you increase your yields and farm efficiency. This channel also provides reviews of the latest equipment, shares tips on land management, and provides the best solutions to challenges often faced by farmers.

We believe that sustainability and environmentally friendly farming practices are the key to a sustainable agricultural future. Therefore, we specifically highlight organic methods and green technologies that can improve the balance of agricultural ecosystems.","Facebook","https://www.facebook.com/PetaniDesaMandiri771","UCjQX6r71oYHPaxvHZ1clQZg","Dec 31, 2023","Indonesia","Petani Desa Mandiri","112","327807","https://www.youtube.com/channel/UCjQX6r71oYHPaxvHZ1clQZg",,,,"5","2024-06-04T00:00:00.000Z",,,"https://www.youtube.com/@PetaniDesaMandiri/shorts",,"ZAptLdjrXTE",,"https://www.youtube.com/@PetaniDesaMandiri/about","false","false",,"53",,"1580","42",,,,,,,"https://i.ytimg.com/vi/ZAptLdjrXTE/oar2.jpg?sqp=-oaymwEdCJUDENAFSFWQAgHyq4qpAwwIARUAAIhCcAHAAQY=&rs=AOn4CLCZksEXa1jusMkYLIfca-7zM2TP8w","5 Juni 2024","shorts","https://www.youtube.com/shorts/ZAptLdjrXTE",,"14150",
,,,,,,,"UCjQX6r71oYHPaxvHZ1clQZg",,,"Petani Desa Mandiri",,,"https://www.youtube.com/@PetaniDesaMandiri",,,,"0","2024-09-26T13:07:28.000Z",,,,,"T7iyhoqpz30",,,,,,"5",,,,,,,,,,,"Mari sarapan‼️","shorts","https://www.youtube.com/shorts/T7iyhoqpz30",,"453",
,,"https://yt3.googleusercontent.com/YKA8p0zEJst4vyVousz8CVTDze6m3qIlfOaBPqxnwoyv_GBEYbYxl0ZHGsqCi8NBp3Y5Wj2Nlw=s160-c-k-c0x00ffffff-no-rj","https://yt3.googleusercontent.com/ZA5BWq2AUkHb5YE7G3QeWFPXCQjX6TBFB_eOlAqHoouuRQL-0HK3jtdoLx7kcrH7GGoQynScnNs=w2560-fcrop64=1,00005a57ffffa5a8-k-c0xffffffff-no-nd-rj","Welcome to the Petani Desa Mandiri Channel
We are a loyal friend to farmers and farming enthusiasts who want to expand their knowledge of the dynamic world of agriculture. Here, we bring you informative, inspiring and practical content to guide you through every aspect of farm life.

From innovative farming techniques to a guide to selecting the best seeds, we explore a variety of relevant topics to help you increase your yields and farm efficiency. This channel also provides reviews of the latest equipment, shares tips on land management, and provides the best solutions to challenges often faced by farmers.

We believe that sustainability and environmentally friendly farming practices are the key to a sustainable agricultural future. Therefore, we specifically highlight organic methods and green technologies that can improve the balance of agricultural ecosystems.","Facebook","https://www.facebook.com/PetaniDesaMandiri771","UCjQX6r71oYHPaxvHZ1clQZg","Dec 31, 2023","Indonesia","Petani Desa Mandiri","112","327807","https://www.youtube.com/channel/UCjQX6r71oYHPaxvHZ1clQZg",,,,"0","2024-05-29T08:45:10.000Z",,,"https://www.youtube.com/@PetaniDesaMandiri/shorts",,"JlgFAdZQLek",,"https://www.youtube.com/@PetaniDesaMandiri/about","false","false",,"2",,"1580","46",,,,,,,"https://i.ytimg.com/vi/JlgFAdZQLek/oar2.jpg?sqp=-oaymwEdCJUDENAFSFWQAgHyq4qpAwwIARUAAIhCcAHAAQY=&rs=AOn4CLDPyOrDRUkXdQ30fFVeoaXarEsHCg","29 Mei 2024","shorts","https://www.youtube.com/shorts/JlgFAdZQLek",,"79",
,,"https://yt3.googleusercontent.com/YKA8p0zEJst4vyVousz8CVTDze6m3qIlfOaBPqxnwoyv_GBEYbYxl0ZHGsqCi8NBp3Y5Wj2Nlw=s160-c-k-c0x00ffffff-no-rj","https://yt3.googleusercontent.com/ZA5BWq2AUkHb5YE7G3QeWFPXCQjX6TBFB_eOlAqHoouuRQL-0HK3jtdoLx7kcrH7GGoQynScnNs=w2560-fcrop64=1,00005a57ffffa5a8-k-c0xffffffff-no-nd-rj","Welcome to the Petani Desa Mandiri Channel
We are a loyal friend to farmers and farming enthusiasts who want to expand their knowledge of the dynamic world of agriculture. Here, we bring you informative, inspiring and practical content to guide you through every aspect of farm life.

From innovative farming techniques to a guide to selecting the best seeds, we explore a variety of relevant topics to help you increase your yields and farm efficiency. This channel also provides reviews of the latest equipment, shares tips on land management, and provides the best solutions to challenges often faced by farmers.

We believe that sustainability and environmentally friendly farming practices are the key to a sustainable agricultural future. Therefore, we specifically highlight organic methods and green technologies that can improve the balance of agricultural ecosystems.","Facebook","https://www.facebook.com/PetaniDesaMandiri771","UCjQX6r71oYHPaxvHZ1clQZg","Dec 31, 2023","Indonesia","Petani Desa Mandiri","112","327807","https://www.youtube.com/channel/UCjQX6r71oYHPaxvHZ1clQZg",,,,"2","2024-06-04T00:00:00.000Z",,,"https://www.youtube.com/@PetaniDesaMandiri/shorts",,"HZ7Wzsl8KJU",,"https://www.youtube.com/@PetaniDesaMandiri/about","false","false",,"42",,"1580","41",,,,,,,"https://i.ytimg.com/vi/HZ7Wzsl8KJU/oar2.jpg?sqp=-oaymwEdCJUDENAFSFWQAgHyq4qpAwwIARUAAIhCcAHAAQY=&rs=AOn4CLDPWnnr0C52-3aOA70lK4-MkeSd2A","5 Juni 2024","shorts","https://www.youtube.com/shorts/HZ7Wzsl8KJU",,"10619",
,,"https://yt3.googleusercontent.com/YKA8p0zEJst4vyVousz8CVTDze6m3qIlfOaBPqxnwoyv_GBEYbYxl0ZHGsqCi8NBp3Y5Wj2Nlw=s160-c-k-c0x00ffffff-no-rj","https://yt3.googleusercontent.com/ZA5BWq2AUkHb5YE7G3QeWFPXCQjX6TBFB_eOlAqHoouuRQL-0HK3jtdoLx7kcrH7GGoQynScnNs=w2560-fcrop64=1,00005a57ffffa5a8-k-c0xffffffff-no-nd-rj","Welcome to the Petani Desa Mandiri Channel
We are a loyal friend to farmers and farming enthusiasts who want to expand their knowledge of the dynamic world of agriculture. Here, we bring you informative, inspiring and practical content to guide you through every aspect of farm life.

From innovative farming techniques to a guide to selecting the best seeds, we explore a variety of relevant topics to help you increase your yields and farm efficiency. This channel also provides reviews of the latest equipment, shares tips on land management, and provides the best solutions to challenges often faced by farmers.

We believe that sustainability and environmentally friendly farming practices are the key to a sustainable agricultural future. Therefore, we specifically highlight organic methods and green technologies that can improve the balance of agricultural ecosystems.","Facebook","https://www.facebook.com/PetaniDesaMandiri771","UCjQX6r71oYHPaxvHZ1clQZg","Dec 31, 2023","Indonesia","Petani Desa Mandiri","112","327807","https://www.youtube.com/channel/UCjQX6r71oYHPaxvHZ1clQZg",,,,"0","2024-03-18T00:00:00.000Z",,,"https://www.youtube.com/@PetaniDesaMandiri/shorts",,"uxvKGdYcYEU",,"https://www.youtube.com/@PetaniDesaMandiri/about","false","false",,"5",,"1580","72",,,,,,,"https://i.ytimg.com/vi/uxvKGdYcYEU/oardefault.jpg?sqp=-oaymwEdCJUDENAFSFWQAgHyq4qpAwwIARUAAIhCcAHAAQY=&rs=AOn4CLC1qYFAxa00hYmCBCvd2z5hgmC9iA","Pembasmian Hama Sundep #pertanian #petani #tipsmenanam #sundep #hamasundep","shorts","https://www.youtube.com/shorts/uxvKGdYcYEU",,"581",
,,"https://yt3.googleusercontent.com/YKA8p0zEJst4vyVousz8CVTDze6m3qIlfOaBPqxnwoyv_GBEYbYxl0ZHGsqCi8NBp3Y5Wj2Nlw=s160-c-k-c0x00ffffff-no-rj","https://yt3.googleusercontent.com/ZA5BWq2AUkHb5YE7G3QeWFPXCQjX6TBFB_eOlAqHoouuRQL-0HK3jtdoLx7kcrH7GGoQynScnNs=w2560-fcrop64=1,00005a57ffffa5a8-k-c0xffffffff-no-nd-rj","Welcome to the Petani Desa Mandiri Channel
We are a loyal friend to farmers and farming enthusiasts who want to expand their knowledge of the dynamic world of agriculture. Here, we bring you informative, inspiring and practical content to guide you through every aspect of farm life.

From innovative farming techniques to a guide to selecting the best seeds, we explore a variety of relevant topics to help you increase your yields and farm efficiency. This channel also provides reviews of the latest equipment, shares tips on land management, and provides the best solutions to challenges often faced by farmers.

We believe that sustainability and environmentally friendly farming practices are the key to a sustainable agricultural future. Therefore, we specifically highlight organic methods and green technologies that can improve the balance of agricultural ecosystems.","Facebook","https://www.facebook.com/PetaniDesaMandiri771","UCjQX6r71oYHPaxvHZ1clQZg","Dec 31, 2023","Indonesia","Petani Desa Mandiri","112","327807","https://www.youtube.com/channel/UCjQX6r71oYHPaxvHZ1clQZg",,,,"2","2024-03-18T00:00:00.000Z",,,"https://www.youtube.com/@PetaniDesaMandiri/shorts",,"EOh8zf7smoM",,"https://www.youtube.com/@PetaniDesaMandiri/about","false","false",,"12",,"1580","69",,,,,,,"https://i.ytimg.com/vi/EOh8zf7smoM/oar2.jpg?sqp=-oaymwEdCJUDENAFSFWQAgHyq4qpAwwIARUAAIhCcAHAAQY=&rs=AOn4CLBLiW06VPAfWwNGs-RiYW63FRQpKA","INSEKTISIDA WERENG #agriculture #farmer #wereng","shorts","https://www.youtube.com/shorts/EOh8zf7smoM",,"6922",
,,"https://yt3.googleusercontent.com/YKA8p0zEJst4vyVousz8CVTDze6m3qIlfOaBPqxnwoyv_GBEYbYxl0ZHGsqCi8NBp3Y5Wj2Nlw=s160-c-k-c0x00ffffff-no-rj","https://yt3.googleusercontent.com/ZA5BWq2AUkHb5YE7G3QeWFPXCQjX6TBFB_eOlAqHoouuRQL-0HK3jtdoLx7kcrH7GGoQynScnNs=w2560-fcrop64=1,00005a57ffffa5a8-k-c0xffffffff-no-nd-rj","Welcome to the Petani Desa Mandiri Channel
We are a loyal friend to farmers and farming enthusiasts who want to expand their knowledge of the dynamic world of agriculture. Here, we bring you informative, inspiring and practical content to guide you through every aspect of farm life.

From innovative farming techniques to a guide to selecting the best seeds, we explore a variety of relevant topics to help you increase your yields and farm efficiency. This channel also provides reviews of the latest equipment, shares tips on land management, and provides the best solutions to challenges often faced by farmers.

We believe that sustainability and environmentally friendly farming practices are the key to a sustainable agricultural future. Therefore, we specifically highlight organic methods and green technologies that can improve the balance of agricultural ecosystems.","Facebook","https://www.facebook.com/PetaniDesaMandiri771","UCjQX6r71oYHPaxvHZ1clQZg","Dec 31, 2023","Indonesia","Petani Desa Mandiri","112","327807","https://www.youtube.com/channel/UCjQX6r71oYHPaxvHZ1clQZg",,,,"0","2024-03-18T00:00:00.000Z",,,"https://www.youtube.com/@PetaniDesaMandiri/shorts",,"_MewI1Jlq1Y",,"https://www.youtube.com/@PetaniDesaMandiri/about","false","false",,"4",,"1580","68",,,,,,,"https://i.ytimg.com/vi/_MewI1Jlq1Y/oar2.jpg?sqp=-oaymwEdCJUDENAFSFWQAgHyq4qpAwwIARUAAIhCcAHAAQY=&rs=AOn4CLAitrhh8O8XF_xfj74pqm7FyDmBDw","Hoax Micin Untuk Pupuk","shorts","https://www.youtube.com/shorts/_MewI1Jlq1Y",,"560",
,,"https://yt3.googleusercontent.com/YKA8p0zEJst4vyVousz8CVTDze6m3qIlfOaBPqxnwoyv_GBEYbYxl0ZHGsqCi8NBp3Y5Wj2Nlw=s160-c-k-c0x00ffffff-no-rj","https://yt3.googleusercontent.com/ZA5BWq2AUkHb5YE7G3QeWFPXCQjX6TBFB_eOlAqHoouuRQL-0HK3jtdoLx7kcrH7GGoQynScnNs=w2560-fcrop64=1,00005a57ffffa5a8-k-c0xffffffff-no-nd-rj","Welcome to the Petani Desa Mandiri Channel
We are a loyal friend to farmers and farming enthusiasts who want to expand their knowledge of the dynamic world of agriculture. Here, we bring you informative, inspiring and practical content to guide you through every aspect of farm life.

From innovative farming techniques to a guide to selecting the best seeds, we explore a variety of relevant topics to help you increase your yields and farm efficiency. This channel also provides reviews of the latest equipment, shares tips on land management, and provides the best solutions to challenges often faced by farmers.

We believe that sustainability and environmentally friendly farming practices are the key to a sustainable agricultural future. Therefore, we specifically highlight organic methods and green technologies that can improve the balance of agricultural ecosystems.","Facebook","https://www.facebook.com/PetaniDesaMandiri771","UCjQX6r71oYHPaxvHZ1clQZg","Dec 31, 2023","Indonesia","Petani Desa Mandiri","112","327807","https://www.youtube.com/channel/UCjQX6r71oYHPaxvHZ1clQZg",,,,"0","2024-03-19T00:00:00.000Z",,,"https://www.youtube.com/@PetaniDesaMandiri/shorts",,"QBU7PbfxQnA",,"https://www.youtube.com/@PetaniDesaMandiri/about","false","false",,"21",,"1580","66",,,,,,,"https://i.ytimg.com/vi/QBU7PbfxQnA/oar2.jpg?sqp=-oaymwEdCJUDENAFSFWQAgHyq4qpAwwIARUAAIhCcAHAAQY=&rs=AOn4CLBVQA0UOGkWI7ZSm3hLCA8aRc9tJQ","Nutrisi Padi Masa Generatif #petani #nutrisipadi","shorts","https://www.youtube.com/shorts/QBU7PbfxQnA",,"3484",
,,"https://yt3.googleusercontent.com/YKA8p0zEJst4vyVousz8CVTDze6m3qIlfOaBPqxnwoyv_GBEYbYxl0ZHGsqCi8NBp3Y5Wj2Nlw=s160-c-k-c0x00ffffff-no-rj","https://yt3.googleusercontent.com/ZA5BWq2AUkHb5YE7G3QeWFPXCQjX6TBFB_eOlAqHoouuRQL-0HK3jtdoLx7kcrH7GGoQynScnNs=w2560-fcrop64=1,00005a57ffffa5a8-k-c0xffffffff-no-nd-rj","Welcome to the Petani Desa Mandiri Channel
We are a loyal friend to farmers and farming enthusiasts who want to expand their knowledge of the dynamic world of agriculture. Here, we bring you informative, inspiring and practical content to guide you through every aspect of farm life.

From innovative farming techniques to a guide to selecting the best seeds, we explore a variety of relevant topics to help you increase your yields and farm efficiency. This channel also provides reviews of the latest equipment, shares tips on land management, and provides the best solutions to challenges often faced by farmers.

We believe that sustainability and environmentally friendly farming practices are the key to a sustainable agricultural future. Therefore, we specifically highlight organic methods and green technologies that can improve the balance of agricultural ecosystems.","Facebook","https://www.facebook.com/PetaniDesaMandiri771","UCjQX6r71oYHPaxvHZ1clQZg","Dec 31, 2023","Indonesia","Petani Desa Mandiri","112","327807","https://www.youtube.com/channel/UCjQX6r71oYHPaxvHZ1clQZg",,,,"0","2024-05-30T18:43:34.000Z",,,"https://www.youtube.com/@PetaniDesaMandiri/shorts",,"kbMEk6dTzb4",,"https://www.youtube.com/@PetaniDesaMandiri/about","false","false",,"54",,"1580","44",,,,,,,"https://i.ytimg.com/vi/kbMEk6dTzb4/oar2.jpg?sqp=-oaymwEdCJUDENAFSFWQAgHyq4qpAwwIARUAAIhCcAHAAQY=&rs=AOn4CLCtGziiWaI2-zKdXUpw71ukcBrRQg","31 Mei 2024","shorts","https://www.youtube.com/shorts/kbMEk6dTzb4",,"10509",
,,"https://yt3.googleusercontent.com/YKA8p0zEJst4vyVousz8CVTDze6m3qIlfOaBPqxnwoyv_GBEYbYxl0ZHGsqCi8NBp3Y5Wj2Nlw=s160-c-k-c0x00ffffff-no-rj","https://yt3.googleusercontent.com/ZA5BWq2AUkHb5YE7G3QeWFPXCQjX6TBFB_eOlAqHoouuRQL-0HK3jtdoLx7kcrH7GGoQynScnNs=w2560-fcrop64=1,00005a57ffffa5a8-k-c0xffffffff-no-nd-rj","Welcome to the Petani Desa Mandiri Channel
We are a loyal friend to farmers and farming enthusiasts who want to expand their knowledge of the dynamic world of agriculture. Here, we bring you informative, inspiring and practical content to guide you through every aspect of farm life.

From innovative farming techniques to a guide to selecting the best seeds, we explore a variety of relevant topics to help you increase your yields and farm efficiency. This channel also provides reviews of the latest equipment, shares tips on land management, and provides the best solutions to challenges often faced by farmers.

We believe that sustainability and environmentally friendly farming practices are the key to a sustainable agricultural future. Therefore, we specifically highlight organic methods and green technologies that can improve the balance of agricultural ecosystems.","Facebook","https://www.facebook.com/PetaniDesaMandiri771","UCjQX6r71oYHPaxvHZ1clQZg","Dec 31, 2023","Indonesia","Petani Desa Mandiri","112","327807","https://www.youtube.com/channel/UCjQX6r71oYHPaxvHZ1clQZg",,,,"0","2024-03-18T13:46:11.000Z",,,"https://www.youtube.com/@PetaniDesaMandiri/shorts",,"YSf7chV4clM",,"https://www.youtube.com/@PetaniDesaMandiri/about","false","false",,"6",,"1580","70",,,,,,,"https://i.ytimg.com/vi/YSf7chV4clM/oar2.jpg?sqp=-oaymwEdCJUDENAFSFWQAgHyq4qpAwwIARUAAIhCcAHAAQY=&rs=AOn4CLCo5CczsXDTLAHmck3SCp7NB_DlSQ","Pupuk Bawang Merah #petani #petanibawangmerah","shorts","https://www.youtube.com/shorts/YSf7chV4clM",,"1216",
,,"https://yt3.googleusercontent.com/YKA8p0zEJst4vyVousz8CVTDze6m3qIlfOaBPqxnwoyv_GBEYbYxl0ZHGsqCi8NBp3Y5Wj2Nlw=s160-c-k-c0x00ffffff-no-rj","https://yt3.googleusercontent.com/ZA5BWq2AUkHb5YE7G3QeWFPXCQjX6TBFB_eOlAqHoouuRQL-0HK3jtdoLx7kcrH7GGoQynScnNs=w2560-fcrop64=1,00005a57ffffa5a8-k-c0xffffffff-no-nd-rj","Welcome to the Petani Desa Mandiri Channel
We are a loyal friend to farmers and farming enthusiasts who want to expand their knowledge of the dynamic world of agriculture. Here, we bring you informative, inspiring and practical content to guide you through every aspect of farm life.

From innovative farming techniques to a guide to selecting the best seeds, we explore a variety of relevant topics to help you increase your yields and farm efficiency. This channel also provides reviews of the latest equipment, shares tips on land management, and provides the best solutions to challenges often faced by farmers.

We believe that sustainability and environmentally friendly farming practices are the key to a sustainable agricultural future. Therefore, we specifically highlight organic methods and green technologies that can improve the balance of agricultural ecosystems.","Facebook","https://www.facebook.com/PetaniDesaMandiri771","UCjQX6r71oYHPaxvHZ1clQZg","Dec 31, 2023","Indonesia","Petani Desa Mandiri","112","327807","https://www.youtube.com/channel/UCjQX6r71oYHPaxvHZ1clQZg",,,,"2","2024-03-19T03:24:34.000Z",,,"https://www.youtube.com/@PetaniDesaMandiri/shorts",,"vWm1iU74oBs",,"https://www.youtube.com/@PetaniDesaMandiri/about","false","false",,"7",,"1580","67",,,,,,,"https://i.ytimg.com/vi/vWm1iU74oBs/oar2.jpg?sqp=-oaymwEdCJUDENAFSFWQAgHyq4qpAwwIARUAAIhCcAHAAQY=&rs=AOn4CLAdhYQ1a7Lj4_RAMgx4ZzA0sX9jlQ","Pencegahan Ulat Grayak #petani #bawangmerah","shorts","https://www.youtube.com/shorts/vWm1iU74oBs",,"1271",
,,"https://yt3.googleusercontent.com/YKA8p0zEJst4vyVousz8CVTDze6m3qIlfOaBPqxnwoyv_GBEYbYxl0ZHGsqCi8NBp3Y5Wj2Nlw=s160-c-k-c0x00ffffff-no-rj","https://yt3.googleusercontent.com/ZA5BWq2AUkHb5YE7G3QeWFPXCQjX6TBFB_eOlAqHoouuRQL-0HK3jtdoLx7kcrH7GGoQynScnNs=w2560-fcrop64=1,00005a57ffffa5a8-k-c0xffffffff-no-nd-rj","Welcome to the Petani Desa Mandiri Channel
We are a loyal friend to farmers and farming enthusiasts who want to expand their knowledge of the dynamic world of agriculture. Here, we bring you informative, inspiring and practical content to guide you through every aspect of farm life.

From innovative farming techniques to a guide to selecting the best seeds, we explore a variety of relevant topics to help you increase your yields and farm efficiency. This channel also provides reviews of the latest equipment, shares tips on land management, and provides the best solutions to challenges often faced by farmers.

We believe that sustainability and environmentally friendly farming practices are the key to a sustainable agricultural future. Therefore, we specifically highlight organic methods and green technologies that can improve the balance of agricultural ecosystems.","Facebook","https://www.facebook.com/PetaniDesaMandiri771","UCjQX6r71oYHPaxvHZ1clQZg","Dec 31, 2023","Indonesia","Petani Desa Mandiri","112","327807","https://www.youtube.com/channel/UCjQX6r71oYHPaxvHZ1clQZg",,,,"0","2024-03-18T13:01:08.000Z",,,"https://www.youtube.com/@PetaniDesaMandiri/shorts",,"EFS0voIyaP4",,"https://www.youtube.com/@PetaniDesaMandiri/about","false","false",,"4",,"1580","71",,,,,,,"https://i.ytimg.com/vi/EFS0voIyaP4/oar2.jpg?sqp=-oaymwEdCJUDENAFSFWQAgHyq4qpAwwIARUAAIhCcAHAAQY=&rs=AOn4CLCXEGRc0EWWh7Ar-fZ_HAzfZtb0EQ","Jam yang tepat menyemprotkan herbisida #petani #obatpadi","shorts","https://www.youtube.com/shorts/EFS0voIyaP4",,"1531",
"@beduhd8726","false",,,,,,,,,,,,,"UgwVYazmfD9ncfCfTIN4AaABAg","benih sekilo habis pupuk urea 25kg ponska 25kg...total 50kg...",,"5",,,,,"true",,,,,,,,,,,"https://www.youtube.com/watch?v=gQuhl8FY1o8","8 days ago","1",,,,,"‼️Paket lengkap ‼️ Dosis & Aplikasi pupuk jagung mulai awal tanam sampai panen 🔥","comment",,"gQuhl8FY1o8",,"0"
"@muhammadikbal724","false",,,,,,,,,,,,,"Ugz0xmvEKpLHUnT1YTd4AaABAg","Info harga pipil kering?",,"5",,,,,"false",,,,,,,,,,,"https://www.youtube.com/watch?v=gQuhl8FY1o8","8 days ago","0",,,,,"‼️Paket lengkap ‼️ Dosis & Aplikasi pupuk jagung mulai awal tanam sampai panen 🔥","comment",,"gQuhl8FY1o8",,"0"
"@JuruKetik","false",,,,,,,,,,,,,"UgwFv8Rp21OR2Jc3HyZ4AaABAg","Siap paaak,semoga panen banyak",,"5",,,,,"false",,,,,,,,,,,"https://www.youtube.com/watch?v=gQuhl8FY1o8","11 days ago","0",,,,,"‼️Paket lengkap ‼️ Dosis & Aplikasi pupuk jagung mulai awal tanam sampai panen 🔥","comment",,"gQuhl8FY1o8",,"0"
"@SaharaTanitv","false",,,,,,,,,,,,,"UgyhJ7-kF7HS8DubOlp4AaABAg","Nyimak bolo dr balikpapan kaltim",,"5",,,,,"false",,,,,,,,,,,"https://www.youtube.com/watch?v=gQuhl8FY1o8","11 days ago","0",,,,,"‼️Paket lengkap ‼️ Dosis & Aplikasi pupuk jagung mulai awal tanam sampai panen 🔥","comment",,"gQuhl8FY1o8",,"0"
"@PetaniDesaMandiri","true",,,,,,,,,,,,,"UgwVYazmfD9ncfCfTIN4AaABAg.A8kYMXrrSKqA8lAZ6G7Ozc","Mantuuul",,"5",,,,,"false",,,,,,,,,,,"https://www.youtube.com/watch?v=gQuhl8FY1o8","8 days ago","0","UgwVYazmfD9ncfCfTIN4AaABAg",,,,"‼️Paket lengkap ‼️ Dosis & Aplikasi pupuk jagung mulai awal tanam sampai panen 🔥","reply",,"gQuhl8FY1o8",,"0"
"@nvbussines995","false",,,,,,,,,,,,,"UgyPZMPxXy9lnO5hxRJ4AaABAg","Bang saya tiap kali tanam jagung manis pasti sering kena Bule .....mohon ilmunya bang",,"10",,,,,"true",,,,,,,,,,,"https://www.youtube.com/watch?v=2JblbjjCvn4","3 hours ago","1",,,,,"🔴 Cara Tanam Jagung Bertongkol Besar! Panduan Lengkap Buat Petani Pemula! Mulai Tanam Sampai Panen","comment",,"2JblbjjCvn4",,"0"
"@feriharianto8221","false",,,,,,,,,,,,,"UgwjEAfAbw7CmnyHUr14AaABAg","sampai panen, total pemakaian pupuk habis berapa kilogram pak?",,"10",,,,,"false",,,,,,,,,,,"https://www.youtube.com/watch?v=2JblbjjCvn4","7 hours ago","1",,,,,"🔴 Cara Tanam Jagung Bertongkol Besar! Panduan Lengkap Buat Petani Pemula! Mulai Tanam Sampai Panen","comment",,"2JblbjjCvn4",,"0"
"@dwiyanto9084","false",,,,,,,,,,,,,"Ugzm3roaJ58OAvJrNKZ4AaABAg","Disini cuma 2x pemupukan pak",,"10",,,,,"false",,,,,,,,,,,"https://www.youtube.com/watch?v=2JblbjjCvn4","17 hours ago","1",,,,,"🔴 Cara Tanam Jagung Bertongkol Besar! Panduan Lengkap Buat Petani Pemula! Mulai Tanam Sampai Panen","comment",,"2JblbjjCvn4",,"0"
"@DuniTani","false",,,,,,,,,,,,,"Ugx0_t-EsCnNspD3k3B4AaABAg","Nganjuk Endi bang sopo ngerti idek ro aku",,"10",,,,,"false",,,,,,,,,,,"https://www.youtube.com/watch?v=2JblbjjCvn4","18 hours ago","1",,,,,"🔴 Cara Tanam Jagung Bertongkol Besar! Panduan Lengkap Buat Petani Pemula! Mulai Tanam Sampai Panen","comment",,"2JblbjjCvn4",,"1"
"@Lobeltafamily","false",,,,,,,,,,,,,"UgwCuYOrxnMi9CDnYjN4AaABAg","Jagung ku kui😂",,"10",,,,,"false",,,,,,,,,,,"https://www.youtube.com/watch?v=2JblbjjCvn4","1 day ago","1",,,,,"🔴 Cara Tanam Jagung Bertongkol Besar! Panduan Lengkap Buat Petani Pemula! Mulai Tanam Sampai Panen","comment",,"2JblbjjCvn4",,"1"
"@PetaniDesaMandiri","true",,,,,,,,,,,,,"UgyPZMPxXy9lnO5hxRJ4AaABAg.A94QrA2FfSbA94iXW1dgsW","Bule itu penyakit bawaan benih,,ya caranya pencegahan 
Sebelum tanam benih bisa di kasih bahan aktif dimetomof yang berbentuk serbuk",,"10",,,,,"false",,,,,,,,,,,"https://www.youtube.com/watch?v=2JblbjjCvn4","49 minutes ago","0","UgyPZMPxXy9lnO5hxRJ4AaABAg",,,,"🔴 Cara Tanam Jagung Bertongkol Besar! Panduan Lengkap Buat Petani Pemula! Mulai Tanam Sampai Panen","reply",,"2JblbjjCvn4",,"0"
,,"https://yt3.googleusercontent.com/YKA8p0zEJst4vyVousz8CVTDze6m3qIlfOaBPqxnwoyv_GBEYbYxl0ZHGsqCi8NBp3Y5Wj2Nlw=s160-c-k-c0x00ffffff-no-rj","https://yt3.googleusercontent.com/ZA5BWq2AUkHb5YE7G3QeWFPXCQjX6TBFB_eOlAqHoouuRQL-0HK3jtdoLx7kcrH7GGoQynScnNs=w2560-fcrop64=1,00005a57ffffa5a8-k-c0xffffffff-no-nd-rj","Welcome to the Petani Desa Mandiri Channel
We are a loyal friend to farmers and farming enthusiasts who want to expand their knowledge of the dynamic world of agriculture. Here, we bring you informative, inspiring and practical content to guide you through every aspect of farm life.

From innovative farming techniques to a guide to selecting the best seeds, we explore a variety of relevant topics to help you increase your yields and farm efficiency. This channel also provides reviews of the latest equipment, shares tips on land management, and provides the best solutions to challenges often faced by farmers.

We believe that sustainability and environmentally friendly farming practices are the key to a sustainable agricultural future. Therefore, we specifically highlight organic methods and green technologies that can improve the balance of agricultural ecosystems.","Facebook","https://www.facebook.com/PetaniDesaMandiri771","UCjQX6r71oYHPaxvHZ1clQZg","Dec 31, 2023","Indonesia","Petani Desa Mandiri","112","327807","https://www.youtube.com/channel/UCjQX6r71oYHPaxvHZ1clQZg",,,,"0","2024-03-31T00:00:00.000Z",,,"https://www.youtube.com/@PetaniDesaMandiri/shorts",,"WQwZeh3DC5E",,"https://www.youtube.com/@PetaniDesaMandiri/about","false","false",,"4",,"1580","58",,,,,,,"https://i.ytimg.com/vi_webp/WQwZeh3DC5E/oar2.webp","Klik👆Cara mencegah Asem aseman #pupuk #pertanianindonesia","shorts","https://www.youtube.com/shorts/WQwZeh3DC5E",,"469",
,,"https://yt3.googleusercontent.com/YKA8p0zEJst4vyVousz8CVTDze6m3qIlfOaBPqxnwoyv_GBEYbYxl0ZHGsqCi8NBp3Y5Wj2Nlw=s160-c-k-c0x00ffffff-no-rj","https://yt3.googleusercontent.com/ZA5BWq2AUkHb5YE7G3QeWFPXCQjX6TBFB_eOlAqHoouuRQL-0HK3jtdoLx7kcrH7GGoQynScnNs=w2560-fcrop64=1,00005a57ffffa5a8-k-c0xffffffff-no-nd-rj","Welcome to the Petani Desa Mandiri Channel
We are a loyal friend to farmers and farming enthusiasts who want to expand their knowledge of the dynamic world of agriculture. Here, we bring you informative, inspiring and practical content to guide you through every aspect of farm life.

From innovative farming techniques to a guide to selecting the best seeds, we explore a variety of relevant topics to help you increase your yields and farm efficiency. This channel also provides reviews of the latest equipment, shares tips on land management, and provides the best solutions to challenges often faced by farmers.

We believe that sustainability and environmentally friendly farming practices are the key to a sustainable agricultural future. Therefore, we specifically highlight organic methods and green technologies that can improve the balance of agricultural ecosystems.","Facebook","https://www.facebook.com/PetaniDesaMandiri771","UCjQX6r71oYHPaxvHZ1clQZg","Dec 31, 2023","Indonesia","Petani Desa Mandiri","112","327807","https://www.youtube.com/channel/UCjQX6r71oYHPaxvHZ1clQZg",,,,"0","2024-03-30T00:00:00.000Z",,,"https://www.youtube.com/@PetaniDesaMandiri/shorts",,"xspTBWADbbI",,"https://www.youtube.com/@PetaniDesaMandiri/about","false","false",,"3",,"1580","59",,,,,,,"https://i.ytimg.com/vi/xspTBWADbbI/oar2.jpg?sqp=-oaymwEdCJUDENAFSFWQAgHyq4qpAwwIARUAAIhCcAHAAQY=&rs=AOn4CLB5wb71Lmr6oP9UDYVV9roys4ca6Q","👆👆👆👆Pembasmi Wereng #obatwereng #pertanian","shorts","https://www.youtube.com/shorts/xspTBWADbbI",,"455",
,,"https://yt3.googleusercontent.com/YKA8p0zEJst4vyVousz8CVTDze6m3qIlfOaBPqxnwoyv_GBEYbYxl0ZHGsqCi8NBp3Y5Wj2Nlw=s160-c-k-c0x00ffffff-no-rj","https://yt3.googleusercontent.com/ZA5BWq2AUkHb5YE7G3QeWFPXCQjX6TBFB_eOlAqHoouuRQL-0HK3jtdoLx7kcrH7GGoQynScnNs=w2560-fcrop64=1,00005a57ffffa5a8-k-c0xffffffff-no-nd-rj","Welcome to the Petani Desa Mandiri Channel
We are a loyal friend to farmers and farming enthusiasts who want to expand their knowledge of the dynamic world of agriculture. Here, we bring you informative, inspiring and practical content to guide you through every aspect of farm life.

From innovative farming techniques to a guide to selecting the best seeds, we explore a variety of relevant topics to help you increase your yields and farm efficiency. This channel also provides reviews of the latest equipment, shares tips on land management, and provides the best solutions to challenges often faced by farmers.

We believe that sustainability and environmentally friendly farming practices are the key to a sustainable agricultural future. Therefore, we specifically highlight organic methods and green technologies that can improve the balance of agricultural ecosystems.","Facebook","https://www.facebook.com/PetaniDesaMandiri771","UCjQX6r71oYHPaxvHZ1clQZg","Dec 31, 2023","Indonesia","Petani Desa Mandiri","112","327807","https://www.youtube.com/channel/UCjQX6r71oYHPaxvHZ1clQZg",,,,"0","2024-03-27T00:00:00.000Z",,,"https://www.youtube.com/@PetaniDesaMandiri/shorts",,"R73wswHpGrY",,"https://www.youtube.com/@PetaniDesaMandiri/about","false","false",,"2",,"1580","62",,,,,,,"https://i.ytimg.com/vi/R73wswHpGrY/oar2.jpg?sqp=-oaymwEdCJUDENAFSFWQAgHyq4qpAwwIARUAAIhCcAHAAQY=&rs=AOn4CLAdqm34mxbeNZ-JKOoeVv_o8T6rSw","Klik👆👆👆","shorts","https://www.youtube.com/shorts/R73wswHpGrY",,"520",
,,"https://yt3.googleusercontent.com/YKA8p0zEJst4vyVousz8CVTDze6m3qIlfOaBPqxnwoyv_GBEYbYxl0ZHGsqCi8NBp3Y5Wj2Nlw=s160-c-k-c0x00ffffff-no-rj","https://yt3.googleusercontent.com/ZA5BWq2AUkHb5YE7G3QeWFPXCQjX6TBFB_eOlAqHoouuRQL-0HK3jtdoLx7kcrH7GGoQynScnNs=w2560-fcrop64=1,00005a57ffffa5a8-k-c0xffffffff-no-nd-rj","Welcome to the Petani Desa Mandiri Channel
We are a loyal friend to farmers and farming enthusiasts who want to expand their knowledge of the dynamic world of agriculture. Here, we bring you informative, inspiring and practical content to guide you through every aspect of farm life.

From innovative farming techniques to a guide to selecting the best seeds, we explore a variety of relevant topics to help you increase your yields and farm efficiency. This channel also provides reviews of the latest equipment, shares tips on land management, and provides the best solutions to challenges often faced by farmers.

We believe that sustainability and environmentally friendly farming practices are the key to a sustainable agricultural future. Therefore, we specifically highlight organic methods and green technologies that can improve the balance of agricultural ecosystems.","Facebook","https://www.facebook.com/PetaniDesaMandiri771","UCjQX6r71oYHPaxvHZ1clQZg","Dec 31, 2023","Indonesia","Petani Desa Mandiri","112","327807","https://www.youtube.com/channel/UCjQX6r71oYHPaxvHZ1clQZg",,,,"0","2024-03-30T00:00:00.000Z",,,"https://www.youtube.com/@PetaniDesaMandiri/shorts",,"ouHExTp77BY",,"https://www.youtube.com/@PetaniDesaMandiri/about","false","false",,"5",,"1580","61",,,,,,,"https://i.ytimg.com/vi/ouHExTp77BY/oar2.jpg?sqp=-oaymwEdCJUDENAFSFWQAgHyq4qpAwwIARUAAIhCcAHAAQY=&rs=AOn4CLAubuflWtaDJ1T2p0792lS_I3IYTA","Tanam Padi #pertanian #pertanianindonesia","shorts","https://www.youtube.com/shorts/ouHExTp77BY",,"449",
,,"https://yt3.googleusercontent.com/YKA8p0zEJst4vyVousz8CVTDze6m3qIlfOaBPqxnwoyv_GBEYbYxl0ZHGsqCi8NBp3Y5Wj2Nlw=s160-c-k-c0x00ffffff-no-rj","https://yt3.googleusercontent.com/ZA5BWq2AUkHb5YE7G3QeWFPXCQjX6TBFB_eOlAqHoouuRQL-0HK3jtdoLx7kcrH7GGoQynScnNs=w2560-fcrop64=1,00005a57ffffa5a8-k-c0xffffffff-no-nd-rj","Welcome to the Petani Desa Mandiri Channel
We are a loyal friend to farmers and farming enthusiasts who want to expand their knowledge of the dynamic world of agriculture. Here, we bring you informative, inspiring and practical content to guide you through every aspect of farm life.

From innovative farming techniques to a guide to selecting the best seeds, we explore a variety of relevant topics to help you increase your yields and farm efficiency. This channel also provides reviews of the latest equipment, shares tips on land management, and provides the best solutions to challenges often faced by farmers.

We believe that sustainability and environmentally friendly farming practices are the key to a sustainable agricultural future. Therefore, we specifically highlight organic methods and green technologies that can improve the balance of agricultural ecosystems.","Facebook","https://www.facebook.com/PetaniDesaMandiri771","UCjQX6r71oYHPaxvHZ1clQZg","Dec 31, 2023","Indonesia","Petani Desa Mandiri","112","327807","https://www.youtube.com/channel/UCjQX6r71oYHPaxvHZ1clQZg",,,,"0","2024-03-27T00:00:00.000Z",,,"https://www.youtube.com/@PetaniDesaMandiri/shorts",,"QNKYUFzGhVk",,"https://www.youtube.com/@PetaniDesaMandiri/about","false","false",,"2",,"1580","63",,,,,,,"https://i.ytimg.com/vi/QNKYUFzGhVk/oar2.jpg?sqp=-oaymwEdCJUDENAFSFWQAgHyq4qpAwwIARUAAIhCcAHAAQY=&rs=AOn4CLC0xRXUQ3mZpbYGtAk7WYRyn6iqlg","Musim Cabut Benih Padi #petani #pertanian #tanampadi","shorts","https://www.youtube.com/shorts/QNKYUFzGhVk",,"637",
"@thesubagio3871","false",,,,,,,,,,,,,"Ugzk0e2R75uhagjZ_z94AaABAg","Merk dagang opo lur?",,"7",,,,,"false",,,,,,,,,,,"https://www.youtube.com/watch?v=HAj9Y3QGEdE","5 days ago","1",,,,,"Paklobutrazol: Solusi untuk Tanaman Kompak dan Produktif""","comment",,"HAj9Y3QGEdE",,"0"
"@thesubagio3871","false",,,,,,,,,,,,,"UgzQGnIhEJFCNkWu3cl4AaABAg","Ssiiap...besok tanam berikutnya kita aplikasikan",,"7",,,,,"false",,,,,,,,,,,"https://www.youtube.com/watch?v=HAj9Y3QGEdE","5 days ago","1",,,,,"Paklobutrazol: Solusi untuk Tanaman Kompak dan Produktif""","comment",,"HAj9Y3QGEdE",,"0"
"@AlanSmart-h4n","false",,,,,,,,,,,,,"UgxQ27EmDzmDvgX8aNd4AaABAg","😂😂😂😂",,"7",,,,,"false",,,,,,,,,,,"https://www.youtube.com/watch?v=HAj9Y3QGEdE","5 days ago","1",,,,,"Paklobutrazol: Solusi untuk Tanaman Kompak dan Produktif""","comment",,"HAj9Y3QGEdE",,"0"
"@AlanSmart-h4n","false",,,,,,,,,,,,,"Ugyv7QPrX7ixAjZtuFV4AaABAg","😂😂😂😂",,"7",,,,,"false",,,,,,,,,,,"https://www.youtube.com/watch?v=HAj9Y3QGEdE","5 days ago","0",,,,,"Paklobutrazol: Solusi untuk Tanaman Kompak dan Produktif""","comment",,"HAj9Y3QGEdE",,"0"
,,"https://yt3.googleusercontent.com/YKA8p0zEJst4vyVousz8CVTDze6m3qIlfOaBPqxnwoyv_GBEYbYxl0ZHGsqCi8NBp3Y5Wj2Nlw=s160-c-k-c0x00ffffff-no-rj","https://yt3.googleusercontent.com/ZA5BWq2AUkHb5YE7G3QeWFPXCQjX6TBFB_eOlAqHoouuRQL-0HK3jtdoLx7kcrH7GGoQynScnNs=w2560-fcrop64=1,00005a57ffffa5a8-k-c0xffffffff-no-nd-rj","Welcome to the Petani Desa Mandiri Channel
We are a loyal friend to farmers and farming enthusiasts who want to expand their knowledge of the dynamic world of agriculture. Here, we bring you informative, inspiring and practical content to guide you through every aspect of farm life.

From innovative farming techniques to a guide to selecting the best seeds, we explore a variety of relevant topics to help you increase your yields and farm efficiency. This channel also provides reviews of the latest equipment, shares tips on land management, and provides the best solutions to challenges often faced by farmers.

We believe that sustainability and environmentally friendly farming practices are the key to a sustainable agricultural future. Therefore, we specifically highlight organic methods and green technologies that can improve the balance of agricultural ecosystems.","Facebook","https://www.facebook.com/PetaniDesaMandiri771","UCjQX6r71oYHPaxvHZ1clQZg","Dec 31, 2023","Indonesia","Petani Desa Mandiri","112","327807","https://www.youtube.com/channel/UCjQX6r71oYHPaxvHZ1clQZg",,,,"0","2024-03-21T03:59:00.000Z",,,"https://www.youtube.com/@PetaniDesaMandiri/shorts",,"FgWQPQpLW-8",,"https://www.youtube.com/@PetaniDesaMandiri/about","false","false",,"2",,"1580","65",,,,,,,"https://i.ytimg.com/vi/FgWQPQpLW-8/oar2.jpg?sqp=-oaymwEdCJUDENAFSFWQAgHyq4qpAwwIARUAAIhCcAHAAQY=&rs=AOn4CLDKGLSHtguu9oh0KX3TcLhskUGq8g","Klik👇 Video Lengkapnya","shorts","https://www.youtube.com/shorts/FgWQPQpLW-8",,"89",
,,"https://yt3.googleusercontent.com/YKA8p0zEJst4vyVousz8CVTDze6m3qIlfOaBPqxnwoyv_GBEYbYxl0ZHGsqCi8NBp3Y5Wj2Nlw=s160-c-k-c0x00ffffff-no-rj","https://yt3.googleusercontent.com/ZA5BWq2AUkHb5YE7G3QeWFPXCQjX6TBFB_eOlAqHoouuRQL-0HK3jtdoLx7kcrH7GGoQynScnNs=w2560-fcrop64=1,00005a57ffffa5a8-k-c0xffffffff-no-nd-rj","Welcome to the Petani Desa Mandiri Channel
We are a loyal friend to farmers and farming enthusiasts who want to expand their knowledge of the dynamic world of agriculture. Here, we bring you informative, inspiring and practical content to guide you through every aspect of farm life.

From innovative farming techniques to a guide to selecting the best seeds, we explore a variety of relevant topics to help you increase your yields and farm efficiency. This channel also provides reviews of the latest equipment, shares tips on land management, and provides the best solutions to challenges often faced by farmers.

We believe that sustainability and environmentally friendly farming practices are the key to a sustainable agricultural future. Therefore, we specifically highlight organic methods and green technologies that can improve the balance of agricultural ecosystems.","Facebook","https://www.facebook.com/PetaniDesaMandiri771","UCjQX6r71oYHPaxvHZ1clQZg","Dec 31, 2023","Indonesia","Petani Desa Mandiri","112","327807","https://www.youtube.com/channel/UCjQX6r71oYHPaxvHZ1clQZg",,,,"2","2024-03-30T13:00:20.000Z",,,"https://www.youtube.com/@PetaniDesaMandiri/shorts",,"1Kqrws7mT14",,"https://www.youtube.com/@PetaniDesaMandiri/about","false","false",,"2",,"1580","60",,,,,,,"https://i.ytimg.com/vi/1Kqrws7mT14/oar2.jpg?sqp=-oaymwEdCJUDENAFSFWQAgHyq4qpAwwIARUAAIhCcAHAAQY=&rs=AOn4CLAvSoq10RwroRETh8YnP-K44ozpPg","Peternak Sapi #peternaksapi #sapi #sapiqurban #sapikurban #peternak #sapisimental #peternakansapi","shorts","https://www.youtube.com/shorts/1Kqrws7mT14",,"719",
"@PetaniDesaMandiri","true",,,,,,,,,,,,,"UgwjEAfAbw7CmnyHUr14AaABAg.A93xuV_y4mFA94icn483gq","Total 60 kg x 4",,"10",,,,,"false",,,,,,,,,,,"https://www.youtube.com/watch?v=2JblbjjCvn4","49 minutes ago","0","UgwjEAfAbw7CmnyHUr14AaABAg",,,,"🔴 Cara Tanam Jagung Bertongkol Besar! Panduan Lengkap Buat Petani Pemula! Mulai Tanam Sampai Panen","reply",,"2JblbjjCvn4",,"0"
,,"https://yt3.googleusercontent.com/YKA8p0zEJst4vyVousz8CVTDze6m3qIlfOaBPqxnwoyv_GBEYbYxl0ZHGsqCi8NBp3Y5Wj2Nlw=s160-c-k-c0x00ffffff-no-rj","https://yt3.googleusercontent.com/ZA5BWq2AUkHb5YE7G3QeWFPXCQjX6TBFB_eOlAqHoouuRQL-0HK3jtdoLx7kcrH7GGoQynScnNs=w2560-fcrop64=1,00005a57ffffa5a8-k-c0xffffffff-no-nd-rj","Welcome to the Petani Desa Mandiri Channel
We are a loyal friend to farmers and farming enthusiasts who want to expand their knowledge of the dynamic world of agriculture. Here, we bring you informative, inspiring and practical content to guide you through every aspect of farm life.

From innovative farming techniques to a guide to selecting the best seeds, we explore a variety of relevant topics to help you increase your yields and farm efficiency. This channel also provides reviews of the latest equipment, shares tips on land management, and provides the best solutions to challenges often faced by farmers.

We believe that sustainability and environmentally friendly farming practices are the key to a sustainable agricultural future. Therefore, we specifically highlight organic methods and green technologies that can improve the balance of agricultural ecosystems.","Facebook","https://www.facebook.com/PetaniDesaMandiri771","UCjQX6r71oYHPaxvHZ1clQZg","Dec 31, 2023","Indonesia","Petani Desa Mandiri","112","327807","https://www.youtube.com/channel/UCjQX6r71oYHPaxvHZ1clQZg",,,,"1","2024-03-26T14:32:48.000Z",,,"https://www.youtube.com/@PetaniDesaMandiri/shorts",,"okuPpbY96rI",,"https://www.youtube.com/@PetaniDesaMandiri/about","false","false",,"9",,"1580","64",,,,,,,"https://i.ytimg.com/vi/okuPpbY96rI/oar2.jpg?sqp=-oaymwEdCJUDENAFSFWQAgHyq4qpAwwIARUAAIhCcAHAAQY=&rs=AOn4CLAm9n7EeE2rCtM86FbPHDw8Mao6Xg","Uji Coba Incipio 200 SC #pertanian #petani #incipio","shorts","https://www.youtube.com/shorts/okuPpbY96rI",,"836",
,,"https://yt3.googleusercontent.com/YKA8p0zEJst4vyVousz8CVTDze6m3qIlfOaBPqxnwoyv_GBEYbYxl0ZHGsqCi8NBp3Y5Wj2Nlw=s160-c-k-c0x00ffffff-no-rj","https://yt3.googleusercontent.com/ZA5BWq2AUkHb5YE7G3QeWFPXCQjX6TBFB_eOlAqHoouuRQL-0HK3jtdoLx7kcrH7GGoQynScnNs=w2560-fcrop64=1,00005a57ffffa5a8-k-c0xffffffff-no-nd-rj","Welcome to the Petani Desa Mandiri Channel
We are a loyal friend to farmers and farming enthusiasts who want to expand their knowledge of the dynamic world of agriculture. Here, we bring you informative, inspiring and practical content to guide you through every aspect of farm life.

From innovative farming techniques to a guide to selecting the best seeds, we explore a variety of relevant topics to help you increase your yields and farm efficiency. This channel also provides reviews of the latest equipment, shares tips on land management, and provides the best solutions to challenges often faced by farmers.

We believe that sustainability and environmentally friendly farming practices are the key to a sustainable agricultural future. Therefore, we specifically highlight organic methods and green technologies that can improve the balance of agricultural ecosystems.","Facebook","https://www.facebook.com/PetaniDesaMandiri771","UCjQX6r71oYHPaxvHZ1clQZg","Dec 31, 2023","Indonesia","Petani Desa Mandiri","112","327807","https://www.youtube.com/channel/UCjQX6r71oYHPaxvHZ1clQZg",,,,"2","2024-04-02T07:30:26.000Z",,,"https://www.youtube.com/@PetaniDesaMandiri/shorts",,"tA1TRQmuAjc",,"https://www.youtube.com/@PetaniDesaMandiri/about","false","false",,"7",,"1580","57",,,,,,,"https://i.ytimg.com/vi/tA1TRQmuAjc/oar2.jpg?sqp=-oaymwEdCJUDENAFSFWQAgHyq4qpAwwIARUAAIhCcAHAAQY=&rs=AOn4CLBepx2ntE82nY4WpprhX83L7Yu77g","Cek Tanda Panah #asemaseman","shorts","https://www.youtube.com/shorts/tA1TRQmuAjc",,"828",
"@PetaniDesaMandiri","true",,,,,,,,,,,,,"Ugzm3roaJ58OAvJrNKZ4AaABAg.A92v9w03D_wA92wRzl486h","Bisa di sesuaikan dengan kondisi dan fulus pak😁,soale serba mahal pupuk",,"10",,,,,"false",,,,,,,,,,,"https://www.youtube.com/watch?v=2JblbjjCvn4","17 hours ago","0","Ugzm3roaJ58OAvJrNKZ4AaABAg",,,,"🔴 Cara Tanam Jagung Bertongkol Besar! Panduan Lengkap Buat Petani Pemula! Mulai Tanam Sampai Panen","reply",,"2JblbjjCvn4",,"0"
"@PetaniDesaMandiri","true",,,,,,,,,,,,,"Ugx0_t-EsCnNspD3k3B4AaABAg.A92pnEDiP5FA92wL2X8xhI","Sumber Kepuh bos",,"10",,,,,"false",,,,,,,,,,,"https://www.youtube.com/watch?v=2JblbjjCvn4","17 hours ago","0","Ugx0_t-EsCnNspD3k3B4AaABAg",,,,"🔴 Cara Tanam Jagung Bertongkol Besar! Panduan Lengkap Buat Petani Pemula! Mulai Tanam Sampai Panen","reply",,"2JblbjjCvn4",,"0"
"@PetaniDesaMandiri","true",,,,,,,,,,,,,"UgwCuYOrxnMi9CDnYjN4AaABAg.A90AX1rI_PEA90Imrk1OVX","😅😅😅",,"10",,,,,"false",,,,,,,,,,,"https://www.youtube.com/watch?v=2JblbjjCvn4","1 day ago","0","UgwCuYOrxnMi9CDnYjN4AaABAg",,,,"🔴 Cara Tanam Jagung Bertongkol Besar! Panduan Lengkap Buat Petani Pemula! Mulai Tanam Sampai Panen","reply",,"2JblbjjCvn4",,"0"
"@PetaniDesaMandiri","true",,,,,,,,,,,,,"Ugzk0e2R75uhagjZ_z94AaABAg.A8s3qQdkSmIA8v1QuVltqT","Dari PT Etong",,"7",,,,,"false",,,,,,,,,,,"https://www.youtube.com/watch?v=HAj9Y3QGEdE","4 days ago","0","Ugzk0e2R75uhagjZ_z94AaABAg",,,,"Paklobutrazol: Solusi untuk Tanaman Kompak dan Produktif""","reply",,"HAj9Y3QGEdE",,"0"
"@PetaniDesaMandiri","true",,,,,,,,,,,,,"UgzQGnIhEJFCNkWu3cl4AaABAg.A8s3SZCisGmA8swqhF0Zql","Siaap",,"7",,,,,"false",,,,,,,,,,,"https://www.youtube.com/watch?v=HAj9Y3QGEdE","4 days ago","0","UgzQGnIhEJFCNkWu3cl4AaABAg",,,,"Paklobutrazol: Solusi untuk Tanaman Kompak dan Produktif""","reply",,"HAj9Y3QGEdE",,"0"
,,"https://yt3.googleusercontent.com/YKA8p0zEJst4vyVousz8CVTDze6m3qIlfOaBPqxnwoyv_GBEYbYxl0ZHGsqCi8NBp3Y5Wj2Nlw=s160-c-k-c0x00ffffff-no-rj","https://yt3.googleusercontent.com/ZA5BWq2AUkHb5YE7G3QeWFPXCQjX6TBFB_eOlAqHoouuRQL-0HK3jtdoLx7kcrH7GGoQynScnNs=w2560-fcrop64=1,00005a57ffffa5a8-k-c0xffffffff-no-nd-rj","Welcome to the Petani Desa Mandiri Channel
We are a loyal friend to farmers and farming enthusiasts who want to expand their knowledge of the dynamic world of agriculture. Here, we bring you informative, inspiring and practical content to guide you through every aspect of farm life.

From innovative farming techniques to a guide to selecting the best seeds, we explore a variety of relevant topics to help you increase your yields and farm efficiency. This channel also provides reviews of the latest equipment, shares tips on land management, and provides the best solutions to challenges often faced by farmers.

We believe that sustainability and environmentally friendly farming practices are the key to a sustainable agricultural future. Therefore, we specifically highlight organic methods and green technologies that can improve the balance of agricultural ecosystems.","Facebook","https://www.facebook.com/PetaniDesaMandiri771","UCjQX6r71oYHPaxvHZ1clQZg","Dec 31, 2023","Indonesia","Petani Desa Mandiri","112","327807","https://www.youtube.com/channel/UCjQX6r71oYHPaxvHZ1clQZg",,,,"3","2024-05-12T00:00:00.000Z",,,"https://www.youtube.com/@PetaniDesaMandiri/shorts",,"lwKKM70FK7A",,"https://www.youtube.com/@PetaniDesaMandiri/about","false","false",,"86",,"1580","52",,,,,,,"https://i.ytimg.com/vi/lwKKM70FK7A/oar2.jpg?sqp=-oaymwEdCJUDENAFSFWQAgHyq4qpAwwIARUAAIhCcAHAAQY=&rs=AOn4CLBBmiMnoUaD46L2Khmb5Qkv5PNSLw","Ini namanya ❓","shorts","https://www.youtube.com/shorts/lwKKM70FK7A",,"16434",
"@PetaniDesaMandiri","true",,,,,,,,,,,,,"UgxQ27EmDzmDvgX8aNd4AaABAg.A8q_SMw82SmA8qv8ABDy3l","Lhah",,"7",,,,,"false",,,,,,,,,,,"https://www.youtube.com/watch?v=HAj9Y3QGEdE","5 days ago","0","UgxQ27EmDzmDvgX8aNd4AaABAg",,,,"Paklobutrazol: Solusi untuk Tanaman Kompak dan Produktif""","reply",,"HAj9Y3QGEdE",,"0"
,,"https://yt3.googleusercontent.com/YKA8p0zEJst4vyVousz8CVTDze6m3qIlfOaBPqxnwoyv_GBEYbYxl0ZHGsqCi8NBp3Y5Wj2Nlw=s160-c-k-c0x00ffffff-no-rj","https://yt3.googleusercontent.com/ZA5BWq2AUkHb5YE7G3QeWFPXCQjX6TBFB_eOlAqHoouuRQL-0HK3jtdoLx7kcrH7GGoQynScnNs=w2560-fcrop64=1,00005a57ffffa5a8-k-c0xffffffff-no-nd-rj","Welcome to the Petani Desa Mandiri Channel
We are a loyal friend to farmers and farming enthusiasts who want to expand their knowledge of the dynamic world of agriculture. Here, we bring you informative, inspiring and practical content to guide you through every aspect of farm life.

From innovative farming techniques to a guide to selecting the best seeds, we explore a variety of relevant topics to help you increase your yields and farm efficiency. This channel also provides reviews of the latest equipment, shares tips on land management, and provides the best solutions to challenges often faced by farmers.

We believe that sustainability and environmentally friendly farming practices are the key to a sustainable agricultural future. Therefore, we specifically highlight organic methods and green technologies that can improve the balance of agricultural ecosystems.","Facebook","https://www.facebook.com/PetaniDesaMandiri771","UCjQX6r71oYHPaxvHZ1clQZg","Dec 31, 2023","Indonesia","Petani Desa Mandiri","112","327807","https://www.youtube.com/channel/UCjQX6r71oYHPaxvHZ1clQZg",,,,"1","2024-04-23T00:00:00.000Z",,,"https://www.youtube.com/@PetaniDesaMandiri/shorts",,"o76tyotIOUA",,"https://www.youtube.com/@PetaniDesaMandiri/about","false","false",,"9",,"1580","56",,,,,,,"https://i.ytimg.com/vi/o76tyotIOUA/oar2.jpg?sqp=-oaymwEdCJUDENAFSFWQAgHyq4qpAwwIARUAAIhCcAHAAQY=&rs=AOn4CLD6VFdfvNSCKPYHmIyDL0cYJpVAIA","Info Amunisi Hari ini","shorts","https://www.youtube.com/shorts/o76tyotIOUA",,"531",
,,"https://yt3.googleusercontent.com/YKA8p0zEJst4vyVousz8CVTDze6m3qIlfOaBPqxnwoyv_GBEYbYxl0ZHGsqCi8NBp3Y5Wj2Nlw=s160-c-k-c0x00ffffff-no-rj","https://yt3.googleusercontent.com/ZA5BWq2AUkHb5YE7G3QeWFPXCQjX6TBFB_eOlAqHoouuRQL-0HK3jtdoLx7kcrH7GGoQynScnNs=w2560-fcrop64=1,00005a57ffffa5a8-k-c0xffffffff-no-nd-rj","Welcome to the Petani Desa Mandiri Channel
We are a loyal friend to farmers and farming enthusiasts who want to expand their knowledge of the dynamic world of agriculture. Here, we bring you informative, inspiring and practical content to guide you through every aspect of farm life.

From innovative farming techniques to a guide to selecting the best seeds, we explore a variety of relevant topics to help you increase your yields and farm efficiency. This channel also provides reviews of the latest equipment, shares tips on land management, and provides the best solutions to challenges often faced by farmers.

We believe that sustainability and environmentally friendly farming practices are the key to a sustainable agricultural future. Therefore, we specifically highlight organic methods and green technologies that can improve the balance of agricultural ecosystems.","Facebook","https://www.facebook.com/PetaniDesaMandiri771","UCjQX6r71oYHPaxvHZ1clQZg","Dec 31, 2023","Indonesia","Petani Desa Mandiri","112","327807","https://www.youtube.com/channel/UCjQX6r71oYHPaxvHZ1clQZg",,,,"1","2024-05-13T00:00:00.000Z",,,"https://www.youtube.com/@PetaniDesaMandiri/shorts",,"ZMMnIr8SRFg",,"https://www.youtube.com/@PetaniDesaMandiri/about","false","false",,"55",,"1580","49",,,,,,,"https://i.ytimg.com/vi/ZMMnIr8SRFg/oar2.jpg?sqp=-oaymwEdCJUDENAFSFWQAgHyq4qpAwwIARUAAIhCcAHAAQY=&rs=AOn4CLD3eUWWd3L5vjE08S2AXCEDHm1DaQ","14 Mei 2024","shorts","https://www.youtube.com/shorts/ZMMnIr8SRFg",,"12883",
,,"https://yt3.googleusercontent.com/YKA8p0zEJst4vyVousz8CVTDze6m3qIlfOaBPqxnwoyv_GBEYbYxl0ZHGsqCi8NBp3Y5Wj2Nlw=s160-c-k-c0x00ffffff-no-rj","https://yt3.googleusercontent.com/ZA5BWq2AUkHb5YE7G3QeWFPXCQjX6TBFB_eOlAqHoouuRQL-0HK3jtdoLx7kcrH7GGoQynScnNs=w2560-fcrop64=1,00005a57ffffa5a8-k-c0xffffffff-no-nd-rj","Welcome to the Petani Desa Mandiri Channel
We are a loyal friend to farmers and farming enthusiasts who want to expand their knowledge of the dynamic world of agriculture. Here, we bring you informative, inspiring and practical content to guide you through every aspect of farm life.

From innovative farming techniques to a guide to selecting the best seeds, we explore a variety of relevant topics to help you increase your yields and farm efficiency. This channel also provides reviews of the latest equipment, shares tips on land management, and provides the best solutions to challenges often faced by farmers.

We believe that sustainability and environmentally friendly farming practices are the key to a sustainable agricultural future. Therefore, we specifically highlight organic methods and green technologies that can improve the balance of agricultural ecosystems.","Facebook","https://www.facebook.com/PetaniDesaMandiri771","UCjQX6r71oYHPaxvHZ1clQZg","Dec 31, 2023","Indonesia","Petani Desa Mandiri","112","327807","https://www.youtube.com/channel/UCjQX6r71oYHPaxvHZ1clQZg",,,,"0","2024-04-26T00:00:00.000Z",,,"https://www.youtube.com/@PetaniDesaMandiri/shorts",,"zVuaMKkErfo",,"https://www.youtube.com/@PetaniDesaMandiri/about","false","false",,"20",,"1580","53",,,,,,,"https://i.ytimg.com/vi/zVuaMKkErfo/oar2.jpg?sqp=-oaymwEdCJUDENAFSFWQAgHyq4qpAwwIARUAAIhCcAHAAQY=&rs=AOn4CLDOFSXBKYyXCx-b3wZNlTIV6pzkJQ","Tukulan Pari  #pertanianpadi #farming #sawah","shorts","https://www.youtube.com/shorts/zVuaMKkErfo",,"7213",
,,"https://yt3.googleusercontent.com/YKA8p0zEJst4vyVousz8CVTDze6m3qIlfOaBPqxnwoyv_GBEYbYxl0ZHGsqCi8NBp3Y5Wj2Nlw=s160-c-k-c0x00ffffff-no-rj","https://yt3.googleusercontent.com/ZA5BWq2AUkHb5YE7G3QeWFPXCQjX6TBFB_eOlAqHoouuRQL-0HK3jtdoLx7kcrH7GGoQynScnNs=w2560-fcrop64=1,00005a57ffffa5a8-k-c0xffffffff-no-nd-rj","Welcome to the Petani Desa Mandiri Channel
We are a loyal friend to farmers and farming enthusiasts who want to expand their knowledge of the dynamic world of agriculture. Here, we bring you informative, inspiring and practical content to guide you through every aspect of farm life.

From innovative farming techniques to a guide to selecting the best seeds, we explore a variety of relevant topics to help you increase your yields and farm efficiency. This channel also provides reviews of the latest equipment, shares tips on land management, and provides the best solutions to challenges often faced by farmers.

We believe that sustainability and environmentally friendly farming practices are the key to a sustainable agricultural future. Therefore, we specifically highlight organic methods and green technologies that can improve the balance of agricultural ecosystems.","Facebook","https://www.facebook.com/PetaniDesaMandiri771","UCjQX6r71oYHPaxvHZ1clQZg","Dec 31, 2023","Indonesia","Petani Desa Mandiri","112","327807","https://www.youtube.com/channel/UCjQX6r71oYHPaxvHZ1clQZg",,,,"1","2024-05-14T00:00:00.000Z",,,"https://www.youtube.com/@PetaniDesaMandiri/shorts",,"ONaJKUfTtg8",,"https://www.youtube.com/@PetaniDesaMandiri/about","false","false",,"9",,"1580","48",,,,,,,"https://i.ytimg.com/vi/ONaJKUfTtg8/oar2.jpg?sqp=-oaymwEdCJUDENAFSFWQAgHyq4qpAwwIARUAAIhCcAHAAQY=&rs=AOn4CLAGl9yLOGMj2YBnrThjWHGo8Oyzlw","15 Mei 2024","shorts","https://www.youtube.com/shorts/ONaJKUfTtg8",,"2289",
,,"https://yt3.googleusercontent.com/YKA8p0zEJst4vyVousz8CVTDze6m3qIlfOaBPqxnwoyv_GBEYbYxl0ZHGsqCi8NBp3Y5Wj2Nlw=s160-c-k-c0x00ffffff-no-rj","https://yt3.googleusercontent.com/ZA5BWq2AUkHb5YE7G3QeWFPXCQjX6TBFB_eOlAqHoouuRQL-0HK3jtdoLx7kcrH7GGoQynScnNs=w2560-fcrop64=1,00005a57ffffa5a8-k-c0xffffffff-no-nd-rj","Welcome to the Petani Desa Mandiri Channel
We are a loyal friend to farmers and farming enthusiasts who want to expand their knowledge of the dynamic world of agriculture. Here, we bring you informative, inspiring and practical content to guide you through every aspect of farm life.

From innovative farming techniques to a guide to selecting the best seeds, we explore a variety of relevant topics to help you increase your yields and farm efficiency. This channel also provides reviews of the latest equipment, shares tips on land management, and provides the best solutions to challenges often faced by farmers.

We believe that sustainability and environmentally friendly farming practices are the key to a sustainable agricultural future. Therefore, we specifically highlight organic methods and green technologies that can improve the balance of agricultural ecosystems.","Facebook","https://www.facebook.com/PetaniDesaMandiri771","UCjQX6r71oYHPaxvHZ1clQZg","Dec 31, 2023","Indonesia","Petani Desa Mandiri","112","327807","https://www.youtube.com/channel/UCjQX6r71oYHPaxvHZ1clQZg",,,,"0","2024-04-25T11:59:10.000Z",,,"https://www.youtube.com/@PetaniDesaMandiri/shorts",,"6F1SXTWjxj8",,"https://www.youtube.com/@PetaniDesaMandiri/about","false","false",,"0",,"1580","55",,,,,,,"https://i.ytimg.com/vi/6F1SXTWjxj8/oar2.jpg?sqp=-oaymwEdCJUDENAFSFWQAgHyq4qpAwwIARUAAIhCcAHAAQY=&rs=AOn4CLDag6cRvWIScYxLKeUqzcLmBtUZuA","Amunisi Sundep Dan Penyakit #padisehat","shorts","https://www.youtube.com/shorts/6F1SXTWjxj8",,"1307",
,,"https://yt3.googleusercontent.com/YKA8p0zEJst4vyVousz8CVTDze6m3qIlfOaBPqxnwoyv_GBEYbYxl0ZHGsqCi8NBp3Y5Wj2Nlw=s160-c-k-c0x00ffffff-no-rj","https://yt3.googleusercontent.com/ZA5BWq2AUkHb5YE7G3QeWFPXCQjX6TBFB_eOlAqHoouuRQL-0HK3jtdoLx7kcrH7GGoQynScnNs=w2560-fcrop64=1,00005a57ffffa5a8-k-c0xffffffff-no-nd-rj","Welcome to the Petani Desa Mandiri Channel
We are a loyal friend to farmers and farming enthusiasts who want to expand their knowledge of the dynamic world of agriculture. Here, we bring you informative, inspiring and practical content to guide you through every aspect of farm life.

From innovative farming techniques to a guide to selecting the best seeds, we explore a variety of relevant topics to help you increase your yields and farm efficiency. This channel also provides reviews of the latest equipment, shares tips on land management, and provides the best solutions to challenges often faced by farmers.

We believe that sustainability and environmentally friendly farming practices are the key to a sustainable agricultural future. Therefore, we specifically highlight organic methods and green technologies that can improve the balance of agricultural ecosystems.","Facebook","https://www.facebook.com/PetaniDesaMandiri771","UCjQX6r71oYHPaxvHZ1clQZg","Dec 31, 2023","Indonesia","Petani Desa Mandiri","112","327807","https://www.youtube.com/channel/UCjQX6r71oYHPaxvHZ1clQZg",,,,"2","2024-05-13T16:23:15.000Z",,,"https://www.youtube.com/@PetaniDesaMandiri/shorts",,"AstM14queZU",,"https://www.youtube.com/@PetaniDesaMandiri/about","false","false",,"64",,"1580","50",,,,,,,"https://i.ytimg.com/vi/AstM14queZU/oar2.jpg?sqp=-oaymwEdCJUDENAFSFWQAgHyq4qpAwwIARUAAIhCcAHAAQY=&rs=AOn4CLD2bM7pfN4G6IFOldRvnpqs0jqFzQ","Apakah kalian sudah tahu?","shorts","https://www.youtube.com/shorts/AstM14queZU",,"10532",
,,"https://yt3.googleusercontent.com/YKA8p0zEJst4vyVousz8CVTDze6m3qIlfOaBPqxnwoyv_GBEYbYxl0ZHGsqCi8NBp3Y5Wj2Nlw=s160-c-k-c0x00ffffff-no-rj","https://yt3.googleusercontent.com/ZA5BWq2AUkHb5YE7G3QeWFPXCQjX6TBFB_eOlAqHoouuRQL-0HK3jtdoLx7kcrH7GGoQynScnNs=w2560-fcrop64=1,00005a57ffffa5a8-k-c0xffffffff-no-nd-rj","Welcome to the Petani Desa Mandiri Channel
We are a loyal friend to farmers and farming enthusiasts who want to expand their knowledge of the dynamic world of agriculture. Here, we bring you informative, inspiring and practical content to guide you through every aspect of farm life.

From innovative farming techniques to a guide to selecting the best seeds, we explore a variety of relevant topics to help you increase your yields and farm efficiency. This channel also provides reviews of the latest equipment, shares tips on land management, and provides the best solutions to challenges often faced by farmers.

We believe that sustainability and environmentally friendly farming practices are the key to a sustainable agricultural future. Therefore, we specifically highlight organic methods and green technologies that can improve the balance of agricultural ecosystems.","Facebook","https://www.facebook.com/PetaniDesaMandiri771","UCjQX6r71oYHPaxvHZ1clQZg","Dec 31, 2023","Indonesia","Petani Desa Mandiri","112","327807","https://www.youtube.com/channel/UCjQX6r71oYHPaxvHZ1clQZg",,,,"0","2024-05-12T14:41:29.000Z",,,"https://www.youtube.com/@PetaniDesaMandiri/shorts",,"h9gMqhzqNIc",,"https://www.youtube.com/@PetaniDesaMandiri/about","false","false",,"11",,"1580","51",,,,,,,"https://i.ytimg.com/vi/h9gMqhzqNIc/oar2.jpg?sqp=-oaymwEdCJUDENAFSFWQAgHyq4qpAwwIARUAAIhCcAHAAQY=&rs=AOn4CLCQehx8HBMcpLm-iDmsSUCrRaMRKw","12 Mei 2024","shorts","https://www.youtube.com/shorts/h9gMqhzqNIc",,"1005",
,,"https://yt3.googleusercontent.com/YKA8p0zEJst4vyVousz8CVTDze6m3qIlfOaBPqxnwoyv_GBEYbYxl0ZHGsqCi8NBp3Y5Wj2Nlw=s160-c-k-c0x00ffffff-no-rj","https://yt3.googleusercontent.com/ZA5BWq2AUkHb5YE7G3QeWFPXCQjX6TBFB_eOlAqHoouuRQL-0HK3jtdoLx7kcrH7GGoQynScnNs=w2560-fcrop64=1,00005a57ffffa5a8-k-c0xffffffff-no-nd-rj","Welcome to the Petani Desa Mandiri Channel
We are a loyal friend to farmers and farming enthusiasts who want to expand their knowledge of the dynamic world of agriculture. Here, we bring you informative, inspiring and practical content to guide you through every aspect of farm life.

From innovative farming techniques to a guide to selecting the best seeds, we explore a variety of relevant topics to help you increase your yields and farm efficiency. This channel also provides reviews of the latest equipment, shares tips on land management, and provides the best solutions to challenges often faced by farmers.

We believe that sustainability and environmentally friendly farming practices are the key to a sustainable agricultural future. Therefore, we specifically highlight organic methods and green technologies that can improve the balance of agricultural ecosystems.","Facebook","https://www.facebook.com/PetaniDesaMandiri771","UCjQX6r71oYHPaxvHZ1clQZg","Dec 31, 2023","Indonesia","Petani Desa Mandiri","112","327807","https://www.youtube.com/channel/UCjQX6r71oYHPaxvHZ1clQZg",,,,"0","2024-04-25T12:08:56.000Z",,,"https://www.youtube.com/@PetaniDesaMandiri/shorts",,"vk-d9VmKojY",,"https://www.youtube.com/@PetaniDesaMandiri/about","false","false",,"3",,"1580","54",,,,,,,"https://i.ytimg.com/vi/vk-d9VmKojY/oar2.jpg?sqp=-oaymwEdCJUDENAFSFWQAgHyq4qpAwwIARUAAIhCcAHAAQY=&rs=AOn4CLALqOTgnfEtz7z_LNgCJp0UceOoiQ","Tanam Cabe Ya.., puanas #petanicabe","shorts","https://www.youtube.com/shorts/vk-d9VmKojY",,"945",
,,"https://yt3.googleusercontent.com/YKA8p0zEJst4vyVousz8CVTDze6m3qIlfOaBPqxnwoyv_GBEYbYxl0ZHGsqCi8NBp3Y5Wj2Nlw=s160-c-k-c0x00ffffff-no-rj","https://yt3.googleusercontent.com/ZA5BWq2AUkHb5YE7G3QeWFPXCQjX6TBFB_eOlAqHoouuRQL-0HK3jtdoLx7kcrH7GGoQynScnNs=w2560-fcrop64=1,00005a57ffffa5a8-k-c0xffffffff-no-nd-rj","Welcome to the Petani Desa Mandiri Channel
We are a loyal friend to farmers and farming enthusiasts who want to expand their knowledge of the dynamic world of agriculture. Here, we bring you informative, inspiring and practical content to guide you through every aspect of farm life.

From innovative farming techniques to a guide to selecting the best seeds, we explore a variety of relevant topics to help you increase your yields and farm efficiency. This channel also provides reviews of the latest equipment, shares tips on land management, and provides the best solutions to challenges often faced by farmers.

We believe that sustainability and environmentally friendly farming practices are the key to a sustainable agricultural future. Therefore, we specifically highlight organic methods and green technologies that can improve the balance of agricultural ecosystems.","Facebook","https://www.facebook.com/PetaniDesaMandiri771","UCjQX6r71oYHPaxvHZ1clQZg","Dec 31, 2023","Indonesia","Petani Desa Mandiri","112","327807","https://www.youtube.com/channel/UCjQX6r71oYHPaxvHZ1clQZg",,,,"1","2024-02-08T00:00:00.000Z",,,"https://www.youtube.com/@PetaniDesaMandiri/shorts",,"WnJuhM4W7UA",,"https://www.youtube.com/@PetaniDesaMandiri/about","false","false",,"11",,"1580","79",,,,,,"‪@PetaniDesaMandiri‬ ‪@PawonYoutube‬ 

insektisida wereng Traversa dan Insektisida Ulat Emarvel


#insektisida #pestisida #petaniindonesia #petanimuda #herbisida #fungisida #pertanian #pupukorganik #obatpertanian #petani #cairanantisemut #hama #pupuk #pupukpertanian #obatserangga #antiserangga #antirayap #pertanianindonesia #antisemut #tokopertanian #pupuktanaman #pupukbuah #obatsemut #obatrayap #petanimodern #homeguard #insektisidaorganik #racunhama #pupukorganikcair #antikecoak","https://i.ytimg.com/vi/WnJuhM4W7UA/oar2.jpg?sqp=-oaymwEdCJUDENAFSFWQAgHyq4qpAwwIARUAAIhCcAHAAQY=&rs=AOn4CLBAcLxwMriphD6wXdm7-4J1v889rw","Insektisida Wereng dan Ulat Penggerek  #basmihamapadi #carabertani #tanipedia #wereng","shorts","https://www.youtube.com/shorts/WnJuhM4W7UA",,"398",
,,"https://yt3.googleusercontent.com/YKA8p0zEJst4vyVousz8CVTDze6m3qIlfOaBPqxnwoyv_GBEYbYxl0ZHGsqCi8NBp3Y5Wj2Nlw=s160-c-k-c0x00ffffff-no-rj","https://yt3.googleusercontent.com/ZA5BWq2AUkHb5YE7G3QeWFPXCQjX6TBFB_eOlAqHoouuRQL-0HK3jtdoLx7kcrH7GGoQynScnNs=w2560-fcrop64=1,00005a57ffffa5a8-k-c0xffffffff-no-nd-rj","Welcome to the Petani Desa Mandiri Channel
We are a loyal friend to farmers and farming enthusiasts who want to expand their knowledge of the dynamic world of agriculture. Here, we bring you informative, inspiring and practical content to guide you through every aspect of farm life.

From innovative farming techniques to a guide to selecting the best seeds, we explore a variety of relevant topics to help you increase your yields and farm efficiency. This channel also provides reviews of the latest equipment, shares tips on land management, and provides the best solutions to challenges often faced by farmers.

We believe that sustainability and environmentally friendly farming practices are the key to a sustainable agricultural future. Therefore, we specifically highlight organic methods and green technologies that can improve the balance of agricultural ecosystems.","Facebook","https://www.facebook.com/PetaniDesaMandiri771","UCjQX6r71oYHPaxvHZ1clQZg","Dec 31, 2023","Indonesia","Petani Desa Mandiri","112","327807","https://www.youtube.com/channel/UCjQX6r71oYHPaxvHZ1clQZg",,,,"0","2024-03-18T00:00:00.000Z",,,"https://www.youtube.com/@PetaniDesaMandiri/shorts",,"b3QzI_qhBRw",,"https://www.youtube.com/@PetaniDesaMandiri/about","false","false",,"29",,"1580","73",,,,,,,"https://i.ytimg.com/vi/b3QzI_qhBRw/oardefault.jpg?sqp=-oaymwEdCJUDENAFSFWQAgHyq4qpAwwIARUAAIhCcAHAAQY=&rs=AOn4CLCapv20pkpNKvQILKzVYIU89-MiJw","Perendaman Benih Padi #pertanian #petani #agriculture #benihpadi #benihunggul #farming","shorts","https://www.youtube.com/shorts/b3QzI_qhBRw",,"6953",
,,"https://yt3.googleusercontent.com/YKA8p0zEJst4vyVousz8CVTDze6m3qIlfOaBPqxnwoyv_GBEYbYxl0ZHGsqCi8NBp3Y5Wj2Nlw=s160-c-k-c0x00ffffff-no-rj","https://yt3.googleusercontent.com/ZA5BWq2AUkHb5YE7G3QeWFPXCQjX6TBFB_eOlAqHoouuRQL-0HK3jtdoLx7kcrH7GGoQynScnNs=w2560-fcrop64=1,00005a57ffffa5a8-k-c0xffffffff-no-nd-rj","Welcome to the Petani Desa Mandiri Channel
We are a loyal friend to farmers and farming enthusiasts who want to expand their knowledge of the dynamic world of agriculture. Here, we bring you informative, inspiring and practical content to guide you through every aspect of farm life.

From innovative farming techniques to a guide to selecting the best seeds, we explore a variety of relevant topics to help you increase your yields and farm efficiency. This channel also provides reviews of the latest equipment, shares tips on land management, and provides the best solutions to challenges often faced by farmers.

We believe that sustainability and environmentally friendly farming practices are the key to a sustainable agricultural future. Therefore, we specifically highlight organic methods and green technologies that can improve the balance of agricultural ecosystems.","Facebook","https://www.facebook.com/PetaniDesaMandiri771","UCjQX6r71oYHPaxvHZ1clQZg","Dec 31, 2023","Indonesia","Petani Desa Mandiri","112","327807","https://www.youtube.com/channel/UCjQX6r71oYHPaxvHZ1clQZg",,,,"0","2024-06-08T00:00:00.000Z",,,"https://www.youtube.com/@PetaniDesaMandiri/shorts",,"TkK-QKHxxC0",,"https://www.youtube.com/@PetaniDesaMandiri/about","false","false",,"17",,"1580","39",,,,,,,"https://i.ytimg.com/vi/TkK-QKHxxC0/oar2.jpg?sqp=-oaymwEdCJUDENAFSFWQAgHyq4qpAwwIARUAAIhCcAHAAQY=&rs=AOn4CLDqcXza5cMNAqJJTj-ilAXzs8HmUQ","9 Juni 2024","shorts","https://www.youtube.com/shorts/TkK-QKHxxC0",,"3187",
,,"https://yt3.googleusercontent.com/YKA8p0zEJst4vyVousz8CVTDze6m3qIlfOaBPqxnwoyv_GBEYbYxl0ZHGsqCi8NBp3Y5Wj2Nlw=s160-c-k-c0x00ffffff-no-rj","https://yt3.googleusercontent.com/ZA5BWq2AUkHb5YE7G3QeWFPXCQjX6TBFB_eOlAqHoouuRQL-0HK3jtdoLx7kcrH7GGoQynScnNs=w2560-fcrop64=1,00005a57ffffa5a8-k-c0xffffffff-no-nd-rj","Welcome to the Petani Desa Mandiri Channel
We are a loyal friend to farmers and farming enthusiasts who want to expand their knowledge of the dynamic world of agriculture. Here, we bring you informative, inspiring and practical content to guide you through every aspect of farm life.

From innovative farming techniques to a guide to selecting the best seeds, we explore a variety of relevant topics to help you increase your yields and farm efficiency. This channel also provides reviews of the latest equipment, shares tips on land management, and provides the best solutions to challenges often faced by farmers.

We believe that sustainability and environmentally friendly farming practices are the key to a sustainable agricultural future. Therefore, we specifically highlight organic methods and green technologies that can improve the balance of agricultural ecosystems.","Facebook","https://www.facebook.com/PetaniDesaMandiri771","UCjQX6r71oYHPaxvHZ1clQZg","Dec 31, 2023","Indonesia","Petani Desa Mandiri","112","327807","https://www.youtube.com/channel/UCjQX6r71oYHPaxvHZ1clQZg",,,,"1","2024-02-10T00:21:20.000Z",,,"https://www.youtube.com/@PetaniDesaMandiri/shorts",,"cZiDh-4K7iQ",,"https://www.youtube.com/@PetaniDesaMandiri/about","false","false",,"7",,"1580","76",,,,,,,"https://i.ytimg.com/vi/cZiDh-4K7iQ/oardefault.jpg?sqp=-oaymwEdCJUDENAFSFWQAgHyq4qpAwwIARUAAIhCcAHAAQY=&rs=AOn4CLCY8PQARauUsdG6SdP3euwhAvOEnQ","Pemilu Riang Gembira #pemilu #pilkada #pilpres #politik #indonesia #jokowi #kpu #caleg #pileg","shorts","https://www.youtube.com/shorts/cZiDh-4K7iQ",,"2481",
,,"https://yt3.googleusercontent.com/YKA8p0zEJst4vyVousz8CVTDze6m3qIlfOaBPqxnwoyv_GBEYbYxl0ZHGsqCi8NBp3Y5Wj2Nlw=s160-c-k-c0x00ffffff-no-rj","https://yt3.googleusercontent.com/ZA5BWq2AUkHb5YE7G3QeWFPXCQjX6TBFB_eOlAqHoouuRQL-0HK3jtdoLx7kcrH7GGoQynScnNs=w2560-fcrop64=1,00005a57ffffa5a8-k-c0xffffffff-no-nd-rj","Welcome to the Petani Desa Mandiri Channel
We are a loyal friend to farmers and farming enthusiasts who want to expand their knowledge of the dynamic world of agriculture. Here, we bring you informative, inspiring and practical content to guide you through every aspect of farm life.

From innovative farming techniques to a guide to selecting the best seeds, we explore a variety of relevant topics to help you increase your yields and farm efficiency. This channel also provides reviews of the latest equipment, shares tips on land management, and provides the best solutions to challenges often faced by farmers.

We believe that sustainability and environmentally friendly farming practices are the key to a sustainable agricultural future. Therefore, we specifically highlight organic methods and green technologies that can improve the balance of agricultural ecosystems.","Facebook","https://www.facebook.com/PetaniDesaMandiri771","UCjQX6r71oYHPaxvHZ1clQZg","Dec 31, 2023","Indonesia","Petani Desa Mandiri","112","327807","https://www.youtube.com/channel/UCjQX6r71oYHPaxvHZ1clQZg",,,,"0","2024-03-18T06:32:50.000Z",,,"https://www.youtube.com/@PetaniDesaMandiri/shorts",,"o1TMvsRHYLQ",,"https://www.youtube.com/@PetaniDesaMandiri/about","false","false",,"0",,"1580","75",,,,,,,"https://i.ytimg.com/vi/o1TMvsRHYLQ/oar2.jpg?sqp=-oaymwEdCJUDENAFSFWQAgHyq4qpAwwIARUAAIhCcAHAAQY=&rs=AOn4CLBS9WR1GvXFgbpqyJpZqAD-33h49g","3 Cara efektif Atasi Hama Burung","shorts","https://www.youtube.com/shorts/o1TMvsRHYLQ",,"544",
,,"https://yt3.googleusercontent.com/YKA8p0zEJst4vyVousz8CVTDze6m3qIlfOaBPqxnwoyv_GBEYbYxl0ZHGsqCi8NBp3Y5Wj2Nlw=s160-c-k-c0x00ffffff-no-rj","https://yt3.googleusercontent.com/ZA5BWq2AUkHb5YE7G3QeWFPXCQjX6TBFB_eOlAqHoouuRQL-0HK3jtdoLx7kcrH7GGoQynScnNs=w2560-fcrop64=1,00005a57ffffa5a8-k-c0xffffffff-no-nd-rj","Welcome to the Petani Desa Mandiri Channel
We are a loyal friend to farmers and farming enthusiasts who want to expand their knowledge of the dynamic world of agriculture. Here, we bring you informative, inspiring and practical content to guide you through every aspect of farm life.

From innovative farming techniques to a guide to selecting the best seeds, we explore a variety of relevant topics to help you increase your yields and farm efficiency. This channel also provides reviews of the latest equipment, shares tips on land management, and provides the best solutions to challenges often faced by farmers.

We believe that sustainability and environmentally friendly farming practices are the key to a sustainable agricultural future. Therefore, we specifically highlight organic methods and green technologies that can improve the balance of agricultural ecosystems.","Facebook","https://www.facebook.com/PetaniDesaMandiri771","UCjQX6r71oYHPaxvHZ1clQZg","Dec 31, 2023","Indonesia","Petani Desa Mandiri","112","327807","https://www.youtube.com/channel/UCjQX6r71oYHPaxvHZ1clQZg",,,,"5","2024-03-18T09:18:18.000Z",,,"https://www.youtube.com/@PetaniDesaMandiri/shorts",,"JLDkMx3y3O0",,"https://www.youtube.com/@PetaniDesaMandiri/about","false","false",,"5",,"1580","74",,,,,,,"https://i.ytimg.com/vi/JLDkMx3y3O0/oar2.jpg?sqp=-oaymwEdCJUDENAFSFWQAgHyq4qpAwwIARUAAIhCcAHAAQY=&rs=AOn4CLBTuvedt08ewf-T2kWoKlE4COe-xA","Pupuk Cair Vs Pupuk Padat #petani #pupuk #pupukindonesia #pertanianindonesia #petanibawangmerah","shorts","https://www.youtube.com/shorts/JLDkMx3y3O0",,"533",
,,"https://yt3.googleusercontent.com/YKA8p0zEJst4vyVousz8CVTDze6m3qIlfOaBPqxnwoyv_GBEYbYxl0ZHGsqCi8NBp3Y5Wj2Nlw=s160-c-k-c0x00ffffff-no-rj","https://yt3.googleusercontent.com/ZA5BWq2AUkHb5YE7G3QeWFPXCQjX6TBFB_eOlAqHoouuRQL-0HK3jtdoLx7kcrH7GGoQynScnNs=w2560-fcrop64=1,00005a57ffffa5a8-k-c0xffffffff-no-nd-rj","Welcome to the Petani Desa Mandiri Channel
We are a loyal friend to farmers and farming enthusiasts who want to expand their knowledge of the dynamic world of agriculture. Here, we bring you informative, inspiring and practical content to guide you through every aspect of farm life.

From innovative farming techniques to a guide to selecting the best seeds, we explore a variety of relevant topics to help you increase your yields and farm efficiency. This channel also provides reviews of the latest equipment, shares tips on land management, and provides the best solutions to challenges often faced by farmers.

We believe that sustainability and environmentally friendly farming practices are the key to a sustainable agricultural future. Therefore, we specifically highlight organic methods and green technologies that can improve the balance of agricultural ecosystems.","Facebook","https://www.facebook.com/PetaniDesaMandiri771","UCjQX6r71oYHPaxvHZ1clQZg","Dec 31, 2023","Indonesia","Petani Desa Mandiri","112","327807","https://www.youtube.com/channel/UCjQX6r71oYHPaxvHZ1clQZg",,,,"5","2024-02-08T00:00:00.000Z",,,"https://www.youtube.com/@PetaniDesaMandiri/shorts",,"1XodijJX0zY",,"https://www.youtube.com/@PetaniDesaMandiri/about","false","false",,"57",,"1580","78",,,,,,,"https://i.ytimg.com/vi/1XodijJX0zY/oardefault.jpg?sqp=-oaymwEdCJUDENAFSFWQAgHyq4qpAwwIARUAAIhCcAHAAQY=&rs=AOn4CLBkxwQw1NJFZbDRtXLB2r5jxRDpVA","Pencegahan ASEM-ASEMan pada Tanaman Padi #basmihamapadi #menanampadi #petani #pertanian #insektisida","shorts","https://www.youtube.com/shorts/1XodijJX0zY",,"4653",
,,"https://yt3.googleusercontent.com/YKA8p0zEJst4vyVousz8CVTDze6m3qIlfOaBPqxnwoyv_GBEYbYxl0ZHGsqCi8NBp3Y5Wj2Nlw=s160-c-k-c0x00ffffff-no-rj","https://yt3.googleusercontent.com/ZA5BWq2AUkHb5YE7G3QeWFPXCQjX6TBFB_eOlAqHoouuRQL-0HK3jtdoLx7kcrH7GGoQynScnNs=w2560-fcrop64=1,00005a57ffffa5a8-k-c0xffffffff-no-nd-rj","Welcome to the Petani Desa Mandiri Channel
We are a loyal friend to farmers and farming enthusiasts who want to expand their knowledge of the dynamic world of agriculture. Here, we bring you informative, inspiring and practical content to guide you through every aspect of farm life.

From innovative farming techniques to a guide to selecting the best seeds, we explore a variety of relevant topics to help you increase your yields and farm efficiency. This channel also provides reviews of the latest equipment, shares tips on land management, and provides the best solutions to challenges often faced by farmers.

We believe that sustainability and environmentally friendly farming practices are the key to a sustainable agricultural future. Therefore, we specifically highlight organic methods and green technologies that can improve the balance of agricultural ecosystems.","Facebook","https://www.facebook.com/PetaniDesaMandiri771","UCjQX6r71oYHPaxvHZ1clQZg","Dec 31, 2023","Indonesia","Petani Desa Mandiri","112","327807","https://www.youtube.com/channel/UCjQX6r71oYHPaxvHZ1clQZg",,,,"0","2024-02-10T00:19:17.000Z",,,"https://www.youtube.com/@PetaniDesaMandiri/shorts",,"_3qWHBEheS4",,"https://www.youtube.com/@PetaniDesaMandiri/about","false","false",,"0",,"1580","77",,,,,,,"https://i.ytimg.com/vi/_3qWHBEheS4/oardefault.jpg?sqp=-oaymwEdCJUDENAFSFWQAgHyq4qpAwwIARUAAIhCcAHAAQY=&rs=AOn4CLDD3E1u1CTKvdnolaXc5qm8GIOJgw","Pilpres 2024 #pemilu #pilkada #pilpres #politik #indonesia #jokowi #kpu #caleg #pileg #indonesiamaju","shorts","https://www.youtube.com/shorts/_3qWHBEheS4",,"326",
,,"https://yt3.googleusercontent.com/YKA8p0zEJst4vyVousz8CVTDze6m3qIlfOaBPqxnwoyv_GBEYbYxl0ZHGsqCi8NBp3Y5Wj2Nlw=s160-c-k-c0x00ffffff-no-rj","https://yt3.googleusercontent.com/ZA5BWq2AUkHb5YE7G3QeWFPXCQjX6TBFB_eOlAqHoouuRQL-0HK3jtdoLx7kcrH7GGoQynScnNs=w2560-fcrop64=1,00005a57ffffa5a8-k-c0xffffffff-no-nd-rj","Welcome to the Petani Desa Mandiri Channel
We are a loyal friend to farmers and farming enthusiasts who want to expand their knowledge of the dynamic world of agriculture. Here, we bring you informative, inspiring and practical content to guide you through every aspect of farm life.

From innovative farming techniques to a guide to selecting the best seeds, we explore a variety of relevant topics to help you increase your yields and farm efficiency. This channel also provides reviews of the latest equipment, shares tips on land management, and provides the best solutions to challenges often faced by farmers.

We believe that sustainability and environmentally friendly farming practices are the key to a sustainable agricultural future. Therefore, we specifically highlight organic methods and green technologies that can improve the balance of agricultural ecosystems.","Facebook","https://www.facebook.com/PetaniDesaMandiri771","UCjQX6r71oYHPaxvHZ1clQZg","Dec 31, 2023","Indonesia","Petani Desa Mandiri","112","327807","https://www.youtube.com/channel/UCjQX6r71oYHPaxvHZ1clQZg",,,,"0","2024-07-01T14:23:32.000Z",,,"https://www.youtube.com/@PetaniDesaMandiri/shorts",,"zl5U6SDmtDM",,"https://www.youtube.com/@PetaniDesaMandiri/about","false","false",,"2",,"1580","38",,,,,,,"https://i.ytimg.com/vi/zl5U6SDmtDM/oar2.jpg?sqp=-oaymwEdCJUDENAFSFWQAgHyq4qpAwwIARUAAIhCcAHAAQY=&rs=AOn4CLAZd3MNaC_3lz4U-q0p4e3-z5ltcQ","1 Juli 2024","shorts","https://www.youtube.com/shorts/zl5U6SDmtDM",,"484",
,,"https://yt3.googleusercontent.com/YKA8p0zEJst4vyVousz8CVTDze6m3qIlfOaBPqxnwoyv_GBEYbYxl0ZHGsqCi8NBp3Y5Wj2Nlw=s160-c-k-c0x00ffffff-no-rj","https://yt3.googleusercontent.com/ZA5BWq2AUkHb5YE7G3QeWFPXCQjX6TBFB_eOlAqHoouuRQL-0HK3jtdoLx7kcrH7GGoQynScnNs=w2560-fcrop64=1,00005a57ffffa5a8-k-c0xffffffff-no-nd-rj","Welcome to the Petani Desa Mandiri Channel
We are a loyal friend to farmers and farming enthusiasts who want to expand their knowledge of the dynamic world of agriculture. Here, we bring you informative, inspiring and practical content to guide you through every aspect of farm life.

From innovative farming techniques to a guide to selecting the best seeds, we explore a variety of relevant topics to help you increase your yields and farm efficiency. This channel also provides reviews of the latest equipment, shares tips on land management, and provides the best solutions to challenges often faced by farmers.

We believe that sustainability and environmentally friendly farming practices are the key to a sustainable agricultural future. Therefore, we specifically highlight organic methods and green technologies that can improve the balance of agricultural ecosystems.","Facebook","https://www.facebook.com/PetaniDesaMandiri771","UCjQX6r71oYHPaxvHZ1clQZg","Dec 31, 2023","Indonesia","Petani Desa Mandiri","112","327807","https://www.youtube.com/channel/UCjQX6r71oYHPaxvHZ1clQZg",,,,"1","2024-06-05T00:06:42.000Z",,,"https://www.youtube.com/@PetaniDesaMandiri/shorts",,"CaxKtwOqeB0",,"https://www.youtube.com/@PetaniDesaMandiri/about","false","false",,"31",,"1580","40",,,,,,,"https://i.ytimg.com/vi/CaxKtwOqeB0/oar2.jpg?sqp=-oaymwEdCJUDENAFSFWQAgHyq4qpAwwIARUAAIhCcAHAAQY=&rs=AOn4CLAfxsiyoAE32dqqnc1GIMynQaVVrw","5 Juni 2024","shorts","https://www.youtube.com/shorts/CaxKtwOqeB0",,"10345",
,,,,,,,"UCjQX6r71oYHPaxvHZ1clQZg",,,"Petani Desa Mandiri",,,"https://www.youtube.com/@PetaniDesaMandiri",,,,"0","2024-09-19T00:00:00.000Z",,,,,"qlXtTt5Ecq4",,,,,,"1",,,,,,,,,,,"19 September 2024","shorts","https://www.youtube.com/shorts/qlXtTt5Ecq4",,"198",
,,,,,,,"UCjQX6r71oYHPaxvHZ1clQZg",,,"Petani Desa Mandiri",,,"https://www.youtube.com/@PetaniDesaMandiri",,,,"1","2024-09-20T00:00:00.000Z",,,,,"tlq-KJbO-RU",,,,,,"27",,,,,,,,,,,"21 September 2024","shorts","https://www.youtube.com/shorts/tlq-KJbO-RU",,"9231",
,,,,,,,"UCjQX6r71oYHPaxvHZ1clQZg",,,"Petani Desa Mandiri",,,"https://www.youtube.com/@PetaniDesaMandiri",,,,"0","2024-09-21T00:00:00.000Z",,,,,"JCr_OpRtIP4",,,,,,"5",,,,,,,,,,,"22 September 2024","shorts","https://www.youtube.com/shorts/JCr_OpRtIP4",,"738",
,,,,,,,"UCjQX6r71oYHPaxvHZ1clQZg",,,"Petani Desa Mandiri",,,"https://www.youtube.com/@PetaniDesaMandiri",,,,"0","2024-09-13T00:00:00.000Z",,,,,"aDQMO0DDL5g",,,,,,"36",,,,,,,,,,,"14 September 2024","shorts","https://www.youtube.com/shorts/aDQMO0DDL5g",,"9536",
,,,,,,,"UCjQX6r71oYHPaxvHZ1clQZg",,,"Petani Desa Mandiri",,,"https://www.youtube.com/@PetaniDesaMandiri",,,,"4","2024-09-25T17:05:00.000Z",,,,,"rQsBvi98fW0",,,,,,"25",,,,,,,,,,,"Yang penting dapat duit #petani #pertanian #berkebun","shorts","https://www.youtube.com/shorts/rQsBvi98fW0",,"1687",
,,,,,,,"UCjQX6r71oYHPaxvHZ1clQZg",,,"Petani Desa Mandiri",,,"https://www.youtube.com/@PetaniDesaMandiri",,,,"0","2024-09-26T07:19:54.000Z",,,,,"FrmkRpYQvZ4",,,,,,"7",,,,,,,,,,,"Tanda jagung siap Panen #sawah #perawatanjagung #jagungperkasa #pertanian","shorts","https://www.youtube.com/shorts/FrmkRpYQvZ4",,"908",
,,,,,,,"UCjQX6r71oYHPaxvHZ1clQZg",,,"Petani Desa Mandiri",,,"https://www.youtube.com/@PetaniDesaMandiri",,,,"2","2024-09-25T10:02:58.000Z",,,,,"5oa_jH8GLdY",,,,,,"8",,,,,,,,,,,"25 September 2024","shorts","https://www.youtube.com/shorts/5oa_jH8GLdY",,"983",
,,,,,,,"UCjQX6r71oYHPaxvHZ1clQZg",,,"Petani Desa Mandiri",,,"https://www.youtube.com/@PetaniDesaMandiri",,,,"3","2024-09-21T10:05:39.000Z",,,,,"qDtKeG77mVs",,,,,,"3",,,,,,,,,,,"21 September 2024","shorts","https://www.youtube.com/shorts/qDtKeG77mVs",,"457",
"@kangmuspetanimuda809","false",,,,,,,,,,,,,"UgysWGRiHLcfa9ukHyx4AaABAg","Info harga jagung pripil kering pak di daerah jawa timur brp ngih 🙏",,"5",,,,,"false",,,,,,,,,,,"https://www.youtube.com/watch?v=FzEGTR5WPWA","12 days ago","2",,,,,"‼️Kapan Waktu yang Tepat untuk Merempel Daun Jagung? Usia & Ciri-Ciri yang Harus Diperhatikan","comment",,"FzEGTR5WPWA",,"0"
"@lobeltafarmCakep","false",,,,,,,,,,,,,"UgxvvHqfoKUPY9bmabB4AaABAg","Ikut membangun channel baru juga karena sold out juga😂😂😂 IZIN YA BOS,, BOLONE PAWON YOUTUBE🎉🎉🎉🎉",,"5",,,,,"false",,,,,,,,,,,"https://www.youtube.com/watch?v=FzEGTR5WPWA","13 days ago","1",,,,,"‼️Kapan Waktu yang Tepat untuk Merempel Daun Jagung? Usia & Ciri-Ciri yang Harus Diperhatikan","comment",,"FzEGTR5WPWA",,"0"
"@PetaniDesaMandiri","true",,,,,,,,,,,,,"UgysWGRiHLcfa9ukHyx4AaABAg.A8aPep7wE5vA8aZB5aPDO-","Masih 4500",,"5",,,,,"false",,,,,,,,,,,"https://www.youtube.com/watch?v=FzEGTR5WPWA","12 days ago","0","UgysWGRiHLcfa9ukHyx4AaABAg",,,,"‼️Kapan Waktu yang Tepat untuk Merempel Daun Jagung? Usia & Ciri-Ciri yang Harus Diperhatikan","reply",,"FzEGTR5WPWA",,"0"
"@kangmuspetanimuda809","false",,,,,,,,,,,,,"UgysWGRiHLcfa9ukHyx4AaABAg.A8aPep7wE5vA8cyU5CbY9L"," @PetaniDesaMandiri  makasih pak info nya 🙏",,"5",,,,,"false",,,,,,,,,,,"https://www.youtube.com/watch?v=FzEGTR5WPWA","11 days ago","0","UgysWGRiHLcfa9ukHyx4AaABAg",,,,"‼️Kapan Waktu yang Tepat untuk Merempel Daun Jagung? Usia & Ciri-Ciri yang Harus Diperhatikan","reply",,"FzEGTR5WPWA",,"0"
"@PetaniDesaMandiri","true",,,,,,,,,,,,,"UgxvvHqfoKUPY9bmabB4AaABAg.A8YWsTp92e8A8Z72XnSNXH","Waduh",,"5",,,,,"false",,,,,,,,,,,"https://www.youtube.com/watch?v=FzEGTR5WPWA","13 days ago","0","UgxvvHqfoKUPY9bmabB4AaABAg",,,,"‼️Kapan Waktu yang Tepat untuk Merempel Daun Jagung? Usia & Ciri-Ciri yang Harus Diperhatikan","reply",,"FzEGTR5WPWA",,"0"
,,,,,,,,,,"Petani Desa Mandiri",,,,,,,"1","2024-09-16T00:00:00.000Z",,,,,"q_y1yaGq7KM",,,,,,"8",,,,,,,,,"Cara Menanam Jagung
Budidaya Jagung untuk Pemula
Panen Jagung Cepat dan Mudah
Teknik Bertani Jagung yang Menguntungkan
Petani Jagung Sukses
Cara Meningkatkan Hasil Panen Jagung
Jenis Jagung yang Cocok untuk Ditanam
Tips Bertani Jagung
Jagung Hibrida vs Jagung Lokal
Proses Menanam hingga Panen Jagung

#BudidayaJagung
#TanamanJagung
#CaraMenanamJagung
#JagungSehat
#PetaniJagung
#PanenJagung
#JagungIndonesia
#PertanianJagung
#JagungOrganik
#TipsMenanamJagung",,"Usia 72 hst","shorts","https://www.youtube.com/shorts/q_y1yaGq7KM",,"3703",
,,,,,,,"UCjQX6r71oYHPaxvHZ1clQZg",,,"Petani Desa Mandiri",,,"https://www.youtube.com/@PetaniDesaMandiri",,,,"0","2024-10-01T00:00:00.000Z",,,,,"pgaM3nn8L44",,,,,,"4",,,,,,,,,,,"Kayu Mangga Keras juga #mesinkayu #mesinpopuler #mesingergajikayu","shorts","https://www.youtube.com/shorts/pgaM3nn8L44",,"259",
,,,,,,,"UCjQX6r71oYHPaxvHZ1clQZg",,,"Petani Desa Mandiri",,,"https://www.youtube.com/@PetaniDesaMandiri",,,,"0","2024-10-01T00:00:00.000Z",,,,,"4q3-jf1eS10",,,,,,"0",,,,,,,,,,,"Fokus ke gergajinya #gergajiserkelpiringan #gergaji_mesin_indonesia #gergaji_serkel_jalan","shorts","https://www.youtube.com/shorts/4q3-jf1eS10",,"31",
,,,,,,,"UCjQX6r71oYHPaxvHZ1clQZg",,,"Petani Desa Mandiri",,,"https://www.youtube.com/@PetaniDesaMandiri",,,,"0","2024-09-20T00:00:00.000Z",,,,,"9biWdHfQ-iw",,,,,,"5",,,,,,,,,,,"Jagung Nk Perkasa #pertanian #ulatjagung #farming #agriculture #banggajadipetani","shorts","https://www.youtube.com/shorts/9biWdHfQ-iw",,"1581",
,,,,,,,"UCjQX6r71oYHPaxvHZ1clQZg",,,"Petani Desa Mandiri",,,"https://www.youtube.com/@PetaniDesaMandiri",,,,"2","2024-09-19T05:26:33.000Z",,,,,"tMx-_aFdhEY",,,,,,"25",,,,,,,,,,,"Jagung Nk Perkasa #caramenanamjagung #ulatjagung #pertanian","shorts","https://www.youtube.com/shorts/tMx-_aFdhEY",,"5598",
,,,,,,,"UCjQX6r71oYHPaxvHZ1clQZg",,,"Petani Desa Mandiri",,,"https://www.youtube.com/@PetaniDesaMandiri",,,,"0","2024-09-30T23:00:31.000Z",,,,,"Yj5mI_w4478",,,,,,"6",,,,,,,,,,,"Bacalah dirimu sendiri #motivasihidup #inspirasi #unik #katakatamotivasibelajar","shorts","https://www.youtube.com/shorts/Yj5mI_w4478",,"784",
,,,,,,,"UCjQX6r71oYHPaxvHZ1clQZg",,,"Petani Desa Mandiri",,,"https://www.youtube.com/@PetaniDesaMandiri",,,,"0","2024-09-17T16:26:27.000Z",,,,,"AbuxrzUv5iY",,,,,,"4",,,,,,,,,,,"Ini dia Jagung NK PERKASA USIA 72 HST #budidayajagung #pertanian #banggajadipetani","shorts","https://www.youtube.com/shorts/AbuxrzUv5iY",,"535",
,,,,,,,,,,"Petani Desa Mandiri",,,,,,,"0","2024-09-30T00:00:00.000Z",,,,,"aj-ztTALNq8",,,,,,"22",,,,,,,,,,,"Jangan Membenci Pemberian Alloh #katakatabijak #katabijak #motivation #shortviral #quotesislami","shorts","https://www.youtube.com/shorts/aj-ztTALNq8",,"1555",
,,,,,,,"UCjQX6r71oYHPaxvHZ1clQZg",,,"Petani Desa Mandiri",,,"https://www.youtube.com/@PetaniDesaMandiri",,,,"0","2024-10-02T05:43:52.000Z",,,,,"rEsW-rozo-A",,,,,,"7",,,,,,,,,,,"Gerjaji Mesin Agak Maksa #alatperkebunan #alatberat #sandsatisfying","shorts","https://www.youtube.com/shorts/rEsW-rozo-A",,"28",
,,,,,,,"UCjQX6r71oYHPaxvHZ1clQZg",,,"Petani Desa Mandiri",,,"https://www.youtube.com/@PetaniDesaMandiri",,,,"0","2024-09-30T06:29:11.000Z",,,,,"aFfff4mcS1g",,,,,,"7",,,,,,,,,,,"saatnya melangitkan doa #motivasi #perawatanjagung #jagungperkasa #petanipadi","shorts","https://www.youtube.com/shorts/aFfff4mcS1g",,"476",
,,,,,,,,,,"Petani Desa Mandiri",,,,,,,"0","2024-09-30T00:00:00.000Z",,,,,"PEdSn3vmzhs",,,,,,"11",,,,,,,,,,,"Jangan rubah dirimu #katamotivasibelajar #katakatamotivasibelajar #inspirasi #perawatanjagung","shorts","https://www.youtube.com/shorts/PEdSn3vmzhs",,"447",
