﻿"attachments/0/style_list/0","attachments/0/style_list/1","attachments/0/style_list/2","attachments/0/style_list/3","attachments/0/style_list/4","commentUrl","commentsCount","date","facebookId","facebookUrl","feedbackId","id","inputUrl","likesCount","pageAdLibrary/id","pageAdLibrary/is_business_page_active","pageAdLibrary/woodhenge_creator_info","postTitle","profileId","profileName","profilePicture","profileUrl","replyToCommentId","text","threadingDepth"
,,,,,"https://www.facebook.com/100001478012460/posts/8292132807512571?comment_id=1174702300502390",,"2024-09-07T03:44:15.000Z","8292132807512571","https://www.facebook.com/100001478012460/posts/8292132807512571","ZmVlZGJhY2s6ODI5MjEzMjgwNzUxMjU3MV8xMTc0NzAyMzAwNTAyMzkw","Y29tbWVudDo4MjkyMTMyODA3NTEyNTcxXzExNzQ3MDIzMDA1MDIzOTA=","https://www.facebook.com/100001478012460/posts/8292132807512571","0","113420435192600","false",,"Timun terbaru Bintang Asia PISA F1, di tanam di Musim Kemarau dan lokasi lahan Bekas tanam Cabe.
- Buah Hijau 
- Berbuah Lebat
- Toleran terhadap virus dan penyakit","pfbid0eV2taPGQeAXvzVtje5MxBKnoHSYBA2Y8f4vFGYdYGemM7KNWnrjidsFfTNLhy8RXl","Erwan Iwan","https://scontent-dfw5-1.xx.fbcdn.net/v/t39.30808-1/435256245_951897603129840_1654409144000626686_n.jpg?stp=cp0_dst-jpg_s32x32&_nc_cat=103&ccb=1-7&_nc_sid=0ecb9b&_nc_ohc=ALKAdAfcB4EQ7kNvgHYL5PS&_nc_ht=scontent-dfw5-1.xx&_nc_gid=A1HJXDKN6J5FkMkRZ1rYA5A&oh=00_AYDXSLRTXIOCbubiLPEQY51Nx4VEO0qkxWNQIXaEfjWNGA&oe=66E8186D","https://www.facebook.com/erwan.iwan.39108",,"Kalau yg merek LIBAS bagus gak bos",
"photo","fallback",,,,"https://www.facebook.com/100001478012460/posts/8292132807512571?comment_id=1009107574332556","4","2024-09-07T03:45:51.000Z","8292132807512571","https://www.facebook.com/100001478012460/posts/8292132807512571","ZmVlZGJhY2s6ODI5MjEzMjgwNzUxMjU3MV8xMDA5MTA3NTc0MzMyNTU2","Y29tbWVudDo4MjkyMTMyODA3NTEyNTcxXzEwMDkxMDc1NzQzMzI1NTY=","https://www.facebook.com/100001478012460/posts/8292132807512571","0","113420435192600","false",,"Timun terbaru Bintang Asia PISA F1, di tanam di Musim Kemarau dan lokasi lahan Bekas tanam Cabe.
- Buah Hijau 
- Berbuah Lebat
- Toleran terhadap virus dan penyakit","pfbid0eV2taPGQeAXvzVtje5MxBKnoHSYBA2Y8f4vFGYdYGemM7KNWnrjidsFfTNLhy8RXl","Erwan Iwan","https://scontent-dfw5-1.xx.fbcdn.net/v/t39.30808-1/435256245_951897603129840_1654409144000626686_n.jpg?stp=cp0_dst-jpg_s32x32&_nc_cat=103&ccb=1-7&_nc_sid=0ecb9b&_nc_ohc=ALKAdAfcB4EQ7kNvgHYL5PS&_nc_ht=scontent-dfw5-1.xx&_nc_gid=A1HJXDKN6J5FkMkRZ1rYA5A&oh=00_AYDXSLRTXIOCbubiLPEQY51Nx4VEO0qkxWNQIXaEfjWNGA&oe=66E8186D","https://www.facebook.com/erwan.iwan.39108",,"Klau yg merek in gmana bos",
,,,,,"https://www.facebook.com/100001478012460/posts/8292132807512571?comment_id=876340090608534","1","2024-09-07T00:21:49.000Z","8292132807512571","https://www.facebook.com/100001478012460/posts/8292132807512571","ZmVlZGJhY2s6ODI5MjEzMjgwNzUxMjU3MV84NzYzNDAwOTA2MDg1MzQ=","Y29tbWVudDo4MjkyMTMyODA3NTEyNTcxXzg3NjM0MDA5MDYwODUzNA==","https://www.facebook.com/100001478012460/posts/8292132807512571","0","113420435192600","false",,"Timun terbaru Bintang Asia PISA F1, di tanam di Musim Kemarau dan lokasi lahan Bekas tanam Cabe.
- Buah Hijau 
- Berbuah Lebat
- Toleran terhadap virus dan penyakit","100071052533042","Pur Abu Riziq","https://scontent-dfw5-2.xx.fbcdn.net/v/t39.30808-1/326337306_1357754875079978_8284907120903716413_n.jpg?stp=cp0_dst-jpg_s32x32&_nc_cat=100&ccb=1-7&_nc_sid=50d2ac&_nc_ohc=t4fjpqs9e6MQ7kNvgEYqiM5&_nc_ht=scontent-dfw5-2.xx&_nc_gid=A1HJXDKN6J5FkMkRZ1rYA5A&oh=00_AYD12ZFkHpvSY6dIzFut0dGyDcO_jMo02eE18Bmw8t23Fw&oe=66E82093","https://www.facebook.com/people/Pur-Abu-Riziq/100071052533042/",,"Menyala star asia boz",
"animated_image_share","image_share","share","fallback",,"https://www.facebook.com/100001478012460/posts/8292132807512571?comment_id=1202979017417646",,"2024-09-07T06:39:03.000Z","8292132807512571","https://www.facebook.com/100001478012460/posts/8292132807512571","ZmVlZGJhY2s6ODI5MjEzMjgwNzUxMjU3MV8xMjAyOTc5MDE3NDE3NjQ2","Y29tbWVudDo4MjkyMTMyODA3NTEyNTcxXzEyMDI5NzkwMTc0MTc2NDY=","https://www.facebook.com/100001478012460/posts/8292132807512571","0","113420435192600","false",,"Timun terbaru Bintang Asia PISA F1, di tanam di Musim Kemarau dan lokasi lahan Bekas tanam Cabe.
- Buah Hijau 
- Berbuah Lebat
- Toleran terhadap virus dan penyakit","100001478012460","Nasir Bintang Asia","https://scontent-ord5-1.xx.fbcdn.net/v/t39.30808-1/374566524_6652285924830609_4550832743895994737_n.jpg?stp=cp0_dst-jpg_s32x32&_nc_cat=110&ccb=1-7&_nc_sid=50d2ac&_nc_ohc=hg2UxH7HF-MQ7kNvgHmrRxy&_nc_ht=scontent-ord5-1.xx&oh=00_AYDWh0hZvwIgfrS4-jFFvV3GMahRTMFXrhMRU-trwpB48Q&oe=66E81049","https://www.facebook.com/nasir.smk2","Y29tbWVudDo4MjkyMTMyODA3NTEyNTcxXzg3NjM0MDA5MDYwODUzNA==","Pur Abu Riziq","1"
"photo","fallback",,,,"https://www.facebook.com/100001478012460/posts/8292132807512571?comment_id=505648558745332",,"2024-09-07T16:16:19.000Z","8292132807512571","https://www.facebook.com/100001478012460/posts/8292132807512571","ZmVlZGJhY2s6ODI5MjEzMjgwNzUxMjU3MV81MDU2NDg1NTg3NDUzMzI=","Y29tbWVudDo4MjkyMTMyODA3NTEyNTcxXzUwNTY0ODU1ODc0NTMzMg==","https://www.facebook.com/100001478012460/posts/8292132807512571","1","113420435192600","false",,"Timun terbaru Bintang Asia PISA F1, di tanam di Musim Kemarau dan lokasi lahan Bekas tanam Cabe.
- Buah Hijau 
- Berbuah Lebat
- Toleran terhadap virus dan penyakit","100004109346822","Anton Sulaiman Bintang Asia","https://scontent.fmvf6-1.fna.fbcdn.net/v/t39.30808-1/408038176_2702817406531878_9133290973397502973_n.jpg?stp=cp0_dst-jpg_s32x32&_nc_cat=100&ccb=1-7&_nc_sid=50d2ac&_nc_ohc=dnKUGTI9M70Q7kNvgF-Mfe3&_nc_ht=scontent.fmvf6-1.fna&oh=00_AYAZ8cwSpeSyxLe0ZwvHxghmrnNHBEQCzXgF7ZjMpqpb-Q&oe=66E825C3","https://www.facebook.com/antonsulaiman95","Y29tbWVudDo4MjkyMTMyODA3NTEyNTcxXzEwMDkxMDc1NzQzMzI1NTY=",,"2"
"photo","fallback",,,,"https://www.facebook.com/100001478012460/posts/8292132807512571?comment_id=954908666651392",,"2024-09-07T16:14:58.000Z","8292132807512571","https://www.facebook.com/100001478012460/posts/8292132807512571","ZmVlZGJhY2s6ODI5MjEzMjgwNzUxMjU3MV85NTQ5MDg2NjY2NTEzOTI=","Y29tbWVudDo4MjkyMTMyODA3NTEyNTcxXzk1NDkwODY2NjY1MTM5Mg==","https://www.facebook.com/100001478012460/posts/8292132807512571","1","113420435192600","false",,"Timun terbaru Bintang Asia PISA F1, di tanam di Musim Kemarau dan lokasi lahan Bekas tanam Cabe.
- Buah Hijau 
- Berbuah Lebat
- Toleran terhadap virus dan penyakit","100004109346822","Anton Sulaiman Bintang Asia","https://scontent.fmvf6-1.fna.fbcdn.net/v/t39.30808-1/408038176_2702817406531878_9133290973397502973_n.jpg?stp=cp0_dst-jpg_s32x32&_nc_cat=100&ccb=1-7&_nc_sid=50d2ac&_nc_ohc=dnKUGTI9M70Q7kNvgF-Mfe3&_nc_ht=scontent.fmvf6-1.fna&oh=00_AYAZ8cwSpeSyxLe0ZwvHxghmrnNHBEQCzXgF7ZjMpqpb-Q&oe=66E825C3","https://www.facebook.com/antonsulaiman95","Y29tbWVudDo4MjkyMTMyODA3NTEyNTcxXzEwMDkxMDc1NzQzMzI1NTY=","Erwan Iwan","2"
,,,,,"https://www.facebook.com/100001478012460/posts/8292132807512571?comment_id=3783312098624016",,"2024-09-07T11:54:46.000Z","8292132807512571","https://www.facebook.com/100001478012460/posts/8292132807512571","ZmVlZGJhY2s6ODI5MjEzMjgwNzUxMjU3MV8zNzgzMzEyMDk4NjI0MDE2","Y29tbWVudDo4MjkyMTMyODA3NTEyNTcxXzM3ODMzMTIwOTg2MjQwMTY=","https://www.facebook.com/100001478012460/posts/8292132807512571","0","113420435192600","false",,"Timun terbaru Bintang Asia PISA F1, di tanam di Musim Kemarau dan lokasi lahan Bekas tanam Cabe.
- Buah Hijau 
- Berbuah Lebat
- Toleran terhadap virus dan penyakit","pfbid0eV2taPGQeAXvzVtje5MxBKnoHSYBA2Y8f4vFGYdYGemM7KNWnrjidsFfTNLhy8RXl","Erwan Iwan","https://scontent.fmvf6-1.fna.fbcdn.net/v/t39.30808-1/435256245_951897603129840_1654409144000626686_n.jpg?stp=cp0_dst-jpg_s32x32&_nc_cat=103&ccb=1-7&_nc_sid=0ecb9b&_nc_ohc=ALKAdAfcB4EQ7kNvgHBmiyh&_nc_ht=scontent.fmvf6-1.fna&oh=00_AYCU16yeLBcx0HUY1PkpHz6-zshNFeww_E3BqDfsF_kBWg&oe=66E8186D","https://www.facebook.com/erwan.iwan.39108","Y29tbWVudDo4MjkyMTMyODA3NTEyNTcxXzEwMDkxMDc1NzQzMzI1NTY=","Nasir Bintang Asia maksud ny ap bosku","2"
,,,,,"https://www.facebook.com/100001478012460/posts/8292132807512571?comment_id=3663301170577699","3","2024-09-07T06:38:39.000Z","8292132807512571","https://www.facebook.com/100001478012460/posts/8292132807512571","ZmVlZGJhY2s6ODI5MjEzMjgwNzUxMjU3MV8zNjYzMzAxMTcwNTc3Njk5","Y29tbWVudDo4MjkyMTMyODA3NTEyNTcxXzM2NjMzMDExNzA1Nzc2OTk=","https://www.facebook.com/100001478012460/posts/8292132807512571","0","113420435192600","false",,"Timun terbaru Bintang Asia PISA F1, di tanam di Musim Kemarau dan lokasi lahan Bekas tanam Cabe.
- Buah Hijau 
- Berbuah Lebat
- Toleran terhadap virus dan penyakit","100001478012460","Nasir Bintang Asia","https://scontent.fmvf6-1.fna.fbcdn.net/v/t39.30808-1/374566524_6652285924830609_4550832743895994737_n.jpg?stp=cp0_dst-jpg_s32x32&_nc_cat=110&ccb=1-7&_nc_sid=50d2ac&_nc_ohc=hg2UxH7HF-MQ7kNvgEC3hlA&_nc_ht=scontent.fmvf6-1.fna&oh=00_AYA9tRa3in-ok25e-ThHy8t-zuqY7QR2grI_gOCbn3ObxA&oe=66E81049","https://www.facebook.com/nasir.smk2","Y29tbWVudDo4MjkyMTMyODA3NTEyNTcxXzEwMDkxMDc1NzQzMzI1NTY=","Erwan Iwan sama bagus bos. lokasi tabam dimana?","1"
"animated_image_autoplay","animated_image_share","image_share","share","fallback","https://www.facebook.com/100001478012460/posts/8296493990409786?comment_id=1725835621289398",,"2024-09-07T09:18:22.000Z","8296493990409786","https://www.facebook.com/100001478012460/posts/8296493990409786","ZmVlZGJhY2s6ODI5NjQ5Mzk5MDQwOTc4Nl8xNzI1ODM1NjIxMjg5Mzk4","Y29tbWVudDo4Mjk2NDkzOTkwNDA5Nzg2XzE3MjU4MzU2MjEyODkzOTg=","https://www.facebook.com/100001478012460/posts/8296493990409786","1","113420435192600",,,"Semangka Seri F1 Bintang Asia colek yg punya lahan Kang Ri 
#sorotan #bintangasia #farmer #watermelon #petani #indonesia. DJ Fvnky · Suil Flute","100001478012460","Nasir Bintang Asia","https://scontent.fijd1-1.fna.fbcdn.net/v/t39.30808-1/374566524_6652285924830609_4550832743895994737_n.jpg?stp=cp0_dst-jpg_s32x32&_nc_cat=110&ccb=1-7&_nc_sid=50d2ac&_nc_ohc=hg2UxH7HF-MQ7kNvgGiHZJy&_nc_ht=scontent.fijd1-1.fna&_nc_gid=ATiw4k1SB3zrcSxeoPCSKfa&oh=00_AYCF4YhuMS1Q0DTSyb4BcU45jbe5qKsukIIg5HjaENKQWw&oe=66E81049","https://www.facebook.com/nasir.smk2",,"Renzy Bintangasia",
,,,,,"https://www.facebook.com/100001478012460/posts/8296493990409786?comment_id=806624055013426",,"2024-09-07T07:44:44.000Z","8296493990409786","https://www.facebook.com/100001478012460/posts/8296493990409786","ZmVlZGJhY2s6ODI5NjQ5Mzk5MDQwOTc4Nl84MDY2MjQwNTUwMTM0MjY=","Y29tbWVudDo4Mjk2NDkzOTkwNDA5Nzg2XzgwNjYyNDA1NTAxMzQyNg==","https://www.facebook.com/100001478012460/posts/8296493990409786","0","113420435192600",,,"Semangka Seri F1 Bintang Asia colek yg punya lahan Kang Ri 
#sorotan #bintangasia #farmer #watermelon #petani #indonesia. DJ Fvnky · Suil Flute","100007578522755","Renzy Bintangasia","https://scontent.fijd1-1.fna.fbcdn.net/v/t39.30808-1/426012403_3605728109689771_2277782955804277447_n.jpg?stp=cp0_dst-jpg_s32x32&_nc_cat=104&ccb=1-7&_nc_sid=50d2ac&_nc_ohc=M574j_z4JmsQ7kNvgGf2YW7&_nc_ht=scontent.fijd1-1.fna&_nc_gid=ATiw4k1SB3zrcSxeoPCSKfa&oh=00_AYAbAcn5sijAx_gL9cwn9W1h4ub35wfF-D3NBWz10zgJPw&oe=66E81F84","https://www.facebook.com/renzi.prayuda",,"Jauhh boss Amerika wkkwkw",
,,,,,"https://www.facebook.com/100001478012460/posts/8296493990409786?comment_id=1203888540657706",,"2024-09-09T01:44:24.000Z","8296493990409786","https://www.facebook.com/100001478012460/posts/8296493990409786","ZmVlZGJhY2s6ODI5NjQ5Mzk5MDQwOTc4Nl8xMjAzODg4NTQwNjU3NzA2","Y29tbWVudDo4Mjk2NDkzOTkwNDA5Nzg2XzEyMDM4ODg1NDA2NTc3MDY=","https://www.facebook.com/100001478012460/posts/8296493990409786","0","113420435192600",,,"Semangka Seri F1 Bintang Asia colek yg punya lahan Kang Ri 
#sorotan #bintangasia #farmer #watermelon #petani #indonesia. DJ Fvnky · Suil Flute","pfbid0S9Gdg6jW7MNVMcjgQWJKwB1QvPgcBXeYwF4qCnwt74nfFfuexMos32N9whUtDXkYl","Opeq Bintang Asia","https://scontent.fijd1-1.fna.fbcdn.net/v/t39.30808-1/440808755_122106493232287865_6230265854575499414_n.jpg?stp=cp0_dst-jpg_s32x32&_nc_cat=108&ccb=1-7&_nc_sid=0ecb9b&_nc_ohc=ULmtTw8K-M4Q7kNvgH3Hd0_&_nc_ht=scontent.fijd1-1.fna&_nc_gid=ATiw4k1SB3zrcSxeoPCSKfa&oh=00_AYCqFShU2vT1-LA6d9EG37tSwKDh3PZN7lZ-oVhc2cTeRQ&oe=66E82C6E","https://www.facebook.com/people/Opeq-Bintang-Asia/pfbid0S9Gdg6jW7MNVMcjgQWJKwB1QvPgcBXeYwF4qCnwt74nfFfuexMos32N9whUtDXkYl/",,"Semangka oval non biji.
Daging merah dan padat.
Penyerbukan mudah.
Pembesaran mudah.
Tahan layu.
Toleran kresek.",
,,,,,"https://www.facebook.com/100001478012460/posts/8308623429196842?comment_id=3897136620611844","1","2024-09-09T04:12:17.000Z","8308623429196842","https://www.facebook.com/100001478012460/posts/8308623429196842","ZmVlZGJhY2s6ODMwODYyMzQyOTE5Njg0Ml8zODk3MTM2NjIwNjExODQ0","Y29tbWVudDo4MzA4NjIzNDI5MTk2ODQyXzM4OTcxMzY2MjA2MTE4NDQ=","https://www.facebook.com/100001478012460/posts/8308623429196842","0","113420435192600",,,"Mentimun Libas F1 Bintang Asia sekali panen  1 batang bisa 10 biji. #bintangasia #petani #mentimun #farmer #indonesia. Nasir Bintang Asia · Original audio","pfbid0zWvJEZtfZvxK92dpXNW8yM19BgoJAJ2WFVUXAanr3SQQ96QuhJdpwY7zYCA1Mz96l","Rosyid Art","https://scontent-gru2-2.xx.fbcdn.net/v/t1.6435-1/131228831_105899368072683_8747835132709437671_n.jpg?stp=cp0_dst-jpg_s32x32&_nc_cat=105&ccb=1-7&_nc_sid=0ecb9b&_nc_ohc=EPwExp19AEUQ7kNvgFBt9PE&_nc_ht=scontent-gru2-2.xx&_nc_gid=AzY_JqyWxznLEixWJkaj5-x&oh=00_AYCQeBh9yTHGO2LrTWx6ED366rjG8RFaJE8TYacu3kAt_Q&oe=6709E491","https://www.facebook.com/people/Rosyid-Art/pfbid0zWvJEZtfZvxK92dpXNW8yM19BgoJAJ2WFVUXAanr3SQQ96QuhJdpwY7zYCA1Mz96l/",,"minat benih nya..",
,,,,,"https://www.facebook.com/100001478012460/posts/8308623429196842?comment_id=7630444707056786","3","2024-09-09T04:54:57.000Z","8308623429196842","https://www.facebook.com/100001478012460/posts/8308623429196842","ZmVlZGJhY2s6ODMwODYyMzQyOTE5Njg0Ml83NjMwNDQ0NzA3MDU2Nzg2","Y29tbWVudDo4MzA4NjIzNDI5MTk2ODQyXzc2MzA0NDQ3MDcwNTY3ODY=","https://www.facebook.com/100001478012460/posts/8308623429196842","0","113420435192600",,,"Mentimun Libas F1 Bintang Asia sekali panen  1 batang bisa 10 biji. #bintangasia #petani #mentimun #farmer #indonesia. Nasir Bintang Asia · Original audio","pfbid0uQCK9vH1BtNE8NuwyXAf5Umg7SwoZVzCr99YaJVG3VtCVEy793HssbMWek7w9AkZl","Dani Suhandani","https://scontent-gru1-2.xx.fbcdn.net/v/t39.30808-1/299976499_2385986761550062_562287709086795184_n.jpg?stp=cp0_dst-jpg_s32x32&_nc_cat=108&ccb=1-7&_nc_sid=0ecb9b&_nc_ohc=I0F_qV3G2wwQ7kNvgEAL7et&_nc_ht=scontent-gru1-2.xx&_nc_gid=AzY_JqyWxznLEixWJkaj5-x&oh=00_AYBjF_b8bhi6UZO7Z7rhIxH00cQuvIKCi1Eo_ZIMshkyPA&oe=66E82B9C","https://www.facebook.com/dani.suhandani.98",,"Jgn dekat"" ngeliput nya,takut kecolok buah timun nanti nya .😁🙏",
"animated_image_autoplay","animated_image_share","image_share","share","fallback","https://www.facebook.com/100001478012460/posts/8308623429196842?comment_id=1995075910926561",,"2024-09-11T23:42:10.000Z","8308623429196842","https://www.facebook.com/100001478012460/posts/8308623429196842","ZmVlZGJhY2s6ODMwODYyMzQyOTE5Njg0Ml8xOTk1MDc1OTEwOTI2NTYx","Y29tbWVudDo4MzA4NjIzNDI5MTk2ODQyXzE5OTUwNzU5MTA5MjY1NjE=","https://www.facebook.com/100001478012460/posts/8308623429196842","0","113420435192600",,,"Mentimun Libas F1 Bintang Asia sekali panen  1 batang bisa 10 biji. #bintangasia #petani #mentimun #farmer #indonesia. Nasir Bintang Asia · Original audio","100090196839657","Agus Cadra","https://scontent-gru2-1.xx.fbcdn.net/v/t39.30808-1/451001492_422995557383669_4884090611035953685_n.jpg?stp=cp0_dst-jpg_s32x32&_nc_cat=109&ccb=1-7&_nc_sid=50d2ac&_nc_ohc=9iKI7Es40BYQ7kNvgGqc3Q8&_nc_ht=scontent-gru2-1.xx&_nc_gid=AzY_JqyWxznLEixWJkaj5-x&oh=00_AYC136OHllFr17PLL2BPdS3U3hAu7NgswvIf7ldmFGwStA&oe=66E83563","https://www.facebook.com/people/Agus-Cadra/100090196839657/",,,
,,,,,"https://www.facebook.com/100001478012460/posts/8308623429196842?comment_id=500222419312094",,"2024-09-09T07:01:39.000Z","8308623429196842","https://www.facebook.com/100001478012460/posts/8308623429196842","ZmVlZGJhY2s6ODMwODYyMzQyOTE5Njg0Ml81MDAyMjI0MTkzMTIwOTQ=","Y29tbWVudDo4MzA4NjIzNDI5MTk2ODQyXzUwMDIyMjQxOTMxMjA5NA==","https://www.facebook.com/100001478012460/posts/8308623429196842","0","113420435192600",,,"Mentimun Libas F1 Bintang Asia sekali panen  1 batang bisa 10 biji. #bintangasia #petani #mentimun #farmer #indonesia. Nasir Bintang Asia · Original audio","pfbid02HAfWNm1h95y6oDtLehYGRFoQcT93ZiakMuBEJ7wakcfH8ucxv3RhQdzYQEMEDepgl","Marno Bintang Asia","https://scontent-gru2-2.xx.fbcdn.net/v/t39.30808-1/455136457_122167916780223806_7361141019333214911_n.jpg?stp=cp0_dst-jpg_s32x32&_nc_cat=106&ccb=1-7&_nc_sid=0ecb9b&_nc_ohc=_FdJpRqbyKQQ7kNvgGdEnPD&_nc_ht=scontent-gru2-2.xx&_nc_gid=AzY_JqyWxznLEixWJkaj5-x&oh=00_AYAHsl-VsYMhehGILk8XeQc4J6_jIQ0DkeBXrdDyMrCtig&oe=66E8224F","https://www.facebook.com/people/Marno-Bintang-Asia/pfbid02HAfWNm1h95y6oDtLehYGRFoQcT93ZiakMuBEJ7wakcfH8ucxv3RhQdzYQEMEDepgl/",,"Libas memang joss",
,,,,,"https://www.facebook.com/100001478012460/posts/8308623429196842?comment_id=1041900587719617","4","2024-09-09T03:58:49.000Z","8308623429196842","https://www.facebook.com/100001478012460/posts/8308623429196842","ZmVlZGJhY2s6ODMwODYyMzQyOTE5Njg0Ml8xMDQxOTAwNTg3NzE5NjE3","Y29tbWVudDo4MzA4NjIzNDI5MTk2ODQyXzEwNDE5MDA1ODc3MTk2MTc=","https://www.facebook.com/100001478012460/posts/8308623429196842","0","113420435192600",,,"Mentimun Libas F1 Bintang Asia sekali panen  1 batang bisa 10 biji. #bintangasia #petani #mentimun #farmer #indonesia. Nasir Bintang Asia · Original audio","100000029645476","Cayadi Bintang Asia","https://scontent-gru1-1.xx.fbcdn.net/v/t31.18172-1/15724565_1469077786436529_7264600135043183638_o.jpg?stp=c0.200.1200.1200a_cp0_dst-jpg_s32x32&_nc_cat=101&ccb=1-7&_nc_sid=db5862&_nc_ohc=f-uoh1KsXVQQ7kNvgF_AduQ&_nc_ht=scontent-gru1-1.xx&_nc_gid=AzY_JqyWxznLEixWJkaj5-x&oh=00_AYBYPkMgobVPzappdshr4Mzz5i6leB5-Gb5lQjFhUwDJOg&oe=6709D7BE","https://www.facebook.com/cayadi.santosa",,"Ini baru bisa meLIBAS yng lainn..",
,,,,,"https://www.facebook.com/100001478012460/posts/8308623429196842?comment_id=530431109454726","1","2024-09-09T04:04:55.000Z","8308623429196842","https://www.facebook.com/100001478012460/posts/8308623429196842","ZmVlZGJhY2s6ODMwODYyMzQyOTE5Njg0Ml81MzA0MzExMDk0NTQ3MjY=","Y29tbWVudDo4MzA4NjIzNDI5MTk2ODQyXzUzMDQzMTEwOTQ1NDcyNg==","https://www.facebook.com/100001478012460/posts/8308623429196842","0","113420435192600",,,"Mentimun Libas F1 Bintang Asia sekali panen  1 batang bisa 10 biji. #bintangasia #petani #mentimun #farmer #indonesia. Nasir Bintang Asia · Original audio","100007578522755","Renzy Bintangasia","https://scontent-gru1-1.xx.fbcdn.net/v/t39.30808-1/426012403_3605728109689771_2277782955804277447_n.jpg?stp=cp0_dst-jpg_s32x32&_nc_cat=104&ccb=1-7&_nc_sid=50d2ac&_nc_ohc=M574j_z4JmsQ7kNvgGS0eLk&_nc_ht=scontent-gru1-1.xx&_nc_gid=AzY_JqyWxznLEixWJkaj5-x&oh=00_AYAKbiIJU5Pxu0Z5eu1cwj-KneS48Y5d7WhDf5ywZt_kKQ&oe=66E81F84","https://www.facebook.com/renzi.prayuda",,"Mantapp..libasss truss boss",
,,,,,"https://www.facebook.com/100001478012460/posts/8308623429196842?comment_id=1048765219582534",,"2024-09-09T04:17:11.000Z","8308623429196842","https://www.facebook.com/100001478012460/posts/8308623429196842","ZmVlZGJhY2s6ODMwODYyMzQyOTE5Njg0Ml8xMDQ4NzY1MjE5NTgyNTM0","Y29tbWVudDo4MzA4NjIzNDI5MTk2ODQyXzEwNDg3NjUyMTk1ODI1MzQ=","https://www.facebook.com/100001478012460/posts/8308623429196842","0","113420435192600",,,"Mentimun Libas F1 Bintang Asia sekali panen  1 batang bisa 10 biji. #bintangasia #petani #mentimun #farmer #indonesia. Nasir Bintang Asia · Original audio","100001478012460","Nasir Bintang Asia","https://scontent-iad3-1.xx.fbcdn.net/v/t39.30808-1/374566524_6652285924830609_4550832743895994737_n.jpg?stp=cp0_dst-jpg_s32x32&_nc_cat=110&ccb=1-7&_nc_sid=50d2ac&_nc_ohc=hg2UxH7HF-MQ7kNvgHeajp4&_nc_ht=scontent-iad3-1.xx&oh=00_AYA9X7o0oKRJhA7fna_LouQFGmDObTOrY3jgDmRtaN_1HQ&oe=66E81049","https://www.facebook.com/nasir.smk2","Y29tbWVudDo4MzA4NjIzNDI5MTk2ODQyXzEwNDE5MDA1ODc3MTk2MTc=","Rosyid Art di toko terdekat ada pak","2"
,,,,,"https://www.facebook.com/100001478012460/posts/8308623429196842?comment_id=483308904530440",,"2024-09-09T04:15:07.000Z","8308623429196842","https://www.facebook.com/100001478012460/posts/8308623429196842","ZmVlZGJhY2s6ODMwODYyMzQyOTE5Njg0Ml80ODMzMDg5MDQ1MzA0NDA=","Y29tbWVudDo4MzA4NjIzNDI5MTk2ODQyXzQ4MzMwODkwNDUzMDQ0MA==","https://www.facebook.com/100001478012460/posts/8308623429196842","0","113420435192600",,,"Mentimun Libas F1 Bintang Asia sekali panen  1 batang bisa 10 biji. #bintangasia #petani #mentimun #farmer #indonesia. Nasir Bintang Asia · Original audio","100000029645476","Cayadi Bintang Asia","https://scontent-iad3-1.xx.fbcdn.net/v/t31.18172-1/15724565_1469077786436529_7264600135043183638_o.jpg?stp=c0.200.1200.1200a_cp0_dst-jpg_s32x32&_nc_cat=101&ccb=1-7&_nc_sid=db5862&_nc_ohc=f-uoh1KsXVQQ7kNvgFa-3tu&_nc_ht=scontent-iad3-1.xx&oh=00_AYBg1d8m-2ehFRtaOR-ffZhebYfiN5bHFGvz_zgUkQQRow&oe=6709D7BE","https://www.facebook.com/cayadi.santosa","Y29tbWVudDo4MzA4NjIzNDI5MTk2ODQyXzEwNDE5MDA1ODc3MTk2MTc=","Nasir Bintang Asia semangat...","2"
,,,,,"https://www.facebook.com/100001478012460/posts/8308623429196842?comment_id=1560426944906986",,"2024-09-09T04:13:52.000Z","8308623429196842","https://www.facebook.com/100001478012460/posts/8308623429196842","ZmVlZGJhY2s6ODMwODYyMzQyOTE5Njg0Ml8xNTYwNDI2OTQ0OTA2OTg2","Y29tbWVudDo4MzA4NjIzNDI5MTk2ODQyXzE1NjA0MjY5NDQ5MDY5ODY=","https://www.facebook.com/100001478012460/posts/8308623429196842","0","113420435192600",,,"Mentimun Libas F1 Bintang Asia sekali panen  1 batang bisa 10 biji. #bintangasia #petani #mentimun #farmer #indonesia. Nasir Bintang Asia · Original audio","pfbid0zWvJEZtfZvxK92dpXNW8yM19BgoJAJ2WFVUXAanr3SQQ96QuhJdpwY7zYCA1Mz96l","Rosyid Art","https://scontent-iad3-2.xx.fbcdn.net/v/t1.6435-1/131228831_105899368072683_8747835132709437671_n.jpg?stp=cp0_dst-jpg_s32x32&_nc_cat=105&ccb=1-7&_nc_sid=0ecb9b&_nc_ohc=EPwExp19AEUQ7kNvgHG2pPR&_nc_ht=scontent-iad3-2.xx&oh=00_AYBtSrVtAcIdzuP9sGEigstqhqifk1L6bHYlYcv_7x2f0A&oe=6709E491","https://www.facebook.com/people/Rosyid-Art/pfbid0zWvJEZtfZvxK92dpXNW8yM19BgoJAJ2WFVUXAanr3SQQ96QuhJdpwY7zYCA1Mz96l/","Y29tbWVudDo4MzA4NjIzNDI5MTk2ODQyXzEwNDE5MDA1ODc3MTk2MTc=","Nasir Bintang Asia di.mana belinya","2"
,,,,,"https://www.facebook.com/100001478012460/posts/8308623429196842?comment_id=1076259984013740","3","2024-09-09T04:09:04.000Z","8308623429196842","https://www.facebook.com/100001478012460/posts/8308623429196842","ZmVlZGJhY2s6ODMwODYyMzQyOTE5Njg0Ml8xMDc2MjU5OTg0MDEzNzQw","Y29tbWVudDo4MzA4NjIzNDI5MTk2ODQyXzEwNzYyNTk5ODQwMTM3NDA=","https://www.facebook.com/100001478012460/posts/8308623429196842","0","113420435192600",,,"Mentimun Libas F1 Bintang Asia sekali panen  1 batang bisa 10 biji. #bintangasia #petani #mentimun #farmer #indonesia. Nasir Bintang Asia · Original audio","100001478012460","Nasir Bintang Asia","https://scontent-iad3-1.xx.fbcdn.net/v/t39.30808-1/374566524_6652285924830609_4550832743895994737_n.jpg?stp=cp0_dst-jpg_s32x32&_nc_cat=110&ccb=1-7&_nc_sid=50d2ac&_nc_ohc=hg2UxH7HF-MQ7kNvgHeajp4&_nc_ht=scontent-iad3-1.xx&oh=00_AYA9X7o0oKRJhA7fna_LouQFGmDObTOrY3jgDmRtaN_1HQ&oe=66E81049","https://www.facebook.com/nasir.smk2","Y29tbWVudDo4MzA4NjIzNDI5MTk2ODQyXzEwNDE5MDA1ODc3MTk2MTc=","Cayadi Bintang Asia siap Pak cay","1"
,,,,,"https://www.facebook.com/100001478012460/posts/8308623429196842?comment_id=822576556527817",,"2024-09-09T04:08:32.000Z","8308623429196842","https://www.facebook.com/100001478012460/posts/8308623429196842","ZmVlZGJhY2s6ODMwODYyMzQyOTE5Njg0Ml84MjI1NzY1NTY1Mjc4MTc=","Y29tbWVudDo4MzA4NjIzNDI5MTk2ODQyXzgyMjU3NjU1NjUyNzgxNw==","https://www.facebook.com/100001478012460/posts/8308623429196842","0","113420435192600",,,"Mentimun Libas F1 Bintang Asia sekali panen  1 batang bisa 10 biji. #bintangasia #petani #mentimun #farmer #indonesia. Nasir Bintang Asia · Original audio","100001478012460","Nasir Bintang Asia","https://scontent-lga3-1.xx.fbcdn.net/v/t39.30808-1/374566524_6652285924830609_4550832743895994737_n.jpg?stp=cp0_dst-jpg_s32x32&_nc_cat=110&ccb=1-7&_nc_sid=50d2ac&_nc_ohc=hg2UxH7HF-MQ7kNvgHdTW5k&_nc_ht=scontent-lga3-1.xx&_nc_gid=A4BWrGB_L7nInoGTMhF-fDj&oh=00_AYACwfdPwmVr9HIzqQv4lSZzqEolVWwJn1MFaOILotJfUA&oe=66E81049","https://www.facebook.com/nasir.smk2","Y29tbWVudDo4MzA4NjIzNDI5MTk2ODQyXzUzMDQzMTEwOTQ1NDcyNg==","Renzy Bintangasia siap bos","1"
,,,,,"https://www.facebook.com/100001478012460/posts/8308623429196842?comment_id=1180597736329344",,"2024-09-09T04:13:06.000Z","8308623429196842","https://www.facebook.com/100001478012460/posts/8308623429196842","ZmVlZGJhY2s6ODMwODYyMzQyOTE5Njg0Ml8xMTgwNTk3NzM2MzI5MzQ0","Y29tbWVudDo4MzA4NjIzNDI5MTk2ODQyXzExODA1OTc3MzYzMjkzNDQ=","https://www.facebook.com/100001478012460/posts/8308623429196842","0","113420435192600",,,"Mentimun Libas F1 Bintang Asia sekali panen  1 batang bisa 10 biji. #bintangasia #petani #mentimun #farmer #indonesia. Nasir Bintang Asia · Original audio","100001478012460","Nasir Bintang Asia","https://scontent-atl3-1.xx.fbcdn.net/v/t39.30808-1/374566524_6652285924830609_4550832743895994737_n.jpg?stp=cp0_dst-jpg_s32x32&_nc_cat=110&ccb=1-7&_nc_sid=50d2ac&_nc_ohc=hg2UxH7HF-MQ7kNvgHT_IzT&_nc_ht=scontent-atl3-1.xx&_nc_gid=AUC51NdV-9aEkuyfo5IDp2M&oh=00_AYAH2h7sDa7mc3LjwurUdHqezOxZOj5B85OZuewlwnippw&oe=66E81049","https://www.facebook.com/nasir.smk2","Y29tbWVudDo4MzA4NjIzNDI5MTk2ODQyXzM4OTcxMzY2MjA2MTE4NDQ=","Rosyid Art inbox mas","1"
,,,,,"https://www.facebook.com/100001478012460/posts/8308623429196842?comment_id=1190274858970094",,"2024-09-11T00:59:43.000Z","8308623429196842","https://www.facebook.com/100001478012460/posts/8308623429196842","ZmVlZGJhY2s6ODMwODYyMzQyOTE5Njg0Ml8xMTkwMjc0ODU4OTcwMDk0","Y29tbWVudDo4MzA4NjIzNDI5MTk2ODQyXzExOTAyNzQ4NTg5NzAwOTQ=","https://www.facebook.com/100001478012460/posts/8308623429196842","0","113420435192600",,,"Mentimun Libas F1 Bintang Asia sekali panen  1 batang bisa 10 biji. #bintangasia #petani #mentimun #farmer #indonesia. Nasir Bintang Asia · Original audio","100001478012460","Nasir Bintang Asia","https://scontent-iad3-1.xx.fbcdn.net/v/t39.30808-1/374566524_6652285924830609_4550832743895994737_n.jpg?stp=cp0_dst-jpg_s32x32&_nc_cat=110&ccb=1-7&_nc_sid=50d2ac&_nc_ohc=hg2UxH7HF-MQ7kNvgG6Rq1p&_nc_ht=scontent-iad3-1.xx&_nc_gid=A7KM5aoBfKPF4hS4-PFBwag&oh=00_AYCXmx2bED2WnXvhc-WNWB5BUGDgR-lHCgZL4W23dBQb9Q&oe=66E81049","https://www.facebook.com/nasir.smk2","Y29tbWVudDo4MzA4NjIzNDI5MTk2ODQyXzc2MzA0NDQ3MDcwNTY3ODY=","Dani Suhandani mantap bng👍","2"
,,,,,"https://www.facebook.com/100001478012460/posts/8308623429196842?comment_id=1200903917842469",,"2024-09-11T00:58:59.000Z","8308623429196842","https://www.facebook.com/100001478012460/posts/8308623429196842","ZmVlZGJhY2s6ODMwODYyMzQyOTE5Njg0Ml8xMjAwOTAzOTE3ODQyNDY5","Y29tbWVudDo4MzA4NjIzNDI5MTk2ODQyXzEyMDA5MDM5MTc4NDI0Njk=","https://www.facebook.com/100001478012460/posts/8308623429196842","0","113420435192600",,,"Mentimun Libas F1 Bintang Asia sekali panen  1 batang bisa 10 biji. #bintangasia #petani #mentimun #farmer #indonesia. Nasir Bintang Asia · Original audio","pfbid0uQCK9vH1BtNE8NuwyXAf5Umg7SwoZVzCr99YaJVG3VtCVEy793HssbMWek7w9AkZl","Dani Suhandani","https://scontent-iad3-1.xx.fbcdn.net/v/t39.30808-1/299976499_2385986761550062_562287709086795184_n.jpg?stp=cp0_dst-jpg_s32x32&_nc_cat=108&ccb=1-7&_nc_sid=0ecb9b&_nc_ohc=I0F_qV3G2wwQ7kNvgHW2AA8&_nc_ht=scontent-iad3-1.xx&_nc_gid=A7KM5aoBfKPF4hS4-PFBwag&oh=00_AYD2XB-mqGpgUC7kKsGmrLcfS7xlEeRZfaOa565BXqPNPg&oe=66E82B9C","https://www.facebook.com/dani.suhandani.98","Y29tbWVudDo4MzA4NjIzNDI5MTk2ODQyXzc2MzA0NDQ3MDcwNTY3ODY=","Nasir Bintang Asia dulu pernah tanam bintang Asia yg merk Komandan,sekali petik 12 buah,tanam  400 batang dapat 2 ton 260 kilo..🙏","2"
,,,,,"https://www.facebook.com/100001478012460/posts/8308623429196842?comment_id=1738730096930519","2","2024-09-11T00:53:37.000Z","8308623429196842","https://www.facebook.com/100001478012460/posts/8308623429196842","ZmVlZGJhY2s6ODMwODYyMzQyOTE5Njg0Ml8xNzM4NzMwMDk2OTMwNTE5","Y29tbWVudDo4MzA4NjIzNDI5MTk2ODQyXzE3Mzg3MzAwOTY5MzA1MTk=","https://www.facebook.com/100001478012460/posts/8308623429196842","1","113420435192600",,,"Mentimun Libas F1 Bintang Asia sekali panen  1 batang bisa 10 biji. #bintangasia #petani #mentimun #farmer #indonesia. Nasir Bintang Asia · Original audio","100001478012460","Nasir Bintang Asia","https://scontent-iad3-1.xx.fbcdn.net/v/t39.30808-1/374566524_6652285924830609_4550832743895994737_n.jpg?stp=cp0_dst-jpg_s32x32&_nc_cat=110&ccb=1-7&_nc_sid=50d2ac&_nc_ohc=hg2UxH7HF-MQ7kNvgG6Rq1p&_nc_ht=scontent-iad3-1.xx&_nc_gid=A7KM5aoBfKPF4hS4-PFBwag&oh=00_AYCXmx2bED2WnXvhc-WNWB5BUGDgR-lHCgZL4W23dBQb9Q&oe=66E81049","https://www.facebook.com/nasir.smk2","Y29tbWVudDo4MzA4NjIzNDI5MTk2ODQyXzc2MzA0NDQ3MDcwNTY3ODY=","Dani Suhandani sa ae abangni","1"
