﻿"attachments/0/__typename","attachments/0/animated_image","attachments/0/frame_count","attachments/0/frame_rate","attachments/0/frames_per_column","attachments/0/frames_per_row","attachments/0/id","attachments/0/image/height","attachments/0/image/uri","attachments/0/image/width","attachments/0/label","attachments/0/pack/id","attachments/0/pack/name","attachments/0/sprite_image","commentUrl","commentsCount","date","facebookId","facebookUrl","feedbackId","id","inputUrl","likesCount","pageAdLibrary/id","pageAdLibrary/is_business_page_active","pageAdLibrary/woodhenge_creator_info","parentComment/author/__typename","parentComment/author/id","parentComment/author/name","parentComment/author/short_name","parentComment/id","postTitle","profileId","profileName","profilePicture","profileUrl","replyToCommentId","text","threadingDepth"
,,,,,,,,,,,,,,"https://www.facebook.com/ikhwansadid.albatsi/posts/pfbid0p7KhJez7aaGKyMYM1LozautAZW39NgaXqA4STEL7PFvEi4dfVeSmqXPxRQtNepX2l?comment_id=891218416410965",,"2024-09-24T14:38:06.000Z","8148601165247599","https://www.facebook.com/100002933885436/posts/8148601165247599","ZmVlZGJhY2s6ODE0ODYwMTE2NTI0NzU5OV84OTEyMTg0MTY0MTA5NjU=","Y29tbWVudDo4MTQ4NjAxMTY1MjQ3NTk5Xzg5MTIxODQxNjQxMDk2NQ==","https://www.facebook.com/100002933885436/posts/8148601165247599","0","357880607403962","false",,,,,,,"Hayu ahh","100000539638623","Bintang Asia Sukabumi","https://scontent-mia3-2.xx.fbcdn.net/v/t39.30808-1/441250616_8222397407788165_7579096639860588223_n.jpg?stp=cp0_dst-jpg_s32x32&_nc_cat=109&ccb=1-7&_nc_sid=50d2ac&_nc_ohc=jt02QjroaTsQ7kNvgEzp-VO&_nc_ht=scontent-mia3-2.xx&_nc_gid=A4NxUX1i4VUulgrCBpfS-vX&oh=00_AYD92oYZHmzTnsd7Zlu56jbp_v0QlfHmqnB-MvVw3enaLg&oe=66FADC36","https://www.facebook.com/indra.indica",,"Asa wawuh","0"
,,,,,,,,,,,,,,"https://www.facebook.com/ikhwansadid.albatsi/posts/pfbid0p7KhJez7aaGKyMYM1LozautAZW39NgaXqA4STEL7PFvEi4dfVeSmqXPxRQtNepX2l?comment_id=546026344753015",,"2024-09-18T00:48:35.000Z","8148601165247599","https://www.facebook.com/100002933885436/posts/8148601165247599","ZmVlZGJhY2s6ODE0ODYwMTE2NTI0NzU5OV81NDYwMjYzNDQ3NTMwMTU=","Y29tbWVudDo4MTQ4NjAxMTY1MjQ3NTk5XzU0NjAyNjM0NDc1MzAxNQ==","https://www.facebook.com/100002933885436/posts/8148601165247599","0","357880607403962","false",,,,,,,"Hayu ahh","pfbid035PEaai8pvVDnue2X3XHkrwEUUvEtgArcomaw9sijExVMgn7dtXxBDrbRinxziqQYl","Kanx Latif","https://scontent-mia3-2.xx.fbcdn.net/v/t39.30808-1/291047655_561989525645729_8793525920728120852_n.jpg?stp=c0.16.694.694a_cp0_dst-jpg_s32x32&_nc_cat=110&ccb=1-7&_nc_sid=0ecb9b&_nc_ohc=CUXb9fANl0QQ7kNvgGbaT5Q&_nc_ht=scontent-mia3-2.xx&_nc_gid=A4NxUX1i4VUulgrCBpfS-vX&oh=00_AYBqXH9FKLiCG1xOfowbLyXPCuUg7zASO4h4CaSzeOSvCw&oe=66FAD3DE","https://www.facebook.com/kanx.latif",,"Tong kanu jauhhhh ....","0"
,,,,,,,,,,,,,,"https://www.facebook.com/ikhwansadid.albatsi/posts/pfbid0p7KhJez7aaGKyMYM1LozautAZW39NgaXqA4STEL7PFvEi4dfVeSmqXPxRQtNepX2l?comment_id=1258889945465555",,"2024-09-16T13:13:29.000Z","8148601165247599","https://www.facebook.com/100002933885436/posts/8148601165247599","ZmVlZGJhY2s6ODE0ODYwMTE2NTI0NzU5OV8xMjU4ODg5OTQ1NDY1NTU1","Y29tbWVudDo4MTQ4NjAxMTY1MjQ3NTk5XzEyNTg4ODk5NDU0NjU1NTU=","https://www.facebook.com/100002933885436/posts/8148601165247599","0","357880607403962","false",,,,,,,"Hayu ahh","pfbid0w2tXK6nX2vSMgUySYGvKX53YbmZCzSfimp362ojbEmqX3bQYZyrbBJWtaQVYuqnjl","Jajang Bibit","https://scontent-mia3-2.xx.fbcdn.net/v/t1.6435-1/141043464_536450950668227_8083555535791208668_n.jpg?stp=c0.0.1511.1511a_cp0_dst-jpg_s32x32&_nc_cat=102&ccb=1-7&_nc_sid=0ecb9b&_nc_ohc=GMbXz5mR9XUQ7kNvgG9lgx_&_nc_ht=scontent-mia3-2.xx&_nc_gid=A4NxUX1i4VUulgrCBpfS-vX&oh=00_AYD6wvE2f_L3I5ACzj4ueiOUmf150hcFrE11eFBaLBfN3Q&oe=671C5523","https://www.facebook.com/jajang.bibit",,"Acara p haji","0"
,,,,,,,,,,,,,,"https://www.facebook.com/ikhwansadid.albatsi/posts/pfbid0p7KhJez7aaGKyMYM1LozautAZW39NgaXqA4STEL7PFvEi4dfVeSmqXPxRQtNepX2l?comment_id=1078369397133938",,"2024-09-17T02:07:05.000Z","8148601165247599","https://www.facebook.com/100002933885436/posts/8148601165247599","ZmVlZGJhY2s6ODE0ODYwMTE2NTI0NzU5OV8xMDc4MzY5Mzk3MTMzOTM4","Y29tbWVudDo4MTQ4NjAxMTY1MjQ3NTk5XzEwNzgzNjkzOTcxMzM5Mzg=","https://www.facebook.com/100002933885436/posts/8148601165247599","0","357880607403962","false",,,,,,,"Hayu ahh","pfbid02KGDvhoBmN72mpFoCbqiXobebRbMiyfq2SqGafvwAQoLoTLj4stSiEPcM2Tc11gosl","Nugi Nugraha","https://scontent-mia3-1.xx.fbcdn.net/v/t1.6435-1/37756847_1007663936068889_1939414245108088832_n.jpg?stp=c160.0.960.960a_cp0_dst-jpg_s32x32&_nc_cat=111&ccb=1-7&_nc_sid=e4545e&_nc_ohc=Vv-B1M38XCYQ7kNvgG7spmN&_nc_ht=scontent-mia3-1.xx&_nc_gid=A4NxUX1i4VUulgrCBpfS-vX&oh=00_AYD4FOdbJKbYwkx4D0bXavZbGl69U7axKdzMQT5RQZ5f8Q&oe=671C59FC","https://www.facebook.com/cugy.nugraha",,"Jadwalkeu","0"
,,,,,,,,,,,,,,"https://www.facebook.com/ikhwansadid.albatsi/posts/pfbid0p7KhJez7aaGKyMYM1LozautAZW39NgaXqA4STEL7PFvEi4dfVeSmqXPxRQtNepX2l?comment_id=2909374539217143",,"2024-09-16T12:52:07.000Z","8148601165247599","https://www.facebook.com/100002933885436/posts/8148601165247599","ZmVlZGJhY2s6ODE0ODYwMTE2NTI0NzU5OV8yOTA5Mzc0NTM5MjE3MTQz","Y29tbWVudDo4MTQ4NjAxMTY1MjQ3NTk5XzI5MDkzNzQ1MzkyMTcxNDM=","https://www.facebook.com/100002933885436/posts/8148601165247599","0","357880607403962","false",,,,,,,"Hayu ahh","pfbid05gGooY2tmo9giC5GcZUaxEecphnCyFQY6zS9TouqwZo3q2MSXbkBuxHwJtQ34gZEl","Asep Rochimat","https://scontent-mia3-2.xx.fbcdn.net/v/t1.6435-1/187840222_4492753694086172_9134664350025851744_n.jpg?stp=c174.0.814.814a_cp0_dst-jpg_s32x32&_nc_cat=105&ccb=1-7&_nc_sid=e4545e&_nc_ohc=ag1-ckkGshgQ7kNvgENsVk2&_nc_ht=scontent-mia3-2.xx&_nc_gid=A4NxUX1i4VUulgrCBpfS-vX&oh=00_AYCHm6A-VFcAvxhl2ti4hp-iS6MflbHwrqgm1dXUt7XKKw&oe=671C64FD","https://www.facebook.com/azheevt.leader",,"Gasss","0"
,,,,,,,,,,,,,,"https://www.facebook.com/reel/394327100131558/?comment_id=543500111370780","2","2024-09-13T14:24:41.000Z","8123798344394548","https://www.facebook.com/100002933885436/posts/8123798344394548","ZmVlZGJhY2s6ODEyMzc5ODM0NDM5NDU0OF81NDM1MDAxMTEzNzA3ODA=","Y29tbWVudDo4MTIzNzk4MzQ0Mzk0NTQ4XzU0MzUwMDExMTM3MDc4MA==","https://www.facebook.com/100002933885436/posts/8123798344394548","0","357880607403962",,,,,,,,"Tomat Natama Super f1 di Pasirwangi, Kabupaten Garut
Benih Citra Asia @sorotan #benih. Ikhwan Sadid Albatsi · Original audio","pfbid02jAePyRuZBH5CE64q17mNMQovp3m9FDm2wiGdDYUoZHcBH9wCvDVDQEKhGcX1dPn3l","Suwandi","https://scontent.fcgh7-1.fna.fbcdn.net/v/t39.30808-1/458406102_488669890787392_3402471518794044385_n.jpg?stp=cp0_dst-jpg_s32x32&_nc_cat=101&ccb=1-7&_nc_sid=0ecb9b&_nc_ohc=UZkPonXbCZ0Q7kNvgGRH28T&_nc_ht=scontent.fcgh7-1.fna&_nc_gid=Ai3RJAyJPzszcRu4TkrNiCF&oh=00_AYBUhOMb_0yVrcxtUbtSiKpozil7-Dzk-pBgR0rZEROiTQ&oe=66FABD87","https://www.facebook.com/people/Suwandi/pfbid02jAePyRuZBH5CE64q17mNMQovp3m9FDm2wiGdDYUoZHcBH9wCvDVDQEKhGcX1dPn3l/",,"Alhamdulillah, tereh panen","0"
"Sticker",,"1","83","1","1","1899714873577069","80","https://scontent.fcgh7-1.fna.fbcdn.net/v/t39.1997-6/66703306_2423898897825328_588900875968184320_n.png?stp=cp0_dst-png_s110x80&_nc_cat=1&ccb=1-7&_nc_sid=23dd7b&_nc_ohc=Pl7kTXHSgLoQ7kNvgHoRnDA&_nc_ht=scontent.fcgh7-1.fna&_nc_gid=Ai3RJAyJPzszcRu4TkrNiCF&oh=00_AYDbNLt-c17gS2KB3WO-Q9tDF7crva2tXqsRlY39vE0TzA&oe=66FAE08B","80","Illustration of a hand – palm is facing forward. The middle and pointer fingers point up to form a V with the other 3 folded under – creating a peace sign. Text reads Super Cool and the Os wrap around the raised fingers.  ","1880330882182135","La Couleur",,"https://www.facebook.com/reel/394327100131558/?comment_id=1238602320628604",,"2024-09-13T14:33:16.000Z","8123798344394548","https://www.facebook.com/100002933885436/posts/8123798344394548","ZmVlZGJhY2s6ODEyMzc5ODM0NDM5NDU0OF8xMjM4NjAyMzIwNjI4NjA0","Y29tbWVudDo4MTIzNzk4MzQ0Mzk0NTQ4XzEyMzg2MDIzMjA2Mjg2MDQ=","https://www.facebook.com/100002933885436/posts/8123798344394548","0","357880607403962",,,,,,,,"Tomat Natama Super f1 di Pasirwangi, Kabupaten Garut
Benih Citra Asia @sorotan #benih. Ikhwan Sadid Albatsi · Original audio","1828565536","Mohammad Iqbal Agustiana","https://scontent.fcgh7-1.fna.fbcdn.net/v/t1.18169-1/1468799_10203929170029473_1521419688104736133_n.jpg?stp=cp0_dst-jpg_s32x32&_nc_cat=110&ccb=1-7&_nc_sid=db5862&_nc_ohc=wg3VnX7vyxUQ7kNvgEONBXV&_nc_ht=scontent.fcgh7-1.fna&oh=00_AYAUuNuRZsDqiKtryIoAMcZTJNzlePrdyQfBSHQcf2hB_g&oe=671C82EF",,,"Natama Super F1","0"
,,,,,,,,,,,,,,"https://www.facebook.com/reel/394327100131558/?comment_id=1057113549146722","3","2024-09-13T14:16:14.000Z","8123798344394548","https://www.facebook.com/100002933885436/posts/8123798344394548","ZmVlZGJhY2s6ODEyMzc5ODM0NDM5NDU0OF8xMDU3MTEzNTQ5MTQ2NzIy","Y29tbWVudDo4MTIzNzk4MzQ0Mzk0NTQ4XzEwNTcxMTM1NDkxNDY3MjI=","https://www.facebook.com/100002933885436/posts/8123798344394548","0","357880607403962",,,,,,,,"Tomat Natama Super f1 di Pasirwangi, Kabupaten Garut
Benih Citra Asia @sorotan #benih. Ikhwan Sadid Albatsi · Original audio","100008917322278","Cello Roman's","https://scontent.fcgh7-1.fna.fbcdn.net/v/t39.30808-1/449209330_3305996489707563_7725922858670278431_n.jpg?stp=cp0_dst-jpg_s32x32&_nc_cat=105&ccb=1-7&_nc_sid=50d2ac&_nc_ohc=zrUYDa6dJ9cQ7kNvgE3qT7r&_nc_ht=scontent.fcgh7-1.fna&_nc_gid=Ai3RJAyJPzszcRu4TkrNiCF&oh=00_AYA35OvKR2TBPlASH0zllHPqCPpXkYZqLfRBmjirlqLeAg&oe=66FAB85A","https://www.facebook.com/people/Cello-Romans/100008917322278/",,"Mantap itu aa","0"
,,,,,,,,,,,,,,"https://www.facebook.com/reel/394327100131558/?comment_id=1024398126364587","1","2024-09-14T02:26:41.000Z","8123798344394548","https://www.facebook.com/100002933885436/posts/8123798344394548","ZmVlZGJhY2s6ODEyMzc5ODM0NDM5NDU0OF8xMDI0Mzk4MTI2MzY0NTg3","Y29tbWVudDo4MTIzNzk4MzQ0Mzk0NTQ4XzEwMjQzOTgxMjYzNjQ1ODc=","https://www.facebook.com/100002933885436/posts/8123798344394548","0","357880607403962",,,,,,,,"Tomat Natama Super f1 di Pasirwangi, Kabupaten Garut
Benih Citra Asia @sorotan #benih. Ikhwan Sadid Albatsi · Original audio","pfbid02WDVtUiUmh8HbUhnNeDhrxaL2MrSLApS54r52h6ktTP8T41NydwEuv2mVTQGoFbUGl","Opeq Bintang Asia","https://scontent.fcgh7-1.fna.fbcdn.net/v/t39.30808-1/440808755_122106493232287865_6230265854575499414_n.jpg?stp=cp0_dst-jpg_s32x32&_nc_cat=108&ccb=1-7&_nc_sid=0ecb9b&_nc_ohc=0244AhfVTYIQ7kNvgG90i_N&_nc_ht=scontent.fcgh7-1.fna&_nc_gid=Ai3RJAyJPzszcRu4TkrNiCF&oh=00_AYB9Ct5fy_ChajtcUBhXgPECSUTu6DXG53vOepA6jY3oEQ&oe=66FAD9AE","https://www.facebook.com/people/Opeq-Bintang-Asia/pfbid02WDVtUiUmh8HbUhnNeDhrxaL2MrSLApS54r52h6ktTP8T41NydwEuv2mVTQGoFbUGl/",,"Tomatnya lebat banget warna buahnya cantik-cantik👍","0"
,,,,,,,,,,,,,,"https://www.facebook.com/reel/394327100131558/?comment_id=873390787675292",,"2024-09-15T12:34:33.000Z","8123798344394548","https://www.facebook.com/100002933885436/posts/8123798344394548","ZmVlZGJhY2s6ODEyMzc5ODM0NDM5NDU0OF84NzMzOTA3ODc2NzUyOTI=","Y29tbWVudDo4MTIzNzk4MzQ0Mzk0NTQ4Xzg3MzM5MDc4NzY3NTI5Mg==","https://www.facebook.com/100002933885436/posts/8123798344394548","0","357880607403962",,,,,,,,"Tomat Natama Super f1 di Pasirwangi, Kabupaten Garut
Benih Citra Asia @sorotan #benih. Ikhwan Sadid Albatsi · Original audio","100007578522755","Renzy Bintangasia","https://scontent.fcgh7-1.fna.fbcdn.net/v/t39.30808-1/426012403_3605728109689771_2277782955804277447_n.jpg?stp=cp0_dst-jpg_s32x32&_nc_cat=104&ccb=1-7&_nc_sid=50d2ac&_nc_ohc=eSL7nwrCcoUQ7kNvgFSZOBJ&_nc_ht=scontent.fcgh7-1.fna&_nc_gid=Ai3RJAyJPzszcRu4TkrNiCF&oh=00_AYDx407v3jII3uCdOQ_Bxb_PnHPGTd74HlK49_nKp610FQ&oe=66FACCC4","https://www.facebook.com/renzi.prayuda",,"Mantap","0"
,,,,,,,,,,,,,,"https://www.facebook.com/reel/394327100131558/?comment_id=528992082878505","1","2024-09-14T02:33:12.000Z","8123798344394548","https://www.facebook.com/100002933885436/posts/8123798344394548","ZmVlZGJhY2s6ODEyMzc5ODM0NDM5NDU0OF81Mjg5OTIwODI4Nzg1MDU=","Y29tbWVudDo4MTIzNzk4MzQ0Mzk0NTQ4XzUyODk5MjA4Mjg3ODUwNQ==","https://www.facebook.com/100002933885436/posts/8123798344394548","0","357880607403962",,,,,,,,"Tomat Natama Super f1 di Pasirwangi, Kabupaten Garut
Benih Citra Asia @sorotan #benih. Ikhwan Sadid Albatsi · Original audio","100076287872486","Remigius Remi","https://scontent.fcgh7-1.fna.fbcdn.net/v/t39.30808-1/458192817_537039078849017_1754719346624000317_n.jpg?stp=cp0_dst-jpg_s32x32&_nc_cat=111&ccb=1-7&_nc_sid=50d2ac&_nc_ohc=rnPEOp2YdTAQ7kNvgGDrGrh&_nc_ht=scontent.fcgh7-1.fna&_nc_gid=Ai3RJAyJPzszcRu4TkrNiCF&oh=00_AYDQstfIDQV0oUY-mp3ahnfVQa_EWPLARcJ_tCRXQXGDEw&oe=66FAE724","https://www.facebook.com/people/Remigius-Remi/100076287872486/",,"Luar biasa","0"
,,,,,,,,,,,,,,"https://www.facebook.com/reel/394327100131558/?comment_id=1024398126364587&reply_comment_id=1284449896297582",,"2024-09-14T14:11:33.000Z","8123798344394548","https://www.facebook.com/100002933885436/posts/8123798344394548","ZmVlZGJhY2s6ODEyMzc5ODM0NDM5NDU0OF8xMjg0NDQ5ODk2Mjk3NTgy","Y29tbWVudDo4MTIzNzk4MzQ0Mzk0NTQ4XzEyODQ0NDk4OTYyOTc1ODI=","https://www.facebook.com/100002933885436/posts/8123798344394548","0","357880607403962",,,"User","pfbid02WDVtUiUmh8HbUhnNeDhrxaL2MrSLApS54r52h6ktTP8T41NydwEuv2mVTQGoFbUGl","Opeq Bintang Asia","Opeq","Y29tbWVudDo4MTIzNzk4MzQ0Mzk0NTQ4XzEwMjQzOTgxMjYzNjQ1ODc=","Tomat Natama Super f1 di Pasirwangi, Kabupaten Garut
Benih Citra Asia @sorotan #benih. Ikhwan Sadid Albatsi · Original audio","100002933885436","Ikhwan Sadid Albatsi","https://scontent.fbhx1-2.fna.fbcdn.net/v/t39.30808-1/352341915_966828514629183_6515656009092336600_n.jpg?stp=cp0_dst-jpg_s32x32&_nc_cat=105&ccb=1-7&_nc_sid=50d2ac&_nc_ohc=Z3KZHCA5vAoQ7kNvgFfpRzq&_nc_ht=scontent.fbhx1-2.fna&oh=00_AYAi3yAGmld_C7-vbd5dAHxBcVlEEp6FmW9ARxIqugAFAA&oe=66FAC93A","https://www.facebook.com/ikhwansadid.albatsi","Y29tbWVudDo4MTIzNzk4MzQ0Mzk0NTQ4XzEwMjQzOTgxMjYzNjQ1ODc=","Opeq Bintang Asia mantap","1"
,,,,,,,,,,,,,,"https://www.facebook.com/reel/394327100131558/?comment_id=543500111370780&reply_comment_id=2446283025563715","1","2024-09-14T01:56:45.000Z","8123798344394548","https://www.facebook.com/100002933885436/posts/8123798344394548","ZmVlZGJhY2s6ODEyMzc5ODM0NDM5NDU0OF8yNDQ2MjgzMDI1NTYzNzE1","Y29tbWVudDo4MTIzNzk4MzQ0Mzk0NTQ4XzI0NDYyODMwMjU1NjM3MTU=","https://www.facebook.com/100002933885436/posts/8123798344394548","1","357880607403962",,,"User","pfbid02jAePyRuZBH5CE64q17mNMQovp3m9FDm2wiGdDYUoZHcBH9wCvDVDQEKhGcX1dPn3l","Suwandi","Suwandi","Y29tbWVudDo4MTIzNzk4MzQ0Mzk0NTQ4XzU0MzUwMDExMTM3MDc4MA==","Tomat Natama Super f1 di Pasirwangi, Kabupaten Garut
Benih Citra Asia @sorotan #benih. Ikhwan Sadid Albatsi · Original audio","100002933885436","Ikhwan Sadid Albatsi","https://scontent.falg7-1.fna.fbcdn.net/v/t39.30808-1/352341915_966828514629183_6515656009092336600_n.jpg?stp=cp0_dst-jpg_s32x32&_nc_cat=105&ccb=1-7&_nc_sid=50d2ac&_nc_ohc=Z3KZHCA5vAoQ7kNvgFJ9ly3&_nc_ht=scontent.falg7-1.fna&_nc_gid=AfnrCAIj2hvycPeAZSYqK-5&oh=00_AYBB8-FaFpEiJLXpyZxo4845os_JFe4WSqvr7ncG4-ILYw&oe=66FAC93A","https://www.facebook.com/ikhwansadid.albatsi","Y29tbWVudDo4MTIzNzk4MzQ0Mzk0NTQ4XzU0MzUwMDExMTM3MDc4MA==","Suwandi alhamdulillah pa. Pangaosna nuju kirang mantap pa 😁","1"
,,,,,,,,,,,,,,"https://www.facebook.com/reel/394327100131558/?comment_id=543500111370780&reply_comment_id=880014983591253",,"2024-09-14T02:43:31.000Z","8123798344394548","https://www.facebook.com/100002933885436/posts/8123798344394548","ZmVlZGJhY2s6ODEyMzc5ODM0NDM5NDU0OF84ODAwMTQ5ODM1OTEyNTM=","Y29tbWVudDo4MTIzNzk4MzQ0Mzk0NTQ4Xzg4MDAxNDk4MzU5MTI1Mw==","https://www.facebook.com/100002933885436/posts/8123798344394548","1","357880607403962",,,"User","pfbid02jAePyRuZBH5CE64q17mNMQovp3m9FDm2wiGdDYUoZHcBH9wCvDVDQEKhGcX1dPn3l","Suwandi","Suwandi","Y29tbWVudDo4MTIzNzk4MzQ0Mzk0NTQ4XzU0MzUwMDExMTM3MDc4MA==","Tomat Natama Super f1 di Pasirwangi, Kabupaten Garut
Benih Citra Asia @sorotan #benih. Ikhwan Sadid Albatsi · Original audio","pfbid02jAePyRuZBH5CE64q17mNMQovp3m9FDm2wiGdDYUoZHcBH9wCvDVDQEKhGcX1dPn3l","Suwandi","https://scontent.falg6-1.fna.fbcdn.net/v/t39.30808-1/458406102_488669890787392_3402471518794044385_n.jpg?stp=cp0_dst-jpg_s32x32&_nc_cat=101&ccb=1-7&_nc_sid=0ecb9b&_nc_ohc=UZkPonXbCZ0Q7kNvgEwLZs-&_nc_ht=scontent.falg6-1.fna&_nc_gid=AfnrCAIj2hvycPeAZSYqK-5&oh=00_AYD6UUlnRrYc14otWjmRTxXwTiZCh56vdDWqFX5u5DuNNA&oe=66FABD87","https://www.facebook.com/people/Suwandi/pfbid02jAePyRuZBH5CE64q17mNMQovp3m9FDm2wiGdDYUoZHcBH9wCvDVDQEKhGcX1dPn3l/","Y29tbWVudDo4MTIzNzk4MzQ0Mzk0NTQ4XzU0MzUwMDExMTM3MDc4MA==","Ikhwan Sadid Albatsi oh kitu...nya biasa naik turun, mudah mudahan atuh pangaosna enggal naek sakumaha kahoyong🤲","2"
,,,,,,,,,,,,,,"https://www.facebook.com/reel/394327100131558/?comment_id=1057113549146722&reply_comment_id=503860249272474",,"2024-09-14T01:55:38.000Z","8123798344394548","https://www.facebook.com/100002933885436/posts/8123798344394548","ZmVlZGJhY2s6ODEyMzc5ODM0NDM5NDU0OF81MDM4NjAyNDkyNzI0NzQ=","Y29tbWVudDo4MTIzNzk4MzQ0Mzk0NTQ4XzUwMzg2MDI0OTI3MjQ3NA==","https://www.facebook.com/100002933885436/posts/8123798344394548","0","357880607403962",,,"User","100008917322278","Cello Roman's","Cello","Y29tbWVudDo4MTIzNzk4MzQ0Mzk0NTQ4XzEwNTcxMTM1NDkxNDY3MjI=","Tomat Natama Super f1 di Pasirwangi, Kabupaten Garut
Benih Citra Asia @sorotan #benih. Ikhwan Sadid Albatsi · Original audio","100002933885436","Ikhwan Sadid Albatsi","https://scontent.fvag4-1.fna.fbcdn.net/v/t39.30808-1/352341915_966828514629183_6515656009092336600_n.jpg?stp=cp0_dst-jpg_s32x32&_nc_cat=105&ccb=1-7&_nc_sid=50d2ac&_nc_ohc=Z3KZHCA5vAoQ7kNvgEGy6dV&_nc_ht=scontent.fvag4-1.fna&_nc_gid=AaFbPuJxEC-wakNRiccQ5vx&oh=00_AYDYE9X5BlazvymarFTSBZ5i5H1cZj_zfkuKQWSUkU6N2Q&oe=66FAC93A","https://www.facebook.com/ikhwansadid.albatsi","Y29tbWVudDo4MTIzNzk4MzQ0Mzk0NTQ4XzEwNTcxMTM1NDkxNDY3MjI=","Cello Roman's mantap aa bos","1"
,,,,,,,,,,,,,,"https://www.facebook.com/reel/394327100131558/?comment_id=1057113549146722&reply_comment_id=2622826464584292",,"2024-09-14T01:55:41.000Z","8123798344394548","https://www.facebook.com/100002933885436/posts/8123798344394548","ZmVlZGJhY2s6ODEyMzc5ODM0NDM5NDU0OF8yNjIyODI2NDY0NTg0Mjky","Y29tbWVudDo4MTIzNzk4MzQ0Mzk0NTQ4XzI2MjI4MjY0NjQ1ODQyOTI=","https://www.facebook.com/100002933885436/posts/8123798344394548","0","357880607403962",,,"User","100008917322278","Cello Roman's","Cello","Y29tbWVudDo4MTIzNzk4MzQ0Mzk0NTQ4XzEwNTcxMTM1NDkxNDY3MjI=","Tomat Natama Super f1 di Pasirwangi, Kabupaten Garut
Benih Citra Asia @sorotan #benih. Ikhwan Sadid Albatsi · Original audio","100002933885436","Ikhwan Sadid Albatsi","https://scontent.fvag4-1.fna.fbcdn.net/v/t39.30808-1/352341915_966828514629183_6515656009092336600_n.jpg?stp=cp0_dst-jpg_s32x32&_nc_cat=105&ccb=1-7&_nc_sid=50d2ac&_nc_ohc=Z3KZHCA5vAoQ7kNvgEGy6dV&_nc_ht=scontent.fvag4-1.fna&_nc_gid=AaFbPuJxEC-wakNRiccQ5vx&oh=00_AYDYE9X5BlazvymarFTSBZ5i5H1cZj_zfkuKQWSUkU6N2Q&oe=66FAC93A","https://www.facebook.com/ikhwansadid.albatsi","Y29tbWVudDo4MTIzNzk4MzQ0Mzk0NTQ4XzEwNTcxMTM1NDkxNDY3MjI=","🔥","1"
,,,,,,,,,,,,,,"https://www.facebook.com/reel/394327100131558/?comment_id=1057113549146722&reply_comment_id=885670310109753",,"2024-09-14T01:56:25.000Z","8123798344394548","https://www.facebook.com/100002933885436/posts/8123798344394548","ZmVlZGJhY2s6ODEyMzc5ODM0NDM5NDU0OF84ODU2NzAzMTAxMDk3NTM=","Y29tbWVudDo4MTIzNzk4MzQ0Mzk0NTQ4Xzg4NTY3MDMxMDEwOTc1Mw==","https://www.facebook.com/100002933885436/posts/8123798344394548","1","357880607403962",,,"User","100008917322278","Cello Roman's","Cello","Y29tbWVudDo4MTIzNzk4MzQ0Mzk0NTQ4XzEwNTcxMTM1NDkxNDY3MjI=","Tomat Natama Super f1 di Pasirwangi, Kabupaten Garut
Benih Citra Asia @sorotan #benih. Ikhwan Sadid Albatsi · Original audio","100002933885436","Ikhwan Sadid Albatsi","https://scontent.fvag4-1.fna.fbcdn.net/v/t39.30808-1/352341915_966828514629183_6515656009092336600_n.jpg?stp=cp0_dst-jpg_s32x32&_nc_cat=105&ccb=1-7&_nc_sid=50d2ac&_nc_ohc=Z3KZHCA5vAoQ7kNvgEGy6dV&_nc_ht=scontent.fvag4-1.fna&_nc_gid=AaFbPuJxEC-wakNRiccQ5vx&oh=00_AYDYE9X5BlazvymarFTSBZ5i5H1cZj_zfkuKQWSUkU6N2Q&oe=66FAC93A","https://www.facebook.com/ikhwansadid.albatsi","Y29tbWVudDo4MTIzNzk4MzQ0Mzk0NTQ4XzEwNTcxMTM1NDkxNDY3MjI=","Cello Roman's mantap aa bos👍","1"
,,,,,,,,,,,,,,"https://www.facebook.com/reel/394327100131558/?comment_id=528992082878505&reply_comment_id=1000457178597117",,"2024-09-14T23:15:16.000Z","8123798344394548","https://www.facebook.com/100002933885436/posts/8123798344394548","ZmVlZGJhY2s6ODEyMzc5ODM0NDM5NDU0OF8xMDAwNDU3MTc4NTk3MTE3","Y29tbWVudDo4MTIzNzk4MzQ0Mzk0NTQ4XzEwMDA0NTcxNzg1OTcxMTc=","https://www.facebook.com/100002933885436/posts/8123798344394548","0","357880607403962",,,"User","100076287872486","Remigius Remi","Remigius","Y29tbWVudDo4MTIzNzk4MzQ0Mzk0NTQ4XzUyODk5MjA4Mjg3ODUwNQ==","Tomat Natama Super f1 di Pasirwangi, Kabupaten Garut
Benih Citra Asia @sorotan #benih. Ikhwan Sadid Albatsi · Original audio","100002933885436","Ikhwan Sadid Albatsi","https://scontent.fcgh16-1.fna.fbcdn.net/v/t39.30808-1/352341915_966828514629183_6515656009092336600_n.jpg?stp=cp0_dst-jpg_s32x32&_nc_cat=105&ccb=1-7&_nc_sid=50d2ac&_nc_ohc=Z3KZHCA5vAoQ7kNvgGJvlZ6&_nc_ht=scontent.fcgh16-1.fna&_nc_gid=Au6B3FGmbycHBgCiaClSJRZ&oh=00_AYBY-g5AOs9zQfCu7V8uqEpOwyz53N3zC9lngfLKTd6K8Q&oe=66FAC93A","https://www.facebook.com/ikhwansadid.albatsi","Y29tbWVudDo4MTIzNzk4MzQ0Mzk0NTQ4XzUyODk5MjA4Mjg3ODUwNQ==","Remigius Remi 👏👏","1"
