﻿"commentUrl","commentsCount","date","facebookId","facebookUrl","feedbackId","id","inputUrl","likesCount","pageAdLibrary/id","pageAdLibrary/is_business_page_active","pageAdLibrary/woodhenge_creator_info","postTitle","profileId","profileName","profilePicture","profileUrl","redirectFromUrl","text"
"https://www.facebook.com/100001478012460/posts/8361449110580940?comment_id=848109420770575","1","2024-09-16T08:43:30.000Z","8361449110580940","https://www.facebook.com/100001478012460/posts/8361449110580940","ZmVlZGJhY2s6ODM2MTQ0OTExMDU4MDk0MF84NDgxMDk0MjA3NzA1NzU=","Y29tbWVudDo4MzYxNDQ5MTEwNTgwOTQwXzg0ODEwOTQyMDc3MDU3NQ==","https://www.facebook.com/100001478012460/posts/8361449110580940","0","113420435192600","false",,"Nasir Bintang Asia. 218 likes · 227 talking about this. Kegiatan sehari hari","100007578522755","Renzy Bintangasia","https://scontent-lhr6-2.xx.fbcdn.net/v/t39.30808-1/426012403_3605728109689771_2277782955804277447_n.jpg?stp=cp0_dst-jpg_s32x32&_nc_cat=104&ccb=1-7&_nc_sid=50d2ac&_nc_ohc=vuD6PrMQB7YQ7kNvgEwz1mX&_nc_ht=scontent-lhr6-2.xx&_nc_gid=AQrdeu_mrXVtd63uqq8ZYjL&oh=00_AYDm80-jOv4VSj0GgnWH0UsJLdkZhSWQ-HG4QcawC_9hnw&oe=66EEEF44","https://www.facebook.com/renzi.prayuda",,"Mantap"
"https://www.facebook.com/100001478012460/posts/8358966010829250?comment_id=1955961054853171","1","2024-09-16T08:11:43.000Z","8358966010829250","https://www.facebook.com/100001478012460/posts/8358966010829250","ZmVlZGJhY2s6ODM1ODk2NjAxMDgyOTI1MF8xOTU1OTYxMDU0ODUzMTcx","Y29tbWVudDo4MzU4OTY2MDEwODI5MjUwXzE5NTU5NjEwNTQ4NTMxNzE=","https://www.facebook.com/100001478012460/posts/8358966010829250","0","113420435192600",,,"Pamer semangka Danish dulu. ojo takon benihe disek. benihe sek semedi. 😭😁 #bintangasia #benihcitraasia #petani #farmer #watermelon #semangka #indonesia. Rian DTM · Jj Melody Capcu Viral","pfbid04nW8ZtFcVHFXvhBFA9RMNwEBFNGuDLw3iGhY3jKa1WbGhU59epHXoLcwniUUcMxsl","Ansari Langkat","https://scontent-man2-1.xx.fbcdn.net/v/t39.30808-1/411218220_373321135084922_8210698497754667787_n.jpg?stp=cp0_dst-jpg_s32x32&_nc_cat=107&ccb=1-7&_nc_sid=0ecb9b&_nc_ohc=VTl7oJBCrA4Q7kNvgFXAl6O&_nc_ht=scontent-man2-1.xx&_nc_gid=AjBCeCdu6x9gPdJhJ6u1FjT&oh=00_AYDk98JmKUSBS8R59j4K1x2A4uS627LQzxUcsuoSSEc4zw&oe=66EEEF7D","https://www.facebook.com/people/Ansari-Langkat/pfbid04nW8ZtFcVHFXvhBFA9RMNwEBFNGuDLw3iGhY3jKa1WbGhU59epHXoLcwniUUcMxsl/","https://www.facebook.com/100001478012460/posts/8358966010829250","Tunas airnya sebagian di buang nggak Pak 🙏"
"https://www.facebook.com/100001478012460/posts/8358966010829250?comment_id=3193105494172263","2","2024-09-16T01:53:02.000Z","8358966010829250","https://www.facebook.com/100001478012460/posts/8358966010829250","ZmVlZGJhY2s6ODM1ODk2NjAxMDgyOTI1MF8zMTkzMTA1NDk0MTcyMjYz","Y29tbWVudDo4MzU4OTY2MDEwODI5MjUwXzMxOTMxMDU0OTQxNzIyNjM=","https://www.facebook.com/100001478012460/posts/8358966010829250","0","113420435192600",,,"Pamer semangka Danish dulu. ojo takon benihe disek. benihe sek semedi. 😭😁 #bintangasia #benihcitraasia #petani #farmer #watermelon #semangka #indonesia. Rian DTM · Jj Melody Capcu Viral","100080213018701","Afri Yanto Semongko","https://scontent-man2-1.xx.fbcdn.net/v/t39.30808-1/441204666_445386238145140_8044506564243694787_n.jpg?stp=cp0_dst-jpg_s32x32&_nc_cat=108&ccb=1-7&_nc_sid=50d2ac&_nc_ohc=vACHwKncbPcQ7kNvgGTKrZd&_nc_ht=scontent-man2-1.xx&_nc_gid=AjBCeCdu6x9gPdJhJ6u1FjT&oh=00_AYDd9t_1VpjSA6TzHQsPxeED2PzkdK4JeW66kSibykKntw&oe=66EEFDBC","https://www.facebook.com/people/Afri-Yanto-Semongko/100080213018701/","https://www.facebook.com/100001478012460/posts/8358966010829250","Banyak yg menunggu bibitnya mas..."
"https://www.facebook.com/100001478012460/posts/8358966010829250?comment_id=527379436537484","1","2024-09-16T01:51:16.000Z","8358966010829250","https://www.facebook.com/100001478012460/posts/8358966010829250","ZmVlZGJhY2s6ODM1ODk2NjAxMDgyOTI1MF81MjczNzk0MzY1Mzc0ODQ=","Y29tbWVudDo4MzU4OTY2MDEwODI5MjUwXzUyNzM3OTQzNjUzNzQ4NA==","https://www.facebook.com/100001478012460/posts/8358966010829250","0","113420435192600",,,"Pamer semangka Danish dulu. ojo takon benihe disek. benihe sek semedi. 😭😁 #bintangasia #benihcitraasia #petani #farmer #watermelon #semangka #indonesia. Rian DTM · Jj Melody Capcu Viral","100071052533042","Pur Abu Riziq","https://scontent-man2-1.xx.fbcdn.net/v/t39.30808-1/326337306_1357754875079978_8284907120903716413_n.jpg?stp=cp0_dst-jpg_s32x32&_nc_cat=100&ccb=1-7&_nc_sid=50d2ac&_nc_ohc=XkhzmCVBHuwQ7kNvgEDAhDr&_nc_ht=scontent-man2-1.xx&_nc_gid=AjBCeCdu6x9gPdJhJ6u1FjT&oh=00_AYDHmALs4ciQreeV6AklNMfacSdVz-QPDlTqug6LfcNaWg&oe=66EEF053","https://www.facebook.com/people/Pur-Abu-Riziq/100071052533042/","https://www.facebook.com/100001478012460/posts/8358966010829250","Lokasi ndi boz"
"https://www.facebook.com/100001478012460/posts/8358966010829250?comment_id=384917267835586","1","2024-09-16T02:53:30.000Z","8358966010829250","https://www.facebook.com/100001478012460/posts/8358966010829250","ZmVlZGJhY2s6ODM1ODk2NjAxMDgyOTI1MF8zODQ5MTcyNjc4MzU1ODY=","Y29tbWVudDo4MzU4OTY2MDEwODI5MjUwXzM4NDkxNzI2NzgzNTU4Ng==","https://www.facebook.com/100001478012460/posts/8358966010829250","0","113420435192600",,,"Pamer semangka Danish dulu. ojo takon benihe disek. benihe sek semedi. 😭😁 #bintangasia #benihcitraasia #petani #farmer #watermelon #semangka #indonesia. Rian DTM · Jj Melody Capcu Viral","pfbid0hFnz7MiN5XKEi2X2kiiLt4Zymci2Fh7n7hpYiTkmsyukyFHAvCkJKxZZ3Lz4ow18l","Ury Rahayu Dzulfiqar","https://scontent-man2-1.xx.fbcdn.net/v/t39.30808-1/415905145_10219076061931757_7375553381642765971_n.jpg?stp=cp0_dst-jpg_s32x32&_nc_cat=111&ccb=1-7&_nc_sid=0ecb9b&_nc_ohc=ee7m6DNBVTcQ7kNvgE4KhQ8&_nc_ht=scontent-man2-1.xx&_nc_gid=AjBCeCdu6x9gPdJhJ6u1FjT&oh=00_AYCVVuNeRXHLb-OlbXNphPPccIachy4vmjxgaSJVWvFr2g&oe=66EF0D46","https://www.facebook.com/ury.rossi","https://www.facebook.com/100001478012460/posts/8358966010829250","Kebon e sopo Iki boss?"
"https://www.facebook.com/100001478012460/posts/8358966010829250?comment_id=1192413412061539","1","2024-09-16T04:03:53.000Z","8358966010829250","https://www.facebook.com/100001478012460/posts/8358966010829250","ZmVlZGJhY2s6ODM1ODk2NjAxMDgyOTI1MF8xMTkyNDEzNDEyMDYxNTM5","Y29tbWVudDo4MzU4OTY2MDEwODI5MjUwXzExOTI0MTM0MTIwNjE1Mzk=","https://www.facebook.com/100001478012460/posts/8358966010829250","0","113420435192600",,,"Pamer semangka Danish dulu. ojo takon benihe disek. benihe sek semedi. 😭😁 #bintangasia #benihcitraasia #petani #farmer #watermelon #semangka #indonesia. Rian DTM · Jj Melody Capcu Viral","100004825651478","NiZar Bintang Asia","https://scontent-man2-1.xx.fbcdn.net/v/t39.30808-1/438276089_2611594555678041_6997404202785061953_n.jpg?stp=cp0_dst-jpg_p32x32&_nc_cat=111&ccb=1-7&_nc_sid=50d2ac&_nc_ohc=HObVbuc0UlUQ7kNvgGoiV3Z&_nc_ht=scontent-man2-1.xx&_nc_gid=AjBCeCdu6x9gPdJhJ6u1FjT&oh=00_AYDHkkI882UbvSsQsGHnsFzNqnzYXFHzGiXyHtdRkR07Mw&oe=66EEE96E","https://www.facebook.com/nizar.setia.3","https://www.facebook.com/100001478012460/posts/8358966010829250","Membara bos ku"
"https://www.facebook.com/100001478012460/posts/8358966010829250?comment_id=1190568935508299","1","2024-09-16T01:35:17.000Z","8358966010829250","https://www.facebook.com/100001478012460/posts/8358966010829250","ZmVlZGJhY2s6ODM1ODk2NjAxMDgyOTI1MF8xMTkwNTY4OTM1NTA4Mjk5","Y29tbWVudDo4MzU4OTY2MDEwODI5MjUwXzExOTA1Njg5MzU1MDgyOTk=","https://www.facebook.com/100001478012460/posts/8358966010829250","0","113420435192600",,,"Pamer semangka Danish dulu. ojo takon benihe disek. benihe sek semedi. 😭😁 #bintangasia #benihcitraasia #petani #farmer #watermelon #semangka #indonesia. Rian DTM · Jj Melody Capcu Viral","100007578522755","Renzy Bintangasia","https://scontent-man2-1.xx.fbcdn.net/v/t39.30808-1/426012403_3605728109689771_2277782955804277447_n.jpg?stp=cp0_dst-jpg_s32x32&_nc_cat=104&ccb=1-7&_nc_sid=50d2ac&_nc_ohc=vuD6PrMQB7YQ7kNvgHjuEO1&_nc_ht=scontent-man2-1.xx&_nc_gid=AjBCeCdu6x9gPdJhJ6u1FjT&oh=00_AYB6h_l1HU7yFBkE8xaM-1ftEIby0QiWfYgkN-nC4Aankg&oe=66EEEF44","https://www.facebook.com/renzi.prayuda","https://www.facebook.com/100001478012460/posts/8358966010829250","Mantap ..gas ken"
"https://www.facebook.com/100001478012460/posts/8358966010829250?comment_id=3193105494172263","2","2024-09-16T01:53:02.000Z","8358966010829250","https://www.facebook.com/100001478012460/posts/8358966010829250","ZmVlZGJhY2s6ODM1ODk2NjAxMDgyOTI1MF8zMTkzMTA1NDk0MTcyMjYz","Y29tbWVudDo4MzU4OTY2MDEwODI5MjUwXzMxOTMxMDU0OTQxNzIyNjM=","https://www.facebook.com/100001478012460/posts/8358966010829250","0","113420435192600",,,"Pamer semangka Danish dulu. ojo takon benihe disek. benihe sek semedi. 😭😁 #bintangasia #benihcitraasia #petani #farmer #watermelon #semangka #indonesia. Rian DTM · Jj Melody Capcu Viral","100080213018701","Afri Yanto Semongko","https://scontent-hou1-1.xx.fbcdn.net/v/t39.30808-1/441204666_445386238145140_8044506564243694787_n.jpg?stp=cp0_dst-jpg_s32x32&_nc_cat=108&ccb=1-7&_nc_sid=50d2ac&_nc_ohc=vACHwKncbPcQ7kNvgHbuR8Z&_nc_ht=scontent-hou1-1.xx&_nc_gid=Aqu98Q6j2tJIS7j5VCxOTzd&oh=00_AYADBaMGACfNTmSMu46eZtL7SZzsnrvAQMRTeygOcdH60w&oe=66EEFDBC","https://www.facebook.com/people/Afri-Yanto-Semongko/100080213018701/","https://www.facebook.com/100001478012460/posts/8358966010829250","Banyak yg menunggu bibitnya mas..."
"https://www.facebook.com/100001478012460/posts/8358966010829250?comment_id=1955961054853171","1","2024-09-16T08:11:43.000Z","8358966010829250","https://www.facebook.com/100001478012460/posts/8358966010829250","ZmVlZGJhY2s6ODM1ODk2NjAxMDgyOTI1MF8xOTU1OTYxMDU0ODUzMTcx","Y29tbWVudDo4MzU4OTY2MDEwODI5MjUwXzE5NTU5NjEwNTQ4NTMxNzE=","https://www.facebook.com/100001478012460/posts/8358966010829250","0","113420435192600",,,"Pamer semangka Danish dulu. ojo takon benihe disek. benihe sek semedi. 😭😁 #bintangasia #benihcitraasia #petani #farmer #watermelon #semangka #indonesia. Rian DTM · Jj Melody Capcu Viral","pfbid04nW8ZtFcVHFXvhBFA9RMNwEBFNGuDLw3iGhY3jKa1WbGhU59epHXoLcwniUUcMxsl","Ansari Langkat","https://scontent-hou1-1.xx.fbcdn.net/v/t39.30808-1/411218220_373321135084922_8210698497754667787_n.jpg?stp=cp0_dst-jpg_s32x32&_nc_cat=107&ccb=1-7&_nc_sid=0ecb9b&_nc_ohc=VTl7oJBCrA4Q7kNvgHVC96G&_nc_ht=scontent-hou1-1.xx&_nc_gid=Aqu98Q6j2tJIS7j5VCxOTzd&oh=00_AYB18c6fGbuhn6LcaOf2Xv4EeSY-ucrCSOYewOacF9Rjyw&oe=66EEEF7D","https://www.facebook.com/people/Ansari-Langkat/pfbid04nW8ZtFcVHFXvhBFA9RMNwEBFNGuDLw3iGhY3jKa1WbGhU59epHXoLcwniUUcMxsl/","https://www.facebook.com/100001478012460/posts/8358966010829250","Tunas airnya sebagian di buang nggak Pak 🙏"
"https://www.facebook.com/100001478012460/posts/8358966010829250?comment_id=384917267835586","1","2024-09-16T02:53:30.000Z","8358966010829250","https://www.facebook.com/100001478012460/posts/8358966010829250","ZmVlZGJhY2s6ODM1ODk2NjAxMDgyOTI1MF8zODQ5MTcyNjc4MzU1ODY=","Y29tbWVudDo4MzU4OTY2MDEwODI5MjUwXzM4NDkxNzI2NzgzNTU4Ng==","https://www.facebook.com/100001478012460/posts/8358966010829250","0","113420435192600",,,"Pamer semangka Danish dulu. ojo takon benihe disek. benihe sek semedi. 😭😁 #bintangasia #benihcitraasia #petani #farmer #watermelon #semangka #indonesia. Rian DTM · Jj Melody Capcu Viral","pfbid0hFnz7MiN5XKEi2X2kiiLt4Zymci2Fh7n7hpYiTkmsyukyFHAvCkJKxZZ3Lz4ow18l","Ury Rahayu Dzulfiqar","https://scontent-hou1-1.xx.fbcdn.net/v/t39.30808-1/415905145_10219076061931757_7375553381642765971_n.jpg?stp=cp0_dst-jpg_s32x32&_nc_cat=111&ccb=1-7&_nc_sid=0ecb9b&_nc_ohc=ee7m6DNBVTcQ7kNvgGAp3CD&_nc_ht=scontent-hou1-1.xx&_nc_gid=Aqu98Q6j2tJIS7j5VCxOTzd&oh=00_AYD5t9nhH2MYc_2vKDZN6YiAGPYI-yhTyX136vMYfWbIFA&oe=66EF0D46","https://www.facebook.com/ury.rossi","https://www.facebook.com/100001478012460/posts/8358966010829250","Kebon e sopo Iki boss?"
"https://www.facebook.com/100001478012460/posts/8358966010829250?comment_id=527379436537484","1","2024-09-16T01:51:16.000Z","8358966010829250","https://www.facebook.com/100001478012460/posts/8358966010829250","ZmVlZGJhY2s6ODM1ODk2NjAxMDgyOTI1MF81MjczNzk0MzY1Mzc0ODQ=","Y29tbWVudDo4MzU4OTY2MDEwODI5MjUwXzUyNzM3OTQzNjUzNzQ4NA==","https://www.facebook.com/100001478012460/posts/8358966010829250","0","113420435192600",,,"Pamer semangka Danish dulu. ojo takon benihe disek. benihe sek semedi. 😭😁 #bintangasia #benihcitraasia #petani #farmer #watermelon #semangka #indonesia. Rian DTM · Jj Melody Capcu Viral","100071052533042","Pur Abu Riziq","https://scontent-hou1-1.xx.fbcdn.net/v/t39.30808-1/326337306_1357754875079978_8284907120903716413_n.jpg?stp=cp0_dst-jpg_s32x32&_nc_cat=100&ccb=1-7&_nc_sid=50d2ac&_nc_ohc=XkhzmCVBHuwQ7kNvgETC_ti&_nc_ht=scontent-hou1-1.xx&_nc_gid=Aqu98Q6j2tJIS7j5VCxOTzd&oh=00_AYAs_SY0rwpBa-YVPalsR7ufNQxJply1cAKVbaREAcqRTQ&oe=66EEF053","https://www.facebook.com/people/Pur-Abu-Riziq/100071052533042/","https://www.facebook.com/100001478012460/posts/8358966010829250","Lokasi ndi boz"
"https://www.facebook.com/100001478012460/posts/8358966010829250?comment_id=1192413412061539","1","2024-09-16T04:03:53.000Z","8358966010829250","https://www.facebook.com/100001478012460/posts/8358966010829250","ZmVlZGJhY2s6ODM1ODk2NjAxMDgyOTI1MF8xMTkyNDEzNDEyMDYxNTM5","Y29tbWVudDo4MzU4OTY2MDEwODI5MjUwXzExOTI0MTM0MTIwNjE1Mzk=","https://www.facebook.com/100001478012460/posts/8358966010829250","0","113420435192600",,,"Pamer semangka Danish dulu. ojo takon benihe disek. benihe sek semedi. 😭😁 #bintangasia #benihcitraasia #petani #farmer #watermelon #semangka #indonesia. Rian DTM · Jj Melody Capcu Viral","100004825651478","NiZar Bintang Asia","https://scontent-hou1-1.xx.fbcdn.net/v/t39.30808-1/438276089_2611594555678041_6997404202785061953_n.jpg?stp=cp0_dst-jpg_p32x32&_nc_cat=111&ccb=1-7&_nc_sid=50d2ac&_nc_ohc=HObVbuc0UlUQ7kNvgE0X2_R&_nc_ht=scontent-hou1-1.xx&_nc_gid=Aqu98Q6j2tJIS7j5VCxOTzd&oh=00_AYAIJU3fdRfYKaynIY-yTL2SITZ2flB2Z3pNOGftXBcGKg&oe=66EEE96E","https://www.facebook.com/nizar.setia.3","https://www.facebook.com/100001478012460/posts/8358966010829250","Membara bos ku"
"https://www.facebook.com/100001478012460/posts/8358966010829250?comment_id=1190568935508299","1","2024-09-16T01:35:17.000Z","8358966010829250","https://www.facebook.com/100001478012460/posts/8358966010829250","ZmVlZGJhY2s6ODM1ODk2NjAxMDgyOTI1MF8xMTkwNTY4OTM1NTA4Mjk5","Y29tbWVudDo4MzU4OTY2MDEwODI5MjUwXzExOTA1Njg5MzU1MDgyOTk=","https://www.facebook.com/100001478012460/posts/8358966010829250","0","113420435192600",,,"Pamer semangka Danish dulu. ojo takon benihe disek. benihe sek semedi. 😭😁 #bintangasia #benihcitraasia #petani #farmer #watermelon #semangka #indonesia. Rian DTM · Jj Melody Capcu Viral","100007578522755","Renzy Bintangasia","https://scontent-hou1-1.xx.fbcdn.net/v/t39.30808-1/426012403_3605728109689771_2277782955804277447_n.jpg?stp=cp0_dst-jpg_s32x32&_nc_cat=104&ccb=1-7&_nc_sid=50d2ac&_nc_ohc=vuD6PrMQB7YQ7kNvgE_tXqI&_nc_ht=scontent-hou1-1.xx&_nc_gid=Aqu98Q6j2tJIS7j5VCxOTzd&oh=00_AYBptGve7bw0uhPkTc8RR4IGAB-mywPqeMteeWySqyHfZA&oe=66EEEF44","https://www.facebook.com/renzi.prayuda","https://www.facebook.com/100001478012460/posts/8358966010829250","Mantap ..gas ken"
