﻿"attachments/0/__typename","attachments/0/animated_image","attachments/0/animated_image/uri","attachments/0/frame_count","attachments/0/frame_rate","attachments/0/frames_per_column","attachments/0/frames_per_row","attachments/0/id","attachments/0/image/height","attachments/0/image/uri","attachments/0/image/width","attachments/0/label","attachments/0/pack/id","attachments/0/pack/name","attachments/0/sprite_image","attachments/0/sprite_image/uri","attachments/0/target/__typename","attachments/0/target/id","attachments/0/target/matching_quantity","attachments/0/target/spark_quantity","attachments/0/target/stars_image_on_star_quantity","attachments/0/target/virtual_gift","attachments/0/target/virtual_gift_type/__typename","attachments/0/target/virtual_gift_type/gift_animated_image","attachments/0/target/virtual_gift_type/gift_image","attachments/0/target/virtual_gift_type/gift_keyframe_asset_name","attachments/0/target/virtual_gift_type/gift_keyframe_asset_url","attachments/0/target/virtual_gift_type/id","commentUrl","comments/0/commentUrl","comments/0/commentsCount","comments/0/date","comments/0/feedbackId","comments/0/id","comments/0/likesCount","comments/0/parentComment/author/__typename","comments/0/parentComment/author/id","comments/0/parentComment/author/name","comments/0/parentComment/author/short_name","comments/0/parentComment/id","comments/0/profileId","comments/0/profileName","comments/0/profilePicture","comments/0/profileUrl","comments/0/replyToCommentId","comments/0/text","comments/0/threadingDepth","comments/1/commentUrl","comments/1/date","comments/1/feedbackId","comments/1/id","comments/1/likesCount","comments/1/parentComment/author/__typename","comments/1/parentComment/author/id","comments/1/parentComment/author/name","comments/1/parentComment/author/short_name","comments/1/parentComment/id","comments/1/profileId","comments/1/profileName","comments/1/profilePicture","comments/1/profileUrl","comments/1/replyToCommentId","comments/1/text","comments/1/threadingDepth","commentsCount","date","facebookId","facebookUrl","feedbackId","id","inputUrl","likesCount","pageAdLibrary/id","pageAdLibrary/is_business_page_active","pageAdLibrary/woodhenge_creator_info","parentComment/author/__typename","parentComment/author/id","parentComment/author/name","parentComment/author/short_name","parentComment/id","postTitle","profileId","profileName","profilePicture","profileUrl","replyToCommentId","text","threadingDepth"
,,,,,,,,,,,,,,,,,,,,,,,,,,,,"https://www.facebook.com/permalink.php?story_fbid=pfbid0QVQ1W1QN4tDKZ4RXybXfT6tRoeCR2PCmkhvPioyduhTP81fSLFGNKSrjgbe7VWQHl&id=100069205464353&comment_id=1990227234738506","https://www.facebook.com/permalink.php?story_fbid=pfbid0QVQ1W1QN4tDKZ4RXybXfT6tRoeCR2PCmkhvPioyduhTP81fSLFGNKSrjgbe7VWQHl&id=100069205464353&comment_id=1990227234738506&reply_comment_id=2617372368471001","1","2024-09-30T00:35:36.000Z","ZmVlZGJhY2s6ODQwMDY4NDY0OTc2NjYxXzI2MTczNzIzNjg0NzEwMDE=","Y29tbWVudDo4NDAwNjg0NjQ5NzY2NjFfMjYxNzM3MjM2ODQ3MTAwMQ==","0","User","pfbid0WkXBKstzty5XjW165d2mLiqrH7XFaL1rt7WTZFXpdNwCQT6McJs1NaCEuTGpvMHFl","Hartoyo Adeeva Orlin","Hartoyo","Y29tbWVudDo4NDAwNjg0NjQ5NzY2NjFfMTk5MDIyNzIzNDczODUwNg==","pfbid0279u7z4JJyepEx4Nhkn3fE3g1GN9vSX4UPaYPT5WsLbDK3AHruJtP18XuhtgGwv4zl","Tuti Hartuti","https://scontent-cpt1-1.xx.fbcdn.net/v/t39.30808-1/453902290_122162439104230983_2353543471067364423_n.jpg?stp=cp0_dst-jpg_s32x32&_nc_cat=104&ccb=1-7&_nc_sid=0ecb9b&_nc_ohc=Ut3TREvjwVgQ7kNvgEKEOTO&_nc_ht=scontent-cpt1-1.xx&_nc_gid=AmsLwwOHyjnZ8KhDCDz3WQ1&oh=00_AYATSdqfC5Hg2ws6wistRzdokYBH76p-qUHgE_v_rgBUxg&oe=6708865B","https://www.facebook.com/people/Tuti-Hartuti/pfbid0279u7z4JJyepEx4Nhkn3fE3g1GN9vSX4UPaYPT5WsLbDK3AHruJtP18XuhtgGwv4zl/","Y29tbWVudDo4NDAwNjg0NjQ5NzY2NjFfMTk5MDIyNzIzNDczODUwNg==","Hartoyo Adeeva Orlin senior ditunggu kunjungaNya","1","https://www.facebook.com/permalink.php?story_fbid=pfbid0QVQ1W1QN4tDKZ4RXybXfT6tRoeCR2PCmkhvPioyduhTP81fSLFGNKSrjgbe7VWQHl&id=100069205464353&comment_id=1990227234738506&reply_comment_id=1256670765778056","2024-09-30T03:14:46.000Z","ZmVlZGJhY2s6ODQwMDY4NDY0OTc2NjYxXzEyNTY2NzA3NjU3NzgwNTY=","Y29tbWVudDo4NDAwNjg0NjQ5NzY2NjFfMTI1NjY3MDc2NTc3ODA1Ng==","0","User","pfbid0WkXBKstzty5XjW165d2mLiqrH7XFaL1rt7WTZFXpdNwCQT6McJs1NaCEuTGpvMHFl","Hartoyo Adeeva Orlin","Hartoyo","Y29tbWVudDo4NDAwNjg0NjQ5NzY2NjFfMTk5MDIyNzIzNDczODUwNg==","pfbid0WkXBKstzty5XjW165d2mLiqrH7XFaL1rt7WTZFXpdNwCQT6McJs1NaCEuTGpvMHFl","Hartoyo Adeeva Orlin","https://scontent-cpt1-1.xx.fbcdn.net/v/t39.30808-1/376769837_7252760278071582_7023959626220835255_n.jpg?stp=cp0_dst-jpg_s32x32&_nc_cat=107&ccb=1-7&_nc_sid=0ecb9b&_nc_ohc=FGUFHdzZyPcQ7kNvgFU4dta&_nc_ht=scontent-cpt1-1.xx&_nc_gid=AmsLwwOHyjnZ8KhDCDz3WQ1&oh=00_AYDnVJWtpA906onqccubEIVabATWVOn1d7JV7EUz8boc-A&oe=67085BBD","https://www.facebook.com/yoyox.comunty","Y29tbWVudDo4NDAwNjg0NjQ5NzY2NjFfMTk5MDIyNzIzNDczODUwNg==","Tuti Hartuti he he ampun suhu","2","2","2024-09-29T13:11:08.000Z","840068464976661","https://www.facebook.com/100069205464353/posts/840068464976661","ZmVlZGJhY2s6ODQwMDY4NDY0OTc2NjYxXzE5OTAyMjcyMzQ3Mzg1MDY=","Y29tbWVudDo4NDAwNjg0NjQ5NzY2NjFfMTk5MDIyNzIzNDczODUwNg==","https://www.facebook.com/100069205464353/posts/840068464976661","0","233184383212138","false",,,,,,,"Minggu, 29 September 2024

Rumah Semai Helly Seedling kembali menjadi tempat pilihan kegiatan mahasiswa POLINELA lampung prodi teknologi perbenihan dalam melakukan penelitian terkait mata kuliah management.  

Disinilah mereka akan menguras ilmu pengetahuan,  melakukan interaktif secara langsung kepada para karyawan sehingga mereka bisa menemukan atau menambah pengetahuan baru dalam dunia pertanian khususnya di dalam perbenihan

Kegiatan seperti ini sering dilakukan oleh mahasiswa untuk mendapatkan suatu informasi yang ingin di ketahui yakni dengan melakukan survey secara langsung.","pfbid0WkXBKstzty5XjW165d2mLiqrH7XFaL1rt7WTZFXpdNwCQT6McJs1NaCEuTGpvMHFl","Hartoyo Adeeva Orlin","https://scontent-cpt1-1.xx.fbcdn.net/v/t39.30808-1/376769837_7252760278071582_7023959626220835255_n.jpg?stp=cp0_dst-jpg_s32x32&_nc_cat=107&ccb=1-7&_nc_sid=0ecb9b&_nc_ohc=FGUFHdzZyPcQ7kNvgFU4dta&_nc_ht=scontent-cpt1-1.xx&_nc_gid=AmsLwwOHyjnZ8KhDCDz3WQ1&oh=00_AYDnVJWtpA906onqccubEIVabATWVOn1d7JV7EUz8boc-A&oe=67085BBD","https://www.facebook.com/yoyox.comunty",,"Polinela. 
Jadi kelingan ngampus biyen","0"
,,,,,,,,,,,,,,,,,,,,,,,,,,,,"https://www.facebook.com/reel/9033118926701493/?comment_id=3721959894711962",,,,,,,,,,,,,,,,,,,,,,,,,,,,,,,,,,,,,"2024-10-03T11:34:05.000Z","842295181420656","https://www.facebook.com/100069205464353/posts/842295181420656","ZmVlZGJhY2s6ODQyMjk1MTgxNDIwNjU2XzM3MjE5NTk4OTQ3MTE5NjI=","Y29tbWVudDo4NDIyOTUxODE0MjA2NTZfMzcyMTk1OTg5NDcxMTk2Mg==","https://www.facebook.com/100069205464353/posts/842295181420656","0","233184383212138",,,,,,,,"Alhamdulillah 70 nampan atau 7rb batang meluncur... Gustavi dari Panah Merah...

Helly Seedling menjadi solusi petani yg ga ribet dan praktis tentunya. 
Order langsung via wa 082280717454
Lokasi...","pfbid0xqQfKSEubneL2cVart4yEyNcjjTpsaQZxn4vZFRBG8bMLpd2XUNiDLpS2ewaKmkKl","Sam Tzy","https://scontent-lga3-1.xx.fbcdn.net/v/t39.30808-1/392816260_421116367158339_489732685607754782_n.jpg?stp=c0.0.720.720a_cp0_dst-jpg_s32x32&_nc_cat=106&ccb=1-7&_nc_sid=0ecb9b&_nc_ohc=uREI1Imk66AQ7kNvgFqaCJH&_nc_ht=scontent-lga3-1.xx&_nc_gid=AJVSHnkltbyw91AYkKZ60Iu&oh=00_AYBbM-Ae5TGO6SciSGT77eyS40rGpDo-3xyDpYIJA4fa6w&oe=6708535E","https://www.facebook.com/people/Sam-Tzy/pfbid0xqQfKSEubneL2cVart4yEyNcjjTpsaQZxn4vZFRBG8bMLpd2XUNiDLpS2ewaKmkKl/",,"Bibit cabe brapa bos pr batang","0"
,,,,,,,,,,,,,,,,"VideoTipJarPayment","1081816913378080","0","1","https://static.xx.fbcdn.net/rsrc.php/v3/yN/r/z6visRJQXR_.png",,"StarsVirtualGiftBaseType",,"/images/assets_DO_NOT_HARDCODE/user_pay_stars_virtual_gifts/Community-Unification-Default-Tier1-Thoughtful-Testing-Static.png","Community-Unification-Default-T1-Thoughtful-bottomsheet-testing-animation","https://static.xx.fbcdn.net/rsrc.php/y6/r/qfD07Iv6r-5.kf","1414980765966032","https://www.facebook.com/reel/1081790303380741/?comment_id=1252088229135161",,,,,,,,,,,,,,,,,,,,,,,,,,,,,,,,,,,,,"2024-09-30T12:41:54.000Z","841044781545696","https://www.facebook.com/100069205464353/posts/841044781545696","ZmVlZGJhY2s6ODQxMDQ0NzgxNTQ1Njk2XzEyNTIwODgyMjkxMzUxNjE=","Y29tbWVudDo4NDEwNDQ3ODE1NDU2OTZfMTI1MjA4ODIyOTEzNTE2MQ==","https://www.facebook.com/100069205464353/posts/841044781545696","1","233184383212138",,,,,,,,"Rumah Semai Helly Seedling merupakan salah satu tempat yang menghasilkan produksi bibit yang berkualitas dan mampu mengikuti daya saing pertumbuhan bibit yang unggul untuk siap tanam.

Bintang Asia...","100007578522755","Renzy Bintangasia","https://scontent.fgyd3-1.fna.fbcdn.net/v/t39.30808-1/426012403_3605728109689771_2277782955804277447_n.jpg?stp=cp0_dst-jpg_s32x32&_nc_cat=104&ccb=1-7&_nc_sid=50d2ac&_nc_ohc=8B4n2B0-e5EQ7kNvgFrH1Kr&_nc_ht=scontent.fgyd3-1.fna&_nc_gid=ADUQV10B5aI66MF2G1KaKpK&oh=00_AYDCRrc4eaYI4ZIB8NyuxII8kx_-bznhYo60mu0dCz3Kiw&oe=67086C44","https://www.facebook.com/renzi.prayuda",,,"0"
"Sticker",,,"1","83","1","1","1000519493737088","80","https://scontent.fgyd3-1.fna.fbcdn.net/v/t39.1997-6/105258811_1000519497070421_1877687988442182543_n.png?stp=cp0_dst-png_s110x80&_nc_cat=1&ccb=1-7&_nc_sid=23dd7b&_nc_ohc=9MhfHliRqrUQ7kNvgHU4WZ4&_nc_ht=scontent.fgyd3-1.fna&_nc_gid=ADUQV10B5aI66MF2G1KaKpK&oh=00_AYBwGusK1KbQEZrDJjkDL71fq_ePlfcyfZXwtokRZMX2Vg&oe=6708736B","80","a outstretched arm with a thumbs up. on the arm is written 'great' in indonesian","1000303507092020","Stories Stickers in Feed",,,,,,,,,,,,,,,"https://www.facebook.com/reel/1081790303380741/?comment_id=544254394811422",,,,,,,,,,,,,,,,,,,,,,,,,,,,,,,,,,,,,"2024-09-30T14:13:14.000Z","841044781545696","https://www.facebook.com/100069205464353/posts/841044781545696","ZmVlZGJhY2s6ODQxMDQ0NzgxNTQ1Njk2XzU0NDI1NDM5NDgxMTQyMg==","Y29tbWVudDo4NDEwNDQ3ODE1NDU2OTZfNTQ0MjU0Mzk0ODExNDIy","https://www.facebook.com/100069205464353/posts/841044781545696","0","233184383212138",,,,,,,,"Rumah Semai Helly Seedling merupakan salah satu tempat yang menghasilkan produksi bibit yang berkualitas dan mampu mengikuti daya saing pertumbuhan bibit yang unggul untuk siap tanam.

Bintang Asia...","100065666973498","Davina Azkiya","https://scontent.fgyd3-1.fna.fbcdn.net/v/t39.30808-1/310827072_448278690704360_4714759928606141569_n.jpg?stp=cp0_dst-jpg_s32x32&_nc_cat=110&ccb=1-7&_nc_sid=50d2ac&_nc_ohc=v2K5kRuw5P0Q7kNvgGCtobS&_nc_ht=scontent.fgyd3-1.fna&_nc_gid=ADUQV10B5aI66MF2G1KaKpK&oh=00_AYABcE4e_Zq5r3GDMqNsu7fV7_scKSLlTVVf2nyfHWmr3w&oe=67088886","https://www.facebook.com/davina.azkiya.9",,,"0"
,,,,,,,,,,,,,,,,,,,,,,,,,,,,"https://www.facebook.com/reel/1081790303380741/?comment_id=1273140817379338",,,,,,,,,,,,,,,,,,,,,,,,,,,,,,,,,,,,,"2024-09-30T13:43:37.000Z","841044781545696","https://www.facebook.com/100069205464353/posts/841044781545696","ZmVlZGJhY2s6ODQxMDQ0NzgxNTQ1Njk2XzEyNzMxNDA4MTczNzkzMzg=","Y29tbWVudDo4NDEwNDQ3ODE1NDU2OTZfMTI3MzE0MDgxNzM3OTMzOA==","https://www.facebook.com/100069205464353/posts/841044781545696","1","233184383212138",,,,,,,,"Rumah Semai Helly Seedling merupakan salah satu tempat yang menghasilkan produksi bibit yang berkualitas dan mampu mengikuti daya saing pertumbuhan bibit yang unggul untuk siap tanam.

Bintang Asia...","100000029645476","Cayadi Bintang Asia","https://scontent.fgyd3-1.fna.fbcdn.net/v/t31.18172-1/15724565_1469077786436529_7264600135043183638_o.jpg?stp=c0.200.1200.1200a_cp0_dst-jpg_s32x32&_nc_cat=101&ccb=1-7&_nc_sid=db5862&_nc_ohc=aebx7slmUzMQ7kNvgHovLrG&_nc_ht=scontent.fgyd3-1.fna&_nc_gid=ADUQV10B5aI66MF2G1KaKpK&oh=00_AYChpBN_udaI8zlFF0Zplew2vljt5mIXXfnn8X-cOR41Dw&oe=672A247E","https://www.facebook.com/cayadi.santosa",,"Mantapz....","0"
,,,,,,,,,,,,,,,,,,,,,,,,,,,,"https://www.facebook.com/reel/2217065178665399/?comment_id=1937103913462846",,,,,,,,,,,,,,,,,,,,,,,,,,,,,,,,,,,,,"2024-09-07T12:27:05.000Z","824075783242596","https://www.facebook.com/100069205464353/posts/824075783242596","ZmVlZGJhY2s6ODI0MDc1NzgzMjQyNTk2XzE5MzcxMDM5MTM0NjI4NDY=","Y29tbWVudDo4MjQwNzU3ODMyNDI1OTZfMTkzNzEwMzkxMzQ2Mjg0Ng==","https://www.facebook.com/100069205464353/posts/824075783242596","1","233184383212138",,,,,,,,"Tanaman tomat yg akan di tumpang sari dengan CMK kedepanya.

Tentunya dengan nutrisi dari organik 80% dan kimia 20%.
Pupuk organik yg kita pakai adalah KOHE KAMBING GILING.

Karna KOHE KAMBING GILING...","pfbid0SpARKLPMWy8SQMH8583YxDpFECDHy3P6TwT9GyZkgbGja8rXbfrpPcPeXwELx2hwl","Musini Zahra","https://scontent-dfw5-1.xx.fbcdn.net/v/t39.30808-1/320927620_698747565193764_5982949935490035105_n.jpg?stp=cp0_dst-jpg_s32x32&_nc_cat=105&ccb=1-7&_nc_sid=0ecb9b&_nc_ohc=Dn5Dp9cM-UYQ7kNvgG-CnBL&_nc_ht=scontent-dfw5-1.xx&_nc_gid=ARdqoKk-UULsuil_rVV1rSB&oh=00_AYBS9LC9lHD7uISQ2nVAvBgPVfAaWbmpOX3dA59mAGT66Q&oe=67085714","https://www.facebook.com/people/Musini-Zahra/pfbid0SpARKLPMWy8SQMH8583YxDpFECDHy3P6TwT9GyZkgbGja8rXbfrpPcPeXwELx2hwl/",,"👍  pk bos,  cara bertani sukses","0"
,,,,,,,,,,,,,,,,,,,,,,,,,,,,"https://www.facebook.com/reel/2217065178665399/?comment_id=1037551650899382","https://www.facebook.com/reel/2217065178665399/?comment_id=1037551650899382&reply_comment_id=1052010579776936","1","2024-09-07T03:47:41.000Z","ZmVlZGJhY2s6ODI0MDc1NzgzMjQyNTk2XzEwNTIwMTA1Nzk3NzY5MzY=","Y29tbWVudDo4MjQwNzU3ODMyNDI1OTZfMTA1MjAxMDU3OTc3NjkzNg==","0","User","pfbid02feRpE4NB5tiMZL6NhaD3u4JxTZFNVVhHUK8B81Y9nJxrtRXk7eTCGUcCEddSr2HCl","Hartono Wijaya","Hartono","Y29tbWVudDo4MjQwNzU3ODMyNDI1OTZfMTAzNzU1MTY1MDg5OTM4Mg==","100069205464353","Helly Seedling","https://scontent-dfw5-2.xx.fbcdn.net/v/t39.30808-1/428336159_702155295434646_5059998008807722009_n.jpg?stp=cp6_dst-jpg_s32x32&_nc_cat=108&ccb=1-7&_nc_sid=50d2ac&_nc_ohc=dKgmUe6DZ5QQ7kNvgEdKZSY&_nc_ht=scontent-dfw5-2.xx&_nc_gid=ARdqoKk-UULsuil_rVV1rSB&oh=00_AYCFw6G-yujizWo-DQytuEg1ztlj8lilH85dsWFVIdYh2g&oe=6708724D","https://www.facebook.com/people/Helly-Seedling/100069205464353/","Y29tbWVudDo4MjQwNzU3ODMyNDI1OTZfMTAzNzU1MTY1MDg5OTM4Mg==","Hartono Wijaya metro Lampung","1","https://www.facebook.com/reel/2217065178665399/?comment_id=1037551650899382&reply_comment_id=1256914308812198","2024-09-07T04:37:49.000Z","ZmVlZGJhY2s6ODI0MDc1NzgzMjQyNTk2XzEyNTY5MTQzMDg4MTIxOTg=","Y29tbWVudDo4MjQwNzU3ODMyNDI1OTZfMTI1NjkxNDMwODgxMjE5OA==","0","User","pfbid02feRpE4NB5tiMZL6NhaD3u4JxTZFNVVhHUK8B81Y9nJxrtRXk7eTCGUcCEddSr2HCl","Hartono Wijaya","Hartono","Y29tbWVudDo4MjQwNzU3ODMyNDI1OTZfMTAzNzU1MTY1MDg5OTM4Mg==","pfbid02feRpE4NB5tiMZL6NhaD3u4JxTZFNVVhHUK8B81Y9nJxrtRXk7eTCGUcCEddSr2HCl","Hartono Wijaya","https://scontent-dfw5-1.xx.fbcdn.net/v/t1.6435-1/132548671_103785054974148_5589194742787364738_n.jpg?stp=c0.106.640.640a_cp0_dst-jpg_s32x32&_nc_cat=111&ccb=1-7&_nc_sid=0ecb9b&_nc_ohc=l2x4FpI3EewQ7kNvgHgLZMX&_nc_ht=scontent-dfw5-1.xx&_nc_gid=ARdqoKk-UULsuil_rVV1rSB&oh=00_AYDxezqKI6DmcAgpd56rvm2KFICDEN0O7y0BkzkVhr3REg&oe=6729F42C","https://www.facebook.com/hartono.wijaya.75641","Y29tbWVudDo4MjQwNzU3ODMyNDI1OTZfMTAzNzU1MTY1MDg5OTM4Mg==","Helly Seedling  pekalongan apa metro","2","2","2024-09-06T16:49:47.000Z","824075783242596","https://www.facebook.com/100069205464353/posts/824075783242596","ZmVlZGJhY2s6ODI0MDc1NzgzMjQyNTk2XzEwMzc1NTE2NTA4OTkzODI=","Y29tbWVudDo4MjQwNzU3ODMyNDI1OTZfMTAzNzU1MTY1MDg5OTM4Mg==","https://www.facebook.com/100069205464353/posts/824075783242596","1","233184383212138",,,,,,,,"Tanaman tomat yg akan di tumpang sari dengan CMK kedepanya.

Tentunya dengan nutrisi dari organik 80% dan kimia 20%.
Pupuk organik yg kita pakai adalah KOHE KAMBING GILING.

Karna KOHE KAMBING GILING...","pfbid02feRpE4NB5tiMZL6NhaD3u4JxTZFNVVhHUK8B81Y9nJxrtRXk7eTCGUcCEddSr2HCl","Hartono Wijaya","https://scontent-dfw5-1.xx.fbcdn.net/v/t1.6435-1/132548671_103785054974148_5589194742787364738_n.jpg?stp=c0.106.640.640a_cp0_dst-jpg_s32x32&_nc_cat=111&ccb=1-7&_nc_sid=0ecb9b&_nc_ohc=l2x4FpI3EewQ7kNvgHgLZMX&_nc_ht=scontent-dfw5-1.xx&_nc_gid=ARdqoKk-UULsuil_rVV1rSB&oh=00_AYDxezqKI6DmcAgpd56rvm2KFICDEN0O7y0BkzkVhr3REg&oe=6729F42C","https://www.facebook.com/hartono.wijaya.75641",,"Lokasi","0"
,,,,,,,,,,,,,,,,,,,,,,,,,,,,"https://www.facebook.com/permalink.php?story_fbid=pfbid02AVRJKBgx3sUHRSDuth5Qmwf9EsRTnux4w2WpbdbCXXSBqRcKbWJGE26YbSZWFXxkl&id=100069205464353&comment_id=1127235771860890",,,,,,,,,,,,,,,,,,,,,,,,,,,,,,,,,,,,,"2024-09-30T04:22:32.000Z","840789508237890","https://www.facebook.com/100069205464353/posts/840789508237890","ZmVlZGJhY2s6ODQwNzg5NTA4MjM3ODkwXzExMjcyMzU3NzE4NjA4OTA=","Y29tbWVudDo4NDA3ODk1MDgyMzc4OTBfMTEyNzIzNTc3MTg2MDg5MA==","https://www.facebook.com/100069205464353/posts/840789508237890","1","355442210992705","false",,,,,,,"Helly Seedling. 329 likes · 202 talking about this. bibit sayuran🌱 semangka🍉 dll
Desa srisawahan deket wisata Bendungan Dam Raman.🏡wa :082280717454📲","100069205464353","Helly Seedling","https://scontent-lhr8-1.xx.fbcdn.net/v/t39.30808-1/428336159_702155295434646_5059998008807722009_n.jpg?stp=cp6_dst-jpg_s32x32&_nc_cat=108&ccb=1-7&_nc_sid=50d2ac&_nc_ohc=dKgmUe6DZ5QQ7kNvgF0LBSu&_nc_ht=scontent-lhr8-1.xx&_nc_gid=AQswdhOBglTHVv-TQKTEENM&oh=00_AYAG99iOWrZzgYdlOcK4NeOMkMa4vuqRH2vGrtaQxXKV4A&oe=6708724D","https://www.facebook.com/people/Helly-Seedling/100069205464353/",,"Trimakasih","0"
,,,,,,,,,,,,,,,,,,,,,,,,,,,,"https://www.facebook.com/permalink.php?story_fbid=pfbid02AVRJKBgx3sUHRSDuth5Qmwf9EsRTnux4w2WpbdbCXXSBqRcKbWJGE26YbSZWFXxkl&id=100069205464353&comment_id=2193697634350096",,,,,,,,,,,,,,,,,,,,,,,,,,,,,,,,,,,,,"2024-09-30T04:10:34.000Z","840789508237890","https://www.facebook.com/100069205464353/posts/840789508237890","ZmVlZGJhY2s6ODQwNzg5NTA4MjM3ODkwXzIxOTM2OTc2MzQzNTAwOTY=","Y29tbWVudDo4NDA3ODk1MDgyMzc4OTBfMjE5MzY5NzYzNDM1MDA5Ng==","https://www.facebook.com/100069205464353/posts/840789508237890","1","355442210992705","false",,,,,,,"Helly Seedling. 329 likes · 202 talking about this. bibit sayuran🌱 semangka🍉 dll
Desa srisawahan deket wisata Bendungan Dam Raman.🏡wa :082280717454📲","100065666973498","Davina Azkiya","https://scontent-lhr6-1.xx.fbcdn.net/v/t39.30808-1/310827072_448278690704360_4714759928606141569_n.jpg?stp=cp0_dst-jpg_s32x32&_nc_cat=110&ccb=1-7&_nc_sid=50d2ac&_nc_ohc=v2K5kRuw5P0Q7kNvgEi872x&_nc_ht=scontent-lhr6-1.xx&_nc_gid=AQswdhOBglTHVv-TQKTEENM&oh=00_AYB36_sFAb68NSLKnD7SVwavrcGDgUzUFykIyVs9EPNjLg&oe=67088886","https://www.facebook.com/davina.azkiya.9",,"Keren bang","0"
"Sticker",,"https://scontent-lhr8-1.xx.fbcdn.net/v/t39.1997-6/68894373_1459627387495333_5835456569109643264_n.webp?stp=dst-webp_s110x80&_nc_cat=1&ccb=1-7&_nc_sid=ba09c1&_nc_ohc=7RdLfI4fhNEQ7kNvgFfFEWi&_nc_ht=scontent-lhr8-1.xx&_nc_gid=AQswdhOBglTHVv-TQKTEENM&oh=00_AYCSzRKLXtOuWWXPGUHfbe7T1ZoFBfLZ8BT47RJQDA0BvA&oe=670876A3","14","100","4","4","514561552001926","80","https://scontent-lhr8-1.xx.fbcdn.net/v/t39.1997-6/69142452_1459627590828646_6160083988481310720_n.png?stp=cp0_dst-png_s110x80&_nc_cat=1&ccb=1-7&_nc_sid=23dd7b&_nc_ohc=iLzl-3km6nMQ7kNvgGjJgMK&_nc_ht=scontent-lhr8-1.xx&_nc_gid=AQswdhOBglTHVv-TQKTEENM&oh=00_AYBEc6Atuo1Lwd7lS_6PdRY46gftJibscfcW8pDIEx4f6Q&oe=67086C91","80","Business fish, a person with a pink fish head wearing a suit and tie, giving a large thumbs up with their right hand and saying good","493674027424012","Executive Business Fish",,"https://scontent-lhr8-1.xx.fbcdn.net/v/t39.1997-6/68866962_1459627384162000_4858367271799619584_n.png?stp=dst-png_p320x320&_nc_cat=1&ccb=1-7&_nc_sid=ba09c1&_nc_ohc=bBIruliCvDAQ7kNvgG9ybHw&_nc_ht=scontent-lhr8-1.xx&_nc_gid=AQswdhOBglTHVv-TQKTEENM&oh=00_AYBmUeBDl9Q0QPgLEivpcK4KZ_lOzmayo01rOIxW40sVPw&oe=67085A08",,,,,,,,,,,,,"https://www.facebook.com/permalink.php?story_fbid=pfbid02AVRJKBgx3sUHRSDuth5Qmwf9EsRTnux4w2WpbdbCXXSBqRcKbWJGE26YbSZWFXxkl&id=100069205464353&comment_id=1231142084602147",,,,,,,,,,,,,,,,,,,,,,,,,,,,,,,,,,,,,"2024-09-30T13:05:31.000Z","840789508237890","https://www.facebook.com/100069205464353/posts/840789508237890","ZmVlZGJhY2s6ODQwNzg5NTA4MjM3ODkwXzEyMzExNDIwODQ2MDIxNDc=","Y29tbWVudDo4NDA3ODk1MDgyMzc4OTBfMTIzMTE0MjA4NDYwMjE0Nw==","https://www.facebook.com/100069205464353/posts/840789508237890","1","355442210992705","false",,,,,,,"Helly Seedling. 329 likes · 202 talking about this. bibit sayuran🌱 semangka🍉 dll
Desa srisawahan deket wisata Bendungan Dam Raman.🏡wa :082280717454📲","pfbid0oZ7UuinsWQAN52ghq1ZSQgKNfgAPaWnQ7C1tnALSsjPEJ3bWMdQ82fpmKe4TBXHwl","Sunar Tani","https://scontent-lhr8-1.xx.fbcdn.net/v/t1.6435-1/93576732_106916267662838_767661293183172608_n.jpg?stp=c130.0.780.780a_cp0_dst-jpg_s32x32&_nc_cat=111&ccb=1-7&_nc_sid=0ecb9b&_nc_ohc=qRyiiYd0vhAQ7kNvgF6sMcY&_nc_ht=scontent-lhr8-1.xx&_nc_gid=AQswdhOBglTHVv-TQKTEENM&oh=00_AYCiRxHzOTLUkz5xZsEJPQ-uLWQ-pY7NSz0JVe1tGqKTHQ&oe=672A0DDD","https://www.facebook.com/sunar.tani.5",,"Bibit apa boss","0"
,,,,,,,,,,,,,,,,,,,,,,,,,,,,"https://www.facebook.com/permalink.php?story_fbid=pfbid02AVRJKBgx3sUHRSDuth5Qmwf9EsRTnux4w2WpbdbCXXSBqRcKbWJGE26YbSZWFXxkl&id=100069205464353&comment_id=1051745172840066","https://www.facebook.com/permalink.php?story_fbid=pfbid02AVRJKBgx3sUHRSDuth5Qmwf9EsRTnux4w2WpbdbCXXSBqRcKbWJGE26YbSZWFXxkl&id=100069205464353&comment_id=1051745172840066&reply_comment_id=400969832868159",,"2024-10-02T07:38:38.000Z","ZmVlZGJhY2s6ODQwNzg5NTA4MjM3ODkwXzQwMDk2OTgzMjg2ODE1OQ==","Y29tbWVudDo4NDA3ODk1MDgyMzc4OTBfNDAwOTY5ODMyODY4MTU5","0","User","pfbid023WFU7Hd5oEQd8AjjoTEokVpYQ2LzV9apWv9gToXyj4aDSoYEDTngwLYukx3uU25ql","Jumingin","Jumingin","Y29tbWVudDo4NDA3ODk1MDgyMzc4OTBfMTA1MTc0NTE3Mjg0MDA2Ng==","100069205464353","Helly Seedling","https://scontent-lhr8-1.xx.fbcdn.net/v/t39.30808-1/428336159_702155295434646_5059998008807722009_n.jpg?stp=cp6_dst-jpg_s32x32&_nc_cat=108&ccb=1-7&_nc_sid=50d2ac&_nc_ohc=dKgmUe6DZ5QQ7kNvgF0LBSu&_nc_ht=scontent-lhr8-1.xx&_nc_gid=AQswdhOBglTHVv-TQKTEENM&oh=00_AYAG99iOWrZzgYdlOcK4NeOMkMa4vuqRH2vGrtaQxXKV4A&oe=6708724D","https://www.facebook.com/people/Helly-Seedling/100069205464353/","Y29tbWVudDo4NDA3ODk1MDgyMzc4OTBfMTA1MTc0NTE3Mjg0MDA2Ng==","Jumingin sandjng pertashop Srisawahan","1",,,,,,,,,,,,,,,,,,"1","2024-10-02T07:29:03.000Z","840789508237890","https://www.facebook.com/100069205464353/posts/840789508237890","ZmVlZGJhY2s6ODQwNzg5NTA4MjM3ODkwXzEwNTE3NDUxNzI4NDAwNjY=","Y29tbWVudDo4NDA3ODk1MDgyMzc4OTBfMTA1MTc0NTE3Mjg0MDA2Ng==","https://www.facebook.com/100069205464353/posts/840789508237890","1","355442210992705","false",,,,,,,"Helly Seedling. 329 likes · 202 talking about this. bibit sayuran🌱 semangka🍉 dll
Desa srisawahan deket wisata Bendungan Dam Raman.🏡wa :082280717454📲","pfbid023WFU7Hd5oEQd8AjjoTEokVpYQ2LzV9apWv9gToXyj4aDSoYEDTngwLYukx3uU25ql","Jumingin","https://scontent-lhr8-2.xx.fbcdn.net/v/t39.30808-1/400152163_350168867669761_3470593595224753686_n.jpg?stp=cp0_dst-jpg_s32x32&_nc_cat=106&ccb=1-7&_nc_sid=0ecb9b&_nc_ohc=h0W-0gjYbecQ7kNvgH0KznH&_nc_ht=scontent-lhr8-2.xx&_nc_gid=AQswdhOBglTHVv-TQKTEENM&oh=00_AYCDY1Zyojb2h70-m9tcB6gjhyvLvJGRFKVZ3wqc0A7R5Q&oe=67086A2D","https://www.facebook.com/people/Jumingin/pfbid023WFU7Hd5oEQd8AjjoTEokVpYQ2LzV9apWv9gToXyj4aDSoYEDTngwLYukx3uU25ql/",,"Sebelah pembibitan kae Yo mbak","0"
"Sticker",,,"1","83","1","1","140051381647167","80","https://scontent-lhr8-1.xx.fbcdn.net/v/t39.1997-6/240516696_140051384980500_4324639588081017510_n.png?stp=cp0_dst-png_s110x80&_nc_cat=1&ccb=1-7&_nc_sid=23dd7b&_nc_ohc=BnITkIeeckgQ7kNvgG5rJO3&_nc_ht=scontent-lhr8-1.xx&_nc_gid=AQswdhOBglTHVv-TQKTEENM&oh=00_AYA3QqBurQ9X99TCtkkgzFsKKRtwN5stlUgHzfglX8cLJg&oe=67085A58","80","","140047671647538","[Newsfeed] Philippines First Party",,,,,,,,,,,,,,,"https://www.facebook.com/permalink.php?story_fbid=pfbid02AVRJKBgx3sUHRSDuth5Qmwf9EsRTnux4w2WpbdbCXXSBqRcKbWJGE26YbSZWFXxkl&id=100069205464353&comment_id=1067546078327036",,,,,,,,,,,,,,,,,,,,,,,,,,,,,,,,,,,,,"2024-09-30T03:28:45.000Z","840789508237890","https://www.facebook.com/100069205464353/posts/840789508237890","ZmVlZGJhY2s6ODQwNzg5NTA4MjM3ODkwXzEwNjc1NDYwNzgzMjcwMzY=","Y29tbWVudDo4NDA3ODk1MDgyMzc4OTBfMTA2NzU0NjA3ODMyNzAzNg==","https://www.facebook.com/100069205464353/posts/840789508237890","1","355442210992705","false",,,,,,,"Helly Seedling. 329 likes · 202 talking about this. bibit sayuran🌱 semangka🍉 dll
Desa srisawahan deket wisata Bendungan Dam Raman.🏡wa :082280717454📲","100000463903590","Wong Ndalan","https://scontent-lhr6-2.xx.fbcdn.net/v/t39.30808-1/323054068_571971727595747_7137331048919211238_n.jpg?stp=cp0_dst-jpg_s32x32&_nc_cat=104&ccb=1-7&_nc_sid=50d2ac&_nc_ohc=Djr2ryd80KIQ7kNvgGYPhoe&_nc_ht=scontent-lhr6-2.xx&_nc_gid=AQswdhOBglTHVv-TQKTEENM&oh=00_AYB-3jOz57SqiA_DbFMK_T3T9M0vwEI1zfN8YW9l-fVtAg&oe=67086442",,,,"0"
,,,,,,,,,,,,,,,,,,,,,,,,,,,,"https://www.facebook.com/permalink.php?story_fbid=828565746126933&id=100069205464353&comment_id=546353744481512","https://www.facebook.com/permalink.php?story_fbid=828565746126933&id=100069205464353&comment_id=546353744481512&reply_comment_id=396388020162839",,"2024-09-14T01:05:16.000Z","ZmVlZGJhY2s6ODI4NTY1NzQ2MTI2OTMzXzM5NjM4ODAyMDE2MjgzOQ==","Y29tbWVudDo4Mjg1NjU3NDYxMjY5MzNfMzk2Mzg4MDIwMTYyODM5","0","User","100007578522755","Renzy Bintangasia","Renzy","Y29tbWVudDo4Mjg1NjU3NDYxMjY5MzNfNTQ2MzUzNzQ0NDgxNTEy","100069205464353","Helly Seedling","https://scontent-man2-1.xx.fbcdn.net/v/t39.30808-1/428336159_702155295434646_5059998008807722009_n.jpg?stp=cp6_dst-jpg_s32x32&_nc_cat=108&ccb=1-7&_nc_sid=50d2ac&_nc_ohc=dKgmUe6DZ5QQ7kNvgGI0r9y&_nc_ht=scontent-man2-1.xx&_nc_gid=AwZg2AZa20BR95ZvdkjZwal&oh=00_AYDA8MJHrVz3qMyNMGxYw9gFJFigSCh-u4oD43oaRTPhrw&oe=6708724D","https://www.facebook.com/people/Helly-Seedling/100069205464353/","Y29tbWVudDo4Mjg1NjU3NDYxMjY5MzNfNTQ2MzUzNzQ0NDgxNTEy","Renzy Bintangasia jos","1",,,,,,,,,,,,,,,,,,"1","2024-09-14T00:55:07.000Z","828565746126933","https://www.facebook.com/100069205464353/posts/828565746126933","ZmVlZGJhY2s6ODI4NTY1NzQ2MTI2OTMzXzU0NjM1Mzc0NDQ4MTUxMg==","Y29tbWVudDo4Mjg1NjU3NDYxMjY5MzNfNTQ2MzUzNzQ0NDgxNTEy","https://www.facebook.com/100069205464353/posts/828565746126933","0","233184383212138","false",,,,,,,"Assalamualaikum 
Izin post.
Bibit semangka siap tanam bulat. MADRID F1
Lokasi Metro Lampung 
Wa link bawah
https://wa.me/message/SC6PXLSBRXS5B1","100007578522755","Renzy Bintangasia","https://scontent-man2-1.xx.fbcdn.net/v/t39.30808-1/426012403_3605728109689771_2277782955804277447_n.jpg?stp=cp0_dst-jpg_s32x32&_nc_cat=104&ccb=1-7&_nc_sid=50d2ac&_nc_ohc=8B4n2B0-e5EQ7kNvgHJAurd&_nc_ht=scontent-man2-1.xx&_nc_gid=AwZg2AZa20BR95ZvdkjZwal&oh=00_AYBi_Yy5Pldjlrs_4J1RgLstQDq4hEdLEgXkimNCQw7Rkg&oe=67086C44","https://www.facebook.com/renzi.prayuda",,"Mantap Madrid emng joss","0"
,,,,,,,,,,,,,,,,,,,,,,,,,,,,"https://www.facebook.com/reel/446274737864156/?comment_id=1272108060618375","https://www.facebook.com/reel/446274737864156/?comment_id=1272108060618375&reply_comment_id=1317338622588675",,"2024-09-30T00:19:11.000Z","ZmVlZGJhY2s6ODM5MzQyODUxNzE1ODg5XzEzMTczMzg2MjI1ODg2NzU=","Y29tbWVudDo4MzkzNDI4NTE3MTU4ODlfMTMxNzMzODYyMjU4ODY3NQ==","0","User","pfbid0oZ7UuinsWQAN52ghq1ZSQgKNfgAPaWnQ7C1tnALSsjPEJ3bWMdQ82fpmKe4TBXHwl","Sunar Tani","Sunar","Y29tbWVudDo4MzkzNDI4NTE3MTU4ODlfMTI3MjEwODA2MDYxODM3NQ==","100069205464353","Helly Seedling","https://scontent-lga3-1.xx.fbcdn.net/v/t39.30808-1/428336159_702155295434646_5059998008807722009_n.jpg?stp=cp6_dst-jpg_s32x32&_nc_cat=108&ccb=1-7&_nc_sid=50d2ac&_nc_ohc=dKgmUe6DZ5QQ7kNvgFzMl32&_nc_ht=scontent-lga3-1.xx&_nc_gid=A-f9LwK8BS08Wwdq-2EKkDP&oh=00_AYDTOc6l3pYWBxgYTs8d9SlRYe2d6mK7CsA4swGowSIzHg&oe=6708724D","https://www.facebook.com/people/Helly-Seedling/100069205464353/","Y29tbWVudDo4MzkzNDI4NTE3MTU4ODlfMTI3MjEwODA2MDYxODM3NQ==","Sunar Tani wa bos 082280717454","1",,,,,,,,,,,,,,,,,,"1","2024-09-29T22:06:21.000Z","839342851715889","https://www.facebook.com/100069205464353/posts/839342851715889","ZmVlZGJhY2s6ODM5MzQyODUxNzE1ODg5XzEyNzIxMDgwNjA2MTgzNzU=","Y29tbWVudDo4MzkzNDI4NTE3MTU4ODlfMTI3MjEwODA2MDYxODM3NQ==","https://www.facebook.com/100069205464353/posts/839342851715889","0","233184383212138",,,,,,,,"Kohe kambing giling murni bos....
Lokasi Metro Lampung 
Wa 082280717454. Helly Seedling · Original audio","pfbid0oZ7UuinsWQAN52ghq1ZSQgKNfgAPaWnQ7C1tnALSsjPEJ3bWMdQ82fpmKe4TBXHwl","Sunar Tani","https://scontent-lga3-1.xx.fbcdn.net/v/t1.6435-1/93576732_106916267662838_767661293183172608_n.jpg?stp=c130.0.780.780a_cp0_dst-jpg_s32x32&_nc_cat=111&ccb=1-7&_nc_sid=0ecb9b&_nc_ohc=qRyiiYd0vhAQ7kNvgEDLuF9&_nc_ht=scontent-lga3-1.xx&_nc_gid=A-f9LwK8BS08Wwdq-2EKkDP&oh=00_AYAQUt2P_CHFA4DvdTVmRVHaGy6HL7PJTlLNFJkn91sVzQ&oe=672A0DDD","https://www.facebook.com/sunar.tani.5",,"Piroan boss","0"
,,,,,,,,,,,,,,,,,,,,,,,,,,,,"https://www.facebook.com/reel/446274737864156/?comment_id=540330771850978","https://www.facebook.com/reel/446274737864156/?comment_id=540330771850978&reply_comment_id=1065945725327017",,"2024-10-02T02:49:58.000Z","ZmVlZGJhY2s6ODM5MzQyODUxNzE1ODg5XzEwNjU5NDU3MjUzMjcwMTc=","Y29tbWVudDo4MzkzNDI4NTE3MTU4ODlfMTA2NTk0NTcyNTMyNzAxNw==","0","User","pfbid02aU6oWiqx4rBxCUWQXv327YfpLhVfk6VN79iKDjj9P9bHTwUoNLX99PWk6B3uaDTGl","Sugiyanti","Sugiyanti","Y29tbWVudDo4MzkzNDI4NTE3MTU4ODlfNTQwMzMwNzcxODUwOTc4","100069205464353","Helly Seedling","https://scontent-lga3-1.xx.fbcdn.net/v/t39.30808-1/428336159_702155295434646_5059998008807722009_n.jpg?stp=cp6_dst-jpg_s32x32&_nc_cat=108&ccb=1-7&_nc_sid=50d2ac&_nc_ohc=dKgmUe6DZ5QQ7kNvgFzMl32&_nc_ht=scontent-lga3-1.xx&_nc_gid=A-f9LwK8BS08Wwdq-2EKkDP&oh=00_AYDTOc6l3pYWBxgYTs8d9SlRYe2d6mK7CsA4swGowSIzHg&oe=6708724D","https://www.facebook.com/people/Helly-Seedling/100069205464353/","Y29tbWVudDo4MzkzNDI4NTE3MTU4ODlfNTQwMzMwNzcxODUwOTc4","Sugiyanti ga fermentasi brani bos kalo kohe kambing","1",,,,,,,,,,,,,,,,,,"1","2024-10-02T01:17:18.000Z","839342851715889","https://www.facebook.com/100069205464353/posts/839342851715889","ZmVlZGJhY2s6ODM5MzQyODUxNzE1ODg5XzU0MDMzMDc3MTg1MDk3OA==","Y29tbWVudDo4MzkzNDI4NTE3MTU4ODlfNTQwMzMwNzcxODUwOTc4","https://www.facebook.com/100069205464353/posts/839342851715889","0","233184383212138",,,,,,,,"Kohe kambing giling murni bos....
Lokasi Metro Lampung 
Wa 082280717454. Helly Seedling · Original audio","pfbid02aU6oWiqx4rBxCUWQXv327YfpLhVfk6VN79iKDjj9P9bHTwUoNLX99PWk6B3uaDTGl","Sugiyanti","https://scontent-lga3-2.xx.fbcdn.net/v/t39.30808-1/460998572_495946669996536_3011670346770639980_n.jpg?stp=c0.0.750.750a_cp0_dst-jpg_s32x32&_nc_cat=105&ccb=1-7&_nc_sid=0ecb9b&_nc_ohc=nGDKe27ZwPEQ7kNvgFWSR6S&_nc_ht=scontent-lga3-2.xx&_nc_gid=A-f9LwK8BS08Wwdq-2EKkDP&oh=00_AYBcEGfCRpZnq5apHompaV_x6KoXMaBlqUvfxWbgNcx-bA&oe=67087606","https://www.facebook.com/people/Sugiyanti/pfbid02aU6oWiqx4rBxCUWQXv327YfpLhVfk6VN79iKDjj9P9bHTwUoNLX99PWk6B3uaDTGl/",,"Sudah di permentasi belum?","0"
,,,,,,,,,,,,,,,,,,,,,,,,,,,,"https://www.facebook.com/reel/446274737864156/?comment_id=1234024627795552","https://www.facebook.com/reel/446274737864156/?comment_id=1234024627795552&reply_comment_id=885878696382000",,"2024-09-28T04:12:27.000Z","ZmVlZGJhY2s6ODM5MzQyODUxNzE1ODg5Xzg4NTg3ODY5NjM4MjAwMA==","Y29tbWVudDo4MzkzNDI4NTE3MTU4ODlfODg1ODc4Njk2MzgyMDAw","0","User","pfbid02wVDKm6x7TWVDKyahySERKB4iMyPxejBo46akophsNxVVMpZqNpuiHH8gx8wbQWGyl","Rohman Hardjo Sentono","Rohman","Y29tbWVudDo4MzkzNDI4NTE3MTU4ODlfMTIzNDAyNDYyNzc5NTU1Mg==","100069205464353","Helly Seedling","https://scontent-lga3-1.xx.fbcdn.net/v/t39.30808-1/428336159_702155295434646_5059998008807722009_n.jpg?stp=cp6_dst-jpg_s32x32&_nc_cat=108&ccb=1-7&_nc_sid=50d2ac&_nc_ohc=dKgmUe6DZ5QQ7kNvgFzMl32&_nc_ht=scontent-lga3-1.xx&_nc_gid=A-f9LwK8BS08Wwdq-2EKkDP&oh=00_AYDTOc6l3pYWBxgYTs8d9SlRYe2d6mK7CsA4swGowSIzHg&oe=6708724D","https://www.facebook.com/people/Helly-Seedling/100069205464353/","Y29tbWVudDo4MzkzNDI4NTE3MTU4ODlfMTIzNDAyNDYyNzc5NTU1Mg==","Rohman Hardjo Sentono wa mawon pak 082280717454","1",,,,,,,,,,,,,,,,,,"1","2024-09-28T04:09:42.000Z","839342851715889","https://www.facebook.com/100069205464353/posts/839342851715889","ZmVlZGJhY2s6ODM5MzQyODUxNzE1ODg5XzEyMzQwMjQ2Mjc3OTU1NTI=","Y29tbWVudDo4MzkzNDI4NTE3MTU4ODlfMTIzNDAyNDYyNzc5NTU1Mg==","https://www.facebook.com/100069205464353/posts/839342851715889","1","233184383212138",,,,,,,,"Kohe kambing giling murni bos....
Lokasi Metro Lampung 
Wa 082280717454. Helly Seedling · Original audio","pfbid02wVDKm6x7TWVDKyahySERKB4iMyPxejBo46akophsNxVVMpZqNpuiHH8gx8wbQWGyl","Rohman Hardjo Sentono","https://scontent-lga3-1.xx.fbcdn.net/v/t39.30808-1/456253297_7975080439250086_6746533190666301466_n.jpg?stp=cp0_dst-jpg_s32x32&_nc_cat=108&ccb=1-7&_nc_sid=0ecb9b&_nc_ohc=rxVTSIuyD4gQ7kNvgGGymdy&_nc_ht=scontent-lga3-1.xx&_nc_gid=A-f9LwK8BS08Wwdq-2EKkDP&oh=00_AYANns67xHT8zZD2fg5QL0UexvHY1aNaETwCXFWNxkIEkA&oe=67085E89","https://www.facebook.com/Asymaurrohman",,"Piro mas /sak?","0"
,,,,,,,,,,,,,,,,,,,,,,,,,,,,"https://www.facebook.com/permalink.php?story_fbid=pfbid0Qqbrkjfmf5YfP84THj6pDNcutCunGATwmuwcf8qY7D1qRvgx7CrxAWSLQ56tw8bDl&id=100069205464353&comment_id=1298505584444872",,,,,,,,,,,,,,,,,,,,,,,,,,,,,,,,,,,,,"2024-09-15T07:11:09.000Z","830058792644295","https://www.facebook.com/100069205464353/posts/830058792644295","ZmVlZGJhY2s6ODMwMDU4NzkyNjQ0Mjk1XzEyOTg1MDU1ODQ0NDQ4NzI=","Y29tbWVudDo4MzAwNTg3OTI2NDQyOTVfMTI5ODUwNTU4NDQ0NDg3Mg==","https://www.facebook.com/100069205464353/posts/830058792644295","1","233184383212138","false",,,,,,,"Assalamualaikum izin post 
Bantu petani yg cari bibit semangka siap tanam.
Kita ready ya semangka oval/lonjong SERI F1 dari BINTANG ASIA.
Lokasi Metro Lampung.
Wa 082280717454 atau link di bawah 
https://wa.me/message/SC6PXLSBRXS5B1","100007578522755","Renzy Bintangasia","https://scontent-lga3-2.xx.fbcdn.net/v/t39.30808-1/426012403_3605728109689771_2277782955804277447_n.jpg?stp=cp0_dst-jpg_s32x32&_nc_cat=104&ccb=1-7&_nc_sid=50d2ac&_nc_ohc=8B4n2B0-e5EQ7kNvgGu6ufz&_nc_ht=scontent-lga3-2.xx&_nc_gid=AdysjHM0xAY7zfWWabSEy04&oh=00_AYB7_5-carVBPUC23Nc0g3-0jPac4oTeXHJkd4tghQOzLQ&oe=67086C44","https://www.facebook.com/renzi.prayuda",,"Mantap","0"
,,,,,,,,,,,,,,,,,,,,,,,,,,,,"https://www.facebook.com/permalink.php?story_fbid=pfbid0QVQ1W1QN4tDKZ4RXybXfT6tRoeCR2PCmkhvPioyduhTP81fSLFGNKSrjgbe7VWQHl&id=100069205464353&comment_id=1990227234738506&reply_comment_id=2617372368471001",,,,,,,,,,,,,,,,,,,,,,,,,,,,,,,,,,,,"1","2024-09-30T00:35:36.000Z","840068464976661","https://www.facebook.com/100069205464353/posts/840068464976661","ZmVlZGJhY2s6ODQwMDY4NDY0OTc2NjYxXzI2MTczNzIzNjg0NzEwMDE=","Y29tbWVudDo4NDAwNjg0NjQ5NzY2NjFfMjYxNzM3MjM2ODQ3MTAwMQ==","https://www.facebook.com/100069205464353/posts/840068464976661","0","233184383212138","false",,"User","pfbid0WkXBKstzty5XjW165d2mLiqrH7XFaL1rt7WTZFXpdNwCQT6McJs1NaCEuTGpvMHFl","Hartoyo Adeeva Orlin","Hartoyo","Y29tbWVudDo4NDAwNjg0NjQ5NzY2NjFfMTk5MDIyNzIzNDczODUwNg==","Minggu, 29 September 2024

Rumah Semai Helly Seedling kembali menjadi tempat pilihan kegiatan mahasiswa POLINELA lampung prodi teknologi perbenihan dalam melakukan penelitian terkait mata kuliah management.  

Disinilah mereka akan menguras ilmu pengetahuan,  melakukan interaktif secara langsung kepada para karyawan sehingga mereka bisa menemukan atau menambah pengetahuan baru dalam dunia pertanian khususnya di dalam perbenihan

Kegiatan seperti ini sering dilakukan oleh mahasiswa untuk mendapatkan suatu informasi yang ingin di ketahui yakni dengan melakukan survey secara langsung.","pfbid0279u7z4JJyepEx4Nhkn3fE3g1GN9vSX4UPaYPT5WsLbDK3AHruJtP18XuhtgGwv4zl","Tuti Hartuti","https://scontent.fmci1-4.fna.fbcdn.net/v/t39.30808-1/453902290_122162439104230983_2353543471067364423_n.jpg?stp=cp0_dst-jpg_s32x32&_nc_cat=104&ccb=1-7&_nc_sid=0ecb9b&_nc_ohc=Ut3TREvjwVgQ7kNvgGArVap&_nc_ht=scontent.fmci1-4.fna&_nc_gid=A28K98MFdGzrWqDVqZJZK2a&oh=00_AYDG9YpvBd0NcJkYLsvbCTjA3ZOTbC02CC78QQK1nmF68Q&oe=6708865B","https://www.facebook.com/people/Tuti-Hartuti/pfbid0279u7z4JJyepEx4Nhkn3fE3g1GN9vSX4UPaYPT5WsLbDK3AHruJtP18XuhtgGwv4zl/","Y29tbWVudDo4NDAwNjg0NjQ5NzY2NjFfMTk5MDIyNzIzNDczODUwNg==","Hartoyo Adeeva Orlin senior ditunggu kunjungaNya","1"
,,,,,,,,,,,,,,,,,,,,,,,,,,,,"https://www.facebook.com/permalink.php?story_fbid=pfbid0QVQ1W1QN4tDKZ4RXybXfT6tRoeCR2PCmkhvPioyduhTP81fSLFGNKSrjgbe7VWQHl&id=100069205464353&comment_id=1990227234738506&reply_comment_id=1256670765778056",,,,,,,,,,,,,,,,,,,,,,,,,,,,,,,,,,,,,"2024-09-30T03:14:46.000Z","840068464976661","https://www.facebook.com/100069205464353/posts/840068464976661","ZmVlZGJhY2s6ODQwMDY4NDY0OTc2NjYxXzEyNTY2NzA3NjU3NzgwNTY=","Y29tbWVudDo4NDAwNjg0NjQ5NzY2NjFfMTI1NjY3MDc2NTc3ODA1Ng==","https://www.facebook.com/100069205464353/posts/840068464976661","0","233184383212138","false",,"User","pfbid0WkXBKstzty5XjW165d2mLiqrH7XFaL1rt7WTZFXpdNwCQT6McJs1NaCEuTGpvMHFl","Hartoyo Adeeva Orlin","Hartoyo","Y29tbWVudDo4NDAwNjg0NjQ5NzY2NjFfMTk5MDIyNzIzNDczODUwNg==","Minggu, 29 September 2024

Rumah Semai Helly Seedling kembali menjadi tempat pilihan kegiatan mahasiswa POLINELA lampung prodi teknologi perbenihan dalam melakukan penelitian terkait mata kuliah management.  

Disinilah mereka akan menguras ilmu pengetahuan,  melakukan interaktif secara langsung kepada para karyawan sehingga mereka bisa menemukan atau menambah pengetahuan baru dalam dunia pertanian khususnya di dalam perbenihan

Kegiatan seperti ini sering dilakukan oleh mahasiswa untuk mendapatkan suatu informasi yang ingin di ketahui yakni dengan melakukan survey secara langsung.","pfbid0WkXBKstzty5XjW165d2mLiqrH7XFaL1rt7WTZFXpdNwCQT6McJs1NaCEuTGpvMHFl","Hartoyo Adeeva Orlin","https://scontent.fmci1-3.fna.fbcdn.net/v/t39.30808-1/376769837_7252760278071582_7023959626220835255_n.jpg?stp=cp0_dst-jpg_s32x32&_nc_cat=107&ccb=1-7&_nc_sid=0ecb9b&_nc_ohc=FGUFHdzZyPcQ7kNvgEVuEuO&_nc_ht=scontent.fmci1-3.fna&_nc_gid=A28K98MFdGzrWqDVqZJZK2a&oh=00_AYADH9vnEFwsyRlNMqR3Tn_D9Xrh2HMUKm8Hwg5_oZwNTg&oe=67085BBD","https://www.facebook.com/yoyox.comunty","Y29tbWVudDo4NDAwNjg0NjQ5NzY2NjFfMTk5MDIyNzIzNDczODUwNg==","Tuti Hartuti he he ampun suhu","2"
,,,,,,,,,,,,,,,,,,,,,,,,,,,,"https://www.facebook.com/reel/446274737864156/?comment_id=1272108060618375&reply_comment_id=1317338622588675",,,,,,,,,,,,,,,,,,,,,,,,,,,,,,,,,,,,,"2024-09-30T00:19:11.000Z","839342851715889","https://www.facebook.com/100069205464353/posts/839342851715889","ZmVlZGJhY2s6ODM5MzQyODUxNzE1ODg5XzEzMTczMzg2MjI1ODg2NzU=","Y29tbWVudDo4MzkzNDI4NTE3MTU4ODlfMTMxNzMzODYyMjU4ODY3NQ==","https://www.facebook.com/100069205464353/posts/839342851715889","0","233184383212138",,,"User","pfbid0oZ7UuinsWQAN52ghq1ZSQgKNfgAPaWnQ7C1tnALSsjPEJ3bWMdQ82fpmKe4TBXHwl","Sunar Tani","Sunar","Y29tbWVudDo4MzkzNDI4NTE3MTU4ODlfMTI3MjEwODA2MDYxODM3NQ==","Kohe kambing giling murni bos....
Lokasi Metro Lampung 
Wa 082280717454. Helly Seedling · Original audio","100069205464353","Helly Seedling","https://scontent.frak1-1.fna.fbcdn.net/v/t39.30808-1/428336159_702155295434646_5059998008807722009_n.jpg?stp=cp6_dst-jpg_s32x32&_nc_cat=108&ccb=1-7&_nc_sid=50d2ac&_nc_ohc=dKgmUe6DZ5QQ7kNvgEuNEUA&_nc_ht=scontent.frak1-1.fna&_nc_gid=AwkIRooVnKO_I9Kns5gZhai&oh=00_AYDGO6ZJhAWpVdPn0lh18Pva8Q7kNsWP1G5oCnVvOG8jMQ&oe=6708724D","https://www.facebook.com/people/Helly-Seedling/100069205464353/","Y29tbWVudDo4MzkzNDI4NTE3MTU4ODlfMTI3MjEwODA2MDYxODM3NQ==","Sunar Tani wa bos 082280717454","1"
,,,,,,,,,,,,,,,,,,,,,,,,,,,,"https://www.facebook.com/reel/446274737864156/?comment_id=1234024627795552&reply_comment_id=885878696382000",,,,,,,,,,,,,,,,,,,,,,,,,,,,,,,,,,,,,"2024-09-28T04:12:27.000Z","839342851715889","https://www.facebook.com/100069205464353/posts/839342851715889","ZmVlZGJhY2s6ODM5MzQyODUxNzE1ODg5Xzg4NTg3ODY5NjM4MjAwMA==","Y29tbWVudDo4MzkzNDI4NTE3MTU4ODlfODg1ODc4Njk2MzgyMDAw","https://www.facebook.com/100069205464353/posts/839342851715889","0","233184383212138",,,"User","pfbid02wVDKm6x7TWVDKyahySERKB4iMyPxejBo46akophsNxVVMpZqNpuiHH8gx8wbQWGyl","Rohman Hardjo Sentono","Rohman","Y29tbWVudDo4MzkzNDI4NTE3MTU4ODlfMTIzNDAyNDYyNzc5NTU1Mg==","Kohe kambing giling murni bos....
Lokasi Metro Lampung 
Wa 082280717454. Helly Seedling · Original audio","100069205464353","Helly Seedling","https://scontent-lga3-1.xx.fbcdn.net/v/t39.30808-1/428336159_702155295434646_5059998008807722009_n.jpg?stp=cp6_dst-jpg_s32x32&_nc_cat=108&ccb=1-7&_nc_sid=50d2ac&_nc_ohc=dKgmUe6DZ5QQ7kNvgHh-ppm&_nc_ht=scontent-lga3-1.xx&_nc_gid=A2arN8Eu9RyInqoCvDyccl-&oh=00_AYBHjFIli6LsnkThgkK0RxmDSU9DzDWYEDqkZbMIc7ph8A&oe=6708724D","https://www.facebook.com/people/Helly-Seedling/100069205464353/","Y29tbWVudDo4MzkzNDI4NTE3MTU4ODlfMTIzNDAyNDYyNzc5NTU1Mg==","Rohman Hardjo Sentono wa mawon pak 082280717454","1"
,,,,,,,,,,,,,,,,,,,,,,,,,,,,"https://www.facebook.com/permalink.php?story_fbid=pfbid037CJQwJ1ByCRm8Se739wySrf9H31Dvnv1D9kePTsvYsGVjggYfwXDkJd4HMs42oXPl&id=100069205464353&comment_id=546353744481512&reply_comment_id=396388020162839",,,,,,,,,,,,,,,,,,,,,,,,,,,,,,,,,,,,,"2024-09-14T01:05:16.000Z","828565746126933","https://www.facebook.com/100069205464353/posts/828565746126933","ZmVlZGJhY2s6ODI4NTY1NzQ2MTI2OTMzXzM5NjM4ODAyMDE2MjgzOQ==","Y29tbWVudDo4Mjg1NjU3NDYxMjY5MzNfMzk2Mzg4MDIwMTYyODM5","https://www.facebook.com/100069205464353/posts/828565746126933","0","233184383212138","false",,"User","100007578522755","Renzy Bintangasia","Renzy","Y29tbWVudDo4Mjg1NjU3NDYxMjY5MzNfNTQ2MzUzNzQ0NDgxNTEy","Assalamualaikum 
Izin post.
Bibit semangka siap tanam bulat. MADRID F1
Lokasi Metro Lampung 
Wa link bawah
https://wa.me/message/SC6PXLSBRXS5B1","100069205464353","Helly Seedling","https://scontent-ord5-1.xx.fbcdn.net/v/t39.30808-1/428336159_702155295434646_5059998008807722009_n.jpg?stp=cp6_dst-jpg_s32x32&_nc_cat=108&ccb=1-7&_nc_sid=50d2ac&_nc_ohc=dKgmUe6DZ5QQ7kNvgGOdEVx&_nc_ht=scontent-ord5-1.xx&_nc_gid=ARosr67Lud2jvagrLXAI5wa&oh=00_AYDutWtjQ-iE28wF56JKnLgJLw5d-Rm9cDdkui0hRtlk1g&oe=6708724D","https://www.facebook.com/people/Helly-Seedling/100069205464353/","Y29tbWVudDo4Mjg1NjU3NDYxMjY5MzNfNTQ2MzUzNzQ0NDgxNTEy","Renzy Bintangasia jos","1"
,,,,,,,,,,,,,,,,,,,,,,,,,,,,"https://www.facebook.com/reel/446274737864156/?comment_id=540330771850978&reply_comment_id=1065945725327017",,,,,,,,,,,,,,,,,,,,,,,,,,,,,,,,,,,,,"2024-10-02T02:49:58.000Z","839342851715889","https://www.facebook.com/100069205464353/posts/839342851715889","ZmVlZGJhY2s6ODM5MzQyODUxNzE1ODg5XzEwNjU5NDU3MjUzMjcwMTc=","Y29tbWVudDo4MzkzNDI4NTE3MTU4ODlfMTA2NTk0NTcyNTMyNzAxNw==","https://www.facebook.com/100069205464353/posts/839342851715889","0","233184383212138",,,"User","pfbid02aU6oWiqx4rBxCUWQXv327YfpLhVfk6VN79iKDjj9P9bHTwUoNLX99PWk6B3uaDTGl","Sugiyanti","Sugiyanti","Y29tbWVudDo4MzkzNDI4NTE3MTU4ODlfNTQwMzMwNzcxODUwOTc4","Kohe kambing giling murni bos....
Lokasi Metro Lampung 
Wa 082280717454. Helly Seedling · Original audio","100069205464353","Helly Seedling","https://scontent.fhsv1-1.fna.fbcdn.net/v/t39.30808-1/428336159_702155295434646_5059998008807722009_n.jpg?stp=cp6_dst-jpg_s32x32&_nc_cat=108&ccb=1-7&_nc_sid=50d2ac&_nc_ohc=dKgmUe6DZ5QQ7kNvgFCYi4X&_nc_ht=scontent.fhsv1-1.fna&_nc_gid=A38CdggXKhIOOjzYLJMbzlV&oh=00_AYBhLAAo7UC8UKNLMgvF6YRRDwTq0vL6ex6GsB2hjMP_jw&oe=6708724D","https://www.facebook.com/people/Helly-Seedling/100069205464353/","Y29tbWVudDo4MzkzNDI4NTE3MTU4ODlfNTQwMzMwNzcxODUwOTc4","Sugiyanti ga fermentasi brani bos kalo kohe kambing","1"
,,,,,,,,,,,,,,,,,,,,,,,,,,,,"https://www.facebook.com/reel/2217065178665399/?comment_id=1037551650899382&reply_comment_id=1052010579776936",,,,,,,,,,,,,,,,,,,,,,,,,,,,,,,,,,,,"1","2024-09-07T03:47:41.000Z","824075783242596","https://www.facebook.com/100069205464353/posts/824075783242596","ZmVlZGJhY2s6ODI0MDc1NzgzMjQyNTk2XzEwNTIwMTA1Nzk3NzY5MzY=","Y29tbWVudDo4MjQwNzU3ODMyNDI1OTZfMTA1MjAxMDU3OTc3NjkzNg==","https://www.facebook.com/100069205464353/posts/824075783242596","0","233184383212138",,,"User","pfbid02feRpE4NB5tiMZL6NhaD3u4JxTZFNVVhHUK8B81Y9nJxrtRXk7eTCGUcCEddSr2HCl","Hartono Wijaya","Hartono","Y29tbWVudDo4MjQwNzU3ODMyNDI1OTZfMTAzNzU1MTY1MDg5OTM4Mg==","Tanaman tomat yg akan di tumpang sari dengan CMK kedepanya.

Tentunya dengan nutrisi dari organik 80% dan kimia 20%.
Pupuk organik yg kita pakai adalah KOHE KAMBING GILING.

Karna KOHE KAMBING GILING...","100069205464353","Helly Seedling","https://scontent-iad3-1.xx.fbcdn.net/v/t39.30808-1/428336159_702155295434646_5059998008807722009_n.jpg?stp=cp6_dst-jpg_s32x32&_nc_cat=108&ccb=1-7&_nc_sid=50d2ac&_nc_ohc=dKgmUe6DZ5QQ7kNvgG9zMKx&_nc_ht=scontent-iad3-1.xx&_nc_gid=A40hkNB7dNUPsyQ0ysu0BKl&oh=00_AYAHuc-PgDiFJz-E3IKWQaX2FcLi3C90TmJI9rjFgdAsMQ&oe=6708724D","https://www.facebook.com/people/Helly-Seedling/100069205464353/","Y29tbWVudDo4MjQwNzU3ODMyNDI1OTZfMTAzNzU1MTY1MDg5OTM4Mg==","Hartono Wijaya metro Lampung","1"
,,,,,,,,,,,,,,,,,,,,,,,,,,,,"https://www.facebook.com/reel/2217065178665399/?comment_id=1037551650899382&reply_comment_id=1256914308812198",,,,,,,,,,,,,,,,,,,,,,,,,,,,,,,,,,,,,"2024-09-07T04:37:49.000Z","824075783242596","https://www.facebook.com/100069205464353/posts/824075783242596","ZmVlZGJhY2s6ODI0MDc1NzgzMjQyNTk2XzEyNTY5MTQzMDg4MTIxOTg=","Y29tbWVudDo4MjQwNzU3ODMyNDI1OTZfMTI1NjkxNDMwODgxMjE5OA==","https://www.facebook.com/100069205464353/posts/824075783242596","0","233184383212138",,,"User","pfbid02feRpE4NB5tiMZL6NhaD3u4JxTZFNVVhHUK8B81Y9nJxrtRXk7eTCGUcCEddSr2HCl","Hartono Wijaya","Hartono","Y29tbWVudDo4MjQwNzU3ODMyNDI1OTZfMTAzNzU1MTY1MDg5OTM4Mg==","Tanaman tomat yg akan di tumpang sari dengan CMK kedepanya.

Tentunya dengan nutrisi dari organik 80% dan kimia 20%.
Pupuk organik yg kita pakai adalah KOHE KAMBING GILING.

Karna KOHE KAMBING GILING...","pfbid02feRpE4NB5tiMZL6NhaD3u4JxTZFNVVhHUK8B81Y9nJxrtRXk7eTCGUcCEddSr2HCl","Hartono Wijaya","https://scontent-iad3-2.xx.fbcdn.net/v/t1.6435-1/132548671_103785054974148_5589194742787364738_n.jpg?stp=c0.106.640.640a_cp0_dst-jpg_s32x32&_nc_cat=111&ccb=1-7&_nc_sid=0ecb9b&_nc_ohc=l2x4FpI3EewQ7kNvgE2vc_D&_nc_ht=scontent-iad3-2.xx&_nc_gid=A40hkNB7dNUPsyQ0ysu0BKl&oh=00_AYAhKCVuX3AZjA0AWzkOQHcYVXYcvF5O9RkH4UL2Qxax8Q&oe=6729F42C","https://www.facebook.com/hartono.wijaya.75641","Y29tbWVudDo4MjQwNzU3ODMyNDI1OTZfMTAzNzU1MTY1MDg5OTM4Mg==","Helly Seedling  pekalongan apa metro","2"
,,,,,,,,,,,,,,,,,,,,,,,,,,,,"https://www.facebook.com/reel/492290630257049/?comment_id=1029033968915350",,,,,,,,,,,,,,,,,,,,,,,,,,,,,,,,,,,,,"2024-09-18T14:22:06.000Z","831359079180933","https://www.facebook.com/100069205464353/posts/831359079180933","ZmVlZGJhY2s6ODMxMzU5MDc5MTgwOTMzXzEwMjkwMzM5Njg5MTUzNTA=","Y29tbWVudDo4MzEzNTkwNzkxODA5MzNfMTAyOTAzMzk2ODkxNTM1MA==","https://www.facebook.com/100069205464353/posts/831359079180933","0","233184383212138",,,,,,,,"Ready bibit SIOS dan bibit lainya kita jual kemasan dan bibit jadi/siap tanam.
Lokasi Metro Lampung 
Wa 082280717454. Helly Seedling · Original audio","pfbid0MPrcApcspzzkbdvxurTDZWA4e6PwoG6ZyKmeUiB8vn1FK7gR2oSmCm5pX9qDeYcFl","Alfa Risi","https://scontent.fdet2-1.fna.fbcdn.net/v/t39.30808-1/352509228_293786946318153_7165784542454929919_n.jpg?stp=cp0_dst-jpg_s32x32&_nc_cat=108&ccb=1-7&_nc_sid=0ecb9b&_nc_ohc=pT41l9yOXt8Q7kNvgHLbMgh&_nc_ht=scontent.fdet2-1.fna&_nc_gid=Aa7Qh8fL4RkAjtmIUF3bWaQ&oh=00_AYCtkvUC5-y8eyDmn_paEzxnfSushGRZtJrqo-jIm8oOyg&oe=6708711B","https://www.facebook.com/alfa0330",,"Berapa satu bungkus boos dan bibit or twis 42 ada boos","0"
,,,,,,,,,,,,,,,,,,,,,,,,,,,,"https://www.facebook.com/reel/2006393493150562/?comment_id=1176519650243785",,,,,,,,,,,,,,,,,,,,,,,,,,,,,,,,,,,,,"2024-09-06T21:39:39.000Z","822164903433684","https://www.facebook.com/100069205464353/posts/822164903433684","ZmVlZGJhY2s6ODIyMTY0OTAzNDMzNjg0XzExNzY1MTk2NTAyNDM3ODU=","Y29tbWVudDo4MjIxNjQ5MDM0MzM2ODRfMTE3NjUxOTY1MDI0Mzc4NQ==","https://www.facebook.com/100069205464353/posts/822164903433684","0","233184383212138",,,,,,,,"Ready kohe kambing giling MURNI.
Bagus buat dasaran karna mengandung unsur hara yg di butuhkan tanama. Dan dapat memperbaiki struktur tanah yg rusak. Kenapa harus kohe kambing?
Karna tidak mengandung...","pfbid06LcUhXQ4RZZpbR2x7h2YxbsUdyZNxV61ePovkE667J2EjR4wWYpeatVUUGbKdy63l","AL","https://scontent.fdel2-3.fna.fbcdn.net/v/t39.30808-1/432579998_1083946406056371_1092278102466940213_n.jpg?stp=c0.0.720.720a_cp0_dst-jpg_s32x32&_nc_cat=109&ccb=1-7&_nc_sid=0ecb9b&_nc_ohc=TEl6SGirQvYQ7kNvgEN9rdD&_nc_ht=scontent.fdel2-3.fna&_nc_gid=ASGijsy-5Fwh2ye-usfpjQI&oh=00_AYDD9yOQ-zn8yq8RzDSSJ8H11B2EJsTVx0qQ3Gu0xTpW1w&oe=67087F74","https://www.facebook.com/people/AL/pfbid06LcUhXQ4RZZpbR2x7h2YxbsUdyZNxV61ePovkE667J2EjR4wWYpeatVUUGbKdy63l/",,"Nota","0"
,,,,,,,,,,,,,,,,,,,,,,,,,,,,"https://www.facebook.com/reel/2006393493150562/?comment_id=2197334860667163",,,,,,,,,,,,,,,,,,,,,,,,,,,,,,,,,,,,,"2024-09-10T05:47:02.000Z","822164903433684","https://www.facebook.com/100069205464353/posts/822164903433684","ZmVlZGJhY2s6ODIyMTY0OTAzNDMzNjg0XzIxOTczMzQ4NjA2NjcxNjM=","Y29tbWVudDo4MjIxNjQ5MDM0MzM2ODRfMjE5NzMzNDg2MDY2NzE2Mw==","https://www.facebook.com/100069205464353/posts/822164903433684","0","233184383212138",,,,,,,,"Ready kohe kambing giling MURNI.
Bagus buat dasaran karna mengandung unsur hara yg di butuhkan tanama. Dan dapat memperbaiki struktur tanah yg rusak. Kenapa harus kohe kambing?
Karna tidak mengandung...","pfbid052btGU6vHFMyLNpudFuMvc4hqKHZ8gY1Heezo3zJ7A1AAE7ByfY6Qxn7BNxM49FZl","Gaishan R","https://scontent.fdel2-3.fna.fbcdn.net/v/t39.30808-1/379721691_3560182704263629_8929060375250094336_n.jpg?stp=cp0_dst-jpg_s32x32&_nc_cat=106&ccb=1-7&_nc_sid=0ecb9b&_nc_ohc=WVt72hJuZEIQ7kNvgFc_Qr6&_nc_ht=scontent.fdel2-3.fna&_nc_gid=ASGijsy-5Fwh2ye-usfpjQI&oh=00_AYAEzfsZV99cDGYG7W1Uks-PzvUiKsftPohvbiaOVaiS_g&oe=670860C4","https://www.facebook.com/alfiodhani.alfiodhani",,"Per karung berapa kg bosku... Plus nota piro???","0"
,,,,,,,,,,,,,,,,,,,,,,,,,,,,"https://www.facebook.com/permalink.php?story_fbid=pfbid02AVRJKBgx3sUHRSDuth5Qmwf9EsRTnux4w2WpbdbCXXSBqRcKbWJGE26YbSZWFXxkl&id=100069205464353&comment_id=1051745172840066&reply_comment_id=400969832868159",,,,,,,,,,,,,,,,,,,,,,,,,,,,,,,,,,,,,"2024-10-02T07:38:38.000Z","840789508237890","https://www.facebook.com/100069205464353/posts/840789508237890","ZmVlZGJhY2s6ODQwNzg5NTA4MjM3ODkwXzQwMDk2OTgzMjg2ODE1OQ==","Y29tbWVudDo4NDA3ODk1MDgyMzc4OTBfNDAwOTY5ODMyODY4MTU5","https://www.facebook.com/100069205464353/posts/840789508237890","0","355442210992705","false",,"User","pfbid023WFU7Hd5oEQd8AjjoTEokVpYQ2LzV9apWv9gToXyj4aDSoYEDTngwLYukx3uU25ql","Jumingin","Jumingin","Y29tbWVudDo4NDA3ODk1MDgyMzc4OTBfMTA1MTc0NTE3Mjg0MDA2Ng==","Helly Seedling. 329 likes · 202 talking about this. bibit sayuran🌱 semangka🍉 dll
Desa srisawahan deket wisata Bendungan Dam Raman.🏡wa :082280717454📲","100069205464353","Helly Seedling","https://scontent.frdp3-1.fna.fbcdn.net/v/t39.30808-1/428336159_702155295434646_5059998008807722009_n.jpg?stp=cp6_dst-jpg_s32x32&_nc_cat=108&ccb=1-7&_nc_sid=50d2ac&_nc_ohc=dKgmUe6DZ5QQ7kNvgH6Ev0e&_nc_ht=scontent.frdp3-1.fna&_nc_gid=A8mjH1m0VQ8zzq37SG__u3r&oh=00_AYBH5_EQ3uWPdZ69TIlPOmYsL-LgDhh6bvWNeNkDDzrMvg&oe=6708724D","https://www.facebook.com/people/Helly-Seedling/100069205464353/","Y29tbWVudDo4NDA3ODk1MDgyMzc4OTBfMTA1MTc0NTE3Mjg0MDA2Ng==","Jumingin sandjng pertashop Srisawahan","1"
,,,,,,,,,,,,,,,,,,,,,,,,,,,,"https://www.facebook.com/reel/502471772709730/?comment_id=1204733980812093",,,,,,,,,,,,,,,,,,,,,,,,,,,,,,,,,,,,"2","2024-10-03T09:51:53.000Z","843209521329222","https://www.facebook.com/100069205464353/posts/843209521329222","ZmVlZGJhY2s6ODQzMjA5NTIxMzI5MjIyXzEyMDQ3MzM5ODA4MTIwOTM=","Y29tbWVudDo4NDMyMDk1MjEzMjkyMjJfMTIwNDczMzk4MDgxMjA5Mw==","https://www.facebook.com/100069205464353/posts/843209521329222","2","233184383212138",,,,,,,,"02 Oktober 2024.

OKREEEEEEE!!!
Helly Seedling kembali menjadi tempat pertemuan bagi rekan rekan sepesial yaitu pak Sugito Semangko yg menjadi salah satu petani semangka sukses dari Bangko Jambi, ada...","pfbid02gNuqa8bc4Kg9sLEoad6ouzHwLTSgVnRkvxziLzkkxKSQ6BwrHVCWy7zwZa8SZLQvl","Sugito Semangko","https://scontent.fdac2-2.fna.fbcdn.net/v/t1.6435-1/171039543_100851735477673_9187325491285823412_n.jpg?stp=cp0_dst-jpg_s32x32&_nc_cat=103&ccb=1-7&_nc_sid=0ecb9b&_nc_ohc=FsU1Z7ugGX0Q7kNvgGZPFTG&_nc_ht=scontent.fdac2-2.fna&_nc_gid=AAf7sKMro4hfe8GQmVy5XQU&oh=00_AYBHQO3XO6_FC-nKtqMeEDbxIMA_tfF-E71gvgVYjlZTQA&oe=6729F8BD","https://www.facebook.com/sugito.semangko.9",,"Siap di perintah boss","0"
,,,,,,,,,,,,,,,,,,,,,,,,,,,,"https://www.facebook.com/reel/502471772709730/?comment_id=556937860346153",,,,,,,,,,,,,,,,,,,,,,,,,,,,,,,,,,,,,"2024-10-03T09:53:24.000Z","843209521329222","https://www.facebook.com/100069205464353/posts/843209521329222","ZmVlZGJhY2s6ODQzMjA5NTIxMzI5MjIyXzU1NjkzNzg2MDM0NjE1Mw==","Y29tbWVudDo4NDMyMDk1MjEzMjkyMjJfNTU2OTM3ODYwMzQ2MTUz","https://www.facebook.com/100069205464353/posts/843209521329222","3","233184383212138",,,,,,,,"02 Oktober 2024.

OKREEEEEEE!!!
Helly Seedling kembali menjadi tempat pertemuan bagi rekan rekan sepesial yaitu pak Sugito Semangko yg menjadi salah satu petani semangka sukses dari Bangko Jambi, ada...","100000502823202","Hely Sumanto","https://scontent.fdac2-2.fna.fbcdn.net/v/t39.30808-1/316542824_6358799140813450_4293880377762150428_n.jpg?stp=c6.0.512.512a_cp0_dst-jpg_s32x32&_nc_cat=107&ccb=1-7&_nc_sid=50d2ac&_nc_ohc=eEitxi6ogFgQ7kNvgF4oljU&_nc_ht=scontent.fdac2-2.fna&_nc_gid=AAf7sKMro4hfe8GQmVy5XQU&oh=00_AYB9rCAFpuQnT-72TgMc8ORd7dbFfrIsN0rt8kZgrdm_cQ&oe=67087A3C","https://www.facebook.com/hely.sumanto",,"Sangat beruntung bisa kedatangan tamu luar biasa pak Sugito Semangko yang selama ini hanya bisa liat kesuksesan beliau lewat fb","0"
,,,,,,,,,,,,,,,,,,,,,,,,,,,,"https://www.facebook.com/reel/502471772709730/?comment_id=3405598179734979",,,,,,,,,,,,,,,,,,,,,,,,,,,,,,,,,,,,"1","2024-10-03T09:36:55.000Z","843209521329222","https://www.facebook.com/100069205464353/posts/843209521329222","ZmVlZGJhY2s6ODQzMjA5NTIxMzI5MjIyXzM0MDU1OTgxNzk3MzQ5Nzk=","Y29tbWVudDo4NDMyMDk1MjEzMjkyMjJfMzQwNTU5ODE3OTczNDk3OQ==","https://www.facebook.com/100069205464353/posts/843209521329222","1","233184383212138",,,,,,,,"02 Oktober 2024.

OKREEEEEEE!!!
Helly Seedling kembali menjadi tempat pertemuan bagi rekan rekan sepesial yaitu pak Sugito Semangko yg menjadi salah satu petani semangka sukses dari Bangko Jambi, ada...","100001408872342","Febri Arianto","https://scontent.fdac2-2.fna.fbcdn.net/v/t39.30808-1/402943207_7015531545170405_560873927845988234_n.jpg?stp=cp0_dst-jpg_s32x32&_nc_cat=102&ccb=1-7&_nc_sid=50d2ac&_nc_ohc=EXPOLw0r9FAQ7kNvgGyXOPs&_nc_ht=scontent.fdac2-2.fna&_nc_gid=AAf7sKMro4hfe8GQmVy5XQU&oh=00_AYCGhv3ibiMDj-uoHRPzyfeTBDgHnpl5Qc8TGWvtJPdkQQ&oe=6708533E","https://www.facebook.com/febri.dgunshereikan",,"Panggah okree","0"
,,,,,,,,,,,,,,,,,,,,,,,,,,,,"https://www.facebook.com/reel/502471772709730/?comment_id=1077387143743227",,,,,,,,,,,,,,,,,,,,,,,,,,,,,,,,,,,,"5","2024-10-03T09:57:33.000Z","843209521329222","https://www.facebook.com/100069205464353/posts/843209521329222","ZmVlZGJhY2s6ODQzMjA5NTIxMzI5MjIyXzEwNzczODcxNDM3NDMyMjc=","Y29tbWVudDo4NDMyMDk1MjEzMjkyMjJfMTA3NzM4NzE0Mzc0MzIyNw==","https://www.facebook.com/100069205464353/posts/843209521329222","1","233184383212138",,,,,,,,"02 Oktober 2024.

OKREEEEEEE!!!
Helly Seedling kembali menjadi tempat pertemuan bagi rekan rekan sepesial yaitu pak Sugito Semangko yg menjadi salah satu petani semangka sukses dari Bangko Jambi, ada...","1749717881","Budi Kartika","https://scontent.fdac2-1.fna.fbcdn.net/v/t1.6435-1/46516739_10205017446033064_7747677507955982336_n.jpg?stp=cp0_dst-jpg_s32x32&_nc_cat=111&ccb=1-7&_nc_sid=db5862&_nc_ohc=iz_xNXfXeC0Q7kNvgG6XP-E&_nc_ht=scontent.fdac2-1.fna&_nc_gid=AAf7sKMro4hfe8GQmVy5XQU&oh=00_AYCCfQbebeeHw5210juEgV6NtgnKMgP7yziUFg5KfXDZ0A&oe=672A13A5","https://www.facebook.com/BeKa260800",,"Subhanallah","0"
,,,,,,,,,,,,,,,,,,,,,,,,,,,,"https://www.facebook.com/reel/502471772709730/?comment_id=1266050161219010",,,,,,,,,,,,,,,,,,,,,,,,,,,,,,,,,,,,"1","2024-10-03T10:25:02.000Z","843209521329222","https://www.facebook.com/100069205464353/posts/843209521329222","ZmVlZGJhY2s6ODQzMjA5NTIxMzI5MjIyXzEyNjYwNTAxNjEyMTkwMTA=","Y29tbWVudDo4NDMyMDk1MjEzMjkyMjJfMTI2NjA1MDE2MTIxOTAxMA==","https://www.facebook.com/100069205464353/posts/843209521329222","1","233184383212138",,,,,,,,"02 Oktober 2024.

OKREEEEEEE!!!
Helly Seedling kembali menjadi tempat pertemuan bagi rekan rekan sepesial yaitu pak Sugito Semangko yg menjadi salah satu petani semangka sukses dari Bangko Jambi, ada...","100007578522755","Renzy Bintangasia","https://scontent.fdac2-1.fna.fbcdn.net/v/t39.30808-1/426012403_3605728109689771_2277782955804277447_n.jpg?stp=cp0_dst-jpg_s32x32&_nc_cat=104&ccb=1-7&_nc_sid=50d2ac&_nc_ohc=8B4n2B0-e5EQ7kNvgHo9r_U&_nc_ht=scontent.fdac2-1.fna&_nc_gid=AAf7sKMro4hfe8GQmVy5XQU&oh=00_AYDNTvRdZpvVNN2d5MXkyi8Anj0C9juuGe4V7sheEGX0eg&oe=67086C44","https://www.facebook.com/renzi.prayuda",,"Bintang Asia Sumbagsel masuk dia bos"" besar..semoga sukses bersama bintang asia pak boskuu","0"
,,,,,,,,,,,,,,,,,,,,,,,,,,,,"https://www.facebook.com/reel/502471772709730/?comment_id=1048470026582461",,,,,,,,,,,,,,,,,,,,,,,,,,,,,,,,,,,,"1","2024-10-03T11:28:11.000Z","843209521329222","https://www.facebook.com/100069205464353/posts/843209521329222","ZmVlZGJhY2s6ODQzMjA5NTIxMzI5MjIyXzEwNDg0NzAwMjY1ODI0NjE=","Y29tbWVudDo4NDMyMDk1MjEzMjkyMjJfMTA0ODQ3MDAyNjU4MjQ2MQ==","https://www.facebook.com/100069205464353/posts/843209521329222","1","233184383212138",,,,,,,,"02 Oktober 2024.

OKREEEEEEE!!!
Helly Seedling kembali menjadi tempat pertemuan bagi rekan rekan sepesial yaitu pak Sugito Semangko yg menjadi salah satu petani semangka sukses dari Bangko Jambi, ada...","pfbid05tBc4Ukbm9YDAsv139EQzbQNRVEeUhv9deYWHL4DHas6RYow7Das6P3JGvxGbxX1l","Gareng","https://scontent.fdac2-2.fna.fbcdn.net/v/t39.30808-1/461782098_997787618821659_6745963518217510128_n.jpg?stp=cp0_dst-jpg_s32x32&_nc_cat=103&ccb=1-7&_nc_sid=0ecb9b&_nc_ohc=CfQbg22NyZAQ7kNvgHBpoGO&_nc_ht=scontent.fdac2-2.fna&_nc_gid=AAf7sKMro4hfe8GQmVy5XQU&oh=00_AYBfyoreR3Ev-lFJ-DP14akuaBxgYE6jNjQQG2bDFfMEMA&oe=670876E6","https://www.facebook.com/people/Gareng/pfbid05tBc4Ukbm9YDAsv139EQzbQNRVEeUhv9deYWHL4DHas6RYow7Das6P3JGvxGbxX1l/",,"Keren boss hely","0"
,,,,,,,,,,,,,,,,,,,,,,,,,,,,"https://www.facebook.com/reel/502471772709730/?comment_id=1592381931313910",,,,,,,,,,,,,,,,,,,,,,,,,,,,,,,,,,,,,"2024-10-03T13:30:19.000Z","843209521329222","https://www.facebook.com/100069205464353/posts/843209521329222","ZmVlZGJhY2s6ODQzMjA5NTIxMzI5MjIyXzE1OTIzODE5MzEzMTM5MTA=","Y29tbWVudDo4NDMyMDk1MjEzMjkyMjJfMTU5MjM4MTkzMTMxMzkxMA==","https://www.facebook.com/100069205464353/posts/843209521329222","0","233184383212138",,,,,,,,"02 Oktober 2024.

OKREEEEEEE!!!
Helly Seedling kembali menjadi tempat pertemuan bagi rekan rekan sepesial yaitu pak Sugito Semangko yg menjadi salah satu petani semangka sukses dari Bangko Jambi, ada...","pfbid021AwPNwsDhzv4x9ymNaRovVjNdZ7BppGFkmwUgwRhXpKddmZthuBwngkM3AY2EvKSl","Imam Semangka","https://scontent.fdac2-2.fna.fbcdn.net/v/t39.30808-1/448710582_122108008040363041_238006994187149039_n.jpg?stp=cp0_dst-jpg_s32x32&_nc_cat=101&ccb=1-7&_nc_sid=0ecb9b&_nc_ohc=Qove6ZU4U6EQ7kNvgHeutfk&_nc_ht=scontent.fdac2-2.fna&_nc_gid=AAf7sKMro4hfe8GQmVy5XQU&oh=00_AYDVbECyMuWfkmd7Ibkmz2v-o19uTQiai9_IkgE3nUPXRA&oe=6708645C","https://www.facebook.com/people/Imam-Semangka/pfbid021AwPNwsDhzv4x9ymNaRovVjNdZ7BppGFkmwUgwRhXpKddmZthuBwngkM3AY2EvKSl/",,"Urong balek Jambi pak gito","0"
,,,,,,,,,,,,,,,,,,,,,,,,,,,,"https://www.facebook.com/reel/502471772709730/?comment_id=1273794280474429",,,,,,,,,,,,,,,,,,,,,,,,,,,,,,,,,,,,,"2024-10-04T12:45:27.000Z","843209521329222","https://www.facebook.com/100069205464353/posts/843209521329222","ZmVlZGJhY2s6ODQzMjA5NTIxMzI5MjIyXzEyNzM3OTQyODA0NzQ0Mjk=","Y29tbWVudDo4NDMyMDk1MjEzMjkyMjJfMTI3Mzc5NDI4MDQ3NDQyOQ==","https://www.facebook.com/100069205464353/posts/843209521329222","0","233184383212138",,,,,,,,"02 Oktober 2024.

OKREEEEEEE!!!
Helly Seedling kembali menjadi tempat pertemuan bagi rekan rekan sepesial yaitu pak Sugito Semangko yg menjadi salah satu petani semangka sukses dari Bangko Jambi, ada...","100083095022037","Nanang Heri Saputra","https://scontent.fdac2-2.fna.fbcdn.net/v/t39.30808-1/340101807_767580948015102_742480241428340828_n.jpg?stp=cp0_dst-jpg_s32x32&_nc_cat=103&ccb=1-7&_nc_sid=50d2ac&_nc_ohc=RzVnobmmDDIQ7kNvgHg6VNV&_nc_ht=scontent.fdac2-2.fna&_nc_gid=AAf7sKMro4hfe8GQmVy5XQU&oh=00_AYBjFOMGnzNstU3re-nQdD-RCwzgImlxROSKwASNu_3UoQ&oe=670853D3","https://www.facebook.com/people/Nanang-Heri-Saputra/100083095022037/",,"Obrolan para suhu","0"
,,,,,,,,,,,,,,,,,,,,,,,,,,,,"https://www.facebook.com/reel/502471772709730/?comment_id=1080219413445935",,,,,,,,,,,,,,,,,,,,,,,,,,,,,,,,,,,,,"2024-10-03T12:06:29.000Z","843209521329222","https://www.facebook.com/100069205464353/posts/843209521329222","ZmVlZGJhY2s6ODQzMjA5NTIxMzI5MjIyXzEwODAyMTk0MTM0NDU5MzU=","Y29tbWVudDo4NDMyMDk1MjEzMjkyMjJfMTA4MDIxOTQxMzQ0NTkzNQ==","https://www.facebook.com/100069205464353/posts/843209521329222","0","233184383212138",,,,,,,,"02 Oktober 2024.

OKREEEEEEE!!!
Helly Seedling kembali menjadi tempat pertemuan bagi rekan rekan sepesial yaitu pak Sugito Semangko yg menjadi salah satu petani semangka sukses dari Bangko Jambi, ada...","100003735069915","Aan Wahyudi","https://scontent.fdac2-2.fna.fbcdn.net/v/t39.30808-1/242069534_2431110310356781_4538726338126551891_n.jpg?stp=c0.19.581.581a_cp0_dst-jpg_s32x32&_nc_cat=103&ccb=1-7&_nc_sid=50d2ac&_nc_ohc=mbsBywYCyEUQ7kNvgFwH_RK&_nc_ht=scontent.fdac2-2.fna&_nc_gid=AAf7sKMro4hfe8GQmVy5XQU&oh=00_AYAf1vEIv5-zpF-6hpnALL8GggVSKEBeZCLGxq7w7wS4hg&oe=67087697","https://www.facebook.com/syafa.azahra.52",,"Mugi2 tambah sukses bos","0"
,,,,,,,,,,,,,,,,,,,,,,,,,,,,"https://www.facebook.com/reel/502471772709730/?comment_id=1230059158112708",,,,,,,,,,,,,,,,,,,,,,,,,,,,,,,,,,,,"2","2024-10-03T09:52:37.000Z","843209521329222","https://www.facebook.com/100069205464353/posts/843209521329222","ZmVlZGJhY2s6ODQzMjA5NTIxMzI5MjIyXzEyMzAwNTkxNTgxMTI3MDg=","Y29tbWVudDo4NDMyMDk1MjEzMjkyMjJfMTIzMDA1OTE1ODExMjcwOA==","https://www.facebook.com/100069205464353/posts/843209521329222","1","233184383212138",,,,,,,,"02 Oktober 2024.

OKREEEEEEE!!!
Helly Seedling kembali menjadi tempat pertemuan bagi rekan rekan sepesial yaitu pak Sugito Semangko yg menjadi salah satu petani semangka sukses dari Bangko Jambi, ada...","100034863172105","Agusprasetyo","https://scontent.fdac2-1.fna.fbcdn.net/v/t1.6435-1/165684079_519528105885957_7925286377017509296_n.jpg?stp=cp0_dst-jpg_s32x32&_nc_cat=109&ccb=1-7&_nc_sid=50d2ac&_nc_ohc=P8XzPSwIgbcQ7kNvgEIH7s9&_nc_ht=scontent.fdac2-1.fna&_nc_gid=AAf7sKMro4hfe8GQmVy5XQU&oh=00_AYAmmJwwCesTxVL5p6nD_9gsBxns3xDkdYu82aw2S2MCFw&oe=672A1EB1","https://www.facebook.com/agusprasetyo.agusprasetyo.9693",,"Rapat pilkada ki.. Hely Sumanto ? 😁","0"
,,,,,,,,,,,,,,,,,,,,,,,,,,,,"https://www.facebook.com/reel/502471772709730/?comment_id=1204733980812093&reply_comment_id=381867348195154",,,,,,,,,,,,,,,,,,,,,,,,,,,,,,,,,,,,"1","2024-10-03T10:13:17.000Z","843209521329222","https://www.facebook.com/100069205464353/posts/843209521329222","ZmVlZGJhY2s6ODQzMjA5NTIxMzI5MjIyXzM4MTg2NzM0ODE5NTE1NA==","Y29tbWVudDo4NDMyMDk1MjEzMjkyMjJfMzgxODY3MzQ4MTk1MTU0","https://www.facebook.com/100069205464353/posts/843209521329222","1","233184383212138",,,"User","pfbid02gNuqa8bc4Kg9sLEoad6ouzHwLTSgVnRkvxziLzkkxKSQ6BwrHVCWy7zwZa8SZLQvl","Sugito Semangko","Sugito","Y29tbWVudDo4NDMyMDk1MjEzMjkyMjJfMTIwNDczMzk4MDgxMjA5Mw==","02 Oktober 2024.

OKREEEEEEE!!!
Helly Seedling kembali menjadi tempat pertemuan bagi rekan rekan sepesial yaitu pak Sugito Semangko yg menjadi salah satu petani semangka sukses dari Bangko Jambi, ada...","100000502823202","Hely Sumanto","https://scontent-ord5-1.xx.fbcdn.net/v/t39.30808-1/316542824_6358799140813450_4293880377762150428_n.jpg?stp=c6.0.512.512a_cp0_dst-jpg_s32x32&_nc_cat=107&ccb=1-7&_nc_sid=50d2ac&_nc_ohc=eEitxi6ogFgQ7kNvgHKqUyk&_nc_ht=scontent-ord5-1.xx&_nc_gid=Az0BnWsBstFzCqv0k-VdzUn&oh=00_AYDynON2sLIbUgtpo-V0_n6CY7gClWr5Ldp_vzwc24nb-Q&oe=67087A3C","https://www.facebook.com/hely.sumanto","Y29tbWVudDo4NDMyMDk1MjEzMjkyMjJfMTIwNDczMzk4MDgxMjA5Mw==","Sugito Semangko sanes wedal saget kepanggeh maleh komandan","1"
,,,,,,,,,,,,,,,,,,,,,,,,,,,,"https://www.facebook.com/reel/502471772709730/?comment_id=1204733980812093&reply_comment_id=544107161508287",,,,,,,,,,,,,,,,,,,,,,,,,,,,,,,,,,,,,"2024-10-03T13:35:50.000Z","843209521329222","https://www.facebook.com/100069205464353/posts/843209521329222","ZmVlZGJhY2s6ODQzMjA5NTIxMzI5MjIyXzU0NDEwNzE2MTUwODI4Nw==","Y29tbWVudDo4NDMyMDk1MjEzMjkyMjJfNTQ0MTA3MTYxNTA4Mjg3","https://www.facebook.com/100069205464353/posts/843209521329222","0","233184383212138",,,"User","pfbid02gNuqa8bc4Kg9sLEoad6ouzHwLTSgVnRkvxziLzkkxKSQ6BwrHVCWy7zwZa8SZLQvl","Sugito Semangko","Sugito","Y29tbWVudDo4NDMyMDk1MjEzMjkyMjJfMTIwNDczMzk4MDgxMjA5Mw==","02 Oktober 2024.

OKREEEEEEE!!!
Helly Seedling kembali menjadi tempat pertemuan bagi rekan rekan sepesial yaitu pak Sugito Semangko yg menjadi salah satu petani semangka sukses dari Bangko Jambi, ada...","pfbid02gNuqa8bc4Kg9sLEoad6ouzHwLTSgVnRkvxziLzkkxKSQ6BwrHVCWy7zwZa8SZLQvl","Sugito Semangko","https://scontent-ord5-2.xx.fbcdn.net/v/t1.6435-1/171039543_100851735477673_9187325491285823412_n.jpg?stp=cp0_dst-jpg_s32x32&_nc_cat=103&ccb=1-7&_nc_sid=0ecb9b&_nc_ohc=FsU1Z7ugGX0Q7kNvgEllIXp&_nc_ht=scontent-ord5-2.xx&_nc_gid=Az0BnWsBstFzCqv0k-VdzUn&oh=00_AYD7STNAe4TWMKKRxuSAw-TkJQR6_m5umK3o-wAQOfC4SQ&oe=6729F8BD","https://www.facebook.com/sugito.semangko.9","Y29tbWVudDo4NDMyMDk1MjEzMjkyMjJfMTIwNDczMzk4MDgxMjA5Mw==","Hely Sumanto oktee mas","2"
,,,,,,,,,,,,,,,,,,,,,,,,,,,,"https://www.facebook.com/reel/502471772709730/?comment_id=1077387143743227&reply_comment_id=1218742119346866",,,,,,,,,,,,,,,,,,,,,,,,,,,,,,,,,,,,"1","2024-10-03T10:24:32.000Z","843209521329222","https://www.facebook.com/100069205464353/posts/843209521329222","ZmVlZGJhY2s6ODQzMjA5NTIxMzI5MjIyXzEyMTg3NDIxMTkzNDY4NjY=","Y29tbWVudDo4NDMyMDk1MjEzMjkyMjJfMTIxODc0MjExOTM0Njg2Ng==","https://www.facebook.com/100069205464353/posts/843209521329222","1","233184383212138",,,"User","1749717881","Budi Kartika","Budi","Y29tbWVudDo4NDMyMDk1MjEzMjkyMjJfMTA3NzM4NzE0Mzc0MzIyNw==","02 Oktober 2024.

OKREEEEEEE!!!
Helly Seedling kembali menjadi tempat pertemuan bagi rekan rekan sepesial yaitu pak Sugito Semangko yg menjadi salah satu petani semangka sukses dari Bangko Jambi, ada...","100069205464353","Helly Seedling","https://scontent-dfw5-2.xx.fbcdn.net/v/t39.30808-1/428336159_702155295434646_5059998008807722009_n.jpg?stp=cp6_dst-jpg_s32x32&_nc_cat=108&ccb=1-7&_nc_sid=50d2ac&_nc_ohc=dKgmUe6DZ5QQ7kNvgGHUdx9&_nc_ht=scontent-dfw5-2.xx&_nc_gid=AlvL_f8ymkOHPMrCEkwFoTI&oh=00_AYBNLrsIPLEPQRlw-l9bPbbid_iSHrfWXFTbg-wjnFmzaQ&oe=6708724D","https://www.facebook.com/people/Helly-Seedling/100069205464353/","Y29tbWVudDo4NDMyMDk1MjEzMjkyMjJfMTA3NzM4NzE0Mzc0MzIyNw==","Budi Kartika Alhamdulillah bos kedatangan tamu spesial","1"
,,,,,,,,,,,,,,,,,,,,,,,,,,,,"https://www.facebook.com/reel/502471772709730/?comment_id=1077387143743227&reply_comment_id=1194565601651654",,,,,,,,,,,,,,,,,,,,,,,,,,,,,,,,,,,,,"2024-10-03T10:36:42.000Z","843209521329222","https://www.facebook.com/100069205464353/posts/843209521329222","ZmVlZGJhY2s6ODQzMjA5NTIxMzI5MjIyXzExOTQ1NjU2MDE2NTE2NTQ=","Y29tbWVudDo4NDMyMDk1MjEzMjkyMjJfMTE5NDU2NTYwMTY1MTY1NA==","https://www.facebook.com/100069205464353/posts/843209521329222","1","233184383212138",,,"User","1749717881","Budi Kartika","Budi","Y29tbWVudDo4NDMyMDk1MjEzMjkyMjJfMTA3NzM4NzE0Mzc0MzIyNw==","02 Oktober 2024.

OKREEEEEEE!!!
Helly Seedling kembali menjadi tempat pertemuan bagi rekan rekan sepesial yaitu pak Sugito Semangko yg menjadi salah satu petani semangka sukses dari Bangko Jambi, ada...","1749717881","Budi Kartika","https://scontent-dfw5-1.xx.fbcdn.net/v/t1.6435-1/46516739_10205017446033064_7747677507955982336_n.jpg?stp=cp0_dst-jpg_s32x32&_nc_cat=111&ccb=1-7&_nc_sid=db5862&_nc_ohc=iz_xNXfXeC0Q7kNvgHetgPp&_nc_ht=scontent-dfw5-1.xx&_nc_gid=AlvL_f8ymkOHPMrCEkwFoTI&oh=00_AYA8MVeTIlFmpAjisGZdADjdVcnBjUnZ908yjtNrg0cIEw&oe=672A13A5","https://www.facebook.com/BeKa260800","Y29tbWVudDo4NDMyMDk1MjEzMjkyMjJfMTA3NzM4NzE0Mzc0MzIyNw==","Helly Seedling Aamiin....sehat selalu Bos","2"
,,,,,,,,,,,,,,,,,,,,,,,,,,,,"https://www.facebook.com/reel/502471772709730/?comment_id=1077387143743227&reply_comment_id=1086832449727645",,,,,,,,,,,,,,,,,,,,,,,,,,,,,,,,,,,,"2","2024-10-03T12:30:53.000Z","843209521329222","https://www.facebook.com/100069205464353/posts/843209521329222","ZmVlZGJhY2s6ODQzMjA5NTIxMzI5MjIyXzEwODY4MzI0NDk3Mjc2NDU=","Y29tbWVudDo4NDMyMDk1MjEzMjkyMjJfMTA4NjgzMjQ0OTcyNzY0NQ==","https://www.facebook.com/100069205464353/posts/843209521329222","0","233184383212138",,,"User","1749717881","Budi Kartika","Budi","Y29tbWVudDo4NDMyMDk1MjEzMjkyMjJfMTA3NzM4NzE0Mzc0MzIyNw==","02 Oktober 2024.

OKREEEEEEE!!!
Helly Seedling kembali menjadi tempat pertemuan bagi rekan rekan sepesial yaitu pak Sugito Semangko yg menjadi salah satu petani semangka sukses dari Bangko Jambi, ada...","100000502823202","Hely Sumanto","https://scontent-dfw5-2.xx.fbcdn.net/v/t39.30808-1/316542824_6358799140813450_4293880377762150428_n.jpg?stp=c6.0.512.512a_cp0_dst-jpg_s32x32&_nc_cat=107&ccb=1-7&_nc_sid=50d2ac&_nc_ohc=eEitxi6ogFgQ7kNvgGJwbNC&_nc_ht=scontent-dfw5-2.xx&_nc_gid=AlvL_f8ymkOHPMrCEkwFoTI&oh=00_AYDu7nE_KuGqBBv1cdqKNaSUI_f0flmOVzQsHYa-m6mANQ&oe=67087A3C","https://www.facebook.com/hely.sumanto","Y29tbWVudDo4NDMyMDk1MjEzMjkyMjJfMTA3NzM4NzE0Mzc0MzIyNw==","Budi Kartika Pa kabar pak kapan ke lampung?","1"
,,,,,,,,,,,,,,,,,,,,,,,,,,,,"https://www.facebook.com/reel/502471772709730/?comment_id=1077387143743227&reply_comment_id=1700786020838805",,,,,,,,,,,,,,,,,,,,,,,,,,,,,,,,,,,,,"2024-10-03T12:33:32.000Z","843209521329222","https://www.facebook.com/100069205464353/posts/843209521329222","ZmVlZGJhY2s6ODQzMjA5NTIxMzI5MjIyXzE3MDA3ODYwMjA4Mzg4MDU=","Y29tbWVudDo4NDMyMDk1MjEzMjkyMjJfMTcwMDc4NjAyMDgzODgwNQ==","https://www.facebook.com/100069205464353/posts/843209521329222","0","233184383212138",,,"User","1749717881","Budi Kartika","Budi","Y29tbWVudDo4NDMyMDk1MjEzMjkyMjJfMTA3NzM4NzE0Mzc0MzIyNw==","02 Oktober 2024.

OKREEEEEEE!!!
Helly Seedling kembali menjadi tempat pertemuan bagi rekan rekan sepesial yaitu pak Sugito Semangko yg menjadi salah satu petani semangka sukses dari Bangko Jambi, ada...","1749717881","Budi Kartika","https://scontent-dfw5-1.xx.fbcdn.net/v/t1.6435-1/46516739_10205017446033064_7747677507955982336_n.jpg?stp=cp0_dst-jpg_s32x32&_nc_cat=111&ccb=1-7&_nc_sid=db5862&_nc_ohc=iz_xNXfXeC0Q7kNvgHetgPp&_nc_ht=scontent-dfw5-1.xx&_nc_gid=AlvL_f8ymkOHPMrCEkwFoTI&oh=00_AYA8MVeTIlFmpAjisGZdADjdVcnBjUnZ908yjtNrg0cIEw&oe=672A13A5","https://www.facebook.com/BeKa260800","Y29tbWVudDo4NDMyMDk1MjEzMjkyMjJfMTA3NzM4NzE0Mzc0MzIyNw==","Hely Sumanto Ini yang kadang membuat sakitnya di sini....ah ah ah ah ah ah ah","2"
,,,,,,,,,,,,,,,,,,,,,,,,,,,,"https://www.facebook.com/reel/502471772709730/?comment_id=1077387143743227&reply_comment_id=855763596659271",,,,,,,,,,,,,,,,,,,,,,,,,,,,,,,,,,,,,"2024-10-03T12:35:59.000Z","843209521329222","https://www.facebook.com/100069205464353/posts/843209521329222","ZmVlZGJhY2s6ODQzMjA5NTIxMzI5MjIyXzg1NTc2MzU5NjY1OTI3MQ==","Y29tbWVudDo4NDMyMDk1MjEzMjkyMjJfODU1NzYzNTk2NjU5Mjcx","https://www.facebook.com/100069205464353/posts/843209521329222","0","233184383212138",,,"User","1749717881","Budi Kartika","Budi","Y29tbWVudDo4NDMyMDk1MjEzMjkyMjJfMTA3NzM4NzE0Mzc0MzIyNw==","02 Oktober 2024.

OKREEEEEEE!!!
Helly Seedling kembali menjadi tempat pertemuan bagi rekan rekan sepesial yaitu pak Sugito Semangko yg menjadi salah satu petani semangka sukses dari Bangko Jambi, ada...","100000502823202","Hely Sumanto","https://scontent-dfw5-2.xx.fbcdn.net/v/t39.30808-1/316542824_6358799140813450_4293880377762150428_n.jpg?stp=c6.0.512.512a_cp0_dst-jpg_s32x32&_nc_cat=107&ccb=1-7&_nc_sid=50d2ac&_nc_ohc=eEitxi6ogFgQ7kNvgGJwbNC&_nc_ht=scontent-dfw5-2.xx&_nc_gid=AlvL_f8ymkOHPMrCEkwFoTI&oh=00_AYDu7nE_KuGqBBv1cdqKNaSUI_f0flmOVzQsHYa-m6mANQ&oe=67087A3C","https://www.facebook.com/hely.sumanto","Y29tbWVudDo4NDMyMDk1MjEzMjkyMjJfMTA3NzM4NzE0Mzc0MzIyNw==","Budi Kartika saya yang kejawa pak kalo gx🤩","2"
,,,,,,,,,,,,,,,,,,,,,,,,,,,,"https://www.facebook.com/reel/502471772709730/?comment_id=3405598179734979&reply_comment_id=887458036196188",,,,,,,,,,,,,,,,,,,,,,,,,,,,,,,,,,,,,"2024-10-03T09:45:38.000Z","843209521329222","https://www.facebook.com/100069205464353/posts/843209521329222","ZmVlZGJhY2s6ODQzMjA5NTIxMzI5MjIyXzg4NzQ1ODAzNjE5NjE4OA==","Y29tbWVudDo4NDMyMDk1MjEzMjkyMjJfODg3NDU4MDM2MTk2MTg4","https://www.facebook.com/100069205464353/posts/843209521329222","1","233184383212138",,,"User","100001408872342","Febri Arianto","Febri","Y29tbWVudDo4NDMyMDk1MjEzMjkyMjJfMzQwNTU5ODE3OTczNDk3OQ==","02 Oktober 2024.

OKREEEEEEE!!!
Helly Seedling kembali menjadi tempat pertemuan bagi rekan rekan sepesial yaitu pak Sugito Semangko yg menjadi salah satu petani semangka sukses dari Bangko Jambi, ada...","100069205464353","Helly Seedling","https://scontent.fbps3-1.fna.fbcdn.net/v/t39.30808-1/428336159_702155295434646_5059998008807722009_n.jpg?stp=cp6_dst-jpg_s32x32&_nc_cat=108&ccb=1-7&_nc_sid=50d2ac&_nc_ohc=dKgmUe6DZ5QQ7kNvgGH7mvN&_nc_ht=scontent.fbps3-1.fna&_nc_gid=A7twxlSC4sn0CzhIa_sjDFb&oh=00_AYDlZ0JgLFTdXujZjz0u3Q9lhKtTMG1AHrlMdAEfm9nEVA&oe=6708724D","https://www.facebook.com/people/Helly-Seedling/100069205464353/","Y29tbWVudDo4NDMyMDk1MjEzMjkyMjJfMzQwNTU5ODE3OTczNDk3OQ==","Febri Arianto okreee 🤣👍😁","1"
"Sticker",,"https://scontent.fknu1-5.fna.fbcdn.net/v/t39.1997-6/106297582_953856898410001_987474142767280859_n.webp?stp=dst-webp_s110x80&_nc_cat=1&ccb=1-7&_nc_sid=ba09c1&_nc_ohc=r67uf0oCQ2MQ7kNvgH5ummg&_nc_ht=scontent.fknu1-5.fna&_nc_gid=AJYBA-hoSeo0tPBgiEwdgnR&oh=00_AYCz7NcKaY0YsfTNJWxp7F-3xWmmG7yojUacrcu5nUiRUg&oe=67087593","8","83","3","3","529233810872314","80","https://scontent.fknu1-5.fna.fbcdn.net/v/t39.1997-6/106823040_953856961743328_2605604044035726523_n.png?stp=cp0_dst-png_s110x80&_nc_cat=1&ccb=1-7&_nc_sid=23dd7b&_nc_ohc=VQOte9o8Bs4Q7kNvgECKRQI&_nc_ht=scontent.fknu1-5.fna&_nc_gid=AJYBA-hoSeo0tPBgiEwdgnR&oh=00_AYDBNt-pJUu-O-rcCPBBzGo2QUX_4v6PtSJF4vprMp39gw&oe=67087705","80","Animated yellow face emoji, crying with laughter.","516558918806470","Moodies",,"https://scontent.fknu1-5.fna.fbcdn.net/v/t39.1997-6/105366983_953856905076667_2798763164503009245_n.png?stp=dst-png_p240x240&_nc_cat=1&ccb=1-7&_nc_sid=ba09c1&_nc_ohc=LIyzUUWhyQsQ7kNvgHW2BoX&_nc_ht=scontent.fknu1-5.fna&_nc_gid=AJYBA-hoSeo0tPBgiEwdgnR&oh=00_AYDKgt4QN83c6grqUo-bUmxwuetGUAuGGwQwBd54jvA8Tg&oe=67087634",,,,,,,,,,,,,"https://www.facebook.com/reel/502471772709730/?comment_id=1230059158112708&reply_comment_id=505727842341995",,,,,,,,,,,,,,,,,,,,,,,,,,,,,,,,,,,,"1","2024-10-03T09:57:22.000Z","843209521329222","https://www.facebook.com/100069205464353/posts/843209521329222","ZmVlZGJhY2s6ODQzMjA5NTIxMzI5MjIyXzUwNTcyNzg0MjM0MTk5NQ==","Y29tbWVudDo4NDMyMDk1MjEzMjkyMjJfNTA1NzI3ODQyMzQxOTk1","https://www.facebook.com/100069205464353/posts/843209521329222","1","233184383212138",,,"User","100034863172105","Agusprasetyo","Agusprasetyo","Y29tbWVudDo4NDMyMDk1MjEzMjkyMjJfMTIzMDA1OTE1ODExMjcwOA==","02 Oktober 2024.

OKREEEEEEE!!!
Helly Seedling kembali menjadi tempat pertemuan bagi rekan rekan sepesial yaitu pak Sugito Semangko yg menjadi salah satu petani semangka sukses dari Bangko Jambi, ada...","100000502823202","Hely Sumanto","https://scontent.fknu1-6.fna.fbcdn.net/v/t39.30808-1/316542824_6358799140813450_4293880377762150428_n.jpg?stp=c6.0.512.512a_cp0_dst-jpg_s32x32&_nc_cat=107&ccb=1-7&_nc_sid=50d2ac&_nc_ohc=eEitxi6ogFgQ7kNvgGCt3mL&_nc_ht=scontent.fknu1-6.fna&_nc_gid=AJYBA-hoSeo0tPBgiEwdgnR&oh=00_AYBUQ3pw4-hyb__ChEO_OLZGfNYEGwLkoM0TgdT25eKTdg&oe=67087A3C","https://www.facebook.com/hely.sumanto","Y29tbWVudDo4NDMyMDk1MjEzMjkyMjJfMTIzMDA1OTE1ODExMjcwOA==","Agusprasetyo","1"
,,,,,,,,,,,,,,,,,,,,,,,,,,,,"https://www.facebook.com/reel/502471772709730/?comment_id=1230059158112708&reply_comment_id=850626133805806",,,,,,,,,,,,,,,,,,,,,,,,,,,,,,,,,,,,,"2024-10-03T12:12:33.000Z","843209521329222","https://www.facebook.com/100069205464353/posts/843209521329222","ZmVlZGJhY2s6ODQzMjA5NTIxMzI5MjIyXzg1MDYyNjEzMzgwNTgwNg==","Y29tbWVudDo4NDMyMDk1MjEzMjkyMjJfODUwNjI2MTMzODA1ODA2","https://www.facebook.com/100069205464353/posts/843209521329222","0","233184383212138",,,"User","100034863172105","Agusprasetyo","Agusprasetyo","Y29tbWVudDo4NDMyMDk1MjEzMjkyMjJfMTIzMDA1OTE1ODExMjcwOA==","02 Oktober 2024.

OKREEEEEEE!!!
Helly Seedling kembali menjadi tempat pertemuan bagi rekan rekan sepesial yaitu pak Sugito Semangko yg menjadi salah satu petani semangka sukses dari Bangko Jambi, ada...","pfbid02aCV3CyZH9cdjULHNGV2pUraQWLJh2AkHa14Qpv9KBcSQhE8M7QqEaS6M9HPVvAdZl","Woto Putra","https://scontent.fknu1-1.fna.fbcdn.net/v/t39.30808-1/313916532_121300157433458_8674984203721698911_n.jpg?stp=c0.0.720.720a_cp0_dst-jpg_s32x32&_nc_cat=100&ccb=1-7&_nc_sid=0ecb9b&_nc_ohc=25Zf9ptkR7UQ7kNvgH1k55y&_nc_ht=scontent.fknu1-1.fna&_nc_gid=AJYBA-hoSeo0tPBgiEwdgnR&oh=00_AYBIhBax9DedjNhyQB6kJ5JD-zkPi7DMygBwrzFSy7LBuA&oe=6708839E","https://www.facebook.com/people/Woto-Putra/pfbid02aCV3CyZH9cdjULHNGV2pUraQWLJh2AkHa14Qpv9KBcSQhE8M7QqEaS6M9HPVvAdZl/","Y29tbWVudDo4NDMyMDk1MjEzMjkyMjJfMTIzMDA1OTE1ODExMjcwOA==","Hely Sumanto arep gone bos sing sukses Wedi mbok ga di takoni aku mrono ping 3 ga pernah ketemu bos Sumanto","2"
,,,,,,,,,,,,,,,,,,,,,,,,,,,,"https://www.facebook.com/reel/502471772709730/?comment_id=1048470026582461&reply_comment_id=551872633917640",,,,,,,,,,,,,,,,,,,,,,,,,,,,,,,,,,,,,"2024-10-03T12:31:05.000Z","843209521329222","https://www.facebook.com/100069205464353/posts/843209521329222","ZmVlZGJhY2s6ODQzMjA5NTIxMzI5MjIyXzU1MTg3MjYzMzkxNzY0MA==","Y29tbWVudDo4NDMyMDk1MjEzMjkyMjJfNTUxODcyNjMzOTE3NjQw","https://www.facebook.com/100069205464353/posts/843209521329222","0","233184383212138",,,"User","pfbid05tBc4Ukbm9YDAsv139EQzbQNRVEeUhv9deYWHL4DHas6RYow7Das6P3JGvxGbxX1l","Gareng","Gareng","Y29tbWVudDo4NDMyMDk1MjEzMjkyMjJfMTA0ODQ3MDAyNjU4MjQ2MQ==","02 Oktober 2024.

OKREEEEEEE!!!
Helly Seedling kembali menjadi tempat pertemuan bagi rekan rekan sepesial yaitu pak Sugito Semangko yg menjadi salah satu petani semangka sukses dari Bangko Jambi, ada...","100000502823202","Hely Sumanto","https://scontent.frak2-2.fna.fbcdn.net/v/t39.30808-1/316542824_6358799140813450_4293880377762150428_n.jpg?stp=c6.0.512.512a_cp0_dst-jpg_s32x32&_nc_cat=107&ccb=1-7&_nc_sid=50d2ac&_nc_ohc=eEitxi6ogFgQ7kNvgHCxmDd&_nc_ht=scontent.frak2-2.fna&_nc_gid=A3hTF-tZ2geYQiY6QFrUM59&oh=00_AYDEWrz_yjUyjp8gTu8jZXGC2DZ0meOKxZRxxUfdFvAufg&oe=67087A3C","https://www.facebook.com/hely.sumanto","Y29tbWVudDo4NDMyMDk1MjEzMjkyMjJfMTA0ODQ3MDAyNjU4MjQ2MQ==","Gareng amin pak","1"
,,,,,,,,,,,,,,,,,,,,,,,,,,,,"https://www.facebook.com/reel/502471772709730/?comment_id=1266050161219010&reply_comment_id=497831983232565",,,,,,,,,,,,,,,,,,,,,,,,,,,,,,,,,,,,,"2024-10-03T10:26:37.000Z","843209521329222","https://www.facebook.com/100069205464353/posts/843209521329222","ZmVlZGJhY2s6ODQzMjA5NTIxMzI5MjIyXzQ5NzgzMTk4MzIzMjU2NQ==","Y29tbWVudDo4NDMyMDk1MjEzMjkyMjJfNDk3ODMxOTgzMjMyNTY1","https://www.facebook.com/100069205464353/posts/843209521329222","1","233184383212138",,,"User","100007578522755","Renzy Bintangasia","Renzy","Y29tbWVudDo4NDMyMDk1MjEzMjkyMjJfMTI2NjA1MDE2MTIxOTAxMA==","02 Oktober 2024.

OKREEEEEEE!!!
Helly Seedling kembali menjadi tempat pertemuan bagi rekan rekan sepesial yaitu pak Sugito Semangko yg menjadi salah satu petani semangka sukses dari Bangko Jambi, ada...","100069205464353","Helly Seedling","https://scontent.fccs10-1.fna.fbcdn.net/v/t39.30808-1/428336159_702155295434646_5059998008807722009_n.jpg?stp=cp6_dst-jpg_s32x32&_nc_cat=108&ccb=1-7&_nc_sid=50d2ac&_nc_ohc=dKgmUe6DZ5QQ7kNvgFRZsMZ&_nc_ht=scontent.fccs10-1.fna&_nc_gid=AW1-PADYO53WmNIEECpyy6_&oh=00_AYCwVAbb8zvpJ1GDfoEcApi31LKV7KhK6XTrZdHZi1EfLA&oe=6708724D","https://www.facebook.com/people/Helly-Seedling/100069205464353/","Y29tbWVudDo4NDMyMDk1MjEzMjkyMjJfMTI2NjA1MDE2MTIxOTAxMA==","Renzy Bintangasia aamiin trimkasih","1"
