﻿"attachments/0/__typename","attachments/0/animated_image","attachments/0/animated_image/uri","attachments/0/frame_count","attachments/0/frame_rate","attachments/0/frames_per_column","attachments/0/frames_per_row","attachments/0/id","attachments/0/image/height","attachments/0/image/uri","attachments/0/image/width","attachments/0/label","attachments/0/pack","attachments/0/pack/id","attachments/0/pack/name","attachments/0/sprite_image","attachments/0/sprite_image/uri","attachments/0/target/__typename","attachments/0/target/id","attachments/0/target/matching_quantity","attachments/0/target/spark_quantity","attachments/0/target/stars_image_on_star_quantity","attachments/0/target/virtual_gift","attachments/0/target/virtual_gift_type/__typename","attachments/0/target/virtual_gift_type/gift_animated_image","attachments/0/target/virtual_gift_type/gift_image","attachments/0/target/virtual_gift_type/gift_keyframe_asset_name","attachments/0/target/virtual_gift_type/gift_keyframe_asset_url","attachments/0/target/virtual_gift_type/id","commentUrl","comments/0/commentUrl","comments/0/date","comments/0/feedbackId","comments/0/id","comments/0/likesCount","comments/0/parentComment/author/__typename","comments/0/parentComment/author/id","comments/0/parentComment/author/name","comments/0/parentComment/author/short_name","comments/0/parentComment/id","comments/0/profileId","comments/0/profileName","comments/0/profilePicture","comments/0/profileUrl","comments/0/replyToCommentId","comments/0/text","comments/0/threadingDepth","commentsCount","date","facebookId","facebookUrl","feedbackId","id","inputUrl","likesCount","pageAdLibrary/id","pageAdLibrary/is_business_page_active","pageAdLibrary/woodhenge_creator_info","parentComment/author/__typename","parentComment/author/id","parentComment/author/name","parentComment/author/short_name","parentComment/id","postTitle","profileId","profileName","profilePicture","profileUrl","replyToCommentId","text","threadingDepth"
,,,,,,,,,,,,,,,,,,,,,,,,,,,,,"https://www.facebook.com/nizar.setia.3/posts/pfbid0bPimtUyzFJfaajnWVBu6LEzMhXavbCmtbFHjK234e42pepnPQrGnpL9wBRHAoB3cl?comment_id=1573027850280112",,,,,,,,,,,,,,,,,,,"2024-09-29T13:23:45.000Z","2737163933121102","https://www.facebook.com/100004825651478/posts/2737163933121102","ZmVlZGJhY2s6MjczNzE2MzkzMzEyMTEwMl8xNTczMDI3ODUwMjgwMTEy","Y29tbWVudDoyNzM3MTYzOTMzMTIxMTAyXzE1NzMwMjc4NTAyODAxMTI=","https://www.facebook.com/100004825651478/posts/2737163933121102","0","409806765552913","false",,,,,,,"NiZar Bintang Asia. 75 likes · 65 talking about this. promosi prodak","pfbid02rJLSeYgSstR6i8dHcWaMg4BuUJjydV5q9oaQsPZGafmM41ZNafewi8xnSuRmKk2Zl","Teachers Jimm","https://scontent.fvno2-1.fna.fbcdn.net/v/t1.6435-1/150417442_228605015592986_5231283489916650596_n.jpg?stp=c0.0.978.978a_cp0_dst-jpg_s32x32&_nc_cat=104&ccb=1-7&_nc_sid=0ecb9b&_nc_ohc=fbKblRD-WosQ7kNvgHlZ8lM&_nc_ht=scontent.fvno2-1.fna&_nc_gid=AXwBX5wpVXLt40KxgDTgS2x&oh=00_AYBsp7zkrG_bNZ26nFoFKj5sZA0To8gAYvViKiiF5jEgzA&oe=6721E56A","https://www.facebook.com/teachers.jimm",,"Jenis ape nih BG","0"
,,,,,,,,,,,,,,,,,,,,,,,,,,,,,"https://www.facebook.com/nizar.setia.3/posts/pfbid0nLENYkMUEiTbHBuGYUhtv2rS2go8YEEUFTbVcp3wvfFHqke2cVtoYjgobiGyJu4Xl?comment_id=2570656293140936",,,,,,,,,,,,,,,,,,,"2024-09-23T22:43:28.000Z","2730842853753210","https://www.facebook.com/100004825651478/posts/2730842853753210","ZmVlZGJhY2s6MjczMDg0Mjg1Mzc1MzIxMF8yNTcwNjU2MjkzMTQwOTM2","Y29tbWVudDoyNzMwODQyODUzNzUzMjEwXzI1NzA2NTYyOTMxNDA5MzY=","https://www.facebook.com/100004825651478/posts/2730842853753210","0","200476579818147","false",,,,,,,"BOMER F1 
MERLIN F1 
Rock Melon Daging Orange Cap Bintang Asia Produksi dari PT Benih Citra Asia 
Manis Mempesona dan Menggoda Petani melon indonesia, 
Mari Menggunakan Produk Inovasi Anak Negeri, 
Hal Kecil Bermanfaat Besar Untuk Kemajuan Bangsa,
@sorotan SEMUA ORANG","100007578522755","Renzy Bintangasia","https://scontent.fnbo18-1.fna.fbcdn.net/v/t39.30808-1/426012403_3605728109689771_2277782955804277447_n.jpg?stp=cp0_dst-jpg_s32x32&_nc_cat=104&ccb=1-7&_nc_sid=50d2ac&_nc_ohc=Dk2tR_uNxVUQ7kNvgG_NoKk&_nc_ht=scontent.fnbo18-1.fna&_nc_gid=Am0y3JHi1jvJIctYspzn-65&oh=00_AYCidHoILzjGV4TltStT2A75UqUbuBLUO7cGE3ylpS3MMA&oe=670012C4","https://www.facebook.com/renzi.prayuda",,"Mantap","0"
,,,,,,,,,,,,,,,,,,,,,,,,,,,,,"https://www.facebook.com/nizar.setia.3/posts/pfbid0nLENYkMUEiTbHBuGYUhtv2rS2go8YEEUFTbVcp3wvfFHqke2cVtoYjgobiGyJu4Xl?comment_id=547608587832797","https://www.facebook.com/nizar.setia.3/posts/pfbid0nLENYkMUEiTbHBuGYUhtv2rS2go8YEEUFTbVcp3wvfFHqke2cVtoYjgobiGyJu4Xl?comment_id=547608587832797&reply_comment_id=1027605215778375","2024-09-23T17:51:11.000Z","ZmVlZGJhY2s6MjczMDg0Mjg1Mzc1MzIxMF8xMDI3NjA1MjE1Nzc4Mzc1","Y29tbWVudDoyNzMwODQyODUzNzUzMjEwXzEwMjc2MDUyMTU3NzgzNzU=","0","User","100009994003233","Ilham Bintang Asia","Ilham","Y29tbWVudDoyNzMwODQyODUzNzUzMjEwXzU0NzYwODU4NzgzMjc5Nw==","100004825651478","NiZar Bintang Asia","https://scontent.fnbo18-1.fna.fbcdn.net/v/t39.30808-1/438276089_2611594555678041_6997404202785061953_n.jpg?stp=cp0_dst-jpg_p32x32&_nc_cat=111&ccb=1-7&_nc_sid=50d2ac&_nc_ohc=EYsV5G9NhH8Q7kNvgHQDW4K&_nc_ht=scontent.fnbo18-1.fna&_nc_gid=Am0y3JHi1jvJIctYspzn-65&oh=00_AYCH5qtEh0LZ846NawJRh4lDu6zqC8GHcjM7yOwUWONRIw&oe=6700452E","https://www.facebook.com/nizar.setia.3","Y29tbWVudDoyNzMwODQyODUzNzUzMjEwXzU0NzYwODU4NzgzMjc5Nw==","Ilham Bintang Asia 𝐬𝐢𝐚𝐩 𝐛𝐨𝐬 𝐤𝐮,,, 𝐦𝐞𝐦𝐛𝐚𝐫𝐚","1","1","2024-09-23T04:20:25.000Z","2730842853753210","https://www.facebook.com/100004825651478/posts/2730842853753210","ZmVlZGJhY2s6MjczMDg0Mjg1Mzc1MzIxMF81NDc2MDg1ODc4MzI3OTc=","Y29tbWVudDoyNzMwODQyODUzNzUzMjEwXzU0NzYwODU4NzgzMjc5Nw==","https://www.facebook.com/100004825651478/posts/2730842853753210","0","200476579818147","false",,,,,,,"BOMER F1 
MERLIN F1 
Rock Melon Daging Orange Cap Bintang Asia Produksi dari PT Benih Citra Asia 
Manis Mempesona dan Menggoda Petani melon indonesia, 
Mari Menggunakan Produk Inovasi Anak Negeri, 
Hal Kecil Bermanfaat Besar Untuk Kemajuan Bangsa,
@sorotan SEMUA ORANG","100009994003233","Ilham Bintang Asia","https://scontent.fnbo18-1.fna.fbcdn.net/v/t39.30808-1/349801600_780566773437800_6977822504580595866_n.jpg?stp=cp0_dst-jpg_s32x32&_nc_cat=100&ccb=1-7&_nc_sid=50d2ac&_nc_ohc=iaOcLsKmi9cQ7kNvgGB1tht&_nc_ht=scontent.fnbo18-1.fna&_nc_gid=Am0y3JHi1jvJIctYspzn-65&oh=00_AYB5UuoRZEdfJEP-GFJEVeLrh-7Q6UwTKQOEXawcCEkGpw&oe=67003F3B","https://www.facebook.com/ilham.ajo.37604",,"Mangtaaabb, Tetap Semangat Ojok Sambat 🔥","0"
"Sticker",,"https://scontent-cdg4-3.xx.fbcdn.net/v/t39.1997-6/105343556_953860578409633_6468337803980710969_n.webp?stp=dst-webp_s110x80&_nc_cat=1&ccb=1-7&_nc_sid=ba09c1&_nc_ohc=bNzauv8pM_EQ7kNvgHfvqt6&_nc_ht=scontent-cdg4-3.xx&_nc_gid=AduOl8rK5xL3T5RAvEA3gGi&oh=00_AYBtOmhyYUdDSThkSv9aeOeC0ys5U21Tt9vGPltpcoQZ-g&oe=6700327A","15","83","4","4","529234054205623","80","https://scontent-cdg4-3.xx.fbcdn.net/v/t39.1997-6/83640226_953860661742958_8297483048391664602_n.png?stp=cp0_dst-png_s110x80&_nc_cat=1&ccb=1-7&_nc_sid=23dd7b&_nc_ohc=I2uNFZFMWloQ7kNvgEDk5aH&_nc_ht=scontent-cdg4-3.xx&_nc_gid=AduOl8rK5xL3T5RAvEA3gGi&oh=00_AYAQb8Ix_u9K0cf5kVuomhamSi8cYZPcfVeXHUUpsmO9Ww&oe=67001237","80","An animated yellow left hand with thumb up.",,"516558918806470","Moodies",,"https://scontent-cdg4-3.xx.fbcdn.net/v/t39.1997-6/105941685_953860581742966_1572841152382279834_n.png?stp=dst-png_p320x320&_nc_cat=1&ccb=1-7&_nc_sid=ba09c1&_nc_ohc=ccBGu2HvbgcQ7kNvgGmJUXq&_nc_ht=scontent-cdg4-3.xx&_nc_gid=AduOl8rK5xL3T5RAvEA3gGi&oh=00_AYC_UBOzRGLI6xBpIUzmTt_uj6Wyb9VXs0D4HvsPTOBTBA&oe=67003D42",,,,,,,,,,,,,"https://www.facebook.com/reel/797792832306869/?comment_id=497516813188901",,,,,,,,,,,,,,,,,,,"2024-09-26T17:28:44.000Z","2734729293364566","https://www.facebook.com/100004825651478/posts/2734729293364566","ZmVlZGJhY2s6MjczNDcyOTI5MzM2NDU2Nl80OTc1MTY4MTMxODg5MDE=","Y29tbWVudDoyNzM0NzI5MjkzMzY0NTY2XzQ5NzUxNjgxMzE4ODkwMQ==","https://www.facebook.com/100004825651478/posts/2734729293364566","0","214897285046227",,,,,,,,"All's · semangat petani","100004825651478","NiZar Bintang Asia","https://scontent-cdg4-3.xx.fbcdn.net/v/t39.30808-1/438276089_2611594555678041_6997404202785061953_n.jpg?stp=cp0_dst-jpg_p32x32&_nc_cat=111&ccb=1-7&_nc_sid=50d2ac&_nc_ohc=EYsV5G9NhH8Q7kNvgFdwziH&_nc_ht=scontent-cdg4-3.xx&_nc_gid=AduOl8rK5xL3T5RAvEA3gGi&oh=00_AYBcwHjt4gcnXHlSRAveqwJRlunBXJnq1YDvOGaIIONAAw&oe=6700452E","https://www.facebook.com/nizar.setia.3",,,"0"
,,,,,,,,,,,,,,,,,,,,,,,,,,,,,"https://www.facebook.com/reel/797792832306869/?comment_id=8474495532627685",,,,,,,,,,,,,,,,,,,"2024-09-26T17:05:25.000Z","2734729293364566","https://www.facebook.com/100004825651478/posts/2734729293364566","ZmVlZGJhY2s6MjczNDcyOTI5MzM2NDU2Nl84NDc0NDk1NTMyNjI3Njg1","Y29tbWVudDoyNzM0NzI5MjkzMzY0NTY2Xzg0NzQ0OTU1MzI2Mjc2ODU=","https://www.facebook.com/100004825651478/posts/2734729293364566","0","214897285046227",,,,,,,,"All's · semangat petani","100007578522755","Renzy Bintangasia","https://scontent-cdg4-1.xx.fbcdn.net/v/t39.30808-1/426012403_3605728109689771_2277782955804277447_n.jpg?stp=cp0_dst-jpg_s32x32&_nc_cat=104&ccb=1-7&_nc_sid=50d2ac&_nc_ohc=Dk2tR_uNxVUQ7kNvgFjfcss&_nc_ht=scontent-cdg4-1.xx&_nc_gid=AduOl8rK5xL3T5RAvEA3gGi&oh=00_AYCxt8u5HLDYOaIxddN1MqcjYqWDZmagrCMiMua33V_PFA&oe=670012C4","https://www.facebook.com/renzi.prayuda",,"Mantap..sukses bersama bintang asia","0"
,,,,,,,,,,,,,,,,,,,,,,,,,,,,,"https://www.facebook.com/nizar.setia.3/posts/pfbid02ofScA3h51BBBLYQoTUoV9JedEVi8JemsGJ2aJc3xd8FcjqPh2mVUmayrVafsa677l?comment_id=3830757420545447",,,,,,,,,,,,,,,,,,,"2024-09-24T22:40:03.000Z","2732502166920612","https://www.facebook.com/100004825651478/posts/2732502166920612","ZmVlZGJhY2s6MjczMjUwMjE2NjkyMDYxMl8zODMwNzU3NDIwNTQ1NDQ3","Y29tbWVudDoyNzMyNTAyMTY2OTIwNjEyXzM4MzA3NTc0MjA1NDU0NDc=","https://www.facebook.com/100004825651478/posts/2732502166920612","0","250829661453806","false",,,,,,,"Selamat Hari Tani Nasional.
🌶🌶 CKTAV 8 F1 🌶🌶

#benihcitraasia
#bintangasia","100007578522755","Renzy Bintangasia","https://scontent.fwaw8-1.fna.fbcdn.net/v/t39.30808-1/426012403_3605728109689771_2277782955804277447_n.jpg?stp=cp0_dst-jpg_s32x32&_nc_cat=104&ccb=1-7&_nc_sid=50d2ac&_nc_ohc=Dk2tR_uNxVUQ7kNvgGvyKt6&_nc_ht=scontent.fwaw8-1.fna&oh=00_AYDkz6HYsDp0E861RRAjj3EDhyrMw36SDVAiCDZfhHkS7A&oe=670012C4","https://www.facebook.com/renzi.prayuda",,"Mantap","0"
,,,,,,,,,,,,,,,,,"VideoTipJarPayment","2731701187000710","0","1","https://static.xx.fbcdn.net/rsrc.php/v3/yN/r/z6visRJQXR_.png",,"StarsVirtualGiftBaseType",,"/images/assets_DO_NOT_HARDCODE/user_pay_stars_virtual_gifts/Community-Unification-Default-Tier1-Thoughtful-Testing-Static.png","Community-Unification-Default-T1-Thoughtful-bottomsheet-testing-animation","https://static.xx.fbcdn.net/rsrc.php/y6/r/qfD07Iv6r-5.kf","1414980765966032","https://www.facebook.com/nizar.setia.3/posts/pfbid02jUEMDUFsgdpdpQaRFdhLzz46dvHa4mour6uVJTu3oVWd5VbNbtYUxxhtZPVXKSD6l?comment_id=886870212965243",,,,,,,,,,,,,,,,,,,"2024-09-23T22:34:41.000Z","2731452533692242","https://www.facebook.com/100004825651478/posts/2731452533692242","ZmVlZGJhY2s6MjczMTQ1MjUzMzY5MjI0Ml84ODY4NzAyMTI5NjUyNDM=","Y29tbWVudDoyNzMxNDUyNTMzNjkyMjQyXzg4Njg3MDIxMjk2NTI0Mw==","https://www.facebook.com/100004825651478/posts/2731452533692242","0","214897285046227","false",,,,,,,"Padi hibrida dari PT BENIH CITRA ASIA(BINTANG ASIA) 
𝐁𝐂𝐀 𝟏𝟖","100007578522755","Renzy Bintangasia","https://scontent.fdet2-1.fna.fbcdn.net/v/t39.30808-1/426012403_3605728109689771_2277782955804277447_n.jpg?stp=cp0_dst-jpg_s32x32&_nc_cat=104&ccb=1-7&_nc_sid=50d2ac&_nc_ohc=Dk2tR_uNxVUQ7kNvgGh5fD-&_nc_ht=scontent.fdet2-1.fna&_nc_gid=AQ3YOy4sMtLhHPE7WTYt2Ri&oh=00_AYCGhVEQhChydB9dL0rwUfPUlAZ046m7yKGhjp5n9V5O7g&oe=670012C4","https://www.facebook.com/renzi.prayuda",,"Mantap  padi BCA 18","0"
"Sticker",,,"1","83","1","1","1046130797166037","128","https://scontent.fcdg2-1.fna.fbcdn.net/v/t39.1997-6/452823277_1046130800499370_5770105685801567712_n.png?stp=dst-png_s168x128&_nc_cat=101&ccb=1-7&_nc_sid=23dd7b&_nc_ohc=hW9JNaMK_UAQ7kNvgHIORjd&_nc_ht=scontent.fcdg2-1.fna&oh=00_AYAR3OqmdB1wskgMvLOXfE0v5OaTekI5RDL_2BIdcLv9Hw&oe=670015AD","128","",,,,,,,,,,,,,,,,,,"https://www.facebook.com/nizar.setia.3/posts/pfbid031KzsCLdnQuDnHUjz8z3JYzed3vKcSPcaBewFV55545UmPi9yjhL1MxdXVc1nhQWql?comment_id=544863868081897",,,,,,,,,,,,,,,,,,,"2024-09-28T12:23:44.000Z","2736616103175885","https://www.facebook.com/100004825651478/posts/2736616103175885","ZmVlZGJhY2s6MjczNjYxNjEwMzE3NTg4NV81NDQ4NjM4NjgwODE4OTc=","Y29tbWVudDoyNzM2NjE2MTAzMTc1ODg1XzU0NDg2Mzg2ODA4MTg5Nw==","https://www.facebook.com/100004825651478/posts/2736616103175885","0","250829661453806","false",,,,,,,"PARIA HAINAN F1

#hainan_f1
#pariahibrida
#pareputih
#paretahanvirus
#parebuahlebat
#benihcitraasia
#bintangasia
#produkinovasianaknegeri
#suksesbersamabintangasia
@sorotan","100004370253176","Muhamad Cali Faiz Ahmad","https://scontent.fcdg2-1.fna.fbcdn.net/v/t39.30808-1/456120459_2788136318008683_7418166726346064265_n.jpg?stp=cp0_dst-jpg_s32x32&_nc_cat=108&ccb=1-7&_nc_sid=50d2ac&_nc_ohc=3XMR3G6VcFcQ7kNvgGS6a_N&_nc_ht=scontent.fcdg2-1.fna&oh=00_AYD3UCYvxJRwMtOfKilM3OYpwdyvyneYsVCs1v6ge7ASEg&oe=67001AED","https://www.facebook.com/muhamad.cali.98",,"Bintang asia maju terus","0"
,,,,,,,,,,,,,,,,,,,,,,,,,,,,,"https://www.facebook.com/nizar.setia.3/posts/pfbid031KzsCLdnQuDnHUjz8z3JYzed3vKcSPcaBewFV55545UmPi9yjhL1MxdXVc1nhQWql?comment_id=1568309540729929",,,,,,,,,,,,,,,,,,,"2024-09-28T08:31:11.000Z","2736616103175885","https://www.facebook.com/100004825651478/posts/2736616103175885","ZmVlZGJhY2s6MjczNjYxNjEwMzE3NTg4NV8xNTY4MzA5NTQwNzI5OTI5","Y29tbWVudDoyNzM2NjE2MTAzMTc1ODg1XzE1NjgzMDk1NDA3Mjk5Mjk=","https://www.facebook.com/100004825651478/posts/2736616103175885","0","250829661453806","false",,,,,,,"PARIA HAINAN F1

#hainan_f1
#pariahibrida
#pareputih
#paretahanvirus
#parebuahlebat
#benihcitraasia
#bintangasia
#produkinovasianaknegeri
#suksesbersamabintangasia
@sorotan","100007578522755","Renzy Bintangasia","https://scontent.fcdg2-1.fna.fbcdn.net/v/t39.30808-1/426012403_3605728109689771_2277782955804277447_n.jpg?stp=cp0_dst-jpg_s32x32&_nc_cat=104&ccb=1-7&_nc_sid=50d2ac&_nc_ohc=Dk2tR_uNxVUQ7kNvgHAOsGx&_nc_ht=scontent.fcdg2-1.fna&oh=00_AYCXvvclPmrFV6UtrBClKFVcjslKnB6USzP9_-bDfbKqHw&oe=670012C4","https://www.facebook.com/renzi.prayuda",,"Mantap","0"
,,,,,,,,,,,,,,,,,,,,,,,,,,,,,"https://www.facebook.com/nizar.setia.3/posts/pfbid0HAMA91zwwCBLoSoWrvmG5zTGkJvUy4L7bRbKPTm3Kqz3MotR8prmQvo5vkT7TEAkl?comment_id=1057131409122905",,,,,,,,,,,,,,,,,,,"2024-09-28T12:26:56.000Z","2736796246491204","https://www.facebook.com/100004825651478/posts/2736796246491204","ZmVlZGJhY2s6MjczNjc5NjI0NjQ5MTIwNF8xMDU3MTMxNDA5MTIyOTA1","Y29tbWVudDoyNzM2Nzk2MjQ2NDkxMjA0XzEwNTcxMzE0MDkxMjI5MDU=","https://www.facebook.com/100004825651478/posts/2736796246491204","0","250829661453806","false",,,,,,,"Pare Hainan F1

 #parehibrida
 #hainanf1
 #tahanvirus
 #buahlebat
 #potensihasiltinggi
 #diminatipasar
 #benihcitraasia
 #bintangasia","100004370253176","Muhamad Cali Faiz Ahmad","https://scontent.fnap5-2.fna.fbcdn.net/v/t39.30808-1/456120459_2788136318008683_7418166726346064265_n.jpg?stp=cp0_dst-jpg_s32x32&_nc_cat=108&ccb=1-7&_nc_sid=50d2ac&_nc_ohc=3XMR3G6VcFcQ7kNvgEVHljR&_nc_ht=scontent.fnap5-2.fna&_nc_gid=AZLqK6winMEiBI-wd7arlnj&oh=00_AYDngf2ofEe_p_amzPsfZWunC72UPt40p7ixEVH0i2kgyA&oe=67001AED","https://www.facebook.com/muhamad.cali.98",,"Mantulll","0"
,,,,,,,,,,,,,,,,,,,,,,,,,,,,,"https://www.facebook.com/nizar.setia.3/posts/pfbid034RDGNv9ws7TKKLqwtRZLmsUs7TWc4xDYmmF3UE5hNS5y6RSa6wpcZnnfGvfpc8AYl?comment_id=1035882731509017",,,,,,,,,,,,,,,,,,,"2024-09-23T12:12:05.000Z","2731125753724920","https://www.facebook.com/100004825651478/posts/2731125753724920","ZmVlZGJhY2s6MjczMTEyNTc1MzcyNDkyMF8xMDM1ODgyNzMxNTA5MDE3","Y29tbWVudDoyNzMxMTI1NzUzNzI0OTIwXzEwMzU4ODI3MzE1MDkwMTc=","https://www.facebook.com/100004825651478/posts/2731125753724920","0","357880607403962","false",,,,,,,"Bingung mau tanam cabe pake benih apa?? Tanam cabe JURO f1 dari PT Benih Citra Asia.. Terbukti hasilnya MANTAP.
Lokasi di Banjarwangi dan Pasirwangi Kabupaten Garut
Semoga tambah sukses dan tambah berkah. Sorotan Sorotan #benih
#benihcitraasia
#benihcabe
 Benih Citra Asia Benih Citra Asia","100007578522755","Renzy Bintangasia","https://scontent-ord5-2.xx.fbcdn.net/v/t39.30808-1/426012403_3605728109689771_2277782955804277447_n.jpg?stp=cp0_dst-jpg_s32x32&_nc_cat=104&ccb=1-7&_nc_sid=50d2ac&_nc_ohc=Dk2tR_uNxVUQ7kNvgE4iUzK&_nc_ht=scontent-ord5-2.xx&_nc_gid=A4yqWbt5hqzt9WnzZtESfWE&oh=00_AYDfMAzSgSvtp75da_5JQIHqmIR8JDoXZdemKt2dHW1OAA&oe=670012C4","https://www.facebook.com/renzi.prayuda",,"Mantap om","0"
,,,,,,,,,,,,,,,,,,,,,,,,,,,,,"https://www.facebook.com/nizar.setia.3/posts/pfbid0nLENYkMUEiTbHBuGYUhtv2rS2go8YEEUFTbVcp3wvfFHqke2cVtoYjgobiGyJu4Xl?comment_id=547608587832797&reply_comment_id=1027605215778375",,,,,,,,,,,,,,,,,,,"2024-09-23T17:51:11.000Z","2730842853753210","https://www.facebook.com/100004825651478/posts/2730842853753210","ZmVlZGJhY2s6MjczMDg0Mjg1Mzc1MzIxMF8xMDI3NjA1MjE1Nzc4Mzc1","Y29tbWVudDoyNzMwODQyODUzNzUzMjEwXzEwMjc2MDUyMTU3NzgzNzU=","https://www.facebook.com/100004825651478/posts/2730842853753210","0","200476579818147","false",,"User","100009994003233","Ilham Bintang Asia","Ilham","Y29tbWVudDoyNzMwODQyODUzNzUzMjEwXzU0NzYwODU4NzgzMjc5Nw==","BOMER F1 
MERLIN F1 
Rock Melon Daging Orange Cap Bintang Asia Produksi dari PT Benih Citra Asia 
Manis Mempesona dan Menggoda Petani melon indonesia, 
Mari Menggunakan Produk Inovasi Anak Negeri, 
Hal Kecil Bermanfaat Besar Untuk Kemajuan Bangsa,
@sorotan SEMUA ORANG","100004825651478","NiZar Bintang Asia","https://scontent-atl3-2.xx.fbcdn.net/v/t39.30808-1/438276089_2611594555678041_6997404202785061953_n.jpg?stp=cp0_dst-jpg_p32x32&_nc_cat=111&ccb=1-7&_nc_sid=50d2ac&_nc_ohc=EYsV5G9NhH8Q7kNvgFOq8Yy&_nc_ht=scontent-atl3-2.xx&oh=00_AYAyKZaaiI8fqcUV3jfvRA4NvRFYZyEQW5iV2YL6x6Rv6Q&oe=6700452E","https://www.facebook.com/nizar.setia.3","Y29tbWVudDoyNzMwODQyODUzNzUzMjEwXzU0NzYwODU4NzgzMjc5Nw==","Ilham Bintang Asia 𝐬𝐢𝐚𝐩 𝐛𝐨𝐬 𝐤𝐮,,, 𝐦𝐞𝐦𝐛𝐚𝐫𝐚","1"
,,,,,,,,,,,,,,,,,,,,,,,,,,,,,"https://www.facebook.com/nizar.setia.3/posts/pfbid02WsWJsRKqxtCxAcnjRKCdYXvvtuXvTfrrqpPuC47iFBoKGMVcQYpVSxb4PYU1p55el?comment_id=1875915956249655",,,,,,,,,,,,,,,,,,,"2024-09-24T07:18:05.000Z","2732007470303415","https://www.facebook.com/100004825651478/posts/2732007470303415","ZmVlZGJhY2s6MjczMjAwNzQ3MDMwMzQxNV8xODc1OTE1OTU2MjQ5NjU1","Y29tbWVudDoyNzMyMDA3NDcwMzAzNDE1XzE4NzU5MTU5NTYyNDk2NTU=","https://www.facebook.com/100004825651478/posts/2732007470303415","0","227900387075660","false",,,,,,,"Bonto manai and the geng🙌 STUBA CMB darmais F1 produk Bintang Asia dilahan Puang illong
#darmaisgemmoy
#bintangasia","100007578522755","Renzy Bintangasia","https://scontent.fcta2-2.fna.fbcdn.net/v/t39.30808-1/426012403_3605728109689771_2277782955804277447_n.jpg?stp=cp0_dst-jpg_s32x32&_nc_cat=104&ccb=1-7&_nc_sid=50d2ac&_nc_ohc=Dk2tR_uNxVUQ7kNvgGazNSQ&_nc_ht=scontent.fcta2-2.fna&oh=00_AYBjY65M4Mnsjg-pxC1ARYLxA1fTBQdcJyJMaGbgpkgtTw&oe=670012C4","https://www.facebook.com/renzi.prayuda",,"Mantap","0"
,,,,,,,,,,,,,,,,,,,,,,,,,,,,,"https://www.facebook.com/nizar.setia.3/posts/pfbid02WsWJsRKqxtCxAcnjRKCdYXvvtuXvTfrrqpPuC47iFBoKGMVcQYpVSxb4PYU1p55el?comment_id=423911426969518",,,,,,,,,,,,,,,,,,,"2024-09-24T05:52:41.000Z","2732007470303415","https://www.facebook.com/100004825651478/posts/2732007470303415","ZmVlZGJhY2s6MjczMjAwNzQ3MDMwMzQxNV80MjM5MTE0MjY5Njk1MTg=","Y29tbWVudDoyNzMyMDA3NDcwMzAzNDE1XzQyMzkxMTQyNjk2OTUxOA==","https://www.facebook.com/100004825651478/posts/2732007470303415","0","227900387075660","false",,,,,,,"Bonto manai and the geng🙌 STUBA CMB darmais F1 produk Bintang Asia dilahan Puang illong
#darmaisgemmoy
#bintangasia","pfbid0YAkd6HEj3ESFXgwY96uGrHCGQBFsiBY5a3HVsiZUhUzd2UsypUWczGDcefEu8jfTl","Yospiqmi Rizal Bintang Asia","https://scontent.fcta2-1.fna.fbcdn.net/v/t1.18169-1/12814133_605474156274254_1255382583968893776_n.jpg?stp=cp0_dst-jpg_s32x32&_nc_cat=107&ccb=1-7&_nc_sid=e4545e&_nc_ohc=fQn08hX1fVAQ7kNvgGBUV8m&_nc_ht=scontent.fcta2-1.fna&oh=00_AYAJDsDe4pBIY5_6fxRbE8EOdfeagADGtA5WeoNm0RdUXw&oe=6721B03C","https://www.facebook.com/yospiqmi.rizal",,"Gas²","0"
,,,,,,,,,,,,,,,,,,,,,,,,,,,,,"https://www.facebook.com/nizar.setia.3/posts/pfbid0g9obcpxFAheBqRMreq9f92VajmiCJLLcXxf51c68U15xGSvSHVn43F9SFayoe4VPl?comment_id=1119813503022802",,,,,,,,,,,,,,,,,,,"2024-09-30T01:07:57.000Z","2738034989700663","https://www.facebook.com/100004825651478/posts/2738034989700663","ZmVlZGJhY2s6MjczODAzNDk4OTcwMDY2M18xMTE5ODEzNTAzMDIyODAy","Y29tbWVudDoyNzM4MDM0OTg5NzAwNjYzXzExMTk4MTM1MDMwMjI4MDI=","https://www.facebook.com/100004825651478/posts/2738034989700663","0","113420435192600","false",,,,,,,"Terong Bungo memasuki masa panen semoga harga dan produksinya bagus.  #terong #benihcitraasia #bintangasia #farmer #petani #indonesia","100041507438736","Rahmadgeni Geni","https://scontent.fqnv10-1.fna.fbcdn.net/v/t39.30808-1/455351410_1461238241936410_8433781439543808474_n.jpg?stp=cp0_dst-jpg_s32x32&_nc_cat=106&ccb=1-7&_nc_sid=50d2ac&_nc_ohc=JXq9MLDWdIcQ7kNvgFH_yNv&_nc_ht=scontent.fqnv10-1.fna&_nc_gid=A-NUQWfQ8oIt_qq9pbC0gva&oh=00_AYDnsXSrZS5OHLlo3DXDIwDcugwmnbALy5O8Y2UH5UyThg&oe=670025BB","https://www.facebook.com/rahmattulloh.rahmattulloh.37454",,"Aku pernah nyoba tanam benih ini bg, buah mau retak ,pecah, knapa y bg","0"
