﻿"commentUrl","comments/0/commentUrl","comments/0/commentsCount","comments/0/date","comments/0/feedbackId","comments/0/id","comments/0/likesCount","comments/0/parentComment/author/__typename","comments/0/parentComment/author/id","comments/0/parentComment/author/name","comments/0/parentComment/author/short_name","comments/0/parentComment/id","comments/0/profileId","comments/0/profileName","comments/0/profilePicture","comments/0/profileUrl","comments/0/replyToCommentId","comments/0/text","comments/0/threadingDepth","comments/1/commentUrl","comments/1/date","comments/1/feedbackId","comments/1/id","comments/1/likesCount","comments/1/parentComment/author/__typename","comments/1/parentComment/author/id","comments/1/parentComment/author/name","comments/1/parentComment/author/short_name","comments/1/parentComment/id","comments/1/profileId","comments/1/profileName","comments/1/profilePicture","comments/1/profileUrl","comments/1/replyToCommentId","comments/1/text","comments/1/threadingDepth","comments/2/commentUrl","comments/2/date","comments/2/feedbackId","comments/2/id","comments/2/likesCount","comments/2/parentComment/author/__typename","comments/2/parentComment/author/id","comments/2/parentComment/author/name","comments/2/parentComment/author/short_name","comments/2/parentComment/id","comments/2/profileId","comments/2/profileName","comments/2/profilePicture","comments/2/profileUrl","comments/2/replyToCommentId","comments/2/text","comments/2/threadingDepth","comments/3/commentUrl","comments/3/date","comments/3/feedbackId","comments/3/id","comments/3/likesCount","comments/3/parentComment/author/__typename","comments/3/parentComment/author/id","comments/3/parentComment/author/name","comments/3/parentComment/author/short_name","comments/3/parentComment/id","comments/3/profileId","comments/3/profileName","comments/3/profilePicture","comments/3/profileUrl","comments/3/replyToCommentId","comments/3/text","comments/3/threadingDepth","comments/4/commentUrl","comments/4/date","comments/4/feedbackId","comments/4/id","comments/4/likesCount","comments/4/parentComment/author/__typename","comments/4/parentComment/author/id","comments/4/parentComment/author/name","comments/4/parentComment/author/short_name","comments/4/parentComment/id","comments/4/profileId","comments/4/profileName","comments/4/profilePicture","comments/4/profileUrl","comments/4/replyToCommentId","comments/4/text","comments/4/threadingDepth","commentsCount","date","facebookId","facebookUrl","feedbackId","id","inputUrl","likesCount","pageAdLibrary/id","pageAdLibrary/is_business_page_active","parentComment/author/__typename","parentComment/author/id","parentComment/author/name","parentComment/author/short_name","parentComment/id","postTitle","profileId","profileName","profilePicture","profileUrl","replyToCommentId","text","threadingDepth"
"https://www.facebook.com/ikhbal.kulukulu/posts/pfbid0DAPDtNk8syWondC69jexc4rdbP8WDauoAYbqN9uKLPTpGJSzfxFnmR1bJr2ieJTRl?comment_id=443369514840665","https://www.facebook.com/ikhbal.kulukulu/posts/pfbid0DAPDtNk8syWondC69jexc4rdbP8WDauoAYbqN9uKLPTpGJSzfxFnmR1bJr2ieJTRl?comment_id=443369514840665&reply_comment_id=2832434070271471",,"2024-09-25T12:44:49.000Z","ZmVlZGJhY2s6ODM3NDc4Mzk0NTk0MTA3N18yODMyNDM0MDcwMjcxNDcx","Y29tbWVudDo4Mzc0NzgzOTQ1OTQxMDc3XzI4MzI0MzQwNzAyNzE0NzE=","0","User","pfbid036p1tkLDzdCDTg3jD3imZxjUiZHEGxdaBx6nUs5Axpk6L4UtFGszELJpiiko2PxJsl","Renly Mawey","Renly","Y29tbWVudDo4Mzc0NzgzOTQ1OTQxMDc3XzQ0MzM2OTUxNDg0MDY2NQ==","100002286647352","Moh IQbal T Olii","https://scontent.fpgz1-1.fna.fbcdn.net/v/t39.30808-1/456455817_8115762721843202_8695643095343227830_n.jpg?stp=cp0_dst-jpg_s32x32&_nc_cat=106&ccb=1-7&_nc_sid=50d2ac&_nc_ohc=F3XvEKzP76IQ7kNvgHmXbhn&_nc_ht=scontent.fpgz1-1.fna&oh=00_AYD4WkQVVTQ6EoS_Grwh9cL0UTvtqdEvKJtLGdgCCtOj0A&oe=66FA94E4","https://www.facebook.com/ikhbal.kulukulu","Y29tbWVudDo4Mzc0NzgzOTQ1OTQxMDc3XzQ0MzM2OTUxNDg0MDY2NQ==","Renly Mawey iya pak agak sedikit oval","1",,,,,,,,,,,,,,,,,,,,,,,,,,,,,,,,,,,,,,,,,,,,,,,,,,,,,,,,,,,,,,,,,,,,,"1","2024-09-25T11:58:09.000Z","8374783945941077","https://www.facebook.com/100002286647352/posts/8374783945941077","ZmVlZGJhY2s6ODM3NDc4Mzk0NTk0MTA3N180NDMzNjk1MTQ4NDA2NjU=","Y29tbWVudDo4Mzc0NzgzOTQ1OTQxMDc3XzQ0MzM2OTUxNDg0MDY2NQ==","https://www.facebook.com/100002286647352/posts/8374783945941077","0","261237703739109","false",,,,,,"OKASA F1

Rock Melon cantaloupe hibrida.
Bentuk buah : bulat oval.
Warna daging : oranye,
Berat buah : ± 3 kg/buah.
Umur panen : ± 60 hst.
Potensi hasil : ± 25 ton/ha.
Adaptasi utama di dataran rendah.
Rasa sangat manis.

#suksesbersamaBintangasia
#melonokasaF1
@sorotan 
pengikut 
Bintang Asia 
Benih Citra Asia","pfbid036p1tkLDzdCDTg3jD3imZxjUiZHEGxdaBx6nUs5Axpk6L4UtFGszELJpiiko2PxJsl","Renly Mawey","https://scontent.fpgz1-1.fna.fbcdn.net/v/t39.30808-1/345898800_807013904193098_3864408136215189200_n.jpg?stp=cp0_dst-jpg_s32x32&_nc_cat=111&ccb=1-7&_nc_sid=0ecb9b&_nc_ohc=SaLdIr4FYAAQ7kNvgGoTvMY&_nc_ht=scontent.fpgz1-1.fna&oh=00_AYB56AHjJmCQtlN3tik7QLDvkGCEZlqkWX0bvY7SSCMu5g&oe=66FA7B6F","https://www.facebook.com/renly.mawey",,"Kayak mirip melon Noni ya pak boss","0"
"https://www.facebook.com/ikhbal.kulukulu/posts/pfbid016Ekj59173tbQjaP7eMtsauDTUrEU1ti24NoyYD1sSxbfa64AzvsMXRC9WosBAfvl?comment_id=27061629240102079","https://www.facebook.com/ikhbal.kulukulu/posts/pfbid016Ekj59173tbQjaP7eMtsauDTUrEU1ti24NoyYD1sSxbfa64AzvsMXRC9WosBAfvl?comment_id=27061629240102079&reply_comment_id=1212997760023666","1","2024-09-13T13:17:12.000Z","ZmVlZGJhY2s6ODI2NDEzNzUzNzAwNTcxOV8xMjEyOTk3NzYwMDIzNjY2","Y29tbWVudDo4MjY0MTM3NTM3MDA1NzE5XzEyMTI5OTc3NjAwMjM2NjY=","0","User","pfbid02Qka5aaEoZhfeAi5hJUCKdn6F8D3xQFjXkBdEFPqaAijCszpyfKBAJGZeEN1pQZT7l","Aris","Aris","Y29tbWVudDo4MjY0MTM3NTM3MDA1NzE5XzI3MDYxNjI5MjQwMTAyMDc5","100002286647352","Moh IQbal T Olii","https://scontent.fbhx1-1.fna.fbcdn.net/v/t39.30808-1/456455817_8115762721843202_8695643095343227830_n.jpg?stp=cp0_dst-jpg_s32x32&_nc_cat=106&ccb=1-7&_nc_sid=50d2ac&_nc_ohc=F3XvEKzP76IQ7kNvgGpnDFl&_nc_ht=scontent.fbhx1-1.fna&_nc_gid=ANg-GBKFY704ftwLfQzRawY&oh=00_AYA1urdF6Jv87XjT7OG8NZt7mwQUTmP7U7WVMaFGmpMMXA&oe=66FA94E4","https://www.facebook.com/ikhbal.kulukulu","Y29tbWVudDo4MjY0MTM3NTM3MDA1NzE5XzI3MDYxNjI5MjQwMTAyMDc5","Aris Segera Redy masee","1","https://www.facebook.com/ikhbal.kulukulu/posts/pfbid016Ekj59173tbQjaP7eMtsauDTUrEU1ti24NoyYD1sSxbfa64AzvsMXRC9WosBAfvl?comment_id=27061629240102079&reply_comment_id=491026840402762","2024-09-13T13:31:02.000Z","ZmVlZGJhY2s6ODI2NDEzNzUzNzAwNTcxOV80OTEwMjY4NDA0MDI3NjI=","Y29tbWVudDo4MjY0MTM3NTM3MDA1NzE5XzQ5MTAyNjg0MDQwMjc2Mg==","1","User","pfbid02Qka5aaEoZhfeAi5hJUCKdn6F8D3xQFjXkBdEFPqaAijCszpyfKBAJGZeEN1pQZT7l","Aris","Aris","Y29tbWVudDo4MjY0MTM3NTM3MDA1NzE5XzI3MDYxNjI5MjQwMTAyMDc5","pfbid02Qka5aaEoZhfeAi5hJUCKdn6F8D3xQFjXkBdEFPqaAijCszpyfKBAJGZeEN1pQZT7l","Aris","https://scontent.fbhx1-2.fna.fbcdn.net/v/t39.30808-1/292890972_411074310976849_7514185014865650419_n.jpg?stp=cp0_dst-jpg_s32x32&_nc_cat=107&ccb=1-7&_nc_sid=0ecb9b&_nc_ohc=EF6SF35Z6wcQ7kNvgHc3qQJ&_nc_ht=scontent.fbhx1-2.fna&_nc_gid=ANg-GBKFY704ftwLfQzRawY&oh=00_AYAWmGWxNW_SDwb5F3Cpc81cJOFHpLHva8dHVj3siUhclw&oe=66FA8E91","https://www.facebook.com/people/Aris/pfbid02Qka5aaEoZhfeAi5hJUCKdn6F8D3xQFjXkBdEFPqaAijCszpyfKBAJGZeEN1pQZT7l/","Y29tbWVudDo4MjY0MTM3NTM3MDA1NzE5XzI3MDYxNjI5MjQwMTAyMDc5","Moh IQbal T Olii aasiiiappp","2",,,,,,,,,,,,,,,,,,,,,,,,,,,,,,,,,,,,,,,,,,,,,,,,,,,,"2","2024-09-13T12:30:56.000Z","8264137537005719","https://www.facebook.com/100002286647352/posts/8264137537005719","ZmVlZGJhY2s6ODI2NDEzNzUzNzAwNTcxOV8yNzA2MTYyOTI0MDEwMjA3OQ==","Y29tbWVudDo4MjY0MTM3NTM3MDA1NzE5XzI3MDYxNjI5MjQwMTAyMDc5","https://www.facebook.com/100002286647352/posts/8264137537005719","0","103847162550652","false",,,,,,"Moh IQbal T Olii shared a memory.","pfbid02Qka5aaEoZhfeAi5hJUCKdn6F8D3xQFjXkBdEFPqaAijCszpyfKBAJGZeEN1pQZT7l","Aris","https://scontent.fbhx1-2.fna.fbcdn.net/v/t39.30808-1/292890972_411074310976849_7514185014865650419_n.jpg?stp=cp0_dst-jpg_s32x32&_nc_cat=107&ccb=1-7&_nc_sid=0ecb9b&_nc_ohc=EF6SF35Z6wcQ7kNvgHc3qQJ&_nc_ht=scontent.fbhx1-2.fna&_nc_gid=ANg-GBKFY704ftwLfQzRawY&oh=00_AYAWmGWxNW_SDwb5F3Cpc81cJOFHpLHva8dHVj3siUhclw&oe=66FA8E91","https://www.facebook.com/people/Aris/pfbid02Qka5aaEoZhfeAi5hJUCKdn6F8D3xQFjXkBdEFPqaAijCszpyfKBAJGZeEN1pQZT7l/",,"Taun ini dang pak🙏🙏🙏","0"
"https://www.facebook.com/ikhbal.kulukulu/posts/pfbid0MmangmdxTWXkbowr6dm1s7LNNxBncpQpoFBVKRwiRrGWLmZDmRSMUZW1QdENGUCWl?comment_id=915363047104882",,,,,,,,,,,,,,,,,,,,,,,,,,,,,,,,,,,,,,,,,,,,,,,,,,,,,,,,,,,,,,,,,,,,,,,,,,,,,,,,,,,,,,,,"2024-09-25T21:11:09.000Z","8372672376152234","https://www.facebook.com/100002286647352/posts/8372672376152234","ZmVlZGJhY2s6ODM3MjY3MjM3NjE1MjIzNF85MTUzNjMwNDcxMDQ4ODI=","Y29tbWVudDo4MzcyNjcyMzc2MTUyMjM0XzkxNTM2MzA0NzEwNDg4Mg==","https://www.facebook.com/100002286647352/posts/8372672376152234","0","103847162550652","false",,,,,,"Stelan Kancingan.","100024229936192","Hangga Parnianto","https://scontent.fbsb23-1.fna.fbcdn.net/v/t39.30808-1/439342688_1655828358568146_6272023454520985700_n.jpg?stp=cp0_dst-jpg_s32x32&_nc_cat=110&ccb=1-7&_nc_sid=50d2ac&_nc_ohc=B6DKuFRMUykQ7kNvgEqMsf2&_nc_ht=scontent.fbsb23-1.fna&_nc_gid=Aov2AZinhRjz-HGaD1-PjMu&oh=00_AYABuQLRPWCkX5_uWHiMkbrMRQ9sEoCeT3A8AeRlRufZVQ&oe=66FA8E7C",,,"Mantap Leh,,, ☕","0"
"https://www.facebook.com/ikhbal.kulukulu/posts/pfbid0MmangmdxTWXkbowr6dm1s7LNNxBncpQpoFBVKRwiRrGWLmZDmRSMUZW1QdENGUCWl?comment_id=8301173633285166","https://www.facebook.com/ikhbal.kulukulu/posts/pfbid0MmangmdxTWXkbowr6dm1s7LNNxBncpQpoFBVKRwiRrGWLmZDmRSMUZW1QdENGUCWl?comment_id=8301173633285166&reply_comment_id=1430213497653168","4","2024-09-25T11:52:30.000Z","ZmVlZGJhY2s6ODM3MjY3MjM3NjE1MjIzNF8xNDMwMjEzNDk3NjUzMTY4","Y29tbWVudDo4MzcyNjcyMzc2MTUyMjM0XzE0MzAyMTM0OTc2NTMxNjg=","0","User","pfbid036p1tkLDzdCDTg3jD3imZxjUiZHEGxdaBx6nUs5Axpk6L4UtFGszELJpiiko2PxJsl","Renly Mawey","Renly","Y29tbWVudDo4MzcyNjcyMzc2MTUyMjM0XzgzMDExNzM2MzMyODUxNjY=","100002286647352","Moh IQbal T Olii","https://scontent.fbsb23-1.fna.fbcdn.net/v/t39.30808-1/456455817_8115762721843202_8695643095343227830_n.jpg?stp=cp0_dst-jpg_s32x32&_nc_cat=106&ccb=1-7&_nc_sid=50d2ac&_nc_ohc=F3XvEKzP76IQ7kNvgGHSv09&_nc_ht=scontent.fbsb23-1.fna&_nc_gid=Aov2AZinhRjz-HGaD1-PjMu&oh=00_AYBQL2WwA7wQNP6IxwMNKakV2GISFM0kiFoYCfh_A4tCxQ&oe=66FA94E4","https://www.facebook.com/ikhbal.kulukulu","Y29tbWVudDo4MzcyNjcyMzc2MTUyMjM0XzgzMDExNzM2MzMyODUxNjY=","Renly Mawey Masi di Bumi pak bos🤭","1","https://www.facebook.com/ikhbal.kulukulu/posts/pfbid0MmangmdxTWXkbowr6dm1s7LNNxBncpQpoFBVKRwiRrGWLmZDmRSMUZW1QdENGUCWl?comment_id=8301173633285166&reply_comment_id=3851026768520488","2024-09-25T11:54:51.000Z","ZmVlZGJhY2s6ODM3MjY3MjM3NjE1MjIzNF8zODUxMDI2NzY4NTIwNDg4","Y29tbWVudDo4MzcyNjcyMzc2MTUyMjM0XzM4NTEwMjY3Njg1MjA0ODg=","1","User","pfbid036p1tkLDzdCDTg3jD3imZxjUiZHEGxdaBx6nUs5Axpk6L4UtFGszELJpiiko2PxJsl","Renly Mawey","Renly","Y29tbWVudDo4MzcyNjcyMzc2MTUyMjM0XzgzMDExNzM2MzMyODUxNjY=","pfbid036p1tkLDzdCDTg3jD3imZxjUiZHEGxdaBx6nUs5Axpk6L4UtFGszELJpiiko2PxJsl","Renly Mawey","https://scontent.fbsb23-1.fna.fbcdn.net/v/t39.30808-1/345898800_807013904193098_3864408136215189200_n.jpg?stp=cp0_dst-jpg_s32x32&_nc_cat=111&ccb=1-7&_nc_sid=0ecb9b&_nc_ohc=SaLdIr4FYAAQ7kNvgHRdOY9&_nc_ht=scontent.fbsb23-1.fna&_nc_gid=Aov2AZinhRjz-HGaD1-PjMu&oh=00_AYCEPWdeT9YNg36qE8ugsZlDnxEY6q_3l4g1zIFQOgni6w&oe=66FA7B6F","https://www.facebook.com/renly.mawey","Y29tbWVudDo4MzcyNjcyMzc2MTUyMjM0XzgzMDExNzM2MzMyODUxNjY=","Moh IQbal T Olii ohh masi di bumi,.kira so ke luar angkasa😆😆","2","https://www.facebook.com/ikhbal.kulukulu/posts/pfbid0MmangmdxTWXkbowr6dm1s7LNNxBncpQpoFBVKRwiRrGWLmZDmRSMUZW1QdENGUCWl?comment_id=8301173633285166&reply_comment_id=1835797693619397","2024-09-25T11:58:57.000Z","ZmVlZGJhY2s6ODM3MjY3MjM3NjE1MjIzNF8xODM1Nzk3NjkzNjE5Mzk3","Y29tbWVudDo4MzcyNjcyMzc2MTUyMjM0XzE4MzU3OTc2OTM2MTkzOTc=","0","User","pfbid036p1tkLDzdCDTg3jD3imZxjUiZHEGxdaBx6nUs5Axpk6L4UtFGszELJpiiko2PxJsl","Renly Mawey","Renly","Y29tbWVudDo4MzcyNjcyMzc2MTUyMjM0XzgzMDExNzM2MzMyODUxNjY=","pfbid036p1tkLDzdCDTg3jD3imZxjUiZHEGxdaBx6nUs5Axpk6L4UtFGszELJpiiko2PxJsl","Renly Mawey","https://scontent.fbsb23-1.fna.fbcdn.net/v/t39.30808-1/345898800_807013904193098_3864408136215189200_n.jpg?stp=cp0_dst-jpg_s32x32&_nc_cat=111&ccb=1-7&_nc_sid=0ecb9b&_nc_ohc=SaLdIr4FYAAQ7kNvgHRdOY9&_nc_ht=scontent.fbsb23-1.fna&_nc_gid=Aov2AZinhRjz-HGaD1-PjMu&oh=00_AYCEPWdeT9YNg36qE8ugsZlDnxEY6q_3l4g1zIFQOgni6w&oe=66FA7B6F","https://www.facebook.com/renly.mawey","Y29tbWVudDo4MzcyNjcyMzc2MTUyMjM0XzgzMDExNzM2MzMyODUxNjY=","Kapan main ke manado pak boss?","2","https://www.facebook.com/ikhbal.kulukulu/posts/pfbid0MmangmdxTWXkbowr6dm1s7LNNxBncpQpoFBVKRwiRrGWLmZDmRSMUZW1QdENGUCWl?comment_id=8301173633285166&reply_comment_id=1068114878358049","2024-09-25T12:45:16.000Z","ZmVlZGJhY2s6ODM3MjY3MjM3NjE1MjIzNF8xMDY4MTE0ODc4MzU4MDQ5","Y29tbWVudDo4MzcyNjcyMzc2MTUyMjM0XzEwNjgxMTQ4NzgzNTgwNDk=","0","User","pfbid036p1tkLDzdCDTg3jD3imZxjUiZHEGxdaBx6nUs5Axpk6L4UtFGszELJpiiko2PxJsl","Renly Mawey","Renly","Y29tbWVudDo4MzcyNjcyMzc2MTUyMjM0XzgzMDExNzM2MzMyODUxNjY=","100002286647352","Moh IQbal T Olii","https://scontent.fbsb23-1.fna.fbcdn.net/v/t39.30808-1/456455817_8115762721843202_8695643095343227830_n.jpg?stp=cp0_dst-jpg_s32x32&_nc_cat=106&ccb=1-7&_nc_sid=50d2ac&_nc_ohc=F3XvEKzP76IQ7kNvgGHSv09&_nc_ht=scontent.fbsb23-1.fna&_nc_gid=Aov2AZinhRjz-HGaD1-PjMu&oh=00_AYBQL2WwA7wQNP6IxwMNKakV2GISFM0kiFoYCfh_A4tCxQ&oe=66FA94E4","https://www.facebook.com/ikhbal.kulukulu","Y29tbWVudDo4MzcyNjcyMzc2MTUyMjM0XzgzMDExNzM2MzMyODUxNjY=","Renly Mawey panjang umur bulan depan pak bos","2","https://www.facebook.com/ikhbal.kulukulu/posts/pfbid0MmangmdxTWXkbowr6dm1s7LNNxBncpQpoFBVKRwiRrGWLmZDmRSMUZW1QdENGUCWl?comment_id=8301173633285166&reply_comment_id=8425003594280872","2024-09-25T13:29:55.000Z","ZmVlZGJhY2s6ODM3MjY3MjM3NjE1MjIzNF84NDI1MDAzNTk0MjgwODcy","Y29tbWVudDo4MzcyNjcyMzc2MTUyMjM0Xzg0MjUwMDM1OTQyODA4NzI=","1","User","pfbid036p1tkLDzdCDTg3jD3imZxjUiZHEGxdaBx6nUs5Axpk6L4UtFGszELJpiiko2PxJsl","Renly Mawey","Renly","Y29tbWVudDo4MzcyNjcyMzc2MTUyMjM0XzgzMDExNzM2MzMyODUxNjY=","pfbid036p1tkLDzdCDTg3jD3imZxjUiZHEGxdaBx6nUs5Axpk6L4UtFGszELJpiiko2PxJsl","Renly Mawey","https://scontent.fbsb23-1.fna.fbcdn.net/v/t39.30808-1/345898800_807013904193098_3864408136215189200_n.jpg?stp=cp0_dst-jpg_s32x32&_nc_cat=111&ccb=1-7&_nc_sid=0ecb9b&_nc_ohc=SaLdIr4FYAAQ7kNvgHRdOY9&_nc_ht=scontent.fbsb23-1.fna&_nc_gid=Aov2AZinhRjz-HGaD1-PjMu&oh=00_AYCEPWdeT9YNg36qE8ugsZlDnxEY6q_3l4g1zIFQOgni6w&oe=66FA7B6F","https://www.facebook.com/renly.mawey","Y29tbWVudDo4MzcyNjcyMzc2MTUyMjM0XzgzMDExNzM2MzMyODUxNjY=","Moh IQbal T Olii 👍👍","2","5","2024-09-25T07:42:16.000Z","8372672376152234","https://www.facebook.com/100002286647352/posts/8372672376152234","ZmVlZGJhY2s6ODM3MjY3MjM3NjE1MjIzNF84MzAxMTczNjMzMjg1MTY2","Y29tbWVudDo4MzcyNjcyMzc2MTUyMjM0XzgzMDExNzM2MzMyODUxNjY=","https://www.facebook.com/100002286647352/posts/8372672376152234","0","103847162550652","false",,,,,,"Stelan Kancingan.","pfbid036p1tkLDzdCDTg3jD3imZxjUiZHEGxdaBx6nUs5Axpk6L4UtFGszELJpiiko2PxJsl","Renly Mawey","https://scontent.fbsb23-1.fna.fbcdn.net/v/t39.30808-1/345898800_807013904193098_3864408136215189200_n.jpg?stp=cp0_dst-jpg_s32x32&_nc_cat=111&ccb=1-7&_nc_sid=0ecb9b&_nc_ohc=SaLdIr4FYAAQ7kNvgHRdOY9&_nc_ht=scontent.fbsb23-1.fna&_nc_gid=Aov2AZinhRjz-HGaD1-PjMu&oh=00_AYCEPWdeT9YNg36qE8ugsZlDnxEY6q_3l4g1zIFQOgni6w&oe=66FA7B6F","https://www.facebook.com/renly.mawey",,"Posisi dimn ini pak boss","0"
"https://www.facebook.com/ikhbal.kulukulu/posts/pfbid0DAPDtNk8syWondC69jexc4rdbP8WDauoAYbqN9uKLPTpGJSzfxFnmR1bJr2ieJTRl?comment_id=443369514840665&reply_comment_id=2832434070271471",,,,,,,,,,,,,,,,,,,,,,,,,,,,,,,,,,,,,,,,,,,,,,,,,,,,,,,,,,,,,,,,,,,,,,,,,,,,,,,,,,,,,,,,"2024-09-25T12:44:49.000Z","8374783945941077","https://www.facebook.com/100002286647352/posts/8374783945941077","ZmVlZGJhY2s6ODM3NDc4Mzk0NTk0MTA3N18yODMyNDM0MDcwMjcxNDcx","Y29tbWVudDo4Mzc0NzgzOTQ1OTQxMDc3XzI4MzI0MzQwNzAyNzE0NzE=","https://www.facebook.com/100002286647352/posts/8374783945941077","0","261237703739109","false","User","pfbid036p1tkLDzdCDTg3jD3imZxjUiZHEGxdaBx6nUs5Axpk6L4UtFGszELJpiiko2PxJsl","Renly Mawey","Renly","Y29tbWVudDo4Mzc0NzgzOTQ1OTQxMDc3XzQ0MzM2OTUxNDg0MDY2NQ==","OKASA F1

Rock Melon cantaloupe hibrida.
Bentuk buah : bulat oval.
Warna daging : oranye,
Berat buah : ± 3 kg/buah.
Umur panen : ± 60 hst.
Potensi hasil : ± 25 ton/ha.
Adaptasi utama di dataran rendah.
Rasa sangat manis.

#suksesbersamaBintangasia
#melonokasaF1
@sorotan 
pengikut 
Bintang Asia 
Benih Citra Asia","100002286647352","Moh IQbal T Olii","https://scontent-mia3-2.xx.fbcdn.net/v/t39.30808-1/456455817_8115762721843202_8695643095343227830_n.jpg?stp=cp0_dst-jpg_s32x32&_nc_cat=106&ccb=1-7&_nc_sid=50d2ac&_nc_ohc=F3XvEKzP76IQ7kNvgFrH3mP&_nc_ht=scontent-mia3-2.xx&oh=00_AYAwdo6FUaCDIYB_gPqr5gtLvof-7ZF8nQ4YI36HH33ZTQ&oe=66FA94E4","https://www.facebook.com/ikhbal.kulukulu","Y29tbWVudDo4Mzc0NzgzOTQ1OTQxMDc3XzQ0MzM2OTUxNDg0MDY2NQ==","Renly Mawey iya pak agak sedikit oval","1"
"https://www.facebook.com/ikhbal.kulukulu/posts/pfbid016Ekj59173tbQjaP7eMtsauDTUrEU1ti24NoyYD1sSxbfa64AzvsMXRC9WosBAfvl?comment_id=27061629240102079&reply_comment_id=1212997760023666",,,,,,,,,,,,,,,,,,,,,,,,,,,,,,,,,,,,,,,,,,,,,,,,,,,,,,,,,,,,,,,,,,,,,,,,,,,,,,,,,,,,,,,"1","2024-09-13T13:17:12.000Z","8264137537005719","https://www.facebook.com/100002286647352/posts/8264137537005719","ZmVlZGJhY2s6ODI2NDEzNzUzNzAwNTcxOV8xMjEyOTk3NzYwMDIzNjY2","Y29tbWVudDo4MjY0MTM3NTM3MDA1NzE5XzEyMTI5OTc3NjAwMjM2NjY=","https://www.facebook.com/100002286647352/posts/8264137537005719","0","103847162550652","false","User","pfbid02Qka5aaEoZhfeAi5hJUCKdn6F8D3xQFjXkBdEFPqaAijCszpyfKBAJGZeEN1pQZT7l","Aris","Aris","Y29tbWVudDo4MjY0MTM3NTM3MDA1NzE5XzI3MDYxNjI5MjQwMTAyMDc5","Moh IQbal T Olii shared a memory.","100002286647352","Moh IQbal T Olii","https://scontent-atl3-1.xx.fbcdn.net/v/t39.30808-1/456455817_8115762721843202_8695643095343227830_n.jpg?stp=cp0_dst-jpg_s32x32&_nc_cat=106&ccb=1-7&_nc_sid=50d2ac&_nc_ohc=F3XvEKzP76IQ7kNvgHNfEK_&_nc_ht=scontent-atl3-1.xx&_nc_gid=AWbkY8VEcKEE3-HzVAuE068&oh=00_AYA4jERftEpEelQd1ARe7WM27klJZstNWhkLW4vV946ULw&oe=66FA94E4","https://www.facebook.com/ikhbal.kulukulu","Y29tbWVudDo4MjY0MTM3NTM3MDA1NzE5XzI3MDYxNjI5MjQwMTAyMDc5","Aris Segera Redy masee","1"
"https://www.facebook.com/ikhbal.kulukulu/posts/pfbid016Ekj59173tbQjaP7eMtsauDTUrEU1ti24NoyYD1sSxbfa64AzvsMXRC9WosBAfvl?comment_id=27061629240102079&reply_comment_id=491026840402762",,,,,,,,,,,,,,,,,,,,,,,,,,,,,,,,,,,,,,,,,,,,,,,,,,,,,,,,,,,,,,,,,,,,,,,,,,,,,,,,,,,,,,,,"2024-09-13T13:31:02.000Z","8264137537005719","https://www.facebook.com/100002286647352/posts/8264137537005719","ZmVlZGJhY2s6ODI2NDEzNzUzNzAwNTcxOV80OTEwMjY4NDA0MDI3NjI=","Y29tbWVudDo4MjY0MTM3NTM3MDA1NzE5XzQ5MTAyNjg0MDQwMjc2Mg==","https://www.facebook.com/100002286647352/posts/8264137537005719","1","103847162550652","false","User","pfbid02Qka5aaEoZhfeAi5hJUCKdn6F8D3xQFjXkBdEFPqaAijCszpyfKBAJGZeEN1pQZT7l","Aris","Aris","Y29tbWVudDo4MjY0MTM3NTM3MDA1NzE5XzI3MDYxNjI5MjQwMTAyMDc5","Moh IQbal T Olii shared a memory.","pfbid02Qka5aaEoZhfeAi5hJUCKdn6F8D3xQFjXkBdEFPqaAijCszpyfKBAJGZeEN1pQZT7l","Aris","https://scontent-atl3-1.xx.fbcdn.net/v/t39.30808-1/292890972_411074310976849_7514185014865650419_n.jpg?stp=cp0_dst-jpg_s32x32&_nc_cat=107&ccb=1-7&_nc_sid=0ecb9b&_nc_ohc=EF6SF35Z6wcQ7kNvgFfV2kj&_nc_ht=scontent-atl3-1.xx&_nc_gid=AWbkY8VEcKEE3-HzVAuE068&oh=00_AYBMvrVc7TD5olI-h7bdqHWH0Iy7m8n5mOzCbzyMaw4H2Q&oe=66FA8E91","https://www.facebook.com/people/Aris/pfbid02Qka5aaEoZhfeAi5hJUCKdn6F8D3xQFjXkBdEFPqaAijCszpyfKBAJGZeEN1pQZT7l/","Y29tbWVudDo4MjY0MTM3NTM3MDA1NzE5XzI3MDYxNjI5MjQwMTAyMDc5","Moh IQbal T Olii aasiiiappp","2"
"https://www.facebook.com/ikhbal.kulukulu/posts/pfbid0MmangmdxTWXkbowr6dm1s7LNNxBncpQpoFBVKRwiRrGWLmZDmRSMUZW1QdENGUCWl?comment_id=8301173633285166&reply_comment_id=1430213497653168",,,,,,,,,,,,,,,,,,,,,,,,,,,,,,,,,,,,,,,,,,,,,,,,,,,,,,,,,,,,,,,,,,,,,,,,,,,,,,,,,,,,,,,"4","2024-09-25T11:52:30.000Z","8372672376152234","https://www.facebook.com/100002286647352/posts/8372672376152234","ZmVlZGJhY2s6ODM3MjY3MjM3NjE1MjIzNF8xNDMwMjEzNDk3NjUzMTY4","Y29tbWVudDo4MzcyNjcyMzc2MTUyMjM0XzE0MzAyMTM0OTc2NTMxNjg=","https://www.facebook.com/100002286647352/posts/8372672376152234","0","103847162550652","false","User","pfbid036p1tkLDzdCDTg3jD3imZxjUiZHEGxdaBx6nUs5Axpk6L4UtFGszELJpiiko2PxJsl","Renly Mawey","Renly","Y29tbWVudDo4MzcyNjcyMzc2MTUyMjM0XzgzMDExNzM2MzMyODUxNjY=","Stelan Kancingan.","100002286647352","Moh IQbal T Olii","https://scontent-mia3-1.xx.fbcdn.net/v/t39.30808-1/456455817_8115762721843202_8695643095343227830_n.jpg?stp=cp0_dst-jpg_s32x32&_nc_cat=106&ccb=1-7&_nc_sid=50d2ac&_nc_ohc=F3XvEKzP76IQ7kNvgGEsHk_&_nc_ht=scontent-mia3-1.xx&oh=00_AYCgr1MMMer7MzksYy4FASci5qbHeTrik92ikpdYkzzL6w&oe=66FA94E4","https://www.facebook.com/ikhbal.kulukulu","Y29tbWVudDo4MzcyNjcyMzc2MTUyMjM0XzgzMDExNzM2MzMyODUxNjY=","Renly Mawey Masi di Bumi pak bos🤭","1"
"https://www.facebook.com/ikhbal.kulukulu/posts/pfbid0MmangmdxTWXkbowr6dm1s7LNNxBncpQpoFBVKRwiRrGWLmZDmRSMUZW1QdENGUCWl?comment_id=8301173633285166&reply_comment_id=3851026768520488",,,,,,,,,,,,,,,,,,,,,,,,,,,,,,,,,,,,,,,,,,,,,,,,,,,,,,,,,,,,,,,,,,,,,,,,,,,,,,,,,,,,,,,,"2024-09-25T11:54:51.000Z","8372672376152234","https://www.facebook.com/100002286647352/posts/8372672376152234","ZmVlZGJhY2s6ODM3MjY3MjM3NjE1MjIzNF8zODUxMDI2NzY4NTIwNDg4","Y29tbWVudDo4MzcyNjcyMzc2MTUyMjM0XzM4NTEwMjY3Njg1MjA0ODg=","https://www.facebook.com/100002286647352/posts/8372672376152234","1","103847162550652","false","User","pfbid036p1tkLDzdCDTg3jD3imZxjUiZHEGxdaBx6nUs5Axpk6L4UtFGszELJpiiko2PxJsl","Renly Mawey","Renly","Y29tbWVudDo4MzcyNjcyMzc2MTUyMjM0XzgzMDExNzM2MzMyODUxNjY=","Stelan Kancingan.","pfbid036p1tkLDzdCDTg3jD3imZxjUiZHEGxdaBx6nUs5Axpk6L4UtFGszELJpiiko2PxJsl","Renly Mawey","https://scontent-mia3-1.xx.fbcdn.net/v/t39.30808-1/345898800_807013904193098_3864408136215189200_n.jpg?stp=cp0_dst-jpg_s32x32&_nc_cat=111&ccb=1-7&_nc_sid=0ecb9b&_nc_ohc=SaLdIr4FYAAQ7kNvgFOqYDO&_nc_ht=scontent-mia3-1.xx&oh=00_AYCUmB-Uz6oFlbKdGWXMXyG9fVdAE96tCaAIG7mrDjWVjA&oe=66FA7B6F","https://www.facebook.com/renly.mawey","Y29tbWVudDo4MzcyNjcyMzc2MTUyMjM0XzgzMDExNzM2MzMyODUxNjY=","Moh IQbal T Olii ohh masi di bumi,.kira so ke luar angkasa😆😆","2"
"https://www.facebook.com/ikhbal.kulukulu/posts/pfbid0MmangmdxTWXkbowr6dm1s7LNNxBncpQpoFBVKRwiRrGWLmZDmRSMUZW1QdENGUCWl?comment_id=8301173633285166&reply_comment_id=1835797693619397",,,,,,,,,,,,,,,,,,,,,,,,,,,,,,,,,,,,,,,,,,,,,,,,,,,,,,,,,,,,,,,,,,,,,,,,,,,,,,,,,,,,,,,,"2024-09-25T11:58:57.000Z","8372672376152234","https://www.facebook.com/100002286647352/posts/8372672376152234","ZmVlZGJhY2s6ODM3MjY3MjM3NjE1MjIzNF8xODM1Nzk3NjkzNjE5Mzk3","Y29tbWVudDo4MzcyNjcyMzc2MTUyMjM0XzE4MzU3OTc2OTM2MTkzOTc=","https://www.facebook.com/100002286647352/posts/8372672376152234","0","103847162550652","false","User","pfbid036p1tkLDzdCDTg3jD3imZxjUiZHEGxdaBx6nUs5Axpk6L4UtFGszELJpiiko2PxJsl","Renly Mawey","Renly","Y29tbWVudDo4MzcyNjcyMzc2MTUyMjM0XzgzMDExNzM2MzMyODUxNjY=","Stelan Kancingan.","pfbid036p1tkLDzdCDTg3jD3imZxjUiZHEGxdaBx6nUs5Axpk6L4UtFGszELJpiiko2PxJsl","Renly Mawey","https://scontent-mia3-1.xx.fbcdn.net/v/t39.30808-1/345898800_807013904193098_3864408136215189200_n.jpg?stp=cp0_dst-jpg_s32x32&_nc_cat=111&ccb=1-7&_nc_sid=0ecb9b&_nc_ohc=SaLdIr4FYAAQ7kNvgFOqYDO&_nc_ht=scontent-mia3-1.xx&oh=00_AYCUmB-Uz6oFlbKdGWXMXyG9fVdAE96tCaAIG7mrDjWVjA&oe=66FA7B6F","https://www.facebook.com/renly.mawey","Y29tbWVudDo4MzcyNjcyMzc2MTUyMjM0XzgzMDExNzM2MzMyODUxNjY=","Kapan main ke manado pak boss?","2"
"https://www.facebook.com/ikhbal.kulukulu/posts/pfbid0MmangmdxTWXkbowr6dm1s7LNNxBncpQpoFBVKRwiRrGWLmZDmRSMUZW1QdENGUCWl?comment_id=8301173633285166&reply_comment_id=1068114878358049",,,,,,,,,,,,,,,,,,,,,,,,,,,,,,,,,,,,,,,,,,,,,,,,,,,,,,,,,,,,,,,,,,,,,,,,,,,,,,,,,,,,,,,,"2024-09-25T12:45:16.000Z","8372672376152234","https://www.facebook.com/100002286647352/posts/8372672376152234","ZmVlZGJhY2s6ODM3MjY3MjM3NjE1MjIzNF8xMDY4MTE0ODc4MzU4MDQ5","Y29tbWVudDo4MzcyNjcyMzc2MTUyMjM0XzEwNjgxMTQ4NzgzNTgwNDk=","https://www.facebook.com/100002286647352/posts/8372672376152234","0","103847162550652","false","User","pfbid036p1tkLDzdCDTg3jD3imZxjUiZHEGxdaBx6nUs5Axpk6L4UtFGszELJpiiko2PxJsl","Renly Mawey","Renly","Y29tbWVudDo4MzcyNjcyMzc2MTUyMjM0XzgzMDExNzM2MzMyODUxNjY=","Stelan Kancingan.","100002286647352","Moh IQbal T Olii","https://scontent-mia3-1.xx.fbcdn.net/v/t39.30808-1/456455817_8115762721843202_8695643095343227830_n.jpg?stp=cp0_dst-jpg_s32x32&_nc_cat=106&ccb=1-7&_nc_sid=50d2ac&_nc_ohc=F3XvEKzP76IQ7kNvgGEsHk_&_nc_ht=scontent-mia3-1.xx&oh=00_AYCgr1MMMer7MzksYy4FASci5qbHeTrik92ikpdYkzzL6w&oe=66FA94E4","https://www.facebook.com/ikhbal.kulukulu","Y29tbWVudDo4MzcyNjcyMzc2MTUyMjM0XzgzMDExNzM2MzMyODUxNjY=","Renly Mawey panjang umur bulan depan pak bos","2"
"https://www.facebook.com/ikhbal.kulukulu/posts/pfbid0MmangmdxTWXkbowr6dm1s7LNNxBncpQpoFBVKRwiRrGWLmZDmRSMUZW1QdENGUCWl?comment_id=8301173633285166&reply_comment_id=8425003594280872",,,,,,,,,,,,,,,,,,,,,,,,,,,,,,,,,,,,,,,,,,,,,,,,,,,,,,,,,,,,,,,,,,,,,,,,,,,,,,,,,,,,,,,,"2024-09-25T13:29:55.000Z","8372672376152234","https://www.facebook.com/100002286647352/posts/8372672376152234","ZmVlZGJhY2s6ODM3MjY3MjM3NjE1MjIzNF84NDI1MDAzNTk0MjgwODcy","Y29tbWVudDo4MzcyNjcyMzc2MTUyMjM0Xzg0MjUwMDM1OTQyODA4NzI=","https://www.facebook.com/100002286647352/posts/8372672376152234","1","103847162550652","false","User","pfbid036p1tkLDzdCDTg3jD3imZxjUiZHEGxdaBx6nUs5Axpk6L4UtFGszELJpiiko2PxJsl","Renly Mawey","Renly","Y29tbWVudDo4MzcyNjcyMzc2MTUyMjM0XzgzMDExNzM2MzMyODUxNjY=","Stelan Kancingan.","pfbid036p1tkLDzdCDTg3jD3imZxjUiZHEGxdaBx6nUs5Axpk6L4UtFGszELJpiiko2PxJsl","Renly Mawey","https://scontent-mia3-1.xx.fbcdn.net/v/t39.30808-1/345898800_807013904193098_3864408136215189200_n.jpg?stp=cp0_dst-jpg_s32x32&_nc_cat=111&ccb=1-7&_nc_sid=0ecb9b&_nc_ohc=SaLdIr4FYAAQ7kNvgFOqYDO&_nc_ht=scontent-mia3-1.xx&oh=00_AYCUmB-Uz6oFlbKdGWXMXyG9fVdAE96tCaAIG7mrDjWVjA&oe=66FA7B6F","https://www.facebook.com/renly.mawey","Y29tbWVudDo4MzcyNjcyMzc2MTUyMjM0XzgzMDExNzM2MzMyODUxNjY=","Moh IQbal T Olii 👍👍","2"
