﻿"channelAvatarUrl","channelBannerUrl","channelDescription","channelDescriptionLinks/0/text","channelDescriptionLinks/0/url","channelDescriptionLinks/1/text","channelDescriptionLinks/1/url","channelDescriptionLinks/2/text","channelDescriptionLinks/2/url","channelDescriptionLinks/3/text","channelDescriptionLinks/3/url","channelId","channelJoinedDate","channelLocation","channelName","channelTotalVideos","channelTotalViews","channelUrl","comments","commentsCount","commentsTurnedOff","date","descriptionLinks","descriptionLinks/0/text","descriptionLinks/0/url","descriptionLinks/1/text","descriptionLinks/1/url","descriptionLinks/2/text","descriptionLinks/2/url","descriptionLinks/3/text","descriptionLinks/3/url","descriptionLinks/4/text","descriptionLinks/4/url","descriptionLinks/5/text","descriptionLinks/5/url","descriptionLinks/6/text","descriptionLinks/6/url","descriptionLinks/7/text","descriptionLinks/7/url","duration","fromYTUrl","id","inputChannelUrl","isAgeRestricted","isChannelVerified","isMonetized","likes","location","numberOfSubscribers","order","subtitles","text","thumbnailUrl","title","type","url","viewCount"
"https://yt3.googleusercontent.com/ytc/AIdro_ljVCUnlbr67HN8PMqsVQ84cWvK-I4RigUxvZVbe5H1ZQ=s160-c-k-c0x00ffffff-no-rj","https://yt3.googleusercontent.com/afPoy1zE-yBTfvjqw2FngNP3ym2dGeP7AReU7khT2SIbzMj9PNCNEKoxsNJc4NDzO9dchVGLHQ=w2560-fcrop64=1,00005a57ffffa5a8-k-c0xffffffff-no-nd-rj","Chanel yang akan membahas secara dalam tentang Rumah, Kebun, dan Taman","Shopee","https://shopee.co.id/infarmofficialshop","Instagram","https://www.instagram.com/infarm.id/","Tiktok","https://www.tiktok.com/@infarmid","Lazada ","https://s.lazada.co.id/l.1hRr","UChl0FvQJ5_1CmPCSzikU_Uw","Jun 23, 2019","Indonesia","infarm id","825","157867921","https://www.youtube.com/channel/UChl0FvQJ5_1CmPCSzikU_Uw",,"13",,"2024-09-05T00:00:00.000Z",,,,,,,,,,,,,,,,,,,"https://www.youtube.com/@infarmid/shorts","tSInFZiJgMw","https://www.youtube.com/@infarmid","false","false",,"876",,"363000","28",,,"https://i.ytimg.com/vi/tSInFZiJgMw/oardefault.jpg?sqp=-oaymwEdCJUDENAFSFWQAgHyq4qpAwwIARUAAIhCcAHAAQY=&rs=AOn4CLBqFuiC_t_bDN0kiJL_ZWVzMZQYwQ","Bikin Lilin aromaterapi dari bahan alami","shorts","https://www.youtube.com/shorts/tSInFZiJgMw","22893"
"https://yt3.googleusercontent.com/ytc/AIdro_ljVCUnlbr67HN8PMqsVQ84cWvK-I4RigUxvZVbe5H1ZQ=s160-c-k-c0x00ffffff-no-rj","https://yt3.googleusercontent.com/afPoy1zE-yBTfvjqw2FngNP3ym2dGeP7AReU7khT2SIbzMj9PNCNEKoxsNJc4NDzO9dchVGLHQ=w2560-fcrop64=1,00005a57ffffa5a8-k-c0xffffffff-no-nd-rj","Chanel yang akan membahas secara dalam tentang Rumah, Kebun, dan Taman","Shopee","https://shopee.co.id/infarmofficialshop","Instagram","https://www.instagram.com/infarm.id/","Tiktok","https://www.tiktok.com/@infarmid","Lazada ","https://s.lazada.co.id/l.1hRr","UChl0FvQJ5_1CmPCSzikU_Uw","Jun 23, 2019","Indonesia","infarm id","825","157867921","https://www.youtube.com/channel/UChl0FvQJ5_1CmPCSzikU_Uw",,"12",,"2024-09-10T00:00:00.000Z",,,,,,,,,,,,,,,,,,,"https://www.youtube.com/@infarmid/shorts","tG4W7-uDtx4","https://www.youtube.com/@infarmid","false","false",,"459",,"363000","24",,,"https://i.ytimg.com/vi/tG4W7-uDtx4/oardefault.jpg?sqp=-oaymwEdCJUDENAFSFWQAgHyq4qpAwwIARUAAIhCcAHAAQY=&rs=AOn4CLDYAp_yUnfEePM3YZyF_GtHEu0Z8w","Ramuan ajaib pelebat cabai","shorts","https://www.youtube.com/shorts/tG4W7-uDtx4","17460"
"https://yt3.googleusercontent.com/ytc/AIdro_ljVCUnlbr67HN8PMqsVQ84cWvK-I4RigUxvZVbe5H1ZQ=s160-c-k-c0x00ffffff-no-rj","https://yt3.googleusercontent.com/afPoy1zE-yBTfvjqw2FngNP3ym2dGeP7AReU7khT2SIbzMj9PNCNEKoxsNJc4NDzO9dchVGLHQ=w2560-fcrop64=1,00005a57ffffa5a8-k-c0xffffffff-no-nd-rj","Chanel yang akan membahas secara dalam tentang Rumah, Kebun, dan Taman","Shopee","https://shopee.co.id/infarmofficialshop","Instagram","https://www.instagram.com/infarm.id/","Tiktok","https://www.tiktok.com/@infarmid","Lazada ","https://s.lazada.co.id/l.1hRr","UChl0FvQJ5_1CmPCSzikU_Uw","Jun 23, 2019","Indonesia","infarm id","825","157867921","https://www.youtube.com/channel/UChl0FvQJ5_1CmPCSzikU_Uw",,"16",,"2024-09-09T00:00:00.000Z",,,,,,,,,,,,,,,,,,,"https://www.youtube.com/@infarmid/shorts","zljYIDzwfuU","https://www.youtube.com/@infarmid","false","false",,"623",,"363000","26",,,"https://i.ytimg.com/vi/zljYIDzwfuU/oar2.jpg?sqp=-oaymwEdCJUDENAFSFWQAgHyq4qpAwwIARUAAIhCcAHAAQY=&rs=AOn4CLCaIlGAbyV9NTV0jlWShoMN3DIxlQ","Rahasia tukang berbuah agar tanamannya berbuah","shorts","https://www.youtube.com/shorts/zljYIDzwfuU","14341"
"https://yt3.googleusercontent.com/ytc/AIdro_ljVCUnlbr67HN8PMqsVQ84cWvK-I4RigUxvZVbe5H1ZQ=s160-c-k-c0x00ffffff-no-rj","https://yt3.googleusercontent.com/afPoy1zE-yBTfvjqw2FngNP3ym2dGeP7AReU7khT2SIbzMj9PNCNEKoxsNJc4NDzO9dchVGLHQ=w2560-fcrop64=1,00005a57ffffa5a8-k-c0xffffffff-no-nd-rj","Chanel yang akan membahas secara dalam tentang Rumah, Kebun, dan Taman","Shopee","https://shopee.co.id/infarmofficialshop","Instagram","https://www.instagram.com/infarm.id/","Tiktok","https://www.tiktok.com/@infarmid","Lazada ","https://s.lazada.co.id/l.1hRr","UChl0FvQJ5_1CmPCSzikU_Uw","Jun 23, 2019","Indonesia","infarm id","825","157867921","https://www.youtube.com/channel/UChl0FvQJ5_1CmPCSzikU_Uw",,"32",,"2024-09-11T06:03:09.000Z",,,,,,,,,,,,,,,,,,,"https://www.youtube.com/@infarmid/shorts","VK7nPhqj5TY","https://www.youtube.com/@infarmid","false","false",,"964",,"363000","23",,,"https://i.ytimg.com/vi/VK7nPhqj5TY/oardefault.jpg?sqp=-oaymwEdCJUDENAFSFWQAgHyq4qpAwwIARUAAIhCcAHAAQY=&rs=AOn4CLCndooHmy2_G7IySLd6MSakmw2jSQ","Semakin dipanen semakin berbuah lebat","shorts","https://www.youtube.com/shorts/VK7nPhqj5TY","23933"
"https://yt3.googleusercontent.com/ytc/AIdro_ljVCUnlbr67HN8PMqsVQ84cWvK-I4RigUxvZVbe5H1ZQ=s160-c-k-c0x00ffffff-no-rj","https://yt3.googleusercontent.com/afPoy1zE-yBTfvjqw2FngNP3ym2dGeP7AReU7khT2SIbzMj9PNCNEKoxsNJc4NDzO9dchVGLHQ=w2560-fcrop64=1,00005a57ffffa5a8-k-c0xffffffff-no-nd-rj","Chanel yang akan membahas secara dalam tentang Rumah, Kebun, dan Taman","Shopee","https://shopee.co.id/infarmofficialshop","Instagram","https://www.instagram.com/infarm.id/","Tiktok","https://www.tiktok.com/@infarmid","Lazada ","https://s.lazada.co.id/l.1hRr","UChl0FvQJ5_1CmPCSzikU_Uw","Jun 23, 2019","Indonesia","infarm id","825","157867921","https://www.youtube.com/channel/UChl0FvQJ5_1CmPCSzikU_Uw",,"22",,"2024-09-09T00:00:00.000Z",,,,,,,,,,,,,,,,,,,"https://www.youtube.com/@infarmid/shorts","6YPAuIrYpTA","https://www.youtube.com/@infarmid","false","false",,"908",,"363000","25",,,"https://i.ytimg.com/vi/6YPAuIrYpTA/oar2.jpg?sqp=-oaymwEdCJUDENAFSFWQAgHyq4qpAwwIARUAAIhCcAHAAQY=&rs=AOn4CLDMw0agqMN4ARtUUKP8ukbu-sQXVg","Service tanah jadi gembur dan subur","shorts","https://www.youtube.com/shorts/6YPAuIrYpTA","25518"
"https://yt3.googleusercontent.com/ytc/AIdro_ljVCUnlbr67HN8PMqsVQ84cWvK-I4RigUxvZVbe5H1ZQ=s160-c-k-c0x00ffffff-no-rj","https://yt3.googleusercontent.com/afPoy1zE-yBTfvjqw2FngNP3ym2dGeP7AReU7khT2SIbzMj9PNCNEKoxsNJc4NDzO9dchVGLHQ=w2560-fcrop64=1,00005a57ffffa5a8-k-c0xffffffff-no-nd-rj","Chanel yang akan membahas secara dalam tentang Rumah, Kebun, dan Taman","Shopee","https://shopee.co.id/infarmofficialshop","Instagram","https://www.instagram.com/infarm.id/","Tiktok","https://www.tiktok.com/@infarmid","Lazada ","https://s.lazada.co.id/l.1hRr","UChl0FvQJ5_1CmPCSzikU_Uw","Jun 23, 2019","Indonesia","infarm id","825","157867921","https://www.youtube.com/channel/UChl0FvQJ5_1CmPCSzikU_Uw",,"1","false","2024-10-03T09:01:54.000Z",,"https://infarm.id/","https://infarm.id/","https://infarm.id/chat/infarmcs","https://infarm.id/chat/infarmcs","https://www.lazada.co.id/shop/infarmid","https://www.lazada.co.id/shop/infarmid","https://shopee.co.id/infarmofficialshop","https://shopee.co.id/infarmofficialshop","https://www.tokopedia.com/infarm","https://www.tokopedia.com/infarm","  / infarmkatalog  ","https://www.instagram.com/infarmkatalog/","  / infarm.id  ","https://www.instagram.com/infarm.id/","  / masbon.infarm  ","https://www.instagram.com/masbon.infarm/","00:07:55","https://www.youtube.com/@infarmid/streams","vnHhtkmj8ag","https://www.youtube.com/@infarmid","false","false",,"16",,"363000",,,"Support terus channel  Infarm
FOLLOW - SHARE - SUBSCRIBE

Artikel di : https://infarm.id/
Konsultasi Produk : https://infarm.id/chat/infarmcs

Belanja lewat
Lazada : https://www.lazada.co.id/shop/infarmid
Shopee : https://shopee.co.id/infarmofficialshop
https://www.tokopedia.com/infarm

Katalog di
  / infarmkatalog  

Follow Tips Berkebun di 
  / infarm.id  
  / masbon.infarm  ","https://i.ytimg.com/vi/vnHhtkmj8ag/maxresdefault.jpg","infarm id sedang live sekarang!","stream","https://www.youtube.com/watch?v=vnHhtkmj8ag","277"
"https://yt3.googleusercontent.com/ytc/AIdro_ljVCUnlbr67HN8PMqsVQ84cWvK-I4RigUxvZVbe5H1ZQ=s160-c-k-c0x00ffffff-no-rj","https://yt3.googleusercontent.com/afPoy1zE-yBTfvjqw2FngNP3ym2dGeP7AReU7khT2SIbzMj9PNCNEKoxsNJc4NDzO9dchVGLHQ=w2560-fcrop64=1,00005a57ffffa5a8-k-c0xffffffff-no-nd-rj","Chanel yang akan membahas secara dalam tentang Rumah, Kebun, dan Taman","Shopee","https://shopee.co.id/infarmofficialshop","Instagram","https://www.instagram.com/infarm.id/","Tiktok","https://www.tiktok.com/@infarmid","Lazada ","https://s.lazada.co.id/l.1hRr","UChl0FvQJ5_1CmPCSzikU_Uw","Jun 23, 2019","Indonesia","infarm id","825","157867921","https://www.youtube.com/channel/UChl0FvQJ5_1CmPCSzikU_Uw",,"23",,"2024-09-16T00:00:00.000Z",,,,,,,,,,,,,,,,,,,"https://www.youtube.com/@infarmid/shorts","WzojZkTAfNk","https://www.youtube.com/@infarmid","false","false",,"1100",,"363000","19",,,"https://i.ytimg.com/vi/WzojZkTAfNk/oardefault.jpg?sqp=-oaymwEdCJUDENAFSFWQAgHyq4qpAwwIARUAAIhCcAHAAQY=&rs=AOn4CLBQaoQ7zgLUcoV6xuf6SUQoFog63A","Bikin pot cantik cuma modal 5000","shorts","https://www.youtube.com/shorts/WzojZkTAfNk","40960"
"https://yt3.googleusercontent.com/ytc/AIdro_ljVCUnlbr67HN8PMqsVQ84cWvK-I4RigUxvZVbe5H1ZQ=s160-c-k-c0x00ffffff-no-rj","https://yt3.googleusercontent.com/afPoy1zE-yBTfvjqw2FngNP3ym2dGeP7AReU7khT2SIbzMj9PNCNEKoxsNJc4NDzO9dchVGLHQ=w2560-fcrop64=1,00005a57ffffa5a8-k-c0xffffffff-no-nd-rj","Chanel yang akan membahas secara dalam tentang Rumah, Kebun, dan Taman","Shopee","https://shopee.co.id/infarmofficialshop","Instagram","https://www.instagram.com/infarm.id/","Tiktok","https://www.tiktok.com/@infarmid","Lazada ","https://s.lazada.co.id/l.1hRr","UChl0FvQJ5_1CmPCSzikU_Uw","Jun 23, 2019","Indonesia","infarm id","825","157867921","https://www.youtube.com/channel/UChl0FvQJ5_1CmPCSzikU_Uw",,"106",,"2024-09-11T00:00:00.000Z",,,,,,,,,,,,,,,,,,,"https://www.youtube.com/@infarmid/shorts","tZDUsE790dk","https://www.youtube.com/@infarmid","false","false",,"2100",,"363000","22",,,"https://i.ytimg.com/vi/tZDUsE790dk/oardefault.jpg?sqp=-oaymwEdCJUDENAFSFWQAgHyq4qpAwwIARUAAIhCcAHAAQY=&rs=AOn4CLAxhfHB2TZE4HVYJpCMk_n05BOMHg","Cara nanam sereh dari rumah ‼️","shorts","https://www.youtube.com/shorts/tZDUsE790dk","86208"
"https://yt3.googleusercontent.com/ytc/AIdro_ljVCUnlbr67HN8PMqsVQ84cWvK-I4RigUxvZVbe5H1ZQ=s160-c-k-c0x00ffffff-no-rj","https://yt3.googleusercontent.com/afPoy1zE-yBTfvjqw2FngNP3ym2dGeP7AReU7khT2SIbzMj9PNCNEKoxsNJc4NDzO9dchVGLHQ=w2560-fcrop64=1,00005a57ffffa5a8-k-c0xffffffff-no-nd-rj","Chanel yang akan membahas secara dalam tentang Rumah, Kebun, dan Taman","Shopee","https://shopee.co.id/infarmofficialshop","Instagram","https://www.instagram.com/infarm.id/","Tiktok","https://www.tiktok.com/@infarmid","Lazada ","https://s.lazada.co.id/l.1hRr","UChl0FvQJ5_1CmPCSzikU_Uw","Jun 23, 2019","Indonesia","infarm id","825","157867921","https://www.youtube.com/channel/UChl0FvQJ5_1CmPCSzikU_Uw",,"29",,"2024-09-14T00:00:00.000Z",,,,,,,,,,,,,,,,,,,"https://www.youtube.com/@infarmid/shorts","mUN7j2uoeXo","https://www.youtube.com/@infarmid","false","false",,"869",,"363000","21",,,"https://i.ytimg.com/vi/mUN7j2uoeXo/oardefault.jpg?sqp=-oaymwEdCJUDENAFSFWQAgHyq4qpAwwIARUAAIhCcAHAAQY=&rs=AOn4CLBxiB5kfXSwQFrfOgfziz9T15joFQ","Ramuan manjur pengusir tikus dirumah","shorts","https://www.youtube.com/shorts/mUN7j2uoeXo","18072"
"https://yt3.googleusercontent.com/ytc/AIdro_ljVCUnlbr67HN8PMqsVQ84cWvK-I4RigUxvZVbe5H1ZQ=s160-c-k-c0x00ffffff-no-rj","https://yt3.googleusercontent.com/afPoy1zE-yBTfvjqw2FngNP3ym2dGeP7AReU7khT2SIbzMj9PNCNEKoxsNJc4NDzO9dchVGLHQ=w2560-fcrop64=1,00005a57ffffa5a8-k-c0xffffffff-no-nd-rj","Chanel yang akan membahas secara dalam tentang Rumah, Kebun, dan Taman","Shopee","https://shopee.co.id/infarmofficialshop","Instagram","https://www.instagram.com/infarm.id/","Tiktok","https://www.tiktok.com/@infarmid","Lazada ","https://s.lazada.co.id/l.1hRr","UChl0FvQJ5_1CmPCSzikU_Uw","Jun 23, 2019","Indonesia","infarm id","825","157867921","https://www.youtube.com/channel/UChl0FvQJ5_1CmPCSzikU_Uw",,"36",,"2024-09-16T07:21:36.000Z",,,,,,,,,,,,,,,,,,,"https://www.youtube.com/@infarmid/shorts","VQ_iHopJF2k","https://www.youtube.com/@infarmid","false","false",,"983",,"363000","20",,,"https://i.ytimg.com/vi/VQ_iHopJF2k/oardefault.jpg?sqp=-oaymwEdCJUDENAFSFWQAgHyq4qpAwwIARUAAIhCcAHAAQY=&rs=AOn4CLCQrlicWztXPeK5kHjEnGnSs3h8Pw","Cara perbanyak stroberi menggunakan rockwool","shorts","https://www.youtube.com/shorts/VQ_iHopJF2k","20110"
"https://yt3.googleusercontent.com/ytc/AIdro_ljVCUnlbr67HN8PMqsVQ84cWvK-I4RigUxvZVbe5H1ZQ=s160-c-k-c0x00ffffff-no-rj","https://yt3.googleusercontent.com/afPoy1zE-yBTfvjqw2FngNP3ym2dGeP7AReU7khT2SIbzMj9PNCNEKoxsNJc4NDzO9dchVGLHQ=w2560-fcrop64=1,00005a57ffffa5a8-k-c0xffffffff-no-nd-rj","Chanel yang akan membahas secara dalam tentang Rumah, Kebun, dan Taman","Shopee","https://shopee.co.id/infarmofficialshop","Instagram","https://www.instagram.com/infarm.id/","Tiktok","https://www.tiktok.com/@infarmid","Lazada ","https://s.lazada.co.id/l.1hRr","UChl0FvQJ5_1CmPCSzikU_Uw","Jun 23, 2019","Indonesia","infarm id","825","157867921","https://www.youtube.com/channel/UChl0FvQJ5_1CmPCSzikU_Uw",,"5",,"2024-09-16T00:00:00.000Z",,,,,,,,,,,,,,,,,,,"https://www.youtube.com/@infarmid/shorts","KILTzVYZic0","https://www.youtube.com/@infarmid","false","false",,"392",,"363000","18",,,"https://i.ytimg.com/vi/KILTzVYZic0/oardefault.jpg?sqp=-oaymwEdCJUDENAFSFWQAgHyq4qpAwwIARUAAIhCcAHAAQY=&rs=AOn4CLCwgKVdgyledwRV8Tq8GCwkLXdAUg","Bikin ramuan priobiotik untuk mencerahkan kulit","shorts","https://www.youtube.com/shorts/KILTzVYZic0","10681"
"https://yt3.googleusercontent.com/ytc/AIdro_ljVCUnlbr67HN8PMqsVQ84cWvK-I4RigUxvZVbe5H1ZQ=s160-c-k-c0x00ffffff-no-rj","https://yt3.googleusercontent.com/afPoy1zE-yBTfvjqw2FngNP3ym2dGeP7AReU7khT2SIbzMj9PNCNEKoxsNJc4NDzO9dchVGLHQ=w2560-fcrop64=1,00005a57ffffa5a8-k-c0xffffffff-no-nd-rj","Chanel yang akan membahas secara dalam tentang Rumah, Kebun, dan Taman","Shopee","https://shopee.co.id/infarmofficialshop","Instagram","https://www.instagram.com/infarm.id/","Tiktok","https://www.tiktok.com/@infarmid","Lazada ","https://s.lazada.co.id/l.1hRr","UChl0FvQJ5_1CmPCSzikU_Uw","Jun 23, 2019","Indonesia","infarm id","825","157867921","https://www.youtube.com/channel/UChl0FvQJ5_1CmPCSzikU_Uw",,"36",,"2024-09-16T00:00:00.000Z",,,,,,,,,,,,,,,,,,,"https://www.youtube.com/@infarmid/shorts","aQe1OIfytmI","https://www.youtube.com/@infarmid","false","false",,"1200",,"363000","17",,,"https://i.ytimg.com/vi/aQe1OIfytmI/oardefault.jpg?sqp=-oaymwEdCJUDENAFSFWQAgHyq4qpAwwIARUAAIhCcAHAAQY=&rs=AOn4CLC5aZdvaLQAb1eduCGNMdAqnrc7cw","Sayur yang wanginya harum banget, enaknya di olah jadi apa yah ?","shorts","https://www.youtube.com/shorts/aQe1OIfytmI","33700"
"https://yt3.googleusercontent.com/ytc/AIdro_ljVCUnlbr67HN8PMqsVQ84cWvK-I4RigUxvZVbe5H1ZQ=s160-c-k-c0x00ffffff-no-rj","https://yt3.googleusercontent.com/afPoy1zE-yBTfvjqw2FngNP3ym2dGeP7AReU7khT2SIbzMj9PNCNEKoxsNJc4NDzO9dchVGLHQ=w2560-fcrop64=1,00005a57ffffa5a8-k-c0xffffffff-no-nd-rj","Chanel yang akan membahas secara dalam tentang Rumah, Kebun, dan Taman","Shopee","https://shopee.co.id/infarmofficialshop","Instagram","https://www.instagram.com/infarm.id/","Tiktok","https://www.tiktok.com/@infarmid","Lazada ","https://s.lazada.co.id/l.1hRr","UChl0FvQJ5_1CmPCSzikU_Uw","Jun 23, 2019","Indonesia","infarm id","825","157867921","https://www.youtube.com/channel/UChl0FvQJ5_1CmPCSzikU_Uw",,"147",,"2024-09-16T00:00:00.000Z",,,,,,,,,,,,,,,,,,,"https://www.youtube.com/@infarmid/shorts","iXmJxaQvwQ8","https://www.youtube.com/@infarmid","false","false",,"1000",,"363000","16",,,"https://i.ytimg.com/vi/iXmJxaQvwQ8/oardefault.jpg?sqp=-oaymwEdCJUDENAFSFWQAgHyq4qpAwwIARUAAIhCcAHAAQY=&rs=AOn4CLDVuKlmkwFLQ18faSiX9dOpUZuXcA","Nanam sayuran lebih gampang, setuju gak?","shorts","https://www.youtube.com/shorts/iXmJxaQvwQ8","23316"
"https://yt3.googleusercontent.com/ytc/AIdro_ljVCUnlbr67HN8PMqsVQ84cWvK-I4RigUxvZVbe5H1ZQ=s160-c-k-c0x00ffffff-no-rj","https://yt3.googleusercontent.com/afPoy1zE-yBTfvjqw2FngNP3ym2dGeP7AReU7khT2SIbzMj9PNCNEKoxsNJc4NDzO9dchVGLHQ=w2560-fcrop64=1,00005a57ffffa5a8-k-c0xffffffff-no-nd-rj","Chanel yang akan membahas secara dalam tentang Rumah, Kebun, dan Taman","Shopee","https://shopee.co.id/infarmofficialshop","Instagram","https://www.instagram.com/infarm.id/","Tiktok","https://www.tiktok.com/@infarmid","Lazada ","https://s.lazada.co.id/l.1hRr","UChl0FvQJ5_1CmPCSzikU_Uw","Jun 23, 2019","Indonesia","infarm id","825","157867921","https://www.youtube.com/channel/UChl0FvQJ5_1CmPCSzikU_Uw",,,,"2024-09-16T00:00:00.000Z",,,,,,,,,,,,,,,,,,,"https://www.youtube.com/@infarmid/shorts","obOmEqlE81M","https://www.youtube.com/@infarmid","false","false",,"354",,"363000","15",,,"https://i.ytimg.com/vi/obOmEqlE81M/oar2.jpg?sqp=-oaymwEdCJUDENAFSFWQAgHyq4qpAwwIARUAAIhCcAHAAQY=&rs=AOn4CLA6XWYHBzaylqQmE8oEbMbl-uGTmg","cara berhasil nanam cabai","shorts","https://www.youtube.com/shorts/obOmEqlE81M","5678"
"https://yt3.googleusercontent.com/ytc/AIdro_ljVCUnlbr67HN8PMqsVQ84cWvK-I4RigUxvZVbe5H1ZQ=s160-c-k-c0x00ffffff-no-rj","https://yt3.googleusercontent.com/afPoy1zE-yBTfvjqw2FngNP3ym2dGeP7AReU7khT2SIbzMj9PNCNEKoxsNJc4NDzO9dchVGLHQ=w2560-fcrop64=1,00005a57ffffa5a8-k-c0xffffffff-no-nd-rj","Chanel yang akan membahas secara dalam tentang Rumah, Kebun, dan Taman","Shopee","https://shopee.co.id/infarmofficialshop","Instagram","https://www.instagram.com/infarm.id/","Tiktok","https://www.tiktok.com/@infarmid","Lazada ","https://s.lazada.co.id/l.1hRr","UChl0FvQJ5_1CmPCSzikU_Uw","Jun 23, 2019","Indonesia","infarm id","825","157867921","https://www.youtube.com/channel/UChl0FvQJ5_1CmPCSzikU_Uw",,"24",,"2024-09-19T00:00:00.000Z",,,,,,,,,,,,,,,,,,,"https://www.youtube.com/@infarmid/shorts","cPTlSPaBkvw","https://www.youtube.com/@infarmid","false","false",,"1200",,"363000","14",,,"https://i.ytimg.com/vi/cPTlSPaBkvw/oardefault.jpg?sqp=-oaymwEdCJUDENAFSFWQAgHyq4qpAwwIARUAAIhCcAHAAQY=&rs=AOn4CLBYTw1QlX51bIvBie1xuNqREWyNug","Resep racikan media tanam supaya jumbo jumbo","shorts","https://www.youtube.com/shorts/cPTlSPaBkvw","41799"
"https://yt3.googleusercontent.com/ytc/AIdro_ljVCUnlbr67HN8PMqsVQ84cWvK-I4RigUxvZVbe5H1ZQ=s160-c-k-c0x00ffffff-no-rj","https://yt3.googleusercontent.com/afPoy1zE-yBTfvjqw2FngNP3ym2dGeP7AReU7khT2SIbzMj9PNCNEKoxsNJc4NDzO9dchVGLHQ=w2560-fcrop64=1,00005a57ffffa5a8-k-c0xffffffff-no-nd-rj","Chanel yang akan membahas secara dalam tentang Rumah, Kebun, dan Taman","Shopee","https://shopee.co.id/infarmofficialshop","Instagram","https://www.instagram.com/infarm.id/","Tiktok","https://www.tiktok.com/@infarmid","Lazada ","https://s.lazada.co.id/l.1hRr","UChl0FvQJ5_1CmPCSzikU_Uw","Jun 23, 2019","Indonesia","infarm id","825","157867921","https://www.youtube.com/channel/UChl0FvQJ5_1CmPCSzikU_Uw",,"21",,"2024-09-21T00:00:00.000Z",,,,,,,,,,,,,,,,,,,"https://www.youtube.com/@infarmid/shorts","kL3kvpNU-Ro","https://www.youtube.com/@infarmid","false","false",,"562",,"363000","12",,,"https://i.ytimg.com/vi/kL3kvpNU-Ro/oardefault.jpg?sqp=-oaymwEdCJUDENAFSFWQAgHyq4qpAwwIARUAAIhCcAHAAQY=&rs=AOn4CLCFR2VVtHlIss4pKWBtjMqXiyBVww","Nanam dirumah jadi lebih mudah semenjak ada pupuk ini #berkebun #garden","shorts","https://www.youtube.com/shorts/kL3kvpNU-Ro","18057"
"https://yt3.googleusercontent.com/ytc/AIdro_ljVCUnlbr67HN8PMqsVQ84cWvK-I4RigUxvZVbe5H1ZQ=s160-c-k-c0x00ffffff-no-rj","https://yt3.googleusercontent.com/afPoy1zE-yBTfvjqw2FngNP3ym2dGeP7AReU7khT2SIbzMj9PNCNEKoxsNJc4NDzO9dchVGLHQ=w2560-fcrop64=1,00005a57ffffa5a8-k-c0xffffffff-no-nd-rj","Chanel yang akan membahas secara dalam tentang Rumah, Kebun, dan Taman","Shopee","https://shopee.co.id/infarmofficialshop","Instagram","https://www.instagram.com/infarm.id/","Tiktok","https://www.tiktok.com/@infarmid","Lazada ","https://s.lazada.co.id/l.1hRr","UChl0FvQJ5_1CmPCSzikU_Uw","Jun 23, 2019","Indonesia","infarm id","825","157867921","https://www.youtube.com/channel/UChl0FvQJ5_1CmPCSzikU_Uw",,"36",,"2024-09-22T00:00:00.000Z",,,,,,,,,,,,,,,,,,,"https://www.youtube.com/@infarmid/shorts","5byObiipk7s","https://www.youtube.com/@infarmid","false","false",,"899",,"363000","10",,,"https://i.ytimg.com/vi/5byObiipk7s/oardefault.jpg?sqp=-oaymwEdCJUDENAFSFWQAgHyq4qpAwwIARUAAIhCcAHAAQY=&rs=AOn4CLCMXBXVp4jUBJhRD6cR6FNajLOSXA","Teknik unik untuk tanaman yang gak berbuah jadi berbuah lagi","shorts","https://www.youtube.com/shorts/5byObiipk7s","27193"
"https://yt3.googleusercontent.com/ytc/AIdro_ljVCUnlbr67HN8PMqsVQ84cWvK-I4RigUxvZVbe5H1ZQ=s160-c-k-c0x00ffffff-no-rj","https://yt3.googleusercontent.com/afPoy1zE-yBTfvjqw2FngNP3ym2dGeP7AReU7khT2SIbzMj9PNCNEKoxsNJc4NDzO9dchVGLHQ=w2560-fcrop64=1,00005a57ffffa5a8-k-c0xffffffff-no-nd-rj","Chanel yang akan membahas secara dalam tentang Rumah, Kebun, dan Taman","Shopee","https://shopee.co.id/infarmofficialshop","Instagram","https://www.instagram.com/infarm.id/","Tiktok","https://www.tiktok.com/@infarmid","Lazada ","https://s.lazada.co.id/l.1hRr","UChl0FvQJ5_1CmPCSzikU_Uw","Jun 23, 2019","Indonesia","infarm id","825","157867921","https://www.youtube.com/channel/UChl0FvQJ5_1CmPCSzikU_Uw",,"29",,"2024-09-20T00:00:00.000Z",,,,,,,,,,,,,,,,,,,"https://www.youtube.com/@infarmid/shorts","7xlAnUiAz88","https://www.youtube.com/@infarmid","false","false",,"1200",,"363000","13",,,"https://i.ytimg.com/vi/7xlAnUiAz88/oardefault.jpg?sqp=-oaymwEdCJUDENAFSFWQAgHyq4qpAwwIARUAAIhCcAHAAQY=&rs=AOn4CLCdUgY13wWwt3AIz6R-F8ePrERbsA","Jangan pakai media tanam asal asalan kalau tanamanmu gak mau mati","shorts","https://www.youtube.com/shorts/7xlAnUiAz88","39030"
"https://yt3.googleusercontent.com/ytc/AIdro_ljVCUnlbr67HN8PMqsVQ84cWvK-I4RigUxvZVbe5H1ZQ=s160-c-k-c0x00ffffff-no-rj","https://yt3.googleusercontent.com/afPoy1zE-yBTfvjqw2FngNP3ym2dGeP7AReU7khT2SIbzMj9PNCNEKoxsNJc4NDzO9dchVGLHQ=w2560-fcrop64=1,00005a57ffffa5a8-k-c0xffffffff-no-nd-rj","Chanel yang akan membahas secara dalam tentang Rumah, Kebun, dan Taman","Shopee","https://shopee.co.id/infarmofficialshop","Instagram","https://www.instagram.com/infarm.id/","Tiktok","https://www.tiktok.com/@infarmid","Lazada ","https://s.lazada.co.id/l.1hRr","UChl0FvQJ5_1CmPCSzikU_Uw","Jun 23, 2019","Indonesia","infarm id","825","157867921","https://www.youtube.com/channel/UChl0FvQJ5_1CmPCSzikU_Uw",,"22",,"2024-09-21T00:00:00.000Z",,,,,,,,,,,,,,,,,,,"https://www.youtube.com/@infarmid/shorts","MU4whoyxZ2Y","https://www.youtube.com/@infarmid","false","false",,"1200",,"363000","11",,,"https://i.ytimg.com/vi/MU4whoyxZ2Y/oardefault.jpg?sqp=-oaymwEdCJUDENAFSFWQAgHyq4qpAwwIARUAAIhCcAHAAQY=&rs=AOn4CLCwHKPu434ZMwIrISfismBcaFpaOw","Tanaman yang bisa menghasilkan pupuk sendiri","shorts","https://www.youtube.com/shorts/MU4whoyxZ2Y","31208"
"https://yt3.googleusercontent.com/ytc/AIdro_ljVCUnlbr67HN8PMqsVQ84cWvK-I4RigUxvZVbe5H1ZQ=s160-c-k-c0x00ffffff-no-rj","https://yt3.googleusercontent.com/afPoy1zE-yBTfvjqw2FngNP3ym2dGeP7AReU7khT2SIbzMj9PNCNEKoxsNJc4NDzO9dchVGLHQ=w2560-fcrop64=1,00005a57ffffa5a8-k-c0xffffffff-no-nd-rj","Chanel yang akan membahas secara dalam tentang Rumah, Kebun, dan Taman","Shopee","https://shopee.co.id/infarmofficialshop","Instagram","https://www.instagram.com/infarm.id/","Tiktok","https://www.tiktok.com/@infarmid","Lazada ","https://s.lazada.co.id/l.1hRr","UChl0FvQJ5_1CmPCSzikU_Uw","Jun 23, 2019","Indonesia","infarm id","825","157867921","https://www.youtube.com/channel/UChl0FvQJ5_1CmPCSzikU_Uw",,"19",,"2024-09-23T00:00:00.000Z",,,,,,,,,,,,,,,,,,,"https://www.youtube.com/@infarmid/shorts","VZ8TisBx4A4","https://www.youtube.com/@infarmid","false","false",,"839",,"363000","9",,,"https://i.ytimg.com/vi/VZ8TisBx4A4/oardefault.jpg?sqp=-oaymwEdCJUDENAFSFWQAgHyq4qpAwwIARUAAIhCcAHAAQY=&rs=AOn4CLD8usyHX34-kpzcGQUqtCPwJlCvBg","Nanam kangkung gak pakai tanah","shorts","https://www.youtube.com/shorts/VZ8TisBx4A4","20394"
"https://yt3.googleusercontent.com/ytc/AIdro_ljVCUnlbr67HN8PMqsVQ84cWvK-I4RigUxvZVbe5H1ZQ=s160-c-k-c0x00ffffff-no-rj","https://yt3.googleusercontent.com/afPoy1zE-yBTfvjqw2FngNP3ym2dGeP7AReU7khT2SIbzMj9PNCNEKoxsNJc4NDzO9dchVGLHQ=w2560-fcrop64=1,00005a57ffffa5a8-k-c0xffffffff-no-nd-rj","Chanel yang akan membahas secara dalam tentang Rumah, Kebun, dan Taman","Shopee","https://shopee.co.id/infarmofficialshop","Instagram","https://www.instagram.com/infarm.id/","Tiktok","https://www.tiktok.com/@infarmid","Lazada ","https://s.lazada.co.id/l.1hRr","UChl0FvQJ5_1CmPCSzikU_Uw","Jun 23, 2019","Indonesia","infarm id","825","157867921","https://www.youtube.com/channel/UChl0FvQJ5_1CmPCSzikU_Uw",,"54",,"2024-09-23T00:00:00.000Z",,,,,,,,,,,,,,,,,,,"https://www.youtube.com/@infarmid/shorts","Ziw5hU34_gs","https://www.youtube.com/@infarmid","false","false",,"4100",,"363000","8",,,"https://i.ytimg.com/vi/Ziw5hU34_gs/oardefault.jpg?sqp=-oaymwEdCJUDENAFSFWQAgHyq4qpAwwIARUAAIhCcAHAAQY=&rs=AOn4CLBTO-4uErVpaWeEZwUKaOnh30mr-w","Cara ngompos dirumah pakai galon bekas","shorts","https://www.youtube.com/shorts/Ziw5hU34_gs","184708"
"https://yt3.googleusercontent.com/ytc/AIdro_ljVCUnlbr67HN8PMqsVQ84cWvK-I4RigUxvZVbe5H1ZQ=s160-c-k-c0x00ffffff-no-rj","https://yt3.googleusercontent.com/afPoy1zE-yBTfvjqw2FngNP3ym2dGeP7AReU7khT2SIbzMj9PNCNEKoxsNJc4NDzO9dchVGLHQ=w2560-fcrop64=1,00005a57ffffa5a8-k-c0xffffffff-no-nd-rj","Chanel yang akan membahas secara dalam tentang Rumah, Kebun, dan Taman","Shopee","https://shopee.co.id/infarmofficialshop","Instagram","https://www.instagram.com/infarm.id/","Tiktok","https://www.tiktok.com/@infarmid","Lazada ","https://s.lazada.co.id/l.1hRr","UChl0FvQJ5_1CmPCSzikU_Uw","Jun 23, 2019","Indonesia","infarm id","825","157867921","https://www.youtube.com/channel/UChl0FvQJ5_1CmPCSzikU_Uw",,"629",,"2024-09-24T00:00:00.000Z",,,,,,,,,,,,,,,,,,,"https://www.youtube.com/@infarmid/shorts","5BYCd6sOcrM","https://www.youtube.com/@infarmid","false","false",,"17000",,"363000","7",,,"https://i.ytimg.com/vi/5BYCd6sOcrM/oardefault.jpg?sqp=-oaymwEdCJUDENAFSFWQAgHyq4qpAwwIARUAAIhCcAHAAQY=&rs=AOn4CLBiiYtnwvYU1aPsqk6Vjg4CNjZpvA","Cara olah tanaman pengganti nasi","shorts","https://www.youtube.com/shorts/5BYCd6sOcrM","640262"
"https://yt3.googleusercontent.com/ytc/AIdro_ljVCUnlbr67HN8PMqsVQ84cWvK-I4RigUxvZVbe5H1ZQ=s160-c-k-c0x00ffffff-no-rj","https://yt3.googleusercontent.com/afPoy1zE-yBTfvjqw2FngNP3ym2dGeP7AReU7khT2SIbzMj9PNCNEKoxsNJc4NDzO9dchVGLHQ=w2560-fcrop64=1,00005a57ffffa5a8-k-c0xffffffff-no-nd-rj","Chanel yang akan membahas secara dalam tentang Rumah, Kebun, dan Taman","Shopee","https://shopee.co.id/infarmofficialshop","Instagram","https://www.instagram.com/infarm.id/","Tiktok","https://www.tiktok.com/@infarmid","Lazada ","https://s.lazada.co.id/l.1hRr","UChl0FvQJ5_1CmPCSzikU_Uw","Jun 23, 2019","Indonesia","infarm id","825","157867921","https://www.youtube.com/channel/UChl0FvQJ5_1CmPCSzikU_Uw",,"54",,"2024-09-27T00:00:00.000Z",,,,,,,,,,,,,,,,,,,"https://www.youtube.com/@infarmid/shorts","ZWkZ-jPEwBM","https://www.youtube.com/@infarmid","false","false",,"2300",,"363000","5",,,"https://i.ytimg.com/vi/ZWkZ-jPEwBM/oardefault.jpg?sqp=-oaymwEdCJUDENAFSFWQAgHyq4qpAwwIARUAAIhCcAHAAQY=&rs=AOn4CLCL9iRt5dr8guWwdqUoAm6KYBRbdw","Jangan asal pakai media tanam kalau mau tanamanmu gak mati sia sia","shorts","https://www.youtube.com/shorts/ZWkZ-jPEwBM","83530"
"https://yt3.googleusercontent.com/ytc/AIdro_ljVCUnlbr67HN8PMqsVQ84cWvK-I4RigUxvZVbe5H1ZQ=s160-c-k-c0x00ffffff-no-rj","https://yt3.googleusercontent.com/afPoy1zE-yBTfvjqw2FngNP3ym2dGeP7AReU7khT2SIbzMj9PNCNEKoxsNJc4NDzO9dchVGLHQ=w2560-fcrop64=1,00005a57ffffa5a8-k-c0xffffffff-no-nd-rj","Chanel yang akan membahas secara dalam tentang Rumah, Kebun, dan Taman","Shopee","https://shopee.co.id/infarmofficialshop","Instagram","https://www.instagram.com/infarm.id/","Tiktok","https://www.tiktok.com/@infarmid","Lazada ","https://s.lazada.co.id/l.1hRr","UChl0FvQJ5_1CmPCSzikU_Uw","Jun 23, 2019","Indonesia","infarm id","825","157867921","https://www.youtube.com/channel/UChl0FvQJ5_1CmPCSzikU_Uw",,"62",,"2024-09-24T00:00:00.000Z",,,,,,,,,,,,,,,,,,,"https://www.youtube.com/@infarmid/shorts","PVPG22yeHuw","https://www.youtube.com/@infarmid","false","false",,"1500",,"363000","6",,,"https://i.ytimg.com/vi/PVPG22yeHuw/oardefault.jpg?sqp=-oaymwEdCJUDENAFSFWQAgHyq4qpAwwIARUAAIhCcAHAAQY=&rs=AOn4CLDK7ePZ_ON9ESWhGRgraKOWh0jVcA","Teknik unik nanam cabai dilahan sempit","shorts","https://www.youtube.com/shorts/PVPG22yeHuw","31390"
"https://yt3.googleusercontent.com/ytc/AIdro_ljVCUnlbr67HN8PMqsVQ84cWvK-I4RigUxvZVbe5H1ZQ=s160-c-k-c0x00ffffff-no-rj","https://yt3.googleusercontent.com/afPoy1zE-yBTfvjqw2FngNP3ym2dGeP7AReU7khT2SIbzMj9PNCNEKoxsNJc4NDzO9dchVGLHQ=w2560-fcrop64=1,00005a57ffffa5a8-k-c0xffffffff-no-nd-rj","Chanel yang akan membahas secara dalam tentang Rumah, Kebun, dan Taman","Shopee","https://shopee.co.id/infarmofficialshop","Instagram","https://www.instagram.com/infarm.id/","Tiktok","https://www.tiktok.com/@infarmid","Lazada ","https://s.lazada.co.id/l.1hRr","UChl0FvQJ5_1CmPCSzikU_Uw","Jun 23, 2019","Indonesia","infarm id","825","157867921","https://www.youtube.com/channel/UChl0FvQJ5_1CmPCSzikU_Uw",,"117",,"2024-09-29T00:00:00.000Z",,,,,,,,,,,,,,,,,,,"https://www.youtube.com/@infarmid/shorts","LNphvnAsQYY","https://www.youtube.com/@infarmid","false","false",,"1100",,"363000","4",,,"https://i.ytimg.com/vi/LNphvnAsQYY/oardefault.jpg?sqp=-oaymwEdCJUDENAFSFWQAgHyq4qpAwwIARUAAIhCcAHAAQY=&rs=AOn4CLAgwg9ZlBgaqzOWkS0P7ZpVxpPkpA","Di daerah kalian ini namanya bawang apa ?","shorts","https://www.youtube.com/shorts/LNphvnAsQYY","41147"
"https://yt3.googleusercontent.com/ytc/AIdro_ljVCUnlbr67HN8PMqsVQ84cWvK-I4RigUxvZVbe5H1ZQ=s160-c-k-c0x00ffffff-no-rj","https://yt3.googleusercontent.com/afPoy1zE-yBTfvjqw2FngNP3ym2dGeP7AReU7khT2SIbzMj9PNCNEKoxsNJc4NDzO9dchVGLHQ=w2560-fcrop64=1,00005a57ffffa5a8-k-c0xffffffff-no-nd-rj","Chanel yang akan membahas secara dalam tentang Rumah, Kebun, dan Taman","Shopee","https://shopee.co.id/infarmofficialshop","Instagram","https://www.instagram.com/infarm.id/","Tiktok","https://www.tiktok.com/@infarmid","Lazada ","https://s.lazada.co.id/l.1hRr","UChl0FvQJ5_1CmPCSzikU_Uw","Jun 23, 2019","Indonesia","infarm id","825","157867921","https://www.youtube.com/channel/UChl0FvQJ5_1CmPCSzikU_Uw",,"40",,"2024-10-01T00:00:00.000Z",,,,,,,,,,,,,,,,,,,"https://www.youtube.com/@infarmid/shorts","uQC62yvULKg","https://www.youtube.com/@infarmid","false","false",,"600",,"363000","1",,,"https://i.ytimg.com/vi/uQC62yvULKg/oardefault.jpg?sqp=-oaymwEdCJUDENAFSFWQAgHyq4qpAwwIARUAAIhCcAHAAQY=&rs=AOn4CLBwtpF-rfY0jfJhgkdiKRTvIzSu7g","Tanaman yang katanya bisa usir jin","shorts","https://www.youtube.com/shorts/uQC62yvULKg","17085"
"https://yt3.googleusercontent.com/ytc/AIdro_ljVCUnlbr67HN8PMqsVQ84cWvK-I4RigUxvZVbe5H1ZQ=s160-c-k-c0x00ffffff-no-rj","https://yt3.googleusercontent.com/afPoy1zE-yBTfvjqw2FngNP3ym2dGeP7AReU7khT2SIbzMj9PNCNEKoxsNJc4NDzO9dchVGLHQ=w2560-fcrop64=1,00005a57ffffa5a8-k-c0xffffffff-no-nd-rj","Chanel yang akan membahas secara dalam tentang Rumah, Kebun, dan Taman","Shopee","https://shopee.co.id/infarmofficialshop","Instagram","https://www.instagram.com/infarm.id/","Tiktok","https://www.tiktok.com/@infarmid","Lazada ","https://s.lazada.co.id/l.1hRr","UChl0FvQJ5_1CmPCSzikU_Uw","Jun 23, 2019","Indonesia","infarm id","825","157867921","https://www.youtube.com/channel/UChl0FvQJ5_1CmPCSzikU_Uw",,"12",,"2024-09-30T00:00:00.000Z",,,,,,,,,,,,,,,,,,,"https://www.youtube.com/@infarmid/shorts","u-M7gkSPgQE","https://www.youtube.com/@infarmid","false","false",,"237",,"363000","2",,,"https://i.ytimg.com/vi/u-M7gkSPgQE/oar2.jpg?sqp=-oaymwEdCJUDENAFSFWQAgHyq4qpAwwIARUAAIhCcAHAAQY=&rs=AOn4CLBOZ4a3JJ7B4h0Uae5S_xOVdEJlxg","Gak perlu ribet‼️Tinggal Nunggu 1-2 minggu tanah jadi auto  gembur","shorts","https://www.youtube.com/shorts/u-M7gkSPgQE","9667"
"https://yt3.googleusercontent.com/ytc/AIdro_ljVCUnlbr67HN8PMqsVQ84cWvK-I4RigUxvZVbe5H1ZQ=s160-c-k-c0x00ffffff-no-rj","https://yt3.googleusercontent.com/afPoy1zE-yBTfvjqw2FngNP3ym2dGeP7AReU7khT2SIbzMj9PNCNEKoxsNJc4NDzO9dchVGLHQ=w2560-fcrop64=1,00005a57ffffa5a8-k-c0xffffffff-no-nd-rj","Chanel yang akan membahas secara dalam tentang Rumah, Kebun, dan Taman","Shopee","https://shopee.co.id/infarmofficialshop","Instagram","https://www.instagram.com/infarm.id/","Tiktok","https://www.tiktok.com/@infarmid","Lazada ","https://s.lazada.co.id/l.1hRr","UChl0FvQJ5_1CmPCSzikU_Uw","Jun 23, 2019","Indonesia","infarm id","825","157867921","https://www.youtube.com/channel/UChl0FvQJ5_1CmPCSzikU_Uw",,"12",,"2024-10-03T00:00:00.000Z",,,,,,,,,,,,,,,,,,,"https://www.youtube.com/@infarmid/shorts","hE-bkzh5fN8","https://www.youtube.com/@infarmid","false","false",,"236",,"363000","0",,,"https://i.ytimg.com/vi/hE-bkzh5fN8/oardefault.jpg?sqp=-oaymwEdCJUDENAFSFWQAgHyq4qpAwwIARUAAIhCcAHAAQY=&rs=AOn4CLA1n453_ncxaMGtbas_0zD1d0w1Gg","Nanam sayuran nempel ditembok","shorts","https://www.youtube.com/shorts/hE-bkzh5fN8","4387"
"https://yt3.googleusercontent.com/ytc/AIdro_ljVCUnlbr67HN8PMqsVQ84cWvK-I4RigUxvZVbe5H1ZQ=s160-c-k-c0x00ffffff-no-rj","https://yt3.googleusercontent.com/afPoy1zE-yBTfvjqw2FngNP3ym2dGeP7AReU7khT2SIbzMj9PNCNEKoxsNJc4NDzO9dchVGLHQ=w2560-fcrop64=1,00005a57ffffa5a8-k-c0xffffffff-no-nd-rj","Chanel yang akan membahas secara dalam tentang Rumah, Kebun, dan Taman","Shopee","https://shopee.co.id/infarmofficialshop","Instagram","https://www.instagram.com/infarm.id/","Tiktok","https://www.tiktok.com/@infarmid","Lazada ","https://s.lazada.co.id/l.1hRr","UChl0FvQJ5_1CmPCSzikU_Uw","Jun 23, 2019","Indonesia","infarm id","825","157867921","https://www.youtube.com/channel/UChl0FvQJ5_1CmPCSzikU_Uw",,"48",,"2024-09-30T00:00:00.000Z",,,,,,,,,,,,,,,,,,,"https://www.youtube.com/@infarmid/shorts","bvYj8Ra1xwM","https://www.youtube.com/@infarmid","false","false",,"1200",,"363000","3",,,"https://i.ytimg.com/vi/bvYj8Ra1xwM/oardefault.jpg?sqp=-oaymwEdCJUDENAFSFWQAgHyq4qpAwwIARUAAIhCcAHAAQY=&rs=AOn4CLB-9ca7VoPNhYH0BVyPwH2hamMM3Q","Tips buat hilangin rasa pahit pada sayuran","shorts","https://www.youtube.com/shorts/bvYj8Ra1xwM","25356"
"https://yt3.googleusercontent.com/ytc/AIdro_ljVCUnlbr67HN8PMqsVQ84cWvK-I4RigUxvZVbe5H1ZQ=s160-c-k-c0x00ffffff-no-rj","https://yt3.googleusercontent.com/afPoy1zE-yBTfvjqw2FngNP3ym2dGeP7AReU7khT2SIbzMj9PNCNEKoxsNJc4NDzO9dchVGLHQ=w2560-fcrop64=1,00005a57ffffa5a8-k-c0xffffffff-no-nd-rj","Chanel yang akan membahas secara dalam tentang Rumah, Kebun, dan Taman","Shopee","https://shopee.co.id/infarmofficialshop","Instagram","https://www.instagram.com/infarm.id/","Tiktok","https://www.tiktok.com/@infarmid","Lazada ","https://s.lazada.co.id/l.1hRr","UChl0FvQJ5_1CmPCSzikU_Uw","Jun 23, 2019","Indonesia","infarm id","825","157867921","https://www.youtube.com/channel/UChl0FvQJ5_1CmPCSzikU_Uw",,"29",,"2024-09-04T00:00:00.000Z",,,,,,,,,,,,,,,,,,,"https://www.youtube.com/@infarmid/shorts","-uAKqt2yL3Y","https://www.youtube.com/@infarmid","false","false",,"904",,"363000","30",,,"https://i.ytimg.com/vi/-uAKqt2yL3Y/oardefault.jpg?sqp=-oaymwEdCJUDENAFSFWQAgHyq4qpAwwIARUAAIhCcAHAAQY=&rs=AOn4CLCCRi2nZGfthszPSXQQJ3uImp3uMg","Bikin pesnab dari bawang putih","shorts","https://www.youtube.com/shorts/-uAKqt2yL3Y","26777"
"https://yt3.googleusercontent.com/ytc/AIdro_ljVCUnlbr67HN8PMqsVQ84cWvK-I4RigUxvZVbe5H1ZQ=s160-c-k-c0x00ffffff-no-rj","https://yt3.googleusercontent.com/afPoy1zE-yBTfvjqw2FngNP3ym2dGeP7AReU7khT2SIbzMj9PNCNEKoxsNJc4NDzO9dchVGLHQ=w2560-fcrop64=1,00005a57ffffa5a8-k-c0xffffffff-no-nd-rj","Chanel yang akan membahas secara dalam tentang Rumah, Kebun, dan Taman","Shopee","https://shopee.co.id/infarmofficialshop","Instagram","https://www.instagram.com/infarm.id/","Tiktok","https://www.tiktok.com/@infarmid","Lazada ","https://s.lazada.co.id/l.1hRr","UChl0FvQJ5_1CmPCSzikU_Uw","Jun 23, 2019","Indonesia","infarm id","825","157867921","https://www.youtube.com/channel/UChl0FvQJ5_1CmPCSzikU_Uw",,"3",,"2024-09-05T00:00:00.000Z",,,,,,,,,,,,,,,,,,,"https://www.youtube.com/@infarmid/shorts","4dJ_Aobu6A0","https://www.youtube.com/@infarmid","false","false",,"472",,"363000","29",,,"https://i.ytimg.com/vi/4dJ_Aobu6A0/oardefault.jpg?sqp=-oaymwEdCJUDENAFSFWQAgHyq4qpAwwIARUAAIhCcAHAAQY=&rs=AOn4CLAhj70bni2laNeKirML_hC8t4vV8w","Cara perbenyak bunga rosela dari batang","shorts","https://www.youtube.com/shorts/4dJ_Aobu6A0","12494"
"https://yt3.googleusercontent.com/ytc/AIdro_ljVCUnlbr67HN8PMqsVQ84cWvK-I4RigUxvZVbe5H1ZQ=s160-c-k-c0x00ffffff-no-rj","https://yt3.googleusercontent.com/afPoy1zE-yBTfvjqw2FngNP3ym2dGeP7AReU7khT2SIbzMj9PNCNEKoxsNJc4NDzO9dchVGLHQ=w2560-fcrop64=1,00005a57ffffa5a8-k-c0xffffffff-no-nd-rj","Chanel yang akan membahas secara dalam tentang Rumah, Kebun, dan Taman","Shopee","https://shopee.co.id/infarmofficialshop","Instagram","https://www.instagram.com/infarm.id/","Tiktok","https://www.tiktok.com/@infarmid","Lazada ","https://s.lazada.co.id/l.1hRr","UChl0FvQJ5_1CmPCSzikU_Uw","Jun 23, 2019","Indonesia","infarm id","825","157867921","https://www.youtube.com/channel/UChl0FvQJ5_1CmPCSzikU_Uw",,"20",,"2024-09-09T15:04:37.000Z",,,,,,,,,,,,,,,,,,,"https://www.youtube.com/@infarmid/shorts","Tu-4jPhrQSU","https://www.youtube.com/@infarmid","false","false",,"1700",,"363000","27",,,"https://i.ytimg.com/vi/Tu-4jPhrQSU/oar2.jpg?sqp=-oaymwEdCJUDENAFSFWQAgHyq4qpAwwIARUAAIhCcAHAAQY=&rs=AOn4CLDcgg3r7yR_P1OqIbdEJW2ciGOACQ","Sulap tanah gragal jadi subur","shorts","https://www.youtube.com/shorts/Tu-4jPhrQSU","92735"
"https://yt3.googleusercontent.com/ytc/AIdro_ljVCUnlbr67HN8PMqsVQ84cWvK-I4RigUxvZVbe5H1ZQ=s160-c-k-c0x00ffffff-no-rj","https://yt3.googleusercontent.com/afPoy1zE-yBTfvjqw2FngNP3ym2dGeP7AReU7khT2SIbzMj9PNCNEKoxsNJc4NDzO9dchVGLHQ=w2560-fcrop64=1,00005a57ffffa5a8-k-c0xffffffff-no-nd-rj","Chanel yang akan membahas secara dalam tentang Rumah, Kebun, dan Taman","Shopee","https://shopee.co.id/infarmofficialshop","Instagram","https://www.instagram.com/infarm.id/","Tiktok","https://www.tiktok.com/@infarmid","Lazada ","https://s.lazada.co.id/l.1hRr","UChl0FvQJ5_1CmPCSzikU_Uw","Jun 23, 2019","Indonesia","infarm id","825","157867921","https://www.youtube.com/channel/UChl0FvQJ5_1CmPCSzikU_Uw",,"32",,"2024-09-02T00:00:00.000Z",,,,,,,,,,,,,,,,,,,"https://www.youtube.com/@infarmid/shorts","nsqP_jbUrNg","https://www.youtube.com/@infarmid","false","false",,"2500",,"363000","32",,,"https://i.ytimg.com/vi/nsqP_jbUrNg/oardefault.jpg?sqp=-oaymwEdCJUDENAFSFWQAgHyq4qpAwwIARUAAIhCcAHAAQY=&rs=AOn4CLDiCURbHGPmV1ZOkZYgIAqTpOYfBg","Cara seleski benih yang cacat dan bagus","shorts","https://www.youtube.com/shorts/nsqP_jbUrNg","66168"
"https://yt3.googleusercontent.com/ytc/AIdro_ljVCUnlbr67HN8PMqsVQ84cWvK-I4RigUxvZVbe5H1ZQ=s160-c-k-c0x00ffffff-no-rj","https://yt3.googleusercontent.com/afPoy1zE-yBTfvjqw2FngNP3ym2dGeP7AReU7khT2SIbzMj9PNCNEKoxsNJc4NDzO9dchVGLHQ=w2560-fcrop64=1,00005a57ffffa5a8-k-c0xffffffff-no-nd-rj","Chanel yang akan membahas secara dalam tentang Rumah, Kebun, dan Taman","Shopee","https://shopee.co.id/infarmofficialshop","Instagram","https://www.instagram.com/infarm.id/","Tiktok","https://www.tiktok.com/@infarmid","Lazada ","https://s.lazada.co.id/l.1hRr","UChl0FvQJ5_1CmPCSzikU_Uw","Jun 23, 2019","Indonesia","infarm id","825","157867921","https://www.youtube.com/channel/UChl0FvQJ5_1CmPCSzikU_Uw",,"38",,"2024-09-03T00:00:00.000Z",,,,,,,,,,,,,,,,,,,"https://www.youtube.com/@infarmid/shorts","m6megRpMsQQ","https://www.youtube.com/@infarmid","false","false",,"672",,"363000","31",,,"https://i.ytimg.com/vi/m6megRpMsQQ/oardefault.jpg?sqp=-oaymwEdCJUDENAFSFWQAgHyq4qpAwwIARUAAIhCcAHAAQY=&rs=AOn4CLCfEhy2KV0X7lwHlkQLv7tM_aTSiQ","Tips cepet berbuah nanam dari benih","shorts","https://www.youtube.com/shorts/m6megRpMsQQ","16381"
