﻿"author","authorIsChannelOwner","channelId","channelName","channelUrl","cid","comment","comments","commentsCount","date","descriptionLinks","duration","hasCreatorHeart","id","isMonetized","likes","pageUrl","publishedTimeText","replyCount","replyToCid","subtitles","text","thumbnailUrl","title","type","url","videoId","viewCount","voteCount"
,,"UChl0FvQJ5_1CmPCSzikU_Uw","infarm id","https://www.youtube.com/@infarmid",,,,"32","2024-09-02T00:00:00.000Z",,,,"nsqP_jbUrNg",,"2500",,,,,,,,"Cara seleski benih yang cacat dan bagus","shorts","https://www.youtube.com/shorts/nsqP_jbUrNg",,"66168",
,,,"infarm id",,,,,"3","2024-09-05T00:00:00.000Z",,,,"4dJ_Aobu6A0",,"472",,,,,,,,"Cara perbenyak bunga rosela dari batang","shorts","https://www.youtube.com/shorts/4dJ_Aobu6A0",,"12494",
,,"UChl0FvQJ5_1CmPCSzikU_Uw","infarm id","https://www.youtube.com/@infarmid",,,,"20","2024-09-09T00:00:00.000Z",,,,"Tu-4jPhrQSU",,"1700",,,,,,,,"Sulap tanah gragal jadi subur","shorts","https://www.youtube.com/shorts/Tu-4jPhrQSU",,"92735",
,,"UChl0FvQJ5_1CmPCSzikU_Uw","infarm id","https://www.youtube.com/@infarmid",,,,"38","2024-09-03T00:00:00.000Z",,,,"m6megRpMsQQ",,"672",,,,,,,,"Tips cepet berbuah nanam dari benih","shorts","https://www.youtube.com/shorts/m6megRpMsQQ",,"16381",
,,"UChl0FvQJ5_1CmPCSzikU_Uw","infarm id","https://www.youtube.com/@infarmid",,,,"41","2024-10-01T00:00:00.000Z",,,,"uQC62yvULKg",,"602",,,,,,,,"Tanaman yang katanya bisa usir jin","shorts","https://www.youtube.com/shorts/uQC62yvULKg",,"17106",
,,"UChl0FvQJ5_1CmPCSzikU_Uw","infarm id","https://www.youtube.com/@infarmid",,,,"12","2024-09-30T00:00:00.000Z",,,,"u-M7gkSPgQE",,"237",,,,,,,,"Gak perlu ribet‼️Tinggal Nunggu 1-2 minggu tanah jadi auto  gembur","shorts","https://www.youtube.com/shorts/u-M7gkSPgQE",,"9684",
,,"UChl0FvQJ5_1CmPCSzikU_Uw","infarm id","https://www.youtube.com/@infarmid",,,,"13","2024-09-05T00:00:00.000Z",,,,"tSInFZiJgMw",,"876",,,,,,,,"Bikin Lilin aromaterapi dari bahan alami","shorts","https://www.youtube.com/shorts/tSInFZiJgMw",,"22893",
,,"UChl0FvQJ5_1CmPCSzikU_Uw","infarm id","https://www.youtube.com/@infarmid",,,,"29","2024-09-04T00:00:00.000Z",,,,"-uAKqt2yL3Y",,"904",,,,,,,,"Bikin pesnab dari bawang putih","shorts","https://www.youtube.com/shorts/-uAKqt2yL3Y",,"26777",
,,"UChl0FvQJ5_1CmPCSzikU_Uw","infarm id","https://www.youtube.com/@infarmid",,,,"13","2024-10-03T00:00:00.000Z",,,,"hE-bkzh5fN8",,"253",,,,,,,,"Nanam sayuran nempel ditembok","shorts","https://www.youtube.com/shorts/hE-bkzh5fN8",,"4550",
,,,"infarm id",,,,,"48","2024-09-30T08:12:28.000Z",,,,"bvYj8Ra1xwM",,"1200",,,,,,,,"Tips buat hilangin rasa pahit pada sayuran","shorts","https://www.youtube.com/shorts/bvYj8Ra1xwM",,"25369",
,,,"infarm id",,,,,"29","2024-09-14T00:00:00.000Z",,,,"mUN7j2uoeXo",,"869",,,,,,,,"Ramuan manjur pengusir tikus dirumah","shorts","https://www.youtube.com/shorts/mUN7j2uoeXo",,"18072",
,,"UChl0FvQJ5_1CmPCSzikU_Uw","infarm id","https://www.youtube.com/@infarmid",,,,"32","2024-09-10T00:00:00.000Z",,,,"VK7nPhqj5TY",,"964",,,,,,,,"Semakin dipanen semakin berbuah lebat","shorts","https://www.youtube.com/shorts/VK7nPhqj5TY",,"23933",
,,"UChl0FvQJ5_1CmPCSzikU_Uw","infarm id","https://www.youtube.com/@infarmid",,,,"22","2024-09-09T00:00:00.000Z",,,,"6YPAuIrYpTA",,"908",,,,,,,,"Service tanah jadi gembur dan subur","shorts","https://www.youtube.com/shorts/6YPAuIrYpTA",,"25518",
,,"UChl0FvQJ5_1CmPCSzikU_Uw","infarm id","https://www.youtube.com/@infarmid",,,,"12","2024-09-10T00:00:00.000Z",,,,"tG4W7-uDtx4",,"459",,,,,,,,"Ramuan ajaib pelebat cabai","shorts","https://www.youtube.com/shorts/tG4W7-uDtx4",,"17462",
,,"UChl0FvQJ5_1CmPCSzikU_Uw","infarm id","https://www.youtube.com/@infarmid",,,,"5","2024-09-16T00:00:00.000Z",,,,"KILTzVYZic0",,"392",,,,,,,,"Bikin ramuan priobiotik untuk mencerahkan kulit","shorts","https://www.youtube.com/shorts/KILTzVYZic0",,"10681",
,,,"infarm id",,,,,"16","2024-09-09T00:00:00.000Z",,,,"zljYIDzwfuU",,"623",,,,,,,,"Rahasia tukang berbuah agar tanamannya berbuah","shorts","https://www.youtube.com/shorts/zljYIDzwfuU",,"14341",
,,"UChl0FvQJ5_1CmPCSzikU_Uw","infarm id","https://www.youtube.com/@infarmid",,,,"23","2024-09-16T00:00:00.000Z",,,,"WzojZkTAfNk",,"1100",,,,,,,,"Bikin pot cantik cuma modal 5000","shorts","https://www.youtube.com/shorts/WzojZkTAfNk",,"40971",
,,"UChl0FvQJ5_1CmPCSzikU_Uw","infarm id","https://www.youtube.com/@infarmid",,,,"106","2024-09-11T14:53:06.000Z",,,,"tZDUsE790dk",,"2100",,,,,,,,"Cara nanam sereh dari rumah ‼️","shorts","https://www.youtube.com/shorts/tZDUsE790dk",,"86214",
,,"UChl0FvQJ5_1CmPCSzikU_Uw","infarm id","https://www.youtube.com/@infarmid",,,,"36","2024-09-16T00:00:00.000Z",,,,"VQ_iHopJF2k",,"983",,,,,,,,"Cara perbanyak stroberi menggunakan rockwool","shorts","https://www.youtube.com/shorts/VQ_iHopJF2k",,"20111",
,,"UChl0FvQJ5_1CmPCSzikU_Uw","infarm id","https://www.youtube.com/@infarmid",,,,,"2024-09-16T00:00:00.000Z",,,,"obOmEqlE81M",,"354",,,,,,,,"cara berhasil nanam cabai","shorts","https://www.youtube.com/shorts/obOmEqlE81M",,"5682",
,,"UChl0FvQJ5_1CmPCSzikU_Uw","infarm id","https://www.youtube.com/@infarmid",,,,"36","2024-09-16T00:00:00.000Z",,,,"aQe1OIfytmI",,"1200",,,,,,,,"Sayur yang wanginya harum banget, enaknya di olah jadi apa yah ?","shorts","https://www.youtube.com/shorts/aQe1OIfytmI",,"33700",
,,"UChl0FvQJ5_1CmPCSzikU_Uw","infarm id","https://www.youtube.com/@infarmid",,,,"24","2024-09-19T00:00:00.000Z",,,,"cPTlSPaBkvw",,"1200",,,,,,,,"Resep racikan media tanam supaya jumbo jumbo","shorts","https://www.youtube.com/shorts/cPTlSPaBkvw",,"41825",
,,"UChl0FvQJ5_1CmPCSzikU_Uw","infarm id","https://www.youtube.com/@infarmid",,,,"21","2024-09-21T00:00:00.000Z",,,,"kL3kvpNU-Ro",,"562",,,,,,,,"Nanam dirumah jadi lebih mudah semenjak ada pupuk ini #berkebun #garden","shorts","https://www.youtube.com/shorts/kL3kvpNU-Ro",,"18057",
,,"UChl0FvQJ5_1CmPCSzikU_Uw","infarm id","https://www.youtube.com/@infarmid",,,,"147","2024-09-17T02:24:14.000Z",,,,"iXmJxaQvwQ8",,"1000",,,,,,,,"Nanam sayuran lebih gampang, setuju gak?","shorts","https://www.youtube.com/shorts/iXmJxaQvwQ8",,"23322",
,,,"infarm id",,,,,"36","2024-09-22T00:00:00.000Z",,,,"5byObiipk7s",,"899",,,,,,,,"Teknik unik untuk tanaman yang gak berbuah jadi berbuah lagi","shorts","https://www.youtube.com/shorts/5byObiipk7s",,"27194",
,,"UChl0FvQJ5_1CmPCSzikU_Uw","infarm id","https://www.youtube.com/@infarmid",,,,"19","2024-09-23T00:00:00.000Z",,,,"VZ8TisBx4A4",,"839",,,,,,,,"Nanam kangkung gak pakai tanah","shorts","https://www.youtube.com/shorts/VZ8TisBx4A4",,"20394",
,,"UChl0FvQJ5_1CmPCSzikU_Uw","infarm id","https://www.youtube.com/@infarmid",,,,"22","2024-09-21T00:00:00.000Z",,,,"MU4whoyxZ2Y",,"1200",,,,,,,,"Tanaman yang bisa menghasilkan pupuk sendiri","shorts","https://www.youtube.com/shorts/MU4whoyxZ2Y",,"31213",
,,"UChl0FvQJ5_1CmPCSzikU_Uw","infarm id","https://www.youtube.com/@infarmid",,,,"29","2024-09-20T13:55:22.000Z",,,,"7xlAnUiAz88",,"1200",,,,,,,,"Jangan pakai media tanam asal asalan kalau tanamanmu gak mau mati","shorts","https://www.youtube.com/shorts/7xlAnUiAz88",,"39030",
,,,"infarm id",,,,,"54","2024-09-23T00:00:00.000Z",,,,"Ziw5hU34_gs",,"4100",,,,,,,,"Cara ngompos dirumah pakai galon bekas","shorts","https://www.youtube.com/shorts/Ziw5hU34_gs",,"184738",
,,"UChl0FvQJ5_1CmPCSzikU_Uw","infarm id","https://www.youtube.com/@infarmid",,,,"629","2024-09-24T00:00:00.000Z",,,,"5BYCd6sOcrM",,"17000",,,,,,,,"Cara olah tanaman pengganti nasi","shorts","https://www.youtube.com/shorts/5BYCd6sOcrM",,"640420",
,,"UChl0FvQJ5_1CmPCSzikU_Uw","infarm id","https://www.youtube.com/@infarmid",,,,"55","2024-09-27T00:00:00.000Z",,,,"ZWkZ-jPEwBM",,"2300",,,,,,,,"Jangan asal pakai media tanam kalau mau tanamanmu gak mati sia sia","shorts","https://www.youtube.com/shorts/ZWkZ-jPEwBM",,"83575",
,,"UChl0FvQJ5_1CmPCSzikU_Uw","infarm id","https://www.youtube.com/@infarmid",,,,"117","2024-09-29T00:00:00.000Z",,,,"LNphvnAsQYY",,"1100",,,,,,,,"Di daerah kalian ini namanya bawang apa ?","shorts","https://www.youtube.com/shorts/LNphvnAsQYY",,"41147",
,,"UChl0FvQJ5_1CmPCSzikU_Uw","infarm id","https://www.youtube.com/@infarmid",,,,"62","2024-09-24T15:34:14.000Z",,,,"PVPG22yeHuw",,"1500",,,,,,,,"Teknik unik nanam cabai dilahan sempit","shorts","https://www.youtube.com/shorts/PVPG22yeHuw",,"31397",
"@Indonesia_garudaku","false",,,,"Ugzw-MvCwcbofF4IpSB4AaABAg","Kak bagi bagi pupuk gratis ke suskreber nya dong ya terutama ke aku 😅",,"1",,,,"false",,,,"https://www.youtube.com/watch?v=vnHhtkmj8ag","16 hours ago","0",,,,,"infarm id sedang live sekarang!","comment",,"vnHhtkmj8ag",,"1"
