﻿"attachments/0/style_list/0","attachments/0/style_list/1","attachments/0/style_list/2","attachments/0/style_list/3","attachments/0/style_list/4","commentUrl","commentsCount","date","facebookId","facebookUrl","feedbackId","id","inputUrl","likesCount","postTitle","profileId","profileName","profilePicture","profileUrl","text"
,,,,,"https://www.facebook.com/100000029645476/posts/27059698106947812?comment_id=530232599368420","1","2024-09-16T23:30:42.000Z","27059698106947812","https://www.facebook.com/100000029645476/posts/27059698106947812","ZmVlZGJhY2s6MjcwNTk2OTgxMDY5NDc4MTJfNTMwMjMyNTk5MzY4NDIw","Y29tbWVudDoyNzA1OTY5ODEwNjk0NzgxMl81MzAyMzI1OTkzNjg0MjA=","https://www.facebook.com/100000029645476/posts/27059698106947812","0","LAURA BINTANG ASIA, buncis biji putih polong hijau.","100007578522755","Renzy Bintangasia","https://scontent.ffln8-1.fna.fbcdn.net/v/t39.30808-1/426012403_3605728109689771_2277782955804277447_n.jpg?stp=cp0_dst-jpg_s32x32&_nc_cat=104&ccb=1-7&_nc_sid=50d2ac&_nc_ohc=vuD6PrMQB7YQ7kNvgFS3jxU&_nc_ht=scontent.ffln8-1.fna&_nc_gid=AhuiDW90aA_5BAGUK5mkZ1O&oh=00_AYDyMKzQsMaAaQAVFKp6UkI9LfCnJJXzUiW7b-uTM1ETcQ&oe=66EEEF44","https://www.facebook.com/renzi.prayuda","Mantap bosku"
,,,,,"https://www.facebook.com/100000029645476/posts/27059698106947812?comment_id=6527486010708883","1","2024-09-16T12:38:42.000Z","27059698106947812","https://www.facebook.com/100000029645476/posts/27059698106947812","ZmVlZGJhY2s6MjcwNTk2OTgxMDY5NDc4MTJfNjUyNzQ4NjAxMDcwODg4Mw==","Y29tbWVudDoyNzA1OTY5ODEwNjk0NzgxMl82NTI3NDg2MDEwNzA4ODgz","https://www.facebook.com/100000029645476/posts/27059698106947812","0","LAURA BINTANG ASIA, buncis biji putih polong hijau.","pfbid02boQnf1M7ARcxtdd5WeEoDAKpfeNB3hEG8x4LfozqD55zk8uQFgjAiS6obGsDtVZPl","Yospiqmi Rizal Bintang Asia","https://scontent.ffln8-1.fna.fbcdn.net/v/t1.18169-1/12814133_605474156274254_1255382583968893776_n.jpg?stp=cp0_dst-jpg_s32x32&_nc_cat=107&ccb=1-7&_nc_sid=e4545e&_nc_ohc=3Qupsjb9NtoQ7kNvgHLzYLg&_nc_ht=scontent.ffln8-1.fna&oh=00_AYAEAOns2qeQ3dG3ymMPA2vOSUjGDxKb9dBojoh1-LDd6Q&oe=67108CBC","https://www.facebook.com/yospiqmi.rizal","Gaskan"
,,,,,"https://www.facebook.com/100000029645476/posts/27059698106947812?comment_id=831344982503880","1","2024-09-17T00:45:31.000Z","27059698106947812","https://www.facebook.com/100000029645476/posts/27059698106947812","ZmVlZGJhY2s6MjcwNTk2OTgxMDY5NDc4MTJfODMxMzQ0OTgyNTAzODgw","Y29tbWVudDoyNzA1OTY5ODEwNjk0NzgxMl84MzEzNDQ5ODI1MDM4ODA=","https://www.facebook.com/100000029645476/posts/27059698106947812","0","LAURA BINTANG ASIA, buncis biji putih polong hijau.","pfbid0QZKPxs5sTgcndtezdWUMaqaWKA7KoJ9hCmVZhF3WnkQCuEsNKxzfNJJUxiUsALncl","Ribut Andi M. Andi","https://scontent.ffln8-1.fna.fbcdn.net/v/t39.30808-1/428190647_3258985684257057_8152856627367893907_n.jpg?stp=cp0_dst-jpg_s32x32&_nc_cat=107&ccb=1-7&_nc_sid=0ecb9b&_nc_ohc=042-9NakIlEQ7kNvgFSz2dY&_nc_ht=scontent.ffln8-1.fna&_nc_gid=AhuiDW90aA_5BAGUK5mkZ1O&oh=00_AYA10T71P6SEByjxcLUILPd_oDpB9OdeeLPoGmVEBTxmDQ&oe=66EEF837","https://www.facebook.com/people/Ribut-Andi-M-Andi/pfbid0QZKPxs5sTgcndtezdWUMaqaWKA7KoJ9hCmVZhF3WnkQCuEsNKxzfNJJUxiUsALncl/","Mantap"
"animated_image_autoplay","animated_image_share","image_share","share","fallback","https://www.facebook.com/100000029645476/posts/27059698106947812?comment_id=1034127428414810","1","2024-09-16T12:39:26.000Z","27059698106947812","https://www.facebook.com/100000029645476/posts/27059698106947812","ZmVlZGJhY2s6MjcwNTk2OTgxMDY5NDc4MTJfMTAzNDEyNzQyODQxNDgxMA==","Y29tbWVudDoyNzA1OTY5ODEwNjk0NzgxMl8xMDM0MTI3NDI4NDE0ODEw","https://www.facebook.com/100000029645476/posts/27059698106947812","1","LAURA BINTANG ASIA, buncis biji putih polong hijau.","100004825651478","NiZar Bintang Asia","https://scontent.ffln8-1.fna.fbcdn.net/v/t39.30808-1/438276089_2611594555678041_6997404202785061953_n.jpg?stp=cp0_dst-jpg_p32x32&_nc_cat=111&ccb=1-7&_nc_sid=50d2ac&_nc_ohc=HObVbuc0UlUQ7kNvgHx_O0i&_nc_ht=scontent.ffln8-1.fna&_nc_gid=AhuiDW90aA_5BAGUK5mkZ1O&oh=00_AYDiA-LHdNJ0uSaUXBKHfsa72kjL7i0uaUz1JhCdo96O_g&oe=66EEE96E","https://www.facebook.com/nizar.setia.3",
