﻿"attachments/0/style_list/0","attachments/0/style_list/1","attachments/0/style_list/2","attachments/0/style_list/3","attachments/0/style_list/4","commentUrl","commentsCount","date","facebookId","facebookUrl","feedbackId","id","inputUrl","likesCount","pageAdLibrary/id","pageAdLibrary/is_business_page_active","postTitle","profileId","profileName","profilePicture","profileUrl","text"
"animated_image_autoplay","animated_image_share","image_share","share","fallback","https://www.facebook.com/100004109346822/posts/2912996258847324?comment_id=1259966291684096",,"2024-09-16T05:35:16.000Z","2912996258847324","https://www.facebook.com/100004109346822/posts/2912996258847324","ZmVlZGJhY2s6MjkxMjk5NjI1ODg0NzMyNF8xMjU5OTY2MjkxNjg0MDk2","Y29tbWVudDoyOTEyOTk2MjU4ODQ3MzI0XzEyNTk5NjYyOTE2ODQwOTY=","https://www.facebook.com/100004109346822/posts/2912996258847324","1","250829661453806","false","Jumlah buah Cabe CKTAV 8 F1 dalam satu Kilogram berkisar ±140 buah. 🔥🔥🔥

#cktav8f1
#benihcitraasia
#bintangasia
#produkinovasianaknegeri
#suksesbersamabintangasia
@sorotan","100004825651478","NiZar Bintang Asia","https://scontent-lhr8-1.xx.fbcdn.net/v/t39.30808-1/438276089_2611594555678041_6997404202785061953_n.jpg?stp=cp0_dst-jpg_p32x32&_nc_cat=111&ccb=1-7&_nc_sid=50d2ac&_nc_ohc=HObVbuc0UlUQ7kNvgEUHfpb&_nc_ht=scontent-lhr8-1.xx&oh=00_AYDK2KqhWnEunNEezXCGOyKFZmxnD2MTF2fxBrnq1Xy5Yw&oe=66EEE96E","https://www.facebook.com/nizar.setia.3",
,,,,,"https://www.facebook.com/100004109346822/posts/2912996258847324?comment_id=1587496895450109","2","2024-09-16T05:49:48.000Z","2912996258847324","https://www.facebook.com/100004109346822/posts/2912996258847324","ZmVlZGJhY2s6MjkxMjk5NjI1ODg0NzMyNF8xNTg3NDk2ODk1NDUwMTA5","Y29tbWVudDoyOTEyOTk2MjU4ODQ3MzI0XzE1ODc0OTY4OTU0NTAxMDk=","https://www.facebook.com/100004109346822/posts/2912996258847324","1","250829661453806","false","Jumlah buah Cabe CKTAV 8 F1 dalam satu Kilogram berkisar ±140 buah. 🔥🔥🔥

#cktav8f1
#benihcitraasia
#bintangasia
#produkinovasianaknegeri
#suksesbersamabintangasia
@sorotan","100007578522755","Renzy Bintangasia","https://scontent-lhr6-2.xx.fbcdn.net/v/t39.30808-1/426012403_3605728109689771_2277782955804277447_n.jpg?stp=cp0_dst-jpg_s32x32&_nc_cat=104&ccb=1-7&_nc_sid=50d2ac&_nc_ohc=vuD6PrMQB7YQ7kNvgG_CBGN&_nc_ht=scontent-lhr6-2.xx&oh=00_AYCrPyF7Oa1Lr2fkg-kGgMfTO-Pyni8OJStWdNdPdtzQgw&oe=66EEEF44","https://www.facebook.com/renzi.prayuda","Ikan hiu makan permen..mantap menn"
,,,,,"https://www.facebook.com/100004109346822/posts/2912996258847324?comment_id=8158190827623004","1","2024-09-16T13:10:26.000Z","2912996258847324","https://www.facebook.com/100004109346822/posts/2912996258847324","ZmVlZGJhY2s6MjkxMjk5NjI1ODg0NzMyNF84MTU4MTkwODI3NjIzMDA0","Y29tbWVudDoyOTEyOTk2MjU4ODQ3MzI0XzgxNTgxOTA4Mjc2MjMwMDQ=","https://www.facebook.com/100004109346822/posts/2912996258847324","1","250829661453806","false","Jumlah buah Cabe CKTAV 8 F1 dalam satu Kilogram berkisar ±140 buah. 🔥🔥🔥

#cktav8f1
#benihcitraasia
#bintangasia
#produkinovasianaknegeri
#suksesbersamabintangasia
@sorotan","pfbid02PY8FtGQ4Xf54EHyv5sPPiuD3NYdemfN5VodmLf9U8coK7uwkbDTdQqfxa1n8cJtol","Tukidi Tukidi","https://scontent-lhr6-1.xx.fbcdn.net/v/t39.30808-1/452480413_457808700482314_6085932419650577252_n.jpg?stp=cp0_dst-jpg_s32x32&_nc_cat=110&ccb=1-7&_nc_sid=0ecb9b&_nc_ohc=oxphzV2dKF0Q7kNvgHgc6bX&_nc_ht=scontent-lhr6-1.xx&oh=00_AYCFWmH-d6_uOnSBOueJCJeZO7NuaKbQgGW4CwXIqOgpWw&oe=66EEE965","https://www.facebook.com/people/Tukidi-Tukidi/pfbid02PY8FtGQ4Xf54EHyv5sPPiuD3NYdemfN5VodmLf9U8coK7uwkbDTdQqfxa1n8cJtol/","Masok bosss.klo 1kg 1o 0n"
,,,,,"https://www.facebook.com/100004109346822/posts/2912996258847324?comment_id=1033240248272189","1","2024-09-16T05:35:13.000Z","2912996258847324","https://www.facebook.com/100004109346822/posts/2912996258847324","ZmVlZGJhY2s6MjkxMjk5NjI1ODg0NzMyNF8xMDMzMjQwMjQ4MjcyMTg5","Y29tbWVudDoyOTEyOTk2MjU4ODQ3MzI0XzEwMzMyNDAyNDgyNzIxODk=","https://www.facebook.com/100004109346822/posts/2912996258847324","0","250829661453806","false","Jumlah buah Cabe CKTAV 8 F1 dalam satu Kilogram berkisar ±140 buah. 🔥🔥🔥

#cktav8f1
#benihcitraasia
#bintangasia
#produkinovasianaknegeri
#suksesbersamabintangasia
@sorotan","100004825651478","NiZar Bintang Asia","https://scontent-lhr8-1.xx.fbcdn.net/v/t39.30808-1/438276089_2611594555678041_6997404202785061953_n.jpg?stp=cp0_dst-jpg_p32x32&_nc_cat=111&ccb=1-7&_nc_sid=50d2ac&_nc_ohc=HObVbuc0UlUQ7kNvgEUHfpb&_nc_ht=scontent-lhr8-1.xx&oh=00_AYDK2KqhWnEunNEezXCGOyKFZmxnD2MTF2fxBrnq1Xy5Yw&oe=66EEE96E","https://www.facebook.com/nizar.setia.3","Membara bos ku,,,, hajar"
,,,,,"https://www.facebook.com/100004109346822/posts/2912996258847324?comment_id=877336691009739","1","2024-09-16T08:11:28.000Z","2912996258847324","https://www.facebook.com/100004109346822/posts/2912996258847324","ZmVlZGJhY2s6MjkxMjk5NjI1ODg0NzMyNF84NzczMzY2OTEwMDk3Mzk=","Y29tbWVudDoyOTEyOTk2MjU4ODQ3MzI0Xzg3NzMzNjY5MTAwOTczOQ==","https://www.facebook.com/100004109346822/posts/2912996258847324","0","250829661453806","false","Jumlah buah Cabe CKTAV 8 F1 dalam satu Kilogram berkisar ±140 buah. 🔥🔥🔥

#cktav8f1
#benihcitraasia
#bintangasia
#produkinovasianaknegeri
#suksesbersamabintangasia
@sorotan","pfbid0LMTBbYQEFPoCXqG1ynmJf3MhPPrRTu4PUqZmzwLhkWMeqz3GXJb9Wwwv7aj8rCLBl","Jaino","https://scontent-lhr8-2.xx.fbcdn.net/v/t1.6435-1/108020715_596042734681039_1596264854985664739_n.jpg?stp=cp0_dst-jpg_s32x32&_nc_cat=106&ccb=1-7&_nc_sid=0ecb9b&_nc_ohc=raI8xzETb8AQ7kNvgE7dGlV&_nc_ht=scontent-lhr8-2.xx&oh=00_AYCJgXyXo2zYBItXkvNvXFRR5KANJHSNfV2pIZ4LHWfp9g&oe=671090A6","https://www.facebook.com/jaino.jaino.391","Masuk"
,,,,,"https://www.facebook.com/100004109346822/posts/2912996258847324?comment_id=1081429693687896","1","2024-09-16T05:30:21.000Z","2912996258847324","https://www.facebook.com/100004109346822/posts/2912996258847324","ZmVlZGJhY2s6MjkxMjk5NjI1ODg0NzMyNF8xMDgxNDI5NjkzNjg3ODk2","Y29tbWVudDoyOTEyOTk2MjU4ODQ3MzI0XzEwODE0Mjk2OTM2ODc4OTY=","https://www.facebook.com/100004109346822/posts/2912996258847324","0","250829661453806","false","Jumlah buah Cabe CKTAV 8 F1 dalam satu Kilogram berkisar ±140 buah. 🔥🔥🔥

#cktav8f1
#benihcitraasia
#bintangasia
#produkinovasianaknegeri
#suksesbersamabintangasia
@sorotan","pfbid0tjRrJcpiVagh3ECKTxtJZKSGXs6xi4tr9naRf8QTW9aJ8To3um28ijPmy5emsATzl","Adira Putri","https://scontent-lhr8-2.xx.fbcdn.net/v/t39.30808-1/439928262_1488887862010017_2050882147130469349_n.jpg?stp=c0.0.600.600a_cp0_dst-jpg_s32x32&_nc_cat=106&ccb=1-7&_nc_sid=0ecb9b&_nc_ohc=aFKDm5nxhlAQ7kNvgHUPMF_&_nc_ht=scontent-lhr8-2.xx&oh=00_AYBFrnJ9IN8yp8utlKL6y1pGHlMuIa0ll7YMUMWi3ESFIA&oe=66EF10D5","https://www.facebook.com/adira.putri.39108","Brpo 1kg ton harga ny"
,,,,,"https://www.facebook.com/100004109346822/posts/2912996258847324?comment_id=891612759491727","1","2024-09-16T09:39:41.000Z","2912996258847324","https://www.facebook.com/100004109346822/posts/2912996258847324","ZmVlZGJhY2s6MjkxMjk5NjI1ODg0NzMyNF84OTE2MTI3NTk0OTE3Mjc=","Y29tbWVudDoyOTEyOTk2MjU4ODQ3MzI0Xzg5MTYxMjc1OTQ5MTcyNw==","https://www.facebook.com/100004109346822/posts/2912996258847324","0","250829661453806","false","Jumlah buah Cabe CKTAV 8 F1 dalam satu Kilogram berkisar ±140 buah. 🔥🔥🔥

#cktav8f1
#benihcitraasia
#bintangasia
#produkinovasianaknegeri
#suksesbersamabintangasia
@sorotan","pfbid02boQnf1M7ARcxtdd5WeEoDAKpfeNB3hEG8x4LfozqD55zk8uQFgjAiS6obGsDtVZPl","Yospiqmi Rizal Bintang Asia","https://scontent-lhr8-1.xx.fbcdn.net/v/t1.18169-1/12814133_605474156274254_1255382583968893776_n.jpg?stp=cp0_dst-jpg_s32x32&_nc_cat=107&ccb=1-7&_nc_sid=e4545e&_nc_ohc=3Qupsjb9NtoQ7kNvgEJXWoV&_nc_ht=scontent-lhr8-1.xx&oh=00_AYC9vrmPo6SZhFgFlpIQrB_GSVBKgVvRIfrHp0djb693-A&oe=67108CBC","https://www.facebook.com/yospiqmi.rizal","Masuk bobote"
,,,,,"https://www.facebook.com/100004109346822/posts/2912818728865077?comment_id=886286789526770",,"2024-09-16T01:35:04.000Z","2912818728865077","https://www.facebook.com/100004109346822/posts/2912818728865077","ZmVlZGJhY2s6MjkxMjgxODcyODg2NTA3N184ODYyODY3ODk1MjY3NzA=","Y29tbWVudDoyOTEyODE4NzI4ODY1MDc3Xzg4NjI4Njc4OTUyNjc3MA==","https://www.facebook.com/100004109346822/posts/2912818728865077","0","113420435192600","false","Pamer semangka Danish dulu. ojo takon benihe disek. benihe sek semedi. 😭😁 #bintangasia #benihcitraasia #petani #farmer #watermelon #semangka #indonesia","100007578522755","Renzy Bintangasia","https://scontent-gru1-1.xx.fbcdn.net/v/t39.30808-1/426012403_3605728109689771_2277782955804277447_n.jpg?stp=cp0_dst-jpg_s32x32&_nc_cat=104&ccb=1-7&_nc_sid=50d2ac&_nc_ohc=vuD6PrMQB7YQ7kNvgEBbUOX&_nc_ht=scontent-gru1-1.xx&_nc_gid=AmJ2hRgldvrG574vyGlHgKz&oh=00_AYCs4psHJW0RnmOVDEMFIDPv3LwenBKZQvA26Ti3-KKtgg&oe=66EEEF44","https://www.facebook.com/renzi.prayuda","Mantap"
,,,,,"https://www.facebook.com/100004109346822/posts/2912818728865077?comment_id=1034977131750384",,"2024-09-16T04:05:03.000Z","2912818728865077","https://www.facebook.com/100004109346822/posts/2912818728865077","ZmVlZGJhY2s6MjkxMjgxODcyODg2NTA3N18xMDM0OTc3MTMxNzUwMzg0","Y29tbWVudDoyOTEyODE4NzI4ODY1MDc3XzEwMzQ5NzcxMzE3NTAzODQ=","https://www.facebook.com/100004109346822/posts/2912818728865077","0","113420435192600","false","Pamer semangka Danish dulu. ojo takon benihe disek. benihe sek semedi. 😭😁 #bintangasia #benihcitraasia #petani #farmer #watermelon #semangka #indonesia","100004825651478","NiZar Bintang Asia","https://scontent-gru2-2.xx.fbcdn.net/v/t39.30808-1/438276089_2611594555678041_6997404202785061953_n.jpg?stp=cp0_dst-jpg_p32x32&_nc_cat=111&ccb=1-7&_nc_sid=50d2ac&_nc_ohc=HObVbuc0UlUQ7kNvgHEftL5&_nc_ht=scontent-gru2-2.xx&_nc_gid=AmJ2hRgldvrG574vyGlHgKz&oh=00_AYDTOdDw6X81UFzrwEzATwCpLG99CXQITcm_NO6FPCFKpQ&oe=66EEE96E","https://www.facebook.com/nizar.setia.3","Menyala bos ku"
