﻿"channelAvatarUrl","channelBannerUrl","channelDescription","channelId","channelJoinedDate","channelLocation","channelName","channelTotalVideos","channelTotalViews","channelUrl","comments","commentsCount","date","descriptionLinks","duration","fromYTUrl","id","input","inputChannelUrl","isAgeRestricted","isChannelVerified","isMonetized","likes","note","numberOfSubscribers","order","subtitles","text","thumbnailUrl","title","type","url","viewCount"
,,,,,,,,,,,,,,,,,"https://youtube.com/@mohamadcali8259/about",,,,,,"The channel has no live videos.",,,,,,,,"https://youtube.com/@mohamadcali8259/about",
"https://yt3.googleusercontent.com/zjUWuG4XuifWv5wmxweKOlLSQdFZI_ozJFCAtywuObCyfYn1P3cOpl9rjPVfqp7P_YruM9ownw=s160-c-k-c0x00ffffff-no-rj",,"#keinginan
#menzet
#lingkungan","UCLumhm5dZ_lPhpCcaFB4bsQ","Apr 1, 2016",,"Muhamad Cali Pertanian","10","65102","https://www.youtube.com/channel/UCLumhm5dZ_lPhpCcaFB4bsQ",,"1","2024-06-04T00:00:00.000Z",,,"https://youtube.com/@mohamadcali8259/shorts","GKOOhTwbIgo",,"https://youtube.com/@mohamadcali8259/about","false","false",,"6",,"280","7",,,"https://i.ytimg.com/vi/GKOOhTwbIgo/oar2.jpg?sqp=-oaymwEdCJUDENAFSFWQAgHyq4qpAwwIARUAAIhCcAHAAQY=&rs=AOn4CLBY0uxngEkXNjODv_zDZwaHlqvG4g","Pemantauan lokasi tanaman jagung mengunakan drone #petanimilenial #petanimuda #petani #alatmodern","shorts","https://youtube.com/shorts/GKOOhTwbIgo","479"
"https://yt3.googleusercontent.com/zjUWuG4XuifWv5wmxweKOlLSQdFZI_ozJFCAtywuObCyfYn1P3cOpl9rjPVfqp7P_YruM9ownw=s160-c-k-c0x00ffffff-no-rj",,"#keinginan
#menzet
#lingkungan","UCLumhm5dZ_lPhpCcaFB4bsQ","Apr 1, 2016",,"Muhamad Cali Pertanian","10","65102","https://www.youtube.com/channel/UCLumhm5dZ_lPhpCcaFB4bsQ",,"6","2024-09-05T00:00:00.000Z",,,"https://youtube.com/@mohamadcali8259/shorts","gCtMh7BAoJM",,"https://youtube.com/@mohamadcali8259/about","false","false",,"6",,"280","2",,,"https://i.ytimg.com/vi/gCtMh7BAoJM/oar2.jpg?sqp=-oaymwEdCJUDENAFSFWQAgHyq4qpAwwIARUAAIhCcAHAAQY=&rs=AOn4CLCFuccisOP7_yjMtT0PchBfMcYW3Q","Cabai keriting Juro f1 #petaniindonesia #petanimilenial #suksesbersamabintangasia","shorts","https://youtube.com/shorts/gCtMh7BAoJM","47"
"https://yt3.googleusercontent.com/zjUWuG4XuifWv5wmxweKOlLSQdFZI_ozJFCAtywuObCyfYn1P3cOpl9rjPVfqp7P_YruM9ownw=s160-c-k-c0x00ffffff-no-rj",,"#keinginan
#menzet
#lingkungan","UCLumhm5dZ_lPhpCcaFB4bsQ","Apr 1, 2016",,"Muhamad Cali Pertanian","10","65102","https://www.youtube.com/channel/UCLumhm5dZ_lPhpCcaFB4bsQ",,"3","2024-07-09T00:00:00.000Z",,,"https://youtube.com/@mohamadcali8259/shorts","jGRYnrvIDQk",,"https://youtube.com/@mohamadcali8259/about","false","false",,"4",,"280","5",,,"https://i.ytimg.com/vi/jGRYnrvIDQk/oar2.jpg?sqp=-oaymwEdCJUDENAFSFWQAgHyq4qpAwwIARUAAIhCcAHAAQY=&rs=AOn4CLCcanoFwJ4pR_UQLQeTnl-CvEwj5g","CKTAV8 F1 Menyala abangku. #cktav8f1 #suksesbersamabintangasia #petaniindonesia #petanimilenial","shorts","https://youtube.com/shorts/jGRYnrvIDQk","238"
"https://yt3.googleusercontent.com/zjUWuG4XuifWv5wmxweKOlLSQdFZI_ozJFCAtywuObCyfYn1P3cOpl9rjPVfqp7P_YruM9ownw=s160-c-k-c0x00ffffff-no-rj",,"#keinginan
#menzet
#lingkungan","UCLumhm5dZ_lPhpCcaFB4bsQ","Apr 1, 2016",,"Muhamad Cali Pertanian","10","65102","https://www.youtube.com/channel/UCLumhm5dZ_lPhpCcaFB4bsQ",,"4","2024-06-01T00:00:00.000Z",,,"https://youtube.com/@mohamadcali8259/shorts","xY1LFbtdiiA",,"https://youtube.com/@mohamadcali8259/about","false","false",,"6",,"280","9",,,"https://i.ytimg.com/vi/xY1LFbtdiiA/oar2.jpg?sqp=-oaymwEdCJUDENAFSFWQAgHyq4qpAwwIARUAAIhCcAHAAQY=&rs=AOn4CLAhRVC8iXCu_Nwd8MqXOl51rvGtYw","Cara Srimpil daun bawa jagung umur 85 hst. #petanimilenial  #petanijagung #betras9 #petaniindonesia","shorts","https://youtube.com/shorts/xY1LFbtdiiA","351"
"https://yt3.googleusercontent.com/zjUWuG4XuifWv5wmxweKOlLSQdFZI_ozJFCAtywuObCyfYn1P3cOpl9rjPVfqp7P_YruM9ownw=s160-c-k-c0x00ffffff-no-rj",,"#keinginan
#menzet
#lingkungan","UCLumhm5dZ_lPhpCcaFB4bsQ","Apr 1, 2016",,"Muhamad Cali Pertanian","10","65102","https://www.youtube.com/channel/UCLumhm5dZ_lPhpCcaFB4bsQ",,"2","2024-09-04T00:00:00.000Z",,,"https://youtube.com/@mohamadcali8259/shorts","xaaySirjafU",,"https://youtube.com/@mohamadcali8259/about","false","false",,"5",,"280","3",,"@benihcitraasia

@benih_bintangasia

#benihcitraasia

#benih_bintangasia

#benihunggulbintangasia 

#pastibisapastisukses

#inovasianaknegeri

#sahabatbintangasia 

#benih 

#petani 

#petanimuda 

#petaniindonesia 

#petanimilenial","https://i.ytimg.com/vi/xaaySirjafU/oar2.jpg?sqp=-oaymwEdCJUDENAFSFWQAgHyq4qpAwwIARUAAIhCcAHAAQY=&rs=AOn4CLB6ufhAHN2-730h78T1xRFwG10yfQ","Pemupukan tomat citra asia di fase generatif umur 14 hst #petaniindonesia #petanimilenial #farming","shorts","https://youtube.com/shorts/xaaySirjafU","534"
"https://yt3.googleusercontent.com/zjUWuG4XuifWv5wmxweKOlLSQdFZI_ozJFCAtywuObCyfYn1P3cOpl9rjPVfqp7P_YruM9ownw=s160-c-k-c0x00ffffff-no-rj",,"#keinginan
#menzet
#lingkungan","UCLumhm5dZ_lPhpCcaFB4bsQ","Apr 1, 2016",,"Muhamad Cali Pertanian","10","65102","https://www.youtube.com/channel/UCLumhm5dZ_lPhpCcaFB4bsQ",,"0","2023-10-06T00:00:00.000Z",,,"https://youtube.com/@mohamadcali8259/shorts","0y2210RGZIU",,"https://youtube.com/@mohamadcali8259/about","false","false",,"2",,"280","12",,,"https://i.ytimg.com/vi/0y2210RGZIU/oar2.jpg?sqp=-oaymwEdCJUDENAFSFWQAgHyq4qpAwwIARUAAIhCcAHAAQY=&rs=AOn4CLDgH1XY57-ItHkRk2_a4PY3VezvdA","Dapat video lama di leptop Gempa Kota Palu","shorts","https://youtube.com/shorts/0y2210RGZIU","69"
"https://yt3.googleusercontent.com/zjUWuG4XuifWv5wmxweKOlLSQdFZI_ozJFCAtywuObCyfYn1P3cOpl9rjPVfqp7P_YruM9ownw=s160-c-k-c0x00ffffff-no-rj",,"#keinginan
#menzet
#lingkungan","UCLumhm5dZ_lPhpCcaFB4bsQ","Apr 1, 2016",,"Muhamad Cali Pertanian","10","65102","https://www.youtube.com/channel/UCLumhm5dZ_lPhpCcaFB4bsQ",,"0","2024-06-01T00:00:00.000Z",,,"https://youtube.com/@mohamadcali8259/shorts","0AdSiF-iBA8",,"https://youtube.com/@mohamadcali8259/about","false","false",,"4",,"280","11",,"#petanimilenial #petanimodern #petani #mulsa #alatmodern #petanimuda #petaniindonesia","https://i.ytimg.com/vi/0AdSiF-iBA8/oar2.jpg?sqp=-oaymwEdCJUDENAFSFWQAgHyq4qpAwwIARUAAIhCcAHAAQY=&rs=AOn4CLDnIpwJBVdUc6oOVLbn-PVvkgyw-g","Masakan Istri Tersayang untuk Suami #masakansimple #istrisetia #masakanseharihari #istrisolehah","shorts","https://youtube.com/shorts/0AdSiF-iBA8","417"
"https://yt3.googleusercontent.com/zjUWuG4XuifWv5wmxweKOlLSQdFZI_ozJFCAtywuObCyfYn1P3cOpl9rjPVfqp7P_YruM9ownw=s160-c-k-c0x00ffffff-no-rj",,"#keinginan
#menzet
#lingkungan","UCLumhm5dZ_lPhpCcaFB4bsQ","Apr 1, 2016",,"Muhamad Cali Pertanian","10","65102","https://www.youtube.com/channel/UCLumhm5dZ_lPhpCcaFB4bsQ",,"0","2021-05-15T00:00:00.000Z",,,"https://youtube.com/@mohamadcali8259/shorts","VV4bpB4hDXM",,"https://youtube.com/@mohamadcali8259/about","false","false",,"9",,"280","16",,"sekedar menghibur sanak saudara yang beda suku 🙏🙏","https://i.ytimg.com/vi/VV4bpB4hDXM/hq720_2.jpg?sqp=-oaymwEdCJUDENAFSFXyq4qpAw8IARUAAIhCcAHAAQbQAQE=&rs=AOn4CLDBybhzBubtEhCP9SCQRRros9jjGQ","Saya Suku Top Ta'a","shorts","https://youtube.com/shorts/VV4bpB4hDXM","88"
"https://yt3.googleusercontent.com/zjUWuG4XuifWv5wmxweKOlLSQdFZI_ozJFCAtywuObCyfYn1P3cOpl9rjPVfqp7P_YruM9ownw=s160-c-k-c0x00ffffff-no-rj",,"#keinginan
#menzet
#lingkungan","UCLumhm5dZ_lPhpCcaFB4bsQ","Apr 1, 2016",,"Muhamad Cali Pertanian","10","65102","https://www.youtube.com/channel/UCLumhm5dZ_lPhpCcaFB4bsQ",,"0","2021-05-23T00:00:00.000Z",,,"https://youtube.com/@mohamadcali8259/shorts","yy9I3tAM2lM",,"https://youtube.com/@mohamadcali8259/about","false","false",,"11",,"280","15",,,"https://i.ytimg.com/vi/yy9I3tAM2lM/hq720_2.jpg?sqp=-oaymwEdCJgDENAFSFXyq4qpAw8IARUAAIhCcAHAAQbQAQE=&rs=AOn4CLDA_RFdDOSDEWI6iQmSSzvyda3xZg","Terong Bungo Inovasi anak Negri","shorts","https://youtube.com/shorts/yy9I3tAM2lM","280"
"https://yt3.googleusercontent.com/zjUWuG4XuifWv5wmxweKOlLSQdFZI_ozJFCAtywuObCyfYn1P3cOpl9rjPVfqp7P_YruM9ownw=s160-c-k-c0x00ffffff-no-rj",,"#keinginan
#menzet
#lingkungan","UCLumhm5dZ_lPhpCcaFB4bsQ","Apr 1, 2016",,"Muhamad Cali Pertanian","10","65102","https://www.youtube.com/channel/UCLumhm5dZ_lPhpCcaFB4bsQ",,"7","2022-06-16T00:00:00.000Z",,,"https://youtube.com/@mohamadcali8259/shorts","B8aEjI17L_c",,"https://youtube.com/@mohamadcali8259/about","false","false",,"0",,"280","14",,"@benihcitraasia

@benih_bintangasia

#benihcitraasia

#benih_bintangasia

#benihunggulbintangasia 

#pastibisapastisukses

#inovasianaknegeri

#sahabatbintangasia 

#benih 

#petani 

#petanimuda 

#petaniindonesia 

#petanimilenial","https://i.ytimg.com/vi/B8aEjI17L_c/hq2.jpg?sqp=-oaymwEdCMYBEOgCSFXyq4qpAw8IARUAAIhCcAHAAQbQAQE=&rs=AOn4CLD7LenGNA5VRDeUmVv95F6JrEYVog","Tomat Citra Asia F1 produk inovasi Anak Bangsa","shorts","https://youtube.com/shorts/B8aEjI17L_c","362"
"https://yt3.googleusercontent.com/zjUWuG4XuifWv5wmxweKOlLSQdFZI_ozJFCAtywuObCyfYn1P3cOpl9rjPVfqp7P_YruM9ownw=s160-c-k-c0x00ffffff-no-rj",,"#keinginan
#menzet
#lingkungan","UCLumhm5dZ_lPhpCcaFB4bsQ","Apr 1, 2016",,"Muhamad Cali Pertanian","10","65102","https://www.youtube.com/channel/UCLumhm5dZ_lPhpCcaFB4bsQ",,"2","2024-06-01T00:00:00.000Z",,,"https://youtube.com/@mohamadcali8259/shorts","3LK4tYgChYM",,"https://youtube.com/@mohamadcali8259/about","false","false",,"7",,"280","10",,,"https://i.ytimg.com/vi/3LK4tYgChYM/oar2.jpg?sqp=-oaymwEdCJUDENAFSFWQAgHyq4qpAwwIARUAAIhCcAHAAQY=&rs=AOn4CLDkR72ZrJYzKjwWXg599UaoT9QA7A","Jagung Betras Mantap. #petaniindonesia #pemupukanjagung #suksesbersamabintangasia #jagunghibrida","shorts","https://youtube.com/shorts/3LK4tYgChYM","544"
"https://yt3.googleusercontent.com/zjUWuG4XuifWv5wmxweKOlLSQdFZI_ozJFCAtywuObCyfYn1P3cOpl9rjPVfqp7P_YruM9ownw=s160-c-k-c0x00ffffff-no-rj",,"#keinginan
#menzet
#lingkungan","UCLumhm5dZ_lPhpCcaFB4bsQ","Apr 1, 2016",,"Muhamad Cali Pertanian","10","65102","https://www.youtube.com/channel/UCLumhm5dZ_lPhpCcaFB4bsQ",,"2","2024-06-03T00:00:00.000Z",,,"https://youtube.com/@mohamadcali8259/shorts","BtTb9td23d0",,"https://youtube.com/@mohamadcali8259/about","false","false",,"6",,"280","8",,,"https://i.ytimg.com/vi/BtTb9td23d0/oar2.jpg?sqp=-oaymwEdCJUDENAFSFWQAgHyq4qpAwwIARUAAIhCcAHAAQY=&rs=AOn4CLD8aXMTbhXE-xKKNYJQTzhHrcD5Gg","jagung betras 9 umur 85 Hst. #petani #petanimuda #jagungbetras #suksesbersama #petanimilenial","shorts","https://youtube.com/shorts/BtTb9td23d0","635"
"https://yt3.googleusercontent.com/zjUWuG4XuifWv5wmxweKOlLSQdFZI_ozJFCAtywuObCyfYn1P3cOpl9rjPVfqp7P_YruM9ownw=s160-c-k-c0x00ffffff-no-rj",,"#keinginan
#menzet
#lingkungan","UCLumhm5dZ_lPhpCcaFB4bsQ","Apr 1, 2016",,"Muhamad Cali Pertanian","10","65102","https://www.youtube.com/channel/UCLumhm5dZ_lPhpCcaFB4bsQ",,"1","2024-08-18T00:00:00.000Z",,,"https://youtube.com/@mohamadcali8259/shorts","vAs-3lzHSj8",,"https://youtube.com/@mohamadcali8259/about","false","false",,"8",,"280","4",,"#suksesbersamapetanibintangasia
#suksesbersamabintangasia
@benihcitraasia

@benih_bintangasia

#benihcitraasia

#benih_bintangasia

#benihunggulbintangasia 

#pastibisapastisukses

#inovasianaknegeri

#sahabatbintangasia 

#benih 

#petani 

#petanimuda 

#petaniindonesia 

#petanimilenial","https://i.ytimg.com/vi/vAs-3lzHSj8/oar2.jpg?sqp=-oaymwEdCJUDENAFSFWQAgHyq4qpAwwIARUAAIhCcAHAAQY=&rs=AOn4CLBxDgP0bdFlLSoNt-iOXBhwPWurhA","TOMAT VITALIA F1 SIAP EXSEN #petaniindonesia #petanibintangasia #suksesbersamabintangasia","shorts","https://youtube.com/shorts/vAs-3lzHSj8","573"
"https://yt3.googleusercontent.com/zjUWuG4XuifWv5wmxweKOlLSQdFZI_ozJFCAtywuObCyfYn1P3cOpl9rjPVfqp7P_YruM9ownw=s160-c-k-c0x00ffffff-no-rj",,"#keinginan
#menzet
#lingkungan","UCLumhm5dZ_lPhpCcaFB4bsQ","Apr 1, 2016",,"Muhamad Cali Pertanian","10","65102","https://www.youtube.com/channel/UCLumhm5dZ_lPhpCcaFB4bsQ",,"7","2023-07-24T00:00:00.000Z",,,"https://youtube.com/@mohamadcali8259/shorts","1qQ-f2oj0Ss",,"https://youtube.com/@mohamadcali8259/about","false","false",,"12",,"280","13",,,"https://i.ytimg.com/vi/1qQ-f2oj0Ss/oar2.jpg?sqp=-oaymwEdCJUDENAFSFWQAgHyq4qpAwwIARUAAIhCcAHAAQY=&rs=AOn4CLCk4z-CZ64pgncq4QHXOU0FsgX3HA","Beby Nur Humairah Tertawa  terbahak-bahak","shorts","https://youtube.com/shorts/1qQ-f2oj0Ss","99"
"https://yt3.googleusercontent.com/zjUWuG4XuifWv5wmxweKOlLSQdFZI_ozJFCAtywuObCyfYn1P3cOpl9rjPVfqp7P_YruM9ownw=s160-c-k-c0x00ffffff-no-rj",,"#keinginan
#menzet
#lingkungan","UCLumhm5dZ_lPhpCcaFB4bsQ","Apr 1, 2016",,"Muhamad Cali Pertanian","10","65102","https://www.youtube.com/channel/UCLumhm5dZ_lPhpCcaFB4bsQ",,"2","2024-09-06T00:00:00.000Z",,,"https://youtube.com/@mohamadcali8259/shorts","xWv-0AlXE6Q",,"https://youtube.com/@mohamadcali8259/about","false","false",,"8",,"280","1",,,"https://i.ytimg.com/vi/xWv-0AlXE6Q/oar2.jpg?sqp=-oaymwEdCJUDENAFSFWQAgHyq4qpAwwIARUAAIhCcAHAAQY=&rs=AOn4CLC5pac08fd4KBNldc2zH4q1VfA-5g","Buah Tomat Vitalia F1 sangat lebat. #petaniindonesia #petanimilenial #suksesbersamapetanibintangasia","shorts","https://youtube.com/shorts/xWv-0AlXE6Q","607"
"https://yt3.googleusercontent.com/zjUWuG4XuifWv5wmxweKOlLSQdFZI_ozJFCAtywuObCyfYn1P3cOpl9rjPVfqp7P_YruM9ownw=s160-c-k-c0x00ffffff-no-rj",,"#keinginan
#menzet
#lingkungan","UCLumhm5dZ_lPhpCcaFB4bsQ","Apr 1, 2016",,"Muhamad Cali Pertanian","10","65102","https://www.youtube.com/channel/UCLumhm5dZ_lPhpCcaFB4bsQ",,"1","2024-09-07T00:00:00.000Z",,,"https://youtube.com/@mohamadcali8259/shorts","_p1SFnb9BhY",,"https://youtube.com/@mohamadcali8259/about","false","false",,"4",,"280","0",,,"https://i.ytimg.com/vi/_p1SFnb9BhY/oardefault.jpg?sqp=-oaymwEdCJUDENAFSFWQAgHyq4qpAwwIARUAAIhCcAHAAQY=&rs=AOn4CLDVegC6lHRmVFW7-FhjPPWW8OYq_g","Perjalan ke lembah Bumi Beringin Liat Buncis Elastis #petaniindonesia #petanimilenial #bintangasiA","shorts","https://youtube.com/shorts/_p1SFnb9BhY","530"
"https://yt3.googleusercontent.com/zjUWuG4XuifWv5wmxweKOlLSQdFZI_ozJFCAtywuObCyfYn1P3cOpl9rjPVfqp7P_YruM9ownw=s160-c-k-c0x00ffffff-no-rj",,"#keinginan
#menzet
#lingkungan","UCLumhm5dZ_lPhpCcaFB4bsQ","Apr 1, 2016",,"Muhamad Cali Pertanian","10","65102","https://www.youtube.com/channel/UCLumhm5dZ_lPhpCcaFB4bsQ",,"2","2024-07-05T00:00:00.000Z",,,"https://youtube.com/@mohamadcali8259/shorts","I4EQtImKCUw",,"https://youtube.com/@mohamadcali8259/about","false","false",,"2",,"280","6",,,"https://i.ytimg.com/vi/I4EQtImKCUw/oar2.jpg?sqp=-oaymwEdCJUDENAFSFWQAgHyq4qpAwwIARUAAIhCcAHAAQY=&rs=AOn4CLANSFt1EGUqaynspCcMIhefaJL0HQ","Semangka Inul #pertanian #petanimilenial #petaniindonesia #suksesbersamabintangasia #semangkainul","shorts","https://youtube.com/shorts/I4EQtImKCUw","54"
