﻿"attachments/0/__typename","attachments/0/animated_image/uri","attachments/0/blurred_image/uri","attachments/0/cix_screen","attachments/0/frame_count","attachments/0/frame_rate","attachments/0/frames_per_column","attachments/0/frames_per_row","attachments/0/id","attachments/0/image/height","attachments/0/image/uri","attachments/0/image/width","attachments/0/label","attachments/0/massive_image/height","attachments/0/massive_image/width","attachments/0/ocrText","attachments/0/pack/id","attachments/0/pack/name","attachments/0/sprite_image/uri","commentUrl","comments/0/commentUrl","comments/0/date","comments/0/feedbackId","comments/0/id","comments/0/likesCount","comments/0/parentComment/author/__typename","comments/0/parentComment/author/id","comments/0/parentComment/author/name","comments/0/parentComment/author/short_name","comments/0/parentComment/id","comments/0/profileId","comments/0/profileName","comments/0/profilePicture","comments/0/profileUrl","comments/0/replyToCommentId","comments/0/text","comments/0/threadingDepth","commentsCount","date","facebookId","facebookUrl","feedbackId","id","inputUrl","likesCount","pageAdLibrary/id","pageAdLibrary/is_business_page_active","pageAdLibrary/woodhenge_creator_info","parentComment/author/__typename","parentComment/author/id","parentComment/author/name","parentComment/author/short_name","parentComment/id","postTitle","profileId","profileName","profilePicture","profileUrl","replyToCommentId","text","threadingDepth"
,,,,,,,,,,,,,,,,,,,"https://www.facebook.com/reel/890089985925955/?comment_id=1504644337594686",,,,,,,,,,,,,,,,,,"2","2024-10-06T14:26:59.000Z","3327974667333495","https://www.facebook.com/reel/890089985925955/","ZmVlZGJhY2s6MzMyNzk3NDY2NzMzMzQ5NV8xNTA0NjQ0MzM3NTk0Njg2","Y29tbWVudDozMzI3OTc0NjY3MzMzNDk1XzE1MDQ2NDQzMzc1OTQ2ODY=","https://www.facebook.com/reel/890089985925955/","0","382095361647867",,,,,,,,"Merlin dan Jumbo berdampingan 
 #melon #watermelo #petani #petanimelon
 #petaniindonedia #petanimilenial
 Benih Citra Asia Bintang Asia 
#merlin #jumbo. Juned · Original audio","61557718940451","Erwin Erlan","https://scontent-lga3-2.xx.fbcdn.net/v/t39.30808-1/462186148_122155705808257298_1825613881314528285_n.jpg?stp=cp0_dst-jpg_s32x32&_nc_cat=100&ccb=1-7&_nc_sid=50d2ac&_nc_ohc=-MB_VILEiT0Q7kNvgEwXPxz&_nc_ht=scontent-lga3-2.xx&_nc_gid=Awz1dgJvyANWzaIm1c_xWSG&oh=00_AYD1oIXEk4D7UEq6YAvUYqBu0M7Ab9X7b_RNDNgE5IEXwA&oe=670960F4","https://www.facebook.com/people/Erwin-Erlan/61557718940451/",,"Lek embe taoqn tie bosku","0"
,,,,,,,,,,,,,,,,,,,"https://www.facebook.com/reel/890089985925955/?comment_id=1541533143214226",,,,,,,,,,,,,,,,,,"7","2024-10-06T01:00:35.000Z","3327974667333495","https://www.facebook.com/reel/890089985925955/","ZmVlZGJhY2s6MzMyNzk3NDY2NzMzMzQ5NV8xNTQxNTMzMTQzMjE0MjI2","Y29tbWVudDozMzI3OTc0NjY3MzMzNDk1XzE1NDE1MzMxNDMyMTQyMjY=","https://www.facebook.com/reel/890089985925955/","0","382095361647867",,,,,,,,"Merlin dan Jumbo berdampingan 
 #melon #watermelo #petani #petanimelon
 #petaniindonedia #petanimilenial
 Benih Citra Asia Bintang Asia 
#merlin #jumbo. Juned · Original audio","100051638506007","Andy Aqy","https://scontent-lga3-2.xx.fbcdn.net/v/t39.30808-1/331263950_725630559144907_8206996535198302033_n.jpg?stp=cp0_dst-jpg_s32x32&_nc_cat=101&ccb=1-7&_nc_sid=50d2ac&_nc_ohc=qq_sTRpDyvAQ7kNvgHghtRP&_nc_ht=scontent-lga3-2.xx&_nc_gid=Awz1dgJvyANWzaIm1c_xWSG&oh=00_AYCUvXwAmcADwJD9GYg5Soo2ofrJ2Wz0a9hNpsjoq919pw&oe=670967B6","https://www.facebook.com/andy.aqy.7",,"Si manis","0"
"Sticker","https://scontent-lga3-2.xx.fbcdn.net/v/t39.1997-6/105343556_953860578409633_6468337803980710969_n.webp?stp=dst-webp_s110x80&_nc_cat=1&ccb=1-7&_nc_sid=ba09c1&_nc_ohc=1FIRVrD8d-AQ7kNvgFs-yLl&_nc_ht=scontent-lga3-2.xx&_nc_gid=Awz1dgJvyANWzaIm1c_xWSG&oh=00_AYCFtT8vuT-4rEn3cb1ln-PdQ6ccfXM2LhVpFtSPpvurRg&oe=67096CFA",,,"15","83","4","4","529234054205623","80","https://scontent-lga3-2.xx.fbcdn.net/v/t39.1997-6/83640226_953860661742958_8297483048391664602_n.png?stp=cp0_dst-png_s110x80&_nc_cat=1&ccb=1-7&_nc_sid=23dd7b&_nc_ohc=60RwSvhAEisQ7kNvgG8tpE1&_nc_ht=scontent-lga3-2.xx&_nc_gid=Awz1dgJvyANWzaIm1c_xWSG&oh=00_AYBU8hq6XgoZCc0V_PLRfYfi7IBodZj2KfjnKJjKYvq4oQ&oe=67094CB7","80","An animated yellow left hand with thumb up.",,,,"516558918806470","Moodies","https://scontent-lga3-2.xx.fbcdn.net/v/t39.1997-6/105941685_953860581742966_1572841152382279834_n.png?stp=dst-png_p320x320&_nc_cat=1&ccb=1-7&_nc_sid=ba09c1&_nc_ohc=kvRAEtoDtsYQ7kNvgGEAh9W&_nc_ht=scontent-lga3-2.xx&_nc_gid=Awz1dgJvyANWzaIm1c_xWSG&oh=00_AYAD4anaxFlSvfzBbJb59fO6LXZpr0moQGfu5Iw4goxOag&oe=67093F82","https://www.facebook.com/reel/890089985925955/?comment_id=1002781698560087",,,,,,,,,,,,,,,,,,"1","2024-10-02T21:53:18.000Z","3327974667333495","https://www.facebook.com/reel/890089985925955/","ZmVlZGJhY2s6MzMyNzk3NDY2NzMzMzQ5NV8xMDAyNzgxNjk4NTYwMDg3","Y29tbWVudDozMzI3OTc0NjY3MzMzNDk1XzEwMDI3ODE2OTg1NjAwODc=","https://www.facebook.com/reel/890089985925955/","0","382095361647867",,,,,,,,"Merlin dan Jumbo berdampingan 
 #melon #watermelo #petani #petanimelon
 #petaniindonedia #petanimilenial
 Benih Citra Asia Bintang Asia 
#merlin #jumbo. Juned · Original audio","pfbid0SGvsGcAuqtcagAK4n8S5Y28Bugktzj2QnbARbUn78zCt9zDSvAR9u1XS44Q19WTUl","Opeq Bintang Asia","https://scontent-lga3-1.xx.fbcdn.net/v/t39.30808-1/440808755_122106493232287865_6230265854575499414_n.jpg?stp=cp0_dst-jpg_s32x32&_nc_cat=108&ccb=1-7&_nc_sid=0ecb9b&_nc_ohc=dY9sRwuLL3UQ7kNvgGQ2i3A&_nc_ht=scontent-lga3-1.xx&_nc_gid=Awz1dgJvyANWzaIm1c_xWSG&oh=00_AYDBBgO0qzQqnT4DfTxj76rXiDi7zgBtOHt9i4MmK-uurw&oe=67095A2E","https://www.facebook.com/people/Opeq-Bintang-Asia/pfbid0SGvsGcAuqtcagAK4n8S5Y28Bugktzj2QnbARbUn78zCt9zDSvAR9u1XS44Q19WTUl/",,"Semakin baik, semakin jelas, singkat dan padat","0"
"Photo",,"https://scontent-lga3-1.xx.fbcdn.net/v/t39.30808-6/461928071_562136756262671_1771187037668749354_n.jpg?stp=dst-jpg_fb30&_nc_cat=110&ccb=1-7&_nc_sid=bd9a62&_nc_ohc=DMU-4QfXo4YQ7kNvgEx4jEw&_nc_ht=scontent-lga3-1.xx&_nc_gid=Awz1dgJvyANWzaIm1c_xWSG&oh=00_AYA788RYRVNZ203taF3R__is0g3m6SvZNYrk63SUhd3dOw&oe=67094959",,,,,,"562136752929338","225","https://scontent-lga3-1.xx.fbcdn.net/v/t39.30808-6/461928071_562136756262671_1771187037668749354_n.jpg?stp=dst-jpg_p75x225&_nc_cat=110&ccb=1-7&_nc_sid=bd9a62&_nc_ohc=DMU-4QfXo4YQ7kNvgEx4jEw&_nc_ht=scontent-lga3-1.xx&_nc_gid=Awz1dgJvyANWzaIm1c_xWSG&oh=00_AYAty0hB6lB0u9JjLch0Eeoq7oMVC1Ry9mhxvHqFDuakkA&oe=67094959","203",,"796","718","May be an image of watermelon",,,,"https://www.facebook.com/reel/890089985925955/?comment_id=932996732208851",,,,,,,,,,,,,,,,,,"1","2024-10-03T09:42:30.000Z","3327974667333495","https://www.facebook.com/reel/890089985925955/","ZmVlZGJhY2s6MzMyNzk3NDY2NzMzMzQ5NV85MzI5OTY3MzIyMDg4NTE=","Y29tbWVudDozMzI3OTc0NjY3MzMzNDk1XzkzMjk5NjczMjIwODg1MQ==","https://www.facebook.com/reel/890089985925955/","0","382095361647867",,,,,,,,"Merlin dan Jumbo berdampingan 
 #melon #watermelo #petani #petanimelon
 #petaniindonedia #petanimilenial
 Benih Citra Asia Bintang Asia 
#merlin #jumbo. Juned · Original audio","100073990549657","Amak Nabil Nabil","https://scontent-lga3-2.xx.fbcdn.net/v/t39.30808-1/453405022_520012000475147_9199059732542343651_n.jpg?stp=c0.0.615.615a_cp0_dst-jpg_s32x32&_nc_cat=109&ccb=1-7&_nc_sid=50d2ac&_nc_ohc=vtHzl5hrYmMQ7kNvgGERJuP&_nc_ht=scontent-lga3-2.xx&_nc_gid=Awz1dgJvyANWzaIm1c_xWSG&oh=00_AYAK3IWbnY7ouHdFkOxfWxyce98sxOPqVUag_nPQ4kDekw&oe=67095BBD","https://www.facebook.com/people/Amak-Nabil-Nabil/100073990549657/",,"Ini melon saya mas mau dtng rvwiu.... Juned","0"
,,,,,,,,,,,,,,,,,,,"https://www.facebook.com/reel/890089985925955/?comment_id=1585773752335840",,,,,,,,,,,,,,,,,,"1","2024-10-02T11:13:40.000Z","3327974667333495","https://www.facebook.com/reel/890089985925955/","ZmVlZGJhY2s6MzMyNzk3NDY2NzMzMzQ5NV8xNTg1NzczNzUyMzM1ODQw","Y29tbWVudDozMzI3OTc0NjY3MzMzNDk1XzE1ODU3NzM3NTIzMzU4NDA=","https://www.facebook.com/reel/890089985925955/","0","382095361647867",,,,,,,,"Merlin dan Jumbo berdampingan 
 #melon #watermelo #petani #petanimelon
 #petaniindonedia #petanimilenial
 Benih Citra Asia Bintang Asia 
#merlin #jumbo. Juned · Original audio","100027482110036","Sabri Be Long","https://scontent-lga3-1.xx.fbcdn.net/v/t39.30808-1/462347498_1579779199614802_3857317760382783848_n.jpg?stp=cp0_dst-jpg_s32x32&_nc_cat=110&ccb=1-7&_nc_sid=50d2ac&_nc_ohc=YGK9SYLi-vgQ7kNvgFm_6Kp&_nc_ht=scontent-lga3-1.xx&_nc_gid=Awz1dgJvyANWzaIm1c_xWSG&oh=00_AYCT3YJoor4fwvk8iK7eSUAAPjFay49ZkIND9bvqRLR3bw&oe=6709718A","https://www.facebook.com/sabri.b.long",,"ksukahk tblz wa aran","0"
,,,,,,,,,,,,,,,,,,,"https://www.facebook.com/reel/1760908831312973/?comment_id=1214736336417298","https://www.facebook.com/reel/1760908831312973/?comment_id=1214736336417298&reply_comment_id=1909502182850741","2024-10-06T16:58:18.000Z","ZmVlZGJhY2s6MzMzMTYwODUzMDMwMzQ0Ml8xOTA5NTAyMTgyODUwNzQx","Y29tbWVudDozMzMxNjA4NTMwMzAzNDQyXzE5MDk1MDIxODI4NTA3NDE=","0","User","100011290660151","Sudarmaji","Sudarmaji","Y29tbWVudDozMzMxNjA4NTMwMzAzNDQyXzEyMTQ3MzYzMzY0MTcyOTg=","100003629835056","Juned","https://scontent.fyqr2-1.fna.fbcdn.net/v/t39.30808-1/461428209_3322997254497903_7230525068380943218_n.jpg?stp=cp0_dst-jpg_s32x32&_nc_cat=106&ccb=1-7&_nc_sid=50d2ac&_nc_ohc=i0qXMMnisbEQ7kNvgGn87cO&_nc_ht=scontent.fyqr2-1.fna&_nc_gid=A-OuAvM1NfvWNm_1pOa575K&oh=00_AYBCX5I2oeva_6ZTTkaxSIuXCU5UNyW4RYzF5l0HYWW5-A&oe=67094567","https://www.facebook.com/juned.82","Y29tbWVudDozMzMxNjA4NTMwMzAzNDQyXzEyMTQ3MzYzMzY0MTcyOTg=","Sudarmaji aman bosku, rencana besok mau di kroscek pengepul","1","1","2024-10-06T05:27:24.000Z","3331608530303442","https://www.facebook.com/reel/1760908831312973/","ZmVlZGJhY2s6MzMzMTYwODUzMDMwMzQ0Ml8xMjE0NzM2MzM2NDE3Mjk4","Y29tbWVudDozMzMxNjA4NTMwMzAzNDQyXzEyMTQ3MzYzMzY0MTcyOTg=","https://www.facebook.com/reel/1760908831312973/","0","382095361647867",,,,,,,,"Jumbo F1 
Dibuahkan sesuai kemampuan tanaman 
 #melon #watermelo
 #petani #petaniindonesia
 #vegetable
 #buah #buahsegar
 Bintang Asia Benih Citra Asia. the_noor_official_ · Original audio","100011290660151","Sudarmaji","https://scontent.fyqr2-1.fna.fbcdn.net/v/t39.30808-1/449214687_2094283937624608_2068013409066462426_n.jpg?stp=cp0_dst-jpg_s32x32&_nc_cat=100&ccb=1-7&_nc_sid=50d2ac&_nc_ohc=XNYnYFpbFLIQ7kNvgE0i4Uw&_nc_ht=scontent.fyqr2-1.fna&_nc_gid=A-OuAvM1NfvWNm_1pOa575K&oh=00_AYBmQZiNynokSrmXLcshdCB9iqUUhtryuBI5vDQ_e3cNNg&oe=6709523D","https://www.facebook.com/terompet.iblis.52",,"Gimana pasarannya jumbo","0"
,,,,,,,,,,,,,,,,,,,"https://www.facebook.com/reel/1000503468491795/?comment_id=569657672059774",,,,,,,,,,,,,,,,,,"4","2024-10-01T09:23:10.000Z","3326629910801304","https://www.facebook.com/reel/1000503468491795/","ZmVlZGJhY2s6MzMyNjYyOTkxMDgwMTMwNF81Njk2NTc2NzIwNTk3NzQ=","Y29tbWVudDozMzI2NjI5OTEwODAxMzA0XzU2OTY1NzY3MjA1OTc3NA==","https://www.facebook.com/reel/1000503468491795/","2","382095361647867",,,,,,,,"Cabai besar berbuah super lebat
 #cabe #tegar #petani #petaniindonesia #petanimilenial #petanimuda Bintang Asia Benih Citra Asia @sorotan #semuaorang. Juned · Original audio","pfbid02so41WuZAmDABNAQgT4AyyYkmQtAxpA94mqvs5zTkUx334bKvwToY6suDxcuVTvMZl","Nativo Nativo","https://scontent-mia3-2.xx.fbcdn.net/v/t39.30808-1/435696055_390777203838524_3576227262355508627_n.jpg?stp=c0.0.639.639a_cp0_dst-jpg_s32x32&_nc_cat=103&ccb=1-7&_nc_sid=0ecb9b&_nc_ohc=6M_fR3wHagMQ7kNvgFE5cVQ&_nc_ht=scontent-mia3-2.xx&_nc_gid=AgcEU0ssVtdUllCYgHdQGVt&oh=00_AYCbXFtrC_aGyRp8D_bGBJkn0eZ_C6nNjYZHX2hbWTyvHA&oe=67095E3C","https://www.facebook.com/people/Nativo-Nativo/pfbid02so41WuZAmDABNAQgT4AyyYkmQtAxpA94mqvs5zTkUx334bKvwToY6suDxcuVTvMZl/",,"Matep pak bos","0"
,,,,,,,,,,,,,,,,,,,"https://www.facebook.com/reel/1000503468491795/?comment_id=1596949477524750",,,,,,,,,,,,,,,,,,"2","2024-10-01T12:39:48.000Z","3326629910801304","https://www.facebook.com/reel/1000503468491795/","ZmVlZGJhY2s6MzMyNjYyOTkxMDgwMTMwNF8xNTk2OTQ5NDc3NTI0NzUw","Y29tbWVudDozMzI2NjI5OTEwODAxMzA0XzE1OTY5NDk0Nzc1MjQ3NTA=","https://www.facebook.com/reel/1000503468491795/","0","382095361647867",,,,,,,,"Cabai besar berbuah super lebat
 #cabe #tegar #petani #petaniindonesia #petanimilenial #petanimuda Bintang Asia Benih Citra Asia @sorotan #semuaorang. Juned · Original audio","pfbid0tLBK5tZ6nGWQq3xvf91BYvUf9bQ5XgHMLgravEcPhvcP5pkgKvUMWgGY8sPmEsAil","Sain Muhammad Alfian","https://scontent-mia3-2.xx.fbcdn.net/v/t39.30808-1/452236782_1430351004343236_429209480021872887_n.jpg?stp=cp0_dst-jpg_s32x32&_nc_cat=109&ccb=1-7&_nc_sid=0ecb9b&_nc_ohc=wCvoKhBIjHkQ7kNvgGPjOum&_nc_ht=scontent-mia3-2.xx&_nc_gid=AgcEU0ssVtdUllCYgHdQGVt&oh=00_AYCANVAb3fZAv6AVPWdScDonEl-__1-9_qCV0eR48hPIaA&oe=67095FAA","https://www.facebook.com/people/Sain-Muhammad-Alfian/pfbid0tLBK5tZ6nGWQq3xvf91BYvUf9bQ5XgHMLgravEcPhvcP5pkgKvUMWgGY8sPmEsAil/",,"Toppp","0"
,,,,,,,,,,,,,,,,,,,"https://www.facebook.com/reel/1000503468491795/?comment_id=1599741100933823",,,,,,,,,,,,,,,,,,,"2024-10-01T10:27:52.000Z","3326629910801304","https://www.facebook.com/reel/1000503468491795/","ZmVlZGJhY2s6MzMyNjYyOTkxMDgwMTMwNF8xNTk5NzQxMTAwOTMzODIz","Y29tbWVudDozMzI2NjI5OTEwODAxMzA0XzE1OTk3NDExMDA5MzM4MjM=","https://www.facebook.com/reel/1000503468491795/","0","382095361647867",,,,,,,,"Cabai besar berbuah super lebat
 #cabe #tegar #petani #petaniindonesia #petanimilenial #petanimuda Bintang Asia Benih Citra Asia @sorotan #semuaorang. Juned · Original audio","100077359835826","BundaGio","https://scontent-mia3-1.xx.fbcdn.net/v/t39.30808-1/449373508_519856433936347_1390191262794829360_n.jpg?stp=cp0_dst-jpg_s32x32&_nc_cat=108&ccb=1-7&_nc_sid=50d2ac&_nc_ohc=XohnSwmXT0YQ7kNvgHoTvr3&_nc_ht=scontent-mia3-1.xx&_nc_gid=AgcEU0ssVtdUllCYgHdQGVt&oh=00_AYCWoBtY7nd2oVx5QbBhwMLUP2Jn4DuMGGN1mq02kjendQ&oe=670961F7","https://www.facebook.com/people/BundaGio/100077359835826/",,"Ya Allahh.. Super pak bos.. Klu  boleh di  spiil obat,, annya  apa ini","0"
,,,,,,,,,,,,,,,,,,,"https://www.facebook.com/reel/1000503468491795/?comment_id=1220163189252893",,,,,,,,,,,,,,,,,,"1","2024-10-01T11:45:41.000Z","3326629910801304","https://www.facebook.com/reel/1000503468491795/","ZmVlZGJhY2s6MzMyNjYyOTkxMDgwMTMwNF8xMjIwMTYzMTg5MjUyODkz","Y29tbWVudDozMzI2NjI5OTEwODAxMzA0XzEyMjAxNjMxODkyNTI4OTM=","https://www.facebook.com/reel/1000503468491795/","0","382095361647867",,,,,,,,"Cabai besar berbuah super lebat
 #cabe #tegar #petani #petaniindonesia #petanimilenial #petanimuda Bintang Asia Benih Citra Asia @sorotan #semuaorang. Juned · Original audio","pfbid02f1Wui2YYySG9edH7Y2hxRyKyaTFR2KLCJ4d6vevQCw7bVhN3ivjD8iBNaZTjKs15l","Anggun Bestari","https://scontent-mia3-2.xx.fbcdn.net/v/t39.30808-1/455019315_486139390790624_5524810797188503623_n.jpg?stp=cp0_dst-jpg_p32x32&_nc_cat=105&ccb=1-7&_nc_sid=0ecb9b&_nc_ohc=IgMFq2nKurwQ7kNvgELtPLG&_nc_ht=scontent-mia3-2.xx&_nc_gid=AgcEU0ssVtdUllCYgHdQGVt&oh=00_AYAXx-Po54-_PGrM7fDO6-ujLdh8L7RG7eEXAeGGsOKZNA&oe=67094BF7","https://www.facebook.com/people/Anggun-Bestari/pfbid02f1Wui2YYySG9edH7Y2hxRyKyaTFR2KLCJ4d6vevQCw7bVhN3ivjD8iBNaZTjKs15l/",,"Mantap jiwa pak junut,,palgi lok panen trus dilmpar ke KLU lbh mantp lagi  😀😀","0"
,,,,,,,,,,,,,,,,,,,"https://www.facebook.com/reel/1000503468491795/?comment_id=1648807552649368",,,,,,,,,,,,,,,,,,,"2024-10-01T10:26:39.000Z","3326629910801304","https://www.facebook.com/reel/1000503468491795/","ZmVlZGJhY2s6MzMyNjYyOTkxMDgwMTMwNF8xNjQ4ODA3NTUyNjQ5MzY4","Y29tbWVudDozMzI2NjI5OTEwODAxMzA0XzE2NDg4MDc1NTI2NDkzNjg=","https://www.facebook.com/reel/1000503468491795/","0","382095361647867",,,,,,,,"Cabai besar berbuah super lebat
 #cabe #tegar #petani #petaniindonesia #petanimilenial #petanimuda Bintang Asia Benih Citra Asia @sorotan #semuaorang. Juned · Original audio","100024587768018","Lalo Ngaro","https://scontent-mia3-1.xx.fbcdn.net/v/t39.30808-1/366616414_1481515116011400_7205419574331035563_n.jpg?stp=c0.0.540.540a_cp0_dst-jpg_s32x32&_nc_cat=106&ccb=1-7&_nc_sid=50d2ac&_nc_ohc=8CGOH2VgYX8Q7kNvgEmeI1U&_nc_ht=scontent-mia3-1.xx&_nc_gid=AgcEU0ssVtdUllCYgHdQGVt&oh=00_AYDVrlu0JbYWMqi2cHounPQCxS0I4bMr55lIJ6IQj29FbA&oe=67093C56","https://www.facebook.com/lalo.ngaro.94",,"Lk mbe tie?","0"
,,,,,,,,,,,,,,,,,,,"https://www.facebook.com/reel/1743067643134008/?comment_id=1045949760161521",,,,,,,,,,,,,,,,,,,"2024-10-05T18:17:38.000Z","3330408273756801","https://www.facebook.com/reel/1743067643134008/","ZmVlZGJhY2s6MzMzMDQwODI3Mzc1NjgwMV8xMDQ1OTQ5NzYwMTYxNTIx","Y29tbWVudDozMzMwNDA4MjczNzU2ODAxXzEwNDU5NDk3NjAxNjE1MjE=","https://www.facebook.com/reel/1743067643134008/","0","382095361647867",,,,,,,,"Pemasangan ajir tanaman 
Cabe keriting CKTV9 F1 

 #cabe
#petani
 #petaniindonesia #petanimilenial
 #cktav9
Bintang Asia Benih Citra Asia. Juned · Original audio","pfbid029ieHN6FMRAYitT58Xb4wPqwdb5D95X8qu7fAjomJMvgHVS3w4X3mb5EvQHsfbkcil","Andi Widodo","https://scontent.fdet1-1.fna.fbcdn.net/v/t39.30808-1/452436985_122103043556423705_5388438928013356746_n.jpg?stp=cp0_dst-jpg_s32x32&_nc_cat=103&ccb=1-7&_nc_sid=0ecb9b&_nc_ohc=OKRFgt_v1AUQ7kNvgGV-9nD&_nc_ht=scontent.fdet1-1.fna&_nc_gid=AMfccdvO7LJVuFMBKtp7nhu&oh=00_AYAdLKqAGaFsohIKKWAT670R-LmV9K7VcPBRYmK6jZUzEw&oe=6709550B","https://www.facebook.com/people/Andi-Widodo/pfbid029ieHN6FMRAYitT58Xb4wPqwdb5D95X8qu7fAjomJMvgHVS3w4X3mb5EvQHsfbkcil/",,"matap meton","0"
,,,,,,,,,,,,,,,,,,,"https://www.facebook.com/reel/890089985925955/?comment_id=1504644337594686&reply_comment_id=420722727724868",,,,,,,,,,,,,,,,,,"1","2024-10-06T17:13:06.000Z","3327974667333495","https://www.facebook.com/reel/890089985925955/","ZmVlZGJhY2s6MzMyNzk3NDY2NzMzMzQ5NV80MjA3MjI3Mjc3MjQ4Njg=","Y29tbWVudDozMzI3OTc0NjY3MzMzNDk1XzQyMDcyMjcyNzcyNDg2OA==","https://www.facebook.com/reel/890089985925955/","0","382095361647867",,,"User","61557718940451","Erwin Erlan","Erwin","Y29tbWVudDozMzI3OTc0NjY3MzMzNDk1XzE1MDQ2NDQzMzc1OTQ2ODY=","Merlin dan Jumbo berdampingan 
 #melon #watermelo #petani #petanimelon
 #petaniindonedia #petanimilenial
 Benih Citra Asia Bintang Asia 
#merlin #jumbo. Juned · Original audio","100003629835056","Juned","https://scontent.fifo4-1.fna.fbcdn.net/v/t39.30808-1/461428209_3322997254497903_7230525068380943218_n.jpg?stp=cp0_dst-jpg_s32x32&_nc_cat=106&ccb=1-7&_nc_sid=50d2ac&_nc_ohc=i0qXMMnisbEQ7kNvgFYZzV9&_nc_ht=scontent.fifo4-1.fna&_nc_gid=AgT3aW5BAYhx_dtwH809qzv&oh=00_AYCaVhQFC-KbKEw9hEIZiP4wRD2xGZFX4c8O8-PicpRtJQ&oe=67094567","https://www.facebook.com/juned.82","Y29tbWVudDozMzI3OTc0NjY3MzMzNDk1XzE1MDQ2NDQzMzc1OTQ2ODY=","Erwin Erlan melem aran warang","1"
,,,,,,,,,,,,,,,,,,,"https://www.facebook.com/reel/890089985925955/?comment_id=1504644337594686&reply_comment_id=507702122040620",,,,,,,,,,,,,,,,,,,"2024-10-06T22:04:25.000Z","3327974667333495","https://www.facebook.com/reel/890089985925955/","ZmVlZGJhY2s6MzMyNzk3NDY2NzMzMzQ5NV81MDc3MDIxMjIwNDA2MjA=","Y29tbWVudDozMzI3OTc0NjY3MzMzNDk1XzUwNzcwMjEyMjA0MDYyMA==","https://www.facebook.com/reel/890089985925955/","0","382095361647867",,,"User","61557718940451","Erwin Erlan","Erwin","Y29tbWVudDozMzI3OTc0NjY3MzMzNDk1XzE1MDQ2NDQzMzc1OTQ2ODY=","Merlin dan Jumbo berdampingan 
 #melon #watermelo #petani #petanimelon
 #petaniindonedia #petanimilenial
 Benih Citra Asia Bintang Asia 
#merlin #jumbo. Juned · Original audio","61557718940451","Erwin Erlan","https://scontent.fifo4-1.fna.fbcdn.net/v/t39.30808-1/462186148_122155705808257298_1825613881314528285_n.jpg?stp=cp0_dst-jpg_s32x32&_nc_cat=100&ccb=1-7&_nc_sid=50d2ac&_nc_ohc=-MB_VILEiT0Q7kNvgEn6EFc&_nc_ht=scontent.fifo4-1.fna&_nc_gid=AgT3aW5BAYhx_dtwH809qzv&oh=00_AYDDc0rKSzTHCjbPWH9gb-frOBbEVDXNsoS12rc5MUpfzw&oe=670960F4","https://www.facebook.com/people/Erwin-Erlan/61557718940451/","Y29tbWVudDozMzI3OTc0NjY3MzMzNDk1XzE1MDQ2NDQzMzc1OTQ2ODY=","Juned mileng Mun rapet","2"
,,,,,,,,,,,,,,,,,,,"https://www.facebook.com/reel/890089985925955/?comment_id=1585773752335840&reply_comment_id=518833214077587",,,,,,,,,,,,,,,,,,,"2024-10-02T11:18:04.000Z","3327974667333495","https://www.facebook.com/reel/890089985925955/","ZmVlZGJhY2s6MzMyNzk3NDY2NzMzMzQ5NV81MTg4MzMyMTQwNzc1ODc=","Y29tbWVudDozMzI3OTc0NjY3MzMzNDk1XzUxODgzMzIxNDA3NzU4Nw==","https://www.facebook.com/reel/890089985925955/","0","382095361647867",,,"User","100027482110036","Sabri Be Long","Sabri","Y29tbWVudDozMzI3OTc0NjY3MzMzNDk1XzE1ODU3NzM3NTIzMzU4NDA=","Merlin dan Jumbo berdampingan 
 #melon #watermelo #petani #petanimelon
 #petaniindonedia #petanimilenial
 Benih Citra Asia Bintang Asia 
#merlin #jumbo. Juned · Original audio","100003629835056","Juned","https://scontent.ford4-1.fna.fbcdn.net/v/t39.30808-1/461428209_3322997254497903_7230525068380943218_n.jpg?stp=cp0_dst-jpg_s32x32&_nc_cat=106&ccb=1-7&_nc_sid=50d2ac&_nc_ohc=i0qXMMnisbEQ7kNvgHo6kL0&_nc_ht=scontent.ford4-1.fna&_nc_gid=A37uQ77OhBmI0G3vhRZcL6T&oh=00_AYBvjgvvASCa4K2hP2cYHvSK6l9lWQYJHierk5hFpCi39A&oe=67094567","https://www.facebook.com/juned.82","Y29tbWVudDozMzI3OTc0NjY3MzMzNDk1XzE1ODU3NzM3NTIzMzU4NDA=","Sabri Be Long Asiap bosku","1"
,,,,,,,,,,,,,,,,,,,"https://www.facebook.com/reel/890089985925955/?comment_id=1002781698560087&reply_comment_id=551371367445136",,,,,,,,,,,,,,,,,,,"2024-10-03T00:52:56.000Z","3327974667333495","https://www.facebook.com/reel/890089985925955/","ZmVlZGJhY2s6MzMyNzk3NDY2NzMzMzQ5NV81NTEzNzEzNjc0NDUxMzY=","Y29tbWVudDozMzI3OTc0NjY3MzMzNDk1XzU1MTM3MTM2NzQ0NTEzNg==","https://www.facebook.com/reel/890089985925955/","0","382095361647867",,,"User","pfbid0SGvsGcAuqtcagAK4n8S5Y28Bugktzj2QnbARbUn78zCt9zDSvAR9u1XS44Q19WTUl","Opeq Bintang Asia","Opeq","Y29tbWVudDozMzI3OTc0NjY3MzMzNDk1XzEwMDI3ODE2OTg1NjAwODc=","Merlin dan Jumbo berdampingan 
 #melon #watermelo #petani #petanimelon
 #petaniindonedia #petanimilenial
 Benih Citra Asia Bintang Asia 
#merlin #jumbo. Juned · Original audio","100003629835056","Juned","https://scontent-lga3-1.xx.fbcdn.net/v/t39.30808-1/461428209_3322997254497903_7230525068380943218_n.jpg?stp=cp0_dst-jpg_s32x32&_nc_cat=106&ccb=1-7&_nc_sid=50d2ac&_nc_ohc=i0qXMMnisbEQ7kNvgGozlrq&_nc_ht=scontent-lga3-1.xx&_nc_gid=A6-t0YAcgaDE4ZLE_TOCLtM&oh=00_AYC7-lhX9RW2oVFzsKF0paQ4X_bxeDdGsc4yKmOij_h5Gw&oe=67094567","https://www.facebook.com/juned.82","Y29tbWVudDozMzI3OTc0NjY3MzMzNDk1XzEwMDI3ODE2OTg1NjAwODc=","Opeq Bintang Asia terima kasih banyak atas support yang berkelanjutan","1"
,,,,,,,,,,,,,,,,,,,"https://www.facebook.com/reel/1000503468491795/?comment_id=569657672059774&reply_comment_id=925319266117600",,,,,,,,,,,,,,,,,,"3","2024-10-01T10:12:05.000Z","3326629910801304","https://www.facebook.com/reel/1000503468491795/","ZmVlZGJhY2s6MzMyNjYyOTkxMDgwMTMwNF85MjUzMTkyNjYxMTc2MDA=","Y29tbWVudDozMzI2NjI5OTEwODAxMzA0XzkyNTMxOTI2NjExNzYwMA==","https://www.facebook.com/reel/1000503468491795/","0","382095361647867",,,"User","pfbid02so41WuZAmDABNAQgT4AyyYkmQtAxpA94mqvs5zTkUx334bKvwToY6suDxcuVTvMZl","Nativo Nativo","Nativo","Y29tbWVudDozMzI2NjI5OTEwODAxMzA0XzU2OTY1NzY3MjA1OTc3NA==","Cabai besar berbuah super lebat
 #cabe #tegar #petani #petaniindonesia #petanimilenial #petanimuda Bintang Asia Benih Citra Asia @sorotan #semuaorang. Juned · Original audio","100003629835056","Juned","https://scontent-bos5-1.xx.fbcdn.net/v/t39.30808-1/461428209_3322997254497903_7230525068380943218_n.jpg?stp=cp0_dst-jpg_s32x32&_nc_cat=106&ccb=1-7&_nc_sid=50d2ac&_nc_ohc=i0qXMMnisbEQ7kNvgGYPQOb&_nc_ht=scontent-bos5-1.xx&_nc_gid=AQukwbDbhZqSOSh_f8sWK7M&oh=00_AYAVOOexWS4oQ0myDQJWyi2rQ8oYIHTwqOpBruDalkewYQ&oe=67094567","https://www.facebook.com/juned.82","Y29tbWVudDozMzI2NjI5OTEwODAxMzA0XzU2OTY1NzY3MjA1OTc3NA==","Nativo Nativo terima kasih atas supportnya bos ku","1"
,,,,,,,,,,,,,,,,,,,"https://www.facebook.com/reel/1000503468491795/?comment_id=569657672059774&reply_comment_id=1297805895001656",,,,,,,,,,,,,,,,,,,"2024-10-01T10:39:34.000Z","3326629910801304","https://www.facebook.com/reel/1000503468491795/","ZmVlZGJhY2s6MzMyNjYyOTkxMDgwMTMwNF8xMjk3ODA1ODk1MDAxNjU2","Y29tbWVudDozMzI2NjI5OTEwODAxMzA0XzEyOTc4MDU4OTUwMDE2NTY=","https://www.facebook.com/reel/1000503468491795/","1","382095361647867",,,"User","pfbid02so41WuZAmDABNAQgT4AyyYkmQtAxpA94mqvs5zTkUx334bKvwToY6suDxcuVTvMZl","Nativo Nativo","Nativo","Y29tbWVudDozMzI2NjI5OTEwODAxMzA0XzU2OTY1NzY3MjA1OTc3NA==","Cabai besar berbuah super lebat
 #cabe #tegar #petani #petaniindonesia #petanimilenial #petanimuda Bintang Asia Benih Citra Asia @sorotan #semuaorang. Juned · Original audio","pfbid02so41WuZAmDABNAQgT4AyyYkmQtAxpA94mqvs5zTkUx334bKvwToY6suDxcuVTvMZl","Nativo Nativo","https://scontent-bos5-1.xx.fbcdn.net/v/t39.30808-1/435696055_390777203838524_3576227262355508627_n.jpg?stp=c0.0.639.639a_cp0_dst-jpg_s32x32&_nc_cat=103&ccb=1-7&_nc_sid=0ecb9b&_nc_ohc=6M_fR3wHagMQ7kNvgHvPcZv&_nc_ht=scontent-bos5-1.xx&_nc_gid=AQukwbDbhZqSOSh_f8sWK7M&oh=00_AYCLaQAyw1aOHf2DF6HqlJIbliWD8C0IIkycFVjclX44Yw&oe=67095E3C","https://www.facebook.com/people/Nativo-Nativo/pfbid02so41WuZAmDABNAQgT4AyyYkmQtAxpA94mqvs5zTkUx334bKvwToY6suDxcuVTvMZl/","Y29tbWVudDozMzI2NjI5OTEwODAxMzA0XzU2OTY1NzY3MjA1OTc3NA==","Juned tyng masih dk wah beralih bibit ttp prduk bintang asian doang mun tang tlet.","2"
,,,,,,,,,,,,,,,,,,,"https://www.facebook.com/reel/1000503468491795/?comment_id=569657672059774&reply_comment_id=1560045458221666",,,,,,,,,,,,,,,,,,,"2024-10-01T10:49:11.000Z","3326629910801304","https://www.facebook.com/reel/1000503468491795/","ZmVlZGJhY2s6MzMyNjYyOTkxMDgwMTMwNF8xNTYwMDQ1NDU4MjIxNjY2","Y29tbWVudDozMzI2NjI5OTEwODAxMzA0XzE1NjAwNDU0NTgyMjE2NjY=","https://www.facebook.com/reel/1000503468491795/","0","382095361647867",,,"User","pfbid02so41WuZAmDABNAQgT4AyyYkmQtAxpA94mqvs5zTkUx334bKvwToY6suDxcuVTvMZl","Nativo Nativo","Nativo","Y29tbWVudDozMzI2NjI5OTEwODAxMzA0XzU2OTY1NzY3MjA1OTc3NA==","Cabai besar berbuah super lebat
 #cabe #tegar #petani #petaniindonesia #petanimilenial #petanimuda Bintang Asia Benih Citra Asia @sorotan #semuaorang. Juned · Original audio","100003629835056","Juned","https://scontent-bos5-1.xx.fbcdn.net/v/t39.30808-1/461428209_3322997254497903_7230525068380943218_n.jpg?stp=cp0_dst-jpg_s32x32&_nc_cat=106&ccb=1-7&_nc_sid=50d2ac&_nc_ohc=i0qXMMnisbEQ7kNvgGYPQOb&_nc_ht=scontent-bos5-1.xx&_nc_gid=AQukwbDbhZqSOSh_f8sWK7M&oh=00_AYAVOOexWS4oQ0myDQJWyi2rQ8oYIHTwqOpBruDalkewYQ&oe=67094567","https://www.facebook.com/juned.82","Y29tbWVudDozMzI2NjI5OTEwODAxMzA0XzU2OTY1NzY3MjA1OTc3NA==","Nativo Nativo Alhamdulillah semoga tetap Istiqomah menggunakan produk Bintang asiA","2"
,,,,,,,,,,,,,,,,,,,"https://www.facebook.com/reel/1000503468491795/?comment_id=569657672059774&reply_comment_id=1055468936258010",,,,,,,,,,,,,,,,,,,"2024-10-01T12:06:10.000Z","3326629910801304","https://www.facebook.com/reel/1000503468491795/","ZmVlZGJhY2s6MzMyNjYyOTkxMDgwMTMwNF8xMDU1NDY4OTM2MjU4MDEw","Y29tbWVudDozMzI2NjI5OTEwODAxMzA0XzEwNTU0Njg5MzYyNTgwMTA=","https://www.facebook.com/reel/1000503468491795/","0","382095361647867",,,"User","pfbid02so41WuZAmDABNAQgT4AyyYkmQtAxpA94mqvs5zTkUx334bKvwToY6suDxcuVTvMZl","Nativo Nativo","Nativo","Y29tbWVudDozMzI2NjI5OTEwODAxMzA0XzU2OTY1NzY3MjA1OTc3NA==","Cabai besar berbuah super lebat
 #cabe #tegar #petani #petaniindonesia #petanimilenial #petanimuda Bintang Asia Benih Citra Asia @sorotan #semuaorang. Juned · Original audio","pfbid02so41WuZAmDABNAQgT4AyyYkmQtAxpA94mqvs5zTkUx334bKvwToY6suDxcuVTvMZl","Nativo Nativo","https://scontent-bos5-1.xx.fbcdn.net/v/t39.30808-1/435696055_390777203838524_3576227262355508627_n.jpg?stp=c0.0.639.639a_cp0_dst-jpg_s32x32&_nc_cat=103&ccb=1-7&_nc_sid=0ecb9b&_nc_ohc=6M_fR3wHagMQ7kNvgHvPcZv&_nc_ht=scontent-bos5-1.xx&_nc_gid=AQukwbDbhZqSOSh_f8sWK7M&oh=00_AYCLaQAyw1aOHf2DF6HqlJIbliWD8C0IIkycFVjclX44Yw&oe=67095E3C","https://www.facebook.com/people/Nativo-Nativo/pfbid02so41WuZAmDABNAQgT4AyyYkmQtAxpA94mqvs5zTkUx334bKvwToY6suDxcuVTvMZl/","Y29tbWVudDozMzI2NjI5OTEwODAxMzA0XzU2OTY1NzY3MjA1OTc3NA==","Juned wah dteng pak kolis jok lokasi tiyang wik..","2"
,,,,,,,,,,,,,,,,,,,"https://www.facebook.com/reel/890089985925955/?comment_id=932996732208851&reply_comment_id=1507564519956311",,,,,,,,,,,,,,,,,,,"2024-10-03T09:47:51.000Z","3327974667333495","https://www.facebook.com/reel/890089985925955/","ZmVlZGJhY2s6MzMyNzk3NDY2NzMzMzQ5NV8xNTA3NTY0NTE5OTU2MzEx","Y29tbWVudDozMzI3OTc0NjY3MzMzNDk1XzE1MDc1NjQ1MTk5NTYzMTE=","https://www.facebook.com/reel/890089985925955/","0","382095361647867",,,"User","100073990549657","Amak Nabil Nabil","Amak Nabil","Y29tbWVudDozMzI3OTc0NjY3MzMzNDk1XzkzMjk5NjczMjIwODg1MQ==","Merlin dan Jumbo berdampingan 
 #melon #watermelo #petani #petanimelon
 #petaniindonedia #petanimilenial
 Benih Citra Asia Bintang Asia 
#merlin #jumbo. Juned · Original audio","100003629835056","Juned","https://scontent-atl3-1.xx.fbcdn.net/v/t39.30808-1/461428209_3322997254497903_7230525068380943218_n.jpg?stp=cp0_dst-jpg_s32x32&_nc_cat=106&ccb=1-7&_nc_sid=50d2ac&_nc_ohc=i0qXMMnisbEQ7kNvgEnSaJq&_nc_ht=scontent-atl3-1.xx&_nc_gid=ABPxIXCTrcbL-IOQOn4ZLmZ&oh=00_AYDOQqoW4Vq-QwODGZNdXcj6GZHsuzTMmAHdnXOPZE8YAA&oe=67094567","https://www.facebook.com/juned.82","Y29tbWVudDozMzI3OTc0NjY3MzMzNDk1XzkzMjk5NjczMjIwODg1MQ==","Amak Nabil Nabil semangat terus bertani melon bosku","1"
,,,,,,,,,,,,,,,,,,,"https://www.facebook.com/reel/890089985925955/?comment_id=1541533143214226&reply_comment_id=2118643571885760",,,,,,,,,,,,,,,,,,"6","2024-10-06T01:03:40.000Z","3327974667333495","https://www.facebook.com/reel/890089985925955/","ZmVlZGJhY2s6MzMyNzk3NDY2NzMzMzQ5NV8yMTE4NjQzNTcxODg1NzYw","Y29tbWVudDozMzI3OTc0NjY3MzMzNDk1XzIxMTg2NDM1NzE4ODU3NjA=","https://www.facebook.com/reel/890089985925955/","0","382095361647867",,,"User","100051638506007","Andy Aqy","Andy","Y29tbWVudDozMzI3OTc0NjY3MzMzNDk1XzE1NDE1MzMxNDMyMTQyMjY=","Merlin dan Jumbo berdampingan 
 #melon #watermelo #petani #petanimelon
 #petaniindonedia #petanimilenial
 Benih Citra Asia Bintang Asia 
#merlin #jumbo. Juned · Original audio","100003629835056","Juned","https://scontent.fssz1-1.fna.fbcdn.net/v/t39.30808-1/461428209_3322997254497903_7230525068380943218_n.jpg?stp=cp0_dst-jpg_s32x32&_nc_cat=106&ccb=1-7&_nc_sid=50d2ac&_nc_ohc=i0qXMMnisbEQ7kNvgHHSblg&_nc_ht=scontent.fssz1-1.fna&_nc_gid=AlXQjLfu59jFPXqcmtx0_Ur&oh=00_AYBQdCNaEnTpXDnohiT-S8Xeiiyct6NPUMHwlDdFKPThzw&oe=67094567","https://www.facebook.com/juned.82","Y29tbWVudDozMzI3OTc0NjY3MzMzNDk1XzE1NDE1MzMxNDMyMTQyMjY=","Andy Aqy super manis","1"
,,,,,,,,,,,,,,,,,,,"https://www.facebook.com/reel/890089985925955/?comment_id=1541533143214226&reply_comment_id=558611159894317",,,,,,,,,,,,,,,,,,,"2024-10-06T01:05:30.000Z","3327974667333495","https://www.facebook.com/reel/890089985925955/","ZmVlZGJhY2s6MzMyNzk3NDY2NzMzMzQ5NV81NTg2MTExNTk4OTQzMTc=","Y29tbWVudDozMzI3OTc0NjY3MzMzNDk1XzU1ODYxMTE1OTg5NDMxNw==","https://www.facebook.com/reel/890089985925955/","0","382095361647867",,,"User","100051638506007","Andy Aqy","Andy","Y29tbWVudDozMzI3OTc0NjY3MzMzNDk1XzE1NDE1MzMxNDMyMTQyMjY=","Merlin dan Jumbo berdampingan 
 #melon #watermelo #petani #petanimelon
 #petaniindonedia #petanimilenial
 Benih Citra Asia Bintang Asia 
#merlin #jumbo. Juned · Original audio","100051638506007","Andy Aqy","https://scontent.fssz1-1.fna.fbcdn.net/v/t39.30808-1/331263950_725630559144907_8206996535198302033_n.jpg?stp=cp0_dst-jpg_s32x32&_nc_cat=101&ccb=1-7&_nc_sid=50d2ac&_nc_ohc=qq_sTRpDyvAQ7kNvgE7rcCy&_nc_ht=scontent.fssz1-1.fna&_nc_gid=AlXQjLfu59jFPXqcmtx0_Ur&oh=00_AYAdYW6YGWTv4gBZxP_OG-za0Pgn_uMZNEm3M4TrHKwPnA&oe=670967B6","https://www.facebook.com/andy.aqy.7","Y29tbWVudDozMzI3OTc0NjY3MzMzNDk1XzE1NDE1MzMxNDMyMTQyMjY=","Juned mbe taokn penanaman tie","2"
,,,,,,,,,,,,,,,,,,,"https://www.facebook.com/reel/890089985925955/?comment_id=1541533143214226&reply_comment_id=1043295500594118",,,,,,,,,,,,,,,,,,,"2024-10-06T01:06:37.000Z","3327974667333495","https://www.facebook.com/reel/890089985925955/","ZmVlZGJhY2s6MzMyNzk3NDY2NzMzMzQ5NV8xMDQzMjk1NTAwNTk0MTE4","Y29tbWVudDozMzI3OTc0NjY3MzMzNDk1XzEwNDMyOTU1MDA1OTQxMTg=","https://www.facebook.com/reel/890089985925955/","0","382095361647867",,,"User","100051638506007","Andy Aqy","Andy","Y29tbWVudDozMzI3OTc0NjY3MzMzNDk1XzE1NDE1MzMxNDMyMTQyMjY=","Merlin dan Jumbo berdampingan 
 #melon #watermelo #petani #petanimelon
 #petaniindonedia #petanimilenial
 Benih Citra Asia Bintang Asia 
#merlin #jumbo. Juned · Original audio","100003629835056","Juned","https://scontent.fssz1-1.fna.fbcdn.net/v/t39.30808-1/461428209_3322997254497903_7230525068380943218_n.jpg?stp=cp0_dst-jpg_s32x32&_nc_cat=106&ccb=1-7&_nc_sid=50d2ac&_nc_ohc=i0qXMMnisbEQ7kNvgHHSblg&_nc_ht=scontent.fssz1-1.fna&_nc_gid=AlXQjLfu59jFPXqcmtx0_Ur&oh=00_AYBQdCNaEnTpXDnohiT-S8Xeiiyct6NPUMHwlDdFKPThzw&oe=67094567","https://www.facebook.com/juned.82","Y29tbWVudDozMzI3OTc0NjY3MzMzNDk1XzE1NDE1MzMxNDMyMTQyMjY=","Andy Aqy Darmaji kopang","2"
,,,,,,,,,,,,,,,,,,,"https://www.facebook.com/reel/890089985925955/?comment_id=1541533143214226&reply_comment_id=900310858661268",,,,,,,,,,,,,,,,,,,"2024-10-06T01:07:24.000Z","3327974667333495","https://www.facebook.com/reel/890089985925955/","ZmVlZGJhY2s6MzMyNzk3NDY2NzMzMzQ5NV85MDAzMTA4NTg2NjEyNjg=","Y29tbWVudDozMzI3OTc0NjY3MzMzNDk1XzkwMDMxMDg1ODY2MTI2OA==","https://www.facebook.com/reel/890089985925955/","0","382095361647867",,,"User","100051638506007","Andy Aqy","Andy","Y29tbWVudDozMzI3OTc0NjY3MzMzNDk1XzE1NDE1MzMxNDMyMTQyMjY=","Merlin dan Jumbo berdampingan 
 #melon #watermelo #petani #petanimelon
 #petaniindonedia #petanimilenial
 Benih Citra Asia Bintang Asia 
#merlin #jumbo. Juned · Original audio","100051638506007","Andy Aqy","https://scontent.fssz1-1.fna.fbcdn.net/v/t39.30808-1/331263950_725630559144907_8206996535198302033_n.jpg?stp=cp0_dst-jpg_s32x32&_nc_cat=101&ccb=1-7&_nc_sid=50d2ac&_nc_ohc=qq_sTRpDyvAQ7kNvgE7rcCy&_nc_ht=scontent.fssz1-1.fna&_nc_gid=AlXQjLfu59jFPXqcmtx0_Ur&oh=00_AYAdYW6YGWTv4gBZxP_OG-za0Pgn_uMZNEm3M4TrHKwPnA&oe=670967B6","https://www.facebook.com/andy.aqy.7","Y29tbWVudDozMzI3OTc0NjY3MzMzNDk1XzE1NDE1MzMxNDMyMTQyMjY=","Juned paran jak lek sekotong... 😂😂😂","2"
,,,,,,,,,,,,,,,,,,,"https://www.facebook.com/reel/890089985925955/?comment_id=1541533143214226&reply_comment_id=420807084370199",,,,,,,,,,,,,,,,,,,"2024-10-06T01:10:03.000Z","3327974667333495","https://www.facebook.com/reel/890089985925955/","ZmVlZGJhY2s6MzMyNzk3NDY2NzMzMzQ5NV80MjA4MDcwODQzNzAxOTk=","Y29tbWVudDozMzI3OTc0NjY3MzMzNDk1XzQyMDgwNzA4NDM3MDE5OQ==","https://www.facebook.com/reel/890089985925955/","0","382095361647867",,,"User","100051638506007","Andy Aqy","Andy","Y29tbWVudDozMzI3OTc0NjY3MzMzNDk1XzE1NDE1MzMxNDMyMTQyMjY=","Merlin dan Jumbo berdampingan 
 #melon #watermelo #petani #petanimelon
 #petaniindonedia #petanimilenial
 Benih Citra Asia Bintang Asia 
#merlin #jumbo. Juned · Original audio","100003629835056","Juned","https://scontent.fssz1-1.fna.fbcdn.net/v/t39.30808-1/461428209_3322997254497903_7230525068380943218_n.jpg?stp=cp0_dst-jpg_s32x32&_nc_cat=106&ccb=1-7&_nc_sid=50d2ac&_nc_ohc=i0qXMMnisbEQ7kNvgHHSblg&_nc_ht=scontent.fssz1-1.fna&_nc_gid=AlXQjLfu59jFPXqcmtx0_Ur&oh=00_AYBQdCNaEnTpXDnohiT-S8Xeiiyct6NPUMHwlDdFKPThzw&oe=67094567","https://www.facebook.com/juned.82","Y29tbWVudDozMzI3OTc0NjY3MzMzNDk1XzE1NDE1MzMxNDMyMTQyMjY=","Andy Aqy selanjutnya di Gerung kita kembangkan","2"
,,,,,,,,,,,,,,,,,,,"https://www.facebook.com/reel/890089985925955/?comment_id=1541533143214226&reply_comment_id=3594694407495576",,,,,,,,,,,,,,,,,,,"2024-10-06T01:11:14.000Z","3327974667333495","https://www.facebook.com/reel/890089985925955/","ZmVlZGJhY2s6MzMyNzk3NDY2NzMzMzQ5NV8zNTk0Njk0NDA3NDk1NTc2","Y29tbWVudDozMzI3OTc0NjY3MzMzNDk1XzM1OTQ2OTQ0MDc0OTU1NzY=","https://www.facebook.com/reel/890089985925955/","0","382095361647867",,,"User","100051638506007","Andy Aqy","Andy","Y29tbWVudDozMzI3OTc0NjY3MzMzNDk1XzE1NDE1MzMxNDMyMTQyMjY=","Merlin dan Jumbo berdampingan 
 #melon #watermelo #petani #petanimelon
 #petaniindonedia #petanimilenial
 Benih Citra Asia Bintang Asia 
#merlin #jumbo. Juned · Original audio","100051638506007","Andy Aqy","https://scontent.fssz1-1.fna.fbcdn.net/v/t39.30808-1/331263950_725630559144907_8206996535198302033_n.jpg?stp=cp0_dst-jpg_s32x32&_nc_cat=101&ccb=1-7&_nc_sid=50d2ac&_nc_ohc=qq_sTRpDyvAQ7kNvgE7rcCy&_nc_ht=scontent.fssz1-1.fna&_nc_gid=AlXQjLfu59jFPXqcmtx0_Ur&oh=00_AYAdYW6YGWTv4gBZxP_OG-za0Pgn_uMZNEm3M4TrHKwPnA&oe=670967B6","https://www.facebook.com/andy.aqy.7","Y29tbWVudDozMzI3OTc0NjY3MzMzNDk1XzE1NDE1MzMxNDMyMTQyMjY=","Juned gas.. Gas.. 
Mumpung ndek man arak plan lain..","2"
,,,,,,,,,,,,,,,,,,,"https://www.facebook.com/reel/890089985925955/?comment_id=1541533143214226&reply_comment_id=524817740166896",,,,,,,,,,,,,,,,,,,"2024-10-06T01:15:53.000Z","3327974667333495","https://www.facebook.com/reel/890089985925955/","ZmVlZGJhY2s6MzMyNzk3NDY2NzMzMzQ5NV81MjQ4MTc3NDAxNjY4OTY=","Y29tbWVudDozMzI3OTc0NjY3MzMzNDk1XzUyNDgxNzc0MDE2Njg5Ng==","https://www.facebook.com/reel/890089985925955/","0","382095361647867",,,"User","100051638506007","Andy Aqy","Andy","Y29tbWVudDozMzI3OTc0NjY3MzMzNDk1XzE1NDE1MzMxNDMyMTQyMjY=","Merlin dan Jumbo berdampingan 
 #melon #watermelo #petani #petanimelon
 #petaniindonedia #petanimilenial
 Benih Citra Asia Bintang Asia 
#merlin #jumbo. Juned · Original audio","100003629835056","Juned","https://scontent.fssz1-1.fna.fbcdn.net/v/t39.30808-1/461428209_3322997254497903_7230525068380943218_n.jpg?stp=cp0_dst-jpg_s32x32&_nc_cat=106&ccb=1-7&_nc_sid=50d2ac&_nc_ohc=i0qXMMnisbEQ7kNvgHHSblg&_nc_ht=scontent.fssz1-1.fna&_nc_gid=AlXQjLfu59jFPXqcmtx0_Ur&oh=00_AYBQdCNaEnTpXDnohiT-S8Xeiiyct6NPUMHwlDdFKPThzw&oe=67094567","https://www.facebook.com/juned.82","Y29tbWVudDozMzI3OTc0NjY3MzMzNDk1XzE1NDE1MzMxNDMyMTQyMjY=","Andy Aqy segera di eksekusi","2"
,,,,,,,,,,,,,,,,,,,"https://www.facebook.com/reel/1000503468491795/?comment_id=1220163189252893&reply_comment_id=1044613180287850",,,,,,,,,,,,,,,,,,,"2024-10-01T11:51:52.000Z","3326629910801304","https://www.facebook.com/reel/1000503468491795/","ZmVlZGJhY2s6MzMyNjYyOTkxMDgwMTMwNF8xMDQ0NjEzMTgwMjg3ODUw","Y29tbWVudDozMzI2NjI5OTEwODAxMzA0XzEwNDQ2MTMxODAyODc4NTA=","https://www.facebook.com/reel/1000503468491795/","1","382095361647867",,,"User","pfbid02f1Wui2YYySG9edH7Y2hxRyKyaTFR2KLCJ4d6vevQCw7bVhN3ivjD8iBNaZTjKs15l","Anggun Bestari","Anggun","Y29tbWVudDozMzI2NjI5OTEwODAxMzA0XzEyMjAxNjMxODkyNTI4OTM=","Cabai besar berbuah super lebat
 #cabe #tegar #petani #petaniindonesia #petanimilenial #petanimuda Bintang Asia Benih Citra Asia @sorotan #semuaorang. Juned · Original audio","100003629835056","Juned","https://scontent.fagc3-2.fna.fbcdn.net/v/t39.30808-1/461428209_3322997254497903_7230525068380943218_n.jpg?stp=cp0_dst-jpg_s32x32&_nc_cat=106&ccb=1-7&_nc_sid=50d2ac&_nc_ohc=i0qXMMnisbEQ7kNvgGD2BEx&_nc_ht=scontent.fagc3-2.fna&_nc_gid=ACE4OMx-kaamGMb9YexoZbg&oh=00_AYBryvAJmY3CH0dhsxjKF_PqMpvcSPt4awWR676dpqQ3EQ&oe=67094567","https://www.facebook.com/juned.82","Y29tbWVudDozMzI2NjI5OTEwODAxMzA0XzEyMjAxNjMxODkyNTI4OTM=","Anggun Bestari asiap di tunggu saja di pasar pemenang","1"
,,,,,,,,,,,,,,,,,,,"https://www.facebook.com/reel/1000503468491795/?comment_id=1596949477524750&reply_comment_id=853518726544672",,,,,,,,,,,,,,,,,,"1","2024-10-01T17:10:05.000Z","3326629910801304","https://www.facebook.com/reel/1000503468491795/","ZmVlZGJhY2s6MzMyNjYyOTkxMDgwMTMwNF84NTM1MTg3MjY1NDQ2NzI=","Y29tbWVudDozMzI2NjI5OTEwODAxMzA0Xzg1MzUxODcyNjU0NDY3Mg==","https://www.facebook.com/reel/1000503468491795/","1","382095361647867",,,"User","pfbid0tLBK5tZ6nGWQq3xvf91BYvUf9bQ5XgHMLgravEcPhvcP5pkgKvUMWgGY8sPmEsAil","Sain Muhammad Alfian","Sain Muhammad","Y29tbWVudDozMzI2NjI5OTEwODAxMzA0XzE1OTY5NDk0Nzc1MjQ3NTA=","Cabai besar berbuah super lebat
 #cabe #tegar #petani #petaniindonesia #petanimilenial #petanimuda Bintang Asia Benih Citra Asia @sorotan #semuaorang. Juned · Original audio","100003629835056","Juned","https://scontent-atl3-1.xx.fbcdn.net/v/t39.30808-1/461428209_3322997254497903_7230525068380943218_n.jpg?stp=cp0_dst-jpg_s32x32&_nc_cat=106&ccb=1-7&_nc_sid=50d2ac&_nc_ohc=i0qXMMnisbEQ7kNvgGgyYOj&_nc_ht=scontent-atl3-1.xx&_nc_gid=AJN47FaM6wBc_aohDNCaNrH&oh=00_AYCp4RZB0RuaS95rXNbpkba1MVBBQK9xfgjCwrCp1CaPkg&oe=67094567","https://www.facebook.com/juned.82","Y29tbWVudDozMzI2NjI5OTEwODAxMzA0XzE1OTY5NDk0Nzc1MjQ3NTA=","Sain Muhammad Alfian terima kasih banyak atas supportnya","1"
,,,,,,,,,,,,,,,,,,,"https://www.facebook.com/reel/1000503468491795/?comment_id=1596949477524750&reply_comment_id=1088211962849746",,,,,,,,,,,,,,,,,,,"2024-10-01T22:08:56.000Z","3326629910801304","https://www.facebook.com/reel/1000503468491795/","ZmVlZGJhY2s6MzMyNjYyOTkxMDgwMTMwNF8xMDg4MjExOTYyODQ5NzQ2","Y29tbWVudDozMzI2NjI5OTEwODAxMzA0XzEwODgyMTE5NjI4NDk3NDY=","https://www.facebook.com/reel/1000503468491795/","0","382095361647867",,,"User","pfbid0tLBK5tZ6nGWQq3xvf91BYvUf9bQ5XgHMLgravEcPhvcP5pkgKvUMWgGY8sPmEsAil","Sain Muhammad Alfian","Sain Muhammad","Y29tbWVudDozMzI2NjI5OTEwODAxMzA0XzE1OTY5NDk0Nzc1MjQ3NTA=","Cabai besar berbuah super lebat
 #cabe #tegar #petani #petaniindonesia #petanimilenial #petanimuda Bintang Asia Benih Citra Asia @sorotan #semuaorang. Juned · Original audio","pfbid0tLBK5tZ6nGWQq3xvf91BYvUf9bQ5XgHMLgravEcPhvcP5pkgKvUMWgGY8sPmEsAil","Sain Muhammad Alfian","https://scontent-atl3-1.xx.fbcdn.net/v/t39.30808-1/452236782_1430351004343236_429209480021872887_n.jpg?stp=cp0_dst-jpg_s32x32&_nc_cat=109&ccb=1-7&_nc_sid=0ecb9b&_nc_ohc=wCvoKhBIjHkQ7kNvgE_skRL&_nc_ht=scontent-atl3-1.xx&_nc_gid=AJN47FaM6wBc_aohDNCaNrH&oh=00_AYDSILSlSn6fL9BZe-dj1RAM0dYFR7aPaP0xTAc8BJQqhg&oe=67095FAA","https://www.facebook.com/people/Sain-Muhammad-Alfian/pfbid0tLBK5tZ6nGWQq3xvf91BYvUf9bQ5XgHMLgravEcPhvcP5pkgKvUMWgGY8sPmEsAil/","Y29tbWVudDozMzI2NjI5OTEwODAxMzA0XzE1OTY5NDk0Nzc1MjQ3NTA=","Juned siappp","2"
,,,,,,,,,,,,,,,,,,,"https://www.facebook.com/reel/1760908831312973/?comment_id=1214736336417298&reply_comment_id=1909502182850741",,,,,,,,,,,,,,,,,,,"2024-10-06T16:58:18.000Z","3331608530303442","https://www.facebook.com/reel/1760908831312973/","ZmVlZGJhY2s6MzMzMTYwODUzMDMwMzQ0Ml8xOTA5NTAyMTgyODUwNzQx","Y29tbWVudDozMzMxNjA4NTMwMzAzNDQyXzE5MDk1MDIxODI4NTA3NDE=","https://www.facebook.com/reel/1760908831312973/","0","382095361647867",,,"User","100011290660151","Sudarmaji","Sudarmaji","Y29tbWVudDozMzMxNjA4NTMwMzAzNDQyXzEyMTQ3MzYzMzY0MTcyOTg=","Jumbo F1 
Dibuahkan sesuai kemampuan tanaman 
 #melon #watermelo
 #petani #petaniindonesia
 #vegetable
 #buah #buahsegar
 Bintang Asia Benih Citra Asia. the_noor_official_ · Original audio","100003629835056","Juned","https://scontent-dfw5-2.xx.fbcdn.net/v/t39.30808-1/461428209_3322997254497903_7230525068380943218_n.jpg?stp=cp0_dst-jpg_s32x32&_nc_cat=106&ccb=1-7&_nc_sid=50d2ac&_nc_ohc=i0qXMMnisbEQ7kNvgEFxd_k&_nc_ht=scontent-dfw5-2.xx&_nc_gid=A-KWzzCDIDrqiAqeah_mVf4&oh=00_AYAQQc8nbxZFehXEBICtGBT4o_djgNAZcyqWrx0qPWplSg&oe=67094567","https://www.facebook.com/juned.82","Y29tbWVudDozMzMxNjA4NTMwMzAzNDQyXzEyMTQ3MzYzMzY0MTcyOTg=","Sudarmaji aman bosku, rencana besok mau di kroscek pengepul","1"
,,,,,,,,,,,,,,,,,,,"https://www.facebook.com/juned.82/posts/pfbid03EdjqXbUUQxH7tQASpNEFN7G91uEgMRRef1spfV8rDNno52AT7PAsYxbThdHQaDwl?comment_id=1057083692523563",,,,,,,,,,,,,,,,,,"1","2024-10-04T11:21:42.000Z","3329318643865764","https://www.facebook.com/juned.82/posts/pfbid03EdjqXbUUQxH7tQASpNEFN7G91uEgMRRef1spfV8rDNno52AT7PAsYxbThdHQaDwl","ZmVlZGJhY2s6MzMyOTMxODY0Mzg2NTc2NF8xMDU3MDgzNjkyNTIzNTYz","Y29tbWVudDozMzI5MzE4NjQzODY1NzY0XzEwNTcwODM2OTI1MjM1NjM=","https://www.facebook.com/juned.82/posts/pfbid03EdjqXbUUQxH7tQASpNEFN7G91uEgMRRef1spfV8rDNno52AT7PAsYxbThdHQaDwl","0","382095361647867","false",,,,,,,"Informasi yang akurat adalah informasi yang bebas dari kesalahan, tidak menyesatkan, dan jelas mencerminkan maksudnya. Selain itu, informasi yang akurat juga harus mencerminkan keadaan yang sebenarnya
#informasi
#deskripsi
#tomat #tomato
#fiesta
Bintang Asia Benih Citra Asia","61561708238824","Tali Tani Bpp Praya","https://scontent-ord5-1.xx.fbcdn.net/v/t39.30808-1/451437715_122110404230390274_6632090515108181300_n.jpg?stp=cp0_dst-jpg_s32x32&_nc_cat=109&ccb=1-7&_nc_sid=50d2ac&_nc_ohc=OEX07RM-0uwQ7kNvgF0IAQI&_nc_ht=scontent-ord5-1.xx&_nc_gid=A5Nl5Or71wclRHO8OQO3Bp5&oh=00_AYCnkocuopti3uG-r_aG3bZ6oWSxB5gDml4MfmcJpM-ipQ&oe=67095A0B","https://www.facebook.com/people/Tali-Tani-Bpp-Praya/61561708238824/",,"Masyaallah subur sekali","0"
,,,,,,,,,,,,,,,,,,,"https://www.facebook.com/juned.82/posts/pfbid03EdjqXbUUQxH7tQASpNEFN7G91uEgMRRef1spfV8rDNno52AT7PAsYxbThdHQaDwl?comment_id=1075169130904490",,,,,,,,,,,,,,,,,,"2","2024-10-05T04:11:05.000Z","3329318643865764","https://www.facebook.com/juned.82/posts/pfbid03EdjqXbUUQxH7tQASpNEFN7G91uEgMRRef1spfV8rDNno52AT7PAsYxbThdHQaDwl","ZmVlZGJhY2s6MzMyOTMxODY0Mzg2NTc2NF8xMDc1MTY5MTMwOTA0NDkw","Y29tbWVudDozMzI5MzE4NjQzODY1NzY0XzEwNzUxNjkxMzA5MDQ0OTA=","https://www.facebook.com/juned.82/posts/pfbid03EdjqXbUUQxH7tQASpNEFN7G91uEgMRRef1spfV8rDNno52AT7PAsYxbThdHQaDwl","1","382095361647867","false",,,,,,,"Informasi yang akurat adalah informasi yang bebas dari kesalahan, tidak menyesatkan, dan jelas mencerminkan maksudnya. Selain itu, informasi yang akurat juga harus mencerminkan keadaan yang sebenarnya
#informasi
#deskripsi
#tomat #tomato
#fiesta
Bintang Asia Benih Citra Asia","100053589720753","Rejan Kedul Wah","https://scontent-ord5-1.xx.fbcdn.net/v/t39.30808-1/454501317_1047214780408170_4392688548695454746_n.jpg?stp=cp0_dst-jpg_s32x32&_nc_cat=108&ccb=1-7&_nc_sid=50d2ac&_nc_ohc=fVVYMHuidZgQ7kNvgEdIXaT&_nc_ht=scontent-ord5-1.xx&_nc_gid=A5Nl5Or71wclRHO8OQO3Bp5&oh=00_AYC1nklK63jJX64rrgmmQMjQqI_vmwFIWTO1Q16XG4iosw&oe=6709710E","https://www.facebook.com/rejan.kedulwah",,"Pelisak bawon natu","0"
,,,,,,,,,,,,,,,,,,,"https://www.facebook.com/juned.82/posts/pfbid03EdjqXbUUQxH7tQASpNEFN7G91uEgMRRef1spfV8rDNno52AT7PAsYxbThdHQaDwl?comment_id=1260552124906436",,,,,,,,,,,,,,,,,,"4","2024-10-03T15:46:43.000Z","3329318643865764","https://www.facebook.com/juned.82/posts/pfbid03EdjqXbUUQxH7tQASpNEFN7G91uEgMRRef1spfV8rDNno52AT7PAsYxbThdHQaDwl","ZmVlZGJhY2s6MzMyOTMxODY0Mzg2NTc2NF8xMjYwNTUyMTI0OTA2NDM2","Y29tbWVudDozMzI5MzE4NjQzODY1NzY0XzEyNjA1NTIxMjQ5MDY0MzY=","https://www.facebook.com/juned.82/posts/pfbid03EdjqXbUUQxH7tQASpNEFN7G91uEgMRRef1spfV8rDNno52AT7PAsYxbThdHQaDwl","0","382095361647867","false",,,,,,,"Informasi yang akurat adalah informasi yang bebas dari kesalahan, tidak menyesatkan, dan jelas mencerminkan maksudnya. Selain itu, informasi yang akurat juga harus mencerminkan keadaan yang sebenarnya
#informasi
#deskripsi
#tomat #tomato
#fiesta
Bintang Asia Benih Citra Asia","100010485816243","Juna Idi","https://scontent-ord5-2.xx.fbcdn.net/v/t39.30808-1/461951951_2304555956570576_887137630379071562_n.jpg?stp=cp0_dst-jpg_s32x32&_nc_cat=102&ccb=1-7&_nc_sid=50d2ac&_nc_ohc=AChAqoFSyPYQ7kNvgGIJoyo&_nc_ht=scontent-ord5-2.xx&_nc_gid=A5Nl5Or71wclRHO8OQO3Bp5&oh=00_AYCqX66yDdgEQ5W-J2ZgNyQl_e3qjxoXxJs2FnPA6mECNA&oe=67096817","https://www.facebook.com/jun.idi.395",,"Merk dagang","0"
,,,,,,,,,,,,,,,,,,,"https://www.facebook.com/juned.82/posts/pfbid03EdjqXbUUQxH7tQASpNEFN7G91uEgMRRef1spfV8rDNno52AT7PAsYxbThdHQaDwl?comment_id=1236267827570373",,,,,,,,,,,,,,,,,,"1","2024-10-03T13:26:56.000Z","3329318643865764","https://www.facebook.com/juned.82/posts/pfbid03EdjqXbUUQxH7tQASpNEFN7G91uEgMRRef1spfV8rDNno52AT7PAsYxbThdHQaDwl","ZmVlZGJhY2s6MzMyOTMxODY0Mzg2NTc2NF8xMjM2MjY3ODI3NTcwMzcz","Y29tbWVudDozMzI5MzE4NjQzODY1NzY0XzEyMzYyNjc4Mjc1NzAzNzM=","https://www.facebook.com/juned.82/posts/pfbid03EdjqXbUUQxH7tQASpNEFN7G91uEgMRRef1spfV8rDNno52AT7PAsYxbThdHQaDwl","0","382095361647867","false",,,,,,,"Informasi yang akurat adalah informasi yang bebas dari kesalahan, tidak menyesatkan, dan jelas mencerminkan maksudnya. Selain itu, informasi yang akurat juga harus mencerminkan keadaan yang sebenarnya
#informasi
#deskripsi
#tomat #tomato
#fiesta
Bintang Asia Benih Citra Asia","100000477695430","Hermansyah","https://scontent-ord5-1.xx.fbcdn.net/v/t39.30808-1/315683993_9068084283217405_4879146519104051157_n.jpg?stp=cp0_dst-jpg_s32x32&_nc_cat=111&ccb=1-7&_nc_sid=50d2ac&_nc_ohc=hwCF1tUzql4Q7kNvgHejsSN&_nc_ht=scontent-ord5-1.xx&_nc_gid=A5Nl5Or71wclRHO8OQO3Bp5&oh=00_AYDEVTvJbN64ZjGiRKu9MbiXlinTPCicl5ChTgy3wB9wTw&oe=670945EA","https://www.facebook.com/hermandrj",,"Mantap ....","0"
,,,,,,,,,,,,,,,,,,,"https://www.facebook.com/juned.82/posts/pfbid03EdjqXbUUQxH7tQASpNEFN7G91uEgMRRef1spfV8rDNno52AT7PAsYxbThdHQaDwl?comment_id=1075342977309435",,,,,,,,,,,,,,,,,,"1","2024-10-04T09:04:03.000Z","3329318643865764","https://www.facebook.com/juned.82/posts/pfbid03EdjqXbUUQxH7tQASpNEFN7G91uEgMRRef1spfV8rDNno52AT7PAsYxbThdHQaDwl","ZmVlZGJhY2s6MzMyOTMxODY0Mzg2NTc2NF8xMDc1MzQyOTc3MzA5NDM1","Y29tbWVudDozMzI5MzE4NjQzODY1NzY0XzEwNzUzNDI5NzczMDk0MzU=","https://www.facebook.com/juned.82/posts/pfbid03EdjqXbUUQxH7tQASpNEFN7G91uEgMRRef1spfV8rDNno52AT7PAsYxbThdHQaDwl","0","382095361647867","false",,,,,,,"Informasi yang akurat adalah informasi yang bebas dari kesalahan, tidak menyesatkan, dan jelas mencerminkan maksudnya. Selain itu, informasi yang akurat juga harus mencerminkan keadaan yang sebenarnya
#informasi
#deskripsi
#tomat #tomato
#fiesta
Bintang Asia Benih Citra Asia","pfbid02gWtFxALFfpj5hED2jqGbrQ29TxLtMyU8A7fjxow2Dp3crm3KDDNFhcKshpTZt2b6l","Roman","https://scontent-ord5-1.xx.fbcdn.net/v/t1.6435-1/175850689_2789787791274192_189257732051840867_n.jpg?stp=cp0_dst-jpg_s32x32&_nc_cat=109&ccb=1-7&_nc_sid=e4545e&_nc_ohc=EuYVDsNErhYQ7kNvgHGSJPo&_nc_ht=scontent-ord5-1.xx&_nc_gid=A5Nl5Or71wclRHO8OQO3Bp5&oh=00_AYAinF5eYE_MTMX2MkYPUU-N0wU3Nt9X_0Azo-22jUiZPQ&oe=672AFE8D","https://www.facebook.com/people/Roman/pfbid02gWtFxALFfpj5hED2jqGbrQ29TxLtMyU8A7fjxow2Dp3crm3KDDNFhcKshpTZt2b6l/",,"Fiesta F1 Dari produk apa lik","0"
,,,,,,,,,,,,,,,,,,,"https://www.facebook.com/juned.82/posts/pfbid03EdjqXbUUQxH7tQASpNEFN7G91uEgMRRef1spfV8rDNno52AT7PAsYxbThdHQaDwl?comment_id=3007150736099242",,,,,,,,,,,,,,,,,,"4","2024-10-03T15:02:56.000Z","3329318643865764","https://www.facebook.com/juned.82/posts/pfbid03EdjqXbUUQxH7tQASpNEFN7G91uEgMRRef1spfV8rDNno52AT7PAsYxbThdHQaDwl","ZmVlZGJhY2s6MzMyOTMxODY0Mzg2NTc2NF8zMDA3MTUwNzM2MDk5MjQy","Y29tbWVudDozMzI5MzE4NjQzODY1NzY0XzMwMDcxNTA3MzYwOTkyNDI=","https://www.facebook.com/juned.82/posts/pfbid03EdjqXbUUQxH7tQASpNEFN7G91uEgMRRef1spfV8rDNno52AT7PAsYxbThdHQaDwl","0","382095361647867","false",,,,,,,"Informasi yang akurat adalah informasi yang bebas dari kesalahan, tidak menyesatkan, dan jelas mencerminkan maksudnya. Selain itu, informasi yang akurat juga harus mencerminkan keadaan yang sebenarnya
#informasi
#deskripsi
#tomat #tomato
#fiesta
Bintang Asia Benih Citra Asia","pfbid02LYGrLpi8knXnKFLaJ5YjoQgQWrPtsBUAszPAh1REyvvG79rvYvcpBiQ61RPDEFfDl","Pa'e Ilham Yadi","https://scontent-ord5-1.xx.fbcdn.net/v/t39.30808-1/436153535_1839832366486566_1792363283211419772_n.jpg?stp=cp0_dst-jpg_s32x32&_nc_cat=101&ccb=1-7&_nc_sid=0ecb9b&_nc_ohc=Ky4QJbgv8TMQ7kNvgGozuLp&_nc_ht=scontent-ord5-1.xx&_nc_gid=A5Nl5Or71wclRHO8OQO3Bp5&oh=00_AYC_JAzWGY7A-v93E-WZvMYYyiiRdLwuPQMmZBijSW2u0Q&oe=67095A5E","https://www.facebook.com/paeilham.yadi",,"Info harga bibitnya brp pak?","0"
,,,,,,,,,,,,,,,,,,,"https://www.facebook.com/juned.82/posts/pfbid03EdjqXbUUQxH7tQASpNEFN7G91uEgMRRef1spfV8rDNno52AT7PAsYxbThdHQaDwl?comment_id=1075342977309435&reply_comment_id=529345043365385",,,,,,,,,,,,,,,,,,,"2024-10-04T11:11:14.000Z","3329318643865764","https://www.facebook.com/juned.82/posts/pfbid03EdjqXbUUQxH7tQASpNEFN7G91uEgMRRef1spfV8rDNno52AT7PAsYxbThdHQaDwl","ZmVlZGJhY2s6MzMyOTMxODY0Mzg2NTc2NF81MjkzNDUwNDMzNjUzODU=","Y29tbWVudDozMzI5MzE4NjQzODY1NzY0XzUyOTM0NTA0MzM2NTM4NQ==","https://www.facebook.com/juned.82/posts/pfbid03EdjqXbUUQxH7tQASpNEFN7G91uEgMRRef1spfV8rDNno52AT7PAsYxbThdHQaDwl","0","382095361647867","false",,"User","pfbid02gWtFxALFfpj5hED2jqGbrQ29TxLtMyU8A7fjxow2Dp3crm3KDDNFhcKshpTZt2b6l","Roman","Roman","Y29tbWVudDozMzI5MzE4NjQzODY1NzY0XzEwNzUzNDI5NzczMDk0MzU=","Informasi yang akurat adalah informasi yang bebas dari kesalahan, tidak menyesatkan, dan jelas mencerminkan maksudnya. Selain itu, informasi yang akurat juga harus mencerminkan keadaan yang sebenarnya
#informasi
#deskripsi
#tomat #tomato
#fiesta
Bintang Asia Benih Citra Asia","100003629835056","Juned","https://scontent.ffab1-2.fna.fbcdn.net/v/t39.30808-1/461428209_3322997254497903_7230525068380943218_n.jpg?stp=cp0_dst-jpg_s32x32&_nc_cat=106&ccb=1-7&_nc_sid=50d2ac&_nc_ohc=i0qXMMnisbEQ7kNvgFTHUhT&_nc_ht=scontent.ffab1-2.fna&_nc_gid=AtLOobh_NZFDnjfxKokSM68&oh=00_AYA2qwpjxNSXTbOUQCd1yB-H9IgqrGCVZQVZC37zB4B2BA&oe=67094567","https://www.facebook.com/juned.82","Y29tbWVudDozMzI5MzE4NjQzODY1NzY0XzEwNzUzNDI5NzczMDk0MzU=","Roman produk PT. Benih Citra Asia","1"
,,,,,,,,,,,,,,,,,,,"https://www.facebook.com/juned.82/posts/pfbid03EdjqXbUUQxH7tQASpNEFN7G91uEgMRRef1spfV8rDNno52AT7PAsYxbThdHQaDwl?comment_id=1057083692523563&reply_comment_id=1082393329978167",,,,,,,,,,,,,,,,,,,"2024-10-04T12:52:37.000Z","3329318643865764","https://www.facebook.com/juned.82/posts/pfbid03EdjqXbUUQxH7tQASpNEFN7G91uEgMRRef1spfV8rDNno52AT7PAsYxbThdHQaDwl","ZmVlZGJhY2s6MzMyOTMxODY0Mzg2NTc2NF8xMDgyMzkzMzI5OTc4MTY3","Y29tbWVudDozMzI5MzE4NjQzODY1NzY0XzEwODIzOTMzMjk5NzgxNjc=","https://www.facebook.com/juned.82/posts/pfbid03EdjqXbUUQxH7tQASpNEFN7G91uEgMRRef1spfV8rDNno52AT7PAsYxbThdHQaDwl","0","382095361647867","false",,"User","61561708238824","Tali Tani Bpp Praya","Tali","Y29tbWVudDozMzI5MzE4NjQzODY1NzY0XzEwNTcwODM2OTI1MjM1NjM=","Informasi yang akurat adalah informasi yang bebas dari kesalahan, tidak menyesatkan, dan jelas mencerminkan maksudnya. Selain itu, informasi yang akurat juga harus mencerminkan keadaan yang sebenarnya
#informasi
#deskripsi
#tomat #tomato
#fiesta
Bintang Asia Benih Citra Asia","100003629835056","Juned","https://scontent-atl3-1.xx.fbcdn.net/v/t39.30808-1/461428209_3322997254497903_7230525068380943218_n.jpg?stp=cp0_dst-jpg_s32x32&_nc_cat=106&ccb=1-7&_nc_sid=50d2ac&_nc_ohc=i0qXMMnisbEQ7kNvgE2tn93&_nc_ht=scontent-atl3-1.xx&_nc_gid=AAZkIQJR4KgpjIk9iUyfBhg&oh=00_AYBkm6NzKxTQCaEig3PoVSooXwgXMZUR8DsnEmGVh2pnhQ&oe=67094567","https://www.facebook.com/juned.82","Y29tbWVudDozMzI5MzE4NjQzODY1NzY0XzEwNTcwODM2OTI1MjM1NjM=","Tali Tani Bpp Praya sesubur harapan para petani","1"
,,,,,,,,,,,,,,,,,,,"https://www.facebook.com/juned.82/posts/pfbid03EdjqXbUUQxH7tQASpNEFN7G91uEgMRRef1spfV8rDNno52AT7PAsYxbThdHQaDwl?comment_id=1236267827570373&reply_comment_id=919672576732073",,,,,,,,,,,,,,,,,,,"2024-10-03T13:28:43.000Z","3329318643865764","https://www.facebook.com/juned.82/posts/pfbid03EdjqXbUUQxH7tQASpNEFN7G91uEgMRRef1spfV8rDNno52AT7PAsYxbThdHQaDwl","ZmVlZGJhY2s6MzMyOTMxODY0Mzg2NTc2NF85MTk2NzI1NzY3MzIwNzM=","Y29tbWVudDozMzI5MzE4NjQzODY1NzY0XzkxOTY3MjU3NjczMjA3Mw==","https://www.facebook.com/juned.82/posts/pfbid03EdjqXbUUQxH7tQASpNEFN7G91uEgMRRef1spfV8rDNno52AT7PAsYxbThdHQaDwl","0","382095361647867","false",,"User","100000477695430","Hermansyah","Hermansyah","Y29tbWVudDozMzI5MzE4NjQzODY1NzY0XzEyMzYyNjc4Mjc1NzAzNzM=","Informasi yang akurat adalah informasi yang bebas dari kesalahan, tidak menyesatkan, dan jelas mencerminkan maksudnya. Selain itu, informasi yang akurat juga harus mencerminkan keadaan yang sebenarnya
#informasi
#deskripsi
#tomat #tomato
#fiesta
Bintang Asia Benih Citra Asia","100003629835056","Juned","https://scontent.fmex15-1.fna.fbcdn.net/v/t39.30808-1/461428209_3322997254497903_7230525068380943218_n.jpg?stp=cp0_dst-jpg_s32x32&_nc_cat=106&ccb=1-7&_nc_sid=50d2ac&_nc_ohc=i0qXMMnisbEQ7kNvgF1DPDC&_nc_ht=scontent.fmex15-1.fna&_nc_gid=AX3KJkSNCakNAf21m5rl5Fg&oh=00_AYD6CnkBwdS4zJRVRojsl3K-YWSSOUSYIx_yuOooPchgWQ&oe=67094567","https://www.facebook.com/juned.82","Y29tbWVudDozMzI5MzE4NjQzODY1NzY0XzEyMzYyNjc4Mjc1NzAzNzM=","Hermansyah terima kasih banyak atas supportnya yang berkelanjutan","1"
,,,,,,,,,,,,,,,,,,,"https://www.facebook.com/juned.82/posts/pfbid03EdjqXbUUQxH7tQASpNEFN7G91uEgMRRef1spfV8rDNno52AT7PAsYxbThdHQaDwl?comment_id=1260552124906436&reply_comment_id=434246292565442",,,,,,,,,,,,,,,,,,"3","2024-10-03T15:49:50.000Z","3329318643865764","https://www.facebook.com/juned.82/posts/pfbid03EdjqXbUUQxH7tQASpNEFN7G91uEgMRRef1spfV8rDNno52AT7PAsYxbThdHQaDwl","ZmVlZGJhY2s6MzMyOTMxODY0Mzg2NTc2NF80MzQyNDYyOTI1NjU0NDI=","Y29tbWVudDozMzI5MzE4NjQzODY1NzY0XzQzNDI0NjI5MjU2NTQ0Mg==","https://www.facebook.com/juned.82/posts/pfbid03EdjqXbUUQxH7tQASpNEFN7G91uEgMRRef1spfV8rDNno52AT7PAsYxbThdHQaDwl","0","382095361647867","false",,"User","100010485816243","Juna Idi","Juna","Y29tbWVudDozMzI5MzE4NjQzODY1NzY0XzEyNjA1NTIxMjQ5MDY0MzY=","Informasi yang akurat adalah informasi yang bebas dari kesalahan, tidak menyesatkan, dan jelas mencerminkan maksudnya. Selain itu, informasi yang akurat juga harus mencerminkan keadaan yang sebenarnya
#informasi
#deskripsi
#tomat #tomato
#fiesta
Bintang Asia Benih Citra Asia","100003629835056","Juned","https://scontent.fvns1-5.fna.fbcdn.net/v/t39.30808-1/461428209_3322997254497903_7230525068380943218_n.jpg?stp=cp0_dst-jpg_s32x32&_nc_cat=106&ccb=1-7&_nc_sid=50d2ac&_nc_ohc=i0qXMMnisbEQ7kNvgHpfr-B&_nc_ht=scontent.fvns1-5.fna&_nc_gid=Ajz8j-Mzd2eu9qYx49hNG7o&oh=00_AYAq1enDdK7SREwWCPUiuUtL8AMNwdbCZzL5xj1Qxfpsew&oe=67094567","https://www.facebook.com/juned.82","Y29tbWVudDozMzI5MzE4NjQzODY1NzY0XzEyNjA1NTIxMjQ5MDY0MzY=","Juna Idi fiesta F1","1"
,,,,,,,,,,,,,,,,,,,"https://www.facebook.com/juned.82/posts/pfbid03EdjqXbUUQxH7tQASpNEFN7G91uEgMRRef1spfV8rDNno52AT7PAsYxbThdHQaDwl?comment_id=1260552124906436&reply_comment_id=1958838374622191",,,,,,,,,,,,,,,,,,,"2024-10-03T15:50:38.000Z","3329318643865764","https://www.facebook.com/juned.82/posts/pfbid03EdjqXbUUQxH7tQASpNEFN7G91uEgMRRef1spfV8rDNno52AT7PAsYxbThdHQaDwl","ZmVlZGJhY2s6MzMyOTMxODY0Mzg2NTc2NF8xOTU4ODM4Mzc0NjIyMTkx","Y29tbWVudDozMzI5MzE4NjQzODY1NzY0XzE5NTg4MzgzNzQ2MjIxOTE=","https://www.facebook.com/juned.82/posts/pfbid03EdjqXbUUQxH7tQASpNEFN7G91uEgMRRef1spfV8rDNno52AT7PAsYxbThdHQaDwl","0","382095361647867","false",,"User","100010485816243","Juna Idi","Juna","Y29tbWVudDozMzI5MzE4NjQzODY1NzY0XzEyNjA1NTIxMjQ5MDY0MzY=","Informasi yang akurat adalah informasi yang bebas dari kesalahan, tidak menyesatkan, dan jelas mencerminkan maksudnya. Selain itu, informasi yang akurat juga harus mencerminkan keadaan yang sebenarnya
#informasi
#deskripsi
#tomat #tomato
#fiesta
Bintang Asia Benih Citra Asia","100010485816243","Juna Idi","https://scontent.fvns1-1.fna.fbcdn.net/v/t39.30808-1/461951951_2304555956570576_887137630379071562_n.jpg?stp=cp0_dst-jpg_s32x32&_nc_cat=102&ccb=1-7&_nc_sid=50d2ac&_nc_ohc=AChAqoFSyPYQ7kNvgEUEpgc&_nc_ht=scontent.fvns1-1.fna&_nc_gid=Ajz8j-Mzd2eu9qYx49hNG7o&oh=00_AYBLx9pVzJXQr7R6Ey8DimOjWDPUJ4H3wf-87iegrwnupA&oe=67096817","https://www.facebook.com/jun.idi.395","Y29tbWVudDozMzI5MzE4NjQzODY1NzY0XzEyNjA1NTIxMjQ5MDY0MzY=","Juned konsumsi ya bang","2"
,,,,,,,,,,,,,,,,,,,"https://www.facebook.com/juned.82/posts/pfbid03EdjqXbUUQxH7tQASpNEFN7G91uEgMRRef1spfV8rDNno52AT7PAsYxbThdHQaDwl?comment_id=1260552124906436&reply_comment_id=916614047186208",,,,,,,,,,,,,,,,,,,"2024-10-03T15:51:24.000Z","3329318643865764","https://www.facebook.com/juned.82/posts/pfbid03EdjqXbUUQxH7tQASpNEFN7G91uEgMRRef1spfV8rDNno52AT7PAsYxbThdHQaDwl","ZmVlZGJhY2s6MzMyOTMxODY0Mzg2NTc2NF85MTY2MTQwNDcxODYyMDg=","Y29tbWVudDozMzI5MzE4NjQzODY1NzY0XzkxNjYxNDA0NzE4NjIwOA==","https://www.facebook.com/juned.82/posts/pfbid03EdjqXbUUQxH7tQASpNEFN7G91uEgMRRef1spfV8rDNno52AT7PAsYxbThdHQaDwl","0","382095361647867","false",,"User","100010485816243","Juna Idi","Juna","Y29tbWVudDozMzI5MzE4NjQzODY1NzY0XzEyNjA1NTIxMjQ5MDY0MzY=","Informasi yang akurat adalah informasi yang bebas dari kesalahan, tidak menyesatkan, dan jelas mencerminkan maksudnya. Selain itu, informasi yang akurat juga harus mencerminkan keadaan yang sebenarnya
#informasi
#deskripsi
#tomat #tomato
#fiesta
Bintang Asia Benih Citra Asia","100003629835056","Juned","https://scontent.fvns1-5.fna.fbcdn.net/v/t39.30808-1/461428209_3322997254497903_7230525068380943218_n.jpg?stp=cp0_dst-jpg_s32x32&_nc_cat=106&ccb=1-7&_nc_sid=50d2ac&_nc_ohc=i0qXMMnisbEQ7kNvgHpfr-B&_nc_ht=scontent.fvns1-5.fna&_nc_gid=Ajz8j-Mzd2eu9qYx49hNG7o&oh=00_AYAq1enDdK7SREwWCPUiuUtL8AMNwdbCZzL5xj1Qxfpsew&oe=67094567","https://www.facebook.com/juned.82","Y29tbWVudDozMzI5MzE4NjQzODY1NzY0XzEyNjA1NTIxMjQ5MDY0MzY=","Juna Idi ya untuk sayur konsumsi","2"
,,,,,,,,,,,,,,,,,,,"https://www.facebook.com/juned.82/posts/pfbid03EdjqXbUUQxH7tQASpNEFN7G91uEgMRRef1spfV8rDNno52AT7PAsYxbThdHQaDwl?comment_id=1260552124906436&reply_comment_id=511587538325067",,,,,,,,,,,,,,,,,,,"2024-10-03T15:52:10.000Z","3329318643865764","https://www.facebook.com/juned.82/posts/pfbid03EdjqXbUUQxH7tQASpNEFN7G91uEgMRRef1spfV8rDNno52AT7PAsYxbThdHQaDwl","ZmVlZGJhY2s6MzMyOTMxODY0Mzg2NTc2NF81MTE1ODc1MzgzMjUwNjc=","Y29tbWVudDozMzI5MzE4NjQzODY1NzY0XzUxMTU4NzUzODMyNTA2Nw==","https://www.facebook.com/juned.82/posts/pfbid03EdjqXbUUQxH7tQASpNEFN7G91uEgMRRef1spfV8rDNno52AT7PAsYxbThdHQaDwl","0","382095361647867","false",,"User","100010485816243","Juna Idi","Juna","Y29tbWVudDozMzI5MzE4NjQzODY1NzY0XzEyNjA1NTIxMjQ5MDY0MzY=","Informasi yang akurat adalah informasi yang bebas dari kesalahan, tidak menyesatkan, dan jelas mencerminkan maksudnya. Selain itu, informasi yang akurat juga harus mencerminkan keadaan yang sebenarnya
#informasi
#deskripsi
#tomat #tomato
#fiesta
Bintang Asia Benih Citra Asia","100010485816243","Juna Idi","https://scontent.fvns1-1.fna.fbcdn.net/v/t39.30808-1/461951951_2304555956570576_887137630379071562_n.jpg?stp=cp0_dst-jpg_s32x32&_nc_cat=102&ccb=1-7&_nc_sid=50d2ac&_nc_ohc=AChAqoFSyPYQ7kNvgEUEpgc&_nc_ht=scontent.fvns1-1.fna&_nc_gid=Ajz8j-Mzd2eu9qYx49hNG7o&oh=00_AYBLx9pVzJXQr7R6Ey8DimOjWDPUJ4H3wf-87iegrwnupA&oe=67096817","https://www.facebook.com/jun.idi.395","Y29tbWVudDozMzI5MzE4NjQzODY1NzY0XzEyNjA1NTIxMjQ5MDY0MzY=","Juned tak kira untuk produksi bibitnya","2"
,,,,,,,,,,,,,,,,,,,"https://www.facebook.com/juned.82/posts/pfbid03EdjqXbUUQxH7tQASpNEFN7G91uEgMRRef1spfV8rDNno52AT7PAsYxbThdHQaDwl?comment_id=3007150736099242&reply_comment_id=495556596688245",,,,,,,,,,,,,,,,,,"3","2024-10-03T15:10:36.000Z","3329318643865764","https://www.facebook.com/juned.82/posts/pfbid03EdjqXbUUQxH7tQASpNEFN7G91uEgMRRef1spfV8rDNno52AT7PAsYxbThdHQaDwl","ZmVlZGJhY2s6MzMyOTMxODY0Mzg2NTc2NF80OTU1NTY1OTY2ODgyNDU=","Y29tbWVudDozMzI5MzE4NjQzODY1NzY0XzQ5NTU1NjU5NjY4ODI0NQ==","https://www.facebook.com/juned.82/posts/pfbid03EdjqXbUUQxH7tQASpNEFN7G91uEgMRRef1spfV8rDNno52AT7PAsYxbThdHQaDwl","0","382095361647867","false",,"User","pfbid02LYGrLpi8knXnKFLaJ5YjoQgQWrPtsBUAszPAh1REyvvG79rvYvcpBiQ61RPDEFfDl","Pa'e Ilham Yadi","Pa'e Ilham","Y29tbWVudDozMzI5MzE4NjQzODY1NzY0XzMwMDcxNTA3MzYwOTkyNDI=","Informasi yang akurat adalah informasi yang bebas dari kesalahan, tidak menyesatkan, dan jelas mencerminkan maksudnya. Selain itu, informasi yang akurat juga harus mencerminkan keadaan yang sebenarnya
#informasi
#deskripsi
#tomat #tomato
#fiesta
Bintang Asia Benih Citra Asia","100003629835056","Juned","https://scontent-lhr8-2.xx.fbcdn.net/v/t39.30808-1/461428209_3322997254497903_7230525068380943218_n.jpg?stp=cp0_dst-jpg_s32x32&_nc_cat=106&ccb=1-7&_nc_sid=50d2ac&_nc_ohc=i0qXMMnisbEQ7kNvgGWO959&_nc_ht=scontent-lhr8-2.xx&_nc_gid=ARQNhho-2P10qRXsdgQoA7n&oh=00_AYAh4aI8W8yAkvTTrhsKwa3ECgkDTaG5tbl5ZiCuYvnN_w&oe=67094567","https://www.facebook.com/juned.82","Y29tbWVudDozMzI5MzE4NjQzODY1NzY0XzMwMDcxNTA3MzYwOTkyNDI=","Pa'e Ilham Yadi cari saja dikios resmi terdekat","1"
,,,,,,,,,,,,,,,,,,,"https://www.facebook.com/juned.82/posts/pfbid03EdjqXbUUQxH7tQASpNEFN7G91uEgMRRef1spfV8rDNno52AT7PAsYxbThdHQaDwl?comment_id=3007150736099242&reply_comment_id=862258332562257",,,,,,,,,,,,,,,,,,,"2024-10-03T15:48:14.000Z","3329318643865764","https://www.facebook.com/juned.82/posts/pfbid03EdjqXbUUQxH7tQASpNEFN7G91uEgMRRef1spfV8rDNno52AT7PAsYxbThdHQaDwl","ZmVlZGJhY2s6MzMyOTMxODY0Mzg2NTc2NF84NjIyNTgzMzI1NjIyNTc=","Y29tbWVudDozMzI5MzE4NjQzODY1NzY0Xzg2MjI1ODMzMjU2MjI1Nw==","https://www.facebook.com/juned.82/posts/pfbid03EdjqXbUUQxH7tQASpNEFN7G91uEgMRRef1spfV8rDNno52AT7PAsYxbThdHQaDwl","0","382095361647867","false",,"User","pfbid02LYGrLpi8knXnKFLaJ5YjoQgQWrPtsBUAszPAh1REyvvG79rvYvcpBiQ61RPDEFfDl","Pa'e Ilham Yadi","Pa'e Ilham","Y29tbWVudDozMzI5MzE4NjQzODY1NzY0XzMwMDcxNTA3MzYwOTkyNDI=","Informasi yang akurat adalah informasi yang bebas dari kesalahan, tidak menyesatkan, dan jelas mencerminkan maksudnya. Selain itu, informasi yang akurat juga harus mencerminkan keadaan yang sebenarnya
#informasi
#deskripsi
#tomat #tomato
#fiesta
Bintang Asia Benih Citra Asia","pfbid02LYGrLpi8knXnKFLaJ5YjoQgQWrPtsBUAszPAh1REyvvG79rvYvcpBiQ61RPDEFfDl","Pa'e Ilham Yadi","https://scontent-lhr8-2.xx.fbcdn.net/v/t39.30808-1/436153535_1839832366486566_1792363283211419772_n.jpg?stp=cp0_dst-jpg_s32x32&_nc_cat=101&ccb=1-7&_nc_sid=0ecb9b&_nc_ohc=Ky4QJbgv8TMQ7kNvgGFnZM4&_nc_ht=scontent-lhr8-2.xx&_nc_gid=ARQNhho-2P10qRXsdgQoA7n&oh=00_AYDSeFxk9Zo_hJ0vjsFivBZibGpci-TqX4IyGB32iKwBIQ&oe=67095A5E","https://www.facebook.com/paeilham.yadi","Y29tbWVudDozMzI5MzE4NjQzODY1NzY0XzMwMDcxNTA3MzYwOTkyNDI=","Juned untuk dataran rendah gmn pak","2"
,,,,,,,,,,,,,,,,,,,"https://www.facebook.com/juned.82/posts/pfbid03EdjqXbUUQxH7tQASpNEFN7G91uEgMRRef1spfV8rDNno52AT7PAsYxbThdHQaDwl?comment_id=3007150736099242&reply_comment_id=503503245850673",,,,,,,,,,,,,,,,,,,"2024-10-03T15:49:10.000Z","3329318643865764","https://www.facebook.com/juned.82/posts/pfbid03EdjqXbUUQxH7tQASpNEFN7G91uEgMRRef1spfV8rDNno52AT7PAsYxbThdHQaDwl","ZmVlZGJhY2s6MzMyOTMxODY0Mzg2NTc2NF81MDM1MDMyNDU4NTA2NzM=","Y29tbWVudDozMzI5MzE4NjQzODY1NzY0XzUwMzUwMzI0NTg1MDY3Mw==","https://www.facebook.com/juned.82/posts/pfbid03EdjqXbUUQxH7tQASpNEFN7G91uEgMRRef1spfV8rDNno52AT7PAsYxbThdHQaDwl","0","382095361647867","false",,"User","pfbid02LYGrLpi8knXnKFLaJ5YjoQgQWrPtsBUAszPAh1REyvvG79rvYvcpBiQ61RPDEFfDl","Pa'e Ilham Yadi","Pa'e Ilham","Y29tbWVudDozMzI5MzE4NjQzODY1NzY0XzMwMDcxNTA3MzYwOTkyNDI=","Informasi yang akurat adalah informasi yang bebas dari kesalahan, tidak menyesatkan, dan jelas mencerminkan maksudnya. Selain itu, informasi yang akurat juga harus mencerminkan keadaan yang sebenarnya
#informasi
#deskripsi
#tomat #tomato
#fiesta
Bintang Asia Benih Citra Asia","100003629835056","Juned","https://scontent-lhr8-2.xx.fbcdn.net/v/t39.30808-1/461428209_3322997254497903_7230525068380943218_n.jpg?stp=cp0_dst-jpg_s32x32&_nc_cat=106&ccb=1-7&_nc_sid=50d2ac&_nc_ohc=i0qXMMnisbEQ7kNvgGWO959&_nc_ht=scontent-lhr8-2.xx&_nc_gid=ARQNhho-2P10qRXsdgQoA7n&oh=00_AYAh4aI8W8yAkvTTrhsKwa3ECgkDTaG5tbl5ZiCuYvnN_w&oe=67094567","https://www.facebook.com/juned.82","Y29tbWVudDozMzI5MzE4NjQzODY1NzY0XzMwMDcxNTA3MzYwOTkyNDI=","Pa'e Ilham Yadi bagus bosku","2"
,,,,,,,,,,,,,,,,,,,"https://www.facebook.com/juned.82/posts/pfbid03EdjqXbUUQxH7tQASpNEFN7G91uEgMRRef1spfV8rDNno52AT7PAsYxbThdHQaDwl?comment_id=3007150736099242&reply_comment_id=516741927768714",,,,,,,,,,,,,,,,,,,"2024-10-03T15:50:51.000Z","3329318643865764","https://www.facebook.com/juned.82/posts/pfbid03EdjqXbUUQxH7tQASpNEFN7G91uEgMRRef1spfV8rDNno52AT7PAsYxbThdHQaDwl","ZmVlZGJhY2s6MzMyOTMxODY0Mzg2NTc2NF81MTY3NDE5Mjc3Njg3MTQ=","Y29tbWVudDozMzI5MzE4NjQzODY1NzY0XzUxNjc0MTkyNzc2ODcxNA==","https://www.facebook.com/juned.82/posts/pfbid03EdjqXbUUQxH7tQASpNEFN7G91uEgMRRef1spfV8rDNno52AT7PAsYxbThdHQaDwl","1","382095361647867","false",,"User","pfbid02LYGrLpi8knXnKFLaJ5YjoQgQWrPtsBUAszPAh1REyvvG79rvYvcpBiQ61RPDEFfDl","Pa'e Ilham Yadi","Pa'e Ilham","Y29tbWVudDozMzI5MzE4NjQzODY1NzY0XzMwMDcxNTA3MzYwOTkyNDI=","Informasi yang akurat adalah informasi yang bebas dari kesalahan, tidak menyesatkan, dan jelas mencerminkan maksudnya. Selain itu, informasi yang akurat juga harus mencerminkan keadaan yang sebenarnya
#informasi
#deskripsi
#tomat #tomato
#fiesta
Bintang Asia Benih Citra Asia","pfbid02LYGrLpi8knXnKFLaJ5YjoQgQWrPtsBUAszPAh1REyvvG79rvYvcpBiQ61RPDEFfDl","Pa'e Ilham Yadi","https://scontent-lhr8-2.xx.fbcdn.net/v/t39.30808-1/436153535_1839832366486566_1792363283211419772_n.jpg?stp=cp0_dst-jpg_s32x32&_nc_cat=101&ccb=1-7&_nc_sid=0ecb9b&_nc_ohc=Ky4QJbgv8TMQ7kNvgGFnZM4&_nc_ht=scontent-lhr8-2.xx&_nc_gid=ARQNhho-2P10qRXsdgQoA7n&oh=00_AYDSeFxk9Zo_hJ0vjsFivBZibGpci-TqX4IyGB32iKwBIQ&oe=67095A5E","https://www.facebook.com/paeilham.yadi","Y29tbWVudDozMzI5MzE4NjQzODY1NzY0XzMwMDcxNTA3MzYwOTkyNDI=","Juned oke nanti coba saya suruh petugas bintang Asia untuk mencarikan ya pak","2"
,,,,,,,,,,,,,,,,,,,"https://www.facebook.com/juned.82/posts/pfbid03EdjqXbUUQxH7tQASpNEFN7G91uEgMRRef1spfV8rDNno52AT7PAsYxbThdHQaDwl?comment_id=1075169130904490&reply_comment_id=502928846045009",,,,,,,,,,,,,,,,,,,"2024-10-06T00:17:38.000Z","3329318643865764","https://www.facebook.com/juned.82/posts/pfbid03EdjqXbUUQxH7tQASpNEFN7G91uEgMRRef1spfV8rDNno52AT7PAsYxbThdHQaDwl","ZmVlZGJhY2s6MzMyOTMxODY0Mzg2NTc2NF81MDI5Mjg4NDYwNDUwMDk=","Y29tbWVudDozMzI5MzE4NjQzODY1NzY0XzUwMjkyODg0NjA0NTAwOQ==","https://www.facebook.com/juned.82/posts/pfbid03EdjqXbUUQxH7tQASpNEFN7G91uEgMRRef1spfV8rDNno52AT7PAsYxbThdHQaDwl","0","382095361647867","false",,"User","100053589720753","Rejan Kedul Wah","Rejan","Y29tbWVudDozMzI5MzE4NjQzODY1NzY0XzEwNzUxNjkxMzA5MDQ0OTA=","Informasi yang akurat adalah informasi yang bebas dari kesalahan, tidak menyesatkan, dan jelas mencerminkan maksudnya. Selain itu, informasi yang akurat juga harus mencerminkan keadaan yang sebenarnya
#informasi
#deskripsi
#tomat #tomato
#fiesta
Bintang Asia Benih Citra Asia","100003629835056","Juned","https://scontent.fjdo10-1.fna.fbcdn.net/v/t39.30808-1/461428209_3322997254497903_7230525068380943218_n.jpg?stp=cp0_dst-jpg_s32x32&_nc_cat=106&ccb=1-7&_nc_sid=50d2ac&_nc_ohc=i0qXMMnisbEQ7kNvgFWfZrA&_nc_ht=scontent.fjdo10-1.fna&_nc_gid=AfCNxFZMlxKiErxymSkPquH&oh=00_AYDby59EFfke9pz8fSMSB8aMdeV5sx-YBFVRFKezLZ90cg&oe=67094567","https://www.facebook.com/juned.82","Y29tbWVudDozMzI5MzE4NjQzODY1NzY0XzEwNzUxNjkxMzA5MDQ0OTA=","Rejan Kedul Wah jeruti arak telu","1"
,,,,,,,,,,,,,,,,,,,"https://www.facebook.com/juned.82/posts/pfbid03EdjqXbUUQxH7tQASpNEFN7G91uEgMRRef1spfV8rDNno52AT7PAsYxbThdHQaDwl?comment_id=1075169130904490&reply_comment_id=1479576349422758",,,,,,,,,,,,,,,,,,,"2024-10-06T04:59:15.000Z","3329318643865764","https://www.facebook.com/juned.82/posts/pfbid03EdjqXbUUQxH7tQASpNEFN7G91uEgMRRef1spfV8rDNno52AT7PAsYxbThdHQaDwl","ZmVlZGJhY2s6MzMyOTMxODY0Mzg2NTc2NF8xNDc5NTc2MzQ5NDIyNzU4","Y29tbWVudDozMzI5MzE4NjQzODY1NzY0XzE0Nzk1NzYzNDk0MjI3NTg=","https://www.facebook.com/juned.82/posts/pfbid03EdjqXbUUQxH7tQASpNEFN7G91uEgMRRef1spfV8rDNno52AT7PAsYxbThdHQaDwl","0","382095361647867","false",,"User","100053589720753","Rejan Kedul Wah","Rejan","Y29tbWVudDozMzI5MzE4NjQzODY1NzY0XzEwNzUxNjkxMzA5MDQ0OTA=","Informasi yang akurat adalah informasi yang bebas dari kesalahan, tidak menyesatkan, dan jelas mencerminkan maksudnya. Selain itu, informasi yang akurat juga harus mencerminkan keadaan yang sebenarnya
#informasi
#deskripsi
#tomat #tomato
#fiesta
Bintang Asia Benih Citra Asia","100053589720753","Rejan Kedul Wah","https://scontent.fjdo10-1.fna.fbcdn.net/v/t39.30808-1/454501317_1047214780408170_4392688548695454746_n.jpg?stp=cp0_dst-jpg_s32x32&_nc_cat=108&ccb=1-7&_nc_sid=50d2ac&_nc_ohc=fVVYMHuidZgQ7kNvgF_ZrJj&_nc_ht=scontent.fjdo10-1.fna&_nc_gid=AfCNxFZMlxKiErxymSkPquH&oh=00_AYCxvcANAt9LBcHrKTqVFHVe05L9fjaeSrn2oWEbvshtsQ&oe=6709710E","https://www.facebook.com/rejan.kedulwah","Y29tbWVudDozMzI5MzE4NjQzODY1NzY0XzEwNzUxNjkxMzA5MDQ0OTA=","Juned mun sak tetu bare tecobak buek keriteng.","1"
