﻿"attachments/0/target/__typename","attachments/0/target/id","attachments/0/target/matching_quantity","attachments/0/target/spark_quantity","attachments/0/target/stars_image_on_star_quantity","attachments/0/target/virtual_gift","attachments/0/target/virtual_gift_type/__typename","attachments/0/target/virtual_gift_type/gift_animated_image","attachments/0/target/virtual_gift_type/gift_image","attachments/0/target/virtual_gift_type/gift_keyframe_asset_name","attachments/0/target/virtual_gift_type/gift_keyframe_asset_url","attachments/0/target/virtual_gift_type/id","commentUrl","comments/0/attachments/0/__typename","comments/0/attachments/0/animated_image","comments/0/attachments/0/frame_count","comments/0/attachments/0/frame_rate","comments/0/attachments/0/frames_per_column","comments/0/attachments/0/frames_per_row","comments/0/attachments/0/id","comments/0/attachments/0/image/height","comments/0/attachments/0/image/uri","comments/0/attachments/0/image/width","comments/0/attachments/0/label","comments/0/attachments/0/pack","comments/0/attachments/0/sprite_image","comments/0/commentUrl","comments/0/commentsCount","comments/0/date","comments/0/feedbackId","comments/0/id","comments/0/likesCount","comments/0/parentComment/author/__typename","comments/0/parentComment/author/id","comments/0/parentComment/author/name","comments/0/parentComment/author/short_name","comments/0/parentComment/id","comments/0/profileId","comments/0/profileName","comments/0/profilePicture","comments/0/profileUrl","comments/0/replyToCommentId","comments/0/text","comments/0/threadingDepth","comments/1/commentUrl","comments/1/date","comments/1/feedbackId","comments/1/id","comments/1/likesCount","comments/1/parentComment/author/__typename","comments/1/parentComment/author/id","comments/1/parentComment/author/name","comments/1/parentComment/author/short_name","comments/1/parentComment/id","comments/1/profileId","comments/1/profileName","comments/1/profilePicture","comments/1/profileUrl","comments/1/replyToCommentId","comments/1/text","comments/1/threadingDepth","comments/2/commentUrl","comments/2/date","comments/2/feedbackId","comments/2/id","comments/2/likesCount","comments/2/parentComment/author/__typename","comments/2/parentComment/author/id","comments/2/parentComment/author/name","comments/2/parentComment/author/short_name","comments/2/parentComment/id","comments/2/profileId","comments/2/profileName","comments/2/profilePicture","comments/2/profileUrl","comments/2/replyToCommentId","comments/2/text","comments/2/threadingDepth","comments/3/commentUrl","comments/3/date","comments/3/feedbackId","comments/3/id","comments/3/likesCount","comments/3/parentComment/author/__typename","comments/3/parentComment/author/id","comments/3/parentComment/author/name","comments/3/parentComment/author/short_name","comments/3/parentComment/id","comments/3/profileId","comments/3/profileName","comments/3/profilePicture","comments/3/profileUrl","comments/3/replyToCommentId","comments/3/text","comments/3/threadingDepth","commentsCount","date","facebookId","facebookUrl","feedbackId","id","inputUrl","likesCount","pageAdLibrary/id","pageAdLibrary/is_business_page_active","pageAdLibrary/woodhenge_creator_info","postTitle","profileId","profileName","profilePicture","profileUrl","text","threadingDepth"
,,,,,,,,,,,,"https://www.facebook.com/ilham.ajo.37604/posts/pfbid02kUmikn3qtNsAHDjoqRKiY2UD5wFBFUqWRbYRRSNg16eKLna3mHM9vp3X24jBGYuTl?comment_id=917450740193684",,,,,,,,,,,,,,,,,,,,,,,,,,,,,,,,,,,,,,,,,,,,,,,,,,,,,,,,,,,,,,,,,,,,,,,,,,,,,,,,,,,,"2024-09-09T02:58:15.000Z","2303073186702459","https://www.facebook.com/100009994003233/posts/2303073186702459","ZmVlZGJhY2s6MjMwMzA3MzE4NjcwMjQ1OV85MTc0NTA3NDAxOTM2ODQ=","Y29tbWVudDoyMzAzMDczMTg2NzAyNDU5XzkxNzQ1MDc0MDE5MzY4NA==","https://www.facebook.com/100009994003233/posts/2303073186702459","0","594736170688363","false",,"Pelamar CPNS Padati Kantor Pos Demi e-Materai 

#cpns2024 #cpns #SeputariNews #RCTI #indonesia","100009994003233","Ilham Bintang Asia","https://scontent.fcps3-1.fna.fbcdn.net/v/t39.30808-1/349801600_780566773437800_6977822504580595866_n.jpg?stp=cp0_dst-jpg_s32x32&_nc_cat=100&ccb=1-7&_nc_sid=50d2ac&_nc_ohc=F6dB1VJRWmIQ7kNvgE2xjrS&_nc_ht=scontent.fcps3-1.fna&_nc_gid=AW0oIlKwjYW3aGkJNsjyQoB&oh=00_AYDzzgo1YpowDDlNB_Wvq1-D-6j9DGRSry0WR6fa4DfFFA&oe=670A92FB","https://www.facebook.com/ilham.ajo.37604","Iyaaaa, Apalagi Nanam Cabe kena harga 6000, behhh Menyalaaa 🔥🔥🔥🤣🤣🤣","0"
,,,,,,,,,,,,"https://www.facebook.com/ilham.ajo.37604/posts/pfbid02kUmikn3qtNsAHDjoqRKiY2UD5wFBFUqWRbYRRSNg16eKLna3mHM9vp3X24jBGYuTl?comment_id=494219893319819",,,,,,,,,,,,,,,,,,,,,,,,,,,,,,,,,,,,,,,,,,,,,,,,,,,,,,,,,,,,,,,,,,,,,,,,,,,,,,,,,,,,"2024-09-08T06:38:04.000Z","2303073186702459","https://www.facebook.com/100009994003233/posts/2303073186702459","ZmVlZGJhY2s6MjMwMzA3MzE4NjcwMjQ1OV80OTQyMTk4OTMzMTk4MTk=","Y29tbWVudDoyMzAzMDczMTg2NzAyNDU5XzQ5NDIxOTg5MzMxOTgxOQ==","https://www.facebook.com/100009994003233/posts/2303073186702459","1","594736170688363","false",,"Pelamar CPNS Padati Kantor Pos Demi e-Materai 

#cpns2024 #cpns #SeputariNews #RCTI #indonesia","100000014005702","Tanz Ker'z","https://scontent.fcps3-1.fna.fbcdn.net/v/t39.30808-1/454344808_8505532036123845_7223475222426378890_n.jpg?stp=cp0_dst-jpg_s32x32&_nc_cat=110&ccb=1-7&_nc_sid=50d2ac&_nc_ohc=Igd_iqmz9LkQ7kNvgEaT4CM&_nc_ht=scontent.fcps3-1.fna&_nc_gid=AW0oIlKwjYW3aGkJNsjyQoB&oh=00_AYCIpP08M2NDFpphEHrNU47fEXWnaA_t5Ka04yxogJYzZw&oe=670A9F06","https://www.facebook.com/tanzkers","Mereka blm tau brtani itu.. Enak","0"
,,,,,,,,,,,,"https://www.facebook.com/ilham.ajo.37604/posts/pfbid0XsW6QAtCoA9qcmWcWfQJBD2TqFHyh9CP8XiMWeFcxU6noyyCTwoPPPgeW2iPzCX6l?comment_id=1061322525333457",,,,,,,,,,,,,,,,,,,,,,,,,,,,,,,,,,,,,,,,,,,,,,,,,,,,,,,,,,,,,,,,,,,,,,,,,,,,,,,,,,,,"2024-09-10T13:58:39.000Z","2305421773134267","https://www.facebook.com/100009994003233/posts/2305421773134267","ZmVlZGJhY2s6MjMwNTQyMTc3MzEzNDI2N18xMDYxMzIyNTI1MzMzNDU3","Y29tbWVudDoyMzA1NDIxNzczMTM0MjY3XzEwNjEzMjI1MjUzMzM0NTc=","https://www.facebook.com/100009994003233/posts/2305421773134267","0","200476579818147","false",,"Yang Baru, Yang Baruuuuu📢📢📢

LAZIO F1, 
Semangka Non Biji Cap Bintang Asia Produksi dari PT Benih Citra Asia 

Salam SEMUA ORANG @sorotan #Viral #fyp #semangka #petani Petani semangka Sumut Petani Semangka  Indonesia Petani Semangka Riau","pfbid02AA6CRnP3QZ4ces2xY3W3t1Lvhon3nnNNYgpZfRgKLvgJRGAs54zF4Wt3qAZ4m31ql","Edi JuraganBuah","https://scontent-den2-1.xx.fbcdn.net/v/t39.30808-1/420060586_386726180532509_8035400096464785425_n.jpg?stp=cp0_dst-jpg_s32x32&_nc_cat=104&ccb=1-7&_nc_sid=0ecb9b&_nc_ohc=d1zZAeF1R9wQ7kNvgGTzqON&_nc_ht=scontent-den2-1.xx&_nc_gid=AuWbL0K0d8CZKVBHQq2FjXR&oh=00_AYALH55zUTw6HeVjhYryuB3JIiaT9-PGCukTbmG469Yerw&oe=670A92FC","https://www.facebook.com/people/Edi-JuraganBuah/pfbid02AA6CRnP3QZ4ces2xY3W3t1Lvhon3nnNNYgpZfRgKLvgJRGAs54zF4Wt3qAZ4m31ql/","Loh indra kok ngak Eneng ngebel aq","0"
,,,,,,,,,,,,"https://www.facebook.com/ilham.ajo.37604/posts/pfbid0XsW6QAtCoA9qcmWcWfQJBD2TqFHyh9CP8XiMWeFcxU6noyyCTwoPPPgeW2iPzCX6l?comment_id=1238416613857142",,,,,,,,,,,,,,,,,,,,,,,,,,,,,,,,,,,,,,,,,,,,,,,,,,,,,,,,,,,,,,,,,,,,,,,,,,,,,,,,,,,,"2024-09-10T16:05:10.000Z","2305421773134267","https://www.facebook.com/100009994003233/posts/2305421773134267","ZmVlZGJhY2s6MjMwNTQyMTc3MzEzNDI2N18xMjM4NDE2NjEzODU3MTQy","Y29tbWVudDoyMzA1NDIxNzczMTM0MjY3XzEyMzg0MTY2MTM4NTcxNDI=","https://www.facebook.com/100009994003233/posts/2305421773134267","1","200476579818147","false",,"Yang Baru, Yang Baruuuuu📢📢📢

LAZIO F1, 
Semangka Non Biji Cap Bintang Asia Produksi dari PT Benih Citra Asia 

Salam SEMUA ORANG @sorotan #Viral #fyp #semangka #petani Petani semangka Sumut Petani Semangka  Indonesia Petani Semangka Riau","pfbid02W8NaTH6jhCV1p3HridzGhGyaMVWPstNL7kxarNd6zZTPeLL9f6RjiyXMXvGPdfrJl","Opeq Bintang Asia","https://scontent-den2-1.xx.fbcdn.net/v/t39.30808-1/440808755_122106493232287865_6230265854575499414_n.jpg?stp=cp0_dst-jpg_s32x32&_nc_cat=108&ccb=1-7&_nc_sid=0ecb9b&_nc_ohc=dY9sRwuLL3UQ7kNvgGrtNJ5&_nc_ht=scontent-den2-1.xx&_nc_gid=AuWbL0K0d8CZKVBHQq2FjXR&oh=00_AYDtugx2R-DTJxByEAh8audfpHR1FxZAYro-JdNkAC9d2A&oe=670AABAE","https://www.facebook.com/people/Opeq-Bintang-Asia/pfbid02W8NaTH6jhCV1p3HridzGhGyaMVWPstNL7kxarNd6zZTPeLL9f6RjiyXMXvGPdfrJl/","Jossss","0"
,,,,,,,,,,,,"https://www.facebook.com/ilham.ajo.37604/posts/pfbid0XsW6QAtCoA9qcmWcWfQJBD2TqFHyh9CP8XiMWeFcxU6noyyCTwoPPPgeW2iPzCX6l?comment_id=846333400975801",,,,,,,,,,,,,,,,,,,,,,,,,,,,,,,,,,,,,,,,,,,,,,,,,,,,,,,,,,,,,,,,,,,,,,,,,,,,,,,,,,,"1","2024-09-11T06:57:15.000Z","2305421773134267","https://www.facebook.com/100009994003233/posts/2305421773134267","ZmVlZGJhY2s6MjMwNTQyMTc3MzEzNDI2N184NDYzMzM0MDA5NzU4MDE=","Y29tbWVudDoyMzA1NDIxNzczMTM0MjY3Xzg0NjMzMzQwMDk3NTgwMQ==","https://www.facebook.com/100009994003233/posts/2305421773134267","1","200476579818147","false",,"Yang Baru, Yang Baruuuuu📢📢📢

LAZIO F1, 
Semangka Non Biji Cap Bintang Asia Produksi dari PT Benih Citra Asia 

Salam SEMUA ORANG @sorotan #Viral #fyp #semangka #petani Petani semangka Sumut Petani Semangka  Indonesia Petani Semangka Riau","pfbid02W8NaTH6jhCV1p3HridzGhGyaMVWPstNL7kxarNd6zZTPeLL9f6RjiyXMXvGPdfrJl","Opeq Bintang Asia","https://scontent-den2-1.xx.fbcdn.net/v/t39.30808-1/440808755_122106493232287865_6230265854575499414_n.jpg?stp=cp0_dst-jpg_s32x32&_nc_cat=108&ccb=1-7&_nc_sid=0ecb9b&_nc_ohc=dY9sRwuLL3UQ7kNvgGrtNJ5&_nc_ht=scontent-den2-1.xx&_nc_gid=AuWbL0K0d8CZKVBHQq2FjXR&oh=00_AYDtugx2R-DTJxByEAh8audfpHR1FxZAYro-JdNkAC9d2A&oe=670AABAE","https://www.facebook.com/people/Opeq-Bintang-Asia/pfbid02W8NaTH6jhCV1p3HridzGhGyaMVWPstNL7kxarNd6zZTPeLL9f6RjiyXMXvGPdfrJl/","Semangka bulat non biji.
Warna hijau agak gelap.
Buah besar.
Produksi tinggi.
Mudah perawatan.","0"
,,,,,,,,,,,,"https://www.facebook.com/ilham.ajo.37604/posts/pfbid0XsW6QAtCoA9qcmWcWfQJBD2TqFHyh9CP8XiMWeFcxU6noyyCTwoPPPgeW2iPzCX6l?comment_id=882484297150433",,,,,,,,,,,,,,,,,,,,,,,,,,,,,,,,,,,,,,,,,,,,,,,,,,,,,,,,,,,,,,,,,,,,,,,,,,,,,,,,,,,"1","2024-09-10T09:34:58.000Z","2305421773134267","https://www.facebook.com/100009994003233/posts/2305421773134267","ZmVlZGJhY2s6MjMwNTQyMTc3MzEzNDI2N184ODI0ODQyOTcxNTA0MzM=","Y29tbWVudDoyMzA1NDIxNzczMTM0MjY3Xzg4MjQ4NDI5NzE1MDQzMw==","https://www.facebook.com/100009994003233/posts/2305421773134267","1","200476579818147","false",,"Yang Baru, Yang Baruuuuu📢📢📢

LAZIO F1, 
Semangka Non Biji Cap Bintang Asia Produksi dari PT Benih Citra Asia 

Salam SEMUA ORANG @sorotan #Viral #fyp #semangka #petani Petani semangka Sumut Petani Semangka  Indonesia Petani Semangka Riau","100007578522755","Renzy Bintangasia","https://scontent-den2-1.xx.fbcdn.net/v/t39.30808-1/426012403_3605728109689771_2277782955804277447_n.jpg?stp=cp0_dst-jpg_s32x32&_nc_cat=104&ccb=1-7&_nc_sid=50d2ac&_nc_ohc=8B4n2B0-e5EQ7kNvgGtXA7Z&_nc_ht=scontent-den2-1.xx&_nc_gid=AuWbL0K0d8CZKVBHQq2FjXR&oh=00_AYAzo5pag2f4IsS8ejxzY_vZiJAFShEj_7AEQOoZv9ZFLA&oe=670A9EC4","https://www.facebook.com/renzi.prayuda","Mantapp boss","0"
,,,,,,,,,,,,"https://www.facebook.com/ilham.ajo.37604/posts/pfbid0XsW6QAtCoA9qcmWcWfQJBD2TqFHyh9CP8XiMWeFcxU6noyyCTwoPPPgeW2iPzCX6l?comment_id=8920764007937613",,,,,,,,,,,,,,,,,,,,,,,,,,,,,,,,,,,,,,,,,,,,,,,,,,,,,,,,,,,,,,,,,,,,,,,,,,,,,,,,,,,"3","2024-09-10T09:32:38.000Z","2305421773134267","https://www.facebook.com/100009994003233/posts/2305421773134267","ZmVlZGJhY2s6MjMwNTQyMTc3MzEzNDI2N184OTIwNzY0MDA3OTM3NjEz","Y29tbWVudDoyMzA1NDIxNzczMTM0MjY3Xzg5MjA3NjQwMDc5Mzc2MTM=","https://www.facebook.com/100009994003233/posts/2305421773134267","1","200476579818147","false",,"Yang Baru, Yang Baruuuuu📢📢📢

LAZIO F1, 
Semangka Non Biji Cap Bintang Asia Produksi dari PT Benih Citra Asia 

Salam SEMUA ORANG @sorotan #Viral #fyp #semangka #petani Petani semangka Sumut Petani Semangka  Indonesia Petani Semangka Riau","pfbid02KogZvFeENTBMLPMLWYRUhe7e3AZnpVH4Mumw9batrkv2raHKLKkScJs4sbJQyDrRl","Day Cylacap","https://scontent-den2-1.xx.fbcdn.net/v/t39.30808-1/277773726_708909393474776_5941731515323032694_n.jpg?stp=cp0_dst-jpg_s32x32&_nc_cat=100&ccb=1-7&_nc_sid=0ecb9b&_nc_ohc=eSxprtb3BlwQ7kNvgEJGDOt&_nc_ht=scontent-den2-1.xx&_nc_gid=AuWbL0K0d8CZKVBHQq2FjXR&oh=00_AYCeUYlLYvC0WKd8ZJIOohO-SYaW-FGhkPnmvniXyFoczA&oe=670AA28A","https://www.facebook.com/tabaco.tabaco.127","Melon merlin berapa bang?","0"
,,,,,,,,,,,,"https://www.facebook.com/ilham.ajo.37604/posts/pfbid0XsW6QAtCoA9qcmWcWfQJBD2TqFHyh9CP8XiMWeFcxU6noyyCTwoPPPgeW2iPzCX6l?comment_id=486324017658591",,,,,,,,,,,,,,,,,,,,,,,,,,,,,,,,,,,,,,,,,,,,,,,,,,,,,,,,,,,,,,,,,,,,,,,,,,,,,,,,,,,"1","2024-09-10T09:15:59.000Z","2305421773134267","https://www.facebook.com/100009994003233/posts/2305421773134267","ZmVlZGJhY2s6MjMwNTQyMTc3MzEzNDI2N180ODYzMjQwMTc2NTg1OTE=","Y29tbWVudDoyMzA1NDIxNzczMTM0MjY3XzQ4NjMyNDAxNzY1ODU5MQ==","https://www.facebook.com/100009994003233/posts/2305421773134267","1","200476579818147","false",,"Yang Baru, Yang Baruuuuu📢📢📢

LAZIO F1, 
Semangka Non Biji Cap Bintang Asia Produksi dari PT Benih Citra Asia 

Salam SEMUA ORANG @sorotan #Viral #fyp #semangka #petani Petani semangka Sumut Petani Semangka  Indonesia Petani Semangka Riau","pfbid0Xwyo6Upxrm9ntav6vZ7yLCmZVHNDRKi2uLzBHUVJnk8pMH2p8tmom2N9bfHviJWel","Yospiqmi Rizal Bintang Asia","https://scontent-den2-1.xx.fbcdn.net/v/t1.18169-1/12814133_605474156274254_1255382583968893776_n.jpg?stp=cp0_dst-jpg_s32x32&_nc_cat=107&ccb=1-7&_nc_sid=e4545e&_nc_ohc=VqzX_unRrmMQ7kNvgHBTePq&_nc_ht=scontent-den2-1.xx&oh=00_AYDYXjIGBLasgtD1hvvGozgX_iPbDNjtg2yiOPaWtjXwSQ&oe=672C3C3C","https://www.facebook.com/yospiqmi.rizal","Gas gas","0"
,,,,,,,,,,,,"https://www.facebook.com/ilham.ajo.37604/posts/pfbid0XsW6QAtCoA9qcmWcWfQJBD2TqFHyh9CP8XiMWeFcxU6noyyCTwoPPPgeW2iPzCX6l?comment_id=539377082087489",,,,,,,,,,,,,,,,,,,,,,,,,,,,,,,,,,,,,,,,,,,,,,,,,,,,,,,,,,,,,,,,,,,,,,,,,,,,,,,,,,,"1","2024-09-10T08:49:13.000Z","2305421773134267","https://www.facebook.com/100009994003233/posts/2305421773134267","ZmVlZGJhY2s6MjMwNTQyMTc3MzEzNDI2N181MzkzNzcwODIwODc0ODk=","Y29tbWVudDoyMzA1NDIxNzczMTM0MjY3XzUzOTM3NzA4MjA4NzQ4OQ==","https://www.facebook.com/100009994003233/posts/2305421773134267","1","200476579818147","false",,"Yang Baru, Yang Baruuuuu📢📢📢

LAZIO F1, 
Semangka Non Biji Cap Bintang Asia Produksi dari PT Benih Citra Asia 

Salam SEMUA ORANG @sorotan #Viral #fyp #semangka #petani Petani semangka Sumut Petani Semangka  Indonesia Petani Semangka Riau","pfbid02Xz44TsdREB2LrYQgNf2ofWjEjt2FhT999MxrnxxpUkj9HT2zzMvvnw1DPFA19kmZl","Ridwan Ginting","https://scontent-den2-1.xx.fbcdn.net/v/t39.30808-1/279276989_4979936008741849_5383372950907656773_n.jpg?stp=cp0_dst-jpg_s32x32&_nc_cat=106&ccb=1-7&_nc_sid=0ecb9b&_nc_ohc=1BMwM4XzUfAQ7kNvgGbtph9&_nc_ht=scontent-den2-1.xx&_nc_gid=AuWbL0K0d8CZKVBHQq2FjXR&oh=00_AYAovZiilSv8r13axYLI1jgwHM654-O-B1qSqOaGE-_X2g&oe=670AA95D",,"Mantap..","0"
,,,,,,,,,,,,"https://www.facebook.com/ilham.ajo.37604/posts/pfbid02JoanGS88Uhfw1ETfMuJDGUjNkC3PqmzSzckyPKh2toJqvCmp99uNG7hgKhdxhTXwl?comment_id=2338752913123495",,,,,,,,,,,,,,,,,,,,,,,,,,,,,,,,,,,,,,,,,,,,,,,,,,,,,,,,,,,,,,,,,,,,,,,,,,,,,,,,,,,"1","2024-09-09T02:58:56.000Z","2302586876751090","https://www.facebook.com/100009994003233/posts/2302586876751090","ZmVlZGJhY2s6MjMwMjU4Njg3Njc1MTA5MF8yMzM4NzUyOTEzMTIzNDk1","Y29tbWVudDoyMzAyNTg2ODc2NzUxMDkwXzIzMzg3NTI5MTMxMjM0OTU=","https://www.facebook.com/100009994003233/posts/2302586876751090","1","357880607403962","false",,"Benih Cabe Kriting JURO f1 di Banjarwangi Kabupaten Garut
 Semoga harga buah cabenya naik lagi. aamiin
Jangan Ragu tanam cabe JURO f1 sudah terbukti hasilnya
Smoga selalu diberikan kesehatan dan kelancaran
Sayangi Ayah dan Ibu selagi ada, yang sudah tiada mudah mudahan ahli surga.. Aamiin
Selalu bersyukur dan tetap semangat mencari ridho Alloh #benihbintangasia
 #benihcabe
#fyp
Benih Citra Asia Bintang Asia Lembang pengikut #fbpro","100009994003233","Ilham Bintang Asia","https://scontent-gru1-2.xx.fbcdn.net/v/t39.30808-1/349801600_780566773437800_6977822504580595866_n.jpg?stp=cp0_dst-jpg_s32x32&_nc_cat=100&ccb=1-7&_nc_sid=50d2ac&_nc_ohc=F6dB1VJRWmIQ7kNvgHGGfa2&_nc_ht=scontent-gru1-2.xx&_nc_gid=AnXlUfd3APxvEM7fw7r51x4&oh=00_AYByMUa8pvsLvFr1efDbcciB6FykA0LfAp7Sb9-mG6nISw&oe=670A92FB","https://www.facebook.com/ilham.ajo.37604","Sementara ga Nerima Info sampel maseeh🤣🤣🤣","0"
,,,,,,,,,,,,"https://www.facebook.com/ilham.ajo.37604/posts/pfbid02JoanGS88Uhfw1ETfMuJDGUjNkC3PqmzSzckyPKh2toJqvCmp99uNG7hgKhdxhTXwl?comment_id=1054265915593734",,,,,,,,,,,,,,,,,,,,,,,,,,,,,,,,,,,,,,,,,,,,,,,,,,,,,,,,,,,,,,,,,,,,,,,,,,,,,,,,,,,,"2024-09-07T17:29:07.000Z","2302586876751090","https://www.facebook.com/100009994003233/posts/2302586876751090","ZmVlZGJhY2s6MjMwMjU4Njg3Njc1MTA5MF8xMDU0MjY1OTE1NTkzNzM0","Y29tbWVudDoyMzAyNTg2ODc2NzUxMDkwXzEwNTQyNjU5MTU1OTM3MzQ=","https://www.facebook.com/100009994003233/posts/2302586876751090","1","357880607403962","false",,"Benih Cabe Kriting JURO f1 di Banjarwangi Kabupaten Garut
 Semoga harga buah cabenya naik lagi. aamiin
Jangan Ragu tanam cabe JURO f1 sudah terbukti hasilnya
Smoga selalu diberikan kesehatan dan kelancaran
Sayangi Ayah dan Ibu selagi ada, yang sudah tiada mudah mudahan ahli surga.. Aamiin
Selalu bersyukur dan tetap semangat mencari ridho Alloh #benihbintangasia
 #benihcabe
#fyp
Benih Citra Asia Bintang Asia Lembang pengikut #fbpro","100000545071653","Purwatmo","https://scontent-gru2-1.xx.fbcdn.net/v/t1.6435-1/200534994_4652958671398923_7305055847964907339_n.jpg?stp=cp0_dst-jpg_s32x32&_nc_cat=109&ccb=1-7&_nc_sid=db5862&_nc_ohc=7YpxpznxfnYQ7kNvgHzFrk2&_nc_ht=scontent-gru2-1.xx&_nc_gid=AnXlUfd3APxvEM7fw7r51x4&oh=00_AYAk9aphIm0akSxmmYeHnUyi7EVqRvoVyXrcnvbJWv4Hxg&oe=672C3215","https://www.facebook.com/lahinishiapha","Infone maseh. 😂🤣","0"
,,,,,,,,,,,,"https://www.facebook.com/ilham.ajo.37604/posts/pfbid02JoanGS88Uhfw1ETfMuJDGUjNkC3PqmzSzckyPKh2toJqvCmp99uNG7hgKhdxhTXwl?comment_id=3443191599314539",,,,,,,,,,,,,,,,,,,,,,,,,,,,,,,,,,,,,,,,,,,,,,,,,,,,,,,,,,,,,,,,,,,,,,,,,,,,,,,,,,,"1","2024-09-09T08:40:46.000Z","2302586876751090","https://www.facebook.com/100009994003233/posts/2302586876751090","ZmVlZGJhY2s6MjMwMjU4Njg3Njc1MTA5MF8zNDQzMTkxNTk5MzE0NTM5","Y29tbWVudDoyMzAyNTg2ODc2NzUxMDkwXzM0NDMxOTE1OTkzMTQ1Mzk=","https://www.facebook.com/100009994003233/posts/2302586876751090","1","357880607403962","false",,"Benih Cabe Kriting JURO f1 di Banjarwangi Kabupaten Garut
 Semoga harga buah cabenya naik lagi. aamiin
Jangan Ragu tanam cabe JURO f1 sudah terbukti hasilnya
Smoga selalu diberikan kesehatan dan kelancaran
Sayangi Ayah dan Ibu selagi ada, yang sudah tiada mudah mudahan ahli surga.. Aamiin
Selalu bersyukur dan tetap semangat mencari ridho Alloh #benihbintangasia
 #benihcabe
#fyp
Benih Citra Asia Bintang Asia Lembang pengikut #fbpro","100006759276024","Kopi Susu","https://scontent-gru1-2.xx.fbcdn.net/v/t39.30808-1/462022746_3878041979097740_7802299335533411859_n.jpg?stp=cp0_dst-jpg_s32x32&_nc_cat=103&ccb=1-7&_nc_sid=50d2ac&_nc_ohc=g-nb1vpjukEQ7kNvgFMr-wO&_nc_ht=scontent-gru1-2.xx&_nc_gid=AnXlUfd3APxvEM7fw7r51x4&oh=00_AYB11eF22itP-gUCFtUsASRf12SjZf1ColHvvOSlwzwL3g&oe=670A8BED","https://www.facebook.com/razu.geng.7","Apa ad info Sempel izin bertanya","0"
,,,,,,,,,,,,"https://www.facebook.com/ilham.ajo.37604/posts/pfbid02JoanGS88Uhfw1ETfMuJDGUjNkC3PqmzSzckyPKh2toJqvCmp99uNG7hgKhdxhTXwl?comment_id=1065674808482015",,,,,,,,,,,,,,,,,,,,,,,,,,,,,,,,,,,,,,,,,,,,,,,,,,,,,,,,,,,,,,,,,,,,,,,,,,,,,,,,,,,"1","2024-09-09T13:13:49.000Z","2302586876751090","https://www.facebook.com/100009994003233/posts/2302586876751090","ZmVlZGJhY2s6MjMwMjU4Njg3Njc1MTA5MF8xMDY1Njc0ODA4NDgyMDE1","Y29tbWVudDoyMzAyNTg2ODc2NzUxMDkwXzEwNjU2NzQ4MDg0ODIwMTU=","https://www.facebook.com/100009994003233/posts/2302586876751090","1","357880607403962","false",,"Benih Cabe Kriting JURO f1 di Banjarwangi Kabupaten Garut
 Semoga harga buah cabenya naik lagi. aamiin
Jangan Ragu tanam cabe JURO f1 sudah terbukti hasilnya
Smoga selalu diberikan kesehatan dan kelancaran
Sayangi Ayah dan Ibu selagi ada, yang sudah tiada mudah mudahan ahli surga.. Aamiin
Selalu bersyukur dan tetap semangat mencari ridho Alloh #benihbintangasia
 #benihcabe
#fyp
Benih Citra Asia Bintang Asia Lembang pengikut #fbpro","100000545071653","Purwatmo","https://scontent-gru2-1.xx.fbcdn.net/v/t1.6435-1/200534994_4652958671398923_7305055847964907339_n.jpg?stp=cp0_dst-jpg_s32x32&_nc_cat=109&ccb=1-7&_nc_sid=db5862&_nc_ohc=7YpxpznxfnYQ7kNvgHzFrk2&_nc_ht=scontent-gru2-1.xx&_nc_gid=AnXlUfd3APxvEM7fw7r51x4&oh=00_AYAk9aphIm0akSxmmYeHnUyi7EVqRvoVyXrcnvbJWv4Hxg&oe=672C3215","https://www.facebook.com/lahinishiapha","Infone maseh 😂🤭","0"
,,,,,,,,,,,,"https://www.facebook.com/ilham.ajo.37604/posts/pfbid02JoanGS88Uhfw1ETfMuJDGUjNkC3PqmzSzckyPKh2toJqvCmp99uNG7hgKhdxhTXwl?comment_id=1483294456396545",,,,,,,,,,,,,,,,,,,,,,,,,,,,,,,,,,,,,,,,,,,,,,,,,,,,,,,,,,,,,,,,,,,,,,,,,,,,,,,,,,,"1","2024-09-07T04:14:38.000Z","2302586876751090","https://www.facebook.com/100009994003233/posts/2302586876751090","ZmVlZGJhY2s6MjMwMjU4Njg3Njc1MTA5MF8xNDgzMjk0NDU2Mzk2NTQ1","Y29tbWVudDoyMzAyNTg2ODc2NzUxMDkwXzE0ODMyOTQ0NTYzOTY1NDU=","https://www.facebook.com/100009994003233/posts/2302586876751090","1","357880607403962","false",,"Benih Cabe Kriting JURO f1 di Banjarwangi Kabupaten Garut
 Semoga harga buah cabenya naik lagi. aamiin
Jangan Ragu tanam cabe JURO f1 sudah terbukti hasilnya
Smoga selalu diberikan kesehatan dan kelancaran
Sayangi Ayah dan Ibu selagi ada, yang sudah tiada mudah mudahan ahli surga.. Aamiin
Selalu bersyukur dan tetap semangat mencari ridho Alloh #benihbintangasia
 #benihcabe
#fyp
Benih Citra Asia Bintang Asia Lembang pengikut #fbpro","100082808232492","Mukhlis Aly","https://scontent-gru2-2.xx.fbcdn.net/v/t39.30808-1/363383418_258358513601088_7530675457758598766_n.jpg?stp=cp0_dst-jpg_s32x32&_nc_cat=105&ccb=1-7&_nc_sid=50d2ac&_nc_ohc=fq15lFF_VO0Q7kNvgESQLwo&_nc_ht=scontent-gru2-2.xx&_nc_gid=AnXlUfd3APxvEM7fw7r51x4&oh=00_AYClH4e4VoBIHtvPprNO3aoz3F3dCMZSacTVTAJGRmIuXA&oe=670AB24D","https://www.facebook.com/people/Mukhlis-Aly/100082808232492/","Dataran apa bg","0"
,,,,,,,,,,,,"https://www.facebook.com/ilham.ajo.37604/posts/pfbid02JoanGS88Uhfw1ETfMuJDGUjNkC3PqmzSzckyPKh2toJqvCmp99uNG7hgKhdxhTXwl?comment_id=458075047235767",,,,,,,,,,,,,,,,,,,,,,,,,,,,,,,,,,,,,,,,,,,,,,,,,,,,,,,,,,,,,,,,,,,,,,,,,,,,,,,,,,,"1","2024-09-07T07:43:52.000Z","2302586876751090","https://www.facebook.com/100009994003233/posts/2302586876751090","ZmVlZGJhY2s6MjMwMjU4Njg3Njc1MTA5MF80NTgwNzUwNDcyMzU3Njc=","Y29tbWVudDoyMzAyNTg2ODc2NzUxMDkwXzQ1ODA3NTA0NzIzNTc2Nw==","https://www.facebook.com/100009994003233/posts/2302586876751090","1","357880607403962","false",,"Benih Cabe Kriting JURO f1 di Banjarwangi Kabupaten Garut
 Semoga harga buah cabenya naik lagi. aamiin
Jangan Ragu tanam cabe JURO f1 sudah terbukti hasilnya
Smoga selalu diberikan kesehatan dan kelancaran
Sayangi Ayah dan Ibu selagi ada, yang sudah tiada mudah mudahan ahli surga.. Aamiin
Selalu bersyukur dan tetap semangat mencari ridho Alloh #benihbintangasia
 #benihcabe
#fyp
Benih Citra Asia Bintang Asia Lembang pengikut #fbpro","100002134479739","Suhar Bae","https://scontent-gru1-2.xx.fbcdn.net/v/t39.30808-1/412580384_6968306366583777_5715614306047200285_n.jpg?stp=cp0_dst-jpg_s32x32&_nc_cat=110&ccb=1-7&_nc_sid=50d2ac&_nc_ohc=AjIH9mcKTOUQ7kNvgGAdCh_&_nc_ht=scontent-gru1-2.xx&_nc_gid=AnXlUfd3APxvEM7fw7r51x4&oh=00_AYCUSS7aN6SXbWgt98nogLBdgkeXQO20oGPTygy00FJKGg&oe=670AB94D","https://www.facebook.com/ArdySibocahHcuLuNn","Bisa ham tu dsni","0"
,,,,,,,,,,,,"https://www.facebook.com/ilham.ajo.37604/videos/1470864753613778/?comment_id=500265439512362",,,,,,,,,,,,,,,,,,,,,,,,,,,,,,,,,,,,,,,,,,,,,,,,,,,,,,,,,,,,,,,,,,,,,,,,,,,,,,,,,,,,"2024-10-07T13:25:04.000Z","1470864753613778","https://www.facebook.com/100009994003233/posts/1470864753613778","ZmVlZGJhY2s6MTQ3MDg2NDc1MzYxMzc3OF81MDAyNjU0Mzk1MTIzNjI=","Y29tbWVudDoxNDcwODY0NzUzNjEzNzc4XzUwMDI2NTQzOTUxMjM2Mg==","https://www.facebook.com/100009994003233/posts/1470864753613778","0",,,,"Ilham Bintang Asia was live.","100038922829495","Pristiono","https://scontent-lga3-1.xx.fbcdn.net/v/t39.30808-1/452932551_1166455857995164_7691723383331902161_n.jpg?stp=cp0_dst-jpg_s32x32&_nc_cat=103&ccb=1-7&_nc_sid=50d2ac&_nc_ohc=GrZXACt6-WwQ7kNvgF4uV5o&_nc_ht=scontent-lga3-1.xx&_nc_gid=AESP8Ml0AtdOKaNeFoNHMsj&oh=00_AYDzbNbfxfZCymzi4a31XSvxyQQJzzmBAhTBi340fXNxAQ&oe=670AB6DB","https://www.facebook.com/pristiono.pristiono.35","Mantep.... Kang....","0"
,,,,,,,,,,,,"https://www.facebook.com/ilham.ajo.37604/videos/1470864753613778/?comment_id=509093018675043",,,,,,,,,,,,,,"https://www.facebook.com/ilham.ajo.37604/videos/1470864753613778/?comment_id=509093018675043&reply_comment_id=1969180636932186","1","2024-10-07T09:48:02.000Z","ZmVlZGJhY2s6MTQ3MDg2NDc1MzYxMzc3OF8xOTY5MTgwNjM2OTMyMTg2","Y29tbWVudDoxNDcwODY0NzUzNjEzNzc4XzE5NjkxODA2MzY5MzIxODY=","1","User","pfbid02ybrfXAoDhFBnS3U4PfVWcw8yEibU1WLioRbSJwx9QXvAkSjXNjV8JMMnP4Pt4ixcl","Ahmad Sodikin","Ahmad","Y29tbWVudDoxNDcwODY0NzUzNjEzNzc4XzUwOTA5MzAxODY3NTA0Mw==","pfbid02Xz44TsdREB2LrYQgNf2ofWjEjt2FhT999MxrnxxpUkj9HT2zzMvvnw1DPFA19kmZl","Ridwan Ginting","https://scontent-lga3-1.xx.fbcdn.net/v/t39.30808-1/279276989_4979936008741849_5383372950907656773_n.jpg?stp=cp0_dst-jpg_s32x32&_nc_cat=106&ccb=1-7&_nc_sid=0ecb9b&_nc_ohc=1BMwM4XzUfAQ7kNvgF3A7V9&_nc_ht=scontent-lga3-1.xx&_nc_gid=AESP8Ml0AtdOKaNeFoNHMsj&oh=00_AYCezcTmOan6QojV6DGmgvDUIlvfSwWCILLv4XgrNiib-g&oe=670AA95D",,"Y29tbWVudDoxNDcwODY0NzUzNjEzNzc4XzUwOTA5MzAxODY3NTA0Mw==","Ahmad Sodikin memang beliau ini pemain senyap mas..🤣","1","https://www.facebook.com/ilham.ajo.37604/videos/1470864753613778/?comment_id=509093018675043&reply_comment_id=384464464602043","2024-10-07T10:42:03.000Z","ZmVlZGJhY2s6MTQ3MDg2NDc1MzYxMzc3OF8zODQ0NjQ0NjQ2MDIwNDM=","Y29tbWVudDoxNDcwODY0NzUzNjEzNzc4XzM4NDQ2NDQ2NDYwMjA0Mw==","0","User","pfbid02ybrfXAoDhFBnS3U4PfVWcw8yEibU1WLioRbSJwx9QXvAkSjXNjV8JMMnP4Pt4ixcl","Ahmad Sodikin","Ahmad","Y29tbWVudDoxNDcwODY0NzUzNjEzNzc4XzUwOTA5MzAxODY3NTA0Mw==","100009994003233","Ilham Bintang Asia","https://scontent-lga3-2.xx.fbcdn.net/v/t39.30808-1/349801600_780566773437800_6977822504580595866_n.jpg?stp=cp0_dst-jpg_s32x32&_nc_cat=100&ccb=1-7&_nc_sid=50d2ac&_nc_ohc=F6dB1VJRWmIQ7kNvgEt1L9D&_nc_ht=scontent-lga3-2.xx&_nc_gid=AESP8Ml0AtdOKaNeFoNHMsj&oh=00_AYCBUafmF____vdL02zcGW2ZNaNlQP06182VnYl3ngZDzg&oe=670A92FB","https://www.facebook.com/ilham.ajo.37604","Y29tbWVudDoxNDcwODY0NzUzNjEzNzc4XzUwOTA5MzAxODY3NTA0Mw==","Ridwan Ginting Jalur Senyap 😂","2",,,,,,,,,,,,,,,,,,,,,,,,,,,,,,,,,,,"2","2024-10-07T09:27:37.000Z","1470864753613778","https://www.facebook.com/100009994003233/posts/1470864753613778","ZmVlZGJhY2s6MTQ3MDg2NDc1MzYxMzc3OF81MDkwOTMwMTg2NzUwNDM=","Y29tbWVudDoxNDcwODY0NzUzNjEzNzc4XzUwOTA5MzAxODY3NTA0Mw==","https://www.facebook.com/100009994003233/posts/1470864753613778","1",,,,"Ilham Bintang Asia was live.","pfbid02ybrfXAoDhFBnS3U4PfVWcw8yEibU1WLioRbSJwx9QXvAkSjXNjV8JMMnP4Pt4ixcl","Ahmad Sodikin","https://scontent-lga3-1.xx.fbcdn.net/v/t39.30808-1/251741695_4945126308833697_950876489050914464_n.jpg?stp=cp0_dst-jpg_s32x32&_nc_cat=102&ccb=1-7&_nc_sid=0ecb9b&_nc_ohc=mN5n1evU9nEQ7kNvgG87ISY&_nc_ht=scontent-lga3-1.xx&_nc_gid=AESP8Ml0AtdOKaNeFoNHMsj&oh=00_AYCdbdBY7FBSTLBPYz1IwxQbVYP5v8oojmKtgyQcla80AA&oe=670AA238","https://www.facebook.com/asodiky","Gk ada suaranya bos","0"
,,,,,,,,,,,,"https://www.facebook.com/ilham.ajo.37604/videos/933116322146636/?comment_id=1048126470154341","Sticker",,"1","83","1","1","1215433663240162","128","https://scontent.fari1-1.fna.fbcdn.net/v/t39.1997-6/452948108_1215433666573495_2858886655405797952_n.png?stp=dst-png_s168x128&_nc_cat=108&ccb=1-7&_nc_sid=23dd7b&_nc_ohc=mYBwJXcWy4QQ7kNvgGanVTU&_nc_ht=scontent.fari1-1.fna&_nc_gid=AcSBA6O5D19Lme5aeAt_cIa&oh=00_AYDOcpBdprrUAfJWLsi3y-xdJdqfNbvVLJ7WCyYCvcA9Tw&oe=670AA322","128","",,,"https://www.facebook.com/ilham.ajo.37604/videos/933116322146636/?comment_id=1048126470154341&reply_comment_id=1078214373825130",,"2024-09-07T14:50:00.000Z","ZmVlZGJhY2s6MjMwMzA0NDUzNjcwNTMyNF8xMDc4MjE0MzczODI1MTMw","Y29tbWVudDoyMzAzMDQ0NTM2NzA1MzI0XzEwNzgyMTQzNzM4MjUxMzA=","0","User","100007578522755","Renzy Bintangasia","Renzy","Y29tbWVudDoyMzAzMDQ0NTM2NzA1MzI0XzEwNDgxMjY0NzAxNTQzNDE=","100009994003233","Ilham Bintang Asia","https://scontent.fari1-1.fna.fbcdn.net/v/t39.30808-1/349801600_780566773437800_6977822504580595866_n.jpg?stp=cp0_dst-jpg_s32x32&_nc_cat=100&ccb=1-7&_nc_sid=50d2ac&_nc_ohc=F6dB1VJRWmIQ7kNvgF2uP-l&_nc_ht=scontent.fari1-1.fna&_nc_gid=AcSBA6O5D19Lme5aeAt_cIa&oh=00_AYBzQXHwdvA-jYIiuZMYLVkCpBC7gLY56ZsT82f7aFNT1g&oe=670A92FB","https://www.facebook.com/ilham.ajo.37604","Y29tbWVudDoyMzAzMDQ0NTM2NzA1MzI0XzEwNDgxMjY0NzAxNTQzNDE=","Renzy Bintangasia Muroooppp🔥","1",,,,,,,,,,,,,,,,,,,,,,,,,,,,,,,,,,,,,,,,,,,,,,,,,,,,"1","2024-09-07T14:48:16.000Z","2303044536705324","https://www.facebook.com/100009994003233/posts/2303044536705324","ZmVlZGJhY2s6MjMwMzA0NDUzNjcwNTMyNF8xMDQ4MTI2NDcwMTU0MzQx","Y29tbWVudDoyMzAzMDQ0NTM2NzA1MzI0XzEwNDgxMjY0NzAxNTQzNDE=","https://www.facebook.com/100009994003233/posts/2303044536705324","1",,,,"Ingatlah, Pekerjaan Akan terasa Ringan Bila Tidak Dikerjakan....

@sorotan SEMUA ORANG #fyp #Virall","100007578522755","Renzy Bintangasia","https://scontent.fari1-1.fna.fbcdn.net/v/t39.30808-1/426012403_3605728109689771_2277782955804277447_n.jpg?stp=cp0_dst-jpg_s32x32&_nc_cat=104&ccb=1-7&_nc_sid=50d2ac&_nc_ohc=8B4n2B0-e5EQ7kNvgG_7EsF&_nc_ht=scontent.fari1-1.fna&_nc_gid=AcSBA6O5D19Lme5aeAt_cIa&oh=00_AYAObfZGi5WbT_x8QHXuA1UCisaYLj6QdZaJOtVYfTGZZA&oe=670A9EC4","https://www.facebook.com/renzi.prayuda","Masokk pak eko","0"
,,,,,,,,,,,,"https://www.facebook.com/ilham.ajo.37604/posts/pfbid023WoATY34H4mr2xS6JJzG27Q1JxvYRjYdJeP3jMr9RE26NAEWe6WY4T6djm5NJPTXl?comment_id=1046414390110111",,,,,,,,,,,,,,,,,,,,,,,,,,,,,,,,,,,,,,,,,,,,,,,,,,,,,,,,,,,,,,,,,,,,,,,,,,,,,,,,,,,,"2024-10-06T07:10:35.000Z","2330520210624423","https://www.facebook.com/100009994003233/posts/2330520210624423","ZmVlZGJhY2s6MjMzMDUyMDIxMDYyNDQyM18xMDQ2NDE0MzkwMTEwMTEx","Y29tbWVudDoyMzMwNTIwMjEwNjI0NDIzXzEwNDY0MTQzOTAxMTAxMTE=","https://www.facebook.com/100009994003233/posts/2330520210624423","0","408791468981893","false",,"Provinsi nya Sumatera Utara..
Mulai dari baruhur sampai kisaran ngerih ngerih sedap la kalo masuk Sumut..
Plat BM jadi makanan nya la..🤣🤣🤣","pfbid0mosiV5ntkKaCwrqPsChX2P68oD469tESK4KA925T2UsAJTXvLsfwczjWymBAXnVwl","Naina Wulandari","https://scontent.fdet1-2.fna.fbcdn.net/v/t39.30808-1/291018229_3203077039906208_1403939929129722895_n.jpg?stp=cp0_dst-jpg_s32x32&_nc_cat=111&ccb=1-7&_nc_sid=0ecb9b&_nc_ohc=xY0oZoAwtLoQ7kNvgEaZrB4&_nc_ht=scontent.fdet1-2.fna&_nc_gid=AlGglMAS8MRsGKvjYlpnfK5&oh=00_AYBpy4UvzXtaQMNb7j2m08rENhcG7R4H5i1v_Hn4uzMrdw&oe=670A922F","https://www.facebook.com/naina.wulandari.3","Hahahhaha 🤣🤣
Iyaa2 bang","0"
,,,,,,,,,,,,"https://www.facebook.com/ilham.ajo.37604/posts/pfbid02raFwpn6nCUJArJh2CCPehEGNqvTbG2MmP6RnymXwdRBHKStRBGUcrzCQuUSQv6sl?comment_id=867196042255781",,,,,,,,,,,,,,"https://www.facebook.com/ilham.ajo.37604/posts/pfbid02raFwpn6nCUJArJh2CCPehEGNqvTbG2MmP6RnymXwdRBHKStRBGUcrzCQuUSQv6sl?comment_id=867196042255781&reply_comment_id=441284105109451",,"2024-10-03T01:30:37.000Z","ZmVlZGJhY2s6MjMyNjI3MDY4NDM4MjcwOV80NDEyODQxMDUxMDk0NTE=","Y29tbWVudDoyMzI2MjcwNjg0MzgyNzA5XzQ0MTI4NDEwNTEwOTQ1MQ==","0","User","pfbid0338xHs1q51cavuA9D8PAtX3XvAbqg3H3Vj3PxzQc7wgmibbMQa3NoJJnaxzHBCdpUl","Muhammad Harist","Muhammad","Y29tbWVudDoyMzI2MjcwNjg0MzgyNzA5Xzg2NzE5NjA0MjI1NTc4MQ==","100009994003233","Ilham Bintang Asia","https://scontent-lhr6-2.xx.fbcdn.net/v/t39.30808-1/349801600_780566773437800_6977822504580595866_n.jpg?stp=cp0_dst-jpg_s32x32&_nc_cat=100&ccb=1-7&_nc_sid=50d2ac&_nc_ohc=F6dB1VJRWmIQ7kNvgGYwCCg&_nc_ht=scontent-lhr6-2.xx&_nc_gid=AWkn65iJlyvB40eP9ST0bTo&oh=00_AYA2dNgbvaPuDgp3n222y2XGW1GOYSIImjSOTtQujIGODQ&oe=670A92FB","https://www.facebook.com/ilham.ajo.37604","Y29tbWVudDoyMzI2MjcwNjg0MzgyNzA5Xzg2NzE5NjA0MjI1NTc4MQ==","Muhammad Harist itu hrga di Pasar atau petani Bg..??","1",,,,,,,,,,,,,,,,,,,,,,,,,,,,,,,,,,,,,,,,,,,,,,,,,,,,"1","2024-10-03T01:11:22.000Z","2326270684382709","https://www.facebook.com/100009994003233/posts/2326270684382709","ZmVlZGJhY2s6MjMyNjI3MDY4NDM4MjcwOV84NjcxOTYwNDIyNTU3ODE=","Y29tbWVudDoyMzI2MjcwNjg0MzgyNzA5Xzg2NzE5NjA0MjI1NTc4MQ==","https://www.facebook.com/100009994003233/posts/2326270684382709","1","129217426951035","false",,"Selasa 01-10-2024
 #hargacabeterkini @sorotan","pfbid0338xHs1q51cavuA9D8PAtX3XvAbqg3H3Vj3PxzQc7wgmibbMQa3NoJJnaxzHBCdpUl","Muhammad Harist","https://scontent-lhr8-1.xx.fbcdn.net/v/t39.30808-1/454453140_1022080926588942_2887075758729239318_n.jpg?stp=cp0_dst-jpg_s32x32&_nc_cat=111&ccb=1-7&_nc_sid=0ecb9b&_nc_ohc=8LrRyArUgLYQ7kNvgGsLkZQ&_nc_ht=scontent-lhr8-1.xx&_nc_gid=AWkn65iJlyvB40eP9ST0bTo&oh=00_AYDe5-FLgRWcvisDH4MpYLGtWNS31M-sE_wcLBbTJUu8Vw&oe=670AACE1","https://www.facebook.com/muhammad.harist.5243","Daerah ku Bengkulu Utara masih 25 cabe kerinci 35 cabe Tempatan lokal","0"
,,,,,,,,,,,,"https://www.facebook.com/ilham.ajo.37604/posts/pfbid02raFwpn6nCUJArJh2CCPehEGNqvTbG2MmP6RnymXwdRBHKStRBGUcrzCQuUSQv6sl?comment_id=1226323555298870",,,,,,,,,,,,,,"https://www.facebook.com/ilham.ajo.37604/posts/pfbid02raFwpn6nCUJArJh2CCPehEGNqvTbG2MmP6RnymXwdRBHKStRBGUcrzCQuUSQv6sl?comment_id=1226323555298870&reply_comment_id=860756406202756",,"2024-10-03T00:59:28.000Z","ZmVlZGJhY2s6MjMyNjI3MDY4NDM4MjcwOV84NjA3NTY0MDYyMDI3NTY=","Y29tbWVudDoyMzI2MjcwNjg0MzgyNzA5Xzg2MDc1NjQwNjIwMjc1Ng==","0","User","pfbid07A7sevM873V1PpsqfK577cTCz6ep7om1pwuzdxGs2beVjTDrK8SfUxasav1CpT2hl","Aam Bin Muin","Aam","Y29tbWVudDoyMzI2MjcwNjg0MzgyNzA5XzEyMjYzMjM1NTUyOTg4NzA=","100009994003233","Ilham Bintang Asia","https://scontent-lhr6-2.xx.fbcdn.net/v/t39.30808-1/349801600_780566773437800_6977822504580595866_n.jpg?stp=cp0_dst-jpg_s32x32&_nc_cat=100&ccb=1-7&_nc_sid=50d2ac&_nc_ohc=F6dB1VJRWmIQ7kNvgGYwCCg&_nc_ht=scontent-lhr6-2.xx&_nc_gid=AWkn65iJlyvB40eP9ST0bTo&oh=00_AYA2dNgbvaPuDgp3n222y2XGW1GOYSIImjSOTtQujIGODQ&oe=670A92FB","https://www.facebook.com/ilham.ajo.37604","Y29tbWVudDoyMzI2MjcwNjg0MzgyNzA5XzEyMjYzMjM1NTUyOTg4NzA=","Aam Bin Muin awq petani jg loh Kang 😭","1",,,,,,,,,,,,,,,,,,,,,,,,,,,,,,,,,,,,,,,,,,,,,,,,,,,,"1","2024-10-02T04:08:44.000Z","2326270684382709","https://www.facebook.com/100009994003233/posts/2326270684382709","ZmVlZGJhY2s6MjMyNjI3MDY4NDM4MjcwOV8xMjI2MzIzNTU1Mjk4ODcw","Y29tbWVudDoyMzI2MjcwNjg0MzgyNzA5XzEyMjYzMjM1NTUyOTg4NzA=","https://www.facebook.com/100009994003233/posts/2326270684382709","1","129217426951035","false",,"Selasa 01-10-2024
 #hargacabeterkini @sorotan","pfbid07A7sevM873V1PpsqfK577cTCz6ep7om1pwuzdxGs2beVjTDrK8SfUxasav1CpT2hl","Aam Bin Muin","https://scontent-lhr8-1.xx.fbcdn.net/v/t39.30808-1/358125336_819058699793028_8839361352681479382_n.jpg?stp=cp0_dst-jpg_s32x32&_nc_cat=107&ccb=1-7&_nc_sid=0ecb9b&_nc_ohc=faVqSqX_CXQQ7kNvgFZoHcu&_nc_ht=scontent-lhr8-1.xx&_nc_gid=AWkn65iJlyvB40eP9ST0bTo&oh=00_AYBNhizXBCquKDgRG3PjPVCpQvt9gLCVYzJxzk2y-TnOFg&oe=670AAB57","https://www.facebook.com/priam.syah.3","Gk boleh ikut mengeluh ?? cukup petani aj yg mengeluh .. 🙄 org marketing mau hancur lebur panenan petani tetap caiirrrrr 🤦🤦","0"
,,,,,,,,,,,,"https://www.facebook.com/ilham.ajo.37604/posts/pfbid02PmF2aG6VoZx4dvyEQ5wtPYUsYYTFRk1AkLrNwumx7QmTKrMjnhhJfhGdoFJyPTBzl?comment_id=8766380116726840",,,,,,,,,,,,,,"https://www.facebook.com/ilham.ajo.37604/posts/pfbid02PmF2aG6VoZx4dvyEQ5wtPYUsYYTFRk1AkLrNwumx7QmTKrMjnhhJfhGdoFJyPTBzl?comment_id=8766380116726840&reply_comment_id=1567732457210682","3","2024-10-01T12:34:30.000Z","ZmVlZGJhY2s6MjMyNTUyMTM2MTEyNDMwOF8xNTY3NzMyNDU3MjEwNjgy","Y29tbWVudDoyMzI1NTIxMzYxMTI0MzA4XzE1Njc3MzI0NTcyMTA2ODI=","1","User","pfbid0nDuEhfqJzHoYvJEFARtyh8CHvnbwL8ziN4eN5fBMgiARS5RRRn3xxpGtG36vo39Zl","Syaiful Anwar","Syaiful","Y29tbWVudDoyMzI1NTIxMzYxMTI0MzA4Xzg3NjYzODAxMTY3MjY4NDA=","pfbid0DHhz4omJsqF4wKKJ2K7imTSyzCXZpV9j1Tty1wFnwqnzvP1aC892L5qJcDjMmqLnl","Bambang Sutrisno","https://scontent-ord5-1.xx.fbcdn.net/v/t39.30808-1/434256751_387317510736845_5027959136071100110_n.jpg?stp=cp0_dst-jpg_s32x32&_nc_cat=110&ccb=1-7&_nc_sid=0ecb9b&_nc_ohc=sBfmro6Y43wQ7kNvgEtDieO&_nc_ht=scontent-ord5-1.xx&_nc_gid=ATJqfxw5mljI4y_wN1ha609&oh=00_AYCuRTo2JZkL26V8Myu5RS4QYxADQyHMiY_A28KXr93JEg&oe=670A9144","https://www.facebook.com/people/Bambang-Sutrisno/pfbid0DHhz4omJsqF4wKKJ2K7imTSyzCXZpV9j1Tty1wFnwqnzvP1aC892L5qJcDjMmqLnl/","Y29tbWVudDoyMzI1NTIxMzYxMTI0MzA4Xzg3NjYzODAxMTY3MjY4NDA=","Syaiful Anwar tahun iki lh🤣🤣","1","https://www.facebook.com/ilham.ajo.37604/posts/pfbid02PmF2aG6VoZx4dvyEQ5wtPYUsYYTFRk1AkLrNwumx7QmTKrMjnhhJfhGdoFJyPTBzl?comment_id=8766380116726840&reply_comment_id=565907955777265","2024-10-01T14:51:54.000Z","ZmVlZGJhY2s6MjMyNTUyMTM2MTEyNDMwOF81NjU5MDc5NTU3NzcyNjU=","Y29tbWVudDoyMzI1NTIxMzYxMTI0MzA4XzU2NTkwNzk1NTc3NzI2NQ==","1","User","pfbid0nDuEhfqJzHoYvJEFARtyh8CHvnbwL8ziN4eN5fBMgiARS5RRRn3xxpGtG36vo39Zl","Syaiful Anwar","Syaiful","Y29tbWVudDoyMzI1NTIxMzYxMTI0MzA4Xzg3NjYzODAxMTY3MjY4NDA=","pfbid0nDuEhfqJzHoYvJEFARtyh8CHvnbwL8ziN4eN5fBMgiARS5RRRn3xxpGtG36vo39Zl","Syaiful Anwar","https://scontent-ord5-1.xx.fbcdn.net/v/t39.30808-1/358108725_820485199471392_8102043065211348733_n.jpg?stp=cp0_dst-jpg_s32x32&_nc_cat=101&ccb=1-7&_nc_sid=0ecb9b&_nc_ohc=hxry_YHUvEAQ7kNvgF1sS1r&_nc_ht=scontent-ord5-1.xx&_nc_gid=ATJqfxw5mljI4y_wN1ha609&oh=00_AYARos-PQjV7DENSA-Zaw8QeP817SHtLPlpiFglI0l9qtA&oe=670A9753","https://www.facebook.com/people/Syaiful-Anwar/pfbid0nDuEhfqJzHoYvJEFARtyh8CHvnbwL8ziN4eN5fBMgiARS5RRRn3xxpGtG36vo39Zl/","Y29tbWVudDoyMzI1NTIxMzYxMTI0MzA4Xzg3NjYzODAxMTY3MjY4NDA=","Bambang Sutrisno ayoklah bareng kita.. 😂😂","2","https://www.facebook.com/ilham.ajo.37604/posts/pfbid02PmF2aG6VoZx4dvyEQ5wtPYUsYYTFRk1AkLrNwumx7QmTKrMjnhhJfhGdoFJyPTBzl?comment_id=8766380116726840&reply_comment_id=1050016913378984","2024-10-01T14:52:42.000Z","ZmVlZGJhY2s6MjMyNTUyMTM2MTEyNDMwOF8xMDUwMDE2OTEzMzc4OTg0","Y29tbWVudDoyMzI1NTIxMzYxMTI0MzA4XzEwNTAwMTY5MTMzNzg5ODQ=","1","User","pfbid0nDuEhfqJzHoYvJEFARtyh8CHvnbwL8ziN4eN5fBMgiARS5RRRn3xxpGtG36vo39Zl","Syaiful Anwar","Syaiful","Y29tbWVudDoyMzI1NTIxMzYxMTI0MzA4Xzg3NjYzODAxMTY3MjY4NDA=","pfbid0DHhz4omJsqF4wKKJ2K7imTSyzCXZpV9j1Tty1wFnwqnzvP1aC892L5qJcDjMmqLnl","Bambang Sutrisno","https://scontent-ord5-1.xx.fbcdn.net/v/t39.30808-1/434256751_387317510736845_5027959136071100110_n.jpg?stp=cp0_dst-jpg_s32x32&_nc_cat=110&ccb=1-7&_nc_sid=0ecb9b&_nc_ohc=sBfmro6Y43wQ7kNvgEtDieO&_nc_ht=scontent-ord5-1.xx&_nc_gid=ATJqfxw5mljI4y_wN1ha609&oh=00_AYCuRTo2JZkL26V8Myu5RS4QYxADQyHMiY_A28KXr93JEg&oe=670A9144","https://www.facebook.com/people/Bambang-Sutrisno/pfbid0DHhz4omJsqF4wKKJ2K7imTSyzCXZpV9j1Tty1wFnwqnzvP1aC892L5qJcDjMmqLnl/","Y29tbWVudDoyMzI1NTIxMzYxMTI0MzA4Xzg3NjYzODAxMTY3MjY4NDA=","Syaiful Anwar gak wani lh🤣🤣🤣","2","https://www.facebook.com/ilham.ajo.37604/posts/pfbid02PmF2aG6VoZx4dvyEQ5wtPYUsYYTFRk1AkLrNwumx7QmTKrMjnhhJfhGdoFJyPTBzl?comment_id=8766380116726840&reply_comment_id=552719140651093","2024-10-01T16:12:48.000Z","ZmVlZGJhY2s6MjMyNTUyMTM2MTEyNDMwOF81NTI3MTkxNDA2NTEwOTM=","Y29tbWVudDoyMzI1NTIxMzYxMTI0MzA4XzU1MjcxOTE0MDY1MTA5Mw==","1","User","pfbid0nDuEhfqJzHoYvJEFARtyh8CHvnbwL8ziN4eN5fBMgiARS5RRRn3xxpGtG36vo39Zl","Syaiful Anwar","Syaiful","Y29tbWVudDoyMzI1NTIxMzYxMTI0MzA4Xzg3NjYzODAxMTY3MjY4NDA=","pfbid0nDuEhfqJzHoYvJEFARtyh8CHvnbwL8ziN4eN5fBMgiARS5RRRn3xxpGtG36vo39Zl","Syaiful Anwar","https://scontent-ord5-1.xx.fbcdn.net/v/t39.30808-1/358108725_820485199471392_8102043065211348733_n.jpg?stp=cp0_dst-jpg_s32x32&_nc_cat=101&ccb=1-7&_nc_sid=0ecb9b&_nc_ohc=hxry_YHUvEAQ7kNvgF1sS1r&_nc_ht=scontent-ord5-1.xx&_nc_gid=ATJqfxw5mljI4y_wN1ha609&oh=00_AYARos-PQjV7DENSA-Zaw8QeP817SHtLPlpiFglI0l9qtA&oe=670A9753","https://www.facebook.com/people/Syaiful-Anwar/pfbid0nDuEhfqJzHoYvJEFARtyh8CHvnbwL8ziN4eN5fBMgiARS5RRRn3xxpGtG36vo39Zl/","Y29tbWVudDoyMzI1NTIxMzYxMTI0MzA4Xzg3NjYzODAxMTY3MjY4NDA=","Bambang Sutrisno cemen lah.. 😁😁","2","4","2024-10-01T06:21:04.000Z","2325521361124308","https://www.facebook.com/100009994003233/posts/2325521361124308","ZmVlZGJhY2s6MjMyNTUyMTM2MTEyNDMwOF84NzY2MzgwMTE2NzI2ODQw","Y29tbWVudDoyMzI1NTIxMzYxMTI0MzA4Xzg3NjYzODAxMTY3MjY4NDA=","https://www.facebook.com/100009994003233/posts/2325521361124308","0","127636397104902","false",,"Senin, 11 September 2023

CPCL Sertifikasi Pangan Segar Asal Tumbuhan.
1. Kelompok Tani : Sri Murni
Desa : Rawang Lama Dusun IX
Komoditi : Melon
Nama Petani : Saiful Anwar dan Supriadi

2. Kelompok Tani : Sukses
Desa : Rawang Lama Dusun II
Komoditi : Melon
Nama Petani : Suheri dan Bambang Sutrisno","pfbid0nDuEhfqJzHoYvJEFARtyh8CHvnbwL8ziN4eN5fBMgiARS5RRRn3xxpGtG36vo39Zl","Syaiful Anwar","https://scontent-ord5-1.xx.fbcdn.net/v/t39.30808-1/358108725_820485199471392_8102043065211348733_n.jpg?stp=cp0_dst-jpg_s32x32&_nc_cat=101&ccb=1-7&_nc_sid=0ecb9b&_nc_ohc=hxry_YHUvEAQ7kNvgF1sS1r&_nc_ht=scontent-ord5-1.xx&_nc_gid=ATJqfxw5mljI4y_wN1ha609&oh=00_AYARos-PQjV7DENSA-Zaw8QeP817SHtLPlpiFglI0l9qtA&oe=670A9753","https://www.facebook.com/people/Syaiful-Anwar/pfbid0nDuEhfqJzHoYvJEFARtyh8CHvnbwL8ziN4eN5fBMgiARS5RRRn3xxpGtG36vo39Zl/","Tahun depan lurr","0"
,,,,,,,,,,,,"https://www.facebook.com/ilham.ajo.37604/posts/pfbid0TTx5ChAUa9dVSVC3iJzFgBeU8gZh6nDpjv6mX7u6Ni1CcaLUAadJBB57jQMTTqMXl?comment_id=1235910507748075",,,,,,,,,,,,,,,,,,,,,,,,,,,,,,,,,,,,,,,,,,,,,,,,,,,,,,,,,,,,,,,,,,,,,,,,,,,,,,,,,,,"1","2024-09-23T09:42:29.000Z","2317617618581349","https://www.facebook.com/100009994003233/posts/2317617618581349","ZmVlZGJhY2s6MjMxNzYxNzYxODU4MTM0OV8xMjM1OTEwNTA3NzQ4MDc1","Y29tbWVudDoyMzE3NjE3NjE4NTgxMzQ5XzEyMzU5MTA1MDc3NDgwNzU=","https://www.facebook.com/100009994003233/posts/2317617618581349","1","200476579818147","false",,"Waktunya Kita Gasken
Jagung Manis ROMANZA F1 Cap Bintang Asia Produksi dari PT Benih Citra Asia 
Buah Super Gede
Rasa Super Manis
Produksi Hasil Tinggi 
Lebih Panjang, Lebih Besar, Lebih Manis...
SEMUA ORANG @sorotan  Mhd Arpi 
.
.","100004825651478","NiZar Bintang Asia","https://scontent.fltn4-1.fna.fbcdn.net/v/t39.30808-1/438276089_2611594555678041_6997404202785061953_n.jpg?stp=cp0_dst-jpg_p32x32&_nc_cat=111&ccb=1-7&_nc_sid=50d2ac&_nc_ohc=kAH-2fA_hIIQ7kNvgGlJAMo&_nc_ht=scontent.fltn4-1.fna&_nc_gid=AljHXDv77TaP6wv2w4nbvgL&oh=00_AYDQNQKuvf3pqeSmhkDipFKYX63rIdETIx9u_lV34VitJQ&oe=670A98EE","https://www.facebook.com/nizar.setia.3","Membara","0"
,,,,,,,,,,,,"https://www.facebook.com/ilham.ajo.37604/posts/pfbid0TTx5ChAUa9dVSVC3iJzFgBeU8gZh6nDpjv6mX7u6Ni1CcaLUAadJBB57jQMTTqMXl?comment_id=1230115338439242",,,,,,,,,,,,,,,,,,,,,,,,,,,,,,,,,,,,,,,,,,,,,,,,,,,,,,,,,,,,,,,,,,,,,,,,,,,,,,,,,,,"1","2024-09-23T16:33:51.000Z","2317617618581349","https://www.facebook.com/100009994003233/posts/2317617618581349","ZmVlZGJhY2s6MjMxNzYxNzYxODU4MTM0OV8xMjMwMTE1MzM4NDM5MjQy","Y29tbWVudDoyMzE3NjE3NjE4NTgxMzQ5XzEyMzAxMTUzMzg0MzkyNDI=","https://www.facebook.com/100009994003233/posts/2317617618581349","1","200476579818147","false",,"Waktunya Kita Gasken
Jagung Manis ROMANZA F1 Cap Bintang Asia Produksi dari PT Benih Citra Asia 
Buah Super Gede
Rasa Super Manis
Produksi Hasil Tinggi 
Lebih Panjang, Lebih Besar, Lebih Manis...
SEMUA ORANG @sorotan  Mhd Arpi 
.
.","100006759276024","Kopi Susu","https://scontent.fltn4-1.fna.fbcdn.net/v/t39.30808-1/462022746_3878041979097740_7802299335533411859_n.jpg?stp=cp0_dst-jpg_s32x32&_nc_cat=103&ccb=1-7&_nc_sid=50d2ac&_nc_ohc=g-nb1vpjukEQ7kNvgEmp4ws&_nc_ht=scontent.fltn4-1.fna&_nc_gid=AljHXDv77TaP6wv2w4nbvgL&oh=00_AYD--1hPuIXidIhvPIirmysxvseE2ck98sL-Wcz7N9TnPQ&oe=670A8BED","https://www.facebook.com/razu.geng.7","Gas trus bos jngan kasi kendor..bintang asia emng jos gandos🤤🤤👍👍🫰🫰","0"
,,,,,,,,,,,,"https://www.facebook.com/ilham.ajo.37604/posts/pfbid0TTx5ChAUa9dVSVC3iJzFgBeU8gZh6nDpjv6mX7u6Ni1CcaLUAadJBB57jQMTTqMXl?comment_id=1034337154853612",,,,,,,,,,,,,,,,,,,,,,,,,,,,,,,,,,,,,,,,,,,,,,,,,,,,,,,,,,,,,,,,,,,,,,,,,,,,,,,,,,,"1","2024-09-23T14:16:59.000Z","2317617618581349","https://www.facebook.com/100009994003233/posts/2317617618581349","ZmVlZGJhY2s6MjMxNzYxNzYxODU4MTM0OV8xMDM0MzM3MTU0ODUzNjEy","Y29tbWVudDoyMzE3NjE3NjE4NTgxMzQ5XzEwMzQzMzcxNTQ4NTM2MTI=","https://www.facebook.com/100009994003233/posts/2317617618581349","1","200476579818147","false",,"Waktunya Kita Gasken
Jagung Manis ROMANZA F1 Cap Bintang Asia Produksi dari PT Benih Citra Asia 
Buah Super Gede
Rasa Super Manis
Produksi Hasil Tinggi 
Lebih Panjang, Lebih Besar, Lebih Manis...
SEMUA ORANG @sorotan  Mhd Arpi 
.
.","100000252734154","Sutarman Ar Rasyid","https://scontent.fltn4-1.fna.fbcdn.net/v/t39.30808-1/235895266_4591351950883184_8840857036031897211_n.jpg?stp=c35.0.610.610a_cp0_dst-jpg_s32x32&_nc_cat=102&ccb=1-7&_nc_sid=50d2ac&_nc_ohc=06T9QAbIZNkQ7kNvgEoHgQ_&_nc_ht=scontent.fltn4-1.fna&_nc_gid=AljHXDv77TaP6wv2w4nbvgL&oh=00_AYAM5suuD5_pZnKFabqqn7ilO_NGJw_et2IqBd-YNKDfQg&oe=670AA833","https://www.facebook.com/raikage.sutarman","bahan e ono Ora? jo posting Poto wae wkwkwkw","0"
,,,,,,,,,,,,"https://www.facebook.com/ilham.ajo.37604/posts/pfbid0TTx5ChAUa9dVSVC3iJzFgBeU8gZh6nDpjv6mX7u6Ni1CcaLUAadJBB57jQMTTqMXl?comment_id=539222712022771",,,,,,,,,,,,,,,,,,,,,,,,,,,,,,,,,,,,,,,,,,,,,,,,,,,,,,,,,,,,,,,,,,,,,,,,,,,,,,,,,,,"1","2024-09-23T11:18:24.000Z","2317617618581349","https://www.facebook.com/100009994003233/posts/2317617618581349","ZmVlZGJhY2s6MjMxNzYxNzYxODU4MTM0OV81MzkyMjI3MTIwMjI3NzE=","Y29tbWVudDoyMzE3NjE3NjE4NTgxMzQ5XzUzOTIyMjcxMjAyMjc3MQ==","https://www.facebook.com/100009994003233/posts/2317617618581349","1","200476579818147","false",,"Waktunya Kita Gasken
Jagung Manis ROMANZA F1 Cap Bintang Asia Produksi dari PT Benih Citra Asia 
Buah Super Gede
Rasa Super Manis
Produksi Hasil Tinggi 
Lebih Panjang, Lebih Besar, Lebih Manis...
SEMUA ORANG @sorotan  Mhd Arpi 
.
.","100014406039341","Hileud Melon","https://scontent.fltn4-1.fna.fbcdn.net/v/t39.30808-1/451432247_1859537544536429_4310570413362761283_n.jpg?stp=cp0_dst-jpg_s32x32&_nc_cat=100&ccb=1-7&_nc_sid=50d2ac&_nc_ohc=YWK9h7s9iRkQ7kNvgEVn-WM&_nc_ht=scontent.fltn4-1.fna&_nc_gid=AljHXDv77TaP6wv2w4nbvgL&oh=00_AYDfLgSlbPD6TC9Rfuch8_qz3HX3zLVB3oOSVchwHhfq5A&oe=670AA459",,"Bagi om","0"
,,,,,,,,,,,,"https://www.facebook.com/ilham.ajo.37604/posts/pfbid0TTx5ChAUa9dVSVC3iJzFgBeU8gZh6nDpjv6mX7u6Ni1CcaLUAadJBB57jQMTTqMXl?comment_id=1207928420258436",,,,,,,,,,,,,,,,,,,,,,,,,,,,,,,,,,,,,,,,,,,,,,,,,,,,,,,,,,,,,,,,,,,,,,,,,,,,,,,,,,,"5","2024-09-23T10:48:13.000Z","2317617618581349","https://www.facebook.com/100009994003233/posts/2317617618581349","ZmVlZGJhY2s6MjMxNzYxNzYxODU4MTM0OV8xMjA3OTI4NDIwMjU4NDM2","Y29tbWVudDoyMzE3NjE3NjE4NTgxMzQ5XzEyMDc5Mjg0MjAyNTg0MzY=","https://www.facebook.com/100009994003233/posts/2317617618581349","1","200476579818147","false",,"Waktunya Kita Gasken
Jagung Manis ROMANZA F1 Cap Bintang Asia Produksi dari PT Benih Citra Asia 
Buah Super Gede
Rasa Super Manis
Produksi Hasil Tinggi 
Lebih Panjang, Lebih Besar, Lebih Manis...
SEMUA ORANG @sorotan  Mhd Arpi 
.
.","pfbid0NDh49J7TyQngdnFjfcRjS6jn8TFvwpuwZiw4PnXT642o1SwqtLGy5hmFWY1PiD81l","Il Dan Al","https://scontent.fltn4-1.fna.fbcdn.net/v/t39.30808-1/419632526_1132375114806637_9179191960413534651_n.jpg?stp=cp0_dst-jpg_s32x32&_nc_cat=108&ccb=1-7&_nc_sid=0ecb9b&_nc_ohc=d2yUWg9t-0AQ7kNvgGwnP9h&_nc_ht=scontent.fltn4-1.fna&_nc_gid=AljHXDv77TaP6wv2w4nbvgL&oh=00_AYDvI8U5QEDbRR-P6hH--uY55ckhPnKzEFRfNrPytPdr2g&oe=670AA939","https://www.facebook.com/ildan.al.35","Jadi artis lah Adek akk tu Yo il😅😅","0"
,,,,,,,,,,,,"https://www.facebook.com/ilham.ajo.37604/posts/pfbid0TTx5ChAUa9dVSVC3iJzFgBeU8gZh6nDpjv6mX7u6Ni1CcaLUAadJBB57jQMTTqMXl?comment_id=2044618582640374",,,,,,,,,,,,,,,,,,,,,,,,,,,,,,,,,,,,,,,,,,,,,,,,,,,,,,,,,,,,,,,,,,,,,,,,,,,,,,,,,,,"1","2024-09-23T09:32:15.000Z","2317617618581349","https://www.facebook.com/100009994003233/posts/2317617618581349","ZmVlZGJhY2s6MjMxNzYxNzYxODU4MTM0OV8yMDQ0NjE4NTgyNjQwMzc0","Y29tbWVudDoyMzE3NjE3NjE4NTgxMzQ5XzIwNDQ2MTg1ODI2NDAzNzQ=","https://www.facebook.com/100009994003233/posts/2317617618581349","1","200476579818147","false",,"Waktunya Kita Gasken
Jagung Manis ROMANZA F1 Cap Bintang Asia Produksi dari PT Benih Citra Asia 
Buah Super Gede
Rasa Super Manis
Produksi Hasil Tinggi 
Lebih Panjang, Lebih Besar, Lebih Manis...
SEMUA ORANG @sorotan  Mhd Arpi 
.
.","100007578522755","Renzy Bintangasia","https://scontent.fltn4-1.fna.fbcdn.net/v/t39.30808-1/426012403_3605728109689771_2277782955804277447_n.jpg?stp=cp0_dst-jpg_s32x32&_nc_cat=104&ccb=1-7&_nc_sid=50d2ac&_nc_ohc=8B4n2B0-e5EQ7kNvgEVagih&_nc_ht=scontent.fltn4-1.fna&_nc_gid=AljHXDv77TaP6wv2w4nbvgL&oh=00_AYD2C9BbbSD9uyZwiS2qYHwohoC6xvqKtxz2z7f7-0SzWw&oe=670A9EC4","https://www.facebook.com/renzi.prayuda","Mantap","0"
,,,,,,,,,,,,"https://www.facebook.com/ilham.ajo.37604/videos/1081143623440630/?comment_id=1703848697055275",,,,,,,,,,,,,,"https://www.facebook.com/ilham.ajo.37604/videos/1081143623440630/?comment_id=1703848697055275&reply_comment_id=1457827951454019",,"2024-09-25T14:00:32.000Z","ZmVlZGJhY2s6MjMxODg0MjI0NTEyNTU1M18xNDU3ODI3OTUxNDU0MDE5","Y29tbWVudDoyMzE4ODQyMjQ1MTI1NTUzXzE0NTc4Mjc5NTE0NTQwMTk=","0","User","61559648087814","Sami Bintang Asia","Sami Bintang Asia","Y29tbWVudDoyMzE4ODQyMjQ1MTI1NTUzXzE3MDM4NDg2OTcwNTUyNzU=","100009994003233","Ilham Bintang Asia","https://scontent.flko7-4.fna.fbcdn.net/v/t39.30808-1/349801600_780566773437800_6977822504580595866_n.jpg?stp=cp0_dst-jpg_s32x32&_nc_cat=100&ccb=1-7&_nc_sid=50d2ac&_nc_ohc=F6dB1VJRWmIQ7kNvgE_9kKB&_nc_ht=scontent.flko7-4.fna&_nc_gid=AFrZQb1FI-YXHoYLblyLT_P&oh=00_AYACfWOLaFVvYg6CHe1Q2aUoN8F8Yy-tWL2Rg988UgY9iA&oe=670A92FB","https://www.facebook.com/ilham.ajo.37604","Y29tbWVudDoyMzE4ODQyMjQ1MTI1NTUzXzE3MDM4NDg2OTcwNTUyNzU=","Sami Bintang Asia 10 MDPL masbroo","1",,,,,,,,,,,,,,,,,,,,,,,,,,,,,,,,,,,,,,,,,,,,,,,,,,,,"1","2024-09-25T11:03:12.000Z","2318842245125553","https://www.facebook.com/100009994003233/posts/2318842245125553","ZmVlZGJhY2s6MjMxODg0MjI0NTEyNTU1M18xNzAzODQ4Njk3MDU1Mjc1","Y29tbWVudDoyMzE4ODQyMjQ1MTI1NTUzXzE3MDM4NDg2OTcwNTUyNzU=","https://www.facebook.com/100009994003233/posts/2318842245125553","1",,,,"Coming Soon 
Jagung Manis ROMANZA F1 Cap Bintang Asia Produksi dari PT Benih Citra Asia 
👉Tongkol Super Gede
👉Rasa Super Manis
👉Tahan Bulai 
👉Tahan Hawar...","61559648087814","Sami Bintang Asia","https://scontent.flko7-4.fna.fbcdn.net/v/t39.30808-1/447269061_122112947984321602_2383448233833295482_n.jpg?stp=cp0_dst-jpg_s32x32&_nc_cat=101&ccb=1-7&_nc_sid=10b96e&_nc_ohc=JEt6CWo7-IQQ7kNvgHwQfCx&_nc_ht=scontent.flko7-4.fna&_nc_gid=AFrZQb1FI-YXHoYLblyLT_P&oh=00_AYAMy5Loh2N1X6FJumCgwPFQEsgqJoOlLF_pnh-sD4IhwA&oe=670AA74C","https://www.facebook.com/sami.bintang.asia","Ketinggian berapa bro","0"
"VideoTipJarPayment","1081849540036705","0","1","https://static.xx.fbcdn.net/rsrc.php/v3/yN/r/z6visRJQXR_.png",,"StarsVirtualGiftBaseType",,"/images/assets_DO_NOT_HARDCODE/user_pay_stars_virtual_gifts/Community-Unification-Default-Tier1-Thoughtful-Testing-Static.png","Community-Unification-Default-T1-Thoughtful-bottomsheet-testing-animation","https://static.xx.fbcdn.net/rsrc.php/y6/r/qfD07Iv6r-5.kf","1414980765966032","https://www.facebook.com/ilham.ajo.37604/videos/1081143623440630/?comment_id=1298652098176897",,,,,,,,,,,,,,,,,,,,,,,,,,,,,,,,,,,,,,,,,,,,,,,,,,,,,,,,,,,,,,,,,,,,,,,,,,,,,,,,,,,,"2024-09-25T13:19:58.000Z","2318842245125553","https://www.facebook.com/100009994003233/posts/2318842245125553","ZmVlZGJhY2s6MjMxODg0MjI0NTEyNTU1M18xMjk4NjUyMDk4MTc2ODk3","Y29tbWVudDoyMzE4ODQyMjQ1MTI1NTUzXzEyOTg2NTIwOTgxNzY4OTc=","https://www.facebook.com/100009994003233/posts/2318842245125553","2",,,,"Coming Soon 
Jagung Manis ROMANZA F1 Cap Bintang Asia Produksi dari PT Benih Citra Asia 
👉Tongkol Super Gede
👉Rasa Super Manis
👉Tahan Bulai 
👉Tahan Hawar...","100007578522755","Renzy Bintangasia","https://scontent.flko7-2.fna.fbcdn.net/v/t39.30808-1/426012403_3605728109689771_2277782955804277447_n.jpg?stp=cp0_dst-jpg_s32x32&_nc_cat=104&ccb=1-7&_nc_sid=50d2ac&_nc_ohc=8B4n2B0-e5EQ7kNvgEayTUd&_nc_ht=scontent.flko7-2.fna&_nc_gid=AFrZQb1FI-YXHoYLblyLT_P&oh=00_AYA263InyFnt6t7P8YlBWtkpcEXuzQ7ecJLSmd3Bsp8SJQ&oe=670A9EC4","https://www.facebook.com/renzi.prayuda",,"0"
,,,,,,,,,,,,"https://www.facebook.com/ilham.ajo.37604/videos/1796146114545388/?comment_id=1627601121151338",,,,,,,,,,,,,,,,,,,,,,,,,,,,,,,,,,,,,,,,,,,,,,,,,,,,,,,,,,,,,,,,,,,,,,,,,,,,,,,,,,,,"2024-09-26T03:38:54.000Z","1796146114545388","https://www.facebook.com/100009994003233/posts/1796146114545388","ZmVlZGJhY2s6MTc5NjE0NjExNDU0NTM4OF8xNjI3NjAxMTIxMTUxMzM4","Y29tbWVudDoxNzk2MTQ2MTE0NTQ1Mzg4XzE2Mjc2MDExMjExNTEzMzg=","https://www.facebook.com/100009994003233/posts/1796146114545388","0",,,,"Ilham Bintang Asia was live.","100009994003233","Ilham Bintang Asia","https://scontent.fman2-1.fna.fbcdn.net/v/t39.30808-1/349801600_780566773437800_6977822504580595866_n.jpg?stp=cp0_dst-jpg_s32x32&_nc_cat=100&ccb=1-7&_nc_sid=50d2ac&_nc_ohc=F6dB1VJRWmIQ7kNvgEjl-Nd&_nc_ht=scontent.fman2-1.fna&_nc_gid=ADxD9YFd3-VcI2vzw0JMx-8&oh=00_AYCA-vvlwrIxlv9Qp3XmvC9HPVrpijY1ggu7yrbhTx62bw&oe=670A92FB","https://www.facebook.com/ilham.ajo.37604","🌟 Anda bisa mendukung saya dengan mengirim Bintang. Bintang membantu saya mendapatkan uang untuk membuat lebih banyak konten!","0"
,,,,,,,,,,,,"https://www.facebook.com/ilham.ajo.37604/videos/1796146114545388/?comment_id=1192441291983188",,,,,,,,,,,,,,,,,,,,,,,,,,,,,,,,,,,,,,,,,,,,,,,,,,,,,,,,,,,,,,,,,,,,,,,,,,,,,,,,,,,,"2024-09-26T05:16:08.000Z","1796146114545388","https://www.facebook.com/100009994003233/posts/1796146114545388","ZmVlZGJhY2s6MTc5NjE0NjExNDU0NTM4OF8xMTkyNDQxMjkxOTgzMTg4","Y29tbWVudDoxNzk2MTQ2MTE0NTQ1Mzg4XzExOTI0NDEyOTE5ODMxODg=","https://www.facebook.com/100009994003233/posts/1796146114545388","1",,,,"Ilham Bintang Asia was live.","pfbid0Bwd4o8mYw23WVc7EYiVtm8GAcBKqgqbCFsJtxjV1Hc7ufr58uYqYt67mC3PFcfhXl","Suhar Syakira","https://scontent.fman2-1.fna.fbcdn.net/v/t39.30808-1/363792217_998036524948449_7292434775988921046_n.jpg?stp=cp0_dst-jpg_s32x32&_nc_cat=101&ccb=1-7&_nc_sid=0ecb9b&_nc_ohc=MKGd5OXTfTUQ7kNvgGmxiLH&_nc_ht=scontent.fman2-1.fna&_nc_gid=ADxD9YFd3-VcI2vzw0JMx-8&oh=00_AYDoG7QQxWkNOQeFq3ITvc2r9hrakXD2oGWGPC8lSVSkPQ&oe=670AA8B5","https://www.facebook.com/suhar.syakira","Bilang am bg Anto byk imbg TPT kodok, tolong jual kn tanah tu  🤣","0"
,,,,,,,,,,,,"https://www.facebook.com/ilham.ajo.37604/posts/pfbid02QjbU6qYCqwEYxCDhp6J5WFZgxDSL42JHSuPpNnrnb3S75nYsyMxTqSXjRnX3YdB7l?comment_id=2261889604183459",,,,,,,,,,,,,,,,,,,,,,,,,,,,,,,,,,,,,,,,,,,,,,,,,,,,,,,,,,,,,,,,,,,,,,,,,,,,,,,,,,,"2","2024-09-22T04:01:28.000Z","2315893558753755","https://www.facebook.com/100009994003233/posts/2315893558753755","ZmVlZGJhY2s6MjMxNTg5MzU1ODc1Mzc1NV8yMjYxODg5NjA0MTgzNDU5","Y29tbWVudDoyMzE1ODkzNTU4NzUzNzU1XzIyNjE4ODk2MDQxODM0NTk=","https://www.facebook.com/100009994003233/posts/2315893558753755","2","200476579818147","false",,"BOMER F1 
MERLIN F1 
Rock Melon Daging Orange Cap Bintang Asia Produksi dari PT Benih Citra Asia 
Manis Mempesona dan Menggoda Petani melon indonesia, 
Mari Menggunakan Produk Inovasi Anak Negeri, 
Hal Kecil Bermanfaat Besar Untuk Kemajuan Bangsa,
@sorotan SEMUA ORANG","100014406039341","Hileud Melon","https://scontent-atl3-1.xx.fbcdn.net/v/t39.30808-1/451432247_1859537544536429_4310570413362761283_n.jpg?stp=cp0_dst-jpg_s32x32&_nc_cat=100&ccb=1-7&_nc_sid=50d2ac&_nc_ohc=YWK9h7s9iRkQ7kNvgFCgPcv&_nc_ht=scontent-atl3-1.xx&_nc_gid=ADBnPuNlRS9eiUTph43QHzG&oh=00_AYCc0iuKu75_3VgmC2wp93C0TXbJFF6SL23CWQqnNBwHMw&oe=670AA459",,"Bgi bibite","0"
,,,,,,,,,,,,"https://www.facebook.com/ilham.ajo.37604/posts/pfbid02QjbU6qYCqwEYxCDhp6J5WFZgxDSL42JHSuPpNnrnb3S75nYsyMxTqSXjRnX3YdB7l?comment_id=1166987871025765",,,,,,,,,,,,,,,,,,,,,,,,,,,,,,,,,,,,,,,,,,,,,,,,,,,,,,,,,,,,,,,,,,,,,,,,,,,,,,,,,,,"6","2024-09-21T13:54:27.000Z","2315893558753755","https://www.facebook.com/100009994003233/posts/2315893558753755","ZmVlZGJhY2s6MjMxNTg5MzU1ODc1Mzc1NV8xMTY2OTg3ODcxMDI1NzY1","Y29tbWVudDoyMzE1ODkzNTU4NzUzNzU1XzExNjY5ODc4NzEwMjU3NjU=","https://www.facebook.com/100009994003233/posts/2315893558753755","1","200476579818147","false",,"BOMER F1 
MERLIN F1 
Rock Melon Daging Orange Cap Bintang Asia Produksi dari PT Benih Citra Asia 
Manis Mempesona dan Menggoda Petani melon indonesia, 
Mari Menggunakan Produk Inovasi Anak Negeri, 
Hal Kecil Bermanfaat Besar Untuk Kemajuan Bangsa,
@sorotan SEMUA ORANG","pfbid0JjDURYqJmuZ41q3yVeCP3DT1VLxd6hDjT4GgNXt2skLeHmpSqnLX1RLA3dkiRoqjl","Tauruss Awoll Awoll","https://scontent-atl3-1.xx.fbcdn.net/v/t39.30808-1/383347234_646962930887479_6189574835271167686_n.jpg?stp=c8.0.658.658a_cp0_dst-jpg_s32x32&_nc_cat=110&ccb=1-7&_nc_sid=0ecb9b&_nc_ohc=AQqNCQsYg9YQ7kNvgFKJt_P&_nc_ht=scontent-atl3-1.xx&_nc_gid=ADBnPuNlRS9eiUTph43QHzG&oh=00_AYBqVU9us14f7SktWOIctWpQxz2u--o3DCZU8ZNcfhVhAg&oe=670A95BB","https://www.facebook.com/people/Tauruss-Awoll-Awoll/pfbid0JjDURYqJmuZ41q3yVeCP3DT1VLxd6hDjT4GgNXt2skLeHmpSqnLX1RLA3dkiRoqjl/","Gassss","0"
,,,,,,,,,,,,"https://www.facebook.com/reel/1242568766921664/?comment_id=1058790335909833",,,,,,,,,,,,,,"https://www.facebook.com/reel/1242568766921664/?comment_id=1058790335909833&reply_comment_id=873361590974527",,"2024-09-04T05:02:55.000Z","ZmVlZGJhY2s6MjI5ODkwNTI4NzExOTI0OV84NzMzNjE1OTA5NzQ1Mjc=","Y29tbWVudDoyMjk4OTA1Mjg3MTE5MjQ5Xzg3MzM2MTU5MDk3NDUyNw==","0","User","pfbid0Bwd4o8mYw23WVc7EYiVtm8GAcBKqgqbCFsJtxjV1Hc7ufr58uYqYt67mC3PFcfhXl","Suhar Syakira","Suhar","Y29tbWVudDoyMjk4OTA1Mjg3MTE5MjQ5XzEwNTg3OTAzMzU5MDk4MzM=","100009994003233","Ilham Bintang Asia","https://scontent-hou1-1.xx.fbcdn.net/v/t39.30808-1/349801600_780566773437800_6977822504580595866_n.jpg?stp=cp0_dst-jpg_s32x32&_nc_cat=100&ccb=1-7&_nc_sid=50d2ac&_nc_ohc=F6dB1VJRWmIQ7kNvgFNvPFV&_nc_ht=scontent-hou1-1.xx&_nc_gid=AJWhESb2yzbC813sSHDQx-j&oh=00_AYByd5C2D6-O-wQFsrTy_AVsVYbkMY2S0N5NvY3AEV0b0g&oe=670A92FB","https://www.facebook.com/ilham.ajo.37604","Y29tbWVudDoyMjk4OTA1Mjg3MTE5MjQ5XzEwNTg3OTAzMzU5MDk4MzM=","Suhar Syakira iyaa Bg, Uda Lama itu Bg, tahun lalu..","1",,,,,,,,,,,,,,,,,,,,,,,,,,,,,,,,,,,,,,,,,,,,,,,,,,,,"1","2024-09-03T14:01:54.000Z","2298905287119249","https://www.facebook.com/100009994003233/posts/2298905287119249","ZmVlZGJhY2s6MjI5ODkwNTI4NzExOTI0OV8xMDU4NzkwMzM1OTA5ODMz","Y29tbWVudDoyMjk4OTA1Mjg3MTE5MjQ5XzEwNTg3OTAzMzU5MDk4MzM=","https://www.facebook.com/100009994003233/posts/2298905287119249","1","200476579818147",,,"Masjid Raya Baiturrahman Banda Aceh adalah saksi mata Bagi umat manusia bahwa kekuasaan Allah itu lebih kuasa dari segala nya (Al-Qadir) @sorotan SEMUA ORANG #Mesjid #viral #fyp. Ilham Bintang Asia ·...","pfbid0Bwd4o8mYw23WVc7EYiVtm8GAcBKqgqbCFsJtxjV1Hc7ufr58uYqYt67mC3PFcfhXl","Suhar Syakira","https://scontent-hou1-1.xx.fbcdn.net/v/t39.30808-1/363792217_998036524948449_7292434775988921046_n.jpg?stp=cp0_dst-jpg_s32x32&_nc_cat=101&ccb=1-7&_nc_sid=0ecb9b&_nc_ohc=MKGd5OXTfTUQ7kNvgGvYeRT&_nc_ht=scontent-hou1-1.xx&_nc_gid=AJWhESb2yzbC813sSHDQx-j&oh=00_AYB8PadUlAIrSljRBsb_wlnE1EV_elEqiJaOIDABS71iHQ&oe=670AA8B5","https://www.facebook.com/suhar.syakira","Jln jln ini rame2 am idal","0"
,,,,,,,,,,,,"https://www.facebook.com/reel/1242568766921664/?comment_id=523065203549575",,,,,,,,,,,,,,"https://www.facebook.com/reel/1242568766921664/?comment_id=523065203549575&reply_comment_id=432144673309761","2","2024-09-03T03:51:40.000Z","ZmVlZGJhY2s6MjI5ODkwNTI4NzExOTI0OV80MzIxNDQ2NzMzMDk3NjE=","Y29tbWVudDoyMjk4OTA1Mjg3MTE5MjQ5XzQzMjE0NDY3MzMwOTc2MQ==","0","User","100036747757070","Mrn Semangka","Mrn","Y29tbWVudDoyMjk4OTA1Mjg3MTE5MjQ5XzUyMzA2NTIwMzU0OTU3NQ==","100009994003233","Ilham Bintang Asia","https://scontent-hou1-1.xx.fbcdn.net/v/t39.30808-1/349801600_780566773437800_6977822504580595866_n.jpg?stp=cp0_dst-jpg_s32x32&_nc_cat=100&ccb=1-7&_nc_sid=50d2ac&_nc_ohc=F6dB1VJRWmIQ7kNvgFNvPFV&_nc_ht=scontent-hou1-1.xx&_nc_gid=AJWhESb2yzbC813sSHDQx-j&oh=00_AYByd5C2D6-O-wQFsrTy_AVsVYbkMY2S0N5NvY3AEV0b0g&oe=670A92FB","https://www.facebook.com/ilham.ajo.37604","Y29tbWVudDoyMjk4OTA1Mjg3MTE5MjQ5XzUyMzA2NTIwMzU0OTU3NQ==","Mrn Semangka iyoo leku, banda Aceh","1","https://www.facebook.com/reel/1242568766921664/?comment_id=523065203549575&reply_comment_id=419456121148097","2024-09-03T03:54:49.000Z","ZmVlZGJhY2s6MjI5ODkwNTI4NzExOTI0OV80MTk0NTYxMjExNDgwOTc=","Y29tbWVudDoyMjk4OTA1Mjg3MTE5MjQ5XzQxOTQ1NjEyMTE0ODA5Nw==","1","User","100036747757070","Mrn Semangka","Mrn","Y29tbWVudDoyMjk4OTA1Mjg3MTE5MjQ5XzUyMzA2NTIwMzU0OTU3NQ==","100036747757070","Mrn Semangka","https://scontent-hou1-1.xx.fbcdn.net/v/t39.30808-1/459278490_1203660014202246_5881814053868731591_n.jpg?stp=cp0_dst-jpg_s32x32&_nc_cat=105&ccb=1-7&_nc_sid=50d2ac&_nc_ohc=pVn_9Pyb53kQ7kNvgFJp_6t&_nc_ht=scontent-hou1-1.xx&_nc_gid=AJWhESb2yzbC813sSHDQx-j&oh=00_AYDJk3V9dgk3cOq1xFMpCuE47R9hPvuKSII3qkmVlEUHPw&oe=670A892A","https://www.facebook.com/mrn.semangka","Y29tbWVudDoyMjk4OTA1Mjg3MTE5MjQ5XzUyMzA2NTIwMzU0OTU3NQ==","Ilham Bintang Asia baru 20 hr ko kono","2","https://www.facebook.com/reel/1242568766921664/?comment_id=523065203549575&reply_comment_id=1641848046733069","2024-09-03T10:47:46.000Z","ZmVlZGJhY2s6MjI5ODkwNTI4NzExOTI0OV8xNjQxODQ4MDQ2NzMzMDY5","Y29tbWVudDoyMjk4OTA1Mjg3MTE5MjQ5XzE2NDE4NDgwNDY3MzMwNjk=","0","User","100036747757070","Mrn Semangka","Mrn","Y29tbWVudDoyMjk4OTA1Mjg3MTE5MjQ5XzUyMzA2NTIwMzU0OTU3NQ==","100009994003233","Ilham Bintang Asia","https://scontent-hou1-1.xx.fbcdn.net/v/t39.30808-1/349801600_780566773437800_6977822504580595866_n.jpg?stp=cp0_dst-jpg_s32x32&_nc_cat=100&ccb=1-7&_nc_sid=50d2ac&_nc_ohc=F6dB1VJRWmIQ7kNvgFNvPFV&_nc_ht=scontent-hou1-1.xx&_nc_gid=AJWhESb2yzbC813sSHDQx-j&oh=00_AYByd5C2D6-O-wQFsrTy_AVsVYbkMY2S0N5NvY3AEV0b0g&oe=670A92FB","https://www.facebook.com/ilham.ajo.37604","Y29tbWVudDoyMjk4OTA1Mjg3MTE5MjQ5XzUyMzA2NTIwMzU0OTU3NQ==","Mrn Semangka Bocah e kuliah Yo lekk","2",,,,,,,,,,,,,,,,,,"3","2024-09-03T02:58:11.000Z","2298905287119249","https://www.facebook.com/100009994003233/posts/2298905287119249","ZmVlZGJhY2s6MjI5ODkwNTI4NzExOTI0OV81MjMwNjUyMDM1NDk1NzU=","Y29tbWVudDoyMjk4OTA1Mjg3MTE5MjQ5XzUyMzA2NTIwMzU0OTU3NQ==","https://www.facebook.com/100009994003233/posts/2298905287119249","1","200476579818147",,,"Masjid Raya Baiturrahman Banda Aceh adalah saksi mata Bagi umat manusia bahwa kekuasaan Allah itu lebih kuasa dari segala nya (Al-Qadir) @sorotan SEMUA ORANG #Mesjid #viral #fyp. Ilham Bintang Asia ·...","100036747757070","Mrn Semangka","https://scontent-hou1-1.xx.fbcdn.net/v/t39.30808-1/459278490_1203660014202246_5881814053868731591_n.jpg?stp=cp0_dst-jpg_s32x32&_nc_cat=105&ccb=1-7&_nc_sid=50d2ac&_nc_ohc=pVn_9Pyb53kQ7kNvgFJp_6t&_nc_ht=scontent-hou1-1.xx&_nc_gid=AJWhESb2yzbC813sSHDQx-j&oh=00_AYDJk3V9dgk3cOq1xFMpCuE47R9hPvuKSII3qkmVlEUHPw&oe=670A892A","https://www.facebook.com/mrn.semangka","Menjadi di banda itu","0"
,,,,,,,,,,,,"https://www.facebook.com/reel/1242568766921664/?comment_id=1191696938755023",,,,,,,,,,,,,,"https://www.facebook.com/reel/1242568766921664/?comment_id=1191696938755023&reply_comment_id=383062431305058",,"2024-09-03T10:48:06.000Z","ZmVlZGJhY2s6MjI5ODkwNTI4NzExOTI0OV8zODMwNjI0MzEzMDUwNTg=","Y29tbWVudDoyMjk4OTA1Mjg3MTE5MjQ5XzM4MzA2MjQzMTMwNTA1OA==","0","User","pfbid02JtwA2N75yEGiWUXjQpnhtGYwD6iqNndCQxnbo4Q6ZAZz79qNVmNjdMjxvdQ5Bdt4l","Mus","Mus","Y29tbWVudDoyMjk4OTA1Mjg3MTE5MjQ5XzExOTE2OTY5Mzg3NTUwMjM=","100009994003233","Ilham Bintang Asia","https://scontent-hou1-1.xx.fbcdn.net/v/t39.30808-1/349801600_780566773437800_6977822504580595866_n.jpg?stp=cp0_dst-jpg_s32x32&_nc_cat=100&ccb=1-7&_nc_sid=50d2ac&_nc_ohc=F6dB1VJRWmIQ7kNvgFNvPFV&_nc_ht=scontent-hou1-1.xx&_nc_gid=AJWhESb2yzbC813sSHDQx-j&oh=00_AYByd5C2D6-O-wQFsrTy_AVsVYbkMY2S0N5NvY3AEV0b0g&oe=670A92FB","https://www.facebook.com/ilham.ajo.37604","Y29tbWVudDoyMjk4OTA1Mjg3MTE5MjQ5XzExOTE2OTY5Mzg3NTUwMjM=","Mus Hehehe Bg, video lawas kui Bg","1",,,,,,,,,,,,,,,,,,,,,,,,,,,,,,,,,,,,,,,,,,,,,,,,,,,,"1","2024-09-03T04:24:49.000Z","2298905287119249","https://www.facebook.com/100009994003233/posts/2298905287119249","ZmVlZGJhY2s6MjI5ODkwNTI4NzExOTI0OV8xMTkxNjk2OTM4NzU1MDIz","Y29tbWVudDoyMjk4OTA1Mjg3MTE5MjQ5XzExOTE2OTY5Mzg3NTUwMjM=","https://www.facebook.com/100009994003233/posts/2298905287119249","1","200476579818147",,,"Masjid Raya Baiturrahman Banda Aceh adalah saksi mata Bagi umat manusia bahwa kekuasaan Allah itu lebih kuasa dari segala nya (Al-Qadir) @sorotan SEMUA ORANG #Mesjid #viral #fyp. Ilham Bintang Asia ·...","pfbid02JtwA2N75yEGiWUXjQpnhtGYwD6iqNndCQxnbo4Q6ZAZz79qNVmNjdMjxvdQ5Bdt4l","Mus","https://scontent-hou1-1.xx.fbcdn.net/v/t39.30808-1/366944134_975489407056553_168969304126094745_n.jpg?stp=cp0_dst-jpg_s32x32&_nc_cat=109&ccb=1-7&_nc_sid=0ecb9b&_nc_ohc=XTp9CKnGrmAQ7kNvgEDNFU9&_nc_ht=scontent-hou1-1.xx&_nc_gid=AJWhESb2yzbC813sSHDQx-j&oh=00_AYDqWogmqOf498nAbXpk5nanWGleysdJauRbfH75BbOokQ&oe=670A8D89","https://www.facebook.com/people/Mus/pfbid02JtwA2N75yEGiWUXjQpnhtGYwD6iqNndCQxnbo4Q6ZAZz79qNVmNjdMjxvdQ5Bdt4l/","Enk kali jln2nya","0"
,,,,,,,,,,,,"https://www.facebook.com/ilham.ajo.37604/videos/1913305059181904/?comment_id=501512416031885",,,,,,,,,,,,,,,,,,,,,,,,,,,,,,,,,,,,,,,,,,,,,,,,,,,,,,,,,,,,,,,,,,,,,,,,,,,,,,,,,,,,"2024-10-06T15:55:25.000Z","1913305059181904","https://www.facebook.com/100009994003233/posts/1913305059181904","ZmVlZGJhY2s6MTkxMzMwNTA1OTE4MTkwNF81MDE1MTI0MTYwMzE4ODU=","Y29tbWVudDoxOTEzMzA1MDU5MTgxOTA0XzUwMTUxMjQxNjAzMTg4NQ==","https://www.facebook.com/100009994003233/posts/1913305059181904","1",,,,"Ilham Bintang Asia was live.","100009994003233","Ilham Bintang Asia","https://scontent-iad3-2.xx.fbcdn.net/v/t39.30808-1/349801600_780566773437800_6977822504580595866_n.jpg?stp=cp0_dst-jpg_s32x32&_nc_cat=100&ccb=1-7&_nc_sid=50d2ac&_nc_ohc=F6dB1VJRWmIQ7kNvgG0PbFi&_nc_ht=scontent-iad3-2.xx&_nc_gid=AtaL_8TFkPW9z8XxbU6MA21&oh=00_AYAcDin3gCCBFcL5S8y0m7K8Zwxl9rJP74Qo3BrCgYHsyQ&oe=670A92FB","https://www.facebook.com/ilham.ajo.37604","🌟 Anda bisa mendukung saya dengan mengirim Bintang. Bintang membantu saya mendapatkan uang untuk membuat lebih banyak konten!","0"
,,,,,,,,,,,,"https://www.facebook.com/ilham.ajo.37604/videos/1913305059181904/?comment_id=798044335632580",,,,,,,,,,,,,,,,,,,,,,,,,,,,,,,,,,,,,,,,,,,,,,,,,,,,,,,,,,,,,,,,,,,,,,,,,,,,,,,,,,,"2","2024-10-06T16:12:49.000Z","1913305059181904","https://www.facebook.com/100009994003233/posts/1913305059181904","ZmVlZGJhY2s6MTkxMzMwNTA1OTE4MTkwNF83OTgwNDQzMzU2MzI1ODA=","Y29tbWVudDoxOTEzMzA1MDU5MTgxOTA0Xzc5ODA0NDMzNTYzMjU4MA==","https://www.facebook.com/100009994003233/posts/1913305059181904","1",,,,"Ilham Bintang Asia was live.","pfbid0nDuEhfqJzHoYvJEFARtyh8CHvnbwL8ziN4eN5fBMgiARS5RRRn3xxpGtG36vo39Zl","Syaiful Anwar","https://scontent-iad3-1.xx.fbcdn.net/v/t39.30808-1/358108725_820485199471392_8102043065211348733_n.jpg?stp=cp0_dst-jpg_s32x32&_nc_cat=101&ccb=1-7&_nc_sid=0ecb9b&_nc_ohc=hxry_YHUvEAQ7kNvgEV_fYB&_nc_ht=scontent-iad3-1.xx&_nc_gid=AtaL_8TFkPW9z8XxbU6MA21&oh=00_AYBn0xXadmi5hgbhCZevZzoJRXi0eg-1zrgDJmfyip3xFg&oe=670A9753","https://www.facebook.com/people/Syaiful-Anwar/pfbid0nDuEhfqJzHoYvJEFARtyh8CHvnbwL8ziN4eN5fBMgiARS5RRRn3xxpGtG36vo39Zl/","Wes mendarat lurr","0"
,,,,,,,,,,,,"https://www.facebook.com/ilham.ajo.37604/videos/1913305059181904/?comment_id=902246201787695",,,,,,,,,,,,,,,,,,,,,,,,,,,,,,,,,,,,,,,,,,,,,,,,,,,,,,,,,,,,,,,,,,,,,,,,,,,,,,,,,,,"1","2024-10-07T01:05:09.000Z","1913305059181904","https://www.facebook.com/100009994003233/posts/1913305059181904","ZmVlZGJhY2s6MTkxMzMwNTA1OTE4MTkwNF85MDIyNDYyMDE3ODc2OTU=","Y29tbWVudDoxOTEzMzA1MDU5MTgxOTA0XzkwMjI0NjIwMTc4NzY5NQ==","https://www.facebook.com/100009994003233/posts/1913305059181904","1",,,,"Ilham Bintang Asia was live.","100038922829495","Pristiono","https://scontent-iad3-2.xx.fbcdn.net/v/t39.30808-1/452932551_1166455857995164_7691723383331902161_n.jpg?stp=cp0_dst-jpg_s32x32&_nc_cat=103&ccb=1-7&_nc_sid=50d2ac&_nc_ohc=GrZXACt6-WwQ7kNvgHuPl_h&_nc_ht=scontent-iad3-2.xx&_nc_gid=AtaL_8TFkPW9z8XxbU6MA21&oh=00_AYDWRLoexvwEqYWqyeaAA44ZbzP-N0Ej29vZ_Z146EN4ZA&oe=670AB6DB","https://www.facebook.com/pristiono.pristiono.35","Arep nandi kang....","0"
,,,,,,,,,,,,"https://www.facebook.com/ilham.ajo.37604/videos/1913305059181904/?comment_id=1252767366065882",,,,,,,,,,,,,,,,,,,,,,,,,,,,,,,,,,,,,,,,,,,,,,,,,,,,,,,,,,,,,,,,,,,,,,,,,,,,,,,,,,,"1","2024-10-06T16:45:11.000Z","1913305059181904","https://www.facebook.com/100009994003233/posts/1913305059181904","ZmVlZGJhY2s6MTkxMzMwNTA1OTE4MTkwNF8xMjUyNzY3MzY2MDY1ODgy","Y29tbWVudDoxOTEzMzA1MDU5MTgxOTA0XzEyNTI3NjczNjYwNjU4ODI=","https://www.facebook.com/100009994003233/posts/1913305059181904","1",,,,"Ilham Bintang Asia was live.","100024444340531","UD Ragiel Lanang","https://scontent-iad3-1.xx.fbcdn.net/v/t39.30808-1/422258611_1545972139560916_4249415457155617385_n.jpg?stp=cp0_dst-jpg_s32x32&_nc_cat=108&ccb=1-7&_nc_sid=50d2ac&_nc_ohc=as3bw1bPiQIQ7kNvgErElqt&_nc_ht=scontent-iad3-1.xx&_nc_gid=AtaL_8TFkPW9z8XxbU6MA21&oh=00_AYCPwlKAspV0H-7LcPtnGuDMYB6G1kz5hv7Ps4jVyxKSbw&oe=670A92AB","https://www.facebook.com/people/UD-Ragiel-Lanang/100024444340531/","Arek nangdi il","0"
,,,,,,,,,,,,"https://www.facebook.com/ilham.ajo.37604/videos/1913305059181904/?comment_id=2279481475748889",,,,,,,,,,,,,,,,,,,,,,,,,,,,,,,,,,,,,,,,,,,,,,,,,,,,,,,,,,,,,,,,,,,,,,,,,,,,,,,,,,,,"2024-10-07T01:06:57.000Z","1913305059181904","https://www.facebook.com/100009994003233/posts/1913305059181904","ZmVlZGJhY2s6MTkxMzMwNTA1OTE4MTkwNF8yMjc5NDgxNDc1NzQ4ODg5","Y29tbWVudDoxOTEzMzA1MDU5MTgxOTA0XzIyNzk0ODE0NzU3NDg4ODk=","https://www.facebook.com/100009994003233/posts/1913305059181904","0",,,,"Ilham Bintang Asia was live.","100038922829495","Pristiono","https://scontent-iad3-2.xx.fbcdn.net/v/t39.30808-1/452932551_1166455857995164_7691723383331902161_n.jpg?stp=cp0_dst-jpg_s32x32&_nc_cat=103&ccb=1-7&_nc_sid=50d2ac&_nc_ohc=GrZXACt6-WwQ7kNvgHuPl_h&_nc_ht=scontent-iad3-2.xx&_nc_gid=AtaL_8TFkPW9z8XxbU6MA21&oh=00_AYDWRLoexvwEqYWqyeaAA44ZbzP-N0Ej29vZ_Z146EN4ZA&oe=670AB6DB","https://www.facebook.com/pristiono.pristiono.35","Ngapain kang acara... Bca","0"
,,,,,,,,,,,,"https://www.facebook.com/ilham.ajo.37604/videos/1913305059181904/?comment_id=3898673653749808",,,,,,,,,,,,,,,,,,,,,,,,,,,,,,,,,,,,,,,,,,,,,,,,,,,,,,,,,,,,,,,,,,,,,,,,,,,,,,,,,,,,"2024-10-07T10:42:56.000Z","1913305059181904","https://www.facebook.com/100009994003233/posts/1913305059181904","ZmVlZGJhY2s6MTkxMzMwNTA1OTE4MTkwNF8zODk4NjczNjUzNzQ5ODA4","Y29tbWVudDoxOTEzMzA1MDU5MTgxOTA0XzM4OTg2NzM2NTM3NDk4MDg=","https://www.facebook.com/100009994003233/posts/1913305059181904","0",,,,"Ilham Bintang Asia was live.","100003206008888","Agung Kurniawan","https://scontent-iad3-2.xx.fbcdn.net/v/t39.30808-1/453997895_7841290069321115_6905892021573640656_n.jpg?stp=cp0_dst-jpg_s32x32&_nc_cat=105&ccb=1-7&_nc_sid=50d2ac&_nc_ohc=s-Vlf6TlEx0Q7kNvgFtpsox&_nc_ht=scontent-iad3-2.xx&_nc_gid=AtaL_8TFkPW9z8XxbU6MA21&oh=00_AYBsNdEko8WmuvFKUy6lWxelmecTFjnOoa7vhRbgAzDJXw&oe=670A9003","https://www.facebook.com/agung.kurniawan.37604","Semoga sape 7 an lurr","0"
,,,,,,,,,,,,"https://www.facebook.com/ilham.ajo.37604/videos/1913305059181904/?comment_id=1057068648890626",,,,,,,,,,,,,,,,,,,,,,,,,,,,,,,,,,,,,,,,,,,,,,,,,,,,,,,,,,,,,,,,,,,,,,,,,,,,,,,,,,,,"2024-10-07T04:04:20.000Z","1913305059181904","https://www.facebook.com/100009994003233/posts/1913305059181904","ZmVlZGJhY2s6MTkxMzMwNTA1OTE4MTkwNF8xMDU3MDY4NjQ4ODkwNjI2","Y29tbWVudDoxOTEzMzA1MDU5MTgxOTA0XzEwNTcwNjg2NDg4OTA2MjY=","https://www.facebook.com/100009994003233/posts/1913305059181904","0",,,,"Ilham Bintang Asia was live.","pfbid0JjDURYqJmuZ41q3yVeCP3DT1VLxd6hDjT4GgNXt2skLeHmpSqnLX1RLA3dkiRoqjl","Tauruss Awoll Awoll","https://scontent-iad3-1.xx.fbcdn.net/v/t39.30808-1/383347234_646962930887479_6189574835271167686_n.jpg?stp=c8.0.658.658a_cp0_dst-jpg_s32x32&_nc_cat=110&ccb=1-7&_nc_sid=0ecb9b&_nc_ohc=AQqNCQsYg9YQ7kNvgEaHJ29&_nc_ht=scontent-iad3-1.xx&_nc_gid=AtaL_8TFkPW9z8XxbU6MA21&oh=00_AYCci1gG5EWs5uS-X49DUWYB_szTOdQmsGCWV5wB-kzKiA&oe=670A95BB","https://www.facebook.com/people/Tauruss-Awoll-Awoll/pfbid0JjDURYqJmuZ41q3yVeCP3DT1VLxd6hDjT4GgNXt2skLeHmpSqnLX1RLA3dkiRoqjl/","Adoh lur","0"
,,,,,,,,,,,,"https://www.facebook.com/ilham.ajo.37604/videos/1802481236824342/?comment_id=1043564897295429",,,,,,,,,,,,,,,,,,,,,,,,,,,,,,,,,,,,,,,,,,,,,,,,,,,,,,,,,,,,,,,,,,,,,,,,,,,,,,,,,,,,"2024-09-09T04:10:00.000Z","2303031816706596","https://www.facebook.com/100009994003233/posts/2303031816706596","ZmVlZGJhY2s6MjMwMzAzMTgxNjcwNjU5Nl8xMDQzNTY0ODk3Mjk1NDI5","Y29tbWVudDoyMzAzMDMxODE2NzA2NTk2XzEwNDM1NjQ4OTcyOTU0Mjk=","https://www.facebook.com/100009994003233/posts/2303031816706596","1",,,,"VIRALL...
Cabe CMK TAVI Cap Bintang Asia Produksi dari PT Benih Citra Asia...

SEMUA ORANG @sorotan #cabe #sayur #petani #bisnis #viral #fyp...","100007578522755","Renzy Bintangasia","https://scontent-atl3-2.xx.fbcdn.net/v/t39.30808-1/426012403_3605728109689771_2277782955804277447_n.jpg?stp=cp0_dst-jpg_s32x32&_nc_cat=104&ccb=1-7&_nc_sid=50d2ac&_nc_ohc=8B4n2B0-e5EQ7kNvgHuAui3&_nc_ht=scontent-atl3-2.xx&_nc_gid=ABsizRdXXNDD-LgwN5g3tEU&oh=00_AYDYM3dqAqFupGIWzUi8iD8PV5_Ls7pD2gwzFDTCk3soPw&oe=670A9EC4","https://www.facebook.com/renzi.prayuda","Mantap boss.. jangkrik😂","0"
,,,,,,,,,,,,"https://www.facebook.com/ilham.ajo.37604/videos/1802481236824342/?comment_id=1247348589610813","Sticker",,"1","83","1","1","1044769883831682","128","https://scontent-atl3-2.xx.fbcdn.net/v/t39.1997-6/453065273_1044769887165015_7488561141931275634_n.png?stp=dst-png_s168x128&_nc_cat=105&ccb=1-7&_nc_sid=23dd7b&_nc_ohc=RKLNjFT8kJkQ7kNvgFbSmEX&_nc_ht=scontent-atl3-2.xx&_nc_gid=ABsizRdXXNDD-LgwN5g3tEU&oh=00_AYCkwSa4fRbDIZtVqi03lS0pTyEPBGvuez4zLZQsrQ1PIw&oe=670A87B6","128","",,,"https://www.facebook.com/ilham.ajo.37604/videos/1802481236824342/?comment_id=1247348589610813&reply_comment_id=1245385546620133",,"2024-09-09T02:57:08.000Z","ZmVlZGJhY2s6MjMwMzAzMTgxNjcwNjU5Nl8xMjQ1Mzg1NTQ2NjIwMTMz","Y29tbWVudDoyMzAzMDMxODE2NzA2NTk2XzEyNDUzODU1NDY2MjAxMzM=","0","User","pfbid02W8NaTH6jhCV1p3HridzGhGyaMVWPstNL7kxarNd6zZTPeLL9f6RjiyXMXvGPdfrJl","Opeq Bintang Asia","Opeq","Y29tbWVudDoyMzAzMDMxODE2NzA2NTk2XzEyNDczNDg1ODk2MTA4MTM=","100009994003233","Ilham Bintang Asia","https://scontent-atl3-1.xx.fbcdn.net/v/t39.30808-1/349801600_780566773437800_6977822504580595866_n.jpg?stp=cp0_dst-jpg_s32x32&_nc_cat=100&ccb=1-7&_nc_sid=50d2ac&_nc_ohc=F6dB1VJRWmIQ7kNvgHHVkWh&_nc_ht=scontent-atl3-1.xx&_nc_gid=ABsizRdXXNDD-LgwN5g3tEU&oh=00_AYAlVzMA5bKMESkpJd8N7MjnI7LReeCg-YExDZPZspR-6w&oe=670A92FB","https://www.facebook.com/ilham.ajo.37604","Y29tbWVudDoyMzAzMDMxODE2NzA2NTk2XzEyNDczNDg1ODk2MTA4MTM=","Opeq Bintang Asia Yang Pasti nya sangat disukai Pasar..","1",,,,,,,,,,,,,,,,,,,,,,,,,,,,,,,,,,,,,,,,,,,,,,,,,,,,"1","2024-09-09T01:34:47.000Z","2303031816706596","https://www.facebook.com/100009994003233/posts/2303031816706596","ZmVlZGJhY2s6MjMwMzAzMTgxNjcwNjU5Nl8xMjQ3MzQ4NTg5NjEwODEz","Y29tbWVudDoyMzAzMDMxODE2NzA2NTk2XzEyNDczNDg1ODk2MTA4MTM=","https://www.facebook.com/100009994003233/posts/2303031816706596","1",,,,"VIRALL...
Cabe CMK TAVI Cap Bintang Asia Produksi dari PT Benih Citra Asia...

SEMUA ORANG @sorotan #cabe #sayur #petani #bisnis #viral #fyp...","pfbid02W8NaTH6jhCV1p3HridzGhGyaMVWPstNL7kxarNd6zZTPeLL9f6RjiyXMXvGPdfrJl","Opeq Bintang Asia","https://scontent-atl3-1.xx.fbcdn.net/v/t39.30808-1/440808755_122106493232287865_6230265854575499414_n.jpg?stp=cp0_dst-jpg_s32x32&_nc_cat=108&ccb=1-7&_nc_sid=0ecb9b&_nc_ohc=dY9sRwuLL3UQ7kNvgEqFZTN&_nc_ht=scontent-atl3-1.xx&_nc_gid=ABsizRdXXNDD-LgwN5g3tEU&oh=00_AYB1pGLFNej1auWZARA7oj4qOb-V1WrHrjyYBj6ee71XWQ&oe=670AABAE","https://www.facebook.com/people/Opeq-Bintang-Asia/pfbid02W8NaTH6jhCV1p3HridzGhGyaMVWPstNL7kxarNd6zZTPeLL9f6RjiyXMXvGPdfrJl/","Tahan virus.
Lebat.
Produksi tinggi.
Panjang buah ± 16 cm.
Buah lurus.
Masa panen lama.","0"
