﻿"author","authorIsChannelOwner","channelId","channelName","channelUrl","cid","comment","comments","commentsCount","commentsTurnedOff","date","descriptionLinks/0/text","descriptionLinks/0/url","descriptionLinks/1/text","descriptionLinks/1/url","descriptionLinks/2/text","descriptionLinks/2/url","descriptionLinks/3/text","descriptionLinks/3/url","descriptionLinks/4/text","descriptionLinks/4/url","descriptionLinks/5/text","descriptionLinks/5/url","descriptionLinks/6/text","descriptionLinks/6/url","descriptionLinks/7/text","descriptionLinks/7/url","descriptionLinks/8/text","descriptionLinks/8/url","descriptionLinks/9/text","descriptionLinks/9/url","descriptionLinks/10/text","descriptionLinks/10/url","descriptionLinks/11/text","descriptionLinks/11/url","duration","hasCreatorHeart","id","isMonetized","likes","location","numberOfSubscribers","pageUrl","publishedTimeText","replyCount","replyToCid","subtitles","text","thumbnailUrl","title","type","url","videoId","viewCount","voteCount"
,,"UC1wIvd8HotnZe0KENzHj2kQ","Tokder","https://www.youtube.com/@tokder-tv",,,,"0","false","2024-09-09T11:00:49.000Z","0:00","https://www.youtube.com/watch?v=k-N__NqcgWE&t=0s","0:32","https://www.youtube.com/watch?v=k-N__NqcgWE&t=32s","1:18","https://www.youtube.com/watch?v=k-N__NqcgWE&t=78s","1:54","https://www.youtube.com/watch?v=k-N__NqcgWE&t=114s","2:23","https://www.youtube.com/watch?v=k-N__NqcgWE&t=143s","3:02","https://www.youtube.com/watch?v=k-N__NqcgWE&t=182s","3:39","https://www.youtube.com/watch?v=k-N__NqcgWE&t=219s","https://tokodeeres.com/","https://tokodeeres.com/","https://s.shopee.co.id/AUb0OhDQFl","https://s.shopee.co.id/AUb0OhDQFl","https://s.shopee.co.id/6KlRQwnJ6x","https://s.shopee.co.id/6KlRQwnJ6x","https://s.shopee.co.id/10jv5JUS12","https://s.shopee.co.id/10jv5JUS12","https://s.shopee.co.id/7AKYQirtS9","https://s.shopee.co.id/7AKYQirtS9","00:04:58",,"k-N__NqcgWE",,"83","TOKO DEERES","99200",,,,,,"0:00 Opening
0:32 Kandungan Pupuk
1:18 Manfaat
1:54 Kekurangan
2:23 Harga pupuk
3:02 Cara Pengaplikasian
3:39 Campuran kedua pupuk

Kritik dan Saran
Wa 0812 - 9109 - 9109
https://tokodeeres.com/

Link produk: 
MKP Pak Tani: https://s.shopee.co.id/AUb0OhDQFl   
MKP Meroke: https://s.shopee.co.id/6KlRQwnJ6x  
KNO3 Putih Prill Pak Tani: https://s.shopee.co.id/10jv5JUS12  
KNO3 Putih Kristal DGW: https://s.shopee.co.id/7AKYQirtS9  

unsur boron 
memperbesar buah 
mencampur mkp dan kno3 
unsur kalium 
memperbesar umbi
kno3 putih 
unsur fosfat
kno3 pak tani
kno3 DGW
campuran pupuk mkp dan kno3 putih 
mkp meroke
pupuk mkp pak tani
mempercepat pematangan buah cabe
pertumbuhan akar","https://i.ytimg.com/vi/k-N__NqcgWE/maxresdefault.jpg","TERBARU! Dosis Campuran Pupuk MKP dan KNO3 Putih","video","https://www.youtube.com/watch?v=k-N__NqcgWE",,"5160",
"@suhayandialexander7729","false",,,,"Ugz0E9dv_9exZT6mk1d4AaABAg","Bagaimana jika yang di aplikasikan golongan azol seperti amistartop dan tridium?",,"8",,,,,,,,,,,,,,,,,,,,,,,,,,,,"false",,,,,,"https://www.youtube.com/watch?v=HOxTkwv7oZE","11 days ago","0",,,,,"Rolling 3 Bahan Aktif Atasi Karat dan Bercak Daun Cabe","comment",,"HOxTkwv7oZE",,"0"
"@rusdibae-z6s","false",,,,"UgxjEsxwWpSLhYyoFLN4AaABAg","Ganti dong tanamanya kacang panjang atau timun jgn cabe aja, ok makasih",,"8",,,,,,,,,,,,,,,,,,,,,,,,,,,,"false",,,,,,"https://www.youtube.com/watch?v=HOxTkwv7oZE","2 weeks ago","1",,,,,"Rolling 3 Bahan Aktif Atasi Karat dan Bercak Daun Cabe","comment",,"HOxTkwv7oZE",,"0"
"@Ricky-wy7pi","false",,,,"Ugz3wlh2ENJJoFWQSSR4AaABAg","Min insek yang ampuh atasi thrips yang mujarab apa ya",,"8",,,,,,,,,,,,,,,,,,,,,,,,,,,,"false",,,,,,"https://www.youtube.com/watch?v=HOxTkwv7oZE","2 weeks ago","0",,,,,"Rolling 3 Bahan Aktif Atasi Karat dan Bercak Daun Cabe","comment",,"HOxTkwv7oZE",,"0"
"@KanayaSalsabila-o4r","false",,,,"UgxHxn_0E7q9zzemlDt4AaABAg","Salam dari petani sumedang",,"8",,,,,,,,,,,,,,,,,,,,,,,,,,,,"true",,,,,,"https://www.youtube.com/watch?v=HOxTkwv7oZE","2 weeks ago","0",,,,,"Rolling 3 Bahan Aktif Atasi Karat dan Bercak Daun Cabe","comment",,"HOxTkwv7oZE",,"0"
"@Amekdcius","false",,,,"UgwqenSVH6kYA-ZiuL54AaABAg","Npk 16 16 16 sma ultradap bagus mna bos?",,"8",,,,,,,,,,,,,,,,,,,,,,,,,,,,"false",,,,,,"https://www.youtube.com/watch?v=HOxTkwv7oZE","2 weeks ago","2",,,,,"Rolling 3 Bahan Aktif Atasi Karat dan Bercak Daun Cabe","comment",,"HOxTkwv7oZE",,"1"
"@uwaisalqarni6611","false",,,,"UgzRch3JeP6ucoSsvCd4AaABAg","jual benih timun suri  ngak bang ?",,"4",,,,,,,,,,,,,,,,,,,,,,,,,,,,"false",,,,,,"https://www.youtube.com/watch?v=AbSC35nrJiA","6 days ago","1",,,,,"2 Golongan Insekrisida Basmi Hama Lalat Pengorok Daun Paling JOSSS!","comment",,"AbSC35nrJiA",,"0"
"@SelaNadus","false",,,,"Ugwqhdf_ECP5ivIJL8p4AaABAg","Makasih infonya gan",,"4",,,,,,,,,,,,,,,,,,,,,,,,,,,,"true",,,,,,"https://www.youtube.com/watch?v=AbSC35nrJiA","6 days ago","0",,,,,"2 Golongan Insekrisida Basmi Hama Lalat Pengorok Daun Paling JOSSS!","comment",,"AbSC35nrJiA",,"0"
"@SamuelHenjuk","false",,,,"UgwBrHollvxMTQbJ0sl4AaABAg","Mantap insektisida ya kawan",,"4",,,,,,,,,,,,,,,,,,,,,,,,,,,,"true",,,,,,"https://www.youtube.com/watch?v=AbSC35nrJiA","6 days ago","0",,,,,"2 Golongan Insekrisida Basmi Hama Lalat Pengorok Daun Paling JOSSS!","comment",,"AbSC35nrJiA",,"0"
"@mamakalan2704","false",,,,"UgxjEsxwWpSLhYyoFLN4AaABAg.A8qsjlV3MgIA8tbdBS5I-w"," @rusdibae-z6s  kayak nya ini di daerah susah air",,"8",,,,,,,,,,,,,,,,,,,,,,,,,,,,"false",,,,,,"https://www.youtube.com/watch?v=HOxTkwv7oZE","13 days ago","0","UgxjEsxwWpSLhYyoFLN4AaABAg",,,,"Rolling 3 Bahan Aktif Atasi Karat dan Bercak Daun Cabe","reply",,"HOxTkwv7oZE",,"0"
"@tokder-tv","true",,,,"UgzRch3JeP6ucoSsvCd4AaABAg.A9CHXhStGuHA9CMVCveM2M","bisa cek ini gan https://s.shopee.co.id/9zfUE9z7Kk
atau hubungi wa 0812 9109 9109",,"4",,,,,,,,,,,,,,,,,,,,,,,,,,,,"false",,,,,,"https://www.youtube.com/watch?v=AbSC35nrJiA","6 days ago","0","UgzRch3JeP6ucoSsvCd4AaABAg",,,,"2 Golongan Insekrisida Basmi Hama Lalat Pengorok Daun Paling JOSSS!","reply",,"AbSC35nrJiA",,"0"
"@vikovika6755","false",,,,"UgwvqQfFA2MQYmIIzhZ4AaABAg","Brofeya sekarang udah gk mampu melawan ulat pdahal harganya mahal tp dikit"" resisten anjing",,"8",,,,,,,,,,,,,,,,,,,,,,,,,,,,"false",,,,,,"https://www.youtube.com/watch?v=Uno4ECETNRI","3 days ago","2",,,,,"7 Bahan Aktif Insektisida Atasi Resistensi Ulat Grayak Tanaman Cabe","comment",,"Uno4ECETNRI",,"0"
"@uwaisalqarni6611","false",,,,"UgxguqWSbXvGQOlUgqZ4AaABAg","Lama banget ngak ngnten bang  ?",,"8",,,,,,,,,,,,,,,,,,,,,,,,,,,,"false",,,,,,"https://www.youtube.com/watch?v=Uno4ECETNRI","6 days ago","1",,,,,"7 Bahan Aktif Insektisida Atasi Resistensi Ulat Grayak Tanaman Cabe","comment",,"Uno4ECETNRI",,"0"
"@acho4575","false",,,,"UgzCl10ofSibs_ZiVSh4AaABAg","Mohon maaf bang mau tanya tentang bibit cmk red kriss.
Ada yg dari takii seed da yg dari PT tani murni Indonesia.
Apa ada pembaruan kemasan ya? Mohon di jawab🙏",,"8",,,,,,,,,,,,,,,,,,,,,,,,,,,,"false",,,,,,"https://www.youtube.com/watch?v=Uno4ECETNRI","7 days ago","2",,,,,"7 Bahan Aktif Insektisida Atasi Resistensi Ulat Grayak Tanaman Cabe","comment",,"Uno4ECETNRI",,"0"
"@tokder-tv","true",,,,"UgwqenSVH6kYA-ZiuL54AaABAg.A8nXnD3dfJdA8vTbYf_yqY","buat apa dulu?
kandungannya beda soalnya, Ultradap hanya mengandung P dan N,
NPK 16-16-16, lengkap ada N,P dan K",,"8",,,,,,,,,,,,,,,,,,,,,,,,,,,,"false",,,,,,"https://www.youtube.com/watch?v=HOxTkwv7oZE","13 days ago","0","UgwqenSVH6kYA-ZiuL54AaABAg",,,,"Rolling 3 Bahan Aktif Atasi Karat dan Bercak Daun Cabe","reply",,"HOxTkwv7oZE",,"0"
"@Amekdcius","false",,,,"UgwqenSVH6kYA-ZiuL54AaABAg.A8nXnD3dfJdA8vV9m1qhhc"," @tokder-tv  seandainya kita mlih slah satu dri ppuk trsebut slma msa vgetatif,bgus mna bos buat cabe rawit?",,"8",,,,,,,,,,,,,,,,,,,,,,,,,,,,"false",,,,,,"https://www.youtube.com/watch?v=HOxTkwv7oZE","13 days ago (edited)","0","UgwqenSVH6kYA-ZiuL54AaABAg",,,,"Rolling 3 Bahan Aktif Atasi Karat dan Bercak Daun Cabe","reply",,"HOxTkwv7oZE",,"0"
"@tokder-tv","true",,,,"UgwvqQfFA2MQYmIIzhZ4AaABAg.A9I_d0IZ7EgA9KKdn1nwsC","bisa cek keaslian produknya dulu gan, 
https://www.facebook.com/photo.php?fbid=1043073807080022&id=100041322387139&set=a.966750624712341&locale=fy_NL",,"8",,,,,,,,,,,,,,,,,,,,,,,,,,,,"false",,,,,,"https://www.youtube.com/watch?v=Uno4ECETNRI","2 days ago","0","UgwvqQfFA2MQYmIIzhZ4AaABAg",,,,"7 Bahan Aktif Insektisida Atasi Resistensi Ulat Grayak Tanaman Cabe","reply",,"Uno4ECETNRI",,"1"
"@vikovika6755","false",,,,"UgwvqQfFA2MQYmIIzhZ4AaABAg.A9I_d0IZ7EgA9KdHvjVD4x"," @tokder-tv  knpa sekarang marak sekali sih pestisida KW gampang banget penjualanya",,"8",,,,,,,,,,,,,,,,,,,,,,,,,,,,"false",,,,,,"https://www.youtube.com/watch?v=Uno4ECETNRI","2 days ago","0","UgwvqQfFA2MQYmIIzhZ4AaABAg",,,,"7 Bahan Aktif Insektisida Atasi Resistensi Ulat Grayak Tanaman Cabe","reply",,"Uno4ECETNRI",,"0"
"@tokder-tv","true",,,,"UgxguqWSbXvGQOlUgqZ4AaABAg.A9AaqLrITKmA9C7pYenao8","Capek bang dihujat mulu 😂",,"8",,,,,,,,,,,,,,,,,,,,,,,,,,,,"false",,,,,,"https://www.youtube.com/watch?v=Uno4ECETNRI","6 days ago","0","UgxguqWSbXvGQOlUgqZ4AaABAg",,,,"7 Bahan Aktif Insektisida Atasi Resistensi Ulat Grayak Tanaman Cabe","reply",,"Uno4ECETNRI",,"0"
"@tokder-tv","true",,,,"UgzCl10ofSibs_ZiVSh4AaABAg.A98_XA2JkPjA9CRzn9m8py","setau saya skrang red kriss dari Tani Murni gan,",,"8",,,,,,,,,,,,,,,,,,,,,,,,,,,,"false",,,,,,"https://www.youtube.com/watch?v=Uno4ECETNRI","6 days ago","0","UgzCl10ofSibs_ZiVSh4AaABAg",,,,"7 Bahan Aktif Insektisida Atasi Resistensi Ulat Grayak Tanaman Cabe","reply",,"Uno4ECETNRI",,"0"
"@acho4575","false",,,,"UgzCl10ofSibs_ZiVSh4AaABAg.A98_XA2JkPjA9CTAi5NyVZ"," @tokder-tv  owh gitu ya bang. Makasih tentang info nya. Moga makin sukses🙏",,"8",,,,,,,,,,,,,,,,,,,,,,,,,,,,"false",,,,,,"https://www.youtube.com/watch?v=Uno4ECETNRI","6 days ago","0","UgzCl10ofSibs_ZiVSh4AaABAg",,,,"7 Bahan Aktif Insektisida Atasi Resistensi Ulat Grayak Tanaman Cabe","reply",,"Uno4ECETNRI",,"0"
"@gustiprasetyo4729","false",,,,"UgwEY6GBsJ29MPCDwG94AaABAg","Klo utk sayuran petsai & kembang kol yg mana?",,"4",,,,,,,,,,,,,,,,,,,,,,,,,,,,"false",,,,,,"https://www.youtube.com/watch?v=4SUC16187WM","3 days ago (edited)","0",,,,,"7 Rekomendasi Fungisida Cegah Rebah Kecambah! Dijamin Semai Cabe Sukses 100%","comment",,"4SUC16187WM",,"0"
"@yudinurdiansyah8009","false",,,,"UgxHQGXpPdOAZSg-uId4AaABAg","Min,kali kali bahas tanam cabe di polybag buat kita yg menanamnya hanya sedikit 🙏",,"4",,,,,,,,,,,,,,,,,,,,,,,,,,,,"true",,,,,,"https://www.youtube.com/watch?v=4SUC16187WM","5 days ago","1",,,,,"7 Rekomendasi Fungisida Cegah Rebah Kecambah! Dijamin Semai Cabe Sukses 100%","comment",,"4SUC16187WM",,"1"
"@dedyirawan2129","false",,,,"UgzR15i0O7Bg6Ab9kuR4AaABAg","Rebah semai bukan dri krna panas mulsa/panas sekeliling  lubang tanam ya min?",,"4",,,,,,,,,,,,,,,,,,,,,,,,,,,,"false",,,,,,"https://www.youtube.com/watch?v=4SUC16187WM","5 days ago","0",,,,,"7 Rekomendasi Fungisida Cegah Rebah Kecambah! Dijamin Semai Cabe Sukses 100%","comment",,"4SUC16187WM",,"0"
"@tokder-tv","true",,,,"UgxHQGXpPdOAZSg-uId4AaABAg.A9Ecj2fSbpvA9EyORxNCKv","Sudah ya >>
https://youtu.be/veeqn9_QBUU",,"4",,,,,,,,,,,,,,,,,,,,,,,,,,,,"false",,,,,,"https://www.youtube.com/watch?v=4SUC16187WM","5 days ago","0","UgxHQGXpPdOAZSg-uId4AaABAg",,,,"7 Rekomendasi Fungisida Cegah Rebah Kecambah! Dijamin Semai Cabe Sukses 100%","reply",,"4SUC16187WM",,"0"
"@baikbaik8380","false",,,,"Ugz2HV-cJ9Y-FYjfUod4AaABAg","Bang. Reques review pupuk provita n dan gandavita n",,"6",,,,,,,,,,,,,,,,,,,,,,,,,,,,"false",,,,,,"https://www.youtube.com/watch?v=bygbV2ZXGJA","3 days ago","0",,,,,"Pemupukan Bibit Cabe Umur 0 - 4 MSS  Dijamin 100% Sukses!","comment",,"bygbV2ZXGJA",,"0"
"@rikinadia789","false",,,,"UgyRNKKZ4sMDiJyJqkR4AaABAg","Pak ada grup untuk bisa belajar tanam cabe..
Mau belajar dari 0 hari sampai panen..
Karena saya masih pemula",,"6",,,,,,,,,,,,,,,,,,,,,,,,,,,,"false",,,,,,"https://www.youtube.com/watch?v=bygbV2ZXGJA","2 weeks ago","1",,,,,"Pemupukan Bibit Cabe Umur 0 - 4 MSS  Dijamin 100% Sukses!","comment",,"bygbV2ZXGJA",,"0"
"@citrajayafarm1983","false",,,,"UgyDgmGirQxQkmgv6K54AaABAg","Riviu tomat bos...d tunggu..",,"6",,,,,,,,,,,,,,,,,,,,,,,,,,,,"false",,,,,,"https://www.youtube.com/watch?v=bygbV2ZXGJA","2 weeks ago","1",,,,,"Pemupukan Bibit Cabe Umur 0 - 4 MSS  Dijamin 100% Sukses!","comment",,"bygbV2ZXGJA",,"0"
"@kaharjail8911","false",,,,"UgzvpQ5TSNz3qBYEro94AaABAg","Kalo pake ember berapa sendok pak tolong bantuannya",,"6",,,,,,,,,,,,,,,,,,,,,,,,,,,,"false",,,,,,"https://www.youtube.com/watch?v=bygbV2ZXGJA","2 weeks ago","0",,,,,"Pemupukan Bibit Cabe Umur 0 - 4 MSS  Dijamin 100% Sukses!","comment",,"bygbV2ZXGJA",,"0"
"@tokder-tv","true",,,,"UgyRNKKZ4sMDiJyJqkR4AaABAg.A8o9aZP05nNA8vRSpEXeMB","ada gan, bisa join grup member WA ya,. 
caranya buka beranda channel ini, nnti tinggal join saja gan,.",,"6",,,,,,,,,,,,,,,,,,,,,,,,,,,,"false",,,,,,"https://www.youtube.com/watch?v=bygbV2ZXGJA","13 days ago","0","UgyRNKKZ4sMDiJyJqkR4AaABAg",,,,"Pemupukan Bibit Cabe Umur 0 - 4 MSS  Dijamin 100% Sukses!","reply",,"bygbV2ZXGJA",,"0"
"@tokder-tv","true",,,,"UgyDgmGirQxQkmgv6K54AaABAg.A8o988rnHZdA8vRccoPvnx","ini tomat gan,.
https://www.youtube.com/watch?v=HZ3oTa9vz1Q&t=1s

https://www.youtube.com/watch?v=gM2zvKrfVo8&t=14s
https://www.youtube.com/watch?v=VedC5gVMb8c&t=18s",,"6",,,,,,,,,,,,,,,,,,,,,,,,,,,,"false",,,,,,"https://www.youtube.com/watch?v=bygbV2ZXGJA","13 days ago","0","UgyDgmGirQxQkmgv6K54AaABAg",,,,"Pemupukan Bibit Cabe Umur 0 - 4 MSS  Dijamin 100% Sukses!","reply",,"bygbV2ZXGJA",,"0"
