﻿"attachments/0/style_list/0","attachments/0/style_list/1","attachments/0/style_list/2","attachments/0/style_list/3","attachments/0/style_list/4","commentUrl","commentsCount","date","facebookId","facebookUrl","feedbackId","id","inputUrl","likesCount","postTitle","profileId","profileName","profilePicture","profileUrl","text"
,,,,,"https://www.facebook.com/100000029645476/posts/27011980608386229?comment_id=1054108172342501","2","2024-09-13T12:44:08.000Z","27011980608386229","https://www.facebook.com/100000029645476/posts/27011980608386229","ZmVlZGJhY2s6MjcwMTE5ODA2MDgzODYyMjlfMTA1NDEwODE3MjM0MjUwMQ==","Y29tbWVudDoyNzAxMTk4MDYwODM4NjIyOV8xMDU0MTA4MTcyMzQyNTAx","https://www.facebook.com/100000029645476/posts/27011980608386229","0","Siap Ndan. 
Inget timun ya KOMANDAN F1 BINTANG ASIA.","pfbid0ST59wc2y7ZZYRD8cWidwYhLN1PaENBnkt6bVf88sugWyEq4n9iCwpVRpFAD3b2tEl","Opeq Bintang Asia","https://scontent.fyzd1-3.fna.fbcdn.net/v/t39.30808-1/440808755_122106493232287865_6230265854575499414_n.jpg?stp=cp0_dst-jpg_s32x32&_nc_cat=108&ccb=1-7&_nc_sid=0ecb9b&_nc_ohc=Y7daJHgf07YQ7kNvgGO_3g7&_nc_ht=scontent.fyzd1-3.fna&oh=00_AYDEJtYMET36uPOKCH4-m76JqQLf8MulE1piKlKLopGHlQ&oe=66EACF6E","https://www.facebook.com/people/Opeq-Bintang-Asia/pfbid0ST59wc2y7ZZYRD8cWidwYhLN1PaENBnkt6bVf88sugWyEq4n9iCwpVRpFAD3b2tEl/","MantaB Komandan...
Lokasi dimana ini ndan..."
,,,,,"https://www.facebook.com/100000029645476/posts/27011980608386229?comment_id=1063267398707016","6","2024-09-13T10:18:23.000Z","27011980608386229","https://www.facebook.com/100000029645476/posts/27011980608386229","ZmVlZGJhY2s6MjcwMTE5ODA2MDgzODYyMjlfMTA2MzI2NzM5ODcwNzAxNg==","Y29tbWVudDoyNzAxMTk4MDYwODM4NjIyOV8xMDYzMjY3Mzk4NzA3MDE2","https://www.facebook.com/100000029645476/posts/27011980608386229","0","Siap Ndan. 
Inget timun ya KOMANDAN F1 BINTANG ASIA.","pfbid0SbhacrJGHu8RcLpKJsJVkH3325zADes9c4PC5zDkwPjXnnh1fjoCDJYUZn82U2epl","Kholipah Sakhi","https://scontent.fyzd1-2.fna.fbcdn.net/v/t39.30808-1/312007009_165255776116860_7474390443367055050_n.jpg?stp=c0.0.768.768a_cp0_dst-jpg_s32x32&_nc_cat=107&ccb=1-7&_nc_sid=0ecb9b&_nc_ohc=ATgQV1ZLNfgQ7kNvgEbosCs&_nc_ht=scontent.fyzd1-2.fna&oh=00_AYAM2jrNsVbyUqhwQkXTINhP7V8Aw-WpjTUv9qLWVD7fcQ&oe=66EAEBDB","https://www.facebook.com/people/Kholipah-Sakhi/pfbid0SbhacrJGHu8RcLpKJsJVkH3325zADes9c4PC5zDkwPjXnnh1fjoCDJYUZn82U2epl/","siap komandan 👍"
"animated_image_share","image_share","share","fallback",,"https://www.facebook.com/100000029645476/posts/27011980608386229?comment_id=1883608255377894","2","2024-09-13T12:25:43.000Z","27011980608386229","https://www.facebook.com/100000029645476/posts/27011980608386229","ZmVlZGJhY2s6MjcwMTE5ODA2MDgzODYyMjlfMTg4MzYwODI1NTM3Nzg5NA==","Y29tbWVudDoyNzAxMTk4MDYwODM4NjIyOV8xODgzNjA4MjU1Mzc3ODk0","https://www.facebook.com/100000029645476/posts/27011980608386229","0","Siap Ndan. 
Inget timun ya KOMANDAN F1 BINTANG ASIA.","pfbid036qYB9QZEBwzTprGvB1LAYJWA5S2S17qpA3oUXXCeMoNzmY3WJTMsGQ38ESK2Y6Csl","Dedi Refalmi","https://scontent.fyzd1-3.fna.fbcdn.net/v/t1.18169-1/18010603_1412009105487016_942457467530384379_n.jpg?stp=cp0_dst-jpg_s32x32&_nc_cat=106&ccb=1-7&_nc_sid=e4545e&_nc_ohc=SpACiMTHXA0Q7kNvgHA3eC_&_nc_ht=scontent.fyzd1-3.fna&oh=00_AYBHeWImb5j38i8YwgyJ4suqCVhmyz6FhK9Ui8GkJ3iVEQ&oe=670C6919","https://www.facebook.com/didot.faldi",
,,,,,"https://www.facebook.com/100000029645476/posts/27011980608386229?comment_id=1307997540183342","1","2024-09-13T12:38:30.000Z","27011980608386229","https://www.facebook.com/100000029645476/posts/27011980608386229","ZmVlZGJhY2s6MjcwMTE5ODA2MDgzODYyMjlfMTMwNzk5NzU0MDE4MzM0Mg==","Y29tbWVudDoyNzAxMTk4MDYwODM4NjIyOV8xMzA3OTk3NTQwMTgzMzQy","https://www.facebook.com/100000029645476/posts/27011980608386229","0","Siap Ndan. 
Inget timun ya KOMANDAN F1 BINTANG ASIA.","100000086301102","Andri Jawi","https://scontent.fyzd1-2.fna.fbcdn.net/v/t39.30808-1/411745718_7336900042989466_1191939905387360376_n.jpg?stp=cp0_dst-jpg_s32x32&_nc_cat=101&ccb=1-7&_nc_sid=50d2ac&_nc_ohc=lPGyYH0iarUQ7kNvgHs38IH&_nc_ht=scontent.fyzd1-2.fna&oh=00_AYCF33FeSApOcr5xwfOAwwZt8cFv-IUVGT3xRjGRPWuY7g&oe=66EAEBCD","https://www.facebook.com/jawirun","mantab ndan sudah saya laporkan"
,,,,,"https://www.facebook.com/100000029645476/posts/27011980608386229?comment_id=493589560114393","1","2024-09-13T14:53:27.000Z","27011980608386229","https://www.facebook.com/100000029645476/posts/27011980608386229","ZmVlZGJhY2s6MjcwMTE5ODA2MDgzODYyMjlfNDkzNTg5NTYwMTE0Mzkz","Y29tbWVudDoyNzAxMTk4MDYwODM4NjIyOV80OTM1ODk1NjAxMTQzOTM=","https://www.facebook.com/100000029645476/posts/27011980608386229","0","Siap Ndan. 
Inget timun ya KOMANDAN F1 BINTANG ASIA.","100000902487856","Nandha Jhuliadi","https://scontent.fyzd1-2.fna.fbcdn.net/v/t39.30808-1/457519269_26851322644481121_7298540442359958344_n.jpg?stp=cp0_dst-jpg_s32x32&_nc_cat=101&ccb=1-7&_nc_sid=50d2ac&_nc_ohc=Na708yKAaMEQ7kNvgENJFZn&_nc_ht=scontent.fyzd1-2.fna&oh=00_AYAw17wXSkVqV_PEmZS6vNAF9WaVvFhGc9pkexoEafsV_g&oe=66EAEC5C","https://www.facebook.com/Nanda.EliQers","Sukses selalu maszeh😃"
,,,,,"https://www.facebook.com/100000029645476/posts/27011980608386229?comment_id=1061174952277068","1","2024-09-13T10:54:48.000Z","27011980608386229","https://www.facebook.com/100000029645476/posts/27011980608386229","ZmVlZGJhY2s6MjcwMTE5ODA2MDgzODYyMjlfMTA2MTE3NDk1MjI3NzA2OA==","Y29tbWVudDoyNzAxMTk4MDYwODM4NjIyOV8xMDYxMTc0OTUyMjc3MDY4","https://www.facebook.com/100000029645476/posts/27011980608386229","0","Siap Ndan. 
Inget timun ya KOMANDAN F1 BINTANG ASIA.","100064705672456","Ainayya Fathiyyaturrahma","https://scontent.fyzd1-3.fna.fbcdn.net/v/t39.30808-1/456901817_915811323919048_3752286034656807792_n.jpg?stp=cp0_dst-jpg_p32x32&_nc_cat=104&ccb=1-7&_nc_sid=50d2ac&_nc_ohc=5tY2RaYnYW8Q7kNvgE66S41&_nc_ht=scontent.fyzd1-3.fna&oh=00_AYDe0ncVBqbaQmKfjJL3GV9oCHanWJKGaM9-AwO-XmE-SA&oe=66EADDE6","https://www.facebook.com/ainayya.fathiyyaturrahma.393","menyala bintang asia 🤩"
"sticker","fallback",,,,"https://www.facebook.com/100000029645476/posts/27011980608386229?comment_id=891769619472033","1","2024-09-13T09:58:47.000Z","27011980608386229","https://www.facebook.com/100000029645476/posts/27011980608386229","ZmVlZGJhY2s6MjcwMTE5ODA2MDgzODYyMjlfODkxNzY5NjE5NDcyMDMz","Y29tbWVudDoyNzAxMTk4MDYwODM4NjIyOV84OTE3Njk2MTk0NzIwMzM=","https://www.facebook.com/100000029645476/posts/27011980608386229","0","Siap Ndan. 
Inget timun ya KOMANDAN F1 BINTANG ASIA.","pfbid0yFCo9UN6SEgJr81HBwxG4gA2sYEMNFPkmF4idaaTC5V9ah4tUrRit46LdtyuVJxQl","Stevanus Dwi Putranto","https://scontent.fyzd1-2.fna.fbcdn.net/v/t39.30808-1/294928418_1272583950234823_3723197453743997326_n.jpg?stp=cp0_dst-jpg_s32x32&_nc_cat=110&ccb=1-7&_nc_sid=0ecb9b&_nc_ohc=BsHcrjrfSGYQ7kNvgFcpuTL&_nc_ht=scontent.fyzd1-2.fna&oh=00_AYB5QwF2JOXFnBYqAMmCnZvNqt3_u5tCjYGEOkf8USShrQ&oe=66EADBB8","https://www.facebook.com/stevanus.d.putranto",
,,,,,"https://www.facebook.com/100000029645476/posts/27011980608386229?comment_id=1468619953832460","1","2024-09-13T12:27:06.000Z","27011980608386229","https://www.facebook.com/100000029645476/posts/27011980608386229","ZmVlZGJhY2s6MjcwMTE5ODA2MDgzODYyMjlfMTQ2ODYxOTk1MzgzMjQ2MA==","Y29tbWVudDoyNzAxMTk4MDYwODM4NjIyOV8xNDY4NjE5OTUzODMyNDYw","https://www.facebook.com/100000029645476/posts/27011980608386229","0","Siap Ndan. 
Inget timun ya KOMANDAN F1 BINTANG ASIA.","100004635373912","Andrian Kamaludin Gani","https://scontent.fyzd1-3.fna.fbcdn.net/v/t39.30808-1/457490804_2835351473296004_550107678388789886_n.jpg?stp=cp0_dst-jpg_s32x32&_nc_cat=103&ccb=1-7&_nc_sid=50d2ac&_nc_ohc=gtVVnwKLATQQ7kNvgGtZKe2&_nc_ht=scontent.fyzd1-3.fna&oh=00_AYDP5tnv89s1AbyGk1suHz3VQJEgaDBsXZ515e0ZXeSSNQ&oe=66EABD83","https://www.facebook.com/andrian.chilegenda","Joss pak cay,, komandan nya ijo sekali🥒"
,,,,,"https://www.facebook.com/100000029645476/posts/27011980608386229?comment_id=878539077030946","1","2024-09-13T10:21:05.000Z","27011980608386229","https://www.facebook.com/100000029645476/posts/27011980608386229","ZmVlZGJhY2s6MjcwMTE5ODA2MDgzODYyMjlfODc4NTM5MDc3MDMwOTQ2","Y29tbWVudDoyNzAxMTk4MDYwODM4NjIyOV84Nzg1MzkwNzcwMzA5NDY=","https://www.facebook.com/100000029645476/posts/27011980608386229","0","Siap Ndan. 
Inget timun ya KOMANDAN F1 BINTANG ASIA.","100001478012460","Nasir Bintang Asia","https://scontent.fyzd1-2.fna.fbcdn.net/v/t39.30808-1/374566524_6652285924830609_4550832743895994737_n.jpg?stp=cp0_dst-jpg_s32x32&_nc_cat=110&ccb=1-7&_nc_sid=50d2ac&_nc_ohc=hg2UxH7HF-MQ7kNvgF-2Zkn&_nc_ht=scontent.fyzd1-2.fna&oh=00_AYCyKE9JiOaeUBu0hNbtt9vtSQDhaYl8mNZnFh-b775YEA&oe=66EAEB89","https://www.facebook.com/nasir.smk2","menyala abangku"
"animated_image_autoplay","animated_image_share","image_share","share","fallback","https://www.facebook.com/100000029645476/posts/27011980608386229?comment_id=2562852410591285","1","2024-09-13T09:47:45.000Z","27011980608386229","https://www.facebook.com/100000029645476/posts/27011980608386229","ZmVlZGJhY2s6MjcwMTE5ODA2MDgzODYyMjlfMjU2Mjg1MjQxMDU5MTI4NQ==","Y29tbWVudDoyNzAxMTk4MDYwODM4NjIyOV8yNTYyODUyNDEwNTkxMjg1","https://www.facebook.com/100000029645476/posts/27011980608386229","0","Siap Ndan. 
Inget timun ya KOMANDAN F1 BINTANG ASIA.","pfbid02e8cQpy9h8E5fsEFHtyRbpmm2hQCihfxBw8Ea8EMYeG28DYnXNnRYXAkdi76SZmFwl","Bandi Sekincau","https://scontent.fyzd1-2.fna.fbcdn.net/v/t39.30808-1/426532034_415223564500842_5912321065090683939_n.jpg?stp=c0.0.810.810a_cp0_dst-jpg_s32x32&_nc_cat=109&ccb=1-7&_nc_sid=0ecb9b&_nc_ohc=ONRYfP6s4kEQ7kNvgGjmPCC&_nc_ht=scontent.fyzd1-2.fna&oh=00_AYDzQFdWwTK8BKXtdy_AjJGConTE0u_e_LcWfJ2B9wq3Sw&oe=66EAC337","https://www.facebook.com/people/Bandi-Sekincau/pfbid02e8cQpy9h8E5fsEFHtyRbpmm2hQCihfxBw8Ea8EMYeG28DYnXNnRYXAkdi76SZmFwl/","Bintang asia mantap"
,,,,,"https://www.facebook.com/100000029645476/posts/27011980608386229?comment_id=3914036702251044",,"2024-09-13T11:57:27.000Z","27011980608386229","https://www.facebook.com/100000029645476/posts/27011980608386229","ZmVlZGJhY2s6MjcwMTE5ODA2MDgzODYyMjlfMzkxNDAzNjcwMjI1MTA0NA==","Y29tbWVudDoyNzAxMTk4MDYwODM4NjIyOV8zOTE0MDM2NzAyMjUxMDQ0","https://www.facebook.com/100000029645476/posts/27011980608386229","0","Siap Ndan. 
Inget timun ya KOMANDAN F1 BINTANG ASIA.","100007578522755","Renzy Bintangasia","https://scontent.fyzd1-3.fna.fbcdn.net/v/t39.30808-1/426012403_3605728109689771_2277782955804277447_n.jpg?stp=cp0_dst-jpg_s32x32&_nc_cat=104&ccb=1-7&_nc_sid=50d2ac&_nc_ohc=M574j_z4JmsQ7kNvgECzSLL&_nc_ht=scontent.fyzd1-3.fna&oh=00_AYCh_JOTxr8eQqN0s-FBou2xOzUioUzKpY5ZKeBCHoy6lw&oe=66EAC284","https://www.facebook.com/renzi.prayuda","Mantap bosku"
,,,,,"https://www.facebook.com/100000029645476/posts/27011980608386229?comment_id=1077099737083070","1","2024-09-13T10:11:09.000Z","27011980608386229","https://www.facebook.com/100000029645476/posts/27011980608386229","ZmVlZGJhY2s6MjcwMTE5ODA2MDgzODYyMjlfMTA3NzA5OTczNzA4MzA3MA==","Y29tbWVudDoyNzAxMTk4MDYwODM4NjIyOV8xMDc3MDk5NzM3MDgzMDcw","https://www.facebook.com/100000029645476/posts/27011980608386229","0","Siap Ndan. 
Inget timun ya KOMANDAN F1 BINTANG ASIA.","pfbid02KLuuCkQTrVswJqcnNNjfFqNMrrKhYcMFz4HzydpRZt6NDjkdDcknukMBaz56aJ7xl","Yarto Miyarto","https://scontent.fyzd1-2.fna.fbcdn.net/v/t39.30808-1/312995180_107563508820498_8641099074002629654_n.jpg?stp=c0.119.720.720a_cp0_dst-jpg_s32x32&_nc_cat=107&ccb=1-7&_nc_sid=0ecb9b&_nc_ohc=-VtepeNNFeQQ7kNvgHGGlhP&_nc_ht=scontent.fyzd1-2.fna&oh=00_AYDyWrMs8gqmJqNU-SmMm7dNx7rphDRS7aEXoWdwnyw0_g&oe=66EAE413","https://www.facebook.com/people/Yarto-Miyarto/pfbid02KLuuCkQTrVswJqcnNNjfFqNMrrKhYcMFz4HzydpRZt6NDjkdDcknukMBaz56aJ7xl/","Mantab masbro"
,,,,,"https://www.facebook.com/100000029645476/posts/27011980608386229?comment_id=817169456953228","1","2024-09-13T10:46:57.000Z","27011980608386229","https://www.facebook.com/100000029645476/posts/27011980608386229","ZmVlZGJhY2s6MjcwMTE5ODA2MDgzODYyMjlfODE3MTY5NDU2OTUzMjI4","Y29tbWVudDoyNzAxMTk4MDYwODM4NjIyOV84MTcxNjk0NTY5NTMyMjg=","https://www.facebook.com/100000029645476/posts/27011980608386229","0","Siap Ndan. 
Inget timun ya KOMANDAN F1 BINTANG ASIA.","100007578522755","Renzy Bintangasia","https://scontent.fyzd1-3.fna.fbcdn.net/v/t39.30808-1/426012403_3605728109689771_2277782955804277447_n.jpg?stp=cp0_dst-jpg_s32x32&_nc_cat=104&ccb=1-7&_nc_sid=50d2ac&_nc_ohc=M574j_z4JmsQ7kNvgECzSLL&_nc_ht=scontent.fyzd1-3.fna&oh=00_AYCh_JOTxr8eQqN0s-FBou2xOzUioUzKpY5ZKeBCHoy6lw&oe=66EAC284","https://www.facebook.com/renzi.prayuda","Mantap"
,,,,,"https://www.facebook.com/100000029645476/posts/27011980608386229?comment_id=2017823711986108","1","2024-09-13T12:57:03.000Z","27011980608386229","https://www.facebook.com/100000029645476/posts/27011980608386229","ZmVlZGJhY2s6MjcwMTE5ODA2MDgzODYyMjlfMjAxNzgyMzcxMTk4NjEwOA==","Y29tbWVudDoyNzAxMTk4MDYwODM4NjIyOV8yMDE3ODIzNzExOTg2MTA4","https://www.facebook.com/100000029645476/posts/27011980608386229","0","Siap Ndan. 
Inget timun ya KOMANDAN F1 BINTANG ASIA.","pfbid02UH7bBAyy8JHWgJLBCwkpPCwfyDwzcQge4FCXAu3pxH6a8pmvhkFmmxD58WvPiPntl","Ribut Andi M. Andi","https://scontent.fyzd1-2.fna.fbcdn.net/v/t39.30808-1/428190647_3258985684257057_8152856627367893907_n.jpg?stp=cp0_dst-jpg_s32x32&_nc_cat=107&ccb=1-7&_nc_sid=0ecb9b&_nc_ohc=UF0_iehdOXIQ7kNvgFePV6x&_nc_ht=scontent.fyzd1-2.fna&oh=00_AYCfZLT6xJKput8Esl4DpH61JU_sYGdfIfX3UifXDfbHdA&oe=66EACB77","https://www.facebook.com/people/Ribut-Andi-M-Andi/pfbid02UH7bBAyy8JHWgJLBCwkpPCwfyDwzcQge4FCXAu3pxH6a8pmvhkFmmxD58WvPiPntl/","Gas... Bos..."
,,,,,"https://www.facebook.com/100000029645476/posts/27011980608386229?comment_id=439477645775342","3","2024-09-13T10:13:09.000Z","27011980608386229","https://www.facebook.com/100000029645476/posts/27011980608386229","ZmVlZGJhY2s6MjcwMTE5ODA2MDgzODYyMjlfNDM5NDc3NjQ1Nzc1MzQy","Y29tbWVudDoyNzAxMTk4MDYwODM4NjIyOV80Mzk0Nzc2NDU3NzUzNDI=","https://www.facebook.com/100000029645476/posts/27011980608386229","0","Siap Ndan. 
Inget timun ya KOMANDAN F1 BINTANG ASIA.","pfbid0kGkFd6EuyBPoWkJz5iKuG6UEksL3KxTA5EdGc1u6wVEkZ1DG1cgAx1AXwdYEd4pZl","Arianto Paito","https://scontent.fyzd1-2.fna.fbcdn.net/v/t39.30808-1/279222138_514392673398998_8553386554360311428_n.jpg?stp=cp0_dst-jpg_s32x32&_nc_cat=107&ccb=1-7&_nc_sid=0ecb9b&_nc_ohc=DydKswMcZbcQ7kNvgGeWjEt&_nc_ht=scontent.fyzd1-2.fna&oh=00_AYB_Yd5yhe5EHZ6jL-79q3UVR_oAsheetzx2m8WddtU6yQ&oe=66EACFF8","https://www.facebook.com/ariantopaito.paito","Gedek apa kecil bosku ?"
,,,,,"https://www.facebook.com/100000029645476/posts/27011980608386229?comment_id=435878076173571","1","2024-09-13T10:22:17.000Z","27011980608386229","https://www.facebook.com/100000029645476/posts/27011980608386229","ZmVlZGJhY2s6MjcwMTE5ODA2MDgzODYyMjlfNDM1ODc4MDc2MTczNTcx","Y29tbWVudDoyNzAxMTk4MDYwODM4NjIyOV80MzU4NzgwNzYxNzM1NzE=","https://www.facebook.com/100000029645476/posts/27011980608386229","0","Siap Ndan. 
Inget timun ya KOMANDAN F1 BINTANG ASIA.","pfbid02wsonNumn5VR5bhAzj21qtQohJJ2sf1pgebMS1xJKqKcZeALfwo4W9JAHhucfFjUXl","Sain Muhammad Alfian","https://scontent.fyzd1-2.fna.fbcdn.net/v/t39.30808-1/452236782_1430351004343236_429209480021872887_n.jpg?stp=cp0_dst-jpg_s32x32&_nc_cat=109&ccb=1-7&_nc_sid=0ecb9b&_nc_ohc=GbZKBOBGByMQ7kNvgHhL8aE&_nc_ht=scontent.fyzd1-2.fna&oh=00_AYA4oRyoL7-IqOJdJDXuQkuT95s4YxD7d29eQuG3EODr_Q&oe=66EAD4EA","https://www.facebook.com/people/Sain-Muhammad-Alfian/pfbid02wsonNumn5VR5bhAzj21qtQohJJ2sf1pgebMS1xJKqKcZeALfwo4W9JAHhucfFjUXl/","Hijau tua nan menggoda ya pak buah nya sekarang"
,,,,,"https://www.facebook.com/100000029645476/posts/27011980608386229?comment_id=2240005183016048","1","2024-09-13T10:16:50.000Z","27011980608386229","https://www.facebook.com/100000029645476/posts/27011980608386229","ZmVlZGJhY2s6MjcwMTE5ODA2MDgzODYyMjlfMjI0MDAwNTE4MzAxNjA0OA==","Y29tbWVudDoyNzAxMTk4MDYwODM4NjIyOV8yMjQwMDA1MTgzMDE2MDQ4","https://www.facebook.com/100000029645476/posts/27011980608386229","0","Siap Ndan. 
Inget timun ya KOMANDAN F1 BINTANG ASIA.","1828565536","Mohammad Iqbal Agustiana","https://scontent.fyzd1-2.fna.fbcdn.net/v/t1.18169-1/1468799_10203929170029473_1521419688104736133_n.jpg?stp=cp0_dst-jpg_s32x32&_nc_cat=110&ccb=1-7&_nc_sid=db5862&_nc_ohc=CmpmC1KKisYQ7kNvgFFOayY&_nc_ht=scontent.fyzd1-2.fna&oh=00_AYDenNPok3l0Mj_8B_YtPfbHPt655DX8e3sSyhEkqp1VBg&oe=670C78AF",,"Menyala"
