﻿"attachments/0/__typename","attachments/0/animated_image","attachments/0/animated_image/uri","attachments/0/blurred_image/uri","attachments/0/cix_screen","attachments/0/frame_count","attachments/0/frame_rate","attachments/0/frames_per_column","attachments/0/frames_per_row","attachments/0/id","attachments/0/image/height","attachments/0/image/uri","attachments/0/image/width","attachments/0/label","attachments/0/massive_image/height","attachments/0/massive_image/width","attachments/0/ocrText","attachments/0/pack","attachments/0/pack/id","attachments/0/pack/name","attachments/0/sprite_image","attachments/0/sprite_image/uri","commentUrl","commentsCount","date","facebookId","facebookUrl","feedbackId","id","inputUrl","likesCount","pageAdLibrary/id","pageAdLibrary/is_business_page_active","pageAdLibrary/woodhenge_creator_info","parentComment/author/__typename","parentComment/author/id","parentComment/author/name","parentComment/author/short_name","parentComment/id","postTitle","profileId","profileName","profilePicture","profileUrl","replyToCommentId","text","threadingDepth"
,,,,,,,,,,,,,,,,,,,,,,"https://www.facebook.com/reel/2501704913367758/?comment_id=1971190856688450",,"2024-09-28T10:53:35.000Z","2926108167536133","https://www.facebook.com/reel/2501704913367758/","ZmVlZGJhY2s6MjkyNjEwODE2NzUzNjEzM18xOTcxMTkwODU2Njg4NDUw","Y29tbWVudDoyOTI2MTA4MTY3NTM2MTMzXzE5NzExOTA4NTY2ODg0NTA=","https://www.facebook.com/reel/2501704913367758/","0","250829661453806",,,,,,,,"Pare Hainan F1

 #parehibrida
 #hainanf1
 #tahanvirus
 #buahlebat
 #potensihasiltinggi
 #diminatipasar
 #benihcitraasia
 #bintangasia. ","100007578522755","Renzy Bintangasia","https://scontent-lhr6-2.xx.fbcdn.net/v/t39.30808-1/426012403_3605728109689771_2277782955804277447_n.jpg?stp=cp0_dst-jpg_s32x32&_nc_cat=104&ccb=1-7&_nc_sid=50d2ac&_nc_ohc=Dk2tR_uNxVUQ7kNvgHnJxZa&_nc_ht=scontent-lhr6-2.xx&_nc_gid=AAGz62dacOpHDhYNZX--gH-&oh=00_AYAX0toN6swz3iA-_VR4XCjTbDeRYQ9mKxXx3HNGUJX6ng&oe=66FFDA84","https://www.facebook.com/renzi.prayuda",,"Mantapp","0"
"Sticker",,"https://scontent-atl3-2.xx.fbcdn.net/v/t39.1997-6/68894373_1459627387495333_5835456569109643264_n.webp?stp=dst-webp_s110x80&_nc_cat=1&ccb=1-7&_nc_sid=ba09c1&_nc_ohc=zp72UVpQAM4Q7kNvgH8ifjB&_nc_ht=scontent-atl3-2.xx&oh=00_AYC7DDidY9ljdZnGE3spXgXfCRowB8F_m4CDn2DWlLHOJw&oe=66FFE4E3",,,"14","100","4","4","514561552001926","80","https://scontent-atl3-2.xx.fbcdn.net/v/t39.1997-6/69142452_1459627590828646_6160083988481310720_n.png?stp=cp0_dst-png_s110x80&_nc_cat=1&ccb=1-7&_nc_sid=23dd7b&_nc_ohc=CUDJpqxAjB8Q7kNvgGmfr5_&_nc_ht=scontent-atl3-2.xx&oh=00_AYBQng2SQsP0uCHmrYRHJSH7GnDaG-sY-OsfvdH_7Mwcnw&oe=66FFDAD1","80","Business fish, a person with a pink fish head wearing a suit and tie, giving a large thumbs up with their right hand and saying good",,,,,"493674027424012","Executive Business Fish",,"https://scontent-atl3-2.xx.fbcdn.net/v/t39.1997-6/68866962_1459627384162000_4858367271799619584_n.png?stp=dst-png_p320x320&_nc_cat=1&ccb=1-7&_nc_sid=ba09c1&_nc_ohc=pgVsbKL1YAIQ7kNvgHhJSUE&_nc_ht=scontent-atl3-2.xx&oh=00_AYD9rQsQRkA7HESg3Da5X3Q-RAAjUe1hkLXAVJmK7O70kg&oe=66FFC848","https://www.facebook.com/antonsulaiman95/posts/2921943391285944?comment_id=519297077386070",,"2024-09-24T16:01:46.000Z","2921943391285944","https://www.facebook.com/antonsulaiman95/posts/pfbid02fVgt7e1dtrZa4DJxZUsFHA916nc65eX5UuoggUnYch8gZP3gsbccUkQhpEJUU1G1l","ZmVlZGJhY2s6MjkyMTk0MzM5MTI4NTk0NF81MTkyOTcwNzczODYwNzA=","Y29tbWVudDoyOTIxOTQzMzkxMjg1OTQ0XzUxOTI5NzA3NzM4NjA3MA==","https://www.facebook.com/antonsulaiman95/posts/pfbid02fVgt7e1dtrZa4DJxZUsFHA916nc65eX5UuoggUnYch8gZP3gsbccUkQhpEJUU1G1l","0","250829661453806","false",,,,,,,"Selamat Hari Tani Nasional.
🌶🌶 CKTAV 8 F1 🌶🌶

#benihcitraasia
#bintangasia","100004825651478","NiZar Bintang Asia","https://scontent-atl3-2.xx.fbcdn.net/v/t39.30808-1/438276089_2611594555678041_6997404202785061953_n.jpg?stp=cp0_dst-jpg_p32x32&_nc_cat=111&ccb=1-7&_nc_sid=50d2ac&_nc_ohc=EYsV5G9NhH8Q7kNvgGf7LWW&_nc_ht=scontent-atl3-2.xx&oh=00_AYBRLngvzcWAVeKYUtE9JeJilVj6ks9Pn1Zp-n-_wrt-3Q&oe=66FFD4AE","https://www.facebook.com/nizar.setia.3",,,"0"
,,,,,,,,,,,,,,,,,,,,,,"https://www.facebook.com/antonsulaiman95/posts/2921943391285944?comment_id=1507062626618618","1","2024-09-24T15:10:17.000Z","2921943391285944","https://www.facebook.com/antonsulaiman95/posts/pfbid02fVgt7e1dtrZa4DJxZUsFHA916nc65eX5UuoggUnYch8gZP3gsbccUkQhpEJUU1G1l","ZmVlZGJhY2s6MjkyMTk0MzM5MTI4NTk0NF8xNTA3MDYyNjI2NjE4NjE4","Y29tbWVudDoyOTIxOTQzMzkxMjg1OTQ0XzE1MDcwNjI2MjY2MTg2MTg=","https://www.facebook.com/antonsulaiman95/posts/pfbid02fVgt7e1dtrZa4DJxZUsFHA916nc65eX5UuoggUnYch8gZP3gsbccUkQhpEJUU1G1l","0","250829661453806","false",,,,,,,"Selamat Hari Tani Nasional.
🌶🌶 CKTAV 8 F1 🌶🌶

#benihcitraasia
#bintangasia","61552534678294","Bang Fhatir","https://scontent-atl3-1.xx.fbcdn.net/v/t39.30808-1/428236271_122140526972084489_6127851547410293439_n.jpg?stp=cp0_dst-jpg_s32x32&_nc_cat=106&ccb=1-7&_nc_sid=50d2ac&_nc_ohc=EAzWzjjdvr0Q7kNvgGZXUeJ&_nc_ht=scontent-atl3-1.xx&oh=00_AYAZA5f1YRKQXIUieX7FYfO20nCb3YawgTz5isLX4keC4w&oe=66FFC42D","https://www.facebook.com/people/Bang-Fhatir/61552534678294/",,"Mntap mas ditoko ada gak bibitnya","0"
,,,,,,,,,,,,,,,,,,,,,,"https://www.facebook.com/antonsulaiman95/posts/2921943391285944?comment_id=1065560782021693",,"2024-09-24T16:01:43.000Z","2921943391285944","https://www.facebook.com/antonsulaiman95/posts/pfbid02fVgt7e1dtrZa4DJxZUsFHA916nc65eX5UuoggUnYch8gZP3gsbccUkQhpEJUU1G1l","ZmVlZGJhY2s6MjkyMTk0MzM5MTI4NTk0NF8xMDY1NTYwNzgyMDIxNjkz","Y29tbWVudDoyOTIxOTQzMzkxMjg1OTQ0XzEwNjU1NjA3ODIwMjE2OTM=","https://www.facebook.com/antonsulaiman95/posts/pfbid02fVgt7e1dtrZa4DJxZUsFHA916nc65eX5UuoggUnYch8gZP3gsbccUkQhpEJUU1G1l","1","250829661453806","false",,,,,,,"Selamat Hari Tani Nasional.
🌶🌶 CKTAV 8 F1 🌶🌶

#benihcitraasia
#bintangasia","100004825651478","NiZar Bintang Asia","https://scontent-atl3-2.xx.fbcdn.net/v/t39.30808-1/438276089_2611594555678041_6997404202785061953_n.jpg?stp=cp0_dst-jpg_p32x32&_nc_cat=111&ccb=1-7&_nc_sid=50d2ac&_nc_ohc=EYsV5G9NhH8Q7kNvgGf7LWW&_nc_ht=scontent-atl3-2.xx&oh=00_AYBRLngvzcWAVeKYUtE9JeJilVj6ks9Pn1Zp-n-_wrt-3Q&oe=66FFD4AE","https://www.facebook.com/nizar.setia.3",,"Memabara,,,,, mrah merona bos ku","0"
"Photo",,,"https://scontent-atl3-2.xx.fbcdn.net/v/t39.30808-6/461038688_8171096489610933_2050600001323802401_n.jpg?stp=dst-jpg_fb30_s960x960&_nc_cat=104&ccb=1-7&_nc_sid=bd9a62&_nc_ohc=vxEH79MLFq8Q7kNvgEnIGAY&_nc_ht=scontent-atl3-2.xx&oh=00_AYBUCTzywEFcZ-vHqZcCuo8xNdDPMx-VGmhHTAW0T3c7cQ&oe=66FFC071",,,,,,"8171096479610934","215","https://scontent-atl3-2.xx.fbcdn.net/v/t39.30808-6/461038688_8171096489610933_2050600001323802401_n.jpg?stp=dst-jpg_p168x128&_nc_cat=104&ccb=1-7&_nc_sid=bd9a62&_nc_ohc=vxEH79MLFq8Q7kNvgEnIGAY&_nc_ht=scontent-atl3-2.xx&oh=00_AYB1qBxarpEzOqxbyt44HH9zskab9sUtW0vtUQAW8aP3vw&oe=66FFC071","168",,"960","752","May be an image of 1 person and text",,,,,,"https://www.facebook.com/antonsulaiman95/posts/2921943391285944?comment_id=508183785528449","3","2024-09-24T13:32:25.000Z","2921943391285944","https://www.facebook.com/antonsulaiman95/posts/pfbid02fVgt7e1dtrZa4DJxZUsFHA916nc65eX5UuoggUnYch8gZP3gsbccUkQhpEJUU1G1l","ZmVlZGJhY2s6MjkyMTk0MzM5MTI4NTk0NF81MDgxODM3ODU1Mjg0NDk=","Y29tbWVudDoyOTIxOTQzMzkxMjg1OTQ0XzUwODE4Mzc4NTUyODQ0OQ==","https://www.facebook.com/antonsulaiman95/posts/pfbid02fVgt7e1dtrZa4DJxZUsFHA916nc65eX5UuoggUnYch8gZP3gsbccUkQhpEJUU1G1l","1","250829661453806","false",,,,,,,"Selamat Hari Tani Nasional.
🌶🌶 CKTAV 8 F1 🌶🌶

#benihcitraasia
#bintangasia","pfbid03tdnhNzGwt6aXKyWzjiFKLz8RdLsugGxktkqBHnqPF1ykys1LV7Ze4v6Qz34M6WCl","Erick Hysteria","https://scontent-atl3-1.xx.fbcdn.net/v/t39.30808-1/439422255_7313074122079845_7367519687273267636_n.jpg?stp=cp0_dst-jpg_s32x32&_nc_cat=106&ccb=1-7&_nc_sid=0ecb9b&_nc_ohc=mIjOVvD6YlYQ7kNvgGU_Eh7&_nc_ht=scontent-atl3-1.xx&oh=00_AYDedmBhEa4aflzYm_E-JCT5ltieWkm5oNoJJQ6ojj3kLw&oe=66FFC2E4",,,,"0"
"Sticker",,,,,"1","83","1","1","280280680528917","80","https://scontent-atl3-2.xx.fbcdn.net/v/t39.1997-6/240404950_280280683862250_377726035223267134_n.png?stp=cp0_dst-png_s110x80&_nc_cat=1&ccb=1-7&_nc_sid=23dd7b&_nc_ohc=r-xvjuvhW-YQ7kNvgFqrHjx&_nc_ht=scontent-atl3-2.xx&oh=00_AYDodyGRiQC5uw5PbwgQGArrFPTI_Z-Af3GxXXd43Tqidw&oe=66FFD4F3","80","",,,,,"222549939635325","[Newsfeed] Indonesia First Party",,,"https://www.facebook.com/antonsulaiman95/posts/2921943391285944?comment_id=1066964661459687","1","2024-09-24T14:53:59.000Z","2921943391285944","https://www.facebook.com/antonsulaiman95/posts/pfbid02fVgt7e1dtrZa4DJxZUsFHA916nc65eX5UuoggUnYch8gZP3gsbccUkQhpEJUU1G1l","ZmVlZGJhY2s6MjkyMTk0MzM5MTI4NTk0NF8xMDY2OTY0NjYxNDU5Njg3","Y29tbWVudDoyOTIxOTQzMzkxMjg1OTQ0XzEwNjY5NjQ2NjE0NTk2ODc=","https://www.facebook.com/antonsulaiman95/posts/pfbid02fVgt7e1dtrZa4DJxZUsFHA916nc65eX5UuoggUnYch8gZP3gsbccUkQhpEJUU1G1l","0","250829661453806","false",,,,,,,"Selamat Hari Tani Nasional.
🌶🌶 CKTAV 8 F1 🌶🌶

#benihcitraasia
#bintangasia","pfbid02uCr6KGEhMTx4FyksXUd4mFZtyeYSoc52ccZJR8csu75sXrbZyACqVZrn8ksGiiQvl","Wulandari Indarwan","https://scontent-atl3-2.xx.fbcdn.net/v/t39.30808-1/345251721_2406921189485574_1765883835973221216_n.jpg?stp=cp0_dst-jpg_s32x32&_nc_cat=102&ccb=1-7&_nc_sid=0ecb9b&_nc_ohc=sEHOy-uG8wQQ7kNvgEDE5lX&_nc_ht=scontent-atl3-2.xx&oh=00_AYB5B9p9dLRynfqHJjmT4a5Y7SSMUDFo-Jucz7gntYugnA&oe=66FFF0FA","https://www.facebook.com/people/Wulandari-Indarwan/pfbid02uCr6KGEhMTx4FyksXUd4mFZtyeYSoc52ccZJR8csu75sXrbZyACqVZrn8ksGiiQvl/",,,"0"
,,,,,,,,,,,,,,,,,,,,,,"https://www.facebook.com/antonsulaiman95/posts/2921943391285944?comment_id=1245197133179700","1","2024-09-24T13:18:55.000Z","2921943391285944","https://www.facebook.com/antonsulaiman95/posts/pfbid02fVgt7e1dtrZa4DJxZUsFHA916nc65eX5UuoggUnYch8gZP3gsbccUkQhpEJUU1G1l","ZmVlZGJhY2s6MjkyMTk0MzM5MTI4NTk0NF8xMjQ1MTk3MTMzMTc5NzAw","Y29tbWVudDoyOTIxOTQzMzkxMjg1OTQ0XzEyNDUxOTcxMzMxNzk3MDA=","https://www.facebook.com/antonsulaiman95/posts/pfbid02fVgt7e1dtrZa4DJxZUsFHA916nc65eX5UuoggUnYch8gZP3gsbccUkQhpEJUU1G1l","1","250829661453806","false",,,,,,,"Selamat Hari Tani Nasional.
🌶🌶 CKTAV 8 F1 🌶🌶

#benihcitraasia
#bintangasia","100007578522755","Renzy Bintangasia","https://scontent-atl3-2.xx.fbcdn.net/v/t39.30808-1/426012403_3605728109689771_2277782955804277447_n.jpg?stp=cp0_dst-jpg_s32x32&_nc_cat=104&ccb=1-7&_nc_sid=50d2ac&_nc_ohc=Dk2tR_uNxVUQ7kNvgEoeiUT&_nc_ht=scontent-atl3-2.xx&oh=00_AYA82il8Liw5JyZmo0MsQeyhRB9IWSlV_O_V8RcKC31cqg&oe=66FFDA84","https://www.facebook.com/renzi.prayuda",,"Mantap pak boss","0"
,,,,,,,,,,,,,,,,,,,,,,"https://www.facebook.com/antonsulaiman95/posts/2921943391285944?comment_id=769950505185980","1","2024-09-24T13:10:33.000Z","2921943391285944","https://www.facebook.com/antonsulaiman95/posts/pfbid02fVgt7e1dtrZa4DJxZUsFHA916nc65eX5UuoggUnYch8gZP3gsbccUkQhpEJUU1G1l","ZmVlZGJhY2s6MjkyMTk0MzM5MTI4NTk0NF83Njk5NTA1MDUxODU5ODA=","Y29tbWVudDoyOTIxOTQzMzkxMjg1OTQ0Xzc2OTk1MDUwNTE4NTk4MA==","https://www.facebook.com/antonsulaiman95/posts/pfbid02fVgt7e1dtrZa4DJxZUsFHA916nc65eX5UuoggUnYch8gZP3gsbccUkQhpEJUU1G1l","0","250829661453806","false",,,,,,,"Selamat Hari Tani Nasional.
🌶🌶 CKTAV 8 F1 🌶🌶

#benihcitraasia
#bintangasia","pfbid02dvc9RNvVo6XWSyPVNVt78HN7fddwV9iQh2T3MiyrGDtDuaVv1Jx5LUdBpSxfu6QWl","Aprizen Ikhlas","https://scontent-atl3-2.xx.fbcdn.net/v/t39.30808-1/448230343_431372256538504_77440978127761497_n.jpg?stp=cp0_dst-jpg_s32x32&_nc_cat=102&ccb=1-7&_nc_sid=0ecb9b&_nc_ohc=KCSZKFcVMbcQ7kNvgGQ0eMB&_nc_ht=scontent-atl3-2.xx&oh=00_AYAiSRgkNvkngTcOmk_5nJ0yzQ26rX-uGllkjAdd7KwPTQ&oe=66FFC8C3","https://www.facebook.com/people/Aprizen-Ikhlas/pfbid02dvc9RNvVo6XWSyPVNVt78HN7fddwV9iQh2T3MiyrGDtDuaVv1Jx5LUdBpSxfu6QWl/",,"Dmn ni ton","0"
,,,,,,,,,,,,,,,,,,,,,,"https://www.facebook.com/antonsulaiman95/posts/2921943391285944?comment_id=536047902336265","3","2024-09-24T13:57:29.000Z","2921943391285944","https://www.facebook.com/antonsulaiman95/posts/pfbid02fVgt7e1dtrZa4DJxZUsFHA916nc65eX5UuoggUnYch8gZP3gsbccUkQhpEJUU1G1l","ZmVlZGJhY2s6MjkyMTk0MzM5MTI4NTk0NF81MzYwNDc5MDIzMzYyNjU=","Y29tbWVudDoyOTIxOTQzMzkxMjg1OTQ0XzUzNjA0NzkwMjMzNjI2NQ==","https://www.facebook.com/antonsulaiman95/posts/pfbid02fVgt7e1dtrZa4DJxZUsFHA916nc65eX5UuoggUnYch8gZP3gsbccUkQhpEJUU1G1l","1","250829661453806","false",,,,,,,"Selamat Hari Tani Nasional.
🌶🌶 CKTAV 8 F1 🌶🌶

#benihcitraasia
#bintangasia","pfbid02Q7sv8er2q6f2D4P5UNzvZpU46roRmPRaLsTYGQeSenCgmnkXSnbRsbd86LrCHrJil","Jaino","https://scontent-atl3-1.xx.fbcdn.net/v/t1.6435-1/108020715_596042734681039_1596264854985664739_n.jpg?stp=cp0_dst-jpg_s32x32&_nc_cat=106&ccb=1-7&_nc_sid=0ecb9b&_nc_ohc=cHqFOC7B9sgQ7kNvgHBIU4W&_nc_ht=scontent-atl3-1.xx&oh=00_AYAZ3Wz920S2O9E5pkQ0w-LOdBJ8lEPBFVyLQfw6Fu9-uQ&oe=67217BE6","https://www.facebook.com/jaino.jaino.391",,"Rancak bana bos kuy","0"
,,,,,,,,,,,,,,,,,,,,,,"https://www.facebook.com/antonsulaiman95/posts/2921943391285944?comment_id=1538197483452206","2","2024-09-24T14:08:08.000Z","2921943391285944","https://www.facebook.com/antonsulaiman95/posts/pfbid02fVgt7e1dtrZa4DJxZUsFHA916nc65eX5UuoggUnYch8gZP3gsbccUkQhpEJUU1G1l","ZmVlZGJhY2s6MjkyMTk0MzM5MTI4NTk0NF8xNTM4MTk3NDgzNDUyMjA2","Y29tbWVudDoyOTIxOTQzMzkxMjg1OTQ0XzE1MzgxOTc0ODM0NTIyMDY=","https://www.facebook.com/antonsulaiman95/posts/pfbid02fVgt7e1dtrZa4DJxZUsFHA916nc65eX5UuoggUnYch8gZP3gsbccUkQhpEJUU1G1l","0","250829661453806","false",,,,,,,"Selamat Hari Tani Nasional.
🌶🌶 CKTAV 8 F1 🌶🌶

#benihcitraasia
#bintangasia","100047490514806","Sudiran","https://scontent-atl3-1.xx.fbcdn.net/v/t39.30808-1/299228377_601083921484620_7840193492917851762_n.jpg?stp=cp0_dst-jpg_s32x32&_nc_cat=110&ccb=1-7&_nc_sid=50d2ac&_nc_ohc=mscwbX77nNAQ7kNvgHgVYXg&_nc_ht=scontent-atl3-1.xx&oh=00_AYBUs_LeZuiskzRN4IpEsRXaYK_eqngQtXK9SA4p45wZsQ&oe=66FFD86E","https://www.facebook.com/sudiran.sudiran.7374",,"Bisa tiru mas ini","0"
,,,,,,,,,,,,,,,,,,,,,,"https://www.facebook.com/antonsulaiman95/posts/pfbid02fVgt7e1dtrZa4DJxZUsFHA916nc65eX5UuoggUnYch8gZP3gsbccUkQhpEJUU1G1l?comment_id=1245197133179700&reply_comment_id=1200485821240281",,"2024-09-24T13:22:57.000Z","2921943391285944","https://www.facebook.com/antonsulaiman95/posts/pfbid02fVgt7e1dtrZa4DJxZUsFHA916nc65eX5UuoggUnYch8gZP3gsbccUkQhpEJUU1G1l","ZmVlZGJhY2s6MjkyMTk0MzM5MTI4NTk0NF8xMjAwNDg1ODIxMjQwMjgx","Y29tbWVudDoyOTIxOTQzMzkxMjg1OTQ0XzEyMDA0ODU4MjEyNDAyODE=","https://www.facebook.com/antonsulaiman95/posts/pfbid02fVgt7e1dtrZa4DJxZUsFHA916nc65eX5UuoggUnYch8gZP3gsbccUkQhpEJUU1G1l","1","250829661453806","false",,"User","100007578522755","Renzy Bintangasia","Renzy","Y29tbWVudDoyOTIxOTQzMzkxMjg1OTQ0XzEyNDUxOTcxMzMxNzk3MDA=","Selamat Hari Tani Nasional.
🌶🌶 CKTAV 8 F1 🌶🌶

#benihcitraasia
#bintangasia","100004109346822","Anton Sulaiman Bintang Asia","https://scontent.fbau1-1.fna.fbcdn.net/v/t39.30808-1/408038176_2702817406531878_9133290973397502973_n.jpg?stp=cp0_dst-jpg_s32x32&_nc_cat=100&ccb=1-7&_nc_sid=50d2ac&_nc_ohc=4OIuA7-CxxgQ7kNvgF9Lbg6&_nc_ht=scontent.fbau1-1.fna&_nc_gid=A46p1eJM5hpAhCWgEaKAgxJ&oh=00_AYAmjROEL6ASHp6toD5MX2Mo2wPG7KPhjP5ilZPnilU_yA&oe=66FFE0C3","https://www.facebook.com/antonsulaiman95","Y29tbWVudDoyOTIxOTQzMzkxMjg1OTQ0XzEyNDUxOTcxMzMxNzk3MDA=","Renzy Bintangasia tengkiyu bosquh 😁","1"
,,,,,,,,,,,,,,,,,,,,,,"https://www.facebook.com/antonsulaiman95/posts/pfbid02fVgt7e1dtrZa4DJxZUsFHA916nc65eX5UuoggUnYch8gZP3gsbccUkQhpEJUU1G1l?comment_id=1507062626618618&reply_comment_id=915090877326194",,"2024-09-24T15:18:04.000Z","2921943391285944","https://www.facebook.com/antonsulaiman95/posts/pfbid02fVgt7e1dtrZa4DJxZUsFHA916nc65eX5UuoggUnYch8gZP3gsbccUkQhpEJUU1G1l","ZmVlZGJhY2s6MjkyMTk0MzM5MTI4NTk0NF85MTUwOTA4NzczMjYxOTQ=","Y29tbWVudDoyOTIxOTQzMzkxMjg1OTQ0XzkxNTA5MDg3NzMyNjE5NA==","https://www.facebook.com/antonsulaiman95/posts/pfbid02fVgt7e1dtrZa4DJxZUsFHA916nc65eX5UuoggUnYch8gZP3gsbccUkQhpEJUU1G1l","0","250829661453806","false",,"User","61552534678294","Bang Fhatir","Bang","Y29tbWVudDoyOTIxOTQzMzkxMjg1OTQ0XzE1MDcwNjI2MjY2MTg2MTg=","Selamat Hari Tani Nasional.
🌶🌶 CKTAV 8 F1 🌶🌶

#benihcitraasia
#bintangasia","100004109346822","Anton Sulaiman Bintang Asia","https://scontent.fpac1-3.fna.fbcdn.net/v/t39.30808-1/408038176_2702817406531878_9133290973397502973_n.jpg?stp=cp0_dst-jpg_s32x32&_nc_cat=100&ccb=1-7&_nc_sid=50d2ac&_nc_ohc=4OIuA7-CxxgQ7kNvgEZvwq9&_nc_ht=scontent.fpac1-3.fna&_nc_gid=ATUzTBuDwTUjTCVE7BDdM67&oh=00_AYDfFlAWC615qAdVeTe_4vH7E49M8YRlodlSHqXS60xw8A&oe=66FFE0C3","https://www.facebook.com/antonsulaiman95","Y29tbWVudDoyOTIxOTQzMzkxMjg1OTQ0XzE1MDcwNjI2MjY2MTg2MTg=","Bang Fhatir yaa sudah ada bang","1"
,,,,,,,,,,,,,,,,,,,,,,"https://www.facebook.com/antonsulaiman95/posts/pfbid02fVgt7e1dtrZa4DJxZUsFHA916nc65eX5UuoggUnYch8gZP3gsbccUkQhpEJUU1G1l?comment_id=1066964661459687&reply_comment_id=1024918866001477",,"2024-09-24T15:14:26.000Z","2921943391285944","https://www.facebook.com/antonsulaiman95/posts/pfbid02fVgt7e1dtrZa4DJxZUsFHA916nc65eX5UuoggUnYch8gZP3gsbccUkQhpEJUU1G1l","ZmVlZGJhY2s6MjkyMTk0MzM5MTI4NTk0NF8xMDI0OTE4ODY2MDAxNDc3","Y29tbWVudDoyOTIxOTQzMzkxMjg1OTQ0XzEwMjQ5MTg4NjYwMDE0Nzc=","https://www.facebook.com/antonsulaiman95/posts/pfbid02fVgt7e1dtrZa4DJxZUsFHA916nc65eX5UuoggUnYch8gZP3gsbccUkQhpEJUU1G1l","0","250829661453806","false",,"User","pfbid02uCr6KGEhMTx4FyksXUd4mFZtyeYSoc52ccZJR8csu75sXrbZyACqVZrn8ksGiiQvl","Wulandari Indarwan","Wulandari","Y29tbWVudDoyOTIxOTQzMzkxMjg1OTQ0XzEwNjY5NjQ2NjE0NTk2ODc=","Selamat Hari Tani Nasional.
🌶🌶 CKTAV 8 F1 🌶🌶

#benihcitraasia
#bintangasia","100004109346822","Anton Sulaiman Bintang Asia","https://scontent-lax3-2.xx.fbcdn.net/v/t39.30808-1/408038176_2702817406531878_9133290973397502973_n.jpg?stp=cp0_dst-jpg_s32x32&_nc_cat=100&ccb=1-7&_nc_sid=50d2ac&_nc_ohc=4OIuA7-CxxgQ7kNvgF_KgHr&_nc_ht=scontent-lax3-2.xx&_nc_gid=A4m_56_ARUJirdrozlFWAgR&oh=00_AYB7MP29-Fota5KBN1vzmUGYqVqbaKfblkvwruEuDCCYJw&oe=66FFE0C3","https://www.facebook.com/antonsulaiman95","Y29tbWVudDoyOTIxOTQzMzkxMjg1OTQ0XzEwNjY5NjQ2NjE0NTk2ODc=","Wulandari Indarwan gass lah pak stok bibitnyo di toko 😁🙏","1"
,,,,,,,,,,,,,,,,,,,,,,"https://www.facebook.com/antonsulaiman95/posts/pfbid02fVgt7e1dtrZa4DJxZUsFHA916nc65eX5UuoggUnYch8gZP3gsbccUkQhpEJUU1G1l?comment_id=769950505185980&reply_comment_id=509803465089501",,"2024-09-24T13:12:09.000Z","2921943391285944","https://www.facebook.com/antonsulaiman95/posts/pfbid02fVgt7e1dtrZa4DJxZUsFHA916nc65eX5UuoggUnYch8gZP3gsbccUkQhpEJUU1G1l","ZmVlZGJhY2s6MjkyMTk0MzM5MTI4NTk0NF81MDk4MDM0NjUwODk1MDE=","Y29tbWVudDoyOTIxOTQzMzkxMjg1OTQ0XzUwOTgwMzQ2NTA4OTUwMQ==","https://www.facebook.com/antonsulaiman95/posts/pfbid02fVgt7e1dtrZa4DJxZUsFHA916nc65eX5UuoggUnYch8gZP3gsbccUkQhpEJUU1G1l","0","250829661453806","false",,"User","pfbid02dvc9RNvVo6XWSyPVNVt78HN7fddwV9iQh2T3MiyrGDtDuaVv1Jx5LUdBpSxfu6QWl","Aprizen Ikhlas","Aprizen","Y29tbWVudDoyOTIxOTQzMzkxMjg1OTQ0Xzc2OTk1MDUwNTE4NTk4MA==","Selamat Hari Tani Nasional.
🌶🌶 CKTAV 8 F1 🌶🌶

#benihcitraasia
#bintangasia","100004109346822","Anton Sulaiman Bintang Asia","https://scontent-lax3-2.xx.fbcdn.net/v/t39.30808-1/408038176_2702817406531878_9133290973397502973_n.jpg?stp=cp0_dst-jpg_s32x32&_nc_cat=100&ccb=1-7&_nc_sid=50d2ac&_nc_ohc=4OIuA7-CxxgQ7kNvgE5_38Y&_nc_ht=scontent-lax3-2.xx&_nc_gid=AZzdDFckO28ApUkQBXhhkX_&oh=00_AYAfY8XB0b1uAMxvneZWtKkmLs_MD_iSMllJaRcQvrA1dg&oe=66FFE0C3","https://www.facebook.com/antonsulaiman95","Y29tbWVudDoyOTIxOTQzMzkxMjg1OTQ0Xzc2OTk1MDUwNTE4NTk4MA==","Aprizen Ikhlas di bengkulu utara bang","1"
,,,,,,,,,,,,,,,,,,,,,,"https://www.facebook.com/antonsulaiman95/posts/pfbid02fVgt7e1dtrZa4DJxZUsFHA916nc65eX5UuoggUnYch8gZP3gsbccUkQhpEJUU1G1l?comment_id=1538197483452206&reply_comment_id=1511425159734711","1","2024-09-24T14:11:43.000Z","2921943391285944","https://www.facebook.com/antonsulaiman95/posts/pfbid02fVgt7e1dtrZa4DJxZUsFHA916nc65eX5UuoggUnYch8gZP3gsbccUkQhpEJUU1G1l","ZmVlZGJhY2s6MjkyMTk0MzM5MTI4NTk0NF8xNTExNDI1MTU5NzM0NzEx","Y29tbWVudDoyOTIxOTQzMzkxMjg1OTQ0XzE1MTE0MjUxNTk3MzQ3MTE=","https://www.facebook.com/antonsulaiman95/posts/pfbid02fVgt7e1dtrZa4DJxZUsFHA916nc65eX5UuoggUnYch8gZP3gsbccUkQhpEJUU1G1l","0","250829661453806","false",,"User","100047490514806","Sudiran","Sudiran","Y29tbWVudDoyOTIxOTQzMzkxMjg1OTQ0XzE1MzgxOTc0ODM0NTIyMDY=","Selamat Hari Tani Nasional.
🌶🌶 CKTAV 8 F1 🌶🌶

#benihcitraasia
#bintangasia","100004109346822","Anton Sulaiman Bintang Asia","https://scontent-atl3-1.xx.fbcdn.net/v/t39.30808-1/408038176_2702817406531878_9133290973397502973_n.jpg?stp=cp0_dst-jpg_s32x32&_nc_cat=100&ccb=1-7&_nc_sid=50d2ac&_nc_ohc=4OIuA7-CxxgQ7kNvgFOeqKZ&_nc_ht=scontent-atl3-1.xx&_nc_gid=AnLIJ6j30nW153AhXWfWx3b&oh=00_AYD4cCtRivFtoHyX1QrKuSRHA5SHMCHD5cZDgSRbFzpjtA&oe=66FFE0C3","https://www.facebook.com/antonsulaiman95","Y29tbWVudDoyOTIxOTQzMzkxMjg1OTQ0XzE1MzgxOTc0ODM0NTIyMDY=","Sudiran bisa banget pak, sangat cocok untuk rotasi tanaman semangka 😁","1"
"Sticker",,,,,"1","83","1","1","379746084855238","120","https://scontent-atl3-1.xx.fbcdn.net/v/t39.1997-6/454058033_379746088188571_8172335871725565670_n.webp?_nc_cat=109&ccb=1-7&_nc_sid=878c43&_nc_ohc=hYJfyxM1RHUQ7kNvgEuIh11&_nc_ht=scontent-atl3-1.xx&_nc_gid=AnLIJ6j30nW153AhXWfWx3b&oh=00_AYACx1-OMaSRDpOW3kWgjq5E5SdOw5k-S2qFVtTd5r7TwA&oe=66FFE3EF","120","Avatar with both thumbs up and a broad smile.",,,,,,,,,"https://www.facebook.com/antonsulaiman95/posts/pfbid02fVgt7e1dtrZa4DJxZUsFHA916nc65eX5UuoggUnYch8gZP3gsbccUkQhpEJUU1G1l?comment_id=1538197483452206&reply_comment_id=1626391824958599",,"2024-09-24T14:12:38.000Z","2921943391285944","https://www.facebook.com/antonsulaiman95/posts/pfbid02fVgt7e1dtrZa4DJxZUsFHA916nc65eX5UuoggUnYch8gZP3gsbccUkQhpEJUU1G1l","ZmVlZGJhY2s6MjkyMTk0MzM5MTI4NTk0NF8xNjI2MzkxODI0OTU4NTk5","Y29tbWVudDoyOTIxOTQzMzkxMjg1OTQ0XzE2MjYzOTE4MjQ5NTg1OTk=","https://www.facebook.com/antonsulaiman95/posts/pfbid02fVgt7e1dtrZa4DJxZUsFHA916nc65eX5UuoggUnYch8gZP3gsbccUkQhpEJUU1G1l","0","250829661453806","false",,"User","100047490514806","Sudiran","Sudiran","Y29tbWVudDoyOTIxOTQzMzkxMjg1OTQ0XzE1MzgxOTc0ODM0NTIyMDY=","Selamat Hari Tani Nasional.
🌶🌶 CKTAV 8 F1 🌶🌶

#benihcitraasia
#bintangasia","100047490514806","Sudiran","https://scontent-atl3-1.xx.fbcdn.net/v/t39.30808-1/299228377_601083921484620_7840193492917851762_n.jpg?stp=cp0_dst-jpg_s32x32&_nc_cat=110&ccb=1-7&_nc_sid=50d2ac&_nc_ohc=mscwbX77nNAQ7kNvgGXL763&_nc_ht=scontent-atl3-1.xx&_nc_gid=AnLIJ6j30nW153AhXWfWx3b&oh=00_AYBISeUC6AmT9v4fOphyEc4kBN0A7ehwQbV2pJrnkGK8LA&oe=66FFD86E","https://www.facebook.com/sudiran.sudiran.7374","Y29tbWVudDoyOTIxOTQzMzkxMjg1OTQ0XzE1MzgxOTc0ODM0NTIyMDY=","Anton Sulaiman Bintang Asia","2"
"Photo",,,"https://scontent-dfw5-2.xx.fbcdn.net/v/t39.30808-6/460991207_2921970497949900_6687370841783978710_n.jpg?stp=dst-jpg_fb30_s960x960&_nc_cat=102&ccb=1-7&_nc_sid=bd9a62&_nc_ohc=B30Nu8rwPz4Q7kNvgHfPjWZ&_nc_ht=scontent-dfw5-2.xx&_nc_gid=Ac3n31nMI-ZDYPsrxv90ETF&oh=00_AYC4AZPdL8NR6N5Kcp8529nRIrNNceQhdDY1lW_M99v9_w&oe=66FFCE37",,,,,,"2921970487949901","196","https://scontent-dfw5-2.xx.fbcdn.net/v/t39.30808-6/460991207_2921970497949900_6687370841783978710_n.jpg?stp=dst-jpg_s261x260&_nc_cat=102&ccb=1-7&_nc_sid=bd9a62&_nc_ohc=B30Nu8rwPz4Q7kNvgHfPjWZ&_nc_ht=scontent-dfw5-2.xx&_nc_gid=Ac3n31nMI-ZDYPsrxv90ETF&oh=00_AYAzDNeTVqgu2wi7Kzdn2RlK8i_b2sCE4HSJMDx65Aw24g&oe=66FFCE37","261",,"721","960","May be an image of 2 people and text",,,,,,"https://www.facebook.com/antonsulaiman95/posts/pfbid02fVgt7e1dtrZa4DJxZUsFHA916nc65eX5UuoggUnYch8gZP3gsbccUkQhpEJUU1G1l?comment_id=508183785528449&reply_comment_id=1731427660936708","2","2024-09-24T13:42:57.000Z","2921943391285944","https://www.facebook.com/antonsulaiman95/posts/pfbid02fVgt7e1dtrZa4DJxZUsFHA916nc65eX5UuoggUnYch8gZP3gsbccUkQhpEJUU1G1l","ZmVlZGJhY2s6MjkyMTk0MzM5MTI4NTk0NF8xNzMxNDI3NjYwOTM2NzA4","Y29tbWVudDoyOTIxOTQzMzkxMjg1OTQ0XzE3MzE0Mjc2NjA5MzY3MDg=","https://www.facebook.com/antonsulaiman95/posts/pfbid02fVgt7e1dtrZa4DJxZUsFHA916nc65eX5UuoggUnYch8gZP3gsbccUkQhpEJUU1G1l","1","250829661453806","false",,"User","pfbid03tdnhNzGwt6aXKyWzjiFKLz8RdLsugGxktkqBHnqPF1ykys1LV7Ze4v6Qz34M6WCl","Erick Hysteria","Erick","Y29tbWVudDoyOTIxOTQzMzkxMjg1OTQ0XzUwODE4Mzc4NTUyODQ0OQ==","Selamat Hari Tani Nasional.
🌶🌶 CKTAV 8 F1 🌶🌶

#benihcitraasia
#bintangasia","100004109346822","Anton Sulaiman Bintang Asia","https://scontent-dfw5-2.xx.fbcdn.net/v/t39.30808-1/408038176_2702817406531878_9133290973397502973_n.jpg?stp=cp0_dst-jpg_s32x32&_nc_cat=100&ccb=1-7&_nc_sid=50d2ac&_nc_ohc=4OIuA7-CxxgQ7kNvgGun18Y&_nc_ht=scontent-dfw5-2.xx&_nc_gid=Ac3n31nMI-ZDYPsrxv90ETF&oh=00_AYAFnoERNgEtWEB28fRtUOe6s6WFYB7LgLPHTTuQjSPguw&oe=66FFE0C3","https://www.facebook.com/antonsulaiman95","Y29tbWVudDoyOTIxOTQzMzkxMjg1OTQ0XzUwODE4Mzc4NTUyODQ0OQ==","Erick Hysteria","1"
,,,,,,,,,,,,,,,,,,,,,,"https://www.facebook.com/antonsulaiman95/posts/pfbid02fVgt7e1dtrZa4DJxZUsFHA916nc65eX5UuoggUnYch8gZP3gsbccUkQhpEJUU1G1l?comment_id=508183785528449&reply_comment_id=1036394624457467",,"2024-09-24T15:42:32.000Z","2921943391285944","https://www.facebook.com/antonsulaiman95/posts/pfbid02fVgt7e1dtrZa4DJxZUsFHA916nc65eX5UuoggUnYch8gZP3gsbccUkQhpEJUU1G1l","ZmVlZGJhY2s6MjkyMTk0MzM5MTI4NTk0NF8xMDM2Mzk0NjI0NDU3NDY3","Y29tbWVudDoyOTIxOTQzMzkxMjg1OTQ0XzEwMzYzOTQ2MjQ0NTc0Njc=","https://www.facebook.com/antonsulaiman95/posts/pfbid02fVgt7e1dtrZa4DJxZUsFHA916nc65eX5UuoggUnYch8gZP3gsbccUkQhpEJUU1G1l","0","250829661453806","false",,"User","pfbid03tdnhNzGwt6aXKyWzjiFKLz8RdLsugGxktkqBHnqPF1ykys1LV7Ze4v6Qz34M6WCl","Erick Hysteria","Erick","Y29tbWVudDoyOTIxOTQzMzkxMjg1OTQ0XzUwODE4Mzc4NTUyODQ0OQ==","Selamat Hari Tani Nasional.
🌶🌶 CKTAV 8 F1 🌶🌶

#benihcitraasia
#bintangasia","pfbid03tdnhNzGwt6aXKyWzjiFKLz8RdLsugGxktkqBHnqPF1ykys1LV7Ze4v6Qz34M6WCl","Erick Hysteria","https://scontent-dfw5-2.xx.fbcdn.net/v/t39.30808-1/439422255_7313074122079845_7367519687273267636_n.jpg?stp=cp0_dst-jpg_s32x32&_nc_cat=106&ccb=1-7&_nc_sid=0ecb9b&_nc_ohc=mIjOVvD6YlYQ7kNvgFA_eo3&_nc_ht=scontent-dfw5-2.xx&_nc_gid=Ac3n31nMI-ZDYPsrxv90ETF&oh=00_AYDtmXZm351Nsw4wTFsXq8XD2RAQpz9wQQcSOEc1HhZVMQ&oe=66FFC2E4",,"Y29tbWVudDoyOTIxOTQzMzkxMjg1OTQ0XzUwODE4Mzc4NTUyODQ0OQ==","Anton Sulaiman Bintang Asia  👍👍","2"
"Photo",,,"https://scontent-dfw5-1.xx.fbcdn.net/v/t39.30808-6/461177073_8171725516214697_2701978450828972075_n.jpg?stp=dst-jpg_fb30&_nc_cat=110&ccb=1-7&_nc_sid=bd9a62&_nc_ohc=XJ8hiVfoF8YQ7kNvgGWaY1Z&_nc_ht=scontent-dfw5-1.xx&_nc_gid=Ac3n31nMI-ZDYPsrxv90ETF&oh=00_AYCFApkAp4wIBHQ4VFI0M0hmD1--M_wXWydgOx8vjmPeMA&oe=66FFEBBC",,,,,,"8171725502881365","225","https://scontent-dfw5-1.xx.fbcdn.net/v/t39.30808-6/461177073_8171725516214697_2701978450828972075_n.jpg?stp=dst-jpg_p75x225&_nc_cat=110&ccb=1-7&_nc_sid=bd9a62&_nc_ohc=XJ8hiVfoF8YQ7kNvgGWaY1Z&_nc_ht=scontent-dfw5-1.xx&_nc_gid=Ac3n31nMI-ZDYPsrxv90ETF&oh=00_AYBUaFuZnyxtAlVCBpgGArrdLmAJ4TNgPobf18Wz_UmCNA&oe=66FFEBBC","225",,"500","500","May be an image of text",,,,,,"https://www.facebook.com/antonsulaiman95/posts/pfbid02fVgt7e1dtrZa4DJxZUsFHA916nc65eX5UuoggUnYch8gZP3gsbccUkQhpEJUU1G1l?comment_id=508183785528449&reply_comment_id=452594177806044",,"2024-09-24T15:46:59.000Z","2921943391285944","https://www.facebook.com/antonsulaiman95/posts/pfbid02fVgt7e1dtrZa4DJxZUsFHA916nc65eX5UuoggUnYch8gZP3gsbccUkQhpEJUU1G1l","ZmVlZGJhY2s6MjkyMTk0MzM5MTI4NTk0NF80NTI1OTQxNzc4MDYwNDQ=","Y29tbWVudDoyOTIxOTQzMzkxMjg1OTQ0XzQ1MjU5NDE3NzgwNjA0NA==","https://www.facebook.com/antonsulaiman95/posts/pfbid02fVgt7e1dtrZa4DJxZUsFHA916nc65eX5UuoggUnYch8gZP3gsbccUkQhpEJUU1G1l","1","250829661453806","false",,"User","pfbid03tdnhNzGwt6aXKyWzjiFKLz8RdLsugGxktkqBHnqPF1ykys1LV7Ze4v6Qz34M6WCl","Erick Hysteria","Erick","Y29tbWVudDoyOTIxOTQzMzkxMjg1OTQ0XzUwODE4Mzc4NTUyODQ0OQ==","Selamat Hari Tani Nasional.
🌶🌶 CKTAV 8 F1 🌶🌶

#benihcitraasia
#bintangasia","pfbid03tdnhNzGwt6aXKyWzjiFKLz8RdLsugGxktkqBHnqPF1ykys1LV7Ze4v6Qz34M6WCl","Erick Hysteria","https://scontent-dfw5-2.xx.fbcdn.net/v/t39.30808-1/439422255_7313074122079845_7367519687273267636_n.jpg?stp=cp0_dst-jpg_s32x32&_nc_cat=106&ccb=1-7&_nc_sid=0ecb9b&_nc_ohc=mIjOVvD6YlYQ7kNvgFA_eo3&_nc_ht=scontent-dfw5-2.xx&_nc_gid=Ac3n31nMI-ZDYPsrxv90ETF&oh=00_AYDtmXZm351Nsw4wTFsXq8XD2RAQpz9wQQcSOEc1HhZVMQ&oe=66FFC2E4",,"Y29tbWVudDoyOTIxOTQzMzkxMjg1OTQ0XzUwODE4Mzc4NTUyODQ0OQ==","Anton Sulaiman Bintang Asia  virus dilawan","2"
