﻿"attachments/0/style_list/0","attachments/0/style_list/1","attachments/0/style_list/2","attachments/0/style_list/3","attachments/0/style_list/4","commentUrl","commentsCount","date","facebookId","facebookUrl","feedbackId","id","inputUrl","likesCount","pageAdLibrary/id","pageAdLibrary/is_business_page_active","postTitle","profileId","profileName","profilePicture","profileUrl","replyToCommentId","text","threadingDepth"
,,,,,"https://www.facebook.com/100013364191442/posts/2009250502863737?comment_id=2700032683508623","1","2024-09-17T12:52:46.000Z","2009250502863737","https://www.facebook.com/100013364191442/posts/2009250502863737","ZmVlZGJhY2s6MjAwOTI1MDUwMjg2MzczN18yNzAwMDMyNjgzNTA4NjIz","Y29tbWVudDoyMDA5MjUwNTAyODYzNzM3XzI3MDAwMzI2ODM1MDg2MjM=","https://www.facebook.com/100013364191442/posts/2009250502863737","0","194051327133277","false","Kubis Varietas Compact 11 F1 Produksi PT.Benih Citra Asia ⭐⭐⭐","100004370253176","Muhamad Cali Faiz Ahmad","https://scontent-dfw5-2.xx.fbcdn.net/v/t39.30808-1/456120459_2788136318008683_7418166726346064265_n.jpg?stp=cp0_dst-jpg_s32x32&_nc_cat=108&ccb=1-7&_nc_sid=50d2ac&_nc_ohc=Kq7ap1xS2qgQ7kNvgHEbAqW&_nc_ht=scontent-dfw5-2.xx&oh=00_AYAz1ZZs3DFr-9QHpisCGYvLwiec0IufMQrrR215UisJHQ&oe=66F048ED","https://www.facebook.com/muhamad.cali.98",,"Bintang asia semakin jaya",
"animated_image_autoplay","animated_image_share","image_share","share","fallback","https://www.facebook.com/100013364191442/posts/2009250502863737?comment_id=541827794967666","1","2024-09-17T15:24:14.000Z","2009250502863737","https://www.facebook.com/100013364191442/posts/2009250502863737","ZmVlZGJhY2s6MjAwOTI1MDUwMjg2MzczN181NDE4Mjc3OTQ5Njc2NjY=","Y29tbWVudDoyMDA5MjUwNTAyODYzNzM3XzU0MTgyNzc5NDk2NzY2Ng==","https://www.facebook.com/100013364191442/posts/2009250502863737","0","194051327133277","false","Kubis Varietas Compact 11 F1 Produksi PT.Benih Citra Asia ⭐⭐⭐","pfbid02WjCWpFjMyR878nAYLikq42LM5aTuRr9AueZNvBevAcUri92uNqXC5w2TAJijNoC9l","Tahir Sultan","https://scontent-dfw5-2.xx.fbcdn.net/v/t39.30808-1/456456786_122160731426098894_5575993038317238389_n.jpg?stp=cp0_dst-jpg_s32x32&_nc_cat=108&ccb=1-7&_nc_sid=0ecb9b&_nc_ohc=Mf7IrRfkkJQQ7kNvgGGCnz1&_nc_ht=scontent-dfw5-2.xx&oh=00_AYB8VGegdazS0ufqK0P1qgc8Ip-y_Pm4Ui6lj6Vb9ZjI5A&oe=66F03A71","https://www.facebook.com/people/Tahir-Sultan/pfbid02WjCWpFjMyR878nAYLikq42LM5aTuRr9AueZNvBevAcUri92uNqXC5w2TAJijNoC9l/",,"Asli tojeki Andalan Anjo",
,,,,,"https://www.facebook.com/100013364191442/posts/2009250502863737?comment_id=840426074954771","1","2024-09-17T12:49:24.000Z","2009250502863737","https://www.facebook.com/100013364191442/posts/2009250502863737","ZmVlZGJhY2s6MjAwOTI1MDUwMjg2MzczN184NDA0MjYwNzQ5NTQ3NzE=","Y29tbWVudDoyMDA5MjUwNTAyODYzNzM3Xzg0MDQyNjA3NDk1NDc3MQ==","https://www.facebook.com/100013364191442/posts/2009250502863737","0","194051327133277","false","Kubis Varietas Compact 11 F1 Produksi PT.Benih Citra Asia ⭐⭐⭐","100007578522755","Renzy Bintangasia","https://scontent-dfw5-2.xx.fbcdn.net/v/t39.30808-1/426012403_3605728109689771_2277782955804277447_n.jpg?stp=cp0_dst-jpg_s32x32&_nc_cat=104&ccb=1-7&_nc_sid=50d2ac&_nc_ohc=V70ESvgEanEQ7kNvgHBrONY&_nc_ht=scontent-dfw5-2.xx&oh=00_AYAE2nEjq04YtvmI6HDyxxZNHbBlGewiYnQ-d2-fmRGyFA&oe=66F040C4","https://www.facebook.com/renzi.prayuda",,"Mantap bos",
,,,,,"https://www.facebook.com/100013364191442/posts/2009250502863737?comment_id=9142619099098182","1","2024-09-18T01:01:50.000Z","2009250502863737","https://www.facebook.com/100013364191442/posts/2009250502863737","ZmVlZGJhY2s6MjAwOTI1MDUwMjg2MzczN185MTQyNjE5MDk5MDk4MTgy","Y29tbWVudDoyMDA5MjUwNTAyODYzNzM3XzkxNDI2MTkwOTkwOTgxODI=","https://www.facebook.com/100013364191442/posts/2009250502863737","0","194051327133277","false","Kubis Varietas Compact 11 F1 Produksi PT.Benih Citra Asia ⭐⭐⭐","pfbid02VxCrXzRKKhYBdMXiFn5gepchu4z2nd2zCKHAZTurVoJ7k9p3yxRxEcbthwCvudgTl","Opeq Bintang Asia","https://scontent-dfw5-2.xx.fbcdn.net/v/t39.30808-1/440808755_122106493232287865_6230265854575499414_n.jpg?stp=cp0_dst-jpg_s32x32&_nc_cat=108&ccb=1-7&_nc_sid=0ecb9b&_nc_ohc=frMjR67Jbn0Q7kNvgF_LYAb&_nc_ht=scontent-dfw5-2.xx&oh=00_AYCCT7cWVzUHLCO7rgwsCoX0xgo6Y4IrTi0j2g1g2mAI0g&oe=66F04DAE","https://www.facebook.com/people/Opeq-Bintang-Asia/pfbid02VxCrXzRKKhYBdMXiFn5gepchu4z2nd2zCKHAZTurVoJ7k9p3yxRxEcbthwCvudgTl/",,"Luar biasa Kubisnya josss😎",
,,,,,"https://www.facebook.com/100013364191442/posts/2009250502863737?comment_id=1868763960313583","1","2024-09-17T13:24:19.000Z","2009250502863737","https://www.facebook.com/100013364191442/posts/2009250502863737","ZmVlZGJhY2s6MjAwOTI1MDUwMjg2MzczN18xODY4NzYzOTYwMzEzNTgz","Y29tbWVudDoyMDA5MjUwNTAyODYzNzM3XzE4Njg3NjM5NjAzMTM1ODM=","https://www.facebook.com/100013364191442/posts/2009250502863737","0","194051327133277","false","Kubis Varietas Compact 11 F1 Produksi PT.Benih Citra Asia ⭐⭐⭐","pfbid07SVMkt4wL9AeNUWv6t4UgXLQjmfxSjV5LAC1428Km9ubYTvUqChZvr3jVe8MmDEBl","Mahkota Tani","https://scontent-dfw5-2.xx.fbcdn.net/v/t39.30808-1/455965554_532611862618018_6061536963978180978_n.jpg?stp=cp0_dst-jpg_s32x32&_nc_cat=104&ccb=1-7&_nc_sid=0ecb9b&_nc_ohc=jij1E4BoHuYQ7kNvgFv-a94&_nc_ht=scontent-dfw5-2.xx&oh=00_AYA6avkioIG0krHL8OoIMWQpRxDUwzYE1eZ2O4zACqGg6g&oe=66F03C43","https://www.facebook.com/people/Mahkota-Tani/pfbid07SVMkt4wL9AeNUWv6t4UgXLQjmfxSjV5LAC1428Km9ubYTvUqChZvr3jVe8MmDEBl/",,"Pak dusun andalan anjo",
"animated_image_share","image_share","share","fallback",,"https://www.facebook.com/100013364191442/posts/2008894549565999?comment_id=506462062275240","1","2024-09-17T04:01:55.000Z","2008894549565999","https://www.facebook.com/100013364191442/posts/2008894549565999","ZmVlZGJhY2s6MjAwODg5NDU0OTU2NTk5OV81MDY0NjIwNjIyNzUyNDA=","Y29tbWVudDoyMDA4ODk0NTQ5NTY1OTk5XzUwNjQ2MjA2MjI3NTI0MA==","https://www.facebook.com/100013364191442/posts/2008894549565999","0","194051327133277","false","Kamase2 ta antu pindu😄😅","100086103870174","Ruzlymatarang Ruzlymataran","https://scontent-ord5-2.xx.fbcdn.net/v/t39.30808-1/419143101_348903491323111_8141718275791037493_n.jpg?stp=c0.0.612.612a_cp0_dst-jpg_s32x32&_nc_cat=103&ccb=1-7&_nc_sid=50d2ac&_nc_ohc=jZfbh320Y1gQ7kNvgGc_5Rn&_nc_ht=scontent-ord5-2.xx&_nc_gid=AclmOaV5VFyVupqbFcOur3R&oh=00_AYCGc0pEpD4Y4sPPjHXDBCoMIPvAiNPdoVTvX-wL1zMSAw&oe=66F0367C","https://www.facebook.com/people/Ruzlymatarang-Ruzlymataran/100086103870174/",,,
,,,,,"https://www.facebook.com/100013364191442/posts/2008894549565999?comment_id=1553609202180542","2","2024-09-17T02:43:27.000Z","2008894549565999","https://www.facebook.com/100013364191442/posts/2008894549565999","ZmVlZGJhY2s6MjAwODg5NDU0OTU2NTk5OV8xNTUzNjA5MjAyMTgwNTQy","Y29tbWVudDoyMDA4ODk0NTQ5NTY1OTk5XzE1NTM2MDkyMDIxODA1NDI=","https://www.facebook.com/100013364191442/posts/2008894549565999","0","194051327133277","false","Kamase2 ta antu pindu😄😅","pfbid0Ur6is1efxpKDDemr4xkqs2a47DuCzkwed61VZYFP5UcGQzUk4X36beb1icM75Hs4l","Nurlaelah Hasbullah","https://scontent-ord5-2.xx.fbcdn.net/v/t39.30808-1/452283875_3088355481304305_3591136087111383032_n.jpg?stp=cp0_dst-jpg_s32x32&_nc_cat=105&ccb=1-7&_nc_sid=0ecb9b&_nc_ohc=LjSSqiY5ZvAQ7kNvgEFXVEv&_nc_ht=scontent-ord5-2.xx&_nc_gid=AclmOaV5VFyVupqbFcOur3R&oh=00_AYDq9EnqL4fnLRDp60IHX19Pr742JpvNfds_76PflM5CDQ&oe=66F03854","https://www.facebook.com/nurlaelah.hasbullah",,"Nainjo",
,,,,,"https://www.facebook.com/100013364191442/posts/2008894549565999?comment_id=533140566323274",,"2024-09-18T03:11:57.000Z","2008894549565999","https://www.facebook.com/100013364191442/posts/2008894549565999","ZmVlZGJhY2s6MjAwODg5NDU0OTU2NTk5OV81MzMxNDA1NjYzMjMyNzQ=","Y29tbWVudDoyMDA4ODk0NTQ5NTY1OTk5XzUzMzE0MDU2NjMyMzI3NA==","https://www.facebook.com/100013364191442/posts/2008894549565999","0","194051327133277","false","Kamase2 ta antu pindu😄😅","100013364191442","Nrll Bintang Asia","https://scontent.fmkc1-1.fna.fbcdn.net/v/t39.30808-1/458447769_1998595423929245_3345542859681615678_n.jpg?stp=c0.153.922.922a_cp0_dst-jpg_s32x32&_nc_cat=107&ccb=1-7&_nc_sid=50d2ac&_nc_ohc=1xlf0g3Cfl8Q7kNvgH7SdLo&_nc_ht=scontent.fmkc1-1.fna&oh=00_AYDHBJxW7x3G2w74Dvo0gEDJG3NkwnwFoLOMO-DioeLKsg&oe=66F05B45","https://www.facebook.com/nurul.hardianti.9237","Y29tbWVudDoyMDA4ODk0NTQ5NTY1OTk5XzUwNjQ2MjA2MjI3NTI0MA==","Ruzlymatarang Ruzlymataran omg🤣🤣🤣","1"
,,,,,"https://www.facebook.com/100013364191442/posts/2009250502863737?comment_id=880408483536594",,"2024-09-18T01:19:41.000Z","2009250502863737","https://www.facebook.com/100013364191442/posts/2009250502863737","ZmVlZGJhY2s6MjAwOTI1MDUwMjg2MzczN184ODA0MDg0ODM1MzY1OTQ=","Y29tbWVudDoyMDA5MjUwNTAyODYzNzM3Xzg4MDQwODQ4MzUzNjU5NA==","https://www.facebook.com/100013364191442/posts/2009250502863737","0","194051327133277","false","Kubis Varietas Compact 11 F1 Produksi PT.Benih Citra Asia ⭐⭐⭐","100004486865886","Cece Bintang Asia","https://scontent.fdet1-2.fna.fbcdn.net/v/t39.30808-1/316547636_2283367855156088_3827276911733775042_n.jpg?stp=c0.36.1080.1080a_cp0_dst-jpg_s32x32&_nc_cat=107&ccb=1-7&_nc_sid=50d2ac&_nc_ohc=Ijj6isoLMtwQ7kNvgFcnaKo&_nc_ht=scontent.fdet1-2.fna&_nc_gid=AUzuxdeM2Pp4ArJ2Xydswoo&oh=00_AYANe2OS4wZPCB6KNgrpE70trh5nPocjx2unnuxy9Dt1OQ&oe=66F04EDC","https://www.facebook.com/natasya.ayunda.1","Y29tbWVudDoyMDA5MjUwNTAyODYzNzM3XzkxNDI2MTkwOTkwOTgxODI=","Opeq Bintang Asia Betull Pak.. Compact 11 F1 memang keren","1"
,,,,,"https://www.facebook.com/100013364191442/posts/2009250502863737?comment_id=855944793184825",,"2024-09-17T13:40:42.000Z","2009250502863737","https://www.facebook.com/100013364191442/posts/2009250502863737","ZmVlZGJhY2s6MjAwOTI1MDUwMjg2MzczN184NTU5NDQ3OTMxODQ4MjU=","Y29tbWVudDoyMDA5MjUwNTAyODYzNzM3Xzg1NTk0NDc5MzE4NDgyNQ==","https://www.facebook.com/100013364191442/posts/2009250502863737","0","194051327133277","false","Kubis Varietas Compact 11 F1 Produksi PT.Benih Citra Asia ⭐⭐⭐","100013364191442","Nrll Bintang Asia","https://scontent-mia3-2.xx.fbcdn.net/v/t39.30808-1/458447769_1998595423929245_3345542859681615678_n.jpg?stp=c0.153.922.922a_cp0_dst-jpg_s32x32&_nc_cat=107&ccb=1-7&_nc_sid=50d2ac&_nc_ohc=1xlf0g3Cfl8Q7kNvgGoZF-c&_nc_ht=scontent-mia3-2.xx&_nc_gid=AU0VwbqgUZjfw9ngsoWaoIU&oh=00_AYA5ICeaCBof-Q2FcgtZv94itYnGeIBjAixoxEMlFvCEcA&oe=66F05B45","https://www.facebook.com/nurul.hardianti.9237","Y29tbWVudDoyMDA5MjUwNTAyODYzNzM3XzE4Njg3NjM5NjAzMTM1ODM=","Mahkota Tani tojeki iya bela hehe","1"
,,,,,"https://www.facebook.com/100013364191442/posts/2009250502863737?comment_id=3742416572668583",,"2024-09-18T01:19:28.000Z","2009250502863737","https://www.facebook.com/100013364191442/posts/2009250502863737","ZmVlZGJhY2s6MjAwOTI1MDUwMjg2MzczN18zNzQyNDE2NTcyNjY4NTgz","Y29tbWVudDoyMDA5MjUwNTAyODYzNzM3XzM3NDI0MTY1NzI2Njg1ODM=","https://www.facebook.com/100013364191442/posts/2009250502863737","0","194051327133277","false","Kubis Varietas Compact 11 F1 Produksi PT.Benih Citra Asia ⭐⭐⭐","100004486865886","Cece Bintang Asia","https://scontent-gru2-1.xx.fbcdn.net/v/t39.30808-1/316547636_2283367855156088_3827276911733775042_n.jpg?stp=c0.36.1080.1080a_cp0_dst-jpg_s32x32&_nc_cat=107&ccb=1-7&_nc_sid=50d2ac&_nc_ohc=Ijj6isoLMtwQ7kNvgHK-rvn&_nc_ht=scontent-gru2-1.xx&_nc_gid=ApAR-rMUjpx1kpTirhi-fFY&oh=00_AYCP_UapAGAcMXMs01gSnkmu46FAtudZMujAGwEB8Is23Q&oe=66F04EDC","https://www.facebook.com/natasya.ayunda.1","Y29tbWVudDoyMDA5MjUwNTAyODYzNzM3XzU0MTgyNzc5NDk2NzY2Ng==","Tahir Sultan Asli toje iya bela puang hhh","1"
,,,,,"https://www.facebook.com/100013364191442/posts/2009250502863737?comment_id=1216168682964067",,"2024-09-17T13:41:06.000Z","2009250502863737","https://www.facebook.com/100013364191442/posts/2009250502863737","ZmVlZGJhY2s6MjAwOTI1MDUwMjg2MzczN18xMjE2MTY4NjgyOTY0MDY3","Y29tbWVudDoyMDA5MjUwNTAyODYzNzM3XzEyMTYxNjg2ODI5NjQwNjc=","https://www.facebook.com/100013364191442/posts/2009250502863737","0","194051327133277","false","Kubis Varietas Compact 11 F1 Produksi PT.Benih Citra Asia ⭐⭐⭐","100013364191442","Nrll Bintang Asia","https://scontent-hou1-1.xx.fbcdn.net/v/t39.30808-1/458447769_1998595423929245_3345542859681615678_n.jpg?stp=c0.153.922.922a_cp0_dst-jpg_s32x32&_nc_cat=107&ccb=1-7&_nc_sid=50d2ac&_nc_ohc=1xlf0g3Cfl8Q7kNvgFDX0co&_nc_ht=scontent-hou1-1.xx&_nc_gid=ANz_DPmfsuPCce2Aikg-nv2&oh=00_AYBALEN5rk5v_mMxkCaanLrmxqgCnXLx5n0ha7YWTWY60w&oe=66F05B45","https://www.facebook.com/nurul.hardianti.9237","Y29tbWVudDoyMDA5MjUwNTAyODYzNzM3Xzg0MDQyNjA3NDk1NDc3MQ==","Renzy Bintangasia siap bosq","1"
,,,,,"https://www.facebook.com/100013364191442/posts/2009250502863737?comment_id=1092055208963856",,"2024-09-17T13:40:55.000Z","2009250502863737","https://www.facebook.com/100013364191442/posts/2009250502863737","ZmVlZGJhY2s6MjAwOTI1MDUwMjg2MzczN18xMDkyMDU1MjA4OTYzODU2","Y29tbWVudDoyMDA5MjUwNTAyODYzNzM3XzEwOTIwNTUyMDg5NjM4NTY=","https://www.facebook.com/100013364191442/posts/2009250502863737","1","194051327133277","false","Kubis Varietas Compact 11 F1 Produksi PT.Benih Citra Asia ⭐⭐⭐","100013364191442","Nrll Bintang Asia","https://scontent.fagc3-1.fna.fbcdn.net/v/t39.30808-1/458447769_1998595423929245_3345542859681615678_n.jpg?stp=c0.153.922.922a_cp0_dst-jpg_s32x32&_nc_cat=107&ccb=1-7&_nc_sid=50d2ac&_nc_ohc=1xlf0g3Cfl8Q7kNvgE-7ZqQ&_nc_ht=scontent.fagc3-1.fna&oh=00_AYBp4kHHoCM_-NmGU88goyR_-P1NpOStyjDPmtezQY6xSw&oe=66F05B45","https://www.facebook.com/nurul.hardianti.9237","Y29tbWVudDoyMDA5MjUwNTAyODYzNzM3XzI3MDAwMzI2ODM1MDg2MjM=","Muhamad Cali Faiz Ahmad Aamiin","1"
,,,,,"https://www.facebook.com/100013364191442/posts/2009271812861606?comment_id=2236968476667037","3","2024-09-17T13:12:24.000Z","2009271812861606","https://www.facebook.com/100013364191442/posts/2009271812861606","ZmVlZGJhY2s6MjAwOTI3MTgxMjg2MTYwNl8yMjM2OTY4NDc2NjY3MDM3","Y29tbWVudDoyMDA5MjcxODEyODYxNjA2XzIyMzY5Njg0NzY2NjcwMzc=","https://www.facebook.com/100013364191442/posts/2009271812861606","0",,,"Natavi F1..??
Ini Tanggapam Dari Petani desa Bolaromang...👇👇

Tomat hibrida indeterminate.
Bentuk buah : lonjong.
Warna buah muda : hijau.
Warna buah...","pfbid0CdoQMH2EYFk6fE6n6rA5E4tNWJQfG7PBfGwmdMyVLpVRhxaTL9S2msVezNN5xPcSl","Aulia Putri Lestari","https://scontent.fgnd1-1.fna.fbcdn.net/v/t39.30808-1/452258425_122094535640447116_1561001944641174463_n.jpg?stp=cp0_dst-jpg_s32x32&_nc_cat=100&ccb=1-7&_nc_sid=0ecb9b&_nc_ohc=uG4JZ3f788UQ7kNvgHUlaOw&_nc_ht=scontent.fgnd1-1.fna&_nc_gid=ATNGp6cgrP7hUwh1Z05ugU6&oh=00_AYC6zRNj0O-eIx5igWZj9YHrX7WU78KUSaG8z07CIOeFkA&oe=66F031A7","https://www.facebook.com/people/Aulia-Putri-Lestari/pfbid0CdoQMH2EYFk6fE6n6rA5E4tNWJQfG7PBfGwmdMyVLpVRhxaTL9S2msVezNN5xPcSl/",,"Brapa harga bibit nya ka",
,,,,,"https://www.facebook.com/100013364191442/posts/2009271812861606?comment_id=867987178284217","1","2024-09-18T01:04:08.000Z","2009271812861606","https://www.facebook.com/100013364191442/posts/2009271812861606","ZmVlZGJhY2s6MjAwOTI3MTgxMjg2MTYwNl84Njc5ODcxNzgyODQyMTc=","Y29tbWVudDoyMDA5MjcxODEyODYxNjA2Xzg2Nzk4NzE3ODI4NDIxNw==","https://www.facebook.com/100013364191442/posts/2009271812861606","0",,,"Natavi F1..??
Ini Tanggapam Dari Petani desa Bolaromang...👇👇

Tomat hibrida indeterminate.
Bentuk buah : lonjong.
Warna buah muda : hijau.
Warna buah...","pfbid02VxCrXzRKKhYBdMXiFn5gepchu4z2nd2zCKHAZTurVoJ7k9p3yxRxEcbthwCvudgTl","Opeq Bintang Asia","https://scontent.fgnd1-1.fna.fbcdn.net/v/t39.30808-1/440808755_122106493232287865_6230265854575499414_n.jpg?stp=cp0_dst-jpg_s32x32&_nc_cat=108&ccb=1-7&_nc_sid=0ecb9b&_nc_ohc=frMjR67Jbn0Q7kNvgEKlYIs&_nc_ht=scontent.fgnd1-1.fna&_nc_gid=ATNGp6cgrP7hUwh1Z05ugU6&oh=00_AYBvZCxbuIGu-wp3E8IpHHlpFzRvxdoj52LJj_E2k9Pm1A&oe=66F04DAE","https://www.facebook.com/people/Opeq-Bintang-Asia/pfbid02VxCrXzRKKhYBdMXiFn5gepchu4z2nd2zCKHAZTurVoJ7k9p3yxRxEcbthwCvudgTl/",,"Bintang asia luar biasa, natavi selalu di hati😍",
,,,,,"https://www.facebook.com/100013364191442/posts/2009271812861606?comment_id=1220690202467099","1","2024-09-17T14:01:22.000Z","2009271812861606","https://www.facebook.com/100013364191442/posts/2009271812861606","ZmVlZGJhY2s6MjAwOTI3MTgxMjg2MTYwNl8xMjIwNjkwMjAyNDY3MDk5","Y29tbWVudDoyMDA5MjcxODEyODYxNjA2XzEyMjA2OTAyMDI0NjcwOTk=","https://www.facebook.com/100013364191442/posts/2009271812861606","0",,,"Natavi F1..??
Ini Tanggapam Dari Petani desa Bolaromang...👇👇

Tomat hibrida indeterminate.
Bentuk buah : lonjong.
Warna buah muda : hijau.
Warna buah...","100007578522755","Renzy Bintangasia","https://scontent.fgnd1-1.fna.fbcdn.net/v/t39.30808-1/426012403_3605728109689771_2277782955804277447_n.jpg?stp=cp0_dst-jpg_s32x32&_nc_cat=104&ccb=1-7&_nc_sid=50d2ac&_nc_ohc=V70ESvgEanEQ7kNvgF6TnGk&_nc_ht=scontent.fgnd1-1.fna&_nc_gid=ATNGp6cgrP7hUwh1Z05ugU6&oh=00_AYDpVqSwxt6INumP_iyqRNbivxErzxfyg9p6OHBNw4_gYw&oe=66F040C4","https://www.facebook.com/renzi.prayuda",,"Mantap",
,,,,,"https://www.facebook.com/100013364191442/posts/2008894549565999?comment_id=900413911987736",,"2024-09-17T06:20:42.000Z","2008894549565999","https://www.facebook.com/100013364191442/posts/2008894549565999","ZmVlZGJhY2s6MjAwODg5NDU0OTU2NTk5OV85MDA0MTM5MTE5ODc3MzY=","Y29tbWVudDoyMDA4ODk0NTQ5NTY1OTk5XzkwMDQxMzkxMTk4NzczNg==","https://www.facebook.com/100013364191442/posts/2008894549565999","0","194051327133277","false","Kamase2 ta antu pindu😄😅","pfbid0Ur6is1efxpKDDemr4xkqs2a47DuCzkwed61VZYFP5UcGQzUk4X36beb1icM75Hs4l","Nurlaelah Hasbullah","https://scontent-lga3-2.xx.fbcdn.net/v/t39.30808-1/452283875_3088355481304305_3591136087111383032_n.jpg?stp=cp0_dst-jpg_s32x32&_nc_cat=105&ccb=1-7&_nc_sid=0ecb9b&_nc_ohc=LjSSqiY5ZvAQ7kNvgEu0N7d&_nc_ht=scontent-lga3-2.xx&_nc_gid=AKqgFha3Hs4KLroJgdobv02&oh=00_AYC-YDoCDSs7TmFsYxoaqujDSi9QLfEgz1MjVwKpidnkyQ&oe=66F03854","https://www.facebook.com/nurlaelah.hasbullah","Y29tbWVudDoyMDA4ODk0NTQ5NTY1OTk5XzE1NTM2MDkyMDIxODA1NDI=","Nrll Bintang Asia adakah 1 kantong 🤭🤭🤭","2"
,,,,,"https://www.facebook.com/100013364191442/posts/2008894549565999?comment_id=479037381620955","1","2024-09-17T03:10:01.000Z","2008894549565999","https://www.facebook.com/100013364191442/posts/2008894549565999","ZmVlZGJhY2s6MjAwODg5NDU0OTU2NTk5OV80NzkwMzczODE2MjA5NTU=","Y29tbWVudDoyMDA4ODk0NTQ5NTY1OTk5XzQ3OTAzNzM4MTYyMDk1NQ==","https://www.facebook.com/100013364191442/posts/2008894549565999","0","194051327133277","false","Kamase2 ta antu pindu😄😅","100013364191442","Nrll Bintang Asia","https://scontent-lga3-2.xx.fbcdn.net/v/t39.30808-1/458447769_1998595423929245_3345542859681615678_n.jpg?stp=c0.153.922.922a_cp0_dst-jpg_s32x32&_nc_cat=107&ccb=1-7&_nc_sid=50d2ac&_nc_ohc=1xlf0g3Cfl8Q7kNvgFxpmKh&_nc_ht=scontent-lga3-2.xx&_nc_gid=AKqgFha3Hs4KLroJgdobv02&oh=00_AYADeNwu_dljh0CUUu-a6W2a05V4Ylc_IxTWbEjTDrIZIA&oe=66F05B45","https://www.facebook.com/nurul.hardianti.9237","Y29tbWVudDoyMDA4ODk0NTQ5NTY1OTk5XzE1NTM2MDkyMDIxODA1NDI=","Nurlaelah Hasbullah Bos kentang di biring panting puang😁","1"
,,,,,"https://www.facebook.com/100013364191442/posts/2009271812861606?comment_id=1959303564523147",,"2024-09-18T01:30:56.000Z","2009271812861606","https://www.facebook.com/100013364191442/posts/2009271812861606","ZmVlZGJhY2s6MjAwOTI3MTgxMjg2MTYwNl8xOTU5MzAzNTY0NTIzMTQ3","Y29tbWVudDoyMDA5MjcxODEyODYxNjA2XzE5NTkzMDM1NjQ1MjMxNDc=","https://www.facebook.com/100013364191442/posts/2009271812861606","0",,,"Natavi F1..??
Ini Tanggapam Dari Petani desa Bolaromang...👇👇

Tomat hibrida indeterminate.
Bentuk buah : lonjong.
Warna buah muda : hijau.
Warna buah...","100013364191442","Nrll Bintang Asia","https://scontent-iad3-1.xx.fbcdn.net/v/t39.30808-1/458447769_1998595423929245_3345542859681615678_n.jpg?stp=c0.153.922.922a_cp0_dst-jpg_s32x32&_nc_cat=107&ccb=1-7&_nc_sid=50d2ac&_nc_ohc=1xlf0g3Cfl8Q7kNvgHRrPu9&_nc_ht=scontent-iad3-1.xx&_nc_gid=Akxd_Qvvv8ankhDbyya-azV&oh=00_AYCxX_MqUsI2sjCAO3GMnCzn3eBdWvO5dUI6x4iMnzMsZw&oe=66F05B45","https://www.facebook.com/nurul.hardianti.9237","Y29tbWVudDoyMDA5MjcxODEyODYxNjA2Xzg2Nzk4NzE3ODI4NDIxNw==","Opeq Bintang Asia 😍😍😍","1"
,,,,,"https://www.facebook.com/100013364191442/posts/2009271812861606?comment_id=491043463909387",,"2024-09-18T01:31:00.000Z","2009271812861606","https://www.facebook.com/100013364191442/posts/2009271812861606","ZmVlZGJhY2s6MjAwOTI3MTgxMjg2MTYwNl80OTEwNDM0NjM5MDkzODc=","Y29tbWVudDoyMDA5MjcxODEyODYxNjA2XzQ5MTA0MzQ2MzkwOTM4Nw==","https://www.facebook.com/100013364191442/posts/2009271812861606","0",,,"Natavi F1..??
Ini Tanggapam Dari Petani desa Bolaromang...👇👇

Tomat hibrida indeterminate.
Bentuk buah : lonjong.
Warna buah muda : hijau.
Warna buah...","100013364191442","Nrll Bintang Asia","https://scontent-ord5-1.xx.fbcdn.net/v/t39.30808-1/458447769_1998595423929245_3345542859681615678_n.jpg?stp=c0.153.922.922a_cp0_dst-jpg_s32x32&_nc_cat=107&ccb=1-7&_nc_sid=50d2ac&_nc_ohc=1xlf0g3Cfl8Q7kNvgFcJfoD&_nc_ht=scontent-ord5-1.xx&oh=00_AYBjKBGofCZOfWhEfQX1QK2BCNKvU1ZSxmITuHeqX_vDXQ&oe=66F05B45","https://www.facebook.com/nurul.hardianti.9237","Y29tbWVudDoyMDA5MjcxODEyODYxNjA2XzEyMjA2OTAyMDI0NjcwOTk=","Renzy Bintangasia Mantapp","1"
,,,,,"https://www.facebook.com/100013364191442/posts/2009271812861606?comment_id=988389922975416",,"2024-09-17T15:39:11.000Z","2009271812861606","https://www.facebook.com/100013364191442/posts/2009271812861606","ZmVlZGJhY2s6MjAwOTI3MTgxMjg2MTYwNl85ODgzODk5MjI5NzU0MTY=","Y29tbWVudDoyMDA5MjcxODEyODYxNjA2Xzk4ODM4OTkyMjk3NTQxNg==","https://www.facebook.com/100013364191442/posts/2009271812861606","0",,,"Natavi F1..??
Ini Tanggapam Dari Petani desa Bolaromang...👇👇

Tomat hibrida indeterminate.
Bentuk buah : lonjong.
Warna buah muda : hijau.
Warna buah...","100013364191442","Nrll Bintang Asia","https://z-p3-scontent.fdac12-1.fna.fbcdn.net/v/t39.30808-1/458447769_1998595423929245_3345542859681615678_n.jpg?stp=c0.153.922.922a_cp0_dst-jpg_s32x32&_nc_cat=107&ccb=1-7&_nc_sid=50d2ac&_nc_ohc=1xlf0g3Cfl8Q7kNvgHX7qBw&_nc_ht=z-p3-scontent.fdac12-1.fna&_nc_gid=AAtqaj6psjphlOkt1t3AJXz&oh=00_AYDROuuhVMX9aPeKilb8gnwjXraugY1EgFuwnrI1PNxRCQ&oe=66F05B45","https://www.facebook.com/nurul.hardianti.9237","Y29tbWVudDoyMDA5MjcxODEyODYxNjA2XzIyMzY5Njg0NzY2NjcwMzc=","Aulia Putri Lestari wilayah manaki kak","2"
,,,,,"https://www.facebook.com/100013364191442/posts/2009271812861606?comment_id=1252033486216664","1","2024-09-17T14:42:57.000Z","2009271812861606","https://www.facebook.com/100013364191442/posts/2009271812861606","ZmVlZGJhY2s6MjAwOTI3MTgxMjg2MTYwNl8xMjUyMDMzNDg2MjE2NjY0","Y29tbWVudDoyMDA5MjcxODEyODYxNjA2XzEyNTIwMzM0ODYyMTY2NjQ=","https://www.facebook.com/100013364191442/posts/2009271812861606","0",,,"Natavi F1..??
Ini Tanggapam Dari Petani desa Bolaromang...👇👇

Tomat hibrida indeterminate.
Bentuk buah : lonjong.
Warna buah muda : hijau.
Warna buah...","pfbid0CdoQMH2EYFk6fE6n6rA5E4tNWJQfG7PBfGwmdMyVLpVRhxaTL9S2msVezNN5xPcSl","Aulia Putri Lestari","https://z-p3-scontent.fdac12-1.fna.fbcdn.net/v/t39.30808-1/452258425_122094535640447116_1561001944641174463_n.jpg?stp=cp0_dst-jpg_s32x32&_nc_cat=100&ccb=1-7&_nc_sid=0ecb9b&_nc_ohc=uG4JZ3f788UQ7kNvgEmD446&_nc_ht=z-p3-scontent.fdac12-1.fna&_nc_gid=AAtqaj6psjphlOkt1t3AJXz&oh=00_AYDaNdv3HBlKe1XI_GiMoDmv2XHidn4lXikxYI-yfZRp4Q&oe=66F031A7","https://www.facebook.com/people/Aulia-Putri-Lestari/pfbid0CdoQMH2EYFk6fE6n6rA5E4tNWJQfG7PBfGwmdMyVLpVRhxaTL9S2msVezNN5xPcSl/","Y29tbWVudDoyMDA5MjcxODEyODYxNjA2XzIyMzY5Njg0NzY2NjcwMzc=","Ouhh kk jual gak","1"
,,,,,"https://www.facebook.com/100013364191442/posts/2009271812861606?comment_id=405338699256634",,"2024-09-17T13:40:18.000Z","2009271812861606","https://www.facebook.com/100013364191442/posts/2009271812861606","ZmVlZGJhY2s6MjAwOTI3MTgxMjg2MTYwNl80MDUzMzg2OTkyNTY2MzQ=","Y29tbWVudDoyMDA5MjcxODEyODYxNjA2XzQwNTMzODY5OTI1NjYzNA==","https://www.facebook.com/100013364191442/posts/2009271812861606","0",,,"Natavi F1..??
Ini Tanggapam Dari Petani desa Bolaromang...👇👇

Tomat hibrida indeterminate.
Bentuk buah : lonjong.
Warna buah muda : hijau.
Warna buah...","100013364191442","Nrll Bintang Asia","https://z-p3-scontent.fdac12-1.fna.fbcdn.net/v/t39.30808-1/458447769_1998595423929245_3345542859681615678_n.jpg?stp=c0.153.922.922a_cp0_dst-jpg_s32x32&_nc_cat=107&ccb=1-7&_nc_sid=50d2ac&_nc_ohc=1xlf0g3Cfl8Q7kNvgHX7qBw&_nc_ht=z-p3-scontent.fdac12-1.fna&_nc_gid=AAtqaj6psjphlOkt1t3AJXz&oh=00_AYDROuuhVMX9aPeKilb8gnwjXraugY1EgFuwnrI1PNxRCQ&oe=66F05B45","https://www.facebook.com/nurul.hardianti.9237","Y29tbWVudDoyMDA5MjcxODEyODYxNjA2XzIyMzY5Njg0NzY2NjcwMzc=","Aulia Putri Lestari 135-140 kak.... ke kios2 terdekat maki☺☺","1"
