﻿"attachments/0/__typename","attachments/0/animated_image","attachments/0/animated_image/uri","attachments/0/frame_count","attachments/0/frame_rate","attachments/0/frames_per_column","attachments/0/frames_per_row","attachments/0/id","attachments/0/image/height","attachments/0/image/uri","attachments/0/image/width","attachments/0/label","attachments/0/pack","attachments/0/pack/id","attachments/0/pack/name","attachments/0/sprite_image","attachments/0/sprite_image/uri","commentUrl","comments/0/commentUrl","comments/0/date","comments/0/feedbackId","comments/0/id","comments/0/likesCount","comments/0/parentComment/author/__typename","comments/0/parentComment/author/id","comments/0/parentComment/author/name","comments/0/parentComment/author/short_name","comments/0/parentComment/id","comments/0/profileId","comments/0/profileName","comments/0/profilePicture","comments/0/profileUrl","comments/0/replyToCommentId","comments/0/text","comments/0/threadingDepth","commentsCount","date","facebookId","facebookUrl","feedbackId","id","inputUrl","likesCount","pageAdLibrary/id","pageAdLibrary/is_business_page_active","parentComment/author/__typename","parentComment/author/id","parentComment/author/name","parentComment/author/short_name","parentComment/id","postTitle","profileId","profileName","profilePicture","profileUrl","replyToCommentId","text","threadingDepth"
,,,,,,,,,,,,,,,,,"https://www.facebook.com/nurul.hardianti.9237/posts/pfbid02tWz92XQ4LdjTc59mv2Ztg9eshSRCDL4y7onddbvqDZGGKWeGPMqnhSUPsRDppYVPl?comment_id=941092551181064",,,,,,,,,,,,,,,,,,"1","2024-09-28T12:16:54.000Z","2018877361901051","https://www.facebook.com/nurul.hardianti.9237/posts/pfbid02tWz92XQ4LdjTc59mv2Ztg9eshSRCDL4y7onddbvqDZGGKWeGPMqnhSUPsRDppYVPl","ZmVlZGJhY2s6MjAxODg3NzM2MTkwMTA1MV85NDEwOTI1NTExODEwNjQ=","Y29tbWVudDoyMDE4ODc3MzYxOTAxMDUxXzk0MTA5MjU1MTE4MTA2NA==","https://www.facebook.com/nurul.hardianti.9237/posts/pfbid02tWz92XQ4LdjTc59mv2Ztg9eshSRCDL4y7onddbvqDZGGKWeGPMqnhSUPsRDppYVPl","0","194051327133277","false",,,,,,"Alhamdulillah Bisami kah masuk pasarnya di Gowa sinjai ... 😁
Gaskan maki cepat untuk wil. Malino - Sinjai🫶
Sawi Putih Cacha F1 Produksi PT.Benih Citra Asia 
Cari Benih dengan harga terjangkau dan hasil memukau?
Benih Citra Asia Solusinya... ☺","100004370253176","Muhamad Cali Faiz Ahmad","https://scontent.fpos1-1.fna.fbcdn.net/v/t39.30808-1/456120459_2788136318008683_7418166726346064265_n.jpg?stp=cp0_dst-jpg_s32x32&_nc_cat=108&ccb=1-7&_nc_sid=50d2ac&_nc_ohc=3XMR3G6VcFcQ7kNvgHcd3TX&_nc_ht=scontent.fpos1-1.fna&_nc_gid=ADOGhQdI1cCTQa85IbmFnpq&oh=00_AYD6FoqpeBh6McygL5J-ylVlbrXi1wRwY7ErwTpdGCQsTg&oe=67001AED","https://www.facebook.com/muhamad.cali.98",,"Produk inovasi anak bangsa jos","0"
"Sticker",,,"1","83","1","1","1839780090191832","128","https://scontent.fpos1-2.fna.fbcdn.net/v/t39.1997-6/458731656_1839780093525165_491888542744868037_n.png?stp=dst-png_s168x128&_nc_cat=109&ccb=1-7&_nc_sid=23dd7b&_nc_ohc=582LzBUYupoQ7kNvgHT2OGX&_nc_ht=scontent.fpos1-2.fna&_nc_gid=ADOGhQdI1cCTQa85IbmFnpq&oh=00_AYBkTYiVD-ZbiU6WTcziKI9MFT1AYXgeHeDRJZFGehe5JA&oe=67003319","128","",,,,,,"https://www.facebook.com/nurul.hardianti.9237/posts/pfbid02tWz92XQ4LdjTc59mv2Ztg9eshSRCDL4y7onddbvqDZGGKWeGPMqnhSUPsRDppYVPl?comment_id=536362888994026",,,,,,,,,,,,,,,,,,,"2024-09-29T01:24:20.000Z","2018877361901051","https://www.facebook.com/nurul.hardianti.9237/posts/pfbid02tWz92XQ4LdjTc59mv2Ztg9eshSRCDL4y7onddbvqDZGGKWeGPMqnhSUPsRDppYVPl","ZmVlZGJhY2s6MjAxODg3NzM2MTkwMTA1MV81MzYzNjI4ODg5OTQwMjY=","Y29tbWVudDoyMDE4ODc3MzYxOTAxMDUxXzUzNjM2Mjg4ODk5NDAyNg==","https://www.facebook.com/nurul.hardianti.9237/posts/pfbid02tWz92XQ4LdjTc59mv2Ztg9eshSRCDL4y7onddbvqDZGGKWeGPMqnhSUPsRDppYVPl","0","194051327133277","false",,,,,,"Alhamdulillah Bisami kah masuk pasarnya di Gowa sinjai ... 😁
Gaskan maki cepat untuk wil. Malino - Sinjai🫶
Sawi Putih Cacha F1 Produksi PT.Benih Citra Asia 
Cari Benih dengan harga terjangkau dan hasil memukau?
Benih Citra Asia Solusinya... ☺","61558480822422","Jefri Albutuni","https://scontent.fpos1-1.fna.fbcdn.net/v/t39.30808-1/460623531_122142390344282694_8960312905275726761_n.jpg?stp=cp0_dst-jpg_s32x32&_nc_cat=101&ccb=1-7&_nc_sid=50d2ac&_nc_ohc=IOZD9ttGeQEQ7kNvgFv3SxP&_nc_ht=scontent.fpos1-1.fna&_nc_gid=ADOGhQdI1cCTQa85IbmFnpq&oh=00_AYABj2_uvvpxy16bV-xGXYaIlBW3kSMMsEEb_m0zHX1GUQ&oe=6700317C","https://www.facebook.com/people/Jefri-Albutuni/61558480822422/",,,"0"
,,,,,,,,,,,,,,,,,"https://www.facebook.com/nurul.hardianti.9237/posts/pfbid02tWz92XQ4LdjTc59mv2Ztg9eshSRCDL4y7onddbvqDZGGKWeGPMqnhSUPsRDppYVPl?comment_id=1689226765258051",,,,,,,,,,,,,,,,,,"4","2024-09-28T05:31:50.000Z","2018877361901051","https://www.facebook.com/nurul.hardianti.9237/posts/pfbid02tWz92XQ4LdjTc59mv2Ztg9eshSRCDL4y7onddbvqDZGGKWeGPMqnhSUPsRDppYVPl","ZmVlZGJhY2s6MjAxODg3NzM2MTkwMTA1MV8xNjg5MjI2NzY1MjU4MDUx","Y29tbWVudDoyMDE4ODc3MzYxOTAxMDUxXzE2ODkyMjY3NjUyNTgwNTE=","https://www.facebook.com/nurul.hardianti.9237/posts/pfbid02tWz92XQ4LdjTc59mv2Ztg9eshSRCDL4y7onddbvqDZGGKWeGPMqnhSUPsRDppYVPl","0","194051327133277","false",,,,,,"Alhamdulillah Bisami kah masuk pasarnya di Gowa sinjai ... 😁
Gaskan maki cepat untuk wil. Malino - Sinjai🫶
Sawi Putih Cacha F1 Produksi PT.Benih Citra Asia 
Cari Benih dengan harga terjangkau dan hasil memukau?
Benih Citra Asia Solusinya... ☺","100007578522755","Renzy Bintangasia","https://scontent.fpos1-1.fna.fbcdn.net/v/t39.30808-1/426012403_3605728109689771_2277782955804277447_n.jpg?stp=cp0_dst-jpg_s32x32&_nc_cat=104&ccb=1-7&_nc_sid=50d2ac&_nc_ohc=Dk2tR_uNxVUQ7kNvgEHi6qv&_nc_ht=scontent.fpos1-1.fna&_nc_gid=ADOGhQdI1cCTQa85IbmFnpq&oh=00_AYCJ4SqCMndknKdJRlEoR9TUJXraq89OhK9_wh3mETV2qg&oe=670012C4","https://www.facebook.com/renzi.prayuda",,"Sukses bersama bintang asia","0"
,,,,,,,,,,,,,,,,,"https://www.facebook.com/nurul.hardianti.9237/posts/pfbid02tWz92XQ4LdjTc59mv2Ztg9eshSRCDL4y7onddbvqDZGGKWeGPMqnhSUPsRDppYVPl?comment_id=1234348967984952",,,,,,,,,,,,,,,,,,"1","2024-09-28T14:35:39.000Z","2018877361901051","https://www.facebook.com/nurul.hardianti.9237/posts/pfbid02tWz92XQ4LdjTc59mv2Ztg9eshSRCDL4y7onddbvqDZGGKWeGPMqnhSUPsRDppYVPl","ZmVlZGJhY2s6MjAxODg3NzM2MTkwMTA1MV8xMjM0MzQ4OTY3OTg0OTUy","Y29tbWVudDoyMDE4ODc3MzYxOTAxMDUxXzEyMzQzNDg5Njc5ODQ5NTI=","https://www.facebook.com/nurul.hardianti.9237/posts/pfbid02tWz92XQ4LdjTc59mv2Ztg9eshSRCDL4y7onddbvqDZGGKWeGPMqnhSUPsRDppYVPl","0","194051327133277","false",,,,,,"Alhamdulillah Bisami kah masuk pasarnya di Gowa sinjai ... 😁
Gaskan maki cepat untuk wil. Malino - Sinjai🫶
Sawi Putih Cacha F1 Produksi PT.Benih Citra Asia 
Cari Benih dengan harga terjangkau dan hasil memukau?
Benih Citra Asia Solusinya... ☺","pfbid07FuLaz6QiEKEeTtRTPfJEZ8z2H9WSemXDF1mbpiwRUWGWVLDVSELRehD2vRPZsUCl","Basri Abbas","https://scontent.fpos1-1.fna.fbcdn.net/v/t39.30808-1/454727317_494650960125826_1863543033146851_n.jpg?stp=cp0_dst-jpg_s32x32&_nc_cat=108&ccb=1-7&_nc_sid=0ecb9b&_nc_ohc=wx7ZGi_v4GcQ7kNvgGVphC0&_nc_ht=scontent.fpos1-1.fna&_nc_gid=ADOGhQdI1cCTQa85IbmFnpq&oh=00_AYCaqcyCy8mC4XJyPnhqfmI34zhsJKFTFC6rCR6u6fBUsw&oe=670020FB","https://www.facebook.com/people/Basri-Abbas/pfbid07FuLaz6QiEKEeTtRTPfJEZ8z2H9WSemXDF1mbpiwRUWGWVLDVSELRehD2vRPZsUCl/",,"Apa nama bibitnya itu paung","0"
"Sticker",,,"1","83","1","1","336666759497182","128","https://scontent-mia3-2.xx.fbcdn.net/v/t39.1997-6/452885131_336666762830515_380979226154153786_n.png?stp=dst-png_s168x128&_nc_cat=110&ccb=1-7&_nc_sid=23dd7b&_nc_ohc=ppJge1x8Z3AQ7kNvgHDg-4j&_nc_ht=scontent-mia3-2.xx&_nc_gid=AVFGpqAVEu5msRx17hWU_g3&oh=00_AYDdpnUqkQe-DH6HkkkpBUBBcLKsmh0Cpd0xfuwssEkrpg&oe=67002604","128","",,,,,,"https://www.facebook.com/nurul.hardianti.9237/posts/pfbid031f7Nd3MSiThvznb7JFy313xAy3jg2AAEwTAuKgRFyS8nsxbuFyxAtfogxxovJXD7l?comment_id=1172431707194588",,,,,,,,,,,,,,,,,,"1","2024-09-25T13:23:04.000Z","2016362042152583","https://www.facebook.com/nurul.hardianti.9237/posts/pfbid031f7Nd3MSiThvznb7JFy313xAy3jg2AAEwTAuKgRFyS8nsxbuFyxAtfogxxovJXD7l","ZmVlZGJhY2s6MjAxNjM2MjA0MjE1MjU4M18xMTcyNDMxNzA3MTk0NTg4","Y29tbWVudDoyMDE2MzYyMDQyMTUyNTgzXzExNzI0MzE3MDcxOTQ1ODg=","https://www.facebook.com/nurul.hardianti.9237/posts/pfbid031f7Nd3MSiThvznb7JFy313xAy3jg2AAEwTAuKgRFyS8nsxbuFyxAtfogxxovJXD7l","0","194051327133277","false",,,,,,"Visit Kebun wisata  Buah Desa Bontomanai Kab.Bulukumba 
#Madrid F1
#Diva F1
#Lazio F1🍉🍉🍉
Produksi PT.Benih Citra Asia","100004370253176","Muhamad Cali Faiz Ahmad","https://scontent-mia3-1.xx.fbcdn.net/v/t39.30808-1/456120459_2788136318008683_7418166726346064265_n.jpg?stp=cp0_dst-jpg_s32x32&_nc_cat=108&ccb=1-7&_nc_sid=50d2ac&_nc_ohc=3XMR3G6VcFcQ7kNvgEbVTuc&_nc_ht=scontent-mia3-1.xx&_nc_gid=AVFGpqAVEu5msRx17hWU_g3&oh=00_AYAcpby0IORvHxxUl3JCAmkHnLrMLfTHBDe6Xi7u33RIgQ&oe=67001AED","https://www.facebook.com/muhamad.cali.98",,,"0"
"Sticker",,,"1","83","1","1","280280680528917","80","https://scontent-mia3-1.xx.fbcdn.net/v/t39.1997-6/240404950_280280683862250_377726035223267134_n.png?stp=cp0_dst-png_s110x80&_nc_cat=100&ccb=1-7&_nc_sid=23dd7b&_nc_ohc=r-xvjuvhW-YQ7kNvgH4SXXO&_nc_ht=scontent-mia3-1.xx&_nc_gid=AVFGpqAVEu5msRx17hWU_g3&oh=00_AYB53XfAsrA3aNWDrZJDcdb_EcKr0D8HXiF8MTu4-7e4UA&oe=67000D33","80","",,"222549939635325","[Newsfeed] Indonesia First Party",,,"https://www.facebook.com/nurul.hardianti.9237/posts/pfbid031f7Nd3MSiThvznb7JFy313xAy3jg2AAEwTAuKgRFyS8nsxbuFyxAtfogxxovJXD7l?comment_id=1931692177304794",,,,,,,,,,,,,,,,,,,"2024-09-26T11:01:20.000Z","2016362042152583","https://www.facebook.com/nurul.hardianti.9237/posts/pfbid031f7Nd3MSiThvznb7JFy313xAy3jg2AAEwTAuKgRFyS8nsxbuFyxAtfogxxovJXD7l","ZmVlZGJhY2s6MjAxNjM2MjA0MjE1MjU4M18xOTMxNjkyMTc3MzA0Nzk0","Y29tbWVudDoyMDE2MzYyMDQyMTUyNTgzXzE5MzE2OTIxNzczMDQ3OTQ=","https://www.facebook.com/nurul.hardianti.9237/posts/pfbid031f7Nd3MSiThvznb7JFy313xAy3jg2AAEwTAuKgRFyS8nsxbuFyxAtfogxxovJXD7l","0","194051327133277","false",,,,,,"Visit Kebun wisata  Buah Desa Bontomanai Kab.Bulukumba 
#Madrid F1
#Diva F1
#Lazio F1🍉🍉🍉
Produksi PT.Benih Citra Asia","100009204089412","Tinny Serang","https://scontent-mia3-1.xx.fbcdn.net/v/t39.30808-1/315091409_3383092498674186_3397043082511654889_n.jpg?stp=c0.104.600.600a_cp0_dst-jpg_s32x32&_nc_cat=106&ccb=1-7&_nc_sid=50d2ac&_nc_ohc=1OGhKgsZMPcQ7kNvgEyWzfd&_nc_ht=scontent-mia3-1.xx&_nc_gid=AVFGpqAVEu5msRx17hWU_g3&oh=00_AYASI0X48IO8Xh5xQgaIFz__NtgBa2-lTw-D6sJC4ydkmA&oe=670017EF","https://www.facebook.com/tisya.nirwana.3",,,"0"
,,,,,,,,,,,,,,,,,"https://www.facebook.com/nurul.hardianti.9237/posts/pfbid031f7Nd3MSiThvznb7JFy313xAy3jg2AAEwTAuKgRFyS8nsxbuFyxAtfogxxovJXD7l?comment_id=542280518283847",,,,,,,,,,,,,,,,,,"1","2024-09-25T12:21:52.000Z","2016362042152583","https://www.facebook.com/nurul.hardianti.9237/posts/pfbid031f7Nd3MSiThvznb7JFy313xAy3jg2AAEwTAuKgRFyS8nsxbuFyxAtfogxxovJXD7l","ZmVlZGJhY2s6MjAxNjM2MjA0MjE1MjU4M181NDIyODA1MTgyODM4NDc=","Y29tbWVudDoyMDE2MzYyMDQyMTUyNTgzXzU0MjI4MDUxODI4Mzg0Nw==","https://www.facebook.com/nurul.hardianti.9237/posts/pfbid031f7Nd3MSiThvznb7JFy313xAy3jg2AAEwTAuKgRFyS8nsxbuFyxAtfogxxovJXD7l","0","194051327133277","false",,,,,,"Visit Kebun wisata  Buah Desa Bontomanai Kab.Bulukumba 
#Madrid F1
#Diva F1
#Lazio F1🍉🍉🍉
Produksi PT.Benih Citra Asia","100007578522755","Renzy Bintangasia","https://scontent-mia3-1.xx.fbcdn.net/v/t39.30808-1/426012403_3605728109689771_2277782955804277447_n.jpg?stp=cp0_dst-jpg_s32x32&_nc_cat=104&ccb=1-7&_nc_sid=50d2ac&_nc_ohc=Dk2tR_uNxVUQ7kNvgGA-_rU&_nc_ht=scontent-mia3-1.xx&_nc_gid=AVFGpqAVEu5msRx17hWU_g3&oh=00_AYCQ5QQw0mfnGeJbr1VHvIu5Ruxc6v4CwjDRGUYcDBu-TA&oe=670012C4","https://www.facebook.com/renzi.prayuda",,"Mantapp","0"
"Sticker",,,"1","83","1","1","1044769883831682","128","https://scontent-mia3-2.xx.fbcdn.net/v/t39.1997-6/453065273_1044769887165015_7488561141931275634_n.png?stp=dst-png_s168x128&_nc_cat=105&ccb=1-7&_nc_sid=23dd7b&_nc_ohc=b5QPsLNiuQYQ7kNvgHHdrmh&_nc_ht=scontent-mia3-2.xx&_nc_gid=AVFGpqAVEu5msRx17hWU_g3&oh=00_AYDUjHRNc7F6DMP9LOaUtujWEV9T3rpcwjRw1K-InjU8kg&oe=670033F6","128","",,,,,,"https://www.facebook.com/nurul.hardianti.9237/posts/pfbid031f7Nd3MSiThvznb7JFy313xAy3jg2AAEwTAuKgRFyS8nsxbuFyxAtfogxxovJXD7l?comment_id=559096966555072",,,,,,,,,,,,,,,,,,"1","2024-09-25T13:25:02.000Z","2016362042152583","https://www.facebook.com/nurul.hardianti.9237/posts/pfbid031f7Nd3MSiThvznb7JFy313xAy3jg2AAEwTAuKgRFyS8nsxbuFyxAtfogxxovJXD7l","ZmVlZGJhY2s6MjAxNjM2MjA0MjE1MjU4M181NTkwOTY5NjY1NTUwNzI=","Y29tbWVudDoyMDE2MzYyMDQyMTUyNTgzXzU1OTA5Njk2NjU1NTA3Mg==","https://www.facebook.com/nurul.hardianti.9237/posts/pfbid031f7Nd3MSiThvznb7JFy313xAy3jg2AAEwTAuKgRFyS8nsxbuFyxAtfogxxovJXD7l","0","194051327133277","false",,,,,,"Visit Kebun wisata  Buah Desa Bontomanai Kab.Bulukumba 
#Madrid F1
#Diva F1
#Lazio F1🍉🍉🍉
Produksi PT.Benih Citra Asia","100009994003233","Ilham Bintang Asia","https://scontent-mia3-1.xx.fbcdn.net/v/t39.30808-1/349801600_780566773437800_6977822504580595866_n.jpg?stp=cp0_dst-jpg_s32x32&_nc_cat=100&ccb=1-7&_nc_sid=50d2ac&_nc_ohc=iaOcLsKmi9cQ7kNvgFrKLVG&_nc_ht=scontent-mia3-1.xx&_nc_gid=AVFGpqAVEu5msRx17hWU_g3&oh=00_AYDflC5TsfEfKrrNahLJInt9xVd9xH3m9gzNAeQ_D4HEyg&oe=67003F3B","https://www.facebook.com/ilham.ajo.37604",,"Josss tenan","0"
"Sticker",,"https://scontent-mia3-2.xx.fbcdn.net/v/t39.1997-6/67761200_483660805729201_558152522196320256_n.webp?stp=dst-webp_s110x80&_nc_cat=103&ccb=1-7&_nc_sid=ba09c1&_nc_ohc=ABOPfhVuWJQQ7kNvgFgt1e5&_nc_ht=scontent-mia3-2.xx&_nc_gid=AVFGpqAVEu5msRx17hWU_g3&oh=00_AYDRxf1I8F3AoEoCSlbsCWIhRwy_PMMditeF3wrFTHUcrg&oe=6700274A","24","83","5","5","167804043981547","80","https://scontent-mia3-1.xx.fbcdn.net/v/t39.1997-6/67804297_483660882395860_4150841933146619904_n.png?stp=cp0_dst-png_s110x80&_nc_cat=104&ccb=1-7&_nc_sid=23dd7b&_nc_ohc=ghx_6ob4JfoQ7kNvgHpqEKr&_nc_ht=scontent-mia3-1.xx&_nc_gid=AVFGpqAVEu5msRx17hWU_g3&oh=00_AYAuTwI6VO4RGXQCWxr1qt2uyTCKlYCo5f8P0LWIY_cj_w&oe=6700428E","80","Worried slice of watermelon picks up black seeds it dropped on the ground.",,"164828414279110","Moody Foodies",,"https://scontent-mia3-2.xx.fbcdn.net/v/t39.1997-6/67700431_483660812395867_2307035622847545344_n.png?stp=dst-png_p403x403&_nc_cat=110&ccb=1-7&_nc_sid=ba09c1&_nc_ohc=Zyq44No-PHAQ7kNvgFBZa2T&_nc_ht=scontent-mia3-2.xx&_nc_gid=AVFGpqAVEu5msRx17hWU_g3&oh=00_AYCwrrL8t56uQK4te5FJlOPGqI2FtdUUmSWzb9TZ4_KOdQ&oe=670031F2","https://www.facebook.com/nurul.hardianti.9237/posts/pfbid031f7Nd3MSiThvznb7JFy313xAy3jg2AAEwTAuKgRFyS8nsxbuFyxAtfogxxovJXD7l?comment_id=8649437735119870",,,,,,,,,,,,,,,,,,"1","2024-09-25T12:16:49.000Z","2016362042152583","https://www.facebook.com/nurul.hardianti.9237/posts/pfbid031f7Nd3MSiThvznb7JFy313xAy3jg2AAEwTAuKgRFyS8nsxbuFyxAtfogxxovJXD7l","ZmVlZGJhY2s6MjAxNjM2MjA0MjE1MjU4M184NjQ5NDM3NzM1MTE5ODcw","Y29tbWVudDoyMDE2MzYyMDQyMTUyNTgzXzg2NDk0Mzc3MzUxMTk4NzA=","https://www.facebook.com/nurul.hardianti.9237/posts/pfbid031f7Nd3MSiThvznb7JFy313xAy3jg2AAEwTAuKgRFyS8nsxbuFyxAtfogxxovJXD7l","0","194051327133277","false",,,,,,"Visit Kebun wisata  Buah Desa Bontomanai Kab.Bulukumba 
#Madrid F1
#Diva F1
#Lazio F1🍉🍉🍉
Produksi PT.Benih Citra Asia","61553813668557","Apriyanti Bintang Asia","https://scontent-mia3-1.xx.fbcdn.net/v/t39.30808-1/454258869_122158177466127122_5924470737510194271_n.jpg?stp=cp0_dst-jpg_s32x32&_nc_cat=100&ccb=1-7&_nc_sid=50d2ac&_nc_ohc=crvrgG84QzAQ7kNvgG4PBrt&_nc_ht=scontent-mia3-1.xx&_nc_gid=AVFGpqAVEu5msRx17hWU_g3&oh=00_AYByg7ibyp3c9LXTpfwThni8e4E-qyXxmwzeHBbl038sfQ&oe=670037DB","https://www.facebook.com/people/Apriyanti-Bintang-Asia/61553813668557/",,,"0"
"Sticker",,,"1","83","1","1","280280680528917","80","https://scontent-mia3-1.xx.fbcdn.net/v/t39.1997-6/240404950_280280683862250_377726035223267134_n.png?stp=cp0_dst-png_s110x80&_nc_cat=100&ccb=1-7&_nc_sid=23dd7b&_nc_ohc=r-xvjuvhW-YQ7kNvgH4SXXO&_nc_ht=scontent-mia3-1.xx&_nc_gid=AVFGpqAVEu5msRx17hWU_g3&oh=00_AYB53XfAsrA3aNWDrZJDcdb_EcKr0D8HXiF8MTu4-7e4UA&oe=67000D33","80","",,"222549939635325","[Newsfeed] Indonesia First Party",,,"https://www.facebook.com/nurul.hardianti.9237/posts/pfbid031f7Nd3MSiThvznb7JFy313xAy3jg2AAEwTAuKgRFyS8nsxbuFyxAtfogxxovJXD7l?comment_id=1298611214459616",,,,,,,,,,,,,,,,,,"3","2024-09-25T12:30:46.000Z","2016362042152583","https://www.facebook.com/nurul.hardianti.9237/posts/pfbid031f7Nd3MSiThvznb7JFy313xAy3jg2AAEwTAuKgRFyS8nsxbuFyxAtfogxxovJXD7l","ZmVlZGJhY2s6MjAxNjM2MjA0MjE1MjU4M18xMjk4NjExMjE0NDU5NjE2","Y29tbWVudDoyMDE2MzYyMDQyMTUyNTgzXzEyOTg2MTEyMTQ0NTk2MTY=","https://www.facebook.com/nurul.hardianti.9237/posts/pfbid031f7Nd3MSiThvznb7JFy313xAy3jg2AAEwTAuKgRFyS8nsxbuFyxAtfogxxovJXD7l","0","194051327133277","false",,,,,,"Visit Kebun wisata  Buah Desa Bontomanai Kab.Bulukumba 
#Madrid F1
#Diva F1
#Lazio F1🍉🍉🍉
Produksi PT.Benih Citra Asia","pfbid0oPiX4rGaud5HHxGGnzNXuQiVHbaNm14Tpe9Rs2TE59odsMfEa4H37m1o4c9KSwacl","Asmiani Siregar","https://scontent-mia3-1.xx.fbcdn.net/v/t39.30808-1/359261386_113799188441136_3506608618300419097_n.jpg?stp=c0.0.720.720a_cp0_dst-jpg_s32x32&_nc_cat=108&ccb=1-7&_nc_sid=0ecb9b&_nc_ohc=_FEhy4XJYCAQ7kNvgHLsCPK&_nc_ht=scontent-mia3-1.xx&_nc_gid=AVFGpqAVEu5msRx17hWU_g3&oh=00_AYBqqhF8iHsqLCfdxt5Fu_IHEu9iLLznXZU6dXUNPLsw3w&oe=6700174C","https://www.facebook.com/people/Asmiani-Siregar/pfbid0oPiX4rGaud5HHxGGnzNXuQiVHbaNm14Tpe9Rs2TE59odsMfEa4H37m1o4c9KSwacl/",,"Mantaaaap  nak","0"
,,,,,,,,,,,,,,,,,"https://www.facebook.com/nurul.hardianti.9237/posts/pfbid02tWz92XQ4LdjTc59mv2Ztg9eshSRCDL4y7onddbvqDZGGKWeGPMqnhSUPsRDppYVPl?comment_id=941092551181064&reply_comment_id=1201827300871400",,,,,,,,,,,,,,,,,,,"2024-09-29T00:25:34.000Z","2018877361901051","https://www.facebook.com/nurul.hardianti.9237/posts/pfbid02tWz92XQ4LdjTc59mv2Ztg9eshSRCDL4y7onddbvqDZGGKWeGPMqnhSUPsRDppYVPl","ZmVlZGJhY2s6MjAxODg3NzM2MTkwMTA1MV8xMjAxODI3MzAwODcxNDAw","Y29tbWVudDoyMDE4ODc3MzYxOTAxMDUxXzEyMDE4MjczMDA4NzE0MDA=","https://www.facebook.com/nurul.hardianti.9237/posts/pfbid02tWz92XQ4LdjTc59mv2Ztg9eshSRCDL4y7onddbvqDZGGKWeGPMqnhSUPsRDppYVPl","1","194051327133277","false","User","100004370253176","Muhamad Cali Faiz Ahmad","Muhamad","Y29tbWVudDoyMDE4ODc3MzYxOTAxMDUxXzk0MTA5MjU1MTE4MTA2NA==","Alhamdulillah Bisami kah masuk pasarnya di Gowa sinjai ... 😁
Gaskan maki cepat untuk wil. Malino - Sinjai🫶
Sawi Putih Cacha F1 Produksi PT.Benih Citra Asia 
Cari Benih dengan harga terjangkau dan hasil memukau?
Benih Citra Asia Solusinya... ☺","100013364191442","Nrll Bintang Asia","https://scontent-mia3-2.xx.fbcdn.net/v/t39.30808-1/461087378_2013634612425326_5478208411470068121_n.jpg?stp=cp0_dst-jpg_s32x32&_nc_cat=103&ccb=1-7&_nc_sid=50d2ac&_nc_ohc=QaxpPQgjMrkQ7kNvgFAYUpQ&_nc_ht=scontent-mia3-2.xx&oh=00_AYBQ1y2WFDhWUEsfG3Da7I9it9AHu7lWSPU_kad3wsiW-w&oe=67001EE9","https://www.facebook.com/nurul.hardianti.9237","Y29tbWVudDoyMDE4ODc3MzYxOTAxMDUxXzk0MTA5MjU1MTE4MTA2NA==","Muhamad Cali Faiz Ahmad mantappp","1"
,,,,,,,,,,,,,,,,,"https://www.facebook.com/nurul.hardianti.9237/posts/pfbid02tWz92XQ4LdjTc59mv2Ztg9eshSRCDL4y7onddbvqDZGGKWeGPMqnhSUPsRDppYVPl?comment_id=1689226765258051&reply_comment_id=538411375219063",,,,,,,,,,,,,,,,,,"3","2024-09-28T09:45:34.000Z","2018877361901051","https://www.facebook.com/nurul.hardianti.9237/posts/pfbid02tWz92XQ4LdjTc59mv2Ztg9eshSRCDL4y7onddbvqDZGGKWeGPMqnhSUPsRDppYVPl","ZmVlZGJhY2s6MjAxODg3NzM2MTkwMTA1MV81Mzg0MTEzNzUyMTkwNjM=","Y29tbWVudDoyMDE4ODc3MzYxOTAxMDUxXzUzODQxMTM3NTIxOTA2Mw==","https://www.facebook.com/nurul.hardianti.9237/posts/pfbid02tWz92XQ4LdjTc59mv2Ztg9eshSRCDL4y7onddbvqDZGGKWeGPMqnhSUPsRDppYVPl","1","194051327133277","false","User","100007578522755","Renzy Bintangasia","Renzy","Y29tbWVudDoyMDE4ODc3MzYxOTAxMDUxXzE2ODkyMjY3NjUyNTgwNTE=","Alhamdulillah Bisami kah masuk pasarnya di Gowa sinjai ... 😁
Gaskan maki cepat untuk wil. Malino - Sinjai🫶
Sawi Putih Cacha F1 Produksi PT.Benih Citra Asia 
Cari Benih dengan harga terjangkau dan hasil memukau?
Benih Citra Asia Solusinya... ☺","100004486865886","Cece Bintang Asia","https://scontent-lga3-2.xx.fbcdn.net/v/t39.30808-1/316547636_2283367855156088_3827276911733775042_n.jpg?stp=c0.36.1080.1080a_cp0_dst-jpg_s32x32&_nc_cat=107&ccb=1-7&_nc_sid=50d2ac&_nc_ohc=P32jhWrYxCIQ7kNvgHxPkVf&_nc_ht=scontent-lga3-2.xx&oh=00_AYCKs1pkoD6JUV_blT14FSnTnoXNXo3xNnQcHw8xGY14jQ&oe=670020DC","https://www.facebook.com/natasya.ayunda.1","Y29tbWVudDoyMDE4ODc3MzYxOTAxMDUxXzE2ODkyMjY3NjUyNTgwNTE=","Renzy Bintangasia Jaya jaya jaya😁","1"
,,,,,,,,,,,,,,,,,"https://www.facebook.com/nurul.hardianti.9237/posts/pfbid02tWz92XQ4LdjTc59mv2Ztg9eshSRCDL4y7onddbvqDZGGKWeGPMqnhSUPsRDppYVPl?comment_id=1689226765258051&reply_comment_id=1576086169686201",,,,,,,,,,,,,,,,,,,"2024-09-28T10:54:55.000Z","2018877361901051","https://www.facebook.com/nurul.hardianti.9237/posts/pfbid02tWz92XQ4LdjTc59mv2Ztg9eshSRCDL4y7onddbvqDZGGKWeGPMqnhSUPsRDppYVPl","ZmVlZGJhY2s6MjAxODg3NzM2MTkwMTA1MV8xNTc2MDg2MTY5Njg2MjAx","Y29tbWVudDoyMDE4ODc3MzYxOTAxMDUxXzE1NzYwODYxNjk2ODYyMDE=","https://www.facebook.com/nurul.hardianti.9237/posts/pfbid02tWz92XQ4LdjTc59mv2Ztg9eshSRCDL4y7onddbvqDZGGKWeGPMqnhSUPsRDppYVPl","1","194051327133277","false","User","100007578522755","Renzy Bintangasia","Renzy","Y29tbWVudDoyMDE4ODc3MzYxOTAxMDUxXzE2ODkyMjY3NjUyNTgwNTE=","Alhamdulillah Bisami kah masuk pasarnya di Gowa sinjai ... 😁
Gaskan maki cepat untuk wil. Malino - Sinjai🫶
Sawi Putih Cacha F1 Produksi PT.Benih Citra Asia 
Cari Benih dengan harga terjangkau dan hasil memukau?
Benih Citra Asia Solusinya... ☺","100007578522755","Renzy Bintangasia","https://scontent-lga3-2.xx.fbcdn.net/v/t39.30808-1/426012403_3605728109689771_2277782955804277447_n.jpg?stp=cp0_dst-jpg_s32x32&_nc_cat=104&ccb=1-7&_nc_sid=50d2ac&_nc_ohc=Dk2tR_uNxVUQ7kNvgEpkr2w&_nc_ht=scontent-lga3-2.xx&oh=00_AYCL9eoUI0k8KwTkqsW362rH10FSt4Nnusfd2s80mqN46g&oe=670012C4","https://www.facebook.com/renzi.prayuda","Y29tbWVudDoyMDE4ODc3MzYxOTAxMDUxXzE2ODkyMjY3NjUyNTgwNTE=","Cece Bintang Asia besok ganti lagi namanya..  gosa Cece🤣🤣","2"
,,,,,,,,,,,,,,,,,"https://www.facebook.com/nurul.hardianti.9237/posts/pfbid02tWz92XQ4LdjTc59mv2Ztg9eshSRCDL4y7onddbvqDZGGKWeGPMqnhSUPsRDppYVPl?comment_id=1689226765258051&reply_comment_id=1722164111756457",,,,,,,,,,,,,,,,,,,"2024-09-28T10:55:11.000Z","2018877361901051","https://www.facebook.com/nurul.hardianti.9237/posts/pfbid02tWz92XQ4LdjTc59mv2Ztg9eshSRCDL4y7onddbvqDZGGKWeGPMqnhSUPsRDppYVPl","ZmVlZGJhY2s6MjAxODg3NzM2MTkwMTA1MV8xNzIyMTY0MTExNzU2NDU3","Y29tbWVudDoyMDE4ODc3MzYxOTAxMDUxXzE3MjIxNjQxMTE3NTY0NTc=","https://www.facebook.com/nurul.hardianti.9237/posts/pfbid02tWz92XQ4LdjTc59mv2Ztg9eshSRCDL4y7onddbvqDZGGKWeGPMqnhSUPsRDppYVPl","0","194051327133277","false","User","100007578522755","Renzy Bintangasia","Renzy","Y29tbWVudDoyMDE4ODc3MzYxOTAxMDUxXzE2ODkyMjY3NjUyNTgwNTE=","Alhamdulillah Bisami kah masuk pasarnya di Gowa sinjai ... 😁
Gaskan maki cepat untuk wil. Malino - Sinjai🫶
Sawi Putih Cacha F1 Produksi PT.Benih Citra Asia 
Cari Benih dengan harga terjangkau dan hasil memukau?
Benih Citra Asia Solusinya... ☺","100007578522755","Renzy Bintangasia","https://scontent-lga3-2.xx.fbcdn.net/v/t39.30808-1/426012403_3605728109689771_2277782955804277447_n.jpg?stp=cp0_dst-jpg_s32x32&_nc_cat=104&ccb=1-7&_nc_sid=50d2ac&_nc_ohc=Dk2tR_uNxVUQ7kNvgEpkr2w&_nc_ht=scontent-lga3-2.xx&oh=00_AYCL9eoUI0k8KwTkqsW362rH10FSt4Nnusfd2s80mqN46g&oe=670012C4","https://www.facebook.com/renzi.prayuda","Y29tbWVudDoyMDE4ODc3MzYxOTAxMDUxXzE2ODkyMjY3NjUyNTgwNTE=","Ganti Pinokio aja","2"
,,,,,,,,,,,,,,,,,"https://www.facebook.com/nurul.hardianti.9237/posts/pfbid02tWz92XQ4LdjTc59mv2Ztg9eshSRCDL4y7onddbvqDZGGKWeGPMqnhSUPsRDppYVPl?comment_id=1689226765258051&reply_comment_id=457514857310085",,,,,,,,,,,,,,,,,,,"2024-09-29T06:42:14.000Z","2018877361901051","https://www.facebook.com/nurul.hardianti.9237/posts/pfbid02tWz92XQ4LdjTc59mv2Ztg9eshSRCDL4y7onddbvqDZGGKWeGPMqnhSUPsRDppYVPl","ZmVlZGJhY2s6MjAxODg3NzM2MTkwMTA1MV80NTc1MTQ4NTczMTAwODU=","Y29tbWVudDoyMDE4ODc3MzYxOTAxMDUxXzQ1NzUxNDg1NzMxMDA4NQ==","https://www.facebook.com/nurul.hardianti.9237/posts/pfbid02tWz92XQ4LdjTc59mv2Ztg9eshSRCDL4y7onddbvqDZGGKWeGPMqnhSUPsRDppYVPl","0","194051327133277","false","User","100007578522755","Renzy Bintangasia","Renzy","Y29tbWVudDoyMDE4ODc3MzYxOTAxMDUxXzE2ODkyMjY3NjUyNTgwNTE=","Alhamdulillah Bisami kah masuk pasarnya di Gowa sinjai ... 😁
Gaskan maki cepat untuk wil. Malino - Sinjai🫶
Sawi Putih Cacha F1 Produksi PT.Benih Citra Asia 
Cari Benih dengan harga terjangkau dan hasil memukau?
Benih Citra Asia Solusinya... ☺","100013364191442","Nrll Bintang Asia","https://scontent-lga3-1.xx.fbcdn.net/v/t39.30808-1/461087378_2013634612425326_5478208411470068121_n.jpg?stp=cp0_dst-jpg_s32x32&_nc_cat=103&ccb=1-7&_nc_sid=50d2ac&_nc_ohc=QaxpPQgjMrkQ7kNvgEYiexF&_nc_ht=scontent-lga3-1.xx&oh=00_AYDkHfOlLwoNFab1hmqq9olx4UwwW6Kyx89caepGCXrH8g&oe=67001EE9","https://www.facebook.com/nurul.hardianti.9237","Y29tbWVudDoyMDE4ODc3MzYxOTAxMDUxXzE2ODkyMjY3NjUyNTgwNTE=","Renzy Bintangasia Lahhh😄😄","2"
,,,,,,,,,,,,,,,,,"https://www.facebook.com/nurul.hardianti.9237/posts/pfbid02tWz92XQ4LdjTc59mv2Ztg9eshSRCDL4y7onddbvqDZGGKWeGPMqnhSUPsRDppYVPl?comment_id=1234348967984952&reply_comment_id=1761305261291269",,,,,,,,,,,,,,,,,,,"2024-09-28T14:41:17.000Z","2018877361901051","https://www.facebook.com/nurul.hardianti.9237/posts/pfbid02tWz92XQ4LdjTc59mv2Ztg9eshSRCDL4y7onddbvqDZGGKWeGPMqnhSUPsRDppYVPl","ZmVlZGJhY2s6MjAxODg3NzM2MTkwMTA1MV8xNzYxMzA1MjYxMjkxMjY5","Y29tbWVudDoyMDE4ODc3MzYxOTAxMDUxXzE3NjEzMDUyNjEyOTEyNjk=","https://www.facebook.com/nurul.hardianti.9237/posts/pfbid02tWz92XQ4LdjTc59mv2Ztg9eshSRCDL4y7onddbvqDZGGKWeGPMqnhSUPsRDppYVPl","0","194051327133277","false","User","pfbid07FuLaz6QiEKEeTtRTPfJEZ8z2H9WSemXDF1mbpiwRUWGWVLDVSELRehD2vRPZsUCl","Basri Abbas","Basri","Y29tbWVudDoyMDE4ODc3MzYxOTAxMDUxXzEyMzQzNDg5Njc5ODQ5NTI=","Alhamdulillah Bisami kah masuk pasarnya di Gowa sinjai ... 😁
Gaskan maki cepat untuk wil. Malino - Sinjai🫶
Sawi Putih Cacha F1 Produksi PT.Benih Citra Asia 
Cari Benih dengan harga terjangkau dan hasil memukau?
Benih Citra Asia Solusinya... ☺","100013364191442","Nrll Bintang Asia","https://scontent-cgk2-1.xx.fbcdn.net/v/t39.30808-1/461087378_2013634612425326_5478208411470068121_n.jpg?stp=cp0_dst-jpg_s32x32&_nc_cat=103&ccb=1-7&_nc_sid=50d2ac&_nc_ohc=QaxpPQgjMrkQ7kNvgG6QleV&_nc_ht=scontent-cgk2-1.xx&_nc_gid=Ae2HdmMu3cYHH0yKdkOe_3O&oh=00_AYAKvb1Ah4RpHQya9-nSTgmSs8hDHCabR3mxGBllWndaVA&oe=67001EE9","https://www.facebook.com/nurul.hardianti.9237","Y29tbWVudDoyMDE4ODc3MzYxOTAxMDUxXzEyMzQzNDg5Njc5ODQ5NTI=","Basri Abbas Cacha F1 puang","1"
,,,,,,,,,,,,,,,,,"https://www.facebook.com/nurul.hardianti.9237/posts/pfbid031f7Nd3MSiThvznb7JFy313xAy3jg2AAEwTAuKgRFyS8nsxbuFyxAtfogxxovJXD7l?comment_id=542280518283847&reply_comment_id=849337600300774",,,,,,,,,,,,,,,,,,,"2024-09-25T12:48:39.000Z","2016362042152583","https://www.facebook.com/nurul.hardianti.9237/posts/pfbid031f7Nd3MSiThvznb7JFy313xAy3jg2AAEwTAuKgRFyS8nsxbuFyxAtfogxxovJXD7l","ZmVlZGJhY2s6MjAxNjM2MjA0MjE1MjU4M184NDkzMzc2MDAzMDA3NzQ=","Y29tbWVudDoyMDE2MzYyMDQyMTUyNTgzXzg0OTMzNzYwMDMwMDc3NA==","https://www.facebook.com/nurul.hardianti.9237/posts/pfbid031f7Nd3MSiThvznb7JFy313xAy3jg2AAEwTAuKgRFyS8nsxbuFyxAtfogxxovJXD7l","0","194051327133277","false","User","100007578522755","Renzy Bintangasia","Renzy","Y29tbWVudDoyMDE2MzYyMDQyMTUyNTgzXzU0MjI4MDUxODI4Mzg0Nw==","Visit Kebun wisata  Buah Desa Bontomanai Kab.Bulukumba 
#Madrid F1
#Diva F1
#Lazio F1🍉🍉🍉
Produksi PT.Benih Citra Asia","100013364191442","Nrll Bintang Asia","https://scontent-man2-1.xx.fbcdn.net/v/t39.30808-1/461087378_2013634612425326_5478208411470068121_n.jpg?stp=cp0_dst-jpg_s32x32&_nc_cat=103&ccb=1-7&_nc_sid=50d2ac&_nc_ohc=QaxpPQgjMrkQ7kNvgGa_hMq&_nc_ht=scontent-man2-1.xx&_nc_gid=AJjHCT-7_rEUliINqciF0dr&oh=00_AYBEueK-oGdEgHEAzAdoAuZrfGCbfpw6FHgKLqD2JY2oNA&oe=67001EE9","https://www.facebook.com/nurul.hardianti.9237","Y29tbWVudDoyMDE2MzYyMDQyMTUyNTgzXzU0MjI4MDUxODI4Mzg0Nw==","Renzy Bintangasia mksih kk","1"
,,,,,,,,,,,,,,,,,"https://www.facebook.com/nurul.hardianti.9237/posts/pfbid02DSmR1jFfuAyhrMGNom94Q2XKWvT2EDjJS53Wr1vd3Rzei2EkZXTp2Gf9iwGVg6scl?comment_id=1065502048297752","https://www.facebook.com/nurul.hardianti.9237/posts/pfbid02DSmR1jFfuAyhrMGNom94Q2XKWvT2EDjJS53Wr1vd3Rzei2EkZXTp2Gf9iwGVg6scl?comment_id=1065502048297752&reply_comment_id=849321200292510","2024-09-26T23:25:28.000Z","ZmVlZGJhY2s6MjAxNzI2OTg4ODcyODQ2NV84NDkzMjEyMDAyOTI1MTA=","Y29tbWVudDoyMDE3MjY5ODg4NzI4NDY1Xzg0OTMyMTIwMDI5MjUxMA==","0","User","100007578522755","Renzy Bintangasia","Renzy","Y29tbWVudDoyMDE3MjY5ODg4NzI4NDY1XzEwNjU1MDIwNDgyOTc3NTI=","100013364191442","Nrll Bintang Asia","https://scontent-lga3-1.xx.fbcdn.net/v/t39.30808-1/461087378_2013634612425326_5478208411470068121_n.jpg?stp=cp0_dst-jpg_s32x32&_nc_cat=103&ccb=1-7&_nc_sid=50d2ac&_nc_ohc=QaxpPQgjMrkQ7kNvgErIsdE&_nc_ht=scontent-lga3-1.xx&_nc_gid=ACZtIYqjgSV0AySJ9icy18f&oh=00_AYBTcjjSj3054arudBttSJgP_iykn7z_-GEvvjfroZzvKg&oe=67001EE9","https://www.facebook.com/nurul.hardianti.9237","Y29tbWVudDoyMDE3MjY5ODg4NzI4NDY1XzEwNjU1MDIwNDgyOTc3NTI=","Renzy Bintangasia Aamiin yaa robbal alamiin","1","1","2024-09-26T11:56:59.000Z","2017269888728465","https://www.facebook.com/nurul.hardianti.9237/posts/pfbid02DSmR1jFfuAyhrMGNom94Q2XKWvT2EDjJS53Wr1vd3Rzei2EkZXTp2Gf9iwGVg6scl","ZmVlZGJhY2s6MjAxNzI2OTg4ODcyODQ2NV8xMDY1NTAyMDQ4Mjk3NzUy","Y29tbWVudDoyMDE3MjY5ODg4NzI4NDY1XzEwNjU1MDIwNDgyOTc3NTI=","https://www.facebook.com/nurul.hardianti.9237/posts/pfbid02DSmR1jFfuAyhrMGNom94Q2XKWvT2EDjJS53Wr1vd3Rzei2EkZXTp2Gf9iwGVg6scl","0","194051327133277","false",,,,,,"Tomat Natavi F1 Produksi PT.Benih Citra Asia
Lokasi Kanrojo, Kec.Sinjai Barat Kab.Sinjai","100007578522755","Renzy Bintangasia","https://scontent-lga3-2.xx.fbcdn.net/v/t39.30808-1/426012403_3605728109689771_2277782955804277447_n.jpg?stp=cp0_dst-jpg_s32x32&_nc_cat=104&ccb=1-7&_nc_sid=50d2ac&_nc_ohc=Dk2tR_uNxVUQ7kNvgFEF1vT&_nc_ht=scontent-lga3-2.xx&_nc_gid=ACZtIYqjgSV0AySJ9icy18f&oh=00_AYAZS0kmov66N4aDSL87r8BYeuPaAr616WMd1Ti3-odjHA&oe=670012C4","https://www.facebook.com/renzi.prayuda",,"Mantap..sukses bersama bintang asia","0"
,,,,,,,,,,,,,,,,,"https://www.facebook.com/nurul.hardianti.9237/posts/pfbid031f7Nd3MSiThvznb7JFy313xAy3jg2AAEwTAuKgRFyS8nsxbuFyxAtfogxxovJXD7l?comment_id=559096966555072&reply_comment_id=747365957518208",,,,,,,,,,,,,,,,,,,"2024-09-25T14:37:13.000Z","2016362042152583","https://www.facebook.com/nurul.hardianti.9237/posts/pfbid031f7Nd3MSiThvznb7JFy313xAy3jg2AAEwTAuKgRFyS8nsxbuFyxAtfogxxovJXD7l","ZmVlZGJhY2s6MjAxNjM2MjA0MjE1MjU4M183NDczNjU5NTc1MTgyMDg=","Y29tbWVudDoyMDE2MzYyMDQyMTUyNTgzXzc0NzM2NTk1NzUxODIwOA==","https://www.facebook.com/nurul.hardianti.9237/posts/pfbid031f7Nd3MSiThvznb7JFy313xAy3jg2AAEwTAuKgRFyS8nsxbuFyxAtfogxxovJXD7l","0","194051327133277","false","User","100009994003233","Ilham Bintang Asia","Ilham","Y29tbWVudDoyMDE2MzYyMDQyMTUyNTgzXzU1OTA5Njk2NjU1NTA3Mg==","Visit Kebun wisata  Buah Desa Bontomanai Kab.Bulukumba 
#Madrid F1
#Diva F1
#Lazio F1🍉🍉🍉
Produksi PT.Benih Citra Asia","100013364191442","Nrll Bintang Asia","https://scontent.fagc3-2.fna.fbcdn.net/v/t39.30808-1/461087378_2013634612425326_5478208411470068121_n.jpg?stp=cp0_dst-jpg_s32x32&_nc_cat=103&ccb=1-7&_nc_sid=50d2ac&_nc_ohc=QaxpPQgjMrkQ7kNvgFIKIrB&_nc_ht=scontent.fagc3-2.fna&oh=00_AYAnh9XPiv5t7s3pNLl5AqOlGnZ_jNLHLyuXSTt0H-n21g&oe=67001EE9","https://www.facebook.com/nurul.hardianti.9237","Y29tbWVudDoyMDE2MzYyMDQyMTUyNTgzXzU1OTA5Njk2NjU1NTA3Mg==","Ilham Bintang Asia Makasihhh😊","1"
"Sticker",,,"0","83","0","0","201014003381867","80","https://scontent-ord5-1.xx.fbcdn.net/v/t39.1997-6/66002320_1282961465187110_5922253064978300928_n.png?stp=cp0_dst-png_s110x80&_nc_cat=1&ccb=1-7&_nc_sid=23dd7b&_nc_ohc=FKcobt3H5oMQ7kNvgFbNd-I&_nc_ht=scontent-ord5-1.xx&oh=00_AYAx02lHbZAHvD-TrCYB-AIYIvYO8YpxXclKa6SL3BTcEg&oe=6700175A","77","Slice of watermelon character with bright green rind, black seeds and a smiling face on the red interior.",,"201013370048597","Happy-Go-Lucky",,,"https://www.facebook.com/nurul.hardianti.9237/posts/pfbid031f7Nd3MSiThvznb7JFy313xAy3jg2AAEwTAuKgRFyS8nsxbuFyxAtfogxxovJXD7l?comment_id=8649437735119870&reply_comment_id=1224540928891046",,,,,,,,,,,,,,,,,,,"2024-09-25T12:48:45.000Z","2016362042152583","https://www.facebook.com/nurul.hardianti.9237/posts/pfbid031f7Nd3MSiThvznb7JFy313xAy3jg2AAEwTAuKgRFyS8nsxbuFyxAtfogxxovJXD7l","ZmVlZGJhY2s6MjAxNjM2MjA0MjE1MjU4M18xMjI0NTQwOTI4ODkxMDQ2","Y29tbWVudDoyMDE2MzYyMDQyMTUyNTgzXzEyMjQ1NDA5Mjg4OTEwNDY=","https://www.facebook.com/nurul.hardianti.9237/posts/pfbid031f7Nd3MSiThvznb7JFy313xAy3jg2AAEwTAuKgRFyS8nsxbuFyxAtfogxxovJXD7l","0","194051327133277","false","User","61553813668557","Apriyanti Bintang Asia","Apriyanti","Y29tbWVudDoyMDE2MzYyMDQyMTUyNTgzXzg2NDk0Mzc3MzUxMTk4NzA=","Visit Kebun wisata  Buah Desa Bontomanai Kab.Bulukumba 
#Madrid F1
#Diva F1
#Lazio F1🍉🍉🍉
Produksi PT.Benih Citra Asia","100013364191442","Nrll Bintang Asia","https://scontent-ord5-2.xx.fbcdn.net/v/t39.30808-1/461087378_2013634612425326_5478208411470068121_n.jpg?stp=cp0_dst-jpg_s32x32&_nc_cat=103&ccb=1-7&_nc_sid=50d2ac&_nc_ohc=QaxpPQgjMrkQ7kNvgHSk8KA&_nc_ht=scontent-ord5-2.xx&oh=00_AYBSIelYtcKWIsx9BfRYoLY40urH3f-qlU2VTpWm4QBLsw&oe=67001EE9","https://www.facebook.com/nurul.hardianti.9237","Y29tbWVudDoyMDE2MzYyMDQyMTUyNTgzXzg2NDk0Mzc3MzUxMTk4NzA=","Apriyanti Bintang Asia","1"
,,,,,,,,,,,,,,,,,"https://www.facebook.com/nurul.hardianti.9237/posts/pfbid031f7Nd3MSiThvznb7JFy313xAy3jg2AAEwTAuKgRFyS8nsxbuFyxAtfogxxovJXD7l?comment_id=1298611214459616&reply_comment_id=1137603851342909",,,,,,,,,,,,,,,,,,,"2024-09-25T12:48:35.000Z","2016362042152583","https://www.facebook.com/nurul.hardianti.9237/posts/pfbid031f7Nd3MSiThvznb7JFy313xAy3jg2AAEwTAuKgRFyS8nsxbuFyxAtfogxxovJXD7l","ZmVlZGJhY2s6MjAxNjM2MjA0MjE1MjU4M18xMTM3NjAzODUxMzQyOTA5","Y29tbWVudDoyMDE2MzYyMDQyMTUyNTgzXzExMzc2MDM4NTEzNDI5MDk=","https://www.facebook.com/nurul.hardianti.9237/posts/pfbid031f7Nd3MSiThvznb7JFy313xAy3jg2AAEwTAuKgRFyS8nsxbuFyxAtfogxxovJXD7l","0","194051327133277","false","User","pfbid0oPiX4rGaud5HHxGGnzNXuQiVHbaNm14Tpe9Rs2TE59odsMfEa4H37m1o4c9KSwacl","Asmiani Siregar","Asmiani","Y29tbWVudDoyMDE2MzYyMDQyMTUyNTgzXzEyOTg2MTEyMTQ0NTk2MTY=","Visit Kebun wisata  Buah Desa Bontomanai Kab.Bulukumba 
#Madrid F1
#Diva F1
#Lazio F1🍉🍉🍉
Produksi PT.Benih Citra Asia","100013364191442","Nrll Bintang Asia","https://scontent.fdet1-1.fna.fbcdn.net/v/t39.30808-1/461087378_2013634612425326_5478208411470068121_n.jpg?stp=cp0_dst-jpg_s32x32&_nc_cat=103&ccb=1-7&_nc_sid=50d2ac&_nc_ohc=QaxpPQgjMrkQ7kNvgF6FxTw&_nc_ht=scontent.fdet1-1.fna&oh=00_AYAfg9AfNVgL9Ft8KSIQlth5Ad7uKECR7s4QUbZ7dgegOQ&oe=67001EE9","https://www.facebook.com/nurul.hardianti.9237","Y29tbWVudDoyMDE2MzYyMDQyMTUyNTgzXzEyOTg2MTEyMTQ0NTk2MTY=","Asmiani Siregar Ehehe iyye buu.☺ Rindu lagi ini bu kesana.","1"
,,,,,,,,,,,,,,,,,"https://www.facebook.com/nurul.hardianti.9237/posts/pfbid031f7Nd3MSiThvznb7JFy313xAy3jg2AAEwTAuKgRFyS8nsxbuFyxAtfogxxovJXD7l?comment_id=1298611214459616&reply_comment_id=427575063243104",,,,,,,,,,,,,,,,,,"1","2024-09-25T12:59:37.000Z","2016362042152583","https://www.facebook.com/nurul.hardianti.9237/posts/pfbid031f7Nd3MSiThvznb7JFy313xAy3jg2AAEwTAuKgRFyS8nsxbuFyxAtfogxxovJXD7l","ZmVlZGJhY2s6MjAxNjM2MjA0MjE1MjU4M180Mjc1NzUwNjMyNDMxMDQ=","Y29tbWVudDoyMDE2MzYyMDQyMTUyNTgzXzQyNzU3NTA2MzI0MzEwNA==","https://www.facebook.com/nurul.hardianti.9237/posts/pfbid031f7Nd3MSiThvznb7JFy313xAy3jg2AAEwTAuKgRFyS8nsxbuFyxAtfogxxovJXD7l","0","194051327133277","false","User","pfbid0oPiX4rGaud5HHxGGnzNXuQiVHbaNm14Tpe9Rs2TE59odsMfEa4H37m1o4c9KSwacl","Asmiani Siregar","Asmiani","Y29tbWVudDoyMDE2MzYyMDQyMTUyNTgzXzEyOTg2MTEyMTQ0NTk2MTY=","Visit Kebun wisata  Buah Desa Bontomanai Kab.Bulukumba 
#Madrid F1
#Diva F1
#Lazio F1🍉🍉🍉
Produksi PT.Benih Citra Asia","pfbid0oPiX4rGaud5HHxGGnzNXuQiVHbaNm14Tpe9Rs2TE59odsMfEa4H37m1o4c9KSwacl","Asmiani Siregar","https://scontent.fdet1-2.fna.fbcdn.net/v/t39.30808-1/359261386_113799188441136_3506608618300419097_n.jpg?stp=c0.0.720.720a_cp0_dst-jpg_s32x32&_nc_cat=108&ccb=1-7&_nc_sid=0ecb9b&_nc_ohc=_FEhy4XJYCAQ7kNvgFZ4BnS&_nc_ht=scontent.fdet1-2.fna&oh=00_AYD7k32DyIqjTVkkj00zd9lrs2WlS8cyd00M5YwShXsLEg&oe=6700174C","https://www.facebook.com/people/Asmiani-Siregar/pfbid0oPiX4rGaud5HHxGGnzNXuQiVHbaNm14Tpe9Rs2TE59odsMfEa4H37m1o4c9KSwacl/","Y29tbWVudDoyMDE2MzYyMDQyMTUyNTgzXzEyOTg2MTEyMTQ0NTk2MTY=","Nrll Bintang Asia rindu sama  ????? Ie","1"
,,,,,,,,,,,,,,,,,"https://www.facebook.com/nurul.hardianti.9237/posts/pfbid031f7Nd3MSiThvznb7JFy313xAy3jg2AAEwTAuKgRFyS8nsxbuFyxAtfogxxovJXD7l?comment_id=1298611214459616&reply_comment_id=884908803611542",,,,,,,,,,,,,,,,,,,"2024-09-25T13:00:28.000Z","2016362042152583","https://www.facebook.com/nurul.hardianti.9237/posts/pfbid031f7Nd3MSiThvznb7JFy313xAy3jg2AAEwTAuKgRFyS8nsxbuFyxAtfogxxovJXD7l","ZmVlZGJhY2s6MjAxNjM2MjA0MjE1MjU4M184ODQ5MDg4MDM2MTE1NDI=","Y29tbWVudDoyMDE2MzYyMDQyMTUyNTgzXzg4NDkwODgwMzYxMTU0Mg==","https://www.facebook.com/nurul.hardianti.9237/posts/pfbid031f7Nd3MSiThvznb7JFy313xAy3jg2AAEwTAuKgRFyS8nsxbuFyxAtfogxxovJXD7l","1","194051327133277","false","User","pfbid0oPiX4rGaud5HHxGGnzNXuQiVHbaNm14Tpe9Rs2TE59odsMfEa4H37m1o4c9KSwacl","Asmiani Siregar","Asmiani","Y29tbWVudDoyMDE2MzYyMDQyMTUyNTgzXzEyOTg2MTEyMTQ0NTk2MTY=","Visit Kebun wisata  Buah Desa Bontomanai Kab.Bulukumba 
#Madrid F1
#Diva F1
#Lazio F1🍉🍉🍉
Produksi PT.Benih Citra Asia","100013364191442","Nrll Bintang Asia","https://scontent.fdet1-1.fna.fbcdn.net/v/t39.30808-1/461087378_2013634612425326_5478208411470068121_n.jpg?stp=cp0_dst-jpg_s32x32&_nc_cat=103&ccb=1-7&_nc_sid=50d2ac&_nc_ohc=QaxpPQgjMrkQ7kNvgF6FxTw&_nc_ht=scontent.fdet1-1.fna&oh=00_AYAfg9AfNVgL9Ft8KSIQlth5Ad7uKECR7s4QUbZ7dgegOQ&oe=67001EE9","https://www.facebook.com/nurul.hardianti.9237","Y29tbWVudDoyMDE2MzYyMDQyMTUyNTgzXzEyOTg2MTEyMTQ0NTk2MTY=","Asmiani Siregar Rindu sama Ibu dong..😁😁 Sama semuanya disana","2"
,,,,,,,,,,,,,,,,,"https://www.facebook.com/nurul.hardianti.9237/posts/pfbid031f7Nd3MSiThvznb7JFy313xAy3jg2AAEwTAuKgRFyS8nsxbuFyxAtfogxxovJXD7l?comment_id=1172431707194588&reply_comment_id=947354627130023",,,,,,,,,,,,,,,,,,,"2024-09-25T14:37:21.000Z","2016362042152583","https://www.facebook.com/nurul.hardianti.9237/posts/pfbid031f7Nd3MSiThvznb7JFy313xAy3jg2AAEwTAuKgRFyS8nsxbuFyxAtfogxxovJXD7l","ZmVlZGJhY2s6MjAxNjM2MjA0MjE1MjU4M185NDczNTQ2MjcxMzAwMjM=","Y29tbWVudDoyMDE2MzYyMDQyMTUyNTgzXzk0NzM1NDYyNzEzMDAyMw==","https://www.facebook.com/nurul.hardianti.9237/posts/pfbid031f7Nd3MSiThvznb7JFy313xAy3jg2AAEwTAuKgRFyS8nsxbuFyxAtfogxxovJXD7l","0","194051327133277","false","User","100004370253176","Muhamad Cali Faiz Ahmad","Muhamad","Y29tbWVudDoyMDE2MzYyMDQyMTUyNTgzXzExNzI0MzE3MDcxOTQ1ODg=","Visit Kebun wisata  Buah Desa Bontomanai Kab.Bulukumba 
#Madrid F1
#Diva F1
#Lazio F1🍉🍉🍉
Produksi PT.Benih Citra Asia","100013364191442","Nrll Bintang Asia","https://scontent-lga3-1.xx.fbcdn.net/v/t39.30808-1/461087378_2013634612425326_5478208411470068121_n.jpg?stp=cp0_dst-jpg_s32x32&_nc_cat=103&ccb=1-7&_nc_sid=50d2ac&_nc_ohc=QaxpPQgjMrkQ7kNvgHe1tJc&_nc_ht=scontent-lga3-1.xx&_nc_gid=ATXpap5s-trFVkJM9iIcYmv&oh=00_AYD762LJk50ji3giBdtw87StLD6Kqj9t06SiD71arZ7DJw&oe=67001EE9","https://www.facebook.com/nurul.hardianti.9237","Y29tbWVudDoyMDE2MzYyMDQyMTUyNTgzXzExNzI0MzE3MDcxOTQ1ODg=","Muhamad Cali Faiz Ahmad makasiihh☺","1"
,,,,,,,,,,,,,,,,,"https://www.facebook.com/nurul.hardianti.9237/posts/pfbid02DSmR1jFfuAyhrMGNom94Q2XKWvT2EDjJS53Wr1vd3Rzei2EkZXTp2Gf9iwGVg6scl?comment_id=1065502048297752&reply_comment_id=849321200292510",,,,,,,,,,,,,,,,,,,"2024-09-26T23:25:28.000Z","2017269888728465","https://www.facebook.com/nurul.hardianti.9237/posts/pfbid02DSmR1jFfuAyhrMGNom94Q2XKWvT2EDjJS53Wr1vd3Rzei2EkZXTp2Gf9iwGVg6scl","ZmVlZGJhY2s6MjAxNzI2OTg4ODcyODQ2NV84NDkzMjEyMDAyOTI1MTA=","Y29tbWVudDoyMDE3MjY5ODg4NzI4NDY1Xzg0OTMyMTIwMDI5MjUxMA==","https://www.facebook.com/nurul.hardianti.9237/posts/pfbid02DSmR1jFfuAyhrMGNom94Q2XKWvT2EDjJS53Wr1vd3Rzei2EkZXTp2Gf9iwGVg6scl","0","194051327133277","false","User","100007578522755","Renzy Bintangasia","Renzy","Y29tbWVudDoyMDE3MjY5ODg4NzI4NDY1XzEwNjU1MDIwNDgyOTc3NTI=","Tomat Natavi F1 Produksi PT.Benih Citra Asia
Lokasi Kanrojo, Kec.Sinjai Barat Kab.Sinjai","100013364191442","Nrll Bintang Asia","https://scontent.fknu1-6.fna.fbcdn.net/v/t39.30808-1/461087378_2013634612425326_5478208411470068121_n.jpg?stp=cp0_dst-jpg_s32x32&_nc_cat=103&ccb=1-7&_nc_sid=50d2ac&_nc_ohc=QaxpPQgjMrkQ7kNvgEjzuhA&_nc_ht=scontent.fknu1-6.fna&_nc_gid=AS2jXv1rxU5aynOICpdrSH6&oh=00_AYCVZm7_7sNuod595iO8OzZhKO58qKmd5970wHL_ZqmBYQ&oe=67001EE9","https://www.facebook.com/nurul.hardianti.9237","Y29tbWVudDoyMDE3MjY5ODg4NzI4NDY1XzEwNjU1MDIwNDgyOTc3NTI=","Renzy Bintangasia Aamiin yaa robbal alamiin","1"
