﻿"author","authorIsChannelOwner","channelId","channelName","channelUrl","cid","comment","comments","commentsCount","commentsTurnedOff","date","descriptionLinks","descriptionLinks/0/text","descriptionLinks/0/url","descriptionLinks/1/text","descriptionLinks/1/url","descriptionLinks/2/text","descriptionLinks/2/url","descriptionLinks/3/text","descriptionLinks/3/url","descriptionLinks/4/text","descriptionLinks/4/url","descriptionLinks/5/text","descriptionLinks/5/url","descriptionLinks/6/text","descriptionLinks/6/url","descriptionLinks/7/text","descriptionLinks/7/url","duration","hasCreatorHeart","id","isMonetized","likes","location","numberOfSubscribers","pageUrl","publishedTimeText","replyCount","replyToCid","subtitles","text","thumbnailUrl","title","type","url","videoId","viewCount","voteCount"
,,,"infarm id",,,,,"666",,"2024-09-24T08:23:32.000Z",,,,,,,,,,,,,,,,,,,,"5BYCd6sOcrM",,"18000",,,,,,,,,,"Cara olah tanaman pengganti nasi","shorts","https://www.youtube.com/shorts/5BYCd6sOcrM",,"677428",
,,"UChl0FvQJ5_1CmPCSzikU_Uw","infarm id","https://www.youtube.com/@infarmid",,,,"56",,"2024-09-27T00:00:00.000Z",,,,,,,,,,,,,,,,,,,,"ZWkZ-jPEwBM",,"2400",,,,,,,,,,"Jangan asal pakai media tanam kalau mau tanamanmu gak mati sia sia","shorts","https://www.youtube.com/shorts/ZWkZ-jPEwBM",,"92619",
,,"UChl0FvQJ5_1CmPCSzikU_Uw","infarm id","https://www.youtube.com/@infarmid",,,,"63",,"2024-09-24T00:00:00.000Z",,,,,,,,,,,,,,,,,,,,"PVPG22yeHuw",,"1600",,,,,,,,,,"Teknik unik nanam cabai dilahan sempit","shorts","https://www.youtube.com/shorts/PVPG22yeHuw",,"32713",
,,"UChl0FvQJ5_1CmPCSzikU_Uw","infarm id","https://www.youtube.com/@infarmid",,,,"32",,"2024-09-02T09:44:39.000Z",,,,,,,,,,,,,,,,,,,,"nsqP_jbUrNg",,"2500",,,,,,,,,,"Cara seleski benih yang cacat dan bagus","shorts","https://www.youtube.com/shorts/nsqP_jbUrNg",,"66452",
,,"UChl0FvQJ5_1CmPCSzikU_Uw","infarm id","https://www.youtube.com/@infarmid",,,,"15",,"2024-10-01T00:06:48.000Z",,,,,,,,,,,,,,,,,,,,"u-M7gkSPgQE",,"318",,,,,,,,,,"Gak perlu ribet‼️Tinggal Nunggu 1-2 minggu tanah jadi auto  gembur","shorts","https://www.youtube.com/shorts/u-M7gkSPgQE",,"13135",
,,"UChl0FvQJ5_1CmPCSzikU_Uw","infarm id","https://www.youtube.com/@infarmid",,,,"44",,"2024-10-01T00:00:00.000Z",,,,,,,,,,,,,,,,,,,,"uQC62yvULKg",,"716",,,,,,,,,,"Tanaman yang katanya bisa usir jin","shorts","https://www.youtube.com/shorts/uQC62yvULKg",,"20490",
,,"UChl0FvQJ5_1CmPCSzikU_Uw","infarm id","https://www.youtube.com/@infarmid",,,,"38",,"2024-09-04T06:49:18.000Z",,,,,,,,,,,,,,,,,,,,"m6megRpMsQQ",,"679",,,,,,,,,,"Tips cepet berbuah nanam dari benih","shorts","https://www.youtube.com/shorts/m6megRpMsQQ",,"16543",
,,"UChl0FvQJ5_1CmPCSzikU_Uw","infarm id","https://www.youtube.com/@infarmid",,,,"20",,"2024-09-09T00:00:00.000Z",,,,,,,,,,,,,,,,,,,,"Tu-4jPhrQSU",,"1700",,,,,,,,,,"Sulap tanah gragal jadi subur","shorts","https://www.youtube.com/shorts/Tu-4jPhrQSU",,"96738",
,,"UChl0FvQJ5_1CmPCSzikU_Uw","infarm id","https://www.youtube.com/@infarmid",,,,"13",,"2024-09-05T08:44:55.000Z",,,,,,,,,,,,,,,,,,,,"tSInFZiJgMw",,"886",,,,,,,,,,"Bikin Lilin aromaterapi dari bahan alami","shorts","https://www.youtube.com/shorts/tSInFZiJgMw",,"23103",
,,"UChl0FvQJ5_1CmPCSzikU_Uw","infarm id","https://www.youtube.com/@infarmid",,,,"29",,"2024-09-14T00:00:00.000Z",,,,,,,,,,,,,,,,,,,,"mUN7j2uoeXo",,"884",,,,,,,,,,"Ramuan manjur pengusir tikus dirumah","shorts","https://www.youtube.com/shorts/mUN7j2uoeXo",,"18412",
,,"UChl0FvQJ5_1CmPCSzikU_Uw","infarm id","https://www.youtube.com/@infarmid",,,,"0","false","2024-10-04T06:27:44.000Z",,"https://infarm.id/","https://infarm.id/","https://infarm.id/chat/infarmcs","https://infarm.id/chat/infarmcs","https://www.lazada.co.id/shop/infarmid","https://www.lazada.co.id/shop/infarmid","https://shopee.co.id/infarmofficialshop","https://shopee.co.id/infarmofficialshop","https://www.tokopedia.com/infarm","https://www.tokopedia.com/infarm","  / infarmkatalog  ","https://www.instagram.com/infarmkatalog/","  / infarm.id  ","https://www.instagram.com/infarm.id/","  / masbon.infarm  ","https://www.instagram.com/masbon.infarm/","00:05:08",,"Cm65LCP-LQo",,"5",,"364000",,,,,,"Support terus channel  Infarm
FOLLOW - SHARE - SUBSCRIBE

Artikel di : https://infarm.id/
Konsultasi Produk : https://infarm.id/chat/infarmcs

Belanja lewat
Lazada : https://www.lazada.co.id/shop/infarmid
Shopee : https://shopee.co.id/infarmofficialshop
https://www.tokopedia.com/infarm

Katalog di
  / infarmkatalog  

Follow Tips Berkebun di 
  / infarm.id  
  / masbon.infarm  ","https://i.ytimg.com/vi/Cm65LCP-LQo/maxresdefault.jpg?sqp=-oaymwEmCIAKENAF8quKqQMa8AEB-AHOBYACgAqKAgwIABABGCAgZSgtMA8=&rs=AOn4CLCWoON_tLofy4XZ9vXKXkMJKQ45MA","Live Stream infarm id","stream","https://www.youtube.com/watch?v=Cm65LCP-LQo",,"106",
,,"UChl0FvQJ5_1CmPCSzikU_Uw","infarm id","https://www.youtube.com/@infarmid",,,,"32",,"2024-09-11T06:03:09.000Z",,,,,,,,,,,,,,,,,,,,"VK7nPhqj5TY",,"970",,,,,,,,,,"Semakin dipanen semakin berbuah lebat","shorts","https://www.youtube.com/shorts/VK7nPhqj5TY",,"24225",
,,"UChl0FvQJ5_1CmPCSzikU_Uw","infarm id","https://www.youtube.com/@infarmid",,,,"16",,"2024-09-09T00:00:00.000Z",,,,,,,,,,,,,,,,,,,,"zljYIDzwfuU",,"630",,,,,,,,,,"Rahasia tukang berbuah agar tanamannya berbuah","shorts","https://www.youtube.com/shorts/zljYIDzwfuU",,"14510",
,,"UChl0FvQJ5_1CmPCSzikU_Uw","infarm id","https://www.youtube.com/@infarmid",,,,"23",,"2024-09-16T00:00:00.000Z",,,,,,,,,,,,,,,,,,,,"WzojZkTAfNk",,"1200",,,,,,,,,,"Bikin pot cantik cuma modal 5000","shorts","https://www.youtube.com/shorts/WzojZkTAfNk",,"43377",
,,"UChl0FvQJ5_1CmPCSzikU_Uw","infarm id","https://www.youtube.com/@infarmid",,,,"106",,"2024-09-11T14:53:06.000Z",,,,,,,,,,,,,,,,,,,,"tZDUsE790dk",,"2200",,,,,,,,,,"Cara nanam sereh dari rumah ‼️","shorts","https://www.youtube.com/shorts/tZDUsE790dk",,"87623",
,,"UChl0FvQJ5_1CmPCSzikU_Uw","infarm id","https://www.youtube.com/@infarmid",,,,"12",,"2024-09-11T06:01:45.000Z",,,,,,,,,,,,,,,,,,,,"tG4W7-uDtx4",,"465",,,,,,,,,,"Ramuan ajaib pelebat cabai","shorts","https://www.youtube.com/shorts/tG4W7-uDtx4",,"17691",
"@juragansolder4340","false",,,,"UgzPSxctQg__LUk8Znl4AaABAg","Benih sayur blm ada kah",,"1",,,,,,,,,,,,,,,,,,,,,"false",,,,,,"https://www.youtube.com/watch?v=Iskn5j3jWpY","3 days ago","0",,,,,"infarm id sedang live sekarang!","comment",,"Iskn5j3jWpY",,"0"
,,"UChl0FvQJ5_1CmPCSzikU_Uw","infarm id","https://www.youtube.com/@infarmid",,,,"36",,"2024-09-16T07:21:36.000Z",,,,,,,,,,,,,,,,,,,,"VQ_iHopJF2k",,"992",,,,,,,,,,"Cara perbanyak stroberi menggunakan rockwool","shorts","https://www.youtube.com/shorts/VQ_iHopJF2k",,"20471",
,,"UChl0FvQJ5_1CmPCSzikU_Uw","infarm id","https://www.youtube.com/@infarmid",,,,"29",,"2024-09-04T00:00:00.000Z",,,,,,,,,,,,,,,,,,,,"-uAKqt2yL3Y",,"917",,,,,,,,,,"Bikin pesnab dari bawang putih","shorts","https://www.youtube.com/shorts/-uAKqt2yL3Y",,"26971",
,,,"infarm id",,,,,"150",,"2024-09-16T00:00:00.000Z",,,,,,,,,,,,,,,,,,,,"iXmJxaQvwQ8",,"1000",,,,,,,,,,"Nanam sayuran lebih gampang, setuju gak?","shorts","https://www.youtube.com/shorts/iXmJxaQvwQ8",,"23712",
,,,"infarm id",,,,,"22",,"2024-09-09T15:07:52.000Z",,,,,,,,,,,,,,,,,,,,"6YPAuIrYpTA",,"918",,,,,,,,,,"Service tanah jadi gembur dan subur","shorts","https://www.youtube.com/shorts/6YPAuIrYpTA",,"25792",
,,,"infarm id",,,,,"38",,"2024-10-03T15:06:59.000Z",,,,,,,,,,,,,,,,,,,,"hE-bkzh5fN8",,"750",,,,,,,,,,"Nanam sayuran nempel ditembok","shorts","https://www.youtube.com/shorts/hE-bkzh5fN8",,"16837",
,,"UChl0FvQJ5_1CmPCSzikU_Uw","infarm id","https://www.youtube.com/@infarmid",,,,"50",,"2024-10-04T09:23:24.000Z",,,,,,,,,,,,,,,,,,,,"sK9AqGd6Yvs",,"956",,,,,,,,,,"Trik gundulin cabai biar berbuah lebat","shorts","https://www.youtube.com/shorts/sK9AqGd6Yvs",,"17314",
,,"UChl0FvQJ5_1CmPCSzikU_Uw","infarm id","https://www.youtube.com/@infarmid",,,,"5",,"2024-09-16T00:00:00.000Z",,,,,,,,,,,,,,,,,,,,"KILTzVYZic0",,"399",,,,,,,,,,"Bikin ramuan priobiotik untuk mencerahkan kulit","shorts","https://www.youtube.com/shorts/KILTzVYZic0",,"10984",
,,"UChl0FvQJ5_1CmPCSzikU_Uw","infarm id","https://www.youtube.com/@infarmid",,,,"36",,"2024-09-17T02:20:55.000Z",,,,,,,,,,,,,,,,,,,,"aQe1OIfytmI",,"1200",,,,,,,,,,"Sayur yang wanginya harum banget, enaknya di olah jadi apa yah ?","shorts","https://www.youtube.com/shorts/aQe1OIfytmI",,"34120",
,,"UChl0FvQJ5_1CmPCSzikU_Uw","infarm id","https://www.youtube.com/@infarmid",,,,,,"2024-09-17T06:00:09.000Z",,,,,,,,,,,,,,,,,,,,"obOmEqlE81M",,"377",,,,,,,,,,"cara berhasil nanam cabai","shorts","https://www.youtube.com/shorts/obOmEqlE81M",,"6106",
,,"UChl0FvQJ5_1CmPCSzikU_Uw","infarm id","https://www.youtube.com/@infarmid",,,,"3",,"2024-09-05T08:42:52.000Z",,,,,,,,,,,,,,,,,,,,"4dJ_Aobu6A0",,"475",,,,,,,,,,"Cara perbenyak bunga rosela dari batang","shorts","https://www.youtube.com/shorts/4dJ_Aobu6A0",,"12683",
,,"UChl0FvQJ5_1CmPCSzikU_Uw","infarm id","https://www.youtube.com/@infarmid",,,,"24",,"2024-09-19T15:53:26.000Z",,,,,,,,,,,,,,,,,,,,"cPTlSPaBkvw",,"1300",,,,,,,,,,"Resep racikan media tanam supaya jumbo jumbo","shorts","https://www.youtube.com/shorts/cPTlSPaBkvw",,"44413",
,,"UChl0FvQJ5_1CmPCSzikU_Uw","infarm id","https://www.youtube.com/@infarmid",,,,"19",,"2024-09-23T00:00:00.000Z",,,,,,,,,,,,,,,,,,,,"VZ8TisBx4A4",,"855",,,,,,,,,,"Nanam kangkung gak pakai tanah","shorts","https://www.youtube.com/shorts/VZ8TisBx4A4",,"21055",
,,"UChl0FvQJ5_1CmPCSzikU_Uw","infarm id","https://www.youtube.com/@infarmid",,,,"28",,"2024-10-07T04:35:52.000Z",,,,,,,,,,,,,,,,,,,,"9ZycM6Dl5Lg",,"550",,,,,,,,,,"Bikin hidroponik dari sampah galon","shorts","https://www.youtube.com/shorts/9ZycM6Dl5Lg",,"11383",
,,"UChl0FvQJ5_1CmPCSzikU_Uw","infarm id","https://www.youtube.com/@infarmid",,,,"29",,"2024-09-20T13:55:22.000Z",,,,,,,,,,,,,,,,,,,,"7xlAnUiAz88",,"1200",,,,,,,,,,"Jangan pakai media tanam asal asalan kalau tanamanmu gak mau mati","shorts","https://www.youtube.com/shorts/7xlAnUiAz88",,"42167",
,,"UChl0FvQJ5_1CmPCSzikU_Uw","infarm id","https://www.youtube.com/@infarmid",,,,"83",,"2024-09-01T15:23:19.000Z",,,,,,,,,,,,,,,,,,,,"VsN11QmJgLQ",,"1100",,,,,,,,,,"Nanam jagung ungu di dataran rendah","shorts","https://www.youtube.com/shorts/VsN11QmJgLQ",,"27432",
,,,"infarm id",,,,,"22",,"2024-09-21T14:25:30.000Z",,,,,,,,,,,,,,,,,,,,"kL3kvpNU-Ro",,"590",,,,,,,,,,"Nanam dirumah jadi lebih mudah semenjak ada pupuk ini #berkebun #garden","shorts","https://www.youtube.com/shorts/kL3kvpNU-Ro",,"19316",
,,"UChl0FvQJ5_1CmPCSzikU_Uw","infarm id","https://www.youtube.com/@infarmid",,,,"55",,"2024-09-23T00:00:00.000Z",,,,,,,,,,,,,,,,,,,,"Ziw5hU34_gs",,"4400",,,,,,,,,,"Cara ngompos dirumah pakai galon bekas","shorts","https://www.youtube.com/shorts/Ziw5hU34_gs",,"199136",
,,"UChl0FvQJ5_1CmPCSzikU_Uw","infarm id","https://www.youtube.com/@infarmid",,,,"22",,"2024-09-21T16:24:07.000Z",,,,,,,,,,,,,,,,,,,,"MU4whoyxZ2Y",,"1300",,,,,,,,,,"Tanaman yang bisa menghasilkan pupuk sendiri","shorts","https://www.youtube.com/shorts/MU4whoyxZ2Y",,"32902",
,,"UChl0FvQJ5_1CmPCSzikU_Uw","infarm id","https://www.youtube.com/@infarmid",,,,"0","false","2024-10-04T16:40:10.000Z",,"https://infarm.id/","https://infarm.id/","https://infarm.id/chat/infarmcs","https://infarm.id/chat/infarmcs","https://www.lazada.co.id/shop/infarmid","https://www.lazada.co.id/shop/infarmid","https://shopee.co.id/infarmofficialshop","https://shopee.co.id/infarmofficialshop","https://www.tokopedia.com/infarm","https://www.tokopedia.com/infarm","  / infarmkatalog  ","https://www.instagram.com/infarmkatalog/","  / infarm.id  ","https://www.instagram.com/infarm.id/","  / masbon.infarm  ","https://www.instagram.com/masbon.infarm/","01:00:15",,"QKbb5jJFvTw",,"15",,"364000",,,,,,"Support terus channel  Infarm
FOLLOW - SHARE - SUBSCRIBE

Artikel di : https://infarm.id/
Konsultasi Produk : https://infarm.id/chat/infarmcs

Belanja lewat
Lazada : https://www.lazada.co.id/shop/infarmid
Shopee : https://shopee.co.id/infarmofficialshop
https://www.tokopedia.com/infarm

Katalog di
  / infarmkatalog  

Follow Tips Berkebun di 
  / infarm.id  
  / masbon.infarm  ","https://i.ytimg.com/vi/QKbb5jJFvTw/hqdefault.jpg","infarm id sedang live sekarang!","stream","https://www.youtube.com/watch?v=QKbb5jJFvTw",,"1067",
"@Indonesia_garudaku","false",,,,"Ugzw-MvCwcbofF4IpSB4AaABAg","Kak bagi bagi pupuk gratis ke suskreber nya dong ya terutama ke aku 😅",,"1",,,,,,,,,,,,,,,,,,,,,"false",,,,,,"https://www.youtube.com/watch?v=vnHhtkmj8ag","4 days ago","0",,,,,"infarm id sedang live sekarang!","comment",,"vnHhtkmj8ag",,"1"
,,"UChl0FvQJ5_1CmPCSzikU_Uw","infarm id","https://www.youtube.com/@infarmid",,,,"123",,"2024-09-29T10:24:15.000Z",,,,,,,,,,,,,,,,,,,,"LNphvnAsQYY",,"1200",,,,,,,,,,"Di daerah kalian ini namanya bawang apa ?","shorts","https://www.youtube.com/shorts/LNphvnAsQYY",,"43702",
,,"UChl0FvQJ5_1CmPCSzikU_Uw","infarm id","https://www.youtube.com/@infarmid",,,,"36",,"2024-09-22T11:09:37.000Z",,,,,,,,,,,,,,,,,,,,"5byObiipk7s",,"923",,,,,,,,,,"Teknik unik untuk tanaman yang gak berbuah jadi berbuah lagi","shorts","https://www.youtube.com/shorts/5byObiipk7s",,"28473",
,,"UChl0FvQJ5_1CmPCSzikU_Uw","infarm id","https://www.youtube.com/@infarmid",,,,"50",,"2024-09-30T08:12:28.000Z",,,,,,,,,,,,,,,,,,,,"bvYj8Ra1xwM",,"1400",,,,,,,,,,"Tips buat hilangin rasa pahit pada sayuran","shorts","https://www.youtube.com/shorts/bvYj8Ra1xwM",,"29243",
