﻿"comments","facebookId","facebookUrl","feedbackId","inputUrl","likes","link","media/0/__isMedia","media/0/__typename","media/0/flexible_height_share_image","media/0/id","media/0/image/uri","media/0/large_share_image/height","media/0/large_share_image/uri","media/0/large_share_image/width","media/0/ocrText","media/0/owner/__typename","media/0/owner/cover_photo/photo/accessibility_caption","media/0/owner/cover_photo/photo/cover_image/uri","media/0/owner/cover_photo/photo/id","media/0/owner/id","media/0/thumbnail","media/0/url","pageName","postId","previewDescription","previewSource","previewTarget/__typename","previewTarget/article_author","previewTarget/external_url","previewTarget/id","previewTitle","shares","text","time","timestamp","topLevelUrl","url","user/id","user/name","user/profilePic","user/profileUrl"
"8","pfbid02oBEKsFc8cyY8pKTWDLwPheGNXk6qhjyVzq1Hkvebxk25QFfQKoXoPpafgqjMKNjl","https://www.facebook.com/profile.php?id=61558480822422","ZmVlZGJhY2s6MTIyMTQxNTQyODU2MjgyNjk0","https://www.facebook.com/profile.php?id=61558480822422","26","https://youtube.com/watch?v=jD0CSG94YIQ&si=Z_k4zwxVhVgyZBch","GenericAttachmentMedia","GenericAttachmentMedia",,"7396446317124774",,"261","https://external.fccu16-1.fna.fbcdn.net/emg1/v/t13/17629076921114546435?url=https%3A%2F%2Fi.ytimg.com%2Fvi%2FjD0CSG94YIQ%2Fmaxresdefault.jpg%3Fsqp%3D-oaymwEmCIAKENAF8quKqQMa8AEB-AH-CYAC0AWKAgwIABABGFYgcigbMA8%3D%26rs%3DAOn4CLDRXasQIB9nTkghZj9Nxx2NmEqrYw&fb_obo=1&utld=ytimg.com&stp=c0.5000x0.5000f_dst-jpg_flffffff_p500x261_q75&ccb=13-1&oh=06_Q3996ATorZAVFL7jgqeCH2UM9Mg0P6dWwJ4_tYUTEyIZ_hk&oe=66EAF498&_nc_sid=139b9a","500",,,,,,,"https://external.fccu16-1.fna.fbcdn.net/emg1/v/t13/17629076921114546435?url=https%3A%2F%2Fi.ytimg.com%2Fvi%2FjD0CSG94YIQ%2Fmaxresdefault.jpg%3Fsqp%3D-oaymwEmCIAKENAF8quKqQMa8AEB-AH-CYAC0AWKAgwIABABGFYgcigbMA8%3D%26rs%3DAOn4CLDRXasQIB9nTkghZj9Nxx2NmEqrYw&fb_obo=1&utld=ytimg.com&stp=c0.5000x0.5000f_dst-jpg_flffffff_p500x261_q75&ccb=13-1&oh=06_Q3996ATorZAVFL7jgqeCH2UM9Mg0P6dWwJ4_tYUTEyIZ_hk&oe=66EAF498&_nc_sid=139b9a",,"people","122141542856282694","#bintangasia #pertanian #petanimuda #buah #shortvideo #benihcitraasia #petanimilenial #benihunggul","youtube.com","ExternalUrl",,"https://youtube.com/watch?v=jD0CSG94YIQ&si=Z_k4zwxVhVgyZBch","226547524203272:122141542850282694","TANAM MELON LEONI MH F1, PANEN MELIMPAH...","6","LEONI MH F1
Melon Hibrida
Bentuk buah: bulat.
Berat per buah : 2,75 kg.
Warna daging buah : putih.
Umur panen (hst) : 54-55.
Tahan gemini virus.
Cocok dimusim hujan.","2024-09-16T21:17:58.000Z","1726521478","https://www.facebook.com/pfbid02oBEKsFc8cyY8pKTWDLwPheGNXk6qhjyVzq1Hkvebxk25QFfQKoXoPpafgqjMKNjl/posts/122141542856282694","https://www.facebook.com/permalink.php?story_fbid=pfbid033zxdZh6AewzUjTMxSqfKYpzgsqAYKGYDWR12zpMtwZWKPmE4npXToALLhEuVGxNwl&id=61558480822422","pfbid02oBEKsFc8cyY8pKTWDLwPheGNXk6qhjyVzq1Hkvebxk25QFfQKoXoPpafgqjMKNjl","Jefri Albutuni","https://scontent.fccu16-1.fna.fbcdn.net/v/t39.30808-1/459902787_122141472062282694_4349294198031617151_n.jpg?stp=cp0_dst-jpg_s40x40&_nc_cat=102&ccb=1-7&_nc_sid=0ecb9b&_nc_ohc=6Km3dFWCFQIQ7kNvgFDbaWn&_nc_ht=scontent.fccu16-1.fna&_nc_gid=AQSrr3nFhbxvcPhP-6hvxRe&oh=00_AYAPTNxpRY1A8MVAyG0JkiLMJ1uUe9SB6ylWw3Fyj4EEuA&oe=66EEEF86","https://www.facebook.com/people/Jefri-Albutuni/pfbid02oBEKsFc8cyY8pKTWDLwPheGNXk6qhjyVzq1Hkvebxk25QFfQKoXoPpafgqjMKNjl/"
"3","pfbid02oBEKsFc8cyY8pKTWDLwPheGNXk6qhjyVzq1Hkvebxk25QFfQKoXoPpafgqjMKNjl","https://www.facebook.com/profile.php?id=61558480822422","ZmVlZGJhY2s6MTIyMTQxNDcyMDU2MjgyNjk0","https://www.facebook.com/profile.php?id=61558480822422","33",,,"Photo",,"122141472056282694","https://scontent.fccu16-1.fna.fbcdn.net/v/t39.30808-6/459902787_122141472062282694_4349294198031617151_n.jpg?stp=dst-jpg_p526x296&_nc_cat=102&ccb=1-7&_nc_sid=6ee11a&_nc_ohc=6Km3dFWCFQIQ7kNvgFDbaWn&_nc_ht=scontent.fccu16-1.fna&_nc_gid=AQSrr3nFhbxvcPhP-6hvxRe&oh=00_AYDK727mDogi8HFrtFj0MEd1JDjgZWPIfn4g-aDP4qSxng&oe=66EEED61",,,,"May be an image of 5 people","User","No photo description available.","https://scontent.fccu16-1.fna.fbcdn.net/v/t39.30808-6/436305668_122101903118282694_7536817742135377867_n.jpg?stp=dst-jpg_p228x119&_nc_cat=104&ccb=1-7&_nc_sid=cc71e4&_nc_ohc=eYr0fSCzk8UQ7kNvgE9vR38&_nc_ht=scontent.fccu16-1.fna&_nc_gid=AQSrr3nFhbxvcPhP-6hvxRe&oh=00_AYB83NmF07Sf1FwqUjC8o9DwhmcF0jwQLEICuVVRMNY29g&oe=66EF0614","122101903124282694","pfbid02oBEKsFc8cyY8pKTWDLwPheGNXk6qhjyVzq1Hkvebxk25QFfQKoXoPpafgqjMKNjl","https://scontent.fccu16-1.fna.fbcdn.net/v/t39.30808-6/459902787_122141472062282694_4349294198031617151_n.jpg?stp=dst-jpg_p526x296&_nc_cat=102&ccb=1-7&_nc_sid=6ee11a&_nc_ohc=6Km3dFWCFQIQ7kNvgFDbaWn&_nc_ht=scontent.fccu16-1.fna&_nc_gid=AQSrr3nFhbxvcPhP-6hvxRe&oh=00_AYDK727mDogi8HFrtFj0MEd1JDjgZWPIfn4g-aDP4qSxng&oe=66EEED61","https://www.facebook.com/photo/?fbid=122141472056282694&set=a.122094132506282694","people","122141472056282694",,,,,,,,"0","","2024-09-16T11:50:53.000Z","1726487453","https://www.facebook.com/pfbid02oBEKsFc8cyY8pKTWDLwPheGNXk6qhjyVzq1Hkvebxk25QFfQKoXoPpafgqjMKNjl/posts/122141472056282694","https://www.facebook.com/permalink.php?story_fbid=122141472056282694&id=61558480822422&substory_index=2226200277749757","pfbid02oBEKsFc8cyY8pKTWDLwPheGNXk6qhjyVzq1Hkvebxk25QFfQKoXoPpafgqjMKNjl","Jefri Albutuni","https://scontent.fccu16-1.fna.fbcdn.net/v/t39.30808-1/459902787_122141472062282694_4349294198031617151_n.jpg?stp=cp0_dst-jpg_s40x40&_nc_cat=102&ccb=1-7&_nc_sid=0ecb9b&_nc_ohc=6Km3dFWCFQIQ7kNvgFDbaWn&_nc_ht=scontent.fccu16-1.fna&_nc_gid=AQSrr3nFhbxvcPhP-6hvxRe&oh=00_AYAPTNxpRY1A8MVAyG0JkiLMJ1uUe9SB6ylWw3Fyj4EEuA&oe=66EEEF86","https://www.facebook.com/people/Jefri-Albutuni/pfbid02oBEKsFc8cyY8pKTWDLwPheGNXk6qhjyVzq1Hkvebxk25QFfQKoXoPpafgqjMKNjl/"
