﻿"channelAvatarUrl","channelBannerUrl","channelDescription","channelId","channelJoinedDate","channelLocation","channelName","channelTotalVideos","channelTotalViews","channelUrl","comments","commentsCount","date","descriptionLinks","duration","fromYTUrl","id","input","inputChannelUrl","isAgeRestricted","isChannelVerified","isMonetized","likes","note","numberOfSubscribers","order","subtitles","text","thumbnailUrl","title","type","url","viewCount"
,,,,,,,,,,,,,,,,,"https://www.youtube.com/@Jefribintangasia/videos",,,,,,"The channel has no live videos.",,,,,,,,"https://www.youtube.com/@Jefribintangasia/about",
"https://yt3.googleusercontent.com/VOmsT_3jZEugqpNxvNZ5q98NlClrmClLCxJgUMdnKVj5_zDVsaVdJAVRXwu6yMmVoCscWfL-Ick=s160-c-k-c0x00ffffff-no-rj","https://yt3.googleusercontent.com/7Qv-Puk_ZxhltNuR5nuSOk0PVt5CrwsMkGljJzsSu8LpVQz1Uf27hxlU9gfhiPFskW1iE4Ws5IU=w2560-fcrop64=1,00005a57ffffa5a8-k-c0xffffffff-no-nd-rj",,"UCwdhX_B2f7bKw1N4Nnn6z5A","Apr 24, 2024",,"Jefri bintang asia","17","3277","https://www.youtube.com/channel/UCwdhX_B2f7bKw1N4Nnn6z5A",,"6","2024-09-05T00:00:00.000Z",,,"https://www.youtube.com/@Jefribintangasia/shorts","Bp2lFAVyMfY",,"https://www.youtube.com/@Jefribintangasia/videos","false","false",,"18",,"90","0",,,"https://i.ytimg.com/vi/Bp2lFAVyMfY/oar2.jpg?sqp=-oaymwEdCJUDENAFSFWQAgHyq4qpAwwIARUAAIhCcAHAAQY=&rs=AOn4CLAK06ve9IV2LwfsGAqvYEJNM7awwA","Daun bawang BAHANA #pertanian #daunbawang #bintangasia #sayur","shorts","https://www.youtube.com/shorts/Bp2lFAVyMfY","541"
"https://yt3.googleusercontent.com/VOmsT_3jZEugqpNxvNZ5q98NlClrmClLCxJgUMdnKVj5_zDVsaVdJAVRXwu6yMmVoCscWfL-Ick=s160-c-k-c0x00ffffff-no-rj","https://yt3.googleusercontent.com/7Qv-Puk_ZxhltNuR5nuSOk0PVt5CrwsMkGljJzsSu8LpVQz1Uf27hxlU9gfhiPFskW1iE4Ws5IU=w2560-fcrop64=1,00005a57ffffa5a8-k-c0xffffffff-no-nd-rj",,"UCwdhX_B2f7bKw1N4Nnn6z5A","Apr 24, 2024",,"Jefri bintang asia","17","3277","https://www.youtube.com/channel/UCwdhX_B2f7bKw1N4Nnn6z5A",,"0","2024-04-25T00:00:00.000Z",,,"https://www.youtube.com/@Jefribintangasia/shorts","QV_44H0s8t8",,"https://www.youtube.com/@Jefribintangasia/videos","false","false",,"2",,"90","4",,,"https://i.ytimg.com/vi/QV_44H0s8t8/oar2.jpg","26 April 2024","shorts","https://www.youtube.com/shorts/QV_44H0s8t8","211"
"https://yt3.googleusercontent.com/VOmsT_3jZEugqpNxvNZ5q98NlClrmClLCxJgUMdnKVj5_zDVsaVdJAVRXwu6yMmVoCscWfL-Ick=s160-c-k-c0x00ffffff-no-rj","https://yt3.googleusercontent.com/7Qv-Puk_ZxhltNuR5nuSOk0PVt5CrwsMkGljJzsSu8LpVQz1Uf27hxlU9gfhiPFskW1iE4Ws5IU=w2560-fcrop64=1,00005a57ffffa5a8-k-c0xffffffff-no-nd-rj",,"UCwdhX_B2f7bKw1N4Nnn6z5A","Apr 24, 2024",,"Jefri bintang asia","17","3277","https://www.youtube.com/channel/UCwdhX_B2f7bKw1N4Nnn6z5A",,"0","2024-08-24T00:00:00.000Z",,,"https://www.youtube.com/@Jefribintangasia/shorts","n4OHLwowk6Y",,"https://www.youtube.com/@Jefribintangasia/videos","false","false",,"11",,"90","2",,,"https://i.ytimg.com/vi/n4OHLwowk6Y/oar2.jpg?sqp=-oaymwEdCJUDENAFSFWQAgHyq4qpAwwIARUAAIhCcAHAAQY=&rs=AOn4CLDK1G8nGs96W30QWeQjJphHHViiuA","Tanam 1 pouch hasil melimpah #petanimuda #pertanian #petani #tomato #tomato #bintangasia","shorts","https://www.youtube.com/shorts/n4OHLwowk6Y","508"
"https://yt3.googleusercontent.com/VOmsT_3jZEugqpNxvNZ5q98NlClrmClLCxJgUMdnKVj5_zDVsaVdJAVRXwu6yMmVoCscWfL-Ick=s160-c-k-c0x00ffffff-no-rj","https://yt3.googleusercontent.com/7Qv-Puk_ZxhltNuR5nuSOk0PVt5CrwsMkGljJzsSu8LpVQz1Uf27hxlU9gfhiPFskW1iE4Ws5IU=w2560-fcrop64=1,00005a57ffffa5a8-k-c0xffffffff-no-nd-rj",,"UCwdhX_B2f7bKw1N4Nnn6z5A","Apr 24, 2024",,"Jefri bintang asia","17","3277","https://www.youtube.com/channel/UCwdhX_B2f7bKw1N4Nnn6z5A",,"0","2024-05-18T00:00:00.000Z",,,"https://www.youtube.com/@Jefribintangasia/shorts","udgD8QXCDQE",,"https://www.youtube.com/@Jefribintangasia/videos","false","false",,"3",,"90","3",,,"https://i.ytimg.com/vi/udgD8QXCDQE/oar2.jpg?sqp=-oaymwEdCJUDENAFSFWQAgHyq4qpAwwIARUAAIhCcAHAAQY=&rs=AOn4CLDYCEKQnkTgBjIpiNIwyuf0dcHZ1w","#music #cover","shorts","https://www.youtube.com/shorts/udgD8QXCDQE","26"
"https://yt3.googleusercontent.com/VOmsT_3jZEugqpNxvNZ5q98NlClrmClLCxJgUMdnKVj5_zDVsaVdJAVRXwu6yMmVoCscWfL-Ick=s160-c-k-c0x00ffffff-no-rj","https://yt3.googleusercontent.com/7Qv-Puk_ZxhltNuR5nuSOk0PVt5CrwsMkGljJzsSu8LpVQz1Uf27hxlU9gfhiPFskW1iE4Ws5IU=w2560-fcrop64=1,00005a57ffffa5a8-k-c0xffffffff-no-nd-rj",,"UCwdhX_B2f7bKw1N4Nnn6z5A","Apr 24, 2024",,"Jefri bintang asia","17","3277","https://www.youtube.com/channel/UCwdhX_B2f7bKw1N4Nnn6z5A",,"2","2024-08-29T00:00:00.000Z",,,"https://www.youtube.com/@Jefribintangasia/shorts","BTRPu42m2Qc",,"https://www.youtube.com/@Jefribintangasia/videos","false","false",,"14",,"90","1",,,"https://i.ytimg.com/vi/BTRPu42m2Qc/oar2.jpg?sqp=-oaymwEdCJUDENAFSFWQAgHyq4qpAwwIARUAAIhCcAHAAQY=&rs=AOn4CLB1ZftpqHVN_EKKcEMAppilH8L6yw","KUBIS COMPACT 22             #kubishort #kubis #bintangasia                   #buton","shorts","https://www.youtube.com/shorts/BTRPu42m2Qc","608"
