﻿"channelAvatarUrl","channelBannerUrl","channelDescription","channelId","channelJoinedDate","channelLocation","channelName","channelTotalVideos","channelTotalViews","channelUrl","comments","commentsCount","commentsTurnedOff","date","descriptionLinks","duration","fromYTUrl","id","input","inputChannelUrl","isAgeRestricted","isChannelVerified","isMonetized","likes","location","note","numberOfSubscribers","order","subtitles","text","thumbnailUrl","title","type","url","viewCount"
,,,,,,,,,,,,,,,,,,"https://www.youtube.com/@nrllhardianti1111/shorts",,,,,,,"The channel has no live videos.",,,,,,,,"https://www.youtube.com/@nrllhardianti1111/about",
"https://yt3.googleusercontent.com/dOVVW_3ULLcifZxZvyC25RszUx4gNNedcY66K-4Qk78RLX68o7j9KpRR1mDJjjEl2nf5_4eQiA=s160-c-k-c0x00ffffff-no-rj","https://yt3.googleusercontent.com/iB-9nhCN05P69bZt-O4NhGK9CYcQG08boKAfgB3dhH6dejPN4ecHSFyjTlXgtyoBxm-bPW2kSA=w2560-fcrop64=1,00005a57ffffa5a8-k-c0xffffffff-no-nd-rj",,"UCZpCM2RFMCrzWAtn0PGx1Iw","Jul 15, 2020",,"Nrll Hardianti Bintang Asia","21","5389","https://www.youtube.com/channel/UCZpCM2RFMCrzWAtn0PGx1Iw",,"1",,"2024-09-11T11:26:05.000Z",,,"https://www.youtube.com/@nrllhardianti1111/shorts","ya7G7BzAUxk",,"https://www.youtube.com/@nrllhardianti1111/shorts","false","false",,"8",,,"58","2",,,"https://i.ytimg.com/vi/ya7G7BzAUxk/oar2.jpg?sqp=-oaymwEqCJUDENAFSFqQAgHyq4qpAxkIARUAAIhC2AEB4gEMCBwQAhgGIAE4AUAB&rs=AOn4CLC-Lu6YKXxb3h3lLwkRG6vjPZ98GQ","Mengenal Tomat Varietas Citra Asia F1 Produksi PT Benih Citra Asia..  #pertanian #buah","shorts","https://www.youtube.com/shorts/ya7G7BzAUxk","437"
"https://yt3.googleusercontent.com/dOVVW_3ULLcifZxZvyC25RszUx4gNNedcY66K-4Qk78RLX68o7j9KpRR1mDJjjEl2nf5_4eQiA=s160-c-k-c0x00ffffff-no-rj","https://yt3.googleusercontent.com/iB-9nhCN05P69bZt-O4NhGK9CYcQG08boKAfgB3dhH6dejPN4ecHSFyjTlXgtyoBxm-bPW2kSA=w2560-fcrop64=1,00005a57ffffa5a8-k-c0xffffffff-no-nd-rj",,"UCZpCM2RFMCrzWAtn0PGx1Iw","Jul 15, 2020",,"Nrll Hardianti Bintang Asia","21","5389","https://www.youtube.com/channel/UCZpCM2RFMCrzWAtn0PGx1Iw",,"0",,"2024-09-18T13:04:12.000Z",,,"https://www.youtube.com/@nrllhardianti1111/shorts","_d4pZ0CXsLA",,"https://www.youtube.com/@nrllhardianti1111/shorts","false","false",,"4",,,"58","0",,,"https://i.ytimg.com/vi/_d4pZ0CXsLA/oar2.jpg?sqp=-oaymwEqCJUDENAFSFqQAgHyq4qpAxkIARUAAIhC2AEB4gEMCBwQAhgGIAE4AUAB&rs=AOn4CLCg3TanwLJuK6orSzsLTRkB_MOl-A","Semangka Diva F1 Produksi PT.Benih Citra Asia","shorts","https://www.youtube.com/shorts/_d4pZ0CXsLA","59"
"https://yt3.googleusercontent.com/dOVVW_3ULLcifZxZvyC25RszUx4gNNedcY66K-4Qk78RLX68o7j9KpRR1mDJjjEl2nf5_4eQiA=s160-c-k-c0x00ffffff-no-rj","https://yt3.googleusercontent.com/iB-9nhCN05P69bZt-O4NhGK9CYcQG08boKAfgB3dhH6dejPN4ecHSFyjTlXgtyoBxm-bPW2kSA=w2560-fcrop64=1,00005a57ffffa5a8-k-c0xffffffff-no-nd-rj",,"UCZpCM2RFMCrzWAtn0PGx1Iw","Jul 15, 2020",,"Nrll Hardianti Bintang Asia","21","5389","https://www.youtube.com/channel/UCZpCM2RFMCrzWAtn0PGx1Iw",,"4",,"2024-09-11T12:52:37.000Z",,,"https://www.youtube.com/@nrllhardianti1111/shorts","5SHVVVvEzfk",,"https://www.youtube.com/@nrllhardianti1111/shorts","false","false",,"5",,,"58","1",,,"https://i.ytimg.com/vi/5SHVVVvEzfk/oar2.jpg?sqp=-oaymwEqCJUDENAFSFqQAgHyq4qpAxkIARUAAIhC2AEB4gEMCBwQAhgGIAE4AUAB&rs=AOn4CLDrtWoQeXLqNqYO8nhNm7hsyxqdBA","Tomat Varietas Natavi F1 produksi PT. Benih Citra Asia menjadi rekomendasi petani dataran tinggi","shorts","https://www.youtube.com/shorts/5SHVVVvEzfk","465"
"https://yt3.googleusercontent.com/dOVVW_3ULLcifZxZvyC25RszUx4gNNedcY66K-4Qk78RLX68o7j9KpRR1mDJjjEl2nf5_4eQiA=s160-c-k-c0x00ffffff-no-rj","https://yt3.googleusercontent.com/iB-9nhCN05P69bZt-O4NhGK9CYcQG08boKAfgB3dhH6dejPN4ecHSFyjTlXgtyoBxm-bPW2kSA=w2560-fcrop64=1,00005a57ffffa5a8-k-c0xffffffff-no-nd-rj",,"UCZpCM2RFMCrzWAtn0PGx1Iw","Jul 15, 2020",,"Nrll Hardianti Bintang Asia","21","5389","https://www.youtube.com/channel/UCZpCM2RFMCrzWAtn0PGx1Iw",,"8",,"2024-09-09T00:00:00.000Z",,,"https://www.youtube.com/@nrllhardianti1111/shorts","V6kP6P3NGdQ",,"https://www.youtube.com/@nrllhardianti1111/shorts","false","false",,"4",,,"58","3",,,"https://i.ytimg.com/vi/V6kP6P3NGdQ/oar2.jpg?sqp=-oaymwEqCJUDENAFSFqQAgHyq4qpAxkIARUAAIhC2AEB4gEMCBwQAhgGIAE4AUAB&rs=AOn4CLCLQqbMeq8GZBfoPK7NcYKB5JM82Q","CMB Megatop  Produksi PT.Benih Citra Asia","shorts","https://www.youtube.com/shorts/V6kP6P3NGdQ","70"
"https://yt3.googleusercontent.com/dOVVW_3ULLcifZxZvyC25RszUx4gNNedcY66K-4Qk78RLX68o7j9KpRR1mDJjjEl2nf5_4eQiA=s160-c-k-c0x00ffffff-no-rj","https://yt3.googleusercontent.com/iB-9nhCN05P69bZt-O4NhGK9CYcQG08boKAfgB3dhH6dejPN4ecHSFyjTlXgtyoBxm-bPW2kSA=w2560-fcrop64=1,00005a57ffffa5a8-k-c0xffffffff-no-nd-rj",,"UCZpCM2RFMCrzWAtn0PGx1Iw","Jul 15, 2020",,"Nrll Hardianti Bintang Asia","21","5389","https://www.youtube.com/channel/UCZpCM2RFMCrzWAtn0PGx1Iw",,"6",,"2024-09-09T00:00:00.000Z",,,"https://www.youtube.com/@nrllhardianti1111/shorts","yELxc30ZpOs",,"https://www.youtube.com/@nrllhardianti1111/shorts","false","false",,"11",,,"58","4",,,"https://i.ytimg.com/vi/yELxc30ZpOs/oar2.jpg?sqp=-oaymwEqCJUDENAFSFqQAgHyq4qpAxkIARUAAIhC2AEB4gEMCBwQAhgGIAE4AUAB&rs=AOn4CLBeIqWBrPCyHjWjesI1Mr-UIho-lw","Bersama Petanni dari Desa bolaromang panen Buncis Tewe Produksi PT.Benih Citra Asia","shorts","https://www.youtube.com/shorts/yELxc30ZpOs","346"
"https://yt3.googleusercontent.com/dOVVW_3ULLcifZxZvyC25RszUx4gNNedcY66K-4Qk78RLX68o7j9KpRR1mDJjjEl2nf5_4eQiA=s160-c-k-c0x00ffffff-no-rj","https://yt3.googleusercontent.com/iB-9nhCN05P69bZt-O4NhGK9CYcQG08boKAfgB3dhH6dejPN4ecHSFyjTlXgtyoBxm-bPW2kSA=w2560-fcrop64=1,00005a57ffffa5a8-k-c0xffffffff-no-nd-rj",,"UCZpCM2RFMCrzWAtn0PGx1Iw","Jul 15, 2020",,"Nrll Hardianti Bintang Asia","21","5389","https://www.youtube.com/channel/UCZpCM2RFMCrzWAtn0PGx1Iw",,"0","false","2024-09-20T07:56:51.000Z",,"00:01:18","https://www.youtube.com/@nrllhardianti1111/videos","Lk2VzMzcRvo",,"https://www.youtube.com/@nrllhardianti1111/shorts","false","false",,"3",,,"58",,,"","https://i.ytimg.com/vi/Lk2VzMzcRvo/maxresdefault.jpg?sqp=-oaymwEmCIAKENAF8quKqQMa8AEB-AG2CIACgA-KAgwIABABGFIgZSg9MA8=&rs=AOn4CLBEd65y2-X3YD-Mw2Ah6_FBAi-NGA","Madrid F1 Semangka Non Biji Produksi PT.Benih Citra Asia","video","https://www.youtube.com/watch?v=Lk2VzMzcRvo","168"
"https://yt3.googleusercontent.com/dOVVW_3ULLcifZxZvyC25RszUx4gNNedcY66K-4Qk78RLX68o7j9KpRR1mDJjjEl2nf5_4eQiA=s160-c-k-c0x00ffffff-no-rj","https://yt3.googleusercontent.com/iB-9nhCN05P69bZt-O4NhGK9CYcQG08boKAfgB3dhH6dejPN4ecHSFyjTlXgtyoBxm-bPW2kSA=w2560-fcrop64=1,00005a57ffffa5a8-k-c0xffffffff-no-nd-rj",,"UCZpCM2RFMCrzWAtn0PGx1Iw","Jul 15, 2020",,"Nrll Hardianti Bintang Asia","21","5389","https://www.youtube.com/channel/UCZpCM2RFMCrzWAtn0PGx1Iw",,"4","false","2024-09-11T12:56:29.000Z",,"00:01:57","https://www.youtube.com/@nrllhardianti1111/videos","CdbZad8ft3A",,"https://www.youtube.com/@nrllhardianti1111/shorts","false","false",,"5",,,"58",,,"","https://i.ytimg.com/vi/CdbZad8ft3A/maxresdefault.jpg?sqp=-oaymwEmCIAKENAF8quKqQMa8AEB-AG2CIACgA-KAgwIABABGEsgVShlMA8=&rs=AOn4CLCgx-AQMaDq0t6CxwZC-dTbAzE-xA","Rekomendasi untuk petani Dataran Tinggi Tomat Natavi F1 Produksi PT Benih Citra Asia","video","https://www.youtube.com/watch?v=CdbZad8ft3A","88"
"https://yt3.googleusercontent.com/dOVVW_3ULLcifZxZvyC25RszUx4gNNedcY66K-4Qk78RLX68o7j9KpRR1mDJjjEl2nf5_4eQiA=s160-c-k-c0x00ffffff-no-rj","https://yt3.googleusercontent.com/iB-9nhCN05P69bZt-O4NhGK9CYcQG08boKAfgB3dhH6dejPN4ecHSFyjTlXgtyoBxm-bPW2kSA=w2560-fcrop64=1,00005a57ffffa5a8-k-c0xffffffff-no-nd-rj",,"UCZpCM2RFMCrzWAtn0PGx1Iw","Jul 15, 2020",,"Nrll Hardianti Bintang Asia","21","5389","https://www.youtube.com/channel/UCZpCM2RFMCrzWAtn0PGx1Iw",,"3",,"2024-09-08T00:20:01.000Z",,,"https://www.youtube.com/@nrllhardianti1111/shorts","g4NdOaGFx1w",,"https://www.youtube.com/@nrllhardianti1111/shorts","false","false",,"14",,,"58","5",,,"https://i.ytimg.com/vi/g4NdOaGFx1w/oar2.jpg?sqp=-oaymwEqCJUDENAFSFqQAgHyq4qpAxkIARUAAIhC2AEB4gEMCBwQAhgGIAE4AUAB&rs=AOn4CLAm4S2XMMDBmMrD6PMzxBuFsYwxmg","Peforma Tomat Natama Super F1 Produksi PT.Benih Citra Asia Di  Dataran Tinggi Kab. Gowa","shorts","https://www.youtube.com/shorts/g4NdOaGFx1w","484"
"https://yt3.googleusercontent.com/dOVVW_3ULLcifZxZvyC25RszUx4gNNedcY66K-4Qk78RLX68o7j9KpRR1mDJjjEl2nf5_4eQiA=s160-c-k-c0x00ffffff-no-rj","https://yt3.googleusercontent.com/iB-9nhCN05P69bZt-O4NhGK9CYcQG08boKAfgB3dhH6dejPN4ecHSFyjTlXgtyoBxm-bPW2kSA=w2560-fcrop64=1,00005a57ffffa5a8-k-c0xffffffff-no-nd-rj",,"UCZpCM2RFMCrzWAtn0PGx1Iw","Jul 15, 2020",,"Nrll Hardianti Bintang Asia","21","5389","https://www.youtube.com/channel/UCZpCM2RFMCrzWAtn0PGx1Iw",,"1","false","2024-09-13T04:15:38.000Z",,"00:01:09","https://www.youtube.com/@nrllhardianti1111/videos","hw2Na7F6z1o",,"https://www.youtube.com/@nrllhardianti1111/shorts","false","false",,"4",,,"58",,,"Lokasi Pertama Tewe F1","https://i.ytimg.com/vi/hw2Na7F6z1o/maxresdefault.jpg?sqp=-oaymwEmCIAKENAF8quKqQMa8AEB-AG2CIACgA-KAgwIABABGGUgZShlMA8=&rs=AOn4CLDikZuT0rsGAm6T9vQ_Cj8KO6nNoQ","Visit lahan petani Buncis tomat dan kubis","video","https://www.youtube.com/watch?v=hw2Na7F6z1o","19"
"https://yt3.googleusercontent.com/dOVVW_3ULLcifZxZvyC25RszUx4gNNedcY66K-4Qk78RLX68o7j9KpRR1mDJjjEl2nf5_4eQiA=s160-c-k-c0x00ffffff-no-rj","https://yt3.googleusercontent.com/iB-9nhCN05P69bZt-O4NhGK9CYcQG08boKAfgB3dhH6dejPN4ecHSFyjTlXgtyoBxm-bPW2kSA=w2560-fcrop64=1,00005a57ffffa5a8-k-c0xffffffff-no-nd-rj",,"UCZpCM2RFMCrzWAtn0PGx1Iw","Jul 15, 2020",,"Nrll Hardianti Bintang Asia","21","5389","https://www.youtube.com/channel/UCZpCM2RFMCrzWAtn0PGx1Iw",,"0",,"2024-09-06T00:00:00.000Z",,,"https://www.youtube.com/@nrllhardianti1111/shorts","OJM2vl6n1mY",,"https://www.youtube.com/@nrllhardianti1111/shorts","false","false",,"4",,,"58","7",,,"https://i.ytimg.com/vi/OJM2vl6n1mY/oar2.jpg?sqp=-oaymwEqCJUDENAFSFqQAgHyq4qpAxkIARUAAIhC2AEB4gEMCBwQAhgGIAE4AUAB&rs=AOn4CLCbyg2dIqe-VCS3Md04X1qJIdqLBg","Yuk Kenalam dengan Tomat Varietas Topan F1 Tipe Determinate🍅 Produksi PT Benih Citra Asia💚","shorts","https://www.youtube.com/shorts/OJM2vl6n1mY","483"
"https://yt3.googleusercontent.com/dOVVW_3ULLcifZxZvyC25RszUx4gNNedcY66K-4Qk78RLX68o7j9KpRR1mDJjjEl2nf5_4eQiA=s160-c-k-c0x00ffffff-no-rj","https://yt3.googleusercontent.com/iB-9nhCN05P69bZt-O4NhGK9CYcQG08boKAfgB3dhH6dejPN4ecHSFyjTlXgtyoBxm-bPW2kSA=w2560-fcrop64=1,00005a57ffffa5a8-k-c0xffffffff-no-nd-rj",,"UCZpCM2RFMCrzWAtn0PGx1Iw","Jul 15, 2020",,"Nrll Hardianti Bintang Asia","21","5389","https://www.youtube.com/channel/UCZpCM2RFMCrzWAtn0PGx1Iw",,"2",,"2024-09-07T13:01:28.000Z",,,"https://www.youtube.com/@nrllhardianti1111/shorts","OqnoCdDSP5c",,"https://www.youtube.com/@nrllhardianti1111/shorts","false","false",,"6",,,"58","6",,,"https://i.ytimg.com/vi/OqnoCdDSP5c/oar2.jpg?sqp=-oaymwEqCJUDENAFSFqQAgHyq4qpAxkIARUAAIhC2AEB4gEMCBwQAhgGIAE4AUAB&rs=AOn4CLD4VmzlmgEBEU3ewQDJRO-rJlFQQw","Tomat Natavi  F1","shorts","https://www.youtube.com/shorts/OqnoCdDSP5c","96"
"https://yt3.googleusercontent.com/dOVVW_3ULLcifZxZvyC25RszUx4gNNedcY66K-4Qk78RLX68o7j9KpRR1mDJjjEl2nf5_4eQiA=s160-c-k-c0x00ffffff-no-rj","https://yt3.googleusercontent.com/iB-9nhCN05P69bZt-O4NhGK9CYcQG08boKAfgB3dhH6dejPN4ecHSFyjTlXgtyoBxm-bPW2kSA=w2560-fcrop64=1,00005a57ffffa5a8-k-c0xffffffff-no-nd-rj",,"UCZpCM2RFMCrzWAtn0PGx1Iw","Jul 15, 2020",,"Nrll Hardianti Bintang Asia","21","5389","https://www.youtube.com/channel/UCZpCM2RFMCrzWAtn0PGx1Iw",,"16","false","2024-09-13T04:47:13.000Z",,"00:01:25","https://www.youtube.com/@nrllhardianti1111/videos","ccsZ5xgyq04",,"https://www.youtube.com/@nrllhardianti1111/shorts","false","false",,"8",,,"58",,,"Ngeeriii buah tomat dengan produksi yang tinggi","https://i.ytimg.com/vi/ccsZ5xgyq04/maxresdefault.jpg?sqp=-oaymwEmCIAKENAF8quKqQMa8AEB-AG2CIACgA-KAgwIABABGFYgXShlMA8=&rs=AOn4CLA2Ui295AGzexucSanWcRMKJWK_Zw","Tomat Vitalia F1 produksi PT.Benih Citra Asia","video","https://www.youtube.com/watch?v=ccsZ5xgyq04","63"
"https://yt3.googleusercontent.com/dOVVW_3ULLcifZxZvyC25RszUx4gNNedcY66K-4Qk78RLX68o7j9KpRR1mDJjjEl2nf5_4eQiA=s160-c-k-c0x00ffffff-no-rj","https://yt3.googleusercontent.com/iB-9nhCN05P69bZt-O4NhGK9CYcQG08boKAfgB3dhH6dejPN4ecHSFyjTlXgtyoBxm-bPW2kSA=w2560-fcrop64=1,00005a57ffffa5a8-k-c0xffffffff-no-nd-rj",,"UCZpCM2RFMCrzWAtn0PGx1Iw","Jul 15, 2020",,"Nrll Hardianti Bintang Asia","21","5389","https://www.youtube.com/channel/UCZpCM2RFMCrzWAtn0PGx1Iw",,"2",,"2024-09-05T06:14:23.000Z",,,"https://www.youtube.com/@nrllhardianti1111/shorts","XZIkJaMv1jc",,"https://www.youtube.com/@nrllhardianti1111/shorts","false","false",,"5",,,"58","8",,,"https://i.ytimg.com/vi/XZIkJaMv1jc/oar2.jpg?sqp=-oaymwEqCJUDENAFSFqQAgHyq4qpAxkIARUAAIhC2AEB4gEMCBwQAhgGIAE4AUAB&rs=AOn4CLAmwzR7I6NQ0A7vWiYy-hwKFQITnQ","Bintang Asia selalu hadir untuk menebar senyum bersama petani👏","shorts","https://www.youtube.com/shorts/XZIkJaMv1jc","544"
"https://yt3.googleusercontent.com/dOVVW_3ULLcifZxZvyC25RszUx4gNNedcY66K-4Qk78RLX68o7j9KpRR1mDJjjEl2nf5_4eQiA=s160-c-k-c0x00ffffff-no-rj","https://yt3.googleusercontent.com/iB-9nhCN05P69bZt-O4NhGK9CYcQG08boKAfgB3dhH6dejPN4ecHSFyjTlXgtyoBxm-bPW2kSA=w2560-fcrop64=1,00005a57ffffa5a8-k-c0xffffffff-no-nd-rj",,"UCZpCM2RFMCrzWAtn0PGx1Iw","Jul 15, 2020",,"Nrll Hardianti Bintang Asia","21","5389","https://www.youtube.com/channel/UCZpCM2RFMCrzWAtn0PGx1Iw",,"2",,"2024-09-04T00:00:00.000Z",,,"https://www.youtube.com/@nrllhardianti1111/shorts","BGsNR1GBEyY",,"https://www.youtube.com/@nrllhardianti1111/shorts","false","false",,"12",,,"58","9",,,"https://i.ytimg.com/vi/BGsNR1GBEyY/oar2.jpg?sqp=-oaymwEqCJUDENAFSFqQAgHyq4qpAxkIARUAAIhC2AEB4gEMCBwQAhgGIAE4AUAB&rs=AOn4CLBNJVkwjnUujlmRY4Igg5M9u1U_yw","Kubis Varietas  Compact 11 Produksi PT.Benih Citra Asia😊✅","shorts","https://www.youtube.com/shorts/BGsNR1GBEyY","608"
"https://yt3.googleusercontent.com/dOVVW_3ULLcifZxZvyC25RszUx4gNNedcY66K-4Qk78RLX68o7j9KpRR1mDJjjEl2nf5_4eQiA=s160-c-k-c0x00ffffff-no-rj","https://yt3.googleusercontent.com/iB-9nhCN05P69bZt-O4NhGK9CYcQG08boKAfgB3dhH6dejPN4ecHSFyjTlXgtyoBxm-bPW2kSA=w2560-fcrop64=1,00005a57ffffa5a8-k-c0xffffffff-no-nd-rj",,"UCZpCM2RFMCrzWAtn0PGx1Iw","Jul 15, 2020",,"Nrll Hardianti Bintang Asia","21","5389","https://www.youtube.com/channel/UCZpCM2RFMCrzWAtn0PGx1Iw",,"0","true","2024-09-10T11:55:21.000Z",,"00:06:51","https://www.youtube.com/@nrllhardianti1111/videos","xtdJUFTBu_k",,"https://www.youtube.com/@nrllhardianti1111/shorts","false","false",,"4",,,"58",,,"","https://i.ytimg.com/vi/xtdJUFTBu_k/hqdefault.jpg?sqp=-oaymwEmCOADEOgC8quKqQMa8AEB-AGIAoAC4AOKAgwIABABGF8gZShHMA8=&rs=AOn4CLB5RQQFQfm3LjKC72s69Kj6yxpEdg","Mengenal Tomat Topan F1 dan Natavi F1 Produksi PT Benih Citra Asia Di Dataran Tinggi Kabupaten Gowa","video","https://www.youtube.com/watch?v=xtdJUFTBu_k","59"
"https://yt3.googleusercontent.com/dOVVW_3ULLcifZxZvyC25RszUx4gNNedcY66K-4Qk78RLX68o7j9KpRR1mDJjjEl2nf5_4eQiA=s160-c-k-c0x00ffffff-no-rj","https://yt3.googleusercontent.com/iB-9nhCN05P69bZt-O4NhGK9CYcQG08boKAfgB3dhH6dejPN4ecHSFyjTlXgtyoBxm-bPW2kSA=w2560-fcrop64=1,00005a57ffffa5a8-k-c0xffffffff-no-nd-rj",,"UCZpCM2RFMCrzWAtn0PGx1Iw","Jul 15, 2020",,"Nrll Hardianti Bintang Asia","21","5389","https://www.youtube.com/channel/UCZpCM2RFMCrzWAtn0PGx1Iw",,"2",,"2024-09-03T10:51:34.000Z",,,"https://www.youtube.com/@nrllhardianti1111/shorts","-SGioMoIsZo",,"https://www.youtube.com/@nrllhardianti1111/shorts","false","false",,"5",,,"58","10",,,"https://i.ytimg.com/vi/-SGioMoIsZo/oardefault.jpg?sqp=-oaymwEqCJUDENAFSFqQAgHyq4qpAxkIARUAAIhC2AEB4gEMCBwQAhgGIAE4AUAB&rs=AOn4CLAj8IGYPO_Pf-K2E7WGBPogNUrZdw","Tomat Vitalia F1 , Buncis Tewe di Kecamatan Tombolo Pao... Produksi PT.Benih Citra Asia","shorts","https://www.youtube.com/shorts/-SGioMoIsZo","257"
"https://yt3.googleusercontent.com/dOVVW_3ULLcifZxZvyC25RszUx4gNNedcY66K-4Qk78RLX68o7j9KpRR1mDJjjEl2nf5_4eQiA=s160-c-k-c0x00ffffff-no-rj","https://yt3.googleusercontent.com/iB-9nhCN05P69bZt-O4NhGK9CYcQG08boKAfgB3dhH6dejPN4ecHSFyjTlXgtyoBxm-bPW2kSA=w2560-fcrop64=1,00005a57ffffa5a8-k-c0xffffffff-no-nd-rj",,"UCZpCM2RFMCrzWAtn0PGx1Iw","Jul 15, 2020",,"Nrll Hardianti Bintang Asia","21","5389","https://www.youtube.com/channel/UCZpCM2RFMCrzWAtn0PGx1Iw",,"0",,"2024-09-03T01:43:47.000Z",,,"https://www.youtube.com/@nrllhardianti1111/shorts","r6aJ8KLspKc",,"https://www.youtube.com/@nrllhardianti1111/shorts","false","false",,"3",,,"58","11",,,"https://i.ytimg.com/vi/r6aJ8KLspKc/oar2.jpg?sqp=-oaymwEqCJUDENAFSFqQAgHyq4qpAxkIARUAAIhC2AEB4gEMCBwQAhgGIAE4AUAB&rs=AOn4CLBPsT6x0_7Vn3GtSa0VTi0epeGuAg","Petani Kecamatan Tombolo Pao #Natama Super F1","shorts","https://www.youtube.com/shorts/r6aJ8KLspKc","511"
"https://yt3.googleusercontent.com/dOVVW_3ULLcifZxZvyC25RszUx4gNNedcY66K-4Qk78RLX68o7j9KpRR1mDJjjEl2nf5_4eQiA=s160-c-k-c0x00ffffff-no-rj","https://yt3.googleusercontent.com/iB-9nhCN05P69bZt-O4NhGK9CYcQG08boKAfgB3dhH6dejPN4ecHSFyjTlXgtyoBxm-bPW2kSA=w2560-fcrop64=1,00005a57ffffa5a8-k-c0xffffffff-no-nd-rj",,"UCZpCM2RFMCrzWAtn0PGx1Iw","Jul 15, 2020",,"Nrll Hardianti Bintang Asia","21","5389","https://www.youtube.com/channel/UCZpCM2RFMCrzWAtn0PGx1Iw",,"8","false","2024-09-13T05:07:20.000Z",,"00:01:38","https://www.youtube.com/@nrllhardianti1111/videos","qBjoAMTLECY",,"https://www.youtube.com/@nrllhardianti1111/shorts","false","false",,"3",,,"58",,,"","https://i.ytimg.com/vi/qBjoAMTLECY/maxresdefault.jpg?sqp=-oaymwEmCIAKENAF8quKqQMa8AEB-AG2CIACgA-KAgwIABABGFkgXyhlMA8=&rs=AOn4CLDtbAOkYegGCWmkNmQZcrtpUePnzQ","New..❗❗❗ Sawi Putih Hibrida Varietas Cacha F1 produksi PT Benih Citra Asia","video","https://www.youtube.com/watch?v=qBjoAMTLECY","35"
