﻿"author","authorIsChannelOwner","cid","comment","commentsCount","hasCreatorHeart","pageUrl","publishedTimeText","replyCount","replyToCid","title","type","videoId","voteCount"
"@opeqbintangasia","false","Ugx3t3YrZibZc3v3bA54AaABAg","Jagung hibrida
Tahan bulai
Batang kokoh
Posisi tongkol rendah
Tahan rebah batang
Tongkol besar
Biji Kemerahan
Rendemen tinggi
Produksi tinggi","1","true","https://www.youtube.com/watch?v=2_3DmgpOjs8","2 days ago","0",,"JAGUNG HIBRIDA BETRAS 10. TESTIMONI LANGSUNG DARI PETANI","comment","2_3DmgpOjs8","1"
