﻿"author","authorIsChannelOwner","cid","comment","commentsCount","hasCreatorHeart","pageUrl","publishedTimeText","replyCount","replyToCid","title","type","videoId","voteCount"
"@pecintatanaman","false","UgwR_1iV9WbjP0iVKEx4AaABAg","review cebe besar dari bintang asia","6","true","https://www.youtube.com/watch?v=WCGbHVvea8Q","1 day ago","0",,"REVIEW CABAI BESAR HAGAN F1 DARI BINTANG ASIA","comment","WCGbHVvea8Q","0"
"@Irfan01-sy2uy","false","UgxFSkOaqiK3YC5TA_54AaABAg","Wah ini, saya tanam petik ke 4 sudah dapat 3 ton lebih. hagan mantap","6","true","https://www.youtube.com/watch?v=WCGbHVvea8Q","1 day ago","1",,"REVIEW CABAI BESAR HAGAN F1 DARI BINTANG ASIA","comment","WCGbHVvea8Q","0"
"@opeqbintangasia","false","UgzzzwAecmPM9Zfb6TJ4AaABAg","Tahan virus, buah hijau terang, sangat lebat, tegak dan kompak, warna buah panen merah menyala.","6","true","https://www.youtube.com/watch?v=WCGbHVvea8Q","1 day ago","0",,"REVIEW CABAI BESAR HAGAN F1 DARI BINTANG ASIA","comment","WCGbHVvea8Q","0"
"@rahmatjanur-w4j","false","UgyEH753TosH-MUjkQl4AaABAg","daerah mana bos","6","true","https://www.youtube.com/watch?v=WCGbHVvea8Q","1 day ago","1",,"REVIEW CABAI BESAR HAGAN F1 DARI BINTANG ASIA","comment","WCGbHVvea8Q","0"
"@IjunChannelBintangAsia","true","UgxFSkOaqiK3YC5TA_54AaABAg.A8JDHO-oVDmA8JDld6PMfg","Lokasi mana ka?","6","false","https://www.youtube.com/watch?v=WCGbHVvea8Q","1 day ago","0","UgxFSkOaqiK3YC5TA_54AaABAg","REVIEW CABAI BESAR HAGAN F1 DARI BINTANG ASIA","reply","WCGbHVvea8Q","0"
"@IjunChannelBintangAsia","true","UgyEH753TosH-MUjkQl4AaABAg.A8J9XFQRHTvA8J9pZWnTFk","Kerek tuban bos","6","false","https://www.youtube.com/watch?v=WCGbHVvea8Q","1 day ago","0","UgyEH753TosH-MUjkQl4AaABAg","REVIEW CABAI BESAR HAGAN F1 DARI BINTANG ASIA","reply","WCGbHVvea8Q","0"
