﻿"attachments/0/__typename","attachments/0/animated_image/uri","attachments/0/frame_count","attachments/0/frame_rate","attachments/0/frames_per_column","attachments/0/frames_per_row","attachments/0/id","attachments/0/image/height","attachments/0/image/uri","attachments/0/image/width","attachments/0/label","attachments/0/pack/id","attachments/0/pack/name","attachments/0/sprite_image/uri","attachments/0/target/__typename","attachments/0/target/id","attachments/0/target/matching_quantity","attachments/0/target/spark_quantity","attachments/0/target/stars_image_on_star_quantity","attachments/0/target/virtual_gift","attachments/0/target/virtual_gift_type/__typename","attachments/0/target/virtual_gift_type/gift_animated_image","attachments/0/target/virtual_gift_type/gift_image","attachments/0/target/virtual_gift_type/gift_keyframe_asset_name","attachments/0/target/virtual_gift_type/gift_keyframe_asset_url","attachments/0/target/virtual_gift_type/id","commentUrl","comments/0/commentUrl","comments/0/date","comments/0/feedbackId","comments/0/id","comments/0/likesCount","comments/0/parentComment/author/__typename","comments/0/parentComment/author/id","comments/0/parentComment/author/name","comments/0/parentComment/author/short_name","comments/0/parentComment/id","comments/0/profileId","comments/0/profileName","comments/0/profilePicture","comments/0/profileUrl","comments/0/replyToCommentId","comments/0/text","comments/0/threadingDepth","commentsCount","date","facebookId","facebookUrl","feedbackId","id","inputUrl","likesCount","pageAdLibrary/id","pageAdLibrary/is_business_page_active","pageAdLibrary/woodhenge_creator_info","parentComment/author/__typename","parentComment/author/id","parentComment/author/name","parentComment/author/short_name","parentComment/id","postTitle","profileId","profileName","profilePicture","profileUrl","replyToCommentId","text","threadingDepth"
,,,,,,,,,,,,,,,,,,,,,,,,,,"https://www.facebook.com/nizar.setia.3/posts/2730842853753210?comment_id=2570656293140936",,,,,,,,,,,,,,,,,,,"2024-09-23T22:43:28.000Z","2730842853753210","https://www.facebook.com/100004825651478/posts/2730842853753210","ZmVlZGJhY2s6MjczMDg0Mjg1Mzc1MzIxMF8yNTcwNjU2MjkzMTQwOTM2","Y29tbWVudDoyNzMwODQyODUzNzUzMjEwXzI1NzA2NTYyOTMxNDA5MzY=","https://www.facebook.com/100004825651478/posts/2730842853753210","0","200476579818147","false",,,,,,,"BOMER F1 
MERLIN F1 
Rock Melon Daging Orange Cap Bintang Asia Produksi dari PT Benih Citra Asia 
Manis Mempesona dan Menggoda Petani melon indonesia, 
Mari Menggunakan Produk Inovasi Anak Negeri, 
Hal Kecil Bermanfaat Besar Untuk Kemajuan Bangsa,
@sorotan SEMUA ORANG","100007578522755","Renzy Bintangasia","https://scontent.fedi1-1.fna.fbcdn.net/v/t39.30808-1/426012403_3605728109689771_2277782955804277447_n.jpg?stp=cp0_dst-jpg_s32x32&_nc_cat=104&ccb=1-7&_nc_sid=50d2ac&_nc_ohc=tTmdX3bXLYAQ7kNvgGIo4Te&_nc_ht=scontent.fedi1-1.fna&_nc_gid=Agah2Sgqd2mQDlVBJDeOEps&oh=00_AYCzNqus-J4Mso-4rjAibZ1fmNjg5tAH1LkBEitDrR9d-A&oe=66FC1E44","https://www.facebook.com/renzi.prayuda",,"Mantap","0"
,,,,,,,,,,,,,,,,,,,,,,,,,,"https://www.facebook.com/nizar.setia.3/posts/2730842853753210?comment_id=547608587832797","https://www.facebook.com/nizar.setia.3/posts/2730842853753210?comment_id=547608587832797&reply_comment_id=1027605215778375","2024-09-23T17:51:11.000Z","ZmVlZGJhY2s6MjczMDg0Mjg1Mzc1MzIxMF8xMDI3NjA1MjE1Nzc4Mzc1","Y29tbWVudDoyNzMwODQyODUzNzUzMjEwXzEwMjc2MDUyMTU3NzgzNzU=","0","User","100009994003233","Ilham Bintang Asia","Ilham","Y29tbWVudDoyNzMwODQyODUzNzUzMjEwXzU0NzYwODU4NzgzMjc5Nw==","100004825651478","NiZar Bintang Asia","https://scontent.fedi1-1.fna.fbcdn.net/v/t39.30808-1/438276089_2611594555678041_6997404202785061953_n.jpg?stp=cp0_dst-jpg_p32x32&_nc_cat=111&ccb=1-7&_nc_sid=50d2ac&_nc_ohc=0dM51A4Ta0IQ7kNvgGLCRhL&_nc_ht=scontent.fedi1-1.fna&_nc_gid=Agah2Sgqd2mQDlVBJDeOEps&oh=00_AYCqE2YteN5iT9aUDjGRN6puqD7TQZRISiAGYa6WZJeJrQ&oe=66FC186E","https://www.facebook.com/nizar.setia.3","Y29tbWVudDoyNzMwODQyODUzNzUzMjEwXzU0NzYwODU4NzgzMjc5Nw==","Ilham Bintang Asia 𝐬𝐢𝐚𝐩 𝐛𝐨𝐬 𝐤𝐮,,, 𝐦𝐞𝐦𝐛𝐚𝐫𝐚","1","1","2024-09-23T04:20:25.000Z","2730842853753210","https://www.facebook.com/100004825651478/posts/2730842853753210","ZmVlZGJhY2s6MjczMDg0Mjg1Mzc1MzIxMF81NDc2MDg1ODc4MzI3OTc=","Y29tbWVudDoyNzMwODQyODUzNzUzMjEwXzU0NzYwODU4NzgzMjc5Nw==","https://www.facebook.com/100004825651478/posts/2730842853753210","0","200476579818147","false",,,,,,,"BOMER F1 
MERLIN F1 
Rock Melon Daging Orange Cap Bintang Asia Produksi dari PT Benih Citra Asia 
Manis Mempesona dan Menggoda Petani melon indonesia, 
Mari Menggunakan Produk Inovasi Anak Negeri, 
Hal Kecil Bermanfaat Besar Untuk Kemajuan Bangsa,
@sorotan SEMUA ORANG","100009994003233","Ilham Bintang Asia","https://scontent.fedi1-1.fna.fbcdn.net/v/t39.30808-1/349801600_780566773437800_6977822504580595866_n.jpg?stp=cp0_dst-jpg_s32x32&_nc_cat=100&ccb=1-7&_nc_sid=50d2ac&_nc_ohc=RX_RrA3iJQQQ7kNvgEUotnj&_nc_ht=scontent.fedi1-1.fna&_nc_gid=Agah2Sgqd2mQDlVBJDeOEps&oh=00_AYD_xMD1PVyHYl5dfvFQ_VnZ0h-mbzNuBF0kMI2jm2sOvg&oe=66FC127B","https://www.facebook.com/ilham.ajo.37604",,"Mangtaaabb, Tetap Semangat Ojok Sambat 🔥","0"
,,,,,,,,,,,,,,,,,,,,,,,,,,"https://www.facebook.com/nizar.setia.3/posts/pfbid0ZwJKoeNhRVEY7C4dMhQUTyMe4xyyZTD9KXBTa8kxBfaw5qtqT3uhTnstjhxRAvaHl?comment_id=1797869291019122",,,,,,,,,,,,,,,,,,,"2024-09-22T17:33:12.000Z","2727666537404175","https://www.facebook.com/100004825651478/posts/2727666537404175","ZmVlZGJhY2s6MjcyNzY2NjUzNzQwNDE3NV8xNzk3ODY5MjkxMDE5MTIy","Y29tbWVudDoyNzI3NjY2NTM3NDA0MTc1XzE3OTc4NjkyOTEwMTkxMjI=","https://www.facebook.com/100004825651478/posts/2727666537404175","0","463184800202476","false",,,,,,,"MELON
LEONI MH F1
Melon Hibrida
Bentuk buah: bulat.
Berat per buah : 2,75 kg.
Warna daging buah : putih.
Umur panen (hst) : 54-55.
Tahan gemini virus.
Cocok dimusim hujan.","100004825651478","NiZar Bintang Asia","https://scontent-lga3-1.xx.fbcdn.net/v/t39.30808-1/438276089_2611594555678041_6997404202785061953_n.jpg?stp=cp0_dst-jpg_p32x32&_nc_cat=111&ccb=1-7&_nc_sid=50d2ac&_nc_ohc=0dM51A4Ta0IQ7kNvgHoeW07&_nc_ht=scontent-lga3-1.xx&_nc_gid=ASSdGhxLJVVr56Xs1L07SW5&oh=00_AYDGuQHYOnvHn7qwtfr5yKKTxZ86qlRkTAHYs1Mw5XZj8w&oe=66FC186E","https://www.facebook.com/nizar.setia.3",,"Yes","0"
,,,,,,,,,,,,,,,,,,,,,,,,,,"https://www.facebook.com/nizar.setia.3/posts/pfbid0ZwJKoeNhRVEY7C4dMhQUTyMe4xyyZTD9KXBTa8kxBfaw5qtqT3uhTnstjhxRAvaHl?comment_id=1247209426713305",,,,,,,,,,,,,,,,,,,"2024-09-24T04:08:10.000Z","2727666537404175","https://www.facebook.com/100004825651478/posts/2727666537404175","ZmVlZGJhY2s6MjcyNzY2NjUzNzQwNDE3NV8xMjQ3MjA5NDI2NzEzMzA1","Y29tbWVudDoyNzI3NjY2NTM3NDA0MTc1XzEyNDcyMDk0MjY3MTMzMDU=","https://www.facebook.com/100004825651478/posts/2727666537404175","0","463184800202476","false",,,,,,,"MELON
LEONI MH F1
Melon Hibrida
Bentuk buah: bulat.
Berat per buah : 2,75 kg.
Warna daging buah : putih.
Umur panen (hst) : 54-55.
Tahan gemini virus.
Cocok dimusim hujan.","100000029645476","Cayadi Bintang Asia","https://scontent-lga3-2.xx.fbcdn.net/v/t31.18172-1/15724565_1469077786436529_7264600135043183638_o.jpg?stp=c0.200.1200.1200a_cp0_dst-jpg_s32x32&_nc_cat=101&ccb=1-7&_nc_sid=db5862&_nc_ohc=_qvmJeQFSOAQ7kNvgGiJN6h&_nc_ht=scontent-lga3-2.xx&_nc_gid=ASSdGhxLJVVr56Xs1L07SW5&oh=00_AYCStTYGmIX5zyLa_CnU2Ucllpx6jLnSDd5jKM7AqXs6Cg&oe=671DD67E","https://www.facebook.com/cayadi.santosa",,"Inovasi tiada henti. Sukses bintang Asia..","0"
,,,,,,,,,,,,,,,,,,,,,,,,,,"https://www.facebook.com/nizar.setia.3/posts/pfbid0ZwJKoeNhRVEY7C4dMhQUTyMe4xyyZTD9KXBTa8kxBfaw5qtqT3uhTnstjhxRAvaHl?comment_id=1066922784819717",,,,,,,,,,,,,,,,,,,"2024-09-20T09:18:31.000Z","2727666537404175","https://www.facebook.com/100004825651478/posts/2727666537404175","ZmVlZGJhY2s6MjcyNzY2NjUzNzQwNDE3NV8xMDY2OTIyNzg0ODE5NzE3","Y29tbWVudDoyNzI3NjY2NTM3NDA0MTc1XzEwNjY5MjI3ODQ4MTk3MTc=","https://www.facebook.com/100004825651478/posts/2727666537404175","0","463184800202476","false",,,,,,,"MELON
LEONI MH F1
Melon Hibrida
Bentuk buah: bulat.
Berat per buah : 2,75 kg.
Warna daging buah : putih.
Umur panen (hst) : 54-55.
Tahan gemini virus.
Cocok dimusim hujan.","100007578522755","Renzy Bintangasia","https://scontent-lga3-2.xx.fbcdn.net/v/t39.30808-1/426012403_3605728109689771_2277782955804277447_n.jpg?stp=cp0_dst-jpg_s32x32&_nc_cat=104&ccb=1-7&_nc_sid=50d2ac&_nc_ohc=tTmdX3bXLYAQ7kNvgFxdDKp&_nc_ht=scontent-lga3-2.xx&_nc_gid=ASSdGhxLJVVr56Xs1L07SW5&oh=00_AYAWhMEtyReaW1K5bpKp96Qs9rnpBYH4iXYkQuBR1LltQw&oe=66FC1E44","https://www.facebook.com/renzi.prayuda",,"Mantap bosku","0"
,,,,,,,,,,,,,,"VideoTipJarPayment","2731701187000710","0","1","https://static.xx.fbcdn.net/rsrc.php/v3/yN/r/z6visRJQXR_.png",,"StarsVirtualGiftBaseType",,"/images/assets_DO_NOT_HARDCODE/user_pay_stars_virtual_gifts/Community-Unification-Default-Tier1-Thoughtful-Testing-Static.png","Community-Unification-Default-T1-Thoughtful-bottomsheet-testing-animation","https://static.xx.fbcdn.net/rsrc.php/y6/r/qfD07Iv6r-5.kf","1414980765966032","https://www.facebook.com/nizar.setia.3/posts/pfbid0fnweKwbnefQy7U2FuLY5ZFqowfTCPMjRqduDFi9eSnLvoeNLoQAUHvKT2i28zVLHl?comment_id=886870212965243",,,,,,,,,,,,,,,,,,,"2024-09-23T22:34:41.000Z","2731452533692242","https://www.facebook.com/100004825651478/posts/2731452533692242","ZmVlZGJhY2s6MjczMTQ1MjUzMzY5MjI0Ml84ODY4NzAyMTI5NjUyNDM=","Y29tbWVudDoyNzMxNDUyNTMzNjkyMjQyXzg4Njg3MDIxMjk2NTI0Mw==","https://www.facebook.com/100004825651478/posts/2731452533692242","0","214897285046227","false",,,,,,,"Padi hibrida dari PT BENIH CITRA ASIA(BINTANG ASIA) 
𝐁𝐂𝐀 𝟏𝟖","100007578522755","Renzy Bintangasia","https://scontent.fagc3-2.fna.fbcdn.net/v/t39.30808-1/426012403_3605728109689771_2277782955804277447_n.jpg?stp=cp0_dst-jpg_s32x32&_nc_cat=104&ccb=1-7&_nc_sid=50d2ac&_nc_ohc=tTmdX3bXLYAQ7kNvgGJ4PGU&_nc_ht=scontent.fagc3-2.fna&_nc_gid=AMn4pE3FmrxS3VFXUMZyHuW&oh=00_AYDHez1tiCN3jfV9BbLyeFuwh3qe_4p_PiyC0kwQmpp7Lg&oe=66FC1E44","https://www.facebook.com/renzi.prayuda",,"Mantap  padi BCA 18","0"
,,,,,,,,,,,,,,,,,,,,,,,,,,"https://www.facebook.com/nizar.setia.3/posts/pfbid0jz9uGX2yyELNsuytYmPxBriBazSGKf6uePnfs7MQBatWQnw5uAFESwwGvPTXfZ2El?comment_id=3830757420545447",,,,,,,,,,,,,,,,,,,"2024-09-24T22:40:03.000Z","2732502166920612","https://www.facebook.com/100004825651478/posts/2732502166920612","ZmVlZGJhY2s6MjczMjUwMjE2NjkyMDYxMl8zODMwNzU3NDIwNTQ1NDQ3","Y29tbWVudDoyNzMyNTAyMTY2OTIwNjEyXzM4MzA3NTc0MjA1NDU0NDc=","https://www.facebook.com/100004825651478/posts/2732502166920612","0","250829661453806","false",,,,,,,"Selamat Hari Tani Nasional.
🌶🌶 CKTAV 8 F1 🌶🌶

#benihcitraasia
#bintangasia","100007578522755","Renzy Bintangasia","https://scontent.fbda1-1.fna.fbcdn.net/v/t39.30808-1/426012403_3605728109689771_2277782955804277447_n.jpg?stp=cp0_dst-jpg_s32x32&_nc_cat=104&ccb=1-7&_nc_sid=50d2ac&_nc_ohc=tTmdX3bXLYAQ7kNvgEBQuBE&_nc_ht=scontent.fbda1-1.fna&_nc_gid=A8Sh7kZmvREr0v4OcziJg3N&oh=00_AYCCXjGXulMrWBpgJ4lIeBd7kGdEcuh-AWFEDJFib-MWuA&oe=66FC1E44","https://www.facebook.com/renzi.prayuda",,"Mantap","0"
,,,,,,,,,,,,,,,,,,,,,,,,,,"https://www.facebook.com/nizar.setia.3/posts/pfbid0TCDbytfkvq53aFHXWQEv5NJLJ4Ydtz3hgZ8YWmoTSJfb6JdEpx6FbmrC4eYnNjF9l?comment_id=1875915956249655",,,,,,,,,,,,,,,,,,,"2024-09-24T07:18:05.000Z","2732007470303415","https://www.facebook.com/100004825651478/posts/2732007470303415","ZmVlZGJhY2s6MjczMjAwNzQ3MDMwMzQxNV8xODc1OTE1OTU2MjQ5NjU1","Y29tbWVudDoyNzMyMDA3NDcwMzAzNDE1XzE4NzU5MTU5NTYyNDk2NTU=","https://www.facebook.com/100004825651478/posts/2732007470303415","0","227900387075660","false",,,,,,,"Bonto manai and the geng🙌 STUBA CMB darmais F1 produk Bintang Asia dilahan Puang illong
#darmaisgemmoy
#bintangasia","100007578522755","Renzy Bintangasia","https://scontent-mia3-1.xx.fbcdn.net/v/t39.30808-1/426012403_3605728109689771_2277782955804277447_n.jpg?stp=cp0_dst-jpg_s32x32&_nc_cat=104&ccb=1-7&_nc_sid=50d2ac&_nc_ohc=tTmdX3bXLYAQ7kNvgEPiMFz&_nc_ht=scontent-mia3-1.xx&_nc_gid=AL9lH7i38TNocgitI1C5p27&oh=00_AYCUFFTB6E2ksm-eajUpDR6Xzt2qGQKrj5EZR2J3BFlqIw&oe=66FC1E44","https://www.facebook.com/renzi.prayuda",,"Mantap","0"
,,,,,,,,,,,,,,,,,,,,,,,,,,"https://www.facebook.com/nizar.setia.3/posts/pfbid0TCDbytfkvq53aFHXWQEv5NJLJ4Ydtz3hgZ8YWmoTSJfb6JdEpx6FbmrC4eYnNjF9l?comment_id=423911426969518",,,,,,,,,,,,,,,,,,,"2024-09-24T05:52:41.000Z","2732007470303415","https://www.facebook.com/100004825651478/posts/2732007470303415","ZmVlZGJhY2s6MjczMjAwNzQ3MDMwMzQxNV80MjM5MTE0MjY5Njk1MTg=","Y29tbWVudDoyNzMyMDA3NDcwMzAzNDE1XzQyMzkxMTQyNjk2OTUxOA==","https://www.facebook.com/100004825651478/posts/2732007470303415","0","227900387075660","false",,,,,,,"Bonto manai and the geng🙌 STUBA CMB darmais F1 produk Bintang Asia dilahan Puang illong
#darmaisgemmoy
#bintangasia","pfbid02btYpJb8pi3wtYmcL6ktv7sykpPhXGvHhHoqrzNz2J3NL4BxFnakghsEXVFs2yB6cl","Yospiqmi Rizal Bintang Asia","https://scontent-mia3-2.xx.fbcdn.net/v/t1.18169-1/12814133_605474156274254_1255382583968893776_n.jpg?stp=cp0_dst-jpg_s32x32&_nc_cat=107&ccb=1-7&_nc_sid=e4545e&_nc_ohc=kdQuQnbPgI8Q7kNvgF9Qgna&_nc_ht=scontent-mia3-2.xx&oh=00_AYCCUrhQIG6O1eh1BWM4WDtnx6BBZ-WIHYM3aDYz-NVDfg&oe=671DBBBC","https://www.facebook.com/yospiqmi.rizal",,"Gas²","0"
"Sticker","https://scontent.flaj2-1.fna.fbcdn.net/v/t39.1997-6/105343556_953860578409633_6468337803980710969_n.webp?stp=dst-webp_s110x80&_nc_cat=1&ccb=1-7&_nc_sid=ba09c1&_nc_ohc=_foYWA1W9K4Q7kNvgFho5O_&_nc_ht=scontent.flaj2-1.fna&_nc_gid=AY5eX3MDfFqgfCayVkVljc2&oh=00_AYDfEriuPxzKD7r-iHevIYkMO1IDWDdC4Z0aRdwWwPaRaw&oe=66FC3DFA","15","83","4","4","529234054205623","80","https://scontent.flaj2-1.fna.fbcdn.net/v/t39.1997-6/83640226_953860661742958_8297483048391664602_n.png?stp=cp0_dst-png_s110x80&_nc_cat=1&ccb=1-7&_nc_sid=23dd7b&_nc_ohc=mk0wad1eYOsQ7kNvgGLO3k4&_nc_ht=scontent.flaj2-1.fna&_nc_gid=AY5eX3MDfFqgfCayVkVljc2&oh=00_AYAqNh4VG4MpiQZDxSriFPA0XEprgt6XBWv0t45_kF_QJw&oe=66FC1DB7","80","An animated yellow left hand with thumb up.","516558918806470","Moodies","https://scontent.flaj2-1.fna.fbcdn.net/v/t39.1997-6/105941685_953860581742966_1572841152382279834_n.png?stp=dst-png_p320x320&_nc_cat=1&ccb=1-7&_nc_sid=ba09c1&_nc_ohc=fpMsXtyKwXMQ7kNvgFO8M_n&_nc_ht=scontent.flaj2-1.fna&_nc_gid=AY5eX3MDfFqgfCayVkVljc2&oh=00_AYCniGlS3hwKL3xRQ4ZmaTVFMcy2vZLbu9IW-NEQNc0ppg&oe=66FC1082",,,,,,,,,,,,,"https://www.facebook.com/reel/797792832306869/?comment_id=497516813188901",,,,,,,,,,,,,,,,,,,"2024-09-26T17:28:44.000Z","2734729293364566","https://www.facebook.com/100004825651478/posts/2734729293364566","ZmVlZGJhY2s6MjczNDcyOTI5MzM2NDU2Nl80OTc1MTY4MTMxODg5MDE=","Y29tbWVudDoyNzM0NzI5MjkzMzY0NTY2XzQ5NzUxNjgxMzE4ODkwMQ==","https://www.facebook.com/100004825651478/posts/2734729293364566","0","214897285046227",,,,,,,,"All's · semangat petani","100004825651478","NiZar Bintang Asia","https://scontent.flaj2-1.fna.fbcdn.net/v/t39.30808-1/438276089_2611594555678041_6997404202785061953_n.jpg?stp=cp0_dst-jpg_p32x32&_nc_cat=111&ccb=1-7&_nc_sid=50d2ac&_nc_ohc=0dM51A4Ta0IQ7kNvgFvJaP3&_nc_ht=scontent.flaj2-1.fna&_nc_gid=AY5eX3MDfFqgfCayVkVljc2&oh=00_AYB4oa-5f_F6FckLVTZcfthOSnUsnm4rHQ76Lhp_UtCJKw&oe=66FC186E","https://www.facebook.com/nizar.setia.3",,,"0"
,,,,,,,,,,,,,,,,,,,,,,,,,,"https://www.facebook.com/reel/797792832306869/?comment_id=8474495532627685",,,,,,,,,,,,,,,,,,,"2024-09-26T17:05:25.000Z","2734729293364566","https://www.facebook.com/100004825651478/posts/2734729293364566","ZmVlZGJhY2s6MjczNDcyOTI5MzM2NDU2Nl84NDc0NDk1NTMyNjI3Njg1","Y29tbWVudDoyNzM0NzI5MjkzMzY0NTY2Xzg0NzQ0OTU1MzI2Mjc2ODU=","https://www.facebook.com/100004825651478/posts/2734729293364566","0","214897285046227",,,,,,,,"All's · semangat petani","100007578522755","Renzy Bintangasia","https://scontent.flaj2-1.fna.fbcdn.net/v/t39.30808-1/426012403_3605728109689771_2277782955804277447_n.jpg?stp=cp0_dst-jpg_s32x32&_nc_cat=104&ccb=1-7&_nc_sid=50d2ac&_nc_ohc=tTmdX3bXLYAQ7kNvgEKIEAL&_nc_ht=scontent.flaj2-1.fna&_nc_gid=AY5eX3MDfFqgfCayVkVljc2&oh=00_AYCFPkjkewWuj02o9uAOzrNiPfG4W2XidU3XYbxHibeULA&oe=66FC1E44","https://www.facebook.com/renzi.prayuda",,"Mantap..sukses bersama bintang asia","0"
,,,,,,,,,,,,,,,,,,,,,,,,,,"https://www.facebook.com/nizar.setia.3/posts/pfbid0zjvZVPVrqHGcyTop6uVtL8AzfgtmCzRmQvnBEUFrbPX4HKq6r24Hd49ULs3GbYWUl?comment_id=1035882731509017",,,,,,,,,,,,,,,,,,,"2024-09-23T12:12:05.000Z","2731125753724920","https://www.facebook.com/100004825651478/posts/2731125753724920","ZmVlZGJhY2s6MjczMTEyNTc1MzcyNDkyMF8xMDM1ODgyNzMxNTA5MDE3","Y29tbWVudDoyNzMxMTI1NzUzNzI0OTIwXzEwMzU4ODI3MzE1MDkwMTc=","https://www.facebook.com/100004825651478/posts/2731125753724920","0","357880607403962","false",,,,,,,"Bingung mau tanam cabe pake benih apa?? Tanam cabe JURO f1 dari PT Benih Citra Asia.. Terbukti hasilnya MANTAP.
Lokasi di Banjarwangi dan Pasirwangi Kabupaten Garut
Semoga tambah sukses dan tambah berkah. Sorotan Sorotan #benih
#benihcitraasia
#benihcabe
 Benih Citra Asia Benih Citra Asia","100007578522755","Renzy Bintangasia","https://scontent-sjc3-1.xx.fbcdn.net/v/t39.30808-1/426012403_3605728109689771_2277782955804277447_n.jpg?stp=cp0_dst-jpg_s32x32&_nc_cat=104&ccb=1-7&_nc_sid=50d2ac&_nc_ohc=tTmdX3bXLYAQ7kNvgHJRSvf&_nc_ht=scontent-sjc3-1.xx&_nc_gid=ATyKZ-KRDqPHnpeAHh5ATqO&oh=00_AYAA8KpP4jrTikwgzV4YNaOfsRUgZzkgwBErbqt91QGT1w&oe=66FC1E44","https://www.facebook.com/renzi.prayuda",,"Mantap om","0"
,,,,,,,,,,,,,,,,,,,,,,,,,,"https://www.facebook.com/nizar.setia.3/posts/pfbid02r42Zm4FZuQCRqS4eKBajzTuQyrcoAQAwhkxsT2em5RyMRgkb5VeHsh2oQbFPebKYl?comment_id=547608587832797&reply_comment_id=1027605215778375",,,,,,,,,,,,,,,,,,,"2024-09-23T17:51:11.000Z","2730842853753210","https://www.facebook.com/100004825651478/posts/2730842853753210","ZmVlZGJhY2s6MjczMDg0Mjg1Mzc1MzIxMF8xMDI3NjA1MjE1Nzc4Mzc1","Y29tbWVudDoyNzMwODQyODUzNzUzMjEwXzEwMjc2MDUyMTU3NzgzNzU=","https://www.facebook.com/100004825651478/posts/2730842853753210","0","200476579818147","false",,"User","100009994003233","Ilham Bintang Asia","Ilham","Y29tbWVudDoyNzMwODQyODUzNzUzMjEwXzU0NzYwODU4NzgzMjc5Nw==","BOMER F1 
MERLIN F1 
Rock Melon Daging Orange Cap Bintang Asia Produksi dari PT Benih Citra Asia 
Manis Mempesona dan Menggoda Petani melon indonesia, 
Mari Menggunakan Produk Inovasi Anak Negeri, 
Hal Kecil Bermanfaat Besar Untuk Kemajuan Bangsa,
@sorotan SEMUA ORANG","100004825651478","NiZar Bintang Asia","https://scontent-gru2-2.xx.fbcdn.net/v/t39.30808-1/438276089_2611594555678041_6997404202785061953_n.jpg?stp=cp0_dst-jpg_p32x32&_nc_cat=111&ccb=1-7&_nc_sid=50d2ac&_nc_ohc=0dM51A4Ta0IQ7kNvgGZWB0c&_nc_ht=scontent-gru2-2.xx&_nc_gid=ATfYhVxDTG_fMiCzOtx7-ve&oh=00_AYBPizjsry0UCbFDzh7EYX-bTA4UHwHnyxkZiZzC_mQeuA&oe=66FC186E","https://www.facebook.com/nizar.setia.3","Y29tbWVudDoyNzMwODQyODUzNzUzMjEwXzU0NzYwODU4NzgzMjc5Nw==","Ilham Bintang Asia 𝐬𝐢𝐚𝐩 𝐛𝐨𝐬 𝐤𝐮,,, 𝐦𝐞𝐦𝐛𝐚𝐫𝐚","1"
