﻿"author","authorIsChannelOwner","channelId","channelName","channelUrl","cid","comment","comments","commentsCount","commentsTurnedOff","date","descriptionLinks/0/text","descriptionLinks/0/url","descriptionLinks/1/text","descriptionLinks/1/url","descriptionLinks/2/text","descriptionLinks/2/url","descriptionLinks/3/text","descriptionLinks/3/url","descriptionLinks/4/text","descriptionLinks/4/url","descriptionLinks/5/text","descriptionLinks/5/url","descriptionLinks/6/text","descriptionLinks/6/url","descriptionLinks/7/text","descriptionLinks/7/url","duration","hasCreatorHeart","id","isMonetized","likes","location","numberOfSubscribers","pageUrl","publishedTimeText","replyCount","replyToCid","subtitles","text","thumbnailUrl","title","type","url","videoId","viewCount","voteCount"
,,"UCihbRKEmIzer-fOFwvLRckg","Milfar_id","https://www.youtube.com/@milfar_id",,,,"0","false","2024-10-02T01:53:09.000Z","‪@milfar_id‬","https://www.youtube.com/@milfar_id","https://lynk.id/milfar_id","https://lynk.id/milfar_id","   • CARA POTONG PUCUK CABAI AGAR BERCABAN...  ","https://www.youtube.com/watch?v=Uh1s1ecF8qE&t=0s","   • CARA MERANGSANG & MEMPERCEPAT !! PERT...  ","https://www.youtube.com/watch?v=0Yv72fHxF9g&t=0s","   • RESEP MENCEGAH KRITING DAUN PADA CABA...  ","https://www.youtube.com/watch?v=V0IAlCqAzWc&t=0s","   • UKURAN POLYBAG YANG COCOK UNTUK TANAM...  ","https://www.youtube.com/watch?v=PvvwDvDUjJg&t=0s","   • BISA TAHAN SELAMA INI !! 😮 TANAM CABA...  ","https://www.youtube.com/watch?v=xeEv5MwcOto&t=0s","https://lynk.id/milfar_id","https://lynk.id/milfar_id","00:34:22",,"UI2QINhHFIA",,"0","KABUPATEN BANTAENG","8380",,,,,,"PERTEMUAN PERTAMA,SHARING MENGENAI SEPUTAR PENGOLAHAN LAHAN DAN PENANAMAN

Halo Sobat ​⁠​⁠ 
Vidio ini berisikan tentang pertemuan zoom materi pertama seputar pengolahan lahan dan penanaman 

Semoga Bermanfaat dan jangan lupa Pantau dan support terus Chanel ​⁠‪@milfar_id‬ ​⁠  dengan like,Share And Subscribe Chanelnya,Agar tidak ketinggalan info menarik Lainnya seputar bidang pertanian 

Pembelian product kunjungi official store kami 👇
https://lynk.id/milfar_id
____________________________________________

PLAY LIST MILFAR_ID
1.Tutorial Potong pucuk Cabe 👇
   • CARA POTONG PUCUK CABAI AGAR BERCABAN...  

2. Cara mempercepat pertumbuhan cabai👇
   • CARA MERANGSANG & MEMPERCEPAT !! PERT...  

3. Cara mencegah kriting daun pada cabai👇
   • RESEP MENCEGAH KRITING DAUN PADA CABA...  

4. Ukuran Polybag untuk cabai👇
   • UKURAN POLYBAG YANG COCOK UNTUK TANAM...  

5. Cabe di polybag bertahan berpa lama? 👇
   • BISA TAHAN SELAMA INI !! 😮 TANAM CABA...  

_____________________________________________
Konsultasi,kontak,Grub,dan pemesanan product
Kamu bisa temukan layanan kami di sini 👇
https://lynk.id/milfar_id

_____________________________________________

Bagaimana cara mengolah lahan 
Cara mengolah lahan langsung 
Cara mengolah lahan tanpa mulsa 
Cara mengolah media tanam di polybag 
Cara olah lahan tanpa bedengan 
Cara olah lahan langsung","https://i.ytimg.com/vi/UI2QINhHFIA/hqdefault.jpg","PERTEMUAN PERTAMA,PELATIHAN BUDIDAYA CABAI SKALA RUMAH BATCH 4 (PENGOLAHAN LAHAN DAN PENANAMAN)","video","https://www.youtube.com/watch?v=UI2QINhHFIA",,"53",
"@petanipenyanyichannel9566","false",,,,"UgwnjiAKlS0P9bAPpg54AaABAg","Makasih atas ilmu percabean nya,bang Miftar.Sukses trus,sehat slalu.Saya juga tanam cabe via polybag.",,"7",,,,,,,,,,,,,,,,,,,,"false",,,,,,"https://www.youtube.com/watch?v=jpXANc7TbOQ","7 days ago","0",,,,,"PERBEDAAN ,KELEMAHAN DAN KELEBIHAN POTONG PUCUK PADA CABAI !!","comment",,"jpXANc7TbOQ",,"0"
"@awangsahanggi9991","false",,,,"UgytrSR6fFPYMMPoOe94AaABAg","Sharusnya yg potong pucuk besar buahnya sama bang dengan yg tidak potong kcuali nutrisinya kurang.",,"7",,,,,,,,,,,,,,,,,,,,"false",,,,,,"https://www.youtube.com/watch?v=jpXANc7TbOQ","8 days ago","0",,,,,"PERBEDAAN ,KELEMAHAN DAN KELEBIHAN POTONG PUCUK PADA CABAI !!","comment",,"jpXANc7TbOQ",,"0"
"@epiandi1991","false",,,,"Ugwt4nj3VgBGuWGB5h14AaABAg","Beltim hadir",,"7",,,,,,,,,,,,,,,,,,,,"false",,,,,,"https://www.youtube.com/watch?v=jpXANc7TbOQ","8 days ago","0",,,,,"PERBEDAAN ,KELEMAHAN DAN KELEBIHAN POTONG PUCUK PADA CABAI !!","comment",,"jpXANc7TbOQ",,"0"
"@awandaniel7567","false",,,,"UgwoD8plgLjHvYz7lB14AaABAg","Bangka Belitung hadir🔥",,"7",,,,,,,,,,,,,,,,,,,,"true",,,,,,"https://www.youtube.com/watch?v=jpXANc7TbOQ","9 days ago","1",,,,,"PERBEDAAN ,KELEMAHAN DAN KELEBIHAN POTONG PUCUK PADA CABAI !!","comment",,"jpXANc7TbOQ",,"2"
"@ILHAMROCKDIANTO","false",,,,"UgzV_l63xx9PfvrMVBp4AaABAg","Riau hadir boss",,"7",,,,,,,,,,,,,,,,,,,,"true",,,,,,"https://www.youtube.com/watch?v=jpXANc7TbOQ","9 days ago","1",,,,,"PERBEDAAN ,KELEMAHAN DAN KELEBIHAN POTONG PUCUK PADA CABAI !!","comment",,"jpXANc7TbOQ",,"1"
"@mzlmuzammiel5954","false",,,,"UgweF_LM8zdomSt9-EV4AaABAg","Min itu jenis cabai apa ya?",,"2",,,,,,,,,,,,,,,,,,,,"true",,,,,,"https://www.youtube.com/watch?v=ejsNIN_MKBE","13 days ago","1",,,,,"SEMUDAH INI DAN TERBUKTI SECARA DATA,SOLUSI PERTUMBUHAN CABAI STUCK","comment",,"ejsNIN_MKBE",,"1"
"@milfar_id","true",,,,"UgwoD8plgLjHvYz7lB14AaABAg.A8jGNObiHDsA8jGdNApuvf"," @awandaniel7567  sip dapat like juga",,"7",,,,,,,,,,,,,,,,,,,,"false",,,,,,"https://www.youtube.com/watch?v=jpXANc7TbOQ","9 days ago","0","UgwoD8plgLjHvYz7lB14AaABAg",,,,"PERBEDAAN ,KELEMAHAN DAN KELEBIHAN POTONG PUCUK PADA CABAI !!","reply",,"jpXANc7TbOQ",,"0"
"@milfar_id","true",,,,"UgweF_LM8zdomSt9-EV4AaABAg.A8_sv8jVkbCA8f-2SIL1iR"," @mzlmuzammiel5954  ini cabe ijo merek or trisula",,"2",,,,,,,,,,,,,,,,,,,,"false",,,,,,"https://www.youtube.com/watch?v=ejsNIN_MKBE","11 days ago","0","UgweF_LM8zdomSt9-EV4AaABAg",,,,"SEMUDAH INI DAN TERBUKTI SECARA DATA,SOLUSI PERTUMBUHAN CABAI STUCK","reply",,"ejsNIN_MKBE",,"0"
"@milfar_id","true",,,,"UgzV_l63xx9PfvrMVBp4AaABAg.A8jBZXkkhvtA8jFPOCPEaw","Sip dapat like",,"7",,,,,,,,,,,,,,,,,,,,"false",,,,,,"https://www.youtube.com/watch?v=jpXANc7TbOQ","9 days ago","0","UgzV_l63xx9PfvrMVBp4AaABAg",,,,"PERBEDAAN ,KELEMAHAN DAN KELEBIHAN POTONG PUCUK PADA CABAI !!","reply",,"jpXANc7TbOQ",,"0"
"@Tanichannelnusantara","false",,,,"UgxA-EoaAfGoMryBo8p4AaABAg","Hadir nyimak bos q🙏 terima kasih ilmunya🎉full durasi🙏
Full paket komplit🙏🙏🙏",,"3",,,,,,,,,,,,,,,,,,,,"false",,,,,,"https://www.youtube.com/watch?v=xrT7pUPdsQw","2 days ago","0",,,,,"KOMBINASI PUPUK CABAI MASA GENERATIF (MENJELANG BUNGA DAN BUAH )","comment",,"xrT7pUPdsQw",,"0"
"@adjun_84","false",,,,"UgzmeZ6ro8pUR2bDEnh4AaABAg","Nyimak cara pemupukan cabe pada saat fase generatifnya om",,"3",,,,,,,,,,,,,,,,,,,,"false",,,,,,"https://www.youtube.com/watch?v=xrT7pUPdsQw","7 days ago","0",,,,,"KOMBINASI PUPUK CABAI MASA GENERATIF (MENJELANG BUNGA DAN BUAH )","comment",,"xrT7pUPdsQw",,"0"
"@Nasorisalim","false",,,,"UgzOdfjkkhtfHjmOorl4AaABAg","Hadir nyimak saudaraku paket komplit terkirim bosku",,"3",,,,,,,,,,,,,,,,,,,,"false",,,,,,"https://www.youtube.com/watch?v=xrT7pUPdsQw","7 days ago","0",,,,,"KOMBINASI PUPUK CABAI MASA GENERATIF (MENJELANG BUNGA DAN BUAH )","comment",,"xrT7pUPdsQw",,"0"
"@SuparmanBkl-wl5kk","false",,,,"UgwrfR1L4iLxgO_tssB4AaABAg","Bisa kok bang di sebuhin 
 punya ku layu dah 2 hari padahal media lembab. Habis tu tak kasih sabun Mama lemon paginya gk layu sampe sekarang",,"3",,,,,,,,,,,,,,,,,,,,"false",,,,,,"https://www.youtube.com/watch?v=rdS_Bslx9hE","3 days ago","0",,,,,"TIDAK ADA OBATNYA,INI DIA CARA MENCEGAH PENYAKIT LAYU FUSARIUM","comment",,"rdS_Bslx9hE",,"0"
"@ILHAMROCKDIANTO","false",,,,"Ugy_iD5LpSILkl5EqzV4AaABAg","Min saran varietas rawit yg cocok dataran rendah",,"3",,,,,,,,,,,,,,,,,,,,"true",,,,,,"https://www.youtube.com/watch?v=rdS_Bslx9hE","9 days ago","1",,,,,"TIDAK ADA OBATNYA,INI DIA CARA MENCEGAH PENYAKIT LAYU FUSARIUM","comment",,"rdS_Bslx9hE",,"1"
"@milfar_id","true",,,,"Ugy_iD5LpSILkl5EqzV4AaABAg.A8ifLmdMzQ-A8jFMuR9t_9"," @ILHAMROCKDIANTO  bnyk, klw rawit merah ada teratas,cakra putih,bashkara,maruti,dewata, klw rawit ijo ada pelita,or trisula,bara genie",,"3",,,,,,,,,,,,,,,,,,,,"false",,,,,,"https://www.youtube.com/watch?v=rdS_Bslx9hE","9 days ago","0","Ugy_iD5LpSILkl5EqzV4AaABAg",,,,"TIDAK ADA OBATNYA,INI DIA CARA MENCEGAH PENYAKIT LAYU FUSARIUM","reply",,"rdS_Bslx9hE",,"0"
