﻿"author","authorIsChannelOwner","cid","comment","commentsCount","hasCreatorHeart","pageUrl","publishedTimeText","replyCount","replyToCid","title","type","videoId","voteCount"
"@samiseedsindonesia3973","false","UgzQdM0D5aMUA8iOUGN4AaABAg","Lokasi dmn bg..","9","false","https://www.youtube.com/watch?v=p-1RDvbHnm4","16 hours ago","0",,"Menjawab Pertanyaan Netizen : Mengatasi Kutu Kebul Pada Tanaman Cabe","comment","p-1RDvbHnm4","0"
"@samiseedsindonesia3973","false","UgwhnGg--sc36kgFp1h4AaABAg","Itu varietas apa cabe keriting nya..","9","false","https://www.youtube.com/watch?v=p-1RDvbHnm4","16 hours ago","0",,"Menjawab Pertanyaan Netizen : Mengatasi Kutu Kebul Pada Tanaman Cabe","comment","p-1RDvbHnm4","0"
"@samiseedsindonesia3973","false","Ugy_6Z4qN13AtDPZcDh4AaABAg","Salam kenal mas.","9","false","https://www.youtube.com/watch?v=p-1RDvbHnm4","16 hours ago","0",,"Menjawab Pertanyaan Netizen : Mengatasi Kutu Kebul Pada Tanaman Cabe","comment","p-1RDvbHnm4","0"
"@frengkyjome5330","false","Ugwe2sAFitdpg2FWLRZ4AaABAg","Ini chanel nya rupa nya mobil vios yg lewat depan rumah tadi di kampung sialang sakti 🤭🤭","9","false","https://www.youtube.com/watch?v=p-1RDvbHnm4","1 day ago","0",,"Menjawab Pertanyaan Netizen : Mengatasi Kutu Kebul Pada Tanaman Cabe","comment","p-1RDvbHnm4","0"
"@Tanichannelnusantara","false","UgwBm_nLGy4duqq48VJ4AaABAg","Hadir nyimak bos q🎉terima kasih ilmu nya🙏
Full durasi🎉
Full paket lengkap👌💯","9","false","https://www.youtube.com/watch?v=p-1RDvbHnm4","4 days ago","0",,"Menjawab Pertanyaan Netizen : Mengatasi Kutu Kebul Pada Tanaman Cabe","comment","p-1RDvbHnm4","0"
"@PetaniKopii","false","UgzBuB6m3VXJMDJZR-t4AaABAg","Hadir nyimak malam sahabat tani","9","false","https://www.youtube.com/watch?v=p-1RDvbHnm4","12 days ago","0",,"Menjawab Pertanyaan Netizen : Mengatasi Kutu Kebul Pada Tanaman Cabe","comment","p-1RDvbHnm4","0"
"@muhammadsyafi9542","false","UgynvKbHSUS6zk0YW854AaABAg","Pupuk dasar ap saja pak","9","false","https://www.youtube.com/watch?v=p-1RDvbHnm4","2 weeks ago","2",,"Menjawab Pertanyaan Netizen : Mengatasi Kutu Kebul Pada Tanaman Cabe","comment","p-1RDvbHnm4","0"
"@DEDI_TV","true","UgynvKbHSUS6zk0YW854AaABAg.A8I5Itx-QFbA8IDZFjzOid","cek di video sebelum nya bang","9","false","https://www.youtube.com/watch?v=p-1RDvbHnm4","2 weeks ago","0","UgynvKbHSUS6zk0YW854AaABAg","Menjawab Pertanyaan Netizen : Mengatasi Kutu Kebul Pada Tanaman Cabe","reply","p-1RDvbHnm4","0"
"@muhammadsyafi9542","false","UgynvKbHSUS6zk0YW854AaABAg.A8I5Itx-QFbA8IEKcwXHwM"," @DEDI_TV  yg mna vidionya kang","9","false","https://www.youtube.com/watch?v=p-1RDvbHnm4","2 weeks ago","0","UgynvKbHSUS6zk0YW854AaABAg","Menjawab Pertanyaan Netizen : Mengatasi Kutu Kebul Pada Tanaman Cabe","reply","p-1RDvbHnm4","0"
"@utdchannel32","false","UgxQqDjai4etPlWMZgZ4AaABAg","Hadir nyimak👍","1","false","https://www.youtube.com/watch?v=jXJkpnaoxxA","3 weeks ago","0",,"Menjawab Pertanyaan Netizen : Mengatasi Daun Keriting Pada Tanaman Cabe","comment","jXJkpnaoxxA","0"
