﻿"channelAvatarUrl","channelBannerUrl","channelDescription","channelId","channelJoinedDate","channelLocation","channelName","channelTotalVideos","channelTotalViews","channelUrl","comments","commentsCount","commentsTurnedOff","date","descriptionLinks/0/text","descriptionLinks/0/url","descriptionLinks/1/text","descriptionLinks/1/url","descriptionLinks/2/text","descriptionLinks/2/url","descriptionLinks/3/text","descriptionLinks/3/url","duration","fromYTUrl","hashtags/0","hashtags/1","hashtags/2","id","inputChannelUrl","isAgeRestricted","isChannelVerified","isMonetized","likes","location","numberOfSubscribers","subtitles","text","thumbnailUrl","title","type","url","viewCount"
"https://yt3.googleusercontent.com/ytc/AIdro_lFeI2UK1x3VYN4-MD4mxwIGV2Og8vdK8u43aQI3_6Bs_w=s160-c-k-c0x00ffffff-no-rj","https://yt3.googleusercontent.com/t1wKwvQwpqOgIK5kkoZ5khqHV1ILC0KcoBC_uIRlhnpvbaYMFHqhoLm5tTfyOFt776q_ws_-=w2560-fcrop64=1,00005a57ffffa5a8-k-c0xffffffff-no-nd-rj","Tani Mukti Barito Kuala 
Alamat : Jalan Ray 07 Rt 005, Rw 002, Desa Sido  Makmur SP 1, Kecamatan Marabahan, Kabupaten barito Kuala, Provinsi Kalimantan Selatan

Admin 
Nama  : Kunto Adi Nugroho
Email  : kuntoadinugroho5@gmail.com
Wa     : 081549109053","UCbQjYM_33_BWcxR7C9ItP1g","Jan 12, 2015","Indonesia","Tani Mukti Barito Kuala","33","356237","https://www.youtube.com/channel/UCbQjYM_33_BWcxR7C9ItP1g",,"4","false","2024-08-30T13:30:22.000Z","#rayain17anbarengpi","https://www.youtube.com/hashtag/rayain17anbarengpi","#makmurbersamaindonesia","https://www.youtube.com/hashtag/makmurbersamaindonesia","#pupukindonesiaada","https://www.youtube.com/hashtag/pupukindonesiaada","#17anbarengpi","https://www.youtube.com/hashtag/17anbarengpi","00:01:57","https://www.youtube.com/@TaniMuktiBaritoKuala/videos","#makmurbersamaindonesia","#pupukindonesiaada",,"JCGGoAlmT5A","https://www.youtube.com/@TaniMuktiBaritoKuala","false","false",,"8",,"6940",,"Salam Sejahtera Untuk Kita Semua, Salam Dari Kami Petani Muda Di Kalimantan Selatan. Terus Bangkit Dalam Membangun Negeri Sedulur Taniku. Petani Muda Sejahtera Bersama Pupuk Indonesia. Nusantara Baru Indonesia Maju

#rayain17anbarengpi 
#makmurbersamaindonesia
#pupukindonesiaada 
#17anbarengpi 

Musik Editing Video:

Musik: Voyage
Pemusik: @iksonmusic","https://i.ytimg.com/vi/JCGGoAlmT5A/maxresdefault.jpg?sqp=-oaymwEmCIAKENAF8quKqQMa8AEB-AH-CYAC0AWKAgwIABABGFMgZShZMA8=&rs=AOn4CLCVplZlHqKvaalFJvOG13Xug7I4Kg","Mari Bangkit Sedulur Petani Muda Di Nusantara","video","https://www.youtube.com/watch?v=JCGGoAlmT5A","135"
"https://yt3.googleusercontent.com/ytc/AIdro_lFeI2UK1x3VYN4-MD4mxwIGV2Og8vdK8u43aQI3_6Bs_w=s160-c-k-c0x00ffffff-no-rj","https://yt3.googleusercontent.com/t1wKwvQwpqOgIK5kkoZ5khqHV1ILC0KcoBC_uIRlhnpvbaYMFHqhoLm5tTfyOFt776q_ws_-=w2560-fcrop64=1,00005a57ffffa5a8-k-c0xffffffff-no-nd-rj","Tani Mukti Barito Kuala 
Alamat : Jalan Ray 07 Rt 005, Rw 002, Desa Sido  Makmur SP 1, Kecamatan Marabahan, Kabupaten barito Kuala, Provinsi Kalimantan Selatan

Admin 
Nama  : Kunto Adi Nugroho
Email  : kuntoadinugroho5@gmail.com
Wa     : 081549109053","UCbQjYM_33_BWcxR7C9ItP1g","Jan 12, 2015","Indonesia","Tani Mukti Barito Kuala","33","356237","https://www.youtube.com/channel/UCbQjYM_33_BWcxR7C9ItP1g",,"24","false","2024-08-26T11:45:00.000Z","#bawangmerah","https://www.youtube.com/hashtag/bawangmerah","#pertanian","https://www.youtube.com/hashtag/pertanian","#perkebunan","https://www.youtube.com/hashtag/perkebunan",,,"00:03:57","https://www.youtube.com/@TaniMuktiBaritoKuala/videos","#bawangmerah","#pertanian","#perkebunan","XMOZU6cAz3k","https://www.youtube.com/@TaniMuktiBaritoKuala","false","false",,"9",,"6940",,"Pada Hari Ini Senin Tanggal 26 Agustus 2024, Pertumbuhan Bawang Daun Varietas Lokalan, Budidaya Dimusim Kemarau.
#bawangmerah 
#pertanian 
#perkebunan","https://i.ytimg.com/vi/XMOZU6cAz3k/hqdefault.jpg?sqp=-oaymwEmCOADEOgC8quKqQMa8AEB-AHUBoAC4AOKAgwIABABGEogZShXMA8=&rs=AOn4CLCDGHv5C__HgN877yrrC9gaWAoRDg","Budidaya Bawang Daun Dimusim Kemarau","video","https://www.youtube.com/watch?v=XMOZU6cAz3k","266"
