﻿"attachments/0/style_list/0","attachments/0/style_list/1","commentUrl","commentsCount","date","facebookId","facebookUrl","feedbackId","id","inputUrl","likesCount","postTitle","profileId","profileName","profilePicture","profileUrl","replyToCommentId","text","threadingDepth"
"sticker","fallback","https://www.facebook.com/nurul.hardianti.9237/videos/416522024792621/?comment_id=371692749346044",,"2024-09-19T11:35:23.000Z","2010663572722430","https://www.facebook.com/nurul.hardianti.9237/videos/416522024792621/","ZmVlZGJhY2s6MjAxMDY2MzU3MjcyMjQzMF8zNzE2OTI3NDkzNDYwNDQ=","Y29tbWVudDoyMDEwNjYzNTcyNzIyNDMwXzM3MTY5Mjc0OTM0NjA0NA==","https://www.facebook.com/nurul.hardianti.9237/videos/416522024792621/","0","Visit lahan petani penanaman Semangka Varietas Madrid F1, Napoli F1, Dan Diva F1 Berlokasi Di Kecamatan Gantarang Kabupaten Bulukumba 🍉🍉🍉","pfbid02JkqqFQ3avBTTvx83NiP7EQyK19F19YTm8uS8JcDwkRv2g9DqagAoyRWquDQaHzFnl","RudhyLiwank Tani","https://scontent-mia3-2.xx.fbcdn.net/v/t39.30808-1/440885547_988536905990709_5392789556154869480_n.jpg?stp=cp0_dst-jpg_p32x32&_nc_cat=110&ccb=1-7&_nc_sid=0ecb9b&_nc_ohc=ivGHb4Zpb1EQ7kNvgHfPbnC&_nc_ht=scontent-mia3-2.xx&_nc_gid=A62VJBuxYY664ZiDLDXvKTF&oh=00_AYCpLA9eJ4x-7IwmjwK3PPDHeUkkKu_wRUhgGLdblou8OQ&oe=66F29F81","https://www.facebook.com/liwank.imogen",,,
"sticker","fallback","https://www.facebook.com/nurul.hardianti.9237/videos/416522024792621/?comment_id=884882510369924",,"2024-09-19T04:39:19.000Z","2010663572722430","https://www.facebook.com/nurul.hardianti.9237/videos/416522024792621/","ZmVlZGJhY2s6MjAxMDY2MzU3MjcyMjQzMF84ODQ4ODI1MTAzNjk5MjQ=","Y29tbWVudDoyMDEwNjYzNTcyNzIyNDMwXzg4NDg4MjUxMDM2OTkyNA==","https://www.facebook.com/nurul.hardianti.9237/videos/416522024792621/","0","Visit lahan petani penanaman Semangka Varietas Madrid F1, Napoli F1, Dan Diva F1 Berlokasi Di Kecamatan Gantarang Kabupaten Bulukumba 🍉🍉🍉","100009204089412","Tinny Serang","https://scontent-mia3-1.xx.fbcdn.net/v/t39.30808-1/315091409_3383092498674186_3397043082511654889_n.jpg?stp=c0.104.600.600a_cp0_dst-jpg_s32x32&_nc_cat=106&ccb=1-7&_nc_sid=50d2ac&_nc_ohc=5amn7tjZ4n8Q7kNvgGa5MeP&_nc_ht=scontent-mia3-1.xx&_nc_gid=A62VJBuxYY664ZiDLDXvKTF&oh=00_AYCOwpSFWHfWp10BXKpk7vg-N7FlnkHbbz-DCiz5WB9APw&oe=66F2B0AF","https://www.facebook.com/tisya.nirwana.3",,,
"sticker","fallback","https://www.facebook.com/nurul.hardianti.9237/videos/416522024792621/?comment_id=978526114033996","1","2024-09-19T04:29:48.000Z","2010663572722430","https://www.facebook.com/nurul.hardianti.9237/videos/416522024792621/","ZmVlZGJhY2s6MjAxMDY2MzU3MjcyMjQzMF85Nzg1MjYxMTQwMzM5OTY=","Y29tbWVudDoyMDEwNjYzNTcyNzIyNDMwXzk3ODUyNjExNDAzMzk5Ng==","https://www.facebook.com/nurul.hardianti.9237/videos/416522024792621/","0","Visit lahan petani penanaman Semangka Varietas Madrid F1, Napoli F1, Dan Diva F1 Berlokasi Di Kecamatan Gantarang Kabupaten Bulukumba 🍉🍉🍉","100078895395532","Jabil Om Pal","https://scontent-mia3-1.xx.fbcdn.net/v/t39.30808-1/396834882_328389536467557_3714608804951555940_n.jpg?stp=c8.0.561.561a_cp0_dst-jpg_s32x32&_nc_cat=104&ccb=1-7&_nc_sid=50d2ac&_nc_ohc=tPNZ8pqezJAQ7kNvgFnUBhl&_nc_ht=scontent-mia3-1.xx&_nc_gid=A62VJBuxYY664ZiDLDXvKTF&oh=00_AYBltvKLFyn3tfOdBtZupWkA4DlhgsGucdmcNEQpDSvV7A&oe=66F29F17","https://www.facebook.com/people/Jabil-Om-Pal/100078895395532/",,,
,,"https://www.facebook.com/nurul.hardianti.9237/videos/416522024792621/?comment_id=557118646850074","5","2024-09-19T02:37:46.000Z","2010663572722430","https://www.facebook.com/nurul.hardianti.9237/videos/416522024792621/","ZmVlZGJhY2s6MjAxMDY2MzU3MjcyMjQzMF81NTcxMTg2NDY4NTAwNzQ=","Y29tbWVudDoyMDEwNjYzNTcyNzIyNDMwXzU1NzExODY0Njg1MDA3NA==","https://www.facebook.com/nurul.hardianti.9237/videos/416522024792621/","0","Visit lahan petani penanaman Semangka Varietas Madrid F1, Napoli F1, Dan Diva F1 Berlokasi Di Kecamatan Gantarang Kabupaten Bulukumba 🍉🍉🍉","100014623516733","Muhammadjafar","https://scontent-mia3-1.xx.fbcdn.net/v/t39.30808-1/437777564_1796463224184444_6323579690372403329_n.jpg?stp=cp0_dst-jpg_s32x32&_nc_cat=104&ccb=1-7&_nc_sid=50d2ac&_nc_ohc=DLXuvKTFXwsQ7kNvgEGrgnq&_nc_ht=scontent-mia3-1.xx&_nc_gid=A62VJBuxYY664ZiDLDXvKTF&oh=00_AYBoTVySsAaAxX0voCAbIKiiVcbCAIc0wJxBaElxq8KDAQ&oe=66F29B10","https://www.facebook.com/jafaremba",,"Otw bulukumba cari semangka😂😂😂",
,,"https://www.facebook.com/nurul.hardianti.9237/videos/416522024792621/?comment_id=8264268617001222","1","2024-09-19T03:31:53.000Z","2010663572722430","https://www.facebook.com/nurul.hardianti.9237/videos/416522024792621/","ZmVlZGJhY2s6MjAxMDY2MzU3MjcyMjQzMF84MjY0MjY4NjE3MDAxMjIy","Y29tbWVudDoyMDEwNjYzNTcyNzIyNDMwXzgyNjQyNjg2MTcwMDEyMjI=","https://www.facebook.com/nurul.hardianti.9237/videos/416522024792621/","0","Visit lahan petani penanaman Semangka Varietas Madrid F1, Napoli F1, Dan Diva F1 Berlokasi Di Kecamatan Gantarang Kabupaten Bulukumba 🍉🍉🍉","100050526521567","Basri Bawakaraeng","https://scontent-mia3-1.xx.fbcdn.net/v/t39.30808-1/456563686_1123311822696358_4089561010118847098_n.jpg?stp=c0.18.588.588a_cp0_dst-jpg_s32x32&_nc_cat=100&ccb=1-7&_nc_sid=50d2ac&_nc_ohc=O0WbwUk_2poQ7kNvgFvkYi2&_nc_ht=scontent-mia3-1.xx&_nc_gid=A62VJBuxYY664ZiDLDXvKTF&oh=00_AYBASf5vq3ELYDOgSdW7T8So16wsnfD0gp7J23YMe07BDg&oe=66F2BDDC",,,"Bellana ntu ibu",
,,"https://www.facebook.com/nurul.hardianti.9237/videos/416522024792621/?comment_id=938174121550304","1","2024-09-19T03:57:57.000Z","2010663572722430","https://www.facebook.com/nurul.hardianti.9237/videos/416522024792621/","ZmVlZGJhY2s6MjAxMDY2MzU3MjcyMjQzMF85MzgxNzQxMjE1NTAzMDQ=","Y29tbWVudDoyMDEwNjYzNTcyNzIyNDMwXzkzODE3NDEyMTU1MDMwNA==","https://www.facebook.com/nurul.hardianti.9237/videos/416522024792621/","0","Visit lahan petani penanaman Semangka Varietas Madrid F1, Napoli F1, Dan Diva F1 Berlokasi Di Kecamatan Gantarang Kabupaten Bulukumba 🍉🍉🍉","100007578522755","Renzy Bintangasia","https://scontent-mia3-1.xx.fbcdn.net/v/t39.30808-1/426012403_3605728109689771_2277782955804277447_n.jpg?stp=cp0_dst-jpg_s32x32&_nc_cat=104&ccb=1-7&_nc_sid=50d2ac&_nc_ohc=V70ESvgEanEQ7kNvgG-5-B-&_nc_ht=scontent-mia3-1.xx&_nc_gid=A62VJBuxYY664ZiDLDXvKTF&oh=00_AYBdVDS6fsCUTTXjf-y2deVGyq8B4_LkBwsEwHfCzPC5Tg&oe=66F2AB84","https://www.facebook.com/renzi.prayuda",,"Mantap boss",
"sticker","fallback","https://www.facebook.com/nurul.hardianti.9237/videos/416522024792621/?comment_id=7406956852741277","1","2024-09-19T03:26:23.000Z","2010663572722430","https://www.facebook.com/nurul.hardianti.9237/videos/416522024792621/","ZmVlZGJhY2s6MjAxMDY2MzU3MjcyMjQzMF83NDA2OTU2ODUyNzQxMjc3","Y29tbWVudDoyMDEwNjYzNTcyNzIyNDMwXzc0MDY5NTY4NTI3NDEyNzc=","https://www.facebook.com/nurul.hardianti.9237/videos/416522024792621/","0","Visit lahan petani penanaman Semangka Varietas Madrid F1, Napoli F1, Dan Diva F1 Berlokasi Di Kecamatan Gantarang Kabupaten Bulukumba 🍉🍉🍉","100047039708816","Syamsul Bahri","https://scontent-mia3-2.xx.fbcdn.net/v/t39.30808-1/448129747_983605146550800_1114091347403913103_n.jpg?stp=cp0_dst-jpg_s32x32&_nc_cat=102&ccb=1-7&_nc_sid=50d2ac&_nc_ohc=NTt2Vs4MG50Q7kNvgGZwqJE&_nc_ht=scontent-mia3-2.xx&_nc_gid=A62VJBuxYY664ZiDLDXvKTF&oh=00_AYAjzdoKa0j_mGS-EJnmwM2JZwqlpKNaDJTUbS_xFLfoFA&oe=66F2B549","https://www.facebook.com/people/Syamsul-Bahri/100047039708816/",,"Gas full Bosku nyalakan merahmu",
,,"https://www.facebook.com/nurul.hardianti.9237/videos/532322959185131/?comment_id=882707973343620","6","2024-09-19T11:02:42.000Z","2010878796034241","https://www.facebook.com/nurul.hardianti.9237/videos/532322959185131/","ZmVlZGJhY2s6MjAxMDg3ODc5NjAzNDI0MV84ODI3MDc5NzMzNDM2MjA=","Y29tbWVudDoyMDEwODc4Nzk2MDM0MjQxXzg4MjcwNzk3MzM0MzYyMA==","https://www.facebook.com/nurul.hardianti.9237/videos/532322959185131/","0","Madrid F1...
Champion🥉
Semangka Non Biji 🍉🍉🍉

Semangka hibrida non biji.
Bentuk buah : bulat.
Warna kulit : hijau gelap.
Warna daging : merah.
Berat buah...","100014623516733","Muhammadjafar","https://scontent-lax3-1.xx.fbcdn.net/v/t39.30808-1/437777564_1796463224184444_6323579690372403329_n.jpg?stp=cp0_dst-jpg_s32x32&_nc_cat=104&ccb=1-7&_nc_sid=50d2ac&_nc_ohc=DLXuvKTFXwsQ7kNvgFwgJws&_nc_ht=scontent-lax3-1.xx&_nc_gid=AUjOJYVAjbyM2-MA2FvjE9k&oh=00_AYCucbIrApgmFw7L1VaBLdF1mdzX45sjoeNx7DlU6ugWcg&oe=66F29B10","https://www.facebook.com/jafaremba",,"Gimana caranya bisa dapat semangka madridnya satu biji..?",
,,"https://www.facebook.com/nurul.hardianti.9237/videos/532322959185131/?comment_id=3813920072268504","16","2024-09-19T08:12:14.000Z","2010878796034241","https://www.facebook.com/nurul.hardianti.9237/videos/532322959185131/","ZmVlZGJhY2s6MjAxMDg3ODc5NjAzNDI0MV8zODEzOTIwMDcyMjY4NTA0","Y29tbWVudDoyMDEwODc4Nzk2MDM0MjQxXzM4MTM5MjAwNzIyNjg1MDQ=","https://www.facebook.com/nurul.hardianti.9237/videos/532322959185131/","0","Madrid F1...
Champion🥉
Semangka Non Biji 🍉🍉🍉

Semangka hibrida non biji.
Bentuk buah : bulat.
Warna kulit : hijau gelap.
Warna daging : merah.
Berat buah...","pfbid0UkRPpwgbNETkAxiFk9pkGJhhWhZvZKnX3cZHhZ5SFSYJor65jWh2h7BSGkXvwpsvl","Daeng Arul Jasjus Jr.","https://scontent-lax3-2.xx.fbcdn.net/v/t39.30808-1/450674402_122097575870411642_4983933138480219607_n.jpg?stp=cp0_dst-jpg_s32x32&_nc_cat=111&ccb=1-7&_nc_sid=0ecb9b&_nc_ohc=4gd13LgTQaQQ7kNvgEjDaGW&_nc_ht=scontent-lax3-2.xx&_nc_gid=AUjOJYVAjbyM2-MA2FvjE9k&oh=00_AYA7_pjdrlDSwkEdEazCrZ_jg2WfHe0MgG8GaG4DLU_B4A&oe=66F2C093","https://www.facebook.com/people/Daeng-Arul-Jasjus-Jr/pfbid0UkRPpwgbNETkAxiFk9pkGJhhWhZvZKnX3cZHhZ5SFSYJor65jWh2h7BSGkXvwpsvl/",,"Otw 5000 /kg",
,,"https://www.facebook.com/nurul.hardianti.9237/videos/532322959185131/?comment_id=1894774791325482","3","2024-09-19T08:30:58.000Z","2010878796034241","https://www.facebook.com/nurul.hardianti.9237/videos/532322959185131/","ZmVlZGJhY2s6MjAxMDg3ODc5NjAzNDI0MV8xODk0Nzc0NzkxMzI1NDgy","Y29tbWVudDoyMDEwODc4Nzk2MDM0MjQxXzE4OTQ3NzQ3OTEzMjU0ODI=","https://www.facebook.com/nurul.hardianti.9237/videos/532322959185131/","0","Madrid F1...
Champion🥉
Semangka Non Biji 🍉🍉🍉

Semangka hibrida non biji.
Bentuk buah : bulat.
Warna kulit : hijau gelap.
Warna daging : merah.
Berat buah...","pfbid02wqJJ48XmSizeaTf5YYZmXHmKxuBX3a2PzLEdbPpXbBZtrPjEYhq2RErMZ6xdbJ5Sl","Sain Muhammad Alfian","https://scontent-lax3-1.xx.fbcdn.net/v/t39.30808-1/452236782_1430351004343236_429209480021872887_n.jpg?stp=cp0_dst-jpg_s32x32&_nc_cat=109&ccb=1-7&_nc_sid=0ecb9b&_nc_ohc=V-EhtSUwdsAQ7kNvgHEigEz&_nc_ht=scontent-lax3-1.xx&_nc_gid=AUjOJYVAjbyM2-MA2FvjE9k&oh=00_AYBtZjgrAyJAIiF0F9vWsb9vSZNyDv4lcnUH9lhTMWv0ow&oe=66F2BDEA","https://www.facebook.com/people/Sain-Muhammad-Alfian/pfbid02wqJJ48XmSizeaTf5YYZmXHmKxuBX3a2PzLEdbPpXbBZtrPjEYhq2RErMZ6xdbJ5Sl/",,"Seger tuh kalau dibelah langsung di tempat mba wkwk",
,,"https://www.facebook.com/nurul.hardianti.9237/videos/532322959185131/?comment_id=1214649673190075","1","2024-09-19T11:59:42.000Z","2010878796034241","https://www.facebook.com/nurul.hardianti.9237/videos/532322959185131/","ZmVlZGJhY2s6MjAxMDg3ODc5NjAzNDI0MV8xMjE0NjQ5NjczMTkwMDc1","Y29tbWVudDoyMDEwODc4Nzk2MDM0MjQxXzEyMTQ2NDk2NzMxOTAwNzU=","https://www.facebook.com/nurul.hardianti.9237/videos/532322959185131/","0","Madrid F1...
Champion🥉
Semangka Non Biji 🍉🍉🍉

Semangka hibrida non biji.
Bentuk buah : bulat.
Warna kulit : hijau gelap.
Warna daging : merah.
Berat buah...","pfbid02TNUjabxWCyu7BZFK3wk46qj69JFS6PHWhzSC9NvVaaXyEUECijUHaZs4U4kdXwWLl","Syahrir Arfan","https://scontent-lax3-2.xx.fbcdn.net/v/t1.6435-1/91260558_525854091453482_1357539321455837184_n.jpg?stp=c240.0.959.959a_cp0_dst-jpg_s32x32&_nc_cat=111&ccb=1-7&_nc_sid=0ecb9b&_nc_ohc=qkm5qb8IXTQQ7kNvgEaABWz&_nc_ht=scontent-lax3-2.xx&_nc_gid=AUjOJYVAjbyM2-MA2FvjE9k&oh=00_AYDRsrqikkdgAlYcGSPQuD-gCW2QREoi_P6lJLhDlUKj4A&oe=67144C13","https://www.facebook.com/syahrir.arfan.94",,"Musim hujanpi br pesanka semua jenis bibit yg cocok di dataran rendah.",
,,"https://www.facebook.com/nurul.hardianti.9237/videos/532322959185131/?comment_id=1437552923592434",,"2024-09-19T11:12:26.000Z","2010878796034241","https://www.facebook.com/nurul.hardianti.9237/videos/532322959185131/","ZmVlZGJhY2s6MjAxMDg3ODc5NjAzNDI0MV8xNDM3NTUyOTIzNTkyNDM0","Y29tbWVudDoyMDEwODc4Nzk2MDM0MjQxXzE0Mzc1NTI5MjM1OTI0MzQ=","https://www.facebook.com/nurul.hardianti.9237/videos/532322959185131/","0","Madrid F1...
Champion🥉
Semangka Non Biji 🍉🍉🍉

Semangka hibrida non biji.
Bentuk buah : bulat.
Warna kulit : hijau gelap.
Warna daging : merah.
Berat buah...","100014623516733","Muhammadjafar","https://scontent-lax3-1.xx.fbcdn.net/v/t39.30808-1/437777564_1796463224184444_6323579690372403329_n.jpg?stp=cp0_dst-jpg_s32x32&_nc_cat=104&ccb=1-7&_nc_sid=50d2ac&_nc_ohc=DLXuvKTFXwsQ7kNvgFwgJws&_nc_ht=scontent-lax3-1.xx&_nc_gid=AUjOJYVAjbyM2-MA2FvjE9k&oh=00_AYCucbIrApgmFw7L1VaBLdF1mdzX45sjoeNx7DlU6ugWcg&oe=66F29B10","https://www.facebook.com/jafaremba",,"Daeng Arul Jasjus Jr. Hahaha...",
,,"https://www.facebook.com/nurul.hardianti.9237/videos/532322959185131/?comment_id=503238292344192","1","2024-09-19T08:21:52.000Z","2010878796034241","https://www.facebook.com/nurul.hardianti.9237/videos/532322959185131/","ZmVlZGJhY2s6MjAxMDg3ODc5NjAzNDI0MV81MDMyMzgyOTIzNDQxOTI=","Y29tbWVudDoyMDEwODc4Nzk2MDM0MjQxXzUwMzIzODI5MjM0NDE5Mg==","https://www.facebook.com/nurul.hardianti.9237/videos/532322959185131/","0","Madrid F1...
Champion🥉
Semangka Non Biji 🍉🍉🍉

Semangka hibrida non biji.
Bentuk buah : bulat.
Warna kulit : hijau gelap.
Warna daging : merah.
Berat buah...","100007578522755","Renzy Bintangasia","https://scontent-lax3-1.xx.fbcdn.net/v/t39.30808-1/426012403_3605728109689771_2277782955804277447_n.jpg?stp=cp0_dst-jpg_s32x32&_nc_cat=104&ccb=1-7&_nc_sid=50d2ac&_nc_ohc=V70ESvgEanEQ7kNvgHr1qRp&_nc_ht=scontent-lax3-1.xx&_nc_gid=AUjOJYVAjbyM2-MA2FvjE9k&oh=00_AYBd96JEMj-uzTdMUZExFBNWkEJuYcNp-TJZMmXU8f4FSQ&oe=66F2AB84","https://www.facebook.com/renzi.prayuda",,"Mantap",
,,"https://www.facebook.com/nurul.hardianti.9237/videos/532322959185131/?comment_id=1059962695528552","1","2024-09-19T15:06:07.000Z","2010878796034241","https://www.facebook.com/nurul.hardianti.9237/videos/532322959185131/","ZmVlZGJhY2s6MjAxMDg3ODc5NjAzNDI0MV8xMDU5OTYyNjk1NTI4NTUy","Y29tbWVudDoyMDEwODc4Nzk2MDM0MjQxXzEwNTk5NjI2OTU1Mjg1NTI=","https://www.facebook.com/nurul.hardianti.9237/videos/532322959185131/","0","Madrid F1...
Champion🥉
Semangka Non Biji 🍉🍉🍉

Semangka hibrida non biji.
Bentuk buah : bulat.
Warna kulit : hijau gelap.
Warna daging : merah.
Berat buah...","100009994003233","Ilham Bintang Asia","https://scontent-lax3-2.xx.fbcdn.net/v/t39.30808-1/349801600_780566773437800_6977822504580595866_n.jpg?stp=cp0_dst-jpg_s32x32&_nc_cat=100&ccb=1-7&_nc_sid=50d2ac&_nc_ohc=OCulvHZCG2QQ7kNvgEoMMQZ&_nc_ht=scontent-lax3-2.xx&_nc_gid=AUjOJYVAjbyM2-MA2FvjE9k&oh=00_AYB_0HpUhXitboW39KN3JGkddsbavdGvRAuuoBTn4gCg6A&oe=66F29FBB","https://www.facebook.com/ilham.ajo.37604",,"Mangtaaabb ☝️☝️☝️",
,,"https://www.facebook.com/nurul.hardianti.9237/videos/532322959185131/?comment_id=1969858626862337","1","2024-09-19T12:24:57.000Z","2010878796034241","https://www.facebook.com/nurul.hardianti.9237/videos/532322959185131/","ZmVlZGJhY2s6MjAxMDg3ODc5NjAzNDI0MV8xOTY5ODU4NjI2ODYyMzM3","Y29tbWVudDoyMDEwODc4Nzk2MDM0MjQxXzE5Njk4NTg2MjY4NjIzMzc=","https://www.facebook.com/nurul.hardianti.9237/videos/532322959185131/","0","Madrid F1...
Champion🥉
Semangka Non Biji 🍉🍉🍉

Semangka hibrida non biji.
Bentuk buah : bulat.
Warna kulit : hijau gelap.
Warna daging : merah.
Berat buah...","pfbid0347qordqULfVnvkKghMgNTmGnR4ux9ENsgjEPp1UyEXSok5kSTchhwBDbBD8vz6rQl","Basir Puang Patung","https://scontent-lax3-2.xx.fbcdn.net/v/t39.30808-1/448813934_451186594221476_1756716238443210710_n.jpg?stp=cp0_dst-jpg_s32x32&_nc_cat=107&ccb=1-7&_nc_sid=0ecb9b&_nc_ohc=BKLy61jbOJcQ7kNvgFTysMZ&_nc_ht=scontent-lax3-2.xx&_nc_gid=AUjOJYVAjbyM2-MA2FvjE9k&oh=00_AYAy9Y_xwBLY9nZ_EI11qR9FCLkIj0GLfIcbcfpC3uc3aA&oe=66F2C942","https://www.facebook.com/people/Basir-Puang-Patung/pfbid0347qordqULfVnvkKghMgNTmGnR4ux9ENsgjEPp1UyEXSok5kSTchhwBDbBD8vz6rQl/",,"Pangerangan Tonga sibatu",
"sticker","fallback","https://www.facebook.com/nurul.hardianti.9237/videos/416522024792621/?comment_id=1032343938427564",,"2024-09-19T03:13:30.000Z","2010663572722430","https://www.facebook.com/nurul.hardianti.9237/videos/416522024792621/","ZmVlZGJhY2s6MjAxMDY2MzU3MjcyMjQzMF8xMDMyMzQzOTM4NDI3NTY0","Y29tbWVudDoyMDEwNjYzNTcyNzIyNDMwXzEwMzIzNDM5Mzg0Mjc1NjQ=","https://www.facebook.com/nurul.hardianti.9237/videos/416522024792621/","0","Visit lahan petani penanaman Semangka Varietas Madrid F1, Napoli F1, Dan Diva F1 Berlokasi Di Kecamatan Gantarang Kabupaten Bulukumba 🍉🍉🍉","100013364191442","Nrll Bintang Asia","https://scontent-iad3-1.xx.fbcdn.net/v/t39.30808-1/458447769_1998595423929245_3345542859681615678_n.jpg?stp=c0.153.922.922a_cp0_dst-jpg_s32x32&_nc_cat=107&ccb=1-7&_nc_sid=50d2ac&_nc_ohc=etu0XQwpKC8Q7kNvgFcxq_2&_nc_ht=scontent-iad3-1.xx&_nc_gid=AapVTxC5tKfj7LoXvQgFMS7&oh=00_AYCVv9XzFuux4YtOdjKk2Eb0Iqj-4hknzsj_9_gTQIalBg&oe=66F2C605","https://www.facebook.com/nurul.hardianti.9237","Y29tbWVudDoyMDEwNjYzNTcyNzIyNDMwXzU1NzExODY0Njg1MDA3NA==","Muhammadjafar Ngerinya itu dg emba kalau banteng terus na ingat.. hampirmi tauwa😄😄","2"
,,"https://www.facebook.com/nurul.hardianti.9237/videos/416522024792621/?comment_id=3127832657353915",,"2024-09-19T02:56:08.000Z","2010663572722430","https://www.facebook.com/nurul.hardianti.9237/videos/416522024792621/","ZmVlZGJhY2s6MjAxMDY2MzU3MjcyMjQzMF8zMTI3ODMyNjU3MzUzOTE1","Y29tbWVudDoyMDEwNjYzNTcyNzIyNDMwXzMxMjc4MzI2NTczNTM5MTU=","https://www.facebook.com/nurul.hardianti.9237/videos/416522024792621/","0","Visit lahan petani penanaman Semangka Varietas Madrid F1, Napoli F1, Dan Diva F1 Berlokasi Di Kecamatan Gantarang Kabupaten Bulukumba 🍉🍉🍉","pfbid02A9KGJPtSZEEQAinKRxErJxRtfswaX5rviWiqqrJARRp2pnWKNipVf7i1vRmeex2hl","Jumriani","https://scontent-iad3-2.xx.fbcdn.net/v/t39.30808-1/445418358_1485624865703460_1743489439682232472_n.jpg?stp=cp0_dst-jpg_s32x32&_nc_cat=100&ccb=1-7&_nc_sid=0ecb9b&_nc_ohc=KTFlpeH8udQQ7kNvgH6YGP8&_nc_ht=scontent-iad3-2.xx&_nc_gid=AapVTxC5tKfj7LoXvQgFMS7&oh=00_AYCUpx-zO_kqvCyO9LbMPJg5oQPCUDzEc_0w9qifNQ88KA&oe=66F2A69D","https://www.facebook.com/jumriani.jumriani.92798072","Y29tbWVudDoyMDEwNjYzNTcyNzIyNDMwXzU1NzExODY0Njg1MDA3NA==","Nrll Bintang Asia hahaaa,, ada ku ingat klau bahasa te'aja😂😂😂","2"
,,"https://www.facebook.com/nurul.hardianti.9237/videos/416522024792621/?comment_id=1319406192835719",,"2024-09-19T02:53:51.000Z","2010663572722430","https://www.facebook.com/nurul.hardianti.9237/videos/416522024792621/","ZmVlZGJhY2s6MjAxMDY2MzU3MjcyMjQzMF8xMzE5NDA2MTkyODM1NzE5","Y29tbWVudDoyMDEwNjYzNTcyNzIyNDMwXzEzMTk0MDYxOTI4MzU3MTk=","https://www.facebook.com/nurul.hardianti.9237/videos/416522024792621/","0","Visit lahan petani penanaman Semangka Varietas Madrid F1, Napoli F1, Dan Diva F1 Berlokasi Di Kecamatan Gantarang Kabupaten Bulukumba 🍉🍉🍉","100014623516733","Muhammadjafar","https://scontent-iad3-1.xx.fbcdn.net/v/t39.30808-1/437777564_1796463224184444_6323579690372403329_n.jpg?stp=cp0_dst-jpg_s32x32&_nc_cat=104&ccb=1-7&_nc_sid=50d2ac&_nc_ohc=DLXuvKTFXwsQ7kNvgHVRpFF&_nc_ht=scontent-iad3-1.xx&_nc_gid=AapVTxC5tKfj7LoXvQgFMS7&oh=00_AYD1JvVeKqfEosVFy0nvwdKMJ6QrVd-gpKnhdF2FWNCp8A&oe=66F29B10","https://www.facebook.com/jafaremba","Y29tbWVudDoyMDEwNjYzNTcyNzIyNDMwXzU1NzExODY0Njg1MDA3NA==","Nrll Bintang Asia Jawaya lagi galau,..Banteng terus naingat😂😂","2"
"photo","fallback","https://www.facebook.com/nurul.hardianti.9237/videos/416522024792621/?comment_id=1728213647982329","3","2024-09-19T02:44:08.000Z","2010663572722430","https://www.facebook.com/nurul.hardianti.9237/videos/416522024792621/","ZmVlZGJhY2s6MjAxMDY2MzU3MjcyMjQzMF8xNzI4MjEzNjQ3OTgyMzI5","Y29tbWVudDoyMDEwNjYzNTcyNzIyNDMwXzE3MjgyMTM2NDc5ODIzMjk=","https://www.facebook.com/nurul.hardianti.9237/videos/416522024792621/","2","Visit lahan petani penanaman Semangka Varietas Madrid F1, Napoli F1, Dan Diva F1 Berlokasi Di Kecamatan Gantarang Kabupaten Bulukumba 🍉🍉🍉","100013364191442","Nrll Bintang Asia","https://scontent-iad3-1.xx.fbcdn.net/v/t39.30808-1/458447769_1998595423929245_3345542859681615678_n.jpg?stp=c0.153.922.922a_cp0_dst-jpg_s32x32&_nc_cat=107&ccb=1-7&_nc_sid=50d2ac&_nc_ohc=etu0XQwpKC8Q7kNvgFcxq_2&_nc_ht=scontent-iad3-1.xx&_nc_gid=AapVTxC5tKfj7LoXvQgFMS7&oh=00_AYCVv9XzFuux4YtOdjKk2Eb0Iqj-4hknzsj_9_gTQIalBg&oe=66F2C605","https://www.facebook.com/nurul.hardianti.9237","Y29tbWVudDoyMDEwNjYzNTcyNzIyNDMwXzU1NzExODY0Njg1MDA3NA==","Mas Jawa lagi di bulukumba cari Te'aja😄😄","1"
,,"https://www.facebook.com/nurul.hardianti.9237/videos/416522024792621/?comment_id=405069518989633",,"2024-09-19T02:43:34.000Z","2010663572722430","https://www.facebook.com/nurul.hardianti.9237/videos/416522024792621/","ZmVlZGJhY2s6MjAxMDY2MzU3MjcyMjQzMF80MDUwNjk1MTg5ODk2MzM=","Y29tbWVudDoyMDEwNjYzNTcyNzIyNDMwXzQwNTA2OTUxODk4OTYzMw==","https://www.facebook.com/nurul.hardianti.9237/videos/416522024792621/","0","Visit lahan petani penanaman Semangka Varietas Madrid F1, Napoli F1, Dan Diva F1 Berlokasi Di Kecamatan Gantarang Kabupaten Bulukumba 🍉🍉🍉","100013364191442","Nrll Bintang Asia","https://scontent-iad3-1.xx.fbcdn.net/v/t39.30808-1/458447769_1998595423929245_3345542859681615678_n.jpg?stp=c0.153.922.922a_cp0_dst-jpg_s32x32&_nc_cat=107&ccb=1-7&_nc_sid=50d2ac&_nc_ohc=etu0XQwpKC8Q7kNvgFcxq_2&_nc_ht=scontent-iad3-1.xx&_nc_gid=AapVTxC5tKfj7LoXvQgFMS7&oh=00_AYCVv9XzFuux4YtOdjKk2Eb0Iqj-4hknzsj_9_gTQIalBg&oe=66F2C605","https://www.facebook.com/nurul.hardianti.9237","Y29tbWVudDoyMDEwNjYzNTcyNzIyNDMwXzU1NzExODY0Njg1MDA3NA==","Muhammadjafar Siniki dg emba😃","1"
,,"https://www.facebook.com/nurul.hardianti.9237/videos/416522024792621/?comment_id=542961728300164",,"2024-09-19T10:16:35.000Z","2010663572722430","https://www.facebook.com/nurul.hardianti.9237/videos/416522024792621/","ZmVlZGJhY2s6MjAxMDY2MzU3MjcyMjQzMF81NDI5NjE3MjgzMDAxNjQ=","Y29tbWVudDoyMDEwNjYzNTcyNzIyNDMwXzU0Mjk2MTcyODMwMDE2NA==","https://www.facebook.com/nurul.hardianti.9237/videos/416522024792621/","0","Visit lahan petani penanaman Semangka Varietas Madrid F1, Napoli F1, Dan Diva F1 Berlokasi Di Kecamatan Gantarang Kabupaten Bulukumba 🍉🍉🍉","100013364191442","Nrll Bintang Asia","https://scontent-iad3-1.xx.fbcdn.net/v/t39.30808-1/458447769_1998595423929245_3345542859681615678_n.jpg?stp=c0.153.922.922a_cp0_dst-jpg_s32x32&_nc_cat=107&ccb=1-7&_nc_sid=50d2ac&_nc_ohc=etu0XQwpKC8Q7kNvgFCwjFl&_nc_ht=scontent-iad3-1.xx&oh=00_AYCLpOaSZ4vTe0_SmBli_SKdrFMSBUe8nueMS1oCfuqHow&oe=66F2C605","https://www.facebook.com/nurul.hardianti.9237","Y29tbWVudDoyMDEwNjYzNTcyNzIyNDMwXzc0MDY5NTY4NTI3NDEyNzc=","Syamsul Bahri Hehehe kereenn2 pak..🍉🍉","1"
,,"https://www.facebook.com/nurul.hardianti.9237/videos/416522024792621/?comment_id=3792641324352454",,"2024-09-19T10:31:31.000Z","2010663572722430","https://www.facebook.com/nurul.hardianti.9237/videos/416522024792621/","ZmVlZGJhY2s6MjAxMDY2MzU3MjcyMjQzMF8zNzkyNjQxMzI0MzUyNDU0","Y29tbWVudDoyMDEwNjYzNTcyNzIyNDMwXzM3OTI2NDEzMjQzNTI0NTQ=","https://www.facebook.com/nurul.hardianti.9237/videos/416522024792621/","0","Visit lahan petani penanaman Semangka Varietas Madrid F1, Napoli F1, Dan Diva F1 Berlokasi Di Kecamatan Gantarang Kabupaten Bulukumba 🍉🍉🍉","100013364191442","Nrll Bintang Asia","https://scontent.flas1-2.fna.fbcdn.net/v/t39.30808-1/458447769_1998595423929245_3345542859681615678_n.jpg?stp=c0.153.922.922a_cp0_dst-jpg_s32x32&_nc_cat=107&ccb=1-7&_nc_sid=50d2ac&_nc_ohc=etu0XQwpKC8Q7kNvgHDV6V9&_nc_ht=scontent.flas1-2.fna&_nc_gid=A5tmqoj4V6NAFFfQzBmfCWR&oh=00_AYC5ifwTdYpcWdsZ-MwG04yaokjVWr8C6rDzDjeu5XxdZw&oe=66F2C605","https://www.facebook.com/nurul.hardianti.9237","Y29tbWVudDoyMDEwNjYzNTcyNzIyNDMwXzk3ODUyNjExNDAzMzk5Ng==","Jabil Om Pal Adakah bintang 5🤣","1"
,,"https://www.facebook.com/nurul.hardianti.9237/videos/416522024792621/?comment_id=1491130418945462",,"2024-09-19T10:31:12.000Z","2010663572722430","https://www.facebook.com/nurul.hardianti.9237/videos/416522024792621/","ZmVlZGJhY2s6MjAxMDY2MzU3MjcyMjQzMF8xNDkxMTMwNDE4OTQ1NDYy","Y29tbWVudDoyMDEwNjYzNTcyNzIyNDMwXzE0OTExMzA0MTg5NDU0NjI=","https://www.facebook.com/nurul.hardianti.9237/videos/416522024792621/","0","Visit lahan petani penanaman Semangka Varietas Madrid F1, Napoli F1, Dan Diva F1 Berlokasi Di Kecamatan Gantarang Kabupaten Bulukumba 🍉🍉🍉","100013364191442","Nrll Bintang Asia","https://scontent-iad3-1.xx.fbcdn.net/v/t39.30808-1/458447769_1998595423929245_3345542859681615678_n.jpg?stp=c0.153.922.922a_cp0_dst-jpg_s32x32&_nc_cat=107&ccb=1-7&_nc_sid=50d2ac&_nc_ohc=etu0XQwpKC8Q7kNvgH8ocUC&_nc_ht=scontent-iad3-1.xx&oh=00_AYDD2-gqpMBIXNNT7eLU7GR1ehHZL68xDpVZ4_tQFw9iCw&oe=66F2C605","https://www.facebook.com/nurul.hardianti.9237","Y29tbWVudDoyMDEwNjYzNTcyNzIyNDMwXzgyNjQyNjg2MTcwMDEyMjI=","Basri Bawakaraeng hehehe iye bella2 tosseng pak","1"
,,"https://www.facebook.com/nurul.hardianti.9237/videos/532322959185131/?comment_id=430594356209766",,"2024-09-20T00:11:30.000Z","2010878796034241","https://www.facebook.com/nurul.hardianti.9237/videos/532322959185131/","ZmVlZGJhY2s6MjAxMDg3ODc5NjAzNDI0MV80MzA1OTQzNTYyMDk3NjY=","Y29tbWVudDoyMDEwODc4Nzk2MDM0MjQxXzQzMDU5NDM1NjIwOTc2Ng==","https://www.facebook.com/nurul.hardianti.9237/videos/532322959185131/","0","Madrid F1...
Champion🥉
Semangka Non Biji 🍉🍉🍉

Semangka hibrida non biji.
Bentuk buah : bulat.
Warna kulit : hijau gelap.
Warna daging : merah.
Berat buah...","100013364191442","Nrll Bintang Asia","https://scontent-iad3-1.xx.fbcdn.net/v/t39.30808-1/458447769_1998595423929245_3345542859681615678_n.jpg?stp=c0.153.922.922a_cp0_dst-jpg_s32x32&_nc_cat=107&ccb=1-7&_nc_sid=50d2ac&_nc_ohc=etu0XQwpKC8Q7kNvgHXMZl3&_nc_ht=scontent-iad3-1.xx&_nc_gid=A7BNAl9nKrFMxu2LKuSWY-_&oh=00_AYDfuwChVNScSt9UF3Ao43UPMVja5Sg1e9EqpP-mQ8RCpA&oe=66F2C605","https://www.facebook.com/nurul.hardianti.9237","Y29tbWVudDoyMDEwODc4Nzk2MDM0MjQxXzE4OTQ3NzQ3OTEzMjU0ODI=","Muhammadjafar Hehehe iye tauwa dg emba🤣 semangka.menyebrang kabupaten","2"
,,"https://www.facebook.com/nurul.hardianti.9237/videos/532322959185131/?comment_id=904875268202261",,"2024-09-19T22:46:05.000Z","2010878796034241","https://www.facebook.com/nurul.hardianti.9237/videos/532322959185131/","ZmVlZGJhY2s6MjAxMDg3ODc5NjAzNDI0MV85MDQ4NzUyNjgyMDIyNjE=","Y29tbWVudDoyMDEwODc4Nzk2MDM0MjQxXzkwNDg3NTI2ODIwMjI2MQ==","https://www.facebook.com/nurul.hardianti.9237/videos/532322959185131/","0","Madrid F1...
Champion🥉
Semangka Non Biji 🍉🍉🍉

Semangka hibrida non biji.
Bentuk buah : bulat.
Warna kulit : hijau gelap.
Warna daging : merah.
Berat buah...","100014623516733","Muhammadjafar","https://scontent-iad3-1.xx.fbcdn.net/v/t39.30808-1/437777564_1796463224184444_6323579690372403329_n.jpg?stp=cp0_dst-jpg_s32x32&_nc_cat=104&ccb=1-7&_nc_sid=50d2ac&_nc_ohc=DLXuvKTFXwsQ7kNvgGLvgQ9&_nc_ht=scontent-iad3-1.xx&_nc_gid=A7BNAl9nKrFMxu2LKuSWY-_&oh=00_AYA02-JjqQqluxZpprd0OXmkdM0RLQhhm-ACP6rAWWPblA&oe=66F29B10","https://www.facebook.com/jafaremba","Y29tbWVudDoyMDEwODc4Nzk2MDM0MjQxXzE4OTQ3NzQ3OTEzMjU0ODI=","Nrll Bintang Asia parekang erang-erang ke banteng kapang😂😂😂😂","2"
"photo","fallback","https://www.facebook.com/nurul.hardianti.9237/videos/532322959185131/?comment_id=508439568604880","2","2024-09-19T09:18:18.000Z","2010878796034241","https://www.facebook.com/nurul.hardianti.9237/videos/532322959185131/","ZmVlZGJhY2s6MjAxMDg3ODc5NjAzNDI0MV81MDg0Mzk1Njg2MDQ4ODA=","Y29tbWVudDoyMDEwODc4Nzk2MDM0MjQxXzUwODQzOTU2ODYwNDg4MA==","https://www.facebook.com/nurul.hardianti.9237/videos/532322959185131/","1","Madrid F1...
Champion🥉
Semangka Non Biji 🍉🍉🍉

Semangka hibrida non biji.
Bentuk buah : bulat.
Warna kulit : hijau gelap.
Warna daging : merah.
Berat buah...","100013364191442","Nrll Bintang Asia","https://scontent-iad3-1.xx.fbcdn.net/v/t39.30808-1/458447769_1998595423929245_3345542859681615678_n.jpg?stp=c0.153.922.922a_cp0_dst-jpg_s32x32&_nc_cat=107&ccb=1-7&_nc_sid=50d2ac&_nc_ohc=etu0XQwpKC8Q7kNvgHXMZl3&_nc_ht=scontent-iad3-1.xx&_nc_gid=A7BNAl9nKrFMxu2LKuSWY-_&oh=00_AYDfuwChVNScSt9UF3Ao43UPMVja5Sg1e9EqpP-mQ8RCpA&oe=66F2C605","https://www.facebook.com/nurul.hardianti.9237","Y29tbWVudDoyMDEwODc4Nzk2MDM0MjQxXzE4OTQ3NzQ3OTEzMjU0ODI=","Sain Muhammad Alfian Jangankan Makan di tempat kak .. bahkan langsung di bungkus bawa balik🤣","1"
,,"https://www.facebook.com/nurul.hardianti.9237/videos/532322959185131/?comment_id=8601584769888324",,"2024-09-19T12:51:12.000Z","2010878796034241","https://www.facebook.com/nurul.hardianti.9237/videos/532322959185131/","ZmVlZGJhY2s6MjAxMDg3ODc5NjAzNDI0MV84NjAxNTg0NzY5ODg4MzI0","Y29tbWVudDoyMDEwODc4Nzk2MDM0MjQxXzg2MDE1ODQ3Njk4ODgzMjQ=","https://www.facebook.com/nurul.hardianti.9237/videos/532322959185131/","0","Madrid F1...
Champion🥉
Semangka Non Biji 🍉🍉🍉

Semangka hibrida non biji.
Bentuk buah : bulat.
Warna kulit : hijau gelap.
Warna daging : merah.
Berat buah...","100013364191442","Nrll Bintang Asia","https://scontent-atl3-1.xx.fbcdn.net/v/t39.30808-1/458447769_1998595423929245_3345542859681615678_n.jpg?stp=c0.153.922.922a_cp0_dst-jpg_s32x32&_nc_cat=107&ccb=1-7&_nc_sid=50d2ac&_nc_ohc=etu0XQwpKC8Q7kNvgFpiUBE&_nc_ht=scontent-atl3-1.xx&_nc_gid=Ay_vrfWjomCKD3ZkyU_6c0w&oh=00_AYBiYkIBK3mSPS7M2_x1ngjM4y1LVzdSTVVdsBM-ijfrFg&oe=66F2C605","https://www.facebook.com/nurul.hardianti.9237","Y29tbWVudDoyMDEwODc4Nzk2MDM0MjQxXzM4MTM5MjAwNzIyNjg1MDQ=","Daeng Arul Jasjus Jr. Ngerriii Bajet apa ini k🤣🤣","2"
,,"https://www.facebook.com/nurul.hardianti.9237/videos/532322959185131/?comment_id=1042478864078805",,"2024-09-19T12:46:28.000Z","2010878796034241","https://www.facebook.com/nurul.hardianti.9237/videos/532322959185131/","ZmVlZGJhY2s6MjAxMDg3ODc5NjAzNDI0MV8xMDQyNDc4ODY0MDc4ODA1","Y29tbWVudDoyMDEwODc4Nzk2MDM0MjQxXzEwNDI0Nzg4NjQwNzg4MDU=","https://www.facebook.com/nurul.hardianti.9237/videos/532322959185131/","0","Madrid F1...
Champion🥉
Semangka Non Biji 🍉🍉🍉

Semangka hibrida non biji.
Bentuk buah : bulat.
Warna kulit : hijau gelap.
Warna daging : merah.
Berat buah...","pfbid0UkRPpwgbNETkAxiFk9pkGJhhWhZvZKnX3cZHhZ5SFSYJor65jWh2h7BSGkXvwpsvl","Daeng Arul Jasjus Jr.","https://scontent-atl3-2.xx.fbcdn.net/v/t39.30808-1/450674402_122097575870411642_4983933138480219607_n.jpg?stp=cp0_dst-jpg_s32x32&_nc_cat=111&ccb=1-7&_nc_sid=0ecb9b&_nc_ohc=4gd13LgTQaQQ7kNvgEGoKuN&_nc_ht=scontent-atl3-2.xx&_nc_gid=Ay_vrfWjomCKD3ZkyU_6c0w&oh=00_AYB7iZa0Sv84v-xuKtD6BgKJSAVZzlcEEtu3Pw3EkSeezw&oe=66F2C093","https://www.facebook.com/people/Daeng-Arul-Jasjus-Jr/pfbid0UkRPpwgbNETkAxiFk9pkGJhhWhZvZKnX3cZHhZ5SFSYJor65jWh2h7BSGkXvwpsvl/","Y29tbWVudDoyMDEwODc4Nzk2MDM0MjQxXzM4MTM5MjAwNzIyNjg1MDQ=","Nrll Bintang Asia skrng pun sya bisa siap melintas ke Malino selama bajetnya cocok .. gmna Abang Muhammadjafar","2"
,,"https://www.facebook.com/nurul.hardianti.9237/videos/532322959185131/?comment_id=530785129447255",,"2024-09-19T12:37:58.000Z","2010878796034241","https://www.facebook.com/nurul.hardianti.9237/videos/532322959185131/","ZmVlZGJhY2s6MjAxMDg3ODc5NjAzNDI0MV81MzA3ODUxMjk0NDcyNTU=","Y29tbWVudDoyMDEwODc4Nzk2MDM0MjQxXzUzMDc4NTEyOTQ0NzI1NQ==","https://www.facebook.com/nurul.hardianti.9237/videos/532322959185131/","0","Madrid F1...
Champion🥉
Semangka Non Biji 🍉🍉🍉

Semangka hibrida non biji.
Bentuk buah : bulat.
Warna kulit : hijau gelap.
Warna daging : merah.
Berat buah...","100013364191442","Nrll Bintang Asia","https://scontent-atl3-1.xx.fbcdn.net/v/t39.30808-1/458447769_1998595423929245_3345542859681615678_n.jpg?stp=c0.153.922.922a_cp0_dst-jpg_s32x32&_nc_cat=107&ccb=1-7&_nc_sid=50d2ac&_nc_ohc=etu0XQwpKC8Q7kNvgFpiUBE&_nc_ht=scontent-atl3-1.xx&_nc_gid=Ay_vrfWjomCKD3ZkyU_6c0w&oh=00_AYBiYkIBK3mSPS7M2_x1ngjM4y1LVzdSTVVdsBM-ijfrFg&oe=66F2C605","https://www.facebook.com/nurul.hardianti.9237","Y29tbWVudDoyMDEwODc4Nzk2MDM0MjQxXzM4MTM5MjAwNzIyNjg1MDQ=","Daeng Arul Jasjus Jr. Bagi2 pale buah ta kodong pak😁😁 kapan ki,melintas dimalino","2"
,,"https://www.facebook.com/nurul.hardianti.9237/videos/532322959185131/?comment_id=890777552574432",,"2024-09-19T12:37:07.000Z","2010878796034241","https://www.facebook.com/nurul.hardianti.9237/videos/532322959185131/","ZmVlZGJhY2s6MjAxMDg3ODc5NjAzNDI0MV84OTA3Nzc1NTI1NzQ0MzI=","Y29tbWVudDoyMDEwODc4Nzk2MDM0MjQxXzg5MDc3NzU1MjU3NDQzMg==","https://www.facebook.com/nurul.hardianti.9237/videos/532322959185131/","0","Madrid F1...
Champion🥉
Semangka Non Biji 🍉🍉🍉

Semangka hibrida non biji.
Bentuk buah : bulat.
Warna kulit : hijau gelap.
Warna daging : merah.
Berat buah...","100013364191442","Nrll Bintang Asia","https://scontent-atl3-1.xx.fbcdn.net/v/t39.30808-1/458447769_1998595423929245_3345542859681615678_n.jpg?stp=c0.153.922.922a_cp0_dst-jpg_s32x32&_nc_cat=107&ccb=1-7&_nc_sid=50d2ac&_nc_ohc=etu0XQwpKC8Q7kNvgFpiUBE&_nc_ht=scontent-atl3-1.xx&_nc_gid=Ay_vrfWjomCKD3ZkyU_6c0w&oh=00_AYBiYkIBK3mSPS7M2_x1ngjM4y1LVzdSTVVdsBM-ijfrFg&oe=66F2C605","https://www.facebook.com/nurul.hardianti.9237","Y29tbWVudDoyMDEwODc4Nzk2MDM0MjQxXzM4MTM5MjAwNzIyNjg1MDQ=","Muhammadjafar Tepatnya indonesia timur pak di.. 😄😄","2"
,,"https://www.facebook.com/nurul.hardianti.9237/videos/532322959185131/?comment_id=486885147579787",,"2024-09-19T11:03:32.000Z","2010878796034241","https://www.facebook.com/nurul.hardianti.9237/videos/532322959185131/","ZmVlZGJhY2s6MjAxMDg3ODc5NjAzNDI0MV80ODY4ODUxNDc1Nzk3ODc=","Y29tbWVudDoyMDEwODc4Nzk2MDM0MjQxXzQ4Njg4NTE0NzU3OTc4Nw==","https://www.facebook.com/nurul.hardianti.9237/videos/532322959185131/","1","Madrid F1...
Champion🥉
Semangka Non Biji 🍉🍉🍉

Semangka hibrida non biji.
Bentuk buah : bulat.
Warna kulit : hijau gelap.
Warna daging : merah.
Berat buah...","pfbid0UkRPpwgbNETkAxiFk9pkGJhhWhZvZKnX3cZHhZ5SFSYJor65jWh2h7BSGkXvwpsvl","Daeng Arul Jasjus Jr.","https://scontent-atl3-2.xx.fbcdn.net/v/t39.30808-1/450674402_122097575870411642_4983933138480219607_n.jpg?stp=cp0_dst-jpg_s32x32&_nc_cat=111&ccb=1-7&_nc_sid=0ecb9b&_nc_ohc=4gd13LgTQaQQ7kNvgEGoKuN&_nc_ht=scontent-atl3-2.xx&_nc_gid=Ay_vrfWjomCKD3ZkyU_6c0w&oh=00_AYB7iZa0Sv84v-xuKtD6BgKJSAVZzlcEEtu3Pw3EkSeezw&oe=66F2C093","https://www.facebook.com/people/Daeng-Arul-Jasjus-Jr/pfbid0UkRPpwgbNETkAxiFk9pkGJhhWhZvZKnX3cZHhZ5SFSYJor65jWh2h7BSGkXvwpsvl/","Y29tbWVudDoyMDEwODc4Nzk2MDM0MjQxXzM4MTM5MjAwNzIyNjg1MDQ=","Muhammadjafar orang KKB Bu saya, kemana kemana buah😜","2"
,,"https://www.facebook.com/nurul.hardianti.9237/videos/532322959185131/?comment_id=1040914974149308",,"2024-09-19T10:57:30.000Z","2010878796034241","https://www.facebook.com/nurul.hardianti.9237/videos/532322959185131/","ZmVlZGJhY2s6MjAxMDg3ODc5NjAzNDI0MV8xMDQwOTE0OTc0MTQ5MzA4","Y29tbWVudDoyMDEwODc4Nzk2MDM0MjQxXzEwNDA5MTQ5NzQxNDkzMDg=","https://www.facebook.com/nurul.hardianti.9237/videos/532322959185131/","0","Madrid F1...
Champion🥉
Semangka Non Biji 🍉🍉🍉

Semangka hibrida non biji.
Bentuk buah : bulat.
Warna kulit : hijau gelap.
Warna daging : merah.
Berat buah...","100014623516733","Muhammadjafar","https://scontent-atl3-2.xx.fbcdn.net/v/t39.30808-1/437777564_1796463224184444_6323579690372403329_n.jpg?stp=cp0_dst-jpg_s32x32&_nc_cat=104&ccb=1-7&_nc_sid=50d2ac&_nc_ohc=DLXuvKTFXwsQ7kNvgF1uwKq&_nc_ht=scontent-atl3-2.xx&_nc_gid=Ay_vrfWjomCKD3ZkyU_6c0w&oh=00_AYDjArK-jkjaHhJZvpgBUNHlqyQ0B48xCY9CAxW8fwnefQ&oe=66F29B10","https://www.facebook.com/jafaremba","Y29tbWVudDoyMDEwODc4Nzk2MDM0MjQxXzM4MTM5MjAwNzIyNjg1MDQ=","Nrll Bintang Asia orang Indonesia Bu😂😂😂","2"
,,"https://www.facebook.com/nurul.hardianti.9237/videos/532322959185131/?comment_id=1211794260096305",,"2024-09-19T10:44:12.000Z","2010878796034241","https://www.facebook.com/nurul.hardianti.9237/videos/532322959185131/","ZmVlZGJhY2s6MjAxMDg3ODc5NjAzNDI0MV8xMjExNzk0MjYwMDk2MzA1","Y29tbWVudDoyMDEwODc4Nzk2MDM0MjQxXzEyMTE3OTQyNjAwOTYzMDU=","https://www.facebook.com/nurul.hardianti.9237/videos/532322959185131/","0","Madrid F1...
Champion🥉
Semangka Non Biji 🍉🍉🍉

Semangka hibrida non biji.
Bentuk buah : bulat.
Warna kulit : hijau gelap.
Warna daging : merah.
Berat buah...","pfbid0UkRPpwgbNETkAxiFk9pkGJhhWhZvZKnX3cZHhZ5SFSYJor65jWh2h7BSGkXvwpsvl","Daeng Arul Jasjus Jr.","https://scontent-atl3-2.xx.fbcdn.net/v/t39.30808-1/450674402_122097575870411642_4983933138480219607_n.jpg?stp=cp0_dst-jpg_s32x32&_nc_cat=111&ccb=1-7&_nc_sid=0ecb9b&_nc_ohc=4gd13LgTQaQQ7kNvgEGoKuN&_nc_ht=scontent-atl3-2.xx&_nc_gid=Ay_vrfWjomCKD3ZkyU_6c0w&oh=00_AYB7iZa0Sv84v-xuKtD6BgKJSAVZzlcEEtu3Pw3EkSeezw&oe=66F2C093","https://www.facebook.com/people/Daeng-Arul-Jasjus-Jr/pfbid0UkRPpwgbNETkAxiFk9pkGJhhWhZvZKnX3cZHhZ5SFSYJor65jWh2h7BSGkXvwpsvl/","Y29tbWVudDoyMDEwODc4Nzk2MDM0MjQxXzM4MTM5MjAwNzIyNjg1MDQ=","Nrll Bintang Asia Colek Akuser Hidayat","2"
,,"https://www.facebook.com/nurul.hardianti.9237/videos/532322959185131/?comment_id=8258921747561816",,"2024-09-19T10:41:51.000Z","2010878796034241","https://www.facebook.com/nurul.hardianti.9237/videos/532322959185131/","ZmVlZGJhY2s6MjAxMDg3ODc5NjAzNDI0MV84MjU4OTIxNzQ3NTYxODE2","Y29tbWVudDoyMDEwODc4Nzk2MDM0MjQxXzgyNTg5MjE3NDc1NjE4MTY=","https://www.facebook.com/nurul.hardianti.9237/videos/532322959185131/","0","Madrid F1...
Champion🥉
Semangka Non Biji 🍉🍉🍉

Semangka hibrida non biji.
Bentuk buah : bulat.
Warna kulit : hijau gelap.
Warna daging : merah.
Berat buah...","100013364191442","Nrll Bintang Asia","https://scontent-atl3-1.xx.fbcdn.net/v/t39.30808-1/458447769_1998595423929245_3345542859681615678_n.jpg?stp=c0.153.922.922a_cp0_dst-jpg_s32x32&_nc_cat=107&ccb=1-7&_nc_sid=50d2ac&_nc_ohc=etu0XQwpKC8Q7kNvgFpiUBE&_nc_ht=scontent-atl3-1.xx&_nc_gid=Ay_vrfWjomCKD3ZkyU_6c0w&oh=00_AYBiYkIBK3mSPS7M2_x1ngjM4y1LVzdSTVVdsBM-ijfrFg&oe=66F2C605","https://www.facebook.com/nurul.hardianti.9237","Y29tbWVudDoyMDEwODc4Nzk2MDM0MjQxXzM4MTM5MjAwNzIyNjg1MDQ=","Daeng Arul Jasjus Jr. Ow wilayahnya mas ahmad ya pak","2"
,,"https://www.facebook.com/nurul.hardianti.9237/videos/532322959185131/?comment_id=1551621585442795",,"2024-09-19T10:41:15.000Z","2010878796034241","https://www.facebook.com/nurul.hardianti.9237/videos/532322959185131/","ZmVlZGJhY2s6MjAxMDg3ODc5NjAzNDI0MV8xNTUxNjIxNTg1NDQyNzk1","Y29tbWVudDoyMDEwODc4Nzk2MDM0MjQxXzE1NTE2MjE1ODU0NDI3OTU=","https://www.facebook.com/nurul.hardianti.9237/videos/532322959185131/","0","Madrid F1...
Champion🥉
Semangka Non Biji 🍉🍉🍉

Semangka hibrida non biji.
Bentuk buah : bulat.
Warna kulit : hijau gelap.
Warna daging : merah.
Berat buah...","pfbid0UkRPpwgbNETkAxiFk9pkGJhhWhZvZKnX3cZHhZ5SFSYJor65jWh2h7BSGkXvwpsvl","Daeng Arul Jasjus Jr.","https://scontent-atl3-2.xx.fbcdn.net/v/t39.30808-1/450674402_122097575870411642_4983933138480219607_n.jpg?stp=cp0_dst-jpg_s32x32&_nc_cat=111&ccb=1-7&_nc_sid=0ecb9b&_nc_ohc=4gd13LgTQaQQ7kNvgEGoKuN&_nc_ht=scontent-atl3-2.xx&_nc_gid=Ay_vrfWjomCKD3ZkyU_6c0w&oh=00_AYB7iZa0Sv84v-xuKtD6BgKJSAVZzlcEEtu3Pw3EkSeezw&oe=66F2C093","https://www.facebook.com/people/Daeng-Arul-Jasjus-Jr/pfbid0UkRPpwgbNETkAxiFk9pkGJhhWhZvZKnX3cZHhZ5SFSYJor65jWh2h7BSGkXvwpsvl/","Y29tbWVudDoyMDEwODc4Nzk2MDM0MjQxXzM4MTM5MjAwNzIyNjg1MDQ=","Nrll Bintang Asia takalar gowa","2"
,,"https://www.facebook.com/nurul.hardianti.9237/videos/532322959185131/?comment_id=1231443187871557",,"2024-09-19T10:39:14.000Z","2010878796034241","https://www.facebook.com/nurul.hardianti.9237/videos/532322959185131/","ZmVlZGJhY2s6MjAxMDg3ODc5NjAzNDI0MV8xMjMxNDQzMTg3ODcxNTU3","Y29tbWVudDoyMDEwODc4Nzk2MDM0MjQxXzEyMzE0NDMxODc4NzE1NTc=","https://www.facebook.com/nurul.hardianti.9237/videos/532322959185131/","1","Madrid F1...
Champion🥉
Semangka Non Biji 🍉🍉🍉

Semangka hibrida non biji.
Bentuk buah : bulat.
Warna kulit : hijau gelap.
Warna daging : merah.
Berat buah...","100013364191442","Nrll Bintang Asia","https://scontent-atl3-1.xx.fbcdn.net/v/t39.30808-1/458447769_1998595423929245_3345542859681615678_n.jpg?stp=c0.153.922.922a_cp0_dst-jpg_s32x32&_nc_cat=107&ccb=1-7&_nc_sid=50d2ac&_nc_ohc=etu0XQwpKC8Q7kNvgFpiUBE&_nc_ht=scontent-atl3-1.xx&_nc_gid=Ay_vrfWjomCKD3ZkyU_6c0w&oh=00_AYBiYkIBK3mSPS7M2_x1ngjM4y1LVzdSTVVdsBM-ijfrFg&oe=66F2C605","https://www.facebook.com/nurul.hardianti.9237","Y29tbWVudDoyMDEwODc4Nzk2MDM0MjQxXzM4MTM5MjAwNzIyNjg1MDQ=","kt org mana pak🙏🙏","2"
,,"https://www.facebook.com/nurul.hardianti.9237/videos/532322959185131/?comment_id=1071234294638224",,"2024-09-19T10:39:00.000Z","2010878796034241","https://www.facebook.com/nurul.hardianti.9237/videos/532322959185131/","ZmVlZGJhY2s6MjAxMDg3ODc5NjAzNDI0MV8xMDcxMjM0Mjk0NjM4MjI0","Y29tbWVudDoyMDEwODc4Nzk2MDM0MjQxXzEwNzEyMzQyOTQ2MzgyMjQ=","https://www.facebook.com/nurul.hardianti.9237/videos/532322959185131/","0","Madrid F1...
Champion🥉
Semangka Non Biji 🍉🍉🍉

Semangka hibrida non biji.
Bentuk buah : bulat.
Warna kulit : hijau gelap.
Warna daging : merah.
Berat buah...","pfbid0UkRPpwgbNETkAxiFk9pkGJhhWhZvZKnX3cZHhZ5SFSYJor65jWh2h7BSGkXvwpsvl","Daeng Arul Jasjus Jr.","https://scontent-atl3-2.xx.fbcdn.net/v/t39.30808-1/450674402_122097575870411642_4983933138480219607_n.jpg?stp=cp0_dst-jpg_s32x32&_nc_cat=111&ccb=1-7&_nc_sid=0ecb9b&_nc_ohc=4gd13LgTQaQQ7kNvgEGoKuN&_nc_ht=scontent-atl3-2.xx&_nc_gid=Ay_vrfWjomCKD3ZkyU_6c0w&oh=00_AYB7iZa0Sv84v-xuKtD6BgKJSAVZzlcEEtu3Pw3EkSeezw&oe=66F2C093","https://www.facebook.com/people/Daeng-Arul-Jasjus-Jr/pfbid0UkRPpwgbNETkAxiFk9pkGJhhWhZvZKnX3cZHhZ5SFSYJor65jWh2h7BSGkXvwpsvl/","Y29tbWVudDoyMDEwODc4Nzk2MDM0MjQxXzM4MTM5MjAwNzIyNjg1MDQ=","Nrll Bintang Asia hehe","2"
,,"https://www.facebook.com/nurul.hardianti.9237/videos/532322959185131/?comment_id=546800947691759",,"2024-09-19T10:37:54.000Z","2010878796034241","https://www.facebook.com/nurul.hardianti.9237/videos/532322959185131/","ZmVlZGJhY2s6MjAxMDg3ODc5NjAzNDI0MV81NDY4MDA5NDc2OTE3NTk=","Y29tbWVudDoyMDEwODc4Nzk2MDM0MjQxXzU0NjgwMDk0NzY5MTc1OQ==","https://www.facebook.com/nurul.hardianti.9237/videos/532322959185131/","0","Madrid F1...
Champion🥉
Semangka Non Biji 🍉🍉🍉

Semangka hibrida non biji.
Bentuk buah : bulat.
Warna kulit : hijau gelap.
Warna daging : merah.
Berat buah...","100013364191442","Nrll Bintang Asia","https://scontent-atl3-1.xx.fbcdn.net/v/t39.30808-1/458447769_1998595423929245_3345542859681615678_n.jpg?stp=c0.153.922.922a_cp0_dst-jpg_s32x32&_nc_cat=107&ccb=1-7&_nc_sid=50d2ac&_nc_ohc=etu0XQwpKC8Q7kNvgFpiUBE&_nc_ht=scontent-atl3-1.xx&_nc_gid=Ay_vrfWjomCKD3ZkyU_6c0w&oh=00_AYBiYkIBK3mSPS7M2_x1ngjM4y1LVzdSTVVdsBM-ijfrFg&oe=66F2C605","https://www.facebook.com/nurul.hardianti.9237","Y29tbWVudDoyMDEwODc4Nzk2MDM0MjQxXzM4MTM5MjAwNzIyNjg1MDQ=","Daeng Arul Jasjus Jr. Hehehe maaf pak sy mgak fokus di semangka..😁 ini cuma kunjungan di petani kab.bulukumba sy fokus di horti pak","2"
,,"https://www.facebook.com/nurul.hardianti.9237/videos/532322959185131/?comment_id=1671109370406416",,"2024-09-19T10:36:01.000Z","2010878796034241","https://www.facebook.com/nurul.hardianti.9237/videos/532322959185131/","ZmVlZGJhY2s6MjAxMDg3ODc5NjAzNDI0MV8xNjcxMTA5MzcwNDA2NDE2","Y29tbWVudDoyMDEwODc4Nzk2MDM0MjQxXzE2NzExMDkzNzA0MDY0MTY=","https://www.facebook.com/nurul.hardianti.9237/videos/532322959185131/","0","Madrid F1...
Champion🥉
Semangka Non Biji 🍉🍉🍉

Semangka hibrida non biji.
Bentuk buah : bulat.
Warna kulit : hijau gelap.
Warna daging : merah.
Berat buah...","pfbid0UkRPpwgbNETkAxiFk9pkGJhhWhZvZKnX3cZHhZ5SFSYJor65jWh2h7BSGkXvwpsvl","Daeng Arul Jasjus Jr.","https://scontent-atl3-2.xx.fbcdn.net/v/t39.30808-1/450674402_122097575870411642_4983933138480219607_n.jpg?stp=cp0_dst-jpg_s32x32&_nc_cat=111&ccb=1-7&_nc_sid=0ecb9b&_nc_ohc=4gd13LgTQaQQ7kNvgEGoKuN&_nc_ht=scontent-atl3-2.xx&_nc_gid=Ay_vrfWjomCKD3ZkyU_6c0w&oh=00_AYB7iZa0Sv84v-xuKtD6BgKJSAVZzlcEEtu3Pw3EkSeezw&oe=66F2C093","https://www.facebook.com/people/Daeng-Arul-Jasjus-Jr/pfbid0UkRPpwgbNETkAxiFk9pkGJhhWhZvZKnX3cZHhZ5SFSYJor65jWh2h7BSGkXvwpsvl/","Y29tbWVudDoyMDEwODc4Nzk2MDM0MjQxXzM4MTM5MjAwNzIyNjg1MDQ=","Nrll Bintang Asia bisakah nanti di siapkan 2 ton Bu bosku?","2"
,,"https://www.facebook.com/nurul.hardianti.9237/videos/532322959185131/?comment_id=425627140635778",,"2024-09-19T09:19:14.000Z","2010878796034241","https://www.facebook.com/nurul.hardianti.9237/videos/532322959185131/","ZmVlZGJhY2s6MjAxMDg3ODc5NjAzNDI0MV80MjU2MjcxNDA2MzU3Nzg=","Y29tbWVudDoyMDEwODc4Nzk2MDM0MjQxXzQyNTYyNzE0MDYzNTc3OA==","https://www.facebook.com/nurul.hardianti.9237/videos/532322959185131/","0","Madrid F1...
Champion🥉
Semangka Non Biji 🍉🍉🍉

Semangka hibrida non biji.
Bentuk buah : bulat.
Warna kulit : hijau gelap.
Warna daging : merah.
Berat buah...","100013364191442","Nrll Bintang Asia","https://scontent-atl3-1.xx.fbcdn.net/v/t39.30808-1/458447769_1998595423929245_3345542859681615678_n.jpg?stp=c0.153.922.922a_cp0_dst-jpg_s32x32&_nc_cat=107&ccb=1-7&_nc_sid=50d2ac&_nc_ohc=etu0XQwpKC8Q7kNvgFpiUBE&_nc_ht=scontent-atl3-1.xx&_nc_gid=Ay_vrfWjomCKD3ZkyU_6c0w&oh=00_AYBiYkIBK3mSPS7M2_x1ngjM4y1LVzdSTVVdsBM-ijfrFg&oe=66F2C605","https://www.facebook.com/nurul.hardianti.9237","Y29tbWVudDoyMDEwODc4Nzk2MDM0MjQxXzM4MTM5MjAwNzIyNjg1MDQ=","Daeng Arul Jasjus Jr. Siap2 pak bosq👏🍉🍉🍉","2"
,,"https://www.facebook.com/nurul.hardianti.9237/videos/532322959185131/?comment_id=908893501056073",,"2024-09-19T08:26:22.000Z","2010878796034241","https://www.facebook.com/nurul.hardianti.9237/videos/532322959185131/","ZmVlZGJhY2s6MjAxMDg3ODc5NjAzNDI0MV85MDg4OTM1MDEwNTYwNzM=","Y29tbWVudDoyMDEwODc4Nzk2MDM0MjQxXzkwODg5MzUwMTA1NjA3Mw==","https://www.facebook.com/nurul.hardianti.9237/videos/532322959185131/","0","Madrid F1...
Champion🥉
Semangka Non Biji 🍉🍉🍉

Semangka hibrida non biji.
Bentuk buah : bulat.
Warna kulit : hijau gelap.
Warna daging : merah.
Berat buah...","pfbid0UkRPpwgbNETkAxiFk9pkGJhhWhZvZKnX3cZHhZ5SFSYJor65jWh2h7BSGkXvwpsvl","Daeng Arul Jasjus Jr.","https://scontent-atl3-2.xx.fbcdn.net/v/t39.30808-1/450674402_122097575870411642_4983933138480219607_n.jpg?stp=cp0_dst-jpg_s32x32&_nc_cat=111&ccb=1-7&_nc_sid=0ecb9b&_nc_ohc=4gd13LgTQaQQ7kNvgEGoKuN&_nc_ht=scontent-atl3-2.xx&_nc_gid=Ay_vrfWjomCKD3ZkyU_6c0w&oh=00_AYB7iZa0Sv84v-xuKtD6BgKJSAVZzlcEEtu3Pw3EkSeezw&oe=66F2C093","https://www.facebook.com/people/Daeng-Arul-Jasjus-Jr/pfbid0UkRPpwgbNETkAxiFk9pkGJhhWhZvZKnX3cZHhZ5SFSYJor65jWh2h7BSGkXvwpsvl/","Y29tbWVudDoyMDEwODc4Nzk2MDM0MjQxXzM4MTM5MjAwNzIyNjg1MDQ=","Nrll Bintang Asia Amelia jga Joss","2"
,,"https://www.facebook.com/nurul.hardianti.9237/videos/532322959185131/?comment_id=1673500680080173","15","2024-09-19T08:23:48.000Z","2010878796034241","https://www.facebook.com/nurul.hardianti.9237/videos/532322959185131/","ZmVlZGJhY2s6MjAxMDg3ODc5NjAzNDI0MV8xNjczNTAwNjgwMDgwMTcz","Y29tbWVudDoyMDEwODc4Nzk2MDM0MjQxXzE2NzM1MDA2ODAwODAxNzM=","https://www.facebook.com/nurul.hardianti.9237/videos/532322959185131/","0","Madrid F1...
Champion🥉
Semangka Non Biji 🍉🍉🍉

Semangka hibrida non biji.
Bentuk buah : bulat.
Warna kulit : hijau gelap.
Warna daging : merah.
Berat buah...","100013364191442","Nrll Bintang Asia","https://scontent-atl3-1.xx.fbcdn.net/v/t39.30808-1/458447769_1998595423929245_3345542859681615678_n.jpg?stp=c0.153.922.922a_cp0_dst-jpg_s32x32&_nc_cat=107&ccb=1-7&_nc_sid=50d2ac&_nc_ohc=etu0XQwpKC8Q7kNvgFpiUBE&_nc_ht=scontent-atl3-1.xx&_nc_gid=Ay_vrfWjomCKD3ZkyU_6c0w&oh=00_AYBiYkIBK3mSPS7M2_x1ngjM4y1LVzdSTVVdsBM-ijfrFg&oe=66F2C605","https://www.facebook.com/nurul.hardianti.9237","Y29tbWVudDoyMDEwODc4Nzk2MDM0MjQxXzM4MTM5MjAwNzIyNjg1MDQ=","Daeng Arul Jasjus Jr. Masyaa Allah Mantap🍉🍉🍉","1"
,,"https://www.facebook.com/nurul.hardianti.9237/videos/532322959185131/?comment_id=8000086440118626",,"2024-09-19T12:36:13.000Z","2010878796034241","https://www.facebook.com/nurul.hardianti.9237/videos/532322959185131/","ZmVlZGJhY2s6MjAxMDg3ODc5NjAzNDI0MV84MDAwMDg2NDQwMTE4NjI2","Y29tbWVudDoyMDEwODc4Nzk2MDM0MjQxXzgwMDAwODY0NDAxMTg2MjY=","https://www.facebook.com/nurul.hardianti.9237/videos/532322959185131/","0","Madrid F1...
Champion🥉
Semangka Non Biji 🍉🍉🍉

Semangka hibrida non biji.
Bentuk buah : bulat.
Warna kulit : hijau gelap.
Warna daging : merah.
Berat buah...","100013364191442","Nrll Bintang Asia","https://scontent-hou1-1.xx.fbcdn.net/v/t39.30808-1/458447769_1998595423929245_3345542859681615678_n.jpg?stp=c0.153.922.922a_cp0_dst-jpg_s32x32&_nc_cat=107&ccb=1-7&_nc_sid=50d2ac&_nc_ohc=etu0XQwpKC8Q7kNvgG-wr93&_nc_ht=scontent-hou1-1.xx&_nc_gid=A3yxxzrJqiNr5ycs57-5fBt&oh=00_AYCqKNGtMURIiAzYSxDJFeLyS6F8xJCDZdkLAfu24lfyhw&oe=66F2C605","https://www.facebook.com/nurul.hardianti.9237","Y29tbWVudDoyMDEwODc4Nzk2MDM0MjQxXzEyMTQ2NDk2NzMxOTAwNzU=","Syahrir Arfan Alhamdulillah.. Asal bintang Asia ji pak..😁 Harga Benih terjangkau hasil memukau","1"
,,"https://www.facebook.com/nurul.hardianti.9237/videos/532322959185131/?comment_id=1044770517147476",,"2024-09-19T08:23:54.000Z","2010878796034241","https://www.facebook.com/nurul.hardianti.9237/videos/532322959185131/","ZmVlZGJhY2s6MjAxMDg3ODc5NjAzNDI0MV8xMDQ0NzcwNTE3MTQ3NDc2","Y29tbWVudDoyMDEwODc4Nzk2MDM0MjQxXzEwNDQ3NzA1MTcxNDc0NzY=","https://www.facebook.com/nurul.hardianti.9237/videos/532322959185131/","0","Madrid F1...
Champion🥉
Semangka Non Biji 🍉🍉🍉

Semangka hibrida non biji.
Bentuk buah : bulat.
Warna kulit : hijau gelap.
Warna daging : merah.
Berat buah...","100013364191442","Nrll Bintang Asia","https://scontent.fmrd1-1.fna.fbcdn.net/v/t39.30808-1/458447769_1998595423929245_3345542859681615678_n.jpg?stp=c0.153.922.922a_cp0_dst-jpg_s32x32&_nc_cat=107&ccb=1-7&_nc_sid=50d2ac&_nc_ohc=etu0XQwpKC8Q7kNvgEYLyst&_nc_ht=scontent.fmrd1-1.fna&_nc_gid=AqcLM8tukN15ukAfKk8zPSx&oh=00_AYDVg3h7WyDF1WFVj0y-MFnw316jzQjIB6mdsThbqHZ_Eg&oe=66F2C605","https://www.facebook.com/nurul.hardianti.9237","Y29tbWVudDoyMDEwODc4Nzk2MDM0MjQxXzUwMzIzODI5MjM0NDE5Mg==","Renzy Bintangasia Siap bosq hhh","1"
,,"https://www.facebook.com/nurul.hardianti.9237/videos/532322959185131/?comment_id=1014871520337177",,"2024-09-19T13:43:46.000Z","2010878796034241","https://www.facebook.com/nurul.hardianti.9237/videos/532322959185131/","ZmVlZGJhY2s6MjAxMDg3ODc5NjAzNDI0MV8xMDE0ODcxNTIwMzM3MTc3","Y29tbWVudDoyMDEwODc4Nzk2MDM0MjQxXzEwMTQ4NzE1MjAzMzcxNzc=","https://www.facebook.com/nurul.hardianti.9237/videos/532322959185131/","0","Madrid F1...
Champion🥉
Semangka Non Biji 🍉🍉🍉

Semangka hibrida non biji.
Bentuk buah : bulat.
Warna kulit : hijau gelap.
Warna daging : merah.
Berat buah...","pfbid0UkRPpwgbNETkAxiFk9pkGJhhWhZvZKnX3cZHhZ5SFSYJor65jWh2h7BSGkXvwpsvl","Daeng Arul Jasjus Jr.","https://scontent-atl3-2.xx.fbcdn.net/v/t39.30808-1/450674402_122097575870411642_4983933138480219607_n.jpg?stp=cp0_dst-jpg_s32x32&_nc_cat=111&ccb=1-7&_nc_sid=0ecb9b&_nc_ohc=4gd13LgTQaQQ7kNvgGSIUtz&_nc_ht=scontent-atl3-2.xx&_nc_gid=AyWDqPgE35_oTUy7hM30Uzh&oh=00_AYABbuWlL23HyPI8JdqB5m4aYDdCTAAnkSAlsePZhc7Q9Q&oe=66F2C093","https://www.facebook.com/people/Daeng-Arul-Jasjus-Jr/pfbid0UkRPpwgbNETkAxiFk9pkGJhhWhZvZKnX3cZHhZ5SFSYJor65jWh2h7BSGkXvwpsvl/","Y29tbWVudDoyMDEwODc4Nzk2MDM0MjQxXzg4MjcwNzk3MzM0MzYyMA==","Nrll Bintang Asia bahaya di simpang di home dg ngemba takut di promot samle","2"
,,"https://www.facebook.com/nurul.hardianti.9237/videos/532322959185131/?comment_id=1528491151367499",,"2024-09-19T12:47:16.000Z","2010878796034241","https://www.facebook.com/nurul.hardianti.9237/videos/532322959185131/","ZmVlZGJhY2s6MjAxMDg3ODc5NjAzNDI0MV8xNTI4NDkxMTUxMzY3NDk5","Y29tbWVudDoyMDEwODc4Nzk2MDM0MjQxXzE1Mjg0OTExNTEzNjc0OTk=","https://www.facebook.com/nurul.hardianti.9237/videos/532322959185131/","0","Madrid F1...
Champion🥉
Semangka Non Biji 🍉🍉🍉

Semangka hibrida non biji.
Bentuk buah : bulat.
Warna kulit : hijau gelap.
Warna daging : merah.
Berat buah...","100013364191442","Nrll Bintang Asia","https://scontent-atl3-1.xx.fbcdn.net/v/t39.30808-1/458447769_1998595423929245_3345542859681615678_n.jpg?stp=c0.153.922.922a_cp0_dst-jpg_s32x32&_nc_cat=107&ccb=1-7&_nc_sid=50d2ac&_nc_ohc=etu0XQwpKC8Q7kNvgEBB1Gc&_nc_ht=scontent-atl3-1.xx&_nc_gid=AyWDqPgE35_oTUy7hM30Uzh&oh=00_AYD28Utk8c2dSR2h6JlsbMrDdL_wxfX5764G1pF7kgjP2g&oe=66F2C605","https://www.facebook.com/nurul.hardianti.9237","Y29tbWVudDoyMDEwODc4Nzk2MDM0MjQxXzg4MjcwNzk3MzM0MzYyMA==","Simpan sj ple pak di🤣🤣 nanti sy ke rmh dg emba bru sy ambil","2"
,,"https://www.facebook.com/nurul.hardianti.9237/videos/532322959185131/?comment_id=492754160405426",,"2024-09-19T12:46:43.000Z","2010878796034241","https://www.facebook.com/nurul.hardianti.9237/videos/532322959185131/","ZmVlZGJhY2s6MjAxMDg3ODc5NjAzNDI0MV80OTI3NTQxNjA0MDU0MjY=","Y29tbWVudDoyMDEwODc4Nzk2MDM0MjQxXzQ5Mjc1NDE2MDQwNTQyNg==","https://www.facebook.com/nurul.hardianti.9237/videos/532322959185131/","0","Madrid F1...
Champion🥉
Semangka Non Biji 🍉🍉🍉

Semangka hibrida non biji.
Bentuk buah : bulat.
Warna kulit : hijau gelap.
Warna daging : merah.
Berat buah...","100013364191442","Nrll Bintang Asia","https://scontent-atl3-1.xx.fbcdn.net/v/t39.30808-1/458447769_1998595423929245_3345542859681615678_n.jpg?stp=c0.153.922.922a_cp0_dst-jpg_s32x32&_nc_cat=107&ccb=1-7&_nc_sid=50d2ac&_nc_ohc=etu0XQwpKC8Q7kNvgEBB1Gc&_nc_ht=scontent-atl3-1.xx&_nc_gid=AyWDqPgE35_oTUy7hM30Uzh&oh=00_AYD28Utk8c2dSR2h6JlsbMrDdL_wxfX5764G1pF7kgjP2g&oe=66F2C605","https://www.facebook.com/nurul.hardianti.9237","Y29tbWVudDoyMDEwODc4Nzk2MDM0MjQxXzg4MjcwNzk3MzM0MzYyMA==","Daeng Arul Jasjus Jr. Ahh tdk bela pak na siaran langsungta bawa mobil ji😄🤣🤣","2"
,,"https://www.facebook.com/nurul.hardianti.9237/videos/532322959185131/?comment_id=722847493361765",,"2024-09-19T12:44:34.000Z","2010878796034241","https://www.facebook.com/nurul.hardianti.9237/videos/532322959185131/","ZmVlZGJhY2s6MjAxMDg3ODc5NjAzNDI0MV83MjI4NDc0OTMzNjE3NjU=","Y29tbWVudDoyMDEwODc4Nzk2MDM0MjQxXzcyMjg0NzQ5MzM2MTc2NQ==","https://www.facebook.com/nurul.hardianti.9237/videos/532322959185131/","0","Madrid F1...
Champion🥉
Semangka Non Biji 🍉🍉🍉

Semangka hibrida non biji.
Bentuk buah : bulat.
Warna kulit : hijau gelap.
Warna daging : merah.
Berat buah...","pfbid0UkRPpwgbNETkAxiFk9pkGJhhWhZvZKnX3cZHhZ5SFSYJor65jWh2h7BSGkXvwpsvl","Daeng Arul Jasjus Jr.","https://scontent-atl3-2.xx.fbcdn.net/v/t39.30808-1/450674402_122097575870411642_4983933138480219607_n.jpg?stp=cp0_dst-jpg_s32x32&_nc_cat=111&ccb=1-7&_nc_sid=0ecb9b&_nc_ohc=4gd13LgTQaQQ7kNvgGSIUtz&_nc_ht=scontent-atl3-2.xx&_nc_gid=AyWDqPgE35_oTUy7hM30Uzh&oh=00_AYABbuWlL23HyPI8JdqB5m4aYDdCTAAnkSAlsePZhc7Q9Q&oe=66F2C093","https://www.facebook.com/people/Daeng-Arul-Jasjus-Jr/pfbid0UkRPpwgbNETkAxiFk9pkGJhhWhZvZKnX3cZHhZ5SFSYJor65jWh2h7BSGkXvwpsvl/","Y29tbWVudDoyMDEwODc4Nzk2MDM0MjQxXzg4MjcwNzk3MzM0MzYyMA==","Nrll Bintang Asia Ais TDK ikutma sya Bu klw jauh di situ mabuka bela naik mobil","2"
,,"https://www.facebook.com/nurul.hardianti.9237/videos/532322959185131/?comment_id=1202581944359517",,"2024-09-19T12:36:34.000Z","2010878796034241","https://www.facebook.com/nurul.hardianti.9237/videos/532322959185131/","ZmVlZGJhY2s6MjAxMDg3ODc5NjAzNDI0MV8xMjAyNTgxOTQ0MzU5NTE3","Y29tbWVudDoyMDEwODc4Nzk2MDM0MjQxXzEyMDI1ODE5NDQzNTk1MTc=","https://www.facebook.com/nurul.hardianti.9237/videos/532322959185131/","0","Madrid F1...
Champion🥉
Semangka Non Biji 🍉🍉🍉

Semangka hibrida non biji.
Bentuk buah : bulat.
Warna kulit : hijau gelap.
Warna daging : merah.
Berat buah...","100013364191442","Nrll Bintang Asia","https://scontent-atl3-1.xx.fbcdn.net/v/t39.30808-1/458447769_1998595423929245_3345542859681615678_n.jpg?stp=c0.153.922.922a_cp0_dst-jpg_s32x32&_nc_cat=107&ccb=1-7&_nc_sid=50d2ac&_nc_ohc=etu0XQwpKC8Q7kNvgEBB1Gc&_nc_ht=scontent-atl3-1.xx&_nc_gid=AyWDqPgE35_oTUy7hM30Uzh&oh=00_AYD28Utk8c2dSR2h6JlsbMrDdL_wxfX5764G1pF7kgjP2g&oe=66F2C605","https://www.facebook.com/nurul.hardianti.9237","Y29tbWVudDoyMDEwODc4Nzk2MDM0MjQxXzg4MjcwNzk3MzM0MzYyMA==","Daeng Arul Jasjus Jr. nnti kesini dibulkumba study banding dg emba heheh","2"
,,"https://www.facebook.com/nurul.hardianti.9237/videos/532322959185131/?comment_id=541088361648611","5","2024-09-19T11:06:53.000Z","2010878796034241","https://www.facebook.com/nurul.hardianti.9237/videos/532322959185131/","ZmVlZGJhY2s6MjAxMDg3ODc5NjAzNDI0MV81NDEwODgzNjE2NDg2MTE=","Y29tbWVudDoyMDEwODc4Nzk2MDM0MjQxXzU0MTA4ODM2MTY0ODYxMQ==","https://www.facebook.com/nurul.hardianti.9237/videos/532322959185131/","1","Madrid F1...
Champion🥉
Semangka Non Biji 🍉🍉🍉

Semangka hibrida non biji.
Bentuk buah : bulat.
Warna kulit : hijau gelap.
Warna daging : merah.
Berat buah...","pfbid0UkRPpwgbNETkAxiFk9pkGJhhWhZvZKnX3cZHhZ5SFSYJor65jWh2h7BSGkXvwpsvl","Daeng Arul Jasjus Jr.","https://scontent-atl3-2.xx.fbcdn.net/v/t39.30808-1/450674402_122097575870411642_4983933138480219607_n.jpg?stp=cp0_dst-jpg_s32x32&_nc_cat=111&ccb=1-7&_nc_sid=0ecb9b&_nc_ohc=4gd13LgTQaQQ7kNvgGSIUtz&_nc_ht=scontent-atl3-2.xx&_nc_gid=AyWDqPgE35_oTUy7hM30Uzh&oh=00_AYABbuWlL23HyPI8JdqB5m4aYDdCTAAnkSAlsePZhc7Q9Q&oe=66F2C093","https://www.facebook.com/people/Daeng-Arul-Jasjus-Jr/pfbid0UkRPpwgbNETkAxiFk9pkGJhhWhZvZKnX3cZHhZ5SFSYJor65jWh2h7BSGkXvwpsvl/","Y29tbWVudDoyMDEwODc4Nzk2MDM0MjQxXzg4MjcwNzk3MzM0MzYyMA==","Muhammadjafar yg brp kg abang","1"
,,"https://www.facebook.com/nurul.hardianti.9237/videos/532322959185131/?comment_id=480405508309954",,"2024-09-19T12:35:48.000Z","2010878796034241","https://www.facebook.com/nurul.hardianti.9237/videos/532322959185131/","ZmVlZGJhY2s6MjAxMDg3ODc5NjAzNDI0MV80ODA0MDU1MDgzMDk5NTQ=","Y29tbWVudDoyMDEwODc4Nzk2MDM0MjQxXzQ4MDQwNTUwODMwOTk1NA==","https://www.facebook.com/nurul.hardianti.9237/videos/532322959185131/","0","Madrid F1...
Champion🥉
Semangka Non Biji 🍉🍉🍉

Semangka hibrida non biji.
Bentuk buah : bulat.
Warna kulit : hijau gelap.
Warna daging : merah.
Berat buah...","100013364191442","Nrll Bintang Asia","https://scontent-atl3-1.xx.fbcdn.net/v/t39.30808-1/458447769_1998595423929245_3345542859681615678_n.jpg?stp=c0.153.922.922a_cp0_dst-jpg_s32x32&_nc_cat=107&ccb=1-7&_nc_sid=50d2ac&_nc_ohc=etu0XQwpKC8Q7kNvgGymG_x&_nc_ht=scontent-atl3-1.xx&_nc_gid=ADOmuT1Yjxx8r7m2q6K0eUv&oh=00_AYAukgE0spiudrohCI2mBYoz1GxJwm7Gkx0TwkmZgLL9MQ&oe=66F2C605","https://www.facebook.com/nurul.hardianti.9237","Y29tbWVudDoyMDEwODc4Nzk2MDM0MjQxXzE5Njk4NTg2MjY4NjIzMzc=","Basir Puang Patung Hehehe 😄😄😄","1"
,,"https://www.facebook.com/nurul.hardianti.9237/videos/416522024792621/?comment_id=1769750623557029",,"2024-09-19T10:31:20.000Z","2010663572722430","https://www.facebook.com/nurul.hardianti.9237/videos/416522024792621/","ZmVlZGJhY2s6MjAxMDY2MzU3MjcyMjQzMF8xNzY5NzUwNjIzNTU3MDI5","Y29tbWVudDoyMDEwNjYzNTcyNzIyNDMwXzE3Njk3NTA2MjM1NTcwMjk=","https://www.facebook.com/nurul.hardianti.9237/videos/416522024792621/","0","Visit lahan petani penanaman Semangka Varietas Madrid F1, Napoli F1, Dan Diva F1 Berlokasi Di Kecamatan Gantarang Kabupaten Bulukumba 🍉🍉🍉","100013364191442","Nrll Bintang Asia","https://scontent.fagc1-2.fna.fbcdn.net/v/t39.30808-1/458447769_1998595423929245_3345542859681615678_n.jpg?stp=c0.153.922.922a_cp0_dst-jpg_s32x32&_nc_cat=107&ccb=1-7&_nc_sid=50d2ac&_nc_ohc=etu0XQwpKC8Q7kNvgEAURqH&_nc_ht=scontent.fagc1-2.fna&_nc_gid=AHKXWbsYXmIpTH3qcKWZtK9&oh=00_AYBOrSvh4bTAW9RggfmZ5TKhRHbXFVViTn93rcJpPMvGyg&oe=66F2C605","https://www.facebook.com/nurul.hardianti.9237","Y29tbWVudDoyMDEwNjYzNTcyNzIyNDMwXzkzODE3NDEyMTU1MDMwNA==","Renzy Bintangasia Mantap kembali boss","1"
,,"https://www.facebook.com/nurul.hardianti.9237/videos/532322959185131/?comment_id=1011264750790293",,"2024-09-20T00:11:43.000Z","2010878796034241","https://www.facebook.com/nurul.hardianti.9237/videos/532322959185131/","ZmVlZGJhY2s6MjAxMDg3ODc5NjAzNDI0MV8xMDExMjY0NzUwNzkwMjkz","Y29tbWVudDoyMDEwODc4Nzk2MDM0MjQxXzEwMTEyNjQ3NTA3OTAyOTM=","https://www.facebook.com/nurul.hardianti.9237/videos/532322959185131/","0","Madrid F1...
Champion🥉
Semangka Non Biji 🍉🍉🍉

Semangka hibrida non biji.
Bentuk buah : bulat.
Warna kulit : hijau gelap.
Warna daging : merah.
Berat buah...","100013364191442","Nrll Bintang Asia","https://scontent-man2-1.xx.fbcdn.net/v/t39.30808-1/458447769_1998595423929245_3345542859681615678_n.jpg?stp=c0.153.922.922a_cp0_dst-jpg_s32x32&_nc_cat=107&ccb=1-7&_nc_sid=50d2ac&_nc_ohc=etu0XQwpKC8Q7kNvgHFONHh&_nc_ht=scontent-man2-1.xx&_nc_gid=AqAJyc6D9kSbP5TLVTX7yMm&oh=00_AYCbbkqXUW21I0ncjnIB7q3n7D6f_tZ1CLBPW9uoPxqz2A&oe=66F2C605","https://www.facebook.com/nurul.hardianti.9237","Y29tbWVudDoyMDEwODc4Nzk2MDM0MjQxXzEwNTk5NjI2OTU1Mjg1NTI=","Ilham Bintang Asia Makasihhh🙏","1"
