﻿"author","authorIsChannelOwner","cid","comment","commentsCount","hasCreatorHeart","pageUrl","publishedTimeText","replyCount","replyToCid","title","type","videoId","voteCount"
"@vitriyanti1712","false","Ugy4EZG0JXOxabjyJzB4AaABAg","BANG MAU TANYA PUPUK SP, DI CAMPUR NPK 16,16 UMUR CABE 30 HST BOLEH KAH DOSIS NYA BERAPA OM","11","false","https://www.youtube.com/watch?v=k-N__NqcgWE","11 days ago","1",,"TERBARU! Dosis Campuran Pupuk MKP dan KNO3 Putih","comment","k-N__NqcgWE","0"
"@ThomasArdiyansyah","false","UgyZEdMus-7uUAiSk694AaABAg","Bahas astonish kak","11","false","https://www.youtube.com/watch?v=k-N__NqcgWE","2 weeks ago","1",,"TERBARU! Dosis Campuran Pupuk MKP dan KNO3 Putih","comment","k-N__NqcgWE","0"
"@Zainudin-op9ot","false","UgzkOQoUBbD2bfof6lV4AaABAg","Brapa bos takaran untuk durian lokal yg usianya +- 40 thn","11","false","https://www.youtube.com/watch?v=k-N__NqcgWE","2 weeks ago","0",,"TERBARU! Dosis Campuran Pupuk MKP dan KNO3 Putih","comment","k-N__NqcgWE","0"
"@Garra28","false","Ugw9YeXyHFg1bJzSbKx4AaABAg","Hadir boss maaaf mau nanya diluar topik vidio ini,Fungisida score dicampur dithane bsa gk bos","11","false","https://www.youtube.com/watch?v=k-N__NqcgWE","2 weeks ago","0",,"TERBARU! Dosis Campuran Pupuk MKP dan KNO3 Putih","comment","k-N__NqcgWE","0"
"@radenmasmujiib9166","false","UgwGYst3FtLuvE9twcV4AaABAg","Siang mas,. maaf mau nanya ,. dinamo tangki elektrik yg PALING bagus merek apa saya mau order","11","false","https://www.youtube.com/watch?v=k-N__NqcgWE","2 weeks ago","0",,"TERBARU! Dosis Campuran Pupuk MKP dan KNO3 Putih","comment","k-N__NqcgWE","0"
"@haryantoharyanto-nl7bq","false","UgzE4QIuet9CbV8DhxZ4AaABAg","Untuk pemupukan masa generatif atau vegetatif","11","false","https://www.youtube.com/watch?v=k-N__NqcgWE","3 weeks ago","0",,"TERBARU! Dosis Campuran Pupuk MKP dan KNO3 Putih","comment","k-N__NqcgWE","1"
"@filmtitialfiantirahman7248","false","UgzJhmectqLhDUDSpoF4AaABAg","Hadir, bantaeng","11","false","https://www.youtube.com/watch?v=k-N__NqcgWE","3 weeks ago","0",,"TERBARU! Dosis Campuran Pupuk MKP dan KNO3 Putih","comment","k-N__NqcgWE","0"
"@FauZan-ly1ld","false","Ugy-qFyvi2KlSSqwk-B4AaABAg","Apakah mkp+kno3 putih bisa dicampur dng pestisida?","11","false","https://www.youtube.com/watch?v=k-N__NqcgWE","3 weeks ago","0",,"TERBARU! Dosis Campuran Pupuk MKP dan KNO3 Putih","comment","k-N__NqcgWE","1"
"@riaagustina7114","false","Ugxka-QrxIXxKThrHeB4AaABAg","Banyuwangi hadir.","11","false","https://www.youtube.com/watch?v=k-N__NqcgWE","3 weeks ago","0",,"TERBARU! Dosis Campuran Pupuk MKP dan KNO3 Putih","comment","k-N__NqcgWE","0"
"@tokder-tv","true","Ugy4EZG0JXOxabjyJzB4AaABAg.A8j2rxOKLDsA8vUkN21Omi","boleh, 
silahkan bisa simak video ini
https://www.youtube.com/watch?v=5tUWH0jXtGU&t=1s
https://www.youtube.com/watch?v=gofUWNKphwk","11","false","https://www.youtube.com/watch?v=k-N__NqcgWE","6 days ago","0","Ugy4EZG0JXOxabjyJzB4AaABAg","TERBARU! Dosis Campuran Pupuk MKP dan KNO3 Putih","reply","k-N__NqcgWE","0"
"@uwaisalqarni6611","false","UgxguqWSbXvGQOlUgqZ4AaABAg","Lama banget ngak ngnten bang  ?","2","false","https://www.youtube.com/watch?v=Uno4ECETNRI","12 hours ago","0",,"7 Bahan Aktif Insektisida Atasi Resistensi Ulat Grayak Tanaman Cabe","comment","Uno4ECETNRI","0"
"@acho4575","false","UgzCl10ofSibs_ZiVSh4AaABAg","Mohon maaf bang mau tanya tentang bibit cmk red kriss.
Ada yg dari takii seed da yg dari PT tani murni Indonesia.
Apa ada pembaruan kemasan ya? Mohon di jawab🙏","2","false","https://www.youtube.com/watch?v=Uno4ECETNRI","1 day ago","0",,"7 Bahan Aktif Insektisida Atasi Resistensi Ulat Grayak Tanaman Cabe","comment","Uno4ECETNRI","0"
"@rikinadia789","false","UgyRNKKZ4sMDiJyJqkR4AaABAg","Pak ada grup untuk bisa belajar tanam cabe..
Mau belajar dari 0 hari sampai panen..
Karena saya masih pemula","5","false","https://www.youtube.com/watch?v=bygbV2ZXGJA","9 days ago","1",,"Pemupukan Bibit Cabe Umur 0 - 4 MSS  Dijamin 100% Sukses!","comment","bygbV2ZXGJA","0"
"@citrajayafarm1983","false","UgyDgmGirQxQkmgv6K54AaABAg","Riviu tomat bos...d tunggu..","5","false","https://www.youtube.com/watch?v=bygbV2ZXGJA","9 days ago","1",,"Pemupukan Bibit Cabe Umur 0 - 4 MSS  Dijamin 100% Sukses!","comment","bygbV2ZXGJA","0"
"@kaharjail8911","false","UgzvpQ5TSNz3qBYEro94AaABAg","Kalo pake ember berapa sendok pak tolong bantuannya","5","false","https://www.youtube.com/watch?v=bygbV2ZXGJA","9 days ago","0",,"Pemupukan Bibit Cabe Umur 0 - 4 MSS  Dijamin 100% Sukses!","comment","bygbV2ZXGJA","0"
"@tokder-tv","true","UgyZEdMus-7uUAiSk694AaABAg.A8ZwBzaGjFsA8asuFKbl1D","sudah ada, 
https://www.youtube.com/watch?v=TB21gax7PDg&t=1s","11","false","https://www.youtube.com/watch?v=k-N__NqcgWE","2 weeks ago","0","UgyZEdMus-7uUAiSk694AaABAg","TERBARU! Dosis Campuran Pupuk MKP dan KNO3 Putih","reply","k-N__NqcgWE","0"
"@suhayandialexander7729","false","Ugz0E9dv_9exZT6mk1d4AaABAg","Bagaimana jika yang di aplikasikan golongan azol seperti amistartop dan tridium?","8","false","https://www.youtube.com/watch?v=HOxTkwv7oZE","5 days ago","0",,"Rolling 3 Bahan Aktif Atasi Karat dan Bercak Daun Cabe","comment","HOxTkwv7oZE","0"
"@rusdibae-z6s","false","UgxjEsxwWpSLhYyoFLN4AaABAg","Ganti dong tanamanya kacang panjang atau timun jgn cabe aja, ok makasih","8","false","https://www.youtube.com/watch?v=HOxTkwv7oZE","8 days ago","1",,"Rolling 3 Bahan Aktif Atasi Karat dan Bercak Daun Cabe","comment","HOxTkwv7oZE","0"
"@Ricky-wy7pi","false","Ugz3wlh2ENJJoFWQSSR4AaABAg","Min insek yang ampuh atasi thrips yang mujarab apa ya","8","false","https://www.youtube.com/watch?v=HOxTkwv7oZE","9 days ago","0",,"Rolling 3 Bahan Aktif Atasi Karat dan Bercak Daun Cabe","comment","HOxTkwv7oZE","0"
"@KanayaSalsabila-o4r","false","UgxHxn_0E7q9zzemlDt4AaABAg","Salam dari petani sumedang","8","true","https://www.youtube.com/watch?v=HOxTkwv7oZE","9 days ago","0",,"Rolling 3 Bahan Aktif Atasi Karat dan Bercak Daun Cabe","comment","HOxTkwv7oZE","0"
"@Amekdcius","false","UgwqenSVH6kYA-ZiuL54AaABAg","Npk 16 16 16 sma ultradap bagus mna bos?","8","false","https://www.youtube.com/watch?v=HOxTkwv7oZE","9 days ago","2",,"Rolling 3 Bahan Aktif Atasi Karat dan Bercak Daun Cabe","comment","HOxTkwv7oZE","1"
"@tokder-tv","true","UgyRNKKZ4sMDiJyJqkR4AaABAg.A8o9aZP05nNA8vRSpEXeMB","ada gan, bisa join grup member WA ya,. 
caranya buka beranda channel ini, nnti tinggal join saja gan,.","5","false","https://www.youtube.com/watch?v=bygbV2ZXGJA","6 days ago","0","UgyRNKKZ4sMDiJyJqkR4AaABAg","Pemupukan Bibit Cabe Umur 0 - 4 MSS  Dijamin 100% Sukses!","reply","bygbV2ZXGJA","0"
"@tokder-tv","true","UgyDgmGirQxQkmgv6K54AaABAg.A8o988rnHZdA8vRccoPvnx","ini tomat gan,.
https://www.youtube.com/watch?v=HZ3oTa9vz1Q&t=1s

https://www.youtube.com/watch?v=gM2zvKrfVo8&t=14s
https://www.youtube.com/watch?v=VedC5gVMb8c&t=18s","5","false","https://www.youtube.com/watch?v=bygbV2ZXGJA","6 days ago","0","UgyDgmGirQxQkmgv6K54AaABAg","Pemupukan Bibit Cabe Umur 0 - 4 MSS  Dijamin 100% Sukses!","reply","bygbV2ZXGJA","0"
"@mamakalan2704","false","UgxjEsxwWpSLhYyoFLN4AaABAg.A8qsjlV3MgIA8tbdBS5I-w"," @rusdibae-z6s  kayak nya ini di daerah susah air","8","false","https://www.youtube.com/watch?v=HOxTkwv7oZE","7 days ago","0","UgxjEsxwWpSLhYyoFLN4AaABAg","Rolling 3 Bahan Aktif Atasi Karat dan Bercak Daun Cabe","reply","HOxTkwv7oZE","0"
"@tokder-tv","true","UgwqenSVH6kYA-ZiuL54AaABAg.A8nXnD3dfJdA8vTbYf_yqY","buat apa dulu?
kandungannya beda soalnya, Ultradap hanya mengandung P dan N,
NPK 16-16-16, lengkap ada N,P dan K","8","false","https://www.youtube.com/watch?v=HOxTkwv7oZE","6 days ago","0","UgwqenSVH6kYA-ZiuL54AaABAg","Rolling 3 Bahan Aktif Atasi Karat dan Bercak Daun Cabe","reply","HOxTkwv7oZE","0"
"@Amekdcius","false","UgwqenSVH6kYA-ZiuL54AaABAg.A8nXnD3dfJdA8vV9m1qhhc"," @tokder-tv  seandainya kita mlih slah satu dri ppuk trsebut slma msa vgetatif,bgus mna bos buat cabe rawit?","8","false","https://www.youtube.com/watch?v=HOxTkwv7oZE","6 days ago (edited)","0","UgwqenSVH6kYA-ZiuL54AaABAg","Rolling 3 Bahan Aktif Atasi Karat dan Bercak Daun Cabe","reply","HOxTkwv7oZE","0"
"@SelaNadus","false","Ugwqhdf_ECP5ivIJL8p4AaABAg","Makasih infonya gan","1","false","https://www.youtube.com/watch?v=AbSC35nrJiA","10 hours ago","0",,"2 Golongan Insekrisida Basmi Hama Lalat Pengorok Daun Paling JOSSS!","comment","AbSC35nrJiA","0"
"@SamuelHenjuk","false","UgwBrHollvxMTQbJ0sl4AaABAg","Mantap insektisida ya kawan","1","false","https://www.youtube.com/watch?v=AbSC35nrJiA","13 hours ago","0",,"2 Golongan Insekrisida Basmi Hama Lalat Pengorok Daun Paling JOSSS!","comment","AbSC35nrJiA","0"
