﻿"attachments/0/__typename","attachments/0/animated_image","attachments/0/animated_image/uri","attachments/0/frame_count","attachments/0/frame_rate","attachments/0/frames_per_column","attachments/0/frames_per_row","attachments/0/id","attachments/0/image/height","attachments/0/image/uri","attachments/0/image/width","attachments/0/label","attachments/0/pack","attachments/0/pack/id","attachments/0/pack/name","attachments/0/sprite_image","attachments/0/sprite_image/uri","commentUrl","comments/0/commentUrl","comments/0/commentsCount","comments/0/date","comments/0/feedbackId","comments/0/id","comments/0/likesCount","comments/0/parentComment/author/__typename","comments/0/parentComment/author/id","comments/0/parentComment/author/name","comments/0/parentComment/author/short_name","comments/0/parentComment/id","comments/0/profileId","comments/0/profileName","comments/0/profilePicture","comments/0/profileUrl","comments/0/replyToCommentId","comments/0/text","comments/0/threadingDepth","comments/1/attachments/0/__typename","comments/1/attachments/0/animated_image/uri","comments/1/attachments/0/frame_count","comments/1/attachments/0/frame_rate","comments/1/attachments/0/frames_per_column","comments/1/attachments/0/frames_per_row","comments/1/attachments/0/id","comments/1/attachments/0/image/height","comments/1/attachments/0/image/uri","comments/1/attachments/0/image/width","comments/1/attachments/0/label","comments/1/attachments/0/pack/id","comments/1/attachments/0/pack/name","comments/1/attachments/0/sprite_image/uri","comments/1/commentUrl","comments/1/date","comments/1/feedbackId","comments/1/id","comments/1/likesCount","comments/1/parentComment/author/__typename","comments/1/parentComment/author/id","comments/1/parentComment/author/name","comments/1/parentComment/author/short_name","comments/1/parentComment/id","comments/1/profileId","comments/1/profileName","comments/1/profilePicture","comments/1/profileUrl","comments/1/replyToCommentId","comments/1/text","comments/1/threadingDepth","comments/2/commentUrl","comments/2/date","comments/2/feedbackId","comments/2/id","comments/2/likesCount","comments/2/parentComment/author/__typename","comments/2/parentComment/author/id","comments/2/parentComment/author/name","comments/2/parentComment/author/short_name","comments/2/parentComment/id","comments/2/profileId","comments/2/profileName","comments/2/profilePicture","comments/2/profileUrl","comments/2/replyToCommentId","comments/2/text","comments/2/threadingDepth","commentsCount","date","facebookId","facebookUrl","feedbackId","id","inputUrl","likesCount","pageAdLibrary/id","pageAdLibrary/is_business_page_active","pageAdLibrary/woodhenge_creator_info","postTitle","profileId","profileName","profilePicture","profileUrl","text","threadingDepth"
,,,,,,,,,,,,,,,,,"https://www.facebook.com/cayadi.santosa/videos/1708846119927850/?comment_id=1031475828479710",,,,,,,,,,,,,,,,,,,,,,,,,,,,,,,,,,,,,,,,,,,,,,,,,,,,,,,,,,,,,,,,,,,"1","2024-09-06T07:06:03.000Z","26927111873539770","https://www.facebook.com/100000029645476/posts/26927111873539770","ZmVlZGJhY2s6MjY5MjcxMTE4NzM1Mzk3NzBfMTAzMTQ3NTgyODQ3OTcxMA==","Y29tbWVudDoyNjkyNzExMTg3MzUzOTc3MF8xMDMxNDc1ODI4NDc5NzEw","https://www.facebook.com/100000029645476/posts/26927111873539770","0",,,,"Masih bersama jagung manis STABIL F1.
Udah nginep rasa tetep manis.","100004635373912","Andrian Kamaludin Gani","https://scontent-cdg4-2.xx.fbcdn.net/v/t39.30808-1/457490804_2835351473296004_550107678388789886_n.jpg?stp=cp0_dst-jpg_s32x32&_nc_cat=103&ccb=1-7&_nc_sid=50d2ac&_nc_ohc=3cGA5odaGkoQ7kNvgGpfevd&_nc_ht=scontent-cdg4-2.xx&_nc_gid=AYePHowY8U92GYxdZWqRrNr&oh=00_AYA_099rQ_BgMHXm_6gT9ZPM1O-6Gu4Uxt5BUxhp1Q14hQ&oe=6703CA03","https://www.facebook.com/andrian.chilegenda","Mantap stabil F1👍👍","0"
,,,,,,,,,,,,,,,,,"https://www.facebook.com/cayadi.santosa/videos/1708846119927850/?comment_id=1301047354609489",,,,,,,,,,,,,,,,,,,,,,,,,,,,,,,,,,,,,,,,,,,,,,,,,,,,,,,,,,,,,,,,,,,"4","2024-09-06T03:17:44.000Z","26927111873539770","https://www.facebook.com/100000029645476/posts/26927111873539770","ZmVlZGJhY2s6MjY5MjcxMTE4NzM1Mzk3NzBfMTMwMTA0NzM1NDYwOTQ4OQ==","Y29tbWVudDoyNjkyNzExMTg3MzUzOTc3MF8xMzAxMDQ3MzU0NjA5NDg5","https://www.facebook.com/100000029645476/posts/26927111873539770","0",,,,"Masih bersama jagung manis STABIL F1.
Udah nginep rasa tetep manis.","100021480528422","Tata Rumah Pengantin","https://scontent-cdg4-2.xx.fbcdn.net/v/t39.30808-1/448972650_1531687400890596_784994599216693912_n.jpg?stp=c0.256.1536.1536a_cp0_dst-jpg_s32x32&_nc_cat=103&ccb=1-7&_nc_sid=50d2ac&_nc_ohc=blJN-2otfNkQ7kNvgHAkDIY&_nc_ht=scontent-cdg4-2.xx&_nc_gid=AYePHowY8U92GYxdZWqRrNr&oh=00_AYCZq9FCq3yMOJiq5TwD8jGfssRV7U7Z4Onb0dzShp4kCQ&oe=6703DF4F","https://www.facebook.com/tata.pengantin.5","Nah kan,dirumah ngak di tinggalin...digowo Kabeh..anakny golek iii","0"
,,,,,,,,,,,,,,,,,"https://www.facebook.com/cayadi.santosa/videos/1708846119927850/?comment_id=788931493317269",,,,,,,,,,,,,,,,,,,,,,,,,,,,,,,,,,,,,,,,,,,,,,,,,,,,,,,,,,,,,,,,,,,"1","2024-09-06T04:57:50.000Z","26927111873539770","https://www.facebook.com/100000029645476/posts/26927111873539770","ZmVlZGJhY2s6MjY5MjcxMTE4NzM1Mzk3NzBfNzg4OTMxNDkzMzE3MjY5","Y29tbWVudDoyNjkyNzExMTg3MzUzOTc3MF83ODg5MzE0OTMzMTcyNjk=","https://www.facebook.com/100000029645476/posts/26927111873539770","0",,,,"Masih bersama jagung manis STABIL F1.
Udah nginep rasa tetep manis.","100007578522755","Renzy Bintangasia","https://scontent-cdg4-1.xx.fbcdn.net/v/t39.30808-1/426012403_3605728109689771_2277782955804277447_n.jpg?stp=cp0_dst-jpg_s32x32&_nc_cat=104&ccb=1-7&_nc_sid=50d2ac&_nc_ohc=NKmntc7UrGAQ7kNvgEGUvrg&_nc_ht=scontent-cdg4-1.xx&_nc_gid=AYePHowY8U92GYxdZWqRrNr&oh=00_AYD7sxEdbB7BBUsSzF9gMe98Sl-t97CJxNNSXixRMyEwAg&oe=6703CF04","https://www.facebook.com/renzi.prayuda","Kirim ke sini dong yang rebusanya 🤣","0"
,,,,,,,,,,,,,,,,,"https://www.facebook.com/cayadi.santosa/videos/1708846119927850/?comment_id=817182327248256",,,,,,,,,,,,,,,,,,,,,,,,,,,,,,,,,,,,,,,,,,,,,,,,,,,,,,,,,,,,,,,,,,,"2","2024-09-07T07:04:29.000Z","26927111873539770","https://www.facebook.com/100000029645476/posts/26927111873539770","ZmVlZGJhY2s6MjY5MjcxMTE4NzM1Mzk3NzBfODE3MTgyMzI3MjQ4MjU2","Y29tbWVudDoyNjkyNzExMTg3MzUzOTc3MF84MTcxODIzMjcyNDgyNTY=","https://www.facebook.com/100000029645476/posts/26927111873539770","0",,,,"Masih bersama jagung manis STABIL F1.
Udah nginep rasa tetep manis.","pfbid02bicbx2a8wfMcK1XjVLtwJa4U4g7CgFL7xfQm1XUPG44dQjYHiGetNU1ZPogJsJmol","Agus Jr.","https://scontent-cdg4-3.xx.fbcdn.net/v/t39.30808-1/295810345_1103847230530185_52690559756988271_n.jpg?stp=c0.68.488.488a_cp0_dst-jpg_s32x32&_nc_cat=111&ccb=1-7&_nc_sid=0ecb9b&_nc_ohc=nGz6MLpu6bIQ7kNvgEndY3U&_nc_ht=scontent-cdg4-3.xx&_nc_gid=AYePHowY8U92GYxdZWqRrNr&oh=00_AYByQGspfYZq4xF3NPUuYsAW5OZOqW9zm2gb9t2CAESUJw&oe=6703B224","https://www.facebook.com/agusputra.ngawi.5","Tetap kompak,stabil, siap libas.","0"
,,,,,,,,,,,,,,,,,"https://www.facebook.com/cayadi.santosa/videos/1891306798035748/?comment_id=897377795574668","https://www.facebook.com/cayadi.santosa/videos/1891306798035748/?comment_id=897377795574668&reply_comment_id=511951174754568",,"2024-09-04T06:13:53.000Z","ZmVlZGJhY2s6MjY5MDQyMTAwNzkxNjMyODNfNTExOTUxMTc0NzU0NTY4","Y29tbWVudDoyNjkwNDIxMDA3OTE2MzI4M181MTE5NTExNzQ3NTQ1Njg=","0","User","pfbid02br3Kyotp5HgmiwXETE3jcSKA4kWxUFbzJWmXx3vWtyNZXe5Z1daViQC2qsDqyE6Fl","Yospiqmi Rizal Bintang Asia","Yospiqmi","Y29tbWVudDoyNjkwNDIxMDA3OTE2MzI4M184OTczNzc3OTU1NzQ2Njg=","100000029645476","Cayadi Bintang Asia","https://scontent.fmbj2-2.fna.fbcdn.net/v/t31.18172-1/15724565_1469077786436529_7264600135043183638_o.jpg?stp=c0.200.1200.1200a_cp0_dst-jpg_s32x32&_nc_cat=101&ccb=1-7&_nc_sid=db5862&_nc_ohc=z-M6Ynf3R1cQ7kNvgHSAVPh&_nc_ht=scontent.fmbj2-2.fna&_nc_gid=ANUux1onofguOAuA2aZ2Thv&oh=00_AYABAPEhMmDgkS2gTgrxKh1Egki-m34ff24LdnalilM2cQ&oe=67254EFE","https://www.facebook.com/cayadi.santosa","Y29tbWVudDoyNjkwNDIxMDA3OTE2MzI4M184OTczNzc3OTU1NzQ2Njg=","Yospiqmi Rizal Bintang Asia jozz...","1",,,,,,,,,,,,,,,,,,,,,,,,,,,,,,,,,,,,,,,,,,,,,,,,,"1","2024-09-04T04:33:35.000Z","26904210079163283","https://www.facebook.com/100000029645476/posts/26904210079163283","ZmVlZGJhY2s6MjY5MDQyMTAwNzkxNjMyODNfODk3Mzc3Nzk1NTc0NjY4","Y29tbWVudDoyNjkwNDIxMDA3OTE2MzI4M184OTczNzc3OTU1NzQ2Njg=","https://www.facebook.com/100000029645476/posts/26904210079163283","0",,,,"Kemarau melanda buah tetep kemruyuk. TEWE BINTANG ASIA.","pfbid02br3Kyotp5HgmiwXETE3jcSKA4kWxUFbzJWmXx3vWtyNZXe5Z1daViQC2qsDqyE6Fl","Yospiqmi Rizal Bintang Asia","https://scontent.fmbj2-2.fna.fbcdn.net/v/t1.18169-1/12814133_605474156274254_1255382583968893776_n.jpg?stp=cp0_dst-jpg_s32x32&_nc_cat=107&ccb=1-7&_nc_sid=e4545e&_nc_ohc=vUZt8nk80koQ7kNvgFrFu68&_nc_ht=scontent.fmbj2-2.fna&oh=00_AYAg4lUGhgLzvezHyuBcPmA9_lEGe9fCZwZcWVU4iN0caw&oe=67256C7C","https://www.facebook.com/yospiqmi.rizal","Benih siap kirim dari bengkulu","0"
"Sticker",,"https://scontent-dfw5-2.xx.fbcdn.net/v/t39.1997-6/105343556_953860578409633_6468337803980710969_n.webp?stp=dst-webp_s110x80&_nc_cat=1&ccb=1-7&_nc_sid=ba09c1&_nc_ohc=VhYKi_8cxjUQ7kNvgH-PgSi&_nc_ht=scontent-dfw5-2.xx&_nc_gid=AH0RgUhdV9f-Eoen6dMf-VR&oh=00_AYADP9yza7LxpVB8WeP-OW1S7KYT86vNkMi5tPNQgJCHLw&oe=6703B67A","15","83","4","4","529234054205623","80","https://scontent-dfw5-2.xx.fbcdn.net/v/t39.1997-6/83640226_953860661742958_8297483048391664602_n.png?stp=cp0_dst-png_s110x80&_nc_cat=1&ccb=1-7&_nc_sid=23dd7b&_nc_ohc=IIH_vTuZ0d4Q7kNvgGb9qVE&_nc_ht=scontent-dfw5-2.xx&_nc_gid=AH0RgUhdV9f-Eoen6dMf-VR&oh=00_AYCTQcjkJ7_zcBI_ov3p2AOXyYKK_ME1_k8xuj5i0ihy3Q&oe=6703CE77","80","An animated yellow left hand with thumb up.",,"516558918806470","Moodies",,"https://scontent-dfw5-2.xx.fbcdn.net/v/t39.1997-6/105941685_953860581742966_1572841152382279834_n.png?stp=dst-png_p320x320&_nc_cat=1&ccb=1-7&_nc_sid=ba09c1&_nc_ohc=ccBGu2HvbgcQ7kNvgFGgPCE&_nc_ht=scontent-dfw5-2.xx&_nc_gid=AH0RgUhdV9f-Eoen6dMf-VR&oh=00_AYBgF2NHawNlWI__2WQDYTg2BvLCPxQEbHA-VE8U0Owtxw&oe=6703C142","https://www.facebook.com/cayadi.santosa/videos/1587092041884572/?comment_id=1236268590892069",,,,,,,,,,,,,,,,,,,,,,,,,,,,,,,,,,,,,,,,,,,,,,,,,,,,,,,,,,,,,,,,,,,"2","2024-09-09T03:10:35.000Z","1587092041884572","https://www.facebook.com/100000029645476/posts/1587092041884572","ZmVlZGJhY2s6MTU4NzA5MjA0MTg4NDU3Ml8xMjM2MjY4NTkwODkyMDY5","Y29tbWVudDoxNTg3MDkyMDQxODg0NTcyXzEyMzYyNjg1OTA4OTIwNjk=","https://www.facebook.com/100000029645476/posts/1587092041884572","0",,,,"Cayadi Bintang Asia was live.","pfbid06ZH7vXteibHVCvcTxBXFdb38RaS8FTVjqczkz95TFVF8VmyV49MDaeyTTvUUpAyVl","Febrian Kharisma Ajm","https://scontent-dfw5-1.xx.fbcdn.net/v/t1.6435-1/56269935_405887353323076_1260167074211168256_n.jpg?stp=c10.262.1491.1491a_cp0_dst-jpg_s32x32&_nc_cat=105&ccb=1-7&_nc_sid=0ecb9b&_nc_ohc=cqQyxs2NYj8Q7kNvgGiYTWL&_nc_ht=scontent-dfw5-1.xx&_nc_gid=AH0RgUhdV9f-Eoen6dMf-VR&oh=00_AYDEMEQtvlAfcA1X0fg8YyxxjSocrvPusivU6IK2oU6tCg&oe=672565A6","https://www.facebook.com/people/Febrian-Kharisma-Ajm/pfbid06ZH7vXteibHVCvcTxBXFdb38RaS8FTVjqczkz95TFVF8VmyV49MDaeyTTvUUpAyVl/",,"0"
,,,,,,,,,,,,,,,,,"https://www.facebook.com/cayadi.santosa/videos/1587092041884572/?comment_id=1176420566790328",,,,,,,,,,,,,,,,,,,,,,,,,,,,,,,,,,,,,,,,,,,,,,,,,,,,,,,,,,,,,,,,,,,"1","2024-09-07T06:59:05.000Z","1587092041884572","https://www.facebook.com/100000029645476/posts/1587092041884572","ZmVlZGJhY2s6MTU4NzA5MjA0MTg4NDU3Ml8xMTc2NDIwNTY2NzkwMzI4","Y29tbWVudDoxNTg3MDkyMDQxODg0NTcyXzExNzY0MjA1NjY3OTAzMjg=","https://www.facebook.com/100000029645476/posts/1587092041884572","0",,,,"Cayadi Bintang Asia was live.","pfbid02WAzQ9wEm4ENDnuJYsMZ4zZyWjzgvGEGViLfkPEEwQysgopzvkTyCVSTeV5kkjz6ml","Opeq Bintang Asia","https://scontent-dfw5-2.xx.fbcdn.net/v/t39.30808-1/440808755_122106493232287865_6230265854575499414_n.jpg?stp=cp0_dst-jpg_s32x32&_nc_cat=108&ccb=1-7&_nc_sid=0ecb9b&_nc_ohc=fbznEqBz-vUQ7kNvgFq6qOE&_nc_ht=scontent-dfw5-2.xx&_nc_gid=AH0RgUhdV9f-Eoen6dMf-VR&oh=00_AYCYf0JeukD6mHutKyTejDeKGeLYWrSPVZAEaRiUOf7JiQ&oe=6703DBEE","https://www.facebook.com/people/Opeq-Bintang-Asia/pfbid02WAzQ9wEm4ENDnuJYsMZ4zZyWjzgvGEGViLfkPEEwQysgopzvkTyCVSTeV5kkjz6ml/","Buncis polong putih
Sangat lebat dari pangkal
Buah gilig dan panjang
Produksi tinggi","0"
,,,,,,,,,,,,,,,,,"https://www.facebook.com/cayadi.santosa/videos/1587092041884572/?comment_id=1686553288553779",,,,,,,,,,,,,,,,,,,,,,,,,,,,,,,,,,,,,,,,,,,,,,,,,,,,,,,,,,,,,,,,,,,"1","2024-09-09T01:11:33.000Z","1587092041884572","https://www.facebook.com/100000029645476/posts/1587092041884572","ZmVlZGJhY2s6MTU4NzA5MjA0MTg4NDU3Ml8xNjg2NTUzMjg4NTUzNzc5","Y29tbWVudDoxNTg3MDkyMDQxODg0NTcyXzE2ODY1NTMyODg1NTM3Nzk=","https://www.facebook.com/100000029645476/posts/1587092041884572","0",,,,"Cayadi Bintang Asia was live.","pfbid02StXbyicupWhcn9SobUytFqEsM2SspXgjwqezGGBjZVuVTUPNCJNCyBL13L4Sjw6il","Eric Z","https://scontent-dfw5-2.xx.fbcdn.net/v/t1.6435-1/29389366_100508254127636_6370208382900502528_n.jpg?stp=cp0_dst-jpg_s32x32&_nc_cat=106&ccb=1-7&_nc_sid=0ecb9b&_nc_ohc=PZfytgZZv8kQ7kNvgFQrHAL&_nc_ht=scontent-dfw5-2.xx&_nc_gid=AH0RgUhdV9f-Eoen6dMf-VR&oh=00_AYCxyXIZXlI2FLhi7vWaLgcuA2EZW3Uo8ZMIAzMe7H6D4g&oe=67257705","https://www.facebook.com/eric.z.524","buahnya gampang rontok","0"
"Sticker",,,"1","83","1","1","1172755940436037","128","https://scontent-dfw5-2.xx.fbcdn.net/v/t39.1997-6/453081435_1172755943769370_915390700889131384_n.png?stp=dst-png_s168x128&_nc_cat=108&ccb=1-7&_nc_sid=23dd7b&_nc_ohc=vqTLofoMbCcQ7kNvgF6eHFJ&_nc_ht=scontent-dfw5-2.xx&_nc_gid=AH0RgUhdV9f-Eoen6dMf-VR&oh=00_AYBd0V2qwC8fc00jzi-vu5uHPb35IuMLgMjQcPhJte9VWQ&oe=6703D474","128","",,,,,,"https://www.facebook.com/cayadi.santosa/videos/1587092041884572/?comment_id=523148516864017",,,,,,,,,,,,,,,,,,,,,,,,,,,,,,,,,,,,,,,,,,,,,,,,,,,,,,,,,,,,,,,,,,,"1","2024-09-07T08:03:44.000Z","1587092041884572","https://www.facebook.com/100000029645476/posts/1587092041884572","ZmVlZGJhY2s6MTU4NzA5MjA0MTg4NDU3Ml81MjMxNDg1MTY4NjQwMTc=","Y29tbWVudDoxNTg3MDkyMDQxODg0NTcyXzUyMzE0ODUxNjg2NDAxNw==","https://www.facebook.com/100000029645476/posts/1587092041884572","0",,,,"Cayadi Bintang Asia was live.","100004635373912","Andrian Kamaludin Gani","https://scontent-dfw5-1.xx.fbcdn.net/v/t39.30808-1/457490804_2835351473296004_550107678388789886_n.jpg?stp=cp0_dst-jpg_s32x32&_nc_cat=103&ccb=1-7&_nc_sid=50d2ac&_nc_ohc=3cGA5odaGkoQ7kNvgE5KwrM&_nc_ht=scontent-dfw5-1.xx&_nc_gid=AH0RgUhdV9f-Eoen6dMf-VR&oh=00_AYDTT4Jn1_zOVbvYaLPBNwza3kx1hZBCEplEiWECbfiYNw&oe=6703CA03","https://www.facebook.com/andrian.chilegenda",,"0"
,,,,,,,,,,,,,,,,,"https://www.facebook.com/cayadi.santosa/videos/1587092041884572/?comment_id=480975988040234",,,,,,,,,,,,,,,,,,,,,,,,,,,,,,,,,,,,,,,,,,,,,,,,,,,,,,,,,,,,,,,,,,,"1","2024-09-07T11:25:46.000Z","1587092041884572","https://www.facebook.com/100000029645476/posts/1587092041884572","ZmVlZGJhY2s6MTU4NzA5MjA0MTg4NDU3Ml80ODA5NzU5ODgwNDAyMzQ=","Y29tbWVudDoxNTg3MDkyMDQxODg0NTcyXzQ4MDk3NTk4ODA0MDIzNA==","https://www.facebook.com/100000029645476/posts/1587092041884572","0",,,,"Cayadi Bintang Asia was live.","pfbid034R71JRKUTYuKPtyoiEeQ7qpxRi2FWmXTap8kCN4LYxkoWELUHeU1PfAh6g6UAiMSl","Hariyadii Hariyadii","https://scontent-dfw5-1.xx.fbcdn.net/v/t39.30808-1/299770660_899116294788381_7669305444590459155_n.jpg?stp=cp0_dst-jpg_s32x32&_nc_cat=101&ccb=1-7&_nc_sid=0ecb9b&_nc_ohc=qzfbBB5f-8gQ7kNvgGEZ-DZ&_nc_ht=scontent-dfw5-1.xx&_nc_gid=AH0RgUhdV9f-Eoen6dMf-VR&oh=00_AYA27WN-KOiRxJPxGf9MN2SZhIDF_WdQNWngmanbbKVW2A&oe=6703DDEF","https://www.facebook.com/hariyadii.hariyadii.52","Mantap bos","0"
,,,,,,,,,,,,,,,,,"https://www.facebook.com/cayadi.santosa/videos/1587092041884572/?comment_id=438559875244386",,,,,,,,,,,,,,,,,,,,,,,,,,,,,,,,,,,,,,,,,,,,,,,,,,,,,,,,,,,,,,,,,,,"1","2024-09-07T12:15:13.000Z","1587092041884572","https://www.facebook.com/100000029645476/posts/1587092041884572","ZmVlZGJhY2s6MTU4NzA5MjA0MTg4NDU3Ml80Mzg1NTk4NzUyNDQzODY=","Y29tbWVudDoxNTg3MDkyMDQxODg0NTcyXzQzODU1OTg3NTI0NDM4Ng==","https://www.facebook.com/100000029645476/posts/1587092041884572","0",,,,"Cayadi Bintang Asia was live.","pfbid033zrpKRmWMfgTTf7wSBrS45kBXgRpCQdFcdQTqLoDmAD4JDwDPGMNp1zS4kVvDViUl","Setyo","https://scontent-dfw5-2.xx.fbcdn.net/v/t39.30808-1/456400640_1209546967166755_1686576303853996765_n.jpg?stp=cp0_dst-jpg_s32x32&_nc_cat=108&ccb=1-7&_nc_sid=0ecb9b&_nc_ohc=IiZMoK1EQMoQ7kNvgFcl_pl&_nc_ht=scontent-dfw5-2.xx&_nc_gid=AH0RgUhdV9f-Eoen6dMf-VR&oh=00_AYDxs1VoED22zp9pTHdSZFW60V-GerHCm3kJaM4rTV1ybg&oe=6703B5C2","https://www.facebook.com/people/Setyo/pfbid033zrpKRmWMfgTTf7wSBrS45kBXgRpCQdFcdQTqLoDmAD4JDwDPGMNp1zS4kVvDViUl/","Bagi benih nya sini","0"
,,,,,,,,,,,,,,,,,"https://www.facebook.com/reel/1309794066651076/?comment_id=827599115843786","https://www.facebook.com/reel/1309794066651076/?comment_id=827599115843786&reply_comment_id=1034581908381728",,"2024-09-07T05:14:55.000Z","ZmVlZGJhY2s6MjY5NDA0MjI2NzU1NDIwMjNfMTAzNDU4MTkwODM4MTcyOA==","Y29tbWVudDoyNjk0MDQyMjY3NTU0MjAyM18xMDM0NTgxOTA4MzgxNzI4","0","User","pfbid0K4S7kFLB69CstEZ6vDiEvqk2QPGRMy9hbTevV4x91b2izBapRg9Bmp2kQKYeCd1gl","Busu Ko","Busu","Y29tbWVudDoyNjk0MDQyMjY3NTU0MjAyM184Mjc1OTkxMTU4NDM3ODY=","100000029645476","Cayadi Bintang Asia","https://scontent-lga3-2.xx.fbcdn.net/v/t31.18172-1/15724565_1469077786436529_7264600135043183638_o.jpg?stp=c0.200.1200.1200a_cp0_dst-jpg_s32x32&_nc_cat=101&ccb=1-7&_nc_sid=db5862&_nc_ohc=z-M6Ynf3R1cQ7kNvgEXB6c1&_nc_ht=scontent-lga3-2.xx&_nc_gid=AoadHRNMuqXAJ0UGcW3fcdK&oh=00_AYBRmHtfyUm8elZZgKU_P_K1q_rk5X6tdhPJDSiRE7LXZA&oe=67254EFE","https://www.facebook.com/cayadi.santosa","Y29tbWVudDoyNjk0MDQyMjY3NTU0MjAyM184Mjc1OTkxMTU4NDM3ODY=","Busu Ko 1.100 mdpl.","1",,,,,,,,,,,,,,,,,,,,,,,,,,,,,,,,,,,,,,,,,,,,,,,,,"1","2024-09-07T05:11:28.000Z","26940422675542023","https://www.facebook.com/100000029645476/posts/26940422675542023","ZmVlZGJhY2s6MjY5NDA0MjI2NzU1NDIwMjNfODI3NTk5MTE1ODQzNzg2","Y29tbWVudDoyNjk0MDQyMjY3NTU0MjAyM184Mjc1OTkxMTU4NDM3ODY=","https://www.facebook.com/100000029645476/posts/26940422675542023","0","177330225469654",,,,"pfbid0K4S7kFLB69CstEZ6vDiEvqk2QPGRMy9hbTevV4x91b2izBapRg9Bmp2kQKYeCd1gl","Busu Ko","https://scontent-lga3-1.xx.fbcdn.net/v/t1.6435-1/104291257_325598668458428_8727821561808103981_n.jpg?stp=c0.0.750.750a_cp0_dst-jpg_s32x32&_nc_cat=110&ccb=1-7&_nc_sid=0ecb9b&_nc_ohc=EOSKpF3gLUsQ7kNvgG79W5K&_nc_ht=scontent-lga3-1.xx&_nc_gid=AoadHRNMuqXAJ0UGcW3fcdK&oh=00_AYD1vhRgcQL-Gid1ZNCJWzCuwr43y4NfuwJplCIIb5Svdw&oe=672558D6","https://www.facebook.com/yavi.ko.7","Info Dataran nya bg","0"
,,,,,,,,,,,,,,,,,"https://www.facebook.com/reel/1418284112196842/?comment_id=1035188248045111","https://www.facebook.com/reel/1418284112196842/?comment_id=1035188248045111&reply_comment_id=1649040818970968",,"2024-08-12T07:01:11.000Z","ZmVlZGJhY2s6MjY2NjIyOTI1OTY2ODgzNjdfMTY0OTA0MDgxODk3MDk2OA==","Y29tbWVudDoyNjY2MjI5MjU5NjY4ODM2N18xNjQ5MDQwODE4OTcwOTY4","1","User","100010890571404","Aris AW","Aris","Y29tbWVudDoyNjY2MjI5MjU5NjY4ODM2N18xMDM1MTg4MjQ4MDQ1MTEx","100000029645476","Cayadi Bintang Asia","https://scontent-atl3-2.xx.fbcdn.net/v/t31.18172-1/15724565_1469077786436529_7264600135043183638_o.jpg?stp=c0.200.1200.1200a_cp0_dst-jpg_s32x32&_nc_cat=101&ccb=1-7&_nc_sid=db5862&_nc_ohc=z-M6Ynf3R1cQ7kNvgGFCgZk&_nc_ht=scontent-atl3-2.xx&_nc_gid=A_ORmAt8gwWwUqJW-K50lV6&oh=00_AYC4XaVeDFeOtpVYbI7Dz46n1FPqAzgv5GepMWDphH1UvQ&oe=67254EFE","https://www.facebook.com/cayadi.santosa","Y29tbWVudDoyNjY2MjI5MjU5NjY4ODM2N18xMDM1MTg4MjQ4MDQ1MTEx","Aris AW Aamiin..","1",,,,,,,,,,,,,,,,,,,,,,,,,,,,,,,,,,,,,,,,,,,,,,,,,"1","2024-08-12T06:52:26.000Z","26662292596688367","https://www.facebook.com/100000029645476/posts/26662292596688367","ZmVlZGJhY2s6MjY2NjIyOTI1OTY2ODgzNjdfMTAzNTE4ODI0ODA0NTExMQ==","Y29tbWVudDoyNjY2MjI5MjU5NjY4ODM2N18xMDM1MTg4MjQ4MDQ1MTEx","https://www.facebook.com/100000029645476/posts/26662292596688367","0","177330225469654",,,"Semoga bermanfaat buat sahabat BINTANG ASIA... Sufi Band · Semoga Berkah","100010890571404","Aris AW","https://scontent-atl3-1.xx.fbcdn.net/v/t39.30808-1/445034474_2147125858993746_749019852458135341_n.jpg?stp=cp0_dst-jpg_s32x32&_nc_cat=107&ccb=1-7&_nc_sid=50d2ac&_nc_ohc=UXoAw8IwhusQ7kNvgF10AWG&_nc_ht=scontent-atl3-1.xx&_nc_gid=A_ORmAt8gwWwUqJW-K50lV6&oh=00_AYBrJJlFGZ7_CmKgnQALsye054Zgk99wKBF627j76u0Nlg&oe=6703B2B8","https://www.facebook.com/alwina.98622733","Josss pokoke 👍🏻👍🏻","0"
,,,,,,,,,,,,,,,,,"https://www.facebook.com/cayadi.santosa/videos/1497251037820173/?comment_id=1912190525927821",,,,,,,,,,,,,,,,,,,,,,,,,,,,,,,,,,,,,,,,,,,,,,,,,,,,,,,,,,,,,,,,,,,,"2024-09-30T11:28:45.000Z","27297625219821765","https://www.facebook.com/100000029645476/posts/27297625219821765","ZmVlZGJhY2s6MjcyOTc2MjUyMTk4MjE3NjVfMTkxMjE5MDUyNTkyNzgyMQ==","Y29tbWVudDoyNzI5NzYyNTIxOTgyMTc2NV8xOTEyMTkwNTI1OTI3ODIx","https://www.facebook.com/100000029645476/posts/27297625219821765","1",,,,"Belajar sambil berusaha...","100000029645476","Cayadi Bintang Asia","https://scontent.fogl1-1.fna.fbcdn.net/v/t31.18172-1/15724565_1469077786436529_7264600135043183638_o.jpg?stp=c0.200.1200.1200a_cp0_dst-jpg_s32x32&_nc_cat=101&ccb=1-7&_nc_sid=db5862&_nc_ohc=z-M6Ynf3R1cQ7kNvgEWma85&_nc_ht=scontent.fogl1-1.fna&_nc_gid=AiGmaimUwMzQ95suCbyFDzI&oh=00_AYD-u3fDtFBcYacLVWHep7yoYf1n5sx3mMwVhLTlMYAFRA&oe=67254EFE","https://www.facebook.com/cayadi.santosa","Belajar mas. Dikit2...","0"
"Sticker",,,"1","83","1","1","828664565566282","128","https://scontent.fogl1-1.fna.fbcdn.net/v/t39.1997-6/450177204_828664568899615_8526820498811056138_n.png?stp=dst-png_s168x128&_nc_cat=107&ccb=1-7&_nc_sid=23dd7b&_nc_ohc=CfreYnG0h6AQ7kNvgFN6zPo&_nc_ht=scontent.fogl1-1.fna&_nc_gid=AiGmaimUwMzQ95suCbyFDzI&oh=00_AYD1bx1vlKTqvaj4YlmJ8TULa70qHyr5vaTW77YqLgDRAg&oe=6703DE84","128","",,,,,,"https://www.facebook.com/cayadi.santosa/videos/1497251037820173/?comment_id=513252694653828",,,,,,,,,,,,,,,,,,,,,,,,,,,,,,,,,,,,,,,,,,,,,,,,,,,,,,,,,,,,,,,,,,,,"2024-09-30T11:10:39.000Z","27297625219821765","https://www.facebook.com/100000029645476/posts/27297625219821765","ZmVlZGJhY2s6MjcyOTc2MjUyMTk4MjE3NjVfNTEzMjUyNjk0NjUzODI4","Y29tbWVudDoyNzI5NzYyNTIxOTgyMTc2NV81MTMyNTI2OTQ2NTM4Mjg=","https://www.facebook.com/100000029645476/posts/27297625219821765","0",,,,"Belajar sambil berusaha...","100010890571404","Aris AW","https://scontent.fogl1-1.fna.fbcdn.net/v/t39.30808-1/445034474_2147125858993746_749019852458135341_n.jpg?stp=cp0_dst-jpg_s32x32&_nc_cat=107&ccb=1-7&_nc_sid=50d2ac&_nc_ohc=UXoAw8IwhusQ7kNvgGjmnX1&_nc_ht=scontent.fogl1-1.fna&_nc_gid=AiGmaimUwMzQ95suCbyFDzI&oh=00_AYBcqhTxuOu9LQlYQ6xcpzbeDpspUciTzY0nw3SVF8WuDg&oe=6703B2B8","https://www.facebook.com/alwina.98622733",,"0"
,,,,,,,,,,,,,,,,,"https://www.facebook.com/cayadi.santosa/posts/pfbid02ZEg9QuqBMW4NAe7R8qSyURwAeeEDUXdaeYALqo6WZjC3SdiEVY7ZBFFn7KK88x6Zl?comment_id=8409846865765807","https://www.facebook.com/cayadi.santosa/posts/pfbid02ZEg9QuqBMW4NAe7R8qSyURwAeeEDUXdaeYALqo6WZjC3SdiEVY7ZBFFn7KK88x6Zl?comment_id=8409846865765807&reply_comment_id=1602299273973531",,"2024-09-25T10:18:56.000Z","ZmVlZGJhY2s6MjcyMTA0NTIyNDUyMDU3MzBfMTYwMjI5OTI3Mzk3MzUzMQ==","Y29tbWVudDoyNzIxMDQ1MjI0NTIwNTczMF8xNjAyMjk5MjczOTczNTMx","0","User","100001408872342","Febri Arianto","Febri","Y29tbWVudDoyNzIxMDQ1MjI0NTIwNTczMF84NDA5ODQ2ODY1NzY1ODA3","100000029645476","Cayadi Bintang Asia","https://scontent-atl3-2.xx.fbcdn.net/v/t31.18172-1/15724565_1469077786436529_7264600135043183638_o.jpg?stp=c0.200.1200.1200a_cp0_dst-jpg_s32x32&_nc_cat=101&ccb=1-7&_nc_sid=db5862&_nc_ohc=z-M6Ynf3R1cQ7kNvgHYdwAO&_nc_ht=scontent-atl3-2.xx&_nc_gid=A7-HG1fRip09RRjFOb0LqCH&oh=00_AYAQZyxSIgKTpV0uBXr76Rldf3UrTCfPF3U0Kj0Jo8jAPw&oe=67254EFE","https://www.facebook.com/cayadi.santosa","Y29tbWVudDoyNzIxMDQ1MjI0NTIwNTczMF84NDA5ODQ2ODY1NzY1ODA3","Febri Arianto Aamiin...","1",,,,,,,,,,,,,,,,,,,,,,,,,,,,,,,,,,,,,,,,,,,,,,,,,"1","2024-09-25T09:50:30.000Z","27210452245205730","https://www.facebook.com/100000029645476/posts/27210452245205730","ZmVlZGJhY2s6MjcyMTA0NTIyNDUyMDU3MzBfODQwOTg0Njg2NTc2NTgwNw==","Y29tbWVudDoyNzIxMDQ1MjI0NTIwNTczMF84NDA5ODQ2ODY1NzY1ODA3","https://www.facebook.com/100000029645476/posts/27210452245205730","0","177330225469654","false",,"Anda luar biasa.....
Kepercayaan sahabat BINTANG ASIA kepada produk inovasi anak negeri...","100001408872342","Febri Arianto","https://scontent-atl3-2.xx.fbcdn.net/v/t39.30808-1/402943207_7015531545170405_560873927845988234_n.jpg?stp=cp0_dst-jpg_s32x32&_nc_cat=102&ccb=1-7&_nc_sid=50d2ac&_nc_ohc=elHUoIcKgT0Q7kNvgFslxNO&_nc_ht=scontent-atl3-2.xx&_nc_gid=A7-HG1fRip09RRjFOb0LqCH&oh=00_AYDeuB4B254RJOwb6DyjPDpXT9SGOiG9bdCdN0fBuJOK9w&oe=6703B5FE","https://www.facebook.com/febri.dgunshereikan","Sukses bersama bintang asiA","0"
,,,,,,,,,,,,,,,,,"https://www.facebook.com/cayadi.santosa/videos/544932714639241/?comment_id=1082071760141650",,,,,,,,,,,,,,,,,,,,,,,,,,,,,,,,,,,,,,,,,,,,,,,,,,,,,,,,,,,,,,,,,,,,"2024-09-23T09:11:07.000Z","27174992155418406","https://www.facebook.com/100000029645476/posts/27174992155418406","ZmVlZGJhY2s6MjcxNzQ5OTIxNTU0MTg0MDZfMTA4MjA3MTc2MDE0MTY1MA==","Y29tbWVudDoyNzE3NDk5MjE1NTQxODQwNl8xMDgyMDcxNzYwMTQxNjUw","https://www.facebook.com/100000029645476/posts/27174992155418406","0",,,,"Renyah dan manis KOMANDAN....","100000029645476","Cayadi Bintang Asia","https://scontent-iad3-1.xx.fbcdn.net/v/t31.18172-1/15724565_1469077786436529_7264600135043183638_o.jpg?stp=c0.200.1200.1200a_cp0_dst-jpg_s32x32&_nc_cat=101&ccb=1-7&_nc_sid=db5862&_nc_ohc=z-M6Ynf3R1cQ7kNvgGfJexK&_nc_ht=scontent-iad3-1.xx&_nc_gid=AYszHQJLrHBA54m9x45BXxb&oh=00_AYD4BYyM_lftgfscLM7jn7rgnkZ5g1hco0SyvDw4ZEKvzQ&oe=67254EFE","https://www.facebook.com/cayadi.santosa","Iya kalo didataran rendah warnanya agak berbeda.","0"
"Sticker",,"https://scontent-iad3-2.xx.fbcdn.net/v/t39.1997-6/68894373_1459627387495333_5835456569109643264_n.webp?stp=dst-webp_s110x80&_nc_cat=1&ccb=1-7&_nc_sid=ba09c1&_nc_ohc=q1oko41ENPIQ7kNvgHA5OSB&_nc_ht=scontent-iad3-2.xx&_nc_gid=AYszHQJLrHBA54m9x45BXxb&oh=00_AYCjWCLKw44vMED4TUc5QzBgXatM_VAaoA1Fh1Sv_ivEpw&oe=6703D963","14","100","4","4","514561552001926","80","https://scontent-iad3-2.xx.fbcdn.net/v/t39.1997-6/69142452_1459627590828646_6160083988481310720_n.png?stp=cp0_dst-png_s110x80&_nc_cat=1&ccb=1-7&_nc_sid=23dd7b&_nc_ohc=klUP9cBIBokQ7kNvgHoYwtv&_nc_ht=scontent-iad3-2.xx&_nc_gid=AYszHQJLrHBA54m9x45BXxb&oh=00_AYC0CR2jEyaKJs_npcljejj1l0Q19UO8_1GYFhdC9_P1bw&oe=6703CF51","80","Business fish, a person with a pink fish head wearing a suit and tie, giving a large thumbs up with their right hand and saying good",,"493674027424012","Executive Business Fish",,"https://scontent-iad3-2.xx.fbcdn.net/v/t39.1997-6/68866962_1459627384162000_4858367271799619584_n.png?stp=dst-png_p320x320&_nc_cat=1&ccb=1-7&_nc_sid=ba09c1&_nc_ohc=fW8NVcVx-FUQ7kNvgH0VRtb&_nc_ht=scontent-iad3-2.xx&_nc_gid=AYszHQJLrHBA54m9x45BXxb&oh=00_AYA-FOADswCms_GNK7ma1GcnmspiQLD5QmRkbRjTy-XZuQ&oe=6703BCC8","https://www.facebook.com/cayadi.santosa/videos/544932714639241/?comment_id=3956777297980921",,,,,,,,,,,,,,,,,,,,,,,,,,,,,,,,,,,,,,,,,,,,,,,,,,,,,,,,,,,,,,,,,,,,"2024-09-23T13:51:29.000Z","27174992155418406","https://www.facebook.com/100000029645476/posts/27174992155418406","ZmVlZGJhY2s6MjcxNzQ5OTIxNTU0MTg0MDZfMzk1Njc3NzI5Nzk4MDkyMQ==","Y29tbWVudDoyNzE3NDk5MjE1NTQxODQwNl8zOTU2Nzc3Mjk3OTgwOTIx","https://www.facebook.com/100000029645476/posts/27174992155418406","1",,,,"Renyah dan manis KOMANDAN....","pfbid0FfkFKF456digeY9oKNoeokLA9zMGNw5ejhq3RH6FgWYVyg9q5dcHvz4tfr8w1Xv1l","Yarto Miyarto","https://scontent-iad3-1.xx.fbcdn.net/v/t39.30808-1/312995180_107563508820498_8641099074002629654_n.jpg?stp=c0.119.720.720a_cp0_dst-jpg_s32x32&_nc_cat=107&ccb=1-7&_nc_sid=0ecb9b&_nc_ohc=2Yt090CU6qwQ7kNvgFTC2oU&_nc_ht=scontent-iad3-1.xx&_nc_gid=AYszHQJLrHBA54m9x45BXxb&oh=00_AYBuU3ne94C3UTLyXOYenbj5vqvm3Z0aCrxKIwn0baVXkw&oe=6703B853","https://www.facebook.com/people/Yarto-Miyarto/pfbid0FfkFKF456digeY9oKNoeokLA9zMGNw5ejhq3RH6FgWYVyg9q5dcHvz4tfr8w1Xv1l/",,"0"
"Sticker",,,"1","83","1","1","280280680528917","80","https://scontent-iad3-2.xx.fbcdn.net/v/t39.1997-6/240404950_280280683862250_377726035223267134_n.png?stp=cp0_dst-png_s110x80&_nc_cat=1&ccb=1-7&_nc_sid=23dd7b&_nc_ohc=VQOUA7Pd12cQ7kNvgESXuqT&_nc_ht=scontent-iad3-2.xx&_nc_gid=AYszHQJLrHBA54m9x45BXxb&oh=00_AYDpdrNxK-ux17CcCuj_2ge1Cu2rvMjma-SMIENt90fM-g&oe=6703C973","80","",,"222549939635325","[Newsfeed] Indonesia First Party",,,"https://www.facebook.com/cayadi.santosa/videos/544932714639241/?comment_id=1702863150467345",,,,,,,,,,,,,,,,,,,,,,,,,,,,,,,,,,,,,,,,,,,,,,,,,,,,,,,,,,,,,,,,,,,"1","2024-09-23T10:44:43.000Z","27174992155418406","https://www.facebook.com/100000029645476/posts/27174992155418406","ZmVlZGJhY2s6MjcxNzQ5OTIxNTU0MTg0MDZfMTcwMjg2MzE1MDQ2NzM0NQ==","Y29tbWVudDoyNzE3NDk5MjE1NTQxODQwNl8xNzAyODYzMTUwNDY3MzQ1","https://www.facebook.com/100000029645476/posts/27174992155418406","0",,,,"Renyah dan manis KOMANDAN....","100004825651478","NiZar Bintang Asia","https://scontent-iad3-2.xx.fbcdn.net/v/t39.30808-1/438276089_2611594555678041_6997404202785061953_n.jpg?stp=cp0_dst-jpg_p32x32&_nc_cat=111&ccb=1-7&_nc_sid=50d2ac&_nc_ohc=UDEZt4gwgMUQ7kNvgHXRRVc&_nc_ht=scontent-iad3-2.xx&_nc_gid=AYszHQJLrHBA54m9x45BXxb&oh=00_AYDiiRa0SLDxdEskDvLpnh5uYSwPyuBL67ec6vNnDBjSFg&oe=6703C92E","https://www.facebook.com/nizar.setia.3",,"0"
,,,,,,,,,,,,,,,,,"https://www.facebook.com/cayadi.santosa/videos/544932714639241/?comment_id=514260497890044",,,,,,,,,,,,,,,,,,,,,,,,,,,,,,,,,,,,,,,,,,,,,,,,,,,,,,,,,,,,,,,,,,,"2","2024-09-23T08:39:12.000Z","27174992155418406","https://www.facebook.com/100000029645476/posts/27174992155418406","ZmVlZGJhY2s6MjcxNzQ5OTIxNTU0MTg0MDZfNTE0MjYwNDk3ODkwMDQ0","Y29tbWVudDoyNzE3NDk5MjE1NTQxODQwNl81MTQyNjA0OTc4OTAwNDQ=","https://www.facebook.com/100000029645476/posts/27174992155418406","0",,,,"Renyah dan manis KOMANDAN....","1731151440","Tidar Ardiyanto","https://scontent-iad3-1.xx.fbcdn.net/v/t39.30808-1/395324445_10211220725590558_1955392965267474716_n.jpg?stp=cp0_dst-jpg_s32x32&_nc_cat=108&ccb=1-7&_nc_sid=50d2ac&_nc_ohc=sFvbgXEKm0UQ7kNvgF1K9sh&_nc_ht=scontent-iad3-1.xx&_nc_gid=AYszHQJLrHBA54m9x45BXxb&oh=00_AYCMmh3TqE1YUlrbUa-m_nkh39uHnXNhgwDtnddv6elQbg&oe=6703C9F8",,"Mantap.. ijo Yo... Tahun lalu nanam agak putih 😁😁","0"
,,,,,,,,,,,,,,,,,"https://www.facebook.com/cayadi.santosa/videos/544932714639241/?comment_id=894517905342625",,,,,,,,,,,,,,,,,,,,,,,,,,,,,,,,,,,,,,,,,,,,,,,,,,,,,,,,,,,,,,,,,,,"1","2024-09-23T13:50:56.000Z","27174992155418406","https://www.facebook.com/100000029645476/posts/27174992155418406","ZmVlZGJhY2s6MjcxNzQ5OTIxNTU0MTg0MDZfODk0NTE3OTA1MzQyNjI1","Y29tbWVudDoyNzE3NDk5MjE1NTQxODQwNl84OTQ1MTc5MDUzNDI2MjU=","https://www.facebook.com/100000029645476/posts/27174992155418406","0",,,,"Renyah dan manis KOMANDAN....","pfbid0FfkFKF456digeY9oKNoeokLA9zMGNw5ejhq3RH6FgWYVyg9q5dcHvz4tfr8w1Xv1l","Yarto Miyarto","https://scontent-iad3-1.xx.fbcdn.net/v/t39.30808-1/312995180_107563508820498_8641099074002629654_n.jpg?stp=c0.119.720.720a_cp0_dst-jpg_s32x32&_nc_cat=107&ccb=1-7&_nc_sid=0ecb9b&_nc_ohc=2Yt090CU6qwQ7kNvgFTC2oU&_nc_ht=scontent-iad3-1.xx&_nc_gid=AYszHQJLrHBA54m9x45BXxb&oh=00_AYBuU3ne94C3UTLyXOYenbj5vqvm3Z0aCrxKIwn0baVXkw&oe=6703B853","https://www.facebook.com/people/Yarto-Miyarto/pfbid0FfkFKF456digeY9oKNoeokLA9zMGNw5ejhq3RH6FgWYVyg9q5dcHvz4tfr8w1Xv1l/","Bintang Asia emang sipdeh","0"
,,,,,,,,,,,,,,,,,"https://www.facebook.com/cayadi.santosa/videos/544932714639241/?comment_id=947279720747848",,,,,,,,,,,,,,,,,,,,,,,,,,,,,,,,,,,,,,,,,,,,,,,,,,,,,,,,,,,,,,,,,,,"1","2024-09-23T09:33:02.000Z","27174992155418406","https://www.facebook.com/100000029645476/posts/27174992155418406","ZmVlZGJhY2s6MjcxNzQ5OTIxNTU0MTg0MDZfOTQ3Mjc5NzIwNzQ3ODQ4","Y29tbWVudDoyNzE3NDk5MjE1NTQxODQwNl85NDcyNzk3MjA3NDc4NDg=","https://www.facebook.com/100000029645476/posts/27174992155418406","0",,,,"Renyah dan manis KOMANDAN....","100007578522755","Renzy Bintangasia","https://scontent-iad3-1.xx.fbcdn.net/v/t39.30808-1/426012403_3605728109689771_2277782955804277447_n.jpg?stp=cp0_dst-jpg_s32x32&_nc_cat=104&ccb=1-7&_nc_sid=50d2ac&_nc_ohc=NKmntc7UrGAQ7kNvgFICoHu&_nc_ht=scontent-iad3-1.xx&_nc_gid=AYszHQJLrHBA54m9x45BXxb&oh=00_AYAGmCe3H61sLiNajCKQgSzWZvjMnPiA61NgBVchn1itNw&oe=6703CF04","https://www.facebook.com/renzi.prayuda","Mantap om..","0"
,,,,,,,,,,,,,,,,,"https://www.facebook.com/cayadi.santosa/videos/544932714639241/?comment_id=516533514491596",,,,,,,,,,,,,,,,,,,,,,,,,,,,,,,,,,,,,,,,,,,,,,,,,,,,,,,,,,,,,,,,,,,"1","2024-09-23T07:41:57.000Z","27174992155418406","https://www.facebook.com/100000029645476/posts/27174992155418406","ZmVlZGJhY2s6MjcxNzQ5OTIxNTU0MTg0MDZfNTE2NTMzNTE0NDkxNTk2","Y29tbWVudDoyNzE3NDk5MjE1NTQxODQwNl81MTY1MzM1MTQ0OTE1OTY=","https://www.facebook.com/100000029645476/posts/27174992155418406","0",,,,"Renyah dan manis KOMANDAN....","100076440699337","Arifin Putra","https://scontent-iad3-1.xx.fbcdn.net/v/t39.30808-1/454634319_519126943978658_6261051174945255639_n.jpg?stp=cp0_dst-jpg_s32x32&_nc_cat=101&ccb=1-7&_nc_sid=50d2ac&_nc_ohc=y9kRA37v_98Q7kNvgH-ntp-&_nc_ht=scontent-iad3-1.xx&_nc_gid=AYszHQJLrHBA54m9x45BXxb&oh=00_AYAvdGizAdiofvtE2JDRFJccRU8At6oNuOWkmuj3i2QFdw&oe=6703D969","https://www.facebook.com/people/Arifin-Putra/100076440699337/","hemmm kriyuk 👍👍👍","0"
,,,,,,,,,,,,,,,,,"https://www.facebook.com/reel/426951333707800/?comment_id=1052045219904136",,,,,,,,,,,,,,,,,,,,,,,,,,,,,,,,,,,,,,,,,,,,,,,,,,,,,,,,,,,,,,,,,,,"3","2024-08-10T13:08:43.000Z","26645798205004473","https://www.facebook.com/100000029645476/posts/26645798205004473","ZmVlZGJhY2s6MjY2NDU3OTgyMDUwMDQ0NzNfMTA1MjA0NTIxOTkwNDEzNg==","Y29tbWVudDoyNjY0NTc5ODIwNTAwNDQ3M18xMDUyMDQ1MjE5OTA0MTM2","https://www.facebook.com/100000029645476/posts/26645798205004473","0","177330225469654",,,"Sukses bersama BINTANG ASIA... Cayadi Bintang Asia · Original audio","100010890571404","Aris AW","https://scontent-iad3-1.xx.fbcdn.net/v/t39.30808-1/445034474_2147125858993746_749019852458135341_n.jpg?stp=cp0_dst-jpg_s32x32&_nc_cat=107&ccb=1-7&_nc_sid=50d2ac&_nc_ohc=UXoAw8IwhusQ7kNvgHRRGOe&_nc_ht=scontent-iad3-1.xx&_nc_gid=ALQ_VWXddsiQDmPaaf8PJEN&oh=00_AYAaVAx7SpWywvXm8JWLIxXviDqvadtoEXgH4fcyC2nolQ&oe=6703B2B8","https://www.facebook.com/alwina.98622733","Sukses mase.. 👍🏻👍🏻","0"
,,,,,,,,,,,,,,,,,"https://www.facebook.com/reel/426951333707800/?comment_id=481747991133046",,,,,,,,,,,,,,,,,,,,,,,,,,,,,,,,,,,,,,,,,,,,,,,,,,,,,,,,,,,,,,,,,,,"2","2024-08-10T12:55:06.000Z","26645798205004473","https://www.facebook.com/100000029645476/posts/26645798205004473","ZmVlZGJhY2s6MjY2NDU3OTgyMDUwMDQ0NzNfNDgxNzQ3OTkxMTMzMDQ2","Y29tbWVudDoyNjY0NTc5ODIwNTAwNDQ3M180ODE3NDc5OTExMzMwNDY=","https://www.facebook.com/100000029645476/posts/26645798205004473","0","177330225469654",,,"Sukses bersama BINTANG ASIA... Cayadi Bintang Asia · Original audio","pfbid02br3Kyotp5HgmiwXETE3jcSKA4kWxUFbzJWmXx3vWtyNZXe5Z1daViQC2qsDqyE6Fl","Yospiqmi Rizal Bintang Asia","https://scontent-iad3-1.xx.fbcdn.net/v/t1.18169-1/12814133_605474156274254_1255382583968893776_n.jpg?stp=cp0_dst-jpg_s32x32&_nc_cat=107&ccb=1-7&_nc_sid=e4545e&_nc_ohc=vUZt8nk80koQ7kNvgEbDli2&_nc_ht=scontent-iad3-1.xx&oh=00_AYBjTrQ4AHZLveQ5-mexOCKMeJ0XrZ2cuVy43Txgb_AW4A&oe=67256C7C","https://www.facebook.com/yospiqmi.rizal","Selamat atas keberhasilan kegiatannya","0"
,,,,,,,,,,,,,,,,,"https://www.facebook.com/reel/426951333707800/?comment_id=1557626421833081",,,,,,,,,,,,,,,,,,,,,,,,,,,,,,,,,,,,,,,,,,,,,,,,,,,,,,,,,,,,,,,,,,,"1","2024-08-11T12:01:12.000Z","26645798205004473","https://www.facebook.com/100000029645476/posts/26645798205004473","ZmVlZGJhY2s6MjY2NDU3OTgyMDUwMDQ0NzNfMTU1NzYyNjQyMTgzMzA4MQ==","Y29tbWVudDoyNjY0NTc5ODIwNTAwNDQ3M18xNTU3NjI2NDIxODMzMDgx","https://www.facebook.com/100000029645476/posts/26645798205004473","0","177330225469654",,,"Sukses bersama BINTANG ASIA... Cayadi Bintang Asia · Original audio","100050262450536","Pian YP","https://scontent-iad3-2.xx.fbcdn.net/v/t39.30808-1/306184315_621569182861825_8939010491413994357_n.jpg?stp=cp0_dst-jpg_s32x32&_nc_cat=105&ccb=1-7&_nc_sid=50d2ac&_nc_ohc=wNP7ENHKkNEQ7kNvgGqxB88&_nc_ht=scontent-iad3-2.xx&_nc_gid=ALQ_VWXddsiQDmPaaf8PJEN&oh=00_AYAngBJz2Kt2KxRDfMb7MWCAhD7C9gMNr2g75xL9g1NSYA&oe=6703C786","https://www.facebook.com/zheazalfa.pn","Gasss mang","0"
"Sticker",,"https://scontent-iad3-1.xx.fbcdn.net/v/t39.1997-6/68894373_1459627387495333_5835456569109643264_n.webp?stp=dst-webp_s110x80&_nc_cat=1&ccb=1-7&_nc_sid=ba09c1&_nc_ohc=q1oko41ENPIQ7kNvgFgZHMc&_nc_ht=scontent-iad3-1.xx&_nc_gid=ALQ_VWXddsiQDmPaaf8PJEN&oh=00_AYB1gYPPGH6dT0sx3TaoZ6F1l2xWH9AL-rBF5J1bOK4ynA&oe=6703D963","14","100","4","4","514561552001926","80","https://scontent-iad3-1.xx.fbcdn.net/v/t39.1997-6/69142452_1459627590828646_6160083988481310720_n.png?stp=cp0_dst-png_s110x80&_nc_cat=1&ccb=1-7&_nc_sid=23dd7b&_nc_ohc=klUP9cBIBokQ7kNvgFhWJvg&_nc_ht=scontent-iad3-1.xx&_nc_gid=ALQ_VWXddsiQDmPaaf8PJEN&oh=00_AYDKd7b5DN2XhWyoN3sEyKuzz3CFPL1McaMwVus4FkZJdQ&oe=6703CF51","80","Business fish, a person with a pink fish head wearing a suit and tie, giving a large thumbs up with their right hand and saying good",,"493674027424012","Executive Business Fish",,"https://scontent-iad3-1.xx.fbcdn.net/v/t39.1997-6/68866962_1459627384162000_4858367271799619584_n.png?stp=dst-png_p320x320&_nc_cat=1&ccb=1-7&_nc_sid=ba09c1&_nc_ohc=fW8NVcVx-FUQ7kNvgFh4h_E&_nc_ht=scontent-iad3-1.xx&_nc_gid=ALQ_VWXddsiQDmPaaf8PJEN&oh=00_AYDfKgJRZ8mTJPk54KCeEkX9fpDbcliI-iIW3b3xh6MvjA&oe=6703BCC8","https://www.facebook.com/reel/426951333707800/?comment_id=697637129212030",,,,,,,,,,,,,,,,,,,,,,,,,,,,,,,,,,,,,,,,,,,,,,,,,,,,,,,,,,,,,,,,,,,"1","2024-08-10T13:03:16.000Z","26645798205004473","https://www.facebook.com/100000029645476/posts/26645798205004473","ZmVlZGJhY2s6MjY2NDU3OTgyMDUwMDQ0NzNfNjk3NjM3MTI5MjEyMDMw","Y29tbWVudDoyNjY0NTc5ODIwNTAwNDQ3M182OTc2MzcxMjkyMTIwMzA=","https://www.facebook.com/100000029645476/posts/26645798205004473","0","177330225469654",,,"Sukses bersama BINTANG ASIA... Cayadi Bintang Asia · Original audio","pfbid02XFTaZ6awvXHHJ8FJkNPQL7uLogarazrUrzH3A7q9t1K66VJLYtzDKnFBwVABpQQDl","Diva Kanaya","https://scontent-iad3-2.xx.fbcdn.net/v/t39.30808-1/295897387_109903685139103_4091107272178693751_n.jpg?stp=cp0_dst-jpg_s32x32&_nc_cat=106&ccb=1-7&_nc_sid=0ecb9b&_nc_ohc=MSL3wbYdRRQQ7kNvgG2El0c&_nc_ht=scontent-iad3-2.xx&_nc_gid=ALQ_VWXddsiQDmPaaf8PJEN&oh=00_AYCxV8VtuAtOm5nQZeeiXn7cb-Yl718WqlnrIqJ0DV-xjQ&oe=6703B7F7","https://www.facebook.com/people/Diva-Kanaya/pfbid02XFTaZ6awvXHHJ8FJkNPQL7uLogarazrUrzH3A7q9t1K66VJLYtzDKnFBwVABpQQDl/",,"0"
,,,,,,,,,,,,,,,,,"https://www.facebook.com/cayadi.santosa/videos/9042689155746444/?comment_id=527308486917384","https://www.facebook.com/cayadi.santosa/videos/9042689155746444/?comment_id=527308486917384&reply_comment_id=1444480079521608","2","2024-09-18T11:40:54.000Z","ZmVlZGJhY2s6MjcwOTQxOTE4MzAxNjUxMDZfMTQ0NDQ4MDA3OTUyMTYwOA==","Y29tbWVudDoyNzA5NDE5MTgzMDE2NTEwNl8xNDQ0NDgwMDc5NTIxNjA4","0","User","pfbid02ozfVqRShuqpEQzUGuuJCz7ATLPbyiScoyW78Spj4ra7nKsBcdKS21NK3QZSr6sKBl","Arianto Paito","Arianto Paito","Y29tbWVudDoyNzA5NDE5MTgzMDE2NTEwNl81MjczMDg0ODY5MTczODQ=","100000029645476","Cayadi Bintang Asia","https://scontent.fgla3-1.fna.fbcdn.net/v/t31.18172-1/15724565_1469077786436529_7264600135043183638_o.jpg?stp=c0.200.1200.1200a_cp0_dst-jpg_s32x32&_nc_cat=101&ccb=1-7&_nc_sid=db5862&_nc_ohc=z-M6Ynf3R1cQ7kNvgFaLYBb&_nc_ht=scontent.fgla3-1.fna&_nc_gid=Aw5GYX8F6EUC8bMST-dYt9-&oh=00_AYDGccSOUuVui_f9ynY4RU1ROnuZgil513FxWtuERaik1g&oe=67254EFE","https://www.facebook.com/cayadi.santosa","Y29tbWVudDoyNzA5NDE5MTgzMDE2NTEwNl81MjczMDg0ODY5MTczODQ=","Arianto Paito betah neng Jember Mase?","1",,,,,,,,,,,,,,,"https://www.facebook.com/cayadi.santosa/videos/9042689155746444/?comment_id=527308486917384&reply_comment_id=1813172499208279","2024-09-18T13:22:30.000Z","ZmVlZGJhY2s6MjcwOTQxOTE4MzAxNjUxMDZfMTgxMzE3MjQ5OTIwODI3OQ==","Y29tbWVudDoyNzA5NDE5MTgzMDE2NTEwNl8xODEzMTcyNDk5MjA4Mjc5","0","User","pfbid02ozfVqRShuqpEQzUGuuJCz7ATLPbyiScoyW78Spj4ra7nKsBcdKS21NK3QZSr6sKBl","Arianto Paito","Arianto Paito","Y29tbWVudDoyNzA5NDE5MTgzMDE2NTEwNl81MjczMDg0ODY5MTczODQ=","pfbid02ozfVqRShuqpEQzUGuuJCz7ATLPbyiScoyW78Spj4ra7nKsBcdKS21NK3QZSr6sKBl","Arianto Paito","https://scontent.fgla3-2.fna.fbcdn.net/v/t39.30808-1/279222138_514392673398998_8553386554360311428_n.jpg?stp=cp0_dst-jpg_s32x32&_nc_cat=107&ccb=1-7&_nc_sid=0ecb9b&_nc_ohc=HuYIVLil3LgQ7kNvgEid7Qy&_nc_ht=scontent.fgla3-2.fna&_nc_gid=Aw5GYX8F6EUC8bMST-dYt9-&oh=00_AYClP4VaXJId5MZrkw1qE31-CXDu4k5Is1hKuCC6oLLGnw&oe=6703DC78","https://www.facebook.com/ariantopaito.paito","Y29tbWVudDoyNzA5NDE5MTgzMDE2NTEwNl81MjczMDg0ODY5MTczODQ=","Cayadi Bintang Asia Yo pulkam Mase. kadang ya kangen bertanam di Lambar tapi beda sini timun pertinianya  sama jagung 🌽 manis","2","https://www.facebook.com/cayadi.santosa/videos/9042689155746444/?comment_id=527308486917384&reply_comment_id=489056157334598","2024-09-18T13:23:27.000Z","ZmVlZGJhY2s6MjcwOTQxOTE4MzAxNjUxMDZfNDg5MDU2MTU3MzM0NTk4","Y29tbWVudDoyNzA5NDE5MTgzMDE2NTEwNl80ODkwNTYxNTczMzQ1OTg=","1","User","pfbid02ozfVqRShuqpEQzUGuuJCz7ATLPbyiScoyW78Spj4ra7nKsBcdKS21NK3QZSr6sKBl","Arianto Paito","Arianto Paito","Y29tbWVudDoyNzA5NDE5MTgzMDE2NTEwNl81MjczMDg0ODY5MTczODQ=","100000029645476","Cayadi Bintang Asia","https://scontent.fgla3-1.fna.fbcdn.net/v/t31.18172-1/15724565_1469077786436529_7264600135043183638_o.jpg?stp=c0.200.1200.1200a_cp0_dst-jpg_s32x32&_nc_cat=101&ccb=1-7&_nc_sid=db5862&_nc_ohc=z-M6Ynf3R1cQ7kNvgFaLYBb&_nc_ht=scontent.fgla3-1.fna&_nc_gid=Aw5GYX8F6EUC8bMST-dYt9-&oh=00_AYDGccSOUuVui_f9ynY4RU1ROnuZgil513FxWtuERaik1g&oe=67254EFE","https://www.facebook.com/cayadi.santosa","Y29tbWVudDoyNzA5NDE5MTgzMDE2NTEwNl81MjczMDg0ODY5MTczODQ=","Arianto Paito masih setia kah dengan bintang Asia mas boz?","2","3","2024-09-18T11:12:11.000Z","27094191830165106","https://www.facebook.com/100000029645476/posts/27094191830165106","ZmVlZGJhY2s6MjcwOTQxOTE4MzAxNjUxMDZfNTI3MzA4NDg2OTE3Mzg0","Y29tbWVudDoyNzA5NDE5MTgzMDE2NTEwNl81MjczMDg0ODY5MTczODQ=","https://www.facebook.com/100000029645476/posts/27094191830165106","0",,,,"Terima kasih sahabat bintang Asia yng sudah percayakan benih unggul inofasi anak negeri.
Terimasih juga kiriman vidionya..","pfbid02ozfVqRShuqpEQzUGuuJCz7ATLPbyiScoyW78Spj4ra7nKsBcdKS21NK3QZSr6sKBl","Arianto Paito","https://scontent.fgla3-2.fna.fbcdn.net/v/t39.30808-1/279222138_514392673398998_8553386554360311428_n.jpg?stp=cp0_dst-jpg_s32x32&_nc_cat=107&ccb=1-7&_nc_sid=0ecb9b&_nc_ohc=HuYIVLil3LgQ7kNvgEid7Qy&_nc_ht=scontent.fgla3-2.fna&_nc_gid=Aw5GYX8F6EUC8bMST-dYt9-&oh=00_AYClP4VaXJId5MZrkw1qE31-CXDu4k5Is1hKuCC6oLLGnw&oe=6703DC78","https://www.facebook.com/ariantopaito.paito","Wow Mase 🙏","0"
,,,,,,,,,,,,,,,,,"https://www.facebook.com/cayadi.santosa/videos/9042689155746444/?comment_id=540501558639092","https://www.facebook.com/cayadi.santosa/videos/9042689155746444/?comment_id=540501558639092&reply_comment_id=1593115861562745",,"2024-09-19T18:10:06.000Z","ZmVlZGJhY2s6MjcwOTQxOTE4MzAxNjUxMDZfMTU5MzExNTg2MTU2Mjc0NQ==","Y29tbWVudDoyNzA5NDE5MTgzMDE2NTEwNl8xNTkzMTE1ODYxNTYyNzQ1","0","User","100007578522755","Renzy Bintangasia","Renzy","Y29tbWVudDoyNzA5NDE5MTgzMDE2NTEwNl81NDA1MDE1NTg2MzkwOTI=","100000029645476","Cayadi Bintang Asia","https://scontent.fgla3-1.fna.fbcdn.net/v/t31.18172-1/15724565_1469077786436529_7264600135043183638_o.jpg?stp=c0.200.1200.1200a_cp0_dst-jpg_s32x32&_nc_cat=101&ccb=1-7&_nc_sid=db5862&_nc_ohc=z-M6Ynf3R1cQ7kNvgFaLYBb&_nc_ht=scontent.fgla3-1.fna&_nc_gid=Aw5GYX8F6EUC8bMST-dYt9-&oh=00_AYDGccSOUuVui_f9ynY4RU1ROnuZgil513FxWtuERaik1g&oe=67254EFE","https://www.facebook.com/cayadi.santosa","Y29tbWVudDoyNzA5NDE5MTgzMDE2NTEwNl81NDA1MDE1NTg2MzkwOTI=","Renzy Bintangasia bintang Asia memang mantap.","1",,,,,,,,,,,,,,,,,,,,,,,,,,,,,,,,,,,,,,,,,,,,,,,,,"1","2024-09-19T14:11:16.000Z","27094191830165106","https://www.facebook.com/100000029645476/posts/27094191830165106","ZmVlZGJhY2s6MjcwOTQxOTE4MzAxNjUxMDZfNTQwNTAxNTU4NjM5MDky","Y29tbWVudDoyNzA5NDE5MTgzMDE2NTEwNl81NDA1MDE1NTg2MzkwOTI=","https://www.facebook.com/100000029645476/posts/27094191830165106","0",,,,"Terima kasih sahabat bintang Asia yng sudah percayakan benih unggul inofasi anak negeri.
Terimasih juga kiriman vidionya..","100007578522755","Renzy Bintangasia","https://scontent.fgla3-2.fna.fbcdn.net/v/t39.30808-1/426012403_3605728109689771_2277782955804277447_n.jpg?stp=cp0_dst-jpg_s32x32&_nc_cat=104&ccb=1-7&_nc_sid=50d2ac&_nc_ohc=NKmntc7UrGAQ7kNvgH4_fmo&_nc_ht=scontent.fgla3-2.fna&_nc_gid=Aw5GYX8F6EUC8bMST-dYt9-&oh=00_AYDKrvBoWav8xMWbPvJH2CUET3-zvjuaHR_ix1C6lcNYlw&oe=6703CF04","https://www.facebook.com/renzi.prayuda","Mantap om","0"
,,,,,,,,,,,,,,,,,"https://www.facebook.com/cayadi.santosa/videos/9042689155746444/?comment_id=902521635103991","https://www.facebook.com/cayadi.santosa/videos/9042689155746444/?comment_id=902521635103991&reply_comment_id=1566210600973805",,"2024-09-18T13:23:58.000Z","ZmVlZGJhY2s6MjcwOTQxOTE4MzAxNjUxMDZfMTU2NjIxMDYwMDk3MzgwNQ==","Y29tbWVudDoyNzA5NDE5MTgzMDE2NTEwNl8xNTY2MjEwNjAwOTczODA1","0","User","100007578522755","Renzy Bintangasia","Renzy","Y29tbWVudDoyNzA5NDE5MTgzMDE2NTEwNl85MDI1MjE2MzUxMDM5OTE=","100000029645476","Cayadi Bintang Asia","https://scontent.fgla3-1.fna.fbcdn.net/v/t31.18172-1/15724565_1469077786436529_7264600135043183638_o.jpg?stp=c0.200.1200.1200a_cp0_dst-jpg_s32x32&_nc_cat=101&ccb=1-7&_nc_sid=db5862&_nc_ohc=z-M6Ynf3R1cQ7kNvgFaLYBb&_nc_ht=scontent.fgla3-1.fna&_nc_gid=Aw5GYX8F6EUC8bMST-dYt9-&oh=00_AYDGccSOUuVui_f9ynY4RU1ROnuZgil513FxWtuERaik1g&oe=67254EFE","https://www.facebook.com/cayadi.santosa","Y29tbWVudDoyNzA5NDE5MTgzMDE2NTEwNl85MDI1MjE2MzUxMDM5OTE=","Renzy Bintangasia semangat massee..","1",,,,,,,,,,,,,,,,,,,,,,,,,,,,,,,,,,,,,,,,,,,,,,,,,"1","2024-09-18T13:00:18.000Z","27094191830165106","https://www.facebook.com/100000029645476/posts/27094191830165106","ZmVlZGJhY2s6MjcwOTQxOTE4MzAxNjUxMDZfOTAyNTIxNjM1MTAzOTkx","Y29tbWVudDoyNzA5NDE5MTgzMDE2NTEwNl85MDI1MjE2MzUxMDM5OTE=","https://www.facebook.com/100000029645476/posts/27094191830165106","0",,,,"Terima kasih sahabat bintang Asia yng sudah percayakan benih unggul inofasi anak negeri.
Terimasih juga kiriman vidionya..","100007578522755","Renzy Bintangasia","https://scontent.fgla3-2.fna.fbcdn.net/v/t39.30808-1/426012403_3605728109689771_2277782955804277447_n.jpg?stp=cp0_dst-jpg_s32x32&_nc_cat=104&ccb=1-7&_nc_sid=50d2ac&_nc_ohc=NKmntc7UrGAQ7kNvgH4_fmo&_nc_ht=scontent.fgla3-2.fna&_nc_gid=Aw5GYX8F6EUC8bMST-dYt9-&oh=00_AYDKrvBoWav8xMWbPvJH2CUET3-zvjuaHR_ix1C6lcNYlw&oe=6703CF04","https://www.facebook.com/renzi.prayuda","Mantap","0"
,,,,,,,,,,,,,,,,,"https://www.facebook.com/reel/3236358943160837/?comment_id=565167256039779","https://www.facebook.com/reel/3236358943160837/?comment_id=565167256039779&reply_comment_id=1081548630200794",,"2024-09-27T05:37:53.000Z","ZmVlZGJhY2s6MjcyMTE5OTIyOTUwNTE3MjVfMTA4MTU0ODYzMDIwMDc5NA==","Y29tbWVudDoyNzIxMTk5MjI5NTA1MTcyNV8xMDgxNTQ4NjMwMjAwNzk0","0","User","pfbid0JFN5ku3JxoLmfLNJywjt9DbgdgDSYATG3tovTffZEv4kqPY7AHEu9hi9jsSKYfE5l","Nayla Aiman","Nayla","Y29tbWVudDoyNzIxMTk5MjI5NTA1MTcyNV81NjUxNjcyNTYwMzk3Nzk=","100000029645476","Cayadi Bintang Asia","https://scontent-hou1-1.xx.fbcdn.net/v/t31.18172-1/15724565_1469077786436529_7264600135043183638_o.jpg?stp=c0.200.1200.1200a_cp0_dst-jpg_s32x32&_nc_cat=101&ccb=1-7&_nc_sid=db5862&_nc_ohc=z-M6Ynf3R1cQ7kNvgF7ESka&_nc_ht=scontent-hou1-1.xx&_nc_gid=Au9irfSFnOn6j-j0I-gCkgK&oh=00_AYApRfKO-bDIDK5o1aHp9iG1Nuv1PjAPeHbV5U0LjiFjkg&oe=67254EFE","https://www.facebook.com/cayadi.santosa","Y29tbWVudDoyNzIxMTk5MjI5NTA1MTcyNV81NjUxNjcyNTYwMzk3Nzk=","Nayla Aiman nti dikirim darisini..","1","Sticker","https://scontent-hou1-1.xx.fbcdn.net/v/t39.1997-6/47055694_1834508303314720_643166924464717824_n.webp?stp=dst-webp_s110x80&_nc_cat=1&ccb=1-7&_nc_sid=ba09c1&_nc_ohc=d4nxirHGy9EQ7kNvgHvcC6v&_nc_ht=scontent-hou1-1.xx&_nc_gid=Au9irfSFnOn6j-j0I-gCkgK&oh=00_AYAoWK64ZP9-BJIoj4a2Sb0wvhIDi1fWI9PGMrGDv7YBZQ&oe=6703B049","12","83","3","4","1193278434104380","80","https://scontent-hou1-1.xx.fbcdn.net/v/t39.1997-6/47614232_1846683475430536_3135922765756891136_n.png?stp=cp0_dst-png_s110x80&_nc_cat=1&ccb=1-7&_nc_sid=23dd7b&_nc_ohc=da9c21IT8_kQ7kNvgGypl_i&_nc_ht=scontent-hou1-1.xx&_nc_gid=Au9irfSFnOn6j-j0I-gCkgK&oh=00_AYBMa4OUWK2HsTxgkb3fWFAkmeorG-9mPNJPzrLbfQbWZQ&oe=6703BBA3","80","Thumbs Up, girl giving thumbs up","1193273174104906","Noo-Hin","https://scontent-hou1-1.xx.fbcdn.net/v/t39.1997-6/47472862_1846683478763869_5271603212267290624_n.png?stp=dst-png_p240x240&_nc_cat=1&ccb=1-7&_nc_sid=ba09c1&_nc_ohc=YQvIqnbO_nQQ7kNvgGP7Tvu&_nc_ht=scontent-hou1-1.xx&_nc_gid=Au9irfSFnOn6j-j0I-gCkgK&oh=00_AYA5aj1vHtsNY_Cd5aiRkgjVpFKS_t1JpMO37bBe0Ldd3g&oe=6703D53E","https://www.facebook.com/reel/3236358943160837/?comment_id=565167256039779&reply_comment_id=1555790541693840","2024-09-27T09:54:22.000Z","ZmVlZGJhY2s6MjcyMTE5OTIyOTUwNTE3MjVfMTU1NTc5MDU0MTY5Mzg0MA==","Y29tbWVudDoyNzIxMTk5MjI5NTA1MTcyNV8xNTU1NzkwNTQxNjkzODQw","1","User","pfbid0JFN5ku3JxoLmfLNJywjt9DbgdgDSYATG3tovTffZEv4kqPY7AHEu9hi9jsSKYfE5l","Nayla Aiman","Nayla","Y29tbWVudDoyNzIxMTk5MjI5NTA1MTcyNV81NjUxNjcyNTYwMzk3Nzk=","pfbid0JFN5ku3JxoLmfLNJywjt9DbgdgDSYATG3tovTffZEv4kqPY7AHEu9hi9jsSKYfE5l","Nayla Aiman","https://scontent-hou1-1.xx.fbcdn.net/v/t39.30808-1/460630667_508891531843144_6977372513843931201_n.jpg?stp=c0.0.720.720a_cp0_dst-jpg_s32x32&_nc_cat=102&ccb=1-7&_nc_sid=0ecb9b&_nc_ohc=DN_2FEZoMP4Q7kNvgHSaane&_nc_ht=scontent-hou1-1.xx&_nc_gid=Au9irfSFnOn6j-j0I-gCkgK&oh=00_AYBAmYwPZploF_ZLC-4ZW1HRDJrjuzaR1czx6iMjlg8kXQ&oe=6703D7DE","https://www.facebook.com/people/Nayla-Aiman/pfbid0JFN5ku3JxoLmfLNJywjt9DbgdgDSYATG3tovTffZEv4kqPY7AHEu9hi9jsSKYfE5l/","Y29tbWVudDoyNzIxMTk5MjI5NTA1MTcyNV81NjUxNjcyNTYwMzk3Nzk=",,"1",,,,,,,,,,,,,,,,,,"2","2024-09-25T12:29:09.000Z","27211992295051725","https://www.facebook.com/100000029645476/posts/27211992295051725","ZmVlZGJhY2s6MjcyMTE5OTIyOTUwNTE3MjVfNTY1MTY3MjU2MDM5Nzc5","Y29tbWVudDoyNzIxMTk5MjI5NTA1MTcyNV81NjUxNjcyNTYwMzk3Nzk=","https://www.facebook.com/100000029645476/posts/27211992295051725","0","177330225469654",,,"Seng sabar para pejuang..
Abis tomat giliran wortel yang gk laku berikut kubusnya murah meriah..... Cayadi Bintang Asia · Original audio","pfbid0JFN5ku3JxoLmfLNJywjt9DbgdgDSYATG3tovTffZEv4kqPY7AHEu9hi9jsSKYfE5l","Nayla Aiman","https://scontent-hou1-1.xx.fbcdn.net/v/t39.30808-1/460630667_508891531843144_6977372513843931201_n.jpg?stp=c0.0.720.720a_cp0_dst-jpg_s32x32&_nc_cat=102&ccb=1-7&_nc_sid=0ecb9b&_nc_ohc=DN_2FEZoMP4Q7kNvgHSaane&_nc_ht=scontent-hou1-1.xx&_nc_gid=Au9irfSFnOn6j-j0I-gCkgK&oh=00_AYBAmYwPZploF_ZLC-4ZW1HRDJrjuzaR1czx6iMjlg8kXQ&oe=6703D7DE","https://www.facebook.com/people/Nayla-Aiman/pfbid0JFN5ku3JxoLmfLNJywjt9DbgdgDSYATG3tovTffZEv4kqPY7AHEu9hi9jsSKYfE5l/","Disini sekilo 15 ribu","0"
,,,,,,,,,,,,,,,,,"https://www.facebook.com/reel/3236358943160837/?comment_id=844473124465750","https://www.facebook.com/reel/3236358943160837/?comment_id=844473124465750&reply_comment_id=578036817984801","2","2024-09-25T11:36:19.000Z","ZmVlZGJhY2s6MjcyMTE5OTIyOTUwNTE3MjVfNTc4MDM2ODE3OTg0ODAx","Y29tbWVudDoyNzIxMTk5MjI5NTA1MTcyNV81NzgwMzY4MTc5ODQ4MDE=","1","User","100010890571404","Aris AW","Aris","Y29tbWVudDoyNzIxMTk5MjI5NTA1MTcyNV84NDQ0NzMxMjQ0NjU3NTA=","100000029645476","Cayadi Bintang Asia","https://scontent-hou1-1.xx.fbcdn.net/v/t31.18172-1/15724565_1469077786436529_7264600135043183638_o.jpg?stp=c0.200.1200.1200a_cp0_dst-jpg_s32x32&_nc_cat=101&ccb=1-7&_nc_sid=db5862&_nc_ohc=z-M6Ynf3R1cQ7kNvgF7ESka&_nc_ht=scontent-hou1-1.xx&_nc_gid=Au9irfSFnOn6j-j0I-gCkgK&oh=00_AYApRfKO-bDIDK5o1aHp9iG1Nuv1PjAPeHbV5U0LjiFjkg&oe=67254EFE","https://www.facebook.com/cayadi.santosa","Y29tbWVudDoyNzIxMTk5MjI5NTA1MTcyNV84NDQ0NzMxMjQ0NjU3NTA=","Aris AW petani sayuran kudu banyak bersabar Ki mas. Wayahe petani kopi menikmati...","1",,,,,,,,,,,,,,,"https://www.facebook.com/reel/3236358943160837/?comment_id=844473124465750&reply_comment_id=402830796186528","2024-09-25T11:38:29.000Z","ZmVlZGJhY2s6MjcyMTE5OTIyOTUwNTE3MjVfNDAyODMwNzk2MTg2NTI4","Y29tbWVudDoyNzIxMTk5MjI5NTA1MTcyNV80MDI4MzA3OTYxODY1Mjg=","0","User","100010890571404","Aris AW","Aris","Y29tbWVudDoyNzIxMTk5MjI5NTA1MTcyNV84NDQ0NzMxMjQ0NjU3NTA=","100010890571404","Aris AW","https://scontent-hou1-1.xx.fbcdn.net/v/t39.30808-1/445034474_2147125858993746_749019852458135341_n.jpg?stp=cp0_dst-jpg_s32x32&_nc_cat=107&ccb=1-7&_nc_sid=50d2ac&_nc_ohc=UXoAw8IwhusQ7kNvgH54Ngc&_nc_ht=scontent-hou1-1.xx&_nc_gid=Au9irfSFnOn6j-j0I-gCkgK&oh=00_AYD1id5jmXOxDo_BJcIVElduy8s2ZvVVXqlC3D9491SR1g&oe=6703B2B8","https://www.facebook.com/alwina.98622733","Y29tbWVudDoyNzIxMTk5MjI5NTA1MTcyNV84NDQ0NzMxMjQ0NjU3NTA=","Cayadi Bintang Asia betul sekali,Tapi Yo mbok gak murah sampai gak laku mas😥😥","2","https://www.facebook.com/reel/3236358943160837/?comment_id=844473124465750&reply_comment_id=558531813510751","2024-09-25T11:51:38.000Z","ZmVlZGJhY2s6MjcyMTE5OTIyOTUwNTE3MjVfNTU4NTMxODEzNTEwNzUx","Y29tbWVudDoyNzIxMTk5MjI5NTA1MTcyNV81NTg1MzE4MTM1MTA3NTE=","1","User","100010890571404","Aris AW","Aris","Y29tbWVudDoyNzIxMTk5MjI5NTA1MTcyNV84NDQ0NzMxMjQ0NjU3NTA=","100000029645476","Cayadi Bintang Asia","https://scontent-hou1-1.xx.fbcdn.net/v/t31.18172-1/15724565_1469077786436529_7264600135043183638_o.jpg?stp=c0.200.1200.1200a_cp0_dst-jpg_s32x32&_nc_cat=101&ccb=1-7&_nc_sid=db5862&_nc_ohc=z-M6Ynf3R1cQ7kNvgF7ESka&_nc_ht=scontent-hou1-1.xx&_nc_gid=Au9irfSFnOn6j-j0I-gCkgK&oh=00_AYApRfKO-bDIDK5o1aHp9iG1Nuv1PjAPeHbV5U0LjiFjkg&oe=67254EFE","https://www.facebook.com/cayadi.santosa","Y29tbWVudDoyNzIxMTk5MjI5NTA1MTcyNV84NDQ0NzMxMjQ0NjU3NTA=","Aris AW Yo wes wayahe massee..","2","3","2024-09-25T11:30:08.000Z","27211992295051725","https://www.facebook.com/100000029645476/posts/27211992295051725","ZmVlZGJhY2s6MjcyMTE5OTIyOTUwNTE3MjVfODQ0NDczMTI0NDY1NzUw","Y29tbWVudDoyNzIxMTk5MjI5NTA1MTcyNV84NDQ0NzMxMjQ0NjU3NTA=","https://www.facebook.com/100000029645476/posts/27211992295051725","0","177330225469654",,,"Seng sabar para pejuang..
Abis tomat giliran wortel yang gk laku berikut kubusnya murah meriah..... Cayadi Bintang Asia · Original audio","100010890571404","Aris AW","https://scontent-hou1-1.xx.fbcdn.net/v/t39.30808-1/445034474_2147125858993746_749019852458135341_n.jpg?stp=cp0_dst-jpg_s32x32&_nc_cat=107&ccb=1-7&_nc_sid=50d2ac&_nc_ohc=UXoAw8IwhusQ7kNvgH54Ngc&_nc_ht=scontent-hou1-1.xx&_nc_gid=Au9irfSFnOn6j-j0I-gCkgK&oh=00_AYD1id5jmXOxDo_BJcIVElduy8s2ZvVVXqlC3D9491SR1g&oe=6703B2B8","https://www.facebook.com/alwina.98622733","Ko weduse lemu,harga kambing murah juga mas.. 🤦🏻🤦🏻","0"
,,,,,,,,,,,,,,,,,"https://www.facebook.com/reel/3236358943160837/?comment_id=556516520268025","https://www.facebook.com/reel/3236358943160837/?comment_id=556516520268025&reply_comment_id=539796628522891",,"2024-09-27T10:50:13.000Z","ZmVlZGJhY2s6MjcyMTE5OTIyOTUwNTE3MjVfNTM5Nzk2NjI4NTIyODkx","Y29tbWVudDoyNzIxMTk5MjI5NTA1MTcyNV81Mzk3OTY2Mjg1MjI4OTE=","0","User","pfbid0SUcUcZERwHXookNveCuGJ3prdTETuWgXD21RYpqLRCkKVNs4eAvSuELD842bh1Vhl","Dhan Romadhany","Dhan","Y29tbWVudDoyNzIxMTk5MjI5NTA1MTcyNV81NTY1MTY1MjAyNjgwMjU=","100000029645476","Cayadi Bintang Asia","https://scontent-hou1-1.xx.fbcdn.net/v/t31.18172-1/15724565_1469077786436529_7264600135043183638_o.jpg?stp=c0.200.1200.1200a_cp0_dst-jpg_s32x32&_nc_cat=101&ccb=1-7&_nc_sid=db5862&_nc_ohc=z-M6Ynf3R1cQ7kNvgF7ESka&_nc_ht=scontent-hou1-1.xx&_nc_gid=Au9irfSFnOn6j-j0I-gCkgK&oh=00_AYApRfKO-bDIDK5o1aHp9iG1Nuv1PjAPeHbV5U0LjiFjkg&oe=67254EFE","https://www.facebook.com/cayadi.santosa","Y29tbWVudDoyNzIxMTk5MjI5NTA1MTcyNV81NTY1MTY1MjAyNjgwMjU=","Dhan Romadhany Aamiin...","1",,,,,,,,,,,,,,,,,,,,,,,,,,,,,,,,,,,,,,,,,,,,,,,,,"1","2024-09-27T10:19:08.000Z","27211992295051725","https://www.facebook.com/100000029645476/posts/27211992295051725","ZmVlZGJhY2s6MjcyMTE5OTIyOTUwNTE3MjVfNTU2NTE2NTIwMjY4MDI1","Y29tbWVudDoyNzIxMTk5MjI5NTA1MTcyNV81NTY1MTY1MjAyNjgwMjU=","https://www.facebook.com/100000029645476/posts/27211992295051725","0","177330225469654",,,"Seng sabar para pejuang..
Abis tomat giliran wortel yang gk laku berikut kubusnya murah meriah..... Cayadi Bintang Asia · Original audio","pfbid0SUcUcZERwHXookNveCuGJ3prdTETuWgXD21RYpqLRCkKVNs4eAvSuELD842bh1Vhl","Dhan Romadhany","https://scontent-hou1-1.xx.fbcdn.net/v/t39.30808-1/339522499_527195529586049_828356955892611886_n.jpg?stp=cp0_dst-jpg_s32x32&_nc_cat=104&ccb=1-7&_nc_sid=0ecb9b&_nc_ohc=RMh6dfYn2M8Q7kNvgHr9QQj&_nc_ht=scontent-hou1-1.xx&_nc_gid=Au9irfSFnOn6j-j0I-gCkgK&oh=00_AYBNbNVfxKQgFpJH10IOnNY6WeVBr8M1KfNbh0kfSPB9ug&oe=6703B3DD","https://www.facebook.com/people/Dhan-Romadhany/pfbid0SUcUcZERwHXookNveCuGJ3prdTETuWgXD21RYpqLRCkKVNs4eAvSuELD842bh1Vhl/","Semoga cepet stabil mas bos harga horti","0"
,,,,,,,,,,,,,,,,,"https://www.facebook.com/reel/494441663549431/?comment_id=3742033899398229",,,,,,,,,,,,,,,,,,,,,,,,,,,,,,,,,,,,,,,,,,,,,,,,,,,,,,,,,,,,,,,,,,,,"2024-09-19T07:00:55.000Z","27105882918995997","https://www.facebook.com/100000029645476/posts/27105882918995997","ZmVlZGJhY2s6MjcxMDU4ODI5MTg5OTU5OTdfMzc0MjAzMzg5OTM5ODIyOQ==","Y29tbWVudDoyNzEwNTg4MjkxODk5NTk5N18zNzQyMDMzODk5Mzk4MjI5","https://www.facebook.com/100000029645476/posts/27105882918995997","0","177330225469654",,,"Seng sabar sahabat BINTANG ASIA... Cayadi Bintang Asia · Original audio","100077302928721","Marsum","https://scontent-ord5-1.xx.fbcdn.net/v/t39.30808-1/459235433_529097873010306_1218404907664385303_n.jpg?stp=c0.0.596.596a_cp0_dst-jpg_s32x32&_nc_cat=108&ccb=1-7&_nc_sid=50d2ac&_nc_ohc=GiP_ey8u6a4Q7kNvgGwn6YF&_nc_ht=scontent-ord5-1.xx&_nc_gid=A381r28_Ul30Cw8Mn2cfi-M&oh=00_AYAozLBjTOD7328GJZh4etTXcKgKCfYlG_uu7QSQWAivTw&oe=6703B070",,"Yoalah
Seng sabar Paak
Lagi di uji","0"
,,,,,,,,,,,,,,,,,"https://www.facebook.com/reel/494441663549431/?comment_id=1035951224569927",,,,,,,,,,,,,,,,,,,,,,,,,,,,,,,,,,,,,,,,,,,,,,,,,,,,,,,,,,,,,,,,,,,"1","2024-09-19T14:59:11.000Z","27105882918995997","https://www.facebook.com/100000029645476/posts/27105882918995997","ZmVlZGJhY2s6MjcxMDU4ODI5MTg5OTU5OTdfMTAzNTk1MTIyNDU2OTkyNw==","Y29tbWVudDoyNzEwNTg4MjkxODk5NTk5N18xMDM1OTUxMjI0NTY5OTI3","https://www.facebook.com/100000029645476/posts/27105882918995997","0","177330225469654",,,"Seng sabar sahabat BINTANG ASIA... Cayadi Bintang Asia · Original audio","1731151440","Tidar Ardiyanto","https://scontent-ord5-1.xx.fbcdn.net/v/t39.30808-1/395324445_10211220725590558_1955392965267474716_n.jpg?stp=cp0_dst-jpg_s32x32&_nc_cat=108&ccb=1-7&_nc_sid=50d2ac&_nc_ohc=sFvbgXEKm0UQ7kNvgEEcJj2&_nc_ht=scontent-ord5-1.xx&_nc_gid=A381r28_Ul30Cw8Mn2cfi-M&oh=00_AYAuEMdFMaONJWkMTxxLFIqTNrvF_FmBHZSjsXyrguQYJg&oe=6703C9F8",,"Nandur neng..","0"
,,,,,,,,,,,,,,,,,"https://www.facebook.com/reel/494441663549431/?comment_id=844585074428511",,,,,,,,,,,,,,,,,,,,,,,,,,,,,,,,,,,,,,,,,,,,,,,,,,,,,,,,,,,,,,,,,,,"1","2024-09-19T04:08:38.000Z","27105882918995997","https://www.facebook.com/100000029645476/posts/27105882918995997","ZmVlZGJhY2s6MjcxMDU4ODI5MTg5OTU5OTdfODQ0NTg1MDc0NDI4NTEx","Y29tbWVudDoyNzEwNTg4MjkxODk5NTk5N184NDQ1ODUwNzQ0Mjg1MTE=","https://www.facebook.com/100000029645476/posts/27105882918995997","0","177330225469654",,,"Seng sabar sahabat BINTANG ASIA... Cayadi Bintang Asia · Original audio","100013867903302","Abdul Kodir","https://scontent-ord5-1.xx.fbcdn.net/v/t39.30808-1/434349729_1881402772331968_4080717894896315341_n.jpg?stp=cp0_dst-jpg_s32x32&_nc_cat=111&ccb=1-7&_nc_sid=50d2ac&_nc_ohc=jxVW2V7IOkoQ7kNvgH_VQnG&_nc_ht=scontent-ord5-1.xx&_nc_gid=A381r28_Ul30Cw8Mn2cfi-M&oh=00_AYAhEJjUPSEQ3WhmOVrSltfAZ2GP2BeHjqKaGn3n5HGgyA&oe=6703D54A","https://www.facebook.com/abdul.khodir.16100","Kesabaran yang harus diterapkan kawan 👍","0"
,,,,,,,,,,,,,,,,,"https://www.facebook.com/reel/494441663549431/?comment_id=8270291086357447",,,,,,,,,,,,,,,,,,,,,,,,,,,,,,,,,,,,,,,,,,,,,,,,,,,,,,,,,,,,,,,,,,,"1","2024-09-19T14:02:18.000Z","27105882918995997","https://www.facebook.com/100000029645476/posts/27105882918995997","ZmVlZGJhY2s6MjcxMDU4ODI5MTg5OTU5OTdfODI3MDI5MTA4NjM1NzQ0Nw==","Y29tbWVudDoyNzEwNTg4MjkxODk5NTk5N184MjcwMjkxMDg2MzU3NDQ3","https://www.facebook.com/100000029645476/posts/27105882918995997","0","177330225469654",,,"Seng sabar sahabat BINTANG ASIA... Cayadi Bintang Asia · Original audio","pfbid034R71JRKUTYuKPtyoiEeQ7qpxRi2FWmXTap8kCN4LYxkoWELUHeU1PfAh6g6UAiMSl","Hariyadii Hariyadii","https://scontent-ord5-1.xx.fbcdn.net/v/t39.30808-1/299770660_899116294788381_7669305444590459155_n.jpg?stp=cp0_dst-jpg_s32x32&_nc_cat=101&ccb=1-7&_nc_sid=0ecb9b&_nc_ohc=qzfbBB5f-8gQ7kNvgFLntGs&_nc_ht=scontent-ord5-1.xx&_nc_gid=A381r28_Ul30Cw8Mn2cfi-M&oh=00_AYAuYGRMKsrMYyPk6aEQKVoJSvaqnda1hDKtezDv05heTg&oe=6703DDEF","https://www.facebook.com/hariyadii.hariyadii.52","Masak allh ingat aku biyen kyk ngono","0"
,,,,,,,,,,,,,,,,,"https://www.facebook.com/reel/494441663549431/?comment_id=504976395504742",,,,,,,,,,,,,,,,,,,,,,,,,,,,,,,,,,,,,,,,,,,,,,,,,,,,,,,,,,,,,,,,,,,,"2024-09-19T10:54:02.000Z","27105882918995997","https://www.facebook.com/100000029645476/posts/27105882918995997","ZmVlZGJhY2s6MjcxMDU4ODI5MTg5OTU5OTdfNTA0OTc2Mzk1NTA0NzQy","Y29tbWVudDoyNzEwNTg4MjkxODk5NTk5N181MDQ5NzYzOTU1MDQ3NDI=","https://www.facebook.com/100000029645476/posts/27105882918995997","0","177330225469654",,,"Seng sabar sahabat BINTANG ASIA... Cayadi Bintang Asia · Original audio","100000637644370","Husnul Fatwa","https://scontent-ord5-1.xx.fbcdn.net/v/t39.30808-1/383965861_7023825894315262_732924418491809852_n.jpg?stp=cp0_dst-jpg_s32x32&_nc_cat=101&ccb=1-7&_nc_sid=50d2ac&_nc_ohc=mmBpNTn1Am4Q7kNvgEYtBcq&_nc_ht=scontent-ord5-1.xx&_nc_gid=A381r28_Ul30Cw8Mn2cfi-M&oh=00_AYA6q7-zwcqHf7M5cbwceMYCnDIvuW39bXT4TP0_h6t4IA&oe=6703CEDD","https://www.facebook.com/@nuel.bagzdongraztavariana/","Ada patok no lot nya ya d bawah hahahaha","0"
,,,,,,,,,,,,,,,,,"https://www.facebook.com/reel/494441663549431/?comment_id=3814779395515271",,,,,,,,,,,,,,,,,,,,,,,,,,,,,,,,,,,,,,,,,,,,,,,,,,,,,,,,,,,,,,,,,,,"1","2024-09-19T15:22:13.000Z","27105882918995997","https://www.facebook.com/100000029645476/posts/27105882918995997","ZmVlZGJhY2s6MjcxMDU4ODI5MTg5OTU5OTdfMzgxNDc3OTM5NTUxNTI3MQ==","Y29tbWVudDoyNzEwNTg4MjkxODk5NTk5N18zODE0Nzc5Mzk1NTE1Mjcx","https://www.facebook.com/100000029645476/posts/27105882918995997","0","177330225469654",,,"Seng sabar sahabat BINTANG ASIA... Cayadi Bintang Asia · Original audio","100000248377962","Asep Ar","https://scontent-ord5-2.xx.fbcdn.net/v/t39.30808-1/416204780_7484290751589130_6779403893378863749_n.jpg?stp=c120.0.720.720a_cp0_dst-jpg_s32x32&_nc_cat=104&ccb=1-7&_nc_sid=50d2ac&_nc_ohc=1GKoV9IGoEAQ7kNvgHjVL-e&_nc_ht=scontent-ord5-2.xx&_nc_gid=A381r28_Ul30Cw8Mn2cfi-M&oh=00_AYDAgKieK9hlnosv2EmKLE5fKZK6qDyTo7JiuHyC8k2DLw&oe=6703C1A0","https://www.facebook.com/revo.ar.1","Dimna ini om","0"
,,,,,,,,,,,,,,,,,"https://www.facebook.com/reel/494441663549431/?comment_id=534374519272363",,,,,,,,,,,,,,,,,,,,,,,,,,,,,,,,,,,,,,,,,,,,,,,,,,,,,,,,,,,,,,,,,,,"1","2024-09-19T03:13:54.000Z","27105882918995997","https://www.facebook.com/100000029645476/posts/27105882918995997","ZmVlZGJhY2s6MjcxMDU4ODI5MTg5OTU5OTdfNTM0Mzc0NTE5MjcyMzYz","Y29tbWVudDoyNzEwNTg4MjkxODk5NTk5N181MzQzNzQ1MTkyNzIzNjM=","https://www.facebook.com/100000029645476/posts/27105882918995997","0","177330225469654",,,"Seng sabar sahabat BINTANG ASIA... Cayadi Bintang Asia · Original audio","pfbid04XzCnsJhePxFh5Haze6e6mQXvteD6YuoBf1n9GtAtHpcSgm56h4ZiBJTifxu9gmMl","Ratno Galih","https://scontent-ord5-1.xx.fbcdn.net/v/t1.6435-1/75534863_967293303627808_941513095354777600_n.jpg?stp=c0.0.1512.1512a_cp0_dst-jpg_s32x32&_nc_cat=101&ccb=1-7&_nc_sid=e4545e&_nc_ohc=nH3g5xWY22AQ7kNvgH-FaOs&_nc_ht=scontent-ord5-1.xx&_nc_gid=A381r28_Ul30Cw8Mn2cfi-M&oh=00_AYDT5Qh-AMVgkNm63BWcRLCDUHp-gYVT7LyQYpHeS9y_Yg&oe=67254C92","https://www.facebook.com/ratno.galih.50","Pengisi suarane koyo bang Slamet Kuwi 😂","0"
,,,,,,,,,,,,,,,,,"https://www.facebook.com/reel/494441663549431/?comment_id=8634861773225123",,,,,,,,,,,,,,,,,,,,,,,,,,,,,,,,,,,,,,,,,,,,,,,,,,,,,,,,,,,,,,,,,,,"1","2024-09-19T06:14:53.000Z","27105882918995997","https://www.facebook.com/100000029645476/posts/27105882918995997","ZmVlZGJhY2s6MjcxMDU4ODI5MTg5OTU5OTdfODYzNDg2MTc3MzIyNTEyMw==","Y29tbWVudDoyNzEwNTg4MjkxODk5NTk5N184NjM0ODYxNzczMjI1MTIz","https://www.facebook.com/100000029645476/posts/27105882918995997","0","177330225469654",,,"Seng sabar sahabat BINTANG ASIA... Cayadi Bintang Asia · Original audio","100007578522755","Renzy Bintangasia","https://scontent-ord5-2.xx.fbcdn.net/v/t39.30808-1/426012403_3605728109689771_2277782955804277447_n.jpg?stp=cp0_dst-jpg_s32x32&_nc_cat=104&ccb=1-7&_nc_sid=50d2ac&_nc_ohc=NKmntc7UrGAQ7kNvgFDv-5S&_nc_ht=scontent-ord5-2.xx&_nc_gid=A381r28_Ul30Cw8Mn2cfi-M&oh=00_AYCPtugZzrGUeK5YN0nv-2AV94440AUYnp2v3IDnf_hzsw&oe=6703CF04","https://www.facebook.com/renzi.prayuda","Lahh knopo boss","0"
,,,,,,,,,,,,,,,,,"https://www.facebook.com/reel/494441663549431/?comment_id=1865822800579311",,,,,,,,,,,,,,,,,,,,,,,,,,,,,,,,,,,,,,,,,,,,,,,,,,,,,,,,,,,,,,,,,,,"1","2024-09-19T15:23:10.000Z","27105882918995997","https://www.facebook.com/100000029645476/posts/27105882918995997","ZmVlZGJhY2s6MjcxMDU4ODI5MTg5OTU5OTdfMTg2NTgyMjgwMDU3OTMxMQ==","Y29tbWVudDoyNzEwNTg4MjkxODk5NTk5N18xODY1ODIyODAwNTc5MzEx","https://www.facebook.com/100000029645476/posts/27105882918995997","0","177330225469654",,,"Seng sabar sahabat BINTANG ASIA... Cayadi Bintang Asia · Original audio","100000248377962","Asep Ar","https://scontent-ord5-2.xx.fbcdn.net/v/t39.30808-1/416204780_7484290751589130_6779403893378863749_n.jpg?stp=c120.0.720.720a_cp0_dst-jpg_s32x32&_nc_cat=104&ccb=1-7&_nc_sid=50d2ac&_nc_ohc=1GKoV9IGoEAQ7kNvgHjVL-e&_nc_ht=scontent-ord5-2.xx&_nc_gid=A381r28_Ul30Cw8Mn2cfi-M&oh=00_AYDAgKieK9hlnosv2EmKLE5fKZK6qDyTo7JiuHyC8k2DLw&oe=6703C1A0","https://www.facebook.com/revo.ar.1","Tanam tomat itu tanam bulan 11 akhir panen bulan 1 - 2 ya insllah harga aya, cuma harus kuat spray ya pungisida ya","0"
"Sticker",,,"1","83","1","1","659965357951662","80","https://scontent.fdet1-1.fna.fbcdn.net/v/t39.1997-6/118137310_659965361284995_3192562938730338757_n.png?stp=cp0_dst-png_s110x80&_nc_cat=1&ccb=1-7&_nc_sid=23dd7b&_nc_ohc=uFoBA8WjsLIQ7kNvgFSHTxM&_nc_ht=scontent.fdet1-1.fna&_nc_gid=AAKqXWFrnI9eKepRalK6W07&oh=00_AYBJDWW4Yn9ReHMElNnUtqJYVtiv8eBOupCa-gDViB8rhw&oe=6703D5E7","80","",,"659943364620528","[Newsfeed] Back to School",,,"https://www.facebook.com/cayadi.santosa/posts/pfbid0LHRLZyugXikGZRrFnmWZVe31JCBKcggKVdqqXvbxSXoeP1vuGxEEZkb8Dpmg7pG3l?comment_id=1560046924888175",,,,,,,,,,,,,,,,,,,,,,,,,,,,,,,,,,,,,,,,,,,,,,,,,,,,,,,,,,,,,,,,,,,,"2024-09-18T09:35:53.000Z","27077490935168529","https://www.facebook.com/100000029645476/posts/27077490935168529","ZmVlZGJhY2s6MjcwNzc0OTA5MzUxNjg1MjlfMTU2MDA0NjkyNDg4ODE3NQ==","Y29tbWVudDoyNzA3NzQ5MDkzNTE2ODUyOV8xNTYwMDQ2OTI0ODg4MTc1","https://www.facebook.com/100000029645476/posts/27077490935168529","1","250829661453806","false",,"Cktav9 F1 81hst

#cabekeritihibrida
#cabekeritingtahanvirus
#cabetahanlayu
#cabetoleranpatek
#petanicabe
#komunitaspetanicabe
#benihcitraasia
#bintangasia
#suksesbersamabintangasia","1828565536","Mohammad Iqbal Agustiana","https://scontent.fdet1-1.fna.fbcdn.net/v/t1.18169-1/1468799_10203929170029473_1521419688104736133_n.jpg?stp=cp0_dst-jpg_s32x32&_nc_cat=110&ccb=1-7&_nc_sid=db5862&_nc_ohc=xmLHSAxGU1QQ7kNvgGU32mM&_nc_ht=scontent.fdet1-1.fna&oh=00_AYBnkapya1Nex6tzh0OaxjYGUQAh7X2Dw3WohcVTdVykrQ&oe=67254CEF",,,"0"
,,,,,,,,,,,,,,,,,"https://www.facebook.com/reel/901685671850451/?comment_id=8858015707590127","https://www.facebook.com/reel/901685671850451/?comment_id=8858015707590127&reply_comment_id=4597519567140393","2","2024-09-28T14:20:54.000Z","ZmVlZGJhY2s6MjcyNjUyNzQxMzYzOTAyMDdfNDU5NzUxOTU2NzE0MDM5Mw==","Y29tbWVudDoyNzI2NTI3NDEzNjM5MDIwN180NTk3NTE5NTY3MTQwMzkz","0","User","pfbid02d9WFVrR5aU77sUqSu5Gn6eYZptntfux9hW9aKWcADQ8472arHR5PP5LhB8ZhXMEbl","Joni Wong","Joni","Y29tbWVudDoyNzI2NTI3NDEzNjM5MDIwN184ODU4MDE1NzA3NTkwMTI3","100000029645476","Cayadi Bintang Asia","https://scontent.fkno3-1.fna.fbcdn.net/v/t31.18172-1/15724565_1469077786436529_7264600135043183638_o.jpg?stp=c0.200.1200.1200a_cp0_dst-jpg_s32x32&_nc_cat=101&ccb=1-7&_nc_sid=db5862&_nc_ohc=z-M6Ynf3R1cQ7kNvgGZ-yZm&_nc_ht=scontent.fkno3-1.fna&_nc_gid=AYTue2fM5Ctj0ekkUPZvqDv&oh=00_AYB1nZtXwegBKtmzfEuaOSgd1euenCkPrsjQ48WF-uWQ1w&oe=67254EFE","https://www.facebook.com/cayadi.santosa","Y29tbWVudDoyNzI2NTI3NDEzNjM5MDIwN184ODU4MDE1NzA3NTkwMTI3","Joni Wong mesti awakmu arep nyemplung Empang Yo?","1",,,,,,,,,,,,,,,"https://www.facebook.com/reel/901685671850451/?comment_id=8858015707590127&reply_comment_id=1282379429593745","2024-09-28T14:21:31.000Z","ZmVlZGJhY2s6MjcyNjUyNzQxMzYzOTAyMDdfMTI4MjM3OTQyOTU5Mzc0NQ==","Y29tbWVudDoyNzI2NTI3NDEzNjM5MDIwN18xMjgyMzc5NDI5NTkzNzQ1","0","User","pfbid02d9WFVrR5aU77sUqSu5Gn6eYZptntfux9hW9aKWcADQ8472arHR5PP5LhB8ZhXMEbl","Joni Wong","Joni","Y29tbWVudDoyNzI2NTI3NDEzNjM5MDIwN184ODU4MDE1NzA3NTkwMTI3","pfbid02d9WFVrR5aU77sUqSu5Gn6eYZptntfux9hW9aKWcADQ8472arHR5PP5LhB8ZhXMEbl","Joni Wong","https://scontent.fkno3-1.fna.fbcdn.net/v/t39.30808-1/452973038_1930300530755056_3892369769696971487_n.jpg?stp=c0.0.891.891a_cp0_dst-jpg_s32x32&_nc_cat=103&ccb=1-7&_nc_sid=0ecb9b&_nc_ohc=vmNnZmIeFHAQ7kNvgGnWb13&_nc_ht=scontent.fkno3-1.fna&_nc_gid=AYTue2fM5Ctj0ekkUPZvqDv&oh=00_AYAklUEr84P8fsUWB3FDldlpZtarj01noBz8Goq-HMAySQ&oe=6703E072","https://www.facebook.com/joni.wong.921","Y29tbWVudDoyNzI2NTI3NDEzNjM5MDIwN184ODU4MDE1NzA3NTkwMTI3","Cayadi Bintang Asia iya dong","2","https://www.facebook.com/reel/901685671850451/?comment_id=8858015707590127&reply_comment_id=1535801290391366","2024-09-28T14:22:49.000Z","ZmVlZGJhY2s6MjcyNjUyNzQxMzYzOTAyMDdfMTUzNTgwMTI5MDM5MTM2Ng==","Y29tbWVudDoyNzI2NTI3NDEzNjM5MDIwN18xNTM1ODAxMjkwMzkxMzY2","0","User","pfbid02d9WFVrR5aU77sUqSu5Gn6eYZptntfux9hW9aKWcADQ8472arHR5PP5LhB8ZhXMEbl","Joni Wong","Joni","Y29tbWVudDoyNzI2NTI3NDEzNjM5MDIwN184ODU4MDE1NzA3NTkwMTI3","100000029645476","Cayadi Bintang Asia","https://scontent.fkno3-1.fna.fbcdn.net/v/t31.18172-1/15724565_1469077786436529_7264600135043183638_o.jpg?stp=c0.200.1200.1200a_cp0_dst-jpg_s32x32&_nc_cat=101&ccb=1-7&_nc_sid=db5862&_nc_ohc=z-M6Ynf3R1cQ7kNvgGZ-yZm&_nc_ht=scontent.fkno3-1.fna&_nc_gid=AYTue2fM5Ctj0ekkUPZvqDv&oh=00_AYB1nZtXwegBKtmzfEuaOSgd1euenCkPrsjQ48WF-uWQ1w&oe=67254EFE","https://www.facebook.com/cayadi.santosa","Y29tbWVudDoyNzI2NTI3NDEzNjM5MDIwN184ODU4MDE1NzA3NTkwMTI3","Joni Wong arep jikuk urang opo bandeng..","2","3","2024-09-28T14:19:45.000Z","27265274136390207","https://www.facebook.com/100000029645476/posts/27265274136390207","ZmVlZGJhY2s6MjcyNjUyNzQxMzYzOTAyMDdfODg1ODAxNTcwNzU5MDEyNw==","Y29tbWVudDoyNzI2NTI3NDEzNjM5MDIwN184ODU4MDE1NzA3NTkwMTI3","https://www.facebook.com/100000029645476/posts/27265274136390207","0","177330225469654",,,"Ibuku sayang..... Difarina Indra Adella · Obati Rinduku","pfbid02d9WFVrR5aU77sUqSu5Gn6eYZptntfux9hW9aKWcADQ8472arHR5PP5LhB8ZhXMEbl","Joni Wong","https://scontent.fkno3-1.fna.fbcdn.net/v/t39.30808-1/452973038_1930300530755056_3892369769696971487_n.jpg?stp=c0.0.891.891a_cp0_dst-jpg_s32x32&_nc_cat=103&ccb=1-7&_nc_sid=0ecb9b&_nc_ohc=vmNnZmIeFHAQ7kNvgGnWb13&_nc_ht=scontent.fkno3-1.fna&_nc_gid=AYTue2fM5Ctj0ekkUPZvqDv&oh=00_AYAklUEr84P8fsUWB3FDldlpZtarj01noBz8Goq-HMAySQ&oe=6703E072","https://www.facebook.com/joni.wong.921","Kapan mrono aku melu","0"
,,,,,,,,,,,,,,,,,"https://www.facebook.com/reel/1503530857709942/?comment_id=576388961379086","https://www.facebook.com/reel/1503530857709942/?comment_id=576388961379086&reply_comment_id=1528085931154846",,"2024-09-17T10:31:07.000Z","ZmVlZGJhY2s6MjcwNzU4NDE2ODg2NjY3ODdfMTUyODA4NTkzMTE1NDg0Ng==","Y29tbWVudDoyNzA3NTg0MTY4ODY2Njc4N18xNTI4MDg1OTMxMTU0ODQ2","0","User","pfbid02br3Kyotp5HgmiwXETE3jcSKA4kWxUFbzJWmXx3vWtyNZXe5Z1daViQC2qsDqyE6Fl","Yospiqmi Rizal Bintang Asia","Yospiqmi","Y29tbWVudDoyNzA3NTg0MTY4ODY2Njc4N181NzYzODg5NjEzNzkwODY=","100000029645476","Cayadi Bintang Asia","https://scontent-lga3-2.xx.fbcdn.net/v/t31.18172-1/15724565_1469077786436529_7264600135043183638_o.jpg?stp=c0.200.1200.1200a_cp0_dst-jpg_s32x32&_nc_cat=101&ccb=1-7&_nc_sid=db5862&_nc_ohc=z-M6Ynf3R1cQ7kNvgGH-A1U&_nc_ht=scontent-lga3-2.xx&_nc_gid=AAXj6g5bbAq63lyfTNCD86y&oh=00_AYAJzKP5dJTt1-5pKqh3hdO0xwA-bxU9u6iv6Q-buM7xhg&oe=67254EFE","https://www.facebook.com/cayadi.santosa","Y29tbWVudDoyNzA3NTg0MTY4ODY2Njc4N181NzYzODg5NjEzNzkwODY=","Yospiqmi Rizal Bintang Asia lanjutkan Ndan..","1",,,,,,,,,,,,,,,,,,,,,,,,,,,,,,,,,,,,,,,,,,,,,,,,,"1","2024-09-17T10:11:31.000Z","27075841688666787","https://www.facebook.com/100000029645476/posts/27075841688666787","ZmVlZGJhY2s6MjcwNzU4NDE2ODg2NjY3ODdfNTc2Mzg4OTYxMzc5MDg2","Y29tbWVudDoyNzA3NTg0MTY4ODY2Njc4N181NzYzODg5NjEzNzkwODY=","https://www.facebook.com/100000029645476/posts/27075841688666787","1","177330225469654",,,"Demo perbenihan nasional... Sound mono · Tiada Kata Lelah","pfbid02br3Kyotp5HgmiwXETE3jcSKA4kWxUFbzJWmXx3vWtyNZXe5Z1daViQC2qsDqyE6Fl","Yospiqmi Rizal Bintang Asia","https://scontent-lga3-2.xx.fbcdn.net/v/t1.18169-1/12814133_605474156274254_1255382583968893776_n.jpg?stp=cp0_dst-jpg_s32x32&_nc_cat=107&ccb=1-7&_nc_sid=e4545e&_nc_ohc=vUZt8nk80koQ7kNvgFdxO67&_nc_ht=scontent-lga3-2.xx&oh=00_AYCp7YuVVHJEvLI4wWUzQUyXlt50VK5HxhCkaabSAJG4cw&oe=67256C7C","https://www.facebook.com/yospiqmi.rizal","Siap komandan","0"
,,,,,,,,,,,,,,,,,"https://www.facebook.com/cayadi.santosa/videos/1064076875323163/?comment_id=1026337452323988",,,,,,,,,,,,,,,,,,,,,,,,,,,,,,,,,,,,,,,,,,,,,,,,,,,,,,,,,,,,,,,,,,,"3","2024-09-16T07:17:50.000Z","27040164522234504","https://www.facebook.com/100000029645476/posts/27040164522234504","ZmVlZGJhY2s6MjcwNDAxNjQ1MjIyMzQ1MDRfMTAyNjMzNzQ1MjMyMzk4OA==","Y29tbWVudDoyNzA0MDE2NDUyMjIzNDUwNF8xMDI2MzM3NDUyMzIzOTg4","https://www.facebook.com/100000029645476/posts/27040164522234504","0",,,,"Hidup perlu insfirasi...","100064705672456","Ainayya Fathiyyaturrahma","https://scontent-lga3-2.xx.fbcdn.net/v/t39.30808-1/456901817_915811323919048_3752286034656807792_n.jpg?stp=cp0_dst-jpg_p32x32&_nc_cat=104&ccb=1-7&_nc_sid=50d2ac&_nc_ohc=_rzzikGhkTkQ7kNvgEzuIQ5&_nc_ht=scontent-lga3-2.xx&_nc_gid=Abc-0Ur9IbSJcCw60rL-wi-&oh=00_AYBBOnoHY5qUCAMCCypmmn1wdM5FzMv_M7Y7oUVvDKADwg&oe=6703B226","https://www.facebook.com/ainayya.fathiyyaturrahma.393","penak go ciblon ui 🤣🤭","0"
,,,,,,,,,,,,,,,,,"https://www.facebook.com/cayadi.santosa/videos/1064076875323163/?comment_id=1037769880888106",,,,,,,,,,,,,,,,,,,,,,,,,,,,,,,,,,,,,,,,,,,,,,,,,,,,,,,,,,,,,,,,,,,"1","2024-09-16T02:21:49.000Z","27040164522234504","https://www.facebook.com/100000029645476/posts/27040164522234504","ZmVlZGJhY2s6MjcwNDAxNjQ1MjIyMzQ1MDRfMTAzNzc2OTg4MDg4ODEwNg==","Y29tbWVudDoyNzA0MDE2NDUyMjIzNDUwNF8xMDM3NzY5ODgwODg4MTA2","https://www.facebook.com/100000029645476/posts/27040164522234504","0",,,,"Hidup perlu insfirasi...","100010890571404","Aris AW","https://scontent-lga3-2.xx.fbcdn.net/v/t39.30808-1/445034474_2147125858993746_749019852458135341_n.jpg?stp=cp0_dst-jpg_s32x32&_nc_cat=107&ccb=1-7&_nc_sid=50d2ac&_nc_ohc=UXoAw8IwhusQ7kNvgFYCMTB&_nc_ht=scontent-lga3-2.xx&_nc_gid=Abc-0Ur9IbSJcCw60rL-wi-&oh=00_AYB8s4WmikGJTulBy0jOa7arspnvgIs-hc3pcifMtfz3Og&oe=6703B2B8","https://www.facebook.com/alwina.98622733","Awas hanyut mas😀😀","0"
,,,,,,,,,,,,,,,,,"https://www.facebook.com/cayadi.santosa/videos/1064076875323163/?comment_id=540085335178068",,,,,,,,,,,,,,,,,,,,,,,,,,,,,,,,,,,,,,,,,,,,,,,,,,,,,,,,,,,,,,,,,,,"3","2024-09-15T07:33:59.000Z","27040164522234504","https://www.facebook.com/100000029645476/posts/27040164522234504","ZmVlZGJhY2s6MjcwNDAxNjQ1MjIyMzQ1MDRfNTQwMDg1MzM1MTc4MDY4","Y29tbWVudDoyNzA0MDE2NDUyMjIzNDUwNF81NDAwODUzMzUxNzgwNjg=","https://www.facebook.com/100000029645476/posts/27040164522234504","0",,,,"Hidup perlu insfirasi...","100007578522755","Renzy Bintangasia","https://scontent-lga3-2.xx.fbcdn.net/v/t39.30808-1/426012403_3605728109689771_2277782955804277447_n.jpg?stp=cp0_dst-jpg_s32x32&_nc_cat=104&ccb=1-7&_nc_sid=50d2ac&_nc_ohc=NKmntc7UrGAQ7kNvgHz7lrp&_nc_ht=scontent-lga3-2.xx&_nc_gid=Abc-0Ur9IbSJcCw60rL-wi-&oh=00_AYAqeVPUHG0H3Xj7H7yPoyvFnKnxR01mejbt8yUIQTpY4A&oe=6703CF04","https://www.facebook.com/renzi.prayuda","Mancing boss?","0"
,,,,,,,,,,,,,,,,,"https://www.facebook.com/reel/1181151036666883/?comment_id=421910354335510","https://www.facebook.com/reel/1181151036666883/?comment_id=421910354335510&reply_comment_id=1184909219387103",,"2024-09-04T11:33:17.000Z","ZmVlZGJhY2s6MjY5MDQyMTc0NzU4MjkyMTBfMTE4NDkwOTIxOTM4NzEwMw==","Y29tbWVudDoyNjkwNDIxNzQ3NTgyOTIxMF8xMTg0OTA5MjE5Mzg3MTAz","0","User","100001408872342","Febri Arianto","Febri","Y29tbWVudDoyNjkwNDIxNzQ3NTgyOTIxMF80MjE5MTAzNTQzMzU1MTA=","100000029645476","Cayadi Bintang Asia","https://scontent-atl3-2.xx.fbcdn.net/v/t31.18172-1/15724565_1469077786436529_7264600135043183638_o.jpg?stp=c0.200.1200.1200a_cp0_dst-jpg_s32x32&_nc_cat=101&ccb=1-7&_nc_sid=db5862&_nc_ohc=z-M6Ynf3R1cQ7kNvgEekcJe&_nc_ht=scontent-atl3-2.xx&_nc_gid=AH2BW6BdJ0zm9_rA3Y3qrSv&oh=00_AYDb0GEq6kv6sT0eWLss6JDkXAwD3j5YTfdI5Fatt2xSWw&oe=67254EFE","https://www.facebook.com/cayadi.santosa","Y29tbWVudDoyNjkwNDIxNzQ3NTgyOTIxMF80MjE5MTAzNTQzMzU1MTA=","Febri Arianto tetep konsisten .","1",,,,,,,,,,,,,,,,,,,,,,,,,,,,,,,,,,,,,,,,,,,,,,,,,"1","2024-09-04T10:27:56.000Z","26904217475829210","https://www.facebook.com/100000029645476/posts/26904217475829210","ZmVlZGJhY2s6MjY5MDQyMTc0NzU4MjkyMTBfNDIxOTEwMzU0MzM1NTEw","Y29tbWVudDoyNjkwNDIxNzQ3NTgyOTIxMF80MjE5MTAzNTQzMzU1MTA=","https://www.facebook.com/100000029645476/posts/26904217475829210","0","177330225469654",,,"Sukses bersama BINTANG ASIA.. Cayadi Bintang Asia · Original audio","100001408872342","Febri Arianto","https://scontent-atl3-2.xx.fbcdn.net/v/t39.30808-1/402943207_7015531545170405_560873927845988234_n.jpg?stp=cp0_dst-jpg_s32x32&_nc_cat=102&ccb=1-7&_nc_sid=50d2ac&_nc_ohc=elHUoIcKgT0Q7kNvgE15gVt&_nc_ht=scontent-atl3-2.xx&_nc_gid=AH2BW6BdJ0zm9_rA3Y3qrSv&oh=00_AYCKfpink5_dmVVis63rhKpdUtP4Ztc4_ng6gVjXk1ufzw&oe=6703B5FE","https://www.facebook.com/febri.dgunshereikan","Panggah oke Tewe 👍🏽","0"
