﻿"attachments/0/style_list/0","attachments/0/style_list/1","attachments/0/style_list/2","attachments/0/style_list/3","attachments/0/style_list/4","commentUrl","commentsCount","date","error","errorDescription","facebookId","facebookUrl","feedbackId","id","inputUrl","likesCount","pageAdLibrary/id","pageAdLibrary/is_business_page_active","pageAdLibrary/woodhenge_creator_info","postTitle","profileId","profileName","profilePicture","profileUrl","replyToCommentId","text","threadingDepth","url"
,,,,,,,,"not_available","This content isn't available because the owner only shared it with a small group of people or changed who can see it, or it's been deleted.",,,,,,,,,,,,,,,,,,"https://www.facebook.com/100013364191442/posts/544107334801804"
"animated_image_autoplay","animated_image_share","image_share","share","fallback","https://www.facebook.com/100013364191442/posts/1999883987133722?comment_id=1008185147446334",,"2024-09-06T11:50:35.000Z",,,"1999883987133722","https://www.facebook.com/100013364191442/posts/1999883987133722","ZmVlZGJhY2s6MTk5OTg4Mzk4NzEzMzcyMl8xMDA4MTg1MTQ3NDQ2MzM0","Y29tbWVudDoxOTk5ODgzOTg3MTMzNzIyXzEwMDgxODUxNDc0NDYzMzQ=","https://www.facebook.com/100013364191442/posts/1999883987133722","0","194051327133277","false",,"Topan F1 X Natavi F1🍅🍅🍅","pfbid06uUGzgFEo3Kj9mK8yAbJHoiMHcRjjLyjk6w4MES3AFq6Kt5L9YzebtNVAW1VowsAl","Basri Abbas","https://scontent-hou1-1.xx.fbcdn.net/v/t39.30808-1/454727317_494650960125826_1863543033146851_n.jpg?stp=cp0_dst-jpg_s32x32&_nc_cat=108&ccb=1-7&_nc_sid=0ecb9b&_nc_ohc=twO4LGy-8ekQ7kNvgG6-Q0A&_nc_ht=scontent-hou1-1.xx&_nc_gid=AvMwpkqNArpyjV072TS2jvZ&oh=00_AYDlDtECvgV8ucWt2Bo-IRjveTcodPeoeIi8RxJBrHT8Rg&oe=66E82DBB","https://www.facebook.com/people/Basri-Abbas/pfbid06uUGzgFEo3Kj9mK8yAbJHoiMHcRjjLyjk6w4MES3AFq6Kt5L9YzebtNVAW1VowsAl/",,,,
,,,,,"https://www.facebook.com/100013364191442/posts/1999883987133722?comment_id=459208537119064","1","2024-09-05T14:58:03.000Z",,,"1999883987133722","https://www.facebook.com/100013364191442/posts/1999883987133722","ZmVlZGJhY2s6MTk5OTg4Mzk4NzEzMzcyMl80NTkyMDg1MzcxMTkwNjQ=","Y29tbWVudDoxOTk5ODgzOTg3MTMzNzIyXzQ1OTIwODUzNzExOTA2NA==","https://www.facebook.com/100013364191442/posts/1999883987133722","0","194051327133277","false",,"Topan F1 X Natavi F1🍅🍅🍅","100006389172786","Fediran Ferdyn Al-Rasyid","https://scontent-hou1-1.xx.fbcdn.net/v/t39.30808-1/455237428_3711425662413703_3405020836735011486_n.jpg?stp=cp0_dst-jpg_s32x32&_nc_cat=103&ccb=1-7&_nc_sid=50d2ac&_nc_ohc=j0xfVzlznU4Q7kNvgFQZEQZ&_nc_ht=scontent-hou1-1.xx&_nc_gid=AvMwpkqNArpyjV072TS2jvZ&oh=00_AYB0bjRBfpL1L3JaxVVDmM8ZTfogrGuNbxOA-79dFr_Iyw&oe=66E81733","https://www.facebook.com/fediran.ferdyn",,"Kren bolaromang 🔥🔥🔥",,
,,,,,"https://www.facebook.com/100013364191442/posts/2002285630226891?comment_id=1217696559254595","5","2024-09-08T14:05:38.000Z",,,"2002285630226891","https://www.facebook.com/100013364191442/posts/2002285630226891","ZmVlZGJhY2s6MjAwMjI4NTYzMDIyNjg5MV8xMjE3Njk2NTU5MjU0NTk1","Y29tbWVudDoyMDAyMjg1NjMwMjI2ODkxXzEyMTc2OTY1NTkyNTQ1OTU=","https://www.facebook.com/100013364191442/posts/2002285630226891","0",,,,"Sall.. Dunia saja banyak sungai apalagi di surga🩷","pfbid0xKgyGTdE1u4xZdtRoKVvCxjzZE1k9iJaQjZhRqCZWxBBPYueTNASAuE7ZphHqGRHl","Abdul Rasyid","https://scontent.frba1-3.fna.fbcdn.net/v/t39.30808-1/459254534_1051196969797012_7003655050357911455_n.jpg?stp=cp0_dst-jpg_s32x32&_nc_cat=104&ccb=1-7&_nc_sid=0ecb9b&_nc_ohc=rLmBrsTc_xAQ7kNvgG69VwA&_nc_ht=scontent.frba1-3.fna&_nc_gid=Ad8_r2JlwmIdzvwJt4bpPvX&oh=00_AYBKSFZOtTQ0UpZTt9H_c3SQ71TQQBHIVhaF8wo5eAd0pw&oe=66E8205A","https://www.facebook.com/muhsyahbian.syahbian",,"Nalannasakamma",,
,,,,,"https://www.facebook.com/100013364191442/posts/2000527847069336?comment_id=1228248151642485","1","2024-09-06T11:00:55.000Z",,,"2000527847069336","https://www.facebook.com/100013364191442/posts/2000527847069336","ZmVlZGJhY2s6MjAwMDUyNzg0NzA2OTMzNl8xMjI4MjQ4MTUxNjQyNDg1","Y29tbWVudDoyMDAwNTI3ODQ3MDY5MzM2XzEyMjgyNDgxNTE2NDI0ODU=","https://www.facebook.com/100013364191442/posts/2000527847069336","0","194051327133277","false",,"Bersama Petani Takalar💚💚","100010148101965","Izwan Ismael","https://scontent-dfw5-2.xx.fbcdn.net/v/t39.30808-1/391667999_2141219529559630_4882318377948128251_n.jpg?stp=c0.0.939.939a_cp0_dst-jpg_s32x32&_nc_cat=100&ccb=1-7&_nc_sid=50d2ac&_nc_ohc=Hw7jkV-rnmYQ7kNvgEkRSV8&_nc_ht=scontent-dfw5-2.xx&_nc_gid=AhuO8-2DNxGlKaNKC2yNdSk&oh=00_AYAAzu7OPv4TKl5u4yEnvp1fT6_9ndRrx2NYZ45Bz_ZQIg&oe=66E8376D","https://www.facebook.com/people/Izwan-Ismael/100010148101965/",,"Takalar dstnya masih kemarau yah",,
"sticker","fallback",,,,"https://www.facebook.com/100013364191442/posts/2004450070010447?comment_id=2260837104282905","9","2024-09-11T12:06:20.000Z",,,"2004450070010447","https://www.facebook.com/100013364191442/posts/2004450070010447","ZmVlZGJhY2s6MjAwNDQ1MDA3MDAxMDQ0N18yMjYwODM3MTA0MjgyOTA1","Y29tbWVudDoyMDA0NDUwMDcwMDEwNDQ3XzIyNjA4MzcxMDQyODI5MDU=","https://www.facebook.com/100013364191442/posts/2004450070010447","0","194051327133277",,,"Mengenal Tomat Varietas Citra Asia F1 Produksi PT Benih Citra Asia☺. Tulus · Interaksi","pfbid0MMf8avCQCDWM1sGMBrkm5CwUntabTZ6b1kPSV5dKGF6eW8HXFEwf8MGcvZ6rcgyjl","Abu Zain","https://scontent-man2-1.xx.fbcdn.net/v/t39.30808-1/435494191_457190010311874_2986738048923136276_n.jpg?stp=c0.0.600.600a_cp0_dst-jpg_s32x32&_nc_cat=108&ccb=1-7&_nc_sid=0ecb9b&_nc_ohc=eh5WlM8RKW8Q7kNvgFE5l9J&_nc_ht=scontent-man2-1.xx&_nc_gid=AqHFsperoLsC5vBgyCZRfDl&oh=00_AYDNV292q2uvgjI3cWqj9VR0rMKdOZ5SoI7mVqa4CamKPg&oe=66E83E2B","https://www.facebook.com/people/Abu-Zain/pfbid0MMf8avCQCDWM1sGMBrkm5CwUntabTZ6b1kPSV5dKGF6eW8HXFEwf8MGcvZ6rcgyjl/",,,,
,,,,,"https://www.facebook.com/100013364191442/posts/2004450070010447?comment_id=1214770003095865",,"2024-09-11T23:51:06.000Z",,,"2004450070010447","https://www.facebook.com/100013364191442/posts/2004450070010447","ZmVlZGJhY2s6MjAwNDQ1MDA3MDAxMDQ0N18xMjE0NzcwMDAzMDk1ODY1","Y29tbWVudDoyMDA0NDUwMDcwMDEwNDQ3XzEyMTQ3NzAwMDMwOTU4NjU=","https://www.facebook.com/100013364191442/posts/2004450070010447","0","194051327133277",,,"Mengenal Tomat Varietas Citra Asia F1 Produksi PT Benih Citra Asia☺. Tulus · Interaksi","100007578522755","Renzy Bintangasia","https://scontent-man2-1.xx.fbcdn.net/v/t39.30808-1/426012403_3605728109689771_2277782955804277447_n.jpg?stp=cp0_dst-jpg_s32x32&_nc_cat=104&ccb=1-7&_nc_sid=50d2ac&_nc_ohc=M574j_z4JmsQ7kNvgECMNGw&_nc_ht=scontent-man2-1.xx&_nc_gid=AqHFsperoLsC5vBgyCZRfDl&oh=00_AYDFV2eq86kP_nYqYpm2Zt9qqWub6PpXpPsB7mbNwfyCYg&oe=66E81F84","https://www.facebook.com/renzi.prayuda",,"Mantapp",,
,,,,,"https://www.facebook.com/100013364191442/posts/2001817740273680?comment_id=1058170312686913","3","2024-09-08T01:19:41.000Z",,,"2001817740273680","https://www.facebook.com/100013364191442/posts/2001817740273680","ZmVlZGJhY2s6MjAwMTgxNzc0MDI3MzY4MF8xMDU4MTcwMzEyNjg2OTEz","Y29tbWVudDoyMDAxODE3NzQwMjczNjgwXzEwNTgxNzAzMTI2ODY5MTM=","https://www.facebook.com/100013364191442/posts/2001817740273680","0","194051327133277",,,"Peforma Tomat Natama Super F1 di Dataran Tinggi Kab.Gowa🌟🌟. Nrll Bintang Asia · Original audio","100007578522755","Renzy Bintangasia","https://scontent-cpt1-1.xx.fbcdn.net/v/t39.30808-1/426012403_3605728109689771_2277782955804277447_n.jpg?stp=cp0_dst-jpg_s32x32&_nc_cat=104&ccb=1-7&_nc_sid=50d2ac&_nc_ohc=M574j_z4JmsQ7kNvgE_9NRr&_nc_ht=scontent-cpt1-1.xx&_nc_gid=AfGFK2HMmy5kBOluaiyZwbS&oh=00_AYAbXgEWa5ofOx7G0w0AUzfir75STNgfq_9HyC3ejO6s8Q&oe=66E81F84","https://www.facebook.com/renzi.prayuda",,"Mantap tomatnya embk",,
,,,,,"https://www.facebook.com/100013364191442/posts/1999681473820640?comment_id=1224508775533014","1","2024-09-06T08:10:50.000Z",,,"1999681473820640","https://www.facebook.com/100013364191442/posts/1999681473820640","ZmVlZGJhY2s6MTk5OTY4MTQ3MzgyMDY0MF8xMjI0NTA4Nzc1NTMzMDE0","Y29tbWVudDoxOTk5NjgxNDczODIwNjQwXzEyMjQ1MDg3NzU1MzMwMTQ=","https://www.facebook.com/100013364191442/posts/1999681473820640","0",,,,"Tinatoon F1✅","pfbid0S9Gdg6jW7MNVMcjgQWJKwB1QvPgcBXeYwF4qCnwt74nfFfuexMos32N9whUtDXkYl","Opeq Bintang Asia","https://scontent.fgyn7-1.fna.fbcdn.net/v/t39.30808-1/440808755_122106493232287865_6230265854575499414_n.jpg?stp=cp0_dst-jpg_s32x32&_nc_cat=108&ccb=1-7&_nc_sid=0ecb9b&_nc_ohc=ULmtTw8K-M4Q7kNvgENQeU3&_nc_ht=scontent.fgyn7-1.fna&_nc_gid=AhBWoHMFq4PGYg0UuYIZJwW&oh=00_AYAHaaF_tqUqrklYsx0XZHGs_PypAx_rMVm2mQ3zzJW84w&oe=66E82C6E","https://www.facebook.com/people/Opeq-Bintang-Asia/pfbid0S9Gdg6jW7MNVMcjgQWJKwB1QvPgcBXeYwF4qCnwt74nfFfuexMos32N9whUtDXkYl/",,"Tahan virus
Buah muda hijau dengan pundak hijau gelap
Buah besar dan lebat
Produksi tinggi
Tahan kirim jauh
Cocok di dataran rendah-tinggi",,
,,,,,"https://www.facebook.com/100013364191442/posts/2000318490423605?comment_id=832286729026037","1","2024-09-06T07:28:53.000Z",,,"2000318490423605","https://www.facebook.com/100013364191442/posts/2000318490423605","ZmVlZGJhY2s6MjAwMDMxODQ5MDQyMzYwNV84MzIyODY3MjkwMjYwMzc=","Y29tbWVudDoyMDAwMzE4NDkwNDIzNjA1XzgzMjI4NjcyOTAyNjAzNw==","https://www.facebook.com/100013364191442/posts/2000318490423605","0","194051327133277","false",,"Jumat Berkah Kios kArya Tani
Promo Pembelian 1 bks produk Bca Gratis Tembakau
#Benih Citra Asia
#Topan F1
#HargaBenuhTerjangkauHasilMemukau","pfbid02djtpu7FGWAkJeAJB9sbjEHYs8JGouyaUchfrPfLRxRYm6je17hxV9veDX5ducycLl","Rahmat Janur","https://scontent.fbhx4-1.fna.fbcdn.net/v/t39.30808-1/407779619_122094652238149733_2880426025136261169_n.jpg?stp=c22.0.452.452a_cp0_dst-jpg_s32x32&_nc_cat=105&ccb=1-7&_nc_sid=0ecb9b&_nc_ohc=ccP4WmjgqcAQ7kNvgFHeMho&_nc_ht=scontent.fbhx4-1.fna&oh=00_AYAI9huhtjw9H9qCpgFWKVHobdrXdk4XWeS-962zIk-wEA&oe=66E81121","https://www.facebook.com/people/Rahmat-Janur/pfbid02djtpu7FGWAkJeAJB9sbjEHYs8JGouyaUchfrPfLRxRYm6je17hxV9veDX5ducycLl/",,"Produk Bintang asia memang terbaik, andalan petani indonesia",,
,,,,,"https://www.facebook.com/100013364191442/posts/2000318490423605?comment_id=1661568297973699","1","2024-09-06T03:24:07.000Z",,,"2000318490423605","https://www.facebook.com/100013364191442/posts/2000318490423605","ZmVlZGJhY2s6MjAwMDMxODQ5MDQyMzYwNV8xNjYxNTY4Mjk3OTczNjk5","Y29tbWVudDoyMDAwMzE4NDkwNDIzNjA1XzE2NjE1NjgyOTc5NzM2OTk=","https://www.facebook.com/100013364191442/posts/2000318490423605","0","194051327133277","false",,"Jumat Berkah Kios kArya Tani
Promo Pembelian 1 bks produk Bca Gratis Tembakau
#Benih Citra Asia
#Topan F1
#HargaBenuhTerjangkauHasilMemukau","100004370253176","Muhamad Cali Faiz Ahmad","https://scontent.fbhx4-2.fna.fbcdn.net/v/t39.30808-1/456120459_2788136318008683_7418166726346064265_n.jpg?stp=cp0_dst-jpg_s32x32&_nc_cat=108&ccb=1-7&_nc_sid=50d2ac&_nc_ohc=EMIU55VJAHkQ7kNvgGTXJeX&_nc_ht=scontent.fbhx4-2.fna&oh=00_AYA9_dAYmN22pPwNRt7NDUxb7_pJRyzGGz1uj1KAM2itiQ&oe=66E827AD","https://www.facebook.com/muhamad.cali.98",,"Mantap leeee brpa harga benihnya",,
,,,,,"https://www.facebook.com/100013364191442/posts/2000318490423605?comment_id=1267558964680698","1","2024-09-06T08:12:54.000Z",,,"2000318490423605","https://www.facebook.com/100013364191442/posts/2000318490423605","ZmVlZGJhY2s6MjAwMDMxODQ5MDQyMzYwNV8xMjY3NTU4OTY0NjgwNjk4","Y29tbWVudDoyMDAwMzE4NDkwNDIzNjA1XzEyNjc1NTg5NjQ2ODA2OTg=","https://www.facebook.com/100013364191442/posts/2000318490423605","0","194051327133277","false",,"Jumat Berkah Kios kArya Tani
Promo Pembelian 1 bks produk Bca Gratis Tembakau
#Benih Citra Asia
#Topan F1
#HargaBenuhTerjangkauHasilMemukau","100004825651478","NiZar Bintang Asia","https://scontent.fbhx4-1.fna.fbcdn.net/v/t39.30808-1/438276089_2611594555678041_6997404202785061953_n.jpg?stp=cp0_dst-jpg_p32x32&_nc_cat=111&ccb=1-7&_nc_sid=50d2ac&_nc_ohc=htclMtTmRgIQ7kNvgEcwbT_&_nc_ht=scontent.fbhx4-1.fna&oh=00_AYCdr3SlspXK6F9NlB6tRLCTHJOOWqu5tBCm8GtiyjNxxg&oe=66E819AE","https://www.facebook.com/nizar.setia.3",,"Membara",,
,,,,,"https://www.facebook.com/100013364191442/posts/2000318490423605?comment_id=1221013085705248","1","2024-09-06T10:06:42.000Z",,,"2000318490423605","https://www.facebook.com/100013364191442/posts/2000318490423605","ZmVlZGJhY2s6MjAwMDMxODQ5MDQyMzYwNV8xMjIxMDEzMDg1NzA1MjQ4","Y29tbWVudDoyMDAwMzE4NDkwNDIzNjA1XzEyMjEwMTMwODU3MDUyNDg=","https://www.facebook.com/100013364191442/posts/2000318490423605","0","194051327133277","false",,"Jumat Berkah Kios kArya Tani
Promo Pembelian 1 bks produk Bca Gratis Tembakau
#Benih Citra Asia
#Topan F1
#HargaBenuhTerjangkauHasilMemukau","100014287419676","Muh Sakir Sakir","https://scontent.fbhx4-2.fna.fbcdn.net/v/t1.6435-1/95830941_837151843437722_2085077949282779136_n.jpg?stp=cp0_dst-jpg_s32x32&_nc_cat=100&ccb=1-7&_nc_sid=db5862&_nc_ohc=aWjnXkn64UoQ7kNvgFZ5gDy&_nc_ht=scontent.fbhx4-2.fna&oh=00_AYCpGOoBR0Wo7G1ziaJxo3DKaWV5i3_XCzyRtinnM6zbIA&oe=6709BF19","https://www.facebook.com/muhsakir.sakir.71",,"Tks",,
,,,,,"https://www.facebook.com/100013364191442/posts/2000527847069336?comment_id=871279894530789",,"2024-09-08T01:51:49.000Z",,,"2000527847069336","https://www.facebook.com/100013364191442/posts/2000527847069336","ZmVlZGJhY2s6MjAwMDUyNzg0NzA2OTMzNl84NzEyNzk4OTQ1MzA3ODk=","Y29tbWVudDoyMDAwNTI3ODQ3MDY5MzM2Xzg3MTI3OTg5NDUzMDc4OQ==","https://www.facebook.com/100013364191442/posts/2000527847069336","1","194051327133277","false",,"Bersama Petani Takalar💚💚","100013364191442","Nrll Bintang Asia","https://scontent.ftol2-1.fna.fbcdn.net/v/t39.30808-1/458447769_1998595423929245_3345542859681615678_n.jpg?stp=c0.153.922.922a_cp0_dst-jpg_s32x32&_nc_cat=107&ccb=1-7&_nc_sid=50d2ac&_nc_ohc=_Hl7vUsogewQ7kNvgG_pLyG&_nc_ht=scontent.ftol2-1.fna&oh=00_AYBuPNk3-pE3IKk4BG2SxlOTmAlMk2c1tk2ftoxsJ2KqDw&oe=66E83A05","https://www.facebook.com/nurul.hardianti.9237","Y29tbWVudDoyMDAwNTI3ODQ3MDY5MzM2XzEyMjgyNDgxNTE2NDI0ODU=","Izwan Ismael iya pak ini tahun 2022","1",
,,,,,"https://www.facebook.com/100013364191442/posts/1999883987133722?comment_id=1306805514061372",,"2024-09-05T16:46:53.000Z",,,"1999883987133722","https://www.facebook.com/100013364191442/posts/1999883987133722","ZmVlZGJhY2s6MTk5OTg4Mzk4NzEzMzcyMl8xMzA2ODA1NTE0MDYxMzcy","Y29tbWVudDoxOTk5ODgzOTg3MTMzNzIyXzEzMDY4MDU1MTQwNjEzNzI=","https://www.facebook.com/100013364191442/posts/1999883987133722","0","194051327133277","false",,"Topan F1 X Natavi F1🍅🍅🍅","100013364191442","Nrll Bintang Asia","https://scontent-lga3-2.xx.fbcdn.net/v/t39.30808-1/458447769_1998595423929245_3345542859681615678_n.jpg?stp=c0.153.922.922a_cp0_dst-jpg_s32x32&_nc_cat=107&ccb=1-7&_nc_sid=50d2ac&_nc_ohc=_Hl7vUsogewQ7kNvgHnJpl-&_nc_ht=scontent-lga3-2.xx&oh=00_AYCZL5OaAeRqks3KdchHqB7eouTzgVKrtQxAYA5u-glcTw&oe=66E83A05","https://www.facebook.com/nurul.hardianti.9237","Y29tbWVudDoxOTk5ODgzOTg3MTMzNzIyXzQ1OTIwODUzNzExOTA2NA==","Fediran Ferdyn Al-Rasyid memang betulll kak...","1",
,,,,,"https://www.facebook.com/100013364191442/posts/2002285630226891?comment_id=784581670308010",,"2024-09-08T22:37:05.000Z",,,"2002285630226891","https://www.facebook.com/100013364191442/posts/2002285630226891","ZmVlZGJhY2s6MjAwMjI4NTYzMDIyNjg5MV83ODQ1ODE2NzAzMDgwMTA=","Y29tbWVudDoyMDAyMjg1NjMwMjI2ODkxXzc4NDU4MTY3MDMwODAxMA==","https://www.facebook.com/100013364191442/posts/2002285630226891","0",,,,"Sall.. Dunia saja banyak sungai apalagi di surga🩷","100013364191442","Nrll Bintang Asia","https://scontent-lga3-2.xx.fbcdn.net/v/t39.30808-1/458447769_1998595423929245_3345542859681615678_n.jpg?stp=c0.153.922.922a_cp0_dst-jpg_s32x32&_nc_cat=107&ccb=1-7&_nc_sid=50d2ac&_nc_ohc=_Hl7vUsogewQ7kNvgHRNWF8&_nc_ht=scontent-lga3-2.xx&oh=00_AYBBPrZTKRxSIeDXeRdrugn2_nQ_gofHxY7KUct9CcuAgA&oe=66E83A05","https://www.facebook.com/nurul.hardianti.9237","Y29tbWVudDoyMDAyMjg1NjMwMjI2ODkxXzEyMTc2OTY1NTkyNTQ1OTU=","Abdul Rasyid Desa erelembang bosq","2",
,,,,,"https://www.facebook.com/100013364191442/posts/2002285630226891?comment_id=532355696037280",,"2024-09-08T14:40:08.000Z",,,"2002285630226891","https://www.facebook.com/100013364191442/posts/2002285630226891","ZmVlZGJhY2s6MjAwMjI4NTYzMDIyNjg5MV81MzIzNTU2OTYwMzcyODA=","Y29tbWVudDoyMDAyMjg1NjMwMjI2ODkxXzUzMjM1NTY5NjAzNzI4MA==","https://www.facebook.com/100013364191442/posts/2002285630226891","0",,,,"Sall.. Dunia saja banyak sungai apalagi di surga🩷","pfbid0xKgyGTdE1u4xZdtRoKVvCxjzZE1k9iJaQjZhRqCZWxBBPYueTNASAuE7ZphHqGRHl","Abdul Rasyid","https://scontent-lga3-2.xx.fbcdn.net/v/t39.30808-1/459254534_1051196969797012_7003655050357911455_n.jpg?stp=cp0_dst-jpg_s32x32&_nc_cat=104&ccb=1-7&_nc_sid=0ecb9b&_nc_ohc=rLmBrsTc_xAQ7kNvgHNYYj_&_nc_ht=scontent-lga3-2.xx&oh=00_AYBWmp7FQliA832-ITFAFHG2AW1weACeBfBGu_zdAAQ6Dg&oe=66E8205A","https://www.facebook.com/muhsyahbian.syahbian","Y29tbWVudDoyMDAyMjg1NjMwMjI2ODkxXzEyMTc2OTY1NTkyNTQ1OTU=","Nrll Bintang Asia bagian mana longsor di sana","2",
,,,,,"https://www.facebook.com/100013364191442/posts/2002285630226891?comment_id=1730297221112403",,"2024-09-08T14:39:12.000Z",,,"2002285630226891","https://www.facebook.com/100013364191442/posts/2002285630226891","ZmVlZGJhY2s6MjAwMjI4NTYzMDIyNjg5MV8xNzMwMjk3MjIxMTEyNDAz","Y29tbWVudDoyMDAyMjg1NjMwMjI2ODkxXzE3MzAyOTcyMjExMTI0MDM=","https://www.facebook.com/100013364191442/posts/2002285630226891","0",,,,"Sall.. Dunia saja banyak sungai apalagi di surga🩷","100013364191442","Nrll Bintang Asia","https://scontent-lga3-2.xx.fbcdn.net/v/t39.30808-1/458447769_1998595423929245_3345542859681615678_n.jpg?stp=c0.153.922.922a_cp0_dst-jpg_s32x32&_nc_cat=107&ccb=1-7&_nc_sid=50d2ac&_nc_ohc=_Hl7vUsogewQ7kNvgHRNWF8&_nc_ht=scontent-lga3-2.xx&oh=00_AYBBPrZTKRxSIeDXeRdrugn2_nQ_gofHxY7KUct9CcuAgA&oe=66E83A05","https://www.facebook.com/nurul.hardianti.9237","Y29tbWVudDoyMDAyMjg1NjMwMjI2ODkxXzEyMTc2OTY1NTkyNTQ1OTU=","Abdul Rasyid Oohahaha biasa bos","2",
,,,,,"https://www.facebook.com/100013364191442/posts/2002285630226891?comment_id=1552976991922142",,"2024-09-08T14:34:06.000Z",,,"2002285630226891","https://www.facebook.com/100013364191442/posts/2002285630226891","ZmVlZGJhY2s6MjAwMjI4NTYzMDIyNjg5MV8xNTUyOTc2OTkxOTIyMTQy","Y29tbWVudDoyMDAyMjg1NjMwMjI2ODkxXzE1NTI5NzY5OTE5MjIxNDI=","https://www.facebook.com/100013364191442/posts/2002285630226891","0",,,,"Sall.. Dunia saja banyak sungai apalagi di surga🩷","pfbid0xKgyGTdE1u4xZdtRoKVvCxjzZE1k9iJaQjZhRqCZWxBBPYueTNASAuE7ZphHqGRHl","Abdul Rasyid","https://scontent-lga3-2.xx.fbcdn.net/v/t39.30808-1/459254534_1051196969797012_7003655050357911455_n.jpg?stp=cp0_dst-jpg_s32x32&_nc_cat=104&ccb=1-7&_nc_sid=0ecb9b&_nc_ohc=rLmBrsTc_xAQ7kNvgHNYYj_&_nc_ht=scontent-lga3-2.xx&oh=00_AYBWmp7FQliA832-ITFAFHG2AW1weACeBfBGu_zdAAQ6Dg&oe=66E8205A","https://www.facebook.com/muhsyahbian.syahbian","Y29tbWVudDoyMDAyMjg1NjMwMjI2ODkxXzEyMTc2OTY1NTkyNTQ1OTU=","Nrll Bintang Asia terlalu menghayal kubilang","2",
,,,,,"https://www.facebook.com/100013364191442/posts/2002285630226891?comment_id=548614174267671","4","2024-09-08T14:31:48.000Z",,,"2002285630226891","https://www.facebook.com/100013364191442/posts/2002285630226891","ZmVlZGJhY2s6MjAwMjI4NTYzMDIyNjg5MV81NDg2MTQxNzQyNjc2NzE=","Y29tbWVudDoyMDAyMjg1NjMwMjI2ODkxXzU0ODYxNDE3NDI2NzY3MQ==","https://www.facebook.com/100013364191442/posts/2002285630226891","0",,,,"Sall.. Dunia saja banyak sungai apalagi di surga🩷","100013364191442","Nrll Bintang Asia","https://scontent-lga3-2.xx.fbcdn.net/v/t39.30808-1/458447769_1998595423929245_3345542859681615678_n.jpg?stp=c0.153.922.922a_cp0_dst-jpg_s32x32&_nc_cat=107&ccb=1-7&_nc_sid=50d2ac&_nc_ohc=_Hl7vUsogewQ7kNvgHRNWF8&_nc_ht=scontent-lga3-2.xx&oh=00_AYBBPrZTKRxSIeDXeRdrugn2_nQ_gofHxY7KUct9CcuAgA&oe=66E83A05","https://www.facebook.com/nurul.hardianti.9237","Y29tbWVudDoyMDAyMjg1NjMwMjI2ODkxXzEyMTc2OTY1NTkyNTQ1OTU=","Abdul Rasyid apa nikana","1",
"sticker","fallback",,,,"https://www.facebook.com/100013364191442/posts/2001821320273322?comment_id=547016627753032",,"2024-09-08T13:55:58.000Z",,,"2001821320273322","https://www.facebook.com/100013364191442/posts/2001821320273322","ZmVlZGJhY2s6MjAwMTgyMTMyMDI3MzMyMl81NDcwMTY2Mjc3NTMwMzI=","Y29tbWVudDoyMDAxODIxMzIwMjczMzIyXzU0NzAxNjYyNzc1MzAzMg==","https://www.facebook.com/100013364191442/posts/2001821320273322","0","194051327133277","false",,"Peforma Tomat Natama Super F1 Produksi PT.Benih Citra Asia Di Dataran Tinggi Kab. Gowa","100004370253176","Muhamad Cali Faiz Ahmad","https://scontent-mia3-1.xx.fbcdn.net/v/t39.30808-1/456120459_2788136318008683_7418166726346064265_n.jpg?stp=cp0_dst-jpg_s32x32&_nc_cat=108&ccb=1-7&_nc_sid=50d2ac&_nc_ohc=EMIU55VJAHkQ7kNvgGPNWl2&_nc_ht=scontent-mia3-1.xx&_nc_gid=AuUYajQ6ph6hul5l0Rd5GF3&oh=00_AYDalKQlyEgM-6ENlCCeKDafQh9Fd4m-og_K_sQBJwL16w&oe=66E827AD","https://www.facebook.com/muhamad.cali.98",,,,
,,,,,"https://www.facebook.com/100013364191442/posts/2004450070010447?comment_id=872702714371132",,"2024-09-11T23:53:31.000Z",,,"2004450070010447","https://www.facebook.com/100013364191442/posts/2004450070010447","ZmVlZGJhY2s6MjAwNDQ1MDA3MDAxMDQ0N184NzI3MDI3MTQzNzExMzI=","Y29tbWVudDoyMDA0NDUwMDcwMDEwNDQ3Xzg3MjcwMjcxNDM3MTEzMg==","https://www.facebook.com/100013364191442/posts/2004450070010447","0","194051327133277",,,"Mengenal Tomat Varietas Citra Asia F1 Produksi PT Benih Citra Asia☺. Tulus · Interaksi","100013364191442","Nrll Bintang Asia","https://scontent.fagc1-2.fna.fbcdn.net/v/t39.30808-1/458447769_1998595423929245_3345542859681615678_n.jpg?stp=c0.153.922.922a_cp0_dst-jpg_s32x32&_nc_cat=107&ccb=1-7&_nc_sid=50d2ac&_nc_ohc=_Hl7vUsogewQ7kNvgGUph9X&_nc_ht=scontent.fagc1-2.fna&_nc_gid=AvMkmySPhSDw3oCQdZTYG2W&oh=00_AYAFg5gVTMWxC8mTEjifnP3AWL4B0ho95-rd1HT1hEqSTg&oe=66E83A05","https://www.facebook.com/nurul.hardianti.9237","Y29tbWVudDoyMDA0NDUwMDcwMDEwNDQ3XzIyNjA4MzcxMDQyODI5MDU=","Abu Zain Hehehe Aamiin yaa robbal alamiin.. smg ada rejeki jalan2 kesana pak🤭 Cari waktu libur dulu heheh","2",
,,,,,"https://www.facebook.com/100013364191442/posts/2004450070010447?comment_id=1547273682854896",,"2024-09-11T13:46:07.000Z",,,"2004450070010447","https://www.facebook.com/100013364191442/posts/2004450070010447","ZmVlZGJhY2s6MjAwNDQ1MDA3MDAxMDQ0N18xNTQ3MjczNjgyODU0ODk2","Y29tbWVudDoyMDA0NDUwMDcwMDEwNDQ3XzE1NDcyNzM2ODI4NTQ4OTY=","https://www.facebook.com/100013364191442/posts/2004450070010447","0","194051327133277",,,"Mengenal Tomat Varietas Citra Asia F1 Produksi PT Benih Citra Asia☺. Tulus · Interaksi","pfbid0MMf8avCQCDWM1sGMBrkm5CwUntabTZ6b1kPSV5dKGF6eW8HXFEwf8MGcvZ6rcgyjl","Abu Zain","https://scontent.fagc1-2.fna.fbcdn.net/v/t39.30808-1/435494191_457190010311874_2986738048923136276_n.jpg?stp=c0.0.600.600a_cp0_dst-jpg_s32x32&_nc_cat=108&ccb=1-7&_nc_sid=0ecb9b&_nc_ohc=eh5WlM8RKW8Q7kNvgHJO1Ab&_nc_ht=scontent.fagc1-2.fna&_nc_gid=AvMkmySPhSDw3oCQdZTYG2W&oh=00_AYDszyB-TraT9y9O5JoPYx5kVd-UW6Wqgk334l_NO5A4JA&oe=66E83E2B","https://www.facebook.com/people/Abu-Zain/pfbid0MMf8avCQCDWM1sGMBrkm5CwUntabTZ6b1kPSV5dKGF6eW8HXFEwf8MGcvZ6rcgyjl/","Y29tbWVudDoyMDA0NDUwMDcwMDEwNDQ3XzIyNjA4MzcxMDQyODI5MDU=","Nrll Bintang Asia iye' in syaa Allah 👍👍 saya masih pertahankan merek Panah merah dan bintang Asia selalu di depan👍 semoga nanti petugas nya bintang Asia ada kelahan langsung dokumentasi,, nanti pak bos siaap meluncur jika sudah menjelang panen.. doa' kan saja semoga Melon dan semangka disini bisa finish Bu,Tomat pun demikian.","2",
,,,,,"https://www.facebook.com/100013364191442/posts/2004450070010447?comment_id=951156516777518",,"2024-09-11T13:41:06.000Z",,,"2004450070010447","https://www.facebook.com/100013364191442/posts/2004450070010447","ZmVlZGJhY2s6MjAwNDQ1MDA3MDAxMDQ0N185NTExNTY1MTY3Nzc1MTg=","Y29tbWVudDoyMDA0NDUwMDcwMDEwNDQ3Xzk1MTE1NjUxNjc3NzUxOA==","https://www.facebook.com/100013364191442/posts/2004450070010447","0","194051327133277",,,"Mengenal Tomat Varietas Citra Asia F1 Produksi PT Benih Citra Asia☺. Tulus · Interaksi","100013364191442","Nrll Bintang Asia","https://scontent.fagc1-2.fna.fbcdn.net/v/t39.30808-1/458447769_1998595423929245_3345542859681615678_n.jpg?stp=c0.153.922.922a_cp0_dst-jpg_s32x32&_nc_cat=107&ccb=1-7&_nc_sid=50d2ac&_nc_ohc=_Hl7vUsogewQ7kNvgGUph9X&_nc_ht=scontent.fagc1-2.fna&_nc_gid=AvMkmySPhSDw3oCQdZTYG2W&oh=00_AYAFg5gVTMWxC8mTEjifnP3AWL4B0ho95-rd1HT1hEqSTg&oe=66E83A05","https://www.facebook.com/nurul.hardianti.9237","Y29tbWVudDoyMDA0NDUwMDcwMDEwNDQ3XzIyNjA4MzcxMDQyODI5MDU=","Abu Zain Alhamdulillah keren pak.🔥 Kasi menyala dengan Bintang Asia heheh","2",
,,,,,"https://www.facebook.com/100013364191442/posts/2004450070010447?comment_id=1542215163352106",,"2024-09-11T13:29:50.000Z",,,"2004450070010447","https://www.facebook.com/100013364191442/posts/2004450070010447","ZmVlZGJhY2s6MjAwNDQ1MDA3MDAxMDQ0N18xNTQyMjE1MTYzMzUyMTA2","Y29tbWVudDoyMDA0NDUwMDcwMDEwNDQ3XzE1NDIyMTUxNjMzNTIxMDY=","https://www.facebook.com/100013364191442/posts/2004450070010447","0","194051327133277",,,"Mengenal Tomat Varietas Citra Asia F1 Produksi PT Benih Citra Asia☺. Tulus · Interaksi","pfbid0MMf8avCQCDWM1sGMBrkm5CwUntabTZ6b1kPSV5dKGF6eW8HXFEwf8MGcvZ6rcgyjl","Abu Zain","https://scontent.fagc1-2.fna.fbcdn.net/v/t39.30808-1/435494191_457190010311874_2986738048923136276_n.jpg?stp=c0.0.600.600a_cp0_dst-jpg_s32x32&_nc_cat=108&ccb=1-7&_nc_sid=0ecb9b&_nc_ohc=eh5WlM8RKW8Q7kNvgHJO1Ab&_nc_ht=scontent.fagc1-2.fna&_nc_gid=AvMkmySPhSDw3oCQdZTYG2W&oh=00_AYDszyB-TraT9y9O5JoPYx5kVd-UW6Wqgk334l_NO5A4JA&oe=66E83E2B","https://www.facebook.com/people/Abu-Zain/pfbid0MMf8avCQCDWM1sGMBrkm5CwUntabTZ6b1kPSV5dKGF6eW8HXFEwf8MGcvZ6rcgyjl/","Y29tbWVudDoyMDA0NDUwMDcwMDEwNDQ3XzIyNjA4MzcxMDQyODI5MDU=","Nrll Bintang Asia siip👍 sementara ini saya lagi siapkan lahan tanam melon jumbo.rencana tgl 25 semai bibit bulan ini","2",
,,,,,"https://www.facebook.com/100013364191442/posts/2004450070010447?comment_id=506065792020613",,"2024-09-11T13:24:40.000Z",,,"2004450070010447","https://www.facebook.com/100013364191442/posts/2004450070010447","ZmVlZGJhY2s6MjAwNDQ1MDA3MDAxMDQ0N181MDYwNjU3OTIwMjA2MTM=","Y29tbWVudDoyMDA0NDUwMDcwMDEwNDQ3XzUwNjA2NTc5MjAyMDYxMw==","https://www.facebook.com/100013364191442/posts/2004450070010447","0","194051327133277",,,"Mengenal Tomat Varietas Citra Asia F1 Produksi PT Benih Citra Asia☺. Tulus · Interaksi","100013364191442","Nrll Bintang Asia","https://scontent.fagc1-2.fna.fbcdn.net/v/t39.30808-1/458447769_1998595423929245_3345542859681615678_n.jpg?stp=c0.153.922.922a_cp0_dst-jpg_s32x32&_nc_cat=107&ccb=1-7&_nc_sid=50d2ac&_nc_ohc=_Hl7vUsogewQ7kNvgGUph9X&_nc_ht=scontent.fagc1-2.fna&_nc_gid=AvMkmySPhSDw3oCQdZTYG2W&oh=00_AYAFg5gVTMWxC8mTEjifnP3AWL4B0ho95-rd1HT1hEqSTg&oe=66E83A05","https://www.facebook.com/nurul.hardianti.9237","Y29tbWVudDoyMDA0NDUwMDcwMDEwNDQ3XzIyNjA4MzcxMDQyODI5MDU=","Abu Zain Iye pak.. Insyaa Allah pak...","2",
,,,,,"https://www.facebook.com/100013364191442/posts/2004450070010447?comment_id=3815937588648004",,"2024-09-11T13:23:33.000Z",,,"2004450070010447","https://www.facebook.com/100013364191442/posts/2004450070010447","ZmVlZGJhY2s6MjAwNDQ1MDA3MDAxMDQ0N18zODE1OTM3NTg4NjQ4MDA0","Y29tbWVudDoyMDA0NDUwMDcwMDEwNDQ3XzM4MTU5Mzc1ODg2NDgwMDQ=","https://www.facebook.com/100013364191442/posts/2004450070010447","0","194051327133277",,,"Mengenal Tomat Varietas Citra Asia F1 Produksi PT Benih Citra Asia☺. Tulus · Interaksi","pfbid0MMf8avCQCDWM1sGMBrkm5CwUntabTZ6b1kPSV5dKGF6eW8HXFEwf8MGcvZ6rcgyjl","Abu Zain","https://scontent.fagc1-2.fna.fbcdn.net/v/t39.30808-1/435494191_457190010311874_2986738048923136276_n.jpg?stp=c0.0.600.600a_cp0_dst-jpg_s32x32&_nc_cat=108&ccb=1-7&_nc_sid=0ecb9b&_nc_ohc=eh5WlM8RKW8Q7kNvgHJO1Ab&_nc_ht=scontent.fagc1-2.fna&_nc_gid=AvMkmySPhSDw3oCQdZTYG2W&oh=00_AYDszyB-TraT9y9O5JoPYx5kVd-UW6Wqgk334l_NO5A4JA&oe=66E83E2B","https://www.facebook.com/people/Abu-Zain/pfbid0MMf8avCQCDWM1sGMBrkm5CwUntabTZ6b1kPSV5dKGF6eW8HXFEwf8MGcvZ6rcgyjl/","Y29tbWVudDoyMDA0NDUwMDcwMDEwNDQ3XzIyNjA4MzcxMDQyODI5MDU=","Nrll Bintang Asia iye' baru di uji coba ini disini,saya pesan lalu dr bos ta..","2",
,,,,,"https://www.facebook.com/100013364191442/posts/2004450070010447?comment_id=881574633856376",,"2024-09-11T13:17:21.000Z",,,"2004450070010447","https://www.facebook.com/100013364191442/posts/2004450070010447","ZmVlZGJhY2s6MjAwNDQ1MDA3MDAxMDQ0N184ODE1NzQ2MzM4NTYzNzY=","Y29tbWVudDoyMDA0NDUwMDcwMDEwNDQ3Xzg4MTU3NDYzMzg1NjM3Ng==","https://www.facebook.com/100013364191442/posts/2004450070010447","0","194051327133277",,,"Mengenal Tomat Varietas Citra Asia F1 Produksi PT Benih Citra Asia☺. Tulus · Interaksi","100013364191442","Nrll Bintang Asia","https://scontent.fagc1-2.fna.fbcdn.net/v/t39.30808-1/458447769_1998595423929245_3345542859681615678_n.jpg?stp=c0.153.922.922a_cp0_dst-jpg_s32x32&_nc_cat=107&ccb=1-7&_nc_sid=50d2ac&_nc_ohc=_Hl7vUsogewQ7kNvgGUph9X&_nc_ht=scontent.fagc1-2.fna&_nc_gid=AvMkmySPhSDw3oCQdZTYG2W&oh=00_AYAFg5gVTMWxC8mTEjifnP3AWL4B0ho95-rd1HT1hEqSTg&oe=66E83A05","https://www.facebook.com/nurul.hardianti.9237","Y29tbWVudDoyMDA0NDUwMDcwMDEwNDQ3XzIyNjA4MzcxMDQyODI5MDU=","Abu Zain Alhamdulillah Terimakasih banyak pak","2",
,,,,,"https://www.facebook.com/100013364191442/posts/2004450070010447?comment_id=8009249702456721",,"2024-09-11T13:14:54.000Z",,,"2004450070010447","https://www.facebook.com/100013364191442/posts/2004450070010447","ZmVlZGJhY2s6MjAwNDQ1MDA3MDAxMDQ0N184MDA5MjQ5NzAyNDU2NzIx","Y29tbWVudDoyMDA0NDUwMDcwMDEwNDQ3XzgwMDkyNDk3MDI0NTY3MjE=","https://www.facebook.com/100013364191442/posts/2004450070010447","0","194051327133277",,,"Mengenal Tomat Varietas Citra Asia F1 Produksi PT Benih Citra Asia☺. Tulus · Interaksi","pfbid0MMf8avCQCDWM1sGMBrkm5CwUntabTZ6b1kPSV5dKGF6eW8HXFEwf8MGcvZ6rcgyjl","Abu Zain","https://scontent.fagc1-2.fna.fbcdn.net/v/t39.30808-1/435494191_457190010311874_2986738048923136276_n.jpg?stp=c0.0.600.600a_cp0_dst-jpg_s32x32&_nc_cat=108&ccb=1-7&_nc_sid=0ecb9b&_nc_ohc=eh5WlM8RKW8Q7kNvgHJO1Ab&_nc_ht=scontent.fagc1-2.fna&_nc_gid=AvMkmySPhSDw3oCQdZTYG2W&oh=00_AYDszyB-TraT9y9O5JoPYx5kVd-UW6Wqgk334l_NO5A4JA&oe=66E83E2B","https://www.facebook.com/people/Abu-Zain/pfbid0MMf8avCQCDWM1sGMBrkm5CwUntabTZ6b1kPSV5dKGF6eW8HXFEwf8MGcvZ6rcgyjl/","Y29tbWVudDoyMDA0NDUwMDcwMDEwNDQ3XzIyNjA4MzcxMDQyODI5MDU=","Nrll Bintang Asia siaap ada mi ini di dekat kebun siap pindah tanam, nanti jika berbuah saya fotokan ki","2",
,,,,,"https://www.facebook.com/100013364191442/posts/2004450070010447?comment_id=832405068961100","8","2024-09-11T13:10:11.000Z",,,"2004450070010447","https://www.facebook.com/100013364191442/posts/2004450070010447","ZmVlZGJhY2s6MjAwNDQ1MDA3MDAxMDQ0N184MzI0MDUwNjg5NjExMDA=","Y29tbWVudDoyMDA0NDUwMDcwMDEwNDQ3XzgzMjQwNTA2ODk2MTEwMA==","https://www.facebook.com/100013364191442/posts/2004450070010447","0","194051327133277",,,"Mengenal Tomat Varietas Citra Asia F1 Produksi PT Benih Citra Asia☺. Tulus · Interaksi","100013364191442","Nrll Bintang Asia","https://scontent.fagc1-2.fna.fbcdn.net/v/t39.30808-1/458447769_1998595423929245_3345542859681615678_n.jpg?stp=c0.153.922.922a_cp0_dst-jpg_s32x32&_nc_cat=107&ccb=1-7&_nc_sid=50d2ac&_nc_ohc=_Hl7vUsogewQ7kNvgGUph9X&_nc_ht=scontent.fagc1-2.fna&_nc_gid=AvMkmySPhSDw3oCQdZTYG2W&oh=00_AYAFg5gVTMWxC8mTEjifnP3AWL4B0ho95-rd1HT1hEqSTg&oe=66E83A05","https://www.facebook.com/nurul.hardianti.9237","Y29tbWVudDoyMDA0NDUwMDcwMDEwNDQ3XzIyNjA4MzcxMDQyODI5MDU=","Abu Zain boleh nih pak penanaman Luwu🙏🤭","1",
,,,,,"https://www.facebook.com/100013364191442/posts/2000318490423605?comment_id=1219840742537544",,"2024-09-06T07:31:29.000Z",,,"2000318490423605","https://www.facebook.com/100013364191442/posts/2000318490423605","ZmVlZGJhY2s6MjAwMDMxODQ5MDQyMzYwNV8xMjE5ODQwNzQyNTM3NTQ0","Y29tbWVudDoyMDAwMzE4NDkwNDIzNjA1XzEyMTk4NDA3NDI1Mzc1NDQ=","https://www.facebook.com/100013364191442/posts/2000318490423605","0","194051327133277","false",,"Jumat Berkah Kios kArya Tani
Promo Pembelian 1 bks produk Bca Gratis Tembakau
#Benih Citra Asia
#Topan F1
#HargaBenuhTerjangkauHasilMemukau","100013364191442","Nrll Bintang Asia","https://scontent-den2-1.xx.fbcdn.net/v/t39.30808-1/458447769_1998595423929245_3345542859681615678_n.jpg?stp=c0.153.922.922a_cp0_dst-jpg_s32x32&_nc_cat=107&ccb=1-7&_nc_sid=50d2ac&_nc_ohc=_Hl7vUsogewQ7kNvgGJYqOp&_nc_ht=scontent-den2-1.xx&oh=00_AYA3661O70VowTLwzfrBZM-CIYJgOktncr4uomg8gPzH2A&oe=66E83A05","https://www.facebook.com/nurul.hardianti.9237","Y29tbWVudDoyMDAwMzE4NDkwNDIzNjA1XzgzMjI4NjcyOTAyNjAzNw==","Rahmat Janur Masyaa Allah Luar Biasa Bintang Asia💚","1",
,,,,,"https://www.facebook.com/100013364191442/posts/2001817740273680?comment_id=532568732577899",,"2024-09-08T02:59:43.000Z",,,"2001817740273680","https://www.facebook.com/100013364191442/posts/2001817740273680","ZmVlZGJhY2s6MjAwMTgxNzc0MDI3MzY4MF81MzI1Njg3MzI1Nzc4OTk=","Y29tbWVudDoyMDAxODE3NzQwMjczNjgwXzUzMjU2ODczMjU3Nzg5OQ==","https://www.facebook.com/100013364191442/posts/2001817740273680","0","194051327133277",,,"Peforma Tomat Natama Super F1 di Dataran Tinggi Kab.Gowa🌟🌟. Nrll Bintang Asia · Original audio","100013364191442","Nrll Bintang Asia","https://scontent-jnb2-1.xx.fbcdn.net/v/t39.30808-1/458447769_1998595423929245_3345542859681615678_n.jpg?stp=c0.153.922.922a_cp0_dst-jpg_s32x32&_nc_cat=107&ccb=1-7&_nc_sid=50d2ac&_nc_ohc=_Hl7vUsogewQ7kNvgHEt_fp&_nc_ht=scontent-jnb2-1.xx&_nc_gid=A2jwReYqjg-zj224_sHdHQ0&oh=00_AYAN2PkKUNHsjT5U__60QRkZVNs8rnmShYXCfNmcTlpq4A&oe=66E83A05","https://www.facebook.com/nurul.hardianti.9237","Y29tbWVudDoyMDAxODE3NzQwMjczNjgwXzEwNTgxNzAzMTI2ODY5MTM=","Renzy Bintangasia Hahaha iyaaa","2",
,,,,,"https://www.facebook.com/100013364191442/posts/2001817740273680?comment_id=526431366543319",,"2024-09-08T01:21:35.000Z",,,"2001817740273680","https://www.facebook.com/100013364191442/posts/2001817740273680","ZmVlZGJhY2s6MjAwMTgxNzc0MDI3MzY4MF81MjY0MzEzNjY1NDMzMTk=","Y29tbWVudDoyMDAxODE3NzQwMjczNjgwXzUyNjQzMTM2NjU0MzMxOQ==","https://www.facebook.com/100013364191442/posts/2001817740273680","0","194051327133277",,,"Peforma Tomat Natama Super F1 di Dataran Tinggi Kab.Gowa🌟🌟. Nrll Bintang Asia · Original audio","100007578522755","Renzy Bintangasia","https://scontent-jnb2-1.xx.fbcdn.net/v/t39.30808-1/426012403_3605728109689771_2277782955804277447_n.jpg?stp=cp0_dst-jpg_s32x32&_nc_cat=104&ccb=1-7&_nc_sid=50d2ac&_nc_ohc=M574j_z4JmsQ7kNvgFPlqvP&_nc_ht=scontent-jnb2-1.xx&_nc_gid=A2jwReYqjg-zj224_sHdHQ0&oh=00_AYAHJVb_IvL3bVYLwAQshtRJGJ4vhxCUfW2aXhNHKvIA5w&oe=66E81F84","https://www.facebook.com/renzi.prayuda","Y29tbWVudDoyMDAxODE3NzQwMjczNjgwXzEwNTgxNzAzMTI2ODY5MTM=","Nrll Bintang Asia hahhaa gasss","2",
,,,,,"https://www.facebook.com/100013364191442/posts/2001817740273680?comment_id=2635772466622943","2","2024-09-08T01:21:10.000Z",,,"2001817740273680","https://www.facebook.com/100013364191442/posts/2001817740273680","ZmVlZGJhY2s6MjAwMTgxNzc0MDI3MzY4MF8yNjM1NzcyNDY2NjIyOTQz","Y29tbWVudDoyMDAxODE3NzQwMjczNjgwXzI2MzU3NzI0NjY2MjI5NDM=","https://www.facebook.com/100013364191442/posts/2001817740273680","0","194051327133277",,,"Peforma Tomat Natama Super F1 di Dataran Tinggi Kab.Gowa🌟🌟. Nrll Bintang Asia · Original audio","100013364191442","Nrll Bintang Asia","https://scontent-jnb2-1.xx.fbcdn.net/v/t39.30808-1/458447769_1998595423929245_3345542859681615678_n.jpg?stp=c0.153.922.922a_cp0_dst-jpg_s32x32&_nc_cat=107&ccb=1-7&_nc_sid=50d2ac&_nc_ohc=_Hl7vUsogewQ7kNvgHEt_fp&_nc_ht=scontent-jnb2-1.xx&_nc_gid=A2jwReYqjg-zj224_sHdHQ0&oh=00_AYAN2PkKUNHsjT5U__60QRkZVNs8rnmShYXCfNmcTlpq4A&oe=66E83A05","https://www.facebook.com/nurul.hardianti.9237","Y29tbWVudDoyMDAxODE3NzQwMjczNjgwXzEwNTgxNzAzMTI2ODY5MTM=","Renzy Bintangasia Betull betull betulll asal bintang asia ji hehehe","1",
,,,,,"https://www.facebook.com/100013364191442/posts/1999681473820640?comment_id=502877895834432",,"2024-09-06T08:38:01.000Z",,,"1999681473820640","https://www.facebook.com/100013364191442/posts/1999681473820640","ZmVlZGJhY2s6MTk5OTY4MTQ3MzgyMDY0MF81MDI4Nzc4OTU4MzQ0MzI=","Y29tbWVudDoxOTk5NjgxNDczODIwNjQwXzUwMjg3Nzg5NTgzNDQzMg==","https://www.facebook.com/100013364191442/posts/1999681473820640","0",,,,"Tinatoon F1✅","100013364191442","Nrll Bintang Asia","https://scontent-sea1-1.xx.fbcdn.net/v/t39.30808-1/458447769_1998595423929245_3345542859681615678_n.jpg?stp=c0.153.922.922a_cp0_dst-jpg_s32x32&_nc_cat=107&ccb=1-7&_nc_sid=50d2ac&_nc_ohc=_Hl7vUsogewQ7kNvgEWYsSa&_nc_ht=scontent-sea1-1.xx&_nc_gid=ANtmWs10sKJksBRGktoXxLd&oh=00_AYD3VNwfS6Co2Ffa7952v8ZQ34wHeuVPbATJYGCHhguRFg&oe=66E83A05","https://www.facebook.com/nurul.hardianti.9237","Y29tbWVudDoxOTk5NjgxNDczODIwNjQwXzEyMjQ1MDg3NzU1MzMwMTQ=","Opeq Bintang Asia Kereeennn💚","1",
,,,,,"https://www.facebook.com/100013364191442/posts/2000318490423605?comment_id=1451626055454859",,"2024-09-06T09:05:39.000Z",,,"2000318490423605","https://www.facebook.com/100013364191442/posts/2000318490423605","ZmVlZGJhY2s6MjAwMDMxODQ5MDQyMzYwNV8xNDUxNjI2MDU1NDU0ODU5","Y29tbWVudDoyMDAwMzE4NDkwNDIzNjA1XzE0NTE2MjYwNTU0NTQ4NTk=","https://www.facebook.com/100013364191442/posts/2000318490423605","0","194051327133277","false",,"Jumat Berkah Kios kArya Tani
Promo Pembelian 1 bks produk Bca Gratis Tembakau
#Benih Citra Asia
#Topan F1
#HargaBenuhTerjangkauHasilMemukau","100013364191442","Nrll Bintang Asia","https://scontent.fman4-1.fna.fbcdn.net/v/t39.30808-1/458447769_1998595423929245_3345542859681615678_n.jpg?stp=c0.153.922.922a_cp0_dst-jpg_s32x32&_nc_cat=107&ccb=1-7&_nc_sid=50d2ac&_nc_ohc=_Hl7vUsogewQ7kNvgGsBuVY&_nc_ht=scontent.fman4-1.fna&oh=00_AYC6aksotHzyhGxNn5_3bCPOSMFT-sbUULw0un6ZrIgR4g&oe=66E83A05","https://www.facebook.com/nurul.hardianti.9237","Y29tbWVudDoyMDAwMzE4NDkwNDIzNjA1XzEyNjc1NTg5NjQ2ODA2OTg=","NiZar Bintang Asia Api api hehehe","1",
,,,,,"https://www.facebook.com/100013364191442/posts/2000318490423605?comment_id=1246502906374531",,"2024-09-06T07:22:20.000Z",,,"2000318490423605","https://www.facebook.com/100013364191442/posts/2000318490423605","ZmVlZGJhY2s6MjAwMDMxODQ5MDQyMzYwNV8xMjQ2NTAyOTA2Mzc0NTMx","Y29tbWVudDoyMDAwMzE4NDkwNDIzNjA1XzEyNDY1MDI5MDYzNzQ1MzE=","https://www.facebook.com/100013364191442/posts/2000318490423605","1","194051327133277","false",,"Jumat Berkah Kios kArya Tani
Promo Pembelian 1 bks produk Bca Gratis Tembakau
#Benih Citra Asia
#Topan F1
#HargaBenuhTerjangkauHasilMemukau","100013364191442","Nrll Bintang Asia","https://scontent-atl3-1.xx.fbcdn.net/v/t39.30808-1/458447769_1998595423929245_3345542859681615678_n.jpg?stp=c0.153.922.922a_cp0_dst-jpg_s32x32&_nc_cat=107&ccb=1-7&_nc_sid=50d2ac&_nc_ohc=_Hl7vUsogewQ7kNvgHlT8iL&_nc_ht=scontent-atl3-1.xx&_nc_gid=Ae-3g--dfXuhL_yeOb3D4qQ&oh=00_AYAZgXAT3HFV1ygoaEK_MCfXWB5Owx8BdDjm-Fv20S2a4Q&oe=66E83A05","https://www.facebook.com/nurul.hardianti.9237","Y29tbWVudDoyMDAwMzE4NDkwNDIzNjA1XzE2NjE1NjgyOTc5NzM2OTk=","Muhamad Cali Faiz Ahmad Hahaha mantap btul kk,calu","1",
,,,,,"https://www.facebook.com/100013364191442/posts/2000318490423605?comment_id=882782003765006",,"2024-09-06T10:42:58.000Z",,,"2000318490423605","https://www.facebook.com/100013364191442/posts/2000318490423605","ZmVlZGJhY2s6MjAwMDMxODQ5MDQyMzYwNV84ODI3ODIwMDM3NjUwMDY=","Y29tbWVudDoyMDAwMzE4NDkwNDIzNjA1Xzg4Mjc4MjAwMzc2NTAwNg==","https://www.facebook.com/100013364191442/posts/2000318490423605","0","194051327133277","false",,"Jumat Berkah Kios kArya Tani
Promo Pembelian 1 bks produk Bca Gratis Tembakau
#Benih Citra Asia
#Topan F1
#HargaBenuhTerjangkauHasilMemukau","100013364191442","Nrll Bintang Asia","https://scontent-dfw5-2.xx.fbcdn.net/v/t39.30808-1/458447769_1998595423929245_3345542859681615678_n.jpg?stp=c0.153.922.922a_cp0_dst-jpg_s32x32&_nc_cat=107&ccb=1-7&_nc_sid=50d2ac&_nc_ohc=_Hl7vUsogewQ7kNvgFRUDRX&_nc_ht=scontent-dfw5-2.xx&_nc_gid=AvyscigDiXJ65795LH0qRtH&oh=00_AYC2EeIrsmWDBpA8rvQekfc4ErR_uG6khV9jJeJhkz9e9A&oe=66E83A05","https://www.facebook.com/nurul.hardianti.9237","Y29tbWVudDoyMDAwMzE4NDkwNDIzNjA1XzEyMjEwMTMwODU3MDUyNDg=","Muh Sakir Sakir Terimakasih kembali puang🙏🙏","1",
"sticker","fallback",,,,"https://www.facebook.com/100013364191442/posts/1999580003830787?comment_id=930212008936682","1","2024-09-05T11:50:46.000Z",,,"1999580003830787","https://www.facebook.com/100013364191442/posts/1999580003830787","ZmVlZGJhY2s6MTk5OTU4MDAwMzgzMDc4N185MzAyMTIwMDg5MzY2ODI=","Y29tbWVudDoxOTk5NTgwMDAzODMwNzg3XzkzMDIxMjAwODkzNjY4Mg==","https://www.facebook.com/100013364191442/posts/1999580003830787","0","194051327133277","false",,"Sawi Putih Cacha F1 kini sudah hadir di Kec. Tinggimoncong, Kec.Tombolo Pao, Dan Sinjai Barat☺","100004370253176","Muhamad Cali Faiz Ahmad","https://scontent.fbek1-3.fna.fbcdn.net/v/t39.30808-1/456120459_2788136318008683_7418166726346064265_n.jpg?stp=cp0_dst-jpg_s32x32&_nc_cat=108&ccb=1-7&_nc_sid=50d2ac&_nc_ohc=EMIU55VJAHkQ7kNvgFWnRa7&_nc_ht=scontent.fbek1-3.fna&_nc_gid=AzEwkmuJ76fWOZtcEujHR8n&oh=00_AYAA4PkeANy1S0xo9xN3O_0KtsqWW7hELHWAGspL_OmsbQ&oe=66E827AD","https://www.facebook.com/muhamad.cali.98",,,,
,,,,,"https://www.facebook.com/100013364191442/posts/1999580003830787?comment_id=3748131095515641","1","2024-09-05T03:14:09.000Z",,,"1999580003830787","https://www.facebook.com/100013364191442/posts/1999580003830787","ZmVlZGJhY2s6MTk5OTU4MDAwMzgzMDc4N18zNzQ4MTMxMDk1NTE1NjQx","Y29tbWVudDoxOTk5NTgwMDAzODMwNzg3XzM3NDgxMzEwOTU1MTU2NDE=","https://www.facebook.com/100013364191442/posts/1999580003830787","0","194051327133277","false",,"Sawi Putih Cacha F1 kini sudah hadir di Kec. Tinggimoncong, Kec.Tombolo Pao, Dan Sinjai Barat☺","100007578522755","Renzy Bintangasia","https://scontent.fbek1-5.fna.fbcdn.net/v/t39.30808-1/426012403_3605728109689771_2277782955804277447_n.jpg?stp=cp0_dst-jpg_s32x32&_nc_cat=104&ccb=1-7&_nc_sid=50d2ac&_nc_ohc=M574j_z4JmsQ7kNvgFzXlHl&_nc_ht=scontent.fbek1-5.fna&_nc_gid=AzEwkmuJ76fWOZtcEujHR8n&oh=00_AYA3ynAZXmlB-cKZi3iKeILVOtKNQrMTaL4VEbJu7JzQSg&oe=66E81F84","https://www.facebook.com/renzi.prayuda",,"Si caca",,
,,,,,"https://www.facebook.com/100013364191442/posts/1999580003830787?comment_id=1183389296102711","1","2024-09-05T06:35:39.000Z",,,"1999580003830787","https://www.facebook.com/100013364191442/posts/1999580003830787","ZmVlZGJhY2s6MTk5OTU4MDAwMzgzMDc4N18xMTgzMzg5Mjk2MTAyNzEx","Y29tbWVudDoxOTk5NTgwMDAzODMwNzg3XzExODMzODkyOTYxMDI3MTE=","https://www.facebook.com/100013364191442/posts/1999580003830787","0","194051327133277","false",,"Sawi Putih Cacha F1 kini sudah hadir di Kec. Tinggimoncong, Kec.Tombolo Pao, Dan Sinjai Barat☺","100058174730753","Benih Citra Asia","https://scontent.fbek1-3.fna.fbcdn.net/v/t1.6435-1/126817955_105131821435975_4308166538294651756_n.jpg?stp=cp0_dst-jpg_s32x32&_nc_cat=102&ccb=1-7&_nc_sid=50d2ac&_nc_ohc=5rjDOCYC4QkQ7kNvgHi3_l1&_nc_ht=scontent.fbek1-3.fna&_nc_gid=AzEwkmuJ76fWOZtcEujHR8n&oh=00_AYC5X15KZ5nbfMzPlFj7s61FdO7K_KkP81G_cNyWS0os8A&oe=6709D84A","https://www.facebook.com/people/Benih-Citra-Asia/100058174730753/",,"Mantap Sekali Sawinya 😍",,
,,,,,"https://www.facebook.com/100013364191442/posts/1999580003830787?comment_id=1325439878417543","3","2024-09-05T05:22:42.000Z",,,"1999580003830787","https://www.facebook.com/100013364191442/posts/1999580003830787","ZmVlZGJhY2s6MTk5OTU4MDAwMzgzMDc4N18xMzI1NDM5ODc4NDE3NTQz","Y29tbWVudDoxOTk5NTgwMDAzODMwNzg3XzEzMjU0Mzk4Nzg0MTc1NDM=","https://www.facebook.com/100013364191442/posts/1999580003830787","0","194051327133277","false",,"Sawi Putih Cacha F1 kini sudah hadir di Kec. Tinggimoncong, Kec.Tombolo Pao, Dan Sinjai Barat☺","100004825651478","NiZar Bintang Asia","https://scontent.fbek1-2.fna.fbcdn.net/v/t39.30808-1/438276089_2611594555678041_6997404202785061953_n.jpg?stp=cp0_dst-jpg_p32x32&_nc_cat=111&ccb=1-7&_nc_sid=50d2ac&_nc_ohc=htclMtTmRgIQ7kNvgFs5E4y&_nc_ht=scontent.fbek1-2.fna&_nc_gid=AzEwkmuJ76fWOZtcEujHR8n&oh=00_AYCJ1_F7HAKuSNlXmvIUU2fam1d5G5LINB2HgrXKfo9Vyw&oe=66E819AE","https://www.facebook.com/nizar.setia.3",,"Mbk cahca membara joss",,
,,,,,"https://www.facebook.com/100013364191442/posts/1999580003830787?comment_id=867205458317940","1","2024-09-08T14:25:39.000Z",,,"1999580003830787","https://www.facebook.com/100013364191442/posts/1999580003830787","ZmVlZGJhY2s6MTk5OTU4MDAwMzgzMDc4N184NjcyMDU0NTgzMTc5NDA=","Y29tbWVudDoxOTk5NTgwMDAzODMwNzg3Xzg2NzIwNTQ1ODMxNzk0MA==","https://www.facebook.com/100013364191442/posts/1999580003830787","0","194051327133277","false",,"Sawi Putih Cacha F1 kini sudah hadir di Kec. Tinggimoncong, Kec.Tombolo Pao, Dan Sinjai Barat☺","pfbid0xKgyGTdE1u4xZdtRoKVvCxjzZE1k9iJaQjZhRqCZWxBBPYueTNASAuE7ZphHqGRHl","Abdul Rasyid","https://scontent.fbek1-5.fna.fbcdn.net/v/t39.30808-1/459254534_1051196969797012_7003655050357911455_n.jpg?stp=cp0_dst-jpg_s32x32&_nc_cat=104&ccb=1-7&_nc_sid=0ecb9b&_nc_ohc=rLmBrsTc_xAQ7kNvgE4xLmU&_nc_ht=scontent.fbek1-5.fna&_nc_gid=AzEwkmuJ76fWOZtcEujHR8n&oh=00_AYDiL_qMv5XjewfrlsrI1kUSQw5noDMfnMD5k0KKxIzpBg&oe=66E8205A","https://www.facebook.com/muhsyahbian.syahbian",,"Keren skl tauwwa sawinya",,
,,,,,"https://www.facebook.com/100013364191442/posts/1999580003830787?comment_id=869229665157684","1","2024-09-05T03:17:31.000Z",,,"1999580003830787","https://www.facebook.com/100013364191442/posts/1999580003830787","ZmVlZGJhY2s6MTk5OTU4MDAwMzgzMDc4N184NjkyMjk2NjUxNTc2ODQ=","Y29tbWVudDoxOTk5NTgwMDAzODMwNzg3Xzg2OTIyOTY2NTE1NzY4NA==","https://www.facebook.com/100013364191442/posts/1999580003830787","0","194051327133277","false",,"Sawi Putih Cacha F1 kini sudah hadir di Kec. Tinggimoncong, Kec.Tombolo Pao, Dan Sinjai Barat☺","100006389172786","Fediran Ferdyn Al-Rasyid","https://scontent.fbek1-4.fna.fbcdn.net/v/t39.30808-1/455237428_3711425662413703_3405020836735011486_n.jpg?stp=cp0_dst-jpg_s32x32&_nc_cat=103&ccb=1-7&_nc_sid=50d2ac&_nc_ohc=j0xfVzlznU4Q7kNvgHLDf2V&_nc_ht=scontent.fbek1-4.fna&_nc_gid=AzEwkmuJ76fWOZtcEujHR8n&oh=00_AYC6eY07eqUritzUS6GVhh-tGf5d_2OWBnMOFrq4MzBorA&oe=66E81733","https://www.facebook.com/fediran.ferdyn",,"Kren...",,
,,,,,"https://www.facebook.com/100013364191442/posts/1999580003830787?comment_id=487495827394864",,"2024-09-08T14:31:59.000Z",,,"1999580003830787","https://www.facebook.com/100013364191442/posts/1999580003830787","ZmVlZGJhY2s6MTk5OTU4MDAwMzgzMDc4N180ODc0OTU4MjczOTQ4NjQ=","Y29tbWVudDoxOTk5NTgwMDAzODMwNzg3XzQ4NzQ5NTgyNzM5NDg2NA==","https://www.facebook.com/100013364191442/posts/1999580003830787","0","194051327133277","false",,"Sawi Putih Cacha F1 kini sudah hadir di Kec. Tinggimoncong, Kec.Tombolo Pao, Dan Sinjai Barat☺","100013364191442","Nrll Bintang Asia","https://scontent-lga3-2.xx.fbcdn.net/v/t39.30808-1/458447769_1998595423929245_3345542859681615678_n.jpg?stp=c0.153.922.922a_cp0_dst-jpg_s32x32&_nc_cat=107&ccb=1-7&_nc_sid=50d2ac&_nc_ohc=_Hl7vUsogewQ7kNvgFNI8Z3&_nc_ht=scontent-lga3-2.xx&_nc_gid=A7tnZDM56m5W6AmqhAaNEws&oh=00_AYAThuTbCggYYj4sZoRDH2AjQm1SVPZzHNa5UjRAgB5_tg&oe=66E83A05","https://www.facebook.com/nurul.hardianti.9237","Y29tbWVudDoxOTk5NTgwMDAzODMwNzg3Xzg2NzIwNTQ1ODMxNzk0MA==","Abdul Rasyid mksih bosq","1",
,,,,,"https://www.facebook.com/100013364191442/posts/1999580003830787?comment_id=1395463188523759",,"2024-09-05T03:25:01.000Z",,,"1999580003830787","https://www.facebook.com/100013364191442/posts/1999580003830787","ZmVlZGJhY2s6MTk5OTU4MDAwMzgzMDc4N18xMzk1NDYzMTg4NTIzNzU5","Y29tbWVudDoxOTk5NTgwMDAzODMwNzg3XzEzOTU0NjMxODg1MjM3NTk=","https://www.facebook.com/100013364191442/posts/1999580003830787","0","194051327133277","false",,"Sawi Putih Cacha F1 kini sudah hadir di Kec. Tinggimoncong, Kec.Tombolo Pao, Dan Sinjai Barat☺","100013364191442","Nrll Bintang Asia","https://scontent-lax3-2.xx.fbcdn.net/v/t39.30808-1/458447769_1998595423929245_3345542859681615678_n.jpg?stp=c0.153.922.922a_cp0_dst-jpg_s32x32&_nc_cat=107&ccb=1-7&_nc_sid=50d2ac&_nc_ohc=_Hl7vUsogewQ7kNvgGOA8e0&_nc_ht=scontent-lax3-2.xx&_nc_gid=AQksR5yLanCrGYk8MuJYubv&oh=00_AYAZHtBrRX-szgcTh1_1JN8yOGOOIcljPzWLMKnx3fI-ow&oe=66E83A05","https://www.facebook.com/nurul.hardianti.9237","Y29tbWVudDoxOTk5NTgwMDAzODMwNzg3Xzg2OTIyOTY2NTE1NzY4NA==","Fediran Ferdyn Al-Rasyid Terimakasih banyak kak fer🙏🙏🙏🙏","1",
,,,,,"https://www.facebook.com/100013364191442/posts/1999580003830787?comment_id=8508334642558547",,"2024-09-05T03:25:07.000Z",,,"1999580003830787","https://www.facebook.com/100013364191442/posts/1999580003830787","ZmVlZGJhY2s6MTk5OTU4MDAwMzgzMDc4N184NTA4MzM0NjQyNTU4NTQ3","Y29tbWVudDoxOTk5NTgwMDAzODMwNzg3Xzg1MDgzMzQ2NDI1NTg1NDc=","https://www.facebook.com/100013364191442/posts/1999580003830787","0","194051327133277","false",,"Sawi Putih Cacha F1 kini sudah hadir di Kec. Tinggimoncong, Kec.Tombolo Pao, Dan Sinjai Barat☺","100013364191442","Nrll Bintang Asia","https://scontent.ftfl3-1.fna.fbcdn.net/v/t39.30808-1/458447769_1998595423929245_3345542859681615678_n.jpg?stp=c0.153.922.922a_cp0_dst-jpg_s32x32&_nc_cat=107&ccb=1-7&_nc_sid=50d2ac&_nc_ohc=_Hl7vUsogewQ7kNvgGFNwRY&_nc_ht=scontent.ftfl3-1.fna&oh=00_AYDeWAjp4t2mNG57YIrqGgV3xBjjlMynjF5DK2dXftY8DA&oe=66E83A05","https://www.facebook.com/nurul.hardianti.9237","Y29tbWVudDoxOTk5NTgwMDAzODMwNzg3XzM3NDgxMzEwOTU1MTU2NDE=","Renzy Bintangasia Hahahaiya","1",
,,,,,"https://www.facebook.com/100013364191442/posts/1999580003830787?comment_id=879907293521410",,"2024-09-05T12:23:14.000Z",,,"1999580003830787","https://www.facebook.com/100013364191442/posts/1999580003830787","ZmVlZGJhY2s6MTk5OTU4MDAwMzgzMDc4N184Nzk5MDcyOTM1MjE0MTA=","Y29tbWVudDoxOTk5NTgwMDAzODMwNzg3Xzg3OTkwNzI5MzUyMTQxMA==","https://www.facebook.com/100013364191442/posts/1999580003830787","0","194051327133277","false",,"Sawi Putih Cacha F1 kini sudah hadir di Kec. Tinggimoncong, Kec.Tombolo Pao, Dan Sinjai Barat☺","100013364191442","Nrll Bintang Asia","https://scontent-eze1-1.xx.fbcdn.net/v/t39.30808-1/458447769_1998595423929245_3345542859681615678_n.jpg?stp=c0.153.922.922a_cp0_dst-jpg_s32x32&_nc_cat=107&ccb=1-7&_nc_sid=50d2ac&_nc_ohc=_Hl7vUsogewQ7kNvgHrquwf&_nc_ht=scontent-eze1-1.xx&_nc_gid=AleBNKCSgWZEldIMfh2wNgA&oh=00_AYChYn6Q5UrCYg857SWus-Zv71nyVK453Dbt7HCSaFj37w&oe=66E83A05","https://www.facebook.com/nurul.hardianti.9237","Y29tbWVudDoxOTk5NTgwMDAzODMwNzg3XzkzMDIxMjAwODkzNjY4Mg==","Muhamad Cali Faiz Ahmad betull betull betull","1",
,,,,,"https://www.facebook.com/100013364191442/posts/1999580003830787?comment_id=1956442831492951",,"2024-09-05T11:22:13.000Z",,,"1999580003830787","https://www.facebook.com/100013364191442/posts/1999580003830787","ZmVlZGJhY2s6MTk5OTU4MDAwMzgzMDc4N18xOTU2NDQyODMxNDkyOTUx","Y29tbWVudDoxOTk5NTgwMDAzODMwNzg3XzE5NTY0NDI4MzE0OTI5NTE=","https://www.facebook.com/100013364191442/posts/1999580003830787","0","194051327133277","false",,"Sawi Putih Cacha F1 kini sudah hadir di Kec. Tinggimoncong, Kec.Tombolo Pao, Dan Sinjai Barat☺","100013364191442","Nrll Bintang Asia","https://scontent-dfw5-2.xx.fbcdn.net/v/t39.30808-1/458447769_1998595423929245_3345542859681615678_n.jpg?stp=c0.153.922.922a_cp0_dst-jpg_s32x32&_nc_cat=107&ccb=1-7&_nc_sid=50d2ac&_nc_ohc=_Hl7vUsogewQ7kNvgF9oG21&_nc_ht=scontent-dfw5-2.xx&_nc_gid=ACcJ6mDYjdSZBOZKZGuV8s6&oh=00_AYBM5IU3JrZXkiA3jU_vJ4HwP_Whu_buIkQYVIs7MAbLxA&oe=66E83A05","https://www.facebook.com/nurul.hardianti.9237","Y29tbWVudDoxOTk5NTgwMDAzODMwNzg3XzEzMjU0Mzk4Nzg0MTc1NDM=","Renzy Bintangasia Jauh banget caca ke nurul😅","2",
,,,,,"https://www.facebook.com/100013364191442/posts/1999580003830787?comment_id=1156567472113344",,"2024-09-05T11:22:03.000Z",,,"1999580003830787","https://www.facebook.com/100013364191442/posts/1999580003830787","ZmVlZGJhY2s6MTk5OTU4MDAwMzgzMDc4N18xMTU2NTY3NDcyMTEzMzQ0","Y29tbWVudDoxOTk5NTgwMDAzODMwNzg3XzExNTY1Njc0NzIxMTMzNDQ=","https://www.facebook.com/100013364191442/posts/1999580003830787","0","194051327133277","false",,"Sawi Putih Cacha F1 kini sudah hadir di Kec. Tinggimoncong, Kec.Tombolo Pao, Dan Sinjai Barat☺","100013364191442","Nrll Bintang Asia","https://scontent-dfw5-2.xx.fbcdn.net/v/t39.30808-1/458447769_1998595423929245_3345542859681615678_n.jpg?stp=c0.153.922.922a_cp0_dst-jpg_s32x32&_nc_cat=107&ccb=1-7&_nc_sid=50d2ac&_nc_ohc=_Hl7vUsogewQ7kNvgF9oG21&_nc_ht=scontent-dfw5-2.xx&_nc_gid=ACcJ6mDYjdSZBOZKZGuV8s6&oh=00_AYBM5IU3JrZXkiA3jU_vJ4HwP_Whu_buIkQYVIs7MAbLxA&oe=66E83A05","https://www.facebook.com/nurul.hardianti.9237","Y29tbWVudDoxOTk5NTgwMDAzODMwNzg3XzEzMjU0Mzk4Nzg0MTc1NDM=","NiZar Bintang Asia Ralat nama nya😆","1",
,,,,,"https://www.facebook.com/100013364191442/posts/1999580003830787?comment_id=1084167419888317","1","2024-09-05T05:30:32.000Z",,,"1999580003830787","https://www.facebook.com/100013364191442/posts/1999580003830787","ZmVlZGJhY2s6MTk5OTU4MDAwMzgzMDc4N18xMDg0MTY3NDE5ODg4MzE3","Y29tbWVudDoxOTk5NTgwMDAzODMwNzg3XzEwODQxNjc0MTk4ODgzMTc=","https://www.facebook.com/100013364191442/posts/1999580003830787","0","194051327133277","false",,"Sawi Putih Cacha F1 kini sudah hadir di Kec. Tinggimoncong, Kec.Tombolo Pao, Dan Sinjai Barat☺","100007578522755","Renzy Bintangasia","https://scontent-dfw5-2.xx.fbcdn.net/v/t39.30808-1/426012403_3605728109689771_2277782955804277447_n.jpg?stp=cp0_dst-jpg_s32x32&_nc_cat=104&ccb=1-7&_nc_sid=50d2ac&_nc_ohc=M574j_z4JmsQ7kNvgGj58qU&_nc_ht=scontent-dfw5-2.xx&_nc_gid=ACcJ6mDYjdSZBOZKZGuV8s6&oh=00_AYBKZWh-cs5fCLQO530_5rbe0I9kS8YaX09NpechTPxPhQ&oe=66E81F84","https://www.facebook.com/renzi.prayuda","Y29tbWVudDoxOTk5NTgwMDAzODMwNzg3XzEzMjU0Mzk4Nzg0MTc1NDM=","NiZar Bintang Asia embk Caca apa embk Nurul bos🤣🤣","1",
,,,,,"https://www.facebook.com/100013364191442/posts/1999580003830787?comment_id=1028829528534792",,"2024-09-05T11:21:31.000Z",,,"1999580003830787","https://www.facebook.com/100013364191442/posts/1999580003830787","ZmVlZGJhY2s6MTk5OTU4MDAwMzgzMDc4N18xMDI4ODI5NTI4NTM0Nzky","Y29tbWVudDoxOTk5NTgwMDAzODMwNzg3XzEwMjg4Mjk1Mjg1MzQ3OTI=","https://www.facebook.com/100013364191442/posts/1999580003830787","0","194051327133277","false",,"Sawi Putih Cacha F1 kini sudah hadir di Kec. Tinggimoncong, Kec.Tombolo Pao, Dan Sinjai Barat☺","100013364191442","Nrll Bintang Asia","https://scontent-hou1-1.xx.fbcdn.net/v/t39.30808-1/458447769_1998595423929245_3345542859681615678_n.jpg?stp=c0.153.922.922a_cp0_dst-jpg_s32x32&_nc_cat=107&ccb=1-7&_nc_sid=50d2ac&_nc_ohc=_Hl7vUsogewQ7kNvgERkHV6&_nc_ht=scontent-hou1-1.xx&_nc_gid=A2XPrP13IJLUBbWL9-iuBwK&oh=00_AYCJwHrZ_HRSmmCUsG9Zyq4kbbzDnbOCHc7qSeZCR-QQRg&oe=66E83A05","https://www.facebook.com/nurul.hardianti.9237","Y29tbWVudDoxOTk5NTgwMDAzODMwNzg3XzExODMzODkyOTYxMDI3MTE=","Benih Citra Asia Kereen 🙏🙏","1",
