﻿"attachments/0/__typename","attachments/0/animated_image","attachments/0/animated_image/uri","attachments/0/frame_count","attachments/0/frame_rate","attachments/0/frames_per_column","attachments/0/frames_per_row","attachments/0/id","attachments/0/image/height","attachments/0/image/uri","attachments/0/image/width","attachments/0/label","attachments/0/pack/id","attachments/0/pack/name","attachments/0/sprite_image","attachments/0/sprite_image/uri","commentUrl","comments/0/attachments/0/__typename","comments/0/attachments/0/animated_image/uri","comments/0/attachments/0/frame_count","comments/0/attachments/0/frame_rate","comments/0/attachments/0/frames_per_column","comments/0/attachments/0/frames_per_row","comments/0/attachments/0/id","comments/0/attachments/0/image/height","comments/0/attachments/0/image/uri","comments/0/attachments/0/image/width","comments/0/attachments/0/label","comments/0/attachments/0/pack/id","comments/0/attachments/0/pack/name","comments/0/attachments/0/sprite_image/uri","comments/0/commentUrl","comments/0/date","comments/0/feedbackId","comments/0/id","comments/0/likesCount","comments/0/parentComment/author/__typename","comments/0/parentComment/author/id","comments/0/parentComment/author/name","comments/0/parentComment/author/short_name","comments/0/parentComment/id","comments/0/profileId","comments/0/profileName","comments/0/profilePicture","comments/0/profileUrl","comments/0/replyToCommentId","comments/0/text","comments/0/threadingDepth","commentsCount","date","facebookId","facebookUrl","feedbackId","id","inputUrl","likesCount","pageAdLibrary/id","pageAdLibrary/is_business_page_active","pageAdLibrary/woodhenge_creator_info","parentComment/author/__typename","parentComment/author/id","parentComment/author/name","parentComment/author/short_name","parentComment/id","postTitle","profileId","profileName","profilePicture","profileUrl","replyToCommentId","text","threadingDepth"
,,,,,,,,,,,,,,,,"https://www.facebook.com/nasir.smk2/posts/pfbid02LDp5RRdFasWDQUgusGLrtN7suVXCUw7U7JZHECn748ovqVz62C4GP3Q5gXbr1DGml?comment_id=1181259082930760",,,,,,,,,,,,,,,,,,,,,,,,,,,,,,,,,"2024-09-25T10:51:30.000Z","8444730672252783","https://www.facebook.com/100001478012460/posts/8444730672252783","ZmVlZGJhY2s6ODQ0NDczMDY3MjI1Mjc4M18xMTgxMjU5MDgyOTMwNzYw","Y29tbWVudDo4NDQ0NzMwNjcyMjUyNzgzXzExODEyNTkwODI5MzA3NjA=","https://www.facebook.com/100001478012460/posts/8444730672252783","0","261237703739109","false",,,,,,,"OKASA F1

Rock Melon cantaloupe hibrida.
Bentuk buah : bulat oval.
Warna daging : oranye,
Berat buah : ± 3 kg/buah.
Umur panen : ± 60 hst.
Potensi hasil : ± 25 ton/ha.
Adaptasi utama di dataran rendah.
Rasa sangat manis.

#suksesbersamaBintangasia
#melonokasaF1
@sorotan 
pengikut 
Bintang Asia 
Benih Citra Asia","100007578522755","Renzy Bintangasia","https://scontent.fkin1-1.fna.fbcdn.net/v/t39.30808-1/426012403_3605728109689771_2277782955804277447_n.jpg?stp=cp0_dst-jpg_s32x32&_nc_cat=104&ccb=1-7&_nc_sid=50d2ac&_nc_ohc=tTmdX3bXLYAQ7kNvgELGhBs&_nc_ht=scontent.fkin1-1.fna&oh=00_AYCKVIV1jfN2ZJO4f0PtVQ_3s1iU3Tp7FqNWwFrwkGyHdg&oe=66FC1E44","https://www.facebook.com/renzi.prayuda",,"Mantap","0"
,,,,,,,,,,,,,,,,"https://www.facebook.com/nasir.smk2/posts/pfbid02LDp5RRdFasWDQUgusGLrtN7suVXCUw7U7JZHECn748ovqVz62C4GP3Q5gXbr1DGml?comment_id=1077919173680568",,,,,,,,,,,,,,,,,,,,,,,,,,,,,,,,,"2024-09-25T10:36:45.000Z","8444730672252783","https://www.facebook.com/100001478012460/posts/8444730672252783","ZmVlZGJhY2s6ODQ0NDczMDY3MjI1Mjc4M18xMDc3OTE5MTczNjgwNTY4","Y29tbWVudDo4NDQ0NzMwNjcyMjUyNzgzXzEwNzc5MTkxNzM2ODA1Njg=","https://www.facebook.com/100001478012460/posts/8444730672252783","0","261237703739109","false",,,,,,,"OKASA F1

Rock Melon cantaloupe hibrida.
Bentuk buah : bulat oval.
Warna daging : oranye,
Berat buah : ± 3 kg/buah.
Umur panen : ± 60 hst.
Potensi hasil : ± 25 ton/ha.
Adaptasi utama di dataran rendah.
Rasa sangat manis.

#suksesbersamaBintangasia
#melonokasaF1
@sorotan 
pengikut 
Bintang Asia 
Benih Citra Asia","pfbid02ZiQqAWR8Si5RbLbYvJEMkAmNyhtNXxmqcoEGZsx828RmhHQqsuN2m4R8BMSEabsSl","Fany Sigit Putra Pratama","https://scontent.fkin1-1.fna.fbcdn.net/v/t39.30808-1/460844118_1055284069646724_4492061169597901075_n.jpg?stp=cp0_dst-jpg_s32x32&_nc_cat=106&ccb=1-7&_nc_sid=0ecb9b&_nc_ohc=X_YIIgskeGsQ7kNvgH7fXAF&_nc_ht=scontent.fkin1-1.fna&oh=00_AYD8Xq_EubPp1PmQjo3YJsr3Jdh-zwCjJWkby__Hd-iSIQ&oe=66FC31E7","https://www.facebook.com/farisfany.sigitputrapratama",,"Alamat mana ini pak","0"
,,,,,,,,,,,,,,,,"https://www.facebook.com/nasir.smk2/posts/pfbid02LDp5RRdFasWDQUgusGLrtN7suVXCUw7U7JZHECn748ovqVz62C4GP3Q5gXbr1DGml?comment_id=1192523708647292",,,,,,,,,,,,,,,,,,,,,,,,,,,,,,,,,"2024-09-25T11:00:24.000Z","8444730672252783","https://www.facebook.com/100001478012460/posts/8444730672252783","ZmVlZGJhY2s6ODQ0NDczMDY3MjI1Mjc4M18xMTkyNTIzNzA4NjQ3Mjky","Y29tbWVudDo4NDQ0NzMwNjcyMjUyNzgzXzExOTI1MjM3MDg2NDcyOTI=","https://www.facebook.com/100001478012460/posts/8444730672252783","0","261237703739109","false",,,,,,,"OKASA F1

Rock Melon cantaloupe hibrida.
Bentuk buah : bulat oval.
Warna daging : oranye,
Berat buah : ± 3 kg/buah.
Umur panen : ± 60 hst.
Potensi hasil : ± 25 ton/ha.
Adaptasi utama di dataran rendah.
Rasa sangat manis.

#suksesbersamaBintangasia
#melonokasaF1
@sorotan 
pengikut 
Bintang Asia 
Benih Citra Asia","100023805965584","Ary Petir","https://scontent.fkin1-1.fna.fbcdn.net/v/t39.30808-1/263164402_1093235008146688_4229753652386183438_n.jpg?stp=cp0_dst-jpg_s32x32&_nc_cat=104&ccb=1-7&_nc_sid=50d2ac&_nc_ohc=4PYrgbZtVMwQ7kNvgEq2PSD&_nc_ht=scontent.fkin1-1.fna&oh=00_AYC-Suwx-8a2weqXoK7lmDFes8Q3139lrGmyPVfMthjzNQ&oe=66FC1CDB",,,"Merlin enek ora bos","0"
"Sticker",,,"1","83","1","1","140051381647167","80","https://scontent-iad3-2.xx.fbcdn.net/v/t39.1997-6/240516696_140051384980500_4324639588081017510_n.png?stp=cp0_dst-png_s110x80&_nc_cat=1&ccb=1-7&_nc_sid=23dd7b&_nc_ohc=b1N1DSa8J8MQ7kNvgEp4C0S&_nc_ht=scontent-iad3-2.xx&_nc_gid=A-YLdiLC_ICTKhCcsu6DRBq&oh=00_AYCBjsD8pEwzNNR7-FNoJ2rahS6oqdyC3v7996G5ySWUXA&oe=66FC0C58","80","","140047671647538","[Newsfeed] Philippines First Party",,,"https://www.facebook.com/reel/1239783613826690/?comment_id=3777655909212002",,,,,,,,,,,,,,,,,,,,,,,,,,,,,,,,"1","2024-09-26T01:48:11.000Z","8449462665112917","https://www.facebook.com/100001478012460/posts/8449462665112917","ZmVlZGJhY2s6ODQ0OTQ2MjY2NTExMjkxN18zNzc3NjU1OTA5MjEyMDAy","Y29tbWVudDo4NDQ5NDYyNjY1MTEyOTE3XzM3Nzc2NTU5MDkyMTIwMDI=","https://www.facebook.com/100001478012460/posts/8449462665112917","0","113420435192600",,,,,,,,"Alhamdulillah Selamat kepada PT Benih Citra Asia yang telah mendapatkan penghargaan di acara CNN Award 2024. #benihcitraasia #bintangasia #farmer #petani #indonesia #food #hortikultura. Difarina...","100090196839657","Agus Cadra","https://scontent-iad3-2.xx.fbcdn.net/v/t39.30808-1/451001492_422995557383669_4884090611035953685_n.jpg?stp=cp0_dst-jpg_s32x32&_nc_cat=109&ccb=1-7&_nc_sid=50d2ac&_nc_ohc=k6kbXI17YE0Q7kNvgF4dLOF&_nc_ht=scontent-iad3-2.xx&_nc_gid=A-YLdiLC_ICTKhCcsu6DRBq&oh=00_AYBS-dxOMUztYQ34jynv9ZBFdZr6AC4U5W6SSaThebLotw&oe=66FC3423","https://www.facebook.com/people/Agus-Cadra/100090196839657/",,,"0"
,,,,,,,,,,,,,,,,"https://www.facebook.com/reel/1239783613826690/?comment_id=554417993769089",,,,,,,,,,,,,,,,,,,,,,,,,,,,,,,,"2","2024-09-26T01:00:24.000Z","8449462665112917","https://www.facebook.com/100001478012460/posts/8449462665112917","ZmVlZGJhY2s6ODQ0OTQ2MjY2NTExMjkxN181NTQ0MTc5OTM3NjkwODk=","Y29tbWVudDo4NDQ5NDYyNjY1MTEyOTE3XzU1NDQxNzk5Mzc2OTA4OQ==","https://www.facebook.com/100001478012460/posts/8449462665112917","0","113420435192600",,,,,,,,"Alhamdulillah Selamat kepada PT Benih Citra Asia yang telah mendapatkan penghargaan di acara CNN Award 2024. #benihcitraasia #bintangasia #farmer #petani #indonesia #food #hortikultura. Difarina...","pfbid02pteNa1ad6qEHpfGri9gY5PEz1uaxAHtqKaVcuNwZ5Z2ffDNQPoWyQwraSbvNL8xBl","Rudi Paijo","https://scontent-iad3-2.xx.fbcdn.net/v/t39.30808-1/342521359_982200369878755_8229004095687362074_n.jpg?stp=cp0_dst-jpg_s32x32&_nc_cat=103&ccb=1-7&_nc_sid=0ecb9b&_nc_ohc=ReJYsn3-p9gQ7kNvgHSWn-z&_nc_ht=scontent-iad3-2.xx&_nc_gid=A-YLdiLC_ICTKhCcsu6DRBq&oh=00_AYBsWwvhJafb1j56rdCe1iM2bZeAEySG6an493XMAknPjw&oe=66FC0C21","https://www.facebook.com/rudi.rudipaijo.50",,"Mantaaap","0"
,,,,,,,,,,,,,,,,"https://www.facebook.com/reel/1239783613826690/?comment_id=863000422592773",,,,,,,,,,,,,,,,,,,,,,,,,,,,,,,,,"2024-09-26T01:19:46.000Z","8449462665112917","https://www.facebook.com/100001478012460/posts/8449462665112917","ZmVlZGJhY2s6ODQ0OTQ2MjY2NTExMjkxN184NjMwMDA0MjI1OTI3NzM=","Y29tbWVudDo4NDQ5NDYyNjY1MTEyOTE3Xzg2MzAwMDQyMjU5Mjc3Mw==","https://www.facebook.com/100001478012460/posts/8449462665112917","0","113420435192600",,,,,,,,"Alhamdulillah Selamat kepada PT Benih Citra Asia yang telah mendapatkan penghargaan di acara CNN Award 2024. #benihcitraasia #bintangasia #farmer #petani #indonesia #food #hortikultura. Difarina...","pfbid0iSVWYtkuwNoLdGBtnH8q5JWGzt68cpTgWd7b4zcmwfy8LGNmRwow7XpkNZFiPmKwl","Aguesta Azax","https://scontent-iad3-1.xx.fbcdn.net/v/t39.30808-1/240355126_1552873468392465_768643064623954664_n.jpg?stp=c0.0.780.780a_cp0_dst-jpg_s32x32&_nc_cat=108&ccb=1-7&_nc_sid=0ecb9b&_nc_ohc=ZsI_i_dw4rUQ7kNvgFk1-X1&_nc_ht=scontent-iad3-1.xx&_nc_gid=A-YLdiLC_ICTKhCcsu6DRBq&oh=00_AYA96WtHc_VuH_ZumT-RerHM0wUd88zoBKBCbhXY9nrLYA&oe=66FC25C8","https://www.facebook.com/aguesta.azax",,"Ulta","0"
"Sticker",,"https://scontent-iad3-2.xx.fbcdn.net/v/t39.1997-6/68894373_1459627387495333_5835456569109643264_n.webp?stp=dst-webp_s110x80&_nc_cat=1&ccb=1-7&_nc_sid=ba09c1&_nc_ohc=-nydXbZ2AtMQ7kNvgHo88an&_nc_ht=scontent-iad3-2.xx&_nc_gid=A-YLdiLC_ICTKhCcsu6DRBq&oh=00_AYBObjF-VSQf34shIAvkt11L6slIzn3HCmmzz7sr54YN7A&oe=66FC28A3","14","100","4","4","514561552001926","80","https://scontent-iad3-2.xx.fbcdn.net/v/t39.1997-6/69142452_1459627590828646_6160083988481310720_n.png?stp=cp0_dst-png_s110x80&_nc_cat=1&ccb=1-7&_nc_sid=23dd7b&_nc_ohc=Kty-iM3vR5UQ7kNvgHGQC0e&_nc_ht=scontent-iad3-2.xx&_nc_gid=A-YLdiLC_ICTKhCcsu6DRBq&oh=00_AYCWT-J9rvPGQO8CEozwZd212BgvBbfkubiG9b18lYA5ig&oe=66FC1E91","80","Business fish, a person with a pink fish head wearing a suit and tie, giving a large thumbs up with their right hand and saying good","493674027424012","Executive Business Fish",,"https://scontent-iad3-2.xx.fbcdn.net/v/t39.1997-6/68866962_1459627384162000_4858367271799619584_n.png?stp=dst-png_p320x320&_nc_cat=1&ccb=1-7&_nc_sid=ba09c1&_nc_ohc=I9fY6gVDWVUQ7kNvgF26Dlr&_nc_ht=scontent-iad3-2.xx&_nc_gid=A-YLdiLC_ICTKhCcsu6DRBq&oh=00_AYAlnKQx0tvMWLKXmuWUajRGbKflWwrKS5W4K22hhqAQ5A&oe=66FC0C08","https://www.facebook.com/reel/1239783613826690/?comment_id=1209763523407227",,,,,,,,,,,,,,,,,,,,,,,,,,,,,,,,"1","2024-09-26T01:19:53.000Z","8449462665112917","https://www.facebook.com/100001478012460/posts/8449462665112917","ZmVlZGJhY2s6ODQ0OTQ2MjY2NTExMjkxN18xMjA5NzYzNTIzNDA3MjI3","Y29tbWVudDo4NDQ5NDYyNjY1MTEyOTE3XzEyMDk3NjM1MjM0MDcyMjc=","https://www.facebook.com/100001478012460/posts/8449462665112917","0","113420435192600",,,,,,,,"Alhamdulillah Selamat kepada PT Benih Citra Asia yang telah mendapatkan penghargaan di acara CNN Award 2024. #benihcitraasia #bintangasia #farmer #petani #indonesia #food #hortikultura. Difarina...","pfbid0iSVWYtkuwNoLdGBtnH8q5JWGzt68cpTgWd7b4zcmwfy8LGNmRwow7XpkNZFiPmKwl","Aguesta Azax","https://scontent-iad3-1.xx.fbcdn.net/v/t39.30808-1/240355126_1552873468392465_768643064623954664_n.jpg?stp=c0.0.780.780a_cp0_dst-jpg_s32x32&_nc_cat=108&ccb=1-7&_nc_sid=0ecb9b&_nc_ohc=ZsI_i_dw4rUQ7kNvgFk1-X1&_nc_ht=scontent-iad3-1.xx&_nc_gid=A-YLdiLC_ICTKhCcsu6DRBq&oh=00_AYA96WtHc_VuH_ZumT-RerHM0wUd88zoBKBCbhXY9nrLYA&oe=66FC25C8","https://www.facebook.com/aguesta.azax",,,"0"
,,,,,,,,,,,,,,,,"https://www.facebook.com/reel/1239783613826690/?comment_id=510882418362439",,,,,,,,,,,,,,,,,,,,,,,,,,,,,,,,"3","2024-09-26T00:35:34.000Z","8449462665112917","https://www.facebook.com/100001478012460/posts/8449462665112917","ZmVlZGJhY2s6ODQ0OTQ2MjY2NTExMjkxN181MTA4ODI0MTgzNjI0Mzk=","Y29tbWVudDo4NDQ5NDYyNjY1MTEyOTE3XzUxMDg4MjQxODM2MjQzOQ==","https://www.facebook.com/100001478012460/posts/8449462665112917","0","113420435192600",,,,,,,,"Alhamdulillah Selamat kepada PT Benih Citra Asia yang telah mendapatkan penghargaan di acara CNN Award 2024. #benihcitraasia #bintangasia #farmer #petani #indonesia #food #hortikultura. Difarina...","100055613311344","Bisri Mustofa","https://scontent-iad3-1.xx.fbcdn.net/v/t39.30808-1/400422095_772263457970758_8257628988093984966_n.jpg?stp=cp0_dst-jpg_s32x32&_nc_cat=108&ccb=1-7&_nc_sid=50d2ac&_nc_ohc=xqaUMPcapfMQ7kNvgEYPO30&_nc_ht=scontent-iad3-1.xx&_nc_gid=A-YLdiLC_ICTKhCcsu6DRBq&oh=00_AYCvsfL8JmsZoTv-p7bXFujP2Pj8O5cfx_Dcznz6y54fFw&oe=66FC2AEC","https://www.facebook.com/people/Bisri-Mustofa/100055613311344/",,"Toptenan👍👍👍","0"
,,,,,,,,,,,,,,,,"https://www.facebook.com/reel/1239783613826690/?comment_id=554417993769089&reply_comment_id=1172109787197466",,,,,,,,,,,,,,,,,,,,,,,,,,,,,,,,"1","2024-09-26T01:01:48.000Z","8449462665112917","https://www.facebook.com/100001478012460/posts/8449462665112917","ZmVlZGJhY2s6ODQ0OTQ2MjY2NTExMjkxN18xMTcyMTA5Nzg3MTk3NDY2","Y29tbWVudDo4NDQ5NDYyNjY1MTEyOTE3XzExNzIxMDk3ODcxOTc0NjY=","https://www.facebook.com/100001478012460/posts/8449462665112917","0","113420435192600",,,"User","pfbid02pteNa1ad6qEHpfGri9gY5PEz1uaxAHtqKaVcuNwZ5Z2ffDNQPoWyQwraSbvNL8xBl","Rudi Paijo","Rudi","Y29tbWVudDo4NDQ5NDYyNjY1MTEyOTE3XzU1NDQxNzk5Mzc2OTA4OQ==","Alhamdulillah Selamat kepada PT Benih Citra Asia yang telah mendapatkan penghargaan di acara CNN Award 2024. #benihcitraasia #bintangasia #farmer #petani #indonesia #food #hortikultura. Difarina...","100001478012460","Nasir Bintang Asia","https://scontent-lga3-1.xx.fbcdn.net/v/t39.30808-1/374566524_6652285924830609_4550832743895994737_n.jpg?stp=cp0_dst-jpg_s32x32&_nc_cat=110&ccb=1-7&_nc_sid=50d2ac&_nc_ohc=ET78vRU446YQ7kNvgGute5I&_nc_ht=scontent-lga3-1.xx&_nc_gid=AP41D2TY5NlPh9PCa6nhGx7&oh=00_AYCmzn2OtJth8LBj_BdCttodfqI3hKG6jJ2KF4F8uHVduQ&oe=66FC0F09","https://www.facebook.com/nasir.smk2","Y29tbWVudDo4NDQ5NDYyNjY1MTEyOTE3XzU1NDQxNzk5Mzc2OTA4OQ==","Rudi Paijo minggu ngarep dolan nggone sampean mas","1"
,,,,,,,,,,,,,,,,"https://www.facebook.com/reel/1239783613826690/?comment_id=554417993769089&reply_comment_id=1049908246540215",,,,,,,,,,,,,,,,,,,,,,,,,,,,,,,,,"2024-09-26T01:17:48.000Z","8449462665112917","https://www.facebook.com/100001478012460/posts/8449462665112917","ZmVlZGJhY2s6ODQ0OTQ2MjY2NTExMjkxN18xMDQ5OTA4MjQ2NTQwMjE1","Y29tbWVudDo4NDQ5NDYyNjY1MTEyOTE3XzEwNDk5MDgyNDY1NDAyMTU=","https://www.facebook.com/100001478012460/posts/8449462665112917","0","113420435192600",,,"User","pfbid02pteNa1ad6qEHpfGri9gY5PEz1uaxAHtqKaVcuNwZ5Z2ffDNQPoWyQwraSbvNL8xBl","Rudi Paijo","Rudi","Y29tbWVudDo4NDQ5NDYyNjY1MTEyOTE3XzU1NDQxNzk5Mzc2OTA4OQ==","Alhamdulillah Selamat kepada PT Benih Citra Asia yang telah mendapatkan penghargaan di acara CNN Award 2024. #benihcitraasia #bintangasia #farmer #petani #indonesia #food #hortikultura. Difarina...","pfbid02pteNa1ad6qEHpfGri9gY5PEz1uaxAHtqKaVcuNwZ5Z2ffDNQPoWyQwraSbvNL8xBl","Rudi Paijo","https://scontent-lga3-1.xx.fbcdn.net/v/t39.30808-1/342521359_982200369878755_8229004095687362074_n.jpg?stp=cp0_dst-jpg_s32x32&_nc_cat=103&ccb=1-7&_nc_sid=0ecb9b&_nc_ohc=ReJYsn3-p9gQ7kNvgGY3QzZ&_nc_ht=scontent-lga3-1.xx&_nc_gid=AP41D2TY5NlPh9PCa6nhGx7&oh=00_AYAMCVwv4mFH-5Fxaa8cQcINl-48I1iS2UqeLn1mmUtEcQ&oe=66FC0C21","https://www.facebook.com/rudi.rudipaijo.50","Y29tbWVudDo4NDQ5NDYyNjY1MTEyOTE3XzU1NDQxNzk5Mzc2OTA4OQ==","Nasir Bintang Asia siap bosssQ di tunggu","2"
,,,,,,,,,,,,,,,,"https://www.facebook.com/reel/1239783613826690/?comment_id=510882418362439&reply_comment_id=1223974175417697",,,,,,,,,,,,,,,,,,,,,,,,,,,,,,,,,"2024-09-26T01:02:00.000Z","8449462665112917","https://www.facebook.com/100001478012460/posts/8449462665112917","ZmVlZGJhY2s6ODQ0OTQ2MjY2NTExMjkxN18xMjIzOTc0MTc1NDE3Njk3","Y29tbWVudDo4NDQ5NDYyNjY1MTEyOTE3XzEyMjM5NzQxNzU0MTc2OTc=","https://www.facebook.com/100001478012460/posts/8449462665112917","0","113420435192600",,,"User","100055613311344","Bisri Mustofa","Bisri","Y29tbWVudDo4NDQ5NDYyNjY1MTEyOTE3XzUxMDg4MjQxODM2MjQzOQ==","Alhamdulillah Selamat kepada PT Benih Citra Asia yang telah mendapatkan penghargaan di acara CNN Award 2024. #benihcitraasia #bintangasia #farmer #petani #indonesia #food #hortikultura. Difarina...","100001478012460","Nasir Bintang Asia","https://scontent.fslz4-1.fna.fbcdn.net/v/t39.30808-1/374566524_6652285924830609_4550832743895994737_n.jpg?stp=cp0_dst-jpg_s32x32&_nc_cat=110&ccb=1-7&_nc_sid=50d2ac&_nc_ohc=ET78vRU446YQ7kNvgHkrPJP&_nc_ht=scontent.fslz4-1.fna&_nc_gid=A00slZnRZEsYf1YGizFMn0_&oh=00_AYAhm_7PWLW4GdOOIpzgImQGrgG5af1tWz_YfZ283dlo0g&oe=66FC0F09","https://www.facebook.com/nasir.smk2","Y29tbWVudDo4NDQ5NDYyNjY1MTEyOTE3XzUxMDg4MjQxODM2MjQzOQ==","Bisri Mustofa Alhamdulillah","1"
,,,,,,,,,,,,,,,,"https://www.facebook.com/reel/1239783613826690/?comment_id=510882418362439&reply_comment_id=544449601274499",,,,,,,,,,,,,,,,,,,,,,,,,,,,,,,,"1","2024-09-26T01:48:35.000Z","8449462665112917","https://www.facebook.com/100001478012460/posts/8449462665112917","ZmVlZGJhY2s6ODQ0OTQ2MjY2NTExMjkxN181NDQ0NDk2MDEyNzQ0OTk=","Y29tbWVudDo4NDQ5NDYyNjY1MTEyOTE3XzU0NDQ0OTYwMTI3NDQ5OQ==","https://www.facebook.com/100001478012460/posts/8449462665112917","1","113420435192600",,,"User","100055613311344","Bisri Mustofa","Bisri","Y29tbWVudDo4NDQ5NDYyNjY1MTEyOTE3XzUxMDg4MjQxODM2MjQzOQ==","Alhamdulillah Selamat kepada PT Benih Citra Asia yang telah mendapatkan penghargaan di acara CNN Award 2024. #benihcitraasia #bintangasia #farmer #petani #indonesia #food #hortikultura. Difarina...","100090196839657","Agus Cadra","https://scontent.fslz4-1.fna.fbcdn.net/v/t39.30808-1/451001492_422995557383669_4884090611035953685_n.jpg?stp=cp0_dst-jpg_s32x32&_nc_cat=109&ccb=1-7&_nc_sid=50d2ac&_nc_ohc=k6kbXI17YE0Q7kNvgHrWn44&_nc_ht=scontent.fslz4-1.fna&_nc_gid=A00slZnRZEsYf1YGizFMn0_&oh=00_AYCkIGyuQQS4XF5AhykmE-UeX9ZniQE4zMPjf_NXZNt3Ig&oe=66FC3423","https://www.facebook.com/people/Agus-Cadra/100090196839657/","Y29tbWVudDo4NDQ5NDYyNjY1MTEyOTE3XzUxMDg4MjQxODM2MjQzOQ==","Bisri Mustofa CBA 😁","1"
,,,,,,,,,,,,,,,,"https://www.facebook.com/reel/1239783613826690/?comment_id=510882418362439&reply_comment_id=1022912352946801",,,,,,,,,,,,,,,,,,,,,,,,,,,,,,,,,"2024-09-26T03:02:03.000Z","8449462665112917","https://www.facebook.com/100001478012460/posts/8449462665112917","ZmVlZGJhY2s6ODQ0OTQ2MjY2NTExMjkxN18xMDIyOTEyMzUyOTQ2ODAx","Y29tbWVudDo4NDQ5NDYyNjY1MTEyOTE3XzEwMjI5MTIzNTI5NDY4MDE=","https://www.facebook.com/100001478012460/posts/8449462665112917","0","113420435192600",,,"User","100055613311344","Bisri Mustofa","Bisri","Y29tbWVudDo4NDQ5NDYyNjY1MTEyOTE3XzUxMDg4MjQxODM2MjQzOQ==","Alhamdulillah Selamat kepada PT Benih Citra Asia yang telah mendapatkan penghargaan di acara CNN Award 2024. #benihcitraasia #bintangasia #farmer #petani #indonesia #food #hortikultura. Difarina...","100001478012460","Nasir Bintang Asia","https://scontent.fslz4-1.fna.fbcdn.net/v/t39.30808-1/374566524_6652285924830609_4550832743895994737_n.jpg?stp=cp0_dst-jpg_s32x32&_nc_cat=110&ccb=1-7&_nc_sid=50d2ac&_nc_ohc=ET78vRU446YQ7kNvgHkrPJP&_nc_ht=scontent.fslz4-1.fna&_nc_gid=A00slZnRZEsYf1YGizFMn0_&oh=00_AYAhm_7PWLW4GdOOIpzgImQGrgG5af1tWz_YfZ283dlo0g&oe=66FC0F09","https://www.facebook.com/nasir.smk2","Y29tbWVudDo4NDQ5NDYyNjY1MTEyOTE3XzUxMDg4MjQxODM2MjQzOQ==","Agus Cadra gas bos","2"
,,,,,,,,,,,,,,,,"https://www.facebook.com/reel/1239783613826690/?comment_id=1209763523407227&reply_comment_id=1048293063750491",,,,,,,,,,,,,,,,,,,,,,,,,,,,,,,,,"2024-09-26T03:02:35.000Z","8449462665112917","https://www.facebook.com/100001478012460/posts/8449462665112917","ZmVlZGJhY2s6ODQ0OTQ2MjY2NTExMjkxN18xMDQ4MjkzMDYzNzUwNDkx","Y29tbWVudDo4NDQ5NDYyNjY1MTEyOTE3XzEwNDgyOTMwNjM3NTA0OTE=","https://www.facebook.com/100001478012460/posts/8449462665112917","0","113420435192600",,,"User","pfbid0iSVWYtkuwNoLdGBtnH8q5JWGzt68cpTgWd7b4zcmwfy8LGNmRwow7XpkNZFiPmKwl","Aguesta Azax","Aguesta","Y29tbWVudDo4NDQ5NDYyNjY1MTEyOTE3XzEyMDk3NjM1MjM0MDcyMjc=","Alhamdulillah Selamat kepada PT Benih Citra Asia yang telah mendapatkan penghargaan di acara CNN Award 2024. #benihcitraasia #bintangasia #farmer #petani #indonesia #food #hortikultura. Difarina...","100001478012460","Nasir Bintang Asia","https://scontent-ord5-2.xx.fbcdn.net/v/t39.30808-1/374566524_6652285924830609_4550832743895994737_n.jpg?stp=cp0_dst-jpg_s32x32&_nc_cat=110&ccb=1-7&_nc_sid=50d2ac&_nc_ohc=ET78vRU446YQ7kNvgH8bXN8&_nc_ht=scontent-ord5-2.xx&_nc_gid=ABLIjoNegJQoeY3VrKqbPye&oh=00_AYBrVVr9Z5rRtcQ4Ok_DLrQ8Jjsis97FpINvify12suYtA&oe=66FC0F09","https://www.facebook.com/nasir.smk2","Y29tbWVudDo4NDQ5NDYyNjY1MTEyOTE3XzEyMDk3NjM1MjM0MDcyMjc=","Aguesta Azax Terimakasih mase","1"
,,,,,,,,,,,,,,,,"https://www.facebook.com/reel/1239783613826690/?comment_id=3777655909212002&reply_comment_id=487507194110065",,,,,,,,,,,,,,,,,,,,,,,,,,,,,,,,,"2024-09-26T03:02:21.000Z","8449462665112917","https://www.facebook.com/100001478012460/posts/8449462665112917","ZmVlZGJhY2s6ODQ0OTQ2MjY2NTExMjkxN180ODc1MDcxOTQxMTAwNjU=","Y29tbWVudDo4NDQ5NDYyNjY1MTEyOTE3XzQ4NzUwNzE5NDExMDA2NQ==","https://www.facebook.com/100001478012460/posts/8449462665112917","0","113420435192600",,,"User","100090196839657","Agus Cadra","Agus","Y29tbWVudDo4NDQ5NDYyNjY1MTEyOTE3XzM3Nzc2NTU5MDkyMTIwMDI=","Alhamdulillah Selamat kepada PT Benih Citra Asia yang telah mendapatkan penghargaan di acara CNN Award 2024. #benihcitraasia #bintangasia #farmer #petani #indonesia #food #hortikultura. Difarina...","100001478012460","Nasir Bintang Asia","https://scontent.fpfb5-1.fna.fbcdn.net/v/t39.30808-1/374566524_6652285924830609_4550832743895994737_n.jpg?stp=cp0_dst-jpg_s32x32&_nc_cat=110&ccb=1-7&_nc_sid=50d2ac&_nc_ohc=ET78vRU446YQ7kNvgFhELoU&_nc_ht=scontent.fpfb5-1.fna&_nc_gid=AXDoYLxhETwaAs2FipQDynk&oh=00_AYCJ3vg5h5K76LFBaEzYKOgW4voSpTUDxIt3hNDzbJFBMw&oe=66FC0F09","https://www.facebook.com/nasir.smk2","Y29tbWVudDo4NDQ5NDYyNjY1MTEyOTE3XzM3Nzc2NTU5MDkyMTIwMDI=","Agus Cadra terima kasih mase","1"
,,,,,,,,,,,,,,,,"https://www.facebook.com/reel/1470290380294734/?comment_id=830323349309357",,,,,,,,,,,,,,,"https://www.facebook.com/reel/1470290380294734/?comment_id=830323349309357&reply_comment_id=1315343916095038","2024-09-27T00:52:02.000Z","ZmVlZGJhY2s6ODQ1OTA0MDQxNzQ4ODQ3NV8xMzE1MzQzOTE2MDk1MDM4","Y29tbWVudDo4NDU5MDQwNDE3NDg4NDc1XzEzMTUzNDM5MTYwOTUwMzg=","0","User","100007578522755","Renzy Bintangasia","Renzy","Y29tbWVudDo4NDU5MDQwNDE3NDg4NDc1XzgzMDMyMzM0OTMwOTM1Nw==","100001478012460","Nasir Bintang Asia","https://scontent-sjc3-1.xx.fbcdn.net/v/t39.30808-1/374566524_6652285924830609_4550832743895994737_n.jpg?stp=cp0_dst-jpg_s32x32&_nc_cat=110&ccb=1-7&_nc_sid=50d2ac&_nc_ohc=ET78vRU446YQ7kNvgEwMZxN&_nc_ht=scontent-sjc3-1.xx&_nc_gid=AWVpoRb6rxtlpTLxtllnAJK&oh=00_AYDwQmVptSxRbkBW7FT5Oq-JY-ToQOAzexSWPB2A6uugSA&oe=66FC0F09","https://www.facebook.com/nasir.smk2","Y29tbWVudDo4NDU5MDQwNDE3NDg4NDc1XzgzMDMyMzM0OTMwOTM1Nw==","Renzy Bintangasia belajar mase","1","1","2024-09-27T00:04:10.000Z","8459040417488475","https://www.facebook.com/100001478012460/posts/8459040417488475","ZmVlZGJhY2s6ODQ1OTA0MDQxNzQ4ODQ3NV84MzAzMjMzNDkzMDkzNTc=","Y29tbWVudDo4NDU5MDQwNDE3NDg4NDc1XzgzMDMyMzM0OTMwOTM1Nw==","https://www.facebook.com/100001478012460/posts/8459040417488475","0","113420435192600",,,,,,,,"Gambas/Oyong Bareta F1 masih bisa perform dikondisi vegetatif hampir mati dan kekurangan air. #petani #benihcitraasia #bintangasia #oyong. Diar · Unity Slow","100007578522755","Renzy Bintangasia","https://scontent-sjc3-1.xx.fbcdn.net/v/t39.30808-1/426012403_3605728109689771_2277782955804277447_n.jpg?stp=cp0_dst-jpg_s32x32&_nc_cat=104&ccb=1-7&_nc_sid=50d2ac&_nc_ohc=tTmdX3bXLYAQ7kNvgEGT0QE&_nc_ht=scontent-sjc3-1.xx&_nc_gid=AWVpoRb6rxtlpTLxtllnAJK&oh=00_AYAy1XC8m9bx_P6u4GBoqtARJbozncSixAEQlbSbJ_Di5Q&oe=66FC1E44","https://www.facebook.com/renzi.prayuda",,"Mantap","0"
,,,,,,,,,,,,,,,,"https://www.facebook.com/reel/1470290380294734/?comment_id=8057213601055930",,,,,,,,,,,,,,,"https://www.facebook.com/reel/1470290380294734/?comment_id=8057213601055930&reply_comment_id=1080297440176432","2024-09-27T00:51:48.000Z","ZmVlZGJhY2s6ODQ1OTA0MDQxNzQ4ODQ3NV8xMDgwMjk3NDQwMTc2NDMy","Y29tbWVudDo4NDU5MDQwNDE3NDg4NDc1XzEwODAyOTc0NDAxNzY0MzI=","0","User","100000717205339","Iskandar Pasha","Iskandar","Y29tbWVudDo4NDU5MDQwNDE3NDg4NDc1XzgwNTcyMTM2MDEwNTU5MzA=","100001478012460","Nasir Bintang Asia","https://scontent-sjc3-1.xx.fbcdn.net/v/t39.30808-1/374566524_6652285924830609_4550832743895994737_n.jpg?stp=cp0_dst-jpg_s32x32&_nc_cat=110&ccb=1-7&_nc_sid=50d2ac&_nc_ohc=ET78vRU446YQ7kNvgEwMZxN&_nc_ht=scontent-sjc3-1.xx&_nc_gid=AWVpoRb6rxtlpTLxtllnAJK&oh=00_AYDwQmVptSxRbkBW7FT5Oq-JY-ToQOAzexSWPB2A6uugSA&oe=66FC0F09","https://www.facebook.com/nasir.smk2","Y29tbWVudDo4NDU5MDQwNDE3NDg4NDc1XzgwNTcyMTM2MDEwNTU5MzA=","Iskandar Pasha Siap Ndan","1","1","2024-09-27T00:06:55.000Z","8459040417488475","https://www.facebook.com/100001478012460/posts/8459040417488475","ZmVlZGJhY2s6ODQ1OTA0MDQxNzQ4ODQ3NV84MDU3MjEzNjAxMDU1OTMw","Y29tbWVudDo4NDU5MDQwNDE3NDg4NDc1XzgwNTcyMTM2MDEwNTU5MzA=","https://www.facebook.com/100001478012460/posts/8459040417488475","0","113420435192600",,,,,,,,"Gambas/Oyong Bareta F1 masih bisa perform dikondisi vegetatif hampir mati dan kekurangan air. #petani #benihcitraasia #bintangasia #oyong. Diar · Unity Slow","100000717205339","Iskandar Pasha","https://scontent-sjc3-1.xx.fbcdn.net/v/t39.30808-1/423674968_7488597597840739_5772622095306795147_n.jpg?stp=cp0_dst-jpg_s32x32&_nc_cat=109&ccb=1-7&_nc_sid=50d2ac&_nc_ohc=wXGl-QKaT_4Q7kNvgGesA2-&_nc_ht=scontent-sjc3-1.xx&_nc_gid=AWVpoRb6rxtlpTLxtllnAJK&oh=00_AYDMpVvi7qEyzjqL89O1ik82hm7L7rGGLr9gs5ah4PYgXA&oe=66FC09D5","https://www.facebook.com/iskandar.baiquni",,"Hanoman mo😂🔥","0"
"Sticker",,,"1","83","1","1","1000519493737088","80","https://scontent.fcps4-1.fna.fbcdn.net/v/t39.1997-6/105258811_1000519497070421_1877687988442182543_n.png?stp=cp0_dst-png_s110x80&_nc_cat=1&ccb=1-7&_nc_sid=23dd7b&_nc_ohc=v_JJotnNACUQ7kNvgGHFssx&_nc_ht=scontent.fcps4-1.fna&_nc_gid=AWVpoRb6rxtlpTLxtllnAJK&oh=00_AYCPHz7GPUg90MBFWBBe6Dfk64UHqTtZh6GGkOe6MMxtgg&oe=66FC256B","80","a outstretched arm with a thumbs up. on the arm is written 'great' in indonesian","1000303507092020","Stories Stickers in Feed",,,"https://www.facebook.com/reel/1470290380294734/?comment_id=448702264878775","Sticker","https://scontent.fcps4-1.fna.fbcdn.net/v/t39.1997-6/47055694_1834508303314720_643166924464717824_n.webp?stp=dst-webp_s110x80&_nc_cat=1&ccb=1-7&_nc_sid=ba09c1&_nc_ohc=m9OkAram9jUQ7kNvgFc4G-R&_nc_ht=scontent.fcps4-1.fna&_nc_gid=AWVpoRb6rxtlpTLxtllnAJK&oh=00_AYCUySAR_wQiZYt_xAWqAwnfIaTwvX6BF-NVRjKGnfy8rg&oe=66FC37C9","12","83","3","4","1193278434104380","80","https://scontent.fcps4-1.fna.fbcdn.net/v/t39.1997-6/47614232_1846683475430536_3135922765756891136_n.png?stp=cp0_dst-png_s110x80&_nc_cat=1&ccb=1-7&_nc_sid=23dd7b&_nc_ohc=xr2D55UqW4IQ7kNvgEEg9kG&_nc_ht=scontent.fcps4-1.fna&_nc_gid=AWVpoRb6rxtlpTLxtllnAJK&oh=00_AYAqJ0gOGafgt7Aki5sb8Y17UrxwP-Nzt6IDIn-LkramiA&oe=66FC0AE3","80","Thumbs Up, girl giving thumbs up","1193273174104906","Noo-Hin","https://scontent.fcps4-1.fna.fbcdn.net/v/t39.1997-6/47472862_1846683478763869_5271603212267290624_n.png?stp=dst-png_p240x240&_nc_cat=1&ccb=1-7&_nc_sid=ba09c1&_nc_ohc=I0fODnDfZAYQ7kNvgFdTARx&_nc_ht=scontent.fcps4-1.fna&_nc_gid=AWVpoRb6rxtlpTLxtllnAJK&oh=00_AYCWeN2Kief5JuJj7V9htVDddnxpNjRaClr0DkO4DHdHTw&oe=66FC247E","https://www.facebook.com/reel/1470290380294734/?comment_id=448702264878775&reply_comment_id=884424823613956","2024-09-27T00:51:34.000Z","ZmVlZGJhY2s6ODQ1OTA0MDQxNzQ4ODQ3NV84ODQ0MjQ4MjM2MTM5NTY=","Y29tbWVudDo4NDU5MDQwNDE3NDg4NDc1Xzg4NDQyNDgyMzYxMzk1Ng==","0","User","100054873674004","Bintang Asia Sumbagsel","Bintang","Y29tbWVudDo4NDU5MDQwNDE3NDg4NDc1XzQ0ODcwMjI2NDg3ODc3NQ==","100001478012460","Nasir Bintang Asia","https://scontent-sjc3-1.xx.fbcdn.net/v/t39.30808-1/374566524_6652285924830609_4550832743895994737_n.jpg?stp=cp0_dst-jpg_s32x32&_nc_cat=110&ccb=1-7&_nc_sid=50d2ac&_nc_ohc=ET78vRU446YQ7kNvgEwMZxN&_nc_ht=scontent-sjc3-1.xx&_nc_gid=AWVpoRb6rxtlpTLxtllnAJK&oh=00_AYDwQmVptSxRbkBW7FT5Oq-JY-ToQOAzexSWPB2A6uugSA&oe=66FC0F09","https://www.facebook.com/nasir.smk2","Y29tbWVudDo4NDU5MDQwNDE3NDg4NDc1XzQ0ODcwMjI2NDg3ODc3NQ==","Bintang Asia Sumbagsel","1","1","2024-09-27T00:28:24.000Z","8459040417488475","https://www.facebook.com/100001478012460/posts/8459040417488475","ZmVlZGJhY2s6ODQ1OTA0MDQxNzQ4ODQ3NV80NDg3MDIyNjQ4Nzg3NzU=","Y29tbWVudDo4NDU5MDQwNDE3NDg4NDc1XzQ0ODcwMjI2NDg3ODc3NQ==","https://www.facebook.com/100001478012460/posts/8459040417488475","0","113420435192600",,,,,,,,"Gambas/Oyong Bareta F1 masih bisa perform dikondisi vegetatif hampir mati dan kekurangan air. #petani #benihcitraasia #bintangasia #oyong. Diar · Unity Slow","100054873674004","Bintang Asia Sumbagsel","https://scontent-sjc3-1.xx.fbcdn.net/v/t39.30808-1/433036366_937672538071860_589780860167365947_n.jpg?stp=cp0_dst-jpg_s32x32&_nc_cat=106&ccb=1-7&_nc_sid=50d2ac&_nc_ohc=iZ7QBe8ruNgQ7kNvgFgqfgT&_nc_ht=scontent-sjc3-1.xx&_nc_gid=AWVpoRb6rxtlpTLxtllnAJK&oh=00_AYACYafWoptspC_MzoJaI069_KUKr4dmeIuJy1AmOm3Rbg&oe=66FC20B9","https://www.facebook.com/@bintang.a.jambi/",,,"0"
"Sticker",,"https://scontent.flim2-1.fna.fbcdn.net/v/t39.1997-6/47055694_1834508303314720_643166924464717824_n.webp?stp=dst-webp_s110x80&_nc_cat=1&ccb=1-7&_nc_sid=ba09c1&_nc_ohc=m9OkAram9jUQ7kNvgHmCpRw&_nc_ht=scontent.flim2-1.fna&_nc_gid=AGHk_Nc9T-yT8Rctlf2BKFD&oh=00_AYAA-_dSa2Wg9cjZ4ZZ2n4TcxAdMxzuAFoF9Vl_dHql1pw&oe=66FC37C9","12","83","3","4","1193278434104380","80","https://scontent.flim2-1.fna.fbcdn.net/v/t39.1997-6/47614232_1846683475430536_3135922765756891136_n.png?stp=cp0_dst-png_s110x80&_nc_cat=1&ccb=1-7&_nc_sid=23dd7b&_nc_ohc=xr2D55UqW4IQ7kNvgEwmCQE&_nc_ht=scontent.flim2-1.fna&_nc_gid=AGHk_Nc9T-yT8Rctlf2BKFD&oh=00_AYD7R89W7fIXYiCdIml9zlAwiDrWe9EuEPOVWlzSEWdRDg&oe=66FC0AE3","80","Thumbs Up, girl giving thumbs up","1193273174104906","Noo-Hin",,"https://scontent.flim2-1.fna.fbcdn.net/v/t39.1997-6/47472862_1846683478763869_5271603212267290624_n.png?stp=dst-png_p240x240&_nc_cat=1&ccb=1-7&_nc_sid=ba09c1&_nc_ohc=I0fODnDfZAYQ7kNvgE9fjqJ&_nc_ht=scontent.flim2-1.fna&_nc_gid=AGHk_Nc9T-yT8Rctlf2BKFD&oh=00_AYAK3zCAinRAzmR080in_T8KfUZ4C9ZryZZXMVM22w2LvA&oe=66FC247E","https://www.facebook.com/reel/1470290380294734/?comment_id=448702264878775&reply_comment_id=884424823613956",,,,,,,,,,,,,,,,,,,,,,,,,,,,,,,,,"2024-09-27T00:51:34.000Z","8459040417488475","https://www.facebook.com/100001478012460/posts/8459040417488475","ZmVlZGJhY2s6ODQ1OTA0MDQxNzQ4ODQ3NV84ODQ0MjQ4MjM2MTM5NTY=","Y29tbWVudDo4NDU5MDQwNDE3NDg4NDc1Xzg4NDQyNDgyMzYxMzk1Ng==","https://www.facebook.com/100001478012460/posts/8459040417488475","0","113420435192600",,,"User","100054873674004","Bintang Asia Sumbagsel","Bintang","Y29tbWVudDo4NDU5MDQwNDE3NDg4NDc1XzQ0ODcwMjI2NDg3ODc3NQ==","Gambas/Oyong Bareta F1 masih bisa perform dikondisi vegetatif hampir mati dan kekurangan air. #petani #benihcitraasia #bintangasia #oyong. Diar · Unity Slow","100001478012460","Nasir Bintang Asia","https://scontent.flim2-1.fna.fbcdn.net/v/t39.30808-1/374566524_6652285924830609_4550832743895994737_n.jpg?stp=cp0_dst-jpg_s32x32&_nc_cat=110&ccb=1-7&_nc_sid=50d2ac&_nc_ohc=ET78vRU446YQ7kNvgHa1clt&_nc_ht=scontent.flim2-1.fna&_nc_gid=AGHk_Nc9T-yT8Rctlf2BKFD&oh=00_AYA9NDUlGUzonnsN82iPtj_MPTCekCI0BP35-8Jg26Psgg&oe=66FC0F09","https://www.facebook.com/nasir.smk2","Y29tbWVudDo4NDU5MDQwNDE3NDg4NDc1XzQ0ODcwMjI2NDg3ODc3NQ==","Bintang Asia Sumbagsel","1"
,,,,,,,,,,,,,,,,"https://www.facebook.com/reel/1470290380294734/?comment_id=830323349309357&reply_comment_id=1315343916095038",,,,,,,,,,,,,,,,,,,,,,,,,,,,,,,,,"2024-09-27T00:52:02.000Z","8459040417488475","https://www.facebook.com/100001478012460/posts/8459040417488475","ZmVlZGJhY2s6ODQ1OTA0MDQxNzQ4ODQ3NV8xMzE1MzQzOTE2MDk1MDM4","Y29tbWVudDo4NDU5MDQwNDE3NDg4NDc1XzEzMTUzNDM5MTYwOTUwMzg=","https://www.facebook.com/100001478012460/posts/8459040417488475","0","113420435192600",,,"User","100007578522755","Renzy Bintangasia","Renzy","Y29tbWVudDo4NDU5MDQwNDE3NDg4NDc1XzgzMDMyMzM0OTMwOTM1Nw==","Gambas/Oyong Bareta F1 masih bisa perform dikondisi vegetatif hampir mati dan kekurangan air. #petani #benihcitraasia #bintangasia #oyong. Diar · Unity Slow","100001478012460","Nasir Bintang Asia","https://scontent.fman1-1.fna.fbcdn.net/v/t39.30808-1/374566524_6652285924830609_4550832743895994737_n.jpg?stp=cp0_dst-jpg_s32x32&_nc_cat=110&ccb=1-7&_nc_sid=50d2ac&_nc_ohc=ET78vRU446YQ7kNvgHcwb75&_nc_ht=scontent.fman1-1.fna&_nc_gid=A7SMeLPAMP6z5CpKzCBC6sI&oh=00_AYC1fGIXKd-JsYSPXIB71udoqfS9MFKjeSCJtEVcXaZswg&oe=66FC0F09","https://www.facebook.com/nasir.smk2","Y29tbWVudDo4NDU5MDQwNDE3NDg4NDc1XzgzMDMyMzM0OTMwOTM1Nw==","Renzy Bintangasia belajar mase","1"
,,,,,,,,,,,,,,,,"https://www.facebook.com/reel/1470290380294734/?comment_id=8057213601055930&reply_comment_id=1080297440176432",,,,,,,,,,,,,,,,,,,,,,,,,,,,,,,,,"2024-09-27T00:51:48.000Z","8459040417488475","https://www.facebook.com/100001478012460/posts/8459040417488475","ZmVlZGJhY2s6ODQ1OTA0MDQxNzQ4ODQ3NV8xMDgwMjk3NDQwMTc2NDMy","Y29tbWVudDo4NDU5MDQwNDE3NDg4NDc1XzEwODAyOTc0NDAxNzY0MzI=","https://www.facebook.com/100001478012460/posts/8459040417488475","0","113420435192600",,,"User","100000717205339","Iskandar Pasha","Iskandar","Y29tbWVudDo4NDU5MDQwNDE3NDg4NDc1XzgwNTcyMTM2MDEwNTU5MzA=","Gambas/Oyong Bareta F1 masih bisa perform dikondisi vegetatif hampir mati dan kekurangan air. #petani #benihcitraasia #bintangasia #oyong. Diar · Unity Slow","100001478012460","Nasir Bintang Asia","https://scontent-atl3-1.xx.fbcdn.net/v/t39.30808-1/374566524_6652285924830609_4550832743895994737_n.jpg?stp=cp0_dst-jpg_s32x32&_nc_cat=110&ccb=1-7&_nc_sid=50d2ac&_nc_ohc=ET78vRU446YQ7kNvgGcB_6b&_nc_ht=scontent-atl3-1.xx&_nc_gid=AfHTU9EGGWJAwSY4Rg-jP5z&oh=00_AYCNPKINAdWwTl2w0PdcBurzwnl0ELRKFL3ii31eS4QIPg&oe=66FC0F09","https://www.facebook.com/nasir.smk2","Y29tbWVudDo4NDU5MDQwNDE3NDg4NDc1XzgwNTcyMTM2MDEwNTU5MzA=","Iskandar Pasha Siap Ndan","1"
