﻿"author","authorIsChannelOwner","channelAvatarUrl","channelBannerUrl","channelDescription","channelId","channelJoinedDate","channelLocation","channelName","channelTotalVideos","channelTotalViews","channelUrl","cid","comment","comments","commentsCount","commentsTurnedOff","date","descriptionLinks","duration","fromYTUrl","hasCreatorHeart","id","input","inputChannelUrl","isAgeRestricted","isChannelVerified","isMonetized","likes","location","note","numberOfSubscribers","order","pageUrl","publishedTimeText","replyCount","replyToCid","subtitles","text","thumbnailUrl","title","type","url","videoId","viewCount","voteCount"
,,,,,,,,,,,,,,,,,,,,,,,"https://www.youtube.com/@IjunChannelBintangAsia/about",,,,,,,"The channel has no live videos.",,,,,,,,,,,,"https://www.youtube.com/@IjunChannelBintangAsia/about",,,
,,,,,"UC2ykkCz_Jcei_upCvHXlK4Q",,,"Ijun Channel Bintang Asia",,,"https://www.youtube.com/@IjunChannelBintangAsia",,,,"3",,"2024-09-13T00:00:00.000Z",,,,,"RWMSkd2Bc3A",,,,,,"8",,,,,,,,,,,,"Petani menanam semangka maduri dan indenn","shorts","https://www.youtube.com/shorts/RWMSkd2Bc3A",,"573",
,,,,,"UC2ykkCz_Jcei_upCvHXlK4Q",,,"Ijun Channel Bintang Asia",,,"https://www.youtube.com/@IjunChannelBintangAsia",,,,"4",,"2024-09-03T00:00:00.000Z",,,,,"LgDhy1A2H6M",,,,,,"2",,,,,,,,,,,,"Jagung hibrida betras 10","shorts","https://www.youtube.com/shorts/LgDhy1A2H6M",,"553",
,,,,,"UC2ykkCz_Jcei_upCvHXlK4Q",,,"Ijun Channel Bintang Asia",,,"https://www.youtube.com/@IjunChannelBintangAsia",,,,"0",,"2024-09-14T13:41:07.000Z",,,,,"l9HT0mqs-4A",,,,,,"2",,,,,,,,,,,,"Alasan bpk kamim menanam semangma maduri","shorts","https://www.youtube.com/shorts/l9HT0mqs-4A",,"1209",
,,"https://yt3.googleusercontent.com/-eLLsRb4Uk9WIz-1mU0sfD2kUSKDcBpxvwLNaxoo5nh8SQkcRdmaoDN-AjB_MUeHbT_zpykTF5Q=s160-c-k-c0x00ffffff-no-rj","https://yt3.googleusercontent.com/v-cvSIUgxxDrJpDooECDLFN1LYWfgOtFkvcGtXTv4ww_qoOmquicfkXFK1IGU_8fP6jNd6gFXg=w2560-fcrop64=1,00005a57ffffa5a8-k-c0xffffffff-no-nd-rj","Chanel ini berisi tentang dunia pertanian","UC2ykkCz_Jcei_upCvHXlK4Q","Apr 23, 2016","Indonesia","Ijun Channel Bintang Asia","144","179461","https://www.youtube.com/channel/UC2ykkCz_Jcei_upCvHXlK4Q",,,,"0",,"2024-01-24T00:00:00.000Z",,,"https://www.youtube.com/@IjunChannelBintangAsia/shorts",,"HtAa6m9sX6c",,"https://www.youtube.com/@IjunChannelBintangAsia/about","false","false",,"6",,,"763","34",,,,,,,"https://i.ytimg.com/vi/HtAa6m9sX6c/oar2.jpg","TOMAT NATAVI MANTAP","shorts","https://www.youtube.com/shorts/HtAa6m9sX6c",,"230",
,,,,,"UC2ykkCz_Jcei_upCvHXlK4Q",,,"Ijun Channel Bintang Asia",,,"https://www.youtube.com/@IjunChannelBintangAsia",,,,"1",,"2024-09-11T10:34:39.000Z",,,,,"UN94Oj6YxCo",,,,,,"3",,,,,,,,,,,,"Cabai besar hagan f1","shorts","https://www.youtube.com/shorts/UN94Oj6YxCo",,"252",
,,"https://yt3.googleusercontent.com/-eLLsRb4Uk9WIz-1mU0sfD2kUSKDcBpxvwLNaxoo5nh8SQkcRdmaoDN-AjB_MUeHbT_zpykTF5Q=s160-c-k-c0x00ffffff-no-rj","https://yt3.googleusercontent.com/v-cvSIUgxxDrJpDooECDLFN1LYWfgOtFkvcGtXTv4ww_qoOmquicfkXFK1IGU_8fP6jNd6gFXg=w2560-fcrop64=1,00005a57ffffa5a8-k-c0xffffffff-no-nd-rj","Chanel ini berisi tentang dunia pertanian","UC2ykkCz_Jcei_upCvHXlK4Q","Apr 23, 2016","Indonesia","Ijun Channel Bintang Asia","144","179461","https://www.youtube.com/channel/UC2ykkCz_Jcei_upCvHXlK4Q",,,,"2",,"2024-01-25T10:33:19.000Z",,,"https://www.youtube.com/@IjunChannelBintangAsia/shorts",,"v0gEiX1kpYg",,"https://www.youtube.com/@IjunChannelBintangAsia/about","false","false",,"6",,,"763","33",,,,,,,"https://i.ytimg.com/vi/v0gEiX1kpYg/oar2.jpg?sqp=-oaymwEdCJUDENAFSFWQAgHyq4qpAwwIARUAAIhCcAHAAQY=&rs=AOn4CLD6_HOvpKlrMZUG71OsShvCDMI8Ow","MELON KABITA TIPE HONEY DEW","shorts","https://www.youtube.com/shorts/v0gEiX1kpYg",,"493",
,,"https://yt3.googleusercontent.com/-eLLsRb4Uk9WIz-1mU0sfD2kUSKDcBpxvwLNaxoo5nh8SQkcRdmaoDN-AjB_MUeHbT_zpykTF5Q=s160-c-k-c0x00ffffff-no-rj","https://yt3.googleusercontent.com/v-cvSIUgxxDrJpDooECDLFN1LYWfgOtFkvcGtXTv4ww_qoOmquicfkXFK1IGU_8fP6jNd6gFXg=w2560-fcrop64=1,00005a57ffffa5a8-k-c0xffffffff-no-nd-rj","Chanel ini berisi tentang dunia pertanian","UC2ykkCz_Jcei_upCvHXlK4Q","Apr 23, 2016","Indonesia","Ijun Channel Bintang Asia","144","179461","https://www.youtube.com/channel/UC2ykkCz_Jcei_upCvHXlK4Q",,,,"0",,"2024-01-31T07:18:52.000Z",,,"https://www.youtube.com/@IjunChannelBintangAsia/shorts",,"w94tZFvVIlw",,"https://www.youtube.com/@IjunChannelBintangAsia/about","false","false",,"8",,,"763","32",,,,,,,"https://i.ytimg.com/vi/w94tZFvVIlw/oar2.jpg?sqp=-oaymwEdCJUDENAFSFWQAgHyq4qpAwwIARUAAIhCcAHAAQY=&rs=AOn4CLDK4je17fYrSmcmac72UfPO63Jxag","TANAM BETRAS 32","shorts","https://www.youtube.com/shorts/w94tZFvVIlw",,"223",
,,,,,"UC2ykkCz_Jcei_upCvHXlK4Q",,,"Ijun Channel Bintang Asia",,,"https://www.youtube.com/@IjunChannelBintangAsia",,,,"0","false","2024-10-10T04:39:48.000Z",,"00:02:36",,,"Isaiu73PQAg",,,,,,"0",,,"763",,,,,,,"","https://i.ytimg.com/vi/Isaiu73PQAg/hqdefault.jpg","PROSES KASTRASI DAN POLINASI TANAMAN TOMAT DAN CABAI DI PT. BENIH CITRA ASIA","video","https://www.youtube.com/watch?v=Isaiu73PQAg",,"0",
"@devitriono7416","false",,,,,,,,,,,"UgybLlTdtnIlsJY1Nr14AaABAg","Mau beli bibit damara tapi kosong dimana ya belinye",,"6",,,,,,"false",,,,,,,,,,,,"https://www.youtube.com/watch?v=wh9JFJtJ_nI","2 days ago","5",,,,,"BOOTCAMP INFLUENCER HARI 1. PART 1 AULA PT. BENIH CITRA ASIA","comment",,"wh9JFJtJ_nI",,"0"
,,,,,"UC2ykkCz_Jcei_upCvHXlK4Q",,,"Ijun Channel Bintang Asia",,,"https://www.youtube.com/@IjunChannelBintangAsia",,,,"0","false","2024-10-09T12:37:22.000Z",,"00:02:28",,,"Uav5heWG15c",,,,,,"0",,,"763",,,,,,,"","https://i.ytimg.com/vi/Uav5heWG15c/hqdefault.jpg","BENIH JAGUNG DAN PADI!! PROSES PENANGANAN BENIH DARI AWAL SAMPAI AKHIR","video","https://www.youtube.com/watch?v=Uav5heWG15c",,"7",
,,"https://yt3.googleusercontent.com/-eLLsRb4Uk9WIz-1mU0sfD2kUSKDcBpxvwLNaxoo5nh8SQkcRdmaoDN-AjB_MUeHbT_zpykTF5Q=s160-c-k-c0x00ffffff-no-rj","https://yt3.googleusercontent.com/v-cvSIUgxxDrJpDooECDLFN1LYWfgOtFkvcGtXTv4ww_qoOmquicfkXFK1IGU_8fP6jNd6gFXg=w2560-fcrop64=1,00005a57ffffa5a8-k-c0xffffffff-no-nd-rj","Chanel ini berisi tentang dunia pertanian","UC2ykkCz_Jcei_upCvHXlK4Q","Apr 23, 2016","Indonesia","Ijun Channel Bintang Asia","144","179461","https://www.youtube.com/channel/UC2ykkCz_Jcei_upCvHXlK4Q",,,,"0",,"2024-01-31T12:49:43.000Z",,,"https://www.youtube.com/@IjunChannelBintangAsia/shorts",,"S0vzMMAjWmQ",,"https://www.youtube.com/@IjunChannelBintangAsia/about","false","false",,"26",,,"763","31",,,,,,,"https://i.ytimg.com/vi/S0vzMMAjWmQ/oardefault.jpg?sqp=-oaymwEdCJUDENAFSFWQAgHyq4qpAwwIARUAAIhCcAHAAQY=&rs=AOn4CLCcjX96fwKE0bQ3NNxsJlA6hU-a4w","CARA MEMBUAT BOKASHI","shorts","https://www.youtube.com/shorts/S0vzMMAjWmQ",,"2594",
"@soeprayuego","false",,,,,,,,,,,"Ugyz8PpXuNGnQLxNQeN4AaABAg","Mantap Cabenya Om",,"8",,,,,,"false",,,,,,,,,,,,"https://www.youtube.com/watch?v=WCGbHVvea8Q","2 weeks ago","1",,,,,"REVIEW CABAI BESAR HAGAN F1 DARI BINTANG ASIA","comment",,"WCGbHVvea8Q",,"0"
"@pecintatanaman","false",,,,,,,,,,,"UgwR_1iV9WbjP0iVKEx4AaABAg","review cebe besar dari bintang asia",,"8",,,,,,"true",,,,,,,,,,,,"https://www.youtube.com/watch?v=WCGbHVvea8Q","3 weeks ago","0",,,,,"REVIEW CABAI BESAR HAGAN F1 DARI BINTANG ASIA","comment",,"WCGbHVvea8Q",,"0"
"@Irfan01-sy2uy","false",,,,,,,,,,,"UgxFSkOaqiK3YC5TA_54AaABAg","Wah ini, saya tanam petik ke 4 sudah dapat 3 ton lebih. hagan mantap",,"8",,,,,,"true",,,,,,,,,,,,"https://www.youtube.com/watch?v=WCGbHVvea8Q","3 weeks ago","1",,,,,"REVIEW CABAI BESAR HAGAN F1 DARI BINTANG ASIA","comment",,"WCGbHVvea8Q",,"0"
"@opeqbintangasia","false",,,,,,,,,,,"UgzzzwAecmPM9Zfb6TJ4AaABAg","Tahan virus, buah hijau terang, sangat lebat, tegak dan kompak, warna buah panen merah menyala.",,"8",,,,,,"true",,,,,,,,,,,,"https://www.youtube.com/watch?v=WCGbHVvea8Q","3 weeks ago","0",,,,,"REVIEW CABAI BESAR HAGAN F1 DARI BINTANG ASIA","comment",,"WCGbHVvea8Q",,"0"
"@rahmatjanur-w4j","false",,,,,,,,,,,"UgyEH753TosH-MUjkQl4AaABAg","daerah mana bos",,"8",,,,,,"true",,,,,,,,,,,,"https://www.youtube.com/watch?v=WCGbHVvea8Q","3 weeks ago","1",,,,,"REVIEW CABAI BESAR HAGAN F1 DARI BINTANG ASIA","comment",,"WCGbHVvea8Q",,"0"
,,"https://yt3.googleusercontent.com/-eLLsRb4Uk9WIz-1mU0sfD2kUSKDcBpxvwLNaxoo5nh8SQkcRdmaoDN-AjB_MUeHbT_zpykTF5Q=s160-c-k-c0x00ffffff-no-rj","https://yt3.googleusercontent.com/v-cvSIUgxxDrJpDooECDLFN1LYWfgOtFkvcGtXTv4ww_qoOmquicfkXFK1IGU_8fP6jNd6gFXg=w2560-fcrop64=1,00005a57ffffa5a8-k-c0xffffffff-no-nd-rj","Chanel ini berisi tentang dunia pertanian","UC2ykkCz_Jcei_upCvHXlK4Q","Apr 23, 2016","Indonesia","Ijun Channel Bintang Asia","144","179461","https://www.youtube.com/channel/UC2ykkCz_Jcei_upCvHXlK4Q",,,,"0",,"2024-01-31T00:00:00.000Z",,,"https://www.youtube.com/@IjunChannelBintangAsia/shorts",,"uizGaloJXOI",,"https://www.youtube.com/@IjunChannelBintangAsia/about","false","false",,"2",,,"763","30",,,,,,,"https://i.ytimg.com/vi/uizGaloJXOI/oardefault.jpg?sqp=-oaymwEdCJUDENAFSFWQAgHyq4qpAwwIARUAAIhCcAHAAQY=&rs=AOn4CLC_Sfkagl8o2WOpQwGiAHKh3QC-Hw","MELON MERLIN","shorts","https://www.youtube.com/shorts/uizGaloJXOI",,"52",
"@sutajiji2395","false",,,,,,,,,,,"UgxstfE9jntbSQYX5D94AaABAg","semanis laba nya ....bung",,"5",,,,,,"false",,,,,,,,,,,,"https://www.youtube.com/watch?v=APy_NhcLziM","13 days ago","1",,,,,"PETANI JOMBANG MENANANM SEMANGKA MADURI F1 DAN INDEN F1!!!! KALIAN KAPAN?","comment",,"APy_NhcLziM",,"0"
"@m.iqbalagustiana220","false",,,,,,,,,,,"Ugwu4urNH9WvIEWQD7R4AaABAg","Inden Kuning luar-dalam, manis sekali",,"5",,,,,,"true",,,,,,,,,,,,"https://www.youtube.com/watch?v=APy_NhcLziM","3 weeks ago","0",,,,,"PETANI JOMBANG MENANANM SEMANGKA MADURI F1 DAN INDEN F1!!!! KALIAN KAPAN?","comment",,"APy_NhcLziM",,"1"
"@opeqbintangasia","false",,,,,,,,,,,"Ugyt52lcmi5h2KevqO94AaABAg","Semangka Maduri...
- Selain Perawatannya Mudah, Buahnya Banyak.
- Petani senang karena buahnya lebat.
- Bakulnya seneng sama Maduri",,"5",,,,,,"true",,,,,,,,,,,,"https://www.youtube.com/watch?v=APy_NhcLziM","3 weeks ago","0",,,,,"PETANI JOMBANG MENANANM SEMANGKA MADURI F1 DAN INDEN F1!!!! KALIAN KAPAN?","comment",,"APy_NhcLziM",,"0"
"@agungkurniawan6177","false",,,,,,,,,,,"UgwywwguF5MV6oqPE2t4AaABAg","Mantap Semangkanya!",,"5",,,,,,"true",,,,,,,,,,,,"https://www.youtube.com/watch?v=APy_NhcLziM","3 weeks ago","0",,,,,"PETANI JOMBANG MENANANM SEMANGKA MADURI F1 DAN INDEN F1!!!! KALIAN KAPAN?","comment",,"APy_NhcLziM",,"1"
"@IjunChannelBintangAsia","true",,,,,,,,,,,"UgybLlTdtnIlsJY1Nr14AaABAg.A9JUyRahPNrA9JjwUuNojB","Ini ada 10 pc ka klau mau",,"6",,,,,,"false",,,,,,,,,,,,"https://www.youtube.com/watch?v=wh9JFJtJ_nI","2 days ago","0","UgybLlTdtnIlsJY1Nr14AaABAg",,,,"BOOTCAMP INFLUENCER HARI 1. PART 1 AULA PT. BENIH CITRA ASIA","reply",,"wh9JFJtJ_nI",,"0"
"@devitriono7416","false",,,,,,,,,,,"UgybLlTdtnIlsJY1Nr14AaABAg.A9JUyRahPNrA9JkLdTh-5x"," @IjunChannelBintangAsia  link atau wanya kak",,"6",,,,,,"false",,,,,,,,,,,,"https://www.youtube.com/watch?v=wh9JFJtJ_nI","2 days ago","0","UgybLlTdtnIlsJY1Nr14AaABAg",,,,"BOOTCAMP INFLUENCER HARI 1. PART 1 AULA PT. BENIH CITRA ASIA","reply",,"wh9JFJtJ_nI",,"0"
"@IjunChannelBintangAsia","true",,,,,,,,,,,"UgybLlTdtnIlsJY1Nr14AaABAg.A9JUyRahPNrA9JlTN2lqZE","@devitriono7416 082132058796",,"6",,,,,,"false",,,,,,,,,,,,"https://www.youtube.com/watch?v=wh9JFJtJ_nI","2 days ago","0","UgybLlTdtnIlsJY1Nr14AaABAg",,,,"BOOTCAMP INFLUENCER HARI 1. PART 1 AULA PT. BENIH CITRA ASIA","reply",,"wh9JFJtJ_nI",,"0"
"@SardiYono-nd2ji","false",,,,,,,,,,,"UgybLlTdtnIlsJY1Nr14AaABAg.A9JUyRahPNrA9Ni1NRtPeS","Bibit melon Merlin ada pak",,"6",,,,,,"false",,,,,,,,,,,,"https://www.youtube.com/watch?v=wh9JFJtJ_nI","14 hours ago","0","UgybLlTdtnIlsJY1Nr14AaABAg",,,,"BOOTCAMP INFLUENCER HARI 1. PART 1 AULA PT. BENIH CITRA ASIA","reply",,"wh9JFJtJ_nI",,"0"
"@IjunChannelBintangAsia","true",,,,,,,,,,,"UgybLlTdtnIlsJY1Nr14AaABAg.A9JUyRahPNrA9OJayoze6d","@SardiYono-nd2ji wilayah mana ka",,"6",,,,,,"false",,,,,,,,,,,,"https://www.youtube.com/watch?v=wh9JFJtJ_nI","9 hours ago","0","UgybLlTdtnIlsJY1Nr14AaABAg",,,,"BOOTCAMP INFLUENCER HARI 1. PART 1 AULA PT. BENIH CITRA ASIA","reply",,"wh9JFJtJ_nI",,"0"
,,"https://yt3.googleusercontent.com/-eLLsRb4Uk9WIz-1mU0sfD2kUSKDcBpxvwLNaxoo5nh8SQkcRdmaoDN-AjB_MUeHbT_zpykTF5Q=s160-c-k-c0x00ffffff-no-rj","https://yt3.googleusercontent.com/v-cvSIUgxxDrJpDooECDLFN1LYWfgOtFkvcGtXTv4ww_qoOmquicfkXFK1IGU_8fP6jNd6gFXg=w2560-fcrop64=1,00005a57ffffa5a8-k-c0xffffffff-no-nd-rj","Chanel ini berisi tentang dunia pertanian","UC2ykkCz_Jcei_upCvHXlK4Q","Apr 23, 2016","Indonesia","Ijun Channel Bintang Asia","144","179461","https://www.youtube.com/channel/UC2ykkCz_Jcei_upCvHXlK4Q",,,,"0",,"2024-02-11T15:18:07.000Z",,,"https://www.youtube.com/@IjunChannelBintangAsia/shorts",,"QwTTppPoWb8",,"https://www.youtube.com/@IjunChannelBintangAsia/about","false","false",,"17",,,"763","28",,,,,,,"https://i.ytimg.com/vi/QwTTppPoWb8/oardefault.jpg?sqp=-oaymwEdCJUDENAFSFWQAgHyq4qpAwwIARUAAIhCcAHAAQY=&rs=AOn4CLBu_I0BLkh9YKunJGTB8R25BQnEFw","MELON JUMBO F1","shorts","https://www.youtube.com/shorts/QwTTppPoWb8",,"1131",
"@IjunChannelBintangAsia","true",,,,,,,,,,,"UgxstfE9jntbSQYX5D94AaABAg.A8r26luznofA8r2U0yyEXp","Wilayah mana bang",,"5",,,,,,"false",,,,,,,,,,,,"https://www.youtube.com/watch?v=APy_NhcLziM","13 days ago","0","UgxstfE9jntbSQYX5D94AaABAg",,,,"PETANI JOMBANG MENANANM SEMANGKA MADURI F1 DAN INDEN F1!!!! KALIAN KAPAN?","reply",,"APy_NhcLziM",,"0"
,,"https://yt3.googleusercontent.com/-eLLsRb4Uk9WIz-1mU0sfD2kUSKDcBpxvwLNaxoo5nh8SQkcRdmaoDN-AjB_MUeHbT_zpykTF5Q=s160-c-k-c0x00ffffff-no-rj","https://yt3.googleusercontent.com/v-cvSIUgxxDrJpDooECDLFN1LYWfgOtFkvcGtXTv4ww_qoOmquicfkXFK1IGU_8fP6jNd6gFXg=w2560-fcrop64=1,00005a57ffffa5a8-k-c0xffffffff-no-nd-rj","Chanel ini berisi tentang dunia pertanian","UC2ykkCz_Jcei_upCvHXlK4Q","Apr 23, 2016","Indonesia","Ijun Channel Bintang Asia","144","179461","https://www.youtube.com/channel/UC2ykkCz_Jcei_upCvHXlK4Q",,,,"0",,"2024-02-01T07:59:31.000Z",,,"https://www.youtube.com/@IjunChannelBintangAsia/shorts",,"uVXKf5mcHMM",,"https://www.youtube.com/@IjunChannelBintangAsia/about","false","false",,"6",,,"763","29",,,,,,,"https://i.ytimg.com/vi/uVXKf5mcHMM/oardefault.jpg?sqp=-oaymwEdCJUDENAFSFWQAgHyq4qpAwwIARUAAIhCcAHAAQY=&rs=AOn4CLDaALY0ZV6PawOagSWpAn82VeD7Wg","CARA MEMBUAT BOKASHI DARI JERAMI","shorts","https://www.youtube.com/shorts/uVXKf5mcHMM",,"228",
"@IjunChannelBintangAsia","true",,,,,,,,,,,"Ugyz8PpXuNGnQLxNQeN4AaABAg.A8lkC4olEjZA8lklVoVoR3","Ayo ka di coba",,"8",,,,,,"false",,,,,,,,,,,,"https://www.youtube.com/watch?v=WCGbHVvea8Q","2 weeks ago","0","Ugyz8PpXuNGnQLxNQeN4AaABAg",,,,"REVIEW CABAI BESAR HAGAN F1 DARI BINTANG ASIA","reply",,"WCGbHVvea8Q",,"0"
,,"https://yt3.googleusercontent.com/-eLLsRb4Uk9WIz-1mU0sfD2kUSKDcBpxvwLNaxoo5nh8SQkcRdmaoDN-AjB_MUeHbT_zpykTF5Q=s160-c-k-c0x00ffffff-no-rj","https://yt3.googleusercontent.com/v-cvSIUgxxDrJpDooECDLFN1LYWfgOtFkvcGtXTv4ww_qoOmquicfkXFK1IGU_8fP6jNd6gFXg=w2560-fcrop64=1,00005a57ffffa5a8-k-c0xffffffff-no-nd-rj","Chanel ini berisi tentang dunia pertanian","UC2ykkCz_Jcei_upCvHXlK4Q","Apr 23, 2016","Indonesia","Ijun Channel Bintang Asia","144","179461","https://www.youtube.com/channel/UC2ykkCz_Jcei_upCvHXlK4Q",,,,"0",,"2024-02-12T10:19:36.000Z",,,"https://www.youtube.com/@IjunChannelBintangAsia/shorts",,"g0WDNNda8AU",,"https://www.youtube.com/@IjunChannelBintangAsia/about","false","false",,"3",,,"763","27",,,,,,,"https://i.ytimg.com/vi/g0WDNNda8AU/oardefault.jpg?sqp=-oaymwEdCJUDENAFSFWQAgHyq4qpAwwIARUAAIhCcAHAAQY=&rs=AOn4CLBkpk5VhsEaiNByPMjcRI1FPWje2w","MELON JUMBO F1 MELUNCUR","shorts","https://www.youtube.com/shorts/g0WDNNda8AU",,"340",
,,"https://yt3.googleusercontent.com/-eLLsRb4Uk9WIz-1mU0sfD2kUSKDcBpxvwLNaxoo5nh8SQkcRdmaoDN-AjB_MUeHbT_zpykTF5Q=s160-c-k-c0x00ffffff-no-rj","https://yt3.googleusercontent.com/v-cvSIUgxxDrJpDooECDLFN1LYWfgOtFkvcGtXTv4ww_qoOmquicfkXFK1IGU_8fP6jNd6gFXg=w2560-fcrop64=1,00005a57ffffa5a8-k-c0xffffffff-no-nd-rj","Chanel ini berisi tentang dunia pertanian","UC2ykkCz_Jcei_upCvHXlK4Q","Apr 23, 2016","Indonesia","Ijun Channel Bintang Asia","144","179461","https://www.youtube.com/channel/UC2ykkCz_Jcei_upCvHXlK4Q",,,,"0",,"2024-02-23T09:25:26.000Z",,,"https://www.youtube.com/@IjunChannelBintangAsia/shorts",,"GglOf2gSHIY",,"https://www.youtube.com/@IjunChannelBintangAsia/about","false","false",,"8",,,"763","26",,,,,,,"https://i.ytimg.com/vi/GglOf2gSHIY/oar2.jpg?sqp=-oaymwEdCJUDENAFSFWQAgHyq4qpAwwIARUAAIhCcAHAAQY=&rs=AOn4CLAtpc8yqiANpy8G5RlVFXO74ObG9w","LABU BALISTIK","shorts","https://www.youtube.com/shorts/GglOf2gSHIY",,"474",
,,"https://yt3.googleusercontent.com/-eLLsRb4Uk9WIz-1mU0sfD2kUSKDcBpxvwLNaxoo5nh8SQkcRdmaoDN-AjB_MUeHbT_zpykTF5Q=s160-c-k-c0x00ffffff-no-rj","https://yt3.googleusercontent.com/v-cvSIUgxxDrJpDooECDLFN1LYWfgOtFkvcGtXTv4ww_qoOmquicfkXFK1IGU_8fP6jNd6gFXg=w2560-fcrop64=1,00005a57ffffa5a8-k-c0xffffffff-no-nd-rj","Chanel ini berisi tentang dunia pertanian","UC2ykkCz_Jcei_upCvHXlK4Q","Apr 23, 2016","Indonesia","Ijun Channel Bintang Asia","144","179461","https://www.youtube.com/channel/UC2ykkCz_Jcei_upCvHXlK4Q",,,,"0",,"2024-02-29T08:42:20.000Z",,,"https://www.youtube.com/@IjunChannelBintangAsia/shorts",,"3sPUC92CZPk",,"https://www.youtube.com/@IjunChannelBintangAsia/about","false","false",,"4",,,"763","25",,,,,,,"https://i.ytimg.com/vi/3sPUC92CZPk/oardefault.jpg?sqp=-oaymwEdCJgDENAFSFWQAgHyq4qpAwwIARUAAIhCcAHAAQY=&rs=AOn4CLDcPxMmzbpeJ5-z8dvlMiQ71DwKYg","BLEWAH BLASTER F1","shorts","https://www.youtube.com/shorts/3sPUC92CZPk",,"537",
,,"https://yt3.googleusercontent.com/-eLLsRb4Uk9WIz-1mU0sfD2kUSKDcBpxvwLNaxoo5nh8SQkcRdmaoDN-AjB_MUeHbT_zpykTF5Q=s160-c-k-c0x00ffffff-no-rj","https://yt3.googleusercontent.com/v-cvSIUgxxDrJpDooECDLFN1LYWfgOtFkvcGtXTv4ww_qoOmquicfkXFK1IGU_8fP6jNd6gFXg=w2560-fcrop64=1,00005a57ffffa5a8-k-c0xffffffff-no-nd-rj","Chanel ini berisi tentang dunia pertanian","UC2ykkCz_Jcei_upCvHXlK4Q","Apr 23, 2016","Indonesia","Ijun Channel Bintang Asia","144","179461","https://www.youtube.com/channel/UC2ykkCz_Jcei_upCvHXlK4Q",,,,"0",,"2024-04-16T00:53:40.000Z",,,"https://www.youtube.com/@IjunChannelBintangAsia/shorts",,"xfo1Vq2OzVg",,"https://www.youtube.com/@IjunChannelBintangAsia/about","false","false",,"4",,,"763","24",,,,,,,"https://i.ytimg.com/vi/xfo1Vq2OzVg/oar2.jpg?sqp=-oaymwEdCJUDENAFSFWQAgHyq4qpAwwIARUAAIhCcAHAAQY=&rs=AOn4CLBO-2WQyf889qge7Olfqs3l-YHY2A","penyebab daun berlubang pada melon","shorts","https://www.youtube.com/shorts/xfo1Vq2OzVg",,"320",
"@asdotarchannel1107","false",,,,,,,,,,,"UgyTtFLTg8Pm0jOhep14AaABAg","Betras tongkolnya besar2",,"2",,,,,,"true",,,,,,,,,,,,"https://www.youtube.com/watch?v=2_3DmgpOjs8","2 weeks ago","0",,,,,"JAGUNG HIBRIDA BETRAS 10. TESTIMONI LANGSUNG DARI PETANI","comment",,"2_3DmgpOjs8",,"0"
"@opeqbintangasia","false",,,,,,,,,,,"Ugx3t3YrZibZc3v3bA54AaABAg","Jagung hibrida
Tahan bulai
Batang kokoh
Posisi tongkol rendah
Tahan rebah batang
Tongkol besar
Biji Kemerahan
Rendemen tinggi
Produksi tinggi",,"2",,,,,,"true",,,,,,,,,,,,"https://www.youtube.com/watch?v=2_3DmgpOjs8","4 weeks ago","0",,,,,"JAGUNG HIBRIDA BETRAS 10. TESTIMONI LANGSUNG DARI PETANI","comment",,"2_3DmgpOjs8",,"1"
"@IjunChannelBintangAsia","true",,,,,,,,,,,"UgxFSkOaqiK3YC5TA_54AaABAg.A8JDHO-oVDmA8JDld6PMfg","Lokasi mana ka?",,"8",,,,,,"false",,,,,,,,,,,,"https://www.youtube.com/watch?v=WCGbHVvea8Q","3 weeks ago","0","UgxFSkOaqiK3YC5TA_54AaABAg",,,,"REVIEW CABAI BESAR HAGAN F1 DARI BINTANG ASIA","reply",,"WCGbHVvea8Q",,"0"
,,"https://yt3.googleusercontent.com/-eLLsRb4Uk9WIz-1mU0sfD2kUSKDcBpxvwLNaxoo5nh8SQkcRdmaoDN-AjB_MUeHbT_zpykTF5Q=s160-c-k-c0x00ffffff-no-rj","https://yt3.googleusercontent.com/v-cvSIUgxxDrJpDooECDLFN1LYWfgOtFkvcGtXTv4ww_qoOmquicfkXFK1IGU_8fP6jNd6gFXg=w2560-fcrop64=1,00005a57ffffa5a8-k-c0xffffffff-no-nd-rj","Chanel ini berisi tentang dunia pertanian","UC2ykkCz_Jcei_upCvHXlK4Q","Apr 23, 2016","Indonesia","Ijun Channel Bintang Asia","144","179461","https://www.youtube.com/channel/UC2ykkCz_Jcei_upCvHXlK4Q",,,,"0",,"2024-04-24T15:20:56.000Z",,,"https://www.youtube.com/@IjunChannelBintangAsia/shorts",,"Gfxbyk4DWSI",,"https://www.youtube.com/@IjunChannelBintangAsia/about","false","false",,"3",,,"763","23",,,,,,,"https://i.ytimg.com/vi/Gfxbyk4DWSI/oardefault.jpg?sqp=-oaymwEdCJUDENAFSFWQAgHyq4qpAwwIARUAAIhCcAHAAQY=&rs=AOn4CLAvnYMIvijyAhXihN0Rj2Ww9Vz7bw","labu balistik","shorts","https://www.youtube.com/shorts/Gfxbyk4DWSI",,"360",
,,"https://yt3.googleusercontent.com/-eLLsRb4Uk9WIz-1mU0sfD2kUSKDcBpxvwLNaxoo5nh8SQkcRdmaoDN-AjB_MUeHbT_zpykTF5Q=s160-c-k-c0x00ffffff-no-rj","https://yt3.googleusercontent.com/v-cvSIUgxxDrJpDooECDLFN1LYWfgOtFkvcGtXTv4ww_qoOmquicfkXFK1IGU_8fP6jNd6gFXg=w2560-fcrop64=1,00005a57ffffa5a8-k-c0xffffffff-no-nd-rj","Chanel ini berisi tentang dunia pertanian","UC2ykkCz_Jcei_upCvHXlK4Q","Apr 23, 2016","Indonesia","Ijun Channel Bintang Asia","144","179461","https://www.youtube.com/channel/UC2ykkCz_Jcei_upCvHXlK4Q",,,,"1",,"2024-05-01T10:43:29.000Z",,,"https://www.youtube.com/@IjunChannelBintangAsia/shorts",,"c4yyvAmvees",,"https://www.youtube.com/@IjunChannelBintangAsia/about","false","false",,"8",,,"763","18",,,,,,,"https://i.ytimg.com/vi/c4yyvAmvees/oar2.jpg?sqp=-oaymwEdCJUDENAFSFWQAgHyq4qpAwwIARUAAIhCcAHAAQY=&rs=AOn4CLCFfyEEc5bG_gxIibyVAWkDpNh2qQ","kunci sukses bertani","shorts","https://www.youtube.com/shorts/c4yyvAmvees",,"616",
,,"https://yt3.googleusercontent.com/-eLLsRb4Uk9WIz-1mU0sfD2kUSKDcBpxvwLNaxoo5nh8SQkcRdmaoDN-AjB_MUeHbT_zpykTF5Q=s160-c-k-c0x00ffffff-no-rj","https://yt3.googleusercontent.com/v-cvSIUgxxDrJpDooECDLFN1LYWfgOtFkvcGtXTv4ww_qoOmquicfkXFK1IGU_8fP6jNd6gFXg=w2560-fcrop64=1,00005a57ffffa5a8-k-c0xffffffff-no-nd-rj","Chanel ini berisi tentang dunia pertanian","UC2ykkCz_Jcei_upCvHXlK4Q","Apr 23, 2016","Indonesia","Ijun Channel Bintang Asia","144","179461","https://www.youtube.com/channel/UC2ykkCz_Jcei_upCvHXlK4Q",,,,"1",,"2024-04-28T10:04:36.000Z",,,"https://www.youtube.com/@IjunChannelBintangAsia/shorts",,"pEV81jtV6HE",,"https://www.youtube.com/@IjunChannelBintangAsia/about","false","false",,"7",,,"763","21",,,,,,,"https://i.ytimg.com/vi/pEV81jtV6HE/oar2.jpg?sqp=-oaymwEdCJUDENAFSFWQAgHyq4qpAwwIARUAAIhCcAHAAQY=&rs=AOn4CLD1jHoAjrexGPqXYcrDmcd0cv1SOA","cabe rawit sigantung","shorts","https://www.youtube.com/shorts/pEV81jtV6HE",,"510",
"@IjunChannelBintangAsia","true",,,,,,,,,,,"UgyEH753TosH-MUjkQl4AaABAg.A8J9XFQRHTvA8J9pZWnTFk","Kerek tuban bos",,"8",,,,,,"false",,,,,,,,,,,,"https://www.youtube.com/watch?v=WCGbHVvea8Q","3 weeks ago","0","UgyEH753TosH-MUjkQl4AaABAg",,,,"REVIEW CABAI BESAR HAGAN F1 DARI BINTANG ASIA","reply",,"WCGbHVvea8Q",,"0"
,,"https://yt3.googleusercontent.com/-eLLsRb4Uk9WIz-1mU0sfD2kUSKDcBpxvwLNaxoo5nh8SQkcRdmaoDN-AjB_MUeHbT_zpykTF5Q=s160-c-k-c0x00ffffff-no-rj","https://yt3.googleusercontent.com/v-cvSIUgxxDrJpDooECDLFN1LYWfgOtFkvcGtXTv4ww_qoOmquicfkXFK1IGU_8fP6jNd6gFXg=w2560-fcrop64=1,00005a57ffffa5a8-k-c0xffffffff-no-nd-rj","Chanel ini berisi tentang dunia pertanian","UC2ykkCz_Jcei_upCvHXlK4Q","Apr 23, 2016","Indonesia","Ijun Channel Bintang Asia","144","179461","https://www.youtube.com/channel/UC2ykkCz_Jcei_upCvHXlK4Q",,,,"0",,"2024-05-02T11:02:21.000Z",,,"https://www.youtube.com/@IjunChannelBintangAsia/shorts",,"oTyBTwiOH4U",,"https://www.youtube.com/@IjunChannelBintangAsia/about","false","false",,"4",,,"763","17",,,,,,,"https://i.ytimg.com/vi/oTyBTwiOH4U/oar2.jpg?sqp=-oaymwEdCJUDENAFSFWQAgHyq4qpAwwIARUAAIhCcAHAAQY=&rs=AOn4CLCNAL0PjMM6TlxOGVNs27iiIAAKEg","tanam kebahagiaan bersama maduri f1","shorts","https://www.youtube.com/shorts/oTyBTwiOH4U",,"552",
,,"https://yt3.googleusercontent.com/-eLLsRb4Uk9WIz-1mU0sfD2kUSKDcBpxvwLNaxoo5nh8SQkcRdmaoDN-AjB_MUeHbT_zpykTF5Q=s160-c-k-c0x00ffffff-no-rj","https://yt3.googleusercontent.com/v-cvSIUgxxDrJpDooECDLFN1LYWfgOtFkvcGtXTv4ww_qoOmquicfkXFK1IGU_8fP6jNd6gFXg=w2560-fcrop64=1,00005a57ffffa5a8-k-c0xffffffff-no-nd-rj","Chanel ini berisi tentang dunia pertanian","UC2ykkCz_Jcei_upCvHXlK4Q","Apr 23, 2016","Indonesia","Ijun Channel Bintang Asia","144","179461","https://www.youtube.com/channel/UC2ykkCz_Jcei_upCvHXlK4Q",,,,"1",,"2024-04-26T03:16:25.000Z",,,"https://www.youtube.com/@IjunChannelBintangAsia/shorts",,"8RJ9m79Btsk",,"https://www.youtube.com/@IjunChannelBintangAsia/about","false","false",,"2",,,"763","22",,,,,,,"https://i.ytimg.com/vi/8RJ9m79Btsk/oardefault.jpg?sqp=-oaymwEdCJUDENAFSFWQAgHyq4qpAwwIARUAAIhCcAHAAQY=&rs=AOn4CLDSR1nXZxrWEX00aKhgc6TIsxxw-g","semangka maduri f1 umur 10 hst, kiriman dari pak samsul","shorts","https://www.youtube.com/shorts/8RJ9m79Btsk",,"105",
,,"https://yt3.googleusercontent.com/-eLLsRb4Uk9WIz-1mU0sfD2kUSKDcBpxvwLNaxoo5nh8SQkcRdmaoDN-AjB_MUeHbT_zpykTF5Q=s160-c-k-c0x00ffffff-no-rj","https://yt3.googleusercontent.com/v-cvSIUgxxDrJpDooECDLFN1LYWfgOtFkvcGtXTv4ww_qoOmquicfkXFK1IGU_8fP6jNd6gFXg=w2560-fcrop64=1,00005a57ffffa5a8-k-c0xffffffff-no-nd-rj","Chanel ini berisi tentang dunia pertanian","UC2ykkCz_Jcei_upCvHXlK4Q","Apr 23, 2016","Indonesia","Ijun Channel Bintang Asia","144","179461","https://www.youtube.com/channel/UC2ykkCz_Jcei_upCvHXlK4Q",,,,"1",,"2024-04-30T10:52:33.000Z",,,"https://www.youtube.com/@IjunChannelBintangAsia/shorts",,"PpannvMQTu4",,"https://www.youtube.com/@IjunChannelBintangAsia/about","false","false",,"4",,,"763","19",,,,,,,"https://i.ytimg.com/vi/PpannvMQTu4/oar2.jpg?sqp=-oaymwEdCJUDENAFSFWQAgHyq4qpAwwIARUAAIhCcAHAAQY=&rs=AOn4CLBOfdJdjHJIuxsJL7iL3ob7JHKj6g","semangka perawatan mudah","shorts","https://www.youtube.com/shorts/PpannvMQTu4",,"477",
,,"https://yt3.googleusercontent.com/-eLLsRb4Uk9WIz-1mU0sfD2kUSKDcBpxvwLNaxoo5nh8SQkcRdmaoDN-AjB_MUeHbT_zpykTF5Q=s160-c-k-c0x00ffffff-no-rj","https://yt3.googleusercontent.com/v-cvSIUgxxDrJpDooECDLFN1LYWfgOtFkvcGtXTv4ww_qoOmquicfkXFK1IGU_8fP6jNd6gFXg=w2560-fcrop64=1,00005a57ffffa5a8-k-c0xffffffff-no-nd-rj","Chanel ini berisi tentang dunia pertanian","UC2ykkCz_Jcei_upCvHXlK4Q","Apr 23, 2016","Indonesia","Ijun Channel Bintang Asia","144","179461","https://www.youtube.com/channel/UC2ykkCz_Jcei_upCvHXlK4Q",,,,"3",,"2024-04-30T04:19:48.000Z",,,"https://www.youtube.com/@IjunChannelBintangAsia/shorts",,"nsjMcujr3LQ",,"https://www.youtube.com/@IjunChannelBintangAsia/about","false","false",,"7",,,"763","20",,,,,,,"https://i.ytimg.com/vi/nsjMcujr3LQ/oar2.jpg?sqp=-oaymwEdCJUDENAFSFWQAgHyq4qpAwwIARUAAIhCcAHAAQY=&rs=AOn4CLAB-GtqM9ZD-COvwokoKKdiFeOtZg","semangka maduri f1. di desa gedangan sumobito jombang","shorts","https://www.youtube.com/shorts/nsjMcujr3LQ",,"469",
,,"https://yt3.googleusercontent.com/-eLLsRb4Uk9WIz-1mU0sfD2kUSKDcBpxvwLNaxoo5nh8SQkcRdmaoDN-AjB_MUeHbT_zpykTF5Q=s160-c-k-c0x00ffffff-no-rj","https://yt3.googleusercontent.com/v-cvSIUgxxDrJpDooECDLFN1LYWfgOtFkvcGtXTv4ww_qoOmquicfkXFK1IGU_8fP6jNd6gFXg=w2560-fcrop64=1,00005a57ffffa5a8-k-c0xffffffff-no-nd-rj","Chanel ini berisi tentang dunia pertanian","UC2ykkCz_Jcei_upCvHXlK4Q","Apr 23, 2016","Indonesia","Ijun Channel Bintang Asia","144","179461","https://www.youtube.com/channel/UC2ykkCz_Jcei_upCvHXlK4Q",,,,"0",,"2024-05-22T12:48:02.000Z",,,"https://www.youtube.com/@IjunChannelBintangAsia/shorts",,"Q1JS0lFrqWk",,"https://www.youtube.com/@IjunChannelBintangAsia/about","false","false",,"5",,,"763","16",,,,,,,"https://i.ytimg.com/vi/Q1JS0lFrqWk/oardefault.jpg?sqp=-oaymwEdCJUDENAFSFWQAgHyq4qpAwwIARUAAIhCcAHAAQY=&rs=AOn4CLAb6nEW3FLoJnckHUt5MZXlUTe68A","mari tanam semangka maduri","shorts","https://www.youtube.com/shorts/Q1JS0lFrqWk",,"480",
,,"https://yt3.googleusercontent.com/-eLLsRb4Uk9WIz-1mU0sfD2kUSKDcBpxvwLNaxoo5nh8SQkcRdmaoDN-AjB_MUeHbT_zpykTF5Q=s160-c-k-c0x00ffffff-no-rj","https://yt3.googleusercontent.com/v-cvSIUgxxDrJpDooECDLFN1LYWfgOtFkvcGtXTv4ww_qoOmquicfkXFK1IGU_8fP6jNd6gFXg=w2560-fcrop64=1,00005a57ffffa5a8-k-c0xffffffff-no-nd-rj","Chanel ini berisi tentang dunia pertanian","UC2ykkCz_Jcei_upCvHXlK4Q","Apr 23, 2016","Indonesia","Ijun Channel Bintang Asia","144","179461","https://www.youtube.com/channel/UC2ykkCz_Jcei_upCvHXlK4Q",,,,"1",,"2023-09-23T02:28:50.000Z",,,"https://www.youtube.com/@IjunChannelBintangAsia/shorts",,"ymT0KGN-NHo",,"https://www.youtube.com/@IjunChannelBintangAsia/about","false","false",,"2",,,"763","45",,,,,,,"https://i.ytimg.com/vi/ymT0KGN-NHo/oar2.jpg?sqp=-oaymwEdCJUDENAFSFWQAgHyq4qpAwwIARUAAIhCcAHAAQY=&rs=AOn4CLA4q9zjXwzSZsBGXCXPA_Ba_6GhBg","PANEN SEMANGKA","shorts","https://www.youtube.com/shorts/ymT0KGN-NHo",,"208",
,,"https://yt3.googleusercontent.com/-eLLsRb4Uk9WIz-1mU0sfD2kUSKDcBpxvwLNaxoo5nh8SQkcRdmaoDN-AjB_MUeHbT_zpykTF5Q=s160-c-k-c0x00ffffff-no-rj","https://yt3.googleusercontent.com/v-cvSIUgxxDrJpDooECDLFN1LYWfgOtFkvcGtXTv4ww_qoOmquicfkXFK1IGU_8fP6jNd6gFXg=w2560-fcrop64=1,00005a57ffffa5a8-k-c0xffffffff-no-nd-rj","Chanel ini berisi tentang dunia pertanian","UC2ykkCz_Jcei_upCvHXlK4Q","Apr 23, 2016","Indonesia","Ijun Channel Bintang Asia","144","179461","https://www.youtube.com/channel/UC2ykkCz_Jcei_upCvHXlK4Q",,,,"0",,"2024-06-15T00:00:00.000Z",,,"https://www.youtube.com/@IjunChannelBintangAsia/shorts",,"jNaURw9arac",,"https://www.youtube.com/@IjunChannelBintangAsia/about","false","false",,"3",,,"763","13",,,,,,,"https://i.ytimg.com/vi/jNaURw9arac/oardefault.jpg?sqp=-oaymwEdCJUDENAFSFWQAgHyq4qpAwwIARUAAIhCcAHAAQY=&rs=AOn4CLBdrfY0iWQ-J_eiQqulxG1yg_NFXA","Labu Pulen F1 (labu madu)","shorts","https://www.youtube.com/shorts/jNaURw9arac",,"591",
,,"https://yt3.googleusercontent.com/-eLLsRb4Uk9WIz-1mU0sfD2kUSKDcBpxvwLNaxoo5nh8SQkcRdmaoDN-AjB_MUeHbT_zpykTF5Q=s160-c-k-c0x00ffffff-no-rj","https://yt3.googleusercontent.com/v-cvSIUgxxDrJpDooECDLFN1LYWfgOtFkvcGtXTv4ww_qoOmquicfkXFK1IGU_8fP6jNd6gFXg=w2560-fcrop64=1,00005a57ffffa5a8-k-c0xffffffff-no-nd-rj","Chanel ini berisi tentang dunia pertanian","UC2ykkCz_Jcei_upCvHXlK4Q","Apr 23, 2016","Indonesia","Ijun Channel Bintang Asia","144","179461","https://www.youtube.com/channel/UC2ykkCz_Jcei_upCvHXlK4Q",,,,"0",,"2023-09-19T10:31:38.000Z",,,"https://www.youtube.com/@IjunChannelBintangAsia/shorts",,"bjJH4oNie08",,"https://www.youtube.com/@IjunChannelBintangAsia/about","false","false",,"5",,,"763","47",,,,,,,"https://i.ytimg.com/vi/bjJH4oNie08/oar2.jpg?sqp=-oaymwEdCJUDENAFSFWQAgHyq4qpAwwIARUAAIhCcAHAAQY=&rs=AOn4CLCmNzfn7v5bj3YY8wHoC342Xm1TKg","TES BRIX MELON EKSIS","shorts","https://www.youtube.com/shorts/bjJH4oNie08",,"439",
,,"https://yt3.googleusercontent.com/-eLLsRb4Uk9WIz-1mU0sfD2kUSKDcBpxvwLNaxoo5nh8SQkcRdmaoDN-AjB_MUeHbT_zpykTF5Q=s160-c-k-c0x00ffffff-no-rj","https://yt3.googleusercontent.com/v-cvSIUgxxDrJpDooECDLFN1LYWfgOtFkvcGtXTv4ww_qoOmquicfkXFK1IGU_8fP6jNd6gFXg=w2560-fcrop64=1,00005a57ffffa5a8-k-c0xffffffff-no-nd-rj","Chanel ini berisi tentang dunia pertanian","UC2ykkCz_Jcei_upCvHXlK4Q","Apr 23, 2016","Indonesia","Ijun Channel Bintang Asia","144","179461","https://www.youtube.com/channel/UC2ykkCz_Jcei_upCvHXlK4Q",,,,"13",,"2023-09-23T03:35:40.000Z",,,"https://www.youtube.com/@IjunChannelBintangAsia/shorts",,"wGIiM0Db8oc",,"https://www.youtube.com/@IjunChannelBintangAsia/about","false","false",,"8",,,"763","44",,,,,,,"https://i.ytimg.com/vi/wGIiM0Db8oc/oar2.jpg?sqp=-oaymwEdCJUDENAFSFWQAgHyq4qpAwwIARUAAIhCcAHAAQY=&rs=AOn4CLCXIw8pViflbJdvYsrJtEICE6vVlA","PANEN SEMANGKA INDEN","shorts","https://www.youtube.com/shorts/wGIiM0Db8oc",,"959",
,,"https://yt3.googleusercontent.com/-eLLsRb4Uk9WIz-1mU0sfD2kUSKDcBpxvwLNaxoo5nh8SQkcRdmaoDN-AjB_MUeHbT_zpykTF5Q=s160-c-k-c0x00ffffff-no-rj","https://yt3.googleusercontent.com/v-cvSIUgxxDrJpDooECDLFN1LYWfgOtFkvcGtXTv4ww_qoOmquicfkXFK1IGU_8fP6jNd6gFXg=w2560-fcrop64=1,00005a57ffffa5a8-k-c0xffffffff-no-nd-rj","Chanel ini berisi tentang dunia pertanian","UC2ykkCz_Jcei_upCvHXlK4Q","Apr 23, 2016","Indonesia","Ijun Channel Bintang Asia","144","179461","https://www.youtube.com/channel/UC2ykkCz_Jcei_upCvHXlK4Q",,,,"11",,"2023-09-21T02:31:10.000Z",,,"https://www.youtube.com/@IjunChannelBintangAsia/shorts",,"v1ZCR50hkR8",,"https://www.youtube.com/@IjunChannelBintangAsia/about","false","false",,"11",,,"763","46",,,,,,,"https://i.ytimg.com/vi/v1ZCR50hkR8/hq720.jpg?sqp=-oaymwEdCJUDENAFSFXyq4qpAw8IARUAAIhCcAHAAQbQAQE=&rs=AOn4CLCHwNGCpylqZ7MnN8UlDhg1v541Jw","ROCK MELON BOMER FULL VIDIO https://youtu.be/9amwD6H9o64?si=0ga4uJwkBls8oM0h","shorts","https://www.youtube.com/shorts/v1ZCR50hkR8",,"479",
,,"https://yt3.googleusercontent.com/-eLLsRb4Uk9WIz-1mU0sfD2kUSKDcBpxvwLNaxoo5nh8SQkcRdmaoDN-AjB_MUeHbT_zpykTF5Q=s160-c-k-c0x00ffffff-no-rj","https://yt3.googleusercontent.com/v-cvSIUgxxDrJpDooECDLFN1LYWfgOtFkvcGtXTv4ww_qoOmquicfkXFK1IGU_8fP6jNd6gFXg=w2560-fcrop64=1,00005a57ffffa5a8-k-c0xffffffff-no-nd-rj","Chanel ini berisi tentang dunia pertanian","UC2ykkCz_Jcei_upCvHXlK4Q","Apr 23, 2016","Indonesia","Ijun Channel Bintang Asia","144","179461","https://www.youtube.com/channel/UC2ykkCz_Jcei_upCvHXlK4Q",,,,"0",,"2024-05-28T12:11:12.000Z",,,"https://www.youtube.com/@IjunChannelBintangAsia/shorts",,"K5R07INgtQA",,"https://www.youtube.com/@IjunChannelBintangAsia/about","false","false",,"5",,,"763","15",,,,,,,"https://i.ytimg.com/vi/K5R07INgtQA/oar2.jpg?sqp=-oaymwEdCJUDENAFSFWQAgHyq4qpAwwIARUAAIhCcAHAAQY=&rs=AOn4CLCIPAzBr4tgbGOm7zZi7U7CfuUiyA","panen semangka maduri f1","shorts","https://www.youtube.com/shorts/K5R07INgtQA",,"508",
,,"https://yt3.googleusercontent.com/-eLLsRb4Uk9WIz-1mU0sfD2kUSKDcBpxvwLNaxoo5nh8SQkcRdmaoDN-AjB_MUeHbT_zpykTF5Q=s160-c-k-c0x00ffffff-no-rj","https://yt3.googleusercontent.com/v-cvSIUgxxDrJpDooECDLFN1LYWfgOtFkvcGtXTv4ww_qoOmquicfkXFK1IGU_8fP6jNd6gFXg=w2560-fcrop64=1,00005a57ffffa5a8-k-c0xffffffff-no-nd-rj","Chanel ini berisi tentang dunia pertanian","UC2ykkCz_Jcei_upCvHXlK4Q","Apr 23, 2016","Indonesia","Ijun Channel Bintang Asia","144","179461","https://www.youtube.com/channel/UC2ykkCz_Jcei_upCvHXlK4Q",,,,"0",,"2024-07-20T12:04:36.000Z",,,"https://www.youtube.com/@IjunChannelBintangAsia/shorts",,"aHC0Qc3FPuo",,"https://www.youtube.com/@IjunChannelBintangAsia/about","false","false",,"3",,,"763","11",,,,,,,"https://i.ytimg.com/vi/aHC0Qc3FPuo/oar2.jpg?sqp=-oaymwEdCJUDENAFSFWQAgHyq4qpAwwIARUAAIhCcAHAAQY=&rs=AOn4CLAlM1RvsIRzlD_WDL4LJE2N0gUavQ","mesin pompa air dengan dinamo","shorts","https://www.youtube.com/shorts/aHC0Qc3FPuo",,"464",
,,"https://yt3.googleusercontent.com/-eLLsRb4Uk9WIz-1mU0sfD2kUSKDcBpxvwLNaxoo5nh8SQkcRdmaoDN-AjB_MUeHbT_zpykTF5Q=s160-c-k-c0x00ffffff-no-rj","https://yt3.googleusercontent.com/v-cvSIUgxxDrJpDooECDLFN1LYWfgOtFkvcGtXTv4ww_qoOmquicfkXFK1IGU_8fP6jNd6gFXg=w2560-fcrop64=1,00005a57ffffa5a8-k-c0xffffffff-no-nd-rj","Chanel ini berisi tentang dunia pertanian","UC2ykkCz_Jcei_upCvHXlK4Q","Apr 23, 2016","Indonesia","Ijun Channel Bintang Asia","144","179461","https://www.youtube.com/channel/UC2ykkCz_Jcei_upCvHXlK4Q",,,,"1",,"2024-05-30T12:28:51.000Z",,,"https://www.youtube.com/@IjunChannelBintangAsia/shorts",,"_LS7clPd_jo",,"https://www.youtube.com/@IjunChannelBintangAsia/about","false","false",,"4",,,"763","14",,,,,,,"https://i.ytimg.com/vi/_LS7clPd_jo/oar2.jpg?sqp=-oaymwEdCJUDENAFSFWQAgHyq4qpAwwIARUAAIhCcAHAAQY=&rs=AOn4CLCELTl5Bc000wAj4sYkC1zoVjhkNg","cabai besar hagan f1","shorts","https://www.youtube.com/shorts/_LS7clPd_jo",,"436",
,,"https://yt3.googleusercontent.com/-eLLsRb4Uk9WIz-1mU0sfD2kUSKDcBpxvwLNaxoo5nh8SQkcRdmaoDN-AjB_MUeHbT_zpykTF5Q=s160-c-k-c0x00ffffff-no-rj","https://yt3.googleusercontent.com/v-cvSIUgxxDrJpDooECDLFN1LYWfgOtFkvcGtXTv4ww_qoOmquicfkXFK1IGU_8fP6jNd6gFXg=w2560-fcrop64=1,00005a57ffffa5a8-k-c0xffffffff-no-nd-rj","Chanel ini berisi tentang dunia pertanian","UC2ykkCz_Jcei_upCvHXlK4Q","Apr 23, 2016","Indonesia","Ijun Channel Bintang Asia","144","179461","https://www.youtube.com/channel/UC2ykkCz_Jcei_upCvHXlK4Q",,,,"0",,"2024-07-01T13:38:58.000Z",,,"https://www.youtube.com/@IjunChannelBintangAsia/shorts",,"7RAgyu7xtj8",,"https://www.youtube.com/@IjunChannelBintangAsia/about","false","false",,"6",,,"763","12",,,,,,,"https://i.ytimg.com/vi/7RAgyu7xtj8/oar2.jpg?sqp=-oaymwEdCJUDENAFSFWQAgHyq4qpAwwIARUAAIhCcAHAAQY=&rs=AOn4CLDNf-JkH8R392HYKfoRsAmrJZk2-Q","semangka inden f1 sistem lanjaran","shorts","https://www.youtube.com/shorts/7RAgyu7xtj8",,"492",
,,"https://yt3.googleusercontent.com/-eLLsRb4Uk9WIz-1mU0sfD2kUSKDcBpxvwLNaxoo5nh8SQkcRdmaoDN-AjB_MUeHbT_zpykTF5Q=s160-c-k-c0x00ffffff-no-rj","https://yt3.googleusercontent.com/v-cvSIUgxxDrJpDooECDLFN1LYWfgOtFkvcGtXTv4ww_qoOmquicfkXFK1IGU_8fP6jNd6gFXg=w2560-fcrop64=1,00005a57ffffa5a8-k-c0xffffffff-no-nd-rj","Chanel ini berisi tentang dunia pertanian","UC2ykkCz_Jcei_upCvHXlK4Q","Apr 23, 2016","Indonesia","Ijun Channel Bintang Asia","144","179461","https://www.youtube.com/channel/UC2ykkCz_Jcei_upCvHXlK4Q",,,,"0",,"2023-09-22T00:00:00.000Z",,,"https://www.youtube.com/@IjunChannelBintangAsia/shorts",,"NabkyGjRWz8",,"https://www.youtube.com/@IjunChannelBintangAsia/about","false","false",,"8",,,"763","43",,,,,,,"https://i.ytimg.com/vi/NabkyGjRWz8/oar2.jpg?sqp=-oaymwEdCJUDENAFSFWQAgHyq4qpAwwIARUAAIhCcAHAAQY=&rs=AOn4CLANBqGdOdg4gNlPiRAPoY_AsZ86IA","NIMBANG SEMANGKA","shorts","https://www.youtube.com/shorts/NabkyGjRWz8",,"337",
,,"https://yt3.googleusercontent.com/-eLLsRb4Uk9WIz-1mU0sfD2kUSKDcBpxvwLNaxoo5nh8SQkcRdmaoDN-AjB_MUeHbT_zpykTF5Q=s160-c-k-c0x00ffffff-no-rj","https://yt3.googleusercontent.com/v-cvSIUgxxDrJpDooECDLFN1LYWfgOtFkvcGtXTv4ww_qoOmquicfkXFK1IGU_8fP6jNd6gFXg=w2560-fcrop64=1,00005a57ffffa5a8-k-c0xffffffff-no-nd-rj","Chanel ini berisi tentang dunia pertanian","UC2ykkCz_Jcei_upCvHXlK4Q","Apr 23, 2016","Indonesia","Ijun Channel Bintang Asia","144","179461","https://www.youtube.com/channel/UC2ykkCz_Jcei_upCvHXlK4Q",,,,"0",,"2023-09-24T02:15:34.000Z",,,"https://www.youtube.com/@IjunChannelBintangAsia/shorts",,"88HwbrWqBGs",,"https://www.youtube.com/@IjunChannelBintangAsia/about","false","false",,"18",,,"763","42",,,,,,,"https://i.ytimg.com/vi/88HwbrWqBGs/oar2.jpg?sqp=-oaymwEdCJUDENAFSFWQAgHyq4qpAwwIARUAAIhCcAHAAQY=&rs=AOn4CLDNWXeAmNZ6dAiA22qZVQqwNGXbkQ","PANEN SEMANGKA MADURI","shorts","https://www.youtube.com/shorts/88HwbrWqBGs",,"805",
,,"https://yt3.googleusercontent.com/-eLLsRb4Uk9WIz-1mU0sfD2kUSKDcBpxvwLNaxoo5nh8SQkcRdmaoDN-AjB_MUeHbT_zpykTF5Q=s160-c-k-c0x00ffffff-no-rj","https://yt3.googleusercontent.com/v-cvSIUgxxDrJpDooECDLFN1LYWfgOtFkvcGtXTv4ww_qoOmquicfkXFK1IGU_8fP6jNd6gFXg=w2560-fcrop64=1,00005a57ffffa5a8-k-c0xffffffff-no-nd-rj","Chanel ini berisi tentang dunia pertanian","UC2ykkCz_Jcei_upCvHXlK4Q","Apr 23, 2016","Indonesia","Ijun Channel Bintang Asia","144","179461","https://www.youtube.com/channel/UC2ykkCz_Jcei_upCvHXlK4Q",,,,"5",,"2023-10-03T04:13:51.000Z",,,"https://www.youtube.com/@IjunChannelBintangAsia/shorts",,"SepW98qysWs",,"https://www.youtube.com/@IjunChannelBintangAsia/about","false","false",,"14",,,"763","41",,,,,,"Video dari Muhammad Faizun Anam","https://i.ytimg.com/vi/SepW98qysWs/oar2.jpg","PANEN SEMANGKA SERI F1, SEMANGKA NON BIJI","shorts","https://www.youtube.com/shorts/SepW98qysWs",,"744",
,,,,,"UC2ykkCz_Jcei_upCvHXlK4Q",,,"Ijun Channel Bintang Asia",,,"https://www.youtube.com/@IjunChannelBintangAsia",,,,"0",,"2024-09-16T09:48:22.000Z",,,,,"S6lxh_vYG9s",,,,,,"9",,,,,,,,,,,,"Jagung hibrida betras 9","shorts","https://www.youtube.com/shorts/S6lxh_vYG9s",,"667",
,,,,,,,,"Ijun Channel Bintang Asia",,,,,,,"0",,"2024-09-15T09:18:12.000Z",,,,,"iSdwXN5WMAg",,,,,,"4",,,,,,,,,,,,"Cabai keriting cmk tavi","shorts","https://www.youtube.com/shorts/iSdwXN5WMAg",,"322",
,,"https://yt3.googleusercontent.com/-eLLsRb4Uk9WIz-1mU0sfD2kUSKDcBpxvwLNaxoo5nh8SQkcRdmaoDN-AjB_MUeHbT_zpykTF5Q=s160-c-k-c0x00ffffff-no-rj","https://yt3.googleusercontent.com/v-cvSIUgxxDrJpDooECDLFN1LYWfgOtFkvcGtXTv4ww_qoOmquicfkXFK1IGU_8fP6jNd6gFXg=w2560-fcrop64=1,00005a57ffffa5a8-k-c0xffffffff-no-nd-rj","Chanel ini berisi tentang dunia pertanian","UC2ykkCz_Jcei_upCvHXlK4Q","Apr 23, 2016","Indonesia","Ijun Channel Bintang Asia","144","179461","https://www.youtube.com/channel/UC2ykkCz_Jcei_upCvHXlK4Q",,,,"0",,"2023-11-17T00:00:00.000Z",,,"https://www.youtube.com/@IjunChannelBintangAsia/shorts",,"TDgEC32x1cY",,"https://www.youtube.com/@IjunChannelBintangAsia/about","false","false",,"1",,,"763","39",,,,,,,"https://i.ytimg.com/vi_webp/TDgEC32x1cY/oar2.webp","MELON ALICIA, YANG LAGI VIRAL","shorts","https://www.youtube.com/shorts/TDgEC32x1cY",,"68",
,,"https://yt3.googleusercontent.com/-eLLsRb4Uk9WIz-1mU0sfD2kUSKDcBpxvwLNaxoo5nh8SQkcRdmaoDN-AjB_MUeHbT_zpykTF5Q=s160-c-k-c0x00ffffff-no-rj","https://yt3.googleusercontent.com/v-cvSIUgxxDrJpDooECDLFN1LYWfgOtFkvcGtXTv4ww_qoOmquicfkXFK1IGU_8fP6jNd6gFXg=w2560-fcrop64=1,00005a57ffffa5a8-k-c0xffffffff-no-nd-rj","Chanel ini berisi tentang dunia pertanian","UC2ykkCz_Jcei_upCvHXlK4Q","Apr 23, 2016","Indonesia","Ijun Channel Bintang Asia","144","179461","https://www.youtube.com/channel/UC2ykkCz_Jcei_upCvHXlK4Q",,,,"1",,"2023-12-19T00:00:00.000Z",,,"https://www.youtube.com/@IjunChannelBintangAsia/shorts",,"ZKsebrgqUls",,"https://www.youtube.com/@IjunChannelBintangAsia/about","false","false",,"3",,,"763","36",,,,,,"Video dari Muhammad Faizun Anam","https://i.ytimg.com/vi/ZKsebrgqUls/oar2.jpg","SEMANGKA MADRID DI LAHAN JANDA","shorts","https://www.youtube.com/shorts/ZKsebrgqUls",,"242",
,,"https://yt3.googleusercontent.com/-eLLsRb4Uk9WIz-1mU0sfD2kUSKDcBpxvwLNaxoo5nh8SQkcRdmaoDN-AjB_MUeHbT_zpykTF5Q=s160-c-k-c0x00ffffff-no-rj","https://yt3.googleusercontent.com/v-cvSIUgxxDrJpDooECDLFN1LYWfgOtFkvcGtXTv4ww_qoOmquicfkXFK1IGU_8fP6jNd6gFXg=w2560-fcrop64=1,00005a57ffffa5a8-k-c0xffffffff-no-nd-rj","Chanel ini berisi tentang dunia pertanian","UC2ykkCz_Jcei_upCvHXlK4Q","Apr 23, 2016","Indonesia","Ijun Channel Bintang Asia","144","179461","https://www.youtube.com/channel/UC2ykkCz_Jcei_upCvHXlK4Q",,,,"0",,"2023-12-07T16:02:29.000Z",,,"https://www.youtube.com/@IjunChannelBintangAsia/shorts",,"5DH2_7dJWl4",,"https://www.youtube.com/@IjunChannelBintangAsia/about","false","false",,"1",,,"763","37",,,,,,,"https://i.ytimg.com/vi/5DH2_7dJWl4/oar2.jpg","kubis compact bintang asia","shorts","https://www.youtube.com/shorts/5DH2_7dJWl4",,"106",
,,"https://yt3.googleusercontent.com/-eLLsRb4Uk9WIz-1mU0sfD2kUSKDcBpxvwLNaxoo5nh8SQkcRdmaoDN-AjB_MUeHbT_zpykTF5Q=s160-c-k-c0x00ffffff-no-rj","https://yt3.googleusercontent.com/v-cvSIUgxxDrJpDooECDLFN1LYWfgOtFkvcGtXTv4ww_qoOmquicfkXFK1IGU_8fP6jNd6gFXg=w2560-fcrop64=1,00005a57ffffa5a8-k-c0xffffffff-no-nd-rj","Chanel ini berisi tentang dunia pertanian","UC2ykkCz_Jcei_upCvHXlK4Q","Apr 23, 2016","Indonesia","Ijun Channel Bintang Asia","144","179461","https://www.youtube.com/channel/UC2ykkCz_Jcei_upCvHXlK4Q",,,,"0",,"2023-11-28T02:49:39.000Z",,,"https://www.youtube.com/@IjunChannelBintangAsia/shorts",,"VdCfWVypthI",,"https://www.youtube.com/@IjunChannelBintangAsia/about","false","false",,"1",,,"763","38",,,,,,"Video dari Muhammad Faizun Anam","https://i.ytimg.com/vi_webp/VdCfWVypthI/oar2.webp","TIMUN MONAS F1","shorts","https://www.youtube.com/shorts/VdCfWVypthI",,"67",
,,,,,"UC2ykkCz_Jcei_upCvHXlK4Q",,,"Ijun Channel Bintang Asia",,,"https://www.youtube.com/@IjunChannelBintangAsia",,,,"0",,"2024-09-16T12:51:18.000Z",,,,,"MeM_NqZSQsY",,,,,,"2",,,,,,,,,,,,"Pemupukan melon dengan cara di kocor","shorts","https://www.youtube.com/shorts/MeM_NqZSQsY",,"461",
,,"https://yt3.googleusercontent.com/-eLLsRb4Uk9WIz-1mU0sfD2kUSKDcBpxvwLNaxoo5nh8SQkcRdmaoDN-AjB_MUeHbT_zpykTF5Q=s160-c-k-c0x00ffffff-no-rj","https://yt3.googleusercontent.com/v-cvSIUgxxDrJpDooECDLFN1LYWfgOtFkvcGtXTv4ww_qoOmquicfkXFK1IGU_8fP6jNd6gFXg=w2560-fcrop64=1,00005a57ffffa5a8-k-c0xffffffff-no-nd-rj","Chanel ini berisi tentang dunia pertanian","UC2ykkCz_Jcei_upCvHXlK4Q","Apr 23, 2016","Indonesia","Ijun Channel Bintang Asia","144","179461","https://www.youtube.com/channel/UC2ykkCz_Jcei_upCvHXlK4Q",,,,"0",,"2024-01-12T12:13:06.000Z",,,"https://www.youtube.com/@IjunChannelBintangAsia/shorts",,"Ay6QdQzBRtw",,"https://www.youtube.com/@IjunChannelBintangAsia/about","false","false",,"3",,,"763","35",,,,,,"Video dari Muhammad Faizun Anam","https://i.ytimg.com/vi_webp/Ay6QdQzBRtw/oar2.webp","cabai keriting cmk tavi","shorts","https://www.youtube.com/shorts/Ay6QdQzBRtw",,"194",
,,,,,"UC2ykkCz_Jcei_upCvHXlK4Q",,,"Ijun Channel Bintang Asia",,,"https://www.youtube.com/@IjunChannelBintangAsia",,,,"13",,"2024-09-15T13:21:52.000Z",,,,,"ukE2DZt8hho",,,,,,"14",,,,,,,,,,,,"Alasan pak masrukin menanam semangka maduri dan inden","shorts","https://www.youtube.com/shorts/ukE2DZt8hho",,"531",
,,"https://yt3.googleusercontent.com/-eLLsRb4Uk9WIz-1mU0sfD2kUSKDcBpxvwLNaxoo5nh8SQkcRdmaoDN-AjB_MUeHbT_zpykTF5Q=s160-c-k-c0x00ffffff-no-rj","https://yt3.googleusercontent.com/v-cvSIUgxxDrJpDooECDLFN1LYWfgOtFkvcGtXTv4ww_qoOmquicfkXFK1IGU_8fP6jNd6gFXg=w2560-fcrop64=1,00005a57ffffa5a8-k-c0xffffffff-no-nd-rj","Chanel ini berisi tentang dunia pertanian","UC2ykkCz_Jcei_upCvHXlK4Q","Apr 23, 2016","Indonesia","Ijun Channel Bintang Asia","144","179461","https://www.youtube.com/channel/UC2ykkCz_Jcei_upCvHXlK4Q",,,,"1",,"2023-10-03T10:07:40.000Z",,,"https://www.youtube.com/@IjunChannelBintangAsia/shorts",,"Nx8NdoKZ1X4",,"https://www.youtube.com/@IjunChannelBintangAsia/about","false","false",,"2",,,"763","40",,,,,,,"https://i.ytimg.com/vi/Nx8NdoKZ1X4/oar2.jpg?sqp=-oaymwEdCJUDENAFSFWQAgHyq4qpAwwIARUAAIhCcAHAAQY=&rs=AOn4CLB2cXqLx68fgnW_8s7Qbd4F5LErIg","READY BIBIT SIAP TANAM, HUBUNGI 082132058796","shorts","https://www.youtube.com/shorts/Nx8NdoKZ1X4",,"192",
,,"https://yt3.googleusercontent.com/-eLLsRb4Uk9WIz-1mU0sfD2kUSKDcBpxvwLNaxoo5nh8SQkcRdmaoDN-AjB_MUeHbT_zpykTF5Q=s160-c-k-c0x00ffffff-no-rj","https://yt3.googleusercontent.com/v-cvSIUgxxDrJpDooECDLFN1LYWfgOtFkvcGtXTv4ww_qoOmquicfkXFK1IGU_8fP6jNd6gFXg=w2560-fcrop64=1,00005a57ffffa5a8-k-c0xffffffff-no-nd-rj","Chanel ini berisi tentang dunia pertanian","UC2ykkCz_Jcei_upCvHXlK4Q","Apr 23, 2016","Indonesia","Ijun Channel Bintang Asia","144","179461","https://www.youtube.com/channel/UC2ykkCz_Jcei_upCvHXlK4Q",,,,"8",,"2022-11-21T09:38:02.000Z",,,"https://www.youtube.com/@IjunChannelBintangAsia/shorts",,"vB85vA33gws",,"https://www.youtube.com/@IjunChannelBintangAsia/about","false","false",,"2",,,"763","92",,,,,,,"https://i.ytimg.com/vi/vB85vA33gws/hq720_2.jpg?sqp=-oaymwEdCJcDENAFSFXyq4qpAw8IARUAAIhCcAHAAQbQAQE=&rs=AOn4CLDo_8eDgdSF2h4Ex8rPBIU7wWwnMA","krian menjadi saksi","shorts","https://www.youtube.com/shorts/vB85vA33gws",,"388",
,,"https://yt3.googleusercontent.com/-eLLsRb4Uk9WIz-1mU0sfD2kUSKDcBpxvwLNaxoo5nh8SQkcRdmaoDN-AjB_MUeHbT_zpykTF5Q=s160-c-k-c0x00ffffff-no-rj","https://yt3.googleusercontent.com/v-cvSIUgxxDrJpDooECDLFN1LYWfgOtFkvcGtXTv4ww_qoOmquicfkXFK1IGU_8fP6jNd6gFXg=w2560-fcrop64=1,00005a57ffffa5a8-k-c0xffffffff-no-nd-rj","Chanel ini berisi tentang dunia pertanian","UC2ykkCz_Jcei_upCvHXlK4Q","Apr 23, 2016","Indonesia","Ijun Channel Bintang Asia","144","179461","https://www.youtube.com/channel/UC2ykkCz_Jcei_upCvHXlK4Q",,,,"0",,"2023-04-09T06:12:56.000Z",,,"https://www.youtube.com/@IjunChannelBintangAsia/shorts",,"G8VnriODJBs",,"https://www.youtube.com/@IjunChannelBintangAsia/about","false","false",,"5",,,"763","91",,,,,,,"https://i.ytimg.com/vi/G8VnriODJBs/oar2.jpg?sqp=-oaymwEdCJUDENAFSFWQAgHyq4qpAwwIARUAAIhCcAHAAQY=&rs=AOn4CLAdwT70HQjQaEkCR8UFAxsUV3o-rw","BLEWAH BLASTER BINTANG ASIA","shorts","https://www.youtube.com/shorts/G8VnriODJBs",,"430",
,,"https://yt3.googleusercontent.com/-eLLsRb4Uk9WIz-1mU0sfD2kUSKDcBpxvwLNaxoo5nh8SQkcRdmaoDN-AjB_MUeHbT_zpykTF5Q=s160-c-k-c0x00ffffff-no-rj","https://yt3.googleusercontent.com/v-cvSIUgxxDrJpDooECDLFN1LYWfgOtFkvcGtXTv4ww_qoOmquicfkXFK1IGU_8fP6jNd6gFXg=w2560-fcrop64=1,00005a57ffffa5a8-k-c0xffffffff-no-nd-rj","Chanel ini berisi tentang dunia pertanian","UC2ykkCz_Jcei_upCvHXlK4Q","Apr 23, 2016","Indonesia","Ijun Channel Bintang Asia","144","179461","https://www.youtube.com/channel/UC2ykkCz_Jcei_upCvHXlK4Q",,,,"1",,"2023-05-19T00:00:00.000Z",,,"https://www.youtube.com/@IjunChannelBintangAsia/shorts",,"HfMU3BvGowk",,"https://www.youtube.com/@IjunChannelBintangAsia/about","false","false",,"3",,,"763","84",,,,,,,"https://i.ytimg.com/vi/HfMU3BvGowk/oar2.jpg?sqp=-oaymwEdCJUDENAFSFWQAgHyq4qpAwwIARUAAIhCcAHAAQY=&rs=AOn4CLC_O0OZJThnyYLtCOVgOBN4fS_PUA","SEMANGKA MADRID SISTEM GANTUNG","shorts","https://www.youtube.com/shorts/HfMU3BvGowk",,"90",
,,"https://yt3.googleusercontent.com/-eLLsRb4Uk9WIz-1mU0sfD2kUSKDcBpxvwLNaxoo5nh8SQkcRdmaoDN-AjB_MUeHbT_zpykTF5Q=s160-c-k-c0x00ffffff-no-rj","https://yt3.googleusercontent.com/v-cvSIUgxxDrJpDooECDLFN1LYWfgOtFkvcGtXTv4ww_qoOmquicfkXFK1IGU_8fP6jNd6gFXg=w2560-fcrop64=1,00005a57ffffa5a8-k-c0xffffffff-no-nd-rj","Chanel ini berisi tentang dunia pertanian","UC2ykkCz_Jcei_upCvHXlK4Q","Apr 23, 2016","Indonesia","Ijun Channel Bintang Asia","144","179461","https://www.youtube.com/channel/UC2ykkCz_Jcei_upCvHXlK4Q",,,,"4",,"2023-05-25T08:26:47.000Z",,,"https://www.youtube.com/@IjunChannelBintangAsia/shorts",,"uXn7si0wh6k",,"https://www.youtube.com/@IjunChannelBintangAsia/about","false","false",,"7",,,"763","82",,,,,,,"https://i.ytimg.com/vi/uXn7si0wh6k/oar2.jpg?sqp=-oaymwEdCJUDENAFSFWQAgHyq4qpAwwIARUAAIhCcAHAAQY=&rs=AOn4CLCklMxfh8Jq8ocn3wpvDVZ9Km4WzQ","JAGUNG MANIS ROMANZA, TONGKOL BESAR HASIL MAXIMAL","shorts","https://www.youtube.com/shorts/uXn7si0wh6k",,"446",
,,"https://yt3.googleusercontent.com/-eLLsRb4Uk9WIz-1mU0sfD2kUSKDcBpxvwLNaxoo5nh8SQkcRdmaoDN-AjB_MUeHbT_zpykTF5Q=s160-c-k-c0x00ffffff-no-rj","https://yt3.googleusercontent.com/v-cvSIUgxxDrJpDooECDLFN1LYWfgOtFkvcGtXTv4ww_qoOmquicfkXFK1IGU_8fP6jNd6gFXg=w2560-fcrop64=1,00005a57ffffa5a8-k-c0xffffffff-no-nd-rj","Chanel ini berisi tentang dunia pertanian","UC2ykkCz_Jcei_upCvHXlK4Q","Apr 23, 2016","Indonesia","Ijun Channel Bintang Asia","144","179461","https://www.youtube.com/channel/UC2ykkCz_Jcei_upCvHXlK4Q",,,,"0",,"2023-05-19T13:04:17.000Z",,,"https://www.youtube.com/@IjunChannelBintangAsia/shorts",,"1aV-kOoPvBc",,"https://www.youtube.com/@IjunChannelBintangAsia/about","false","false",,"10",,,"763","85",,,,,,,"https://i.ytimg.com/vi/1aV-kOoPvBc/oar2.jpg?sqp=-oaymwEdCJUDENAFSFWQAgHyq4qpAwwIARUAAIhCcAHAAQY=&rs=AOn4CLD3HsTYDNDRh_pJuhcb5dyo84WZgA","SEMANGKA NAPOLI, CEK DAGING SEMANGKA","shorts","https://www.youtube.com/shorts/1aV-kOoPvBc",,"958",
,,"https://yt3.googleusercontent.com/-eLLsRb4Uk9WIz-1mU0sfD2kUSKDcBpxvwLNaxoo5nh8SQkcRdmaoDN-AjB_MUeHbT_zpykTF5Q=s160-c-k-c0x00ffffff-no-rj","https://yt3.googleusercontent.com/v-cvSIUgxxDrJpDooECDLFN1LYWfgOtFkvcGtXTv4ww_qoOmquicfkXFK1IGU_8fP6jNd6gFXg=w2560-fcrop64=1,00005a57ffffa5a8-k-c0xffffffff-no-nd-rj","Chanel ini berisi tentang dunia pertanian","UC2ykkCz_Jcei_upCvHXlK4Q","Apr 23, 2016","Indonesia","Ijun Channel Bintang Asia","144","179461","https://www.youtube.com/channel/UC2ykkCz_Jcei_upCvHXlK4Q",,,,"2",,"2023-05-18T08:20:57.000Z",,,"https://www.youtube.com/@IjunChannelBintangAsia/shorts",,"W2sIEYKellg",,"https://www.youtube.com/@IjunChannelBintangAsia/about","false","false",,"12",,,"763","90",,,,,,,"https://i.ytimg.com/vi/W2sIEYKellg/oar2.jpg?sqp=-oaymwEdCJUDENAFSFWQAgHyq4qpAwwIARUAAIhCcAHAAQY=&rs=AOn4CLAIrXU09BgNV-wa5y0JtiytzY06Ag","SEMANGKA NAPOLI NON BIJI","shorts","https://www.youtube.com/shorts/W2sIEYKellg",,"1311",
,,"https://yt3.googleusercontent.com/-eLLsRb4Uk9WIz-1mU0sfD2kUSKDcBpxvwLNaxoo5nh8SQkcRdmaoDN-AjB_MUeHbT_zpykTF5Q=s160-c-k-c0x00ffffff-no-rj","https://yt3.googleusercontent.com/v-cvSIUgxxDrJpDooECDLFN1LYWfgOtFkvcGtXTv4ww_qoOmquicfkXFK1IGU_8fP6jNd6gFXg=w2560-fcrop64=1,00005a57ffffa5a8-k-c0xffffffff-no-nd-rj","Chanel ini berisi tentang dunia pertanian","UC2ykkCz_Jcei_upCvHXlK4Q","Apr 23, 2016","Indonesia","Ijun Channel Bintang Asia","144","179461","https://www.youtube.com/channel/UC2ykkCz_Jcei_upCvHXlK4Q",,,,"0",,"2023-05-24T15:45:24.000Z",,,"https://www.youtube.com/@IjunChannelBintangAsia/shorts",,"tkAsfxm3nF0",,"https://www.youtube.com/@IjunChannelBintangAsia/about","false","false",,"20",,,"763","83",,,,,,,"https://i.ytimg.com/vi/tkAsfxm3nF0/oar2.jpg?sqp=-oaymwEdCJUDENAFSFWQAgHyq4qpAwwIARUAAIhCcAHAAQY=&rs=AOn4CLCOFrikdJL0RY5DmvkZV2sIj9WIWw","SEMANGKA MADURI, HASIL PANEN SUPER DAN DI SUKAI OLEH PASAR","shorts","https://www.youtube.com/shorts/tkAsfxm3nF0",,"2159",
,,"https://yt3.googleusercontent.com/-eLLsRb4Uk9WIz-1mU0sfD2kUSKDcBpxvwLNaxoo5nh8SQkcRdmaoDN-AjB_MUeHbT_zpykTF5Q=s160-c-k-c0x00ffffff-no-rj","https://yt3.googleusercontent.com/v-cvSIUgxxDrJpDooECDLFN1LYWfgOtFkvcGtXTv4ww_qoOmquicfkXFK1IGU_8fP6jNd6gFXg=w2560-fcrop64=1,00005a57ffffa5a8-k-c0xffffffff-no-nd-rj","Chanel ini berisi tentang dunia pertanian","UC2ykkCz_Jcei_upCvHXlK4Q","Apr 23, 2016","Indonesia","Ijun Channel Bintang Asia","144","179461","https://www.youtube.com/channel/UC2ykkCz_Jcei_upCvHXlK4Q",,,,"2",,"2023-05-25T09:53:38.000Z",,,"https://www.youtube.com/@IjunChannelBintangAsia/shorts",,"8Wwk6bwH1u8",,"https://www.youtube.com/@IjunChannelBintangAsia/about","false","false",,"3",,,"763","81",,,,,,,"https://i.ytimg.com/vi/8Wwk6bwH1u8/oar2.jpg?sqp=-oaymwEdCJUDENAFSFWQAgHyq4qpAwwIARUAAIhCcAHAAQY=&rs=AOn4CLCpajwu5_peEt9XuA8GSqL-8zlasw","KEBUN PARE","shorts","https://www.youtube.com/shorts/8Wwk6bwH1u8",,"123",
,,"https://yt3.googleusercontent.com/-eLLsRb4Uk9WIz-1mU0sfD2kUSKDcBpxvwLNaxoo5nh8SQkcRdmaoDN-AjB_MUeHbT_zpykTF5Q=s160-c-k-c0x00ffffff-no-rj","https://yt3.googleusercontent.com/v-cvSIUgxxDrJpDooECDLFN1LYWfgOtFkvcGtXTv4ww_qoOmquicfkXFK1IGU_8fP6jNd6gFXg=w2560-fcrop64=1,00005a57ffffa5a8-k-c0xffffffff-no-nd-rj","Chanel ini berisi tentang dunia pertanian","UC2ykkCz_Jcei_upCvHXlK4Q","Apr 23, 2016","Indonesia","Ijun Channel Bintang Asia","144","179461","https://www.youtube.com/channel/UC2ykkCz_Jcei_upCvHXlK4Q",,,,"0",,"2023-05-18T09:27:56.000Z",,,"https://www.youtube.com/@IjunChannelBintangAsia/shorts",,"rIX-XPbUEGY",,"https://www.youtube.com/@IjunChannelBintangAsia/about","false","false",,"2",,,"763","88",,,,,,,"https://i.ytimg.com/vi/rIX-XPbUEGY/oar2.jpg?sqp=-oaymwEdCJUDENAFSFWQAgHyq4qpAwwIARUAAIhCcAHAAQY=&rs=AOn4CLDNxEtEJ8C7RIVpM5TS77-3ur-XPw","LABU MADU PULEN","shorts","https://www.youtube.com/shorts/rIX-XPbUEGY",,"120",
,,"https://yt3.googleusercontent.com/-eLLsRb4Uk9WIz-1mU0sfD2kUSKDcBpxvwLNaxoo5nh8SQkcRdmaoDN-AjB_MUeHbT_zpykTF5Q=s160-c-k-c0x00ffffff-no-rj","https://yt3.googleusercontent.com/v-cvSIUgxxDrJpDooECDLFN1LYWfgOtFkvcGtXTv4ww_qoOmquicfkXFK1IGU_8fP6jNd6gFXg=w2560-fcrop64=1,00005a57ffffa5a8-k-c0xffffffff-no-nd-rj","Chanel ini berisi tentang dunia pertanian","UC2ykkCz_Jcei_upCvHXlK4Q","Apr 23, 2016","Indonesia","Ijun Channel Bintang Asia","144","179461","https://www.youtube.com/channel/UC2ykkCz_Jcei_upCvHXlK4Q",,,,"0",,"2023-05-18T14:17:47.000Z",,,"https://www.youtube.com/@IjunChannelBintangAsia/shorts",,"IV4hMM_fs3Y",,"https://www.youtube.com/@IjunChannelBintangAsia/about","false","false",,"9",,,"763","87",,,,,,,"https://i.ytimg.com/vi/IV4hMM_fs3Y/oar2.jpg?sqp=-oaymwEdCJUDENAFSFWQAgHyq4qpAwwIARUAAIhCcAHAAQY=&rs=AOn4CLA4_TxUSGYH15d2003fNI6y98iLGg","TOMAT NATAMA SUPER F1, UNTUK DATARAN MENENGAH SAMPAI TINGGI","shorts","https://www.youtube.com/shorts/IV4hMM_fs3Y",,"770",
,,"https://yt3.googleusercontent.com/-eLLsRb4Uk9WIz-1mU0sfD2kUSKDcBpxvwLNaxoo5nh8SQkcRdmaoDN-AjB_MUeHbT_zpykTF5Q=s160-c-k-c0x00ffffff-no-rj","https://yt3.googleusercontent.com/v-cvSIUgxxDrJpDooECDLFN1LYWfgOtFkvcGtXTv4ww_qoOmquicfkXFK1IGU_8fP6jNd6gFXg=w2560-fcrop64=1,00005a57ffffa5a8-k-c0xffffffff-no-nd-rj","Chanel ini berisi tentang dunia pertanian","UC2ykkCz_Jcei_upCvHXlK4Q","Apr 23, 2016","Indonesia","Ijun Channel Bintang Asia","144","179461","https://www.youtube.com/channel/UC2ykkCz_Jcei_upCvHXlK4Q",,,,"5",,"2023-05-19T05:12:23.000Z",,,"https://www.youtube.com/@IjunChannelBintangAsia/shorts",,"IJeM7uSsl4c",,"https://www.youtube.com/@IjunChannelBintangAsia/about","false","false",,"36",,,"763","86",,,,,,,"https://i.ytimg.com/vi/IJeM7uSsl4c/oar2.jpg?sqp=-oaymwEdCJUDENAFSFWQAgHyq4qpAwwIARUAAIhCcAHAAQY=&rs=AOn4CLCSESs_QK1DsTEkiEg8soRyBKFzfg","TIMUN SEMI F1, BUAH LEBAT, PANEN SETIAP HARI","shorts","https://www.youtube.com/shorts/IJeM7uSsl4c",,"4196",
,,"https://yt3.googleusercontent.com/-eLLsRb4Uk9WIz-1mU0sfD2kUSKDcBpxvwLNaxoo5nh8SQkcRdmaoDN-AjB_MUeHbT_zpykTF5Q=s160-c-k-c0x00ffffff-no-rj","https://yt3.googleusercontent.com/v-cvSIUgxxDrJpDooECDLFN1LYWfgOtFkvcGtXTv4ww_qoOmquicfkXFK1IGU_8fP6jNd6gFXg=w2560-fcrop64=1,00005a57ffffa5a8-k-c0xffffffff-no-nd-rj","Chanel ini berisi tentang dunia pertanian","UC2ykkCz_Jcei_upCvHXlK4Q","Apr 23, 2016","Indonesia","Ijun Channel Bintang Asia","144","179461","https://www.youtube.com/channel/UC2ykkCz_Jcei_upCvHXlK4Q",,,,"0",,"2023-05-18T08:21:02.000Z",,,"https://www.youtube.com/@IjunChannelBintangAsia/shorts",,"mIGRSOMnvhc",,"https://www.youtube.com/@IjunChannelBintangAsia/about","false","false",,"15",,,"763","89",,,,,,,"https://i.ytimg.com/vi/mIGRSOMnvhc/oar2.jpg?sqp=-oaymwEdCJUDENAFSFWQAgHyq4qpAwwIARUAAIhCcAHAAQY=&rs=AOn4CLBiiRqYvZ7MzSckCVnNrr6J-PynVg","SEMANGKA DIVA","shorts","https://www.youtube.com/shorts/mIGRSOMnvhc",,"1679",
,,"https://yt3.googleusercontent.com/-eLLsRb4Uk9WIz-1mU0sfD2kUSKDcBpxvwLNaxoo5nh8SQkcRdmaoDN-AjB_MUeHbT_zpykTF5Q=s160-c-k-c0x00ffffff-no-rj","https://yt3.googleusercontent.com/v-cvSIUgxxDrJpDooECDLFN1LYWfgOtFkvcGtXTv4ww_qoOmquicfkXFK1IGU_8fP6jNd6gFXg=w2560-fcrop64=1,00005a57ffffa5a8-k-c0xffffffff-no-nd-rj","Chanel ini berisi tentang dunia pertanian","UC2ykkCz_Jcei_upCvHXlK4Q","Apr 23, 2016","Indonesia","Ijun Channel Bintang Asia","144","179461","https://www.youtube.com/channel/UC2ykkCz_Jcei_upCvHXlK4Q",,,,"5",,"2023-05-25T00:00:00.000Z",,,"https://www.youtube.com/@IjunChannelBintangAsia/shorts",,"MWQ2-QYuPmE",,"https://www.youtube.com/@IjunChannelBintangAsia/about","false","false",,"30",,,"763","80",,,,,,,"https://i.ytimg.com/vi/MWQ2-QYuPmE/oar2.jpg?sqp=-oaymwEdCJUDENAFSFWQAgHyq4qpAwwIARUAAIhCcAHAAQY=&rs=AOn4CLCljxR5AySXNeurZVMSBgb82zI0OA","CABE KRITING CMK TAVI, BUAH LEBAT HASIL MAKSIMAL","shorts","https://www.youtube.com/shorts/MWQ2-QYuPmE",,"2609",
,,"https://yt3.googleusercontent.com/-eLLsRb4Uk9WIz-1mU0sfD2kUSKDcBpxvwLNaxoo5nh8SQkcRdmaoDN-AjB_MUeHbT_zpykTF5Q=s160-c-k-c0x00ffffff-no-rj","https://yt3.googleusercontent.com/v-cvSIUgxxDrJpDooECDLFN1LYWfgOtFkvcGtXTv4ww_qoOmquicfkXFK1IGU_8fP6jNd6gFXg=w2560-fcrop64=1,00005a57ffffa5a8-k-c0xffffffff-no-nd-rj","Chanel ini berisi tentang dunia pertanian","UC2ykkCz_Jcei_upCvHXlK4Q","Apr 23, 2016","Indonesia","Ijun Channel Bintang Asia","144","179461","https://www.youtube.com/channel/UC2ykkCz_Jcei_upCvHXlK4Q",,,,"4",,"2023-05-26T04:46:11.000Z",,,"https://www.youtube.com/@IjunChannelBintangAsia/shorts",,"LuKTxXz4RZs",,"https://www.youtube.com/@IjunChannelBintangAsia/about","false","false",,"11",,,"763","79",,,,,,,"https://i.ytimg.com/vi/LuKTxXz4RZs/oar2.jpg?sqp=-oaymwEdCJUDENAFSFWQAgHyq4qpAwwIARUAAIhCcAHAAQY=&rs=AOn4CLAdqceRteaFt-3ljRjtc9wGLDRQYA","TIMUN SEMI, DI TANAM DI LAHAN BEKAS JAGUNG","shorts","https://www.youtube.com/shorts/LuKTxXz4RZs",,"1201",
,,"https://yt3.googleusercontent.com/-eLLsRb4Uk9WIz-1mU0sfD2kUSKDcBpxvwLNaxoo5nh8SQkcRdmaoDN-AjB_MUeHbT_zpykTF5Q=s160-c-k-c0x00ffffff-no-rj","https://yt3.googleusercontent.com/v-cvSIUgxxDrJpDooECDLFN1LYWfgOtFkvcGtXTv4ww_qoOmquicfkXFK1IGU_8fP6jNd6gFXg=w2560-fcrop64=1,00005a57ffffa5a8-k-c0xffffffff-no-nd-rj","Chanel ini berisi tentang dunia pertanian","UC2ykkCz_Jcei_upCvHXlK4Q","Apr 23, 2016","Indonesia","Ijun Channel Bintang Asia","144","179461","https://www.youtube.com/channel/UC2ykkCz_Jcei_upCvHXlK4Q",,,,"2",,"2023-05-26T00:00:00.000Z",,,"https://www.youtube.com/@IjunChannelBintangAsia/shorts",,"qF2--a4s47I",,"https://www.youtube.com/@IjunChannelBintangAsia/about","false","false",,"5",,,"763","78",,,,,,,"https://i.ytimg.com/vi/qF2--a4s47I/oar2.jpg?sqp=-oaymwEdCJUDENAFSFWQAgHyq4qpAwwIARUAAIhCcAHAAQY=&rs=AOn4CLDvB7akzyRaw1eSaE8jthMzHg_DQA","KRAI, SEJENIS TIMUN DAN RASA LEBIH ENAK","shorts","https://www.youtube.com/shorts/qF2--a4s47I",,"465",
,,"https://yt3.googleusercontent.com/-eLLsRb4Uk9WIz-1mU0sfD2kUSKDcBpxvwLNaxoo5nh8SQkcRdmaoDN-AjB_MUeHbT_zpykTF5Q=s160-c-k-c0x00ffffff-no-rj","https://yt3.googleusercontent.com/v-cvSIUgxxDrJpDooECDLFN1LYWfgOtFkvcGtXTv4ww_qoOmquicfkXFK1IGU_8fP6jNd6gFXg=w2560-fcrop64=1,00005a57ffffa5a8-k-c0xffffffff-no-nd-rj","Chanel ini berisi tentang dunia pertanian","UC2ykkCz_Jcei_upCvHXlK4Q","Apr 23, 2016","Indonesia","Ijun Channel Bintang Asia","144","179461","https://www.youtube.com/channel/UC2ykkCz_Jcei_upCvHXlK4Q",,,,"5",,"2023-05-27T05:12:10.000Z",,,"https://www.youtube.com/@IjunChannelBintangAsia/shorts",,"ORWCgNOhsKI",,"https://www.youtube.com/@IjunChannelBintangAsia/about","false","false",,"18",,,"763","77",,,,,,,"https://i.ytimg.com/vi/ORWCgNOhsKI/oar2.jpg?sqp=-oaymwEdCJUDENAFSFWQAgHyq4qpAwwIARUAAIhCcAHAAQY=&rs=AOn4CLCaUNsJRnBmcdlmxPbfB5LMF3xm1A","SEMANGKA NAPOLI F1","shorts","https://www.youtube.com/shorts/ORWCgNOhsKI",,"1307",
,,"https://yt3.googleusercontent.com/-eLLsRb4Uk9WIz-1mU0sfD2kUSKDcBpxvwLNaxoo5nh8SQkcRdmaoDN-AjB_MUeHbT_zpykTF5Q=s160-c-k-c0x00ffffff-no-rj","https://yt3.googleusercontent.com/v-cvSIUgxxDrJpDooECDLFN1LYWfgOtFkvcGtXTv4ww_qoOmquicfkXFK1IGU_8fP6jNd6gFXg=w2560-fcrop64=1,00005a57ffffa5a8-k-c0xffffffff-no-nd-rj","Chanel ini berisi tentang dunia pertanian","UC2ykkCz_Jcei_upCvHXlK4Q","Apr 23, 2016","Indonesia","Ijun Channel Bintang Asia","144","179461","https://www.youtube.com/channel/UC2ykkCz_Jcei_upCvHXlK4Q",,,,"0",,"2023-06-01T08:57:54.000Z",,,"https://www.youtube.com/@IjunChannelBintangAsia/shorts",,"3AwGP21uy4k",,"https://www.youtube.com/@IjunChannelBintangAsia/about","false","false",,"5",,,"763","76",,,,,,,"https://i.ytimg.com/vi/3AwGP21uy4k/oar2.jpg?sqp=-oaymwEdCJUDENAFSFWQAgHyq4qpAwwIARUAAIhCcAHAAQY=&rs=AOn4CLDGtBKMoNc-PW77o065qb1M4dT_Lg","SEMANGKA EMAS, GOLDEN RED","shorts","https://www.youtube.com/shorts/3AwGP21uy4k",,"464",
,,"https://yt3.googleusercontent.com/-eLLsRb4Uk9WIz-1mU0sfD2kUSKDcBpxvwLNaxoo5nh8SQkcRdmaoDN-AjB_MUeHbT_zpykTF5Q=s160-c-k-c0x00ffffff-no-rj","https://yt3.googleusercontent.com/v-cvSIUgxxDrJpDooECDLFN1LYWfgOtFkvcGtXTv4ww_qoOmquicfkXFK1IGU_8fP6jNd6gFXg=w2560-fcrop64=1,00005a57ffffa5a8-k-c0xffffffff-no-nd-rj","Chanel ini berisi tentang dunia pertanian","UC2ykkCz_Jcei_upCvHXlK4Q","Apr 23, 2016","Indonesia","Ijun Channel Bintang Asia","144","179461","https://www.youtube.com/channel/UC2ykkCz_Jcei_upCvHXlK4Q",,,,"0",,"2023-06-02T01:56:52.000Z",,,"https://www.youtube.com/@IjunChannelBintangAsia/shorts",,"L1cE4mvaVL8",,"https://www.youtube.com/@IjunChannelBintangAsia/about","false","false",,"5",,,"763","75",,,,,,,"https://i.ytimg.com/vi/L1cE4mvaVL8/oar2.jpg?sqp=-oaymwEdCJUDENAFSFWQAgHyq4qpAwwIARUAAIhCcAHAAQY=&rs=AOn4CLBH-uDRVa_OZIK1gfOahLq1LsIjbQ","TOMAT KELERENG, TOMAT REMPAI","shorts","https://www.youtube.com/shorts/L1cE4mvaVL8",,"229",
,,"https://yt3.googleusercontent.com/-eLLsRb4Uk9WIz-1mU0sfD2kUSKDcBpxvwLNaxoo5nh8SQkcRdmaoDN-AjB_MUeHbT_zpykTF5Q=s160-c-k-c0x00ffffff-no-rj","https://yt3.googleusercontent.com/v-cvSIUgxxDrJpDooECDLFN1LYWfgOtFkvcGtXTv4ww_qoOmquicfkXFK1IGU_8fP6jNd6gFXg=w2560-fcrop64=1,00005a57ffffa5a8-k-c0xffffffff-no-nd-rj","Chanel ini berisi tentang dunia pertanian","UC2ykkCz_Jcei_upCvHXlK4Q","Apr 23, 2016","Indonesia","Ijun Channel Bintang Asia","144","179461","https://www.youtube.com/channel/UC2ykkCz_Jcei_upCvHXlK4Q",,,,"0",,"2023-06-03T00:00:00.000Z",,,"https://www.youtube.com/@IjunChannelBintangAsia/shorts",,"ZaLhzOz_QOI",,"https://www.youtube.com/@IjunChannelBintangAsia/about","false","false",,"10",,,"763","74",,,,,,,"https://i.ytimg.com/vi/ZaLhzOz_QOI/oar2.jpg?sqp=-oaymwEdCJUDENAFSFWQAgHyq4qpAwwIARUAAIhCcAHAAQY=&rs=AOn4CLCBT8WguvtBAj8zdoOwRVrd6CQxgw","PANEN SEMANGKA EMAS, NEW INDEN","shorts","https://www.youtube.com/shorts/ZaLhzOz_QOI",,"414",
,,"https://yt3.googleusercontent.com/-eLLsRb4Uk9WIz-1mU0sfD2kUSKDcBpxvwLNaxoo5nh8SQkcRdmaoDN-AjB_MUeHbT_zpykTF5Q=s160-c-k-c0x00ffffff-no-rj","https://yt3.googleusercontent.com/v-cvSIUgxxDrJpDooECDLFN1LYWfgOtFkvcGtXTv4ww_qoOmquicfkXFK1IGU_8fP6jNd6gFXg=w2560-fcrop64=1,00005a57ffffa5a8-k-c0xffffffff-no-nd-rj","Chanel ini berisi tentang dunia pertanian","UC2ykkCz_Jcei_upCvHXlK4Q","Apr 23, 2016","Indonesia","Ijun Channel Bintang Asia","144","179461","https://www.youtube.com/channel/UC2ykkCz_Jcei_upCvHXlK4Q",,,,"0",,"2023-06-16T14:11:55.000Z",,,"https://www.youtube.com/@IjunChannelBintangAsia/shorts",,"qRtmt3YgTb0",,"https://www.youtube.com/@IjunChannelBintangAsia/about","false","false",,"2",,,"763","70",,,,,,,"https://i.ytimg.com/vi/qRtmt3YgTb0/oar2.jpg?sqp=-oaymwEdCPsDENAFSFWQAgHyq4qpAwwIARUAAIhCcAHAAQY=&rs=AOn4CLCrp9muvabaEfOJapyQWPo3lMzwlg","GEBYAR PANEN RAYA MADURI DAN BIG MADURI","shorts","https://www.youtube.com/shorts/qRtmt3YgTb0",,"147",
,,"https://yt3.googleusercontent.com/-eLLsRb4Uk9WIz-1mU0sfD2kUSKDcBpxvwLNaxoo5nh8SQkcRdmaoDN-AjB_MUeHbT_zpykTF5Q=s160-c-k-c0x00ffffff-no-rj","https://yt3.googleusercontent.com/v-cvSIUgxxDrJpDooECDLFN1LYWfgOtFkvcGtXTv4ww_qoOmquicfkXFK1IGU_8fP6jNd6gFXg=w2560-fcrop64=1,00005a57ffffa5a8-k-c0xffffffff-no-nd-rj","Chanel ini berisi tentang dunia pertanian","UC2ykkCz_Jcei_upCvHXlK4Q","Apr 23, 2016","Indonesia","Ijun Channel Bintang Asia","144","179461","https://www.youtube.com/channel/UC2ykkCz_Jcei_upCvHXlK4Q",,,,"0",,"2023-06-20T00:00:00.000Z",,,"https://www.youtube.com/@IjunChannelBintangAsia/shorts",,"DYxGurx6-qc",,"https://www.youtube.com/@IjunChannelBintangAsia/about","false","false",,"6",,,"763","69",,,,,,,"https://i.ytimg.com/vi/DYxGurx6-qc/oar2.jpg?sqp=-oaymwEdCJUDENAFSFWQAgHyq4qpAwwIARUAAIhCcAHAAQY=&rs=AOn4CLC7k9Lm80qDvc5wlwYVmMS4_f9Khw","SEMANGKA MADURI SEMANGKA VIRAL","shorts","https://www.youtube.com/shorts/DYxGurx6-qc",,"466",
,,"https://yt3.googleusercontent.com/-eLLsRb4Uk9WIz-1mU0sfD2kUSKDcBpxvwLNaxoo5nh8SQkcRdmaoDN-AjB_MUeHbT_zpykTF5Q=s160-c-k-c0x00ffffff-no-rj","https://yt3.googleusercontent.com/v-cvSIUgxxDrJpDooECDLFN1LYWfgOtFkvcGtXTv4ww_qoOmquicfkXFK1IGU_8fP6jNd6gFXg=w2560-fcrop64=1,00005a57ffffa5a8-k-c0xffffffff-no-nd-rj","Chanel ini berisi tentang dunia pertanian","UC2ykkCz_Jcei_upCvHXlK4Q","Apr 23, 2016","Indonesia","Ijun Channel Bintang Asia","144","179461","https://www.youtube.com/channel/UC2ykkCz_Jcei_upCvHXlK4Q",,,,"0",,"2023-06-21T09:32:37.000Z",,,"https://www.youtube.com/@IjunChannelBintangAsia/shorts",,"B9dHMCfsvrs",,"https://www.youtube.com/@IjunChannelBintangAsia/about","false","false",,"1",,,"763","67",,,,,,,"https://i.ytimg.com/vi/B9dHMCfsvrs/oar2.jpg?sqp=-oaymwEdCJgDENAFSFWQAgHyq4qpAwwIARUAAIhCcAHAAQY=&rs=AOn4CLBhTg7Llz3jxqG8DIdi7GSgCLSE6A","TESTIMONI SEMANGKA MADURI DARI WAKIL BUPATI JOMBANG @BintangasiA_TV","shorts","https://www.youtube.com/shorts/B9dHMCfsvrs",,"116",
,,"https://yt3.googleusercontent.com/-eLLsRb4Uk9WIz-1mU0sfD2kUSKDcBpxvwLNaxoo5nh8SQkcRdmaoDN-AjB_MUeHbT_zpykTF5Q=s160-c-k-c0x00ffffff-no-rj","https://yt3.googleusercontent.com/v-cvSIUgxxDrJpDooECDLFN1LYWfgOtFkvcGtXTv4ww_qoOmquicfkXFK1IGU_8fP6jNd6gFXg=w2560-fcrop64=1,00005a57ffffa5a8-k-c0xffffffff-no-nd-rj","Chanel ini berisi tentang dunia pertanian","UC2ykkCz_Jcei_upCvHXlK4Q","Apr 23, 2016","Indonesia","Ijun Channel Bintang Asia","144","179461","https://www.youtube.com/channel/UC2ykkCz_Jcei_upCvHXlK4Q",,,,"7",,"2023-06-07T04:01:15.000Z",,,"https://www.youtube.com/@IjunChannelBintangAsia/shorts",,"t5EynX57Kd4",,"https://www.youtube.com/@IjunChannelBintangAsia/about","false","false",,"16",,,"763","73",,,,,,,"https://i.ytimg.com/vi/t5EynX57Kd4/oar2.jpg?sqp=-oaymwEdCJUDENAFSFWQAgHyq4qpAwwIARUAAIhCcAHAAQY=&rs=AOn4CLCMQoGlKOYOQGEa9U6powW3DJ6uWA","LABU MADU PULEN, PUMKIN BUTTERNUT","shorts","https://www.youtube.com/shorts/t5EynX57Kd4",,"716",
,,"https://yt3.googleusercontent.com/-eLLsRb4Uk9WIz-1mU0sfD2kUSKDcBpxvwLNaxoo5nh8SQkcRdmaoDN-AjB_MUeHbT_zpykTF5Q=s160-c-k-c0x00ffffff-no-rj","https://yt3.googleusercontent.com/v-cvSIUgxxDrJpDooECDLFN1LYWfgOtFkvcGtXTv4ww_qoOmquicfkXFK1IGU_8fP6jNd6gFXg=w2560-fcrop64=1,00005a57ffffa5a8-k-c0xffffffff-no-nd-rj","Chanel ini berisi tentang dunia pertanian","UC2ykkCz_Jcei_upCvHXlK4Q","Apr 23, 2016","Indonesia","Ijun Channel Bintang Asia","144","179461","https://www.youtube.com/channel/UC2ykkCz_Jcei_upCvHXlK4Q",,,,"14",,"2023-06-20T17:55:19.000Z",,,"https://www.youtube.com/@IjunChannelBintangAsia/shorts",,"pPn5PoDcnaM",,"https://www.youtube.com/@IjunChannelBintangAsia/about","false","false",,"28",,,"763","68",,,,,,,"https://i.ytimg.com/vi/pPn5PoDcnaM/oar2.jpg?sqp=-oaymwEdCJUDENAFSFWQAgHyq4qpAwwIARUAAIhCcAHAAQY=&rs=AOn4CLCvWYcKvnoo95vQtna47OGwyDzu0w","JAGUNG HIBRIDA BETRAS 9, JAGUNG DENGAN HASIL SUPER","shorts","https://www.youtube.com/shorts/pPn5PoDcnaM",,"2839",
,,"https://yt3.googleusercontent.com/-eLLsRb4Uk9WIz-1mU0sfD2kUSKDcBpxvwLNaxoo5nh8SQkcRdmaoDN-AjB_MUeHbT_zpykTF5Q=s160-c-k-c0x00ffffff-no-rj","https://yt3.googleusercontent.com/v-cvSIUgxxDrJpDooECDLFN1LYWfgOtFkvcGtXTv4ww_qoOmquicfkXFK1IGU_8fP6jNd6gFXg=w2560-fcrop64=1,00005a57ffffa5a8-k-c0xffffffff-no-nd-rj","Chanel ini berisi tentang dunia pertanian","UC2ykkCz_Jcei_upCvHXlK4Q","Apr 23, 2016","Indonesia","Ijun Channel Bintang Asia","144","179461","https://www.youtube.com/channel/UC2ykkCz_Jcei_upCvHXlK4Q",,,,"3",,"2023-06-16T03:58:51.000Z",,,"https://www.youtube.com/@IjunChannelBintangAsia/shorts",,"mLdxXO3fOC4",,"https://www.youtube.com/@IjunChannelBintangAsia/about","false","false",,"4",,,"763","71",,,,,,,"https://i.ytimg.com/vi/mLdxXO3fOC4/oar2.jpg?sqp=-oaymwEdCIwDENAFSFWQAgHyq4qpAwwIARUAAIhCcAHAAQY=&rs=AOn4CLAJueMI1_0A4gw5Md4u_5Nx0v73YQ","BIBIT KUBIS COMPACT 22. PRODUK BINTANG ASIA","shorts","https://www.youtube.com/shorts/mLdxXO3fOC4",,"307",
,,"https://yt3.googleusercontent.com/-eLLsRb4Uk9WIz-1mU0sfD2kUSKDcBpxvwLNaxoo5nh8SQkcRdmaoDN-AjB_MUeHbT_zpykTF5Q=s160-c-k-c0x00ffffff-no-rj","https://yt3.googleusercontent.com/v-cvSIUgxxDrJpDooECDLFN1LYWfgOtFkvcGtXTv4ww_qoOmquicfkXFK1IGU_8fP6jNd6gFXg=w2560-fcrop64=1,00005a57ffffa5a8-k-c0xffffffff-no-nd-rj","Chanel ini berisi tentang dunia pertanian","UC2ykkCz_Jcei_upCvHXlK4Q","Apr 23, 2016","Indonesia","Ijun Channel Bintang Asia","144","179461","https://www.youtube.com/channel/UC2ykkCz_Jcei_upCvHXlK4Q",,,,"2",,"2023-06-13T10:58:42.000Z",,,"https://www.youtube.com/@IjunChannelBintangAsia/shorts",,"3pCdtkVU5DI",,"https://www.youtube.com/@IjunChannelBintangAsia/about","false","false",,"4",,,"763","72",,,,,,,"https://i.ytimg.com/vi/3pCdtkVU5DI/oar2.jpg?sqp=-oaymwEdCJUDENAFSFWQAgHyq4qpAwwIARUAAIhCcAHAAQY=&rs=AOn4CLDmBg_xwqd_TY3v8b4oa5SiATeXug","SEMANGKA TERBARU DARI BINTANG ASIA, SEMANGKA BLACK OREN","shorts","https://www.youtube.com/shorts/3pCdtkVU5DI",,"679",
,,"https://yt3.googleusercontent.com/-eLLsRb4Uk9WIz-1mU0sfD2kUSKDcBpxvwLNaxoo5nh8SQkcRdmaoDN-AjB_MUeHbT_zpykTF5Q=s160-c-k-c0x00ffffff-no-rj","https://yt3.googleusercontent.com/v-cvSIUgxxDrJpDooECDLFN1LYWfgOtFkvcGtXTv4ww_qoOmquicfkXFK1IGU_8fP6jNd6gFXg=w2560-fcrop64=1,00005a57ffffa5a8-k-c0xffffffff-no-nd-rj","Chanel ini berisi tentang dunia pertanian","UC2ykkCz_Jcei_upCvHXlK4Q","Apr 23, 2016","Indonesia","Ijun Channel Bintang Asia","144","179461","https://www.youtube.com/channel/UC2ykkCz_Jcei_upCvHXlK4Q",,,,"0",,"2023-06-29T07:34:59.000Z",,,"https://www.youtube.com/@IjunChannelBintangAsia/shorts",,"m7VZ77jVsWw",,"https://www.youtube.com/@IjunChannelBintangAsia/about","false","false",,"39",,,"763","65",,,,,,,"https://i.ytimg.com/vi/m7VZ77jVsWw/oar2.jpg?sqp=-oaymwEdCPgDENAFSFWQAgHyq4qpAwwIARUAAIhCcAHAAQY=&rs=AOn4CLDnhSp7qK4RwhR3an1AgnNSLC1ksw","HASIL PANEN CABAI KERITING CMK TAVI","shorts","https://www.youtube.com/shorts/m7VZ77jVsWw",,"3508",
,,"https://yt3.googleusercontent.com/-eLLsRb4Uk9WIz-1mU0sfD2kUSKDcBpxvwLNaxoo5nh8SQkcRdmaoDN-AjB_MUeHbT_zpykTF5Q=s160-c-k-c0x00ffffff-no-rj","https://yt3.googleusercontent.com/v-cvSIUgxxDrJpDooECDLFN1LYWfgOtFkvcGtXTv4ww_qoOmquicfkXFK1IGU_8fP6jNd6gFXg=w2560-fcrop64=1,00005a57ffffa5a8-k-c0xffffffff-no-nd-rj","Chanel ini berisi tentang dunia pertanian","UC2ykkCz_Jcei_upCvHXlK4Q","Apr 23, 2016","Indonesia","Ijun Channel Bintang Asia","144","179461","https://www.youtube.com/channel/UC2ykkCz_Jcei_upCvHXlK4Q",,,,"0",,"2023-07-02T08:54:05.000Z",,,"https://www.youtube.com/@IjunChannelBintangAsia/shorts",,"5kyTyt5gm78",,"https://www.youtube.com/@IjunChannelBintangAsia/about","false","false",,"1",,,"763","64",,,,,,,"https://i.ytimg.com/vi/5kyTyt5gm78/oar2.jpg?sqp=-oaymwEdCJUDENAFSFWQAgHyq4qpAwwIARUAAIhCcAHAAQY=&rs=AOn4CLBTEaGpiIo8WtUSaYEvR6pOY_WP6w","TIMUN SEMI LAGI GUYS!!! BUNGANYA SANGAT LEBAT","shorts","https://www.youtube.com/shorts/5kyTyt5gm78",,"64",
,,"https://yt3.googleusercontent.com/-eLLsRb4Uk9WIz-1mU0sfD2kUSKDcBpxvwLNaxoo5nh8SQkcRdmaoDN-AjB_MUeHbT_zpykTF5Q=s160-c-k-c0x00ffffff-no-rj","https://yt3.googleusercontent.com/v-cvSIUgxxDrJpDooECDLFN1LYWfgOtFkvcGtXTv4ww_qoOmquicfkXFK1IGU_8fP6jNd6gFXg=w2560-fcrop64=1,00005a57ffffa5a8-k-c0xffffffff-no-nd-rj","Chanel ini berisi tentang dunia pertanian","UC2ykkCz_Jcei_upCvHXlK4Q","Apr 23, 2016","Indonesia","Ijun Channel Bintang Asia","144","179461","https://www.youtube.com/channel/UC2ykkCz_Jcei_upCvHXlK4Q",,,,"0",,"2023-06-21T14:20:48.000Z",,,"https://www.youtube.com/@IjunChannelBintangAsia/shorts",,"WAqLAy2DIpg",,"https://www.youtube.com/@IjunChannelBintangAsia/about","false","false",,"4",,,"763","66",,,,,,,"https://i.ytimg.com/vi_webp/WAqLAy2DIpg/oar2.webp","SUKSES!! ACARA GEBYAR PANEN RAYA SEMANGKA MADURI DAN BIG MADURI","shorts","https://www.youtube.com/shorts/WAqLAy2DIpg",,"44",
,,"https://yt3.googleusercontent.com/-eLLsRb4Uk9WIz-1mU0sfD2kUSKDcBpxvwLNaxoo5nh8SQkcRdmaoDN-AjB_MUeHbT_zpykTF5Q=s160-c-k-c0x00ffffff-no-rj","https://yt3.googleusercontent.com/v-cvSIUgxxDrJpDooECDLFN1LYWfgOtFkvcGtXTv4ww_qoOmquicfkXFK1IGU_8fP6jNd6gFXg=w2560-fcrop64=1,00005a57ffffa5a8-k-c0xffffffff-no-nd-rj","Chanel ini berisi tentang dunia pertanian","UC2ykkCz_Jcei_upCvHXlK4Q","Apr 23, 2016","Indonesia","Ijun Channel Bintang Asia","144","179461","https://www.youtube.com/channel/UC2ykkCz_Jcei_upCvHXlK4Q",,,,"0",,"2023-08-06T00:00:00.000Z",,,"https://www.youtube.com/@IjunChannelBintangAsia/shorts",,"AB7CzWk6H3Q",,"https://www.youtube.com/@IjunChannelBintangAsia/about","false","false",,"2",,,"763","59",,,,,,,"https://i.ytimg.com/vi/AB7CzWk6H3Q/oar2.jpg?sqp=-oaymwEdCJUDENAFSFWQAgHyq4qpAwwIARUAAIhCcAHAAQY=&rs=AOn4CLCKTccHh4Q4uWhkemH3zWM4KAmdsw","VIDIO LENGKAP NYA KLIK LINK BERIKUT https://youtu.be/5sZmOQkkgmQ","shorts","https://www.youtube.com/shorts/AB7CzWk6H3Q",,"156",
,,"https://yt3.googleusercontent.com/-eLLsRb4Uk9WIz-1mU0sfD2kUSKDcBpxvwLNaxoo5nh8SQkcRdmaoDN-AjB_MUeHbT_zpykTF5Q=s160-c-k-c0x00ffffff-no-rj","https://yt3.googleusercontent.com/v-cvSIUgxxDrJpDooECDLFN1LYWfgOtFkvcGtXTv4ww_qoOmquicfkXFK1IGU_8fP6jNd6gFXg=w2560-fcrop64=1,00005a57ffffa5a8-k-c0xffffffff-no-nd-rj","Chanel ini berisi tentang dunia pertanian","UC2ykkCz_Jcei_upCvHXlK4Q","Apr 23, 2016","Indonesia","Ijun Channel Bintang Asia","144","179461","https://www.youtube.com/channel/UC2ykkCz_Jcei_upCvHXlK4Q",,,,"6",,"2023-08-27T02:52:12.000Z",,,"https://www.youtube.com/@IjunChannelBintangAsia/shorts",,"lMpN99FKeRc",,"https://www.youtube.com/@IjunChannelBintangAsia/about","false","false",,"12",,,"763","55",,,,,,"Video dari Muhammad Faizun Anam","https://i.ytimg.com/vi_webp/lMpN99FKeRc/oar2.webp","SEMANGKA NON BIJI VARIETAS SERI F1","shorts","https://www.youtube.com/shorts/lMpN99FKeRc",,"1324",
,,"https://yt3.googleusercontent.com/-eLLsRb4Uk9WIz-1mU0sfD2kUSKDcBpxvwLNaxoo5nh8SQkcRdmaoDN-AjB_MUeHbT_zpykTF5Q=s160-c-k-c0x00ffffff-no-rj","https://yt3.googleusercontent.com/v-cvSIUgxxDrJpDooECDLFN1LYWfgOtFkvcGtXTv4ww_qoOmquicfkXFK1IGU_8fP6jNd6gFXg=w2560-fcrop64=1,00005a57ffffa5a8-k-c0xffffffff-no-nd-rj","Chanel ini berisi tentang dunia pertanian","UC2ykkCz_Jcei_upCvHXlK4Q","Apr 23, 2016","Indonesia","Ijun Channel Bintang Asia","144","179461","https://www.youtube.com/channel/UC2ykkCz_Jcei_upCvHXlK4Q",,,,"0",,"2023-07-20T00:00:00.000Z",,,"https://www.youtube.com/@IjunChannelBintangAsia/shorts",,"3uEZJtU4YUk",,"https://www.youtube.com/@IjunChannelBintangAsia/about","false","false",,"4",,,"763","60",,,,,,,"https://i.ytimg.com/vi/3uEZJtU4YUk/oar2.jpg?sqp=-oaymwEdCJUDENAFSFWQAgHyq4qpAwwIARUAAIhCcAHAAQY=&rs=AOn4CLAZoP_HfN3xYBYBeDY2ocAwqDyImA","TOMAT VITALIA","shorts","https://www.youtube.com/shorts/3uEZJtU4YUk",,"401",
,,"https://yt3.googleusercontent.com/-eLLsRb4Uk9WIz-1mU0sfD2kUSKDcBpxvwLNaxoo5nh8SQkcRdmaoDN-AjB_MUeHbT_zpykTF5Q=s160-c-k-c0x00ffffff-no-rj","https://yt3.googleusercontent.com/v-cvSIUgxxDrJpDooECDLFN1LYWfgOtFkvcGtXTv4ww_qoOmquicfkXFK1IGU_8fP6jNd6gFXg=w2560-fcrop64=1,00005a57ffffa5a8-k-c0xffffffff-no-nd-rj","Chanel ini berisi tentang dunia pertanian","UC2ykkCz_Jcei_upCvHXlK4Q","Apr 23, 2016","Indonesia","Ijun Channel Bintang Asia","144","179461","https://www.youtube.com/channel/UC2ykkCz_Jcei_upCvHXlK4Q",,,,"2",,"2023-08-17T00:00:00.000Z",,,"https://www.youtube.com/@IjunChannelBintangAsia/shorts",,"xTizgU-5DX0",,"https://www.youtube.com/@IjunChannelBintangAsia/about","false","false",,"19",,,"763","56",,,,,,,"https://i.ytimg.com/vi/xTizgU-5DX0/oar2.jpg?sqp=-oaymwEdCJUDENAFSFWQAgHyq4qpAwwIARUAAIhCcAHAAQY=&rs=AOn4CLC62i5NUz0iU21qgbhAqqn2WFlwOQ","LABU / WALUH SAMINA F1","shorts","https://www.youtube.com/shorts/xTizgU-5DX0",,"956",
,,"https://yt3.googleusercontent.com/-eLLsRb4Uk9WIz-1mU0sfD2kUSKDcBpxvwLNaxoo5nh8SQkcRdmaoDN-AjB_MUeHbT_zpykTF5Q=s160-c-k-c0x00ffffff-no-rj","https://yt3.googleusercontent.com/v-cvSIUgxxDrJpDooECDLFN1LYWfgOtFkvcGtXTv4ww_qoOmquicfkXFK1IGU_8fP6jNd6gFXg=w2560-fcrop64=1,00005a57ffffa5a8-k-c0xffffffff-no-nd-rj","Chanel ini berisi tentang dunia pertanian","UC2ykkCz_Jcei_upCvHXlK4Q","Apr 23, 2016","Indonesia","Ijun Channel Bintang Asia","144","179461","https://www.youtube.com/channel/UC2ykkCz_Jcei_upCvHXlK4Q",,,,"0",,"2023-07-10T06:34:33.000Z",,,"https://www.youtube.com/@IjunChannelBintangAsia/shorts",,"OIr7X5VSvxY",,"https://www.youtube.com/@IjunChannelBintangAsia/about","false","false",,"9",,,"763","62",,,,,,,"https://i.ytimg.com/vi/OIr7X5VSvxY/hq720.jpg?sqp=-oaymwEdCJUDENAFSFXyq4qpAw8IARUAAIhCcAHAAQbQAQE=&rs=AOn4CLDapNUIrifZLfcZREJZ3ljzc1wtSg","BETRAS 9, ARSIP DOKUMENTASI PENANAMAN TAHUN 2022 DI JOMBANG","shorts","https://www.youtube.com/shorts/OIr7X5VSvxY",,"420",
,,"https://yt3.googleusercontent.com/-eLLsRb4Uk9WIz-1mU0sfD2kUSKDcBpxvwLNaxoo5nh8SQkcRdmaoDN-AjB_MUeHbT_zpykTF5Q=s160-c-k-c0x00ffffff-no-rj","https://yt3.googleusercontent.com/v-cvSIUgxxDrJpDooECDLFN1LYWfgOtFkvcGtXTv4ww_qoOmquicfkXFK1IGU_8fP6jNd6gFXg=w2560-fcrop64=1,00005a57ffffa5a8-k-c0xffffffff-no-nd-rj","Chanel ini berisi tentang dunia pertanian","UC2ykkCz_Jcei_upCvHXlK4Q","Apr 23, 2016","Indonesia","Ijun Channel Bintang Asia","144","179461","https://www.youtube.com/channel/UC2ykkCz_Jcei_upCvHXlK4Q",,,,"0",,"2023-07-19T09:31:41.000Z",,,"https://www.youtube.com/@IjunChannelBintangAsia/shorts",,"4vCd7yIh4d0",,"https://www.youtube.com/@IjunChannelBintangAsia/about","false","false",,"3",,,"763","61",,,,,,,"https://i.ytimg.com/vi/4vCd7yIh4d0/oar2.jpg?sqp=-oaymwEdCJUDENAFSFWQAgHyq4qpAwwIARUAAIhCcAHAAQY=&rs=AOn4CLB-MJw57vwq3FO-d-G_R9dpzKCCMQ","BROKOLI / KEMBANG KOL / BUNGKUL.","shorts","https://www.youtube.com/shorts/4vCd7yIh4d0",,"221",
,,"https://yt3.googleusercontent.com/-eLLsRb4Uk9WIz-1mU0sfD2kUSKDcBpxvwLNaxoo5nh8SQkcRdmaoDN-AjB_MUeHbT_zpykTF5Q=s160-c-k-c0x00ffffff-no-rj","https://yt3.googleusercontent.com/v-cvSIUgxxDrJpDooECDLFN1LYWfgOtFkvcGtXTv4ww_qoOmquicfkXFK1IGU_8fP6jNd6gFXg=w2560-fcrop64=1,00005a57ffffa5a8-k-c0xffffffff-no-nd-rj","Chanel ini berisi tentang dunia pertanian","UC2ykkCz_Jcei_upCvHXlK4Q","Apr 23, 2016","Indonesia","Ijun Channel Bintang Asia","144","179461","https://www.youtube.com/channel/UC2ykkCz_Jcei_upCvHXlK4Q",,,,"0",,"2023-08-15T14:41:02.000Z",,,"https://www.youtube.com/@IjunChannelBintangAsia/shorts",,"W2S468LSY64",,"https://www.youtube.com/@IjunChannelBintangAsia/about","false","false",,"1",,,"763","58",,,,,,,"https://i.ytimg.com/vi_webp/W2S468LSY64/oar2.webp","HASIL PRODUK BINTANG ASIA DENGAN SISTEM ORGANIK-1","shorts","https://www.youtube.com/shorts/W2S468LSY64",,"86",
,,"https://yt3.googleusercontent.com/-eLLsRb4Uk9WIz-1mU0sfD2kUSKDcBpxvwLNaxoo5nh8SQkcRdmaoDN-AjB_MUeHbT_zpykTF5Q=s160-c-k-c0x00ffffff-no-rj","https://yt3.googleusercontent.com/v-cvSIUgxxDrJpDooECDLFN1LYWfgOtFkvcGtXTv4ww_qoOmquicfkXFK1IGU_8fP6jNd6gFXg=w2560-fcrop64=1,00005a57ffffa5a8-k-c0xffffffff-no-nd-rj","Chanel ini berisi tentang dunia pertanian","UC2ykkCz_Jcei_upCvHXlK4Q","Apr 23, 2016","Indonesia","Ijun Channel Bintang Asia","144","179461","https://www.youtube.com/channel/UC2ykkCz_Jcei_upCvHXlK4Q",,,,"0",,"2023-08-15T14:43:19.000Z",,,"https://www.youtube.com/@IjunChannelBintangAsia/shorts",,"pOIUTNt56OA",,"https://www.youtube.com/@IjunChannelBintangAsia/about","false","false",,"2",,,"763","57",,,,,,,"https://i.ytimg.com/vi_webp/pOIUTNt56OA/oar2.webp","HASIL PRODUK BINTANG ASIA DENGAN SISTEM ORGANIK-2","shorts","https://www.youtube.com/shorts/pOIUTNt56OA",,"144",
,,"https://yt3.googleusercontent.com/-eLLsRb4Uk9WIz-1mU0sfD2kUSKDcBpxvwLNaxoo5nh8SQkcRdmaoDN-AjB_MUeHbT_zpykTF5Q=s160-c-k-c0x00ffffff-no-rj","https://yt3.googleusercontent.com/v-cvSIUgxxDrJpDooECDLFN1LYWfgOtFkvcGtXTv4ww_qoOmquicfkXFK1IGU_8fP6jNd6gFXg=w2560-fcrop64=1,00005a57ffffa5a8-k-c0xffffffff-no-nd-rj","Chanel ini berisi tentang dunia pertanian","UC2ykkCz_Jcei_upCvHXlK4Q","Apr 23, 2016","Indonesia","Ijun Channel Bintang Asia","144","179461","https://www.youtube.com/channel/UC2ykkCz_Jcei_upCvHXlK4Q",,,,"0",,"2023-07-06T09:09:26.000Z",,,"https://www.youtube.com/@IjunChannelBintangAsia/shorts",,"8aLsMnXot_0",,"https://www.youtube.com/@IjunChannelBintangAsia/about","false","false",,"2",,,"763","63",,,,,,,"https://i.ytimg.com/vi/8aLsMnXot_0/oar2.jpg?sqp=-oaymwEdCJUDENAFSFWQAgHyq4qpAwwIARUAAIhCcAHAAQY=&rs=AOn4CLC_Frpb3tAjYHDcBTrmrFhmh7J7zA","LAGU BETRAS 9, ACARA PANEN RAYA BETRAS 9 DI BOJONEGORO","shorts","https://www.youtube.com/shorts/8aLsMnXot_0",,"330",
,,"https://yt3.googleusercontent.com/-eLLsRb4Uk9WIz-1mU0sfD2kUSKDcBpxvwLNaxoo5nh8SQkcRdmaoDN-AjB_MUeHbT_zpykTF5Q=s160-c-k-c0x00ffffff-no-rj","https://yt3.googleusercontent.com/v-cvSIUgxxDrJpDooECDLFN1LYWfgOtFkvcGtXTv4ww_qoOmquicfkXFK1IGU_8fP6jNd6gFXg=w2560-fcrop64=1,00005a57ffffa5a8-k-c0xffffffff-no-nd-rj","Chanel ini berisi tentang dunia pertanian","UC2ykkCz_Jcei_upCvHXlK4Q","Apr 23, 2016","Indonesia","Ijun Channel Bintang Asia","144","179461","https://www.youtube.com/channel/UC2ykkCz_Jcei_upCvHXlK4Q",,,,"3",,"2023-09-01T09:57:55.000Z",,,"https://www.youtube.com/@IjunChannelBintangAsia/shorts",,"5jmOxkAvcyk",,"https://www.youtube.com/@IjunChannelBintangAsia/about","false","false",,"6",,,"763","54",,,,,,,"https://i.ytimg.com/vi_webp/5jmOxkAvcyk/oar2.webp","SEMANGKA MADURI kiriman dari petani semangka bojonegoro","shorts","https://www.youtube.com/shorts/5jmOxkAvcyk",,"436",
,,"https://yt3.googleusercontent.com/-eLLsRb4Uk9WIz-1mU0sfD2kUSKDcBpxvwLNaxoo5nh8SQkcRdmaoDN-AjB_MUeHbT_zpykTF5Q=s160-c-k-c0x00ffffff-no-rj","https://yt3.googleusercontent.com/v-cvSIUgxxDrJpDooECDLFN1LYWfgOtFkvcGtXTv4ww_qoOmquicfkXFK1IGU_8fP6jNd6gFXg=w2560-fcrop64=1,00005a57ffffa5a8-k-c0xffffffff-no-nd-rj","Chanel ini berisi tentang dunia pertanian","UC2ykkCz_Jcei_upCvHXlK4Q","Apr 23, 2016","Indonesia","Ijun Channel Bintang Asia","144","179461","https://www.youtube.com/channel/UC2ykkCz_Jcei_upCvHXlK4Q",,,,"0",,"2023-09-05T00:00:00.000Z",,,"https://www.youtube.com/@IjunChannelBintangAsia/shorts",,"XABnpK_bqP8",,"https://www.youtube.com/@IjunChannelBintangAsia/about","false","false",,"2",,,"763","52",,,,,,"Video dari Muhammad Faizun Anam","https://i.ytimg.com/vi/XABnpK_bqP8/oar2.jpg","TOMAT TINATOON","shorts","https://www.youtube.com/shorts/XABnpK_bqP8",,"219",
,,"https://yt3.googleusercontent.com/-eLLsRb4Uk9WIz-1mU0sfD2kUSKDcBpxvwLNaxoo5nh8SQkcRdmaoDN-AjB_MUeHbT_zpykTF5Q=s160-c-k-c0x00ffffff-no-rj","https://yt3.googleusercontent.com/v-cvSIUgxxDrJpDooECDLFN1LYWfgOtFkvcGtXTv4ww_qoOmquicfkXFK1IGU_8fP6jNd6gFXg=w2560-fcrop64=1,00005a57ffffa5a8-k-c0xffffffff-no-nd-rj","Chanel ini berisi tentang dunia pertanian","UC2ykkCz_Jcei_upCvHXlK4Q","Apr 23, 2016","Indonesia","Ijun Channel Bintang Asia","144","179461","https://www.youtube.com/channel/UC2ykkCz_Jcei_upCvHXlK4Q",,,,"0",,"2023-09-04T05:32:25.000Z",,,"https://www.youtube.com/@IjunChannelBintangAsia/shorts",,"M029Ho5m33E",,"https://www.youtube.com/@IjunChannelBintangAsia/about","false","false",,"2",,,"763","53",,,,,,,"https://i.ytimg.com/vi/M029Ho5m33E/oar2.jpg?sqp=-oaymwEdCJUDENAFSFWQAgHyq4qpAwwIARUAAIhCcAHAAQY=&rs=AOn4CLCrj8zcIJkf1rUmPsJBh5l9YD7m5w","SEMANGKA INDEN DAN BIG MADURI","shorts","https://www.youtube.com/shorts/M029Ho5m33E",,"410",
,,"https://yt3.googleusercontent.com/-eLLsRb4Uk9WIz-1mU0sfD2kUSKDcBpxvwLNaxoo5nh8SQkcRdmaoDN-AjB_MUeHbT_zpykTF5Q=s160-c-k-c0x00ffffff-no-rj","https://yt3.googleusercontent.com/v-cvSIUgxxDrJpDooECDLFN1LYWfgOtFkvcGtXTv4ww_qoOmquicfkXFK1IGU_8fP6jNd6gFXg=w2560-fcrop64=1,00005a57ffffa5a8-k-c0xffffffff-no-nd-rj","Chanel ini berisi tentang dunia pertanian","UC2ykkCz_Jcei_upCvHXlK4Q","Apr 23, 2016","Indonesia","Ijun Channel Bintang Asia","144","179461","https://www.youtube.com/channel/UC2ykkCz_Jcei_upCvHXlK4Q",,,,"4",,"2023-09-17T05:06:20.000Z",,,"https://www.youtube.com/@IjunChannelBintangAsia/shorts",,"US9_LTG8TX0",,"https://www.youtube.com/@IjunChannelBintangAsia/about","false","false",,"19",,,"763","50",,,,,,,"https://i.ytimg.com/vi/US9_LTG8TX0/oar2.jpg?sqp=-oaymwEdCJUDENAFSFWQAgHyq4qpAwwIARUAAIhCcAHAAQY=&rs=AOn4CLAiGYDYuhQiJRNNDy3-iHAFjKPZPw","PANEN MELON MERLIN","shorts","https://www.youtube.com/shorts/US9_LTG8TX0",,"2858",
,,"https://yt3.googleusercontent.com/-eLLsRb4Uk9WIz-1mU0sfD2kUSKDcBpxvwLNaxoo5nh8SQkcRdmaoDN-AjB_MUeHbT_zpykTF5Q=s160-c-k-c0x00ffffff-no-rj","https://yt3.googleusercontent.com/v-cvSIUgxxDrJpDooECDLFN1LYWfgOtFkvcGtXTv4ww_qoOmquicfkXFK1IGU_8fP6jNd6gFXg=w2560-fcrop64=1,00005a57ffffa5a8-k-c0xffffffff-no-nd-rj","Chanel ini berisi tentang dunia pertanian","UC2ykkCz_Jcei_upCvHXlK4Q","Apr 23, 2016","Indonesia","Ijun Channel Bintang Asia","144","179461","https://www.youtube.com/channel/UC2ykkCz_Jcei_upCvHXlK4Q",,,,"1",,"2023-09-13T11:25:09.000Z",,,"https://www.youtube.com/@IjunChannelBintangAsia/shorts",,"Qu-eUu_zrN8",,"https://www.youtube.com/@IjunChannelBintangAsia/about","false","false",,"11",,,"763","51",,,,,,"Video dari Muhammad Faizun Anam","https://i.ytimg.com/vi/Qu-eUu_zrN8/oar2.jpg","PANEN LABU MADU PULEN F1","shorts","https://www.youtube.com/shorts/Qu-eUu_zrN8",,"750",
,,,,,"UC2ykkCz_Jcei_upCvHXlK4Q",,,"Ijun Channel Bintang Asia",,,"https://www.youtube.com/@IjunChannelBintangAsia",,,,"0",,"2024-10-07T00:22:40.000Z",,,,,"TyrNSXHebLs",,,,,,"1",,,,,,,,,,,,"Konsolidasi antar para influencer se Indonesia","shorts","https://www.youtube.com/shorts/TyrNSXHebLs",,"16",
,,,,,"UC2ykkCz_Jcei_upCvHXlK4Q",,,"Ijun Channel Bintang Asia",,,"https://www.youtube.com/@IjunChannelBintangAsia",,,,"0",,"2024-10-07T00:00:00.000Z",,,,,"Dp2nXhP84q4",,,,,,"2",,,,,,,,,,,,"Display aula pt benih citra asia","shorts","https://www.youtube.com/shorts/Dp2nXhP84q4",,"46",
,,,,,"UC2ykkCz_Jcei_upCvHXlK4Q",,,"Ijun Channel Bintang Asia",,,"https://www.youtube.com/@IjunChannelBintangAsia",,,,"5",,"2024-09-20T00:00:00.000Z",,,,,"H208Aa-hPTQ",,,,,,"8",,,,,,,,,,,,"Pesona melon alison f1. Produk baru bintang asia","shorts","https://www.youtube.com/shorts/H208Aa-hPTQ",,"551",
,,"https://yt3.googleusercontent.com/-eLLsRb4Uk9WIz-1mU0sfD2kUSKDcBpxvwLNaxoo5nh8SQkcRdmaoDN-AjB_MUeHbT_zpykTF5Q=s160-c-k-c0x00ffffff-no-rj","https://yt3.googleusercontent.com/v-cvSIUgxxDrJpDooECDLFN1LYWfgOtFkvcGtXTv4ww_qoOmquicfkXFK1IGU_8fP6jNd6gFXg=w2560-fcrop64=1,00005a57ffffa5a8-k-c0xffffffff-no-nd-rj","Chanel ini berisi tentang dunia pertanian","UC2ykkCz_Jcei_upCvHXlK4Q","Apr 23, 2016","Indonesia","Ijun Channel Bintang Asia","144","179461","https://www.youtube.com/channel/UC2ykkCz_Jcei_upCvHXlK4Q",,,,"0",,"2023-09-19T03:18:41.000Z",,,"https://www.youtube.com/@IjunChannelBintangAsia/shorts",,"BcSOmp0KM54",,"https://www.youtube.com/@IjunChannelBintangAsia/about","false","false",,"3",,,"763","48",,,,,,,"https://i.ytimg.com/vi/BcSOmp0KM54/oar2.jpg?sqp=-oaymwEdCJUDENAFSFWQAgHyq4qpAwwIARUAAIhCcAHAAQY=&rs=AOn4CLAFbexXdI-I65Rm_K3lHR0WBfZnVg","EMAS HIJAU DI BALIK DAUN","shorts","https://www.youtube.com/shorts/BcSOmp0KM54",,"526",
,,"https://yt3.googleusercontent.com/-eLLsRb4Uk9WIz-1mU0sfD2kUSKDcBpxvwLNaxoo5nh8SQkcRdmaoDN-AjB_MUeHbT_zpykTF5Q=s160-c-k-c0x00ffffff-no-rj","https://yt3.googleusercontent.com/v-cvSIUgxxDrJpDooECDLFN1LYWfgOtFkvcGtXTv4ww_qoOmquicfkXFK1IGU_8fP6jNd6gFXg=w2560-fcrop64=1,00005a57ffffa5a8-k-c0xffffffff-no-nd-rj","Chanel ini berisi tentang dunia pertanian","UC2ykkCz_Jcei_upCvHXlK4Q","Apr 23, 2016","Indonesia","Ijun Channel Bintang Asia","144","179461","https://www.youtube.com/channel/UC2ykkCz_Jcei_upCvHXlK4Q",,,,"10",,"2023-09-18T04:21:01.000Z",,,"https://www.youtube.com/@IjunChannelBintangAsia/shorts",,"CB5nnJvlUks",,"https://www.youtube.com/@IjunChannelBintangAsia/about","false","false",,"13",,,"763","49",,,,,,,"https://i.ytimg.com/vi/CB5nnJvlUks/oar2.jpg?sqp=-oaymwEdCJUDENAFSFWQAgHyq4qpAwwIARUAAIhCcAHAAQY=&rs=AOn4CLDSDwjQ7gsLuIoxFV8DYHrgFfqUWQ","SEMANGKA MADU VARIETAS INDEN F1","shorts","https://www.youtube.com/shorts/CB5nnJvlUks",,"954",
,,,,,"UC2ykkCz_Jcei_upCvHXlK4Q",,,"Ijun Channel Bintang Asia",,,"https://www.youtube.com/@IjunChannelBintangAsia",,,,"0","false","2024-10-05T14:45:02.000Z",,"00:10:32",,,"chzSfDTdprg",,,,,,"3",,,"763",,,,,,,"","https://i.ytimg.com/vi/chzSfDTdprg/maxresdefault.jpg?sqp=-oaymwEmCIAKENAF8quKqQMa8AEB-AH-CYAC0AWKAgwIABABGGUgWihJMA8=&rs=AOn4CLBowzWd9N2JshNORwgErRDWhUNwyQ","PENYULUHAN DI DESA GEDANGAN KEC. MOJOWARNO KAB. JOMBANG","video","https://www.youtube.com/watch?v=chzSfDTdprg",,"63",
