﻿"channelAvatarUrl","channelBannerUrl","channelDescription","channelId","channelJoinedDate","channelLocation","channelName","channelTotalVideos","channelTotalViews","channelUrl","comments","commentsCount","commentsTurnedOff","date","duration","fromYTUrl","id","inputChannelUrl","isAgeRestricted","isChannelVerified","isMonetized","likes","location","numberOfSubscribers","subtitles","text","thumbnailUrl","title","type","url","viewCount"
"https://yt3.googleusercontent.com/-eLLsRb4Uk9WIz-1mU0sfD2kUSKDcBpxvwLNaxoo5nh8SQkcRdmaoDN-AjB_MUeHbT_zpykTF5Q=s160-c-k-c0x00ffffff-no-rj","https://yt3.googleusercontent.com/v-cvSIUgxxDrJpDooECDLFN1LYWfgOtFkvcGtXTv4ww_qoOmquicfkXFK1IGU_8fP6jNd6gFXg=w2560-fcrop64=1,00005a57ffffa5a8-k-c0xffffffff-no-nd-rj","Chanel ini berisi tentang dunia pertanian","UC2ykkCz_Jcei_upCvHXlK4Q","Apr 23, 2016","Indonesia","Ijun Channel Bintang Asia","142","179003","https://www.youtube.com/channel/UC2ykkCz_Jcei_upCvHXlK4Q",,"5","false","2024-09-14T05:15:38.000Z","00:04:23","https://www.youtube.com/@IjunChannelBintangAsia/videos","APy_NhcLziM","https://www.youtube.com/@IjunChannelBintangAsia","false","false",,"9",,"756",,"","https://i.ytimg.com/vi/APy_NhcLziM/maxresdefault.jpg","PETANI JOMBANG MENANANM SEMANGKA MADURI F1 DAN INDEN F1!!!! KALIAN KAPAN?","video","https://www.youtube.com/watch?v=APy_NhcLziM","215"
"https://yt3.googleusercontent.com/-eLLsRb4Uk9WIz-1mU0sfD2kUSKDcBpxvwLNaxoo5nh8SQkcRdmaoDN-AjB_MUeHbT_zpykTF5Q=s160-c-k-c0x00ffffff-no-rj","https://yt3.googleusercontent.com/v-cvSIUgxxDrJpDooECDLFN1LYWfgOtFkvcGtXTv4ww_qoOmquicfkXFK1IGU_8fP6jNd6gFXg=w2560-fcrop64=1,00005a57ffffa5a8-k-c0xffffffff-no-nd-rj","Chanel ini berisi tentang dunia pertanian","UC2ykkCz_Jcei_upCvHXlK4Q","Apr 23, 2016","Indonesia","Ijun Channel Bintang Asia","142","179003","https://www.youtube.com/channel/UC2ykkCz_Jcei_upCvHXlK4Q",,"4","false","2024-10-07T14:43:05.000Z","00:01:49","https://www.youtube.com/@IjunChannelBintangAsia/videos","wh9JFJtJ_nI","https://www.youtube.com/@IjunChannelBintangAsia","false","false",,"3",,"756",,"","https://i.ytimg.com/vi/wh9JFJtJ_nI/maxresdefault.jpg?sqp=-oaymwEmCIAKENAF8quKqQMa8AEB-AH-CYAC0AWKAgwIABABGGUgUyhMMA8=&rs=AOn4CLDP4QuJhapr8x22ZsvKdnhzCPwctQ","BOOTCAMP INFLUENCER HARI 1. PART 1 AULA PT. BENIH CITRA ASIA","video","https://www.youtube.com/watch?v=wh9JFJtJ_nI","19"
"https://yt3.googleusercontent.com/-eLLsRb4Uk9WIz-1mU0sfD2kUSKDcBpxvwLNaxoo5nh8SQkcRdmaoDN-AjB_MUeHbT_zpykTF5Q=s160-c-k-c0x00ffffff-no-rj","https://yt3.googleusercontent.com/v-cvSIUgxxDrJpDooECDLFN1LYWfgOtFkvcGtXTv4ww_qoOmquicfkXFK1IGU_8fP6jNd6gFXg=w2560-fcrop64=1,00005a57ffffa5a8-k-c0xffffffff-no-nd-rj","Chanel ini berisi tentang dunia pertanian","UC2ykkCz_Jcei_upCvHXlK4Q","Apr 23, 2016","Indonesia","Ijun Channel Bintang Asia","142","179003","https://www.youtube.com/channel/UC2ykkCz_Jcei_upCvHXlK4Q",,"2","false","2024-09-11T12:25:22.000Z","00:03:04","https://www.youtube.com/@IjunChannelBintangAsia/videos","2_3DmgpOjs8","https://www.youtube.com/@IjunChannelBintangAsia","false","false",,"5",,"756",,"","https://i.ytimg.com/vi/2_3DmgpOjs8/maxresdefault.jpg","JAGUNG HIBRIDA BETRAS 10. TESTIMONI LANGSUNG DARI PETANI","video","https://www.youtube.com/watch?v=2_3DmgpOjs8","267"
"https://yt3.googleusercontent.com/-eLLsRb4Uk9WIz-1mU0sfD2kUSKDcBpxvwLNaxoo5nh8SQkcRdmaoDN-AjB_MUeHbT_zpykTF5Q=s160-c-k-c0x00ffffff-no-rj","https://yt3.googleusercontent.com/v-cvSIUgxxDrJpDooECDLFN1LYWfgOtFkvcGtXTv4ww_qoOmquicfkXFK1IGU_8fP6jNd6gFXg=w2560-fcrop64=1,00005a57ffffa5a8-k-c0xffffffff-no-nd-rj","Chanel ini berisi tentang dunia pertanian","UC2ykkCz_Jcei_upCvHXlK4Q","Apr 23, 2016","Indonesia","Ijun Channel Bintang Asia","142","179003","https://www.youtube.com/channel/UC2ykkCz_Jcei_upCvHXlK4Q",,"8","false","2024-09-12T10:15:53.000Z","00:02:26","https://www.youtube.com/@IjunChannelBintangAsia/videos","WCGbHVvea8Q","https://www.youtube.com/@IjunChannelBintangAsia","false","false",,"9",,"756",,"","https://i.ytimg.com/vi/WCGbHVvea8Q/maxresdefault.jpg?sqp=-oaymwEmCIAKENAF8quKqQMa8AEB-AH-CYAC0AWKAgwIABABGFogZShQMA8=&rs=AOn4CLDmGyR0HSlSQBOD2cNQHXRjr2ce7w","REVIEW CABAI BESAR HAGAN F1 DARI BINTANG ASIA","video","https://www.youtube.com/watch?v=WCGbHVvea8Q","342"
"https://yt3.googleusercontent.com/-eLLsRb4Uk9WIz-1mU0sfD2kUSKDcBpxvwLNaxoo5nh8SQkcRdmaoDN-AjB_MUeHbT_zpykTF5Q=s160-c-k-c0x00ffffff-no-rj","https://yt3.googleusercontent.com/v-cvSIUgxxDrJpDooECDLFN1LYWfgOtFkvcGtXTv4ww_qoOmquicfkXFK1IGU_8fP6jNd6gFXg=w2560-fcrop64=1,00005a57ffffa5a8-k-c0xffffffff-no-nd-rj","Chanel ini berisi tentang dunia pertanian","UC2ykkCz_Jcei_upCvHXlK4Q","Apr 23, 2016","Indonesia","Ijun Channel Bintang Asia","142","179003","https://www.youtube.com/channel/UC2ykkCz_Jcei_upCvHXlK4Q",,"0","false","2024-10-05T14:45:02.000Z","00:10:32","https://www.youtube.com/@IjunChannelBintangAsia/videos","chzSfDTdprg","https://www.youtube.com/@IjunChannelBintangAsia","false","false",,"3",,"756",,"","https://i.ytimg.com/vi/chzSfDTdprg/maxresdefault.jpg?sqp=-oaymwEmCIAKENAF8quKqQMa8AEB-AH-CYAC0AWKAgwIABABGGUgWihJMA8=&rs=AOn4CLBowzWd9N2JshNORwgErRDWhUNwyQ","PENYULUHAN DI DESA GEDANGAN KEC. MOJOWARNO KAB. JOMBANG","video","https://www.youtube.com/watch?v=chzSfDTdprg","60"
