﻿"attachments/0/__typename","attachments/0/animated_image","attachments/0/animated_image/uri","attachments/0/frame_count","attachments/0/frame_rate","attachments/0/frames_per_column","attachments/0/frames_per_row","attachments/0/id","attachments/0/image/height","attachments/0/image/uri","attachments/0/image/width","attachments/0/label","attachments/0/pack","attachments/0/pack/id","attachments/0/pack/name","attachments/0/sprite_image","attachments/0/sprite_image/uri","commentUrl","comments/0/commentUrl","comments/0/date","comments/0/feedbackId","comments/0/id","comments/0/likesCount","comments/0/parentComment/author/__typename","comments/0/parentComment/author/id","comments/0/parentComment/author/name","comments/0/parentComment/author/short_name","comments/0/parentComment/id","comments/0/profileId","comments/0/profileName","comments/0/profilePicture","comments/0/profileUrl","comments/0/replyToCommentId","comments/0/text","comments/0/threadingDepth","comments/1/commentUrl","comments/1/date","comments/1/feedbackId","comments/1/id","comments/1/likesCount","comments/1/parentComment/author/__typename","comments/1/parentComment/author/id","comments/1/parentComment/author/name","comments/1/parentComment/author/short_name","comments/1/parentComment/id","comments/1/profileId","comments/1/profileName","comments/1/profilePicture","comments/1/profileUrl","comments/1/replyToCommentId","comments/1/text","comments/1/threadingDepth","commentsCount","date","facebookId","facebookUrl","feedbackId","id","inputUrl","likesCount","pageAdLibrary/id","pageAdLibrary/is_business_page_active","postTitle","profileId","profileName","profilePicture","profileUrl","text","threadingDepth"
,,,,,,,,,,,,,,,,,"https://www.facebook.com/alkahfi.sutikno/posts/pfbid0DaxnYq1hZJs4U5pdZyXsGiwCw8EcCcWH9vSw3195GyrBqNpVsx6rffkt1Vy4CnHYl?comment_id=1509604356351080",,,,,,,,,,,,,,,,,,,,,,,,,,,,,,,,,,,,"2024-10-03T10:15:56.000Z","8365650660190565","https://www.facebook.com/alkahfi.sutikno/posts/pfbid0DaxnYq1hZJs4U5pdZyXsGiwCw8EcCcWH9vSw3195GyrBqNpVsx6rffkt1Vy4CnHYl","ZmVlZGJhY2s6ODM2NTY1MDY2MDE5MDU2NV8xNTA5NjA0MzU2MzUxMDgw","Y29tbWVudDo4MzY1NjUwNjYwMTkwNTY1XzE1MDk2MDQzNTYzNTEwODA=","https://www.facebook.com/alkahfi.sutikno/posts/pfbid0DaxnYq1hZJs4U5pdZyXsGiwCw8EcCcWH9vSw3195GyrBqNpVsx6rffkt1Vy4CnHYl","0","245411055325934","false","POKTAN BANGUN JAYA

Klaster Cabai di Kabupaten Rokan Hilir Riau","pfbid0iaaayWRQbUzJR89EB8MaScKhj8FT6dwjFmCofJWKB3cYCbWmiJTqKjfdJwDmmVKzl","Sehulul Anwar","https://scontent.fphl1-1.fna.fbcdn.net/v/t39.30808-1/341887232_1464307770974783_2875017914590067347_n.jpg?stp=cp0_dst-jpg_s32x32&_nc_cat=103&ccb=1-7&_nc_sid=0ecb9b&_nc_ohc=6Uf6aAMd9F0Q7kNvgGJnNju&_nc_ht=scontent.fphl1-1.fna&_nc_gid=AO0DU_0Tzq-jHjxRUwlZ14E&oh=00_AYD9YZ1HLfGTD_ZJm-IAdIBhJ9ahp1-qnpTvmXuH4RRiLg&oe=67096107","https://www.facebook.com/sehulul.anwar","Untuk lenggadai hilir ada egk pak bos..","0"
,,,,,,,,,,,,,,,,,"https://www.facebook.com/alkahfi.sutikno/posts/pfbid0DaxnYq1hZJs4U5pdZyXsGiwCw8EcCcWH9vSw3195GyrBqNpVsx6rffkt1Vy4CnHYl?comment_id=3831187930531937",,,,,,,,,,,,,,,,,,,,,,,,,,,,,,,,,,,,"2024-10-03T14:27:52.000Z","8365650660190565","https://www.facebook.com/alkahfi.sutikno/posts/pfbid0DaxnYq1hZJs4U5pdZyXsGiwCw8EcCcWH9vSw3195GyrBqNpVsx6rffkt1Vy4CnHYl","ZmVlZGJhY2s6ODM2NTY1MDY2MDE5MDU2NV8zODMxMTg3OTMwNTMxOTM3","Y29tbWVudDo4MzY1NjUwNjYwMTkwNTY1XzM4MzExODc5MzA1MzE5Mzc=","https://www.facebook.com/alkahfi.sutikno/posts/pfbid0DaxnYq1hZJs4U5pdZyXsGiwCw8EcCcWH9vSw3195GyrBqNpVsx6rffkt1Vy4CnHYl","0","245411055325934","false","POKTAN BANGUN JAYA

Klaster Cabai di Kabupaten Rokan Hilir Riau","1658505567","Fetri Yeni","https://scontent.fphl1-1.fna.fbcdn.net/v/t39.30808-1/252771958_10217464611081371_5747985773336911218_n.jpg?stp=cp0_dst-jpg_s32x32&_nc_cat=107&ccb=1-7&_nc_sid=50d2ac&_nc_ohc=nFsRNwuOZbwQ7kNvgHkpn9N&_nc_ht=scontent.fphl1-1.fna&_nc_gid=AO0DU_0Tzq-jHjxRUwlZ14E&oh=00_AYAniFE9bDpLvtg2WiArjQ4J30ZrZV5uY6VlsOP_Xyqf8A&oe=6709715A","https://www.facebook.com/fetri.yeni.7","Sukses slalu Mas, tetap semangat","0"
,,,,,,,,,,,,,,,,,"https://www.facebook.com/alkahfi.sutikno/posts/pfbid0DaxnYq1hZJs4U5pdZyXsGiwCw8EcCcWH9vSw3195GyrBqNpVsx6rffkt1Vy4CnHYl?comment_id=1093472802295082","https://www.facebook.com/alkahfi.sutikno/posts/pfbid0DaxnYq1hZJs4U5pdZyXsGiwCw8EcCcWH9vSw3195GyrBqNpVsx6rffkt1Vy4CnHYl?comment_id=1093472802295082&reply_comment_id=881533960277186","2024-10-03T09:02:55.000Z","ZmVlZGJhY2s6ODM2NTY1MDY2MDE5MDU2NV84ODE1MzM5NjAyNzcxODY=","Y29tbWVudDo4MzY1NjUwNjYwMTkwNTY1Xzg4MTUzMzk2MDI3NzE4Ng==","0","User","pfbid02FMHrmWJN1Y13RNEWgYrVXmN7f1a192fGP4pBLMyu3Upu8JPUyES1r6KPPS8ZFDyzl","Sungkono","Sungkono","Y29tbWVudDo4MzY1NjUwNjYwMTkwNTY1XzEwOTM0NzI4MDIyOTUwODI=","100002371423368","Alkahfi Sutikno","https://scontent.fphl1-1.fna.fbcdn.net/v/t39.30808-1/272990950_4817471368341863_8430843410507685913_n.jpg?stp=cp0_dst-jpg_s32x32&_nc_cat=103&ccb=1-7&_nc_sid=50d2ac&_nc_ohc=kP5Oa1-8t6cQ7kNvgGwLwTZ&_nc_ht=scontent.fphl1-1.fna&_nc_gid=AO0DU_0Tzq-jHjxRUwlZ14E&oh=00_AYC1nhOTBTVxzwUlA5Udmp5x6TCcghpZRniJxaSUxc4T8A&oe=670949DF","https://www.facebook.com/alkahfi.sutikno","Y29tbWVudDo4MzY1NjUwNjYwMTkwNTY1XzEwOTM0NzI4MDIyOTUwODI=","Sungkono amin","1",,,,,,,,,,,,,,,,,,"1","2024-10-03T08:56:11.000Z","8365650660190565","https://www.facebook.com/alkahfi.sutikno/posts/pfbid0DaxnYq1hZJs4U5pdZyXsGiwCw8EcCcWH9vSw3195GyrBqNpVsx6rffkt1Vy4CnHYl","ZmVlZGJhY2s6ODM2NTY1MDY2MDE5MDU2NV8xMDkzNDcyODAyMjk1MDgy","Y29tbWVudDo4MzY1NjUwNjYwMTkwNTY1XzEwOTM0NzI4MDIyOTUwODI=","https://www.facebook.com/alkahfi.sutikno/posts/pfbid0DaxnYq1hZJs4U5pdZyXsGiwCw8EcCcWH9vSw3195GyrBqNpVsx6rffkt1Vy4CnHYl","0","245411055325934","false","POKTAN BANGUN JAYA

Klaster Cabai di Kabupaten Rokan Hilir Riau","pfbid02FMHrmWJN1Y13RNEWgYrVXmN7f1a192fGP4pBLMyu3Upu8JPUyES1r6KPPS8ZFDyzl","Sungkono","https://scontent.fphl1-1.fna.fbcdn.net/v/t39.30808-1/345436675_638494687650778_1069483994060779525_n.jpg?stp=cp0_dst-jpg_s32x32&_nc_cat=103&ccb=1-7&_nc_sid=0ecb9b&_nc_ohc=qlggXi5dCdsQ7kNvgGQc7B-&_nc_ht=scontent.fphl1-1.fna&_nc_gid=AO0DU_0Tzq-jHjxRUwlZ14E&oh=00_AYBsiYZALBbP9l-pN2qdRQxpgNh1SQ0LgGdFhletmnFclA&oe=67095EF0","https://www.facebook.com/people/Sungkono/pfbid02FMHrmWJN1Y13RNEWgYrVXmN7f1a192fGP4pBLMyu3Upu8JPUyES1r6KPPS8ZFDyzl/","Terimakasih yg luar Biasa' untuk Mentor kita ini SEMOGA diberikan kesehatan dan keselamatan dan dilancarkan dalam segala urusan diselamatkan Dunia dan Akhirat Aamiin... 🙏🙏🙏","0"
"Sticker",,,"1","83","1","1","1000519543737083","80","https://scontent-lhr8-2.xx.fbcdn.net/v/t39.1997-6/104953101_1000519550403749_423458172611225294_n.png?stp=cp0_dst-png_s110x80&_nc_cat=1&ccb=1-7&_nc_sid=23dd7b&_nc_ohc=YE6KP1PyA1EQ7kNvgGNzFkP&_nc_ht=scontent-lhr8-2.xx&_nc_gid=Afyq6THjUQq2Urdw52YHqRD&oh=00_AYA_qAFUHrF4uPJ0C16kc_fDKAGlPj6YSDTD4FVFU8SvDQ&oe=670953FB","80","a plate with 5 stars and a smiley face on it, 'recommendation' is written in front in indonesian",,"1000303507092020","Stories Stickers in Feed",,,"https://www.facebook.com/renzi.prayuda/posts/pfbid02opjEciTag196Whe2tJE44DPPPzfgadyuYcBy3cyxaGFFcpgsUo2hRANXCWUdk5HKl?comment_id=937580245056602",,,,,,,,,,,,,,,,,,,,,,,,,,,,,,,,,,,,"2024-10-04T23:26:39.000Z","3789053598023887","https://www.facebook.com/renzi.prayuda/posts/pfbid02opjEciTag196Whe2tJE44DPPPzfgadyuYcBy3cyxaGFFcpgsUo2hRANXCWUdk5HKl","ZmVlZGJhY2s6Mzc4OTA1MzU5ODAyMzg4N185Mzc1ODAyNDUwNTY2MDI=","Y29tbWVudDozNzg5MDUzNTk4MDIzODg3XzkzNzU4MDI0NTA1NjYwMg==","https://www.facebook.com/renzi.prayuda/posts/pfbid02opjEciTag196Whe2tJE44DPPPzfgadyuYcBy3cyxaGFFcpgsUo2hRANXCWUdk5HKl","0","250829661453806","false","Cktav8 F1 petikan ke-6 usia 102hst 

#cktav8f1
#cabekeritingtahanvirus
#petanicabe
#komunitaspetanicabe
#petanimilenial
#BenihCitraAsia
#BintangasiA","100004109346822","Anton Sulaiman Bintang Asia","https://scontent-lhr6-2.xx.fbcdn.net/v/t39.30808-1/408038176_2702817406531878_9133290973397502973_n.jpg?stp=cp0_dst-jpg_s32x32&_nc_cat=100&ccb=1-7&_nc_sid=50d2ac&_nc_ohc=J3QfdHxLzRUQ7kNvgGyNV7K&_nc_ht=scontent-lhr6-2.xx&_nc_gid=Afyq6THjUQq2Urdw52YHqRD&oh=00_AYDCYllEuPvNruTLQCADVk95Nr9ItkuaAckmxXo1gkn6ZQ&oe=67095383","https://www.facebook.com/antonsulaiman95",,"0"
"Sticker",,,"1","83","1","1","1000519493737088","80","https://scontent-lhr8-2.xx.fbcdn.net/v/t39.1997-6/105258811_1000519497070421_1877687988442182543_n.png?stp=cp0_dst-png_s110x80&_nc_cat=1&ccb=1-7&_nc_sid=23dd7b&_nc_ohc=XLV_yZseIRkQ7kNvgGykwW0&_nc_ht=scontent-lhr8-2.xx&_nc_gid=Afyq6THjUQq2Urdw52YHqRD&oh=00_AYB58qHS8zWPFi86Xhy0aV9xWf8KA-rYAN8X2MFRhZoecA&oe=6709546B","80","a outstretched arm with a thumbs up. on the arm is written 'great' in indonesian",,"1000303507092020","Stories Stickers in Feed",,,"https://www.facebook.com/renzi.prayuda/posts/pfbid02opjEciTag196Whe2tJE44DPPPzfgadyuYcBy3cyxaGFFcpgsUo2hRANXCWUdk5HKl?comment_id=357647860673772","https://www.facebook.com/renzi.prayuda/posts/pfbid02opjEciTag196Whe2tJE44DPPPzfgadyuYcBy3cyxaGFFcpgsUo2hRANXCWUdk5HKl?comment_id=357647860673772&reply_comment_id=577159551410220","2024-10-05T13:36:59.000Z","ZmVlZGJhY2s6Mzc4OTA1MzU5ODAyMzg4N181NzcxNTk1NTE0MTAyMjA=","Y29tbWVudDozNzg5MDUzNTk4MDIzODg3XzU3NzE1OTU1MTQxMDIyMA==","0","User","pfbid02ttwWTU5KrtQ8qPRYYsZVGrEy1pPi3oqRVVryy3Rk8SZpFAcP1WvER4AEwiwX9QYZl","Gianti Yantii","Gianti","Y29tbWVudDozNzg5MDUzNTk4MDIzODg3XzM1NzY0Nzg2MDY3Mzc3Mg==","100007578522755","Renzy Bintangasia","https://scontent-lhr6-2.xx.fbcdn.net/v/t39.30808-1/426012403_3605728109689771_2277782955804277447_n.jpg?stp=cp0_dst-jpg_s32x32&_nc_cat=104&ccb=1-7&_nc_sid=50d2ac&_nc_ohc=8B4n2B0-e5EQ7kNvgGRL3Yw&_nc_ht=scontent-lhr6-2.xx&_nc_gid=Afyq6THjUQq2Urdw52YHqRD&oh=00_AYBDhnSZhvSaL66imVXtfafr81ahgVCbJ09ZNvxvom9wWA&oe=67094D44","https://www.facebook.com/renzi.prayuda","Y29tbWVudDozNzg5MDUzNTk4MDIzODg3XzM1NzY0Nzg2MDY3Mzc3Mg==","Gianti Yantii tinggal gass Buu.. mantap pokonya bintang asia","1","https://www.facebook.com/renzi.prayuda/posts/pfbid02opjEciTag196Whe2tJE44DPPPzfgadyuYcBy3cyxaGFFcpgsUo2hRANXCWUdk5HKl?comment_id=357647860673772&reply_comment_id=1063422938232096","2024-10-05T13:37:42.000Z","ZmVlZGJhY2s6Mzc4OTA1MzU5ODAyMzg4N18xMDYzNDIyOTM4MjMyMDk2","Y29tbWVudDozNzg5MDUzNTk4MDIzODg3XzEwNjM0MjI5MzgyMzIwOTY=","0","User","pfbid02ttwWTU5KrtQ8qPRYYsZVGrEy1pPi3oqRVVryy3Rk8SZpFAcP1WvER4AEwiwX9QYZl","Gianti Yantii","Gianti","Y29tbWVudDozNzg5MDUzNTk4MDIzODg3XzM1NzY0Nzg2MDY3Mzc3Mg==","pfbid02ttwWTU5KrtQ8qPRYYsZVGrEy1pPi3oqRVVryy3Rk8SZpFAcP1WvER4AEwiwX9QYZl","Gianti Yantii","https://scontent-lhr6-2.xx.fbcdn.net/v/t1.6435-1/186027641_298612218398001_1664188415370566706_n.jpg?stp=cp0_dst-jpg_s32x32&_nc_cat=105&ccb=1-7&_nc_sid=0ecb9b&_nc_ohc=CZzUvEKX0BEQ7kNvgEIJPsv&_nc_ht=scontent-lhr6-2.xx&_nc_gid=Afyq6THjUQq2Urdw52YHqRD&oh=00_AYCDdEc1SIIwXYl4JsP-ISnuFa1J75EMIPayYFQ_7-eHDQ&oe=672B095E","https://www.facebook.com/gianti.yantii","Y29tbWVudDozNzg5MDUzNTk4MDIzODg3XzM1NzY0Nzg2MDY3Mzc3Mg==","Renzy Bintangasia kpn rencananya...semalam kok gak jadi","1","2","2024-10-05T13:36:14.000Z","3789053598023887","https://www.facebook.com/renzi.prayuda/posts/pfbid02opjEciTag196Whe2tJE44DPPPzfgadyuYcBy3cyxaGFFcpgsUo2hRANXCWUdk5HKl","ZmVlZGJhY2s6Mzc4OTA1MzU5ODAyMzg4N18zNTc2NDc4NjA2NzM3NzI=","Y29tbWVudDozNzg5MDUzNTk4MDIzODg3XzM1NzY0Nzg2MDY3Mzc3Mg==","https://www.facebook.com/renzi.prayuda/posts/pfbid02opjEciTag196Whe2tJE44DPPPzfgadyuYcBy3cyxaGFFcpgsUo2hRANXCWUdk5HKl","1","250829661453806","false","Cktav8 F1 petikan ke-6 usia 102hst 

#cktav8f1
#cabekeritingtahanvirus
#petanicabe
#komunitaspetanicabe
#petanimilenial
#BenihCitraAsia
#BintangasiA","pfbid02ttwWTU5KrtQ8qPRYYsZVGrEy1pPi3oqRVVryy3Rk8SZpFAcP1WvER4AEwiwX9QYZl","Gianti Yantii","https://scontent-lhr6-2.xx.fbcdn.net/v/t1.6435-1/186027641_298612218398001_1664188415370566706_n.jpg?stp=cp0_dst-jpg_s32x32&_nc_cat=105&ccb=1-7&_nc_sid=0ecb9b&_nc_ohc=CZzUvEKX0BEQ7kNvgEIJPsv&_nc_ht=scontent-lhr6-2.xx&_nc_gid=Afyq6THjUQq2Urdw52YHqRD&oh=00_AYCDdEc1SIIwXYl4JsP-ISnuFa1J75EMIPayYFQ_7-eHDQ&oe=672B095E","https://www.facebook.com/gianti.yantii","Tinggal manen","0"
,,,,,,,,,,,,,,,,,"https://www.facebook.com/renzi.prayuda/posts/pfbid02opjEciTag196Whe2tJE44DPPPzfgadyuYcBy3cyxaGFFcpgsUo2hRANXCWUdk5HKl?comment_id=548360217769433","https://www.facebook.com/renzi.prayuda/posts/pfbid02opjEciTag196Whe2tJE44DPPPzfgadyuYcBy3cyxaGFFcpgsUo2hRANXCWUdk5HKl?comment_id=548360217769433&reply_comment_id=1588761112072508","2024-10-05T03:37:35.000Z","ZmVlZGJhY2s6Mzc4OTA1MzU5ODAyMzg4N18xNTg4NzYxMTEyMDcyNTA4","Y29tbWVudDozNzg5MDUzNTk4MDIzODg3XzE1ODg3NjExMTIwNzI1MDg=","0","User","pfbid02ko1Xgd6Cva7UWK9BJmqHt89sYx3RpvLMjrfTs1Aq9wc3GjYLhVHViDpQ3bYT8gzHl","Madio","Madio","Y29tbWVudDozNzg5MDUzNTk4MDIzODg3XzU0ODM2MDIxNzc2OTQzMw==","100007578522755","Renzy Bintangasia","https://scontent-lhr6-2.xx.fbcdn.net/v/t39.30808-1/426012403_3605728109689771_2277782955804277447_n.jpg?stp=cp0_dst-jpg_s32x32&_nc_cat=104&ccb=1-7&_nc_sid=50d2ac&_nc_ohc=8B4n2B0-e5EQ7kNvgGRL3Yw&_nc_ht=scontent-lhr6-2.xx&_nc_gid=Afyq6THjUQq2Urdw52YHqRD&oh=00_AYBDhnSZhvSaL66imVXtfafr81ahgVCbJ09ZNvxvom9wWA&oe=67094D44","https://www.facebook.com/renzi.prayuda","Y29tbWVudDozNzg5MDUzNTk4MDIzODg3XzU0ODM2MDIxNzc2OTQzMw==","Madio gass bos nanam cabe","1",,,,,,,,,,,,,,,,,,"1","2024-10-05T03:35:56.000Z","3789053598023887","https://www.facebook.com/renzi.prayuda/posts/pfbid02opjEciTag196Whe2tJE44DPPPzfgadyuYcBy3cyxaGFFcpgsUo2hRANXCWUdk5HKl","ZmVlZGJhY2s6Mzc4OTA1MzU5ODAyMzg4N181NDgzNjAyMTc3Njk0MzM=","Y29tbWVudDozNzg5MDUzNTk4MDIzODg3XzU0ODM2MDIxNzc2OTQzMw==","https://www.facebook.com/renzi.prayuda/posts/pfbid02opjEciTag196Whe2tJE44DPPPzfgadyuYcBy3cyxaGFFcpgsUo2hRANXCWUdk5HKl","1","250829661453806","false","Cktav8 F1 petikan ke-6 usia 102hst 

#cktav8f1
#cabekeritingtahanvirus
#petanicabe
#komunitaspetanicabe
#petanimilenial
#BenihCitraAsia
#BintangasiA","pfbid02ko1Xgd6Cva7UWK9BJmqHt89sYx3RpvLMjrfTs1Aq9wc3GjYLhVHViDpQ3bYT8gzHl","Madio","https://scontent-lhr6-2.xx.fbcdn.net/v/t39.30808-1/283727371_314714444162940_7061622333954299007_n.jpg?stp=cp0_dst-jpg_s32x32&_nc_cat=100&ccb=1-7&_nc_sid=0ecb9b&_nc_ohc=cAXVVRo8ueAQ7kNvgHCRW_I&_nc_ht=scontent-lhr6-2.xx&_nc_gid=Afyq6THjUQq2Urdw52YHqRD&oh=00_AYD-YVtCT-BGRLuVFqvxb8CwsbjXx2YKQKzkO2bG8sBMJw&oe=670952BF","https://www.facebook.com/people/Madio/pfbid02ko1Xgd6Cva7UWK9BJmqHt89sYx3RpvLMjrfTs1Aq9wc3GjYLhVHViDpQ3bYT8gzHl/","Jos ... gandos...","0"
,,,,,,,,,,,,,,,,,"https://www.facebook.com/alkahfi.sutikno/posts/pfbid02cCMdoEyFzGCVLMTw23o99gdPpR28HcjUBcGp9dNmuR8n96nw6eW5TWR9WiZ6gdyul?comment_id=1867583807100867",,,,,,,,,,,,,,,,,,,,,,,,,,,,,,,,,,,,"2024-10-01T12:29:52.000Z","8346409512114680","https://www.facebook.com/alkahfi.sutikno/posts/pfbid02cCMdoEyFzGCVLMTw23o99gdPpR28HcjUBcGp9dNmuR8n96nw6eW5TWR9WiZ6gdyul","ZmVlZGJhY2s6ODM0NjQwOTUxMjExNDY4MF8xODY3NTgzODA3MTAwODY3","Y29tbWVudDo4MzQ2NDA5NTEyMTE0NjgwXzE4Njc1ODM4MDcxMDA4Njc=","https://www.facebook.com/alkahfi.sutikno/posts/pfbid02cCMdoEyFzGCVLMTw23o99gdPpR28HcjUBcGp9dNmuR8n96nw6eW5TWR9WiZ6gdyul","2","245411055325934","false","CEK LOKASI KEMBALI FUNGSI LAHAN

214 Hektar lahan sawit kembali menjadi sawah di Mukti Jaya KEC Rimba Melintang Kab Rokan Hilir Riau. Produksi padi rata² 8 ton per hektar.
Ka UPT Pelatihan Dinas Pangan Ketahanan Pangan dan Hortikultura Riau cek lokasi","100060280114706","Rojak Rojak","https://scontent-atl3-1.xx.fbcdn.net/v/t39.30808-1/459236224_913790093973653_4511289317251625905_n.jpg?stp=cp0_dst-jpg_s32x32&_nc_cat=103&ccb=1-7&_nc_sid=50d2ac&_nc_ohc=qGnt1dEbneQQ7kNvgEjhyCT&_nc_ht=scontent-atl3-1.xx&_nc_gid=AQJQl1FKy_uimOJvG7ZcXZX&oh=00_AYD-H3LNTp5mQZ0N_qquamkNegBHQcM8P8f_5qlmfCkgBQ&oe=67096CAB","https://www.facebook.com/people/Rojak-Rojak/100060280114706/","Mantap","0"
,,,,,,,,,,,,,,,,,"https://www.facebook.com/alkahfi.sutikno/posts/pfbid02cCMdoEyFzGCVLMTw23o99gdPpR28HcjUBcGp9dNmuR8n96nw6eW5TWR9WiZ6gdyul?comment_id=1219669405929581",,,,,,,,,,,,,,,,,,,,,,,,,,,,,,,,,,,"1","2024-10-01T12:17:21.000Z","8346409512114680","https://www.facebook.com/alkahfi.sutikno/posts/pfbid02cCMdoEyFzGCVLMTw23o99gdPpR28HcjUBcGp9dNmuR8n96nw6eW5TWR9WiZ6gdyul","ZmVlZGJhY2s6ODM0NjQwOTUxMjExNDY4MF8xMjE5NjY5NDA1OTI5NTgx","Y29tbWVudDo4MzQ2NDA5NTEyMTE0NjgwXzEyMTk2Njk0MDU5Mjk1ODE=","https://www.facebook.com/alkahfi.sutikno/posts/pfbid02cCMdoEyFzGCVLMTw23o99gdPpR28HcjUBcGp9dNmuR8n96nw6eW5TWR9WiZ6gdyul","2","245411055325934","false","CEK LOKASI KEMBALI FUNGSI LAHAN

214 Hektar lahan sawit kembali menjadi sawah di Mukti Jaya KEC Rimba Melintang Kab Rokan Hilir Riau. Produksi padi rata² 8 ton per hektar.
Ka UPT Pelatihan Dinas Pangan Ketahanan Pangan dan Hortikultura Riau cek lokasi","100023308044175","Niken Wijayanti","https://scontent-atl3-1.xx.fbcdn.net/v/t39.30808-1/310979588_1240773920042864_8318846709766892123_n.jpg?stp=cp0_dst-jpg_s32x32&_nc_cat=107&ccb=1-7&_nc_sid=50d2ac&_nc_ohc=KOoOGNWmVF0Q7kNvgF_FUxO&_nc_ht=scontent-atl3-1.xx&_nc_gid=AQJQl1FKy_uimOJvG7ZcXZX&oh=00_AYAQc5w0pv4GjgKfQw7pc3aS2cD2q58s-TH-4R_KOMedsw&oe=67094CE1",,"Keren kak kompak selalu","0"
"Sticker",,,"1","83","1","1","140051381647167","80","https://scontent-atl3-1.xx.fbcdn.net/v/t39.1997-6/240516696_140051384980500_4324639588081017510_n.png?stp=cp0_dst-png_s110x80&_nc_cat=1&ccb=1-7&_nc_sid=23dd7b&_nc_ohc=BnITkIeeckgQ7kNvgH6ztai&_nc_ht=scontent-atl3-1.xx&_nc_gid=AQJQl1FKy_uimOJvG7ZcXZX&oh=00_AYAQLZPvgnhLbhPybKsLm6xKsURgSrgeozOxQSOwaPe9Fw&oe=67097398","80","",,"140047671647538","[Newsfeed] Philippines First Party",,,"https://www.facebook.com/alkahfi.sutikno/posts/pfbid02cCMdoEyFzGCVLMTw23o99gdPpR28HcjUBcGp9dNmuR8n96nw6eW5TWR9WiZ6gdyul?comment_id=549206447524309",,,,,,,,,,,,,,,,,,,,,,,,,,,,,,,,,,,,"2024-10-01T17:56:42.000Z","8346409512114680","https://www.facebook.com/alkahfi.sutikno/posts/pfbid02cCMdoEyFzGCVLMTw23o99gdPpR28HcjUBcGp9dNmuR8n96nw6eW5TWR9WiZ6gdyul","ZmVlZGJhY2s6ODM0NjQwOTUxMjExNDY4MF81NDkyMDY0NDc1MjQzMDk=","Y29tbWVudDo4MzQ2NDA5NTEyMTE0NjgwXzU0OTIwNjQ0NzUyNDMwOQ==","https://www.facebook.com/alkahfi.sutikno/posts/pfbid02cCMdoEyFzGCVLMTw23o99gdPpR28HcjUBcGp9dNmuR8n96nw6eW5TWR9WiZ6gdyul","0","245411055325934","false","CEK LOKASI KEMBALI FUNGSI LAHAN

214 Hektar lahan sawit kembali menjadi sawah di Mukti Jaya KEC Rimba Melintang Kab Rokan Hilir Riau. Produksi padi rata² 8 ton per hektar.
Ka UPT Pelatihan Dinas Pangan Ketahanan Pangan dan Hortikultura Riau cek lokasi","100045725863268","M Nizar Patri","https://scontent-atl3-1.xx.fbcdn.net/v/t39.30808-1/452713521_1006593024208217_2176866769299896080_n.jpg?stp=cp0_dst-jpg_s32x32&_nc_cat=109&ccb=1-7&_nc_sid=50d2ac&_nc_ohc=vuBAwCVDofYQ7kNvgHpGN6g&_nc_ht=scontent-atl3-1.xx&_nc_gid=AQJQl1FKy_uimOJvG7ZcXZX&oh=00_AYCCEeA9JJu5Lrt9ku1QdTnEndJRL6KJKm-mdK3QHwwgCw&oe=67094FE9",,,"0"
,,,,,,,,,,,,,,,,,"https://www.facebook.com/alkahfi.sutikno/posts/pfbid02cCMdoEyFzGCVLMTw23o99gdPpR28HcjUBcGp9dNmuR8n96nw6eW5TWR9WiZ6gdyul?comment_id=573124801727895",,,,,,,,,,,,,,,,,,,,,,,,,,,,,,,,,,,,"2024-10-01T14:10:38.000Z","8346409512114680","https://www.facebook.com/alkahfi.sutikno/posts/pfbid02cCMdoEyFzGCVLMTw23o99gdPpR28HcjUBcGp9dNmuR8n96nw6eW5TWR9WiZ6gdyul","ZmVlZGJhY2s6ODM0NjQwOTUxMjExNDY4MF81NzMxMjQ4MDE3Mjc4OTU=","Y29tbWVudDo4MzQ2NDA5NTEyMTE0NjgwXzU3MzEyNDgwMTcyNzg5NQ==","https://www.facebook.com/alkahfi.sutikno/posts/pfbid02cCMdoEyFzGCVLMTw23o99gdPpR28HcjUBcGp9dNmuR8n96nw6eW5TWR9WiZ6gdyul","0","245411055325934","false","CEK LOKASI KEMBALI FUNGSI LAHAN

214 Hektar lahan sawit kembali menjadi sawah di Mukti Jaya KEC Rimba Melintang Kab Rokan Hilir Riau. Produksi padi rata² 8 ton per hektar.
Ka UPT Pelatihan Dinas Pangan Ketahanan Pangan dan Hortikultura Riau cek lokasi","61558469053428","Basri Gowes","https://scontent-atl3-1.xx.fbcdn.net/v/t39.30808-1/450051885_122128692446282301_4719477949543439913_n.jpg?stp=cp0_dst-jpg_s32x32&_nc_cat=103&ccb=1-7&_nc_sid=50d2ac&_nc_ohc=pgqKrsWJIREQ7kNvgGGV-Nw&_nc_ht=scontent-atl3-1.xx&_nc_gid=AQJQl1FKy_uimOJvG7ZcXZX&oh=00_AYAjftniaDlNiYblViliNWqLX2iT1QZoYYjn--Sl4DzmVQ&oe=6709590C","https://www.facebook.com/people/Basri-Gowes/61558469053428/","Keren","0"
,,,,,,,,,,,,,,,,,"https://www.facebook.com/alkahfi.sutikno/posts/pfbid02cCMdoEyFzGCVLMTw23o99gdPpR28HcjUBcGp9dNmuR8n96nw6eW5TWR9WiZ6gdyul?comment_id=3807001846233419",,,,,,,,,,,,,,,,,,,,,,,,,,,,,,,,,,,,"2024-10-01T14:39:46.000Z","8346409512114680","https://www.facebook.com/alkahfi.sutikno/posts/pfbid02cCMdoEyFzGCVLMTw23o99gdPpR28HcjUBcGp9dNmuR8n96nw6eW5TWR9WiZ6gdyul","ZmVlZGJhY2s6ODM0NjQwOTUxMjExNDY4MF8zODA3MDAxODQ2MjMzNDE5","Y29tbWVudDo4MzQ2NDA5NTEyMTE0NjgwXzM4MDcwMDE4NDYyMzM0MTk=","https://www.facebook.com/alkahfi.sutikno/posts/pfbid02cCMdoEyFzGCVLMTw23o99gdPpR28HcjUBcGp9dNmuR8n96nw6eW5TWR9WiZ6gdyul","0","245411055325934","false","CEK LOKASI KEMBALI FUNGSI LAHAN

214 Hektar lahan sawit kembali menjadi sawah di Mukti Jaya KEC Rimba Melintang Kab Rokan Hilir Riau. Produksi padi rata² 8 ton per hektar.
Ka UPT Pelatihan Dinas Pangan Ketahanan Pangan dan Hortikultura Riau cek lokasi","1658505567","Fetri Yeni","https://scontent-atl3-1.xx.fbcdn.net/v/t39.30808-1/252771958_10217464611081371_5747985773336911218_n.jpg?stp=cp0_dst-jpg_s32x32&_nc_cat=107&ccb=1-7&_nc_sid=50d2ac&_nc_ohc=nFsRNwuOZbwQ7kNvgET7ddZ&_nc_ht=scontent-atl3-1.xx&_nc_gid=AQJQl1FKy_uimOJvG7ZcXZX&oh=00_AYDT98fjz9177eQFP-UV1XfPV2c3Hmb4fXpQE9_bOyagMw&oe=6709715A","https://www.facebook.com/fetri.yeni.7","Semangat slalu mas, selalu inovasi, keren","0"
,,,,,,,,,,,,,,,,,"https://www.facebook.com/alkahfi.sutikno/posts/pfbid02cCMdoEyFzGCVLMTw23o99gdPpR28HcjUBcGp9dNmuR8n96nw6eW5TWR9WiZ6gdyul?comment_id=1175148193576994",,,,,,,,,,,,,,,,,,,,,,,,,,,,,,,,,,,"1","2024-10-01T11:47:41.000Z","8346409512114680","https://www.facebook.com/alkahfi.sutikno/posts/pfbid02cCMdoEyFzGCVLMTw23o99gdPpR28HcjUBcGp9dNmuR8n96nw6eW5TWR9WiZ6gdyul","ZmVlZGJhY2s6ODM0NjQwOTUxMjExNDY4MF8xMTc1MTQ4MTkzNTc2OTk0","Y29tbWVudDo4MzQ2NDA5NTEyMTE0NjgwXzExNzUxNDgxOTM1NzY5OTQ=","https://www.facebook.com/alkahfi.sutikno/posts/pfbid02cCMdoEyFzGCVLMTw23o99gdPpR28HcjUBcGp9dNmuR8n96nw6eW5TWR9WiZ6gdyul","1","245411055325934","false","CEK LOKASI KEMBALI FUNGSI LAHAN

214 Hektar lahan sawit kembali menjadi sawah di Mukti Jaya KEC Rimba Melintang Kab Rokan Hilir Riau. Produksi padi rata² 8 ton per hektar.
Ka UPT Pelatihan Dinas Pangan Ketahanan Pangan dan Hortikultura Riau cek lokasi","100092845112073","Tri Pujianto","https://scontent-atl3-2.xx.fbcdn.net/v/t39.30808-1/449847426_369000162871485_838837006339664441_n.jpg?stp=cp0_dst-jpg_s32x32&_nc_cat=104&ccb=1-7&_nc_sid=50d2ac&_nc_ohc=gfxW3F5tHLsQ7kNvgEs5jvP&_nc_ht=scontent-atl3-2.xx&_nc_gid=AQJQl1FKy_uimOJvG7ZcXZX&oh=00_AYBf_ZPmNYhXzGcWW7prG0Db2k7pHLwEYg9hLrxTIz65OA&oe=670940C3","https://www.facebook.com/people/Tri-Pujianto/100092845112073/","Semoga membawa berkah","0"
"Sticker",,"https://scontent-atl3-1.xx.fbcdn.net/v/t39.1997-6/105343556_953860578409633_6468337803980710969_n.webp?stp=dst-webp_s110x80&_nc_cat=1&ccb=1-7&_nc_sid=ba09c1&_nc_ohc=1FIRVrD8d-AQ7kNvgFTbAqt&_nc_ht=scontent-atl3-1.xx&_nc_gid=AQJQl1FKy_uimOJvG7ZcXZX&oh=00_AYCxGYP05HFhOby0Me0b4TCjobZR34sQt2vTaZcb_oYG4Q&oe=67096CFA","15","83","4","4","529234054205623","80","https://scontent-atl3-1.xx.fbcdn.net/v/t39.1997-6/83640226_953860661742958_8297483048391664602_n.png?stp=cp0_dst-png_s110x80&_nc_cat=1&ccb=1-7&_nc_sid=23dd7b&_nc_ohc=60RwSvhAEisQ7kNvgGSEZm8&_nc_ht=scontent-atl3-1.xx&_nc_gid=AQJQl1FKy_uimOJvG7ZcXZX&oh=00_AYCtmELyMlsD4dEbkN1_W0WlVUaPU1cu8ta83o2Tm1aHrw&oe=67094CB7","80","An animated yellow left hand with thumb up.",,"516558918806470","Moodies",,"https://scontent-atl3-1.xx.fbcdn.net/v/t39.1997-6/105941685_953860581742966_1572841152382279834_n.png?stp=dst-png_p320x320&_nc_cat=1&ccb=1-7&_nc_sid=ba09c1&_nc_ohc=kvRAEtoDtsYQ7kNvgEyryYf&_nc_ht=scontent-atl3-1.xx&_nc_gid=AQJQl1FKy_uimOJvG7ZcXZX&oh=00_AYC-RD9vkIMWCTuSxjxUOywWhm5O-vCo-JVA1LBLTz2J-w&oe=670977C2","https://www.facebook.com/alkahfi.sutikno/posts/pfbid02cCMdoEyFzGCVLMTw23o99gdPpR28HcjUBcGp9dNmuR8n96nw6eW5TWR9WiZ6gdyul?comment_id=1054288179762474",,,,,,,,,,,,,,,,,,,,,,,,,,,,,,,,,,,,"2024-10-01T09:21:08.000Z","8346409512114680","https://www.facebook.com/alkahfi.sutikno/posts/pfbid02cCMdoEyFzGCVLMTw23o99gdPpR28HcjUBcGp9dNmuR8n96nw6eW5TWR9WiZ6gdyul","ZmVlZGJhY2s6ODM0NjQwOTUxMjExNDY4MF8xMDU0Mjg4MTc5NzYyNDc0","Y29tbWVudDo4MzQ2NDA5NTEyMTE0NjgwXzEwNTQyODgxNzk3NjI0NzQ=","https://www.facebook.com/alkahfi.sutikno/posts/pfbid02cCMdoEyFzGCVLMTw23o99gdPpR28HcjUBcGp9dNmuR8n96nw6eW5TWR9WiZ6gdyul","1","245411055325934","false","CEK LOKASI KEMBALI FUNGSI LAHAN

214 Hektar lahan sawit kembali menjadi sawah di Mukti Jaya KEC Rimba Melintang Kab Rokan Hilir Riau. Produksi padi rata² 8 ton per hektar.
Ka UPT Pelatihan Dinas Pangan Ketahanan Pangan dan Hortikultura Riau cek lokasi","61551942118942","Sudar Miati","https://scontent-atl3-1.xx.fbcdn.net/v/t39.30808-1/383224929_122098622054064737_3917546634792790151_n.jpg?stp=cp0_dst-jpg_s32x32&_nc_cat=108&ccb=1-7&_nc_sid=50d2ac&_nc_ohc=71tS7yivDBsQ7kNvgG5Bokn&_nc_ht=scontent-atl3-1.xx&_nc_gid=AQJQl1FKy_uimOJvG7ZcXZX&oh=00_AYCiFIBO-dz__ixUxuOQqMRQ7Y8t0W-6JVJnW4_avspXfA&oe=67094E20","https://www.facebook.com/people/Sudar-Miati/61551942118942/",,"0"
,,,,,,,,,,,,,,,,,"https://www.facebook.com/alkahfi.sutikno/posts/pfbid02cCMdoEyFzGCVLMTw23o99gdPpR28HcjUBcGp9dNmuR8n96nw6eW5TWR9WiZ6gdyul?comment_id=1221425802646026",,,,,,,,,,,,,,,,,,,,,,,,,,,,,,,,,,,,"2024-10-02T00:13:21.000Z","8346409512114680","https://www.facebook.com/alkahfi.sutikno/posts/pfbid02cCMdoEyFzGCVLMTw23o99gdPpR28HcjUBcGp9dNmuR8n96nw6eW5TWR9WiZ6gdyul","ZmVlZGJhY2s6ODM0NjQwOTUxMjExNDY4MF8xMjIxNDI1ODAyNjQ2MDI2","Y29tbWVudDo4MzQ2NDA5NTEyMTE0NjgwXzEyMjE0MjU4MDI2NDYwMjY=","https://www.facebook.com/alkahfi.sutikno/posts/pfbid02cCMdoEyFzGCVLMTw23o99gdPpR28HcjUBcGp9dNmuR8n96nw6eW5TWR9WiZ6gdyul","0","245411055325934","false","CEK LOKASI KEMBALI FUNGSI LAHAN

214 Hektar lahan sawit kembali menjadi sawah di Mukti Jaya KEC Rimba Melintang Kab Rokan Hilir Riau. Produksi padi rata² 8 ton per hektar.
Ka UPT Pelatihan Dinas Pangan Ketahanan Pangan dan Hortikultura Riau cek lokasi","100001283047433","Yanti Cipta Maya","https://scontent-atl3-2.xx.fbcdn.net/v/t39.30808-1/323447924_846489793135585_2748961481813010901_n.jpg?stp=c0.6.579.578a_cp0_dst-jpg_s32x32&_nc_cat=111&ccb=1-7&_nc_sid=50d2ac&_nc_ohc=iKZpEqP_oIcQ7kNvgH7s2Yr&_nc_ht=scontent-atl3-2.xx&_nc_gid=AQJQl1FKy_uimOJvG7ZcXZX&oh=00_AYCfnKjbsqlTj9YSDEEAaxoA70UHS3zmKaIisV0EVpYbjA&oe=6709445D","https://www.facebook.com/karnoyanti","Mantap semangat","0"
,,,,,,,,,,,,,,,,,"https://www.facebook.com/alkahfi.sutikno/posts/pfbid02cCMdoEyFzGCVLMTw23o99gdPpR28HcjUBcGp9dNmuR8n96nw6eW5TWR9WiZ6gdyul?comment_id=839813021682180",,,,,,,,,,,,,,,,,,,,,,,,,,,,,,,,,,,"1","2024-10-01T12:23:29.000Z","8346409512114680","https://www.facebook.com/alkahfi.sutikno/posts/pfbid02cCMdoEyFzGCVLMTw23o99gdPpR28HcjUBcGp9dNmuR8n96nw6eW5TWR9WiZ6gdyul","ZmVlZGJhY2s6ODM0NjQwOTUxMjExNDY4MF84Mzk4MTMwMjE2ODIxODA=","Y29tbWVudDo4MzQ2NDA5NTEyMTE0NjgwXzgzOTgxMzAyMTY4MjE4MA==","https://www.facebook.com/alkahfi.sutikno/posts/pfbid02cCMdoEyFzGCVLMTw23o99gdPpR28HcjUBcGp9dNmuR8n96nw6eW5TWR9WiZ6gdyul","2","245411055325934","false","CEK LOKASI KEMBALI FUNGSI LAHAN

214 Hektar lahan sawit kembali menjadi sawah di Mukti Jaya KEC Rimba Melintang Kab Rokan Hilir Riau. Produksi padi rata² 8 ton per hektar.
Ka UPT Pelatihan Dinas Pangan Ketahanan Pangan dan Hortikultura Riau cek lokasi","1765734003","Jian Arisandy","https://scontent-atl3-1.xx.fbcdn.net/v/t39.30808-1/404723378_10211155605083738_1754881733720396227_n.jpg?stp=cp0_dst-jpg_s32x32&_nc_cat=103&ccb=1-7&_nc_sid=50d2ac&_nc_ohc=9INTMfS9MIsQ7kNvgGYBL7N&_nc_ht=scontent-atl3-1.xx&_nc_gid=AQJQl1FKy_uimOJvG7ZcXZX&oh=00_AYBrbWTuBkLlmx2ZMPnspoLD3sSoZyX6fS1_35JGkxZdVQ&oe=67096842","https://www.facebook.com/jian.arisandy","Wah keren bun
Mau nanam apa ini","0"
"Sticker",,,"1","83","1","1","280280680528917","80","https://scontent-atl3-1.xx.fbcdn.net/v/t39.1997-6/240404950_280280683862250_377726035223267134_n.png?stp=cp0_dst-png_s110x80&_nc_cat=1&ccb=1-7&_nc_sid=23dd7b&_nc_ohc=ixsbBqJJufcQ7kNvgGTGtjW&_nc_ht=scontent-atl3-1.xx&_nc_gid=AQJQl1FKy_uimOJvG7ZcXZX&oh=00_AYBNN9kG6MdIaiO-0CDic8hUXSPCTbQJnNmdtb-muQEzgA&oe=670947B3","80","",,"222549939635325","[Newsfeed] Indonesia First Party",,,"https://www.facebook.com/alkahfi.sutikno/posts/pfbid02cCMdoEyFzGCVLMTw23o99gdPpR28HcjUBcGp9dNmuR8n96nw6eW5TWR9WiZ6gdyul?comment_id=1073476190793691",,,,,,,,,,,,,,,,,,,,,,,,,,,,,,,,,,,,"2024-10-01T14:06:10.000Z","8346409512114680","https://www.facebook.com/alkahfi.sutikno/posts/pfbid02cCMdoEyFzGCVLMTw23o99gdPpR28HcjUBcGp9dNmuR8n96nw6eW5TWR9WiZ6gdyul","ZmVlZGJhY2s6ODM0NjQwOTUxMjExNDY4MF8xMDczNDc2MTkwNzkzNjkx","Y29tbWVudDo4MzQ2NDA5NTEyMTE0NjgwXzEwNzM0NzYxOTA3OTM2OTE=","https://www.facebook.com/alkahfi.sutikno/posts/pfbid02cCMdoEyFzGCVLMTw23o99gdPpR28HcjUBcGp9dNmuR8n96nw6eW5TWR9WiZ6gdyul","0","245411055325934","false","CEK LOKASI KEMBALI FUNGSI LAHAN

214 Hektar lahan sawit kembali menjadi sawah di Mukti Jaya KEC Rimba Melintang Kab Rokan Hilir Riau. Produksi padi rata² 8 ton per hektar.
Ka UPT Pelatihan Dinas Pangan Ketahanan Pangan dan Hortikultura Riau cek lokasi","100003824546609","Transisto Budi","https://scontent-atl3-1.xx.fbcdn.net/v/t39.30808-1/311772859_2690224381115020_4427597476856417725_n.jpg?stp=cp0_dst-jpg_s32x32&_nc_cat=110&ccb=1-7&_nc_sid=50d2ac&_nc_ohc=pGdT3dnoPcwQ7kNvgH6CimF&_nc_ht=scontent-atl3-1.xx&_nc_gid=AQJQl1FKy_uimOJvG7ZcXZX&oh=00_AYCGBBZxmKOcACAsAwuTsSXMPUklaTvMyevyJ5sEguEIbw&oe=670946C6","https://www.facebook.com/budi.aja.9659","Kalo seandainya biaya penumbangan sawitnya d tanggung pemerintah mungkin akan lebih banyak petani sawit yg akan beralih ke padi pak🙏🙏","0"
"Sticker",,"https://scontent-sjc3-1.xx.fbcdn.net/v/t39.1997-6/69277552_2155554314555619_2238623180438634496_n.webp?stp=dst-webp_s110x80&_nc_cat=1&ccb=1-7&_nc_sid=ba09c1&_nc_ohc=dN4wgAbcl64Q7kNvgF9xTmh&_nc_ht=scontent-sjc3-1.xx&_nc_gid=AmeRCBqieTqEhp1wvZ7P-HT&oh=00_AYBoJAB2Cba51V_n42IqcY03E0G6HisjI04aWIJr0mg46w&oe=670942FF","8","166","3","3","1185980491513011","80","https://scontent-sjc3-1.xx.fbcdn.net/v/t39.1997-6/68992519_2155554637888920_869874398067163136_n.png?stp=cp0_dst-png_s110x80&_nc_cat=1&ccb=1-7&_nc_sid=23dd7b&_nc_ohc=_gH9pUTLzmAQ7kNvgE_NOWi&_nc_ht=scontent-sjc3-1.xx&_nc_gid=AmeRCBqieTqEhp1wvZ7P-HT&oh=00_AYA_p14SoxLE6mbmnfWeIpIv4vayxpgYUMW3neeZiP-ShQ&oe=67096C74","80","The words, Happy Birthday, above a blue cupcake with a single candle and blue flowers swaying around the cupcake.",,"1180646208713106","Lovely Greetings",,"https://scontent-sjc3-1.xx.fbcdn.net/v/t39.1997-6/68922266_2155554317888952_7849822713701990400_n.png?stp=dst-png_p240x240&_nc_cat=1&ccb=1-7&_nc_sid=ba09c1&_nc_ohc=iIe4bS1j1OwQ7kNvgEEn6FQ&_nc_ht=scontent-sjc3-1.xx&_nc_gid=AmeRCBqieTqEhp1wvZ7P-HT&oh=00_AYCEcMSjECUyHDdSH3yKSVy7VktTpIl6NgbBuFDPV5yw5A&oe=67095F20","https://www.facebook.com/alkahfi.sutikno/videos/552526347290566/?comment_id=417503611375061",,,,,,,,,,,,,,,,,,,,,,,,,,,,,,,,,,,,"2024-10-04T05:19:11.000Z","8373656906056607","https://www.facebook.com/alkahfi.sutikno/videos/552526347290566/","ZmVlZGJhY2s6ODM3MzY1NjkwNjA1NjYwN180MTc1MDM2MTEzNzUwNjE=","Y29tbWVudDo4MzczNjU2OTA2MDU2NjA3XzQxNzUwMzYxMTM3NTA2MQ==","https://www.facebook.com/alkahfi.sutikno/videos/552526347290566/","0",,,"HARI JADI ROKAN HILIR KE 25","pfbid02sdfJ2iHemLg6jqBXCW5FF1QT8Vgb5Xfjx5mRDTWzqLqB13wsa9KE6Rp1yRqu2ZvCl","Atik S","https://scontent-sjc3-1.xx.fbcdn.net/v/t39.30808-1/343831339_726643112480260_5689800816665318851_n.jpg?stp=c6.0.405.405a_cp0_dst-jpg_s32x32&_nc_cat=108&ccb=1-7&_nc_sid=0ecb9b&_nc_ohc=gVQoYW5N22MQ7kNvgE08uih&_nc_ht=scontent-sjc3-1.xx&_nc_gid=AmeRCBqieTqEhp1wvZ7P-HT&oh=00_AYCLS4Vlwfv5l2pyRaq0Ovam8637yHxEmTL5gpK_aAywCA&oe=67096E2E","https://www.facebook.com/atik.s.1232",,"0"
,,,,,,,,,,,,,,,,,"https://www.facebook.com/tomiri/videos/1741821013259716/?comment_id=1055722052691129",,,,,,,,,,,,,,,,,,,,,,,,,,,,,,,,,,,,"2024-10-03T15:08:42.000Z","8878793045488516","https://www.facebook.com/tomiri/videos/1741821013259716/","ZmVlZGJhY2s6ODg3ODc5MzA0NTQ4ODUxNl8xMDU1NzIyMDUyNjkxMTI5","Y29tbWVudDo4ODc4NzkzMDQ1NDg4NTE2XzEwNTU3MjIwNTI2OTExMjk=","https://www.facebook.com/tomiri/videos/1741821013259716/","0",,,"Selamat Milad negeri yg tercinta.. Pantun sebuah lu.. 
sorotan","100001177838158","Tutut Handayani","https://scontent-mia3-1.xx.fbcdn.net/v/t39.30808-1/449318491_7624446030937916_1879757010369903675_n.jpg?stp=cp0_dst-jpg_s32x32&_nc_cat=100&ccb=1-7&_nc_sid=50d2ac&_nc_ohc=7CfYTJRazfEQ7kNvgElOPc4&_nc_ht=scontent-mia3-1.xx&_nc_gid=ABNTIsuDVgoPIqTnsmj2UMR&oh=00_AYCdgrbghpkhV8ftSIt2mkVI0v5d18uxnxuqAm1T01dWAA&oe=6709492F","https://www.facebook.com/tutut.handayani.395","Keren pantun nyo pak 👏👏👏","0"
,,,,,,,,,,,,,,,,,"https://www.facebook.com/renzi.prayuda/posts/pfbid02yRbFY7rQRpqy8HAr1xKE4hnax2oWsACfC5V9ZvBBeNRo2N5ZSBzRpodjQpErPRqil?comment_id=973699291142499",,,,,,,,,,,,,,,,,,,,,,,,,,,,,,,,,,,,"2024-09-30T06:44:52.000Z","3784026858526561","https://www.facebook.com/renzi.prayuda/posts/pfbid02yRbFY7rQRpqy8HAr1xKE4hnax2oWsACfC5V9ZvBBeNRo2N5ZSBzRpodjQpErPRqil","ZmVlZGJhY2s6Mzc4NDAyNjg1ODUyNjU2MV85NzM2OTkyOTExNDI0OTk=","Y29tbWVudDozNzg0MDI2ODU4NTI2NTYxXzk3MzY5OTI5MTE0MjQ5OQ==","https://www.facebook.com/renzi.prayuda/posts/pfbid02yRbFY7rQRpqy8HAr1xKE4hnax2oWsACfC5V9ZvBBeNRo2N5ZSBzRpodjQpErPRqil","0","103383066093617","false","Mulai minggu anda dengan semangat & doa 💪 #quote #bintangasia #benihcitraasia #katakata","100000818223407","Bakhrowazi","https://scontent-lax3-2.xx.fbcdn.net/v/t39.30808-1/454379967_7978175708886291_6366253586216946450_n.jpg?stp=cp0_dst-jpg_s32x32&_nc_cat=103&ccb=1-7&_nc_sid=50d2ac&_nc_ohc=CUi6aKhJEHAQ7kNvgE0nHch&_nc_ht=scontent-lax3-2.xx&_nc_gid=Am2XcshsXDBFpiGDv9TA7_u&oh=00_AYAJhXEk0ya_RKuXF28L7Deq8bv1YJApT9jvxM61QLdDoQ&oe=6709733E","https://www.facebook.com/Bakhrowazi","Artinya orang tsb tdk bersyukur","0"
,,,,,,,,,,,,,,,,,"https://www.facebook.com/renzi.prayuda/posts/pfbid02yRbFY7rQRpqy8HAr1xKE4hnax2oWsACfC5V9ZvBBeNRo2N5ZSBzRpodjQpErPRqil?comment_id=417026721411044",,,,,,,,,,,,,,,,,,,,,,,,,,,,,,,,,,,,"2024-09-30T06:41:26.000Z","3784026858526561","https://www.facebook.com/renzi.prayuda/posts/pfbid02yRbFY7rQRpqy8HAr1xKE4hnax2oWsACfC5V9ZvBBeNRo2N5ZSBzRpodjQpErPRqil","ZmVlZGJhY2s6Mzc4NDAyNjg1ODUyNjU2MV80MTcwMjY3MjE0MTEwNDQ=","Y29tbWVudDozNzg0MDI2ODU4NTI2NTYxXzQxNzAyNjcyMTQxMTA0NA==","https://www.facebook.com/renzi.prayuda/posts/pfbid02yRbFY7rQRpqy8HAr1xKE4hnax2oWsACfC5V9ZvBBeNRo2N5ZSBzRpodjQpErPRqil","0","103383066093617","false","Mulai minggu anda dengan semangat & doa 💪 #quote #bintangasia #benihcitraasia #katakata","pfbid02zsTuXmVKR6iNLLdCKRj3wi7w17Qcb2TpvH3A4ers8T3gYERcSUrP9TPZuTZoWpwTl","Sudi Erma","https://scontent-lax3-1.xx.fbcdn.net/v/t39.30808-1/419427262_273204245772582_4717930456739040320_n.jpg?stp=cp0_dst-jpg_s32x32&_nc_cat=102&ccb=1-7&_nc_sid=0ecb9b&_nc_ohc=x0CGum-dJXQQ7kNvgENzSq4&_nc_ht=scontent-lax3-1.xx&_nc_gid=Am2XcshsXDBFpiGDv9TA7_u&oh=00_AYCAGYxuzen2sSQog1g8c-8eUuRFk6pycAO_ufyUZxybAQ&oe=67094A3D","https://www.facebook.com/people/Sudi-Erma/pfbid02zsTuXmVKR6iNLLdCKRj3wi7w17Qcb2TpvH3A4ers8T3gYERcSUrP9TPZuTZoWpwTl/","Semangat mas","0"
"Sticker",,,"1","83","1","1","280280680528917","80","https://scontent-ord5-1.xx.fbcdn.net/v/t39.1997-6/240404950_280280683862250_377726035223267134_n.png?stp=cp0_dst-png_s110x80&_nc_cat=1&ccb=1-7&_nc_sid=23dd7b&_nc_ohc=ixsbBqJJufcQ7kNvgF0AXAe&_nc_ht=scontent-ord5-1.xx&_nc_gid=A4qxh5hLFOTx6gi39GawUK4&oh=00_AYAFK-HbjJ6B3ByemecCYlQouOV7bkZ9c9qyBrEG7AROsQ&oe=670947B3","80","",,"222549939635325","[Newsfeed] Indonesia First Party",,,"https://www.facebook.com/alkahfi.sutikno/posts/pfbid02qDKs8HTFopaRcXX8Ga2A3LVTe5PR7hSJWFoVprA7DhW3rgnKRf7JmYHwG1H2JRAZl?comment_id=1770253487120192",,,,,,,,,,,,,,,,,,,,,,,,,,,,,,,,,,,,"2024-10-01T01:27:26.000Z","8338062896282675","https://www.facebook.com/alkahfi.sutikno/posts/pfbid02qDKs8HTFopaRcXX8Ga2A3LVTe5PR7hSJWFoVprA7DhW3rgnKRf7JmYHwG1H2JRAZl","ZmVlZGJhY2s6ODMzODA2Mjg5NjI4MjY3NV8xNzcwMjUzNDg3MTIwMTky","Y29tbWVudDo4MzM4MDYyODk2MjgyNjc1XzE3NzAyNTM0ODcxMjAxOTI=","https://www.facebook.com/alkahfi.sutikno/posts/pfbid02qDKs8HTFopaRcXX8Ga2A3LVTe5PR7hSJWFoVprA7DhW3rgnKRf7JmYHwG1H2JRAZl","0","245411055325934","false","TERIMA KASIH BI RIAU

Bantuan Bank Indonesia Riau untuk Poktan Bangun Jaya Kepenghuluan Bantaian KEC Batu Hampar Kabupaten Rokan Hilir untuk Claster Cabe. Semoga bermanfaat dan dapat meningkatkan hasil....","pfbid02U2vwLgCFWLEUbtHErazmxXhgdwcwAFmF5EQCqCWPJNqb6tVw3oDToEq1FbWNrQBrl","Putri Beta","https://scontent-ord5-1.xx.fbcdn.net/v/t1.6435-1/124595500_1206613899740534_8631138010397095845_n.jpg?stp=cp0_dst-jpg_s32x32&_nc_cat=101&ccb=1-7&_nc_sid=e4545e&_nc_ohc=dmADUUPTZDIQ7kNvgFjqlO6&_nc_ht=scontent-ord5-1.xx&_nc_gid=A4qxh5hLFOTx6gi39GawUK4&oh=00_AYBjCyP2AHb5KqP7qG7lb9f-rEBlSrNijV0VmWn113ok5g&oe=672AFC49","https://www.facebook.com/putri.beta.52","Semoga sukses","0"
,,,,,,,,,,,,,,,,,"https://www.facebook.com/alkahfi.sutikno/posts/pfbid02qDKs8HTFopaRcXX8Ga2A3LVTe5PR7hSJWFoVprA7DhW3rgnKRf7JmYHwG1H2JRAZl?comment_id=1571181187113848",,,,,,,,,,,,,,,,,,,,,,,,,,,,,,,,,,,"1","2024-09-30T22:12:13.000Z","8338062896282675","https://www.facebook.com/alkahfi.sutikno/posts/pfbid02qDKs8HTFopaRcXX8Ga2A3LVTe5PR7hSJWFoVprA7DhW3rgnKRf7JmYHwG1H2JRAZl","ZmVlZGJhY2s6ODMzODA2Mjg5NjI4MjY3NV8xNTcxMTgxMTg3MTEzODQ4","Y29tbWVudDo4MzM4MDYyODk2MjgyNjc1XzE1NzExODExODcxMTM4NDg=","https://www.facebook.com/alkahfi.sutikno/posts/pfbid02qDKs8HTFopaRcXX8Ga2A3LVTe5PR7hSJWFoVprA7DhW3rgnKRf7JmYHwG1H2JRAZl","0","245411055325934","false","TERIMA KASIH BI RIAU

Bantuan Bank Indonesia Riau untuk Poktan Bangun Jaya Kepenghuluan Bantaian KEC Batu Hampar Kabupaten Rokan Hilir untuk Claster Cabe. Semoga bermanfaat dan dapat meningkatkan hasil....","100023308044175","Niken Wijayanti","https://scontent-ord5-1.xx.fbcdn.net/v/t39.30808-1/310979588_1240773920042864_8318846709766892123_n.jpg?stp=cp0_dst-jpg_s32x32&_nc_cat=107&ccb=1-7&_nc_sid=50d2ac&_nc_ohc=KOoOGNWmVF0Q7kNvgHz4lPW&_nc_ht=scontent-ord5-1.xx&_nc_gid=A4qxh5hLFOTx6gi39GawUK4&oh=00_AYDh6PLcUTnAk2Wst_UF5CXW0PGQYkqFIiaImldqZt4T7Q&oe=67094CE1",,"Alhamdulillah","0"
"Sticker",,,"1","83","1","1","1180041129842583","128","https://scontent-ord5-1.xx.fbcdn.net/v/t39.1997-6/441871485_1180041133175916_8182366443716460788_n.png?stp=dst-png_s168x128&_nc_cat=101&ccb=1-7&_nc_sid=23dd7b&_nc_ohc=Ab91XMbJv2AQ7kNvgGTfPSl&_nc_ht=scontent-ord5-1.xx&_nc_gid=A4qxh5hLFOTx6gi39GawUK4&oh=00_AYDys6AGKMoicJdDQj4TP8n2YOtABVHBUTfz5AMpC3pnYw&oe=67094239","128","",,,,,,"https://www.facebook.com/alkahfi.sutikno/posts/pfbid02qDKs8HTFopaRcXX8Ga2A3LVTe5PR7hSJWFoVprA7DhW3rgnKRf7JmYHwG1H2JRAZl?comment_id=538288095254012",,,,,,,,,,,,,,,,,,,,,,,,,,,,,,,,,,,,"2024-09-30T14:34:35.000Z","8338062896282675","https://www.facebook.com/alkahfi.sutikno/posts/pfbid02qDKs8HTFopaRcXX8Ga2A3LVTe5PR7hSJWFoVprA7DhW3rgnKRf7JmYHwG1H2JRAZl","ZmVlZGJhY2s6ODMzODA2Mjg5NjI4MjY3NV81MzgyODgwOTUyNTQwMTI=","Y29tbWVudDo4MzM4MDYyODk2MjgyNjc1XzUzODI4ODA5NTI1NDAxMg==","https://www.facebook.com/alkahfi.sutikno/posts/pfbid02qDKs8HTFopaRcXX8Ga2A3LVTe5PR7hSJWFoVprA7DhW3rgnKRf7JmYHwG1H2JRAZl","1","245411055325934","false","TERIMA KASIH BI RIAU

Bantuan Bank Indonesia Riau untuk Poktan Bangun Jaya Kepenghuluan Bantaian KEC Batu Hampar Kabupaten Rokan Hilir untuk Claster Cabe. Semoga bermanfaat dan dapat meningkatkan hasil....","pfbid02Dak2sxxtRynocdBD6BquQprQGTHThyt9T4tZz4RaLtNcETiizVC9Y2dwn1qvsA2Wl","Dwi Ari Wibowo","https://scontent-ord5-1.xx.fbcdn.net/v/t39.30808-1/459923602_3764049287191042_8275846352765341498_n.jpg?stp=c128.0.768.768a_cp0_dst-jpg_s32x32&_nc_cat=110&ccb=1-7&_nc_sid=0ecb9b&_nc_ohc=HMl-ud8MlPMQ7kNvgGdBzNv&_nc_ht=scontent-ord5-1.xx&_nc_gid=A4qxh5hLFOTx6gi39GawUK4&oh=00_AYDSdkLoY-mIgiiccz560jPo0aMv_KlA2O2Fib6zONPcpg&oe=67096BC5","https://www.facebook.com/dwi.ariwibowo.10",,"0"
,,,,,,,,,,,,,,,,,"https://www.facebook.com/alkahfi.sutikno/posts/pfbid02qDKs8HTFopaRcXX8Ga2A3LVTe5PR7hSJWFoVprA7DhW3rgnKRf7JmYHwG1H2JRAZl?comment_id=886123419770396",,,,,,,,,,,,,,,,,,,,,,,,,,,,,,,,,,,"1","2024-09-30T11:08:21.000Z","8338062896282675","https://www.facebook.com/alkahfi.sutikno/posts/pfbid02qDKs8HTFopaRcXX8Ga2A3LVTe5PR7hSJWFoVprA7DhW3rgnKRf7JmYHwG1H2JRAZl","ZmVlZGJhY2s6ODMzODA2Mjg5NjI4MjY3NV84ODYxMjM0MTk3NzAzOTY=","Y29tbWVudDo4MzM4MDYyODk2MjgyNjc1Xzg4NjEyMzQxOTc3MDM5Ng==","https://www.facebook.com/alkahfi.sutikno/posts/pfbid02qDKs8HTFopaRcXX8Ga2A3LVTe5PR7hSJWFoVprA7DhW3rgnKRf7JmYHwG1H2JRAZl","0","245411055325934","false","TERIMA KASIH BI RIAU

Bantuan Bank Indonesia Riau untuk Poktan Bangun Jaya Kepenghuluan Bantaian KEC Batu Hampar Kabupaten Rokan Hilir untuk Claster Cabe. Semoga bermanfaat dan dapat meningkatkan hasil....","100002418904781","Kamisri Kezi","https://scontent-ord5-2.xx.fbcdn.net/v/t39.30808-1/439426361_7387062374717653_5404225086342155412_n.jpg?stp=cp0_dst-jpg_s32x32&_nc_cat=103&ccb=1-7&_nc_sid=50d2ac&_nc_ohc=O1zY_p5GxnoQ7kNvgFAd40w&_nc_ht=scontent-ord5-2.xx&_nc_gid=A4qxh5hLFOTx6gi39GawUK4&oh=00_AYAgneUki9HU_OIBm-3R_7zxrBJysYBrmdVQ45guREX7wg&oe=67095394","https://www.facebook.com/kamisri.kezi","Aamiin...
mantap pak..
semoga sukses selalu ☺️","0"
,,,,,,,,,,,,,,,,,"https://www.facebook.com/alkahfi.sutikno/posts/pfbid02qDKs8HTFopaRcXX8Ga2A3LVTe5PR7hSJWFoVprA7DhW3rgnKRf7JmYHwG1H2JRAZl?comment_id=1054874839072884",,,,,,,,,,,,,,,,,,,,,,,,,,,,,,,,,,,"1","2024-09-30T11:15:27.000Z","8338062896282675","https://www.facebook.com/alkahfi.sutikno/posts/pfbid02qDKs8HTFopaRcXX8Ga2A3LVTe5PR7hSJWFoVprA7DhW3rgnKRf7JmYHwG1H2JRAZl","ZmVlZGJhY2s6ODMzODA2Mjg5NjI4MjY3NV8xMDU0ODc0ODM5MDcyODg0","Y29tbWVudDo4MzM4MDYyODk2MjgyNjc1XzEwNTQ4NzQ4MzkwNzI4ODQ=","https://www.facebook.com/alkahfi.sutikno/posts/pfbid02qDKs8HTFopaRcXX8Ga2A3LVTe5PR7hSJWFoVprA7DhW3rgnKRf7JmYHwG1H2JRAZl","1","245411055325934","false","TERIMA KASIH BI RIAU

Bantuan Bank Indonesia Riau untuk Poktan Bangun Jaya Kepenghuluan Bantaian KEC Batu Hampar Kabupaten Rokan Hilir untuk Claster Cabe. Semoga bermanfaat dan dapat meningkatkan hasil....","100056849475800","Eni Yanti","https://scontent-ord5-2.xx.fbcdn.net/v/t39.30808-1/452235892_988894086348898_8588549516001137305_n.jpg?stp=cp0_dst-jpg_s32x32&_nc_cat=100&ccb=1-7&_nc_sid=50d2ac&_nc_ohc=Zks2K7ypB0sQ7kNvgHHjWEk&_nc_ht=scontent-ord5-2.xx&_nc_gid=A4qxh5hLFOTx6gi39GawUK4&oh=00_AYDmopMeIDrgh704ijs3C5LYjIUCZlrE6zsABRQN1gO1mg&oe=670943C8","https://www.facebook.com/kwtmataharibersinar.kwt","Semoga sukses","0"
,,,,,,,,,,,,,,,,,"https://www.facebook.com/alkahfi.sutikno/posts/pfbid02qDKs8HTFopaRcXX8Ga2A3LVTe5PR7hSJWFoVprA7DhW3rgnKRf7JmYHwG1H2JRAZl?comment_id=523084953690339",,,,,,,,,,,,,,,,,,,,,,,,,,,,,,,,,,,"1","2024-09-30T11:04:15.000Z","8338062896282675","https://www.facebook.com/alkahfi.sutikno/posts/pfbid02qDKs8HTFopaRcXX8Ga2A3LVTe5PR7hSJWFoVprA7DhW3rgnKRf7JmYHwG1H2JRAZl","ZmVlZGJhY2s6ODMzODA2Mjg5NjI4MjY3NV81MjMwODQ5NTM2OTAzMzk=","Y29tbWVudDo4MzM4MDYyODk2MjgyNjc1XzUyMzA4NDk1MzY5MDMzOQ==","https://www.facebook.com/alkahfi.sutikno/posts/pfbid02qDKs8HTFopaRcXX8Ga2A3LVTe5PR7hSJWFoVprA7DhW3rgnKRf7JmYHwG1H2JRAZl","0","245411055325934","false","TERIMA KASIH BI RIAU

Bantuan Bank Indonesia Riau untuk Poktan Bangun Jaya Kepenghuluan Bantaian KEC Batu Hampar Kabupaten Rokan Hilir untuk Claster Cabe. Semoga bermanfaat dan dapat meningkatkan hasil....","pfbid0iaaayWRQbUzJR89EB8MaScKhj8FT6dwjFmCofJWKB3cYCbWmiJTqKjfdJwDmmVKzl","Sehulul Anwar","https://scontent-ord5-2.xx.fbcdn.net/v/t39.30808-1/341887232_1464307770974783_2875017914590067347_n.jpg?stp=cp0_dst-jpg_s32x32&_nc_cat=103&ccb=1-7&_nc_sid=0ecb9b&_nc_ohc=6Uf6aAMd9F0Q7kNvgFioF9T&_nc_ht=scontent-ord5-2.xx&_nc_gid=A4qxh5hLFOTx6gi39GawUK4&oh=00_AYAFtbsfMFN0a10Dbac4LajXTPNJqSXVM1dkkpxinWYHNQ&oe=67096107","https://www.facebook.com/sehulul.anwar","Mantaap pak bos","0"
,,,,,,,,,,,,,,,,,"https://www.facebook.com/alkahfi.sutikno/posts/pfbid02qDKs8HTFopaRcXX8Ga2A3LVTe5PR7hSJWFoVprA7DhW3rgnKRf7JmYHwG1H2JRAZl?comment_id=1237558490709711",,,,,,,,,,,,,,,,,,,,,,,,,,,,,,,,,,,"1","2024-09-30T12:48:18.000Z","8338062896282675","https://www.facebook.com/alkahfi.sutikno/posts/pfbid02qDKs8HTFopaRcXX8Ga2A3LVTe5PR7hSJWFoVprA7DhW3rgnKRf7JmYHwG1H2JRAZl","ZmVlZGJhY2s6ODMzODA2Mjg5NjI4MjY3NV8xMjM3NTU4NDkwNzA5NzEx","Y29tbWVudDo4MzM4MDYyODk2MjgyNjc1XzEyMzc1NTg0OTA3MDk3MTE=","https://www.facebook.com/alkahfi.sutikno/posts/pfbid02qDKs8HTFopaRcXX8Ga2A3LVTe5PR7hSJWFoVprA7DhW3rgnKRf7JmYHwG1H2JRAZl","0","245411055325934","false","TERIMA KASIH BI RIAU

Bantuan Bank Indonesia Riau untuk Poktan Bangun Jaya Kepenghuluan Bantaian KEC Batu Hampar Kabupaten Rokan Hilir untuk Claster Cabe. Semoga bermanfaat dan dapat meningkatkan hasil....","100009711342803","Jasmiati Tahir","https://scontent-ord5-2.xx.fbcdn.net/v/t39.30808-1/447499594_2238436123156744_1350766757761001877_n.jpg?stp=c0.0.720.720a_cp0_dst-jpg_s32x32&_nc_cat=100&ccb=1-7&_nc_sid=50d2ac&_nc_ohc=vWVK8t4VnDAQ7kNvgFgQ8CT&_nc_ht=scontent-ord5-2.xx&_nc_gid=A4qxh5hLFOTx6gi39GawUK4&oh=00_AYDJcYppmdHx5PcAt6sppuOzABofgBSPkwK7oZ8F0ouBYA&oe=67095F4D","https://www.facebook.com/jasmiati.tahir","Sukses selalu besti","0"
"Sticker",,,"1","83","1","1","502596675516426","120","https://scontent-ord5-1.xx.fbcdn.net/v/t39.1997-6/453083074_502596685516425_8142427364328147011_n.webp?_nc_cat=109&ccb=1-7&_nc_sid=878c43&_nc_ohc=rDCfAfqNhYgQ7kNvgF7RpCQ&_nc_ht=scontent-ord5-1.xx&_nc_gid=A4qxh5hLFOTx6gi39GawUK4&oh=00_AYDcsRTO-HZlunVFQf6J3LYdXW5CAVvKY321ZGyb5kwpoA&oe=67094CFD","120","Avatar looking excited, with their right hand up in a fist and waving their left hand. They're carrying a green backpack. The number 100 is written above them in pink inside a blue star.",,,,,,"https://www.facebook.com/alkahfi.sutikno/posts/pfbid02qDKs8HTFopaRcXX8Ga2A3LVTe5PR7hSJWFoVprA7DhW3rgnKRf7JmYHwG1H2JRAZl?comment_id=1949643772115064",,,,,,,,,,,,,,,,,,,,,,,,,,,,,,,,,,,"1","2024-09-30T11:13:42.000Z","8338062896282675","https://www.facebook.com/alkahfi.sutikno/posts/pfbid02qDKs8HTFopaRcXX8Ga2A3LVTe5PR7hSJWFoVprA7DhW3rgnKRf7JmYHwG1H2JRAZl","ZmVlZGJhY2s6ODMzODA2Mjg5NjI4MjY3NV8xOTQ5NjQzNzcyMTE1MDY0","Y29tbWVudDo4MzM4MDYyODk2MjgyNjc1XzE5NDk2NDM3NzIxMTUwNjQ=","https://www.facebook.com/alkahfi.sutikno/posts/pfbid02qDKs8HTFopaRcXX8Ga2A3LVTe5PR7hSJWFoVprA7DhW3rgnKRf7JmYHwG1H2JRAZl","0","245411055325934","false","TERIMA KASIH BI RIAU

Bantuan Bank Indonesia Riau untuk Poktan Bangun Jaya Kepenghuluan Bantaian KEC Batu Hampar Kabupaten Rokan Hilir untuk Claster Cabe. Semoga bermanfaat dan dapat meningkatkan hasil....","pfbid02Nnftr3W951ZrbdzyhcavU8zV8N3ydvcZpfrxosEbCXBo8YArMtgufL2UKu8LYW78l","Julizar Pongkai","https://scontent-ord5-1.xx.fbcdn.net/v/t39.30808-1/406171035_7086031561457097_8920971726319635322_n.jpg?stp=cp0_dst-jpg_s32x32&_nc_cat=110&ccb=1-7&_nc_sid=0ecb9b&_nc_ohc=xbSY5YcamuAQ7kNvgEdgtUr&_nc_ht=scontent-ord5-1.xx&_nc_gid=A4qxh5hLFOTx6gi39GawUK4&oh=00_AYDUZ80MhqtqrFRA21vDtEqB9kDh2uQG0bPLGtEXgtFVkQ&oe=67095A71","https://www.facebook.com/julizar.pongkai",,"0"
,,,,,,,,,,,,,,,,,"https://www.facebook.com/alkahfi.sutikno/posts/pfbid02qDKs8HTFopaRcXX8Ga2A3LVTe5PR7hSJWFoVprA7DhW3rgnKRf7JmYHwG1H2JRAZl?comment_id=1214014936480273",,,,,,,,,,,,,,,,,,,,,,,,,,,,,,,,,,,"1","2024-09-30T11:38:00.000Z","8338062896282675","https://www.facebook.com/alkahfi.sutikno/posts/pfbid02qDKs8HTFopaRcXX8Ga2A3LVTe5PR7hSJWFoVprA7DhW3rgnKRf7JmYHwG1H2JRAZl","ZmVlZGJhY2s6ODMzODA2Mjg5NjI4MjY3NV8xMjE0MDE0OTM2NDgwMjcz","Y29tbWVudDo4MzM4MDYyODk2MjgyNjc1XzEyMTQwMTQ5MzY0ODAyNzM=","https://www.facebook.com/alkahfi.sutikno/posts/pfbid02qDKs8HTFopaRcXX8Ga2A3LVTe5PR7hSJWFoVprA7DhW3rgnKRf7JmYHwG1H2JRAZl","0","245411055325934","false","TERIMA KASIH BI RIAU

Bantuan Bank Indonesia Riau untuk Poktan Bangun Jaya Kepenghuluan Bantaian KEC Batu Hampar Kabupaten Rokan Hilir untuk Claster Cabe. Semoga bermanfaat dan dapat meningkatkan hasil....","pfbid029sGgc6sYm1xCcim9i4hNWq8CxvyhmfwMAQHd3Af3HRnNYPQWjK1B9xQJBRUpiV1Al","Risnawati Butet","https://scontent-ord5-2.xx.fbcdn.net/v/t39.30808-1/370034408_993555648429854_8841156602493610969_n.jpg?stp=cp0_dst-jpg_s32x32&_nc_cat=103&ccb=1-7&_nc_sid=0ecb9b&_nc_ohc=VRH9g6VwLtgQ7kNvgG9HamX&_nc_ht=scontent-ord5-2.xx&_nc_gid=A4qxh5hLFOTx6gi39GawUK4&oh=00_AYAZjr_K0552rVqA9tNV1SSwRNyNsBqVYR_RC6a6E7lTNg&oe=67095B92","https://www.facebook.com/risnawati.butet","Mantap sukses selalu pak","0"
