﻿"attachments/0/__typename","attachments/0/animated_image","attachments/0/animated_image/uri","attachments/0/blurred_image/uri","attachments/0/cix_screen","attachments/0/frame_count","attachments/0/frame_rate","attachments/0/frames_per_column","attachments/0/frames_per_row","attachments/0/id","attachments/0/image/height","attachments/0/image/uri","attachments/0/image/width","attachments/0/label","attachments/0/massive_image/height","attachments/0/massive_image/width","attachments/0/ocrText","attachments/0/pack","attachments/0/pack/id","attachments/0/pack/name","attachments/0/sprite_image","attachments/0/sprite_image/uri","commentUrl","comments/0/commentUrl","comments/0/commentsCount","comments/0/date","comments/0/feedbackId","comments/0/id","comments/0/likesCount","comments/0/parentComment/author/__typename","comments/0/parentComment/author/id","comments/0/parentComment/author/name","comments/0/parentComment/author/short_name","comments/0/parentComment/id","comments/0/profileId","comments/0/profileName","comments/0/profilePicture","comments/0/profileUrl","comments/0/replyToCommentId","comments/0/text","comments/0/threadingDepth","comments/1/commentUrl","comments/1/date","comments/1/feedbackId","comments/1/id","comments/1/likesCount","comments/1/parentComment/author/__typename","comments/1/parentComment/author/id","comments/1/parentComment/author/name","comments/1/parentComment/author/short_name","comments/1/parentComment/id","comments/1/profileId","comments/1/profileName","comments/1/profilePicture","comments/1/profileUrl","comments/1/replyToCommentId","comments/1/text","comments/1/threadingDepth","commentsCount","date","facebookId","facebookUrl","feedbackId","id","inputUrl","likesCount","pageAdLibrary/id","pageAdLibrary/is_business_page_active","parentComment/author/__typename","parentComment/author/id","parentComment/author/name","parentComment/author/short_name","parentComment/id","postTitle","profileId","profileName","profilePicture","profileUrl","replyToCommentId","text","threadingDepth"
,,,,,,,,,,,,,,,,,,,,,,"https://www.facebook.com/antonsulaiman95/posts/pfbid037UTXVftfQoA8sNnDHpLJKTw8kDJMMfACDU192AwNjbZx3UyNkLq6AiC1RwNQRRX6l?comment_id=886286789526770",,,,,,,,,,,,,,,,,,,,,,,,,,,,,,,,,,,,,"2024-09-16T01:35:04.000Z","2912818728865077","https://www.facebook.com/antonsulaiman95/posts/pfbid037UTXVftfQoA8sNnDHpLJKTw8kDJMMfACDU192AwNjbZx3UyNkLq6AiC1RwNQRRX6l","ZmVlZGJhY2s6MjkxMjgxODcyODg2NTA3N184ODYyODY3ODk1MjY3NzA=","Y29tbWVudDoyOTEyODE4NzI4ODY1MDc3Xzg4NjI4Njc4OTUyNjc3MA==","https://www.facebook.com/antonsulaiman95/posts/pfbid037UTXVftfQoA8sNnDHpLJKTw8kDJMMfACDU192AwNjbZx3UyNkLq6AiC1RwNQRRX6l","0","113420435192600","false",,,,,,"Pamer semangka Danish dulu. ojo takon benihe disek. benihe sek semedi. 😭😁 #bintangasia #benihcitraasia #petani #farmer #watermelon #semangka #indonesia","100007578522755","Renzy Bintangasia","https://scontent.flis5-3.fna.fbcdn.net/v/t39.30808-1/426012403_3605728109689771_2277782955804277447_n.jpg?stp=cp0_dst-jpg_s32x32&_nc_cat=104&ccb=1-7&_nc_sid=50d2ac&_nc_ohc=eSL7nwrCcoUQ7kNvgE-zv5F&_nc_ht=scontent.flis5-3.fna&_nc_gid=Azd4x-HNMubaF8rZq5XNP1L&oh=00_AYA-BSGZ-gyBbagEKLF7Wc1kQX8VUnqTBOdqWlVnFpxNZw&oe=66FA9484","https://www.facebook.com/renzi.prayuda",,"Mantap","0"
,,,,,,,,,,,,,,,,,,,,,,"https://www.facebook.com/antonsulaiman95/posts/pfbid037UTXVftfQoA8sNnDHpLJKTw8kDJMMfACDU192AwNjbZx3UyNkLq6AiC1RwNQRRX6l?comment_id=1034977131750384",,,,,,,,,,,,,,,,,,,,,,,,,,,,,,,,,,,,,"2024-09-16T04:05:03.000Z","2912818728865077","https://www.facebook.com/antonsulaiman95/posts/pfbid037UTXVftfQoA8sNnDHpLJKTw8kDJMMfACDU192AwNjbZx3UyNkLq6AiC1RwNQRRX6l","ZmVlZGJhY2s6MjkxMjgxODcyODg2NTA3N18xMDM0OTc3MTMxNzUwMzg0","Y29tbWVudDoyOTEyODE4NzI4ODY1MDc3XzEwMzQ5NzcxMzE3NTAzODQ=","https://www.facebook.com/antonsulaiman95/posts/pfbid037UTXVftfQoA8sNnDHpLJKTw8kDJMMfACDU192AwNjbZx3UyNkLq6AiC1RwNQRRX6l","0","113420435192600","false",,,,,,"Pamer semangka Danish dulu. ojo takon benihe disek. benihe sek semedi. 😭😁 #bintangasia #benihcitraasia #petani #farmer #watermelon #semangka #indonesia","100004825651478","NiZar Bintang Asia","https://scontent.flis5-4.fna.fbcdn.net/v/t39.30808-1/438276089_2611594555678041_6997404202785061953_n.jpg?stp=cp0_dst-jpg_p32x32&_nc_cat=111&ccb=1-7&_nc_sid=50d2ac&_nc_ohc=0dM51A4Ta0IQ7kNvgHbQnTs&_nc_ht=scontent.flis5-4.fna&_nc_gid=Azd4x-HNMubaF8rZq5XNP1L&oh=00_AYBmtQwiPOu-5gL2DV3gJXNPrgXNlSs5q9dc0nHDv_WBNg&oe=66FA8EAE","https://www.facebook.com/nizar.setia.3",,"Menyala bos ku","0"
"Sticker",,,,,"1","83","1","1","1037012891501319","128","https://scontent.fybz1-1.fna.fbcdn.net/v/t39.1997-6/458751628_1037012894834652_8599247614032856577_n.png?stp=dst-png_s168x128&_nc_cat=109&ccb=1-7&_nc_sid=23dd7b&_nc_ohc=REF12pNsIWsQ7kNvgFcwpZa&_nc_ht=scontent.fybz1-1.fna&_nc_gid=AGt705wwd1rooYtxkhV1CkI&oh=00_AYC6-z2Ng2XO_Nj-fZR3QUiCdx3ZX9Oz9HyZts5YawgPZA&oe=66FA7AF8","128","",,,,,,,,,"https://www.facebook.com/antonsulaiman95/posts/pfbid02WsHWvqcnuYWAA8AkLxnHX1LcT9Dx23d4sz4D6rf3B9TU5yC1R4jnoTnZQFSPLZxTl?comment_id=871072647956788",,,,,,,,,,,,,,,,,,,,,,,,,,,,,,,,,,,,,"2024-09-19T00:19:35.000Z","2915391425274474","https://www.facebook.com/antonsulaiman95/posts/pfbid02WsHWvqcnuYWAA8AkLxnHX1LcT9Dx23d4sz4D6rf3B9TU5yC1R4jnoTnZQFSPLZxTl","ZmVlZGJhY2s6MjkxNTM5MTQyNTI3NDQ3NF84NzEwNzI2NDc5NTY3ODg=","Y29tbWVudDoyOTE1MzkxNDI1Mjc0NDc0Xzg3MTA3MjY0Nzk1Njc4OA==","https://www.facebook.com/antonsulaiman95/posts/pfbid02WsHWvqcnuYWAA8AkLxnHX1LcT9Dx23d4sz4D6rf3B9TU5yC1R4jnoTnZQFSPLZxTl","0","250829661453806","false",,,,,,"Hainan F1

#pariahibrida
#pareputih
#paretahanvirus
#pareberbuahlebat
#benihcitraasia
#bintangasia
#produkinovasianaknegeri
#suksesbersamabintangasia","61558480822422","Jefri Albutuni","https://scontent.fybz1-1.fna.fbcdn.net/v/t39.30808-1/460623531_122142390344282694_8960312905275726761_n.jpg?stp=cp0_dst-jpg_s32x32&_nc_cat=101&ccb=1-7&_nc_sid=50d2ac&_nc_ohc=Qz-XJMNiORkQ7kNvgFiidfC&_nc_ht=scontent.fybz1-1.fna&_nc_gid=AGt705wwd1rooYtxkhV1CkI&oh=00_AYDf8V1vLWXxLHe_S0cXNJ0H0yfQ8zNUl6r3IhnsxMNeGg&oe=66FA7AFC","https://www.facebook.com/people/Jefri-Albutuni/61558480822422/",,,"0"
,,,,,,,,,,,,,,,,,,,,,,"https://www.facebook.com/antonsulaiman95/posts/pfbid02WsHWvqcnuYWAA8AkLxnHX1LcT9Dx23d4sz4D6rf3B9TU5yC1R4jnoTnZQFSPLZxTl?comment_id=1233553147796476",,,,,,,,,,,,,,,,,,,,,,,,,,,,,,,,,,,,,"2024-09-20T01:10:29.000Z","2915391425274474","https://www.facebook.com/antonsulaiman95/posts/pfbid02WsHWvqcnuYWAA8AkLxnHX1LcT9Dx23d4sz4D6rf3B9TU5yC1R4jnoTnZQFSPLZxTl","ZmVlZGJhY2s6MjkxNTM5MTQyNTI3NDQ3NF8xMjMzNTUzMTQ3Nzk2NDc2","Y29tbWVudDoyOTE1MzkxNDI1Mjc0NDc0XzEyMzM1NTMxNDc3OTY0NzY=","https://www.facebook.com/antonsulaiman95/posts/pfbid02WsHWvqcnuYWAA8AkLxnHX1LcT9Dx23d4sz4D6rf3B9TU5yC1R4jnoTnZQFSPLZxTl","0","250829661453806","false",,,,,,"Hainan F1

#pariahibrida
#pareputih
#paretahanvirus
#pareberbuahlebat
#benihcitraasia
#bintangasia
#produkinovasianaknegeri
#suksesbersamabintangasia","100001478012460","Nasir Bintang Asia","https://scontent.fybz1-1.fna.fbcdn.net/v/t39.30808-1/374566524_6652285924830609_4550832743895994737_n.jpg?stp=cp0_dst-jpg_s32x32&_nc_cat=110&ccb=1-7&_nc_sid=50d2ac&_nc_ohc=c6Jv8qfo70cQ7kNvgF9Tap7&_nc_ht=scontent.fybz1-1.fna&_nc_gid=AGt705wwd1rooYtxkhV1CkI&oh=00_AYAvdnthY9dZQ0jz96U5QkGhjYjmpOyE8U_lUEGK_C9uiQ&oe=66FA8549","https://www.facebook.com/nasir.smk2",,"testimoni ton.","0"
,,,,,,,,,,,,,,,,,,,,,,"https://www.facebook.com/antonsulaiman95/posts/pfbid02WsHWvqcnuYWAA8AkLxnHX1LcT9Dx23d4sz4D6rf3B9TU5yC1R4jnoTnZQFSPLZxTl?comment_id=1672688173515248",,,,,,,,,,,,,,,,,,,,,,,,,,,,,,,,,,,,,"2024-09-18T22:14:52.000Z","2915391425274474","https://www.facebook.com/antonsulaiman95/posts/pfbid02WsHWvqcnuYWAA8AkLxnHX1LcT9Dx23d4sz4D6rf3B9TU5yC1R4jnoTnZQFSPLZxTl","ZmVlZGJhY2s6MjkxNTM5MTQyNTI3NDQ3NF8xNjcyNjg4MTczNTE1MjQ4","Y29tbWVudDoyOTE1MzkxNDI1Mjc0NDc0XzE2NzI2ODgxNzM1MTUyNDg=","https://www.facebook.com/antonsulaiman95/posts/pfbid02WsHWvqcnuYWAA8AkLxnHX1LcT9Dx23d4sz4D6rf3B9TU5yC1R4jnoTnZQFSPLZxTl","0","250829661453806","false",,,,,,"Hainan F1

#pariahibrida
#pareputih
#paretahanvirus
#pareberbuahlebat
#benihcitraasia
#bintangasia
#produkinovasianaknegeri
#suksesbersamabintangasia","100007578522755","Renzy Bintangasia","https://scontent.fybz1-1.fna.fbcdn.net/v/t39.30808-1/426012403_3605728109689771_2277782955804277447_n.jpg?stp=cp0_dst-jpg_s32x32&_nc_cat=104&ccb=1-7&_nc_sid=50d2ac&_nc_ohc=eSL7nwrCcoUQ7kNvgGMqEvf&_nc_ht=scontent.fybz1-1.fna&_nc_gid=AGt705wwd1rooYtxkhV1CkI&oh=00_AYBvcpzN9df3JwtVIfHYNqqrmUamMaVwlmGqdLRi8VUd2w&oe=66FA9484","https://www.facebook.com/renzi.prayuda",,"Mantap kali","0"
,,,,,,,,,,,,,,,,,,,,,,"https://www.facebook.com/antonsulaiman95/posts/pfbid02WsHWvqcnuYWAA8AkLxnHX1LcT9Dx23d4sz4D6rf3B9TU5yC1R4jnoTnZQFSPLZxTl?comment_id=1762542537865434","https://www.facebook.com/antonsulaiman95/posts/pfbid02WsHWvqcnuYWAA8AkLxnHX1LcT9Dx23d4sz4D6rf3B9TU5yC1R4jnoTnZQFSPLZxTl?comment_id=1762542537865434&reply_comment_id=828536896102473","1","2024-09-19T02:39:10.000Z","ZmVlZGJhY2s6MjkxNTM5MTQyNTI3NDQ3NF84Mjg1MzY4OTYxMDI0NzM=","Y29tbWVudDoyOTE1MzkxNDI1Mjc0NDc0XzgyODUzNjg5NjEwMjQ3Mw==","0","User","100048275130776","Marlin Dang Lin","Marlin","Y29tbWVudDoyOTE1MzkxNDI1Mjc0NDc0XzE3NjI1NDI1Mzc4NjU0MzQ=","100004109346822","Anton Sulaiman Bintang Asia","https://scontent.fybz1-1.fna.fbcdn.net/v/t39.30808-1/408038176_2702817406531878_9133290973397502973_n.jpg?stp=cp0_dst-jpg_s32x32&_nc_cat=100&ccb=1-7&_nc_sid=50d2ac&_nc_ohc=zjLg74jpOA4Q7kNvgGLCwZo&_nc_ht=scontent.fybz1-1.fna&_nc_gid=AGt705wwd1rooYtxkhV1CkI&oh=00_AYBoHacUfF6tVA9j3JXrpF-Yx8Ni9L5NvoMD54SLN6PT_w&oe=66FA9AC3","https://www.facebook.com/antonsulaiman95","Y29tbWVudDoyOTE1MzkxNDI1Mjc0NDc0XzE3NjI1NDI1Mzc4NjU0MzQ=","Marlin Dang Lin langsung tanya beliau aj boss Erwan Iwan 🙏","1","https://www.facebook.com/antonsulaiman95/posts/pfbid02WsHWvqcnuYWAA8AkLxnHX1LcT9Dx23d4sz4D6rf3B9TU5yC1R4jnoTnZQFSPLZxTl?comment_id=1762542537865434&reply_comment_id=1731134697704908","2024-09-19T04:35:50.000Z","ZmVlZGJhY2s6MjkxNTM5MTQyNTI3NDQ3NF8xNzMxMTM0Njk3NzA0OTA4","Y29tbWVudDoyOTE1MzkxNDI1Mjc0NDc0XzE3MzExMzQ2OTc3MDQ5MDg=","0","User","100048275130776","Marlin Dang Lin","Marlin","Y29tbWVudDoyOTE1MzkxNDI1Mjc0NDc0XzE3NjI1NDI1Mzc4NjU0MzQ=","100048275130776","Marlin Dang Lin","https://scontent.fybz1-1.fna.fbcdn.net/v/t1.6435-1/88015789_100526718233166_5721694185497559040_n.jpg?stp=cp0_dst-jpg_s32x32&_nc_cat=110&ccb=1-7&_nc_sid=50d2ac&_nc_ohc=FJgHJK9F5k4Q7kNvgEFovE7&_nc_ht=scontent.fybz1-1.fna&_nc_gid=AGt705wwd1rooYtxkhV1CkI&oh=00_AYDYdt5L06IxeN6oVw54YsfyIhyIlKrnFogK7_AzpF1XLw&oe=671C1499","https://www.facebook.com/marlin.danglin","Y29tbWVudDoyOTE1MzkxNDI1Mjc0NDc0XzE3NjI1NDI1Mzc4NjU0MzQ=","Anton Sulaiman Bintang Asia krm no wa ny bos.","2","2","2024-09-19T01:12:00.000Z","2915391425274474","https://www.facebook.com/antonsulaiman95/posts/pfbid02WsHWvqcnuYWAA8AkLxnHX1LcT9Dx23d4sz4D6rf3B9TU5yC1R4jnoTnZQFSPLZxTl","ZmVlZGJhY2s6MjkxNTM5MTQyNTI3NDQ3NF8xNzYyNTQyNTM3ODY1NDM0","Y29tbWVudDoyOTE1MzkxNDI1Mjc0NDc0XzE3NjI1NDI1Mzc4NjU0MzQ=","https://www.facebook.com/antonsulaiman95/posts/pfbid02WsHWvqcnuYWAA8AkLxnHX1LcT9Dx23d4sz4D6rf3B9TU5yC1R4jnoTnZQFSPLZxTl","0","250829661453806","false",,,,,,"Hainan F1

#pariahibrida
#pareputih
#paretahanvirus
#pareberbuahlebat
#benihcitraasia
#bintangasia
#produkinovasianaknegeri
#suksesbersamabintangasia","100048275130776","Marlin Dang Lin","https://scontent.fybz1-1.fna.fbcdn.net/v/t1.6435-1/88015789_100526718233166_5721694185497559040_n.jpg?stp=cp0_dst-jpg_s32x32&_nc_cat=110&ccb=1-7&_nc_sid=50d2ac&_nc_ohc=FJgHJK9F5k4Q7kNvgEFovE7&_nc_ht=scontent.fybz1-1.fna&_nc_gid=AGt705wwd1rooYtxkhV1CkI&oh=00_AYDYdt5L06IxeN6oVw54YsfyIhyIlKrnFogK7_AzpF1XLw&oe=671C1499","https://www.facebook.com/marlin.danglin",,"Brp nota bro?","0"
,,,,,,,,,,,,,,,,,,,,,,"https://www.facebook.com/antonsulaiman95/posts/pfbid02WsHWvqcnuYWAA8AkLxnHX1LcT9Dx23d4sz4D6rf3B9TU5yC1R4jnoTnZQFSPLZxTl?comment_id=1066905041618825",,,,,,,,,,,,,,,,,,,,,,,,,,,,,,,,,,,,,"2024-09-19T02:52:15.000Z","2915391425274474","https://www.facebook.com/antonsulaiman95/posts/pfbid02WsHWvqcnuYWAA8AkLxnHX1LcT9Dx23d4sz4D6rf3B9TU5yC1R4jnoTnZQFSPLZxTl","ZmVlZGJhY2s6MjkxNTM5MTQyNTI3NDQ3NF8xMDY2OTA1MDQxNjE4ODI1","Y29tbWVudDoyOTE1MzkxNDI1Mjc0NDc0XzEwNjY5MDUwNDE2MTg4MjU=","https://www.facebook.com/antonsulaiman95/posts/pfbid02WsHWvqcnuYWAA8AkLxnHX1LcT9Dx23d4sz4D6rf3B9TU5yC1R4jnoTnZQFSPLZxTl","0","250829661453806","false",,,,,,"Hainan F1

#pariahibrida
#pareputih
#paretahanvirus
#pareberbuahlebat
#benihcitraasia
#bintangasia
#produkinovasianaknegeri
#suksesbersamabintangasia","100077683452277","Darwan Sayur","https://scontent.fybz1-1.fna.fbcdn.net/v/t39.30808-1/433444129_439088062023972_3124502688111612413_n.jpg?stp=c0.0.940.940a_cp0_dst-jpg_s32x32&_nc_cat=100&ccb=1-7&_nc_sid=50d2ac&_nc_ohc=RrpMZWrdtkwQ7kNvgHIcq_r&_nc_ht=scontent.fybz1-1.fna&_nc_gid=AGt705wwd1rooYtxkhV1CkI&oh=00_AYCPV2lTjPcqgATlGyXr01hLkm4a8a4K3ePlsBFVxwcCtA&oe=66FA8532","https://www.facebook.com/people/Darwan-Sayur/100077683452277/",,"Uhui","0"
,,,,,,,,,,,,,,,,,,,,,,"https://www.facebook.com/antonsulaiman95/posts/pfbid0EM5QEcqGzBY8Y5P5hXKJwys774kkE51MdkVd1CMHgAsV8EbGzGWLx4G4T4dgZXFAl?comment_id=1613837982889443",,,,,,,,,,,,,,,,,,,,,,,,,,,,,,,,,,,,,"2024-09-17T12:24:08.000Z","2914292605384356","https://www.facebook.com/antonsulaiman95/posts/pfbid0EM5QEcqGzBY8Y5P5hXKJwys774kkE51MdkVd1CMHgAsV8EbGzGWLx4G4T4dgZXFAl","ZmVlZGJhY2s6MjkxNDI5MjYwNTM4NDM1Nl8xNjEzODM3OTgyODg5NDQz","Y29tbWVudDoyOTE0MjkyNjA1Mzg0MzU2XzE2MTM4Mzc5ODI4ODk0NDM=","https://www.facebook.com/antonsulaiman95/posts/pfbid0EM5QEcqGzBY8Y5P5hXKJwys774kkE51MdkVd1CMHgAsV8EbGzGWLx4G4T4dgZXFAl","1","250829661453806","false",,,,,,"#fypsorotan#fypbintangasia#fypviral","pfbid02GuVXS4Fw3oKP2zYtXFPNkvTaGyhFpAJ3nr6UaxP1BRjxRFRzmMbSR4utQRy1wo6fl","Marno Bintang Asia","https://scontent-bos5-1.xx.fbcdn.net/v/t39.30808-1/455136457_122167916780223806_7361141019333214911_n.jpg?stp=cp0_dst-jpg_s32x32&_nc_cat=106&ccb=1-7&_nc_sid=0ecb9b&_nc_ohc=M-7R-xOWndkQ7kNvgH8R4C4&_nc_ht=scontent-bos5-1.xx&_nc_gid=Ac80fxb6OIYafrHfEJSHT6J&oh=00_AYCVrB7xTcE_V80tQPb4lMyocwYUGTZHLaMgCnSNtd0EgA&oe=66FA974F","https://www.facebook.com/people/Marno-Bintang-Asia/pfbid02GuVXS4Fw3oKP2zYtXFPNkvTaGyhFpAJ3nr6UaxP1BRjxRFRzmMbSR4utQRy1wo6fl/",,"Kemas F1 mantap mas","0"
,,,,,,,,,,,,,,,,,,,,,,"https://www.facebook.com/antonsulaiman95/posts/pfbid0EM5QEcqGzBY8Y5P5hXKJwys774kkE51MdkVd1CMHgAsV8EbGzGWLx4G4T4dgZXFAl?comment_id=1060472025531364",,,,,,,,,,,,,,,,,,,,,,,,,,,,,,,,,,,,,"2024-09-17T12:49:41.000Z","2914292605384356","https://www.facebook.com/antonsulaiman95/posts/pfbid0EM5QEcqGzBY8Y5P5hXKJwys774kkE51MdkVd1CMHgAsV8EbGzGWLx4G4T4dgZXFAl","ZmVlZGJhY2s6MjkxNDI5MjYwNTM4NDM1Nl8xMDYwNDcyMDI1NTMxMzY0","Y29tbWVudDoyOTE0MjkyNjA1Mzg0MzU2XzEwNjA0NzIwMjU1MzEzNjQ=","https://www.facebook.com/antonsulaiman95/posts/pfbid0EM5QEcqGzBY8Y5P5hXKJwys774kkE51MdkVd1CMHgAsV8EbGzGWLx4G4T4dgZXFAl","0","250829661453806","false",,,,,,"#fypsorotan#fypbintangasia#fypviral","100007578522755","Renzy Bintangasia","https://scontent-bos5-1.xx.fbcdn.net/v/t39.30808-1/426012403_3605728109689771_2277782955804277447_n.jpg?stp=cp0_dst-jpg_s32x32&_nc_cat=104&ccb=1-7&_nc_sid=50d2ac&_nc_ohc=eSL7nwrCcoUQ7kNvgElRf6F&_nc_ht=scontent-bos5-1.xx&_nc_gid=Ac80fxb6OIYafrHfEJSHT6J&oh=00_AYAKkQcVYVo8BUF6jUhDvjEOfMsQP5fx0GlPwvnrsTD-Uw&oe=66FA9484","https://www.facebook.com/renzi.prayuda",,"Mantap bos","0"
,,,,,,,,,,,,,,,,,,,,,,"https://www.facebook.com/antonsulaiman95/posts/pfbid0EM5QEcqGzBY8Y5P5hXKJwys774kkE51MdkVd1CMHgAsV8EbGzGWLx4G4T4dgZXFAl?comment_id=1085632049745822",,,,,,,,,,,,,,,,,,,,,,,,,,,,,,,,,,,,"5","2024-09-17T11:58:25.000Z","2914292605384356","https://www.facebook.com/antonsulaiman95/posts/pfbid0EM5QEcqGzBY8Y5P5hXKJwys774kkE51MdkVd1CMHgAsV8EbGzGWLx4G4T4dgZXFAl","ZmVlZGJhY2s6MjkxNDI5MjYwNTM4NDM1Nl8xMDg1NjMyMDQ5NzQ1ODIy","Y29tbWVudDoyOTE0MjkyNjA1Mzg0MzU2XzEwODU2MzIwNDk3NDU4MjI=","https://www.facebook.com/antonsulaiman95/posts/pfbid0EM5QEcqGzBY8Y5P5hXKJwys774kkE51MdkVd1CMHgAsV8EbGzGWLx4G4T4dgZXFAl","0","250829661453806","false",,,,,,"#fypsorotan#fypbintangasia#fypviral","pfbid029Mn79mHE99H5AfMbB6jwn9sHUMLrabyAd7npPbQkWJ4oA6er8X9UtS1HUbE11mh3l","Hajar Kholik","https://scontent-bos5-1.xx.fbcdn.net/v/t1.6435-1/71493306_101392541273542_2521883635183779840_n.jpg?stp=c0.0.768.768a_cp0_dst-jpg_s32x32&_nc_cat=105&ccb=1-7&_nc_sid=0ecb9b&_nc_ohc=vSI6dWdLgPYQ7kNvgHpTKV4&_nc_ht=scontent-bos5-1.xx&_nc_gid=Ac80fxb6OIYafrHfEJSHT6J&oh=00_AYD8Fb1Wo1k3ytYUs6O7zfwmPbj4GaQpWWCAAOGJV6-3Dg&oe=671C457F","https://www.facebook.com/hajar.kholik.9",,"Punya siapa itu mas?
Bagus kayaknya mas","0"
,,,,,,,,,,,,,,,,,,,,,,"https://www.facebook.com/antonsulaiman95/posts/pfbid0EM5QEcqGzBY8Y5P5hXKJwys774kkE51MdkVd1CMHgAsV8EbGzGWLx4G4T4dgZXFAl?comment_id=1493199541341670",,,,,,,,,,,,,,,,,,,,,,,,,,,,,,,,,,,,"2","2024-09-17T13:24:53.000Z","2914292605384356","https://www.facebook.com/antonsulaiman95/posts/pfbid0EM5QEcqGzBY8Y5P5hXKJwys774kkE51MdkVd1CMHgAsV8EbGzGWLx4G4T4dgZXFAl","ZmVlZGJhY2s6MjkxNDI5MjYwNTM4NDM1Nl8xNDkzMTk5NTQxMzQxNjcw","Y29tbWVudDoyOTE0MjkyNjA1Mzg0MzU2XzE0OTMxOTk1NDEzNDE2NzA=","https://www.facebook.com/antonsulaiman95/posts/pfbid0EM5QEcqGzBY8Y5P5hXKJwys774kkE51MdkVd1CMHgAsV8EbGzGWLx4G4T4dgZXFAl","0","250829661453806","false",,,,,,"#fypsorotan#fypbintangasia#fypviral","100049109925327","Riadi Bkl","https://scontent-bos5-1.xx.fbcdn.net/v/t39.30808-1/439509078_1034549094858745_311641635765216132_n.jpg?stp=c0.0.720.720a_cp0_dst-jpg_s32x32&_nc_cat=108&ccb=1-7&_nc_sid=50d2ac&_nc_ohc=FXHEjgWr70UQ7kNvgFxang_&_nc_ht=scontent-bos5-1.xx&_nc_gid=Ac80fxb6OIYafrHfEJSHT6J&oh=00_AYBAqkxFyc4onCVtm-2yYrfOvJIo-7sHE8cEH96-YTdxCw&oe=66FA820A","https://www.facebook.com/riadi.bkl.5",,"Mantep melon nya ,mas daerah mana itu mas","0"
,,,,,,,,,,,,,,,,,,,,,,"https://www.facebook.com/antonsulaiman95/posts/pfbid0EM5QEcqGzBY8Y5P5hXKJwys774kkE51MdkVd1CMHgAsV8EbGzGWLx4G4T4dgZXFAl?comment_id=1493199541341670&reply_comment_id=1599583150995535",,,,,,,,,,,,,,,,,,,,,,,,,,,,,,,,,,,,,"2024-09-17T13:51:13.000Z","2914292605384356","https://www.facebook.com/antonsulaiman95/posts/pfbid0EM5QEcqGzBY8Y5P5hXKJwys774kkE51MdkVd1CMHgAsV8EbGzGWLx4G4T4dgZXFAl","ZmVlZGJhY2s6MjkxNDI5MjYwNTM4NDM1Nl8xNTk5NTgzMTUwOTk1NTM1","Y29tbWVudDoyOTE0MjkyNjA1Mzg0MzU2XzE1OTk1ODMxNTA5OTU1MzU=","https://www.facebook.com/antonsulaiman95/posts/pfbid0EM5QEcqGzBY8Y5P5hXKJwys774kkE51MdkVd1CMHgAsV8EbGzGWLx4G4T4dgZXFAl","0","250829661453806","false","User","100049109925327","Riadi Bkl","Riadi","Y29tbWVudDoyOTE0MjkyNjA1Mzg0MzU2XzE0OTMxOTk1NDEzNDE2NzA=","#fypsorotan#fypbintangasia#fypviral","100004109346822","Anton Sulaiman Bintang Asia","https://scontent-lax3-2.xx.fbcdn.net/v/t39.30808-1/408038176_2702817406531878_9133290973397502973_n.jpg?stp=cp0_dst-jpg_s32x32&_nc_cat=100&ccb=1-7&_nc_sid=50d2ac&_nc_ohc=zjLg74jpOA4Q7kNvgECsENf&_nc_ht=scontent-lax3-2.xx&_nc_gid=Anq6XcNS4aBkEkwFBfXF4rN&oh=00_AYBD9Wo5_5GY22SNx1NuLU9tBZBTeMOSz0HmBBoyHrr3oQ&oe=66FA9AC3","https://www.facebook.com/antonsulaiman95","Y29tbWVudDoyOTE0MjkyNjA1Mzg0MzU2XzE0OTMxOTk1NDEzNDE2NzA=","Riadi Bkl lampung mas","1"
"Sticker",,,,,"1","83","1","1","1299637528048556","120","https://scontent-lax3-1.xx.fbcdn.net/v/t39.1997-6/415733498_310994171288216_5707907734879424570_n.webp?_nc_cat=108&ccb=1-7&_nc_sid=878c43&_nc_ohc=FCC0dicl7AEQ7kNvgGlNkhz&_nc_ht=scontent-lax3-1.xx&_nc_gid=Anq6XcNS4aBkEkwFBfXF4rN&oh=00_AYA-QK-9Ow4KKM-CQ7M4wZxQk-yH5FiccBCsgHNL0kuOMQ&oe=66FA75C5","120","Avatar is smiling broadly and giving two thumbs up.",,,,,,,,,"https://www.facebook.com/antonsulaiman95/posts/pfbid0EM5QEcqGzBY8Y5P5hXKJwys774kkE51MdkVd1CMHgAsV8EbGzGWLx4G4T4dgZXFAl?comment_id=1493199541341670&reply_comment_id=535665798832775",,,,,,,,,,,,,,,,,,,,,,,,,,,,,,,,,,,,,"2024-09-17T14:19:49.000Z","2914292605384356","https://www.facebook.com/antonsulaiman95/posts/pfbid0EM5QEcqGzBY8Y5P5hXKJwys774kkE51MdkVd1CMHgAsV8EbGzGWLx4G4T4dgZXFAl","ZmVlZGJhY2s6MjkxNDI5MjYwNTM4NDM1Nl81MzU2NjU3OTg4MzI3NzU=","Y29tbWVudDoyOTE0MjkyNjA1Mzg0MzU2XzUzNTY2NTc5ODgzMjc3NQ==","https://www.facebook.com/antonsulaiman95/posts/pfbid0EM5QEcqGzBY8Y5P5hXKJwys774kkE51MdkVd1CMHgAsV8EbGzGWLx4G4T4dgZXFAl","0","250829661453806","false","User","100049109925327","Riadi Bkl","Riadi","Y29tbWVudDoyOTE0MjkyNjA1Mzg0MzU2XzE0OTMxOTk1NDEzNDE2NzA=","#fypsorotan#fypbintangasia#fypviral","100049109925327","Riadi Bkl","https://scontent-lax3-1.xx.fbcdn.net/v/t39.30808-1/439509078_1034549094858745_311641635765216132_n.jpg?stp=c0.0.720.720a_cp0_dst-jpg_s32x32&_nc_cat=108&ccb=1-7&_nc_sid=50d2ac&_nc_ohc=FXHEjgWr70UQ7kNvgGZSWbp&_nc_ht=scontent-lax3-1.xx&_nc_gid=Anq6XcNS4aBkEkwFBfXF4rN&oh=00_AYAiu1X8INTfcrkedxXCo4DZnnf6-Ivi5l1wa3Ls9vtFew&oe=66FA820A","https://www.facebook.com/riadi.bkl.5","Y29tbWVudDoyOTE0MjkyNjA1Mzg0MzU2XzE0OTMxOTk1NDEzNDE2NzA=","Anton Sulaiman Bintang Asia","1"
,,,,,,,,,,,,,,,,,,,,,,"https://www.facebook.com/antonsulaiman95/posts/pfbid0EM5QEcqGzBY8Y5P5hXKJwys774kkE51MdkVd1CMHgAsV8EbGzGWLx4G4T4dgZXFAl?comment_id=1085632049745822&reply_comment_id=428768683062127",,,,,,,,,,,,,,,,,,,,,,,,,,,,,,,,,,,,"1","2024-09-17T12:00:15.000Z","2914292605384356","https://www.facebook.com/antonsulaiman95/posts/pfbid0EM5QEcqGzBY8Y5P5hXKJwys774kkE51MdkVd1CMHgAsV8EbGzGWLx4G4T4dgZXFAl","ZmVlZGJhY2s6MjkxNDI5MjYwNTM4NDM1Nl80Mjg3Njg2ODMwNjIxMjc=","Y29tbWVudDoyOTE0MjkyNjA1Mzg0MzU2XzQyODc2ODY4MzA2MjEyNw==","https://www.facebook.com/antonsulaiman95/posts/pfbid0EM5QEcqGzBY8Y5P5hXKJwys774kkE51MdkVd1CMHgAsV8EbGzGWLx4G4T4dgZXFAl","1","250829661453806","false","User","pfbid029Mn79mHE99H5AfMbB6jwn9sHUMLrabyAd7npPbQkWJ4oA6er8X9UtS1HUbE11mh3l","Hajar Kholik","Hajar","Y29tbWVudDoyOTE0MjkyNjA1Mzg0MzU2XzEwODU2MzIwNDk3NDU4MjI=","#fypsorotan#fypbintangasia#fypviral","100004109346822","Anton Sulaiman Bintang Asia","https://scontent.fpos10-1.fna.fbcdn.net/v/t39.30808-1/408038176_2702817406531878_9133290973397502973_n.jpg?stp=cp0_dst-jpg_s32x32&_nc_cat=100&ccb=1-7&_nc_sid=50d2ac&_nc_ohc=zjLg74jpOA4Q7kNvgHnc3TX&_nc_ht=scontent.fpos10-1.fna&_nc_gid=ARtp3aWXXHbKBN0RRh6FLx8&oh=00_AYCtJ-PoEs_JhVeMuecfNJ-zWqjUWW2Wl3eY2szf1NXp2g&oe=66FA9AC3","https://www.facebook.com/antonsulaiman95","Y29tbWVudDoyOTE0MjkyNjA1Mzg0MzU2XzEwODU2MzIwNDk3NDU4MjI=","Hajar Kholik kawan di lampung mas","1"
,,,,,,,,,,,,,,,,,,,,,,"https://www.facebook.com/antonsulaiman95/posts/pfbid0EM5QEcqGzBY8Y5P5hXKJwys774kkE51MdkVd1CMHgAsV8EbGzGWLx4G4T4dgZXFAl?comment_id=1085632049745822&reply_comment_id=1057510202756508",,,,,,,,,,,,,,,,,,,,,,,,,,,,,,,,,,,,"2","2024-09-17T12:01:05.000Z","2914292605384356","https://www.facebook.com/antonsulaiman95/posts/pfbid0EM5QEcqGzBY8Y5P5hXKJwys774kkE51MdkVd1CMHgAsV8EbGzGWLx4G4T4dgZXFAl","ZmVlZGJhY2s6MjkxNDI5MjYwNTM4NDM1Nl8xMDU3NTEwMjAyNzU2NTA4","Y29tbWVudDoyOTE0MjkyNjA1Mzg0MzU2XzEwNTc1MTAyMDI3NTY1MDg=","https://www.facebook.com/antonsulaiman95/posts/pfbid0EM5QEcqGzBY8Y5P5hXKJwys774kkE51MdkVd1CMHgAsV8EbGzGWLx4G4T4dgZXFAl","1","250829661453806","false","User","pfbid029Mn79mHE99H5AfMbB6jwn9sHUMLrabyAd7npPbQkWJ4oA6er8X9UtS1HUbE11mh3l","Hajar Kholik","Hajar","Y29tbWVudDoyOTE0MjkyNjA1Mzg0MzU2XzEwODU2MzIwNDk3NDU4MjI=","#fypsorotan#fypbintangasia#fypviral","100004109346822","Anton Sulaiman Bintang Asia","https://scontent.fpos10-1.fna.fbcdn.net/v/t39.30808-1/408038176_2702817406531878_9133290973397502973_n.jpg?stp=cp0_dst-jpg_s32x32&_nc_cat=100&ccb=1-7&_nc_sid=50d2ac&_nc_ohc=zjLg74jpOA4Q7kNvgHnc3TX&_nc_ht=scontent.fpos10-1.fna&_nc_gid=ARtp3aWXXHbKBN0RRh6FLx8&oh=00_AYCtJ-PoEs_JhVeMuecfNJ-zWqjUWW2Wl3eY2szf1NXp2g&oe=66FA9AC3","https://www.facebook.com/antonsulaiman95","Y29tbWVudDoyOTE0MjkyNjA1Mzg0MzU2XzEwODU2MzIwNDk3NDU4MjI=","Hajar Kholik kemas f1 di tanjung raman gak kalah bagus juga mas 😁👍👍","1"
,,,,,,,,,,,,,,,,,,,,,,"https://www.facebook.com/antonsulaiman95/posts/pfbid0EM5QEcqGzBY8Y5P5hXKJwys774kkE51MdkVd1CMHgAsV8EbGzGWLx4G4T4dgZXFAl?comment_id=1085632049745822&reply_comment_id=1450976216293041",,,,,,,,,,,,,,,,,,,,,,,,,,,,,,,,,,,,,"2024-09-17T12:01:11.000Z","2914292605384356","https://www.facebook.com/antonsulaiman95/posts/pfbid0EM5QEcqGzBY8Y5P5hXKJwys774kkE51MdkVd1CMHgAsV8EbGzGWLx4G4T4dgZXFAl","ZmVlZGJhY2s6MjkxNDI5MjYwNTM4NDM1Nl8xNDUwOTc2MjE2MjkzMDQx","Y29tbWVudDoyOTE0MjkyNjA1Mzg0MzU2XzE0NTA5NzYyMTYyOTMwNDE=","https://www.facebook.com/antonsulaiman95/posts/pfbid0EM5QEcqGzBY8Y5P5hXKJwys774kkE51MdkVd1CMHgAsV8EbGzGWLx4G4T4dgZXFAl","0","250829661453806","false","User","pfbid029Mn79mHE99H5AfMbB6jwn9sHUMLrabyAd7npPbQkWJ4oA6er8X9UtS1HUbE11mh3l","Hajar Kholik","Hajar","Y29tbWVudDoyOTE0MjkyNjA1Mzg0MzU2XzEwODU2MzIwNDk3NDU4MjI=","#fypsorotan#fypbintangasia#fypviral","pfbid029Mn79mHE99H5AfMbB6jwn9sHUMLrabyAd7npPbQkWJ4oA6er8X9UtS1HUbE11mh3l","Hajar Kholik","https://scontent.fpos10-1.fna.fbcdn.net/v/t1.6435-1/71493306_101392541273542_2521883635183779840_n.jpg?stp=c0.0.768.768a_cp0_dst-jpg_s32x32&_nc_cat=105&ccb=1-7&_nc_sid=0ecb9b&_nc_ohc=vSI6dWdLgPYQ7kNvgH-madV&_nc_ht=scontent.fpos10-1.fna&_nc_gid=ARtp3aWXXHbKBN0RRh6FLx8&oh=00_AYD5ymo-Tgz8KOVNxpO7N57JvTS1jIsJoff3l3S9Z_HtPw&oe=671C457F","https://www.facebook.com/hajar.kholik.9","Y29tbWVudDoyOTE0MjkyNjA1Mzg0MzU2XzEwODU2MzIwNDk3NDU4MjI=","Anton Sulaiman Bintang Asia usia 63 bisa dipanen itu?","2"
,,,,,,,,,,,,,,,,,,,,,,"https://www.facebook.com/antonsulaiman95/posts/pfbid0EM5QEcqGzBY8Y5P5hXKJwys774kkE51MdkVd1CMHgAsV8EbGzGWLx4G4T4dgZXFAl?comment_id=1085632049745822&reply_comment_id=484109117776560",,,,,,,,,,,,,,,,,,,,,,,,,,,,,,,,,,,,,"2024-09-17T12:42:32.000Z","2914292605384356","https://www.facebook.com/antonsulaiman95/posts/pfbid0EM5QEcqGzBY8Y5P5hXKJwys774kkE51MdkVd1CMHgAsV8EbGzGWLx4G4T4dgZXFAl","ZmVlZGJhY2s6MjkxNDI5MjYwNTM4NDM1Nl80ODQxMDkxMTc3NzY1NjA=","Y29tbWVudDoyOTE0MjkyNjA1Mzg0MzU2XzQ4NDEwOTExNzc3NjU2MA==","https://www.facebook.com/antonsulaiman95/posts/pfbid0EM5QEcqGzBY8Y5P5hXKJwys774kkE51MdkVd1CMHgAsV8EbGzGWLx4G4T4dgZXFAl","0","250829661453806","false","User","pfbid029Mn79mHE99H5AfMbB6jwn9sHUMLrabyAd7npPbQkWJ4oA6er8X9UtS1HUbE11mh3l","Hajar Kholik","Hajar","Y29tbWVudDoyOTE0MjkyNjA1Mzg0MzU2XzEwODU2MzIwNDk3NDU4MjI=","#fypsorotan#fypbintangasia#fypviral","pfbid029Mn79mHE99H5AfMbB6jwn9sHUMLrabyAd7npPbQkWJ4oA6er8X9UtS1HUbE11mh3l","Hajar Kholik","https://scontent.fpos10-1.fna.fbcdn.net/v/t1.6435-1/71493306_101392541273542_2521883635183779840_n.jpg?stp=c0.0.768.768a_cp0_dst-jpg_s32x32&_nc_cat=105&ccb=1-7&_nc_sid=0ecb9b&_nc_ohc=vSI6dWdLgPYQ7kNvgH-madV&_nc_ht=scontent.fpos10-1.fna&_nc_gid=ARtp3aWXXHbKBN0RRh6FLx8&oh=00_AYD5ymo-Tgz8KOVNxpO7N57JvTS1jIsJoff3l3S9Z_HtPw&oe=671C457F","https://www.facebook.com/hajar.kholik.9","Y29tbWVudDoyOTE0MjkyNjA1Mzg0MzU2XzEwODU2MzIwNDk3NDU4MjI=","Anton Sulaiman Bintang Asia alhamdulillah..😊.
Jadi usia berapa bisa dipanen boomer dan kemas itu mas?","2"
,,,,,,,,,,,,,,,,,,,,,,"https://www.facebook.com/antonsulaiman95/posts/pfbid0EM5QEcqGzBY8Y5P5hXKJwys774kkE51MdkVd1CMHgAsV8EbGzGWLx4G4T4dgZXFAl?comment_id=1085632049745822&reply_comment_id=1270824947603002",,,,,,,,,,,,,,,,,,,,,,,,,,,,,,,,,,,,,"2024-09-17T13:49:29.000Z","2914292605384356","https://www.facebook.com/antonsulaiman95/posts/pfbid0EM5QEcqGzBY8Y5P5hXKJwys774kkE51MdkVd1CMHgAsV8EbGzGWLx4G4T4dgZXFAl","ZmVlZGJhY2s6MjkxNDI5MjYwNTM4NDM1Nl8xMjcwODI0OTQ3NjAzMDAy","Y29tbWVudDoyOTE0MjkyNjA1Mzg0MzU2XzEyNzA4MjQ5NDc2MDMwMDI=","https://www.facebook.com/antonsulaiman95/posts/pfbid0EM5QEcqGzBY8Y5P5hXKJwys774kkE51MdkVd1CMHgAsV8EbGzGWLx4G4T4dgZXFAl","0","250829661453806","false","User","pfbid029Mn79mHE99H5AfMbB6jwn9sHUMLrabyAd7npPbQkWJ4oA6er8X9UtS1HUbE11mh3l","Hajar Kholik","Hajar","Y29tbWVudDoyOTE0MjkyNjA1Mzg0MzU2XzEwODU2MzIwNDk3NDU4MjI=","#fypsorotan#fypbintangasia#fypviral","100004109346822","Anton Sulaiman Bintang Asia","https://scontent.fpos10-1.fna.fbcdn.net/v/t39.30808-1/408038176_2702817406531878_9133290973397502973_n.jpg?stp=cp0_dst-jpg_s32x32&_nc_cat=100&ccb=1-7&_nc_sid=50d2ac&_nc_ohc=zjLg74jpOA4Q7kNvgHnc3TX&_nc_ht=scontent.fpos10-1.fna&_nc_gid=ARtp3aWXXHbKBN0RRh6FLx8&oh=00_AYCtJ-PoEs_JhVeMuecfNJ-zWqjUWW2Wl3eY2szf1NXp2g&oe=66FA9AC3","https://www.facebook.com/antonsulaiman95","Y29tbWVudDoyOTE0MjkyNjA1Mzg0MzU2XzEwODU2MzIwNDk3NDU4MjI=","Hajar Kholik 65hst mas","2"
"Sticker",,"https://scontent.fvno7-1.fna.fbcdn.net/v/t39.1997-6/68894373_1459627387495333_5835456569109643264_n.webp?stp=dst-webp_s110x80&_nc_cat=1&ccb=1-7&_nc_sid=ba09c1&_nc_ohc=-nydXbZ2AtMQ7kNvgE8wayX&_nc_ht=scontent.fvno7-1.fna&_nc_gid=AhFcOIkYbWeDEh6vUDLjcfM&oh=00_AYD72vV9fUvDMCSS4-_3qIeuFPFWVaovr1s7qkCPRJCYPw&oe=66FA9EE3",,,"14","100","4","4","514561552001926","80","https://scontent.fvno7-1.fna.fbcdn.net/v/t39.1997-6/69142452_1459627590828646_6160083988481310720_n.png?stp=cp0_dst-png_s110x80&_nc_cat=1&ccb=1-7&_nc_sid=23dd7b&_nc_ohc=7ju8A1NkfPwQ7kNvgE7Lkh5&_nc_ht=scontent.fvno7-1.fna&_nc_gid=AhFcOIkYbWeDEh6vUDLjcfM&oh=00_AYAxBqopwjU2ir3Mz7gZM15X14NCXfeyzSz6x4nLRViWKA&oe=66FA94D1","80","Business fish, a person with a pink fish head wearing a suit and tie, giving a large thumbs up with their right hand and saying good",,,,,"493674027424012","Executive Business Fish",,"https://scontent.fvno7-1.fna.fbcdn.net/v/t39.1997-6/68866962_1459627384162000_4858367271799619584_n.png?stp=dst-png_p320x320&_nc_cat=1&ccb=1-7&_nc_sid=ba09c1&_nc_ohc=I9fY6gVDWVUQ7kNvgFluOEX&_nc_ht=scontent.fvno7-1.fna&_nc_gid=AhFcOIkYbWeDEh6vUDLjcfM&oh=00_AYCYmkhDbDJ9Ay-FZDchyDThDjVqHe8Ik-yJ3R8qtnjm1w&oe=66FA8248","https://www.facebook.com/antonsulaiman95/posts/pfbid02fqzthvZ7Y4YaZ3XZvVauDgJPGQeT9QjyNsJW5GyMt3Y963Boy9mdbSrpHSZ4ETCil?comment_id=519297077386070",,,,,,,,,,,,,,,,,,,,,,,,,,,,,,,,,,,,,"2024-09-24T16:01:46.000Z","2921943391285944","https://www.facebook.com/antonsulaiman95/posts/pfbid02fqzthvZ7Y4YaZ3XZvVauDgJPGQeT9QjyNsJW5GyMt3Y963Boy9mdbSrpHSZ4ETCil","ZmVlZGJhY2s6MjkyMTk0MzM5MTI4NTk0NF81MTkyOTcwNzczODYwNzA=","Y29tbWVudDoyOTIxOTQzMzkxMjg1OTQ0XzUxOTI5NzA3NzM4NjA3MA==","https://www.facebook.com/antonsulaiman95/posts/pfbid02fqzthvZ7Y4YaZ3XZvVauDgJPGQeT9QjyNsJW5GyMt3Y963Boy9mdbSrpHSZ4ETCil","0","250829661453806","false",,,,,,"Selamat Hari Tani Nasional.
🌶🌶 CKTAV 8 F1 🌶🌶

#benihcitraasia
#bintangasia","100004825651478","NiZar Bintang Asia","https://scontent.fvno7-1.fna.fbcdn.net/v/t39.30808-1/438276089_2611594555678041_6997404202785061953_n.jpg?stp=cp0_dst-jpg_p32x32&_nc_cat=111&ccb=1-7&_nc_sid=50d2ac&_nc_ohc=0dM51A4Ta0IQ7kNvgE8NFiN&_nc_ht=scontent.fvno7-1.fna&_nc_gid=AhFcOIkYbWeDEh6vUDLjcfM&oh=00_AYBub28qYPhyTUTwEywwbzGC26hrtl5mVgp9v3XHJO6tmA&oe=66FA8EAE","https://www.facebook.com/nizar.setia.3",,,"0"
,,,,,,,,,,,,,,,,,,,,,,"https://www.facebook.com/antonsulaiman95/posts/pfbid02fqzthvZ7Y4YaZ3XZvVauDgJPGQeT9QjyNsJW5GyMt3Y963Boy9mdbSrpHSZ4ETCil?comment_id=1507062626618618",,,,,,,,,,,,,,,,,,,,,,,,,,,,,,,,,,,,"1","2024-09-24T15:10:17.000Z","2921943391285944","https://www.facebook.com/antonsulaiman95/posts/pfbid02fqzthvZ7Y4YaZ3XZvVauDgJPGQeT9QjyNsJW5GyMt3Y963Boy9mdbSrpHSZ4ETCil","ZmVlZGJhY2s6MjkyMTk0MzM5MTI4NTk0NF8xNTA3MDYyNjI2NjE4NjE4","Y29tbWVudDoyOTIxOTQzMzkxMjg1OTQ0XzE1MDcwNjI2MjY2MTg2MTg=","https://www.facebook.com/antonsulaiman95/posts/pfbid02fqzthvZ7Y4YaZ3XZvVauDgJPGQeT9QjyNsJW5GyMt3Y963Boy9mdbSrpHSZ4ETCil","0","250829661453806","false",,,,,,"Selamat Hari Tani Nasional.
🌶🌶 CKTAV 8 F1 🌶🌶

#benihcitraasia
#bintangasia","61552534678294","Bang Fhatir","https://scontent.fvno7-1.fna.fbcdn.net/v/t39.30808-1/428236271_122140526972084489_6127851547410293439_n.jpg?stp=cp0_dst-jpg_s32x32&_nc_cat=106&ccb=1-7&_nc_sid=50d2ac&_nc_ohc=Ya_F4ZtSHNUQ7kNvgHWPPET&_nc_ht=scontent.fvno7-1.fna&_nc_gid=AhFcOIkYbWeDEh6vUDLjcfM&oh=00_AYBKQmsazqNrEkmx6cCNJOtVyNRwqtIkImWJ62IQj6cACg&oe=66FA7E2D","https://www.facebook.com/people/Bang-Fhatir/61552534678294/",,"Mntap mas ditoko ada gak bibitnya","0"
,,,,,,,,,,,,,,,,,,,,,,"https://www.facebook.com/antonsulaiman95/posts/pfbid02fqzthvZ7Y4YaZ3XZvVauDgJPGQeT9QjyNsJW5GyMt3Y963Boy9mdbSrpHSZ4ETCil?comment_id=1065560782021693",,,,,,,,,,,,,,,,,,,,,,,,,,,,,,,,,,,,,"2024-09-24T16:01:43.000Z","2921943391285944","https://www.facebook.com/antonsulaiman95/posts/pfbid02fqzthvZ7Y4YaZ3XZvVauDgJPGQeT9QjyNsJW5GyMt3Y963Boy9mdbSrpHSZ4ETCil","ZmVlZGJhY2s6MjkyMTk0MzM5MTI4NTk0NF8xMDY1NTYwNzgyMDIxNjkz","Y29tbWVudDoyOTIxOTQzMzkxMjg1OTQ0XzEwNjU1NjA3ODIwMjE2OTM=","https://www.facebook.com/antonsulaiman95/posts/pfbid02fqzthvZ7Y4YaZ3XZvVauDgJPGQeT9QjyNsJW5GyMt3Y963Boy9mdbSrpHSZ4ETCil","1","250829661453806","false",,,,,,"Selamat Hari Tani Nasional.
🌶🌶 CKTAV 8 F1 🌶🌶

#benihcitraasia
#bintangasia","100004825651478","NiZar Bintang Asia","https://scontent.fvno7-1.fna.fbcdn.net/v/t39.30808-1/438276089_2611594555678041_6997404202785061953_n.jpg?stp=cp0_dst-jpg_p32x32&_nc_cat=111&ccb=1-7&_nc_sid=50d2ac&_nc_ohc=0dM51A4Ta0IQ7kNvgE8NFiN&_nc_ht=scontent.fvno7-1.fna&_nc_gid=AhFcOIkYbWeDEh6vUDLjcfM&oh=00_AYBub28qYPhyTUTwEywwbzGC26hrtl5mVgp9v3XHJO6tmA&oe=66FA8EAE","https://www.facebook.com/nizar.setia.3",,"Memabara,,,,, mrah merona bos ku","0"
"Photo",,,"https://scontent.fvno7-1.fna.fbcdn.net/v/t39.30808-6/461038688_8171096489610933_2050600001323802401_n.jpg?stp=dst-jpg_fb30_s960x960&_nc_cat=104&ccb=1-7&_nc_sid=bd9a62&_nc_ohc=qgvR5-ZEAPwQ7kNvgFE6IfV&_nc_ht=scontent.fvno7-1.fna&_nc_gid=AhFcOIkYbWeDEh6vUDLjcfM&oh=00_AYChnNpeF3SisE5-NCfSR2qCa-isQoxoC3U_7Qn3aHnd4g&oe=66FA7A71",,,,,,"8171096479610934","215","https://scontent.fvno7-1.fna.fbcdn.net/v/t39.30808-6/461038688_8171096489610933_2050600001323802401_n.jpg?stp=dst-jpg_p168x128&_nc_cat=104&ccb=1-7&_nc_sid=bd9a62&_nc_ohc=qgvR5-ZEAPwQ7kNvgFE6IfV&_nc_ht=scontent.fvno7-1.fna&_nc_gid=AhFcOIkYbWeDEh6vUDLjcfM&oh=00_AYDAg41-JsCGf9_rhE-R2e23ncBGZLnjfLf6wkoA6EOWBw&oe=66FA7A71","168",,"960","752","May be an image of 1 person and text",,,,,,"https://www.facebook.com/antonsulaiman95/posts/pfbid02fqzthvZ7Y4YaZ3XZvVauDgJPGQeT9QjyNsJW5GyMt3Y963Boy9mdbSrpHSZ4ETCil?comment_id=508183785528449",,,,,,,,,,,,,,,,,,,,,,,,,,,,,,,,,,,,"3","2024-09-24T13:32:25.000Z","2921943391285944","https://www.facebook.com/antonsulaiman95/posts/pfbid02fqzthvZ7Y4YaZ3XZvVauDgJPGQeT9QjyNsJW5GyMt3Y963Boy9mdbSrpHSZ4ETCil","ZmVlZGJhY2s6MjkyMTk0MzM5MTI4NTk0NF81MDgxODM3ODU1Mjg0NDk=","Y29tbWVudDoyOTIxOTQzMzkxMjg1OTQ0XzUwODE4Mzc4NTUyODQ0OQ==","https://www.facebook.com/antonsulaiman95/posts/pfbid02fqzthvZ7Y4YaZ3XZvVauDgJPGQeT9QjyNsJW5GyMt3Y963Boy9mdbSrpHSZ4ETCil","1","250829661453806","false",,,,,,"Selamat Hari Tani Nasional.
🌶🌶 CKTAV 8 F1 🌶🌶

#benihcitraasia
#bintangasia","pfbid03kzGj1xYmKVTwZnPvBt8mWZABm3WeEbZPeVKWTrx1ELSoHLqhzEXDrfrVxnat6yNl","Erick Hysteria","https://scontent.fvno7-1.fna.fbcdn.net/v/t39.30808-1/439422255_7313074122079845_7367519687273267636_n.jpg?stp=cp0_dst-jpg_s32x32&_nc_cat=106&ccb=1-7&_nc_sid=0ecb9b&_nc_ohc=T598nPxh3KgQ7kNvgEGWub3&_nc_ht=scontent.fvno7-1.fna&_nc_gid=AhFcOIkYbWeDEh6vUDLjcfM&oh=00_AYAzKVAipgYypMrf57BYfZOEiFn0wN-6QPJDVza9clByvQ&oe=66FA7CE4",,,,"0"
"Sticker",,,,,"1","83","1","1","280280680528917","80","https://scontent.fvno7-1.fna.fbcdn.net/v/t39.1997-6/240404950_280280683862250_377726035223267134_n.png?stp=cp0_dst-png_s110x80&_nc_cat=1&ccb=1-7&_nc_sid=23dd7b&_nc_ohc=M1UCf6AfryMQ7kNvgGLLYtT&_nc_ht=scontent.fvno7-1.fna&_nc_gid=AhFcOIkYbWeDEh6vUDLjcfM&oh=00_AYC890Rc373NiA-FQe82JVOI3ufpxhIpTHypOUw09Z99_g&oe=66FA8EF3","80","",,,,,"222549939635325","[Newsfeed] Indonesia First Party",,,"https://www.facebook.com/antonsulaiman95/posts/pfbid02fqzthvZ7Y4YaZ3XZvVauDgJPGQeT9QjyNsJW5GyMt3Y963Boy9mdbSrpHSZ4ETCil?comment_id=1066964661459687",,,,,,,,,,,,,,,,,,,,,,,,,,,,,,,,,,,,"1","2024-09-24T14:53:59.000Z","2921943391285944","https://www.facebook.com/antonsulaiman95/posts/pfbid02fqzthvZ7Y4YaZ3XZvVauDgJPGQeT9QjyNsJW5GyMt3Y963Boy9mdbSrpHSZ4ETCil","ZmVlZGJhY2s6MjkyMTk0MzM5MTI4NTk0NF8xMDY2OTY0NjYxNDU5Njg3","Y29tbWVudDoyOTIxOTQzMzkxMjg1OTQ0XzEwNjY5NjQ2NjE0NTk2ODc=","https://www.facebook.com/antonsulaiman95/posts/pfbid02fqzthvZ7Y4YaZ3XZvVauDgJPGQeT9QjyNsJW5GyMt3Y963Boy9mdbSrpHSZ4ETCil","0","250829661453806","false",,,,,,"Selamat Hari Tani Nasional.
🌶🌶 CKTAV 8 F1 🌶🌶

#benihcitraasia
#bintangasia","pfbid02u5CaLuCyAr2rsn6w4vCst2ZqVhniZvtnCycUv8euL4eD7tDTgpjcBWk222sotYeul","Wulandari Indarwan","https://scontent.fvno7-1.fna.fbcdn.net/v/t39.30808-1/345251721_2406921189485574_1765883835973221216_n.jpg?stp=cp0_dst-jpg_s32x32&_nc_cat=102&ccb=1-7&_nc_sid=0ecb9b&_nc_ohc=4Gr_1kdEXEQQ7kNvgFOFMqc&_nc_ht=scontent.fvno7-1.fna&_nc_gid=AhFcOIkYbWeDEh6vUDLjcfM&oh=00_AYDSV3izuxENaiWq0-srJhWDKVrKvY7gTVDC4MyINJk9rA&oe=66FAAAFA","https://www.facebook.com/people/Wulandari-Indarwan/pfbid02u5CaLuCyAr2rsn6w4vCst2ZqVhniZvtnCycUv8euL4eD7tDTgpjcBWk222sotYeul/",,,"0"
,,,,,,,,,,,,,,,,,,,,,,"https://www.facebook.com/antonsulaiman95/posts/pfbid02fqzthvZ7Y4YaZ3XZvVauDgJPGQeT9QjyNsJW5GyMt3Y963Boy9mdbSrpHSZ4ETCil?comment_id=1245197133179700",,,,,,,,,,,,,,,,,,,,,,,,,,,,,,,,,,,,"1","2024-09-24T13:18:55.000Z","2921943391285944","https://www.facebook.com/antonsulaiman95/posts/pfbid02fqzthvZ7Y4YaZ3XZvVauDgJPGQeT9QjyNsJW5GyMt3Y963Boy9mdbSrpHSZ4ETCil","ZmVlZGJhY2s6MjkyMTk0MzM5MTI4NTk0NF8xMjQ1MTk3MTMzMTc5NzAw","Y29tbWVudDoyOTIxOTQzMzkxMjg1OTQ0XzEyNDUxOTcxMzMxNzk3MDA=","https://www.facebook.com/antonsulaiman95/posts/pfbid02fqzthvZ7Y4YaZ3XZvVauDgJPGQeT9QjyNsJW5GyMt3Y963Boy9mdbSrpHSZ4ETCil","1","250829661453806","false",,,,,,"Selamat Hari Tani Nasional.
🌶🌶 CKTAV 8 F1 🌶🌶

#benihcitraasia
#bintangasia","100007578522755","Renzy Bintangasia","https://scontent.fvno7-1.fna.fbcdn.net/v/t39.30808-1/426012403_3605728109689771_2277782955804277447_n.jpg?stp=cp0_dst-jpg_s32x32&_nc_cat=104&ccb=1-7&_nc_sid=50d2ac&_nc_ohc=eSL7nwrCcoUQ7kNvgEk1tOd&_nc_ht=scontent.fvno7-1.fna&_nc_gid=AhFcOIkYbWeDEh6vUDLjcfM&oh=00_AYAo5d-AV-DfheTHeXHp3xvr8G7_bnSCdgqEb8ZTFDf_ag&oe=66FA9484","https://www.facebook.com/renzi.prayuda",,"Mantap pak boss","0"
,,,,,,,,,,,,,,,,,,,,,,"https://www.facebook.com/antonsulaiman95/posts/pfbid02fqzthvZ7Y4YaZ3XZvVauDgJPGQeT9QjyNsJW5GyMt3Y963Boy9mdbSrpHSZ4ETCil?comment_id=769950505185980",,,,,,,,,,,,,,,,,,,,,,,,,,,,,,,,,,,,"1","2024-09-24T13:10:33.000Z","2921943391285944","https://www.facebook.com/antonsulaiman95/posts/pfbid02fqzthvZ7Y4YaZ3XZvVauDgJPGQeT9QjyNsJW5GyMt3Y963Boy9mdbSrpHSZ4ETCil","ZmVlZGJhY2s6MjkyMTk0MzM5MTI4NTk0NF83Njk5NTA1MDUxODU5ODA=","Y29tbWVudDoyOTIxOTQzMzkxMjg1OTQ0Xzc2OTk1MDUwNTE4NTk4MA==","https://www.facebook.com/antonsulaiman95/posts/pfbid02fqzthvZ7Y4YaZ3XZvVauDgJPGQeT9QjyNsJW5GyMt3Y963Boy9mdbSrpHSZ4ETCil","0","250829661453806","false",,,,,,"Selamat Hari Tani Nasional.
🌶🌶 CKTAV 8 F1 🌶🌶

#benihcitraasia
#bintangasia","pfbid02dnxdT1tmcW8Vnb1YgguJRwtGa4KgTnRR9JwoRupWABPTWPgW5vFqcYLZBDz8KaHcl","Aprizen Ikhlas","https://scontent.fvno7-1.fna.fbcdn.net/v/t39.30808-1/448230343_431372256538504_77440978127761497_n.jpg?stp=cp0_dst-jpg_s32x32&_nc_cat=102&ccb=1-7&_nc_sid=0ecb9b&_nc_ohc=Q4GzYozMiQUQ7kNvgH3mGPh&_nc_ht=scontent.fvno7-1.fna&_nc_gid=AhFcOIkYbWeDEh6vUDLjcfM&oh=00_AYAYhl47v1Rx8QexH_lL-Jxi_I3WLSIW2uP2z1p7LrCA8w&oe=66FA82C3","https://www.facebook.com/people/Aprizen-Ikhlas/pfbid02dnxdT1tmcW8Vnb1YgguJRwtGa4KgTnRR9JwoRupWABPTWPgW5vFqcYLZBDz8KaHcl/",,"Dmn ni ton","0"
,,,,,,,,,,,,,,,,,,,,,,"https://www.facebook.com/antonsulaiman95/posts/pfbid02fqzthvZ7Y4YaZ3XZvVauDgJPGQeT9QjyNsJW5GyMt3Y963Boy9mdbSrpHSZ4ETCil?comment_id=536047902336265",,,,,,,,,,,,,,,,,,,,,,,,,,,,,,,,,,,,"3","2024-09-24T13:57:29.000Z","2921943391285944","https://www.facebook.com/antonsulaiman95/posts/pfbid02fqzthvZ7Y4YaZ3XZvVauDgJPGQeT9QjyNsJW5GyMt3Y963Boy9mdbSrpHSZ4ETCil","ZmVlZGJhY2s6MjkyMTk0MzM5MTI4NTk0NF81MzYwNDc5MDIzMzYyNjU=","Y29tbWVudDoyOTIxOTQzMzkxMjg1OTQ0XzUzNjA0NzkwMjMzNjI2NQ==","https://www.facebook.com/antonsulaiman95/posts/pfbid02fqzthvZ7Y4YaZ3XZvVauDgJPGQeT9QjyNsJW5GyMt3Y963Boy9mdbSrpHSZ4ETCil","1","250829661453806","false",,,,,,"Selamat Hari Tani Nasional.
🌶🌶 CKTAV 8 F1 🌶🌶

#benihcitraasia
#bintangasia","pfbid02PzEQAHpJeMhfxBDoMZQ8SDE67mziLbZMwhPHDbfKHQHxWZnXM3tY2ucE9W9F2T6yl","Jaino","https://scontent.fvno7-1.fna.fbcdn.net/v/t1.6435-1/108020715_596042734681039_1596264854985664739_n.jpg?stp=cp0_dst-jpg_s32x32&_nc_cat=106&ccb=1-7&_nc_sid=0ecb9b&_nc_ohc=Ny5c90_QFNMQ7kNvgHJAWc2&_nc_ht=scontent.fvno7-1.fna&_nc_gid=AhFcOIkYbWeDEh6vUDLjcfM&oh=00_AYCUNU5ExBGaAmeNYVIVA6ZS-cDHVA-Z8JYFrTVQBqlw1Q&oe=671C35E6","https://www.facebook.com/jaino.jaino.391",,"Rancak bana bos kuy","0"
,,,,,,,,,,,,,,,,,,,,,,"https://www.facebook.com/antonsulaiman95/posts/pfbid02fqzthvZ7Y4YaZ3XZvVauDgJPGQeT9QjyNsJW5GyMt3Y963Boy9mdbSrpHSZ4ETCil?comment_id=1538197483452206",,,,,,,,,,,,,,,,,,,,,,,,,,,,,,,,,,,,"2","2024-09-24T14:08:08.000Z","2921943391285944","https://www.facebook.com/antonsulaiman95/posts/pfbid02fqzthvZ7Y4YaZ3XZvVauDgJPGQeT9QjyNsJW5GyMt3Y963Boy9mdbSrpHSZ4ETCil","ZmVlZGJhY2s6MjkyMTk0MzM5MTI4NTk0NF8xNTM4MTk3NDgzNDUyMjA2","Y29tbWVudDoyOTIxOTQzMzkxMjg1OTQ0XzE1MzgxOTc0ODM0NTIyMDY=","https://www.facebook.com/antonsulaiman95/posts/pfbid02fqzthvZ7Y4YaZ3XZvVauDgJPGQeT9QjyNsJW5GyMt3Y963Boy9mdbSrpHSZ4ETCil","0","250829661453806","false",,,,,,"Selamat Hari Tani Nasional.
🌶🌶 CKTAV 8 F1 🌶🌶

#benihcitraasia
#bintangasia","100047490514806","Sudiran","https://scontent.fvno7-1.fna.fbcdn.net/v/t39.30808-1/299228377_601083921484620_7840193492917851762_n.jpg?stp=cp0_dst-jpg_s32x32&_nc_cat=110&ccb=1-7&_nc_sid=50d2ac&_nc_ohc=dQCo-lK0IckQ7kNvgFjQwsU&_nc_ht=scontent.fvno7-1.fna&_nc_gid=AhFcOIkYbWeDEh6vUDLjcfM&oh=00_AYAOuHTzc8055ivsE4uHE335uPKT0EftSTr5aT98jycvwQ&oe=66FA926E","https://www.facebook.com/sudiran.sudiran.7374",,"Bisa tiru mas ini","0"
,,,,,,,,,,,,,,,,,,,,,,"https://www.facebook.com/antonsulaiman95/posts/pfbid02fqzthvZ7Y4YaZ3XZvVauDgJPGQeT9QjyNsJW5GyMt3Y963Boy9mdbSrpHSZ4ETCil?comment_id=1507062626618618&reply_comment_id=915090877326194",,,,,,,,,,,,,,,,,,,,,,,,,,,,,,,,,,,,,"2024-09-24T15:18:04.000Z","2921943391285944","https://www.facebook.com/antonsulaiman95/posts/pfbid02fqzthvZ7Y4YaZ3XZvVauDgJPGQeT9QjyNsJW5GyMt3Y963Boy9mdbSrpHSZ4ETCil","ZmVlZGJhY2s6MjkyMTk0MzM5MTI4NTk0NF85MTUwOTA4NzczMjYxOTQ=","Y29tbWVudDoyOTIxOTQzMzkxMjg1OTQ0XzkxNTA5MDg3NzMyNjE5NA==","https://www.facebook.com/antonsulaiman95/posts/pfbid02fqzthvZ7Y4YaZ3XZvVauDgJPGQeT9QjyNsJW5GyMt3Y963Boy9mdbSrpHSZ4ETCil","0","250829661453806","false","User","61552534678294","Bang Fhatir","Bang","Y29tbWVudDoyOTIxOTQzMzkxMjg1OTQ0XzE1MDcwNjI2MjY2MTg2MTg=","Selamat Hari Tani Nasional.
🌶🌶 CKTAV 8 F1 🌶🌶

#benihcitraasia
#bintangasia","100004109346822","Anton Sulaiman Bintang Asia","https://scontent-lhr6-2.xx.fbcdn.net/v/t39.30808-1/408038176_2702817406531878_9133290973397502973_n.jpg?stp=cp0_dst-jpg_s32x32&_nc_cat=100&ccb=1-7&_nc_sid=50d2ac&_nc_ohc=zjLg74jpOA4Q7kNvgHIyu4L&_nc_ht=scontent-lhr6-2.xx&_nc_gid=A560R6VqIZEPWnQ-fLjIe4-&oh=00_AYAlZkdXjcZQnmysOPEraDP98UpuZlP0Kmrxf4Z-hj9TBQ&oe=66FA9AC3","https://www.facebook.com/antonsulaiman95","Y29tbWVudDoyOTIxOTQzMzkxMjg1OTQ0XzE1MDcwNjI2MjY2MTg2MTg=","Bang Fhatir yaa sudah ada bang","1"
,,,,,,,,,,,,,,,,,,,,,,"https://www.facebook.com/antonsulaiman95/posts/pfbid02fqzthvZ7Y4YaZ3XZvVauDgJPGQeT9QjyNsJW5GyMt3Y963Boy9mdbSrpHSZ4ETCil?comment_id=769950505185980&reply_comment_id=509803465089501",,,,,,,,,,,,,,,,,,,,,,,,,,,,,,,,,,,,,"2024-09-24T13:12:09.000Z","2921943391285944","https://www.facebook.com/antonsulaiman95/posts/pfbid02fqzthvZ7Y4YaZ3XZvVauDgJPGQeT9QjyNsJW5GyMt3Y963Boy9mdbSrpHSZ4ETCil","ZmVlZGJhY2s6MjkyMTk0MzM5MTI4NTk0NF81MDk4MDM0NjUwODk1MDE=","Y29tbWVudDoyOTIxOTQzMzkxMjg1OTQ0XzUwOTgwMzQ2NTA4OTUwMQ==","https://www.facebook.com/antonsulaiman95/posts/pfbid02fqzthvZ7Y4YaZ3XZvVauDgJPGQeT9QjyNsJW5GyMt3Y963Boy9mdbSrpHSZ4ETCil","0","250829661453806","false","User","pfbid02dnxdT1tmcW8Vnb1YgguJRwtGa4KgTnRR9JwoRupWABPTWPgW5vFqcYLZBDz8KaHcl","Aprizen Ikhlas","Aprizen","Y29tbWVudDoyOTIxOTQzMzkxMjg1OTQ0Xzc2OTk1MDUwNTE4NTk4MA==","Selamat Hari Tani Nasional.
🌶🌶 CKTAV 8 F1 🌶🌶

#benihcitraasia
#bintangasia","100004109346822","Anton Sulaiman Bintang Asia","https://scontent.fath5-1.fna.fbcdn.net/v/t39.30808-1/408038176_2702817406531878_9133290973397502973_n.jpg?stp=cp0_dst-jpg_s32x32&_nc_cat=100&ccb=1-7&_nc_sid=50d2ac&_nc_ohc=zjLg74jpOA4Q7kNvgG9vdCR&_nc_ht=scontent.fath5-1.fna&_nc_gid=AIZrd96iwj0350escauF3Mv&oh=00_AYCpW4NnaOg3cx3HRFuWdiEjfS0-Z_KHqcHYJVUW2n8-xg&oe=66FA9AC3","https://www.facebook.com/antonsulaiman95","Y29tbWVudDoyOTIxOTQzMzkxMjg1OTQ0Xzc2OTk1MDUwNTE4NTk4MA==","Aprizen Ikhlas di bengkulu utara bang","1"
,,,,,,,,,,,,,,,,,,,,,,"https://www.facebook.com/antonsulaiman95/posts/pfbid02fqzthvZ7Y4YaZ3XZvVauDgJPGQeT9QjyNsJW5GyMt3Y963Boy9mdbSrpHSZ4ETCil?comment_id=1066964661459687&reply_comment_id=1024918866001477",,,,,,,,,,,,,,,,,,,,,,,,,,,,,,,,,,,,,"2024-09-24T15:14:26.000Z","2921943391285944","https://www.facebook.com/antonsulaiman95/posts/pfbid02fqzthvZ7Y4YaZ3XZvVauDgJPGQeT9QjyNsJW5GyMt3Y963Boy9mdbSrpHSZ4ETCil","ZmVlZGJhY2s6MjkyMTk0MzM5MTI4NTk0NF8xMDI0OTE4ODY2MDAxNDc3","Y29tbWVudDoyOTIxOTQzMzkxMjg1OTQ0XzEwMjQ5MTg4NjYwMDE0Nzc=","https://www.facebook.com/antonsulaiman95/posts/pfbid02fqzthvZ7Y4YaZ3XZvVauDgJPGQeT9QjyNsJW5GyMt3Y963Boy9mdbSrpHSZ4ETCil","0","250829661453806","false","User","pfbid02u5CaLuCyAr2rsn6w4vCst2ZqVhniZvtnCycUv8euL4eD7tDTgpjcBWk222sotYeul","Wulandari Indarwan","Wulandari","Y29tbWVudDoyOTIxOTQzMzkxMjg1OTQ0XzEwNjY5NjQ2NjE0NTk2ODc=","Selamat Hari Tani Nasional.
🌶🌶 CKTAV 8 F1 🌶🌶

#benihcitraasia
#bintangasia","100004109346822","Anton Sulaiman Bintang Asia","https://scontent.fflr2-1.fna.fbcdn.net/v/t39.30808-1/408038176_2702817406531878_9133290973397502973_n.jpg?stp=cp0_dst-jpg_s32x32&_nc_cat=100&ccb=1-7&_nc_sid=50d2ac&_nc_ohc=zjLg74jpOA4Q7kNvgE0vXpl&_nc_ht=scontent.fflr2-1.fna&_nc_gid=Aec1ta3gUYJALBEH-f9FMc8&oh=00_AYBWS1PaDFooTjViIu7bnAmG_i_coxOyYTY_Cz-xm2SAAw&oe=66FA9AC3","https://www.facebook.com/antonsulaiman95","Y29tbWVudDoyOTIxOTQzMzkxMjg1OTQ0XzEwNjY5NjQ2NjE0NTk2ODc=","Wulandari Indarwan gass lah pak stok bibitnyo di toko 😁🙏","1"
,,,,,,,,,,,,,,,,,,,,,,"https://www.facebook.com/antonsulaiman95/posts/pfbid02fqzthvZ7Y4YaZ3XZvVauDgJPGQeT9QjyNsJW5GyMt3Y963Boy9mdbSrpHSZ4ETCil?comment_id=1245197133179700&reply_comment_id=1200485821240281",,,,,,,,,,,,,,,,,,,,,,,,,,,,,,,,,,,,,"2024-09-24T13:22:57.000Z","2921943391285944","https://www.facebook.com/antonsulaiman95/posts/pfbid02fqzthvZ7Y4YaZ3XZvVauDgJPGQeT9QjyNsJW5GyMt3Y963Boy9mdbSrpHSZ4ETCil","ZmVlZGJhY2s6MjkyMTk0MzM5MTI4NTk0NF8xMjAwNDg1ODIxMjQwMjgx","Y29tbWVudDoyOTIxOTQzMzkxMjg1OTQ0XzEyMDA0ODU4MjEyNDAyODE=","https://www.facebook.com/antonsulaiman95/posts/pfbid02fqzthvZ7Y4YaZ3XZvVauDgJPGQeT9QjyNsJW5GyMt3Y963Boy9mdbSrpHSZ4ETCil","1","250829661453806","false","User","100007578522755","Renzy Bintangasia","Renzy","Y29tbWVudDoyOTIxOTQzMzkxMjg1OTQ0XzEyNDUxOTcxMzMxNzk3MDA=","Selamat Hari Tani Nasional.
🌶🌶 CKTAV 8 F1 🌶🌶

#benihcitraasia
#bintangasia","100004109346822","Anton Sulaiman Bintang Asia","https://scontent-lga3-2.xx.fbcdn.net/v/t39.30808-1/408038176_2702817406531878_9133290973397502973_n.jpg?stp=cp0_dst-jpg_s32x32&_nc_cat=100&ccb=1-7&_nc_sid=50d2ac&_nc_ohc=zjLg74jpOA4Q7kNvgGVVHao&_nc_ht=scontent-lga3-2.xx&_nc_gid=At81iyguWhGFPTLW1ibkQNk&oh=00_AYBAxrg_TtARhlceBUaHY5_-TjK4ZtXNeugcg8AeE0OLYw&oe=66FA9AC3","https://www.facebook.com/antonsulaiman95","Y29tbWVudDoyOTIxOTQzMzkxMjg1OTQ0XzEyNDUxOTcxMzMxNzk3MDA=","Renzy Bintangasia tengkiyu bosquh 😁","1"
"Photo",,,"https://scontent-atl3-2.xx.fbcdn.net/v/t39.30808-6/460991207_2921970497949900_6687370841783978710_n.jpg?stp=dst-jpg_fb30_s960x960&_nc_cat=102&ccb=1-7&_nc_sid=bd9a62&_nc_ohc=_XOLOopCHTAQ7kNvgFmbRM4&_nc_ht=scontent-atl3-2.xx&_nc_gid=AOkTDpZrDROPS9LoxJoE287&oh=00_AYCX7Euwf3sAAl0JH6BLm1Me0TxtIXGlmfFB6LJHdXebMg&oe=66FA8837",,,,,,"2921970487949901","196","https://scontent-atl3-2.xx.fbcdn.net/v/t39.30808-6/460991207_2921970497949900_6687370841783978710_n.jpg?stp=dst-jpg_s261x260&_nc_cat=102&ccb=1-7&_nc_sid=bd9a62&_nc_ohc=_XOLOopCHTAQ7kNvgFmbRM4&_nc_ht=scontent-atl3-2.xx&_nc_gid=AOkTDpZrDROPS9LoxJoE287&oh=00_AYCdcohuuZ1-fxy-DTvZB3VdKPUGJLi5ekpwNkbelDACPA&oe=66FA8837","261",,"721","960","May be an image of 2 people and text",,,,,,"https://www.facebook.com/antonsulaiman95/posts/pfbid02fqzthvZ7Y4YaZ3XZvVauDgJPGQeT9QjyNsJW5GyMt3Y963Boy9mdbSrpHSZ4ETCil?comment_id=508183785528449&reply_comment_id=1731427660936708",,,,,,,,,,,,,,,,,,,,,,,,,,,,,,,,,,,,"2","2024-09-24T13:42:57.000Z","2921943391285944","https://www.facebook.com/antonsulaiman95/posts/pfbid02fqzthvZ7Y4YaZ3XZvVauDgJPGQeT9QjyNsJW5GyMt3Y963Boy9mdbSrpHSZ4ETCil","ZmVlZGJhY2s6MjkyMTk0MzM5MTI4NTk0NF8xNzMxNDI3NjYwOTM2NzA4","Y29tbWVudDoyOTIxOTQzMzkxMjg1OTQ0XzE3MzE0Mjc2NjA5MzY3MDg=","https://www.facebook.com/antonsulaiman95/posts/pfbid02fqzthvZ7Y4YaZ3XZvVauDgJPGQeT9QjyNsJW5GyMt3Y963Boy9mdbSrpHSZ4ETCil","1","250829661453806","false","User","pfbid03kzGj1xYmKVTwZnPvBt8mWZABm3WeEbZPeVKWTrx1ELSoHLqhzEXDrfrVxnat6yNl","Erick Hysteria","Erick","Y29tbWVudDoyOTIxOTQzMzkxMjg1OTQ0XzUwODE4Mzc4NTUyODQ0OQ==","Selamat Hari Tani Nasional.
🌶🌶 CKTAV 8 F1 🌶🌶

#benihcitraasia
#bintangasia","100004109346822","Anton Sulaiman Bintang Asia","https://scontent-atl3-1.xx.fbcdn.net/v/t39.30808-1/408038176_2702817406531878_9133290973397502973_n.jpg?stp=cp0_dst-jpg_s32x32&_nc_cat=100&ccb=1-7&_nc_sid=50d2ac&_nc_ohc=zjLg74jpOA4Q7kNvgF4JKAq&_nc_ht=scontent-atl3-1.xx&_nc_gid=AOkTDpZrDROPS9LoxJoE287&oh=00_AYBR9qKB_bfzetX3BpCEJt7NfjqJZfct4UK0LUGApSEPBA&oe=66FA9AC3","https://www.facebook.com/antonsulaiman95","Y29tbWVudDoyOTIxOTQzMzkxMjg1OTQ0XzUwODE4Mzc4NTUyODQ0OQ==","Erick Hysteria","1"
,,,,,,,,,,,,,,,,,,,,,,"https://www.facebook.com/antonsulaiman95/posts/pfbid02fqzthvZ7Y4YaZ3XZvVauDgJPGQeT9QjyNsJW5GyMt3Y963Boy9mdbSrpHSZ4ETCil?comment_id=508183785528449&reply_comment_id=1036394624457467",,,,,,,,,,,,,,,,,,,,,,,,,,,,,,,,,,,,,"2024-09-24T15:42:32.000Z","2921943391285944","https://www.facebook.com/antonsulaiman95/posts/pfbid02fqzthvZ7Y4YaZ3XZvVauDgJPGQeT9QjyNsJW5GyMt3Y963Boy9mdbSrpHSZ4ETCil","ZmVlZGJhY2s6MjkyMTk0MzM5MTI4NTk0NF8xMDM2Mzk0NjI0NDU3NDY3","Y29tbWVudDoyOTIxOTQzMzkxMjg1OTQ0XzEwMzYzOTQ2MjQ0NTc0Njc=","https://www.facebook.com/antonsulaiman95/posts/pfbid02fqzthvZ7Y4YaZ3XZvVauDgJPGQeT9QjyNsJW5GyMt3Y963Boy9mdbSrpHSZ4ETCil","0","250829661453806","false","User","pfbid03kzGj1xYmKVTwZnPvBt8mWZABm3WeEbZPeVKWTrx1ELSoHLqhzEXDrfrVxnat6yNl","Erick Hysteria","Erick","Y29tbWVudDoyOTIxOTQzMzkxMjg1OTQ0XzUwODE4Mzc4NTUyODQ0OQ==","Selamat Hari Tani Nasional.
🌶🌶 CKTAV 8 F1 🌶🌶

#benihcitraasia
#bintangasia","pfbid03kzGj1xYmKVTwZnPvBt8mWZABm3WeEbZPeVKWTrx1ELSoHLqhzEXDrfrVxnat6yNl","Erick Hysteria","https://scontent-atl3-1.xx.fbcdn.net/v/t39.30808-1/439422255_7313074122079845_7367519687273267636_n.jpg?stp=cp0_dst-jpg_s32x32&_nc_cat=106&ccb=1-7&_nc_sid=0ecb9b&_nc_ohc=T598nPxh3KgQ7kNvgHbbaWo&_nc_ht=scontent-atl3-1.xx&_nc_gid=AOkTDpZrDROPS9LoxJoE287&oh=00_AYB5d_dGQ57b5w-2M9tF_Kc847Dx2LGf16jFl6S3Dn1J6g&oe=66FA7CE4",,"Y29tbWVudDoyOTIxOTQzMzkxMjg1OTQ0XzUwODE4Mzc4NTUyODQ0OQ==","Anton Sulaiman Bintang Asia  👍👍","2"
"Photo",,,"https://scontent-atl3-1.xx.fbcdn.net/v/t39.30808-6/461177073_8171725516214697_2701978450828972075_n.jpg?stp=dst-jpg_fb30&_nc_cat=110&ccb=1-7&_nc_sid=bd9a62&_nc_ohc=4ItRf_BlCiUQ7kNvgGXuPea&_nc_ht=scontent-atl3-1.xx&_nc_gid=AOkTDpZrDROPS9LoxJoE287&oh=00_AYA6qw8gvEBhAG_MbjvnB9kOPwcbIjYmT8Wa8r-56YCHbg&oe=66FAA5BC",,,,,,"8171725502881365","225","https://scontent-atl3-1.xx.fbcdn.net/v/t39.30808-6/461177073_8171725516214697_2701978450828972075_n.jpg?stp=dst-jpg_p75x225&_nc_cat=110&ccb=1-7&_nc_sid=bd9a62&_nc_ohc=4ItRf_BlCiUQ7kNvgGXuPea&_nc_ht=scontent-atl3-1.xx&_nc_gid=AOkTDpZrDROPS9LoxJoE287&oh=00_AYCKvk12OJwQcF-Tuu0wwEy6uXkD46DMW9x4EvoQ3CXkJQ&oe=66FAA5BC","225",,"500","500","May be an image of text",,,,,,"https://www.facebook.com/antonsulaiman95/posts/pfbid02fqzthvZ7Y4YaZ3XZvVauDgJPGQeT9QjyNsJW5GyMt3Y963Boy9mdbSrpHSZ4ETCil?comment_id=508183785528449&reply_comment_id=452594177806044",,,,,,,,,,,,,,,,,,,,,,,,,,,,,,,,,,,,,"2024-09-24T15:46:59.000Z","2921943391285944","https://www.facebook.com/antonsulaiman95/posts/pfbid02fqzthvZ7Y4YaZ3XZvVauDgJPGQeT9QjyNsJW5GyMt3Y963Boy9mdbSrpHSZ4ETCil","ZmVlZGJhY2s6MjkyMTk0MzM5MTI4NTk0NF80NTI1OTQxNzc4MDYwNDQ=","Y29tbWVudDoyOTIxOTQzMzkxMjg1OTQ0XzQ1MjU5NDE3NzgwNjA0NA==","https://www.facebook.com/antonsulaiman95/posts/pfbid02fqzthvZ7Y4YaZ3XZvVauDgJPGQeT9QjyNsJW5GyMt3Y963Boy9mdbSrpHSZ4ETCil","0","250829661453806","false","User","pfbid03kzGj1xYmKVTwZnPvBt8mWZABm3WeEbZPeVKWTrx1ELSoHLqhzEXDrfrVxnat6yNl","Erick Hysteria","Erick","Y29tbWVudDoyOTIxOTQzMzkxMjg1OTQ0XzUwODE4Mzc4NTUyODQ0OQ==","Selamat Hari Tani Nasional.
🌶🌶 CKTAV 8 F1 🌶🌶

#benihcitraasia
#bintangasia","pfbid03kzGj1xYmKVTwZnPvBt8mWZABm3WeEbZPeVKWTrx1ELSoHLqhzEXDrfrVxnat6yNl","Erick Hysteria","https://scontent-atl3-1.xx.fbcdn.net/v/t39.30808-1/439422255_7313074122079845_7367519687273267636_n.jpg?stp=cp0_dst-jpg_s32x32&_nc_cat=106&ccb=1-7&_nc_sid=0ecb9b&_nc_ohc=T598nPxh3KgQ7kNvgHbbaWo&_nc_ht=scontent-atl3-1.xx&_nc_gid=AOkTDpZrDROPS9LoxJoE287&oh=00_AYB5d_dGQ57b5w-2M9tF_Kc847Dx2LGf16jFl6S3Dn1J6g&oe=66FA7CE4",,"Y29tbWVudDoyOTIxOTQzMzkxMjg1OTQ0XzUwODE4Mzc4NTUyODQ0OQ==","Anton Sulaiman Bintang Asia  virus dilawan","2"
,,,,,,,,,,,,,,,,,,,,,,"https://www.facebook.com/antonsulaiman95/posts/pfbid02fqzthvZ7Y4YaZ3XZvVauDgJPGQeT9QjyNsJW5GyMt3Y963Boy9mdbSrpHSZ4ETCil?comment_id=1538197483452206&reply_comment_id=1511425159734711",,,,,,,,,,,,,,,,,,,,,,,,,,,,,,,,,,,,"1","2024-09-24T14:11:43.000Z","2921943391285944","https://www.facebook.com/antonsulaiman95/posts/pfbid02fqzthvZ7Y4YaZ3XZvVauDgJPGQeT9QjyNsJW5GyMt3Y963Boy9mdbSrpHSZ4ETCil","ZmVlZGJhY2s6MjkyMTk0MzM5MTI4NTk0NF8xNTExNDI1MTU5NzM0NzEx","Y29tbWVudDoyOTIxOTQzMzkxMjg1OTQ0XzE1MTE0MjUxNTk3MzQ3MTE=","https://www.facebook.com/antonsulaiman95/posts/pfbid02fqzthvZ7Y4YaZ3XZvVauDgJPGQeT9QjyNsJW5GyMt3Y963Boy9mdbSrpHSZ4ETCil","0","250829661453806","false","User","100047490514806","Sudiran","Sudiran","Y29tbWVudDoyOTIxOTQzMzkxMjg1OTQ0XzE1MzgxOTc0ODM0NTIyMDY=","Selamat Hari Tani Nasional.
🌶🌶 CKTAV 8 F1 🌶🌶

#benihcitraasia
#bintangasia","100004109346822","Anton Sulaiman Bintang Asia","https://scontent-lga3-2.xx.fbcdn.net/v/t39.30808-1/408038176_2702817406531878_9133290973397502973_n.jpg?stp=cp0_dst-jpg_s32x32&_nc_cat=100&ccb=1-7&_nc_sid=50d2ac&_nc_ohc=zjLg74jpOA4Q7kNvgGjEs-s&_nc_ht=scontent-lga3-2.xx&_nc_gid=AjEHHdRTQL5FR6vgh7i1RxO&oh=00_AYB1yXRxTvGfh1n2jYyUZUi_fV3GF_G1FjoLjJMdTU3ARg&oe=66FA9AC3","https://www.facebook.com/antonsulaiman95","Y29tbWVudDoyOTIxOTQzMzkxMjg1OTQ0XzE1MzgxOTc0ODM0NTIyMDY=","Sudiran bisa banget pak, sangat cocok untuk rotasi tanaman semangka 😁","1"
"Sticker",,,,,"1","83","1","1","379746084855238","120","https://scontent-lga3-2.xx.fbcdn.net/v/t39.1997-6/454058033_379746088188571_8172335871725565670_n.webp?_nc_cat=109&ccb=1-7&_nc_sid=878c43&_nc_ohc=1o7mqFhvYdUQ7kNvgEqqUZ-&_nc_ht=scontent-lga3-2.xx&_nc_gid=AjEHHdRTQL5FR6vgh7i1RxO&oh=00_AYAgzzoYpYa-LpmYW0ZbfXoN6-IRylihn1a0iWC6HhQibQ&oe=66FA9DEF","120","Avatar with both thumbs up and a broad smile.",,,,,,,,,"https://www.facebook.com/antonsulaiman95/posts/pfbid02fqzthvZ7Y4YaZ3XZvVauDgJPGQeT9QjyNsJW5GyMt3Y963Boy9mdbSrpHSZ4ETCil?comment_id=1538197483452206&reply_comment_id=1626391824958599",,,,,,,,,,,,,,,,,,,,,,,,,,,,,,,,,,,,,"2024-09-24T14:12:38.000Z","2921943391285944","https://www.facebook.com/antonsulaiman95/posts/pfbid02fqzthvZ7Y4YaZ3XZvVauDgJPGQeT9QjyNsJW5GyMt3Y963Boy9mdbSrpHSZ4ETCil","ZmVlZGJhY2s6MjkyMTk0MzM5MTI4NTk0NF8xNjI2MzkxODI0OTU4NTk5","Y29tbWVudDoyOTIxOTQzMzkxMjg1OTQ0XzE2MjYzOTE4MjQ5NTg1OTk=","https://www.facebook.com/antonsulaiman95/posts/pfbid02fqzthvZ7Y4YaZ3XZvVauDgJPGQeT9QjyNsJW5GyMt3Y963Boy9mdbSrpHSZ4ETCil","0","250829661453806","false","User","100047490514806","Sudiran","Sudiran","Y29tbWVudDoyOTIxOTQzMzkxMjg1OTQ0XzE1MzgxOTc0ODM0NTIyMDY=","Selamat Hari Tani Nasional.
🌶🌶 CKTAV 8 F1 🌶🌶

#benihcitraasia
#bintangasia","100047490514806","Sudiran","https://scontent-lga3-1.xx.fbcdn.net/v/t39.30808-1/299228377_601083921484620_7840193492917851762_n.jpg?stp=cp0_dst-jpg_s32x32&_nc_cat=110&ccb=1-7&_nc_sid=50d2ac&_nc_ohc=dQCo-lK0IckQ7kNvgF8Nhu6&_nc_ht=scontent-lga3-1.xx&_nc_gid=AjEHHdRTQL5FR6vgh7i1RxO&oh=00_AYBxGXWmpmttzWUhp_xJAb6IhFAymn6HvQNMiby4plRRaw&oe=66FA926E","https://www.facebook.com/sudiran.sudiran.7374","Y29tbWVudDoyOTIxOTQzMzkxMjg1OTQ0XzE1MzgxOTc0ODM0NTIyMDY=","Anton Sulaiman Bintang Asia","2"
,,,,,,,,,,,,,,,,,,,,,,"https://www.facebook.com/antonsulaiman95/posts/pfbid02WsHWvqcnuYWAA8AkLxnHX1LcT9Dx23d4sz4D6rf3B9TU5yC1R4jnoTnZQFSPLZxTl?comment_id=1762542537865434&reply_comment_id=828536896102473",,,,,,,,,,,,,,,,,,,,,,,,,,,,,,,,,,,,"1","2024-09-19T02:39:10.000Z","2915391425274474","https://www.facebook.com/antonsulaiman95/posts/pfbid02WsHWvqcnuYWAA8AkLxnHX1LcT9Dx23d4sz4D6rf3B9TU5yC1R4jnoTnZQFSPLZxTl","ZmVlZGJhY2s6MjkxNTM5MTQyNTI3NDQ3NF84Mjg1MzY4OTYxMDI0NzM=","Y29tbWVudDoyOTE1MzkxNDI1Mjc0NDc0XzgyODUzNjg5NjEwMjQ3Mw==","https://www.facebook.com/antonsulaiman95/posts/pfbid02WsHWvqcnuYWAA8AkLxnHX1LcT9Dx23d4sz4D6rf3B9TU5yC1R4jnoTnZQFSPLZxTl","0","250829661453806","false","User","100048275130776","Marlin Dang Lin","Marlin","Y29tbWVudDoyOTE1MzkxNDI1Mjc0NDc0XzE3NjI1NDI1Mzc4NjU0MzQ=","Hainan F1

#pariahibrida
#pareputih
#paretahanvirus
#pareberbuahlebat
#benihcitraasia
#bintangasia
#produkinovasianaknegeri
#suksesbersamabintangasia","100004109346822","Anton Sulaiman Bintang Asia","https://scontent-ord5-2.xx.fbcdn.net/v/t39.30808-1/408038176_2702817406531878_9133290973397502973_n.jpg?stp=cp0_dst-jpg_s32x32&_nc_cat=100&ccb=1-7&_nc_sid=50d2ac&_nc_ohc=zjLg74jpOA4Q7kNvgEP9M0t&_nc_ht=scontent-ord5-2.xx&oh=00_AYCh4yIR0P_f4ZNNydKC2y_2gj1RQW9K6gNdzctNYpL3EA&oe=66FA9AC3","https://www.facebook.com/antonsulaiman95","Y29tbWVudDoyOTE1MzkxNDI1Mjc0NDc0XzE3NjI1NDI1Mzc4NjU0MzQ=","Marlin Dang Lin langsung tanya beliau aj boss Erwan Iwan 🙏","1"
,,,,,,,,,,,,,,,,,,,,,,"https://www.facebook.com/antonsulaiman95/posts/pfbid02WsHWvqcnuYWAA8AkLxnHX1LcT9Dx23d4sz4D6rf3B9TU5yC1R4jnoTnZQFSPLZxTl?comment_id=1762542537865434&reply_comment_id=1731134697704908",,,,,,,,,,,,,,,,,,,,,,,,,,,,,,,,,,,,,"2024-09-19T04:35:50.000Z","2915391425274474","https://www.facebook.com/antonsulaiman95/posts/pfbid02WsHWvqcnuYWAA8AkLxnHX1LcT9Dx23d4sz4D6rf3B9TU5yC1R4jnoTnZQFSPLZxTl","ZmVlZGJhY2s6MjkxNTM5MTQyNTI3NDQ3NF8xNzMxMTM0Njk3NzA0OTA4","Y29tbWVudDoyOTE1MzkxNDI1Mjc0NDc0XzE3MzExMzQ2OTc3MDQ5MDg=","https://www.facebook.com/antonsulaiman95/posts/pfbid02WsHWvqcnuYWAA8AkLxnHX1LcT9Dx23d4sz4D6rf3B9TU5yC1R4jnoTnZQFSPLZxTl","0","250829661453806","false","User","100048275130776","Marlin Dang Lin","Marlin","Y29tbWVudDoyOTE1MzkxNDI1Mjc0NDc0XzE3NjI1NDI1Mzc4NjU0MzQ=","Hainan F1

#pariahibrida
#pareputih
#paretahanvirus
#pareberbuahlebat
#benihcitraasia
#bintangasia
#produkinovasianaknegeri
#suksesbersamabintangasia","100048275130776","Marlin Dang Lin","https://scontent-ord5-2.xx.fbcdn.net/v/t1.6435-1/88015789_100526718233166_5721694185497559040_n.jpg?stp=cp0_dst-jpg_s32x32&_nc_cat=110&ccb=1-7&_nc_sid=50d2ac&_nc_ohc=FJgHJK9F5k4Q7kNvgEd2XLt&_nc_ht=scontent-ord5-2.xx&oh=00_AYA5zylhFNNxGZ_SXQglCJBUz6l66pyAzZwd2SHCy86qwA&oe=671C1499","https://www.facebook.com/marlin.danglin","Y29tbWVudDoyOTE1MzkxNDI1Mjc0NDc0XzE3NjI1NDI1Mzc4NjU0MzQ=","Anton Sulaiman Bintang Asia krm no wa ny bos.","2"
