﻿"attachments/0/__typename","attachments/0/animated_image","attachments/0/animated_image/height","attachments/0/animated_image/uri","attachments/0/animated_image/width","attachments/0/animated_image_attribution","attachments/0/animated_image_caption","attachments/0/frame_count","attachments/0/frame_rate","attachments/0/frames_per_column","attachments/0/frames_per_row","attachments/0/id","attachments/0/image/height","attachments/0/image/uri","attachments/0/image/width","attachments/0/label","attachments/0/pack","attachments/0/pack/id","attachments/0/pack/name","attachments/0/sprite_image","attachments/0/sprite_image/uri","attachments/0/sticker_image/__typename","attachments/0/sticker_image/uri","attachments/0/target/__typename","attachments/0/target/id","attachments/0/target/matching_quantity","attachments/0/target/spark_quantity","attachments/0/target/stars_image_on_star_quantity","attachments/0/target/virtual_gift","attachments/0/target/virtual_gift_type/__typename","attachments/0/target/virtual_gift_type/gift_animated_image","attachments/0/target/virtual_gift_type/gift_image","attachments/0/target/virtual_gift_type/gift_keyframe_asset_name","attachments/0/target/virtual_gift_type/gift_keyframe_asset_url","attachments/0/target/virtual_gift_type/id","commentUrl","comments/0/attachments/0/__typename","comments/0/attachments/0/animated_image","comments/0/attachments/0/frame_count","comments/0/attachments/0/frame_rate","comments/0/attachments/0/frames_per_column","comments/0/attachments/0/frames_per_row","comments/0/attachments/0/id","comments/0/attachments/0/image/height","comments/0/attachments/0/image/uri","comments/0/attachments/0/image/width","comments/0/attachments/0/label","comments/0/attachments/0/pack","comments/0/attachments/0/sprite_image","comments/0/commentUrl","comments/0/commentsCount","comments/0/date","comments/0/feedbackId","comments/0/id","comments/0/likesCount","comments/0/parentComment/author/__typename","comments/0/parentComment/author/id","comments/0/parentComment/author/name","comments/0/parentComment/author/short_name","comments/0/parentComment/id","comments/0/profileId","comments/0/profileName","comments/0/profilePicture","comments/0/profileUrl","comments/0/replyToCommentId","comments/0/text","comments/0/threadingDepth","comments/1/commentUrl","comments/1/date","comments/1/feedbackId","comments/1/id","comments/1/likesCount","comments/1/parentComment/author/__typename","comments/1/parentComment/author/id","comments/1/parentComment/author/name","comments/1/parentComment/author/short_name","comments/1/parentComment/id","comments/1/profileId","comments/1/profileName","comments/1/profilePicture","comments/1/profileUrl","comments/1/replyToCommentId","comments/1/text","comments/1/threadingDepth","comments/2/attachments/0/__typename","comments/2/attachments/0/animated_image","comments/2/attachments/0/frame_count","comments/2/attachments/0/frame_rate","comments/2/attachments/0/frames_per_column","comments/2/attachments/0/frames_per_row","comments/2/attachments/0/id","comments/2/attachments/0/image/height","comments/2/attachments/0/image/uri","comments/2/attachments/0/image/width","comments/2/attachments/0/label","comments/2/attachments/0/pack","comments/2/attachments/0/sprite_image","comments/2/commentUrl","comments/2/date","comments/2/feedbackId","comments/2/id","comments/2/likesCount","comments/2/parentComment/author/__typename","comments/2/parentComment/author/id","comments/2/parentComment/author/name","comments/2/parentComment/author/short_name","comments/2/parentComment/id","comments/2/profileId","comments/2/profileName","comments/2/profilePicture","comments/2/profileUrl","comments/2/replyToCommentId","comments/2/text","comments/2/threadingDepth","commentsCount","date","facebookId","facebookUrl","feedbackId","id","inputUrl","likesCount","pageAdLibrary/id","pageAdLibrary/is_business_page_active","pageAdLibrary/woodhenge_creator_info","postTitle","profileId","profileName","profilePicture","profileUrl","text","threadingDepth"
,,,,,,,,,,,,,,,,,,,,,,,,,,,,,,,,,,,"https://www.facebook.com/jafaremba/posts/pfbid0336sy2Q8TDNt51mwJbJLEY39D31eXJh2DR1fmCLvzyB1cM9nnV8ZpcUVCQxYdx7hjl?comment_id=569658788754165",,,,,,,,,,,,,,,,,,,,,,,,,,,,,,,,,,,,,,,,,,,,,,,,,,,,,,,,,,,,,,,,,,,,,,,,,,,,,,,,"2024-10-02T12:07:31.000Z","1908232339674198","https://www.facebook.com/100014623516733/posts/1908232339674198","ZmVlZGJhY2s6MTkwODIzMjMzOTY3NDE5OF81Njk2NTg3ODg3NTQxNjU=","Y29tbWVudDoxOTA4MjMyMzM5Njc0MTk4XzU2OTY1ODc4ODc1NDE2NQ==","https://www.facebook.com/100014623516733/posts/1908232339674198","0","103383066093617","false",,"PT. Benih Citra Asia Memanggil!

Untuk anda, para influencer yang memiliki minat, bakat, & segmentasi konten dalam dunia pertanian.
Bersiaplah menjadi bagian dari Bintang asiA Influencer Bootcamp 2024.
 
Apa itu Bintang asiA Influencer Bootcamp 2024?

Bintang asiA Influencer Bootcamp 2024 merupakan program masterclass pengembangan bakat & skill untuk para influencer berbasis pertanian & memanajemen konten kreatif yang diselenggarakan oleh PT. Benih Citra Asia. Bootcamp ini akan berlangsung 07-10 Oktober 2024.

Kenapa Ikut Bintang asiA Influencer Bootcamp 2024?

Peserta akan mendapatkan ilmu & pengalaman untuk mengembangkan potensi diri & skill dalam dunia pertanian dari hulu hingga hilir. Berjumpa dengan peserta dari berbagai latar belakang. Selain itu, peserta terseleksi akan mendapatkan peluang kontrak endorsement selama satu tahun penuh dengan PT. Benih Citra Asia. 

Yang lebih seru lagi, acara ini full gratis tanpa dipungut biaya!

Yuk daftar bisa langsung scan barcode/chat nomor yang tertera dengan format nama lengkap & link akun sosial media.

Semua influencer pertanian boleh ikut. Tapi jangan lupa baca dengan seksama syarat & ketentuannya ya!

Sukses Bersama Bintang asiA!

#Bootcamp2024 #bootcampinfluencer #masterclass #pertanian #Bintangasia
#agriculture #bintangasiabootcamp2024 #influencer #influencerbootcamp #theinfluencerbootcamp 
#suksesbersamabintangasia #petani #pertanian #jagungmanis #beritatani #infopertanian #workshop #petanimillenial #cuwitan62 #benih #benihunggul #bintangasia #benihcitraasia #jagung #benihjagung #ketahananpangan #event","100014623516733","Muhammadjafar","https://scontent.fcpq17-1.fna.fbcdn.net/v/t39.30808-1/437777564_1796463224184444_6323579690372403329_n.jpg?stp=cp0_dst-jpg_s32x32&_nc_cat=104&ccb=1-7&_nc_sid=50d2ac&_nc_ohc=aN-pVRnss1UQ7kNvgG3TLNy&_nc_ht=scontent.fcpq17-1.fna&_nc_gid=ANwUSKCjix3-gISjkiZvQVV&oh=00_AYDBPktFwrS0GTDwvmK8LAsVmybpdsEkcnDzIBD3yxWb7A&oe=670C1810","https://www.facebook.com/jafaremba","Gasspooll...remnya tipis2 😂😂😂","0"
,,,,,,,,,,,,,,,,,,,,,,,,,,,,,,,,,,,"https://www.facebook.com/jafaremba/posts/pfbid0336sy2Q8TDNt51mwJbJLEY39D31eXJh2DR1fmCLvzyB1cM9nnV8ZpcUVCQxYdx7hjl?comment_id=1245592176791125",,,,,,,,,,,,,,,,,,,,,,,,,,,,,,,,,,,,,,,,,,,,,,,,,,,,,,,,,,,,,,,,,,,,,,,,,,,,,,,,"2024-09-30T10:41:35.000Z","1908232339674198","https://www.facebook.com/100014623516733/posts/1908232339674198","ZmVlZGJhY2s6MTkwODIzMjMzOTY3NDE5OF8xMjQ1NTkyMTc2NzkxMTI1","Y29tbWVudDoxOTA4MjMyMzM5Njc0MTk4XzEyNDU1OTIxNzY3OTExMjU=","https://www.facebook.com/100014623516733/posts/1908232339674198","1","103383066093617","false",,"PT. Benih Citra Asia Memanggil!

Untuk anda, para influencer yang memiliki minat, bakat, & segmentasi konten dalam dunia pertanian.
Bersiaplah menjadi bagian dari Bintang asiA Influencer Bootcamp 2024.
 
Apa itu Bintang asiA Influencer Bootcamp 2024?

Bintang asiA Influencer Bootcamp 2024 merupakan program masterclass pengembangan bakat & skill untuk para influencer berbasis pertanian & memanajemen konten kreatif yang diselenggarakan oleh PT. Benih Citra Asia. Bootcamp ini akan berlangsung 07-10 Oktober 2024.

Kenapa Ikut Bintang asiA Influencer Bootcamp 2024?

Peserta akan mendapatkan ilmu & pengalaman untuk mengembangkan potensi diri & skill dalam dunia pertanian dari hulu hingga hilir. Berjumpa dengan peserta dari berbagai latar belakang. Selain itu, peserta terseleksi akan mendapatkan peluang kontrak endorsement selama satu tahun penuh dengan PT. Benih Citra Asia. 

Yang lebih seru lagi, acara ini full gratis tanpa dipungut biaya!

Yuk daftar bisa langsung scan barcode/chat nomor yang tertera dengan format nama lengkap & link akun sosial media.

Semua influencer pertanian boleh ikut. Tapi jangan lupa baca dengan seksama syarat & ketentuannya ya!

Sukses Bersama Bintang asiA!

#Bootcamp2024 #bootcampinfluencer #masterclass #pertanian #Bintangasia
#agriculture #bintangasiabootcamp2024 #influencer #influencerbootcamp #theinfluencerbootcamp 
#suksesbersamabintangasia #petani #pertanian #jagungmanis #beritatani #infopertanian #workshop #petanimillenial #cuwitan62 #benih #benihunggul #bintangasia #benihcitraasia #jagung #benihjagung #ketahananpangan #event","100007578522755","Renzy Bintangasia","https://scontent.fcpq17-1.fna.fbcdn.net/v/t39.30808-1/426012403_3605728109689771_2277782955804277447_n.jpg?stp=cp0_dst-jpg_s32x32&_nc_cat=104&ccb=1-7&_nc_sid=50d2ac&_nc_ohc=esyLYxeEH48Q7kNvgH1cAM7&_nc_ht=scontent.fcpq17-1.fna&_nc_gid=ANwUSKCjix3-gISjkiZvQVV&oh=00_AYBTiec1jz9XbihBnjLPHrgMpNVFRpYsKAjCmie1neA3Qg&oe=670BF044","https://www.facebook.com/renzi.prayuda","Gass boss","0"
,,,,,,,,,,,,,,,,,,,,,,,,,,,,,,,,,,,"https://www.facebook.com/jafaremba/posts/pfbid0sUVLDP4wtbQ4FU5HiWv71HzLwEnSiSW3HbAgx865VQLoR1WXEG5iD6cxe1QeBjjgl?comment_id=2297156950634023",,,,,,,,,,,,,,"https://www.facebook.com/jafaremba/posts/pfbid0sUVLDP4wtbQ4FU5HiWv71HzLwEnSiSW3HbAgx865VQLoR1WXEG5iD6cxe1QeBjjgl?comment_id=2297156950634023&reply_comment_id=396492626612120",,"2024-09-20T22:16:09.000Z","ZmVlZGJhY2s6MTkwMDU2NzQxNzEwNzM1N18zOTY0OTI2MjY2MTIxMjA=","Y29tbWVudDoxOTAwNTY3NDE3MTA3MzU3XzM5NjQ5MjYyNjYxMjEyMA==","0","User","pfbid04LrHoAfA2vX7PnbBGaN5rPv1vFcGEzbKfPEeYHMYccWvkeiG6FFiQ8DQGVFGyV83l","Naba Jhy","Naba","Y29tbWVudDoxOTAwNTY3NDE3MTA3MzU3XzIyOTcxNTY5NTA2MzQwMjM=","100014623516733","Muhammadjafar","https://scontent-hou1-1.xx.fbcdn.net/v/t39.30808-1/437777564_1796463224184444_6323579690372403329_n.jpg?stp=cp0_dst-jpg_s32x32&_nc_cat=104&ccb=1-7&_nc_sid=50d2ac&_nc_ohc=aN-pVRnss1UQ7kNvgG3z7ht&_nc_ht=scontent-hou1-1.xx&_nc_gid=AaG9VTsy6oy0knHjnsBhcFp&oh=00_AYCNNkxMjBje6HjB6srLn07Nrx3FZrK3lOt5QB7Fi0DmDw&oe=670C1810","https://www.facebook.com/jafaremba","Y29tbWVudDoxOTAwNTY3NDE3MTA3MzU3XzIyOTcxNTY5NTA2MzQwMjM=","Naba Jhy amiin...terimah kasih cika'🙏🏼🙏🏼🙏🏼","1",,,,,,,,,,,,,,,,,,,,,,,,,,,,,,,,,,,,,,,,,,,,,,,,"1","2024-09-19T10:38:58.000Z","1900567417107357","https://www.facebook.com/100014623516733/posts/1900567417107357","ZmVlZGJhY2s6MTkwMDU2NzQxNzEwNzM1N18yMjk3MTU2OTUwNjM0MDIz","Y29tbWVudDoxOTAwNTY3NDE3MTA3MzU3XzIyOTcxNTY5NTA2MzQwMjM=","https://www.facebook.com/100014623516733/posts/1900567417107357","1","105810022614331","false",,"Alhamdulillah hari ini bisa bersua dgn para pejuang pagan kab. Gowa
Terimakasih Muhammadjafar atas jamuannya I. Allah Panennya berhasil dgn harga yg memuaskan, Amiin... 
#hargaterjankau
#hasilmemukau
#BintangAsia
#pastibisapastisukses","pfbid04LrHoAfA2vX7PnbBGaN5rPv1vFcGEzbKfPEeYHMYccWvkeiG6FFiQ8DQGVFGyV83l","Naba Jhy","https://scontent-hou1-1.xx.fbcdn.net/v/t39.30808-1/327581110_723719812599785_1730958213042795654_n.jpg?stp=cp0_dst-jpg_s32x32&_nc_cat=106&ccb=1-7&_nc_sid=0ecb9b&_nc_ohc=w9s6t7-4BWMQ7kNvgEL99Uc&_nc_ht=scontent-hou1-1.xx&_nc_gid=AaG9VTsy6oy0knHjnsBhcFp&oh=00_AYCwZVDiuZH4GyKHGA4dYBcxSf5PGKIy-6abBzwBwAhR2Q&oe=670BF733","https://www.facebook.com/naba.jhy","Semoga hasilx memuaskan","0"
,,,,,,,,,,,,,,,,,,,,,,,,,,,,,,,,,,,"https://www.facebook.com/jafaremba/posts/pfbid0h9UKXkM7nSiXtzCt8q7nck8tkX8hJGBLwm751eaVVrwhqtrsL2Vts75qUvuE3D1bl?comment_id=1567091590869244",,,,,,,,,,,,,,"https://www.facebook.com/jafaremba/posts/pfbid0h9UKXkM7nSiXtzCt8q7nck8tkX8hJGBLwm751eaVVrwhqtrsL2Vts75qUvuE3D1bl?comment_id=1567091590869244&reply_comment_id=1519025602313442","1","2024-10-02T11:35:28.000Z","ZmVlZGJhY2s6MTkxMTMxOTIzNjAzMjE3NV8xNTE5MDI1NjAyMzEzNDQy","Y29tbWVudDoxOTExMzE5MjM2MDMyMTc1XzE1MTkwMjU2MDIzMTM0NDI=","0","User","100026667343943","Onco Aisun","Onco","Y29tbWVudDoxOTExMzE5MjM2MDMyMTc1XzE1NjcwOTE1OTA4NjkyNDQ=","100014623516733","Muhammadjafar","https://scontent.fist6-2.fna.fbcdn.net/v/t39.30808-1/437777564_1796463224184444_6323579690372403329_n.jpg?stp=cp0_dst-jpg_s32x32&_nc_cat=104&ccb=1-7&_nc_sid=50d2ac&_nc_ohc=aN-pVRnss1UQ7kNvgHjvAx_&_nc_ht=scontent.fist6-2.fna&_nc_gid=AHOVY_LRIFPnLp-oAfTbbu7&oh=00_AYAR75mcTzJt0QnZUMsVVnghab3fZYkftCI5IbsXGV6Q0A&oe=670C1810","https://www.facebook.com/jafaremba","Y29tbWVudDoxOTExMzE5MjM2MDMyMTc1XzE1NjcwOTE1OTA4NjkyNDQ=","Onco Aisun hehehe...namanya cuang,semuanya serba manis🤭🤭","1","https://www.facebook.com/jafaremba/posts/pfbid0h9UKXkM7nSiXtzCt8q7nck8tkX8hJGBLwm751eaVVrwhqtrsL2Vts75qUvuE3D1bl?comment_id=1567091590869244&reply_comment_id=562616056106484","2024-10-02T11:43:23.000Z","ZmVlZGJhY2s6MTkxMTMxOTIzNjAzMjE3NV81NjI2MTYwNTYxMDY0ODQ=","Y29tbWVudDoxOTExMzE5MjM2MDMyMTc1XzU2MjYxNjA1NjEwNjQ4NA==","0","User","100026667343943","Onco Aisun","Onco","Y29tbWVudDoxOTExMzE5MjM2MDMyMTc1XzE1NjcwOTE1OTA4NjkyNDQ=","100026667343943","Onco Aisun","https://scontent.fist6-2.fna.fbcdn.net/v/t39.30808-1/460581796_1592849504947279_5761300388289050245_n.jpg?stp=cp0_dst-jpg_s32x32&_nc_cat=104&ccb=1-7&_nc_sid=50d2ac&_nc_ohc=YTU6IlQUP30Q7kNvgEJIdXW&_nc_ht=scontent.fist6-2.fna&_nc_gid=AHOVY_LRIFPnLp-oAfTbbu7&oh=00_AYAo9IRbKUmh-oou8YFEi6Yg-By35CmuQs51VH57K5SEEw&oe=670C0301",,"Y29tbWVudDoxOTExMzE5MjM2MDMyMTc1XzE1NjcwOTE1OTA4NjkyNDQ=","Muhammadjafar hhhheeee,,,betul betul","2",,,,,,,,,,,,,,,,,,,,,,,,,,,,,,,"2","2024-10-02T10:08:50.000Z","1911319236032175","https://www.facebook.com/100014623516733/posts/1911319236032175","ZmVlZGJhY2s6MTkxMTMxOTIzNjAzMjE3NV8xNTY3MDkxNTkwODY5MjQ0","Y29tbWVudDoxOTExMzE5MjM2MDMyMTc1XzE1NjcwOTE1OTA4NjkyNDQ=","https://www.facebook.com/100014623516733/posts/1911319236032175","1","250829661453806","false",,"ROMANZA F1
Jagung manis hibrida.
Warna bulir : kuning terang.
Warna kelobot : hijau.
Umur panen : ± 75 hst.
Potensi hasil : ± 26 ton/ha.
Tongkol besar.
Potensi putren tinggi.
Berpotensi bertongkol 2.
Bobot tongkol : 450-500 gr.
Toleran kresek dan bulai.

#jagungmanis
#jagungmanishibrida
#RomanzaF1
#petanijagung
#petanimilenial
#benihcitraasia
#bintangasia
#produkinovasianaknegeri
#suksesbersamabintangasia","100026667343943","Onco Aisun","https://scontent.fist6-2.fna.fbcdn.net/v/t39.30808-1/460581796_1592849504947279_5761300388289050245_n.jpg?stp=cp0_dst-jpg_s32x32&_nc_cat=104&ccb=1-7&_nc_sid=50d2ac&_nc_ohc=YTU6IlQUP30Q7kNvgEJIdXW&_nc_ht=scontent.fist6-2.fna&_nc_gid=AHOVY_LRIFPnLp-oAfTbbu7&oh=00_AYAo9IRbKUmh-oou8YFEi6Yg-By35CmuQs51VH57K5SEEw&oe=670C0301",,"Deh fokus manisnya terasa sampai di kantong 🤣🤣🤣🤣🤣","0"
,,,,,,,,,,,,,,,,,,,,,,,,,,,,,,,,,,,"https://www.facebook.com/jafaremba/posts/pfbid0h9UKXkM7nSiXtzCt8q7nck8tkX8hJGBLwm751eaVVrwhqtrsL2Vts75qUvuE3D1bl?comment_id=1097517164584801",,,,,,,,,,,,,,"https://www.facebook.com/jafaremba/posts/pfbid0h9UKXkM7nSiXtzCt8q7nck8tkX8hJGBLwm751eaVVrwhqtrsL2Vts75qUvuE3D1bl?comment_id=1097517164584801&reply_comment_id=842207958116981",,"2024-10-02T06:21:08.000Z","ZmVlZGJhY2s6MTkxMTMxOTIzNjAzMjE3NV84NDIyMDc5NTgxMTY5ODE=","Y29tbWVudDoxOTExMzE5MjM2MDMyMTc1Xzg0MjIwNzk1ODExNjk4MQ==","0","User","pfbid04XE4bezr4nLzT2JrArA6nrX2kyyrBYGMAvdFDJx4jtYBi6rcepXd9gDLoZ9WazYil","Hermanto Yusuf","Hermanto","Y29tbWVudDoxOTExMzE5MjM2MDMyMTc1XzEwOTc1MTcxNjQ1ODQ4MDE=","100014623516733","Muhammadjafar","https://scontent.fist6-2.fna.fbcdn.net/v/t39.30808-1/437777564_1796463224184444_6323579690372403329_n.jpg?stp=cp0_dst-jpg_s32x32&_nc_cat=104&ccb=1-7&_nc_sid=50d2ac&_nc_ohc=aN-pVRnss1UQ7kNvgHjvAx_&_nc_ht=scontent.fist6-2.fna&_nc_gid=AHOVY_LRIFPnLp-oAfTbbu7&oh=00_AYAR75mcTzJt0QnZUMsVVnghab3fZYkftCI5IbsXGV6Q0A&oe=670C1810","https://www.facebook.com/jafaremba","Y29tbWVudDoxOTExMzE5MjM2MDMyMTc1XzEwOTc1MTcxNjQ1ODQ4MDE=","Hermanto Yusuf info mas Ahmad daeng","1",,,,,,,,,,,,,,,,,,,,,,,,,,,,,,,,,,,,,,,,,,,,,,,,"1","2024-10-02T06:10:21.000Z","1911319236032175","https://www.facebook.com/100014623516733/posts/1911319236032175","ZmVlZGJhY2s6MTkxMTMxOTIzNjAzMjE3NV8xMDk3NTE3MTY0NTg0ODAx","Y29tbWVudDoxOTExMzE5MjM2MDMyMTc1XzEwOTc1MTcxNjQ1ODQ4MDE=","https://www.facebook.com/100014623516733/posts/1911319236032175","1","250829661453806","false",,"ROMANZA F1
Jagung manis hibrida.
Warna bulir : kuning terang.
Warna kelobot : hijau.
Umur panen : ± 75 hst.
Potensi hasil : ± 26 ton/ha.
Tongkol besar.
Potensi putren tinggi.
Berpotensi bertongkol 2.
Bobot tongkol : 450-500 gr.
Toleran kresek dan bulai.

#jagungmanis
#jagungmanishibrida
#RomanzaF1
#petanijagung
#petanimilenial
#benihcitraasia
#bintangasia
#produkinovasianaknegeri
#suksesbersamabintangasia","pfbid04XE4bezr4nLzT2JrArA6nrX2kyyrBYGMAvdFDJx4jtYBi6rcepXd9gDLoZ9WazYil","Hermanto Yusuf","https://scontent.fist20-1.fna.fbcdn.net/v/t1.6435-1/120825479_332775954649976_2517755352980640367_n.jpg?stp=cp0_dst-jpg_s32x32&_nc_cat=109&ccb=1-7&_nc_sid=0ecb9b&_nc_ohc=aRvzi8Ts9YAQ7kNvgGYPuul&_nc_ht=scontent.fist20-1.fna&_nc_gid=AHOVY_LRIFPnLp-oAfTbbu7&oh=00_AYAHR8mGqTCPqH245bqAPgXIYgeSuVFhUEcej0Y0guYNeg&oe=672DAC1A","https://www.facebook.com/people/Hermanto-Yusuf/pfbid04XE4bezr4nLzT2JrArA6nrX2kyyrBYGMAvdFDJx4jtYBi6rcepXd9gDLoZ9WazYil/","Berapa satu bungkus","0"
,,,,,,,,,,,,,,,,,,,,,,,,,,,,,,,,,,,"https://www.facebook.com/jafaremba/posts/pfbid0h9UKXkM7nSiXtzCt8q7nck8tkX8hJGBLwm751eaVVrwhqtrsL2Vts75qUvuE3D1bl?comment_id=541614748248610",,,,,,,,,,,,,,"https://www.facebook.com/jafaremba/posts/pfbid0h9UKXkM7nSiXtzCt8q7nck8tkX8hJGBLwm751eaVVrwhqtrsL2Vts75qUvuE3D1bl?comment_id=541614748248610&reply_comment_id=550367840858763",,"2024-10-02T06:41:35.000Z","ZmVlZGJhY2s6MTkxMTMxOTIzNjAzMjE3NV81NTAzNjc4NDA4NTg3NjM=","Y29tbWVudDoxOTExMzE5MjM2MDMyMTc1XzU1MDM2Nzg0MDg1ODc2Mw==","0","User","pfbid04XE4bezr4nLzT2JrArA6nrX2kyyrBYGMAvdFDJx4jtYBi6rcepXd9gDLoZ9WazYil","Hermanto Yusuf","Hermanto","Y29tbWVudDoxOTExMzE5MjM2MDMyMTc1XzU0MTYxNDc0ODI0ODYxMA==","100014623516733","Muhammadjafar","https://scontent.fist6-2.fna.fbcdn.net/v/t39.30808-1/437777564_1796463224184444_6323579690372403329_n.jpg?stp=cp0_dst-jpg_s32x32&_nc_cat=104&ccb=1-7&_nc_sid=50d2ac&_nc_ohc=aN-pVRnss1UQ7kNvgHjvAx_&_nc_ht=scontent.fist6-2.fna&_nc_gid=AHOVY_LRIFPnLp-oAfTbbu7&oh=00_AYAR75mcTzJt0QnZUMsVVnghab3fZYkftCI5IbsXGV6Q0A&oe=670C1810","https://www.facebook.com/jafaremba","Y29tbWVudDoxOTExMzE5MjM2MDMyMTc1XzU0MTYxNDc0ODI0ODYxMA==","Hermanto Yusuf hampir panen kulihat klu lewatka","1",,,,,,,,,,,,,,,,,,,,,,,,,,,,,,,,,,,,,,,,,,,,,,,,"1","2024-10-02T06:22:55.000Z","1911319236032175","https://www.facebook.com/100014623516733/posts/1911319236032175","ZmVlZGJhY2s6MTkxMTMxOTIzNjAzMjE3NV81NDE2MTQ3NDgyNDg2MTA=","Y29tbWVudDoxOTExMzE5MjM2MDMyMTc1XzU0MTYxNDc0ODI0ODYxMA==","https://www.facebook.com/100014623516733/posts/1911319236032175","1","250829661453806","false",,"ROMANZA F1
Jagung manis hibrida.
Warna bulir : kuning terang.
Warna kelobot : hijau.
Umur panen : ± 75 hst.
Potensi hasil : ± 26 ton/ha.
Tongkol besar.
Potensi putren tinggi.
Berpotensi bertongkol 2.
Bobot tongkol : 450-500 gr.
Toleran kresek dan bulai.

#jagungmanis
#jagungmanishibrida
#RomanzaF1
#petanijagung
#petanimilenial
#benihcitraasia
#bintangasia
#produkinovasianaknegeri
#suksesbersamabintangasia","pfbid04XE4bezr4nLzT2JrArA6nrX2kyyrBYGMAvdFDJx4jtYBi6rcepXd9gDLoZ9WazYil","Hermanto Yusuf","https://scontent.fist20-1.fna.fbcdn.net/v/t1.6435-1/120825479_332775954649976_2517755352980640367_n.jpg?stp=cp0_dst-jpg_s32x32&_nc_cat=109&ccb=1-7&_nc_sid=0ecb9b&_nc_ohc=aRvzi8Ts9YAQ7kNvgGYPuul&_nc_ht=scontent.fist20-1.fna&_nc_gid=AHOVY_LRIFPnLp-oAfTbbu7&oh=00_AYAHR8mGqTCPqH245bqAPgXIYgeSuVFhUEcej0Y0guYNeg&oe=672DAC1A","https://www.facebook.com/people/Hermanto-Yusuf/pfbid04XE4bezr4nLzT2JrArA6nrX2kyyrBYGMAvdFDJx4jtYBi6rcepXd9gDLoZ9WazYil/","Kalau di wilayah ku yg di tanam jagung Paragon","0"
"Sticker",,,"https://scontent-atl3-1.xx.fbcdn.net/v/t39.1997-6/47055694_1834508303314720_643166924464717824_n.webp?stp=dst-webp_s110x80&_nc_cat=1&ccb=1-7&_nc_sid=ba09c1&_nc_ohc=UYefZX1Rx1cQ7kNvgGbjI2y&_nc_ht=scontent-atl3-1.xx&_nc_gid=Aj1Y6b4ualKOUPt7Fjm80ui&oh=00_AYD7WeX-AJXOIyhM_iu1XcdNHLnhsbyBtDFGXarbHvfpnQ&oe=670C09C9",,,,"12","83","3","4","1193278434104380","80","https://scontent-atl3-1.xx.fbcdn.net/v/t39.1997-6/47614232_1846683475430536_3135922765756891136_n.png?stp=cp0_dst-png_s110x80&_nc_cat=1&ccb=1-7&_nc_sid=23dd7b&_nc_ohc=gzyPe3N4nc4Q7kNvgGdpP4f&_nc_ht=scontent-atl3-1.xx&_nc_gid=Aj1Y6b4ualKOUPt7Fjm80ui&oh=00_AYAwR5GE0ED1QcfHgobhesVKYXLPy4Nh4LMSPX1OQwjLoQ&oe=670C1523","80","Thumbs Up, girl giving thumbs up",,"1193273174104906","Noo-Hin",,"https://scontent-atl3-1.xx.fbcdn.net/v/t39.1997-6/47472862_1846683478763869_5271603212267290624_n.png?stp=dst-png_p240x240&_nc_cat=1&ccb=1-7&_nc_sid=ba09c1&_nc_ohc=MnaP40vEtsoQ7kNvgE9yahh&_nc_ht=scontent-atl3-1.xx&_nc_gid=Aj1Y6b4ualKOUPt7Fjm80ui&oh=00_AYCq8dXClNNWQsTB1oH3DoUKQmEOCJQxyMKKKgzZOhZPsg&oe=670BF67E",,,,,,,,,,,,,,,"https://www.facebook.com/jafaremba/posts/pfbid02zPQ529oSWCPUZQ3DLXJXddtvBupwAR3dgkY1mFFR9hnuCJUXnf7MzhRVF4eiy3Pdl?comment_id=1093350685733621",,,,,,,,,,,,,,,,,,,,,,,,,,,,,,,,,,,,,,,,,,,,,,,,,,,,,,,,,,,,,,,,,,,,,,,,,,,,,,,,"2024-09-10T10:15:59.000Z","1893697727794326","https://www.facebook.com/100014623516733/posts/1893697727794326","ZmVlZGJhY2s6MTg5MzY5NzcyNzc5NDMyNl8xMDkzMzUwNjg1NzMzNjIx","Y29tbWVudDoxODkzNjk3NzI3Nzk0MzI2XzEwOTMzNTA2ODU3MzM2MjE=","https://www.facebook.com/100014623516733/posts/1893697727794326","1","110168501881093","false",,"buah Melon bukan es buah,...","pfbid021LSZRX61qHfGd4aBifeY2xfMkVRgp2FMvLTSJPkoMJh91nZF56SBv2BhXGCSUDbYl","Jamaludin Sese","https://scontent-atl3-2.xx.fbcdn.net/v/t39.30808-1/404053177_213944158400826_2340189131188094960_n.jpg?stp=c210.0.540.540a_cp0_dst-jpg_s32x32&_nc_cat=102&ccb=1-7&_nc_sid=0ecb9b&_nc_ohc=ECiJmiXDDIMQ7kNvgFpArZ7&_nc_ht=scontent-atl3-2.xx&_nc_gid=Aj1Y6b4ualKOUPt7Fjm80ui&oh=00_AYDhXehN783xpWgdVhW1DnZC2m_HGlsS55eJ-zyVleUuHw&oe=670C0F13","https://www.facebook.com/people/Jamaludin-Sese/pfbid021LSZRX61qHfGd4aBifeY2xfMkVRgp2FMvLTSJPkoMJh91nZF56SBv2BhXGCSUDbYl/",,"0"
"Sticker",,,,,,,"1","83","1","1","1000519493737088","80","https://scontent-atl3-1.xx.fbcdn.net/v/t39.1997-6/105258811_1000519497070421_1877687988442182543_n.png?stp=cp0_dst-png_s110x80&_nc_cat=1&ccb=1-7&_nc_sid=23dd7b&_nc_ohc=XLV_yZseIRkQ7kNvgG5WFaI&_nc_ht=scontent-atl3-1.xx&_nc_gid=Aj1Y6b4ualKOUPt7Fjm80ui&oh=00_AYBHud6ScwzoY5I0RdPY7L-cV5Adometp0sJXdn0Ea3i7g&oe=670BF76B","80","a outstretched arm with a thumbs up. on the arm is written 'great' in indonesian",,"1000303507092020","Stories Stickers in Feed",,,,,,,,,,,,,,,,,"https://www.facebook.com/jafaremba/posts/pfbid02zPQ529oSWCPUZQ3DLXJXddtvBupwAR3dgkY1mFFR9hnuCJUXnf7MzhRVF4eiy3Pdl?comment_id=1451118842257612","Sticker",,"1","83","1","1","1019836199854936","128","https://scontent-atl3-2.xx.fbcdn.net/v/t39.1997-6/453068571_1019836203188269_6563392767918289542_n.png?stp=dst-png_s168x128&_nc_cat=101&ccb=1-7&_nc_sid=23dd7b&_nc_ohc=vV07ZoJK_6sQ7kNvgGRMc-M&_nc_ht=scontent-atl3-2.xx&_nc_gid=Aj1Y6b4ualKOUPt7Fjm80ui&oh=00_AYBhU4nrp8PmCHlNcWNsy1nTp1ylcMPi3YhE-vGlqvvopg&oe=670C099E","128","",,,"https://www.facebook.com/jafaremba/posts/pfbid02zPQ529oSWCPUZQ3DLXJXddtvBupwAR3dgkY1mFFR9hnuCJUXnf7MzhRVF4eiy3Pdl?comment_id=1451118842257612&reply_comment_id=369066709587008",,"2024-09-10T11:05:26.000Z","ZmVlZGJhY2s6MTg5MzY5NzcyNzc5NDMyNl8zNjkwNjY3MDk1ODcwMDg=","Y29tbWVudDoxODkzNjk3NzI3Nzk0MzI2XzM2OTA2NjcwOTU4NzAwOA==","0","User","pfbid021LSZRX61qHfGd4aBifeY2xfMkVRgp2FMvLTSJPkoMJh91nZF56SBv2BhXGCSUDbYl","Jamaludin Sese","Jamaludin","Y29tbWVudDoxODkzNjk3NzI3Nzk0MzI2XzE0NTExMTg4NDIyNTc2MTI=","100014623516733","Muhammadjafar","https://scontent-atl3-2.xx.fbcdn.net/v/t39.30808-1/437777564_1796463224184444_6323579690372403329_n.jpg?stp=cp0_dst-jpg_s32x32&_nc_cat=104&ccb=1-7&_nc_sid=50d2ac&_nc_ohc=aN-pVRnss1UQ7kNvgEzj9KO&_nc_ht=scontent-atl3-2.xx&_nc_gid=Aj1Y6b4ualKOUPt7Fjm80ui&oh=00_AYAKwoPE0AyGvfNCXy_7DdLLzvnxW-chMZjn9NYM3jYjWw&oe=670C1810","https://www.facebook.com/jafaremba","Y29tbWVudDoxODkzNjk3NzI3Nzk0MzI2XzE0NTExMTg4NDIyNTc2MTI=","Jamaludin Sese","1",,,,,,,,,,,,,,,,,,,,,,,,,,,,,,,,,,,,,,,,,,,,,,,,"1","2024-09-10T10:16:07.000Z","1893697727794326","https://www.facebook.com/100014623516733/posts/1893697727794326","ZmVlZGJhY2s6MTg5MzY5NzcyNzc5NDMyNl8xNDUxMTE4ODQyMjU3NjEy","Y29tbWVudDoxODkzNjk3NzI3Nzk0MzI2XzE0NTExMTg4NDIyNTc2MTI=","https://www.facebook.com/100014623516733/posts/1893697727794326","1","110168501881093","false",,"buah Melon bukan es buah,...","pfbid021LSZRX61qHfGd4aBifeY2xfMkVRgp2FMvLTSJPkoMJh91nZF56SBv2BhXGCSUDbYl","Jamaludin Sese","https://scontent-atl3-2.xx.fbcdn.net/v/t39.30808-1/404053177_213944158400826_2340189131188094960_n.jpg?stp=c210.0.540.540a_cp0_dst-jpg_s32x32&_nc_cat=102&ccb=1-7&_nc_sid=0ecb9b&_nc_ohc=ECiJmiXDDIMQ7kNvgFpArZ7&_nc_ht=scontent-atl3-2.xx&_nc_gid=Aj1Y6b4ualKOUPt7Fjm80ui&oh=00_AYDhXehN783xpWgdVhW1DnZC2m_HGlsS55eJ-zyVleUuHw&oe=670C0F13","https://www.facebook.com/people/Jamaludin-Sese/pfbid021LSZRX61qHfGd4aBifeY2xfMkVRgp2FMvLTSJPkoMJh91nZF56SBv2BhXGCSUDbYl/",,"0"
"Sticker",,,"https://scontent-atl3-1.xx.fbcdn.net/v/t39.1997-6/47055694_1834508303314720_643166924464717824_n.webp?stp=dst-webp_s110x80&_nc_cat=1&ccb=1-7&_nc_sid=ba09c1&_nc_ohc=UYefZX1Rx1cQ7kNvgGbjI2y&_nc_ht=scontent-atl3-1.xx&_nc_gid=Aj1Y6b4ualKOUPt7Fjm80ui&oh=00_AYD7WeX-AJXOIyhM_iu1XcdNHLnhsbyBtDFGXarbHvfpnQ&oe=670C09C9",,,,"12","83","3","4","1193278434104380","80","https://scontent-atl3-1.xx.fbcdn.net/v/t39.1997-6/47614232_1846683475430536_3135922765756891136_n.png?stp=cp0_dst-png_s110x80&_nc_cat=1&ccb=1-7&_nc_sid=23dd7b&_nc_ohc=gzyPe3N4nc4Q7kNvgGdpP4f&_nc_ht=scontent-atl3-1.xx&_nc_gid=Aj1Y6b4ualKOUPt7Fjm80ui&oh=00_AYAwR5GE0ED1QcfHgobhesVKYXLPy4Nh4LMSPX1OQwjLoQ&oe=670C1523","80","Thumbs Up, girl giving thumbs up",,"1193273174104906","Noo-Hin",,"https://scontent-atl3-1.xx.fbcdn.net/v/t39.1997-6/47472862_1846683478763869_5271603212267290624_n.png?stp=dst-png_p240x240&_nc_cat=1&ccb=1-7&_nc_sid=ba09c1&_nc_ohc=MnaP40vEtsoQ7kNvgE9yahh&_nc_ht=scontent-atl3-1.xx&_nc_gid=Aj1Y6b4ualKOUPt7Fjm80ui&oh=00_AYCq8dXClNNWQsTB1oH3DoUKQmEOCJQxyMKKKgzZOhZPsg&oe=670BF67E",,,,,,,,,,,,,,,"https://www.facebook.com/jafaremba/posts/pfbid02zPQ529oSWCPUZQ3DLXJXddtvBupwAR3dgkY1mFFR9hnuCJUXnf7MzhRVF4eiy3Pdl?comment_id=1064675285319124",,,,,,,,,,,,,,,,,,,,,,,,,,,,,,,,,,,,,,,,,,,,,,,,,,,,,,,,,,,,,,,,,,,,,,,,,,,,,,,,"2024-09-10T11:12:15.000Z","1893697727794326","https://www.facebook.com/100014623516733/posts/1893697727794326","ZmVlZGJhY2s6MTg5MzY5NzcyNzc5NDMyNl8xMDY0Njc1Mjg1MzE5MTI0","Y29tbWVudDoxODkzNjk3NzI3Nzk0MzI2XzEwNjQ2NzUyODUzMTkxMjQ=","https://www.facebook.com/100014623516733/posts/1893697727794326","1","110168501881093","false",,"buah Melon bukan es buah,...","pfbid0vXr5KkQ3QP3wZYxR6C9H3gaH6JYik8RVYxcUDuMa45HXqE65RNygMjxu6fAQJ544l","I Sennang","https://scontent-atl3-1.xx.fbcdn.net/v/t1.30497-1/453178253_471506465671661_2781666950760530985_n.png?stp=cp0_dst-png_s32x32&_nc_cat=1&ccb=1-7&_nc_sid=136b72&_nc_ohc=A9yMFZhP9ooQ7kNvgEMS816&_nc_ht=scontent-atl3-1.xx&_nc_gid=Aj1Y6b4ualKOUPt7Fjm80ui&oh=00_AYC4jKtEjtUT1pXyOotC0MOMLFowT16LUnqDb39u9-iLQg&oe=672D997A","https://www.facebook.com/people/I-Sennang/pfbid0vXr5KkQ3QP3wZYxR6C9H3gaH6JYik8RVYxcUDuMa45HXqE65RNygMjxu6fAQJ544l/",,"0"
,,,,,,,,,,,,,,,,,,,,,,,,,,,,,,,,,,,"https://www.facebook.com/reel/819473880350063/?comment_id=531944626031811",,,,,,,,,,,,,,,,,,,,,,,,,,,,,,,,,,,,,,,,,,,,,,,,,,,,,,,,,,,,,,,,,,,,,,,,,,,,,,,,"2024-09-11T13:37:06.000Z","1893639564466809","https://www.facebook.com/100014623516733/posts/1893639564466809","ZmVlZGJhY2s6MTg5MzYzOTU2NDQ2NjgwOV81MzE5NDQ2MjYwMzE4MTE=","Y29tbWVudDoxODkzNjM5NTY0NDY2ODA5XzUzMTk0NDYyNjAzMTgxMQ==","https://www.facebook.com/100014623516733/posts/1893639564466809","0","110168501881093",,,,"pfbid04LrHoAfA2vX7PnbBGaN5rPv1vFcGEzbKfPEeYHMYccWvkeiG6FFiQ8DQGVFGyV83l","Naba Jhy","https://scontent.fcul2-1.fna.fbcdn.net/v/t39.30808-1/327581110_723719812599785_1730958213042795654_n.jpg?stp=cp0_dst-jpg_s32x32&_nc_cat=106&ccb=1-7&_nc_sid=0ecb9b&_nc_ohc=w9s6t7-4BWMQ7kNvgGnzaLb&_nc_ht=scontent.fcul2-1.fna&_nc_gid=ApyIx8SI4gMQz9jDSRQuapw&oh=00_AYB6xwJINEml6G-jb6LSwupmaJVlf9dVxRZkV1ajW-3oTg&oe=670BF733","https://www.facebook.com/naba.jhy","Adakah cika","0"
,,,,,,,,,,,,,,,,,,,,,,,,,,,,,,,,,,,"https://www.facebook.com/reel/1342896009862706/?comment_id=1272543237404026",,,,,,,,,,,,,,,,,,,,,,,,,,,,,,,,,,,,,,,,,,,,,,,,,,,,,,,,,,,,,,,,,,,,,,,,,,,,,,,,"2024-10-02T12:04:52.000Z","1910674066096692","https://www.facebook.com/100014623516733/posts/1910674066096692","ZmVlZGJhY2s6MTkxMDY3NDA2NjA5NjY5Ml8xMjcyNTQzMjM3NDA0MDI2","Y29tbWVudDoxOTEwNjc0MDY2MDk2NjkyXzEyNzI1NDMyMzc0MDQwMjY=","https://www.facebook.com/100014623516733/posts/1910674066096692","1","110168501881093",,,"Kang akeng · India Asik","100014623516733","Muhammadjafar","https://scontent-atl3-2.xx.fbcdn.net/v/t39.30808-1/437777564_1796463224184444_6323579690372403329_n.jpg?stp=cp0_dst-jpg_s32x32&_nc_cat=104&ccb=1-7&_nc_sid=50d2ac&_nc_ohc=aN-pVRnss1UQ7kNvgFaTK5h&_nc_ht=scontent-atl3-2.xx&_nc_gid=AN_2RJHBkzY3Ejo15XHmHGv&oh=00_AYBZubveIFvU8ohDVimNGiHOsjNzM5bl9V74xJx9sfgMJA&oe=670C1810","https://www.facebook.com/jafaremba","Doakan daeng,semoga lolos sampai panen bisa dibibit ulang lagi 🙏🏼🙏🏼🙏🏼","0"
,,,,,,,,,,,,,,,,,,,,,,,,,,,,,,,,,,,"https://www.facebook.com/reel/1342896009862706/?comment_id=8928645373836462",,,,,,,,,,,,,,,,,,,,,,,,,,,,,,,,,,,,,,,,,,,,,,,,,,,,,,,,,,,,,,,,,,,,,,,,,,,,,,,,"2024-10-02T12:05:45.000Z","1910674066096692","https://www.facebook.com/100014623516733/posts/1910674066096692","ZmVlZGJhY2s6MTkxMDY3NDA2NjA5NjY5Ml84OTI4NjQ1MzczODM2NDYy","Y29tbWVudDoxOTEwNjc0MDY2MDk2NjkyXzg5Mjg2NDUzNzM4MzY0NjI=","https://www.facebook.com/100014623516733/posts/1910674066096692","0","110168501881093",,,"Kang akeng · India Asik","100014623516733","Muhammadjafar","https://scontent-atl3-2.xx.fbcdn.net/v/t39.30808-1/437777564_1796463224184444_6323579690372403329_n.jpg?stp=cp0_dst-jpg_s32x32&_nc_cat=104&ccb=1-7&_nc_sid=50d2ac&_nc_ohc=aN-pVRnss1UQ7kNvgFaTK5h&_nc_ht=scontent-atl3-2.xx&_nc_gid=AN_2RJHBkzY3Ejo15XHmHGv&oh=00_AYBZubveIFvU8ohDVimNGiHOsjNzM5bl9V74xJx9sfgMJA&oe=670C1810","https://www.facebook.com/jafaremba","Tepatnya kab.gowa kec.barombong pak bos 🙏🏼🙏🏼🙏🏼","0"
"Sticker",,,,,,,"1","83","1","1","1161616648379265","128","https://scontent-atl3-2.xx.fbcdn.net/v/t39.1997-6/454377832_1161616651712598_8498937378167651252_n.png?stp=dst-png_s168x128&_nc_cat=105&ccb=1-7&_nc_sid=23dd7b&_nc_ohc=hZJtbZx-keMQ7kNvgHjLWyx&_nc_ht=scontent-atl3-2.xx&_nc_gid=AN_2RJHBkzY3Ejo15XHmHGv&oh=00_AYBpblyh6Yn8p4ptfJwUpBfY0h7IoaBhGqI3GyiTtZy2FA&oe=670BE987","128","",,,,,,,,,,,,,,,,,,,,"https://www.facebook.com/reel/1342896009862706/?comment_id=859060403026384",,,,,,,,,,,,,,,,,,,,,,,,,,,,,,,,,,,,,,,,,,,,,,,,,,,,,,,,,,,,,,,,,,,,,,,,,,,,,,,"3","2024-10-04T08:09:32.000Z","1910674066096692","https://www.facebook.com/100014623516733/posts/1910674066096692","ZmVlZGJhY2s6MTkxMDY3NDA2NjA5NjY5Ml84NTkwNjA0MDMwMjYzODQ=","Y29tbWVudDoxOTEwNjc0MDY2MDk2NjkyXzg1OTA2MDQwMzAyNjM4NA==","https://www.facebook.com/100014623516733/posts/1910674066096692","1","110168501881093",,,"Kang akeng · India Asik","pfbid06U3H31e35Jk4Vddwe3ACzwWJUti2cxEvwVjGZJBfLPU84ru5PQVzHaAANxr4fzzEl","Jumriani","https://scontent-atl3-1.xx.fbcdn.net/v/t39.30808-1/445418358_1485624865703460_1743489439682232472_n.jpg?stp=cp0_dst-jpg_s32x32&_nc_cat=100&ccb=1-7&_nc_sid=0ecb9b&_nc_ohc=3deoCz99S4sQ7kNvgEEE8ZG&_nc_ht=scontent-atl3-1.xx&_nc_gid=AN_2RJHBkzY3Ejo15XHmHGv&oh=00_AYAvCls4GytKxOvSBN9YXGfDNG-qfIYbr6s7Pd2Ql4OSRg&oe=670BEB5D","https://www.facebook.com/jumriani.jumriani.92798072",,"0"
,,,,,,,,,,,,,,,,,,,,,,,,,,,,,,,,,,,"https://www.facebook.com/reel/1342896009862706/?comment_id=404331525828164",,,,,,,,,,,,,,,,,,,,,,,,,,,,,,,,,,,,,,,,,,,,,,,,,,,,,,,,,,,,,,,,,,,,,,,,,,,,,,,,"2024-10-02T12:03:47.000Z","1910674066096692","https://www.facebook.com/100014623516733/posts/1910674066096692","ZmVlZGJhY2s6MTkxMDY3NDA2NjA5NjY5Ml80MDQzMzE1MjU4MjgxNjQ=","Y29tbWVudDoxOTEwNjc0MDY2MDk2NjkyXzQwNDMzMTUyNTgyODE2NA==","https://www.facebook.com/100014623516733/posts/1910674066096692","1","110168501881093",,,"Kang akeng · India Asik","100004825651478","NiZar Bintang Asia","https://scontent-atl3-2.xx.fbcdn.net/v/t39.30808-1/438276089_2611594555678041_6997404202785061953_n.jpg?stp=cp0_dst-jpg_p32x32&_nc_cat=111&ccb=1-7&_nc_sid=50d2ac&_nc_ohc=kAH-2fA_hIIQ7kNvgHePMm5&_nc_ht=scontent-atl3-2.xx&_nc_gid=AN_2RJHBkzY3Ejo15XHmHGv&oh=00_AYBwUsjpkFNTws2kYhzpLTmvZlSS5iUurrRB3BZ1AMG1LA&oe=670BEA6E","https://www.facebook.com/nizar.setia.3","Area mn nh pak","0"
,,,,,,,,,,,,,,,,,,,,,,,,,,,,,,,,,,,"https://www.facebook.com/reel/1342896009862706/?comment_id=889514579391643",,,,,,,,,,,,,,,,,,,,,,,,,,,,,,,,,,,,,,,,,,,,,,,,,,,,,,,,,,,,,,,,,,,,,,,,,,,,,,,,"2024-10-02T02:08:55.000Z","1910674066096692","https://www.facebook.com/100014623516733/posts/1910674066096692","ZmVlZGJhY2s6MTkxMDY3NDA2NjA5NjY5Ml84ODk1MTQ1NzkzOTE2NDM=","Y29tbWVudDoxOTEwNjc0MDY2MDk2NjkyXzg4OTUxNDU3OTM5MTY0Mw==","https://www.facebook.com/100014623516733/posts/1910674066096692","1","110168501881093",,,"Kang akeng · India Asik","100003652578250","Aslhank Daeng Sarang","https://scontent-atl3-2.xx.fbcdn.net/v/t39.30808-1/460535243_3484032818395103_8997309225505270153_n.jpg?stp=cp0_dst-jpg_s32x32&_nc_cat=102&ccb=1-7&_nc_sid=50d2ac&_nc_ohc=mAR3sjvtn2gQ7kNvgFgJXsz&_nc_ht=scontent-atl3-2.xx&_nc_gid=AN_2RJHBkzY3Ejo15XHmHGv&oh=00_AYCOy7PP-h2Ygu8JGyD3PITh2M2XTkY9qZJ2r4-XnMqlRA&oe=670BEBEF",,"Adakah bibitx bos","0"
,,,,,,,,,,,,,,,,,,,,,,,,,,,,,,,,,,,"https://www.facebook.com/reel/1342896009862706/?comment_id=8291475887631305",,,,,,,,,,,,,,,,,,,,,,,,,,,,,,,,,,,,,,,,,,,,,,,,,,,,,,,,,,,,,,,,,,,,,,,,,,,,,,,"1","2024-10-01T10:52:17.000Z","1910674066096692","https://www.facebook.com/100014623516733/posts/1910674066096692","ZmVlZGJhY2s6MTkxMDY3NDA2NjA5NjY5Ml84MjkxNDc1ODg3NjMxMzA1","Y29tbWVudDoxOTEwNjc0MDY2MDk2NjkyXzgyOTE0NzU4ODc2MzEzMDU=","https://www.facebook.com/100014623516733/posts/1910674066096692","1","110168501881093",,,"Kang akeng · India Asik","pfbid04XE4bezr4nLzT2JrArA6nrX2kyyrBYGMAvdFDJx4jtYBi6rcepXd9gDLoZ9WazYil","Hermanto Yusuf","https://scontent-atl3-1.xx.fbcdn.net/v/t1.6435-1/120825479_332775954649976_2517755352980640367_n.jpg?stp=cp0_dst-jpg_s32x32&_nc_cat=109&ccb=1-7&_nc_sid=0ecb9b&_nc_ohc=aRvzi8Ts9YAQ7kNvgEf5igc&_nc_ht=scontent-atl3-1.xx&_nc_gid=AN_2RJHBkzY3Ejo15XHmHGv&oh=00_AYC2LaZPzR774IW2bOr__KITlmx3OjEsigFpPd9YOejA9Q&oe=672DAC1A","https://www.facebook.com/people/Hermanto-Yusuf/pfbid04XE4bezr4nLzT2JrArA6nrX2kyyrBYGMAvdFDJx4jtYBi6rcepXd9gDLoZ9WazYil/","Berapa hari setelah di tanam","0"
,,,,,,,,,,,,,,,,,,,,,,,,,,,,,,,,,,,"https://www.facebook.com/reel/1342896009862706/?comment_id=1756696298199402",,,,,,,,,,,,,,,,,,,,,,,,,,,,,,,,,,,,,,,,,,,,,,,,,,,,,,,,,,,,,,,,,,,,,,,,,,,,,,,,"2024-10-01T13:17:57.000Z","1910674066096692","https://www.facebook.com/100014623516733/posts/1910674066096692","ZmVlZGJhY2s6MTkxMDY3NDA2NjA5NjY5Ml8xNzU2Njk2Mjk4MTk5NDAy","Y29tbWVudDoxOTEwNjc0MDY2MDk2NjkyXzE3NTY2OTYyOTgxOTk0MDI=","https://www.facebook.com/100014623516733/posts/1910674066096692","1","110168501881093",,,"Kang akeng · India Asik","pfbid02JN8wWSuk1V4PzHikoi7M44RPCesjhDBu33vPpZJqZy6pZe5oGUVY6gwN8rvMxr1zl","Ruslan Mannyingarri","https://scontent-atl3-2.xx.fbcdn.net/v/t39.30808-1/458329149_7714986208605229_7876883783178828320_n.jpg?stp=c0.0.720.720a_cp0_dst-jpg_s32x32&_nc_cat=105&ccb=1-7&_nc_sid=0ecb9b&_nc_ohc=AiG5PNArUeUQ7kNvgFGmFfX&_nc_ht=scontent-atl3-2.xx&_nc_gid=AN_2RJHBkzY3Ejo15XHmHGv&oh=00_AYCsRkD1c-b-JDoy4_fv1Q4wWeW2PGT6cTEi7Px9tVo84g&oe=670C0464",,"Galur Agt 303 👌👌👍","0"
,,,,,,,,,,,,,,,,,,,,,,,,,,,,,,,,,,,"https://www.facebook.com/reel/1050801869925327/?comment_id=2093204634415328",,,,,,,,,,,,,,"https://www.facebook.com/reel/1050801869925327/?comment_id=2093204634415328&reply_comment_id=1709530196448283",,"2024-09-19T02:22:24.000Z","ZmVlZGJhY2s6MTg5MzAzMzgyMTE5NDA1MF8xNzA5NTMwMTk2NDQ4Mjgz","Y29tbWVudDoxODkzMDMzODIxMTk0MDUwXzE3MDk1MzAxOTY0NDgyODM=","0","User","pfbid0Uvb7kEN1jgZbkw7qdsSNVdGTvX8vCs6tUC4W6QscwSV9UCAQsztD3FiXP7sJtAa7l","Daeng Arul Jasjus Jr.","Daeng","Y29tbWVudDoxODkzMDMzODIxMTk0MDUwXzIwOTMyMDQ2MzQ0MTUzMjg=","100014623516733","Muhammadjafar","https://scontent-dfw5-1.xx.fbcdn.net/v/t39.30808-1/437777564_1796463224184444_6323579690372403329_n.jpg?stp=cp0_dst-jpg_s32x32&_nc_cat=104&ccb=1-7&_nc_sid=50d2ac&_nc_ohc=aN-pVRnss1UQ7kNvgEOmpP7&_nc_ht=scontent-dfw5-1.xx&_nc_gid=AjaUFlUdvDfTJbbyY8iydBa&oh=00_AYCEDgYh-L3vW2jr5Aav64ybGxGDqHTKv4UKmIKeHKK-Aw&oe=670C1810","https://www.facebook.com/jafaremba","Y29tbWVudDoxODkzMDMzODIxMTk0MDUwXzIwOTMyMDQ2MzQ0MTUzMjg=","Daeng Arul Jasjus Jr. Ikut maki,..Jai samplenya","1",,,,,,,,,,,,,,,,,,,,,,,,,,,,,,,,,,,,,,,,,,,,,,,,"1","2024-09-19T01:11:53.000Z","1893033821194050","https://www.facebook.com/100014623516733/posts/1893033821194050","ZmVlZGJhY2s6MTg5MzAzMzgyMTE5NDA1MF8yMDkzMjA0NjM0NDE1MzI4","Y29tbWVudDoxODkzMDMzODIxMTk0MDUwXzIwOTMyMDQ2MzQ0MTUzMjg=","https://www.facebook.com/100014623516733/posts/1893033821194050","0","110168501881093",,,"Muhammadjafar · Original audio","pfbid0Uvb7kEN1jgZbkw7qdsSNVdGTvX8vCs6tUC4W6QscwSV9UCAQsztD3FiXP7sJtAa7l","Daeng Arul Jasjus Jr.","https://scontent-dfw5-1.xx.fbcdn.net/v/t39.30808-1/450674402_122097575870411642_4983933138480219607_n.jpg?stp=cp0_dst-jpg_s32x32&_nc_cat=111&ccb=1-7&_nc_sid=0ecb9b&_nc_ohc=jU9I1bRH1ccQ7kNvgGuT0dJ&_nc_ht=scontent-dfw5-1.xx&_nc_gid=AjaUFlUdvDfTJbbyY8iydBa&oh=00_AYBefk9BRB9O8iuODMTVIBWmVZBhxFNTgfY6qXtE6iX_Xw&oe=670C0553","https://www.facebook.com/people/Daeng-Arul-Jasjus-Jr/pfbid0Uvb7kEN1jgZbkw7qdsSNVdGTvX8vCs6tUC4W6QscwSV9UCAQsztD3FiXP7sJtAa7l/","Ikut biar bisa dapat sample","0"
"GenericAttachmentMedia",,"189","https://external-ord5-1.xx.fbcdn.net/emg1/v/t13/3367530072289757178?url=https%3A%2F%2Fmedia4.giphy.com%2Fmedia%2F3ohzdWvAMBhrtBEC2Y%2Fgiphy.gif%3Fkid%3Dbe302117%26ct%3Ds&fb_obo=1&utld=giphy.com&stp=dst-gif_fr_q75&ccb=13-1&oh=06_Q399tKvFUebH6h64Wq9LDy0gXn0TX6Dhr-E8e0ygKPrrQ0M&oe=670807F0&_nc_sid=9e3c15","189","GIPHY",,,,,,"4133934243371896","189","https://external-ord5-1.xx.fbcdn.net/emg1/v/t13/3367530072289757178?url=https%3A%2F%2Fmedia4.giphy.com%2Fmedia%2F3ohzdWvAMBhrtBEC2Y%2Fgiphy.gif%3Fkid%3Dbe302117%26ct%3Ds&fb_obo=1&utld=giphy.com&stp=dst-emg0_q75_s189x189&ccb=13-1&oh=06_Q399o2fEIaMbZ4rFsNxwTrPiWll6FPObg7gWjofJDuSBN1o&oe=670807F0&_nc_sid=c97757","189",,,,,,,"Image","https://external-ord5-1.xx.fbcdn.net/emg1/v/t13/3367530072289757178?url=https%3A%2F%2Fmedia4.giphy.com%2Fmedia%2F3ohzdWvAMBhrtBEC2Y%2Fgiphy.gif%3Fkid%3Dbe302117%26ct%3Ds&fb_obo=1&utld=giphy.com&stp=dst-gif_fr_q75&ccb=13-1&oh=06_Q399tKvFUebH6h64Wq9LDy0gXn0TX6Dhr-E8e0ygKPrrQ0M&oe=670807F0&_nc_sid=9e3c15",,,,,,,,,,,,,"https://www.facebook.com/reel/556716596713047/?comment_id=501818806073125",,,,,,,,,,,,,,,,,,,,,,,,,,,,,,,,,,,,,,,,,,,,,,,,,,,,,,,,,,,,,,,,,,,,,,,,,,,,,,,,"2024-10-03T10:59:50.000Z","1911545056009593","https://www.facebook.com/100014623516733/posts/1911545056009593","ZmVlZGJhY2s6MTkxMTU0NTA1NjAwOTU5M181MDE4MTg4MDYwNzMxMjU=","Y29tbWVudDoxOTExNTQ1MDU2MDA5NTkzXzUwMTgxODgwNjA3MzEyNQ==","https://www.facebook.com/100014623516733/posts/1911545056009593","0","110168501881093",,,"EGI MANTAZI · Pica Meledak","100014623516733","Muhammadjafar","https://scontent-ord5-2.xx.fbcdn.net/v/t39.30808-1/437777564_1796463224184444_6323579690372403329_n.jpg?stp=cp0_dst-jpg_s32x32&_nc_cat=104&ccb=1-7&_nc_sid=50d2ac&_nc_ohc=aN-pVRnss1UQ7kNvgHtJqD8&_nc_ht=scontent-ord5-2.xx&_nc_gid=AECj1VSAQNaUWob9qOCanW4&oh=00_AYCPNx7WjcrbBUmSAGcwyp5-wfOf-scR5c3wfeaJtGPpMA&oe=670C1810","https://www.facebook.com/jafaremba",,"0"
,,,,,,,,,,,,,,,,,,,,,,,,,,,,,,,,,,,"https://www.facebook.com/reel/556716596713047/?comment_id=1713384382838967",,,,,,,,,,,,,,,,,,,,,,,,,,,,,,,,,,,,,,,,,,,,,,,,,,,,,,,,,,,,,,,,,,,,,,,,,,,,,,,,"2024-10-03T11:00:38.000Z","1911545056009593","https://www.facebook.com/100014623516733/posts/1911545056009593","ZmVlZGJhY2s6MTkxMTU0NTA1NjAwOTU5M18xNzEzMzg0MzgyODM4OTY3","Y29tbWVudDoxOTExNTQ1MDU2MDA5NTkzXzE3MTMzODQzODI4Mzg5Njc=","https://www.facebook.com/100014623516733/posts/1911545056009593","0","110168501881093",,,"EGI MANTAZI · Pica Meledak","100014623516733","Muhammadjafar","https://scontent-ord5-2.xx.fbcdn.net/v/t39.30808-1/437777564_1796463224184444_6323579690372403329_n.jpg?stp=cp0_dst-jpg_s32x32&_nc_cat=104&ccb=1-7&_nc_sid=50d2ac&_nc_ohc=aN-pVRnss1UQ7kNvgHtJqD8&_nc_ht=scontent-ord5-2.xx&_nc_gid=AECj1VSAQNaUWob9qOCanW4&oh=00_AYCPNx7WjcrbBUmSAGcwyp5-wfOf-scR5c3wfeaJtGPpMA&oe=670C1810","https://www.facebook.com/jafaremba","Siaaap dgasken bosq","0"
"Sticker",,,,,,,"1","83","1","1","1019836199854936","128","https://scontent-ord5-1.xx.fbcdn.net/v/t39.1997-6/453068571_1019836203188269_6563392767918289542_n.png?stp=dst-png_s168x128&_nc_cat=101&ccb=1-7&_nc_sid=23dd7b&_nc_ohc=vV07ZoJK_6sQ7kNvgFZ5PKW&_nc_ht=scontent-ord5-1.xx&_nc_gid=AECj1VSAQNaUWob9qOCanW4&oh=00_AYCLIBDneXFVK_ZyC1-vHYTW8JCQapURX47B-H9jz3Mzmw&oe=670C099E","128","",,,,,,,,,,,,,,,,,,,,"https://www.facebook.com/reel/556716596713047/?comment_id=388719197622658",,,,,,,,,,,,,,,,,,,,,,,,,,,,,,,,,,,,,,,,,,,,,,,,,,,,,,,,,,,,,,,,,,,,,,,,,,,,,,,,"2024-10-04T08:16:50.000Z","1911545056009593","https://www.facebook.com/100014623516733/posts/1911545056009593","ZmVlZGJhY2s6MTkxMTU0NTA1NjAwOTU5M18zODg3MTkxOTc2MjI2NTg=","Y29tbWVudDoxOTExNTQ1MDU2MDA5NTkzXzM4ODcxOTE5NzYyMjY1OA==","https://www.facebook.com/100014623516733/posts/1911545056009593","0","110168501881093",,,"EGI MANTAZI · Pica Meledak","100014623516733","Muhammadjafar","https://scontent-ord5-2.xx.fbcdn.net/v/t39.30808-1/437777564_1796463224184444_6323579690372403329_n.jpg?stp=cp0_dst-jpg_s32x32&_nc_cat=104&ccb=1-7&_nc_sid=50d2ac&_nc_ohc=aN-pVRnss1UQ7kNvgHtJqD8&_nc_ht=scontent-ord5-2.xx&_nc_gid=AECj1VSAQNaUWob9qOCanW4&oh=00_AYCPNx7WjcrbBUmSAGcwyp5-wfOf-scR5c3wfeaJtGPpMA&oe=670C1810","https://www.facebook.com/jafaremba",,"0"
,,,,,,,,,,,,,,,,,,,,,,,,,,,,,,,,,,,"https://www.facebook.com/reel/556716596713047/?comment_id=553219700699940",,,,,,,,,,,,,,,,,,,,,,,,,,,,,,,,,,,,,,,,,,,,,,,,,,,,,,,,,,,,,,,,,,,,,,,,,,,,,,,"8","2024-10-02T12:20:01.000Z","1911545056009593","https://www.facebook.com/100014623516733/posts/1911545056009593","ZmVlZGJhY2s6MTkxMTU0NTA1NjAwOTU5M181NTMyMTk3MDA2OTk5NDA=","Y29tbWVudDoxOTExNTQ1MDU2MDA5NTkzXzU1MzIxOTcwMDY5OTk0MA==","https://www.facebook.com/100014623516733/posts/1911545056009593","1","110168501881093",,,"EGI MANTAZI · Pica Meledak","100013364191442","Nrll Bintang Asia","https://scontent-ord5-2.xx.fbcdn.net/v/t39.30808-1/461087378_2013634612425326_5478208411470068121_n.jpg?stp=cp0_dst-jpg_s32x32&_nc_cat=103&ccb=1-7&_nc_sid=50d2ac&_nc_ohc=LEtOrsbNucAQ7kNvgFiaW2o&_nc_ht=scontent-ord5-2.xx&_nc_gid=AECj1VSAQNaUWob9qOCanW4&oh=00_AYBHFLW5QnviyxI60BzrQ0tP4OtMDDKhj4cuY4g0vUiNag&oe=670BFC69","https://www.facebook.com/nurul.hardianti.9237","Alhamdulillah ada lagi bisa dibikin2 es buah ini dg emba 😂 ... Mantap jiwaa Leoni MH produksi PT.Benih Citra Asia memang mantap🔥","0"
"Sticker",,,"https://scontent-ord5-1.xx.fbcdn.net/v/t39.1997-6/105343556_953860578409633_6468337803980710969_n.webp?stp=dst-webp_s110x80&_nc_cat=1&ccb=1-7&_nc_sid=ba09c1&_nc_ohc=dmM3Kpj0mv0Q7kNvgFQCfbr&_nc_ht=scontent-ord5-1.xx&_nc_gid=AECj1VSAQNaUWob9qOCanW4&oh=00_AYCEdldxlNxQ_d0OBg1MkXxOka_xOqG4mSFTdNqNzsd6_Q&oe=670C0FFA",,,,"15","83","4","4","529234054205623","80","https://scontent-ord5-1.xx.fbcdn.net/v/t39.1997-6/83640226_953860661742958_8297483048391664602_n.png?stp=cp0_dst-png_s110x80&_nc_cat=1&ccb=1-7&_nc_sid=23dd7b&_nc_ohc=exkG1XW7s4AQ7kNvgGcKp9l&_nc_ht=scontent-ord5-1.xx&_nc_gid=AECj1VSAQNaUWob9qOCanW4&oh=00_AYCvX4bxfDnY4gukLgmllOymX9z4Nd3WrfyHcXgstmwaFg&oe=670BEFB7","80","An animated yellow left hand with thumb up.",,"516558918806470","Moodies",,"https://scontent-ord5-1.xx.fbcdn.net/v/t39.1997-6/105941685_953860581742966_1572841152382279834_n.png?stp=dst-png_p320x320&_nc_cat=1&ccb=1-7&_nc_sid=ba09c1&_nc_ohc=tm1iIMm3Pw4Q7kNvgHKuYu8&_nc_ht=scontent-ord5-1.xx&_nc_gid=AECj1VSAQNaUWob9qOCanW4&oh=00_AYAo4vV8XuD-GN-zPGWnizQ46wJZsjOzCOFjlXkE3xxXFQ&oe=670C1AC2",,,,,,,,,,,,,,,"https://www.facebook.com/reel/556716596713047/?comment_id=1256191669147202",,,,,,,,,,,,,,,,,,,,,,,,,,,,,,,,,,,,,,,,,,,,,,,,,,,,,,,,,,,,,,,,,,,,,,,,,,,,,,,,"2024-10-02T16:11:31.000Z","1911545056009593","https://www.facebook.com/100014623516733/posts/1911545056009593","ZmVlZGJhY2s6MTkxMTU0NTA1NjAwOTU5M18xMjU2MTkxNjY5MTQ3MjAy","Y29tbWVudDoxOTExNTQ1MDU2MDA5NTkzXzEyNTYxOTE2NjkxNDcyMDI=","https://www.facebook.com/100014623516733/posts/1911545056009593","1","110168501881093",,,"EGI MANTAZI · Pica Meledak","100060007751610","Kasmiranda Mira","https://scontent-ord5-1.xx.fbcdn.net/v/t39.30808-1/459006408_880654413944809_7344012161879726255_n.jpg?stp=cp0_dst-jpg_s32x32&_nc_cat=108&ccb=1-7&_nc_sid=50d2ac&_nc_ohc=IL7jWUPPvvYQ7kNvgHnvBpK&_nc_ht=scontent-ord5-1.xx&_nc_gid=AECj1VSAQNaUWob9qOCanW4&oh=00_AYB0TyYX48ZbJ-ByMZjW1ixh0qQ9bGP4upO8ajjKeiy5EA&oe=670C0F40","https://www.facebook.com/kasmiranda.mira.16",,"0"
"Sticker",,,,,,,"1","83","1","1","919853792847810","128","https://scontent-ord5-1.xx.fbcdn.net/v/t39.1997-6/453651793_919853796181143_292114059109182458_n.png?stp=dst-png_s168x128&_nc_cat=101&ccb=1-7&_nc_sid=23dd7b&_nc_ohc=OAol9n-CYa4Q7kNvgFSf13T&_nc_ht=scontent-ord5-1.xx&_nc_gid=AECj1VSAQNaUWob9qOCanW4&oh=00_AYBLI9kQKwzeiI3j87fxdDb7qi9B0NLQmXlaDB-8aP82Yg&oe=670C11A3","128","",,,,,,,,,,,,,,,,,,,,"https://www.facebook.com/reel/556716596713047/?comment_id=2480350785504677",,,,,,,,,,,,,,,,,,,,,,,,,,,,,,,,,,,,,,,,,,,,,,,,,,,,,,,,,,,,,,,,,,,,,,,,,,,,,,,"2","2024-10-02T12:32:50.000Z","1911545056009593","https://www.facebook.com/100014623516733/posts/1911545056009593","ZmVlZGJhY2s6MTkxMTU0NTA1NjAwOTU5M18yNDgwMzUwNzg1NTA0Njc3","Y29tbWVudDoxOTExNTQ1MDU2MDA5NTkzXzI0ODAzNTA3ODU1MDQ2Nzc=","https://www.facebook.com/100014623516733/posts/1911545056009593","1","110168501881093",,,"EGI MANTAZI · Pica Meledak","pfbid0X1vQ3PsdA2mRYqMMk5gDNZvhXJbkPLnue9J4Gtf9G8dZCg9j7pwevDwo8aCP8tdtl","Nafisa Faika","https://scontent-ord5-1.xx.fbcdn.net/v/t39.30808-1/266388965_995953101266056_3464100228974336772_n.jpg?stp=cp0_dst-jpg_s32x32&_nc_cat=106&ccb=1-7&_nc_sid=0ecb9b&_nc_ohc=SWtSSbBur0EQ7kNvgGCywpP&_nc_ht=scontent-ord5-1.xx&_nc_gid=AECj1VSAQNaUWob9qOCanW4&oh=00_AYD8W2XjgCjHRwmHc4xKpM4Ytp6bky1-dGM4-du2YvVgZA&oe=670C0131","https://www.facebook.com/nafisa.faika","Adakah parekan es buah 😀","0"
,,,,,,,,,,,,,,,,,,,,,,,,,,,,,,,,,,,"https://www.facebook.com/reel/556716596713047/?comment_id=1519139915394526",,,,,,,,,,,,,,,,,,,,,,,,,,,,,,,,,,,,,,,,,,,,,,,,,,,,,,,,,,,,,,,,,,,,,,,,,,,,,,,,"2024-10-02T14:02:20.000Z","1911545056009593","https://www.facebook.com/100014623516733/posts/1911545056009593","ZmVlZGJhY2s6MTkxMTU0NTA1NjAwOTU5M18xNTE5MTM5OTE1Mzk0NTI2","Y29tbWVudDoxOTExNTQ1MDU2MDA5NTkzXzE1MTkxMzk5MTUzOTQ1MjY=","https://www.facebook.com/100014623516733/posts/1911545056009593","1","110168501881093",,,"EGI MANTAZI · Pica Meledak","100078510156184","Rizal Tani","https://scontent-ord5-1.xx.fbcdn.net/v/t39.30808-1/319284348_533536555479237_575204219575292797_n.jpg?stp=cp0_dst-jpg_s32x32&_nc_cat=111&ccb=1-7&_nc_sid=50d2ac&_nc_ohc=2kvWp9mfML8Q7kNvgHW7dOO&_nc_ht=scontent-ord5-1.xx&_nc_gid=AECj1VSAQNaUWob9qOCanW4&oh=00_AYBHnqEUJ2X3EWRUocUAzCyGj2GIW8xkB4iRF5Ob6OTbFA&oe=670C02F5","https://www.facebook.com/rizaltani1906","Sdh siap petik om","0"
"GenericAttachmentMedia",,"144","https://external-ord5-1.xx.fbcdn.net/emg1/v/t13/116771416254765218?url=https%3A%2F%2Fmedia3.giphy.com%2Fmedia%2FnfsWs6oTjtaH6%2Fgiphy.gif%3Fkid%3Dbe302117%26ct%3Ds&fb_obo=1&utld=giphy.com&stp=dst-gif_fr_q75&ccb=13-1&oh=06_Q3993ojYHCGiDGYvbCHD3LJWyDD1t7lrsPvCbY2VWgPIgdk&oe=6707F5C4&_nc_sid=9e3c15","150","GIPHY",,,,,,"4197318347035843","144","https://external-ord5-1.xx.fbcdn.net/emg1/v/t13/116771416254765218?url=https%3A%2F%2Fmedia3.giphy.com%2Fmedia%2FnfsWs6oTjtaH6%2Fgiphy.gif%3Fkid%3Dbe302117%26ct%3Ds&fb_obo=1&utld=giphy.com&stp=dst-emg0_q75_s150x144&ccb=13-1&oh=06_Q399Mosrj7X8_gZg5xAcaxeVBPoeRId7NqtJ8bor0IAFk34&oe=6707F5C4&_nc_sid=c97757","150",,,,,,,"Image","https://external-ord5-1.xx.fbcdn.net/emg1/v/t13/116771416254765218?url=https%3A%2F%2Fmedia3.giphy.com%2Fmedia%2FnfsWs6oTjtaH6%2Fgiphy.gif%3Fkid%3Dbe302117%26ct%3Ds&fb_obo=1&utld=giphy.com&stp=dst-gif_fr_q75&ccb=13-1&oh=06_Q3993ojYHCGiDGYvbCHD3LJWyDD1t7lrsPvCbY2VWgPIgdk&oe=6707F5C4&_nc_sid=9e3c15",,,,,,,,,,,,,"https://www.facebook.com/reel/556716596713047/?comment_id=935221261964768",,,,,,,,,,,,,,,,,,,,,,,,,,,,,,,,,,,,,,,,,,,,,,,,,,,,,,,,,,,,,,,,,,,,,,,,,,,,,,,,"2024-10-03T03:13:43.000Z","1911545056009593","https://www.facebook.com/100014623516733/posts/1911545056009593","ZmVlZGJhY2s6MTkxMTU0NTA1NjAwOTU5M185MzUyMjEyNjE5NjQ3Njg=","Y29tbWVudDoxOTExNTQ1MDU2MDA5NTkzXzkzNTIyMTI2MTk2NDc2OA==","https://www.facebook.com/100014623516733/posts/1911545056009593","1","110168501881093",,,"EGI MANTAZI · Pica Meledak","pfbid02WFufJVpHbELgGyKk5gKoLnAsU5U95BjXTjrW5cJbUedCrSDxpnkXqeqXgHQGbaXpl","Mulky Agro Indotani","https://scontent-ord5-2.xx.fbcdn.net/v/t39.30808-1/335016224_501882572157240_365065339825799565_n.jpg?stp=cp0_dst-jpg_s32x32&_nc_cat=100&ccb=1-7&_nc_sid=0ecb9b&_nc_ohc=6tWcLBJyQbkQ7kNvgGpoBKl&_nc_ht=scontent-ord5-2.xx&_nc_gid=AECj1VSAQNaUWob9qOCanW4&oh=00_AYCR2tRA1Alx0bRzhl5WnJFfTIKXtXgDZry4sPpbG3931A&oe=670C0B86","https://www.facebook.com/mulkytani",,"0"
,,,,,,,,,,,,,,,,,,,,,,,,,,,,,,,,,,,"https://www.facebook.com/reel/556716596713047/?comment_id=1036594714841838",,,,,,,,,,,,,,,,,,,,,,,,,,,,,,,,,,,,,,,,,,,,,,,,,,,,,,,,,,,,,,,,,,,,,,,,,,,,,,,"1","2024-10-02T12:14:12.000Z","1911545056009593","https://www.facebook.com/100014623516733/posts/1911545056009593","ZmVlZGJhY2s6MTkxMTU0NTA1NjAwOTU5M18xMDM2NTk0NzE0ODQxODM4","Y29tbWVudDoxOTExNTQ1MDU2MDA5NTkzXzEwMzY1OTQ3MTQ4NDE4Mzg=","https://www.facebook.com/100014623516733/posts/1911545056009593","1","110168501881093",,,"EGI MANTAZI · Pica Meledak","pfbid022fYVgbvuGLSscMcWdWqZeL7vFvbcLE9NzsuLiqGiLhd71eyiDrQk6DMf8oC7z75wl","Emank","https://scontent-ord5-1.xx.fbcdn.net/v/t39.30808-1/461867745_506953608871960_1136738144113175216_n.jpg?stp=c0.0.868.868a_cp0_dst-jpg_s32x32&_nc_cat=110&ccb=1-7&_nc_sid=0ecb9b&_nc_ohc=Ks9Kz2cY7FoQ7kNvgFnKcUa&_nc_ht=scontent-ord5-1.xx&_nc_gid=AECj1VSAQNaUWob9qOCanW4&oh=00_AYCoIl_Nq9wD8uLr4SR0cE9g18bNe7AwGVS7otv7tTKCQw&oe=670BFB4B","https://www.facebook.com/people/Emank/pfbid022fYVgbvuGLSscMcWdWqZeL7vFvbcLE9NzsuLiqGiLhd71eyiDrQk6DMf8oC7z75wl/","Mahal melon","0"
,,,,,,,,,,,,,,,,,,,,,,,,,,,,,,,,,,,"https://www.facebook.com/jafaremba/videos/838255291414189/?comment_id=1752974335442285",,,,,,,,,,,,,,,,,,,,,,,,,,,,,,,,,,,,,,,,,,,,,,,,,,,,,,,,,,,,,,,,,,,,,,,,,,,,,,,,"2024-09-10T07:24:02.000Z","838255291414189","https://www.facebook.com/100014623516733/posts/838255291414189","ZmVlZGJhY2s6ODM4MjU1MjkxNDE0MTg5XzE3NTI5NzQzMzU0NDIyODU=","Y29tbWVudDo4MzgyNTUyOTE0MTQxODlfMTc1Mjk3NDMzNTQ0MjI4NQ==","https://www.facebook.com/100014623516733/posts/838255291414189","1",,,,"Muhammadjafar was live.","pfbid0jCQFQTFgn2jYd1ktRmLsijtNP9tPBwsi9Lbm7RRnu157H8ntVRmfEiic3hgWW8Qol","Al Whijaya","https://scontent-jnb2-1.xx.fbcdn.net/v/t39.30808-1/438242975_2068719900166351_9146770724261036757_n.jpg?stp=cp0_dst-jpg_s32x32&_nc_cat=108&ccb=1-7&_nc_sid=0ecb9b&_nc_ohc=wiCtXQs0NI8Q7kNvgFrV9ei&_nc_ht=scontent-jnb2-1.xx&_nc_gid=AUh-p0mKnU_uHwq6NnnvvT3&oh=00_AYD7yWRopkaNw1BG2vxZAx2rcV3k_VJxSvG2VLMqJvnvTA&oe=670BF22A","https://www.facebook.com/people/Al-Whijaya/pfbid0jCQFQTFgn2jYd1ktRmLsijtNP9tPBwsi9Lbm7RRnu157H8ntVRmfEiic3hgWW8Qol/","Mantap 👍","0"
,,,,,,,,,,,,,,,,,,,,,,,,,,,,,,,,,,,"https://www.facebook.com/jafaremba/videos/838255291414189/?comment_id=2887759948047073",,,,,,,,,,,,,,,,,,,,,,,,,,,,,,,,,,,,,,,,,,,,,,,,,,,,,,,,,,,,,,,,,,,,,,,,,,,,,,,,"2024-09-10T07:59:56.000Z","838255291414189","https://www.facebook.com/100014623516733/posts/838255291414189","ZmVlZGJhY2s6ODM4MjU1MjkxNDE0MTg5XzI4ODc3NTk5NDgwNDcwNzM=","Y29tbWVudDo4MzgyNTUyOTE0MTQxODlfMjg4Nzc1OTk0ODA0NzA3Mw==","https://www.facebook.com/100014623516733/posts/838255291414189","1",,,,"Muhammadjafar was live.","pfbid0cmLfk95ZUA71AeAhHfgvdxJ3GJFZY4SHYYqVGPm9gw1uRSbbNqADzHRwzYPzmP2fl","Bu Made","https://scontent-jnb2-1.xx.fbcdn.net/v/t39.30808-1/448562257_122122132802288222_4770463522559411643_n.jpg?stp=cp0_dst-jpg_s32x32&_nc_cat=105&ccb=1-7&_nc_sid=0ecb9b&_nc_ohc=6Lm6KSqSG4gQ7kNvgHtBm83&_nc_ht=scontent-jnb2-1.xx&_nc_gid=AUh-p0mKnU_uHwq6NnnvvT3&oh=00_AYC7xeHc9cacqx3U1tpD5j1U7w_EP0oVUN6WnaYpRxtSkg&oe=670C0085","https://www.facebook.com/people/Bu-Made/pfbid0cmLfk95ZUA71AeAhHfgvdxJ3GJFZY4SHYYqVGPm9gw1uRSbbNqADzHRwzYPzmP2fl/","bjianya dong","0"
,,,,,,,,,,,,,,,,,,,,,,,,,,,,,,,,,,,"https://www.facebook.com/jafaremba/videos/838255291414189/?comment_id=1544751326437935",,,,,,,,,,,,,,,,,,,,,,,,,,,,,,,,,,,,,,,,,,,,,,,,,,,,,,,,,,,,,,,,,,,,,,,,,,,,,,,,"2024-09-10T07:58:56.000Z","838255291414189","https://www.facebook.com/100014623516733/posts/838255291414189","ZmVlZGJhY2s6ODM4MjU1MjkxNDE0MTg5XzE1NDQ3NTEzMjY0Mzc5MzU=","Y29tbWVudDo4MzgyNTUyOTE0MTQxODlfMTU0NDc1MTMyNjQzNzkzNQ==","https://www.facebook.com/100014623516733/posts/838255291414189","1",,,,"Muhammadjafar was live.","pfbid04LrHoAfA2vX7PnbBGaN5rPv1vFcGEzbKfPEeYHMYccWvkeiG6FFiQ8DQGVFGyV83l","Naba Jhy","https://scontent-jnb2-1.xx.fbcdn.net/v/t39.30808-1/327581110_723719812599785_1730958213042795654_n.jpg?stp=cp0_dst-jpg_s32x32&_nc_cat=106&ccb=1-7&_nc_sid=0ecb9b&_nc_ohc=w9s6t7-4BWMQ7kNvgFBjD3N&_nc_ht=scontent-jnb2-1.xx&_nc_gid=AUh-p0mKnU_uHwq6NnnvvT3&oh=00_AYBBKPEe86y1jYwu3TmTRa2UC6tLCTrr6PSWXuyTR4CADw&oe=670BF733","https://www.facebook.com/naba.jhy","Sudah panen cika","0"
,,,,,,,,,,,,,,,,,,,,,,,,,,,,,,,,,,,"https://www.facebook.com/jafaremba/videos/838255291414189/?comment_id=8083698415016663",,,,,,,,,,,,,,,,,,,,,,,,,,,,,,,,,,,,,,,,,,,,,,,,,,,,,,,,,,,,,,,,,,,,,,,,,,,,,,,"1","2024-09-10T12:37:38.000Z","838255291414189","https://www.facebook.com/100014623516733/posts/838255291414189","ZmVlZGJhY2s6ODM4MjU1MjkxNDE0MTg5XzgwODM2OTg0MTUwMTY2NjM=","Y29tbWVudDo4MzgyNTUyOTE0MTQxODlfODA4MzY5ODQxNTAxNjY2Mw==","https://www.facebook.com/100014623516733/posts/838255291414189","1",,,,"Muhammadjafar was live.","pfbid034bhfnknP7BPjYxxsuYwKc66sKKDwqCW5qWoWYQEWg7T1MCXEpgsE14XeKrUvUH6Ml","Kamisa Jintu","https://scontent-jnb2-1.xx.fbcdn.net/v/t39.30808-1/272740469_121431867069396_6295673766038795319_n.jpg?stp=cp0_dst-jpg_s32x32&_nc_cat=111&ccb=1-7&_nc_sid=0ecb9b&_nc_ohc=4gG9v57VZ70Q7kNvgEKIrgT&_nc_ht=scontent-jnb2-1.xx&_nc_gid=AUh-p0mKnU_uHwq6NnnvvT3&oh=00_AYCmwUzEw1Bxmhu5zTZd2gW3_LrXiLel1mRrJSF-E_mkWQ&oe=670BF97B","https://www.facebook.com/people/Kamisa-Jintu/pfbid034bhfnknP7BPjYxxsuYwKc66sKKDwqCW5qWoWYQEWg7T1MCXEpgsE14XeKrUvUH6Ml/","Adakah cika","0"
"Sticker",,,"https://scontent-jnb2-1.xx.fbcdn.net/v/t39.1997-6/47055694_1834508303314720_643166924464717824_n.webp?stp=dst-webp_s110x80&_nc_cat=1&ccb=1-7&_nc_sid=ba09c1&_nc_ohc=UYefZX1Rx1cQ7kNvgFcZ2W6&_nc_ht=scontent-jnb2-1.xx&_nc_gid=AUh-p0mKnU_uHwq6NnnvvT3&oh=00_AYD_Li8DAckcqpeRIoG6doIQAA28fERuTn3Xob6L9Irx1w&oe=670C09C9",,,,"12","83","3","4","1193278434104380","80","https://scontent-jnb2-1.xx.fbcdn.net/v/t39.1997-6/47614232_1846683475430536_3135922765756891136_n.png?stp=cp0_dst-png_s110x80&_nc_cat=1&ccb=1-7&_nc_sid=23dd7b&_nc_ohc=gzyPe3N4nc4Q7kNvgG3a5dZ&_nc_ht=scontent-jnb2-1.xx&_nc_gid=AUh-p0mKnU_uHwq6NnnvvT3&oh=00_AYC0hotgs9MziY5vbd-Y27x_kUdBtxwiAfhQMiOZLeGfpg&oe=670C1523","80","Thumbs Up, girl giving thumbs up",,"1193273174104906","Noo-Hin",,"https://scontent-jnb2-1.xx.fbcdn.net/v/t39.1997-6/47472862_1846683478763869_5271603212267290624_n.png?stp=dst-png_p240x240&_nc_cat=1&ccb=1-7&_nc_sid=ba09c1&_nc_ohc=MnaP40vEtsoQ7kNvgGbdS9c&_nc_ht=scontent-jnb2-1.xx&_nc_gid=AUh-p0mKnU_uHwq6NnnvvT3&oh=00_AYAJoxRS1HlEZQXbydrO95bNfO8OlItWN1dIiuGGi1yImA&oe=670BF67E",,,,,,,,,,,,,,,"https://www.facebook.com/jafaremba/videos/838255291414189/?comment_id=934016335204338",,,,,,,,,,,,,,,,,,,,,,,,,,,,,,,,,,,,,,,,,,,,,,,,,,,,,,,,,,,,,,,,,,,,,,,,,,,,,,,,"2024-09-10T11:08:02.000Z","838255291414189","https://www.facebook.com/100014623516733/posts/838255291414189","ZmVlZGJhY2s6ODM4MjU1MjkxNDE0MTg5XzkzNDAxNjMzNTIwNDMzOA==","Y29tbWVudDo4MzgyNTUyOTE0MTQxODlfOTM0MDE2MzM1MjA0MzM4","https://www.facebook.com/100014623516733/posts/838255291414189","0",,,,"Muhammadjafar was live.","pfbid0vXr5KkQ3QP3wZYxR6C9H3gaH6JYik8RVYxcUDuMa45HXqE65RNygMjxu6fAQJ544l","I Sennang","https://scontent-jnb2-1.xx.fbcdn.net/v/t1.30497-1/453178253_471506465671661_2781666950760530985_n.png?stp=cp0_dst-png_s32x32&_nc_cat=1&ccb=1-7&_nc_sid=136b72&_nc_ohc=A9yMFZhP9ooQ7kNvgGaWZdI&_nc_ht=scontent-jnb2-1.xx&_nc_gid=AUh-p0mKnU_uHwq6NnnvvT3&oh=00_AYD0BhLCjBaKMhCBEcP87KkD51aSa_XctbSDeMr4OocbOA&oe=672D997A","https://www.facebook.com/people/I-Sennang/pfbid0vXr5KkQ3QP3wZYxR6C9H3gaH6JYik8RVYxcUDuMa45HXqE65RNygMjxu6fAQJ544l/",,"0"
,,,,,,,,,,,,,,,,,,,,,,,,,,,,,,,,,,,"https://www.facebook.com/jafaremba/videos/838255291414189/?comment_id=1423293758365560",,,,,,,,,,,,,,,,,,,,,,,,,,,,,,,,,,,,,,,,,,,,,,,,,,,,,,,,,,,,,,,,,,,,,,,,,,,,,,,,"2024-09-12T03:09:03.000Z","838255291414189","https://www.facebook.com/100014623516733/posts/838255291414189","ZmVlZGJhY2s6ODM4MjU1MjkxNDE0MTg5XzE0MjMyOTM3NTgzNjU1NjA=","Y29tbWVudDo4MzgyNTUyOTE0MTQxODlfMTQyMzI5Mzc1ODM2NTU2MA==","https://www.facebook.com/100014623516733/posts/838255291414189","0",,,,"Muhammadjafar was live.","pfbid02SwUpoPyPoVTyNhiwVGzC9p3nimwaPymMpN14B7EFCYQpLB9tQwhoUzubu5xiVZTSl","Jhon Alex","https://scontent-jnb2-1.xx.fbcdn.net/v/t39.30808-1/379571787_288084743967618_6187425663260973027_n.jpg?stp=c0.0.600.600a_cp0_dst-jpg_s32x32&_nc_cat=109&ccb=1-7&_nc_sid=0ecb9b&_nc_ohc=r8v2YC-xm18Q7kNvgFZ_Efb&_nc_ht=scontent-jnb2-1.xx&_nc_gid=AUh-p0mKnU_uHwq6NnnvvT3&oh=00_AYBaW3eBDiQTYE7owdnFmcfgWntJQWm2UuLtAqXThCIsJA&oe=670BEB27","https://www.facebook.com/people/Jhon-Alex/pfbid02SwUpoPyPoVTyNhiwVGzC9p3nimwaPymMpN14B7EFCYQpLB9tQwhoUzubu5xiVZTSl/","Mantap mazze 💪👍","0"
,,,,,,,,,,,,,,,,,,,,,,,,,,,,,,,,,,,"https://www.facebook.com/jafaremba/videos/838255291414189/?comment_id=540694585077496",,,,,,,,,,,,,,,,,,,,,,,,,,,,,,,,,,,,,,,,,,,,,,,,,,,,,,,,,,,,,,,,,,,,,,,,,,,,,,,"1","2024-09-10T13:13:04.000Z","838255291414189","https://www.facebook.com/100014623516733/posts/838255291414189","ZmVlZGJhY2s6ODM4MjU1MjkxNDE0MTg5XzU0MDY5NDU4NTA3NzQ5Ng==","Y29tbWVudDo4MzgyNTUyOTE0MTQxODlfNTQwNjk0NTg1MDc3NDk2","https://www.facebook.com/100014623516733/posts/838255291414189","1",,,,"Muhammadjafar was live.","pfbid035yKGRGLz3qUmo7MmPweQjxqhVwLj9gCQDCqQrZRe2Aax5PiQHkgANXTmR8jG8SyCl","Hamsina Hanafi","https://scontent-jnb2-1.xx.fbcdn.net/v/t39.30808-1/461934988_925290009495788_1639352853882758948_n.jpg?stp=cp0_dst-jpg_s32x32&_nc_cat=110&ccb=1-7&_nc_sid=0ecb9b&_nc_ohc=ALAIQhfMqYgQ7kNvgHFr93X&_nc_ht=scontent-jnb2-1.xx&_nc_gid=AUh-p0mKnU_uHwq6NnnvvT3&oh=00_AYDbljhOkUI6C6S8xEYiVIyTCyjXUFC0_qFPdu_uceHpEA&oe=670BF735","https://www.facebook.com/people/Hamsina-Hanafi/pfbid035yKGRGLz3qUmo7MmPweQjxqhVwLj9gCQDCqQrZRe2Aax5PiQHkgANXTmR8jG8SyCl/","Sibatu rong","0"
,,,,,,,,,,,,,,,,,,,,,,,,,,,,,,,,,,,"https://www.facebook.com/jafaremba/videos/838255291414189/?comment_id=3223721894424355",,,,,,,,,,,,,,,,,,,,,,,,,,,,,,,,,,,,,,,,,,,,,,,,,,,,,,,,,,,,,,,,,,,,,,,,,,,,,,,,"2024-09-10T07:47:52.000Z","838255291414189","https://www.facebook.com/100014623516733/posts/838255291414189","ZmVlZGJhY2s6ODM4MjU1MjkxNDE0MTg5XzMyMjM3MjE4OTQ0MjQzNTU=","Y29tbWVudDo4MzgyNTUyOTE0MTQxODlfMzIyMzcyMTg5NDQyNDM1NQ==","https://www.facebook.com/100014623516733/posts/838255291414189","1",,,,"Muhammadjafar was live.","pfbid04XE4bezr4nLzT2JrArA6nrX2kyyrBYGMAvdFDJx4jtYBi6rcepXd9gDLoZ9WazYil","Hermanto Yusuf","https://scontent-jnb2-1.xx.fbcdn.net/v/t1.6435-1/120825479_332775954649976_2517755352980640367_n.jpg?stp=cp0_dst-jpg_s32x32&_nc_cat=109&ccb=1-7&_nc_sid=0ecb9b&_nc_ohc=aRvzi8Ts9YAQ7kNvgGFi2uO&_nc_ht=scontent-jnb2-1.xx&_nc_gid=AUh-p0mKnU_uHwq6NnnvvT3&oh=00_AYCVjl3vubxXR0d9LEEPAP7fSb_0Lbhw1WPHKJ2KPLzMIw&oe=672DAC1A","https://www.facebook.com/people/Hermanto-Yusuf/pfbid04XE4bezr4nLzT2JrArA6nrX2kyyrBYGMAvdFDJx4jtYBi6rcepXd9gDLoZ9WazYil/","Tidak ada semangka mu  F1 di jual bibitnya","0"
,,,,,,,,,,,,,,,,,,,,,,,,,,,,,,,,,,,"https://www.facebook.com/jafaremba/videos/838255291414189/?comment_id=1039499097642408",,,,,,,,,,,,,,,,,,,,,,,,,,,,,,,,,,,,,,,,,,,,,,,,,,,,,,,,,,,,,,,,,,,,,,,,,,,,,,,,"2024-09-10T09:55:24.000Z","838255291414189","https://www.facebook.com/100014623516733/posts/838255291414189","ZmVlZGJhY2s6ODM4MjU1MjkxNDE0MTg5XzEwMzk0OTkwOTc2NDI0MDg=","Y29tbWVudDo4MzgyNTUyOTE0MTQxODlfMTAzOTQ5OTA5NzY0MjQwOA==","https://www.facebook.com/100014623516733/posts/838255291414189","0",,,,"Muhammadjafar was live.","pfbid02EdTv2MWt88HDzqPUsKycCHzPaCX1ob4MJek85b5eR7XesXG5cKVQXUYvYuYMTXTxl","Tayang Rani","https://scontent-jnb2-1.xx.fbcdn.net/v/t39.30808-1/456087828_122142695780260309_6270437796805896571_n.jpg?stp=c0.19.581.581a_cp0_dst-jpg_s32x32&_nc_cat=109&ccb=1-7&_nc_sid=0ecb9b&_nc_ohc=LGyfhjwI2OQQ7kNvgFFumMl&_nc_ht=scontent-jnb2-1.xx&_nc_gid=AUh-p0mKnU_uHwq6NnnvvT3&oh=00_AYDRbqbQfUuD305Y7b98r1Sqz8X2Q70QYmykoDoAB_cT3Q&oe=670C0B82","https://www.facebook.com/people/Tayang-Rani/pfbid02EdTv2MWt88HDzqPUsKycCHzPaCX1ob4MJek85b5eR7XesXG5cKVQXUYvYuYMTXTxl/","Adaka melon","0"
,,,,,,,,,,,,,,,,,,,,,,,,,,,,,,,,,,,"https://www.facebook.com/reel/397211250098428/?comment_id=1724655255037816",,,,,,,,,,,,,,"https://www.facebook.com/reel/397211250098428/?comment_id=1724655255037816&reply_comment_id=1050658923223673","1","2024-10-07T22:52:31.000Z","ZmVlZGJhY2s6MTkxNTc5NjE2ODkxNzgxNV8xMDUwNjU4OTIzMjIzNjcz","Y29tbWVudDoxOTE1Nzk2MTY4OTE3ODE1XzEwNTA2NTg5MjMyMjM2NzM=","0","User","100013364191442","Nrll Bintang Asia","Nrll","Y29tbWVudDoxOTE1Nzk2MTY4OTE3ODE1XzE3MjQ2NTUyNTUwMzc4MTY=","100014623516733","Muhammadjafar","https://scontent.fshd1-1.fna.fbcdn.net/v/t39.30808-1/437777564_1796463224184444_6323579690372403329_n.jpg?stp=cp0_dst-jpg_s32x32&_nc_cat=104&ccb=1-7&_nc_sid=50d2ac&_nc_ohc=aN-pVRnss1UQ7kNvgEIZHM1&_nc_ht=scontent.fshd1-1.fna&_nc_gid=AD9NyHQvnv2oaW-7DHzD-W9&oh=00_AYB3zu93ZZfJyxNlGBHIEuVJyRsuuJQ5dBB72GzTpQ4fDw&oe=670C1810","https://www.facebook.com/jafaremba","Y29tbWVudDoxOTE1Nzk2MTY4OTE3ODE1XzE3MjQ2NTUyNTUwMzc4MTY=","Nrll Bintang Asia digaji meta dan YouTube,..Sdh diatas lumayan","1","https://www.facebook.com/reel/397211250098428/?comment_id=1724655255037816&reply_comment_id=1028268539095712","2024-10-07T22:57:29.000Z","ZmVlZGJhY2s6MTkxNTc5NjE2ODkxNzgxNV8xMDI4MjY4NTM5MDk1NzEy","Y29tbWVudDoxOTE1Nzk2MTY4OTE3ODE1XzEwMjgyNjg1MzkwOTU3MTI=","1","User","100013364191442","Nrll Bintang Asia","Nrll","Y29tbWVudDoxOTE1Nzk2MTY4OTE3ODE1XzE3MjQ2NTUyNTUwMzc4MTY=","100013364191442","Nrll Bintang Asia","https://scontent.fshd1-1.fna.fbcdn.net/v/t39.30808-1/461087378_2013634612425326_5478208411470068121_n.jpg?stp=cp0_dst-jpg_s32x32&_nc_cat=103&ccb=1-7&_nc_sid=50d2ac&_nc_ohc=LEtOrsbNucAQ7kNvgGVnkfC&_nc_ht=scontent.fshd1-1.fna&_nc_gid=AD9NyHQvnv2oaW-7DHzD-W9&oh=00_AYCJre4_0Q7T1kJZUUKfT557Y4Jsac2lyRJLYKrftD5ovw&oe=670BFC69","https://www.facebook.com/nurul.hardianti.9237","Y29tbWVudDoxOTE1Nzk2MTY4OTE3ODE1XzE3MjQ2NTUyNTUwMzc4MTY=","Muhammadjafar apa nama fb nya","2",,,,,,,,,,,,,,,,,,,,,,,,,,,,,,,"2","2024-10-07T22:37:16.000Z","1915796168917815","https://www.facebook.com/100014623516733/posts/1915796168917815","ZmVlZGJhY2s6MTkxNTc5NjE2ODkxNzgxNV8xNzI0NjU1MjU1MDM3ODE2","Y29tbWVudDoxOTE1Nzk2MTY4OTE3ODE1XzE3MjQ2NTUyNTUwMzc4MTY=","https://www.facebook.com/100014623516733/posts/1915796168917815","1","110168501881093",,,,"100013364191442","Nrll Bintang Asia","https://scontent.fshd1-1.fna.fbcdn.net/v/t39.30808-1/461087378_2013634612425326_5478208411470068121_n.jpg?stp=cp0_dst-jpg_s32x32&_nc_cat=103&ccb=1-7&_nc_sid=50d2ac&_nc_ohc=LEtOrsbNucAQ7kNvgGVnkfC&_nc_ht=scontent.fshd1-1.fna&_nc_gid=AD9NyHQvnv2oaW-7DHzD-W9&oh=00_AYCJre4_0Q7T1kJZUUKfT557Y4Jsac2lyRJLYKrftD5ovw&oe=670BFC69","https://www.facebook.com/nurul.hardianti.9237","Paling Andalang🫢🫢😄","0"
,,,,,,,,,,,,,,,,,,,,,,,,,,,,,,,,,,,"https://www.facebook.com/jafaremba/videos/1332492387916004/?comment_id=875911988029086",,,,,,,,,,,,,,,,,,,,,,,,,,,,,,,,,,,,,,,,,,,,,,,,,,,,,,,,,,,,,,,,,,,,,,,,,,,,,,,,"2024-10-07T08:54:43.000Z","1332492387916004","https://www.facebook.com/100014623516733/posts/1332492387916004","ZmVlZGJhY2s6MTMzMjQ5MjM4NzkxNjAwNF84NzU5MTE5ODgwMjkwODY=","Y29tbWVudDoxMzMyNDkyMzg3OTE2MDA0Xzg3NTkxMTk4ODAyOTA4Ng==","https://www.facebook.com/100014623516733/posts/1332492387916004","0",,,,"Muhammadjafar was live.","pfbid06U3H31e35Jk4Vddwe3ACzwWJUti2cxEvwVjGZJBfLPU84ru5PQVzHaAANxr4fzzEl","Jumriani","https://scontent.fdet1-1.fna.fbcdn.net/v/t39.30808-1/445418358_1485624865703460_1743489439682232472_n.jpg?stp=cp0_dst-jpg_s32x32&_nc_cat=100&ccb=1-7&_nc_sid=0ecb9b&_nc_ohc=3deoCz99S4sQ7kNvgGC8BD7&_nc_ht=scontent.fdet1-1.fna&_nc_gid=AKq9cP_PcI9N0eqXTvWVBEV&oh=00_AYB7nsqXC7X4ysy-LVN6ler14TyTF70BUwW536xwzxbQWQ&oe=670BEB5D","https://www.facebook.com/jumriani.jumriani.92798072","Adakah uji coba y😅","0"
,,,,,,,,,,,,,,,,,,,,,,,,,,,,,,,,,,,"https://www.facebook.com/jafaremba/videos/1332492387916004/?comment_id=431680329527230",,,,,,,,,,,,,,,,,,,,,,,,,,,,,,,,,,,,,,,,,,,,,,,,,,,,,,,,,,,,,,,,,,,,,,,,,,,,,,,,"2024-10-07T10:18:16.000Z","1332492387916004","https://www.facebook.com/100014623516733/posts/1332492387916004","ZmVlZGJhY2s6MTMzMjQ5MjM4NzkxNjAwNF80MzE2ODAzMjk1MjcyMzA=","Y29tbWVudDoxMzMyNDkyMzg3OTE2MDA0XzQzMTY4MDMyOTUyNzIzMA==","https://www.facebook.com/100014623516733/posts/1332492387916004","1",,,,"Muhammadjafar was live.","pfbid0Uvb7kEN1jgZbkw7qdsSNVdGTvX8vCs6tUC4W6QscwSV9UCAQsztD3FiXP7sJtAa7l","Daeng Arul Jasjus Jr.","https://scontent.fdet1-2.fna.fbcdn.net/v/t39.30808-1/450674402_122097575870411642_4983933138480219607_n.jpg?stp=cp0_dst-jpg_s32x32&_nc_cat=111&ccb=1-7&_nc_sid=0ecb9b&_nc_ohc=jU9I1bRH1ccQ7kNvgGbAQIt&_nc_ht=scontent.fdet1-2.fna&_nc_gid=AKq9cP_PcI9N0eqXTvWVBEV&oh=00_AYB3kWJ5vnVciqtNmJ6jcm2gMhHFOkAgxrEG65LGmIeEDQ&oe=670C0553","https://www.facebook.com/people/Daeng-Arul-Jasjus-Jr/pfbid0Uvb7kEN1jgZbkw7qdsSNVdGTvX8vCs6tUC4W6QscwSV9UCAQsztD3FiXP7sJtAa7l/","Pabrik nya mantap tapi kok air minum tim nyaa pake mineral gelas! 😂 Ada Aqua kah","0"
,,,,,,,,,,,,,,,,,,,,,,,,,,,,,,,,,,,"https://www.facebook.com/jafaremba/posts/pfbid0B3y2AWRFetSJvrTPWHz7vNzmgCjfkwa3uYWHuJzpAp9srXZLaWFA8pUi3YHn66nVl?comment_id=818526656877265",,,,,,,,,,,,,,,,,,,,,,,,,,,,,,,,,,,,,,,,,,,,,,,,,,,,,,,,,,,,,,,,,,,,,,,,,,,,,,,,"2024-10-07T13:48:14.000Z","1915090492321716","https://www.facebook.com/100014623516733/posts/1915090492321716","ZmVlZGJhY2s6MTkxNTA5MDQ5MjMyMTcxNl84MTg1MjY2NTY4NzcyNjU=","Y29tbWVudDoxOTE1MDkwNDkyMzIxNzE2XzgxODUyNjY1Njg3NzI2NQ==","https://www.facebook.com/100014623516733/posts/1915090492321716","0","110168501881093","false",,"Sukses bersama bintang asia,..Makassar -surabaya-jember-cilacap","100014623516733","Muhammadjafar","https://scontent-lax3-1.xx.fbcdn.net/v/t39.30808-1/437777564_1796463224184444_6323579690372403329_n.jpg?stp=cp0_dst-jpg_s32x32&_nc_cat=104&ccb=1-7&_nc_sid=50d2ac&_nc_ohc=aN-pVRnss1UQ7kNvgF69SCM&_nc_ht=scontent-lax3-1.xx&_nc_gid=AbivdFEB_q3pvdqoq-1sAif&oh=00_AYAha8Xgo7i6dgz8kjW6xjy4HXNwnzcMwoOT5Dwq-515lA&oe=670C1810","https://www.facebook.com/jafaremba","Amiin...terimah kasih cika'🙏🙏","0"
,,,,,,,,,,,,,,,,,,,,,,,,,,,,,,,,,,,"https://www.facebook.com/jafaremba/posts/pfbid0B3y2AWRFetSJvrTPWHz7vNzmgCjfkwa3uYWHuJzpAp9srXZLaWFA8pUi3YHn66nVl?comment_id=482002481501591",,,,,,,,,,,,,,,,,,,,,,,,,,,,,,,,,,,,,,,,,,,,,,,,,,,,,,,,,,,,,,,,,,,,,,,,,,,,,,,"1","2024-10-07T01:12:05.000Z","1915090492321716","https://www.facebook.com/100014623516733/posts/1915090492321716","ZmVlZGJhY2s6MTkxNTA5MDQ5MjMyMTcxNl80ODIwMDI0ODE1MDE1OTE=","Y29tbWVudDoxOTE1MDkwNDkyMzIxNzE2XzQ4MjAwMjQ4MTUwMTU5MQ==","https://www.facebook.com/100014623516733/posts/1915090492321716","1","110168501881093","false",,"Sukses bersama bintang asia,..Makassar -surabaya-jember-cilacap","100004785460667","Sahar Gundang","https://scontent-lax3-1.xx.fbcdn.net/v/t39.30808-1/450056183_2713808082122014_3635594165233903783_n.jpg?stp=cp0_dst-jpg_s32x32&_nc_cat=108&ccb=1-7&_nc_sid=50d2ac&_nc_ohc=LTveX_zE4IoQ7kNvgEnGfUJ&_nc_ht=scontent-lax3-1.xx&_nc_gid=AbivdFEB_q3pvdqoq-1sAif&oh=00_AYDdD-gYQlwgScS9A_Ka6FdWgIUD5Sb4WTt0nAip4VHmuA&oe=670C1A07","https://www.facebook.com/sahar.gundang","Sukses slalu pak bos.","0"
"Sticker",,,,,,,"1","83","1","1","659965357951662","80","https://scontent-lax3-1.xx.fbcdn.net/v/t39.1997-6/118137310_659965361284995_3192562938730338757_n.png?stp=cp0_dst-png_s110x80&_nc_cat=1&ccb=1-7&_nc_sid=23dd7b&_nc_ohc=G9CxWR7YsF0Q7kNvgFq01uH&_nc_ht=scontent-lax3-1.xx&_nc_gid=AbivdFEB_q3pvdqoq-1sAif&oh=00_AYAL_X6XsGBnjatyB5KxM_SrS0M5v6keXVvX6wlzUtjxrg&oe=670BF727","80","",,"659943364620528","[Newsfeed] Back to School",,,,,,,,,,,,,,,,,"https://www.facebook.com/jafaremba/posts/pfbid0B3y2AWRFetSJvrTPWHz7vNzmgCjfkwa3uYWHuJzpAp9srXZLaWFA8pUi3YHn66nVl?comment_id=1046797126941933",,,,,,,,,,,,,,,,,,,,,,,,,,,,,,,,,,,,,,,,,,,,,,,,,,,,,,,,,,,,,,,,,,,,,,,,,,,,,,,,"2024-10-07T05:24:09.000Z","1915090492321716","https://www.facebook.com/100014623516733/posts/1915090492321716","ZmVlZGJhY2s6MTkxNTA5MDQ5MjMyMTcxNl8xMDQ2Nzk3MTI2OTQxOTMz","Y29tbWVudDoxOTE1MDkwNDkyMzIxNzE2XzEwNDY3OTcxMjY5NDE5MzM=","https://www.facebook.com/100014623516733/posts/1915090492321716","0","110168501881093","false",,"Sukses bersama bintang asia,..Makassar -surabaya-jember-cilacap","100007903817349","Farmer Adventur","https://scontent-lax3-2.xx.fbcdn.net/v/t39.30808-1/461791908_3844772569129499_6390718757703377909_n.jpg?stp=cp0_dst-jpg_s32x32&_nc_cat=106&ccb=1-7&_nc_sid=50d2ac&_nc_ohc=MfMEzde64jYQ7kNvgEzBEHQ&_nc_ht=scontent-lax3-2.xx&_nc_gid=AbivdFEB_q3pvdqoq-1sAif&oh=00_AYCFdpKHBPVuu8K9jzlZDPIfbboKPqqLgm8FiEXYARYAkQ&oe=670BFA5E",,,"0"
,,,,,,,,,,,,,,,,,,,,,,,,,,,,,,,,,,,"https://www.facebook.com/jafaremba/posts/pfbid0B3y2AWRFetSJvrTPWHz7vNzmgCjfkwa3uYWHuJzpAp9srXZLaWFA8pUi3YHn66nVl?comment_id=1250138976164202",,,,,,,,,,,,,,,,,,,,,,,,,,,,,,,,,,,,,,,,,,,,,,,,,,,,,,,,,,,,,,,,,,,,,,,,,,,,,,,,"2024-10-07T03:57:23.000Z","1915090492321716","https://www.facebook.com/100014623516733/posts/1915090492321716","ZmVlZGJhY2s6MTkxNTA5MDQ5MjMyMTcxNl8xMjUwMTM4OTc2MTY0MjAy","Y29tbWVudDoxOTE1MDkwNDkyMzIxNzE2XzEyNTAxMzg5NzYxNjQyMDI=","https://www.facebook.com/100014623516733/posts/1915090492321716","1","110168501881093","false",,"Sukses bersama bintang asia,..Makassar -surabaya-jember-cilacap","pfbid0r3VMHMUEL3qHurfo74dtdQTfaVzK4YPKij2wudKB6LAfRjBhkjR56cvzHCpQFDirl","Dzulqarnain Syarifuddin","https://scontent-lax3-2.xx.fbcdn.net/v/t39.30808-1/462390431_8616815875041242_7889721029410800768_n.jpg?stp=cp0_dst-jpg_s32x32&_nc_cat=100&ccb=1-7&_nc_sid=0ecb9b&_nc_ohc=ciDDjedeSHgQ7kNvgGPz7Ww&_nc_ht=scontent-lax3-2.xx&_nc_gid=AbivdFEB_q3pvdqoq-1sAif&oh=00_AYAbJ800Nierc8TBQAJzpxCrbuVIsfC0jZjPjmbu8D3BEg&oe=670BF209",,"Apik rek, Ati-ati ing dalan lan tekan panggonan sing dituju kanthi slamet 😅😅","0"
"Sticker",,,,,,,"1","83","1","1","280280680528917","80","https://scontent-lax3-1.xx.fbcdn.net/v/t39.1997-6/240404950_280280683862250_377726035223267134_n.png?stp=cp0_dst-png_s110x80&_nc_cat=1&ccb=1-7&_nc_sid=23dd7b&_nc_ohc=xEhARNutL4EQ7kNvgEs_gYR&_nc_ht=scontent-lax3-1.xx&_nc_gid=AbivdFEB_q3pvdqoq-1sAif&oh=00_AYCfqeUzPlOOyu66vIoBawaGx-uPtgx3gtjUZnlbs-8gfg&oe=670BEAB3","80","",,"222549939635325","[Newsfeed] Indonesia First Party",,,,,,,,,,,,,,,,,"https://www.facebook.com/jafaremba/posts/pfbid0B3y2AWRFetSJvrTPWHz7vNzmgCjfkwa3uYWHuJzpAp9srXZLaWFA8pUi3YHn66nVl?comment_id=547674834309292",,,,,,,,,,,,,,,,,,,,,,,,,,,,,,,,,,,,,,,,,,,,,,,,,,,,,,,,,,,,,,,,,,,,,,,,,,,,,,,,"2024-10-07T03:32:35.000Z","1915090492321716","https://www.facebook.com/100014623516733/posts/1915090492321716","ZmVlZGJhY2s6MTkxNTA5MDQ5MjMyMTcxNl81NDc2NzQ4MzQzMDkyOTI=","Y29tbWVudDoxOTE1MDkwNDkyMzIxNzE2XzU0NzY3NDgzNDMwOTI5Mg==","https://www.facebook.com/100014623516733/posts/1915090492321716","1","110168501881093","false",,"Sukses bersama bintang asia,..Makassar -surabaya-jember-cilacap","61558480822422","Jefri Albutuni","https://scontent-lax3-2.xx.fbcdn.net/v/t39.30808-1/460623531_122142390344282694_8960312905275726761_n.jpg?stp=cp0_dst-jpg_s32x32&_nc_cat=101&ccb=1-7&_nc_sid=50d2ac&_nc_ohc=NGxzkLxI4XoQ7kNvgF7PI59&_nc_ht=scontent-lax3-2.xx&_nc_gid=AbivdFEB_q3pvdqoq-1sAif&oh=00_AYBBArVgMo-Jg4akltGEAqYU79gpSUgaV0ahRYMyI_caQQ&oe=670C0EFC","https://www.facebook.com/people/Jefri-Albutuni/61558480822422/",,"0"
,,,,,,,,,,,,,,,,,,,,,,,,,,,,,,,,,,,"https://www.facebook.com/jafaremba/posts/pfbid0B3y2AWRFetSJvrTPWHz7vNzmgCjfkwa3uYWHuJzpAp9srXZLaWFA8pUi3YHn66nVl?comment_id=858443799385915",,,,,,,,,,,,,,,,,,,,,,,,,,,,,,,,,,,,,,,,,,,,,,,,,,,,,,,,,,,,,,,,,,,,,,,,,,,,,,,"1","2024-10-07T07:46:41.000Z","1915090492321716","https://www.facebook.com/100014623516733/posts/1915090492321716","ZmVlZGJhY2s6MTkxNTA5MDQ5MjMyMTcxNl84NTg0NDM3OTkzODU5MTU=","Y29tbWVudDoxOTE1MDkwNDkyMzIxNzE2Xzg1ODQ0Mzc5OTM4NTkxNQ==","https://www.facebook.com/100014623516733/posts/1915090492321716","1","110168501881093","false",,"Sukses bersama bintang asia,..Makassar -surabaya-jember-cilacap","100002286647352","Moh IQbal T Olii","https://scontent-lax3-2.xx.fbcdn.net/v/t39.30808-1/456455817_8115762721843202_8695643095343227830_n.jpg?stp=cp0_dst-jpg_s32x32&_nc_cat=106&ccb=1-7&_nc_sid=50d2ac&_nc_ohc=pBWq63U7cVcQ7kNvgHfaRLf&_nc_ht=scontent-lax3-2.xx&_nc_gid=AbivdFEB_q3pvdqoq-1sAif&oh=00_AYBfhTwz1o6i5Jnw8ZlJcfF4dIEwDMU96QMyPOUO2p5Jxg&oe=670BF0A4","https://www.facebook.com/ikhbal.kulukulu","Ngeri Daeng","0"
,,,,,,,,,,,,,,,,,,,,,,,,,,,,,,,,,,,"https://www.facebook.com/jafaremba/posts/pfbid0B3y2AWRFetSJvrTPWHz7vNzmgCjfkwa3uYWHuJzpAp9srXZLaWFA8pUi3YHn66nVl?comment_id=1054213365874137",,,,,,,,,,,,,,,,,,,,,,,,,,,,,,,,,,,,,,,,,,,,,,,,,,,,,,,,,,,,,,,,,,,,,,,,,,,,,,,"1","2024-10-07T00:28:48.000Z","1915090492321716","https://www.facebook.com/100014623516733/posts/1915090492321716","ZmVlZGJhY2s6MTkxNTA5MDQ5MjMyMTcxNl8xMDU0MjEzMzY1ODc0MTM3","Y29tbWVudDoxOTE1MDkwNDkyMzIxNzE2XzEwNTQyMTMzNjU4NzQxMzc=","https://www.facebook.com/100014623516733/posts/1915090492321716","1","110168501881093","false",,"Sukses bersama bintang asia,..Makassar -surabaya-jember-cilacap","pfbid0Uvb7kEN1jgZbkw7qdsSNVdGTvX8vCs6tUC4W6QscwSV9UCAQsztD3FiXP7sJtAa7l","Daeng Arul Jasjus Jr.","https://scontent-lax3-2.xx.fbcdn.net/v/t39.30808-1/450674402_122097575870411642_4983933138480219607_n.jpg?stp=cp0_dst-jpg_s32x32&_nc_cat=111&ccb=1-7&_nc_sid=0ecb9b&_nc_ohc=jU9I1bRH1ccQ7kNvgF4cgYf&_nc_ht=scontent-lax3-2.xx&_nc_gid=AbivdFEB_q3pvdqoq-1sAif&oh=00_AYB0_eKnP-GPsW-LNiHCZOE8F1cq0s-kjyksRoEBooDmpw&oe=670C0553","https://www.facebook.com/people/Daeng-Arul-Jasjus-Jr/pfbid0Uvb7kEN1jgZbkw7qdsSNVdGTvX8vCs6tUC4W6QscwSV9UCAQsztD3FiXP7sJtAa7l/","Salama tapada salama daeng ku..","0"
,,,,,,,,,,,,,,,,,,,,,,,,,,,,,,,,,,,"https://www.facebook.com/jafaremba/posts/pfbid0B3y2AWRFetSJvrTPWHz7vNzmgCjfkwa3uYWHuJzpAp9srXZLaWFA8pUi3YHn66nVl?comment_id=318436581357846",,,,,,,,,,,,,,,,,,,,,,,,,,,,,,,,,,,,,,,,,,,,,,,,,,,,,,,,,,,,,,,,,,,,,,,,,,,,,,,"1","2024-10-07T02:15:22.000Z","1915090492321716","https://www.facebook.com/100014623516733/posts/1915090492321716","ZmVlZGJhY2s6MTkxNTA5MDQ5MjMyMTcxNl8zMTg0MzY1ODEzNTc4NDY=","Y29tbWVudDoxOTE1MDkwNDkyMzIxNzE2XzMxODQzNjU4MTM1Nzg0Ng==","https://www.facebook.com/100014623516733/posts/1915090492321716","1","110168501881093","false",,"Sukses bersama bintang asia,..Makassar -surabaya-jember-cilacap","61553813668557","Apriyanti Bintang Asia","https://scontent-lax3-2.xx.fbcdn.net/v/t39.30808-1/454258869_122158177466127122_5924470737510194271_n.jpg?stp=cp0_dst-jpg_s32x32&_nc_cat=100&ccb=1-7&_nc_sid=50d2ac&_nc_ohc=hT07s_YNAsEQ7kNvgFzT5gD&_nc_ht=scontent-lax3-2.xx&_nc_gid=AbivdFEB_q3pvdqoq-1sAif&oh=00_AYBBVHRcIh6qxFZqhh-EuOaDa_ic3-EPY0yTFFtIJ9x_RA&oe=670C155B","https://www.facebook.com/people/Apriyanti-Bintang-Asia/61553813668557/","Salamaki pak🤲","0"
,,,,,,,,,,,,,,,,,,,,,,,,,,,,,,,,,,,"https://www.facebook.com/jafaremba/posts/pfbid0B3y2AWRFetSJvrTPWHz7vNzmgCjfkwa3uYWHuJzpAp9srXZLaWFA8pUi3YHn66nVl?comment_id=1923401721492932",,,,,,,,,,,,,,,,,,,,,,,,,,,,,,,,,,,,,,,,,,,,,,,,,,,,,,,,,,,,,,,,,,,,,,,,,,,,,,,"1","2024-10-07T11:44:27.000Z","1915090492321716","https://www.facebook.com/100014623516733/posts/1915090492321716","ZmVlZGJhY2s6MTkxNTA5MDQ5MjMyMTcxNl8xOTIzNDAxNzIxNDkyOTMy","Y29tbWVudDoxOTE1MDkwNDkyMzIxNzE2XzE5MjM0MDE3MjE0OTI5MzI=","https://www.facebook.com/100014623516733/posts/1915090492321716","1","110168501881093","false",,"Sukses bersama bintang asia,..Makassar -surabaya-jember-cilacap","pfbid0334ockYnjaMVsSmbbrs48zvRnBLXTg8ZoN1pSDbCthqs5GzsiHyhw7z9LYNs9a8Vol","Idris Kasim","https://scontent-lax3-2.xx.fbcdn.net/v/t39.30808-1/239461557_234358755236966_5232142722464619405_n.jpg?stp=c0.0.720.720a_cp0_dst-jpg_s32x32&_nc_cat=101&ccb=1-7&_nc_sid=0ecb9b&_nc_ohc=JN8IcNRrd-kQ7kNvgHmDJch&_nc_ht=scontent-lax3-2.xx&_nc_gid=AbivdFEB_q3pvdqoq-1sAif&oh=00_AYAsAPUm56viICl77wKM_SNRix2XbHPt8-nFLSKLNqinYQ&oe=670BF2B9","https://www.facebook.com/idris.kasim.796","Sukses selalu pak boss","0"
"Sticker",,,"https://scontent-lax3-1.xx.fbcdn.net/v/t39.1997-6/68894373_1459627387495333_5835456569109643264_n.webp?stp=dst-webp_s110x80&_nc_cat=1&ccb=1-7&_nc_sid=ba09c1&_nc_ohc=cJAEAaizZO8Q7kNvgFy0EhT&_nc_ht=scontent-lax3-1.xx&_nc_gid=AbivdFEB_q3pvdqoq-1sAif&oh=00_AYBWfwa4wt6lM-GjLnDbSulu9nTP50lDUFMGuNeltq8mpw&oe=670BFAA3",,,,"14","100","4","4","514561552001926","80","https://scontent-lax3-1.xx.fbcdn.net/v/t39.1997-6/69142452_1459627590828646_6160083988481310720_n.png?stp=cp0_dst-png_s110x80&_nc_cat=1&ccb=1-7&_nc_sid=23dd7b&_nc_ohc=wknZFuYFHb8Q7kNvgGK1jKA&_nc_ht=scontent-lax3-1.xx&_nc_gid=AbivdFEB_q3pvdqoq-1sAif&oh=00_AYBexFvL7UElcTnr6x2p1_ijOmLnlE-bCNIBFVThPiNC-g&oe=670BF091","80","Business fish, a person with a pink fish head wearing a suit and tie, giving a large thumbs up with their right hand and saying good",,"493674027424012","Executive Business Fish",,"https://scontent-lax3-1.xx.fbcdn.net/v/t39.1997-6/68866962_1459627384162000_4858367271799619584_n.png?stp=dst-png_p320x320&_nc_cat=1&ccb=1-7&_nc_sid=ba09c1&_nc_ohc=g-XHeS31Z2UQ7kNvgE-oqIi&_nc_ht=scontent-lax3-1.xx&_nc_gid=AbivdFEB_q3pvdqoq-1sAif&oh=00_AYChHu_rUf6tMMzgwrOpuWwy-cMvi0r1W64yaJJf2eVZqw&oe=670C1648",,,,,,,,,,,,,,,"https://www.facebook.com/jafaremba/posts/pfbid0B3y2AWRFetSJvrTPWHz7vNzmgCjfkwa3uYWHuJzpAp9srXZLaWFA8pUi3YHn66nVl?comment_id=1137262704647816",,,,,,,,,,,,,,,,,,,,,,,,,,,,,,,,,,,,,,,,,,,,,,,,,,,,,,,,,,,,,,,,,,,,,,,,,,,,,,,"1","2024-10-07T11:14:44.000Z","1915090492321716","https://www.facebook.com/100014623516733/posts/1915090492321716","ZmVlZGJhY2s6MTkxNTA5MDQ5MjMyMTcxNl8xMTM3MjYyNzA0NjQ3ODE2","Y29tbWVudDoxOTE1MDkwNDkyMzIxNzE2XzExMzcyNjI3MDQ2NDc4MTY=","https://www.facebook.com/100014623516733/posts/1915090492321716","1","110168501881093","false",,"Sukses bersama bintang asia,..Makassar -surabaya-jember-cilacap","100004825651478","NiZar Bintang Asia","https://scontent-lax3-2.xx.fbcdn.net/v/t39.30808-1/438276089_2611594555678041_6997404202785061953_n.jpg?stp=cp0_dst-jpg_p32x32&_nc_cat=111&ccb=1-7&_nc_sid=50d2ac&_nc_ohc=kAH-2fA_hIIQ7kNvgGfy2RS&_nc_ht=scontent-lax3-2.xx&_nc_gid=AbivdFEB_q3pvdqoq-1sAif&oh=00_AYAsUaopAJaaNh28xMcGfeC1EqqNZ6sGc5_aWnHqG7EYDA&oe=670BEA6E","https://www.facebook.com/nizar.setia.3",,"0"
,,,,,,,,,,,,,,,,,,,,,,,"VideoTipJarPayment","841947888113754","0","1","https://static.xx.fbcdn.net/rsrc.php/v3/yN/r/z6visRJQXR_.png",,"StarsVirtualGiftBaseType",,"/images/assets_DO_NOT_HARDCODE/user_pay_stars_virtual_gifts/Community-Unification-Default-Tier1-Thoughtful-Testing-Static.png","Community-Unification-Default-T1-Thoughtful-bottomsheet-testing-animation","https://static.xx.fbcdn.net/rsrc.php/y6/r/qfD07Iv6r-5.kf","1414980765966032","https://www.facebook.com/reel/841907361451140/?comment_id=514135101220433",,,,,,,,,,,,,,"https://www.facebook.com/reel/841907361451140/?comment_id=514135101220433&reply_comment_id=836836095145945",,"2024-10-03T10:58:26.000Z","ZmVlZGJhY2s6MTkxMjIyNjM3NTk0MTQ2MV84MzY4MzYwOTUxNDU5NDU=","Y29tbWVudDoxOTEyMjI2Mzc1OTQxNDYxXzgzNjgzNjA5NTE0NTk0NQ==","0","User","100002473274772","Ismet Longkrang","Ismet","Y29tbWVudDoxOTEyMjI2Mzc1OTQxNDYxXzUxNDEzNTEwMTIyMDQzMw==","100014623516733","Muhammadjafar","https://scontent.fagc3-2.fna.fbcdn.net/v/t39.30808-1/437777564_1796463224184444_6323579690372403329_n.jpg?stp=cp0_dst-jpg_s32x32&_nc_cat=104&ccb=1-7&_nc_sid=50d2ac&_nc_ohc=aN-pVRnss1UQ7kNvgG9ID1x&_nc_ht=scontent.fagc3-2.fna&_nc_gid=AoZQ24H58FGJurFfhf9Nv-D&oh=00_AYC2PVmrOky03avxZ71i7co9xT7Qtaflc40bMenDPd_-4Q&oe=670C1810","https://www.facebook.com/jafaremba","Y29tbWVudDoxOTEyMjI2Mzc1OTQxNDYxXzUxNDEzNTEwMTIyMDQzMw==","Ismet Longkrang terimah kasih bang🙏🏼🙏🏼🙏🏼🙏🏼","1",,,,,,,,,,,,,,,,,,,,,,,,,,,,,,,,,,,,,,,,,,,,,,,,"1","2024-10-03T09:04:49.000Z","1912226375941461","https://www.facebook.com/100014623516733/posts/1912226375941461","ZmVlZGJhY2s6MTkxMjIyNjM3NTk0MTQ2MV81MTQxMzUxMDEyMjA0MzM=","Y29tbWVudDoxOTEyMjI2Mzc1OTQxNDYxXzUxNDEzNTEwMTIyMDQzMw==","https://www.facebook.com/100014623516733/posts/1912226375941461","2","110168501881093",,,"Kelvin Remixer · Tunggu Tunggu","100002473274772","Ismet Longkrang","https://scontent.fagc3-1.fna.fbcdn.net/v/t39.30808-1/455683737_8091349830957379_801584158260399401_n.jpg?stp=cp0_dst-jpg_s32x32&_nc_cat=110&ccb=1-7&_nc_sid=50d2ac&_nc_ohc=1vVkON_ylW4Q7kNvgHPoCMd&_nc_ht=scontent.fagc3-1.fna&_nc_gid=AoZQ24H58FGJurFfhf9Nv-D&oh=00_AYDToMpwFDYyVp-eyzVvYCmbrqp8-ldaYVWEp6qTD7UNEQ&oe=670BF6B3","https://www.facebook.com/ismet.longkrang","Semangat 😊","0"
"Sticker",,,,,,,"1","83","1","1","1571614156900441","128","https://scontent.fagc3-2.fna.fbcdn.net/v/t39.1997-6/454938501_1571614160233774_394091725747617198_n.png?stp=dst-png_s168x128&_nc_cat=104&ccb=1-7&_nc_sid=23dd7b&_nc_ohc=cv0_rKPbIlIQ7kNvgHRnoda&_nc_ht=scontent.fagc3-2.fna&_nc_gid=AoZQ24H58FGJurFfhf9Nv-D&oh=00_AYDOx827Qt7kwtnVEmGdywkisHfGMqYWk_VWVBRsfxWk8A&oe=670C144C","128","",,,,,,,,,,,,,,,,,,,,"https://www.facebook.com/reel/841907361451140/?comment_id=1089802026099162","Sticker",,"1","83","1","1","499367682745797","120","https://scontent.fagc3-2.fna.fbcdn.net/v/t39.1997-6/452838063_499367689412463_6775813606840081210_n.webp?_nc_cat=104&ccb=1-7&_nc_sid=72b077&_nc_ohc=tOP5NL7eC58Q7kNvgGNER7H&_nc_ht=scontent.fagc3-2.fna&_nc_gid=AoZQ24H58FGJurFfhf9Nv-D&oh=00_AYCCj9n4YQGeBLzK0Fki0kLWosXqwg8BezQmT6yz2r7oPA&oe=670C00E5","120","",,,"https://www.facebook.com/reel/841907361451140/?comment_id=1089802026099162&reply_comment_id=511983031620277",,"2024-10-04T08:15:57.000Z","ZmVlZGJhY2s6MTkxMjIyNjM3NTk0MTQ2MV81MTE5ODMwMzE2MjAyNzc=","Y29tbWVudDoxOTEyMjI2Mzc1OTQxNDYxXzUxMTk4MzAzMTYyMDI3Nw==","0","User","pfbid06U3H31e35Jk4Vddwe3ACzwWJUti2cxEvwVjGZJBfLPU84ru5PQVzHaAANxr4fzzEl","Jumriani","Jumriani","Y29tbWVudDoxOTEyMjI2Mzc1OTQxNDYxXzEwODk4MDIwMjYwOTkxNjI=","100014623516733","Muhammadjafar","https://scontent.fagc3-2.fna.fbcdn.net/v/t39.30808-1/437777564_1796463224184444_6323579690372403329_n.jpg?stp=cp0_dst-jpg_s32x32&_nc_cat=104&ccb=1-7&_nc_sid=50d2ac&_nc_ohc=aN-pVRnss1UQ7kNvgG9ID1x&_nc_ht=scontent.fagc3-2.fna&_nc_gid=AoZQ24H58FGJurFfhf9Nv-D&oh=00_AYC2PVmrOky03avxZ71i7co9xT7Qtaflc40bMenDPd_-4Q&oe=670C1810","https://www.facebook.com/jafaremba","Y29tbWVudDoxOTEyMjI2Mzc1OTQxNDYxXzEwODk4MDIwMjYwOTkxNjI=","Jumriani","1",,,,,,,,,,,,,,,,,,,,,,,,,,,,,,,,,,,,,,,,,,,,,,,,"1","2024-10-04T08:11:07.000Z","1912226375941461","https://www.facebook.com/100014623516733/posts/1912226375941461","ZmVlZGJhY2s6MTkxMjIyNjM3NTk0MTQ2MV8xMDg5ODAyMDI2MDk5MTYy","Y29tbWVudDoxOTEyMjI2Mzc1OTQxNDYxXzEwODk4MDIwMjYwOTkxNjI=","https://www.facebook.com/100014623516733/posts/1912226375941461","1","110168501881093",,,"Kelvin Remixer · Tunggu Tunggu","pfbid06U3H31e35Jk4Vddwe3ACzwWJUti2cxEvwVjGZJBfLPU84ru5PQVzHaAANxr4fzzEl","Jumriani","https://scontent.fagc3-2.fna.fbcdn.net/v/t39.30808-1/445418358_1485624865703460_1743489439682232472_n.jpg?stp=cp0_dst-jpg_s32x32&_nc_cat=100&ccb=1-7&_nc_sid=0ecb9b&_nc_ohc=3deoCz99S4sQ7kNvgG1WM8K&_nc_ht=scontent.fagc3-2.fna&_nc_gid=AoZQ24H58FGJurFfhf9Nv-D&oh=00_AYCUhqjQL_u6UfMCPSg9uTzxP3eHUsJme48CshsdsaMa6Q&oe=670BEB5D","https://www.facebook.com/jumriani.jumriani.92798072",,"0"
,,,,,,,,,,,,,,,,,,,,,,,,,,,,,,,,,,,"https://www.facebook.com/jafaremba/videos/998009958792766/?comment_id=830532812495109",,,,,,,,,,,,,,"https://www.facebook.com/jafaremba/videos/998009958792766/?comment_id=830532812495109&reply_comment_id=926796812806294",,"2024-10-05T11:32:54.000Z","ZmVlZGJhY2s6MTkxMzY0NTg3NTc5OTUxMV85MjY3OTY4MTI4MDYyOTQ=","Y29tbWVudDoxOTEzNjQ1ODc1Nzk5NTExXzkyNjc5NjgxMjgwNjI5NA==","0","User","pfbid04SK3omg68ZXoQgach9ZEmmnpMF5RysEiXppNH9ZiYj1SDr6JzvsknZv52mA3Y9Vfl","Budi Harto","Budi","Y29tbWVudDoxOTEzNjQ1ODc1Nzk5NTExXzgzMDUzMjgxMjQ5NTEwOQ==","100014623516733","Muhammadjafar","https://scontent.fagc3-2.fna.fbcdn.net/v/t39.30808-1/437777564_1796463224184444_6323579690372403329_n.jpg?stp=cp0_dst-jpg_s32x32&_nc_cat=104&ccb=1-7&_nc_sid=50d2ac&_nc_ohc=aN-pVRnss1UQ7kNvgF3r4bd&_nc_ht=scontent.fagc3-2.fna&_nc_gid=Aq_wXme0SP71S-KXuV7GQpe&oh=00_AYBy_70kMQp-7V5c0BwDYvIuUr2s-r5K8SL5m2UdXFstsA&oe=670C1810","https://www.facebook.com/jafaremba","Y29tbWVudDoxOTEzNjQ1ODc1Nzk5NTExXzgzMDUzMjgxMjQ5NTEwOQ==","Budi Harto amiin 🙏🏼🙏🏼","1",,,,,,,,,,,,,,,,,,,,,,,,,,,,,,,,,,,,,,,,,,,,,,,,"1","2024-10-05T11:24:16.000Z","1913645875799511","https://www.facebook.com/100014623516733/posts/1913645875799511","ZmVlZGJhY2s6MTkxMzY0NTg3NTc5OTUxMV84MzA1MzI4MTI0OTUxMDk=","Y29tbWVudDoxOTEzNjQ1ODc1Nzk5NTExXzgzMDUzMjgxMjQ5NTEwOQ==","https://www.facebook.com/100014623516733/posts/1913645875799511","1",,,,"Aktivitas hari ini ,Sabtu tgl 5-10-2024..","pfbid04SK3omg68ZXoQgach9ZEmmnpMF5RysEiXppNH9ZiYj1SDr6JzvsknZv52mA3Y9Vfl","Budi Harto","https://scontent.fagc3-2.fna.fbcdn.net/v/t39.30808-1/452195849_122127887204302033_8373987354004187259_n.jpg?stp=cp0_dst-jpg_s32x32&_nc_cat=103&ccb=1-7&_nc_sid=0ecb9b&_nc_ohc=d9m77jTSdxYQ7kNvgGgC_rN&_nc_ht=scontent.fagc3-2.fna&_nc_gid=Aq_wXme0SP71S-KXuV7GQpe&oh=00_AYAV5jHhy6T3AiOVgQtCDPk3PPJCUXbgRW8nRgWuvrCe4g&oe=670C1AD3","https://www.facebook.com/people/Budi-Harto/pfbid04SK3omg68ZXoQgach9ZEmmnpMF5RysEiXppNH9ZiYj1SDr6JzvsknZv52mA3Y9Vfl/","Sukses","0"
,,,,,,,,,,,,,,,,,,,,,,,,,,,,,,,,,,,"https://www.facebook.com/jafaremba/posts/pfbid05jfcWNoUs8Q2ZSuwXfUawwiCP2Hn8NuTGHkjqopHTaakpNqYbuNFbAR39QFqWQ17l?comment_id=1545785699666897",,,,,,,,,,,,,,"https://www.facebook.com/jafaremba/posts/pfbid05jfcWNoUs8Q2ZSuwXfUawwiCP2Hn8NuTGHkjqopHTaakpNqYbuNFbAR39QFqWQ17l?comment_id=1545785699666897&reply_comment_id=913948277452299","2","2024-10-06T23:52:49.000Z","ZmVlZGJhY2s6MTkxNTA3MDM3MjMyMzcyOF85MTM5NDgyNzc0NTIyOTk=","Y29tbWVudDoxOTE1MDcwMzcyMzIzNzI4XzkxMzk0ODI3NzQ1MjI5OQ==","1","User","pfbid06U3H31e35Jk4Vddwe3ACzwWJUti2cxEvwVjGZJBfLPU84ru5PQVzHaAANxr4fzzEl","Jumriani","Jumriani","Y29tbWVudDoxOTE1MDcwMzcyMzIzNzI4XzE1NDU3ODU2OTk2NjY4OTc=","pfbid053odnQKk1fw6RQKypt2rpKnFVUgRGxrGZWbrfSBkaUz1CkzAHY4whwfkHzkfCKGNl","Muslimin Rangga","https://scontent-lax3-1.xx.fbcdn.net/v/t39.30808-1/349931610_262612503111169_7912365322120583936_n.jpg?stp=c0.0.720.720a_cp0_dst-jpg_s32x32&_nc_cat=102&ccb=1-7&_nc_sid=0ecb9b&_nc_ohc=WmrfUeI7XFEQ7kNvgEBJZB_&_nc_ht=scontent-lax3-1.xx&_nc_gid=ASVN8cAb5qSI6076z7da1B1&oh=00_AYBHM5Drom1k2UD6IB6ynOdLubbvIavzc6_835Hg-Os89Q&oe=670C19D2","https://www.facebook.com/muslimin.rangga.10","Y29tbWVudDoxOTE1MDcwMzcyMzIzNzI4XzE1NDU3ODU2OTk2NjY4OTc=","Jumriani menyalami abangkuu...😁🫢","1","https://www.facebook.com/jafaremba/posts/pfbid05jfcWNoUs8Q2ZSuwXfUawwiCP2Hn8NuTGHkjqopHTaakpNqYbuNFbAR39QFqWQ17l?comment_id=1545785699666897&reply_comment_id=8559786867418823","2024-10-06T23:55:27.000Z","ZmVlZGJhY2s6MTkxNTA3MDM3MjMyMzcyOF84NTU5Nzg2ODY3NDE4ODIz","Y29tbWVudDoxOTE1MDcwMzcyMzIzNzI4Xzg1NTk3ODY4Njc0MTg4MjM=","0","User","pfbid06U3H31e35Jk4Vddwe3ACzwWJUti2cxEvwVjGZJBfLPU84ru5PQVzHaAANxr4fzzEl","Jumriani","Jumriani","Y29tbWVudDoxOTE1MDcwMzcyMzIzNzI4XzE1NDU3ODU2OTk2NjY4OTc=","pfbid06U3H31e35Jk4Vddwe3ACzwWJUti2cxEvwVjGZJBfLPU84ru5PQVzHaAANxr4fzzEl","Jumriani","https://scontent-lax3-2.xx.fbcdn.net/v/t39.30808-1/445418358_1485624865703460_1743489439682232472_n.jpg?stp=cp0_dst-jpg_s32x32&_nc_cat=100&ccb=1-7&_nc_sid=0ecb9b&_nc_ohc=3deoCz99S4sQ7kNvgHfw-HL&_nc_ht=scontent-lax3-2.xx&_nc_gid=ASVN8cAb5qSI6076z7da1B1&oh=00_AYCRRAKI2GYy_Umr7n_PmNwkCmXLK31xznie5nlAxTpIGg&oe=670BEB5D","https://www.facebook.com/jumriani.jumriani.92798072","Y29tbWVudDoxOTE1MDcwMzcyMzIzNzI4XzE1NDU3ODU2OTk2NjY4OTc=","Muslimin Rangga tena menyala bossku meledak ki seng bapakna😁😁","2","Sticker",,"1","83","1","1","486389227359789","128","https://scontent-lax3-1.xx.fbcdn.net/v/t39.1997-6/452935707_486389234026455_7595779073169040790_n.png?stp=dst-png_s168x128&_nc_cat=105&ccb=1-7&_nc_sid=23dd7b&_nc_ohc=_T3lmPSUSo0Q7kNvgHjS31b&_nc_ht=scontent-lax3-1.xx&_nc_gid=ASVN8cAb5qSI6076z7da1B1&oh=00_AYCdnHdI1gEYCYGmqDESQQeDe3zrF8zRcCQmlP0oNn8Kzg&oe=670C1F37","128","",,,"https://www.facebook.com/jafaremba/posts/pfbid05jfcWNoUs8Q2ZSuwXfUawwiCP2Hn8NuTGHkjqopHTaakpNqYbuNFbAR39QFqWQ17l?comment_id=1545785699666897&reply_comment_id=1766568497247457","2024-10-06T23:56:00.000Z","ZmVlZGJhY2s6MTkxNTA3MDM3MjMyMzcyOF8xNzY2NTY4NDk3MjQ3NDU3","Y29tbWVudDoxOTE1MDcwMzcyMzIzNzI4XzE3NjY1Njg0OTcyNDc0NTc=","0","User","pfbid06U3H31e35Jk4Vddwe3ACzwWJUti2cxEvwVjGZJBfLPU84ru5PQVzHaAANxr4fzzEl","Jumriani","Jumriani","Y29tbWVudDoxOTE1MDcwMzcyMzIzNzI4XzE1NDU3ODU2OTk2NjY4OTc=","pfbid053odnQKk1fw6RQKypt2rpKnFVUgRGxrGZWbrfSBkaUz1CkzAHY4whwfkHzkfCKGNl","Muslimin Rangga","https://scontent-lax3-1.xx.fbcdn.net/v/t39.30808-1/349931610_262612503111169_7912365322120583936_n.jpg?stp=c0.0.720.720a_cp0_dst-jpg_s32x32&_nc_cat=102&ccb=1-7&_nc_sid=0ecb9b&_nc_ohc=WmrfUeI7XFEQ7kNvgEBJZB_&_nc_ht=scontent-lax3-1.xx&_nc_gid=ASVN8cAb5qSI6076z7da1B1&oh=00_AYBHM5Drom1k2UD6IB6ynOdLubbvIavzc6_835Hg-Os89Q&oe=670C19D2","https://www.facebook.com/muslimin.rangga.10","Y29tbWVudDoxOTE1MDcwMzcyMzIzNzI4XzE1NDU3ODU2OTk2NjY4OTc=","Jumriani","2","3","2024-10-06T23:46:24.000Z","1915070372323728","https://www.facebook.com/100014623516733/posts/1915070372323728","ZmVlZGJhY2s6MTkxNTA3MDM3MjMyMzcyOF8xNTQ1Nzg1Njk5NjY2ODk3","Y29tbWVudDoxOTE1MDcwMzcyMzIzNzI4XzE1NDU3ODU2OTk2NjY4OTc=","https://www.facebook.com/100014623516733/posts/1915070372323728","0","110168501881093","false",,"Muhammadjafar is at Bandar Udara Juanda Surabaya.","pfbid06U3H31e35Jk4Vddwe3ACzwWJUti2cxEvwVjGZJBfLPU84ru5PQVzHaAANxr4fzzEl","Jumriani","https://scontent-lax3-2.xx.fbcdn.net/v/t39.30808-1/445418358_1485624865703460_1743489439682232472_n.jpg?stp=cp0_dst-jpg_s32x32&_nc_cat=100&ccb=1-7&_nc_sid=0ecb9b&_nc_ohc=3deoCz99S4sQ7kNvgHfw-HL&_nc_ht=scontent-lax3-2.xx&_nc_gid=ASVN8cAb5qSI6076z7da1B1&oh=00_AYCRRAKI2GYy_Umr7n_PmNwkCmXLK31xznie5nlAxTpIGg&oe=670BEB5D","https://www.facebook.com/jumriani.jumriani.92798072","Tiba2 y ada di surabaya🥰🥰","0"
,,,,,,,,,,,,,,,,,,,,,,,,,,,,,,,,,,,"https://www.facebook.com/reel/1531428150813575/?comment_id=414846934687386",,,,,,,,,,,,,,,,,,,,,,,,,,,,,,,,,,,,,,,,,,,,,,,,,,,,,,,,,,,,,,,,,,,,,,,,,,,,,,,,"2024-10-06T03:32:34.000Z","1913648635799235","https://www.facebook.com/100014623516733/posts/1913648635799235","ZmVlZGJhY2s6MTkxMzY0ODYzNTc5OTIzNV80MTQ4NDY5MzQ2ODczODY=","Y29tbWVudDoxOTEzNjQ4NjM1Nzk5MjM1XzQxNDg0NjkzNDY4NzM4Ng==","https://www.facebook.com/100014623516733/posts/1913648635799235","0","110168501881093",,,,"100014623516733","Muhammadjafar","https://scontent-hou1-1.xx.fbcdn.net/v/t39.30808-1/437777564_1796463224184444_6323579690372403329_n.jpg?stp=cp0_dst-jpg_s32x32&_nc_cat=104&ccb=1-7&_nc_sid=50d2ac&_nc_ohc=aN-pVRnss1UQ7kNvgGilkc1&_nc_ht=scontent-hou1-1.xx&_nc_gid=A2lC7Vtt3on-4yGDfGmig9N&oh=00_AYBlvfejXXceHoC1Tt1EifIZiSNYzWoWAbeJhedWOAjroA&oe=670C1810","https://www.facebook.com/jafaremba","Zaenal Alam bajikna naniak Mustang,..amporei 😂😂","0"
,,,,,,,,,,,,,,,,,,,,,,,,,,,,,,,,,,,"https://www.facebook.com/reel/1531428150813575/?comment_id=964783092075068",,,,,,,,,,,,,,,,,,,,,,,,,,,,,,,,,,,,,,,,,,,,,,,,,,,,,,,,,,,,,,,,,,,,,,,,,,,,,,,,"2024-10-05T08:25:33.000Z","1913648635799235","https://www.facebook.com/100014623516733/posts/1913648635799235","ZmVlZGJhY2s6MTkxMzY0ODYzNTc5OTIzNV85NjQ3ODMwOTIwNzUwNjg=","Y29tbWVudDoxOTEzNjQ4NjM1Nzk5MjM1Xzk2NDc4MzA5MjA3NTA2OA==","https://www.facebook.com/100014623516733/posts/1913648635799235","1","110168501881093",,,,"pfbid0LXwyy9GGvSpsk7yv7ozBvqaW24M85pgPvpVGzh28WEBFbL5hiqq5xgY6erF7msqLl","Zaenal Alam","https://scontent-hou1-1.xx.fbcdn.net/v/t39.30808-1/299366861_5286310128124695_7923931780160586953_n.jpg?stp=cp0_dst-jpg_s32x32&_nc_cat=103&ccb=1-7&_nc_sid=0ecb9b&_nc_ohc=SNOCW11ml8oQ7kNvgE6zH7L&_nc_ht=scontent-hou1-1.xx&_nc_gid=A2lC7Vtt3on-4yGDfGmig9N&oh=00_AYDbVFajjg1zOSSybmFBIuuWKfs_Q3c_eWQhYTnU9DbAFA&oe=670BFA18","https://www.facebook.com/zaenal.alam.56","Porei belah....","0"
"Sticker",,,,,,,"1","83","1","1","1652591134767287","80","https://scontent.fpnk3-1.fna.fbcdn.net/v/t39.1997-6/17640308_1652591141433953_2515677274297073664_n.png?stp=cp0_dst-png_s110x80&_nc_cat=1&ccb=1-7&_nc_sid=23dd7b&_nc_ohc=ro41xiUPyE4Q7kNvgGtaa39&_nc_ht=scontent.fpnk3-1.fna&_nc_gid=AZPnyh5463sN-PYORFaG64A&oh=00_AYDfG6MypYM7ex-syjv9ZPYYZUeLdexn9R15cXdErOVzOQ&oe=670C1495","80","Thumbs up, Facebook like",,"722010354492041","Likes",,,,,,,,,,,,,,,,,"https://www.facebook.com/jafaremba/posts/pfbid0539dVBo6ST2ExXEmo1mv4wqc8gJ7s8XgtdUzdN1ri3oVLsFMWYT6ZMTHsvujyLCkl?comment_id=1231179568193630","Sticker",,"1","83","1","1","1019836199854936","128","https://scontent.fpnk3-1.fna.fbcdn.net/v/t39.1997-6/453068571_1019836203188269_6563392767918289542_n.png?stp=dst-png_s168x128&_nc_cat=101&ccb=1-7&_nc_sid=23dd7b&_nc_ohc=vV07ZoJK_6sQ7kNvgFS1hjd&_nc_ht=scontent.fpnk3-1.fna&_nc_gid=AZPnyh5463sN-PYORFaG64A&oh=00_AYAM8f5OgeFJrspbfDaS7o_FSNMzsihlv4oT_k5d9bYIGA&oe=670C099E","128","",,,"https://www.facebook.com/jafaremba/posts/pfbid0539dVBo6ST2ExXEmo1mv4wqc8gJ7s8XgtdUzdN1ri3oVLsFMWYT6ZMTHsvujyLCkl?comment_id=1231179568193630&reply_comment_id=888783266157634",,"2024-10-07T00:17:40.000Z","ZmVlZGJhY2s6MTkxNTA2NjkyMjMyNDA3M184ODg3ODMyNjYxNTc2MzQ=","Y29tbWVudDoxOTE1MDY2OTIyMzI0MDczXzg4ODc4MzI2NjE1NzYzNA==","0","User","pfbid0kk4cgqteyJrJb468AYd4vSdZZW7QweYTxTXSiqGCMepwYCLjFAuNpAFeQgHRqtFxl","Claudeth Miranda","Claudeth","Y29tbWVudDoxOTE1MDY2OTIyMzI0MDczXzEyMzExNzk1NjgxOTM2MzA=","100014623516733","Muhammadjafar","https://scontent.fpnk3-1.fna.fbcdn.net/v/t39.30808-1/437777564_1796463224184444_6323579690372403329_n.jpg?stp=cp0_dst-jpg_s32x32&_nc_cat=104&ccb=1-7&_nc_sid=50d2ac&_nc_ohc=aN-pVRnss1UQ7kNvgFc-bLL&_nc_ht=scontent.fpnk3-1.fna&_nc_gid=AZPnyh5463sN-PYORFaG64A&oh=00_AYD5MrKgFB87rVIWwtE7_gbgpzdlum1otLeHDAb4sdv_cQ&oe=670C1810","https://www.facebook.com/jafaremba","Y29tbWVudDoxOTE1MDY2OTIyMzI0MDczXzEyMzExNzk1NjgxOTM2MzA=",,"1",,,,,,,,,,,,,,,,,,,,,,,,,,,,,,,,,,,,,,,,,,,,,,,,"1","2024-10-07T00:16:25.000Z","1915066922324073","https://www.facebook.com/100014623516733/posts/1915066922324073","ZmVlZGJhY2s6MTkxNTA2NjkyMjMyNDA3M18xMjMxMTc5NTY4MTkzNjMw","Y29tbWVudDoxOTE1MDY2OTIyMzI0MDczXzEyMzExNzk1NjgxOTM2MzA=","https://www.facebook.com/100014623516733/posts/1915066922324073","0","110168501881093","false",,"Muhammadjafar is in Surabaya, Indonesia.","pfbid0kk4cgqteyJrJb468AYd4vSdZZW7QweYTxTXSiqGCMepwYCLjFAuNpAFeQgHRqtFxl","Claudeth Miranda","https://scontent.fpnk3-1.fna.fbcdn.net/v/t1.30497-1/453178253_471506465671661_2781666950760530985_n.png?stp=cp0_dst-png_s32x32&_nc_cat=1&ccb=1-7&_nc_sid=136b72&_nc_ohc=A9yMFZhP9ooQ7kNvgEpjAsi&_nc_ht=scontent.fpnk3-1.fna&_nc_gid=AZPnyh5463sN-PYORFaG64A&oh=00_AYDEn0Plnid0-vXmx6LwiO5zdt9eye-aahY-m5wbIy_w2Q&oe=672D997A","https://www.facebook.com/people/Claudeth-Miranda/pfbid0kk4cgqteyJrJb468AYd4vSdZZW7QweYTxTXSiqGCMepwYCLjFAuNpAFeQgHRqtFxl/",,"0"
"Sticker",,,,,,,"1","83","1","1","280280680528917","80","https://scontent.fdet1-1.fna.fbcdn.net/v/t39.1997-6/240404950_280280683862250_377726035223267134_n.png?stp=cp0_dst-png_s110x80&_nc_cat=1&ccb=1-7&_nc_sid=23dd7b&_nc_ohc=xEhARNutL4EQ7kNvgERzBjS&_nc_ht=scontent.fdet1-1.fna&_nc_gid=AvBtc4Hd-uPIWUpAf3gdtWG&oh=00_AYDPNduJe5Ods7NA5NZmkcuTEmfZtaPqg7Y9at9OcoiGNg&oe=670BEAB3","80","",,"222549939635325","[Newsfeed] Indonesia First Party",,,,,,,,,,,,,,,,,"https://www.facebook.com/jafaremba/posts/pfbid02u7q1w642vjBvq1CYvABfsjGw8t2Jp8GHpqynKZLWT9oVkVoK7UczVoSu4mKsjWHVl?comment_id=1492937484696623","Sticker",,"1","83","1","1","1542332060033400","120","https://scontent.fdet1-1.fna.fbcdn.net/v/t39.1997-6/452877048_1542332066700066_6622766461772286573_n.webp?_nc_cat=106&ccb=1-7&_nc_sid=72b077&_nc_ohc=q2LYSPkcWjMQ7kNvgF5hhM6&_nc_ht=scontent.fdet1-1.fna&_nc_gid=AvBtc4Hd-uPIWUpAf3gdtWG&oh=00_AYATm0Pdi3u3GvvF7hkri2rTeKET3TRVjyP12oxBLFWswQ&oe=670C0754","120","Avatar smiling shyly and holding a floating heart over their two fingers crossed to make a heart.",,,"https://www.facebook.com/jafaremba/posts/pfbid02u7q1w642vjBvq1CYvABfsjGw8t2Jp8GHpqynKZLWT9oVkVoK7UczVoSu4mKsjWHVl?comment_id=1492937484696623&reply_comment_id=1210630940257063",,"2024-09-30T03:13:58.000Z","ZmVlZGJhY2s6MTkwNzE2MjEzOTc4MTIxOF8xMjEwNjMwOTQwMjU3MDYz","Y29tbWVudDoxOTA3MTYyMTM5NzgxMjE4XzEyMTA2MzA5NDAyNTcwNjM=","0","User","pfbid06U3H31e35Jk4Vddwe3ACzwWJUti2cxEvwVjGZJBfLPU84ru5PQVzHaAANxr4fzzEl","Jumriani","Jumriani","Y29tbWVudDoxOTA3MTYyMTM5NzgxMjE4XzE0OTI5Mzc0ODQ2OTY2MjM=","100014623516733","Muhammadjafar","https://scontent.fdet1-2.fna.fbcdn.net/v/t39.30808-1/437777564_1796463224184444_6323579690372403329_n.jpg?stp=cp0_dst-jpg_s32x32&_nc_cat=104&ccb=1-7&_nc_sid=50d2ac&_nc_ohc=aN-pVRnss1UQ7kNvgFhpAMM&_nc_ht=scontent.fdet1-2.fna&_nc_gid=AvBtc4Hd-uPIWUpAf3gdtWG&oh=00_AYC2SwzVEUALqfYM5VIW1oSGykdye_WX0WuYzn6Jck8XHw&oe=670C1810","https://www.facebook.com/jafaremba","Y29tbWVudDoxOTA3MTYyMTM5NzgxMjE4XzE0OTI5Mzc0ODQ2OTY2MjM=","Jumriani","1",,,,,,,,,,,,,,,,,,,,,,,,,,,,,,,,,,,,,,,,,,,,,,,,"1","2024-09-27T03:19:04.000Z","1907162139781218","https://www.facebook.com/100014623516733/posts/1907162139781218","ZmVlZGJhY2s6MTkwNzE2MjEzOTc4MTIxOF8xNDkyOTM3NDg0Njk2NjIz","Y29tbWVudDoxOTA3MTYyMTM5NzgxMjE4XzE0OTI5Mzc0ODQ2OTY2MjM=","https://www.facebook.com/100014623516733/posts/1907162139781218","1","103383066093617","false",,"Benih Citra Asia dengan bangga mendapatkan penghargaan “Outstanding Food Crop Seed and Horticulture Companies 2024” dalam ajang CNN Indonesia Awards.

Penghargaan Outstanding Food Crop Seed and Horticulture Companies merupakan wujud upaya dalam menyediakan benih berkualitas & bemutu tinggi dengan kuantitas yang berkesinambungan.

Penghargaan ini menjadi bukti komitmen kami sebagai perusahaan produsen benih untuk terus bekerja keras dalam meneliti dan mengembangkan varietas-varietas baru yang lebih unggul, produksi tinggi, umur genjah, tahan hama penyakit serta virus, tahan cuaca ekstrim, tahan transportasi jarak jauh dan kemudahan dalam budidaya. Kami percaya bahwa fokus kami dalam menyediakan benih yang memenuhi jaminan mutu yang baik untuk berkontribusi bersama dalam mengembangkan pertanian Indonesia & mewujudkan kebangkitan perbenihan nasional sebagai sumber varietas unggul di dunia!

#benihcitraasia #bintangasia #cnn #cnnindonesiaawards #penghargaan #benihterbaik #2024 #pertanian #awards","pfbid06U3H31e35Jk4Vddwe3ACzwWJUti2cxEvwVjGZJBfLPU84ru5PQVzHaAANxr4fzzEl","Jumriani","https://scontent.fdet1-1.fna.fbcdn.net/v/t39.30808-1/445418358_1485624865703460_1743489439682232472_n.jpg?stp=cp0_dst-jpg_s32x32&_nc_cat=100&ccb=1-7&_nc_sid=0ecb9b&_nc_ohc=3deoCz99S4sQ7kNvgHi1B2Z&_nc_ht=scontent.fdet1-1.fna&_nc_gid=AvBtc4Hd-uPIWUpAf3gdtWG&oh=00_AYDNUXokEya74l4FAEc9QvfzqsoKu2d7rcbw_m7JACV1QA&oe=670BEB5D","https://www.facebook.com/jumriani.jumriani.92798072",,"0"
