﻿"attachments/0/style_list/0","attachments/0/style_list/1","attachments/0/style_list/2","attachments/0/style_list/3","attachments/0/style_list/4","commentUrl","commentsCount","date","facebookId","facebookUrl","feedbackId","id","inputUrl","likesCount","pageAdLibrary/id","pageAdLibrary/woodhenge_creator_info","postTitle","profileId","profileName","profilePicture","profileUrl","replyToCommentId","text","threadingDepth"
,,,,,"https://www.facebook.com/100002933885436/posts/8082300388544344?comment_id=534384332584273","6","2024-09-07T02:00:25.000Z","8082300388544344","https://www.facebook.com/100002933885436/posts/8082300388544344","ZmVlZGJhY2s6ODA4MjMwMDM4ODU0NDM0NF81MzQzODQzMzI1ODQyNzM=","Y29tbWVudDo4MDgyMzAwMzg4NTQ0MzQ0XzUzNDM4NDMzMjU4NDI3Mw==","https://www.facebook.com/100002933885436/posts/8082300388544344","1","357880607403962",,"Benih Cabe Kriting JURO f1 di Banjarwangi Kabupaten Garut
 Semoga harga buah cabenya naik lagi. aamiin
Jangan Ragu tanam cabe JURO f1 sudah terbukti hasilnya
Smoga selalu diberikan kesehatan dan...","pfbid02ZRUY8Pe3kdK2iZQKh9gjfLR5tvpeZaVz67QtVatctQoZmyVj9dkKcrB7gwBEbk8yl","Agus Darnawan","https://scontent.ftpa1-1.fna.fbcdn.net/v/t39.30808-1/294227207_103015875833940_1265904696678174489_n.jpg?stp=cp0_dst-jpg_s32x32&_nc_cat=109&ccb=1-7&_nc_sid=0ecb9b&_nc_ohc=Ha74IPUCw8IQ7kNvgEWSY0D&_nc_ht=scontent.ftpa1-1.fna&oh=00_AYCaQLXQUc1_zeOdW3Ykb5um_w7x9BeAOzRaReYAHjsj5w&oe=66E848F7","https://www.facebook.com/people/Agus-Darnawan/pfbid02ZRUY8Pe3kdK2iZQKh9gjfLR5tvpeZaVz67QtVatctQoZmyVj9dkKcrB7gwBEbk8yl/",,"Sabaraha pangaos bibit na...☺️😊",
,,,,,"https://www.facebook.com/100002933885436/posts/8082300388544344?comment_id=953686023438158","1","2024-09-09T00:45:10.000Z","8082300388544344","https://www.facebook.com/100002933885436/posts/8082300388544344","ZmVlZGJhY2s6ODA4MjMwMDM4ODU0NDM0NF85NTM2ODYwMjM0MzgxNTg=","Y29tbWVudDo4MDgyMzAwMzg4NTQ0MzQ0Xzk1MzY4NjAyMzQzODE1OA==","https://www.facebook.com/100002933885436/posts/8082300388544344","0","357880607403962",,"Benih Cabe Kriting JURO f1 di Banjarwangi Kabupaten Garut
 Semoga harga buah cabenya naik lagi. aamiin
Jangan Ragu tanam cabe JURO f1 sudah terbukti hasilnya
Smoga selalu diberikan kesehatan dan...","pfbid0S9Gdg6jW7MNVMcjgQWJKwB1QvPgcBXeYwF4qCnwt74nfFfuexMos32N9whUtDXkYl","Opeq Bintang Asia","https://scontent.ftpa1-1.fna.fbcdn.net/v/t39.30808-1/440808755_122106493232287865_6230265854575499414_n.jpg?stp=cp0_dst-jpg_s32x32&_nc_cat=108&ccb=1-7&_nc_sid=0ecb9b&_nc_ohc=ULmtTw8K-M4Q7kNvgEgAxqE&_nc_ht=scontent.ftpa1-1.fna&oh=00_AYAEcgIxI__p0kz_i96g-xJkhjQt0wQf_qki9o-xkP801A&oe=66E82C6E","https://www.facebook.com/people/Opeq-Bintang-Asia/pfbid0S9Gdg6jW7MNVMcjgQWJKwB1QvPgcBXeYwF4qCnwt74nfFfuexMos32N9whUtDXkYl/",,"Cabai keriting hibrida.
Tanaman tinggi dan tegak.
Buah panjang dan lurus.
Tahan ujung buah kuning.
Produksi tinggi.",
,,,,,"https://www.facebook.com/100002933885436/posts/8082300388544344?comment_id=500285916069172","1","2024-09-09T00:46:27.000Z","8082300388544344","https://www.facebook.com/100002933885436/posts/8082300388544344","ZmVlZGJhY2s6ODA4MjMwMDM4ODU0NDM0NF81MDAyODU5MTYwNjkxNzI=","Y29tbWVudDo4MDgyMzAwMzg4NTQ0MzQ0XzUwMDI4NTkxNjA2OTE3Mg==","https://www.facebook.com/100002933885436/posts/8082300388544344","0","357880607403962",,"Benih Cabe Kriting JURO f1 di Banjarwangi Kabupaten Garut
 Semoga harga buah cabenya naik lagi. aamiin
Jangan Ragu tanam cabe JURO f1 sudah terbukti hasilnya
Smoga selalu diberikan kesehatan dan...","pfbid0PLmN4XgrhG5odybeb2JEbmDdzqBYeGjiDKtGuwnTZajtdmSdtbMB8ZTWnfrDDwmgl","Eric Z","https://scontent.ftpa1-2.fna.fbcdn.net/v/t1.6435-1/29389366_100508254127636_6370208382900502528_n.jpg?stp=cp0_dst-jpg_s32x32&_nc_cat=106&ccb=1-7&_nc_sid=0ecb9b&_nc_ohc=hK77MORXSVwQ7kNvgHu0g4X&_nc_ht=scontent.ftpa1-2.fna&oh=00_AYAeLz1nnIOfQ0zvkytgOV5DCi_Fr_7cXmYP1sVzUctouw&oe=6709C785","https://www.facebook.com/eric.z.524",,"bang bunga nya gampang rontok tidak?",
,,,,,"https://www.facebook.com/100002933885436/posts/8082300388544344?comment_id=1772207716644146",,"2024-09-11T07:15:13.000Z","8082300388544344","https://www.facebook.com/100002933885436/posts/8082300388544344","ZmVlZGJhY2s6ODA4MjMwMDM4ODU0NDM0NF8xNzcyMjA3NzE2NjQ0MTQ2","Y29tbWVudDo4MDgyMzAwMzg4NTQ0MzQ0XzE3NzIyMDc3MTY2NDQxNDY=","https://www.facebook.com/100002933885436/posts/8082300388544344","0","357880607403962",,"Benih Cabe Kriting JURO f1 di Banjarwangi Kabupaten Garut
 Semoga harga buah cabenya naik lagi. aamiin
Jangan Ragu tanam cabe JURO f1 sudah terbukti hasilnya
Smoga selalu diberikan kesehatan dan...","pfbid02iLuurdaENQQGhDZ1ojubk25knMvXPd2rzxQgCa8We4sDhsaYroo4JHn3yugwZzNhl","Ai Sopanah","https://scontent.ftpa1-2.fna.fbcdn.net/v/t1.6435-1/78126063_790791934684267_6268981660205711360_n.jpg?stp=cp0_dst-jpg_s32x32&_nc_cat=106&ccb=1-7&_nc_sid=e4545e&_nc_ohc=wRvOfxG1pGEQ7kNvgEEhQXu&_nc_ht=scontent.ftpa1-2.fna&oh=00_AYBUwjZD5AjAH1TRNZK5UrrGYOVx2jKmRmv9pMoY3WGSBA&oe=6709BFB2","https://www.facebook.com/ai.sopanah",,"Meni sae kitu kang Haji kriting na",
,,,,,"https://www.facebook.com/100002933885436/posts/8082300388544344?comment_id=863666039059333",,"2024-09-07T01:54:18.000Z","8082300388544344","https://www.facebook.com/100002933885436/posts/8082300388544344","ZmVlZGJhY2s6ODA4MjMwMDM4ODU0NDM0NF84NjM2NjYwMzkwNTkzMzM=","Y29tbWVudDo4MDgyMzAwMzg4NTQ0MzQ0Xzg2MzY2NjAzOTA1OTMzMw==","https://www.facebook.com/100002933885436/posts/8082300388544344","0","357880607403962",,"Benih Cabe Kriting JURO f1 di Banjarwangi Kabupaten Garut
 Semoga harga buah cabenya naik lagi. aamiin
Jangan Ragu tanam cabe JURO f1 sudah terbukti hasilnya
Smoga selalu diberikan kesehatan dan...","pfbid02djtpu7FGWAkJeAJB9sbjEHYs8JGouyaUchfrPfLRxRYm6je17hxV9veDX5ducycLl","Rahmat Janur","https://scontent.ftpa1-1.fna.fbcdn.net/v/t39.30808-1/407779619_122094652238149733_2880426025136261169_n.jpg?stp=c22.0.452.452a_cp0_dst-jpg_s32x32&_nc_cat=105&ccb=1-7&_nc_sid=0ecb9b&_nc_ohc=ccP4WmjgqcAQ7kNvgFzfmxL&_nc_ht=scontent.ftpa1-1.fna&oh=00_AYBhwCezTCAfU8HscrI3AWSGp9A2CDYFxarat4S7mJpq8w&oe=66E81121","https://www.facebook.com/people/Rahmat-Janur/pfbid02djtpu7FGWAkJeAJB9sbjEHYs8JGouyaUchfrPfLRxRYm6je17hxV9veDX5ducycLl/",,"Benih cabe ini luar biasa! Sangat direkomendasikan",
,,,,,"https://www.facebook.com/100002933885436/posts/8082300388544344?comment_id=1172838690685981",,"2024-09-07T04:29:45.000Z","8082300388544344","https://www.facebook.com/100002933885436/posts/8082300388544344","ZmVlZGJhY2s6ODA4MjMwMDM4ODU0NDM0NF8xMTcyODM4NjkwNjg1OTgx","Y29tbWVudDo4MDgyMzAwMzg4NTQ0MzQ0XzExNzI4Mzg2OTA2ODU5ODE=","https://www.facebook.com/100002933885436/posts/8082300388544344","0","357880607403962",,"Benih Cabe Kriting JURO f1 di Banjarwangi Kabupaten Garut
 Semoga harga buah cabenya naik lagi. aamiin
Jangan Ragu tanam cabe JURO f1 sudah terbukti hasilnya
Smoga selalu diberikan kesehatan dan...","100023649874120","Ade S","https://scontent.ftpa1-1.fna.fbcdn.net/v/t39.30808-1/459209595_1683414529123527_1491579707989762716_n.jpg?stp=cp0_dst-jpg_s32x32&_nc_cat=111&ccb=1-7&_nc_sid=50d2ac&_nc_ohc=agOcMOemVgQQ7kNvgGxEg69&_nc_ht=scontent.ftpa1-1.fna&oh=00_AYA4zQou1clRTXYmBrJ5oOjus_5iVGkShs6o5rDBbGo7Ww&oe=66E8276E","https://www.facebook.com/ades.s.7739",,"Hade lur cabena",
,,,,,"https://www.facebook.com/100002933885436/posts/8082300388544344?comment_id=3751330888455462","1","2024-09-08T13:20:31.000Z","8082300388544344","https://www.facebook.com/100002933885436/posts/8082300388544344","ZmVlZGJhY2s6ODA4MjMwMDM4ODU0NDM0NF8zNzUxMzMwODg4NDU1NDYy","Y29tbWVudDo4MDgyMzAwMzg4NTQ0MzQ0XzM3NTEzMzA4ODg0NTU0NjI=","https://www.facebook.com/100002933885436/posts/8082300388544344","0","357880607403962",,"Benih Cabe Kriting JURO f1 di Banjarwangi Kabupaten Garut
 Semoga harga buah cabenya naik lagi. aamiin
Jangan Ragu tanam cabe JURO f1 sudah terbukti hasilnya
Smoga selalu diberikan kesehatan dan...","pfbid0379SucwQxvdPwwxd39nB6qCxaHfSLcmetkRkJsm3pMGCiAPCB7pbCbcUQUgb6KJxql","Karuhun Pamalayan","https://scontent.ftpa1-2.fna.fbcdn.net/v/t39.30808-1/340826020_996274024692472_3137287888874162397_n.jpg?stp=c0.0.250.250a_cp0_dst-jpg_s32x32&_nc_cat=106&ccb=1-7&_nc_sid=0ecb9b&_nc_ohc=U5Yk-YHMXIIQ7kNvgFkkwkX&_nc_ht=scontent.ftpa1-2.fna&oh=00_AYCYAWtV6Um4h3rXQxdsBrMe4yhqYftQEqA9vSFvbQpm7A&oe=66E83FF1","https://www.facebook.com/karuhun.pamalayan",,"Cik kirim 2 kantong MH bos",
"animated_image_autoplay","animated_image_share","image_share","share","fallback","https://www.facebook.com/100002933885436/posts/8082300388544344?comment_id=449480798237489",,"2024-09-07T02:23:36.000Z","8082300388544344","https://www.facebook.com/100002933885436/posts/8082300388544344","ZmVlZGJhY2s6ODA4MjMwMDM4ODU0NDM0NF80NDk0ODA3OTgyMzc0ODk=","Y29tbWVudDo4MDgyMzAwMzg4NTQ0MzQ0XzQ0OTQ4MDc5ODIzNzQ4OQ==","https://www.facebook.com/100002933885436/posts/8082300388544344","0","357880607403962",,"Benih Cabe Kriting JURO f1 di Banjarwangi Kabupaten Garut
 Semoga harga buah cabenya naik lagi. aamiin
Jangan Ragu tanam cabe JURO f1 sudah terbukti hasilnya
Smoga selalu diberikan kesehatan dan...","pfbid02cCT9pMkx1dsdFeobTKAknYEsrumi6jaK9uqjumkr3K11X5KqxVADAp6FeN32f141l","Akin Mustakin","https://scontent.ftpa1-2.fna.fbcdn.net/v/t1.6435-1/147896264_1797064747135575_8490051210469670368_n.jpg?stp=c0.0.473.473a_cp0_dst-jpg_s32x32&_nc_cat=104&ccb=1-7&_nc_sid=e4545e&_nc_ohc=chD4SMTWCtYQ7kNvgFAwkWL&_nc_ht=scontent.ftpa1-2.fna&oh=00_AYC-yk0wdEMu3NCEy9epu6UYMVp7IreUJnRdik-pjXSYcw&oe=6709CFC7","https://www.facebook.com/akin.mustakin.1",,,
"sticker","fallback",,,,"https://www.facebook.com/100002933885436/posts/8082300388544344?comment_id=1956749668130162","1","2024-09-08T11:49:24.000Z","8082300388544344","https://www.facebook.com/100002933885436/posts/8082300388544344","ZmVlZGJhY2s6ODA4MjMwMDM4ODU0NDM0NF8xOTU2NzQ5NjY4MTMwMTYy","Y29tbWVudDo4MDgyMzAwMzg4NTQ0MzQ0XzE5NTY3NDk2NjgxMzAxNjI=","https://www.facebook.com/100002933885436/posts/8082300388544344","0","357880607403962",,"Benih Cabe Kriting JURO f1 di Banjarwangi Kabupaten Garut
 Semoga harga buah cabenya naik lagi. aamiin
Jangan Ragu tanam cabe JURO f1 sudah terbukti hasilnya
Smoga selalu diberikan kesehatan dan...","1828565536","Mohammad Iqbal Agustiana","https://scontent.ftpa1-1.fna.fbcdn.net/v/t1.18169-1/1468799_10203929170029473_1521419688104736133_n.jpg?stp=cp0_dst-jpg_s32x32&_nc_cat=110&ccb=1-7&_nc_sid=db5862&_nc_ohc=hfQBG7is4qgQ7kNvgH0bnwe&_nc_ht=scontent.ftpa1-1.fna&oh=00_AYA5AftAEzHslxCpGEDKTZtjdY3yzkiJednuG8ZUk-p1cg&oe=6709D5AF",,,,
,,,,,"https://www.facebook.com/100002933885436/posts/8082300388544344?comment_id=1034778031565464","3","2024-09-07T02:24:27.000Z","8082300388544344","https://www.facebook.com/100002933885436/posts/8082300388544344","ZmVlZGJhY2s6ODA4MjMwMDM4ODU0NDM0NF8xMDM0Nzc4MDMxNTY1NDY0","Y29tbWVudDo4MDgyMzAwMzg4NTQ0MzQ0XzEwMzQ3NzgwMzE1NjU0NjQ=","https://www.facebook.com/100002933885436/posts/8082300388544344","0","357880607403962",,"Benih Cabe Kriting JURO f1 di Banjarwangi Kabupaten Garut
 Semoga harga buah cabenya naik lagi. aamiin
Jangan Ragu tanam cabe JURO f1 sudah terbukti hasilnya
Smoga selalu diberikan kesehatan dan...","pfbid02cCT9pMkx1dsdFeobTKAknYEsrumi6jaK9uqjumkr3K11X5KqxVADAp6FeN32f141l","Akin Mustakin","https://scontent.ftpa1-2.fna.fbcdn.net/v/t1.6435-1/147896264_1797064747135575_8490051210469670368_n.jpg?stp=c0.0.473.473a_cp0_dst-jpg_s32x32&_nc_cat=104&ccb=1-7&_nc_sid=e4545e&_nc_ohc=chD4SMTWCtYQ7kNvgFAwkWL&_nc_ht=scontent.ftpa1-2.fna&oh=00_AYC-yk0wdEMu3NCEy9epu6UYMVp7IreUJnRdik-pjXSYcw&oe=6709CFC7","https://www.facebook.com/akin.mustakin.1",,"Ada benih cabe rancung pk haji",
"animated_image_autoplay","animated_image_share","image_share","share","fallback","https://www.facebook.com/100002933885436/posts/8082300388544344?comment_id=1036420667863454",,"2024-09-07T02:33:57.000Z","8082300388544344","https://www.facebook.com/100002933885436/posts/8082300388544344","ZmVlZGJhY2s6ODA4MjMwMDM4ODU0NDM0NF8xMDM2NDIwNjY3ODYzNDU0","Y29tbWVudDo4MDgyMzAwMzg4NTQ0MzQ0XzEwMzY0MjA2Njc4NjM0NTQ=","https://www.facebook.com/100002933885436/posts/8082300388544344","0","357880607403962",,"Benih Cabe Kriting JURO f1 di Banjarwangi Kabupaten Garut
 Semoga harga buah cabenya naik lagi. aamiin
Jangan Ragu tanam cabe JURO f1 sudah terbukti hasilnya
Smoga selalu diberikan kesehatan dan...","100004109346822","Anton Sulaiman Bintang Asia","https://scontent.ftpa1-2.fna.fbcdn.net/v/t39.30808-1/408038176_2702817406531878_9133290973397502973_n.jpg?stp=cp0_dst-jpg_s32x32&_nc_cat=100&ccb=1-7&_nc_sid=50d2ac&_nc_ohc=dnKUGTI9M70Q7kNvgEJbH2y&_nc_ht=scontent.ftpa1-2.fna&oh=00_AYBBoLaRDtJSadpiOCwEVzrjYk-fGXGtS3vyq2-xH29ZjA&oe=66E825C3","https://www.facebook.com/antonsulaiman95",,,
,,,,,"https://www.facebook.com/100002933885436/posts/8082300388544344?comment_id=1023532689502856",,"2024-09-07T02:44:59.000Z","8082300388544344","https://www.facebook.com/100002933885436/posts/8082300388544344","ZmVlZGJhY2s6ODA4MjMwMDM4ODU0NDM0NF8xMDIzNTMyNjg5NTAyODU2","Y29tbWVudDo4MDgyMzAwMzg4NTQ0MzQ0XzEwMjM1MzI2ODk1MDI4NTY=","https://www.facebook.com/100002933885436/posts/8082300388544344","0","357880607403962",,"Benih Cabe Kriting JURO f1 di Banjarwangi Kabupaten Garut
 Semoga harga buah cabenya naik lagi. aamiin
Jangan Ragu tanam cabe JURO f1 sudah terbukti hasilnya
Smoga selalu diberikan kesehatan dan...","pfbid02jEnegu5BLrjGuhGsFB1d7Pn32QaVf4jRQkamHx7k5ChuSRiQ4vMxR95gF2qKzNrpl","Juned","https://scontent.ftpa1-2.fna.fbcdn.net/v/t39.30808-1/239500334_2394651507332487_5430878321518259736_n.jpg?stp=cp0_dst-jpg_s32x32&_nc_cat=102&ccb=1-7&_nc_sid=0ecb9b&_nc_ohc=4GZ38_274-8Q7kNvgHHM6ez&_nc_ht=scontent.ftpa1-2.fna&oh=00_AYBBCloEL0__eKiRYDK5Hq3hSitwlPr_jhdpBS1b7b2mFg&oe=66E81919",,,"Waow super lebat, satu kata buat cabai ini
MELEDAK 🔥🔥🔥🔥🔥🔥",
,,,,,"https://www.facebook.com/100002933885436/posts/8082300388544344?comment_id=1608678393332544",,"2024-09-07T02:11:42.000Z","8082300388544344","https://www.facebook.com/100002933885436/posts/8082300388544344","ZmVlZGJhY2s6ODA4MjMwMDM4ODU0NDM0NF8xNjA4Njc4MzkzMzMyNTQ0","Y29tbWVudDo4MDgyMzAwMzg4NTQ0MzQ0XzE2MDg2NzgzOTMzMzI1NDQ=","https://www.facebook.com/100002933885436/posts/8082300388544344","0","357880607403962",,"Benih Cabe Kriting JURO f1 di Banjarwangi Kabupaten Garut
 Semoga harga buah cabenya naik lagi. aamiin
Jangan Ragu tanam cabe JURO f1 sudah terbukti hasilnya
Smoga selalu diberikan kesehatan dan...","100009994003233","Ilham Bintang Asia","https://scontent.ftpa1-2.fna.fbcdn.net/v/t39.30808-1/349801600_780566773437800_6977822504580595866_n.jpg?stp=cp0_dst-jpg_s32x32&_nc_cat=100&ccb=1-7&_nc_sid=50d2ac&_nc_ohc=w64G2i4iBfEQ7kNvgGaxOA0&_nc_ht=scontent.ftpa1-2.fna&oh=00_AYAXX0CeoxpV5v1vHwrCt46uXwzM0_iVIo3XTwy9FrA2ew&oe=66E813BB","https://www.facebook.com/ilham.ajo.37604",,"Mangtaaabb 🔥🔥🔥",
,,,,,"https://www.facebook.com/100002933885436/posts/8075245852583131?comment_id=412059884822146",,"2024-09-06T01:54:48.000Z","8075245852583131","https://www.facebook.com/100002933885436/posts/8075245852583131","ZmVlZGJhY2s6ODA3NTI0NTg1MjU4MzEzMV80MTIwNTk4ODQ4MjIxNDY=","Y29tbWVudDo4MDc1MjQ1ODUyNTgzMTMxXzQxMjA1OTg4NDgyMjE0Ng==","https://www.facebook.com/100002933885436/posts/8075245852583131","0","357880607403962",,"Tomat Natama Super f1 di Kecamatan Pasirwangi Kabupaten Garut dengan pemandangan yang indah.. 
Semoga harga buah tomatnya kembali membaik..aamiin
Tetap Bersyukur dan terus berikhtiar mencari ridho...","100002933885436","Ikhwan Sadid Albatsi","https://scontent.frak4-2.fna.fbcdn.net/v/t39.30808-1/352341915_966828514629183_6515656009092336600_n.jpg?stp=cp0_dst-jpg_s32x32&_nc_cat=105&ccb=1-7&_nc_sid=50d2ac&_nc_ohc=lU6YNv5K_YIQ7kNvgFrifWC&_nc_ht=scontent.frak4-2.fna&oh=00_AYC_D8dxEZnK2A106iQQqlgys25Dml8FpFaSh4sPuJBc7w&oe=66E81BFA","https://www.facebook.com/ikhwansadid.albatsi",,"Aamiin. Jangan ragu tanam natama super f1, gaskeun😁",
,,,,,"https://www.facebook.com/100002933885436/posts/8075245852583131?comment_id=1198805868122203",,"2024-09-06T01:41:20.000Z","8075245852583131","https://www.facebook.com/100002933885436/posts/8075245852583131","ZmVlZGJhY2s6ODA3NTI0NTg1MjU4MzEzMV8xMTk4ODA1ODY4MTIyMjAz","Y29tbWVudDo4MDc1MjQ1ODUyNTgzMTMxXzExOTg4MDU4NjgxMjIyMDM=","https://www.facebook.com/100002933885436/posts/8075245852583131","0","357880607403962",,"Tomat Natama Super f1 di Kecamatan Pasirwangi Kabupaten Garut dengan pemandangan yang indah.. 
Semoga harga buah tomatnya kembali membaik..aamiin
Tetap Bersyukur dan terus berikhtiar mencari ridho...","pfbid0S9Gdg6jW7MNVMcjgQWJKwB1QvPgcBXeYwF4qCnwt74nfFfuexMos32N9whUtDXkYl","Opeq Bintang Asia","https://scontent.frak4-2.fna.fbcdn.net/v/t39.30808-1/440808755_122106493232287865_6230265854575499414_n.jpg?stp=cp0_dst-jpg_s32x32&_nc_cat=108&ccb=1-7&_nc_sid=0ecb9b&_nc_ohc=ULmtTw8K-M4Q7kNvgFNczeS&_nc_ht=scontent.frak4-2.fna&oh=00_AYBWB8__0dYoGbg2dvYMxDF9psofraaMfktnHO4kzSy7gg&oe=66E82C6E","https://www.facebook.com/people/Opeq-Bintang-Asia/pfbid0S9Gdg6jW7MNVMcjgQWJKwB1QvPgcBXeYwF4qCnwt74nfFfuexMos32N9whUtDXkYl/",,"Toleran virus.
Buah lebat.
Produksi tinggi.
Buah atas masih besar.
Tahan bintik buah.
Tahan pecah buah.",
,,,,,"https://www.facebook.com/100002933885436/posts/8075245852583131?comment_id=1188197012301650","1","2024-09-06T01:39:05.000Z","8075245852583131","https://www.facebook.com/100002933885436/posts/8075245852583131","ZmVlZGJhY2s6ODA3NTI0NTg1MjU4MzEzMV8xMTg4MTk3MDEyMzAxNjUw","Y29tbWVudDo4MDc1MjQ1ODUyNTgzMTMxXzExODgxOTcwMTIzMDE2NTA=","https://www.facebook.com/100002933885436/posts/8075245852583131","0","357880607403962",,"Tomat Natama Super f1 di Kecamatan Pasirwangi Kabupaten Garut dengan pemandangan yang indah.. 
Semoga harga buah tomatnya kembali membaik..aamiin
Tetap Bersyukur dan terus berikhtiar mencari ridho...","pfbid02q9VKvsRxZuNFoBKEq95pNh4LxmszPqb9thVzh3tX3FRcMCAmWRpCBMLTDNxGQSbsl","Bara Tambenk","https://scontent.frak4-2.fna.fbcdn.net/v/t39.30808-1/408466158_122095228988150079_3646443798197673066_n.jpg?stp=c224.0.896.896a_cp0_dst-jpg_s32x32&_nc_cat=101&ccb=1-7&_nc_sid=0ecb9b&_nc_ohc=kcZeN52ypckQ7kNvgEhtXwA&_nc_ht=scontent.frak4-2.fna&oh=00_AYAklBWASVIdj71A99RVDzUtd8bi7EyVmG7tvLcyyaPhUQ&oe=66E84568","https://www.facebook.com/people/Bara-Tambenk/pfbid02q9VKvsRxZuNFoBKEq95pNh4LxmszPqb9thVzh3tX3FRcMCAmWRpCBMLTDNxGQSbsl/",,"alhamdulillah..
Semoga berkah dan melimpah.. Aamiin..",
,,,,,"https://www.facebook.com/100002933885436/posts/8075245852583131?comment_id=912814857340037","1","2024-09-06T01:39:54.000Z","8075245852583131","https://www.facebook.com/100002933885436/posts/8075245852583131","ZmVlZGJhY2s6ODA3NTI0NTg1MjU4MzEzMV85MTI4MTQ4NTczNDAwMzc=","Y29tbWVudDo4MDc1MjQ1ODUyNTgzMTMxXzkxMjgxNDg1NzM0MDAzNw==","https://www.facebook.com/100002933885436/posts/8075245852583131","0","357880607403962",,"Tomat Natama Super f1 di Kecamatan Pasirwangi Kabupaten Garut dengan pemandangan yang indah.. 
Semoga harga buah tomatnya kembali membaik..aamiin
Tetap Bersyukur dan terus berikhtiar mencari ridho...","pfbid0PLmN4XgrhG5odybeb2JEbmDdzqBYeGjiDKtGuwnTZajtdmSdtbMB8ZTWnfrDDwmgl","Eric Z","https://scontent.frak4-2.fna.fbcdn.net/v/t1.6435-1/29389366_100508254127636_6370208382900502528_n.jpg?stp=cp0_dst-jpg_s32x32&_nc_cat=106&ccb=1-7&_nc_sid=0ecb9b&_nc_ohc=hK77MORXSVwQ7kNvgHDR1uM&_nc_ht=scontent.frak4-2.fna&oh=00_AYDjGKEUGtEYffHcuROSPHjO6QUbbgBgdU2dpkUfn7ThQg&oe=6709C785","https://www.facebook.com/eric.z.524",,"Buahx g gampang pecah?",
,,,,,"https://www.facebook.com/100002933885436/posts/8075245852583131?comment_id=1032959344821864",,"2024-09-06T01:38:18.000Z","8075245852583131","https://www.facebook.com/100002933885436/posts/8075245852583131","ZmVlZGJhY2s6ODA3NTI0NTg1MjU4MzEzMV8xMDMyOTU5MzQ0ODIxODY0","Y29tbWVudDo4MDc1MjQ1ODUyNTgzMTMxXzEwMzI5NTkzNDQ4MjE4NjQ=","https://www.facebook.com/100002933885436/posts/8075245852583131","0","357880607403962",,"Tomat Natama Super f1 di Kecamatan Pasirwangi Kabupaten Garut dengan pemandangan yang indah.. 
Semoga harga buah tomatnya kembali membaik..aamiin
Tetap Bersyukur dan terus berikhtiar mencari ridho...","pfbid02HTGJZZjSFWqYsArG2a7tQfBZdXRCMvD4HknRUgwaUxDFAkiSbKbFVLavKawix6Drl","Irfan Purnama","https://scontent.frak4-1.fna.fbcdn.net/v/t39.30808-1/408013836_122104533830135862_191432657744259274_n.jpg?stp=cp0_dst-jpg_s32x32&_nc_cat=110&ccb=1-7&_nc_sid=0ecb9b&_nc_ohc=teSjxk2Mq9YQ7kNvgF0Rw6U&_nc_ht=scontent.frak4-1.fna&oh=00_AYDbM7cbvxMK2_CusUFpPn76vI0w3DMbXn3NfiXkzJO3eg&oe=66E8330E","https://www.facebook.com/people/Irfan-Purnama/pfbid02HTGJZZjSFWqYsArG2a7tQfBZdXRCMvD4HknRUgwaUxDFAkiSbKbFVLavKawix6Drl/",,"mantap natama super f1, super sekali ....",
,,,,,"https://www.facebook.com/100002933885436/posts/8075245852583131?comment_id=1170227777610884","1","2024-09-06T02:03:37.000Z","8075245852583131","https://www.facebook.com/100002933885436/posts/8075245852583131","ZmVlZGJhY2s6ODA3NTI0NTg1MjU4MzEzMV8xMTcwMjI3Nzc3NjEwODg0","Y29tbWVudDo4MDc1MjQ1ODUyNTgzMTMxXzExNzAyMjc3Nzc2MTA4ODQ=","https://www.facebook.com/100002933885436/posts/8075245852583131","0","357880607403962",,"Tomat Natama Super f1 di Kecamatan Pasirwangi Kabupaten Garut dengan pemandangan yang indah.. 
Semoga harga buah tomatnya kembali membaik..aamiin
Tetap Bersyukur dan terus berikhtiar mencari ridho...","pfbid02wV6CT3sMTYrvmJVW1yfzZWMZn4jcn13Sszr5gGKaBXYmYof36kD9BH7ypL1RBAh1l","Fachri Rizal","https://scontent.frak4-2.fna.fbcdn.net/v/t1.6435-1/151969128_4019138491440441_8460931621731955248_n.jpg?stp=cp0_dst-jpg_s32x32&_nc_cat=106&ccb=1-7&_nc_sid=e4545e&_nc_ohc=V4S-5t2uMOoQ7kNvgHNHKiB&_nc_ht=scontent.frak4-2.fna&oh=00_AYBXpAOqJ53LSfMDvf1eAUPN59U2j4WyzClLCHz039okYg&oe=6709B0B2","https://www.facebook.com/fachri.rizal.56",,"Sono ka Cikajang..",
"animated_image_share","image_share","share","fallback",,"https://www.facebook.com/100002933885436/posts/8075245852583131?comment_id=8116073685175392",,"2024-09-06T02:37:12.000Z","8075245852583131","https://www.facebook.com/100002933885436/posts/8075245852583131","ZmVlZGJhY2s6ODA3NTI0NTg1MjU4MzEzMV84MTE2MDczNjg1MTc1Mzky","Y29tbWVudDo4MDc1MjQ1ODUyNTgzMTMxXzgxMTYwNzM2ODUxNzUzOTI=","https://www.facebook.com/100002933885436/posts/8075245852583131","0","357880607403962",,"Tomat Natama Super f1 di Kecamatan Pasirwangi Kabupaten Garut dengan pemandangan yang indah.. 
Semoga harga buah tomatnya kembali membaik..aamiin
Tetap Bersyukur dan terus berikhtiar mencari ridho...","100004109346822","Anton Sulaiman Bintang Asia","https://scontent.frak4-1.fna.fbcdn.net/v/t39.30808-1/408038176_2702817406531878_9133290973397502973_n.jpg?stp=cp0_dst-jpg_s32x32&_nc_cat=100&ccb=1-7&_nc_sid=50d2ac&_nc_ohc=dnKUGTI9M70Q7kNvgE8kas_&_nc_ht=scontent.frak4-1.fna&oh=00_AYC9y05TdoDW__NhAsIXDNuXcJZI9wFW01pFANlmpHNRag&oe=66E825C3","https://www.facebook.com/antonsulaiman95",,,
"sticker","fallback",,,,"https://www.facebook.com/100002933885436/posts/8075245852583131?comment_id=861875982270526",,"2024-09-06T01:38:52.000Z","8075245852583131","https://www.facebook.com/100002933885436/posts/8075245852583131","ZmVlZGJhY2s6ODA3NTI0NTg1MjU4MzEzMV84NjE4NzU5ODIyNzA1MjY=","Y29tbWVudDo4MDc1MjQ1ODUyNTgzMTMxXzg2MTg3NTk4MjI3MDUyNg==","https://www.facebook.com/100002933885436/posts/8075245852583131","0","357880607403962",,"Tomat Natama Super f1 di Kecamatan Pasirwangi Kabupaten Garut dengan pemandangan yang indah.. 
Semoga harga buah tomatnya kembali membaik..aamiin
Tetap Bersyukur dan terus berikhtiar mencari ridho...","100009994003233","Ilham Bintang Asia","https://scontent.frak4-1.fna.fbcdn.net/v/t39.30808-1/349801600_780566773437800_6977822504580595866_n.jpg?stp=cp0_dst-jpg_s32x32&_nc_cat=100&ccb=1-7&_nc_sid=50d2ac&_nc_ohc=w64G2i4iBfEQ7kNvgHgy2X0&_nc_ht=scontent.frak4-1.fna&oh=00_AYBOWRD5TZ0VZpDFPQAwjKFmr1N4pwXvJ5wFk4WxXceScA&oe=66E813BB","https://www.facebook.com/ilham.ajo.37604",,"Mangtaaabb ☝️☝️☝️",
,,,,,"https://www.facebook.com/100002933885436/posts/8082300388544344?comment_id=8490584050961945",,"2024-09-10T23:18:37.000Z","8082300388544344","https://www.facebook.com/100002933885436/posts/8082300388544344","ZmVlZGJhY2s6ODA4MjMwMDM4ODU0NDM0NF84NDkwNTg0MDUwOTYxOTQ1","Y29tbWVudDo4MDgyMzAwMzg4NTQ0MzQ0Xzg0OTA1ODQwNTA5NjE5NDU=","https://www.facebook.com/100002933885436/posts/8082300388544344","0","357880607403962",,"Benih Cabe Kriting JURO f1 di Banjarwangi Kabupaten Garut
 Semoga harga buah cabenya naik lagi. aamiin
Jangan Ragu tanam cabe JURO f1 sudah terbukti hasilnya
Smoga selalu diberikan kesehatan dan...","100002933885436","Ikhwan Sadid Albatsi","https://scontent.fmkc1-1.fna.fbcdn.net/v/t39.30808-1/352341915_966828514629183_6515656009092336600_n.jpg?stp=cp0_dst-jpg_s32x32&_nc_cat=105&ccb=1-7&_nc_sid=50d2ac&_nc_ohc=lU6YNv5K_YIQ7kNvgHe56HB&_nc_ht=scontent.fmkc1-1.fna&_nc_gid=AIsc4etEaT50z5R1bFG_Zlv&oh=00_AYCbS6F0jg-WzkhdGYJFE56q-1mY5OmyZdt4RXBwpFl5FA&oe=66E81BFA","https://www.facebook.com/ikhwansadid.albatsi","Y29tbWVudDo4MDgyMzAwMzg4NTQ0MzQ0XzE5NTY3NDk2NjgxMzAxNjI=","Mohammad Iqbal Agustiana 🔥🔥🔥👏","1"
,,,,,"https://www.facebook.com/100002933885436/posts/8082300388544344?comment_id=1050632470054037",,"2024-09-09T00:47:14.000Z","8082300388544344","https://www.facebook.com/100002933885436/posts/8082300388544344","ZmVlZGJhY2s6ODA4MjMwMDM4ODU0NDM0NF8xMDUwNjMyNDcwMDU0MDM3","Y29tbWVudDo4MDgyMzAwMzg4NTQ0MzQ0XzEwNTA2MzI0NzAwNTQwMzc=","https://www.facebook.com/100002933885436/posts/8082300388544344","0","357880607403962",,"Benih Cabe Kriting JURO f1 di Banjarwangi Kabupaten Garut
 Semoga harga buah cabenya naik lagi. aamiin
Jangan Ragu tanam cabe JURO f1 sudah terbukti hasilnya
Smoga selalu diberikan kesehatan dan...","100002933885436","Ikhwan Sadid Albatsi","https://scontent.fluk1-1.fna.fbcdn.net/v/t39.30808-1/352341915_966828514629183_6515656009092336600_n.jpg?stp=cp0_dst-jpg_s32x32&_nc_cat=105&ccb=1-7&_nc_sid=50d2ac&_nc_ohc=lU6YNv5K_YIQ7kNvgGzY360&_nc_ht=scontent.fluk1-1.fna&_nc_gid=Av9x2PBHFw1p70xJ0j0PuV8&oh=00_AYAFf1tro_q5Pg_4cOq3D-eK1JRqtfmKH003V3PtEioJ0A&oe=66E81BFA","https://www.facebook.com/ikhwansadid.albatsi","Y29tbWVudDo4MDgyMzAwMzg4NTQ0MzQ0XzUwMDI4NTkxNjA2OTE3Mg==","Eric Z alhamdulillah aman bang","1"
,,,,,"https://www.facebook.com/100002933885436/posts/8082300388544344?comment_id=853701173144303",,"2024-09-11T12:22:34.000Z","8082300388544344","https://www.facebook.com/100002933885436/posts/8082300388544344","ZmVlZGJhY2s6ODA4MjMwMDM4ODU0NDM0NF84NTM3MDExNzMxNDQzMDM=","Y29tbWVudDo4MDgyMzAwMzg4NTQ0MzQ0Xzg1MzcwMTE3MzE0NDMwMw==","https://www.facebook.com/100002933885436/posts/8082300388544344","0","357880607403962",,"Benih Cabe Kriting JURO f1 di Banjarwangi Kabupaten Garut
 Semoga harga buah cabenya naik lagi. aamiin
Jangan Ragu tanam cabe JURO f1 sudah terbukti hasilnya
Smoga selalu diberikan kesehatan dan...","pfbid0qhpL9KNWdz3TgJdziAaqUt7m5XV73fxEo5deRz1jtY3deebqrdhUkXvEQ1L4b4vVl","Asep Hisky","https://scontent-ord5-1.xx.fbcdn.net/v/t39.30808-1/459247120_509395765053651_7292467544454516844_n.jpg?stp=c0.19.585.585a_cp0_dst-jpg_s32x32&_nc_cat=111&ccb=1-7&_nc_sid=0ecb9b&_nc_ohc=u_LTo8MF7MIQ7kNvgFwVIPO&_nc_ht=scontent-ord5-1.xx&_nc_gid=AxPYPoHZ60EkKLQhAkGNwvt&oh=00_AYAYJyNBprtcRKthdLQhYG8AOwP7I1eIHET03BSKALO5Fg&oe=66E82ECB","https://www.facebook.com/people/Asep-Hisky/pfbid0qhpL9KNWdz3TgJdziAaqUt7m5XV73fxEo5deRz1jtY3deebqrdhUkXvEQ1L4b4vVl/","Y29tbWVudDo4MDgyMzAwMzg4NTQ0MzQ0XzUzNDM4NDMzMjU4NDI3Mw==","Ikhwan Sadid Albatsi bos kanggo tanah sawah kumaha...","2"
,,,,,"https://www.facebook.com/100002933885436/posts/8082300388544344?comment_id=541902328370329",,"2024-09-07T02:40:11.000Z","8082300388544344","https://www.facebook.com/100002933885436/posts/8082300388544344","ZmVlZGJhY2s6ODA4MjMwMDM4ODU0NDM0NF81NDE5MDIzMjgzNzAzMjk=","Y29tbWVudDo4MDgyMzAwMzg4NTQ0MzQ0XzU0MTkwMjMyODM3MDMyOQ==","https://www.facebook.com/100002933885436/posts/8082300388544344","0","357880607403962",,"Benih Cabe Kriting JURO f1 di Banjarwangi Kabupaten Garut
 Semoga harga buah cabenya naik lagi. aamiin
Jangan Ragu tanam cabe JURO f1 sudah terbukti hasilnya
Smoga selalu diberikan kesehatan dan...","100002933885436","Ikhwan Sadid Albatsi","https://scontent-ord5-2.xx.fbcdn.net/v/t39.30808-1/352341915_966828514629183_6515656009092336600_n.jpg?stp=cp0_dst-jpg_s32x32&_nc_cat=105&ccb=1-7&_nc_sid=50d2ac&_nc_ohc=lU6YNv5K_YIQ7kNvgEOUAel&_nc_ht=scontent-ord5-2.xx&_nc_gid=AxPYPoHZ60EkKLQhAkGNwvt&oh=00_AYCQOvFxvRWV_ZM8TBvOU9NfXw3yA7_EePg0mKShe5qwRw&oe=66E81BFA","https://www.facebook.com/ikhwansadid.albatsi","Y29tbWVudDo4MDgyMzAwMzg4NTQ0MzQ0XzUzNDM4NDMzMjU4NDI3Mw==","Agus Darnawan alhamdulillaah. Mudah mudahan sing saterasna sarehat","2"
,,,,,"https://www.facebook.com/100002933885436/posts/8082300388544344?comment_id=839560404956026",,"2024-09-07T02:39:58.000Z","8082300388544344","https://www.facebook.com/100002933885436/posts/8082300388544344","ZmVlZGJhY2s6ODA4MjMwMDM4ODU0NDM0NF84Mzk1NjA0MDQ5NTYwMjY=","Y29tbWVudDo4MDgyMzAwMzg4NTQ0MzQ0XzgzOTU2MDQwNDk1NjAyNg==","https://www.facebook.com/100002933885436/posts/8082300388544344","0","357880607403962",,"Benih Cabe Kriting JURO f1 di Banjarwangi Kabupaten Garut
 Semoga harga buah cabenya naik lagi. aamiin
Jangan Ragu tanam cabe JURO f1 sudah terbukti hasilnya
Smoga selalu diberikan kesehatan dan...","100002933885436","Ikhwan Sadid Albatsi","https://scontent-ord5-2.xx.fbcdn.net/v/t39.30808-1/352341915_966828514629183_6515656009092336600_n.jpg?stp=cp0_dst-jpg_s32x32&_nc_cat=105&ccb=1-7&_nc_sid=50d2ac&_nc_ohc=lU6YNv5K_YIQ7kNvgEOUAel&_nc_ht=scontent-ord5-2.xx&_nc_gid=AxPYPoHZ60EkKLQhAkGNwvt&oh=00_AYCQOvFxvRWV_ZM8TBvOU9NfXw3yA7_EePg0mKShe5qwRw&oe=66E81BFA","https://www.facebook.com/ikhwansadid.albatsi","Y29tbWVudDo4MDgyMzAwMzg4NTQ0MzQ0XzUzNDM4NDMzMjU4NDI3Mw==","Agus Darnawan atos pa haji di SKN aya.. Bilih bade di jajapkeun ku abdi wios.. Di gaskeun pa haji 😁","2"
,,,,,"https://www.facebook.com/100002933885436/posts/8082300388544344?comment_id=1233804907622185",,"2024-09-07T02:03:32.000Z","8082300388544344","https://www.facebook.com/100002933885436/posts/8082300388544344","ZmVlZGJhY2s6ODA4MjMwMDM4ODU0NDM0NF8xMjMzODA0OTA3NjIyMTg1","Y29tbWVudDo4MDgyMzAwMzg4NTQ0MzQ0XzEyMzM4MDQ5MDc2MjIxODU=","https://www.facebook.com/100002933885436/posts/8082300388544344","0","357880607403962",,"Benih Cabe Kriting JURO f1 di Banjarwangi Kabupaten Garut
 Semoga harga buah cabenya naik lagi. aamiin
Jangan Ragu tanam cabe JURO f1 sudah terbukti hasilnya
Smoga selalu diberikan kesehatan dan...","pfbid02ZRUY8Pe3kdK2iZQKh9gjfLR5tvpeZaVz67QtVatctQoZmyVj9dkKcrB7gwBEbk8yl","Agus Darnawan","https://scontent-ord5-1.xx.fbcdn.net/v/t39.30808-1/294227207_103015875833940_1265904696678174489_n.jpg?stp=cp0_dst-jpg_s32x32&_nc_cat=109&ccb=1-7&_nc_sid=0ecb9b&_nc_ohc=Ha74IPUCw8IQ7kNvgEqE3K4&_nc_ht=scontent-ord5-1.xx&_nc_gid=AxPYPoHZ60EkKLQhAkGNwvt&oh=00_AYBFOwT6zzv9GjtvLDro0k5Ew-OPpGWck58X4k7v6JWGGQ&oe=66E848F7","https://www.facebook.com/people/Agus-Darnawan/pfbid02ZRUY8Pe3kdK2iZQKh9gjfLR5tvpeZaVz67QtVatctQoZmyVj9dkKcrB7gwBEbk8yl/","Y29tbWVudDo4MDgyMzAwMzg4NTQ0MzQ0XzUzNDM4NDMzMjU4NDI3Mw==","Ikhwan Sadid Albatsi alhamdulilah damang, kumaha samulih na..","2"
,,,,,"https://www.facebook.com/100002933885436/posts/8082300388544344?comment_id=1458818491421098",,"2024-09-07T02:03:01.000Z","8082300388544344","https://www.facebook.com/100002933885436/posts/8082300388544344","ZmVlZGJhY2s6ODA4MjMwMDM4ODU0NDM0NF8xNDU4ODE4NDkxNDIxMDk4","Y29tbWVudDo4MDgyMzAwMzg4NTQ0MzQ0XzE0NTg4MTg0OTE0MjEwOTg=","https://www.facebook.com/100002933885436/posts/8082300388544344","0","357880607403962",,"Benih Cabe Kriting JURO f1 di Banjarwangi Kabupaten Garut
 Semoga harga buah cabenya naik lagi. aamiin
Jangan Ragu tanam cabe JURO f1 sudah terbukti hasilnya
Smoga selalu diberikan kesehatan dan...","pfbid02ZRUY8Pe3kdK2iZQKh9gjfLR5tvpeZaVz67QtVatctQoZmyVj9dkKcrB7gwBEbk8yl","Agus Darnawan","https://scontent-ord5-1.xx.fbcdn.net/v/t39.30808-1/294227207_103015875833940_1265904696678174489_n.jpg?stp=cp0_dst-jpg_s32x32&_nc_cat=109&ccb=1-7&_nc_sid=0ecb9b&_nc_ohc=Ha74IPUCw8IQ7kNvgEqE3K4&_nc_ht=scontent-ord5-1.xx&_nc_gid=AxPYPoHZ60EkKLQhAkGNwvt&oh=00_AYBFOwT6zzv9GjtvLDro0k5Ew-OPpGWck58X4k7v6JWGGQ&oe=66E848F7","https://www.facebook.com/people/Agus-Darnawan/pfbid02ZRUY8Pe3kdK2iZQKh9gjfLR5tvpeZaVz67QtVatctQoZmyVj9dkKcrB7gwBEbk8yl/","Y29tbWVudDo4MDgyMzAwMzg4NTQ0MzQ0XzUzNDM4NDMzMjU4NDI3Mw==","Ikhwan Sadid Albatsi tos aya di toko","2"
,,,,,"https://www.facebook.com/100002933885436/posts/8082300388544344?comment_id=446499338407917","5","2024-09-07T02:02:10.000Z","8082300388544344","https://www.facebook.com/100002933885436/posts/8082300388544344","ZmVlZGJhY2s6ODA4MjMwMDM4ODU0NDM0NF80NDY0OTkzMzg0MDc5MTc=","Y29tbWVudDo4MDgyMzAwMzg4NTQ0MzQ0XzQ0NjQ5OTMzODQwNzkxNw==","https://www.facebook.com/100002933885436/posts/8082300388544344","0","357880607403962",,"Benih Cabe Kriting JURO f1 di Banjarwangi Kabupaten Garut
 Semoga harga buah cabenya naik lagi. aamiin
Jangan Ragu tanam cabe JURO f1 sudah terbukti hasilnya
Smoga selalu diberikan kesehatan dan...","100002933885436","Ikhwan Sadid Albatsi","https://scontent-ord5-2.xx.fbcdn.net/v/t39.30808-1/352341915_966828514629183_6515656009092336600_n.jpg?stp=cp0_dst-jpg_s32x32&_nc_cat=105&ccb=1-7&_nc_sid=50d2ac&_nc_ohc=lU6YNv5K_YIQ7kNvgEOUAel&_nc_ht=scontent-ord5-2.xx&_nc_gid=AxPYPoHZ60EkKLQhAkGNwvt&oh=00_AYCQOvFxvRWV_ZM8TBvOU9NfXw3yA7_EePg0mKShe5qwRw&oe=66E81BFA","https://www.facebook.com/ikhwansadid.albatsi","Y29tbWVudDo4MDgyMzAwMzg4NTQ0MzQ0XzUzNDM4NDMzMjU4NDI3Mw==","Agus Darnawan damang pa haji,,😁🙏🙏. 150.000 pa haji","1"
,,,,,"https://www.facebook.com/100002933885436/posts/8082300388544344?comment_id=1432729980747874",,"2024-09-07T02:51:31.000Z","8082300388544344","https://www.facebook.com/100002933885436/posts/8082300388544344","ZmVlZGJhY2s6ODA4MjMwMDM4ODU0NDM0NF8xNDMyNzI5OTgwNzQ3ODc0","Y29tbWVudDo4MDgyMzAwMzg4NTQ0MzQ0XzE0MzI3Mjk5ODA3NDc4NzQ=","https://www.facebook.com/100002933885436/posts/8082300388544344","0","357880607403962",,"Benih Cabe Kriting JURO f1 di Banjarwangi Kabupaten Garut
 Semoga harga buah cabenya naik lagi. aamiin
Jangan Ragu tanam cabe JURO f1 sudah terbukti hasilnya
Smoga selalu diberikan kesehatan dan...","100002933885436","Ikhwan Sadid Albatsi","https://scontent-mia3-2.xx.fbcdn.net/v/t39.30808-1/352341915_966828514629183_6515656009092336600_n.jpg?stp=cp0_dst-jpg_s32x32&_nc_cat=105&ccb=1-7&_nc_sid=50d2ac&_nc_ohc=lU6YNv5K_YIQ7kNvgG1AusQ&_nc_ht=scontent-mia3-2.xx&_nc_gid=Aoep6DcpUKRCTe9EUY2pCzp&oh=00_AYCfGi2m7FKwD_VQUpfLi9dZVkt3TGl7xsJfl0LDkihdBQ&oe=66E81BFA","https://www.facebook.com/ikhwansadid.albatsi","Y29tbWVudDo4MDgyMzAwMzg4NTQ0MzQ0XzEwMzQ3NzgwMzE1NjU0NjQ=","Akin Mustakin mirah mang haji cabe rancung genie pangaosna 30.000 isina sami 10 gram","2"
,,,,,"https://www.facebook.com/100002933885436/posts/8082300388544344?comment_id=534987652422663",,"2024-09-07T02:45:04.000Z","8082300388544344","https://www.facebook.com/100002933885436/posts/8082300388544344","ZmVlZGJhY2s6ODA4MjMwMDM4ODU0NDM0NF81MzQ5ODc2NTI0MjI2NjM=","Y29tbWVudDo4MDgyMzAwMzg4NTQ0MzQ0XzUzNDk4NzY1MjQyMjY2Mw==","https://www.facebook.com/100002933885436/posts/8082300388544344","0","357880607403962",,"Benih Cabe Kriting JURO f1 di Banjarwangi Kabupaten Garut
 Semoga harga buah cabenya naik lagi. aamiin
Jangan Ragu tanam cabe JURO f1 sudah terbukti hasilnya
Smoga selalu diberikan kesehatan dan...","pfbid02cCT9pMkx1dsdFeobTKAknYEsrumi6jaK9uqjumkr3K11X5KqxVADAp6FeN32f141l","Akin Mustakin","https://scontent-mia3-1.xx.fbcdn.net/v/t1.6435-1/147896264_1797064747135575_8490051210469670368_n.jpg?stp=c0.0.473.473a_cp0_dst-jpg_s32x32&_nc_cat=104&ccb=1-7&_nc_sid=e4545e&_nc_ohc=chD4SMTWCtYQ7kNvgE32KQq&_nc_ht=scontent-mia3-1.xx&_nc_gid=Aoep6DcpUKRCTe9EUY2pCzp&oh=00_AYDg1BJML9qVwQk3X0wQ4SC_Y-YTE_0eBk290ClLRm3UOQ&oe=6709CFC7","https://www.facebook.com/akin.mustakin.1","Y29tbWVudDo4MDgyMzAwMzg4NTQ0MzQ0XzEwMzQ3NzgwMzE1NjU0NjQ=","Ikhwan Sadid Albatsi cek harga pk haji","2"
,,,,,"https://www.facebook.com/100002933885436/posts/8082300388544344?comment_id=1054864916028499","2","2024-09-07T02:38:56.000Z","8082300388544344","https://www.facebook.com/100002933885436/posts/8082300388544344","ZmVlZGJhY2s6ODA4MjMwMDM4ODU0NDM0NF8xMDU0ODY0OTE2MDI4NDk5","Y29tbWVudDo4MDgyMzAwMzg4NTQ0MzQ0XzEwNTQ4NjQ5MTYwMjg0OTk=","https://www.facebook.com/100002933885436/posts/8082300388544344","0","357880607403962",,"Benih Cabe Kriting JURO f1 di Banjarwangi Kabupaten Garut
 Semoga harga buah cabenya naik lagi. aamiin
Jangan Ragu tanam cabe JURO f1 sudah terbukti hasilnya
Smoga selalu diberikan kesehatan dan...","100002933885436","Ikhwan Sadid Albatsi","https://scontent-mia3-2.xx.fbcdn.net/v/t39.30808-1/352341915_966828514629183_6515656009092336600_n.jpg?stp=cp0_dst-jpg_s32x32&_nc_cat=105&ccb=1-7&_nc_sid=50d2ac&_nc_ohc=lU6YNv5K_YIQ7kNvgG1AusQ&_nc_ht=scontent-mia3-2.xx&_nc_gid=Aoep6DcpUKRCTe9EUY2pCzp&oh=00_AYCfGi2m7FKwD_VQUpfLi9dZVkt3TGl7xsJfl0LDkihdBQ&oe=66E81BFA","https://www.facebook.com/ikhwansadid.albatsi","Y29tbWVudDo4MDgyMzAwMzg4NTQ0MzQ0XzEwMzQ3NzgwMzE1NjU0NjQ=","Akin Mustakin seueur amang haji","1"
,,,,,"https://www.facebook.com/100002933885436/posts/8082300388544344?comment_id=568760778808393",,"2024-09-08T19:14:23.000Z","8082300388544344","https://www.facebook.com/100002933885436/posts/8082300388544344","ZmVlZGJhY2s6ODA4MjMwMDM4ODU0NDM0NF81Njg3NjA3Nzg4MDgzOTM=","Y29tbWVudDo4MDgyMzAwMzg4NTQ0MzQ0XzU2ODc2MDc3ODgwODM5Mw==","https://www.facebook.com/100002933885436/posts/8082300388544344","0","357880607403962",,"Benih Cabe Kriting JURO f1 di Banjarwangi Kabupaten Garut
 Semoga harga buah cabenya naik lagi. aamiin
Jangan Ragu tanam cabe JURO f1 sudah terbukti hasilnya
Smoga selalu diberikan kesehatan dan...","100002933885436","Ikhwan Sadid Albatsi","https://scontent.frez1-1.fna.fbcdn.net/v/t39.30808-1/352341915_966828514629183_6515656009092336600_n.jpg?stp=cp0_dst-jpg_s32x32&_nc_cat=105&ccb=1-7&_nc_sid=50d2ac&_nc_ohc=lU6YNv5K_YIQ7kNvgGzAAIC&_nc_ht=scontent.frez1-1.fna&_nc_gid=ADNNV9mg_Dc82zx3ohp_RW_&oh=00_AYDeLEUqmD2rMbBy11ZScfaDDjBL9qZ66dPYgkLk_X9cxw&oe=66E81BFA","https://www.facebook.com/ikhwansadid.albatsi","Y29tbWVudDo4MDgyMzAwMzg4NTQ0MzQ0XzM3NTEzMzA4ODg0NTU0NjI=","Karuhun Pamalayan siap pa bos dinten rebo insyaa alloh dikintun, gass🔥","1"
"animated_image_autoplay","animated_image_share","image_share","share","fallback","https://www.facebook.com/100002933885436/posts/8082300388544344?comment_id=1035761424919645",,"2024-09-09T00:46:27.000Z","8082300388544344","https://www.facebook.com/100002933885436/posts/8082300388544344","ZmVlZGJhY2s6ODA4MjMwMDM4ODU0NDM0NF8xMDM1NzYxNDI0OTE5NjQ1","Y29tbWVudDo4MDgyMzAwMzg4NTQ0MzQ0XzEwMzU3NjE0MjQ5MTk2NDU=","https://www.facebook.com/100002933885436/posts/8082300388544344","0","357880607403962",,"Benih Cabe Kriting JURO f1 di Banjarwangi Kabupaten Garut
 Semoga harga buah cabenya naik lagi. aamiin
Jangan Ragu tanam cabe JURO f1 sudah terbukti hasilnya
Smoga selalu diberikan kesehatan dan...","100002933885436","Ikhwan Sadid Albatsi","https://scontent.flim7-1.fna.fbcdn.net/v/t39.30808-1/352341915_966828514629183_6515656009092336600_n.jpg?stp=cp0_dst-jpg_s32x32&_nc_cat=105&ccb=1-7&_nc_sid=50d2ac&_nc_ohc=lU6YNv5K_YIQ7kNvgGaDGdJ&_nc_ht=scontent.flim7-1.fna&_nc_gid=Avfj8VCMEeoL7GYS3EdAiht&oh=00_AYAaPVxMZMhdj-FawOnaAiVBHdypvHLGTnddq-SybvC7hw&oe=66E81BFA","https://www.facebook.com/ikhwansadid.albatsi","Y29tbWVudDo4MDgyMzAwMzg4NTQ0MzQ0Xzk1MzY4NjAyMzQzODE1OA==","Opeq Bintang Asia","1"
,,,,,"https://www.facebook.com/100002933885436/posts/8075245852583131?comment_id=806358114731432",,"2024-09-06T02:07:14.000Z","8075245852583131","https://www.facebook.com/100002933885436/posts/8075245852583131","ZmVlZGJhY2s6ODA3NTI0NTg1MjU4MzEzMV84MDYzNTgxMTQ3MzE0MzI=","Y29tbWVudDo4MDc1MjQ1ODUyNTgzMTMxXzgwNjM1ODExNDczMTQzMg==","https://www.facebook.com/100002933885436/posts/8075245852583131","0","357880607403962",,"Tomat Natama Super f1 di Kecamatan Pasirwangi Kabupaten Garut dengan pemandangan yang indah.. 
Semoga harga buah tomatnya kembali membaik..aamiin
Tetap Bersyukur dan terus berikhtiar mencari ridho...","100002933885436","Ikhwan Sadid Albatsi","https://scontent-phx1-1.xx.fbcdn.net/v/t39.30808-1/352341915_966828514629183_6515656009092336600_n.jpg?stp=cp0_dst-jpg_s32x32&_nc_cat=105&ccb=1-7&_nc_sid=50d2ac&_nc_ohc=lU6YNv5K_YIQ7kNvgEpXrr2&_nc_ht=scontent-phx1-1.xx&oh=00_AYAgB7V5hhrthDOClOD9qERn5I4oA1zat07dMFKn8ITMpA&oe=66E81BFA","https://www.facebook.com/ikhwansadid.albatsi","Y29tbWVudDo4MDc1MjQ1ODUyNTgzMTMxXzExNzAyMjc3Nzc2MTA4ODQ=","Fachri Rizal hayu pa haji bari badminton sreng orang cikajang ngke mah","1"
,,,,,"https://www.facebook.com/100002933885436/posts/8075245852583131?comment_id=1599055820673337",,"2024-09-06T02:55:10.000Z","8075245852583131","https://www.facebook.com/100002933885436/posts/8075245852583131","ZmVlZGJhY2s6ODA3NTI0NTg1MjU4MzEzMV8xNTk5MDU1ODIwNjczMzM3","Y29tbWVudDo4MDc1MjQ1ODUyNTgzMTMxXzE1OTkwNTU4MjA2NzMzMzc=","https://www.facebook.com/100002933885436/posts/8075245852583131","0","357880607403962",,"Tomat Natama Super f1 di Kecamatan Pasirwangi Kabupaten Garut dengan pemandangan yang indah.. 
Semoga harga buah tomatnya kembali membaik..aamiin
Tetap Bersyukur dan terus berikhtiar mencari ridho...","100002933885436","Ikhwan Sadid Albatsi","https://scontent.fplu19-1.fna.fbcdn.net/v/t39.30808-1/352341915_966828514629183_6515656009092336600_n.jpg?stp=cp0_dst-jpg_s32x32&_nc_cat=105&ccb=1-7&_nc_sid=50d2ac&_nc_ohc=lU6YNv5K_YIQ7kNvgEigeAe&_nc_ht=scontent.fplu19-1.fna&oh=00_AYCLnH51XzXYuCBbHz7naWciu5YKufeGiozJb9ojYyZ9FQ&oe=66E81BFA","https://www.facebook.com/ikhwansadid.albatsi","Y29tbWVudDo4MDc1MjQ1ODUyNTgzMTMxXzkxMjgxNDg1NzM0MDAzNw==","Eric Z  gak bang, buanhnya keras dan berisi sehingga bobotnya lebih berat.. tidak lembek, dimusim hujan juga kuat pecahnya","1"
,,,,,"https://www.facebook.com/100002933885436/posts/8075245852583131?comment_id=799550582090960",,"2024-09-06T23:22:23.000Z","8075245852583131","https://www.facebook.com/100002933885436/posts/8075245852583131","ZmVlZGJhY2s6ODA3NTI0NTg1MjU4MzEzMV83OTk1NTA1ODIwOTA5NjA=","Y29tbWVudDo4MDc1MjQ1ODUyNTgzMTMxXzc5OTU1MDU4MjA5MDk2MA==","https://www.facebook.com/100002933885436/posts/8075245852583131","0","357880607403962",,"Tomat Natama Super f1 di Kecamatan Pasirwangi Kabupaten Garut dengan pemandangan yang indah.. 
Semoga harga buah tomatnya kembali membaik..aamiin
Tetap Bersyukur dan terus berikhtiar mencari ridho...","100002933885436","Ikhwan Sadid Albatsi","https://scontent.fjai1-3.fna.fbcdn.net/v/t39.30808-1/352341915_966828514629183_6515656009092336600_n.jpg?stp=cp0_dst-jpg_s32x32&_nc_cat=105&ccb=1-7&_nc_sid=50d2ac&_nc_ohc=lU6YNv5K_YIQ7kNvgFrPDnZ&_nc_ht=scontent.fjai1-3.fna&_nc_gid=A0m9yZSfwgTZY53hEo59-cx&oh=00_AYC-SVvnK0STM76vM4GFa6PET56k0qlZ8VUcK-G1gXopBA&oe=66E81BFA","https://www.facebook.com/ikhwansadid.albatsi","Y29tbWVudDo4MDc1MjQ1ODUyNTgzMTMxXzExODgxOTcwMTIzMDE2NTA=","Bara Tambenk aamiin🔥🔥","1"
