﻿"channelAvatarUrl","channelBannerUrl","channelDescription","channelDescriptionLinks/0/text","channelDescriptionLinks/0/url","channelDescriptionLinks/1/text","channelDescriptionLinks/1/url","channelDescriptionLinks/2/text","channelDescriptionLinks/2/url","channelDescriptionLinks/3/text","channelDescriptionLinks/3/url","channelId","channelJoinedDate","channelLocation","channelName","channelTotalVideos","channelTotalViews","channelUrl","comments","commentsCount","commentsTurnedOff","date","descriptionLinks/0/text","descriptionLinks/0/url","descriptionLinks/1/text","descriptionLinks/1/url","descriptionLinks/2/text","descriptionLinks/2/url","descriptionLinks/3/text","descriptionLinks/3/url","descriptionLinks/4/text","descriptionLinks/4/url","descriptionLinks/5/text","descriptionLinks/5/url","descriptionLinks/6/text","descriptionLinks/6/url","descriptionLinks/7/text","descriptionLinks/7/url","descriptionLinks/8/text","descriptionLinks/8/url","descriptionLinks/9/text","descriptionLinks/9/url","descriptionLinks/10/text","descriptionLinks/10/url","descriptionLinks/11/text","descriptionLinks/11/url","descriptionLinks/12/text","descriptionLinks/12/url","descriptionLinks/13/text","descriptionLinks/13/url","descriptionLinks/14/text","descriptionLinks/14/url","descriptionLinks/15/text","descriptionLinks/15/url","duration","fromYTUrl","id","inputChannelUrl","isAgeRestricted","isChannelVerified","isMonetized","likes","location","numberOfSubscribers","subtitles","text","thumbnailUrl","title","type","url","viewCount"
"https://yt3.googleusercontent.com/t56EZveYFbzejXlNgJL4S__j3F7Ced8Hjfr0cdl-zXZQjuyx-tPvR2p7yqLQqVPrGQlohynp_g=s160-c-k-c0x00ffffff-no-rj","https://yt3.googleusercontent.com/TTymlnY_1y3b-Fhq3uQLigjMub_fc52Sh6_qJ-DLhyKQ1YUrGRFCOv2t4o3JR3Jf6w1VUm3urA=w2560-fcrop64=1,00005a57ffffa5a8-k-c0xffffffff-no-nd-rj","Every day, there are new videos! Let's subscribe!","Website","https://tokodeeres.com/","Shopee","https://shopee.co.id/tokder","Tokopedia","https://www.tokopedia.com/tokder","Whatsapp","https://wa.me/6281291099109","UC1wIvd8HotnZe0KENzHj2kQ","Mar 8, 2018","Indonesia","Tokder","2777","27512186","https://www.youtube.com/channel/UC1wIvd8HotnZe0KENzHj2kQ",,"4","false","2024-08-05T11:00:16.000Z","0:00","https://www.youtube.com/watch?v=AyrljC-N_nQ&t=0s","0:32","https://www.youtube.com/watch?v=AyrljC-N_nQ&t=32s","1:23","https://www.youtube.com/watch?v=AyrljC-N_nQ&t=83s","1:43","https://www.youtube.com/watch?v=AyrljC-N_nQ&t=103s","2:29","https://www.youtube.com/watch?v=AyrljC-N_nQ&t=149s","https://s.shopee.co.id/9UhODPqa2r","https://s.shopee.co.id/9UhODPqa2r","https://s.shopee.co.id/6pgd2SOHHo","https://s.shopee.co.id/6pgd2SOHHo","https://s.shopee.co.id/3q31SyLgvx","https://s.shopee.co.id/3q31SyLgvx","https://s.shopee.co.id/5fUkQ8xUuP","https://s.shopee.co.id/5fUkQ8xUuP","https://s.shopee.co.id/5fUfbnuXMy","https://s.shopee.co.id/5fUfbnuXMy","https://s.shopee.co.id/50EyqYMFFs","https://s.shopee.co.id/50EyqYMFFs","https://tokodeeres.com/","https://tokodeeres.com/",,,,,,,,,"00:04:11","https://www.youtube.com/@tokder-tv/videos","AyrljC-N_nQ","https://www.youtube.com/@tokder-tv/videos","false","false",,"71","TOKO DEERES","97900",,"0:00 Opening
0:32 Unsur Hara
1:23 Campuran Pupuk
1:43 Kocor
2:29 Semprot

Link Produk : 
Kalsium nitrat Pak Tani : https://s.shopee.co.id/9UhODPqa2r 
Kalsium Nitrat CN-G : https://s.shopee.co.id/6pgd2SOHHo 
Kalsium Nitrat Meroke : https://s.shopee.co.id/3q31SyLgvx 
NPK Pak tani : https://s.shopee.co.id/5fUkQ8xUuP 
NPK Tawon : https://s.shopee.co.id/5fUfbnuXMy 
Karate Plus Meroke : https://s.shopee.co.id/50EyqYMFFs 

Kritik dan Saran
Wa 0812 - 9109 - 9109
https://tokodeeres.com/

toko deeres
bibit cabe rawit unggul
Campuran Pupuk Bunga Cabe Anti Rontok
Pupuk fosfat
Ketidakseimbangan kandungan pupuk
Unsur hara
Pupuk bunga anti rontok
Pupuk kalsium nitrat
Bunga menguning dan rontok sebelum mekar
pupuk kalium
Kalsium dan boron menguatkan bunga
Fase berbunga adalah fase krusial dalam pertumbuhan tanaman
Campuran pupuk MKP dan NPK
Ketidakseimbangan kandungan pupuk menyebabkan bunga rontok","https://i.ytimg.com/vi/AyrljC-N_nQ/maxresdefault.jpg","Campuran Pupuk Bunga Cabe Anti Rontok","video","https://www.youtube.com/watch?v=AyrljC-N_nQ","4065"
"https://yt3.googleusercontent.com/t56EZveYFbzejXlNgJL4S__j3F7Ced8Hjfr0cdl-zXZQjuyx-tPvR2p7yqLQqVPrGQlohynp_g=s160-c-k-c0x00ffffff-no-rj","https://yt3.googleusercontent.com/TTymlnY_1y3b-Fhq3uQLigjMub_fc52Sh6_qJ-DLhyKQ1YUrGRFCOv2t4o3JR3Jf6w1VUm3urA=w2560-fcrop64=1,00005a57ffffa5a8-k-c0xffffffff-no-nd-rj","Every day, there are new videos! Let's subscribe!","Website","https://tokodeeres.com/","Shopee","https://shopee.co.id/tokder","Tokopedia","https://www.tokopedia.com/tokder","Whatsapp","https://wa.me/6281291099109","UC1wIvd8HotnZe0KENzHj2kQ","Mar 8, 2018","Indonesia","Tokder","2777","27512186","https://www.youtube.com/channel/UC1wIvd8HotnZe0KENzHj2kQ",,"15","false","2024-08-08T11:00:34.000Z","0:00","https://www.youtube.com/watch?v=U1GjP6URbUE&t=0s","0:49","https://www.youtube.com/watch?v=U1GjP6URbUE&t=49s","2:58","https://www.youtube.com/watch?v=U1GjP6URbUE&t=178s","https://s.shopee.co.id/700Fyp8fTr","https://s.shopee.co.id/700Fyp8fTr","https://s.shopee.co.id/6V3zeh8F3p","https://s.shopee.co.id/6V3zeh8F3p","https://s.shopee.co.id/5VBVc8MsaX","https://s.shopee.co.id/5VBVc8MsaX","https://s.shopee.co.id/9pKRPJUcJO","https://s.shopee.co.id/9pKRPJUcJO","https://s.shopee.co.id/VmmIExai2","https://s.shopee.co.id/VmmIExai2","https://s.shopee.co.id/2LEQTkeFHn","https://s.shopee.co.id/2LEQTkeFHn","https://tokodeeres.com/","https://tokodeeres.com/",,,,,,,,,,,,,"00:06:14","https://www.youtube.com/@tokder-tv/videos","U1GjP6URbUE","https://www.youtube.com/@tokder-tv/videos","false","false",,"102","TOKO DEERES","97900",,"0:00 Opening
0:49 Thrips
2:58 Tungau

Link Produk : 
Insektisida Stadium : https://s.shopee.co.id/700Fyp8fTr  
Insektisida Zenox : https://s.shopee.co.id/6V3zeh8F3p 
Insektisida Avidor : https://s.shopee.co.id/5VBVc8MsaX  
Insektisida Pegasus : https://s.shopee.co.id/9pKRPJUcJO  
Insektisida Samite : https://s.shopee.co.id/VmmIExai2  
Insektisida Marshal : https://s.shopee.co.id/2LEQTkeFHn  

Kritik dan Saran
Wa 0812 - 9109 - 9109
https://tokodeeres.com/

toko deeres
bibit cabe rawit unggul
Hama Tungau
Musuh alami hama
Insektisida zenox
Musuh alami hama thrips
Insektisida kimia hama thrips
Hama Thrips
Insektisida samite
hama tungau dan thrips
Campuran insektisida untuk tungau dan thrips
Musim kemarau meningkatkan populasi hama
Insektisida kimia hama tungau
Cara Ampuh Mengatasi Hama Musim Kemarau Tanaman Cabe","https://i.ytimg.com/vi/U1GjP6URbUE/maxresdefault.jpg","Cara Ampuh Mengatasi Hama Musim Kemarau Tanaman Cabe","video","https://www.youtube.com/watch?v=U1GjP6URbUE","5826"
"https://yt3.googleusercontent.com/t56EZveYFbzejXlNgJL4S__j3F7Ced8Hjfr0cdl-zXZQjuyx-tPvR2p7yqLQqVPrGQlohynp_g=s160-c-k-c0x00ffffff-no-rj","https://yt3.googleusercontent.com/TTymlnY_1y3b-Fhq3uQLigjMub_fc52Sh6_qJ-DLhyKQ1YUrGRFCOv2t4o3JR3Jf6w1VUm3urA=w2560-fcrop64=1,00005a57ffffa5a8-k-c0xffffffff-no-nd-rj","Every day, there are new videos! Let's subscribe!","Website","https://tokodeeres.com/","Shopee","https://shopee.co.id/tokder","Tokopedia","https://www.tokopedia.com/tokder","Whatsapp","https://wa.me/6281291099109","UC1wIvd8HotnZe0KENzHj2kQ","Mar 8, 2018","Indonesia","Tokder","2777","27512186","https://www.youtube.com/channel/UC1wIvd8HotnZe0KENzHj2kQ",,"11","false","2024-08-19T11:00:45.000Z","0:00","https://www.youtube.com/watch?v=j8KLF9ZKP3I&t=0s","0:38","https://www.youtube.com/watch?v=j8KLF9ZKP3I&t=38s","2:22","https://www.youtube.com/watch?v=j8KLF9ZKP3I&t=142s","4:13","https://www.youtube.com/watch?v=j8KLF9ZKP3I&t=253s","https://s.shopee.co.id/5fUxBTvE64","https://s.shopee.co.id/5fUxBTvE64","https://s.shopee.co.id/A9xMXbm895","https://s.shopee.co.id/A9xMXbm895","https://s.shopee.co.id/A9xMXgJmUV","https://s.shopee.co.id/A9xMXgJmUV","https://s.shopee.co.id/7zsrxjVYJo","https://s.shopee.co.id/7zsrxjVYJo","https://s.shopee.co.id/5VBYX4VuCQ","https://s.shopee.co.id/5VBYX4VuCQ","https://s.shopee.co.id/5Ks8KlWXXP","https://s.shopee.co.id/5Ks8KlWXXP","https://s.shopee.co.id/3L745z1pEu","https://s.shopee.co.id/3L745z1pEu","https://s.shopee.co.id/4VJ1KiDIsP","https://s.shopee.co.id/4VJ1KiDIsP","https://s.shopee.co.id/40MkjnFCtK","https://s.shopee.co.id/40MkjnFCtK","https://tokodeeres.com/","https://tokodeeres.com/",,,,,"00:05:31","https://www.youtube.com/@tokder-tv/videos","j8KLF9ZKP3I","https://www.youtube.com/@tokder-tv/videos","false","false",,"45","TOKO DEERES","97900",,"0:00 Opening 
0:38 Pemilihan varietas
2:22 Pemilihan kandungan pupuk
4:13 Pengendalian hama dan penyakit

Link Produk:
Rawita F1 : https://s.shopee.co.id/5fUxBTvE64 
Katana : https://s.shopee.co.id/A9xMXbm895 
Master : https://s.shopee.co.id/A9xMXgJmUV 
Ori 212 : https://s.shopee.co.id/7zsrxjVYJo 
Karate Plus Boroni : https://s.shopee.co.id/5VBYX4VuCQ 
MKP : https://s.shopee.co.id/5Ks8KlWXXP 
Cal-Ha : https://s.shopee.co.id/3L745z1pEu   
Morden Fol : https://s.shopee.co.id/4VJ1KiDIsP 
Asam amino : https://s.shopee.co.id/40MkjnFCtK  

Kritik dan Saran
Wa 0812 - 9109 - 9109
https://tokodeeres.com/

Hasil Panen Melimpah Saat Harga Cabe Melambung Tinggi 
Hama menjadi vektor penyakit 
Hama musim kemarau
Harga cabe yang fluktuatif
Pengendalian hama dan penyakit 
Harga cabe rawit tinggi 
Varietas penting untuk menentukan hasil panen
Potensi hasil tinggi 
Varietas Rawita F1
Varietas Master
Ori 212
Pupuk magnesium fosfat 
pemilihan varietas cabe","https://i.ytimg.com/vi/j8KLF9ZKP3I/maxresdefault.jpg","Hasil Panen Melimpah Saat Harga Cabe Melambung Tinggi!!","video","https://www.youtube.com/watch?v=j8KLF9ZKP3I","1774"
"https://yt3.googleusercontent.com/t56EZveYFbzejXlNgJL4S__j3F7Ced8Hjfr0cdl-zXZQjuyx-tPvR2p7yqLQqVPrGQlohynp_g=s160-c-k-c0x00ffffff-no-rj","https://yt3.googleusercontent.com/TTymlnY_1y3b-Fhq3uQLigjMub_fc52Sh6_qJ-DLhyKQ1YUrGRFCOv2t4o3JR3Jf6w1VUm3urA=w2560-fcrop64=1,00005a57ffffa5a8-k-c0xffffffff-no-nd-rj","Every day, there are new videos! Let's subscribe!","Website","https://tokodeeres.com/","Shopee","https://shopee.co.id/tokder","Tokopedia","https://www.tokopedia.com/tokder","Whatsapp","https://wa.me/6281291099109","UC1wIvd8HotnZe0KENzHj2kQ","Mar 8, 2018","Indonesia","Tokder","2777","27512186","https://www.youtube.com/channel/UC1wIvd8HotnZe0KENzHj2kQ",,"2","false","2024-08-22T11:00:17.000Z","0:00","https://www.youtube.com/watch?v=KgjtG1thnSE&t=0s","0:44","https://www.youtube.com/watch?v=KgjtG1thnSE&t=44s","1:33","https://www.youtube.com/watch?v=KgjtG1thnSE&t=93s","2:18","https://www.youtube.com/watch?v=KgjtG1thnSE&t=138s","5:01","https://www.youtube.com/watch?v=KgjtG1thnSE&t=301s","https://s.shopee.co.id/1LMKc8z4wD","https://s.shopee.co.id/1LMKc8z4wD","https://s.shopee.co.id/1qIbD3xAvK","https://s.shopee.co.id/1qIbD3xAvK","https://s.shopee.co.id/1fzB0kxoGJ","https://s.shopee.co.id/1fzB0kxoGJ","https://s.shopee.co.id/2AvRbfvuFQ","https://s.shopee.co.id/2AvRbfvuFQ","https://tokodeeres.com/","https://tokodeeres.com/",,,,,,,,,,,,,"00:05:55","https://www.youtube.com/@tokder-tv/videos","KgjtG1thnSE","https://www.youtube.com/@tokder-tv/videos","false","false",,"55","TOKO DEERES","97900",,"0:00 Opening
0:44 Tiametoksam
1:33 Lamda-sihalotrin
2:18 Rekomendasi produk
5:01 Campuran


Link produk:
Insektisida Thioxam: https://s.shopee.co.id/1LMKc8z4wD  
Insektisida Alika: https://s.shopee.co.id/1qIbD3xAvK  
Insektisida Virtako: https://s.shopee.co.id/1fzB0kxoGJ  
Insektisida Matador: https://s.shopee.co.id/2AvRbfvuFQ  

Kritik dan Saran
Wa 0812 - 9109 - 9109
https://tokodeeres.com/


toko deeres
bibit cabe rawit unggul
Kombinasi Tiametoksam dan Lamda Sihalotrin Basmi Hama dalam 24 Jam
Insektisida dengan bahan aktif lamda-sihalotrin aktivitas tertinggi yang jangkauan toksisitasnya luas
Lamda-sihalotrin juga mudah diserap tanaman karena memiliki sifat yang mudah larut dalam air
Kombinasi tiametoksam dan lamda-sihalotrin upaya untuk membasmi hama tanaman cabe dengan cepat
Insektisida alika
Insektisida virtako
Tiametoksam dapat membasmi serangan kutu kebul","https://i.ytimg.com/vi/KgjtG1thnSE/hqdefault.jpg","Kombinasi Tiametoksam dan Lamda Sihalotrin Basmi Hama dalam 24 Jam","video","https://www.youtube.com/watch?v=KgjtG1thnSE","2710"
"https://yt3.googleusercontent.com/t56EZveYFbzejXlNgJL4S__j3F7Ced8Hjfr0cdl-zXZQjuyx-tPvR2p7yqLQqVPrGQlohynp_g=s160-c-k-c0x00ffffff-no-rj","https://yt3.googleusercontent.com/TTymlnY_1y3b-Fhq3uQLigjMub_fc52Sh6_qJ-DLhyKQ1YUrGRFCOv2t4o3JR3Jf6w1VUm3urA=w2560-fcrop64=1,00005a57ffffa5a8-k-c0xffffffff-no-nd-rj","Every day, there are new videos! Let's subscribe!","Website","https://tokodeeres.com/","Shopee","https://shopee.co.id/tokder","Tokopedia","https://www.tokopedia.com/tokder","Whatsapp","https://wa.me/6281291099109","UC1wIvd8HotnZe0KENzHj2kQ","Mar 8, 2018","Indonesia","Tokder","2777","27512186","https://www.youtube.com/channel/UC1wIvd8HotnZe0KENzHj2kQ",,"2","false","2024-08-26T11:00:54.000Z","0:00","https://www.youtube.com/watch?v=rtgHtK746Ds&t=0s","0:43","https://www.youtube.com/watch?v=rtgHtK746Ds&t=43s","1:51","https://www.youtube.com/watch?v=rtgHtK746Ds&t=111s","https://tokodeeres.com/","https://tokodeeres.com/",,,,,,,,,,,,,,,,,,,,,,,,,"00:04:22","https://www.youtube.com/@tokder-tv/videos","rtgHtK746Ds","https://www.youtube.com/@tokder-tv/videos","false","false",,"47","TOKO DEERES","97900",,"0:00 Opening
0:43 Biotron
1:51 Cara Pembuatan

Kritik dan Saran
Wa 0812 - 9109 - 9109
https://tokodeeres.com/

Inovasi baru, bernama biotron 
Agen hayati 
Pembentuk senyawa organik, enzim, serta hormon tanaman 
Larutan katalis berupa garam
Menutrisi tanaman dan memperbaiki sifat tanah 
Dosis pengaplikasian ke tanaman 
Pembentuk senyawa organik 
Fungsi dari biochar adalah menekan serangan penyakit
Biochar dibuat dengan pembakaran tanpa oksigen 
Kapur dolomit
Tanah dijamin subur! pakai biotron sebagai pengganti asam humat 
Trichoderma
arang sekam","https://i.ytimg.com/vi/rtgHtK746Ds/maxresdefault.jpg","Tanah Dijamin Subur! Pakai Biotron Sebagai Pengganti Asam Humat","video","https://www.youtube.com/watch?v=rtgHtK746Ds","1720"
"https://yt3.googleusercontent.com/t56EZveYFbzejXlNgJL4S__j3F7Ced8Hjfr0cdl-zXZQjuyx-tPvR2p7yqLQqVPrGQlohynp_g=s160-c-k-c0x00ffffff-no-rj","https://yt3.googleusercontent.com/TTymlnY_1y3b-Fhq3uQLigjMub_fc52Sh6_qJ-DLhyKQ1YUrGRFCOv2t4o3JR3Jf6w1VUm3urA=w2560-fcrop64=1,00005a57ffffa5a8-k-c0xffffffff-no-nd-rj","Every day, there are new videos! Let's subscribe!","Website","https://tokodeeres.com/","Shopee","https://shopee.co.id/tokder","Tokopedia","https://www.tokopedia.com/tokder","Whatsapp","https://wa.me/6281291099109","UC1wIvd8HotnZe0KENzHj2kQ","Mar 8, 2018","Indonesia","Tokder","2777","27512186","https://www.youtube.com/channel/UC1wIvd8HotnZe0KENzHj2kQ",,"4","false","2024-08-23T11:00:45.000Z","0:00","https://www.youtube.com/watch?v=hnmwyBrDIPk&t=0s","1:03","https://www.youtube.com/watch?v=hnmwyBrDIPk&t=63s","1:51","https://www.youtube.com/watch?v=hnmwyBrDIPk&t=111s","2:24","https://www.youtube.com/watch?v=hnmwyBrDIPk&t=144s","3:06","https://www.youtube.com/watch?v=hnmwyBrDIPk&t=186s","https://tokodeeres.com/","https://tokodeeres.com/",,,,,,,,,,,,,,,,,,,,,"00:05:25","https://www.youtube.com/@tokder-tv/videos","hnmwyBrDIPk","https://www.youtube.com/@tokder-tv/videos","false","false",,"47","TOKO DEERES","97900",,"0:00 Opening
1:03 Penurunan Pertumbuhan Tanaman
1:51 Pembusukan Akar
2:24 Daun Lebat tapi bunga dan buah sedikit
3:06 Kematian Tanaman Secara Mendadak

Kritik dan Saran
Wa 0812 - 9109 - 9109
https://tokodeeres.com/


Akumulasi zat kimia berlebihan mengganggu proses fotosintesis 
Daun menguning akan menghambat jalanya fotosintesis
Over dosis pupuk? ini cara mengatasinya 
Ciri-ciri overdosis pupuk
Dosis pupuk
Mengatasi overdosis pupuk 
Meningkatkan kuantitas mapun kualitas tanaman
Overdosis pupuk nitrogen 
Pupuk kimia 
Akar tanaman membusuk akibat overdosis","https://i.ytimg.com/vi/hnmwyBrDIPk/maxresdefault.jpg","Over Dosis Pupuk? Ini Cara Mengatasinya","video","https://www.youtube.com/watch?v=hnmwyBrDIPk","2499"
"https://yt3.googleusercontent.com/t56EZveYFbzejXlNgJL4S__j3F7Ced8Hjfr0cdl-zXZQjuyx-tPvR2p7yqLQqVPrGQlohynp_g=s160-c-k-c0x00ffffff-no-rj","https://yt3.googleusercontent.com/TTymlnY_1y3b-Fhq3uQLigjMub_fc52Sh6_qJ-DLhyKQ1YUrGRFCOv2t4o3JR3Jf6w1VUm3urA=w2560-fcrop64=1,00005a57ffffa5a8-k-c0xffffffff-no-nd-rj","Every day, there are new videos! Let's subscribe!","Website","https://tokodeeres.com/","Shopee","https://shopee.co.id/tokder","Tokopedia","https://www.tokopedia.com/tokder","Whatsapp","https://wa.me/6281291099109","UC1wIvd8HotnZe0KENzHj2kQ","Mar 8, 2018","Indonesia","Tokder","2777","27512186","https://www.youtube.com/channel/UC1wIvd8HotnZe0KENzHj2kQ",,"0","false","2024-08-28T11:00:15.000Z","0:00","https://www.youtube.com/watch?v=EJEiR38RD5k&t=0s","https://tokodeeres.com/","https://tokodeeres.com/",,,,,,,,,,,,,,,,,,,,,,,,,,,,,"00:05:06","https://www.youtube.com/@tokder-tv/videos","EJEiR38RD5k","https://www.youtube.com/@tokder-tv/videos","false","false",,"15","TOKO DEERES","97900",,"0:00 Opening
Kandungan Capsaicin
Cara meningkatkan rasa pedas
Memilih jenis cabe 
Lingkungan tumbuh terkendali
Panen tepat waktu
Membuat tanaman stres
Meningkatkan nitrogen

Kritik dan Saran
Wa 0812 - 9109 - 9109
https://tokodeeres.com/

Capsaicin meningkat seiring dengan pematangan buah cabe 
Meningkatkan kandungan capsaicin dalam cabe 
Kandungan capsaicin dalam cabe 
Cara meningkatkan kandungan capsaicin dalam cabe 
Panen tepat waktu 
Kandungan capsaicin cabe 
Manfaat capsaicin 
Tanaman stress air
Varietas cabe pedas
Meningkatkan nitrogen","https://i.ytimg.com/vi/EJEiR38RD5k/hqdefault.jpg","Tanaman Cabe Stress Bisa Meningkatkan Rasa Pedas Buah Cabe","video","https://www.youtube.com/watch?v=EJEiR38RD5k","783"
"https://yt3.googleusercontent.com/t56EZveYFbzejXlNgJL4S__j3F7Ced8Hjfr0cdl-zXZQjuyx-tPvR2p7yqLQqVPrGQlohynp_g=s160-c-k-c0x00ffffff-no-rj","https://yt3.googleusercontent.com/TTymlnY_1y3b-Fhq3uQLigjMub_fc52Sh6_qJ-DLhyKQ1YUrGRFCOv2t4o3JR3Jf6w1VUm3urA=w2560-fcrop64=1,00005a57ffffa5a8-k-c0xffffffff-no-nd-rj","Every day, there are new videos! Let's subscribe!","Website","https://tokodeeres.com/","Shopee","https://shopee.co.id/tokder","Tokopedia","https://www.tokopedia.com/tokder","Whatsapp","https://wa.me/6281291099109","UC1wIvd8HotnZe0KENzHj2kQ","Mar 8, 2018","Indonesia","Tokder","2777","27512186","https://www.youtube.com/channel/UC1wIvd8HotnZe0KENzHj2kQ",,"8","false","2024-08-29T11:00:04.000Z","0:00","https://www.youtube.com/watch?v=1iRu9odb1bI&t=0s","0:41","https://www.youtube.com/watch?v=1iRu9odb1bI&t=41s","1:26","https://www.youtube.com/watch?v=1iRu9odb1bI&t=86s","2:27","https://www.youtube.com/watch?v=1iRu9odb1bI&t=147s","3:05","https://www.youtube.com/watch?v=1iRu9odb1bI&t=185s","https://s.shopee.co.id/8zkfBkFbfx","https://s.shopee.co.id/8zkfBkFbfx","https://s.shopee.co.id/8pREzRGF0w","https://s.shopee.co.id/8pREzRGF0w","https://s.shopee.co.id/8f7on8GsLv","https://s.shopee.co.id/8f7on8GsLv","https://s.shopee.co.id/9pJmBHCQzA","https://s.shopee.co.id/9pJmBHCQzA","https://tokodeeres.com/","https://tokodeeres.com/",,,,,,,,,,,,,"00:04:30","https://www.youtube.com/@tokder-tv/videos","1iRu9odb1bI","https://www.youtube.com/@tokder-tv/videos","false","false",,"34","TOKO DEERES","97900",,"0:00 Opening
0:41 Better one
1:26 Spreader
2:27 Besmor
3:05 P3

Link shopee
Better one : https://s.shopee.co.id/8zkfBkFbfx 
Spreader : https://s.shopee.co.id/8pREzRGF0w 
Besmor : https://s.shopee.co.id/8f7on8GsLv 
P3 : https://s.shopee.co.id/9pJmBHCQzA 

Kritik dan Saran
Wa 0812 - 9109 - 9109
https://tokodeeres.com/


Tanaman cabai
Penyemprotan pestisida                                                          
Perekat pestisida
Manfaat perekat pestisida
Obat perekat pestisida
Perekat Better one
Dosis penggunaan better one
Perekat Spreader
Dosis penggunaan spreader
Perekat Besmor
Dosis penggunaan besmor
Perekat P3
Dosis penggunaan P3
Kekurangan tanpa penembus pestisida","https://i.ytimg.com/vi/1iRu9odb1bI/maxresdefault.jpg","4 Perata Perekat Penembus Dosis Rendah","video","https://www.youtube.com/watch?v=1iRu9odb1bI","1971"
"https://yt3.googleusercontent.com/t56EZveYFbzejXlNgJL4S__j3F7Ced8Hjfr0cdl-zXZQjuyx-tPvR2p7yqLQqVPrGQlohynp_g=s160-c-k-c0x00ffffff-no-rj","https://yt3.googleusercontent.com/TTymlnY_1y3b-Fhq3uQLigjMub_fc52Sh6_qJ-DLhyKQ1YUrGRFCOv2t4o3JR3Jf6w1VUm3urA=w2560-fcrop64=1,00005a57ffffa5a8-k-c0xffffffff-no-nd-rj","Every day, there are new videos! Let's subscribe!","Website","https://tokodeeres.com/","Shopee","https://shopee.co.id/tokder","Tokopedia","https://www.tokopedia.com/tokder","Whatsapp","https://wa.me/6281291099109","UC1wIvd8HotnZe0KENzHj2kQ","Mar 8, 2018","Indonesia","Tokder","2777","27512186","https://www.youtube.com/channel/UC1wIvd8HotnZe0KENzHj2kQ",,"11","false","2024-09-09T11:00:49.000Z","0:00","https://www.youtube.com/watch?v=k-N__NqcgWE&t=0s","0:32","https://www.youtube.com/watch?v=k-N__NqcgWE&t=32s","1:18","https://www.youtube.com/watch?v=k-N__NqcgWE&t=78s","1:54","https://www.youtube.com/watch?v=k-N__NqcgWE&t=114s","2:23","https://www.youtube.com/watch?v=k-N__NqcgWE&t=143s","3:02","https://www.youtube.com/watch?v=k-N__NqcgWE&t=182s","3:39","https://www.youtube.com/watch?v=k-N__NqcgWE&t=219s","https://tokodeeres.com/","https://tokodeeres.com/","https://s.shopee.co.id/AUb0OhDQFl","https://s.shopee.co.id/AUb0OhDQFl","https://s.shopee.co.id/6KlRQwnJ6x","https://s.shopee.co.id/6KlRQwnJ6x","https://s.shopee.co.id/10jv5JUS12","https://s.shopee.co.id/10jv5JUS12","https://s.shopee.co.id/7AKYQirtS9","https://s.shopee.co.id/7AKYQirtS9",,,,,,,,,"00:04:58","https://www.youtube.com/@tokder-tv/videos","k-N__NqcgWE","https://www.youtube.com/@tokder-tv/videos","false","false",,"79","TOKO DEERES","97900",,"0:00 Opening
0:32 Kandungan Pupuk
1:18 Manfaat
1:54 Kekurangan
2:23 Harga pupuk
3:02 Cara Pengaplikasian
3:39 Campuran kedua pupuk

Kritik dan Saran
Wa 0812 - 9109 - 9109
https://tokodeeres.com/

Link produk: 
MKP Pak Tani: https://s.shopee.co.id/AUb0OhDQFl   
MKP Meroke: https://s.shopee.co.id/6KlRQwnJ6x  
KNO3 Putih Prill Pak Tani: https://s.shopee.co.id/10jv5JUS12  
KNO3 Putih Kristal DGW: https://s.shopee.co.id/7AKYQirtS9  

unsur boron 
memperbesar buah 
mencampur mkp dan kno3 
unsur kalium 
memperbesar umbi
kno3 putih 
unsur fosfat
kno3 pak tani
kno3 DGW
campuran pupuk mkp dan kno3 putih 
mkp meroke
pupuk mkp pak tani
mempercepat pematangan buah cabe
pertumbuhan akar","https://i.ytimg.com/vi/k-N__NqcgWE/maxresdefault.jpg","TERBARU! Dosis Campuran Pupuk MKP dan KNO3 Putih","video","https://www.youtube.com/watch?v=k-N__NqcgWE","4552"
"https://yt3.googleusercontent.com/t56EZveYFbzejXlNgJL4S__j3F7Ced8Hjfr0cdl-zXZQjuyx-tPvR2p7yqLQqVPrGQlohynp_g=s160-c-k-c0x00ffffff-no-rj","https://yt3.googleusercontent.com/TTymlnY_1y3b-Fhq3uQLigjMub_fc52Sh6_qJ-DLhyKQ1YUrGRFCOv2t4o3JR3Jf6w1VUm3urA=w2560-fcrop64=1,00005a57ffffa5a8-k-c0xffffffff-no-nd-rj","Every day, there are new videos! Let's subscribe!","Website","https://tokodeeres.com/","Shopee","https://shopee.co.id/tokder","Tokopedia","https://www.tokopedia.com/tokder","Whatsapp","https://wa.me/6281291099109","UC1wIvd8HotnZe0KENzHj2kQ","Mar 8, 2018","Indonesia","Tokder","2777","27512186","https://www.youtube.com/channel/UC1wIvd8HotnZe0KENzHj2kQ",,"3","false","2024-08-30T11:01:00.000Z","0:00","https://www.youtube.com/watch?v=pClBOQWskgM&t=0s","https://s.shopee.co.id/prmptLZ3","https://s.shopee.co.id/prmptLZ3","https://s.shopee.co.id/8UoPuakDup","https://s.shopee.co.id/8UoPuakDup","https://tokodeeres.com/","https://tokodeeres.com/",,,,,,,,,,,,,,,,,,,,,,,,,"00:03:47","https://www.youtube.com/@tokder-tv/videos","pClBOQWskgM","https://www.youtube.com/@tokder-tv/videos","false","false",,"53","TOKO DEERES","97900",,"0:00 Opening
Rizotin
Dangke 
Cara Campur

Link shopee
Insektisida Rizotin 100 EC 100 ml : https://s.shopee.co.id/prmptLZ3 
Insektisida Dangke 40 WP 100 gr   : https://s.shopee.co.id/8UoPuakDup 

Kritik dan Saran
Wa 0812 - 9109 - 9109
https://tokodeeres.com/

Tanaman cabe
Hama perusak daun
Ulat hama daun
Pengendalian hama
Bahan aktif sipermetrin
Bahan aktif metomil
Mencampur insektisida
Insektisida rizotin 100 EC
Insektisida dangke 40 WP","https://i.ytimg.com/vi/pClBOQWskgM/maxresdefault.jpg","2 Campuran Insektisida Atasi Hama Perusak Daun","video","https://www.youtube.com/watch?v=pClBOQWskgM","2509"
"https://yt3.googleusercontent.com/t56EZveYFbzejXlNgJL4S__j3F7Ced8Hjfr0cdl-zXZQjuyx-tPvR2p7yqLQqVPrGQlohynp_g=s160-c-k-c0x00ffffff-no-rj","https://yt3.googleusercontent.com/TTymlnY_1y3b-Fhq3uQLigjMub_fc52Sh6_qJ-DLhyKQ1YUrGRFCOv2t4o3JR3Jf6w1VUm3urA=w2560-fcrop64=1,00005a57ffffa5a8-k-c0xffffffff-no-nd-rj","Every day, there are new videos! Let's subscribe!","Website","https://tokodeeres.com/","Shopee","https://shopee.co.id/tokder","Tokopedia","https://www.tokopedia.com/tokder","Whatsapp","https://wa.me/6281291099109","UC1wIvd8HotnZe0KENzHj2kQ","Mar 8, 2018","Indonesia","Tokder","2777","27512186","https://www.youtube.com/channel/UC1wIvd8HotnZe0KENzHj2kQ",,"5","false","2024-09-25T11:00:45.000Z","0:00","https://www.youtube.com/watch?v=bygbV2ZXGJA&t=0s","0:25","https://www.youtube.com/watch?v=bygbV2ZXGJA&t=25s","1:05","https://www.youtube.com/watch?v=bygbV2ZXGJA&t=65s","2:07","https://www.youtube.com/watch?v=bygbV2ZXGJA&t=127s","2:31","https://www.youtube.com/watch?v=bygbV2ZXGJA&t=151s","3:13","https://www.youtube.com/watch?v=bygbV2ZXGJA&t=193s","https://s.shopee.co.id/6phS3ntvPC","https://s.shopee.co.id/6phS3ntvPC","https://s.shopee.co.id/7pZzJziFGe","https://s.shopee.co.id/7pZzJziFGe","https://s.shopee.co.id/5KseIQhsLA","https://s.shopee.co.id/5KseIQhsLA","https://s.shopee.co.id/5AZE6gHebh","https://s.shopee.co.id/5AZE6gHebh","https://s.shopee.co.id/3L7ZxoRfoW","https://s.shopee.co.id/3L7ZxoRfoW","https://s.shopee.co.id/5AZE7PyjEj","https://s.shopee.co.id/5AZE7PyjEj","https://s.shopee.co.id/9pL3gAGNpk","https://s.shopee.co.id/9pL3gAGNpk","https://s.shopee.co.id/10jfAqeK6t","https://s.shopee.co.id/10jfAqeK6t","https://s.shopee.co.id/5pouw8c5KD","https://s.shopee.co.id/5pouw8c5KD","https://tokodeeres.com/","https://tokodeeres.com/","00:04:59","https://www.youtube.com/@tokder-tv/videos","bygbV2ZXGJA","https://www.youtube.com/@tokder-tv/videos","false","false",,"54","TOKO DEERES","97900",,"0:00 Opening
0:25 Perendaman benih dengan zpt atau fungisida
1:05 Pemupukan pertama 7 HSS
2:07 Pemupukan 14 HSS
2:31 Pemupukan 21 HSS
3:13 Pemupukan 28 HSS

Link Produk:
Atonik  : https://s.shopee.co.id/6phS3ntvPC 
NPK Pak Tani : https://s.shopee.co.id/7pZzJziFGe 
NPK Meroke : https://s.shopee.co.id/5KseIQhsLA 
Ultradap : https://s.shopee.co.id/5AZE6gHebh 
Curacron : https://s.shopee.co.id/3L7ZxoRfoW 
Demolish : https://s.shopee.co.id/5AZE7PyjEj 
Pegasus : https://s.shopee.co.id/9pL3gAGNpk 
Root most : https://s.shopee.co.id/10jfAqeK6t 
Superthrive : https://s.shopee.co.id/5pouw8c5KD 

Kritik dan Saran
Wa 0812 - 9109 - 9109
https://tokodeeres.com/

Ekstrak rumput laut 
Insektisida demolish 
Insektisida pegasus
Zpt atonik 
Pertumbuhan akar primer dan sekunder
NPK pak tani 
Hormon pertumbuhan 
Cara pemupukan bibit
Bahan aktif abamektin 
Zpt rootmost
NPK meroke 
Insektisida curacron
Vitamin superthrive
Pupuk npk seimbang 
Merangsang tumbuh akar primer dan sekunder","https://i.ytimg.com/vi/bygbV2ZXGJA/hqdefault.jpg","Pemupukan Bibit Cabe Umur 0 - 4 MSS  Dijamin 100% Sukses!","video","https://www.youtube.com/watch?v=bygbV2ZXGJA","1468"
"https://yt3.googleusercontent.com/t56EZveYFbzejXlNgJL4S__j3F7Ced8Hjfr0cdl-zXZQjuyx-tPvR2p7yqLQqVPrGQlohynp_g=s160-c-k-c0x00ffffff-no-rj","https://yt3.googleusercontent.com/TTymlnY_1y3b-Fhq3uQLigjMub_fc52Sh6_qJ-DLhyKQ1YUrGRFCOv2t4o3JR3Jf6w1VUm3urA=w2560-fcrop64=1,00005a57ffffa5a8-k-c0xffffffff-no-nd-rj","Every day, there are new videos! Let's subscribe!","Website","https://tokodeeres.com/","Shopee","https://shopee.co.id/tokder","Tokopedia","https://www.tokopedia.com/tokder","Whatsapp","https://wa.me/6281291099109","UC1wIvd8HotnZe0KENzHj2kQ","Mar 8, 2018","Indonesia","Tokder","2777","27512186","https://www.youtube.com/channel/UC1wIvd8HotnZe0KENzHj2kQ",,"8","false","2024-08-31T11:01:02.000Z","0:00","https://www.youtube.com/watch?v=uGD9IvtDWzc&t=0s","0:35","https://www.youtube.com/watch?v=uGD9IvtDWzc&t=35s","1:21","https://www.youtube.com/watch?v=uGD9IvtDWzc&t=81s","1:58","https://www.youtube.com/watch?v=uGD9IvtDWzc&t=118s","2:58","https://www.youtube.com/watch?v=uGD9IvtDWzc&t=178s","3:49","https://www.youtube.com/watch?v=uGD9IvtDWzc&t=229s","4:31","https://www.youtube.com/watch?v=uGD9IvtDWzc&t=271s","https://s.shopee.co.id/3fkQBK0jvm","https://s.shopee.co.id/3fkQBK0jvm","https://s.shopee.co.id/BAY1A7CGo","https://s.shopee.co.id/BAY1A7CGo","https://s.shopee.co.id/1fzLoViU64","https://s.shopee.co.id/1fzLoViU64","https://s.shopee.co.id/1fzLpLjcDF","https://s.shopee.co.id/1fzLpLjcDF","https://s.shopee.co.id/7KdiZtFnDG","https://s.shopee.co.id/7KdiZtFnDG","https://s.shopee.co.id/1qIm2LIoNv","https://s.shopee.co.id/1qIm2LIoNv","https://tokodeeres.com/","https://tokodeeres.com/",,,,,"00:06:00","https://www.youtube.com/@tokder-tv/videos","uGD9IvtDWzc","https://www.youtube.com/@tokder-tv/videos","false","false",,"93","TOKO DEERES","97900",,"0:00 Opening
0:35 BM Flytrin 100 EC
1:21 Sumo 50 EC
1:58 Petrogenol 800 L
2:58 Mospilan 30 EC
3:49 Curacron 500 EC
4:31 Sagri Clear 30/25/6 WP

Link Produk : 
BM Flytrin 100 EC  : https://s.shopee.co.id/3fkQBK0jvm 
Sumo 50 EC  : https://s.shopee.co.id/BAY1A7CGo  
Petrogenol 800 L : https://s.shopee.co.id/1fzLoViU64 
Mospilan 30 EC : https://s.shopee.co.id/1fzLpLjcDF 
Curacron 500 EC  : https://s.shopee.co.id/7KdiZtFnDG 
Sagri-Clear WP  : https://s.shopee.co.id/1qIm2LIoNv 


Kritik dan Saran
WA 0812 - 9109 - 9109
https://tokodeeres.com/

Sagri clear 30/25/6 wp
Insektisida bm flytrin 
Beta siflutrin
Insektisida lalat buah 
Insektisida sumo
Mospilan
Alfa sipermetrin
Bahan aktif metil eugenol
Bahan aktif dimethoate
Macam insektisida untuk lalat buah 
Insektisida curacron 
Bahan aktif metolcarb
Lalat buah cabe
Cara mengendalikan lalat buah tanaman cabe
Insektisida petrogenol","https://i.ytimg.com/vi/uGD9IvtDWzc/maxresdefault.jpg","6 Insektisida untuk Lalat Buah Cabe Paling Josss!","video","https://www.youtube.com/watch?v=uGD9IvtDWzc","6210"
"https://yt3.googleusercontent.com/t56EZveYFbzejXlNgJL4S__j3F7Ced8Hjfr0cdl-zXZQjuyx-tPvR2p7yqLQqVPrGQlohynp_g=s160-c-k-c0x00ffffff-no-rj","https://yt3.googleusercontent.com/TTymlnY_1y3b-Fhq3uQLigjMub_fc52Sh6_qJ-DLhyKQ1YUrGRFCOv2t4o3JR3Jf6w1VUm3urA=w2560-fcrop64=1,00005a57ffffa5a8-k-c0xffffffff-no-nd-rj","Every day, there are new videos! Let's subscribe!","Website","https://tokodeeres.com/","Shopee","https://shopee.co.id/tokder","Tokopedia","https://www.tokopedia.com/tokder","Whatsapp","https://wa.me/6281291099109","UC1wIvd8HotnZe0KENzHj2kQ","Mar 8, 2018","Indonesia","Tokder","2777","27512186","https://www.youtube.com/channel/UC1wIvd8HotnZe0KENzHj2kQ",,"8","false","2024-09-25T05:00:18.000Z","0:00","https://www.youtube.com/watch?v=HOxTkwv7oZE&t=0s","0:51","https://www.youtube.com/watch?v=HOxTkwv7oZE&t=51s","1:38","https://www.youtube.com/watch?v=HOxTkwv7oZE&t=98s","2:25","https://www.youtube.com/watch?v=HOxTkwv7oZE&t=145s","3:05","https://www.youtube.com/watch?v=HOxTkwv7oZE&t=185s","3:43","https://www.youtube.com/watch?v=HOxTkwv7oZE&t=223s","4:30","https://www.youtube.com/watch?v=HOxTkwv7oZE&t=270s","5:12","https://www.youtube.com/watch?v=HOxTkwv7oZE&t=312s","https://s.shopee.co.id/700vg20Xta","https://s.shopee.co.id/700vg20Xta","https://s.shopee.co.id/9pL734pOoC","https://s.shopee.co.id/9pL734pOoC","https://s.shopee.co.id/rBKk6tmO","https://s.shopee.co.id/rBKk6tmO","https://s.shopee.co.id/3q3ttZFYlD","https://s.shopee.co.id/3q3ttZFYlD","https://s.shopee.co.id/700ver3dTI","https://s.shopee.co.id/700ver3dTI","https://s.shopee.co.id/8zm02IWOiV","https://s.shopee.co.id/8zm02IWOiV","https://tokodeeres.com/","https://tokodeeres.com/",,,"00:06:01","https://www.youtube.com/@tokder-tv/videos","HOxTkwv7oZE","https://www.youtube.com/@tokder-tv/videos","false","false",,"40","TOKO DEERES","97900",,"0:00 Opening
0:51 Antracol
1:38 Trivia
2:25 Star plus 
3:05 Kuproxat
3:43 Sultricob
4:30 Nefos
5:12 Contoh rollingan

Link Produk  : 
Fungisida Nefos 45 WP : https://s.shopee.co.id/700vg20Xta  
Fungisida Sultricob 93 WP : https://s.shopee.co.id/9pL734pOoC  
Fungisida Kuproxat 345 SC : https://s.shopee.co.id/rBKk6tmO  
Fungisida Star Plus 70 WP : https://s.shopee.co.id/3q3ttZFYlD 
Fungisida Trivia 73 WP : https://s.shopee.co.id/700ver3dTI 
Fungisida Antracol 70 WP : https://s.shopee.co.id/8zm02IWOiV  

Kritik dan Saran
Wa 0812 - 9109 - 9109
https://tokodeeres.com/

Tribasik tembaga sulfat 
Bercak daun tanaman cabe 
Tembaga oksiklorida
Fungisida star plus 
Bakterisida tembaga
Fungisida trivia 73 wp 
Bahan aktif fluopikolid
Fungisida kuproxat 345 sc
Bahan aktif tembaga oksi sulfat
Rotasi 3 bahan aktif fungisida 
Bahan aktif simoksanil
Antracol bayer 
Fungisida untuk bercak daun
Karat daun tanaman cabe 
Fungisida kontak
Sultricob 93 wp
Nefos 45 wp fungisida","https://i.ytimg.com/vi/HOxTkwv7oZE/hqdefault.jpg","Rolling 3 Bahan Aktif Atasi Karat dan Bercak Daun Cabe","video","https://www.youtube.com/watch?v=HOxTkwv7oZE","2313"
"https://yt3.googleusercontent.com/t56EZveYFbzejXlNgJL4S__j3F7Ced8Hjfr0cdl-zXZQjuyx-tPvR2p7yqLQqVPrGQlohynp_g=s160-c-k-c0x00ffffff-no-rj","https://yt3.googleusercontent.com/TTymlnY_1y3b-Fhq3uQLigjMub_fc52Sh6_qJ-DLhyKQ1YUrGRFCOv2t4o3JR3Jf6w1VUm3urA=w2560-fcrop64=1,00005a57ffffa5a8-k-c0xffffffff-no-nd-rj","Every day, there are new videos! Let's subscribe!","Website","https://tokodeeres.com/","Shopee","https://shopee.co.id/tokder","Tokopedia","https://www.tokopedia.com/tokder","Whatsapp","https://wa.me/6281291099109","UC1wIvd8HotnZe0KENzHj2kQ","Mar 8, 2018","Indonesia","Tokder","2777","27512186","https://www.youtube.com/channel/UC1wIvd8HotnZe0KENzHj2kQ",,"2","false","2024-08-24T11:00:30.000Z","0:00","https://www.youtube.com/watch?v=KGdVuqbxcBM&t=0s","0:53","https://www.youtube.com/watch?v=KGdVuqbxcBM&t=53s","1:57","https://www.youtube.com/watch?v=KGdVuqbxcBM&t=117s","2:57","https://www.youtube.com/watch?v=KGdVuqbxcBM&t=177s","3:53","https://www.youtube.com/watch?v=KGdVuqbxcBM&t=233s","https://s.shopee.co.id/A9xZYh71tp","https://s.shopee.co.id/A9xZYh71tp","https://s.shopee.co.id/4pw3GeqHTS","https://s.shopee.co.id/4pw3GeqHTS","https://s.shopee.co.id/LTf7RxJwG","https://s.shopee.co.id/LTf7RxJwG","https://s.shopee.co.id/6V4IQg4lN8","https://s.shopee.co.id/6V4IQg4lN8","https://s.shopee.co.id/3fk75PJnsZ","https://s.shopee.co.id/3fk75PJnsZ","https://tokodeeres.com/","https://tokodeeres.com/",,,,,,,,,,,"00:06:01","https://www.youtube.com/@tokder-tv/videos","KGdVuqbxcBM","https://www.youtube.com/@tokder-tv/videos","false","false",,"28","TOKO DEERES","97900",,"0:00 Opening
0:53 Maruyung
1:57 Kresna
2:57 Bhaskara
3:53 Taruna
4:44Ponirun

Link produk:
Benih Maruyung: https://s.shopee.co.id/A9xZYh71tp 
Benih Kresna : https://s.shopee.co.id/4pw3GeqHTS 
Benih Bhaskara: https://s.shopee.co.id/LTf7RxJwG 
Benih Taruna: https://s.shopee.co.id/6V4IQg4lN8 
Benih Ponirun: https://s.shopee.co.id/3fk75PJnsZ 

Kritik dan Saran
Wa 0812 - 9109 - 9109
https://tokodeeres.com/


Ciri buah yang merunduk dan buahnya dominan rangkap 2 
benih bhaskara 
toleran virus dan penyakit serta tahan terhadap kekeringan 
benih ponirun 
cabe rawit putih kaya akan kandungan capsaicin 
Benih Maruyung
varietas cabe rawit putih 
keunggulannya adalah memiliki potensi hasil tinggi dan umur genjah","https://i.ytimg.com/vi/KGdVuqbxcBM/hqdefault.jpg","Rekomendasi Varietas Cabe Rawit Putih Buah Lebat","video","https://www.youtube.com/watch?v=KGdVuqbxcBM","1631"
"https://yt3.googleusercontent.com/t56EZveYFbzejXlNgJL4S__j3F7Ced8Hjfr0cdl-zXZQjuyx-tPvR2p7yqLQqVPrGQlohynp_g=s160-c-k-c0x00ffffff-no-rj","https://yt3.googleusercontent.com/TTymlnY_1y3b-Fhq3uQLigjMub_fc52Sh6_qJ-DLhyKQ1YUrGRFCOv2t4o3JR3Jf6w1VUm3urA=w2560-fcrop64=1,00005a57ffffa5a8-k-c0xffffffff-no-nd-rj","Every day, there are new videos! Let's subscribe!","Website","https://tokodeeres.com/","Shopee","https://shopee.co.id/tokder","Tokopedia","https://www.tokopedia.com/tokder","Whatsapp","https://wa.me/6281291099109","UC1wIvd8HotnZe0KENzHj2kQ","Mar 8, 2018","Indonesia","Tokder","2777","27512186","https://www.youtube.com/channel/UC1wIvd8HotnZe0KENzHj2kQ",,"5","false","2024-08-20T11:00:30.000Z","0:00","https://www.youtube.com/watch?v=PpIMNC-0-1g&t=0s","0:43","https://www.youtube.com/watch?v=PpIMNC-0-1g&t=43s","2:24","https://www.youtube.com/watch?v=PpIMNC-0-1g&t=144s","4:19","https://www.youtube.com/watch?v=PpIMNC-0-1g&t=259s","https://s.shopee.co.id/50FUd0XUzH","https://s.shopee.co.id/50FUd0XUzH","https://s.shopee.co.id/5VBlHdvY2r","https://s.shopee.co.id/5VBlHdvY2r","https://s.shopee.co.id/5fVBTwuuhu","https://s.shopee.co.id/5fVBTwuuhu","https://s.shopee.co.id/5pobgFuHMx","https://s.shopee.co.id/5pobgFuHMx","https://tokodeeres.com/","https://tokodeeres.com/",,,,,,,,,,,,,,,"00:05:20","https://www.youtube.com/@tokder-tv/videos","PpIMNC-0-1g","https://www.youtube.com/@tokder-tv/videos","false","false",,"49","TOKO DEERES","97900",,"0:00 Opening
0:43 Kutu Kebul
2:24 Kutu Daun
4:19 Campuran

Link Produk:
Insektisida Actara https://s.shopee.co.id/50FUd0XUzH 
Insektisida Movento https://s.shopee.co.id/5VBlHdvY2r  
Insektisida Alika https://s.shopee.co.id/5fVBTwuuhu  
Insektisida Avidor https://s.shopee.co.id/5pobgFuHMx  

Kritik dan Saran
Wa 0812 - 9109 - 9109
https://tokodeeres.com/

Jamur jelaga menghalangi sinar matahari dalam proses fotosintesis 
Insektisida alika 
Insektisida movento 
Kenali dan Atasi Hama Kutu Tanaman Cabe 
Campuran bahan aktif insektisida
Menanam cabe di musim kemarau 
Insektisida actara
Kutu daun 
Rotasi bahan aktif insektisida agar terhindar dari resistensi
Kutu kebul","https://i.ytimg.com/vi/PpIMNC-0-1g/maxresdefault.jpg","Kenali dan Atasi Hama Kutu Tanaman Cabe","video","https://www.youtube.com/watch?v=PpIMNC-0-1g","2370"
