﻿"author","authorIsChannelOwner","channelId","channelName","channelUrl","cid","comment","comments","commentsCount","commentsTurnedOff","date","descriptionLinks/0/text","descriptionLinks/0/url","descriptionLinks/1/text","descriptionLinks/1/url","duration","hasCreatorHeart","id","isMonetized","likes","location","numberOfSubscribers","pageUrl","publishedTimeText","replyCount","replyToCid","subtitles","text","thumbnailUrl","title","type","url","videoId","viewCount","voteCount"
,,"UC1wIvd8HotnZe0KENzHj2kQ","Tokder","https://www.youtube.com/@tokder-tv",,,,"0","false","2024-08-28T11:00:15.000Z","0:00","https://www.youtube.com/watch?v=EJEiR38RD5k&t=0s","https://tokodeeres.com/","https://tokodeeres.com/","00:05:06",,"EJEiR38RD5k",,"15","TOKO DEERES","97900",,,,,,"0:00 Opening
Kandungan Capsaicin
Cara meningkatkan rasa pedas
Memilih jenis cabe 
Lingkungan tumbuh terkendali
Panen tepat waktu
Membuat tanaman stres
Meningkatkan nitrogen

Kritik dan Saran
Wa 0812 - 9109 - 9109
https://tokodeeres.com/

Capsaicin meningkat seiring dengan pematangan buah cabe 
Meningkatkan kandungan capsaicin dalam cabe 
Kandungan capsaicin dalam cabe 
Cara meningkatkan kandungan capsaicin dalam cabe 
Panen tepat waktu 
Kandungan capsaicin cabe 
Manfaat capsaicin 
Tanaman stress air
Varietas cabe pedas
Meningkatkan nitrogen","https://i.ytimg.com/vi/EJEiR38RD5k/hqdefault.jpg","Tanaman Cabe Stress Bisa Meningkatkan Rasa Pedas Buah Cabe","video","https://www.youtube.com/watch?v=EJEiR38RD5k",,"783",
"@vitriyanti1712","false",,,,"Ugy4EZG0JXOxabjyJzB4AaABAg","BANG MAU TANYA PUPUK SP, DI CAMPUR NPK 16,16 UMUR CABE 30 HST BOLEH KAH DOSIS NYA BERAPA OM",,"11",,,,,,,,"false",,,,,,"https://www.youtube.com/watch?v=k-N__NqcgWE","9 days ago","1",,,,,"TERBARU! Dosis Campuran Pupuk MKP dan KNO3 Putih","comment",,"k-N__NqcgWE",,"0"
"@ThomasArdiyansyah","false",,,,"UgyZEdMus-7uUAiSk694AaABAg","Bahas astonish kak",,"11",,,,,,,,"false",,,,,,"https://www.youtube.com/watch?v=k-N__NqcgWE","13 days ago","1",,,,,"TERBARU! Dosis Campuran Pupuk MKP dan KNO3 Putih","comment",,"k-N__NqcgWE",,"0"
"@Zainudin-op9ot","false",,,,"UgzkOQoUBbD2bfof6lV4AaABAg","Brapa bos takaran untuk durian lokal yg usianya +- 40 thn",,"11",,,,,,,,"false",,,,,,"https://www.youtube.com/watch?v=k-N__NqcgWE","2 weeks ago","0",,,,,"TERBARU! Dosis Campuran Pupuk MKP dan KNO3 Putih","comment",,"k-N__NqcgWE",,"0"
"@Garra28","false",,,,"Ugw9YeXyHFg1bJzSbKx4AaABAg","Hadir boss maaaf mau nanya diluar topik vidio ini,Fungisida score dicampur dithane bsa gk bos",,"11",,,,,,,,"false",,,,,,"https://www.youtube.com/watch?v=k-N__NqcgWE","2 weeks ago","0",,,,,"TERBARU! Dosis Campuran Pupuk MKP dan KNO3 Putih","comment",,"k-N__NqcgWE",,"0"
"@radenmasmujiib9166","false",,,,"UgwGYst3FtLuvE9twcV4AaABAg","Siang mas,. maaf mau nanya ,. dinamo tangki elektrik yg PALING bagus merek apa saya mau order",,"11",,,,,,,,"false",,,,,,"https://www.youtube.com/watch?v=k-N__NqcgWE","2 weeks ago","0",,,,,"TERBARU! Dosis Campuran Pupuk MKP dan KNO3 Putih","comment",,"k-N__NqcgWE",,"0"
"@haryantoharyanto-nl7bq","false",,,,"UgzE4QIuet9CbV8DhxZ4AaABAg","Untuk pemupukan masa generatif atau vegetatif",,"11",,,,,,,,"false",,,,,,"https://www.youtube.com/watch?v=k-N__NqcgWE","3 weeks ago","0",,,,,"TERBARU! Dosis Campuran Pupuk MKP dan KNO3 Putih","comment",,"k-N__NqcgWE",,"1"
"@filmtitialfiantirahman7248","false",,,,"UgzJhmectqLhDUDSpoF4AaABAg","Hadir, bantaeng",,"11",,,,,,,,"false",,,,,,"https://www.youtube.com/watch?v=k-N__NqcgWE","3 weeks ago","0",,,,,"TERBARU! Dosis Campuran Pupuk MKP dan KNO3 Putih","comment",,"k-N__NqcgWE",,"0"
"@FauZan-ly1ld","false",,,,"Ugy-qFyvi2KlSSqwk-B4AaABAg","Apakah mkp+kno3 putih bisa dicampur dng pestisida?",,"11",,,,,,,,"false",,,,,,"https://www.youtube.com/watch?v=k-N__NqcgWE","3 weeks ago","0",,,,,"TERBARU! Dosis Campuran Pupuk MKP dan KNO3 Putih","comment",,"k-N__NqcgWE",,"1"
"@riaagustina7114","false",,,,"Ugxka-QrxIXxKThrHeB4AaABAg","Banyuwangi hadir.",,"11",,,,,,,,"false",,,,,,"https://www.youtube.com/watch?v=k-N__NqcgWE","3 weeks ago","0",,,,,"TERBARU! Dosis Campuran Pupuk MKP dan KNO3 Putih","comment",,"k-N__NqcgWE",,"0"
"@SuciRamadhani-t3f","false",,,,"UgwVf2FJjSEuhSf3lwh4AaABAg","Makasih ilmu nya min,garut selalu hadir",,"4",,,,,,,,"true",,,,,,"https://www.youtube.com/watch?v=hnmwyBrDIPk","1 month ago","0",,,,,"Over Dosis Pupuk? Ini Cara Mengatasinya","comment",,"hnmwyBrDIPk",,"0"
"@Petanimuda-d8w","false",,,,"Ugy5CFfefSau9VCdLPx4AaABAg","Nyimak bang salam kenal bang salam support 👍🙏",,"4",,,,,,,,"true",,,,,,"https://www.youtube.com/watch?v=hnmwyBrDIPk","1 month ago","0",,,,,"Over Dosis Pupuk? Ini Cara Mengatasinya","comment",,"hnmwyBrDIPk",,"0"
"@adipz7875","false",,,,"UgxfF7JkIfgMiKTQYR14AaABAg","Kirain kena TRIPS min 😅 makasih min",,"4",,,,,,,,"false",,,,,,"https://www.youtube.com/watch?v=hnmwyBrDIPk","1 month ago","0",,,,,"Over Dosis Pupuk? Ini Cara Mengatasinya","comment",,"hnmwyBrDIPk",,"0"
"@PETANI_OMON_OMON","false",,,,"Ugy_NxATuqSrm_KwC2Z4AaABAg","😂 punya saya 3 minggu yg lalu udah kena over dosis

Karena tabur pupuk granul di tanam besoknya saya airu penuh selang 3 hari langsung menguning daunya kaya berkarat semua 

Saya langsung kocor kalsium setiap hari 3 x...
Lalu saya airi lagi penuh..
 Alhamdulilah pulih hijau kembali

😂 Untung lansgung caru tau di youtube ...",,"4",,,,,,,,"false",,,,,,"https://www.youtube.com/watch?v=hnmwyBrDIPk","1 month ago","0",,,,,"Over Dosis Pupuk? Ini Cara Mengatasinya","comment",,"hnmwyBrDIPk",,"0"
"@kaharjail8911","false",,,,"Ugza3HT9FfV2_dyuQpx4AaABAg","Di takalar sulawesi selatan harga turung jurangan 10 perkilo",,"11",,,,,,,,"false",,,,,,"https://www.youtube.com/watch?v=j8KLF9ZKP3I","1 month ago","0",,,,,"Hasil Panen Melimpah Saat Harga Cabe Melambung Tinggi!!","comment",,"j8KLF9ZKP3I",,"0"
"@Nabhani-ms1zf","false",,,,"Ugxmu6LqJ5H32vfxriN4AaABAg","Dipulau jawa harga pangan murah, nanamnya susah gak semudah yang dibayangkan, mulai dari hama copet padi disawah, copet cabe dikebun dll, sekarang bukan hama serangga melainkan orang. Gak kaya dulu aman, sekarang kagak aman.",,"11",,,,,,,,"false",,,,,,"https://www.youtube.com/watch?v=j8KLF9ZKP3I","1 month ago (edited)","0",,,,,"Hasil Panen Melimpah Saat Harga Cabe Melambung Tinggi!!","comment",,"j8KLF9ZKP3I",,"0"
"@edypurwanto1145","false",,,,"UgxaIVEziGuqU9v9PGJ4AaABAg","Pasti Pedas rasanya",,"11",,,,,,,,"false",,,,,,"https://www.youtube.com/watch?v=j8KLF9ZKP3I","1 month ago","0",,,,,"Hasil Panen Melimpah Saat Harga Cabe Melambung Tinggi!!","comment",,"j8KLF9ZKP3I",,"0"
"@pairushabil","false",,,,"UgxTgqwpZ997QGMUb214AaABAg","min exgro di kocor apa di spray?",,"11",,,,,,,,"false",,,,,,"https://www.youtube.com/watch?v=j8KLF9ZKP3I","1 month ago","0",,,,,"Hasil Panen Melimpah Saat Harga Cabe Melambung Tinggi!!","comment",,"j8KLF9ZKP3I",,"0"
"@kusnadikusnadi-f6n","false",,,,"UgwOxbqKP243jBVWJYp4AaABAg","Bandung 20 rb",,"11",,,,,,,,"false",,,,,,"https://www.youtube.com/watch?v=j8KLF9ZKP3I","1 month ago","0",,,,,"Hasil Panen Melimpah Saat Harga Cabe Melambung Tinggi!!","comment",,"j8KLF9ZKP3I",,"0"
"@arsyilarsyil9654","false",,,,"UgzIUambmXw_jzCfPC94AaABAg","Bertani di luar jawa, lahan murah, harga lebih mahal, ongkos buruh lebih murah....!! 
Jadi potensi sukses lebih besar di banding di jawa.....",,"11",,,,,,,,"false",,,,,,"https://www.youtube.com/watch?v=j8KLF9ZKP3I","1 month ago","0",,,,,"Hasil Panen Melimpah Saat Harga Cabe Melambung Tinggi!!","comment",,"j8KLF9ZKP3I",,"0"
"@danangys8712","false",,,,"Ugw96VnjHpm5hw5DjwB4AaABAg","30 RB/kg",,"11",,,,,,,,"false",,,,,,"https://www.youtube.com/watch?v=j8KLF9ZKP3I","1 month ago","0",,,,,"Hasil Panen Melimpah Saat Harga Cabe Melambung Tinggi!!","comment",,"j8KLF9ZKP3I",,"0"
"@IlhamDirgatama","false",,,,"UgwI3Jiy6xJEhdORegR4AaABAg","lampung timur 40-45 dari petani 😊",,"11",,,,,,,,"false",,,,,,"https://www.youtube.com/watch?v=j8KLF9ZKP3I","1 month ago","0",,,,,"Hasil Panen Melimpah Saat Harga Cabe Melambung Tinggi!!","comment",,"j8KLF9ZKP3I",,"0"
"@AdamPorang","false",,,,"UgyYDr3mZBF1gqFZoOJ4AaABAg","Blangkejeren, Gayo Lues Aceh harga 40rb hari ini 😊",,"11",,,,,,,,"false",,,,,,"https://www.youtube.com/watch?v=j8KLF9ZKP3I","1 month ago","0",,,,,"Hasil Panen Melimpah Saat Harga Cabe Melambung Tinggi!!","comment",,"j8KLF9ZKP3I",,"0"
"@wasisgunarsa1374","false",,,,"UgwTPlxnY56UBfYKMRR4AaABAg","Di klaten masih  45 Bose",,"11",,,,,,,,"false",,,,,,"https://www.youtube.com/watch?v=j8KLF9ZKP3I","1 month ago","0",,,,,"Hasil Panen Melimpah Saat Harga Cabe Melambung Tinggi!!","comment",,"j8KLF9ZKP3I",,"1"
"@mbahkadar6954","false",,,,"UgxfZ9iXo15Uq6QhPiF4AaABAg","Harga standar mase di magelang petani jual 27rbu/kg untk cabe rawit ori",,"11",,,,,,,,"false",,,,,,"https://www.youtube.com/watch?v=j8KLF9ZKP3I","1 month ago","0",,,,,"Hasil Panen Melimpah Saat Harga Cabe Melambung Tinggi!!","comment",,"j8KLF9ZKP3I",,"1"
"@kawuloalit7449","false",,,,"Ugw0DulxkMFg-XhJq9Z4AaABAg","Tanya min, apa efeknya jika insektisida pegasus saat di gunakan dengan dosis 1 m/l? Apa bisa membuat cabai justru jadi keriting khususnya pas cuaca panas seperti saat ini, terimakasih",,"15",,,,,,,,"false",,,,,,"https://www.youtube.com/watch?v=U1GjP6URbUE","1 month ago","0",,,,,"Cara Ampuh Mengatasi Hama Musim Kemarau Tanaman Cabe","comment",,"U1GjP6URbUE",,"0"
"@dhhedefey9460","false",,,,"UgyOMFJcSvCiJ8sZ5at4AaABAg","Minn,semua insek atau akarisida udah di coba,tapi salah satu jenis kutu daun itu gak mati min,gimana caranya min,tolong di jawab🙏",,"15",,,,,,,,"false",,,,,,"https://www.youtube.com/watch?v=U1GjP6URbUE","1 month ago","1",,,,,"Cara Ampuh Mengatasi Hama Musim Kemarau Tanaman Cabe","comment",,"U1GjP6URbUE",,"0"
"@lindahyuliana4250","false",,,,"UgzO18U7gUdYpbSbIZF4AaABAg","Yang lagi ramai di budidaya bawangmerah adnya hama gurem min lebih ke hama trips",,"15",,,,,,,,"false",,,,,,"https://www.youtube.com/watch?v=U1GjP6URbUE","1 month ago","0",,,,,"Cara Ampuh Mengatasi Hama Musim Kemarau Tanaman Cabe","comment",,"U1GjP6URbUE",,"0"
"@rudihilman1926","false",,,,"UgygYwp2rsXXrRLcU4V4AaABAg","Mohon di jawab gan..
Bagaimana jika setiap kali spray insektisida ganti bahan aktif misal hari ini pakai marshal 3,hari berikutnya pakai demolis 3,hari lagi ganti lagi plenum misalnya..",,"15",,,,,,,,"true",,,,,,"https://www.youtube.com/watch?v=U1GjP6URbUE","1 month ago","5",,,,,"Cara Ampuh Mengatasi Hama Musim Kemarau Tanaman Cabe","comment",,"U1GjP6URbUE",,"1"
"@siYS111","false",,,,"Ugzxv0TpSk5yt_ihomN4AaABAg","Ini tadi 1minggu 3x spray ya? (2hari sekali ya?)",,"15",,,,,,,,"false",,,,,,"https://www.youtube.com/watch?v=U1GjP6URbUE","1 month ago","0",,,,,"Cara Ampuh Mengatasi Hama Musim Kemarau Tanaman Cabe","comment",,"U1GjP6URbUE",,"0"
"@sbobet3928","false",,,,"UgyGVnPAeWva2kzyknF4AaABAg","Bahas cara basmi kutu kebul yg paling efektif min",,"15",,,,,,,,"false",,,,,,"https://www.youtube.com/watch?v=U1GjP6URbUE","1 month ago","3",,,,,"Cara Ampuh Mengatasi Hama Musim Kemarau Tanaman Cabe","comment",,"U1GjP6URbUE",,"3"
"@tokder-tv","true",,,,"Ugy4EZG0JXOxabjyJzB4AaABAg.A8j2rxOKLDsA8vUkN21Omi","boleh, 
silahkan bisa simak video ini
https://www.youtube.com/watch?v=5tUWH0jXtGU&t=1s
https://www.youtube.com/watch?v=gofUWNKphwk",,"11",,,,,,,,"false",,,,,,"https://www.youtube.com/watch?v=k-N__NqcgWE","4 days ago","0","Ugy4EZG0JXOxabjyJzB4AaABAg",,,,"TERBARU! Dosis Campuran Pupuk MKP dan KNO3 Putih","reply",,"k-N__NqcgWE",,"0"
"@Userr132","false",,,,"UgyOMFJcSvCiJ8sZ5at4AaABAg.A6yRQ4HoSYuA7DvBLIXPvv","Kalo jenis akarisida hama jenis kutu tdk mati coba pake obat ulat om.. Di daerah ku blitar akarisida sudah tdk mempan untuk musim tahun ini.. Semua beralih pake obat ulat.. Endure, vayego, cymegra, indosa... Pilih salah 1 atau pake endure mix imida",,"15",,,,,,,,"false",,,,,,"https://www.youtube.com/watch?v=U1GjP6URbUE","1 month ago","0","UgyOMFJcSvCiJ8sZ5at4AaABAg",,,,"Cara Ampuh Mengatasi Hama Musim Kemarau Tanaman Cabe","reply",,"U1GjP6URbUE",,"1"
"@JovianMahendra-m5o","false",,,,"UgxWplsV67PzwVkk8CB4AaABAg","Bahas tentang perekat axer min.. apakah bisa utk pupuk daun ?",,"8",,,,,,,,"false",,,,,,"https://www.youtube.com/watch?v=1iRu9odb1bI","3 weeks ago","0",,,,,"4 Perata Perekat Penembus Dosis Rendah","comment",,"1iRu9odb1bI",,"0"
"@sesikhodijah6911","false",,,,"UgzxHxm7xEGnigE64jJ4AaABAg","Paling jos mas oil mas",,"8",,,,,,,,"false",,,,,,"https://www.youtube.com/watch?v=1iRu9odb1bI","1 month ago","0",,,,,"4 Perata Perekat Penembus Dosis Rendah","comment",,"1iRu9odb1bI",,"0"
"@lanusiachanel","false",,,,"UgwJs-UtiFLh1XmNlul4AaABAg","Kalau tanaman sawi, kangkung dan bayam kalau pakai perekat berbahaya tidak Bang",,"8",,,,,,,,"false",,,,,,"https://www.youtube.com/watch?v=1iRu9odb1bI","1 month ago","0",,,,,"4 Perata Perekat Penembus Dosis Rendah","comment",,"1iRu9odb1bI",,"0"
"@nopriganarendra7570","false",,,,"Ugw71GkBgyq_T-wVc8R4AaABAg","Kover wp itu udh termasuk perekat juga ga juragan?",,"8",,,,,,,,"false",,,,,,"https://www.youtube.com/watch?v=1iRu9odb1bI","1 month ago","0",,,,,"4 Perata Perekat Penembus Dosis Rendah","comment",,"1iRu9odb1bI",,"0"
"@VirdaAvida","false",,,,"Ugz5i0M4m1SUsvKe-yh4AaABAg","bombastic ga masuk kahh itu menurut saya bagus.. soal nya sering pake klo musih hujan atupun musim kemarau.",,"8",,,,,,,,"false",,,,,,"https://www.youtube.com/watch?v=1iRu9odb1bI","1 month ago","0",,,,,"4 Perata Perekat Penembus Dosis Rendah","comment",,"1iRu9odb1bI",,"0"
"@MuhammadSuhaimi-p7k","false",,,,"Ugwavg9pLpIFseOQwMF4AaABAg","Bang besmor di paket anti gulma bisa gak untuk cabe",,"8",,,,,,,,"false",,,,,,"https://www.youtube.com/watch?v=1iRu9odb1bI","1 month ago","0",,,,,"4 Perata Perekat Penembus Dosis Rendah","comment",,"1iRu9odb1bI",,"0"
"@muhammadradhialfachrizi-uu1rn","false",,,,"UgzrO-_w4yXSwwAz3Vl4AaABAg","untuk yg sistemik apa perlu perekat perata penembus juga?",,"8",,,,,,,,"false",,,,,,"https://www.youtube.com/watch?v=1iRu9odb1bI","1 month ago","1",,,,,"4 Perata Perekat Penembus Dosis Rendah","comment",,"1iRu9odb1bI",,"1"
"@tokder-tv","true",,,,"UgyZEdMus-7uUAiSk694AaABAg.A8ZwBzaGjFsA8asuFKbl1D","sudah ada, 
https://www.youtube.com/watch?v=TB21gax7PDg&t=1s",,"11",,,,,,,,"false",,,,,,"https://www.youtube.com/watch?v=k-N__NqcgWE","12 days ago","0","UgyZEdMus-7uUAiSk694AaABAg",,,,"TERBARU! Dosis Campuran Pupuk MKP dan KNO3 Putih","reply",,"k-N__NqcgWE",,"0"
"@nalaimupsikma","false",,,,"UgxfU7Z-M3rngPQXtEN4AaABAg","Kalo cabe umur 3 bulan belum berbunga kenapa ya? Pupuk organik cair buah sudah dipakai dipohon mangga indramayu berbunga lebat dipakai ke cabai engga berbunga, saya kasih mkp + npk pak tani biru masih engga mau juga.",,"4",,,,,,,,"false",,,,,,"https://www.youtube.com/watch?v=AyrljC-N_nQ","1 month ago","0",,,,,"Campuran Pupuk Bunga Cabe Anti Rontok","comment",,"AyrljC-N_nQ",,"0"
"@YanaMegantara","false",,,,"UgyNX46TbFm1qrwmvdZ4AaABAg","Pak tolong info nya benih cabe bianca f1 cap russa. Masih ada ga. Atau ga di jual lagi.",,"4",,,,,,,,"false",,,,,,"https://www.youtube.com/watch?v=AyrljC-N_nQ","1 month ago","0",,,,,"Campuran Pupuk Bunga Cabe Anti Rontok","comment",,"AyrljC-N_nQ",,"0"
"@omanobet9023","false",,,,"Ugz-nZvBbKzW10ovU4l4AaABAg","NPK 16 bisa di ganti NPK Grower ga juragan, tolong di jawab",,"4",,,,,,,,"false",,,,,,"https://www.youtube.com/watch?v=AyrljC-N_nQ","1 month ago","0",,,,,"Campuran Pupuk Bunga Cabe Anti Rontok","comment",,"AyrljC-N_nQ",,"0"
"@نصراللهنوردين","false",,,,"UgzbfQJkKDhfRsaYVqJ4AaABAg","Apakah boleh kalsium di campur dengan kalium..?misalnya karate unsur haranya nitrat da boron sedangkan npk dan mkp ada kalium nya....?mohon pencerahan nya..?",,"4",,,,,,,,"false",,,,,,"https://www.youtube.com/watch?v=AyrljC-N_nQ","1 month ago","0",,,,,"Campuran Pupuk Bunga Cabe Anti Rontok","comment",,"AyrljC-N_nQ",,"0"
"@tokder-tv","true",,,,"UgygYwp2rsXXrRLcU4V4AaABAg.A6uadJj3YDQA6xRIwB7fyc","ribet gak?",,"15",,,,,,,,"false",,,,,,"https://www.youtube.com/watch?v=U1GjP6URbUE","1 month ago","0","UgygYwp2rsXXrRLcU4V4AaABAg",,,,"Cara Ampuh Mengatasi Hama Musim Kemarau Tanaman Cabe","reply",,"U1GjP6URbUE",,"1"
"@rudihilman1926","false",,,,"UgygYwp2rsXXrRLcU4V4AaABAg.A6uadJj3YDQA6y9_Wxix2z"," @tokder-tv  kadang kalo belanja insek 1x beli 3 sd 5 macam 1x misalnya demolish 1x aplikasi habis tinggal marshal dan alika itupun sama kalo di pake 1x sprai juga habis karna lahan lumayan luas 
Apakah epektif gan cara seperti ini",,"15",,,,,,,,"false",,,,,,"https://www.youtube.com/watch?v=U1GjP6URbUE","1 month ago","0","UgygYwp2rsXXrRLcU4V4AaABAg",,,,"Cara Ampuh Mengatasi Hama Musim Kemarau Tanaman Cabe","reply",,"U1GjP6URbUE",,"0"
"@rudihilman1926","false",,,,"UgygYwp2rsXXrRLcU4V4AaABAg.A6uadJj3YDQA6y9bO3GiED"," @tokder-tv  kadang kalo belanja insek 1x beli 3 sd 5 macam 1x misalnya demolish 1x aplikasi habis tinggal marshal dan alika itupun sama kalo di pake 1x sprai juga habis karna lahan lumayan luas 
Apakah epektif gan cara seperti ini",,"15",,,,,,,,"false",,,,,,"https://www.youtube.com/watch?v=U1GjP6URbUE","1 month ago","0","UgygYwp2rsXXrRLcU4V4AaABAg",,,,"Cara Ampuh Mengatasi Hama Musim Kemarau Tanaman Cabe","reply",,"U1GjP6URbUE",,"0"
"@ikhwanul.mukminin778","false",,,,"UgygYwp2rsXXrRLcU4V4AaABAg.A6uadJj3YDQA7A2uc6_RWD"," @rudihilman1926  
Ganti² insektisida cermati juga golongan kode kerja M nya gan, asal ganti kode M,nya  insya Allah ga bakal resistan, tp sebaliknya ganti² insektisida kalo masuk satu golongan y bakal resistan",,"15",,,,,,,,"false",,,,,,"https://www.youtube.com/watch?v=U1GjP6URbUE","1 month ago","0","UgygYwp2rsXXrRLcU4V4AaABAg",,,,"Cara Ampuh Mengatasi Hama Musim Kemarau Tanaman Cabe","reply",,"U1GjP6URbUE",,"0"
"@rudihilman1926","false",,,,"UgygYwp2rsXXrRLcU4V4AaABAg.A6uadJj3YDQA7BXl2B_ty-"," @ikhwanul.mukminin778  ok trmkasih",,"15",,,,,,,,"false",,,,,,"https://www.youtube.com/watch?v=U1GjP6URbUE","1 month ago","0","UgygYwp2rsXXrRLcU4V4AaABAg",,,,"Cara Ampuh Mengatasi Hama Musim Kemarau Tanaman Cabe","reply",,"U1GjP6URbUE",,"0"
"@prayzonofficial8538","false",,,,"UgzrO-_w4yXSwwAz3Vl4AaABAg.A7idZY3k6ZgA7sORPgQhDF"," @muhammadradhialfachrizi-uu1rn  sepertinya tidak perlu bg,kan dia sistemik,tapi kalo mau pake juga gpp",,"8",,,,,,,,"false",,,,,,"https://www.youtube.com/watch?v=1iRu9odb1bI","1 month ago","0","UgzrO-_w4yXSwwAz3Vl4AaABAg",,,,"4 Perata Perekat Penembus Dosis Rendah","reply",,"1iRu9odb1bI",,"0"
"@mbako-l7y","false",,,,"Ugwn8wkIHR1HBf1DMBh4AaABAg","tolong buatkan campuran yang tepung sistemik bang. terimakasih",,"3",,,,,,,,"false",,,,,,"https://www.youtube.com/watch?v=pClBOQWskgM","1 month ago","0",,,,,"2 Campuran Insektisida Atasi Hama Perusak Daun","comment",,"pClBOQWskgM",,"0"
"@adinet4910","false",,,,"UgzxxJiL-SWBhElxr3V4AaABAg","Terimakasih ilmunya dan infonya Bg sangat bermanfaat semoga menjadi amal jariyah abg 😊",,"3",,,,,,,,"false",,,,,,"https://www.youtube.com/watch?v=pClBOQWskgM","1 month ago","0",,,,,"2 Campuran Insektisida Atasi Hama Perusak Daun","comment",,"pClBOQWskgM",,"0"
"@SuwarnoTarigan","false",,,,"UgyPTBTtTTYNi6qvm2x4AaABAg","Apakah metomil disarankan kalo dicampur dg sipermmetrin bang .",,"3",,,,,,,,"false",,,,,,"https://www.youtube.com/watch?v=pClBOQWskgM","1 month ago","0",,,,,"2 Campuran Insektisida Atasi Hama Perusak Daun","comment",,"pClBOQWskgM",,"0"
"@ikhwanul.mukminin778","false",,,,"UgyGVnPAeWva2kzyknF4AaABAg.A6soeieUoyFA6uFsnkSBmz","Decis campur bahan aktif imidakloprit,
Itu harga yg murah²,
Yg mahal banyak",,"15",,,,,,,,"false",,,,,,"https://www.youtube.com/watch?v=U1GjP6URbUE","1 month ago","0","UgyGVnPAeWva2kzyknF4AaABAg",,,,"Cara Ampuh Mengatasi Hama Musim Kemarau Tanaman Cabe","reply",,"U1GjP6URbUE",,"0"
"@tokder-tv","true",,,,"UgyGVnPAeWva2kzyknF4AaABAg.A6soeieUoyFA6uGv0zPPAI","bisa gunakan salah satu atau beberapa produk ini gan
https://www.youtube.com/watch?v=k1yCfMYvEyE&t=4s",,"15",,,,,,,,"false",,,,,,"https://www.youtube.com/watch?v=U1GjP6URbUE","1 month ago","0","UgyGVnPAeWva2kzyknF4AaABAg",,,,"Cara Ampuh Mengatasi Hama Musim Kemarau Tanaman Cabe","reply",,"U1GjP6URbUE",,"0"
"@LancarJaya22","false",,,,"UgyGVnPAeWva2kzyknF4AaABAg.A6soeieUoyFA7A-qWXtz2a","Demolish mix samite apakah ampuh dan aman?",,"15",,,,,,,,"false",,,,,,"https://www.youtube.com/watch?v=U1GjP6URbUE","1 month ago","0","UgyGVnPAeWva2kzyknF4AaABAg",,,,"Cara Ampuh Mengatasi Hama Musim Kemarau Tanaman Cabe","reply",,"U1GjP6URbUE",,"0"
"@syariattharikat473","false",,,,"UgwipQBjHyhsahuOVIB4AaABAg","Hasil panen harga nya semakin turun dan selalu turun 🙏 Kami pastikan penjual pupuk obat insektisida akan bangrut 🆗",,"2",,,,,,,,"false",,,,,,"https://www.youtube.com/watch?v=KgjtG1thnSE","1 month ago","0",,,,,"Kombinasi Tiametoksam dan Lamda Sihalotrin Basmi Hama dalam 24 Jam","comment",,"KgjtG1thnSE",,"1"
"@BangdoVlog","false",,,,"UgxlJa11V4OsVgK53pl4AaABAg","Apa sistem kerja diametoksan 3?",,"2",,,,,,,,"false",,,,,,"https://www.youtube.com/watch?v=KgjtG1thnSE","1 month ago","0",,,,,"Kombinasi Tiametoksam dan Lamda Sihalotrin Basmi Hama dalam 24 Jam","comment",,"KgjtG1thnSE",,"0"
"@DediEnza","false",,,,"UgxXJJqf6VAni222tLJ4AaABAg","Sy bisa beli dimana bang",,"2",,,,,,,,"false",,,,,,"https://www.youtube.com/watch?v=rtgHtK746Ds","4 weeks ago","0",,,,,"Tanah Dijamin Subur! Pakai Biotron Sebagai Pengganti Asam Humat","comment",,"rtgHtK746Ds",,"0"
"@KanzulFikri-k1j","false",,,,"Ugw8ajl3OCFr7zDewSN4AaABAg","Min tolong bikin Playlist ttang cabai, pupuk / mix pupuk, pestisida dll. Biar gampang nyarinya. Makasih banyak min",,"2",,,,,,,,"true",,,,,,"https://www.youtube.com/watch?v=rtgHtK746Ds","1 month ago","0",,,,,"Tanah Dijamin Subur! Pakai Biotron Sebagai Pengganti Asam Humat","comment",,"rtgHtK746Ds",,"0"
"@rikinadia789","false",,,,"UgyRNKKZ4sMDiJyJqkR4AaABAg","Pak ada grup untuk bisa belajar tanam cabe..
Mau belajar dari 0 hari sampai panen..
Karena saya masih pemula",,"5",,,,,,,,"false",,,,,,"https://www.youtube.com/watch?v=bygbV2ZXGJA","7 days ago","1",,,,,"Pemupukan Bibit Cabe Umur 0 - 4 MSS  Dijamin 100% Sukses!","comment",,"bygbV2ZXGJA",,"0"
"@citrajayafarm1983","false",,,,"UgyDgmGirQxQkmgv6K54AaABAg","Riviu tomat bos...d tunggu..",,"5",,,,,,,,"false",,,,,,"https://www.youtube.com/watch?v=bygbV2ZXGJA","7 days ago","1",,,,,"Pemupukan Bibit Cabe Umur 0 - 4 MSS  Dijamin 100% Sukses!","comment",,"bygbV2ZXGJA",,"0"
"@kaharjail8911","false",,,,"UgzvpQ5TSNz3qBYEro94AaABAg","Kalo pake ember berapa sendok pak tolong bantuannya",,"5",,,,,,,,"false",,,,,,"https://www.youtube.com/watch?v=bygbV2ZXGJA","7 days ago","0",,,,,"Pemupukan Bibit Cabe Umur 0 - 4 MSS  Dijamin 100% Sukses!","comment",,"bygbV2ZXGJA",,"0"
"@suhayandialexander7729","false",,,,"Ugz0E9dv_9exZT6mk1d4AaABAg","Bagaimana jika yang di aplikasikan golongan azol seperti amistartop dan tridium?",,"8",,,,,,,,"false",,,,,,"https://www.youtube.com/watch?v=HOxTkwv7oZE","3 days ago","0",,,,,"Rolling 3 Bahan Aktif Atasi Karat dan Bercak Daun Cabe","comment",,"HOxTkwv7oZE",,"0"
"@rusdibae-z6s","false",,,,"UgxjEsxwWpSLhYyoFLN4AaABAg","Ganti dong tanamanya kacang panjang atau timun jgn cabe aja, ok makasih",,"8",,,,,,,,"false",,,,,,"https://www.youtube.com/watch?v=HOxTkwv7oZE","6 days ago","1",,,,,"Rolling 3 Bahan Aktif Atasi Karat dan Bercak Daun Cabe","comment",,"HOxTkwv7oZE",,"0"
"@Ricky-wy7pi","false",,,,"Ugz3wlh2ENJJoFWQSSR4AaABAg","Min insek yang ampuh atasi thrips yang mujarab apa ya",,"8",,,,,,,,"false",,,,,,"https://www.youtube.com/watch?v=HOxTkwv7oZE","7 days ago","0",,,,,"Rolling 3 Bahan Aktif Atasi Karat dan Bercak Daun Cabe","comment",,"HOxTkwv7oZE",,"0"
"@KanayaSalsabila-o4r","false",,,,"UgxHxn_0E7q9zzemlDt4AaABAg","Salam dari petani sumedang",,"8",,,,,,,,"true",,,,,,"https://www.youtube.com/watch?v=HOxTkwv7oZE","7 days ago","0",,,,,"Rolling 3 Bahan Aktif Atasi Karat dan Bercak Daun Cabe","comment",,"HOxTkwv7oZE",,"0"
"@Amekdcius","false",,,,"UgwqenSVH6kYA-ZiuL54AaABAg","Npk 16 16 16 sma ultradap bagus mna bos?",,"8",,,,,,,,"false",,,,,,"https://www.youtube.com/watch?v=HOxTkwv7oZE","8 days ago","2",,,,,"Rolling 3 Bahan Aktif Atasi Karat dan Bercak Daun Cabe","comment",,"HOxTkwv7oZE",,"1"
"@putraperanau5693","false",,,,"UgzlLmlOFmlE3sZYrz54AaABAg","Ini org gk betul info nya",,"2",,,,,,,,"false",,,,,,"https://www.youtube.com/watch?v=KGdVuqbxcBM","1 month ago","1",,,,,"Rekomendasi Varietas Cabe Rawit Putih Buah Lebat","comment",,"KGdVuqbxcBM",,"0"
"@titialfianti","false",,,,"UgxmQhD38pL8JJMylHV4AaABAg","Hadir menyimak....",,"8",,,,,,,,"false",,,,,,"https://www.youtube.com/watch?v=uGD9IvtDWzc","3 weeks ago","0",,,,,"6 Insektisida untuk Lalat Buah Cabe Paling Josss!","comment",,"uGD9IvtDWzc",,"0"
"@sendawa_channel","false",,,,"Ugx78qemBxpLdOy2k354AaABAg","Assalamualaikum masih Redi bibit bunga marigold gak",,"8",,,,,,,,"false",,,,,,"https://www.youtube.com/watch?v=uGD9IvtDWzc","3 weeks ago","0",,,,,"6 Insektisida untuk Lalat Buah Cabe Paling Josss!","comment",,"uGD9IvtDWzc",,"0"
"@pratama1405","false",,,,"Ugy_1-wZMChuZc1CXd54AaABAg","Min mau nanya tanaman cabe saya mengalami rontok bunga dan didaerah saya musim kemarau. Cara mengatasinya gimana yaa?",,"8",,,,,,,,"false",,,,,,"https://www.youtube.com/watch?v=uGD9IvtDWzc","4 weeks ago","1",,,,,"6 Insektisida untuk Lalat Buah Cabe Paling Josss!","comment",,"uGD9IvtDWzc",,"0"
"@dikasurdi-vb2ed","false",,,,"UgxKG3FEDuaSm2XSqCh4AaABAg","Menurut saya. Membuat perangkap dengan mengolesi Petrogonal sama aja bunuh diri. Bau atau aromanya bukan mengusir tapi malah mengundang lalat buah semakin banyak. Ada sih yang masuk perangkap. Tapi lebih banyak yang singgah atau hinggap di pohon cabe.",,"8",,,,,,,,"false",,,,,,"https://www.youtube.com/watch?v=uGD9IvtDWzc","1 month ago","1",,,,,"6 Insektisida untuk Lalat Buah Cabe Paling Josss!","comment",,"uGD9IvtDWzc",,"1"
"@adliefadila6555","false",,,,"Ugx0TT06LFjcrpkZhjZ4AaABAg","ntb hadir",,"8",,,,,,,,"false",,,,,,"https://www.youtube.com/watch?v=uGD9IvtDWzc","1 month ago","0",,,,,"6 Insektisida untuk Lalat Buah Cabe Paling Josss!","comment",,"uGD9IvtDWzc",,"0"
"@AndriAnsyah-xc7ey","false",,,,"UgzATqg7jOZ39gR-6tx4AaABAg","Pertama👆",,"8",,,,,,,,"false",,,,,,"https://www.youtube.com/watch?v=uGD9IvtDWzc","1 month ago","0",,,,,"6 Insektisida untuk Lalat Buah Cabe Paling Josss!","comment",,"uGD9IvtDWzc",,"1"
"@tokder-tv","true",,,,"UgyRNKKZ4sMDiJyJqkR4AaABAg.A8o9aZP05nNA8vRSpEXeMB","ada gan, bisa join grup member WA ya,. 
caranya buka beranda channel ini, nnti tinggal join saja gan,.",,"5",,,,,,,,"false",,,,,,"https://www.youtube.com/watch?v=bygbV2ZXGJA","5 days ago","0","UgyRNKKZ4sMDiJyJqkR4AaABAg",,,,"Pemupukan Bibit Cabe Umur 0 - 4 MSS  Dijamin 100% Sukses!","reply",,"bygbV2ZXGJA",,"0"
"@DedyAgusTriwinarto","false",,,,"UgzlLmlOFmlE3sZYrz54AaABAg.A7Ww01GxjsmA7eTGhvTuk8","Cuma bakul kok bang..",,"2",,,,,,,,"false",,,,,,"https://www.youtube.com/watch?v=KGdVuqbxcBM","1 month ago","0","UgzlLmlOFmlE3sZYrz54AaABAg",,,,"Rekomendasi Varietas Cabe Rawit Putih Buah Lebat","reply",,"KGdVuqbxcBM",,"0"
"@tokder-tv","true",,,,"Ugy_1-wZMChuZc1CXd54AaABAg.A7vWCN4XrEGA7xJ1_uHgl8","silahkan bisa simak dulu video ini ya gan
https://www.youtube.com/watch?v=DkhssFS_VOs&t=45s",,"8",,,,,,,,"false",,,,,,"https://www.youtube.com/watch?v=uGD9IvtDWzc","4 weeks ago","0","Ugy_1-wZMChuZc1CXd54AaABAg",,,,"6 Insektisida untuk Lalat Buah Cabe Paling Josss!","reply",,"uGD9IvtDWzc",,"0"
"@tokder-tv","true",,,,"UgyDgmGirQxQkmgv6K54AaABAg.A8o988rnHZdA8vRccoPvnx","ini tomat gan,.
https://www.youtube.com/watch?v=HZ3oTa9vz1Q&t=1s

https://www.youtube.com/watch?v=gM2zvKrfVo8&t=14s
https://www.youtube.com/watch?v=VedC5gVMb8c&t=18s",,"5",,,,,,,,"false",,,,,,"https://www.youtube.com/watch?v=bygbV2ZXGJA","5 days ago","0","UgyDgmGirQxQkmgv6K54AaABAg",,,,"Pemupukan Bibit Cabe Umur 0 - 4 MSS  Dijamin 100% Sukses!","reply",,"bygbV2ZXGJA",,"0"
"@mamakalan2704","false",,,,"UgxjEsxwWpSLhYyoFLN4AaABAg.A8qsjlV3MgIA8tbdBS5I-w"," @rusdibae-z6s  kayak nya ini di daerah susah air",,"8",,,,,,,,"false",,,,,,"https://www.youtube.com/watch?v=HOxTkwv7oZE","5 days ago","0","UgxjEsxwWpSLhYyoFLN4AaABAg",,,,"Rolling 3 Bahan Aktif Atasi Karat dan Bercak Daun Cabe","reply",,"HOxTkwv7oZE",,"0"
"@LeOnchanel-fi3hy","false",,,,"UgxKG3FEDuaSm2XSqCh4AaABAg.A7tH4NpR7MhA8-ynRx-dfI","Betul bang",,"8",,,,,,,,"false",,,,,,"https://www.youtube.com/watch?v=uGD9IvtDWzc","3 weeks ago","0","UgxKG3FEDuaSm2XSqCh4AaABAg",,,,"6 Insektisida untuk Lalat Buah Cabe Paling Josss!","reply",,"uGD9IvtDWzc",,"0"
"@tokder-tv","true",,,,"UgwqenSVH6kYA-ZiuL54AaABAg.A8nXnD3dfJdA8vTbYf_yqY","buat apa dulu?
kandungannya beda soalnya, Ultradap hanya mengandung P dan N,
NPK 16-16-16, lengkap ada N,P dan K",,"8",,,,,,,,"false",,,,,,"https://www.youtube.com/watch?v=HOxTkwv7oZE","4 days ago","0","UgwqenSVH6kYA-ZiuL54AaABAg",,,,"Rolling 3 Bahan Aktif Atasi Karat dan Bercak Daun Cabe","reply",,"HOxTkwv7oZE",,"0"
"@Amekdcius","false",,,,"UgwqenSVH6kYA-ZiuL54AaABAg.A8nXnD3dfJdA8vV9m1qhhc"," @tokder-tv  seandainya kita mlih slah satu dri ppuk trsebut slma msa vgetatif,bgus mna bos buat cabe rawit?",,"8",,,,,,,,"false",,,,,,"https://www.youtube.com/watch?v=HOxTkwv7oZE","4 days ago (edited)","0","UgwqenSVH6kYA-ZiuL54AaABAg",,,,"Rolling 3 Bahan Aktif Atasi Karat dan Bercak Daun Cabe","reply",,"HOxTkwv7oZE",,"0"
"@normthedev","false",,,,"Ugx9bcfO8Y4xL8Q5dFp4AaABAg","gan yg bener campur alika sama actara.. itu 2-2nya ada tiametoksam nya 😅😅",,"5",,,,,,,,"false",,,,,,"https://www.youtube.com/watch?v=PpIMNC-0-1g","1 month ago","0",,,,,"Kenali dan Atasi Hama Kutu Tanaman Cabe","comment",,"PpIMNC-0-1g",,"0"
"@YatniCell","false",,,,"Ugxfk7pIvOHWdJAZc2p4AaABAg","Cara milihat tungau di cabe bagai mana gan",,"5",,,,,,,,"false",,,,,,"https://www.youtube.com/watch?v=PpIMNC-0-1g","1 month ago","0",,,,,"Kenali dan Atasi Hama Kutu Tanaman Cabe","comment",,"PpIMNC-0-1g",,"0"
"@ngalaminngalamin-bn1tv","false",,,,"UgxYfbA4SsADhorJQz54AaABAg","Gak mempan bos 😅",,"5",,,,,,,,"false",,,,,,"https://www.youtube.com/watch?v=PpIMNC-0-1g","1 month ago","0",,,,,"Kenali dan Atasi Hama Kutu Tanaman Cabe","comment",,"PpIMNC-0-1g",,"0"
"@AdamPorang","false",,,,"UgxcRA8Kn3qslCXshyN4AaABAg","Apa iya 1 ml per tangki Juragan? 😊",,"5",,,,,,,,"false",,,,,,"https://www.youtube.com/watch?v=PpIMNC-0-1g","1 month ago","0",,,,,"Kenali dan Atasi Hama Kutu Tanaman Cabe","comment",,"PpIMNC-0-1g",,"0"
"@GhelsaEvidiant06","false",,,,"UgydUByVqhfrF_XCK5N4AaABAg","Bahan aktif diametoksam tidak ada juragan yang ada tiametoksam
Movento 240 sc ada
Movento 240 ec belum laouncing juragan😅😅
🙏🙏🙏🙏",,"5",,,,,,,,"false",,,,,,"https://www.youtube.com/watch?v=PpIMNC-0-1g","1 month ago","0",,,,,"Kenali dan Atasi Hama Kutu Tanaman Cabe","comment",,"PpIMNC-0-1g",,"1"
