﻿"commentUrl","commentsCount","date","facebookId","facebookUrl","feedbackId","id","inputUrl","likesCount","pageAdLibrary/id","pageAdLibrary/woodhenge_creator_info/id","pageAdLibrary/woodhenge_creator_info/viewer_active_subscription_entitlement","pageAdLibrary/woodhenge_creator_info/viewer_entrypoint_eligibility/is_eligible","parentComment/author/__typename","parentComment/author/id","parentComment/author/name","parentComment/author/short_name","parentComment/id","postTitle","profileId","profileName","profilePicture","profileUrl","replyToCommentId","text","threadingDepth"
"https://www.facebook.com/100072395977057/videos/1640914896471369/?comment_id=1770410953787414","4","2024-10-01T02:47:40.000Z","534942072262321","https://www.facebook.com/100072395977057/videos/1640914896471369/","ZmVlZGJhY2s6NTM0OTQyMDcyMjYyMzIxXzE3NzA0MTA5NTM3ODc0MTQ=","Y29tbWVudDo1MzQ5NDIwNzIyNjIzMjFfMTc3MDQxMDk1Mzc4NzQxNA==","https://www.facebook.com/100072395977057/videos/1640914896471369/","1",,,,,,,,,,"CARA MEMBUAT TOWER HIDROPONIK UNTUK MENANAM BERAGAM TANAMAN DI LAHAN TERBATAS SECARA VERTIKAL DARI AWAL PEMBUATAN SAMPAI PANEN DAN PASKA PANEN TANAMAN...","pfbid0sAo9L5XFpLc7Pu2AAauG7GEDkVY98zJmqGVfBV6wR8gF1vcMXr3AfYyoF3aZ3TKUl","Muhamad Tauhid","https://scontent-man2-1.xx.fbcdn.net/v/t39.30808-1/448733500_8091793514177911_1760658322416886504_n.jpg?stp=cp0_dst-jpg_s32x32&_nc_cat=106&ccb=1-7&_nc_sid=0ecb9b&_nc_ohc=V9aHspWNkrYQ7kNvgH_-ig_&_nc_ht=scontent-man2-1.xx&_nc_gid=AwszYVVvTPkbep70D9xC6wb&oh=00_AYD_0ozGGMsFY9Tb2IKb_tpc7ZUWQbHhPl5Wk9ogTETkNg&oe=67095FB1","https://www.facebook.com/peter.patrick.902",,"Kak tinggal di daerah mana?","0"
"https://www.facebook.com/100072395977057/videos/1640914896471369/?comment_id=3622945227851909","1","2024-10-01T05:08:57.000Z","534942072262321","https://www.facebook.com/100072395977057/videos/1640914896471369/","ZmVlZGJhY2s6NTM0OTQyMDcyMjYyMzIxXzM2MjI5NDUyMjc4NTE5MDk=","Y29tbWVudDo1MzQ5NDIwNzIyNjIzMjFfMzYyMjk0NTIyNzg1MTkwOQ==","https://www.facebook.com/100072395977057/videos/1640914896471369/","1",,,,,,,,,,"CARA MEMBUAT TOWER HIDROPONIK UNTUK MENANAM BERAGAM TANAMAN DI LAHAN TERBATAS SECARA VERTIKAL DARI AWAL PEMBUATAN SAMPAI PANEN DAN PASKA PANEN TANAMAN...","1432623629","Bekti Adi Pramono","https://scontent-man2-1.xx.fbcdn.net/v/t39.30808-1/461201106_10227096139056022_1823574886304884918_n.jpg?stp=cp0_dst-jpg_s32x32&_nc_cat=108&ccb=1-7&_nc_sid=50d2ac&_nc_ohc=t7RhLpbc6CcQ7kNvgF-Ah3d&_nc_ht=scontent-man2-1.xx&_nc_gid=AwszYVVvTPkbep70D9xC6wb&oh=00_AYANPo-1GvQrI9pRUZwK6penTAhNtXnlMZ9O1Hq301ppRA&oe=67093C1A","https://www.facebook.com/s.s.bekti",,"Mantap,sangat menginspirasi 👍","0"
"https://www.facebook.com/100072395977057/videos/1640914896471369/?comment_id=1620288805186131","5","2024-09-30T13:38:23.000Z","534942072262321","https://www.facebook.com/100072395977057/videos/1640914896471369/","ZmVlZGJhY2s6NTM0OTQyMDcyMjYyMzIxXzE2MjAyODg4MDUxODYxMzE=","Y29tbWVudDo1MzQ5NDIwNzIyNjIzMjFfMTYyMDI4ODgwNTE4NjEzMQ==","https://www.facebook.com/100072395977057/videos/1640914896471369/","1",,,,,,,,,,"CARA MEMBUAT TOWER HIDROPONIK UNTUK MENANAM BERAGAM TANAMAN DI LAHAN TERBATAS SECARA VERTIKAL DARI AWAL PEMBUATAN SAMPAI PANEN DAN PASKA PANEN TANAMAN...","100014885730313","Fendi Rahmat Efendi","https://scontent-man2-1.xx.fbcdn.net/v/t39.30808-1/461476965_1982380145601491_2117464953572240106_n.jpg?stp=c130.0.780.780a_cp0_dst-jpg_s32x32&_nc_cat=108&ccb=1-7&_nc_sid=50d2ac&_nc_ohc=AkfVQLqJIZEQ7kNvgEmOVkD&_nc_ht=scontent-man2-1.xx&_nc_gid=AwszYVVvTPkbep70D9xC6wb&oh=00_AYB_WzU5Njc0e9JmVheFeSweJ1lWP4Qv2Y5keBRoT1dR6g&oe=67095160","https://www.facebook.com/people/Fendi-Rahmat-Efendi/100014885730313/",,"Kak untuk air nutrisinya berapa hari/Minggu untuk di ganti/di tambah?  🙏","0"
"https://www.facebook.com/100072395977057/videos/1640914896471369/?comment_id=1082349436375234",,"2024-10-01T11:13:47.000Z","534942072262321","https://www.facebook.com/100072395977057/videos/1640914896471369/","ZmVlZGJhY2s6NTM0OTQyMDcyMjYyMzIxXzEwODIzNDk0MzYzNzUyMzQ=","Y29tbWVudDo1MzQ5NDIwNzIyNjIzMjFfMTA4MjM0OTQzNjM3NTIzNA==","https://www.facebook.com/100072395977057/videos/1640914896471369/","0",,,,,,,,,,"CARA MEMBUAT TOWER HIDROPONIK UNTUK MENANAM BERAGAM TANAMAN DI LAHAN TERBATAS SECARA VERTIKAL DARI AWAL PEMBUATAN SAMPAI PANEN DAN PASKA PANEN TANAMAN...","pfbid0myvSGVb4KNSg9fQtLEKTYQZcPspMZgKyWKBJTgaumsm65utFGJxaqHR3amKLX5gul","Muhammad Halim","https://scontent-man2-1.xx.fbcdn.net/v/t39.30808-1/394518638_239287262490223_3228352135707319087_n.jpg?stp=cp0_dst-jpg_s32x32&_nc_cat=108&ccb=1-7&_nc_sid=0ecb9b&_nc_ohc=KKWlwgovI-cQ7kNvgE3PjZj&_nc_ht=scontent-man2-1.xx&_nc_gid=AwszYVVvTPkbep70D9xC6wb&oh=00_AYBYz_Ho5lNu4jO4GYPbC_M1oFD-zicsO1Ew68Oz-6p4ug&oe=670946BD","https://www.facebook.com/people/Muhammad-Halim/pfbid0myvSGVb4KNSg9fQtLEKTYQZcPspMZgKyWKBJTgaumsm65utFGJxaqHR3amKLX5gul/",,"Terbaik.
Terima kasih infonya","0"
"https://www.facebook.com/100072395977057/videos/1640914896471369/?comment_id=1038789431305967",,"2024-10-01T09:36:13.000Z","534942072262321","https://www.facebook.com/100072395977057/videos/1640914896471369/","ZmVlZGJhY2s6NTM0OTQyMDcyMjYyMzIxXzEwMzg3ODk0MzEzMDU5Njc=","Y29tbWVudDo1MzQ5NDIwNzIyNjIzMjFfMTAzODc4OTQzMTMwNTk2Nw==","https://www.facebook.com/100072395977057/videos/1640914896471369/","0",,,,,,,,,,"CARA MEMBUAT TOWER HIDROPONIK UNTUK MENANAM BERAGAM TANAMAN DI LAHAN TERBATAS SECARA VERTIKAL DARI AWAL PEMBUATAN SAMPAI PANEN DAN PASKA PANEN TANAMAN...","pfbid02hb8iiSth13FK7ZehZD8nazsRdxywT5mYsqvmX6MGDqCmrsbxHSYWPeRHnXZfn3hSl","Pak Tani Saja","https://scontent-man2-1.xx.fbcdn.net/v/t39.30808-1/385270821_331926946158859_3335857645993431348_n.jpg?stp=cp0_dst-jpg_s32x32&_nc_cat=111&ccb=1-7&_nc_sid=0ecb9b&_nc_ohc=bEgMt75Sko0Q7kNvgEgAy3F&_nc_ht=scontent-man2-1.xx&_nc_gid=AwszYVVvTPkbep70D9xC6wb&oh=00_AYDx9tJbrjrSCH8OzVFFaZV4xlcQRX5pxRHJ-27lFHguzQ&oe=67093D07","https://www.facebook.com/people/Pak-Tani-Saja/pfbid02hb8iiSth13FK7ZehZD8nazsRdxywT5mYsqvmX6MGDqCmrsbxHSYWPeRHnXZfn3hSl/",,"Jadi setiap Satu Tower mesin nya juga satu ya kak??","0"
"https://www.facebook.com/100072395977057/videos/1640914896471369/?comment_id=1268669610985024",,"2024-10-04T15:24:36.000Z","534942072262321","https://www.facebook.com/100072395977057/videos/1640914896471369/","ZmVlZGJhY2s6NTM0OTQyMDcyMjYyMzIxXzEyNjg2Njk2MTA5ODUwMjQ=","Y29tbWVudDo1MzQ5NDIwNzIyNjIzMjFfMTI2ODY2OTYxMDk4NTAyNA==","https://www.facebook.com/100072395977057/videos/1640914896471369/","0",,,,,,,,,,"CARA MEMBUAT TOWER HIDROPONIK UNTUK MENANAM BERAGAM TANAMAN DI LAHAN TERBATAS SECARA VERTIKAL DARI AWAL PEMBUATAN SAMPAI PANEN DAN PASKA PANEN TANAMAN...","100025024372916","Imron Zaelani","https://scontent-man2-1.xx.fbcdn.net/v/t39.30808-1/461523683_1693219721522157_4411830941276015925_n.jpg?stp=c9.0.224.224a_cp0_dst-jpg_s32x32&_nc_cat=106&ccb=1-7&_nc_sid=50d2ac&_nc_ohc=zDbC3ejkHWgQ7kNvgH6yaoV&_nc_ht=scontent-man2-1.xx&_nc_gid=AwszYVVvTPkbep70D9xC6wb&oh=00_AYBiIrOUy6eqF0nNlpupybUAkcNbmd_NFWPgDIvKKQvsOg&oe=6709728F","https://www.facebook.com/imron.zaelani.35",,"Keren perlu di Adobe nich ilmu Kaka..boleh?","0"
"https://www.facebook.com/100072395977057/videos/1640914896471369/?comment_id=910778450939832",,"2024-10-01T08:24:44.000Z","534942072262321","https://www.facebook.com/100072395977057/videos/1640914896471369/","ZmVlZGJhY2s6NTM0OTQyMDcyMjYyMzIxXzkxMDc3ODQ1MDkzOTgzMg==","Y29tbWVudDo1MzQ5NDIwNzIyNjIzMjFfOTEwNzc4NDUwOTM5ODMy","https://www.facebook.com/100072395977057/videos/1640914896471369/","0",,,,,,,,,,"CARA MEMBUAT TOWER HIDROPONIK UNTUK MENANAM BERAGAM TANAMAN DI LAHAN TERBATAS SECARA VERTIKAL DARI AWAL PEMBUATAN SAMPAI PANEN DAN PASKA PANEN TANAMAN...","pfbid02kqjtFgxa8gi6mVkmo3eNPgnRHdREGodarKG9WfoBiGjSpGim8VW7XYZpjuuLSr18l","Su Dani","https://scontent-man2-1.xx.fbcdn.net/v/t39.30808-1/415975220_122135637656080203_7182519821152589358_n.jpg?stp=cp0_dst-jpg_s32x32&_nc_cat=109&ccb=1-7&_nc_sid=0ecb9b&_nc_ohc=c2fgkXMyR7EQ7kNvgFhdSb_&_nc_ht=scontent-man2-1.xx&_nc_gid=AwszYVVvTPkbep70D9xC6wb&oh=00_AYAWl3z5WZECLeYQvVUOaF0m8E0GGNG58xviy1GF5kzXmQ&oe=67096F1C","https://www.facebook.com/people/Su-Dani/pfbid02kqjtFgxa8gi6mVkmo3eNPgnRHdREGodarKG9WfoBiGjSpGim8VW7XYZpjuuLSr18l/",,"Ab mix nya merk apa yg","0"
"https://www.facebook.com/100072395977057/videos/1640914896471369/?comment_id=1926920524489945",,"2024-10-01T10:04:43.000Z","534942072262321","https://www.facebook.com/100072395977057/videos/1640914896471369/","ZmVlZGJhY2s6NTM0OTQyMDcyMjYyMzIxXzE5MjY5MjA1MjQ0ODk5NDU=","Y29tbWVudDo1MzQ5NDIwNzIyNjIzMjFfMTkyNjkyMDUyNDQ4OTk0NQ==","https://www.facebook.com/100072395977057/videos/1640914896471369/","0",,,,,,,,,,"CARA MEMBUAT TOWER HIDROPONIK UNTUK MENANAM BERAGAM TANAMAN DI LAHAN TERBATAS SECARA VERTIKAL DARI AWAL PEMBUATAN SAMPAI PANEN DAN PASKA PANEN TANAMAN...","100021741843246","Dina","https://scontent-man2-1.xx.fbcdn.net/v/t39.30808-1/441280232_1605660966835283_6357244537616646575_n.jpg?stp=c0.0.612.612a_cp0_dst-jpg_s32x32&_nc_cat=106&ccb=1-7&_nc_sid=50d2ac&_nc_ohc=E1ESnObVu4MQ7kNvgH7o9b2&_nc_ht=scontent-man2-1.xx&_nc_gid=AwszYVVvTPkbep70D9xC6wb&oh=00_AYBfZdHuOAfBVTA6ifPCr_vmH2elH5x4GnEAs1PO0aVggA&oe=6709449A","https://www.facebook.com/people/Dina/100021741843246/",,"Mantap","0"
"https://www.facebook.com/100072395977057/videos/1640914896471369/?comment_id=2591807104541835",,"2024-10-01T15:18:22.000Z","534942072262321","https://www.facebook.com/100072395977057/videos/1640914896471369/","ZmVlZGJhY2s6NTM0OTQyMDcyMjYyMzIxXzI1OTE4MDcxMDQ1NDE4MzU=","Y29tbWVudDo1MzQ5NDIwNzIyNjIzMjFfMjU5MTgwNzEwNDU0MTgzNQ==","https://www.facebook.com/100072395977057/videos/1640914896471369/","0",,,,,,,,,,"CARA MEMBUAT TOWER HIDROPONIK UNTUK MENANAM BERAGAM TANAMAN DI LAHAN TERBATAS SECARA VERTIKAL DARI AWAL PEMBUATAN SAMPAI PANEN DAN PASKA PANEN TANAMAN...","pfbid02JNMZQP96BrLXLKMbALZp2tKU9jjQfU1pyqWSFtYGxMK84BoB4HtMx59wGDbsyAWCl","Ida Gultom Ny Sinaga","https://scontent-man2-1.xx.fbcdn.net/v/t39.30808-1/242305570_4376674799089828_7468951801009159969_n.jpg?stp=cp0_dst-jpg_s32x32&_nc_cat=109&ccb=1-7&_nc_sid=0ecb9b&_nc_ohc=qmqMdjn116MQ7kNvgGu0PaA&_nc_ht=scontent-man2-1.xx&_nc_gid=AwszYVVvTPkbep70D9xC6wb&oh=00_AYBPB2pdkqBXxeuMfjLrfnN0mGpUzdfbZkJiwsdRGeYv0w&oe=6709546F","https://www.facebook.com/hyun.tagoe",,"Mantab banget","0"
"https://www.facebook.com/100072395977057/videos/1640914896471369/?comment_id=2635951143259170",,"2024-10-01T11:17:09.000Z","534942072262321","https://www.facebook.com/100072395977057/videos/1640914896471369/","ZmVlZGJhY2s6NTM0OTQyMDcyMjYyMzIxXzI2MzU5NTExNDMyNTkxNzA=","Y29tbWVudDo1MzQ5NDIwNzIyNjIzMjFfMjYzNTk1MTE0MzI1OTE3MA==","https://www.facebook.com/100072395977057/videos/1640914896471369/","0",,,,,,,,,,"CARA MEMBUAT TOWER HIDROPONIK UNTUK MENANAM BERAGAM TANAMAN DI LAHAN TERBATAS SECARA VERTIKAL DARI AWAL PEMBUATAN SAMPAI PANEN DAN PASKA PANEN TANAMAN...","100012562352839","Bang Organik","https://scontent-man2-1.xx.fbcdn.net/v/t39.30808-1/277579516_1415566288872103_2102533165584417301_n.jpg?stp=cp0_dst-jpg_s32x32&_nc_cat=109&ccb=1-7&_nc_sid=50d2ac&_nc_ohc=RdHW3-H6UxoQ7kNvgFVXtCb&_nc_ht=scontent-man2-1.xx&_nc_gid=AwszYVVvTPkbep70D9xC6wb&oh=00_AYDOun-tTLbCahTUi4efhFNB0RbGUk1ecrvfZJ0oz6xxtQ&oe=67096209","https://www.facebook.com/bang.sinar.3",,"Kalau pakai pipa 4inc ,apa bisa mas.?","0"
"https://www.facebook.com/100072395977057/videos/850138030600844/?comment_id=519137787397011",,"2024-10-04T17:42:22.000Z","535610992195429","https://www.facebook.com/100072395977057/videos/850138030600844/","ZmVlZGJhY2s6NTM1NjEwOTkyMTk1NDI5XzUxOTEzNzc4NzM5NzAxMQ==","Y29tbWVudDo1MzU2MTA5OTIxOTU0MjlfNTE5MTM3Nzg3Mzk3MDEx","https://www.facebook.com/100072395977057/videos/850138030600844/","0",,,,,,,,,,"MENIKMATI DOUBLE PANEN BUDIDAYA IKAN DAN TANAMAN AQUAPONIK DI KEBUN KAMI #garden #ikan #kebun #kebunmini","100094563692326","Eko Rusdii","https://scontent-dfw5-1.xx.fbcdn.net/v/t39.30808-1/452512934_339033672592087_2438793015750912426_n.jpg?stp=c0.0.720.720a_cp0_dst-jpg_s32x32&_nc_cat=110&ccb=1-7&_nc_sid=50d2ac&_nc_ohc=0aDqXDSYzlIQ7kNvgH2Y_sV&_nc_ht=scontent-dfw5-1.xx&_nc_gid=AuFlImxfvr53rrFs3GJr45r&oh=00_AYBoBrY0MvBXMvYP2a0wh4BRa3lAVDDX1Q6BSZO5LAwTww&oe=670971C8","https://www.facebook.com/people/Eko-Rusdii/100094563692326/",,"kolam nya pakai apa itu?","0"
"https://www.facebook.com/100072395977057/videos/850138030600844/?comment_id=574430938254998",,"2024-10-02T05:36:07.000Z","535610992195429","https://www.facebook.com/100072395977057/videos/850138030600844/","ZmVlZGJhY2s6NTM1NjEwOTkyMTk1NDI5XzU3NDQzMDkzODI1NDk5OA==","Y29tbWVudDo1MzU2MTA5OTIxOTU0MjlfNTc0NDMwOTM4MjU0OTk4","https://www.facebook.com/100072395977057/videos/850138030600844/","0",,,,,,,,,,"MENIKMATI DOUBLE PANEN BUDIDAYA IKAN DAN TANAMAN AQUAPONIK DI KEBUN KAMI #garden #ikan #kebun #kebunmini","100058720358359","Mamahnya Fahreza","https://scontent-dfw5-2.xx.fbcdn.net/v/t1.6435-1/191543488_209822080985136_623550826039735010_n.jpg?stp=c0.0.966.966a_cp0_dst-jpg_s32x32&_nc_cat=106&ccb=1-7&_nc_sid=50d2ac&_nc_ohc=MqC9JzHSzK8Q7kNvgG0Wzsq&_nc_ht=scontent-dfw5-2.xx&_nc_gid=AuFlImxfvr53rrFs3GJr45r&oh=00_AYBB-aY1L-kQAtgKbiDrbHUk53QEgsLzkIbhwrjRZKpC1w&oe=672ADF71","https://www.facebook.com/mamahnya.fahreza",,"Kreen kli","0"
"https://www.facebook.com/100072395977057/videos/850138030600844/?comment_id=9102596403085681",,"2024-10-01T23:39:09.000Z","535610992195429","https://www.facebook.com/100072395977057/videos/850138030600844/","ZmVlZGJhY2s6NTM1NjEwOTkyMTk1NDI5XzkxMDI1OTY0MDMwODU2ODE=","Y29tbWVudDo1MzU2MTA5OTIxOTU0MjlfOTEwMjU5NjQwMzA4NTY4MQ==","https://www.facebook.com/100072395977057/videos/850138030600844/","0",,,,,,,,,,"MENIKMATI DOUBLE PANEN BUDIDAYA IKAN DAN TANAMAN AQUAPONIK DI KEBUN KAMI #garden #ikan #kebun #kebunmini","100000672562131","Nur Asyiah","https://scontent-dfw5-1.xx.fbcdn.net/v/t39.30808-1/405999530_7279717738727239_6079842020520684627_n.jpg?stp=c0.0.940.940a_cp0_dst-jpg_s32x32&_nc_cat=103&ccb=1-7&_nc_sid=50d2ac&_nc_ohc=ShxV1pYTAKEQ7kNvgFck562&_nc_ht=scontent-dfw5-1.xx&_nc_gid=AuFlImxfvr53rrFs3GJr45r&oh=00_AYASFq2CeW6jUxgx4aD4TPljBPU2-6ybzYJ07ERkr9XoFw&oe=67095572","https://www.facebook.com/nasyiah3",,"Mau donk di ajarin ..","0"
"https://www.facebook.com/100072395977057/videos/850138030600844/?comment_id=554099890313209",,"2024-10-02T03:21:25.000Z","535610992195429","https://www.facebook.com/100072395977057/videos/850138030600844/","ZmVlZGJhY2s6NTM1NjEwOTkyMTk1NDI5XzU1NDA5OTg5MDMxMzIwOQ==","Y29tbWVudDo1MzU2MTA5OTIxOTU0MjlfNTU0MDk5ODkwMzEzMjA5","https://www.facebook.com/100072395977057/videos/850138030600844/","0",,,,,,,,,,"MENIKMATI DOUBLE PANEN BUDIDAYA IKAN DAN TANAMAN AQUAPONIK DI KEBUN KAMI #garden #ikan #kebun #kebunmini","100005842482872","Gilang Ramadhan","https://scontent-dfw5-2.xx.fbcdn.net/v/t39.30808-1/408744344_2433046830233376_3395345902539721650_n.jpg?stp=cp0_dst-jpg_s32x32&_nc_cat=106&ccb=1-7&_nc_sid=50d2ac&_nc_ohc=AQdycLrvH-gQ7kNvgFBdbmj&_nc_ht=scontent-dfw5-2.xx&_nc_gid=AuFlImxfvr53rrFs3GJr45r&oh=00_AYCfUWNyr-wci8wp0qx8axI6mgwFpgzGzOnfZ6FNeEGSgQ&oe=67095D99","https://www.facebook.com/ramadhan.m.ba",,"Kalau diriau gk cocok","0"
"https://www.facebook.com/100072395977057/videos/850138030600844/?comment_id=428355289870189",,"2024-10-02T03:55:55.000Z","535610992195429","https://www.facebook.com/100072395977057/videos/850138030600844/","ZmVlZGJhY2s6NTM1NjEwOTkyMTk1NDI5XzQyODM1NTI4OTg3MDE4OQ==","Y29tbWVudDo1MzU2MTA5OTIxOTU0MjlfNDI4MzU1Mjg5ODcwMTg5","https://www.facebook.com/100072395977057/videos/850138030600844/","0",,,,,,,,,,"MENIKMATI DOUBLE PANEN BUDIDAYA IKAN DAN TANAMAN AQUAPONIK DI KEBUN KAMI #garden #ikan #kebun #kebunmini","100022469734536","Ang Rusdi","https://scontent-dfw5-2.xx.fbcdn.net/v/t1.6435-1/43636828_330003854425270_2016968903363657728_n.jpg?stp=cp0_dst-jpg_s32x32&_nc_cat=104&ccb=1-7&_nc_sid=50d2ac&_nc_ohc=PUdInjGSAA8Q7kNvgEfeYLn&_nc_ht=scontent-dfw5-2.xx&_nc_gid=AuFlImxfvr53rrFs3GJr45r&oh=00_AYDktyJKksXhEN-tFq2rUA1iFAhiSiFjYJ8EyS_U_ZhNsA&oe=672AE4CC","https://www.facebook.com/abu.malza.3",,"Gmn cara mngolah air ikan jd pupuk organik?","0"
"https://www.facebook.com/100072395977057/videos/850138030600844/?comment_id=8638118096227823",,"2024-10-02T09:34:37.000Z","535610992195429","https://www.facebook.com/100072395977057/videos/850138030600844/","ZmVlZGJhY2s6NTM1NjEwOTkyMTk1NDI5Xzg2MzgxMTgwOTYyMjc4MjM=","Y29tbWVudDo1MzU2MTA5OTIxOTU0MjlfODYzODExODA5NjIyNzgyMw==","https://www.facebook.com/100072395977057/videos/850138030600844/","0",,,,,,,,,,"MENIKMATI DOUBLE PANEN BUDIDAYA IKAN DAN TANAMAN AQUAPONIK DI KEBUN KAMI #garden #ikan #kebun #kebunmini","100000520115448","Adit Setyawan","https://scontent-dfw5-1.xx.fbcdn.net/v/t39.30808-1/462245334_9240921369268442_8231729793172872249_n.jpg?stp=cp0_dst-jpg_p32x32&_nc_cat=105&ccb=1-7&_nc_sid=50d2ac&_nc_ohc=aYoRdsxhLMoQ7kNvgHrqcse&_nc_ht=scontent-dfw5-1.xx&_nc_gid=AuFlImxfvr53rrFs3GJr45r&oh=00_AYAJTGooUJQ1cUfux4Pq33SfpVCTurICblUMokBzwCwDGA&oe=67094053","https://www.facebook.com/adit.setyawan.925",,"Mantappp","0"
"https://www.facebook.com/100072395977057/videos/850138030600844/?comment_id=1044289160820687",,"2024-10-02T12:40:26.000Z","535610992195429","https://www.facebook.com/100072395977057/videos/850138030600844/","ZmVlZGJhY2s6NTM1NjEwOTkyMTk1NDI5XzEwNDQyODkxNjA4MjA2ODc=","Y29tbWVudDo1MzU2MTA5OTIxOTU0MjlfMTA0NDI4OTE2MDgyMDY4Nw==","https://www.facebook.com/100072395977057/videos/850138030600844/","0",,,,,,,,,,"MENIKMATI DOUBLE PANEN BUDIDAYA IKAN DAN TANAMAN AQUAPONIK DI KEBUN KAMI #garden #ikan #kebun #kebunmini","100002799908509","Ade Raka Tea","https://scontent-dfw5-1.xx.fbcdn.net/v/t39.30808-1/447591338_6982968725139722_3030051307942530003_n.jpg?stp=cp0_dst-jpg_s32x32&_nc_cat=101&ccb=1-7&_nc_sid=50d2ac&_nc_ohc=oE0RNJ2o-ugQ7kNvgEUF56p&_nc_ht=scontent-dfw5-1.xx&_nc_gid=AuFlImxfvr53rrFs3GJr45r&oh=00_AYBevwkppL8Tso-9GvGPEvuOoGft2wsrfEdEjGjLMUqnnQ&oe=67095D38","https://www.facebook.com/aades.c.imoets",,"Klo listrik padam seharian gimana kak","0"
"https://www.facebook.com/100072395977057/videos/850138030600844/?comment_id=827534825915127",,"2024-10-02T12:07:15.000Z","535610992195429","https://www.facebook.com/100072395977057/videos/850138030600844/","ZmVlZGJhY2s6NTM1NjEwOTkyMTk1NDI5XzgyNzUzNDgyNTkxNTEyNw==","Y29tbWVudDo1MzU2MTA5OTIxOTU0MjlfODI3NTM0ODI1OTE1MTI3","https://www.facebook.com/100072395977057/videos/850138030600844/","0",,,,,,,,,,"MENIKMATI DOUBLE PANEN BUDIDAYA IKAN DAN TANAMAN AQUAPONIK DI KEBUN KAMI #garden #ikan #kebun #kebunmini","100028753846073","Robby Obby","https://scontent-dfw5-1.xx.fbcdn.net/v/t39.30808-1/441253500_1228736484761468_2619673486931453497_n.jpg?stp=cp0_dst-jpg_s32x32&_nc_cat=103&ccb=1-7&_nc_sid=50d2ac&_nc_ohc=V86LDIO2uEgQ7kNvgGaznVG&_nc_ht=scontent-dfw5-1.xx&_nc_gid=AuFlImxfvr53rrFs3GJr45r&oh=00_AYD6YBosWXfFsuoBhdE2yv8hO_qryNF8fXM1n8VkVdICUw&oe=67095D48","https://www.facebook.com/robby.obby.1612147",,"Dari awal pembuatan dan bahan2 nya apa tu kak","0"
"https://www.facebook.com/100072395977057/videos/850138030600844/?comment_id=562302986359472",,"2024-10-02T07:05:11.000Z","535610992195429","https://www.facebook.com/100072395977057/videos/850138030600844/","ZmVlZGJhY2s6NTM1NjEwOTkyMTk1NDI5XzU2MjMwMjk4NjM1OTQ3Mg==","Y29tbWVudDo1MzU2MTA5OTIxOTU0MjlfNTYyMzAyOTg2MzU5NDcy","https://www.facebook.com/100072395977057/videos/850138030600844/","0",,,,,,,,,,"MENIKMATI DOUBLE PANEN BUDIDAYA IKAN DAN TANAMAN AQUAPONIK DI KEBUN KAMI #garden #ikan #kebun #kebunmini","pfbid02Vj11fSJmLzDABtrdVL61hiYREUjoNbMA9j9JG4hGAeaQS9vExL8ZYv79Yzmhhz6Gl","Seha Rish","https://scontent-dfw5-2.xx.fbcdn.net/v/t39.30808-1/428598559_10226364979932812_624024745087997926_n.jpg?stp=c0.0.940.940a_cp0_dst-jpg_s32x32&_nc_cat=104&ccb=1-7&_nc_sid=0ecb9b&_nc_ohc=Tc0Ob3wAVw8Q7kNvgG65wEk&_nc_ht=scontent-dfw5-2.xx&_nc_gid=AuFlImxfvr53rrFs3GJr45r&oh=00_AYDTh04W3KLGPueABeq5FoXk8aNbpLx1pFjB33Ra1CcsFQ&oe=6709528F",,,"Wah keren😎","0"
"https://www.facebook.com/100072395977057/videos/850138030600844/?comment_id=3913872195515362","2","2024-10-02T00:40:22.000Z","535610992195429","https://www.facebook.com/100072395977057/videos/850138030600844/","ZmVlZGJhY2s6NTM1NjEwOTkyMTk1NDI5XzM5MTM4NzIxOTU1MTUzNjI=","Y29tbWVudDo1MzU2MTA5OTIxOTU0MjlfMzkxMzg3MjE5NTUxNTM2Mg==","https://www.facebook.com/100072395977057/videos/850138030600844/","0",,,,,,,,,,"MENIKMATI DOUBLE PANEN BUDIDAYA IKAN DAN TANAMAN AQUAPONIK DI KEBUN KAMI #garden #ikan #kebun #kebunmini","100001826922310","Aby Hafis Al-Syahnu","https://scontent-dfw5-2.xx.fbcdn.net/v/t39.30808-1/261387718_6581482705255895_4318471544601676509_n.jpg?stp=cp0_dst-jpg_s32x32&_nc_cat=100&ccb=1-7&_nc_sid=50d2ac&_nc_ohc=7K6AVhItl0oQ7kNvgGB9BUA&_nc_ht=scontent-dfw5-2.xx&_nc_gid=AuFlImxfvr53rrFs3GJr45r&oh=00_AYAi2TcuGU9Lv1sPxZqtdxOLmisSgnJxDJ51VDocGMmn8A&oe=67095A0A",,,"Rosyiful Wong Jowo mantab ngene","0"
"https://www.facebook.com/reel/1240532300625435/?comment_id=1629003611015706","1","2024-10-03T06:25:25.000Z","536916035398258","https://www.facebook.com/reel/1240532300625435/","ZmVlZGJhY2s6NTM2OTE2MDM1Mzk4MjU4XzE2MjkwMDM2MTEwMTU3MDY=","Y29tbWVudDo1MzY5MTYwMzUzOTgyNThfMTYyOTAwMzYxMTAxNTcwNg==","https://www.facebook.com/reel/1240532300625435/","0","111146814399157","574362981410869:FubsCreatorInfo",,"true",,,,,,"CARA MEMBUAT TOWER TANAMAN HIDROPONIK 🙌😃 #reels #garden #kebun. Kebun Mahobi · Original audio","pfbid02bY8eP5B3DfhNXaW2Rn6BcFrdrvQwDFdsGRj4f8Nd45u2pqXuiSxXQjYK5obg61pil","Pipih Ardan","https://scontent.fprn13-1.fna.fbcdn.net/v/t39.30808-1/438304981_450468834046153_7105428379983738697_n.jpg?stp=cp0_dst-jpg_s32x32&_nc_cat=111&ccb=1-7&_nc_sid=0ecb9b&_nc_ohc=J2eWxXn21oEQ7kNvgGLwJwC&_nc_ht=scontent.fprn13-1.fna&_nc_gid=A7IWE9S-u8D_Ss48MePyS0i&oh=00_AYDk6U_cT9FfxVwA0qPnyW8H22CGQtKatbfSezEr4fRNbw&oe=670964BF","https://www.facebook.com/people/Pipih-Ardan/pfbid02bY8eP5B3DfhNXaW2Rn6BcFrdrvQwDFdsGRj4f8Nd45u2pqXuiSxXQjYK5obg61pil/",,"Boros listrik

Listrike mahal sekarang  mah🔥","0"
"https://www.facebook.com/reel/1240532300625435/?comment_id=1238394263973163",,"2024-10-03T10:26:18.000Z","536916035398258","https://www.facebook.com/reel/1240532300625435/","ZmVlZGJhY2s6NTM2OTE2MDM1Mzk4MjU4XzEyMzgzOTQyNjM5NzMxNjM=","Y29tbWVudDo1MzY5MTYwMzUzOTgyNThfMTIzODM5NDI2Mzk3MzE2Mw==","https://www.facebook.com/reel/1240532300625435/","0","111146814399157","574362981410869:FubsCreatorInfo",,"true",,,,,,"CARA MEMBUAT TOWER TANAMAN HIDROPONIK 🙌😃 #reels #garden #kebun. Kebun Mahobi · Original audio","pfbid02fUvnntyyzcEyi8YNS6hVA4ZvF7QKt3kmJAHectDXYiZjSz6vWVFE8zMBSM9CagXtl","Kenken D Pral","https://scontent.fprn13-1.fna.fbcdn.net/v/t39.30808-1/436368005_3631517330457781_6358344853739991006_n.jpg?stp=cp0_dst-jpg_s32x32&_nc_cat=102&ccb=1-7&_nc_sid=0ecb9b&_nc_ohc=U9MtBir0QbAQ7kNvgHQ3nzH&_nc_ht=scontent.fprn13-1.fna&_nc_gid=A7IWE9S-u8D_Ss48MePyS0i&oh=00_AYAC7WRjXIZzyE9aafgf-1y2Y8QXxECNoqXxFeyHy9dofA&oe=670973BC","https://www.facebook.com/people/Kenken-D-Pral/pfbid02fUvnntyyzcEyi8YNS6hVA4ZvF7QKt3kmJAHectDXYiZjSz6vWVFE8zMBSM9CagXtl/",,"The problem with that set up is the pump should be switched on in the entire day. Inshort the pump will deteriorate faster compared to dwc","0"
"https://www.facebook.com/reel/1240532300625435/?comment_id=1054001012847612",,"2024-10-03T07:24:27.000Z","536916035398258","https://www.facebook.com/reel/1240532300625435/","ZmVlZGJhY2s6NTM2OTE2MDM1Mzk4MjU4XzEwNTQwMDEwMTI4NDc2MTI=","Y29tbWVudDo1MzY5MTYwMzUzOTgyNThfMTA1NDAwMTAxMjg0NzYxMg==","https://www.facebook.com/reel/1240532300625435/","0","111146814399157","574362981410869:FubsCreatorInfo",,"true",,,,,,"CARA MEMBUAT TOWER TANAMAN HIDROPONIK 🙌😃 #reels #garden #kebun. Kebun Mahobi · Original audio","100010467668119","Mymy ArsyadanArsy","https://scontent.fprn13-1.fna.fbcdn.net/v/t39.30808-1/449456482_2190140674678167_1236469106203709449_n.jpg?stp=c0.0.768.768a_cp0_dst-jpg_s32x32&_nc_cat=109&ccb=1-7&_nc_sid=50d2ac&_nc_ohc=iQMdaEJLm2kQ7kNvgHgLQ01&_nc_ht=scontent.fprn13-1.fna&_nc_gid=A7IWE9S-u8D_Ss48MePyS0i&oh=00_AYCGO-w15h9vKfAohxSmZlhe3ngbnD3TIeUA_o_K_Ra8mQ&oe=67095503","https://www.facebook.com/amy.bahry.1",,"berapa meter panjang pipanya kak?","0"
"https://www.facebook.com/reel/1240532300625435/?comment_id=773761724819744",,"2024-10-04T06:21:26.000Z","536916035398258","https://www.facebook.com/reel/1240532300625435/","ZmVlZGJhY2s6NTM2OTE2MDM1Mzk4MjU4Xzc3Mzc2MTcyNDgxOTc0NA==","Y29tbWVudDo1MzY5MTYwMzUzOTgyNThfNzczNzYxNzI0ODE5NzQ0","https://www.facebook.com/reel/1240532300625435/","0","111146814399157","574362981410869:FubsCreatorInfo",,"true",,,,,,"CARA MEMBUAT TOWER TANAMAN HIDROPONIK 🙌😃 #reels #garden #kebun. Kebun Mahobi · Original audio","pfbid02LNSmtanRCh8sLHahTwKFPVfuHbVSzRYJe2BGu841fU81idY8DJztT2S1NmUvEg1ml","Eko Setyohadi","https://scontent.fprn13-1.fna.fbcdn.net/v/t39.30808-1/364135710_9586824768055881_8428822063333568692_n.jpg?stp=c0.0.960.960a_cp0_dst-jpg_s32x32&_nc_cat=110&ccb=1-7&_nc_sid=0ecb9b&_nc_ohc=l_QOyDUK4MIQ7kNvgFQbfVn&_nc_ht=scontent.fprn13-1.fna&_nc_gid=A7IWE9S-u8D_Ss48MePyS0i&oh=00_AYA8ejs9cgfDyqByeofyyNASWVYNe0TDwWmSVzJlzkaOgA&oe=670966B2","https://www.facebook.com/eko.setyohadi.16",,"Alamatnya mana misal pingin privat🙂","0"
"https://www.facebook.com/reel/1240532300625435/?comment_id=2008684166211056",,"2024-10-04T01:00:10.000Z","536916035398258","https://www.facebook.com/reel/1240532300625435/","ZmVlZGJhY2s6NTM2OTE2MDM1Mzk4MjU4XzIwMDg2ODQxNjYyMTEwNTY=","Y29tbWVudDo1MzY5MTYwMzUzOTgyNThfMjAwODY4NDE2NjIxMTA1Ng==","https://www.facebook.com/reel/1240532300625435/","0","111146814399157","574362981410869:FubsCreatorInfo",,"true",,,,,,"CARA MEMBUAT TOWER TANAMAN HIDROPONIK 🙌😃 #reels #garden #kebun. Kebun Mahobi · Original audio","pfbid02X5Jd8kTAz7HhoXnpf6qLuWXANeZsECTaraeBQuJZNqUsd3zaYEbcBvUaEe8vM7wol","Jang Gum","https://scontent.fprn13-1.fna.fbcdn.net/v/t39.30808-1/441232132_7775384485875055_6903236180964370604_n.jpg?stp=cp0_dst-jpg_s32x32&_nc_cat=109&ccb=1-7&_nc_sid=0ecb9b&_nc_ohc=iEnt_OPAvb0Q7kNvgEBwfpY&_nc_ht=scontent.fprn13-1.fna&_nc_gid=A7IWE9S-u8D_Ss48MePyS0i&oh=00_AYCPPTpeSviTtNDZPh-hpOXnAz1MVcn7QzEDTTGzgQkfWg&oe=67094754",,,"Alat ukur PPM nya apa kak namanya","0"
"https://www.facebook.com/reel/1240532300625435/?comment_id=1234987427714933",,"2024-10-04T03:48:59.000Z","536916035398258","https://www.facebook.com/reel/1240532300625435/","ZmVlZGJhY2s6NTM2OTE2MDM1Mzk4MjU4XzEyMzQ5ODc0Mjc3MTQ5MzM=","Y29tbWVudDo1MzY5MTYwMzUzOTgyNThfMTIzNDk4NzQyNzcxNDkzMw==","https://www.facebook.com/reel/1240532300625435/","0","111146814399157","574362981410869:FubsCreatorInfo",,"true",,,,,,"CARA MEMBUAT TOWER TANAMAN HIDROPONIK 🙌😃 #reels #garden #kebun. Kebun Mahobi · Original audio","100085911296618","Dika Yusriyana","https://scontent.fprn13-1.fna.fbcdn.net/v/t39.30808-1/457490451_475962098610829_3799935142981499165_n.jpg?stp=cp0_dst-jpg_s32x32&_nc_cat=105&ccb=1-7&_nc_sid=50d2ac&_nc_ohc=I6l6bQDemLUQ7kNvgFiHdcO&_nc_ht=scontent.fprn13-1.fna&_nc_gid=A7IWE9S-u8D_Ss48MePyS0i&oh=00_AYBA174YsJU6Hs8yoY84NvjVQeI1REj0Q0VY87sAQzcR3g&oe=6709473E","https://www.facebook.com/people/Dika-Yusriyana/100085911296618/",,"Bang nama alat² nya apa aja?","0"
"https://www.facebook.com/reel/1240532300625435/?comment_id=546942491151696",,"2024-10-06T11:45:39.000Z","536916035398258","https://www.facebook.com/reel/1240532300625435/","ZmVlZGJhY2s6NTM2OTE2MDM1Mzk4MjU4XzU0Njk0MjQ5MTE1MTY5Ng==","Y29tbWVudDo1MzY5MTYwMzUzOTgyNThfNTQ2OTQyNDkxMTUxNjk2","https://www.facebook.com/reel/1240532300625435/","0","111146814399157","574362981410869:FubsCreatorInfo",,"true",,,,,,"CARA MEMBUAT TOWER TANAMAN HIDROPONIK 🙌😃 #reels #garden #kebun. Kebun Mahobi · Original audio","100000055570582","Dedew El-fikri","https://scontent.fprn13-1.fna.fbcdn.net/v/t39.30808-1/370596650_6991291110882672_3330076509670398486_n.jpg?stp=cp0_dst-jpg_s32x32&_nc_cat=103&ccb=1-7&_nc_sid=50d2ac&_nc_ohc=GcEERVP6lPMQ7kNvgFZ3_G6&_nc_ht=scontent.fprn13-1.fna&_nc_gid=A7IWE9S-u8D_Ss48MePyS0i&oh=00_AYDK5h9p7po5cPUF1F9CM04IJRK28Hyj8qEYtFMwdF_LFQ&oe=67094F3A","https://www.facebook.com/dedew.elfikri1",,"Bang apakah menanam hidroponik harus terkena sinar matahari?","0"
"https://www.facebook.com/reel/1240532300625435/?comment_id=1680525989434420",,"2024-10-05T09:53:48.000Z","536916035398258","https://www.facebook.com/reel/1240532300625435/","ZmVlZGJhY2s6NTM2OTE2MDM1Mzk4MjU4XzE2ODA1MjU5ODk0MzQ0MjA=","Y29tbWVudDo1MzY5MTYwMzUzOTgyNThfMTY4MDUyNTk4OTQzNDQyMA==","https://www.facebook.com/reel/1240532300625435/","0","111146814399157","574362981410869:FubsCreatorInfo",,"true",,,,,,"CARA MEMBUAT TOWER TANAMAN HIDROPONIK 🙌😃 #reels #garden #kebun. Kebun Mahobi · Original audio","pfbid02TUVgeV3BnGQjsLkY1rVgLCwnHpCLR2yHqCsgZWdB8SUBqjn7eLtBx6t4NsZVNbkQl","Mas Pras","https://scontent.fprn13-1.fna.fbcdn.net/v/t39.30808-1/284393314_1137116987144760_4493506350765282548_n.jpg?stp=cp0_dst-jpg_s32x32&_nc_cat=107&ccb=1-7&_nc_sid=0ecb9b&_nc_ohc=nUDohrCJ5g4Q7kNvgEQI5l5&_nc_ht=scontent.fprn13-1.fna&_nc_gid=A7IWE9S-u8D_Ss48MePyS0i&oh=00_AYCtUCiexSGhMYKwIUjBBoTshPvmQVD5FKlrYSqLvZQwEQ&oe=67097374","https://www.facebook.com/edi.nio.14",,"pupuk yg di pakai apa pk","0"
"https://www.facebook.com/reel/1240532300625435/?comment_id=433573279310005",,"2024-10-04T06:33:02.000Z","536916035398258","https://www.facebook.com/reel/1240532300625435/","ZmVlZGJhY2s6NTM2OTE2MDM1Mzk4MjU4XzQzMzU3MzI3OTMxMDAwNQ==","Y29tbWVudDo1MzY5MTYwMzUzOTgyNThfNDMzNTczMjc5MzEwMDA1","https://www.facebook.com/reel/1240532300625435/","0","111146814399157","574362981410869:FubsCreatorInfo",,"true",,,,,,"CARA MEMBUAT TOWER TANAMAN HIDROPONIK 🙌😃 #reels #garden #kebun. Kebun Mahobi · Original audio","100065631083891","Sujana Channel","https://scontent.fprn13-1.fna.fbcdn.net/v/t39.30808-1/455268729_843410824523279_4395133565577722303_n.jpg?stp=c6.0.481.481a_cp0_dst-jpg_s32x32&_nc_cat=107&ccb=1-7&_nc_sid=50d2ac&_nc_ohc=-KO0uxzJRK0Q7kNvgF-3ZUy&_nc_ht=scontent.fprn13-1.fna&_nc_gid=A7IWE9S-u8D_Ss48MePyS0i&oh=00_AYBl4EEzKx8zG6ZMCQpXXVLKA6Qhn_oJILIJKngr2QVpug&oe=67093DFC","https://www.facebook.com/sujana.pergaya.7",,"Top kreatif","0"
"https://www.facebook.com/reel/1240532300625435/?comment_id=467517046335678",,"2024-10-03T18:32:59.000Z","536916035398258","https://www.facebook.com/reel/1240532300625435/","ZmVlZGJhY2s6NTM2OTE2MDM1Mzk4MjU4XzQ2NzUxNzA0NjMzNTY3OA==","Y29tbWVudDo1MzY5MTYwMzUzOTgyNThfNDY3NTE3MDQ2MzM1Njc4","https://www.facebook.com/reel/1240532300625435/","0","111146814399157","574362981410869:FubsCreatorInfo",,"true",,,,,,"CARA MEMBUAT TOWER TANAMAN HIDROPONIK 🙌😃 #reels #garden #kebun. Kebun Mahobi · Original audio","100004517370390","Dini Rismawati","https://scontent.fprn13-1.fna.fbcdn.net/v/t39.30808-1/461523685_2766894576804428_8652543549814514256_n.jpg?stp=c0.0.720.720a_cp0_dst-jpg_s32x32&_nc_cat=100&ccb=1-7&_nc_sid=50d2ac&_nc_ohc=N0m7wr5xY20Q7kNvgE3FgD1&_nc_ht=scontent.fprn13-1.fna&_nc_gid=A7IWE9S-u8D_Ss48MePyS0i&oh=00_AYDcYSmHsR9VzGZ9xBZwoZxg5lObtoGQMLEpotkOKMa8cA&oe=67096060","https://www.facebook.com/lliana.cyicwygtrsqtii",,"Suka banget sama sayurannya","0"
"https://www.facebook.com/100072395977057/videos/1640914896471369/?comment_id=3622945227851909&reply_comment_id=880038467425596",,"2024-10-01T13:47:49.000Z","534942072262321","https://www.facebook.com/100072395977057/videos/1640914896471369/","ZmVlZGJhY2s6NTM0OTQyMDcyMjYyMzIxXzg4MDAzODQ2NzQyNTU5Ng==","Y29tbWVudDo1MzQ5NDIwNzIyNjIzMjFfODgwMDM4NDY3NDI1NTk2","https://www.facebook.com/100072395977057/videos/1640914896471369/","0",,,,,"User","1432623629","Bekti Adi Pramono","Bekti","Y29tbWVudDo1MzQ5NDIwNzIyNjIzMjFfMzYyMjk0NTIyNzg1MTkwOQ==","CARA MEMBUAT TOWER HIDROPONIK UNTUK MENANAM BERAGAM TANAMAN DI LAHAN TERBATAS SECARA VERTIKAL DARI AWAL PEMBUATAN SAMPAI PANEN DAN PASKA PANEN TANAMAN...","100072395977057","Kebun Mahobi","https://scontent-ord5-1.xx.fbcdn.net/v/t39.30808-1/309593998_189851716771360_7588998626521373177_n.jpg?stp=cp0_dst-jpg_s32x32&_nc_cat=109&ccb=1-7&_nc_sid=f4b9fd&_nc_ohc=8T7EY3PHsCAQ7kNvgFecb_l&_nc_ht=scontent-ord5-1.xx&_nc_gid=AOzaMPfpwOLv7gUoPu9TlUY&oh=00_AYBoPFHt6a7OXUaJQKDncKjbW3uUxVI1AwxXAGXv3Dg4-g&oe=6709531D","https://www.facebook.com/people/Kebun-Mahobi/100072395977057/","Y29tbWVudDo1MzQ5NDIwNzIyNjIzMjFfMzYyMjk0NTIyNzg1MTkwOQ==","Bekti Adi Pramono semoga bermanfaat ya kak 🙌","1"
"https://www.facebook.com/100072395977057/videos/1640914896471369/?comment_id=1620288805186131&reply_comment_id=881434874085355",,"2024-09-30T13:41:21.000Z","534942072262321","https://www.facebook.com/100072395977057/videos/1640914896471369/","ZmVlZGJhY2s6NTM0OTQyMDcyMjYyMzIxXzg4MTQzNDg3NDA4NTM1NQ==","Y29tbWVudDo1MzQ5NDIwNzIyNjIzMjFfODgxNDM0ODc0MDg1MzU1","https://www.facebook.com/100072395977057/videos/1640914896471369/","0",,,,,"User","100014885730313","Fendi Rahmat Efendi","Fendi","Y29tbWVudDo1MzQ5NDIwNzIyNjIzMjFfMTYyMDI4ODgwNTE4NjEzMQ==","CARA MEMBUAT TOWER HIDROPONIK UNTUK MENANAM BERAGAM TANAMAN DI LAHAN TERBATAS SECARA VERTIKAL DARI AWAL PEMBUATAN SAMPAI PANEN DAN PASKA PANEN TANAMAN...","100072395977057","Kebun Mahobi","https://scontent-mia3-2.xx.fbcdn.net/v/t39.30808-1/309593998_189851716771360_7588998626521373177_n.jpg?stp=cp0_dst-jpg_s32x32&_nc_cat=109&ccb=1-7&_nc_sid=f4b9fd&_nc_ohc=8T7EY3PHsCAQ7kNvgHJ9R0M&_nc_ht=scontent-mia3-2.xx&_nc_gid=AfTY2BK7d3CdnIXsqp4GkrN&oh=00_AYCuvPcpphUACp69HwkQorJdGcUM-C8AEINdcHEfOk4_bg&oe=6709531D","https://www.facebook.com/people/Kebun-Mahobi/100072395977057/","Y29tbWVudDo1MzQ5NDIwNzIyNjIzMjFfMTYyMDI4ODgwNTE4NjEzMQ==","Fendi Rahmat Efendi Tergantung dari usia tanaman nya dan kondisi lingkungannya kak, ketika masih kecil 2-3 mingguan air nya masih ada, namun kalau sudah semakin besar tanaman dan cuaca sangat panas airnya lebih cepat habis🙏","1"
"https://www.facebook.com/100072395977057/videos/1640914896471369/?comment_id=1620288805186131&reply_comment_id=1257310935262165","1","2024-09-30T13:49:41.000Z","534942072262321","https://www.facebook.com/100072395977057/videos/1640914896471369/","ZmVlZGJhY2s6NTM0OTQyMDcyMjYyMzIxXzEyNTczMTA5MzUyNjIxNjU=","Y29tbWVudDo1MzQ5NDIwNzIyNjIzMjFfMTI1NzMxMDkzNTI2MjE2NQ==","https://www.facebook.com/100072395977057/videos/1640914896471369/","1",,,,,"User","100014885730313","Fendi Rahmat Efendi","Fendi","Y29tbWVudDo1MzQ5NDIwNzIyNjIzMjFfMTYyMDI4ODgwNTE4NjEzMQ==","CARA MEMBUAT TOWER HIDROPONIK UNTUK MENANAM BERAGAM TANAMAN DI LAHAN TERBATAS SECARA VERTIKAL DARI AWAL PEMBUATAN SAMPAI PANEN DAN PASKA PANEN TANAMAN...","100014885730313","Fendi Rahmat Efendi","https://scontent-mia3-1.xx.fbcdn.net/v/t39.30808-1/461476965_1982380145601491_2117464953572240106_n.jpg?stp=c130.0.780.780a_cp0_dst-jpg_s32x32&_nc_cat=108&ccb=1-7&_nc_sid=50d2ac&_nc_ohc=AkfVQLqJIZEQ7kNvgF8tCXf&_nc_ht=scontent-mia3-1.xx&_nc_gid=AfTY2BK7d3CdnIXsqp4GkrN&oh=00_AYCn_UNSiYyAg86Bk3qjk-ydRCqRs3vlhO3Wj7kcnM71Sg&oe=67095160","https://www.facebook.com/people/Fendi-Rahmat-Efendi/100014885730313/","Y29tbWVudDo1MzQ5NDIwNzIyNjIzMjFfMTYyMDI4ODgwNTE4NjEzMQ==","Cukup pakai nutrisi AB MIX atau di semprot POC yng lain kak?🙏","1"
"https://www.facebook.com/100072395977057/videos/1640914896471369/?comment_id=1620288805186131&reply_comment_id=1435932053738538",,"2024-10-01T03:06:56.000Z","534942072262321","https://www.facebook.com/100072395977057/videos/1640914896471369/","ZmVlZGJhY2s6NTM0OTQyMDcyMjYyMzIxXzE0MzU5MzIwNTM3Mzg1Mzg=","Y29tbWVudDo1MzQ5NDIwNzIyNjIzMjFfMTQzNTkzMjA1MzczODUzOA==","https://www.facebook.com/100072395977057/videos/1640914896471369/","0",,,,,"User","100014885730313","Fendi Rahmat Efendi","Fendi","Y29tbWVudDo1MzQ5NDIwNzIyNjIzMjFfMTYyMDI4ODgwNTE4NjEzMQ==","CARA MEMBUAT TOWER HIDROPONIK UNTUK MENANAM BERAGAM TANAMAN DI LAHAN TERBATAS SECARA VERTIKAL DARI AWAL PEMBUATAN SAMPAI PANEN DAN PASKA PANEN TANAMAN...","100072395977057","Kebun Mahobi","https://scontent-mia3-2.xx.fbcdn.net/v/t39.30808-1/309593998_189851716771360_7588998626521373177_n.jpg?stp=cp0_dst-jpg_s32x32&_nc_cat=109&ccb=1-7&_nc_sid=f4b9fd&_nc_ohc=8T7EY3PHsCAQ7kNvgHJ9R0M&_nc_ht=scontent-mia3-2.xx&_nc_gid=AfTY2BK7d3CdnIXsqp4GkrN&oh=00_AYCuvPcpphUACp69HwkQorJdGcUM-C8AEINdcHEfOk4_bg&oe=6709531D","https://www.facebook.com/people/Kebun-Mahobi/100072395977057/","Y29tbWVudDo1MzQ5NDIwNzIyNjIzMjFfMTYyMDI4ODgwNTE4NjEzMQ==","Fendi Rahmat Efendi cukup nutrisi AB mix saja kak 🙌","2"
"https://www.facebook.com/100072395977057/videos/1640914896471369/?comment_id=1620288805186131&reply_comment_id=1098887481772660",,"2024-10-01T03:55:04.000Z","534942072262321","https://www.facebook.com/100072395977057/videos/1640914896471369/","ZmVlZGJhY2s6NTM0OTQyMDcyMjYyMzIxXzEwOTg4ODc0ODE3NzI2NjA=","Y29tbWVudDo1MzQ5NDIwNzIyNjIzMjFfMTA5ODg4NzQ4MTc3MjY2MA==","https://www.facebook.com/100072395977057/videos/1640914896471369/","0",,,,,"User","100014885730313","Fendi Rahmat Efendi","Fendi","Y29tbWVudDo1MzQ5NDIwNzIyNjIzMjFfMTYyMDI4ODgwNTE4NjEzMQ==","CARA MEMBUAT TOWER HIDROPONIK UNTUK MENANAM BERAGAM TANAMAN DI LAHAN TERBATAS SECARA VERTIKAL DARI AWAL PEMBUATAN SAMPAI PANEN DAN PASKA PANEN TANAMAN...","100014885730313","Fendi Rahmat Efendi","https://scontent-mia3-1.xx.fbcdn.net/v/t39.30808-1/461476965_1982380145601491_2117464953572240106_n.jpg?stp=c130.0.780.780a_cp0_dst-jpg_s32x32&_nc_cat=108&ccb=1-7&_nc_sid=50d2ac&_nc_ohc=AkfVQLqJIZEQ7kNvgF8tCXf&_nc_ht=scontent-mia3-1.xx&_nc_gid=AfTY2BK7d3CdnIXsqp4GkrN&oh=00_AYCn_UNSiYyAg86Bk3qjk-ydRCqRs3vlhO3Wj7kcnM71Sg&oe=67095160","https://www.facebook.com/people/Fendi-Rahmat-Efendi/100014885730313/","Y29tbWVudDo1MzQ5NDIwNzIyNjIzMjFfMTYyMDI4ODgwNTE4NjEzMQ==","Baik kak makasih 🙏","1"
"https://www.facebook.com/100072395977057/videos/1640914896471369/?comment_id=1620288805186131&reply_comment_id=764312232550039",,"2024-10-01T19:49:42.000Z","534942072262321","https://www.facebook.com/100072395977057/videos/1640914896471369/","ZmVlZGJhY2s6NTM0OTQyMDcyMjYyMzIxXzc2NDMxMjIzMjU1MDAzOQ==","Y29tbWVudDo1MzQ5NDIwNzIyNjIzMjFfNzY0MzEyMjMyNTUwMDM5","https://www.facebook.com/100072395977057/videos/1640914896471369/","0",,,,,"User","100014885730313","Fendi Rahmat Efendi","Fendi","Y29tbWVudDo1MzQ5NDIwNzIyNjIzMjFfMTYyMDI4ODgwNTE4NjEzMQ==","CARA MEMBUAT TOWER HIDROPONIK UNTUK MENANAM BERAGAM TANAMAN DI LAHAN TERBATAS SECARA VERTIKAL DARI AWAL PEMBUATAN SAMPAI PANEN DAN PASKA PANEN TANAMAN...","pfbid0mrw5CkvajySJCZNwYrfs56jqBx2E3kJUSUEgKdzNHQaGttG42MmrTQPriiV3ob5Ul","Rose Wely","https://scontent-mia3-1.xx.fbcdn.net/v/t39.30808-1/311914054_549012683894169_772538145445956634_n.jpg?stp=c0.0.300.300a_cp0_dst-jpg_s32x32&_nc_cat=108&ccb=1-7&_nc_sid=0ecb9b&_nc_ohc=ACQfr9MB7pkQ7kNvgGVOx_7&_nc_ht=scontent-mia3-1.xx&_nc_gid=AfTY2BK7d3CdnIXsqp4GkrN&oh=00_AYDKVh8LfDjxQ7x_JL_-3vQGwPpzG6cxsvOm2zPwmES7bw&oe=670949E2","https://www.facebook.com/rose.wely.9","Y29tbWVudDo1MzQ5NDIwNzIyNjIzMjFfMTYyMDI4ODgwNTE4NjEzMQ==","Cmna bentuk dlmnya....dn cara penyiraman.... blh diagram instalsiya ya ...","1"
"https://www.facebook.com/100072395977057/videos/1640914896471369/?comment_id=1770410953787414&reply_comment_id=1675182183048492","3","2024-10-01T03:06:38.000Z","534942072262321","https://www.facebook.com/100072395977057/videos/1640914896471369/","ZmVlZGJhY2s6NTM0OTQyMDcyMjYyMzIxXzE2NzUxODIxODMwNDg0OTI=","Y29tbWVudDo1MzQ5NDIwNzIyNjIzMjFfMTY3NTE4MjE4MzA0ODQ5Mg==","https://www.facebook.com/100072395977057/videos/1640914896471369/","0",,,,,"User","pfbid0sAo9L5XFpLc7Pu2AAauG7GEDkVY98zJmqGVfBV6wR8gF1vcMXr3AfYyoF3aZ3TKUl","Muhamad Tauhid","Muhamad","Y29tbWVudDo1MzQ5NDIwNzIyNjIzMjFfMTc3MDQxMDk1Mzc4NzQxNA==","CARA MEMBUAT TOWER HIDROPONIK UNTUK MENANAM BERAGAM TANAMAN DI LAHAN TERBATAS SECARA VERTIKAL DARI AWAL PEMBUATAN SAMPAI PANEN DAN PASKA PANEN TANAMAN...","100072395977057","Kebun Mahobi","https://scontent-mia3-2.xx.fbcdn.net/v/t39.30808-1/309593998_189851716771360_7588998626521373177_n.jpg?stp=cp0_dst-jpg_s32x32&_nc_cat=109&ccb=1-7&_nc_sid=f4b9fd&_nc_ohc=8T7EY3PHsCAQ7kNvgEhbMFi&_nc_ht=scontent-mia3-2.xx&_nc_gid=AKI7AAbBXxa1pf7fFBxCw9F&oh=00_AYDGD-smWIEaM3t3RCCXoUjOQGuXy59Monv94UgbaYXZGg&oe=6709531D","https://www.facebook.com/people/Kebun-Mahobi/100072395977057/","Y29tbWVudDo1MzQ5NDIwNzIyNjIzMjFfMTc3MDQxMDk1Mzc4NzQxNA==","Muhamad Tauhid di Gunungkidul, D.I.Yogyakarta kak 🙌","1"
"https://www.facebook.com/100072395977057/videos/1640914896471369/?comment_id=1770410953787414&reply_comment_id=1257757488727493",,"2024-10-01T03:40:51.000Z","534942072262321","https://www.facebook.com/100072395977057/videos/1640914896471369/","ZmVlZGJhY2s6NTM0OTQyMDcyMjYyMzIxXzEyNTc3NTc0ODg3Mjc0OTM=","Y29tbWVudDo1MzQ5NDIwNzIyNjIzMjFfMTI1Nzc1NzQ4ODcyNzQ5Mw==","https://www.facebook.com/100072395977057/videos/1640914896471369/","1",,,,,"User","pfbid0sAo9L5XFpLc7Pu2AAauG7GEDkVY98zJmqGVfBV6wR8gF1vcMXr3AfYyoF3aZ3TKUl","Muhamad Tauhid","Muhamad","Y29tbWVudDo1MzQ5NDIwNzIyNjIzMjFfMTc3MDQxMDk1Mzc4NzQxNA==","CARA MEMBUAT TOWER HIDROPONIK UNTUK MENANAM BERAGAM TANAMAN DI LAHAN TERBATAS SECARA VERTIKAL DARI AWAL PEMBUATAN SAMPAI PANEN DAN PASKA PANEN TANAMAN...","pfbid0sAo9L5XFpLc7Pu2AAauG7GEDkVY98zJmqGVfBV6wR8gF1vcMXr3AfYyoF3aZ3TKUl","Muhamad Tauhid","https://scontent-mia3-1.xx.fbcdn.net/v/t39.30808-1/448733500_8091793514177911_1760658322416886504_n.jpg?stp=cp0_dst-jpg_s32x32&_nc_cat=106&ccb=1-7&_nc_sid=0ecb9b&_nc_ohc=V9aHspWNkrYQ7kNvgF4pTeJ&_nc_ht=scontent-mia3-1.xx&_nc_gid=AKI7AAbBXxa1pf7fFBxCw9F&oh=00_AYD0i2-EV6tKmAFYY3ETtNFily2EfaAKQJ9Ro9zq5UAeEw&oe=67095FB1","https://www.facebook.com/peter.patrick.902","Y29tbWVudDo1MzQ5NDIwNzIyNjIzMjFfMTc3MDQxMDk1Mzc4NzQxNA==","Kebun Mahobi Itu dataran tinggi ya ?
Dicirebon cuaca lumayan panas, suhunya tinggi juga.. pernah bikin instalasi pakai pipa suhu air jdi cepet panas","2"
"https://www.facebook.com/100072395977057/videos/1640914896471369/?comment_id=1770410953787414&reply_comment_id=1991970744592064",,"2024-10-01T03:45:54.000Z","534942072262321","https://www.facebook.com/100072395977057/videos/1640914896471369/","ZmVlZGJhY2s6NTM0OTQyMDcyMjYyMzIxXzE5OTE5NzA3NDQ1OTIwNjQ=","Y29tbWVudDo1MzQ5NDIwNzIyNjIzMjFfMTk5MTk3MDc0NDU5MjA2NA==","https://www.facebook.com/100072395977057/videos/1640914896471369/","0",,,,,"User","pfbid0sAo9L5XFpLc7Pu2AAauG7GEDkVY98zJmqGVfBV6wR8gF1vcMXr3AfYyoF3aZ3TKUl","Muhamad Tauhid","Muhamad","Y29tbWVudDo1MzQ5NDIwNzIyNjIzMjFfMTc3MDQxMDk1Mzc4NzQxNA==","CARA MEMBUAT TOWER HIDROPONIK UNTUK MENANAM BERAGAM TANAMAN DI LAHAN TERBATAS SECARA VERTIKAL DARI AWAL PEMBUATAN SAMPAI PANEN DAN PASKA PANEN TANAMAN...","100072395977057","Kebun Mahobi","https://scontent-mia3-2.xx.fbcdn.net/v/t39.30808-1/309593998_189851716771360_7588998626521373177_n.jpg?stp=cp0_dst-jpg_s32x32&_nc_cat=109&ccb=1-7&_nc_sid=f4b9fd&_nc_ohc=8T7EY3PHsCAQ7kNvgEhbMFi&_nc_ht=scontent-mia3-2.xx&_nc_gid=AKI7AAbBXxa1pf7fFBxCw9F&oh=00_AYDGD-smWIEaM3t3RCCXoUjOQGuXy59Monv94UgbaYXZGg&oe=6709531D","https://www.facebook.com/people/Kebun-Mahobi/100072395977057/","Y29tbWVudDo1MzQ5NDIwNzIyNjIzMjFfMTc3MDQxMDk1Mzc4NzQxNA==","Muhamad Tauhid kami di dataran rendah kak sekitar 150-200’an MDPL, sehingga suhu nya juga cukup panas, untuk mengatasi suhu air menjadi hangat bisa dengan cara tandon nutrisi di pendam di tanah, atau dilapisi menggunakan styrofoam atau bubble aluminium foil","2"
"https://www.facebook.com/100072395977057/videos/1640914896471369/?comment_id=1770410953787414&reply_comment_id=1527516404561407",,"2024-10-01T05:14:37.000Z","534942072262321","https://www.facebook.com/100072395977057/videos/1640914896471369/","ZmVlZGJhY2s6NTM0OTQyMDcyMjYyMzIxXzE1Mjc1MTY0MDQ1NjE0MDc=","Y29tbWVudDo1MzQ5NDIwNzIyNjIzMjFfMTUyNzUxNjQwNDU2MTQwNw==","https://www.facebook.com/100072395977057/videos/1640914896471369/","0",,,,,"User","pfbid0sAo9L5XFpLc7Pu2AAauG7GEDkVY98zJmqGVfBV6wR8gF1vcMXr3AfYyoF3aZ3TKUl","Muhamad Tauhid","Muhamad","Y29tbWVudDo1MzQ5NDIwNzIyNjIzMjFfMTc3MDQxMDk1Mzc4NzQxNA==","CARA MEMBUAT TOWER HIDROPONIK UNTUK MENANAM BERAGAM TANAMAN DI LAHAN TERBATAS SECARA VERTIKAL DARI AWAL PEMBUATAN SAMPAI PANEN DAN PASKA PANEN TANAMAN...","pfbid0sAo9L5XFpLc7Pu2AAauG7GEDkVY98zJmqGVfBV6wR8gF1vcMXr3AfYyoF3aZ3TKUl","Muhamad Tauhid","https://scontent-mia3-1.xx.fbcdn.net/v/t39.30808-1/448733500_8091793514177911_1760658322416886504_n.jpg?stp=cp0_dst-jpg_s32x32&_nc_cat=106&ccb=1-7&_nc_sid=0ecb9b&_nc_ohc=V9aHspWNkrYQ7kNvgF4pTeJ&_nc_ht=scontent-mia3-1.xx&_nc_gid=AKI7AAbBXxa1pf7fFBxCw9F&oh=00_AYD0i2-EV6tKmAFYY3ETtNFily2EfaAKQJ9Ro9zq5UAeEw&oe=67095FB1","https://www.facebook.com/peter.patrick.902","Y29tbWVudDo1MzQ5NDIwNzIyNjIzMjFfMTc3MDQxMDk1Mzc4NzQxNA==","Kebun Mahobi untuk instalasi menara spt itu kira2 bakalan cpet panas gak ya?","2"
"https://www.facebook.com/100072395977057/videos/850138030600844/?comment_id=3913872195515362&reply_comment_id=508910555302431","1","2024-10-02T01:35:18.000Z","535610992195429","https://www.facebook.com/100072395977057/videos/850138030600844/","ZmVlZGJhY2s6NTM1NjEwOTkyMTk1NDI5XzUwODkxMDU1NTMwMjQzMQ==","Y29tbWVudDo1MzU2MTA5OTIxOTU0MjlfNTA4OTEwNTU1MzAyNDMx","https://www.facebook.com/100072395977057/videos/850138030600844/","0",,,,,"User","100001826922310","Aby Hafis Al-Syahnu","Aby","Y29tbWVudDo1MzU2MTA5OTIxOTU0MjlfMzkxMzg3MjE5NTUxNTM2Mg==","MENIKMATI DOUBLE PANEN BUDIDAYA IKAN DAN TANAMAN AQUAPONIK DI KEBUN KAMI #garden #ikan #kebun #kebunmini","pfbid036gbYFQMbHwbeVwX4EHZbARSVxKguPokb1bxmpDtjGkYsqYDjjWtnMXSzS4my9jTsl","Rosyiful Wong Jowo","https://scontent.ffln5-1.fna.fbcdn.net/v/t39.30808-1/280871542_7672028556170974_5136573968444111563_n.jpg?stp=cp0_dst-jpg_s32x32&_nc_cat=105&ccb=1-7&_nc_sid=0ecb9b&_nc_ohc=DBoLTcpLBqgQ7kNvgFAGdux&_nc_ht=scontent.ffln5-1.fna&_nc_gid=AhHRMpGxRXE4nq3uQvtnh5u&oh=00_AYB_UKIkSGylqw8mpWQShLU5TGUe68zqvBwSO8uteuxgRg&oe=6709566C","https://www.facebook.com/rosyiful","Y29tbWVudDo1MzU2MTA5OTIxOTU0MjlfMzkxMzg3MjE5NTUxNTM2Mg==","Aby Hafis Al-Syahnu wes tak rencanakan. Tp gak ngono modele.. mben lak weruh.. 😂😂","1"
"https://www.facebook.com/100072395977057/videos/850138030600844/?comment_id=3913872195515362&reply_comment_id=901478291877422",,"2024-10-02T02:27:12.000Z","535610992195429","https://www.facebook.com/100072395977057/videos/850138030600844/","ZmVlZGJhY2s6NTM1NjEwOTkyMTk1NDI5XzkwMTQ3ODI5MTg3NzQyMg==","Y29tbWVudDo1MzU2MTA5OTIxOTU0MjlfOTAxNDc4MjkxODc3NDIy","https://www.facebook.com/100072395977057/videos/850138030600844/","0",,,,,"User","100001826922310","Aby Hafis Al-Syahnu","Aby","Y29tbWVudDo1MzU2MTA5OTIxOTU0MjlfMzkxMzg3MjE5NTUxNTM2Mg==","MENIKMATI DOUBLE PANEN BUDIDAYA IKAN DAN TANAMAN AQUAPONIK DI KEBUN KAMI #garden #ikan #kebun #kebunmini","100001826922310","Aby Hafis Al-Syahnu","https://scontent.ffln5-1.fna.fbcdn.net/v/t39.30808-1/261387718_6581482705255895_4318471544601676509_n.jpg?stp=cp0_dst-jpg_s32x32&_nc_cat=100&ccb=1-7&_nc_sid=50d2ac&_nc_ohc=7K6AVhItl0oQ7kNvgFZQocq&_nc_ht=scontent.ffln5-1.fna&_nc_gid=AhHRMpGxRXE4nq3uQvtnh5u&oh=00_AYBKEkpRTCC6874SBoT-5hgbmaF7NqoTgFmKeRV97myrBQ&oe=67095A0A",,"Y29tbWVudDo1MzU2MTA5OTIxOTU0MjlfMzkxMzg3MjE5NTUxNTM2Mg==","Rosyiful Wong Jowo asyiap","2"
"https://www.facebook.com/reel/1240532300625435/?comment_id=1629003611015706&reply_comment_id=1473531953324927",,"2024-10-03T06:34:33.000Z","536916035398258","https://www.facebook.com/reel/1240532300625435/","ZmVlZGJhY2s6NTM2OTE2MDM1Mzk4MjU4XzE0NzM1MzE5NTMzMjQ5Mjc=","Y29tbWVudDo1MzY5MTYwMzUzOTgyNThfMTQ3MzUzMTk1MzMyNDkyNw==","https://www.facebook.com/reel/1240532300625435/","1","111146814399157","574362981410869:FubsCreatorInfo",,"true","User","pfbid02bY8eP5B3DfhNXaW2Rn6BcFrdrvQwDFdsGRj4f8Nd45u2pqXuiSxXQjYK5obg61pil","Pipih Ardan","Pipih","Y29tbWVudDo1MzY5MTYwMzUzOTgyNThfMTYyOTAwMzYxMTAxNTcwNg==","CARA MEMBUAT TOWER TANAMAN HIDROPONIK 🙌😃 #reels #garden #kebun. Kebun Mahobi · Original audio","pfbid0eC1bf68kZnMY65SSr86Nt22s2drfZ47w63yQpDsheoj6DuDcCvyHJj4wULzWhr9tl","Andreas Febriant","https://scontent.fktm10-1.fna.fbcdn.net/v/t39.30808-1/230456620_6148831411855665_2759660595570204771_n.jpg?stp=cp0_dst-jpg_s32x32&_nc_cat=107&ccb=1-7&_nc_sid=0ecb9b&_nc_ohc=qe3e56eMuwkQ7kNvgGeBfz8&_nc_ht=scontent.fktm10-1.fna&_nc_gid=APrvgzar-6Axp9CJY6s5KMt&oh=00_AYCK63PCG_ikhqVimwVvWIh0mXOufaItOZLKeTXcl51QRw&oe=67095076","https://www.facebook.com/andreas.febriant","Y29tbWVudDo1MzY5MTYwMzUzOTgyNThfMTYyOTAwMzYxMTAxNTcwNg==","Pipih Ardan Pompa aquarium it gk mkan listrik bnyak om.","1"
