﻿"author","authorIsChannelOwner","channelAvatarUrl","channelBannerUrl","channelDescription","channelId","channelJoinedDate","channelLocation","channelName","channelTotalVideos","channelTotalViews","channelUrl","cid","comment","comments","commentsCount","date","descriptionLinks","duration","fromYTUrl","hasCreatorHeart","id","input","inputChannelUrl","isAgeRestricted","isChannelVerified","isMonetized","likes","note","numberOfSubscribers","order","pageUrl","publishedTimeText","replyCount","replyToCid","subtitles","text","thumbnailUrl","title","type","url","videoId","viewCount","voteCount"
,,,,,,,,,,,,,,,,,,,,,,"https://www.youtube.com/@DEDI_TV/about",,,,,,"The channel has no live videos.",,,,,,,,,,,,"https://www.youtube.com/@DEDI_TV/about",,,
,,"https://yt3.googleusercontent.com/pJn1eKLD3d4Awa697OAUhcd9jOQerC3FvUn7CpVplbHjk5EPSQACwtFtVaEq45YS4aoQKNFq-Bw=s160-c-k-c0x00ffffff-no-rj","https://yt3.googleusercontent.com/OrhZ2-g0_PFVy8KS1vfkuAw2G1tueYAmlbtk1BxETMVFgrXmfyOKYL9l4Mch9lobXJ25W2wajg=w2560-fcrop64=1,00005a57ffffa5a8-k-c0xffffffff-no-nd-rj","Selamat datang di Youtube DEDITV

Untuk Endorse atau Kolaborasi Silahkan WhatsApp : 085263564446","UCBhnA05QboupGFuNDDjaAuw","Jul 13, 2014","Indonesia","DEDI TV","77","3534653","https://www.youtube.com/channel/UCBhnA05QboupGFuNDDjaAuw",,,,"4","2023-07-06T08:35:18.000Z",,,"https://www.youtube.com/@DEDI_TV/shorts",,"83lmeFjD-HY",,"https://www.youtube.com/@DEDI_TV/about","false","false",,"40",,"47300","0",,,,,,"Budidaya cabe super lebat
#petani #petanicabe #budidayacabe #deditv #petanimuda #petaniindonesia #petanimilenial","https://i.ytimg.com/vi/83lmeFjD-HY/oar2.jpg?sqp=-oaymwEdCJUDENAFSFWQAgHyq4qpAwwIARUAAIhCcAHAAQY=&rs=AOn4CLCOr1QsRbXhRY2v7rtO-FCB9goYJg","Budidaya Cabe Super Lebat #shorts #budidayacabe #petani","shorts","https://www.youtube.com/shorts/83lmeFjD-HY",,"1373",
,,"https://yt3.googleusercontent.com/pJn1eKLD3d4Awa697OAUhcd9jOQerC3FvUn7CpVplbHjk5EPSQACwtFtVaEq45YS4aoQKNFq-Bw=s160-c-k-c0x00ffffff-no-rj","https://yt3.googleusercontent.com/OrhZ2-g0_PFVy8KS1vfkuAw2G1tueYAmlbtk1BxETMVFgrXmfyOKYL9l4Mch9lobXJ25W2wajg=w2560-fcrop64=1,00005a57ffffa5a8-k-c0xffffffff-no-nd-rj","Selamat datang di Youtube DEDITV

Untuk Endorse atau Kolaborasi Silahkan WhatsApp : 085263564446","UCBhnA05QboupGFuNDDjaAuw","Jul 13, 2014","Indonesia","DEDI TV","77","3534653","https://www.youtube.com/channel/UCBhnA05QboupGFuNDDjaAuw",,,,"3","2021-09-07T15:36:30.000Z",,,"https://www.youtube.com/@DEDI_TV/shorts",,"yTeqT3uYdTw",,"https://www.youtube.com/@DEDI_TV/about","false","false",,"37",,"47300","1",,,,,,"Petani sawit desa banjar seminai kecamatan dayun kabupaten siak

#DEDITV","https://i.ytimg.com/vi/yTeqT3uYdTw/hq720_2.jpg?sqp=-oaymwEdCJUDENAFSFXyq4qpAw8IARUAAIhCcAHAAQbQAQE=&rs=AOn4CLCYCSGGMjxbB6fWgBqBwR1Ozq9b7g","Badan Kecil Tapi Kuat Angkat Sawit Besar #shorts","shorts","https://www.youtube.com/shorts/yTeqT3uYdTw",,"1724",
"@IsaAnsori-PetaniMuda79","false",,,,,,,,,,,"UgxMS7ONaSyI9647lFB4AaABAg","Mantappp",,"8",,,,,"false",,,,,,,,,,,"https://www.youtube.com/watch?v=4aYPCjeLnVI","3 weeks ago","0",,,,,"Menjawab Pertanyaan Netizen : Cara Olah Lahan dan Pemberian Pupuk Dasar Pada Tanaman Cabe","comment",,"4aYPCjeLnVI",,"0"
"@UserBaru-kw5sh","false",,,,,,,,,,,"UgyGJKa0KQdjjbqtIhl4AaABAg","Mantap ni materinya 👍",,"8",,,,,"false",,,,,,,,,,,"https://www.youtube.com/watch?v=4aYPCjeLnVI","1 month ago","0",,,,,"Menjawab Pertanyaan Netizen : Cara Olah Lahan dan Pemberian Pupuk Dasar Pada Tanaman Cabe","comment",,"4aYPCjeLnVI",,"0"
"@Mutoharoh-yl2hj","false",,,,,,,,,,,"UgzriR_ILvdiWNu0EgN4AaABAg","Mantapp 👍👍👍👍",,"8",,,,,"false",,,,,,,,,,,"https://www.youtube.com/watch?v=4aYPCjeLnVI","1 month ago","0",,,,,"Menjawab Pertanyaan Netizen : Cara Olah Lahan dan Pemberian Pupuk Dasar Pada Tanaman Cabe","comment",,"4aYPCjeLnVI",,"0"
"@rassiexplorer","false",,,,,,,,,,,"Ugyk8Tihoug7Ar7HyJ54AaABAg","Setengah bulan dari olahan lahan langsung ditanam sudah cukup bagus ya mas",,"8",,,,,"false",,,,,,,,,,,"https://www.youtube.com/watch?v=4aYPCjeLnVI","1 month ago","0",,,,,"Menjawab Pertanyaan Netizen : Cara Olah Lahan dan Pemberian Pupuk Dasar Pada Tanaman Cabe","comment",,"4aYPCjeLnVI",,"0"
"@jeredewek6730","false",,,,,,,,,,,"UgwBn3WsNBotoCmVnGp4AaABAg","Jos... Bermanfaat",,"8",,,,,"false",,,,,,,,,,,"https://www.youtube.com/watch?v=4aYPCjeLnVI","1 month ago","0",,,,,"Menjawab Pertanyaan Netizen : Cara Olah Lahan dan Pemberian Pupuk Dasar Pada Tanaman Cabe","comment",,"4aYPCjeLnVI",,"0"
"@kenung2059","false",,,,,,,,,,,"UgznUtoX6Mod10cRDTN4AaABAg","Sangat membantu sekali",,"8",,,,,"false",,,,,,,,,,,"https://www.youtube.com/watch?v=4aYPCjeLnVI","1 month ago","0",,,,,"Menjawab Pertanyaan Netizen : Cara Olah Lahan dan Pemberian Pupuk Dasar Pada Tanaman Cabe","comment",,"4aYPCjeLnVI",,"0"
"@FitCentrum-fy7ho","false",,,,,,,,,,,"UgyFVh41jdEguCrNxal4AaABAg","Sangat bermanfaat",,"8",,,,,"false",,,,,,,,,,,"https://www.youtube.com/watch?v=4aYPCjeLnVI","1 month ago","0",,,,,"Menjawab Pertanyaan Netizen : Cara Olah Lahan dan Pemberian Pupuk Dasar Pada Tanaman Cabe","comment",,"4aYPCjeLnVI",,"0"
"@kenung2059","false",,,,,,,,,,,"Ugzt6IQqODuLFKa9ott4AaABAg","Mantap",,"8",,,,,"false",,,,,,,,,,,"https://www.youtube.com/watch?v=4aYPCjeLnVI","1 month ago","0",,,,,"Menjawab Pertanyaan Netizen : Cara Olah Lahan dan Pemberian Pupuk Dasar Pada Tanaman Cabe","comment",,"4aYPCjeLnVI",,"0"
"@samiseedsindonesia3973","false",,,,,,,,,,,"UgzQdM0D5aMUA8iOUGN4AaABAg","Lokasi dmn bg..",,"10",,,,,"false",,,,,,,,,,,"https://www.youtube.com/watch?v=p-1RDvbHnm4","7 days ago","0",,,,,"Menjawab Pertanyaan Netizen : Mengatasi Kutu Kebul Pada Tanaman Cabe","comment",,"p-1RDvbHnm4",,"0"
"@samiseedsindonesia3973","false",,,,,,,,,,,"UgwhnGg--sc36kgFp1h4AaABAg","Itu varietas apa cabe keriting nya..",,"10",,,,,"false",,,,,,,,,,,"https://www.youtube.com/watch?v=p-1RDvbHnm4","7 days ago","0",,,,,"Menjawab Pertanyaan Netizen : Mengatasi Kutu Kebul Pada Tanaman Cabe","comment",,"p-1RDvbHnm4",,"0"
"@samiseedsindonesia3973","false",,,,,,,,,,,"Ugy_6Z4qN13AtDPZcDh4AaABAg","Salam kenal mas.",,"10",,,,,"false",,,,,,,,,,,"https://www.youtube.com/watch?v=p-1RDvbHnm4","7 days ago","0",,,,,"Menjawab Pertanyaan Netizen : Mengatasi Kutu Kebul Pada Tanaman Cabe","comment",,"p-1RDvbHnm4",,"0"
"@frengkyjome5330","false",,,,,,,,,,,"Ugwe2sAFitdpg2FWLRZ4AaABAg","Ini chanel nya rupa nya mobil vios yg lewat depan rumah tadi di kampung sialang sakti 🤭🤭",,"10",,,,,"false",,,,,,,,,,,"https://www.youtube.com/watch?v=p-1RDvbHnm4","8 days ago","1",,,,,"Menjawab Pertanyaan Netizen : Mengatasi Kutu Kebul Pada Tanaman Cabe","comment",,"p-1RDvbHnm4",,"0"
"@Tanichannelnusantara","false",,,,,,,,,,,"UgwBm_nLGy4duqq48VJ4AaABAg","Hadir nyimak bos q🎉terima kasih ilmu nya🙏
Full durasi🎉
Full paket lengkap👌💯",,"10",,,,,"false",,,,,,,,,,,"https://www.youtube.com/watch?v=p-1RDvbHnm4","11 days ago","0",,,,,"Menjawab Pertanyaan Netizen : Mengatasi Kutu Kebul Pada Tanaman Cabe","comment",,"p-1RDvbHnm4",,"0"
"@PetaniKopii","false",,,,,,,,,,,"UgzBuB6m3VXJMDJZR-t4AaABAg","Hadir nyimak malam sahabat tani",,"10",,,,,"false",,,,,,,,,,,"https://www.youtube.com/watch?v=p-1RDvbHnm4","2 weeks ago","0",,,,,"Menjawab Pertanyaan Netizen : Mengatasi Kutu Kebul Pada Tanaman Cabe","comment",,"p-1RDvbHnm4",,"0"
"@muhammadsyafi9542","false",,,,,,,,,,,"UgynvKbHSUS6zk0YW854AaABAg","Pupuk dasar ap saja pak",,"10",,,,,"false",,,,,,,,,,,"https://www.youtube.com/watch?v=p-1RDvbHnm4","3 weeks ago","2",,,,,"Menjawab Pertanyaan Netizen : Mengatasi Kutu Kebul Pada Tanaman Cabe","comment",,"p-1RDvbHnm4",,"0"
"@utdchannel32","false",,,,,,,,,,,"UgxQqDjai4etPlWMZgZ4AaABAg","Hadir nyimak👍",,"1",,,,,"false",,,,,,,,,,,"https://www.youtube.com/watch?v=jXJkpnaoxxA","4 weeks ago","0",,,,,"Menjawab Pertanyaan Netizen : Mengatasi Daun Keriting Pada Tanaman Cabe","comment",,"jXJkpnaoxxA",,"0"
"@omnoy859","false",,,,,,,,,,,"Ugwe2sAFitdpg2FWLRZ4AaABAg.A9-sEmyKO8KA9Ix4uB6X-e","Td sore menjelang maghrib ktemu di 10b lg beli diwarung😂",,"10",,,,,"false",,,,,,,,,,,"https://www.youtube.com/watch?v=p-1RDvbHnm4","1 day ago","0","Ugwe2sAFitdpg2FWLRZ4AaABAg",,,,"Menjawab Pertanyaan Netizen : Mengatasi Kutu Kebul Pada Tanaman Cabe","reply",,"p-1RDvbHnm4",,"1"
"@DEDI_TV","true",,,,,,,,,,,"UgynvKbHSUS6zk0YW854AaABAg.A8I5Itx-QFbA8IDZFjzOid","cek di video sebelum nya bang",,"10",,,,,"false",,,,,,,,,,,"https://www.youtube.com/watch?v=p-1RDvbHnm4","3 weeks ago","0","UgynvKbHSUS6zk0YW854AaABAg",,,,"Menjawab Pertanyaan Netizen : Mengatasi Kutu Kebul Pada Tanaman Cabe","reply",,"p-1RDvbHnm4",,"0"
"@muhammadsyafi9542","false",,,,,,,,,,,"UgynvKbHSUS6zk0YW854AaABAg.A8I5Itx-QFbA8IEKcwXHwM"," @DEDI_TV  yg mna vidionya kang",,"10",,,,,"false",,,,,,,,,,,"https://www.youtube.com/watch?v=p-1RDvbHnm4","3 weeks ago","0","UgynvKbHSUS6zk0YW854AaABAg",,,,"Menjawab Pertanyaan Netizen : Mengatasi Kutu Kebul Pada Tanaman Cabe","reply",,"p-1RDvbHnm4",,"0"
