﻿"attachments/0/__typename","attachments/0/animated_image","attachments/0/blurred_image/uri","attachments/0/cix_screen","attachments/0/frame_count","attachments/0/frame_rate","attachments/0/frames_per_column","attachments/0/frames_per_row","attachments/0/id","attachments/0/image/height","attachments/0/image/uri","attachments/0/image/width","attachments/0/label","attachments/0/massive_image/height","attachments/0/massive_image/width","attachments/0/ocrText","attachments/0/pack","attachments/0/sprite_image","commentUrl","commentsCount","date","facebookId","facebookUrl","feedbackId","id","inputUrl","likesCount","pageAdLibrary/id","pageAdLibrary/woodhenge_creator_info","parentComment/author/__typename","parentComment/author/id","parentComment/author/name","parentComment/author/short_name","parentComment/id","postTitle","profileId","profileName","profilePicture","profileUrl","replyToCommentId","text","threadingDepth"
,,,,,,,,,,,,,,,,,,"https://www.facebook.com/reel/1588080312067240/?comment_id=1076456880821804","3","2024-10-06T14:13:49.000Z","27401800402737579","https://www.facebook.com/reel/1588080312067240/","ZmVlZGJhY2s6Mjc0MDE4MDA0MDI3Mzc1NzlfMTA3NjQ1Njg4MDgyMTgwNA==","Y29tbWVudDoyNzQwMTgwMDQwMjczNzU3OV8xMDc2NDU2ODgwODIxODA0","https://www.facebook.com/reel/1588080312067240/","0","177330225469654",,,,,,,"Tukokne neng Liwa intuk sekilo.. Cayadi Bintang Asia · Original audio","100010890571404","Aris AW","https://scontent.fbgi1-1.fna.fbcdn.net/v/t39.30808-1/445034474_2147125858993746_749019852458135341_n.jpg?stp=cp0_dst-jpg_s32x32&_nc_cat=107&ccb=1-7&_nc_sid=50d2ac&_nc_ohc=MA5Sp1eyDLAQ7kNvgHdTWFb&_nc_ht=scontent.fbgi1-1.fna&_nc_gid=AFTWP1BQYJQuJZkQAOZfq27&oh=00_AYDgaXEDf0Jq4ivCdKKVTyuJfjOBUMS7JS_dlSRPEA8Rrw&oe=67096938","https://www.facebook.com/alwina.98622733",,"Halan2 Yo mas","0"
,,,,,,,,,,,,,,,,,,"https://www.facebook.com/reel/1588080312067240/?comment_id=1773428410135967","1","2024-10-06T10:03:43.000Z","27401800402737579","https://www.facebook.com/reel/1588080312067240/","ZmVlZGJhY2s6Mjc0MDE4MDA0MDI3Mzc1NzlfMTc3MzQyODQxMDEzNTk2Nw==","Y29tbWVudDoyNzQwMTgwMDQwMjczNzU3OV8xNzczNDI4NDEwMTM1OTY3","https://www.facebook.com/reel/1588080312067240/","0","177330225469654",,,,,,,"Tukokne neng Liwa intuk sekilo.. Cayadi Bintang Asia · Original audio","100076440699337","Arifin Putra","https://scontent.fbgi1-1.fna.fbcdn.net/v/t39.30808-1/454634319_519126943978658_6261051174945255639_n.jpg?stp=cp0_dst-jpg_s32x32&_nc_cat=101&ccb=1-7&_nc_sid=50d2ac&_nc_ohc=RLE8ehLyTl8Q7kNvgFl2Vnt&_nc_ht=scontent.fbgi1-1.fna&_nc_gid=AFTWP1BQYJQuJZkQAOZfq27&oh=00_AYDEACKeJWTI_RUhL5JN-_zaYM71NbL_hQzqMit1ocUWEQ&oe=670957A9","https://www.facebook.com/people/Arifin-Putra/100076440699337/",,"🤣🤣🤣🤣","0"
,,,,,,,,,,,,,,,,,,"https://www.facebook.com/reel/1588080312067240/?comment_id=3741419152789939","1","2024-10-06T11:29:10.000Z","27401800402737579","https://www.facebook.com/reel/1588080312067240/","ZmVlZGJhY2s6Mjc0MDE4MDA0MDI3Mzc1NzlfMzc0MTQxOTE1Mjc4OTkzOQ==","Y29tbWVudDoyNzQwMTgwMDQwMjczNzU3OV8zNzQxNDE5MTUyNzg5OTM5","https://www.facebook.com/reel/1588080312067240/","0","177330225469654",,,,,,,"Tukokne neng Liwa intuk sekilo.. Cayadi Bintang Asia · Original audio","pfbid02DxNE7L3N6AaHExWyAwvi4oPzfR6isgYt3VkGaSZkgEkxiXb2kTQcwaX7YXjRLLkil","Kurnia Wan","https://scontent.fbgi1-1.fna.fbcdn.net/v/t39.30808-1/409169992_1577189282814837_4548703811057297330_n.jpg?stp=cp0_dst-jpg_s32x32&_nc_cat=104&ccb=1-7&_nc_sid=0ecb9b&_nc_ohc=r5-xLT5XAVUQ7kNvgHkz-RZ&_nc_ht=scontent.fbgi1-1.fna&_nc_gid=AFTWP1BQYJQuJZkQAOZfq27&oh=00_AYDcwx1VKc-n5FAJvCSo9W2yWsK3p9CJpcT8yiL00QPyUg&oe=67096511","https://www.facebook.com/people/Kurnia-Wan/pfbid02DxNE7L3N6AaHExWyAwvi4oPzfR6isgYt3VkGaSZkgEkxiXb2kTQcwaX7YXjRLLkil/",,"Mending sangu dewe om..😀","0"
"Photo",,"https://scontent.fbgi1-1.fna.fbcdn.net/v/t39.30808-6/462185115_2934942719986011_7198569429196040418_n.jpg?stp=dst-jpg_fb30_s960x960&_nc_cat=108&ccb=1-7&_nc_sid=bd9a62&_nc_ohc=bs2Sx_RR9O4Q7kNvgEYQIJK&_nc_ht=scontent.fbgi1-1.fna&_nc_gid=AFTWP1BQYJQuJZkQAOZfq27&oh=00_AYB6CitNZVNq4rJ3G5acmTBelKjv_Z01lD3X9I3fmDyxMw&oe=67096FA8",,,,,,"2934942713319345","213","https://scontent.fbgi1-1.fna.fbcdn.net/v/t39.30808-6/462185115_2934942719986011_7198569429196040418_n.jpg?stp=dst-jpg_p160x160&_nc_cat=108&ccb=1-7&_nc_sid=bd9a62&_nc_ohc=bs2Sx_RR9O4Q7kNvgEYQIJK&_nc_ht=scontent.fbgi1-1.fna&_nc_gid=AFTWP1BQYJQuJZkQAOZfq27&oh=00_AYDcxlBaaqi2wAWgURVuh7kpCHMaGWbHE8qGW3OWxFQLXQ&oe=67096FA8","160",,"960","720","May be an image of coffee cup and coffee",,,"https://www.facebook.com/reel/1588080312067240/?comment_id=1053891772690745","1","2024-10-06T09:38:10.000Z","27401800402737579","https://www.facebook.com/reel/1588080312067240/","ZmVlZGJhY2s6Mjc0MDE4MDA0MDI3Mzc1NzlfMTA1Mzg5MTc3MjY5MDc0NQ==","Y29tbWVudDoyNzQwMTgwMDQwMjczNzU3OV8xMDUzODkxNzcyNjkwNzQ1","https://www.facebook.com/reel/1588080312067240/","0","177330225469654",,,,,,,"Tukokne neng Liwa intuk sekilo.. Cayadi Bintang Asia · Original audio","100004109346822","Anton Sulaiman Bintang Asia","https://scontent.fbgi1-1.fna.fbcdn.net/v/t39.30808-1/408038176_2702817406531878_9133290973397502973_n.jpg?stp=cp0_dst-jpg_s32x32&_nc_cat=100&ccb=1-7&_nc_sid=50d2ac&_nc_ohc=J3QfdHxLzRUQ7kNvgEdXOJp&_nc_ht=scontent.fbgi1-1.fna&_nc_gid=AFTWP1BQYJQuJZkQAOZfq27&oh=00_AYB9iu5IC2ZPyoApnjunrMPgNg6YxylujvEVmJnK7N7Enw&oe=67095383","https://www.facebook.com/antonsulaiman95",,"100rb segelas 😭😭","0"
,,,,,,,,,,,,,,,,,,"https://www.facebook.com/reel/1588080312067240/?comment_id=1612291032650742","1","2024-10-06T09:39:51.000Z","27401800402737579","https://www.facebook.com/reel/1588080312067240/","ZmVlZGJhY2s6Mjc0MDE4MDA0MDI3Mzc1NzlfMTYxMjI5MTAzMjY1MDc0Mg==","Y29tbWVudDoyNzQwMTgwMDQwMjczNzU3OV8xNjEyMjkxMDMyNjUwNzQy","https://www.facebook.com/reel/1588080312067240/","0","177330225469654",,,,,,,"Tukokne neng Liwa intuk sekilo.. Cayadi Bintang Asia · Original audio","100007578522755","Renzy Bintangasia","https://scontent.fbgi1-1.fna.fbcdn.net/v/t39.30808-1/426012403_3605728109689771_2277782955804277447_n.jpg?stp=cp0_dst-jpg_s32x32&_nc_cat=104&ccb=1-7&_nc_sid=50d2ac&_nc_ohc=8B4n2B0-e5EQ7kNvgF2V86l&_nc_ht=scontent.fbgi1-1.fna&_nc_gid=AFTWP1BQYJQuJZkQAOZfq27&oh=00_AYAUmA1hqpcZRVkw91UgQGss9LcsuAaX6AbzcnXIUX3kug&oe=67094D44","https://www.facebook.com/renzi.prayuda",,"Ojo lali mampir neg pondok boss😂","0"
,,,,,,,,,,,,,,,,,,"https://www.facebook.com/cayadi.santosa/videos/1497251037820173/?comment_id=1912190525927821",,"2024-09-30T11:28:45.000Z","27297625219821765","https://www.facebook.com/cayadi.santosa/videos/1497251037820173/","ZmVlZGJhY2s6MjcyOTc2MjUyMTk4MjE3NjVfMTkxMjE5MDUyNTkyNzgyMQ==","Y29tbWVudDoyNzI5NzYyNTIxOTgyMTc2NV8xOTEyMTkwNTI1OTI3ODIx","https://www.facebook.com/cayadi.santosa/videos/1497251037820173/","1",,,,,,,,"Belajar sambil berusaha...","100000029645476","Cayadi Bintang Asia","https://scontent.fixr5-1.fna.fbcdn.net/v/t31.18172-1/15724565_1469077786436529_7264600135043183638_o.jpg?stp=c0.200.1200.1200a_cp0_dst-jpg_s32x32&_nc_cat=101&ccb=1-7&_nc_sid=db5862&_nc_ohc=aebx7slmUzMQ7kNvgFmZjBo&_nc_ht=scontent.fixr5-1.fna&_nc_gid=AJ35DOfnvfyLMAewI6KATKo&oh=00_AYCSLgFfHvam8CeyUFdxZb7JO8HbVu9c-_trtGuUmVkAEg&oe=672B057E","https://www.facebook.com/cayadi.santosa",,"Belajar mas. Dikit2...","0"
"Sticker",,,,"1","83","1","1","828664565566282","128","https://scontent.fixr1-1.fna.fbcdn.net/v/t39.1997-6/450177204_828664568899615_8526820498811056138_n.png?stp=dst-png_s168x128&_nc_cat=107&ccb=1-7&_nc_sid=23dd7b&_nc_ohc=kcjl-QN9nJkQ7kNvgE2b7yy&_nc_ht=scontent.fixr1-1.fna&_nc_gid=AJ35DOfnvfyLMAewI6KATKo&oh=00_AYDPGcKhsMoYlRzLg3Y499vOI0B2xilpTf--lUo2TSlNLQ&oe=67095CC4","128","",,,,,,"https://www.facebook.com/cayadi.santosa/videos/1497251037820173/?comment_id=513252694653828",,"2024-09-30T11:10:39.000Z","27297625219821765","https://www.facebook.com/cayadi.santosa/videos/1497251037820173/","ZmVlZGJhY2s6MjcyOTc2MjUyMTk4MjE3NjVfNTEzMjUyNjk0NjUzODI4","Y29tbWVudDoyNzI5NzYyNTIxOTgyMTc2NV81MTMyNTI2OTQ2NTM4Mjg=","https://www.facebook.com/cayadi.santosa/videos/1497251037820173/","0",,,,,,,,"Belajar sambil berusaha...","100010890571404","Aris AW","https://scontent.fixr1-1.fna.fbcdn.net/v/t39.30808-1/445034474_2147125858993746_749019852458135341_n.jpg?stp=cp0_dst-jpg_s32x32&_nc_cat=107&ccb=1-7&_nc_sid=50d2ac&_nc_ohc=MA5Sp1eyDLAQ7kNvgFfd7Hv&_nc_ht=scontent.fixr1-1.fna&_nc_gid=AJ35DOfnvfyLMAewI6KATKo&oh=00_AYC512WY_nDlsMpjf4ZnYS8xTdZVdMdorgmR-bLzQ7-VxQ&oe=67096938","https://www.facebook.com/alwina.98622733",,,"0"
,,,,,,,,,,,,,,,,,,"https://www.facebook.com/reel/1588080312067240/?comment_id=1053891772690745&reply_comment_id=1612535092660005",,"2024-10-06T09:42:13.000Z","27401800402737579","https://www.facebook.com/reel/1588080312067240/","ZmVlZGJhY2s6Mjc0MDE4MDA0MDI3Mzc1NzlfMTYxMjUzNTA5MjY2MDAwNQ==","Y29tbWVudDoyNzQwMTgwMDQwMjczNzU3OV8xNjEyNTM1MDkyNjYwMDA1","https://www.facebook.com/reel/1588080312067240/","0","177330225469654",,"User","100004109346822","Anton Sulaiman Bintang Asia","Anton Sulaiman","Y29tbWVudDoyNzQwMTgwMDQwMjczNzU3OV8xMDUzODkxNzcyNjkwNzQ1","Tukokne neng Liwa intuk sekilo.. Cayadi Bintang Asia · Original audio","100000029645476","Cayadi Bintang Asia","https://scontent-lga3-2.xx.fbcdn.net/v/t31.18172-1/15724565_1469077786436529_7264600135043183638_o.jpg?stp=c0.200.1200.1200a_cp0_dst-jpg_s32x32&_nc_cat=101&ccb=1-7&_nc_sid=db5862&_nc_ohc=aebx7slmUzMQ7kNvgF8IdYM&_nc_ht=scontent-lga3-2.xx&_nc_gid=Aa4zk_XaGnFgxTfF0VXp3EN&oh=00_AYDXGcX5ApU-Bf_XVl4gvER4WjnmLvNZcc8Pe55UHeJIMg&oe=672B057E","https://www.facebook.com/cayadi.santosa","Y29tbWVudDoyNzQwMTgwMDQwMjczNzU3OV8xMDUzODkxNzcyNjkwNzQ1","Anton Sulaiman Bintang Asia hidup ini kers kawan...","1"
,,,,,,,,,,,,,,,,,,"https://www.facebook.com/reel/1588080312067240/?comment_id=3741419152789939&reply_comment_id=1694403734652256",,"2024-10-06T12:26:20.000Z","27401800402737579","https://www.facebook.com/reel/1588080312067240/","ZmVlZGJhY2s6Mjc0MDE4MDA0MDI3Mzc1NzlfMTY5NDQwMzczNDY1MjI1Ng==","Y29tbWVudDoyNzQwMTgwMDQwMjczNzU3OV8xNjk0NDAzNzM0NjUyMjU2","https://www.facebook.com/reel/1588080312067240/","0","177330225469654",,"User","pfbid02DxNE7L3N6AaHExWyAwvi4oPzfR6isgYt3VkGaSZkgEkxiXb2kTQcwaX7YXjRLLkil","Kurnia Wan","Kurnia","Y29tbWVudDoyNzQwMTgwMDQwMjczNzU3OV8zNzQxNDE5MTUyNzg5OTM5","Tukokne neng Liwa intuk sekilo.. Cayadi Bintang Asia · Original audio","100000029645476","Cayadi Bintang Asia","https://scontent.fnbe1-2.fna.fbcdn.net/v/t31.18172-1/15724565_1469077786436529_7264600135043183638_o.jpg?stp=c0.200.1200.1200a_cp0_dst-jpg_s32x32&_nc_cat=101&ccb=1-7&_nc_sid=db5862&_nc_ohc=aebx7slmUzMQ7kNvgETkObi&_nc_ht=scontent.fnbe1-2.fna&_nc_gid=APyCaHqqDfwUKHC9yDh1ZVR&oh=00_AYD0isXNurBMIyocwQJm078KHF8E1_HKswdkUxRJnGk2kg&oe=672B057E","https://www.facebook.com/cayadi.santosa","Y29tbWVudDoyNzQwMTgwMDQwMjczNzU3OV8zNzQxNDE5MTUyNzg5OTM5","Kurnia Wan gowo. Moso Yo arep jaluk banyu panas","1"
,,,,,,,,,,,,,,,,,,"https://www.facebook.com/reel/1588080312067240/?comment_id=1773428410135967&reply_comment_id=328430340331639",,"2024-10-06T10:26:57.000Z","27401800402737579","https://www.facebook.com/reel/1588080312067240/","ZmVlZGJhY2s6Mjc0MDE4MDA0MDI3Mzc1NzlfMzI4NDMwMzQwMzMxNjM5","Y29tbWVudDoyNzQwMTgwMDQwMjczNzU3OV8zMjg0MzAzNDAzMzE2Mzk=","https://www.facebook.com/reel/1588080312067240/","1","177330225469654",,"User","100076440699337","Arifin Putra","Arifin","Y29tbWVudDoyNzQwMTgwMDQwMjczNzU3OV8xNzczNDI4NDEwMTM1OTY3","Tukokne neng Liwa intuk sekilo.. Cayadi Bintang Asia · Original audio","100000029645476","Cayadi Bintang Asia","https://scontent.fsac1-1.fna.fbcdn.net/v/t31.18172-1/15724565_1469077786436529_7264600135043183638_o.jpg?stp=c0.200.1200.1200a_cp0_dst-jpg_s32x32&_nc_cat=101&ccb=1-7&_nc_sid=db5862&_nc_ohc=aebx7slmUzMQ7kNvgGmJXIr&_nc_ht=scontent.fsac1-1.fna&_nc_gid=AfwWYJSB0ac-9M6GzvcG198&oh=00_AYAzk9812tgCE5Lsa8-iuPAdw5C5IiT_dpdzuGU31jsAnA&oe=672B057E","https://www.facebook.com/cayadi.santosa","Y29tbWVudDoyNzQwMTgwMDQwMjczNzU3OV8xNzczNDI4NDEwMTM1OTY3","Arifin Putra terkejut saya","1"
,,,,,,,,,,,,,,,,,,"https://www.facebook.com/reel/1588080312067240/?comment_id=1076456880821804&reply_comment_id=1531711947437285","2","2024-10-06T14:29:44.000Z","27401800402737579","https://www.facebook.com/reel/1588080312067240/","ZmVlZGJhY2s6Mjc0MDE4MDA0MDI3Mzc1NzlfMTUzMTcxMTk0NzQzNzI4NQ==","Y29tbWVudDoyNzQwMTgwMDQwMjczNzU3OV8xNTMxNzExOTQ3NDM3Mjg1","https://www.facebook.com/reel/1588080312067240/","1","177330225469654",,"User","100010890571404","Aris AW","Aris","Y29tbWVudDoyNzQwMTgwMDQwMjczNzU3OV8xMDc2NDU2ODgwODIxODA0","Tukokne neng Liwa intuk sekilo.. Cayadi Bintang Asia · Original audio","100000029645476","Cayadi Bintang Asia","https://scontent-sea1-1.xx.fbcdn.net/v/t31.18172-1/15724565_1469077786436529_7264600135043183638_o.jpg?stp=c0.200.1200.1200a_cp0_dst-jpg_s32x32&_nc_cat=101&ccb=1-7&_nc_sid=db5862&_nc_ohc=aebx7slmUzMQ7kNvgEinCIK&_nc_ht=scontent-sea1-1.xx&_nc_gid=A7K6nOPMcBbxihoNM4OOXU8&oh=00_AYAN5SUEX_bce79WKiB7yjzSzdWzUM6Z4jI75rGYiX9EJQ&oe=672B057E","https://www.facebook.com/cayadi.santosa","Y29tbWVudDoyNzQwMTgwMDQwMjczNzU3OV8xMDc2NDU2ODgwODIxODA0","Aris AW Iyo mas tugas negara Ki...","1"
,,,,,,,,,,,,,,,,,,"https://www.facebook.com/reel/1588080312067240/?comment_id=1076456880821804&reply_comment_id=545585831188769",,"2024-10-06T14:56:51.000Z","27401800402737579","https://www.facebook.com/reel/1588080312067240/","ZmVlZGJhY2s6Mjc0MDE4MDA0MDI3Mzc1NzlfNTQ1NTg1ODMxMTg4NzY5","Y29tbWVudDoyNzQwMTgwMDQwMjczNzU3OV81NDU1ODU4MzExODg3Njk=","https://www.facebook.com/reel/1588080312067240/","0","177330225469654",,"User","100010890571404","Aris AW","Aris","Y29tbWVudDoyNzQwMTgwMDQwMjczNzU3OV8xMDc2NDU2ODgwODIxODA0","Tukokne neng Liwa intuk sekilo.. Cayadi Bintang Asia · Original audio","100010890571404","Aris AW","https://scontent-sea1-1.xx.fbcdn.net/v/t39.30808-1/445034474_2147125858993746_749019852458135341_n.jpg?stp=cp0_dst-jpg_s32x32&_nc_cat=107&ccb=1-7&_nc_sid=50d2ac&_nc_ohc=MA5Sp1eyDLAQ7kNvgFRtBDz&_nc_ht=scontent-sea1-1.xx&_nc_gid=A7K6nOPMcBbxihoNM4OOXU8&oh=00_AYBpWLeHo5pvbtWktifw0SMu18gSNsoH8xmmW_t48AtSEw&oe=67096938","https://www.facebook.com/alwina.98622733","Y29tbWVudDoyNzQwMTgwMDQwMjczNzU3OV8xMDc2NDU2ODgwODIxODA0","Cayadi Bintang Asia mantap... semangat","2"
,,,,,,,,,,,,,,,,,,"https://www.facebook.com/reel/1588080312067240/?comment_id=1076456880821804&reply_comment_id=464109619992616",,"2024-10-06T14:57:20.000Z","27401800402737579","https://www.facebook.com/reel/1588080312067240/","ZmVlZGJhY2s6Mjc0MDE4MDA0MDI3Mzc1NzlfNDY0MTA5NjE5OTkyNjE2","Y29tbWVudDoyNzQwMTgwMDQwMjczNzU3OV80NjQxMDk2MTk5OTI2MTY=","https://www.facebook.com/reel/1588080312067240/","1","177330225469654",,"User","100010890571404","Aris AW","Aris","Y29tbWVudDoyNzQwMTgwMDQwMjczNzU3OV8xMDc2NDU2ODgwODIxODA0","Tukokne neng Liwa intuk sekilo.. Cayadi Bintang Asia · Original audio","100000029645476","Cayadi Bintang Asia","https://scontent-sea1-1.xx.fbcdn.net/v/t31.18172-1/15724565_1469077786436529_7264600135043183638_o.jpg?stp=c0.200.1200.1200a_cp0_dst-jpg_s32x32&_nc_cat=101&ccb=1-7&_nc_sid=db5862&_nc_ohc=aebx7slmUzMQ7kNvgEinCIK&_nc_ht=scontent-sea1-1.xx&_nc_gid=A7K6nOPMcBbxihoNM4OOXU8&oh=00_AYAN5SUEX_bce79WKiB7yjzSzdWzUM6Z4jI75rGYiX9EJQ&oe=672B057E","https://www.facebook.com/cayadi.santosa","Y29tbWVudDoyNzQwMTgwMDQwMjczNzU3OV8xMDc2NDU2ODgwODIxODA0","Aris AW kewajiban massee.","2"
,,,,,,,,,,,,,,,,,,"https://www.facebook.com/reel/1588080312067240/?comment_id=1612291032650742&reply_comment_id=525923833512190",,"2024-10-06T09:42:31.000Z","27401800402737579","https://www.facebook.com/reel/1588080312067240/","ZmVlZGJhY2s6Mjc0MDE4MDA0MDI3Mzc1NzlfNTI1OTIzODMzNTEyMTkw","Y29tbWVudDoyNzQwMTgwMDQwMjczNzU3OV81MjU5MjM4MzM1MTIxOTA=","https://www.facebook.com/reel/1588080312067240/","0","177330225469654",,"User","100007578522755","Renzy Bintangasia","Renzy","Y29tbWVudDoyNzQwMTgwMDQwMjczNzU3OV8xNjEyMjkxMDMyNjUwNzQy","Tukokne neng Liwa intuk sekilo.. Cayadi Bintang Asia · Original audio","100000029645476","Cayadi Bintang Asia","https://scontent.fqcj2-1.fna.fbcdn.net/v/t31.18172-1/15724565_1469077786436529_7264600135043183638_o.jpg?stp=c0.200.1200.1200a_cp0_dst-jpg_s32x32&_nc_cat=101&ccb=1-7&_nc_sid=db5862&_nc_ohc=aebx7slmUzMQ7kNvgE_cdcv&_nc_ht=scontent.fqcj2-1.fna&_nc_gid=ASfCHCZv27YA2XBPQIKuFkH&oh=00_AYC-gN394fk5TApDCs6ZetOn_84Nbe_-04mDOCHx-0t4Kw&oe=672B057E","https://www.facebook.com/cayadi.santosa","Y29tbWVudDoyNzQwMTgwMDQwMjczNzU3OV8xNjEyMjkxMDMyNjUwNzQy","Renzy Bintangasia pondok ndi boz?","1"
