﻿"channelAvatarUrl","channelBannerUrl","channelDescription","channelId","channelJoinedDate","channelLocation","channelName","channelTotalVideos","channelTotalViews","channelUrl","comments","commentsCount","commentsTurnedOff","date","descriptionLinks","descriptionLinks/0/text","descriptionLinks/0/url","descriptionLinks/1/text","descriptionLinks/1/url","descriptionLinks/2/text","descriptionLinks/2/url","descriptionLinks/3/text","descriptionLinks/3/url","descriptionLinks/4/text","descriptionLinks/4/url","descriptionLinks/5/text","descriptionLinks/5/url","descriptionLinks/6/text","descriptionLinks/6/url","descriptionLinks/7/text","descriptionLinks/7/url","descriptionLinks/8/text","descriptionLinks/8/url","descriptionLinks/9/text","descriptionLinks/9/url","descriptionLinks/10/text","descriptionLinks/10/url","descriptionLinks/11/text","descriptionLinks/11/url","descriptionLinks/12/text","descriptionLinks/12/url","duration","fromYTUrl","id","input","inputChannelUrl","isAgeRestricted","isChannelVerified","isMonetized","likes","location","note","numberOfSubscribers","order","subtitles","text","thumbnailUrl","title","type","url","viewCount"
,,,,,,,,,,,,,,,,,,,,,,,,,,,,,,,,,,,,,,,,,,,,"https://youtube.com/@mohamadcali8259/videos",,,,,,,"The channel has no live videos.",,,,,,,,"https://youtube.com/@mohamadcali8259/about",
"https://yt3.googleusercontent.com/zjUWuG4XuifWv5wmxweKOlLSQdFZI_ozJFCAtywuObCyfYn1P3cOpl9rjPVfqp7P_YruM9ownw=s160-c-k-c0x00ffffff-no-rj",,"#keinginan
#menzet
#lingkungan","UCLumhm5dZ_lPhpCcaFB4bsQ","Apr 1, 2016",,"Muhamad Cali Pertanian","10","65504","https://www.youtube.com/channel/UCLumhm5dZ_lPhpCcaFB4bsQ",,"1",,"2024-09-25T03:07:03.000Z",,,,,,,,,,,,,,,,,,,,,,,,,,,,,"https://youtube.com/@mohamadcali8259/shorts","W-m4R4fFLuM",,"https://youtube.com/@mohamadcali8259/videos","false","false",,"1",,,"287","0",,,"https://i.ytimg.com/vi/W-m4R4fFLuM/oar2.jpg?sqp=-oaymwEdCJUDENAFSFWQAgHyq4qpAwwIARUAAIhCcAHAAQY=&rs=AOn4CLCGOUgJ3IYa6H32x_dgOtKf8mm_tQ","Kacang Panjang Panzer Buah Tahan Simpan #petaniindonesia #petanibintangasiA #petanimilenial #farming","shorts","https://youtube.com/shorts/W-m4R4fFLuM","53"
"https://yt3.googleusercontent.com/zjUWuG4XuifWv5wmxweKOlLSQdFZI_ozJFCAtywuObCyfYn1P3cOpl9rjPVfqp7P_YruM9ownw=s160-c-k-c0x00ffffff-no-rj",,"#keinginan
#menzet
#lingkungan","UCLumhm5dZ_lPhpCcaFB4bsQ","Apr 1, 2016",,"Muhamad Cali Pertanian","10","65504","https://www.youtube.com/channel/UCLumhm5dZ_lPhpCcaFB4bsQ",,"0","false","2024-09-25T03:16:54.000Z",,"#benihcitraasia","https://www.youtube.com/hashtag/benihcitraasia","#benih_bintangasia","https://www.youtube.com/hashtag/benih_bintangasia","#benihunggulbintangasia","https://www.youtube.com/hashtag/benihunggulbintangasia","#pastibisapastisukses","https://www.youtube.com/hashtag/pastibisapastisukses","#inovasianaknegeri","https://www.youtube.com/hashtag/inovasianaknegeri","#sahabatbintangasia","https://www.youtube.com/hashtag/sahabatbintangasia","#benih","https://www.youtube.com/hashtag/benih","#petani","https://www.youtube.com/hashtag/petani","#petanimuda","https://www.youtube.com/hashtag/petanimuda","#petaniindonesia","https://www.youtube.com/hashtag/petaniindonesia","#petanimilenial","https://www.youtube.com/hashtag/petanimilenial","#suksesbersamapetanibintangasiA","https://www.youtube.com/hashtag/suksesbersamapetanibintangasia",,,"00:01:29","https://youtube.com/@mohamadcali8259/videos","PaKwhBfql2c",,"https://youtube.com/@mohamadcali8259/videos","false","false",,"2","KARYA JAYA",,"287",,,"@benihcitraasia

@benih_bintangasia

#benihcitraasia

#benih_bintangasia

#benihunggulbintangasia 

#pastibisapastisukses

#inovasianaknegeri

#sahabatbintangasia 

#benih 

#petani 

#petanimuda 

#petaniindonesia 

#petanimilenial

#suksesbersamapetanibintangasiA","https://i.ytimg.com/vi/PaKwhBfql2c/maxresdefault.jpg?sqp=-oaymwEmCIAKENAF8quKqQMa8AEB-AH-CYAC0AWKAgwIABABGEkgZSgwMA8=&rs=AOn4CLDS-_vXWpD83yjRDP32IQjSYtOC1w","Kacang Panjang Panzer Potensi Panen Sampai 3 ton Perhektar.         Tahan Simpan, Pancang 88 cm.","video","https://www.youtube.com/watch?v=PaKwhBfql2c","13"
"https://yt3.googleusercontent.com/zjUWuG4XuifWv5wmxweKOlLSQdFZI_ozJFCAtywuObCyfYn1P3cOpl9rjPVfqp7P_YruM9ownw=s160-c-k-c0x00ffffff-no-rj",,"#keinginan
#menzet
#lingkungan","UCLumhm5dZ_lPhpCcaFB4bsQ","Apr 1, 2016",,"Muhamad Cali Pertanian","10","65504","https://www.youtube.com/channel/UCLumhm5dZ_lPhpCcaFB4bsQ",,"3","false","2024-09-13T11:54:20.000Z",,"#benihcitraasia","https://www.youtube.com/hashtag/benihcitraasia","#benih_bintangasia","https://www.youtube.com/hashtag/benih_bintangasia","#benihunggulbintangasia","https://www.youtube.com/hashtag/benihunggulbintangasia","#pastibisapastisukses","https://www.youtube.com/hashtag/pastibisapastisukses","#inovasianaknegeri","https://www.youtube.com/hashtag/inovasianaknegeri","#sahabatbintangasia","https://www.youtube.com/hashtag/sahabatbintangasia","#benih","https://www.youtube.com/hashtag/benih","#petani","https://www.youtube.com/hashtag/petani","#petanimuda","https://www.youtube.com/hashtag/petanimuda","#petaniindonesia","https://www.youtube.com/hashtag/petaniindonesia","#petanimilenial","https://www.youtube.com/hashtag/petanimilenial","#suksesbersamapetanibintangasiA","https://www.youtube.com/hashtag/suksesbersamapetanibintangasia",,,"00:01:12","https://youtube.com/@mohamadcali8259/videos","4EEV5Uytyo8",,"https://youtube.com/@mohamadcali8259/videos","false","false",,"7","UETOLI",,"287",,,"@benihcitraasia

@benih_bintangasia

#benihcitraasia

#benih_bintangasia

#benihunggulbintangasia 

#pastibisapastisukses

#inovasianaknegeri

#sahabatbintangasia 

#benih 

#petani 

#petanimuda 

#petaniindonesia 

#petanimilenial
#suksesbersamapetanibintangasiA","https://i.ytimg.com/vi/4EEV5Uytyo8/maxresdefault.jpg?sqp=-oaymwEmCIAKENAF8quKqQMa8AEB-AH-CYAC0AWKAgwIABABGFsgZSg-MA8=&rs=AOn4CLBH2mQdJ0ru3zNtMQUAejaP7gi_Zw","Buah sangat lebat Vitalia F1 #petaniindonesia #pertanian #petanimilenial","video","https://www.youtube.com/watch?v=4EEV5Uytyo8","39"
"https://yt3.googleusercontent.com/zjUWuG4XuifWv5wmxweKOlLSQdFZI_ozJFCAtywuObCyfYn1P3cOpl9rjPVfqp7P_YruM9ownw=s160-c-k-c0x00ffffff-no-rj",,"#keinginan
#menzet
#lingkungan","UCLumhm5dZ_lPhpCcaFB4bsQ","Apr 1, 2016",,"Muhamad Cali Pertanian","10","65504","https://www.youtube.com/channel/UCLumhm5dZ_lPhpCcaFB4bsQ",,"8","false","2024-09-19T14:49:01.000Z",,"#petaniindonesia","https://www.youtube.com/hashtag/petaniindonesia","#suksesbersamapetanibintangasia","https://www.youtube.com/hashtag/suksesbersamapetanibintangasia","#benihcitraasia","https://www.youtube.com/hashtag/benihcitraasia","#benih_bintangasia","https://www.youtube.com/hashtag/benih_bintangasia","#benihunggulbintangasia","https://www.youtube.com/hashtag/benihunggulbintangasia","#pastibisapastisukses","https://www.youtube.com/hashtag/pastibisapastisukses","#inovasianaknegeri","https://www.youtube.com/hashtag/inovasianaknegeri","#sahabatbintangasia","https://www.youtube.com/hashtag/sahabatbintangasia","#benih","https://www.youtube.com/hashtag/benih","#petani","https://www.youtube.com/hashtag/petani","#petanimuda","https://www.youtube.com/hashtag/petanimuda","#petaniindonesia","https://www.youtube.com/hashtag/petaniindonesia","#petanimilenial","https://www.youtube.com/hashtag/petanimilenial","00:03:03","https://youtube.com/@mohamadcali8259/videos","JheWXJrQxl0",,"https://youtube.com/@mohamadcali8259/videos","false","false",,"12","ONDO ONDOLU",,"287",,,"#petaniindonesia #suksesbersamapetanibintangasia
@benihcitraasia

@benih_bintangasia

#benihcitraasia

#benih_bintangasia

#benihunggulbintangasia 

#pastibisapastisukses

#inovasianaknegeri

#sahabatbintangasia 

#benih 

#petani 

#petanimuda 

#petaniindonesia 

#petanimilenial","https://i.ytimg.com/vi/JheWXJrQxl0/maxresdefault.jpg?sqp=-oaymwEmCIAKENAF8quKqQMa8AEB-AH-CYAC0AWKAgwIABABGEogZSg9MA8=&rs=AOn4CLD1sttsJppQtkwxzoM65q0lW-PLTg","Perjalan Melihat Pertumbuhan Jagung Betras 9 di gunung Ondo Ndoluu ketinggian ± 600 MDPL #pertanian","video","https://www.youtube.com/watch?v=JheWXJrQxl0","87"
