﻿"author","authorIsChannelOwner","channelId","channelName","channelUrl","cid","comment","comments","commentsCount","commentsTurnedOff","date","descriptionLinks","descriptionLinks/0/text","descriptionLinks/0/url","descriptionLinks/1/text","descriptionLinks/1/url","descriptionLinks/2/text","descriptionLinks/2/url","descriptionLinks/3/text","descriptionLinks/3/url","descriptionLinks/4/text","descriptionLinks/4/url","descriptionLinks/5/text","descriptionLinks/5/url","descriptionLinks/6/text","descriptionLinks/6/url","descriptionLinks/7/text","descriptionLinks/7/url","descriptionLinks/8/text","descriptionLinks/8/url","descriptionLinks/9/text","descriptionLinks/9/url","descriptionLinks/10/text","descriptionLinks/10/url","descriptionLinks/11/text","descriptionLinks/11/url","duration","hasCreatorHeart","id","isMonetized","likes","location","numberOfSubscribers","pageUrl","publishedTimeText","replyCount","replyToCid","subtitles","text","thumbnailUrl","title","type","url","videoId","viewCount","voteCount"
,,"UCLumhm5dZ_lPhpCcaFB4bsQ","Muhamad Cali Pertanian","https://www.youtube.com/@mohamadcali8259",,,,"1",,"2024-09-25T03:07:03.000Z",,,,,,,,,,,,,,,,,,,,,,,,,,,,"W-m4R4fFLuM",,"1",,,,,,,,,,"Kacang Panjang Panzer Buah Tahan Simpan #petaniindonesia #petanibintangasiA #petanimilenial #farming","shorts","https://youtube.com/shorts/W-m4R4fFLuM",,"53",
,,"UCLumhm5dZ_lPhpCcaFB4bsQ","Muhamad Cali Pertanian","https://www.youtube.com/@mohamadcali8259",,,,"0","false","2024-09-25T03:16:54.000Z",,"#benihcitraasia","https://www.youtube.com/hashtag/benihcitraasia","#benih_bintangasia","https://www.youtube.com/hashtag/benih_bintangasia","#benihunggulbintangasia","https://www.youtube.com/hashtag/benihunggulbintangasia","#pastibisapastisukses","https://www.youtube.com/hashtag/pastibisapastisukses","#inovasianaknegeri","https://www.youtube.com/hashtag/inovasianaknegeri","#sahabatbintangasia","https://www.youtube.com/hashtag/sahabatbintangasia","#benih","https://www.youtube.com/hashtag/benih","#petani","https://www.youtube.com/hashtag/petani","#petanimuda","https://www.youtube.com/hashtag/petanimuda","#petaniindonesia","https://www.youtube.com/hashtag/petaniindonesia","#petanimilenial","https://www.youtube.com/hashtag/petanimilenial","#suksesbersamapetanibintangasiA","https://www.youtube.com/hashtag/suksesbersamapetanibintangasia","00:01:29",,"PaKwhBfql2c",,"2","KARYA JAYA","287",,,,,,"@benihcitraasia

@benih_bintangasia

#benihcitraasia

#benih_bintangasia

#benihunggulbintangasia 

#pastibisapastisukses

#inovasianaknegeri

#sahabatbintangasia 

#benih 

#petani 

#petanimuda 

#petaniindonesia 

#petanimilenial

#suksesbersamapetanibintangasiA","https://i.ytimg.com/vi/PaKwhBfql2c/maxresdefault.jpg?sqp=-oaymwEmCIAKENAF8quKqQMa8AEB-AH-CYAC0AWKAgwIABABGEkgZSgwMA8=&rs=AOn4CLDS-_vXWpD83yjRDP32IQjSYtOC1w","Kacang Panjang Panzer Potensi Panen Sampai 3 ton Perhektar.         Tahan Simpan, Pancang 88 cm.","video","https://www.youtube.com/watch?v=PaKwhBfql2c",,"13",
"@AhmadMad-h1x","false",,,,"UgxNux3XjSZLAUxYX9l4AaABAg","Mantapnya mas",,"3",,,,,,,,,,,,,,,,,,,,,,,,,,,,,"false",,,,,,"https://www.youtube.com/watch?v=4EEV5Uytyo8","7 days ago","0",,,,,"Buah sangat lebat Vitalia F1 #petaniindonesia #pertanian #petanimilenial","comment",,"4EEV5Uytyo8",,"0"
"@opeqbintangasia","false",,,,"UgwOPgHPrVivEao-Ya94AaABAg","begitu lebatnya toamatnya
:face-blue-heart-eyes:",,"3",,,,,,,,,,,,,,,,,,,,,,,,,,,,,"false",,,,,,"https://www.youtube.com/watch?v=4EEV5Uytyo8","12 days ago","0",,,,,"Buah sangat lebat Vitalia F1 #petaniindonesia #pertanian #petanimilenial","comment",,"4EEV5Uytyo8",,"0"
"@NurWati-l4r","false",,,,"Ugz4rE5AqhQeapMKmxp4AaABAg","Joosssssssss❤",,"3",,,,,,,,,,,,,,,,,,,,,,,,,,,,,"false",,,,,,"https://www.youtube.com/watch?v=4EEV5Uytyo8","12 days ago","0",,,,,"Buah sangat lebat Vitalia F1 #petaniindonesia #pertanian #petanimilenial","comment",,"4EEV5Uytyo8",,"0"
"@henriardyanzah9212","false",,,,"UgwxTlfLLq99sEUMeCN4AaABAg","Lanjut mas gass",,"8",,,,,,,,,,,,,,,,,,,,,,,,,,,,,"false",,,,,,"https://www.youtube.com/watch?v=JheWXJrQxl0","2 days ago","0",,,,,"Perjalan Melihat Pertumbuhan Jagung Betras 9 di gunung Ondo Ndoluu ketinggian ± 600 MDPL #pertanian","comment",,"JheWXJrQxl0",,"0"
"@Kumpul_Tugas","false",,,,"UgxixHYHC3BOcxsBFTt4AaABAg","Luar biasa abang❤",,"8",,,,,,,,,,,,,,,,,,,,,,,,,,,,,"false",,,,,,"https://www.youtube.com/watch?v=JheWXJrQxl0","5 days ago","0",,,,,"Perjalan Melihat Pertumbuhan Jagung Betras 9 di gunung Ondo Ndoluu ketinggian ± 600 MDPL #pertanian","comment",,"JheWXJrQxl0",,"0"
"@ekobambang6794","false",,,,"UgyBfW8C_FHdvXAVEPV4AaABAg","Mantap ini abang ku",,"8",,,,,,,,,,,,,,,,,,,,,,,,,,,,,"false",,,,,,"https://www.youtube.com/watch?v=JheWXJrQxl0","6 days ago","0",,,,,"Perjalan Melihat Pertumbuhan Jagung Betras 9 di gunung Ondo Ndoluu ketinggian ± 600 MDPL #pertanian","comment",,"JheWXJrQxl0",,"1"
"@BangzieeBCA","false",,,,"UgzX7GAha1F0kxvsRwp4AaABAg","Mantap om",,"8",,,,,,,,,,,,,,,,,,,,,,,,,,,,,"false",,,,,,"https://www.youtube.com/watch?v=JheWXJrQxl0","6 days ago","0",,,,,"Perjalan Melihat Pertumbuhan Jagung Betras 9 di gunung Ondo Ndoluu ketinggian ± 600 MDPL #pertanian","comment",,"JheWXJrQxl0",,"0"
"@BintangAsiaKapuasPulangPisau","false",,,,"UgyNNF1vqjO14IEm-514AaABAg","Mantap",,"8",,,,,,,,,,,,,,,,,,,,,,,,,,,,,"false",,,,,,"https://www.youtube.com/watch?v=JheWXJrQxl0","6 days ago","0",,,,,"Perjalan Melihat Pertumbuhan Jagung Betras 9 di gunung Ondo Ndoluu ketinggian ± 600 MDPL #pertanian","comment",,"JheWXJrQxl0",,"0"
"@TauRapaBuyu","false",,,,"UgwdDIJPBPa_NtqQspp4AaABAg","Petugas lapang memang takenal lelah🎉🎉🎉",,"8",,,,,,,,,,,,,,,,,,,,,,,,,,,,,"false",,,,,,"https://www.youtube.com/watch?v=JheWXJrQxl0","6 days ago","0",,,,,"Perjalan Melihat Pertumbuhan Jagung Betras 9 di gunung Ondo Ndoluu ketinggian ± 600 MDPL #pertanian","comment",,"JheWXJrQxl0",,"1"
"@NurWati-l4r","false",,,,"UgwMeOnTirMCohxmC9x4AaABAg","Sukses sellu bersama bintang asia... Pelan"" Pak sopiirr😂",,"8",,,,,,,,,,,,,,,,,,,,,,,,,,,,,"false",,,,,,"https://www.youtube.com/watch?v=JheWXJrQxl0","6 days ago","1",,,,,"Perjalan Melihat Pertumbuhan Jagung Betras 9 di gunung Ondo Ndoluu ketinggian ± 600 MDPL #pertanian","comment",,"JheWXJrQxl0",,"1"
"@TauRapaBuyu","false",,,,"UgwMeOnTirMCohxmC9x4AaABAg.A8_4ihAw5RVA8_5U_CZs_v","Amiiin ,,baik mba❤❤",,"8",,,,,,,,,,,,,,,,,,,,,,,,,,,,,"false",,,,,,"https://www.youtube.com/watch?v=JheWXJrQxl0","6 days ago","0","UgwMeOnTirMCohxmC9x4AaABAg",,,,"Perjalan Melihat Pertumbuhan Jagung Betras 9 di gunung Ondo Ndoluu ketinggian ± 600 MDPL #pertanian","reply",,"JheWXJrQxl0",,"1"
