﻿"attachments/0/__typename","attachments/0/animated_image","attachments/0/frame_count","attachments/0/frame_rate","attachments/0/frames_per_column","attachments/0/frames_per_row","attachments/0/id","attachments/0/image/height","attachments/0/image/uri","attachments/0/image/width","attachments/0/label","attachments/0/pack","attachments/0/sprite_image","commentUrl","comments/0/attachments/0/__typename","comments/0/attachments/0/animated_image","comments/0/attachments/0/frame_count","comments/0/attachments/0/frame_rate","comments/0/attachments/0/frames_per_column","comments/0/attachments/0/frames_per_row","comments/0/attachments/0/id","comments/0/attachments/0/image/height","comments/0/attachments/0/image/uri","comments/0/attachments/0/image/width","comments/0/attachments/0/label","comments/0/attachments/0/pack","comments/0/attachments/0/sprite_image","comments/0/commentUrl","comments/0/commentsCount","comments/0/date","comments/0/feedbackId","comments/0/id","comments/0/likesCount","comments/0/parentComment/author/__typename","comments/0/parentComment/author/id","comments/0/parentComment/author/name","comments/0/parentComment/author/short_name","comments/0/parentComment/id","comments/0/profileId","comments/0/profileName","comments/0/profilePicture","comments/0/profileUrl","comments/0/replyToCommentId","comments/0/text","comments/0/threadingDepth","comments/1/commentUrl","comments/1/date","comments/1/feedbackId","comments/1/id","comments/1/likesCount","comments/1/parentComment/author/__typename","comments/1/parentComment/author/id","comments/1/parentComment/author/name","comments/1/parentComment/author/short_name","comments/1/parentComment/id","comments/1/profileId","comments/1/profileName","comments/1/profilePicture","comments/1/profileUrl","comments/1/replyToCommentId","comments/1/text","comments/1/threadingDepth","comments/2/commentUrl","comments/2/date","comments/2/feedbackId","comments/2/id","comments/2/likesCount","comments/2/parentComment/author/__typename","comments/2/parentComment/author/id","comments/2/parentComment/author/name","comments/2/parentComment/author/short_name","comments/2/parentComment/id","comments/2/profileId","comments/2/profileName","comments/2/profilePicture","comments/2/profileUrl","comments/2/replyToCommentId","comments/2/text","comments/2/threadingDepth","commentsCount","date","facebookId","facebookUrl","feedbackId","id","inputUrl","likesCount","pageAdLibrary/id","pageAdLibrary/is_business_page_active","pageAdLibrary/woodhenge_creator_info","parentComment/author/__typename","parentComment/author/id","parentComment/author/name","parentComment/author/short_name","parentComment/id","postTitle","profileId","profileName","profilePicture","profileUrl","replyToCommentId","text","threadingDepth"
,,,,,,,,,,,,,"https://www.facebook.com/muhamad.cali.98/posts/pfbid02Fx1ky6rRSBwYhzMVWi9jsfh9Y5ZBkHyxcCjHVkXf4CkuuFNAKmt8FtmsrfhQp7i7l?comment_id=1443481299621446",,,,,,,,,,,,,,,,,,,,,,,,,,,,,,,,,,,,,,,,,,,,,,,,,,,,,,,,,,,,,,,,,,,"2024-09-25T03:46:18.000Z","2824514897704158","https://www.facebook.com/100004370253176/posts/2824514897704158","ZmVlZGJhY2s6MjgyNDUxNDg5NzcwNDE1OF8xNDQzNDgxMjk5NjIxNDQ2","Y29tbWVudDoyODI0NTE0ODk3NzA0MTU4XzE0NDM0ODEyOTk2MjE0NDY=","https://www.facebook.com/100004370253176/posts/2824514897704158","0","112652978585649","false",,,,,,,"Tonton sampai selesai gaiss","100004370253176","Muhamad Cali Faiz Ahmad","https://scontent.ftgz1-2.fna.fbcdn.net/v/t39.30808-1/456120459_2788136318008683_7418166726346064265_n.jpg?stp=cp0_dst-jpg_s32x32&_nc_cat=108&ccb=1-7&_nc_sid=50d2ac&_nc_ohc=Ii7TlklAPXsQ7kNvgFCnjWd&_nc_ht=scontent.ftgz1-2.fna&oh=00_AYAVGzl02Kugxu2QwdY7WcoBY6hA5vvMRuTJm8wYgYkeBQ&oe=66FA9CAD","https://www.facebook.com/muhamad.cali.98",,"PANZER
Kacang panjang polong keras.
Warna polong : hijau gelap.
Ukuran panjang : ± 80 cm.
Umur panen : ± 44 hst.
Potensi hasil : ± 31 tons/ha.
Tahan simpan.
Adaptasi utama di dataran rendah.
Tahan virus.
Daya simpan lama.
Lebat dan produksi tinggi.","0"
,,,,,,,,,,,,,"https://www.facebook.com/muhamad.cali.98/posts/pfbid02Fx1ky6rRSBwYhzMVWi9jsfh9Y5ZBkHyxcCjHVkXf4CkuuFNAKmt8FtmsrfhQp7i7l?comment_id=2801869989972531",,,,,,,,,,,,,,"https://www.facebook.com/muhamad.cali.98/posts/pfbid02Fx1ky6rRSBwYhzMVWi9jsfh9Y5ZBkHyxcCjHVkXf4CkuuFNAKmt8FtmsrfhQp7i7l?comment_id=2801869989972531&reply_comment_id=836164298543847",,"2024-09-25T03:47:35.000Z","ZmVlZGJhY2s6MjgyNDUxNDg5NzcwNDE1OF84MzYxNjQyOTg1NDM4NDc=","Y29tbWVudDoyODI0NTE0ODk3NzA0MTU4XzgzNjE2NDI5ODU0Mzg0Nw==","0","User","100007578522755","Renzy Bintangasia","Renzy","Y29tbWVudDoyODI0NTE0ODk3NzA0MTU4XzI4MDE4Njk5ODk5NzI1MzE=","100004370253176","Muhamad Cali Faiz Ahmad","https://scontent.ftgz1-2.fna.fbcdn.net/v/t39.30808-1/456120459_2788136318008683_7418166726346064265_n.jpg?stp=cp0_dst-jpg_s32x32&_nc_cat=108&ccb=1-7&_nc_sid=50d2ac&_nc_ohc=Ii7TlklAPXsQ7kNvgFCnjWd&_nc_ht=scontent.ftgz1-2.fna&oh=00_AYAVGzl02Kugxu2QwdY7WcoBY6hA5vvMRuTJm8wYgYkeBQ&oe=66FA9CAD","https://www.facebook.com/muhamad.cali.98","Y29tbWVudDoyODI0NTE0ODk3NzA0MTU4XzI4MDE4Njk5ODk5NzI1MzE=","Renzy Bintangasia mksi Om","1",,,,,,,,,,,,,,,,,,,,,,,,,,,,,,,,,,,"1","2024-09-25T03:35:39.000Z","2824514897704158","https://www.facebook.com/100004370253176/posts/2824514897704158","ZmVlZGJhY2s6MjgyNDUxNDg5NzcwNDE1OF8yODAxODY5OTg5OTcyNTMx","Y29tbWVudDoyODI0NTE0ODk3NzA0MTU4XzI4MDE4Njk5ODk5NzI1MzE=","https://www.facebook.com/100004370253176/posts/2824514897704158","1","112652978585649","false",,,,,,,"Tonton sampai selesai gaiss","100007578522755","Renzy Bintangasia","https://scontent.ftgz1-1.fna.fbcdn.net/v/t39.30808-1/426012403_3605728109689771_2277782955804277447_n.jpg?stp=cp0_dst-jpg_s32x32&_nc_cat=104&ccb=1-7&_nc_sid=50d2ac&_nc_ohc=eSL7nwrCcoUQ7kNvgHPGNPQ&_nc_ht=scontent.ftgz1-1.fna&oh=00_AYDUI8Px75uS1fZZPNHFLVLtzOzEgn2X7Nw9QiOdRs4XsQ&oe=66FA9484","https://www.facebook.com/renzi.prayuda",,"Mantap","0"
,,,,,,,,,,,,,"https://www.facebook.com/muhamad.cali.98/videos/878945037520380/?comment_id=497697316489415",,,,,,,,,,,,,,"https://www.facebook.com/muhamad.cali.98/videos/878945037520380/?comment_id=497697316489415&reply_comment_id=1051725886410962",,"2024-09-23T22:56:11.000Z","ZmVlZGJhY2s6ODc4OTQ1MDM3NTIwMzgwXzEwNTE3MjU4ODY0MTA5NjI=","Y29tbWVudDo4Nzg5NDUwMzc1MjAzODBfMTA1MTcyNTg4NjQxMDk2Mg==","0","User","pfbid02T7jpP8BjbYsb5K8cCrUwBdKQUxkLD2xeFX2uiwjdaHrpWPQqH3wigr8ziBHhJUKSl","Riski Hariadi Saputra","Riski","Y29tbWVudDo4Nzg5NDUwMzc1MjAzODBfNDk3Njk3MzE2NDg5NDE1","100004370253176","Muhamad Cali Faiz Ahmad","https://z-p3-scontent.fscl25-1.fna.fbcdn.net/v/t39.30808-1/456120459_2788136318008683_7418166726346064265_n.jpg?stp=cp0_dst-jpg_s32x32&_nc_cat=108&ccb=1-7&_nc_sid=50d2ac&_nc_ohc=Ii7TlklAPXsQ7kNvgHSPvhj&_nc_ht=z-p3-scontent.fscl25-1.fna&oh=00_AYA5pIqpZzzBneD-mXlc5Ib7DYbA_HD6chLct1oueLeaNQ&oe=66FA9CAD","https://www.facebook.com/muhamad.cali.98","Y29tbWVudDo4Nzg5NDUwMzc1MjAzODBfNDk3Njk3MzE2NDg5NDE1","Riski Hariadi Saputra mau cari Risky","1",,,,,,,,,,,,,,,,,,,,,,,,,,,,,,,,,,,"1","2024-09-23T21:38:22.000Z","878945037520380","https://www.facebook.com/100004370253176/posts/878945037520380","ZmVlZGJhY2s6ODc4OTQ1MDM3NTIwMzgwXzQ5NzY5NzMxNjQ4OTQxNQ==","Y29tbWVudDo4Nzg5NDUwMzc1MjAzODBfNDk3Njk3MzE2NDg5NDE1","https://www.facebook.com/100004370253176/posts/878945037520380","1",,,,,,,,,"Muhamad Cali Faiz Ahmad was live.","pfbid02T7jpP8BjbYsb5K8cCrUwBdKQUxkLD2xeFX2uiwjdaHrpWPQqH3wigr8ziBHhJUKSl","Riski Hariadi Saputra","https://z-p3-scontent.fscl25-1.fna.fbcdn.net/v/t1.6435-1/130195062_189188019599650_7922699828011477717_n.jpg?stp=cp0_dst-jpg_s32x32&_nc_cat=111&ccb=1-7&_nc_sid=0ecb9b&_nc_ohc=GcLrHNMtY_AQ7kNvgGEqd1T&_nc_ht=z-p3-scontent.fscl25-1.fna&oh=00_AYBwawsCaOFL15MjBV-8zOa6Xk7K_5bvQGNtz40-YbpwWA&oe=671C29CA","https://www.facebook.com/people/Riski-Hariadi-Saputra/pfbid02T7jpP8BjbYsb5K8cCrUwBdKQUxkLD2xeFX2uiwjdaHrpWPQqH3wigr8ziBHhJUKSl/",,"K mn pk","0"
,,,,,,,,,,,,,"https://www.facebook.com/muhamad.cali.98/posts/pfbid0qfCjMT8ddL7hwWVkXMC6aJveat5fPmvcu1Q6QGe114VimULLgCba713xPzp5vCVTl?comment_id=515992214472945",,,,,,,,,,,,,,"https://www.facebook.com/muhamad.cali.98/posts/pfbid0qfCjMT8ddL7hwWVkXMC6aJveat5fPmvcu1Q6QGe114VimULLgCba713xPzp5vCVTl?comment_id=515992214472945&reply_comment_id=549269867668161",,"2024-09-21T08:57:21.000Z","ZmVlZGJhY2s6MjgyMDQyNDQyMTQ0NjUzOV81NDkyNjk4Njc2NjgxNjE=","Y29tbWVudDoyODIwNDI0NDIxNDQ2NTM5XzU0OTI2OTg2NzY2ODE2MQ==","0","User","100007578522755","Renzy Bintangasia","Renzy","Y29tbWVudDoyODIwNDI0NDIxNDQ2NTM5XzUxNTk5MjIxNDQ3Mjk0NQ==","100004370253176","Muhamad Cali Faiz Ahmad","https://scontent-ord5-1.xx.fbcdn.net/v/t39.30808-1/456120459_2788136318008683_7418166726346064265_n.jpg?stp=cp0_dst-jpg_s32x32&_nc_cat=108&ccb=1-7&_nc_sid=50d2ac&_nc_ohc=Ii7TlklAPXsQ7kNvgFxaDm0&_nc_ht=scontent-ord5-1.xx&_nc_gid=Aj0cyNJ_uHspqG_x0qi_Ex1&oh=00_AYDJJAaO5fK09o7cR9JbkV2FrXo4u0tVADP21_x37K8xOA&oe=66FA9CAD","https://www.facebook.com/muhamad.cali.98","Y29tbWVudDoyODIwNDI0NDIxNDQ2NTM5XzUxNTk5MjIxNDQ3Mjk0NQ==","Renzy Bintangasia amiiin","1",,,,,,,,,,,,,,,,,,,,,,,,,,,,,,,,,,,"1","2024-09-21T08:47:24.000Z","2820424421446539","https://www.facebook.com/100004370253176/posts/2820424421446539","ZmVlZGJhY2s6MjgyMDQyNDQyMTQ0NjUzOV81MTU5OTIyMTQ0NzI5NDU=","Y29tbWVudDoyODIwNDI0NDIxNDQ2NTM5XzUxNTk5MjIxNDQ3Mjk0NQ==","https://www.facebook.com/100004370253176/posts/2820424421446539","1","112652978585649","false",,,,,,,"Jagung Betras 9 

 #betras9
@benihcitraasia
@benih_bintangasia
#benihcitraasia
#benih_bintangasia
#benihunggulbintangasia 
#pastibisapastisukses
#inovasianaknegeri
#sahabatbintangasia 
#benih 
#petani 
#petanimuda 
#petaniindonesia 
#petanimilenial","100007578522755","Renzy Bintangasia","https://scontent-ord5-2.xx.fbcdn.net/v/t39.30808-1/426012403_3605728109689771_2277782955804277447_n.jpg?stp=cp0_dst-jpg_s32x32&_nc_cat=104&ccb=1-7&_nc_sid=50d2ac&_nc_ohc=eSL7nwrCcoUQ7kNvgHGgGWl&_nc_ht=scontent-ord5-2.xx&_nc_gid=Aj0cyNJ_uHspqG_x0qi_Ex1&oh=00_AYAKuIqjLSAA6ImXnYqj6Ch5CZETl3otvPFCsdvONeNNRg&oe=66FA9484","https://www.facebook.com/renzi.prayuda",,"Sukses bersama bintang asia","0"
,,,,,,,,,,,,,"https://www.facebook.com/muhamad.cali.98/videos/1075274797637428/?comment_id=1731005594375332",,,,,,,,,,,,,,"https://www.facebook.com/muhamad.cali.98/videos/1075274797637428/?comment_id=1731005594375332&reply_comment_id=417992597592430","2","2024-09-22T12:58:59.000Z","ZmVlZGJhY2s6MjgyMTcxOTIyNzk4MzcyNV80MTc5OTI1OTc1OTI0MzA=","Y29tbWVudDoyODIxNzE5MjI3OTgzNzI1XzQxNzk5MjU5NzU5MjQzMA==","1","User","100072057871478","GAGUS TRIBAL","GAGUS","Y29tbWVudDoyODIxNzE5MjI3OTgzNzI1XzE3MzEwMDU1OTQzNzUzMzI=","100004370253176","Muhamad Cali Faiz Ahmad","https://scontent-dfw5-2.xx.fbcdn.net/v/t39.30808-1/456120459_2788136318008683_7418166726346064265_n.jpg?stp=cp0_dst-jpg_s32x32&_nc_cat=108&ccb=1-7&_nc_sid=50d2ac&_nc_ohc=Ii7TlklAPXsQ7kNvgFsu6hL&_nc_ht=scontent-dfw5-2.xx&oh=00_AYA07JbgFEPqS5JE7CkX9XJUFiW3zYKMejerDKTwI6x6VA&oe=66FA9CAD","https://www.facebook.com/muhamad.cali.98","Y29tbWVudDoyODIxNzE5MjI3OTgzNzI1XzE3MzEwMDU1OTQzNzUzMzI=","GAGUS TRIBAL ada mas TPI  syg TDK aplod","1","https://www.facebook.com/muhamad.cali.98/videos/1075274797637428/?comment_id=1731005594375332&reply_comment_id=1100977834694721","2024-09-22T13:01:58.000Z","ZmVlZGJhY2s6MjgyMTcxOTIyNzk4MzcyNV8xMTAwOTc3ODM0Njk0NzIx","Y29tbWVudDoyODIxNzE5MjI3OTgzNzI1XzExMDA5Nzc4MzQ2OTQ3MjE=","1","User","100072057871478","GAGUS TRIBAL","GAGUS","Y29tbWVudDoyODIxNzE5MjI3OTgzNzI1XzE3MzEwMDU1OTQzNzUzMzI=","100072057871478","GAGUS TRIBAL","https://scontent-dfw5-1.xx.fbcdn.net/v/t39.30808-1/437909715_452856000459659_7458405260051588116_n.jpg?stp=cp0_dst-jpg_s32x32&_nc_cat=103&ccb=1-7&_nc_sid=50d2ac&_nc_ohc=sMl1XFUpYhMQ7kNvgGiEasW&_nc_ht=scontent-dfw5-1.xx&oh=00_AYDO8QVR1Qdn4NH_kwyX6DFMmQo9iYDZoMyaDd8BxmfxQg&oe=66FA9E51","https://www.facebook.com/people/GAGUS-TRIBAL/100072057871478/","Y29tbWVudDoyODIxNzE5MjI3OTgzNzI1XzE3MzEwMDU1OTQzNzUzMzI=","Muhamad Cali Faiz Ahmad apa namax bng","2","https://www.facebook.com/muhamad.cali.98/videos/1075274797637428/?comment_id=1731005594375332&reply_comment_id=806557591552724","2024-09-22T23:10:46.000Z","ZmVlZGJhY2s6MjgyMTcxOTIyNzk4MzcyNV84MDY1NTc1OTE1NTI3MjQ=","Y29tbWVudDoyODIxNzE5MjI3OTgzNzI1XzgwNjU1NzU5MTU1MjcyNA==","0","User","100072057871478","GAGUS TRIBAL","GAGUS","Y29tbWVudDoyODIxNzE5MjI3OTgzNzI1XzE3MzEwMDU1OTQzNzUzMzI=","100004370253176","Muhamad Cali Faiz Ahmad","https://scontent-dfw5-2.xx.fbcdn.net/v/t39.30808-1/456120459_2788136318008683_7418166726346064265_n.jpg?stp=cp0_dst-jpg_s32x32&_nc_cat=108&ccb=1-7&_nc_sid=50d2ac&_nc_ohc=Ii7TlklAPXsQ7kNvgFsu6hL&_nc_ht=scontent-dfw5-2.xx&oh=00_AYA07JbgFEPqS5JE7CkX9XJUFiW3zYKMejerDKTwI6x6VA&oe=66FA9CAD","https://www.facebook.com/muhamad.cali.98","Y29tbWVudDoyODIxNzE5MjI3OTgzNzI1XzE3MzEwMDU1OTQzNzUzMzI=","GAGUS TRIBAL ada megatop, beton dan Masi banyak lagi mas","2","3","2024-09-22T12:55:26.000Z","2821719227983725","https://www.facebook.com/100004370253176/posts/2821719227983725","ZmVlZGJhY2s6MjgyMTcxOTIyNzk4MzcyNV8xNzMxMDA1NTk0Mzc1MzMy","Y29tbWVudDoyODIxNzE5MjI3OTgzNzI1XzE3MzEwMDU1OTQzNzUzMzI=","https://www.facebook.com/100004370253176/posts/2821719227983725","1",,,,,,,,,"Kita gass Tipis dulu Produk Benih Bintang asiA telah Redy di toko² wilaya Toili dan sekitar dan Luwuk
#suksesbersamapetanibintangasiA","100072057871478","GAGUS TRIBAL","https://scontent-dfw5-1.xx.fbcdn.net/v/t39.30808-1/437909715_452856000459659_7458405260051588116_n.jpg?stp=cp0_dst-jpg_s32x32&_nc_cat=103&ccb=1-7&_nc_sid=50d2ac&_nc_ohc=sMl1XFUpYhMQ7kNvgGiEasW&_nc_ht=scontent-dfw5-1.xx&oh=00_AYDO8QVR1Qdn4NH_kwyX6DFMmQo9iYDZoMyaDd8BxmfxQg&oe=66FA9E51","https://www.facebook.com/people/GAGUS-TRIBAL/100072057871478/",,"Cabai kriting tipe besar yg mn bosq","0"
,,,,,,,,,,,,,"https://www.facebook.com/muhamad.cali.98/posts/pfbid0WouC6YUqirsEEQ82bemh2oWGoWmYqr4FNSsoKxpwcbKxkpcZdvDDqYQ1q6vc7ZvBl?comment_id=1164930087906194",,,,,,,,,,,,,,"https://www.facebook.com/muhamad.cali.98/posts/pfbid0WouC6YUqirsEEQ82bemh2oWGoWmYqr4FNSsoKxpwcbKxkpcZdvDDqYQ1q6vc7ZvBl?comment_id=1164930087906194&reply_comment_id=879658203702227",,"2024-09-22T11:57:19.000Z","ZmVlZGJhY2s6MjgyMDQyMjM0ODExMzQxM184Nzk2NTgyMDM3MDIyMjc=","Y29tbWVudDoyODIwNDIyMzQ4MTEzNDEzXzg3OTY1ODIwMzcwMjIyNw==","0","User","pfbid0zBvbTY5h9CGtcRb5rZ4hHxK5b8EebdQbBLe7kakis7s62kyygtticM7BeSHLWyrkl","Setyo","Setyo","Y29tbWVudDoyODIwNDIyMzQ4MTEzNDEzXzExNjQ5MzAwODc5MDYxOTQ=","100004370253176","Muhamad Cali Faiz Ahmad","https://scontent-cdg4-1.xx.fbcdn.net/v/t39.30808-1/456120459_2788136318008683_7418166726346064265_n.jpg?stp=cp0_dst-jpg_s32x32&_nc_cat=108&ccb=1-7&_nc_sid=50d2ac&_nc_ohc=Ii7TlklAPXsQ7kNvgE7AzSj&_nc_ht=scontent-cdg4-1.xx&_nc_gid=Aq0PJxjhqtarhER01AK1CzS&oh=00_AYD4WbV6yU5Je4Ow9vLALA2m0y2PuYGdHB5jw2hV4cFp0A&oe=66FA9CAD","https://www.facebook.com/muhamad.cali.98","Y29tbWVudDoyODIwNDIyMzQ4MTEzNDEzXzExNjQ5MzAwODc5MDYxOTQ=","Setyo pesan brpa ??","1","https://www.facebook.com/muhamad.cali.98/posts/pfbid0WouC6YUqirsEEQ82bemh2oWGoWmYqr4FNSsoKxpwcbKxkpcZdvDDqYQ1q6vc7ZvBl?comment_id=1164930087906194&reply_comment_id=893198012197586","2024-09-22T13:00:25.000Z","ZmVlZGJhY2s6MjgyMDQyMjM0ODExMzQxM184OTMxOTgwMTIxOTc1ODY=","Y29tbWVudDoyODIwNDIyMzQ4MTEzNDEzXzg5MzE5ODAxMjE5NzU4Ng==","0","User","pfbid0zBvbTY5h9CGtcRb5rZ4hHxK5b8EebdQbBLe7kakis7s62kyygtticM7BeSHLWyrkl","Setyo","Setyo","Y29tbWVudDoyODIwNDIyMzQ4MTEzNDEzXzExNjQ5MzAwODc5MDYxOTQ=","100007578522755","Renzy Bintangasia","https://scontent-cdg4-1.xx.fbcdn.net/v/t39.30808-1/426012403_3605728109689771_2277782955804277447_n.jpg?stp=cp0_dst-jpg_s32x32&_nc_cat=104&ccb=1-7&_nc_sid=50d2ac&_nc_ohc=eSL7nwrCcoUQ7kNvgHNohaU&_nc_ht=scontent-cdg4-1.xx&_nc_gid=Aq0PJxjhqtarhER01AK1CzS&oh=00_AYDUpobXqygGrEKEkXDZ2UOh00NipXCCkVjRKjbagDZLOg&oe=66FA9484","https://www.facebook.com/renzi.prayuda","Y29tbWVudDoyODIwNDIyMzQ4MTEzNDEzXzExNjQ5MzAwODc5MDYxOTQ=","Setyo nmor saya masih yang lama mas🤣🤣","1",,,,,,,,,,,,,,,,,,"2","2024-09-22T11:54:40.000Z","2820422348113413","https://www.facebook.com/100004370253176/posts/2820422348113413","ZmVlZGJhY2s6MjgyMDQyMjM0ODExMzQxM18xMTY0OTMwMDg3OTA2MTk0","Y29tbWVudDoyODIwNDIyMzQ4MTEzNDEzXzExNjQ5MzAwODc5MDYxOTQ=","https://www.facebook.com/100004370253176/posts/2820422348113413","1","112652978585649","false",,,,,,,"🌶️🌶️ Cabai Keriting Aldo F1🌶️🌶️
    Benih Citra Asia 
@benihcitraasia
@benih_bintangasia
#benihcitraasia
#benih_bintangasia
#benihunggulbintangasia 
#pastibisapastisukses
#inovasianaknegeri
#sahabatbintangasia 
#benih 
#petani 
#petanimuda 
#petaniindonesia 
#petanimilenial","pfbid0zBvbTY5h9CGtcRb5rZ4hHxK5b8EebdQbBLe7kakis7s62kyygtticM7BeSHLWyrkl","Setyo","https://scontent-cdg4-1.xx.fbcdn.net/v/t39.30808-1/456400640_1209546967166755_1686576303853996765_n.jpg?stp=cp0_dst-jpg_s32x32&_nc_cat=108&ccb=1-7&_nc_sid=0ecb9b&_nc_ohc=cx9-ZOSIy_0Q7kNvgGgbbE1&_nc_ht=scontent-cdg4-1.xx&_nc_gid=Aq0PJxjhqtarhER01AK1CzS&oh=00_AYAnBGe6cMDGHvxXMHS8LcyZzIQ3soIubZJxD1MrEoFl3g&oe=66FA7B42","https://www.facebook.com/people/Setyo/pfbid0zBvbTY5h9CGtcRb5rZ4hHxK5b8EebdQbBLe7kakis7s62kyygtticM7BeSHLWyrkl/",,"Mantapp aku beli mas benih nya","0"
,,,,,,,,,,,,,"https://www.facebook.com/muhamad.cali.98/posts/pfbid0WouC6YUqirsEEQ82bemh2oWGoWmYqr4FNSsoKxpwcbKxkpcZdvDDqYQ1q6vc7ZvBl?comment_id=488075517386233",,,,,,,,,,,,,,"https://www.facebook.com/muhamad.cali.98/posts/pfbid0WouC6YUqirsEEQ82bemh2oWGoWmYqr4FNSsoKxpwcbKxkpcZdvDDqYQ1q6vc7ZvBl?comment_id=488075517386233&reply_comment_id=1001471298395443",,"2024-09-22T11:58:04.000Z","ZmVlZGJhY2s6MjgyMDQyMjM0ODExMzQxM18xMDAxNDcxMjk4Mzk1NDQz","Y29tbWVudDoyODIwNDIyMzQ4MTEzNDEzXzEwMDE0NzEyOTgzOTU0NDM=","0","User","100004825651478","NiZar Bintang Asia","NiZar","Y29tbWVudDoyODIwNDIyMzQ4MTEzNDEzXzQ4ODA3NTUxNzM4NjIzMw==","100004370253176","Muhamad Cali Faiz Ahmad","https://scontent-cdg4-1.xx.fbcdn.net/v/t39.30808-1/456120459_2788136318008683_7418166726346064265_n.jpg?stp=cp0_dst-jpg_s32x32&_nc_cat=108&ccb=1-7&_nc_sid=50d2ac&_nc_ohc=Ii7TlklAPXsQ7kNvgE7AzSj&_nc_ht=scontent-cdg4-1.xx&_nc_gid=Aq0PJxjhqtarhER01AK1CzS&oh=00_AYD4WbV6yU5Je4Ow9vLALA2m0y2PuYGdHB5jw2hV4cFp0A&oe=66FA9CAD","https://www.facebook.com/muhamad.cali.98","Y29tbWVudDoyODIwNDIyMzQ4MTEzNDEzXzQ4ODA3NTUxNzM4NjIzMw==","NiZar Bintang Asia iya KK,, siap kita gemparkan lagi aldonya","1",,,,,,,,,,,,,,,,,,,,,,,,,,,,,,,,,,,"1","2024-09-21T14:10:51.000Z","2820422348113413","https://www.facebook.com/100004370253176/posts/2820422348113413","ZmVlZGJhY2s6MjgyMDQyMjM0ODExMzQxM180ODgwNzU1MTczODYyMzM=","Y29tbWVudDoyODIwNDIyMzQ4MTEzNDEzXzQ4ODA3NTUxNzM4NjIzMw==","https://www.facebook.com/100004370253176/posts/2820422348113413","1","112652978585649","false",,,,,,,"🌶️🌶️ Cabai Keriting Aldo F1🌶️🌶️
    Benih Citra Asia 
@benihcitraasia
@benih_bintangasia
#benihcitraasia
#benih_bintangasia
#benihunggulbintangasia 
#pastibisapastisukses
#inovasianaknegeri
#sahabatbintangasia 
#benih 
#petani 
#petanimuda 
#petaniindonesia 
#petanimilenial","100004825651478","NiZar Bintang Asia","https://scontent-cdg4-3.xx.fbcdn.net/v/t39.30808-1/438276089_2611594555678041_6997404202785061953_n.jpg?stp=cp0_dst-jpg_p32x32&_nc_cat=111&ccb=1-7&_nc_sid=50d2ac&_nc_ohc=0dM51A4Ta0IQ7kNvgHOaHiH&_nc_ht=scontent-cdg4-3.xx&_nc_gid=Aq0PJxjhqtarhER01AK1CzS&oh=00_AYBWcdf5ZN6ULGEtkwEbxAGb7UME5VkBEZhVvNt8vCe2SQ&oe=66FA8EAE","https://www.facebook.com/nizar.setia.3",,"Keren kakak","0"
,,,,,,,,,,,,,"https://www.facebook.com/muhamad.cali.98/posts/pfbid0WouC6YUqirsEEQ82bemh2oWGoWmYqr4FNSsoKxpwcbKxkpcZdvDDqYQ1q6vc7ZvBl?comment_id=1433411890638652",,,,,,,,,,,,,,"https://www.facebook.com/muhamad.cali.98/posts/pfbid0WouC6YUqirsEEQ82bemh2oWGoWmYqr4FNSsoKxpwcbKxkpcZdvDDqYQ1q6vc7ZvBl?comment_id=1433411890638652&reply_comment_id=834214692207223",,"2024-09-21T11:45:29.000Z","ZmVlZGJhY2s6MjgyMDQyMjM0ODExMzQxM184MzQyMTQ2OTIyMDcyMjM=","Y29tbWVudDoyODIwNDIyMzQ4MTEzNDEzXzgzNDIxNDY5MjIwNzIyMw==","0","User","100007578522755","Renzy Bintangasia","Renzy","Y29tbWVudDoyODIwNDIyMzQ4MTEzNDEzXzE0MzM0MTE4OTA2Mzg2NTI=","100004370253176","Muhamad Cali Faiz Ahmad","https://scontent-cdg4-1.xx.fbcdn.net/v/t39.30808-1/456120459_2788136318008683_7418166726346064265_n.jpg?stp=cp0_dst-jpg_s32x32&_nc_cat=108&ccb=1-7&_nc_sid=50d2ac&_nc_ohc=Ii7TlklAPXsQ7kNvgE7AzSj&_nc_ht=scontent-cdg4-1.xx&_nc_gid=Aq0PJxjhqtarhER01AK1CzS&oh=00_AYD4WbV6yU5Je4Ow9vLALA2m0y2PuYGdHB5jw2hV4cFp0A&oe=66FA9CAD","https://www.facebook.com/muhamad.cali.98","Y29tbWVudDoyODIwNDIyMzQ4MTEzNDEzXzE0MzM0MTE4OTA2Mzg2NTI=","Renzy Bintangasia iya om","1",,,,,,,,,,,,,,,,,,,,,,,,,,,,,,,,,,,"1","2024-09-21T09:22:49.000Z","2820422348113413","https://www.facebook.com/100004370253176/posts/2820422348113413","ZmVlZGJhY2s6MjgyMDQyMjM0ODExMzQxM18xNDMzNDExODkwNjM4NjUy","Y29tbWVudDoyODIwNDIyMzQ4MTEzNDEzXzE0MzM0MTE4OTA2Mzg2NTI=","https://www.facebook.com/100004370253176/posts/2820422348113413","1","112652978585649","false",,,,,,,"🌶️🌶️ Cabai Keriting Aldo F1🌶️🌶️
    Benih Citra Asia 
@benihcitraasia
@benih_bintangasia
#benihcitraasia
#benih_bintangasia
#benihunggulbintangasia 
#pastibisapastisukses
#inovasianaknegeri
#sahabatbintangasia 
#benih 
#petani 
#petanimuda 
#petaniindonesia 
#petanimilenial","100007578522755","Renzy Bintangasia","https://scontent-cdg4-1.xx.fbcdn.net/v/t39.30808-1/426012403_3605728109689771_2277782955804277447_n.jpg?stp=cp0_dst-jpg_s32x32&_nc_cat=104&ccb=1-7&_nc_sid=50d2ac&_nc_ohc=eSL7nwrCcoUQ7kNvgHNohaU&_nc_ht=scontent-cdg4-1.xx&_nc_gid=Aq0PJxjhqtarhER01AK1CzS&oh=00_AYDUpobXqygGrEKEkXDZ2UOh00NipXCCkVjRKjbagDZLOg&oe=66FA9484","https://www.facebook.com/renzi.prayuda",,"Mantap","0"
,,,,,,,,,,,,,"https://www.facebook.com/reel/462423520158807/?comment_id=511739108255631",,,,,,,,,,,,,,,,,,,,,,,,,,,,,,,,,,,,,,,,,,,,,,,,,,,,,,,,,,,,,,,,,,,"2024-09-20T23:11:48.000Z","2820026248153023","https://www.facebook.com/100004370253176/posts/2820026248153023","ZmVlZGJhY2s6MjgyMDAyNjI0ODE1MzAyM181MTE3MzkxMDgyNTU2MzE=","Y29tbWVudDoyODIwMDI2MjQ4MTUzMDIzXzUxMTczOTEwODI1NTYzMQ==","https://www.facebook.com/100004370253176/posts/2820026248153023","1","112652978585649",,,,,,,,"Pertama kali kami kolaborasi 
Tomat Citra Asia Joss
 #suksesbersamapetanibintangasia
 #pengikut #sorotan. Ikyy Pahlevii · DJ Klakson Old Melody Santuy","100007578522755","Renzy Bintangasia","https://scontent-lga3-2.xx.fbcdn.net/v/t39.30808-1/426012403_3605728109689771_2277782955804277447_n.jpg?stp=cp0_dst-jpg_s32x32&_nc_cat=104&ccb=1-7&_nc_sid=50d2ac&_nc_ohc=eSL7nwrCcoUQ7kNvgFZEBGd&_nc_ht=scontent-lga3-2.xx&oh=00_AYBsps84sMYs3R1zHWyqmtI_hrrDbbkF6VfvFUAsIThhqw&oe=66FA9484","https://www.facebook.com/renzi.prayuda",,"Mantap","0"
,,,,,,,,,,,,,"https://www.facebook.com/muhamad.cali.98/posts/pfbid02M5cPg8sBQGVXuzkjcZx1wv5XPDr9tRPWuK1U2TcReX5AyH2YadESja1UQ5oVAddQl?comment_id=860040469525603",,,,,,,,,,,,,,"https://www.facebook.com/muhamad.cali.98/posts/pfbid02M5cPg8sBQGVXuzkjcZx1wv5XPDr9tRPWuK1U2TcReX5AyH2YadESja1UQ5oVAddQl?comment_id=860040469525603&reply_comment_id=442380162152022",,"2024-09-21T13:29:08.000Z","ZmVlZGJhY2s6MjgyMDQxNTM1ODExNDExMl80NDIzODAxNjIxNTIwMjI=","Y29tbWVudDoyODIwNDE1MzU4MTE0MTEyXzQ0MjM4MDE2MjE1MjAyMg==","0","User","100007578522755","Renzy Bintangasia","Renzy","Y29tbWVudDoyODIwNDE1MzU4MTE0MTEyXzg2MDA0MDQ2OTUyNTYwMw==","100004370253176","Muhamad Cali Faiz Ahmad","https://scontent-iad3-1.xx.fbcdn.net/v/t39.30808-1/456120459_2788136318008683_7418166726346064265_n.jpg?stp=cp0_dst-jpg_s32x32&_nc_cat=108&ccb=1-7&_nc_sid=50d2ac&_nc_ohc=Ii7TlklAPXsQ7kNvgFG7GMn&_nc_ht=scontent-iad3-1.xx&_nc_gid=APRf4eZ1OoSioI7kWC92PwY&oh=00_AYC28onGCTCzfe04pF_QOQjIUQhN5K3KZ_0XPZVtGsfDrQ&oe=66FA9CAD","https://www.facebook.com/muhamad.cali.98","Y29tbWVudDoyODIwNDE1MzU4MTE0MTEyXzg2MDA0MDQ2OTUyNTYwMw==","Renzy Bintangasia iya mksi om","1",,,,,,,,,,,,,,,,,,,,,,,,,,,,,,,,,,,"1","2024-09-21T13:20:32.000Z","2820415358114112","https://www.facebook.com/100004370253176/posts/2820415358114112","ZmVlZGJhY2s6MjgyMDQxNTM1ODExNDExMl84NjAwNDA0Njk1MjU2MDM=","Y29tbWVudDoyODIwNDE1MzU4MTE0MTEyXzg2MDA0MDQ2OTUyNTYwMw==","https://www.facebook.com/100004370253176/posts/2820415358114112","1","112652978585649","false",,,,,,,"🌶️Cabai Rawit Teratas F1 🌶️🌶️   
     🌶️Inovas Anak Bangsa
Buah Tahan Simpan dan buah Ramping, Udah  panen ke 7 🌶️

  Benih nya Redy di toko gama makmur Dwi Susanto 

Benih Citra Asia 

@benihcitraasia
@benih_bintangasia
#benihcitraasia
#benih_bintangasia
#benihunggulbintangasia 
#pastibisapastisukses
#inovasianaknegeri
#sahabatbintangasia 
#benih 
#petani 
#petanimuda 
#petaniindonesia 
#petanimilenial","100007578522755","Renzy Bintangasia","https://scontent-iad3-1.xx.fbcdn.net/v/t39.30808-1/426012403_3605728109689771_2277782955804277447_n.jpg?stp=cp0_dst-jpg_s32x32&_nc_cat=104&ccb=1-7&_nc_sid=50d2ac&_nc_ohc=eSL7nwrCcoUQ7kNvgFPhw2C&_nc_ht=scontent-iad3-1.xx&_nc_gid=APRf4eZ1OoSioI7kWC92PwY&oh=00_AYCSbBDejQotR_t9YM78YR5O79AxP_WbpibFl_Smd_C9Pw&oe=66FA9484","https://www.facebook.com/renzi.prayuda",,"Mantap","0"
,,,,,,,,,,,,,"https://www.facebook.com/muhamad.cali.98/posts/pfbid02M5cPg8sBQGVXuzkjcZx1wv5XPDr9tRPWuK1U2TcReX5AyH2YadESja1UQ5oVAddQl?comment_id=573127258374254",,,,,,,,,,,,,,"https://www.facebook.com/muhamad.cali.98/posts/pfbid02M5cPg8sBQGVXuzkjcZx1wv5XPDr9tRPWuK1U2TcReX5AyH2YadESja1UQ5oVAddQl?comment_id=573127258374254&reply_comment_id=504367069037593",,"2024-09-23T11:28:05.000Z","ZmVlZGJhY2s6MjgyMDQxNTM1ODExNDExMl81MDQzNjcwNjkwMzc1OTM=","Y29tbWVudDoyODIwNDE1MzU4MTE0MTEyXzUwNDM2NzA2OTAzNzU5Mw==","0","User","100004825651478","NiZar Bintang Asia","NiZar","Y29tbWVudDoyODIwNDE1MzU4MTE0MTEyXzU3MzEyNzI1ODM3NDI1NA==","100004370253176","Muhamad Cali Faiz Ahmad","https://scontent-iad3-1.xx.fbcdn.net/v/t39.30808-1/456120459_2788136318008683_7418166726346064265_n.jpg?stp=cp0_dst-jpg_s32x32&_nc_cat=108&ccb=1-7&_nc_sid=50d2ac&_nc_ohc=Ii7TlklAPXsQ7kNvgFG7GMn&_nc_ht=scontent-iad3-1.xx&_nc_gid=APRf4eZ1OoSioI7kWC92PwY&oh=00_AYC28onGCTCzfe04pF_QOQjIUQhN5K3KZ_0XPZVtGsfDrQ&oe=66FA9CAD","https://www.facebook.com/muhamad.cali.98","Y29tbWVudDoyODIwNDE1MzU4MTE0MTEyXzU3MzEyNzI1ODM3NDI1NA==","NiZar Bintang Asia iya mas","1",,,,,,,,,,,,,,,,,,,,,,,,,,,,,,,,,,,"1","2024-09-21T15:26:21.000Z","2820415358114112","https://www.facebook.com/100004370253176/posts/2820415358114112","ZmVlZGJhY2s6MjgyMDQxNTM1ODExNDExMl81NzMxMjcyNTgzNzQyNTQ=","Y29tbWVudDoyODIwNDE1MzU4MTE0MTEyXzU3MzEyNzI1ODM3NDI1NA==","https://www.facebook.com/100004370253176/posts/2820415358114112","1","112652978585649","false",,,,,,,"🌶️Cabai Rawit Teratas F1 🌶️🌶️   
     🌶️Inovas Anak Bangsa
Buah Tahan Simpan dan buah Ramping, Udah  panen ke 7 🌶️

  Benih nya Redy di toko gama makmur Dwi Susanto 

Benih Citra Asia 

@benihcitraasia
@benih_bintangasia
#benihcitraasia
#benih_bintangasia
#benihunggulbintangasia 
#pastibisapastisukses
#inovasianaknegeri
#sahabatbintangasia 
#benih 
#petani 
#petanimuda 
#petaniindonesia 
#petanimilenial","100004825651478","NiZar Bintang Asia","https://scontent-iad3-2.xx.fbcdn.net/v/t39.30808-1/438276089_2611594555678041_6997404202785061953_n.jpg?stp=cp0_dst-jpg_p32x32&_nc_cat=111&ccb=1-7&_nc_sid=50d2ac&_nc_ohc=0dM51A4Ta0IQ7kNvgHN_8XZ&_nc_ht=scontent-iad3-2.xx&_nc_gid=APRf4eZ1OoSioI7kWC92PwY&oh=00_AYAG16wF6PL0SD2mdqBHgHL67cgQcf7FRA87H_boO20JiQ&oe=66FA8EAE","https://www.facebook.com/nizar.setia.3",,"Membara","0"
,,,,,,,,,,,,,"https://www.facebook.com/muhamad.cali.98/posts/pfbid033vbaueDVSBnDJwhFxeXf2Z8nVbiAEdvHSrdzzbrE2oweN2jmHxAxLEoezSFV3UZyl?comment_id=1069013748113121",,,,,,,,,,,,,,,,,,,,,,,,,,,,,,,,,,,,,,,,,,,,,,,,,,,,,,,,,,,,,,,,,,,"2024-09-15T12:38:01.000Z","2814244375397877","https://www.facebook.com/100004370253176/posts/2814244375397877","ZmVlZGJhY2s6MjgxNDI0NDM3NTM5Nzg3N18xMDY5MDEzNzQ4MTEzMTIx","Y29tbWVudDoyODE0MjQ0Mzc1Mzk3ODc3XzEwNjkwMTM3NDgxMTMxMjE=","https://www.facebook.com/100004370253176/posts/2814244375397877","0","112652978585649","false",,,,,,,"Anak Rantau Punya Cerita di Negeri
 #langitsenja #anakrantau","100007578522755","Renzy Bintangasia","https://scontent.fckc1-1.fna.fbcdn.net/v/t39.30808-1/426012403_3605728109689771_2277782955804277447_n.jpg?stp=cp0_dst-jpg_s32x32&_nc_cat=104&ccb=1-7&_nc_sid=50d2ac&_nc_ohc=eSL7nwrCcoUQ7kNvgFKHWuP&_nc_ht=scontent.fckc1-1.fna&oh=00_AYDyrMpNZ0zhNmUqDosZ7njhFxls_TaDxUUipcAIGIkSgA&oe=66FA9484","https://www.facebook.com/renzi.prayuda",,"PM boss","0"
,,,,,,,,,,,,,"https://www.facebook.com/muhamad.cali.98/posts/pfbid0znDXfB4vei8PbP8kTvHQUeoXVSQf5j7MSzMZKfh34ePHqahUift3m5BAiHsvGZUEl?comment_id=1794193117986936",,,,,,,,,,,,,,,,,,,,,,,,,,,,,,,,,,,,,,,,,,,,,,,,,,,,,,,,,,,,,,,,,,,"2024-09-18T01:47:30.000Z","2817074455114869","https://www.facebook.com/100004370253176/posts/2817074455114869","ZmVlZGJhY2s6MjgxNzA3NDQ1NTExNDg2OV8xNzk0MTkzMTE3OTg2OTM2","Y29tbWVudDoyODE3MDc0NDU1MTE0ODY5XzE3OTQxOTMxMTc5ODY5MzY=","https://www.facebook.com/100004370253176/posts/2817074455114869","1","261237703739109","false",,,,,,,"Ngobrol santai Bersama Petani kacang Panjang Panzer Bintang Asia

Yok tanam kacang panjang panzer dari bintang asia 
Kacang panjang polong keras.
Warna polong : hijau gelap.
Ukuran panjang : ± 80 cm.
Umur panen : ± 44 hst.
Potensi hasil : ± 31 tons/ha.
Tahan simpan.
Adaptasi utama di dataran rendah.
Tahan virus.
Daya simpan lama.
Lebat dan produksi tinggi.

#suksesbersmaaBintangasia
#panzer
#inovasianaknegri
Benih Citra Asia 
Benih Citra Asia 
Bintang Asia 
Sah Dan  Narasumber
@sorotan 
pengikut","100007578522755","Renzy Bintangasia","https://scontent.fgig21-1.fna.fbcdn.net/v/t39.30808-1/426012403_3605728109689771_2277782955804277447_n.jpg?stp=cp0_dst-jpg_s32x32&_nc_cat=104&ccb=1-7&_nc_sid=50d2ac&_nc_ohc=eSL7nwrCcoUQ7kNvgHaf-Ba&_nc_ht=scontent.fgig21-1.fna&_nc_gid=AcWT8fIUpd96HdSIgzBiY8L&oh=00_AYCB62MLRfFLaW1V8WaJ2i1FRc2FDnVxJZ9KtT2xZCCe7w&oe=66FA9484","https://www.facebook.com/renzi.prayuda",,"Mantap omku","0"
,,,,,,,,,,,,,"https://www.facebook.com/muhamad.cali.98/posts/pfbid02dppLPhN3ETAmaHZrJ9SkxbRtvQeHuXzSfYeuKwWM3L71g5iXYezLs3Vd62vrJtGwl?comment_id=449014021501167",,,,,,,,,,,,,,,,,,,,,,,,,,,,,,,,,,,,,,,,,,,,,,,,,,,,,,,,,,,,,,,,,,,"2024-09-20T09:26:24.000Z","2819419548213693","https://www.facebook.com/100004370253176/posts/2819419548213693","ZmVlZGJhY2s6MjgxOTQxOTU0ODIxMzY5M180NDkwMTQwMjE1MDExNjc=","Y29tbWVudDoyODE5NDE5NTQ4MjEzNjkzXzQ0OTAxNDAyMTUwMTE2Nw==","https://www.facebook.com/100004370253176/posts/2819419548213693","1","112652978585649","false",,,,,,,"Atur jadwal Nhurwhathy R. Tufu Lakarani","pfbid0xJ4QMepRCfopGZVkA4YzE4FUb16Eqfsf9VNbDCFPbyvkR3axz1pptxKVXG3eZMjZl","Algi Midda Coangi","https://scontent.fjed4-3.fna.fbcdn.net/v/t39.30808-1/449316115_847224357454960_8774921881601585296_n.jpg?stp=cp0_dst-jpg_s32x32&_nc_cat=105&ccb=1-7&_nc_sid=0ecb9b&_nc_ohc=seUGR-Qb8IoQ7kNvgHoJDnR&_nc_ht=scontent.fjed4-3.fna&_nc_gid=A_HlxeHojwhxrvDf0nxf7hO&oh=00_AYAIUVN1ynh5IaGMsGSRPpxN4UeKg3LRy8qxleUvp7uI9A&oe=66FA87E2","https://www.facebook.com/algi.coangi",,"Ya marijo pas""PP algi somo pulang🤣","0"
,,,,,,,,,,,,,"https://www.facebook.com/muhamad.cali.98/posts/pfbid02dppLPhN3ETAmaHZrJ9SkxbRtvQeHuXzSfYeuKwWM3L71g5iXYezLs3Vd62vrJtGwl?comment_id=1765916297482721",,,,,,,,,,,,,,"https://www.facebook.com/muhamad.cali.98/posts/pfbid02dppLPhN3ETAmaHZrJ9SkxbRtvQeHuXzSfYeuKwWM3L71g5iXYezLs3Vd62vrJtGwl?comment_id=1765916297482721&reply_comment_id=1307292390242011","1","2024-09-20T09:50:38.000Z","ZmVlZGJhY2s6MjgxOTQxOTU0ODIxMzY5M18xMzA3MjkyMzkwMjQyMDEx","Y29tbWVudDoyODE5NDE5NTQ4MjEzNjkzXzEzMDcyOTIzOTAyNDIwMTE=","0","User","pfbid0xJ4QMepRCfopGZVkA4YzE4FUb16Eqfsf9VNbDCFPbyvkR3axz1pptxKVXG3eZMjZl","Algi Midda Coangi","Algi","Y29tbWVudDoyODE5NDE5NTQ4MjEzNjkzXzE3NjU5MTYyOTc0ODI3MjE=","100004370253176","Muhamad Cali Faiz Ahmad","https://scontent.fjed4-4.fna.fbcdn.net/v/t39.30808-1/456120459_2788136318008683_7418166726346064265_n.jpg?stp=cp0_dst-jpg_s32x32&_nc_cat=108&ccb=1-7&_nc_sid=50d2ac&_nc_ohc=Ii7TlklAPXsQ7kNvgFb-Y9C&_nc_ht=scontent.fjed4-4.fna&_nc_gid=A_HlxeHojwhxrvDf0nxf7hO&oh=00_AYA1N7okVMSZxCAEnDR1oPHPPe4iNzOoFhvBC4fD1mWjpA&oe=66FA9CAD","https://www.facebook.com/muhamad.cali.98","Y29tbWVudDoyODE5NDE5NTQ4MjEzNjkzXzE3NjU5MTYyOTc0ODI3MjE=","Algi Midda Coangi gasss","1","https://www.facebook.com/muhamad.cali.98/posts/pfbid02dppLPhN3ETAmaHZrJ9SkxbRtvQeHuXzSfYeuKwWM3L71g5iXYezLs3Vd62vrJtGwl?comment_id=1765916297482721&reply_comment_id=522786430504961","2024-09-20T09:59:34.000Z","ZmVlZGJhY2s6MjgxOTQxOTU0ODIxMzY5M181MjI3ODY0MzA1MDQ5NjE=","Y29tbWVudDoyODE5NDE5NTQ4MjEzNjkzXzUyMjc4NjQzMDUwNDk2MQ==","0","User","pfbid0xJ4QMepRCfopGZVkA4YzE4FUb16Eqfsf9VNbDCFPbyvkR3axz1pptxKVXG3eZMjZl","Algi Midda Coangi","Algi","Y29tbWVudDoyODE5NDE5NTQ4MjEzNjkzXzE3NjU5MTYyOTc0ODI3MjE=","pfbid0xJ4QMepRCfopGZVkA4YzE4FUb16Eqfsf9VNbDCFPbyvkR3axz1pptxKVXG3eZMjZl","Algi Midda Coangi","https://scontent.fjed4-3.fna.fbcdn.net/v/t39.30808-1/449316115_847224357454960_8774921881601585296_n.jpg?stp=cp0_dst-jpg_s32x32&_nc_cat=105&ccb=1-7&_nc_sid=0ecb9b&_nc_ohc=seUGR-Qb8IoQ7kNvgHoJDnR&_nc_ht=scontent.fjed4-3.fna&_nc_gid=A_HlxeHojwhxrvDf0nxf7hO&oh=00_AYAIUVN1ynh5IaGMsGSRPpxN4UeKg3LRy8qxleUvp7uI9A&oe=66FA87E2","https://www.facebook.com/algi.coangi","Y29tbWVudDoyODE5NDE5NTQ4MjEzNjkzXzE3NjU5MTYyOTc0ODI3MjE=","Muhamad Cali Faiz Ahmad 🥰🥰","2",,,,,,,,,,,,,,,,,,"2","2024-09-20T09:27:35.000Z","2819419548213693","https://www.facebook.com/100004370253176/posts/2819419548213693","ZmVlZGJhY2s6MjgxOTQxOTU0ODIxMzY5M18xNzY1OTE2Mjk3NDgyNzIx","Y29tbWVudDoyODE5NDE5NTQ4MjEzNjkzXzE3NjU5MTYyOTc0ODI3MjE=","https://www.facebook.com/100004370253176/posts/2819419548213693","1","112652978585649","false",,,,,,,"Atur jadwal Nhurwhathy R. Tufu Lakarani","pfbid0xJ4QMepRCfopGZVkA4YzE4FUb16Eqfsf9VNbDCFPbyvkR3axz1pptxKVXG3eZMjZl","Algi Midda Coangi","https://scontent.fjed4-3.fna.fbcdn.net/v/t39.30808-1/449316115_847224357454960_8774921881601585296_n.jpg?stp=cp0_dst-jpg_s32x32&_nc_cat=105&ccb=1-7&_nc_sid=0ecb9b&_nc_ohc=seUGR-Qb8IoQ7kNvgHoJDnR&_nc_ht=scontent.fjed4-3.fna&_nc_gid=A_HlxeHojwhxrvDf0nxf7hO&oh=00_AYAIUVN1ynh5IaGMsGSRPpxN4UeKg3LRy8qxleUvp7uI9A&oe=66FA87E2","https://www.facebook.com/algi.coangi",,"Menginap di pulau papan 1malam🤭","0"
,,,,,,,,,,,,,"https://www.facebook.com/muhamad.cali.98/posts/pfbid02dppLPhN3ETAmaHZrJ9SkxbRtvQeHuXzSfYeuKwWM3L71g5iXYezLs3Vd62vrJtGwl?comment_id=1609652246600140",,,,,,,,,,,,,,,,,,,,,,,,,,,,,,,,,,,,,,,,,,,,,,,,,,,,,,,,,,,,,,,,,,,"2024-09-25T14:17:22.000Z","2819419548213693","https://www.facebook.com/100004370253176/posts/2819419548213693","ZmVlZGJhY2s6MjgxOTQxOTU0ODIxMzY5M18xNjA5NjUyMjQ2NjAwMTQw","Y29tbWVudDoyODE5NDE5NTQ4MjEzNjkzXzE2MDk2NTIyNDY2MDAxNDA=","https://www.facebook.com/100004370253176/posts/2819419548213693","0","112652978585649","false",,,,,,,"Atur jadwal Nhurwhathy R. Tufu Lakarani","100005873528021","Nhurwhathy R. Tufu Lakarani","https://scontent.fjed4-5.fna.fbcdn.net/v/t39.30808-1/461167402_2735515109987580_3546796237349471071_n.jpg?stp=cp0_dst-jpg_s32x32&_nc_cat=103&ccb=1-7&_nc_sid=50d2ac&_nc_ohc=XGkJ-gAo4KQQ7kNvgEpZqPL&_nc_ht=scontent.fjed4-5.fna&_nc_gid=A_HlxeHojwhxrvDf0nxf7hO&oh=00_AYAGVNw9ausKDbr5VvtU-Zqqi7litPL51DAaPRaETbBLPw&oe=66FAA30E","https://www.facebook.com/whaty.smille",,"Bangkep dlu paksu🥰","0"
,,,,,,,,,,,,,"https://www.facebook.com/muhamad.cali.98/posts/pfbid0evACTENPHG9dbr4HbAJDChttbVgfjqaXB5E7HTENx3qrjvyF8me66eWaFgKxXeBkl?comment_id=1068814884674411",,,,,,,,,,,,,,"https://www.facebook.com/muhamad.cali.98/posts/pfbid0evACTENPHG9dbr4HbAJDChttbVgfjqaXB5E7HTENx3qrjvyF8me66eWaFgKxXeBkl?comment_id=1068814884674411&reply_comment_id=867935198648152",,"2024-09-19T23:50:49.000Z","ZmVlZGJhY2s6MjgxODY5NDIxODI4NjIyNl84Njc5MzUxOTg2NDgxNTI=","Y29tbWVudDoyODE4Njk0MjE4Mjg2MjI2Xzg2NzkzNTE5ODY0ODE1Mg==","0","User","100007578522755","Renzy Bintangasia","Renzy","Y29tbWVudDoyODE4Njk0MjE4Mjg2MjI2XzEwNjg4MTQ4ODQ2NzQ0MTE=","100004370253176","Muhamad Cali Faiz Ahmad","https://scontent.fcwl1-1.fna.fbcdn.net/v/t39.30808-1/456120459_2788136318008683_7418166726346064265_n.jpg?stp=cp0_dst-jpg_s32x32&_nc_cat=108&ccb=1-7&_nc_sid=50d2ac&_nc_ohc=Ii7TlklAPXsQ7kNvgH3hXcG&_nc_ht=scontent.fcwl1-1.fna&oh=00_AYCPEK6w69y_StPx40l9FTbGX7daeJanebLGCqiAB5zqFg&oe=66FA9CAD","https://www.facebook.com/muhamad.cali.98","Y29tbWVudDoyODE4Njk0MjE4Mjg2MjI2XzEwNjg4MTQ4ODQ2NzQ0MTE=","Renzy Bintangasia Maksi om","1",,,,,,,,,,,,,,,,,,,,,,,,,,,,,,,,,,,"1","2024-09-19T23:09:14.000Z","2818694218286226","https://www.facebook.com/100004370253176/posts/2818694218286226","ZmVlZGJhY2s6MjgxODY5NDIxODI4NjIyNl8xMDY4ODE0ODg0Njc0NDEx","Y29tbWVudDoyODE4Njk0MjE4Mjg2MjI2XzEwNjg4MTQ4ODQ2NzQ0MTE=","https://www.facebook.com/100004370253176/posts/2818694218286226","1","112652978585649","false",,,,,,,"Jgan lupa like dan subrait","100007578522755","Renzy Bintangasia","https://scontent.fcwl1-1.fna.fbcdn.net/v/t39.30808-1/426012403_3605728109689771_2277782955804277447_n.jpg?stp=cp0_dst-jpg_s32x32&_nc_cat=104&ccb=1-7&_nc_sid=50d2ac&_nc_ohc=eSL7nwrCcoUQ7kNvgEMxZDk&_nc_ht=scontent.fcwl1-1.fna&oh=00_AYBqOwrJL5CemOay27F5IkUMqEVsvPOS5e6g-uiQjT2hZg&oe=66FA9484","https://www.facebook.com/renzi.prayuda",,"Mantap","0"
,,,,,,,,,,,,,"https://www.facebook.com/muhamad.cali.98/posts/pfbid0y2em5vod78V7mcMHkERudNXrwsc6FgJrfFRDgcrkeL7ZvgqiLwh2GksMahaShT4Ll?comment_id=1521245381819690",,,,,,,,,,,,,,"https://www.facebook.com/muhamad.cali.98/posts/pfbid0y2em5vod78V7mcMHkERudNXrwsc6FgJrfFRDgcrkeL7ZvgqiLwh2GksMahaShT4Ll?comment_id=1521245381819690&reply_comment_id=530352732870230",,"2024-09-17T05:40:24.000Z","ZmVlZGJhY2s6MjgxNjA3MjMxODU0ODQxNl81MzAzNTI3MzI4NzAyMzA=","Y29tbWVudDoyODE2MDcyMzE4NTQ4NDE2XzUzMDM1MjczMjg3MDIzMA==","0","User","100007578522755","Renzy Bintangasia","Renzy","Y29tbWVudDoyODE2MDcyMzE4NTQ4NDE2XzE1MjEyNDUzODE4MTk2OTA=","100004370253176","Muhamad Cali Faiz Ahmad","https://scontent.fyei6-3.fna.fbcdn.net/v/t39.30808-1/456120459_2788136318008683_7418166726346064265_n.jpg?stp=cp0_dst-jpg_s32x32&_nc_cat=108&ccb=1-7&_nc_sid=50d2ac&_nc_ohc=Ii7TlklAPXsQ7kNvgGTtdTA&_nc_ht=scontent.fyei6-3.fna&_nc_gid=AUOyF4sqsqfs1sTQN587M6-&oh=00_AYDQSbqU05KGcZUhy2rgXpDr7g1hJojyABscJTRnREQCWg&oe=66FA9CAD","https://www.facebook.com/muhamad.cali.98","Y29tbWVudDoyODE2MDcyMzE4NTQ4NDE2XzE1MjEyNDUzODE4MTk2OTA=","Renzy Bintangasia gasss Om","1",,,,,,,,,,,,,,,,,,,,,,,,,,,,,,,,,,,"1","2024-09-17T03:37:04.000Z","2816072318548416","https://www.facebook.com/100004370253176/posts/2816072318548416","ZmVlZGJhY2s6MjgxNjA3MjMxODU0ODQxNl8xNTIxMjQ1MzgxODE5Njkw","Y29tbWVudDoyODE2MDcyMzE4NTQ4NDE2XzE1MjEyNDUzODE4MTk2OTA=","https://www.facebook.com/100004370253176/posts/2816072318548416","1","112652978585649","false",,,,,,,"Mampir di toko² Area Toili
Untuk petani semangka benihnya sudah redy","100007578522755","Renzy Bintangasia","https://scontent.fyei6-4.fna.fbcdn.net/v/t39.30808-1/426012403_3605728109689771_2277782955804277447_n.jpg?stp=cp0_dst-jpg_s32x32&_nc_cat=104&ccb=1-7&_nc_sid=50d2ac&_nc_ohc=eSL7nwrCcoUQ7kNvgHXQV2O&_nc_ht=scontent.fyei6-4.fna&_nc_gid=AUOyF4sqsqfs1sTQN587M6-&oh=00_AYAsdYPYOudPLXkQ_DdzYTxejRf0pWjCOoBkOXQLNWXLCA&oe=66FA9484","https://www.facebook.com/renzi.prayuda",,"Mantap om","0"
,,,,,,,,,,,,,"https://www.facebook.com/muhamad.cali.98/posts/pfbid0xjHbnUAMeygHQK92qPqCtAdd9ZxtVz7dm4BSxULmXUjZXyZgbsBUkYTESVyZB7Kwl?comment_id=3840907032813590",,,,,,,,,,,,,,"https://www.facebook.com/muhamad.cali.98/posts/pfbid0xjHbnUAMeygHQK92qPqCtAdd9ZxtVz7dm4BSxULmXUjZXyZgbsBUkYTESVyZB7Kwl?comment_id=3840907032813590&reply_comment_id=897829175555929",,"2024-09-21T11:42:31.000Z","ZmVlZGJhY2s6MjgyMDQxNDM0NDc4MDg4MF84OTc4MjkxNzU1NTU5Mjk=","Y29tbWVudDoyODIwNDE0MzQ0NzgwODgwXzg5NzgyOTE3NTU1NTkyOQ==","0","User","100007578522755","Renzy Bintangasia","Renzy","Y29tbWVudDoyODIwNDE0MzQ0NzgwODgwXzM4NDA5MDcwMzI4MTM1OTA=","100004370253176","Muhamad Cali Faiz Ahmad","https://scontent-lga3-1.xx.fbcdn.net/v/t39.30808-1/456120459_2788136318008683_7418166726346064265_n.jpg?stp=cp0_dst-jpg_s32x32&_nc_cat=108&ccb=1-7&_nc_sid=50d2ac&_nc_ohc=Ii7TlklAPXsQ7kNvgHWHmRz&_nc_ht=scontent-lga3-1.xx&_nc_gid=AAxoxYiULQWMXzzFOSfIuuc&oh=00_AYCiZDH-_Cj--dEMpp36ZunkEwED-prXkaw8TPA25WTPiw&oe=66FA9CAD","https://www.facebook.com/muhamad.cali.98","Y29tbWVudDoyODIwNDE0MzQ0NzgwODgwXzM4NDA5MDcwMzI4MTM1OTA=","Renzy Bintangasia iya om","1",,,,,,,,,,,,,,,,,,,,,,,,,,,,,,,,,,,"1","2024-09-21T09:20:54.000Z","2820414344780880","https://www.facebook.com/100004370253176/posts/2820414344780880","ZmVlZGJhY2s6MjgyMDQxNDM0NDc4MDg4MF8zODQwOTA3MDMyODEzNTkw","Y29tbWVudDoyODIwNDE0MzQ0NzgwODgwXzM4NDA5MDcwMzI4MTM1OTA=","https://www.facebook.com/100004370253176/posts/2820414344780880","1","112652978585649","false",,,,,,,"Cabai rawit prentul klaster 
Benih Citra Asia Benih Citra Asia 

@benihcitraasia
@benih_bintangasia
#benihcitraasia
#benih_bintangasia
#benihunggulbintangasia 
#pastibisapastisukses
#inovasianaknegeri
#sahabatbintangasia 
#benih 
#petani 
#petanimuda 
#petaniindonesia 
#petanimilenial","100007578522755","Renzy Bintangasia","https://scontent-lga3-2.xx.fbcdn.net/v/t39.30808-1/426012403_3605728109689771_2277782955804277447_n.jpg?stp=cp0_dst-jpg_s32x32&_nc_cat=104&ccb=1-7&_nc_sid=50d2ac&_nc_ohc=eSL7nwrCcoUQ7kNvgG2yO7C&_nc_ht=scontent-lga3-2.xx&_nc_gid=AAxoxYiULQWMXzzFOSfIuuc&oh=00_AYBA5loIx0M9K2JuiQxODNdlo9fj5Owb9VoiXT0dV6ef7Q&oe=66FA9484","https://www.facebook.com/renzi.prayuda",,"Mantap","0"
,,,,,,,,,,,,,"https://www.facebook.com/muhamad.cali.98/posts/pfbid02teJMdTVFfM2ekCUGnNMD8yNZtMECC2FMfACaVS8niVjjt1vg5SbaTS7DLhg6Wu3Tl?comment_id=792625302816780",,,,,,,,,,,,,,,,,,,,,,,,,,,,,,,,,,,,,,,,,,,,,,,,,,,,,,,,,,,,,,,,,,,"2024-09-13T10:21:24.000Z","2812213598934288","https://www.facebook.com/100004370253176/posts/2812213598934288","ZmVlZGJhY2s6MjgxMjIxMzU5ODkzNDI4OF83OTI2MjUzMDI4MTY3ODA=","Y29tbWVudDoyODEyMjEzNTk4OTM0Mjg4Xzc5MjYyNTMwMjgxNjc4MA==","https://www.facebook.com/100004370253176/posts/2812213598934288","1","112652978585649","false",,,,,,,"Jagung Betras 9","1828565536","Mohammad Iqbal Agustiana","https://scontent-fmx1-1.xx.fbcdn.net/v/t1.18169-1/1468799_10203929170029473_1521419688104736133_n.jpg?stp=cp0_dst-jpg_s32x32&_nc_cat=110&ccb=1-7&_nc_sid=db5862&_nc_ohc=wg3VnX7vyxUQ7kNvgHwv-H_&_nc_ht=scontent-fmx1-1.xx&oh=00_AYAmJSjVo9mX4_cbFBHeh_KmkBLd2yca53u8_BVRyLR1QQ&oe=671C4AAF",,,"Mantap","0"
,,,,,,,,,,,,,"https://www.facebook.com/muhamad.cali.98/posts/pfbid0bYEfheNhnTQ27P4ni8fAFhkpV62aBPNRiXF2qz6TaMvu2TBzSwekkAvSNTe6NNRul?comment_id=2301586700193828",,,,,,,,,,,,,,,,,,,,,,,,,,,,,,,,,,,,,,,,,,,,,,,,,,,,,,,,,,,,,,,,,,,"2024-09-19T22:49:29.000Z","2818690898286558","https://www.facebook.com/100004370253176/posts/2818690898286558","ZmVlZGJhY2s6MjgxODY5MDg5ODI4NjU1OF8yMzAxNTg2NzAwMTkzODI4","Y29tbWVudDoyODE4NjkwODk4Mjg2NTU4XzIzMDE1ODY3MDAxOTM4Mjg=","https://www.facebook.com/100004370253176/posts/2818690898286558","1","112652978585649","false",,,,,,,"Nonton perjalanan kami sampai ke polosok desa","100007578522755","Renzy Bintangasia","https://scontent.fbfh1-2.fna.fbcdn.net/v/t39.30808-1/426012403_3605728109689771_2277782955804277447_n.jpg?stp=cp0_dst-jpg_s32x32&_nc_cat=104&ccb=1-7&_nc_sid=50d2ac&_nc_ohc=eSL7nwrCcoUQ7kNvgFEHcC1&_nc_ht=scontent.fbfh1-2.fna&_nc_gid=AYgqmoJoUYUIjhs_bciXEV2&oh=00_AYBbtp-s0FyoXksa6FBcgtFjZYP46MEvOHe-7LBwDPit-A&oe=66FA9484","https://www.facebook.com/renzi.prayuda",,"Mantap","0"
,,,,,,,,,,,,,"https://www.facebook.com/muhamad.cali.98/videos/1043156270822662/?comment_id=1276145907169811",,,,,,,,,,,,,,"https://www.facebook.com/muhamad.cali.98/videos/1043156270822662/?comment_id=1276145907169811&reply_comment_id=550238887567295",,"2024-09-14T05:10:45.000Z","ZmVlZGJhY2s6MTA0MzE1NjI3MDgyMjY2Ml81NTAyMzg4ODc1NjcyOTU=","Y29tbWVudDoxMDQzMTU2MjcwODIyNjYyXzU1MDIzODg4NzU2NzI5NQ==","0","User","100067530483050","Supiartha","Supiartha","Y29tbWVudDoxMDQzMTU2MjcwODIyNjYyXzEyNzYxNDU5MDcxNjk4MTE=","100004370253176","Muhamad Cali Faiz Ahmad","https://scontent-atl3-1.xx.fbcdn.net/v/t39.30808-1/456120459_2788136318008683_7418166726346064265_n.jpg?stp=cp0_dst-jpg_s32x32&_nc_cat=108&ccb=1-7&_nc_sid=50d2ac&_nc_ohc=Ii7TlklAPXsQ7kNvgFHg8S5&_nc_ht=scontent-atl3-1.xx&_nc_gid=A4psCLbg8XJuxAun4xamNmA&oh=00_AYChMqh-cqnlcoe0hoZTRKT9ODjFhJvgWh2FBik444ewvQ&oe=66FA9CAD","https://www.facebook.com/muhamad.cali.98","Y29tbWVudDoxMDQzMTU2MjcwODIyNjYyXzEyNzYxNDU5MDcxNjk4MTE=","Supiartha siap pa bosss","1",,,,,,,,,,,,,,,,,,,,,,,,,,,,,,,,,,,"1","2024-09-14T00:24:24.000Z","1043156270822662","https://www.facebook.com/100004370253176/posts/1043156270822662","ZmVlZGJhY2s6MTA0MzE1NjI3MDgyMjY2Ml8xMjc2MTQ1OTA3MTY5ODEx","Y29tbWVudDoxMDQzMTU2MjcwODIyNjYyXzEyNzYxNDU5MDcxNjk4MTE=","https://www.facebook.com/100004370253176/posts/1043156270822662","1",,,,,,,,,"Muhamad Cali Faiz Ahmad was live.","100067530483050","Supiartha","https://scontent-atl3-1.xx.fbcdn.net/v/t39.30808-1/280102617_324553103139037_2609788621585189859_n.jpg?stp=cp0_dst-jpg_s32x32&_nc_cat=110&ccb=1-7&_nc_sid=50d2ac&_nc_ohc=9YhMx7i33_AQ7kNvgGOCkWs&_nc_ht=scontent-atl3-1.xx&_nc_gid=A4psCLbg8XJuxAun4xamNmA&oh=00_AYBCd8FYQOw1j_O4P8meBXeP2j9r1xZPipq4h__DyS__OQ&oe=66FA80B7","https://www.facebook.com/supiartha.supiartha.98",,"Gasss bang cali,biar gempar kec,Toili","0"
,,,,,,,,,,,,,"https://www.facebook.com/muhamad.cali.98/videos/1075274797637428/?comment_id=1731005594375332&reply_comment_id=417992597592430",,,,,,,,,,,,,,,,,,,,,,,,,,,,,,,,,,,,,,,,,,,,,,,,,,,,,,,,,,,,,,,,,,"2","2024-09-22T12:58:59.000Z","2821719227983725","https://www.facebook.com/100004370253176/posts/2821719227983725","ZmVlZGJhY2s6MjgyMTcxOTIyNzk4MzcyNV80MTc5OTI1OTc1OTI0MzA=","Y29tbWVudDoyODIxNzE5MjI3OTgzNzI1XzQxNzk5MjU5NzU5MjQzMA==","https://www.facebook.com/100004370253176/posts/2821719227983725","1",,,,"User","100072057871478","GAGUS TRIBAL","GAGUS","Y29tbWVudDoyODIxNzE5MjI3OTgzNzI1XzE3MzEwMDU1OTQzNzUzMzI=","Kita gass Tipis dulu Produk Benih Bintang asiA telah Redy di toko² wilaya Toili dan sekitar dan Luwuk
#suksesbersamapetanibintangasiA","100004370253176","Muhamad Cali Faiz Ahmad","https://scontent.fuio5-1.fna.fbcdn.net/v/t39.30808-1/456120459_2788136318008683_7418166726346064265_n.jpg?stp=cp0_dst-jpg_s32x32&_nc_cat=108&ccb=1-7&_nc_sid=50d2ac&_nc_ohc=Ii7TlklAPXsQ7kNvgEj-G58&_nc_ht=scontent.fuio5-1.fna&_nc_gid=A2bt9hQIWG7_P0UqxVr5RMH&oh=00_AYC_H7UeRr_WX5jHiFkKCMGfViLXbIbaDKbsZKZ6s3gqZg&oe=66FA9CAD","https://www.facebook.com/muhamad.cali.98","Y29tbWVudDoyODIxNzE5MjI3OTgzNzI1XzE3MzEwMDU1OTQzNzUzMzI=","GAGUS TRIBAL ada mas TPI  syg TDK aplod","1"
,,,,,,,,,,,,,"https://www.facebook.com/muhamad.cali.98/videos/1075274797637428/?comment_id=1731005594375332&reply_comment_id=1100977834694721",,,,,,,,,,,,,,,,,,,,,,,,,,,,,,,,,,,,,,,,,,,,,,,,,,,,,,,,,,,,,,,,,,,"2024-09-22T13:01:58.000Z","2821719227983725","https://www.facebook.com/100004370253176/posts/2821719227983725","ZmVlZGJhY2s6MjgyMTcxOTIyNzk4MzcyNV8xMTAwOTc3ODM0Njk0NzIx","Y29tbWVudDoyODIxNzE5MjI3OTgzNzI1XzExMDA5Nzc4MzQ2OTQ3MjE=","https://www.facebook.com/100004370253176/posts/2821719227983725","1",,,,"User","100072057871478","GAGUS TRIBAL","GAGUS","Y29tbWVudDoyODIxNzE5MjI3OTgzNzI1XzE3MzEwMDU1OTQzNzUzMzI=","Kita gass Tipis dulu Produk Benih Bintang asiA telah Redy di toko² wilaya Toili dan sekitar dan Luwuk
#suksesbersamapetanibintangasiA","100072057871478","GAGUS TRIBAL","https://scontent.fuio5-1.fna.fbcdn.net/v/t39.30808-1/437909715_452856000459659_7458405260051588116_n.jpg?stp=cp0_dst-jpg_s32x32&_nc_cat=103&ccb=1-7&_nc_sid=50d2ac&_nc_ohc=sMl1XFUpYhMQ7kNvgFEt3j4&_nc_ht=scontent.fuio5-1.fna&_nc_gid=A2bt9hQIWG7_P0UqxVr5RMH&oh=00_AYDVE1mnd_8d7g1MfAjT7E76Jv1IIlEk3yyEQPawGbWnCA&oe=66FA9E51","https://www.facebook.com/people/GAGUS-TRIBAL/100072057871478/","Y29tbWVudDoyODIxNzE5MjI3OTgzNzI1XzE3MzEwMDU1OTQzNzUzMzI=","Muhamad Cali Faiz Ahmad apa namax bng","2"
,,,,,,,,,,,,,"https://www.facebook.com/muhamad.cali.98/videos/1075274797637428/?comment_id=1731005594375332&reply_comment_id=806557591552724",,,,,,,,,,,,,,,,,,,,,,,,,,,,,,,,,,,,,,,,,,,,,,,,,,,,,,,,,,,,,,,,,,,"2024-09-22T23:10:46.000Z","2821719227983725","https://www.facebook.com/100004370253176/posts/2821719227983725","ZmVlZGJhY2s6MjgyMTcxOTIyNzk4MzcyNV84MDY1NTc1OTE1NTI3MjQ=","Y29tbWVudDoyODIxNzE5MjI3OTgzNzI1XzgwNjU1NzU5MTU1MjcyNA==","https://www.facebook.com/100004370253176/posts/2821719227983725","0",,,,"User","100072057871478","GAGUS TRIBAL","GAGUS","Y29tbWVudDoyODIxNzE5MjI3OTgzNzI1XzE3MzEwMDU1OTQzNzUzMzI=","Kita gass Tipis dulu Produk Benih Bintang asiA telah Redy di toko² wilaya Toili dan sekitar dan Luwuk
#suksesbersamapetanibintangasiA","100004370253176","Muhamad Cali Faiz Ahmad","https://scontent.fuio5-1.fna.fbcdn.net/v/t39.30808-1/456120459_2788136318008683_7418166726346064265_n.jpg?stp=cp0_dst-jpg_s32x32&_nc_cat=108&ccb=1-7&_nc_sid=50d2ac&_nc_ohc=Ii7TlklAPXsQ7kNvgEj-G58&_nc_ht=scontent.fuio5-1.fna&_nc_gid=A2bt9hQIWG7_P0UqxVr5RMH&oh=00_AYC_H7UeRr_WX5jHiFkKCMGfViLXbIbaDKbsZKZ6s3gqZg&oe=66FA9CAD","https://www.facebook.com/muhamad.cali.98","Y29tbWVudDoyODIxNzE5MjI3OTgzNzI1XzE3MzEwMDU1OTQzNzUzMzI=","GAGUS TRIBAL ada megatop, beton dan Masi banyak lagi mas","2"
,,,,,,,,,,,,,"https://www.facebook.com/muhamad.cali.98/posts/pfbid0BQvjprxQayUFBjoD7DVxFHeAsviHiE8q4pyDJ8pw51PPwnSMoi7TxXj9sh3GcS1Rl?comment_id=879164296972514",,,,,,,,,,,,,,,,,,,,,,,,,,,,,,,,,,,,,,,,,,,,,,,,,,,,,,,,,,,,,,,,,,,"2024-09-14T00:54:36.000Z","2812702322218749","https://www.facebook.com/100004370253176/posts/2812702322218749","ZmVlZGJhY2s6MjgxMjcwMjMyMjIxODc0OV84NzkxNjQyOTY5NzI1MTQ=","Y29tbWVudDoyODEyNzAyMzIyMjE4NzQ5Xzg3OTE2NDI5Njk3MjUxNA==","https://www.facebook.com/100004370253176/posts/2812702322218749","0","203457429528139","false",,,,,,,"NATAMA SUPER F1,
Tomat Indeterminate, bobot 130-150 gr/buah, potensi 4-5 kg Per pohon, cocok di tanam di Dataran Tinggi,
#bintangasia
#natamasuperf1
#natamasuper
#tomat
#benihcitraasia
#indeterminate","100007578522755","Renzy Bintangasia","https://scontent.fgnd1-1.fna.fbcdn.net/v/t39.30808-1/426012403_3605728109689771_2277782955804277447_n.jpg?stp=cp0_dst-jpg_s32x32&_nc_cat=104&ccb=1-7&_nc_sid=50d2ac&_nc_ohc=eSL7nwrCcoUQ7kNvgFSai56&_nc_ht=scontent.fgnd1-1.fna&_nc_gid=A8lwC3wn8ElIC7RIYrGU93u&oh=00_AYCKTbyMGryErGLKyKXe51_EyafZnoFVPEjLj4VTUC-H4w&oe=66FA9484","https://www.facebook.com/renzi.prayuda",,"Gas sken","0"
,,,,,,,,,,,,,"https://www.facebook.com/muhamad.cali.98/posts/pfbid0BQvjprxQayUFBjoD7DVxFHeAsviHiE8q4pyDJ8pw51PPwnSMoi7TxXj9sh3GcS1Rl?comment_id=945074097764867","Sticker",,"1","83","1","1","510176098235985","128","https://scontent.fgnd1-1.fna.fbcdn.net/v/t39.1997-6/452945324_510176101569318_4283563586452042726_n.png?stp=dst-png_s168x128&_nc_cat=111&ccb=1-7&_nc_sid=23dd7b&_nc_ohc=34qkBbPhyXQQ7kNvgGzcf_4&_nc_ht=scontent.fgnd1-1.fna&_nc_gid=A8lwC3wn8ElIC7RIYrGU93u&oh=00_AYBB7XtGDGksHzD_hsbc3ReAjZ_s9-KYw3fkiQEK1GHZfw&oe=66FA8685","128","",,,"https://www.facebook.com/muhamad.cali.98/posts/pfbid0BQvjprxQayUFBjoD7DVxFHeAsviHiE8q4pyDJ8pw51PPwnSMoi7TxXj9sh3GcS1Rl?comment_id=945074097764867&reply_comment_id=859694182898632",,"2024-09-14T00:13:20.000Z","ZmVlZGJhY2s6MjgxMjcwMjMyMjIxODc0OV84NTk2OTQxODI4OTg2MzI=","Y29tbWVudDoyODEyNzAyMzIyMjE4NzQ5Xzg1OTY5NDE4Mjg5ODYzMg==","0","User","1828565536","Mohammad Iqbal Agustiana","Mohammad","Y29tbWVudDoyODEyNzAyMzIyMjE4NzQ5Xzk0NTA3NDA5Nzc2NDg2Nw==","100004370253176","Muhamad Cali Faiz Ahmad","https://scontent.fgnd1-1.fna.fbcdn.net/v/t39.30808-1/456120459_2788136318008683_7418166726346064265_n.jpg?stp=cp0_dst-jpg_s32x32&_nc_cat=108&ccb=1-7&_nc_sid=50d2ac&_nc_ohc=Ii7TlklAPXsQ7kNvgFm0BpJ&_nc_ht=scontent.fgnd1-1.fna&_nc_gid=A8lwC3wn8ElIC7RIYrGU93u&oh=00_AYCAME6B1_VlTC2K4x0IhpCyJkJfNBR7XraXZz3fMGzASA&oe=66FA9CAD","https://www.facebook.com/muhamad.cali.98","Y29tbWVudDoyODEyNzAyMzIyMjE4NzQ5Xzk0NTA3NDA5Nzc2NDg2Nw==","Mohammad Iqbal Agustiana  mantap","1",,,,,,,,,,,,,,,,,,,,,,,,,,,,,,,,,,,"1","2024-09-14T00:11:36.000Z","2812702322218749","https://www.facebook.com/100004370253176/posts/2812702322218749","ZmVlZGJhY2s6MjgxMjcwMjMyMjIxODc0OV85NDUwNzQwOTc3NjQ4Njc=","Y29tbWVudDoyODEyNzAyMzIyMjE4NzQ5Xzk0NTA3NDA5Nzc2NDg2Nw==","https://www.facebook.com/100004370253176/posts/2812702322218749","1","203457429528139","false",,,,,,,"NATAMA SUPER F1,
Tomat Indeterminate, bobot 130-150 gr/buah, potensi 4-5 kg Per pohon, cocok di tanam di Dataran Tinggi,
#bintangasia
#natamasuperf1
#natamasuper
#tomat
#benihcitraasia
#indeterminate","1828565536","Mohammad Iqbal Agustiana","https://scontent.fgnd1-1.fna.fbcdn.net/v/t1.18169-1/1468799_10203929170029473_1521419688104736133_n.jpg?stp=cp0_dst-jpg_s32x32&_nc_cat=110&ccb=1-7&_nc_sid=db5862&_nc_ohc=wg3VnX7vyxUQ7kNvgGVqf-d&_nc_ht=scontent.fgnd1-1.fna&oh=00_AYCg8PSrFZRevkUxG05sFgYJwcc7nFZY9vLanJPJD99GsQ&oe=671C4AAF",,,"Menyala Pak cali","0"
,,,,,,,,,,,,,"https://www.facebook.com/muhamad.cali.98/posts/pfbid0WouC6YUqirsEEQ82bemh2oWGoWmYqr4FNSsoKxpwcbKxkpcZdvDDqYQ1q6vc7ZvBl?comment_id=488075517386233&reply_comment_id=1001471298395443",,,,,,,,,,,,,,,,,,,,,,,,,,,,,,,,,,,,,,,,,,,,,,,,,,,,,,,,,,,,,,,,,,,"2024-09-22T11:58:04.000Z","2820422348113413","https://www.facebook.com/100004370253176/posts/2820422348113413","ZmVlZGJhY2s6MjgyMDQyMjM0ODExMzQxM18xMDAxNDcxMjk4Mzk1NDQz","Y29tbWVudDoyODIwNDIyMzQ4MTEzNDEzXzEwMDE0NzEyOTgzOTU0NDM=","https://www.facebook.com/100004370253176/posts/2820422348113413","0","112652978585649","false",,"User","100004825651478","NiZar Bintang Asia","NiZar","Y29tbWVudDoyODIwNDIyMzQ4MTEzNDEzXzQ4ODA3NTUxNzM4NjIzMw==","🌶️🌶️ Cabai Keriting Aldo F1🌶️🌶️
    Benih Citra Asia 
@benihcitraasia
@benih_bintangasia
#benihcitraasia
#benih_bintangasia
#benihunggulbintangasia 
#pastibisapastisukses
#inovasianaknegeri
#sahabatbintangasia 
#benih 
#petani 
#petanimuda 
#petaniindonesia 
#petanimilenial","100004370253176","Muhamad Cali Faiz Ahmad","https://scontent.fbog3-1.fna.fbcdn.net/v/t39.30808-1/456120459_2788136318008683_7418166726346064265_n.jpg?stp=cp0_dst-jpg_s32x32&_nc_cat=108&ccb=1-7&_nc_sid=50d2ac&_nc_ohc=Ii7TlklAPXsQ7kNvgF24jnT&_nc_ht=scontent.fbog3-1.fna&_nc_gid=AB95-3lvDtLaQ9VHMBPSGjS&oh=00_AYD65s8Rt7rDPvpj5f0gq3TiKKnE9ziqYspYmUJwSpnGJg&oe=66FA9CAD","https://www.facebook.com/muhamad.cali.98","Y29tbWVudDoyODIwNDIyMzQ4MTEzNDEzXzQ4ODA3NTUxNzM4NjIzMw==","NiZar Bintang Asia iya KK,, siap kita gemparkan lagi aldonya","1"
,,,,,,,,,,,,,"https://www.facebook.com/muhamad.cali.98/videos/878945037520380/?comment_id=497697316489415&reply_comment_id=1051725886410962",,,,,,,,,,,,,,,,,,,,,,,,,,,,,,,,,,,,,,,,,,,,,,,,,,,,,,,,,,,,,,,,,,,"2024-09-23T22:56:11.000Z","878945037520380","https://www.facebook.com/100004370253176/posts/878945037520380","ZmVlZGJhY2s6ODc4OTQ1MDM3NTIwMzgwXzEwNTE3MjU4ODY0MTA5NjI=","Y29tbWVudDo4Nzg5NDUwMzc1MjAzODBfMTA1MTcyNTg4NjQxMDk2Mg==","https://www.facebook.com/100004370253176/posts/878945037520380","0",,,,"User","pfbid02T7jpP8BjbYsb5K8cCrUwBdKQUxkLD2xeFX2uiwjdaHrpWPQqH3wigr8ziBHhJUKSl","Riski Hariadi Saputra","Riski","Y29tbWVudDo4Nzg5NDUwMzc1MjAzODBfNDk3Njk3MzE2NDg5NDE1","Muhamad Cali Faiz Ahmad was live.","100004370253176","Muhamad Cali Faiz Ahmad","https://scontent-hou1-1.xx.fbcdn.net/v/t39.30808-1/456120459_2788136318008683_7418166726346064265_n.jpg?stp=cp0_dst-jpg_s32x32&_nc_cat=108&ccb=1-7&_nc_sid=50d2ac&_nc_ohc=Ii7TlklAPXsQ7kNvgF_Cu-D&_nc_ht=scontent-hou1-1.xx&_nc_gid=AeSPyjW979G1KER7i_jzSAG&oh=00_AYAatynX1mOKmW3QOqnqCd0iXw78Lrp1tqDt_sZqgLrmBA&oe=66FA9CAD","https://www.facebook.com/muhamad.cali.98","Y29tbWVudDo4Nzg5NDUwMzc1MjAzODBfNDk3Njk3MzE2NDg5NDE1","Riski Hariadi Saputra mau cari Risky","1"
,,,,,,,,,,,,,"https://www.facebook.com/muhamad.cali.98/posts/pfbid02Fx1ky6rRSBwYhzMVWi9jsfh9Y5ZBkHyxcCjHVkXf4CkuuFNAKmt8FtmsrfhQp7i7l?comment_id=2801869989972531&reply_comment_id=836164298543847",,,,,,,,,,,,,,,,,,,,,,,,,,,,,,,,,,,,,,,,,,,,,,,,,,,,,,,,,,,,,,,,,,,"2024-09-25T03:47:35.000Z","2824514897704158","https://www.facebook.com/100004370253176/posts/2824514897704158","ZmVlZGJhY2s6MjgyNDUxNDg5NzcwNDE1OF84MzYxNjQyOTg1NDM4NDc=","Y29tbWVudDoyODI0NTE0ODk3NzA0MTU4XzgzNjE2NDI5ODU0Mzg0Nw==","https://www.facebook.com/100004370253176/posts/2824514897704158","0","112652978585649","false",,"User","100007578522755","Renzy Bintangasia","Renzy","Y29tbWVudDoyODI0NTE0ODk3NzA0MTU4XzI4MDE4Njk5ODk5NzI1MzE=","Tonton sampai selesai gaiss","100004370253176","Muhamad Cali Faiz Ahmad","https://scontent-bos5-1.xx.fbcdn.net/v/t39.30808-1/456120459_2788136318008683_7418166726346064265_n.jpg?stp=cp0_dst-jpg_s32x32&_nc_cat=108&ccb=1-7&_nc_sid=50d2ac&_nc_ohc=Ii7TlklAPXsQ7kNvgHHuWbd&_nc_ht=scontent-bos5-1.xx&_nc_gid=AaO0Fqlu_ETkCy7G3FxBbOP&oh=00_AYC_XXG9F4fdy56qR2k72nJQAgGCip0-sepFmEUFWzDzXw&oe=66FA9CAD","https://www.facebook.com/muhamad.cali.98","Y29tbWVudDoyODI0NTE0ODk3NzA0MTU4XzI4MDE4Njk5ODk5NzI1MzE=","Renzy Bintangasia mksi Om","1"
,,,,,,,,,,,,,"https://www.facebook.com/muhamad.cali.98/posts/pfbid02M5cPg8sBQGVXuzkjcZx1wv5XPDr9tRPWuK1U2TcReX5AyH2YadESja1UQ5oVAddQl?comment_id=860040469525603&reply_comment_id=442380162152022",,,,,,,,,,,,,,,,,,,,,,,,,,,,,,,,,,,,,,,,,,,,,,,,,,,,,,,,,,,,,,,,,,,"2024-09-21T13:29:08.000Z","2820415358114112","https://www.facebook.com/100004370253176/posts/2820415358114112","ZmVlZGJhY2s6MjgyMDQxNTM1ODExNDExMl80NDIzODAxNjIxNTIwMjI=","Y29tbWVudDoyODIwNDE1MzU4MTE0MTEyXzQ0MjM4MDE2MjE1MjAyMg==","https://www.facebook.com/100004370253176/posts/2820415358114112","0","112652978585649","false",,"User","100007578522755","Renzy Bintangasia","Renzy","Y29tbWVudDoyODIwNDE1MzU4MTE0MTEyXzg2MDA0MDQ2OTUyNTYwMw==","🌶️Cabai Rawit Teratas F1 🌶️🌶️   
     🌶️Inovas Anak Bangsa
Buah Tahan Simpan dan buah Ramping, Udah  panen ke 7 🌶️

  Benih nya Redy di toko gama makmur Dwi Susanto 

Benih Citra Asia 

@benihcitraasia
@benih_bintangasia
#benihcitraasia
#benih_bintangasia
#benihunggulbintangasia 
#pastibisapastisukses
#inovasianaknegeri
#sahabatbintangasia 
#benih 
#petani 
#petanimuda 
#petaniindonesia 
#petanimilenial","100004370253176","Muhamad Cali Faiz Ahmad","https://scontent-vie1-1.xx.fbcdn.net/v/t39.30808-1/456120459_2788136318008683_7418166726346064265_n.jpg?stp=cp0_dst-jpg_s32x32&_nc_cat=108&ccb=1-7&_nc_sid=50d2ac&_nc_ohc=Ii7TlklAPXsQ7kNvgFjFTz7&_nc_ht=scontent-vie1-1.xx&_nc_gid=AQj54U1bpGXC4NiCC4UsG2a&oh=00_AYDzYWyifaNHMAZaBaWc_HQ38B0FM5kYpmb13KWCzGTu1A&oe=66FA9CAD","https://www.facebook.com/muhamad.cali.98","Y29tbWVudDoyODIwNDE1MzU4MTE0MTEyXzg2MDA0MDQ2OTUyNTYwMw==","Renzy Bintangasia iya mksi om","1"
,,,,,,,,,,,,,"https://www.facebook.com/muhamad.cali.98/posts/pfbid0qfCjMT8ddL7hwWVkXMC6aJveat5fPmvcu1Q6QGe114VimULLgCba713xPzp5vCVTl?comment_id=515992214472945&reply_comment_id=549269867668161",,,,,,,,,,,,,,,,,,,,,,,,,,,,,,,,,,,,,,,,,,,,,,,,,,,,,,,,,,,,,,,,,,,"2024-09-21T08:57:21.000Z","2820424421446539","https://www.facebook.com/100004370253176/posts/2820424421446539","ZmVlZGJhY2s6MjgyMDQyNDQyMTQ0NjUzOV81NDkyNjk4Njc2NjgxNjE=","Y29tbWVudDoyODIwNDI0NDIxNDQ2NTM5XzU0OTI2OTg2NzY2ODE2MQ==","https://www.facebook.com/100004370253176/posts/2820424421446539","0","112652978585649","false",,"User","100007578522755","Renzy Bintangasia","Renzy","Y29tbWVudDoyODIwNDI0NDIxNDQ2NTM5XzUxNTk5MjIxNDQ3Mjk0NQ==","Jagung Betras 9 

 #betras9
@benihcitraasia
@benih_bintangasia
#benihcitraasia
#benih_bintangasia
#benihunggulbintangasia 
#pastibisapastisukses
#inovasianaknegeri
#sahabatbintangasia 
#benih 
#petani 
#petanimuda 
#petaniindonesia 
#petanimilenial","100004370253176","Muhamad Cali Faiz Ahmad","https://scontent-den2-1.xx.fbcdn.net/v/t39.30808-1/456120459_2788136318008683_7418166726346064265_n.jpg?stp=cp0_dst-jpg_s32x32&_nc_cat=108&ccb=1-7&_nc_sid=50d2ac&_nc_ohc=Ii7TlklAPXsQ7kNvgGaMN-e&_nc_ht=scontent-den2-1.xx&oh=00_AYAfemef7JdJx14vQcU8iTLOuhRw_RIfYdCT8DtP_DjBwg&oe=66FA9CAD","https://www.facebook.com/muhamad.cali.98","Y29tbWVudDoyODIwNDI0NDIxNDQ2NTM5XzUxNTk5MjIxNDQ3Mjk0NQ==","Renzy Bintangasia amiiin","1"
,,,,,,,,,,,,,"https://www.facebook.com/muhamad.cali.98/posts/pfbid0WouC6YUqirsEEQ82bemh2oWGoWmYqr4FNSsoKxpwcbKxkpcZdvDDqYQ1q6vc7ZvBl?comment_id=1433411890638652&reply_comment_id=834214692207223",,,,,,,,,,,,,,,,,,,,,,,,,,,,,,,,,,,,,,,,,,,,,,,,,,,,,,,,,,,,,,,,,,,"2024-09-21T11:45:29.000Z","2820422348113413","https://www.facebook.com/100004370253176/posts/2820422348113413","ZmVlZGJhY2s6MjgyMDQyMjM0ODExMzQxM184MzQyMTQ2OTIyMDcyMjM=","Y29tbWVudDoyODIwNDIyMzQ4MTEzNDEzXzgzNDIxNDY5MjIwNzIyMw==","https://www.facebook.com/100004370253176/posts/2820422348113413","0","112652978585649","false",,"User","100007578522755","Renzy Bintangasia","Renzy","Y29tbWVudDoyODIwNDIyMzQ4MTEzNDEzXzE0MzM0MTE4OTA2Mzg2NTI=","🌶️🌶️ Cabai Keriting Aldo F1🌶️🌶️
    Benih Citra Asia 
@benihcitraasia
@benih_bintangasia
#benihcitraasia
#benih_bintangasia
#benihunggulbintangasia 
#pastibisapastisukses
#inovasianaknegeri
#sahabatbintangasia 
#benih 
#petani 
#petanimuda 
#petaniindonesia 
#petanimilenial","100004370253176","Muhamad Cali Faiz Ahmad","https://scontent.fotp3-4.fna.fbcdn.net/v/t39.30808-1/456120459_2788136318008683_7418166726346064265_n.jpg?stp=cp0_dst-jpg_s32x32&_nc_cat=108&ccb=1-7&_nc_sid=50d2ac&_nc_ohc=Ii7TlklAPXsQ7kNvgFJztnb&_nc_ht=scontent.fotp3-4.fna&_nc_gid=AvfpBCZG214MX5dpoNwHaOI&oh=00_AYAORF2ICstRHrNBYSUb2RqDXH2eB5aILakiQ459dgToeA&oe=66FA9CAD","https://www.facebook.com/muhamad.cali.98","Y29tbWVudDoyODIwNDIyMzQ4MTEzNDEzXzE0MzM0MTE4OTA2Mzg2NTI=","Renzy Bintangasia iya om","1"
,,,,,,,,,,,,,"https://www.facebook.com/muhamad.cali.98/posts/pfbid0evACTENPHG9dbr4HbAJDChttbVgfjqaXB5E7HTENx3qrjvyF8me66eWaFgKxXeBkl?comment_id=1068814884674411&reply_comment_id=867935198648152",,,,,,,,,,,,,,,,,,,,,,,,,,,,,,,,,,,,,,,,,,,,,,,,,,,,,,,,,,,,,,,,,,,"2024-09-19T23:50:49.000Z","2818694218286226","https://www.facebook.com/100004370253176/posts/2818694218286226","ZmVlZGJhY2s6MjgxODY5NDIxODI4NjIyNl84Njc5MzUxOTg2NDgxNTI=","Y29tbWVudDoyODE4Njk0MjE4Mjg2MjI2Xzg2NzkzNTE5ODY0ODE1Mg==","https://www.facebook.com/100004370253176/posts/2818694218286226","0","112652978585649","false",,"User","100007578522755","Renzy Bintangasia","Renzy","Y29tbWVudDoyODE4Njk0MjE4Mjg2MjI2XzEwNjg4MTQ4ODQ2NzQ0MTE=","Jgan lupa like dan subrait","100004370253176","Muhamad Cali Faiz Ahmad","https://scontent-cdg4-1.xx.fbcdn.net/v/t39.30808-1/456120459_2788136318008683_7418166726346064265_n.jpg?stp=cp0_dst-jpg_s32x32&_nc_cat=108&ccb=1-7&_nc_sid=50d2ac&_nc_ohc=Ii7TlklAPXsQ7kNvgHqDB-z&_nc_ht=scontent-cdg4-1.xx&_nc_gid=A-_OGBlGLLn-5YoLHXaeQGa&oh=00_AYBIGIhi3qQfs5Cn9rsk_EAPq67mVvz-2C20CiM1RcOguQ&oe=66FA9CAD","https://www.facebook.com/muhamad.cali.98","Y29tbWVudDoyODE4Njk0MjE4Mjg2MjI2XzEwNjg4MTQ4ODQ2NzQ0MTE=","Renzy Bintangasia Maksi om","1"
,,,,,,,,,,,,,"https://www.facebook.com/muhamad.cali.98/posts/pfbid0WouC6YUqirsEEQ82bemh2oWGoWmYqr4FNSsoKxpwcbKxkpcZdvDDqYQ1q6vc7ZvBl?comment_id=1164930087906194&reply_comment_id=879658203702227",,,,,,,,,,,,,,,,,,,,,,,,,,,,,,,,,,,,,,,,,,,,,,,,,,,,,,,,,,,,,,,,,,,"2024-09-22T11:57:19.000Z","2820422348113413","https://www.facebook.com/100004370253176/posts/2820422348113413","ZmVlZGJhY2s6MjgyMDQyMjM0ODExMzQxM184Nzk2NTgyMDM3MDIyMjc=","Y29tbWVudDoyODIwNDIyMzQ4MTEzNDEzXzg3OTY1ODIwMzcwMjIyNw==","https://www.facebook.com/100004370253176/posts/2820422348113413","0","112652978585649","false",,"User","pfbid0zBvbTY5h9CGtcRb5rZ4hHxK5b8EebdQbBLe7kakis7s62kyygtticM7BeSHLWyrkl","Setyo","Setyo","Y29tbWVudDoyODIwNDIyMzQ4MTEzNDEzXzExNjQ5MzAwODc5MDYxOTQ=","🌶️🌶️ Cabai Keriting Aldo F1🌶️🌶️
    Benih Citra Asia 
@benihcitraasia
@benih_bintangasia
#benihcitraasia
#benih_bintangasia
#benihunggulbintangasia 
#pastibisapastisukses
#inovasianaknegeri
#sahabatbintangasia 
#benih 
#petani 
#petanimuda 
#petaniindonesia 
#petanimilenial","100004370253176","Muhamad Cali Faiz Ahmad","https://scontent-dfw5-2.xx.fbcdn.net/v/t39.30808-1/456120459_2788136318008683_7418166726346064265_n.jpg?stp=cp0_dst-jpg_s32x32&_nc_cat=108&ccb=1-7&_nc_sid=50d2ac&_nc_ohc=Ii7TlklAPXsQ7kNvgGl9M5S&_nc_ht=scontent-dfw5-2.xx&_nc_gid=A2Oinwhf-cRcaSMjADoi8HN&oh=00_AYDr3peR1zpvCDbRqP5Eaa4W4Xs2cVWPYmePVUhwxENPPg&oe=66FA9CAD","https://www.facebook.com/muhamad.cali.98","Y29tbWVudDoyODIwNDIyMzQ4MTEzNDEzXzExNjQ5MzAwODc5MDYxOTQ=","Setyo pesan brpa ??","1"
,,,,,,,,,,,,,"https://www.facebook.com/muhamad.cali.98/posts/pfbid0WouC6YUqirsEEQ82bemh2oWGoWmYqr4FNSsoKxpwcbKxkpcZdvDDqYQ1q6vc7ZvBl?comment_id=1164930087906194&reply_comment_id=893198012197586",,,,,,,,,,,,,,,,,,,,,,,,,,,,,,,,,,,,,,,,,,,,,,,,,,,,,,,,,,,,,,,,,,,"2024-09-22T13:00:25.000Z","2820422348113413","https://www.facebook.com/100004370253176/posts/2820422348113413","ZmVlZGJhY2s6MjgyMDQyMjM0ODExMzQxM184OTMxOTgwMTIxOTc1ODY=","Y29tbWVudDoyODIwNDIyMzQ4MTEzNDEzXzg5MzE5ODAxMjE5NzU4Ng==","https://www.facebook.com/100004370253176/posts/2820422348113413","0","112652978585649","false",,"User","pfbid0zBvbTY5h9CGtcRb5rZ4hHxK5b8EebdQbBLe7kakis7s62kyygtticM7BeSHLWyrkl","Setyo","Setyo","Y29tbWVudDoyODIwNDIyMzQ4MTEzNDEzXzExNjQ5MzAwODc5MDYxOTQ=","🌶️🌶️ Cabai Keriting Aldo F1🌶️🌶️
    Benih Citra Asia 
@benihcitraasia
@benih_bintangasia
#benihcitraasia
#benih_bintangasia
#benihunggulbintangasia 
#pastibisapastisukses
#inovasianaknegeri
#sahabatbintangasia 
#benih 
#petani 
#petanimuda 
#petaniindonesia 
#petanimilenial","100007578522755","Renzy Bintangasia","https://scontent-dfw5-2.xx.fbcdn.net/v/t39.30808-1/426012403_3605728109689771_2277782955804277447_n.jpg?stp=cp0_dst-jpg_s32x32&_nc_cat=104&ccb=1-7&_nc_sid=50d2ac&_nc_ohc=eSL7nwrCcoUQ7kNvgGAUs72&_nc_ht=scontent-dfw5-2.xx&_nc_gid=A2Oinwhf-cRcaSMjADoi8HN&oh=00_AYChcDrphW1cdeFXbwXMlMavEc_mvq_OCYQbSF6VtiEWIA&oe=66FA9484","https://www.facebook.com/renzi.prayuda","Y29tbWVudDoyODIwNDIyMzQ4MTEzNDEzXzExNjQ5MzAwODc5MDYxOTQ=","Setyo nmor saya masih yang lama mas🤣🤣","1"
,,,,,,,,,,,,,"https://www.facebook.com/muhamad.cali.98/posts/pfbid02M5cPg8sBQGVXuzkjcZx1wv5XPDr9tRPWuK1U2TcReX5AyH2YadESja1UQ5oVAddQl?comment_id=573127258374254&reply_comment_id=504367069037593",,,,,,,,,,,,,,,,,,,,,,,,,,,,,,,,,,,,,,,,,,,,,,,,,,,,,,,,,,,,,,,,,,,"2024-09-23T11:28:05.000Z","2820415358114112","https://www.facebook.com/100004370253176/posts/2820415358114112","ZmVlZGJhY2s6MjgyMDQxNTM1ODExNDExMl81MDQzNjcwNjkwMzc1OTM=","Y29tbWVudDoyODIwNDE1MzU4MTE0MTEyXzUwNDM2NzA2OTAzNzU5Mw==","https://www.facebook.com/100004370253176/posts/2820415358114112","0","112652978585649","false",,"User","100004825651478","NiZar Bintang Asia","NiZar","Y29tbWVudDoyODIwNDE1MzU4MTE0MTEyXzU3MzEyNzI1ODM3NDI1NA==","🌶️Cabai Rawit Teratas F1 🌶️🌶️   
     🌶️Inovas Anak Bangsa
Buah Tahan Simpan dan buah Ramping, Udah  panen ke 7 🌶️

  Benih nya Redy di toko gama makmur Dwi Susanto 

Benih Citra Asia 

@benihcitraasia
@benih_bintangasia
#benihcitraasia
#benih_bintangasia
#benihunggulbintangasia 
#pastibisapastisukses
#inovasianaknegeri
#sahabatbintangasia 
#benih 
#petani 
#petanimuda 
#petaniindonesia 
#petanimilenial","100004370253176","Muhamad Cali Faiz Ahmad","https://scontent-ord5-1.xx.fbcdn.net/v/t39.30808-1/456120459_2788136318008683_7418166726346064265_n.jpg?stp=cp0_dst-jpg_s32x32&_nc_cat=108&ccb=1-7&_nc_sid=50d2ac&_nc_ohc=Ii7TlklAPXsQ7kNvgEv5vbQ&_nc_ht=scontent-ord5-1.xx&_nc_gid=AjoeVNqlrC6HHxbqq_k7q7e&oh=00_AYBnc-8Df0TB15vn-e0i94DsQIrdOciSTnoGu89qWvC1aA&oe=66FA9CAD","https://www.facebook.com/muhamad.cali.98","Y29tbWVudDoyODIwNDE1MzU4MTE0MTEyXzU3MzEyNzI1ODM3NDI1NA==","NiZar Bintang Asia iya mas","1"
,,,,,,,,,,,,,"https://www.facebook.com/muhamad.cali.98/posts/pfbid02dppLPhN3ETAmaHZrJ9SkxbRtvQeHuXzSfYeuKwWM3L71g5iXYezLs3Vd62vrJtGwl?comment_id=1765916297482721&reply_comment_id=1307292390242011",,,,,,,,,,,,,,,,,,,,,,,,,,,,,,,,,,,,,,,,,,,,,,,,,,,,,,,,,,,,,,,,,,"1","2024-09-20T09:50:38.000Z","2819419548213693","https://www.facebook.com/100004370253176/posts/2819419548213693","ZmVlZGJhY2s6MjgxOTQxOTU0ODIxMzY5M18xMzA3MjkyMzkwMjQyMDEx","Y29tbWVudDoyODE5NDE5NTQ4MjEzNjkzXzEzMDcyOTIzOTAyNDIwMTE=","https://www.facebook.com/100004370253176/posts/2819419548213693","0","112652978585649","false",,"User","pfbid0xJ4QMepRCfopGZVkA4YzE4FUb16Eqfsf9VNbDCFPbyvkR3axz1pptxKVXG3eZMjZl","Algi Midda Coangi","Algi","Y29tbWVudDoyODE5NDE5NTQ4MjEzNjkzXzE3NjU5MTYyOTc0ODI3MjE=","Atur jadwal Nhurwhathy R. Tufu Lakarani","100004370253176","Muhamad Cali Faiz Ahmad","https://scontent-fco2-1.xx.fbcdn.net/v/t39.30808-1/456120459_2788136318008683_7418166726346064265_n.jpg?stp=cp0_dst-jpg_s32x32&_nc_cat=108&ccb=1-7&_nc_sid=50d2ac&_nc_ohc=Ii7TlklAPXsQ7kNvgF9K3sr&_nc_ht=scontent-fco2-1.xx&_nc_gid=AwVH5WZuufMKfKv81HG4Bz0&oh=00_AYCfeaAxDeVoMUdvZwa-CjVMnX02CYeWj_mYScvnJ2FW6Q&oe=66FA9CAD","https://www.facebook.com/muhamad.cali.98","Y29tbWVudDoyODE5NDE5NTQ4MjEzNjkzXzE3NjU5MTYyOTc0ODI3MjE=","Algi Midda Coangi gasss","1"
,,,,,,,,,,,,,"https://www.facebook.com/muhamad.cali.98/posts/pfbid02dppLPhN3ETAmaHZrJ9SkxbRtvQeHuXzSfYeuKwWM3L71g5iXYezLs3Vd62vrJtGwl?comment_id=1765916297482721&reply_comment_id=522786430504961",,,,,,,,,,,,,,,,,,,,,,,,,,,,,,,,,,,,,,,,,,,,,,,,,,,,,,,,,,,,,,,,,,,"2024-09-20T09:59:34.000Z","2819419548213693","https://www.facebook.com/100004370253176/posts/2819419548213693","ZmVlZGJhY2s6MjgxOTQxOTU0ODIxMzY5M181MjI3ODY0MzA1MDQ5NjE=","Y29tbWVudDoyODE5NDE5NTQ4MjEzNjkzXzUyMjc4NjQzMDUwNDk2MQ==","https://www.facebook.com/100004370253176/posts/2819419548213693","0","112652978585649","false",,"User","pfbid0xJ4QMepRCfopGZVkA4YzE4FUb16Eqfsf9VNbDCFPbyvkR3axz1pptxKVXG3eZMjZl","Algi Midda Coangi","Algi","Y29tbWVudDoyODE5NDE5NTQ4MjEzNjkzXzE3NjU5MTYyOTc0ODI3MjE=","Atur jadwal Nhurwhathy R. Tufu Lakarani","pfbid0xJ4QMepRCfopGZVkA4YzE4FUb16Eqfsf9VNbDCFPbyvkR3axz1pptxKVXG3eZMjZl","Algi Midda Coangi","https://scontent-fco2-1.xx.fbcdn.net/v/t39.30808-1/449316115_847224357454960_8774921881601585296_n.jpg?stp=cp0_dst-jpg_s32x32&_nc_cat=105&ccb=1-7&_nc_sid=0ecb9b&_nc_ohc=seUGR-Qb8IoQ7kNvgF46skm&_nc_ht=scontent-fco2-1.xx&_nc_gid=AwVH5WZuufMKfKv81HG4Bz0&oh=00_AYBzPQEE9K7QQTPYYNXAq9PpAks-jLQaAU5_AMXjUc68hw&oe=66FA87E2","https://www.facebook.com/algi.coangi","Y29tbWVudDoyODE5NDE5NTQ4MjEzNjkzXzE3NjU5MTYyOTc0ODI3MjE=","Muhamad Cali Faiz Ahmad 🥰🥰","2"
,,,,,,,,,,,,,"https://www.facebook.com/muhamad.cali.98/posts/pfbid02QnKQGag6aVonFQx9RPTKCAVsVXjXKpdpvbcP6SojspBRda9gS6nzxrn8QeX81KzWl?comment_id=1380067120047068",,,,,,,,,,,,,,,,,,,,,,,,,,,,,,,,,,,,,,,,,,,,,,,,,,,,,,,,,,,,,,,,,,,"2024-09-16T13:28:45.000Z","2815082785314036","https://www.facebook.com/100004370253176/posts/2815082785314036","ZmVlZGJhY2s6MjgxNTA4Mjc4NTMxNDAzNl8xMzgwMDY3MTIwMDQ3MDY4","Y29tbWVudDoyODE1MDgyNzg1MzE0MDM2XzEzODAwNjcxMjAwNDcwNjg=","https://www.facebook.com/100004370253176/posts/2815082785314036","1","109609662046804","false",,,,,,,"Aktivitas pagi ini 
Polinasi cabe dalam green house
DEWATA AGRO FARM","100007578522755","Renzy Bintangasia","https://scontent.flil1-1.fna.fbcdn.net/v/t39.30808-1/426012403_3605728109689771_2277782955804277447_n.jpg?stp=cp0_dst-jpg_s32x32&_nc_cat=104&ccb=1-7&_nc_sid=50d2ac&_nc_ohc=eSL7nwrCcoUQ7kNvgF1GnMu&_nc_ht=scontent.flil1-1.fna&_nc_gid=AADDEUlRdzVENdwc6q8JVoP&oh=00_AYA3doKVZAk8xkjbljQf4krVdSfYf9UF4ZbMuY2tT4-XvQ&oe=66FA9484","https://www.facebook.com/renzi.prayuda",,"Mantap","0"
,,,,,,,,,,,,,"https://www.facebook.com/muhamad.cali.98/videos/1043156270822662/?comment_id=1276145907169811&reply_comment_id=550238887567295",,,,,,,,,,,,,,,,,,,,,,,,,,,,,,,,,,,,,,,,,,,,,,,,,,,,,,,,,,,,,,,,,,,"2024-09-14T05:10:45.000Z","1043156270822662","https://www.facebook.com/100004370253176/posts/1043156270822662","ZmVlZGJhY2s6MTA0MzE1NjI3MDgyMjY2Ml81NTAyMzg4ODc1NjcyOTU=","Y29tbWVudDoxMDQzMTU2MjcwODIyNjYyXzU1MDIzODg4NzU2NzI5NQ==","https://www.facebook.com/100004370253176/posts/1043156270822662","0",,,,"User","100067530483050","Supiartha","Supiartha","Y29tbWVudDoxMDQzMTU2MjcwODIyNjYyXzEyNzYxNDU5MDcxNjk4MTE=","Muhamad Cali Faiz Ahmad was live.","100004370253176","Muhamad Cali Faiz Ahmad","https://scontent-ord5-1.xx.fbcdn.net/v/t39.30808-1/456120459_2788136318008683_7418166726346064265_n.jpg?stp=cp0_dst-jpg_s32x32&_nc_cat=108&ccb=1-7&_nc_sid=50d2ac&_nc_ohc=Ii7TlklAPXsQ7kNvgHruON1&_nc_ht=scontent-ord5-1.xx&_nc_gid=ANfNayPg3m7zIBNoFjjV-RQ&oh=00_AYA2kf-xXrkDOJ2rT-cc-gpQdKCARZFZpNzJVB6yL9J1EA&oe=66FA9CAD","https://www.facebook.com/muhamad.cali.98","Y29tbWVudDoxMDQzMTU2MjcwODIyNjYyXzEyNzYxNDU5MDcxNjk4MTE=","Supiartha siap pa bosss","1"
,,,,,,,,,,,,,"https://www.facebook.com/muhamad.cali.98/posts/pfbid0xjHbnUAMeygHQK92qPqCtAdd9ZxtVz7dm4BSxULmXUjZXyZgbsBUkYTESVyZB7Kwl?comment_id=3840907032813590&reply_comment_id=897829175555929",,,,,,,,,,,,,,,,,,,,,,,,,,,,,,,,,,,,,,,,,,,,,,,,,,,,,,,,,,,,,,,,,,,"2024-09-21T11:42:31.000Z","2820414344780880","https://www.facebook.com/100004370253176/posts/2820414344780880","ZmVlZGJhY2s6MjgyMDQxNDM0NDc4MDg4MF84OTc4MjkxNzU1NTU5Mjk=","Y29tbWVudDoyODIwNDE0MzQ0NzgwODgwXzg5NzgyOTE3NTU1NTkyOQ==","https://www.facebook.com/100004370253176/posts/2820414344780880","0","112652978585649","false",,"User","100007578522755","Renzy Bintangasia","Renzy","Y29tbWVudDoyODIwNDE0MzQ0NzgwODgwXzM4NDA5MDcwMzI4MTM1OTA=","Cabai rawit prentul klaster 
Benih Citra Asia Benih Citra Asia 

@benihcitraasia
@benih_bintangasia
#benihcitraasia
#benih_bintangasia
#benihunggulbintangasia 
#pastibisapastisukses
#inovasianaknegeri
#sahabatbintangasia 
#benih 
#petani 
#petanimuda 
#petaniindonesia 
#petanimilenial","100004370253176","Muhamad Cali Faiz Ahmad","https://scontent.faqa2-1.fna.fbcdn.net/v/t39.30808-1/456120459_2788136318008683_7418166726346064265_n.jpg?stp=cp0_dst-jpg_s32x32&_nc_cat=108&ccb=1-7&_nc_sid=50d2ac&_nc_ohc=Ii7TlklAPXsQ7kNvgE-76cy&_nc_ht=scontent.faqa2-1.fna&_nc_gid=AF56uS0wOK1gSOnwWuA8P4X&oh=00_AYBVzECC47Xj5M31faqcPGi_yGkM6r-9J4xEAL-j_dipqw&oe=66FA9CAD","https://www.facebook.com/muhamad.cali.98","Y29tbWVudDoyODIwNDE0MzQ0NzgwODgwXzM4NDA5MDcwMzI4MTM1OTA=","Renzy Bintangasia iya om","1"
"Sticker",,"1","83","1","1","510176098235985","128","https://scontent-vie1-1.xx.fbcdn.net/v/t39.1997-6/452945324_510176101569318_4283563586452042726_n.png?stp=dst-png_s168x128&_nc_cat=111&ccb=1-7&_nc_sid=23dd7b&_nc_ohc=34qkBbPhyXQQ7kNvgHxsLQn&_nc_ht=scontent-vie1-1.xx&oh=00_AYCdK09HYGehcLHd2SJfXDv6aQ5RNOhCKUu0ArXwDVwkfA&oe=66FA8685","128","",,,"https://www.facebook.com/muhamad.cali.98/posts/pfbid0BQvjprxQayUFBjoD7DVxFHeAsviHiE8q4pyDJ8pw51PPwnSMoi7TxXj9sh3GcS1Rl?comment_id=945074097764867&reply_comment_id=859694182898632",,,,,,,,,,,,,,,,,,,,,,,,,,,,,,,,,,,,,,,,,,,,,,,,,,,,,,,,,,,,,,,,,,,"2024-09-14T00:13:20.000Z","2812702322218749","https://www.facebook.com/100004370253176/posts/2812702322218749","ZmVlZGJhY2s6MjgxMjcwMjMyMjIxODc0OV84NTk2OTQxODI4OTg2MzI=","Y29tbWVudDoyODEyNzAyMzIyMjE4NzQ5Xzg1OTY5NDE4Mjg5ODYzMg==","https://www.facebook.com/100004370253176/posts/2812702322218749","0","203457429528139","false",,"User","1828565536","Mohammad Iqbal Agustiana","Mohammad","Y29tbWVudDoyODEyNzAyMzIyMjE4NzQ5Xzk0NTA3NDA5Nzc2NDg2Nw==","NATAMA SUPER F1,
Tomat Indeterminate, bobot 130-150 gr/buah, potensi 4-5 kg Per pohon, cocok di tanam di Dataran Tinggi,
#bintangasia
#natamasuperf1
#natamasuper
#tomat
#benihcitraasia
#indeterminate","100004370253176","Muhamad Cali Faiz Ahmad","https://scontent-vie1-1.xx.fbcdn.net/v/t39.30808-1/456120459_2788136318008683_7418166726346064265_n.jpg?stp=cp0_dst-jpg_s32x32&_nc_cat=108&ccb=1-7&_nc_sid=50d2ac&_nc_ohc=Ii7TlklAPXsQ7kNvgFYS5vL&_nc_ht=scontent-vie1-1.xx&oh=00_AYCyg8qK_-zm5LR5ixjI_3dGS3l5LcnQ7I2SoqWhKzVqkw&oe=66FA9CAD","https://www.facebook.com/muhamad.cali.98","Y29tbWVudDoyODEyNzAyMzIyMjE4NzQ5Xzk0NTA3NDA5Nzc2NDg2Nw==","Mohammad Iqbal Agustiana  mantap","1"
,,,,,,,,,,,,,"https://www.facebook.com/muhamad.cali.98/posts/pfbid0y2em5vod78V7mcMHkERudNXrwsc6FgJrfFRDgcrkeL7ZvgqiLwh2GksMahaShT4Ll?comment_id=1521245381819690&reply_comment_id=530352732870230",,,,,,,,,,,,,,,,,,,,,,,,,,,,,,,,,,,,,,,,,,,,,,,,,,,,,,,,,,,,,,,,,,,"2024-09-17T05:40:24.000Z","2816072318548416","https://www.facebook.com/100004370253176/posts/2816072318548416","ZmVlZGJhY2s6MjgxNjA3MjMxODU0ODQxNl81MzAzNTI3MzI4NzAyMzA=","Y29tbWVudDoyODE2MDcyMzE4NTQ4NDE2XzUzMDM1MjczMjg3MDIzMA==","https://www.facebook.com/100004370253176/posts/2816072318548416","0","112652978585649","false",,"User","100007578522755","Renzy Bintangasia","Renzy","Y29tbWVudDoyODE2MDcyMzE4NTQ4NDE2XzE1MjEyNDUzODE4MTk2OTA=","Mampir di toko² Area Toili
Untuk petani semangka benihnya sudah redy","100004370253176","Muhamad Cali Faiz Ahmad","https://scontent-mia3-1.xx.fbcdn.net/v/t39.30808-1/456120459_2788136318008683_7418166726346064265_n.jpg?stp=cp0_dst-jpg_s32x32&_nc_cat=108&ccb=1-7&_nc_sid=50d2ac&_nc_ohc=Ii7TlklAPXsQ7kNvgE1CsCJ&_nc_ht=scontent-mia3-1.xx&_nc_gid=Ag65thtDiM2CnTcywwWNSKJ&oh=00_AYAy0JI2Kue8tVum3ZgMjdcIgkAhYQMnVr3cFI0XlEkjYQ&oe=66FA9CAD","https://www.facebook.com/muhamad.cali.98","Y29tbWVudDoyODE2MDcyMzE4NTQ4NDE2XzE1MjEyNDUzODE4MTk2OTA=","Renzy Bintangasia gasss Om","1"
