﻿"channelAvatarUrl","channelBannerUrl","channelDescription","channelDescriptionLinks/0/text","channelDescriptionLinks/0/url","channelDescriptionLinks/1/text","channelDescriptionLinks/1/url","channelDescriptionLinks/2/text","channelDescriptionLinks/2/url","channelDescriptionLinks/3/text","channelDescriptionLinks/3/url","channelId","channelJoinedDate","channelLocation","channelName","channelTotalVideos","channelTotalViews","channelUrl","comments","commentsCount","commentsTurnedOff","date","descriptionLinks","descriptionLinks/0/text","descriptionLinks/0/url","descriptionLinks/1/text","descriptionLinks/1/url","descriptionLinks/2/text","descriptionLinks/2/url","descriptionLinks/3/text","descriptionLinks/3/url","descriptionLinks/4/text","descriptionLinks/4/url","descriptionLinks/5/text","descriptionLinks/5/url","descriptionLinks/6/text","descriptionLinks/6/url","descriptionLinks/7/text","descriptionLinks/7/url","duration","fromYTUrl","id","inputChannelUrl","isAgeRestricted","isChannelVerified","isMonetized","likes","location","numberOfSubscribers","order","subtitles","text","thumbnailUrl","title","type","url","viewCount"
"https://yt3.googleusercontent.com/ytc/AIdro_ljVCUnlbr67HN8PMqsVQ84cWvK-I4RigUxvZVbe5H1ZQ=s160-c-k-c0x00ffffff-no-rj","https://yt3.googleusercontent.com/afPoy1zE-yBTfvjqw2FngNP3ym2dGeP7AReU7khT2SIbzMj9PNCNEKoxsNJc4NDzO9dchVGLHQ=w2560-fcrop64=1,00005a57ffffa5a8-k-c0xffffffff-no-nd-rj","Chanel yang akan membahas secara dalam tentang Rumah, Kebun, dan Taman","Shopee","https://shopee.co.id/infarmofficialshop","Instagram","https://www.instagram.com/infarm.id/","Tiktok","https://www.tiktok.com/@infarmid","Lazada ","https://s.lazada.co.id/l.1hRr","UChl0FvQJ5_1CmPCSzikU_Uw","Jun 23, 2019","Indonesia","infarm id","830","158297297","https://www.youtube.com/channel/UChl0FvQJ5_1CmPCSzikU_Uw",,"50",,"2024-10-04T09:23:24.000Z",,,,,,,,,,,,,,,,,,,"https://www.youtube.com/@infarmid/shorts","sK9AqGd6Yvs","https://www.youtube.com/@infarmid","false","false",,"1000",,"364000","2",,,"https://i.ytimg.com/vi/sK9AqGd6Yvs/oardefault.jpg?sqp=-oaymwEdCJUDENAFSFWQAgHyq4qpAwwIARUAAIhCcAHAAQY=&rs=AOn4CLDyOel8uNvjewTFvYUFgKQuvVEPhw","Trik gundulin cabai biar berbuah lebat","shorts","https://www.youtube.com/shorts/sK9AqGd6Yvs","18613"
"https://yt3.googleusercontent.com/ytc/AIdro_ljVCUnlbr67HN8PMqsVQ84cWvK-I4RigUxvZVbe5H1ZQ=s160-c-k-c0x00ffffff-no-rj","https://yt3.googleusercontent.com/afPoy1zE-yBTfvjqw2FngNP3ym2dGeP7AReU7khT2SIbzMj9PNCNEKoxsNJc4NDzO9dchVGLHQ=w2560-fcrop64=1,00005a57ffffa5a8-k-c0xffffffff-no-nd-rj","Chanel yang akan membahas secara dalam tentang Rumah, Kebun, dan Taman","Shopee","https://shopee.co.id/infarmofficialshop","Instagram","https://www.instagram.com/infarm.id/","Tiktok","https://www.tiktok.com/@infarmid","Lazada ","https://s.lazada.co.id/l.1hRr","UChl0FvQJ5_1CmPCSzikU_Uw","Jun 23, 2019","Indonesia","infarm id","830","158297297","https://www.youtube.com/channel/UChl0FvQJ5_1CmPCSzikU_Uw",,"6",,"2024-10-08T00:00:00.000Z",,,,,,,,,,,,,,,,,,,"https://www.youtube.com/@infarmid/shorts","vG3BdAMC30k","https://www.youtube.com/@infarmid","false","false",,"408",,"364000","0",,,"https://i.ytimg.com/vi/vG3BdAMC30k/oardefault.jpg?sqp=-oaymwEdCJUDENAFSFWQAgHyq4qpAwwIARUAAIhCcAHAAQY=&rs=AOn4CLB7kcbhj0MTMDfRg_pViPpB1K4ipg","Limbah kangkung jadi tanaman baru","shorts","https://www.youtube.com/shorts/vG3BdAMC30k","7280"
"https://yt3.googleusercontent.com/ytc/AIdro_ljVCUnlbr67HN8PMqsVQ84cWvK-I4RigUxvZVbe5H1ZQ=s160-c-k-c0x00ffffff-no-rj","https://yt3.googleusercontent.com/afPoy1zE-yBTfvjqw2FngNP3ym2dGeP7AReU7khT2SIbzMj9PNCNEKoxsNJc4NDzO9dchVGLHQ=w2560-fcrop64=1,00005a57ffffa5a8-k-c0xffffffff-no-nd-rj","Chanel yang akan membahas secara dalam tentang Rumah, Kebun, dan Taman","Shopee","https://shopee.co.id/infarmofficialshop","Instagram","https://www.instagram.com/infarm.id/","Tiktok","https://www.tiktok.com/@infarmid","Lazada ","https://s.lazada.co.id/l.1hRr","UChl0FvQJ5_1CmPCSzikU_Uw","Jun 23, 2019","Indonesia","infarm id","830","158297297","https://www.youtube.com/channel/UChl0FvQJ5_1CmPCSzikU_Uw",,"30",,"2024-09-14T08:07:41.000Z",,,,,,,,,,,,,,,,,,,"https://www.youtube.com/@infarmid/shorts","mUN7j2uoeXo","https://www.youtube.com/@infarmid","false","false",,"885",,"364000","24",,,"https://i.ytimg.com/vi/mUN7j2uoeXo/oardefault.jpg?sqp=-oaymwEdCJUDENAFSFWQAgHyq4qpAwwIARUAAIhCcAHAAQY=&rs=AOn4CLBxiB5kfXSwQFrfOgfziz9T15joFQ","Ramuan manjur pengusir tikus dirumah","shorts","https://www.youtube.com/shorts/mUN7j2uoeXo","18474"
"https://yt3.googleusercontent.com/ytc/AIdro_ljVCUnlbr67HN8PMqsVQ84cWvK-I4RigUxvZVbe5H1ZQ=s160-c-k-c0x00ffffff-no-rj","https://yt3.googleusercontent.com/afPoy1zE-yBTfvjqw2FngNP3ym2dGeP7AReU7khT2SIbzMj9PNCNEKoxsNJc4NDzO9dchVGLHQ=w2560-fcrop64=1,00005a57ffffa5a8-k-c0xffffffff-no-nd-rj","Chanel yang akan membahas secara dalam tentang Rumah, Kebun, dan Taman","Shopee","https://shopee.co.id/infarmofficialshop","Instagram","https://www.instagram.com/infarm.id/","Tiktok","https://www.tiktok.com/@infarmid","Lazada ","https://s.lazada.co.id/l.1hRr","UChl0FvQJ5_1CmPCSzikU_Uw","Jun 23, 2019","Indonesia","infarm id","830","158297297","https://www.youtube.com/channel/UChl0FvQJ5_1CmPCSzikU_Uw",,"31",,"2024-10-07T04:35:52.000Z",,,,,,,,,,,,,,,,,,,"https://www.youtube.com/@infarmid/shorts","9ZycM6Dl5Lg","https://www.youtube.com/@infarmid","false","false",,"690",,"364000","1",,,"https://i.ytimg.com/vi/9ZycM6Dl5Lg/oardefault.jpg?sqp=-oaymwEdCJUDENAFSFWQAgHyq4qpAwwIARUAAIhCcAHAAQY=&rs=AOn4CLBg9na50rxsEPDbaVFl1jSfO9MAYg","Bikin hidroponik dari sampah galon","shorts","https://www.youtube.com/shorts/9ZycM6Dl5Lg","15024"
"https://yt3.googleusercontent.com/ytc/AIdro_ljVCUnlbr67HN8PMqsVQ84cWvK-I4RigUxvZVbe5H1ZQ=s160-c-k-c0x00ffffff-no-rj","https://yt3.googleusercontent.com/afPoy1zE-yBTfvjqw2FngNP3ym2dGeP7AReU7khT2SIbzMj9PNCNEKoxsNJc4NDzO9dchVGLHQ=w2560-fcrop64=1,00005a57ffffa5a8-k-c0xffffffff-no-nd-rj","Chanel yang akan membahas secara dalam tentang Rumah, Kebun, dan Taman","Shopee","https://shopee.co.id/infarmofficialshop","Instagram","https://www.instagram.com/infarm.id/","Tiktok","https://www.tiktok.com/@infarmid","Lazada ","https://s.lazada.co.id/l.1hRr","UChl0FvQJ5_1CmPCSzikU_Uw","Jun 23, 2019","Indonesia","infarm id","830","158297297","https://www.youtube.com/channel/UChl0FvQJ5_1CmPCSzikU_Uw",,"45",,"2024-10-01T15:39:28.000Z",,,,,,,,,,,,,,,,,,,"https://www.youtube.com/@infarmid/shorts","uQC62yvULKg","https://www.youtube.com/@infarmid","false","false",,"728",,"364000","4",,,"https://i.ytimg.com/vi/uQC62yvULKg/oardefault.jpg?sqp=-oaymwEdCJUDENAFSFWQAgHyq4qpAwwIARUAAIhCcAHAAQY=&rs=AOn4CLBwtpF-rfY0jfJhgkdiKRTvIzSu7g","Tanaman yang katanya bisa usir jin","shorts","https://www.youtube.com/shorts/uQC62yvULKg","20819"
"https://yt3.googleusercontent.com/ytc/AIdro_ljVCUnlbr67HN8PMqsVQ84cWvK-I4RigUxvZVbe5H1ZQ=s160-c-k-c0x00ffffff-no-rj","https://yt3.googleusercontent.com/afPoy1zE-yBTfvjqw2FngNP3ym2dGeP7AReU7khT2SIbzMj9PNCNEKoxsNJc4NDzO9dchVGLHQ=w2560-fcrop64=1,00005a57ffffa5a8-k-c0xffffffff-no-nd-rj","Chanel yang akan membahas secara dalam tentang Rumah, Kebun, dan Taman","Shopee","https://shopee.co.id/infarmofficialshop","Instagram","https://www.instagram.com/infarm.id/","Tiktok","https://www.tiktok.com/@infarmid","Lazada ","https://s.lazada.co.id/l.1hRr","UChl0FvQJ5_1CmPCSzikU_Uw","Jun 23, 2019","Indonesia","infarm id","830","158297297","https://www.youtube.com/channel/UChl0FvQJ5_1CmPCSzikU_Uw",,"0","false","2024-10-04T06:27:44.000Z",,"https://infarm.id/","https://infarm.id/","https://infarm.id/chat/infarmcs","https://infarm.id/chat/infarmcs","https://www.lazada.co.id/shop/infarmid","https://www.lazada.co.id/shop/infarmid","https://shopee.co.id/infarmofficialshop","https://shopee.co.id/infarmofficialshop","https://www.tokopedia.com/infarm","https://www.tokopedia.com/infarm","  / infarmkatalog  ","https://www.instagram.com/infarmkatalog/","  / infarm.id  ","https://www.instagram.com/infarm.id/","  / masbon.infarm  ","https://www.instagram.com/masbon.infarm/","00:05:08","https://www.youtube.com/@infarmid/streams","Cm65LCP-LQo","https://www.youtube.com/@infarmid","false","false",,"5",,"364000",,,"Support terus channel  Infarm
FOLLOW - SHARE - SUBSCRIBE

Artikel di : https://infarm.id/
Konsultasi Produk : https://infarm.id/chat/infarmcs

Belanja lewat
Lazada : https://www.lazada.co.id/shop/infarmid
Shopee : https://shopee.co.id/infarmofficialshop
https://www.tokopedia.com/infarm

Katalog di
  / infarmkatalog  

Follow Tips Berkebun di 
  / infarm.id  
  / masbon.infarm  ","https://i.ytimg.com/vi/Cm65LCP-LQo/maxresdefault.jpg?sqp=-oaymwEmCIAKENAF8quKqQMa8AEB-AHOBYACgAqKAgwIABABGCAgZSgtMA8=&rs=AOn4CLCWoON_tLofy4XZ9vXKXkMJKQ45MA","Live Stream infarm id","stream","https://www.youtube.com/watch?v=Cm65LCP-LQo","106"
"https://yt3.googleusercontent.com/ytc/AIdro_ljVCUnlbr67HN8PMqsVQ84cWvK-I4RigUxvZVbe5H1ZQ=s160-c-k-c0x00ffffff-no-rj","https://yt3.googleusercontent.com/afPoy1zE-yBTfvjqw2FngNP3ym2dGeP7AReU7khT2SIbzMj9PNCNEKoxsNJc4NDzO9dchVGLHQ=w2560-fcrop64=1,00005a57ffffa5a8-k-c0xffffffff-no-nd-rj","Chanel yang akan membahas secara dalam tentang Rumah, Kebun, dan Taman","Shopee","https://shopee.co.id/infarmofficialshop","Instagram","https://www.instagram.com/infarm.id/","Tiktok","https://www.tiktok.com/@infarmid","Lazada ","https://s.lazada.co.id/l.1hRr","UChl0FvQJ5_1CmPCSzikU_Uw","Jun 23, 2019","Indonesia","infarm id","830","158297297","https://www.youtube.com/channel/UChl0FvQJ5_1CmPCSzikU_Uw",,"1","false","2024-10-03T09:01:54.000Z",,"https://infarm.id/","https://infarm.id/","https://infarm.id/chat/infarmcs","https://infarm.id/chat/infarmcs","https://www.lazada.co.id/shop/infarmid","https://www.lazada.co.id/shop/infarmid","https://shopee.co.id/infarmofficialshop","https://shopee.co.id/infarmofficialshop","https://www.tokopedia.com/infarm","https://www.tokopedia.com/infarm","  / infarmkatalog  ","https://www.instagram.com/infarmkatalog/","  / infarm.id  ","https://www.instagram.com/infarm.id/","  / masbon.infarm  ","https://www.instagram.com/masbon.infarm/","00:07:55","https://www.youtube.com/@infarmid/streams","vnHhtkmj8ag","https://www.youtube.com/@infarmid","false","false",,"16",,"364000",,,"Support terus channel  Infarm
FOLLOW - SHARE - SUBSCRIBE

Artikel di : https://infarm.id/
Konsultasi Produk : https://infarm.id/chat/infarmcs

Belanja lewat
Lazada : https://www.lazada.co.id/shop/infarmid
Shopee : https://shopee.co.id/infarmofficialshop
https://www.tokopedia.com/infarm

Katalog di
  / infarmkatalog  

Follow Tips Berkebun di 
  / infarm.id  
  / masbon.infarm  ","https://i.ytimg.com/vi/vnHhtkmj8ag/maxresdefault.jpg","infarm id sedang live sekarang!","stream","https://www.youtube.com/watch?v=vnHhtkmj8ag","310"
"https://yt3.googleusercontent.com/ytc/AIdro_ljVCUnlbr67HN8PMqsVQ84cWvK-I4RigUxvZVbe5H1ZQ=s160-c-k-c0x00ffffff-no-rj","https://yt3.googleusercontent.com/afPoy1zE-yBTfvjqw2FngNP3ym2dGeP7AReU7khT2SIbzMj9PNCNEKoxsNJc4NDzO9dchVGLHQ=w2560-fcrop64=1,00005a57ffffa5a8-k-c0xffffffff-no-nd-rj","Chanel yang akan membahas secara dalam tentang Rumah, Kebun, dan Taman","Shopee","https://shopee.co.id/infarmofficialshop","Instagram","https://www.instagram.com/infarm.id/","Tiktok","https://www.tiktok.com/@infarmid","Lazada ","https://s.lazada.co.id/l.1hRr","UChl0FvQJ5_1CmPCSzikU_Uw","Jun 23, 2019","Indonesia","infarm id","830","158297297","https://www.youtube.com/channel/UChl0FvQJ5_1CmPCSzikU_Uw",,"0","false","2024-10-04T16:40:10.000Z",,"https://infarm.id/","https://infarm.id/","https://infarm.id/chat/infarmcs","https://infarm.id/chat/infarmcs","https://www.lazada.co.id/shop/infarmid","https://www.lazada.co.id/shop/infarmid","https://shopee.co.id/infarmofficialshop","https://shopee.co.id/infarmofficialshop","https://www.tokopedia.com/infarm","https://www.tokopedia.com/infarm","  / infarmkatalog  ","https://www.instagram.com/infarmkatalog/","  / infarm.id  ","https://www.instagram.com/infarm.id/","  / masbon.infarm  ","https://www.instagram.com/masbon.infarm/","01:00:15","https://www.youtube.com/@infarmid/streams","QKbb5jJFvTw","https://www.youtube.com/@infarmid","false","false",,"15",,"364000",,,"Support terus channel  Infarm
FOLLOW - SHARE - SUBSCRIBE

Artikel di : https://infarm.id/
Konsultasi Produk : https://infarm.id/chat/infarmcs

Belanja lewat
Lazada : https://www.lazada.co.id/shop/infarmid
Shopee : https://shopee.co.id/infarmofficialshop
https://www.tokopedia.com/infarm

Katalog di
  / infarmkatalog  

Follow Tips Berkebun di 
  / infarm.id  
  / masbon.infarm  ","https://i.ytimg.com/vi/QKbb5jJFvTw/hqdefault.jpg","infarm id sedang live sekarang!","stream","https://www.youtube.com/watch?v=QKbb5jJFvTw","1072"
"https://yt3.googleusercontent.com/ytc/AIdro_ljVCUnlbr67HN8PMqsVQ84cWvK-I4RigUxvZVbe5H1ZQ=s160-c-k-c0x00ffffff-no-rj","https://yt3.googleusercontent.com/afPoy1zE-yBTfvjqw2FngNP3ym2dGeP7AReU7khT2SIbzMj9PNCNEKoxsNJc4NDzO9dchVGLHQ=w2560-fcrop64=1,00005a57ffffa5a8-k-c0xffffffff-no-nd-rj","Chanel yang akan membahas secara dalam tentang Rumah, Kebun, dan Taman","Shopee","https://shopee.co.id/infarmofficialshop","Instagram","https://www.instagram.com/infarm.id/","Tiktok","https://www.tiktok.com/@infarmid","Lazada ","https://s.lazada.co.id/l.1hRr","UChl0FvQJ5_1CmPCSzikU_Uw","Jun 23, 2019","Indonesia","infarm id","830","158297297","https://www.youtube.com/channel/UChl0FvQJ5_1CmPCSzikU_Uw",,"1","false","2024-10-04T20:56:39.000Z",,"https://infarm.id/","https://infarm.id/","https://infarm.id/chat/infarmcs","https://infarm.id/chat/infarmcs","https://www.lazada.co.id/shop/infarmid","https://www.lazada.co.id/shop/infarmid","https://shopee.co.id/infarmofficialshop","https://shopee.co.id/infarmofficialshop","https://www.tokopedia.com/infarm","https://www.tokopedia.com/infarm","  / infarmkatalog  ","https://www.instagram.com/infarmkatalog/","  / infarm.id  ","https://www.instagram.com/infarm.id/","  / masbon.infarm  ","https://www.instagram.com/masbon.infarm/","02:06:59","https://www.youtube.com/@infarmid/streams","Iskn5j3jWpY","https://www.youtube.com/@infarmid","false","false",,"17",,"364000",,,"Support terus channel  Infarm
FOLLOW - SHARE - SUBSCRIBE

Artikel di : https://infarm.id/
Konsultasi Produk : https://infarm.id/chat/infarmcs

Belanja lewat
Lazada : https://www.lazada.co.id/shop/infarmid
Shopee : https://shopee.co.id/infarmofficialshop
https://www.tokopedia.com/infarm

Katalog di
  / infarmkatalog  

Follow Tips Berkebun di 
  / infarm.id  
  / masbon.infarm  ","https://i.ytimg.com/vi/Iskn5j3jWpY/maxresdefault.jpg","infarm id sedang live sekarang!","stream","https://www.youtube.com/watch?v=Iskn5j3jWpY","1533"
"https://yt3.googleusercontent.com/ytc/AIdro_ljVCUnlbr67HN8PMqsVQ84cWvK-I4RigUxvZVbe5H1ZQ=s160-c-k-c0x00ffffff-no-rj","https://yt3.googleusercontent.com/afPoy1zE-yBTfvjqw2FngNP3ym2dGeP7AReU7khT2SIbzMj9PNCNEKoxsNJc4NDzO9dchVGLHQ=w2560-fcrop64=1,00005a57ffffa5a8-k-c0xffffffff-no-nd-rj","Chanel yang akan membahas secara dalam tentang Rumah, Kebun, dan Taman","Shopee","https://shopee.co.id/infarmofficialshop","Instagram","https://www.instagram.com/infarm.id/","Tiktok","https://www.tiktok.com/@infarmid","Lazada ","https://s.lazada.co.id/l.1hRr","UChl0FvQJ5_1CmPCSzikU_Uw","Jun 23, 2019","Indonesia","infarm id","830","158297297","https://www.youtube.com/channel/UChl0FvQJ5_1CmPCSzikU_Uw",,"36",,"2024-09-16T00:00:00.000Z",,,,,,,,,,,,,,,,,,,"https://www.youtube.com/@infarmid/shorts","VQ_iHopJF2k","https://www.youtube.com/@infarmid","false","false",,"993",,"364000","23",,,"https://i.ytimg.com/vi/VQ_iHopJF2k/oardefault.jpg?sqp=-oaymwEdCJUDENAFSFWQAgHyq4qpAwwIARUAAIhCcAHAAQY=&rs=AOn4CLCQrlicWztXPeK5kHjEnGnSs3h8Pw","Cara perbanyak stroberi menggunakan rockwool","shorts","https://www.youtube.com/shorts/VQ_iHopJF2k","20548"
"https://yt3.googleusercontent.com/ytc/AIdro_ljVCUnlbr67HN8PMqsVQ84cWvK-I4RigUxvZVbe5H1ZQ=s160-c-k-c0x00ffffff-no-rj","https://yt3.googleusercontent.com/afPoy1zE-yBTfvjqw2FngNP3ym2dGeP7AReU7khT2SIbzMj9PNCNEKoxsNJc4NDzO9dchVGLHQ=w2560-fcrop64=1,00005a57ffffa5a8-k-c0xffffffff-no-nd-rj","Chanel yang akan membahas secara dalam tentang Rumah, Kebun, dan Taman","Shopee","https://shopee.co.id/infarmofficialshop","Instagram","https://www.instagram.com/infarm.id/","Tiktok","https://www.tiktok.com/@infarmid","Lazada ","https://s.lazada.co.id/l.1hRr","UChl0FvQJ5_1CmPCSzikU_Uw","Jun 23, 2019","Indonesia","infarm id","830","158297297","https://www.youtube.com/channel/UChl0FvQJ5_1CmPCSzikU_Uw",,"23",,"2024-09-16T00:00:00.000Z",,,,,,,,,,,,,,,,,,,"https://www.youtube.com/@infarmid/shorts","WzojZkTAfNk","https://www.youtube.com/@infarmid","false","false",,"1200",,"364000","22",,,"https://i.ytimg.com/vi/WzojZkTAfNk/oardefault.jpg?sqp=-oaymwEdCJUDENAFSFWQAgHyq4qpAwwIARUAAIhCcAHAAQY=&rs=AOn4CLBQaoQ7zgLUcoV6xuf6SUQoFog63A","Bikin pot cantik cuma modal 5000","shorts","https://www.youtube.com/shorts/WzojZkTAfNk","43802"
"https://yt3.googleusercontent.com/ytc/AIdro_ljVCUnlbr67HN8PMqsVQ84cWvK-I4RigUxvZVbe5H1ZQ=s160-c-k-c0x00ffffff-no-rj","https://yt3.googleusercontent.com/afPoy1zE-yBTfvjqw2FngNP3ym2dGeP7AReU7khT2SIbzMj9PNCNEKoxsNJc4NDzO9dchVGLHQ=w2560-fcrop64=1,00005a57ffffa5a8-k-c0xffffffff-no-nd-rj","Chanel yang akan membahas secara dalam tentang Rumah, Kebun, dan Taman","Shopee","https://shopee.co.id/infarmofficialshop","Instagram","https://www.instagram.com/infarm.id/","Tiktok","https://www.tiktok.com/@infarmid","Lazada ","https://s.lazada.co.id/l.1hRr","UChl0FvQJ5_1CmPCSzikU_Uw","Jun 23, 2019","Indonesia","infarm id","830","158297297","https://www.youtube.com/channel/UChl0FvQJ5_1CmPCSzikU_Uw",,,,"2024-09-17T06:00:09.000Z",,,,,,,,,,,,,,,,,,,"https://www.youtube.com/@infarmid/shorts","obOmEqlE81M","https://www.youtube.com/@infarmid","false","false",,"379",,"364000","18",,,"https://i.ytimg.com/vi/obOmEqlE81M/oar2.jpg?sqp=-oaymwEdCJUDENAFSFWQAgHyq4qpAwwIARUAAIhCcAHAAQY=&rs=AOn4CLA6XWYHBzaylqQmE8oEbMbl-uGTmg","cara berhasil nanam cabai","shorts","https://www.youtube.com/shorts/obOmEqlE81M","6205"
"https://yt3.googleusercontent.com/ytc/AIdro_ljVCUnlbr67HN8PMqsVQ84cWvK-I4RigUxvZVbe5H1ZQ=s160-c-k-c0x00ffffff-no-rj","https://yt3.googleusercontent.com/afPoy1zE-yBTfvjqw2FngNP3ym2dGeP7AReU7khT2SIbzMj9PNCNEKoxsNJc4NDzO9dchVGLHQ=w2560-fcrop64=1,00005a57ffffa5a8-k-c0xffffffff-no-nd-rj","Chanel yang akan membahas secara dalam tentang Rumah, Kebun, dan Taman","Shopee","https://shopee.co.id/infarmofficialshop","Instagram","https://www.instagram.com/infarm.id/","Tiktok","https://www.tiktok.com/@infarmid","Lazada ","https://s.lazada.co.id/l.1hRr","UChl0FvQJ5_1CmPCSzikU_Uw","Jun 23, 2019","Indonesia","infarm id","830","158297297","https://www.youtube.com/channel/UChl0FvQJ5_1CmPCSzikU_Uw",,"36",,"2024-09-22T00:00:00.000Z",,,,,,,,,,,,,,,,,,,"https://www.youtube.com/@infarmid/shorts","5byObiipk7s","https://www.youtube.com/@infarmid","false","false",,"930",,"364000","13",,,"https://i.ytimg.com/vi/5byObiipk7s/oardefault.jpg?sqp=-oaymwEdCJUDENAFSFWQAgHyq4qpAwwIARUAAIhCcAHAAQY=&rs=AOn4CLCMXBXVp4jUBJhRD6cR6FNajLOSXA","Teknik unik untuk tanaman yang gak berbuah jadi berbuah lagi","shorts","https://www.youtube.com/shorts/5byObiipk7s","28705"
"https://yt3.googleusercontent.com/ytc/AIdro_ljVCUnlbr67HN8PMqsVQ84cWvK-I4RigUxvZVbe5H1ZQ=s160-c-k-c0x00ffffff-no-rj","https://yt3.googleusercontent.com/afPoy1zE-yBTfvjqw2FngNP3ym2dGeP7AReU7khT2SIbzMj9PNCNEKoxsNJc4NDzO9dchVGLHQ=w2560-fcrop64=1,00005a57ffffa5a8-k-c0xffffffff-no-nd-rj","Chanel yang akan membahas secara dalam tentang Rumah, Kebun, dan Taman","Shopee","https://shopee.co.id/infarmofficialshop","Instagram","https://www.instagram.com/infarm.id/","Tiktok","https://www.tiktok.com/@infarmid","Lazada ","https://s.lazada.co.id/l.1hRr","UChl0FvQJ5_1CmPCSzikU_Uw","Jun 23, 2019","Indonesia","infarm id","830","158297297","https://www.youtube.com/channel/UChl0FvQJ5_1CmPCSzikU_Uw",,"22",,"2024-09-21T14:25:30.000Z",,,,,,,,,,,,,,,,,,,"https://www.youtube.com/@infarmid/shorts","kL3kvpNU-Ro","https://www.youtube.com/@infarmid","false","false",,"594",,"364000","15",,,"https://i.ytimg.com/vi/kL3kvpNU-Ro/oardefault.jpg?sqp=-oaymwEdCJUDENAFSFWQAgHyq4qpAwwIARUAAIhCcAHAAQY=&rs=AOn4CLCFR2VVtHlIss4pKWBtjMqXiyBVww","Nanam dirumah jadi lebih mudah semenjak ada pupuk ini #berkebun #garden","shorts","https://www.youtube.com/shorts/kL3kvpNU-Ro","19499"
"https://yt3.googleusercontent.com/ytc/AIdro_ljVCUnlbr67HN8PMqsVQ84cWvK-I4RigUxvZVbe5H1ZQ=s160-c-k-c0x00ffffff-no-rj","https://yt3.googleusercontent.com/afPoy1zE-yBTfvjqw2FngNP3ym2dGeP7AReU7khT2SIbzMj9PNCNEKoxsNJc4NDzO9dchVGLHQ=w2560-fcrop64=1,00005a57ffffa5a8-k-c0xffffffff-no-nd-rj","Chanel yang akan membahas secara dalam tentang Rumah, Kebun, dan Taman","Shopee","https://shopee.co.id/infarmofficialshop","Instagram","https://www.instagram.com/infarm.id/","Tiktok","https://www.tiktok.com/@infarmid","Lazada ","https://s.lazada.co.id/l.1hRr","UChl0FvQJ5_1CmPCSzikU_Uw","Jun 23, 2019","Indonesia","infarm id","830","158297297","https://www.youtube.com/channel/UChl0FvQJ5_1CmPCSzikU_Uw",,"150",,"2024-09-17T02:24:14.000Z",,,,,,,,,,,,,,,,,,,"https://www.youtube.com/@infarmid/shorts","iXmJxaQvwQ8","https://www.youtube.com/@infarmid","false","false",,"1000",,"364000","19",,,"https://i.ytimg.com/vi/iXmJxaQvwQ8/oardefault.jpg?sqp=-oaymwEdCJUDENAFSFWQAgHyq4qpAwwIARUAAIhCcAHAAQY=&rs=AOn4CLDVuKlmkwFLQ18faSiX9dOpUZuXcA","Nanam sayuran lebih gampang, setuju gak?","shorts","https://www.youtube.com/shorts/iXmJxaQvwQ8","23789"
"https://yt3.googleusercontent.com/ytc/AIdro_ljVCUnlbr67HN8PMqsVQ84cWvK-I4RigUxvZVbe5H1ZQ=s160-c-k-c0x00ffffff-no-rj","https://yt3.googleusercontent.com/afPoy1zE-yBTfvjqw2FngNP3ym2dGeP7AReU7khT2SIbzMj9PNCNEKoxsNJc4NDzO9dchVGLHQ=w2560-fcrop64=1,00005a57ffffa5a8-k-c0xffffffff-no-nd-rj","Chanel yang akan membahas secara dalam tentang Rumah, Kebun, dan Taman","Shopee","https://shopee.co.id/infarmofficialshop","Instagram","https://www.instagram.com/infarm.id/","Tiktok","https://www.tiktok.com/@infarmid","Lazada ","https://s.lazada.co.id/l.1hRr","UChl0FvQJ5_1CmPCSzikU_Uw","Jun 23, 2019","Indonesia","infarm id","830","158297297","https://www.youtube.com/channel/UChl0FvQJ5_1CmPCSzikU_Uw",,"38",,"2024-09-17T02:20:55.000Z",,,,,,,,,,,,,,,,,,,"https://www.youtube.com/@infarmid/shorts","aQe1OIfytmI","https://www.youtube.com/@infarmid","false","false",,"1200",,"364000","20",,,"https://i.ytimg.com/vi/aQe1OIfytmI/oardefault.jpg?sqp=-oaymwEdCJUDENAFSFWQAgHyq4qpAwwIARUAAIhCcAHAAQY=&rs=AOn4CLC5aZdvaLQAb1eduCGNMdAqnrc7cw","Sayur yang wanginya harum banget, enaknya di olah jadi apa yah ?","shorts","https://www.youtube.com/shorts/aQe1OIfytmI","34207"
"https://yt3.googleusercontent.com/ytc/AIdro_ljVCUnlbr67HN8PMqsVQ84cWvK-I4RigUxvZVbe5H1ZQ=s160-c-k-c0x00ffffff-no-rj","https://yt3.googleusercontent.com/afPoy1zE-yBTfvjqw2FngNP3ym2dGeP7AReU7khT2SIbzMj9PNCNEKoxsNJc4NDzO9dchVGLHQ=w2560-fcrop64=1,00005a57ffffa5a8-k-c0xffffffff-no-nd-rj","Chanel yang akan membahas secara dalam tentang Rumah, Kebun, dan Taman","Shopee","https://shopee.co.id/infarmofficialshop","Instagram","https://www.instagram.com/infarm.id/","Tiktok","https://www.tiktok.com/@infarmid","Lazada ","https://s.lazada.co.id/l.1hRr","UChl0FvQJ5_1CmPCSzikU_Uw","Jun 23, 2019","Indonesia","infarm id","830","158297297","https://www.youtube.com/channel/UChl0FvQJ5_1CmPCSzikU_Uw",,"29",,"2024-09-20T13:55:22.000Z",,,,,,,,,,,,,,,,,,,"https://www.youtube.com/@infarmid/shorts","7xlAnUiAz88","https://www.youtube.com/@infarmid","false","false",,"1200",,"364000","16",,,"https://i.ytimg.com/vi/7xlAnUiAz88/oardefault.jpg?sqp=-oaymwEdCJUDENAFSFWQAgHyq4qpAwwIARUAAIhCcAHAAQY=&rs=AOn4CLCdUgY13wWwt3AIz6R-F8ePrERbsA","Jangan pakai media tanam asal asalan kalau tanamanmu gak mau mati","shorts","https://www.youtube.com/shorts/7xlAnUiAz88","42744"
"https://yt3.googleusercontent.com/ytc/AIdro_ljVCUnlbr67HN8PMqsVQ84cWvK-I4RigUxvZVbe5H1ZQ=s160-c-k-c0x00ffffff-no-rj","https://yt3.googleusercontent.com/afPoy1zE-yBTfvjqw2FngNP3ym2dGeP7AReU7khT2SIbzMj9PNCNEKoxsNJc4NDzO9dchVGLHQ=w2560-fcrop64=1,00005a57ffffa5a8-k-c0xffffffff-no-nd-rj","Chanel yang akan membahas secara dalam tentang Rumah, Kebun, dan Taman","Shopee","https://shopee.co.id/infarmofficialshop","Instagram","https://www.instagram.com/infarm.id/","Tiktok","https://www.tiktok.com/@infarmid","Lazada ","https://s.lazada.co.id/l.1hRr","UChl0FvQJ5_1CmPCSzikU_Uw","Jun 23, 2019","Indonesia","infarm id","830","158297297","https://www.youtube.com/channel/UChl0FvQJ5_1CmPCSzikU_Uw",,"22",,"2024-09-21T16:24:07.000Z",,,,,,,,,,,,,,,,,,,"https://www.youtube.com/@infarmid/shorts","MU4whoyxZ2Y","https://www.youtube.com/@infarmid","false","false",,"1300",,"364000","14",,,"https://i.ytimg.com/vi/MU4whoyxZ2Y/oardefault.jpg?sqp=-oaymwEdCJUDENAFSFWQAgHyq4qpAwwIARUAAIhCcAHAAQY=&rs=AOn4CLCwHKPu434ZMwIrISfismBcaFpaOw","Tanaman yang bisa menghasilkan pupuk sendiri","shorts","https://www.youtube.com/shorts/MU4whoyxZ2Y","33295"
"https://yt3.googleusercontent.com/ytc/AIdro_ljVCUnlbr67HN8PMqsVQ84cWvK-I4RigUxvZVbe5H1ZQ=s160-c-k-c0x00ffffff-no-rj","https://yt3.googleusercontent.com/afPoy1zE-yBTfvjqw2FngNP3ym2dGeP7AReU7khT2SIbzMj9PNCNEKoxsNJc4NDzO9dchVGLHQ=w2560-fcrop64=1,00005a57ffffa5a8-k-c0xffffffff-no-nd-rj","Chanel yang akan membahas secara dalam tentang Rumah, Kebun, dan Taman","Shopee","https://shopee.co.id/infarmofficialshop","Instagram","https://www.instagram.com/infarm.id/","Tiktok","https://www.tiktok.com/@infarmid","Lazada ","https://s.lazada.co.id/l.1hRr","UChl0FvQJ5_1CmPCSzikU_Uw","Jun 23, 2019","Indonesia","infarm id","830","158297297","https://www.youtube.com/channel/UChl0FvQJ5_1CmPCSzikU_Uw",,"24",,"2024-09-19T15:53:26.000Z",,,,,,,,,,,,,,,,,,,"https://www.youtube.com/@infarmid/shorts","cPTlSPaBkvw","https://www.youtube.com/@infarmid","false","false",,"1300",,"364000","17",,,"https://i.ytimg.com/vi/cPTlSPaBkvw/oardefault.jpg?sqp=-oaymwEdCJUDENAFSFWQAgHyq4qpAwwIARUAAIhCcAHAAQY=&rs=AOn4CLBYTw1QlX51bIvBie1xuNqREWyNug","Resep racikan media tanam supaya jumbo jumbo","shorts","https://www.youtube.com/shorts/cPTlSPaBkvw","44800"
"https://yt3.googleusercontent.com/ytc/AIdro_ljVCUnlbr67HN8PMqsVQ84cWvK-I4RigUxvZVbe5H1ZQ=s160-c-k-c0x00ffffff-no-rj","https://yt3.googleusercontent.com/afPoy1zE-yBTfvjqw2FngNP3ym2dGeP7AReU7khT2SIbzMj9PNCNEKoxsNJc4NDzO9dchVGLHQ=w2560-fcrop64=1,00005a57ffffa5a8-k-c0xffffffff-no-nd-rj","Chanel yang akan membahas secara dalam tentang Rumah, Kebun, dan Taman","Shopee","https://shopee.co.id/infarmofficialshop","Instagram","https://www.instagram.com/infarm.id/","Tiktok","https://www.tiktok.com/@infarmid","Lazada ","https://s.lazada.co.id/l.1hRr","UChl0FvQJ5_1CmPCSzikU_Uw","Jun 23, 2019","Indonesia","infarm id","830","158297297","https://www.youtube.com/channel/UChl0FvQJ5_1CmPCSzikU_Uw",,"5",,"2024-09-17T02:16:04.000Z",,,,,,,,,,,,,,,,,,,"https://www.youtube.com/@infarmid/shorts","KILTzVYZic0","https://www.youtube.com/@infarmid","false","false",,"401",,"364000","21",,,"https://i.ytimg.com/vi/KILTzVYZic0/oardefault.jpg?sqp=-oaymwEdCJUDENAFSFWQAgHyq4qpAwwIARUAAIhCcAHAAQY=&rs=AOn4CLCwgKVdgyledwRV8Tq8GCwkLXdAUg","Bikin ramuan priobiotik untuk mencerahkan kulit","shorts","https://www.youtube.com/shorts/KILTzVYZic0","11039"
"https://yt3.googleusercontent.com/ytc/AIdro_ljVCUnlbr67HN8PMqsVQ84cWvK-I4RigUxvZVbe5H1ZQ=s160-c-k-c0x00ffffff-no-rj","https://yt3.googleusercontent.com/afPoy1zE-yBTfvjqw2FngNP3ym2dGeP7AReU7khT2SIbzMj9PNCNEKoxsNJc4NDzO9dchVGLHQ=w2560-fcrop64=1,00005a57ffffa5a8-k-c0xffffffff-no-nd-rj","Chanel yang akan membahas secara dalam tentang Rumah, Kebun, dan Taman","Shopee","https://shopee.co.id/infarmofficialshop","Instagram","https://www.instagram.com/infarm.id/","Tiktok","https://www.tiktok.com/@infarmid","Lazada ","https://s.lazada.co.id/l.1hRr","UChl0FvQJ5_1CmPCSzikU_Uw","Jun 23, 2019","Indonesia","infarm id","830","158297297","https://www.youtube.com/channel/UChl0FvQJ5_1CmPCSzikU_Uw",,"19",,"2024-09-23T14:02:45.000Z",,,,,,,,,,,,,,,,,,,"https://www.youtube.com/@infarmid/shorts","VZ8TisBx4A4","https://www.youtube.com/@infarmid","false","false",,"860",,"364000","12",,,"https://i.ytimg.com/vi/VZ8TisBx4A4/oardefault.jpg?sqp=-oaymwEdCJUDENAFSFWQAgHyq4qpAwwIARUAAIhCcAHAAQY=&rs=AOn4CLD8usyHX34-kpzcGQUqtCPwJlCvBg","Nanam kangkung gak pakai tanah","shorts","https://www.youtube.com/shorts/VZ8TisBx4A4","21188"
"https://yt3.googleusercontent.com/ytc/AIdro_ljVCUnlbr67HN8PMqsVQ84cWvK-I4RigUxvZVbe5H1ZQ=s160-c-k-c0x00ffffff-no-rj","https://yt3.googleusercontent.com/afPoy1zE-yBTfvjqw2FngNP3ym2dGeP7AReU7khT2SIbzMj9PNCNEKoxsNJc4NDzO9dchVGLHQ=w2560-fcrop64=1,00005a57ffffa5a8-k-c0xffffffff-no-nd-rj","Chanel yang akan membahas secara dalam tentang Rumah, Kebun, dan Taman","Shopee","https://shopee.co.id/infarmofficialshop","Instagram","https://www.instagram.com/infarm.id/","Tiktok","https://www.tiktok.com/@infarmid","Lazada ","https://s.lazada.co.id/l.1hRr","UChl0FvQJ5_1CmPCSzikU_Uw","Jun 23, 2019","Indonesia","infarm id","830","158297297","https://www.youtube.com/channel/UChl0FvQJ5_1CmPCSzikU_Uw",,"57",,"2024-09-24T02:24:55.000Z",,,,,,,,,,,,,,,,,,,"https://www.youtube.com/@infarmid/shorts","Ziw5hU34_gs","https://www.youtube.com/@infarmid","false","false",,"4400",,"364000","11",,,"https://i.ytimg.com/vi/Ziw5hU34_gs/oardefault.jpg?sqp=-oaymwEdCJUDENAFSFWQAgHyq4qpAwwIARUAAIhCcAHAAQY=&rs=AOn4CLBTO-4uErVpaWeEZwUKaOnh30mr-w","Cara ngompos dirumah pakai galon bekas","shorts","https://www.youtube.com/shorts/Ziw5hU34_gs","202210"
"https://yt3.googleusercontent.com/ytc/AIdro_ljVCUnlbr67HN8PMqsVQ84cWvK-I4RigUxvZVbe5H1ZQ=s160-c-k-c0x00ffffff-no-rj","https://yt3.googleusercontent.com/afPoy1zE-yBTfvjqw2FngNP3ym2dGeP7AReU7khT2SIbzMj9PNCNEKoxsNJc4NDzO9dchVGLHQ=w2560-fcrop64=1,00005a57ffffa5a8-k-c0xffffffff-no-nd-rj","Chanel yang akan membahas secara dalam tentang Rumah, Kebun, dan Taman","Shopee","https://shopee.co.id/infarmofficialshop","Instagram","https://www.instagram.com/infarm.id/","Tiktok","https://www.tiktok.com/@infarmid","Lazada ","https://s.lazada.co.id/l.1hRr","UChl0FvQJ5_1CmPCSzikU_Uw","Jun 23, 2019","Indonesia","infarm id","830","158297297","https://www.youtube.com/channel/UChl0FvQJ5_1CmPCSzikU_Uw",,"40",,"2024-10-03T00:00:00.000Z",,,,,,,,,,,,,,,,,,,"https://www.youtube.com/@infarmid/shorts","hE-bkzh5fN8","https://www.youtube.com/@infarmid","false","false",,"796",,"364000","3",,,"https://i.ytimg.com/vi/hE-bkzh5fN8/oardefault.jpg?sqp=-oaymwEdCJUDENAFSFWQAgHyq4qpAwwIARUAAIhCcAHAAQY=&rs=AOn4CLA1n453_ncxaMGtbas_0zD1d0w1Gg","Nanam sayuran nempel ditembok","shorts","https://www.youtube.com/shorts/hE-bkzh5fN8","17866"
"https://yt3.googleusercontent.com/ytc/AIdro_ljVCUnlbr67HN8PMqsVQ84cWvK-I4RigUxvZVbe5H1ZQ=s160-c-k-c0x00ffffff-no-rj","https://yt3.googleusercontent.com/afPoy1zE-yBTfvjqw2FngNP3ym2dGeP7AReU7khT2SIbzMj9PNCNEKoxsNJc4NDzO9dchVGLHQ=w2560-fcrop64=1,00005a57ffffa5a8-k-c0xffffffff-no-nd-rj","Chanel yang akan membahas secara dalam tentang Rumah, Kebun, dan Taman","Shopee","https://shopee.co.id/infarmofficialshop","Instagram","https://www.instagram.com/infarm.id/","Tiktok","https://www.tiktok.com/@infarmid","Lazada ","https://s.lazada.co.id/l.1hRr","UChl0FvQJ5_1CmPCSzikU_Uw","Jun 23, 2019","Indonesia","infarm id","830","158297297","https://www.youtube.com/channel/UChl0FvQJ5_1CmPCSzikU_Uw",,"124",,"2024-09-29T10:24:15.000Z",,,,,,,,,,,,,,,,,,,"https://www.youtube.com/@infarmid/shorts","LNphvnAsQYY","https://www.youtube.com/@infarmid","false","false",,"1200",,"364000","7",,,"https://i.ytimg.com/vi/LNphvnAsQYY/oardefault.jpg?sqp=-oaymwEdCJUDENAFSFWQAgHyq4qpAwwIARUAAIhCcAHAAQY=&rs=AOn4CLAgwg9ZlBgaqzOWkS0P7ZpVxpPkpA","Di daerah kalian ini namanya bawang apa ?","shorts","https://www.youtube.com/shorts/LNphvnAsQYY","44246"
"https://yt3.googleusercontent.com/ytc/AIdro_ljVCUnlbr67HN8PMqsVQ84cWvK-I4RigUxvZVbe5H1ZQ=s160-c-k-c0x00ffffff-no-rj","https://yt3.googleusercontent.com/afPoy1zE-yBTfvjqw2FngNP3ym2dGeP7AReU7khT2SIbzMj9PNCNEKoxsNJc4NDzO9dchVGLHQ=w2560-fcrop64=1,00005a57ffffa5a8-k-c0xffffffff-no-nd-rj","Chanel yang akan membahas secara dalam tentang Rumah, Kebun, dan Taman","Shopee","https://shopee.co.id/infarmofficialshop","Instagram","https://www.instagram.com/infarm.id/","Tiktok","https://www.tiktok.com/@infarmid","Lazada ","https://s.lazada.co.id/l.1hRr","UChl0FvQJ5_1CmPCSzikU_Uw","Jun 23, 2019","Indonesia","infarm id","830","158297297","https://www.youtube.com/channel/UChl0FvQJ5_1CmPCSzikU_Uw",,"63",,"2024-09-24T15:34:14.000Z",,,,,,,,,,,,,,,,,,,"https://www.youtube.com/@infarmid/shorts","PVPG22yeHuw","https://www.youtube.com/@infarmid","false","false",,"1600",,"364000","9",,,"https://i.ytimg.com/vi/PVPG22yeHuw/oardefault.jpg?sqp=-oaymwEdCJUDENAFSFWQAgHyq4qpAwwIARUAAIhCcAHAAQY=&rs=AOn4CLDK7ePZ_ON9ESWhGRgraKOWh0jVcA","Teknik unik nanam cabai dilahan sempit","shorts","https://www.youtube.com/shorts/PVPG22yeHuw","32957"
"https://yt3.googleusercontent.com/ytc/AIdro_ljVCUnlbr67HN8PMqsVQ84cWvK-I4RigUxvZVbe5H1ZQ=s160-c-k-c0x00ffffff-no-rj","https://yt3.googleusercontent.com/afPoy1zE-yBTfvjqw2FngNP3ym2dGeP7AReU7khT2SIbzMj9PNCNEKoxsNJc4NDzO9dchVGLHQ=w2560-fcrop64=1,00005a57ffffa5a8-k-c0xffffffff-no-nd-rj","Chanel yang akan membahas secara dalam tentang Rumah, Kebun, dan Taman","Shopee","https://shopee.co.id/infarmofficialshop","Instagram","https://www.instagram.com/infarm.id/","Tiktok","https://www.tiktok.com/@infarmid","Lazada ","https://s.lazada.co.id/l.1hRr","UChl0FvQJ5_1CmPCSzikU_Uw","Jun 23, 2019","Indonesia","infarm id","830","158297297","https://www.youtube.com/channel/UChl0FvQJ5_1CmPCSzikU_Uw",,"32",,"2024-09-11T06:03:09.000Z",,,,,,,,,,,,,,,,,,,"https://www.youtube.com/@infarmid/shorts","VK7nPhqj5TY","https://www.youtube.com/@infarmid","false","false",,"971",,"364000","26",,,"https://i.ytimg.com/vi/VK7nPhqj5TY/oardefault.jpg?sqp=-oaymwEdCJUDENAFSFWQAgHyq4qpAwwIARUAAIhCcAHAAQY=&rs=AOn4CLCndooHmy2_G7IySLd6MSakmw2jSQ","Semakin dipanen semakin berbuah lebat","shorts","https://www.youtube.com/shorts/VK7nPhqj5TY","24275"
"https://yt3.googleusercontent.com/ytc/AIdro_ljVCUnlbr67HN8PMqsVQ84cWvK-I4RigUxvZVbe5H1ZQ=s160-c-k-c0x00ffffff-no-rj","https://yt3.googleusercontent.com/afPoy1zE-yBTfvjqw2FngNP3ym2dGeP7AReU7khT2SIbzMj9PNCNEKoxsNJc4NDzO9dchVGLHQ=w2560-fcrop64=1,00005a57ffffa5a8-k-c0xffffffff-no-nd-rj","Chanel yang akan membahas secara dalam tentang Rumah, Kebun, dan Taman","Shopee","https://shopee.co.id/infarmofficialshop","Instagram","https://www.instagram.com/infarm.id/","Tiktok","https://www.tiktok.com/@infarmid","Lazada ","https://s.lazada.co.id/l.1hRr","UChl0FvQJ5_1CmPCSzikU_Uw","Jun 23, 2019","Indonesia","infarm id","830","158297297","https://www.youtube.com/channel/UChl0FvQJ5_1CmPCSzikU_Uw",,"106",,"2024-09-11T14:53:06.000Z",,,,,,,,,,,,,,,,,,,"https://www.youtube.com/@infarmid/shorts","tZDUsE790dk","https://www.youtube.com/@infarmid","false","false",,"2200",,"364000","25",,,"https://i.ytimg.com/vi/tZDUsE790dk/oardefault.jpg?sqp=-oaymwEdCJUDENAFSFWQAgHyq4qpAwwIARUAAIhCcAHAAQY=&rs=AOn4CLAxhfHB2TZE4HVYJpCMk_n05BOMHg","Cara nanam sereh dari rumah ‼️","shorts","https://www.youtube.com/shorts/tZDUsE790dk","87840"
"https://yt3.googleusercontent.com/ytc/AIdro_ljVCUnlbr67HN8PMqsVQ84cWvK-I4RigUxvZVbe5H1ZQ=s160-c-k-c0x00ffffff-no-rj","https://yt3.googleusercontent.com/afPoy1zE-yBTfvjqw2FngNP3ym2dGeP7AReU7khT2SIbzMj9PNCNEKoxsNJc4NDzO9dchVGLHQ=w2560-fcrop64=1,00005a57ffffa5a8-k-c0xffffffff-no-nd-rj","Chanel yang akan membahas secara dalam tentang Rumah, Kebun, dan Taman","Shopee","https://shopee.co.id/infarmofficialshop","Instagram","https://www.instagram.com/infarm.id/","Tiktok","https://www.tiktok.com/@infarmid","Lazada ","https://s.lazada.co.id/l.1hRr","UChl0FvQJ5_1CmPCSzikU_Uw","Jun 23, 2019","Indonesia","infarm id","830","158297297","https://www.youtube.com/channel/UChl0FvQJ5_1CmPCSzikU_Uw",,"16",,"2024-10-01T00:06:48.000Z",,,,,,,,,,,,,,,,,,,"https://www.youtube.com/@infarmid/shorts","u-M7gkSPgQE","https://www.youtube.com/@infarmid","false","false",,"325",,"364000","5",,,"https://i.ytimg.com/vi/u-M7gkSPgQE/oar2.jpg?sqp=-oaymwEdCJUDENAFSFWQAgHyq4qpAwwIARUAAIhCcAHAAQY=&rs=AOn4CLBOZ4a3JJ7B4h0Uae5S_xOVdEJlxg","Gak perlu ribet‼️Tinggal Nunggu 1-2 minggu tanah jadi auto  gembur","shorts","https://www.youtube.com/shorts/u-M7gkSPgQE","13433"
"https://yt3.googleusercontent.com/ytc/AIdro_ljVCUnlbr67HN8PMqsVQ84cWvK-I4RigUxvZVbe5H1ZQ=s160-c-k-c0x00ffffff-no-rj","https://yt3.googleusercontent.com/afPoy1zE-yBTfvjqw2FngNP3ym2dGeP7AReU7khT2SIbzMj9PNCNEKoxsNJc4NDzO9dchVGLHQ=w2560-fcrop64=1,00005a57ffffa5a8-k-c0xffffffff-no-nd-rj","Chanel yang akan membahas secara dalam tentang Rumah, Kebun, dan Taman","Shopee","https://shopee.co.id/infarmofficialshop","Instagram","https://www.instagram.com/infarm.id/","Tiktok","https://www.tiktok.com/@infarmid","Lazada ","https://s.lazada.co.id/l.1hRr","UChl0FvQJ5_1CmPCSzikU_Uw","Jun 23, 2019","Indonesia","infarm id","830","158297297","https://www.youtube.com/channel/UChl0FvQJ5_1CmPCSzikU_Uw",,"56",,"2024-09-27T07:10:30.000Z",,,,,,,,,,,,,,,,,,,"https://www.youtube.com/@infarmid/shorts","ZWkZ-jPEwBM","https://www.youtube.com/@infarmid","false","false",,"2500",,"364000","8",,,"https://i.ytimg.com/vi/ZWkZ-jPEwBM/oardefault.jpg?sqp=-oaymwEdCJUDENAFSFWQAgHyq4qpAwwIARUAAIhCcAHAAQY=&rs=AOn4CLCL9iRt5dr8guWwdqUoAm6KYBRbdw","Jangan asal pakai media tanam kalau mau tanamanmu gak mati sia sia","shorts","https://www.youtube.com/shorts/ZWkZ-jPEwBM","93975"
"https://yt3.googleusercontent.com/ytc/AIdro_ljVCUnlbr67HN8PMqsVQ84cWvK-I4RigUxvZVbe5H1ZQ=s160-c-k-c0x00ffffff-no-rj","https://yt3.googleusercontent.com/afPoy1zE-yBTfvjqw2FngNP3ym2dGeP7AReU7khT2SIbzMj9PNCNEKoxsNJc4NDzO9dchVGLHQ=w2560-fcrop64=1,00005a57ffffa5a8-k-c0xffffffff-no-nd-rj","Chanel yang akan membahas secara dalam tentang Rumah, Kebun, dan Taman","Shopee","https://shopee.co.id/infarmofficialshop","Instagram","https://www.instagram.com/infarm.id/","Tiktok","https://www.tiktok.com/@infarmid","Lazada ","https://s.lazada.co.id/l.1hRr","UChl0FvQJ5_1CmPCSzikU_Uw","Jun 23, 2019","Indonesia","infarm id","830","158297297","https://www.youtube.com/channel/UChl0FvQJ5_1CmPCSzikU_Uw",,"670",,"2024-09-24T08:23:32.000Z",,,,,,,,,,,,,,,,,,,"https://www.youtube.com/@infarmid/shorts","5BYCd6sOcrM","https://www.youtube.com/@infarmid","false","false",,"18000",,"364000","10",,,"https://i.ytimg.com/vi/5BYCd6sOcrM/oardefault.jpg?sqp=-oaymwEdCJUDENAFSFWQAgHyq4qpAwwIARUAAIhCcAHAAQY=&rs=AOn4CLBiiYtnwvYU1aPsqk6Vjg4CNjZpvA","Cara olah tanaman pengganti nasi","shorts","https://www.youtube.com/shorts/5BYCd6sOcrM","682494"
"https://yt3.googleusercontent.com/ytc/AIdro_ljVCUnlbr67HN8PMqsVQ84cWvK-I4RigUxvZVbe5H1ZQ=s160-c-k-c0x00ffffff-no-rj","https://yt3.googleusercontent.com/afPoy1zE-yBTfvjqw2FngNP3ym2dGeP7AReU7khT2SIbzMj9PNCNEKoxsNJc4NDzO9dchVGLHQ=w2560-fcrop64=1,00005a57ffffa5a8-k-c0xffffffff-no-nd-rj","Chanel yang akan membahas secara dalam tentang Rumah, Kebun, dan Taman","Shopee","https://shopee.co.id/infarmofficialshop","Instagram","https://www.instagram.com/infarm.id/","Tiktok","https://www.tiktok.com/@infarmid","Lazada ","https://s.lazada.co.id/l.1hRr","UChl0FvQJ5_1CmPCSzikU_Uw","Jun 23, 2019","Indonesia","infarm id","830","158297297","https://www.youtube.com/channel/UChl0FvQJ5_1CmPCSzikU_Uw",,"52",,"2024-09-30T08:12:28.000Z",,,,,,,,,,,,,,,,,,,"https://www.youtube.com/@infarmid/shorts","bvYj8Ra1xwM","https://www.youtube.com/@infarmid","false","false",,"1400",,"364000","6",,,"https://i.ytimg.com/vi/bvYj8Ra1xwM/oardefault.jpg?sqp=-oaymwEdCJUDENAFSFWQAgHyq4qpAwwIARUAAIhCcAHAAQY=&rs=AOn4CLB-9ca7VoPNhYH0BVyPwH2hamMM3Q","Tips buat hilangin rasa pahit pada sayuran","shorts","https://www.youtube.com/shorts/bvYj8Ra1xwM","30133"
"https://yt3.googleusercontent.com/ytc/AIdro_ljVCUnlbr67HN8PMqsVQ84cWvK-I4RigUxvZVbe5H1ZQ=s160-c-k-c0x00ffffff-no-rj","https://yt3.googleusercontent.com/afPoy1zE-yBTfvjqw2FngNP3ym2dGeP7AReU7khT2SIbzMj9PNCNEKoxsNJc4NDzO9dchVGLHQ=w2560-fcrop64=1,00005a57ffffa5a8-k-c0xffffffff-no-nd-rj","Chanel yang akan membahas secara dalam tentang Rumah, Kebun, dan Taman","Shopee","https://shopee.co.id/infarmofficialshop","Instagram","https://www.instagram.com/infarm.id/","Tiktok","https://www.tiktok.com/@infarmid","Lazada ","https://s.lazada.co.id/l.1hRr","UChl0FvQJ5_1CmPCSzikU_Uw","Jun 23, 2019","Indonesia","infarm id","830","158297297","https://www.youtube.com/channel/UChl0FvQJ5_1CmPCSzikU_Uw",,"12",,"2024-09-11T06:01:45.000Z",,,,,,,,,,,,,,,,,,,"https://www.youtube.com/@infarmid/shorts","tG4W7-uDtx4","https://www.youtube.com/@infarmid","false","false",,"465",,"364000","27",,,"https://i.ytimg.com/vi/tG4W7-uDtx4/oardefault.jpg?sqp=-oaymwEdCJUDENAFSFWQAgHyq4qpAwwIARUAAIhCcAHAAQY=&rs=AOn4CLDYAp_yUnfEePM3YZyF_GtHEu0Z8w","Ramuan ajaib pelebat cabai","shorts","https://www.youtube.com/shorts/tG4W7-uDtx4","17741"
"https://yt3.googleusercontent.com/ytc/AIdro_ljVCUnlbr67HN8PMqsVQ84cWvK-I4RigUxvZVbe5H1ZQ=s160-c-k-c0x00ffffff-no-rj","https://yt3.googleusercontent.com/afPoy1zE-yBTfvjqw2FngNP3ym2dGeP7AReU7khT2SIbzMj9PNCNEKoxsNJc4NDzO9dchVGLHQ=w2560-fcrop64=1,00005a57ffffa5a8-k-c0xffffffff-no-nd-rj","Chanel yang akan membahas secara dalam tentang Rumah, Kebun, dan Taman","Shopee","https://shopee.co.id/infarmofficialshop","Instagram","https://www.instagram.com/infarm.id/","Tiktok","https://www.tiktok.com/@infarmid","Lazada ","https://s.lazada.co.id/l.1hRr","UChl0FvQJ5_1CmPCSzikU_Uw","Jun 23, 2019","Indonesia","infarm id","830","158297297","https://www.youtube.com/channel/UChl0FvQJ5_1CmPCSzikU_Uw",,"22",,"2024-09-09T15:07:52.000Z",,,,,,,,,,,,,,,,,,,"https://www.youtube.com/@infarmid/shorts","6YPAuIrYpTA","https://www.youtube.com/@infarmid","false","false",,"918",,"364000","28",,,"https://i.ytimg.com/vi/6YPAuIrYpTA/oar2.jpg?sqp=-oaymwEdCJUDENAFSFWQAgHyq4qpAwwIARUAAIhCcAHAAQY=&rs=AOn4CLDMw0agqMN4ARtUUKP8ukbu-sQXVg","Service tanah jadi gembur dan subur","shorts","https://www.youtube.com/shorts/6YPAuIrYpTA","25848"
"https://yt3.googleusercontent.com/ytc/AIdro_ljVCUnlbr67HN8PMqsVQ84cWvK-I4RigUxvZVbe5H1ZQ=s160-c-k-c0x00ffffff-no-rj","https://yt3.googleusercontent.com/afPoy1zE-yBTfvjqw2FngNP3ym2dGeP7AReU7khT2SIbzMj9PNCNEKoxsNJc4NDzO9dchVGLHQ=w2560-fcrop64=1,00005a57ffffa5a8-k-c0xffffffff-no-nd-rj","Chanel yang akan membahas secara dalam tentang Rumah, Kebun, dan Taman","Shopee","https://shopee.co.id/infarmofficialshop","Instagram","https://www.instagram.com/infarm.id/","Tiktok","https://www.tiktok.com/@infarmid","Lazada ","https://s.lazada.co.id/l.1hRr","UChl0FvQJ5_1CmPCSzikU_Uw","Jun 23, 2019","Indonesia","infarm id","830","158297297","https://www.youtube.com/channel/UChl0FvQJ5_1CmPCSzikU_Uw",,"38",,"2024-09-04T06:49:18.000Z",,,,,,,,,,,,,,,,,,,"https://www.youtube.com/@infarmid/shorts","m6megRpMsQQ","https://www.youtube.com/@infarmid","false","false",,"680",,"364000","34",,,"https://i.ytimg.com/vi/m6megRpMsQQ/oardefault.jpg?sqp=-oaymwEdCJUDENAFSFWQAgHyq4qpAwwIARUAAIhCcAHAAQY=&rs=AOn4CLCfEhy2KV0X7lwHlkQLv7tM_aTSiQ","Tips cepet berbuah nanam dari benih","shorts","https://www.youtube.com/shorts/m6megRpMsQQ","16570"
"https://yt3.googleusercontent.com/ytc/AIdro_ljVCUnlbr67HN8PMqsVQ84cWvK-I4RigUxvZVbe5H1ZQ=s160-c-k-c0x00ffffff-no-rj","https://yt3.googleusercontent.com/afPoy1zE-yBTfvjqw2FngNP3ym2dGeP7AReU7khT2SIbzMj9PNCNEKoxsNJc4NDzO9dchVGLHQ=w2560-fcrop64=1,00005a57ffffa5a8-k-c0xffffffff-no-nd-rj","Chanel yang akan membahas secara dalam tentang Rumah, Kebun, dan Taman","Shopee","https://shopee.co.id/infarmofficialshop","Instagram","https://www.instagram.com/infarm.id/","Tiktok","https://www.tiktok.com/@infarmid","Lazada ","https://s.lazada.co.id/l.1hRr","UChl0FvQJ5_1CmPCSzikU_Uw","Jun 23, 2019","Indonesia","infarm id","830","158297297","https://www.youtube.com/channel/UChl0FvQJ5_1CmPCSzikU_Uw",,"29",,"2024-09-04T00:00:00.000Z",,,,,,,,,,,,,,,,,,,"https://www.youtube.com/@infarmid/shorts","-uAKqt2yL3Y","https://www.youtube.com/@infarmid","false","false",,"918",,"364000","33",,,"https://i.ytimg.com/vi/-uAKqt2yL3Y/oardefault.jpg?sqp=-oaymwEdCJUDENAFSFWQAgHyq4qpAwwIARUAAIhCcAHAAQY=&rs=AOn4CLCCRi2nZGfthszPSXQQJ3uImp3uMg","Bikin pesnab dari bawang putih","shorts","https://www.youtube.com/shorts/-uAKqt2yL3Y","27005"
"https://yt3.googleusercontent.com/ytc/AIdro_ljVCUnlbr67HN8PMqsVQ84cWvK-I4RigUxvZVbe5H1ZQ=s160-c-k-c0x00ffffff-no-rj","https://yt3.googleusercontent.com/afPoy1zE-yBTfvjqw2FngNP3ym2dGeP7AReU7khT2SIbzMj9PNCNEKoxsNJc4NDzO9dchVGLHQ=w2560-fcrop64=1,00005a57ffffa5a8-k-c0xffffffff-no-nd-rj","Chanel yang akan membahas secara dalam tentang Rumah, Kebun, dan Taman","Shopee","https://shopee.co.id/infarmofficialshop","Instagram","https://www.instagram.com/infarm.id/","Tiktok","https://www.tiktok.com/@infarmid","Lazada ","https://s.lazada.co.id/l.1hRr","UChl0FvQJ5_1CmPCSzikU_Uw","Jun 23, 2019","Indonesia","infarm id","830","158297297","https://www.youtube.com/channel/UChl0FvQJ5_1CmPCSzikU_Uw",,"20",,"2024-09-09T00:00:00.000Z",,,,,,,,,,,,,,,,,,,"https://www.youtube.com/@infarmid/shorts","Tu-4jPhrQSU","https://www.youtube.com/@infarmid","false","false",,"1700",,"364000","30",,,"https://i.ytimg.com/vi/Tu-4jPhrQSU/oar2.jpg?sqp=-oaymwEdCJUDENAFSFWQAgHyq4qpAwwIARUAAIhCcAHAAQY=&rs=AOn4CLDcgg3r7yR_P1OqIbdEJW2ciGOACQ","Sulap tanah gragal jadi subur","shorts","https://www.youtube.com/shorts/Tu-4jPhrQSU","97594"
"https://yt3.googleusercontent.com/ytc/AIdro_ljVCUnlbr67HN8PMqsVQ84cWvK-I4RigUxvZVbe5H1ZQ=s160-c-k-c0x00ffffff-no-rj","https://yt3.googleusercontent.com/afPoy1zE-yBTfvjqw2FngNP3ym2dGeP7AReU7khT2SIbzMj9PNCNEKoxsNJc4NDzO9dchVGLHQ=w2560-fcrop64=1,00005a57ffffa5a8-k-c0xffffffff-no-nd-rj","Chanel yang akan membahas secara dalam tentang Rumah, Kebun, dan Taman","Shopee","https://shopee.co.id/infarmofficialshop","Instagram","https://www.instagram.com/infarm.id/","Tiktok","https://www.tiktok.com/@infarmid","Lazada ","https://s.lazada.co.id/l.1hRr","UChl0FvQJ5_1CmPCSzikU_Uw","Jun 23, 2019","Indonesia","infarm id","830","158297297","https://www.youtube.com/channel/UChl0FvQJ5_1CmPCSzikU_Uw",,"13",,"2024-09-05T00:00:00.000Z",,,,,,,,,,,,,,,,,,,"https://www.youtube.com/@infarmid/shorts","tSInFZiJgMw","https://www.youtube.com/@infarmid","false","false",,"887",,"364000","31",,,"https://i.ytimg.com/vi/tSInFZiJgMw/oardefault.jpg?sqp=-oaymwEdCJUDENAFSFWQAgHyq4qpAwwIARUAAIhCcAHAAQY=&rs=AOn4CLBqFuiC_t_bDN0kiJL_ZWVzMZQYwQ","Bikin Lilin aromaterapi dari bahan alami","shorts","https://www.youtube.com/shorts/tSInFZiJgMw","23146"
"https://yt3.googleusercontent.com/ytc/AIdro_ljVCUnlbr67HN8PMqsVQ84cWvK-I4RigUxvZVbe5H1ZQ=s160-c-k-c0x00ffffff-no-rj","https://yt3.googleusercontent.com/afPoy1zE-yBTfvjqw2FngNP3ym2dGeP7AReU7khT2SIbzMj9PNCNEKoxsNJc4NDzO9dchVGLHQ=w2560-fcrop64=1,00005a57ffffa5a8-k-c0xffffffff-no-nd-rj","Chanel yang akan membahas secara dalam tentang Rumah, Kebun, dan Taman","Shopee","https://shopee.co.id/infarmofficialshop","Instagram","https://www.instagram.com/infarm.id/","Tiktok","https://www.tiktok.com/@infarmid","Lazada ","https://s.lazada.co.id/l.1hRr","UChl0FvQJ5_1CmPCSzikU_Uw","Jun 23, 2019","Indonesia","infarm id","830","158297297","https://www.youtube.com/channel/UChl0FvQJ5_1CmPCSzikU_Uw",,"3",,"2024-09-05T08:42:52.000Z",,,,,,,,,,,,,,,,,,,"https://www.youtube.com/@infarmid/shorts","4dJ_Aobu6A0","https://www.youtube.com/@infarmid","false","false",,"476",,"364000","32",,,"https://i.ytimg.com/vi/4dJ_Aobu6A0/oardefault.jpg?sqp=-oaymwEdCJUDENAFSFWQAgHyq4qpAwwIARUAAIhCcAHAAQY=&rs=AOn4CLAhj70bni2laNeKirML_hC8t4vV8w","Cara perbenyak bunga rosela dari batang","shorts","https://www.youtube.com/shorts/4dJ_Aobu6A0","12722"
"https://yt3.googleusercontent.com/ytc/AIdro_ljVCUnlbr67HN8PMqsVQ84cWvK-I4RigUxvZVbe5H1ZQ=s160-c-k-c0x00ffffff-no-rj","https://yt3.googleusercontent.com/afPoy1zE-yBTfvjqw2FngNP3ym2dGeP7AReU7khT2SIbzMj9PNCNEKoxsNJc4NDzO9dchVGLHQ=w2560-fcrop64=1,00005a57ffffa5a8-k-c0xffffffff-no-nd-rj","Chanel yang akan membahas secara dalam tentang Rumah, Kebun, dan Taman","Shopee","https://shopee.co.id/infarmofficialshop","Instagram","https://www.instagram.com/infarm.id/","Tiktok","https://www.tiktok.com/@infarmid","Lazada ","https://s.lazada.co.id/l.1hRr","UChl0FvQJ5_1CmPCSzikU_Uw","Jun 23, 2019","Indonesia","infarm id","830","158297297","https://www.youtube.com/channel/UChl0FvQJ5_1CmPCSzikU_Uw",,"83",,"2024-09-01T15:23:19.000Z",,,,,,,,,,,,,,,,,,,"https://www.youtube.com/@infarmid/shorts","VsN11QmJgLQ","https://www.youtube.com/@infarmid","false","false",,"1100",,"364000","36",,,"https://i.ytimg.com/vi/VsN11QmJgLQ/oardefault.jpg?sqp=-oaymwEdCJUDENAFSFWQAgHyq4qpAwwIARUAAIhCcAHAAQY=&rs=AOn4CLDz8ZicW_o2qPxb6rHcyFZmyRkVJQ","Nanam jagung ungu di dataran rendah","shorts","https://www.youtube.com/shorts/VsN11QmJgLQ","27464"
"https://yt3.googleusercontent.com/ytc/AIdro_ljVCUnlbr67HN8PMqsVQ84cWvK-I4RigUxvZVbe5H1ZQ=s160-c-k-c0x00ffffff-no-rj","https://yt3.googleusercontent.com/afPoy1zE-yBTfvjqw2FngNP3ym2dGeP7AReU7khT2SIbzMj9PNCNEKoxsNJc4NDzO9dchVGLHQ=w2560-fcrop64=1,00005a57ffffa5a8-k-c0xffffffff-no-nd-rj","Chanel yang akan membahas secara dalam tentang Rumah, Kebun, dan Taman","Shopee","https://shopee.co.id/infarmofficialshop","Instagram","https://www.instagram.com/infarm.id/","Tiktok","https://www.tiktok.com/@infarmid","Lazada ","https://s.lazada.co.id/l.1hRr","UChl0FvQJ5_1CmPCSzikU_Uw","Jun 23, 2019","Indonesia","infarm id","830","158297297","https://www.youtube.com/channel/UChl0FvQJ5_1CmPCSzikU_Uw",,"32",,"2024-09-02T09:44:39.000Z",,,,,,,,,,,,,,,,,,,"https://www.youtube.com/@infarmid/shorts","nsqP_jbUrNg","https://www.youtube.com/@infarmid","false","false",,"2500",,"364000","35",,,"https://i.ytimg.com/vi/nsqP_jbUrNg/oardefault.jpg?sqp=-oaymwEdCJUDENAFSFWQAgHyq4qpAwwIARUAAIhCcAHAAQY=&rs=AOn4CLDiCURbHGPmV1ZOkZYgIAqTpOYfBg","Cara seleski benih yang cacat dan bagus","shorts","https://www.youtube.com/shorts/nsqP_jbUrNg","66496"
"https://yt3.googleusercontent.com/ytc/AIdro_ljVCUnlbr67HN8PMqsVQ84cWvK-I4RigUxvZVbe5H1ZQ=s160-c-k-c0x00ffffff-no-rj","https://yt3.googleusercontent.com/afPoy1zE-yBTfvjqw2FngNP3ym2dGeP7AReU7khT2SIbzMj9PNCNEKoxsNJc4NDzO9dchVGLHQ=w2560-fcrop64=1,00005a57ffffa5a8-k-c0xffffffff-no-nd-rj","Chanel yang akan membahas secara dalam tentang Rumah, Kebun, dan Taman","Shopee","https://shopee.co.id/infarmofficialshop","Instagram","https://www.instagram.com/infarm.id/","Tiktok","https://www.tiktok.com/@infarmid","Lazada ","https://s.lazada.co.id/l.1hRr","UChl0FvQJ5_1CmPCSzikU_Uw","Jun 23, 2019","Indonesia","infarm id","830","158297297","https://www.youtube.com/channel/UChl0FvQJ5_1CmPCSzikU_Uw",,"16",,"2024-09-09T15:05:25.000Z",,,,,,,,,,,,,,,,,,,"https://www.youtube.com/@infarmid/shorts","zljYIDzwfuU","https://www.youtube.com/@infarmid","false","false",,"631",,"364000","29",,,"https://i.ytimg.com/vi/zljYIDzwfuU/oar2.jpg?sqp=-oaymwEdCJUDENAFSFWQAgHyq4qpAwwIARUAAIhCcAHAAQY=&rs=AOn4CLCaIlGAbyV9NTV0jlWShoMN3DIxlQ","Rahasia tukang berbuah agar tanamannya berbuah","shorts","https://www.youtube.com/shorts/zljYIDzwfuU","14553"
