﻿"facebookId","facebookUrl","feedbackId","inputUrl","likes","pageName","postId","sharedPost/media/0/__isMedia","sharedPost/media/0/__typename","sharedPost/media/0/accent_color","sharedPost/media/0/id","sharedPost/media/0/ocrText","sharedPost/media/0/photo_image/height","sharedPost/media/0/photo_image/uri","sharedPost/media/0/photo_image/width","sharedPost/media/0/thumbnail","sharedPost/media/0/url","sharedPost/pageName/id","sharedPost/pageName/name","sharedPost/pageName/profilePic","sharedPost/pageName/profileUrl","sharedPost/text","sharedPost/time","sharedPost/timestamp","sharedPost/url","sharedPost/user/id","sharedPost/user/name","sharedPost/user/profilePic","sharedPost/user/profileUrl","shares","text","time","timestamp","topLevelUrl","url","user/id","user/name","user/profilePic","user/profileUrl"
"pfbid0tA1bAbsgQsYQdq69o3qegCVLS7LF1KBuNaaXeyK3hCBmrbiMBGSSk3QkFw34Uo4hl","https://www.facebook.com/profile.php?id=100021050502054","ZmVlZGJhY2s6MTQ2NjY1NDU2MDcxMjg4MA==","https://www.facebook.com/profile.php?id=100021050502054","3","people","1466654560712880","Photo","Photo","FFD8E6C2","431390549956754","May be an image of text","640","https://scontent-lga3-2.xx.fbcdn.net/v/t39.30808-6/460162615_18279374605237373_4921446016670145479_n.jpg?stp=dst-jpg_s640x640&_nc_cat=100&ccb=1-7&_nc_sid=127cfc&_nc_ohc=cX3qszHZXwgQ7kNvgEUsx3B&_nc_ht=scontent-lga3-2.xx&_nc_gid=Aq13r5xMNaah4w3dUYPl03b&oh=00_AYAqtcCFSf2fL_Kv_XwlAvfblpRMFKWX7ZHZ05AsbtGEJg&oe=66EEE486","512","https://scontent-lga3-2.xx.fbcdn.net/v/t39.30808-6/460162615_18279374605237373_4921446016670145479_n.jpg?stp=dst-jpg_s640x640&_nc_cat=100&ccb=1-7&_nc_sid=127cfc&_nc_ohc=cX3qszHZXwgQ7kNvgEUsx3B&_nc_ht=scontent-lga3-2.xx&_nc_gid=Aq13r5xMNaah4w3dUYPl03b&oh=00_AYAqtcCFSf2fL_Kv_XwlAvfblpRMFKWX7ZHZ05AsbtGEJg&oe=66EEE486","https://www.facebook.com/photo/?fbid=431390549956754&set=a.198227859939692","100092574371351","Bintang Asia","https://scontent-lga3-2.xx.fbcdn.net/v/t39.30808-1/372838685_190250977404047_8864432718888205703_n.jpg?stp=c35.73.857.857a_cp0_dst-jpg_s40x40&_nc_cat=105&ccb=1-7&_nc_sid=f4b9fd&_nc_ohc=Ab3cZU2K1cIQ7kNvgFpTO20&_nc_ht=scontent-lga3-2.xx&_nc_gid=Aq13r5xMNaah4w3dUYPl03b&oh=00_AYAh3x3ZxQAmhevwlkE0OBzUzi1hL3yxw19W7UjTSgJotQ&oe=66EF072C","https://www.facebook.com/people/Bintang-Asia/100092574371351/","Selamat Memperingati Maulid Nabi Muhammad SAW.

Semoga kita selalu berikhtiar meneladani akhlak Rasulullah dalam kehidupan sehari-hari untuk terus berkelanjutan menebarkan berbagai benih kebaikan yang penuh berkah.

#maulid
#nabi #rasul
#MaulidNabiMuhammad
#suksesbersamabintangasia #benihcitraasia #bintangasia","2024-09-15T14:49:57.000Z","1726411797","https://www.facebook.com/permalink.php?story_fbid=pfbid06FaTmmC3gzQ9PzXzPUYQTS8v1inoNRjZ4g5xkLN9eYTuvp5F6WhgCS4i2v9ZtK6Dl&id=100092574371351","100092574371351","Bintang Asia","https://scontent-lga3-2.xx.fbcdn.net/v/t39.30808-1/372838685_190250977404047_8864432718888205703_n.jpg?stp=c35.73.857.857a_cp0_dst-jpg_s40x40&_nc_cat=105&ccb=1-7&_nc_sid=f4b9fd&_nc_ohc=Ab3cZU2K1cIQ7kNvgFpTO20&_nc_ht=scontent-lga3-2.xx&_nc_gid=Aq13r5xMNaah4w3dUYPl03b&oh=00_AYAh3x3ZxQAmhevwlkE0OBzUzi1hL3yxw19W7UjTSgJotQ&oe=66EF072C","https://www.facebook.com/people/Bintang-Asia/100092574371351/","0","Shollu Alannabi Muhammad 😇","2024-09-16T03:24:26.000Z","1726457066","https://www.facebook.com/pfbid0tA1bAbsgQsYQdq69o3qegCVLS7LF1KBuNaaXeyK3hCBmrbiMBGSSk3QkFw34Uo4hl/posts/1466654560712880","https://www.facebook.com/permalink.php?story_fbid=pfbid0uHKS5oCuaSdQCsJN93BddVeiTfgBb13V8gmzZNBqcqcDEjFTJzHvKPfB8V8PZ5FUl&id=100021050502054","pfbid0tA1bAbsgQsYQdq69o3qegCVLS7LF1KBuNaaXeyK3hCBmrbiMBGSSk3QkFw34Uo4hl","Sain Muhammad Alfian","https://scontent-lga3-2.xx.fbcdn.net/v/t39.30808-1/452236782_1430351004343236_429209480021872887_n.jpg?stp=cp0_dst-jpg_s40x40&_nc_cat=109&ccb=1-7&_nc_sid=0ecb9b&_nc_ohc=3HyP0B_zplIQ7kNvgHepyH5&_nc_ht=scontent-lga3-2.xx&_nc_gid=Aq13r5xMNaah4w3dUYPl03b&oh=00_AYDRLMgTRH0yJ5HADyJU127siSf1j40gc1v2AGFjty5POQ&oe=66EF01AA","https://www.facebook.com/people/Sain-Muhammad-Alfian/pfbid0tA1bAbsgQsYQdq69o3qegCVLS7LF1KBuNaaXeyK3hCBmrbiMBGSSk3QkFw34Uo4hl/"
