﻿"author","authorIsChannelOwner","channelId","channelName","channelUrl","cid","comment","comments","commentsCount","commentsTurnedOff","date","descriptionLinks","descriptionLinks/0/text","descriptionLinks/0/url","descriptionLinks/1/text","descriptionLinks/1/url","descriptionLinks/2/text","descriptionLinks/2/url","descriptionLinks/3/text","descriptionLinks/3/url","descriptionLinks/4/text","descriptionLinks/4/url","descriptionLinks/5/text","descriptionLinks/5/url","descriptionLinks/6/text","descriptionLinks/6/url","descriptionLinks/7/text","descriptionLinks/7/url","duration","hasCreatorHeart","id","isMonetized","likes","location","numberOfSubscribers","pageUrl","publishedTimeText","replyCount","replyToCid","subtitles","text","thumbnailUrl","title","type","url","videoId","viewCount","voteCount"
,,"UChl0FvQJ5_1CmPCSzikU_Uw","infarm id","https://www.youtube.com/@infarmid",,,,"38",,"2024-10-03T00:00:00.000Z",,,,,,,,,,,,,,,,,,,,"hE-bkzh5fN8",,"708",,,,,,,,,,"Nanam sayuran nempel ditembok","shorts","https://www.youtube.com/shorts/hE-bkzh5fN8",,"15890",
,,"UChl0FvQJ5_1CmPCSzikU_Uw","infarm id","https://www.youtube.com/@infarmid",,,,"44",,"2024-10-01T00:00:00.000Z",,,,,,,,,,,,,,,,,,,,"uQC62yvULKg",,"701",,,,,,,,,,"Tanaman yang katanya bisa usir jin","shorts","https://www.youtube.com/shorts/uQC62yvULKg",,"20064",
,,"UChl0FvQJ5_1CmPCSzikU_Uw","infarm id","https://www.youtube.com/@infarmid",,,,"1",,"2024-10-06T00:00:00.000Z",,,,,,,,,,,,,,,,,,,,"9ZycM6Dl5Lg",,"113",,,,,,,,,,"Bikin hidroponik dari sampah galon","shorts","https://www.youtube.com/shorts/9ZycM6Dl5Lg",,"885",
,,"UChl0FvQJ5_1CmPCSzikU_Uw","infarm id","https://www.youtube.com/@infarmid",,,,"46",,"2024-10-04T09:23:24.000Z",,,,,,,,,,,,,,,,,,,,"sK9AqGd6Yvs",,"882",,,,,,,,,,"Trik gundulin cabai biar berbuah lebat","shorts","https://www.youtube.com/shorts/sK9AqGd6Yvs",,"15362",
"@juragansolder4340","false",,,,"UgzPSxctQg__LUk8Znl4AaABAg","Benih sayur blm ada kah",,"1",,,,,,,,,,,,,,,,,,,,,"false",,,,,,"https://www.youtube.com/watch?v=Iskn5j3jWpY","2 days ago","0",,,,,"infarm id sedang live sekarang!","comment",,"Iskn5j3jWpY",,"0"
,,"UChl0FvQJ5_1CmPCSzikU_Uw","infarm id","https://www.youtube.com/@infarmid",,,,"0","false","2024-10-04T06:27:44.000Z",,"https://infarm.id/","https://infarm.id/","https://infarm.id/chat/infarmcs","https://infarm.id/chat/infarmcs","https://www.lazada.co.id/shop/infarmid","https://www.lazada.co.id/shop/infarmid","https://shopee.co.id/infarmofficialshop","https://shopee.co.id/infarmofficialshop","https://www.tokopedia.com/infarm","https://www.tokopedia.com/infarm","  / infarmkatalog  ","https://www.instagram.com/infarmkatalog/","  / infarm.id  ","https://www.instagram.com/infarm.id/","  / masbon.infarm  ","https://www.instagram.com/masbon.infarm/","00:05:08",,"Cm65LCP-LQo",,"5",,"364000",,,,,,"Support terus channel  Infarm
FOLLOW - SHARE - SUBSCRIBE

Artikel di : https://infarm.id/
Konsultasi Produk : https://infarm.id/chat/infarmcs

Belanja lewat
Lazada : https://www.lazada.co.id/shop/infarmid
Shopee : https://shopee.co.id/infarmofficialshop
https://www.tokopedia.com/infarm

Katalog di
  / infarmkatalog  

Follow Tips Berkebun di 
  / infarm.id  
  / masbon.infarm  ","https://i.ytimg.com/vi/Cm65LCP-LQo/maxresdefault.jpg?sqp=-oaymwEmCIAKENAF8quKqQMa8AEB-AHOBYACgAqKAgwIABABGCAgZSgtMA8=&rs=AOn4CLCWoON_tLofy4XZ9vXKXkMJKQ45MA","Live Stream infarm id","stream","https://www.youtube.com/watch?v=Cm65LCP-LQo",,"105",
,,"UChl0FvQJ5_1CmPCSzikU_Uw","infarm id","https://www.youtube.com/@infarmid",,,,"0","false","2024-10-04T16:40:10.000Z",,"https://infarm.id/","https://infarm.id/","https://infarm.id/chat/infarmcs","https://infarm.id/chat/infarmcs","https://www.lazada.co.id/shop/infarmid","https://www.lazada.co.id/shop/infarmid","https://shopee.co.id/infarmofficialshop","https://shopee.co.id/infarmofficialshop","https://www.tokopedia.com/infarm","https://www.tokopedia.com/infarm","  / infarmkatalog  ","https://www.instagram.com/infarmkatalog/","  / infarm.id  ","https://www.instagram.com/infarm.id/","  / masbon.infarm  ","https://www.instagram.com/masbon.infarm/","01:00:15",,"QKbb5jJFvTw",,"15",,"364000",,,,,,"Support terus channel  Infarm
FOLLOW - SHARE - SUBSCRIBE

Artikel di : https://infarm.id/
Konsultasi Produk : https://infarm.id/chat/infarmcs

Belanja lewat
Lazada : https://www.lazada.co.id/shop/infarmid
Shopee : https://shopee.co.id/infarmofficialshop
https://www.tokopedia.com/infarm

Katalog di
  / infarmkatalog  

Follow Tips Berkebun di 
  / infarm.id  
  / masbon.infarm  ","https://i.ytimg.com/vi/QKbb5jJFvTw/hqdefault.jpg","infarm id sedang live sekarang!","stream","https://www.youtube.com/watch?v=QKbb5jJFvTw",,"1062",
"@Indonesia_garudaku","false",,,,"Ugzw-MvCwcbofF4IpSB4AaABAg","Kak bagi bagi pupuk gratis ke suskreber nya dong ya terutama ke aku 😅",,"1",,,,,,,,,,,,,,,,,,,,,"false",,,,,,"https://www.youtube.com/watch?v=vnHhtkmj8ag","3 days ago","0",,,,,"infarm id sedang live sekarang!","comment",,"vnHhtkmj8ag",,"1"
