﻿"channelAvatarUrl","channelBannerUrl","channelDescription","channelDescriptionLinks/0/text","channelDescriptionLinks/0/url","channelDescriptionLinks/1/text","channelDescriptionLinks/1/url","channelDescriptionLinks/2/text","channelDescriptionLinks/2/url","channelDescriptionLinks/3/text","channelDescriptionLinks/3/url","channelId","channelJoinedDate","channelLocation","channelName","channelTotalVideos","channelTotalViews","channelUrl","comments","commentsCount","commentsTurnedOff","date","descriptionLinks","descriptionLinks/0/text","descriptionLinks/0/url","descriptionLinks/1/text","descriptionLinks/1/url","descriptionLinks/2/text","descriptionLinks/2/url","descriptionLinks/3/text","descriptionLinks/3/url","descriptionLinks/4/text","descriptionLinks/4/url","descriptionLinks/5/text","descriptionLinks/5/url","descriptionLinks/6/text","descriptionLinks/6/url","descriptionLinks/7/text","descriptionLinks/7/url","duration","fromYTUrl","id","inputChannelUrl","isAgeRestricted","isChannelVerified","isMonetized","likes","location","numberOfSubscribers","order","subtitles","text","thumbnailUrl","title","type","url","viewCount"
"https://yt3.googleusercontent.com/ytc/AIdro_ljVCUnlbr67HN8PMqsVQ84cWvK-I4RigUxvZVbe5H1ZQ=s160-c-k-c0x00ffffff-no-rj","https://yt3.googleusercontent.com/afPoy1zE-yBTfvjqw2FngNP3ym2dGeP7AReU7khT2SIbzMj9PNCNEKoxsNJc4NDzO9dchVGLHQ=w2560-fcrop64=1,00005a57ffffa5a8-k-c0xffffffff-no-nd-rj","Chanel yang akan membahas secara dalam tentang Rumah, Kebun, dan Taman","Shopee","https://shopee.co.id/infarmofficialshop","Instagram","https://www.instagram.com/infarm.id/","Tiktok","https://www.tiktok.com/@infarmid","Lazada ","https://s.lazada.co.id/l.1hRr","UChl0FvQJ5_1CmPCSzikU_Uw","Jun 23, 2019","Indonesia","infarm id","829","158114375","https://www.youtube.com/channel/UChl0FvQJ5_1CmPCSzikU_Uw",,"44",,"2024-10-01T00:00:00.000Z",,,,,,,,,,,,,,,,,,,"https://www.youtube.com/@infarmid/shorts","uQC62yvULKg","https://www.youtube.com/@infarmid","false","false",,"701",,"364000","3",,,"https://i.ytimg.com/vi/uQC62yvULKg/oardefault.jpg?sqp=-oaymwEdCJUDENAFSFWQAgHyq4qpAwwIARUAAIhCcAHAAQY=&rs=AOn4CLBwtpF-rfY0jfJhgkdiKRTvIzSu7g","Tanaman yang katanya bisa usir jin","shorts","https://www.youtube.com/shorts/uQC62yvULKg","20060"
"https://yt3.googleusercontent.com/ytc/AIdro_ljVCUnlbr67HN8PMqsVQ84cWvK-I4RigUxvZVbe5H1ZQ=s160-c-k-c0x00ffffff-no-rj","https://yt3.googleusercontent.com/afPoy1zE-yBTfvjqw2FngNP3ym2dGeP7AReU7khT2SIbzMj9PNCNEKoxsNJc4NDzO9dchVGLHQ=w2560-fcrop64=1,00005a57ffffa5a8-k-c0xffffffff-no-nd-rj","Chanel yang akan membahas secara dalam tentang Rumah, Kebun, dan Taman","Shopee","https://shopee.co.id/infarmofficialshop","Instagram","https://www.instagram.com/infarm.id/","Tiktok","https://www.tiktok.com/@infarmid","Lazada ","https://s.lazada.co.id/l.1hRr","UChl0FvQJ5_1CmPCSzikU_Uw","Jun 23, 2019","Indonesia","infarm id","829","158114375","https://www.youtube.com/channel/UChl0FvQJ5_1CmPCSzikU_Uw",,"1",,"2024-10-07T04:35:52.000Z",,,,,,,,,,,,,,,,,,,"https://www.youtube.com/@infarmid/shorts","9ZycM6Dl5Lg","https://www.youtube.com/@infarmid","false","false",,"96",,"364000","0",,,"https://i.ytimg.com/vi/9ZycM6Dl5Lg/oardefault.jpg?sqp=-oaymwEdCJUDENAFSFWQAgHyq4qpAwwIARUAAIhCcAHAAQY=&rs=AOn4CLBg9na50rxsEPDbaVFl1jSfO9MAYg","Bikin hidroponik dari sampah galon","shorts","https://www.youtube.com/shorts/9ZycM6Dl5Lg","716"
"https://yt3.googleusercontent.com/ytc/AIdro_ljVCUnlbr67HN8PMqsVQ84cWvK-I4RigUxvZVbe5H1ZQ=s160-c-k-c0x00ffffff-no-rj","https://yt3.googleusercontent.com/afPoy1zE-yBTfvjqw2FngNP3ym2dGeP7AReU7khT2SIbzMj9PNCNEKoxsNJc4NDzO9dchVGLHQ=w2560-fcrop64=1,00005a57ffffa5a8-k-c0xffffffff-no-nd-rj","Chanel yang akan membahas secara dalam tentang Rumah, Kebun, dan Taman","Shopee","https://shopee.co.id/infarmofficialshop","Instagram","https://www.instagram.com/infarm.id/","Tiktok","https://www.tiktok.com/@infarmid","Lazada ","https://s.lazada.co.id/l.1hRr","UChl0FvQJ5_1CmPCSzikU_Uw","Jun 23, 2019","Indonesia","infarm id","829","158114375","https://www.youtube.com/channel/UChl0FvQJ5_1CmPCSzikU_Uw",,"1","false","2024-10-03T09:01:54.000Z",,"https://infarm.id/","https://infarm.id/","https://infarm.id/chat/infarmcs","https://infarm.id/chat/infarmcs","https://www.lazada.co.id/shop/infarmid","https://www.lazada.co.id/shop/infarmid","https://shopee.co.id/infarmofficialshop","https://shopee.co.id/infarmofficialshop","https://www.tokopedia.com/infarm","https://www.tokopedia.com/infarm","  / infarmkatalog  ","https://www.instagram.com/infarmkatalog/","  / infarm.id  ","https://www.instagram.com/infarm.id/","  / masbon.infarm  ","https://www.instagram.com/masbon.infarm/","00:07:55","https://www.youtube.com/@infarmid/streams","vnHhtkmj8ag","https://www.youtube.com/@infarmid","false","false",,"16",,"364000",,,"Support terus channel  Infarm
FOLLOW - SHARE - SUBSCRIBE

Artikel di : https://infarm.id/
Konsultasi Produk : https://infarm.id/chat/infarmcs

Belanja lewat
Lazada : https://www.lazada.co.id/shop/infarmid
Shopee : https://shopee.co.id/infarmofficialshop
https://www.tokopedia.com/infarm

Katalog di
  / infarmkatalog  

Follow Tips Berkebun di 
  / infarm.id  
  / masbon.infarm  ","https://i.ytimg.com/vi/vnHhtkmj8ag/maxresdefault.jpg","infarm id sedang live sekarang!","stream","https://www.youtube.com/watch?v=vnHhtkmj8ag","308"
"https://yt3.googleusercontent.com/ytc/AIdro_ljVCUnlbr67HN8PMqsVQ84cWvK-I4RigUxvZVbe5H1ZQ=s160-c-k-c0x00ffffff-no-rj","https://yt3.googleusercontent.com/afPoy1zE-yBTfvjqw2FngNP3ym2dGeP7AReU7khT2SIbzMj9PNCNEKoxsNJc4NDzO9dchVGLHQ=w2560-fcrop64=1,00005a57ffffa5a8-k-c0xffffffff-no-nd-rj","Chanel yang akan membahas secara dalam tentang Rumah, Kebun, dan Taman","Shopee","https://shopee.co.id/infarmofficialshop","Instagram","https://www.instagram.com/infarm.id/","Tiktok","https://www.tiktok.com/@infarmid","Lazada ","https://s.lazada.co.id/l.1hRr","UChl0FvQJ5_1CmPCSzikU_Uw","Jun 23, 2019","Indonesia","infarm id","829","158114375","https://www.youtube.com/channel/UChl0FvQJ5_1CmPCSzikU_Uw",,"0","false","2024-10-04T16:40:10.000Z",,"https://infarm.id/","https://infarm.id/","https://infarm.id/chat/infarmcs","https://infarm.id/chat/infarmcs","https://www.lazada.co.id/shop/infarmid","https://www.lazada.co.id/shop/infarmid","https://shopee.co.id/infarmofficialshop","https://shopee.co.id/infarmofficialshop","https://www.tokopedia.com/infarm","https://www.tokopedia.com/infarm","  / infarmkatalog  ","https://www.instagram.com/infarmkatalog/","  / infarm.id  ","https://www.instagram.com/infarm.id/","  / masbon.infarm  ","https://www.instagram.com/masbon.infarm/","01:00:15","https://www.youtube.com/@infarmid/streams","QKbb5jJFvTw","https://www.youtube.com/@infarmid","false","false",,"15",,"364000",,,"Support terus channel  Infarm
FOLLOW - SHARE - SUBSCRIBE

Artikel di : https://infarm.id/
Konsultasi Produk : https://infarm.id/chat/infarmcs

Belanja lewat
Lazada : https://www.lazada.co.id/shop/infarmid
Shopee : https://shopee.co.id/infarmofficialshop
https://www.tokopedia.com/infarm

Katalog di
  / infarmkatalog  

Follow Tips Berkebun di 
  / infarm.id  
  / masbon.infarm  ","https://i.ytimg.com/vi/QKbb5jJFvTw/hqdefault.jpg","infarm id sedang live sekarang!","stream","https://www.youtube.com/watch?v=QKbb5jJFvTw","1062"
"https://yt3.googleusercontent.com/ytc/AIdro_ljVCUnlbr67HN8PMqsVQ84cWvK-I4RigUxvZVbe5H1ZQ=s160-c-k-c0x00ffffff-no-rj","https://yt3.googleusercontent.com/afPoy1zE-yBTfvjqw2FngNP3ym2dGeP7AReU7khT2SIbzMj9PNCNEKoxsNJc4NDzO9dchVGLHQ=w2560-fcrop64=1,00005a57ffffa5a8-k-c0xffffffff-no-nd-rj","Chanel yang akan membahas secara dalam tentang Rumah, Kebun, dan Taman","Shopee","https://shopee.co.id/infarmofficialshop","Instagram","https://www.instagram.com/infarm.id/","Tiktok","https://www.tiktok.com/@infarmid","Lazada ","https://s.lazada.co.id/l.1hRr","UChl0FvQJ5_1CmPCSzikU_Uw","Jun 23, 2019","Indonesia","infarm id","829","158114375","https://www.youtube.com/channel/UChl0FvQJ5_1CmPCSzikU_Uw",,"1","false","2024-10-04T20:56:39.000Z",,"https://infarm.id/","https://infarm.id/","https://infarm.id/chat/infarmcs","https://infarm.id/chat/infarmcs","https://www.lazada.co.id/shop/infarmid","https://www.lazada.co.id/shop/infarmid","https://shopee.co.id/infarmofficialshop","https://shopee.co.id/infarmofficialshop","https://www.tokopedia.com/infarm","https://www.tokopedia.com/infarm","  / infarmkatalog  ","https://www.instagram.com/infarmkatalog/","  / infarm.id  ","https://www.instagram.com/infarm.id/","  / masbon.infarm  ","https://www.instagram.com/masbon.infarm/","02:06:59","https://www.youtube.com/@infarmid/streams","Iskn5j3jWpY","https://www.youtube.com/@infarmid","false","false",,"17",,"364000",,,"Support terus channel  Infarm
FOLLOW - SHARE - SUBSCRIBE

Artikel di : https://infarm.id/
Konsultasi Produk : https://infarm.id/chat/infarmcs

Belanja lewat
Lazada : https://www.lazada.co.id/shop/infarmid
Shopee : https://shopee.co.id/infarmofficialshop
https://www.tokopedia.com/infarm

Katalog di
  / infarmkatalog  

Follow Tips Berkebun di 
  / infarm.id  
  / masbon.infarm  ","https://i.ytimg.com/vi/Iskn5j3jWpY/maxresdefault.jpg","infarm id sedang live sekarang!","stream","https://www.youtube.com/watch?v=Iskn5j3jWpY","1514"
"https://yt3.googleusercontent.com/ytc/AIdro_ljVCUnlbr67HN8PMqsVQ84cWvK-I4RigUxvZVbe5H1ZQ=s160-c-k-c0x00ffffff-no-rj","https://yt3.googleusercontent.com/afPoy1zE-yBTfvjqw2FngNP3ym2dGeP7AReU7khT2SIbzMj9PNCNEKoxsNJc4NDzO9dchVGLHQ=w2560-fcrop64=1,00005a57ffffa5a8-k-c0xffffffff-no-nd-rj","Chanel yang akan membahas secara dalam tentang Rumah, Kebun, dan Taman","Shopee","https://shopee.co.id/infarmofficialshop","Instagram","https://www.instagram.com/infarm.id/","Tiktok","https://www.tiktok.com/@infarmid","Lazada ","https://s.lazada.co.id/l.1hRr","UChl0FvQJ5_1CmPCSzikU_Uw","Jun 23, 2019","Indonesia","infarm id","829","158114375","https://www.youtube.com/channel/UChl0FvQJ5_1CmPCSzikU_Uw",,"0","false","2024-10-04T06:27:44.000Z",,"https://infarm.id/","https://infarm.id/","https://infarm.id/chat/infarmcs","https://infarm.id/chat/infarmcs","https://www.lazada.co.id/shop/infarmid","https://www.lazada.co.id/shop/infarmid","https://shopee.co.id/infarmofficialshop","https://shopee.co.id/infarmofficialshop","https://www.tokopedia.com/infarm","https://www.tokopedia.com/infarm","  / infarmkatalog  ","https://www.instagram.com/infarmkatalog/","  / infarm.id  ","https://www.instagram.com/infarm.id/","  / masbon.infarm  ","https://www.instagram.com/masbon.infarm/","00:05:08","https://www.youtube.com/@infarmid/streams","Cm65LCP-LQo","https://www.youtube.com/@infarmid","false","false",,"5",,"364000",,,"Support terus channel  Infarm
FOLLOW - SHARE - SUBSCRIBE

Artikel di : https://infarm.id/
Konsultasi Produk : https://infarm.id/chat/infarmcs

Belanja lewat
Lazada : https://www.lazada.co.id/shop/infarmid
Shopee : https://shopee.co.id/infarmofficialshop
https://www.tokopedia.com/infarm

Katalog di
  / infarmkatalog  

Follow Tips Berkebun di 
  / infarm.id  
  / masbon.infarm  ","https://i.ytimg.com/vi/Cm65LCP-LQo/maxresdefault.jpg?sqp=-oaymwEmCIAKENAF8quKqQMa8AEB-AHOBYACgAqKAgwIABABGCAgZSgtMA8=&rs=AOn4CLCWoON_tLofy4XZ9vXKXkMJKQ45MA","Live Stream infarm id","stream","https://www.youtube.com/watch?v=Cm65LCP-LQo","105"
"https://yt3.googleusercontent.com/ytc/AIdro_ljVCUnlbr67HN8PMqsVQ84cWvK-I4RigUxvZVbe5H1ZQ=s160-c-k-c0x00ffffff-no-rj","https://yt3.googleusercontent.com/afPoy1zE-yBTfvjqw2FngNP3ym2dGeP7AReU7khT2SIbzMj9PNCNEKoxsNJc4NDzO9dchVGLHQ=w2560-fcrop64=1,00005a57ffffa5a8-k-c0xffffffff-no-nd-rj","Chanel yang akan membahas secara dalam tentang Rumah, Kebun, dan Taman","Shopee","https://shopee.co.id/infarmofficialshop","Instagram","https://www.instagram.com/infarm.id/","Tiktok","https://www.tiktok.com/@infarmid","Lazada ","https://s.lazada.co.id/l.1hRr","UChl0FvQJ5_1CmPCSzikU_Uw","Jun 23, 2019","Indonesia","infarm id","829","158114375","https://www.youtube.com/channel/UChl0FvQJ5_1CmPCSzikU_Uw",,"46",,"2024-10-04T09:23:24.000Z",,,,,,,,,,,,,,,,,,,"https://www.youtube.com/@infarmid/shorts","sK9AqGd6Yvs","https://www.youtube.com/@infarmid","false","false",,"881",,"364000","1",,,"https://i.ytimg.com/vi/sK9AqGd6Yvs/oardefault.jpg?sqp=-oaymwEdCJUDENAFSFWQAgHyq4qpAwwIARUAAIhCcAHAAQY=&rs=AOn4CLDyOel8uNvjewTFvYUFgKQuvVEPhw","Trik gundulin cabai biar berbuah lebat","shorts","https://www.youtube.com/shorts/sK9AqGd6Yvs","15328"
"https://yt3.googleusercontent.com/ytc/AIdro_ljVCUnlbr67HN8PMqsVQ84cWvK-I4RigUxvZVbe5H1ZQ=s160-c-k-c0x00ffffff-no-rj","https://yt3.googleusercontent.com/afPoy1zE-yBTfvjqw2FngNP3ym2dGeP7AReU7khT2SIbzMj9PNCNEKoxsNJc4NDzO9dchVGLHQ=w2560-fcrop64=1,00005a57ffffa5a8-k-c0xffffffff-no-nd-rj","Chanel yang akan membahas secara dalam tentang Rumah, Kebun, dan Taman","Shopee","https://shopee.co.id/infarmofficialshop","Instagram","https://www.instagram.com/infarm.id/","Tiktok","https://www.tiktok.com/@infarmid","Lazada ","https://s.lazada.co.id/l.1hRr","UChl0FvQJ5_1CmPCSzikU_Uw","Jun 23, 2019","Indonesia","infarm id","829","158114375","https://www.youtube.com/channel/UChl0FvQJ5_1CmPCSzikU_Uw",,"38",,"2024-10-03T15:06:59.000Z",,,,,,,,,,,,,,,,,,,"https://www.youtube.com/@infarmid/shorts","hE-bkzh5fN8","https://www.youtube.com/@infarmid","false","false",,"709",,"364000","2",,,"https://i.ytimg.com/vi/hE-bkzh5fN8/oardefault.jpg?sqp=-oaymwEdCJUDENAFSFWQAgHyq4qpAwwIARUAAIhCcAHAAQY=&rs=AOn4CLA1n453_ncxaMGtbas_0zD1d0w1Gg","Nanam sayuran nempel ditembok","shorts","https://www.youtube.com/shorts/hE-bkzh5fN8","15880"
