﻿"attachments/0/style_list/0","attachments/0/style_list/1","attachments/0/style_list/2","attachments/0/style_list/3","attachments/0/style_list/4","commentUrl","commentsCount","date","error","errorDescription","facebookId","facebookUrl","feedbackId","id","inputUrl","likesCount","postTitle","profileId","profileName","profilePicture","profileUrl","text","url"
,,,,,,,,"not_available","This content isn't available because the owner only shared it with a small group of people or changed who can see it, or it's been deleted.",,,,,,,,,,,,,"https://www.facebook.com/100007578522755/posts/8222828061139493"
,,,,,,,,"not_available","This content isn't available because the owner only shared it with a small group of people or changed who can see it, or it's been deleted.",,,,,,,,,,,,,"https://www.facebook.com/100007578522755/posts/8215882831834016"
,,,,,"https://www.facebook.com/100007578522755/posts/3771477706448143?comment_id=1781000062649439","1","2024-09-17T15:04:46.000Z",,,"3771477706448143","https://www.facebook.com/100007578522755/posts/3771477706448143","ZmVlZGJhY2s6Mzc3MTQ3NzcwNjQ0ODE0M18xNzgxMDAwMDYyNjQ5NDM5","Y29tbWVudDozNzcxNDc3NzA2NDQ4MTQzXzE3ODEwMDAwNjI2NDk0Mzk=","https://www.facebook.com/100007578522755/posts/3771477706448143","1","Ngobrol santai Bersama Petani kacang Panjang Panzer Bintang Asia

Yok tanam kacang panjang panzer dari bintang asia 
Kacang panjang polong keras.
Warna...","pfbid0fRKBJzVCktckDSGyopQFEGTUux35tA9sr8qmsX2oKthGpkgD2mQf2z8ndhYQLGqMl","Sah Dan","https://scontent-atl3-2.xx.fbcdn.net/v/t39.30808-1/437743150_758515096369337_7850406246552584830_n.jpg?stp=cp0_dst-jpg_s32x32&_nc_cat=102&ccb=1-7&_nc_sid=0ecb9b&_nc_ohc=1T9RKIh5r_YQ7kNvgHxXyde&_nc_ht=scontent-atl3-2.xx&_nc_gid=AjVUl6fIS7OO_c5UGHkJwO9&oh=00_AYAsnJZ-IJkIV9PgBd4yoyEkgWAwNbFGJevypfoGaB9RZw&oe=66F038A1","https://www.facebook.com/sah.dan.50767984","Kacang panjang panzer memang mantap booss",
,,,,,"https://www.facebook.com/100007578522755/posts/3771477706448143?comment_id=1062122828912844","1","2024-09-18T01:21:18.000Z",,,"3771477706448143","https://www.facebook.com/100007578522755/posts/3771477706448143","ZmVlZGJhY2s6Mzc3MTQ3NzcwNjQ0ODE0M18xMDYyMTIyODI4OTEyODQ0","Y29tbWVudDozNzcxNDc3NzA2NDQ4MTQzXzEwNjIxMjI4Mjg5MTI4NDQ=","https://www.facebook.com/100007578522755/posts/3771477706448143","1","Ngobrol santai Bersama Petani kacang Panjang Panzer Bintang Asia

Yok tanam kacang panjang panzer dari bintang asia 
Kacang panjang polong keras.
Warna...","pfbid02VxCrXzRKKhYBdMXiFn5gepchu4z2nd2zCKHAZTurVoJ7k9p3yxRxEcbthwCvudgTl","Opeq Bintang Asia","https://scontent-atl3-1.xx.fbcdn.net/v/t39.30808-1/440808755_122106493232287865_6230265854575499414_n.jpg?stp=cp0_dst-jpg_s32x32&_nc_cat=108&ccb=1-7&_nc_sid=0ecb9b&_nc_ohc=frMjR67Jbn0Q7kNvgHy8s6l&_nc_ht=scontent-atl3-1.xx&_nc_gid=AjVUl6fIS7OO_c5UGHkJwO9&oh=00_AYAIFpGHw9IrzRyJQcLbeSazYZQ3a8-DGZqxw_4NseJ-Tg&oe=66F04DAE","https://www.facebook.com/people/Opeq-Bintang-Asia/pfbid02VxCrXzRKKhYBdMXiFn5gepchu4z2nd2zCKHAZTurVoJ7k9p3yxRxEcbthwCvudgTl/","Mantap panzer
selalu jaya bintang asia",
"sticker","fallback",,,,"https://www.facebook.com/100007578522755/posts/3771477706448143?comment_id=539061771956117","1","2024-09-17T23:35:19.000Z",,,"3771477706448143","https://www.facebook.com/100007578522755/posts/3771477706448143","ZmVlZGJhY2s6Mzc3MTQ3NzcwNjQ0ODE0M181MzkwNjE3NzE5NTYxMTc=","Y29tbWVudDozNzcxNDc3NzA2NDQ4MTQzXzUzOTA2MTc3MTk1NjExNw==","https://www.facebook.com/100007578522755/posts/3771477706448143","1","Ngobrol santai Bersama Petani kacang Panjang Panzer Bintang Asia

Yok tanam kacang panjang panzer dari bintang asia 
Kacang panjang polong keras.
Warna...","100064703653666","Alfian Semangka","https://scontent-atl3-2.xx.fbcdn.net/v/t39.30808-1/457461082_927036622796451_3885141560709375623_n.jpg?stp=cp0_dst-jpg_s32x32&_nc_cat=101&ccb=1-7&_nc_sid=50d2ac&_nc_ohc=C5Ef0Z831mQQ7kNvgGhTE4L&_nc_ht=scontent-atl3-2.xx&_nc_gid=AjVUl6fIS7OO_c5UGHkJwO9&oh=00_AYAVCSCNY0U3ZL3hSnhDzlgeoaOkUcHG8jfI6tDmc78hoA&oe=66F0599F","https://www.facebook.com/people/Alfian-Semangka/100064703653666/",,
,,,,,"https://www.facebook.com/100007578522755/posts/3771477706448143?comment_id=1181305539765384","1","2024-09-18T04:58:13.000Z",,,"3771477706448143","https://www.facebook.com/100007578522755/posts/3771477706448143","ZmVlZGJhY2s6Mzc3MTQ3NzcwNjQ0ODE0M18xMTgxMzA1NTM5NzY1Mzg0","Y29tbWVudDozNzcxNDc3NzA2NDQ4MTQzXzExODEzMDU1Mzk3NjUzODQ=","https://www.facebook.com/100007578522755/posts/3771477706448143","1","Ngobrol santai Bersama Petani kacang Panjang Panzer Bintang Asia

Yok tanam kacang panjang panzer dari bintang asia 
Kacang panjang polong keras.
Warna...","pfbid0w9ezhKBYCUDfqS6vA66es2zF8TWkX6rkHSvEe7yAbSEXAGFX58kxpcsKKCc4xG26l","Sudi Erma","https://scontent-atl3-2.xx.fbcdn.net/v/t39.30808-1/419427262_273204245772582_4717930456739040320_n.jpg?stp=cp0_dst-jpg_s32x32&_nc_cat=102&ccb=1-7&_nc_sid=0ecb9b&_nc_ohc=d5eB89yata4Q7kNvgG-mip6&_nc_ht=scontent-atl3-2.xx&_nc_gid=AjVUl6fIS7OO_c5UGHkJwO9&oh=00_AYCi9JMubHnWjWTqNjqKekQaZEaKz9_wL_jHVLPekdlDKA&oe=66F03DBD","https://www.facebook.com/people/Sudi-Erma/pfbid0w9ezhKBYCUDfqS6vA66es2zF8TWkX6rkHSvEe7yAbSEXAGFX58kxpcsKKCc4xG26l/","Panzer sukses selalu",
,,,,,"https://www.facebook.com/100007578522755/posts/3771477706448143?comment_id=1183056099617912","1","2024-09-18T00:01:47.000Z",,,"3771477706448143","https://www.facebook.com/100007578522755/posts/3771477706448143","ZmVlZGJhY2s6Mzc3MTQ3NzcwNjQ0ODE0M18xMTgzMDU2MDk5NjE3OTEy","Y29tbWVudDozNzcxNDc3NzA2NDQ4MTQzXzExODMwNTYwOTk2MTc5MTI=","https://www.facebook.com/100007578522755/posts/3771477706448143","1","Ngobrol santai Bersama Petani kacang Panjang Panzer Bintang Asia

Yok tanam kacang panjang panzer dari bintang asia 
Kacang panjang polong keras.
Warna...","pfbid02AWB3YdmCCK69BRoZzQjob72u2m6WxiZqZVg4Pz2zseJH3CtJcuBmuwZzNE24CvVGl","Rayendra Usman","https://scontent-atl3-1.xx.fbcdn.net/v/t39.30808-1/240601576_6305020336204556_5052576351502251810_n.jpg?stp=cp0_dst-jpg_s32x32&_nc_cat=108&ccb=1-7&_nc_sid=0ecb9b&_nc_ohc=L6eoDXLHbO8Q7kNvgGetNMW&_nc_ht=scontent-atl3-1.xx&_nc_gid=AjVUl6fIS7OO_c5UGHkJwO9&oh=00_AYCxSwn-0rkta4WmEGrg4KfNwSZi-HJRD5z2Tj0QzpwKew&oe=66F039F1","https://www.facebook.com/stevenz.y.bucchy","Mantap,",
,,,,,"https://www.facebook.com/100007578522755/posts/3771477706448143?comment_id=1029688502500863","1","2024-09-17T16:14:12.000Z",,,"3771477706448143","https://www.facebook.com/100007578522755/posts/3771477706448143","ZmVlZGJhY2s6Mzc3MTQ3NzcwNjQ0ODE0M18xMDI5Njg4NTAyNTAwODYz","Y29tbWVudDozNzcxNDc3NzA2NDQ4MTQzXzEwMjk2ODg1MDI1MDA4NjM=","https://www.facebook.com/100007578522755/posts/3771477706448143","1","Ngobrol santai Bersama Petani kacang Panjang Panzer Bintang Asia

Yok tanam kacang panjang panzer dari bintang asia 
Kacang panjang polong keras.
Warna...","pfbid02x1TJMGoWGJRgMgyZLvdAahjZpZiaXsxNuPea4F1Ksi7KjWFvudENe15K8uz3Z8TTl","Sain Muhammad Alfian","https://scontent-atl3-1.xx.fbcdn.net/v/t39.30808-1/452236782_1430351004343236_429209480021872887_n.jpg?stp=cp0_dst-jpg_s32x32&_nc_cat=109&ccb=1-7&_nc_sid=0ecb9b&_nc_ohc=3HyP0B_zplIQ7kNvgG2F6VY&_nc_ht=scontent-atl3-1.xx&_nc_gid=AjVUl6fIS7OO_c5UGHkJwO9&oh=00_AYBMVeDKZVHh7wM8K6OwCAX2EAVOKRfrjU8OYuWTASqZhg&oe=66F0532A","https://www.facebook.com/people/Sain-Muhammad-Alfian/pfbid02x1TJMGoWGJRgMgyZLvdAahjZpZiaXsxNuPea4F1Ksi7KjWFvudENe15K8uz3Z8TTl/","Anjayy keren bngtt bosku",
,,,,,"https://www.facebook.com/100007578522755/posts/3771477706448143?comment_id=1215781156126463","1","2024-09-18T00:25:31.000Z",,,"3771477706448143","https://www.facebook.com/100007578522755/posts/3771477706448143","ZmVlZGJhY2s6Mzc3MTQ3NzcwNjQ0ODE0M18xMjE1NzgxMTU2MTI2NDYz","Y29tbWVudDozNzcxNDc3NzA2NDQ4MTQzXzEyMTU3ODExNTYxMjY0NjM=","https://www.facebook.com/100007578522755/posts/3771477706448143","1","Ngobrol santai Bersama Petani kacang Panjang Panzer Bintang Asia

Yok tanam kacang panjang panzer dari bintang asia 
Kacang panjang polong keras.
Warna...","pfbid0ShpSfcQFKM88p1sg129Ej2u37HzrQvDJ8YcLfdWqmwYK4Csz1Z2c8G3FhYXferA9l","Ayah Aulia","https://scontent-atl3-1.xx.fbcdn.net/v/t1.18169-1/314885_4353287392098_597057756_n.jpg?stp=cp0_dst-jpg_s32x32&_nc_cat=110&ccb=1-7&_nc_sid=e4545e&_nc_ohc=Jwvg4_7s2HoQ7kNvgF0MofP&_nc_ht=scontent-atl3-1.xx&oh=00_AYCFmX0R1pmPigoAN0PWb_96GygzAYDj8ISKv9TNEh1h9w&oe=6711D1C9",,"Wajib rame ya jualannya",
,,,,,"https://www.facebook.com/100007578522755/posts/3771477706448143?comment_id=2229399150780585","1","2024-09-17T15:34:26.000Z",,,"3771477706448143","https://www.facebook.com/100007578522755/posts/3771477706448143","ZmVlZGJhY2s6Mzc3MTQ3NzcwNjQ0ODE0M18yMjI5Mzk5MTUwNzgwNTg1","Y29tbWVudDozNzcxNDc3NzA2NDQ4MTQzXzIyMjkzOTkxNTA3ODA1ODU=","https://www.facebook.com/100007578522755/posts/3771477706448143","1","Ngobrol santai Bersama Petani kacang Panjang Panzer Bintang Asia

Yok tanam kacang panjang panzer dari bintang asia 
Kacang panjang polong keras.
Warna...","100004825651478","NiZar Bintang Asia","https://scontent-atl3-2.xx.fbcdn.net/v/t39.30808-1/438276089_2611594555678041_6997404202785061953_n.jpg?stp=cp0_dst-jpg_p32x32&_nc_cat=111&ccb=1-7&_nc_sid=50d2ac&_nc_ohc=HObVbuc0UlUQ7kNvgFKGtZp&_nc_ht=scontent-atl3-2.xx&_nc_gid=AjVUl6fIS7OO_c5UGHkJwO9&oh=00_AYChIGd7BUXG6Ku48WVlq-rol6XKs1UydnCEYy3j8umjUA&oe=66F03AEE","https://www.facebook.com/nizar.setia.3","Membara",
,,,,,"https://www.facebook.com/100007578522755/posts/3771477706448143?comment_id=1137689717724205","1","2024-09-17T23:19:35.000Z",,,"3771477706448143","https://www.facebook.com/100007578522755/posts/3771477706448143","ZmVlZGJhY2s6Mzc3MTQ3NzcwNjQ0ODE0M18xMTM3Njg5NzE3NzI0MjA1","Y29tbWVudDozNzcxNDc3NzA2NDQ4MTQzXzExMzc2ODk3MTc3MjQyMDU=","https://www.facebook.com/100007578522755/posts/3771477706448143","1","Ngobrol santai Bersama Petani kacang Panjang Panzer Bintang Asia

Yok tanam kacang panjang panzer dari bintang asia 
Kacang panjang polong keras.
Warna...","pfbid05YjW3CZSKXzm3QHwsAZE1sLFLLak9E4yGK7XD4FRZrTAftfdL3WwBE8C4LP2tEGFl","Asiono Ono","https://scontent-atl3-2.xx.fbcdn.net/v/t39.30808-1/458993664_477429218495327_6214283497097285951_n.jpg?stp=cp0_dst-jpg_s32x32&_nc_cat=105&ccb=1-7&_nc_sid=0ecb9b&_nc_ohc=Hyiqgl5_sCEQ7kNvgEuW8T8&_nc_ht=scontent-atl3-2.xx&_nc_gid=AjVUl6fIS7OO_c5UGHkJwO9&oh=00_AYDGHpaw1s3MYr9ur-oJijVSDWm9Ju-1V8VCsTlG6-J6Vg&oe=66F064AA","https://www.facebook.com/people/Asiono-Ono/pfbid05YjW3CZSKXzm3QHwsAZE1sLFLLak9E4yGK7XD4FRZrTAftfdL3WwBE8C4LP2tEGFl/","Mantapp👍👍
Benih Bintang Asia memang joss",
,,,,,"https://www.facebook.com/100007578522755/posts/3771477706448143?comment_id=1422522821761305","1","2024-09-17T22:19:29.000Z",,,"3771477706448143","https://www.facebook.com/100007578522755/posts/3771477706448143","ZmVlZGJhY2s6Mzc3MTQ3NzcwNjQ0ODE0M18xNDIyNTIyODIxNzYxMzA1","Y29tbWVudDozNzcxNDc3NzA2NDQ4MTQzXzE0MjI1MjI4MjE3NjEzMDU=","https://www.facebook.com/100007578522755/posts/3771477706448143","1","Ngobrol santai Bersama Petani kacang Panjang Panzer Bintang Asia

Yok tanam kacang panjang panzer dari bintang asia 
Kacang panjang polong keras.
Warna...","pfbid0YFmbjqikK9msJRFzRDeaZwTs3o9pUto1ToGs3Fmcps7VrXxvL6Rdm7A33S2KHzhQl","Yospiqmi Rizal Bintang Asia","https://scontent-atl3-1.xx.fbcdn.net/v/t1.18169-1/12814133_605474156274254_1255382583968893776_n.jpg?stp=cp0_dst-jpg_s32x32&_nc_cat=107&ccb=1-7&_nc_sid=e4545e&_nc_ohc=3Qupsjb9NtoQ7kNvgFEEU2_&_nc_ht=scontent-atl3-1.xx&oh=00_AYDB6InaEIDt77uuVLjG-WzhD0XMubJx3SqnuH2fK5h_cQ&oe=6711DE3C","https://www.facebook.com/yospiqmi.rizal","Mantap",
,,,,,"https://www.facebook.com/100007578522755/posts/3771477706448143?comment_id=858142796420151","1","2024-09-17T16:05:07.000Z",,,"3771477706448143","https://www.facebook.com/100007578522755/posts/3771477706448143","ZmVlZGJhY2s6Mzc3MTQ3NzcwNjQ0ODE0M184NTgxNDI3OTY0MjAxNTE=","Y29tbWVudDozNzcxNDc3NzA2NDQ4MTQzXzg1ODE0Mjc5NjQyMDE1MQ==","https://www.facebook.com/100007578522755/posts/3771477706448143","1","Ngobrol santai Bersama Petani kacang Panjang Panzer Bintang Asia

Yok tanam kacang panjang panzer dari bintang asia 
Kacang panjang polong keras.
Warna...","pfbid02gtw9PtwT1QZzH6ufi1awGtyFJ7N2xvXwotFk67kL75FEG6FzZf1Xjoc8KYV94dtJl","Wahyu Chandra","https://scontent-atl3-1.xx.fbcdn.net/v/t39.30808-1/450318151_3694605337419556_4734384493669824017_n.jpg?stp=cp0_dst-jpg_s32x32&_nc_cat=109&ccb=1-7&_nc_sid=0ecb9b&_nc_ohc=ZhimYgSek94Q7kNvgH1V3ii&_nc_ht=scontent-atl3-1.xx&_nc_gid=AjVUl6fIS7OO_c5UGHkJwO9&oh=00_AYDjbljux6TR8vDy60uUPxi8lsP8fuQ-LWgRLP3jcn5t_A&oe=66F043C3","https://www.facebook.com/wahyu.candra.56614","Mantappp pencerahannya bosqq🙌🏻🔥",
,,,,,"https://www.facebook.com/100007578522755/posts/3771477706448143?comment_id=1423819128296004",,"2024-09-17T22:44:59.000Z",,,"3771477706448143","https://www.facebook.com/100007578522755/posts/3771477706448143","ZmVlZGJhY2s6Mzc3MTQ3NzcwNjQ0ODE0M18xNDIzODE5MTI4Mjk2MDA0","Y29tbWVudDozNzcxNDc3NzA2NDQ4MTQzXzE0MjM4MTkxMjgyOTYwMDQ=","https://www.facebook.com/100007578522755/posts/3771477706448143","0","Ngobrol santai Bersama Petani kacang Panjang Panzer Bintang Asia

Yok tanam kacang panjang panzer dari bintang asia 
Kacang panjang polong keras.
Warna...","100014051404309","Wahyu Tri Utamii","https://scontent-atl3-2.xx.fbcdn.net/v/t39.30808-1/445227025_1875174232960939_2029978821269909264_n.jpg?stp=c0.24.720.720a_cp0_dst-jpg_s32x32&_nc_cat=101&ccb=1-7&_nc_sid=50d2ac&_nc_ohc=8pndvFIOdzYQ7kNvgGlVyzz&_nc_ht=scontent-atl3-2.xx&_nc_gid=AjVUl6fIS7OO_c5UGHkJwO9&oh=00_AYC3BoBcstbr1Qj_-f0Dkot3W5PuQB5ePIMlt_O6Qk2Eyw&oe=66F038A2","https://www.facebook.com/wahyutri.utamiiiii","Mantapp🤩🤩",
,,,,,"https://www.facebook.com/100007578522755/posts/3771477706448143?comment_id=521733997476855","1","2024-09-18T00:12:51.000Z",,,"3771477706448143","https://www.facebook.com/100007578522755/posts/3771477706448143","ZmVlZGJhY2s6Mzc3MTQ3NzcwNjQ0ODE0M181MjE3MzM5OTc0NzY4NTU=","Y29tbWVudDozNzcxNDc3NzA2NDQ4MTQzXzUyMTczMzk5NzQ3Njg1NQ==","https://www.facebook.com/100007578522755/posts/3771477706448143","1","Ngobrol santai Bersama Petani kacang Panjang Panzer Bintang Asia

Yok tanam kacang panjang panzer dari bintang asia 
Kacang panjang polong keras.
Warna...","1828565536","Mohammad Iqbal Agustiana","https://scontent-atl3-1.xx.fbcdn.net/v/t1.18169-1/1468799_10203929170029473_1521419688104736133_n.jpg?stp=cp0_dst-jpg_s32x32&_nc_cat=110&ccb=1-7&_nc_sid=db5862&_nc_ohc=Ati5lAXeTdoQ7kNvgGhx1iV&_nc_ht=scontent-atl3-1.xx&oh=00_AYBt_suZ9VadQOghZbzKwre7txSM7lIwpAlo8Z5hH46y6g&oe=6711F6EF",,"Bintang Asia Tv",
"animated_image_autoplay","animated_image_share","image_share","share","fallback","https://www.facebook.com/100007578522755/posts/3771477706448143?comment_id=1246611536691595","1","2024-09-17T15:05:13.000Z",,,"3771477706448143","https://www.facebook.com/100007578522755/posts/3771477706448143","ZmVlZGJhY2s6Mzc3MTQ3NzcwNjQ0ODE0M18xMjQ2NjExNTM2NjkxNTk1","Y29tbWVudDozNzcxNDc3NzA2NDQ4MTQzXzEyNDY2MTE1MzY2OTE1OTU=","https://www.facebook.com/100007578522755/posts/3771477706448143","1","Ngobrol santai Bersama Petani kacang Panjang Panzer Bintang Asia

Yok tanam kacang panjang panzer dari bintang asia 
Kacang panjang polong keras.
Warna...","pfbid0qB8bd1mYeFr1DckwASf4UJSog2LodiWUQqvRq2VXkVgkc2M4QHvNBpFenvi5UEePl","Gianti Yantii","https://scontent-atl3-2.xx.fbcdn.net/v/t1.6435-1/186027641_298612218398001_1664188415370566706_n.jpg?stp=cp0_dst-jpg_s32x32&_nc_cat=105&ccb=1-7&_nc_sid=0ecb9b&_nc_ohc=m7eQ1R4wbfoQ7kNvgGy8baE&_nc_ht=scontent-atl3-2.xx&_nc_gid=AjVUl6fIS7OO_c5UGHkJwO9&oh=00_AYA_jxFE0w-_Tdqr2w6wrj17P5dCIgFWOGHkLLDDc-SYEQ&oe=6711FCDE","https://www.facebook.com/gianti.yantii","Lanjutkan",
,,,,,"https://www.facebook.com/100007578522755/posts/3771477706448143?comment_id=1239969577176801","1","2024-09-17T22:06:11.000Z",,,"3771477706448143","https://www.facebook.com/100007578522755/posts/3771477706448143","ZmVlZGJhY2s6Mzc3MTQ3NzcwNjQ0ODE0M18xMjM5OTY5NTc3MTc2ODAx","Y29tbWVudDozNzcxNDc3NzA2NDQ4MTQzXzEyMzk5Njk1NzcxNzY4MDE=","https://www.facebook.com/100007578522755/posts/3771477706448143","1","Ngobrol santai Bersama Petani kacang Panjang Panzer Bintang Asia

Yok tanam kacang panjang panzer dari bintang asia 
Kacang panjang polong keras.
Warna...","pfbid026AfQwtcEAJW3s4PhAGLQVA8eWYeNMYPPXeJJ9P18TFXPptLY1GXSiUjq9X9JYAr3l","Jefri Albutuni","https://scontent-atl3-2.xx.fbcdn.net/v/t39.30808-1/459902787_122141472062282694_4349294198031617151_n.jpg?stp=cp0_dst-jpg_s32x32&_nc_cat=102&ccb=1-7&_nc_sid=0ecb9b&_nc_ohc=6Km3dFWCFQIQ7kNvgGVCuxZ&_nc_ht=scontent-atl3-2.xx&_nc_gid=AjVUl6fIS7OO_c5UGHkJwO9&oh=00_AYDM2TA8B8FPJz5JAPZawVnS76Q-j7pligSLN0vI8ePYug&oe=66F04106","https://www.facebook.com/people/Jefri-Albutuni/pfbid026AfQwtcEAJW3s4PhAGLQVA8eWYeNMYPPXeJJ9P18TFXPptLY1GXSiUjq9X9JYAr3l/","Mantap pak, lanjut kan",
,,,,,"https://www.facebook.com/100007578522755/posts/3771477706448143?comment_id=8043939419061630","1","2024-09-17T17:35:13.000Z",,,"3771477706448143","https://www.facebook.com/100007578522755/posts/3771477706448143","ZmVlZGJhY2s6Mzc3MTQ3NzcwNjQ0ODE0M184MDQzOTM5NDE5MDYxNjMw","Y29tbWVudDozNzcxNDc3NzA2NDQ4MTQzXzgwNDM5Mzk0MTkwNjE2MzA=","https://www.facebook.com/100007578522755/posts/3771477706448143","1","Ngobrol santai Bersama Petani kacang Panjang Panzer Bintang Asia

Yok tanam kacang panjang panzer dari bintang asia 
Kacang panjang polong keras.
Warna...","pfbid08YbXTr6eHVGxcG9cLkEqg81qKaFKYjFGVdtsFKHNyGmRbL4cc2CRDjHr8RJJSpj6l","Jeffry Gustian","https://scontent-atl3-1.xx.fbcdn.net/v/t39.30808-1/437678952_2057084457997098_8388210603331990343_n.jpg?stp=cp6_dst-jpg_s32x32&_nc_cat=106&ccb=1-7&_nc_sid=0ecb9b&_nc_ohc=8vNLB1YFwdYQ7kNvgFOtX6c&_nc_ht=scontent-atl3-1.xx&_nc_gid=AjVUl6fIS7OO_c5UGHkJwO9&oh=00_AYDJT6UbOFZEuKj6K7JQJ8uajYcjecR80MeqwIwJ2IM0uw&oe=66F05CF4","https://www.facebook.com/jefri.gustian.12","Keren om 🫡🫡",
,,,,,"https://www.facebook.com/100007578522755/posts/3771477706448143?comment_id=8277100635703651","1","2024-09-17T15:10:39.000Z",,,"3771477706448143","https://www.facebook.com/100007578522755/posts/3771477706448143","ZmVlZGJhY2s6Mzc3MTQ3NzcwNjQ0ODE0M184Mjc3MTAwNjM1NzAzNjUx","Y29tbWVudDozNzcxNDc3NzA2NDQ4MTQzXzgyNzcxMDA2MzU3MDM2NTE=","https://www.facebook.com/100007578522755/posts/3771477706448143","1","Ngobrol santai Bersama Petani kacang Panjang Panzer Bintang Asia

Yok tanam kacang panjang panzer dari bintang asia 
Kacang panjang polong keras.
Warna...","100002371423368","Alkahfi Sutikno","https://scontent-atl3-1.xx.fbcdn.net/v/t39.30808-1/272990950_4817471368341863_8430843410507685913_n.jpg?stp=cp0_dst-jpg_s32x32&_nc_cat=103&ccb=1-7&_nc_sid=50d2ac&_nc_ohc=YoPtEvVP-YMQ7kNvgG6jLZ_&_nc_ht=scontent-atl3-1.xx&_nc_gid=AjVUl6fIS7OO_c5UGHkJwO9&oh=00_AYDOiUkSs4bamKOxJyXhi8Ej5rn87F6PrQDXuODRi51uYg&oe=66F03D5F","https://www.facebook.com/alkahfi.sutikno","Mantap Kacang Panjang Bintang Asia",
,,,,,"https://www.facebook.com/100007578522755/posts/3771477706448143?comment_id=1040952327649252","1","2024-09-17T15:53:03.000Z",,,"3771477706448143","https://www.facebook.com/100007578522755/posts/3771477706448143","ZmVlZGJhY2s6Mzc3MTQ3NzcwNjQ0ODE0M18xMDQwOTUyMzI3NjQ5MjUy","Y29tbWVudDozNzcxNDc3NzA2NDQ4MTQzXzEwNDA5NTIzMjc2NDkyNTI=","https://www.facebook.com/100007578522755/posts/3771477706448143","1","Ngobrol santai Bersama Petani kacang Panjang Panzer Bintang Asia

Yok tanam kacang panjang panzer dari bintang asia 
Kacang panjang polong keras.
Warna...","pfbid02TxDvZXFZZJsU4Ga2CUD73NNLRBAx1JV7axc4wY3TPjz9gviZpG2HjJaX15G1wdnwl","Sudi Andayani","https://scontent-atl3-2.xx.fbcdn.net/v/t39.30808-1/348271040_6166033100181720_1205448724006053650_n.jpg?stp=c160.0.640.640a_cp0_dst-jpg_s32x32&_nc_cat=111&ccb=1-7&_nc_sid=0ecb9b&_nc_ohc=UFFlyA4syncQ7kNvgH8KP8J&_nc_ht=scontent-atl3-2.xx&_nc_gid=AjVUl6fIS7OO_c5UGHkJwO9&oh=00_AYD9zJM8poDbJGN3NAUO-qCOUDI6yBS5SqmsFznNUAX9Xw&oe=66F0393A",,"Manyala bossQu....🔥🔥",
,,,,,"https://www.facebook.com/100007578522755/posts/3771477706448143?comment_id=1995648400854713","1","2024-09-17T15:51:59.000Z",,,"3771477706448143","https://www.facebook.com/100007578522755/posts/3771477706448143","ZmVlZGJhY2s6Mzc3MTQ3NzcwNjQ0ODE0M18xOTk1NjQ4NDAwODU0NzEz","Y29tbWVudDozNzcxNDc3NzA2NDQ4MTQzXzE5OTU2NDg0MDA4NTQ3MTM=","https://www.facebook.com/100007578522755/posts/3771477706448143","1","Ngobrol santai Bersama Petani kacang Panjang Panzer Bintang Asia

Yok tanam kacang panjang panzer dari bintang asia 
Kacang panjang polong keras.
Warna...","pfbid02XNLAQPyqTYvGf3PSuEGZ1jEyuJdHqfPKerGBzaTKFFQuiGRy5VaX1bvysm5VxKfdl","Echa Badel","https://scontent-atl3-1.xx.fbcdn.net/v/t39.30808-1/450102095_515659387476763_347965835321444770_n.jpg?stp=cp0_dst-jpg_s32x32&_nc_cat=109&ccb=1-7&_nc_sid=0ecb9b&_nc_ohc=TmngcOx2Lz4Q7kNvgFEt6Dc&_nc_ht=scontent-atl3-1.xx&_nc_gid=AjVUl6fIS7OO_c5UGHkJwO9&oh=00_AYDo_M-BoJV1UoKwoWoNbszBpCapSW06V9mt4DroqrJuhg&oe=66F03F71","https://www.facebook.com/people/Echa-Badel/pfbid02XNLAQPyqTYvGf3PSuEGZ1jEyuJdHqfPKerGBzaTKFFQuiGRy5VaX1bvysm5VxKfdl/","Keren mas semangat terus",
,,,,,"https://www.facebook.com/100007578522755/posts/3771477706448143?comment_id=1904504360056813","1","2024-09-18T00:06:48.000Z",,,"3771477706448143","https://www.facebook.com/100007578522755/posts/3771477706448143","ZmVlZGJhY2s6Mzc3MTQ3NzcwNjQ0ODE0M18xOTA0NTA0MzYwMDU2ODEz","Y29tbWVudDozNzcxNDc3NzA2NDQ4MTQzXzE5MDQ1MDQzNjAwNTY4MTM=","https://www.facebook.com/100007578522755/posts/3771477706448143","1","Ngobrol santai Bersama Petani kacang Panjang Panzer Bintang Asia

Yok tanam kacang panjang panzer dari bintang asia 
Kacang panjang polong keras.
Warna...","pfbid034NarEHok9iDasR7RSQWK8kA3m5S8HQ6dKuygoMHzQ7MZ12UTeBBG9avXaicp4T4hl","Bambang Sr.","https://scontent-atl3-1.xx.fbcdn.net/v/t39.30808-1/442492577_1454243668628236_3775618804888553557_n.jpg?stp=cp6_dst-jpg_s32x32&_nc_cat=103&ccb=1-7&_nc_sid=0ecb9b&_nc_ohc=DtCJPyWyXKQQ7kNvgHLTnlg&_nc_ht=scontent-atl3-1.xx&_nc_gid=AjVUl6fIS7OO_c5UGHkJwO9&oh=00_AYBZYZg2uhnHoR02UroPQpZiWROfWxuZ0ZPg5P0bq2Tt8w&oe=66F04D82","https://www.facebook.com/people/Bambang-Sr/pfbid034NarEHok9iDasR7RSQWK8kA3m5S8HQ6dKuygoMHzQ7MZ12UTeBBG9avXaicp4T4hl/","Kacang panzer kualitas terbaik 👍🏻👍🏻",
,,,,,"https://www.facebook.com/100007578522755/posts/3771477706448143?comment_id=1933269477136875","1","2024-09-17T17:24:05.000Z",,,"3771477706448143","https://www.facebook.com/100007578522755/posts/3771477706448143","ZmVlZGJhY2s6Mzc3MTQ3NzcwNjQ0ODE0M18xOTMzMjY5NDc3MTM2ODc1","Y29tbWVudDozNzcxNDc3NzA2NDQ4MTQzXzE5MzMyNjk0NzcxMzY4NzU=","https://www.facebook.com/100007578522755/posts/3771477706448143","1","Ngobrol santai Bersama Petani kacang Panjang Panzer Bintang Asia

Yok tanam kacang panjang panzer dari bintang asia 
Kacang panjang polong keras.
Warna...","100004109346822","Anton Sulaiman Bintang Asia","https://scontent-atl3-1.xx.fbcdn.net/v/t39.30808-1/408038176_2702817406531878_9133290973397502973_n.jpg?stp=cp0_dst-jpg_s32x32&_nc_cat=100&ccb=1-7&_nc_sid=50d2ac&_nc_ohc=ndtuGm0b_wkQ7kNvgF6tus3&_nc_ht=scontent-atl3-1.xx&_nc_gid=AjVUl6fIS7OO_c5UGHkJwO9&oh=00_AYCgYZas4yQUWK6drJLtDEQJkCegsS7mu6OE6W3KduK71Q&oe=66F04703","https://www.facebook.com/antonsulaiman95","Kelazzz 👏👏",
,,,,,,,,"not_available","This content isn't available because the owner only shared it with a small group of people or changed who can see it, or it's been deleted.",,,,,,,,,,,,,"https://www.facebook.com/100007578522755/posts/8217083525047280"
