﻿"channelAvatarUrl","channelBannerUrl","channelDescription","channelId","channelJoinedDate","channelLocation","channelName","channelTotalVideos","channelTotalViews","channelUrl","comments","commentsCount","commentsTurnedOff","date","descriptionLinks","descriptionLinks/0/text","descriptionLinks/0/url","descriptionLinks/1/text","descriptionLinks/1/url","descriptionLinks/2/text","descriptionLinks/2/url","descriptionLinks/3/text","descriptionLinks/3/url","descriptionLinks/4/text","descriptionLinks/4/url","descriptionLinks/5/text","descriptionLinks/5/url","descriptionLinks/6/text","descriptionLinks/6/url","descriptionLinks/7/text","descriptionLinks/7/url","descriptionLinks/8/text","descriptionLinks/8/url","descriptionLinks/9/text","descriptionLinks/9/url","duration","fromYTUrl","hashtags/0","hashtags/1","hashtags/2","id","input","inputChannelUrl","isAgeRestricted","isChannelVerified","isMonetized","likes","location","note","numberOfSubscribers","order","subtitles","text","thumbnailUrl","title","type","url","viewCount"
,,,,,,,,,,,,,,,,,,,,,,,,,,,,,,,,,,,,,,,,,"https://www.youtube.com/@Jefribintangasia",,,,,,,"The channel has no live videos.",,,,,,,,"https://www.youtube.com/@Jefribintangasia/about",
"https://yt3.googleusercontent.com/VOmsT_3jZEugqpNxvNZ5q98NlClrmClLCxJgUMdnKVj5_zDVsaVdJAVRXwu6yMmVoCscWfL-Ick=s160-c-k-c0x00ffffff-no-rj","https://yt3.googleusercontent.com/8fEFop9DuAKp0jGZ1qbwb6Qtcq0KnBtbwSLxqUb7XmjXSsGNpVbr4CT40acQZ-jDFNKFkW57sg=w2560-fcrop64=1,00005a57ffffa5a8-k-c0xffffffff-no-nd-rj",,"UCwdhX_B2f7bKw1N4Nnn6z5A","Apr 24, 2024",,"Jefri bintang asia","20","4860","https://www.youtube.com/channel/UCwdhX_B2f7bKw1N4Nnn6z5A",,"3",,"2024-09-17T14:19:52.000Z",,,,,,,,,,,,,,,,,,,,,,,"https://www.youtube.com/@Jefribintangasia/shorts",,,,"izPfrxxlOVI",,"https://www.youtube.com/@Jefribintangasia","false","false",,"14",,,"105","1",,,"https://i.ytimg.com/vi/izPfrxxlOVI/oar2.jpg?sqp=-oaymwEdCJUDENAFSFWQAgHyq4qpAwwIARUAAIhCcAHAAQY=&rs=AOn4CLBQCx6jh3mRaFexuZVV-aHyfXsFRQ","Semangka Diva f1, besar buahnya dan tahan simpan #bintangasia #pertanian #petaniasia #shortvideo","shorts","https://www.youtube.com/shorts/izPfrxxlOVI","557"
"https://yt3.googleusercontent.com/VOmsT_3jZEugqpNxvNZ5q98NlClrmClLCxJgUMdnKVj5_zDVsaVdJAVRXwu6yMmVoCscWfL-Ick=s160-c-k-c0x00ffffff-no-rj","https://yt3.googleusercontent.com/8fEFop9DuAKp0jGZ1qbwb6Qtcq0KnBtbwSLxqUb7XmjXSsGNpVbr4CT40acQZ-jDFNKFkW57sg=w2560-fcrop64=1,00005a57ffffa5a8-k-c0xffffffff-no-nd-rj",,"UCwdhX_B2f7bKw1N4Nnn6z5A","Apr 24, 2024",,"Jefri bintang asia","20","4860","https://www.youtube.com/channel/UCwdhX_B2f7bKw1N4Nnn6z5A",,"5",,"2024-09-20T23:26:48.000Z",,,,,,,,,,,,,,,,,,,,,,,"https://www.youtube.com/@Jefribintangasia/shorts",,,,"NPljbbk9mzQ",,"https://www.youtube.com/@Jefribintangasia","false","false",,"15",,,"105","0",,,"https://i.ytimg.com/vi/NPljbbk9mzQ/oar2.jpg?sqp=-oaymwEdCJUDENAFSFWQAgHyq4qpAwwIARUAAIhCcAHAAQY=&rs=AOn4CLC7L4ScGrHJcCpNQYLS-klbKkX-1A","LAZIO F1 #pertanian #petanisemangka #shortvideo #petaniasia #pertaniandunia #buahbuahan #bintangasia","shorts","https://www.youtube.com/shorts/NPljbbk9mzQ","739"
"https://yt3.googleusercontent.com/VOmsT_3jZEugqpNxvNZ5q98NlClrmClLCxJgUMdnKVj5_zDVsaVdJAVRXwu6yMmVoCscWfL-Ick=s160-c-k-c0x00ffffff-no-rj","https://yt3.googleusercontent.com/8fEFop9DuAKp0jGZ1qbwb6Qtcq0KnBtbwSLxqUb7XmjXSsGNpVbr4CT40acQZ-jDFNKFkW57sg=w2560-fcrop64=1,00005a57ffffa5a8-k-c0xffffffff-no-nd-rj",,"UCwdhX_B2f7bKw1N4Nnn6z5A","Apr 24, 2024",,"Jefri bintang asia","20","4860","https://www.youtube.com/channel/UCwdhX_B2f7bKw1N4Nnn6z5A",,"9","false","2024-09-13T14:15:23.000Z",,"#bintangasia","https://www.youtube.com/hashtag/bintangasia","#pertanian","https://www.youtube.com/hashtag/pertanian","#petanimuda","https://www.youtube.com/hashtag/petanimuda","#berkebun","https://www.youtube.com/hashtag/berkebun","#short","https://www.youtube.com/hashtag/short","#shortvideo","https://www.youtube.com/hashtag/shortvideo","#shortsfeed","https://www.youtube.com/hashtag/shortsfeed","#shortfire","https://www.youtube.com/hashtag/shortfire","#indonesia","https://www.youtube.com/hashtag/indonesia","#petanimilenial","https://www.youtube.com/hashtag/petanimilenial","00:03:06","https://www.youtube.com/@Jefribintangasia/videos","#indonesia","#berkebun","#petanimilenial","98J5Qnn8qYE",,"https://www.youtube.com/@Jefribintangasia","false","false",,"11",,,"105",,,"#bintangasia #pertanian #petanimuda #berkebun #short #shortvideo #shortsfeed #shortfire #indonesia #petanimilenial","https://i.ytimg.com/vi/98J5Qnn8qYE/maxresdefault.jpg?sqp=-oaymwEmCIAKENAF8quKqQMa8AEB-AH-CYAC0AWKAgwIABABGFogZShNMA8=&rs=AOn4CLDpSbh_oocwf6-00tSro2ZYtVXr7Q","SEMANGKA DIVA F1, BUAH BESAR, TAHAN SIMPAN, DAN MENGHASILKAN BANYAK CUAN...","video","https://www.youtube.com/watch?v=98J5Qnn8qYE","58"
"https://yt3.googleusercontent.com/VOmsT_3jZEugqpNxvNZ5q98NlClrmClLCxJgUMdnKVj5_zDVsaVdJAVRXwu6yMmVoCscWfL-Ick=s160-c-k-c0x00ffffff-no-rj","https://yt3.googleusercontent.com/8fEFop9DuAKp0jGZ1qbwb6Qtcq0KnBtbwSLxqUb7XmjXSsGNpVbr4CT40acQZ-jDFNKFkW57sg=w2560-fcrop64=1,00005a57ffffa5a8-k-c0xffffffff-no-nd-rj",,"UCwdhX_B2f7bKw1N4Nnn6z5A","Apr 24, 2024",,"Jefri bintang asia","20","4860","https://www.youtube.com/channel/UCwdhX_B2f7bKw1N4Nnn6z5A",,"9","false","2024-09-18T11:27:55.000Z",,"#bintangasia","https://www.youtube.com/hashtag/bintangasia","#pertanian","https://www.youtube.com/hashtag/pertanian","#petanimuda","https://www.youtube.com/hashtag/petanimuda","#short","https://www.youtube.com/hashtag/short","#benihunggul","https://www.youtube.com/hashtag/benihunggul","#inovasianaknegeri","https://www.youtube.com/hashtag/inovasianaknegeri","#benihcitraasia","https://www.youtube.com/hashtag/benihcitraasia",,,,,,,"00:08:23","https://www.youtube.com/@Jefribintangasia/videos","#benihunggul","#pertanian","#petanimuda","6W3RO6Ydtww",,"https://www.youtube.com/@Jefribintangasia","false","false",,"25",,,"105",,,"#bintangasia #pertanian #petanimuda #short #benihunggul #inovasianaknegeri #benihcitraasia","https://i.ytimg.com/vi/6W3RO6Ydtww/maxresdefault.jpg?sqp=-oaymwEmCIAKENAF8quKqQMa8AEB-AH2CYAC0AWKAgwIABABGGUgZShlMA8=&rs=AOn4CLC5-ur4NCZz6gTr5NpV8444_I89pg","BUDIDAYA CMB MEGATOP F1, CARA JITU PENGENDALIA HPT DIUSIA 30 HST","video","https://www.youtube.com/watch?v=6W3RO6Ydtww","106"
"https://yt3.googleusercontent.com/VOmsT_3jZEugqpNxvNZ5q98NlClrmClLCxJgUMdnKVj5_zDVsaVdJAVRXwu6yMmVoCscWfL-Ick=s160-c-k-c0x00ffffff-no-rj","https://yt3.googleusercontent.com/8fEFop9DuAKp0jGZ1qbwb6Qtcq0KnBtbwSLxqUb7XmjXSsGNpVbr4CT40acQZ-jDFNKFkW57sg=w2560-fcrop64=1,00005a57ffffa5a8-k-c0xffffffff-no-nd-rj",,"UCwdhX_B2f7bKw1N4Nnn6z5A","Apr 24, 2024",,"Jefri bintang asia","20","4860","https://www.youtube.com/channel/UCwdhX_B2f7bKw1N4Nnn6z5A",,"9","false","2024-09-13T12:17:40.000Z",,"#bintangasia","https://www.youtube.com/hashtag/bintangasia","#pertanian","https://www.youtube.com/hashtag/pertanian","#buah","https://www.youtube.com/hashtag/buah","#petanimuda","https://www.youtube.com/hashtag/petanimuda","#petanimilenial","https://www.youtube.com/hashtag/petanimilenial","#shorts","https://www.youtube.com/hashtag/shorts","#short","https://www.youtube.com/hashtag/short","#buahbuahan","https://www.youtube.com/hashtag/buahbuahan",,,,,"00:07:19","https://www.youtube.com/@Jefribintangasia/videos","#petanimilenial","#buahbuahan","#pertanian","cQ4VY8lK2lU",,"https://www.youtube.com/@Jefribintangasia","false","false",,"15",,,"105",,,"#bintangasia #pertanian #buah #petanimuda #petanimilenial #shorts #short #buahbuahan","https://i.ytimg.com/vi/cQ4VY8lK2lU/maxresdefault.jpg?sqp=-oaymwEmCIAKENAF8quKqQMa8AEB-AH2CYAC0AWKAgwIABABGFQgZShPMA8=&rs=AOn4CLAhZRiTuoU1bKxsLjKmeMy_YDeErA","PANEN SEMANGKA NON BIJI LAZIO F1, MUDAH PERWATAN DAN HASIL MELIMPAH 🤑💸💵💴💶💰💳🤑💸💵💴💶💰💳","video","https://www.youtube.com/watch?v=cQ4VY8lK2lU","67"
"https://yt3.googleusercontent.com/VOmsT_3jZEugqpNxvNZ5q98NlClrmClLCxJgUMdnKVj5_zDVsaVdJAVRXwu6yMmVoCscWfL-Ick=s160-c-k-c0x00ffffff-no-rj","https://yt3.googleusercontent.com/8fEFop9DuAKp0jGZ1qbwb6Qtcq0KnBtbwSLxqUb7XmjXSsGNpVbr4CT40acQZ-jDFNKFkW57sg=w2560-fcrop64=1,00005a57ffffa5a8-k-c0xffffffff-no-nd-rj",,"UCwdhX_B2f7bKw1N4Nnn6z5A","Apr 24, 2024",,"Jefri bintang asia","20","4860","https://www.youtube.com/channel/UCwdhX_B2f7bKw1N4Nnn6z5A",,"14","false","2024-09-16T06:12:04.000Z",,"#bintangasia","https://www.youtube.com/hashtag/bintangasia","#pertanian","https://www.youtube.com/hashtag/pertanian","#petanimuda","https://www.youtube.com/hashtag/petanimuda","#buah","https://www.youtube.com/hashtag/buah","#shortvideo","https://www.youtube.com/hashtag/shortvideo","#benihcitraasia","https://www.youtube.com/hashtag/benihcitraasia","#petanimilenial","https://www.youtube.com/hashtag/petanimilenial","#benihunggul","https://www.youtube.com/hashtag/benihunggul",,,,,"00:04:00","https://www.youtube.com/@Jefribintangasia/videos","#benihunggul","#petanimilenial","#pertanian","jD0CSG94YIQ",,"https://www.youtube.com/@Jefribintangasia","false","false",,"14",,,"105",,,"#bintangasia #pertanian #petanimuda #buah #shortvideo #benihcitraasia #petanimilenial #benihunggul","https://i.ytimg.com/vi/jD0CSG94YIQ/maxresdefault.jpg?sqp=-oaymwEmCIAKENAF8quKqQMa8AEB-AH-CYAC0AWKAgwIABABGFYgcigbMA8=&rs=AOn4CLDRXasQIB9nTkghZj9Nxx2NmEqrYw","TANAM MELON LEONI MH F1, PANEN MELIMPAH...","video","https://www.youtube.com/watch?v=jD0CSG94YIQ","61"
