﻿"author","authorIsChannelOwner","channelId","channelName","channelUrl","cid","comment","comments","commentsCount","date","descriptionLinks","duration","hasCreatorHeart","id","isMonetized","likes","pageUrl","publishedTimeText","replyCount","replyToCid","subtitles","text","thumbnailUrl","title","type","url","videoId","viewCount","voteCount"
,,"UCwdhX_B2f7bKw1N4Nnn6z5A","Jefri bintang asia","https://www.youtube.com/@Jefribintangasia",,,,"3","2024-09-17T00:00:00.000Z",,,,"izPfrxxlOVI",,"14",,,,,,,,"Semangka Diva f1, besar buahnya dan tahan simpan #bintangasia #pertanian #petaniasia #shortvideo","shorts","https://www.youtube.com/shorts/izPfrxxlOVI",,"557",
,,"UCwdhX_B2f7bKw1N4Nnn6z5A","Jefri bintang asia","https://www.youtube.com/@Jefribintangasia",,,,"5","2024-09-20T23:26:48.000Z",,,,"NPljbbk9mzQ",,"15",,,,,,,,"LAZIO F1 #pertanian #petanisemangka #shortvideo #petaniasia #pertaniandunia #buahbuahan #bintangasia","shorts","https://www.youtube.com/shorts/NPljbbk9mzQ",,"739",
"@SaharGundang-i1l","false",,,,"Ugzt6-qq2q4wLopVdkJ4AaABAg","Bintang asia mantap. 👍👍",,"9",,,,"false",,,,"https://www.youtube.com/watch?v=cQ4VY8lK2lU","5 days ago","0",,,,,"PANEN SEMANGKA NON BIJI LAZIO F1, MUDAH PERWATAN DAN HASIL MELIMPAH 🤑💸💵💴💶💰💳🤑💸💵💴💶💰💳","comment",,"cQ4VY8lK2lU",,"0"
"@SalmaWati-z4f","false",,,,"UgxxtzTNEWjbso-zolp4AaABAg","Sukses petaninya. 

Bintang asia prodak nya",,"9",,,,"false",,,,"https://www.youtube.com/watch?v=cQ4VY8lK2lU","6 days ago","0",,,,,"PANEN SEMANGKA NON BIJI LAZIO F1, MUDAH PERWATAN DAN HASIL MELIMPAH 🤑💸💵💴💶💰💳🤑💸💵💴💶💰💳","comment",,"cQ4VY8lK2lU",,"0"
"@opeqbintangasia","false",,,,"UgzMKWkve9tIWck1ilp4AaABAg","Buahnya gelap pasti dagingnya merah dan manis😘😋",,"9",,,,"false",,,,"https://www.youtube.com/watch?v=cQ4VY8lK2lU","12 days ago","0",,,,,"PANEN SEMANGKA NON BIJI LAZIO F1, MUDAH PERWATAN DAN HASIL MELIMPAH 🤑💸💵💴💶💰💳🤑💸💵💴💶💰💳","comment",,"cQ4VY8lK2lU",,"0"
"@marniatimurtaba196","false",,,,"UgwCTxZkym9kcTCxF-t4AaABAg","Mantap petaninya. Mantap benihnya...

Kalau mau menanam, jangan lupa benihnya dari Bintang Asia",,"9",,,,"false",,,,"https://www.youtube.com/watch?v=cQ4VY8lK2lU","12 days ago","0",,,,,"PANEN SEMANGKA NON BIJI LAZIO F1, MUDAH PERWATAN DAN HASIL MELIMPAH 🤑💸💵💴💶💰💳🤑💸💵💴💶💰💳","comment",,"cQ4VY8lK2lU",,"0"
"@lanturegeapping3558","false",,,,"Ugz7JnmQXTDpPA-K5gh4AaABAg","Alhamdulillah semangka bintang asia mantap",,"9",,,,"false",,,,"https://www.youtube.com/watch?v=cQ4VY8lK2lU","12 days ago","0",,,,,"PANEN SEMANGKA NON BIJI LAZIO F1, MUDAH PERWATAN DAN HASIL MELIMPAH 🤑💸💵💴💶💰💳🤑💸💵💴💶💰💳","comment",,"cQ4VY8lK2lU",,"0"
"@ekobambang6794","false",,,,"Ugy_8ym4KpoX26r5usV4AaABAg","Mantap bapak",,"9",,,,"true",,,,"https://www.youtube.com/watch?v=cQ4VY8lK2lU","12 days ago","1",,,,,"PANEN SEMANGKA NON BIJI LAZIO F1, MUDAH PERWATAN DAN HASIL MELIMPAH 🤑💸💵💴💶💰💳🤑💸💵💴💶💰💳","comment",,"cQ4VY8lK2lU",,"1"
"@dewina-h7r","false",,,,"UgwDeD3n552DrdqSqBJ4AaABAg","Mantap",,"9",,,,"true",,,,"https://www.youtube.com/watch?v=cQ4VY8lK2lU","12 days ago","1",,,,,"PANEN SEMANGKA NON BIJI LAZIO F1, MUDAH PERWATAN DAN HASIL MELIMPAH 🤑💸💵💴💶💰💳🤑💸💵💴💶💰💳","comment",,"cQ4VY8lK2lU",,"1"
"@SaharGundang-i1l","false",,,,"UgwRiBCcERf6nnf1eRx4AaABAg","Ikut bljar pak.",,"14",,,,"false",,,,"https://www.youtube.com/watch?v=jD0CSG94YIQ","5 days ago","0",,,,,"TANAM MELON LEONI MH F1, PANEN MELIMPAH...","comment",,"jD0CSG94YIQ",,"0"
"@laodehwandi5686","false",,,,"UgxHrJOBouHDseDobHp4AaABAg","Bitang asia pasti bisah pasti sukses",,"14",,,,"true",,,,"https://www.youtube.com/watch?v=jD0CSG94YIQ","8 days ago","1",,,,,"TANAM MELON LEONI MH F1, PANEN MELIMPAH...","comment",,"jD0CSG94YIQ",,"1"
"@ernirahmi","false",,,,"UgzlIYw7QDM9YAE57vd4AaABAg","Mantap bintang Asia",,"14",,,,"true",,,,"https://www.youtube.com/watch?v=jD0CSG94YIQ","8 days ago","1",,,,,"TANAM MELON LEONI MH F1, PANEN MELIMPAH...","comment",,"jD0CSG94YIQ",,"1"
"@SalmaWati-z4f","false",,,,"UgyX-_Uhr1JmyVN1DWZ4AaABAg","Mantap... Bintang asia pasti bisa pasti sukses",,"14",,,,"true",,,,"https://www.youtube.com/watch?v=jD0CSG94YIQ","8 days ago","1",,,,,"TANAM MELON LEONI MH F1, PANEN MELIMPAH...","comment",,"jD0CSG94YIQ",,"1"
"@dewina-h7r","false",,,,"UgzONVHXK-_mt3CccA54AaABAg","Mantap petani  melon bibit bintang  asia  mantap",,"14",,,,"true",,,,"https://www.youtube.com/watch?v=jD0CSG94YIQ","8 days ago","1",,,,,"TANAM MELON LEONI MH F1, PANEN MELIMPAH...","comment",,"jD0CSG94YIQ",,"1"
"@marniatimurtaba196","false",,,,"UgxuOagRzpv7J_-f3h14AaABAg","Melon bintang Asia, Luar biasa",,"14",,,,"true",,,,"https://www.youtube.com/watch?v=jD0CSG94YIQ","9 days ago","0",,,,,"TANAM MELON LEONI MH F1, PANEN MELIMPAH...","comment",,"jD0CSG94YIQ",,"1"
"@lanturegeapping3558","false",,,,"UgzOyp9UCTLnU6xzeCZ4AaABAg","Mantap melon  bintang asia",,"14",,,,"true",,,,"https://www.youtube.com/watch?v=jD0CSG94YIQ","9 days ago","1",,,,,"TANAM MELON LEONI MH F1, PANEN MELIMPAH...","comment",,"jD0CSG94YIQ",,"1"
"@opeqbintangasia","false",,,,"UgzJV-iGcb6fxOjn3d94AaABAg","MantaB, Buahnya Besar Besar",,"14",,,,"true",,,,"https://www.youtube.com/watch?v=jD0CSG94YIQ","9 days ago","1",,,,,"TANAM MELON LEONI MH F1, PANEN MELIMPAH...","comment",,"jD0CSG94YIQ",,"1"
"@ekobambang6794","false",,,,"UgyBsIcJYOoTb8VxSxJ4AaABAg","Benih unggul bintang asia",,"9",,,,"false",,,,"https://www.youtube.com/watch?v=6W3RO6Ydtww","5 days ago","0",,,,,"BUDIDAYA CMB MEGATOP F1, CARA JITU PENGENDALIA HPT DIUSIA 30 HST","comment",,"6W3RO6Ydtww",,"0"
"@opeqbintangasia","false",,,,"UgzAnkfzDWhlkgM3H6h4AaABAg","Keren bang 
jossss:yougotthis:",,"9",,,,"false",,,,"https://www.youtube.com/watch?v=6W3RO6Ydtww","7 days ago","0",,,,,"BUDIDAYA CMB MEGATOP F1, CARA JITU PENGENDALIA HPT DIUSIA 30 HST","comment",,"6W3RO6Ydtww",,"0"
"@IndraWati-t1s","false",,,,"UgytkHpaNq0blhs1SaB4AaABAg","Bintang Asia pasti bisa pasti sukses👍👍😊",,"9",,,,"false",,,,"https://www.youtube.com/watch?v=6W3RO6Ydtww","7 days ago","0",,,,,"BUDIDAYA CMB MEGATOP F1, CARA JITU PENGENDALIA HPT DIUSIA 30 HST","comment",,"6W3RO6Ydtww",,"0"
"@SalmaWati-z4f","false",,,,"UgwuhDEVgnhPF-EVAdB4AaABAg","Mantap... Sukses selalu bintang asia❤❤",,"9",,,,"false",,,,"https://www.youtube.com/watch?v=6W3RO6Ydtww","7 days ago","0",,,,,"BUDIDAYA CMB MEGATOP F1, CARA JITU PENGENDALIA HPT DIUSIA 30 HST","comment",,"6W3RO6Ydtww",,"0"
"@arismanari3501","false",,,,"Ugxr8Pt_wFanfTCKLOF4AaABAg","Mantap 👍👍👍",,"9",,,,"false",,,,"https://www.youtube.com/watch?v=6W3RO6Ydtww","7 days ago","0",,,,,"BUDIDAYA CMB MEGATOP F1, CARA JITU PENGENDALIA HPT DIUSIA 30 HST","comment",,"6W3RO6Ydtww",,"0"
"@lanturegeapping3558","false",,,,"UgyW7tgbZB2Wt73eCtl4AaABAg","Mantap petani sukses",,"9",,,,"false",,,,"https://www.youtube.com/watch?v=6W3RO6Ydtww","7 days ago","0",,,,,"BUDIDAYA CMB MEGATOP F1, CARA JITU PENGENDALIA HPT DIUSIA 30 HST","comment",,"6W3RO6Ydtww",,"0"
"@MirnaningsihMurtaba","false",,,,"UgwkBBacIIMF8YxqICx4AaABAg","Sukses selalu",,"9",,,,"false",,,,"https://www.youtube.com/watch?v=6W3RO6Ydtww","7 days ago","0",,,,,"BUDIDAYA CMB MEGATOP F1, CARA JITU PENGENDALIA HPT DIUSIA 30 HST","comment",,"6W3RO6Ydtww",,"0"
"@febriantotopae8127","false",,,,"UgxmI7a_Ssr8xEWtqIp4AaABAg","Bintang asia keren",,"9",,,,"false",,,,"https://www.youtube.com/watch?v=6W3RO6Ydtww","7 days ago","0",,,,,"BUDIDAYA CMB MEGATOP F1, CARA JITU PENGENDALIA HPT DIUSIA 30 HST","comment",,"6W3RO6Ydtww",,"0"
"@dewina-h7r","false",,,,"UgzhuSbK_IVTt-XD-MF4AaABAg","Mantap bintang  asia  petani  makin  sukses",,"9",,,,"false",,,,"https://www.youtube.com/watch?v=6W3RO6Ydtww","7 days ago","0",,,,,"BUDIDAYA CMB MEGATOP F1, CARA JITU PENGENDALIA HPT DIUSIA 30 HST","comment",,"6W3RO6Ydtww",,"0"
"@Jefribintangasia","true",,,,"Ugy_8ym4KpoX26r5usV4AaABAg.A8KQ9WriQCNA8KSsdOFWaq","Terima kasih pak",,"9",,,,"false",,,,"https://www.youtube.com/watch?v=cQ4VY8lK2lU","12 days ago","0","Ugy_8ym4KpoX26r5usV4AaABAg",,,,"PANEN SEMANGKA NON BIJI LAZIO F1, MUDAH PERWATAN DAN HASIL MELIMPAH 🤑💸💵💴💶💰💳🤑💸💵💴💶💰💳","reply",,"cQ4VY8lK2lU",,"0"
"@Jefribintangasia","true",,,,"UgxHrJOBouHDseDobHp4AaABAg.A8UKPNIxALWA8UmxyKYcL0"," @laodehwandi5686  aamiin ya rabbal Alamin",,"14",,,,"false",,,,"https://www.youtube.com/watch?v=jD0CSG94YIQ","8 days ago","0","UgxHrJOBouHDseDobHp4AaABAg",,,,"TANAM MELON LEONI MH F1, PANEN MELIMPAH...","reply",,"jD0CSG94YIQ",,"0"
"@SalmaWati-z4f","false",,,,"UgxQkvvdOccq_akgP754AaABAg","Bintang asia sukses... Petani nya pun sukses selalu❤❤",,"9",,,,"false",,,,"https://www.youtube.com/watch?v=98J5Qnn8qYE","7 days ago","0",,,,,"SEMANGKA DIVA F1, BUAH BESAR, TAHAN SIMPAN, DAN MENGHASILKAN BANYAK CUAN...","comment",,"98J5Qnn8qYE",,"0"
"@dewina-h7r","false",,,,"Ugx1tC3wpvbwRXz1O5V4AaABAg","Mantap sehat selalu  petugas  lapangan bintang  asia",,"9",,,,"false",,,,"https://www.youtube.com/watch?v=98J5Qnn8qYE","10 days ago","0",,,,,"SEMANGKA DIVA F1, BUAH BESAR, TAHAN SIMPAN, DAN MENGHASILKAN BANYAK CUAN...","comment",,"98J5Qnn8qYE",,"0"
"@AyuLestari-u8g","false",,,,"Ugzb81MSO_XKr19MArV4AaABAg","Itu buah ke berpa yang di besarkan",,"9",,,,"false",,,,"https://www.youtube.com/watch?v=98J5Qnn8qYE","11 days ago","0",,,,,"SEMANGKA DIVA F1, BUAH BESAR, TAHAN SIMPAN, DAN MENGHASILKAN BANYAK CUAN...","comment",,"98J5Qnn8qYE",,"0"
"@samiseedsindonesia3973","false",,,,"UgxwJxMeVS95x0quUJt4AaABAg","Semangka",,"9",,,,"false",,,,"https://www.youtube.com/watch?v=98J5Qnn8qYE","11 days ago","0",,,,,"SEMANGKA DIVA F1, BUAH BESAR, TAHAN SIMPAN, DAN MENGHASILKAN BANYAK CUAN...","comment",,"98J5Qnn8qYE",,"0"
"@lanturegeapping3558","false",,,,"Ugxji-nSveE7lyghpPN4AaABAg","Mantap bintang asia petani sejarah",,"9",,,,"false",,,,"https://www.youtube.com/watch?v=98J5Qnn8qYE","11 days ago","0",,,,,"SEMANGKA DIVA F1, BUAH BESAR, TAHAN SIMPAN, DAN MENGHASILKAN BANYAK CUAN...","comment",,"98J5Qnn8qYE",,"0"
"@sumardinas6729","false",,,,"UgwP9GLJFvgJmpYp4gV4AaABAg","Mantap",,"9",,,,"false",,,,"https://www.youtube.com/watch?v=98J5Qnn8qYE","12 days ago","0",,,,,"SEMANGKA DIVA F1, BUAH BESAR, TAHAN SIMPAN, DAN MENGHASILKAN BANYAK CUAN...","comment",,"98J5Qnn8qYE",,"0"
"@dewina-h7r","false",,,,"UgyHkUM9P65J76sbPbB4AaABAg","Petani  sukses  bintang  ASIA  mantap",,"9",,,,"false",,,,"https://www.youtube.com/watch?v=98J5Qnn8qYE","12 days ago","0",,,,,"SEMANGKA DIVA F1, BUAH BESAR, TAHAN SIMPAN, DAN MENGHASILKAN BANYAK CUAN...","comment",,"98J5Qnn8qYE",,"0"
"@marniatimurtaba196","false",,,,"Ugw4WeRFEYmTWelg_jl4AaABAg","Luar biasa petani pemula tapi Alhamdulillah sukses. Petani luar biasa, benihnya juga luar biasa.

Mantap Benih Citra Asia",,"9",,,,"false",,,,"https://www.youtube.com/watch?v=98J5Qnn8qYE","12 days ago","0",,,,,"SEMANGKA DIVA F1, BUAH BESAR, TAHAN SIMPAN, DAN MENGHASILKAN BANYAK CUAN...","comment",,"98J5Qnn8qYE",,"0"
"@opeqbintangasia","false",,,,"UgyS1Laeul7EaCyMm1l4AaABAg","MantaB, sukses untuk petani pemula ...",,"9",,,,"false",,,,"https://www.youtube.com/watch?v=98J5Qnn8qYE","12 days ago","0",,,,,"SEMANGKA DIVA F1, BUAH BESAR, TAHAN SIMPAN, DAN MENGHASILKAN BANYAK CUAN...","comment",,"98J5Qnn8qYE",,"0"
"@Jefribintangasia","true",,,,"UgwDeD3n552DrdqSqBJ4AaABAg.A8KOtkCAgoBA8KSthortVQ","Terimakasih",,"9",,,,"false",,,,"https://www.youtube.com/watch?v=cQ4VY8lK2lU","12 days ago","0","UgwDeD3n552DrdqSqBJ4AaABAg",,,,"PANEN SEMANGKA NON BIJI LAZIO F1, MUDAH PERWATAN DAN HASIL MELIMPAH 🤑💸💵💴💶💰💳🤑💸💵💴💶💰💳","reply",,"cQ4VY8lK2lU",,"0"
"@Jefribintangasia","true",,,,"UgzlIYw7QDM9YAE57vd4AaABAg.A8UIap_ZEjOA8Umr1EGMxT"," @ernirahmi  mksh",,"14",,,,"false",,,,"https://www.youtube.com/watch?v=jD0CSG94YIQ","8 days ago","0","UgzlIYw7QDM9YAE57vd4AaABAg",,,,"TANAM MELON LEONI MH F1, PANEN MELIMPAH...","reply",,"jD0CSG94YIQ",,"0"
"@Jefribintangasia","true",,,,"UgyX-_Uhr1JmyVN1DWZ4AaABAg.A8UH60T3e3FA8UmsSygWIH"," @SalmaWati-z4f  aamiin ya rabbal Alamin",,"14",,,,"false",,,,"https://www.youtube.com/watch?v=jD0CSG94YIQ","8 days ago","0","UgyX-_Uhr1JmyVN1DWZ4AaABAg",,,,"TANAM MELON LEONI MH F1, PANEN MELIMPAH...","reply",,"jD0CSG94YIQ",,"0"
"@Jefribintangasia","true",,,,"UgzONVHXK-_mt3CccA54AaABAg.A8U8RCVvuxZA8Umuz14sSc"," @dewina-h7r  boleh ditanm",,"14",,,,"false",,,,"https://www.youtube.com/watch?v=jD0CSG94YIQ","8 days ago","0","UgzONVHXK-_mt3CccA54AaABAg",,,,"TANAM MELON LEONI MH F1, PANEN MELIMPAH...","reply",,"jD0CSG94YIQ",,"0"
"@Jefribintangasia","true",,,,"UgzOyp9UCTLnU6xzeCZ4AaABAg.A8Rs--mM66yA8T2EZVavOo","Mksh",,"14",,,,"false",,,,"https://www.youtube.com/watch?v=jD0CSG94YIQ","9 days ago","0","UgzOyp9UCTLnU6xzeCZ4AaABAg",,,,"TANAM MELON LEONI MH F1, PANEN MELIMPAH...","reply",,"jD0CSG94YIQ",,"0"
"@Jefribintangasia","true",,,,"UgzJV-iGcb6fxOjn3d94AaABAg.A8Re6ntKk8hA8T2CcIlUQl","Mkah",,"14",,,,"false",,,,"https://www.youtube.com/watch?v=jD0CSG94YIQ","9 days ago","0","UgzJV-iGcb6fxOjn3d94AaABAg",,,,"TANAM MELON LEONI MH F1, PANEN MELIMPAH...","reply",,"jD0CSG94YIQ",,"0"
