﻿"attachments/0/style_list/0","attachments/0/style_list/1","attachments/0/style_list/2","attachments/0/style_list/3","attachments/0/style_list/4","commentUrl","commentsCount","date","facebookId","facebookUrl","feedbackId","id","inputUrl","likesCount","pageAdLibrary/id","pageAdLibrary/is_business_page_active","pageAdLibrary/woodhenge_creator_info","postTitle","profileId","profileName","profilePicture","profileUrl","replyToCommentId","text","threadingDepth"
,,,,,"https://www.facebook.com/100004370253176/posts/2809357805886534?comment_id=889296726554344",,"2024-09-10T07:14:34.000Z","2809357805886534","https://www.facebook.com/100004370253176/posts/2809357805886534","ZmVlZGJhY2s6MjgwOTM1NzgwNTg4NjUzNF84ODkyOTY3MjY1NTQzNDQ=","Y29tbWVudDoyODA5MzU3ODA1ODg2NTM0Xzg4OTI5NjcyNjU1NDM0NA==","https://www.facebook.com/100004370253176/posts/2809357805886534","1","112652978585649","false",,"Inna lillahi wa inna ilaihi raji'un. Alfatiha Om Ya Allah, semoga Engkau menerima iman dan Islam Om Mpala dan keluarga yang ditinggalkan diberikan ketabahan serta keikhlasan.","100081104877885","Siti Nurjannah","https://scontent.fdet1-1.fna.fbcdn.net/v/t1.30497-1/453178253_471506465671661_2781666950760530985_n.png?stp=cp0_dst-png_s32x32&_nc_cat=1&ccb=1-7&_nc_sid=b224c7&_nc_ohc=rNanvdXoqvgQ7kNvgFaLN4D&_nc_ht=scontent.fdet1-1.fna&_nc_gid=AaMSgRQ7CJE-s7uVrth2pXj&oh=00_AYBGoBB2KTYR1rOURIDRRziIiZ7DVog35gC4GHuTWHcxJg&oe=6709C8BA","https://www.facebook.com/people/Siti-Nurjannah/100081104877885/",,"Inalillahi wa innailaihi rojiun 🤲🏻",
,,,,,"https://www.facebook.com/100004370253176/posts/2809357805886534?comment_id=1207144893858087",,"2024-09-11T01:21:46.000Z","2809357805886534","https://www.facebook.com/100004370253176/posts/2809357805886534","ZmVlZGJhY2s6MjgwOTM1NzgwNTg4NjUzNF8xMjA3MTQ0ODkzODU4MDg3","Y29tbWVudDoyODA5MzU3ODA1ODg2NTM0XzEyMDcxNDQ4OTM4NTgwODc=","https://www.facebook.com/100004370253176/posts/2809357805886534","0","112652978585649","false",,"Inna lillahi wa inna ilaihi raji'un. Alfatiha Om Ya Allah, semoga Engkau menerima iman dan Islam Om Mpala dan keluarga yang ditinggalkan diberikan ketabahan serta keikhlasan.","100004885054987","Mhilody Adja","https://scontent.fdet1-1.fna.fbcdn.net/v/t1.6435-1/87186797_1449532581886230_1087783351990878208_n.jpg?stp=c0.24.720.720a_cp0_dst-jpg_s32x32&_nc_cat=110&ccb=1-7&_nc_sid=db5862&_nc_ohc=XAcDhQVEQC0Q7kNvgFBmhLm&_nc_ht=scontent.fdet1-1.fna&_nc_gid=AaMSgRQ7CJE-s7uVrth2pXj&oh=00_AYCAbEMtE4PQDN6EG0XpY9ZqIGfqXZ0hCJfCpwr3xW5Wlw&oe=6709D0D1","https://www.facebook.com/mhilody.duaenamtujuhh",,"Innalilahi wainnailaihi Rojiun",
"photo","fallback",,,,"https://www.facebook.com/100004370253176/posts/2809357805886534?comment_id=1106173867793021",,"2024-09-11T02:20:44.000Z","2809357805886534","https://www.facebook.com/100004370253176/posts/2809357805886534","ZmVlZGJhY2s6MjgwOTM1NzgwNTg4NjUzNF8xMTA2MTczODY3NzkzMDIx","Y29tbWVudDoyODA5MzU3ODA1ODg2NTM0XzExMDYxNzM4Njc3OTMwMjE=","https://www.facebook.com/100004370253176/posts/2809357805886534","0","112652978585649","false",,"Inna lillahi wa inna ilaihi raji'un. Alfatiha Om Ya Allah, semoga Engkau menerima iman dan Islam Om Mpala dan keluarga yang ditinggalkan diberikan ketabahan serta keikhlasan.","pfbid02CoBrtNGnPiKePWbbynz25uyJSuNfRwdSXjDZGrV96SJERR9TTAok3NY77SA2nF5Dl","Galib Kampec","https://scontent.fdet1-2.fna.fbcdn.net/v/t1.6435-1/73515520_2438634733051956_8465558266162708480_n.jpg?stp=c50.0.300.300a_cp0_dst-jpg_s32x32&_nc_cat=105&ccb=1-7&_nc_sid=e4545e&_nc_ohc=iYd9jBRw_P4Q7kNvgFgNUT8&_nc_ht=scontent.fdet1-2.fna&_nc_gid=AaMSgRQ7CJE-s7uVrth2pXj&oh=00_AYBAdtsUzVkww-Cxjebxg0a4Fbj1EpMFHHiplvcE7JaXEQ&oe=6709BBEE","https://www.facebook.com/people/Galib-Kampec/pfbid02CoBrtNGnPiKePWbbynz25uyJSuNfRwdSXjDZGrV96SJERR9TTAok3NY77SA2nF5Dl/",,,
,,,,,"https://www.facebook.com/100004370253176/posts/2809357805886534?comment_id=1767500344099806",,"2024-09-10T11:11:56.000Z","2809357805886534","https://www.facebook.com/100004370253176/posts/2809357805886534","ZmVlZGJhY2s6MjgwOTM1NzgwNTg4NjUzNF8xNzY3NTAwMzQ0MDk5ODA2","Y29tbWVudDoyODA5MzU3ODA1ODg2NTM0XzE3Njc1MDAzNDQwOTk4MDY=","https://www.facebook.com/100004370253176/posts/2809357805886534","0","112652978585649","false",,"Inna lillahi wa inna ilaihi raji'un. Alfatiha Om Ya Allah, semoga Engkau menerima iman dan Islam Om Mpala dan keluarga yang ditinggalkan diberikan ketabahan serta keikhlasan.","pfbid021R83DSewKvYwK5Gm229ZfJJP5WiNUnAUSxbMK5UwC27dbZAkmH1FSvSLrMnLXeGPl","Farha Febri","https://scontent.fdet1-1.fna.fbcdn.net/v/t39.30808-1/406397270_330903423062066_6039584180423574836_n.jpg?stp=c0.30.900.900a_cp0_dst-jpg_s32x32&_nc_cat=101&ccb=1-7&_nc_sid=0ecb9b&_nc_ohc=kAFzizjghx4Q7kNvgHwr2n7&_nc_ht=scontent.fdet1-1.fna&_nc_gid=AaMSgRQ7CJE-s7uVrth2pXj&oh=00_AYDj3bkJQwNsk-0qiIB-qfHDe_iOtD3L832Ge6hd9IvsyQ&oe=66E84132","https://www.facebook.com/people/Farha-Febri/pfbid021R83DSewKvYwK5Gm229ZfJJP5WiNUnAUSxbMK5UwC27dbZAkmH1FSvSLrMnLXeGPl/",,"innalilahi wainailaihi Rajiun",
,,,,,"https://www.facebook.com/100004370253176/posts/2809357805886534?comment_id=1554520485474382",,"2024-09-11T00:12:08.000Z","2809357805886534","https://www.facebook.com/100004370253176/posts/2809357805886534","ZmVlZGJhY2s6MjgwOTM1NzgwNTg4NjUzNF8xNTU0NTIwNDg1NDc0Mzgy","Y29tbWVudDoyODA5MzU3ODA1ODg2NTM0XzE1NTQ1MjA0ODU0NzQzODI=","https://www.facebook.com/100004370253176/posts/2809357805886534","1","112652978585649","false",,"Inna lillahi wa inna ilaihi raji'un. Alfatiha Om Ya Allah, semoga Engkau menerima iman dan Islam Om Mpala dan keluarga yang ditinggalkan diberikan ketabahan serta keikhlasan.","pfbid0h2U4oDoFnM7PNVud2eTf47qCuNEZLvQk2zbUKyiaZcmpWF78tZvgvMurkV6MmgRBl","Azzam Alfatih Nova","https://scontent.fdet1-1.fna.fbcdn.net/v/t39.30808-1/412802616_24281427414837912_1345210522974344571_n.jpg?stp=cp0_dst-jpg_s32x32&_nc_cat=110&ccb=1-7&_nc_sid=0ecb9b&_nc_ohc=M8J4ru8PSXUQ7kNvgGDaWnw&_nc_ht=scontent.fdet1-1.fna&_nc_gid=AaMSgRQ7CJE-s7uVrth2pXj&oh=00_AYCL6uZILwRUSRbJH6_aPO_GaIHagSLnvRPSKH0ZX5Q7HQ&oe=66E82BCD","https://www.facebook.com/nova.chyg",,"Innalilahi wa innailaihi Raji'un,ya Allah Bru sy liat postingan ,,semoga Husnul khotimah om 🤲🤲😇",
,,,,,"https://www.facebook.com/100004370253176/posts/2809357805886534?comment_id=3776139302703759",,"2024-09-10T15:27:53.000Z","2809357805886534","https://www.facebook.com/100004370253176/posts/2809357805886534","ZmVlZGJhY2s6MjgwOTM1NzgwNTg4NjUzNF8zNzc2MTM5MzAyNzAzNzU5","Y29tbWVudDoyODA5MzU3ODA1ODg2NTM0XzM3NzYxMzkzMDI3MDM3NTk=","https://www.facebook.com/100004370253176/posts/2809357805886534","1","112652978585649","false",,"Inna lillahi wa inna ilaihi raji'un. Alfatiha Om Ya Allah, semoga Engkau menerima iman dan Islam Om Mpala dan keluarga yang ditinggalkan diberikan ketabahan serta keikhlasan.","pfbid0tfGyiGfaLTyTPfrzTV75EqfEKF7wpKqHuzkHCFgDYkykroL72KjhNgfECEzrMe5rl","Linda Djunu","https://scontent.fdet1-1.fna.fbcdn.net/v/t39.30808-1/454316930_531408716018185_2939117793076240073_n.jpg?stp=cp0_dst-jpg_s32x32&_nc_cat=103&ccb=1-7&_nc_sid=0ecb9b&_nc_ohc=lhF7jTc0RHEQ7kNvgFs8qEy&_nc_ht=scontent.fdet1-1.fna&_nc_gid=AaMSgRQ7CJE-s7uVrth2pXj&oh=00_AYDBukX5RBGVqjr65nw13mXae70EjE2MoRkHQ-VI_ZnUbA&oe=66E826A8","https://www.facebook.com/people/Linda-Djunu/pfbid0tfGyiGfaLTyTPfrzTV75EqfEKF7wpKqHuzkHCFgDYkykroL72KjhNgfECEzrMe5rl/",,"Inna Lilaihi wa innailaihi raji'un  alfatiha buat.om kami semoga di lapangan kubur ny amln",
,,,,,"https://www.facebook.com/100004370253176/posts/2809357805886534?comment_id=538874938831066",,"2024-09-11T12:54:23.000Z","2809357805886534","https://www.facebook.com/100004370253176/posts/2809357805886534","ZmVlZGJhY2s6MjgwOTM1NzgwNTg4NjUzNF81Mzg4NzQ5Mzg4MzEwNjY=","Y29tbWVudDoyODA5MzU3ODA1ODg2NTM0XzUzODg3NDkzODgzMTA2Ng==","https://www.facebook.com/100004370253176/posts/2809357805886534","1","112652978585649","false",,"Inna lillahi wa inna ilaihi raji'un. Alfatiha Om Ya Allah, semoga Engkau menerima iman dan Islam Om Mpala dan keluarga yang ditinggalkan diberikan ketabahan serta keikhlasan.","100008165344231","Umi Umhy","https://scontent.fdet1-2.fna.fbcdn.net/v/t39.30808-1/438039788_3716872505261558_1375890091357811957_n.jpg?stp=cp0_dst-jpg_s32x32&_nc_cat=111&ccb=1-7&_nc_sid=50d2ac&_nc_ohc=x8WbUAoT0AoQ7kNvgHTrmkG&_nc_ht=scontent.fdet1-2.fna&_nc_gid=AaMSgRQ7CJE-s7uVrth2pXj&oh=00_AYDXtZWIF7bZ8EZU_tiUeFK47ApTIbTQV0rGvSCT1zrZBw&oe=66E8384D","https://www.facebook.com/umi.umhy.3",,"Innalilahi wa’innalilahi raji’un 😭😭😭",
,,,,,"https://www.facebook.com/100004370253176/posts/2809357805886534?comment_id=546238854506356",,"2024-09-10T13:35:42.000Z","2809357805886534","https://www.facebook.com/100004370253176/posts/2809357805886534","ZmVlZGJhY2s6MjgwOTM1NzgwNTg4NjUzNF81NDYyMzg4NTQ1MDYzNTY=","Y29tbWVudDoyODA5MzU3ODA1ODg2NTM0XzU0NjIzODg1NDUwNjM1Ng==","https://www.facebook.com/100004370253176/posts/2809357805886534","1","112652978585649","false",,"Inna lillahi wa inna ilaihi raji'un. Alfatiha Om Ya Allah, semoga Engkau menerima iman dan Islam Om Mpala dan keluarga yang ditinggalkan diberikan ketabahan serta keikhlasan.","pfbid0L6GZLj1rKwF5JqhiM8xNu2txX3acwy5kYFfys42rYPhGz11Vd9mPpmTeFffXZK3Jl","Salam Unga","https://scontent.fdet1-2.fna.fbcdn.net/v/t39.30808-1/415289601_3192111434417531_1598329616924101336_n.jpg?stp=c0.18.540.540a_cp0_dst-jpg_s32x32&_nc_cat=105&ccb=1-7&_nc_sid=0ecb9b&_nc_ohc=Ey1lp42U-mQQ7kNvgGyDfYL&_nc_ht=scontent.fdet1-2.fna&_nc_gid=AaMSgRQ7CJE-s7uVrth2pXj&oh=00_AYCRtFPy9ydp6Qq_2zI85-Bt6YkzuJDdD--1ad94aIjILg&oe=66E8294A","https://www.facebook.com/salamunga.unga",,"Innalillahi wainnailaihi roji'un",
,,,,,"https://www.facebook.com/100004370253176/posts/2809357805886534?comment_id=534477002381259",,"2024-09-10T23:25:27.000Z","2809357805886534","https://www.facebook.com/100004370253176/posts/2809357805886534","ZmVlZGJhY2s6MjgwOTM1NzgwNTg4NjUzNF81MzQ0NzcwMDIzODEyNTk=","Y29tbWVudDoyODA5MzU3ODA1ODg2NTM0XzUzNDQ3NzAwMjM4MTI1OQ==","https://www.facebook.com/100004370253176/posts/2809357805886534","1","112652978585649","false",,"Inna lillahi wa inna ilaihi raji'un. Alfatiha Om Ya Allah, semoga Engkau menerima iman dan Islam Om Mpala dan keluarga yang ditinggalkan diberikan ketabahan serta keikhlasan.","pfbid033fjh1r4L4iCVfZJ7sr8MbAophXcgSc7QagTBdVq5Jkfr6FgjyvoKDHFZePp99tEvl","Mita Muti Sasmita","https://scontent.fdet1-2.fna.fbcdn.net/v/t39.30808-1/456606711_494403339856145_3875555800913731449_n.jpg?stp=cp0_dst-jpg_s32x32&_nc_cat=108&ccb=1-7&_nc_sid=0ecb9b&_nc_ohc=rmEaKiIXdKEQ7kNvgFlSuwK&_nc_ht=scontent.fdet1-2.fna&_nc_gid=AaMSgRQ7CJE-s7uVrth2pXj&oh=00_AYDXW67ll9XRDCQQbI7f9KeAV4F_UbzxsVQcytpExXDvVw&oe=66E8456E","https://www.facebook.com/people/Mita-Muti-Sasmita/pfbid033fjh1r4L4iCVfZJ7sr8MbAophXcgSc7QagTBdVq5Jkfr6FgjyvoKDHFZePp99tEvl/",,"Innalillahi wa innailahi rojiun.",
,,,,,"https://www.facebook.com/100004370253176/posts/2809357805886534?comment_id=1568528934020458",,"2024-09-10T07:30:18.000Z","2809357805886534","https://www.facebook.com/100004370253176/posts/2809357805886534","ZmVlZGJhY2s6MjgwOTM1NzgwNTg4NjUzNF8xNTY4NTI4OTM0MDIwNDU4","Y29tbWVudDoyODA5MzU3ODA1ODg2NTM0XzE1Njg1Mjg5MzQwMjA0NTg=","https://www.facebook.com/100004370253176/posts/2809357805886534","1","112652978585649","false",,"Inna lillahi wa inna ilaihi raji'un. Alfatiha Om Ya Allah, semoga Engkau menerima iman dan Islam Om Mpala dan keluarga yang ditinggalkan diberikan ketabahan serta keikhlasan.","pfbid02tVfXzSzM3jQ6wXzPV5i6xy3vySTPWMFkpdQRTr3sTtG3iTDCbHuLQvNFdpuPvUyKl","Sarmiyati S Batjo","https://scontent.fdet1-2.fna.fbcdn.net/v/t39.30808-1/424817510_1164372964946128_4165064885363823025_n.jpg?stp=cp0_dst-jpg_s32x32&_nc_cat=109&ccb=1-7&_nc_sid=0ecb9b&_nc_ohc=fbRJqnS5RYQQ7kNvgGM6rvg&_nc_ht=scontent.fdet1-2.fna&_nc_gid=AaMSgRQ7CJE-s7uVrth2pXj&oh=00_AYCJ1j8Ocoghh0D_glEBoFMXAkz9L8yXJPepPAybGR7KJA&oe=66E82B70","https://www.facebook.com/sarmiatibaco.sarmiatibaco",,"Innalillahiwainnaailahi Raji'un.",
,,,,,"https://www.facebook.com/100004370253176/posts/2809357805886534?comment_id=871107664956180",,"2024-09-10T08:22:09.000Z","2809357805886534","https://www.facebook.com/100004370253176/posts/2809357805886534","ZmVlZGJhY2s6MjgwOTM1NzgwNTg4NjUzNF84NzExMDc2NjQ5NTYxODA=","Y29tbWVudDoyODA5MzU3ODA1ODg2NTM0Xzg3MTEwNzY2NDk1NjE4MA==","https://www.facebook.com/100004370253176/posts/2809357805886534","1","112652978585649","false",,"Inna lillahi wa inna ilaihi raji'un. Alfatiha Om Ya Allah, semoga Engkau menerima iman dan Islam Om Mpala dan keluarga yang ditinggalkan diberikan ketabahan serta keikhlasan.","pfbid02Fr7GTvanBypb2dK3vbx5YKjCGftpYRhQzqWm74PjGcNQze86AacnUaBAmpJtDhEjl","Sulaseh","https://scontent.fdet1-1.fna.fbcdn.net/v/t39.30808-1/428682878_981429110000871_1810165352482226153_n.jpg?stp=cp0_dst-jpg_s32x32&_nc_cat=103&ccb=1-7&_nc_sid=0ecb9b&_nc_aid=0&_nc_ohc=rNJgtKoOd_IQ7kNvgHrJvdS&_nc_ht=scontent.fdet1-1.fna&_nc_gid=AaMSgRQ7CJE-s7uVrth2pXj&oh=00_AYCk-ZUAGseCAEYDwP5XzVD7hr3PomU_wMXUu0Jqd2vlbg&oe=66E83475","https://www.facebook.com/sulaseh.sulaseh.1272",,"Innalillahi wa innaillaihi rojiun",
,,,,,"https://www.facebook.com/100004370253176/posts/2809357805886534?comment_id=1062681145454335",,"2024-09-10T07:45:33.000Z","2809357805886534","https://www.facebook.com/100004370253176/posts/2809357805886534","ZmVlZGJhY2s6MjgwOTM1NzgwNTg4NjUzNF8xMDYyNjgxMTQ1NDU0MzM1","Y29tbWVudDoyODA5MzU3ODA1ODg2NTM0XzEwNjI2ODExNDU0NTQzMzU=","https://www.facebook.com/100004370253176/posts/2809357805886534","1","112652978585649","false",,"Inna lillahi wa inna ilaihi raji'un. Alfatiha Om Ya Allah, semoga Engkau menerima iman dan Islam Om Mpala dan keluarga yang ditinggalkan diberikan ketabahan serta keikhlasan.","100002099697066","Madi Bin Musa","https://scontent.fdet1-1.fna.fbcdn.net/v/t1.18169-1/14022154_1115757728504206_5251622059392195562_n.jpg?stp=c0.125.720.720a_cp0_dst-jpg_s32x32&_nc_cat=101&ccb=1-7&_nc_sid=db5862&_nc_ohc=loOCb4uXhIIQ7kNvgEp7aMN&_nc_ht=scontent.fdet1-1.fna&oh=00_AYC0ZW8G3RJXbhMVBMmL4VWhYRPozAtC7PSfh6sCAsFOlg&oe=6709C10A","https://www.facebook.com/mhadi.mecca",,"Innalillahi Wa innailaihi rojiun",
,,,,,"https://www.facebook.com/100004370253176/posts/2809357805886534?comment_id=364731910042246",,"2024-09-10T07:02:31.000Z","2809357805886534","https://www.facebook.com/100004370253176/posts/2809357805886534","ZmVlZGJhY2s6MjgwOTM1NzgwNTg4NjUzNF8zNjQ3MzE5MTAwNDIyNDY=","Y29tbWVudDoyODA5MzU3ODA1ODg2NTM0XzM2NDczMTkxMDA0MjI0Ng==","https://www.facebook.com/100004370253176/posts/2809357805886534","1","112652978585649","false",,"Inna lillahi wa inna ilaihi raji'un. Alfatiha Om Ya Allah, semoga Engkau menerima iman dan Islam Om Mpala dan keluarga yang ditinggalkan diberikan ketabahan serta keikhlasan.","pfbid02swfcq4rP337snvyVGzHpNuSP35qZ2YiGnZ4Y19tdeeSkGa8y3E4TLYAGG3k75hN6l","Nelfi Unga","https://scontent.fdet1-1.fna.fbcdn.net/v/t39.30808-1/241407716_1803451596494395_5485539539524067627_n.jpg?stp=c41.0.637.637a_cp0_dst-jpg_s32x32&_nc_cat=100&ccb=1-7&_nc_sid=0ecb9b&_nc_ohc=iYiXXJJwLbAQ7kNvgEOuUo-&_nc_ht=scontent.fdet1-1.fna&_nc_gid=AaMSgRQ7CJE-s7uVrth2pXj&oh=00_AYCh6Eua7QIh6fSnrb9ltBZJQ1ubv7Slz9hDGBQNqy-nSQ&oe=66E82497","https://www.facebook.com/Nelfi.boroz",,"Innalilahi wa Inna ilaihi Raji'un",
,,,,,"https://www.facebook.com/100004370253176/posts/2809357805886534?comment_id=1282926839359906",,"2024-09-10T07:00:08.000Z","2809357805886534","https://www.facebook.com/100004370253176/posts/2809357805886534","ZmVlZGJhY2s6MjgwOTM1NzgwNTg4NjUzNF8xMjgyOTI2ODM5MzU5OTA2","Y29tbWVudDoyODA5MzU3ODA1ODg2NTM0XzEyODI5MjY4MzkzNTk5MDY=","https://www.facebook.com/100004370253176/posts/2809357805886534","1","112652978585649","false",,"Inna lillahi wa inna ilaihi raji'un. Alfatiha Om Ya Allah, semoga Engkau menerima iman dan Islam Om Mpala dan keluarga yang ditinggalkan diberikan ketabahan serta keikhlasan.","pfbid035XdsE5jfJ6UAx9RfLBAnzQ1tmNkgBJDXGgA5V76abtnRNtS5MxoAeE5tJQ4E9r1Ql","Ratna M Tufu","https://scontent.fdet1-2.fna.fbcdn.net/v/t39.30808-1/310042984_797396491475390_7314309836319914920_n.jpg?stp=c0.21.644.644a_cp0_dst-jpg_s32x32&_nc_cat=105&ccb=1-7&_nc_sid=0ecb9b&_nc_ohc=ZSKiy7rMZVUQ7kNvgEU16tK&_nc_ht=scontent.fdet1-2.fna&_nc_gid=AaMSgRQ7CJE-s7uVrth2pXj&oh=00_AYAauT1qNhXfBp5IOTNuGKctu_Fwakr9CUk0Vhu9Hxyohw&oe=66E837C2","https://www.facebook.com/people/Ratna-M-Tufu/pfbid035XdsE5jfJ6UAx9RfLBAnzQ1tmNkgBJDXGgA5V76abtnRNtS5MxoAeE5tJQ4E9r1Ql/",,"Innalillahi wainnailaihi rojiun",
,,,,,"https://www.facebook.com/100004370253176/posts/2809357805886534?comment_id=1650455919139527",,"2024-09-10T08:56:59.000Z","2809357805886534","https://www.facebook.com/100004370253176/posts/2809357805886534","ZmVlZGJhY2s6MjgwOTM1NzgwNTg4NjUzNF8xNjUwNDU1OTE5MTM5NTI3","Y29tbWVudDoyODA5MzU3ODA1ODg2NTM0XzE2NTA0NTU5MTkxMzk1Mjc=","https://www.facebook.com/100004370253176/posts/2809357805886534","1","112652978585649","false",,"Inna lillahi wa inna ilaihi raji'un. Alfatiha Om Ya Allah, semoga Engkau menerima iman dan Islam Om Mpala dan keluarga yang ditinggalkan diberikan ketabahan serta keikhlasan.","100078937133388","Rhenaldy Mang","https://scontent.fdet1-2.fna.fbcdn.net/v/t39.30808-1/454973266_494925989815301_7968822843212344683_n.jpg?stp=cp0_dst-jpg_s32x32&_nc_cat=104&ccb=1-7&_nc_sid=50d2ac&_nc_ohc=3k4JSN50ZOgQ7kNvgGeHFQu&_nc_ht=scontent.fdet1-2.fna&_nc_gid=AaMSgRQ7CJE-s7uVrth2pXj&oh=00_AYDmeqauzB83ChYLuh93NKc22HjueG15k0DX6vcqBmrUJA&oe=66E80D37","https://www.facebook.com/people/Rhenaldy-Mang/100078937133388/",,"Inalilahi wainalilahi rojiun",
,,,,,"https://www.facebook.com/100004370253176/posts/2809357805886534?comment_id=3813819668865498",,"2024-09-10T07:05:49.000Z","2809357805886534","https://www.facebook.com/100004370253176/posts/2809357805886534","ZmVlZGJhY2s6MjgwOTM1NzgwNTg4NjUzNF8zODEzODE5NjY4ODY1NDk4","Y29tbWVudDoyODA5MzU3ODA1ODg2NTM0XzM4MTM4MTk2Njg4NjU0OTg=","https://www.facebook.com/100004370253176/posts/2809357805886534","1","112652978585649","false",,"Inna lillahi wa inna ilaihi raji'un. Alfatiha Om Ya Allah, semoga Engkau menerima iman dan Islam Om Mpala dan keluarga yang ditinggalkan diberikan ketabahan serta keikhlasan.","100011451619115","Wayan Sarpe","https://scontent.fdet1-2.fna.fbcdn.net/v/t39.30808-1/419716610_2248420565549642_5856176229147871802_n.jpg?stp=cp0_dst-jpg_s32x32&_nc_cat=104&ccb=1-7&_nc_sid=50d2ac&_nc_ohc=dlKSC0-2TwMQ7kNvgHqOA_I&_nc_ht=scontent.fdet1-2.fna&_nc_gid=AaMSgRQ7CJE-s7uVrth2pXj&oh=00_AYDNDvp1bajgLm7x9xSdoMDZR4Xfxh-5Iau2Wu7o4gSk2A&oe=66E81D4B","https://www.facebook.com/sarpewayan",,"Turut berdukacita",
,,,,,"https://www.facebook.com/100004370253176/posts/2810851575737157?comment_id=908971874426256","1","2024-09-12T01:52:07.000Z","2810851575737157","https://www.facebook.com/100004370253176/posts/2810851575737157","ZmVlZGJhY2s6MjgxMDg1MTU3NTczNzE1N185MDg5NzE4NzQ0MjYyNTY=","Y29tbWVudDoyODEwODUxNTc1NzM3MTU3XzkwODk3MTg3NDQyNjI1Ng==","https://www.facebook.com/100004370253176/posts/2810851575737157","1","112652978585649",,,"Tomat Citra Asia F1
Tomat hibrida semi indeterminate.
Bentuk buah : oval.
Warna buah muda : hijau dengan pundak hijau gelap.
Warna buah masak : merah.
Berat buah : 51-65 g/buah.
Umur panen : 55-68...","pfbid02aeu7vAskkJuBHozVbi56ZEWu9eDmy9CauqzPQeH5GMmsmYxSQoFEiL4x777DedqFl","Ponidhy AdHy","https://scontent.fbbi1-1.fna.fbcdn.net/v/t1.6435-1/159931618_1930153537136143_2070897448626088041_n.jpg?stp=c7.0.405.405a_cp0_dst-jpg_s32x32&_nc_cat=103&ccb=1-7&_nc_sid=e4545e&_nc_ohc=pZaIzLf6FKIQ7kNvgE0YXLv&_nc_ht=scontent.fbbi1-1.fna&_nc_gid=AjTF5w3lH-MhbtPa7LU1Vii&oh=00_AYDo_iX_fwooewomXgVryEEhybJAd3kuQRiMD1-zpA2lqw&oe=6709C36D","https://www.facebook.com/ponidhy.adhy",,"Mantap Kaka 👍",
,,,,,"https://www.facebook.com/100004370253176/posts/2806370402851941?comment_id=1156507515456461",,"2024-09-09T00:51:22.000Z","2806370402851941","https://www.facebook.com/100004370253176/posts/2806370402851941","ZmVlZGJhY2s6MjgwNjM3MDQwMjg1MTk0MV8xMTU2NTA3NTE1NDU2NDYx","Y29tbWVudDoyODA2MzcwNDAyODUxOTQxXzExNTY1MDc1MTU0NTY0NjE=","https://www.facebook.com/100004370253176/posts/2806370402851941","0",,,,"Buah Tomat Vitalia F1 sangat lebat dan tahan simpan

#suksesbersamapetanibintangasia
@benihcitraasia
@benih_bintangasia
#benihcitraasia...","pfbid0PLmN4XgrhG5odybeb2JEbmDdzqBYeGjiDKtGuwnTZajtdmSdtbMB8ZTWnfrDDwmgl","Eric Z","https://scontent-man2-1.xx.fbcdn.net/v/t1.6435-1/29389366_100508254127636_6370208382900502528_n.jpg?stp=cp0_dst-jpg_s32x32&_nc_cat=106&ccb=1-7&_nc_sid=0ecb9b&_nc_ohc=hK77MORXSVwQ7kNvgHlLzFL&_nc_ht=scontent-man2-1.xx&oh=00_AYBQj2Pi_S6PlMPksfO5jq7ANUkzeyVqLrBI8800PaJUDw&oe=6709C785","https://www.facebook.com/eric.z.524",,"buah kecil-kecil",
,,,,,"https://www.facebook.com/100004370253176/posts/2806370402851941?comment_id=792685183075204","1","2024-09-09T00:52:14.000Z","2806370402851941","https://www.facebook.com/100004370253176/posts/2806370402851941","ZmVlZGJhY2s6MjgwNjM3MDQwMjg1MTk0MV83OTI2ODUxODMwNzUyMDQ=","Y29tbWVudDoyODA2MzcwNDAyODUxOTQxXzc5MjY4NTE4MzA3NTIwNA==","https://www.facebook.com/100004370253176/posts/2806370402851941","1",,,,"Buah Tomat Vitalia F1 sangat lebat dan tahan simpan

#suksesbersamapetanibintangasia
@benihcitraasia
@benih_bintangasia
#benihcitraasia...","pfbid0S9Gdg6jW7MNVMcjgQWJKwB1QvPgcBXeYwF4qCnwt74nfFfuexMos32N9whUtDXkYl","Opeq Bintang Asia","https://scontent-man2-1.xx.fbcdn.net/v/t39.30808-1/440808755_122106493232287865_6230265854575499414_n.jpg?stp=cp0_dst-jpg_s32x32&_nc_cat=108&ccb=1-7&_nc_sid=0ecb9b&_nc_ohc=ULmtTw8K-M4Q7kNvgESjFWJ&_nc_ht=scontent-man2-1.xx&oh=00_AYAdBLFTRyYqRyiUEJvYHY7KbHQmvX1EvJZIWqBpp4zkBA&oe=66E82C6E","https://www.facebook.com/people/Opeq-Bintang-Asia/pfbid0S9Gdg6jW7MNVMcjgQWJKwB1QvPgcBXeYwF4qCnwt74nfFfuexMos32N9whUtDXkYl/",,"Tahan virus.
Buah lebat.
Produksi tinggi.",
,,,,,"https://www.facebook.com/100004370253176/posts/2810015825820732?comment_id=1135550874575460",,"2024-09-11T07:03:50.000Z","2810015825820732","https://www.facebook.com/100004370253176/posts/2810015825820732","ZmVlZGJhY2s6MjgxMDAxNTgyNTgyMDczMl8xMTM1NTUwODc0NTc1NDYw","Y29tbWVudDoyODEwMDE1ODI1ODIwNzMyXzExMzU1NTA4NzQ1NzU0NjA=","https://www.facebook.com/100004370253176/posts/2810015825820732","0","112652978585649","false",,"Tomat Citra Asia F1
Tomat hibrida semi indeterminate.
Bentuk buah : oval.
Warna buah muda : hijau dengan pundak hijau gelap.
Warna buah masak : merah.
Berat buah : 51-65 g/buah.
Umur panen : 55-68 hst.
Potensi hasil : 37-43 ton/ha.
Tahan simpan.
Adaptasi utama di dataran rendah.
Tahan virus.
Buah lebat.
Produksi tinggi.
Tahan kirim jauh.
Cocok di dataran rendah-tinggi.","pfbid0S9Gdg6jW7MNVMcjgQWJKwB1QvPgcBXeYwF4qCnwt74nfFfuexMos32N9whUtDXkYl","Opeq Bintang Asia","https://scontent-gru1-2.xx.fbcdn.net/v/t39.30808-1/440808755_122106493232287865_6230265854575499414_n.jpg?stp=cp0_dst-jpg_s32x32&_nc_cat=108&ccb=1-7&_nc_sid=0ecb9b&_nc_ohc=ULmtTw8K-M4Q7kNvgHk2qtD&_nc_ht=scontent-gru1-2.xx&_nc_gid=AOn76K84WKaqsxaRoYLMxaf&oh=00_AYDCx1whbED1ukn2mC7uKsfWJWX2VCQ5_HUg7H7XlBp7tw&oe=66E82C6E","https://www.facebook.com/people/Opeq-Bintang-Asia/pfbid0S9Gdg6jW7MNVMcjgQWJKwB1QvPgcBXeYwF4qCnwt74nfFfuexMos32N9whUtDXkYl/",,"Semi indeterminate.
Tahan virus.
Buah lebat.
Produksi tinggi.
Tahan kirim jauh.
Cocok di dataran rendah-tinggi.",
,,,,,"https://www.facebook.com/100004370253176/posts/2810015825820732?comment_id=1180599113799865",,"2024-09-11T01:44:06.000Z","2810015825820732","https://www.facebook.com/100004370253176/posts/2810015825820732","ZmVlZGJhY2s6MjgxMDAxNTgyNTgyMDczMl8xMTgwNTk5MTEzNzk5ODY1","Y29tbWVudDoyODEwMDE1ODI1ODIwNzMyXzExODA1OTkxMTM3OTk4NjU=","https://www.facebook.com/100004370253176/posts/2810015825820732","1","112652978585649","false",,"Tomat Citra Asia F1
Tomat hibrida semi indeterminate.
Bentuk buah : oval.
Warna buah muda : hijau dengan pundak hijau gelap.
Warna buah masak : merah.
Berat buah : 51-65 g/buah.
Umur panen : 55-68 hst.
Potensi hasil : 37-43 ton/ha.
Tahan simpan.
Adaptasi utama di dataran rendah.
Tahan virus.
Buah lebat.
Produksi tinggi.
Tahan kirim jauh.
Cocok di dataran rendah-tinggi.","100013364191442","Nrll Bintang Asia","https://scontent-gru2-1.xx.fbcdn.net/v/t39.30808-1/458447769_1998595423929245_3345542859681615678_n.jpg?stp=c0.153.922.922a_cp0_dst-jpg_s32x32&_nc_cat=107&ccb=1-7&_nc_sid=50d2ac&_nc_ohc=_Hl7vUsogewQ7kNvgG9X5yz&_nc_ht=scontent-gru2-1.xx&_nc_gid=AOn76K84WKaqsxaRoYLMxaf&oh=00_AYBmG2sZnTFTMBOuAXsevbUtxSaFaTPCcbdRHNvUTdqFQg&oe=66E83A05","https://www.facebook.com/nurul.hardianti.9237",,"mantap",
,,,,,"https://www.facebook.com/100004370253176/posts/2810015825820732?comment_id=1048294660023454",,"2024-09-11T01:12:40.000Z","2810015825820732","https://www.facebook.com/100004370253176/posts/2810015825820732","ZmVlZGJhY2s6MjgxMDAxNTgyNTgyMDczMl8xMDQ4Mjk0NjYwMDIzNDU0","Y29tbWVudDoyODEwMDE1ODI1ODIwNzMyXzEwNDgyOTQ2NjAwMjM0NTQ=","https://www.facebook.com/100004370253176/posts/2810015825820732","1","112652978585649","false",,"Tomat Citra Asia F1
Tomat hibrida semi indeterminate.
Bentuk buah : oval.
Warna buah muda : hijau dengan pundak hijau gelap.
Warna buah masak : merah.
Berat buah : 51-65 g/buah.
Umur panen : 55-68 hst.
Potensi hasil : 37-43 ton/ha.
Tahan simpan.
Adaptasi utama di dataran rendah.
Tahan virus.
Buah lebat.
Produksi tinggi.
Tahan kirim jauh.
Cocok di dataran rendah-tinggi.","61559648087814","Sami Bintang Asia","https://scontent-gru1-1.xx.fbcdn.net/v/t39.30808-1/447269061_122112947984321602_2383448233833295482_n.jpg?stp=cp0_dst-jpg_s32x32&_nc_cat=101&ccb=1-7&_nc_sid=10b96e&_nc_ohc=u5IHEqVn-CAQ7kNvgGpm0JJ&_nc_ht=scontent-gru1-1.xx&_nc_gid=AOn76K84WKaqsxaRoYLMxaf&oh=00_AYDsu6WqnhY4TM4pFUpUVVZksh5XyPazBoZk2yDRhQI93A&oe=66E8280C","https://www.facebook.com/sami.bintang.asia",,"Mantap om",
,,,,,"https://www.facebook.com/100004370253176/posts/2810015825820732?comment_id=1035543161166987","1","2024-09-11T13:57:22.000Z","2810015825820732","https://www.facebook.com/100004370253176/posts/2810015825820732","ZmVlZGJhY2s6MjgxMDAxNTgyNTgyMDczMl8xMDM1NTQzMTYxMTY2OTg3","Y29tbWVudDoyODEwMDE1ODI1ODIwNzMyXzEwMzU1NDMxNjExNjY5ODc=","https://www.facebook.com/100004370253176/posts/2810015825820732","1","112652978585649","false",,"Tomat Citra Asia F1
Tomat hibrida semi indeterminate.
Bentuk buah : oval.
Warna buah muda : hijau dengan pundak hijau gelap.
Warna buah masak : merah.
Berat buah : 51-65 g/buah.
Umur panen : 55-68 hst.
Potensi hasil : 37-43 ton/ha.
Tahan simpan.
Adaptasi utama di dataran rendah.
Tahan virus.
Buah lebat.
Produksi tinggi.
Tahan kirim jauh.
Cocok di dataran rendah-tinggi.","pfbid0p9wGfHatkVUFP676yLuWT9pLPLYJ4uhwptkvGbRjacSCWGEPbEHuzrHrDDtp65jGl","Asdedi Ahmad","https://scontent-gru2-2.xx.fbcdn.net/v/t31.18172-1/27625496_2286974631328035_5659917609308741931_o.jpg?stp=cp0_dst-jpg_s32x32&_nc_cat=105&ccb=1-7&_nc_sid=e4545e&_nc_ohc=E3X44_JhhtAQ7kNvgG0AD-t&_nc_ht=scontent-gru2-2.xx&_nc_gid=AOn76K84WKaqsxaRoYLMxaf&oh=00_AYCoXeZq0x3QoSr-jvK08GUNTtX4pfeoBc3LUGPie6MbtQ&oe=6709B7EC",,,"Siapa yg petugas di palu lee.?",
,,,,,"https://www.facebook.com/100004370253176/posts/2810842432404738?comment_id=326979800437451",,"2024-09-11T23:44:09.000Z","2810842432404738","https://www.facebook.com/100004370253176/posts/2810842432404738","ZmVlZGJhY2s6MjgxMDg0MjQzMjQwNDczOF8zMjY5Nzk4MDA0Mzc0NTE=","Y29tbWVudDoyODEwODQyNDMyNDA0NzM4XzMyNjk3OTgwMDQzNzQ1MQ==","https://www.facebook.com/100004370253176/posts/2810842432404738","1",,,,"Tomat Citra Asia F1
Tomat hibrida semi indeterminate.
Bentuk buah : oval.
Warna buah muda : hijau dengan pundak hijau gelap.
Warna buah masak : merah....","100007578522755","Renzy Bintangasia","https://scontent.fpoa34-1.fna.fbcdn.net/v/t39.30808-1/426012403_3605728109689771_2277782955804277447_n.jpg?stp=cp0_dst-jpg_s32x32&_nc_cat=104&ccb=1-7&_nc_sid=50d2ac&_nc_ohc=M574j_z4JmsQ7kNvgGB5eLG&_nc_ht=scontent.fpoa34-1.fna&_nc_gid=AYFfuercWsp-rMahKgI2A9N&oh=00_AYAPuxlRVrvbq98H13A61jX2yj-Lx2jekJpEfLKny3WtWw&oe=66E81F84","https://www.facebook.com/renzi.prayuda",,"Mantap bos",
,,,,,"https://www.facebook.com/100004370253176/posts/2810842432404738?comment_id=2102064520195831",,"2024-09-12T01:43:33.000Z","2810842432404738","https://www.facebook.com/100004370253176/posts/2810842432404738","ZmVlZGJhY2s6MjgxMDg0MjQzMjQwNDczOF8yMTAyMDY0NTIwMTk1ODMx","Y29tbWVudDoyODEwODQyNDMyNDA0NzM4XzIxMDIwNjQ1MjAxOTU4MzE=","https://www.facebook.com/100004370253176/posts/2810842432404738","1",,,,"Tomat Citra Asia F1
Tomat hibrida semi indeterminate.
Bentuk buah : oval.
Warna buah muda : hijau dengan pundak hijau gelap.
Warna buah masak : merah....","pfbid0S9Gdg6jW7MNVMcjgQWJKwB1QvPgcBXeYwF4qCnwt74nfFfuexMos32N9whUtDXkYl","Opeq Bintang Asia","https://scontent.fpoa34-1.fna.fbcdn.net/v/t39.30808-1/440808755_122106493232287865_6230265854575499414_n.jpg?stp=cp0_dst-jpg_s32x32&_nc_cat=108&ccb=1-7&_nc_sid=0ecb9b&_nc_ohc=ULmtTw8K-M4Q7kNvgHKjZQD&_nc_ht=scontent.fpoa34-1.fna&_nc_gid=AYFfuercWsp-rMahKgI2A9N&oh=00_AYAzF_8wGeurU0iTZYkIdtjygCn0EwSD78Lm5OdR5sU5EQ&oe=66E82C6E","https://www.facebook.com/people/Opeq-Bintang-Asia/pfbid0S9Gdg6jW7MNVMcjgQWJKwB1QvPgcBXeYwF4qCnwt74nfFfuexMos32N9whUtDXkYl/",,"Semi indeterminate.
Tahan virus.
Buah lebat.
Produksi tinggi.
Tahan kirim jauh.
Cocok di dataran rendah-tinggi.",
,,,,,"https://www.facebook.com/100004370253176/posts/2809361512552830?comment_id=1032302615145723",,"2024-09-10T08:26:19.000Z","2809361512552830","https://www.facebook.com/100004370253176/posts/2809361512552830","ZmVlZGJhY2s6MjgwOTM2MTUxMjU1MjgzMF8xMDMyMzAyNjE1MTQ1NzIz","Y29tbWVudDoyODA5MzYxNTEyNTUyODMwXzEwMzIzMDI2MTUxNDU3MjM=","https://www.facebook.com/100004370253176/posts/2809361512552830","0","112652978585649","false",,"Inna lillahi wa inna ilaihi raji'un. Alfatiha Om Ya Allah, semoga Engkau menerima iman dan Islam Om Mpala dan keluarga yang ditinggalkan diberikan ketabahan serta keikhlasan.","pfbid02A26wFS3D3pQeB9uNvkoetrCorBF4Nxztbpvzi3GUpTDEz5nPNpzod9EveJDQ5JWQl","Helda Djunu","https://scontent-dfw5-1.xx.fbcdn.net/v/t39.30808-1/408033963_1384290892508149_5342436631805041041_n.jpg?stp=cp0_dst-jpg_s32x32&_nc_cat=110&ccb=1-7&_nc_sid=0ecb9b&_nc_ohc=WamnfUMbrBYQ7kNvgHJ4moq&_nc_ht=scontent-dfw5-1.xx&_nc_gid=A-BQBVnxsUK9gJUzWquUtJp&oh=00_AYCNOV57JUAkJvzIvmivAAapSLdAImO5YG_bVM5XWEWO3A&oe=66E81E04","https://www.facebook.com/helda.djunu",,"Inalilahi wainailaihi rajiun semoga Khusnul khatimah om pala",
,,,,,"https://www.facebook.com/100004370253176/posts/2809361512552830?comment_id=1491868021457675",,"2024-09-10T14:19:25.000Z","2809361512552830","https://www.facebook.com/100004370253176/posts/2809361512552830","ZmVlZGJhY2s6MjgwOTM2MTUxMjU1MjgzMF8xNDkxODY4MDIxNDU3Njc1","Y29tbWVudDoyODA5MzYxNTEyNTUyODMwXzE0OTE4NjgwMjE0NTc2NzU=","https://www.facebook.com/100004370253176/posts/2809361512552830","0","112652978585649","false",,"Inna lillahi wa inna ilaihi raji'un. Alfatiha Om Ya Allah, semoga Engkau menerima iman dan Islam Om Mpala dan keluarga yang ditinggalkan diberikan ketabahan serta keikhlasan.","pfbid033fjh1r4L4iCVfZJ7sr8MbAophXcgSc7QagTBdVq5Jkfr6FgjyvoKDHFZePp99tEvl","Mita Muti Sasmita","https://scontent-dfw5-2.xx.fbcdn.net/v/t39.30808-1/456606711_494403339856145_3875555800913731449_n.jpg?stp=cp0_dst-jpg_s32x32&_nc_cat=108&ccb=1-7&_nc_sid=0ecb9b&_nc_ohc=rmEaKiIXdKEQ7kNvgFDAO9d&_nc_ht=scontent-dfw5-2.xx&_nc_gid=A-BQBVnxsUK9gJUzWquUtJp&oh=00_AYC2IqUTXboIEoogyMw4FB8RlFdhNFKUcoP485_j9ve4og&oe=66E8456E","https://www.facebook.com/people/Mita-Muti-Sasmita/pfbid033fjh1r4L4iCVfZJ7sr8MbAophXcgSc7QagTBdVq5Jkfr6FgjyvoKDHFZePp99tEvl/",,"Siapa itu yg mninggal",
,,,,,"https://www.facebook.com/100004370253176/posts/2809361512552830?comment_id=441472674957692",,"2024-09-10T07:47:04.000Z","2809361512552830","https://www.facebook.com/100004370253176/posts/2809361512552830","ZmVlZGJhY2s6MjgwOTM2MTUxMjU1MjgzMF80NDE0NzI2NzQ5NTc2OTI=","Y29tbWVudDoyODA5MzYxNTEyNTUyODMwXzQ0MTQ3MjY3NDk1NzY5Mg==","https://www.facebook.com/100004370253176/posts/2809361512552830","1","112652978585649","false",,"Inna lillahi wa inna ilaihi raji'un. Alfatiha Om Ya Allah, semoga Engkau menerima iman dan Islam Om Mpala dan keluarga yang ditinggalkan diberikan ketabahan serta keikhlasan.","pfbid035XdsE5jfJ6UAx9RfLBAnzQ1tmNkgBJDXGgA5V76abtnRNtS5MxoAeE5tJQ4E9r1Ql","Ratna M Tufu","https://scontent-dfw5-1.xx.fbcdn.net/v/t39.30808-1/310042984_797396491475390_7314309836319914920_n.jpg?stp=c0.21.644.644a_cp0_dst-jpg_s32x32&_nc_cat=105&ccb=1-7&_nc_sid=0ecb9b&_nc_ohc=ZSKiy7rMZVUQ7kNvgEvqidh&_nc_ht=scontent-dfw5-1.xx&_nc_gid=A-BQBVnxsUK9gJUzWquUtJp&oh=00_AYCI7TCvVBoXQ26hdfONrkaNBZWa2_HmNCFtsPIoNc-jMg&oe=66E837C2","https://www.facebook.com/people/Ratna-M-Tufu/pfbid035XdsE5jfJ6UAx9RfLBAnzQ1tmNkgBJDXGgA5V76abtnRNtS5MxoAeE5tJQ4E9r1Ql/",,"Amiin 🤲",
,,,,,"https://www.facebook.com/100004370253176/posts/2809361512552830?comment_id=1193125275139147",,"2024-09-10T07:07:44.000Z","2809361512552830","https://www.facebook.com/100004370253176/posts/2809361512552830","ZmVlZGJhY2s6MjgwOTM2MTUxMjU1MjgzMF8xMTkzMTI1Mjc1MTM5MTQ3","Y29tbWVudDoyODA5MzYxNTEyNTUyODMwXzExOTMxMjUyNzUxMzkxNDc=","https://www.facebook.com/100004370253176/posts/2809361512552830","1","112652978585649","false",,"Inna lillahi wa inna ilaihi raji'un. Alfatiha Om Ya Allah, semoga Engkau menerima iman dan Islam Om Mpala dan keluarga yang ditinggalkan diberikan ketabahan serta keikhlasan.","100005873528021","Nhurwhathy R. Tufu Lakarani","https://scontent-dfw5-2.xx.fbcdn.net/v/t39.30808-1/458086042_2715481068657651_1475870188877148285_n.jpg?stp=cp0_dst-jpg_s32x32&_nc_cat=104&ccb=1-7&_nc_sid=50d2ac&_nc_ohc=PAxx26etRGoQ7kNvgHsLPfG&_nc_ht=scontent-dfw5-2.xx&_nc_gid=A-BQBVnxsUK9gJUzWquUtJp&oh=00_AYA0sPprzZl5nz4jKIvOk-ZCNs_bzlQcjmgt2eAkLkc1Gg&oe=66E8412C","https://www.facebook.com/whaty.smille",,"Amiiiin ya rabbal alamiiiinn🤲🤲🥲",
,,,,,"https://www.facebook.com/100004370253176/posts/2810015825820732?comment_id=1526634451280595",,"2024-09-11T14:02:35.000Z","2810015825820732","https://www.facebook.com/100004370253176/posts/2810015825820732","ZmVlZGJhY2s6MjgxMDAxNTgyNTgyMDczMl8xNTI2NjM0NDUxMjgwNTk1","Y29tbWVudDoyODEwMDE1ODI1ODIwNzMyXzE1MjY2MzQ0NTEyODA1OTU=","https://www.facebook.com/100004370253176/posts/2810015825820732","0","112652978585649","false",,"Tomat Citra Asia F1
Tomat hibrida semi indeterminate.
Bentuk buah : oval.
Warna buah muda : hijau dengan pundak hijau gelap.
Warna buah masak : merah.
Berat buah : 51-65 g/buah.
Umur panen : 55-68 hst.
Potensi hasil : 37-43 ton/ha.
Tahan simpan.
Adaptasi utama di dataran rendah.
Tahan virus.
Buah lebat.
Produksi tinggi.
Tahan kirim jauh.
Cocok di dataran rendah-tinggi.","100004370253176","Muhamad Cali Faiz Ahmad","https://scontent-lhr8-1.xx.fbcdn.net/v/t39.30808-1/456120459_2788136318008683_7418166726346064265_n.jpg?stp=cp0_dst-jpg_s32x32&_nc_cat=108&ccb=1-7&_nc_sid=50d2ac&_nc_ohc=EMIU55VJAHkQ7kNvgGHwwTV&_nc_ht=scontent-lhr8-1.xx&_nc_gid=AxAKUPjLWd3WggP9ssOcMoG&oh=00_AYBiUI5T1anJBhkVJ4ilSCWewm2HlJox53JypGX5vmZJcg&oe=66E827AD","https://www.facebook.com/muhamad.cali.98","Y29tbWVudDoyODEwMDE1ODI1ODIwNzMyXzEwMzU1NDMxNjExNjY5ODc=","Asdedi Ahmad ada ka,, namanya
 Rian atau ada ka Gery ...","1"
"animated_image_autoplay","animated_image_share","image_share","share","fallback","https://www.facebook.com/100004370253176/posts/2806370402851941?comment_id=2221421211552397",,"2024-09-09T01:59:17.000Z","2806370402851941","https://www.facebook.com/100004370253176/posts/2806370402851941","ZmVlZGJhY2s6MjgwNjM3MDQwMjg1MTk0MV8yMjIxNDIxMjExNTUyMzk3","Y29tbWVudDoyODA2MzcwNDAyODUxOTQxXzIyMjE0MjEyMTE1NTIzOTc=","https://www.facebook.com/100004370253176/posts/2806370402851941","0",,,,"Buah Tomat Vitalia F1 sangat lebat dan tahan simpan

#suksesbersamapetanibintangasia
@benihcitraasia
@benih_bintangasia
#benihcitraasia...","100004370253176","Muhamad Cali Faiz Ahmad","https://scontent-lhr8-1.xx.fbcdn.net/v/t39.30808-1/456120459_2788136318008683_7418166726346064265_n.jpg?stp=cp0_dst-jpg_s32x32&_nc_cat=108&ccb=1-7&_nc_sid=50d2ac&_nc_ohc=EMIU55VJAHkQ7kNvgHdqLis&_nc_ht=scontent-lhr8-1.xx&_nc_gid=Api63XXs8o2qukpcdGZGjUT&oh=00_AYCbiGRAaSzDpogniXkCA3wcTbclZ4DSgNnegXPrr8-yeA&oe=66E827AD","https://www.facebook.com/muhamad.cali.98","Y29tbWVudDoyODA2MzcwNDAyODUxOTQxXzc5MjY4NTE4MzA3NTIwNA==","Opeq Bintang Asia","1"
,,,,,"https://www.facebook.com/100004370253176/posts/2808293129326335?comment_id=958268162981240","1","2024-09-09T12:08:43.000Z","2808293129326335","https://www.facebook.com/100004370253176/posts/2808293129326335","ZmVlZGJhY2s6MjgwODI5MzEyOTMyNjMzNV85NTgyNjgxNjI5ODEyNDA=","Y29tbWVudDoyODA4MjkzMTI5MzI2MzM1Xzk1ODI2ODE2Mjk4MTI0MA==","https://www.facebook.com/100004370253176/posts/2808293129326335","1","112652978585649","false",,"READY BANYAK BIBIT DI TOKO KAMI Sinar Tani Toili 🤗🤗
Alamat : 📍 Unit 10 ( Belakang Polsek Toili )
@sorotan","100000639108584","Iwayan Sariada","https://scontent-iad3-2.xx.fbcdn.net/v/t39.30808-1/316545493_5982552505109327_8527539197720596365_n.jpg?stp=cp0_dst-jpg_p32x32&_nc_cat=105&ccb=1-7&_nc_sid=50d2ac&_nc_ohc=OPye2HG7M4AQ7kNvgEX7r3I&_nc_ht=scontent-iad3-2.xx&_nc_gid=AXFrczkpBorflo9oRyp23Al&oh=00_AYCrY91UKKVV-uRZRv37Qme1NZjCgnKbS4y_SVSNRA-8mA&oe=66E81C11","https://www.facebook.com/iwayan.sariada",,"Ap bedanya 8 dan 9 kk? Keunggulan nya",
,,,,,"https://www.facebook.com/100004370253176/posts/2807790776043237?comment_id=821254423548673",,"2024-09-09T12:04:04.000Z","2807790776043237","https://www.facebook.com/100004370253176/posts/2807790776043237","ZmVlZGJhY2s6MjgwNzc5MDc3NjA0MzIzN184MjEyNTQ0MjM1NDg2NzM=","Y29tbWVudDoyODA3NzkwNzc2MDQzMjM3XzgyMTI1NDQyMzU0ODY3Mw==","https://www.facebook.com/100004370253176/posts/2807790776043237","1","103383066093617","false",,"CACHA F1 : Sawi Putih, Sahabat Petani Sukses! 🥬🤩

📌Sawi putih hibrida
📌Daun hijau, tidak pahit
📌Panen ± 57 hst
📌Potensi hasil ± 42 ton/ha
📌Adaptasi utama di dataran tinggi

Tanam, Buktikan Sekarang! 🌱🌟

#sawi #sawiputih # #umurgenjah #suksesbersamabintangasia #cacha #cachaf1 #mustard
@benihcitraasia
@bintangasia.official
#bintangasia #benihunggulbintangasia #inovasianaknegeri #petanimuda #petaniindonesia #petanimilenial #pertanianmodern #benih #berkebun #bibit #pertanian #indonesia #timnas #arabsaudi #worldcup
#benihcitraasia #pestisida #panenmakmur #petani #farm #agriculture","1828565536","Mohammad Iqbal Agustiana","https://scontent.frec30-1.fna.fbcdn.net/v/t1.18169-1/1468799_10203929170029473_1521419688104736133_n.jpg?stp=cp0_dst-jpg_s32x32&_nc_cat=110&ccb=1-7&_nc_sid=db5862&_nc_ohc=hfQBG7is4qgQ7kNvgFXZM3b&_nc_ht=scontent.frec30-1.fna&oh=00_AYAQkQF_JQJzfFD9Ut4U_EauD8dOMX2qeWHGuRAD-HDUBQ&oe=6709D5AF",,,"TAHAN AKAR GADA",
,,,,,"https://www.facebook.com/100004370253176/posts/2810851575737157?comment_id=1689086871888099",,"2024-09-12T02:14:55.000Z","2810851575737157","https://www.facebook.com/100004370253176/posts/2810851575737157","ZmVlZGJhY2s6MjgxMDg1MTU3NTczNzE1N18xNjg5MDg2ODcxODg4MDk5","Y29tbWVudDoyODEwODUxNTc1NzM3MTU3XzE2ODkwODY4NzE4ODgwOTk=","https://www.facebook.com/100004370253176/posts/2810851575737157","0","112652978585649",,,"Tomat Citra Asia F1
Tomat hibrida semi indeterminate.
Bentuk buah : oval.
Warna buah muda : hijau dengan pundak hijau gelap.
Warna buah masak : merah.
Berat buah : 51-65 g/buah.
Umur panen : 55-68...","100004370253176","Muhamad Cali Faiz Ahmad","https://scontent.fmem1-2.fna.fbcdn.net/v/t39.30808-1/456120459_2788136318008683_7418166726346064265_n.jpg?stp=cp0_dst-jpg_s32x32&_nc_cat=108&ccb=1-7&_nc_sid=50d2ac&_nc_ohc=EMIU55VJAHkQ7kNvgEjhXsQ&_nc_ht=scontent.fmem1-2.fna&_nc_gid=AT4x6PVKGqbob3pSZ0Qt0FX&oh=00_AYA7dIc1yIojIveciWrzAM99g9cFMAEoDOT8slkbECekfQ&oe=66E827AD","https://www.facebook.com/muhamad.cali.98","Y29tbWVudDoyODEwODUxNTc1NzM3MTU3XzkwODk3MTg3NDQyNjI1Ng==","Ponidhy AdHy terimksi abangku","1"
"sticker","fallback",,,,"https://www.facebook.com/100004370253176/posts/2804652886357026?comment_id=883191506523649",,"2024-09-05T17:40:44.000Z","2804652886357026","https://www.facebook.com/100004370253176/posts/2804652886357026","ZmVlZGJhY2s6MjgwNDY1Mjg4NjM1NzAyNl84ODMxOTE1MDY1MjM2NDk=","Y29tbWVudDoyODA0NjUyODg2MzU3MDI2Xzg4MzE5MTUwNjUyMzY0OQ==","https://www.facebook.com/100004370253176/posts/2804652886357026","1","112652978585649","false",,"Performa dan visual timun terbaru dari Benih Citra Asia Pisa F1. 

Keunggulan : 
- Bunga betina banyak dan merata jadi bakal buah
- Warna buah hijau gelap atau hijau tua, disukai pasar
- Daging tebal, tahan simpan
- Rasa tidak pahit

Disini sudah panen, disana kapan ? 😁

Lokasi : Hulu Sungai Tengah, Kalimantan Selatan","1635512832","Lucky Janneth IS","https://scontent-msp1-1.xx.fbcdn.net/v/t39.30808-1/274398161_10218267839280808_6029386123046336299_n.jpg?stp=cp0_dst-jpg_s32x32&_nc_cat=108&ccb=1-7&_nc_sid=50d2ac&_nc_ohc=LWGc-mfZRuEQ7kNvgF5s2M8&_nc_ht=scontent-msp1-1.xx&_nc_gid=AoEpOeKR2KvNlbBFgzG_bNs&oh=00_AYDKSj-iwxb323xJhV2vpsDE1WTFlhiouwlIjhdCefy5OA&oe=66E816AC","https://www.facebook.com/ummi.hast",,,
,,,,,"https://www.facebook.com/100004370253176/posts/2807665196055795?comment_id=3701136930139607","1","2024-09-09T04:07:27.000Z","2807665196055795","https://www.facebook.com/100004370253176/posts/2807665196055795","ZmVlZGJhY2s6MjgwNzY2NTE5NjA1NTc5NV8zNzAxMTM2OTMwMTM5NjA3","Y29tbWVudDoyODA3NjY1MTk2MDU1Nzk1XzM3MDExMzY5MzAxMzk2MDc=","https://www.facebook.com/100004370253176/posts/2807665196055795","1","112652978585649","false",,"Jagung betras 9 
Buah sangat besar dan tahan bulai
#jagungbetras9
#suksesbersamapetanibintangasia
@benihcitraasia
@benih_bintangasia
#benihcitraasia
#benih_bintangasia
#benihunggulbintangasia 
#pastibisapastisukses
#inovasianaknegeri
#sahabatbintangasia 
#benih 
#petani 
#petanimuda 
#petaniindonesia 
#petanimilenial","100007578522755","Renzy Bintangasia","https://scontent-gru1-1.xx.fbcdn.net/v/t39.30808-1/426012403_3605728109689771_2277782955804277447_n.jpg?stp=cp0_dst-jpg_s32x32&_nc_cat=104&ccb=1-7&_nc_sid=50d2ac&_nc_ohc=M574j_z4JmsQ7kNvgGqNj49&_nc_ht=scontent-gru1-1.xx&_nc_gid=AhsCkaw79NS66rXijUdrBvI&oh=00_AYCeTTNLonij4hs87mAWpzdUIAv-uEwblxgIv-EGrDKMQw&oe=66E81F84","https://www.facebook.com/renzi.prayuda",,"Mantap boss",
,,,,,"https://www.facebook.com/100004370253176/posts/2807665196055795?comment_id=1218107299235229","1","2024-09-09T12:00:37.000Z","2807665196055795","https://www.facebook.com/100004370253176/posts/2807665196055795","ZmVlZGJhY2s6MjgwNzY2NTE5NjA1NTc5NV8xMjE4MTA3Mjk5MjM1MjI5","Y29tbWVudDoyODA3NjY1MTk2MDU1Nzk1XzEyMTgxMDcyOTkyMzUyMjk=","https://www.facebook.com/100004370253176/posts/2807665196055795","1","112652978585649","false",,"Jagung betras 9 
Buah sangat besar dan tahan bulai
#jagungbetras9
#suksesbersamapetanibintangasia
@benihcitraasia
@benih_bintangasia
#benihcitraasia
#benih_bintangasia
#benihunggulbintangasia 
#pastibisapastisukses
#inovasianaknegeri
#sahabatbintangasia 
#benih 
#petani 
#petanimuda 
#petaniindonesia 
#petanimilenial","1828565536","Mohammad Iqbal Agustiana","https://scontent-gru1-2.xx.fbcdn.net/v/t1.18169-1/1468799_10203929170029473_1521419688104736133_n.jpg?stp=cp0_dst-jpg_s32x32&_nc_cat=110&ccb=1-7&_nc_sid=db5862&_nc_ohc=hfQBG7is4qgQ7kNvgGDBR4K&_nc_ht=scontent-gru1-2.xx&oh=00_AYBUfCBcytAWGi7qtlWt3LQC3XqBJPmzhu9CnUP8bys_-A&oe=6709D5AF",,,"Mantap om",
,,,,,"https://www.facebook.com/100004370253176/posts/2807665196055795?comment_id=436559068806328","2","2024-09-08T11:56:27.000Z","2807665196055795","https://www.facebook.com/100004370253176/posts/2807665196055795","ZmVlZGJhY2s6MjgwNzY2NTE5NjA1NTc5NV80MzY1NTkwNjg4MDYzMjg=","Y29tbWVudDoyODA3NjY1MTk2MDU1Nzk1XzQzNjU1OTA2ODgwNjMyOA==","https://www.facebook.com/100004370253176/posts/2807665196055795","1","112652978585649","false",,"Jagung betras 9 
Buah sangat besar dan tahan bulai
#jagungbetras9
#suksesbersamapetanibintangasia
@benihcitraasia
@benih_bintangasia
#benihcitraasia
#benih_bintangasia
#benihunggulbintangasia 
#pastibisapastisukses
#inovasianaknegeri
#sahabatbintangasia 
#benih 
#petani 
#petanimuda 
#petaniindonesia 
#petanimilenial","pfbid0Xp6sJLEuRp9szymb13SmUtzpxxa7crxxthtpR8REk9Q4Xj6URyEQy9LKVFF97PVfl","Nugraha","https://scontent-gru2-2.xx.fbcdn.net/v/t39.30808-1/457740388_26727362890243424_2727321218038900288_n.jpg?stp=cp0_dst-jpg_s32x32&_nc_cat=105&ccb=1-7&_nc_sid=0ecb9b&_nc_ohc=jD-wpVojudAQ7kNvgEpLMhC&_nc_ht=scontent-gru2-2.xx&_nc_gid=AhsCkaw79NS66rXijUdrBvI&oh=00_AYCPdsoUEHnkaZk1IQa0Tye7SZ37mC9rvc44Kj6mUX__Pw&oe=66E840BE",,,"Info harga bibitnya om??",
,,,,,"https://www.facebook.com/100004370253176/posts/2807595779396070?comment_id=552438120474328","1","2024-09-09T04:08:24.000Z","2807595779396070","https://www.facebook.com/100004370253176/posts/2807595779396070","ZmVlZGJhY2s6MjgwNzU5NTc3OTM5NjA3MF81NTI0MzgxMjA0NzQzMjg=","Y29tbWVudDoyODA3NTk1Nzc5Mzk2MDcwXzU1MjQzODEyMDQ3NDMyOA==","https://www.facebook.com/100004370253176/posts/2807595779396070","1","112652978585649","false",,"Lembah Bumi Beringin","100007578522755","Renzy Bintangasia","https://scontent.ftpe15-1.fna.fbcdn.net/v/t39.30808-1/426012403_3605728109689771_2277782955804277447_n.jpg?stp=cp0_dst-jpg_s32x32&_nc_cat=104&ccb=1-7&_nc_sid=50d2ac&_nc_ohc=M574j_z4JmsQ7kNvgFks52m&_nc_ht=scontent.ftpe15-1.fna&_nc_gid=AI4bknLq4esZnL0mkynhClz&oh=00_AYBmN7ZnN9AJ3DKiiKAvq3xp4CpDPPl5wZLyQhNg9ZmnoA&oe=66E81F84","https://www.facebook.com/renzi.prayuda",,"Mantap",
,,,,,"https://www.facebook.com/100004370253176/posts/2807665196055795?comment_id=467692922927797",,"2024-09-09T04:50:33.000Z","2807665196055795","https://www.facebook.com/100004370253176/posts/2807665196055795","ZmVlZGJhY2s6MjgwNzY2NTE5NjA1NTc5NV80Njc2OTI5MjI5Mjc3OTc=","Y29tbWVudDoyODA3NjY1MTk2MDU1Nzk1XzQ2NzY5MjkyMjkyNzc5Nw==","https://www.facebook.com/100004370253176/posts/2807665196055795","0","112652978585649","false",,"Jagung betras 9 
Buah sangat besar dan tahan bulai
#jagungbetras9
#suksesbersamapetanibintangasia
@benihcitraasia
@benih_bintangasia
#benihcitraasia
#benih_bintangasia
#benihunggulbintangasia 
#pastibisapastisukses
#inovasianaknegeri
#sahabatbintangasia 
#benih 
#petani 
#petanimuda 
#petaniindonesia 
#petanimilenial","100004370253176","Muhamad Cali Faiz Ahmad","https://scontent-iad3-1.xx.fbcdn.net/v/t39.30808-1/456120459_2788136318008683_7418166726346064265_n.jpg?stp=cp0_dst-jpg_s32x32&_nc_cat=108&ccb=1-7&_nc_sid=50d2ac&_nc_ohc=EMIU55VJAHkQ7kNvgETSvSn&_nc_ht=scontent-iad3-1.xx&_nc_gid=ACY9tzM2R8IPXHWScbI9uJU&oh=00_AYBj7en2OtH8392Qh9zhAfON0hZhXkkaKtzl2yKDjGiLdQ&oe=66E827AD","https://www.facebook.com/muhamad.cali.98","Y29tbWVudDoyODA3NjY1MTk2MDU1Nzk1XzM3MDExMzY5MzAxMzk2MDc=","Renzy Bintangasia iya mksi mas","1"
"sticker","fallback",,,,"https://www.facebook.com/100004370253176/posts/2807665196055795?comment_id=1549788695941270",,"2024-09-09T12:15:48.000Z","2807665196055795","https://www.facebook.com/100004370253176/posts/2807665196055795","ZmVlZGJhY2s6MjgwNzY2NTE5NjA1NTc5NV8xNTQ5Nzg4Njk1OTQxMjcw","Y29tbWVudDoyODA3NjY1MTk2MDU1Nzk1XzE1NDk3ODg2OTU5NDEyNzA=","https://www.facebook.com/100004370253176/posts/2807665196055795","0","112652978585649","false",,"Jagung betras 9 
Buah sangat besar dan tahan bulai
#jagungbetras9
#suksesbersamapetanibintangasia
@benihcitraasia
@benih_bintangasia
#benihcitraasia
#benih_bintangasia
#benihunggulbintangasia 
#pastibisapastisukses
#inovasianaknegeri
#sahabatbintangasia 
#benih 
#petani 
#petanimuda 
#petaniindonesia 
#petanimilenial","100004370253176","Muhamad Cali Faiz Ahmad","https://scontent-atl3-1.xx.fbcdn.net/v/t39.30808-1/456120459_2788136318008683_7418166726346064265_n.jpg?stp=cp0_dst-jpg_s32x32&_nc_cat=108&ccb=1-7&_nc_sid=50d2ac&_nc_ohc=EMIU55VJAHkQ7kNvgGbQ-8w&_nc_ht=scontent-atl3-1.xx&oh=00_AYBdo9vFxBp7yGzEBpQRJDSV5pX1KIz1vYa64r75VGZmxg&oe=66E827AD","https://www.facebook.com/muhamad.cali.98","Y29tbWVudDoyODA3NjY1MTk2MDU1Nzk1XzEyMTgxMDcyOTkyMzUyMjk=","Mohammad Iqbal Agustiana","1"
,,,,,"https://www.facebook.com/100004370253176/posts/2807595779396070?comment_id=1472165533438729",,"2024-09-09T04:50:13.000Z","2807595779396070","https://www.facebook.com/100004370253176/posts/2807595779396070","ZmVlZGJhY2s6MjgwNzU5NTc3OTM5NjA3MF8xNDcyMTY1NTMzNDM4NzI5","Y29tbWVudDoyODA3NTk1Nzc5Mzk2MDcwXzE0NzIxNjU1MzM0Mzg3Mjk=","https://www.facebook.com/100004370253176/posts/2807595779396070","0","112652978585649","false",,"Lembah Bumi Beringin","100004370253176","Muhamad Cali Faiz Ahmad","https://scontent-lax3-1.xx.fbcdn.net/v/t39.30808-1/456120459_2788136318008683_7418166726346064265_n.jpg?stp=cp0_dst-jpg_s32x32&_nc_cat=108&ccb=1-7&_nc_sid=50d2ac&_nc_ohc=EMIU55VJAHkQ7kNvgG4nFmo&_nc_ht=scontent-lax3-1.xx&oh=00_AYA7rhkVtyQsOeZwl_KeaS0Ve3bJ4m6unjUQdKNdQ-A24w&oe=66E827AD","https://www.facebook.com/muhamad.cali.98","Y29tbWVudDoyODA3NTk1Nzc5Mzk2MDcwXzU1MjQzODEyMDQ3NDMyOA==","Renzy Bintangasia iya mas","1"
,,,,,"https://www.facebook.com/100004370253176/posts/2808194912669490?comment_id=6498350593622419","1","2024-09-09T12:03:38.000Z","2808194912669490","https://www.facebook.com/100004370253176/posts/2808194912669490","ZmVlZGJhY2s6MjgwODE5NDkxMjY2OTQ5MF82NDk4MzUwNTkzNjIyNDE5","Y29tbWVudDoyODA4MTk0OTEyNjY5NDkwXzY0OTgzNTA1OTM2MjI0MTk=","https://www.facebook.com/100004370253176/posts/2808194912669490","1",,,,"Buah sangat lebat dan rasa renyah siapa lagi kalau bukan semi F1 Produk Bintang asiA

@benihcitraasia
@benih_bintangasia
#benihcitraasia...","1828565536","Mohammad Iqbal Agustiana","https://scontent-lax3-1.xx.fbcdn.net/v/t1.18169-1/1468799_10203929170029473_1521419688104736133_n.jpg?stp=cp0_dst-jpg_s32x32&_nc_cat=110&ccb=1-7&_nc_sid=db5862&_nc_ohc=hfQBG7is4qgQ7kNvgEolaBX&_nc_ht=scontent-lax3-1.xx&oh=00_AYB6HN79K6pDXNisP65N1X67heMM6j9BdARJDPQjm-66Bw&oe=6709D5AF",,,"Luar biasa",
,,,,,"https://www.facebook.com/100004370253176/posts/2808194912669490?comment_id=1264912914501691","1","2024-09-09T04:06:32.000Z","2808194912669490","https://www.facebook.com/100004370253176/posts/2808194912669490","ZmVlZGJhY2s6MjgwODE5NDkxMjY2OTQ5MF8xMjY0OTEyOTE0NTAxNjkx","Y29tbWVudDoyODA4MTk0OTEyNjY5NDkwXzEyNjQ5MTI5MTQ1MDE2OTE=","https://www.facebook.com/100004370253176/posts/2808194912669490","1",,,,"Buah sangat lebat dan rasa renyah siapa lagi kalau bukan semi F1 Produk Bintang asiA

@benihcitraasia
@benih_bintangasia
#benihcitraasia...","100007578522755","Renzy Bintangasia","https://scontent-lax3-1.xx.fbcdn.net/v/t39.30808-1/426012403_3605728109689771_2277782955804277447_n.jpg?stp=cp0_dst-jpg_s32x32&_nc_cat=104&ccb=1-7&_nc_sid=50d2ac&_nc_ohc=M574j_z4JmsQ7kNvgHZW3bx&_nc_ht=scontent-lax3-1.xx&_nc_gid=AvJ32HoUv0eadF-KJNRsbRN&oh=00_AYD7aCqFwRrU_ChvGx0_whRUifHc0s161bghF15bPOgv-g&oe=66E81F84","https://www.facebook.com/renzi.prayuda",,"Mantapp .luarbiasa mass",
,,,,,"https://www.facebook.com/100004370253176/posts/2808194912669490?comment_id=482717207918816","1","2024-09-09T00:12:54.000Z","2808194912669490","https://www.facebook.com/100004370253176/posts/2808194912669490","ZmVlZGJhY2s6MjgwODE5NDkxMjY2OTQ5MF80ODI3MTcyMDc5MTg4MTY=","Y29tbWVudDoyODA4MTk0OTEyNjY5NDkwXzQ4MjcxNzIwNzkxODgxNg==","https://www.facebook.com/100004370253176/posts/2808194912669490","1",,,,"Buah sangat lebat dan rasa renyah siapa lagi kalau bukan semi F1 Produk Bintang asiA

@benihcitraasia
@benih_bintangasia
#benihcitraasia...","61563794797247","Eko Bintang Asia","https://scontent-lax3-1.xx.fbcdn.net/v/t39.30808-1/454582803_122100910880459826_1171573723759133483_n.jpg?stp=cp6_dst-jpg_s32x32&_nc_cat=104&ccb=1-7&_nc_sid=50d2ac&_nc_ohc=v0iFp0zYRoIQ7kNvgGvtgOU&_nc_ht=scontent-lax3-1.xx&_nc_gid=AvJ32HoUv0eadF-KJNRsbRN&oh=00_AYBL-0DbVzDp7DRc2EJesBp6MLLWCRuIrVouvsqup3n_UA&oe=66E83983","https://www.facebook.com/people/Eko-Bintang-Asia/61563794797247/",,"Terbaik",
,,,,,"https://www.facebook.com/100004370253176/posts/2808194912669490?comment_id=3408604832775324","1","2024-09-09T01:42:09.000Z","2808194912669490","https://www.facebook.com/100004370253176/posts/2808194912669490","ZmVlZGJhY2s6MjgwODE5NDkxMjY2OTQ5MF8zNDA4NjA0ODMyNzc1MzI0","Y29tbWVudDoyODA4MTk0OTEyNjY5NDkwXzM0MDg2MDQ4MzI3NzUzMjQ=","https://www.facebook.com/100004370253176/posts/2808194912669490","1",,,,"Buah sangat lebat dan rasa renyah siapa lagi kalau bukan semi F1 Produk Bintang asiA

@benihcitraasia
@benih_bintangasia
#benihcitraasia...","pfbid0S9Gdg6jW7MNVMcjgQWJKwB1QvPgcBXeYwF4qCnwt74nfFfuexMos32N9whUtDXkYl","Opeq Bintang Asia","https://scontent-lax3-1.xx.fbcdn.net/v/t39.30808-1/440808755_122106493232287865_6230265854575499414_n.jpg?stp=cp0_dst-jpg_s32x32&_nc_cat=108&ccb=1-7&_nc_sid=0ecb9b&_nc_ohc=ULmtTw8K-M4Q7kNvgE--FLz&_nc_ht=scontent-lax3-1.xx&_nc_gid=AvJ32HoUv0eadF-KJNRsbRN&oh=00_AYCS5TiLN2fNevqBZ-RcAhudTbZY9cLSl168Xprc3H6X7w&oe=66E82C6E","https://www.facebook.com/people/Opeq-Bintang-Asia/pfbid0S9Gdg6jW7MNVMcjgQWJKwB1QvPgcBXeYwF4qCnwt74nfFfuexMos32N9whUtDXkYl/",,"Tahan virus.
Sangat lebat.
Cabang banyak produksi tinggi.
Mudah merambat.
Buah normal sampai petikan akhir.",
,,,,,"https://www.facebook.com/100004370253176/posts/2807665196055795?comment_id=536637662172097",,"2024-09-08T13:21:59.000Z","2807665196055795","https://www.facebook.com/100004370253176/posts/2807665196055795","ZmVlZGJhY2s6MjgwNzY2NTE5NjA1NTc5NV81MzY2Mzc2NjIxNzIwOTc=","Y29tbWVudDoyODA3NjY1MTk2MDU1Nzk1XzUzNjYzNzY2MjE3MjA5Nw==","https://www.facebook.com/100004370253176/posts/2807665196055795","0","112652978585649","false",,"Jagung betras 9 
Buah sangat besar dan tahan bulai
#jagungbetras9
#suksesbersamapetanibintangasia
@benihcitraasia
@benih_bintangasia
#benihcitraasia
#benih_bintangasia
#benihunggulbintangasia 
#pastibisapastisukses
#inovasianaknegeri
#sahabatbintangasia 
#benih 
#petani 
#petanimuda 
#petaniindonesia 
#petanimilenial","pfbid0Xp6sJLEuRp9szymb13SmUtzpxxa7crxxthtpR8REk9Q4Xj6URyEQy9LKVFF97PVfl","Nugraha","https://scontent.fmvd3-1.fna.fbcdn.net/v/t39.30808-1/457740388_26727362890243424_2727321218038900288_n.jpg?stp=cp0_dst-jpg_s32x32&_nc_cat=105&ccb=1-7&_nc_sid=0ecb9b&_nc_ohc=jD-wpVojudAQ7kNvgHEVna3&_nc_ht=scontent.fmvd3-1.fna&oh=00_AYAfuqkoTIYJhMwJRTBqjBtrGh-gA2qKqfeS4BFU4Bpvmg&oe=66E840BE",,"Y29tbWVudDoyODA3NjY1MTk2MDU1Nzk1XzQzNjU1OTA2ODgwNjMyOA==","Muhamad Cali Faiz Ahmad nanti sy kabari ulang Kaka. InshaAllah Ahir September mau b tanam","2"
,,,,,"https://www.facebook.com/100004370253176/posts/2807665196055795?comment_id=1697476664335069","1","2024-09-08T12:08:58.000Z","2807665196055795","https://www.facebook.com/100004370253176/posts/2807665196055795","ZmVlZGJhY2s6MjgwNzY2NTE5NjA1NTc5NV8xNjk3NDc2NjY0MzM1MDY5","Y29tbWVudDoyODA3NjY1MTk2MDU1Nzk1XzE2OTc0NzY2NjQzMzUwNjk=","https://www.facebook.com/100004370253176/posts/2807665196055795","0","112652978585649","false",,"Jagung betras 9 
Buah sangat besar dan tahan bulai
#jagungbetras9
#suksesbersamapetanibintangasia
@benihcitraasia
@benih_bintangasia
#benihcitraasia
#benih_bintangasia
#benihunggulbintangasia 
#pastibisapastisukses
#inovasianaknegeri
#sahabatbintangasia 
#benih 
#petani 
#petanimuda 
#petaniindonesia 
#petanimilenial","100004370253176","Muhamad Cali Faiz Ahmad","https://scontent.fmvd3-1.fna.fbcdn.net/v/t39.30808-1/456120459_2788136318008683_7418166726346064265_n.jpg?stp=cp0_dst-jpg_s32x32&_nc_cat=108&ccb=1-7&_nc_sid=50d2ac&_nc_ohc=EMIU55VJAHkQ7kNvgHA5NSr&_nc_ht=scontent.fmvd3-1.fna&oh=00_AYCHONAoxKsXKptErgjlfF2MhAoDfq80lbOxSo__uR_EaA&oe=66E827AD","https://www.facebook.com/muhamad.cali.98","Y29tbWVudDoyODA3NjY1MTk2MDU1Nzk1XzQzNjU1OTA2ODgwNjMyOA==","Nugraha 100 ribu kk","1"
,,,,,"https://www.facebook.com/100004370253176/posts/2808293129326335?comment_id=358202260695749",,"2024-09-09T12:14:14.000Z","2808293129326335","https://www.facebook.com/100004370253176/posts/2808293129326335","ZmVlZGJhY2s6MjgwODI5MzEyOTMyNjMzNV8zNTgyMDIyNjA2OTU3NDk=","Y29tbWVudDoyODA4MjkzMTI5MzI2MzM1XzM1ODIwMjI2MDY5NTc0OQ==","https://www.facebook.com/100004370253176/posts/2808293129326335","1","112652978585649","false",,"READY BANYAK BIBIT DI TOKO KAMI Sinar Tani Toili 🤗🤗
Alamat : 📍 Unit 10 ( Belakang Polsek Toili )
@sorotan","100004370253176","Muhamad Cali Faiz Ahmad","https://scontent.fbhz1-1.fna.fbcdn.net/v/t39.30808-1/456120459_2788136318008683_7418166726346064265_n.jpg?stp=cp0_dst-jpg_s32x32&_nc_cat=108&ccb=1-7&_nc_sid=50d2ac&_nc_ohc=EMIU55VJAHkQ7kNvgGsEZNi&_nc_ht=scontent.fbhz1-1.fna&oh=00_AYAvHyi1J6e2BX1H-1cfGj86dyEsj2nzIuQo6TpsETFz-w&oe=66E827AD","https://www.facebook.com/muhamad.cali.98","Y29tbWVudDoyODA4MjkzMTI5MzI2MzM1Xzk1ODI2ODE2Mjk4MTI0MA==","Iwayan Sariada bedanya Cktav8 besar dan cktav9 sedang semua unggul kk","1"
"animated_image_autoplay","animated_image_share","image_share","share","fallback","https://www.facebook.com/100004370253176/posts/2808194912669490?comment_id=1063751485259569",,"2024-09-09T04:50:58.000Z","2808194912669490","https://www.facebook.com/100004370253176/posts/2808194912669490","ZmVlZGJhY2s6MjgwODE5NDkxMjY2OTQ5MF8xMDYzNzUxNDg1MjU5NTY5","Y29tbWVudDoyODA4MTk0OTEyNjY5NDkwXzEwNjM3NTE0ODUyNTk1Njk=","https://www.facebook.com/100004370253176/posts/2808194912669490","0",,,,"Buah sangat lebat dan rasa renyah siapa lagi kalau bukan semi F1 Produk Bintang asiA

@benihcitraasia
@benih_bintangasia
#benihcitraasia...","100004370253176","Muhamad Cali Faiz Ahmad","https://scontent.fmex1-4.fna.fbcdn.net/v/t39.30808-1/456120459_2788136318008683_7418166726346064265_n.jpg?stp=cp0_dst-jpg_s32x32&_nc_cat=108&ccb=1-7&_nc_sid=50d2ac&_nc_ohc=EMIU55VJAHkQ7kNvgFL2_XQ&_nc_ht=scontent.fmex1-4.fna&_nc_gid=A_05fMM40jgwcnV4wxNZ5eh&oh=00_AYAVgbZF8j30ZGgcwwRkwDxguGWUAUCOiWkwzbhEEJRmhQ&oe=66E827AD","https://www.facebook.com/muhamad.cali.98","Y29tbWVudDoyODA4MTk0OTEyNjY5NDkwXzEyNjQ5MTI5MTQ1MDE2OTE=","Renzy Bintangasia","1"
"animated_image_autoplay","animated_image_share","image_share","share","fallback","https://www.facebook.com/100004370253176/posts/2808194912669490?comment_id=1595313284740353",,"2024-09-09T01:58:18.000Z","2808194912669490","https://www.facebook.com/100004370253176/posts/2808194912669490","ZmVlZGJhY2s6MjgwODE5NDkxMjY2OTQ5MF8xNTk1MzEzMjg0NzQwMzUz","Y29tbWVudDoyODA4MTk0OTEyNjY5NDkwXzE1OTUzMTMyODQ3NDAzNTM=","https://www.facebook.com/100004370253176/posts/2808194912669490","0",,,,"Buah sangat lebat dan rasa renyah siapa lagi kalau bukan semi F1 Produk Bintang asiA

@benihcitraasia
@benih_bintangasia
#benihcitraasia...","100004370253176","Muhamad Cali Faiz Ahmad","https://scontent-atl3-1.xx.fbcdn.net/v/t39.30808-1/456120459_2788136318008683_7418166726346064265_n.jpg?stp=cp0_dst-jpg_s32x32&_nc_cat=108&ccb=1-7&_nc_sid=50d2ac&_nc_ohc=EMIU55VJAHkQ7kNvgF8a4e_&_nc_ht=scontent-atl3-1.xx&_nc_gid=A_eiiV5XIAKTWgFX9tyO0FW&oh=00_AYAOeamGdmhz7aHcHVc_Kej8Rf_KKsmmpZC-hX1yXodVWA&oe=66E827AD","https://www.facebook.com/muhamad.cali.98","Y29tbWVudDoyODA4MTk0OTEyNjY5NDkwXzM0MDg2MDQ4MzI3NzUzMjQ=","Opeq Bintang Asia","1"
,,,,,"https://www.facebook.com/100004370253176/posts/2808194912669490?comment_id=829191939013284",,"2024-09-09T01:58:32.000Z","2808194912669490","https://www.facebook.com/100004370253176/posts/2808194912669490","ZmVlZGJhY2s6MjgwODE5NDkxMjY2OTQ5MF84MjkxOTE5MzkwMTMyODQ=","Y29tbWVudDoyODA4MTk0OTEyNjY5NDkwXzgyOTE5MTkzOTAxMzI4NA==","https://www.facebook.com/100004370253176/posts/2808194912669490","0",,,,"Buah sangat lebat dan rasa renyah siapa lagi kalau bukan semi F1 Produk Bintang asiA

@benihcitraasia
@benih_bintangasia
#benihcitraasia...","100004370253176","Muhamad Cali Faiz Ahmad","https://scontent.fmrd1-1.fna.fbcdn.net/v/t39.30808-1/456120459_2788136318008683_7418166726346064265_n.jpg?stp=cp0_dst-jpg_s32x32&_nc_cat=108&ccb=1-7&_nc_sid=50d2ac&_nc_ohc=EMIU55VJAHkQ7kNvgFvMtrP&_nc_ht=scontent.fmrd1-1.fna&oh=00_AYA87oF6S6M8PUTeTPydGmUpikD9PB8Z39-kOCED4kIZjA&oe=66E827AD","https://www.facebook.com/muhamad.cali.98","Y29tbWVudDoyODA4MTk0OTEyNjY5NDkwXzQ4MjcxNzIwNzkxODgxNg==","Eko Bintang Asia pasty","1"
"animated_image_autoplay","animated_image_share","image_share","share","fallback","https://www.facebook.com/100004370253176/posts/2808194912669490?comment_id=1063644035467973",,"2024-09-09T12:15:27.000Z","2808194912669490","https://www.facebook.com/100004370253176/posts/2808194912669490","ZmVlZGJhY2s6MjgwODE5NDkxMjY2OTQ5MF8xMDYzNjQ0MDM1NDY3OTcz","Y29tbWVudDoyODA4MTk0OTEyNjY5NDkwXzEwNjM2NDQwMzU0Njc5NzM=","https://www.facebook.com/100004370253176/posts/2808194912669490","0",,,,"Buah sangat lebat dan rasa renyah siapa lagi kalau bukan semi F1 Produk Bintang asiA

@benihcitraasia
@benih_bintangasia
#benihcitraasia...","100004370253176","Muhamad Cali Faiz Ahmad","https://scontent-sjc3-1.xx.fbcdn.net/v/t39.30808-1/456120459_2788136318008683_7418166726346064265_n.jpg?stp=cp0_dst-jpg_s32x32&_nc_cat=108&ccb=1-7&_nc_sid=50d2ac&_nc_ohc=EMIU55VJAHkQ7kNvgFKoSS4&_nc_ht=scontent-sjc3-1.xx&_nc_gid=AjVL12jv1j5n0dm_4PL81gn&oh=00_AYAdTcIPEyn10WGH6pfoIKPYI59yGkyEsWsntbW2M4ShsA&oe=66E827AD","https://www.facebook.com/muhamad.cali.98","Y29tbWVudDoyODA4MTk0OTEyNjY5NDkwXzY0OTgzNTA1OTM2MjI0MTk=","Mohammad Iqbal Agustiana","1"
