﻿"attachments/0/__typename","attachments/0/animated_image","attachments/0/frame_count","attachments/0/frame_rate","attachments/0/frames_per_column","attachments/0/frames_per_row","attachments/0/id","attachments/0/image/height","attachments/0/image/uri","attachments/0/image/width","attachments/0/label","attachments/0/pack","attachments/0/sprite_image","commentUrl","comments/0/commentUrl","comments/0/commentsCount","comments/0/date","comments/0/feedbackId","comments/0/id","comments/0/likesCount","comments/0/parentComment/author/__typename","comments/0/parentComment/author/id","comments/0/parentComment/author/name","comments/0/parentComment/author/short_name","comments/0/parentComment/id","comments/0/profileId","comments/0/profileName","comments/0/profilePicture","comments/0/profileUrl","comments/0/replyToCommentId","comments/0/text","comments/0/threadingDepth","comments/1/commentUrl","comments/1/date","comments/1/feedbackId","comments/1/id","comments/1/likesCount","comments/1/parentComment/author/__typename","comments/1/parentComment/author/id","comments/1/parentComment/author/name","comments/1/parentComment/author/short_name","comments/1/parentComment/id","comments/1/profileId","comments/1/profileName","comments/1/profilePicture","comments/1/profileUrl","comments/1/replyToCommentId","comments/1/text","comments/1/threadingDepth","comments/2/commentUrl","comments/2/date","comments/2/feedbackId","comments/2/id","comments/2/likesCount","comments/2/parentComment/author/__typename","comments/2/parentComment/author/id","comments/2/parentComment/author/name","comments/2/parentComment/author/short_name","comments/2/parentComment/id","comments/2/profileId","comments/2/profileName","comments/2/profilePicture","comments/2/profileUrl","comments/2/replyToCommentId","comments/2/text","comments/2/threadingDepth","comments/3/commentUrl","comments/3/date","comments/3/feedbackId","comments/3/id","comments/3/likesCount","comments/3/parentComment/author/__typename","comments/3/parentComment/author/id","comments/3/parentComment/author/name","comments/3/parentComment/author/short_name","comments/3/parentComment/id","comments/3/profileId","comments/3/profileName","comments/3/profilePicture","comments/3/profileUrl","comments/3/replyToCommentId","comments/3/text","comments/3/threadingDepth","comments/4/commentUrl","comments/4/date","comments/4/feedbackId","comments/4/id","comments/4/likesCount","comments/4/parentComment/author/__typename","comments/4/parentComment/author/id","comments/4/parentComment/author/name","comments/4/parentComment/author/short_name","comments/4/parentComment/id","comments/4/profileId","comments/4/profileName","comments/4/profilePicture","comments/4/profileUrl","comments/4/replyToCommentId","comments/4/text","comments/4/threadingDepth","commentsCount","date","facebookId","facebookUrl","feedbackId","id","inputUrl","likesCount","pageAdLibrary/id","pageAdLibrary/is_business_page_active","parentComment/author/__typename","parentComment/author/id","parentComment/author/name","parentComment/author/short_name","parentComment/id","postTitle","profileId","profileName","profilePicture","profileUrl","replyToCommentId","text","threadingDepth"
,,,,,,,,,,,,,"https://www.facebook.com/ikhbal.kulukulu/posts/pfbid0DJ2jrjms4kpy8Xn9a8JxVSyYdR324A4DwuV6c6hWnj2WuW8GyJd8P8LdqtnU9G2Gl?comment_id=443369514840665","https://www.facebook.com/ikhbal.kulukulu/posts/pfbid0DJ2jrjms4kpy8Xn9a8JxVSyYdR324A4DwuV6c6hWnj2WuW8GyJd8P8LdqtnU9G2Gl?comment_id=443369514840665&reply_comment_id=2832434070271471",,"2024-09-25T12:44:49.000Z","ZmVlZGJhY2s6ODM3NDc4Mzk0NTk0MTA3N18yODMyNDM0MDcwMjcxNDcx","Y29tbWVudDo4Mzc0NzgzOTQ1OTQxMDc3XzI4MzI0MzQwNzAyNzE0NzE=","0","User","pfbid036wfQihFiouT3oM8Ea917nyciSegHiWmZdrMpKXTmKye7LTAPPh1epSCkuGV6KnLFl","Renly Mawey","Renly","Y29tbWVudDo4Mzc0NzgzOTQ1OTQxMDc3XzQ0MzM2OTUxNDg0MDY2NQ==","100002286647352","Moh IQbal T Olii","https://scontent-dfw5-2.xx.fbcdn.net/v/t39.30808-1/456455817_8115762721843202_8695643095343227830_n.jpg?stp=cp0_dst-jpg_s32x32&_nc_cat=106&ccb=1-7&_nc_sid=50d2ac&_nc_ohc=bIQxXPuvY6IQ7kNvgH_P3Wq&_nc_ht=scontent-dfw5-2.xx&_nc_gid=At6bWYf8445-eennSnmym3k&oh=00_AYAj4vU-uSaTIOadYlzSFtYE_hvQr1j5tY4odT39pz2YTQ&oe=67001324","https://www.facebook.com/ikhbal.kulukulu","Y29tbWVudDo4Mzc0NzgzOTQ1OTQxMDc3XzQ0MzM2OTUxNDg0MDY2NQ==","Renly Mawey iya pak agak sedikit oval","1",,,,,,,,,,,,,,,,,,,,,,,,,,,,,,,,,,,,,,,,,,,,,,,,,,,,,,,,,,,,,,,,,,,,,"1","2024-09-25T11:58:09.000Z","8374783945941077","https://www.facebook.com/ikhbal.kulukulu/posts/pfbid0DJ2jrjms4kpy8Xn9a8JxVSyYdR324A4DwuV6c6hWnj2WuW8GyJd8P8LdqtnU9G2Gl","ZmVlZGJhY2s6ODM3NDc4Mzk0NTk0MTA3N180NDMzNjk1MTQ4NDA2NjU=","Y29tbWVudDo4Mzc0NzgzOTQ1OTQxMDc3XzQ0MzM2OTUxNDg0MDY2NQ==","https://www.facebook.com/ikhbal.kulukulu/posts/pfbid0DJ2jrjms4kpy8Xn9a8JxVSyYdR324A4DwuV6c6hWnj2WuW8GyJd8P8LdqtnU9G2Gl","0","261237703739109","false",,,,,,"OKASA F1

Rock Melon cantaloupe hibrida.
Bentuk buah : bulat oval.
Warna daging : oranye,
Berat buah : ± 3 kg/buah.
Umur panen : ± 60 hst.
Potensi hasil : ± 25 ton/ha.
Adaptasi utama di dataran rendah.
Rasa sangat manis.

#suksesbersamaBintangasia
#melonokasaF1
@sorotan 
pengikut 
Bintang Asia 
Benih Citra Asia","pfbid036wfQihFiouT3oM8Ea917nyciSegHiWmZdrMpKXTmKye7LTAPPh1epSCkuGV6KnLFl","Renly Mawey","https://scontent-dfw5-1.xx.fbcdn.net/v/t39.30808-1/345898800_807013904193098_3864408136215189200_n.jpg?stp=cp0_dst-jpg_s32x32&_nc_cat=111&ccb=1-7&_nc_sid=0ecb9b&_nc_ohc=hy3b6w63XjIQ7kNvgGh4Rju&_nc_ht=scontent-dfw5-1.xx&_nc_gid=At6bWYf8445-eennSnmym3k&oh=00_AYAs_p6n_ZIdEc_B9rN6Un2u9bwYLXL94TckQX78FSz2Ew&oe=670031EF","https://www.facebook.com/renly.mawey",,"Kayak mirip melon Noni ya pak boss","0"
"Sticker",,"1","83","1","1","370199619436075","128","https://scontent.fbgi2-1.fna.fbcdn.net/v/t39.1997-6/453322028_370199622769408_1514653340852175611_n.png?stp=dst-png_s168x128&_nc_cat=105&ccb=1-7&_nc_sid=23dd7b&_nc_ohc=khLhfgDhIq4Q7kNvgHMFXMF&_nc_ht=scontent.fbgi2-1.fna&oh=00_AYAezPhYeUWvv8NyGd9fdzlXFO0hS3HXcPN2Qrj-CwW-Kg&oe=67002166","128","",,,"https://www.facebook.com/ikhbal.kulukulu/posts/pfbid0MuEJf8fgeCWLt5G8ryaSLosme5yefg3ou6rCYM1wdYw5gUaR8WVd6Jfazob6w2G4l?comment_id=398225673141369",,,,,,,,,,,,,,,,,,,,,,,,,,,,,,,,,,,,,,,,,,,,,,,,,,,,,,,,,,,,,,,,,,,,,,,,,,,,,,,,,,,,,,,,"2024-09-28T11:25:59.000Z","8372672376152234","https://www.facebook.com/ikhbal.kulukulu/posts/pfbid0MuEJf8fgeCWLt5G8ryaSLosme5yefg3ou6rCYM1wdYw5gUaR8WVd6Jfazob6w2G4l","ZmVlZGJhY2s6ODM3MjY3MjM3NjE1MjIzNF8zOTgyMjU2NzMxNDEzNjk=","Y29tbWVudDo4MzcyNjcyMzc2MTUyMjM0XzM5ODIyNTY3MzE0MTM2OQ==","https://www.facebook.com/ikhbal.kulukulu/posts/pfbid0MuEJf8fgeCWLt5G8ryaSLosme5yefg3ou6rCYM1wdYw5gUaR8WVd6Jfazob6w2G4l","0","103847162550652","false",,,,,,"Stelan Kancingan.","pfbid02WJk42cuTTEVFvd9ksmyBXZGcPxb713rAVfgRZ9tC2wgBnptKLf8xEjwL1zXVL4Z5l","Ganang","https://scontent.fbgi2-1.fna.fbcdn.net/v/t39.30808-1/433583730_1386526235562065_5881668372033598675_n.jpg?stp=cp0_dst-jpg_s32x32&_nc_cat=108&ccb=1-7&_nc_sid=0ecb9b&_nc_ohc=l95GGTg2JccQ7kNvgHbj6H1&_nc_ht=scontent.fbgi2-1.fna&oh=00_AYClxMVU4toDnH8a2oC05phM8hCYT3Cgd9mq_JzSGYNEQA&oe=6700141C","https://www.facebook.com/people/Ganang/pfbid02WJk42cuTTEVFvd9ksmyBXZGcPxb713rAVfgRZ9tC2wgBnptKLf8xEjwL1zXVL4Z5l/",,,"0"
,,,,,,,,,,,,,"https://www.facebook.com/ikhbal.kulukulu/posts/pfbid0MuEJf8fgeCWLt5G8ryaSLosme5yefg3ou6rCYM1wdYw5gUaR8WVd6Jfazob6w2G4l?comment_id=915363047104882",,,,,,,,,,,,,,,,,,,,,,,,,,,,,,,,,,,,,,,,,,,,,,,,,,,,,,,,,,,,,,,,,,,,,,,,,,,,,,,,,,,,,,,,"2024-09-25T21:11:09.000Z","8372672376152234","https://www.facebook.com/ikhbal.kulukulu/posts/pfbid0MuEJf8fgeCWLt5G8ryaSLosme5yefg3ou6rCYM1wdYw5gUaR8WVd6Jfazob6w2G4l","ZmVlZGJhY2s6ODM3MjY3MjM3NjE1MjIzNF85MTUzNjMwNDcxMDQ4ODI=","Y29tbWVudDo4MzcyNjcyMzc2MTUyMjM0XzkxNTM2MzA0NzEwNDg4Mg==","https://www.facebook.com/ikhbal.kulukulu/posts/pfbid0MuEJf8fgeCWLt5G8ryaSLosme5yefg3ou6rCYM1wdYw5gUaR8WVd6Jfazob6w2G4l","0","103847162550652","false",,,,,,"Stelan Kancingan.","100024229936192","Hangga Parnianto","https://scontent.fbgi2-1.fna.fbcdn.net/v/t39.30808-1/439342688_1655828358568146_6272023454520985700_n.jpg?stp=cp0_dst-jpg_s32x32&_nc_cat=110&ccb=1-7&_nc_sid=50d2ac&_nc_ohc=kwdRN27nPs4Q7kNvgE52-m2&_nc_ht=scontent.fbgi2-1.fna&oh=00_AYDqD-E8AWeWIVn-SUyY5P9aj-dJCVCsTxdfIvrkW_R-Jw&oe=67000CBC",,,"Mantap Leh,,, ☕","0"
,,,,,,,,,,,,,"https://www.facebook.com/ikhbal.kulukulu/posts/pfbid0MuEJf8fgeCWLt5G8ryaSLosme5yefg3ou6rCYM1wdYw5gUaR8WVd6Jfazob6w2G4l?comment_id=8301173633285166","https://www.facebook.com/ikhbal.kulukulu/posts/pfbid0MuEJf8fgeCWLt5G8ryaSLosme5yefg3ou6rCYM1wdYw5gUaR8WVd6Jfazob6w2G4l?comment_id=8301173633285166&reply_comment_id=1430213497653168","4","2024-09-25T11:52:30.000Z","ZmVlZGJhY2s6ODM3MjY3MjM3NjE1MjIzNF8xNDMwMjEzNDk3NjUzMTY4","Y29tbWVudDo4MzcyNjcyMzc2MTUyMjM0XzE0MzAyMTM0OTc2NTMxNjg=","0","User","pfbid036wfQihFiouT3oM8Ea917nyciSegHiWmZdrMpKXTmKye7LTAPPh1epSCkuGV6KnLFl","Renly Mawey","Renly","Y29tbWVudDo4MzcyNjcyMzc2MTUyMjM0XzgzMDExNzM2MzMyODUxNjY=","100002286647352","Moh IQbal T Olii","https://scontent.fbgi2-1.fna.fbcdn.net/v/t39.30808-1/456455817_8115762721843202_8695643095343227830_n.jpg?stp=cp0_dst-jpg_s32x32&_nc_cat=106&ccb=1-7&_nc_sid=50d2ac&_nc_ohc=bIQxXPuvY6IQ7kNvgEO_j7s&_nc_ht=scontent.fbgi2-1.fna&oh=00_AYD8cMWcwD74D6o2AsjOm21PmjSeMaju7pHJY_P_8wqBMQ&oe=67001324","https://www.facebook.com/ikhbal.kulukulu","Y29tbWVudDo4MzcyNjcyMzc2MTUyMjM0XzgzMDExNzM2MzMyODUxNjY=","Renly Mawey Masi di Bumi pak bos🤭","1","https://www.facebook.com/ikhbal.kulukulu/posts/pfbid0MuEJf8fgeCWLt5G8ryaSLosme5yefg3ou6rCYM1wdYw5gUaR8WVd6Jfazob6w2G4l?comment_id=8301173633285166&reply_comment_id=3851026768520488","2024-09-25T11:54:51.000Z","ZmVlZGJhY2s6ODM3MjY3MjM3NjE1MjIzNF8zODUxMDI2NzY4NTIwNDg4","Y29tbWVudDo4MzcyNjcyMzc2MTUyMjM0XzM4NTEwMjY3Njg1MjA0ODg=","1","User","pfbid036wfQihFiouT3oM8Ea917nyciSegHiWmZdrMpKXTmKye7LTAPPh1epSCkuGV6KnLFl","Renly Mawey","Renly","Y29tbWVudDo4MzcyNjcyMzc2MTUyMjM0XzgzMDExNzM2MzMyODUxNjY=","pfbid036wfQihFiouT3oM8Ea917nyciSegHiWmZdrMpKXTmKye7LTAPPh1epSCkuGV6KnLFl","Renly Mawey","https://scontent.fbgi2-1.fna.fbcdn.net/v/t39.30808-1/345898800_807013904193098_3864408136215189200_n.jpg?stp=cp0_dst-jpg_s32x32&_nc_cat=111&ccb=1-7&_nc_sid=0ecb9b&_nc_ohc=hy3b6w63XjIQ7kNvgFk3bgh&_nc_ht=scontent.fbgi2-1.fna&oh=00_AYAn2faultK4VkBmJ-pLmeGxUQ_SMgOAuUIi71oot80o6g&oe=670031EF","https://www.facebook.com/renly.mawey","Y29tbWVudDo4MzcyNjcyMzc2MTUyMjM0XzgzMDExNzM2MzMyODUxNjY=","Moh IQbal T Olii ohh masi di bumi,.kira so ke luar angkasa😆😆","2","https://www.facebook.com/ikhbal.kulukulu/posts/pfbid0MuEJf8fgeCWLt5G8ryaSLosme5yefg3ou6rCYM1wdYw5gUaR8WVd6Jfazob6w2G4l?comment_id=8301173633285166&reply_comment_id=1835797693619397","2024-09-25T11:58:57.000Z","ZmVlZGJhY2s6ODM3MjY3MjM3NjE1MjIzNF8xODM1Nzk3NjkzNjE5Mzk3","Y29tbWVudDo4MzcyNjcyMzc2MTUyMjM0XzE4MzU3OTc2OTM2MTkzOTc=","0","User","pfbid036wfQihFiouT3oM8Ea917nyciSegHiWmZdrMpKXTmKye7LTAPPh1epSCkuGV6KnLFl","Renly Mawey","Renly","Y29tbWVudDo4MzcyNjcyMzc2MTUyMjM0XzgzMDExNzM2MzMyODUxNjY=","pfbid036wfQihFiouT3oM8Ea917nyciSegHiWmZdrMpKXTmKye7LTAPPh1epSCkuGV6KnLFl","Renly Mawey","https://scontent.fbgi2-1.fna.fbcdn.net/v/t39.30808-1/345898800_807013904193098_3864408136215189200_n.jpg?stp=cp0_dst-jpg_s32x32&_nc_cat=111&ccb=1-7&_nc_sid=0ecb9b&_nc_ohc=hy3b6w63XjIQ7kNvgFk3bgh&_nc_ht=scontent.fbgi2-1.fna&oh=00_AYAn2faultK4VkBmJ-pLmeGxUQ_SMgOAuUIi71oot80o6g&oe=670031EF","https://www.facebook.com/renly.mawey","Y29tbWVudDo4MzcyNjcyMzc2MTUyMjM0XzgzMDExNzM2MzMyODUxNjY=","Kapan main ke manado pak boss?","2","https://www.facebook.com/ikhbal.kulukulu/posts/pfbid0MuEJf8fgeCWLt5G8ryaSLosme5yefg3ou6rCYM1wdYw5gUaR8WVd6Jfazob6w2G4l?comment_id=8301173633285166&reply_comment_id=1068114878358049","2024-09-25T12:45:16.000Z","ZmVlZGJhY2s6ODM3MjY3MjM3NjE1MjIzNF8xMDY4MTE0ODc4MzU4MDQ5","Y29tbWVudDo4MzcyNjcyMzc2MTUyMjM0XzEwNjgxMTQ4NzgzNTgwNDk=","0","User","pfbid036wfQihFiouT3oM8Ea917nyciSegHiWmZdrMpKXTmKye7LTAPPh1epSCkuGV6KnLFl","Renly Mawey","Renly","Y29tbWVudDo4MzcyNjcyMzc2MTUyMjM0XzgzMDExNzM2MzMyODUxNjY=","100002286647352","Moh IQbal T Olii","https://scontent.fbgi2-1.fna.fbcdn.net/v/t39.30808-1/456455817_8115762721843202_8695643095343227830_n.jpg?stp=cp0_dst-jpg_s32x32&_nc_cat=106&ccb=1-7&_nc_sid=50d2ac&_nc_ohc=bIQxXPuvY6IQ7kNvgEO_j7s&_nc_ht=scontent.fbgi2-1.fna&oh=00_AYD8cMWcwD74D6o2AsjOm21PmjSeMaju7pHJY_P_8wqBMQ&oe=67001324","https://www.facebook.com/ikhbal.kulukulu","Y29tbWVudDo4MzcyNjcyMzc2MTUyMjM0XzgzMDExNzM2MzMyODUxNjY=","Renly Mawey panjang umur bulan depan pak bos","2","https://www.facebook.com/ikhbal.kulukulu/posts/pfbid0MuEJf8fgeCWLt5G8ryaSLosme5yefg3ou6rCYM1wdYw5gUaR8WVd6Jfazob6w2G4l?comment_id=8301173633285166&reply_comment_id=8425003594280872","2024-09-25T13:29:55.000Z","ZmVlZGJhY2s6ODM3MjY3MjM3NjE1MjIzNF84NDI1MDAzNTk0MjgwODcy","Y29tbWVudDo4MzcyNjcyMzc2MTUyMjM0Xzg0MjUwMDM1OTQyODA4NzI=","1","User","pfbid036wfQihFiouT3oM8Ea917nyciSegHiWmZdrMpKXTmKye7LTAPPh1epSCkuGV6KnLFl","Renly Mawey","Renly","Y29tbWVudDo4MzcyNjcyMzc2MTUyMjM0XzgzMDExNzM2MzMyODUxNjY=","pfbid036wfQihFiouT3oM8Ea917nyciSegHiWmZdrMpKXTmKye7LTAPPh1epSCkuGV6KnLFl","Renly Mawey","https://scontent.fbgi2-1.fna.fbcdn.net/v/t39.30808-1/345898800_807013904193098_3864408136215189200_n.jpg?stp=cp0_dst-jpg_s32x32&_nc_cat=111&ccb=1-7&_nc_sid=0ecb9b&_nc_ohc=hy3b6w63XjIQ7kNvgFk3bgh&_nc_ht=scontent.fbgi2-1.fna&oh=00_AYAn2faultK4VkBmJ-pLmeGxUQ_SMgOAuUIi71oot80o6g&oe=670031EF","https://www.facebook.com/renly.mawey","Y29tbWVudDo4MzcyNjcyMzc2MTUyMjM0XzgzMDExNzM2MzMyODUxNjY=","Moh IQbal T Olii 👍👍","2","5","2024-09-25T07:42:16.000Z","8372672376152234","https://www.facebook.com/ikhbal.kulukulu/posts/pfbid0MuEJf8fgeCWLt5G8ryaSLosme5yefg3ou6rCYM1wdYw5gUaR8WVd6Jfazob6w2G4l","ZmVlZGJhY2s6ODM3MjY3MjM3NjE1MjIzNF84MzAxMTczNjMzMjg1MTY2","Y29tbWVudDo4MzcyNjcyMzc2MTUyMjM0XzgzMDExNzM2MzMyODUxNjY=","https://www.facebook.com/ikhbal.kulukulu/posts/pfbid0MuEJf8fgeCWLt5G8ryaSLosme5yefg3ou6rCYM1wdYw5gUaR8WVd6Jfazob6w2G4l","0","103847162550652","false",,,,,,"Stelan Kancingan.","pfbid036wfQihFiouT3oM8Ea917nyciSegHiWmZdrMpKXTmKye7LTAPPh1epSCkuGV6KnLFl","Renly Mawey","https://scontent.fbgi2-1.fna.fbcdn.net/v/t39.30808-1/345898800_807013904193098_3864408136215189200_n.jpg?stp=cp0_dst-jpg_s32x32&_nc_cat=111&ccb=1-7&_nc_sid=0ecb9b&_nc_ohc=hy3b6w63XjIQ7kNvgFk3bgh&_nc_ht=scontent.fbgi2-1.fna&oh=00_AYAn2faultK4VkBmJ-pLmeGxUQ_SMgOAuUIi71oot80o6g&oe=670031EF","https://www.facebook.com/renly.mawey",,"Posisi dimn ini pak boss","0"
,,,,,,,,,,,,,"https://www.facebook.com/ikhbal.kulukulu/posts/pfbid0DJ2jrjms4kpy8Xn9a8JxVSyYdR324A4DwuV6c6hWnj2WuW8GyJd8P8LdqtnU9G2Gl?comment_id=443369514840665&reply_comment_id=2832434070271471",,,,,,,,,,,,,,,,,,,,,,,,,,,,,,,,,,,,,,,,,,,,,,,,,,,,,,,,,,,,,,,,,,,,,,,,,,,,,,,,,,,,,,,,"2024-09-25T12:44:49.000Z","8374783945941077","https://www.facebook.com/ikhbal.kulukulu/posts/pfbid0DJ2jrjms4kpy8Xn9a8JxVSyYdR324A4DwuV6c6hWnj2WuW8GyJd8P8LdqtnU9G2Gl","ZmVlZGJhY2s6ODM3NDc4Mzk0NTk0MTA3N18yODMyNDM0MDcwMjcxNDcx","Y29tbWVudDo4Mzc0NzgzOTQ1OTQxMDc3XzI4MzI0MzQwNzAyNzE0NzE=","https://www.facebook.com/ikhbal.kulukulu/posts/pfbid0DJ2jrjms4kpy8Xn9a8JxVSyYdR324A4DwuV6c6hWnj2WuW8GyJd8P8LdqtnU9G2Gl","0","261237703739109","false","User","pfbid036wfQihFiouT3oM8Ea917nyciSegHiWmZdrMpKXTmKye7LTAPPh1epSCkuGV6KnLFl","Renly Mawey","Renly","Y29tbWVudDo4Mzc0NzgzOTQ1OTQxMDc3XzQ0MzM2OTUxNDg0MDY2NQ==","OKASA F1

Rock Melon cantaloupe hibrida.
Bentuk buah : bulat oval.
Warna daging : oranye,
Berat buah : ± 3 kg/buah.
Umur panen : ± 60 hst.
Potensi hasil : ± 25 ton/ha.
Adaptasi utama di dataran rendah.
Rasa sangat manis.

#suksesbersamaBintangasia
#melonokasaF1
@sorotan 
pengikut 
Bintang Asia 
Benih Citra Asia","100002286647352","Moh IQbal T Olii","https://scontent-yyz1-1.xx.fbcdn.net/v/t39.30808-1/456455817_8115762721843202_8695643095343227830_n.jpg?stp=cp0_dst-jpg_s32x32&_nc_cat=106&ccb=1-7&_nc_sid=50d2ac&_nc_ohc=bIQxXPuvY6IQ7kNvgG3fWZA&_nc_ht=scontent-yyz1-1.xx&_nc_gid=AhKaooCM-UNMjGRtoY0zhEj&oh=00_AYDMswW1OKxofj0HJqfGL5MBnXf4-4WRmoE9wTjXX8sHSg&oe=67001324","https://www.facebook.com/ikhbal.kulukulu","Y29tbWVudDo4Mzc0NzgzOTQ1OTQxMDc3XzQ0MzM2OTUxNDg0MDY2NQ==","Renly Mawey iya pak agak sedikit oval","1"
,,,,,,,,,,,,,"https://www.facebook.com/ikhbal.kulukulu/posts/pfbid0MuEJf8fgeCWLt5G8ryaSLosme5yefg3ou6rCYM1wdYw5gUaR8WVd6Jfazob6w2G4l?comment_id=8301173633285166&reply_comment_id=1430213497653168",,,,,,,,,,,,,,,,,,,,,,,,,,,,,,,,,,,,,,,,,,,,,,,,,,,,,,,,,,,,,,,,,,,,,,,,,,,,,,,,,,,,,,,"4","2024-09-25T11:52:30.000Z","8372672376152234","https://www.facebook.com/ikhbal.kulukulu/posts/pfbid0MuEJf8fgeCWLt5G8ryaSLosme5yefg3ou6rCYM1wdYw5gUaR8WVd6Jfazob6w2G4l","ZmVlZGJhY2s6ODM3MjY3MjM3NjE1MjIzNF8xNDMwMjEzNDk3NjUzMTY4","Y29tbWVudDo4MzcyNjcyMzc2MTUyMjM0XzE0MzAyMTM0OTc2NTMxNjg=","https://www.facebook.com/ikhbal.kulukulu/posts/pfbid0MuEJf8fgeCWLt5G8ryaSLosme5yefg3ou6rCYM1wdYw5gUaR8WVd6Jfazob6w2G4l","0","103847162550652","false","User","pfbid036wfQihFiouT3oM8Ea917nyciSegHiWmZdrMpKXTmKye7LTAPPh1epSCkuGV6KnLFl","Renly Mawey","Renly","Y29tbWVudDo4MzcyNjcyMzc2MTUyMjM0XzgzMDExNzM2MzMyODUxNjY=","Stelan Kancingan.","100002286647352","Moh IQbal T Olii","https://scontent.fsdu10-1.fna.fbcdn.net/v/t39.30808-1/456455817_8115762721843202_8695643095343227830_n.jpg?stp=cp0_dst-jpg_s32x32&_nc_cat=106&ccb=1-7&_nc_sid=50d2ac&_nc_ohc=bIQxXPuvY6IQ7kNvgFKpuVQ&_nc_ht=scontent.fsdu10-1.fna&_nc_gid=AAl94xBk3claJJHb-cL4kLp&oh=00_AYAcbAI0_U3EcbtA9JNPxzqcloPj-OD_U_i5UFRp--c0VA&oe=67001324","https://www.facebook.com/ikhbal.kulukulu","Y29tbWVudDo4MzcyNjcyMzc2MTUyMjM0XzgzMDExNzM2MzMyODUxNjY=","Renly Mawey Masi di Bumi pak bos🤭","1"
,,,,,,,,,,,,,"https://www.facebook.com/ikhbal.kulukulu/posts/pfbid0MuEJf8fgeCWLt5G8ryaSLosme5yefg3ou6rCYM1wdYw5gUaR8WVd6Jfazob6w2G4l?comment_id=8301173633285166&reply_comment_id=3851026768520488",,,,,,,,,,,,,,,,,,,,,,,,,,,,,,,,,,,,,,,,,,,,,,,,,,,,,,,,,,,,,,,,,,,,,,,,,,,,,,,,,,,,,,,,"2024-09-25T11:54:51.000Z","8372672376152234","https://www.facebook.com/ikhbal.kulukulu/posts/pfbid0MuEJf8fgeCWLt5G8ryaSLosme5yefg3ou6rCYM1wdYw5gUaR8WVd6Jfazob6w2G4l","ZmVlZGJhY2s6ODM3MjY3MjM3NjE1MjIzNF8zODUxMDI2NzY4NTIwNDg4","Y29tbWVudDo4MzcyNjcyMzc2MTUyMjM0XzM4NTEwMjY3Njg1MjA0ODg=","https://www.facebook.com/ikhbal.kulukulu/posts/pfbid0MuEJf8fgeCWLt5G8ryaSLosme5yefg3ou6rCYM1wdYw5gUaR8WVd6Jfazob6w2G4l","1","103847162550652","false","User","pfbid036wfQihFiouT3oM8Ea917nyciSegHiWmZdrMpKXTmKye7LTAPPh1epSCkuGV6KnLFl","Renly Mawey","Renly","Y29tbWVudDo4MzcyNjcyMzc2MTUyMjM0XzgzMDExNzM2MzMyODUxNjY=","Stelan Kancingan.","pfbid036wfQihFiouT3oM8Ea917nyciSegHiWmZdrMpKXTmKye7LTAPPh1epSCkuGV6KnLFl","Renly Mawey","https://scontent.fsdu10-1.fna.fbcdn.net/v/t39.30808-1/345898800_807013904193098_3864408136215189200_n.jpg?stp=cp0_dst-jpg_s32x32&_nc_cat=111&ccb=1-7&_nc_sid=0ecb9b&_nc_ohc=hy3b6w63XjIQ7kNvgHxb00R&_nc_ht=scontent.fsdu10-1.fna&_nc_gid=AAl94xBk3claJJHb-cL4kLp&oh=00_AYACp3Pvixz-ssBLn92ylx89V2MfLV_kyvKCoL9dOcM3Jg&oe=670031EF","https://www.facebook.com/renly.mawey","Y29tbWVudDo4MzcyNjcyMzc2MTUyMjM0XzgzMDExNzM2MzMyODUxNjY=","Moh IQbal T Olii ohh masi di bumi,.kira so ke luar angkasa😆😆","2"
,,,,,,,,,,,,,"https://www.facebook.com/ikhbal.kulukulu/posts/pfbid0MuEJf8fgeCWLt5G8ryaSLosme5yefg3ou6rCYM1wdYw5gUaR8WVd6Jfazob6w2G4l?comment_id=8301173633285166&reply_comment_id=1835797693619397",,,,,,,,,,,,,,,,,,,,,,,,,,,,,,,,,,,,,,,,,,,,,,,,,,,,,,,,,,,,,,,,,,,,,,,,,,,,,,,,,,,,,,,,"2024-09-25T11:58:57.000Z","8372672376152234","https://www.facebook.com/ikhbal.kulukulu/posts/pfbid0MuEJf8fgeCWLt5G8ryaSLosme5yefg3ou6rCYM1wdYw5gUaR8WVd6Jfazob6w2G4l","ZmVlZGJhY2s6ODM3MjY3MjM3NjE1MjIzNF8xODM1Nzk3NjkzNjE5Mzk3","Y29tbWVudDo4MzcyNjcyMzc2MTUyMjM0XzE4MzU3OTc2OTM2MTkzOTc=","https://www.facebook.com/ikhbal.kulukulu/posts/pfbid0MuEJf8fgeCWLt5G8ryaSLosme5yefg3ou6rCYM1wdYw5gUaR8WVd6Jfazob6w2G4l","0","103847162550652","false","User","pfbid036wfQihFiouT3oM8Ea917nyciSegHiWmZdrMpKXTmKye7LTAPPh1epSCkuGV6KnLFl","Renly Mawey","Renly","Y29tbWVudDo4MzcyNjcyMzc2MTUyMjM0XzgzMDExNzM2MzMyODUxNjY=","Stelan Kancingan.","pfbid036wfQihFiouT3oM8Ea917nyciSegHiWmZdrMpKXTmKye7LTAPPh1epSCkuGV6KnLFl","Renly Mawey","https://scontent.fsdu10-1.fna.fbcdn.net/v/t39.30808-1/345898800_807013904193098_3864408136215189200_n.jpg?stp=cp0_dst-jpg_s32x32&_nc_cat=111&ccb=1-7&_nc_sid=0ecb9b&_nc_ohc=hy3b6w63XjIQ7kNvgHxb00R&_nc_ht=scontent.fsdu10-1.fna&_nc_gid=AAl94xBk3claJJHb-cL4kLp&oh=00_AYACp3Pvixz-ssBLn92ylx89V2MfLV_kyvKCoL9dOcM3Jg&oe=670031EF","https://www.facebook.com/renly.mawey","Y29tbWVudDo4MzcyNjcyMzc2MTUyMjM0XzgzMDExNzM2MzMyODUxNjY=","Kapan main ke manado pak boss?","2"
,,,,,,,,,,,,,"https://www.facebook.com/ikhbal.kulukulu/posts/pfbid0MuEJf8fgeCWLt5G8ryaSLosme5yefg3ou6rCYM1wdYw5gUaR8WVd6Jfazob6w2G4l?comment_id=8301173633285166&reply_comment_id=1068114878358049",,,,,,,,,,,,,,,,,,,,,,,,,,,,,,,,,,,,,,,,,,,,,,,,,,,,,,,,,,,,,,,,,,,,,,,,,,,,,,,,,,,,,,,,"2024-09-25T12:45:16.000Z","8372672376152234","https://www.facebook.com/ikhbal.kulukulu/posts/pfbid0MuEJf8fgeCWLt5G8ryaSLosme5yefg3ou6rCYM1wdYw5gUaR8WVd6Jfazob6w2G4l","ZmVlZGJhY2s6ODM3MjY3MjM3NjE1MjIzNF8xMDY4MTE0ODc4MzU4MDQ5","Y29tbWVudDo4MzcyNjcyMzc2MTUyMjM0XzEwNjgxMTQ4NzgzNTgwNDk=","https://www.facebook.com/ikhbal.kulukulu/posts/pfbid0MuEJf8fgeCWLt5G8ryaSLosme5yefg3ou6rCYM1wdYw5gUaR8WVd6Jfazob6w2G4l","0","103847162550652","false","User","pfbid036wfQihFiouT3oM8Ea917nyciSegHiWmZdrMpKXTmKye7LTAPPh1epSCkuGV6KnLFl","Renly Mawey","Renly","Y29tbWVudDo4MzcyNjcyMzc2MTUyMjM0XzgzMDExNzM2MzMyODUxNjY=","Stelan Kancingan.","100002286647352","Moh IQbal T Olii","https://scontent.fsdu10-1.fna.fbcdn.net/v/t39.30808-1/456455817_8115762721843202_8695643095343227830_n.jpg?stp=cp0_dst-jpg_s32x32&_nc_cat=106&ccb=1-7&_nc_sid=50d2ac&_nc_ohc=bIQxXPuvY6IQ7kNvgFKpuVQ&_nc_ht=scontent.fsdu10-1.fna&_nc_gid=AAl94xBk3claJJHb-cL4kLp&oh=00_AYAcbAI0_U3EcbtA9JNPxzqcloPj-OD_U_i5UFRp--c0VA&oe=67001324","https://www.facebook.com/ikhbal.kulukulu","Y29tbWVudDo4MzcyNjcyMzc2MTUyMjM0XzgzMDExNzM2MzMyODUxNjY=","Renly Mawey panjang umur bulan depan pak bos","2"
,,,,,,,,,,,,,"https://www.facebook.com/ikhbal.kulukulu/posts/pfbid0MuEJf8fgeCWLt5G8ryaSLosme5yefg3ou6rCYM1wdYw5gUaR8WVd6Jfazob6w2G4l?comment_id=8301173633285166&reply_comment_id=8425003594280872",,,,,,,,,,,,,,,,,,,,,,,,,,,,,,,,,,,,,,,,,,,,,,,,,,,,,,,,,,,,,,,,,,,,,,,,,,,,,,,,,,,,,,,,"2024-09-25T13:29:55.000Z","8372672376152234","https://www.facebook.com/ikhbal.kulukulu/posts/pfbid0MuEJf8fgeCWLt5G8ryaSLosme5yefg3ou6rCYM1wdYw5gUaR8WVd6Jfazob6w2G4l","ZmVlZGJhY2s6ODM3MjY3MjM3NjE1MjIzNF84NDI1MDAzNTk0MjgwODcy","Y29tbWVudDo4MzcyNjcyMzc2MTUyMjM0Xzg0MjUwMDM1OTQyODA4NzI=","https://www.facebook.com/ikhbal.kulukulu/posts/pfbid0MuEJf8fgeCWLt5G8ryaSLosme5yefg3ou6rCYM1wdYw5gUaR8WVd6Jfazob6w2G4l","1","103847162550652","false","User","pfbid036wfQihFiouT3oM8Ea917nyciSegHiWmZdrMpKXTmKye7LTAPPh1epSCkuGV6KnLFl","Renly Mawey","Renly","Y29tbWVudDo4MzcyNjcyMzc2MTUyMjM0XzgzMDExNzM2MzMyODUxNjY=","Stelan Kancingan.","pfbid036wfQihFiouT3oM8Ea917nyciSegHiWmZdrMpKXTmKye7LTAPPh1epSCkuGV6KnLFl","Renly Mawey","https://scontent.fsdu10-1.fna.fbcdn.net/v/t39.30808-1/345898800_807013904193098_3864408136215189200_n.jpg?stp=cp0_dst-jpg_s32x32&_nc_cat=111&ccb=1-7&_nc_sid=0ecb9b&_nc_ohc=hy3b6w63XjIQ7kNvgHxb00R&_nc_ht=scontent.fsdu10-1.fna&_nc_gid=AAl94xBk3claJJHb-cL4kLp&oh=00_AYACp3Pvixz-ssBLn92ylx89V2MfLV_kyvKCoL9dOcM3Jg&oe=670031EF","https://www.facebook.com/renly.mawey","Y29tbWVudDo4MzcyNjcyMzc2MTUyMjM0XzgzMDExNzM2MzMyODUxNjY=","Moh IQbal T Olii 👍👍","2"
