﻿"attachments/0/style_list/0","attachments/0/style_list/1","attachments/0/style_list/2","attachments/0/style_list/3","attachments/0/style_list/4","commentUrl","commentsCount","date","facebookId","facebookUrl","feedbackId","id","inputUrl","likesCount","pageAdLibrary/id","pageAdLibrary/is_business_page_active","pageAdLibrary/woodhenge_creator_info","postTitle","profileId","profileName","profilePicture","profileUrl","replyToCommentId","text","threadingDepth"
,,,,,"https://www.facebook.com/100004109346822/posts/2906173349529615?comment_id=1705225050016733","1","2024-09-09T09:37:19.000Z","2906173349529615","https://www.facebook.com/100004109346822/posts/2906173349529615","ZmVlZGJhY2s6MjkwNjE3MzM0OTUyOTYxNV8xNzA1MjI1MDUwMDE2NzMz","Y29tbWVudDoyOTA2MTczMzQ5NTI5NjE1XzE3MDUyMjUwNTAwMTY3MzM=","https://www.facebook.com/100004109346822/posts/2906173349529615","0","103383066093617","false",,"Quote of #bintangasia #quote #senin","pfbid02AkawAGdYBd82uw65ZdFhtewHEJ1Horh51tRveYqLSQ7sFUpsf4VzgX435Rcfv6vWl","RiyantoHenza Riyanto","https://scontent-lga3-2.xx.fbcdn.net/v/t39.30808-1/448965010_1695957037812700_2035001181740943193_n.jpg?stp=c0.0.600.600a_cp0_dst-jpg_s32x32&_nc_cat=104&ccb=1-7&_nc_sid=0ecb9b&_nc_ohc=oye-0AO63pkQ7kNvgFLqAMf&_nc_ht=scontent-lga3-2.xx&_nc_gid=AlaJStNtYnlrjOsV2Fu3byk&oh=00_AYAGZgLm_hre8q2bbeEinfDQGvIqIh5LAPYa99vi_aZU7g&oe=66E818D8","https://www.facebook.com/riyantohenza.riyanto",,"Merk bibit apa itu mas.?",
,,,,,"https://www.facebook.com/100004109346822/posts/2906173349529615?comment_id=1664960050946090",,"2024-09-10T06:20:50.000Z","2906173349529615","https://www.facebook.com/100004109346822/posts/2906173349529615","ZmVlZGJhY2s6MjkwNjE3MzM0OTUyOTYxNV8xNjY0OTYwMDUwOTQ2MDkw","Y29tbWVudDoyOTA2MTczMzQ5NTI5NjE1XzE2NjQ5NjAwNTA5NDYwOTA=","https://www.facebook.com/100004109346822/posts/2906173349529615","0","103383066093617","false",,"Quote of #bintangasia #quote #senin","pfbid03384n15BgqZWYP8zmeHmD91fBjppiGVvzNjh9rpgiuKYpko8aR2e7AhcUnHoyc2y7l","Noval Setiawan","https://scontent-lga3-1.xx.fbcdn.net/v/t39.30808-1/344344244_206043675546025_8077722817514118314_n.jpg?stp=cp0_dst-jpg_s32x32&_nc_cat=102&ccb=1-7&_nc_sid=0ecb9b&_nc_ohc=22_7ByVXiNEQ7kNvgFi8nJx&_nc_ht=scontent-lga3-1.xx&_nc_gid=AlaJStNtYnlrjOsV2Fu3byk&oh=00_AYDVZFRpN6TdwILUr3MjaMdF_AaZeWLXA_UW3Z8hm-aiBg&oe=66E841BE","https://www.facebook.com/noval.setiawan.737",,"Mantap sempel nyo bng biar tambah oke",
,,,,,"https://www.facebook.com/100004109346822/posts/2903603543119929?comment_id=522789890130565","2","2024-09-06T14:54:13.000Z","2903603543119929","https://www.facebook.com/100004109346822/posts/2903603543119929","ZmVlZGJhY2s6MjkwMzYwMzU0MzExOTkyOV81MjI3ODk4OTAxMzA1NjU=","Y29tbWVudDoyOTAzNjAzNTQzMTE5OTI5XzUyMjc4OTg5MDEzMDU2NQ==","https://www.facebook.com/100004109346822/posts/2903603543119929","1","250829661453806","false",,"Anton Sulaiman Bintang Asia. 242 likes · 104 talking about this. ‎﻿بِسْمِ اللّٰهِ الرَّحْمٰنِ الرَّحِيْمِ‎","100005916218552","Eco Shoenardy","https://scontent-atl3-1.xx.fbcdn.net/v/t39.30808-1/329350255_1115175066547888_6823831050898559069_n.jpg?stp=cp0_dst-jpg_s32x32&_nc_cat=106&ccb=1-7&_nc_sid=50d2ac&_nc_ohc=7bLKOZd7W38Q7kNvgE12qxy&_nc_ht=scontent-atl3-1.xx&oh=00_AYBpUII9JCMzcZRa0ebd4yxH7fbyGPMJTQ7nQQMs8N9Ksg&oe=66E81423","https://www.facebook.com/cah.jowo.3133",,"Mantab bintangasia",
,,,,,"https://www.facebook.com/100004109346822/posts/2904002096413407?comment_id=538101358908395","1","2024-09-07T12:58:34.000Z","2904002096413407","https://www.facebook.com/100004109346822/posts/2904002096413407","ZmVlZGJhY2s6MjkwNDAwMjA5NjQxMzQwN181MzgxMDEzNTg5MDgzOTU=","Y29tbWVudDoyOTA0MDAyMDk2NDEzNDA3XzUzODEwMTM1ODkwODM5NQ==","https://www.facebook.com/100004109346822/posts/2904002096413407","0",,,,"STABIL F1
Jagung manis hibrida.
Warna bulir : kuning terang.
Manis (11-14 brix).
Warna kelobot : hijau.
Tongkol besar.
Umur panen : ± 67 hst.
Potensi...","100007578522755","Renzy Bintangasia","https://scontent-atl3-2.xx.fbcdn.net/v/t39.30808-1/426012403_3605728109689771_2277782955804277447_n.jpg?stp=cp0_dst-jpg_s32x32&_nc_cat=104&ccb=1-7&_nc_sid=50d2ac&_nc_ohc=M574j_z4JmsQ7kNvgFBAZ08&_nc_ht=scontent-atl3-2.xx&_nc_gid=AW4g0Xie-9WbT1ukJBOc6Ta&oh=00_AYA2uSpFJMcQRSJrn-w45ldoWoB9VAVnwKbTrlYeNKzcpA&oe=66E81F84","https://www.facebook.com/renzi.prayuda",,"Mantap bg..gasss kenn",
,,,,,"https://www.facebook.com/100004109346822/posts/2904002096413407?comment_id=3890964564496226","5","2024-09-07T10:48:09.000Z","2904002096413407","https://www.facebook.com/100004109346822/posts/2904002096413407","ZmVlZGJhY2s6MjkwNDAwMjA5NjQxMzQwN18zODkwOTY0NTY0NDk2MjI2","Y29tbWVudDoyOTA0MDAyMDk2NDEzNDA3XzM4OTA5NjQ1NjQ0OTYyMjY=","https://www.facebook.com/100004109346822/posts/2904002096413407","0",,,,"STABIL F1
Jagung manis hibrida.
Warna bulir : kuning terang.
Manis (11-14 brix).
Warna kelobot : hijau.
Tongkol besar.
Umur panen : ± 67 hst.
Potensi...","100003577468906","April Lianto","https://scontent-atl3-2.xx.fbcdn.net/v/t39.30808-1/405427098_6638934206235762_7773440617666823017_n.jpg?stp=cp0_dst-jpg_s32x32&_nc_cat=102&ccb=1-7&_nc_sid=50d2ac&_nc_ohc=seNdT7zQg-sQ7kNvgH3FMCo&_nc_ht=scontent-atl3-2.xx&_nc_gid=AW4g0Xie-9WbT1ukJBOc6Ta&oh=00_AYCVFNeL_tLbYN4wKquttMFepmt5rcg2_98A8-sOxhpmQw&oe=66E83827","https://www.facebook.com/april.liyanto.54",,"Untuk jarak tanam brp pak",
,,,,,"https://www.facebook.com/100004109346822/posts/2904002096413407?comment_id=1634246684098690","2","2024-09-07T16:25:31.000Z","2904002096413407","https://www.facebook.com/100004109346822/posts/2904002096413407","ZmVlZGJhY2s6MjkwNDAwMjA5NjQxMzQwN18xNjM0MjQ2Njg0MDk4Njkw","Y29tbWVudDoyOTA0MDAyMDk2NDEzNDA3XzE2MzQyNDY2ODQwOTg2OTA=","https://www.facebook.com/100004109346822/posts/2904002096413407","0",,,,"STABIL F1
Jagung manis hibrida.
Warna bulir : kuning terang.
Manis (11-14 brix).
Warna kelobot : hijau.
Tongkol besar.
Umur panen : ± 67 hst.
Potensi...","100093293953620","Rini Khusriati","https://scontent-atl3-1.xx.fbcdn.net/v/t39.30808-1/451507869_361065207013275_6376160167794298418_n.jpg?stp=cp0_dst-jpg_s32x32&_nc_cat=107&ccb=1-7&_nc_sid=50d2ac&_nc_ohc=fKKqtq1EcmkQ7kNvgEGEMgk&_nc_ht=scontent-atl3-1.xx&_nc_gid=AW4g0Xie-9WbT1ukJBOc6Ta&oh=00_AYDUMY0ntiDerQkGkf7pMr2s8PdwisdYEdExdwlMUw3zTg&oe=66E8131E","https://www.facebook.com/people/Rini-Khusriati/100093293953620/",,"Ada jagung warna warni G bg??",
,,,,,"https://www.facebook.com/100004109346822/posts/2904002096413407?comment_id=831818672271625",,"2024-09-07T01:15:33.000Z","2904002096413407","https://www.facebook.com/100004109346822/posts/2904002096413407","ZmVlZGJhY2s6MjkwNDAwMjA5NjQxMzQwN184MzE4MTg2NzIyNzE2MjU=","Y29tbWVudDoyOTA0MDAyMDk2NDEzNDA3XzgzMTgxODY3MjI3MTYyNQ==","https://www.facebook.com/100004109346822/posts/2904002096413407","0",,,,"STABIL F1
Jagung manis hibrida.
Warna bulir : kuning terang.
Manis (11-14 brix).
Warna kelobot : hijau.
Tongkol besar.
Umur panen : ± 67 hst.
Potensi...","pfbid02djtpu7FGWAkJeAJB9sbjEHYs8JGouyaUchfrPfLRxRYm6je17hxV9veDX5ducycLl","Rahmat Janur","https://scontent-atl3-2.xx.fbcdn.net/v/t39.30808-1/407779619_122094652238149733_2880426025136261169_n.jpg?stp=c22.0.452.452a_cp0_dst-jpg_s32x32&_nc_cat=105&ccb=1-7&_nc_sid=0ecb9b&_nc_ohc=ccP4WmjgqcAQ7kNvgEUnib4&_nc_ht=scontent-atl3-2.xx&_nc_gid=AW4g0Xie-9WbT1ukJBOc6Ta&oh=00_AYANB1aeHbRcdwnzlvbybbexwv2wvaeMoF-OPF_85_F8yQ&oe=66E81121","https://www.facebook.com/people/Rahmat-Janur/pfbid02djtpu7FGWAkJeAJB9sbjEHYs8JGouyaUchfrPfLRxRYm6je17hxV9veDX5ducycLl/",,"Benih jagung manis ini sangat cocok untuk pemula seperti saya. Petunjuk penanamannya sangat jelas dan mudah diikuti. Hasilnya pun sangat memuaskan",
,,,,,"https://www.facebook.com/100004109346822/posts/2906173349529615?comment_id=519881624024373",,"2024-09-09T13:13:27.000Z","2906173349529615","https://www.facebook.com/100004109346822/posts/2906173349529615","ZmVlZGJhY2s6MjkwNjE3MzM0OTUyOTYxNV81MTk4ODE2MjQwMjQzNzM=","Y29tbWVudDoyOTA2MTczMzQ5NTI5NjE1XzUxOTg4MTYyNDAyNDM3Mw==","https://www.facebook.com/100004109346822/posts/2906173349529615","0","103383066093617","false",,"Quote of #bintangasia #quote #senin","100004109346822","Anton Sulaiman Bintang Asia","https://scontent.feau1-1.fna.fbcdn.net/v/t39.30808-1/408038176_2702817406531878_9133290973397502973_n.jpg?stp=cp0_dst-jpg_s32x32&_nc_cat=100&ccb=1-7&_nc_sid=50d2ac&_nc_ohc=dnKUGTI9M70Q7kNvgHP50xr&_nc_ht=scontent.feau1-1.fna&oh=00_AYBxoiBPrmg35H1vyusW3IBCcA7V8M-QS-XCSrDYPrdVXA&oe=66E825C3","https://www.facebook.com/antonsulaiman95","Y29tbWVudDoyOTA2MTczMzQ5NTI5NjE1XzE3MDUyMjUwNTAwMTY3MzM=","RiyantoHenza Riyanto Romanza F1","1"
,,,,,"https://www.facebook.com/100004109346822/posts/2906163556197261?comment_id=1443667946315410","1","2024-09-09T07:52:00.000Z","2906163556197261","https://www.facebook.com/100004109346822/posts/2906163556197261","ZmVlZGJhY2s6MjkwNjE2MzU1NjE5NzI2MV8xNDQzNjY3OTQ2MzE1NDEw","Y29tbWVudDoyOTA2MTYzNTU2MTk3MjYxXzE0NDM2Njc5NDYzMTU0MTA=","https://www.facebook.com/100004109346822/posts/2906163556197261","1","250829661453806",,,"CITRA ASIA F1
Tomat hibrida semi indeterminate.
Bentuk buah : oval.
Warna buah muda : hijau dengan pundak hijau gelap.
Warna buah masak : merah.
Berat buah : 51-65 g/buah.
Umur panen : 55-68 hst....","100007578522755","Renzy Bintangasia","https://scontent.fogl3-1.fna.fbcdn.net/v/t39.30808-1/426012403_3605728109689771_2277782955804277447_n.jpg?stp=cp0_dst-jpg_s32x32&_nc_cat=104&ccb=1-7&_nc_sid=50d2ac&_nc_ohc=M574j_z4JmsQ7kNvgEMm7XM&_nc_ht=scontent.fogl3-1.fna&oh=00_AYCAwwcKH00cgHh91k8RC8mOJBafnabzJhlSBGZcUNomDg&oe=66E81F84","https://www.facebook.com/renzi.prayuda",,"Ganteng ganteng 😁",
,,,,,"https://www.facebook.com/100004109346822/posts/2904924682987815?comment_id=548566224268912","2","2024-09-08T04:35:56.000Z","2904924682987815","https://www.facebook.com/100004109346822/posts/2904924682987815","ZmVlZGJhY2s6MjkwNDkyNDY4Mjk4NzgxNV81NDg1NjYyMjQyNjg5MTI=","Y29tbWVudDoyOTA0OTI0NjgyOTg3ODE1XzU0ODU2NjIyNDI2ODkxMg==","https://www.facebook.com/100004109346822/posts/2904924682987815","1",,,,"Respon salah satu petani semangka profesional saat perdana menanam benih SERI F1 dari BintangasiA

#serif1
#semangka3n
#semangkahibrida
#semangkanonbiji...","100004109346822","Anton Sulaiman Bintang Asia","https://scontent-lax3-2.xx.fbcdn.net/v/t39.30808-1/408038176_2702817406531878_9133290973397502973_n.jpg?stp=cp0_dst-jpg_s32x32&_nc_cat=100&ccb=1-7&_nc_sid=50d2ac&_nc_ohc=dnKUGTI9M70Q7kNvgHnNVqH&_nc_ht=scontent-lax3-2.xx&oh=00_AYA_TZYWfS4Mats846pV0hdTESpR4WQuIS5IVKDZMAPb-g&oe=66E825C3","https://www.facebook.com/antonsulaiman95",,"Tomz Blade 60cm x 4m",
,,,,,"https://www.facebook.com/100004109346822/posts/2904924682987815?comment_id=1706502266768583","1","2024-09-08T06:00:26.000Z","2904924682987815","https://www.facebook.com/100004109346822/posts/2904924682987815","ZmVlZGJhY2s6MjkwNDkyNDY4Mjk4NzgxNV8xNzA2NTAyMjY2NzY4NTgz","Y29tbWVudDoyOTA0OTI0NjgyOTg3ODE1XzE3MDY1MDIyNjY3Njg1ODM=","https://www.facebook.com/100004109346822/posts/2904924682987815","1",,,,"Respon salah satu petani semangka profesional saat perdana menanam benih SERI F1 dari BintangasiA

#serif1
#semangka3n
#semangkahibrida
#semangkanonbiji...","pfbid02x3xng43Wu7rHrxZ3TgtkQY82rkmtSja7zBsKCoTHqjxyMn7kUnehrAUMDteUhNLZl","Sain Muhammad Alfian","https://scontent-lax3-1.xx.fbcdn.net/v/t39.30808-1/452236782_1430351004343236_429209480021872887_n.jpg?stp=cp0_dst-jpg_s32x32&_nc_cat=109&ccb=1-7&_nc_sid=0ecb9b&_nc_ohc=fmHG4rU19pcQ7kNvgFFvZjs&_nc_ht=scontent-lax3-1.xx&oh=00_AYBkZbj1mlq9-XxrgrKRJesj82x3jz9BWIL7157HKUXf1w&oe=66E831EA","https://www.facebook.com/people/Sain-Muhammad-Alfian/pfbid02x3xng43Wu7rHrxZ3TgtkQY82rkmtSja7zBsKCoTHqjxyMn7kUnehrAUMDteUhNLZl/",,"Asik ya mas jalan ke kebun semangka wkwk",
,,,,,"https://www.facebook.com/100004109346822/posts/2904924682987815?comment_id=1244611310069197","1","2024-09-08T04:32:41.000Z","2904924682987815","https://www.facebook.com/100004109346822/posts/2904924682987815","ZmVlZGJhY2s6MjkwNDkyNDY4Mjk4NzgxNV8xMjQ0NjExMzEwMDY5MTk3","Y29tbWVudDoyOTA0OTI0NjgyOTg3ODE1XzEyNDQ2MTEzMTAwNjkxOTc=","https://www.facebook.com/100004109346822/posts/2904924682987815","1",,,,"Respon salah satu petani semangka profesional saat perdana menanam benih SERI F1 dari BintangasiA

#serif1
#semangka3n
#semangkahibrida
#semangkanonbiji...","100007578522755","Renzy Bintangasia","https://scontent-lax3-1.xx.fbcdn.net/v/t39.30808-1/426012403_3605728109689771_2277782955804277447_n.jpg?stp=cp0_dst-jpg_s32x32&_nc_cat=104&ccb=1-7&_nc_sid=50d2ac&_nc_ohc=M574j_z4JmsQ7kNvgGBssAk&_nc_ht=scontent-lax3-1.xx&oh=00_AYC22EFqrR7GtrXv6LvolvONMBL7kvypF6KzzD7OMeEauw&oe=66E81F84","https://www.facebook.com/renzi.prayuda",,"Mantap boss",
,,,,,"https://www.facebook.com/100004109346822/posts/2904924682987815?comment_id=2013800799053901",,"2024-09-08T02:29:33.000Z","2904924682987815","https://www.facebook.com/100004109346822/posts/2904924682987815","ZmVlZGJhY2s6MjkwNDkyNDY4Mjk4NzgxNV8yMDEzODAwNzk5MDUzOTAx","Y29tbWVudDoyOTA0OTI0NjgyOTg3ODE1XzIwMTM4MDA3OTkwNTM5MDE=","https://www.facebook.com/100004109346822/posts/2904924682987815","0",,,,"Respon salah satu petani semangka profesional saat perdana menanam benih SERI F1 dari BintangasiA

#serif1
#semangka3n
#semangkahibrida
#semangkanonbiji...","pfbid0S9Gdg6jW7MNVMcjgQWJKwB1QvPgcBXeYwF4qCnwt74nfFfuexMos32N9whUtDXkYl","Opeq Bintang Asia","https://scontent-lax3-1.xx.fbcdn.net/v/t39.30808-1/440808755_122106493232287865_6230265854575499414_n.jpg?stp=cp0_dst-jpg_s32x32&_nc_cat=108&ccb=1-7&_nc_sid=0ecb9b&_nc_ohc=ULmtTw8K-M4Q7kNvgGGTjp8&_nc_ht=scontent-lax3-1.xx&oh=00_AYDGLG-pkIqdgr5Bx_9JuQLSayDWPepbyvcF-M3Xu_Kk7w&oe=66E82C6E","https://www.facebook.com/people/Opeq-Bintang-Asia/pfbid0S9Gdg6jW7MNVMcjgQWJKwB1QvPgcBXeYwF4qCnwt74nfFfuexMos32N9whUtDXkYl/",,"Semangka oval non biji
Daging merah dan padat
Penyerbukan mudah
Pembesaran mudah
Tahan layu
Toleran kresek",
,,,,,"https://www.facebook.com/100004109346822/posts/2904924682987815?comment_id=1046797756800147","1","2024-09-08T07:47:40.000Z","2904924682987815","https://www.facebook.com/100004109346822/posts/2904924682987815","ZmVlZGJhY2s6MjkwNDkyNDY4Mjk4NzgxNV8xMDQ2Nzk3NzU2ODAwMTQ3","Y29tbWVudDoyOTA0OTI0NjgyOTg3ODE1XzEwNDY3OTc3NTY4MDAxNDc=","https://www.facebook.com/100004109346822/posts/2904924682987815","0",,,,"Respon salah satu petani semangka profesional saat perdana menanam benih SERI F1 dari BintangasiA

#serif1
#semangka3n
#semangkahibrida
#semangkanonbiji...","pfbid02W2MLAaLr3aV5hhEGNT949jqVpinuhqkMs6rr6DLgYAdQpmMVC9USajLQc8DV3Ku9l","Santoso Danendra","https://scontent-lax3-2.xx.fbcdn.net/v/t39.30808-1/447681718_751018423910598_1398680863133021444_n.jpg?stp=cp0_dst-jpg_s32x32&_nc_cat=111&ccb=1-7&_nc_sid=0ecb9b&_nc_ohc=FpNg3qS98MwQ7kNvgEBcfNw&_nc_ht=scontent-lax3-2.xx&oh=00_AYCmlfViUve5NOeWEZFsGaA88Rz-vTc43WAZvGxqA-IPRQ&oe=66E826FA","https://www.facebook.com/people/Santoso-Danendra/pfbid02W2MLAaLr3aV5hhEGNT949jqVpinuhqkMs6rr6DLgYAdQpmMVC9USajLQc8DV3Ku9l/",,"25kg/btng X 3000,00",
"sticker","fallback",,,,"https://www.facebook.com/100004109346822/posts/2904924682987815?comment_id=950903700132338","2","2024-09-08T04:07:23.000Z","2904924682987815","https://www.facebook.com/100004109346822/posts/2904924682987815","ZmVlZGJhY2s6MjkwNDkyNDY4Mjk4NzgxNV85NTA5MDM3MDAxMzIzMzg=","Y29tbWVudDoyOTA0OTI0NjgyOTg3ODE1Xzk1MDkwMzcwMDEzMjMzOA==","https://www.facebook.com/100004109346822/posts/2904924682987815","0",,,,"Respon salah satu petani semangka profesional saat perdana menanam benih SERI F1 dari BintangasiA

#serif1
#semangka3n
#semangkahibrida
#semangkanonbiji...","pfbid02zbWGqrh38Hsi81rBS83WNvXPH3W12a5KxXCRuLvvg1jBeDy6ML8gZx9viNpNmjqol","Sutrisno","https://scontent-lax3-1.xx.fbcdn.net/v/t39.30808-1/353416551_289360403446562_6511445698003441445_n.jpg?stp=cp0_dst-jpg_s32x32&_nc_cat=108&ccb=1-7&_nc_sid=0ecb9b&_nc_ohc=U0aJVYCfOYQQ7kNvgFFNUUZ&_nc_ht=scontent-lax3-1.xx&oh=00_AYBC-cYtTie4oaK6LdtzaB1cO7zSuzbsXom1BJZAehMZoQ&oe=66E81F99","https://www.facebook.com/people/Sutrisno/pfbid02zbWGqrh38Hsi81rBS83WNvXPH3W12a5KxXCRuLvvg1jBeDy6ML8gZx9viNpNmjqol/",,"Lokasi di mana tuh?",
,,,,,"https://www.facebook.com/100004109346822/posts/2904924682987815?comment_id=576616731356236","1","2024-09-08T01:17:22.000Z","2904924682987815","https://www.facebook.com/100004109346822/posts/2904924682987815","ZmVlZGJhY2s6MjkwNDkyNDY4Mjk4NzgxNV81NzY2MTY3MzEzNTYyMzY=","Y29tbWVudDoyOTA0OTI0NjgyOTg3ODE1XzU3NjYxNjczMTM1NjIzNg==","https://www.facebook.com/100004109346822/posts/2904924682987815","0",,,,"Respon salah satu petani semangka profesional saat perdana menanam benih SERI F1 dari BintangasiA

#serif1
#semangka3n
#semangkahibrida
#semangkanonbiji...","100029758638967","Tatang Supriyadi","https://scontent-lax3-2.xx.fbcdn.net/v/t39.30808-1/447028192_1166769077658369_8864098087677543193_n.jpg?stp=c119.0.477.477a_cp0_dst-jpg_s32x32&_nc_cat=101&ccb=1-7&_nc_sid=50d2ac&_nc_ohc=jRHVvfu1VPYQ7kNvgF_AEKJ&_nc_ht=scontent-lax3-2.xx&oh=00_AYAx_NqHRM_Cl2PumCGh070JvNj_GfAt-RP_FFonvTHX2Q&oe=66E819A2","https://www.facebook.com/tatang.supriyadi.1004",,"Mantap bos ku",
,,,,,"https://www.facebook.com/100004109346822/posts/2904002096413407?comment_id=1190956582154190",,"2024-09-07T21:56:40.000Z","2904002096413407","https://www.facebook.com/100004109346822/posts/2904002096413407","ZmVlZGJhY2s6MjkwNDAwMjA5NjQxMzQwN18xMTkwOTU2NTgyMTU0MTkw","Y29tbWVudDoyOTA0MDAyMDk2NDEzNDA3XzExOTA5NTY1ODIxNTQxOTA=","https://www.facebook.com/100004109346822/posts/2904002096413407","0",,,,"STABIL F1
Jagung manis hibrida.
Warna bulir : kuning terang.
Manis (11-14 brix).
Warna kelobot : hijau.
Tongkol besar.
Umur panen : ± 67 hst.
Potensi...","100003577468906","April Lianto","https://scontent.frao1-2.fna.fbcdn.net/v/t39.30808-1/405427098_6638934206235762_7773440617666823017_n.jpg?stp=cp0_dst-jpg_s32x32&_nc_cat=102&ccb=1-7&_nc_sid=50d2ac&_nc_ohc=seNdT7zQg-sQ7kNvgGIdc6E&_nc_ht=scontent.frao1-2.fna&_nc_gid=AqUulr0Ai3rFJCbsBaG8nEe&oh=00_AYANIbhvEnUnlpxQgwyBrHt_rif89WHYDGbfzz6MbdPUSg&oe=66E83827","https://www.facebook.com/april.liyanto.54","Y29tbWVudDoyOTA0MDAyMDk2NDEzNDA3XzM4OTA5NjQ1NjQ0OTYyMjY=","Anton Sulaiman Bintang Asia ok terimakasih pak","2"
,,,,,"https://www.facebook.com/100004109346822/posts/2904002096413407?comment_id=1445687582616051",,"2024-09-07T19:37:22.000Z","2904002096413407","https://www.facebook.com/100004109346822/posts/2904002096413407","ZmVlZGJhY2s6MjkwNDAwMjA5NjQxMzQwN18xNDQ1Njg3NTgyNjE2MDUx","Y29tbWVudDoyOTA0MDAyMDk2NDEzNDA3XzE0NDU2ODc1ODI2MTYwNTE=","https://www.facebook.com/100004109346822/posts/2904002096413407","0",,,,"STABIL F1
Jagung manis hibrida.
Warna bulir : kuning terang.
Manis (11-14 brix).
Warna kelobot : hijau.
Tongkol besar.
Umur panen : ± 67 hst.
Potensi...","100004109346822","Anton Sulaiman Bintang Asia","https://scontent.frao1-2.fna.fbcdn.net/v/t39.30808-1/408038176_2702817406531878_9133290973397502973_n.jpg?stp=cp0_dst-jpg_s32x32&_nc_cat=100&ccb=1-7&_nc_sid=50d2ac&_nc_ohc=dnKUGTI9M70Q7kNvgH1MBb5&_nc_ht=scontent.frao1-2.fna&_nc_gid=AqUulr0Ai3rFJCbsBaG8nEe&oh=00_AYC4HZO02D1KTIEtZhYRMv3G5vK45D1ZcumEFHj1usKY8w&oe=66E825C3","https://www.facebook.com/antonsulaiman95","Y29tbWVudDoyOTA0MDAyMDk2NDEzNDA3XzM4OTA5NjQ1NjQ0OTYyMjY=","April Lianto kebutuhan benih jagung manis per hektar rata-rata 20 bungkus (250gr/bungkus)","2"
,,,,,"https://www.facebook.com/100004109346822/posts/2904002096413407?comment_id=1034042541433567",,"2024-09-07T14:05:16.000Z","2904002096413407","https://www.facebook.com/100004109346822/posts/2904002096413407","ZmVlZGJhY2s6MjkwNDAwMjA5NjQxMzQwN18xMDM0MDQyNTQxNDMzNTY3","Y29tbWVudDoyOTA0MDAyMDk2NDEzNDA3XzEwMzQwNDI1NDE0MzM1Njc=","https://www.facebook.com/100004109346822/posts/2904002096413407","0",,,,"STABIL F1
Jagung manis hibrida.
Warna bulir : kuning terang.
Manis (11-14 brix).
Warna kelobot : hijau.
Tongkol besar.
Umur panen : ± 67 hst.
Potensi...","100003577468906","April Lianto","https://scontent.frao1-2.fna.fbcdn.net/v/t39.30808-1/405427098_6638934206235762_7773440617666823017_n.jpg?stp=cp0_dst-jpg_s32x32&_nc_cat=102&ccb=1-7&_nc_sid=50d2ac&_nc_ohc=seNdT7zQg-sQ7kNvgGIdc6E&_nc_ht=scontent.frao1-2.fna&_nc_gid=AqUulr0Ai3rFJCbsBaG8nEe&oh=00_AYANIbhvEnUnlpxQgwyBrHt_rif89WHYDGbfzz6MbdPUSg&oe=66E83827","https://www.facebook.com/april.liyanto.54","Y29tbWVudDoyOTA0MDAyMDk2NDEzNDA3XzM4OTA5NjQ1NjQ0OTYyMjY=","Anton Sulaiman Bintang Asia perhektar biasanya habis brp bungkus pak","2"
,,,,,"https://www.facebook.com/100004109346822/posts/2904002096413407?comment_id=3685992141614273",,"2024-09-07T14:04:42.000Z","2904002096413407","https://www.facebook.com/100004109346822/posts/2904002096413407","ZmVlZGJhY2s6MjkwNDAwMjA5NjQxMzQwN18zNjg1OTkyMTQxNjE0Mjcz","Y29tbWVudDoyOTA0MDAyMDk2NDEzNDA3XzM2ODU5OTIxNDE2MTQyNzM=","https://www.facebook.com/100004109346822/posts/2904002096413407","0",,,,"STABIL F1
Jagung manis hibrida.
Warna bulir : kuning terang.
Manis (11-14 brix).
Warna kelobot : hijau.
Tongkol besar.
Umur panen : ± 67 hst.
Potensi...","100003577468906","April Lianto","https://scontent.frao1-2.fna.fbcdn.net/v/t39.30808-1/405427098_6638934206235762_7773440617666823017_n.jpg?stp=cp0_dst-jpg_s32x32&_nc_cat=102&ccb=1-7&_nc_sid=50d2ac&_nc_ohc=seNdT7zQg-sQ7kNvgGIdc6E&_nc_ht=scontent.frao1-2.fna&_nc_gid=AqUulr0Ai3rFJCbsBaG8nEe&oh=00_AYANIbhvEnUnlpxQgwyBrHt_rif89WHYDGbfzz6MbdPUSg&oe=66E83827","https://www.facebook.com/april.liyanto.54","Y29tbWVudDoyOTA0MDAyMDk2NDEzNDA3XzM4OTA5NjQ1NjQ0OTYyMjY=","Anton Sulaiman Bintang Asia ok siap","2"
,,,,,"https://www.facebook.com/100004109346822/posts/2904002096413407?comment_id=1665142927360220","4","2024-09-07T12:56:40.000Z","2904002096413407","https://www.facebook.com/100004109346822/posts/2904002096413407","ZmVlZGJhY2s6MjkwNDAwMjA5NjQxMzQwN18xNjY1MTQyOTI3MzYwMjIw","Y29tbWVudDoyOTA0MDAyMDk2NDEzNDA3XzE2NjUxNDI5MjczNjAyMjA=","https://www.facebook.com/100004109346822/posts/2904002096413407","0",,,,"STABIL F1
Jagung manis hibrida.
Warna bulir : kuning terang.
Manis (11-14 brix).
Warna kelobot : hijau.
Tongkol besar.
Umur panen : ± 67 hst.
Potensi...","100004109346822","Anton Sulaiman Bintang Asia","https://scontent.frao1-2.fna.fbcdn.net/v/t39.30808-1/408038176_2702817406531878_9133290973397502973_n.jpg?stp=cp0_dst-jpg_s32x32&_nc_cat=100&ccb=1-7&_nc_sid=50d2ac&_nc_ohc=dnKUGTI9M70Q7kNvgH1MBb5&_nc_ht=scontent.frao1-2.fna&_nc_gid=AqUulr0Ai3rFJCbsBaG8nEe&oh=00_AYC4HZO02D1KTIEtZhYRMv3G5vK45D1ZcumEFHj1usKY8w&oe=66E825C3","https://www.facebook.com/antonsulaiman95","Y29tbWVudDoyOTA0MDAyMDk2NDEzNDA3XzM4OTA5NjQ1NjQ0OTYyMjY=","April Lianto 70x25 boss","1"
,,,,,"https://www.facebook.com/100004109346822/posts/2904085589738391?comment_id=910420461134864","3","2024-09-07T14:39:12.000Z","2904085589738391","https://www.facebook.com/100004109346822/posts/2904085589738391","ZmVlZGJhY2s6MjkwNDA4NTU4OTczODM5MV85MTA0MjA0NjExMzQ4NjQ=","Y29tbWVudDoyOTA0MDg1NTg5NzM4MzkxXzkxMDQyMDQ2MTEzNDg2NA==","https://www.facebook.com/100004109346822/posts/2904085589738391","0","357880607403962","false",,"Benih Cabe Kriting JURO f1 di Banjarwangi Kabupaten Garut
 Semoga harga buah cabenya naik lagi. aamiin
Jangan Ragu tanam cabe JURO f1 sudah terbukti hasilnya
Smoga selalu diberikan kesehatan dan kelancaran
Sayangi Ayah dan Ibu selagi ada, yang sudah tiada mudah mudahan ahli surga.. Aamiin
Selalu bersyukur dan tetap semangat mencari ridho Alloh #benihbintangasia
 #benihcabe
#fyp
Benih Citra Asia Bintang Asia Lembang pengikut #fbpro","pfbid02PadkD3e5AU9bmbo4KaSi2oXk4ZJUxbjNYdfnB2wZgkJhiVaCbBxqrhkwonkiM7hQl","Tukidi Tukidi","https://scontent-ord5-1.xx.fbcdn.net/v/t39.30808-1/452480413_457808700482314_6085932419650577252_n.jpg?stp=cp0_dst-jpg_s32x32&_nc_cat=110&ccb=1-7&_nc_sid=0ecb9b&_nc_ohc=lQmr0nj8rcsQ7kNvgFhnYz1&_nc_ht=scontent-ord5-1.xx&_nc_gid=AU3oNJpSCvBMiuIRL9xrj44&oh=00_AYAONooUqGp8vjRlb7YpuDyjDD2s4pSw5Fgp_qY0HnON6Q&oe=66E819A5","https://www.facebook.com/people/Tukidi-Tukidi/pfbid02PadkD3e5AU9bmbo4KaSi2oXk4ZJUxbjNYdfnB2wZgkJhiVaCbBxqrhkwonkiM7hQl/",,"Bwak bibit nyo kita coba lgi itu.",
,,,,,"https://www.facebook.com/100004109346822/posts/2904085589738391?comment_id=825955569743005","1","2024-09-07T02:39:43.000Z","2904085589738391","https://www.facebook.com/100004109346822/posts/2904085589738391","ZmVlZGJhY2s6MjkwNDA4NTU4OTczODM5MV84MjU5NTU1Njk3NDMwMDU=","Y29tbWVudDoyOTA0MDg1NTg5NzM4MzkxXzgyNTk1NTU2OTc0MzAwNQ==","https://www.facebook.com/100004109346822/posts/2904085589738391","0","357880607403962","false",,"Benih Cabe Kriting JURO f1 di Banjarwangi Kabupaten Garut
 Semoga harga buah cabenya naik lagi. aamiin
Jangan Ragu tanam cabe JURO f1 sudah terbukti hasilnya
Smoga selalu diberikan kesehatan dan kelancaran
Sayangi Ayah dan Ibu selagi ada, yang sudah tiada mudah mudahan ahli surga.. Aamiin
Selalu bersyukur dan tetap semangat mencari ridho Alloh #benihbintangasia
 #benihcabe
#fyp
Benih Citra Asia Bintang Asia Lembang pengikut #fbpro","pfbid0298zZXpTnQowE2ZqaqmDMj9qMriN1P9YFpZ5Hdxs9ZtzJnwoT3orDxJFtHoJCfWirl","Hajar Kholik","https://scontent-ord5-2.xx.fbcdn.net/v/t1.6435-1/71493306_101392541273542_2521883635183779840_n.jpg?stp=c0.0.768.768a_cp0_dst-jpg_s32x32&_nc_cat=105&ccb=1-7&_nc_sid=0ecb9b&_nc_ohc=m8FmVn5vAJQQ7kNvgHm8qHL&_nc_ht=scontent-ord5-2.xx&_nc_gid=AU3oNJpSCvBMiuIRL9xrj44&oh=00_AYAG9EaI8NfNkOGCLmrBvfJql4bPpSU6g10u1wDMijKddQ&oe=6709D07F",,,"Tahan virus juga itu mas?",
,,,,,"https://www.facebook.com/100004109346822/posts/2904002096413407?comment_id=482442264675508",,"2024-09-07T13:03:18.000Z","2904002096413407","https://www.facebook.com/100004109346822/posts/2904002096413407","ZmVlZGJhY2s6MjkwNDAwMjA5NjQxMzQwN180ODI0NDIyNjQ2NzU1MDg=","Y29tbWVudDoyOTA0MDAyMDk2NDEzNDA3XzQ4MjQ0MjI2NDY3NTUwOA==","https://www.facebook.com/100004109346822/posts/2904002096413407","0",,,,"STABIL F1
Jagung manis hibrida.
Warna bulir : kuning terang.
Manis (11-14 brix).
Warna kelobot : hijau.
Tongkol besar.
Umur panen : ± 67 hst.
Potensi...","100004109346822","Anton Sulaiman Bintang Asia","https://scontent.flko10-1.fna.fbcdn.net/v/t39.30808-1/408038176_2702817406531878_9133290973397502973_n.jpg?stp=cp0_dst-jpg_s32x32&_nc_cat=100&ccb=1-7&_nc_sid=50d2ac&_nc_ohc=dnKUGTI9M70Q7kNvgE0l4w4&_nc_ht=scontent.flko10-1.fna&_nc_gid=AE7mMWW-NtC4GAzRN88Thoc&oh=00_AYC68eJ2Ei622Jx4k7th9ItqQKNCoMuOQv9n-drTPnl0ag&oe=66E825C3","https://www.facebook.com/antonsulaiman95","Y29tbWVudDoyOTA0MDAyMDk2NDEzNDA3XzUzODEwMTM1ODkwODM5NQ==","Renzy Bintangasia siap bang.. ✈️😁","1"
"sticker","fallback",,,,"https://www.facebook.com/100004109346822/posts/2906163556197261?comment_id=978149477413964",,"2024-09-09T09:11:23.000Z","2906163556197261","https://www.facebook.com/100004109346822/posts/2906163556197261","ZmVlZGJhY2s6MjkwNjE2MzU1NjE5NzI2MV85NzgxNDk0Nzc0MTM5NjQ=","Y29tbWVudDoyOTA2MTYzNTU2MTk3MjYxXzk3ODE0OTQ3NzQxMzk2NA==","https://www.facebook.com/100004109346822/posts/2906163556197261","0","250829661453806",,,"CITRA ASIA F1
Tomat hibrida semi indeterminate.
Bentuk buah : oval.
Warna buah muda : hijau dengan pundak hijau gelap.
Warna buah masak : merah.
Berat buah : 51-65 g/buah.
Umur panen : 55-68 hst....","100004109346822","Anton Sulaiman Bintang Asia","https://scontent.fluk1-1.fna.fbcdn.net/v/t39.30808-1/408038176_2702817406531878_9133290973397502973_n.jpg?stp=cp0_dst-jpg_s32x32&_nc_cat=100&ccb=1-7&_nc_sid=50d2ac&_nc_ohc=dnKUGTI9M70Q7kNvgGIakF7&_nc_ht=scontent.fluk1-1.fna&_nc_gid=A9rZj9EPKqKRQzZZNXpP0sl&oh=00_AYAhc1V3Dt_d2Q5YOkgASCnYSlSI1PHDUyXit_jEIqOvhQ&oe=66E825C3","https://www.facebook.com/antonsulaiman95","Y29tbWVudDoyOTA2MTYzNTU2MTk3MjYxXzE0NDM2Njc5NDYzMTU0MTA=","Renzy Bintangasia","1"
"animated_image_autoplay","animated_image_share","image_share","share","fallback","https://www.facebook.com/100004109346822/posts/2903603543119929?comment_id=375641365590715",,"2024-09-06T15:18:51.000Z","2903603543119929","https://www.facebook.com/100004109346822/posts/2903603543119929","ZmVlZGJhY2s6MjkwMzYwMzU0MzExOTkyOV8zNzU2NDEzNjU1OTA3MTU=","Y29tbWVudDoyOTAzNjAzNTQzMTE5OTI5XzM3NTY0MTM2NTU5MDcxNQ==","https://www.facebook.com/100004109346822/posts/2903603543119929","0","250829661453806","false",,"Anton Sulaiman Bintang Asia. 242 likes · 104 talking about this. ‎﻿بِسْمِ اللّٰهِ الرَّحْمٰنِ الرَّحِيْمِ‎","100005916218552","Eco Shoenardy","https://scontent.fjsr8-1.fna.fbcdn.net/v/t39.30808-1/329350255_1115175066547888_6823831050898559069_n.jpg?stp=cp0_dst-jpg_s32x32&_nc_cat=106&ccb=1-7&_nc_sid=50d2ac&_nc_ohc=7bLKOZd7W38Q7kNvgF07bVf&_nc_ht=scontent.fjsr8-1.fna&_nc_gid=AHE_Q43lBHiDOn2G1pqnsPd&oh=00_AYDTetJ_ccIGzAeVkvTVaHKgbt0UkVB7MfPnLNklZosjSQ&oe=66E81423","https://www.facebook.com/cah.jowo.3133","Y29tbWVudDoyOTAzNjAzNTQzMTE5OTI5XzUyMjc4OTg5MDEzMDU2NQ==","Anton Sulaiman Bintang Asia","2"
"sticker","fallback",,,,"https://www.facebook.com/100004109346822/posts/2903603543119929?comment_id=2259121244440094","1","2024-09-06T15:18:09.000Z","2903603543119929","https://www.facebook.com/100004109346822/posts/2903603543119929","ZmVlZGJhY2s6MjkwMzYwMzU0MzExOTkyOV8yMjU5MTIxMjQ0NDQwMDk0","Y29tbWVudDoyOTAzNjAzNTQzMTE5OTI5XzIyNTkxMjEyNDQ0NDAwOTQ=","https://www.facebook.com/100004109346822/posts/2903603543119929","0","250829661453806","false",,"Anton Sulaiman Bintang Asia. 242 likes · 104 talking about this. ‎﻿بِسْمِ اللّٰهِ الرَّحْمٰنِ الرَّحِيْمِ‎","100004109346822","Anton Sulaiman Bintang Asia","https://scontent.fjsr8-1.fna.fbcdn.net/v/t39.30808-1/408038176_2702817406531878_9133290973397502973_n.jpg?stp=cp0_dst-jpg_s32x32&_nc_cat=100&ccb=1-7&_nc_sid=50d2ac&_nc_ohc=dnKUGTI9M70Q7kNvgGpMzV4&_nc_ht=scontent.fjsr8-1.fna&_nc_gid=AHE_Q43lBHiDOn2G1pqnsPd&oh=00_AYDikDRgfeeqLf3V2qhT48TNYvyfyd36MpK1MnFpwqqtJQ&oe=66E825C3","https://www.facebook.com/antonsulaiman95","Y29tbWVudDoyOTAzNjAzNTQzMTE5OTI5XzUyMjc4OTg5MDEzMDU2NQ==","Eco Shoenardy","1"
"animated_image_autoplay","animated_image_share","image_share","share","fallback","https://www.facebook.com/100004109346822/posts/2904924682987815?comment_id=1565913024347532",,"2024-09-08T04:37:14.000Z","2904924682987815","https://www.facebook.com/100004109346822/posts/2904924682987815","ZmVlZGJhY2s6MjkwNDkyNDY4Mjk4NzgxNV8xNTY1OTEzMDI0MzQ3NTMy","Y29tbWVudDoyOTA0OTI0NjgyOTg3ODE1XzE1NjU5MTMwMjQzNDc1MzI=","https://www.facebook.com/100004109346822/posts/2904924682987815","0",,,,"Respon salah satu petani semangka profesional saat perdana menanam benih SERI F1 dari BintangasiA

#serif1
#semangka3n
#semangkahibrida
#semangkanonbiji...","100004109346822","Anton Sulaiman Bintang Asia","https://scontent-lga3-2.xx.fbcdn.net/v/t39.30808-1/408038176_2702817406531878_9133290973397502973_n.jpg?stp=cp0_dst-jpg_s32x32&_nc_cat=100&ccb=1-7&_nc_sid=50d2ac&_nc_ohc=dnKUGTI9M70Q7kNvgGinN6t&_nc_ht=scontent-lga3-2.xx&_nc_gid=ATkTP2s0gquOzfHjnaDQTiZ&oh=00_AYB7q8p0vMiJvK4kXjOcapchG81ehO808FJF0lPEtRYZIw&oe=66E825C3","https://www.facebook.com/antonsulaiman95","Y29tbWVudDoyOTA0OTI0NjgyOTg3ODE1XzEyNDQ2MTEzMTAwNjkxOTc=","Renzy Bintangasia Meledaakk","1"
"sticker","fallback",,,,"https://www.facebook.com/100004109346822/posts/2904924682987815?comment_id=1343350913291775",,"2024-09-08T09:45:08.000Z","2904924682987815","https://www.facebook.com/100004109346822/posts/2904924682987815","ZmVlZGJhY2s6MjkwNDkyNDY4Mjk4NzgxNV8xMzQzMzUwOTEzMjkxNzc1","Y29tbWVudDoyOTA0OTI0NjgyOTg3ODE1XzEzNDMzNTA5MTMyOTE3NzU=","https://www.facebook.com/100004109346822/posts/2904924682987815","0",,,,"Respon salah satu petani semangka profesional saat perdana menanam benih SERI F1 dari BintangasiA

#serif1
#semangka3n
#semangkahibrida
#semangkanonbiji...","100004109346822","Anton Sulaiman Bintang Asia","https://scontent-lga3-2.xx.fbcdn.net/v/t39.30808-1/408038176_2702817406531878_9133290973397502973_n.jpg?stp=cp0_dst-jpg_s32x32&_nc_cat=100&ccb=1-7&_nc_sid=50d2ac&_nc_ohc=dnKUGTI9M70Q7kNvgEQNDuo&_nc_ht=scontent-lga3-2.xx&_nc_gid=AWRGeKagUfU6GIHbeslWrJl&oh=00_AYDG-I3nzGrgY0nSEWAVHwWBlexWuXoWw_D20hgJjcmTYg&oe=66E825C3","https://www.facebook.com/antonsulaiman95","Y29tbWVudDoyOTA0OTI0NjgyOTg3ODE1XzE3MDY1MDIyNjY3Njg1ODM=","Sain Muhammad Alfian","1"
"animated_image_autoplay","animated_image_share","image_share","share","fallback","https://www.facebook.com/100004109346822/posts/2904924682987815?comment_id=8463642270333466",,"2024-09-08T01:47:50.000Z","2904924682987815","https://www.facebook.com/100004109346822/posts/2904924682987815","ZmVlZGJhY2s6MjkwNDkyNDY4Mjk4NzgxNV84NDYzNjQyMjcwMzMzNDY2","Y29tbWVudDoyOTA0OTI0NjgyOTg3ODE1Xzg0NjM2NDIyNzAzMzM0NjY=","https://www.facebook.com/100004109346822/posts/2904924682987815","0",,,,"Respon salah satu petani semangka profesional saat perdana menanam benih SERI F1 dari BintangasiA

#serif1
#semangka3n
#semangkahibrida
#semangkanonbiji...","100004109346822","Anton Sulaiman Bintang Asia","https://scontent-atl3-1.xx.fbcdn.net/v/t39.30808-1/408038176_2702817406531878_9133290973397502973_n.jpg?stp=cp0_dst-jpg_s32x32&_nc_cat=100&ccb=1-7&_nc_sid=50d2ac&_nc_ohc=dnKUGTI9M70Q7kNvgG0fEbh&_nc_ht=scontent-atl3-1.xx&_nc_gid=AM9OgsozEKIAVEGObQq03LO&oh=00_AYDNH-1XWq445C90b9P4Q_FCrOMjJeJvqwQY_ive3JpugA&oe=66E825C3","https://www.facebook.com/antonsulaiman95","Y29tbWVudDoyOTA0OTI0NjgyOTg3ODE1XzU3NjYxNjczMTM1NjIzNg==","Tatang Supriyadi siap suhu 🙇🏻‍♂️🙏","1"
,,,,,"https://www.facebook.com/100004109346822/posts/2904924682987815?comment_id=1590527388344112",,"2024-09-08T10:04:00.000Z","2904924682987815","https://www.facebook.com/100004109346822/posts/2904924682987815","ZmVlZGJhY2s6MjkwNDkyNDY4Mjk4NzgxNV8xNTkwNTI3Mzg4MzQ0MTEy","Y29tbWVudDoyOTA0OTI0NjgyOTg3ODE1XzE1OTA1MjczODgzNDQxMTI=","https://www.facebook.com/100004109346822/posts/2904924682987815","1",,,,"Respon salah satu petani semangka profesional saat perdana menanam benih SERI F1 dari BintangasiA

#serif1
#semangka3n
#semangkahibrida
#semangkanonbiji...","100004109346822","Anton Sulaiman Bintang Asia","https://scontent.ffru5-2.fna.fbcdn.net/v/t39.30808-1/408038176_2702817406531878_9133290973397502973_n.jpg?stp=cp0_dst-jpg_s32x32&_nc_cat=100&ccb=1-7&_nc_sid=50d2ac&_nc_ohc=dnKUGTI9M70Q7kNvgEIAXvF&_nc_ht=scontent.ffru5-2.fna&oh=00_AYC2igAmtC51QF8cFM4P_GyiWo_lN6O62Hrhjtfd5Ny2wQ&oe=66E825C3","https://www.facebook.com/antonsulaiman95","Y29tbWVudDoyOTA0OTI0NjgyOTg3ODE1XzU0ODU2NjIyNDI2ODkxMg==","Tomz Blade bisa jg","2"
,,,,,"https://www.facebook.com/100004109346822/posts/2904924682987815?comment_id=1011302013804386","1","2024-09-08T04:57:40.000Z","2904924682987815","https://www.facebook.com/100004109346822/posts/2904924682987815","ZmVlZGJhY2s6MjkwNDkyNDY4Mjk4NzgxNV8xMDExMzAyMDEzODA0Mzg2","Y29tbWVudDoyOTA0OTI0NjgyOTg3ODE1XzEwMTEzMDIwMTM4MDQzODY=","https://www.facebook.com/100004109346822/posts/2904924682987815","0",,,,"Respon salah satu petani semangka profesional saat perdana menanam benih SERI F1 dari BintangasiA

#serif1
#semangka3n
#semangkahibrida
#semangkanonbiji...","pfbid0tALShoJQADhRzDXCLomKCJRVbbD4oSRCyEBQxos5wzQN6HMju9yzxpJhGbc5K7mwl","Tomz Blade","https://scontent.ffru5-2.fna.fbcdn.net/v/t1.6435-1/161994212_449234603016844_807059093883671040_n.jpg?stp=c0.0.474.474a_cp0_dst-jpg_s32x32&_nc_cat=101&ccb=1-7&_nc_sid=0ecb9b&_nc_ohc=STY05sw3cxAQ7kNvgEcdSa5&_nc_ht=scontent.ffru5-2.fna&oh=00_AYCoP-5NH3VVNVyKCswJCWWWapO8gNB2Jm-QNbYWjkYm1Q&oe=6709D8EF","https://www.facebook.com/tom.destar","Y29tbWVudDoyOTA0OTI0NjgyOTg3ODE1XzU0ODU2NjIyNDI2ODkxMg==","Anton Sulaiman Bintang Asia Kiro2 ,kalo 3m jarak nyo cakmno ton, apo idk kerapatan?","1"
"sticker","fallback",,,,"https://www.facebook.com/100004109346822/posts/2904085589738391?comment_id=1911727339296591",,"2024-09-07T15:58:32.000Z","2904085589738391","https://www.facebook.com/100004109346822/posts/2904085589738391","ZmVlZGJhY2s6MjkwNDA4NTU4OTczODM5MV8xOTExNzI3MzM5Mjk2NTkx","Y29tbWVudDoyOTA0MDg1NTg5NzM4MzkxXzE5MTE3MjczMzkyOTY1OTE=","https://www.facebook.com/100004109346822/posts/2904085589738391","0","357880607403962","false",,"Benih Cabe Kriting JURO f1 di Banjarwangi Kabupaten Garut
 Semoga harga buah cabenya naik lagi. aamiin
Jangan Ragu tanam cabe JURO f1 sudah terbukti hasilnya
Smoga selalu diberikan kesehatan dan kelancaran
Sayangi Ayah dan Ibu selagi ada, yang sudah tiada mudah mudahan ahli surga.. Aamiin
Selalu bersyukur dan tetap semangat mencari ridho Alloh #benihbintangasia
 #benihcabe
#fyp
Benih Citra Asia Bintang Asia Lembang pengikut #fbpro","100004109346822","Anton Sulaiman Bintang Asia","https://scontent-lax3-2.xx.fbcdn.net/v/t39.30808-1/408038176_2702817406531878_9133290973397502973_n.jpg?stp=cp0_dst-jpg_s32x32&_nc_cat=100&ccb=1-7&_nc_sid=50d2ac&_nc_ohc=dnKUGTI9M70Q7kNvgEoS5fY&_nc_ht=scontent-lax3-2.xx&_nc_gid=AMry8qlh4ukpx6fYgEZiEXi&oh=00_AYBfweNtb7W3Hi9Na86cLRSt-pquhbfX5LoW9jBPBn5Ayg&oe=66E825C3","https://www.facebook.com/antonsulaiman95","Y29tbWVudDoyOTA0MDg1NTg5NzM4MzkxXzkxMDQyMDQ2MTEzNDg2NA==","Tukidi Tukidi","2"
,,,,,"https://www.facebook.com/100004109346822/posts/2904085589738391?comment_id=483231844618906",,"2024-09-07T15:55:36.000Z","2904085589738391","https://www.facebook.com/100004109346822/posts/2904085589738391","ZmVlZGJhY2s6MjkwNDA4NTU4OTczODM5MV80ODMyMzE4NDQ2MTg5MDY=","Y29tbWVudDoyOTA0MDg1NTg5NzM4MzkxXzQ4MzIzMTg0NDYxODkwNg==","https://www.facebook.com/100004109346822/posts/2904085589738391","0","357880607403962","false",,"Benih Cabe Kriting JURO f1 di Banjarwangi Kabupaten Garut
 Semoga harga buah cabenya naik lagi. aamiin
Jangan Ragu tanam cabe JURO f1 sudah terbukti hasilnya
Smoga selalu diberikan kesehatan dan kelancaran
Sayangi Ayah dan Ibu selagi ada, yang sudah tiada mudah mudahan ahli surga.. Aamiin
Selalu bersyukur dan tetap semangat mencari ridho Alloh #benihbintangasia
 #benihcabe
#fyp
Benih Citra Asia Bintang Asia Lembang pengikut #fbpro","pfbid02PadkD3e5AU9bmbo4KaSi2oXk4ZJUxbjNYdfnB2wZgkJhiVaCbBxqrhkwonkiM7hQl","Tukidi Tukidi","https://scontent-lax3-1.xx.fbcdn.net/v/t39.30808-1/452480413_457808700482314_6085932419650577252_n.jpg?stp=cp0_dst-jpg_s32x32&_nc_cat=110&ccb=1-7&_nc_sid=0ecb9b&_nc_ohc=lQmr0nj8rcsQ7kNvgFPGYkx&_nc_ht=scontent-lax3-1.xx&_nc_gid=AMry8qlh4ukpx6fYgEZiEXi&oh=00_AYAhO6iR1PyZxZjALUmzPb5t8ahDBtJm9yJJ61to_-lSqg&oe=66E819A5","https://www.facebook.com/people/Tukidi-Tukidi/pfbid02PadkD3e5AU9bmbo4KaSi2oXk4ZJUxbjNYdfnB2wZgkJhiVaCbBxqrhkwonkiM7hQl/","Y29tbWVudDoyOTA0MDg1NTg5NzM4MzkxXzkxMDQyMDQ2MTEzNDg2NA==","Anton Sulaiman Bintang Asia d coba dlu Bru kita tau  hasilnyA.","2"
,,,,,"https://www.facebook.com/100004109346822/posts/2904085589738391?comment_id=1183499126199638","2","2024-09-07T15:48:51.000Z","2904085589738391","https://www.facebook.com/100004109346822/posts/2904085589738391","ZmVlZGJhY2s6MjkwNDA4NTU4OTczODM5MV8xMTgzNDk5MTI2MTk5NjM4","Y29tbWVudDoyOTA0MDg1NTg5NzM4MzkxXzExODM0OTkxMjYxOTk2Mzg=","https://www.facebook.com/100004109346822/posts/2904085589738391","0","357880607403962","false",,"Benih Cabe Kriting JURO f1 di Banjarwangi Kabupaten Garut
 Semoga harga buah cabenya naik lagi. aamiin
Jangan Ragu tanam cabe JURO f1 sudah terbukti hasilnya
Smoga selalu diberikan kesehatan dan kelancaran
Sayangi Ayah dan Ibu selagi ada, yang sudah tiada mudah mudahan ahli surga.. Aamiin
Selalu bersyukur dan tetap semangat mencari ridho Alloh #benihbintangasia
 #benihcabe
#fyp
Benih Citra Asia Bintang Asia Lembang pengikut #fbpro","100004109346822","Anton Sulaiman Bintang Asia","https://scontent-lax3-2.xx.fbcdn.net/v/t39.30808-1/408038176_2702817406531878_9133290973397502973_n.jpg?stp=cp0_dst-jpg_s32x32&_nc_cat=100&ccb=1-7&_nc_sid=50d2ac&_nc_ohc=dnKUGTI9M70Q7kNvgEoS5fY&_nc_ht=scontent-lax3-2.xx&_nc_gid=AMry8qlh4ukpx6fYgEZiEXi&oh=00_AYBfweNtb7W3Hi9Na86cLRSt-pquhbfX5LoW9jBPBn5Ayg&oe=66E825C3","https://www.facebook.com/antonsulaiman95","Y29tbWVudDoyOTA0MDg1NTg5NzM4MzkxXzkxMDQyMDQ2MTEzNDg2NA==","Tukidi Tukidi Juro F1 untuk dataran tinggi, dataran rendah kurang cocok","1"
,,,,,"https://www.facebook.com/100004109346822/posts/2904085589738391?comment_id=504444692289207",,"2024-09-07T03:02:57.000Z","2904085589738391","https://www.facebook.com/100004109346822/posts/2904085589738391","ZmVlZGJhY2s6MjkwNDA4NTU4OTczODM5MV81MDQ0NDQ2OTIyODkyMDc=","Y29tbWVudDoyOTA0MDg1NTg5NzM4MzkxXzUwNDQ0NDY5MjI4OTIwNw==","https://www.facebook.com/100004109346822/posts/2904085589738391","0","357880607403962","false",,"Benih Cabe Kriting JURO f1 di Banjarwangi Kabupaten Garut
 Semoga harga buah cabenya naik lagi. aamiin
Jangan Ragu tanam cabe JURO f1 sudah terbukti hasilnya
Smoga selalu diberikan kesehatan dan kelancaran
Sayangi Ayah dan Ibu selagi ada, yang sudah tiada mudah mudahan ahli surga.. Aamiin
Selalu bersyukur dan tetap semangat mencari ridho Alloh #benihbintangasia
 #benihcabe
#fyp
Benih Citra Asia Bintang Asia Lembang pengikut #fbpro","100004109346822","Anton Sulaiman Bintang Asia","https://scontent-dfw5-2.xx.fbcdn.net/v/t39.30808-1/408038176_2702817406531878_9133290973397502973_n.jpg?stp=cp0_dst-jpg_s32x32&_nc_cat=100&ccb=1-7&_nc_sid=50d2ac&_nc_ohc=dnKUGTI9M70Q7kNvgHLR2f6&_nc_ht=scontent-dfw5-2.xx&_nc_gid=A5nw38mIM7LKK_qq1wlYLd8&oh=00_AYCHiB3wryFlf3p0qtSrxNEMyp7inah0fusoaUqCQzMllQ&oe=66E825C3","https://www.facebook.com/antonsulaiman95","Y29tbWVudDoyOTA0MDg1NTg5NzM4MzkxXzgyNTk1NTU2OTc0MzAwNQ==","Hajar Kholik sudah mas tp rekomendasi didataran tinggi","1"
,,,,,"https://www.facebook.com/100004109346822/posts/2904924682987815?comment_id=3688463604737508",,"2024-09-08T04:18:25.000Z","2904924682987815","https://www.facebook.com/100004109346822/posts/2904924682987815","ZmVlZGJhY2s6MjkwNDkyNDY4Mjk4NzgxNV8zNjg4NDYzNjA0NzM3NTA4","Y29tbWVudDoyOTA0OTI0NjgyOTg3ODE1XzM2ODg0NjM2MDQ3Mzc1MDg=","https://www.facebook.com/100004109346822/posts/2904924682987815","0",,,,"Respon salah satu petani semangka profesional saat perdana menanam benih SERI F1 dari BintangasiA

#serif1
#semangka3n
#semangkahibrida
#semangkanonbiji...","pfbid0tALShoJQADhRzDXCLomKCJRVbbD4oSRCyEBQxos5wzQN6HMju9yzxpJhGbc5K7mwl","Tomz Blade","https://scontent.fccm5-1.fna.fbcdn.net/v/t1.6435-1/161994212_449234603016844_807059093883671040_n.jpg?stp=c0.0.474.474a_cp0_dst-jpg_s32x32&_nc_cat=101&ccb=1-7&_nc_sid=0ecb9b&_nc_ohc=STY05sw3cxAQ7kNvgHUPwXp&_nc_ht=scontent.fccm5-1.fna&_nc_gid=Avx6WNeM6A7DRR18VFbnZrj&oh=00_AYCZyfdlvcELIN5o2OUGxcXk2z2PXUTZ8OqtFE-yCtNhxg&oe=6709D8EF","https://www.facebook.com/tom.destar","Y29tbWVudDoyOTA0OTI0NjgyOTg3ODE1Xzk1MDkwMzcwMDEzMjMzOA==","Anton Sulaiman Bintang Asia Brapa jarak tanam / sama jarang bedengan ton","2"
,,,,,"https://www.facebook.com/100004109346822/posts/2904924682987815?comment_id=1069315154755109","1","2024-09-08T04:08:19.000Z","2904924682987815","https://www.facebook.com/100004109346822/posts/2904924682987815","ZmVlZGJhY2s6MjkwNDkyNDY4Mjk4NzgxNV8xMDY5MzE1MTU0NzU1MTA5","Y29tbWVudDoyOTA0OTI0NjgyOTg3ODE1XzEwNjkzMTUxNTQ3NTUxMDk=","https://www.facebook.com/100004109346822/posts/2904924682987815","0",,,,"Respon salah satu petani semangka profesional saat perdana menanam benih SERI F1 dari BintangasiA

#serif1
#semangka3n
#semangkahibrida
#semangkanonbiji...","100004109346822","Anton Sulaiman Bintang Asia","https://scontent.fccm5-1.fna.fbcdn.net/v/t39.30808-1/408038176_2702817406531878_9133290973397502973_n.jpg?stp=cp0_dst-jpg_s32x32&_nc_cat=100&ccb=1-7&_nc_sid=50d2ac&_nc_ohc=dnKUGTI9M70Q7kNvgGpO4Kp&_nc_ht=scontent.fccm5-1.fna&_nc_gid=Avx6WNeM6A7DRR18VFbnZrj&oh=00_AYAwZAbRKG57SfhQg2vU-OzykzuTSlSJUPTyFegg-077pA&oe=66E825C3","https://www.facebook.com/antonsulaiman95","Y29tbWVudDoyOTA0OTI0NjgyOTg3ODE1Xzk1MDkwMzcwMDEzMjMzOA==","Sutrisno di Air Muring, Bengkulu Utara pak","1"
,,,,,"https://www.facebook.com/100004109346822/posts/2903110909835859?comment_id=520976540436027",,"2024-09-06T03:50:07.000Z","2903110909835859","https://www.facebook.com/100004109346822/posts/2903110909835859","ZmVlZGJhY2s6MjkwMzExMDkwOTgzNTg1OV81MjA5NzY1NDA0MzYwMjc=","Y29tbWVudDoyOTAzMTEwOTA5ODM1ODU5XzUyMDk3NjU0MDQzNjAyNw==","https://www.facebook.com/100004109346822/posts/2903110909835859","1",,,,"SERI F1
Semangka hibrida non biji, Bentuk buah oval. 
Warna kulit hijau agak gelap, Warna daging merah.
Berat buah ± 7 kg/buah, Umur panen 56-60 hst....","pfbid02djtpu7FGWAkJeAJB9sbjEHYs8JGouyaUchfrPfLRxRYm6je17hxV9veDX5ducycLl","Rahmat Janur","https://scontent-iad3-2.xx.fbcdn.net/v/t39.30808-1/407779619_122094652238149733_2880426025136261169_n.jpg?stp=c22.0.452.452a_cp0_dst-jpg_s32x32&_nc_cat=105&ccb=1-7&_nc_sid=0ecb9b&_nc_ohc=ccP4WmjgqcAQ7kNvgE1Ueaj&_nc_ht=scontent-iad3-2.xx&_nc_gid=AtDBbILmLHGODPt8bwzxKND&oh=00_AYBLEZRcRZVLj-BayoTugF0T2lye6dPYaTocHRc8tITFHA&oe=66E81121","https://www.facebook.com/people/Rahmat-Janur/pfbid02djtpu7FGWAkJeAJB9sbjEHYs8JGouyaUchfrPfLRxRYm6je17hxV9veDX5ducycLl/",,"semangka seri f1 memang top markotop",
,,,,,"https://www.facebook.com/100004109346822/posts/2903110909835859?comment_id=552583757123040",,"2024-09-06T05:00:38.000Z","2903110909835859","https://www.facebook.com/100004109346822/posts/2903110909835859","ZmVlZGJhY2s6MjkwMzExMDkwOTgzNTg1OV81NTI1ODM3NTcxMjMwNDA=","Y29tbWVudDoyOTAzMTEwOTA5ODM1ODU5XzU1MjU4Mzc1NzEyMzA0MA==","https://www.facebook.com/100004109346822/posts/2903110909835859","1",,,,"SERI F1
Semangka hibrida non biji, Bentuk buah oval. 
Warna kulit hijau agak gelap, Warna daging merah.
Berat buah ± 7 kg/buah, Umur panen 56-60 hst....","100007578522755","Renzy Bintangasia","https://scontent-iad3-1.xx.fbcdn.net/v/t39.30808-1/426012403_3605728109689771_2277782955804277447_n.jpg?stp=cp0_dst-jpg_s32x32&_nc_cat=104&ccb=1-7&_nc_sid=50d2ac&_nc_ohc=M574j_z4JmsQ7kNvgEVJbFM&_nc_ht=scontent-iad3-1.xx&_nc_gid=AtDBbILmLHGODPt8bwzxKND&oh=00_AYDR7y5bKaf_1c34WEK4AfqaP_MrSFf3Alf_vcST6_uxaA&oe=66E81F84","https://www.facebook.com/renzi.prayuda",,"Mantap boss",
,,,,,"https://www.facebook.com/100004109346822/posts/2903110909835859?comment_id=1188912935675878","3","2024-09-06T14:07:57.000Z","2903110909835859","https://www.facebook.com/100004109346822/posts/2903110909835859","ZmVlZGJhY2s6MjkwMzExMDkwOTgzNTg1OV8xMTg4OTEyOTM1Njc1ODc4","Y29tbWVudDoyOTAzMTEwOTA5ODM1ODU5XzExODg5MTI5MzU2NzU4Nzg=","https://www.facebook.com/100004109346822/posts/2903110909835859","0",,,,"SERI F1
Semangka hibrida non biji, Bentuk buah oval. 
Warna kulit hijau agak gelap, Warna daging merah.
Berat buah ± 7 kg/buah, Umur panen 56-60 hst....","100089833569976","Anton Lja","https://scontent-iad3-2.xx.fbcdn.net/v/t39.30808-1/326714202_864888521395706_4700019505269063849_n.jpg?stp=cp0_dst-jpg_s32x32&_nc_cat=105&ccb=1-7&_nc_sid=50d2ac&_nc_ohc=AtJAizQKbUIQ7kNvgEL2tzI&_nc_ht=scontent-iad3-2.xx&_nc_gid=AtDBbILmLHGODPt8bwzxKND&oh=00_AYCcf1is5j4kZajvJOO4Ux3WOM_gMC8FQO73IhDOy-UInw&oe=66E83885","https://www.facebook.com/people/Anton-Lja/100089833569976/",,"Cocok ini bg,buat sample di kebun kita besok",
,,,,,"https://www.facebook.com/100004109346822/posts/2903110909835859?comment_id=1563898994563777","9","2024-09-06T13:56:05.000Z","2903110909835859","https://www.facebook.com/100004109346822/posts/2903110909835859","ZmVlZGJhY2s6MjkwMzExMDkwOTgzNTg1OV8xNTYzODk4OTk0NTYzNzc3","Y29tbWVudDoyOTAzMTEwOTA5ODM1ODU5XzE1NjM4OTg5OTQ1NjM3Nzc=","https://www.facebook.com/100004109346822/posts/2903110909835859","0",,,,"SERI F1
Semangka hibrida non biji, Bentuk buah oval. 
Warna kulit hijau agak gelap, Warna daging merah.
Berat buah ± 7 kg/buah, Umur panen 56-60 hst....","100093293953620","Rini Khusriati","https://scontent-iad3-1.xx.fbcdn.net/v/t39.30808-1/451507869_361065207013275_6376160167794298418_n.jpg?stp=cp0_dst-jpg_s32x32&_nc_cat=107&ccb=1-7&_nc_sid=50d2ac&_nc_ohc=fKKqtq1EcmkQ7kNvgFPy8kL&_nc_ht=scontent-iad3-1.xx&_nc_gid=AtDBbILmLHGODPt8bwzxKND&oh=00_AYB6JlAf0aAi-UBRTmly4CN6CCc46DDmbVm5KYCJtClMtg&oe=66E8131E","https://www.facebook.com/people/Rini-Khusriati/100093293953620/",,"Sejenis karamojo itu bang.. Ya ga pul Saeful Alansyah",
,,,,,"https://www.facebook.com/100004109346822/posts/2903110909835859?comment_id=539635395178761","1","2024-09-06T03:47:12.000Z","2903110909835859","https://www.facebook.com/100004109346822/posts/2903110909835859","ZmVlZGJhY2s6MjkwMzExMDkwOTgzNTg1OV81Mzk2MzUzOTUxNzg3NjE=","Y29tbWVudDoyOTAzMTEwOTA5ODM1ODU5XzUzOTYzNTM5NTE3ODc2MQ==","https://www.facebook.com/100004109346822/posts/2903110909835859","0",,,,"SERI F1
Semangka hibrida non biji, Bentuk buah oval. 
Warna kulit hijau agak gelap, Warna daging merah.
Berat buah ± 7 kg/buah, Umur panen 56-60 hst....","pfbid0PLmN4XgrhG5odybeb2JEbmDdzqBYeGjiDKtGuwnTZajtdmSdtbMB8ZTWnfrDDwmgl","Eric Z","https://scontent-iad3-2.xx.fbcdn.net/v/t1.6435-1/29389366_100508254127636_6370208382900502528_n.jpg?stp=cp0_dst-jpg_s32x32&_nc_cat=106&ccb=1-7&_nc_sid=0ecb9b&_nc_ohc=hK77MORXSVwQ7kNvgEhnEfu&_nc_ht=scontent-iad3-2.xx&_nc_gid=AtDBbILmLHGODPt8bwzxKND&oh=00_AYB1oV24bq-ocnurBMw6KqodT2Rsng-hJJlHTgADh1LZbQ&oe=6709C785","https://www.facebook.com/eric.z.524",,"tahan panas ndak bang? daunnya?",
,,,,,"https://www.facebook.com/100004109346822/posts/2904002096413407?comment_id=1024612255874837",,"2024-09-07T23:53:00.000Z","2904002096413407","https://www.facebook.com/100004109346822/posts/2904002096413407","ZmVlZGJhY2s6MjkwNDAwMjA5NjQxMzQwN18xMDI0NjEyMjU1ODc0ODM3","Y29tbWVudDoyOTA0MDAyMDk2NDEzNDA3XzEwMjQ2MTIyNTU4NzQ4Mzc=","https://www.facebook.com/100004109346822/posts/2904002096413407","0",,,,"STABIL F1
Jagung manis hibrida.
Warna bulir : kuning terang.
Manis (11-14 brix).
Warna kelobot : hijau.
Tongkol besar.
Umur panen : ± 67 hst.
Potensi...","100093293953620","Rini Khusriati","https://scontent-hou1-1.xx.fbcdn.net/v/t39.30808-1/451507869_361065207013275_6376160167794298418_n.jpg?stp=cp0_dst-jpg_s32x32&_nc_cat=107&ccb=1-7&_nc_sid=50d2ac&_nc_ohc=fKKqtq1EcmkQ7kNvgFBhLvr&_nc_ht=scontent-hou1-1.xx&_nc_gid=AnTaJLKBrgZFqJpmHGf4Nc-&oh=00_AYAoyuglS4J9yPCnjEg8cFBoeTlBt7L_flLB7OCxZzTxtQ&oe=66E8131E","https://www.facebook.com/people/Rini-Khusriati/100093293953620/","Y29tbWVudDoyOTA0MDAyMDk2NDEzNDA3XzE2MzQyNDY2ODQwOTg2OTA=","Anton Sulaiman Bintang Asia eeeee.... Aq mauny yg direbus bang🫎🫨","2"
,,,,,"https://www.facebook.com/100004109346822/posts/2904002096413407?comment_id=924595226372887","1","2024-09-07T16:27:23.000Z","2904002096413407","https://www.facebook.com/100004109346822/posts/2904002096413407","ZmVlZGJhY2s6MjkwNDAwMjA5NjQxMzQwN185MjQ1OTUyMjYzNzI4ODc=","Y29tbWVudDoyOTA0MDAyMDk2NDEzNDA3XzkyNDU5NTIyNjM3Mjg4Nw==","https://www.facebook.com/100004109346822/posts/2904002096413407","0",,,,"STABIL F1
Jagung manis hibrida.
Warna bulir : kuning terang.
Manis (11-14 brix).
Warna kelobot : hijau.
Tongkol besar.
Umur panen : ± 67 hst.
Potensi...","100004109346822","Anton Sulaiman Bintang Asia","https://scontent-hou1-1.xx.fbcdn.net/v/t39.30808-1/408038176_2702817406531878_9133290973397502973_n.jpg?stp=cp0_dst-jpg_s32x32&_nc_cat=100&ccb=1-7&_nc_sid=50d2ac&_nc_ohc=dnKUGTI9M70Q7kNvgHg970R&_nc_ht=scontent-hou1-1.xx&_nc_gid=AnTaJLKBrgZFqJpmHGf4Nc-&oh=00_AYCTvFoJkyHV_4MmoysZJ0rAMKz3DuDVogPg2khBn-In4g&oe=66E825C3","https://www.facebook.com/antonsulaiman95","Y29tbWVudDoyOTA0MDAyMDk2NDEzNDA3XzE2MzQyNDY2ODQwOTg2OTA=","Rini Khusriati ada mbak, namanya popcorn biasa dijual pas tabot dan dipasar malam 🤭🤣🤣","1"
,,,,,"https://www.facebook.com/100004109346822/posts/2903110909835859?comment_id=1085453469910952",,"2024-09-06T14:21:51.000Z","2903110909835859","https://www.facebook.com/100004109346822/posts/2903110909835859","ZmVlZGJhY2s6MjkwMzExMDkwOTgzNTg1OV8xMDg1NDUzNDY5OTEwOTUy","Y29tbWVudDoyOTAzMTEwOTA5ODM1ODU5XzEwODU0NTM0Njk5MTA5NTI=","https://www.facebook.com/100004109346822/posts/2903110909835859","0",,,,"SERI F1
Semangka hibrida non biji, Bentuk buah oval. 
Warna kulit hijau agak gelap, Warna daging merah.
Berat buah ± 7 kg/buah, Umur panen 56-60 hst....","100004109346822","Anton Sulaiman Bintang Asia","https://scontent-ord5-2.xx.fbcdn.net/v/t39.30808-1/408038176_2702817406531878_9133290973397502973_n.jpg?stp=cp0_dst-jpg_s32x32&_nc_cat=100&ccb=1-7&_nc_sid=50d2ac&_nc_ohc=dnKUGTI9M70Q7kNvgGxlNir&_nc_ht=scontent-ord5-2.xx&_nc_gid=AHo-K7TF2l1GobZaf69BABt&oh=00_AYDeJpYk6TRdsrPi-X71ku1QULChe7QiexZxH7aMKJ2Jaw&oe=66E825C3","https://www.facebook.com/antonsulaiman95","Y29tbWVudDoyOTAzMTEwOTA5ODM1ODU5XzE1NjM4OTg5OTQ1NjM3Nzc=","Rini Khusriati bulan depan aku pindah kosan di tirta kencana 🤭","2"
,,,,,"https://www.facebook.com/100004109346822/posts/2903110909835859?comment_id=1432714224084651",,"2024-09-06T14:20:01.000Z","2903110909835859","https://www.facebook.com/100004109346822/posts/2903110909835859","ZmVlZGJhY2s6MjkwMzExMDkwOTgzNTg1OV8xNDMyNzE0MjI0MDg0NjUx","Y29tbWVudDoyOTAzMTEwOTA5ODM1ODU5XzE0MzI3MTQyMjQwODQ2NTE=","https://www.facebook.com/100004109346822/posts/2903110909835859","0",,,,"SERI F1
Semangka hibrida non biji, Bentuk buah oval. 
Warna kulit hijau agak gelap, Warna daging merah.
Berat buah ± 7 kg/buah, Umur panen 56-60 hst....","100093293953620","Rini Khusriati","https://scontent-ord5-2.xx.fbcdn.net/v/t39.30808-1/451507869_361065207013275_6376160167794298418_n.jpg?stp=cp0_dst-jpg_s32x32&_nc_cat=107&ccb=1-7&_nc_sid=50d2ac&_nc_ohc=fKKqtq1EcmkQ7kNvgEsBffJ&_nc_ht=scontent-ord5-2.xx&_nc_gid=AHo-K7TF2l1GobZaf69BABt&oh=00_AYArrGh-NlS6VA6BMUIfyTfp6-pZEvPpH_4J3mXkvQjJ8g&oe=66E8131E","https://www.facebook.com/people/Rini-Khusriati/100093293953620/","Y29tbWVudDoyOTAzMTEwOTA5ODM1ODU5XzE1NjM4OTg5OTQ1NjM3Nzc=","Anton Sulaiman Bintang Asia duren ku 2 bulan lg panen.. Tp kita diam2 aja y pul... Wkwkw","2"
,,,,,"https://www.facebook.com/100004109346822/posts/2903110909835859?comment_id=880028903476542",,"2024-09-06T14:19:28.000Z","2903110909835859","https://www.facebook.com/100004109346822/posts/2903110909835859","ZmVlZGJhY2s6MjkwMzExMDkwOTgzNTg1OV84ODAwMjg5MDM0NzY1NDI=","Y29tbWVudDoyOTAzMTEwOTA5ODM1ODU5Xzg4MDAyODkwMzQ3NjU0Mg==","https://www.facebook.com/100004109346822/posts/2903110909835859","0",,,,"SERI F1
Semangka hibrida non biji, Bentuk buah oval. 
Warna kulit hijau agak gelap, Warna daging merah.
Berat buah ± 7 kg/buah, Umur panen 56-60 hst....","100093293953620","Rini Khusriati","https://scontent-ord5-2.xx.fbcdn.net/v/t39.30808-1/451507869_361065207013275_6376160167794298418_n.jpg?stp=cp0_dst-jpg_s32x32&_nc_cat=107&ccb=1-7&_nc_sid=50d2ac&_nc_ohc=fKKqtq1EcmkQ7kNvgEsBffJ&_nc_ht=scontent-ord5-2.xx&_nc_gid=AHo-K7TF2l1GobZaf69BABt&oh=00_AYArrGh-NlS6VA6BMUIfyTfp6-pZEvPpH_4J3mXkvQjJ8g&oe=66E8131E","https://www.facebook.com/people/Rini-Khusriati/100093293953620/","Y29tbWVudDoyOTAzMTEwOTA5ODM1ODU5XzE1NjM4OTg5OTQ1NjM3Nzc=","Anton Sulaiman Bintang Asia aq mau semangka varietas ""Rini F1 "" Bang.. Isi dalamnya ungu🤣","2"
,,,,,"https://www.facebook.com/100004109346822/posts/2903110909835859?comment_id=788851026535242",,"2024-09-06T14:12:32.000Z","2903110909835859","https://www.facebook.com/100004109346822/posts/2903110909835859","ZmVlZGJhY2s6MjkwMzExMDkwOTgzNTg1OV83ODg4NTEwMjY1MzUyNDI=","Y29tbWVudDoyOTAzMTEwOTA5ODM1ODU5Xzc4ODg1MTAyNjUzNTI0Mg==","https://www.facebook.com/100004109346822/posts/2903110909835859","0",,,,"SERI F1
Semangka hibrida non biji, Bentuk buah oval. 
Warna kulit hijau agak gelap, Warna daging merah.
Berat buah ± 7 kg/buah, Umur panen 56-60 hst....","100014033431470","Saeful Alansyah","https://scontent-ord5-2.xx.fbcdn.net/v/t1.6435-1/75341161_741079146369860_7739510193850941440_n.jpg?stp=c160.0.960.960a_cp0_dst-jpg_s32x32&_nc_cat=103&ccb=1-7&_nc_sid=db5862&_nc_ohc=uv1x3p5oSyMQ7kNvgHOfW4X&_nc_ht=scontent-ord5-2.xx&_nc_gid=AHo-K7TF2l1GobZaf69BABt&oh=00_AYBl034LYk9GQGCHrPVL6jrwMikmMc3veFK1JWzGP6IkDg&oe=6709D4FE","https://www.facebook.com/saeful.alansyahthea","Y29tbWVudDoyOTAzMTEwOTA5ODM1ODU5XzE1NjM4OTg5OTQ1NjM3Nzc=","Anton Sulaiman Bintang Asia stok terbatas nih kayaknya","2"
,,,,,"https://www.facebook.com/100004109346822/posts/2903110909835859?comment_id=3405896213037691",,"2024-09-06T14:12:13.000Z","2903110909835859","https://www.facebook.com/100004109346822/posts/2903110909835859","ZmVlZGJhY2s6MjkwMzExMDkwOTgzNTg1OV8zNDA1ODk2MjEzMDM3Njkx","Y29tbWVudDoyOTAzMTEwOTA5ODM1ODU5XzM0MDU4OTYyMTMwMzc2OTE=","https://www.facebook.com/100004109346822/posts/2903110909835859","0",,,,"SERI F1
Semangka hibrida non biji, Bentuk buah oval. 
Warna kulit hijau agak gelap, Warna daging merah.
Berat buah ± 7 kg/buah, Umur panen 56-60 hst....","100014033431470","Saeful Alansyah","https://scontent-ord5-2.xx.fbcdn.net/v/t1.6435-1/75341161_741079146369860_7739510193850941440_n.jpg?stp=c160.0.960.960a_cp0_dst-jpg_s32x32&_nc_cat=103&ccb=1-7&_nc_sid=db5862&_nc_ohc=uv1x3p5oSyMQ7kNvgHOfW4X&_nc_ht=scontent-ord5-2.xx&_nc_gid=AHo-K7TF2l1GobZaf69BABt&oh=00_AYBl034LYk9GQGCHrPVL6jrwMikmMc3veFK1JWzGP6IkDg&oe=6709D4FE","https://www.facebook.com/saeful.alansyahthea","Y29tbWVudDoyOTAzMTEwOTA5ODM1ODU5XzE1NjM4OTg5OTQ1NjM3Nzc=","Rini Khusriati gas mbk gas","2"
,,,,,"https://www.facebook.com/100004109346822/posts/2903110909835859?comment_id=1221860498838243",,"2024-09-06T14:11:57.000Z","2903110909835859","https://www.facebook.com/100004109346822/posts/2903110909835859","ZmVlZGJhY2s6MjkwMzExMDkwOTgzNTg1OV8xMjIxODYwNDk4ODM4MjQz","Y29tbWVudDoyOTAzMTEwOTA5ODM1ODU5XzEyMjE4NjA0OTg4MzgyNDM=","https://www.facebook.com/100004109346822/posts/2903110909835859","0",,,,"SERI F1
Semangka hibrida non biji, Bentuk buah oval. 
Warna kulit hijau agak gelap, Warna daging merah.
Berat buah ± 7 kg/buah, Umur panen 56-60 hst....","100004109346822","Anton Sulaiman Bintang Asia","https://scontent-ord5-2.xx.fbcdn.net/v/t39.30808-1/408038176_2702817406531878_9133290973397502973_n.jpg?stp=cp0_dst-jpg_s32x32&_nc_cat=100&ccb=1-7&_nc_sid=50d2ac&_nc_ohc=dnKUGTI9M70Q7kNvgGxlNir&_nc_ht=scontent-ord5-2.xx&_nc_gid=AHo-K7TF2l1GobZaf69BABt&oh=00_AYDeJpYk6TRdsrPi-X71ku1QULChe7QiexZxH7aMKJ2Jaw&oe=66E825C3","https://www.facebook.com/antonsulaiman95","Y29tbWVudDoyOTAzMTEwOTA5ODM1ODU5XzE1NjM4OTg5OTQ1NjM3Nzc=","Rini Khusriati Duren lama panennya mas Saeful Alansyah enakan semangka 2 bulan udh panen 😜","2"
,,,,,"https://www.facebook.com/100004109346822/posts/2903110909835859?comment_id=1257203985409640","2","2024-09-06T14:11:01.000Z","2903110909835859","https://www.facebook.com/100004109346822/posts/2903110909835859","ZmVlZGJhY2s6MjkwMzExMDkwOTgzNTg1OV8xMjU3MjAzOTg1NDA5NjQw","Y29tbWVudDoyOTAzMTEwOTA5ODM1ODU5XzEyNTcyMDM5ODU0MDk2NDA=","https://www.facebook.com/100004109346822/posts/2903110909835859","0",,,,"SERI F1
Semangka hibrida non biji, Bentuk buah oval. 
Warna kulit hijau agak gelap, Warna daging merah.
Berat buah ± 7 kg/buah, Umur panen 56-60 hst....","100004109346822","Anton Sulaiman Bintang Asia","https://scontent-ord5-2.xx.fbcdn.net/v/t39.30808-1/408038176_2702817406531878_9133290973397502973_n.jpg?stp=cp0_dst-jpg_s32x32&_nc_cat=100&ccb=1-7&_nc_sid=50d2ac&_nc_ohc=dnKUGTI9M70Q7kNvgGxlNir&_nc_ht=scontent-ord5-2.xx&_nc_gid=AHo-K7TF2l1GobZaf69BABt&oh=00_AYDeJpYk6TRdsrPi-X71ku1QULChe7QiexZxH7aMKJ2Jaw&oe=66E825C3","https://www.facebook.com/antonsulaiman95","Y29tbWVudDoyOTAzMTEwOTA5ODM1ODU5XzE1NjM4OTg5OTQ1NjM3Nzc=","Rini Khusriati ayoo gaskeun mas Saeful Alansyah mumpung masih ada stoknya 😁","1"
,,,,,"https://www.facebook.com/100004109346822/posts/2903110909835859?comment_id=1660174744838946",,"2024-09-06T14:04:26.000Z","2903110909835859","https://www.facebook.com/100004109346822/posts/2903110909835859","ZmVlZGJhY2s6MjkwMzExMDkwOTgzNTg1OV8xNjYwMTc0NzQ0ODM4OTQ2","Y29tbWVudDoyOTAzMTEwOTA5ODM1ODU5XzE2NjAxNzQ3NDQ4Mzg5NDY=","https://www.facebook.com/100004109346822/posts/2903110909835859","0",,,,"SERI F1
Semangka hibrida non biji, Bentuk buah oval. 
Warna kulit hijau agak gelap, Warna daging merah.
Berat buah ± 7 kg/buah, Umur panen 56-60 hst....","100093293953620","Rini Khusriati","https://scontent-ord5-2.xx.fbcdn.net/v/t39.30808-1/451507869_361065207013275_6376160167794298418_n.jpg?stp=cp0_dst-jpg_s32x32&_nc_cat=107&ccb=1-7&_nc_sid=50d2ac&_nc_ohc=fKKqtq1EcmkQ7kNvgEsBffJ&_nc_ht=scontent-ord5-2.xx&_nc_gid=AHo-K7TF2l1GobZaf69BABt&oh=00_AYArrGh-NlS6VA6BMUIfyTfp6-pZEvPpH_4J3mXkvQjJ8g&oe=66E8131E","https://www.facebook.com/people/Rini-Khusriati/100093293953620/","Y29tbWVudDoyOTAzMTEwOTA5ODM1ODU5XzE1NjM4OTg5OTQ1NjM3Nzc=","Saeful Alansyah kita tanam cabe aja dlu pul
.. Habis itu nanam duren... Eh.. Smagka mksdnya","2"
,,,,,"https://www.facebook.com/100004109346822/posts/2903110909835859?comment_id=1053466922492560","5","2024-09-06T14:02:30.000Z","2903110909835859","https://www.facebook.com/100004109346822/posts/2903110909835859","ZmVlZGJhY2s6MjkwMzExMDkwOTgzNTg1OV8xMDUzNDY2OTIyNDkyNTYw","Y29tbWVudDoyOTAzMTEwOTA5ODM1ODU5XzEwNTM0NjY5MjI0OTI1NjA=","https://www.facebook.com/100004109346822/posts/2903110909835859","0",,,,"SERI F1
Semangka hibrida non biji, Bentuk buah oval. 
Warna kulit hijau agak gelap, Warna daging merah.
Berat buah ± 7 kg/buah, Umur panen 56-60 hst....","100014033431470","Saeful Alansyah","https://scontent-ord5-2.xx.fbcdn.net/v/t1.6435-1/75341161_741079146369860_7739510193850941440_n.jpg?stp=c160.0.960.960a_cp0_dst-jpg_s32x32&_nc_cat=103&ccb=1-7&_nc_sid=db5862&_nc_ohc=uv1x3p5oSyMQ7kNvgHOfW4X&_nc_ht=scontent-ord5-2.xx&_nc_gid=AHo-K7TF2l1GobZaf69BABt&oh=00_AYBl034LYk9GQGCHrPVL6jrwMikmMc3veFK1JWzGP6IkDg&oe=6709D4FE","https://www.facebook.com/saeful.alansyahthea","Y29tbWVudDoyOTAzMTEwOTA5ODM1ODU5XzE1NjM4OTg5OTQ1NjM3Nzc=","Rini Khusriati iya rekomendasi bnget nih mbk buat di tanam","1"
"sticker","fallback",,,,"https://www.facebook.com/100004109346822/posts/2903110909835859?comment_id=954396133367321",,"2024-09-06T14:23:36.000Z","2903110909835859","https://www.facebook.com/100004109346822/posts/2903110909835859","ZmVlZGJhY2s6MjkwMzExMDkwOTgzNTg1OV85NTQzOTYxMzMzNjczMjE=","Y29tbWVudDoyOTAzMTEwOTA5ODM1ODU5Xzk1NDM5NjEzMzM2NzMyMQ==","https://www.facebook.com/100004109346822/posts/2903110909835859","0",,,,"SERI F1
Semangka hibrida non biji, Bentuk buah oval. 
Warna kulit hijau agak gelap, Warna daging merah.
Berat buah ± 7 kg/buah, Umur panen 56-60 hst....","100004109346822","Anton Sulaiman Bintang Asia","https://scontent-dfw5-2.xx.fbcdn.net/v/t39.30808-1/408038176_2702817406531878_9133290973397502973_n.jpg?stp=cp0_dst-jpg_s32x32&_nc_cat=100&ccb=1-7&_nc_sid=50d2ac&_nc_ohc=dnKUGTI9M70Q7kNvgFvUWjB&_nc_ht=scontent-dfw5-2.xx&_nc_gid=AVCVRDFTBRGbuOeJLh6d4CF&oh=00_AYA5w6APsPPBIYu0iBTZnwJfBZ2aDpq0cuFFKBg-ObumQw&oe=66E825C3","https://www.facebook.com/antonsulaiman95","Y29tbWVudDoyOTAzMTEwOTA5ODM1ODU5XzExODg5MTI5MzU2NzU4Nzg=","Anton Lja oke siap bng, no wa aku masih yg lama 🤭","2"
,,,,,"https://www.facebook.com/100004109346822/posts/2903110909835859?comment_id=948188980398941",,"2024-09-06T14:20:01.000Z","2903110909835859","https://www.facebook.com/100004109346822/posts/2903110909835859","ZmVlZGJhY2s6MjkwMzExMDkwOTgzNTg1OV85NDgxODg5ODAzOTg5NDE=","Y29tbWVudDoyOTAzMTEwOTA5ODM1ODU5Xzk0ODE4ODk4MDM5ODk0MQ==","https://www.facebook.com/100004109346822/posts/2903110909835859","0",,,,"SERI F1
Semangka hibrida non biji, Bentuk buah oval. 
Warna kulit hijau agak gelap, Warna daging merah.
Berat buah ± 7 kg/buah, Umur panen 56-60 hst....","100089833569976","Anton Lja","https://scontent-dfw5-1.xx.fbcdn.net/v/t39.30808-1/326714202_864888521395706_4700019505269063849_n.jpg?stp=cp0_dst-jpg_s32x32&_nc_cat=105&ccb=1-7&_nc_sid=50d2ac&_nc_ohc=AtJAizQKbUIQ7kNvgE-73ZL&_nc_ht=scontent-dfw5-1.xx&_nc_gid=AVCVRDFTBRGbuOeJLh6d4CF&oh=00_AYDch7Tf8ZPXbTZDDuEEh--bjxEGFbtg0ArNKJc1V5aKng&oe=66E83885","https://www.facebook.com/people/Anton-Lja/100089833569976/","Y29tbWVudDoyOTAzMTEwOTA5ODM1ODU5XzExODg5MTI5MzU2NzU4Nzg=","Anton Sulaiman Bintang Asia belum siap Mash proses","2"
"sticker","fallback",,,,"https://www.facebook.com/100004109346822/posts/2903110909835859?comment_id=1560190561594787","2","2024-09-06T14:14:51.000Z","2903110909835859","https://www.facebook.com/100004109346822/posts/2903110909835859","ZmVlZGJhY2s6MjkwMzExMDkwOTgzNTg1OV8xNTYwMTkwNTYxNTk0Nzg3","Y29tbWVudDoyOTAzMTEwOTA5ODM1ODU5XzE1NjAxOTA1NjE1OTQ3ODc=","https://www.facebook.com/100004109346822/posts/2903110909835859","0",,,,"SERI F1
Semangka hibrida non biji, Bentuk buah oval. 
Warna kulit hijau agak gelap, Warna daging merah.
Berat buah ± 7 kg/buah, Umur panen 56-60 hst....","100004109346822","Anton Sulaiman Bintang Asia","https://scontent-dfw5-2.xx.fbcdn.net/v/t39.30808-1/408038176_2702817406531878_9133290973397502973_n.jpg?stp=cp0_dst-jpg_s32x32&_nc_cat=100&ccb=1-7&_nc_sid=50d2ac&_nc_ohc=dnKUGTI9M70Q7kNvgFvUWjB&_nc_ht=scontent-dfw5-2.xx&_nc_gid=AVCVRDFTBRGbuOeJLh6d4CF&oh=00_AYA5w6APsPPBIYu0iBTZnwJfBZ2aDpq0cuFFKBg-ObumQw&oe=66E825C3","https://www.facebook.com/antonsulaiman95","Y29tbWVudDoyOTAzMTEwOTA5ODM1ODU5XzExODg5MTI5MzU2NzU4Nzg=","Anton Lja ayoo mainkan lahan baru 3ha nya bang 😁","1"
"animated_image_share","image_share","share","fallback",,"https://www.facebook.com/100004109346822/posts/2904924682987815?comment_id=864295609099797",,"2024-09-08T10:06:46.000Z","2904924682987815","https://www.facebook.com/100004109346822/posts/2904924682987815","ZmVlZGJhY2s6MjkwNDkyNDY4Mjk4NzgxNV84NjQyOTU2MDkwOTk3OTc=","Y29tbWVudDoyOTA0OTI0NjgyOTg3ODE1Xzg2NDI5NTYwOTA5OTc5Nw==","https://www.facebook.com/100004109346822/posts/2904924682987815","0",,,,"Respon salah satu petani semangka profesional saat perdana menanam benih SERI F1 dari BintangasiA

#serif1
#semangka3n
#semangkahibrida
#semangkanonbiji...","100004109346822","Anton Sulaiman Bintang Asia","https://scontent.fdel25-4.fna.fbcdn.net/v/t39.30808-1/408038176_2702817406531878_9133290973397502973_n.jpg?stp=cp0_dst-jpg_s32x32&_nc_cat=100&ccb=1-7&_nc_sid=50d2ac&_nc_ohc=dnKUGTI9M70Q7kNvgGoj8jR&_nc_ht=scontent.fdel25-4.fna&_nc_gid=AMGRa5SsCzOuDGd5CqK6xqj&oh=00_AYAI8TdRPmKZulhIvzucmWBwR4DR1xlgjwhlHDTIz0yWrg&oe=66E825C3","https://www.facebook.com/antonsulaiman95","Y29tbWVudDoyOTA0OTI0NjgyOTg3ODE1XzEwNDY3OTc3NTY4MDAxNDc=","Santoso Danendra haahaaha","1"
"video_inline","video","games_app","fallback",,"https://www.facebook.com/100004109346822/posts/2903110909835859?comment_id=8485196874879505",,"2024-09-06T06:07:39.000Z","2903110909835859","https://www.facebook.com/100004109346822/posts/2903110909835859","ZmVlZGJhY2s6MjkwMzExMDkwOTgzNTg1OV84NDg1MTk2ODc0ODc5NTA1","Y29tbWVudDoyOTAzMTEwOTA5ODM1ODU5Xzg0ODUxOTY4NzQ4Nzk1MDU=","https://www.facebook.com/100004109346822/posts/2903110909835859","0",,,,"SERI F1
Semangka hibrida non biji, Bentuk buah oval. 
Warna kulit hijau agak gelap, Warna daging merah.
Berat buah ± 7 kg/buah, Umur panen 56-60 hst....","100004109346822","Anton Sulaiman Bintang Asia","https://scontent-scl2-1.xx.fbcdn.net/v/t39.30808-1/408038176_2702817406531878_9133290973397502973_n.jpg?stp=cp0_dst-jpg_s32x32&_nc_cat=100&ccb=1-7&_nc_sid=50d2ac&_nc_ohc=dnKUGTI9M70Q7kNvgHMSX4e&_nc_ht=scontent-scl2-1.xx&_nc_gid=ABRhZ7cQo6FKytva-dSbgcH&oh=00_AYC9b1ezOw85XzzMtw-HCzHAwQrh8VbknYVIca4nAaYmwQ&oe=66E825C3","https://www.facebook.com/antonsulaiman95","Y29tbWVudDoyOTAzMTEwOTA5ODM1ODU5XzUzOTYzNTM5NTE3ODc2MQ==","Eric Z seri f1 sangat tahan di musim kemarau 👍","1"
