﻿"channelAvatarUrl","channelBannerUrl","channelDescription","channelDescriptionLinks/0/text","channelDescriptionLinks/0/url","channelId","channelJoinedDate","channelLocation","channelName","channelTotalVideos","channelTotalViews","channelUrl","comments","commentsCount","commentsTurnedOff","date","descriptionLinks","descriptionLinks/0/text","descriptionLinks/0/url","descriptionLinks/1/text","descriptionLinks/1/url","descriptionLinks/2/text","descriptionLinks/2/url","descriptionLinks/3/text","descriptionLinks/3/url","descriptionLinks/4/text","descriptionLinks/4/url","descriptionLinks/5/text","descriptionLinks/5/url","descriptionLinks/6/text","descriptionLinks/6/url","descriptionLinks/7/text","descriptionLinks/7/url","descriptionLinks/8/text","descriptionLinks/8/url","descriptionLinks/9/text","descriptionLinks/9/url","descriptionLinks/10/text","descriptionLinks/10/url","descriptionLinks/11/text","descriptionLinks/11/url","descriptionLinks/12/text","descriptionLinks/12/url","descriptionLinks/13/text","descriptionLinks/13/url","descriptionLinks/14/text","descriptionLinks/14/url","descriptionLinks/15/text","descriptionLinks/15/url","duration","fromYTUrl","hashtags/0","hashtags/1","hashtags/2","id","input","inputChannelUrl","isAgeRestricted","isChannelVerified","isMonetized","likes","location","note","numberOfSubscribers","order","subtitles","text","thumbnailUrl","title","type","url","viewCount"
,,,,,,,,,,,,,,,,,,,,,,,,,,,,,,,,,,,,,,,,,,,,,,,,,,,,,,,"https://www.youtube.com/@PetaniDesaMandiri",,,,,,,"The channel has no live videos.",,,,,,,,"https://www.youtube.com/@PetaniDesaMandiri/about",
"https://yt3.googleusercontent.com/YKA8p0zEJst4vyVousz8CVTDze6m3qIlfOaBPqxnwoyv_GBEYbYxl0ZHGsqCi8NBp3Y5Wj2Nlw=s160-c-k-c0x00ffffff-no-rj","https://yt3.googleusercontent.com/ZA5BWq2AUkHb5YE7G3QeWFPXCQjX6TBFB_eOlAqHoouuRQL-0HK3jtdoLx7kcrH7GGoQynScnNs=w2560-fcrop64=1,00005a57ffffa5a8-k-c0xffffffff-no-nd-rj","Welcome to the Petani Desa Mandiri Channel
We are a loyal friend to farmers and farming enthusiasts who want to expand their knowledge of the dynamic world of agriculture. Here, we bring you informative, inspiring and practical content to guide you through every aspect of farm life.

From innovative farming techniques to a guide to selecting the best seeds, we explore a variety of relevant topics to help you increase your yields and farm efficiency. This channel also provides reviews of the latest equipment, shares tips on land management, and provides the best solutions to challenges often faced by farmers.

We believe that sustainability and environmentally friendly farming practices are the key to a sustainable agricultural future. Therefore, we specifically highlight organic methods and green technologies that can improve the balance of agricultural ecosystems.","Facebook","https://www.facebook.com/PetaniDesaMandiri771","UCjQX6r71oYHPaxvHZ1clQZg","Dec 31, 2023","Indonesia","Petani Desa Mandiri","116","339685","https://www.youtube.com/channel/UCjQX6r71oYHPaxvHZ1clQZg",,"26",,"2024-09-26T00:00:00.000Z",,,,,,,,,,,,,,,,,,,,,,,,,,,,,,,,,,,"https://www.youtube.com/@PetaniDesaMandiri/shorts",,,,"YvDpcEm5zsU",,"https://www.youtube.com/@PetaniDesaMandiri","false","false",,"266",,,"1640","24",,,"https://i.ytimg.com/vi/YvDpcEm5zsU/oardefault.jpg?sqp=-oaymwEdCJUDENAFSFWQAgHyq4qpAwwIARUAAIhCcAHAAQY=&rs=AOn4CLBE5QI4gf1_xn13_zo9L2AVDAaXLw","Darurat generasi petani #quotes #motivasi #motivation #sawah #storywa","shorts","https://www.youtube.com/shorts/YvDpcEm5zsU","13853"
"https://yt3.googleusercontent.com/YKA8p0zEJst4vyVousz8CVTDze6m3qIlfOaBPqxnwoyv_GBEYbYxl0ZHGsqCi8NBp3Y5Wj2Nlw=s160-c-k-c0x00ffffff-no-rj","https://yt3.googleusercontent.com/ZA5BWq2AUkHb5YE7G3QeWFPXCQjX6TBFB_eOlAqHoouuRQL-0HK3jtdoLx7kcrH7GGoQynScnNs=w2560-fcrop64=1,00005a57ffffa5a8-k-c0xffffffff-no-nd-rj","Welcome to the Petani Desa Mandiri Channel
We are a loyal friend to farmers and farming enthusiasts who want to expand their knowledge of the dynamic world of agriculture. Here, we bring you informative, inspiring and practical content to guide you through every aspect of farm life.

From innovative farming techniques to a guide to selecting the best seeds, we explore a variety of relevant topics to help you increase your yields and farm efficiency. This channel also provides reviews of the latest equipment, shares tips on land management, and provides the best solutions to challenges often faced by farmers.

We believe that sustainability and environmentally friendly farming practices are the key to a sustainable agricultural future. Therefore, we specifically highlight organic methods and green technologies that can improve the balance of agricultural ecosystems.","Facebook","https://www.facebook.com/PetaniDesaMandiri771","UCjQX6r71oYHPaxvHZ1clQZg","Dec 31, 2023","Indonesia","Petani Desa Mandiri","116","339685","https://www.youtube.com/channel/UCjQX6r71oYHPaxvHZ1clQZg",,"1",,"2024-09-28T00:00:00.000Z",,,,,,,,,,,,,,,,,,,,,,,,,,,,,,,,,,,"https://www.youtube.com/@PetaniDesaMandiri/shorts",,,,"zDaYXB5P5bY",,"https://www.youtube.com/@PetaniDesaMandiri","false","false",,"17",,,"1640","21",,,"https://i.ytimg.com/vi/zDaYXB5P5bY/oar2.jpg?sqp=-oaymwEdCJUDENAFSFWQAgHyq4qpAwwIARUAAIhCcAHAAQY=&rs=AOn4CLD8sgdBzMVhWrPV7XVCEdk0RfIsfg","‼️ Ternyata cara kerja dunia tidak begitu‼️ #motivasi #bekerjakeras #kerjakeras #petanijagung","shorts","https://www.youtube.com/shorts/zDaYXB5P5bY","2121"
"https://yt3.googleusercontent.com/YKA8p0zEJst4vyVousz8CVTDze6m3qIlfOaBPqxnwoyv_GBEYbYxl0ZHGsqCi8NBp3Y5Wj2Nlw=s160-c-k-c0x00ffffff-no-rj","https://yt3.googleusercontent.com/ZA5BWq2AUkHb5YE7G3QeWFPXCQjX6TBFB_eOlAqHoouuRQL-0HK3jtdoLx7kcrH7GGoQynScnNs=w2560-fcrop64=1,00005a57ffffa5a8-k-c0xffffffff-no-nd-rj","Welcome to the Petani Desa Mandiri Channel
We are a loyal friend to farmers and farming enthusiasts who want to expand their knowledge of the dynamic world of agriculture. Here, we bring you informative, inspiring and practical content to guide you through every aspect of farm life.

From innovative farming techniques to a guide to selecting the best seeds, we explore a variety of relevant topics to help you increase your yields and farm efficiency. This channel also provides reviews of the latest equipment, shares tips on land management, and provides the best solutions to challenges often faced by farmers.

We believe that sustainability and environmentally friendly farming practices are the key to a sustainable agricultural future. Therefore, we specifically highlight organic methods and green technologies that can improve the balance of agricultural ecosystems.","Facebook","https://www.facebook.com/PetaniDesaMandiri771","UCjQX6r71oYHPaxvHZ1clQZg","Dec 31, 2023","Indonesia","Petani Desa Mandiri","116","339685","https://www.youtube.com/channel/UCjQX6r71oYHPaxvHZ1clQZg",,"0",,"2024-09-27T00:00:00.000Z",,,,,,,,,,,,,,,,,,,,,,,,,,,,,,,,,,,"https://www.youtube.com/@PetaniDesaMandiri/shorts",,,,"sXGM8VcO4WM",,"https://www.youtube.com/@PetaniDesaMandiri","false","false",,"7",,,"1640","22",,,"https://i.ytimg.com/vi/sXGM8VcO4WM/oar2.jpg?sqp=-oaymwEdCJUDENAFSFWQAgHyq4qpAwwIARUAAIhCcAHAAQY=&rs=AOn4CLAw9QgMgARX6uUWAEW3_IRz7N4DeA","Karma itu nyata 💯😭 #kutipanmotivasi #kutipaninspirasi #memes #kutipansukses","shorts","https://www.youtube.com/shorts/sXGM8VcO4WM","999"
"https://yt3.googleusercontent.com/YKA8p0zEJst4vyVousz8CVTDze6m3qIlfOaBPqxnwoyv_GBEYbYxl0ZHGsqCi8NBp3Y5Wj2Nlw=s160-c-k-c0x00ffffff-no-rj","https://yt3.googleusercontent.com/ZA5BWq2AUkHb5YE7G3QeWFPXCQjX6TBFB_eOlAqHoouuRQL-0HK3jtdoLx7kcrH7GGoQynScnNs=w2560-fcrop64=1,00005a57ffffa5a8-k-c0xffffffff-no-nd-rj","Welcome to the Petani Desa Mandiri Channel
We are a loyal friend to farmers and farming enthusiasts who want to expand their knowledge of the dynamic world of agriculture. Here, we bring you informative, inspiring and practical content to guide you through every aspect of farm life.

From innovative farming techniques to a guide to selecting the best seeds, we explore a variety of relevant topics to help you increase your yields and farm efficiency. This channel also provides reviews of the latest equipment, shares tips on land management, and provides the best solutions to challenges often faced by farmers.

We believe that sustainability and environmentally friendly farming practices are the key to a sustainable agricultural future. Therefore, we specifically highlight organic methods and green technologies that can improve the balance of agricultural ecosystems.","Facebook","https://www.facebook.com/PetaniDesaMandiri771","UCjQX6r71oYHPaxvHZ1clQZg","Dec 31, 2023","Indonesia","Petani Desa Mandiri","116","339685","https://www.youtube.com/channel/UCjQX6r71oYHPaxvHZ1clQZg",,"0",,"2024-09-28T00:00:00.000Z",,,,,,,,,,,,,,,,,,,,,,,,,,,,,,,,,,,"https://www.youtube.com/@PetaniDesaMandiri/shorts",,,,"sTy09H5hBIE",,"https://www.youtube.com/@PetaniDesaMandiri","false","false",,"13",,,"1640","20",,,"https://i.ytimg.com/vi/sTy09H5hBIE/oardefault.jpg?sqp=-oaymwEdCJUDENAFSFWQAgHyq4qpAwwIARUAAIhCcAHAAQY=&rs=AOn4CLDVGXbfiYpUxiyDBHTZm7lItaxFXA","‼️ Bahagia itu kita yang ciptakan‼️ #motivasi #motivasihidup #inspirasi #perawatanjagung","shorts","https://www.youtube.com/shorts/sTy09H5hBIE","813"
"https://yt3.googleusercontent.com/YKA8p0zEJst4vyVousz8CVTDze6m3qIlfOaBPqxnwoyv_GBEYbYxl0ZHGsqCi8NBp3Y5Wj2Nlw=s160-c-k-c0x00ffffff-no-rj","https://yt3.googleusercontent.com/ZA5BWq2AUkHb5YE7G3QeWFPXCQjX6TBFB_eOlAqHoouuRQL-0HK3jtdoLx7kcrH7GGoQynScnNs=w2560-fcrop64=1,00005a57ffffa5a8-k-c0xffffffff-no-nd-rj","Welcome to the Petani Desa Mandiri Channel
We are a loyal friend to farmers and farming enthusiasts who want to expand their knowledge of the dynamic world of agriculture. Here, we bring you informative, inspiring and practical content to guide you through every aspect of farm life.

From innovative farming techniques to a guide to selecting the best seeds, we explore a variety of relevant topics to help you increase your yields and farm efficiency. This channel also provides reviews of the latest equipment, shares tips on land management, and provides the best solutions to challenges often faced by farmers.

We believe that sustainability and environmentally friendly farming practices are the key to a sustainable agricultural future. Therefore, we specifically highlight organic methods and green technologies that can improve the balance of agricultural ecosystems.","Facebook","https://www.facebook.com/PetaniDesaMandiri771","UCjQX6r71oYHPaxvHZ1clQZg","Dec 31, 2023","Indonesia","Petani Desa Mandiri","116","339685","https://www.youtube.com/channel/UCjQX6r71oYHPaxvHZ1clQZg",,"0",,"2024-09-27T09:04:30.000Z",,,,,,,,,,,,,,,,,,,,,,,,,,,,,,,,,,,"https://www.youtube.com/@PetaniDesaMandiri/shorts",,,,"scwPTpSEFSQ",,"https://www.youtube.com/@PetaniDesaMandiri","false","false",,"9",,,"1640","23",,,"https://i.ytimg.com/vi/scwPTpSEFSQ/oar2.jpg?sqp=-oaymwEdCJUDENAFSFWQAgHyq4qpAwwIARUAAIhCcAHAAQY=&rs=AOn4CLD0ckBEYc-6bL5-2aFFqcTV6DMrHg","Jangan bandingkan, setiap orang punya jalanya sendiri #motivation #katakatmutiara #motivational","shorts","https://www.youtube.com/shorts/scwPTpSEFSQ","731"
"https://yt3.googleusercontent.com/YKA8p0zEJst4vyVousz8CVTDze6m3qIlfOaBPqxnwoyv_GBEYbYxl0ZHGsqCi8NBp3Y5Wj2Nlw=s160-c-k-c0x00ffffff-no-rj","https://yt3.googleusercontent.com/ZA5BWq2AUkHb5YE7G3QeWFPXCQjX6TBFB_eOlAqHoouuRQL-0HK3jtdoLx7kcrH7GGoQynScnNs=w2560-fcrop64=1,00005a57ffffa5a8-k-c0xffffffff-no-nd-rj","Welcome to the Petani Desa Mandiri Channel
We are a loyal friend to farmers and farming enthusiasts who want to expand their knowledge of the dynamic world of agriculture. Here, we bring you informative, inspiring and practical content to guide you through every aspect of farm life.

From innovative farming techniques to a guide to selecting the best seeds, we explore a variety of relevant topics to help you increase your yields and farm efficiency. This channel also provides reviews of the latest equipment, shares tips on land management, and provides the best solutions to challenges often faced by farmers.

We believe that sustainability and environmentally friendly farming practices are the key to a sustainable agricultural future. Therefore, we specifically highlight organic methods and green technologies that can improve the balance of agricultural ecosystems.","Facebook","https://www.facebook.com/PetaniDesaMandiri771","UCjQX6r71oYHPaxvHZ1clQZg","Dec 31, 2023","Indonesia","Petani Desa Mandiri","116","339685","https://www.youtube.com/channel/UCjQX6r71oYHPaxvHZ1clQZg",,"5","false","2024-09-20T09:21:38.000Z",,"#DosisPupukJagung","https://www.youtube.com/hashtag/dosispupukjagung","#PupukJagung","https://www.youtube.com/hashtag/pupukjagung","#Pertanian","https://www.youtube.com/hashtag/pertanian","#TanamanJagung","https://www.youtube.com/hashtag/tanamanjagung","#PetaniSukses","https://www.youtube.com/hashtag/petanisukses","#HasilPanen","https://www.youtube.com/hashtag/hasilpanen","#Pemupukan","https://www.youtube.com/hashtag/pemupukan","#TipsPertanian","https://www.youtube.com/hashtag/tipspertanian","#PertanianBerkelanjutan","https://www.youtube.com/hashtag/pertanianberkelanjutan","#Agrikultur","https://www.youtube.com/hashtag/agrikultur","#pawonyoutube","https://www.youtube.com/hashtag/pawonyoutube",,,,,,,,,,,"00:06:19","https://www.youtube.com/@PetaniDesaMandiri/videos","#Pemupukan","#Pertanian","#PetaniSukses","gQuhl8FY1o8",,"https://www.youtube.com/@PetaniDesaMandiri","false","false",,"7",,,"1640",,,"Dalam video ini, kami akan membahas secara mendetail dosis pupuk yang tepat untuk tanaman jagung, mulai dari tahap awal tanam hingga menjelang panen. Anda akan mendapatkan informasi tentang jenis pupuk yang direkomendasikan, frekuensi aplikasi, serta teknik pemupukan yang efektif untuk memaksimalkan hasil panen.

Kami juga akan berbagi tips praktis dan pengalaman dari petani sukses, sehingga Anda dapat menerapkan strategi ini di lahan Anda. Jangan lewatkan informasi penting mengenai pengaruh pupuk terhadap pertumbuhan jagung dan cara menghindari kesalahan umum dalam pemupukan.

Tonton sampai habis untuk mendapatkan panduan lengkap dan saran dari ahli pertanian. Jangan lupa subscribe dan aktifkan notifikasi untuk update video pertanian lainnya!

#DosisPupukJagung #PupukJagung #Pertanian #TanamanJagung #PetaniSukses #HasilPanen #Pemupukan #TipsPertanian #PertanianBerkelanjutan #Agrikultur
#pawonyoutube","https://i.ytimg.com/vi/gQuhl8FY1o8/hqdefault.jpg","‼️Paket lengkap ‼️ Dosis & Aplikasi pupuk jagung mulai awal tanam sampai panen 🔥","video","https://www.youtube.com/watch?v=gQuhl8FY1o8","426"
"https://yt3.googleusercontent.com/YKA8p0zEJst4vyVousz8CVTDze6m3qIlfOaBPqxnwoyv_GBEYbYxl0ZHGsqCi8NBp3Y5Wj2Nlw=s160-c-k-c0x00ffffff-no-rj","https://yt3.googleusercontent.com/ZA5BWq2AUkHb5YE7G3QeWFPXCQjX6TBFB_eOlAqHoouuRQL-0HK3jtdoLx7kcrH7GGoQynScnNs=w2560-fcrop64=1,00005a57ffffa5a8-k-c0xffffffff-no-nd-rj","Welcome to the Petani Desa Mandiri Channel
We are a loyal friend to farmers and farming enthusiasts who want to expand their knowledge of the dynamic world of agriculture. Here, we bring you informative, inspiring and practical content to guide you through every aspect of farm life.

From innovative farming techniques to a guide to selecting the best seeds, we explore a variety of relevant topics to help you increase your yields and farm efficiency. This channel also provides reviews of the latest equipment, shares tips on land management, and provides the best solutions to challenges often faced by farmers.

We believe that sustainability and environmentally friendly farming practices are the key to a sustainable agricultural future. Therefore, we specifically highlight organic methods and green technologies that can improve the balance of agricultural ecosystems.","Facebook","https://www.facebook.com/PetaniDesaMandiri771","UCjQX6r71oYHPaxvHZ1clQZg","Dec 31, 2023","Indonesia","Petani Desa Mandiri","116","339685","https://www.youtube.com/channel/UCjQX6r71oYHPaxvHZ1clQZg",,"19","false","2024-09-30T14:13:06.000Z",,"   / @petanidesamandiri  ","https://www.youtube.com/channel/UCjQX6r71oYHPaxvHZ1clQZg","  / petanidesamandiri771  ","https://www.facebook.com/PetaniDesaMandiri771",,,,,,,,,,,,,,,,,,,,,,,,,,,,,"00:12:20","https://www.youtube.com/@PetaniDesaMandiri/videos",,,,"2JblbjjCvn4",,"https://www.youtube.com/@PetaniDesaMandiri","false","false",,"34",,,"1640",,,"Selamat datang di video kami yang berjudul ""Cara Tanam Jagung Bertongkol Besar! Panduan Lengkap Buat Petani Pemula!"" 

Dalam video ini, kami akan membagikan langkah-langkah praktis dan tips berharga untuk menanam jagung dengan hasil bertongkol besar. 

Apakah Anda seorang petani pemula yang ingin meningkatkan hasil panen jagung Anda? Kami akan menjelaskan semua yang perlu Anda ketahui, mulai dari pemilihan benih, persiapan lahan, hingga teknik perawatan yang tepat. Anda juga akan belajar tentang cara mengatasi hama dan penyakit yang sering menyerang tanaman jagung.

Jangan lewatkan informasi penting tentang waktu tanam yang ideal dan tips pemupukan agar tanaman jagung Anda tumbuh subur dan maksimal. Dengan mengikuti panduan lengkap ini, Anda akan memiliki pengetahuan yang diperlukan untuk sukses dalam menanam jagung bertongkol besar.

Tonton video ini sampai akhir untuk mendapatkan semua tips dan trik yang bisa Anda terapkan di kebun Anda. Jika Anda suka dengan konten ini, jangan lupa untuk like, subscribe, dan aktifkan notifikasi agar tidak ketinggalan video bermanfaat lainnya! 

Mari kita mulai perjalanan menanam jagung yang menguntungkan ini bersama-sama!

petani muda,teknik tanam jagung,jagung sehat,jagung bertongkol besar,hasil panen jagung,panduan petani,petani pemula,budidaya jagung,jagung organik,cara menanam jagung,tutorial bertani,tips bertani,cara tanam jagung,tanaman jagung,cara sukses bertani,pertanian jagung,tanam jagung,pertanian,jagung,cara bercocok tanam

Subscribe : 
   / @petanidesamandiri  

Facebook:
  / petanidesamandiri771  ","https://i.ytimg.com/vi/2JblbjjCvn4/maxresdefault.jpg","🔴 Cara Tanam Jagung Bertongkol Besar! Panduan Lengkap Buat Petani Pemula! Mulai Tanam Sampai Panen","video","https://www.youtube.com/watch?v=2JblbjjCvn4","1958"
"https://yt3.googleusercontent.com/YKA8p0zEJst4vyVousz8CVTDze6m3qIlfOaBPqxnwoyv_GBEYbYxl0ZHGsqCi8NBp3Y5Wj2Nlw=s160-c-k-c0x00ffffff-no-rj","https://yt3.googleusercontent.com/ZA5BWq2AUkHb5YE7G3QeWFPXCQjX6TBFB_eOlAqHoouuRQL-0HK3jtdoLx7kcrH7GGoQynScnNs=w2560-fcrop64=1,00005a57ffffa5a8-k-c0xffffffff-no-nd-rj","Welcome to the Petani Desa Mandiri Channel
We are a loyal friend to farmers and farming enthusiasts who want to expand their knowledge of the dynamic world of agriculture. Here, we bring you informative, inspiring and practical content to guide you through every aspect of farm life.

From innovative farming techniques to a guide to selecting the best seeds, we explore a variety of relevant topics to help you increase your yields and farm efficiency. This channel also provides reviews of the latest equipment, shares tips on land management, and provides the best solutions to challenges often faced by farmers.

We believe that sustainability and environmentally friendly farming practices are the key to a sustainable agricultural future. Therefore, we specifically highlight organic methods and green technologies that can improve the balance of agricultural ecosystems.","Facebook","https://www.facebook.com/PetaniDesaMandiri771","UCjQX6r71oYHPaxvHZ1clQZg","Dec 31, 2023","Indonesia","Petani Desa Mandiri","116","339685","https://www.youtube.com/channel/UCjQX6r71oYHPaxvHZ1clQZg",,"7","false","2024-09-26T05:00:32.000Z",,"#Paklobutrazol","https://www.youtube.com/hashtag/paklobutrazol","#HormonTanaman","https://www.youtube.com/hashtag/hormontanaman","#PengaturTumbuh","https://www.youtube.com/hashtag/pengaturtumbuh","#PertanianBerkelanjutan","https://www.youtube.com/hashtag/pertanianberkelanjutan","#TanamanSehat","https://www.youtube.com/hashtag/tanamansehat","#TanamanHias","https://www.youtube.com/hashtag/tanamanhias","#PertumbuhanOptimal","https://www.youtube.com/hashtag/pertumbuhanoptimal","#AgrikulturModern","https://www.youtube.com/hashtag/agrikulturmodern","#Giberelin","https://www.youtube.com/hashtag/giberelin","#TanamanKomp","https://www.youtube.com/hashtag/tanamankomp",,,,,,,,,,,,,"00:05:05","https://www.youtube.com/@PetaniDesaMandiri/videos",,,,"HAj9Y3QGEdE",,"https://www.youtube.com/@PetaniDesaMandiri","false","false",,"5","SAMBIKENCENG",,"1640",,,"Pklobutrazol adalah hormon pengatur tumbuh (ZPT) yang tergolong dalam kelas triazol. Berikut adalah penjelasan lengkap dengan kata kunci:

1. Definisi
Paklobutrazol adalah senyawa kimia yang digunakan untuk mengatur pertumbuhan tanaman, terutama dalam mengendalikan tinggi tanaman.
2. Fungsi Utama
Menghambat biosintesis giberelin, hormon yang berperan dalam pertumbuhan tinggi tanaman.
Meningkatkan kekuatan batang dan ketahanan tanaman terhadap kondisi lingkungan.
3. Penggunaan
Diterapkan dalam pertanian untuk mengendalikan tinggi tanaman, meningkatkan produksi bunga, dan mempercepat pembungaan.
Sering digunakan pada tanaman hias, buah-buahan, dan tanaman pertanian lainnya.
4. Keuntungan
Menghasilkan tanaman yang lebih kompak dan tahan angin.
Meningkatkan efisiensi penggunaan cahaya dan nutrisi.
5. Risiko dan Pertimbangan
Penggunaan berlebihan dapat memengaruhi pertumbuhan tanaman secara negatif.
Perlu diperhatikan dosis yang tepat untuk menghindari efek samping.
6. Cara Aplikasi
Dapat diaplikasikan melalui daun (foliar spray) atau tanah (soil drench).
Pakolobutrazol merupakan alat penting dalam manajemen pertumbuhan tanaman, membantu petani dan pekebunan dalam menghasilkan tanaman yang lebih produktif dan sehat.

#Paklobutrazol
#HormonTanaman
#PengaturTumbuh
#PertanianBerkelanjutan
#TanamanSehat
#TanamanHias
#PertumbuhanOptimal
#AgrikulturModern
#Giberelin
#TanamanKomp","https://i.ytimg.com/vi/HAj9Y3QGEdE/hqdefault.jpg","Paklobutrazol: Solusi untuk Tanaman Kompak dan Produktif""","video","https://www.youtube.com/watch?v=HAj9Y3QGEdE","79"
"https://yt3.googleusercontent.com/YKA8p0zEJst4vyVousz8CVTDze6m3qIlfOaBPqxnwoyv_GBEYbYxl0ZHGsqCi8NBp3Y5Wj2Nlw=s160-c-k-c0x00ffffff-no-rj","https://yt3.googleusercontent.com/ZA5BWq2AUkHb5YE7G3QeWFPXCQjX6TBFB_eOlAqHoouuRQL-0HK3jtdoLx7kcrH7GGoQynScnNs=w2560-fcrop64=1,00005a57ffffa5a8-k-c0xffffffff-no-nd-rj","Welcome to the Petani Desa Mandiri Channel
We are a loyal friend to farmers and farming enthusiasts who want to expand their knowledge of the dynamic world of agriculture. Here, we bring you informative, inspiring and practical content to guide you through every aspect of farm life.

From innovative farming techniques to a guide to selecting the best seeds, we explore a variety of relevant topics to help you increase your yields and farm efficiency. This channel also provides reviews of the latest equipment, shares tips on land management, and provides the best solutions to challenges often faced by farmers.

We believe that sustainability and environmentally friendly farming practices are the key to a sustainable agricultural future. Therefore, we specifically highlight organic methods and green technologies that can improve the balance of agricultural ecosystems.","Facebook","https://www.facebook.com/PetaniDesaMandiri771","UCjQX6r71oYHPaxvHZ1clQZg","Dec 31, 2023","Indonesia","Petani Desa Mandiri","116","339685","https://www.youtube.com/channel/UCjQX6r71oYHPaxvHZ1clQZg",,"5","false","2024-09-18T11:02:05.000Z",,"https://www.facebook.com/PetaniDesaMa...","https://www.facebook.com/PetaniDesaMandiri771?mibextid=kFxxJD","#TanamanJagung","https://www.youtube.com/hashtag/tanamanjagung","#PerawatanJagung","https://www.youtube.com/hashtag/perawatanjagung","#CaraMenanamJagung","https://www.youtube.com/hashtag/caramenanamjagung","#TipsBertaniJagung","https://www.youtube.com/hashtag/tipsbertanijagung","#PanenJagungMelimpah","https://www.youtube.com/hashtag/panenjagungmelimpah","#JagungBerkualitas","https://www.youtube.com/hashtag/jagungberkualitas","#BudidayaJagung","https://www.youtube.com/hashtag/budidayajagung","#PemupukanJagung","https://www.youtube.com/hashtag/pemupukanjagung","#JagungPerkasa","https://www.youtube.com/hashtag/jagungperkasa","#PetaniJagung","https://www.youtube.com/hashtag/petanijagung","#TeknikRempelJagung","https://www.youtube.com/hashtag/teknikrempeljagung","#JagungIndonesia","https://www.youtube.com/hashtag/jagungindonesia","#HamaJagung","https://www.youtube.com/hashtag/hamajagung","#JagungSehat","https://www.youtube.com/hashtag/jagungsehat","#JagungOrganik","https://www.youtube.com/hashtag/jagungorganik","00:06:57","https://www.youtube.com/@PetaniDesaMandiri/videos","#PetaniJagung","#TanamanJagung","#PerawatanJagung","FzEGTR5WPWA",,"https://www.youtube.com/@PetaniDesaMandiri","false","false",,"5",,,"1640",,,"""Halo, Sahabat Tani Selamat datang kembali di channel saya. Kali ini, kita akan bahas apakah daun jagung perlu dirempel pada masa generatif, kapan waktu yang tepat, dan bagaimana cara melakukannya dengan benar. Yuk, simak sampai habis!""

""Pertanyaan yang sering muncul adalah, perlukah daun jagung dirempel saat tanaman sudah memasuki fase generatif? Jawabannya, iya, terutama pada usia 95 hingga 100 Hari Setelah Tanam (HST). Kenapa? Karena di fase ini, daun-daun bagian bawah mulai kehilangan fungsi fotosintesisnya, bahkan sebagian bisa menguning.""

Follow Facebook: https://www.facebook.com/PetaniDesaMa...

#TanamanJagung
#PerawatanJagung
#CaraMenanamJagung
#TipsBertaniJagung
#PanenJagungMelimpah
#JagungBerkualitas
#BudidayaJagung
#PemupukanJagung
#JagungPerkasa
#PetaniJagung
#TeknikRempelJagung
#JagungIndonesia
#HamaJagung
#JagungSehat
#JagungOrganik","https://i.ytimg.com/vi/FzEGTR5WPWA/hqdefault.jpg","‼️Kapan Waktu yang Tepat untuk Merempel Daun Jagung? Usia & Ciri-Ciri yang Harus Diperhatikan","video","https://www.youtube.com/watch?v=FzEGTR5WPWA","527"
"https://yt3.googleusercontent.com/YKA8p0zEJst4vyVousz8CVTDze6m3qIlfOaBPqxnwoyv_GBEYbYxl0ZHGsqCi8NBp3Y5Wj2Nlw=s160-c-k-c0x00ffffff-no-rj","https://yt3.googleusercontent.com/ZA5BWq2AUkHb5YE7G3QeWFPXCQjX6TBFB_eOlAqHoouuRQL-0HK3jtdoLx7kcrH7GGoQynScnNs=w2560-fcrop64=1,00005a57ffffa5a8-k-c0xffffffff-no-nd-rj","Welcome to the Petani Desa Mandiri Channel
We are a loyal friend to farmers and farming enthusiasts who want to expand their knowledge of the dynamic world of agriculture. Here, we bring you informative, inspiring and practical content to guide you through every aspect of farm life.

From innovative farming techniques to a guide to selecting the best seeds, we explore a variety of relevant topics to help you increase your yields and farm efficiency. This channel also provides reviews of the latest equipment, shares tips on land management, and provides the best solutions to challenges often faced by farmers.

We believe that sustainability and environmentally friendly farming practices are the key to a sustainable agricultural future. Therefore, we specifically highlight organic methods and green technologies that can improve the balance of agricultural ecosystems.","Facebook","https://www.facebook.com/PetaniDesaMandiri771","UCjQX6r71oYHPaxvHZ1clQZg","Dec 31, 2023","Indonesia","Petani Desa Mandiri","116","339685","https://www.youtube.com/channel/UCjQX6r71oYHPaxvHZ1clQZg",,"0",,"2024-09-29T00:00:00.000Z",,,,,,,,,,,,,,,,,,,,,,,,,,,,,,,,,,,"https://www.youtube.com/@PetaniDesaMandiri/shorts",,,,"ZKFts0S4kYQ",,"https://www.youtube.com/@PetaniDesaMandiri","false","false",,"16",,,"1640","17",,,"https://i.ytimg.com/vi/ZKFts0S4kYQ/oar2.jpg?sqp=-oaymwEdCJUDENAFSFWQAgHyq4qpAwwIARUAAIhCcAHAAQY=&rs=AOn4CLBiBW02zyHfk7sIVfX0Htp-P82vSw","Terus Belajarlah #katakatabijak #motivasi #katabijak #perawatanjagung","shorts","https://www.youtube.com/shorts/ZKFts0S4kYQ","508"
"https://yt3.googleusercontent.com/YKA8p0zEJst4vyVousz8CVTDze6m3qIlfOaBPqxnwoyv_GBEYbYxl0ZHGsqCi8NBp3Y5Wj2Nlw=s160-c-k-c0x00ffffff-no-rj","https://yt3.googleusercontent.com/ZA5BWq2AUkHb5YE7G3QeWFPXCQjX6TBFB_eOlAqHoouuRQL-0HK3jtdoLx7kcrH7GGoQynScnNs=w2560-fcrop64=1,00005a57ffffa5a8-k-c0xffffffff-no-nd-rj","Welcome to the Petani Desa Mandiri Channel
We are a loyal friend to farmers and farming enthusiasts who want to expand their knowledge of the dynamic world of agriculture. Here, we bring you informative, inspiring and practical content to guide you through every aspect of farm life.

From innovative farming techniques to a guide to selecting the best seeds, we explore a variety of relevant topics to help you increase your yields and farm efficiency. This channel also provides reviews of the latest equipment, shares tips on land management, and provides the best solutions to challenges often faced by farmers.

We believe that sustainability and environmentally friendly farming practices are the key to a sustainable agricultural future. Therefore, we specifically highlight organic methods and green technologies that can improve the balance of agricultural ecosystems.","Facebook","https://www.facebook.com/PetaniDesaMandiri771","UCjQX6r71oYHPaxvHZ1clQZg","Dec 31, 2023","Indonesia","Petani Desa Mandiri","116","339685","https://www.youtube.com/channel/UCjQX6r71oYHPaxvHZ1clQZg",,"4",,"2024-09-29T00:00:00.000Z",,,,,,,,,,,,,,,,,,,,,,,,,,,,,,,,,,,"https://www.youtube.com/@PetaniDesaMandiri/shorts",,,,"t65YeQ3WoO8",,"https://www.youtube.com/@PetaniDesaMandiri","false","false",,"72",,,"1640","18",,,"https://i.ytimg.com/vi/t65YeQ3WoO8/oardefault.jpg?sqp=-oaymwEdCJUDENAFSFWQAgHyq4qpAwwIARUAAIhCcAHAAQY=&rs=AOn4CLCLxo1c_HdjzLXyYXFRFuTd60UZgg","Bersyukur itu harus #motivation #motivasihidup #quotes #religion","shorts","https://www.youtube.com/shorts/t65YeQ3WoO8","4235"
"https://yt3.googleusercontent.com/YKA8p0zEJst4vyVousz8CVTDze6m3qIlfOaBPqxnwoyv_GBEYbYxl0ZHGsqCi8NBp3Y5Wj2Nlw=s160-c-k-c0x00ffffff-no-rj","https://yt3.googleusercontent.com/ZA5BWq2AUkHb5YE7G3QeWFPXCQjX6TBFB_eOlAqHoouuRQL-0HK3jtdoLx7kcrH7GGoQynScnNs=w2560-fcrop64=1,00005a57ffffa5a8-k-c0xffffffff-no-nd-rj","Welcome to the Petani Desa Mandiri Channel
We are a loyal friend to farmers and farming enthusiasts who want to expand their knowledge of the dynamic world of agriculture. Here, we bring you informative, inspiring and practical content to guide you through every aspect of farm life.

From innovative farming techniques to a guide to selecting the best seeds, we explore a variety of relevant topics to help you increase your yields and farm efficiency. This channel also provides reviews of the latest equipment, shares tips on land management, and provides the best solutions to challenges often faced by farmers.

We believe that sustainability and environmentally friendly farming practices are the key to a sustainable agricultural future. Therefore, we specifically highlight organic methods and green technologies that can improve the balance of agricultural ecosystems.","Facebook","https://www.facebook.com/PetaniDesaMandiri771","UCjQX6r71oYHPaxvHZ1clQZg","Dec 31, 2023","Indonesia","Petani Desa Mandiri","116","339685","https://www.youtube.com/channel/UCjQX6r71oYHPaxvHZ1clQZg",,"2",,"2024-09-29T00:00:00.000Z",,,,,,,,,,,,,,,,,,,,,,,,,,,,,,,,,,,"https://www.youtube.com/@PetaniDesaMandiri/shorts",,,,"AByIKIHmOEw",,"https://www.youtube.com/@PetaniDesaMandiri","false","false",,"13",,,"1640","19",,,"https://i.ytimg.com/vi/AByIKIHmOEw/oar2.jpg?sqp=-oaymwEdCJUDENAFSFWQAgHyq4qpAwwIARUAAIhCcAHAAQY=&rs=AOn4CLDcAgF9kiJ0ZQaDnNVytekFnSMfiQ","Hargai dirimu sendiri #motivasi #qoetes #katakatabijak #pemupukanjagung","shorts","https://www.youtube.com/shorts/AByIKIHmOEw","1055"
"https://yt3.googleusercontent.com/YKA8p0zEJst4vyVousz8CVTDze6m3qIlfOaBPqxnwoyv_GBEYbYxl0ZHGsqCi8NBp3Y5Wj2Nlw=s160-c-k-c0x00ffffff-no-rj","https://yt3.googleusercontent.com/ZA5BWq2AUkHb5YE7G3QeWFPXCQjX6TBFB_eOlAqHoouuRQL-0HK3jtdoLx7kcrH7GGoQynScnNs=w2560-fcrop64=1,00005a57ffffa5a8-k-c0xffffffff-no-nd-rj","Welcome to the Petani Desa Mandiri Channel
We are a loyal friend to farmers and farming enthusiasts who want to expand their knowledge of the dynamic world of agriculture. Here, we bring you informative, inspiring and practical content to guide you through every aspect of farm life.

From innovative farming techniques to a guide to selecting the best seeds, we explore a variety of relevant topics to help you increase your yields and farm efficiency. This channel also provides reviews of the latest equipment, shares tips on land management, and provides the best solutions to challenges often faced by farmers.

We believe that sustainability and environmentally friendly farming practices are the key to a sustainable agricultural future. Therefore, we specifically highlight organic methods and green technologies that can improve the balance of agricultural ecosystems.","Facebook","https://www.facebook.com/PetaniDesaMandiri771","UCjQX6r71oYHPaxvHZ1clQZg","Dec 31, 2023","Indonesia","Petani Desa Mandiri","116","339685","https://www.youtube.com/channel/UCjQX6r71oYHPaxvHZ1clQZg",,"0",,"2024-09-29T00:00:00.000Z",,,,,,,,,,,,,,,,,,,,,,,,,,,,,,,,,,,"https://www.youtube.com/@PetaniDesaMandiri/shorts",,,,"dGo1g0HNM9U",,"https://www.youtube.com/@PetaniDesaMandiri","false","false",,"6",,,"1640","16",,,"https://i.ytimg.com/vi/dGo1g0HNM9U/oar2.jpg?sqp=-oaymwEdCJUDENAFSFWQAgHyq4qpAwwIARUAAIhCcAHAAQY=&rs=AOn4CLAuHpusOooL4rCt7mhSoIcjqaJcIg","Sudah Ku ikhlaskan semua #love #music #motivasi #perawatanjagung #petanidesmandiri","shorts","https://www.youtube.com/shorts/dGo1g0HNM9U","465"
"https://yt3.googleusercontent.com/YKA8p0zEJst4vyVousz8CVTDze6m3qIlfOaBPqxnwoyv_GBEYbYxl0ZHGsqCi8NBp3Y5Wj2Nlw=s160-c-k-c0x00ffffff-no-rj","https://yt3.googleusercontent.com/ZA5BWq2AUkHb5YE7G3QeWFPXCQjX6TBFB_eOlAqHoouuRQL-0HK3jtdoLx7kcrH7GGoQynScnNs=w2560-fcrop64=1,00005a57ffffa5a8-k-c0xffffffff-no-nd-rj","Welcome to the Petani Desa Mandiri Channel
We are a loyal friend to farmers and farming enthusiasts who want to expand their knowledge of the dynamic world of agriculture. Here, we bring you informative, inspiring and practical content to guide you through every aspect of farm life.

From innovative farming techniques to a guide to selecting the best seeds, we explore a variety of relevant topics to help you increase your yields and farm efficiency. This channel also provides reviews of the latest equipment, shares tips on land management, and provides the best solutions to challenges often faced by farmers.

We believe that sustainability and environmentally friendly farming practices are the key to a sustainable agricultural future. Therefore, we specifically highlight organic methods and green technologies that can improve the balance of agricultural ecosystems.","Facebook","https://www.facebook.com/PetaniDesaMandiri771","UCjQX6r71oYHPaxvHZ1clQZg","Dec 31, 2023","Indonesia","Petani Desa Mandiri","116","339685","https://www.youtube.com/channel/UCjQX6r71oYHPaxvHZ1clQZg",,"0",,"2024-09-29T00:00:00.000Z",,,,,,,,,,,,,,,,,,,,,,,,,,,,,,,,,,,"https://www.youtube.com/@PetaniDesaMandiri/shorts",,,,"7rso8Kz0U4o",,"https://www.youtube.com/@PetaniDesaMandiri","false","false",,"21",,,"1640","14",,,"https://i.ytimg.com/vi/7rso8Kz0U4o/oardefault.jpg?sqp=-oaymwEdCJUDENAFSFWQAgHyq4qpAwwIARUAAIhCcAHAAQY=&rs=AOn4CLAhR5XicSzXHjl2mcmWawG4AQ3IXA","Yang miskin tetap miskin #kehidupan #motivasi #petanidesamandiri #petanipadi","shorts","https://www.youtube.com/shorts/7rso8Kz0U4o","2889"
"https://yt3.googleusercontent.com/YKA8p0zEJst4vyVousz8CVTDze6m3qIlfOaBPqxnwoyv_GBEYbYxl0ZHGsqCi8NBp3Y5Wj2Nlw=s160-c-k-c0x00ffffff-no-rj","https://yt3.googleusercontent.com/ZA5BWq2AUkHb5YE7G3QeWFPXCQjX6TBFB_eOlAqHoouuRQL-0HK3jtdoLx7kcrH7GGoQynScnNs=w2560-fcrop64=1,00005a57ffffa5a8-k-c0xffffffff-no-nd-rj","Welcome to the Petani Desa Mandiri Channel
We are a loyal friend to farmers and farming enthusiasts who want to expand their knowledge of the dynamic world of agriculture. Here, we bring you informative, inspiring and practical content to guide you through every aspect of farm life.

From innovative farming techniques to a guide to selecting the best seeds, we explore a variety of relevant topics to help you increase your yields and farm efficiency. This channel also provides reviews of the latest equipment, shares tips on land management, and provides the best solutions to challenges often faced by farmers.

We believe that sustainability and environmentally friendly farming practices are the key to a sustainable agricultural future. Therefore, we specifically highlight organic methods and green technologies that can improve the balance of agricultural ecosystems.","Facebook","https://www.facebook.com/PetaniDesaMandiri771","UCjQX6r71oYHPaxvHZ1clQZg","Dec 31, 2023","Indonesia","Petani Desa Mandiri","116","339685","https://www.youtube.com/channel/UCjQX6r71oYHPaxvHZ1clQZg",,"0",,"2024-09-29T00:00:00.000Z",,,,,,,,,,,,,,,,,,,,,,,,,,,,,,,,,,,"https://www.youtube.com/@PetaniDesaMandiri/shorts",,,,"aFfff4mcS1g",,"https://www.youtube.com/@PetaniDesaMandiri","false","false",,"8",,,"1640","13",,,"https://i.ytimg.com/vi/aFfff4mcS1g/oardefault.jpg?sqp=-oaymwEdCJUDENAFSFWQAgHyq4qpAwwIARUAAIhCcAHAAQY=&rs=AOn4CLAM5nWOSbUQxy_lycLUXuRrv1AOeA","saatnya melangitkan doa #motivasi #perawatanjagung #jagungperkasa #petanipadi","shorts","https://www.youtube.com/shorts/aFfff4mcS1g","479"
"https://yt3.googleusercontent.com/YKA8p0zEJst4vyVousz8CVTDze6m3qIlfOaBPqxnwoyv_GBEYbYxl0ZHGsqCi8NBp3Y5Wj2Nlw=s160-c-k-c0x00ffffff-no-rj","https://yt3.googleusercontent.com/ZA5BWq2AUkHb5YE7G3QeWFPXCQjX6TBFB_eOlAqHoouuRQL-0HK3jtdoLx7kcrH7GGoQynScnNs=w2560-fcrop64=1,00005a57ffffa5a8-k-c0xffffffff-no-nd-rj","Welcome to the Petani Desa Mandiri Channel
We are a loyal friend to farmers and farming enthusiasts who want to expand their knowledge of the dynamic world of agriculture. Here, we bring you informative, inspiring and practical content to guide you through every aspect of farm life.

From innovative farming techniques to a guide to selecting the best seeds, we explore a variety of relevant topics to help you increase your yields and farm efficiency. This channel also provides reviews of the latest equipment, shares tips on land management, and provides the best solutions to challenges often faced by farmers.

We believe that sustainability and environmentally friendly farming practices are the key to a sustainable agricultural future. Therefore, we specifically highlight organic methods and green technologies that can improve the balance of agricultural ecosystems.","Facebook","https://www.facebook.com/PetaniDesaMandiri771","UCjQX6r71oYHPaxvHZ1clQZg","Dec 31, 2023","Indonesia","Petani Desa Mandiri","116","339685","https://www.youtube.com/channel/UCjQX6r71oYHPaxvHZ1clQZg",,"0",,"2024-09-30T00:00:00.000Z",,,,,,,,,,,,,,,,,,,,,,,,,,,,,,,,,,,"https://www.youtube.com/@PetaniDesaMandiri/shorts",,,,"BA4GSKmJMog",,"https://www.youtube.com/@PetaniDesaMandiri","false","false",,"3",,,"1640","11",,,"https://i.ytimg.com/vi/BA4GSKmJMog/oar2.jpg?sqp=-oaymwEdCJUDENAFSFWQAgHyq4qpAwwIARUAAIhCcAHAAQY=&rs=AOn4CLA1SG6wXvD2kg3KwyQgNXJKsugv-w","Jangan berada ditempat yang kamu tidak diinginkan #motivasi #katabijak #katakatabijak #quates","shorts","https://www.youtube.com/shorts/BA4GSKmJMog","468"
"https://yt3.googleusercontent.com/YKA8p0zEJst4vyVousz8CVTDze6m3qIlfOaBPqxnwoyv_GBEYbYxl0ZHGsqCi8NBp3Y5Wj2Nlw=s160-c-k-c0x00ffffff-no-rj","https://yt3.googleusercontent.com/ZA5BWq2AUkHb5YE7G3QeWFPXCQjX6TBFB_eOlAqHoouuRQL-0HK3jtdoLx7kcrH7GGoQynScnNs=w2560-fcrop64=1,00005a57ffffa5a8-k-c0xffffffff-no-nd-rj","Welcome to the Petani Desa Mandiri Channel
We are a loyal friend to farmers and farming enthusiasts who want to expand their knowledge of the dynamic world of agriculture. Here, we bring you informative, inspiring and practical content to guide you through every aspect of farm life.

From innovative farming techniques to a guide to selecting the best seeds, we explore a variety of relevant topics to help you increase your yields and farm efficiency. This channel also provides reviews of the latest equipment, shares tips on land management, and provides the best solutions to challenges often faced by farmers.

We believe that sustainability and environmentally friendly farming practices are the key to a sustainable agricultural future. Therefore, we specifically highlight organic methods and green technologies that can improve the balance of agricultural ecosystems.","Facebook","https://www.facebook.com/PetaniDesaMandiri771","UCjQX6r71oYHPaxvHZ1clQZg","Dec 31, 2023","Indonesia","Petani Desa Mandiri","116","339685","https://www.youtube.com/channel/UCjQX6r71oYHPaxvHZ1clQZg",,"0",,"2024-09-30T00:00:00.000Z",,,,,,,,,,,,,,,,,,,,,,,,,,,,,,,,,,,"https://www.youtube.com/@PetaniDesaMandiri/shorts",,,,"PEdSn3vmzhs",,"https://www.youtube.com/@PetaniDesaMandiri","false","false",,"11",,,"1640","12",,,"https://i.ytimg.com/vi/PEdSn3vmzhs/oar2.jpg?sqp=-oaymwEdCJUDENAFSFWQAgHyq4qpAwwIARUAAIhCcAHAAQY=&rs=AOn4CLCW9wkF4Qc8NnLJK_6zYIAFIjZvDA","Jangan rubah dirimu #katamotivasibelajar #katakatamotivasibelajar #inspirasi #perawatanjagung","shorts","https://www.youtube.com/shorts/PEdSn3vmzhs","453"
"https://yt3.googleusercontent.com/YKA8p0zEJst4vyVousz8CVTDze6m3qIlfOaBPqxnwoyv_GBEYbYxl0ZHGsqCi8NBp3Y5Wj2Nlw=s160-c-k-c0x00ffffff-no-rj","https://yt3.googleusercontent.com/ZA5BWq2AUkHb5YE7G3QeWFPXCQjX6TBFB_eOlAqHoouuRQL-0HK3jtdoLx7kcrH7GGoQynScnNs=w2560-fcrop64=1,00005a57ffffa5a8-k-c0xffffffff-no-nd-rj","Welcome to the Petani Desa Mandiri Channel
We are a loyal friend to farmers and farming enthusiasts who want to expand their knowledge of the dynamic world of agriculture. Here, we bring you informative, inspiring and practical content to guide you through every aspect of farm life.

From innovative farming techniques to a guide to selecting the best seeds, we explore a variety of relevant topics to help you increase your yields and farm efficiency. This channel also provides reviews of the latest equipment, shares tips on land management, and provides the best solutions to challenges often faced by farmers.

We believe that sustainability and environmentally friendly farming practices are the key to a sustainable agricultural future. Therefore, we specifically highlight organic methods and green technologies that can improve the balance of agricultural ecosystems.","Facebook","https://www.facebook.com/PetaniDesaMandiri771","UCjQX6r71oYHPaxvHZ1clQZg","Dec 31, 2023","Indonesia","Petani Desa Mandiri","116","339685","https://www.youtube.com/channel/UCjQX6r71oYHPaxvHZ1clQZg",,"0",,"2024-09-30T22:00:27.000Z",,,,,,,,,,,,,,,,,,,,,,,,,,,,,,,,,,,"https://www.youtube.com/@PetaniDesaMandiri/shorts",,,,"gEUranmS2jU",,"https://www.youtube.com/@PetaniDesaMandiri","false","false",,"6",,,"1640","10",,,"https://i.ytimg.com/vi/gEUranmS2jU/oar2.jpg?sqp=-oaymwEdCJUDENAFSFWQAgHyq4qpAwwIARUAAIhCcAHAAQY=&rs=AOn4CLCdxK_fgtSgP4xsOyUBJyFM_0cCjQ","#kutipanmotivasi #memes #kutipaninspirasi #unik","shorts","https://www.youtube.com/shorts/gEUranmS2jU","614"
"https://yt3.googleusercontent.com/YKA8p0zEJst4vyVousz8CVTDze6m3qIlfOaBPqxnwoyv_GBEYbYxl0ZHGsqCi8NBp3Y5Wj2Nlw=s160-c-k-c0x00ffffff-no-rj","https://yt3.googleusercontent.com/ZA5BWq2AUkHb5YE7G3QeWFPXCQjX6TBFB_eOlAqHoouuRQL-0HK3jtdoLx7kcrH7GGoQynScnNs=w2560-fcrop64=1,00005a57ffffa5a8-k-c0xffffffff-no-nd-rj","Welcome to the Petani Desa Mandiri Channel
We are a loyal friend to farmers and farming enthusiasts who want to expand their knowledge of the dynamic world of agriculture. Here, we bring you informative, inspiring and practical content to guide you through every aspect of farm life.

From innovative farming techniques to a guide to selecting the best seeds, we explore a variety of relevant topics to help you increase your yields and farm efficiency. This channel also provides reviews of the latest equipment, shares tips on land management, and provides the best solutions to challenges often faced by farmers.

We believe that sustainability and environmentally friendly farming practices are the key to a sustainable agricultural future. Therefore, we specifically highlight organic methods and green technologies that can improve the balance of agricultural ecosystems.","Facebook","https://www.facebook.com/PetaniDesaMandiri771","UCjQX6r71oYHPaxvHZ1clQZg","Dec 31, 2023","Indonesia","Petani Desa Mandiri","116","339685","https://www.youtube.com/channel/UCjQX6r71oYHPaxvHZ1clQZg",,"2",,"2024-09-29T00:00:00.000Z",,,,,,,,,,,,,,,,,,,,,,,,,,,,,,,,,,,"https://www.youtube.com/@PetaniDesaMandiri/shorts",,,,"ho4xd4qYreU",,"https://www.youtube.com/@PetaniDesaMandiri","false","false",,"10",,,"1640","15",,,"https://i.ytimg.com/vi/ho4xd4qYreU/oardefault.jpg?sqp=-oaymwEdCJUDENAFSFWQAgHyq4qpAwwIARUAAIhCcAHAAQY=&rs=AOn4CLB2UyDoAotbGWNjPcWIZq5AE86ipw","Mungkin‼️ celana dalamnya sudah berjamur #motivation #petanidesamandiri #fyp","shorts","https://www.youtube.com/shorts/ho4xd4qYreU","1904"
"https://yt3.googleusercontent.com/YKA8p0zEJst4vyVousz8CVTDze6m3qIlfOaBPqxnwoyv_GBEYbYxl0ZHGsqCi8NBp3Y5Wj2Nlw=s160-c-k-c0x00ffffff-no-rj","https://yt3.googleusercontent.com/ZA5BWq2AUkHb5YE7G3QeWFPXCQjX6TBFB_eOlAqHoouuRQL-0HK3jtdoLx7kcrH7GGoQynScnNs=w2560-fcrop64=1,00005a57ffffa5a8-k-c0xffffffff-no-nd-rj","Welcome to the Petani Desa Mandiri Channel
We are a loyal friend to farmers and farming enthusiasts who want to expand their knowledge of the dynamic world of agriculture. Here, we bring you informative, inspiring and practical content to guide you through every aspect of farm life.

From innovative farming techniques to a guide to selecting the best seeds, we explore a variety of relevant topics to help you increase your yields and farm efficiency. This channel also provides reviews of the latest equipment, shares tips on land management, and provides the best solutions to challenges often faced by farmers.

We believe that sustainability and environmentally friendly farming practices are the key to a sustainable agricultural future. Therefore, we specifically highlight organic methods and green technologies that can improve the balance of agricultural ecosystems.","Facebook","https://www.facebook.com/PetaniDesaMandiri771","UCjQX6r71oYHPaxvHZ1clQZg","Dec 31, 2023","Indonesia","Petani Desa Mandiri","116","339685","https://www.youtube.com/channel/UCjQX6r71oYHPaxvHZ1clQZg",,"0",,"2024-09-30T23:00:31.000Z",,,,,,,,,,,,,,,,,,,,,,,,,,,,,,,,,,,"https://www.youtube.com/@PetaniDesaMandiri/shorts",,,,"Yj5mI_w4478",,"https://www.youtube.com/@PetaniDesaMandiri","false","false",,"6",,,"1640","9",,,"https://i.ytimg.com/vi/Yj5mI_w4478/oar2.jpg?sqp=-oaymwEdCJUDENAFSFWQAgHyq4qpAwwIARUAAIhCcAHAAQY=&rs=AOn4CLA3-pLDrHbPZ26qO9IdzWY9Z2Pi_g","Bacalah dirimu sendiri #motivasihidup #inspirasi #unik #katakatamotivasibelajar","shorts","https://www.youtube.com/shorts/Yj5mI_w4478","805"
"https://yt3.googleusercontent.com/YKA8p0zEJst4vyVousz8CVTDze6m3qIlfOaBPqxnwoyv_GBEYbYxl0ZHGsqCi8NBp3Y5Wj2Nlw=s160-c-k-c0x00ffffff-no-rj","https://yt3.googleusercontent.com/ZA5BWq2AUkHb5YE7G3QeWFPXCQjX6TBFB_eOlAqHoouuRQL-0HK3jtdoLx7kcrH7GGoQynScnNs=w2560-fcrop64=1,00005a57ffffa5a8-k-c0xffffffff-no-nd-rj","Welcome to the Petani Desa Mandiri Channel
We are a loyal friend to farmers and farming enthusiasts who want to expand their knowledge of the dynamic world of agriculture. Here, we bring you informative, inspiring and practical content to guide you through every aspect of farm life.

From innovative farming techniques to a guide to selecting the best seeds, we explore a variety of relevant topics to help you increase your yields and farm efficiency. This channel also provides reviews of the latest equipment, shares tips on land management, and provides the best solutions to challenges often faced by farmers.

We believe that sustainability and environmentally friendly farming practices are the key to a sustainable agricultural future. Therefore, we specifically highlight organic methods and green technologies that can improve the balance of agricultural ecosystems.","Facebook","https://www.facebook.com/PetaniDesaMandiri771","UCjQX6r71oYHPaxvHZ1clQZg","Dec 31, 2023","Indonesia","Petani Desa Mandiri","116","339685","https://www.youtube.com/channel/UCjQX6r71oYHPaxvHZ1clQZg",,"0",,"2024-09-30T00:00:00.000Z",,,,,,,,,,,,,,,,,,,,,,,,,,,,,,,,,,,"https://www.youtube.com/@PetaniDesaMandiri/shorts",,,,"aj-ztTALNq8",,"https://www.youtube.com/@PetaniDesaMandiri","false","false",,"27",,,"1640","8",,,"https://i.ytimg.com/vi/aj-ztTALNq8/oar2.jpg?sqp=-oaymwEdCJUDENAFSFWQAgHyq4qpAwwIARUAAIhCcAHAAQY=&rs=AOn4CLAcAx48soy7u13k-s0S9tWGU5aQEg","Jangan Membenci Pemberian Alloh #katakatabijak #katabijak #motivation #shortviral #quotesislami","shorts","https://www.youtube.com/shorts/aj-ztTALNq8","2104"
"https://yt3.googleusercontent.com/YKA8p0zEJst4vyVousz8CVTDze6m3qIlfOaBPqxnwoyv_GBEYbYxl0ZHGsqCi8NBp3Y5Wj2Nlw=s160-c-k-c0x00ffffff-no-rj","https://yt3.googleusercontent.com/ZA5BWq2AUkHb5YE7G3QeWFPXCQjX6TBFB_eOlAqHoouuRQL-0HK3jtdoLx7kcrH7GGoQynScnNs=w2560-fcrop64=1,00005a57ffffa5a8-k-c0xffffffff-no-nd-rj","Welcome to the Petani Desa Mandiri Channel
We are a loyal friend to farmers and farming enthusiasts who want to expand their knowledge of the dynamic world of agriculture. Here, we bring you informative, inspiring and practical content to guide you through every aspect of farm life.

From innovative farming techniques to a guide to selecting the best seeds, we explore a variety of relevant topics to help you increase your yields and farm efficiency. This channel also provides reviews of the latest equipment, shares tips on land management, and provides the best solutions to challenges often faced by farmers.

We believe that sustainability and environmentally friendly farming practices are the key to a sustainable agricultural future. Therefore, we specifically highlight organic methods and green technologies that can improve the balance of agricultural ecosystems.","Facebook","https://www.facebook.com/PetaniDesaMandiri771","UCjQX6r71oYHPaxvHZ1clQZg","Dec 31, 2023","Indonesia","Petani Desa Mandiri","116","339685","https://www.youtube.com/channel/UCjQX6r71oYHPaxvHZ1clQZg",,"0",,"2024-10-01T00:00:00.000Z",,,,,,,,,,,,,,,,,,,,,,,,,,,,,,,,,,,"https://www.youtube.com/@PetaniDesaMandiri/shorts",,,,"8zFH8c7Oa-Y",,"https://www.youtube.com/@PetaniDesaMandiri","false","false",,"11",,,"1640","7",,,"https://i.ytimg.com/vi/8zFH8c7Oa-Y/oardefault.jpg?sqp=-oaymwEdCJUDENAFSFWQAgHyq4qpAwwIARUAAIhCcAHAAQY=&rs=AOn4CLDO0sGLvuxDP1ac3uAGrfnzJr7Mnw","Yakinlah Kepada Alloh #motivation #katamotivasiislam #katakatamotivasiislam #katakatabijakislam","shorts","https://www.youtube.com/shorts/8zFH8c7Oa-Y","551"
"https://yt3.googleusercontent.com/YKA8p0zEJst4vyVousz8CVTDze6m3qIlfOaBPqxnwoyv_GBEYbYxl0ZHGsqCi8NBp3Y5Wj2Nlw=s160-c-k-c0x00ffffff-no-rj","https://yt3.googleusercontent.com/ZA5BWq2AUkHb5YE7G3QeWFPXCQjX6TBFB_eOlAqHoouuRQL-0HK3jtdoLx7kcrH7GGoQynScnNs=w2560-fcrop64=1,00005a57ffffa5a8-k-c0xffffffff-no-nd-rj","Welcome to the Petani Desa Mandiri Channel
We are a loyal friend to farmers and farming enthusiasts who want to expand their knowledge of the dynamic world of agriculture. Here, we bring you informative, inspiring and practical content to guide you through every aspect of farm life.

From innovative farming techniques to a guide to selecting the best seeds, we explore a variety of relevant topics to help you increase your yields and farm efficiency. This channel also provides reviews of the latest equipment, shares tips on land management, and provides the best solutions to challenges often faced by farmers.

We believe that sustainability and environmentally friendly farming practices are the key to a sustainable agricultural future. Therefore, we specifically highlight organic methods and green technologies that can improve the balance of agricultural ecosystems.","Facebook","https://www.facebook.com/PetaniDesaMandiri771","UCjQX6r71oYHPaxvHZ1clQZg","Dec 31, 2023","Indonesia","Petani Desa Mandiri","116","339685","https://www.youtube.com/channel/UCjQX6r71oYHPaxvHZ1clQZg",,"0",,"2024-10-01T00:00:00.000Z",,,,,,,,,,,,,,,,,,,,,,,,,,,,,,,,,,,"https://www.youtube.com/@PetaniDesaMandiri/shorts",,,,"4q3-jf1eS10",,"https://www.youtube.com/@PetaniDesaMandiri","false","false",,"0",,,"1640","5",,,"https://i.ytimg.com/vi/4q3-jf1eS10/oar2.jpg?sqp=-oaymwEdCJUDENAFSFWQAgHyq4qpAwwIARUAAIhCcAHAAQY=&rs=AOn4CLCToSeQmjyjNHwgaIRWjTKVaw0cnQ","Fokus ke gergajinya #gergajiserkelpiringan #gergaji_mesin_indonesia #gergaji_serkel_jalan","shorts","https://www.youtube.com/shorts/4q3-jf1eS10","452"
"https://yt3.googleusercontent.com/YKA8p0zEJst4vyVousz8CVTDze6m3qIlfOaBPqxnwoyv_GBEYbYxl0ZHGsqCi8NBp3Y5Wj2Nlw=s160-c-k-c0x00ffffff-no-rj","https://yt3.googleusercontent.com/ZA5BWq2AUkHb5YE7G3QeWFPXCQjX6TBFB_eOlAqHoouuRQL-0HK3jtdoLx7kcrH7GGoQynScnNs=w2560-fcrop64=1,00005a57ffffa5a8-k-c0xffffffff-no-nd-rj","Welcome to the Petani Desa Mandiri Channel
We are a loyal friend to farmers and farming enthusiasts who want to expand their knowledge of the dynamic world of agriculture. Here, we bring you informative, inspiring and practical content to guide you through every aspect of farm life.

From innovative farming techniques to a guide to selecting the best seeds, we explore a variety of relevant topics to help you increase your yields and farm efficiency. This channel also provides reviews of the latest equipment, shares tips on land management, and provides the best solutions to challenges often faced by farmers.

We believe that sustainability and environmentally friendly farming practices are the key to a sustainable agricultural future. Therefore, we specifically highlight organic methods and green technologies that can improve the balance of agricultural ecosystems.","Facebook","https://www.facebook.com/PetaniDesaMandiri771","UCjQX6r71oYHPaxvHZ1clQZg","Dec 31, 2023","Indonesia","Petani Desa Mandiri","116","339685","https://www.youtube.com/channel/UCjQX6r71oYHPaxvHZ1clQZg",,"2",,"2024-10-02T00:00:00.000Z",,,,,,,,,,,,,,,,,,,,,,,,,,,,,,,,,,,"https://www.youtube.com/@PetaniDesaMandiri/shorts",,,,"2YqRWU4O8pY",,"https://www.youtube.com/@PetaniDesaMandiri","false","false",,"19",,,"1640","2",,,"https://i.ytimg.com/vi/2YqRWU4O8pY/oar2.jpg?sqp=-oaymwEdCJUDENAFSFWQAgHyq4qpAwwIARUAAIhCcAHAAQY=&rs=AOn4CLA4ic8KwVut9J-bv2AT8_pVxQ3n1Q","Air tak selamanya keruh #motivasi #motivation #storywa #katakatabijak #motivasidiri","shorts","https://www.youtube.com/shorts/2YqRWU4O8pY","1022"
"https://yt3.googleusercontent.com/YKA8p0zEJst4vyVousz8CVTDze6m3qIlfOaBPqxnwoyv_GBEYbYxl0ZHGsqCi8NBp3Y5Wj2Nlw=s160-c-k-c0x00ffffff-no-rj","https://yt3.googleusercontent.com/ZA5BWq2AUkHb5YE7G3QeWFPXCQjX6TBFB_eOlAqHoouuRQL-0HK3jtdoLx7kcrH7GGoQynScnNs=w2560-fcrop64=1,00005a57ffffa5a8-k-c0xffffffff-no-nd-rj","Welcome to the Petani Desa Mandiri Channel
We are a loyal friend to farmers and farming enthusiasts who want to expand their knowledge of the dynamic world of agriculture. Here, we bring you informative, inspiring and practical content to guide you through every aspect of farm life.

From innovative farming techniques to a guide to selecting the best seeds, we explore a variety of relevant topics to help you increase your yields and farm efficiency. This channel also provides reviews of the latest equipment, shares tips on land management, and provides the best solutions to challenges often faced by farmers.

We believe that sustainability and environmentally friendly farming practices are the key to a sustainable agricultural future. Therefore, we specifically highlight organic methods and green technologies that can improve the balance of agricultural ecosystems.","Facebook","https://www.facebook.com/PetaniDesaMandiri771","UCjQX6r71oYHPaxvHZ1clQZg","Dec 31, 2023","Indonesia","Petani Desa Mandiri","116","339685","https://www.youtube.com/channel/UCjQX6r71oYHPaxvHZ1clQZg",,"0",,"2024-10-01T00:00:00.000Z",,,,,,,,,,,,,,,,,,,,,,,,,,,,,,,,,,,"https://www.youtube.com/@PetaniDesaMandiri/shorts",,,,"pgaM3nn8L44",,"https://www.youtube.com/@PetaniDesaMandiri","false","false",,"6",,,"1640","4",,,"https://i.ytimg.com/vi/pgaM3nn8L44/oar2.jpg?sqp=-oaymwEdCJUDENAFSFWQAgHyq4qpAwwIARUAAIhCcAHAAQY=&rs=AOn4CLCEGYpsZWZZ8QYfeVNaX87PLRVehA","Kayu Mangga Keras juga #mesinkayu #mesinpopuler #mesingergajikayu","shorts","https://www.youtube.com/shorts/pgaM3nn8L44","736"
"https://yt3.googleusercontent.com/YKA8p0zEJst4vyVousz8CVTDze6m3qIlfOaBPqxnwoyv_GBEYbYxl0ZHGsqCi8NBp3Y5Wj2Nlw=s160-c-k-c0x00ffffff-no-rj","https://yt3.googleusercontent.com/ZA5BWq2AUkHb5YE7G3QeWFPXCQjX6TBFB_eOlAqHoouuRQL-0HK3jtdoLx7kcrH7GGoQynScnNs=w2560-fcrop64=1,00005a57ffffa5a8-k-c0xffffffff-no-nd-rj","Welcome to the Petani Desa Mandiri Channel
We are a loyal friend to farmers and farming enthusiasts who want to expand their knowledge of the dynamic world of agriculture. Here, we bring you informative, inspiring and practical content to guide you through every aspect of farm life.

From innovative farming techniques to a guide to selecting the best seeds, we explore a variety of relevant topics to help you increase your yields and farm efficiency. This channel also provides reviews of the latest equipment, shares tips on land management, and provides the best solutions to challenges often faced by farmers.

We believe that sustainability and environmentally friendly farming practices are the key to a sustainable agricultural future. Therefore, we specifically highlight organic methods and green technologies that can improve the balance of agricultural ecosystems.","Facebook","https://www.facebook.com/PetaniDesaMandiri771","UCjQX6r71oYHPaxvHZ1clQZg","Dec 31, 2023","Indonesia","Petani Desa Mandiri","116","339685","https://www.youtube.com/channel/UCjQX6r71oYHPaxvHZ1clQZg",,"2",,"2024-10-02T00:00:00.000Z",,,,,,,,,,,,,,,,,,,,,,,,,,,,,,,,,,,"https://www.youtube.com/@PetaniDesaMandiri/shorts",,,,"qnvHSPSg1pQ",,"https://www.youtube.com/@PetaniDesaMandiri","false","false",,"29",,,"1640","3",,,"https://i.ytimg.com/vi/qnvHSPSg1pQ/oar2.jpg?sqp=-oaymwEdCJUDENAFSFWQAgHyq4qpAwwIARUAAIhCcAHAAQY=&rs=AOn4CLBiPoh1dj9MhG-cfS60ohBnHhMMkA","Perbanyak Istighfar #quotes #katabijak #motivasihidup #inspirasi #petanimuda","shorts","https://www.youtube.com/shorts/qnvHSPSg1pQ","1087"
"https://yt3.googleusercontent.com/YKA8p0zEJst4vyVousz8CVTDze6m3qIlfOaBPqxnwoyv_GBEYbYxl0ZHGsqCi8NBp3Y5Wj2Nlw=s160-c-k-c0x00ffffff-no-rj","https://yt3.googleusercontent.com/ZA5BWq2AUkHb5YE7G3QeWFPXCQjX6TBFB_eOlAqHoouuRQL-0HK3jtdoLx7kcrH7GGoQynScnNs=w2560-fcrop64=1,00005a57ffffa5a8-k-c0xffffffff-no-nd-rj","Welcome to the Petani Desa Mandiri Channel
We are a loyal friend to farmers and farming enthusiasts who want to expand their knowledge of the dynamic world of agriculture. Here, we bring you informative, inspiring and practical content to guide you through every aspect of farm life.

From innovative farming techniques to a guide to selecting the best seeds, we explore a variety of relevant topics to help you increase your yields and farm efficiency. This channel also provides reviews of the latest equipment, shares tips on land management, and provides the best solutions to challenges often faced by farmers.

We believe that sustainability and environmentally friendly farming practices are the key to a sustainable agricultural future. Therefore, we specifically highlight organic methods and green technologies that can improve the balance of agricultural ecosystems.","Facebook","https://www.facebook.com/PetaniDesaMandiri771","UCjQX6r71oYHPaxvHZ1clQZg","Dec 31, 2023","Indonesia","Petani Desa Mandiri","116","339685","https://www.youtube.com/channel/UCjQX6r71oYHPaxvHZ1clQZg",,"0",,"2024-10-02T05:43:52.000Z",,,,,,,,,,,,,,,,,,,,,,,,,,,,,,,,,,,"https://www.youtube.com/@PetaniDesaMandiri/shorts",,,,"rEsW-rozo-A",,"https://www.youtube.com/@PetaniDesaMandiri","false","false",,"7",,,"1640","6",,,"https://i.ytimg.com/vi/rEsW-rozo-A/oar2.jpg?sqp=-oaymwEdCJUDENAFSFWQAgHyq4qpAwwIARUAAIhCcAHAAQY=&rs=AOn4CLAF6ArnsItuC6kJZMmJrFKbGrYrhg","Gerjaji Mesin Agak Maksa #alatperkebunan #alatberat #sandsatisfying","shorts","https://www.youtube.com/shorts/rEsW-rozo-A","868"
"https://yt3.googleusercontent.com/YKA8p0zEJst4vyVousz8CVTDze6m3qIlfOaBPqxnwoyv_GBEYbYxl0ZHGsqCi8NBp3Y5Wj2Nlw=s160-c-k-c0x00ffffff-no-rj","https://yt3.googleusercontent.com/ZA5BWq2AUkHb5YE7G3QeWFPXCQjX6TBFB_eOlAqHoouuRQL-0HK3jtdoLx7kcrH7GGoQynScnNs=w2560-fcrop64=1,00005a57ffffa5a8-k-c0xffffffff-no-nd-rj","Welcome to the Petani Desa Mandiri Channel
We are a loyal friend to farmers and farming enthusiasts who want to expand their knowledge of the dynamic world of agriculture. Here, we bring you informative, inspiring and practical content to guide you through every aspect of farm life.

From innovative farming techniques to a guide to selecting the best seeds, we explore a variety of relevant topics to help you increase your yields and farm efficiency. This channel also provides reviews of the latest equipment, shares tips on land management, and provides the best solutions to challenges often faced by farmers.

We believe that sustainability and environmentally friendly farming practices are the key to a sustainable agricultural future. Therefore, we specifically highlight organic methods and green technologies that can improve the balance of agricultural ecosystems.","Facebook","https://www.facebook.com/PetaniDesaMandiri771","UCjQX6r71oYHPaxvHZ1clQZg","Dec 31, 2023","Indonesia","Petani Desa Mandiri","116","339685","https://www.youtube.com/channel/UCjQX6r71oYHPaxvHZ1clQZg",,"0",,"2024-10-02T00:00:00.000Z",,,,,,,,,,,,,,,,,,,,,,,,,,,,,,,,,,,"https://www.youtube.com/@PetaniDesaMandiri/shorts",,,,"JI2lDOgHkmM",,"https://www.youtube.com/@PetaniDesaMandiri","false","false",,"7",,,"1640","1",,,"https://i.ytimg.com/vi/JI2lDOgHkmM/oar2.jpg?sqp=-oaymwEdCJUDENAFSFWQAgHyq4qpAwwIARUAAIhCcAHAAQY=&rs=AOn4CLDfsqUgkCd_kf_ig0sYTq9aAsng4Q","Pentingnya Makan #katamotivasiislam #motivasi #katakatamotivasiislam","shorts","https://www.youtube.com/shorts/JI2lDOgHkmM","507"
"https://yt3.googleusercontent.com/YKA8p0zEJst4vyVousz8CVTDze6m3qIlfOaBPqxnwoyv_GBEYbYxl0ZHGsqCi8NBp3Y5Wj2Nlw=s160-c-k-c0x00ffffff-no-rj","https://yt3.googleusercontent.com/ZA5BWq2AUkHb5YE7G3QeWFPXCQjX6TBFB_eOlAqHoouuRQL-0HK3jtdoLx7kcrH7GGoQynScnNs=w2560-fcrop64=1,00005a57ffffa5a8-k-c0xffffffff-no-nd-rj","Welcome to the Petani Desa Mandiri Channel
We are a loyal friend to farmers and farming enthusiasts who want to expand their knowledge of the dynamic world of agriculture. Here, we bring you informative, inspiring and practical content to guide you through every aspect of farm life.

From innovative farming techniques to a guide to selecting the best seeds, we explore a variety of relevant topics to help you increase your yields and farm efficiency. This channel also provides reviews of the latest equipment, shares tips on land management, and provides the best solutions to challenges often faced by farmers.

We believe that sustainability and environmentally friendly farming practices are the key to a sustainable agricultural future. Therefore, we specifically highlight organic methods and green technologies that can improve the balance of agricultural ecosystems.","Facebook","https://www.facebook.com/PetaniDesaMandiri771","UCjQX6r71oYHPaxvHZ1clQZg","Dec 31, 2023","Indonesia","Petani Desa Mandiri","116","339685","https://www.youtube.com/channel/UCjQX6r71oYHPaxvHZ1clQZg",,"0",,"2024-10-02T00:00:00.000Z",,,,,,,,,,,,,,,,,,,,,,,,,,,,,,,,,,,"https://www.youtube.com/@PetaniDesaMandiri/shorts",,,,"gd8kGavIf3M",,"https://www.youtube.com/@PetaniDesaMandiri","false","false",,"8",,,"1640","0",,,"https://i.ytimg.com/vi/gd8kGavIf3M/oar2.jpg?sqp=-oaymwEdCJUDENAFSFWQAgHyq4qpAwwIARUAAIhCcAHAAQY=&rs=AOn4CLBayacBZ7UBsHUBuUm5tAjM7bpgCA","Jaga Aklhaq dan Moralmu #petanimuda #quoetepetani #motivasi #motivation","shorts","https://www.youtube.com/shorts/gd8kGavIf3M","627"
"https://yt3.googleusercontent.com/YKA8p0zEJst4vyVousz8CVTDze6m3qIlfOaBPqxnwoyv_GBEYbYxl0ZHGsqCi8NBp3Y5Wj2Nlw=s160-c-k-c0x00ffffff-no-rj","https://yt3.googleusercontent.com/ZA5BWq2AUkHb5YE7G3QeWFPXCQjX6TBFB_eOlAqHoouuRQL-0HK3jtdoLx7kcrH7GGoQynScnNs=w2560-fcrop64=1,00005a57ffffa5a8-k-c0xffffffff-no-nd-rj","Welcome to the Petani Desa Mandiri Channel
We are a loyal friend to farmers and farming enthusiasts who want to expand their knowledge of the dynamic world of agriculture. Here, we bring you informative, inspiring and practical content to guide you through every aspect of farm life.

From innovative farming techniques to a guide to selecting the best seeds, we explore a variety of relevant topics to help you increase your yields and farm efficiency. This channel also provides reviews of the latest equipment, shares tips on land management, and provides the best solutions to challenges often faced by farmers.

We believe that sustainability and environmentally friendly farming practices are the key to a sustainable agricultural future. Therefore, we specifically highlight organic methods and green technologies that can improve the balance of agricultural ecosystems.","Facebook","https://www.facebook.com/PetaniDesaMandiri771","UCjQX6r71oYHPaxvHZ1clQZg","Dec 31, 2023","Indonesia","Petani Desa Mandiri","116","339685","https://www.youtube.com/channel/UCjQX6r71oYHPaxvHZ1clQZg",,"0",,"2024-09-17T00:00:00.000Z",,,,,,,,,,,,,,,,,,,,,,,,,,,,,,,,,,,"https://www.youtube.com/@PetaniDesaMandiri/shorts",,,,"AbuxrzUv5iY",,"https://www.youtube.com/@PetaniDesaMandiri","false","false",,"4",,,"1640","39",,,"https://i.ytimg.com/vi/AbuxrzUv5iY/oardefault.jpg?sqp=-oaymwEdCJUDENAFSFWQAgHyq4qpAwwIARUAAIhCcAHAAQY=&rs=AOn4CLA6NejfE8QB2HLvt3Nr49GMFWRP8w","Ini dia Jagung NK PERKASA USIA 72 HST #budidayajagung #pertanian #banggajadipetani","shorts","https://www.youtube.com/shorts/AbuxrzUv5iY","536"
"https://yt3.googleusercontent.com/YKA8p0zEJst4vyVousz8CVTDze6m3qIlfOaBPqxnwoyv_GBEYbYxl0ZHGsqCi8NBp3Y5Wj2Nlw=s160-c-k-c0x00ffffff-no-rj","https://yt3.googleusercontent.com/ZA5BWq2AUkHb5YE7G3QeWFPXCQjX6TBFB_eOlAqHoouuRQL-0HK3jtdoLx7kcrH7GGoQynScnNs=w2560-fcrop64=1,00005a57ffffa5a8-k-c0xffffffff-no-nd-rj","Welcome to the Petani Desa Mandiri Channel
We are a loyal friend to farmers and farming enthusiasts who want to expand their knowledge of the dynamic world of agriculture. Here, we bring you informative, inspiring and practical content to guide you through every aspect of farm life.

From innovative farming techniques to a guide to selecting the best seeds, we explore a variety of relevant topics to help you increase your yields and farm efficiency. This channel also provides reviews of the latest equipment, shares tips on land management, and provides the best solutions to challenges often faced by farmers.

We believe that sustainability and environmentally friendly farming practices are the key to a sustainable agricultural future. Therefore, we specifically highlight organic methods and green technologies that can improve the balance of agricultural ecosystems.","Facebook","https://www.facebook.com/PetaniDesaMandiri771","UCjQX6r71oYHPaxvHZ1clQZg","Dec 31, 2023","Indonesia","Petani Desa Mandiri","116","339685","https://www.youtube.com/channel/UCjQX6r71oYHPaxvHZ1clQZg",,"1",,"2024-09-16T00:00:00.000Z",,,,,,,,,,,,,,,,,,,,,,,,,,,,,,,,,,,"https://www.youtube.com/@PetaniDesaMandiri/shorts",,,,"q_y1yaGq7KM",,"https://www.youtube.com/@PetaniDesaMandiri","false","false",,"8",,,"1640","40",,"Cara Menanam Jagung
Budidaya Jagung untuk Pemula
Panen Jagung Cepat dan Mudah
Teknik Bertani Jagung yang Menguntungkan
Petani Jagung Sukses
Cara Meningkatkan Hasil Panen Jagung
Jenis Jagung yang Cocok untuk Ditanam
Tips Bertani Jagung
Jagung Hibrida vs Jagung Lokal
Proses Menanam hingga Panen Jagung

#BudidayaJagung
#TanamanJagung
#CaraMenanamJagung
#JagungSehat
#PetaniJagung
#PanenJagung
#JagungIndonesia
#PertanianJagung
#JagungOrganik
#TipsMenanamJagung","https://i.ytimg.com/vi/q_y1yaGq7KM/oardefault.jpg?sqp=-oaymwEdCJUDENAFSFWQAgHyq4qpAwwIARUAAIhCcAHAAQY=&rs=AOn4CLBfIT_TRlD9XQbksiBwybb3t39W8A","Usia 72 hst","shorts","https://www.youtube.com/shorts/q_y1yaGq7KM","3704"
"https://yt3.googleusercontent.com/YKA8p0zEJst4vyVousz8CVTDze6m3qIlfOaBPqxnwoyv_GBEYbYxl0ZHGsqCi8NBp3Y5Wj2Nlw=s160-c-k-c0x00ffffff-no-rj","https://yt3.googleusercontent.com/ZA5BWq2AUkHb5YE7G3QeWFPXCQjX6TBFB_eOlAqHoouuRQL-0HK3jtdoLx7kcrH7GGoQynScnNs=w2560-fcrop64=1,00005a57ffffa5a8-k-c0xffffffff-no-nd-rj","Welcome to the Petani Desa Mandiri Channel
We are a loyal friend to farmers and farming enthusiasts who want to expand their knowledge of the dynamic world of agriculture. Here, we bring you informative, inspiring and practical content to guide you through every aspect of farm life.

From innovative farming techniques to a guide to selecting the best seeds, we explore a variety of relevant topics to help you increase your yields and farm efficiency. This channel also provides reviews of the latest equipment, shares tips on land management, and provides the best solutions to challenges often faced by farmers.

We believe that sustainability and environmentally friendly farming practices are the key to a sustainable agricultural future. Therefore, we specifically highlight organic methods and green technologies that can improve the balance of agricultural ecosystems.","Facebook","https://www.facebook.com/PetaniDesaMandiri771","UCjQX6r71oYHPaxvHZ1clQZg","Dec 31, 2023","Indonesia","Petani Desa Mandiri","116","339685","https://www.youtube.com/channel/UCjQX6r71oYHPaxvHZ1clQZg",,"0",,"2024-09-14T04:56:04.000Z",,,,,,,,,,,,,,,,,,,,,,,,,,,,,,,,,,,"https://www.youtube.com/@PetaniDesaMandiri/shorts",,,,"aDQMO0DDL5g",,"https://www.youtube.com/@PetaniDesaMandiri","false","false",,"36",,,"1640","41",,,"https://i.ytimg.com/vi/aDQMO0DDL5g/oar2.jpg?sqp=-oaymwEdCJUDENAFSFWQAgHyq4qpAwwIARUAAIhCcAHAAQY=&rs=AOn4CLAVE7tcq4JdSL9cdwLOEZgt0H-8Kw","14 September 2024","shorts","https://www.youtube.com/shorts/aDQMO0DDL5g","9536"
"https://yt3.googleusercontent.com/YKA8p0zEJst4vyVousz8CVTDze6m3qIlfOaBPqxnwoyv_GBEYbYxl0ZHGsqCi8NBp3Y5Wj2Nlw=s160-c-k-c0x00ffffff-no-rj","https://yt3.googleusercontent.com/ZA5BWq2AUkHb5YE7G3QeWFPXCQjX6TBFB_eOlAqHoouuRQL-0HK3jtdoLx7kcrH7GGoQynScnNs=w2560-fcrop64=1,00005a57ffffa5a8-k-c0xffffffff-no-nd-rj","Welcome to the Petani Desa Mandiri Channel
We are a loyal friend to farmers and farming enthusiasts who want to expand their knowledge of the dynamic world of agriculture. Here, we bring you informative, inspiring and practical content to guide you through every aspect of farm life.

From innovative farming techniques to a guide to selecting the best seeds, we explore a variety of relevant topics to help you increase your yields and farm efficiency. This channel also provides reviews of the latest equipment, shares tips on land management, and provides the best solutions to challenges often faced by farmers.

We believe that sustainability and environmentally friendly farming practices are the key to a sustainable agricultural future. Therefore, we specifically highlight organic methods and green technologies that can improve the balance of agricultural ecosystems.","Facebook","https://www.facebook.com/PetaniDesaMandiri771","UCjQX6r71oYHPaxvHZ1clQZg","Dec 31, 2023","Indonesia","Petani Desa Mandiri","116","339685","https://www.youtube.com/channel/UCjQX6r71oYHPaxvHZ1clQZg",,"2",,"2024-09-18T00:00:00.000Z",,,,,,,,,,,,,,,,,,,,,,,,,,,,,,,,,,,"https://www.youtube.com/@PetaniDesaMandiri/shorts",,,,"tMx-_aFdhEY",,"https://www.youtube.com/@PetaniDesaMandiri","false","false",,"25",,,"1640","38",,,"https://i.ytimg.com/vi/tMx-_aFdhEY/oardefault.jpg?sqp=-oaymwEdCJUDENAFSFWQAgHyq4qpAwwIARUAAIhCcAHAAQY=&rs=AOn4CLBq50C39f6FPRrXt_sN72yUFWcZPg","Jagung Nk Perkasa #caramenanamjagung #ulatjagung #pertanian","shorts","https://www.youtube.com/shorts/tMx-_aFdhEY","5611"
"https://yt3.googleusercontent.com/YKA8p0zEJst4vyVousz8CVTDze6m3qIlfOaBPqxnwoyv_GBEYbYxl0ZHGsqCi8NBp3Y5Wj2Nlw=s160-c-k-c0x00ffffff-no-rj","https://yt3.googleusercontent.com/ZA5BWq2AUkHb5YE7G3QeWFPXCQjX6TBFB_eOlAqHoouuRQL-0HK3jtdoLx7kcrH7GGoQynScnNs=w2560-fcrop64=1,00005a57ffffa5a8-k-c0xffffffff-no-nd-rj","Welcome to the Petani Desa Mandiri Channel
We are a loyal friend to farmers and farming enthusiasts who want to expand their knowledge of the dynamic world of agriculture. Here, we bring you informative, inspiring and practical content to guide you through every aspect of farm life.

From innovative farming techniques to a guide to selecting the best seeds, we explore a variety of relevant topics to help you increase your yields and farm efficiency. This channel also provides reviews of the latest equipment, shares tips on land management, and provides the best solutions to challenges often faced by farmers.

We believe that sustainability and environmentally friendly farming practices are the key to a sustainable agricultural future. Therefore, we specifically highlight organic methods and green technologies that can improve the balance of agricultural ecosystems.","Facebook","https://www.facebook.com/PetaniDesaMandiri771","UCjQX6r71oYHPaxvHZ1clQZg","Dec 31, 2023","Indonesia","Petani Desa Mandiri","116","339685","https://www.youtube.com/channel/UCjQX6r71oYHPaxvHZ1clQZg",,"0",,"2024-09-19T00:00:00.000Z",,,,,,,,,,,,,,,,,,,,,,,,,,,,,,,,,,,"https://www.youtube.com/@PetaniDesaMandiri/shorts",,,,"qlXtTt5Ecq4",,"https://www.youtube.com/@PetaniDesaMandiri","false","false",,"1",,,"1640","37",,,"https://i.ytimg.com/vi/qlXtTt5Ecq4/oar2.jpg?sqp=-oaymwEdCJUDENAFSFWQAgHyq4qpAwwIARUAAIhCcAHAAQY=&rs=AOn4CLDWrymv0-hpDtI0BbqrzV7WISKiCQ","19 September 2024","shorts","https://www.youtube.com/shorts/qlXtTt5Ecq4","198"
"https://yt3.googleusercontent.com/YKA8p0zEJst4vyVousz8CVTDze6m3qIlfOaBPqxnwoyv_GBEYbYxl0ZHGsqCi8NBp3Y5Wj2Nlw=s160-c-k-c0x00ffffff-no-rj","https://yt3.googleusercontent.com/ZA5BWq2AUkHb5YE7G3QeWFPXCQjX6TBFB_eOlAqHoouuRQL-0HK3jtdoLx7kcrH7GGoQynScnNs=w2560-fcrop64=1,00005a57ffffa5a8-k-c0xffffffff-no-nd-rj","Welcome to the Petani Desa Mandiri Channel
We are a loyal friend to farmers and farming enthusiasts who want to expand their knowledge of the dynamic world of agriculture. Here, we bring you informative, inspiring and practical content to guide you through every aspect of farm life.

From innovative farming techniques to a guide to selecting the best seeds, we explore a variety of relevant topics to help you increase your yields and farm efficiency. This channel also provides reviews of the latest equipment, shares tips on land management, and provides the best solutions to challenges often faced by farmers.

We believe that sustainability and environmentally friendly farming practices are the key to a sustainable agricultural future. Therefore, we specifically highlight organic methods and green technologies that can improve the balance of agricultural ecosystems.","Facebook","https://www.facebook.com/PetaniDesaMandiri771","UCjQX6r71oYHPaxvHZ1clQZg","Dec 31, 2023","Indonesia","Petani Desa Mandiri","116","339685","https://www.youtube.com/channel/UCjQX6r71oYHPaxvHZ1clQZg",,"0",,"2024-09-20T00:00:00.000Z",,,,,,,,,,,,,,,,,,,,,,,,,,,,,,,,,,,"https://www.youtube.com/@PetaniDesaMandiri/shorts",,,,"9biWdHfQ-iw",,"https://www.youtube.com/@PetaniDesaMandiri","false","false",,"5",,,"1640","35",,,"https://i.ytimg.com/vi/9biWdHfQ-iw/oardefault.jpg?sqp=-oaymwEdCJUDENAFSFWQAgHyq4qpAwwIARUAAIhCcAHAAQY=&rs=AOn4CLA5pyGhfp9Il_TulLXsReCtdlclMw","Jagung Nk Perkasa #pertanian #ulatjagung #farming #agriculture #banggajadipetani","shorts","https://www.youtube.com/shorts/9biWdHfQ-iw","1581"
"https://yt3.googleusercontent.com/YKA8p0zEJst4vyVousz8CVTDze6m3qIlfOaBPqxnwoyv_GBEYbYxl0ZHGsqCi8NBp3Y5Wj2Nlw=s160-c-k-c0x00ffffff-no-rj","https://yt3.googleusercontent.com/ZA5BWq2AUkHb5YE7G3QeWFPXCQjX6TBFB_eOlAqHoouuRQL-0HK3jtdoLx7kcrH7GGoQynScnNs=w2560-fcrop64=1,00005a57ffffa5a8-k-c0xffffffff-no-nd-rj","Welcome to the Petani Desa Mandiri Channel
We are a loyal friend to farmers and farming enthusiasts who want to expand their knowledge of the dynamic world of agriculture. Here, we bring you informative, inspiring and practical content to guide you through every aspect of farm life.

From innovative farming techniques to a guide to selecting the best seeds, we explore a variety of relevant topics to help you increase your yields and farm efficiency. This channel also provides reviews of the latest equipment, shares tips on land management, and provides the best solutions to challenges often faced by farmers.

We believe that sustainability and environmentally friendly farming practices are the key to a sustainable agricultural future. Therefore, we specifically highlight organic methods and green technologies that can improve the balance of agricultural ecosystems.","Facebook","https://www.facebook.com/PetaniDesaMandiri771","UCjQX6r71oYHPaxvHZ1clQZg","Dec 31, 2023","Indonesia","Petani Desa Mandiri","116","339685","https://www.youtube.com/channel/UCjQX6r71oYHPaxvHZ1clQZg",,"1",,"2024-09-20T00:00:00.000Z",,,,,,,,,,,,,,,,,,,,,,,,,,,,,,,,,,,"https://www.youtube.com/@PetaniDesaMandiri/shorts",,,,"tlq-KJbO-RU",,"https://www.youtube.com/@PetaniDesaMandiri","false","false",,"27",,,"1640","36",,,"https://i.ytimg.com/vi/tlq-KJbO-RU/oar2.jpg?sqp=-oaymwEdCJUDENAFSFWQAgHyq4qpAwwIARUAAIhCcAHAAQY=&rs=AOn4CLAf2hvXg2KVVuZSXwZlOkkO7VyQ9w","21 September 2024","shorts","https://www.youtube.com/shorts/tlq-KJbO-RU","9235"
"https://yt3.googleusercontent.com/YKA8p0zEJst4vyVousz8CVTDze6m3qIlfOaBPqxnwoyv_GBEYbYxl0ZHGsqCi8NBp3Y5Wj2Nlw=s160-c-k-c0x00ffffff-no-rj","https://yt3.googleusercontent.com/ZA5BWq2AUkHb5YE7G3QeWFPXCQjX6TBFB_eOlAqHoouuRQL-0HK3jtdoLx7kcrH7GGoQynScnNs=w2560-fcrop64=1,00005a57ffffa5a8-k-c0xffffffff-no-nd-rj","Welcome to the Petani Desa Mandiri Channel
We are a loyal friend to farmers and farming enthusiasts who want to expand their knowledge of the dynamic world of agriculture. Here, we bring you informative, inspiring and practical content to guide you through every aspect of farm life.

From innovative farming techniques to a guide to selecting the best seeds, we explore a variety of relevant topics to help you increase your yields and farm efficiency. This channel also provides reviews of the latest equipment, shares tips on land management, and provides the best solutions to challenges often faced by farmers.

We believe that sustainability and environmentally friendly farming practices are the key to a sustainable agricultural future. Therefore, we specifically highlight organic methods and green technologies that can improve the balance of agricultural ecosystems.","Facebook","https://www.facebook.com/PetaniDesaMandiri771","UCjQX6r71oYHPaxvHZ1clQZg","Dec 31, 2023","Indonesia","Petani Desa Mandiri","116","339685","https://www.youtube.com/channel/UCjQX6r71oYHPaxvHZ1clQZg",,"3",,"2024-09-21T00:00:00.000Z",,,,,,,,,,,,,,,,,,,,,,,,,,,,,,,,,,,"https://www.youtube.com/@PetaniDesaMandiri/shorts",,,,"qDtKeG77mVs",,"https://www.youtube.com/@PetaniDesaMandiri","false","false",,"3",,,"1640","34",,,"https://i.ytimg.com/vi/qDtKeG77mVs/oar2.jpg?sqp=-oaymwEdCJUDENAFSFWQAgHyq4qpAwwIARUAAIhCcAHAAQY=&rs=AOn4CLAZ-DoH9IpYo97VDQeScim_rEfPPQ","21 September 2024","shorts","https://www.youtube.com/shorts/qDtKeG77mVs","458"
"https://yt3.googleusercontent.com/YKA8p0zEJst4vyVousz8CVTDze6m3qIlfOaBPqxnwoyv_GBEYbYxl0ZHGsqCi8NBp3Y5Wj2Nlw=s160-c-k-c0x00ffffff-no-rj","https://yt3.googleusercontent.com/ZA5BWq2AUkHb5YE7G3QeWFPXCQjX6TBFB_eOlAqHoouuRQL-0HK3jtdoLx7kcrH7GGoQynScnNs=w2560-fcrop64=1,00005a57ffffa5a8-k-c0xffffffff-no-nd-rj","Welcome to the Petani Desa Mandiri Channel
We are a loyal friend to farmers and farming enthusiasts who want to expand their knowledge of the dynamic world of agriculture. Here, we bring you informative, inspiring and practical content to guide you through every aspect of farm life.

From innovative farming techniques to a guide to selecting the best seeds, we explore a variety of relevant topics to help you increase your yields and farm efficiency. This channel also provides reviews of the latest equipment, shares tips on land management, and provides the best solutions to challenges often faced by farmers.

We believe that sustainability and environmentally friendly farming practices are the key to a sustainable agricultural future. Therefore, we specifically highlight organic methods and green technologies that can improve the balance of agricultural ecosystems.","Facebook","https://www.facebook.com/PetaniDesaMandiri771","UCjQX6r71oYHPaxvHZ1clQZg","Dec 31, 2023","Indonesia","Petani Desa Mandiri","116","339685","https://www.youtube.com/channel/UCjQX6r71oYHPaxvHZ1clQZg",,"2",,"2024-09-25T00:00:00.000Z",,,,,,,,,,,,,,,,,,,,,,,,,,,,,,,,,,,"https://www.youtube.com/@PetaniDesaMandiri/shorts",,,,"5oa_jH8GLdY",,"https://www.youtube.com/@PetaniDesaMandiri","false","false",,"8",,,"1640","32",,,"https://i.ytimg.com/vi/5oa_jH8GLdY/oar2.jpg?sqp=-oaymwEdCJUDENAFSFWQAgHyq4qpAwwIARUAAIhCcAHAAQY=&rs=AOn4CLBjU097nNfVEzBiYR7B2zAovyJeOA","25 September 2024","shorts","https://www.youtube.com/shorts/5oa_jH8GLdY","983"
"https://yt3.googleusercontent.com/YKA8p0zEJst4vyVousz8CVTDze6m3qIlfOaBPqxnwoyv_GBEYbYxl0ZHGsqCi8NBp3Y5Wj2Nlw=s160-c-k-c0x00ffffff-no-rj","https://yt3.googleusercontent.com/ZA5BWq2AUkHb5YE7G3QeWFPXCQjX6TBFB_eOlAqHoouuRQL-0HK3jtdoLx7kcrH7GGoQynScnNs=w2560-fcrop64=1,00005a57ffffa5a8-k-c0xffffffff-no-nd-rj","Welcome to the Petani Desa Mandiri Channel
We are a loyal friend to farmers and farming enthusiasts who want to expand their knowledge of the dynamic world of agriculture. Here, we bring you informative, inspiring and practical content to guide you through every aspect of farm life.

From innovative farming techniques to a guide to selecting the best seeds, we explore a variety of relevant topics to help you increase your yields and farm efficiency. This channel also provides reviews of the latest equipment, shares tips on land management, and provides the best solutions to challenges often faced by farmers.

We believe that sustainability and environmentally friendly farming practices are the key to a sustainable agricultural future. Therefore, we specifically highlight organic methods and green technologies that can improve the balance of agricultural ecosystems.","Facebook","https://www.facebook.com/PetaniDesaMandiri771","UCjQX6r71oYHPaxvHZ1clQZg","Dec 31, 2023","Indonesia","Petani Desa Mandiri","116","339685","https://www.youtube.com/channel/UCjQX6r71oYHPaxvHZ1clQZg",,"0",,"2024-09-21T17:07:47.000Z",,,,,,,,,,,,,,,,,,,,,,,,,,,,,,,,,,,"https://www.youtube.com/@PetaniDesaMandiri/shorts",,,,"JCr_OpRtIP4",,"https://www.youtube.com/@PetaniDesaMandiri","false","false",,"5",,,"1640","33",,,"https://i.ytimg.com/vi/JCr_OpRtIP4/oar2.jpg?sqp=-oaymwEdCJUDENAFSFWQAgHyq4qpAwwIARUAAIhCcAHAAQY=&rs=AOn4CLB5JctRcyfNrG-sVqB-TYhRLSyd1g","22 September 2024","shorts","https://www.youtube.com/shorts/JCr_OpRtIP4","739"
"https://yt3.googleusercontent.com/YKA8p0zEJst4vyVousz8CVTDze6m3qIlfOaBPqxnwoyv_GBEYbYxl0ZHGsqCi8NBp3Y5Wj2Nlw=s160-c-k-c0x00ffffff-no-rj","https://yt3.googleusercontent.com/ZA5BWq2AUkHb5YE7G3QeWFPXCQjX6TBFB_eOlAqHoouuRQL-0HK3jtdoLx7kcrH7GGoQynScnNs=w2560-fcrop64=1,00005a57ffffa5a8-k-c0xffffffff-no-nd-rj","Welcome to the Petani Desa Mandiri Channel
We are a loyal friend to farmers and farming enthusiasts who want to expand their knowledge of the dynamic world of agriculture. Here, we bring you informative, inspiring and practical content to guide you through every aspect of farm life.

From innovative farming techniques to a guide to selecting the best seeds, we explore a variety of relevant topics to help you increase your yields and farm efficiency. This channel also provides reviews of the latest equipment, shares tips on land management, and provides the best solutions to challenges often faced by farmers.

We believe that sustainability and environmentally friendly farming practices are the key to a sustainable agricultural future. Therefore, we specifically highlight organic methods and green technologies that can improve the balance of agricultural ecosystems.","Facebook","https://www.facebook.com/PetaniDesaMandiri771","UCjQX6r71oYHPaxvHZ1clQZg","Dec 31, 2023","Indonesia","Petani Desa Mandiri","116","339685","https://www.youtube.com/channel/UCjQX6r71oYHPaxvHZ1clQZg",,"4",,"2024-09-25T00:00:00.000Z",,,,,,,,,,,,,,,,,,,,,,,,,,,,,,,,,,,"https://www.youtube.com/@PetaniDesaMandiri/shorts",,,,"rQsBvi98fW0",,"https://www.youtube.com/@PetaniDesaMandiri","false","false",,"25",,,"1640","30",,,"https://i.ytimg.com/vi/rQsBvi98fW0/oar2.jpg?sqp=-oaymwEdCJUDENAFSFWQAgHyq4qpAwwIARUAAIhCcAHAAQY=&rs=AOn4CLBWW4HdbUa72OeXZAitHoIhU8Vbwg","Yang penting dapat duit #petani #pertanian #berkebun","shorts","https://www.youtube.com/shorts/rQsBvi98fW0","1689"
"https://yt3.googleusercontent.com/YKA8p0zEJst4vyVousz8CVTDze6m3qIlfOaBPqxnwoyv_GBEYbYxl0ZHGsqCi8NBp3Y5Wj2Nlw=s160-c-k-c0x00ffffff-no-rj","https://yt3.googleusercontent.com/ZA5BWq2AUkHb5YE7G3QeWFPXCQjX6TBFB_eOlAqHoouuRQL-0HK3jtdoLx7kcrH7GGoQynScnNs=w2560-fcrop64=1,00005a57ffffa5a8-k-c0xffffffff-no-nd-rj","Welcome to the Petani Desa Mandiri Channel
We are a loyal friend to farmers and farming enthusiasts who want to expand their knowledge of the dynamic world of agriculture. Here, we bring you informative, inspiring and practical content to guide you through every aspect of farm life.

From innovative farming techniques to a guide to selecting the best seeds, we explore a variety of relevant topics to help you increase your yields and farm efficiency. This channel also provides reviews of the latest equipment, shares tips on land management, and provides the best solutions to challenges often faced by farmers.

We believe that sustainability and environmentally friendly farming practices are the key to a sustainable agricultural future. Therefore, we specifically highlight organic methods and green technologies that can improve the balance of agricultural ecosystems.","Facebook","https://www.facebook.com/PetaniDesaMandiri771","UCjQX6r71oYHPaxvHZ1clQZg","Dec 31, 2023","Indonesia","Petani Desa Mandiri","116","339685","https://www.youtube.com/channel/UCjQX6r71oYHPaxvHZ1clQZg",,"0",,"2024-09-25T00:00:00.000Z",,,,,,,,,,,,,,,,,,,,,,,,,,,,,,,,,,,"https://www.youtube.com/@PetaniDesaMandiri/shorts",,,,"AbnjOOx_20Y",,"https://www.youtube.com/@PetaniDesaMandiri","false","false",,"6",,,"1640","31",,,"https://i.ytimg.com/vi/AbnjOOx_20Y/oar2.jpg?sqp=-oaymwEdCJUDENAFSFWQAgHyq4qpAwwIARUAAIhCcAHAAQY=&rs=AOn4CLBhobDFMX2Ivd9U60GYcV3_PoAXUQ","Gini kok dibilang Santai😁 #lucu #sawah","shorts","https://www.youtube.com/shorts/AbnjOOx_20Y","1459"
"https://yt3.googleusercontent.com/YKA8p0zEJst4vyVousz8CVTDze6m3qIlfOaBPqxnwoyv_GBEYbYxl0ZHGsqCi8NBp3Y5Wj2Nlw=s160-c-k-c0x00ffffff-no-rj","https://yt3.googleusercontent.com/ZA5BWq2AUkHb5YE7G3QeWFPXCQjX6TBFB_eOlAqHoouuRQL-0HK3jtdoLx7kcrH7GGoQynScnNs=w2560-fcrop64=1,00005a57ffffa5a8-k-c0xffffffff-no-nd-rj","Welcome to the Petani Desa Mandiri Channel
We are a loyal friend to farmers and farming enthusiasts who want to expand their knowledge of the dynamic world of agriculture. Here, we bring you informative, inspiring and practical content to guide you through every aspect of farm life.

From innovative farming techniques to a guide to selecting the best seeds, we explore a variety of relevant topics to help you increase your yields and farm efficiency. This channel also provides reviews of the latest equipment, shares tips on land management, and provides the best solutions to challenges often faced by farmers.

We believe that sustainability and environmentally friendly farming practices are the key to a sustainable agricultural future. Therefore, we specifically highlight organic methods and green technologies that can improve the balance of agricultural ecosystems.","Facebook","https://www.facebook.com/PetaniDesaMandiri771","UCjQX6r71oYHPaxvHZ1clQZg","Dec 31, 2023","Indonesia","Petani Desa Mandiri","116","339685","https://www.youtube.com/channel/UCjQX6r71oYHPaxvHZ1clQZg",,"0",,"2024-09-26T00:00:00.000Z",,,,,,,,,,,,,,,,,,,,,,,,,,,,,,,,,,,"https://www.youtube.com/@PetaniDesaMandiri/shorts",,,,"FrmkRpYQvZ4",,"https://www.youtube.com/@PetaniDesaMandiri","false","false",,"7",,,"1640","29",,,"https://i.ytimg.com/vi/FrmkRpYQvZ4/oar2.jpg?sqp=-oaymwEdCJUDENAFSFWQAgHyq4qpAwwIARUAAIhCcAHAAQY=&rs=AOn4CLCoqjb3u0TnI0A__kzi7WlDdXObsA","Tanda jagung siap Panen #sawah #perawatanjagung #jagungperkasa #pertanian","shorts","https://www.youtube.com/shorts/FrmkRpYQvZ4","911"
"https://yt3.googleusercontent.com/YKA8p0zEJst4vyVousz8CVTDze6m3qIlfOaBPqxnwoyv_GBEYbYxl0ZHGsqCi8NBp3Y5Wj2Nlw=s160-c-k-c0x00ffffff-no-rj","https://yt3.googleusercontent.com/ZA5BWq2AUkHb5YE7G3QeWFPXCQjX6TBFB_eOlAqHoouuRQL-0HK3jtdoLx7kcrH7GGoQynScnNs=w2560-fcrop64=1,00005a57ffffa5a8-k-c0xffffffff-no-nd-rj","Welcome to the Petani Desa Mandiri Channel
We are a loyal friend to farmers and farming enthusiasts who want to expand their knowledge of the dynamic world of agriculture. Here, we bring you informative, inspiring and practical content to guide you through every aspect of farm life.

From innovative farming techniques to a guide to selecting the best seeds, we explore a variety of relevant topics to help you increase your yields and farm efficiency. This channel also provides reviews of the latest equipment, shares tips on land management, and provides the best solutions to challenges often faced by farmers.

We believe that sustainability and environmentally friendly farming practices are the key to a sustainable agricultural future. Therefore, we specifically highlight organic methods and green technologies that can improve the balance of agricultural ecosystems.","Facebook","https://www.facebook.com/PetaniDesaMandiri771","UCjQX6r71oYHPaxvHZ1clQZg","Dec 31, 2023","Indonesia","Petani Desa Mandiri","116","339685","https://www.youtube.com/channel/UCjQX6r71oYHPaxvHZ1clQZg",,"0",,"2024-09-26T00:00:00.000Z",,,,,,,,,,,,,,,,,,,,,,,,,,,,,,,,,,,"https://www.youtube.com/@PetaniDesaMandiri/shorts",,,,"wLAZaLxhF7g",,"https://www.youtube.com/@PetaniDesaMandiri","false","false",,"0",,,"1640","25",,,"https://i.ytimg.com/vi/wLAZaLxhF7g/oar2.jpg?sqp=-oaymwEdCJUDENAFSFWQAgHyq4qpAwwIARUAAIhCcAHAAQY=&rs=AOn4CLDLCEnR7QRLFCB_R5JNnJv38YBMEw","Herbisida Prowl #sawah #herbisidaselektif #herbisidapadi #petanidesamandiri","shorts","https://www.youtube.com/shorts/wLAZaLxhF7g","78"
"https://yt3.googleusercontent.com/YKA8p0zEJst4vyVousz8CVTDze6m3qIlfOaBPqxnwoyv_GBEYbYxl0ZHGsqCi8NBp3Y5Wj2Nlw=s160-c-k-c0x00ffffff-no-rj","https://yt3.googleusercontent.com/ZA5BWq2AUkHb5YE7G3QeWFPXCQjX6TBFB_eOlAqHoouuRQL-0HK3jtdoLx7kcrH7GGoQynScnNs=w2560-fcrop64=1,00005a57ffffa5a8-k-c0xffffffff-no-nd-rj","Welcome to the Petani Desa Mandiri Channel
We are a loyal friend to farmers and farming enthusiasts who want to expand their knowledge of the dynamic world of agriculture. Here, we bring you informative, inspiring and practical content to guide you through every aspect of farm life.

From innovative farming techniques to a guide to selecting the best seeds, we explore a variety of relevant topics to help you increase your yields and farm efficiency. This channel also provides reviews of the latest equipment, shares tips on land management, and provides the best solutions to challenges often faced by farmers.

We believe that sustainability and environmentally friendly farming practices are the key to a sustainable agricultural future. Therefore, we specifically highlight organic methods and green technologies that can improve the balance of agricultural ecosystems.","Facebook","https://www.facebook.com/PetaniDesaMandiri771","UCjQX6r71oYHPaxvHZ1clQZg","Dec 31, 2023","Indonesia","Petani Desa Mandiri","116","339685","https://www.youtube.com/channel/UCjQX6r71oYHPaxvHZ1clQZg",,"0",,"2024-09-26T13:07:28.000Z",,,,,,,,,,,,,,,,,,,,,,,,,,,,,,,,,,,"https://www.youtube.com/@PetaniDesaMandiri/shorts",,,,"T7iyhoqpz30",,"https://www.youtube.com/@PetaniDesaMandiri","false","false",,"5",,,"1640","28",,,"https://i.ytimg.com/vi/T7iyhoqpz30/oar2.jpg?sqp=-oaymwEdCJUDENAFSFWQAgHyq4qpAwwIARUAAIhCcAHAAQY=&rs=AOn4CLDGfCgDgw1bkFJpgk9Im_BUkeZ5Iw","Mari sarapan‼️","shorts","https://www.youtube.com/shorts/T7iyhoqpz30","457"
"https://yt3.googleusercontent.com/YKA8p0zEJst4vyVousz8CVTDze6m3qIlfOaBPqxnwoyv_GBEYbYxl0ZHGsqCi8NBp3Y5Wj2Nlw=s160-c-k-c0x00ffffff-no-rj","https://yt3.googleusercontent.com/ZA5BWq2AUkHb5YE7G3QeWFPXCQjX6TBFB_eOlAqHoouuRQL-0HK3jtdoLx7kcrH7GGoQynScnNs=w2560-fcrop64=1,00005a57ffffa5a8-k-c0xffffffff-no-nd-rj","Welcome to the Petani Desa Mandiri Channel
We are a loyal friend to farmers and farming enthusiasts who want to expand their knowledge of the dynamic world of agriculture. Here, we bring you informative, inspiring and practical content to guide you through every aspect of farm life.

From innovative farming techniques to a guide to selecting the best seeds, we explore a variety of relevant topics to help you increase your yields and farm efficiency. This channel also provides reviews of the latest equipment, shares tips on land management, and provides the best solutions to challenges often faced by farmers.

We believe that sustainability and environmentally friendly farming practices are the key to a sustainable agricultural future. Therefore, we specifically highlight organic methods and green technologies that can improve the balance of agricultural ecosystems.","Facebook","https://www.facebook.com/PetaniDesaMandiri771","UCjQX6r71oYHPaxvHZ1clQZg","Dec 31, 2023","Indonesia","Petani Desa Mandiri","116","339685","https://www.youtube.com/channel/UCjQX6r71oYHPaxvHZ1clQZg",,"12",,"2024-09-26T00:00:00.000Z",,,,,,,,,,,,,,,,,,,,,,,,,,,,,,,,,,,"https://www.youtube.com/@PetaniDesaMandiri/shorts",,,,"nMCwzXs50N8",,"https://www.youtube.com/@PetaniDesaMandiri","false","false",,"120",,,"1640","26",,,"https://i.ytimg.com/vi/nMCwzXs50N8/oardefault.jpg?sqp=-oaymwEdCJUDENAFSFWQAgHyq4qpAwwIARUAAIhCcAHAAQY=&rs=AOn4CLBrXtFfUV5MEVt5wbSHRsQDIsrYwg","Ternyata jujur itu sulit bagi sebagian orang #kutipanmotivasi #kutipaninspirasi #quotes #katabijak","shorts","https://www.youtube.com/shorts/nMCwzXs50N8","10219"
"https://yt3.googleusercontent.com/YKA8p0zEJst4vyVousz8CVTDze6m3qIlfOaBPqxnwoyv_GBEYbYxl0ZHGsqCi8NBp3Y5Wj2Nlw=s160-c-k-c0x00ffffff-no-rj","https://yt3.googleusercontent.com/ZA5BWq2AUkHb5YE7G3QeWFPXCQjX6TBFB_eOlAqHoouuRQL-0HK3jtdoLx7kcrH7GGoQynScnNs=w2560-fcrop64=1,00005a57ffffa5a8-k-c0xffffffff-no-nd-rj","Welcome to the Petani Desa Mandiri Channel
We are a loyal friend to farmers and farming enthusiasts who want to expand their knowledge of the dynamic world of agriculture. Here, we bring you informative, inspiring and practical content to guide you through every aspect of farm life.

From innovative farming techniques to a guide to selecting the best seeds, we explore a variety of relevant topics to help you increase your yields and farm efficiency. This channel also provides reviews of the latest equipment, shares tips on land management, and provides the best solutions to challenges often faced by farmers.

We believe that sustainability and environmentally friendly farming practices are the key to a sustainable agricultural future. Therefore, we specifically highlight organic methods and green technologies that can improve the balance of agricultural ecosystems.","Facebook","https://www.facebook.com/PetaniDesaMandiri771","UCjQX6r71oYHPaxvHZ1clQZg","Dec 31, 2023","Indonesia","Petani Desa Mandiri","116","339685","https://www.youtube.com/channel/UCjQX6r71oYHPaxvHZ1clQZg",,"0",,"2024-09-26T00:00:00.000Z",,,,,,,,,,,,,,,,,,,,,,,,,,,,,,,,,,,"https://www.youtube.com/@PetaniDesaMandiri/shorts",,,,"74iyZWNcPX4",,"https://www.youtube.com/@PetaniDesaMandiri","false","false",,"9",,,"1640","27",,,"https://i.ytimg.com/vi/74iyZWNcPX4/oardefault.jpg?sqp=-oaymwEdCJUDENAFSFWQAgHyq4qpAwwIARUAAIhCcAHAAQY=&rs=AOn4CLAHf1rqsq77TffetEMMh7FRsoPECw","Ketemu kawan lama 🔥‼️","shorts","https://www.youtube.com/shorts/74iyZWNcPX4","2336"
