﻿"author","authorIsChannelOwner","channelId","channelName","channelUrl","cid","comment","comments","commentsCount","date","descriptionLinks","duration","hasCreatorHeart","id","isMonetized","likes","pageUrl","publishedTimeText","replyCount","replyToCid","subtitles","text","thumbnailUrl","title","type","url","videoId","viewCount","voteCount"
,,"UCjQX6r71oYHPaxvHZ1clQZg","Petani Desa Mandiri","https://www.youtube.com/@PetaniDesaMandiri",,,,"0","2024-09-29T00:00:00.000Z",,,,"ZKFts0S4kYQ",,"16",,,,,,,,"Terus Belajarlah #katakatabijak #motivasi #katabijak #perawatanjagung","shorts","https://www.youtube.com/shorts/ZKFts0S4kYQ",,"508",
,,"UCjQX6r71oYHPaxvHZ1clQZg","Petani Desa Mandiri","https://www.youtube.com/@PetaniDesaMandiri",,,,"0","2024-09-28T00:00:00.000Z",,,,"sTy09H5hBIE",,"13",,,,,,,,"‼️ Bahagia itu kita yang ciptakan‼️ #motivasi #motivasihidup #inspirasi #perawatanjagung","shorts","https://www.youtube.com/shorts/sTy09H5hBIE",,"813",
,,"UCjQX6r71oYHPaxvHZ1clQZg","Petani Desa Mandiri","https://www.youtube.com/@PetaniDesaMandiri",,,,"0","2024-09-27T00:00:00.000Z",,,,"sXGM8VcO4WM",,"7",,,,,,,,"Karma itu nyata 💯😭 #kutipanmotivasi #kutipaninspirasi #memes #kutipansukses","shorts","https://www.youtube.com/shorts/sXGM8VcO4WM",,"1000",
,,"UCjQX6r71oYHPaxvHZ1clQZg","Petani Desa Mandiri","https://www.youtube.com/@PetaniDesaMandiri",,,,"33","2024-09-26T00:00:00.000Z",,,,"YvDpcEm5zsU",,"293",,,,,,,,"Darurat generasi petani #quotes #motivasi #motivation #sawah #storywa","shorts","https://www.youtube.com/shorts/YvDpcEm5zsU",,"14713",
,,"UCjQX6r71oYHPaxvHZ1clQZg","Petani Desa Mandiri","https://www.youtube.com/@PetaniDesaMandiri",,,,"4","2024-09-29T00:00:00.000Z",,,,"t65YeQ3WoO8",,"71",,,,,,,,"Bersyukur itu harus #motivation #motivasihidup #quotes #religion","shorts","https://www.youtube.com/shorts/t65YeQ3WoO8",,"4293",
,,"UCjQX6r71oYHPaxvHZ1clQZg","Petani Desa Mandiri","https://www.youtube.com/@PetaniDesaMandiri",,,,"0","2024-09-27T00:00:00.000Z",,,,"scwPTpSEFSQ",,"9",,,,,,,,"Jangan bandingkan, setiap orang punya jalanya sendiri #motivation #katakatmutiara #motivational","shorts","https://www.youtube.com/shorts/scwPTpSEFSQ",,"731",
,,"UCjQX6r71oYHPaxvHZ1clQZg","Petani Desa Mandiri","https://www.youtube.com/@PetaniDesaMandiri",,,,"1","2024-09-28T00:00:00.000Z",,,,"zDaYXB5P5bY",,"17",,,,,,,,"‼️ Ternyata cara kerja dunia tidak begitu‼️ #motivasi #bekerjakeras #kerjakeras #petanijagung","shorts","https://www.youtube.com/shorts/zDaYXB5P5bY",,"2125",
,,"UCjQX6r71oYHPaxvHZ1clQZg","Petani Desa Mandiri","https://www.youtube.com/@PetaniDesaMandiri",,,,"2","2024-09-29T00:00:00.000Z",,,,"AByIKIHmOEw",,"13",,,,,,,,"Hargai dirimu sendiri #motivasi #qoetes #katakatabijak #pemupukanjagung","shorts","https://www.youtube.com/shorts/AByIKIHmOEw",,"1070",
,,"UCjQX6r71oYHPaxvHZ1clQZg","Petani Desa Mandiri","https://www.youtube.com/@PetaniDesaMandiri",,,,"0","2024-09-29T13:33:06.000Z",,,,"dGo1g0HNM9U",,"6",,,,,,,,"Sudah Ku ikhlaskan semua #love #music #motivasi #perawatanjagung #petanidesmandiri","shorts","https://www.youtube.com/shorts/dGo1g0HNM9U",,"465",
,,"UCjQX6r71oYHPaxvHZ1clQZg","Petani Desa Mandiri","https://www.youtube.com/@PetaniDesaMandiri",,,,"0","2024-09-30T00:00:00.000Z",,,,"BA4GSKmJMog",,"3",,,,,,,,"Jangan berada ditempat yang kamu tidak diinginkan #motivasi #katabijak #katakatabijak #quates","shorts","https://www.youtube.com/shorts/BA4GSKmJMog",,"471",
,,"UCjQX6r71oYHPaxvHZ1clQZg","Petani Desa Mandiri","https://www.youtube.com/@PetaniDesaMandiri",,,,"0","2024-09-29T00:00:00.000Z",,,,"aFfff4mcS1g",,"8",,,,,,,,"saatnya melangitkan doa #motivasi #perawatanjagung #jagungperkasa #petanipadi","shorts","https://www.youtube.com/shorts/aFfff4mcS1g",,"480",
,,"UCjQX6r71oYHPaxvHZ1clQZg","Petani Desa Mandiri","https://www.youtube.com/@PetaniDesaMandiri",,,,"0","2024-09-29T00:00:00.000Z",,,,"7rso8Kz0U4o",,"21",,,,,,,,"Yang miskin tetap miskin #kehidupan #motivasi #petanidesamandiri #petanipadi","shorts","https://www.youtube.com/shorts/7rso8Kz0U4o",,"2912",
,,"UCjQX6r71oYHPaxvHZ1clQZg","Petani Desa Mandiri","https://www.youtube.com/@PetaniDesaMandiri",,,,"0","2024-09-30T00:00:00.000Z",,,,"aj-ztTALNq8",,"27",,,,,,,,"Jangan Membenci Pemberian Alloh #katakatabijak #katabijak #motivation #shortviral #quotesislami","shorts","https://www.youtube.com/shorts/aj-ztTALNq8",,"2116",
,,"UCjQX6r71oYHPaxvHZ1clQZg","Petani Desa Mandiri","https://www.youtube.com/@PetaniDesaMandiri",,,,"0","2024-09-30T00:00:00.000Z",,,,"PEdSn3vmzhs",,"11",,,,,,,,"Jangan rubah dirimu #katamotivasibelajar #katakatamotivasibelajar #inspirasi #perawatanjagung","shorts","https://www.youtube.com/shorts/PEdSn3vmzhs",,"453",
,,"UCjQX6r71oYHPaxvHZ1clQZg","Petani Desa Mandiri","https://www.youtube.com/@PetaniDesaMandiri",,,,"0","2024-09-30T00:00:00.000Z",,,,"Yj5mI_w4478",,"6",,,,,,,,"Bacalah dirimu sendiri #motivasihidup #inspirasi #unik #katakatamotivasibelajar","shorts","https://www.youtube.com/shorts/Yj5mI_w4478",,"806",
,,,"Petani Desa Mandiri",,,,,"2","2024-09-29T22:16:57.000Z",,,,"ho4xd4qYreU",,"10",,,,,,,,"Mungkin‼️ celana dalamnya sudah berjamur #motivation #petanidesamandiri #fyp","shorts","https://www.youtube.com/shorts/ho4xd4qYreU",,"1906",
,,,"Petani Desa Mandiri",,,,,"0","2024-10-01T00:00:00.000Z",,,,"pgaM3nn8L44",,"6",,,,,,,,"Kayu Mangga Keras juga #mesinkayu #mesinpopuler #mesingergajikayu","shorts","https://www.youtube.com/shorts/pgaM3nn8L44",,"737",
,,,"Petani Desa Mandiri",,,,,"2","2024-10-02T00:00:00.000Z",,,,"2YqRWU4O8pY",,"19",,,,,,,,"Air tak selamanya keruh #motivasi #motivation #storywa #katakatabijak #motivasidiri","shorts","https://www.youtube.com/shorts/2YqRWU4O8pY",,"1049",
,,"UCjQX6r71oYHPaxvHZ1clQZg","Petani Desa Mandiri","https://www.youtube.com/@PetaniDesaMandiri",,,,"0","2024-10-01T00:00:00.000Z",,,,"rEsW-rozo-A",,"7",,,,,,,,"Gerjaji Mesin Agak Maksa #alatperkebunan #alatberat #sandsatisfying","shorts","https://www.youtube.com/shorts/rEsW-rozo-A",,"870",
,,"UCjQX6r71oYHPaxvHZ1clQZg","Petani Desa Mandiri","https://www.youtube.com/@PetaniDesaMandiri",,,,"0","2024-10-02T00:00:00.000Z",,,,"JI2lDOgHkmM",,"7",,,,,,,,"Pentingnya Makan #katamotivasiislam #motivasi #katakatamotivasiislam","shorts","https://www.youtube.com/shorts/JI2lDOgHkmM",,"515",
,,"UCjQX6r71oYHPaxvHZ1clQZg","Petani Desa Mandiri","https://www.youtube.com/@PetaniDesaMandiri",,,,"2","2024-10-02T00:00:00.000Z",,,,"qnvHSPSg1pQ",,"29",,,,,,,,"Perbanyak Istighfar #quotes #katabijak #motivasihidup #inspirasi #petanimuda","shorts","https://www.youtube.com/shorts/qnvHSPSg1pQ",,"1112",
,,,"Petani Desa Mandiri",,,,,"0","2024-10-01T23:47:56.000Z",,,,"8zFH8c7Oa-Y",,"11",,,,,,,,"Yakinlah Kepada Alloh #motivation #katamotivasiislam #katakatamotivasiislam #katakatabijakislam","shorts","https://www.youtube.com/shorts/8zFH8c7Oa-Y",,"554",
,,"UCjQX6r71oYHPaxvHZ1clQZg","Petani Desa Mandiri","https://www.youtube.com/@PetaniDesaMandiri",,,,"0","2024-10-02T05:47:58.000Z",,,,"4q3-jf1eS10",,"0",,,,,,,,"Fokus ke gergajinya #gergajiserkelpiringan #gergaji_mesin_indonesia #gergaji_serkel_jalan","shorts","https://www.youtube.com/shorts/4q3-jf1eS10",,"452",
,,"UCjQX6r71oYHPaxvHZ1clQZg","Petani Desa Mandiri","https://www.youtube.com/@PetaniDesaMandiri",,,,"0","2024-10-02T00:00:00.000Z",,,,"gd8kGavIf3M",,"8",,,,,,,,"Jaga Aklhaq dan Moralmu #petanimuda #quoetepetani #motivasi #motivation","shorts","https://www.youtube.com/shorts/gd8kGavIf3M",,"649",
,,"UCjQX6r71oYHPaxvHZ1clQZg","Petani Desa Mandiri","https://www.youtube.com/@PetaniDesaMandiri",,,,"0","2024-09-17T00:00:00.000Z",,,,"AbuxrzUv5iY",,"4",,,,,,,,"Ini dia Jagung NK PERKASA USIA 72 HST #budidayajagung #pertanian #banggajadipetani","shorts","https://www.youtube.com/shorts/AbuxrzUv5iY",,"536",
,,"UCjQX6r71oYHPaxvHZ1clQZg","Petani Desa Mandiri","https://www.youtube.com/@PetaniDesaMandiri",,,,"1","2024-09-16T00:00:00.000Z",,,,"q_y1yaGq7KM",,"8",,,,,,"Cara Menanam Jagung
Budidaya Jagung untuk Pemula
Panen Jagung Cepat dan Mudah
Teknik Bertani Jagung yang Menguntungkan
Petani Jagung Sukses
Cara Meningkatkan Hasil Panen Jagung
Jenis Jagung yang Cocok untuk Ditanam
Tips Bertani Jagung
Jagung Hibrida vs Jagung Lokal
Proses Menanam hingga Panen Jagung

#BudidayaJagung
#TanamanJagung
#CaraMenanamJagung
#JagungSehat
#PetaniJagung
#PanenJagung
#JagungIndonesia
#PertanianJagung
#JagungOrganik
#TipsMenanamJagung",,"Usia 72 hst","shorts","https://www.youtube.com/shorts/q_y1yaGq7KM",,"3704",
,,"UCjQX6r71oYHPaxvHZ1clQZg","Petani Desa Mandiri","https://www.youtube.com/@PetaniDesaMandiri",,,,"0","2024-09-13T00:00:00.000Z",,,,"aDQMO0DDL5g",,"36",,,,,,,,"14 September 2024","shorts","https://www.youtube.com/shorts/aDQMO0DDL5g",,"9536",
,,"UCjQX6r71oYHPaxvHZ1clQZg","Petani Desa Mandiri","https://www.youtube.com/@PetaniDesaMandiri",,,,"0","2024-09-20T00:00:00.000Z",,,,"9biWdHfQ-iw",,"5",,,,,,,,"Jagung Nk Perkasa #pertanian #ulatjagung #farming #agriculture #banggajadipetani","shorts","https://www.youtube.com/shorts/9biWdHfQ-iw",,"1581",
,,"UCjQX6r71oYHPaxvHZ1clQZg","Petani Desa Mandiri","https://www.youtube.com/@PetaniDesaMandiri",,,,"2","2024-09-19T05:26:33.000Z",,,,"tMx-_aFdhEY",,"25",,,,,,,,"Jagung Nk Perkasa #caramenanamjagung #ulatjagung #pertanian","shorts","https://www.youtube.com/shorts/tMx-_aFdhEY",,"5613",
,,"UCjQX6r71oYHPaxvHZ1clQZg","Petani Desa Mandiri","https://www.youtube.com/@PetaniDesaMandiri",,,,"0","2024-09-19T08:51:01.000Z",,,,"qlXtTt5Ecq4",,"1",,,,,,,,"19 September 2024","shorts","https://www.youtube.com/shorts/qlXtTt5Ecq4",,"198",
"@Tanichannelnusantara","false",,,,"UgyQpJ9KplqqNS6p2EF4AaABAg","Ijin hadir nyimak bawa paket komplit bos q🙏
Terima kasih ilmu ilmunya🙏",,"21",,,,"false",,,,"https://www.youtube.com/watch?v=2JblbjjCvn4","6 hours ago","1",,,,,"🔴 Cara Tanam Jagung Bertongkol Besar! Panduan Lengkap Buat Petani Pemula! Mulai Tanam Sampai Panen","comment",,"2JblbjjCvn4",,"0"
"@usmanusman9558","false",,,,"UgwfqvQwqUrLM7eaE8F4AaABAg","Ijinkan bersilaturahmi mas E 🙏🙏🙏🙏 
Mantap bang penjelasannya berbagi ilmunya sangat berguna bagi kami 👍👍👍👍",,"21",,,,"false",,,,"https://www.youtube.com/watch?v=2JblbjjCvn4","10 hours ago","2",,,,,"🔴 Cara Tanam Jagung Bertongkol Besar! Panduan Lengkap Buat Petani Pemula! Mulai Tanam Sampai Panen","comment",,"2JblbjjCvn4",,"0"
"@aishiteru3922","false",,,,"Ugz1Z51dZPHJx4WddAR4AaABAg","Perempelan daun bawah umur berapa pak?",,"21",,,,"false",,,,"https://www.youtube.com/watch?v=2JblbjjCvn4","22 hours ago","1",,,,,"🔴 Cara Tanam Jagung Bertongkol Besar! Panduan Lengkap Buat Petani Pemula! Mulai Tanam Sampai Panen","comment",,"2JblbjjCvn4",,"0"
"@RehanSha-ro3ny","false",,,,"UgzgSkOxJCi5Q_pu0wZ4AaABAg","Salam kelal lorr",,"21",,,,"false",,,,"https://www.youtube.com/watch?v=2JblbjjCvn4","1 day ago","3",,,,,"🔴 Cara Tanam Jagung Bertongkol Besar! Panduan Lengkap Buat Petani Pemula! Mulai Tanam Sampai Panen","comment",,"2JblbjjCvn4",,"0"
"@nvbussines995","false",,,,"UgyPZMPxXy9lnO5hxRJ4AaABAg","Bang saya tiap kali tanam jagung manis pasti sering kena Bule .....mohon ilmunya bang",,"21",,,,"true",,,,"https://www.youtube.com/watch?v=2JblbjjCvn4","1 day ago","1",,,,,"🔴 Cara Tanam Jagung Bertongkol Besar! Panduan Lengkap Buat Petani Pemula! Mulai Tanam Sampai Panen","comment",,"2JblbjjCvn4",,"0"
"@feriharianto8221","false",,,,"UgwjEAfAbw7CmnyHUr14AaABAg","sampai panen, total pemakaian pupuk habis berapa kilogram pak?",,"21",,,,"false",,,,"https://www.youtube.com/watch?v=2JblbjjCvn4","1 day ago","1",,,,,"🔴 Cara Tanam Jagung Bertongkol Besar! Panduan Lengkap Buat Petani Pemula! Mulai Tanam Sampai Panen","comment",,"2JblbjjCvn4",,"0"
"@dwiyanto9084","false",,,,"Ugzm3roaJ58OAvJrNKZ4AaABAg","Disini cuma 2x pemupukan pak",,"21",,,,"false",,,,"https://www.youtube.com/watch?v=2JblbjjCvn4","2 days ago","1",,,,,"🔴 Cara Tanam Jagung Bertongkol Besar! Panduan Lengkap Buat Petani Pemula! Mulai Tanam Sampai Panen","comment",,"2JblbjjCvn4",,"0"
"@DuniTani","false",,,,"Ugx0_t-EsCnNspD3k3B4AaABAg","Nganjuk Endi bang sopo ngerti idek ro aku",,"21",,,,"false",,,,"https://www.youtube.com/watch?v=2JblbjjCvn4","2 days ago","1",,,,,"🔴 Cara Tanam Jagung Bertongkol Besar! Panduan Lengkap Buat Petani Pemula! Mulai Tanam Sampai Panen","comment",,"2JblbjjCvn4",,"1"
"@Lobeltafamily","false",,,,"UgwCuYOrxnMi9CDnYjN4AaABAg","Jagung ku kui😂",,"21",,,,"false",,,,"https://www.youtube.com/watch?v=2JblbjjCvn4","3 days ago","1",,,,,"🔴 Cara Tanam Jagung Bertongkol Besar! Panduan Lengkap Buat Petani Pemula! Mulai Tanam Sampai Panen","comment",,"2JblbjjCvn4",,"1"
,,"UCjQX6r71oYHPaxvHZ1clQZg","Petani Desa Mandiri","https://www.youtube.com/@PetaniDesaMandiri",,,,"1","2024-09-20T00:00:00.000Z",,,,"tlq-KJbO-RU",,"27",,,,,,,,"21 September 2024","shorts","https://www.youtube.com/shorts/tlq-KJbO-RU",,"9237",
,,"UCjQX6r71oYHPaxvHZ1clQZg","Petani Desa Mandiri","https://www.youtube.com/@PetaniDesaMandiri",,,,"3","2024-09-21T00:00:00.000Z",,,,"qDtKeG77mVs",,"3",,,,,,,,"21 September 2024","shorts","https://www.youtube.com/shorts/qDtKeG77mVs",,"458",
,,"UCjQX6r71oYHPaxvHZ1clQZg","Petani Desa Mandiri","https://www.youtube.com/@PetaniDesaMandiri",,,,"0","2024-09-25T00:00:00.000Z",,,,"AbnjOOx_20Y",,"6",,,,,,,,"Gini kok dibilang Santai😁 #lucu #sawah","shorts","https://www.youtube.com/shorts/AbnjOOx_20Y",,"1460",
,,"UCjQX6r71oYHPaxvHZ1clQZg","Petani Desa Mandiri","https://www.youtube.com/@PetaniDesaMandiri",,,,"0","2024-09-21T00:00:00.000Z",,,,"JCr_OpRtIP4",,"5",,,,,,,,"22 September 2024","shorts","https://www.youtube.com/shorts/JCr_OpRtIP4",,"739",
,,"UCjQX6r71oYHPaxvHZ1clQZg","Petani Desa Mandiri","https://www.youtube.com/@PetaniDesaMandiri",,,,"2","2024-09-25T00:00:00.000Z",,,,"5oa_jH8GLdY",,"8",,,,,,,,"25 September 2024","shorts","https://www.youtube.com/shorts/5oa_jH8GLdY",,"983",
,,"UCjQX6r71oYHPaxvHZ1clQZg","Petani Desa Mandiri","https://www.youtube.com/@PetaniDesaMandiri",,,,"0","2024-09-26T00:00:00.000Z",,,,"FrmkRpYQvZ4",,"7",,,,,,,,"Tanda jagung siap Panen #sawah #perawatanjagung #jagungperkasa #pertanian","shorts","https://www.youtube.com/shorts/FrmkRpYQvZ4",,"912",
,,"UCjQX6r71oYHPaxvHZ1clQZg","Petani Desa Mandiri","https://www.youtube.com/@PetaniDesaMandiri",,,,"4","2024-09-25T17:05:00.000Z",,,,"rQsBvi98fW0",,"25",,,,,,,,"Yang penting dapat duit #petani #pertanian #berkebun","shorts","https://www.youtube.com/shorts/rQsBvi98fW0",,"1690",
"@PetaniDesaMandiri","true",,,,"UgyQpJ9KplqqNS6p2EF4AaABAg.A97TzaSvNy8A97aQogR2ox","Semoga bermanfaat",,"21",,,,"false",,,,"https://www.youtube.com/watch?v=2JblbjjCvn4","5 hours ago","0","UgyQpJ9KplqqNS6p2EF4AaABAg",,,,"🔴 Cara Tanam Jagung Bertongkol Besar! Panduan Lengkap Buat Petani Pemula! Mulai Tanam Sampai Panen","reply",,"2JblbjjCvn4",,"0"
,,"UCjQX6r71oYHPaxvHZ1clQZg","Petani Desa Mandiri","https://www.youtube.com/@PetaniDesaMandiri",,,,"0","2024-09-26T00:00:00.000Z",,,,"T7iyhoqpz30",,"5",,,,,,,,"Mari sarapan‼️","shorts","https://www.youtube.com/shorts/T7iyhoqpz30",,"457",
,,"UCjQX6r71oYHPaxvHZ1clQZg","Petani Desa Mandiri","https://www.youtube.com/@PetaniDesaMandiri",,,,"12","2024-09-26T00:00:00.000Z",,,,"nMCwzXs50N8",,"120",,,,,,,,"Ternyata jujur itu sulit bagi sebagian orang #kutipanmotivasi #kutipaninspirasi #quotes #katabijak","shorts","https://www.youtube.com/shorts/nMCwzXs50N8",,"10228",
,,"UCjQX6r71oYHPaxvHZ1clQZg","Petani Desa Mandiri","https://www.youtube.com/@PetaniDesaMandiri",,,,"0","2024-09-26T00:00:00.000Z",,,,"74iyZWNcPX4",,"9",,,,,,,,"Ketemu kawan lama 🔥‼️","shorts","https://www.youtube.com/shorts/74iyZWNcPX4",,"2338",
,,"UCjQX6r71oYHPaxvHZ1clQZg","Petani Desa Mandiri","https://www.youtube.com/@PetaniDesaMandiri",,,,"0","2024-09-26T00:00:00.000Z",,,,"wLAZaLxhF7g",,"0",,,,,,,,"Herbisida Prowl #sawah #herbisidaselektif #herbisidapadi #petanidesamandiri","shorts","https://www.youtube.com/shorts/wLAZaLxhF7g",,"78",
"@PetaniDesaMandiri","true",,,,"UgwfqvQwqUrLM7eaE8F4AaABAg.A96zFyMsrwiA977YjoWuCE","Siap terima kasih",,"21",,,,"false",,,,"https://www.youtube.com/watch?v=2JblbjjCvn4","9 hours ago","0","UgwfqvQwqUrLM7eaE8F4AaABAg",,,,"🔴 Cara Tanam Jagung Bertongkol Besar! Panduan Lengkap Buat Petani Pemula! Mulai Tanam Sampai Panen","reply",,"2JblbjjCvn4",,"0"
"@usmanusman9558","false",,,,"UgwfqvQwqUrLM7eaE8F4AaABAg.A96zFyMsrwiA97Jc3wJYAn"," @PetaniDesaMandiri  sama"" mas E 🙏🙏🙏 
Salam kenal dari Sulsel bang 🙏🙏🙏",,"21",,,,"false",,,,"https://www.youtube.com/watch?v=2JblbjjCvn4","7 hours ago","0","UgwfqvQwqUrLM7eaE8F4AaABAg",,,,"🔴 Cara Tanam Jagung Bertongkol Besar! Panduan Lengkap Buat Petani Pemula! Mulai Tanam Sampai Panen","reply",,"2JblbjjCvn4",,"0"
"@PetaniDesaMandiri","true",,,,"Ugz1Z51dZPHJx4WddAR4AaABAg.A95hrBeiszzA977pMmnsOr","Disini penjelasan nya

https://youtu.be/FzEGTR5WPWA?si=8eUfM2ujLn_1y7ry",,"21",,,,"false",,,,"https://www.youtube.com/watch?v=2JblbjjCvn4","9 hours ago (edited)","0","Ugz1Z51dZPHJx4WddAR4AaABAg",,,,"🔴 Cara Tanam Jagung Bertongkol Besar! Panduan Lengkap Buat Petani Pemula! Mulai Tanam Sampai Panen","reply",,"2JblbjjCvn4",,"0"
"@PetaniDesaMandiri","true",,,,"UgzgSkOxJCi5Q_pu0wZ4AaABAg.A958LA8NlhoA95DqPi9_GL","Siap siap",,"21",,,,"false",,,,"https://www.youtube.com/watch?v=2JblbjjCvn4","1 day ago","0","UgzgSkOxJCi5Q_pu0wZ4AaABAg",,,,"🔴 Cara Tanam Jagung Bertongkol Besar! Panduan Lengkap Buat Petani Pemula! Mulai Tanam Sampai Panen","reply",,"2JblbjjCvn4",,"0"
"@bedjomakmur","false",,,,"UgzgSkOxJCi5Q_pu0wZ4AaABAg.A958LA8NlhoA971CNNThiG","Nganjuk pundi mas?",,"21",,,,"false",,,,"https://www.youtube.com/watch?v=2JblbjjCvn4","10 hours ago","0","UgzgSkOxJCi5Q_pu0wZ4AaABAg",,,,"🔴 Cara Tanam Jagung Bertongkol Besar! Panduan Lengkap Buat Petani Pemula! Mulai Tanam Sampai Panen","reply",,"2JblbjjCvn4",,"0"
"@PetaniDesaMandiri","true",,,,"UgzgSkOxJCi5Q_pu0wZ4AaABAg.A958LA8NlhoA978-yn7cgh"," @bedjomakmur  sumberkepuh pak",,"21",,,,"false",,,,"https://www.youtube.com/watch?v=2JblbjjCvn4","9 hours ago","0","UgzgSkOxJCi5Q_pu0wZ4AaABAg",,,,"🔴 Cara Tanam Jagung Bertongkol Besar! Panduan Lengkap Buat Petani Pemula! Mulai Tanam Sampai Panen","reply",,"2JblbjjCvn4",,"0"
"@PetaniDesaMandiri","true",,,,"UgyPZMPxXy9lnO5hxRJ4AaABAg.A94QrA2FfSbA94iXW1dgsW","Bule itu penyakit bawaan benih,,ya caranya pencegahan 
Sebelum tanam benih bisa di kasih bahan aktif dimetomof yang berbentuk serbuk",,"21",,,,"false",,,,"https://www.youtube.com/watch?v=2JblbjjCvn4","1 day ago","0","UgyPZMPxXy9lnO5hxRJ4AaABAg",,,,"🔴 Cara Tanam Jagung Bertongkol Besar! Panduan Lengkap Buat Petani Pemula! Mulai Tanam Sampai Panen","reply",,"2JblbjjCvn4",,"0"
"@thesubagio3871","false",,,,"Ugzk0e2R75uhagjZ_z94AaABAg","Merk dagang opo lur?",,"7",,,,"false",,,,"https://www.youtube.com/watch?v=HAj9Y3QGEdE","6 days ago","1",,,,,"Paklobutrazol: Solusi untuk Tanaman Kompak dan Produktif""","comment",,"HAj9Y3QGEdE",,"0"
"@thesubagio3871","false",,,,"UgzQGnIhEJFCNkWu3cl4AaABAg","Ssiiap...besok tanam berikutnya kita aplikasikan",,"7",,,,"false",,,,"https://www.youtube.com/watch?v=HAj9Y3QGEdE","6 days ago","1",,,,,"Paklobutrazol: Solusi untuk Tanaman Kompak dan Produktif""","comment",,"HAj9Y3QGEdE",,"0"
"@AlanSmart-h4n","false",,,,"UgxQ27EmDzmDvgX8aNd4AaABAg","😂😂😂😂",,"7",,,,"false",,,,"https://www.youtube.com/watch?v=HAj9Y3QGEdE","7 days ago","1",,,,,"Paklobutrazol: Solusi untuk Tanaman Kompak dan Produktif""","comment",,"HAj9Y3QGEdE",,"0"
"@AlanSmart-h4n","false",,,,"Ugyv7QPrX7ixAjZtuFV4AaABAg","😂😂😂😂",,"7",,,,"false",,,,"https://www.youtube.com/watch?v=HAj9Y3QGEdE","7 days ago","0",,,,,"Paklobutrazol: Solusi untuk Tanaman Kompak dan Produktif""","comment",,"HAj9Y3QGEdE",,"0"
"@kangmuspetanimuda809","false",,,,"UgysWGRiHLcfa9ukHyx4AaABAg","Info harga jagung pripil kering pak di daerah jawa timur brp ngih 🙏",,"5",,,,"false",,,,"https://www.youtube.com/watch?v=FzEGTR5WPWA","13 days ago","2",,,,,"‼️Kapan Waktu yang Tepat untuk Merempel Daun Jagung? Usia & Ciri-Ciri yang Harus Diperhatikan","comment",,"FzEGTR5WPWA",,"0"
"@lobeltafarmCakep","false",,,,"UgxvvHqfoKUPY9bmabB4AaABAg","Ikut membangun channel baru juga karena sold out juga😂😂😂 IZIN YA BOS,, BOLONE PAWON YOUTUBE🎉🎉🎉🎉",,"5",,,,"false",,,,"https://www.youtube.com/watch?v=FzEGTR5WPWA","2 weeks ago","1",,,,,"‼️Kapan Waktu yang Tepat untuk Merempel Daun Jagung? Usia & Ciri-Ciri yang Harus Diperhatikan","comment",,"FzEGTR5WPWA",,"0"
"@PetaniDesaMandiri","true",,,,"UgwjEAfAbw7CmnyHUr14AaABAg.A93xuV_y4mFA94icn483gq","Total 60 kg x 4",,"21",,,,"false",,,,"https://www.youtube.com/watch?v=2JblbjjCvn4","1 day ago","0","UgwjEAfAbw7CmnyHUr14AaABAg",,,,"🔴 Cara Tanam Jagung Bertongkol Besar! Panduan Lengkap Buat Petani Pemula! Mulai Tanam Sampai Panen","reply",,"2JblbjjCvn4",,"0"
"@PetaniDesaMandiri","true",,,,"Ugzk0e2R75uhagjZ_z94AaABAg.A8s3qQdkSmIA8v1QuVltqT","Dari PT Etong",,"7",,,,"false",,,,"https://www.youtube.com/watch?v=HAj9Y3QGEdE","5 days ago","0","Ugzk0e2R75uhagjZ_z94AaABAg",,,,"Paklobutrazol: Solusi untuk Tanaman Kompak dan Produktif""","reply",,"HAj9Y3QGEdE",,"0"
"@PetaniDesaMandiri","true",,,,"UgysWGRiHLcfa9ukHyx4AaABAg.A8aPep7wE5vA8aZB5aPDO-","Masih 4500",,"5",,,,"false",,,,"https://www.youtube.com/watch?v=FzEGTR5WPWA","13 days ago","0","UgysWGRiHLcfa9ukHyx4AaABAg",,,,"‼️Kapan Waktu yang Tepat untuk Merempel Daun Jagung? Usia & Ciri-Ciri yang Harus Diperhatikan","reply",,"FzEGTR5WPWA",,"0"
"@kangmuspetanimuda809","false",,,,"UgysWGRiHLcfa9ukHyx4AaABAg.A8aPep7wE5vA8cyU5CbY9L"," @PetaniDesaMandiri  makasih pak info nya 🙏",,"5",,,,"false",,,,"https://www.youtube.com/watch?v=FzEGTR5WPWA","12 days ago","0","UgysWGRiHLcfa9ukHyx4AaABAg",,,,"‼️Kapan Waktu yang Tepat untuk Merempel Daun Jagung? Usia & Ciri-Ciri yang Harus Diperhatikan","reply",,"FzEGTR5WPWA",,"0"
"@PetaniDesaMandiri","true",,,,"UgxvvHqfoKUPY9bmabB4AaABAg.A8YWsTp92e8A8Z72XnSNXH","Waduh",,"5",,,,"false",,,,"https://www.youtube.com/watch?v=FzEGTR5WPWA","2 weeks ago","0","UgxvvHqfoKUPY9bmabB4AaABAg",,,,"‼️Kapan Waktu yang Tepat untuk Merempel Daun Jagung? Usia & Ciri-Ciri yang Harus Diperhatikan","reply",,"FzEGTR5WPWA",,"0"
"@PetaniDesaMandiri","true",,,,"UgzQGnIhEJFCNkWu3cl4AaABAg.A8s3SZCisGmA8swqhF0Zql","Siaap",,"7",,,,"false",,,,"https://www.youtube.com/watch?v=HAj9Y3QGEdE","6 days ago","0","UgzQGnIhEJFCNkWu3cl4AaABAg",,,,"Paklobutrazol: Solusi untuk Tanaman Kompak dan Produktif""","reply",,"HAj9Y3QGEdE",,"0"
"@PetaniDesaMandiri","true",,,,"Ugzm3roaJ58OAvJrNKZ4AaABAg.A92v9w03D_wA92wRzl486h","Bisa di sesuaikan dengan kondisi dan fulus pak😁,soale serba mahal pupuk",,"21",,,,"false",,,,"https://www.youtube.com/watch?v=2JblbjjCvn4","2 days ago","0","Ugzm3roaJ58OAvJrNKZ4AaABAg",,,,"🔴 Cara Tanam Jagung Bertongkol Besar! Panduan Lengkap Buat Petani Pemula! Mulai Tanam Sampai Panen","reply",,"2JblbjjCvn4",,"0"
"@beduhd8726","false",,,,"UgwVYazmfD9ncfCfTIN4AaABAg","benih sekilo habis pupuk urea 25kg ponska 25kg...total 50kg...",,"5",,,,"true",,,,"https://www.youtube.com/watch?v=gQuhl8FY1o8","9 days ago","1",,,,,"‼️Paket lengkap ‼️ Dosis & Aplikasi pupuk jagung mulai awal tanam sampai panen 🔥","comment",,"gQuhl8FY1o8",,"0"
"@muhammadikbal724","false",,,,"Ugz0xmvEKpLHUnT1YTd4AaABAg","Info harga pipil kering?",,"5",,,,"false",,,,"https://www.youtube.com/watch?v=gQuhl8FY1o8","9 days ago","0",,,,,"‼️Paket lengkap ‼️ Dosis & Aplikasi pupuk jagung mulai awal tanam sampai panen 🔥","comment",,"gQuhl8FY1o8",,"0"
"@JuruKetik","false",,,,"UgwFv8Rp21OR2Jc3HyZ4AaABAg","Siap paaak,semoga panen banyak",,"5",,,,"false",,,,"https://www.youtube.com/watch?v=gQuhl8FY1o8","13 days ago","0",,,,,"‼️Paket lengkap ‼️ Dosis & Aplikasi pupuk jagung mulai awal tanam sampai panen 🔥","comment",,"gQuhl8FY1o8",,"0"
"@SaharaTanitv","false",,,,"UgyhJ7-kF7HS8DubOlp4AaABAg","Nyimak bolo dr balikpapan kaltim",,"5",,,,"false",,,,"https://www.youtube.com/watch?v=gQuhl8FY1o8","13 days ago","0",,,,,"‼️Paket lengkap ‼️ Dosis & Aplikasi pupuk jagung mulai awal tanam sampai panen 🔥","comment",,"gQuhl8FY1o8",,"0"
"@PetaniDesaMandiri","true",,,,"UgxQ27EmDzmDvgX8aNd4AaABAg.A8q_SMw82SmA8qv8ABDy3l","Lhah",,"7",,,,"false",,,,"https://www.youtube.com/watch?v=HAj9Y3QGEdE","7 days ago","0","UgxQ27EmDzmDvgX8aNd4AaABAg",,,,"Paklobutrazol: Solusi untuk Tanaman Kompak dan Produktif""","reply",,"HAj9Y3QGEdE",,"0"
"@PetaniDesaMandiri","true",,,,"Ugx0_t-EsCnNspD3k3B4AaABAg.A92pnEDiP5FA92wL2X8xhI","Sumber Kepuh bos",,"21",,,,"false",,,,"https://www.youtube.com/watch?v=2JblbjjCvn4","2 days ago","0","Ugx0_t-EsCnNspD3k3B4AaABAg",,,,"🔴 Cara Tanam Jagung Bertongkol Besar! Panduan Lengkap Buat Petani Pemula! Mulai Tanam Sampai Panen","reply",,"2JblbjjCvn4",,"0"
"@PetaniDesaMandiri","true",,,,"UgwVYazmfD9ncfCfTIN4AaABAg.A8kYMXrrSKqA8lAZ6G7Ozc","Mantuuul",,"5",,,,"false",,,,"https://www.youtube.com/watch?v=gQuhl8FY1o8","9 days ago","0","UgwVYazmfD9ncfCfTIN4AaABAg",,,,"‼️Paket lengkap ‼️ Dosis & Aplikasi pupuk jagung mulai awal tanam sampai panen 🔥","reply",,"gQuhl8FY1o8",,"0"
"@PetaniDesaMandiri","true",,,,"UgwCuYOrxnMi9CDnYjN4AaABAg.A90AX1rI_PEA90Imrk1OVX","😅😅😅",,"21",,,,"false",,,,"https://www.youtube.com/watch?v=2JblbjjCvn4","3 days ago","0","UgwCuYOrxnMi9CDnYjN4AaABAg",,,,"🔴 Cara Tanam Jagung Bertongkol Besar! Panduan Lengkap Buat Petani Pemula! Mulai Tanam Sampai Panen","reply",,"2JblbjjCvn4",,"0"
,,"UCjQX6r71oYHPaxvHZ1clQZg","Petani Desa Mandiri","https://www.youtube.com/@PetaniDesaMandiri",,,,"0","2024-09-30T00:00:00.000Z",,,,"gEUranmS2jU",,"6",,,,,,,,"#kutipanmotivasi #memes #kutipaninspirasi #unik","shorts","https://www.youtube.com/shorts/gEUranmS2jU",,"618",
