﻿"author","authorIsChannelOwner","channelId","channelName","channelUrl","cid","comment","comments","commentsCount","commentsTurnedOff","date","descriptionLinks/0/text","descriptionLinks/0/url","descriptionLinks/1/text","descriptionLinks/1/url","descriptionLinks/2/text","descriptionLinks/2/url","descriptionLinks/3/text","descriptionLinks/3/url","descriptionLinks/4/text","descriptionLinks/4/url","descriptionLinks/5/text","descriptionLinks/5/url","descriptionLinks/6/text","descriptionLinks/6/url","descriptionLinks/7/text","descriptionLinks/7/url","duration","hasCreatorHeart","hashtags/0","hashtags/1","hashtags/2","id","isMonetized","likes","location","numberOfSubscribers","pageUrl","publishedTimeText","replyCount","replyToCid","subtitles","text","thumbnailUrl","title","type","url","videoId","viewCount","voteCount"
"@ekobambang6794","false",,,,"UgzKd-7qNA9j7AM37uV4AaABAg","Mantap pakDhe",,"6",,,,,,,,,,,,,,,,,,,,"false",,,,,,,,,"https://www.youtube.com/watch?v=LbqIX6RMqls","8 days ago","0",,,,,"COMPACT 22 F1, DI 300 MDPL, DAN PENGENDALIAN HPT","comment",,"LbqIX6RMqls",,"0"
"@lanturegeapping3558","false",,,,"UgxmEww6ZXJ4AZP-9lp4AaABAg","sukses petani mantap bibit bintang asia",,"6",,,,,,,,,,,,,,,,,,,,"false",,,,,,,,,"https://www.youtube.com/watch?v=LbqIX6RMqls","8 days ago","0",,,,,"COMPACT 22 F1, DI 300 MDPL, DAN PENGENDALIAN HPT","comment",,"LbqIX6RMqls",,"0"
"@mohamadcali8259","false",,,,"UgxS_p5Cr2ZE6JOPI6t4AaABAg","Sukses selalu pak",,"6",,,,,,,,,,,,,,,,,,,,"false",,,,,,,,,"https://www.youtube.com/watch?v=LbqIX6RMqls","9 days ago","1",,,,,"COMPACT 22 F1, DI 300 MDPL, DAN PENGENDALIAN HPT","comment",,"LbqIX6RMqls",,"0"
"@lanturegeapping3558","false",,,,"UgwscGx1MKzucPd6kAR4AaABAg","Mantap",,"6",,,,,,,,,,,,,,,,,,,,"true",,,,,,,,,"https://www.youtube.com/watch?v=LbqIX6RMqls","9 days ago","0",,,,,"COMPACT 22 F1, DI 300 MDPL, DAN PENGENDALIAN HPT","comment",,"LbqIX6RMqls",,"0"
"@MirnaningsihMurtaba","false",,,,"UgywlwksaC_KwgmcVyh4AaABAg","Suksesssssss",,"6",,,,,,,,,,,,,,,,,,,,"true",,,,,,,,,"https://www.youtube.com/watch?v=LbqIX6RMqls","9 days ago","0",,,,,"COMPACT 22 F1, DI 300 MDPL, DAN PENGENDALIAN HPT","comment",,"LbqIX6RMqls",,"0"
"@SalmaWati-z4f","false",,,,"UgyV6IPY0UDxv7Magf54AaABAg","Bintang asia memang mantap... Petaninya semakin sukses",,"10",,,,,,,,,,,,,,,,,,,,"false",,,,,,,,,"https://www.youtube.com/watch?v=IP-YASsypk8","2 weeks ago","0",,,,,"Tanam Paria TARING F1, SANGAT MENGUNTUNGKAN....","comment",,"IP-YASsypk8",,"0"
"@marniatimurtaba196","false",,,,"Ugyj3ZC922J2nga9Um94AaABAg","Mantap parianya",,"10",,,,,,,,,,,,,,,,,,,,"false",,,,,,,,,"https://www.youtube.com/watch?v=IP-YASsypk8","3 weeks ago","0",,,,,"Tanam Paria TARING F1, SANGAT MENGUNTUNGKAN....","comment",,"IP-YASsypk8",,"0"
"@sumardinas6729","false",,,,"Ugw2CNkF3E_p-gW-kZJ4AaABAg","Mantap",,"10",,,,,,,,,,,,,,,,,,,,"false",,,,,,,,,"https://www.youtube.com/watch?v=IP-YASsypk8","3 weeks ago","0",,,,,"Tanam Paria TARING F1, SANGAT MENGUNTUNGKAN....","comment",,"IP-YASsypk8",,"0"
"@Irfan01-sy2uy","false",,,,"UgzdXtFppXtDpkLZXp94AaABAg","memang produk bintang asia tidak pernah mengecewakan",,"10",,,,,,,,,,,,,,,,,,,,"false",,,,,,,,,"https://www.youtube.com/watch?v=IP-YASsypk8","3 weeks ago","0",,,,,"Tanam Paria TARING F1, SANGAT MENGUNTUNGKAN....","comment",,"IP-YASsypk8",,"0"
"@opeqbintangasia","false",,,,"UgyXRoTg44OZ_L8dt1l4AaABAg","Paria bercucuk hibrida.
Buah lebat.
Produksi tinggi.",,"10",,,,,,,,,,,,,,,,,,,,"false",,,,,,,,,"https://www.youtube.com/watch?v=IP-YASsypk8","3 weeks ago","0",,,,,"Tanam Paria TARING F1, SANGAT MENGUNTUNGKAN....","comment",,"IP-YASsypk8",,"0"
"@rahmatjanur-w4j","false",,,,"UgwQe04qbmg6kucsqvV4AaABAg","daerah mana pak",,"10",,,,,,,,,,,,,,,,,,,,"false",,,,,,,,,"https://www.youtube.com/watch?v=IP-YASsypk8","3 weeks ago","0",,,,,"Tanam Paria TARING F1, SANGAT MENGUNTUNGKAN....","comment",,"IP-YASsypk8",,"0"
"@ekobambang6794","false",,,,"UgxJrkhR4zRoT8P_kFh4AaABAg","Bintang asia bagus mmg bibitnya",,"10",,,,,,,,,,,,,,,,,,,,"false",,,,,,,,,"https://www.youtube.com/watch?v=IP-YASsypk8","3 weeks ago","0",,,,,"Tanam Paria TARING F1, SANGAT MENGUNTUNGKAN....","comment",,"IP-YASsypk8",,"0"
"@lanturegeapping3558","false",,,,"UgwIKr1lWbDRUSglF2x4AaABAg","Apa merek paria bintang asia",,"10",,,,,,,,,,,,,,,,,,,,"false",,,,,,,,,"https://www.youtube.com/watch?v=IP-YASsypk8","3 weeks ago","1",,,,,"Tanam Paria TARING F1, SANGAT MENGUNTUNGKAN....","comment",,"IP-YASsypk8",,"0"
"@Hileudmelon","false",,,,"UgxJaaU8m3dnPe8PurN4AaABAg","Sukses selalu bersama bintang asia",,"10",,,,,,,,,,,,,,,,,,,,"false",,,,,,,,,"https://www.youtube.com/watch?v=IP-YASsypk8","3 weeks ago","0",,,,,"Tanam Paria TARING F1, SANGAT MENGUNTUNGKAN....","comment",,"IP-YASsypk8",,"0"
"@Jefribintangasia","true",,,,"UgxS_p5Cr2ZE6JOPI6t4AaABAg.A8xgGU5yTf2A8yO2soKK9y","Aamiin ya rabbal Alamin",,"6",,,,,,,,,,,,,,,,,,,,"false",,,,,,,,,"https://www.youtube.com/watch?v=LbqIX6RMqls","8 days ago","0","UgxS_p5Cr2ZE6JOPI6t4AaABAg",,,,"COMPACT 22 F1, DI 300 MDPL, DAN PENGENDALIAN HPT","reply",,"LbqIX6RMqls",,"0"
"@Jefribintangasia","true",,,,"UgwIKr1lWbDRUSglF2x4AaABAg.A8Hb0lxK1lVA8HigMeAXzl","TARING F1",,"10",,,,,,,,,,,,,,,,,,,,"false",,,,,,,,,"https://www.youtube.com/watch?v=IP-YASsypk8","3 weeks ago","0","UgwIKr1lWbDRUSglF2x4AaABAg",,,,"Tanam Paria TARING F1, SANGAT MENGUNTUNGKAN....","reply",,"IP-YASsypk8",,"0"
"@SalmaWati-z4f","false",,,,"UgxQkvvdOccq_akgP754AaABAg","Bintang asia sukses... Petani nya pun sukses selalu❤❤",,"9",,,,,,,,,,,,,,,,,,,,"false",,,,,,,,,"https://www.youtube.com/watch?v=98J5Qnn8qYE","2 weeks ago","0",,,,,"SEMANGKA DIVA F1, BUAH BESAR, TAHAN SIMPAN, DAN MENGHASILKAN BANYAK CUAN...","comment",,"98J5Qnn8qYE",,"0"
"@dewina-h7r","false",,,,"Ugx1tC3wpvbwRXz1O5V4AaABAg","Mantap sehat selalu  petugas  lapangan bintang  asia",,"9",,,,,,,,,,,,,,,,,,,,"false",,,,,,,,,"https://www.youtube.com/watch?v=98J5Qnn8qYE","3 weeks ago","0",,,,,"SEMANGKA DIVA F1, BUAH BESAR, TAHAN SIMPAN, DAN MENGHASILKAN BANYAK CUAN...","comment",,"98J5Qnn8qYE",,"0"
"@AyuLestari-u8g","false",,,,"Ugzb81MSO_XKr19MArV4AaABAg","Itu buah ke berpa yang di besarkan",,"9",,,,,,,,,,,,,,,,,,,,"false",,,,,,,,,"https://www.youtube.com/watch?v=98J5Qnn8qYE","3 weeks ago","0",,,,,"SEMANGKA DIVA F1, BUAH BESAR, TAHAN SIMPAN, DAN MENGHASILKAN BANYAK CUAN...","comment",,"98J5Qnn8qYE",,"0"
"@samiseedsindonesia3973","false",,,,"UgxwJxMeVS95x0quUJt4AaABAg","Semangka",,"9",,,,,,,,,,,,,,,,,,,,"false",,,,,,,,,"https://www.youtube.com/watch?v=98J5Qnn8qYE","3 weeks ago","0",,,,,"SEMANGKA DIVA F1, BUAH BESAR, TAHAN SIMPAN, DAN MENGHASILKAN BANYAK CUAN...","comment",,"98J5Qnn8qYE",,"0"
"@lanturegeapping3558","false",,,,"Ugxji-nSveE7lyghpPN4AaABAg","Mantap bintang asia petani sejarah",,"9",,,,,,,,,,,,,,,,,,,,"false",,,,,,,,,"https://www.youtube.com/watch?v=98J5Qnn8qYE","3 weeks ago","0",,,,,"SEMANGKA DIVA F1, BUAH BESAR, TAHAN SIMPAN, DAN MENGHASILKAN BANYAK CUAN...","comment",,"98J5Qnn8qYE",,"0"
"@sumardinas6729","false",,,,"UgwP9GLJFvgJmpYp4gV4AaABAg","Mantap",,"9",,,,,,,,,,,,,,,,,,,,"false",,,,,,,,,"https://www.youtube.com/watch?v=98J5Qnn8qYE","3 weeks ago","0",,,,,"SEMANGKA DIVA F1, BUAH BESAR, TAHAN SIMPAN, DAN MENGHASILKAN BANYAK CUAN...","comment",,"98J5Qnn8qYE",,"0"
"@dewina-h7r","false",,,,"UgyHkUM9P65J76sbPbB4AaABAg","Petani  sukses  bintang  ASIA  mantap",,"9",,,,,,,,,,,,,,,,,,,,"false",,,,,,,,,"https://www.youtube.com/watch?v=98J5Qnn8qYE","3 weeks ago","0",,,,,"SEMANGKA DIVA F1, BUAH BESAR, TAHAN SIMPAN, DAN MENGHASILKAN BANYAK CUAN...","comment",,"98J5Qnn8qYE",,"0"
"@marniatimurtaba196","false",,,,"Ugw4WeRFEYmTWelg_jl4AaABAg","Luar biasa petani pemula tapi Alhamdulillah sukses. Petani luar biasa, benihnya juga luar biasa.

Mantap Benih Citra Asia",,"9",,,,,,,,,,,,,,,,,,,,"false",,,,,,,,,"https://www.youtube.com/watch?v=98J5Qnn8qYE","3 weeks ago","0",,,,,"SEMANGKA DIVA F1, BUAH BESAR, TAHAN SIMPAN, DAN MENGHASILKAN BANYAK CUAN...","comment",,"98J5Qnn8qYE",,"0"
"@opeqbintangasia","false",,,,"UgyS1Laeul7EaCyMm1l4AaABAg","MantaB, sukses untuk petani pemula ...",,"9",,,,,,,,,,,,,,,,,,,,"false",,,,,,,,,"https://www.youtube.com/watch?v=98J5Qnn8qYE","3 weeks ago","0",,,,,"SEMANGKA DIVA F1, BUAH BESAR, TAHAN SIMPAN, DAN MENGHASILKAN BANYAK CUAN...","comment",,"98J5Qnn8qYE",,"0"
"@ekobambang6794","false",,,,"UgyBsIcJYOoTb8VxSxJ4AaABAg","Benih unggul bintang asia",,"9",,,,,,,,,,,,,,,,,,,,"false",,,,,,,,,"https://www.youtube.com/watch?v=6W3RO6Ydtww","2 weeks ago","0",,,,,"BUDIDAYA CMB MEGATOP F1, CARA JITU PENGENDALIA HPT DIUSIA 30 HST","comment",,"6W3RO6Ydtww",,"0"
"@opeqbintangasia","false",,,,"UgzAnkfzDWhlkgM3H6h4AaABAg","Keren bang 
jossss:yougotthis:",,"9",,,,,,,,,,,,,,,,,,,,"false",,,,,,,,,"https://www.youtube.com/watch?v=6W3RO6Ydtww","2 weeks ago","0",,,,,"BUDIDAYA CMB MEGATOP F1, CARA JITU PENGENDALIA HPT DIUSIA 30 HST","comment",,"6W3RO6Ydtww",,"0"
"@IndraWati-t1s","false",,,,"UgytkHpaNq0blhs1SaB4AaABAg","Bintang Asia pasti bisa pasti sukses👍👍😊",,"9",,,,,,,,,,,,,,,,,,,,"false",,,,,,,,,"https://www.youtube.com/watch?v=6W3RO6Ydtww","2 weeks ago","0",,,,,"BUDIDAYA CMB MEGATOP F1, CARA JITU PENGENDALIA HPT DIUSIA 30 HST","comment",,"6W3RO6Ydtww",,"0"
"@SalmaWati-z4f","false",,,,"UgwuhDEVgnhPF-EVAdB4AaABAg","Mantap... Sukses selalu bintang asia❤❤",,"9",,,,,,,,,,,,,,,,,,,,"false",,,,,,,,,"https://www.youtube.com/watch?v=6W3RO6Ydtww","2 weeks ago","0",,,,,"BUDIDAYA CMB MEGATOP F1, CARA JITU PENGENDALIA HPT DIUSIA 30 HST","comment",,"6W3RO6Ydtww",,"0"
"@arismanari3501","false",,,,"Ugxr8Pt_wFanfTCKLOF4AaABAg","Mantap 👍👍👍",,"9",,,,,,,,,,,,,,,,,,,,"false",,,,,,,,,"https://www.youtube.com/watch?v=6W3RO6Ydtww","2 weeks ago","0",,,,,"BUDIDAYA CMB MEGATOP F1, CARA JITU PENGENDALIA HPT DIUSIA 30 HST","comment",,"6W3RO6Ydtww",,"0"
"@lanturegeapping3558","false",,,,"UgyW7tgbZB2Wt73eCtl4AaABAg","Mantap petani sukses",,"9",,,,,,,,,,,,,,,,,,,,"false",,,,,,,,,"https://www.youtube.com/watch?v=6W3RO6Ydtww","2 weeks ago","0",,,,,"BUDIDAYA CMB MEGATOP F1, CARA JITU PENGENDALIA HPT DIUSIA 30 HST","comment",,"6W3RO6Ydtww",,"0"
"@MirnaningsihMurtaba","false",,,,"UgwkBBacIIMF8YxqICx4AaABAg","Sukses selalu",,"9",,,,,,,,,,,,,,,,,,,,"false",,,,,,,,,"https://www.youtube.com/watch?v=6W3RO6Ydtww","2 weeks ago","0",,,,,"BUDIDAYA CMB MEGATOP F1, CARA JITU PENGENDALIA HPT DIUSIA 30 HST","comment",,"6W3RO6Ydtww",,"0"
"@febriantotopae8127","false",,,,"UgxmI7a_Ssr8xEWtqIp4AaABAg","Bintang asia keren",,"9",,,,,,,,,,,,,,,,,,,,"false",,,,,,,,,"https://www.youtube.com/watch?v=6W3RO6Ydtww","2 weeks ago","0",,,,,"BUDIDAYA CMB MEGATOP F1, CARA JITU PENGENDALIA HPT DIUSIA 30 HST","comment",,"6W3RO6Ydtww",,"0"
"@dewina-h7r","false",,,,"UgzhuSbK_IVTt-XD-MF4AaABAg","Mantap bintang  asia  petani  makin  sukses",,"9",,,,,,,,,,,,,,,,,,,,"false",,,,,,,,,"https://www.youtube.com/watch?v=6W3RO6Ydtww","2 weeks ago","0",,,,,"BUDIDAYA CMB MEGATOP F1, CARA JITU PENGENDALIA HPT DIUSIA 30 HST","comment",,"6W3RO6Ydtww",,"0"
,,"UCwdhX_B2f7bKw1N4Nnn6z5A","Jefri bintang asia","https://www.youtube.com/@Jefribintangasia",,,,"0","false","2024-09-27T11:04:06.000Z","#shortvideo","https://www.youtube.com/hashtag/shortvideo","#benihcitraasia","https://www.youtube.com/hashtag/benihcitraasia","#benihunggul","https://www.youtube.com/hashtag/benihunggul","#petanimuda","https://www.youtube.com/hashtag/petanimuda","#petanimilenial","https://www.youtube.com/hashtag/petanimilenial","#shortvideo","https://www.youtube.com/hashtag/shortvideo","#inovasianaknegeri","https://www.youtube.com/hashtag/inovasianaknegeri","#bintangasia","https://www.youtube.com/hashtag/bintangasia","00:11:24",,"#benihunggul","#petanimilenial","#shortvideo","m4m5bX0rByI",,"12",,"108",,,,,,"#shortvideo #benihcitraasia #benihunggul #petanimuda #petanimilenial #shortvideo #inovasianaknegeri #bintangasia","https://i.ytimg.com/vi/m4m5bX0rByI/maxresdefault.jpg?sqp=-oaymwEmCIAKENAF8quKqQMa8AEB-AH-CYAC0AWKAgwIABABGFIgZShkMA8=&rs=AOn4CLD0Hm_XR7508RR0eYtgRlIvXVjCfQ","CMB MEGATOP F1, MUDAH PERWATAN, MERAH BUAHNYA, BERAT TIMBANGANNYA, HASIL MELIMPAH","video","https://www.youtube.com/watch?v=m4m5bX0rByI",,"78",
"@dewina-h7r","false",,,,"UgxFF3RozdYRVUTrjPV4AaABAg","Mantap eeee.....",,"23",,,,,,,,,,,,,,,,,,,,"false",,,,,,,,,"https://www.youtube.com/watch?v=PxOb-zPwWgs","4 weeks ago","0",,,,,"CMK TAVI, MUDAH PERWATAN NO NO VIRUS...DIJATI BALI, KONAWE SELATAN","comment",,"PxOb-zPwWgs",,"0"
"@samiseedsindonesia3973","false",,,,"UgyW5n1nwI2x0HsoGWZ4AaABAg","Usahakan sound pengiring video jangan lebih besar dari suara kita.",,"23",,,,,,,,,,,,,,,,,,,,"false",,,,,,,,,"https://www.youtube.com/watch?v=PxOb-zPwWgs","1 month ago","1",,,,,"CMK TAVI, MUDAH PERWATAN NO NO VIRUS...DIJATI BALI, KONAWE SELATAN","comment",,"PxOb-zPwWgs",,"0"
"@samiseedsindonesia3973","false",,,,"UgzeBEgAXN5vxIg2bYd4AaABAg","Mantap bg",,"23",,,,,,,,,,,,,,,,,,,,"false",,,,,,,,,"https://www.youtube.com/watch?v=PxOb-zPwWgs","1 month ago","0",,,,,"CMK TAVI, MUDAH PERWATAN NO NO VIRUS...DIJATI BALI, KONAWE SELATAN","comment",,"PxOb-zPwWgs",,"0"
"@mustikasari3388","false",,,,"UgxBFqcuK3R0IAXcVT54AaABAg","Masyaallah",,"23",,,,,,,,,,,,,,,,,,,,"false",,,,,,,,,"https://www.youtube.com/watch?v=PxOb-zPwWgs","1 month ago","0",,,,,"CMK TAVI, MUDAH PERWATAN NO NO VIRUS...DIJATI BALI, KONAWE SELATAN","comment",,"PxOb-zPwWgs",,"0"
"@MusliminMuru","false",,,,"Ugz8ZncTEGVoM6Iulex4AaABAg","Mantap👍
Sukses slalu😁🥰🥰🥰",,"23",,,,,,,,,,,,,,,,,,,,"false",,,,,,,,,"https://www.youtube.com/watch?v=PxOb-zPwWgs","1 month ago","0",,,,,"CMK TAVI, MUDAH PERWATAN NO NO VIRUS...DIJATI BALI, KONAWE SELATAN","comment",,"PxOb-zPwWgs",,"0"
"@SUHARNIFIRUDDIN","false",,,,"Ugwy6XxC5Zij8oN1S3x4AaABAg","Sukses selalu",,"23",,,,,,,,,,,,,,,,,,,,"false",,,,,,,,,"https://www.youtube.com/watch?v=PxOb-zPwWgs","1 month ago","0",,,,,"CMK TAVI, MUDAH PERWATAN NO NO VIRUS...DIJATI BALI, KONAWE SELATAN","comment",,"PxOb-zPwWgs",,"0"
"@sahiraramsu7322","false",,,,"Ugyo7pNM5eH_7i-PhEJ4AaABAg","Bintang asia luar biasaa...",,"23",,,,,,,,,,,,,,,,,,,,"false",,,,,,,,,"https://www.youtube.com/watch?v=PxOb-zPwWgs","1 month ago","1",,,,,"CMK TAVI, MUDAH PERWATAN NO NO VIRUS...DIJATI BALI, KONAWE SELATAN","comment",,"PxOb-zPwWgs",,"0"
"@RamsiliLabahawa-mu9wi","false",,,,"UgxxokYRrS1C5sPogtV4AaABAg","bintang Asia memang oke",,"23",,,,,,,,,,,,,,,,,,,,"false",,,,,,,,,"https://www.youtube.com/watch?v=PxOb-zPwWgs","1 month ago","1",,,,,"CMK TAVI, MUDAH PERWATAN NO NO VIRUS...DIJATI BALI, KONAWE SELATAN","comment",,"PxOb-zPwWgs",,"0"
"@oderachman6189","false",,,,"UgzlqGlVsKU2Z44gSAx4AaABAg","Bintang asia luar biasa....",,"23",,,,,,,,,,,,,,,,,,,,"false",,,,,,,,,"https://www.youtube.com/watch?v=PxOb-zPwWgs","1 month ago","0",,,,,"CMK TAVI, MUDAH PERWATAN NO NO VIRUS...DIJATI BALI, KONAWE SELATAN","comment",,"PxOb-zPwWgs",,"0"
"@MirnaningsihMurtaba","false",,,,"UgwuODj9-ky6i-7wKRt4AaABAg","Sukses BPK maryam",,"23",,,,,,,,,,,,,,,,,,,,"false",,,,,,,,,"https://www.youtube.com/watch?v=PxOb-zPwWgs","1 month ago","1",,,,,"CMK TAVI, MUDAH PERWATAN NO NO VIRUS...DIJATI BALI, KONAWE SELATAN","comment",,"PxOb-zPwWgs",,"0"
"@lilaferniati","false",,,,"UgxdaCPvauKTBID-LaJ4AaABAg","Suara latarnya dikurangi pak",,"23",,,,,,,,,,,,,,,,,,,,"false",,,,,,,,,"https://www.youtube.com/watch?v=PxOb-zPwWgs","1 month ago","1",,,,,"CMK TAVI, MUDAH PERWATAN NO NO VIRUS...DIJATI BALI, KONAWE SELATAN","comment",,"PxOb-zPwWgs",,"0"
"@marniatimurtaba196","false",,,,"Ugzvzmvr7IW7P0MwFIx4AaABAg","Bintang Asia pasti bisa, pasti sukses.",,"23",,,,,,,,,,,,,,,,,,,,"false",,,,,,,,,"https://www.youtube.com/watch?v=PxOb-zPwWgs","1 month ago","1",,,,,"CMK TAVI, MUDAH PERWATAN NO NO VIRUS...DIJATI BALI, KONAWE SELATAN","comment",,"PxOb-zPwWgs",,"1"
"@rahmatjanur-w4j","false",,,,"UgwuvWNozZPUhgTRoih4AaABAg","suaranya terlalu pelan,  musinya terlalu keras",,"23",,,,,,,,,,,,,,,,,,,,"false",,,,,,,,,"https://www.youtube.com/watch?v=PxOb-zPwWgs","1 month ago","1",,,,,"CMK TAVI, MUDAH PERWATAN NO NO VIRUS...DIJATI BALI, KONAWE SELATAN","comment",,"PxOb-zPwWgs",,"1"
"@Hileudmelon","false",,,,"UgwzTo3FKLGHOIfdFG14AaABAg","Suaranya kecil bang.. Suara musiknya kebesaran",,"23",,,,,,,,,,,,,,,,,,,,"false",,,,,,,,,"https://www.youtube.com/watch?v=PxOb-zPwWgs","1 month ago","2",,,,,"CMK TAVI, MUDAH PERWATAN NO NO VIRUS...DIJATI BALI, KONAWE SELATAN","comment",,"PxOb-zPwWgs",,"1"
"@Jefribintangasia","true",,,,"UgyW5n1nwI2x0HsoGWZ4AaABAg.A874eFEuxwQA87n0yejxje"," @samiseedsindonesia3973  siap pak",,"23",,,,,,,,,,,,,,,,,,,,"false",,,,,,,,,"https://www.youtube.com/watch?v=PxOb-zPwWgs","4 weeks ago","0","UgyW5n1nwI2x0HsoGWZ4AaABAg",,,,"CMK TAVI, MUDAH PERWATAN NO NO VIRUS...DIJATI BALI, KONAWE SELATAN","reply",,"PxOb-zPwWgs",,"0"
"@mohamadcali8259","false",,,,"UgzcV3_NSl306XO1hXR4AaABAg","Buahnya banyak",,"7",,,,,,,,,,,,,,,,,,,,"false",,,,,,,,,"https://www.youtube.com/watch?v=s6jsx1bE-kw","3 weeks ago","0",,,,,"CMB DAMARA F1, TAHAN VIRUS","comment",,"s6jsx1bE-kw",,"0"
"@appinglanturege7310","false",,,,"Ugyf7AhHxf_5IErunjJ4AaABAg","Bintang asia mantap",,"7",,,,,,,,,,,,,,,,,,,,"false",,,,,,,,,"https://www.youtube.com/watch?v=s6jsx1bE-kw","4 weeks ago","0",,,,,"CMB DAMARA F1, TAHAN VIRUS","comment",,"s6jsx1bE-kw",,"0"
"@laharisi5910","false",,,,"UgyjTFJ9vWsiz76tUXt4AaABAg","Ini kang lahannya brpa hektare?",,"7",,,,,,,,,,,,,,,,,,,,"false",,,,,,,,,"https://www.youtube.com/watch?v=s6jsx1bE-kw","4 weeks ago","0",,,,,"CMB DAMARA F1, TAHAN VIRUS","comment",,"s6jsx1bE-kw",,"0"
"@laharisi5910","false",,,,"Ugxl8KxcE_dklPsT8eV4AaABAg","Mantaaap",,"7",,,,,,,,,,,,,,,,,,,,"false",,,,,,,,,"https://www.youtube.com/watch?v=s6jsx1bE-kw","4 weeks ago","0",,,,,"CMB DAMARA F1, TAHAN VIRUS","comment",,"s6jsx1bE-kw",,"0"
"@opeqbintangasia","false",,,,"UgzR8zyoTjrG0FVDrcZ4AaABAg","Tahan virus, tanaman tegak kompak, buah sedang, warna merah menyala.",,"7",,,,,,,,,,,,,,,,,,,,"false",,,,,,,,,"https://www.youtube.com/watch?v=s6jsx1bE-kw","4 weeks ago","0",,,,,"CMB DAMARA F1, TAHAN VIRUS","comment",,"s6jsx1bE-kw",,"0"
"@rahmatjanur-w4j","false",,,,"Ugx7SOp13BDKptYeWPF4AaABAg","bintang asia super",,"7",,,,,,,,,,,,,,,,,,,,"false",,,,,,,,,"https://www.youtube.com/watch?v=s6jsx1bE-kw","4 weeks ago","0",,,,,"CMB DAMARA F1, TAHAN VIRUS","comment",,"s6jsx1bE-kw",,"0"
"@ekobambang6794","false",,,,"UgxlXznAvQowfuvXpoZ4AaABAg","Mantap😊",,"7",,,,,,,,,,,,,,,,,,,,"false",,,,,,,,,"https://www.youtube.com/watch?v=s6jsx1bE-kw","1 month ago","0",,,,,"CMB DAMARA F1, TAHAN VIRUS","comment",,"s6jsx1bE-kw",,"1"
"@Jefribintangasia","true",,,,"Ugyo7pNM5eH_7i-PhEJ4AaABAg.A83zT4BtowbA84faVe3J22","Mksh pak",,"23",,,,,,,,,,,,,,,,,,,,"false",,,,,,,,,"https://www.youtube.com/watch?v=PxOb-zPwWgs","1 month ago","0","Ugyo7pNM5eH_7i-PhEJ4AaABAg",,,,"CMK TAVI, MUDAH PERWATAN NO NO VIRUS...DIJATI BALI, KONAWE SELATAN","reply",,"PxOb-zPwWgs",,"0"
"@Jefribintangasia","true",,,,"UgxxokYRrS1C5sPogtV4AaABAg.A83t6SotiPaA84fUhPEjtg","Mksh pak",,"23",,,,,,,,,,,,,,,,,,,,"false",,,,,,,,,"https://www.youtube.com/watch?v=PxOb-zPwWgs","1 month ago","0","UgxxokYRrS1C5sPogtV4AaABAg",,,,"CMK TAVI, MUDAH PERWATAN NO NO VIRUS...DIJATI BALI, KONAWE SELATAN","reply",,"PxOb-zPwWgs",,"0"
"@Toni-kv9xy","false",,,,"UgzoUe_pq0A8poecUf94AaABAg","Tahan akar gada gk bos",,"19",,,,,,,,,,,,,,,,,,,,"false",,,,,,,,,"https://www.youtube.com/watch?v=XEfaW38NK7Y","2 weeks ago","0",,,,,"KUBIS COMPACT  22 F1, MENGUNTUNGKAN","comment",,"XEfaW38NK7Y",,"0"
"@WatiniLaburunci","false",,,,"Ugzw8V03ZT8xwHkJIv54AaABAg","Mantap semoga sukses bintang asia",,"19",,,,,,,,,,,,,,,,,,,,"false",,,,,,,,,"https://www.youtube.com/watch?v=XEfaW38NK7Y","3 weeks ago","0",,,,,"KUBIS COMPACT  22 F1, MENGUNTUNGKAN","comment",,"XEfaW38NK7Y",,"0"
"@WatiniLaburunci","false",,,,"UgwT8j-NM-rRVsI2K5l4AaABAg","Mantap semoga sukses bintang asia",,"19",,,,,,,,,,,,,,,,,,,,"false",,,,,,,,,"https://www.youtube.com/watch?v=XEfaW38NK7Y","3 weeks ago","0",,,,,"KUBIS COMPACT  22 F1, MENGUNTUNGKAN","comment",,"XEfaW38NK7Y",,"0"
"@WatiniLaburunci","false",,,,"UgxVnTW5q7inQYFG8TZ4AaABAg","Mantap",,"19",,,,,,,,,,,,,,,,,,,,"false",,,,,,,,,"https://www.youtube.com/watch?v=XEfaW38NK7Y","3 weeks ago","0",,,,,"KUBIS COMPACT  22 F1, MENGUNTUNGKAN","comment",,"XEfaW38NK7Y",,"0"
"@Lafiu88Lafiu","false",,,,"UgyYnqWS1fVDD1R6F-p4AaABAg","Terus kembangkan petani kita.",,"19",,,,,,,,,,,,,,,,,,,,"false",,,,,,,,,"https://www.youtube.com/watch?v=XEfaW38NK7Y","4 weeks ago","0",,,,,"KUBIS COMPACT  22 F1, MENGUNTUNGKAN","comment",,"XEfaW38NK7Y",,"0"
"@BintangasiA_TV","false",,,,"Ugw8zeXSb5msfviTCaF4AaABAg","Mantap Pak 🥰🥰🥰",,"19",,,,,,,,,,,,,,,,,,,,"false",,,,,,,,,"https://www.youtube.com/watch?v=XEfaW38NK7Y","1 month ago","1",,,,,"KUBIS COMPACT  22 F1, MENGUNTUNGKAN","comment",,"XEfaW38NK7Y",,"1"
"@Bubu_cat_art01","false",,,,"UgyxLrwtOAfl7PkeRk14AaABAg","Semangka boleh..😂",,"19",,,,,,,,,,,,,,,,,,,,"false",,,,,,,,,"https://www.youtube.com/watch?v=XEfaW38NK7Y","1 month ago","0",,,,,"KUBIS COMPACT  22 F1, MENGUNTUNGKAN","comment",,"XEfaW38NK7Y",,"0"
"@user-de5pj8lb1m","false",,,,"UgxsCb20ZyJdPWyXi-F4AaABAg","👍 
Kubis hibrida, Crop bulat dan padat, Warna daun hijau gelap, Tidak mudah pecah, Tahan dikirim jarak jauh, Produksi tinggi, Adaptasi luas",,"19",,,,,,,,,,,,,,,,,,,,"false",,,,,,,,,"https://www.youtube.com/watch?v=XEfaW38NK7Y","1 month ago","0",,,,,"KUBIS COMPACT  22 F1, MENGUNTUNGKAN","comment",,"XEfaW38NK7Y",,"0"
"@marniatimurtaba196","false",,,,"Ugzylb8lisxBh4qA7kN4AaABAg","Bintang Asia pasti bisa, pasti sukses",,"19",,,,,,,,,,,,,,,,,,,,"true",,,,,,,,,"https://www.youtube.com/watch?v=XEfaW38NK7Y","1 month ago","1",,,,,"KUBIS COMPACT  22 F1, MENGUNTUNGKAN","comment",,"XEfaW38NK7Y",,"1"
"@BPPLasalimuSelatan","false",,,,"UgwlRw2E5M2bSRGpHcB4AaABAg","Tetap semangat bersama petani..",,"19",,,,,,,,,,,,,,,,,,,,"true",,,,,,,,,"https://www.youtube.com/watch?v=XEfaW38NK7Y","1 month ago","1",,,,,"KUBIS COMPACT  22 F1, MENGUNTUNGKAN","comment",,"XEfaW38NK7Y",,"1"
"@agussugianto8785","false",,,,"UgwU2aiFzwz1rzNP7MF4AaABAg","Terus inovani bintang asia,kami petani sukses bersama , produk anak negri ,,, bintang asia❤",,"19",,,,,,,,,,,,,,,,,,,,"true",,,,,,,,,"https://www.youtube.com/watch?v=XEfaW38NK7Y","1 month ago","1",,,,,"KUBIS COMPACT  22 F1, MENGUNTUNGKAN","comment",,"XEfaW38NK7Y",,"1"
"@Hileudmelon","false",,,,"UgzIuTMbpcv4jrqDEw14AaABAg","Sukses bersama benih bintang asia.. Produk anak bangsa kebanggaan petani indonesia",,"19",,,,,,,,,,,,,,,,,,,,"true",,,,,,,,,"https://www.youtube.com/watch?v=XEfaW38NK7Y","1 month ago","1",,,,,"KUBIS COMPACT  22 F1, MENGUNTUNGKAN","comment",,"XEfaW38NK7Y",,"0"
"@appinglanturege7310","false",,,,"UgwhNUFxUbsT71Zp5Hh4AaABAg","Mantap bintang asia",,"19",,,,,,,,,,,,,,,,,,,,"true",,,,,,,,,"https://www.youtube.com/watch?v=XEfaW38NK7Y","1 month ago","1",,,,,"KUBIS COMPACT  22 F1, MENGUNTUNGKAN","comment",,"XEfaW38NK7Y",,"1"
"@Jefribintangasia","true",,,,"Ugw8zeXSb5msfviTCaF4AaABAg.A7zZp5rPXI4A8-jqu7CeRK","Siap pak",,"19",,,,,,,,,,,,,,,,,,,,"false",,,,,,,,,"https://www.youtube.com/watch?v=XEfaW38NK7Y","1 month ago","0","Ugw8zeXSb5msfviTCaF4AaABAg",,,,"KUBIS COMPACT  22 F1, MENGUNTUNGKAN","reply",,"XEfaW38NK7Y",,"0"
"@Jefribintangasia","true",,,,"Ugzylb8lisxBh4qA7kN4AaABAg.A7xKnk-iP_aA7xRZhpK8pM","Terimakasih",,"19",,,,,,,,,,,,,,,,,,,,"false",,,,,,,,,"https://www.youtube.com/watch?v=XEfaW38NK7Y","1 month ago","0","Ugzylb8lisxBh4qA7kN4AaABAg",,,,"KUBIS COMPACT  22 F1, MENGUNTUNGKAN","reply",,"XEfaW38NK7Y",,"0"
"@Jefribintangasia","true",,,,"UgwlRw2E5M2bSRGpHcB4AaABAg.A7xJnT03_wPA7xRYHlmSIm","Terimakasih BPP lasalimu selatan",,"19",,,,,,,,,,,,,,,,,,,,"false",,,,,,,,,"https://www.youtube.com/watch?v=XEfaW38NK7Y","1 month ago","0","UgwlRw2E5M2bSRGpHcB4AaABAg",,,,"KUBIS COMPACT  22 F1, MENGUNTUNGKAN","reply",,"XEfaW38NK7Y",,"0"
"@Jefribintangasia","true",,,,"UgwU2aiFzwz1rzNP7MF4AaABAg.A7xIni6k8-1A7xRfAEyLIP","Aamin ya rabbal alamin",,"19",,,,,,,,,,,,,,,,,,,,"false",,,,,,,,,"https://www.youtube.com/watch?v=XEfaW38NK7Y","1 month ago","0","UgwU2aiFzwz1rzNP7MF4AaABAg",,,,"KUBIS COMPACT  22 F1, MENGUNTUNGKAN","reply",,"XEfaW38NK7Y",,"0"
"@Jefribintangasia","true",,,,"UgzIuTMbpcv4jrqDEw14AaABAg.A7xHgC6x6wqA7xIX6Sb3-b","Terimakasih",,"19",,,,,,,,,,,,,,,,,,,,"false",,,,,,,,,"https://www.youtube.com/watch?v=XEfaW38NK7Y","1 month ago","0","UgzIuTMbpcv4jrqDEw14AaABAg",,,,"KUBIS COMPACT  22 F1, MENGUNTUNGKAN","reply",,"XEfaW38NK7Y",,"0"
"@Jefribintangasia","true",,,,"UgwhNUFxUbsT71Zp5Hh4AaABAg.A7xGpEZUoWPA7xRUjXucUL","Mksh",,"19",,,,,,,,,,,,,,,,,,,,"false",,,,,,,,,"https://www.youtube.com/watch?v=XEfaW38NK7Y","1 month ago","0","UgwhNUFxUbsT71Zp5Hh4AaABAg",,,,"KUBIS COMPACT  22 F1, MENGUNTUNGKAN","reply",,"XEfaW38NK7Y",,"0"
"@Jefribintangasia","true",,,,"UgwuODj9-ky6i-7wKRt4AaABAg.A83raYJQMR8A84fXAiaaGJ","Aamin ya rabbal alamin",,"23",,,,,,,,,,,,,,,,,,,,"false",,,,,,,,,"https://www.youtube.com/watch?v=PxOb-zPwWgs","1 month ago","0","UgwuODj9-ky6i-7wKRt4AaABAg",,,,"CMK TAVI, MUDAH PERWATAN NO NO VIRUS...DIJATI BALI, KONAWE SELATAN","reply",,"PxOb-zPwWgs",,"0"
"@SaharGundang-i1l","false",,,,"Ugzt6-qq2q4wLopVdkJ4AaABAg","Bintang asia mantap. 👍👍",,"9",,,,,,,,,,,,,,,,,,,,"false",,,,,,,,,"https://www.youtube.com/watch?v=cQ4VY8lK2lU","2 weeks ago","0",,,,,"PANEN SEMANGKA NON BIJI LAZIO F1, MUDAH PERWATAN DAN HASIL MELIMPAH 🤑💸💵💴💶💰💳🤑💸💵💴💶💰💳","comment",,"cQ4VY8lK2lU",,"0"
"@SalmaWati-z4f","false",,,,"UgxxtzTNEWjbso-zolp4AaABAg","Sukses petaninya. 

Bintang asia prodak nya",,"9",,,,,,,,,,,,,,,,,,,,"false",,,,,,,,,"https://www.youtube.com/watch?v=cQ4VY8lK2lU","2 weeks ago","0",,,,,"PANEN SEMANGKA NON BIJI LAZIO F1, MUDAH PERWATAN DAN HASIL MELIMPAH 🤑💸💵💴💶💰💳🤑💸💵💴💶💰💳","comment",,"cQ4VY8lK2lU",,"0"
"@opeqbintangasia","false",,,,"UgzMKWkve9tIWck1ilp4AaABAg","Buahnya gelap pasti dagingnya merah dan manis😘😋",,"9",,,,,,,,,,,,,,,,,,,,"false",,,,,,,,,"https://www.youtube.com/watch?v=cQ4VY8lK2lU","3 weeks ago","0",,,,,"PANEN SEMANGKA NON BIJI LAZIO F1, MUDAH PERWATAN DAN HASIL MELIMPAH 🤑💸💵💴💶💰💳🤑💸💵💴💶💰💳","comment",,"cQ4VY8lK2lU",,"0"
"@marniatimurtaba196","false",,,,"UgwCTxZkym9kcTCxF-t4AaABAg","Mantap petaninya. Mantap benihnya...

Kalau mau menanam, jangan lupa benihnya dari Bintang Asia",,"9",,,,,,,,,,,,,,,,,,,,"false",,,,,,,,,"https://www.youtube.com/watch?v=cQ4VY8lK2lU","3 weeks ago","0",,,,,"PANEN SEMANGKA NON BIJI LAZIO F1, MUDAH PERWATAN DAN HASIL MELIMPAH 🤑💸💵💴💶💰💳🤑💸💵💴💶💰💳","comment",,"cQ4VY8lK2lU",,"0"
"@lanturegeapping3558","false",,,,"Ugz7JnmQXTDpPA-K5gh4AaABAg","Alhamdulillah semangka bintang asia mantap",,"9",,,,,,,,,,,,,,,,,,,,"false",,,,,,,,,"https://www.youtube.com/watch?v=cQ4VY8lK2lU","3 weeks ago","0",,,,,"PANEN SEMANGKA NON BIJI LAZIO F1, MUDAH PERWATAN DAN HASIL MELIMPAH 🤑💸💵💴💶💰💳🤑💸💵💴💶💰💳","comment",,"cQ4VY8lK2lU",,"0"
"@ekobambang6794","false",,,,"Ugy_8ym4KpoX26r5usV4AaABAg","Mantap bapak",,"9",,,,,,,,,,,,,,,,,,,,"true",,,,,,,,,"https://www.youtube.com/watch?v=cQ4VY8lK2lU","3 weeks ago","1",,,,,"PANEN SEMANGKA NON BIJI LAZIO F1, MUDAH PERWATAN DAN HASIL MELIMPAH 🤑💸💵💴💶💰💳🤑💸💵💴💶💰💳","comment",,"cQ4VY8lK2lU",,"1"
"@dewina-h7r","false",,,,"UgwDeD3n552DrdqSqBJ4AaABAg","Mantap",,"9",,,,,,,,,,,,,,,,,,,,"true",,,,,,,,,"https://www.youtube.com/watch?v=cQ4VY8lK2lU","3 weeks ago","1",,,,,"PANEN SEMANGKA NON BIJI LAZIO F1, MUDAH PERWATAN DAN HASIL MELIMPAH 🤑💸💵💴💶💰💳🤑💸💵💴💶💰💳","comment",,"cQ4VY8lK2lU",,"1"
"@Jefribintangasia","true",,,,"Ugy_8ym4KpoX26r5usV4AaABAg.A8KQ9WriQCNA8KSsdOFWaq","Terima kasih pak",,"9",,,,,,,,,,,,,,,,,,,,"false",,,,,,,,,"https://www.youtube.com/watch?v=cQ4VY8lK2lU","3 weeks ago","0","Ugy_8ym4KpoX26r5usV4AaABAg",,,,"PANEN SEMANGKA NON BIJI LAZIO F1, MUDAH PERWATAN DAN HASIL MELIMPAH 🤑💸💵💴💶💰💳🤑💸💵💴💶💰💳","reply",,"cQ4VY8lK2lU",,"0"
"@Jefribintangasia","true",,,,"UgwDeD3n552DrdqSqBJ4AaABAg.A8KOtkCAgoBA8KSthortVQ","Terimakasih",,"9",,,,,,,,,,,,,,,,,,,,"false",,,,,,,,,"https://www.youtube.com/watch?v=cQ4VY8lK2lU","3 weeks ago","0","UgwDeD3n552DrdqSqBJ4AaABAg",,,,"PANEN SEMANGKA NON BIJI LAZIO F1, MUDAH PERWATAN DAN HASIL MELIMPAH 🤑💸💵💴💶💰💳🤑💸💵💴💶💰💳","reply",,"cQ4VY8lK2lU",,"0"
"@IqraWati-w7s","false",,,,"UgxicorU0_NUeQfYKCN4AaABAg","Mnyalaa pamannkuuuu💯",,"10",,,,,,,,,,,,,,,,,,,,"false",,,,,,,,,"https://www.youtube.com/watch?v=TMrdOStrMOI","3 weeks ago","0",,,,,"CMB MEGATOP F1,  BUAH LEBAT, TAHAN SIMPAN DAN PENGIRIMAN","comment",,"TMrdOStrMOI",,"0"
"@laharisi5910","false",,,,"Ugzy9AS_3IQ55gWI_vx4AaABAg","🎉",,"10",,,,,,,,,,,,,,,,,,,,"false",,,,,,,,,"https://www.youtube.com/watch?v=TMrdOStrMOI","3 weeks ago","0",,,,,"CMB MEGATOP F1,  BUAH LEBAT, TAHAN SIMPAN DAN PENGIRIMAN","comment",,"TMrdOStrMOI",,"0"
"@opeqbintangasia","false",,,,"UgxX632YEbtE9tk5OtF4AaABAg","Cabe besar tipe tewe.
Tanaman tinggi.
Produksi tinggi.
Bisa petik hijau dan merah.
Daya simpan lama.
Adaptif dataran rendah-tinggi.",,"10",,,,,,,,,,,,,,,,,,,,"false",,,,,,,,,"https://www.youtube.com/watch?v=TMrdOStrMOI","3 weeks ago","0",,,,,"CMB MEGATOP F1,  BUAH LEBAT, TAHAN SIMPAN DAN PENGIRIMAN","comment",,"TMrdOStrMOI",,"0"
"@riswandihamzah7305","false",,,,"UgzLcI_21myJgmG78rh4AaABAg","Mantap memang om Jefri ini",,"10",,,,,,,,,,,,,,,,,,,,"false",,,,,,,,,"https://www.youtube.com/watch?v=TMrdOStrMOI","3 weeks ago","0",,,,,"CMB MEGATOP F1,  BUAH LEBAT, TAHAN SIMPAN DAN PENGIRIMAN","comment",,"TMrdOStrMOI",,"0"
"@tommyutomo4716","false",,,,"UgxJ6SEWD4TtziKR2B54AaABAg","keren kakak....sukses yaa kakak",,"10",,,,,,,,,,,,,,,,,,,,"false",,,,,,,,,"https://www.youtube.com/watch?v=TMrdOStrMOI","3 weeks ago","0",,,,,"CMB MEGATOP F1,  BUAH LEBAT, TAHAN SIMPAN DAN PENGIRIMAN","comment",,"TMrdOStrMOI",,"0"
"@Pratiwiwinda","false",,,,"UgzGCiDJ-SVj2zOJDYZ4AaABAg","mntp🔥",,"10",,,,,,,,,,,,,,,,,,,,"false",,,,,,,,,"https://www.youtube.com/watch?v=TMrdOStrMOI","3 weeks ago","0",,,,,"CMB MEGATOP F1,  BUAH LEBAT, TAHAN SIMPAN DAN PENGIRIMAN","comment",,"TMrdOStrMOI",,"0"
"@RAHMATTulah-y5r","false",,,,"UgwlGbSgSVHcgt7pMHl4AaABAg","Mantap",,"10",,,,,,,,,,,,,,,,,,,,"false",,,,,,,,,"https://www.youtube.com/watch?v=TMrdOStrMOI","3 weeks ago","0",,,,,"CMB MEGATOP F1,  BUAH LEBAT, TAHAN SIMPAN DAN PENGIRIMAN","comment",,"TMrdOStrMOI",,"0"
"@rahmatjanur-w4j","false",,,,"UgyiXBaAxWqb47jvYyl4AaABAg","cabe besar megatop f1 memang top",,"10",,,,,,,,,,,,,,,,,,,,"false",,,,,,,,,"https://www.youtube.com/watch?v=TMrdOStrMOI","3 weeks ago","0",,,,,"CMB MEGATOP F1,  BUAH LEBAT, TAHAN SIMPAN DAN PENGIRIMAN","comment",,"TMrdOStrMOI",,"0"
"@mohamadcali8259","false",,,,"Ugyz1kWg0hE8tYuzzWN4AaABAg","Mantap pak",,"10",,,,,,,,,,,,,,,,,,,,"false",,,,,,,,,"https://www.youtube.com/watch?v=TMrdOStrMOI","3 weeks ago","0",,,,,"CMB MEGATOP F1,  BUAH LEBAT, TAHAN SIMPAN DAN PENGIRIMAN","comment",,"TMrdOStrMOI",,"0"
"@dewina-h7r","false",,,,"UgwTJHLN2pi84m312n94AaABAg","mantap",,"10",,,,,,,,,,,,,,,,,,,,"false",,,,,,,,,"https://www.youtube.com/watch?v=TMrdOStrMOI","3 weeks ago","0",,,,,"CMB MEGATOP F1,  BUAH LEBAT, TAHAN SIMPAN DAN PENGIRIMAN","comment",,"TMrdOStrMOI",,"0"
"@SaharGundang-i1l","false",,,,"UgwRiBCcERf6nnf1eRx4AaABAg","Ikut bljar pak.",,"14",,,,,,,,,,,,,,,,,,,,"false",,,,,,,,,"https://www.youtube.com/watch?v=jD0CSG94YIQ","2 weeks ago","0",,,,,"TANAM MELON LEONI MH F1, PANEN MELIMPAH...","comment",,"jD0CSG94YIQ",,"0"
"@laodehwandi5686","false",,,,"UgxHrJOBouHDseDobHp4AaABAg","Bitang asia pasti bisah pasti sukses",,"14",,,,,,,,,,,,,,,,,,,,"true",,,,,,,,,"https://www.youtube.com/watch?v=jD0CSG94YIQ","3 weeks ago","1",,,,,"TANAM MELON LEONI MH F1, PANEN MELIMPAH...","comment",,"jD0CSG94YIQ",,"1"
"@ernirahmi","false",,,,"UgzlIYw7QDM9YAE57vd4AaABAg","Mantap bintang Asia",,"14",,,,,,,,,,,,,,,,,,,,"true",,,,,,,,,"https://www.youtube.com/watch?v=jD0CSG94YIQ","3 weeks ago","1",,,,,"TANAM MELON LEONI MH F1, PANEN MELIMPAH...","comment",,"jD0CSG94YIQ",,"1"
"@SalmaWati-z4f","false",,,,"UgyX-_Uhr1JmyVN1DWZ4AaABAg","Mantap... Bintang asia pasti bisa pasti sukses",,"14",,,,,,,,,,,,,,,,,,,,"true",,,,,,,,,"https://www.youtube.com/watch?v=jD0CSG94YIQ","3 weeks ago","1",,,,,"TANAM MELON LEONI MH F1, PANEN MELIMPAH...","comment",,"jD0CSG94YIQ",,"1"
"@dewina-h7r","false",,,,"UgzONVHXK-_mt3CccA54AaABAg","Mantap petani  melon bibit bintang  asia  mantap",,"14",,,,,,,,,,,,,,,,,,,,"true",,,,,,,,,"https://www.youtube.com/watch?v=jD0CSG94YIQ","3 weeks ago","1",,,,,"TANAM MELON LEONI MH F1, PANEN MELIMPAH...","comment",,"jD0CSG94YIQ",,"1"
"@marniatimurtaba196","false",,,,"UgxuOagRzpv7J_-f3h14AaABAg","Melon bintang Asia, Luar biasa",,"14",,,,,,,,,,,,,,,,,,,,"true",,,,,,,,,"https://www.youtube.com/watch?v=jD0CSG94YIQ","3 weeks ago","0",,,,,"TANAM MELON LEONI MH F1, PANEN MELIMPAH...","comment",,"jD0CSG94YIQ",,"1"
"@lanturegeapping3558","false",,,,"UgzOyp9UCTLnU6xzeCZ4AaABAg","Mantap melon  bintang asia",,"14",,,,,,,,,,,,,,,,,,,,"true",,,,,,,,,"https://www.youtube.com/watch?v=jD0CSG94YIQ","3 weeks ago","1",,,,,"TANAM MELON LEONI MH F1, PANEN MELIMPAH...","comment",,"jD0CSG94YIQ",,"1"
"@opeqbintangasia","false",,,,"UgzJV-iGcb6fxOjn3d94AaABAg","MantaB, Buahnya Besar Besar",,"14",,,,,,,,,,,,,,,,,,,,"true",,,,,,,,,"https://www.youtube.com/watch?v=jD0CSG94YIQ","3 weeks ago","1",,,,,"TANAM MELON LEONI MH F1, PANEN MELIMPAH...","comment",,"jD0CSG94YIQ",,"1"
"@Jefribintangasia","true",,,,"UgxHrJOBouHDseDobHp4AaABAg.A8UKPNIxALWA8UmxyKYcL0"," @laodehwandi5686  aamiin ya rabbal Alamin",,"14",,,,,,,,,,,,,,,,,,,,"false",,,,,,,,,"https://www.youtube.com/watch?v=jD0CSG94YIQ","2 weeks ago","0","UgxHrJOBouHDseDobHp4AaABAg",,,,"TANAM MELON LEONI MH F1, PANEN MELIMPAH...","reply",,"jD0CSG94YIQ",,"0"
"@Jefribintangasia","true",,,,"UgzlIYw7QDM9YAE57vd4AaABAg.A8UIap_ZEjOA8Umr1EGMxT"," @ernirahmi  mksh",,"14",,,,,,,,,,,,,,,,,,,,"false",,,,,,,,,"https://www.youtube.com/watch?v=jD0CSG94YIQ","2 weeks ago","0","UgzlIYw7QDM9YAE57vd4AaABAg",,,,"TANAM MELON LEONI MH F1, PANEN MELIMPAH...","reply",,"jD0CSG94YIQ",,"0"
"@Jefribintangasia","true",,,,"UgyX-_Uhr1JmyVN1DWZ4AaABAg.A8UH60T3e3FA8UmsSygWIH"," @SalmaWati-z4f  aamiin ya rabbal Alamin",,"14",,,,,,,,,,,,,,,,,,,,"false",,,,,,,,,"https://www.youtube.com/watch?v=jD0CSG94YIQ","2 weeks ago","0","UgyX-_Uhr1JmyVN1DWZ4AaABAg",,,,"TANAM MELON LEONI MH F1, PANEN MELIMPAH...","reply",,"jD0CSG94YIQ",,"0"
"@Jefribintangasia","true",,,,"UgzONVHXK-_mt3CccA54AaABAg.A8U8RCVvuxZA8Umuz14sSc"," @dewina-h7r  boleh ditanm",,"14",,,,,,,,,,,,,,,,,,,,"false",,,,,,,,,"https://www.youtube.com/watch?v=jD0CSG94YIQ","2 weeks ago","0","UgzONVHXK-_mt3CccA54AaABAg",,,,"TANAM MELON LEONI MH F1, PANEN MELIMPAH...","reply",,"jD0CSG94YIQ",,"0"
"@Jefribintangasia","true",,,,"UgxdaCPvauKTBID-LaJ4AaABAg.A83oD5AqHHkA83rCTcsMFG","Terimakasih sarannya pak👍",,"23",,,,,,,,,,,,,,,,,,,,"false",,,,,,,,,"https://www.youtube.com/watch?v=PxOb-zPwWgs","1 month ago","0","UgxdaCPvauKTBID-LaJ4AaABAg",,,,"CMK TAVI, MUDAH PERWATAN NO NO VIRUS...DIJATI BALI, KONAWE SELATAN","reply",,"PxOb-zPwWgs",,"1"
"@Jefribintangasia","true",,,,"Ugzvzmvr7IW7P0MwFIx4AaABAg.A83naM2HIdrA83rIPKl7x7","Aamiin ya rabbal Alamin",,"23",,,,,,,,,,,,,,,,,,,,"false",,,,,,,,,"https://www.youtube.com/watch?v=PxOb-zPwWgs","1 month ago","0","Ugzvzmvr7IW7P0MwFIx4AaABAg",,,,"CMK TAVI, MUDAH PERWATAN NO NO VIRUS...DIJATI BALI, KONAWE SELATAN","reply",,"PxOb-zPwWgs",,"1"
"@Jefribintangasia","true",,,,"UgzOyp9UCTLnU6xzeCZ4AaABAg.A8Rs--mM66yA8T2EZVavOo","Mksh",,"14",,,,,,,,,,,,,,,,,,,,"false",,,,,,,,,"https://www.youtube.com/watch?v=jD0CSG94YIQ","3 weeks ago","0","UgzOyp9UCTLnU6xzeCZ4AaABAg",,,,"TANAM MELON LEONI MH F1, PANEN MELIMPAH...","reply",,"jD0CSG94YIQ",,"0"
"@Jefribintangasia","true",,,,"UgzJV-iGcb6fxOjn3d94AaABAg.A8Re6ntKk8hA8T2CcIlUQl","Mkah",,"14",,,,,,,,,,,,,,,,,,,,"false",,,,,,,,,"https://www.youtube.com/watch?v=jD0CSG94YIQ","3 weeks ago","0","UgzJV-iGcb6fxOjn3d94AaABAg",,,,"TANAM MELON LEONI MH F1, PANEN MELIMPAH...","reply",,"jD0CSG94YIQ",,"0"
"@Jefribintangasia","true",,,,"UgwuvWNozZPUhgTRoih4AaABAg.A83izL1HKfOA83rGdZdz_Y","Terimakasih sarannya pak",,"23",,,,,,,,,,,,,,,,,,,,"false",,,,,,,,,"https://www.youtube.com/watch?v=PxOb-zPwWgs","1 month ago","0","UgwuvWNozZPUhgTRoih4AaABAg",,,,"CMK TAVI, MUDAH PERWATAN NO NO VIRUS...DIJATI BALI, KONAWE SELATAN","reply",,"PxOb-zPwWgs",,"0"
"@Jefribintangasia","true",,,,"UgwzTo3FKLGHOIfdFG14AaABAg.A83QNlc0hCRA83rEP-9-CN","Terimakasih sarannya pak",,"23",,,,,,,,,,,,,,,,,,,,"false",,,,,,,,,"https://www.youtube.com/watch?v=PxOb-zPwWgs","1 month ago","0","UgwzTo3FKLGHOIfdFG14AaABAg",,,,"CMK TAVI, MUDAH PERWATAN NO NO VIRUS...DIJATI BALI, KONAWE SELATAN","reply",,"PxOb-zPwWgs",,"0"
"@Jefribintangasia","true",,,,"UgwzTo3FKLGHOIfdFG14AaABAg.A83QNlc0hCRA83rFIWkvVi","Terimakasih sarannya pak",,"23",,,,,,,,,,,,,,,,,,,,"false",,,,,,,,,"https://www.youtube.com/watch?v=PxOb-zPwWgs","1 month ago","0","UgwzTo3FKLGHOIfdFG14AaABAg",,,,"CMK TAVI, MUDAH PERWATAN NO NO VIRUS...DIJATI BALI, KONAWE SELATAN","reply",,"PxOb-zPwWgs",,"0"
