﻿"attachments/0/target/__typename","attachments/0/target/id","attachments/0/target/matching_quantity","attachments/0/target/spark_quantity","attachments/0/target/stars_image_on_star_quantity","attachments/0/target/virtual_gift","attachments/0/target/virtual_gift_type/__typename","attachments/0/target/virtual_gift_type/gift_animated_image","attachments/0/target/virtual_gift_type/gift_image","attachments/0/target/virtual_gift_type/gift_keyframe_asset_name","attachments/0/target/virtual_gift_type/gift_keyframe_asset_url","attachments/0/target/virtual_gift_type/id","commentUrl","comments/0/commentUrl","comments/0/date","comments/0/feedbackId","comments/0/id","comments/0/likesCount","comments/0/parentComment/author/__typename","comments/0/parentComment/author/id","comments/0/parentComment/author/name","comments/0/parentComment/author/short_name","comments/0/parentComment/id","comments/0/profileId","comments/0/profileName","comments/0/profilePicture","comments/0/profileUrl","comments/0/replyToCommentId","comments/0/text","comments/0/threadingDepth","commentsCount","date","facebookId","facebookUrl","feedbackId","id","inputUrl","likesCount","pageAdLibrary/id","pageAdLibrary/is_business_page_active","parentComment/author/__typename","parentComment/author/id","parentComment/author/name","parentComment/author/short_name","parentComment/id","postTitle","profileId","profileName","profilePicture","profileUrl","replyToCommentId","text","threadingDepth"
"VideoTipJarPayment","2731701187000710","0","1","https://static.xx.fbcdn.net/rsrc.php/v3/yN/r/z6visRJQXR_.png",,"StarsVirtualGiftBaseType",,"/images/assets_DO_NOT_HARDCODE/user_pay_stars_virtual_gifts/Community-Unification-Default-Tier1-Thoughtful-Testing-Static.png","Community-Unification-Default-T1-Thoughtful-bottomsheet-testing-animation","https://static.xx.fbcdn.net/rsrc.php/y6/r/qfD07Iv6r-5.kf","1414980765966032","https://www.facebook.com/nizar.setia.3/posts/pfbid02jWjqYFVtKWFAbGKHDcgaVn79kihJCAZHifxE2Dx13HaHLX2AHndx9XboHvifi9iNl?comment_id=886870212965243",,,,,,,,,,,,,,,,,,,"2024-09-23T22:34:41.000Z","2731452533692242","https://www.facebook.com/100004825651478/posts/2731452533692242","ZmVlZGJhY2s6MjczMTQ1MjUzMzY5MjI0Ml84ODY4NzAyMTI5NjUyNDM=","Y29tbWVudDoyNzMxNDUyNTMzNjkyMjQyXzg4Njg3MDIxMjk2NTI0Mw==","https://www.facebook.com/100004825651478/posts/2731452533692242","0","214897285046227","false",,,,,,"Padi hibrida dari PT BENIH CITRA ASIA(BINTANG ASIA) 
𝐁𝐂𝐀 𝟏𝟖","100007578522755","Renzy Bintangasia","https://scontent-lga3-2.xx.fbcdn.net/v/t39.30808-1/426012403_3605728109689771_2277782955804277447_n.jpg?stp=cp0_dst-jpg_s32x32&_nc_cat=104&ccb=1-7&_nc_sid=50d2ac&_nc_ohc=eSL7nwrCcoUQ7kNvgHCJvkM&_nc_ht=scontent-lga3-2.xx&_nc_gid=AG0YRm2dLFH1-4q2TgGpAeE&oh=00_AYBgwjehgPqhBquhoMqn5_pEDpcYP0zrGjrGr4cUskZy9w&oe=66F829C4","https://www.facebook.com/renzi.prayuda",,"Mantap  padi BCA 18","0"
,,,,,,,,,,,,"https://www.facebook.com/nizar.setia.3/posts/pfbid034TikhhPxW1hS73KbDCC9azv1aPTA4WYWinVNbHiAfhp2FjFTFK8D2iRghX8EZBrHl?comment_id=1035882731509017",,,,,,,,,,,,,,,,,,,"2024-09-23T12:12:05.000Z","2731125753724920","https://www.facebook.com/100004825651478/posts/2731125753724920","ZmVlZGJhY2s6MjczMTEyNTc1MzcyNDkyMF8xMDM1ODgyNzMxNTA5MDE3","Y29tbWVudDoyNzMxMTI1NzUzNzI0OTIwXzEwMzU4ODI3MzE1MDkwMTc=","https://www.facebook.com/100004825651478/posts/2731125753724920","0","357880607403962","false",,,,,,"Bingung mau tanam cabe pake benih apa?? Tanam cabe JURO f1 dari PT Benih Citra Asia.. Terbukti hasilnya MANTAP.
Lokasi di Banjarwangi dan Pasirwangi Kabupaten Garut
Semoga tambah sukses dan tambah berkah. Sorotan Sorotan #benih
#benihcitraasia
#benihcabe
 Benih Citra Asia Benih Citra Asia","100007578522755","Renzy Bintangasia","https://scontent.fric1-1.fna.fbcdn.net/v/t39.30808-1/426012403_3605728109689771_2277782955804277447_n.jpg?stp=cp0_dst-jpg_s32x32&_nc_cat=104&ccb=1-7&_nc_sid=50d2ac&_nc_ohc=eSL7nwrCcoUQ7kNvgGfgN0B&_nc_ht=scontent.fric1-1.fna&_nc_gid=As4LF9W8ojlgytYTRMNLt5f&oh=00_AYBiWPXhrbnSGvQP5cPV2m85ab5UbJh44-Iu6p9A1MCAJQ&oe=66F829C4","https://www.facebook.com/renzi.prayuda",,"Mantap om","0"
,,,,,,,,,,,,"https://www.facebook.com/nizar.setia.3/posts/pfbid0nNjrsXbUsUbQYEAAV1CK3yPZVptSPcKUbGjpo2MDNWcMkMJfxT9ACMijySPyJfVQl?comment_id=547608587832797","https://www.facebook.com/nizar.setia.3/posts/pfbid0nNjrsXbUsUbQYEAAV1CK3yPZVptSPcKUbGjpo2MDNWcMkMJfxT9ACMijySPyJfVQl?comment_id=547608587832797&reply_comment_id=1027605215778375","2024-09-23T17:51:11.000Z","ZmVlZGJhY2s6MjczMDg0Mjg1Mzc1MzIxMF8xMDI3NjA1MjE1Nzc4Mzc1","Y29tbWVudDoyNzMwODQyODUzNzUzMjEwXzEwMjc2MDUyMTU3NzgzNzU=","0","User","100009994003233","Ilham Bintang Asia","Ilham","Y29tbWVudDoyNzMwODQyODUzNzUzMjEwXzU0NzYwODU4NzgzMjc5Nw==","100004825651478","NiZar Bintang Asia","https://scontent-dfw5-1.xx.fbcdn.net/v/t39.30808-1/438276089_2611594555678041_6997404202785061953_n.jpg?stp=cp0_dst-jpg_p32x32&_nc_cat=111&ccb=1-7&_nc_sid=50d2ac&_nc_ohc=BhIIjnBK2n0Q7kNvgE5iHvL&_nc_ht=scontent-dfw5-1.xx&oh=00_AYD3rqkHdPWZWkJdAE7cgmfrfDE2CMixOLGPtdMrusI9xg&oe=66F823EE","https://www.facebook.com/nizar.setia.3","Y29tbWVudDoyNzMwODQyODUzNzUzMjEwXzU0NzYwODU4NzgzMjc5Nw==","Ilham Bintang Asia 𝐬𝐢𝐚𝐩 𝐛𝐨𝐬 𝐤𝐮,,, 𝐦𝐞𝐦𝐛𝐚𝐫𝐚","1","1","2024-09-23T04:20:25.000Z","2730842853753210","https://www.facebook.com/100004825651478/posts/2730842853753210","ZmVlZGJhY2s6MjczMDg0Mjg1Mzc1MzIxMF81NDc2MDg1ODc4MzI3OTc=","Y29tbWVudDoyNzMwODQyODUzNzUzMjEwXzU0NzYwODU4NzgzMjc5Nw==","https://www.facebook.com/100004825651478/posts/2730842853753210","0","200476579818147","false",,,,,,"BOMER F1 
MERLIN F1 
Rock Melon Daging Orange Cap Bintang Asia Produksi dari PT Benih Citra Asia 
Manis Mempesona dan Menggoda Petani melon indonesia, 
Mari Menggunakan Produk Inovasi Anak Negeri, 
Hal Kecil Bermanfaat Besar Untuk Kemajuan Bangsa,
@sorotan SEMUA ORANG","100009994003233","Ilham Bintang Asia","https://scontent-dfw5-2.xx.fbcdn.net/v/t39.30808-1/349801600_780566773437800_6977822504580595866_n.jpg?stp=cp0_dst-jpg_s32x32&_nc_cat=100&ccb=1-7&_nc_sid=50d2ac&_nc_ohc=o4m4k4-d2BgQ7kNvgGXSdEs&_nc_ht=scontent-dfw5-2.xx&oh=00_AYCO7r9kteU7OZ2sJc2NHzDK1YepnLhhb_U1l9Fg5OYDEg&oe=66F81DFB","https://www.facebook.com/ilham.ajo.37604",,"Mangtaaabb, Tetap Semangat Ojok Sambat 🔥","0"
,,,,,,,,,,,,"https://www.facebook.com/nizar.setia.3/posts/pfbid0nNjrsXbUsUbQYEAAV1CK3yPZVptSPcKUbGjpo2MDNWcMkMJfxT9ACMijySPyJfVQl?comment_id=2570656293140936",,,,,,,,,,,,,,,,,,,"2024-09-23T22:43:28.000Z","2730842853753210","https://www.facebook.com/100004825651478/posts/2730842853753210","ZmVlZGJhY2s6MjczMDg0Mjg1Mzc1MzIxMF8yNTcwNjU2MjkzMTQwOTM2","Y29tbWVudDoyNzMwODQyODUzNzUzMjEwXzI1NzA2NTYyOTMxNDA5MzY=","https://www.facebook.com/100004825651478/posts/2730842853753210","0","200476579818147","false",,,,,,"BOMER F1 
MERLIN F1 
Rock Melon Daging Orange Cap Bintang Asia Produksi dari PT Benih Citra Asia 
Manis Mempesona dan Menggoda Petani melon indonesia, 
Mari Menggunakan Produk Inovasi Anak Negeri, 
Hal Kecil Bermanfaat Besar Untuk Kemajuan Bangsa,
@sorotan SEMUA ORANG","100007578522755","Renzy Bintangasia","https://scontent-dfw5-2.xx.fbcdn.net/v/t39.30808-1/426012403_3605728109689771_2277782955804277447_n.jpg?stp=cp0_dst-jpg_s32x32&_nc_cat=104&ccb=1-7&_nc_sid=50d2ac&_nc_ohc=eSL7nwrCcoUQ7kNvgEae29r&_nc_ht=scontent-dfw5-2.xx&oh=00_AYAqt7JZZNA3kJ98W-1gVdhKGloWIW1cmc0oohVx4SLuzA&oe=66F829C4","https://www.facebook.com/renzi.prayuda",,"Mantap","0"
,,,,,,,,,,,,"https://www.facebook.com/nizar.setia.3/posts/pfbid0nNjrsXbUsUbQYEAAV1CK3yPZVptSPcKUbGjpo2MDNWcMkMJfxT9ACMijySPyJfVQl?comment_id=547608587832797&reply_comment_id=1027605215778375",,,,,,,,,,,,,,,,,,,"2024-09-23T17:51:11.000Z","2730842853753210","https://www.facebook.com/100004825651478/posts/2730842853753210","ZmVlZGJhY2s6MjczMDg0Mjg1Mzc1MzIxMF8xMDI3NjA1MjE1Nzc4Mzc1","Y29tbWVudDoyNzMwODQyODUzNzUzMjEwXzEwMjc2MDUyMTU3NzgzNzU=","https://www.facebook.com/100004825651478/posts/2730842853753210","0","200476579818147","false","User","100009994003233","Ilham Bintang Asia","Ilham","Y29tbWVudDoyNzMwODQyODUzNzUzMjEwXzU0NzYwODU4NzgzMjc5Nw==","BOMER F1 
MERLIN F1 
Rock Melon Daging Orange Cap Bintang Asia Produksi dari PT Benih Citra Asia 
Manis Mempesona dan Menggoda Petani melon indonesia, 
Mari Menggunakan Produk Inovasi Anak Negeri, 
Hal Kecil Bermanfaat Besar Untuk Kemajuan Bangsa,
@sorotan SEMUA ORANG","100004825651478","NiZar Bintang Asia","https://scontent-lga3-1.xx.fbcdn.net/v/t39.30808-1/438276089_2611594555678041_6997404202785061953_n.jpg?stp=cp0_dst-jpg_p32x32&_nc_cat=111&ccb=1-7&_nc_sid=50d2ac&_nc_ohc=BhIIjnBK2n0Q7kNvgE-g_OK&_nc_ht=scontent-lga3-1.xx&_nc_gid=A4ezABz23tru18Rtbc7ICzj&oh=00_AYDuguRMhE27Xt9W15_09LgRHQ8jKcbitclXG_fUJ-S8mg&oe=66F823EE","https://www.facebook.com/nizar.setia.3","Y29tbWVudDoyNzMwODQyODUzNzUzMjEwXzU0NzYwODU4NzgzMjc5Nw==","Ilham Bintang Asia 𝐬𝐢𝐚𝐩 𝐛𝐨𝐬 𝐤𝐮,,, 𝐦𝐞𝐦𝐛𝐚𝐫𝐚","1"
