﻿"attachments/0/__typename","attachments/0/animated_image","attachments/0/animated_image/uri","attachments/0/frame_count","attachments/0/frame_rate","attachments/0/frames_per_column","attachments/0/frames_per_row","attachments/0/id","attachments/0/image/height","attachments/0/image/uri","attachments/0/image/width","attachments/0/label","attachments/0/pack/id","attachments/0/pack/name","attachments/0/sprite_image","attachments/0/sprite_image/uri","attachments/0/target/__typename","attachments/0/target/id","attachments/0/target/matching_quantity","attachments/0/target/spark_quantity","attachments/0/target/stars_image_on_star_quantity","attachments/0/target/virtual_gift","attachments/0/target/virtual_gift_type/__typename","attachments/0/target/virtual_gift_type/gift_animated_image","attachments/0/target/virtual_gift_type/gift_image","attachments/0/target/virtual_gift_type/gift_keyframe_asset_name","attachments/0/target/virtual_gift_type/gift_keyframe_asset_url","attachments/0/target/virtual_gift_type/id","commentUrl","comments/0/commentUrl","comments/0/commentsCount","comments/0/date","comments/0/feedbackId","comments/0/id","comments/0/likesCount","comments/0/parentComment/author/__typename","comments/0/parentComment/author/id","comments/0/parentComment/author/name","comments/0/parentComment/author/short_name","comments/0/parentComment/id","comments/0/profileId","comments/0/profileName","comments/0/profilePicture","comments/0/profileUrl","comments/0/replyToCommentId","comments/0/text","comments/0/threadingDepth","comments/1/commentUrl","comments/1/date","comments/1/feedbackId","comments/1/id","comments/1/likesCount","comments/1/parentComment/author/__typename","comments/1/parentComment/author/id","comments/1/parentComment/author/name","comments/1/parentComment/author/short_name","comments/1/parentComment/id","comments/1/profileId","comments/1/profileName","comments/1/profilePicture","comments/1/profileUrl","comments/1/replyToCommentId","comments/1/text","comments/1/threadingDepth","commentsCount","date","facebookId","facebookUrl","feedbackId","id","inputUrl","likesCount","pageAdLibrary/id","pageAdLibrary/is_business_page_active","pageAdLibrary/woodhenge_creator_info","parentComment/author/__typename","parentComment/author/id","parentComment/author/name","parentComment/author/short_name","parentComment/id","postTitle","profileId","profileName","profilePicture","profileUrl","replyToCommentId","text","threadingDepth"
,,,,,,,,,,,,,,,,,,,,,,,,,,,,"https://www.facebook.com/permalink.php?story_fbid=pfbid06pEvoXvsjwyo8uYjLVj83BSVQ4WV78UmR3xZeft8BQAN7uJW4wB3gJNoKm3YP3dxl&id=100069205464353&comment_id=1127235771860890",,,,,,,,,,,,,,,,,,,,,,,,,,,,,,,,,,,,,"2024-09-30T04:22:32.000Z","840789508237890","https://www.facebook.com/100069205464353/posts/840789508237890","ZmVlZGJhY2s6ODQwNzg5NTA4MjM3ODkwXzExMjcyMzU3NzE4NjA4OTA=","Y29tbWVudDo4NDA3ODk1MDgyMzc4OTBfMTEyNzIzNTc3MTg2MDg5MA==","https://www.facebook.com/100069205464353/posts/840789508237890","1","355442210992705","false",,,,,,,"Helly Seedling. 322 likes · 178 talking about this. bibit sayuran🌱 semangka🍉 dll
Desa srisawahan deket wisata Bendungan Dam Raman.🏡wa :082280717454📲","100069205464353","Helly Seedling","https://scontent.fosu2-2.fna.fbcdn.net/v/t39.30808-1/428336159_702155295434646_5059998008807722009_n.jpg?stp=cp6_dst-jpg_s32x32&_nc_cat=108&ccb=1-7&_nc_sid=50d2ac&_nc_ohc=R4edskNotXwQ7kNvgE3Fu6-&_nc_ht=scontent.fosu2-2.fna&_nc_gid=AchHElnlKxxp_FKNx15yrSQ&oh=00_AYAM33WT3zBU9j9L4XR0nLwMrW4ACnm4BdXWqaV2jsz_xA&oe=67047DCD","https://www.facebook.com/people/Helly-Seedling/100069205464353/",,"Trimakasih","0"
,,,,,,,,,,,,,,,,,,,,,,,,,,,,"https://www.facebook.com/permalink.php?story_fbid=pfbid06pEvoXvsjwyo8uYjLVj83BSVQ4WV78UmR3xZeft8BQAN7uJW4wB3gJNoKm3YP3dxl&id=100069205464353&comment_id=2193697634350096",,,,,,,,,,,,,,,,,,,,,,,,,,,,,,,,,,,,,"2024-09-30T04:10:34.000Z","840789508237890","https://www.facebook.com/100069205464353/posts/840789508237890","ZmVlZGJhY2s6ODQwNzg5NTA4MjM3ODkwXzIxOTM2OTc2MzQzNTAwOTY=","Y29tbWVudDo4NDA3ODk1MDgyMzc4OTBfMjE5MzY5NzYzNDM1MDA5Ng==","https://www.facebook.com/100069205464353/posts/840789508237890","1","355442210992705","false",,,,,,,"Helly Seedling. 322 likes · 178 talking about this. bibit sayuran🌱 semangka🍉 dll
Desa srisawahan deket wisata Bendungan Dam Raman.🏡wa :082280717454📲","100065666973498","Davina Azkiya","https://scontent.fosu2-2.fna.fbcdn.net/v/t39.30808-1/310827072_448278690704360_4714759928606141569_n.jpg?stp=cp0_dst-jpg_s32x32&_nc_cat=110&ccb=1-7&_nc_sid=50d2ac&_nc_ohc=R9Wl7ybdhqIQ7kNvgGs4ICN&_nc_ht=scontent.fosu2-2.fna&_nc_gid=AchHElnlKxxp_FKNx15yrSQ&oh=00_AYA_IYUrl5BfsMLa0oMMG5Te4UoRUhDVYJOMLmkLt0UHyA&oe=67049406","https://www.facebook.com/davina.azkiya.9",,"Keren bang","0"
"Sticker",,"https://scontent.fosu2-2.fna.fbcdn.net/v/t39.1997-6/68894373_1459627387495333_5835456569109643264_n.webp?stp=dst-webp_s110x80&_nc_cat=1&ccb=1-7&_nc_sid=ba09c1&_nc_ohc=q1oko41ENPIQ7kNvgEY-EY8&_nc_ht=scontent.fosu2-2.fna&_nc_gid=AchHElnlKxxp_FKNx15yrSQ&oh=00_AYDdrQeBj7zFcYd59IOXZgypj3NbrpTjD6yZeF5Q3vLIpA&oe=67048223","14","100","4","4","514561552001926","80","https://scontent.fosu2-2.fna.fbcdn.net/v/t39.1997-6/69142452_1459627590828646_6160083988481310720_n.png?stp=cp0_dst-png_s110x80&_nc_cat=1&ccb=1-7&_nc_sid=23dd7b&_nc_ohc=klUP9cBIBokQ7kNvgFMt2Ra&_nc_ht=scontent.fosu2-2.fna&_nc_gid=AchHElnlKxxp_FKNx15yrSQ&oh=00_AYCgKv_4bWo_3nRNMxe_Wr5qxvtuDi3jeabK2ZkC3tNwtQ&oe=67047811","80","Business fish, a person with a pink fish head wearing a suit and tie, giving a large thumbs up with their right hand and saying good","493674027424012","Executive Business Fish",,"https://scontent.fosu2-2.fna.fbcdn.net/v/t39.1997-6/68866962_1459627384162000_4858367271799619584_n.png?stp=dst-png_p320x320&_nc_cat=1&ccb=1-7&_nc_sid=ba09c1&_nc_ohc=fW8NVcVx-FUQ7kNvgH5iUZq&_nc_ht=scontent.fosu2-2.fna&_nc_gid=AchHElnlKxxp_FKNx15yrSQ&oh=00_AYBqqMWRxl3u62b_8FaolViZ3ggiQtn5l5tG2lKPKF13rg&oe=67049DC8",,,,,,,,,,,,,"https://www.facebook.com/permalink.php?story_fbid=pfbid06pEvoXvsjwyo8uYjLVj83BSVQ4WV78UmR3xZeft8BQAN7uJW4wB3gJNoKm3YP3dxl&id=100069205464353&comment_id=1231142084602147",,,,,,,,,,,,,,,,,,,,,,,,,,,,,,,,,,,,,"2024-09-30T13:05:31.000Z","840789508237890","https://www.facebook.com/100069205464353/posts/840789508237890","ZmVlZGJhY2s6ODQwNzg5NTA4MjM3ODkwXzEyMzExNDIwODQ2MDIxNDc=","Y29tbWVudDo4NDA3ODk1MDgyMzc4OTBfMTIzMTE0MjA4NDYwMjE0Nw==","https://www.facebook.com/100069205464353/posts/840789508237890","1","355442210992705","false",,,,,,,"Helly Seedling. 322 likes · 178 talking about this. bibit sayuran🌱 semangka🍉 dll
Desa srisawahan deket wisata Bendungan Dam Raman.🏡wa :082280717454📲","pfbid02sH21VuayuHyaGibXFMmRDsYUKwVmNynj5RQYPSuAByRR9HsT2VcfAxsJ5fmC8Yzkl","Sunar Tani","https://scontent.fosu2-2.fna.fbcdn.net/v/t1.6435-1/93576732_106916267662838_767661293183172608_n.jpg?stp=c130.0.780.780a_cp0_dst-jpg_s32x32&_nc_cat=111&ccb=1-7&_nc_sid=0ecb9b&_nc_ohc=poqmCETAvlwQ7kNvgFURdQR&_nc_ht=scontent.fosu2-2.fna&_nc_gid=AchHElnlKxxp_FKNx15yrSQ&oh=00_AYAAyJh9Jjc5BRFLEIa0MEHKZBi1W3Yx4wYg_mNzfPTxrA&oe=6726195D","https://www.facebook.com/sunar.tani.5",,"Bibit apa boss","0"
,,,,,,,,,,,,,,,,,,,,,,,,,,,,"https://www.facebook.com/permalink.php?story_fbid=pfbid06pEvoXvsjwyo8uYjLVj83BSVQ4WV78UmR3xZeft8BQAN7uJW4wB3gJNoKm3YP3dxl&id=100069205464353&comment_id=1051745172840066","https://www.facebook.com/permalink.php?story_fbid=pfbid06pEvoXvsjwyo8uYjLVj83BSVQ4WV78UmR3xZeft8BQAN7uJW4wB3gJNoKm3YP3dxl&id=100069205464353&comment_id=1051745172840066&reply_comment_id=400969832868159",,"2024-10-02T07:38:38.000Z","ZmVlZGJhY2s6ODQwNzg5NTA4MjM3ODkwXzQwMDk2OTgzMjg2ODE1OQ==","Y29tbWVudDo4NDA3ODk1MDgyMzc4OTBfNDAwOTY5ODMyODY4MTU5","0","User","pfbid037E9zhURCCAzZSwNAmNN6ALZK1yP9BHQfF2JNyxgbs1Mn1eCvzwVt6Ahrw43znqrel","Jumingin","Jumingin","Y29tbWVudDo4NDA3ODk1MDgyMzc4OTBfMTA1MTc0NTE3Mjg0MDA2Ng==","100069205464353","Helly Seedling","https://scontent.fosu2-2.fna.fbcdn.net/v/t39.30808-1/428336159_702155295434646_5059998008807722009_n.jpg?stp=cp6_dst-jpg_s32x32&_nc_cat=108&ccb=1-7&_nc_sid=50d2ac&_nc_ohc=R4edskNotXwQ7kNvgE3Fu6-&_nc_ht=scontent.fosu2-2.fna&_nc_gid=AchHElnlKxxp_FKNx15yrSQ&oh=00_AYAM33WT3zBU9j9L4XR0nLwMrW4ACnm4BdXWqaV2jsz_xA&oe=67047DCD","https://www.facebook.com/people/Helly-Seedling/100069205464353/","Y29tbWVudDo4NDA3ODk1MDgyMzc4OTBfMTA1MTc0NTE3Mjg0MDA2Ng==","Jumingin sandjng pertashop Srisawahan","1",,,,,,,,,,,,,,,,,,"1","2024-10-02T07:29:03.000Z","840789508237890","https://www.facebook.com/100069205464353/posts/840789508237890","ZmVlZGJhY2s6ODQwNzg5NTA4MjM3ODkwXzEwNTE3NDUxNzI4NDAwNjY=","Y29tbWVudDo4NDA3ODk1MDgyMzc4OTBfMTA1MTc0NTE3Mjg0MDA2Ng==","https://www.facebook.com/100069205464353/posts/840789508237890","1","355442210992705","false",,,,,,,"Helly Seedling. 322 likes · 178 talking about this. bibit sayuran🌱 semangka🍉 dll
Desa srisawahan deket wisata Bendungan Dam Raman.🏡wa :082280717454📲","pfbid037E9zhURCCAzZSwNAmNN6ALZK1yP9BHQfF2JNyxgbs1Mn1eCvzwVt6Ahrw43znqrel","Jumingin","https://scontent.fosu2-1.fna.fbcdn.net/v/t39.30808-1/400152163_350168867669761_3470593595224753686_n.jpg?stp=cp0_dst-jpg_s32x32&_nc_cat=106&ccb=1-7&_nc_sid=0ecb9b&_nc_ohc=-GolTbOmdXMQ7kNvgGh9SmA&_nc_ht=scontent.fosu2-1.fna&_nc_gid=AchHElnlKxxp_FKNx15yrSQ&oh=00_AYDGp20DrcTiipX5BdFXBQ19-yAXFUJXLSHJgavU8fHgeg&oe=670475AD","https://www.facebook.com/people/Jumingin/pfbid037E9zhURCCAzZSwNAmNN6ALZK1yP9BHQfF2JNyxgbs1Mn1eCvzwVt6Ahrw43znqrel/",,"Sebelah pembibitan kae Yo mbak","0"
"Sticker",,,"1","83","1","1","140051381647167","80","https://scontent.fosu2-2.fna.fbcdn.net/v/t39.1997-6/240516696_140051384980500_4324639588081017510_n.png?stp=cp0_dst-png_s110x80&_nc_cat=1&ccb=1-7&_nc_sid=23dd7b&_nc_ohc=iANATHfF9acQ7kNvgH8yP2G&_nc_ht=scontent.fosu2-2.fna&_nc_gid=AchHElnlKxxp_FKNx15yrSQ&oh=00_AYBABukbZb6__d3GnfsqVjnjWE9uyx1ckMK4VNcT5WwmIw&oe=67049E18","80","","140047671647538","[Newsfeed] Philippines First Party",,,,,,,,,,,,,,,"https://www.facebook.com/permalink.php?story_fbid=pfbid06pEvoXvsjwyo8uYjLVj83BSVQ4WV78UmR3xZeft8BQAN7uJW4wB3gJNoKm3YP3dxl&id=100069205464353&comment_id=1067546078327036",,,,,,,,,,,,,,,,,,,,,,,,,,,,,,,,,,,,,"2024-09-30T03:28:45.000Z","840789508237890","https://www.facebook.com/100069205464353/posts/840789508237890","ZmVlZGJhY2s6ODQwNzg5NTA4MjM3ODkwXzEwNjc1NDYwNzgzMjcwMzY=","Y29tbWVudDo4NDA3ODk1MDgyMzc4OTBfMTA2NzU0NjA3ODMyNzAzNg==","https://www.facebook.com/100069205464353/posts/840789508237890","1","355442210992705","false",,,,,,,"Helly Seedling. 322 likes · 178 talking about this. bibit sayuran🌱 semangka🍉 dll
Desa srisawahan deket wisata Bendungan Dam Raman.🏡wa :082280717454📲","100000463903590","Wong Ndalan","https://scontent.fosu2-2.fna.fbcdn.net/v/t39.30808-1/323054068_571971727595747_7137331048919211238_n.jpg?stp=cp0_dst-jpg_s32x32&_nc_cat=104&ccb=1-7&_nc_sid=50d2ac&_nc_ohc=6XIkKytCDrgQ7kNvgHZsmqY&_nc_ht=scontent.fosu2-2.fna&_nc_gid=AchHElnlKxxp_FKNx15yrSQ&oh=00_AYBj--5L7SO8yFtoH5nVC4mTTWx_Q45fQhbUSDz3RTKNtw&oe=67046FC2",,,,"0"
,,,,,,,,,,,,,,,,,,,,,,,,,,,,"https://www.facebook.com/permalink.php?story_fbid=pfbid02UDJY6CCUTnMkdXRmz18VWZXWuybCRpfXDRR7v3s7NFNgWh626vJ3PFFq6ykFpSYFl&id=100069205464353&comment_id=1990227234738506","https://www.facebook.com/permalink.php?story_fbid=pfbid02UDJY6CCUTnMkdXRmz18VWZXWuybCRpfXDRR7v3s7NFNgWh626vJ3PFFq6ykFpSYFl&id=100069205464353&comment_id=1990227234738506&reply_comment_id=2617372368471001","1","2024-09-30T00:35:36.000Z","ZmVlZGJhY2s6ODQwMDY4NDY0OTc2NjYxXzI2MTczNzIzNjg0NzEwMDE=","Y29tbWVudDo4NDAwNjg0NjQ5NzY2NjFfMjYxNzM3MjM2ODQ3MTAwMQ==","0","User","pfbid02aURhv4h7HsKwQvcNhph78Zw4VEJ1t77ZhFWbZyqog3i3kBKne12eqybYrd1cSTVGl","Hartoyo Adeeva Orlin","Hartoyo","Y29tbWVudDo4NDAwNjg0NjQ5NzY2NjFfMTk5MDIyNzIzNDczODUwNg==","pfbid03UikUQYEfwLyWMnWnFAVKiDpGwiUDRdbWYMC2FPok9ibUBDeUJZMrGy2X3Czyxpbl","Tuti Hartuti","https://scontent-lga3-2.xx.fbcdn.net/v/t39.30808-1/453902290_122162439104230983_2353543471067364423_n.jpg?stp=cp0_dst-jpg_s32x32&_nc_cat=104&ccb=1-7&_nc_sid=0ecb9b&_nc_ohc=yBN-VmL6fq4Q7kNvgEE78wg&_nc_ht=scontent-lga3-2.xx&_nc_gid=AS_ZZIKR80oO0l41eYVjZdT&oh=00_AYCdFAx1rxMaCy6Kx18WnE-OQLd1Q9LrI3Dld29VMoAlnw&oe=670491DB","https://www.facebook.com/people/Tuti-Hartuti/pfbid03UikUQYEfwLyWMnWnFAVKiDpGwiUDRdbWYMC2FPok9ibUBDeUJZMrGy2X3Czyxpbl/","Y29tbWVudDo4NDAwNjg0NjQ5NzY2NjFfMTk5MDIyNzIzNDczODUwNg==","Hartoyo Adeeva Orlin senior ditunggu kunjungaNya","1","https://www.facebook.com/permalink.php?story_fbid=pfbid02UDJY6CCUTnMkdXRmz18VWZXWuybCRpfXDRR7v3s7NFNgWh626vJ3PFFq6ykFpSYFl&id=100069205464353&comment_id=1990227234738506&reply_comment_id=1256670765778056","2024-09-30T03:14:46.000Z","ZmVlZGJhY2s6ODQwMDY4NDY0OTc2NjYxXzEyNTY2NzA3NjU3NzgwNTY=","Y29tbWVudDo4NDAwNjg0NjQ5NzY2NjFfMTI1NjY3MDc2NTc3ODA1Ng==","0","User","pfbid02aURhv4h7HsKwQvcNhph78Zw4VEJ1t77ZhFWbZyqog3i3kBKne12eqybYrd1cSTVGl","Hartoyo Adeeva Orlin","Hartoyo","Y29tbWVudDo4NDAwNjg0NjQ5NzY2NjFfMTk5MDIyNzIzNDczODUwNg==","pfbid02aURhv4h7HsKwQvcNhph78Zw4VEJ1t77ZhFWbZyqog3i3kBKne12eqybYrd1cSTVGl","Hartoyo Adeeva Orlin","https://scontent-lga3-2.xx.fbcdn.net/v/t39.30808-1/376769837_7252760278071582_7023959626220835255_n.jpg?stp=cp0_dst-jpg_s32x32&_nc_cat=107&ccb=1-7&_nc_sid=0ecb9b&_nc_ohc=KOQQOk9OXhIQ7kNvgHEBpaT&_nc_ht=scontent-lga3-2.xx&_nc_gid=AS_ZZIKR80oO0l41eYVjZdT&oh=00_AYDyDz1NrPCB6ME33bHaSPW5pRjkp1LVfkmoK4VjB5HEsg&oe=67049F7D","https://www.facebook.com/yoyox.comunty","Y29tbWVudDo4NDAwNjg0NjQ5NzY2NjFfMTk5MDIyNzIzNDczODUwNg==","Tuti Hartuti he he ampun suhu","2","2","2024-09-29T13:11:08.000Z","840068464976661","https://www.facebook.com/100069205464353/posts/840068464976661","ZmVlZGJhY2s6ODQwMDY4NDY0OTc2NjYxXzE5OTAyMjcyMzQ3Mzg1MDY=","Y29tbWVudDo4NDAwNjg0NjQ5NzY2NjFfMTk5MDIyNzIzNDczODUwNg==","https://www.facebook.com/100069205464353/posts/840068464976661","0","233184383212138","false",,,,,,,"Minggu, 29 September 2024

Rumah Semai Helly Seedling kembali menjadi tempat pilihan kegiatan mahasiswa POLINELA lampung prodi teknologi perbenihan dalam melakukan penelitian terkait mata kuliah management.  

Disinilah mereka akan menguras ilmu pengetahuan,  melakukan interaktif secara langsung kepada para karyawan sehingga mereka bisa menemukan atau menambah pengetahuan baru dalam dunia pertanian khususnya di dalam perbenihan

Kegiatan seperti ini sering dilakukan oleh mahasiswa untuk mendapatkan suatu informasi yang ingin di ketahui yakni dengan melakukan survey secara langsung.","pfbid02aURhv4h7HsKwQvcNhph78Zw4VEJ1t77ZhFWbZyqog3i3kBKne12eqybYrd1cSTVGl","Hartoyo Adeeva Orlin","https://scontent-lga3-2.xx.fbcdn.net/v/t39.30808-1/376769837_7252760278071582_7023959626220835255_n.jpg?stp=cp0_dst-jpg_s32x32&_nc_cat=107&ccb=1-7&_nc_sid=0ecb9b&_nc_ohc=KOQQOk9OXhIQ7kNvgHEBpaT&_nc_ht=scontent-lga3-2.xx&_nc_gid=AS_ZZIKR80oO0l41eYVjZdT&oh=00_AYDyDz1NrPCB6ME33bHaSPW5pRjkp1LVfkmoK4VjB5HEsg&oe=67049F7D","https://www.facebook.com/yoyox.comunty",,"Polinela. 
Jadi kelingan ngampus biyen","0"
,,,,,,,,,,,,,,,,,,,,,,,,,,,,"https://www.facebook.com/reel/2006393493150562/?comment_id=1176519650243785",,,,,,,,,,,,,,,,,,,,,,,,,,,,,,,,,,,,,"2024-09-06T21:39:39.000Z","822164903433684","https://www.facebook.com/100069205464353/posts/822164903433684","ZmVlZGJhY2s6ODIyMTY0OTAzNDMzNjg0XzExNzY1MTk2NTAyNDM3ODU=","Y29tbWVudDo4MjIxNjQ5MDM0MzM2ODRfMTE3NjUxOTY1MDI0Mzc4NQ==","https://www.facebook.com/100069205464353/posts/822164903433684","0","233184383212138",,,,,,,,"Ready kohe kambing giling MURNI.
Bagus buat dasaran karna mengandung unsur hara yg di butuhkan tanama. Dan dapat memperbaiki struktur tanah yg rusak. Kenapa harus kohe kambing?
Karna tidak mengandung...","pfbid02A4X1HiCApSyGV9nxtvfiH5jzBEdJKZkMhVqFrhLvVRsTZXYeUkkGPTR3kJ5HApHNl","AL","https://scontent.frkh1-1.fna.fbcdn.net/v/t39.30808-1/432579998_1083946406056371_1092278102466940213_n.jpg?stp=c0.0.720.720a_cp0_dst-jpg_s32x32&_nc_cat=109&ccb=1-7&_nc_sid=0ecb9b&_nc_ohc=lub30a4FLbQQ7kNvgH3vrIl&_nc_ht=scontent.frkh1-1.fna&_nc_gid=Af0SpoQFTD6VrdvCK9XRb_f&oh=00_AYAv5dBolAplaAeVL_nKKB0w7OvEM-ecRkfcft--ViUgow&oe=67048AF4","https://www.facebook.com/people/AL/pfbid02A4X1HiCApSyGV9nxtvfiH5jzBEdJKZkMhVqFrhLvVRsTZXYeUkkGPTR3kJ5HApHNl/",,"Nota","0"
,,,,,,,,,,,,,,,,,,,,,,,,,,,,"https://www.facebook.com/reel/2006393493150562/?comment_id=2197334860667163",,,,,,,,,,,,,,,,,,,,,,,,,,,,,,,,,,,,,"2024-09-10T05:47:02.000Z","822164903433684","https://www.facebook.com/100069205464353/posts/822164903433684","ZmVlZGJhY2s6ODIyMTY0OTAzNDMzNjg0XzIxOTczMzQ4NjA2NjcxNjM=","Y29tbWVudDo4MjIxNjQ5MDM0MzM2ODRfMjE5NzMzNDg2MDY2NzE2Mw==","https://www.facebook.com/100069205464353/posts/822164903433684","0","233184383212138",,,,,,,,"Ready kohe kambing giling MURNI.
Bagus buat dasaran karna mengandung unsur hara yg di butuhkan tanama. Dan dapat memperbaiki struktur tanah yg rusak. Kenapa harus kohe kambing?
Karna tidak mengandung...","pfbid028kWQreu2g3uscLDKM2iX5Eadpv9e7zpoUGLCSW2EgvEr8Ju4tHMo9pDGDYo9bJ3Ql","Gaishan R","https://scontent.frkh1-1.fna.fbcdn.net/v/t39.30808-1/379721691_3560182704263629_8929060375250094336_n.jpg?stp=cp0_dst-jpg_s32x32&_nc_cat=106&ccb=1-7&_nc_sid=0ecb9b&_nc_ohc=c1Ua8BZfLVEQ7kNvgHAlFMl&_nc_ht=scontent.frkh1-1.fna&_nc_gid=Af0SpoQFTD6VrdvCK9XRb_f&oh=00_AYB7ZHZdNrOaAY4xiRrn8Aqp1HQWUm7SiGE1ObRtCzlChA&oe=67046C44","https://www.facebook.com/alfiodhani.alfiodhani",,"Per karung berapa kg bosku... Plus nota piro???","0"
,,,,,,,,,,,,,,,,,,,,,,,,,,,,"https://www.facebook.com/reel/9033118926701493/?comment_id=3721959894711962",,,,,,,,,,,,,,,,,,,,,,,,,,,,,,,,,,,,,"2024-10-03T11:34:05.000Z","842295181420656","https://www.facebook.com/100069205464353/posts/842295181420656","ZmVlZGJhY2s6ODQyMjk1MTgxNDIwNjU2XzM3MjE5NTk4OTQ3MTE5NjI=","Y29tbWVudDo4NDIyOTUxODE0MjA2NTZfMzcyMTk1OTg5NDcxMTk2Mg==","https://www.facebook.com/100069205464353/posts/842295181420656","0","233184383212138",,,,,,,,"Alhamdulillah 70 nampan atau 7rb batang meluncur... Gustavi dari Panah Merah...

Helly Seedling menjadi solusi petani yg ga ribet dan praktis tentunya. 
Order langsung via wa 082280717454
Lokasi...","pfbid032ZKBud31zjzFX22YYn6gCfyL6ctwHAxnNW8Xoza9QbdsEJXXc5mLLggh5pWLuCyNl","Sam Tzy","https://scontent-iad3-2.xx.fbcdn.net/v/t39.30808-1/392816260_421116367158339_489732685607754782_n.jpg?stp=c0.0.720.720a_cp0_dst-jpg_s32x32&_nc_cat=106&ccb=1-7&_nc_sid=0ecb9b&_nc_ohc=prSv6zl-qI0Q7kNvgH_dzuW&_nc_ht=scontent-iad3-2.xx&_nc_gid=AkenCzmnvoyk_7EHJGBRZf-&oh=00_AYAaYEXxH7E7WnSomeztfLge4IP47Q8cYmBY73xKtUhGoQ&oe=6704971E","https://www.facebook.com/people/Sam-Tzy/pfbid032ZKBud31zjzFX22YYn6gCfyL6ctwHAxnNW8Xoza9QbdsEJXXc5mLLggh5pWLuCyNl/",,"Bibit cabe brapa bos pr batang","0"
,,,,,,,,,,,,,,,,,,,,,,,,,,,,"https://www.facebook.com/permalink.php?story_fbid=pfbid02UZWPLvTt3yUvp3yC9ACaCt2L5BDsbbKM5m3Kwxua9c5AH4az5Yy8gB2zBL5hzLfwl&id=100069205464353&comment_id=1298505584444872",,,,,,,,,,,,,,,,,,,,,,,,,,,,,,,,,,,,,"2024-09-15T07:11:09.000Z","830058792644295","https://www.facebook.com/100069205464353/posts/830058792644295","ZmVlZGJhY2s6ODMwMDU4NzkyNjQ0Mjk1XzEyOTg1MDU1ODQ0NDQ4NzI=","Y29tbWVudDo4MzAwNTg3OTI2NDQyOTVfMTI5ODUwNTU4NDQ0NDg3Mg==","https://www.facebook.com/100069205464353/posts/830058792644295","1","233184383212138","false",,,,,,,"Assalamualaikum izin post 
Bantu petani yg cari bibit semangka siap tanam.
Kita ready ya semangka oval/lonjong SERI F1 dari BINTANG ASIA.
Lokasi Metro Lampung.
Wa 082280717454 atau link di bawah 
https://wa.me/message/SC6PXLSBRXS5B1","100007578522755","Renzy Bintangasia","https://scontent.fflr2-1.fna.fbcdn.net/v/t39.30808-1/426012403_3605728109689771_2277782955804277447_n.jpg?stp=cp0_dst-jpg_s32x32&_nc_cat=104&ccb=1-7&_nc_sid=50d2ac&_nc_ohc=NKmntc7UrGAQ7kNvgFX0XlG&_nc_ht=scontent.fflr2-1.fna&_nc_gid=AF6zHciT6MjddrvuhIPUeYN&oh=00_AYDE6GdjjEIAo49V4oN6O8Ejxg-5Ts6rI94Tfa1oYvFX0Q&oe=670477C4","https://www.facebook.com/renzi.prayuda",,"Mantap","0"
,,,,,,,,,,,,,,,,,,,,,,,,,,,,"https://www.facebook.com/reel/446274737864156/?comment_id=1272108060618375","https://www.facebook.com/reel/446274737864156/?comment_id=1272108060618375&reply_comment_id=1317338622588675",,"2024-09-30T00:19:11.000Z","ZmVlZGJhY2s6ODM5MzQyODUxNzE1ODg5XzEzMTczMzg2MjI1ODg2NzU=","Y29tbWVudDo4MzkzNDI4NTE3MTU4ODlfMTMxNzMzODYyMjU4ODY3NQ==","0","User","pfbid02sH21VuayuHyaGibXFMmRDsYUKwVmNynj5RQYPSuAByRR9HsT2VcfAxsJ5fmC8Yzkl","Sunar Tani","Sunar","Y29tbWVudDo4MzkzNDI4NTE3MTU4ODlfMTI3MjEwODA2MDYxODM3NQ==","100069205464353","Helly Seedling","https://scontent-lax3-1.xx.fbcdn.net/v/t39.30808-1/428336159_702155295434646_5059998008807722009_n.jpg?stp=cp6_dst-jpg_s32x32&_nc_cat=108&ccb=1-7&_nc_sid=50d2ac&_nc_ohc=R4edskNotXwQ7kNvgH01tQz&_nc_ht=scontent-lax3-1.xx&_nc_gid=A9EQz2yCtHrI2XNfoSIMGZO&oh=00_AYBjp2VhC6J2o-sTAQGyG_Dtvmx8DYmmbjl5ZCW2WSdv1g&oe=67047DCD","https://www.facebook.com/people/Helly-Seedling/100069205464353/","Y29tbWVudDo4MzkzNDI4NTE3MTU4ODlfMTI3MjEwODA2MDYxODM3NQ==","Sunar Tani wa bos 082280717454","1",,,,,,,,,,,,,,,,,,"1","2024-09-29T22:06:21.000Z","839342851715889","https://www.facebook.com/100069205464353/posts/839342851715889","ZmVlZGJhY2s6ODM5MzQyODUxNzE1ODg5XzEyNzIxMDgwNjA2MTgzNzU=","Y29tbWVudDo4MzkzNDI4NTE3MTU4ODlfMTI3MjEwODA2MDYxODM3NQ==","https://www.facebook.com/100069205464353/posts/839342851715889","0","233184383212138",,,,,,,,"Kohe kambing giling murni bos....
Lokasi Metro Lampung 
Wa 082280717454. Helly Seedling · Original audio","pfbid02sH21VuayuHyaGibXFMmRDsYUKwVmNynj5RQYPSuAByRR9HsT2VcfAxsJ5fmC8Yzkl","Sunar Tani","https://scontent-lax3-2.xx.fbcdn.net/v/t1.6435-1/93576732_106916267662838_767661293183172608_n.jpg?stp=c130.0.780.780a_cp0_dst-jpg_s32x32&_nc_cat=111&ccb=1-7&_nc_sid=0ecb9b&_nc_ohc=poqmCETAvlwQ7kNvgEtRm5H&_nc_ht=scontent-lax3-2.xx&_nc_gid=A9EQz2yCtHrI2XNfoSIMGZO&oh=00_AYA5PlmVPfaJeHdIYcNO87O-qLDhETgqx0au47ITJIRORw&oe=6726195D","https://www.facebook.com/sunar.tani.5",,"Piroan boss","0"
,,,,,,,,,,,,,,,,,,,,,,,,,,,,"https://www.facebook.com/reel/446274737864156/?comment_id=540330771850978","https://www.facebook.com/reel/446274737864156/?comment_id=540330771850978&reply_comment_id=1065945725327017",,"2024-10-02T02:49:58.000Z","ZmVlZGJhY2s6ODM5MzQyODUxNzE1ODg5XzEwNjU5NDU3MjUzMjcwMTc=","Y29tbWVudDo4MzkzNDI4NTE3MTU4ODlfMTA2NTk0NTcyNTMyNzAxNw==","0","User","pfbid0WnvS155sm5cNtbPEsorNogzkzQjGEiyK4E74dKEsGuo4XarKDFri2Zk2WxtbE3fSl","Sugiyanti","Sugiyanti","Y29tbWVudDo4MzkzNDI4NTE3MTU4ODlfNTQwMzMwNzcxODUwOTc4","100069205464353","Helly Seedling","https://scontent-lax3-1.xx.fbcdn.net/v/t39.30808-1/428336159_702155295434646_5059998008807722009_n.jpg?stp=cp6_dst-jpg_s32x32&_nc_cat=108&ccb=1-7&_nc_sid=50d2ac&_nc_ohc=R4edskNotXwQ7kNvgH01tQz&_nc_ht=scontent-lax3-1.xx&_nc_gid=A9EQz2yCtHrI2XNfoSIMGZO&oh=00_AYBjp2VhC6J2o-sTAQGyG_Dtvmx8DYmmbjl5ZCW2WSdv1g&oe=67047DCD","https://www.facebook.com/people/Helly-Seedling/100069205464353/","Y29tbWVudDo4MzkzNDI4NTE3MTU4ODlfNTQwMzMwNzcxODUwOTc4","Sugiyanti ga fermentasi brani bos kalo kohe kambing","1",,,,,,,,,,,,,,,,,,"1","2024-10-02T01:17:18.000Z","839342851715889","https://www.facebook.com/100069205464353/posts/839342851715889","ZmVlZGJhY2s6ODM5MzQyODUxNzE1ODg5XzU0MDMzMDc3MTg1MDk3OA==","Y29tbWVudDo4MzkzNDI4NTE3MTU4ODlfNTQwMzMwNzcxODUwOTc4","https://www.facebook.com/100069205464353/posts/839342851715889","0","233184383212138",,,,,,,,"Kohe kambing giling murni bos....
Lokasi Metro Lampung 
Wa 082280717454. Helly Seedling · Original audio","pfbid0WnvS155sm5cNtbPEsorNogzkzQjGEiyK4E74dKEsGuo4XarKDFri2Zk2WxtbE3fSl","Sugiyanti","https://scontent-lax3-1.xx.fbcdn.net/v/t39.30808-1/460998572_495946669996536_3011670346770639980_n.jpg?stp=c0.0.750.750a_cp0_dst-jpg_s32x32&_nc_cat=105&ccb=1-7&_nc_sid=0ecb9b&_nc_ohc=H3uKjhpW1kwQ7kNvgFOfgzz&_nc_ht=scontent-lax3-1.xx&_nc_gid=A9EQz2yCtHrI2XNfoSIMGZO&oh=00_AYAWKlHhzx0vv9w_lLHYu6csoONiFNT-4HgnKPLbz5SGkA&oe=67048186","https://www.facebook.com/people/Sugiyanti/pfbid0WnvS155sm5cNtbPEsorNogzkzQjGEiyK4E74dKEsGuo4XarKDFri2Zk2WxtbE3fSl/",,"Sudah di permentasi belum?","0"
,,,,,,,,,,,,,,,,,,,,,,,,,,,,"https://www.facebook.com/reel/446274737864156/?comment_id=1234024627795552","https://www.facebook.com/reel/446274737864156/?comment_id=1234024627795552&reply_comment_id=885878696382000",,"2024-09-28T04:12:27.000Z","ZmVlZGJhY2s6ODM5MzQyODUxNzE1ODg5Xzg4NTg3ODY5NjM4MjAwMA==","Y29tbWVudDo4MzkzNDI4NTE3MTU4ODlfODg1ODc4Njk2MzgyMDAw","0","User","pfbid0sp2xFTC39kyrBy7qfxvh9zPxpjjixKYuNyWvJywyNG7q4h2YjsZKEXwiaziLv1Mpl","Rohman Hardjo Sentono","Rohman","Y29tbWVudDo4MzkzNDI4NTE3MTU4ODlfMTIzNDAyNDYyNzc5NTU1Mg==","100069205464353","Helly Seedling","https://scontent-lax3-1.xx.fbcdn.net/v/t39.30808-1/428336159_702155295434646_5059998008807722009_n.jpg?stp=cp6_dst-jpg_s32x32&_nc_cat=108&ccb=1-7&_nc_sid=50d2ac&_nc_ohc=R4edskNotXwQ7kNvgH01tQz&_nc_ht=scontent-lax3-1.xx&_nc_gid=A9EQz2yCtHrI2XNfoSIMGZO&oh=00_AYBjp2VhC6J2o-sTAQGyG_Dtvmx8DYmmbjl5ZCW2WSdv1g&oe=67047DCD","https://www.facebook.com/people/Helly-Seedling/100069205464353/","Y29tbWVudDo4MzkzNDI4NTE3MTU4ODlfMTIzNDAyNDYyNzc5NTU1Mg==","Rohman Hardjo Sentono wa mawon pak 082280717454","1",,,,,,,,,,,,,,,,,,"1","2024-09-28T04:09:42.000Z","839342851715889","https://www.facebook.com/100069205464353/posts/839342851715889","ZmVlZGJhY2s6ODM5MzQyODUxNzE1ODg5XzEyMzQwMjQ2Mjc3OTU1NTI=","Y29tbWVudDo4MzkzNDI4NTE3MTU4ODlfMTIzNDAyNDYyNzc5NTU1Mg==","https://www.facebook.com/100069205464353/posts/839342851715889","1","233184383212138",,,,,,,,"Kohe kambing giling murni bos....
Lokasi Metro Lampung 
Wa 082280717454. Helly Seedling · Original audio","pfbid0sp2xFTC39kyrBy7qfxvh9zPxpjjixKYuNyWvJywyNG7q4h2YjsZKEXwiaziLv1Mpl","Rohman Hardjo Sentono","https://scontent-lax3-1.xx.fbcdn.net/v/t39.30808-1/456253297_7975080439250086_6746533190666301466_n.jpg?stp=cp0_dst-jpg_s32x32&_nc_cat=108&ccb=1-7&_nc_sid=0ecb9b&_nc_ohc=goCBXBVc-ocQ7kNvgFCyO6k&_nc_ht=scontent-lax3-1.xx&_nc_gid=A9EQz2yCtHrI2XNfoSIMGZO&oh=00_AYC1V2eG5E6TyA4Zp6eErJG3tDkbwKXF95-AT2ZsqimNwQ&oe=67046A09","https://www.facebook.com/Asymaurrohman",,"Piro mas /sak?","0"
,,,,,,,,,,,,,,,,,,,,,,,,,,,,"https://www.facebook.com/permalink.php?story_fbid=pfbid023X83ReF7fT1pyTKKUG7cgEojjSzww2jfQnK9LeWpxAstCK7zCipojeWdizyAFDa3l&id=100069205464353&comment_id=546353744481512","https://www.facebook.com/permalink.php?story_fbid=pfbid023X83ReF7fT1pyTKKUG7cgEojjSzww2jfQnK9LeWpxAstCK7zCipojeWdizyAFDa3l&id=100069205464353&comment_id=546353744481512&reply_comment_id=396388020162839",,"2024-09-14T01:05:16.000Z","ZmVlZGJhY2s6ODI4NTY1NzQ2MTI2OTMzXzM5NjM4ODAyMDE2MjgzOQ==","Y29tbWVudDo4Mjg1NjU3NDYxMjY5MzNfMzk2Mzg4MDIwMTYyODM5","0","User","100007578522755","Renzy Bintangasia","Renzy","Y29tbWVudDo4Mjg1NjU3NDYxMjY5MzNfNTQ2MzUzNzQ0NDgxNTEy","100069205464353","Helly Seedling","https://scontent.fgig14-2.fna.fbcdn.net/v/t39.30808-1/428336159_702155295434646_5059998008807722009_n.jpg?stp=cp6_dst-jpg_s32x32&_nc_cat=108&ccb=1-7&_nc_sid=50d2ac&_nc_ohc=R4edskNotXwQ7kNvgFoqxzc&_nc_ht=scontent.fgig14-2.fna&_nc_gid=Ai1MkdN-FChw929DCmc_VJq&oh=00_AYBL6k5M4MUBCwFt51Vs1C3SUtIlFcW4NCaIH2yP2l4jOQ&oe=67047DCD","https://www.facebook.com/people/Helly-Seedling/100069205464353/","Y29tbWVudDo4Mjg1NjU3NDYxMjY5MzNfNTQ2MzUzNzQ0NDgxNTEy","Renzy Bintangasia jos","1",,,,,,,,,,,,,,,,,,"1","2024-09-14T00:55:07.000Z","828565746126933","https://www.facebook.com/100069205464353/posts/828565746126933","ZmVlZGJhY2s6ODI4NTY1NzQ2MTI2OTMzXzU0NjM1Mzc0NDQ4MTUxMg==","Y29tbWVudDo4Mjg1NjU3NDYxMjY5MzNfNTQ2MzUzNzQ0NDgxNTEy","https://www.facebook.com/100069205464353/posts/828565746126933","0","233184383212138","false",,,,,,,"Assalamualaikum 
Izin post.
Bibit semangka siap tanam bulat. MADRID F1
Lokasi Metro Lampung 
Wa link bawah
https://wa.me/message/SC6PXLSBRXS5B1","100007578522755","Renzy Bintangasia","https://scontent.fgig14-2.fna.fbcdn.net/v/t39.30808-1/426012403_3605728109689771_2277782955804277447_n.jpg?stp=cp0_dst-jpg_s32x32&_nc_cat=104&ccb=1-7&_nc_sid=50d2ac&_nc_ohc=NKmntc7UrGAQ7kNvgHJ_Qeq&_nc_ht=scontent.fgig14-2.fna&_nc_gid=Ai1MkdN-FChw929DCmc_VJq&oh=00_AYDoJCyaCnLHTuSZ77pg2fQm2b7GWw_CwobO58d7tfEfYg&oe=670477C4","https://www.facebook.com/renzi.prayuda",,"Mantap Madrid emng joss","0"
,,,,,,,,,,,,,,,,,,,,,,,,,,,,"https://www.facebook.com/permalink.php?story_fbid=pfbid02UDJY6CCUTnMkdXRmz18VWZXWuybCRpfXDRR7v3s7NFNgWh626vJ3PFFq6ykFpSYFl&id=100069205464353&comment_id=1990227234738506&reply_comment_id=2617372368471001",,,,,,,,,,,,,,,,,,,,,,,,,,,,,,,,,,,,"1","2024-09-30T00:35:36.000Z","840068464976661","https://www.facebook.com/100069205464353/posts/840068464976661","ZmVlZGJhY2s6ODQwMDY4NDY0OTc2NjYxXzI2MTczNzIzNjg0NzEwMDE=","Y29tbWVudDo4NDAwNjg0NjQ5NzY2NjFfMjYxNzM3MjM2ODQ3MTAwMQ==","https://www.facebook.com/100069205464353/posts/840068464976661","0","233184383212138","false",,"User","pfbid02aURhv4h7HsKwQvcNhph78Zw4VEJ1t77ZhFWbZyqog3i3kBKne12eqybYrd1cSTVGl","Hartoyo Adeeva Orlin","Hartoyo","Y29tbWVudDo4NDAwNjg0NjQ5NzY2NjFfMTk5MDIyNzIzNDczODUwNg==","Minggu, 29 September 2024

Rumah Semai Helly Seedling kembali menjadi tempat pilihan kegiatan mahasiswa POLINELA lampung prodi teknologi perbenihan dalam melakukan penelitian terkait mata kuliah management.  

Disinilah mereka akan menguras ilmu pengetahuan,  melakukan interaktif secara langsung kepada para karyawan sehingga mereka bisa menemukan atau menambah pengetahuan baru dalam dunia pertanian khususnya di dalam perbenihan

Kegiatan seperti ini sering dilakukan oleh mahasiswa untuk mendapatkan suatu informasi yang ingin di ketahui yakni dengan melakukan survey secara langsung.","pfbid03UikUQYEfwLyWMnWnFAVKiDpGwiUDRdbWYMC2FPok9ibUBDeUJZMrGy2X3Czyxpbl","Tuti Hartuti","https://scontent-iad3-1.xx.fbcdn.net/v/t39.30808-1/453902290_122162439104230983_2353543471067364423_n.jpg?stp=cp0_dst-jpg_s32x32&_nc_cat=104&ccb=1-7&_nc_sid=0ecb9b&_nc_ohc=yBN-VmL6fq4Q7kNvgEQrzGZ&_nc_ht=scontent-iad3-1.xx&_nc_gid=AChX4DeYD6bAYkmY4NCA_9X&oh=00_AYBhz2PhhjEQ80lwRgzJCEHeGsHy-wjBuTGJ3Sx0yMISgw&oe=670491DB","https://www.facebook.com/people/Tuti-Hartuti/pfbid03UikUQYEfwLyWMnWnFAVKiDpGwiUDRdbWYMC2FPok9ibUBDeUJZMrGy2X3Czyxpbl/","Y29tbWVudDo4NDAwNjg0NjQ5NzY2NjFfMTk5MDIyNzIzNDczODUwNg==","Hartoyo Adeeva Orlin senior ditunggu kunjungaNya","1"
,,,,,,,,,,,,,,,,,,,,,,,,,,,,"https://www.facebook.com/permalink.php?story_fbid=pfbid02UDJY6CCUTnMkdXRmz18VWZXWuybCRpfXDRR7v3s7NFNgWh626vJ3PFFq6ykFpSYFl&id=100069205464353&comment_id=1990227234738506&reply_comment_id=1256670765778056",,,,,,,,,,,,,,,,,,,,,,,,,,,,,,,,,,,,,"2024-09-30T03:14:46.000Z","840068464976661","https://www.facebook.com/100069205464353/posts/840068464976661","ZmVlZGJhY2s6ODQwMDY4NDY0OTc2NjYxXzEyNTY2NzA3NjU3NzgwNTY=","Y29tbWVudDo4NDAwNjg0NjQ5NzY2NjFfMTI1NjY3MDc2NTc3ODA1Ng==","https://www.facebook.com/100069205464353/posts/840068464976661","0","233184383212138","false",,"User","pfbid02aURhv4h7HsKwQvcNhph78Zw4VEJ1t77ZhFWbZyqog3i3kBKne12eqybYrd1cSTVGl","Hartoyo Adeeva Orlin","Hartoyo","Y29tbWVudDo4NDAwNjg0NjQ5NzY2NjFfMTk5MDIyNzIzNDczODUwNg==","Minggu, 29 September 2024

Rumah Semai Helly Seedling kembali menjadi tempat pilihan kegiatan mahasiswa POLINELA lampung prodi teknologi perbenihan dalam melakukan penelitian terkait mata kuliah management.  

Disinilah mereka akan menguras ilmu pengetahuan,  melakukan interaktif secara langsung kepada para karyawan sehingga mereka bisa menemukan atau menambah pengetahuan baru dalam dunia pertanian khususnya di dalam perbenihan

Kegiatan seperti ini sering dilakukan oleh mahasiswa untuk mendapatkan suatu informasi yang ingin di ketahui yakni dengan melakukan survey secara langsung.","pfbid02aURhv4h7HsKwQvcNhph78Zw4VEJ1t77ZhFWbZyqog3i3kBKne12eqybYrd1cSTVGl","Hartoyo Adeeva Orlin","https://scontent-iad3-1.xx.fbcdn.net/v/t39.30808-1/376769837_7252760278071582_7023959626220835255_n.jpg?stp=cp0_dst-jpg_s32x32&_nc_cat=107&ccb=1-7&_nc_sid=0ecb9b&_nc_ohc=KOQQOk9OXhIQ7kNvgFkQRdt&_nc_ht=scontent-iad3-1.xx&_nc_gid=AChX4DeYD6bAYkmY4NCA_9X&oh=00_AYB-H2ekX3RqbcKcvx6QencrP6MuZmjAOs_FHODKRd4GxQ&oe=67049F7D","https://www.facebook.com/yoyox.comunty","Y29tbWVudDo4NDAwNjg0NjQ5NzY2NjFfMTk5MDIyNzIzNDczODUwNg==","Tuti Hartuti he he ampun suhu","2"
,,,,,,,,,,,,,,,,,,,,,,,,,,,,"https://www.facebook.com/permalink.php?story_fbid=pfbid06pEvoXvsjwyo8uYjLVj83BSVQ4WV78UmR3xZeft8BQAN7uJW4wB3gJNoKm3YP3dxl&id=100069205464353&comment_id=1051745172840066&reply_comment_id=400969832868159",,,,,,,,,,,,,,,,,,,,,,,,,,,,,,,,,,,,,"2024-10-02T07:38:38.000Z","840789508237890","https://www.facebook.com/100069205464353/posts/840789508237890","ZmVlZGJhY2s6ODQwNzg5NTA4MjM3ODkwXzQwMDk2OTgzMjg2ODE1OQ==","Y29tbWVudDo4NDA3ODk1MDgyMzc4OTBfNDAwOTY5ODMyODY4MTU5","https://www.facebook.com/100069205464353/posts/840789508237890","0","355442210992705","false",,"User","pfbid037E9zhURCCAzZSwNAmNN6ALZK1yP9BHQfF2JNyxgbs1Mn1eCvzwVt6Ahrw43znqrel","Jumingin","Jumingin","Y29tbWVudDo4NDA3ODk1MDgyMzc4OTBfMTA1MTc0NTE3Mjg0MDA2Ng==","Helly Seedling. 322 likes · 178 talking about this. bibit sayuran🌱 semangka🍉 dll
Desa srisawahan deket wisata Bendungan Dam Raman.🏡wa :082280717454📲","100069205464353","Helly Seedling","https://scontent-atl3-1.xx.fbcdn.net/v/t39.30808-1/428336159_702155295434646_5059998008807722009_n.jpg?stp=cp6_dst-jpg_s32x32&_nc_cat=108&ccb=1-7&_nc_sid=50d2ac&_nc_ohc=R4edskNotXwQ7kNvgF2x3YX&_nc_ht=scontent-atl3-1.xx&_nc_gid=AsuegLZZTx7wuhQu2A7kAPF&oh=00_AYCVjKvGustpMmX9F6wAYEPUX9nQuabqiOLA5wHm6UB9SQ&oe=67047DCD","https://www.facebook.com/people/Helly-Seedling/100069205464353/","Y29tbWVudDo4NDA3ODk1MDgyMzc4OTBfMTA1MTc0NTE3Mjg0MDA2Ng==","Jumingin sandjng pertashop Srisawahan","1"
,,,,,,,,,,,,,,,,,,,,,,,,,,,,"https://www.facebook.com/reel/492290630257049/?comment_id=1029033968915350",,,,,,,,,,,,,,,,,,,,,,,,,,,,,,,,,,,,,"2024-09-18T14:22:06.000Z","831359079180933","https://www.facebook.com/100069205464353/posts/831359079180933","ZmVlZGJhY2s6ODMxMzU5MDc5MTgwOTMzXzEwMjkwMzM5Njg5MTUzNTA=","Y29tbWVudDo4MzEzNTkwNzkxODA5MzNfMTAyOTAzMzk2ODkxNTM1MA==","https://www.facebook.com/100069205464353/posts/831359079180933","0","233184383212138",,,,,,,,"Ready bibit SIOS dan bibit lainya kita jual kemasan dan bibit jadi/siap tanam.
Lokasi Metro Lampung 
Wa 082280717454. Helly Seedling · Original audio","pfbid0Ma7wqqndNmWGp1gyZkKhRGu7qZvgTgu4reKz32BJvVD7keE53Z8wHirz8rqvPdN4l","Alfa Risi","https://scontent.fcla4-1.fna.fbcdn.net/v/t39.30808-1/352509228_293786946318153_7165784542454929919_n.jpg?stp=cp0_dst-jpg_s32x32&_nc_cat=108&ccb=1-7&_nc_sid=0ecb9b&_nc_ohc=Usd7q5zUcusQ7kNvgECPz48&_nc_ht=scontent.fcla4-1.fna&_nc_gid=Aam3QcxzZDfGUGv6663t1Tw&oh=00_AYDGYsZmUwCh5MWrI8YIQNVEHQWyOgz-Vy41-cuQuLbx_w&oe=67047C9B","https://www.facebook.com/alfa0330",,"Berapa satu bungkus boos dan bibit or twis 42 ada boos","0"
,,,,,,,,,,,,,,,,,,,,,,,,,,,,"https://www.facebook.com/reel/446274737864156/?comment_id=1272108060618375&reply_comment_id=1317338622588675",,,,,,,,,,,,,,,,,,,,,,,,,,,,,,,,,,,,,"2024-09-30T00:19:11.000Z","839342851715889","https://www.facebook.com/100069205464353/posts/839342851715889","ZmVlZGJhY2s6ODM5MzQyODUxNzE1ODg5XzEzMTczMzg2MjI1ODg2NzU=","Y29tbWVudDo4MzkzNDI4NTE3MTU4ODlfMTMxNzMzODYyMjU4ODY3NQ==","https://www.facebook.com/100069205464353/posts/839342851715889","0","233184383212138",,,"User","pfbid02sH21VuayuHyaGibXFMmRDsYUKwVmNynj5RQYPSuAByRR9HsT2VcfAxsJ5fmC8Yzkl","Sunar Tani","Sunar","Y29tbWVudDo4MzkzNDI4NTE3MTU4ODlfMTI3MjEwODA2MDYxODM3NQ==","Kohe kambing giling murni bos....
Lokasi Metro Lampung 
Wa 082280717454. Helly Seedling · Original audio","100069205464353","Helly Seedling","https://scontent.flis9-2.fna.fbcdn.net/v/t39.30808-1/428336159_702155295434646_5059998008807722009_n.jpg?stp=cp6_dst-jpg_s32x32&_nc_cat=108&ccb=1-7&_nc_sid=50d2ac&_nc_ohc=R4edskNotXwQ7kNvgEc1DzS&_nc_ht=scontent.flis9-2.fna&_nc_gid=AGDP5GY9Au9CWLr_ApPeDHx&oh=00_AYAcaZXJiakOJ6etnf9aJsT4k7qXX_BoIWzZIcRaPgahPA&oe=67047DCD","https://www.facebook.com/people/Helly-Seedling/100069205464353/","Y29tbWVudDo4MzkzNDI4NTE3MTU4ODlfMTI3MjEwODA2MDYxODM3NQ==","Sunar Tani wa bos 082280717454","1"
,,,,,,,,,,,,,,,,,,,,,,,,,,,,"https://www.facebook.com/reel/446274737864156/?comment_id=1234024627795552&reply_comment_id=885878696382000",,,,,,,,,,,,,,,,,,,,,,,,,,,,,,,,,,,,,"2024-09-28T04:12:27.000Z","839342851715889","https://www.facebook.com/100069205464353/posts/839342851715889","ZmVlZGJhY2s6ODM5MzQyODUxNzE1ODg5Xzg4NTg3ODY5NjM4MjAwMA==","Y29tbWVudDo4MzkzNDI4NTE3MTU4ODlfODg1ODc4Njk2MzgyMDAw","https://www.facebook.com/100069205464353/posts/839342851715889","0","233184383212138",,,"User","pfbid0sp2xFTC39kyrBy7qfxvh9zPxpjjixKYuNyWvJywyNG7q4h2YjsZKEXwiaziLv1Mpl","Rohman Hardjo Sentono","Rohman","Y29tbWVudDo4MzkzNDI4NTE3MTU4ODlfMTIzNDAyNDYyNzc5NTU1Mg==","Kohe kambing giling murni bos....
Lokasi Metro Lampung 
Wa 082280717454. Helly Seedling · Original audio","100069205464353","Helly Seedling","https://scontent.fsvq2-1.fna.fbcdn.net/v/t39.30808-1/428336159_702155295434646_5059998008807722009_n.jpg?stp=cp6_dst-jpg_s32x32&_nc_cat=108&ccb=1-7&_nc_sid=50d2ac&_nc_ohc=R4edskNotXwQ7kNvgGQzhBR&_nc_ht=scontent.fsvq2-1.fna&_nc_gid=ABCZdW3Un16LH-2WQoRm2tD&oh=00_AYDSJZmscWw7Bc2YMpLGHAaJyBUV6y3pLHll9gJEZKHF3w&oe=67047DCD","https://www.facebook.com/people/Helly-Seedling/100069205464353/","Y29tbWVudDo4MzkzNDI4NTE3MTU4ODlfMTIzNDAyNDYyNzc5NTU1Mg==","Rohman Hardjo Sentono wa mawon pak 082280717454","1"
,,,,,,,,,,,,,,,,,,,,,,,,,,,,"https://www.facebook.com/reel/2217065178665399/?comment_id=1937103913462846",,,,,,,,,,,,,,,,,,,,,,,,,,,,,,,,,,,,,"2024-09-07T12:27:05.000Z","824075783242596","https://www.facebook.com/100069205464353/posts/824075783242596","ZmVlZGJhY2s6ODI0MDc1NzgzMjQyNTk2XzE5MzcxMDM5MTM0NjI4NDY=","Y29tbWVudDo4MjQwNzU3ODMyNDI1OTZfMTkzNzEwMzkxMzQ2Mjg0Ng==","https://www.facebook.com/100069205464353/posts/824075783242596","1","233184383212138",,,,,,,,"Tanaman tomat yg akan di tumpang sari dengan CMK kedepanya.

Tentunya dengan nutrisi dari organik 80% dan kimia 20%.
Pupuk organik yg kita pakai adalah KOHE KAMBING GILING.

Karna KOHE KAMBING GILING...","pfbid02WY4wuXBTuqptaXyVFxHMJhVubQ26RbMYRpG2bmZdDeoNXzo7hro8emnCBCCx6B4Rl","Musini Zahra","https://scontent.fdet3-1.fna.fbcdn.net/v/t39.30808-1/320927620_698747565193764_5982949935490035105_n.jpg?stp=cp0_dst-jpg_s32x32&_nc_cat=105&ccb=1-7&_nc_sid=0ecb9b&_nc_ohc=glhz11812B8Q7kNvgEw6xi1&_nc_ht=scontent.fdet3-1.fna&_nc_gid=A4tcTMaCxGoUtLd3VTJ7-HX&oh=00_AYAI_TNx393owY71Xqi1HrZkHLiB96Wz38c0QPtxV-rHpw&oe=67049AD4","https://www.facebook.com/people/Musini-Zahra/pfbid02WY4wuXBTuqptaXyVFxHMJhVubQ26RbMYRpG2bmZdDeoNXzo7hro8emnCBCCx6B4Rl/",,"👍  pk bos,  cara bertani sukses","0"
,,,,,,,,,,,,,,,,,,,,,,,,,,,,"https://www.facebook.com/reel/2217065178665399/?comment_id=1037551650899382","https://www.facebook.com/reel/2217065178665399/?comment_id=1037551650899382&reply_comment_id=1052010579776936","1","2024-09-07T03:47:41.000Z","ZmVlZGJhY2s6ODI0MDc1NzgzMjQyNTk2XzEwNTIwMTA1Nzk3NzY5MzY=","Y29tbWVudDo4MjQwNzU3ODMyNDI1OTZfMTA1MjAxMDU3OTc3NjkzNg==","0","User","pfbid0byFSiQc6n4KVgt4wjL6Hs1p3RainfcQBe1bHxzcAN19QpdA2a9wk4SmofAyh7MBVl","Hartono Wijaya","Hartono","Y29tbWVudDo4MjQwNzU3ODMyNDI1OTZfMTAzNzU1MTY1MDg5OTM4Mg==","100069205464353","Helly Seedling","https://scontent.fdet3-1.fna.fbcdn.net/v/t39.30808-1/428336159_702155295434646_5059998008807722009_n.jpg?stp=cp6_dst-jpg_s32x32&_nc_cat=108&ccb=1-7&_nc_sid=50d2ac&_nc_ohc=R4edskNotXwQ7kNvgHfBbhv&_nc_ht=scontent.fdet3-1.fna&_nc_gid=A4tcTMaCxGoUtLd3VTJ7-HX&oh=00_AYBszxFLBFRFDgCsyDttWuOKcE9vsZWtoqESbdg_WC7irw&oe=67047DCD","https://www.facebook.com/people/Helly-Seedling/100069205464353/","Y29tbWVudDo4MjQwNzU3ODMyNDI1OTZfMTAzNzU1MTY1MDg5OTM4Mg==","Hartono Wijaya metro Lampung","1","https://www.facebook.com/reel/2217065178665399/?comment_id=1037551650899382&reply_comment_id=1256914308812198","2024-09-07T04:37:49.000Z","ZmVlZGJhY2s6ODI0MDc1NzgzMjQyNTk2XzEyNTY5MTQzMDg4MTIxOTg=","Y29tbWVudDo4MjQwNzU3ODMyNDI1OTZfMTI1NjkxNDMwODgxMjE5OA==","0","User","pfbid0byFSiQc6n4KVgt4wjL6Hs1p3RainfcQBe1bHxzcAN19QpdA2a9wk4SmofAyh7MBVl","Hartono Wijaya","Hartono","Y29tbWVudDo4MjQwNzU3ODMyNDI1OTZfMTAzNzU1MTY1MDg5OTM4Mg==","pfbid0byFSiQc6n4KVgt4wjL6Hs1p3RainfcQBe1bHxzcAN19QpdA2a9wk4SmofAyh7MBVl","Hartono Wijaya","https://scontent.fdet3-1.fna.fbcdn.net/v/t1.6435-1/132548671_103785054974148_5589194742787364738_n.jpg?stp=c0.106.640.640a_cp0_dst-jpg_s32x32&_nc_cat=111&ccb=1-7&_nc_sid=0ecb9b&_nc_ohc=c5A7ZCM33Q8Q7kNvgFsmmNo&_nc_ht=scontent.fdet3-1.fna&_nc_gid=A4tcTMaCxGoUtLd3VTJ7-HX&oh=00_AYB8eIwDr_N7FK2tO8vKyagNs2-g6YSCNULi4q60VOOLyg&oe=672637EC","https://www.facebook.com/hartono.wijaya.75641","Y29tbWVudDo4MjQwNzU3ODMyNDI1OTZfMTAzNzU1MTY1MDg5OTM4Mg==","Helly Seedling  pekalongan apa metro","2","2","2024-09-06T16:49:47.000Z","824075783242596","https://www.facebook.com/100069205464353/posts/824075783242596","ZmVlZGJhY2s6ODI0MDc1NzgzMjQyNTk2XzEwMzc1NTE2NTA4OTkzODI=","Y29tbWVudDo4MjQwNzU3ODMyNDI1OTZfMTAzNzU1MTY1MDg5OTM4Mg==","https://www.facebook.com/100069205464353/posts/824075783242596","1","233184383212138",,,,,,,,"Tanaman tomat yg akan di tumpang sari dengan CMK kedepanya.

Tentunya dengan nutrisi dari organik 80% dan kimia 20%.
Pupuk organik yg kita pakai adalah KOHE KAMBING GILING.

Karna KOHE KAMBING GILING...","pfbid0byFSiQc6n4KVgt4wjL6Hs1p3RainfcQBe1bHxzcAN19QpdA2a9wk4SmofAyh7MBVl","Hartono Wijaya","https://scontent.fdet3-1.fna.fbcdn.net/v/t1.6435-1/132548671_103785054974148_5589194742787364738_n.jpg?stp=c0.106.640.640a_cp0_dst-jpg_s32x32&_nc_cat=111&ccb=1-7&_nc_sid=0ecb9b&_nc_ohc=c5A7ZCM33Q8Q7kNvgFsmmNo&_nc_ht=scontent.fdet3-1.fna&_nc_gid=A4tcTMaCxGoUtLd3VTJ7-HX&oh=00_AYB8eIwDr_N7FK2tO8vKyagNs2-g6YSCNULi4q60VOOLyg&oe=672637EC","https://www.facebook.com/hartono.wijaya.75641",,"Lokasi","0"
,,,,,,,,,,,,,,,,,,,,,,,,,,,,"https://www.facebook.com/permalink.php?story_fbid=pfbid023X83ReF7fT1pyTKKUG7cgEojjSzww2jfQnK9LeWpxAstCK7zCipojeWdizyAFDa3l&id=100069205464353&comment_id=546353744481512&reply_comment_id=396388020162839",,,,,,,,,,,,,,,,,,,,,,,,,,,,,,,,,,,,,"2024-09-14T01:05:16.000Z","828565746126933","https://www.facebook.com/100069205464353/posts/828565746126933","ZmVlZGJhY2s6ODI4NTY1NzQ2MTI2OTMzXzM5NjM4ODAyMDE2MjgzOQ==","Y29tbWVudDo4Mjg1NjU3NDYxMjY5MzNfMzk2Mzg4MDIwMTYyODM5","https://www.facebook.com/100069205464353/posts/828565746126933","0","233184383212138","false",,"User","100007578522755","Renzy Bintangasia","Renzy","Y29tbWVudDo4Mjg1NjU3NDYxMjY5MzNfNTQ2MzUzNzQ0NDgxNTEy","Assalamualaikum 
Izin post.
Bibit semangka siap tanam bulat. MADRID F1
Lokasi Metro Lampung 
Wa link bawah
https://wa.me/message/SC6PXLSBRXS5B1","100069205464353","Helly Seedling","https://scontent-mia3-1.xx.fbcdn.net/v/t39.30808-1/428336159_702155295434646_5059998008807722009_n.jpg?stp=cp6_dst-jpg_s32x32&_nc_cat=108&ccb=1-7&_nc_sid=50d2ac&_nc_ohc=R4edskNotXwQ7kNvgEXn6Sj&_nc_ht=scontent-mia3-1.xx&_nc_gid=Av6UKenSWspUhXSTsI0HVdz&oh=00_AYCE6xXe2U2CnCKN4TltkPaKRIJX1cybv_cPV3R4Y8t_vA&oe=67047DCD","https://www.facebook.com/people/Helly-Seedling/100069205464353/","Y29tbWVudDo4Mjg1NjU3NDYxMjY5MzNfNTQ2MzUzNzQ0NDgxNTEy","Renzy Bintangasia jos","1"
,,,,,,,,,,,,,,,,,,,,,,,,,,,,"https://www.facebook.com/reel/446274737864156/?comment_id=540330771850978&reply_comment_id=1065945725327017",,,,,,,,,,,,,,,,,,,,,,,,,,,,,,,,,,,,,"2024-10-02T02:49:58.000Z","839342851715889","https://www.facebook.com/100069205464353/posts/839342851715889","ZmVlZGJhY2s6ODM5MzQyODUxNzE1ODg5XzEwNjU5NDU3MjUzMjcwMTc=","Y29tbWVudDo4MzkzNDI4NTE3MTU4ODlfMTA2NTk0NTcyNTMyNzAxNw==","https://www.facebook.com/100069205464353/posts/839342851715889","0","233184383212138",,,"User","pfbid0WnvS155sm5cNtbPEsorNogzkzQjGEiyK4E74dKEsGuo4XarKDFri2Zk2WxtbE3fSl","Sugiyanti","Sugiyanti","Y29tbWVudDo4MzkzNDI4NTE3MTU4ODlfNTQwMzMwNzcxODUwOTc4","Kohe kambing giling murni bos....
Lokasi Metro Lampung 
Wa 082280717454. Helly Seedling · Original audio","100069205464353","Helly Seedling","https://scontent.fpoa47-1.fna.fbcdn.net/v/t39.30808-1/428336159_702155295434646_5059998008807722009_n.jpg?stp=cp6_dst-jpg_s32x32&_nc_cat=108&ccb=1-7&_nc_sid=50d2ac&_nc_ohc=R4edskNotXwQ7kNvgGZpxU_&_nc_ht=scontent.fpoa47-1.fna&_nc_gid=A6n63D40nrH6mdntfw1eyn2&oh=00_AYB_A84PC_pem1PZVP4gZXZjE7PztpYl4yuzcZd0OFMJVg&oe=67047DCD","https://www.facebook.com/people/Helly-Seedling/100069205464353/","Y29tbWVudDo4MzkzNDI4NTE3MTU4ODlfNTQwMzMwNzcxODUwOTc4","Sugiyanti ga fermentasi brani bos kalo kohe kambing","1"
,,,,,,,,,,,,,,,,,,,,,,,,,,,,"https://www.facebook.com/reel/2217065178665399/?comment_id=1037551650899382&reply_comment_id=1052010579776936",,,,,,,,,,,,,,,,,,,,,,,,,,,,,,,,,,,,"1","2024-09-07T03:47:41.000Z","824075783242596","https://www.facebook.com/100069205464353/posts/824075783242596","ZmVlZGJhY2s6ODI0MDc1NzgzMjQyNTk2XzEwNTIwMTA1Nzk3NzY5MzY=","Y29tbWVudDo4MjQwNzU3ODMyNDI1OTZfMTA1MjAxMDU3OTc3NjkzNg==","https://www.facebook.com/100069205464353/posts/824075783242596","0","233184383212138",,,"User","pfbid0byFSiQc6n4KVgt4wjL6Hs1p3RainfcQBe1bHxzcAN19QpdA2a9wk4SmofAyh7MBVl","Hartono Wijaya","Hartono","Y29tbWVudDo4MjQwNzU3ODMyNDI1OTZfMTAzNzU1MTY1MDg5OTM4Mg==","Tanaman tomat yg akan di tumpang sari dengan CMK kedepanya.

Tentunya dengan nutrisi dari organik 80% dan kimia 20%.
Pupuk organik yg kita pakai adalah KOHE KAMBING GILING.

Karna KOHE KAMBING GILING...","100069205464353","Helly Seedling","https://scontent.fsac1-1.fna.fbcdn.net/v/t39.30808-1/428336159_702155295434646_5059998008807722009_n.jpg?stp=cp6_dst-jpg_s32x32&_nc_cat=108&ccb=1-7&_nc_sid=50d2ac&_nc_ohc=R4edskNotXwQ7kNvgGx28Bi&_nc_ht=scontent.fsac1-1.fna&_nc_gid=A281woZSymcVgd72bn6b1iF&oh=00_AYDfG8wALibgtWXCYwZeGIgq6InYnptCJu-IvwJbBkDEsw&oe=67047DCD","https://www.facebook.com/people/Helly-Seedling/100069205464353/","Y29tbWVudDo4MjQwNzU3ODMyNDI1OTZfMTAzNzU1MTY1MDg5OTM4Mg==","Hartono Wijaya metro Lampung","1"
,,,,,,,,,,,,,,,,,,,,,,,,,,,,"https://www.facebook.com/reel/2217065178665399/?comment_id=1037551650899382&reply_comment_id=1256914308812198",,,,,,,,,,,,,,,,,,,,,,,,,,,,,,,,,,,,,"2024-09-07T04:37:49.000Z","824075783242596","https://www.facebook.com/100069205464353/posts/824075783242596","ZmVlZGJhY2s6ODI0MDc1NzgzMjQyNTk2XzEyNTY5MTQzMDg4MTIxOTg=","Y29tbWVudDo4MjQwNzU3ODMyNDI1OTZfMTI1NjkxNDMwODgxMjE5OA==","https://www.facebook.com/100069205464353/posts/824075783242596","0","233184383212138",,,"User","pfbid0byFSiQc6n4KVgt4wjL6Hs1p3RainfcQBe1bHxzcAN19QpdA2a9wk4SmofAyh7MBVl","Hartono Wijaya","Hartono","Y29tbWVudDo4MjQwNzU3ODMyNDI1OTZfMTAzNzU1MTY1MDg5OTM4Mg==","Tanaman tomat yg akan di tumpang sari dengan CMK kedepanya.

Tentunya dengan nutrisi dari organik 80% dan kimia 20%.
Pupuk organik yg kita pakai adalah KOHE KAMBING GILING.

Karna KOHE KAMBING GILING...","pfbid0byFSiQc6n4KVgt4wjL6Hs1p3RainfcQBe1bHxzcAN19QpdA2a9wk4SmofAyh7MBVl","Hartono Wijaya","https://scontent.fsac1-1.fna.fbcdn.net/v/t1.6435-1/132548671_103785054974148_5589194742787364738_n.jpg?stp=c0.106.640.640a_cp0_dst-jpg_s32x32&_nc_cat=111&ccb=1-7&_nc_sid=0ecb9b&_nc_ohc=c5A7ZCM33Q8Q7kNvgGTy5CC&_nc_ht=scontent.fsac1-1.fna&_nc_gid=A281woZSymcVgd72bn6b1iF&oh=00_AYBpFlcMQj3AY60KYq-RbeACR7q-0oAVcOAziUxJCn-2WQ&oe=672637EC","https://www.facebook.com/hartono.wijaya.75641","Y29tbWVudDo4MjQwNzU3ODMyNDI1OTZfMTAzNzU1MTY1MDg5OTM4Mg==","Helly Seedling  pekalongan apa metro","2"
,,,,,,,,,,,,,,,,"VideoTipJarPayment","1081816913378080","0","1","https://static.xx.fbcdn.net/rsrc.php/v3/yN/r/z6visRJQXR_.png",,"StarsVirtualGiftBaseType",,"/images/assets_DO_NOT_HARDCODE/user_pay_stars_virtual_gifts/Community-Unification-Default-Tier1-Thoughtful-Testing-Static.png","Community-Unification-Default-T1-Thoughtful-bottomsheet-testing-animation","https://static.xx.fbcdn.net/rsrc.php/y6/r/qfD07Iv6r-5.kf","1414980765966032","https://www.facebook.com/reel/1081790303380741/?comment_id=1252088229135161",,,,,,,,,,,,,,,,,,,,,,,,,,,,,,,,,,,,,"2024-09-30T12:41:54.000Z","841044781545696","https://www.facebook.com/100069205464353/posts/841044781545696","ZmVlZGJhY2s6ODQxMDQ0NzgxNTQ1Njk2XzEyNTIwODgyMjkxMzUxNjE=","Y29tbWVudDo4NDEwNDQ3ODE1NDU2OTZfMTI1MjA4ODIyOTEzNTE2MQ==","https://www.facebook.com/100069205464353/posts/841044781545696","1","233184383212138",,,,,,,,"Rumah Semai Helly Seedling merupakan salah satu tempat yang menghasilkan produksi bibit yang berkualitas dan mampu mengikuti daya saing pertumbuhan bibit yang unggul untuk siap tanam.

Bintang Asia...","100007578522755","Renzy Bintangasia","https://scontent.frba1-3.fna.fbcdn.net/v/t39.30808-1/426012403_3605728109689771_2277782955804277447_n.jpg?stp=cp0_dst-jpg_s32x32&_nc_cat=104&ccb=1-7&_nc_sid=50d2ac&_nc_ohc=NKmntc7UrGAQ7kNvgEnx06H&_nc_ht=scontent.frba1-3.fna&_nc_gid=AR5Dey8VJzeQqiwmeZhOL1V&oh=00_AYBiLzWwMafnb_IM9G7fOfn33wZTUxkq4aFTHx-0MOpCiw&oe=670477C4","https://www.facebook.com/renzi.prayuda",,,"0"
"Sticker",,,"1","83","1","1","1000519493737088","80","https://scontent.frba1-4.fna.fbcdn.net/v/t39.1997-6/105258811_1000519497070421_1877687988442182543_n.png?stp=cp0_dst-png_s110x80&_nc_cat=1&ccb=1-7&_nc_sid=23dd7b&_nc_ohc=P8UoovEVZ_wQ7kNvgG-HvN-&_nc_zt=26&_nc_ht=scontent.frba1-4.fna&_nc_gid=AR5Dey8VJzeQqiwmeZhOL1V&oh=00_AYAU79t9lj3PdKECptC5ld3GyscUph5mg-uGAKDr6yTNyQ&oe=67047EEB","80","a outstretched arm with a thumbs up. on the arm is written 'great' in indonesian","1000303507092020","Stories Stickers in Feed",,,,,,,,,,,,,,,"https://www.facebook.com/reel/1081790303380741/?comment_id=544254394811422",,,,,,,,,,,,,,,,,,,,,,,,,,,,,,,,,,,,,"2024-09-30T14:13:14.000Z","841044781545696","https://www.facebook.com/100069205464353/posts/841044781545696","ZmVlZGJhY2s6ODQxMDQ0NzgxNTQ1Njk2XzU0NDI1NDM5NDgxMTQyMg==","Y29tbWVudDo4NDEwNDQ3ODE1NDU2OTZfNTQ0MjU0Mzk0ODExNDIy","https://www.facebook.com/100069205464353/posts/841044781545696","0","233184383212138",,,,,,,,"Rumah Semai Helly Seedling merupakan salah satu tempat yang menghasilkan produksi bibit yang berkualitas dan mampu mengikuti daya saing pertumbuhan bibit yang unggul untuk siap tanam.

Bintang Asia...","100065666973498","Davina Azkiya","https://scontent.frba1-2.fna.fbcdn.net/v/t39.30808-1/310827072_448278690704360_4714759928606141569_n.jpg?stp=cp0_dst-jpg_s32x32&_nc_cat=110&ccb=1-7&_nc_sid=50d2ac&_nc_ohc=R9Wl7ybdhqIQ7kNvgE0WUF_&_nc_ht=scontent.frba1-2.fna&_nc_gid=AR5Dey8VJzeQqiwmeZhOL1V&oh=00_AYBbnVSJTj_U4IxosRFzNlu4l4ajRqSjisSJnGOvcc6kLg&oe=67049406","https://www.facebook.com/davina.azkiya.9",,,"0"
,,,,,,,,,,,,,,,,,,,,,,,,,,,,"https://www.facebook.com/reel/1081790303380741/?comment_id=1273140817379338",,,,,,,,,,,,,,,,,,,,,,,,,,,,,,,,,,,,,"2024-09-30T13:43:37.000Z","841044781545696","https://www.facebook.com/100069205464353/posts/841044781545696","ZmVlZGJhY2s6ODQxMDQ0NzgxNTQ1Njk2XzEyNzMxNDA4MTczNzkzMzg=","Y29tbWVudDo4NDEwNDQ3ODE1NDU2OTZfMTI3MzE0MDgxNzM3OTMzOA==","https://www.facebook.com/100069205464353/posts/841044781545696","1","233184383212138",,,,,,,,"Rumah Semai Helly Seedling merupakan salah satu tempat yang menghasilkan produksi bibit yang berkualitas dan mampu mengikuti daya saing pertumbuhan bibit yang unggul untuk siap tanam.

Bintang Asia...","100000029645476","Cayadi Bintang Asia","https://scontent.frba1-4.fna.fbcdn.net/v/t31.18172-1/15724565_1469077786436529_7264600135043183638_o.jpg?stp=c0.200.1200.1200a_cp0_dst-jpg_s32x32&_nc_cat=101&ccb=1-7&_nc_sid=db5862&_nc_ohc=z-M6Ynf3R1cQ7kNvgHcD5Cp&_nc_ht=scontent.frba1-4.fna&_nc_gid=AR5Dey8VJzeQqiwmeZhOL1V&oh=00_AYBr0PZ8JpHa_FGVVdw7etBdfgCKzkUgthZLNmzteY-XXA&oe=67262FFE","https://www.facebook.com/cayadi.santosa",,"Mantapz....","0"
