﻿"attachments/0/__typename","attachments/0/animated_image","attachments/0/animated_image/height","attachments/0/animated_image/uri","attachments/0/animated_image/width","attachments/0/animated_image_attribution","attachments/0/animated_image_caption","attachments/0/frame_count","attachments/0/frame_rate","attachments/0/frames_per_column","attachments/0/frames_per_row","attachments/0/id","attachments/0/image/height","attachments/0/image/uri","attachments/0/image/width","attachments/0/label","attachments/0/pack","attachments/0/pack/id","attachments/0/pack/name","attachments/0/sprite_image","attachments/0/sprite_image/uri","attachments/0/sticker_image/__typename","attachments/0/sticker_image/uri","attachments/0/target/__typename","attachments/0/target/id","attachments/0/target/matching_quantity","attachments/0/target/spark_quantity","attachments/0/target/stars_image_on_star_quantity","attachments/0/target/virtual_gift","attachments/0/target/virtual_gift_type/__typename","attachments/0/target/virtual_gift_type/gift_animated_image","attachments/0/target/virtual_gift_type/gift_image","attachments/0/target/virtual_gift_type/gift_keyframe_asset_name","attachments/0/target/virtual_gift_type/gift_keyframe_asset_url","attachments/0/target/virtual_gift_type/id","commentUrl","comments/0/commentUrl","comments/0/date","comments/0/feedbackId","comments/0/id","comments/0/likesCount","comments/0/parentComment/author/__typename","comments/0/parentComment/author/id","comments/0/parentComment/author/name","comments/0/parentComment/author/short_name","comments/0/parentComment/id","comments/0/profileId","comments/0/profileName","comments/0/profilePicture","comments/0/profileUrl","comments/0/replyToCommentId","comments/0/text","comments/0/threadingDepth","commentsCount","date","error","errorDescription","facebookId","facebookUrl","feedbackId","id","inputUrl","likesCount","pageAdLibrary/id","pageAdLibrary/is_business_page_active","parentComment/author/__typename","parentComment/author/id","parentComment/author/name","parentComment/author/short_name","parentComment/id","postTitle","profileId","profileName","profilePicture","profileUrl","replyToCommentId","text","threadingDepth","url"
,,,,,,,,,,,,,,,,,,,,,,,,,,,,,,,,,,,,,,,,,,,,,,,,,,,,,,,"not_available","This content isn't available because the owner only shared it with a small group of people or changed who can see it, or it's been deleted.",,,,,,,,,,,,,,,,,,,,,,"https://www.facebook.com/100007578522755/posts/8280180245404274"
,,,,,,,,,,,,,,,,,,,,,,,,,,,,,,,,,,,,,,,,,,,,,,,,,,,,,,,"not_available","This content isn't available because the owner only shared it with a small group of people or changed who can see it, or it's been deleted.",,,,,,,,,,,,,,,,,,,,,,"https://www.facebook.com/100007578522755/posts/8290745991014366"
,,,,,,,,,,,,,,,,,,,,,,,,,,,,,,,,,,,,,,,,,,,,,,,,,,,,,,,"not_available","This content isn't available because the owner only shared it with a small group of people or changed who can see it, or it's been deleted.",,,,,,,,,,,,,,,,,,,,,,"https://www.facebook.com/100007578522755/posts/8272589646163334"
,,,,,,,,,,,,,,,,,,,,,,,,,,,,,,,,,,,,,,,,,,,,,,,,,,,,,,,"not_available","This content isn't available because the owner only shared it with a small group of people or changed who can see it, or it's been deleted.",,,,,,,,,,,,,,,,,,,,,,"https://www.facebook.com/100007578522755/posts/8279314718824160"
,,,,,,,,,,,,,,,,,,,,,,,,,,,,,,,,,,,,,,,,,,,,,,,,,,,,,,,"not_available","This content isn't available because the owner only shared it with a small group of people or changed who can see it, or it's been deleted.",,,,,,,,,,,,,,,,,,,,,,"https://www.facebook.com/100007578522755/posts/8760754253959063"
,,,,,,,,,,,,,,,,,,,,,,,,,,,,,,,,,,,,,,,,,,,,,,,,,,,,,,,"not_available","This content isn't available because the owner only shared it with a small group of people or changed who can see it, or it's been deleted.",,,,,,,,,,,,,,,,,,,,,,"https://www.facebook.com/100007578522755/posts/8270629743025991"
,,,,,,,,,,,,,,,,,,,,,,,,,,,,,,,,,,,,,,,,,,,,,,,,,,,,,,,"not_available","This content isn't available because the owner only shared it with a small group of people or changed who can see it, or it's been deleted.",,,,,,,,,,,,,,,,,,,,,,"https://www.facebook.com/100007578522755/posts/8251318294957136"
,,,,,,,,,,,,,,,,,,,,,,,,,,,,,,,,,,,"https://www.facebook.com/renzi.prayuda/posts/pfbid0uCxPRkLEMYjwGSuDAcaXE1VhEy8Zron9HfjrVrf4AgE3MfLHMtrqdWogqzbYWHe6l?comment_id=512808661360280",,,,,,,,,,,,,,,,,,"1","2024-09-26T13:11:37.000Z",,,"3778922625703651","https://www.facebook.com/100007578522755/posts/3778922625703651","ZmVlZGJhY2s6Mzc3ODkyMjYyNTcwMzY1MV81MTI4MDg2NjEzNjAyODA=","Y29tbWVudDozNzc4OTIyNjI1NzAzNjUxXzUxMjgwODY2MTM2MDI4MA==","https://www.facebook.com/100007578522755/posts/3778922625703651","1","261237703739109","false",,,,,,"OKASA F1

Rock Melon cantaloupe hibrida.
Bentuk buah : bulat oval.
Warna daging : oranye,
Berat buah : ± 3 kg/buah.
Umur panen : ± 60 hst.
Potensi hasil : ± 25 ton/ha.
Adaptasi utama di dataran rendah.
Rasa sangat manis.

#suksesbersamaBintangasia
#melonokasaF1
@sorotan 
pengikut 
Bintang Asia 
Benih Citra Asia","100014869834050","Nino Nino","https://scontent-atl3-1.xx.fbcdn.net/v/t39.30808-1/332315201_717858636641435_3087786211914508947_n.jpg?stp=cp0_dst-jpg_s32x32&_nc_cat=100&ccb=1-7&_nc_sid=50d2ac&_nc_ohc=X3w2kFDpxUAQ7kNvgFwEJbA&_nc_ht=scontent-atl3-1.xx&_nc_gid=AVAeuNBCmwvBhRPRMqoRjRx&oh=00_AYA5n1dcM6I32Zh4HMa-8gt1krMmTc0c_1Ubky1ym68F5A&oe=66FC0FCD","https://www.facebook.com/people/Nino-Nino/100014869834050/",,"Sangat mantap bosss","0",
,,,,,,,,,,,,,,,,,,,,,,,,,,,,,,,,,,,"https://www.facebook.com/renzi.prayuda/posts/pfbid0uCxPRkLEMYjwGSuDAcaXE1VhEy8Zron9HfjrVrf4AgE3MfLHMtrqdWogqzbYWHe6l?comment_id=553203767285919",,,,,,,,,,,,,,,,,,"2","2024-09-26T13:18:52.000Z",,,"3778922625703651","https://www.facebook.com/100007578522755/posts/3778922625703651","ZmVlZGJhY2s6Mzc3ODkyMjYyNTcwMzY1MV81NTMyMDM3NjcyODU5MTk=","Y29tbWVudDozNzc4OTIyNjI1NzAzNjUxXzU1MzIwMzc2NzI4NTkxOQ==","https://www.facebook.com/100007578522755/posts/3778922625703651","1","261237703739109","false",,,,,,"OKASA F1

Rock Melon cantaloupe hibrida.
Bentuk buah : bulat oval.
Warna daging : oranye,
Berat buah : ± 3 kg/buah.
Umur panen : ± 60 hst.
Potensi hasil : ± 25 ton/ha.
Adaptasi utama di dataran rendah.
Rasa sangat manis.

#suksesbersamaBintangasia
#melonokasaF1
@sorotan 
pengikut 
Bintang Asia 
Benih Citra Asia","pfbid0XxxTSgomFu3NrHDGXynUz6eF63ATA31pKq2BW6P6QsVitiaaWoFf3WdTUtYaAF7yl","Kang Sisu","https://scontent-atl3-1.xx.fbcdn.net/v/t39.30808-1/290918549_756921592022172_2124115588058451514_n.jpg?stp=c0.0.720.720a_cp0_dst-jpg_s32x32&_nc_cat=100&ccb=1-7&_nc_sid=0ecb9b&_nc_ohc=nwFzptCl0LcQ7kNvgEfheaP&_nc_ht=scontent-atl3-1.xx&_nc_gid=AVAeuNBCmwvBhRPRMqoRjRx&oh=00_AYB9XNqMv-JLctCLbtBRBL5jBAhKDRoPnMNYf4EudfGEvQ&oe=66FC395D","https://www.facebook.com/people/Kang-Sisu/pfbid0XxxTSgomFu3NrHDGXynUz6eF63ATA31pKq2BW6P6QsVitiaaWoFf3WdTUtYaAF7yl/",,"Mantap 👍","0",
,,,,,,,,,,,,,,,,,,,,,,,,,,,,,,,,,,,"https://www.facebook.com/renzi.prayuda/posts/pfbid0uCxPRkLEMYjwGSuDAcaXE1VhEy8Zron9HfjrVrf4AgE3MfLHMtrqdWogqzbYWHe6l?comment_id=1079498540486619",,,,,,,,,,,,,,,,,,"1","2024-09-26T13:20:48.000Z",,,"3778922625703651","https://www.facebook.com/100007578522755/posts/3778922625703651","ZmVlZGJhY2s6Mzc3ODkyMjYyNTcwMzY1MV8xMDc5NDk4NTQwNDg2NjE5","Y29tbWVudDozNzc4OTIyNjI1NzAzNjUxXzEwNzk0OTg1NDA0ODY2MTk=","https://www.facebook.com/100007578522755/posts/3778922625703651","1","261237703739109","false",,,,,,"OKASA F1

Rock Melon cantaloupe hibrida.
Bentuk buah : bulat oval.
Warna daging : oranye,
Berat buah : ± 3 kg/buah.
Umur panen : ± 60 hst.
Potensi hasil : ± 25 ton/ha.
Adaptasi utama di dataran rendah.
Rasa sangat manis.

#suksesbersamaBintangasia
#melonokasaF1
@sorotan 
pengikut 
Bintang Asia 
Benih Citra Asia","pfbid0zcHAhCfdr47G2sRgYFvoaqZ6E22UxZwPF7vcg3Rp9BzeJu4Qjjns1bnswARzsd1Ql","Bambang Sr.","https://scontent-atl3-1.xx.fbcdn.net/v/t39.30808-1/442492577_1454243668628236_3775618804888553557_n.jpg?stp=cp6_dst-jpg_s32x32&_nc_cat=103&ccb=1-7&_nc_sid=0ecb9b&_nc_ohc=aefFSbcrC50Q7kNvgFE28JI&_nc_ht=scontent-atl3-1.xx&_nc_gid=AVAeuNBCmwvBhRPRMqoRjRx&oh=00_AYDClnRzEqGRerWdkgHElgl6qnhryCDTJ5fm5nUbHtQIkA&oe=66FC2B02","https://www.facebook.com/people/Bambang-Sr/pfbid0zcHAhCfdr47G2sRgYFvoaqZ6E22UxZwPF7vcg3Rp9BzeJu4Qjjns1bnswARzsd1Ql/",,"Okasa F1 joss gandoss","0",
,,,,,,,,,,,,,,,,,,,,,,,,,,,,,,,,,,,"https://www.facebook.com/renzi.prayuda/posts/pfbid0uCxPRkLEMYjwGSuDAcaXE1VhEy8Zron9HfjrVrf4AgE3MfLHMtrqdWogqzbYWHe6l?comment_id=547301354381778",,,,,,,,,,,,,,,,,,"1","2024-09-26T13:22:37.000Z",,,"3778922625703651","https://www.facebook.com/100007578522755/posts/3778922625703651","ZmVlZGJhY2s6Mzc3ODkyMjYyNTcwMzY1MV81NDczMDEzNTQzODE3Nzg=","Y29tbWVudDozNzc4OTIyNjI1NzAzNjUxXzU0NzMwMTM1NDM4MTc3OA==","https://www.facebook.com/100007578522755/posts/3778922625703651","1","261237703739109","false",,,,,,"OKASA F1

Rock Melon cantaloupe hibrida.
Bentuk buah : bulat oval.
Warna daging : oranye,
Berat buah : ± 3 kg/buah.
Umur panen : ± 60 hst.
Potensi hasil : ± 25 ton/ha.
Adaptasi utama di dataran rendah.
Rasa sangat manis.

#suksesbersamaBintangasia
#melonokasaF1
@sorotan 
pengikut 
Bintang Asia 
Benih Citra Asia","pfbid035deiYhQBJmE4XzgsRc6ijcR72PwV45MveV45T43mzXvLpoRb96uazohtAGuZi944l","Fikri Aditya Irawan","https://scontent-atl3-2.xx.fbcdn.net/v/t39.30808-1/370595924_1524569058347932_1191090002210752201_n.jpg?stp=cp0_dst-jpg_s32x32&_nc_cat=102&ccb=1-7&_nc_sid=0ecb9b&_nc_ohc=Oa40WkK9omcQ7kNvgHiKd9p&_nc_ht=scontent-atl3-2.xx&_nc_gid=AVAeuNBCmwvBhRPRMqoRjRx&oh=00_AYDTZO27xgQeZsU3wLYoR2Q_9E4tJh3UcoHazGEoFlF7qA&oe=66FC384C","https://www.facebook.com/adminyafikriaditya.aditya",,"top kali OKASA F1👍🏻","0",
,,,,,,,,,,,,,,,,,,,,,,,,,,,,,,,,,,,"https://www.facebook.com/renzi.prayuda/posts/pfbid0uCxPRkLEMYjwGSuDAcaXE1VhEy8Zron9HfjrVrf4AgE3MfLHMtrqdWogqzbYWHe6l?comment_id=1230523605033703",,,,,,,,,,,,,,,,,,"1","2024-09-26T13:23:23.000Z",,,"3778922625703651","https://www.facebook.com/100007578522755/posts/3778922625703651","ZmVlZGJhY2s6Mzc3ODkyMjYyNTcwMzY1MV8xMjMwNTIzNjA1MDMzNzAz","Y29tbWVudDozNzc4OTIyNjI1NzAzNjUxXzEyMzA1MjM2MDUwMzM3MDM=","https://www.facebook.com/100007578522755/posts/3778922625703651","1","261237703739109","false",,,,,,"OKASA F1

Rock Melon cantaloupe hibrida.
Bentuk buah : bulat oval.
Warna daging : oranye,
Berat buah : ± 3 kg/buah.
Umur panen : ± 60 hst.
Potensi hasil : ± 25 ton/ha.
Adaptasi utama di dataran rendah.
Rasa sangat manis.

#suksesbersamaBintangasia
#melonokasaF1
@sorotan 
pengikut 
Bintang Asia 
Benih Citra Asia","pfbid029BWibwyWiQLBPJWmBVfZ1ZkTz6vio97wqaZvCZvAcQzEqwwz8Wed6sAERBgrrQUpl","Asiono Ono","https://scontent-atl3-2.xx.fbcdn.net/v/t39.30808-1/458993664_477429218495327_6214283497097285951_n.jpg?stp=cp0_dst-jpg_s32x32&_nc_cat=105&ccb=1-7&_nc_sid=0ecb9b&_nc_ohc=pShBw_ibipEQ7kNvgGjOxYO&_nc_ht=scontent-atl3-2.xx&_nc_gid=AVAeuNBCmwvBhRPRMqoRjRx&oh=00_AYBJdthOg_5Di69GXEzebKMQhRtB3uPZJdTxa-Xa50Vb1w&oe=66FC09EA","https://www.facebook.com/people/Asiono-Ono/pfbid029BWibwyWiQLBPJWmBVfZ1ZkTz6vio97wqaZvCZvAcQzEqwwz8Wed6sAERBgrrQUpl/",,"Sampk sekarang benih unggulan melon yg dipercaya mantul baru Okasa F1 yg pasti dari bintang asia jossss👍👍","0",
,,,,,,,,,,,,,,,,,,,,,,,,,,,,,,,,,,,"https://www.facebook.com/renzi.prayuda/posts/pfbid0uCxPRkLEMYjwGSuDAcaXE1VhEy8Zron9HfjrVrf4AgE3MfLHMtrqdWogqzbYWHe6l?comment_id=907278521270651",,,,,,,,,,,,,,,,,,"1","2024-09-26T13:24:11.000Z",,,"3778922625703651","https://www.facebook.com/100007578522755/posts/3778922625703651","ZmVlZGJhY2s6Mzc3ODkyMjYyNTcwMzY1MV85MDcyNzg1MjEyNzA2NTE=","Y29tbWVudDozNzc4OTIyNjI1NzAzNjUxXzkwNzI3ODUyMTI3MDY1MQ==","https://www.facebook.com/100007578522755/posts/3778922625703651","1","261237703739109","false",,,,,,"OKASA F1

Rock Melon cantaloupe hibrida.
Bentuk buah : bulat oval.
Warna daging : oranye,
Berat buah : ± 3 kg/buah.
Umur panen : ± 60 hst.
Potensi hasil : ± 25 ton/ha.
Adaptasi utama di dataran rendah.
Rasa sangat manis.

#suksesbersamaBintangasia
#melonokasaF1
@sorotan 
pengikut 
Bintang Asia 
Benih Citra Asia","100014051404309","Wahyu Tri Utamii","https://scontent-atl3-2.xx.fbcdn.net/v/t39.30808-1/445227025_1875174232960939_2029978821269909264_n.jpg?stp=c0.24.720.720a_cp0_dst-jpg_s32x32&_nc_cat=101&ccb=1-7&_nc_sid=50d2ac&_nc_ohc=4xjTnIKloSkQ7kNvgHieCvi&_nc_ht=scontent-atl3-2.xx&_nc_gid=AVAeuNBCmwvBhRPRMqoRjRx&oh=00_AYAJiiDeERJ0TFylDG7l9Xn6QdOoiZiCaNcNMk_e_s3Tzw&oe=66FC1622","https://www.facebook.com/wahyutri.utamiiiii",,"Mantap boss","0",
,,,,,,,,,,,,,,,,,,,,,,,,,,,,,,,,,,,"https://www.facebook.com/renzi.prayuda/posts/pfbid0uCxPRkLEMYjwGSuDAcaXE1VhEy8Zron9HfjrVrf4AgE3MfLHMtrqdWogqzbYWHe6l?comment_id=1715392505878386",,,,,,,,,,,,,,,,,,"1","2024-09-26T13:25:43.000Z",,,"3778922625703651","https://www.facebook.com/100007578522755/posts/3778922625703651","ZmVlZGJhY2s6Mzc3ODkyMjYyNTcwMzY1MV8xNzE1MzkyNTA1ODc4Mzg2","Y29tbWVudDozNzc4OTIyNjI1NzAzNjUxXzE3MTUzOTI1MDU4NzgzODY=","https://www.facebook.com/100007578522755/posts/3778922625703651","1","261237703739109","false",,,,,,"OKASA F1

Rock Melon cantaloupe hibrida.
Bentuk buah : bulat oval.
Warna daging : oranye,
Berat buah : ± 3 kg/buah.
Umur panen : ± 60 hst.
Potensi hasil : ± 25 ton/ha.
Adaptasi utama di dataran rendah.
Rasa sangat manis.

#suksesbersamaBintangasia
#melonokasaF1
@sorotan 
pengikut 
Bintang Asia 
Benih Citra Asia","pfbid029gLwfTE1oWpNQBhNveFbyX9xud1xcPpAgcjPW7HrAoEu9x9ayZP3yRW2GPmfJbSBl","Yuan Azwar","https://scontent-atl3-1.xx.fbcdn.net/v/t39.30808-1/449861440_7698229080295808_6477617524438877733_n.jpg?stp=cp0_dst-jpg_s32x32&_nc_cat=110&ccb=1-7&_nc_sid=0ecb9b&_nc_ohc=SmtbxYi_uMIQ7kNvgF03yys&_nc_ht=scontent-atl3-1.xx&_nc_gid=AVAeuNBCmwvBhRPRMqoRjRx&oh=00_AYBXjDALFu1wmNJue-eQ3rUbk7kxLOVFgRSRrQeN39R-hw&oe=66FC0A77","https://www.facebook.com/aang.azwar.djazz",,"Omak beso beso bos ku","0",
,,,,,,,,,,,,,,,,,,,,,,,,,,,,,,,,,,,"https://www.facebook.com/renzi.prayuda/posts/pfbid0uCxPRkLEMYjwGSuDAcaXE1VhEy8Zron9HfjrVrf4AgE3MfLHMtrqdWogqzbYWHe6l?comment_id=1068683571930036",,,,,,,,,,,,,,,,,,"1","2024-09-26T13:33:22.000Z",,,"3778922625703651","https://www.facebook.com/100007578522755/posts/3778922625703651","ZmVlZGJhY2s6Mzc3ODkyMjYyNTcwMzY1MV8xMDY4NjgzNTcxOTMwMDM2","Y29tbWVudDozNzc4OTIyNjI1NzAzNjUxXzEwNjg2ODM1NzE5MzAwMzY=","https://www.facebook.com/100007578522755/posts/3778922625703651","1","261237703739109","false",,,,,,"OKASA F1

Rock Melon cantaloupe hibrida.
Bentuk buah : bulat oval.
Warna daging : oranye,
Berat buah : ± 3 kg/buah.
Umur panen : ± 60 hst.
Potensi hasil : ± 25 ton/ha.
Adaptasi utama di dataran rendah.
Rasa sangat manis.

#suksesbersamaBintangasia
#melonokasaF1
@sorotan 
pengikut 
Bintang Asia 
Benih Citra Asia","pfbid0y3JpFccUMeyphDiQaY7t6tCh98t9RK3DjCo4wk9SJzTK3T1yoRecJJgRFwPGNfTol","Ardi Risdi","https://scontent-atl3-1.xx.fbcdn.net/v/t39.30808-1/236810025_922786355117519_6398591925919568604_n.jpg?stp=cp0_dst-jpg_s32x32&_nc_cat=107&ccb=1-7&_nc_sid=0ecb9b&_nc_ohc=eT9usJthzc0Q7kNvgFLosbV&_nc_ht=scontent-atl3-1.xx&_nc_gid=AVAeuNBCmwvBhRPRMqoRjRx&oh=00_AYA5ztilQ_-DGG7zcbpc6ozU-qVS9tgSSoBdByLlIL9cHg&oe=66FC34F6","https://www.facebook.com/ardi.risdi",,"Woke bibit bintang asia memang jos marijos","0",
,,,,,,,,,,,,,,,,,,,,,,,,,,,,,,,,,,,"https://www.facebook.com/renzi.prayuda/posts/pfbid0uCxPRkLEMYjwGSuDAcaXE1VhEy8Zron9HfjrVrf4AgE3MfLHMtrqdWogqzbYWHe6l?comment_id=1989673804793240",,,,,,,,,,,,,,,,,,"1","2024-09-26T13:45:37.000Z",,,"3778922625703651","https://www.facebook.com/100007578522755/posts/3778922625703651","ZmVlZGJhY2s6Mzc3ODkyMjYyNTcwMzY1MV8xOTg5NjczODA0NzkzMjQw","Y29tbWVudDozNzc4OTIyNjI1NzAzNjUxXzE5ODk2NzM4MDQ3OTMyNDA=","https://www.facebook.com/100007578522755/posts/3778922625703651","1","261237703739109","false",,,,,,"OKASA F1

Rock Melon cantaloupe hibrida.
Bentuk buah : bulat oval.
Warna daging : oranye,
Berat buah : ± 3 kg/buah.
Umur panen : ± 60 hst.
Potensi hasil : ± 25 ton/ha.
Adaptasi utama di dataran rendah.
Rasa sangat manis.

#suksesbersamaBintangasia
#melonokasaF1
@sorotan 
pengikut 
Bintang Asia 
Benih Citra Asia","pfbid02nVHx7QYCW5yMzeWHC7DQDYr6c5AcNDsA2R9BN7nnKfKHtNtEhCMf7cswZrro7hGhl","Sepriandi Syahputra Zebua","https://scontent-atl3-2.xx.fbcdn.net/v/t1.30497-1/453178253_471506465671661_2781666950760530985_n.png?stp=cp0_dst-png_s32x32&_nc_cat=1&ccb=1-7&_nc_sid=136b72&_nc_ohc=0xowR0uvRNoQ7kNvgECJ56x&_nc_ht=scontent-atl3-2.xx&_nc_gid=AVAeuNBCmwvBhRPRMqoRjRx&oh=00_AYChiKNoQrZIouH8QOYDMFGL_tg-qlOGu6jSriYWxF7hOA&oe=671DC77A","https://www.facebook.com/sepriandi.syahputra",,"Mantap nih👍👍","0",
,,,,,,,,,,,,,,,,,,,,,,,,,,,,,,,,,,,"https://www.facebook.com/renzi.prayuda/posts/pfbid0uCxPRkLEMYjwGSuDAcaXE1VhEy8Zron9HfjrVrf4AgE3MfLHMtrqdWogqzbYWHe6l?comment_id=1229623484735763",,,,,,,,,,,,,,,,,,"1","2024-09-26T13:46:14.000Z",,,"3778922625703651","https://www.facebook.com/100007578522755/posts/3778922625703651","ZmVlZGJhY2s6Mzc3ODkyMjYyNTcwMzY1MV8xMjI5NjIzNDg0NzM1NzYz","Y29tbWVudDozNzc4OTIyNjI1NzAzNjUxXzEyMjk2MjM0ODQ3MzU3NjM=","https://www.facebook.com/100007578522755/posts/3778922625703651","1","261237703739109","false",,,,,,"OKASA F1

Rock Melon cantaloupe hibrida.
Bentuk buah : bulat oval.
Warna daging : oranye,
Berat buah : ± 3 kg/buah.
Umur panen : ± 60 hst.
Potensi hasil : ± 25 ton/ha.
Adaptasi utama di dataran rendah.
Rasa sangat manis.

#suksesbersamaBintangasia
#melonokasaF1
@sorotan 
pengikut 
Bintang Asia 
Benih Citra Asia","pfbid02CBNk2bWigRWhPq2i1rLPYKjJkTs8cg7Vf5mGLixW3UbKro2L5mxLGnPEgsHPj8iFl","Jeffry Gustian","https://scontent-atl3-1.xx.fbcdn.net/v/t39.30808-1/437678952_2057084457997098_8388210603331990343_n.jpg?stp=cp6_dst-jpg_s32x32&_nc_cat=106&ccb=1-7&_nc_sid=0ecb9b&_nc_ohc=XMGMwJ4-LBMQ7kNvgEX2jcA&_nc_ht=scontent-atl3-1.xx&_nc_gid=AVAeuNBCmwvBhRPRMqoRjRx&oh=00_AYDJk00U2Pg_g1wIyG07D7QxZZn3OECP0F6PBSkGNMTR0Q&oe=66FC0234","https://www.facebook.com/jefri.gustian.12",,"Puas dengan hasil panen nya, jos gandos 😎😎","0",
"Sticker",,,"https://scontent.farw1-1.fna.fbcdn.net/v/t39.1997-6/47055694_1834508303314720_643166924464717824_n.webp?stp=dst-webp_s110x80&_nc_cat=1&ccb=1-7&_nc_sid=ba09c1&_nc_ohc=m9OkAram9jUQ7kNvgHKp3Zb&_nc_ht=scontent.farw1-1.fna&_nc_gid=A3rA_3jSSYMpyd0JPZoRQUC&oh=00_AYAIUuWqvW8MWxRCzdTzwD6VOas3ztAa0oNRq3tO5_3JMg&oe=66FC37C9",,,,"12","83","3","4","1193278434104380","80","https://scontent.farw1-1.fna.fbcdn.net/v/t39.1997-6/47614232_1846683475430536_3135922765756891136_n.png?stp=cp0_dst-png_s110x80&_nc_cat=1&ccb=1-7&_nc_sid=23dd7b&_nc_ohc=xr2D55UqW4IQ7kNvgFKaHMG&_nc_ht=scontent.farw1-1.fna&_nc_gid=A3rA_3jSSYMpyd0JPZoRQUC&oh=00_AYAgV_HcVoGvvrHSrIIYJtX5LRxGVq72pCzpYkHVH0ZfXA&oe=66FC0AE3","80","Thumbs Up, girl giving thumbs up",,"1193273174104906","Noo-Hin",,"https://scontent.farw1-1.fna.fbcdn.net/v/t39.1997-6/47472862_1846683478763869_5271603212267290624_n.png?stp=dst-png_p240x240&_nc_cat=1&ccb=1-7&_nc_sid=ba09c1&_nc_ohc=I0fODnDfZAYQ7kNvgFXUUxM&_nc_ht=scontent.farw1-1.fna&_nc_gid=A3rA_3jSSYMpyd0JPZoRQUC&oh=00_AYAnE4J9Kz-jfhzkmG-MJJIV6miLRWljlV9QGkJcOOZh9A&oe=66FC247E",,,,,,,,,,,,,,,"https://www.facebook.com/alkahfi.sutikno/videos/2203544716712383/?comment_id=492289660457405",,,,,,,,,,,,,,,,,,"1","2024-09-26T12:20:45.000Z",,,"8300956649993300","https://www.facebook.com/100007578522755/posts/8300956649993300","ZmVlZGJhY2s6ODMwMDk1NjY0OTk5MzMwMF80OTIyODk2NjA0NTc0MDU=","Y29tbWVudDo4MzAwOTU2NjQ5OTkzMzAwXzQ5MjI4OTY2MDQ1NzQwNQ==","https://www.facebook.com/100007578522755/posts/8300956649993300","0",,,,,,,,"PANEN PADI DI MUKTI JAYA

Tim BI Riau meninjau Panen Padi di Klaster Padi Mukti Jaya Binaan BI Riau. Hasil rata-rata 8 ton per hektar","pfbid02ETX7Dpk21R25yn3EV8Nr1M2Nw1TfsaopDVTGtwpMzciqvJy46ypYYe7psYKrfZwLl","Mbak Yamirah","https://scontent.farw1-1.fna.fbcdn.net/v/t39.30808-1/431694836_122097227786240996_7072449301314074814_n.jpg?stp=cp0_dst-jpg_s32x32&_nc_cat=101&ccb=1-7&_nc_sid=0ecb9b&_nc_ohc=-dhIBQzO8RkQ7kNvgFM9SUk&_nc_ht=scontent.farw1-1.fna&_nc_gid=A3rA_3jSSYMpyd0JPZoRQUC&oh=00_AYBUh4hE73g3Stbg8NqSHfOGdh0WK48d7jLOcDpaj_cSMQ&oe=66FC0667","https://www.facebook.com/people/Mbak-Yamirah/pfbid02ETX7Dpk21R25yn3EV8Nr1M2Nw1TfsaopDVTGtwpMzciqvJy46ypYYe7psYKrfZwLl/",,,"0",
,,,,,,,,,,,,,,,,,,,,,,,,,,,,,,,,,,,"https://www.facebook.com/alkahfi.sutikno/videos/2203544716712383/?comment_id=532892029435913",,,,,,,,,,,,,,,,,,"2","2024-09-26T12:29:12.000Z",,,"8300956649993300","https://www.facebook.com/100007578522755/posts/8300956649993300","ZmVlZGJhY2s6ODMwMDk1NjY0OTk5MzMwMF81MzI4OTIwMjk0MzU5MTM=","Y29tbWVudDo4MzAwOTU2NjQ5OTkzMzAwXzUzMjg5MjAyOTQzNTkxMw==","https://www.facebook.com/100007578522755/posts/8300956649993300","0",,,,,,,,"PANEN PADI DI MUKTI JAYA

Tim BI Riau meninjau Panen Padi di Klaster Padi Mukti Jaya Binaan BI Riau. Hasil rata-rata 8 ton per hektar","pfbid02VbMJCsJUF4A3XSWuuPLbDUVR2T2iRuswz4DnrrGnQ9CPwHqFicasRAe1DTAfQokRl","Taufik Rohil","https://scontent.farw1-1.fna.fbcdn.net/v/t39.30808-1/385458122_2764556843684834_5411149966054591602_n.jpg?stp=cp0_dst-jpg_s32x32&_nc_cat=103&ccb=1-7&_nc_sid=0ecb9b&_nc_ohc=1J54s8ybP1oQ7kNvgESvZ4-&_nc_ht=scontent.farw1-1.fna&_nc_gid=A3rA_3jSSYMpyd0JPZoRQUC&oh=00_AYC57lyxyIzGfyGCBPlGn3AqtPKV9dM3DUSbEgIcBnEqJg&oe=66FC2C6C","https://www.facebook.com/taufik.rohil",,"Seperti di luar negeri pak..👍👍👍","0",
,,,,,,,,,,,,,,,,,,,,,,,,,,,,,,,,,,,"https://www.facebook.com/alkahfi.sutikno/videos/2203544716712383/?comment_id=1050657439547170",,,,,,,,,,,,,,,,,,"1","2024-09-26T13:45:03.000Z",,,"8300956649993300","https://www.facebook.com/100007578522755/posts/8300956649993300","ZmVlZGJhY2s6ODMwMDk1NjY0OTk5MzMwMF8xMDUwNjU3NDM5NTQ3MTcw","Y29tbWVudDo4MzAwOTU2NjQ5OTkzMzAwXzEwNTA2NTc0Mzk1NDcxNzA=","https://www.facebook.com/100007578522755/posts/8300956649993300","0",,,,,,,,"PANEN PADI DI MUKTI JAYA

Tim BI Riau meninjau Panen Padi di Klaster Padi Mukti Jaya Binaan BI Riau. Hasil rata-rata 8 ton per hektar","100007578522755","Renzy Bintangasia","https://scontent.farw1-1.fna.fbcdn.net/v/t39.30808-1/426012403_3605728109689771_2277782955804277447_n.jpg?stp=cp0_dst-jpg_s32x32&_nc_cat=104&ccb=1-7&_nc_sid=50d2ac&_nc_ohc=tTmdX3bXLYAQ7kNvgF0P0yd&_nc_ht=scontent.farw1-1.fna&_nc_gid=A3rA_3jSSYMpyd0JPZoRQUC&oh=00_AYCn4_P4KHZwwqfEArebXS4CUOwvnfDen0wkUkpcXBN8Zg&oe=66FC1E44","https://www.facebook.com/renzi.prayuda",,"Mantap pak..","0",
,,,,,,,,,,,,,,,,,,,,,,,,,,,,,,,,,,,"https://www.facebook.com/alkahfi.sutikno/videos/2203544716712383/?comment_id=8723775320975800",,,,,,,,,,,,,,,,,,"1","2024-09-26T14:16:45.000Z",,,"8300956649993300","https://www.facebook.com/100007578522755/posts/8300956649993300","ZmVlZGJhY2s6ODMwMDk1NjY0OTk5MzMwMF84NzIzNzc1MzIwOTc1ODAw","Y29tbWVudDo4MzAwOTU2NjQ5OTkzMzAwXzg3MjM3NzUzMjA5NzU4MDA=","https://www.facebook.com/100007578522755/posts/8300956649993300","0",,,,,,,,"PANEN PADI DI MUKTI JAYA

Tim BI Riau meninjau Panen Padi di Klaster Padi Mukti Jaya Binaan BI Riau. Hasil rata-rata 8 ton per hektar","100005046007140","Dedi Sujarwo","https://scontent.farw1-1.fna.fbcdn.net/v/t39.30808-1/358115533_2497078160470360_2024400175147899540_n.jpg?stp=cp0_dst-jpg_p32x32&_nc_cat=102&ccb=1-7&_nc_sid=50d2ac&_nc_ohc=0lRCaMd7reYQ7kNvgET13Wj&_nc_ht=scontent.farw1-1.fna&_nc_gid=A3rA_3jSSYMpyd0JPZoRQUC&oh=00_AYDCz_uB66wS9qY_Y6aosBPMEP7noPcw7otxzxp4O1ZmWQ&oe=66FC2266","https://www.facebook.com/dedi.sujarwo.7",,"Mirip komben kita itu pak khafi Setia Tani 😂","0",
,,,,,,,,,,,,,,,,,,,,,,,,,,,,,,,,,,,"https://www.facebook.com/alkahfi.sutikno/videos/2203544716712383/?comment_id=883610780381223",,,,,,,,,,,,,,,,,,"2","2024-09-26T14:34:49.000Z",,,"8300956649993300","https://www.facebook.com/100007578522755/posts/8300956649993300","ZmVlZGJhY2s6ODMwMDk1NjY0OTk5MzMwMF84ODM2MTA3ODAzODEyMjM=","Y29tbWVudDo4MzAwOTU2NjQ5OTkzMzAwXzg4MzYxMDc4MDM4MTIyMw==","https://www.facebook.com/100007578522755/posts/8300956649993300","0",,,,,,,,"PANEN PADI DI MUKTI JAYA

Tim BI Riau meninjau Panen Padi di Klaster Padi Mukti Jaya Binaan BI Riau. Hasil rata-rata 8 ton per hektar","100009518165713","Iwan Karnita","https://scontent.farw1-1.fna.fbcdn.net/v/t39.30808-1/294879437_3256107524716488_4767304381910277547_n.jpg?stp=cp0_dst-jpg_s32x32&_nc_cat=109&ccb=1-7&_nc_sid=50d2ac&_nc_ohc=q7rIykpAlxYQ7kNvgHjn54K&_nc_ht=scontent.farw1-1.fna&_nc_gid=A3rA_3jSSYMpyd0JPZoRQUC&oh=00_AYDlgZuIO1KmQEPGvcKhhlHy35oWsj3s9Vm31bBZaRan6w&oe=66FC0605","https://www.facebook.com/people/Iwan-Karnita/100009518165713/",,"Alhamdulillah,, Mantap Pak Alkahfi Sutikno ..👍
Semoga Hasil Panen Padi nya Berkah BerLimpah & Petaninya Semakin Sejahtera..
Aamiin Allahumma Aamiin..🤲🌾🤲","0",
,,,,,,,,,,,,,,,,,,,,,,,,,,,,,,,,,,,"https://www.facebook.com/alkahfi.sutikno/videos/2203544716712383/?comment_id=3777041202612575",,,,,,,,,,,,,,,,,,"2","2024-09-27T01:03:47.000Z",,,"8300956649993300","https://www.facebook.com/100007578522755/posts/8300956649993300","ZmVlZGJhY2s6ODMwMDk1NjY0OTk5MzMwMF8zNzc3MDQxMjAyNjEyNTc1","Y29tbWVudDo4MzAwOTU2NjQ5OTkzMzAwXzM3NzcwNDEyMDI2MTI1NzU=","https://www.facebook.com/100007578522755/posts/8300956649993300","0",,,,,,,,"PANEN PADI DI MUKTI JAYA

Tim BI Riau meninjau Panen Padi di Klaster Padi Mukti Jaya Binaan BI Riau. Hasil rata-rata 8 ton per hektar","pfbid02FM4sLick36dxqWDvu1LnGhaCFTTXLu9a7pT63ERpXBJjmuAP7xz7ZQH3U5xex11Al","Roy Agreons","https://scontent.farw1-1.fna.fbcdn.net/v/t39.30808-1/417844062_3661971777391753_6597035343459934498_n.jpg?stp=cp0_dst-jpg_s32x32&_nc_cat=105&ccb=1-7&_nc_sid=0ecb9b&_nc_ohc=c5YLpH_sCmsQ7kNvgG0lwdh&_nc_ht=scontent.farw1-1.fna&_nc_gid=A3rA_3jSSYMpyd0JPZoRQUC&oh=00_AYC6fZy1YN_4Fsl65npaLqsBuNvaFhqmKLjVlDFdt4_xXQ&oe=66FC2262","https://www.facebook.com/people/Roy-Agreons/pfbid02FM4sLick36dxqWDvu1LnGhaCFTTXLu9a7pT63ERpXBJjmuAP7xz7ZQH3U5xex11Al/",,"Mudah2 Han petani Mukti jaya puas dengan hasil kerja komben setia tani Rokan baru pesisir yaa pak.","0",
,,,,,,,,,,,,,,,,,,,,,,,,,,,,,,,,,,,"https://www.facebook.com/alkahfi.sutikno/videos/2203544716712383/?comment_id=1315407906093813",,,,,,,,,,,,,,,,,,,"2024-09-26T14:36:16.000Z",,,"8300956649993300","https://www.facebook.com/100007578522755/posts/8300956649993300","ZmVlZGJhY2s6ODMwMDk1NjY0OTk5MzMwMF8xMzE1NDA3OTA2MDkzODEz","Y29tbWVudDo4MzAwOTU2NjQ5OTkzMzAwXzEzMTU0MDc5MDYwOTM4MTM=","https://www.facebook.com/100007578522755/posts/8300956649993300","0",,,,,,,,"PANEN PADI DI MUKTI JAYA

Tim BI Riau meninjau Panen Padi di Klaster Padi Mukti Jaya Binaan BI Riau. Hasil rata-rata 8 ton per hektar","pfbid029nEzLPyqwF6qd9DCDPEtqwPGSmV5aUEjMTQfU6QnNKEibqQ6xqrsu1gQ5zfiYMAZl","Risnawati Butet","https://scontent.farw1-1.fna.fbcdn.net/v/t39.30808-1/370034408_993555648429854_8841156602493610969_n.jpg?stp=cp0_dst-jpg_s32x32&_nc_cat=103&ccb=1-7&_nc_sid=0ecb9b&_nc_ohc=9exj3OvmQ1cQ7kNvgExVwE3&_nc_ht=scontent.farw1-1.fna&_nc_gid=A3rA_3jSSYMpyd0JPZoRQUC&oh=00_AYCP5eEMzUtOK5-qDjtVkBIP8S5VKZYCpOkRtLgF8UaBJg&oe=66FC2C92","https://www.facebook.com/risnawati.butet",,"Mantap, keren,canggih alat panen padinya pak","0",
,,,,,,,,,,,,,,,,,,,,,,,"VideoTipJarPayment","2203608990039289","0","1","https://static.xx.fbcdn.net/rsrc.php/v3/yN/r/z6visRJQXR_.png",,"StarsVirtualGiftBaseType",,"/images/assets_DO_NOT_HARDCODE/user_pay_stars_virtual_gifts/Community-Unification-Default-Tier1-Thoughtful-Testing-Static.png","Community-Unification-Default-T1-Thoughtful-bottomsheet-testing-animation","https://static.xx.fbcdn.net/rsrc.php/y6/r/qfD07Iv6r-5.kf","1414980765966032","https://www.facebook.com/alkahfi.sutikno/videos/2203544716712383/?comment_id=1487860061862882",,,,,,,,,,,,,,,,,,,"2024-09-26T13:45:07.000Z",,,"8300956649993300","https://www.facebook.com/100007578522755/posts/8300956649993300","ZmVlZGJhY2s6ODMwMDk1NjY0OTk5MzMwMF8xNDg3ODYwMDYxODYyODgy","Y29tbWVudDo4MzAwOTU2NjQ5OTkzMzAwXzE0ODc4NjAwNjE4NjI4ODI=","https://www.facebook.com/100007578522755/posts/8300956649993300","0",,,,,,,,"PANEN PADI DI MUKTI JAYA

Tim BI Riau meninjau Panen Padi di Klaster Padi Mukti Jaya Binaan BI Riau. Hasil rata-rata 8 ton per hektar","100007578522755","Renzy Bintangasia","https://scontent.farw1-1.fna.fbcdn.net/v/t39.30808-1/426012403_3605728109689771_2277782955804277447_n.jpg?stp=cp0_dst-jpg_s32x32&_nc_cat=104&ccb=1-7&_nc_sid=50d2ac&_nc_ohc=tTmdX3bXLYAQ7kNvgF0P0yd&_nc_ht=scontent.farw1-1.fna&_nc_gid=A3rA_3jSSYMpyd0JPZoRQUC&oh=00_AYCn4_P4KHZwwqfEArebXS4CUOwvnfDen0wkUkpcXBN8Zg&oe=66FC1E44","https://www.facebook.com/renzi.prayuda",,,"0",
,,,,,,,,,,,,,,,,,,,,,,,,,,,,,,,,,,,"https://www.facebook.com/alkahfi.sutikno/videos/2203544716712383/?comment_id=521036264117953",,,,,,,,,,,,,,,,,,,"2024-09-26T15:22:27.000Z",,,"8300956649993300","https://www.facebook.com/100007578522755/posts/8300956649993300","ZmVlZGJhY2s6ODMwMDk1NjY0OTk5MzMwMF81MjEwMzYyNjQxMTc5NTM=","Y29tbWVudDo4MzAwOTU2NjQ5OTkzMzAwXzUyMTAzNjI2NDExNzk1Mw==","https://www.facebook.com/100007578522755/posts/8300956649993300","0",,,,,,,,"PANEN PADI DI MUKTI JAYA

Tim BI Riau meninjau Panen Padi di Klaster Padi Mukti Jaya Binaan BI Riau. Hasil rata-rata 8 ton per hektar","pfbid02A7Tq9JTHAh3MQYBcFzyMUvNnHbjheXLfVeU2fP7eey5TQPPSVuMXHTtndHgGDc88l","Suwandi","https://scontent.farw1-1.fna.fbcdn.net/v/t39.30808-1/437723446_409497375143961_8144355749216775997_n.jpg?stp=cp0_dst-jpg_s32x32&_nc_cat=107&ccb=1-7&_nc_sid=0ecb9b&_nc_ohc=N8juH0vf0lgQ7kNvgHqmqE6&_nc_ht=scontent.farw1-1.fna&_nc_gid=A3rA_3jSSYMpyd0JPZoRQUC&oh=00_AYCrODCoWdKreXEOXWK93i4JPHtVSQpzV07syqXzV5p84g&oe=66FC28E3","https://www.facebook.com/people/Suwandi/pfbid02A7Tq9JTHAh3MQYBcFzyMUvNnHbjheXLfVeU2fP7eey5TQPPSVuMXHTtndHgGDc88l/",,"mantep pak","0",
,,,,,,,,,,,,,,,,,,,,,,,,,,,,,,,,,,,"https://www.facebook.com/alkahfi.sutikno/videos/2203544716712383/?comment_id=1230207751449994",,,,,,,,,,,,,,,,,,,"2024-09-27T01:24:30.000Z",,,"8300956649993300","https://www.facebook.com/100007578522755/posts/8300956649993300","ZmVlZGJhY2s6ODMwMDk1NjY0OTk5MzMwMF8xMjMwMjA3NzUxNDQ5OTk0","Y29tbWVudDo4MzAwOTU2NjQ5OTkzMzAwXzEyMzAyMDc3NTE0NDk5OTQ=","https://www.facebook.com/100007578522755/posts/8300956649993300","0",,,,,,,,"PANEN PADI DI MUKTI JAYA

Tim BI Riau meninjau Panen Padi di Klaster Padi Mukti Jaya Binaan BI Riau. Hasil rata-rata 8 ton per hektar","pfbid0mEn7Q4J1VjkUPe8cTHLHn8V6ncgG3WXsVT4RKkqeqXBsojr7ePtVW44puPMLMQVRl","Sinta Uli Sinagay","https://scontent.farw1-1.fna.fbcdn.net/v/t39.30808-1/457455283_1961645004273596_8611224988083294859_n.jpg?stp=cp0_dst-jpg_s32x32&_nc_cat=105&ccb=1-7&_nc_sid=0ecb9b&_nc_ohc=UHW7N23NpvoQ7kNvgFWe3Pv&_nc_ht=scontent.farw1-1.fna&_nc_gid=A3rA_3jSSYMpyd0JPZoRQUC&oh=00_AYCJZiMbZiQ01cUTUUBVa2_JLZ9eSyzkn0UuKMvoo1Hq0w&oe=66FC20FB","https://www.facebook.com/sinta.sinagay",,"Mantap y pk","0",
,,,,,,,,,,,,,,,,,,,,,,,,,,,,,,,,,,,"https://www.facebook.com/renzi.prayuda/posts/pfbid0uCxPRkLEMYjwGSuDAcaXE1VhEy8Zron9HfjrVrf4AgE3MfLHMtrqdWogqzbYWHe6l?comment_id=512808661360280&reply_comment_id=543931358132753",,,,,,,,,,,,,,,,,,,"2024-09-26T13:36:32.000Z",,,"3778922625703651","https://www.facebook.com/100007578522755/posts/3778922625703651","ZmVlZGJhY2s6Mzc3ODkyMjYyNTcwMzY1MV81NDM5MzEzNTgxMzI3NTM=","Y29tbWVudDozNzc4OTIyNjI1NzAzNjUxXzU0MzkzMTM1ODEzMjc1Mw==","https://www.facebook.com/100007578522755/posts/3778922625703651","0","261237703739109","false","User","100014869834050","Nino Nino","Nino","Y29tbWVudDozNzc4OTIyNjI1NzAzNjUxXzUxMjgwODY2MTM2MDI4MA==","OKASA F1

Rock Melon cantaloupe hibrida.
Bentuk buah : bulat oval.
Warna daging : oranye,
Berat buah : ± 3 kg/buah.
Umur panen : ± 60 hst.
Potensi hasil : ± 25 ton/ha.
Adaptasi utama di dataran rendah.
Rasa sangat manis.

#suksesbersamaBintangasia
#melonokasaF1
@sorotan 
pengikut 
Bintang Asia 
Benih Citra Asia","100007578522755","Renzy Bintangasia","https://scontent-man2-1.xx.fbcdn.net/v/t39.30808-1/426012403_3605728109689771_2277782955804277447_n.jpg?stp=cp0_dst-jpg_s32x32&_nc_cat=104&ccb=1-7&_nc_sid=50d2ac&_nc_ohc=tTmdX3bXLYAQ7kNvgFzoD6p&_nc_ht=scontent-man2-1.xx&_nc_gid=AUw_wB0A--Oty1GsnzPAEnq&oh=00_AYCDjq0riF5beqDjpxI-_W1sIcklZ53sKco-IYi81kwzJg&oe=66FC1E44","https://www.facebook.com/renzi.prayuda","Y29tbWVudDozNzc4OTIyNjI1NzAzNjUxXzUxMjgwODY2MTM2MDI4MA==","Nino Nino sukses bersama bintang asia","1",
,,,,,,,,,,,,,,,,,,,,,,,,,,,,,,,,,,,"https://www.facebook.com/renzi.prayuda/posts/pfbid0uCxPRkLEMYjwGSuDAcaXE1VhEy8Zron9HfjrVrf4AgE3MfLHMtrqdWogqzbYWHe6l?comment_id=553203767285919&reply_comment_id=1063933792070426",,,,,,,,,,,,,,,,,,"1","2024-09-26T13:36:01.000Z",,,"3778922625703651","https://www.facebook.com/100007578522755/posts/3778922625703651","ZmVlZGJhY2s6Mzc3ODkyMjYyNTcwMzY1MV8xMDYzOTMzNzkyMDcwNDI2","Y29tbWVudDozNzc4OTIyNjI1NzAzNjUxXzEwNjM5MzM3OTIwNzA0MjY=","https://www.facebook.com/100007578522755/posts/3778922625703651","2","261237703739109","false","User","pfbid0XxxTSgomFu3NrHDGXynUz6eF63ATA31pKq2BW6P6QsVitiaaWoFf3WdTUtYaAF7yl","Kang Sisu","Kang Sisu","Y29tbWVudDozNzc4OTIyNjI1NzAzNjUxXzU1MzIwMzc2NzI4NTkxOQ==","OKASA F1

Rock Melon cantaloupe hibrida.
Bentuk buah : bulat oval.
Warna daging : oranye,
Berat buah : ± 3 kg/buah.
Umur panen : ± 60 hst.
Potensi hasil : ± 25 ton/ha.
Adaptasi utama di dataran rendah.
Rasa sangat manis.

#suksesbersamaBintangasia
#melonokasaF1
@sorotan 
pengikut 
Bintang Asia 
Benih Citra Asia","100007578522755","Renzy Bintangasia","https://scontent.fosu3-1.fna.fbcdn.net/v/t39.30808-1/426012403_3605728109689771_2277782955804277447_n.jpg?stp=cp0_dst-jpg_s32x32&_nc_cat=104&ccb=1-7&_nc_sid=50d2ac&_nc_ohc=tTmdX3bXLYAQ7kNvgH0NVeq&_nc_ht=scontent.fosu3-1.fna&_nc_gid=A-k-r6bRjzhByI1j6LtSlHB&oh=00_AYDGHDCygORI-Jx5R3fKDpKitgxi97Zy51L6O0dxF1P39w&oe=66FC1E44","https://www.facebook.com/renzi.prayuda","Y29tbWVudDozNzc4OTIyNjI1NzAzNjUxXzU1MzIwMzc2NzI4NTkxOQ==","Kang Sisu josss tenanan boss","1",
,,,,,,,,,,,,,,,,,,,,,,,,,,,,,,,,,,,"https://www.facebook.com/renzi.prayuda/posts/pfbid0uCxPRkLEMYjwGSuDAcaXE1VhEy8Zron9HfjrVrf4AgE3MfLHMtrqdWogqzbYWHe6l?comment_id=553203767285919&reply_comment_id=1613703929216936",,,,,,,,,,,,,,,,,,,"2024-09-26T15:47:21.000Z",,,"3778922625703651","https://www.facebook.com/100007578522755/posts/3778922625703651","ZmVlZGJhY2s6Mzc3ODkyMjYyNTcwMzY1MV8xNjEzNzAzOTI5MjE2OTM2","Y29tbWVudDozNzc4OTIyNjI1NzAzNjUxXzE2MTM3MDM5MjkyMTY5MzY=","https://www.facebook.com/100007578522755/posts/3778922625703651","0","261237703739109","false","User","pfbid0XxxTSgomFu3NrHDGXynUz6eF63ATA31pKq2BW6P6QsVitiaaWoFf3WdTUtYaAF7yl","Kang Sisu","Kang Sisu","Y29tbWVudDozNzc4OTIyNjI1NzAzNjUxXzU1MzIwMzc2NzI4NTkxOQ==","OKASA F1

Rock Melon cantaloupe hibrida.
Bentuk buah : bulat oval.
Warna daging : oranye,
Berat buah : ± 3 kg/buah.
Umur panen : ± 60 hst.
Potensi hasil : ± 25 ton/ha.
Adaptasi utama di dataran rendah.
Rasa sangat manis.

#suksesbersamaBintangasia
#melonokasaF1
@sorotan 
pengikut 
Bintang Asia 
Benih Citra Asia","pfbid0XxxTSgomFu3NrHDGXynUz6eF63ATA31pKq2BW6P6QsVitiaaWoFf3WdTUtYaAF7yl","Kang Sisu","https://scontent.fosu3-1.fna.fbcdn.net/v/t39.30808-1/290918549_756921592022172_2124115588058451514_n.jpg?stp=c0.0.720.720a_cp0_dst-jpg_s32x32&_nc_cat=100&ccb=1-7&_nc_sid=0ecb9b&_nc_ohc=nwFzptCl0LcQ7kNvgEOzELO&_nc_ht=scontent.fosu3-1.fna&_nc_gid=A-k-r6bRjzhByI1j6LtSlHB&oh=00_AYB7Jn4INScaLkhtT7TeNcZaUpU7jjQp9RKlBrhJH4hEhw&oe=66FC395D","https://www.facebook.com/people/Kang-Sisu/pfbid0XxxTSgomFu3NrHDGXynUz6eF63ATA31pKq2BW6P6QsVitiaaWoFf3WdTUtYaAF7yl/","Y29tbWVudDozNzc4OTIyNjI1NzAzNjUxXzU1MzIwMzc2NzI4NTkxOQ==","Renzy Bintangasia Bintang Asia memang luar biasa top 👍👍","2",
,,,,,,,,,,,,,,,,,,,,,,,,,,,,,,,,,,,"https://www.facebook.com/renzi.prayuda/posts/pfbid0uCxPRkLEMYjwGSuDAcaXE1VhEy8Zron9HfjrVrf4AgE3MfLHMtrqdWogqzbYWHe6l?comment_id=547301354381778&reply_comment_id=1068827000916934",,,,,,,,,,,,,,,,,,,"2024-09-26T13:35:25.000Z",,,"3778922625703651","https://www.facebook.com/100007578522755/posts/3778922625703651","ZmVlZGJhY2s6Mzc3ODkyMjYyNTcwMzY1MV8xMDY4ODI3MDAwOTE2OTM0","Y29tbWVudDozNzc4OTIyNjI1NzAzNjUxXzEwNjg4MjcwMDA5MTY5MzQ=","https://www.facebook.com/100007578522755/posts/3778922625703651","0","261237703739109","false","User","pfbid035deiYhQBJmE4XzgsRc6ijcR72PwV45MveV45T43mzXvLpoRb96uazohtAGuZi944l","Fikri Aditya Irawan","Fikri Aditya Irawan","Y29tbWVudDozNzc4OTIyNjI1NzAzNjUxXzU0NzMwMTM1NDM4MTc3OA==","OKASA F1

Rock Melon cantaloupe hibrida.
Bentuk buah : bulat oval.
Warna daging : oranye,
Berat buah : ± 3 kg/buah.
Umur panen : ± 60 hst.
Potensi hasil : ± 25 ton/ha.
Adaptasi utama di dataran rendah.
Rasa sangat manis.

#suksesbersamaBintangasia
#melonokasaF1
@sorotan 
pengikut 
Bintang Asia 
Benih Citra Asia","100007578522755","Renzy Bintangasia","https://scontent.fphl1-1.fna.fbcdn.net/v/t39.30808-1/426012403_3605728109689771_2277782955804277447_n.jpg?stp=cp0_dst-jpg_s32x32&_nc_cat=104&ccb=1-7&_nc_sid=50d2ac&_nc_ohc=tTmdX3bXLYAQ7kNvgF1nmni&_nc_ht=scontent.fphl1-1.fna&_nc_gid=AMyfDFbGFT3i8-VF1vRmstY&oh=00_AYDRtKdw2NSqM2bJWs7U_dEMzI-fnz5-xnuZetw1ptG3ZA&oe=66FC1E44","https://www.facebook.com/renzi.prayuda","Y29tbWVudDozNzc4OTIyNjI1NzAzNjUxXzU0NzMwMTM1NDM4MTc3OA==","Fikri Aditya Irawan josss kalii","1",
,,,,,,,,,,,,,,,,,,,,,,,,,,,,,,,,,,,"https://www.facebook.com/renzi.prayuda/posts/pfbid0uCxPRkLEMYjwGSuDAcaXE1VhEy8Zron9HfjrVrf4AgE3MfLHMtrqdWogqzbYWHe6l?comment_id=907278521270651&reply_comment_id=1547799482493926",,,,,,,,,,,,,,,,,,,"2024-09-26T13:35:47.000Z",,,"3778922625703651","https://www.facebook.com/100007578522755/posts/3778922625703651","ZmVlZGJhY2s6Mzc3ODkyMjYyNTcwMzY1MV8xNTQ3Nzk5NDgyNDkzOTI2","Y29tbWVudDozNzc4OTIyNjI1NzAzNjUxXzE1NDc3OTk0ODI0OTM5MjY=","https://www.facebook.com/100007578522755/posts/3778922625703651","0","261237703739109","false","User","100014051404309","Wahyu Tri Utamii","Wahyu Tri","Y29tbWVudDozNzc4OTIyNjI1NzAzNjUxXzkwNzI3ODUyMTI3MDY1MQ==","OKASA F1

Rock Melon cantaloupe hibrida.
Bentuk buah : bulat oval.
Warna daging : oranye,
Berat buah : ± 3 kg/buah.
Umur panen : ± 60 hst.
Potensi hasil : ± 25 ton/ha.
Adaptasi utama di dataran rendah.
Rasa sangat manis.

#suksesbersamaBintangasia
#melonokasaF1
@sorotan 
pengikut 
Bintang Asia 
Benih Citra Asia","100007578522755","Renzy Bintangasia","https://scontent-ord5-2.xx.fbcdn.net/v/t39.30808-1/426012403_3605728109689771_2277782955804277447_n.jpg?stp=cp0_dst-jpg_s32x32&_nc_cat=104&ccb=1-7&_nc_sid=50d2ac&_nc_ohc=tTmdX3bXLYAQ7kNvgEa-C9P&_nc_ht=scontent-ord5-2.xx&_nc_gid=AIFUVo83_U9whxEzftn60iE&oh=00_AYC6QRh4pW60IM5G_Fq720BoVFyuJelTLYMQgtSN64PFKw&oe=66FC1E44","https://www.facebook.com/renzi.prayuda","Y29tbWVudDozNzc4OTIyNjI1NzAzNjUxXzkwNzI3ODUyMTI3MDY1MQ==","Wahyu Tri Utamii mantap","1",
,,,,,,,,,,,,,,,,,,,,,,,,,,,,,,,,,,,"https://www.facebook.com/renzi.prayuda/posts/pfbid0uCxPRkLEMYjwGSuDAcaXE1VhEy8Zron9HfjrVrf4AgE3MfLHMtrqdWogqzbYWHe6l?comment_id=1068683571930036&reply_comment_id=1270452794141849",,,,,,,,,,,,,,,,,,,"2024-09-26T13:35:39.000Z",,,"3778922625703651","https://www.facebook.com/100007578522755/posts/3778922625703651","ZmVlZGJhY2s6Mzc3ODkyMjYyNTcwMzY1MV8xMjcwNDUyNzk0MTQxODQ5","Y29tbWVudDozNzc4OTIyNjI1NzAzNjUxXzEyNzA0NTI3OTQxNDE4NDk=","https://www.facebook.com/100007578522755/posts/3778922625703651","1","261237703739109","false","User","pfbid0y3JpFccUMeyphDiQaY7t6tCh98t9RK3DjCo4wk9SJzTK3T1yoRecJJgRFwPGNfTol","Ardi Risdi","Ardi","Y29tbWVudDozNzc4OTIyNjI1NzAzNjUxXzEwNjg2ODM1NzE5MzAwMzY=","OKASA F1

Rock Melon cantaloupe hibrida.
Bentuk buah : bulat oval.
Warna daging : oranye,
Berat buah : ± 3 kg/buah.
Umur panen : ± 60 hst.
Potensi hasil : ± 25 ton/ha.
Adaptasi utama di dataran rendah.
Rasa sangat manis.

#suksesbersamaBintangasia
#melonokasaF1
@sorotan 
pengikut 
Bintang Asia 
Benih Citra Asia","100007578522755","Renzy Bintangasia","https://scontent-man2-1.xx.fbcdn.net/v/t39.30808-1/426012403_3605728109689771_2277782955804277447_n.jpg?stp=cp0_dst-jpg_s32x32&_nc_cat=104&ccb=1-7&_nc_sid=50d2ac&_nc_ohc=tTmdX3bXLYAQ7kNvgHs7uYE&_nc_ht=scontent-man2-1.xx&_nc_gid=AN626vpRfiOz8wXOY1WuhwO&oh=00_AYCNJg520Q0Mxyxb2r39NhImabGU4gm7vDJvkuUJgV3Y1A&oe=66FC1E44","https://www.facebook.com/renzi.prayuda","Y29tbWVudDozNzc4OTIyNjI1NzAzNjUxXzEwNjg2ODM1NzE5MzAwMzY=","Ardi Risdi mantap..sukses bersama bintang asia","1",
,,,,,,,,,,,,,,,,,,,,,,,,,,,,,,,,,,,"https://www.facebook.com/renzi.prayuda/posts/3778922625703651?comment_id=1079498540486619&reply_comment_id=1444119169608706",,,,,,,,,,,,,,,,,,,"2024-09-26T13:35:13.000Z",,,"3778922625703651","https://www.facebook.com/100007578522755/posts/3778922625703651","ZmVlZGJhY2s6Mzc3ODkyMjYyNTcwMzY1MV8xNDQ0MTE5MTY5NjA4NzA2","Y29tbWVudDozNzc4OTIyNjI1NzAzNjUxXzE0NDQxMTkxNjk2MDg3MDY=","https://www.facebook.com/100007578522755/posts/3778922625703651","1","261237703739109","false","User","pfbid0zcHAhCfdr47G2sRgYFvoaqZ6E22UxZwPF7vcg3Rp9BzeJu4Qjjns1bnswARzsd1Ql","Bambang Sr.","Bambang","Y29tbWVudDozNzc4OTIyNjI1NzAzNjUxXzEwNzk0OTg1NDA0ODY2MTk=","OKASA F1

Rock Melon cantaloupe hibrida.
Bentuk buah : bulat oval.
Warna daging : oranye,
Berat buah : ± 3 kg/buah.
Umur panen : ± 60 hst.
Potensi hasil : ± 25 ton/ha.
Adaptasi utama di dataran rendah.
Rasa sangat manis.

#suksesbersamaBintangasia
#melonokasaF1
@sorotan 
pengikut 
Bintang Asia 
Benih Citra Asia","100007578522755","Renzy Bintangasia","https://scontent.fmdc3-1.fna.fbcdn.net/v/t39.30808-1/426012403_3605728109689771_2277782955804277447_n.jpg?stp=cp0_dst-jpg_s32x32&_nc_cat=104&ccb=1-7&_nc_sid=50d2ac&_nc_ohc=tTmdX3bXLYAQ7kNvgEVkkQ8&_nc_ht=scontent.fmdc3-1.fna&_nc_gid=AkM_WNJXJIFVZPX_PudCOhm&oh=00_AYB8NYhavPX81RBmbB9yMICluZdfddgcAJF6FwV-JPBHvw&oe=66FC1E44","https://www.facebook.com/renzi.prayuda","Y29tbWVudDozNzc4OTIyNjI1NzAzNjUxXzEwNzk0OTg1NDA0ODY2MTk=","Bambang Sr. Joss gandos...sukses bersama bintang asia","1",
,,,,,,,,,,,,,,,,,,,,,,,,,,,,,,,,,,,"https://www.facebook.com/renzi.prayuda/posts/pfbid0uCxPRkLEMYjwGSuDAcaXE1VhEy8Zron9HfjrVrf4AgE3MfLHMtrqdWogqzbYWHe6l?comment_id=1989673804793240&reply_comment_id=871080398019257",,,,,,,,,,,,,,,,,,,"2024-09-26T14:07:23.000Z",,,"3778922625703651","https://www.facebook.com/100007578522755/posts/3778922625703651","ZmVlZGJhY2s6Mzc3ODkyMjYyNTcwMzY1MV84NzEwODAzOTgwMTkyNTc=","Y29tbWVudDozNzc4OTIyNjI1NzAzNjUxXzg3MTA4MDM5ODAxOTI1Nw==","https://www.facebook.com/100007578522755/posts/3778922625703651","0","261237703739109","false","User","pfbid02nVHx7QYCW5yMzeWHC7DQDYr6c5AcNDsA2R9BN7nnKfKHtNtEhCMf7cswZrro7hGhl","Sepriandi Syahputra Zebua","Sepriandi","Y29tbWVudDozNzc4OTIyNjI1NzAzNjUxXzE5ODk2NzM4MDQ3OTMyNDA=","OKASA F1

Rock Melon cantaloupe hibrida.
Bentuk buah : bulat oval.
Warna daging : oranye,
Berat buah : ± 3 kg/buah.
Umur panen : ± 60 hst.
Potensi hasil : ± 25 ton/ha.
Adaptasi utama di dataran rendah.
Rasa sangat manis.

#suksesbersamaBintangasia
#melonokasaF1
@sorotan 
pengikut 
Bintang Asia 
Benih Citra Asia","100007578522755","Renzy Bintangasia","https://scontent.fagc3-2.fna.fbcdn.net/v/t39.30808-1/426012403_3605728109689771_2277782955804277447_n.jpg?stp=cp0_dst-jpg_s32x32&_nc_cat=104&ccb=1-7&_nc_sid=50d2ac&_nc_ohc=tTmdX3bXLYAQ7kNvgHP78JQ&_nc_ht=scontent.fagc3-2.fna&_nc_gid=APmlVkSd894uuYFL0n_doU1&oh=00_AYBPJjg5iz0FUy5uBjU3JnX_4Kve1I4AOOmZq5U5sdfKHg&oe=66FC1E44","https://www.facebook.com/renzi.prayuda","Y29tbWVudDozNzc4OTIyNjI1NzAzNjUxXzE5ODk2NzM4MDQ3OTMyNDA=","Sepriandi Syahputra Zebua mantap sukses bersama bintang asia","1",
,,,,,,,,,,,,,,,,,,,,,,,,,,,,,,,,,,,"https://www.facebook.com/renzi.prayuda/posts/3778922625703651?comment_id=1715392505878386&reply_comment_id=554042830626695",,,,,,,,,,,,,,,,,,,"2024-09-26T13:36:14.000Z",,,"3778922625703651","https://www.facebook.com/100007578522755/posts/3778922625703651","ZmVlZGJhY2s6Mzc3ODkyMjYyNTcwMzY1MV81NTQwNDI4MzA2MjY2OTU=","Y29tbWVudDozNzc4OTIyNjI1NzAzNjUxXzU1NDA0MjgzMDYyNjY5NQ==","https://www.facebook.com/100007578522755/posts/3778922625703651","1","261237703739109","false","User","pfbid029gLwfTE1oWpNQBhNveFbyX9xud1xcPpAgcjPW7HrAoEu9x9ayZP3yRW2GPmfJbSBl","Yuan Azwar","Yuan","Y29tbWVudDozNzc4OTIyNjI1NzAzNjUxXzE3MTUzOTI1MDU4NzgzODY=","OKASA F1

Rock Melon cantaloupe hibrida.
Bentuk buah : bulat oval.
Warna daging : oranye,
Berat buah : ± 3 kg/buah.
Umur panen : ± 60 hst.
Potensi hasil : ± 25 ton/ha.
Adaptasi utama di dataran rendah.
Rasa sangat manis.

#suksesbersamaBintangasia
#melonokasaF1
@sorotan 
pengikut 
Bintang Asia 
Benih Citra Asia","100007578522755","Renzy Bintangasia","https://scontent.fist6-2.fna.fbcdn.net/v/t39.30808-1/426012403_3605728109689771_2277782955804277447_n.jpg?stp=cp0_dst-jpg_s32x32&_nc_cat=104&ccb=1-7&_nc_sid=50d2ac&_nc_ohc=tTmdX3bXLYAQ7kNvgH6qo2R&_nc_ht=scontent.fist6-2.fna&_nc_gid=ABhX22lQWSojmLQsSGiP3u4&oh=00_AYAD8yYKTGEdtGLtOnbSM20Fs-YMji_Podi03UB9sEO5pg&oe=66FC1E44","https://www.facebook.com/renzi.prayuda","Y29tbWVudDozNzc4OTIyNjI1NzAzNjUxXzE3MTUzOTI1MDU4NzgzODY=","Yuan Azwar Joss gandos boss","1",
,,,,,,,,,,,,,,,,,,,,,,,,,,,,,,,,,,,"https://www.facebook.com/alkahfi.sutikno/videos/2203544716712383/?comment_id=1050657439547170&reply_comment_id=435357922400220",,,,,,,,,,,,,,,,,,,"2024-09-26T22:26:30.000Z",,,"8300956649993300","https://www.facebook.com/100007578522755/posts/8300956649993300","ZmVlZGJhY2s6ODMwMDk1NjY0OTk5MzMwMF80MzUzNTc5MjI0MDAyMjA=","Y29tbWVudDo4MzAwOTU2NjQ5OTkzMzAwXzQzNTM1NzkyMjQwMDIyMA==","https://www.facebook.com/100007578522755/posts/8300956649993300","0",,,"User","100007578522755","Renzy Bintangasia","Renzy","Y29tbWVudDo4MzAwOTU2NjQ5OTkzMzAwXzEwNTA2NTc0Mzk1NDcxNzA=","PANEN PADI DI MUKTI JAYA

Tim BI Riau meninjau Panen Padi di Klaster Padi Mukti Jaya Binaan BI Riau. Hasil rata-rata 8 ton per hektar","100002371423368","Alkahfi Sutikno","https://scontent.fpos1-2.fna.fbcdn.net/v/t39.30808-1/272990950_4817471368341863_8430843410507685913_n.jpg?stp=cp0_dst-jpg_s32x32&_nc_cat=103&ccb=1-7&_nc_sid=50d2ac&_nc_ohc=Ha5tpYdOQU0Q7kNvgG8U7MR&_nc_ht=scontent.fpos1-2.fna&oh=00_AYA35gU3OPEMgoozMUd6WCU1Fkstpm5PlevI2v8asygNHw&oe=66FC1ADF","https://www.facebook.com/alkahfi.sutikno","Y29tbWVudDo4MzAwOTU2NjQ5OTkzMzAwXzEwNTA2NTc0Mzk1NDcxNzA=","Renzy Bintangasia iya Ren modern","1",
,,,,,,,,,,,,,,,,,,,,,,,,,,,,,,,,,,,"https://www.facebook.com/alkahfi.sutikno/videos/2203544716712383/?comment_id=8723775320975800&reply_comment_id=447053704432576",,,,,,,,,,,,,,,,,,,"2024-09-26T15:32:45.000Z",,,"8300956649993300","https://www.facebook.com/100007578522755/posts/8300956649993300","ZmVlZGJhY2s6ODMwMDk1NjY0OTk5MzMwMF80NDcwNTM3MDQ0MzI1NzY=","Y29tbWVudDo4MzAwOTU2NjQ5OTkzMzAwXzQ0NzA1MzcwNDQzMjU3Ng==","https://www.facebook.com/100007578522755/posts/8300956649993300","0",,,"User","100005046007140","Dedi Sujarwo","Dedi","Y29tbWVudDo4MzAwOTU2NjQ5OTkzMzAwXzg3MjM3NzUzMjA5NzU4MDA=","PANEN PADI DI MUKTI JAYA

Tim BI Riau meninjau Panen Padi di Klaster Padi Mukti Jaya Binaan BI Riau. Hasil rata-rata 8 ton per hektar","100002371423368","Alkahfi Sutikno","https://scontent.fabe1-1.fna.fbcdn.net/v/t39.30808-1/272990950_4817471368341863_8430843410507685913_n.jpg?stp=cp0_dst-jpg_s32x32&_nc_cat=103&ccb=1-7&_nc_sid=50d2ac&_nc_ohc=Ha5tpYdOQU0Q7kNvgE4Cz6s&_nc_ht=scontent.fabe1-1.fna&_nc_gid=AIPAkeKuRaQMCTJfNguAxIG&oh=00_AYAR9rJwCA4hvMoBZ7tdU5ZNKME6QbdIgXEAwsP2GEMF8A&oe=66FC1ADF","https://www.facebook.com/alkahfi.sutikno","Y29tbWVudDo4MzAwOTU2NjQ5OTkzMzAwXzg3MjM3NzUzMjA5NzU4MDA=","Dedi Sujarwo Kayaknya iya Pak, katanya Marem memanen di Mukti Jaya","1",
,,,,,,,,,,,,,,,,,,,,,,,,,,,,,,,,,,,"https://www.facebook.com/alkahfi.sutikno/videos/2203544716712383/?comment_id=3777041202612575&reply_comment_id=1257482872369167",,,,,,,,,,,,,,,,,,"1","2024-09-27T03:54:23.000Z",,,"8300956649993300","https://www.facebook.com/100007578522755/posts/8300956649993300","ZmVlZGJhY2s6ODMwMDk1NjY0OTk5MzMwMF8xMjU3NDgyODcyMzY5MTY3","Y29tbWVudDo4MzAwOTU2NjQ5OTkzMzAwXzEyNTc0ODI4NzIzNjkxNjc=","https://www.facebook.com/100007578522755/posts/8300956649993300","0",,,"User","pfbid02FM4sLick36dxqWDvu1LnGhaCFTTXLu9a7pT63ERpXBJjmuAP7xz7ZQH3U5xex11Al","Roy Agreons","Roy","Y29tbWVudDo4MzAwOTU2NjQ5OTkzMzAwXzM3NzcwNDEyMDI2MTI1NzU=","PANEN PADI DI MUKTI JAYA

Tim BI Riau meninjau Panen Padi di Klaster Padi Mukti Jaya Binaan BI Riau. Hasil rata-rata 8 ton per hektar","100002371423368","Alkahfi Sutikno","https://scontent.fpit1-1.fna.fbcdn.net/v/t39.30808-1/272990950_4817471368341863_8430843410507685913_n.jpg?stp=cp0_dst-jpg_s32x32&_nc_cat=103&ccb=1-7&_nc_sid=50d2ac&_nc_ohc=Ha5tpYdOQU0Q7kNvgFwl16X&_nc_ht=scontent.fpit1-1.fna&_nc_gid=AgwazNNa2HmCqiWSjL944P_&oh=00_AYC5psxjFx53GaKHoAiKrksSjtqwOoNS4H66l1bJYy5tlA&oe=66FC1ADF","https://www.facebook.com/alkahfi.sutikno","Y29tbWVudDo4MzAwOTU2NjQ5OTkzMzAwXzM3NzcwNDEyMDI2MTI1NzU=","Roy Agreons voumbandnya Mantap","1",
,,,,,,,,,,,,,,,,,,,,,,,,,,,,,,,,,,,"https://www.facebook.com/alkahfi.sutikno/videos/2203544716712383/?comment_id=3777041202612575&reply_comment_id=425405663488075",,,,,,,,,,,,,,,,,,,"2024-09-27T06:04:01.000Z",,,"8300956649993300","https://www.facebook.com/100007578522755/posts/8300956649993300","ZmVlZGJhY2s6ODMwMDk1NjY0OTk5MzMwMF80MjU0MDU2NjM0ODgwNzU=","Y29tbWVudDo4MzAwOTU2NjQ5OTkzMzAwXzQyNTQwNTY2MzQ4ODA3NQ==","https://www.facebook.com/100007578522755/posts/8300956649993300","0",,,"User","pfbid02FM4sLick36dxqWDvu1LnGhaCFTTXLu9a7pT63ERpXBJjmuAP7xz7ZQH3U5xex11Al","Roy Agreons","Roy","Y29tbWVudDo4MzAwOTU2NjQ5OTkzMzAwXzM3NzcwNDEyMDI2MTI1NzU=","PANEN PADI DI MUKTI JAYA

Tim BI Riau meninjau Panen Padi di Klaster Padi Mukti Jaya Binaan BI Riau. Hasil rata-rata 8 ton per hektar","pfbid02FM4sLick36dxqWDvu1LnGhaCFTTXLu9a7pT63ERpXBJjmuAP7xz7ZQH3U5xex11Al","Roy Agreons","https://scontent.fpit1-1.fna.fbcdn.net/v/t39.30808-1/417844062_3661971777391753_6597035343459934498_n.jpg?stp=cp0_dst-jpg_s32x32&_nc_cat=105&ccb=1-7&_nc_sid=0ecb9b&_nc_ohc=c5YLpH_sCmsQ7kNvgGGRZ3V&_nc_ht=scontent.fpit1-1.fna&_nc_gid=AgwazNNa2HmCqiWSjL944P_&oh=00_AYARw8MmPDnbbs0lnG9stM2XGRSwkXMpRVM1PP8PZya5Bg&oe=66FC2262","https://www.facebook.com/people/Roy-Agreons/pfbid02FM4sLick36dxqWDvu1LnGhaCFTTXLu9a7pT63ERpXBJjmuAP7xz7ZQH3U5xex11Al/","Y29tbWVudDo4MzAwOTU2NjQ5OTkzMzAwXzM3NzcwNDEyMDI2MTI1NzU=","Alkahfi Sutikno siap terimakasih pak,mohon saran dan ilmu nya,agar selalu d evaluasi dalam bekerja pak🙏","2",
,,,,,,,,,,,,,,,,,,,,,,,,,,,,,,,,,,,"https://www.facebook.com/alkahfi.sutikno/videos/2203544716712383/?comment_id=883610780381223&reply_comment_id=442217838406319",,,,,,,,,,,,,,,,,,"1","2024-09-26T15:33:20.000Z",,,"8300956649993300","https://www.facebook.com/100007578522755/posts/8300956649993300","ZmVlZGJhY2s6ODMwMDk1NjY0OTk5MzMwMF80NDIyMTc4Mzg0MDYzMTk=","Y29tbWVudDo4MzAwOTU2NjQ5OTkzMzAwXzQ0MjIxNzgzODQwNjMxOQ==","https://www.facebook.com/100007578522755/posts/8300956649993300","1",,,"User","100009518165713","Iwan Karnita","Iwan","Y29tbWVudDo4MzAwOTU2NjQ5OTkzMzAwXzg4MzYxMDc4MDM4MTIyMw==","PANEN PADI DI MUKTI JAYA

Tim BI Riau meninjau Panen Padi di Klaster Padi Mukti Jaya Binaan BI Riau. Hasil rata-rata 8 ton per hektar","100002371423368","Alkahfi Sutikno","https://scontent-ord5-2.xx.fbcdn.net/v/t39.30808-1/272990950_4817471368341863_8430843410507685913_n.jpg?stp=cp0_dst-jpg_s32x32&_nc_cat=103&ccb=1-7&_nc_sid=50d2ac&_nc_ohc=Ha5tpYdOQU0Q7kNvgFqG41k&_nc_ht=scontent-ord5-2.xx&_nc_gid=Afx1tkTQg2nn-lqhHx0z0x2&oh=00_AYCJ3BgJT_mfTnLqh8ojQNkSPO1VJRvvn8qeso-uFq2zGg&oe=66FC1ADF","https://www.facebook.com/alkahfi.sutikno","Y29tbWVudDo4MzAwOTU2NjQ5OTkzMzAwXzg4MzYxMDc4MDM4MTIyMw==","Iwan Karnita amin","1",
,,,,,,,,,,,,,,,,,,,,,,,,,,,,,,,,,,,"https://www.facebook.com/alkahfi.sutikno/videos/2203544716712383/?comment_id=883610780381223&reply_comment_id=503114179301197",,,,,,,,,,,,,,,,,,,"2024-09-26T16:05:34.000Z",,,"8300956649993300","https://www.facebook.com/100007578522755/posts/8300956649993300","ZmVlZGJhY2s6ODMwMDk1NjY0OTk5MzMwMF81MDMxMTQxNzkzMDExOTc=","Y29tbWVudDo4MzAwOTU2NjQ5OTkzMzAwXzUwMzExNDE3OTMwMTE5Nw==","https://www.facebook.com/100007578522755/posts/8300956649993300","0",,,"User","100009518165713","Iwan Karnita","Iwan","Y29tbWVudDo4MzAwOTU2NjQ5OTkzMzAwXzg4MzYxMDc4MDM4MTIyMw==","PANEN PADI DI MUKTI JAYA

Tim BI Riau meninjau Panen Padi di Klaster Padi Mukti Jaya Binaan BI Riau. Hasil rata-rata 8 ton per hektar","100009518165713","Iwan Karnita","https://scontent-ord5-1.xx.fbcdn.net/v/t39.30808-1/294879437_3256107524716488_4767304381910277547_n.jpg?stp=cp0_dst-jpg_s32x32&_nc_cat=109&ccb=1-7&_nc_sid=50d2ac&_nc_ohc=q7rIykpAlxYQ7kNvgHXT62w&_nc_ht=scontent-ord5-1.xx&_nc_gid=Afx1tkTQg2nn-lqhHx0z0x2&oh=00_AYAd-1dqSrxsxNVOD4K7_mjLiGe3_hqIefy1gsO-IuVxOQ&oe=66FC0605","https://www.facebook.com/people/Iwan-Karnita/100009518165713/","Y29tbWVudDo4MzAwOTU2NjQ5OTkzMzAwXzg4MzYxMDc4MDM4MTIyMw==","Alkahfi Sutikno 🤲💪🤲","2",
,,,,,,,,,,,,,,,,,,,,,,,,,,,,,,,,,,,"https://www.facebook.com/alkahfi.sutikno/videos/2203544716712383/?comment_id=492289660457405&reply_comment_id=436922965556170",,,,,,,,,,,,,,,,,,,"2024-09-26T12:44:02.000Z",,,"8300956649993300","https://www.facebook.com/100007578522755/posts/8300956649993300","ZmVlZGJhY2s6ODMwMDk1NjY0OTk5MzMwMF80MzY5MjI5NjU1NTYxNzA=","Y29tbWVudDo4MzAwOTU2NjQ5OTkzMzAwXzQzNjkyMjk2NTU1NjE3MA==","https://www.facebook.com/100007578522755/posts/8300956649993300","0",,,"User","pfbid02ETX7Dpk21R25yn3EV8Nr1M2Nw1TfsaopDVTGtwpMzciqvJy46ypYYe7psYKrfZwLl","Mbak Yamirah","Mbak","Y29tbWVudDo4MzAwOTU2NjQ5OTkzMzAwXzQ5MjI4OTY2MDQ1NzQwNQ==","PANEN PADI DI MUKTI JAYA

Tim BI Riau meninjau Panen Padi di Klaster Padi Mukti Jaya Binaan BI Riau. Hasil rata-rata 8 ton per hektar","100002371423368","Alkahfi Sutikno","https://scontent.fplu23-1.fna.fbcdn.net/v/t39.30808-1/272990950_4817471368341863_8430843410507685913_n.jpg?stp=cp0_dst-jpg_s32x32&_nc_cat=103&ccb=1-7&_nc_sid=50d2ac&_nc_ohc=Ha5tpYdOQU0Q7kNvgExcZIk&_nc_ht=scontent.fplu23-1.fna&_nc_gid=A8RVIKMGITUcFKfy_W_F7QF&oh=00_AYBIDwjB9dRUcIeDaZQyIRBI5GQ_dssGJJn7Gvf4re0J_g&oe=66FC1ADF","https://www.facebook.com/alkahfi.sutikno","Y29tbWVudDo4MzAwOTU2NjQ5OTkzMzAwXzQ5MjI4OTY2MDQ1NzQwNQ==","Mbak Yamirah terima kasih Bu","1",
,,,,,,,,,,,,,,,,,,,,,,,,,,,,,,,,,,,"https://www.facebook.com/tomiri/videos/500553206082574/?comment_id=500720079480509",,,,,,,,,,,,,,,,,,,"2024-09-20T09:56:24.000Z",,,"8753814527986369","https://www.facebook.com/100007578522755/posts/8753814527986369","ZmVlZGJhY2s6ODc1MzgxNDUyNzk4NjM2OV81MDA3MjAwNzk0ODA1MDk=","Y29tbWVudDo4NzUzODE0NTI3OTg2MzY5XzUwMDcyMDA3OTQ4MDUwOQ==","https://www.facebook.com/100007578522755/posts/8753814527986369","0",,,,,,,,"Disini kita cetak petani Millenial,,
Sorotan 
pengikut 
Facebook","100001177838158","Tutut Handayani","https://scontent.fgdl2-3.fna.fbcdn.net/v/t39.30808-1/449318491_7624446030937916_1879757010369903675_n.jpg?stp=cp0_dst-jpg_s32x32&_nc_cat=100&ccb=1-7&_nc_sid=50d2ac&_nc_ohc=rPWao7HO6poQ7kNvgHtS2VX&_nc_ht=scontent.fgdl2-3.fna&_nc_gid=AbQH8zDjv0jairLHJiYDsIe&oh=00_AYCdjWtqbRb-u-FKhqMRzpaa8tc6KqVaP8Oo3ywCDY2uMg&oe=66FC1A2F","https://www.facebook.com/tutut.handayani.395",,"Keren pak Tomiri Zaa ide dan gagasannya untuk Semka NegeriSatu RimbaMelintang. Insya Allah segera terlaksana pak 🤲🤲🤲","0",
,,,,,,,,,,,,,,,,,,,,,,,,,,,,,,,,,,,"https://www.facebook.com/tomiri/videos/500553206082574/?comment_id=1061144961572435",,,,,,,,,,,,,,,,,,,"2024-09-20T09:58:03.000Z",,,"8753814527986369","https://www.facebook.com/100007578522755/posts/8753814527986369","ZmVlZGJhY2s6ODc1MzgxNDUyNzk4NjM2OV8xMDYxMTQ0OTYxNTcyNDM1","Y29tbWVudDo4NzUzODE0NTI3OTg2MzY5XzEwNjExNDQ5NjE1NzI0MzU=","https://www.facebook.com/100007578522755/posts/8753814527986369","0",,,,,,,,"Disini kita cetak petani Millenial,,
Sorotan 
pengikut 
Facebook","100007578522755","Renzy Bintangasia","https://scontent.fgdl2-3.fna.fbcdn.net/v/t39.30808-1/426012403_3605728109689771_2277782955804277447_n.jpg?stp=cp0_dst-jpg_s32x32&_nc_cat=104&ccb=1-7&_nc_sid=50d2ac&_nc_ohc=tTmdX3bXLYAQ7kNvgE5FLfM&_nc_ht=scontent.fgdl2-3.fna&_nc_gid=AbQH8zDjv0jairLHJiYDsIe&oh=00_AYD7sWZ8M7XfKV3p-D1cp3yfjLY1lSO7BIhgktQiNsHEog&oe=66FC1E44","https://www.facebook.com/renzi.prayuda",,"Ikutan dong pak 😁😁","0",
"Sticker",,,,,,,"1","83","1","1","855968132646713","128","https://scontent.fgdl2-2.fna.fbcdn.net/v/t39.1997-6/453624685_855968135980046_6184543112462876309_n.png?stp=dst-png_s168x128&_nc_cat=105&ccb=1-7&_nc_sid=23dd7b&_nc_ohc=FD25zNVUKQgQ7kNvgFfy4Xy&_nc_ht=scontent.fgdl2-2.fna&_nc_gid=AbQH8zDjv0jairLHJiYDsIe&oh=00_AYB-hK4pLzOUkOHZNqYwDUFSgFM8X7x3t7_aP6iWAKvv6g&oe=66FC0FF9","128","",,,,,,,,,,,,,,,,,,,,"https://www.facebook.com/tomiri/videos/500553206082574/?comment_id=922492639691721",,,,,,,,,,,,,,,,,,,"2024-09-20T09:45:19.000Z",,,"8753814527986369","https://www.facebook.com/100007578522755/posts/8753814527986369","ZmVlZGJhY2s6ODc1MzgxNDUyNzk4NjM2OV85MjI0OTI2Mzk2OTE3MjE=","Y29tbWVudDo4NzUzODE0NTI3OTg2MzY5XzkyMjQ5MjYzOTY5MTcyMQ==","https://www.facebook.com/100007578522755/posts/8753814527986369","0",,,,,,,,"Disini kita cetak petani Millenial,,
Sorotan 
pengikut 
Facebook","100007578522755","Renzy Bintangasia","https://scontent.fgdl2-3.fna.fbcdn.net/v/t39.30808-1/426012403_3605728109689771_2277782955804277447_n.jpg?stp=cp0_dst-jpg_s32x32&_nc_cat=104&ccb=1-7&_nc_sid=50d2ac&_nc_ohc=tTmdX3bXLYAQ7kNvgE5FLfM&_nc_ht=scontent.fgdl2-3.fna&_nc_gid=AbQH8zDjv0jairLHJiYDsIe&oh=00_AYD7sWZ8M7XfKV3p-D1cp3yfjLY1lSO7BIhgktQiNsHEog&oe=66FC1E44","https://www.facebook.com/renzi.prayuda",,,"0",
,,,,,,,,,,,,,,,,,,,,,,,,,,,,,,,,,,,"https://www.facebook.com/renzi.prayuda/posts/pfbid0uCxPRkLEMYjwGSuDAcaXE1VhEy8Zron9HfjrVrf4AgE3MfLHMtrqdWogqzbYWHe6l?comment_id=1230523605033703&reply_comment_id=8204013223008473",,,,,,,,,,,,,,,,,,,"2024-09-27T01:49:33.000Z",,,"3778922625703651","https://www.facebook.com/100007578522755/posts/3778922625703651","ZmVlZGJhY2s6Mzc3ODkyMjYyNTcwMzY1MV84MjA0MDEzMjIzMDA4NDcz","Y29tbWVudDozNzc4OTIyNjI1NzAzNjUxXzgyMDQwMTMyMjMwMDg0NzM=","https://www.facebook.com/100007578522755/posts/3778922625703651","0","261237703739109","false","User","pfbid029BWibwyWiQLBPJWmBVfZ1ZkTz6vio97wqaZvCZvAcQzEqwwz8Wed6sAERBgrrQUpl","Asiono Ono","Asiono","Y29tbWVudDozNzc4OTIyNjI1NzAzNjUxXzEyMzA1MjM2MDUwMzM3MDM=","OKASA F1

Rock Melon cantaloupe hibrida.
Bentuk buah : bulat oval.
Warna daging : oranye,
Berat buah : ± 3 kg/buah.
Umur panen : ± 60 hst.
Potensi hasil : ± 25 ton/ha.
Adaptasi utama di dataran rendah.
Rasa sangat manis.

#suksesbersamaBintangasia
#melonokasaF1
@sorotan 
pengikut 
Bintang Asia 
Benih Citra Asia","100007578522755","Renzy Bintangasia","https://scontent.fknu1-2.fna.fbcdn.net/v/t39.30808-1/426012403_3605728109689771_2277782955804277447_n.jpg?stp=cp0_dst-jpg_s32x32&_nc_cat=104&ccb=1-7&_nc_sid=50d2ac&_nc_ohc=tTmdX3bXLYAQ7kNvgFnSezF&_nc_ht=scontent.fknu1-2.fna&_nc_gid=AgdHqbM473K5P2X9W0QtT6n&oh=00_AYCJ0BXKDjagupty-6gJFHd9VGUBCsmDJBPl35ONaOjwRA&oe=66FC1E44","https://www.facebook.com/renzi.prayuda","Y29tbWVudDozNzc4OTIyNjI1NzAzNjUxXzEyMzA1MjM2MDUwMzM3MDM=","Asiono Ono mantap sukses bersama bintang asia","1",
,,,,,,,,,,,,,,,,,,,,,,,,,,,,,,,,,,,"https://www.facebook.com/alkahfi.sutikno/videos/2203544716712383/?comment_id=532892029435913&reply_comment_id=1118561613024589",,,,,,,,,,,,,,,,,,"1","2024-09-26T12:43:47.000Z",,,"8300956649993300","https://www.facebook.com/100007578522755/posts/8300956649993300","ZmVlZGJhY2s6ODMwMDk1NjY0OTk5MzMwMF8xMTE4NTYxNjEzMDI0NTg5","Y29tbWVudDo4MzAwOTU2NjQ5OTkzMzAwXzExMTg1NjE2MTMwMjQ1ODk=","https://www.facebook.com/100007578522755/posts/8300956649993300","0",,,"User","pfbid02VbMJCsJUF4A3XSWuuPLbDUVR2T2iRuswz4DnrrGnQ9CPwHqFicasRAe1DTAfQokRl","Taufik Rohil","Taufik","Y29tbWVudDo4MzAwOTU2NjQ5OTkzMzAwXzUzMjg5MjAyOTQzNTkxMw==","PANEN PADI DI MUKTI JAYA

Tim BI Riau meninjau Panen Padi di Klaster Padi Mukti Jaya Binaan BI Riau. Hasil rata-rata 8 ton per hektar","100002371423368","Alkahfi Sutikno","https://scontent.fmea2-1.fna.fbcdn.net/v/t39.30808-1/272990950_4817471368341863_8430843410507685913_n.jpg?stp=cp0_dst-jpg_s32x32&_nc_cat=103&ccb=1-7&_nc_sid=50d2ac&_nc_ohc=Ha5tpYdOQU0Q7kNvgFZP0BA&_nc_ht=scontent.fmea2-1.fna&oh=00_AYAMhHKuG-E00sUtAeOxml6JxfqBQYO4ZnTs1QW5y9uR5Q&oe=66FC1ADF","https://www.facebook.com/alkahfi.sutikno","Y29tbWVudDo4MzAwOTU2NjQ5OTkzMzAwXzUzMjg5MjAyOTQzNTkxMw==","Taufik Rohil ha ha....Bapak apa sudah panen","1",
,,,,,,,,,,,,,,,,,,,,,,,,,,,,,,,,,,,"https://www.facebook.com/alkahfi.sutikno/videos/2203544716712383/?comment_id=532892029435913&reply_comment_id=505397615625615",,,,,,,,,,,,,,,,,,,"2024-09-27T04:57:13.000Z",,,"8300956649993300","https://www.facebook.com/100007578522755/posts/8300956649993300","ZmVlZGJhY2s6ODMwMDk1NjY0OTk5MzMwMF81MDUzOTc2MTU2MjU2MTU=","Y29tbWVudDo4MzAwOTU2NjQ5OTkzMzAwXzUwNTM5NzYxNTYyNTYxNQ==","https://www.facebook.com/100007578522755/posts/8300956649993300","0",,,"User","pfbid02VbMJCsJUF4A3XSWuuPLbDUVR2T2iRuswz4DnrrGnQ9CPwHqFicasRAe1DTAfQokRl","Taufik Rohil","Taufik","Y29tbWVudDo4MzAwOTU2NjQ5OTkzMzAwXzUzMjg5MjAyOTQzNTkxMw==","PANEN PADI DI MUKTI JAYA

Tim BI Riau meninjau Panen Padi di Klaster Padi Mukti Jaya Binaan BI Riau. Hasil rata-rata 8 ton per hektar","pfbid02VbMJCsJUF4A3XSWuuPLbDUVR2T2iRuswz4DnrrGnQ9CPwHqFicasRAe1DTAfQokRl","Taufik Rohil","https://scontent.fmea2-1.fna.fbcdn.net/v/t39.30808-1/385458122_2764556843684834_5411149966054591602_n.jpg?stp=cp0_dst-jpg_s32x32&_nc_cat=103&ccb=1-7&_nc_sid=0ecb9b&_nc_ohc=1J54s8ybP1oQ7kNvgEulZg4&_nc_ht=scontent.fmea2-1.fna&oh=00_AYD6fPRNnkG-C0hZ2rhNGRs1UMdsSpT0oD4UFsq6NJ-ZiA&oe=66FC2C6C","https://www.facebook.com/taufik.rohil","Y29tbWVudDo4MzAwOTU2NjQ5OTkzMzAwXzUzMjg5MjAyOTQzNTkxMw==","Alkahfi Sutikno sudah pak","2",
,,,,,,,,,,,,,,,,,,,,,,,,,,,,,,,,,,,"https://www.facebook.com/renzi.prayuda/posts/pfbid0uCxPRkLEMYjwGSuDAcaXE1VhEy8Zron9HfjrVrf4AgE3MfLHMtrqdWogqzbYWHe6l?comment_id=1229623484735763&reply_comment_id=533643915814829",,,,,,,,,,,,,,,,,,,"2024-09-26T14:07:08.000Z",,,"3778922625703651","https://www.facebook.com/100007578522755/posts/3778922625703651","ZmVlZGJhY2s6Mzc3ODkyMjYyNTcwMzY1MV81MzM2NDM5MTU4MTQ4Mjk=","Y29tbWVudDozNzc4OTIyNjI1NzAzNjUxXzUzMzY0MzkxNTgxNDgyOQ==","https://www.facebook.com/100007578522755/posts/3778922625703651","1","261237703739109","false","User","pfbid02CBNk2bWigRWhPq2i1rLPYKjJkTs8cg7Vf5mGLixW3UbKro2L5mxLGnPEgsHPj8iFl","Jeffry Gustian","Jeffry","Y29tbWVudDozNzc4OTIyNjI1NzAzNjUxXzEyMjk2MjM0ODQ3MzU3NjM=","OKASA F1

Rock Melon cantaloupe hibrida.
Bentuk buah : bulat oval.
Warna daging : oranye,
Berat buah : ± 3 kg/buah.
Umur panen : ± 60 hst.
Potensi hasil : ± 25 ton/ha.
Adaptasi utama di dataran rendah.
Rasa sangat manis.

#suksesbersamaBintangasia
#melonokasaF1
@sorotan 
pengikut 
Bintang Asia 
Benih Citra Asia","100007578522755","Renzy Bintangasia","https://scontent.fdac41-1.fna.fbcdn.net/v/t39.30808-1/426012403_3605728109689771_2277782955804277447_n.jpg?stp=cp0_dst-jpg_s32x32&_nc_cat=104&ccb=1-7&_nc_sid=50d2ac&_nc_ohc=tTmdX3bXLYAQ7kNvgGsE5F-&_nc_ht=scontent.fdac41-1.fna&oh=00_AYAmo-ttaUexiWaJGtxM9hMsc7_-h6-hzDLhZg577SLAAg&oe=66FC1E44","https://www.facebook.com/renzi.prayuda","Y29tbWVudDozNzc4OTIyNjI1NzAzNjUxXzEyMjk2MjM0ODQ3MzU3NjM=","Jeffry Gustian mantap..sukses bersama bintang asia","1",
,,,,,,,,,,,,,,,,,,,,,,,,,,,,,,,,,,,,,,,,,,,,,,,,,,,,,,,"not_available","This content isn't available because the owner only shared it with a small group of people or changed who can see it, or it's been deleted.",,,,,,,,,,,,,,,,,,,,,,"https://www.facebook.com/100007578522755/posts/8246221915466774"
"GenericAttachmentMedia",,"200","https://external-atl3-2.xx.fbcdn.net/emg1/v/t13/16437251124974872834?url=https%3A%2F%2Fmedia4.giphy.com%2Fmedia%2FbOlo1UmfDcGru%2F200_d.gif%3Fcid%3D120c0147ef8954x9e3br2wtytf5fnwjnmkwdvdhsiybn9quw%26ep%3Dv1_gifs_search%26rid%3D200_d.gif%26ct%3Dg&fb_obo=1&utld=giphy.com&stp=dst-gif_fr_q75&ccb=13-1&oh=06_Q399mEOyX7LIMyuYOF6QuvxAEd0oA3nnkToqH8oJnvj7BfI&oe=66F83D4F&_nc_sid=9e3c15","200","GIPHY",,,,,,"8332331276886773","200","https://external-atl3-2.xx.fbcdn.net/emg1/v/t13/16437251124974872834?url=https%3A%2F%2Fmedia4.giphy.com%2Fmedia%2FbOlo1UmfDcGru%2F200_d.gif%3Fcid%3D120c0147ef8954x9e3br2wtytf5fnwjnmkwdvdhsiybn9quw%26ep%3Dv1_gifs_search%26rid%3D200_d.gif%26ct%3Dg&fb_obo=1&utld=giphy.com&stp=dst-emg0_q75_s200x200&ccb=13-1&oh=06_Q399Gjhx92T_nHO1SFucqIpdENA2GzzMfVjIXkrhHqIiQ5o&oe=66F83D4F&_nc_sid=c97757","200",,,,,,,"Image","https://external-atl3-2.xx.fbcdn.net/emg1/v/t13/16437251124974872834?url=https%3A%2F%2Fmedia4.giphy.com%2Fmedia%2FbOlo1UmfDcGru%2F200_d.gif%3Fcid%3D120c0147ef8954x9e3br2wtytf5fnwjnmkwdvdhsiybn9quw%26ep%3Dv1_gifs_search%26rid%3D200_d.gif%26ct%3Dg&fb_obo=1&utld=giphy.com&stp=dst-gif_fr_q75&ccb=13-1&oh=06_Q399mEOyX7LIMyuYOF6QuvxAEd0oA3nnkToqH8oJnvj7BfI&oe=66F83D4F&_nc_sid=9e3c15",,,,,,,,,,,,,"https://www.facebook.com/renzi.prayuda/posts/pfbid0rY6WcN7ovjaeSuVpqGPjb6XnCwmivxZBCKfWBKcHr1nbFb8L69sdVDmPtBWFUeiWl?comment_id=7789097581192320","https://www.facebook.com/renzi.prayuda/posts/pfbid0rY6WcN7ovjaeSuVpqGPjb6XnCwmivxZBCKfWBKcHr1nbFb8L69sdVDmPtBWFUeiWl?comment_id=7789097581192320&reply_comment_id=428257759830421","2024-09-23T13:57:57.000Z","ZmVlZGJhY2s6Mzc3NzAzNDA1OTIyNTg0MV80MjgyNTc3NTk4MzA0MjE=","Y29tbWVudDozNzc3MDM0MDU5MjI1ODQxXzQyODI1Nzc1OTgzMDQyMQ==","0","User","pfbid02toupBmBd36A5zMvBQa4ZURop6UDXWgyHCiyKEh6rjiNLdhE4J17KRMJch1SBZzgKl","Gianti Yantii","Gianti","Y29tbWVudDozNzc3MDM0MDU5MjI1ODQxXzc3ODkwOTc1ODExOTIzMjA=","100007578522755","Renzy Bintangasia","https://scontent-atl3-2.xx.fbcdn.net/v/t39.30808-1/426012403_3605728109689771_2277782955804277447_n.jpg?stp=cp0_dst-jpg_s32x32&_nc_cat=104&ccb=1-7&_nc_sid=50d2ac&_nc_ohc=tTmdX3bXLYAQ7kNvgEdwfsR&_nc_ht=scontent-atl3-2.xx&oh=00_AYBwbUIjIkDAg3j-Aq1aQyZD7TNn0l5oY5NBg6NBUG0pBg&oe=66FC1E44","https://www.facebook.com/renzi.prayuda","Y29tbWVudDozNzc3MDM0MDU5MjI1ODQxXzc3ODkwOTc1ODExOTIzMjA=","Gianti Yantii gass gass","1","1","2024-09-23T13:20:37.000Z",,,"3777034059225841","https://www.facebook.com/100007578522755/posts/3777034059225841","ZmVlZGJhY2s6Mzc3NzAzNDA1OTIyNTg0MV83Nzg5MDk3NTgxMTkyMzIw","Y29tbWVudDozNzc3MDM0MDU5MjI1ODQxXzc3ODkwOTc1ODExOTIzMjA=","https://www.facebook.com/100007578522755/posts/3777034059225841","1","200476579818147","false",,,,,,"Waktunya Kita Gasken
Jagung Manis ROMANZA F1 Cap Bintang Asia Produksi dari PT Benih Citra Asia 
Buah Super Gede
Rasa Super Manis
Produksi Hasil Tinggi 
Lebih Panjang, Lebih Besar, Lebih Manis...
SEMUA ORANG @sorotan  Mhd Arpi 
.
.","pfbid02toupBmBd36A5zMvBQa4ZURop6UDXWgyHCiyKEh6rjiNLdhE4J17KRMJch1SBZzgKl","Gianti Yantii","https://scontent-atl3-2.xx.fbcdn.net/v/t1.6435-1/186027641_298612218398001_1664188415370566706_n.jpg?stp=cp0_dst-jpg_s32x32&_nc_cat=105&ccb=1-7&_nc_sid=0ecb9b&_nc_ohc=u1vs0BWj-kgQ7kNvgGRyv62&_nc_ht=scontent-atl3-2.xx&oh=00_AYBOUz-x2bexVX_s8EO5BLH80SA4LzfvM_On5-VqLZdTfw&oe=671DA21E","https://www.facebook.com/gianti.yantii",,,"0",
,,,,,,,,,,,,,,,,,,,,,,,,,,,,,,,,,,,"https://www.facebook.com/renzi.prayuda/posts/pfbid0rY6WcN7ovjaeSuVpqGPjb6XnCwmivxZBCKfWBKcHr1nbFb8L69sdVDmPtBWFUeiWl?comment_id=7789097581192320&reply_comment_id=428257759830421",,,,,,,,,,,,,,,,,,,"2024-09-23T13:57:57.000Z",,,"3777034059225841","https://www.facebook.com/100007578522755/posts/3777034059225841","ZmVlZGJhY2s6Mzc3NzAzNDA1OTIyNTg0MV80MjgyNTc3NTk4MzA0MjE=","Y29tbWVudDozNzc3MDM0MDU5MjI1ODQxXzQyODI1Nzc1OTgzMDQyMQ==","https://www.facebook.com/100007578522755/posts/3777034059225841","0","200476579818147","false","User","pfbid02toupBmBd36A5zMvBQa4ZURop6UDXWgyHCiyKEh6rjiNLdhE4J17KRMJch1SBZzgKl","Gianti Yantii","Gianti","Y29tbWVudDozNzc3MDM0MDU5MjI1ODQxXzc3ODkwOTc1ODExOTIzMjA=","Waktunya Kita Gasken
Jagung Manis ROMANZA F1 Cap Bintang Asia Produksi dari PT Benih Citra Asia 
Buah Super Gede
Rasa Super Manis
Produksi Hasil Tinggi 
Lebih Panjang, Lebih Besar, Lebih Manis...
SEMUA ORANG @sorotan  Mhd Arpi 
.
.","100007578522755","Renzy Bintangasia","https://scontent.fagc3-2.fna.fbcdn.net/v/t39.30808-1/426012403_3605728109689771_2277782955804277447_n.jpg?stp=cp0_dst-jpg_s32x32&_nc_cat=104&ccb=1-7&_nc_sid=50d2ac&_nc_ohc=tTmdX3bXLYAQ7kNvgFlskR9&_nc_ht=scontent.fagc3-2.fna&_nc_gid=AgTHOhPBRbUhmxiHW7-j5Vd&oh=00_AYB8BbhM_juORx13XFpiK3e4DtznT5wyqMMZVsFHgs2iLg&oe=66FC1E44","https://www.facebook.com/renzi.prayuda","Y29tbWVudDozNzc3MDM0MDU5MjI1ODQxXzc3ODkwOTc1ODExOTIzMjA=","Gianti Yantii gass gass","1",
