﻿"channelAvatarUrl","channelBannerUrl","channelDescription","channelId","channelJoinedDate","channelLocation","channelName","channelTotalVideos","channelTotalViews","channelUrl","comments","commentsCount","date","descriptionLinks","duration","fromYTUrl","id","input","inputChannelUrl","isAgeRestricted","isChannelVerified","isMonetized","likes","note","numberOfSubscribers","order","subtitles","text","thumbnailUrl","title","type","url","viewCount"
,,,,,,,,,,,,,,,,,"https://www.youtube.com/@nrllhardianti1111/videos",,,,,,"The channel has no live videos.",,,,,,,,"https://www.youtube.com/@nrllhardianti1111/about",
"https://yt3.googleusercontent.com/dOVVW_3ULLcifZxZvyC25RszUx4gNNedcY66K-4Qk78RLX68o7j9KpRR1mDJjjEl2nf5_4eQiA=s160-c-k-c0x00ffffff-no-rj","https://yt3.googleusercontent.com/iB-9nhCN05P69bZt-O4NhGK9CYcQG08boKAfgB3dhH6dejPN4ecHSFyjTlXgtyoBxm-bPW2kSA=w2560-fcrop64=1,00005a57ffffa5a8-k-c0xffffffff-no-nd-rj",,"UCZpCM2RFMCrzWAtn0PGx1Iw","Jul 15, 2020",,"Nrll Hardianti Bintang Asia","20","5034","https://www.youtube.com/channel/UCZpCM2RFMCrzWAtn0PGx1Iw",,"8","2024-09-09T00:00:00.000Z",,,"https://www.youtube.com/@nrllhardianti1111/shorts","V6kP6P3NGdQ",,"https://www.youtube.com/@nrllhardianti1111/videos","false","false",,"4",,"48","3",,,"https://i.ytimg.com/vi/V6kP6P3NGdQ/oar2.jpg?sqp=-oaymwEdCJUDENAFSFWQAgHyq4qpAwwIARUAAIhCcAHAAQY=&rs=AOn4CLDKIqESD_PjzEp6uXYurMqwSYULrQ","CMB Megatop  Produksi PT.Benih Citra Asia","shorts","https://www.youtube.com/shorts/V6kP6P3NGdQ","63"
"https://yt3.googleusercontent.com/dOVVW_3ULLcifZxZvyC25RszUx4gNNedcY66K-4Qk78RLX68o7j9KpRR1mDJjjEl2nf5_4eQiA=s160-c-k-c0x00ffffff-no-rj","https://yt3.googleusercontent.com/iB-9nhCN05P69bZt-O4NhGK9CYcQG08boKAfgB3dhH6dejPN4ecHSFyjTlXgtyoBxm-bPW2kSA=w2560-fcrop64=1,00005a57ffffa5a8-k-c0xffffffff-no-nd-rj",,"UCZpCM2RFMCrzWAtn0PGx1Iw","Jul 15, 2020",,"Nrll Hardianti Bintang Asia","20","5034","https://www.youtube.com/channel/UCZpCM2RFMCrzWAtn0PGx1Iw",,"0","2024-09-06T00:00:00.000Z",,,"https://www.youtube.com/@nrllhardianti1111/shorts","OJM2vl6n1mY",,"https://www.youtube.com/@nrllhardianti1111/videos","false","false",,"4",,"48","7",,,"https://i.ytimg.com/vi/OJM2vl6n1mY/oar2.jpg?sqp=-oaymwEdCJUDENAFSFWQAgHyq4qpAwwIARUAAIhCcAHAAQY=&rs=AOn4CLDke2T7g0qJvYkJZsBvF9dwjN9a8A","Yuk Kenalam dengan Tomat Varietas Topan F1 Tipe Determinate🍅 Produksi PT Benih Citra Asia💚","shorts","https://www.youtube.com/shorts/OJM2vl6n1mY","474"
"https://yt3.googleusercontent.com/dOVVW_3ULLcifZxZvyC25RszUx4gNNedcY66K-4Qk78RLX68o7j9KpRR1mDJjjEl2nf5_4eQiA=s160-c-k-c0x00ffffff-no-rj","https://yt3.googleusercontent.com/iB-9nhCN05P69bZt-O4NhGK9CYcQG08boKAfgB3dhH6dejPN4ecHSFyjTlXgtyoBxm-bPW2kSA=w2560-fcrop64=1,00005a57ffffa5a8-k-c0xffffffff-no-nd-rj",,"UCZpCM2RFMCrzWAtn0PGx1Iw","Jul 15, 2020",,"Nrll Hardianti Bintang Asia","20","5034","https://www.youtube.com/channel/UCZpCM2RFMCrzWAtn0PGx1Iw",,"0","2024-09-18T00:00:00.000Z",,,"https://www.youtube.com/@nrllhardianti1111/shorts","_d4pZ0CXsLA",,"https://www.youtube.com/@nrllhardianti1111/videos","false","false",,"2",,"48","0",,,"https://i.ytimg.com/vi/_d4pZ0CXsLA/oar2.jpg?sqp=-oaymwEdCJUDENAFSFWQAgHyq4qpAwwIARUAAIhCcAHAAQY=&rs=AOn4CLBdTKklSS6UaAdSiP_QWGQ_E9VD8Q","Semangka Diva F1 Produksi PT.Benih Citra Asia","shorts","https://www.youtube.com/shorts/_d4pZ0CXsLA","34"
"https://yt3.googleusercontent.com/dOVVW_3ULLcifZxZvyC25RszUx4gNNedcY66K-4Qk78RLX68o7j9KpRR1mDJjjEl2nf5_4eQiA=s160-c-k-c0x00ffffff-no-rj","https://yt3.googleusercontent.com/iB-9nhCN05P69bZt-O4NhGK9CYcQG08boKAfgB3dhH6dejPN4ecHSFyjTlXgtyoBxm-bPW2kSA=w2560-fcrop64=1,00005a57ffffa5a8-k-c0xffffffff-no-nd-rj",,"UCZpCM2RFMCrzWAtn0PGx1Iw","Jul 15, 2020",,"Nrll Hardianti Bintang Asia","20","5034","https://www.youtube.com/channel/UCZpCM2RFMCrzWAtn0PGx1Iw",,"3","2024-09-07T00:00:00.000Z",,,"https://www.youtube.com/@nrllhardianti1111/shorts","g4NdOaGFx1w",,"https://www.youtube.com/@nrllhardianti1111/videos","false","false",,"15",,"48","5",,,"https://i.ytimg.com/vi/g4NdOaGFx1w/oar2.jpg?sqp=-oaymwEdCJUDENAFSFWQAgHyq4qpAwwIARUAAIhCcAHAAQY=&rs=AOn4CLAVHPzFbbbSGW6aRXota9SKY2YdAA","Peforma Tomat Natama Super F1 Produksi PT.Benih Citra Asia Di  Dataran Tinggi Kab. Gowa","shorts","https://www.youtube.com/shorts/g4NdOaGFx1w","470"
"https://yt3.googleusercontent.com/dOVVW_3ULLcifZxZvyC25RszUx4gNNedcY66K-4Qk78RLX68o7j9KpRR1mDJjjEl2nf5_4eQiA=s160-c-k-c0x00ffffff-no-rj","https://yt3.googleusercontent.com/iB-9nhCN05P69bZt-O4NhGK9CYcQG08boKAfgB3dhH6dejPN4ecHSFyjTlXgtyoBxm-bPW2kSA=w2560-fcrop64=1,00005a57ffffa5a8-k-c0xffffffff-no-nd-rj",,"UCZpCM2RFMCrzWAtn0PGx1Iw","Jul 15, 2020",,"Nrll Hardianti Bintang Asia","20","5034","https://www.youtube.com/channel/UCZpCM2RFMCrzWAtn0PGx1Iw",,"4","2024-09-11T00:00:00.000Z",,,"https://www.youtube.com/@nrllhardianti1111/shorts","5SHVVVvEzfk",,"https://www.youtube.com/@nrllhardianti1111/videos","false","false",,"5",,"48","1",,,"https://i.ytimg.com/vi/5SHVVVvEzfk/oar2.jpg?sqp=-oaymwEdCJUDENAFSFWQAgHyq4qpAwwIARUAAIhCcAHAAQY=&rs=AOn4CLCRcsC2SMn8ylnGeW3zlmILBVo8gA","Tomat Varietas Natavi F1 produksi PT. Benih Citra Asia menjadi rekomendasi petani dataran tinggi","shorts","https://www.youtube.com/shorts/5SHVVVvEzfk","454"
"https://yt3.googleusercontent.com/dOVVW_3ULLcifZxZvyC25RszUx4gNNedcY66K-4Qk78RLX68o7j9KpRR1mDJjjEl2nf5_4eQiA=s160-c-k-c0x00ffffff-no-rj","https://yt3.googleusercontent.com/iB-9nhCN05P69bZt-O4NhGK9CYcQG08boKAfgB3dhH6dejPN4ecHSFyjTlXgtyoBxm-bPW2kSA=w2560-fcrop64=1,00005a57ffffa5a8-k-c0xffffffff-no-nd-rj",,"UCZpCM2RFMCrzWAtn0PGx1Iw","Jul 15, 2020",,"Nrll Hardianti Bintang Asia","20","5034","https://www.youtube.com/channel/UCZpCM2RFMCrzWAtn0PGx1Iw",,"6","2024-09-09T00:00:00.000Z",,,"https://www.youtube.com/@nrllhardianti1111/shorts","yELxc30ZpOs",,"https://www.youtube.com/@nrllhardianti1111/videos","false","false",,"11",,"48","4",,,"https://i.ytimg.com/vi/yELxc30ZpOs/oar2.jpg?sqp=-oaymwEdCJUDENAFSFWQAgHyq4qpAwwIARUAAIhCcAHAAQY=&rs=AOn4CLD6WNMuwVIyOUmhJHTPwChYZ5wvLw","Bersama Petanni dari Desa bolaromang panen Buncis Tewe Produksi PT.Benih Citra Asia","shorts","https://www.youtube.com/shorts/yELxc30ZpOs","339"
"https://yt3.googleusercontent.com/dOVVW_3ULLcifZxZvyC25RszUx4gNNedcY66K-4Qk78RLX68o7j9KpRR1mDJjjEl2nf5_4eQiA=s160-c-k-c0x00ffffff-no-rj","https://yt3.googleusercontent.com/iB-9nhCN05P69bZt-O4NhGK9CYcQG08boKAfgB3dhH6dejPN4ecHSFyjTlXgtyoBxm-bPW2kSA=w2560-fcrop64=1,00005a57ffffa5a8-k-c0xffffffff-no-nd-rj",,"UCZpCM2RFMCrzWAtn0PGx1Iw","Jul 15, 2020",,"Nrll Hardianti Bintang Asia","20","5034","https://www.youtube.com/channel/UCZpCM2RFMCrzWAtn0PGx1Iw",,"2","2024-09-07T00:00:00.000Z",,,"https://www.youtube.com/@nrllhardianti1111/shorts","OqnoCdDSP5c",,"https://www.youtube.com/@nrllhardianti1111/videos","false","false",,"6",,"48","6",,,"https://i.ytimg.com/vi/OqnoCdDSP5c/oar2.jpg?sqp=-oaymwEdCJUDENAFSFWQAgHyq4qpAwwIARUAAIhCcAHAAQY=&rs=AOn4CLA3eorGErhI32n-2wnaOjyTq8hmCA","Tomat Natavi  F1","shorts","https://www.youtube.com/shorts/OqnoCdDSP5c","92"
"https://yt3.googleusercontent.com/dOVVW_3ULLcifZxZvyC25RszUx4gNNedcY66K-4Qk78RLX68o7j9KpRR1mDJjjEl2nf5_4eQiA=s160-c-k-c0x00ffffff-no-rj","https://yt3.googleusercontent.com/iB-9nhCN05P69bZt-O4NhGK9CYcQG08boKAfgB3dhH6dejPN4ecHSFyjTlXgtyoBxm-bPW2kSA=w2560-fcrop64=1,00005a57ffffa5a8-k-c0xffffffff-no-nd-rj",,"UCZpCM2RFMCrzWAtn0PGx1Iw","Jul 15, 2020",,"Nrll Hardianti Bintang Asia","20","5034","https://www.youtube.com/channel/UCZpCM2RFMCrzWAtn0PGx1Iw",,"2","2024-09-04T00:00:00.000Z",,,"https://www.youtube.com/@nrllhardianti1111/shorts","BGsNR1GBEyY",,"https://www.youtube.com/@nrllhardianti1111/videos","false","false",,"12",,"48","9",,,"https://i.ytimg.com/vi/BGsNR1GBEyY/oar2.jpg?sqp=-oaymwEdCJUDENAFSFWQAgHyq4qpAwwIARUAAIhCcAHAAQY=&rs=AOn4CLAu4h_q9vBrYIFSe6UUIH3XSHHsiw","Kubis Varietas  Compact 11 Produksi PT.Benih Citra Asia😊✅","shorts","https://www.youtube.com/shorts/BGsNR1GBEyY","604"
"https://yt3.googleusercontent.com/dOVVW_3ULLcifZxZvyC25RszUx4gNNedcY66K-4Qk78RLX68o7j9KpRR1mDJjjEl2nf5_4eQiA=s160-c-k-c0x00ffffff-no-rj","https://yt3.googleusercontent.com/iB-9nhCN05P69bZt-O4NhGK9CYcQG08boKAfgB3dhH6dejPN4ecHSFyjTlXgtyoBxm-bPW2kSA=w2560-fcrop64=1,00005a57ffffa5a8-k-c0xffffffff-no-nd-rj",,"UCZpCM2RFMCrzWAtn0PGx1Iw","Jul 15, 2020",,"Nrll Hardianti Bintang Asia","20","5034","https://www.youtube.com/channel/UCZpCM2RFMCrzWAtn0PGx1Iw",,"2","2024-09-04T00:00:00.000Z",,,"https://www.youtube.com/@nrllhardianti1111/shorts","XZIkJaMv1jc",,"https://www.youtube.com/@nrllhardianti1111/videos","false","false",,"5",,"48","8",,,"https://i.ytimg.com/vi/XZIkJaMv1jc/oar2.jpg?sqp=-oaymwEdCJUDENAFSFWQAgHyq4qpAwwIARUAAIhCcAHAAQY=&rs=AOn4CLC1Cqj9kd1IrxMrk6TJ5WzTvatpZA","Bintang Asia selalu hadir untuk menebar senyum bersama petani👏","shorts","https://www.youtube.com/shorts/XZIkJaMv1jc","543"
"https://yt3.googleusercontent.com/dOVVW_3ULLcifZxZvyC25RszUx4gNNedcY66K-4Qk78RLX68o7j9KpRR1mDJjjEl2nf5_4eQiA=s160-c-k-c0x00ffffff-no-rj","https://yt3.googleusercontent.com/iB-9nhCN05P69bZt-O4NhGK9CYcQG08boKAfgB3dhH6dejPN4ecHSFyjTlXgtyoBxm-bPW2kSA=w2560-fcrop64=1,00005a57ffffa5a8-k-c0xffffffff-no-nd-rj",,"UCZpCM2RFMCrzWAtn0PGx1Iw","Jul 15, 2020",,"Nrll Hardianti Bintang Asia","20","5034","https://www.youtube.com/channel/UCZpCM2RFMCrzWAtn0PGx1Iw",,"1","2024-09-11T00:00:00.000Z",,,"https://www.youtube.com/@nrllhardianti1111/shorts","ya7G7BzAUxk",,"https://www.youtube.com/@nrllhardianti1111/videos","false","false",,"8",,"48","2",,,"https://i.ytimg.com/vi/ya7G7BzAUxk/oar2.jpg?sqp=-oaymwEdCJUDENAFSFWQAgHyq4qpAwwIARUAAIhCcAHAAQY=&rs=AOn4CLC7M4zAbUheWwH2hKK1stlCvHzI5A","Mengenal Tomat Varietas Citra Asia F1 Produksi PT Benih Citra Asia..  #pertanian #buah","shorts","https://www.youtube.com/shorts/ya7G7BzAUxk","426"
"https://yt3.googleusercontent.com/dOVVW_3ULLcifZxZvyC25RszUx4gNNedcY66K-4Qk78RLX68o7j9KpRR1mDJjjEl2nf5_4eQiA=s160-c-k-c0x00ffffff-no-rj","https://yt3.googleusercontent.com/iB-9nhCN05P69bZt-O4NhGK9CYcQG08boKAfgB3dhH6dejPN4ecHSFyjTlXgtyoBxm-bPW2kSA=w2560-fcrop64=1,00005a57ffffa5a8-k-c0xffffffff-no-nd-rj",,"UCZpCM2RFMCrzWAtn0PGx1Iw","Jul 15, 2020",,"Nrll Hardianti Bintang Asia","20","5034","https://www.youtube.com/channel/UCZpCM2RFMCrzWAtn0PGx1Iw",,"0","2024-03-13T00:00:00.000Z",,,"https://www.youtube.com/@nrllhardianti1111/shorts","xTcubZ_Ml6w",,"https://www.youtube.com/@nrllhardianti1111/videos","false","false",,"1",,"48","13",,,"https://i.ytimg.com/vi/xTcubZ_Ml6w/oar2.jpg?sqp=-oaymwEdCJUDENAFSFWQAgHyq4qpAwwIARUAAIhCcAHAAQY=&rs=AOn4CLDBcB1c0r53WgYXudpUKRUr2Vlaqg","Bers","shorts","https://www.youtube.com/shorts/xTcubZ_Ml6w","48"
"https://yt3.googleusercontent.com/dOVVW_3ULLcifZxZvyC25RszUx4gNNedcY66K-4Qk78RLX68o7j9KpRR1mDJjjEl2nf5_4eQiA=s160-c-k-c0x00ffffff-no-rj","https://yt3.googleusercontent.com/iB-9nhCN05P69bZt-O4NhGK9CYcQG08boKAfgB3dhH6dejPN4ecHSFyjTlXgtyoBxm-bPW2kSA=w2560-fcrop64=1,00005a57ffffa5a8-k-c0xffffffff-no-nd-rj",,"UCZpCM2RFMCrzWAtn0PGx1Iw","Jul 15, 2020",,"Nrll Hardianti Bintang Asia","20","5034","https://www.youtube.com/channel/UCZpCM2RFMCrzWAtn0PGx1Iw",,"2","2024-09-03T00:00:00.000Z",,,"https://www.youtube.com/@nrllhardianti1111/shorts","-SGioMoIsZo",,"https://www.youtube.com/@nrllhardianti1111/videos","false","false",,"5",,"48","10",,,"https://i.ytimg.com/vi/-SGioMoIsZo/oardefault.jpg?sqp=-oaymwEdCJUDENAFSFWQAgHyq4qpAwwIARUAAIhCcAHAAQY=&rs=AOn4CLAsIgeNStqq30wfPp9UkKMpQoW2Lg","Tomat Vitalia F1 , Buncis Tewe di Kecamatan Tombolo Pao... Produksi PT.Benih Citra Asia","shorts","https://www.youtube.com/shorts/-SGioMoIsZo","252"
"https://yt3.googleusercontent.com/dOVVW_3ULLcifZxZvyC25RszUx4gNNedcY66K-4Qk78RLX68o7j9KpRR1mDJjjEl2nf5_4eQiA=s160-c-k-c0x00ffffff-no-rj","https://yt3.googleusercontent.com/iB-9nhCN05P69bZt-O4NhGK9CYcQG08boKAfgB3dhH6dejPN4ecHSFyjTlXgtyoBxm-bPW2kSA=w2560-fcrop64=1,00005a57ffffa5a8-k-c0xffffffff-no-nd-rj",,"UCZpCM2RFMCrzWAtn0PGx1Iw","Jul 15, 2020",,"Nrll Hardianti Bintang Asia","20","5034","https://www.youtube.com/channel/UCZpCM2RFMCrzWAtn0PGx1Iw",,"0","2024-09-02T00:00:00.000Z",,,"https://www.youtube.com/@nrllhardianti1111/shorts","r6aJ8KLspKc",,"https://www.youtube.com/@nrllhardianti1111/videos","false","false",,"3",,"48","11",,,"https://i.ytimg.com/vi/r6aJ8KLspKc/oar2.jpg?sqp=-oaymwEdCJUDENAFSFWQAgHyq4qpAwwIARUAAIhCcAHAAQY=&rs=AOn4CLB3oYuQ0p_a84m4l7Epd5DiQi7MQQ","Petani Kecamatan Tombolo Pao #Natama Super F1","shorts","https://www.youtube.com/shorts/r6aJ8KLspKc","510"
"https://yt3.googleusercontent.com/dOVVW_3ULLcifZxZvyC25RszUx4gNNedcY66K-4Qk78RLX68o7j9KpRR1mDJjjEl2nf5_4eQiA=s160-c-k-c0x00ffffff-no-rj","https://yt3.googleusercontent.com/iB-9nhCN05P69bZt-O4NhGK9CYcQG08boKAfgB3dhH6dejPN4ecHSFyjTlXgtyoBxm-bPW2kSA=w2560-fcrop64=1,00005a57ffffa5a8-k-c0xffffffff-no-nd-rj",,"UCZpCM2RFMCrzWAtn0PGx1Iw","Jul 15, 2020",,"Nrll Hardianti Bintang Asia","20","5034","https://www.youtube.com/channel/UCZpCM2RFMCrzWAtn0PGx1Iw",,"0","2021-08-03T00:00:00.000Z",,,"https://www.youtube.com/@nrllhardianti1111/shorts","dCHZkfSgEsc",,"https://www.youtube.com/@nrllhardianti1111/videos","false","false",,"0",,"48","14",,,"https://i.ytimg.com/vi/dCHZkfSgEsc/hq720_2.jpg?sqp=-oaymwEdCJUDENAFSFXyq4qpAw8IARUAAIhCcAHAAQbQAQE=&rs=AOn4CLBWqxdr1gRl7ODoPV7mx2KuC4TfUA","4 Agustus 2021","shorts","https://www.youtube.com/shorts/dCHZkfSgEsc","11"
"https://yt3.googleusercontent.com/dOVVW_3ULLcifZxZvyC25RszUx4gNNedcY66K-4Qk78RLX68o7j9KpRR1mDJjjEl2nf5_4eQiA=s160-c-k-c0x00ffffff-no-rj","https://yt3.googleusercontent.com/iB-9nhCN05P69bZt-O4NhGK9CYcQG08boKAfgB3dhH6dejPN4ecHSFyjTlXgtyoBxm-bPW2kSA=w2560-fcrop64=1,00005a57ffffa5a8-k-c0xffffffff-no-nd-rj",,"UCZpCM2RFMCrzWAtn0PGx1Iw","Jul 15, 2020",,"Nrll Hardianti Bintang Asia","20","5034","https://www.youtube.com/channel/UCZpCM2RFMCrzWAtn0PGx1Iw",,"0","2024-03-13T00:00:00.000Z",,,"https://www.youtube.com/@nrllhardianti1111/shorts","ToC7j6qRY9I",,"https://www.youtube.com/@nrllhardianti1111/videos","false","false",,"8",,"48","12",,,"https://i.ytimg.com/vi/ToC7j6qRY9I/oar2.jpg?sqp=-oaymwEdCJUDENAFSFWQAgHyq4qpAwwIARUAAIhCcAHAAQY=&rs=AOn4CLB8GYfkoBDDFw9FuO9peoxFY7_knw","Tomat Hibrida Natavi F Produksi dari PT.Benih Citra Asia....","shorts","https://www.youtube.com/shorts/ToC7j6qRY9I","546"
