﻿"attachments/0/style_list/0","attachments/0/style_list/1","commentUrl","commentsCount","date","facebookId","facebookUrl","feedbackId","id","inputUrl","likesCount","pageAdLibrary/id","pageAdLibrary/is_business_page_active","pageAdLibrary/woodhenge_creator_info","postTitle","profileId","profileName","profilePicture","profileUrl","replyToCommentId","text","threadingDepth"
"sticker","fallback","https://www.facebook.com/100013364191442/posts/2009707209484733?comment_id=1072181594277482",,"2024-09-18T21:56:42.000Z","2009707209484733","https://www.facebook.com/100013364191442/posts/2009707209484733","ZmVlZGJhY2s6MjAwOTcwNzIwOTQ4NDczM18xMDcyMTgxNTk0Mjc3NDgy","Y29tbWVudDoyMDA5NzA3MjA5NDg0NzMzXzEwNzIxODE1OTQyNzc0ODI=","https://www.facebook.com/100013364191442/posts/2009707209484733","0","194051327133277","false",,"Waterfall Air Terjun Bantimurung Gallang","pfbid02YDauV31Hzdq3HNeRM99soBn2PFwNf1FamEvAdZPREA7XZGh6M2ZdnCoLKji9fJDYl","Nurlaelah Hasbullah","https://scontent.fftk1-1.fna.fbcdn.net/v/t39.30808-1/452283875_3088355481304305_3591136087111383032_n.jpg?stp=cp0_dst-jpg_s32x32&_nc_cat=105&ccb=1-7&_nc_sid=0ecb9b&_nc_ohc=LjSSqiY5ZvAQ7kNvgEYSDBo&_nc_ht=scontent.fftk1-1.fna&_nc_gid=A_2HEnASoTDGBXFDbJ08UoH&oh=00_AYCD7yCXhT6HG-3VhUTiTHBDOb8AyeOZQEpSLEQ21nfLJg&oe=66F189D4","https://www.facebook.com/nurlaelah.hasbullah",,"Rienga annyorong battu ri boko bela 😩😩😩",
,,"https://www.facebook.com/100013364191442/posts/2009707209484733?comment_id=536918685368748","1","2024-09-18T02:07:54.000Z","2009707209484733","https://www.facebook.com/100013364191442/posts/2009707209484733","ZmVlZGJhY2s6MjAwOTcwNzIwOTQ4NDczM181MzY5MTg2ODUzNjg3NDg=","Y29tbWVudDoyMDA5NzA3MjA5NDg0NzMzXzUzNjkxODY4NTM2ODc0OA==","https://www.facebook.com/100013364191442/posts/2009707209484733","0","194051327133277","false",,"Waterfall Air Terjun Bantimurung Gallang","100007578522755","Renzy Bintangasia","https://scontent.fftk1-1.fna.fbcdn.net/v/t39.30808-1/426012403_3605728109689771_2277782955804277447_n.jpg?stp=cp0_dst-jpg_s32x32&_nc_cat=104&ccb=1-7&_nc_sid=50d2ac&_nc_ohc=V70ESvgEanEQ7kNvgGQB1s4&_nc_ht=scontent.fftk1-1.fna&_nc_gid=A_2HEnASoTDGBXFDbJ08UoH&oh=00_AYAAk9dfilJ33eETM21o6ZbwNtk2cwGeM0BGduF7dIZJcA&oe=66F19244","https://www.facebook.com/renzi.prayuda",,"Ikut dong",
,,"https://www.facebook.com/100013364191442/posts/2009707209484733?comment_id=3846577558995603",,"2024-09-18T03:09:54.000Z","2009707209484733","https://www.facebook.com/100013364191442/posts/2009707209484733","ZmVlZGJhY2s6MjAwOTcwNzIwOTQ4NDczM18zODQ2NTc3NTU4OTk1NjAz","Y29tbWVudDoyMDA5NzA3MjA5NDg0NzMzXzM4NDY1Nzc1NTg5OTU2MDM=","https://www.facebook.com/100013364191442/posts/2009707209484733","0","194051327133277","false",,"Waterfall Air Terjun Bantimurung Gallang","100013364191442","Nrll Bintang Asia","https://scontent.fdac5-2.fna.fbcdn.net/v/t39.30808-1/458447769_1998595423929245_3345542859681615678_n.jpg?stp=c0.153.922.922a_cp0_dst-jpg_s32x32&_nc_cat=107&ccb=1-7&_nc_sid=50d2ac&_nc_ohc=1xlf0g3Cfl8Q7kNvgHQMh7m&_nc_ht=scontent.fdac5-2.fna&oh=00_AYBEpHRujXWbYv9IJTCS2kom_rzLQPVSM86mBSyZ5BLZ0w&oe=66F1ACC5","https://www.facebook.com/nurul.hardianti.9237","Y29tbWVudDoyMDA5NzA3MjA5NDg0NzMzXzUzNjkxODY4NTM2ODc0OA==","Renzy Bintangasia Sini2.. 😄","1"
,,"https://www.facebook.com/100013364191442/posts/2010180606104060?comment_id=897328382285146",,"2024-09-19T02:22:58.000Z","2010180606104060","https://www.facebook.com/100013364191442/posts/2010180606104060","ZmVlZGJhY2s6MjAxMDE4MDYwNjEwNDA2MF84OTczMjgzODIyODUxNDY=","Y29tbWVudDoyMDEwMTgwNjA2MTA0MDYwXzg5NzMyODM4MjI4NTE0Ng==","https://www.facebook.com/100013364191442/posts/2010180606104060","0","194051327133277",,,"Semangka Diva F1 produksi PT Benih Citra Asia 

Semangka hibrida berbiji.
Bentuk buah : lonjong.
Warna kulit : hijau berlurik.
Warna daging : merah.
Berat buah : ± 8 kg/buah.
Umur panen : ± 57hst....","pfbid0SQZfcpnxUfeh6ox3gZaPw5kjBNr5jiYH3SfgXvxpXrKYozPJmXNBrf3qo2xwCnHZl","Opeq Bintang Asia","https://scontent.fbts3-1.fna.fbcdn.net/v/t39.30808-1/440808755_122106493232287865_6230265854575499414_n.jpg?stp=cp0_dst-jpg_s32x32&_nc_cat=108&ccb=1-7&_nc_sid=0ecb9b&_nc_ohc=52CUeS5JvLcQ7kNvgHyDFaF&_nc_ht=scontent.fbts3-1.fna&_nc_gid=AsZf-OMWaoJ8HXbZkIs8JF0&oh=00_AYC-XX4rx1JdVbOiXqdVu2usrxM4_NfpihWFqt2sHO22Zg&oe=66F19F2E","https://www.facebook.com/people/Opeq-Bintang-Asia/pfbid0SQZfcpnxUfeh6ox3gZaPw5kjBNr5jiYH3SfgXvxpXrKYozPJmXNBrf3qo2xwCnHZl/",,"Buahnya besar besar
saya suka 😍😍",
"sticker","fallback","https://www.facebook.com/100013364191442/posts/2010180606104060?comment_id=1057207056066080",,"2024-09-18T13:11:21.000Z","2010180606104060","https://www.facebook.com/100013364191442/posts/2010180606104060","ZmVlZGJhY2s6MjAxMDE4MDYwNjEwNDA2MF8xMDU3MjA3MDU2MDY2MDgw","Y29tbWVudDoyMDEwMTgwNjA2MTA0MDYwXzEwNTcyMDcwNTYwNjYwODA=","https://www.facebook.com/100013364191442/posts/2010180606104060","0","194051327133277",,,"Semangka Diva F1 produksi PT Benih Citra Asia 

Semangka hibrida berbiji.
Bentuk buah : lonjong.
Warna kulit : hijau berlurik.
Warna daging : merah.
Berat buah : ± 8 kg/buah.
Umur panen : ± 57hst....","100004825651478","NiZar Bintang Asia","https://scontent.fbts3-1.fna.fbcdn.net/v/t39.30808-1/438276089_2611594555678041_6997404202785061953_n.jpg?stp=cp0_dst-jpg_p32x32&_nc_cat=111&ccb=1-7&_nc_sid=50d2ac&_nc_ohc=E8qZY6Szqi8Q7kNvgG7_Q19&_nc_ht=scontent.fbts3-1.fna&_nc_gid=AsZf-OMWaoJ8HXbZkIs8JF0&oh=00_AYAIRnzfnvi_7mEtoTibkk5CrtPgc99VGDHr8x-Z80k5tA&oe=66F18C6E","https://www.facebook.com/nizar.setia.3",,,
