﻿"author","authorIsChannelOwner","channelId","channelName","channelUrl","cid","comment","comments","commentsCount","commentsTurnedOff","date","descriptionLinks","descriptionLinks/0/text","descriptionLinks/0/url","descriptionLinks/1/text","descriptionLinks/1/url","descriptionLinks/2/text","descriptionLinks/2/url","descriptionLinks/3/text","descriptionLinks/3/url","descriptionLinks/4/text","descriptionLinks/4/url","descriptionLinks/5/text","descriptionLinks/5/url","descriptionLinks/6/text","descriptionLinks/6/url","duration","hasCreatorHeart","hashtags/0","hashtags/1","hashtags/2","id","isMonetized","likes","location","numberOfSubscribers","pageUrl","publishedTimeText","replyCount","replyToCid","subtitles","text","thumbnailUrl","title","type","url","videoId","viewCount","voteCount"
,,"UCjQX6r71oYHPaxvHZ1clQZg","Petani Desa Mandiri","https://www.youtube.com/@PetaniDesaMandiri",,,,"12",,"2024-09-26T00:00:00.000Z",,,,,,,,,,,,,,,,,,,,,"nMCwzXs50N8",,"120",,,,,,,,,,"Ternyata jujur itu sulit bagi sebagian orang #kutipanmotivasi #kutipaninspirasi #quotes #katabijak","shorts","https://www.youtube.com/shorts/nMCwzXs50N8",,"10274",
,,"UCjQX6r71oYHPaxvHZ1clQZg","Petani Desa Mandiri","https://www.youtube.com/@PetaniDesaMandiri",,,,"2",,"2024-09-25T10:02:58.000Z",,,,,,,,,,,,,,,,,,,,,"5oa_jH8GLdY",,"8",,,,,,,,,,"25 September 2024","shorts","https://www.youtube.com/shorts/5oa_jH8GLdY",,"984",
,,"UCjQX6r71oYHPaxvHZ1clQZg","Petani Desa Mandiri","https://www.youtube.com/@PetaniDesaMandiri",,,,"0",,"2024-09-25T14:00:07.000Z",,,,,,,,,,,,,,,,,,,,,"AbnjOOx_20Y",,"6",,,,,,,,,,"Gini kok dibilang Santai😁 #lucu #sawah","shorts","https://www.youtube.com/shorts/AbnjOOx_20Y",,"1461",
,,"UCjQX6r71oYHPaxvHZ1clQZg","Petani Desa Mandiri","https://www.youtube.com/@PetaniDesaMandiri",,,,"0",,"2024-09-21T17:07:47.000Z",,,,,,,,,,,,,,,,,,,,,"JCr_OpRtIP4",,"5",,,,,,,,,,"22 September 2024","shorts","https://www.youtube.com/shorts/JCr_OpRtIP4",,"741",
,,"UCjQX6r71oYHPaxvHZ1clQZg","Petani Desa Mandiri","https://www.youtube.com/@PetaniDesaMandiri",,,,"0",,"2024-09-30T01:17:05.000Z",,,,,,,,,,,,,,,,,,,,,"7rso8Kz0U4o",,"21",,,,,,,,,,"Yang miskin tetap miskin #kehidupan #motivasi #petanidesamandiri #petanipadi","shorts","https://www.youtube.com/shorts/7rso8Kz0U4o",,"2937",
,,"UCjQX6r71oYHPaxvHZ1clQZg","Petani Desa Mandiri","https://www.youtube.com/@PetaniDesaMandiri",,,,"0",,"2024-09-26T07:19:54.000Z",,,,,,,,,,,,,,,,,,,,,"FrmkRpYQvZ4",,"7",,,,,,,,,,"Tanda jagung siap Panen #sawah #perawatanjagung #jagungperkasa #pertanian","shorts","https://www.youtube.com/shorts/FrmkRpYQvZ4",,"913",
,,"UCjQX6r71oYHPaxvHZ1clQZg","Petani Desa Mandiri","https://www.youtube.com/@PetaniDesaMandiri",,,,"36",,"2024-09-27T05:19:07.000Z",,,,,,,,,,,,,,,,,,,,,"YvDpcEm5zsU",,"313",,,,,,,,,,"Darurat generasi petani #quotes #motivasi #motivation #sawah #storywa","shorts","https://www.youtube.com/shorts/YvDpcEm5zsU",,"15900",
,,"UCjQX6r71oYHPaxvHZ1clQZg","Petani Desa Mandiri","https://www.youtube.com/@PetaniDesaMandiri",,,,"3",,"2024-09-21T10:05:39.000Z",,,,,,,,,,,,,,,,,,,,,"qDtKeG77mVs",,"3",,,,,,,,,,"21 September 2024","shorts","https://www.youtube.com/shorts/qDtKeG77mVs",,"459",
,,"UCjQX6r71oYHPaxvHZ1clQZg","Petani Desa Mandiri","https://www.youtube.com/@PetaniDesaMandiri",,,,"0",,"2024-09-21T04:26:32.000Z",,,,,,,,,,,,,,,,,,,,,"9biWdHfQ-iw",,"5",,,,,,,,,,"Jagung Nk Perkasa #pertanian #ulatjagung #farming #agriculture #banggajadipetani","shorts","https://www.youtube.com/shorts/9biWdHfQ-iw",,"1583",
,,"UCjQX6r71oYHPaxvHZ1clQZg","Petani Desa Mandiri","https://www.youtube.com/@PetaniDesaMandiri",,,,"0",,"2024-09-30T00:00:00.000Z",,,,,,,,,,,,,,,,,,,,,"PEdSn3vmzhs",,"11",,,,,,,,,,"Jangan rubah dirimu #katamotivasibelajar #katakatamotivasibelajar #inspirasi #perawatanjagung","shorts","https://www.youtube.com/shorts/PEdSn3vmzhs",,"465",
,,"UCjQX6r71oYHPaxvHZ1clQZg","Petani Desa Mandiri","https://www.youtube.com/@PetaniDesaMandiri",,,,"0",,"2024-09-30T06:29:11.000Z",,,,,,,,,,,,,,,,,,,,,"aFfff4mcS1g",,"8",,,,,,,,,,"saatnya melangitkan doa #motivasi #perawatanjagung #jagungperkasa #petanipadi","shorts","https://www.youtube.com/shorts/aFfff4mcS1g",,"483",
,,"UCjQX6r71oYHPaxvHZ1clQZg","Petani Desa Mandiri","https://www.youtube.com/@PetaniDesaMandiri",,,,"1",,"2024-09-16T00:00:00.000Z",,,,,,,,,,,,,,,,,,,,,"q_y1yaGq7KM",,"8",,,,,,,,"Cara Menanam Jagung
Budidaya Jagung untuk Pemula
Panen Jagung Cepat dan Mudah
Teknik Bertani Jagung yang Menguntungkan
Petani Jagung Sukses
Cara Meningkatkan Hasil Panen Jagung
Jenis Jagung yang Cocok untuk Ditanam
Tips Bertani Jagung
Jagung Hibrida vs Jagung Lokal
Proses Menanam hingga Panen Jagung

#BudidayaJagung
#TanamanJagung
#CaraMenanamJagung
#JagungSehat
#PetaniJagung
#PanenJagung
#JagungIndonesia
#PertanianJagung
#JagungOrganik
#TipsMenanamJagung",,"Usia 72 hst","shorts","https://www.youtube.com/shorts/q_y1yaGq7KM",,"3705",
,,"UCjQX6r71oYHPaxvHZ1clQZg","Petani Desa Mandiri","https://www.youtube.com/@PetaniDesaMandiri",,,,"0",,"2024-09-14T04:56:04.000Z",,,,,,,,,,,,,,,,,,,,,"aDQMO0DDL5g",,"36",,,,,,,,,,"14 September 2024","shorts","https://www.youtube.com/shorts/aDQMO0DDL5g",,"9537",
,,"UCjQX6r71oYHPaxvHZ1clQZg","Petani Desa Mandiri","https://www.youtube.com/@PetaniDesaMandiri",,,,"0",,"2024-09-30T22:00:27.000Z",,,,,,,,,,,,,,,,,,,,,"gEUranmS2jU",,"6",,,,,,,,,,"#kutipanmotivasi #memes #kutipaninspirasi #unik","shorts","https://www.youtube.com/shorts/gEUranmS2jU",,"621",
,,"UCjQX6r71oYHPaxvHZ1clQZg","Petani Desa Mandiri","https://www.youtube.com/@PetaniDesaMandiri",,,,"0",,"2024-09-17T16:26:27.000Z",,,,,,,,,,,,,,,,,,,,,"AbuxrzUv5iY",,"4",,,,,,,,,,"Ini dia Jagung NK PERKASA USIA 72 HST #budidayajagung #pertanian #banggajadipetani","shorts","https://www.youtube.com/shorts/AbuxrzUv5iY",,"536",
,,"UCjQX6r71oYHPaxvHZ1clQZg","Petani Desa Mandiri","https://www.youtube.com/@PetaniDesaMandiri",,,,"0",,"2024-09-30T19:00:06.000Z",,,,,,,,,,,,,,,,,,,,,"BA4GSKmJMog",,"4",,,,,,,,,,"Jangan berada ditempat yang kamu tidak diinginkan #motivasi #katabijak #katakatabijak #quates","shorts","https://www.youtube.com/shorts/BA4GSKmJMog",,"483",
,,"UCjQX6r71oYHPaxvHZ1clQZg","Petani Desa Mandiri","https://www.youtube.com/@PetaniDesaMandiri",,,,"2",,"2024-09-19T05:26:33.000Z",,,,,,,,,,,,,,,,,,,,,"tMx-_aFdhEY",,"25",,,,,,,,,,"Jagung Nk Perkasa #caramenanamjagung #ulatjagung #pertanian","shorts","https://www.youtube.com/shorts/tMx-_aFdhEY",,"5624",
,,"UCjQX6r71oYHPaxvHZ1clQZg","Petani Desa Mandiri","https://www.youtube.com/@PetaniDesaMandiri",,,,"0",,"2024-09-30T00:00:00.000Z",,,,,,,,,,,,,,,,,,,,,"Yj5mI_w4478",,"7",,,,,,,,,,"Bacalah dirimu sendiri #motivasihidup #inspirasi #unik #katakatamotivasibelajar","shorts","https://www.youtube.com/shorts/Yj5mI_w4478",,"808",
,,"UCjQX6r71oYHPaxvHZ1clQZg","Petani Desa Mandiri","https://www.youtube.com/@PetaniDesaMandiri",,,,"0",,"2024-09-19T08:51:01.000Z",,,,,,,,,,,,,,,,,,,,,"qlXtTt5Ecq4",,"1",,,,,,,,,,"19 September 2024","shorts","https://www.youtube.com/shorts/qlXtTt5Ecq4",,"198",
,,"UCjQX6r71oYHPaxvHZ1clQZg","Petani Desa Mandiri","https://www.youtube.com/@PetaniDesaMandiri",,,,"0",,"2024-10-01T23:47:56.000Z",,,,,,,,,,,,,,,,,,,,,"8zFH8c7Oa-Y",,"11",,,,,,,,,,"Yakinlah Kepada Alloh #motivation #katamotivasiislam #katakatamotivasiislam #katakatabijakislam","shorts","https://www.youtube.com/shorts/8zFH8c7Oa-Y",,"556",
,,"UCjQX6r71oYHPaxvHZ1clQZg","Petani Desa Mandiri","https://www.youtube.com/@PetaniDesaMandiri",,,,"0",,"2024-10-02T05:50:38.000Z",,,,,,,,,,,,,,,,,,,,,"pgaM3nn8L44",,"6",,,,,,,,,,"Kayu Mangga Keras juga #mesinkayu #mesinpopuler #mesingergajikayu","shorts","https://www.youtube.com/shorts/pgaM3nn8L44",,"769",
,,"UCjQX6r71oYHPaxvHZ1clQZg","Petani Desa Mandiri","https://www.youtube.com/@PetaniDesaMandiri",,,,"0",,"2024-10-01T00:00:00.000Z",,,,,,,,,,,,,,,,,,,,,"rEsW-rozo-A",,"7",,,,,,,,,,"Gerjaji Mesin Agak Maksa #alatperkebunan #alatberat #sandsatisfying","shorts","https://www.youtube.com/shorts/rEsW-rozo-A",,"876",
,,"UCjQX6r71oYHPaxvHZ1clQZg","Petani Desa Mandiri","https://www.youtube.com/@PetaniDesaMandiri",,,,"0","false","2024-10-08T12:16:55.000Z",,"#TanamJagung","https://www.youtube.com/hashtag/tanamjagung","#Pertanian","https://www.youtube.com/hashtag/pertanian","#BercocokTanam","https://www.youtube.com/hashtag/bercocoktanam","#LiveStreaming","https://www.youtube.com/hashtag/livestreaming","#PanenJagung","https://www.youtube.com/hashtag/panenjagung","   / @petanidesamandiri  ","https://www.youtube.com/channel/UCjQX6r71oYHPaxvHZ1clQZg","  / petanidesamandiri771  ","https://www.facebook.com/PetaniDesaMandiri771","04:54:52",,"#TanamJagung","#Pertanian","#BercocokTanam","wVBgYAUHtDo",,"4",,"1770",,,,,,"Selamat datang di Channel Petani Desa Mandiri 
🌱 Selamat datang di channel kami! Dalam video live ini, kita akan mengikuti proses tanam jagung dari awal hingga panen. Saksikan langkah demi langkah mulai dari pemilihan bibit, persiapan lahan, teknik penanaman, perawatan tanaman, hingga panen yang memuaskan!

🍃 Apa yang akan Anda pelajari:

Cara memilih bibit jagung yang berkualitas
Persiapan lahan yang tepat untuk pertumbuhan optimal
Teknik penanaman yang efisien
Perawatan tanaman selama masa pertumbuhan
Tips dan trik untuk mendapatkan hasil panen yang melimpah
🌽 Bergabunglah dengan kami dan dapatkan pengetahuan serta pengalaman langsung dalam bercocok tanam. Jangan ragu untuk bertanya dan berbagi pengalaman Anda di kolom komentar!

🔔 Jangan lupa untuk subscribe dan aktifkan notifikasi agar tidak ketinggalan video menarik lainnya seputar pertanian!

#TanamJagung #Pertanian #BercocokTanam #LiveStreaming #PanenJagung

Di sini, kami membawa Anda ke dalam dunia yang subur dan penuh warna dari pertanian. Setiap video kami dirancang untuk memberikan wawasan mendalam tentang teknik bercocok tanam terkini, tips praktis, dan solusi inovatif untuk meningkatkan hasil panen Anda.

Dari tanaman sayuran hingga buah-buahan, kami menjelajahi berbagai aspek budidaya tanaman, memberikan panduan yang mudah dipahami bahkan untuk pemula sekalipun. Temukan strategi terbaik dalam pengendalian hama, pemilihan varietas tanaman yang unggul, hingga praktik pertanian organik untuk mencapai hasil yang berkelanjutan.

Subscribe : 
   / @petanidesamandiri  

Facebook:
  / petanidesamandiri771  ","https://i.ytimg.com/vi/wVBgYAUHtDo/hqdefault.jpg","LIVE TANAM JAGUNG MULAI AWAL SAMPAI PANEN","stream","https://www.youtube.com/watch?v=wVBgYAUHtDo",,"132",
,,"UCjQX6r71oYHPaxvHZ1clQZg","Petani Desa Mandiri","https://www.youtube.com/@PetaniDesaMandiri",,,,"2",,"2024-10-02T11:24:49.000Z",,,,,,,,,,,,,,,,,,,,,"2YqRWU4O8pY",,"19",,,,,,,,,,"Air tak selamanya keruh #motivasi #motivation #storywa #katakatabijak #motivasidiri","shorts","https://www.youtube.com/shorts/2YqRWU4O8pY",,"1063",
,,"UCjQX6r71oYHPaxvHZ1clQZg","Petani Desa Mandiri","https://www.youtube.com/@PetaniDesaMandiri",,,,"0",,"2024-10-01T05:57:27.000Z",,,,,,,,,,,,,,,,,,,,,"aj-ztTALNq8",,"27",,,,,,,,,,"Jangan Membenci Pemberian Alloh #katakatabijak #katabijak #motivation #shortviral #quotesislami","shorts","https://www.youtube.com/shorts/aj-ztTALNq8",,"2118",
,,"UCjQX6r71oYHPaxvHZ1clQZg","Petani Desa Mandiri","https://www.youtube.com/@PetaniDesaMandiri",,,,"1",,"2024-10-03T00:01:12.000Z",,,,,,,,,,,,,,,,,,,,,"JI2lDOgHkmM",,"8",,,,,,,,,,"Pentingnya Makan #katamotivasiislam #motivasi #katakatamotivasiislam","shorts","https://www.youtube.com/shorts/JI2lDOgHkmM",,"527",
,,"UCjQX6r71oYHPaxvHZ1clQZg","Petani Desa Mandiri","https://www.youtube.com/@PetaniDesaMandiri",,,,"0",,"2024-10-01T00:00:00.000Z",,,,,,,,,,,,,,,,,,,,,"4q3-jf1eS10",,"0",,,,,,,,,,"Fokus ke gergajinya #gergajiserkelpiringan #gergaji_mesin_indonesia #gergaji_serkel_jalan","shorts","https://www.youtube.com/shorts/4q3-jf1eS10",,"456",
,,"UCjQX6r71oYHPaxvHZ1clQZg","Petani Desa Mandiri","https://www.youtube.com/@PetaniDesaMandiri",,,,"2",,"2024-10-02T09:12:54.000Z",,,,,,,,,,,,,,,,,,,,,"qnvHSPSg1pQ",,"29",,,,,,,,,,"Perbanyak Istighfar #quotes #katabijak #motivasihidup #inspirasi #petanimuda","shorts","https://www.youtube.com/shorts/qnvHSPSg1pQ",,"1129",
,,"UCjQX6r71oYHPaxvHZ1clQZg","Petani Desa Mandiri","https://www.youtube.com/@PetaniDesaMandiri",,,,"0",,"2024-10-03T00:14:41.000Z",,,,,,,,,,,,,,,,,,,,,"gd8kGavIf3M",,"8",,,,,,,,,,"Jaga Aklhaq dan Moralmu #petanimuda #quoetepetani #motivasi #motivation","shorts","https://www.youtube.com/shorts/gd8kGavIf3M",,"657",
"@agungwicaksono1840","false",,,,"Ugz-P8lNMfgsbFjIOXR4AaABAg","pak , lep/penggairan jagung palng tepat berpaa hri
 sekali..??
dan setelah di pupuk kocor plng tidak berap hari jeda untuk di air i..??",,"4",,,,,,,,,,,,,,,,,,,"false",,,,,,,,,"https://www.youtube.com/watch?v=5Gh-vUltFT0","3 days ago (edited)","1",,,,,"🔴 Panduan Lengkap: Mengidentifikasi dan Mengobati Penyakit Bule pada Jagung ‼️","comment",,"5Gh-vUltFT0",,"0"
"@brasskicau4240","false",,,,"Ugz0AF3ss4Pz6Yfo_ch4AaABAg","Pundi panenane tahun iki",,"4",,,,,,,,,,,,,,,,,,,"false",,,,,,,,,"https://www.youtube.com/watch?v=5Gh-vUltFT0","3 days ago","1",,,,,"🔴 Panduan Lengkap: Mengidentifikasi dan Mengobati Penyakit Bule pada Jagung ‼️","comment",,"5Gh-vUltFT0",,"0"
"@PetaniDesaMandiri","true",,,,"Ugz-P8lNMfgsbFjIOXR4AaABAg.A9D8uBfzWgpA9DFsG60Hxg","Setelah di kocor sehari setelahnya di Airi.
Selanjutnya seminggu sekali",,"4",,,,,,,,,,,,,,,,,,,"false",,,,,,,,,"https://www.youtube.com/watch?v=5Gh-vUltFT0","3 days ago","0","Ugz-P8lNMfgsbFjIOXR4AaABAg",,,,"🔴 Panduan Lengkap: Mengidentifikasi dan Mengobati Penyakit Bule pada Jagung ‼️","reply",,"5Gh-vUltFT0",,"0"
"@PetaniDesaMandiri","true",,,,"Ugz0AF3ss4Pz6Yfo_ch4AaABAg.A9CuLuhLA6BA9CxfH368rb","tebasne pak",,"4",,,,,,,,,,,,,,,,,,,"false",,,,,,,,,"https://www.youtube.com/watch?v=5Gh-vUltFT0","3 days ago","0","Ugz0AF3ss4Pz6Yfo_ch4AaABAg",,,,"🔴 Panduan Lengkap: Mengidentifikasi dan Mengobati Penyakit Bule pada Jagung ‼️","reply",,"5Gh-vUltFT0",,"0"
"@AaGun-im2dr","false",,,,"Ugyd2vA42tZCKirtL2h4AaABAg","apakah paklobut bisa mix silika untuk tanaman padi",,"10",,,,,,,,,,,,,,,,,,,"true",,,,,,,,,"https://www.youtube.com/watch?v=HAj9Y3QGEdE","1 day ago (edited)","2",,,,,"Paklobutrazol: Solusi untuk Tanaman Kompak dan Produktif""","comment",,"HAj9Y3QGEdE",,"0"
"@thesubagio81","false",,,,"Ugzk0e2R75uhagjZ_z94AaABAg","Merk dagang opo lur?",,"10",,,,,,,,,,,,,,,,,,,"false",,,,,,,,,"https://www.youtube.com/watch?v=HAj9Y3QGEdE","12 days ago","1",,,,,"Paklobutrazol: Solusi untuk Tanaman Kompak dan Produktif""","comment",,"HAj9Y3QGEdE",,"0"
"@thesubagio81","false",,,,"UgzQGnIhEJFCNkWu3cl4AaABAg","Ssiiap...besok tanam berikutnya kita aplikasikan",,"10",,,,,,,,,,,,,,,,,,,"false",,,,,,,,,"https://www.youtube.com/watch?v=HAj9Y3QGEdE","12 days ago","1",,,,,"Paklobutrazol: Solusi untuk Tanaman Kompak dan Produktif""","comment",,"HAj9Y3QGEdE",,"0"
"@AlanSmart-h4n","false",,,,"UgxQ27EmDzmDvgX8aNd4AaABAg","😂😂😂😂",,"10",,,,,,,,,,,,,,,,,,,"false",,,,,,,,,"https://www.youtube.com/watch?v=HAj9Y3QGEdE","12 days ago","1",,,,,"Paklobutrazol: Solusi untuk Tanaman Kompak dan Produktif""","comment",,"HAj9Y3QGEdE",,"0"
"@AlanSmart-h4n","false",,,,"Ugyv7QPrX7ixAjZtuFV4AaABAg","😂😂😂😂",,"10",,,,,,,,,,,,,,,,,,,"false",,,,,,,,,"https://www.youtube.com/watch?v=HAj9Y3QGEdE","12 days ago","0",,,,,"Paklobutrazol: Solusi untuk Tanaman Kompak dan Produktif""","comment",,"HAj9Y3QGEdE",,"0"
"@kangmuspetanimuda809","false",,,,"UgysWGRiHLcfa9ukHyx4AaABAg","Info harga jagung pripil kering pak di daerah jawa timur brp ngih 🙏",,"5",,,,,,,,,,,,,,,,,,,"false",,,,,,,,,"https://www.youtube.com/watch?v=FzEGTR5WPWA","2 weeks ago","2",,,,,"‼️Kapan Waktu yang Tepat untuk Merempel Daun Jagung? Usia & Ciri-Ciri yang Harus Diperhatikan","comment",,"FzEGTR5WPWA",,"0"
"@lobeltafarmCakep","false",,,,"UgxvvHqfoKUPY9bmabB4AaABAg","Ikut membangun channel baru juga karena sold out juga😂😂😂 IZIN YA BOS,, BOLONE PAWON YOUTUBE🎉🎉🎉🎉",,"5",,,,,,,,,,,,,,,,,,,"false",,,,,,,,,"https://www.youtube.com/watch?v=FzEGTR5WPWA","2 weeks ago","1",,,,,"‼️Kapan Waktu yang Tepat untuk Merempel Daun Jagung? Usia & Ciri-Ciri yang Harus Diperhatikan","comment",,"FzEGTR5WPWA",,"0"
"@diaryfathul","false",,,,"UgyrbFXxH_vdki7W4Al4AaABAg","Beda daerah beda kali bos",,"40",,,,,,,,,,,,,,,,,,,"false",,,,,,,,,"https://www.youtube.com/watch?v=2JblbjjCvn4","1 day ago","1",,,,,"🔴 Cara Tanam Jagung Bertongkol Besar! Panduan Lengkap Buat Petani Pemula! Mulai Tanam Sampai Panen","comment",,"2JblbjjCvn4",,"0"
"@basukibasukiaja9721","false",,,,"UgwVRX_xGCap37yfmdR4AaABAg","Kang..luasnya tadi 1400 MTR..berapa jumlah bibit jagungnya..",,"40",,,,,,,,,,,,,,,,,,,"true",,,,,,,,,"https://www.youtube.com/watch?v=2JblbjjCvn4","1 day ago","1",,,,,"🔴 Cara Tanam Jagung Bertongkol Besar! Panduan Lengkap Buat Petani Pemula! Mulai Tanam Sampai Panen","comment",,"2JblbjjCvn4",,"0"
"@wyezkyekanaya8509","false",,,,"UgxuN4y5_ihpl6JhaYF4AaABAg","Gendingan ngawi  jatim 
Blum ad hujan baru hujan 
5hari  ini dah terang lagi",,"40",,,,,,,,,,,,,,,,,,,"true",,,,,,,,,"https://www.youtube.com/watch?v=2JblbjjCvn4","2 days ago","1",,,,,"🔴 Cara Tanam Jagung Bertongkol Besar! Panduan Lengkap Buat Petani Pemula! Mulai Tanam Sampai Panen","comment",,"2JblbjjCvn4",,"0"
"@FanSel-n6o","false",,,,"UgzYw9WTZ8UxVvEfQiF4AaABAg","Harga jagung pipil basah di jombang 36 37 gimana di nganjuk pak?",,"40",,,,,,,,,,,,,,,,,,,"true",,,,,,,,,"https://www.youtube.com/watch?v=2JblbjjCvn4","2 days ago","3",,,,,"🔴 Cara Tanam Jagung Bertongkol Besar! Panduan Lengkap Buat Petani Pemula! Mulai Tanam Sampai Panen","comment",,"2JblbjjCvn4",,"1"
"@petanimuda2222","false",,,,"Ugxdybz61itbF0U3gLV4AaABAg","Jenengan np sumberkepuh gedungwaru pak ?",,"40",,,,,,,,,,,,,,,,,,,"true",,,,,,,,,"https://www.youtube.com/watch?v=2JblbjjCvn4","4 days ago","2",,,,,"🔴 Cara Tanam Jagung Bertongkol Besar! Panduan Lengkap Buat Petani Pemula! Mulai Tanam Sampai Panen","comment",,"2JblbjjCvn4",,"0"
"@holikissoyo1885","false",,,,"UgytCtzjJgbclu2dQnR4AaABAg","untuk jagung manis berapa jarak tanam ideal nya pak..kira 2 ?",,"40",,,,,,,,,,,,,,,,,,,"false",,,,,,,,,"https://www.youtube.com/watch?v=2JblbjjCvn4","5 days ago","1",,,,,"🔴 Cara Tanam Jagung Bertongkol Besar! Panduan Lengkap Buat Petani Pemula! Mulai Tanam Sampai Panen","comment",,"2JblbjjCvn4",,"0"
"@maspurwanto4499","false",,,,"UgzQVtdydIJ5MWGqec54AaABAg","Ternyata pawon yutup pindah kene to...",,"40",,,,,,,,,,,,,,,,,,,"true",,,,,,,,,"https://www.youtube.com/watch?v=2JblbjjCvn4","5 days ago","1",,,,,"🔴 Cara Tanam Jagung Bertongkol Besar! Panduan Lengkap Buat Petani Pemula! Mulai Tanam Sampai Panen","comment",,"2JblbjjCvn4",,"0"
"@Tanichannelnusantara","false",,,,"UgyQpJ9KplqqNS6p2EF4AaABAg","Ijin hadir nyimak bawa paket komplit bos q🙏
Terima kasih ilmu ilmunya🙏",,"40",,,,,,,,,,,,,,,,,,,"false",,,,,,,,,"https://www.youtube.com/watch?v=2JblbjjCvn4","5 days ago","1",,,,,"🔴 Cara Tanam Jagung Bertongkol Besar! Panduan Lengkap Buat Petani Pemula! Mulai Tanam Sampai Panen","comment",,"2JblbjjCvn4",,"1"
"@usmanusman9558","false",,,,"UgwfqvQwqUrLM7eaE8F4AaABAg","Ijinkan bersilaturahmi mas E 🙏🙏🙏🙏 
Mantap bang penjelasannya berbagi ilmunya sangat berguna bagi kami 👍👍👍👍",,"40",,,,,,,,,,,,,,,,,,,"false",,,,,,,,,"https://www.youtube.com/watch?v=2JblbjjCvn4","6 days ago","3",,,,,"🔴 Cara Tanam Jagung Bertongkol Besar! Panduan Lengkap Buat Petani Pemula! Mulai Tanam Sampai Panen","comment",,"2JblbjjCvn4",,"1"
"@aishiteru3922","false",,,,"Ugz1Z51dZPHJx4WddAR4AaABAg","Perempelan daun bawah umur berapa pak?",,"40",,,,,,,,,,,,,,,,,,,"false",,,,,,,,,"https://www.youtube.com/watch?v=2JblbjjCvn4","6 days ago","1",,,,,"🔴 Cara Tanam Jagung Bertongkol Besar! Panduan Lengkap Buat Petani Pemula! Mulai Tanam Sampai Panen","comment",,"2JblbjjCvn4",,"0"
"@RehanSha-ro3ny","false",,,,"UgzgSkOxJCi5Q_pu0wZ4AaABAg","Salam kelal lorr",,"40",,,,,,,,,,,,,,,,,,,"false",,,,,,,,,"https://www.youtube.com/watch?v=2JblbjjCvn4","6 days ago","3",,,,,"🔴 Cara Tanam Jagung Bertongkol Besar! Panduan Lengkap Buat Petani Pemula! Mulai Tanam Sampai Panen","comment",,"2JblbjjCvn4",,"0"
"@nvbussines995","false",,,,"UgyPZMPxXy9lnO5hxRJ4AaABAg","Bang saya tiap kali tanam jagung manis pasti sering kena Bule .....mohon ilmunya bang",,"40",,,,,,,,,,,,,,,,,,,"true",,,,,,,,,"https://www.youtube.com/watch?v=2JblbjjCvn4","7 days ago","1",,,,,"🔴 Cara Tanam Jagung Bertongkol Besar! Panduan Lengkap Buat Petani Pemula! Mulai Tanam Sampai Panen","comment",,"2JblbjjCvn4",,"0"
"@feriharianto8221","false",,,,"UgwjEAfAbw7CmnyHUr14AaABAg","sampai panen, total pemakaian pupuk habis berapa kilogram pak?",,"40",,,,,,,,,,,,,,,,,,,"false",,,,,,,,,"https://www.youtube.com/watch?v=2JblbjjCvn4","7 days ago","2",,,,,"🔴 Cara Tanam Jagung Bertongkol Besar! Panduan Lengkap Buat Petani Pemula! Mulai Tanam Sampai Panen","comment",,"2JblbjjCvn4",,"0"
"@dwiyanto9084","false",,,,"Ugzm3roaJ58OAvJrNKZ4AaABAg","Disini cuma 2x pemupukan pak",,"40",,,,,,,,,,,,,,,,,,,"false",,,,,,,,,"https://www.youtube.com/watch?v=2JblbjjCvn4","7 days ago","1",,,,,"🔴 Cara Tanam Jagung Bertongkol Besar! Panduan Lengkap Buat Petani Pemula! Mulai Tanam Sampai Panen","comment",,"2JblbjjCvn4",,"0"
"@DuniTani","false",,,,"Ugx0_t-EsCnNspD3k3B4AaABAg","Nganjuk Endi bang sopo ngerti idek ro aku",,"40",,,,,,,,,,,,,,,,,,,"false",,,,,,,,,"https://www.youtube.com/watch?v=2JblbjjCvn4","7 days ago","1",,,,,"🔴 Cara Tanam Jagung Bertongkol Besar! Panduan Lengkap Buat Petani Pemula! Mulai Tanam Sampai Panen","comment",,"2JblbjjCvn4",,"1"
"@Lobeltafamily","false",,,,"UgwCuYOrxnMi9CDnYjN4AaABAg","Jagung ku kui😂",,"40",,,,,,,,,,,,,,,,,,,"false",,,,,,,,,"https://www.youtube.com/watch?v=2JblbjjCvn4","8 days ago","1",,,,,"🔴 Cara Tanam Jagung Bertongkol Besar! Panduan Lengkap Buat Petani Pemula! Mulai Tanam Sampai Panen","comment",,"2JblbjjCvn4",,"1"
"@beduhd8726","false",,,,"UgwVYazmfD9ncfCfTIN4AaABAg","benih sekilo habis pupuk urea 25kg ponska 25kg...total 50kg...",,"5",,,,,,,,,,,,,,,,,,,"true",,,,,,,,,"https://www.youtube.com/watch?v=gQuhl8FY1o8","2 weeks ago","1",,,,,"‼️Paket lengkap ‼️ Dosis & Aplikasi pupuk jagung mulai awal tanam sampai panen 🔥","comment",,"gQuhl8FY1o8",,"0"
"@muhammadikbal724","false",,,,"Ugz0xmvEKpLHUnT1YTd4AaABAg","Info harga pipil kering?",,"5",,,,,,,,,,,,,,,,,,,"false",,,,,,,,,"https://www.youtube.com/watch?v=gQuhl8FY1o8","2 weeks ago","0",,,,,"‼️Paket lengkap ‼️ Dosis & Aplikasi pupuk jagung mulai awal tanam sampai panen 🔥","comment",,"gQuhl8FY1o8",,"0"
"@JuruKetik","false",,,,"UgwFv8Rp21OR2Jc3HyZ4AaABAg","Siap paaak,semoga panen banyak",,"5",,,,,,,,,,,,,,,,,,,"false",,,,,,,,,"https://www.youtube.com/watch?v=gQuhl8FY1o8","2 weeks ago","0",,,,,"‼️Paket lengkap ‼️ Dosis & Aplikasi pupuk jagung mulai awal tanam sampai panen 🔥","comment",,"gQuhl8FY1o8",,"0"
"@SaharaTanitv","false",,,,"UgyhJ7-kF7HS8DubOlp4AaABAg","Nyimak bolo dr balikpapan kaltim",,"5",,,,,,,,,,,,,,,,,,,"false",,,,,,,,,"https://www.youtube.com/watch?v=gQuhl8FY1o8","2 weeks ago","0",,,,,"‼️Paket lengkap ‼️ Dosis & Aplikasi pupuk jagung mulai awal tanam sampai panen 🔥","comment",,"gQuhl8FY1o8",,"0"
,,"UCjQX6r71oYHPaxvHZ1clQZg","Petani Desa Mandiri","https://www.youtube.com/@PetaniDesaMandiri",,,,"2",,"2024-10-03T00:00:00.000Z",,,,,,,,,,,,,,,,,,,,,"32lwx648XGk",,"5",,,,,,,,,,"Jadi Petani Akhirnya #petani #pertanian #berkebun #inspirasi","shorts","https://www.youtube.com/shorts/32lwx648XGk",,"629",
,,"UCjQX6r71oYHPaxvHZ1clQZg","Petani Desa Mandiri","https://www.youtube.com/@PetaniDesaMandiri",,,,"0",,"2024-10-06T00:00:00.000Z",,,,,,,,,,,,,,,,,,,,,"4zN6WYvarcg",,"3",,,,,,,,,,"Mesin Penyubur Tanah #song #hindisong #bollywood #motivasi  #petanidesamandiri #music","shorts","https://www.youtube.com/shorts/4zN6WYvarcg",,"458",
,,,"Petani Desa Mandiri",,,,,"0",,"2024-10-04T05:15:36.000Z",,,,,,,,,,,,,,,,,,,,,"VE7A8NuXV0s",,"9",,,,,,,,,,"Petani Padi #motivasi #katamotivasiislam #petanidesamandiri #selfreminder","shorts","https://www.youtube.com/shorts/VE7A8NuXV0s",,"447",
,,"UCjQX6r71oYHPaxvHZ1clQZg","Petani Desa Mandiri","https://www.youtube.com/@PetaniDesaMandiri",,,,"0",,"2024-10-04T06:48:22.000Z",,,,,,,,,,,,,,,,,,,,,"oqymBRTIeWU",,"4",,,,,,,,,,"Semoga Allah Memberi Ampunan Padamu #petanijagung #motivasi #petanipadi #sawah #fyp","shorts","https://www.youtube.com/shorts/oqymBRTIeWU",,"458",
,,"UCjQX6r71oYHPaxvHZ1clQZg","Petani Desa Mandiri","https://www.youtube.com/@PetaniDesaMandiri",,,,"0",,"2024-10-06T17:07:57.000Z",,,,,,,,,,,,,,,,,,,,,"lkGzyv_folE",,"6",,,,,,,,,,"Petani Bawang Merah #music #song #bollywood #newsong  #petanibawangmerah #petanidesamandiri","shorts","https://www.youtube.com/shorts/lkGzyv_folE",,"500",
,,"UCjQX6r71oYHPaxvHZ1clQZg","Petani Desa Mandiri","https://www.youtube.com/@PetaniDesaMandiri",,,,"2",,"2024-10-05T15:10:40.000Z",,,,,,,,,,,,,,,,,,,,,"38oUj9IiTZQ",,"6",,,,,,,,,,"Mesin pertanian #story #quotes #storywa #motivasi #masukberanda","shorts","https://www.youtube.com/shorts/38oUj9IiTZQ",,"474",
,,"UCjQX6r71oYHPaxvHZ1clQZg","Petani Desa Mandiri","https://www.youtube.com/@PetaniDesaMandiri",,,,"0",,"2024-10-05T01:10:18.000Z",,,,,,,,,,,,,,,,,,,,,"TeKfEIKb3zo",,"10",,,,,,,,,,"Mandikan sapi #petani #pertanian #berkebun #motivasi #motivation","shorts","https://www.youtube.com/shorts/TeKfEIKb3zo",,"829",
,,"UCjQX6r71oYHPaxvHZ1clQZg","Petani Desa Mandiri","https://www.youtube.com/@PetaniDesaMandiri",,,,"0",,"2024-10-06T22:28:54.000Z",,,,,,,,,,,,,,,,,,,,,"gtaoZ2Osa8A",,"6",,,,,,,,,,"Persiapan sebelum tanam bawang merah #gardening #nature #petanidesamandiri #petanibawangmerah","shorts","https://www.youtube.com/shorts/gtaoZ2Osa8A",,"854",
"@PetaniDesaMandiri","true",,,,"UgwVYazmfD9ncfCfTIN4AaABAg.A8kYMXrrSKqA8lAZ6G7Ozc","Mantuuul",,"5",,,,,,,,,,,,,,,,,,,"false",,,,,,,,,"https://www.youtube.com/watch?v=gQuhl8FY1o8","2 weeks ago","0","UgwVYazmfD9ncfCfTIN4AaABAg",,,,"‼️Paket lengkap ‼️ Dosis & Aplikasi pupuk jagung mulai awal tanam sampai panen 🔥","reply",,"gQuhl8FY1o8",,"0"
"@PetaniDesaMandiri","true",,,,"UgyrbFXxH_vdki7W4Al4AaABAg.A9ITFD5h_QiA9IfB71l_cB","Iya nih",,"40",,,,,,,,,,,,,,,,,,,"false",,,,,,,,,"https://www.youtube.com/watch?v=2JblbjjCvn4","1 day ago","0","UgyrbFXxH_vdki7W4Al4AaABAg",,,,"🔴 Cara Tanam Jagung Bertongkol Besar! Panduan Lengkap Buat Petani Pemula! Mulai Tanam Sampai Panen","reply",,"2JblbjjCvn4",,"0"
"@PetaniDesaMandiri","true",,,,"UgwVRX_xGCap37yfmdR4AaABAg.A9IQlEcXK-LA9If85nC53x","4 kg",,"40",,,,,,,,,,,,,,,,,,,"false",,,,,,,,,"https://www.youtube.com/watch?v=2JblbjjCvn4","1 day ago","0","UgwVRX_xGCap37yfmdR4AaABAg",,,,"🔴 Cara Tanam Jagung Bertongkol Besar! Panduan Lengkap Buat Petani Pemula! Mulai Tanam Sampai Panen","reply",,"2JblbjjCvn4",,"0"
"@PetaniDesaMandiri","true",,,,"UgysWGRiHLcfa9ukHyx4AaABAg.A8aPep7wE5vA8aZB5aPDO-","Masih 4500",,"5",,,,,,,,,,,,,,,,,,,"false",,,,,,,,,"https://www.youtube.com/watch?v=FzEGTR5WPWA","2 weeks ago","0","UgysWGRiHLcfa9ukHyx4AaABAg",,,,"‼️Kapan Waktu yang Tepat untuk Merempel Daun Jagung? Usia & Ciri-Ciri yang Harus Diperhatikan","reply",,"FzEGTR5WPWA",,"0"
"@kangmuspetanimuda809","false",,,,"UgysWGRiHLcfa9ukHyx4AaABAg.A8aPep7wE5vA8cyU5CbY9L"," @PetaniDesaMandiri  makasih pak info nya 🙏",,"5",,,,,,,,,,,,,,,,,,,"false",,,,,,,,,"https://www.youtube.com/watch?v=FzEGTR5WPWA","2 weeks ago","0","UgysWGRiHLcfa9ukHyx4AaABAg",,,,"‼️Kapan Waktu yang Tepat untuk Merempel Daun Jagung? Usia & Ciri-Ciri yang Harus Diperhatikan","reply",,"FzEGTR5WPWA",,"0"
"@PetaniDesaMandiri","true",,,,"Ugyd2vA42tZCKirtL2h4AaABAg.A9K8sapOXLZA9M3KULpl4k","Sebaiknya di pisah pak,silika kan golongan unsur hara pupuk",,"10",,,,,,,,,,,,,,,,,,,"false",,,,,,,,,"https://www.youtube.com/watch?v=HAj9Y3QGEdE","7 hours ago","0","Ugyd2vA42tZCKirtL2h4AaABAg",,,,"Paklobutrazol: Solusi untuk Tanaman Kompak dan Produktif""","reply",,"HAj9Y3QGEdE",,"0"
"@AaGun-im2dr","false",,,,"Ugyd2vA42tZCKirtL2h4AaABAg.A9K8sapOXLZA9M5V782gJU"," @PetaniDesaMandiri  kalau paklo nya saya mix fungi bahan tebukonazol gimana pak cocok gak",,"10",,,,,,,,,,,,,,,,,,,"false",,,,,,,,,"https://www.youtube.com/watch?v=HAj9Y3QGEdE","6 hours ago","0","Ugyd2vA42tZCKirtL2h4AaABAg",,,,"Paklobutrazol: Solusi untuk Tanaman Kompak dan Produktif""","reply",,"HAj9Y3QGEdE",,"0"
,,"UCjQX6r71oYHPaxvHZ1clQZg","Petani Desa Mandiri","https://www.youtube.com/@PetaniDesaMandiri",,,,"0",,"2024-10-05T14:43:51.000Z",,,,,,,,,,,,,,,,,,,,,"T5-IyzoBMzY",,"2",,,,,,,,,,"Cara Mencegah bulai jagung #perawatanjagung #budidayajagung #petanijagung #tanamanjagung","shorts","https://www.youtube.com/shorts/T5-IyzoBMzY",,"634",
,,"UCjQX6r71oYHPaxvHZ1clQZg","Petani Desa Mandiri","https://www.youtube.com/@PetaniDesaMandiri",,,,"0",,"2024-10-07T00:00:00.000Z",,,,,,,,,,,,,,,,,,,,,"DmYuMt6DJcg",,"2",,,,,,,,,,"Mesin Perontok Padi #perontokpadi #perontokjagung #petanipadiindonesia #petanipadi #petanidesa","shorts","https://www.youtube.com/shorts/DmYuMt6DJcg",,"703",
,,,"Petani Desa Mandiri",,,,,"0",,"2024-09-29T00:00:00.000Z",,,,,,,,,,,,,,,,,,,,,"dGo1g0HNM9U",,"6",,,,,,,,,,"Sudah Ku ikhlaskan semua #love #music #motivasi #perawatanjagung #petanidesmandiri","shorts","https://www.youtube.com/shorts/dGo1g0HNM9U",,"466",
"@PetaniDesaMandiri","true",,,,"UgxuN4y5_ihpl6JhaYF4AaABAg.A9FX2EchLJPA9Fn75no0su","Ternyata sama,panass",,"40",,,,,,,,,,,,,,,,,,,"false",,,,,,,,,"https://www.youtube.com/watch?v=2JblbjjCvn4","2 days ago","0","UgxuN4y5_ihpl6JhaYF4AaABAg",,,,"🔴 Cara Tanam Jagung Bertongkol Besar! Panduan Lengkap Buat Petani Pemula! Mulai Tanam Sampai Panen","reply",,"2JblbjjCvn4",,"0"
,,,"Petani Desa Mandiri",,,,,"1",,"2024-09-21T00:15:44.000Z",,,,,,,,,,,,,,,,,,,,,"tlq-KJbO-RU",,"28",,,,,,,,,,"21 September 2024","shorts","https://www.youtube.com/shorts/tlq-KJbO-RU",,"9242",
,,"UCjQX6r71oYHPaxvHZ1clQZg","Petani Desa Mandiri","https://www.youtube.com/@PetaniDesaMandiri",,,,"0",,"2024-09-29T00:00:00.000Z",,,,,,,,,,,,,,,,,,,,,"ZKFts0S4kYQ",,"16",,,,,,,,,,"Terus Belajarlah #katakatabijak #motivasi #katabijak #perawatanjagung","shorts","https://www.youtube.com/shorts/ZKFts0S4kYQ",,"512",
,,"UCjQX6r71oYHPaxvHZ1clQZg","Petani Desa Mandiri","https://www.youtube.com/@PetaniDesaMandiri",,,,"0",,"2024-10-06T16:23:20.000Z",,,,,,,,,,,,,,,,,,,,,"pdE4Jt4Kjy0",,"4",,,,,,,,,,"Petani Padi #quotes #cintahalal #motivasi #tausyiahcinta #motivation #ustadzcinta","shorts","https://www.youtube.com/shorts/pdE4Jt4Kjy0",,"462",
,,"UCjQX6r71oYHPaxvHZ1clQZg","Petani Desa Mandiri","https://www.youtube.com/@PetaniDesaMandiri",,,,"2",,"2024-09-29T22:16:57.000Z",,,,,,,,,,,,,,,,,,,,,"ho4xd4qYreU",,"10",,,,,,,,,,"Mungkin‼️ celana dalamnya sudah berjamur #motivation #petanidesamandiri #fyp","shorts","https://www.youtube.com/shorts/ho4xd4qYreU",,"1910",
,,,"Petani Desa Mandiri",,,,,"4",,"2024-09-25T17:05:00.000Z",,,,,,,,,,,,,,,,,,,,,"rQsBvi98fW0",,"26",,,,,,,,,,"Yang penting dapat duit #petani #pertanian #berkebun","shorts","https://www.youtube.com/shorts/rQsBvi98fW0",,"1694",
,,"UCjQX6r71oYHPaxvHZ1clQZg","Petani Desa Mandiri","https://www.youtube.com/@PetaniDesaMandiri",,,,"4",,"2024-09-29T09:58:24.000Z",,,,,,,,,,,,,,,,,,,,,"t65YeQ3WoO8",,"69",,,,,,,,,,"Bersyukur itu harus #motivation #motivasihidup #quotes #religion","shorts","https://www.youtube.com/shorts/t65YeQ3WoO8",,"4295",
"@PetaniDesaMandiri","true",,,,"UgzYw9WTZ8UxVvEfQiF4AaABAg.A9FKXW8H3wUA9FnBSuYg0p","Mudun lagiiii",,"40",,,,,,,,,,,,,,,,,,,"false",,,,,,,,,"https://www.youtube.com/watch?v=2JblbjjCvn4","2 days ago","0","UgzYw9WTZ8UxVvEfQiF4AaABAg",,,,"🔴 Cara Tanam Jagung Bertongkol Besar! Panduan Lengkap Buat Petani Pemula! Mulai Tanam Sampai Panen","reply",,"2JblbjjCvn4",,"1"
"@FanSel-n6o","false",,,,"UgzYw9WTZ8UxVvEfQiF4AaABAg.A9FKXW8H3wUA9FnahYvwA6"," @PetaniDesaMandiri  mudun piro pak?",,"40",,,,,,,,,,,,,,,,,,,"true",,,,,,,,,"https://www.youtube.com/watch?v=2JblbjjCvn4","2 days ago","0","UgzYw9WTZ8UxVvEfQiF4AaABAg",,,,"🔴 Cara Tanam Jagung Bertongkol Besar! Panduan Lengkap Buat Petani Pemula! Mulai Tanam Sampai Panen","reply",,"2JblbjjCvn4",,"1"
"@PetaniDesaMandiri","true",,,,"UgzYw9WTZ8UxVvEfQiF4AaABAg.A9FKXW8H3wUA9G0kGKBfR6"," @FanSel-n6o  praptane 7 juta",,"40",,,,,,,,,,,,,,,,,,,"false",,,,,,,,,"https://www.youtube.com/watch?v=2JblbjjCvn4","2 days ago","0","UgzYw9WTZ8UxVvEfQiF4AaABAg",,,,"🔴 Cara Tanam Jagung Bertongkol Besar! Panduan Lengkap Buat Petani Pemula! Mulai Tanam Sampai Panen","reply",,"2JblbjjCvn4",,"0"
"@PetaniDesaMandiri","true",,,,"Ugxdybz61itbF0U3gLV4AaABAg.A9C2O6wbSAOA9Et0ndpyif","Etane Kedungwaru",,"40",,,,,,,,,,,,,,,,,,,"false",,,,,,,,,"https://www.youtube.com/watch?v=2JblbjjCvn4","3 days ago","0","Ugxdybz61itbF0U3gLV4AaABAg",,,,"🔴 Cara Tanam Jagung Bertongkol Besar! Panduan Lengkap Buat Petani Pemula! Mulai Tanam Sampai Panen","reply",,"2JblbjjCvn4",,"0"
"@petanimuda2222","false",,,,"Ugxdybz61itbF0U3gLV4AaABAg.A9C2O6wbSAOA9MDAHt40Tz"," @PetaniDesaMandiri  etane kuburan Sambong ????",,"40",,,,,,,,,,,,,,,,,,,"false",,,,,,,,,"https://www.youtube.com/watch?v=2JblbjjCvn4","5 hours ago","0","Ugxdybz61itbF0U3gLV4AaABAg",,,,"🔴 Cara Tanam Jagung Bertongkol Besar! Panduan Lengkap Buat Petani Pemula! Mulai Tanam Sampai Panen","reply",,"2JblbjjCvn4",,"0"
"@PetaniDesaMandiri","true",,,,"UgytCtzjJgbclu2dQnR4AaABAg.A99pqlNSiZNA99qV1uLHkK","Sama juga bisa pak,supaya cukup sinar",,"40",,,,,,,,,,,,,,,,,,,"false",,,,,,,,,"https://www.youtube.com/watch?v=2JblbjjCvn4","5 days ago","0","UgytCtzjJgbclu2dQnR4AaABAg",,,,"🔴 Cara Tanam Jagung Bertongkol Besar! Panduan Lengkap Buat Petani Pemula! Mulai Tanam Sampai Panen","reply",,"2JblbjjCvn4",,"0"
"@PetaniDesaMandiri","true",,,,"UgzQVtdydIJ5MWGqec54AaABAg.A995hZJWc0FA99JbIjSaw8","Lhaaa Iki mesti wong lawas😁",,"40",,,,,,,,,,,,,,,,,,,"false",,,,,,,,,"https://www.youtube.com/watch?v=2JblbjjCvn4","5 days ago","0","UgzQVtdydIJ5MWGqec54AaABAg",,,,"🔴 Cara Tanam Jagung Bertongkol Besar! Panduan Lengkap Buat Petani Pemula! Mulai Tanam Sampai Panen","reply",,"2JblbjjCvn4",,"0"
"@PetaniDesaMandiri","true",,,,"UgxvvHqfoKUPY9bmabB4AaABAg.A8YWsTp92e8A8Z72XnSNXH","Waduh",,"5",,,,,,,,,,,,,,,,,,,"false",,,,,,,,,"https://www.youtube.com/watch?v=FzEGTR5WPWA","2 weeks ago","0","UgxvvHqfoKUPY9bmabB4AaABAg",,,,"‼️Kapan Waktu yang Tepat untuk Merempel Daun Jagung? Usia & Ciri-Ciri yang Harus Diperhatikan","reply",,"FzEGTR5WPWA",,"0"
"@PetaniDesaMandiri","true",,,,"Ugzk0e2R75uhagjZ_z94AaABAg.A8s3qQdkSmIA8v1QuVltqT","Dari PT Etong",,"10",,,,,,,,,,,,,,,,,,,"false",,,,,,,,,"https://www.youtube.com/watch?v=HAj9Y3QGEdE","11 days ago","0","Ugzk0e2R75uhagjZ_z94AaABAg",,,,"Paklobutrazol: Solusi untuk Tanaman Kompak dan Produktif""","reply",,"HAj9Y3QGEdE",,"0"
,,"UCjQX6r71oYHPaxvHZ1clQZg","Petani Desa Mandiri","https://www.youtube.com/@PetaniDesaMandiri",,,,"2",,"2024-09-29T00:00:00.000Z",,,,,,,,,,,,,,,,,,,,,"AByIKIHmOEw",,"14",,,,,,,,,,"Hargai dirimu sendiri #motivasi #qoetes #katakatabijak #pemupukanjagung","shorts","https://www.youtube.com/shorts/AByIKIHmOEw",,"1088",
,,"UCjQX6r71oYHPaxvHZ1clQZg","Petani Desa Mandiri","https://www.youtube.com/@PetaniDesaMandiri",,,,"0",,"2024-09-27T02:54:25.000Z",,,,,,,,,,,,,,,,,,,,,"wLAZaLxhF7g",,"0",,,,,,,,,,"Herbisida Prowl #sawah #herbisidaselektif #herbisidapadi #petanidesamandiri","shorts","https://www.youtube.com/shorts/wLAZaLxhF7g",,"80",
,,"UCjQX6r71oYHPaxvHZ1clQZg","Petani Desa Mandiri","https://www.youtube.com/@PetaniDesaMandiri",,,,"1",,"2024-09-28T10:34:17.000Z",,,,,,,,,,,,,,,,,,,,,"zDaYXB5P5bY",,"17",,,,,,,,,,"‼️ Ternyata cara kerja dunia tidak begitu‼️ #motivasi #bekerjakeras #kerjakeras #petanijagung","shorts","https://www.youtube.com/shorts/zDaYXB5P5bY",,"2139",
,,"UCjQX6r71oYHPaxvHZ1clQZg","Petani Desa Mandiri","https://www.youtube.com/@PetaniDesaMandiri",,,,"0",,"2024-09-27T09:04:30.000Z",,,,,,,,,,,,,,,,,,,,,"scwPTpSEFSQ",,"9",,,,,,,,,,"Jangan bandingkan, setiap orang punya jalanya sendiri #motivation #katakatmutiara #motivational","shorts","https://www.youtube.com/shorts/scwPTpSEFSQ",,"736",
,,"UCjQX6r71oYHPaxvHZ1clQZg","Petani Desa Mandiri","https://www.youtube.com/@PetaniDesaMandiri",,,,"0",,"2024-09-27T12:29:28.000Z",,,,,,,,,,,,,,,,,,,,,"sXGM8VcO4WM",,"7",,,,,,,,,,"Karma itu nyata 💯😭 #kutipanmotivasi #kutipaninspirasi #memes #kutipansukses","shorts","https://www.youtube.com/shorts/sXGM8VcO4WM",,"1004",
,,"UCjQX6r71oYHPaxvHZ1clQZg","Petani Desa Mandiri","https://www.youtube.com/@PetaniDesaMandiri",,,,"0",,"2024-09-26T16:37:52.000Z",,,,,,,,,,,,,,,,,,,,,"74iyZWNcPX4",,"9",,,,,,,,,,"Ketemu kawan lama 🔥‼️","shorts","https://www.youtube.com/shorts/74iyZWNcPX4",,"2340",
"@PetaniDesaMandiri","true",,,,"UgyQpJ9KplqqNS6p2EF4AaABAg.A97TzaSvNy8A97aQogR2ox","Semoga bermanfaat",,"40",,,,,,,,,,,,,,,,,,,"false",,,,,,,,,"https://www.youtube.com/watch?v=2JblbjjCvn4","5 days ago","0","UgyQpJ9KplqqNS6p2EF4AaABAg",,,,"🔴 Cara Tanam Jagung Bertongkol Besar! Panduan Lengkap Buat Petani Pemula! Mulai Tanam Sampai Panen","reply",,"2JblbjjCvn4",,"1"
,,"UCjQX6r71oYHPaxvHZ1clQZg","Petani Desa Mandiri","https://www.youtube.com/@PetaniDesaMandiri",,,,"0",,"2024-09-28T13:02:49.000Z",,,,,,,,,,,,,,,,,,,,,"sTy09H5hBIE",,"13",,,,,,,,,,"‼️ Bahagia itu kita yang ciptakan‼️ #motivasi #motivasihidup #inspirasi #perawatanjagung","shorts","https://www.youtube.com/shorts/sTy09H5hBIE",,"813",
,,"UCjQX6r71oYHPaxvHZ1clQZg","Petani Desa Mandiri","https://www.youtube.com/@PetaniDesaMandiri",,,,"0",,"2024-09-26T13:07:28.000Z",,,,,,,,,,,,,,,,,,,,,"T7iyhoqpz30",,"5",,,,,,,,,,"Mari sarapan‼️","shorts","https://www.youtube.com/shorts/T7iyhoqpz30",,"459",
"@PetaniDesaMandiri","true",,,,"UgwfqvQwqUrLM7eaE8F4AaABAg.A96zFyMsrwiA977YjoWuCE","Siap terima kasih",,"40",,,,,,,,,,,,,,,,,,,"false",,,,,,,,,"https://www.youtube.com/watch?v=2JblbjjCvn4","6 days ago","0","UgwfqvQwqUrLM7eaE8F4AaABAg",,,,"🔴 Cara Tanam Jagung Bertongkol Besar! Panduan Lengkap Buat Petani Pemula! Mulai Tanam Sampai Panen","reply",,"2JblbjjCvn4",,"0"
"@usmanusman9558","false",,,,"UgwfqvQwqUrLM7eaE8F4AaABAg.A96zFyMsrwiA97Jc3wJYAn"," @PetaniDesaMandiri  sama"" mas E 🙏🙏🙏 
Salam kenal dari Sulsel bang 🙏🙏🙏",,"40",,,,,,,,,,,,,,,,,,,"true",,,,,,,,,"https://www.youtube.com/watch?v=2JblbjjCvn4","6 days ago","0","UgwfqvQwqUrLM7eaE8F4AaABAg",,,,"🔴 Cara Tanam Jagung Bertongkol Besar! Panduan Lengkap Buat Petani Pemula! Mulai Tanam Sampai Panen","reply",,"2JblbjjCvn4",,"0"
"@PetaniDesaMandiri","true",,,,"UgwfqvQwqUrLM7eaE8F4AaABAg.A96zFyMsrwiA9992PYuBAY"," @usmanusman9558  siap",,"40",,,,,,,,,,,,,,,,,,,"false",,,,,,,,,"https://www.youtube.com/watch?v=2JblbjjCvn4","5 days ago","0","UgwfqvQwqUrLM7eaE8F4AaABAg",,,,"🔴 Cara Tanam Jagung Bertongkol Besar! Panduan Lengkap Buat Petani Pemula! Mulai Tanam Sampai Panen","reply",,"2JblbjjCvn4",,"0"
"@PetaniDesaMandiri","true",,,,"Ugz1Z51dZPHJx4WddAR4AaABAg.A95hrBeiszzA977pMmnsOr","Disini penjelasan nya

https://youtu.be/FzEGTR5WPWA?si=8eUfM2ujLn_1y7ry",,"40",,,,,,,,,,,,,,,,,,,"false",,,,,,,,,"https://www.youtube.com/watch?v=2JblbjjCvn4","6 days ago (edited)","0","Ugz1Z51dZPHJx4WddAR4AaABAg",,,,"🔴 Cara Tanam Jagung Bertongkol Besar! Panduan Lengkap Buat Petani Pemula! Mulai Tanam Sampai Panen","reply",,"2JblbjjCvn4",,"0"
"@PetaniDesaMandiri","true",,,,"UgzgSkOxJCi5Q_pu0wZ4AaABAg.A958LA8NlhoA95DqPi9_GL","Siap siap",,"40",,,,,,,,,,,,,,,,,,,"false",,,,,,,,,"https://www.youtube.com/watch?v=2JblbjjCvn4","6 days ago","0","UgzgSkOxJCi5Q_pu0wZ4AaABAg",,,,"🔴 Cara Tanam Jagung Bertongkol Besar! Panduan Lengkap Buat Petani Pemula! Mulai Tanam Sampai Panen","reply",,"2JblbjjCvn4",,"0"
"@bedjomakmur","false",,,,"UgzgSkOxJCi5Q_pu0wZ4AaABAg.A958LA8NlhoA971CNNThiG","Nganjuk pundi mas?",,"40",,,,,,,,,,,,,,,,,,,"false",,,,,,,,,"https://www.youtube.com/watch?v=2JblbjjCvn4","6 days ago","0","UgzgSkOxJCi5Q_pu0wZ4AaABAg",,,,"🔴 Cara Tanam Jagung Bertongkol Besar! Panduan Lengkap Buat Petani Pemula! Mulai Tanam Sampai Panen","reply",,"2JblbjjCvn4",,"0"
"@PetaniDesaMandiri","true",,,,"UgzgSkOxJCi5Q_pu0wZ4AaABAg.A958LA8NlhoA978-yn7cgh"," @bedjomakmur  sumberkepuh pak",,"40",,,,,,,,,,,,,,,,,,,"false",,,,,,,,,"https://www.youtube.com/watch?v=2JblbjjCvn4","6 days ago","0","UgzgSkOxJCi5Q_pu0wZ4AaABAg",,,,"🔴 Cara Tanam Jagung Bertongkol Besar! Panduan Lengkap Buat Petani Pemula! Mulai Tanam Sampai Panen","reply",,"2JblbjjCvn4",,"0"
"@PetaniDesaMandiri","true",,,,"UgzQGnIhEJFCNkWu3cl4AaABAg.A8s3SZCisGmA8swqhF0Zql","Siaap",,"10",,,,,,,,,,,,,,,,,,,"false",,,,,,,,,"https://www.youtube.com/watch?v=HAj9Y3QGEdE","12 days ago","0","UgzQGnIhEJFCNkWu3cl4AaABAg",,,,"Paklobutrazol: Solusi untuk Tanaman Kompak dan Produktif""","reply",,"HAj9Y3QGEdE",,"0"
"@PetaniDesaMandiri","true",,,,"UgyPZMPxXy9lnO5hxRJ4AaABAg.A94QrA2FfSbA94iXW1dgsW","Bule itu penyakit bawaan benih,,ya caranya pencegahan 
Sebelum tanam benih bisa di kasih bahan aktif dimetomof yang berbentuk serbuk",,"40",,,,,,,,,,,,,,,,,,,"false",,,,,,,,,"https://www.youtube.com/watch?v=2JblbjjCvn4","7 days ago","0","UgyPZMPxXy9lnO5hxRJ4AaABAg",,,,"🔴 Cara Tanam Jagung Bertongkol Besar! Panduan Lengkap Buat Petani Pemula! Mulai Tanam Sampai Panen","reply",,"2JblbjjCvn4",,"0"
"@PetaniDesaMandiri","true",,,,"UgxQ27EmDzmDvgX8aNd4AaABAg.A8q_SMw82SmA8qv8ABDy3l","Lhah",,"10",,,,,,,,,,,,,,,,,,,"false",,,,,,,,,"https://www.youtube.com/watch?v=HAj9Y3QGEdE","12 days ago","0","UgxQ27EmDzmDvgX8aNd4AaABAg",,,,"Paklobutrazol: Solusi untuk Tanaman Kompak dan Produktif""","reply",,"HAj9Y3QGEdE",,"0"
"@PetaniDesaMandiri","true",,,,"UgwjEAfAbw7CmnyHUr14AaABAg.A93xuV_y4mFA94icn483gq","Total 60 kg x 4",,"40",,,,,,,,,,,,,,,,,,,"false",,,,,,,,,"https://www.youtube.com/watch?v=2JblbjjCvn4","7 days ago","0","UgwjEAfAbw7CmnyHUr14AaABAg",,,,"🔴 Cara Tanam Jagung Bertongkol Besar! Panduan Lengkap Buat Petani Pemula! Mulai Tanam Sampai Panen","reply",,"2JblbjjCvn4",,"0"
"@TisnoAji","false",,,,"UgwjEAfAbw7CmnyHUr14AaABAg.A93xuV_y4mFA9Jyop04guX","Benih 1kg..dpt berapa kwintal..bosku....",,"40",,,,,,,,,,,,,,,,,,,"false",,,,,,,,,"https://www.youtube.com/watch?v=2JblbjjCvn4","1 day ago","0","UgwjEAfAbw7CmnyHUr14AaABAg",,,,"🔴 Cara Tanam Jagung Bertongkol Besar! Panduan Lengkap Buat Petani Pemula! Mulai Tanam Sampai Panen","reply",,"2JblbjjCvn4",,"0"
"@PetaniDesaMandiri","true",,,,"Ugzm3roaJ58OAvJrNKZ4AaABAg.A92v9w03D_wA92wRzl486h","Bisa di sesuaikan dengan kondisi dan fulus pak😁,soale serba mahal pupuk",,"40",,,,,,,,,,,,,,,,,,,"false",,,,,,,,,"https://www.youtube.com/watch?v=2JblbjjCvn4","7 days ago","0","Ugzm3roaJ58OAvJrNKZ4AaABAg",,,,"🔴 Cara Tanam Jagung Bertongkol Besar! Panduan Lengkap Buat Petani Pemula! Mulai Tanam Sampai Panen","reply",,"2JblbjjCvn4",,"0"
"@PetaniDesaMandiri","true",,,,"Ugx0_t-EsCnNspD3k3B4AaABAg.A92pnEDiP5FA92wL2X8xhI","Sumber Kepuh bos",,"40",,,,,,,,,,,,,,,,,,,"false",,,,,,,,,"https://www.youtube.com/watch?v=2JblbjjCvn4","7 days ago","0","Ugx0_t-EsCnNspD3k3B4AaABAg",,,,"🔴 Cara Tanam Jagung Bertongkol Besar! Panduan Lengkap Buat Petani Pemula! Mulai Tanam Sampai Panen","reply",,"2JblbjjCvn4",,"0"
"@PetaniDesaMandiri","true",,,,"UgwCuYOrxnMi9CDnYjN4AaABAg.A90AX1rI_PEA90Imrk1OVX","😅😅😅",,"40",,,,,,,,,,,,,,,,,,,"false",,,,,,,,,"https://www.youtube.com/watch?v=2JblbjjCvn4","8 days ago","0","UgwCuYOrxnMi9CDnYjN4AaABAg",,,,"🔴 Cara Tanam Jagung Bertongkol Besar! Panduan Lengkap Buat Petani Pemula! Mulai Tanam Sampai Panen","reply",,"2JblbjjCvn4",,"0"
