﻿"author","authorIsChannelOwner","channelId","channelName","channelUrl","cid","comment","comments","commentsCount","commentsTurnedOff","date","descriptionLinks","duration","hasCreatorHeart","id","isMonetized","likes","location","numberOfSubscribers","pageUrl","publishedTimeText","replyCount","replyToCid","subtitles","text","thumbnailUrl","title","type","url","videoId","viewCount","voteCount"
,,"UCZpCM2RFMCrzWAtn0PGx1Iw","Nrll Hardianti Bintang Asia","https://www.youtube.com/@nrllhardianti1111",,,,"0",,"2024-09-18T13:04:12.000Z",,,,"_d4pZ0CXsLA",,"3",,,,,,,,,,"Semangka Diva F1 Produksi PT.Benih Citra Asia","shorts","https://www.youtube.com/shorts/_d4pZ0CXsLA",,"47",
"@dsrizkichannel4657","false",,,,"UgyWRfO6iiOkdlfzaFp4AaABAg","Teh sekantong jadi berapa ribu",,"8",,,,,"false",,,,,,"https://www.youtube.com/watch?v=qBjoAMTLECY","7 days ago","3",,,,,"New..❗❗❗ Sawi Putih Hibrida Varietas Cacha F1 produksi PT Benih Citra Asia","comment",,"qBjoAMTLECY",,"0"
"@NasirBintangAsia_","false",,,,"UgyRqye2SMEOfReDZbt4AaABAg","mantep",,"8",,,,,"false",,,,,,"https://www.youtube.com/watch?v=qBjoAMTLECY","12 days ago","1",,,,,"New..❗❗❗ Sawi Putih Hibrida Varietas Cacha F1 produksi PT Benih Citra Asia","comment",,"qBjoAMTLECY",,"0"
"@opeqbintangasia","false",,,,"Ugx2Q_h0aBT-2s3u9nx4AaABAg","joss",,"8",,,,,"false",,,,,,"https://www.youtube.com/watch?v=qBjoAMTLECY","12 days ago","1",,,,,"New..❗❗❗ Sawi Putih Hibrida Varietas Cacha F1 produksi PT Benih Citra Asia","comment",,"qBjoAMTLECY",,"0"
"@nrllhardianti1111","true",,,,"UgyWRfO6iiOkdlfzaFp4AaABAg.A8WOj2Gl-OfA8b4pZQ6HdN"," @dsrizkichannel4657  sekarang murah kang...",,"8",,,,,"false",,,,,,"https://www.youtube.com/watch?v=qBjoAMTLECY","5 days ago","0","UgyWRfO6iiOkdlfzaFp4AaABAg",,,,"New..❗❗❗ Sawi Putih Hibrida Varietas Cacha F1 produksi PT Benih Citra Asia","reply",,"qBjoAMTLECY",,"0"
"@nrllhardianti1111","true",,,,"UgyWRfO6iiOkdlfzaFp4AaABAg.A8WOj2Gl-OfA8b4sBkz9eJ"," @dsrizkichannel4657  Di sulawesi sekarang itu harga nya 10.000/ Kantong",,"8",,,,,"false",,,,,,"https://www.youtube.com/watch?v=qBjoAMTLECY","5 days ago","0","UgyWRfO6iiOkdlfzaFp4AaABAg",,,,"New..❗❗❗ Sawi Putih Hibrida Varietas Cacha F1 produksi PT Benih Citra Asia","reply",,"qBjoAMTLECY",,"0"
"@dsrizkichannel4657","false",,,,"UgyWRfO6iiOkdlfzaFp4AaABAg.A8WOj2Gl-OfA8bAO98gTH_"," @nrllhardianti1111  eh mksdnya teh , klau nyemai rata"" Jadi berapa biji perkantong",,"8",,,,,"false",,,,,,"https://www.youtube.com/watch?v=qBjoAMTLECY","5 days ago","0","UgyWRfO6iiOkdlfzaFp4AaABAg",,,,"New..❗❗❗ Sawi Putih Hibrida Varietas Cacha F1 produksi PT Benih Citra Asia","reply",,"qBjoAMTLECY",,"0"
"@opeqbintangasia","false",,,,"UgySDKXpQ6_xtJ62Y5N4AaABAg","Buncis polong putih.
Sangat lebat dari pangkal.
Buah gilig dan panjang.
Produksi tinggi.",,"1",,,,,"false",,,,,,"https://www.youtube.com/watch?v=hw2Na7F6z1o","12 days ago","0",,,,,"Visit lahan petani Buncis tomat dan kubis","comment",,"hw2Na7F6z1o",,"0"
"@nrllhardianti1111","true",,,,"UgyRqye2SMEOfReDZbt4AaABAg.A8KMiVMj86KA8b4uNhBBuM"," @NasirBintangAsia_  Mantaop",,"8",,,,,"false",,,,,,"https://www.youtube.com/watch?v=qBjoAMTLECY","5 days ago","0","UgyRqye2SMEOfReDZbt4AaABAg",,,,"New..❗❗❗ Sawi Putih Hibrida Varietas Cacha F1 produksi PT Benih Citra Asia","reply",,"qBjoAMTLECY",,"0"
"@nrllhardianti1111","true",,,,"Ugx2Q_h0aBT-2s3u9nx4AaABAg.A8JeONV7K45A8K1vMjFxJg","🎉🎉",,"8",,,,,"false",,,,,,"https://www.youtube.com/watch?v=qBjoAMTLECY","12 days ago","0","Ugx2Q_h0aBT-2s3u9nx4AaABAg",,,,"New..❗❗❗ Sawi Putih Hibrida Varietas Cacha F1 produksi PT Benih Citra Asia","reply",,"qBjoAMTLECY",,"0"
"@samiseedsindonesia3973","false",,,,"Ugwg3gWT6xvuGN-PRCN4AaABAg","Salam marketing bca",,"16",,,,,"false",,,,,,"https://www.youtube.com/watch?v=ccsZ5xgyq04","1 day ago","0",,,,,"Tomat Vitalia F1 produksi PT.Benih Citra Asia","comment",,"ccsZ5xgyq04",,"0"
"@samiseedsindonesia3973","false",,,,"Ugxan6wA3WpfHQlti1Z4AaABAg","Itu vitalia dataran rendah apa tinggi?",,"16",,,,,"false",,,,,,"https://www.youtube.com/watch?v=ccsZ5xgyq04","1 day ago","2",,,,,"Tomat Vitalia F1 produksi PT.Benih Citra Asia","comment",,"ccsZ5xgyq04",,"0"
"@mahendra2764","false",,,,"Ugxr61gsx2k0uf3pvlN4AaABAg","Bisami jadi youtuber cece😅😅",,"16",,,,,"false",,,,,,"https://www.youtube.com/watch?v=ccsZ5xgyq04","8 days ago","5",,,,,"Tomat Vitalia F1 produksi PT.Benih Citra Asia","comment",,"ccsZ5xgyq04",,"0"
"@NasirBintangAsia_","false",,,,"UgxAFkMkqP394auJytR4AaABAg","sukses vitalia",,"16",,,,,"false",,,,,,"https://www.youtube.com/watch?v=ccsZ5xgyq04","12 days ago","1",,,,,"Tomat Vitalia F1 produksi PT.Benih Citra Asia","comment",,"ccsZ5xgyq04",,"0"
"@mohamadcali8259","false",,,,"UgwdL0zEO6w_zcN6dN94AaABAg","Sukses untuk petugas bintang asia",,"16",,,,,"false",,,,,,"https://www.youtube.com/watch?v=ccsZ5xgyq04","12 days ago","1",,,,,"Tomat Vitalia F1 produksi PT.Benih Citra Asia","comment",,"ccsZ5xgyq04",,"0"
"@opeqbintangasia","false",,,,"Ugxnp9ykbXwZ8xpRH7F4AaABAg","Tahan virus.
Buah lebat.
Produksi tinggi.",,"16",,,,,"false",,,,,,"https://www.youtube.com/watch?v=ccsZ5xgyq04","12 days ago","1",,,,,"Tomat Vitalia F1 produksi PT.Benih Citra Asia","comment",,"ccsZ5xgyq04",,"0"
"@nrllhardianti1111","true",,,,"Ugxan6wA3WpfHQlti1Z4AaABAg.A8n88-43jaRA8nBSijuc8F"," @samiseedsindonesia3973  Rendah ke tinggi kak",,"16",,,,,"false",,,,,,"https://www.youtube.com/watch?v=ccsZ5xgyq04","1 day ago","0","Ugxan6wA3WpfHQlti1Z4AaABAg",,,,"Tomat Vitalia F1 produksi PT.Benih Citra Asia","reply",,"ccsZ5xgyq04",,"1"
"@nrllhardianti1111","true",,,,"Ugxan6wA3WpfHQlti1Z4AaABAg.A8n88-43jaRA8nBUjj6pIL"," @samiseedsindonesia3973  tp yg di vidio sy lokasinya di dataran menengah",,"16",,,,,"false",,,,,,"https://www.youtube.com/watch?v=ccsZ5xgyq04","1 day ago","0","Ugxan6wA3WpfHQlti1Z4AaABAg",,,,"Tomat Vitalia F1 produksi PT.Benih Citra Asia","reply",,"ccsZ5xgyq04",,"0"
"@nrllhardianti1111","true",,,,"Ugxr61gsx2k0uf3pvlN4AaABAg.A8Ux5NQ2uu1A8V2hzkFYKX"," @mahendra2764  Jngab lupa suscribe bosku.. hahaha",,"16",,,,,"false",,,,,,"https://www.youtube.com/watch?v=ccsZ5xgyq04","8 days ago","0","Ugxr61gsx2k0uf3pvlN4AaABAg",,,,"Tomat Vitalia F1 produksi PT.Benih Citra Asia","reply",,"ccsZ5xgyq04",,"0"
"@mahendra2764","false",,,,"Ugxr61gsx2k0uf3pvlN4AaABAg.A8Ux5NQ2uu1A8WC4Y6QqUk"," @nrllhardianti1111  oke, assiappp",,"16",,,,,"false",,,,,,"https://www.youtube.com/watch?v=ccsZ5xgyq04","8 days ago","0","Ugxr61gsx2k0uf3pvlN4AaABAg",,,,"Tomat Vitalia F1 produksi PT.Benih Citra Asia","reply",,"ccsZ5xgyq04",,"0"
"@nrllhardianti1111","true",,,,"Ugxr61gsx2k0uf3pvlN4AaABAg.A8Ux5NQ2uu1A8WFPNJ2BAK"," @mahendra2764  sebarkan😄😄",,"16",,,,,"false",,,,,,"https://www.youtube.com/watch?v=ccsZ5xgyq04","8 days ago","0","Ugxr61gsx2k0uf3pvlN4AaABAg",,,,"Tomat Vitalia F1 produksi PT.Benih Citra Asia","reply",,"ccsZ5xgyq04",,"0"
"@mahendra2764","false",,,,"Ugxr61gsx2k0uf3pvlN4AaABAg.A8Ux5NQ2uu1A8WyIRiJ-7e"," @nrllhardianti1111  sebarkan kemana ini",,"16",,,,,"false",,,,,,"https://www.youtube.com/watch?v=ccsZ5xgyq04","7 days ago","0","Ugxr61gsx2k0uf3pvlN4AaABAg",,,,"Tomat Vitalia F1 produksi PT.Benih Citra Asia","reply",,"ccsZ5xgyq04",,"0"
"@nrllhardianti1111","true",,,,"Ugxr61gsx2k0uf3pvlN4AaABAg.A8Ux5NQ2uu1A8XKaf8X82H"," @mahendra2764  Ke grub2 Wa .. hahahaja",,"16",,,,,"false",,,,,,"https://www.youtube.com/watch?v=ccsZ5xgyq04","7 days ago","0","Ugxr61gsx2k0uf3pvlN4AaABAg",,,,"Tomat Vitalia F1 produksi PT.Benih Citra Asia","reply",,"ccsZ5xgyq04",,"0"
"@nrllhardianti1111","true",,,,"UgxAFkMkqP394auJytR4AaABAg.A8KMniMREN4A8LkmGYR91b","Aamiin🎉",,"16",,,,,"false",,,,,,"https://www.youtube.com/watch?v=ccsZ5xgyq04","12 days ago","0","UgxAFkMkqP394auJytR4AaABAg",,,,"Tomat Vitalia F1 produksi PT.Benih Citra Asia","reply",,"ccsZ5xgyq04",,"0"
"@nrllhardianti1111","true",,,,"UgwdL0zEO6w_zcN6dN94AaABAg.A8Js5PgScamA8Lkn8Eo-HA","Aamiin",,"16",,,,,"false",,,,,,"https://www.youtube.com/watch?v=ccsZ5xgyq04","12 days ago","0","UgwdL0zEO6w_zcN6dN94AaABAg",,,,"Tomat Vitalia F1 produksi PT.Benih Citra Asia","reply",,"ccsZ5xgyq04",,"0"
"@nrllhardianti1111","true",,,,"Ugxnp9ykbXwZ8xpRH7F4AaABAg.A8JeIjjubzmA8Lkny3jwxE","❤",,"16",,,,,"false",,,,,,"https://www.youtube.com/watch?v=ccsZ5xgyq04","12 days ago","0","Ugxnp9ykbXwZ8xpRH7F4AaABAg",,,,"Tomat Vitalia F1 produksi PT.Benih Citra Asia","reply",,"ccsZ5xgyq04",,"0"
,,"UCZpCM2RFMCrzWAtn0PGx1Iw","Nrll Hardianti Bintang Asia","https://www.youtube.com/@nrllhardianti1111",,,,"0","false","2024-09-20T07:56:51.000Z",,"00:01:18",,"Lk2VzMzcRvo",,"3",,"56",,,,,,"","https://i.ytimg.com/vi/Lk2VzMzcRvo/maxresdefault.jpg?sqp=-oaymwEmCIAKENAF8quKqQMa8AEB-AG2CIACgA-KAgwIABABGFIgZSg9MA8=&rs=AOn4CLBEd65y2-X3YD-Mw2Ah6_FBAi-NGA","Madrid F1 Semangka Non Biji Produksi PT.Benih Citra Asia","video","https://www.youtube.com/watch?v=Lk2VzMzcRvo",,"156",
