﻿"channelAvatarUrl","channelBannerUrl","channelDescription","channelId","channelJoinedDate","channelLocation","channelName","channelTotalVideos","channelTotalViews","channelUrl","comments","commentsCount","commentsTurnedOff","date","descriptionLinks","duration","fromYTUrl","id","input","inputChannelUrl","isAgeRestricted","isChannelVerified","isMonetized","likes","location","note","numberOfSubscribers","order","subtitles","text","thumbnailUrl","title","type","url","viewCount"
,,,,,,,,,,,,,,,,,,"https://www.youtube.com/@nrllhardianti1111/shorts",,,,,,,"The channel has no live videos.",,,,,,,,"https://www.youtube.com/@nrllhardianti1111/about",
"https://yt3.googleusercontent.com/dOVVW_3ULLcifZxZvyC25RszUx4gNNedcY66K-4Qk78RLX68o7j9KpRR1mDJjjEl2nf5_4eQiA=s160-c-k-c0x00ffffff-no-rj","https://yt3.googleusercontent.com/iB-9nhCN05P69bZt-O4NhGK9CYcQG08boKAfgB3dhH6dejPN4ecHSFyjTlXgtyoBxm-bPW2kSA=w2560-fcrop64=1,00005a57ffffa5a8-k-c0xffffffff-no-nd-rj",,"UCZpCM2RFMCrzWAtn0PGx1Iw","Jul 15, 2020",,"Nrll Hardianti Bintang Asia","21","5296","https://www.youtube.com/channel/UCZpCM2RFMCrzWAtn0PGx1Iw",,"0",,"2024-09-18T13:04:12.000Z",,,"https://www.youtube.com/@nrllhardianti1111/shorts","_d4pZ0CXsLA",,"https://www.youtube.com/@nrllhardianti1111/shorts","false","false",,"3",,,"56","0",,,"https://i.ytimg.com/vi/_d4pZ0CXsLA/oar2.jpg?sqp=-oaymwEdCJUDENAFSFWQAgHyq4qpAwwIARUAAIhCcAHAAQY=&rs=AOn4CLBdTKklSS6UaAdSiP_QWGQ_E9VD8Q","Semangka Diva F1 Produksi PT.Benih Citra Asia","shorts","https://www.youtube.com/shorts/_d4pZ0CXsLA","47"
"https://yt3.googleusercontent.com/dOVVW_3ULLcifZxZvyC25RszUx4gNNedcY66K-4Qk78RLX68o7j9KpRR1mDJjjEl2nf5_4eQiA=s160-c-k-c0x00ffffff-no-rj","https://yt3.googleusercontent.com/iB-9nhCN05P69bZt-O4NhGK9CYcQG08boKAfgB3dhH6dejPN4ecHSFyjTlXgtyoBxm-bPW2kSA=w2560-fcrop64=1,00005a57ffffa5a8-k-c0xffffffff-no-nd-rj",,"UCZpCM2RFMCrzWAtn0PGx1Iw","Jul 15, 2020",,"Nrll Hardianti Bintang Asia","21","5296","https://www.youtube.com/channel/UCZpCM2RFMCrzWAtn0PGx1Iw",,"1","false","2024-09-13T04:15:38.000Z",,"00:01:09","https://www.youtube.com/@nrllhardianti1111/videos","hw2Na7F6z1o",,"https://www.youtube.com/@nrllhardianti1111/shorts","false","false",,"4",,,"56",,,"Lokasi Pertama Tewe F1","https://i.ytimg.com/vi/hw2Na7F6z1o/maxresdefault.jpg?sqp=-oaymwEmCIAKENAF8quKqQMa8AEB-AG2CIACgA-KAgwIABABGGUgZShlMA8=&rs=AOn4CLDikZuT0rsGAm6T9vQ_Cj8KO6nNoQ","Visit lahan petani Buncis tomat dan kubis","video","https://www.youtube.com/watch?v=hw2Na7F6z1o","19"
"https://yt3.googleusercontent.com/dOVVW_3ULLcifZxZvyC25RszUx4gNNedcY66K-4Qk78RLX68o7j9KpRR1mDJjjEl2nf5_4eQiA=s160-c-k-c0x00ffffff-no-rj","https://yt3.googleusercontent.com/iB-9nhCN05P69bZt-O4NhGK9CYcQG08boKAfgB3dhH6dejPN4ecHSFyjTlXgtyoBxm-bPW2kSA=w2560-fcrop64=1,00005a57ffffa5a8-k-c0xffffffff-no-nd-rj",,"UCZpCM2RFMCrzWAtn0PGx1Iw","Jul 15, 2020",,"Nrll Hardianti Bintang Asia","21","5296","https://www.youtube.com/channel/UCZpCM2RFMCrzWAtn0PGx1Iw",,"8","false","2024-09-13T05:07:20.000Z",,"00:01:38","https://www.youtube.com/@nrllhardianti1111/videos","qBjoAMTLECY",,"https://www.youtube.com/@nrllhardianti1111/shorts","false","false",,"3",,,"56",,,"","https://i.ytimg.com/vi/qBjoAMTLECY/maxresdefault.jpg?sqp=-oaymwEmCIAKENAF8quKqQMa8AEB-AG2CIACgA-KAgwIABABGFkgXyhlMA8=&rs=AOn4CLDtbAOkYegGCWmkNmQZcrtpUePnzQ","New..❗❗❗ Sawi Putih Hibrida Varietas Cacha F1 produksi PT Benih Citra Asia","video","https://www.youtube.com/watch?v=qBjoAMTLECY","31"
"https://yt3.googleusercontent.com/dOVVW_3ULLcifZxZvyC25RszUx4gNNedcY66K-4Qk78RLX68o7j9KpRR1mDJjjEl2nf5_4eQiA=s160-c-k-c0x00ffffff-no-rj","https://yt3.googleusercontent.com/iB-9nhCN05P69bZt-O4NhGK9CYcQG08boKAfgB3dhH6dejPN4ecHSFyjTlXgtyoBxm-bPW2kSA=w2560-fcrop64=1,00005a57ffffa5a8-k-c0xffffffff-no-nd-rj",,"UCZpCM2RFMCrzWAtn0PGx1Iw","Jul 15, 2020",,"Nrll Hardianti Bintang Asia","21","5296","https://www.youtube.com/channel/UCZpCM2RFMCrzWAtn0PGx1Iw",,"0","false","2024-09-20T07:56:51.000Z",,"00:01:18","https://www.youtube.com/@nrllhardianti1111/videos","Lk2VzMzcRvo",,"https://www.youtube.com/@nrllhardianti1111/shorts","false","false",,"3",,,"56",,,"","https://i.ytimg.com/vi/Lk2VzMzcRvo/maxresdefault.jpg?sqp=-oaymwEmCIAKENAF8quKqQMa8AEB-AG2CIACgA-KAgwIABABGFIgZSg9MA8=&rs=AOn4CLBEd65y2-X3YD-Mw2Ah6_FBAi-NGA","Madrid F1 Semangka Non Biji Produksi PT.Benih Citra Asia","video","https://www.youtube.com/watch?v=Lk2VzMzcRvo","156"
"https://yt3.googleusercontent.com/dOVVW_3ULLcifZxZvyC25RszUx4gNNedcY66K-4Qk78RLX68o7j9KpRR1mDJjjEl2nf5_4eQiA=s160-c-k-c0x00ffffff-no-rj","https://yt3.googleusercontent.com/iB-9nhCN05P69bZt-O4NhGK9CYcQG08boKAfgB3dhH6dejPN4ecHSFyjTlXgtyoBxm-bPW2kSA=w2560-fcrop64=1,00005a57ffffa5a8-k-c0xffffffff-no-nd-rj",,"UCZpCM2RFMCrzWAtn0PGx1Iw","Jul 15, 2020",,"Nrll Hardianti Bintang Asia","21","5296","https://www.youtube.com/channel/UCZpCM2RFMCrzWAtn0PGx1Iw",,"16","false","2024-09-13T04:47:13.000Z",,"00:01:25","https://www.youtube.com/@nrllhardianti1111/videos","ccsZ5xgyq04",,"https://www.youtube.com/@nrllhardianti1111/shorts","false","false",,"7",,,"56",,,"Ngeeriii buah tomat dengan produksi yang tinggi","https://i.ytimg.com/vi/ccsZ5xgyq04/maxresdefault.jpg?sqp=-oaymwEmCIAKENAF8quKqQMa8AEB-AG2CIACgA-KAgwIABABGFYgXShlMA8=&rs=AOn4CLA2Ui295AGzexucSanWcRMKJWK_Zw","Tomat Vitalia F1 produksi PT.Benih Citra Asia","video","https://www.youtube.com/watch?v=ccsZ5xgyq04","47"
