﻿"attachments/0/__typename","attachments/0/animated_image","attachments/0/animated_image/uri","attachments/0/frame_count","attachments/0/frame_rate","attachments/0/frames_per_column","attachments/0/frames_per_row","attachments/0/id","attachments/0/image/height","attachments/0/image/uri","attachments/0/image/width","attachments/0/label","attachments/0/pack/id","attachments/0/pack/name","attachments/0/sprite_image","attachments/0/sprite_image/uri","attachments/0/target/__typename","attachments/0/target/id","attachments/0/target/matching_quantity","attachments/0/target/spark_quantity","attachments/0/target/stars_image_on_star_quantity","attachments/0/target/virtual_gift","attachments/0/target/virtual_gift_type/__typename","attachments/0/target/virtual_gift_type/gift_animated_image","attachments/0/target/virtual_gift_type/gift_image","attachments/0/target/virtual_gift_type/gift_keyframe_asset_name","attachments/0/target/virtual_gift_type/gift_keyframe_asset_url","attachments/0/target/virtual_gift_type/id","commentUrl","comments/0/commentUrl","comments/0/date","comments/0/feedbackId","comments/0/id","comments/0/likesCount","comments/0/parentComment/author/__typename","comments/0/parentComment/author/id","comments/0/parentComment/author/name","comments/0/parentComment/author/short_name","comments/0/parentComment/id","comments/0/profileId","comments/0/profileName","comments/0/profilePicture","comments/0/profileUrl","comments/0/replyToCommentId","comments/0/text","comments/0/threadingDepth","commentsCount","date","facebookId","facebookUrl","feedbackId","id","inputUrl","likesCount","pageAdLibrary/id","pageAdLibrary/is_business_page_active","pageAdLibrary/woodhenge_creator_info","parentComment/author/__typename","parentComment/author/id","parentComment/author/name","parentComment/author/short_name","parentComment/id","postTitle","profileId","profileName","profilePicture","profileUrl","replyToCommentId","text","threadingDepth"
,,,,,,,,,,,,,,,,,,,,,,,,,,,,"https://www.facebook.com/permalink.php?story_fbid=pfbid06wn7Q24bCUaDd84PiQB6M3img58UUdZaMgwkQyA35wSs8JrQx8SK1kr7hevS5jjrl&id=100069205464353&comment_id=1127235771860890",,,,,,,,,,,,,,,,,,,"2024-09-30T04:22:32.000Z","840789508237890","https://www.facebook.com/100069205464353/posts/840789508237890","ZmVlZGJhY2s6ODQwNzg5NTA4MjM3ODkwXzExMjcyMzU3NzE4NjA4OTA=","Y29tbWVudDo4NDA3ODk1MDgyMzc4OTBfMTEyNzIzNTc3MTg2MDg5MA==","https://www.facebook.com/100069205464353/posts/840789508237890","1","355442210992705","false",,,,,,,"Helly Seedling. 332 likes · 202 talking about this. bibit sayuran🌱 semangka🍉 dll
Desa srisawahan deket wisata Bendungan Dam Raman.🏡wa :082280717454📲","100069205464353","Helly Seedling","https://scontent-iad3-1.xx.fbcdn.net/v/t39.30808-1/428336159_702155295434646_5059998008807722009_n.jpg?stp=cp6_dst-jpg_s32x32&_nc_cat=108&ccb=1-7&_nc_sid=50d2ac&_nc_ohc=5XF9CFWlfb8Q7kNvgE2INGS&_nc_ht=scontent-iad3-1.xx&_nc_gid=A33vQLJ3s8Fe0WssqTiGhyu&oh=00_AYCWoE183bBxNt0LWiz_UgLGL1FHnxrgmTr51zzDfbW-lA&oe=6709534D","https://www.facebook.com/people/Helly-Seedling/100069205464353/",,"Trimakasih","0"
,,,,,,,,,,,,,,,,,,,,,,,,,,,,"https://www.facebook.com/permalink.php?story_fbid=pfbid06wn7Q24bCUaDd84PiQB6M3img58UUdZaMgwkQyA35wSs8JrQx8SK1kr7hevS5jjrl&id=100069205464353&comment_id=2193697634350096",,,,,,,,,,,,,,,,,,,"2024-09-30T04:10:34.000Z","840789508237890","https://www.facebook.com/100069205464353/posts/840789508237890","ZmVlZGJhY2s6ODQwNzg5NTA4MjM3ODkwXzIxOTM2OTc2MzQzNTAwOTY=","Y29tbWVudDo4NDA3ODk1MDgyMzc4OTBfMjE5MzY5NzYzNDM1MDA5Ng==","https://www.facebook.com/100069205464353/posts/840789508237890","1","355442210992705","false",,,,,,,"Helly Seedling. 332 likes · 202 talking about this. bibit sayuran🌱 semangka🍉 dll
Desa srisawahan deket wisata Bendungan Dam Raman.🏡wa :082280717454📲","100065666973498","Davina Azkiya","https://scontent-iad3-1.xx.fbcdn.net/v/t39.30808-1/310827072_448278690704360_4714759928606141569_n.jpg?stp=cp0_dst-jpg_s32x32&_nc_cat=110&ccb=1-7&_nc_sid=50d2ac&_nc_ohc=v2K5kRuw5P0Q7kNvgECfxt_&_nc_ht=scontent-iad3-1.xx&_nc_gid=A33vQLJ3s8Fe0WssqTiGhyu&oh=00_AYDobbKJ6z-Hl4ZBVU8wcn_-mW_XANREkD7pGb6z2sBhSQ&oe=67096986","https://www.facebook.com/davina.azkiya.9",,"Keren bang","0"
"Sticker",,"https://scontent-iad3-1.xx.fbcdn.net/v/t39.1997-6/68894373_1459627387495333_5835456569109643264_n.webp?stp=dst-webp_s110x80&_nc_cat=104&ccb=1-7&_nc_sid=ba09c1&_nc_ohc=cJAEAaizZO8Q7kNvgFl3IbK&_nc_ht=scontent-iad3-1.xx&_nc_gid=A33vQLJ3s8Fe0WssqTiGhyu&oh=00_AYCmf7F-75n9CSn7Le9J3J8GSA9jeLiMpzpk_tbdr7ztzA&oe=670957A3","14","100","4","4","514561552001926","80","https://scontent-iad3-2.xx.fbcdn.net/v/t39.1997-6/69142452_1459627590828646_6160083988481310720_n.png?stp=cp0_dst-png_s110x80&_nc_cat=111&ccb=1-7&_nc_sid=23dd7b&_nc_ohc=iLzl-3km6nMQ7kNvgHm0JS7&_nc_ht=scontent-iad3-2.xx&_nc_gid=A33vQLJ3s8Fe0WssqTiGhyu&oh=00_AYAOziOrhrDYbLr7DjuoCHxBXTnTu7OjgTq6CcTMJggA9g&oe=67094D91","80","Business fish, a person with a pink fish head wearing a suit and tie, giving a large thumbs up with their right hand and saying good","493674027424012","Executive Business Fish",,"https://scontent-iad3-2.xx.fbcdn.net/v/t39.1997-6/68866962_1459627384162000_4858367271799619584_n.png?stp=dst-png_p320x320&_nc_cat=106&ccb=1-7&_nc_sid=ba09c1&_nc_ohc=bBIruliCvDAQ7kNvgEhHmb_&_nc_ht=scontent-iad3-2.xx&_nc_gid=A33vQLJ3s8Fe0WssqTiGhyu&oh=00_AYAxCXYbhoT5aSwLMbXS4oZEvJpIh6_-mGe7H-Vn9nBsXg&oe=67097348",,,,,,,,,,,,,"https://www.facebook.com/permalink.php?story_fbid=pfbid06wn7Q24bCUaDd84PiQB6M3img58UUdZaMgwkQyA35wSs8JrQx8SK1kr7hevS5jjrl&id=100069205464353&comment_id=1231142084602147",,,,,,,,,,,,,,,,,,,"2024-09-30T13:05:31.000Z","840789508237890","https://www.facebook.com/100069205464353/posts/840789508237890","ZmVlZGJhY2s6ODQwNzg5NTA4MjM3ODkwXzEyMzExNDIwODQ2MDIxNDc=","Y29tbWVudDo4NDA3ODk1MDgyMzc4OTBfMTIzMTE0MjA4NDYwMjE0Nw==","https://www.facebook.com/100069205464353/posts/840789508237890","1","355442210992705","false",,,,,,,"Helly Seedling. 332 likes · 202 talking about this. bibit sayuran🌱 semangka🍉 dll
Desa srisawahan deket wisata Bendungan Dam Raman.🏡wa :082280717454📲","pfbid0oZ7UuinsWQAN52ghq1ZSQgKNfgAPaWnQ7C1tnALSsjPEJ3bWMdQ82fpmKe4TBXHwl","Sunar Tani","https://scontent-iad3-2.xx.fbcdn.net/v/t1.6435-1/93576732_106916267662838_767661293183172608_n.jpg?stp=c130.0.780.780a_cp0_dst-jpg_s32x32&_nc_cat=111&ccb=1-7&_nc_sid=0ecb9b&_nc_ohc=qRyiiYd0vhAQ7kNvgHq1hwZ&_nc_ht=scontent-iad3-2.xx&_nc_gid=A33vQLJ3s8Fe0WssqTiGhyu&oh=00_AYDUmkqPc39tMjw40gESzO5JMo9-ZXcjoy1wulGavDDh8g&oe=672AEEDD","https://www.facebook.com/sunar.tani.5",,"Bibit apa boss","0"
,,,,,,,,,,,,,,,,,,,,,,,,,,,,"https://www.facebook.com/permalink.php?story_fbid=pfbid06wn7Q24bCUaDd84PiQB6M3img58UUdZaMgwkQyA35wSs8JrQx8SK1kr7hevS5jjrl&id=100069205464353&comment_id=1051745172840066","https://www.facebook.com/permalink.php?story_fbid=pfbid06wn7Q24bCUaDd84PiQB6M3img58UUdZaMgwkQyA35wSs8JrQx8SK1kr7hevS5jjrl&id=100069205464353&comment_id=1051745172840066&reply_comment_id=400969832868159","2024-10-02T07:38:38.000Z","ZmVlZGJhY2s6ODQwNzg5NTA4MjM3ODkwXzQwMDk2OTgzMjg2ODE1OQ==","Y29tbWVudDo4NDA3ODk1MDgyMzc4OTBfNDAwOTY5ODMyODY4MTU5","0","User","pfbid023WFU7Hd5oEQd8AjjoTEokVpYQ2LzV9apWv9gToXyj4aDSoYEDTngwLYukx3uU25ql","Jumingin","Jumingin","Y29tbWVudDo4NDA3ODk1MDgyMzc4OTBfMTA1MTc0NTE3Mjg0MDA2Ng==","100069205464353","Helly Seedling","https://scontent-iad3-1.xx.fbcdn.net/v/t39.30808-1/428336159_702155295434646_5059998008807722009_n.jpg?stp=cp6_dst-jpg_s32x32&_nc_cat=108&ccb=1-7&_nc_sid=50d2ac&_nc_ohc=5XF9CFWlfb8Q7kNvgE2INGS&_nc_ht=scontent-iad3-1.xx&_nc_gid=A33vQLJ3s8Fe0WssqTiGhyu&oh=00_AYCWoE183bBxNt0LWiz_UgLGL1FHnxrgmTr51zzDfbW-lA&oe=6709534D","https://www.facebook.com/people/Helly-Seedling/100069205464353/","Y29tbWVudDo4NDA3ODk1MDgyMzc4OTBfMTA1MTc0NTE3Mjg0MDA2Ng==","Jumingin sandjng pertashop Srisawahan","1","1","2024-10-02T07:29:03.000Z","840789508237890","https://www.facebook.com/100069205464353/posts/840789508237890","ZmVlZGJhY2s6ODQwNzg5NTA4MjM3ODkwXzEwNTE3NDUxNzI4NDAwNjY=","Y29tbWVudDo4NDA3ODk1MDgyMzc4OTBfMTA1MTc0NTE3Mjg0MDA2Ng==","https://www.facebook.com/100069205464353/posts/840789508237890","1","355442210992705","false",,,,,,,"Helly Seedling. 332 likes · 202 talking about this. bibit sayuran🌱 semangka🍉 dll
Desa srisawahan deket wisata Bendungan Dam Raman.🏡wa :082280717454📲","pfbid023WFU7Hd5oEQd8AjjoTEokVpYQ2LzV9apWv9gToXyj4aDSoYEDTngwLYukx3uU25ql","Jumingin","https://scontent-iad3-2.xx.fbcdn.net/v/t39.30808-1/400152163_350168867669761_3470593595224753686_n.jpg?stp=cp0_dst-jpg_s32x32&_nc_cat=106&ccb=1-7&_nc_sid=0ecb9b&_nc_ohc=h0W-0gjYbecQ7kNvgGJKS9o&_nc_ht=scontent-iad3-2.xx&_nc_gid=A33vQLJ3s8Fe0WssqTiGhyu&oh=00_AYDX-5XyLahJSWOjJRnifsGziOuaxyB9XA47aK741BNMbg&oe=67094B2D","https://www.facebook.com/people/Jumingin/pfbid023WFU7Hd5oEQd8AjjoTEokVpYQ2LzV9apWv9gToXyj4aDSoYEDTngwLYukx3uU25ql/",,"Sebelah pembibitan kae Yo mbak","0"
"Sticker",,,"1","83","1","1","140051381647167","80","https://scontent-iad3-1.xx.fbcdn.net/v/t39.1997-6/240516696_140051384980500_4324639588081017510_n.png?stp=cp0_dst-png_s110x80&_nc_cat=107&ccb=1-7&_nc_sid=23dd7b&_nc_ohc=BnITkIeeckgQ7kNvgGlNkYq&_nc_ht=scontent-iad3-1.xx&_nc_gid=A33vQLJ3s8Fe0WssqTiGhyu&oh=00_AYAu1qpRg4n5fvV14h5FJuUMdhkDsthYLeJXBlipQiZ0Eg&oe=67097398","80","","140047671647538","[Newsfeed] Philippines First Party",,,,,,,,,,,,,,,"https://www.facebook.com/permalink.php?story_fbid=pfbid06wn7Q24bCUaDd84PiQB6M3img58UUdZaMgwkQyA35wSs8JrQx8SK1kr7hevS5jjrl&id=100069205464353&comment_id=1067546078327036",,,,,,,,,,,,,,,,,,,"2024-09-30T03:28:45.000Z","840789508237890","https://www.facebook.com/100069205464353/posts/840789508237890","ZmVlZGJhY2s6ODQwNzg5NTA4MjM3ODkwXzEwNjc1NDYwNzgzMjcwMzY=","Y29tbWVudDo4NDA3ODk1MDgyMzc4OTBfMTA2NzU0NjA3ODMyNzAzNg==","https://www.facebook.com/100069205464353/posts/840789508237890","1","355442210992705","false",,,,,,,"Helly Seedling. 332 likes · 202 talking about this. bibit sayuran🌱 semangka🍉 dll
Desa srisawahan deket wisata Bendungan Dam Raman.🏡wa :082280717454📲","100000463903590","Wong Ndalan","https://scontent-iad3-1.xx.fbcdn.net/v/t39.30808-1/323054068_571971727595747_7137331048919211238_n.jpg?stp=cp0_dst-jpg_s32x32&_nc_cat=104&ccb=1-7&_nc_sid=50d2ac&_nc_ohc=Djr2ryd80KIQ7kNvgEr6OCq&_nc_ht=scontent-iad3-1.xx&_nc_gid=A33vQLJ3s8Fe0WssqTiGhyu&oh=00_AYCjr6pqmT6RTGFqEkOWh3piXn2keaaI9LPDKtT9TKdvmg&oe=67094542",,,,"0"
,,,,,,,,,,,,,,,,,,,,,,,,,,,,"https://www.facebook.com/reel/502471772709730/?comment_id=1204733980812093",,,,,,,,,,,,,,,,,,"2","2024-10-03T09:51:53.000Z","843209521329222","https://www.facebook.com/100069205464353/posts/843209521329222","ZmVlZGJhY2s6ODQzMjA5NTIxMzI5MjIyXzEyMDQ3MzM5ODA4MTIwOTM=","Y29tbWVudDo4NDMyMDk1MjEzMjkyMjJfMTIwNDczMzk4MDgxMjA5Mw==","https://www.facebook.com/100069205464353/posts/843209521329222","2","233184383212138",,,,,,,,"02 Oktober 2024.

OKREEEEEEE!!!
Helly Seedling kembali menjadi tempat pertemuan bagi rekan rekan sepesial yaitu pak Sugito Semangko yg menjadi salah satu petani semangka sukses dari Bangko Jambi, ada...","pfbid0cqGeexyFDEPL15NWtjRxVPAe7HDZZ6iEv4UA3RmDvrRKXQVLz5cM8Z7SNnAZpUF8l","Sugito Semangko","https://scontent.fmvd4-1.fna.fbcdn.net/v/t1.6435-1/171039543_100851735477673_9187325491285823412_n.jpg?stp=cp0_dst-jpg_s32x32&_nc_cat=103&ccb=1-7&_nc_sid=0ecb9b&_nc_ohc=FsU1Z7ugGX0Q7kNvgF4hpqH&_nc_ht=scontent.fmvd4-1.fna&_nc_gid=AOnEWqW0_lGzQ8DAkF6A6nP&oh=00_AYBtJQtSAR-c4DPjT1_jIY-L7B9hbU6e6YoA82W3mEnczg&oe=672B11FD","https://www.facebook.com/sugito.semangko.9",,"Siap di perintah boss","0"
,,,,,,,,,,,,,,,,,,,,,,,,,,,,"https://www.facebook.com/reel/502471772709730/?comment_id=556937860346153",,,,,,,,,,,,,,,,,,,"2024-10-03T09:53:24.000Z","843209521329222","https://www.facebook.com/100069205464353/posts/843209521329222","ZmVlZGJhY2s6ODQzMjA5NTIxMzI5MjIyXzU1NjkzNzg2MDM0NjE1Mw==","Y29tbWVudDo4NDMyMDk1MjEzMjkyMjJfNTU2OTM3ODYwMzQ2MTUz","https://www.facebook.com/100069205464353/posts/843209521329222","3","233184383212138",,,,,,,,"02 Oktober 2024.

OKREEEEEEE!!!
Helly Seedling kembali menjadi tempat pertemuan bagi rekan rekan sepesial yaitu pak Sugito Semangko yg menjadi salah satu petani semangka sukses dari Bangko Jambi, ada...","100000502823202","Hely Sumanto","https://scontent.fmvd4-1.fna.fbcdn.net/v/t39.30808-1/316542824_6358799140813450_4293880377762150428_n.jpg?stp=c6.0.512.512a_cp0_dst-jpg_s32x32&_nc_cat=107&ccb=1-7&_nc_sid=50d2ac&_nc_ohc=eEitxi6ogFgQ7kNvgEolFw2&_nc_ht=scontent.fmvd4-1.fna&_nc_gid=AOnEWqW0_lGzQ8DAkF6A6nP&oh=00_AYCQXjCLCX2xu8qZNb6I2bI7emo8C3MKchUvMXa5cQfp-g&oe=67095B3C","https://www.facebook.com/hely.sumanto",,"Sangat beruntung bisa kedatangan tamu luar biasa pak Sugito Semangko yang selama ini hanya bisa liat kesuksesan beliau lewat fb","0"
,,,,,,,,,,,,,,,,,,,,,,,,,,,,"https://www.facebook.com/reel/502471772709730/?comment_id=3405598179734979",,,,,,,,,,,,,,,,,,"1","2024-10-03T09:36:55.000Z","843209521329222","https://www.facebook.com/100069205464353/posts/843209521329222","ZmVlZGJhY2s6ODQzMjA5NTIxMzI5MjIyXzM0MDU1OTgxNzk3MzQ5Nzk=","Y29tbWVudDo4NDMyMDk1MjEzMjkyMjJfMzQwNTU5ODE3OTczNDk3OQ==","https://www.facebook.com/100069205464353/posts/843209521329222","1","233184383212138",,,,,,,,"02 Oktober 2024.

OKREEEEEEE!!!
Helly Seedling kembali menjadi tempat pertemuan bagi rekan rekan sepesial yaitu pak Sugito Semangko yg menjadi salah satu petani semangka sukses dari Bangko Jambi, ada...","100001408872342","Febri Arianto","https://scontent.fmvd4-1.fna.fbcdn.net/v/t39.30808-1/402943207_7015531545170405_560873927845988234_n.jpg?stp=cp0_dst-jpg_s32x32&_nc_cat=102&ccb=1-7&_nc_sid=50d2ac&_nc_ohc=EXPOLw0r9FAQ7kNvgFeshyk&_nc_ht=scontent.fmvd4-1.fna&_nc_gid=AOnEWqW0_lGzQ8DAkF6A6nP&oh=00_AYCvT6WTQbBR7abmNn2uWa6Sgg57YAhVLDULF1PJsVQxVQ&oe=67096C7E","https://www.facebook.com/febri.dgunshereikan",,"Panggah okree","0"
,,,,,,,,,,,,,,,,,,,,,,,,,,,,"https://www.facebook.com/reel/502471772709730/?comment_id=1077387143743227",,,,,,,,,,,,,,,,,,"5","2024-10-03T09:57:33.000Z","843209521329222","https://www.facebook.com/100069205464353/posts/843209521329222","ZmVlZGJhY2s6ODQzMjA5NTIxMzI5MjIyXzEwNzczODcxNDM3NDMyMjc=","Y29tbWVudDo4NDMyMDk1MjEzMjkyMjJfMTA3NzM4NzE0Mzc0MzIyNw==","https://www.facebook.com/100069205464353/posts/843209521329222","1","233184383212138",,,,,,,,"02 Oktober 2024.

OKREEEEEEE!!!
Helly Seedling kembali menjadi tempat pertemuan bagi rekan rekan sepesial yaitu pak Sugito Semangko yg menjadi salah satu petani semangka sukses dari Bangko Jambi, ada...","1749717881","Budi Kartika","https://scontent.fmvd4-1.fna.fbcdn.net/v/t1.6435-1/46516739_10205017446033064_7747677507955982336_n.jpg?stp=cp0_dst-jpg_s32x32&_nc_cat=111&ccb=1-7&_nc_sid=db5862&_nc_ohc=iz_xNXfXeC0Q7kNvgFerdml&_nc_ht=scontent.fmvd4-1.fna&_nc_gid=AOnEWqW0_lGzQ8DAkF6A6nP&oh=00_AYBWqb9ZnNRKa9wAZP8XSLmsrltxyGyoAU6Aw-jGAZsZHg&oe=672AF4A5","https://www.facebook.com/BeKa260800",,"Subhanallah","0"
,,,,,,,,,,,,,,,,,,,,,,,,,,,,"https://www.facebook.com/reel/502471772709730/?comment_id=1266050161219010",,,,,,,,,,,,,,,,,,"1","2024-10-03T10:25:02.000Z","843209521329222","https://www.facebook.com/100069205464353/posts/843209521329222","ZmVlZGJhY2s6ODQzMjA5NTIxMzI5MjIyXzEyNjYwNTAxNjEyMTkwMTA=","Y29tbWVudDo4NDMyMDk1MjEzMjkyMjJfMTI2NjA1MDE2MTIxOTAxMA==","https://www.facebook.com/100069205464353/posts/843209521329222","1","233184383212138",,,,,,,,"02 Oktober 2024.

OKREEEEEEE!!!
Helly Seedling kembali menjadi tempat pertemuan bagi rekan rekan sepesial yaitu pak Sugito Semangko yg menjadi salah satu petani semangka sukses dari Bangko Jambi, ada...","100007578522755","Renzy Bintangasia","https://scontent.fmvd4-1.fna.fbcdn.net/v/t39.30808-1/426012403_3605728109689771_2277782955804277447_n.jpg?stp=cp0_dst-jpg_s32x32&_nc_cat=104&ccb=1-7&_nc_sid=50d2ac&_nc_ohc=8B4n2B0-e5EQ7kNvgHb3UqK&_nc_ht=scontent.fmvd4-1.fna&_nc_gid=AOnEWqW0_lGzQ8DAkF6A6nP&oh=00_AYCxibmOXbIqh-U6sHZTlzDxoZz_l7yx31e94B77q9cfhA&oe=67094D44","https://www.facebook.com/renzi.prayuda",,"Bintang Asia Sumbagsel masuk dia bos"" besar..semoga sukses bersama bintang asia pak boskuu","0"
,,,,,,,,,,,,,,,,,,,,,,,,,,,,"https://www.facebook.com/reel/502471772709730/?comment_id=1048470026582461",,,,,,,,,,,,,,,,,,"1","2024-10-03T11:28:11.000Z","843209521329222","https://www.facebook.com/100069205464353/posts/843209521329222","ZmVlZGJhY2s6ODQzMjA5NTIxMzI5MjIyXzEwNDg0NzAwMjY1ODI0NjE=","Y29tbWVudDo4NDMyMDk1MjEzMjkyMjJfMTA0ODQ3MDAyNjU4MjQ2MQ==","https://www.facebook.com/100069205464353/posts/843209521329222","1","233184383212138",,,,,,,,"02 Oktober 2024.

OKREEEEEEE!!!
Helly Seedling kembali menjadi tempat pertemuan bagi rekan rekan sepesial yaitu pak Sugito Semangko yg menjadi salah satu petani semangka sukses dari Bangko Jambi, ada...","pfbid029jdKF9gRcRHXcaaZM3FLsQVs3E4bd5WJ5VLg2CjZ5WE9CqGEoP89cGTmufARLxQMl","Gareng","https://scontent.fmvd4-1.fna.fbcdn.net/v/t39.30808-1/461782098_997787618821659_6745963518217510128_n.jpg?stp=cp0_dst-jpg_s32x32&_nc_cat=103&ccb=1-7&_nc_sid=0ecb9b&_nc_ohc=CfQbg22NyZAQ7kNvgHUVNUW&_nc_ht=scontent.fmvd4-1.fna&_nc_gid=AOnEWqW0_lGzQ8DAkF6A6nP&oh=00_AYBAyPVvUyOSJrGd6A819xTaMF4HsPxbAGwZ_l3t24oZ0g&oe=670957E6","https://www.facebook.com/people/Gareng/pfbid029jdKF9gRcRHXcaaZM3FLsQVs3E4bd5WJ5VLg2CjZ5WE9CqGEoP89cGTmufARLxQMl/",,"Keren boss hely","0"
,,,,,,,,,,,,,,,,,,,,,,,,,,,,"https://www.facebook.com/reel/502471772709730/?comment_id=1592381931313910",,,,,,,,,,,,,,,,,,,"2024-10-03T13:30:19.000Z","843209521329222","https://www.facebook.com/100069205464353/posts/843209521329222","ZmVlZGJhY2s6ODQzMjA5NTIxMzI5MjIyXzE1OTIzODE5MzEzMTM5MTA=","Y29tbWVudDo4NDMyMDk1MjEzMjkyMjJfMTU5MjM4MTkzMTMxMzkxMA==","https://www.facebook.com/100069205464353/posts/843209521329222","0","233184383212138",,,,,,,,"02 Oktober 2024.

OKREEEEEEE!!!
Helly Seedling kembali menjadi tempat pertemuan bagi rekan rekan sepesial yaitu pak Sugito Semangko yg menjadi salah satu petani semangka sukses dari Bangko Jambi, ada...","pfbid0352P6Zco3ZWBe28RSAPxgxTUqkRMe9tnqVUiUsBp7dRQWD5R9F87EwRsNPSUgCokrl","Imam Semangka","https://scontent.fmvd4-1.fna.fbcdn.net/v/t39.30808-1/448710582_122108008040363041_238006994187149039_n.jpg?stp=cp0_dst-jpg_s32x32&_nc_cat=101&ccb=1-7&_nc_sid=0ecb9b&_nc_ohc=Qove6ZU4U6EQ7kNvgH1-yXn&_nc_ht=scontent.fmvd4-1.fna&_nc_gid=AOnEWqW0_lGzQ8DAkF6A6nP&oh=00_AYD0aDfqk73lBv3ykfNgUKYtc2uhhkrhu4opb1gxAHQQYA&oe=6709455C","https://www.facebook.com/people/Imam-Semangka/pfbid0352P6Zco3ZWBe28RSAPxgxTUqkRMe9tnqVUiUsBp7dRQWD5R9F87EwRsNPSUgCokrl/",,"Urong balek Jambi pak gito","0"
,,,,,,,,,,,,,,,,,,,,,,,,,,,,"https://www.facebook.com/reel/502471772709730/?comment_id=1273794280474429",,,,,,,,,,,,,,,,,,,"2024-10-04T12:45:27.000Z","843209521329222","https://www.facebook.com/100069205464353/posts/843209521329222","ZmVlZGJhY2s6ODQzMjA5NTIxMzI5MjIyXzEyNzM3OTQyODA0NzQ0Mjk=","Y29tbWVudDo4NDMyMDk1MjEzMjkyMjJfMTI3Mzc5NDI4MDQ3NDQyOQ==","https://www.facebook.com/100069205464353/posts/843209521329222","0","233184383212138",,,,,,,,"02 Oktober 2024.

OKREEEEEEE!!!
Helly Seedling kembali menjadi tempat pertemuan bagi rekan rekan sepesial yaitu pak Sugito Semangko yg menjadi salah satu petani semangka sukses dari Bangko Jambi, ada...","100083095022037","Nanang Heri Saputra","https://scontent.fmvd4-1.fna.fbcdn.net/v/t39.30808-1/340101807_767580948015102_742480241428340828_n.jpg?stp=cp0_dst-jpg_s32x32&_nc_cat=103&ccb=1-7&_nc_sid=50d2ac&_nc_ohc=RzVnobmmDDIQ7kNvgEHSG_L&_nc_ht=scontent.fmvd4-1.fna&_nc_gid=AOnEWqW0_lGzQ8DAkF6A6nP&oh=00_AYCgmrqilKhZifhl34Td77JXRpoEnX6CrJ3CfzFi6Q4udQ&oe=67096D13","https://www.facebook.com/people/Nanang-Heri-Saputra/100083095022037/",,"Obrolan para suhu","0"
,,,,,,,,,,,,,,,,,,,,,,,,,,,,"https://www.facebook.com/reel/502471772709730/?comment_id=1080219413445935",,,,,,,,,,,,,,,,,,,"2024-10-03T12:06:29.000Z","843209521329222","https://www.facebook.com/100069205464353/posts/843209521329222","ZmVlZGJhY2s6ODQzMjA5NTIxMzI5MjIyXzEwODAyMTk0MTM0NDU5MzU=","Y29tbWVudDo4NDMyMDk1MjEzMjkyMjJfMTA4MDIxOTQxMzQ0NTkzNQ==","https://www.facebook.com/100069205464353/posts/843209521329222","0","233184383212138",,,,,,,,"02 Oktober 2024.

OKREEEEEEE!!!
Helly Seedling kembali menjadi tempat pertemuan bagi rekan rekan sepesial yaitu pak Sugito Semangko yg menjadi salah satu petani semangka sukses dari Bangko Jambi, ada...","100003735069915","Aan Wahyudi","https://scontent.fmvd4-1.fna.fbcdn.net/v/t39.30808-1/242069534_2431110310356781_4538726338126551891_n.jpg?stp=c0.19.581.581a_cp0_dst-jpg_s32x32&_nc_cat=103&ccb=1-7&_nc_sid=50d2ac&_nc_ohc=mbsBywYCyEUQ7kNvgHSEmPo&_nc_ht=scontent.fmvd4-1.fna&_nc_gid=AOnEWqW0_lGzQ8DAkF6A6nP&oh=00_AYBuAoi7VaQudWDirFeAvP6wUFYgz3H79RI3_PZIa67N8g&oe=67095797","https://www.facebook.com/syafa.azahra.52",,"Mugi2 tambah sukses bos","0"
,,,,,,,,,,,,,,,,,,,,,,,,,,,,"https://www.facebook.com/reel/502471772709730/?comment_id=1230059158112708",,,,,,,,,,,,,,,,,,"2","2024-10-03T09:52:37.000Z","843209521329222","https://www.facebook.com/100069205464353/posts/843209521329222","ZmVlZGJhY2s6ODQzMjA5NTIxMzI5MjIyXzEyMzAwNTkxNTgxMTI3MDg=","Y29tbWVudDo4NDMyMDk1MjEzMjkyMjJfMTIzMDA1OTE1ODExMjcwOA==","https://www.facebook.com/100069205464353/posts/843209521329222","1","233184383212138",,,,,,,,"02 Oktober 2024.

OKREEEEEEE!!!
Helly Seedling kembali menjadi tempat pertemuan bagi rekan rekan sepesial yaitu pak Sugito Semangko yg menjadi salah satu petani semangka sukses dari Bangko Jambi, ada...","100034863172105","Agusprasetyo","https://scontent.fmvd4-1.fna.fbcdn.net/v/t1.6435-1/165684079_519528105885957_7925286377017509296_n.jpg?stp=cp0_dst-jpg_s32x32&_nc_cat=109&ccb=1-7&_nc_sid=50d2ac&_nc_ohc=f2tbUN5MfrYQ7kNvgFc0c4i&_nc_ht=scontent.fmvd4-1.fna&_nc_gid=AOnEWqW0_lGzQ8DAkF6A6nP&oh=00_AYBrsglZwAIasej_nYGQWGKXfENKpnyIteTwEtuNUcbrQw&oe=672AFFB1","https://www.facebook.com/agusprasetyo.agusprasetyo.9693",,"Rapat pilkada ki.. Hely Sumanto ? 😁","0"
,,,,,,,,,,,,,,,,,,,,,,,,,,,,"https://www.facebook.com/permalink.php?story_fbid=840789508237890&id=100069205464353&comment_id=1051745172840066&reply_comment_id=400969832868159",,,,,,,,,,,,,,,,,,,"2024-10-02T07:38:38.000Z","840789508237890","https://www.facebook.com/100069205464353/posts/840789508237890","ZmVlZGJhY2s6ODQwNzg5NTA4MjM3ODkwXzQwMDk2OTgzMjg2ODE1OQ==","Y29tbWVudDo4NDA3ODk1MDgyMzc4OTBfNDAwOTY5ODMyODY4MTU5","https://www.facebook.com/100069205464353/posts/840789508237890","0","355442210992705","false",,"User","pfbid023WFU7Hd5oEQd8AjjoTEokVpYQ2LzV9apWv9gToXyj4aDSoYEDTngwLYukx3uU25ql","Jumingin","Jumingin","Y29tbWVudDo4NDA3ODk1MDgyMzc4OTBfMTA1MTc0NTE3Mjg0MDA2Ng==","Helly Seedling. 332 likes · 202 talking about this. bibit sayuran🌱 semangka🍉 dll
Desa srisawahan deket wisata Bendungan Dam Raman.🏡wa :082280717454📲","100069205464353","Helly Seedling","https://scontent.fykz1-1.fna.fbcdn.net/v/t39.30808-1/428336159_702155295434646_5059998008807722009_n.jpg?stp=cp6_dst-jpg_s32x32&_nc_cat=108&ccb=1-7&_nc_sid=50d2ac&_nc_ohc=5XF9CFWlfb8Q7kNvgHytzMT&_nc_ht=scontent.fykz1-1.fna&_nc_gid=AbVmnOrfemNF5v_s_vIJIHj&oh=00_AYBwQ6F9aQKqo2AE_fNe4Uif5D-_2zjzfPBc-jLec03EbA&oe=6709534D","https://www.facebook.com/people/Helly-Seedling/100069205464353/","Y29tbWVudDo4NDA3ODk1MDgyMzc4OTBfMTA1MTc0NTE3Mjg0MDA2Ng==","Jumingin sandjng pertashop Srisawahan","1"
,,,,,,,,,,,,,,,,,,,,,,,,,,,,"https://www.facebook.com/reel/502471772709730/?comment_id=1048470026582461&reply_comment_id=551872633917640",,,,,,,,,,,,,,,,,,,"2024-10-03T12:31:05.000Z","843209521329222","https://www.facebook.com/100069205464353/posts/843209521329222","ZmVlZGJhY2s6ODQzMjA5NTIxMzI5MjIyXzU1MTg3MjYzMzkxNzY0MA==","Y29tbWVudDo4NDMyMDk1MjEzMjkyMjJfNTUxODcyNjMzOTE3NjQw","https://www.facebook.com/100069205464353/posts/843209521329222","0","233184383212138",,,"User","pfbid029jdKF9gRcRHXcaaZM3FLsQVs3E4bd5WJ5VLg2CjZ5WE9CqGEoP89cGTmufARLxQMl","Gareng","Gareng","Y29tbWVudDo4NDMyMDk1MjEzMjkyMjJfMTA0ODQ3MDAyNjU4MjQ2MQ==","02 Oktober 2024.

OKREEEEEEE!!!
Helly Seedling kembali menjadi tempat pertemuan bagi rekan rekan sepesial yaitu pak Sugito Semangko yg menjadi salah satu petani semangka sukses dari Bangko Jambi, ada...","100000502823202","Hely Sumanto","https://scontent.fvlc7-1.fna.fbcdn.net/v/t39.30808-1/316542824_6358799140813450_4293880377762150428_n.jpg?stp=c6.0.512.512a_cp0_dst-jpg_s32x32&_nc_cat=107&ccb=1-7&_nc_sid=50d2ac&_nc_ohc=eEitxi6ogFgQ7kNvgEd1Wyd&_nc_ht=scontent.fvlc7-1.fna&_nc_gid=ALQ7XmBrvF9-AUCJicNN-A5&oh=00_AYAzW15I_R11QU4TIbFntMTNCvr6f7qfNPOLS0UofRApLA&oe=67095B3C","https://www.facebook.com/hely.sumanto","Y29tbWVudDo4NDMyMDk1MjEzMjkyMjJfMTA0ODQ3MDAyNjU4MjQ2MQ==","Gareng amin pak","1"
"Sticker",,"https://scontent-dub4-1.xx.fbcdn.net/v/t39.1997-6/106297582_953856898410001_987474142767280859_n.webp?stp=dst-webp_s110x80&_nc_cat=1&ccb=1-7&_nc_sid=ba09c1&_nc_ohc=r67uf0oCQ2MQ7kNvgE1PmyX&_nc_ht=scontent-dub4-1.xx&_nc_gid=AH_iXgVTHoVpWLUHcCJOpb8&oh=00_AYAXNL44k4Ag83RxJCd1BgMaxcELH0I3sZsz31Kl7hTPfw&oe=67095693","8","83","3","3","529233810872314","80","https://scontent-dub4-1.xx.fbcdn.net/v/t39.1997-6/106823040_953856961743328_2605604044035726523_n.png?stp=cp0_dst-png_s110x80&_nc_cat=1&ccb=1-7&_nc_sid=23dd7b&_nc_ohc=VQOte9o8Bs4Q7kNvgFEyF-v&_nc_ht=scontent-dub4-1.xx&_nc_gid=AH_iXgVTHoVpWLUHcCJOpb8&oh=00_AYCE35Z48Kq4pBdPRraOeidIH3bVRWqFCRhfC8rLIn5vew&oe=67095805","80","Animated yellow face emoji, crying with laughter.","516558918806470","Moodies",,"https://scontent-dub4-1.xx.fbcdn.net/v/t39.1997-6/105366983_953856905076667_2798763164503009245_n.png?stp=dst-png_p240x240&_nc_cat=1&ccb=1-7&_nc_sid=ba09c1&_nc_ohc=LIyzUUWhyQsQ7kNvgG72VfY&_nc_ht=scontent-dub4-1.xx&_nc_gid=AH_iXgVTHoVpWLUHcCJOpb8&oh=00_AYBFMob7t7Kxr0Wfu74qPien9Z7TL1bCm0KGCslOn8ddfQ&oe=67095734",,,,,,,,,,,,,"https://www.facebook.com/reel/502471772709730/?comment_id=1230059158112708&reply_comment_id=505727842341995",,,,,,,,,,,,,,,,,,"1","2024-10-03T09:57:22.000Z","843209521329222","https://www.facebook.com/100069205464353/posts/843209521329222","ZmVlZGJhY2s6ODQzMjA5NTIxMzI5MjIyXzUwNTcyNzg0MjM0MTk5NQ==","Y29tbWVudDo4NDMyMDk1MjEzMjkyMjJfNTA1NzI3ODQyMzQxOTk1","https://www.facebook.com/100069205464353/posts/843209521329222","1","233184383212138",,,"User","100034863172105","Agusprasetyo","Agusprasetyo","Y29tbWVudDo4NDMyMDk1MjEzMjkyMjJfMTIzMDA1OTE1ODExMjcwOA==","02 Oktober 2024.

OKREEEEEEE!!!
Helly Seedling kembali menjadi tempat pertemuan bagi rekan rekan sepesial yaitu pak Sugito Semangko yg menjadi salah satu petani semangka sukses dari Bangko Jambi, ada...","100000502823202","Hely Sumanto","https://scontent-dub4-1.xx.fbcdn.net/v/t39.30808-1/316542824_6358799140813450_4293880377762150428_n.jpg?stp=c6.0.512.512a_cp0_dst-jpg_s32x32&_nc_cat=107&ccb=1-7&_nc_sid=50d2ac&_nc_ohc=eEitxi6ogFgQ7kNvgG73kD_&_nc_ht=scontent-dub4-1.xx&_nc_gid=AH_iXgVTHoVpWLUHcCJOpb8&oh=00_AYAPDOALxNp3VHI6nb5-gJ8qLwj7ytUsI-z9ejcPCYZ-Sw&oe=67095B3C","https://www.facebook.com/hely.sumanto","Y29tbWVudDo4NDMyMDk1MjEzMjkyMjJfMTIzMDA1OTE1ODExMjcwOA==","Agusprasetyo","1"
,,,,,,,,,,,,,,,,,,,,,,,,,,,,"https://www.facebook.com/reel/502471772709730/?comment_id=1230059158112708&reply_comment_id=850626133805806",,,,,,,,,,,,,,,,,,,"2024-10-03T12:12:33.000Z","843209521329222","https://www.facebook.com/100069205464353/posts/843209521329222","ZmVlZGJhY2s6ODQzMjA5NTIxMzI5MjIyXzg1MDYyNjEzMzgwNTgwNg==","Y29tbWVudDo4NDMyMDk1MjEzMjkyMjJfODUwNjI2MTMzODA1ODA2","https://www.facebook.com/100069205464353/posts/843209521329222","0","233184383212138",,,"User","100034863172105","Agusprasetyo","Agusprasetyo","Y29tbWVudDo4NDMyMDk1MjEzMjkyMjJfMTIzMDA1OTE1ODExMjcwOA==","02 Oktober 2024.

OKREEEEEEE!!!
Helly Seedling kembali menjadi tempat pertemuan bagi rekan rekan sepesial yaitu pak Sugito Semangko yg menjadi salah satu petani semangka sukses dari Bangko Jambi, ada...","pfbid0WeqrHovvJQnR7vfNPWCRVLx9qYoRXWZawyFcAQNkdmpVN5wSXmi62hbpzRG8CyHxl","Woto Putra","https://scontent-dub4-1.xx.fbcdn.net/v/t39.30808-1/313916532_121300157433458_8674984203721698911_n.jpg?stp=c0.0.720.720a_cp0_dst-jpg_s32x32&_nc_cat=100&ccb=1-7&_nc_sid=0ecb9b&_nc_ohc=25Zf9ptkR7UQ7kNvgFQ0VVs&_nc_ht=scontent-dub4-1.xx&_nc_gid=AH_iXgVTHoVpWLUHcCJOpb8&oh=00_AYBp4C5KEmyVnkOXo5xTVnRI2n05iSlvFXQB0-sSNywdmw&oe=6709649E","https://www.facebook.com/people/Woto-Putra/pfbid0WeqrHovvJQnR7vfNPWCRVLx9qYoRXWZawyFcAQNkdmpVN5wSXmi62hbpzRG8CyHxl/","Y29tbWVudDo4NDMyMDk1MjEzMjkyMjJfMTIzMDA1OTE1ODExMjcwOA==","Hely Sumanto arep gone bos sing sukses Wedi mbok ga di takoni aku mrono ping 3 ga pernah ketemu bos Sumanto","2"
,,,,,,,,,,,,,,,,,,,,,,,,,,,,"https://www.facebook.com/reel/502471772709730/?comment_id=1077387143743227&reply_comment_id=1218742119346866",,,,,,,,,,,,,,,,,,"1","2024-10-03T10:24:32.000Z","843209521329222","https://www.facebook.com/100069205464353/posts/843209521329222","ZmVlZGJhY2s6ODQzMjA5NTIxMzI5MjIyXzEyMTg3NDIxMTkzNDY4NjY=","Y29tbWVudDo4NDMyMDk1MjEzMjkyMjJfMTIxODc0MjExOTM0Njg2Ng==","https://www.facebook.com/100069205464353/posts/843209521329222","1","233184383212138",,,"User","1749717881","Budi Kartika","Budi","Y29tbWVudDo4NDMyMDk1MjEzMjkyMjJfMTA3NzM4NzE0Mzc0MzIyNw==","02 Oktober 2024.

OKREEEEEEE!!!
Helly Seedling kembali menjadi tempat pertemuan bagi rekan rekan sepesial yaitu pak Sugito Semangko yg menjadi salah satu petani semangka sukses dari Bangko Jambi, ada...","100069205464353","Helly Seedling","https://scontent-dfw5-2.xx.fbcdn.net/v/t39.30808-1/428336159_702155295434646_5059998008807722009_n.jpg?stp=cp6_dst-jpg_s32x32&_nc_cat=108&ccb=1-7&_nc_sid=50d2ac&_nc_ohc=5XF9CFWlfb8Q7kNvgEt9fyH&_nc_ht=scontent-dfw5-2.xx&_nc_gid=AckJ7TRfYi12arbLBxHDcWM&oh=00_AYBOuZap3tUONaed2TNl7WyEp4FAn_mjXBcKZJ2ixMvDzA&oe=6709534D","https://www.facebook.com/people/Helly-Seedling/100069205464353/","Y29tbWVudDo4NDMyMDk1MjEzMjkyMjJfMTA3NzM4NzE0Mzc0MzIyNw==","Budi Kartika Alhamdulillah bos kedatangan tamu spesial","1"
,,,,,,,,,,,,,,,,,,,,,,,,,,,,"https://www.facebook.com/reel/502471772709730/?comment_id=1077387143743227&reply_comment_id=1194565601651654",,,,,,,,,,,,,,,,,,,"2024-10-03T10:36:42.000Z","843209521329222","https://www.facebook.com/100069205464353/posts/843209521329222","ZmVlZGJhY2s6ODQzMjA5NTIxMzI5MjIyXzExOTQ1NjU2MDE2NTE2NTQ=","Y29tbWVudDo4NDMyMDk1MjEzMjkyMjJfMTE5NDU2NTYwMTY1MTY1NA==","https://www.facebook.com/100069205464353/posts/843209521329222","1","233184383212138",,,"User","1749717881","Budi Kartika","Budi","Y29tbWVudDo4NDMyMDk1MjEzMjkyMjJfMTA3NzM4NzE0Mzc0MzIyNw==","02 Oktober 2024.

OKREEEEEEE!!!
Helly Seedling kembali menjadi tempat pertemuan bagi rekan rekan sepesial yaitu pak Sugito Semangko yg menjadi salah satu petani semangka sukses dari Bangko Jambi, ada...","1749717881","Budi Kartika","https://scontent-dfw5-1.xx.fbcdn.net/v/t1.6435-1/46516739_10205017446033064_7747677507955982336_n.jpg?stp=cp0_dst-jpg_s32x32&_nc_cat=111&ccb=1-7&_nc_sid=db5862&_nc_ohc=iz_xNXfXeC0Q7kNvgFrwzed&_nc_ht=scontent-dfw5-1.xx&_nc_gid=AckJ7TRfYi12arbLBxHDcWM&oh=00_AYCZA7gFIU_WxLn5PcrZtj3odCqaQ943O5dCa0xEwDjJKg&oe=672AF4A5","https://www.facebook.com/BeKa260800","Y29tbWVudDo4NDMyMDk1MjEzMjkyMjJfMTA3NzM4NzE0Mzc0MzIyNw==","Helly Seedling Aamiin....sehat selalu Bos","2"
,,,,,,,,,,,,,,,,,,,,,,,,,,,,"https://www.facebook.com/reel/502471772709730/?comment_id=1077387143743227&reply_comment_id=1086832449727645",,,,,,,,,,,,,,,,,,"2","2024-10-03T12:30:53.000Z","843209521329222","https://www.facebook.com/100069205464353/posts/843209521329222","ZmVlZGJhY2s6ODQzMjA5NTIxMzI5MjIyXzEwODY4MzI0NDk3Mjc2NDU=","Y29tbWVudDo4NDMyMDk1MjEzMjkyMjJfMTA4NjgzMjQ0OTcyNzY0NQ==","https://www.facebook.com/100069205464353/posts/843209521329222","0","233184383212138",,,"User","1749717881","Budi Kartika","Budi","Y29tbWVudDo4NDMyMDk1MjEzMjkyMjJfMTA3NzM4NzE0Mzc0MzIyNw==","02 Oktober 2024.

OKREEEEEEE!!!
Helly Seedling kembali menjadi tempat pertemuan bagi rekan rekan sepesial yaitu pak Sugito Semangko yg menjadi salah satu petani semangka sukses dari Bangko Jambi, ada...","100000502823202","Hely Sumanto","https://scontent-dfw5-2.xx.fbcdn.net/v/t39.30808-1/316542824_6358799140813450_4293880377762150428_n.jpg?stp=c6.0.512.512a_cp0_dst-jpg_s32x32&_nc_cat=107&ccb=1-7&_nc_sid=50d2ac&_nc_ohc=eEitxi6ogFgQ7kNvgHaw0sZ&_nc_ht=scontent-dfw5-2.xx&_nc_gid=AckJ7TRfYi12arbLBxHDcWM&oh=00_AYBw2PitGVvBUt_gI8BVXtS9Gj6VfdlOg-d-Co4ygko5ew&oe=67095B3C","https://www.facebook.com/hely.sumanto","Y29tbWVudDo4NDMyMDk1MjEzMjkyMjJfMTA3NzM4NzE0Mzc0MzIyNw==","Budi Kartika Pa kabar pak kapan ke lampung?","1"
,,,,,,,,,,,,,,,,,,,,,,,,,,,,"https://www.facebook.com/reel/502471772709730/?comment_id=1077387143743227&reply_comment_id=1700786020838805",,,,,,,,,,,,,,,,,,,"2024-10-03T12:33:32.000Z","843209521329222","https://www.facebook.com/100069205464353/posts/843209521329222","ZmVlZGJhY2s6ODQzMjA5NTIxMzI5MjIyXzE3MDA3ODYwMjA4Mzg4MDU=","Y29tbWVudDo4NDMyMDk1MjEzMjkyMjJfMTcwMDc4NjAyMDgzODgwNQ==","https://www.facebook.com/100069205464353/posts/843209521329222","0","233184383212138",,,"User","1749717881","Budi Kartika","Budi","Y29tbWVudDo4NDMyMDk1MjEzMjkyMjJfMTA3NzM4NzE0Mzc0MzIyNw==","02 Oktober 2024.

OKREEEEEEE!!!
Helly Seedling kembali menjadi tempat pertemuan bagi rekan rekan sepesial yaitu pak Sugito Semangko yg menjadi salah satu petani semangka sukses dari Bangko Jambi, ada...","1749717881","Budi Kartika","https://scontent-dfw5-1.xx.fbcdn.net/v/t1.6435-1/46516739_10205017446033064_7747677507955982336_n.jpg?stp=cp0_dst-jpg_s32x32&_nc_cat=111&ccb=1-7&_nc_sid=db5862&_nc_ohc=iz_xNXfXeC0Q7kNvgFrwzed&_nc_ht=scontent-dfw5-1.xx&_nc_gid=AckJ7TRfYi12arbLBxHDcWM&oh=00_AYCZA7gFIU_WxLn5PcrZtj3odCqaQ943O5dCa0xEwDjJKg&oe=672AF4A5","https://www.facebook.com/BeKa260800","Y29tbWVudDo4NDMyMDk1MjEzMjkyMjJfMTA3NzM4NzE0Mzc0MzIyNw==","Hely Sumanto Ini yang kadang membuat sakitnya di sini....ah ah ah ah ah ah ah","2"
,,,,,,,,,,,,,,,,,,,,,,,,,,,,"https://www.facebook.com/reel/502471772709730/?comment_id=1077387143743227&reply_comment_id=855763596659271",,,,,,,,,,,,,,,,,,,"2024-10-03T12:35:59.000Z","843209521329222","https://www.facebook.com/100069205464353/posts/843209521329222","ZmVlZGJhY2s6ODQzMjA5NTIxMzI5MjIyXzg1NTc2MzU5NjY1OTI3MQ==","Y29tbWVudDo4NDMyMDk1MjEzMjkyMjJfODU1NzYzNTk2NjU5Mjcx","https://www.facebook.com/100069205464353/posts/843209521329222","0","233184383212138",,,"User","1749717881","Budi Kartika","Budi","Y29tbWVudDo4NDMyMDk1MjEzMjkyMjJfMTA3NzM4NzE0Mzc0MzIyNw==","02 Oktober 2024.

OKREEEEEEE!!!
Helly Seedling kembali menjadi tempat pertemuan bagi rekan rekan sepesial yaitu pak Sugito Semangko yg menjadi salah satu petani semangka sukses dari Bangko Jambi, ada...","100000502823202","Hely Sumanto","https://scontent-dfw5-2.xx.fbcdn.net/v/t39.30808-1/316542824_6358799140813450_4293880377762150428_n.jpg?stp=c6.0.512.512a_cp0_dst-jpg_s32x32&_nc_cat=107&ccb=1-7&_nc_sid=50d2ac&_nc_ohc=eEitxi6ogFgQ7kNvgHaw0sZ&_nc_ht=scontent-dfw5-2.xx&_nc_gid=AckJ7TRfYi12arbLBxHDcWM&oh=00_AYBw2PitGVvBUt_gI8BVXtS9Gj6VfdlOg-d-Co4ygko5ew&oe=67095B3C","https://www.facebook.com/hely.sumanto","Y29tbWVudDo4NDMyMDk1MjEzMjkyMjJfMTA3NzM4NzE0Mzc0MzIyNw==","Budi Kartika saya yang kejawa pak kalo gx🤩","2"
,,,,,,,,,,,,,,,,,,,,,,,,,,,,"https://www.facebook.com/reel/502471772709730/?comment_id=3405598179734979&reply_comment_id=887458036196188",,,,,,,,,,,,,,,,,,,"2024-10-03T09:45:38.000Z","843209521329222","https://www.facebook.com/100069205464353/posts/843209521329222","ZmVlZGJhY2s6ODQzMjA5NTIxMzI5MjIyXzg4NzQ1ODAzNjE5NjE4OA==","Y29tbWVudDo4NDMyMDk1MjEzMjkyMjJfODg3NDU4MDM2MTk2MTg4","https://www.facebook.com/100069205464353/posts/843209521329222","1","233184383212138",,,"User","100001408872342","Febri Arianto","Febri","Y29tbWVudDo4NDMyMDk1MjEzMjkyMjJfMzQwNTU5ODE3OTczNDk3OQ==","02 Oktober 2024.

OKREEEEEEE!!!
Helly Seedling kembali menjadi tempat pertemuan bagi rekan rekan sepesial yaitu pak Sugito Semangko yg menjadi salah satu petani semangka sukses dari Bangko Jambi, ada...","100069205464353","Helly Seedling","https://scontent.fagr1-1.fna.fbcdn.net/v/t39.30808-1/428336159_702155295434646_5059998008807722009_n.jpg?stp=cp6_dst-jpg_s32x32&_nc_cat=108&ccb=1-7&_nc_sid=50d2ac&_nc_ohc=5XF9CFWlfb8Q7kNvgFQb6go&_nc_ht=scontent.fagr1-1.fna&_nc_gid=AFx9hqbCSKQjxqgZhLHRdJ3&oh=00_AYAeymNNGBHne37NFPOOJOsUAK6LIZmYwQuABgbIUlWoAg&oe=6709534D","https://www.facebook.com/people/Helly-Seedling/100069205464353/","Y29tbWVudDo4NDMyMDk1MjEzMjkyMjJfMzQwNTU5ODE3OTczNDk3OQ==","Febri Arianto okreee 🤣👍😁","1"
,,,,,,,,,,,,,,,,,,,,,,,,,,,,"https://www.facebook.com/reel/502471772709730/?comment_id=1266050161219010&reply_comment_id=497831983232565",,,,,,,,,,,,,,,,,,,"2024-10-03T10:26:37.000Z","843209521329222","https://www.facebook.com/100069205464353/posts/843209521329222","ZmVlZGJhY2s6ODQzMjA5NTIxMzI5MjIyXzQ5NzgzMTk4MzIzMjU2NQ==","Y29tbWVudDo4NDMyMDk1MjEzMjkyMjJfNDk3ODMxOTgzMjMyNTY1","https://www.facebook.com/100069205464353/posts/843209521329222","1","233184383212138",,,"User","100007578522755","Renzy Bintangasia","Renzy","Y29tbWVudDo4NDMyMDk1MjEzMjkyMjJfMTI2NjA1MDE2MTIxOTAxMA==","02 Oktober 2024.

OKREEEEEEE!!!
Helly Seedling kembali menjadi tempat pertemuan bagi rekan rekan sepesial yaitu pak Sugito Semangko yg menjadi salah satu petani semangka sukses dari Bangko Jambi, ada...","100069205464353","Helly Seedling","https://scontent.flad2-1.fna.fbcdn.net/v/t39.30808-1/428336159_702155295434646_5059998008807722009_n.jpg?stp=cp6_dst-jpg_s32x32&_nc_cat=108&ccb=1-7&_nc_sid=50d2ac&_nc_ohc=5XF9CFWlfb8Q7kNvgHjsRUO&_nc_ht=scontent.flad2-1.fna&_nc_gid=AO11RPUJ88G_NCc8AeUDYDf&oh=00_AYBcV3zpKRgvcuY4-YMfp2YQMGhx8vr5sjBAJr_xKtWm5Q&oe=6709534D","https://www.facebook.com/people/Helly-Seedling/100069205464353/","Y29tbWVudDo4NDMyMDk1MjEzMjkyMjJfMTI2NjA1MDE2MTIxOTAxMA==","Renzy Bintangasia aamiin trimkasih","1"
,,,,,,,,,,,,,,,,,,,,,,,,,,,,"https://www.facebook.com/reel/502471772709730/?comment_id=1204733980812093&reply_comment_id=381867348195154",,,,,,,,,,,,,,,,,,"1","2024-10-03T10:13:17.000Z","843209521329222","https://www.facebook.com/100069205464353/posts/843209521329222","ZmVlZGJhY2s6ODQzMjA5NTIxMzI5MjIyXzM4MTg2NzM0ODE5NTE1NA==","Y29tbWVudDo4NDMyMDk1MjEzMjkyMjJfMzgxODY3MzQ4MTk1MTU0","https://www.facebook.com/100069205464353/posts/843209521329222","1","233184383212138",,,"User","pfbid0cqGeexyFDEPL15NWtjRxVPAe7HDZZ6iEv4UA3RmDvrRKXQVLz5cM8Z7SNnAZpUF8l","Sugito Semangko","Sugito","Y29tbWVudDo4NDMyMDk1MjEzMjkyMjJfMTIwNDczMzk4MDgxMjA5Mw==","02 Oktober 2024.

OKREEEEEEE!!!
Helly Seedling kembali menjadi tempat pertemuan bagi rekan rekan sepesial yaitu pak Sugito Semangko yg menjadi salah satu petani semangka sukses dari Bangko Jambi, ada...","100000502823202","Hely Sumanto","https://scontent.fyyz1-2.fna.fbcdn.net/v/t39.30808-1/316542824_6358799140813450_4293880377762150428_n.jpg?stp=c6.0.512.512a_cp0_dst-jpg_s32x32&_nc_cat=107&ccb=1-7&_nc_sid=50d2ac&_nc_ohc=eEitxi6ogFgQ7kNvgFpCXbM&_nc_ht=scontent.fyyz1-2.fna&_nc_gid=AwTqgRS8pcuwitMx8cEX0f2&oh=00_AYDl0Pj11tDidSofr_X6fLckZqBqJeldUK5KasA5LKV1yA&oe=67095B3C","https://www.facebook.com/hely.sumanto","Y29tbWVudDo4NDMyMDk1MjEzMjkyMjJfMTIwNDczMzk4MDgxMjA5Mw==","Sugito Semangko sanes wedal saget kepanggeh maleh komandan","1"
,,,,,,,,,,,,,,,,,,,,,,,,,,,,"https://www.facebook.com/reel/502471772709730/?comment_id=1204733980812093&reply_comment_id=544107161508287",,,,,,,,,,,,,,,,,,,"2024-10-03T13:35:50.000Z","843209521329222","https://www.facebook.com/100069205464353/posts/843209521329222","ZmVlZGJhY2s6ODQzMjA5NTIxMzI5MjIyXzU0NDEwNzE2MTUwODI4Nw==","Y29tbWVudDo4NDMyMDk1MjEzMjkyMjJfNTQ0MTA3MTYxNTA4Mjg3","https://www.facebook.com/100069205464353/posts/843209521329222","0","233184383212138",,,"User","pfbid0cqGeexyFDEPL15NWtjRxVPAe7HDZZ6iEv4UA3RmDvrRKXQVLz5cM8Z7SNnAZpUF8l","Sugito Semangko","Sugito","Y29tbWVudDo4NDMyMDk1MjEzMjkyMjJfMTIwNDczMzk4MDgxMjA5Mw==","02 Oktober 2024.

OKREEEEEEE!!!
Helly Seedling kembali menjadi tempat pertemuan bagi rekan rekan sepesial yaitu pak Sugito Semangko yg menjadi salah satu petani semangka sukses dari Bangko Jambi, ada...","pfbid0cqGeexyFDEPL15NWtjRxVPAe7HDZZ6iEv4UA3RmDvrRKXQVLz5cM8Z7SNnAZpUF8l","Sugito Semangko","https://scontent.fyyz1-1.fna.fbcdn.net/v/t1.6435-1/171039543_100851735477673_9187325491285823412_n.jpg?stp=cp0_dst-jpg_s32x32&_nc_cat=103&ccb=1-7&_nc_sid=0ecb9b&_nc_ohc=FsU1Z7ugGX0Q7kNvgE1WaxI&_nc_ht=scontent.fyyz1-1.fna&_nc_gid=AwTqgRS8pcuwitMx8cEX0f2&oh=00_AYDUi-qsfvL-61Fnd_vtI4Q3aLBjCugsanM8Hz13VIAO4w&oe=672B11FD","https://www.facebook.com/sugito.semangko.9","Y29tbWVudDo4NDMyMDk1MjEzMjkyMjJfMTIwNDczMzk4MDgxMjA5Mw==","Hely Sumanto oktee mas","2"
,,,,,,,,,,,,,,,,"VideoTipJarPayment","1081816913378080","0","1","https://static.xx.fbcdn.net/rsrc.php/v3/yN/r/z6visRJQXR_.png",,"StarsVirtualGiftBaseType",,"/images/assets_DO_NOT_HARDCODE/user_pay_stars_virtual_gifts/Community-Unification-Default-Tier1-Thoughtful-Testing-Static.png","Community-Unification-Default-T1-Thoughtful-bottomsheet-testing-animation","https://static.xx.fbcdn.net/rsrc.php/y6/r/qfD07Iv6r-5.kf","1414980765966032","https://www.facebook.com/reel/1081790303380741/?comment_id=1252088229135161",,,,,,,,,,,,,,,,,,,"2024-09-30T12:41:54.000Z","841044781545696","https://www.facebook.com/100069205464353/posts/841044781545696","ZmVlZGJhY2s6ODQxMDQ0NzgxNTQ1Njk2XzEyNTIwODgyMjkxMzUxNjE=","Y29tbWVudDo4NDEwNDQ3ODE1NDU2OTZfMTI1MjA4ODIyOTEzNTE2MQ==","https://www.facebook.com/100069205464353/posts/841044781545696","1","233184383212138",,,,,,,,"Rumah Semai Helly Seedling merupakan salah satu tempat yang menghasilkan produksi bibit yang berkualitas dan mampu mengikuti daya saing pertumbuhan bibit yang unggul untuk siap tanam.

Bintang Asia...","100007578522755","Renzy Bintangasia","https://scontent.fmem1-2.fna.fbcdn.net/v/t39.30808-1/426012403_3605728109689771_2277782955804277447_n.jpg?stp=cp0_dst-jpg_s32x32&_nc_cat=104&ccb=1-7&_nc_sid=50d2ac&_nc_ohc=8B4n2B0-e5EQ7kNvgHTic4f&_nc_ht=scontent.fmem1-2.fna&_nc_gid=AkSZoUG2DSQAV87P89koU09&oh=00_AYCtYtcxa8l-Tr_MqliJiRBj0vQSBnanKt7WqDOx-82MRA&oe=67094D44","https://www.facebook.com/renzi.prayuda",,,"0"
"Sticker",,,"1","83","1","1","1000519493737088","80","https://scontent.fmem1-2.fna.fbcdn.net/v/t39.1997-6/105258811_1000519497070421_1877687988442182543_n.png?stp=cp0_dst-png_s110x80&_nc_cat=1&ccb=1-7&_nc_sid=23dd7b&_nc_ohc=XLV_yZseIRkQ7kNvgEqcsSx&_nc_ht=scontent.fmem1-2.fna&_nc_gid=AkSZoUG2DSQAV87P89koU09&oh=00_AYD-nJgHREAhSAExFl1c3-46QItRZCnV2vaj7M6R1lhNKg&oe=6709546B","80","a outstretched arm with a thumbs up. on the arm is written 'great' in indonesian","1000303507092020","Stories Stickers in Feed",,,,,,,,,,,,,,,"https://www.facebook.com/reel/1081790303380741/?comment_id=544254394811422",,,,,,,,,,,,,,,,,,,"2024-09-30T14:13:14.000Z","841044781545696","https://www.facebook.com/100069205464353/posts/841044781545696","ZmVlZGJhY2s6ODQxMDQ0NzgxNTQ1Njk2XzU0NDI1NDM5NDgxMTQyMg==","Y29tbWVudDo4NDEwNDQ3ODE1NDU2OTZfNTQ0MjU0Mzk0ODExNDIy","https://www.facebook.com/100069205464353/posts/841044781545696","0","233184383212138",,,,,,,,"Rumah Semai Helly Seedling merupakan salah satu tempat yang menghasilkan produksi bibit yang berkualitas dan mampu mengikuti daya saing pertumbuhan bibit yang unggul untuk siap tanam.

Bintang Asia...","100065666973498","Davina Azkiya","https://scontent.fmem1-2.fna.fbcdn.net/v/t39.30808-1/310827072_448278690704360_4714759928606141569_n.jpg?stp=cp0_dst-jpg_s32x32&_nc_cat=110&ccb=1-7&_nc_sid=50d2ac&_nc_ohc=v2K5kRuw5P0Q7kNvgEdaDsN&_nc_ht=scontent.fmem1-2.fna&_nc_gid=AkSZoUG2DSQAV87P89koU09&oh=00_AYCKphfLwZBDkHQCuJkoR_jCPwHfGGsS3GTG0GclEOm2ug&oe=67096986","https://www.facebook.com/davina.azkiya.9",,,"0"
,,,,,,,,,,,,,,,,,,,,,,,,,,,,"https://www.facebook.com/reel/1081790303380741/?comment_id=1273140817379338",,,,,,,,,,,,,,,,,,,"2024-09-30T13:43:37.000Z","841044781545696","https://www.facebook.com/100069205464353/posts/841044781545696","ZmVlZGJhY2s6ODQxMDQ0NzgxNTQ1Njk2XzEyNzMxNDA4MTczNzkzMzg=","Y29tbWVudDo4NDEwNDQ3ODE1NDU2OTZfMTI3MzE0MDgxNzM3OTMzOA==","https://www.facebook.com/100069205464353/posts/841044781545696","1","233184383212138",,,,,,,,"Rumah Semai Helly Seedling merupakan salah satu tempat yang menghasilkan produksi bibit yang berkualitas dan mampu mengikuti daya saing pertumbuhan bibit yang unggul untuk siap tanam.

Bintang Asia...","100000029645476","Cayadi Bintang Asia","https://scontent.fmem1-1.fna.fbcdn.net/v/t31.18172-1/15724565_1469077786436529_7264600135043183638_o.jpg?stp=c0.200.1200.1200a_cp0_dst-jpg_s32x32&_nc_cat=101&ccb=1-7&_nc_sid=db5862&_nc_ohc=aebx7slmUzMQ7kNvgFKT46J&_nc_ht=scontent.fmem1-1.fna&_nc_gid=AkSZoUG2DSQAV87P89koU09&oh=00_AYD6YHtzuVI9_86QQEl80al4HWfyY5zR4MQKJinAiez0zw&oe=672B057E","https://www.facebook.com/cayadi.santosa",,"Mantapz....","0"
,,,,,,,,,,,,,,,,,,,,,,,,,,,,"https://www.facebook.com/reel/9033118926701493/?comment_id=3721959894711962",,,,,,,,,,,,,,,,,,,"2024-10-03T11:34:05.000Z","842295181420656","https://www.facebook.com/100069205464353/posts/842295181420656","ZmVlZGJhY2s6ODQyMjk1MTgxNDIwNjU2XzM3MjE5NTk4OTQ3MTE5NjI=","Y29tbWVudDo4NDIyOTUxODE0MjA2NTZfMzcyMTk1OTg5NDcxMTk2Mg==","https://www.facebook.com/100069205464353/posts/842295181420656","0","233184383212138",,,,,,,,"Alhamdulillah 70 nampan atau 7rb batang meluncur... Gustavi dari Panah Merah...

Helly Seedling menjadi solusi petani yg ga ribet dan praktis tentunya. 
Order langsung via wa 082280717454
Lokasi...","pfbid032CtqwTbXdTCv7hcenjMojbL1RdPJk6cDLW5Tuz5gceYjhYz5pi5gSwwmzAzfdiW4l","Sam Tzy","https://scontent-ord5-1.xx.fbcdn.net/v/t39.30808-1/392816260_421116367158339_489732685607754782_n.jpg?stp=c0.0.720.720a_cp0_dst-jpg_s32x32&_nc_cat=106&ccb=1-7&_nc_sid=0ecb9b&_nc_ohc=uREI1Imk66AQ7kNvgGhHGP-&_nc_ht=scontent-ord5-1.xx&_nc_gid=An_KmchNa3mkuWDDn7saU_n&oh=00_AYBsUCFLCnZKsdtplz4gHUtC6ZePS_S40KZwaM6SICzC1g&oe=67096C9E","https://www.facebook.com/people/Sam-Tzy/pfbid032CtqwTbXdTCv7hcenjMojbL1RdPJk6cDLW5Tuz5gceYjhYz5pi5gSwwmzAzfdiW4l/",,"Bibit cabe brapa bos pr batang","0"
