﻿"attachments/0/target/__typename","attachments/0/target/id","attachments/0/target/matching_quantity","attachments/0/target/spark_quantity","attachments/0/target/stars_image_on_star_quantity","attachments/0/target/virtual_gift","attachments/0/target/virtual_gift_type/__typename","attachments/0/target/virtual_gift_type/gift_animated_image","attachments/0/target/virtual_gift_type/gift_image","attachments/0/target/virtual_gift_type/gift_keyframe_asset_name","attachments/0/target/virtual_gift_type/gift_keyframe_asset_url","attachments/0/target/virtual_gift_type/id","commentUrl","comments/0/commentUrl","comments/0/date","comments/0/feedbackId","comments/0/id","comments/0/likesCount","comments/0/parentComment/author/__typename","comments/0/parentComment/author/id","comments/0/parentComment/author/name","comments/0/parentComment/author/short_name","comments/0/parentComment/id","comments/0/profileId","comments/0/profileName","comments/0/profilePicture","comments/0/profileUrl","comments/0/replyToCommentId","comments/0/text","comments/0/threadingDepth","comments/1/commentUrl","comments/1/commentsCount","comments/1/date","comments/1/feedbackId","comments/1/id","comments/1/likesCount","comments/1/parentComment/author/__typename","comments/1/parentComment/author/id","comments/1/parentComment/author/name","comments/1/parentComment/author/short_name","comments/1/parentComment/id","comments/1/profileId","comments/1/profileName","comments/1/profilePicture","comments/1/profileUrl","comments/1/replyToCommentId","comments/1/text","comments/1/threadingDepth","comments/2/commentUrl","comments/2/date","comments/2/feedbackId","comments/2/id","comments/2/likesCount","comments/2/parentComment/author/__typename","comments/2/parentComment/author/id","comments/2/parentComment/author/name","comments/2/parentComment/author/short_name","comments/2/parentComment/id","comments/2/profileId","comments/2/profileName","comments/2/profilePicture","comments/2/profileUrl","comments/2/replyToCommentId","comments/2/text","comments/2/threadingDepth","comments/3/commentUrl","comments/3/date","comments/3/feedbackId","comments/3/id","comments/3/likesCount","comments/3/parentComment/author/__typename","comments/3/parentComment/author/id","comments/3/parentComment/author/name","comments/3/parentComment/author/short_name","comments/3/parentComment/id","comments/3/profileId","comments/3/profileName","comments/3/profilePicture","comments/3/profileUrl","comments/3/replyToCommentId","comments/3/text","comments/3/threadingDepth","comments/4/commentUrl","comments/4/date","comments/4/feedbackId","comments/4/id","comments/4/likesCount","comments/4/parentComment/author/__typename","comments/4/parentComment/author/id","comments/4/parentComment/author/name","comments/4/parentComment/author/short_name","comments/4/parentComment/id","comments/4/profileId","comments/4/profileName","comments/4/profilePicture","comments/4/profileUrl","comments/4/replyToCommentId","comments/4/text","comments/4/threadingDepth","comments/5/commentUrl","comments/5/date","comments/5/feedbackId","comments/5/id","comments/5/likesCount","comments/5/parentComment/author/__typename","comments/5/parentComment/author/id","comments/5/parentComment/author/name","comments/5/parentComment/author/short_name","comments/5/parentComment/id","comments/5/profileId","comments/5/profileName","comments/5/profilePicture","comments/5/profileUrl","comments/5/replyToCommentId","comments/5/text","comments/5/threadingDepth","commentsCount","date","facebookId","facebookUrl","feedbackId","id","inputUrl","likesCount","pageAdLibrary/id","pageAdLibrary/is_business_page_active","parentComment/author/__typename","parentComment/author/id","parentComment/author/name","parentComment/author/short_name","parentComment/id","postTitle","profileId","profileName","profilePicture","profileUrl","replyToCommentId","text","threadingDepth"
,,,,,,,,,,,,"https://www.facebook.com/ilham.ajo.37604/posts/pfbid02QeZmq8eW2GMGQ7ohbZ44d4RY3XHj7hZGhXPV7HNiN55RXqcYVagnpzXXzJPy6fJul?comment_id=2261889604183459",,,,,,,,,,,,,,,,,,,,,,,,,,,,,,,,,,,,,,,,,,,,,,,,,,,,,,,,,,,,,,,,,,,,,,,,,,,,,,,,,,,,,,,,,,,,,,,,,,,,,,,,,"2024-09-22T04:01:28.000Z","2315893558753755","https://www.facebook.com/100009994003233/posts/2315893558753755","ZmVlZGJhY2s6MjMxNTg5MzU1ODc1Mzc1NV8yMjYxODg5NjA0MTgzNDU5","Y29tbWVudDoyMzE1ODkzNTU4NzUzNzU1XzIyNjE4ODk2MDQxODM0NTk=","https://www.facebook.com/100009994003233/posts/2315893558753755","0","200476579818147","false",,,,,,"BOMER F1 
MERLIN F1 
Rock Melon Daging Orange Cap Bintang Asia Produksi dari PT Benih Citra Asia 
Manis Mempesona dan Menggoda Petani melon indonesia, 
Mari Menggunakan Produk Inovasi Anak Negeri, 
Hal Kecil Bermanfaat Besar Untuk Kemajuan Bangsa,
@sorotan SEMUA ORANG","100014406039341","Hileud Melon","https://scontent.fpos10-1.fna.fbcdn.net/v/t39.30808-1/451432247_1859537544536429_4310570413362761283_n.jpg?stp=cp0_dst-jpg_s32x32&_nc_cat=100&ccb=1-7&_nc_sid=50d2ac&_nc_ohc=5XaqNkNvS9IQ7kNvgHYaHBf&_nc_ht=scontent.fpos10-1.fna&_nc_gid=A2pndxSxQtq4JmeADnyQb0f&oh=00_AYA4g2qUbjxG8aHxBHU9NbJedzkU2LqS6mcn_E2P-5i2_Q&oe=66FD3D19",,,"Bgi bibite","0"
,,,,,,,,,,,,"https://www.facebook.com/ilham.ajo.37604/posts/pfbid02QeZmq8eW2GMGQ7ohbZ44d4RY3XHj7hZGhXPV7HNiN55RXqcYVagnpzXXzJPy6fJul?comment_id=1166987871025765","https://www.facebook.com/ilham.ajo.37604/posts/pfbid02QeZmq8eW2GMGQ7ohbZ44d4RY3XHj7hZGhXPV7HNiN55RXqcYVagnpzXXzJPy6fJul?comment_id=1166987871025765&reply_comment_id=514131678021431","2024-09-21T14:16:15.000Z","ZmVlZGJhY2s6MjMxNTg5MzU1ODc1Mzc1NV81MTQxMzE2NzgwMjE0MzE=","Y29tbWVudDoyMzE1ODkzNTU4NzUzNzU1XzUxNDEzMTY3ODAyMTQzMQ==","0","User","pfbid02NBpy51ZxoYuquipewHHKANCLVzNnHeFA8SBJm8EEL27mHvDtYfFhAs6okcoUBRC4l","Tauruss Awoll Awoll","Tauruss Awoll","Y29tbWVudDoyMzE1ODkzNTU4NzUzNzU1XzExNjY5ODc4NzEwMjU3NjU=","100009994003233","Ilham Bintang Asia","https://scontent.fpos10-1.fna.fbcdn.net/v/t39.30808-1/349801600_780566773437800_6977822504580595866_n.jpg?stp=cp0_dst-jpg_s32x32&_nc_cat=100&ccb=1-7&_nc_sid=50d2ac&_nc_ohc=iaOcLsKmi9cQ7kNvgGzU32z&_nc_ht=scontent.fpos10-1.fna&_nc_gid=A2pndxSxQtq4JmeADnyQb0f&oh=00_AYDFRZzO6WbltTLysLRhSEYE3cpKvdnl40-fE2vuJjwysg&oe=66FD2BBB","https://www.facebook.com/ilham.ajo.37604","Y29tbWVudDoyMzE1ODkzNTU4NzUzNzU1XzExNjY5ODc4NzEwMjU3NjU=","Tauruss Awoll Awoll Rene Yoo 🤣🤣🤣","1","https://www.facebook.com/ilham.ajo.37604/posts/pfbid02QeZmq8eW2GMGQ7ohbZ44d4RY3XHj7hZGhXPV7HNiN55RXqcYVagnpzXXzJPy6fJul?comment_id=1166987871025765&reply_comment_id=2899839196859353","4","2024-09-21T14:27:47.000Z","ZmVlZGJhY2s6MjMxNTg5MzU1ODc1Mzc1NV8yODk5ODM5MTk2ODU5MzUz","Y29tbWVudDoyMzE1ODkzNTU4NzUzNzU1XzI4OTk4MzkxOTY4NTkzNTM=","2","User","pfbid02NBpy51ZxoYuquipewHHKANCLVzNnHeFA8SBJm8EEL27mHvDtYfFhAs6okcoUBRC4l","Tauruss Awoll Awoll","Tauruss Awoll","Y29tbWVudDoyMzE1ODkzNTU4NzUzNzU1XzExNjY5ODc4NzEwMjU3NjU=","100003206008888","Agung Kurniawan","https://scontent.fpos10-1.fna.fbcdn.net/v/t39.30808-1/453997895_7841290069321115_6905892021573640656_n.jpg?stp=cp0_dst-jpg_s32x32&_nc_cat=105&ccb=1-7&_nc_sid=50d2ac&_nc_ohc=11I9Eiut-x0Q7kNvgF9TGK_&_nc_ht=scontent.fpos10-1.fna&_nc_gid=A2pndxSxQtq4JmeADnyQb0f&oh=00_AYB0AO1KGePrY5bwX5J0SbUaN5wSHSZnjgi8GMJDmf8ypw&oe=66FD28C3","https://www.facebook.com/agung.kurniawan.37604","Y29tbWVudDoyMzE1ODkzNTU4NzUzNzU1XzExNjY5ODc4NzEwMjU3NjU=","Tauruss Awoll Awoll Jak di tekon bg taun sisok kiro kiro mundak Piro regone perpak jadi men ngerti lek yisain🫣🫣🫣","1","https://www.facebook.com/ilham.ajo.37604/posts/pfbid02QeZmq8eW2GMGQ7ohbZ44d4RY3XHj7hZGhXPV7HNiN55RXqcYVagnpzXXzJPy6fJul?comment_id=1166987871025765&reply_comment_id=1321394902163435","2024-09-21T14:31:59.000Z","ZmVlZGJhY2s6MjMxNTg5MzU1ODc1Mzc1NV8xMzIxMzk0OTAyMTYzNDM1","Y29tbWVudDoyMzE1ODkzNTU4NzUzNzU1XzEzMjEzOTQ5MDIxNjM0MzU=","0","User","pfbid02NBpy51ZxoYuquipewHHKANCLVzNnHeFA8SBJm8EEL27mHvDtYfFhAs6okcoUBRC4l","Tauruss Awoll Awoll","Tauruss Awoll","Y29tbWVudDoyMzE1ODkzNTU4NzUzNzU1XzExNjY5ODc4NzEwMjU3NjU=","100009994003233","Ilham Bintang Asia","https://scontent.fpos10-1.fna.fbcdn.net/v/t39.30808-1/349801600_780566773437800_6977822504580595866_n.jpg?stp=cp0_dst-jpg_s32x32&_nc_cat=100&ccb=1-7&_nc_sid=50d2ac&_nc_ohc=iaOcLsKmi9cQ7kNvgGzU32z&_nc_ht=scontent.fpos10-1.fna&_nc_gid=A2pndxSxQtq4JmeADnyQb0f&oh=00_AYDFRZzO6WbltTLysLRhSEYE3cpKvdnl40-fE2vuJjwysg&oe=66FD2BBB","https://www.facebook.com/ilham.ajo.37604","Y29tbWVudDoyMzE1ODkzNTU4NzUzNzU1XzExNjY5ODc4NzEwMjU3NjU=","Agung Kurniawan Selipat Kain Boskuu🤣","2","https://www.facebook.com/ilham.ajo.37604/posts/pfbid02QeZmq8eW2GMGQ7ohbZ44d4RY3XHj7hZGhXPV7HNiN55RXqcYVagnpzXXzJPy6fJul?comment_id=1166987871025765&reply_comment_id=1275928250239270","2024-09-21T14:33:48.000Z","ZmVlZGJhY2s6MjMxNTg5MzU1ODc1Mzc1NV8xMjc1OTI4MjUwMjM5Mjcw","Y29tbWVudDoyMzE1ODkzNTU4NzUzNzU1XzEyNzU5MjgyNTAyMzkyNzA=","1","User","pfbid02NBpy51ZxoYuquipewHHKANCLVzNnHeFA8SBJm8EEL27mHvDtYfFhAs6okcoUBRC4l","Tauruss Awoll Awoll","Tauruss Awoll","Y29tbWVudDoyMzE1ODkzNTU4NzUzNzU1XzExNjY5ODc4NzEwMjU3NjU=","100003206008888","Agung Kurniawan","https://scontent.fpos10-1.fna.fbcdn.net/v/t39.30808-1/453997895_7841290069321115_6905892021573640656_n.jpg?stp=cp0_dst-jpg_s32x32&_nc_cat=105&ccb=1-7&_nc_sid=50d2ac&_nc_ohc=11I9Eiut-x0Q7kNvgF9TGK_&_nc_ht=scontent.fpos10-1.fna&_nc_gid=A2pndxSxQtq4JmeADnyQb0f&oh=00_AYB0AO1KGePrY5bwX5J0SbUaN5wSHSZnjgi8GMJDmf8ypw&oe=66FD28C3","https://www.facebook.com/agung.kurniawan.37604","Y29tbWVudDoyMzE1ODkzNTU4NzUzNzU1XzExNjY5ODc4NzEwMjU3NjU=","Ilham Bintang Asia haaaa","2","https://www.facebook.com/ilham.ajo.37604/posts/pfbid02QeZmq8eW2GMGQ7ohbZ44d4RY3XHj7hZGhXPV7HNiN55RXqcYVagnpzXXzJPy6fJul?comment_id=1166987871025765&reply_comment_id=540143248548510","2024-09-21T14:48:26.000Z","ZmVlZGJhY2s6MjMxNTg5MzU1ODc1Mzc1NV81NDAxNDMyNDg1NDg1MTA=","Y29tbWVudDoyMzE1ODkzNTU4NzUzNzU1XzU0MDE0MzI0ODU0ODUxMA==","1","User","pfbid02NBpy51ZxoYuquipewHHKANCLVzNnHeFA8SBJm8EEL27mHvDtYfFhAs6okcoUBRC4l","Tauruss Awoll Awoll","Tauruss Awoll","Y29tbWVudDoyMzE1ODkzNTU4NzUzNzU1XzExNjY5ODc4NzEwMjU3NjU=","pfbid02NBpy51ZxoYuquipewHHKANCLVzNnHeFA8SBJm8EEL27mHvDtYfFhAs6okcoUBRC4l","Tauruss Awoll Awoll","https://scontent.fpos10-1.fna.fbcdn.net/v/t39.30808-1/383347234_646962930887479_6189574835271167686_n.jpg?stp=c8.0.658.658a_cp0_dst-jpg_s32x32&_nc_cat=110&ccb=1-7&_nc_sid=0ecb9b&_nc_ohc=UDE1XjNxmREQ7kNvgH2wv7Y&_nc_ht=scontent.fpos10-1.fna&_nc_gid=A2pndxSxQtq4JmeADnyQb0f&oh=00_AYAGBDoIMzq_5hqwcQIyDToiQAluBFcryEPPpY6Di6jPxQ&oe=66FD2E7B","https://www.facebook.com/people/Tauruss-Awoll-Awoll/pfbid02NBpy51ZxoYuquipewHHKANCLVzNnHeFA8SBJm8EEL27mHvDtYfFhAs6okcoUBRC4l/","Y29tbWVudDoyMzE1ODkzNTU4NzUzNzU1XzExNjY5ODc4NzEwMjU3NjU=","Agung Kurniawan ora mudeng q🤣😉🤣","2","https://www.facebook.com/ilham.ajo.37604/posts/pfbid02QeZmq8eW2GMGQ7ohbZ44d4RY3XHj7hZGhXPV7HNiN55RXqcYVagnpzXXzJPy6fJul?comment_id=1166987871025765&reply_comment_id=385199881296193","2024-09-22T04:02:50.000Z","ZmVlZGJhY2s6MjMxNTg5MzU1ODc1Mzc1NV8zODUxOTk4ODEyOTYxOTM=","Y29tbWVudDoyMzE1ODkzNTU4NzUzNzU1XzM4NTE5OTg4MTI5NjE5Mw==","0","User","pfbid02NBpy51ZxoYuquipewHHKANCLVzNnHeFA8SBJm8EEL27mHvDtYfFhAs6okcoUBRC4l","Tauruss Awoll Awoll","Tauruss Awoll","Y29tbWVudDoyMzE1ODkzNTU4NzUzNzU1XzExNjY5ODc4NzEwMjU3NjU=","100009994003233","Ilham Bintang Asia","https://scontent.fpos10-1.fna.fbcdn.net/v/t39.30808-1/349801600_780566773437800_6977822504580595866_n.jpg?stp=cp0_dst-jpg_s32x32&_nc_cat=100&ccb=1-7&_nc_sid=50d2ac&_nc_ohc=iaOcLsKmi9cQ7kNvgGzU32z&_nc_ht=scontent.fpos10-1.fna&_nc_gid=A2pndxSxQtq4JmeADnyQb0f&oh=00_AYDFRZzO6WbltTLysLRhSEYE3cpKvdnl40-fE2vuJjwysg&oe=66FD2BBB","https://www.facebook.com/ilham.ajo.37604","Y29tbWVudDoyMzE1ODkzNTU4NzUzNzU1XzExNjY5ODc4NzEwMjU3NjU=","Tauruss Awoll Awoll Nggae ilmu dalam Mahami Ne 😂","2","6","2024-09-21T13:54:27.000Z","2315893558753755","https://www.facebook.com/100009994003233/posts/2315893558753755","ZmVlZGJhY2s6MjMxNTg5MzU1ODc1Mzc1NV8xMTY2OTg3ODcxMDI1NzY1","Y29tbWVudDoyMzE1ODkzNTU4NzUzNzU1XzExNjY5ODc4NzEwMjU3NjU=","https://www.facebook.com/100009994003233/posts/2315893558753755","1","200476579818147","false",,,,,,"BOMER F1 
MERLIN F1 
Rock Melon Daging Orange Cap Bintang Asia Produksi dari PT Benih Citra Asia 
Manis Mempesona dan Menggoda Petani melon indonesia, 
Mari Menggunakan Produk Inovasi Anak Negeri, 
Hal Kecil Bermanfaat Besar Untuk Kemajuan Bangsa,
@sorotan SEMUA ORANG","pfbid02NBpy51ZxoYuquipewHHKANCLVzNnHeFA8SBJm8EEL27mHvDtYfFhAs6okcoUBRC4l","Tauruss Awoll Awoll","https://scontent.fpos10-1.fna.fbcdn.net/v/t39.30808-1/383347234_646962930887479_6189574835271167686_n.jpg?stp=c8.0.658.658a_cp0_dst-jpg_s32x32&_nc_cat=110&ccb=1-7&_nc_sid=0ecb9b&_nc_ohc=UDE1XjNxmREQ7kNvgH2wv7Y&_nc_ht=scontent.fpos10-1.fna&_nc_gid=A2pndxSxQtq4JmeADnyQb0f&oh=00_AYAGBDoIMzq_5hqwcQIyDToiQAluBFcryEPPpY6Di6jPxQ&oe=66FD2E7B","https://www.facebook.com/people/Tauruss-Awoll-Awoll/pfbid02NBpy51ZxoYuquipewHHKANCLVzNnHeFA8SBJm8EEL27mHvDtYfFhAs6okcoUBRC4l/",,"Gassss","0"
,,,,,,,,,,,,"https://www.facebook.com/ilham.ajo.37604/posts/pfbid0TNvNvzGmkSV9yqaujZuXbBFB9VdZqYCRkfi3nzCt5faR29UazApDzsUtVHY1fQnql?comment_id=1235910507748075",,,,,,,,,,,,,,,,,,,,,,,,,,,,,,,,,,,,,,,,,,,,,,,,,,,,,,,,,,,,,,,,,,,,,,,,,,,,,,,,,,,,,,,,,,,,,,,,,,,,,,,,"1","2024-09-23T09:42:29.000Z","2317617618581349","https://www.facebook.com/100009994003233/posts/2317617618581349","ZmVlZGJhY2s6MjMxNzYxNzYxODU4MTM0OV8xMjM1OTEwNTA3NzQ4MDc1","Y29tbWVudDoyMzE3NjE3NjE4NTgxMzQ5XzEyMzU5MTA1MDc3NDgwNzU=","https://www.facebook.com/100009994003233/posts/2317617618581349","1","200476579818147","false",,,,,,"Waktunya Kita Gasken
Jagung Manis ROMANZA F1 Cap Bintang Asia Produksi dari PT Benih Citra Asia 
Buah Super Gede
Rasa Super Manis
Produksi Hasil Tinggi 
Lebih Panjang, Lebih Besar, Lebih Manis...
SEMUA ORANG @sorotan  Mhd Arpi 
.
.","100004825651478","NiZar Bintang Asia","https://scontent-sjc3-1.xx.fbcdn.net/v/t39.30808-1/438276089_2611594555678041_6997404202785061953_n.jpg?stp=cp0_dst-jpg_p32x32&_nc_cat=111&ccb=1-7&_nc_sid=50d2ac&_nc_ohc=EYsV5G9NhH8Q7kNvgErxpzQ&_nc_ht=scontent-sjc3-1.xx&oh=00_AYB5FSW_HKQiqrt73AL-Dw8gUWMJSl7VNzAd5UQ1m6zCrQ&oe=66FD31AE","https://www.facebook.com/nizar.setia.3",,"Membara","0"
,,,,,,,,,,,,"https://www.facebook.com/ilham.ajo.37604/posts/pfbid0TNvNvzGmkSV9yqaujZuXbBFB9VdZqYCRkfi3nzCt5faR29UazApDzsUtVHY1fQnql?comment_id=1230115338439242",,,,,,,,,,,,,,,,,,,,,,,,,,,,,,,,,,,,,,,,,,,,,,,,,,,,,,,,,,,,,,,,,,,,,,,,,,,,,,,,,,,,,,,,,,,,,,,,,,,,,,,,"1","2024-09-23T16:33:51.000Z","2317617618581349","https://www.facebook.com/100009994003233/posts/2317617618581349","ZmVlZGJhY2s6MjMxNzYxNzYxODU4MTM0OV8xMjMwMTE1MzM4NDM5MjQy","Y29tbWVudDoyMzE3NjE3NjE4NTgxMzQ5XzEyMzAxMTUzMzg0MzkyNDI=","https://www.facebook.com/100009994003233/posts/2317617618581349","1","200476579818147","false",,,,,,"Waktunya Kita Gasken
Jagung Manis ROMANZA F1 Cap Bintang Asia Produksi dari PT Benih Citra Asia 
Buah Super Gede
Rasa Super Manis
Produksi Hasil Tinggi 
Lebih Panjang, Lebih Besar, Lebih Manis...
SEMUA ORANG @sorotan  Mhd Arpi 
.
.","100006759276024","Kopi Susu","https://scontent-sjc3-1.xx.fbcdn.net/v/t39.30808-1/457313047_3843369685898303_8630632096743929739_n.jpg?stp=cp0_dst-jpg_s32x32&_nc_cat=107&ccb=1-7&_nc_sid=50d2ac&_nc_ohc=tXlBwlBvvfcQ7kNvgGUeGvO&_nc_ht=scontent-sjc3-1.xx&oh=00_AYBzjAoX-lW0_5My70l9UCxIMI7TeqBd76oWNgMOEYJCig&oe=66FD36ED","https://www.facebook.com/razu.geng.7",,"Gas trus bos jngan kasi kendor..bintang asia emng jos gandos🤤🤤👍👍🫰🫰","0"
,,,,,,,,,,,,"https://www.facebook.com/ilham.ajo.37604/posts/pfbid0TNvNvzGmkSV9yqaujZuXbBFB9VdZqYCRkfi3nzCt5faR29UazApDzsUtVHY1fQnql?comment_id=1034337154853612",,,,,,,,,,,,,,,,,,,,,,,,,,,,,,,,,,,,,,,,,,,,,,,,,,,,,,,,,,,,,,,,,,,,,,,,,,,,,,,,,,,,,,,,,,,,,,,,,,,,,,,,"1","2024-09-23T14:16:59.000Z","2317617618581349","https://www.facebook.com/100009994003233/posts/2317617618581349","ZmVlZGJhY2s6MjMxNzYxNzYxODU4MTM0OV8xMDM0MzM3MTU0ODUzNjEy","Y29tbWVudDoyMzE3NjE3NjE4NTgxMzQ5XzEwMzQzMzcxNTQ4NTM2MTI=","https://www.facebook.com/100009994003233/posts/2317617618581349","1","200476579818147","false",,,,,,"Waktunya Kita Gasken
Jagung Manis ROMANZA F1 Cap Bintang Asia Produksi dari PT Benih Citra Asia 
Buah Super Gede
Rasa Super Manis
Produksi Hasil Tinggi 
Lebih Panjang, Lebih Besar, Lebih Manis...
SEMUA ORANG @sorotan  Mhd Arpi 
.
.","100000252734154","Sutarman Ar Rasyid","https://scontent-sjc3-1.xx.fbcdn.net/v/t39.30808-1/235895266_4591351950883184_8840857036031897211_n.jpg?stp=c35.0.610.610a_cp0_dst-jpg_s32x32&_nc_cat=102&ccb=1-7&_nc_sid=50d2ac&_nc_ohc=piXJrGnPBNMQ7kNvgFxkcSV&_nc_ht=scontent-sjc3-1.xx&oh=00_AYDv4wsY6CSVSUwwKCe17MnyLrm0YTGHhKeAUJtrBueTsg&oe=66FD40F3","https://www.facebook.com/raikage.sutarman",,"bahan e ono Ora? jo posting Poto wae wkwkwkw","0"
,,,,,,,,,,,,"https://www.facebook.com/ilham.ajo.37604/posts/pfbid0TNvNvzGmkSV9yqaujZuXbBFB9VdZqYCRkfi3nzCt5faR29UazApDzsUtVHY1fQnql?comment_id=2044618582640374",,,,,,,,,,,,,,,,,,,,,,,,,,,,,,,,,,,,,,,,,,,,,,,,,,,,,,,,,,,,,,,,,,,,,,,,,,,,,,,,,,,,,,,,,,,,,,,,,,,,,,,,"1","2024-09-23T09:32:15.000Z","2317617618581349","https://www.facebook.com/100009994003233/posts/2317617618581349","ZmVlZGJhY2s6MjMxNzYxNzYxODU4MTM0OV8yMDQ0NjE4NTgyNjQwMzc0","Y29tbWVudDoyMzE3NjE3NjE4NTgxMzQ5XzIwNDQ2MTg1ODI2NDAzNzQ=","https://www.facebook.com/100009994003233/posts/2317617618581349","1","200476579818147","false",,,,,,"Waktunya Kita Gasken
Jagung Manis ROMANZA F1 Cap Bintang Asia Produksi dari PT Benih Citra Asia 
Buah Super Gede
Rasa Super Manis
Produksi Hasil Tinggi 
Lebih Panjang, Lebih Besar, Lebih Manis...
SEMUA ORANG @sorotan  Mhd Arpi 
.
.","100007578522755","Renzy Bintangasia","https://scontent-sjc3-1.xx.fbcdn.net/v/t39.30808-1/426012403_3605728109689771_2277782955804277447_n.jpg?stp=cp0_dst-jpg_s32x32&_nc_cat=104&ccb=1-7&_nc_sid=50d2ac&_nc_ohc=tTmdX3bXLYAQ7kNvgEL3tSb&_nc_ht=scontent-sjc3-1.xx&oh=00_AYAlRfQqj2V9iO3Ko-LEn_eiGunrweAP5EOqP5VXW8ulAw&oe=66FD3784","https://www.facebook.com/renzi.prayuda",,"Mantap","0"
,,,,,,,,,,,,"https://www.facebook.com/ilham.ajo.37604/posts/pfbid0TNvNvzGmkSV9yqaujZuXbBFB9VdZqYCRkfi3nzCt5faR29UazApDzsUtVHY1fQnql?comment_id=539222712022771",,,,,,,,,,,,,,,,,,,,,,,,,,,,,,,,,,,,,,,,,,,,,,,,,,,,,,,,,,,,,,,,,,,,,,,,,,,,,,,,,,,,,,,,,,,,,,,,,,,,,,,,"1","2024-09-23T11:18:24.000Z","2317617618581349","https://www.facebook.com/100009994003233/posts/2317617618581349","ZmVlZGJhY2s6MjMxNzYxNzYxODU4MTM0OV81MzkyMjI3MTIwMjI3NzE=","Y29tbWVudDoyMzE3NjE3NjE4NTgxMzQ5XzUzOTIyMjcxMjAyMjc3MQ==","https://www.facebook.com/100009994003233/posts/2317617618581349","1","200476579818147","false",,,,,,"Waktunya Kita Gasken
Jagung Manis ROMANZA F1 Cap Bintang Asia Produksi dari PT Benih Citra Asia 
Buah Super Gede
Rasa Super Manis
Produksi Hasil Tinggi 
Lebih Panjang, Lebih Besar, Lebih Manis...
SEMUA ORANG @sorotan  Mhd Arpi 
.
.","100014406039341","Hileud Melon","https://scontent-sjc3-1.xx.fbcdn.net/v/t39.30808-1/451432247_1859537544536429_4310570413362761283_n.jpg?stp=cp0_dst-jpg_s32x32&_nc_cat=100&ccb=1-7&_nc_sid=50d2ac&_nc_ohc=5XaqNkNvS9IQ7kNvgHD0MSx&_nc_ht=scontent-sjc3-1.xx&oh=00_AYA6-D4RIcIqI1D9ek-Ure9Kh8cwfILELQj9vWRY0EitwA&oe=66FD3D19",,,"Bagi om","0"
,,,,,,,,,,,,"https://www.facebook.com/ilham.ajo.37604/posts/pfbid0TNvNvzGmkSV9yqaujZuXbBFB9VdZqYCRkfi3nzCt5faR29UazApDzsUtVHY1fQnql?comment_id=1207928420258436",,,,,,,,,,,,,,,,,,,,,,,,,,,,,,,,,,,,,,,,,,,,,,,,,,,,,,,,,,,,,,,,,,,,,,,,,,,,,,,,,,,,,,,,,,,,,,,,,,,,,,,,"5","2024-09-23T10:48:13.000Z","2317617618581349","https://www.facebook.com/100009994003233/posts/2317617618581349","ZmVlZGJhY2s6MjMxNzYxNzYxODU4MTM0OV8xMjA3OTI4NDIwMjU4NDM2","Y29tbWVudDoyMzE3NjE3NjE4NTgxMzQ5XzEyMDc5Mjg0MjAyNTg0MzY=","https://www.facebook.com/100009994003233/posts/2317617618581349","1","200476579818147","false",,,,,,"Waktunya Kita Gasken
Jagung Manis ROMANZA F1 Cap Bintang Asia Produksi dari PT Benih Citra Asia 
Buah Super Gede
Rasa Super Manis
Produksi Hasil Tinggi 
Lebih Panjang, Lebih Besar, Lebih Manis...
SEMUA ORANG @sorotan  Mhd Arpi 
.
.","pfbid0NcctSEnxyVFPojsJvvxJgEEmiKFQY94aRy4Yy7JyiioTiQqVzKJutfj54eBU8aKal","Il Dan Al","https://scontent-sjc3-1.xx.fbcdn.net/v/t39.30808-1/419632526_1132375114806637_9179191960413534651_n.jpg?stp=cp0_dst-jpg_s32x32&_nc_cat=108&ccb=1-7&_nc_sid=0ecb9b&_nc_ohc=U30WWxNq-iAQ7kNvgEkVQYB&_nc_ht=scontent-sjc3-1.xx&oh=00_AYBKN2lGOC0vV7rY4hi2bRvwS2uXWG0te5hJ942T5EH1vA&oe=66FD41F9","https://www.facebook.com/ildan.al.35",,"Jadi artis lah Adek akk tu Yo il😅😅","0"
,,,,,,,,,,,,"https://www.facebook.com/ilham.ajo.37604/videos/1081143623440630/?comment_id=1703848697055275","https://www.facebook.com/ilham.ajo.37604/videos/1081143623440630/?comment_id=1703848697055275&reply_comment_id=1457827951454019","2024-09-25T14:00:32.000Z","ZmVlZGJhY2s6MjMxODg0MjI0NTEyNTU1M18xNDU3ODI3OTUxNDU0MDE5","Y29tbWVudDoyMzE4ODQyMjQ1MTI1NTUzXzE0NTc4Mjc5NTE0NTQwMTk=","0","User","61559648087814","Sami Bintang Asia","Sami Bintang Asia","Y29tbWVudDoyMzE4ODQyMjQ1MTI1NTUzXzE3MDM4NDg2OTcwNTUyNzU=","100009994003233","Ilham Bintang Asia","https://scontent-atl3-1.xx.fbcdn.net/v/t39.30808-1/349801600_780566773437800_6977822504580595866_n.jpg?stp=cp0_dst-jpg_s32x32&_nc_cat=100&ccb=1-7&_nc_sid=50d2ac&_nc_ohc=iaOcLsKmi9cQ7kNvgGnGH9E&_nc_ht=scontent-atl3-1.xx&_nc_gid=AJdSpjw8eNVabDYgU3spoz-&oh=00_AYAKHRPB0I2DILYSQcwKWxRfnHnLIbppXGMg0oW-SII0Ww&oe=66FD2BBB","https://www.facebook.com/ilham.ajo.37604","Y29tbWVudDoyMzE4ODQyMjQ1MTI1NTUzXzE3MDM4NDg2OTcwNTUyNzU=","Sami Bintang Asia 10 MDPL masbroo","1",,,,,,,,,,,,,,,,,,,,,,,,,,,,,,,,,,,,,,,,,,,,,,,,,,,,,,,,,,,,,,,,,,,,,,,,,,,,,,,,,,,,,,,"1","2024-09-25T11:03:12.000Z","2318842245125553","https://www.facebook.com/100009994003233/posts/2318842245125553","ZmVlZGJhY2s6MjMxODg0MjI0NTEyNTU1M18xNzAzODQ4Njk3MDU1Mjc1","Y29tbWVudDoyMzE4ODQyMjQ1MTI1NTUzXzE3MDM4NDg2OTcwNTUyNzU=","https://www.facebook.com/100009994003233/posts/2318842245125553","1",,,,,,,,"Coming Soon 
Jagung Manis ROMANZA F1 Cap Bintang Asia Produksi dari PT Benih Citra Asia 
👉Tongkol Super Gede
👉Rasa Super Manis
👉Tahan Bulai 
👉Tahan Hawar...","61559648087814","Sami Bintang Asia","https://scontent-atl3-2.xx.fbcdn.net/v/t39.30808-1/447269061_122112947984321602_2383448233833295482_n.jpg?stp=cp0_dst-jpg_s32x32&_nc_cat=101&ccb=1-7&_nc_sid=10b96e&_nc_ohc=thsaIPemv5QQ7kNvgH1ar82&_nc_ht=scontent-atl3-2.xx&_nc_gid=AJdSpjw8eNVabDYgU3spoz-&oh=00_AYC-WSXdUkEXbH1rHsqd8drUKBFmAT0VYJuhdex1j9pKLg&oe=66FD400C","https://www.facebook.com/sami.bintang.asia",,"Ketinggian berapa bro","0"
"VideoTipJarPayment","1081849540036705","0","1","https://static.xx.fbcdn.net/rsrc.php/v3/yN/r/z6visRJQXR_.png",,"StarsVirtualGiftBaseType",,"/images/assets_DO_NOT_HARDCODE/user_pay_stars_virtual_gifts/Community-Unification-Default-Tier1-Thoughtful-Testing-Static.png","Community-Unification-Default-T1-Thoughtful-bottomsheet-testing-animation","https://static.xx.fbcdn.net/rsrc.php/y6/r/qfD07Iv6r-5.kf","1414980765966032","https://www.facebook.com/ilham.ajo.37604/videos/1081143623440630/?comment_id=1298652098176897",,,,,,,,,,,,,,,,,,,,,,,,,,,,,,,,,,,,,,,,,,,,,,,,,,,,,,,,,,,,,,,,,,,,,,,,,,,,,,,,,,,,,,,,,,,,,,,,,,,,,,,,,"2024-09-25T13:19:58.000Z","2318842245125553","https://www.facebook.com/100009994003233/posts/2318842245125553","ZmVlZGJhY2s6MjMxODg0MjI0NTEyNTU1M18xMjk4NjUyMDk4MTc2ODk3","Y29tbWVudDoyMzE4ODQyMjQ1MTI1NTUzXzEyOTg2NTIwOTgxNzY4OTc=","https://www.facebook.com/100009994003233/posts/2318842245125553","2",,,,,,,,"Coming Soon 
Jagung Manis ROMANZA F1 Cap Bintang Asia Produksi dari PT Benih Citra Asia 
👉Tongkol Super Gede
👉Rasa Super Manis
👉Tahan Bulai 
👉Tahan Hawar...","100007578522755","Renzy Bintangasia","https://scontent-atl3-2.xx.fbcdn.net/v/t39.30808-1/426012403_3605728109689771_2277782955804277447_n.jpg?stp=cp0_dst-jpg_s32x32&_nc_cat=104&ccb=1-7&_nc_sid=50d2ac&_nc_ohc=tTmdX3bXLYAQ7kNvgEuUF9I&_nc_ht=scontent-atl3-2.xx&_nc_gid=AJdSpjw8eNVabDYgU3spoz-&oh=00_AYCyaqjGqUH0pWdL6YMRU8XoX9IRb5VEXAqJTz6HnvYXyw&oe=66FD3784","https://www.facebook.com/renzi.prayuda",,,"0"
,,,,,,,,,,,,"https://www.facebook.com/ilham.ajo.37604/videos/1796146114545388/?comment_id=1627601121151338",,,,,,,,,,,,,,,,,,,,,,,,,,,,,,,,,,,,,,,,,,,,,,,,,,,,,,,,,,,,,,,,,,,,,,,,,,,,,,,,,,,,,,,,,,,,,,,,,,,,,,,,,"2024-09-26T03:38:54.000Z","1796146114545388","https://www.facebook.com/100009994003233/posts/1796146114545388","ZmVlZGJhY2s6MTc5NjE0NjExNDU0NTM4OF8xNjI3NjAxMTIxMTUxMzM4","Y29tbWVudDoxNzk2MTQ2MTE0NTQ1Mzg4XzE2Mjc2MDExMjExNTEzMzg=","https://www.facebook.com/100009994003233/posts/1796146114545388","0",,,,,,,,"Ilham Bintang Asia was live.","100009994003233","Ilham Bintang Asia","https://scontent-lga3-2.xx.fbcdn.net/v/t39.30808-1/349801600_780566773437800_6977822504580595866_n.jpg?stp=cp0_dst-jpg_s32x32&_nc_cat=100&ccb=1-7&_nc_sid=50d2ac&_nc_ohc=iaOcLsKmi9cQ7kNvgHPfJiB&_nc_ht=scontent-lga3-2.xx&_nc_gid=A1RIpxwMaAsnSuOAqfguVoH&oh=00_AYAcM8nffYDJSRGPPaYBCllxVyhO_WPGwTgzLPFLBil35g&oe=66FD2BBB","https://www.facebook.com/ilham.ajo.37604",,"🌟 Anda bisa mendukung saya dengan mengirim Bintang. Bintang membantu saya mendapatkan uang untuk membuat lebih banyak konten!","0"
,,,,,,,,,,,,"https://www.facebook.com/ilham.ajo.37604/videos/1796146114545388/?comment_id=1192441291983188",,,,,,,,,,,,,,,,,,,,,,,,,,,,,,,,,,,,,,,,,,,,,,,,,,,,,,,,,,,,,,,,,,,,,,,,,,,,,,,,,,,,,,,,,,,,,,,,,,,,,,,,,"2024-09-26T05:16:08.000Z","1796146114545388","https://www.facebook.com/100009994003233/posts/1796146114545388","ZmVlZGJhY2s6MTc5NjE0NjExNDU0NTM4OF8xMTkyNDQxMjkxOTgzMTg4","Y29tbWVudDoxNzk2MTQ2MTE0NTQ1Mzg4XzExOTI0NDEyOTE5ODMxODg=","https://www.facebook.com/100009994003233/posts/1796146114545388","1",,,,,,,,"Ilham Bintang Asia was live.","pfbid02FQEZSbWCxZJyCbNd7FUL6PJBEPdNqJgGNbHfck1Kr98sNTHLUu2RiHZ4pFPidBQil","Suhar Syakira","https://scontent-lga3-2.xx.fbcdn.net/v/t39.30808-1/363792217_998036524948449_7292434775988921046_n.jpg?stp=cp0_dst-jpg_s32x32&_nc_cat=101&ccb=1-7&_nc_sid=0ecb9b&_nc_ohc=Q6NKpZsobtwQ7kNvgHoFsNP&_nc_ht=scontent-lga3-2.xx&_nc_gid=A1RIpxwMaAsnSuOAqfguVoH&oh=00_AYBD4yhmZ-_oR4EHC2UXngVD0UrBf66it-yyZbGy58L3EA&oe=66FD4175","https://www.facebook.com/suhar.syakira",,"Bilang am bg Anto byk imbg TPT kodok, tolong jual kn tanah tu  🤣","0"
,,,,,,,,,,,,"https://www.facebook.com/ilham.ajo.37604/posts/pfbid02QeZmq8eW2GMGQ7ohbZ44d4RY3XHj7hZGhXPV7HNiN55RXqcYVagnpzXXzJPy6fJul?comment_id=1166987871025765&reply_comment_id=514131678021431",,,,,,,,,,,,,,,,,,,,,,,,,,,,,,,,,,,,,,,,,,,,,,,,,,,,,,,,,,,,,,,,,,,,,,,,,,,,,,,,,,,,,,,,,,,,,,,,,,,,,,,,,"2024-09-21T14:16:15.000Z","2315893558753755","https://www.facebook.com/100009994003233/posts/2315893558753755","ZmVlZGJhY2s6MjMxNTg5MzU1ODc1Mzc1NV81MTQxMzE2NzgwMjE0MzE=","Y29tbWVudDoyMzE1ODkzNTU4NzUzNzU1XzUxNDEzMTY3ODAyMTQzMQ==","https://www.facebook.com/100009994003233/posts/2315893558753755","0","200476579818147","false","User","pfbid02NBpy51ZxoYuquipewHHKANCLVzNnHeFA8SBJm8EEL27mHvDtYfFhAs6okcoUBRC4l","Tauruss Awoll Awoll","Tauruss Awoll","Y29tbWVudDoyMzE1ODkzNTU4NzUzNzU1XzExNjY5ODc4NzEwMjU3NjU=","BOMER F1 
MERLIN F1 
Rock Melon Daging Orange Cap Bintang Asia Produksi dari PT Benih Citra Asia 
Manis Mempesona dan Menggoda Petani melon indonesia, 
Mari Menggunakan Produk Inovasi Anak Negeri, 
Hal Kecil Bermanfaat Besar Untuk Kemajuan Bangsa,
@sorotan SEMUA ORANG","100009994003233","Ilham Bintang Asia","https://scontent.fplu23-1.fna.fbcdn.net/v/t39.30808-1/349801600_780566773437800_6977822504580595866_n.jpg?stp=cp0_dst-jpg_s32x32&_nc_cat=100&ccb=1-7&_nc_sid=50d2ac&_nc_ohc=iaOcLsKmi9cQ7kNvgENx1_g&_nc_ht=scontent.fplu23-1.fna&_nc_gid=Ac61yo9rwLYZAuMIO-UqLnS&oh=00_AYCWA0suHKKiZa7WlCHoo5lAOxtroXxOK4fZ1apWzxPvFw&oe=66FD2BBB","https://www.facebook.com/ilham.ajo.37604","Y29tbWVudDoyMzE1ODkzNTU4NzUzNzU1XzExNjY5ODc4NzEwMjU3NjU=","Tauruss Awoll Awoll Rene Yoo 🤣🤣🤣","1"
,,,,,,,,,,,,"https://www.facebook.com/ilham.ajo.37604/posts/pfbid02QeZmq8eW2GMGQ7ohbZ44d4RY3XHj7hZGhXPV7HNiN55RXqcYVagnpzXXzJPy6fJul?comment_id=1166987871025765&reply_comment_id=2899839196859353",,,,,,,,,,,,,,,,,,,,,,,,,,,,,,,,,,,,,,,,,,,,,,,,,,,,,,,,,,,,,,,,,,,,,,,,,,,,,,,,,,,,,,,,,,,,,,,,,,,,,,,,"4","2024-09-21T14:27:47.000Z","2315893558753755","https://www.facebook.com/100009994003233/posts/2315893558753755","ZmVlZGJhY2s6MjMxNTg5MzU1ODc1Mzc1NV8yODk5ODM5MTk2ODU5MzUz","Y29tbWVudDoyMzE1ODkzNTU4NzUzNzU1XzI4OTk4MzkxOTY4NTkzNTM=","https://www.facebook.com/100009994003233/posts/2315893558753755","2","200476579818147","false","User","pfbid02NBpy51ZxoYuquipewHHKANCLVzNnHeFA8SBJm8EEL27mHvDtYfFhAs6okcoUBRC4l","Tauruss Awoll Awoll","Tauruss Awoll","Y29tbWVudDoyMzE1ODkzNTU4NzUzNzU1XzExNjY5ODc4NzEwMjU3NjU=","BOMER F1 
MERLIN F1 
Rock Melon Daging Orange Cap Bintang Asia Produksi dari PT Benih Citra Asia 
Manis Mempesona dan Menggoda Petani melon indonesia, 
Mari Menggunakan Produk Inovasi Anak Negeri, 
Hal Kecil Bermanfaat Besar Untuk Kemajuan Bangsa,
@sorotan SEMUA ORANG","100003206008888","Agung Kurniawan","https://scontent.fplu23-1.fna.fbcdn.net/v/t39.30808-1/453997895_7841290069321115_6905892021573640656_n.jpg?stp=cp0_dst-jpg_s32x32&_nc_cat=105&ccb=1-7&_nc_sid=50d2ac&_nc_ohc=11I9Eiut-x0Q7kNvgFUmXjN&_nc_ht=scontent.fplu23-1.fna&_nc_gid=Ac61yo9rwLYZAuMIO-UqLnS&oh=00_AYBesySws9rzC0zgmaYJqrY7h9JK-U-sS9-KwL5gQmqLrQ&oe=66FD28C3","https://www.facebook.com/agung.kurniawan.37604","Y29tbWVudDoyMzE1ODkzNTU4NzUzNzU1XzExNjY5ODc4NzEwMjU3NjU=","Tauruss Awoll Awoll Jak di tekon bg taun sisok kiro kiro mundak Piro regone perpak jadi men ngerti lek yisain🫣🫣🫣","1"
,,,,,,,,,,,,"https://www.facebook.com/ilham.ajo.37604/posts/pfbid02QeZmq8eW2GMGQ7ohbZ44d4RY3XHj7hZGhXPV7HNiN55RXqcYVagnpzXXzJPy6fJul?comment_id=1166987871025765&reply_comment_id=1321394902163435",,,,,,,,,,,,,,,,,,,,,,,,,,,,,,,,,,,,,,,,,,,,,,,,,,,,,,,,,,,,,,,,,,,,,,,,,,,,,,,,,,,,,,,,,,,,,,,,,,,,,,,,,"2024-09-21T14:31:59.000Z","2315893558753755","https://www.facebook.com/100009994003233/posts/2315893558753755","ZmVlZGJhY2s6MjMxNTg5MzU1ODc1Mzc1NV8xMzIxMzk0OTAyMTYzNDM1","Y29tbWVudDoyMzE1ODkzNTU4NzUzNzU1XzEzMjEzOTQ5MDIxNjM0MzU=","https://www.facebook.com/100009994003233/posts/2315893558753755","0","200476579818147","false","User","pfbid02NBpy51ZxoYuquipewHHKANCLVzNnHeFA8SBJm8EEL27mHvDtYfFhAs6okcoUBRC4l","Tauruss Awoll Awoll","Tauruss Awoll","Y29tbWVudDoyMzE1ODkzNTU4NzUzNzU1XzExNjY5ODc4NzEwMjU3NjU=","BOMER F1 
MERLIN F1 
Rock Melon Daging Orange Cap Bintang Asia Produksi dari PT Benih Citra Asia 
Manis Mempesona dan Menggoda Petani melon indonesia, 
Mari Menggunakan Produk Inovasi Anak Negeri, 
Hal Kecil Bermanfaat Besar Untuk Kemajuan Bangsa,
@sorotan SEMUA ORANG","100009994003233","Ilham Bintang Asia","https://scontent.fplu23-1.fna.fbcdn.net/v/t39.30808-1/349801600_780566773437800_6977822504580595866_n.jpg?stp=cp0_dst-jpg_s32x32&_nc_cat=100&ccb=1-7&_nc_sid=50d2ac&_nc_ohc=iaOcLsKmi9cQ7kNvgENx1_g&_nc_ht=scontent.fplu23-1.fna&_nc_gid=Ac61yo9rwLYZAuMIO-UqLnS&oh=00_AYCWA0suHKKiZa7WlCHoo5lAOxtroXxOK4fZ1apWzxPvFw&oe=66FD2BBB","https://www.facebook.com/ilham.ajo.37604","Y29tbWVudDoyMzE1ODkzNTU4NzUzNzU1XzExNjY5ODc4NzEwMjU3NjU=","Agung Kurniawan Selipat Kain Boskuu🤣","2"
,,,,,,,,,,,,"https://www.facebook.com/ilham.ajo.37604/posts/pfbid02QeZmq8eW2GMGQ7ohbZ44d4RY3XHj7hZGhXPV7HNiN55RXqcYVagnpzXXzJPy6fJul?comment_id=1166987871025765&reply_comment_id=1275928250239270",,,,,,,,,,,,,,,,,,,,,,,,,,,,,,,,,,,,,,,,,,,,,,,,,,,,,,,,,,,,,,,,,,,,,,,,,,,,,,,,,,,,,,,,,,,,,,,,,,,,,,,,,"2024-09-21T14:33:48.000Z","2315893558753755","https://www.facebook.com/100009994003233/posts/2315893558753755","ZmVlZGJhY2s6MjMxNTg5MzU1ODc1Mzc1NV8xMjc1OTI4MjUwMjM5Mjcw","Y29tbWVudDoyMzE1ODkzNTU4NzUzNzU1XzEyNzU5MjgyNTAyMzkyNzA=","https://www.facebook.com/100009994003233/posts/2315893558753755","1","200476579818147","false","User","pfbid02NBpy51ZxoYuquipewHHKANCLVzNnHeFA8SBJm8EEL27mHvDtYfFhAs6okcoUBRC4l","Tauruss Awoll Awoll","Tauruss Awoll","Y29tbWVudDoyMzE1ODkzNTU4NzUzNzU1XzExNjY5ODc4NzEwMjU3NjU=","BOMER F1 
MERLIN F1 
Rock Melon Daging Orange Cap Bintang Asia Produksi dari PT Benih Citra Asia 
Manis Mempesona dan Menggoda Petani melon indonesia, 
Mari Menggunakan Produk Inovasi Anak Negeri, 
Hal Kecil Bermanfaat Besar Untuk Kemajuan Bangsa,
@sorotan SEMUA ORANG","100003206008888","Agung Kurniawan","https://scontent.fplu23-1.fna.fbcdn.net/v/t39.30808-1/453997895_7841290069321115_6905892021573640656_n.jpg?stp=cp0_dst-jpg_s32x32&_nc_cat=105&ccb=1-7&_nc_sid=50d2ac&_nc_ohc=11I9Eiut-x0Q7kNvgFUmXjN&_nc_ht=scontent.fplu23-1.fna&_nc_gid=Ac61yo9rwLYZAuMIO-UqLnS&oh=00_AYBesySws9rzC0zgmaYJqrY7h9JK-U-sS9-KwL5gQmqLrQ&oe=66FD28C3","https://www.facebook.com/agung.kurniawan.37604","Y29tbWVudDoyMzE1ODkzNTU4NzUzNzU1XzExNjY5ODc4NzEwMjU3NjU=","Ilham Bintang Asia haaaa","2"
,,,,,,,,,,,,"https://www.facebook.com/ilham.ajo.37604/posts/pfbid02QeZmq8eW2GMGQ7ohbZ44d4RY3XHj7hZGhXPV7HNiN55RXqcYVagnpzXXzJPy6fJul?comment_id=1166987871025765&reply_comment_id=540143248548510",,,,,,,,,,,,,,,,,,,,,,,,,,,,,,,,,,,,,,,,,,,,,,,,,,,,,,,,,,,,,,,,,,,,,,,,,,,,,,,,,,,,,,,,,,,,,,,,,,,,,,,,,"2024-09-21T14:48:26.000Z","2315893558753755","https://www.facebook.com/100009994003233/posts/2315893558753755","ZmVlZGJhY2s6MjMxNTg5MzU1ODc1Mzc1NV81NDAxNDMyNDg1NDg1MTA=","Y29tbWVudDoyMzE1ODkzNTU4NzUzNzU1XzU0MDE0MzI0ODU0ODUxMA==","https://www.facebook.com/100009994003233/posts/2315893558753755","1","200476579818147","false","User","pfbid02NBpy51ZxoYuquipewHHKANCLVzNnHeFA8SBJm8EEL27mHvDtYfFhAs6okcoUBRC4l","Tauruss Awoll Awoll","Tauruss Awoll","Y29tbWVudDoyMzE1ODkzNTU4NzUzNzU1XzExNjY5ODc4NzEwMjU3NjU=","BOMER F1 
MERLIN F1 
Rock Melon Daging Orange Cap Bintang Asia Produksi dari PT Benih Citra Asia 
Manis Mempesona dan Menggoda Petani melon indonesia, 
Mari Menggunakan Produk Inovasi Anak Negeri, 
Hal Kecil Bermanfaat Besar Untuk Kemajuan Bangsa,
@sorotan SEMUA ORANG","pfbid02NBpy51ZxoYuquipewHHKANCLVzNnHeFA8SBJm8EEL27mHvDtYfFhAs6okcoUBRC4l","Tauruss Awoll Awoll","https://scontent.fplu23-1.fna.fbcdn.net/v/t39.30808-1/383347234_646962930887479_6189574835271167686_n.jpg?stp=c8.0.658.658a_cp0_dst-jpg_s32x32&_nc_cat=110&ccb=1-7&_nc_sid=0ecb9b&_nc_ohc=UDE1XjNxmREQ7kNvgGq2c6T&_nc_ht=scontent.fplu23-1.fna&_nc_gid=Ac61yo9rwLYZAuMIO-UqLnS&oh=00_AYDbh7vrS_2FFh5UhbunR8pxPlGdpyy89dpxnPlCYNYNeA&oe=66FD2E7B","https://www.facebook.com/people/Tauruss-Awoll-Awoll/pfbid02NBpy51ZxoYuquipewHHKANCLVzNnHeFA8SBJm8EEL27mHvDtYfFhAs6okcoUBRC4l/","Y29tbWVudDoyMzE1ODkzNTU4NzUzNzU1XzExNjY5ODc4NzEwMjU3NjU=","Agung Kurniawan ora mudeng q🤣😉🤣","2"
,,,,,,,,,,,,"https://www.facebook.com/ilham.ajo.37604/posts/pfbid02QeZmq8eW2GMGQ7ohbZ44d4RY3XHj7hZGhXPV7HNiN55RXqcYVagnpzXXzJPy6fJul?comment_id=1166987871025765&reply_comment_id=385199881296193",,,,,,,,,,,,,,,,,,,,,,,,,,,,,,,,,,,,,,,,,,,,,,,,,,,,,,,,,,,,,,,,,,,,,,,,,,,,,,,,,,,,,,,,,,,,,,,,,,,,,,,,,"2024-09-22T04:02:50.000Z","2315893558753755","https://www.facebook.com/100009994003233/posts/2315893558753755","ZmVlZGJhY2s6MjMxNTg5MzU1ODc1Mzc1NV8zODUxOTk4ODEyOTYxOTM=","Y29tbWVudDoyMzE1ODkzNTU4NzUzNzU1XzM4NTE5OTg4MTI5NjE5Mw==","https://www.facebook.com/100009994003233/posts/2315893558753755","0","200476579818147","false","User","pfbid02NBpy51ZxoYuquipewHHKANCLVzNnHeFA8SBJm8EEL27mHvDtYfFhAs6okcoUBRC4l","Tauruss Awoll Awoll","Tauruss Awoll","Y29tbWVudDoyMzE1ODkzNTU4NzUzNzU1XzExNjY5ODc4NzEwMjU3NjU=","BOMER F1 
MERLIN F1 
Rock Melon Daging Orange Cap Bintang Asia Produksi dari PT Benih Citra Asia 
Manis Mempesona dan Menggoda Petani melon indonesia, 
Mari Menggunakan Produk Inovasi Anak Negeri, 
Hal Kecil Bermanfaat Besar Untuk Kemajuan Bangsa,
@sorotan SEMUA ORANG","100009994003233","Ilham Bintang Asia","https://scontent.fplu23-1.fna.fbcdn.net/v/t39.30808-1/349801600_780566773437800_6977822504580595866_n.jpg?stp=cp0_dst-jpg_s32x32&_nc_cat=100&ccb=1-7&_nc_sid=50d2ac&_nc_ohc=iaOcLsKmi9cQ7kNvgENx1_g&_nc_ht=scontent.fplu23-1.fna&_nc_gid=Ac61yo9rwLYZAuMIO-UqLnS&oh=00_AYCWA0suHKKiZa7WlCHoo5lAOxtroXxOK4fZ1apWzxPvFw&oe=66FD2BBB","https://www.facebook.com/ilham.ajo.37604","Y29tbWVudDoyMzE1ODkzNTU4NzUzNzU1XzExNjY5ODc4NzEwMjU3NjU=","Tauruss Awoll Awoll Nggae ilmu dalam Mahami Ne 😂","2"
,,,,,,,,,,,,"https://www.facebook.com/ilham.ajo.37604/posts/pfbid0TNvNvzGmkSV9yqaujZuXbBFB9VdZqYCRkfi3nzCt5faR29UazApDzsUtVHY1fQnql?comment_id=1235910507748075&reply_comment_id=507134302272766",,,,,,,,,,,,,,,,,,,,,,,,,,,,,,,,,,,,,,,,,,,,,,,,,,,,,,,,,,,,,,,,,,,,,,,,,,,,,,,,,,,,,,,,,,,,,,,,,,,,,,,,,"2024-09-23T14:40:28.000Z","2317617618581349","https://www.facebook.com/100009994003233/posts/2317617618581349","ZmVlZGJhY2s6MjMxNzYxNzYxODU4MTM0OV81MDcxMzQzMDIyNzI3NjY=","Y29tbWVudDoyMzE3NjE3NjE4NTgxMzQ5XzUwNzEzNDMwMjI3Mjc2Ng==","https://www.facebook.com/100009994003233/posts/2317617618581349","0","200476579818147","false","User","100004825651478","NiZar Bintang Asia","NiZar","Y29tbWVudDoyMzE3NjE3NjE4NTgxMzQ5XzEyMzU5MTA1MDc3NDgwNzU=","Waktunya Kita Gasken
Jagung Manis ROMANZA F1 Cap Bintang Asia Produksi dari PT Benih Citra Asia 
Buah Super Gede
Rasa Super Manis
Produksi Hasil Tinggi 
Lebih Panjang, Lebih Besar, Lebih Manis...
SEMUA ORANG @sorotan  Mhd Arpi 
.
.","100009994003233","Ilham Bintang Asia","https://scontent.fqnv1-1.fna.fbcdn.net/v/t39.30808-1/349801600_780566773437800_6977822504580595866_n.jpg?stp=cp0_dst-jpg_s32x32&_nc_cat=100&ccb=1-7&_nc_sid=50d2ac&_nc_ohc=iaOcLsKmi9cQ7kNvgEqnQR4&_nc_ht=scontent.fqnv1-1.fna&_nc_gid=A4GA9_MB0Y5bC8tGXGkkR2c&oh=00_AYCtG2xPPOizXQfVK9t6eb7_LV0-kvy7JximV-IbMW7nVA&oe=66FD2BBB","https://www.facebook.com/ilham.ajo.37604","Y29tbWVudDoyMzE3NjE3NjE4NTgxMzQ5XzEyMzU5MTA1MDc3NDgwNzU=","NiZar Bintang Asia Berapiiii🔥🔥🔥","1"
,,,,,,,,,,,,"https://www.facebook.com/ilham.ajo.37604/posts/pfbid0TNvNvzGmkSV9yqaujZuXbBFB9VdZqYCRkfi3nzCt5faR29UazApDzsUtVHY1fQnql?comment_id=539222712022771&reply_comment_id=1275485306798864",,,,,,,,,,,,,,,,,,,,,,,,,,,,,,,,,,,,,,,,,,,,,,,,,,,,,,,,,,,,,,,,,,,,,,,,,,,,,,,,,,,,,,,,,,,,,,,,,,,,,,,,,"2024-09-23T14:37:37.000Z","2317617618581349","https://www.facebook.com/100009994003233/posts/2317617618581349","ZmVlZGJhY2s6MjMxNzYxNzYxODU4MTM0OV8xMjc1NDg1MzA2Nzk4ODY0","Y29tbWVudDoyMzE3NjE3NjE4NTgxMzQ5XzEyNzU0ODUzMDY3OTg4NjQ=","https://www.facebook.com/100009994003233/posts/2317617618581349","0","200476579818147","false","User","100014406039341","Hileud Melon","Hileud","Y29tbWVudDoyMzE3NjE3NjE4NTgxMzQ5XzUzOTIyMjcxMjAyMjc3MQ==","Waktunya Kita Gasken
Jagung Manis ROMANZA F1 Cap Bintang Asia Produksi dari PT Benih Citra Asia 
Buah Super Gede
Rasa Super Manis
Produksi Hasil Tinggi 
Lebih Panjang, Lebih Besar, Lebih Manis...
SEMUA ORANG @sorotan  Mhd Arpi 
.
.","100009994003233","Ilham Bintang Asia","https://scontent.fcgh4-1.fna.fbcdn.net/v/t39.30808-1/349801600_780566773437800_6977822504580595866_n.jpg?stp=cp0_dst-jpg_s32x32&_nc_cat=100&ccb=1-7&_nc_sid=50d2ac&_nc_ohc=iaOcLsKmi9cQ7kNvgG5qls1&_nc_ht=scontent.fcgh4-1.fna&_nc_gid=AJJw_XoQRwRSUl3WM6pSwhs&oh=00_AYCGofZ37djHXlSyqQjQXGFwtzzJ6cj9KRjOGkWVpO_LbA&oe=66FD2BBB","https://www.facebook.com/ilham.ajo.37604","Y29tbWVudDoyMzE3NjE3NjE4NTgxMzQ5XzUzOTIyMjcxMjAyMjc3MQ==","Hileud Melon Siappp, kirim Kontener Om..","1"
,,,,,,,,,,,,"https://www.facebook.com/ilham.ajo.37604/posts/pfbid0TNvNvzGmkSV9yqaujZuXbBFB9VdZqYCRkfi3nzCt5faR29UazApDzsUtVHY1fQnql?comment_id=2044618582640374&reply_comment_id=441739118336946",,,,,,,,,,,,,,,,,,,,,,,,,,,,,,,,,,,,,,,,,,,,,,,,,,,,,,,,,,,,,,,,,,,,,,,,,,,,,,,,,,,,,,,,,,,,,,,,,,,,,,,,,"2024-09-23T14:38:05.000Z","2317617618581349","https://www.facebook.com/100009994003233/posts/2317617618581349","ZmVlZGJhY2s6MjMxNzYxNzYxODU4MTM0OV80NDE3MzkxMTgzMzY5NDY=","Y29tbWVudDoyMzE3NjE3NjE4NTgxMzQ5XzQ0MTczOTExODMzNjk0Ng==","https://www.facebook.com/100009994003233/posts/2317617618581349","0","200476579818147","false","User","100007578522755","Renzy Bintangasia","Renzy","Y29tbWVudDoyMzE3NjE3NjE4NTgxMzQ5XzIwNDQ2MTg1ODI2NDAzNzQ=","Waktunya Kita Gasken
Jagung Manis ROMANZA F1 Cap Bintang Asia Produksi dari PT Benih Citra Asia 
Buah Super Gede
Rasa Super Manis
Produksi Hasil Tinggi 
Lebih Panjang, Lebih Besar, Lebih Manis...
SEMUA ORANG @sorotan  Mhd Arpi 
.
.","100009994003233","Ilham Bintang Asia","https://scontent-hou1-1.xx.fbcdn.net/v/t39.30808-1/349801600_780566773437800_6977822504580595866_n.jpg?stp=cp0_dst-jpg_s32x32&_nc_cat=100&ccb=1-7&_nc_sid=50d2ac&_nc_ohc=iaOcLsKmi9cQ7kNvgEo3o6B&_nc_ht=scontent-hou1-1.xx&oh=00_AYD_RsZzrj-2CbNS-r5FXN11stMx4RhuA7Y40Y3jIrKHzw&oe=66FD2BBB","https://www.facebook.com/ilham.ajo.37604","Y29tbWVudDoyMzE3NjE3NjE4NTgxMzQ5XzIwNDQ2MTg1ODI2NDAzNzQ=","Renzy Bintangasia Josss pokok e Romanza","1"
,,,,,,,,,,,,"https://www.facebook.com/ilham.ajo.37604/posts/pfbid0TNvNvzGmkSV9yqaujZuXbBFB9VdZqYCRkfi3nzCt5faR29UazApDzsUtVHY1fQnql?comment_id=1034337154853612&reply_comment_id=497670023074091",,,,,,,,,,,,,,,,,,,,,,,,,,,,,,,,,,,,,,,,,,,,,,,,,,,,,,,,,,,,,,,,,,,,,,,,,,,,,,,,,,,,,,,,,,,,,,,,,,,,,,,,,"2024-09-23T14:39:24.000Z","2317617618581349","https://www.facebook.com/100009994003233/posts/2317617618581349","ZmVlZGJhY2s6MjMxNzYxNzYxODU4MTM0OV80OTc2NzAwMjMwNzQwOTE=","Y29tbWVudDoyMzE3NjE3NjE4NTgxMzQ5XzQ5NzY3MDAyMzA3NDA5MQ==","https://www.facebook.com/100009994003233/posts/2317617618581349","0","200476579818147","false","User","100000252734154","Sutarman Ar Rasyid","Sutarman","Y29tbWVudDoyMzE3NjE3NjE4NTgxMzQ5XzEwMzQzMzcxNTQ4NTM2MTI=","Waktunya Kita Gasken
Jagung Manis ROMANZA F1 Cap Bintang Asia Produksi dari PT Benih Citra Asia 
Buah Super Gede
Rasa Super Manis
Produksi Hasil Tinggi 
Lebih Panjang, Lebih Besar, Lebih Manis...
SEMUA ORANG @sorotan  Mhd Arpi 
.
.","100009994003233","Ilham Bintang Asia","https://scontent.fsaw1-11.fna.fbcdn.net/v/t39.30808-1/349801600_780566773437800_6977822504580595866_n.jpg?stp=cp0_dst-jpg_s32x32&_nc_cat=100&ccb=1-7&_nc_sid=50d2ac&_nc_ohc=iaOcLsKmi9cQ7kNvgGTbAl-&_nc_ht=scontent.fsaw1-11.fna&_nc_gid=AUS_jP4FewJ2BbyY9ltv5Y5&oh=00_AYA-7jlPP9qmQwVJjCiul2c26CV6w8JID8JtGRwCtWoeOg&oe=66FD2BBB","https://www.facebook.com/ilham.ajo.37604","Y29tbWVudDoyMzE3NjE3NjE4NTgxMzQ5XzEwMzQzMzcxNTQ4NTM2MTI=","Sutarman Ar Rasyid Selooww, Menyala nak ikii😀🔥","1"
,,,,,,,,,,,,"https://www.facebook.com/ilham.ajo.37604/posts/pfbid0TNvNvzGmkSV9yqaujZuXbBFB9VdZqYCRkfi3nzCt5faR29UazApDzsUtVHY1fQnql?comment_id=1207928420258436&reply_comment_id=1456058702463042",,,,,,,,,,,,,,,,,,,,,,,,,,,,,,,,,,,,,,,,,,,,,,,,,,,,,,,,,,,,,,,,,,,,,,,,,,,,,,,,,,,,,,,,,,,,,,,,,,,,,,,,"2","2024-09-23T14:40:05.000Z","2317617618581349","https://www.facebook.com/100009994003233/posts/2317617618581349","ZmVlZGJhY2s6MjMxNzYxNzYxODU4MTM0OV8xNDU2MDU4NzAyNDYzMDQy","Y29tbWVudDoyMzE3NjE3NjE4NTgxMzQ5XzE0NTYwNTg3MDI0NjMwNDI=","https://www.facebook.com/100009994003233/posts/2317617618581349","1","200476579818147","false","User","pfbid0NcctSEnxyVFPojsJvvxJgEEmiKFQY94aRy4Yy7JyiioTiQqVzKJutfj54eBU8aKal","Il Dan Al","Il Dan","Y29tbWVudDoyMzE3NjE3NjE4NTgxMzQ5XzEyMDc5Mjg0MjAyNTg0MzY=","Waktunya Kita Gasken
Jagung Manis ROMANZA F1 Cap Bintang Asia Produksi dari PT Benih Citra Asia 
Buah Super Gede
Rasa Super Manis
Produksi Hasil Tinggi 
Lebih Panjang, Lebih Besar, Lebih Manis...
SEMUA ORANG @sorotan  Mhd Arpi 
.
.","100009994003233","Ilham Bintang Asia","https://scontent-cpt1-1.xx.fbcdn.net/v/t39.30808-1/349801600_780566773437800_6977822504580595866_n.jpg?stp=cp0_dst-jpg_s32x32&_nc_cat=100&ccb=1-7&_nc_sid=50d2ac&_nc_ohc=iaOcLsKmi9cQ7kNvgEdf38q&_nc_ht=scontent-cpt1-1.xx&oh=00_AYD5Qv0KZrylXemZ770ESF-g3c1Ve6OU2hCn_dS4_6BVyA&oe=66FD2BBB","https://www.facebook.com/ilham.ajo.37604","Y29tbWVudDoyMzE3NjE3NjE4NTgxMzQ5XzEyMDc5Mjg0MjAyNTg0MzY=","Il Dan Al Udah SE Indonesia itu Poto nyo kak 😀
Keluar nnti kalender 2025😀","1"
,,,,,,,,,,,,"https://www.facebook.com/ilham.ajo.37604/posts/pfbid0TNvNvzGmkSV9yqaujZuXbBFB9VdZqYCRkfi3nzCt5faR29UazApDzsUtVHY1fQnql?comment_id=1207928420258436&reply_comment_id=1049065060191019",,,,,,,,,,,,,,,,,,,,,,,,,,,,,,,,,,,,,,,,,,,,,,,,,,,,,,,,,,,,,,,,,,,,,,,,,,,,,,,,,,,,,,,,,,,,,,,,,,,,,,,,,"2024-09-23T15:42:43.000Z","2317617618581349","https://www.facebook.com/100009994003233/posts/2317617618581349","ZmVlZGJhY2s6MjMxNzYxNzYxODU4MTM0OV8xMDQ5MDY1MDYwMTkxMDE5","Y29tbWVudDoyMzE3NjE3NjE4NTgxMzQ5XzEwNDkwNjUwNjAxOTEwMTk=","https://www.facebook.com/100009994003233/posts/2317617618581349","1","200476579818147","false","User","pfbid0NcctSEnxyVFPojsJvvxJgEEmiKFQY94aRy4Yy7JyiioTiQqVzKJutfj54eBU8aKal","Il Dan Al","Il Dan","Y29tbWVudDoyMzE3NjE3NjE4NTgxMzQ5XzEyMDc5Mjg0MjAyNTg0MzY=","Waktunya Kita Gasken
Jagung Manis ROMANZA F1 Cap Bintang Asia Produksi dari PT Benih Citra Asia 
Buah Super Gede
Rasa Super Manis
Produksi Hasil Tinggi 
Lebih Panjang, Lebih Besar, Lebih Manis...
SEMUA ORANG @sorotan  Mhd Arpi 
.
.","pfbid02Mbkj51jNzUBMcD8E9eF1kDnxf5DxpP2cbcgwBNoUN1RYhoR7Q1yaMwM2gFdcdVa7l","Mhd Arpi","https://scontent-cpt1-1.xx.fbcdn.net/v/t39.30808-1/379473145_1067753407737917_1556965108746439272_n.jpg?stp=c0.120.720.720a_cp0_dst-jpg_s32x32&_nc_cat=101&ccb=1-7&_nc_sid=0ecb9b&_nc_ohc=fDhGoIHJTZsQ7kNvgEdXcsR&_nc_ht=scontent-cpt1-1.xx&oh=00_AYBetMtlmJA0MKbH8IcPHKtbiGfYSBycQonlqygtIf5ApA&oe=66FD3FE1","https://www.facebook.com/mhd.arpi.1","Y29tbWVudDoyMzE3NjE3NjE4NTgxMzQ5XzEyMDc5Mjg0MjAyNTg0MzY=","Ilham Bintang Asia aiy motan tu il...","2"
,,,,,,,,,,,,"https://www.facebook.com/ilham.ajo.37604/posts/pfbid0TNvNvzGmkSV9yqaujZuXbBFB9VdZqYCRkfi3nzCt5faR29UazApDzsUtVHY1fQnql?comment_id=1207928420258436&reply_comment_id=1620989725499861",,,,,,,,,,,,,,,,,,,,,,,,,,,,,,,,,,,,,,,,,,,,,,,,,,,,,,,,,,,,,,,,,,,,,,,,,,,,,,,,,,,,,,,,,,,,,,,,,,,,,,,,,"2024-09-23T15:49:29.000Z","2317617618581349","https://www.facebook.com/100009994003233/posts/2317617618581349","ZmVlZGJhY2s6MjMxNzYxNzYxODU4MTM0OV8xNjIwOTg5NzI1NDk5ODYx","Y29tbWVudDoyMzE3NjE3NjE4NTgxMzQ5XzE2MjA5ODk3MjU0OTk4NjE=","https://www.facebook.com/100009994003233/posts/2317617618581349","0","200476579818147","false","User","pfbid0NcctSEnxyVFPojsJvvxJgEEmiKFQY94aRy4Yy7JyiioTiQqVzKJutfj54eBU8aKal","Il Dan Al","Il Dan","Y29tbWVudDoyMzE3NjE3NjE4NTgxMzQ5XzEyMDc5Mjg0MjAyNTg0MzY=","Waktunya Kita Gasken
Jagung Manis ROMANZA F1 Cap Bintang Asia Produksi dari PT Benih Citra Asia 
Buah Super Gede
Rasa Super Manis
Produksi Hasil Tinggi 
Lebih Panjang, Lebih Besar, Lebih Manis...
SEMUA ORANG @sorotan  Mhd Arpi 
.
.","100009994003233","Ilham Bintang Asia","https://scontent-cpt1-1.xx.fbcdn.net/v/t39.30808-1/349801600_780566773437800_6977822504580595866_n.jpg?stp=cp0_dst-jpg_s32x32&_nc_cat=100&ccb=1-7&_nc_sid=50d2ac&_nc_ohc=iaOcLsKmi9cQ7kNvgEdf38q&_nc_ht=scontent-cpt1-1.xx&oh=00_AYD5Qv0KZrylXemZ770ESF-g3c1Ve6OU2hCn_dS4_6BVyA&oe=66FD2BBB","https://www.facebook.com/ilham.ajo.37604","Y29tbWVudDoyMzE3NjE3NjE4NTgxMzQ5XzEyMDc5Mjg0MjAyNTg0MzY=","Mhd Arpi Iyooohh, Tunggu ajo kojab Lagii..😀","2"
,,,,,,,,,,,,"https://www.facebook.com/ilham.ajo.37604/posts/pfbid0TNvNvzGmkSV9yqaujZuXbBFB9VdZqYCRkfi3nzCt5faR29UazApDzsUtVHY1fQnql?comment_id=1207928420258436&reply_comment_id=400684123054059",,,,,,,,,,,,,,,,,,,,,,,,,,,,,,,,,,,,,,,,,,,,,,,,,,,,,,,,,,,,,,,,,,,,,,,,,,,,,,,,,,,,,,,,,,,,,,,,,,,,,,,,"1","2024-09-23T15:51:52.000Z","2317617618581349","https://www.facebook.com/100009994003233/posts/2317617618581349","ZmVlZGJhY2s6MjMxNzYxNzYxODU4MTM0OV80MDA2ODQxMjMwNTQwNTk=","Y29tbWVudDoyMzE3NjE3NjE4NTgxMzQ5XzQwMDY4NDEyMzA1NDA1OQ==","https://www.facebook.com/100009994003233/posts/2317617618581349","1","200476579818147","false","User","pfbid0NcctSEnxyVFPojsJvvxJgEEmiKFQY94aRy4Yy7JyiioTiQqVzKJutfj54eBU8aKal","Il Dan Al","Il Dan","Y29tbWVudDoyMzE3NjE3NjE4NTgxMzQ5XzEyMDc5Mjg0MjAyNTg0MzY=","Waktunya Kita Gasken
Jagung Manis ROMANZA F1 Cap Bintang Asia Produksi dari PT Benih Citra Asia 
Buah Super Gede
Rasa Super Manis
Produksi Hasil Tinggi 
Lebih Panjang, Lebih Besar, Lebih Manis...
SEMUA ORANG @sorotan  Mhd Arpi 
.
.","pfbid02Mbkj51jNzUBMcD8E9eF1kDnxf5DxpP2cbcgwBNoUN1RYhoR7Q1yaMwM2gFdcdVa7l","Mhd Arpi","https://scontent-cpt1-1.xx.fbcdn.net/v/t39.30808-1/379473145_1067753407737917_1556965108746439272_n.jpg?stp=c0.120.720.720a_cp0_dst-jpg_s32x32&_nc_cat=101&ccb=1-7&_nc_sid=0ecb9b&_nc_ohc=fDhGoIHJTZsQ7kNvgEdXcsR&_nc_ht=scontent-cpt1-1.xx&oh=00_AYBetMtlmJA0MKbH8IcPHKtbiGfYSBycQonlqygtIf5ApA&oe=66FD3FE1","https://www.facebook.com/mhd.arpi.1","Y29tbWVudDoyMzE3NjE3NjE4NTgxMzQ5XzEyMDc5Mjg0MjAyNTg0MzY=","Adoi il.. mantap la","1"
,,,,,,,,,,,,"https://www.facebook.com/ilham.ajo.37604/posts/pfbid0TNvNvzGmkSV9yqaujZuXbBFB9VdZqYCRkfi3nzCt5faR29UazApDzsUtVHY1fQnql?comment_id=1207928420258436&reply_comment_id=8663530470377769",,,,,,,,,,,,,,,,,,,,,,,,,,,,,,,,,,,,,,,,,,,,,,,,,,,,,,,,,,,,,,,,,,,,,,,,,,,,,,,,,,,,,,,,,,,,,,,,,,,,,,,,,"2024-09-24T03:13:05.000Z","2317617618581349","https://www.facebook.com/100009994003233/posts/2317617618581349","ZmVlZGJhY2s6MjMxNzYxNzYxODU4MTM0OV84NjYzNTMwNDcwMzc3NzY5","Y29tbWVudDoyMzE3NjE3NjE4NTgxMzQ5Xzg2NjM1MzA0NzAzNzc3Njk=","https://www.facebook.com/100009994003233/posts/2317617618581349","0","200476579818147","false","User","pfbid0NcctSEnxyVFPojsJvvxJgEEmiKFQY94aRy4Yy7JyiioTiQqVzKJutfj54eBU8aKal","Il Dan Al","Il Dan","Y29tbWVudDoyMzE3NjE3NjE4NTgxMzQ5XzEyMDc5Mjg0MjAyNTg0MzY=","Waktunya Kita Gasken
Jagung Manis ROMANZA F1 Cap Bintang Asia Produksi dari PT Benih Citra Asia 
Buah Super Gede
Rasa Super Manis
Produksi Hasil Tinggi 
Lebih Panjang, Lebih Besar, Lebih Manis...
SEMUA ORANG @sorotan  Mhd Arpi 
.
.","100009994003233","Ilham Bintang Asia","https://scontent-cpt1-1.xx.fbcdn.net/v/t39.30808-1/349801600_780566773437800_6977822504580595866_n.jpg?stp=cp0_dst-jpg_s32x32&_nc_cat=100&ccb=1-7&_nc_sid=50d2ac&_nc_ohc=iaOcLsKmi9cQ7kNvgEdf38q&_nc_ht=scontent-cpt1-1.xx&oh=00_AYD5Qv0KZrylXemZ770ESF-g3c1Ve6OU2hCn_dS4_6BVyA&oe=66FD2BBB","https://www.facebook.com/ilham.ajo.37604","Y29tbWVudDoyMzE3NjE3NjE4NTgxMzQ5XzEyMDc5Mjg0MjAyNTg0MzY=","Mhd Arpi Gasss Teruss Jagung Manis ROMANZA F1 😀😀😀","2"
,,,,,,,,,,,,"https://www.facebook.com/ilham.ajo.37604/videos/1081143623440630/?comment_id=1703848697055275&reply_comment_id=1457827951454019",,,,,,,,,,,,,,,,,,,,,,,,,,,,,,,,,,,,,,,,,,,,,,,,,,,,,,,,,,,,,,,,,,,,,,,,,,,,,,,,,,,,,,,,,,,,,,,,,,,,,,,,,"2024-09-25T14:00:32.000Z","2318842245125553","https://www.facebook.com/100009994003233/posts/2318842245125553","ZmVlZGJhY2s6MjMxODg0MjI0NTEyNTU1M18xNDU3ODI3OTUxNDU0MDE5","Y29tbWVudDoyMzE4ODQyMjQ1MTI1NTUzXzE0NTc4Mjc5NTE0NTQwMTk=","https://www.facebook.com/100009994003233/posts/2318842245125553","0",,,"User","61559648087814","Sami Bintang Asia","Sami Bintang Asia","Y29tbWVudDoyMzE4ODQyMjQ1MTI1NTUzXzE3MDM4NDg2OTcwNTUyNzU=","Coming Soon 
Jagung Manis ROMANZA F1 Cap Bintang Asia Produksi dari PT Benih Citra Asia 
👉Tongkol Super Gede
👉Rasa Super Manis
👉Tahan Bulai 
👉Tahan Hawar...","100009994003233","Ilham Bintang Asia","https://scontent.fclo8-1.fna.fbcdn.net/v/t39.30808-1/349801600_780566773437800_6977822504580595866_n.jpg?stp=cp0_dst-jpg_s32x32&_nc_cat=100&ccb=1-7&_nc_sid=50d2ac&_nc_ohc=iaOcLsKmi9cQ7kNvgFau4Pr&_nc_ht=scontent.fclo8-1.fna&_nc_gid=AA5uMIJB85t99FKPKIxbavv&oh=00_AYBbslOFjkMubwyB4ElKtuSUK3bm8PavamLZAlxy5dEpcg&oe=66FD2BBB","https://www.facebook.com/ilham.ajo.37604","Y29tbWVudDoyMzE4ODQyMjQ1MTI1NTUzXzE3MDM4NDg2OTcwNTUyNzU=","Sami Bintang Asia 10 MDPL masbroo","1"
,,,,,,,,,,,,"https://www.facebook.com/ilham.ajo.37604/posts/pfbid0TNvNvzGmkSV9yqaujZuXbBFB9VdZqYCRkfi3nzCt5faR29UazApDzsUtVHY1fQnql?comment_id=1230115338439242&reply_comment_id=883253677065102",,,,,,,,,,,,,,,,,,,,,,,,,,,,,,,,,,,,,,,,,,,,,,,,,,,,,,,,,,,,,,,,,,,,,,,,,,,,,,,,,,,,,,,,,,,,,,,,,,,,,,,,,"2024-09-24T03:12:18.000Z","2317617618581349","https://www.facebook.com/100009994003233/posts/2317617618581349","ZmVlZGJhY2s6MjMxNzYxNzYxODU4MTM0OV84ODMyNTM2NzcwNjUxMDI=","Y29tbWVudDoyMzE3NjE3NjE4NTgxMzQ5Xzg4MzI1MzY3NzA2NTEwMg==","https://www.facebook.com/100009994003233/posts/2317617618581349","1","200476579818147","false","User","100006759276024","Kopi Susu","Kopi","Y29tbWVudDoyMzE3NjE3NjE4NTgxMzQ5XzEyMzAxMTUzMzg0MzkyNDI=","Waktunya Kita Gasken
Jagung Manis ROMANZA F1 Cap Bintang Asia Produksi dari PT Benih Citra Asia 
Buah Super Gede
Rasa Super Manis
Produksi Hasil Tinggi 
Lebih Panjang, Lebih Besar, Lebih Manis...
SEMUA ORANG @sorotan  Mhd Arpi 
.
.","100009994003233","Ilham Bintang Asia","https://scontent.fppb2-1.fna.fbcdn.net/v/t39.30808-1/349801600_780566773437800_6977822504580595866_n.jpg?stp=cp0_dst-jpg_s32x32&_nc_cat=100&ccb=1-7&_nc_sid=50d2ac&_nc_ohc=iaOcLsKmi9cQ7kNvgEmG8Kh&_nc_ht=scontent.fppb2-1.fna&oh=00_AYAZlkSA4TTPNh42tzqiQDB5gmKPms3PHWQA4k_u_KetSg&oe=66FD2BBB","https://www.facebook.com/ilham.ajo.37604","Y29tbWVudDoyMzE3NjE3NjE4NTgxMzQ5XzEyMzAxMTUzMzg0MzkyNDI=","Kopi Susu Siapp Pak Boskuuu, Membara🔥🔥🔥","1"
