﻿"commentUrl","commentsCount","date","facebookId","facebookUrl","feedbackId","id","inputUrl","likesCount","postTitle","profileId","profileName","profilePicture","profileUrl","text"
"https://www.facebook.com/100000029645476/posts/27094191830165106?comment_id=527308486917384","3","2024-09-18T11:12:11.000Z","27094191830165106","https://www.facebook.com/100000029645476/posts/27094191830165106","ZmVlZGJhY2s6MjcwOTQxOTE4MzAxNjUxMDZfNTI3MzA4NDg2OTE3Mzg0","Y29tbWVudDoyNzA5NDE5MTgzMDE2NTEwNl81MjczMDg0ODY5MTczODQ=","https://www.facebook.com/100000029645476/posts/27094191830165106","0","Terima kasih sahabat bintang Asia yng sudah percayakan benih unggul inofasi anak negeri.
Terimasih juga kiriman vidionya..","pfbid02omsxDUdGBT4hmuin8meE6wZigqTs8wfgcPqSCN7UedHjDuEYMdvTAKpWAsWC8DF7l","Arianto Paito","https://scontent.fman2-2.fna.fbcdn.net/v/t39.30808-1/279222138_514392673398998_8553386554360311428_n.jpg?stp=cp0_dst-jpg_s32x32&_nc_cat=107&ccb=1-7&_nc_sid=0ecb9b&_nc_ohc=kkz7QyyhO34Q7kNvgGao5xI&_nc_ht=scontent.fman2-2.fna&_nc_gid=ARfOflC65Z2aEvp_EwULpME&oh=00_AYCeStF2ylfsa-xli-srCDHNIbuS4SmnXMxi-gmSbMnRfg&oe=66F19FB8","https://www.facebook.com/ariantopaito.paito","Wow Mase 🙏"
"https://www.facebook.com/100000029645476/posts/27094191830165106?comment_id=902521635103991","1","2024-09-18T13:00:18.000Z","27094191830165106","https://www.facebook.com/100000029645476/posts/27094191830165106","ZmVlZGJhY2s6MjcwOTQxOTE4MzAxNjUxMDZfOTAyNTIxNjM1MTAzOTkx","Y29tbWVudDoyNzA5NDE5MTgzMDE2NTEwNl85MDI1MjE2MzUxMDM5OTE=","https://www.facebook.com/100000029645476/posts/27094191830165106","0","Terima kasih sahabat bintang Asia yng sudah percayakan benih unggul inofasi anak negeri.
Terimasih juga kiriman vidionya..","100007578522755","Renzy Bintangasia","https://scontent.fman2-2.fna.fbcdn.net/v/t39.30808-1/426012403_3605728109689771_2277782955804277447_n.jpg?stp=cp0_dst-jpg_s32x32&_nc_cat=104&ccb=1-7&_nc_sid=50d2ac&_nc_ohc=V70ESvgEanEQ7kNvgHktfcn&_nc_ht=scontent.fman2-2.fna&_nc_gid=ARfOflC65Z2aEvp_EwULpME&oh=00_AYBNDj2RGhpXpEe204GsRRTTfyF5hgWtsW7pcNmJspCoGQ&oe=66F19244","https://www.facebook.com/renzi.prayuda","Mantap"
