﻿"channelAvatarUrl","channelBannerUrl","channelDescription","channelDescriptionLinks/0/text","channelDescriptionLinks/0/url","channelId","channelJoinedDate","channelLocation","channelName","channelTotalVideos","channelTotalViews","channelUrl","comments","commentsCount","commentsTurnedOff","date","descriptionLinks","duration","fromYTUrl","id","input","inputChannelUrl","isAgeRestricted","isChannelVerified","isMonetized","likes","location","note","numberOfSubscribers","order","subtitles","text","thumbnailUrl","title","type","url","viewCount"
,,,,,,,,,,,,,,,,,,,,"https://www.youtube.com/@petikmedia",,,,,,,"No videos found on the page.",,,,,,,,"https://www.youtube.com/@petikmedia/streams",
"https://yt3.googleusercontent.com/hnnI_N3bRcW8c4YkQjv87iYxxRfoHcNPxENDKEll1BJLyiakE0xIp159CH1FbT-2Xjhdy1c7Y34=s160-c-k-c0x00ffffff-no-rj","https://yt3.googleusercontent.com/2-gw8q6PN8Da4Yz61-q1dMnTSwUD0baOi9GVdsoeAaRoaVe7wxwTfLt_g2-HirepyVfG7AlkPw=w2560-fcrop64=1,00005a57ffffa5a8-k-c0xffffffff-no-nd-rj","melihat proses pertanian dan tantangannya
mode cari solusi



BHUMI NUSANTARA 

Jenggala Nusa

Tanam-siram-rawat-Berkembang","Kerja sama nomor (WA)","https://wa.me/+6281329243137","UCnE-QOTf5BWs7QCpjiHW7sg","Feb 7, 2017","Indonesia","Petik Media","1370","11817658","https://www.youtube.com/channel/UCnE-QOTf5BWs7QCpjiHW7sg",,"0","false","2024-09-16T13:21:34.000Z",,"00:04:54","https://www.youtube.com/@petikmedia/videos","q2sjW7kmM0U",,"https://www.youtube.com/@petikmedia","false","false",,"5",,,"12300",,,"Sajian pertanian dan perkebunan secara real time dari berbagai tempat dan narasumber","https://i.ytimg.com/vi/q2sjW7kmM0U/maxresdefault.jpg?sqp=-oaymwEmCIAKENAF8quKqQMa8AEB-AH-CYAC0AWKAgwIABABGGUgXSg8MA8=&rs=AOn4CLArrjQK3O9iVoRiRIDybgxYi0njMA","semprot hama kutu dan ulat pestida pak suroso di kebun cabai rawit","video","https://www.youtube.com/watch?v=q2sjW7kmM0U","271"
"https://yt3.googleusercontent.com/hnnI_N3bRcW8c4YkQjv87iYxxRfoHcNPxENDKEll1BJLyiakE0xIp159CH1FbT-2Xjhdy1c7Y34=s160-c-k-c0x00ffffff-no-rj","https://yt3.googleusercontent.com/2-gw8q6PN8Da4Yz61-q1dMnTSwUD0baOi9GVdsoeAaRoaVe7wxwTfLt_g2-HirepyVfG7AlkPw=w2560-fcrop64=1,00005a57ffffa5a8-k-c0xffffffff-no-nd-rj","melihat proses pertanian dan tantangannya
mode cari solusi



BHUMI NUSANTARA 

Jenggala Nusa

Tanam-siram-rawat-Berkembang","Kerja sama nomor (WA)","https://wa.me/+6281329243137","UCnE-QOTf5BWs7QCpjiHW7sg","Feb 7, 2017","Indonesia","Petik Media","1370","11817658","https://www.youtube.com/channel/UCnE-QOTf5BWs7QCpjiHW7sg",,"0","false","2024-09-04T08:19:25.000Z",,"00:00:48","https://www.youtube.com/@petikmedia/videos","2tNZw5PQu2Q",,"https://www.youtube.com/@petikmedia","false","false",,"1",,,"12300",,,"","https://i.ytimg.com/vi/2tNZw5PQu2Q/maxresdefault.jpg?sqp=-oaymwEmCIAKENAF8quKqQMa8AEB-AH-CYAC0AWKAgwIABABGGUgXChIMA8=&rs=AOn4CLATlSu2DDj3Y7EHOnlBk-9LNAd_KQ","Suasana pedesaan di kebun sayur","video","https://www.youtube.com/watch?v=2tNZw5PQu2Q","15"
"https://yt3.googleusercontent.com/hnnI_N3bRcW8c4YkQjv87iYxxRfoHcNPxENDKEll1BJLyiakE0xIp159CH1FbT-2Xjhdy1c7Y34=s160-c-k-c0x00ffffff-no-rj","https://yt3.googleusercontent.com/2-gw8q6PN8Da4Yz61-q1dMnTSwUD0baOi9GVdsoeAaRoaVe7wxwTfLt_g2-HirepyVfG7AlkPw=w2560-fcrop64=1,00005a57ffffa5a8-k-c0xffffffff-no-nd-rj","melihat proses pertanian dan tantangannya
mode cari solusi



BHUMI NUSANTARA 

Jenggala Nusa

Tanam-siram-rawat-Berkembang","Kerja sama nomor (WA)","https://wa.me/+6281329243137","UCnE-QOTf5BWs7QCpjiHW7sg","Feb 7, 2017","Indonesia","Petik Media","1370","11817658","https://www.youtube.com/channel/UCnE-QOTf5BWs7QCpjiHW7sg",,"0",,"2024-09-02T00:00:00.000Z",,,"https://www.youtube.com/@petikmedia/shorts","ARcSveWGxAw",,"https://www.youtube.com/@petikmedia","false","false",,"113",,,"12300","15",,,"https://i.ytimg.com/vi/ARcSveWGxAw/oardefault.jpg?sqp=-oaymwEdCJUDENAFSFWQAgHyq4qpAwwIARUAAIhCcAHAAQY=&rs=AOn4CLA8VBDvxHGSvkOsNksHIcu4bNnj5g","Hanya di desa pagar teras pakai anggur! #shorts #petani #anggur #desa #grape","shorts","https://www.youtube.com/shorts/ARcSveWGxAw","6491"
"https://yt3.googleusercontent.com/hnnI_N3bRcW8c4YkQjv87iYxxRfoHcNPxENDKEll1BJLyiakE0xIp159CH1FbT-2Xjhdy1c7Y34=s160-c-k-c0x00ffffff-no-rj","https://yt3.googleusercontent.com/2-gw8q6PN8Da4Yz61-q1dMnTSwUD0baOi9GVdsoeAaRoaVe7wxwTfLt_g2-HirepyVfG7AlkPw=w2560-fcrop64=1,00005a57ffffa5a8-k-c0xffffffff-no-nd-rj","melihat proses pertanian dan tantangannya
mode cari solusi



BHUMI NUSANTARA 

Jenggala Nusa

Tanam-siram-rawat-Berkembang","Kerja sama nomor (WA)","https://wa.me/+6281329243137","UCnE-QOTf5BWs7QCpjiHW7sg","Feb 7, 2017","Indonesia","Petik Media","1370","11817658","https://www.youtube.com/channel/UCnE-QOTf5BWs7QCpjiHW7sg",,"2",,"2024-09-07T00:00:00.000Z",,,"https://www.youtube.com/@petikmedia/shorts","S8bOGKD0Mg8",,"https://www.youtube.com/@petikmedia","false","false",,"11",,,"12300","13",,,"https://i.ytimg.com/vi/S8bOGKD0Mg8/oardefault.jpg?sqp=-oaymwEdCJUDENAFSFWQAgHyq4qpAwwIARUAAIhCcAHAAQY=&rs=AOn4CLB17qnuj1Szvt3Pjh6y6R06QQHASg","Jamur lingzhi, Jamur cucur! Kita budidayakan #shorts #petani #jamur #lingzhi","shorts","https://www.youtube.com/shorts/S8bOGKD0Mg8","732"
"https://yt3.googleusercontent.com/hnnI_N3bRcW8c4YkQjv87iYxxRfoHcNPxENDKEll1BJLyiakE0xIp159CH1FbT-2Xjhdy1c7Y34=s160-c-k-c0x00ffffff-no-rj","https://yt3.googleusercontent.com/2-gw8q6PN8Da4Yz61-q1dMnTSwUD0baOi9GVdsoeAaRoaVe7wxwTfLt_g2-HirepyVfG7AlkPw=w2560-fcrop64=1,00005a57ffffa5a8-k-c0xffffffff-no-nd-rj","melihat proses pertanian dan tantangannya
mode cari solusi



BHUMI NUSANTARA 

Jenggala Nusa

Tanam-siram-rawat-Berkembang","Kerja sama nomor (WA)","https://wa.me/+6281329243137","UCnE-QOTf5BWs7QCpjiHW7sg","Feb 7, 2017","Indonesia","Petik Media","1370","11817658","https://www.youtube.com/channel/UCnE-QOTf5BWs7QCpjiHW7sg",,"0",,"2024-09-04T00:00:00.000Z",,,"https://www.youtube.com/@petikmedia/shorts","kacUS2mfGR8",,"https://www.youtube.com/@petikmedia","false","false",,"20",,,"12300","14",,,"https://i.ytimg.com/vi/kacUS2mfGR8/oardefault.jpg?sqp=-oaymwEdCJUDENAFSFWQAgHyq4qpAwwIARUAAIhCcAHAAQY=&rs=AOn4CLDmfaaFr80kP9IZg3z1pkRfyQja2Q","tanam sayur bayam kena hama, yakin masih mau tanam bayam? #shorts #petani #sayur #bayam #panen","shorts","https://www.youtube.com/shorts/kacUS2mfGR8","2302"
"https://yt3.googleusercontent.com/hnnI_N3bRcW8c4YkQjv87iYxxRfoHcNPxENDKEll1BJLyiakE0xIp159CH1FbT-2Xjhdy1c7Y34=s160-c-k-c0x00ffffff-no-rj","https://yt3.googleusercontent.com/2-gw8q6PN8Da4Yz61-q1dMnTSwUD0baOi9GVdsoeAaRoaVe7wxwTfLt_g2-HirepyVfG7AlkPw=w2560-fcrop64=1,00005a57ffffa5a8-k-c0xffffffff-no-nd-rj","melihat proses pertanian dan tantangannya
mode cari solusi



BHUMI NUSANTARA 

Jenggala Nusa

Tanam-siram-rawat-Berkembang","Kerja sama nomor (WA)","https://wa.me/+6281329243137","UCnE-QOTf5BWs7QCpjiHW7sg","Feb 7, 2017","Indonesia","Petik Media","1370","11817658","https://www.youtube.com/channel/UCnE-QOTf5BWs7QCpjiHW7sg",,"7",,"2024-09-09T00:00:00.000Z",,,"https://www.youtube.com/@petikmedia/shorts","NjsUe5i3_kU",,"https://www.youtube.com/@petikmedia","false","false",,"8",,,"12300","12",,,"https://i.ytimg.com/vi/NjsUe5i3_kU/oar2.jpg?sqp=-oaymwEdCJUDENAFSFWQAgHyq4qpAwwIARUAAIhCcAHAAQY=&rs=AOn4CLD-5DOSOECUefMLxF6jLP7cJGn_oQ","Budidaya jamur lingzhi kering! Petani jamur lingzhi. #shorts #petani #jamur #lingzhi","shorts","https://www.youtube.com/shorts/NjsUe5i3_kU","567"
"https://yt3.googleusercontent.com/hnnI_N3bRcW8c4YkQjv87iYxxRfoHcNPxENDKEll1BJLyiakE0xIp159CH1FbT-2Xjhdy1c7Y34=s160-c-k-c0x00ffffff-no-rj","https://yt3.googleusercontent.com/2-gw8q6PN8Da4Yz61-q1dMnTSwUD0baOi9GVdsoeAaRoaVe7wxwTfLt_g2-HirepyVfG7AlkPw=w2560-fcrop64=1,00005a57ffffa5a8-k-c0xffffffff-no-nd-rj","melihat proses pertanian dan tantangannya
mode cari solusi



BHUMI NUSANTARA 

Jenggala Nusa

Tanam-siram-rawat-Berkembang","Kerja sama nomor (WA)","https://wa.me/+6281329243137","UCnE-QOTf5BWs7QCpjiHW7sg","Feb 7, 2017","Indonesia","Petik Media","1370","11817658","https://www.youtube.com/channel/UCnE-QOTf5BWs7QCpjiHW7sg",,"0",,"2024-09-17T00:00:00.000Z",,,"https://www.youtube.com/@petikmedia/shorts","fqCJQIcFYZU",,"https://www.youtube.com/@petikmedia","false","false",,"18",,,"12300","8",,,"https://i.ytimg.com/vi/fqCJQIcFYZU/oar2.jpg?sqp=-oaymwEdCJUDENAFSFWQAgHyq4qpAwwIARUAAIhCcAHAAQY=&rs=AOn4CLAokcqAcFKhkObiN7bI6r6UzuNu3w","Kebun pare super subur dan rimbun! Di desa! #shorts #petani #pare #kebun #panen #subur","shorts","https://www.youtube.com/shorts/fqCJQIcFYZU","2240"
"https://yt3.googleusercontent.com/hnnI_N3bRcW8c4YkQjv87iYxxRfoHcNPxENDKEll1BJLyiakE0xIp159CH1FbT-2Xjhdy1c7Y34=s160-c-k-c0x00ffffff-no-rj","https://yt3.googleusercontent.com/2-gw8q6PN8Da4Yz61-q1dMnTSwUD0baOi9GVdsoeAaRoaVe7wxwTfLt_g2-HirepyVfG7AlkPw=w2560-fcrop64=1,00005a57ffffa5a8-k-c0xffffffff-no-nd-rj","melihat proses pertanian dan tantangannya
mode cari solusi



BHUMI NUSANTARA 

Jenggala Nusa

Tanam-siram-rawat-Berkembang","Kerja sama nomor (WA)","https://wa.me/+6281329243137","UCnE-QOTf5BWs7QCpjiHW7sg","Feb 7, 2017","Indonesia","Petik Media","1370","11817658","https://www.youtube.com/channel/UCnE-QOTf5BWs7QCpjiHW7sg",,"0",,"2024-09-19T00:00:00.000Z",,,"https://www.youtube.com/@petikmedia/shorts","uFGIS8SfDek",,"https://www.youtube.com/@petikmedia","false","false",,"8",,,"12300","5",,,"https://i.ytimg.com/vi/uFGIS8SfDek/oardefault.jpg?sqp=-oaymwEdCJUDENAFSFWQAgHyq4qpAwwIARUAAIhCcAHAAQY=&rs=AOn4CLC5W5MK7LQvVqaS9UABvgM4RUU1EA","Semprot pupuk biar kangkung subur! #shorts #petani #sayur #kangkung #tani #kebun #subur","shorts","https://www.youtube.com/shorts/uFGIS8SfDek","692"
"https://yt3.googleusercontent.com/hnnI_N3bRcW8c4YkQjv87iYxxRfoHcNPxENDKEll1BJLyiakE0xIp159CH1FbT-2Xjhdy1c7Y34=s160-c-k-c0x00ffffff-no-rj","https://yt3.googleusercontent.com/2-gw8q6PN8Da4Yz61-q1dMnTSwUD0baOi9GVdsoeAaRoaVe7wxwTfLt_g2-HirepyVfG7AlkPw=w2560-fcrop64=1,00005a57ffffa5a8-k-c0xffffffff-no-nd-rj","melihat proses pertanian dan tantangannya
mode cari solusi



BHUMI NUSANTARA 

Jenggala Nusa

Tanam-siram-rawat-Berkembang","Kerja sama nomor (WA)","https://wa.me/+6281329243137","UCnE-QOTf5BWs7QCpjiHW7sg","Feb 7, 2017","Indonesia","Petik Media","1370","11817658","https://www.youtube.com/channel/UCnE-QOTf5BWs7QCpjiHW7sg",,"2",,"2024-09-12T00:00:00.000Z",,,"https://www.youtube.com/@petikmedia/shorts","lg_Q1FxPC5w",,"https://www.youtube.com/@petikmedia","false","false",,"43",,,"12300","11",,,"https://i.ytimg.com/vi/lg_Q1FxPC5w/oardefault.jpg?sqp=-oaymwEdCJUDENAFSFWQAgHyq4qpAwwIARUAAIhCcAHAAQY=&rs=AOn4CLDrET-KV1qU7waE_knlbwuy2KRQLA","Bunga kol tumbuh subur ! auto panen melimpah #petani #tanam #sayur #bungakol #panen","shorts","https://www.youtube.com/shorts/lg_Q1FxPC5w","2792"
"https://yt3.googleusercontent.com/hnnI_N3bRcW8c4YkQjv87iYxxRfoHcNPxENDKEll1BJLyiakE0xIp159CH1FbT-2Xjhdy1c7Y34=s160-c-k-c0x00ffffff-no-rj","https://yt3.googleusercontent.com/2-gw8q6PN8Da4Yz61-q1dMnTSwUD0baOi9GVdsoeAaRoaVe7wxwTfLt_g2-HirepyVfG7AlkPw=w2560-fcrop64=1,00005a57ffffa5a8-k-c0xffffffff-no-nd-rj","melihat proses pertanian dan tantangannya
mode cari solusi



BHUMI NUSANTARA 

Jenggala Nusa

Tanam-siram-rawat-Berkembang","Kerja sama nomor (WA)","https://wa.me/+6281329243137","UCnE-QOTf5BWs7QCpjiHW7sg","Feb 7, 2017","Indonesia","Petik Media","1370","11817658","https://www.youtube.com/channel/UCnE-QOTf5BWs7QCpjiHW7sg",,"0",,"2024-09-21T00:00:00.000Z",,,"https://www.youtube.com/@petikmedia/shorts","iX3w0gw-4_g",,"https://www.youtube.com/@petikmedia","false","false",,"12",,,"12300","3",,,"https://i.ytimg.com/vi/iX3w0gw-4_g/oardefault.jpg?sqp=-oaymwEdCJUDENAFSFWQAgHyq4qpAwwIARUAAIhCcAHAAQY=&rs=AOn4CLBYwtlcDb0A19QLlXKecrI_jkrpCg","Panen bunga tembakau! Mbah Subari #shorts #panen #bunga #tembakau #kebun #farmerlife","shorts","https://www.youtube.com/shorts/iX3w0gw-4_g","963"
"https://yt3.googleusercontent.com/hnnI_N3bRcW8c4YkQjv87iYxxRfoHcNPxENDKEll1BJLyiakE0xIp159CH1FbT-2Xjhdy1c7Y34=s160-c-k-c0x00ffffff-no-rj","https://yt3.googleusercontent.com/2-gw8q6PN8Da4Yz61-q1dMnTSwUD0baOi9GVdsoeAaRoaVe7wxwTfLt_g2-HirepyVfG7AlkPw=w2560-fcrop64=1,00005a57ffffa5a8-k-c0xffffffff-no-nd-rj","melihat proses pertanian dan tantangannya
mode cari solusi



BHUMI NUSANTARA 

Jenggala Nusa

Tanam-siram-rawat-Berkembang","Kerja sama nomor (WA)","https://wa.me/+6281329243137","UCnE-QOTf5BWs7QCpjiHW7sg","Feb 7, 2017","Indonesia","Petik Media","1370","11817658","https://www.youtube.com/channel/UCnE-QOTf5BWs7QCpjiHW7sg",,"0",,"2024-09-18T00:00:00.000Z",,,"https://www.youtube.com/@petikmedia/shorts","C6FROjAXkN4",,"https://www.youtube.com/@petikmedia","false","false",,"18",,,"12300","7",,,"https://i.ytimg.com/vi/C6FROjAXkN4/oar2.jpg?sqp=-oaymwEdCJUDENAFSFWQAgHyq4qpAwwIARUAAIhCcAHAAQY=&rs=AOn4CLBywpJ41-QWvigWP1hh0DL73f3JCQ","Supaya kebun sayur kangkung dan bunga kol subur, pak zul rutin semprot pupuk cair #petani #sayur","shorts","https://www.youtube.com/shorts/C6FROjAXkN4","2589"
"https://yt3.googleusercontent.com/hnnI_N3bRcW8c4YkQjv87iYxxRfoHcNPxENDKEll1BJLyiakE0xIp159CH1FbT-2Xjhdy1c7Y34=s160-c-k-c0x00ffffff-no-rj","https://yt3.googleusercontent.com/2-gw8q6PN8Da4Yz61-q1dMnTSwUD0baOi9GVdsoeAaRoaVe7wxwTfLt_g2-HirepyVfG7AlkPw=w2560-fcrop64=1,00005a57ffffa5a8-k-c0xffffffff-no-nd-rj","melihat proses pertanian dan tantangannya
mode cari solusi



BHUMI NUSANTARA 

Jenggala Nusa

Tanam-siram-rawat-Berkembang","Kerja sama nomor (WA)","https://wa.me/+6281329243137","UCnE-QOTf5BWs7QCpjiHW7sg","Feb 7, 2017","Indonesia","Petik Media","1370","11817658","https://www.youtube.com/channel/UCnE-QOTf5BWs7QCpjiHW7sg",,"0",,"2024-09-27T12:48:00.000Z",,,"https://www.youtube.com/@petikmedia/shorts","lohd5_zjhrA",,"https://www.youtube.com/@petikmedia","false","false",,"94",,,"12300","2",,,"https://i.ytimg.com/vi/lohd5_zjhrA/oar2.jpg?sqp=-oaymwEdCJUDENAFSFWQAgHyq4qpAwwIARUAAIhCcAHAAQY=&rs=AOn4CLBKId7ujMUG_Sfx7S9_BToqzTrYWA","Melon kuning subur di GH bambu! Bisa se subur ini! #petani #melon #tani #farmerlife #panen","shorts","https://www.youtube.com/shorts/lohd5_zjhrA","6878"
"https://yt3.googleusercontent.com/hnnI_N3bRcW8c4YkQjv87iYxxRfoHcNPxENDKEll1BJLyiakE0xIp159CH1FbT-2Xjhdy1c7Y34=s160-c-k-c0x00ffffff-no-rj","https://yt3.googleusercontent.com/2-gw8q6PN8Da4Yz61-q1dMnTSwUD0baOi9GVdsoeAaRoaVe7wxwTfLt_g2-HirepyVfG7AlkPw=w2560-fcrop64=1,00005a57ffffa5a8-k-c0xffffffff-no-nd-rj","melihat proses pertanian dan tantangannya
mode cari solusi



BHUMI NUSANTARA 

Jenggala Nusa

Tanam-siram-rawat-Berkembang","Kerja sama nomor (WA)","https://wa.me/+6281329243137","UCnE-QOTf5BWs7QCpjiHW7sg","Feb 7, 2017","Indonesia","Petik Media","1370","11817658","https://www.youtube.com/channel/UCnE-QOTf5BWs7QCpjiHW7sg",,"0",,"2024-09-20T13:33:14.000Z",,,"https://www.youtube.com/@petikmedia/shorts","SrnsuhOC_vg",,"https://www.youtube.com/@petikmedia","false","false",,"6",,,"12300","4",,,"https://i.ytimg.com/vi/SrnsuhOC_vg/oar2.jpg?sqp=-oaymwEdCJUDENAFSFWQAgHyq4qpAwwIARUAAIhCcAHAAQY=&rs=AOn4CLBdqzXG0y4df0296PT4sS7h3WwBNA","Ini dia benih tembakau super, mbako! #shorts #petani #tani #panen #mbako #kebun #bunga","shorts","https://www.youtube.com/shorts/SrnsuhOC_vg","629"
"https://yt3.googleusercontent.com/hnnI_N3bRcW8c4YkQjv87iYxxRfoHcNPxENDKEll1BJLyiakE0xIp159CH1FbT-2Xjhdy1c7Y34=s160-c-k-c0x00ffffff-no-rj","https://yt3.googleusercontent.com/2-gw8q6PN8Da4Yz61-q1dMnTSwUD0baOi9GVdsoeAaRoaVe7wxwTfLt_g2-HirepyVfG7AlkPw=w2560-fcrop64=1,00005a57ffffa5a8-k-c0xffffffff-no-nd-rj","melihat proses pertanian dan tantangannya
mode cari solusi



BHUMI NUSANTARA 

Jenggala Nusa

Tanam-siram-rawat-Berkembang","Kerja sama nomor (WA)","https://wa.me/+6281329243137","UCnE-QOTf5BWs7QCpjiHW7sg","Feb 7, 2017","Indonesia","Petik Media","1370","11817658","https://www.youtube.com/channel/UCnE-QOTf5BWs7QCpjiHW7sg",,"4",,"2024-09-28T14:48:19.000Z",,,"https://www.youtube.com/@petikmedia/shorts","4AM6uHY9j5A",,"https://www.youtube.com/@petikmedia","false","false",,"32",,,"12300","1",,,"https://i.ytimg.com/vi/4AM6uHY9j5A/oardefault.jpg?sqp=-oaymwEdCJUDENAFSFWQAgHyq4qpAwwIARUAAIhCcAHAAQY=&rs=AOn4CLAJ_0cCb_t4nahP7tPWS2KH6Bq70g","Panen melin sweet lavender segede telur dinosaurus! #petani #tani #melon #melonis #farmerlife","shorts","https://www.youtube.com/shorts/4AM6uHY9j5A","2941"
"https://yt3.googleusercontent.com/hnnI_N3bRcW8c4YkQjv87iYxxRfoHcNPxENDKEll1BJLyiakE0xIp159CH1FbT-2Xjhdy1c7Y34=s160-c-k-c0x00ffffff-no-rj","https://yt3.googleusercontent.com/2-gw8q6PN8Da4Yz61-q1dMnTSwUD0baOi9GVdsoeAaRoaVe7wxwTfLt_g2-HirepyVfG7AlkPw=w2560-fcrop64=1,00005a57ffffa5a8-k-c0xffffffff-no-nd-rj","melihat proses pertanian dan tantangannya
mode cari solusi



BHUMI NUSANTARA 

Jenggala Nusa

Tanam-siram-rawat-Berkembang","Kerja sama nomor (WA)","https://wa.me/+6281329243137","UCnE-QOTf5BWs7QCpjiHW7sg","Feb 7, 2017","Indonesia","Petik Media","1370","11817658","https://www.youtube.com/channel/UCnE-QOTf5BWs7QCpjiHW7sg",,"0",,"2024-09-14T00:00:00.000Z",,,"https://www.youtube.com/@petikmedia/shorts","V-ZO55m9MNs",,"https://www.youtube.com/@petikmedia","false","false",,"4",,,"12300","10",,,"https://i.ytimg.com/vi/V-ZO55m9MNs/oardefault.jpg?sqp=-oaymwEdCJUDENAFSFWQAgHyq4qpAwwIARUAAIhCcAHAAQY=&rs=AOn4CLCjz9cTb2JJd5Iu4GxaWVbs4I8j-A","bungakol busuk, karena jamur ! #shorts #petani #sayur #bungakol #brokoli #tanam #tani","shorts","https://www.youtube.com/shorts/V-ZO55m9MNs","95"
"https://yt3.googleusercontent.com/hnnI_N3bRcW8c4YkQjv87iYxxRfoHcNPxENDKEll1BJLyiakE0xIp159CH1FbT-2Xjhdy1c7Y34=s160-c-k-c0x00ffffff-no-rj","https://yt3.googleusercontent.com/2-gw8q6PN8Da4Yz61-q1dMnTSwUD0baOi9GVdsoeAaRoaVe7wxwTfLt_g2-HirepyVfG7AlkPw=w2560-fcrop64=1,00005a57ffffa5a8-k-c0xffffffff-no-nd-rj","melihat proses pertanian dan tantangannya
mode cari solusi



BHUMI NUSANTARA 

Jenggala Nusa

Tanam-siram-rawat-Berkembang","Kerja sama nomor (WA)","https://wa.me/+6281329243137","UCnE-QOTf5BWs7QCpjiHW7sg","Feb 7, 2017","Indonesia","Petik Media","1370","11817658","https://www.youtube.com/channel/UCnE-QOTf5BWs7QCpjiHW7sg",,"1",,"2024-09-19T00:00:00.000Z",,,"https://www.youtube.com/@petikmedia/shorts","tIekYSih5H4",,"https://www.youtube.com/@petikmedia","false","false",,"6",,,"12300","6",,,"https://i.ytimg.com/vi/tIekYSih5H4/oar2.jpg?sqp=-oaymwEdCJUDENAFSFWQAgHyq4qpAwwIARUAAIhCcAHAAQY=&rs=AOn4CLAxxaII6sWqUVrYPgas64dYz_nBkQ","Semprot kangkung agar tetap subur 3 hari sekali! #shorts #petani #sayur #kangkung #kebun #tani","shorts","https://www.youtube.com/shorts/tIekYSih5H4","676"
"https://yt3.googleusercontent.com/hnnI_N3bRcW8c4YkQjv87iYxxRfoHcNPxENDKEll1BJLyiakE0xIp159CH1FbT-2Xjhdy1c7Y34=s160-c-k-c0x00ffffff-no-rj","https://yt3.googleusercontent.com/2-gw8q6PN8Da4Yz61-q1dMnTSwUD0baOi9GVdsoeAaRoaVe7wxwTfLt_g2-HirepyVfG7AlkPw=w2560-fcrop64=1,00005a57ffffa5a8-k-c0xffffffff-no-nd-rj","melihat proses pertanian dan tantangannya
mode cari solusi



BHUMI NUSANTARA 

Jenggala Nusa

Tanam-siram-rawat-Berkembang","Kerja sama nomor (WA)","https://wa.me/+6281329243137","UCnE-QOTf5BWs7QCpjiHW7sg","Feb 7, 2017","Indonesia","Petik Media","1370","11817658","https://www.youtube.com/channel/UCnE-QOTf5BWs7QCpjiHW7sg",,"0",,"2024-10-05T00:00:00.000Z",,,"https://www.youtube.com/@petikmedia/shorts","rY6-CATntYE",,"https://www.youtube.com/@petikmedia","false","false",,"17",,,"12300","0",,,"https://i.ytimg.com/vi/rY6-CATntYE/oardefault.jpg?sqp=-oaymwEdCJUDENAFSFWQAgHyq4qpAwwIARUAAIhCcAHAAQY=&rs=AOn4CLBY8XbnX0p6YVnxDY1HEZf9Na9KNQ","Panen red redish! #shorts #petani #panen #redredish #umbi","shorts","https://www.youtube.com/shorts/rY6-CATntYE","1740"
"https://yt3.googleusercontent.com/hnnI_N3bRcW8c4YkQjv87iYxxRfoHcNPxENDKEll1BJLyiakE0xIp159CH1FbT-2Xjhdy1c7Y34=s160-c-k-c0x00ffffff-no-rj","https://yt3.googleusercontent.com/2-gw8q6PN8Da4Yz61-q1dMnTSwUD0baOi9GVdsoeAaRoaVe7wxwTfLt_g2-HirepyVfG7AlkPw=w2560-fcrop64=1,00005a57ffffa5a8-k-c0xffffffff-no-nd-rj","melihat proses pertanian dan tantangannya
mode cari solusi



BHUMI NUSANTARA 

Jenggala Nusa

Tanam-siram-rawat-Berkembang","Kerja sama nomor (WA)","https://wa.me/+6281329243137","UCnE-QOTf5BWs7QCpjiHW7sg","Feb 7, 2017","Indonesia","Petik Media","1370","11817658","https://www.youtube.com/channel/UCnE-QOTf5BWs7QCpjiHW7sg",,"0",,"2024-09-14T00:00:00.000Z",,,"https://www.youtube.com/@petikmedia/shorts","sMtlVfIoRRc",,"https://www.youtube.com/@petikmedia","false","false",,"119",,,"12300","9",,,"https://i.ytimg.com/vi/sMtlVfIoRRc/oardefault.jpg?sqp=-oaymwEdCJUDENAFSFWQAgHyq4qpAwwIARUAAIhCcAHAAQY=&rs=AOn4CLCrrAZgShxSNBKSG7FD6BcJZA-I5A","Panen anggur tropis lagi di kebun! Pak joko anggur #shorts #panen #anggur #kebun","shorts","https://www.youtube.com/shorts/sMtlVfIoRRc","7419"
