﻿"attachments/0/style_list/0","attachments/0/style_list/1","commentUrl","commentsCount","date","facebookId","facebookUrl","feedbackId","id","inputUrl","likesCount","pageAdLibrary/id","pageAdLibrary/is_business_page_active","postTitle","profileId","profileName","profilePicture","profileUrl","text"
"sticker","fallback","https://www.facebook.com/100004109346822/posts/2915391425274474?comment_id=871072647956788",,"2024-09-19T00:19:35.000Z","2915391425274474","https://www.facebook.com/100004109346822/posts/2915391425274474","ZmVlZGJhY2s6MjkxNTM5MTQyNTI3NDQ3NF84NzEwNzI2NDc5NTY3ODg=","Y29tbWVudDoyOTE1MzkxNDI1Mjc0NDc0Xzg3MTA3MjY0Nzk1Njc4OA==","https://www.facebook.com/100004109346822/posts/2915391425274474","0","250829661453806","false","Hainan F1

#pariahibrida
#pareputih
#paretahanvirus
#pareberbuahlebat
#benihcitraasia
#bintangasia
#produkinovasianaknegeri
#suksesbersamabintangasia","pfbid02d2E2iysJvhXzgqvkGpup1deidMjsgE7SCwRA2iTcgH7DpMrPMz2ESC3PZcNXhtpl","Jefri Albutuni","https://scontent.ffec2-1.fna.fbcdn.net/v/t39.30808-1/459902787_122141472062282694_4349294198031617151_n.jpg?stp=cp0_dst-jpg_s32x32&_nc_cat=102&ccb=1-7&_nc_sid=0ecb9b&_nc_ohc=6Km3dFWCFQIQ7kNvgHwdnFr&_nc_ht=scontent.ffec2-1.fna&_nc_gid=AriM2o93GuzDmQylzBl7PqS&oh=00_AYCmBXuWYTTnyElCZ1vzB0iG5f9C1nZEnvFm22UCQawIfQ&oe=66F19286","https://www.facebook.com/people/Jefri-Albutuni/pfbid02d2E2iysJvhXzgqvkGpup1deidMjsgE7SCwRA2iTcgH7DpMrPMz2ESC3PZcNXhtpl/",
,,"https://www.facebook.com/100004109346822/posts/2915391425274474?comment_id=1672688173515248",,"2024-09-18T22:14:52.000Z","2915391425274474","https://www.facebook.com/100004109346822/posts/2915391425274474","ZmVlZGJhY2s6MjkxNTM5MTQyNTI3NDQ3NF8xNjcyNjg4MTczNTE1MjQ4","Y29tbWVudDoyOTE1MzkxNDI1Mjc0NDc0XzE2NzI2ODgxNzM1MTUyNDg=","https://www.facebook.com/100004109346822/posts/2915391425274474","0","250829661453806","false","Hainan F1

#pariahibrida
#pareputih
#paretahanvirus
#pareberbuahlebat
#benihcitraasia
#bintangasia
#produkinovasianaknegeri
#suksesbersamabintangasia","100007578522755","Renzy Bintangasia","https://scontent.ffec2-1.fna.fbcdn.net/v/t39.30808-1/426012403_3605728109689771_2277782955804277447_n.jpg?stp=cp0_dst-jpg_s32x32&_nc_cat=104&ccb=1-7&_nc_sid=50d2ac&_nc_ohc=V70ESvgEanEQ7kNvgElGBTu&_nc_ht=scontent.ffec2-1.fna&_nc_gid=AriM2o93GuzDmQylzBl7PqS&oh=00_AYCthqE8J9ema2doC07hig2PMfSN6ywxUYoKH7UwUQAOZw&oe=66F19244","https://www.facebook.com/renzi.prayuda","Mantap kali"
,,"https://www.facebook.com/100004109346822/posts/2915391425274474?comment_id=1762542537865434","2","2024-09-19T01:12:00.000Z","2915391425274474","https://www.facebook.com/100004109346822/posts/2915391425274474","ZmVlZGJhY2s6MjkxNTM5MTQyNTI3NDQ3NF8xNzYyNTQyNTM3ODY1NDM0","Y29tbWVudDoyOTE1MzkxNDI1Mjc0NDc0XzE3NjI1NDI1Mzc4NjU0MzQ=","https://www.facebook.com/100004109346822/posts/2915391425274474","0","250829661453806","false","Hainan F1

#pariahibrida
#pareputih
#paretahanvirus
#pareberbuahlebat
#benihcitraasia
#bintangasia
#produkinovasianaknegeri
#suksesbersamabintangasia","100048275130776","Marlin Dang Lin","https://scontent.ffec2-1.fna.fbcdn.net/v/t1.6435-1/88015789_100526718233166_5721694185497559040_n.jpg?stp=cp0_dst-jpg_s32x32&_nc_cat=110&ccb=1-7&_nc_sid=50d2ac&_nc_ohc=yyXvbxWsGz8Q7kNvgGFIZje&_nc_ht=scontent.ffec2-1.fna&_nc_gid=AriM2o93GuzDmQylzBl7PqS&oh=00_AYDLc525dXz5YadQsgsYj_S114zSF1NcbV1g-NhSJUGtHg&oe=67134A99","https://www.facebook.com/marlin.danglin","Brp nota bro?"
,,"https://www.facebook.com/100004109346822/posts/2915391425274474?comment_id=1066905041618825",,"2024-09-19T02:52:15.000Z","2915391425274474","https://www.facebook.com/100004109346822/posts/2915391425274474","ZmVlZGJhY2s6MjkxNTM5MTQyNTI3NDQ3NF8xMDY2OTA1MDQxNjE4ODI1","Y29tbWVudDoyOTE1MzkxNDI1Mjc0NDc0XzEwNjY5MDUwNDE2MTg4MjU=","https://www.facebook.com/100004109346822/posts/2915391425274474","0","250829661453806","false","Hainan F1

#pariahibrida
#pareputih
#paretahanvirus
#pareberbuahlebat
#benihcitraasia
#bintangasia
#produkinovasianaknegeri
#suksesbersamabintangasia","100077683452277","Darwan Sayur","https://scontent.ffec2-1.fna.fbcdn.net/v/t39.30808-1/433444129_439088062023972_3124502688111612413_n.jpg?stp=c0.0.940.940a_cp0_dst-jpg_s32x32&_nc_cat=100&ccb=1-7&_nc_sid=50d2ac&_nc_ohc=ytCnsPg2SqIQ7kNvgGyIaEC&_nc_ht=scontent.ffec2-1.fna&_nc_gid=AriM2o93GuzDmQylzBl7PqS&oh=00_AYB4luWzwEyPc5RCQETsVJNPO6Rny1WyBpGz3eGZBt5m-w&oe=66F182F2","https://www.facebook.com/people/Darwan-Sayur/100077683452277/","Uhui"
