﻿"attachments/0/__typename","attachments/0/animated_image","attachments/0/animated_image/uri","attachments/0/frame_count","attachments/0/frame_rate","attachments/0/frames_per_column","attachments/0/frames_per_row","attachments/0/id","attachments/0/image/height","attachments/0/image/uri","attachments/0/image/width","attachments/0/label","attachments/0/pack/id","attachments/0/pack/name","attachments/0/sprite_image","attachments/0/sprite_image/uri","attachments/0/target/__typename","attachments/0/target/id","attachments/0/target/matching_quantity","attachments/0/target/spark_quantity","attachments/0/target/stars_image_on_star_quantity","attachments/0/target/virtual_gift","attachments/0/target/virtual_gift_type/__typename","attachments/0/target/virtual_gift_type/gift_animated_image","attachments/0/target/virtual_gift_type/gift_image","attachments/0/target/virtual_gift_type/gift_keyframe_asset_name","attachments/0/target/virtual_gift_type/gift_keyframe_asset_url","attachments/0/target/virtual_gift_type/id","commentUrl","comments/0/commentUrl","comments/0/commentsCount","comments/0/date","comments/0/feedbackId","comments/0/id","comments/0/likesCount","comments/0/parentComment/author/__typename","comments/0/parentComment/author/id","comments/0/parentComment/author/name","comments/0/parentComment/author/short_name","comments/0/parentComment/id","comments/0/profileId","comments/0/profileName","comments/0/profilePicture","comments/0/profileUrl","comments/0/replyToCommentId","comments/0/text","comments/0/threadingDepth","comments/1/commentUrl","comments/1/date","comments/1/feedbackId","comments/1/id","comments/1/likesCount","comments/1/parentComment/author/__typename","comments/1/parentComment/author/id","comments/1/parentComment/author/name","comments/1/parentComment/author/short_name","comments/1/parentComment/id","comments/1/profileId","comments/1/profileName","comments/1/profilePicture","comments/1/profileUrl","comments/1/replyToCommentId","comments/1/text","comments/1/threadingDepth","commentsCount","date","facebookId","facebookUrl","feedbackId","id","inputUrl","likesCount","pageAdLibrary/id","pageAdLibrary/is_business_page_active","pageAdLibrary/woodhenge_creator_info","parentComment/author/__typename","parentComment/author/id","parentComment/author/name","parentComment/author/short_name","parentComment/id","postTitle","profileId","profileName","profilePicture","profileUrl","replyToCommentId","text","threadingDepth"
,,,,,,,,,,,,,,,,,,,,,,,,,,,,"https://www.facebook.com/permalink.php?story_fbid=840789508237890&id=100069205464353&comment_id=1127235771860890",,,,,,,,,,,,,,,,,,,,,,,,,,,,,,,,,,,,,"2024-09-30T04:22:32.000Z","840789508237890","https://www.facebook.com/100069205464353/posts/840789508237890","ZmVlZGJhY2s6ODQwNzg5NTA4MjM3ODkwXzExMjcyMzU3NzE4NjA4OTA=","Y29tbWVudDo4NDA3ODk1MDgyMzc4OTBfMTEyNzIzNTc3MTg2MDg5MA==","https://www.facebook.com/100069205464353/posts/840789508237890","1","355442210992705","false",,,,,,,"Helly Seedling. 324 likes · 181 talking about this. bibit sayuran🌱 semangka🍉 dll
Desa srisawahan deket wisata Bendungan Dam Raman.🏡wa :082280717454📲","100069205464353","Helly Seedling","https://scontent-lax3-1.xx.fbcdn.net/v/t39.30808-1/428336159_702155295434646_5059998008807722009_n.jpg?stp=cp6_dst-jpg_s32x32&_nc_cat=108&ccb=1-7&_nc_sid=50d2ac&_nc_ohc=dKgmUe6DZ5QQ7kNvgHEg8xf&_nc_ht=scontent-lax3-1.xx&_nc_gid=A9ZcWuWh5QyM4ytjys0ZZJY&oh=00_AYASgRspFHiXrjTYo-7bqWzQHH0IVlTEyGpGHw1hOpkc5w&oe=6705268D","https://www.facebook.com/people/Helly-Seedling/100069205464353/",,"Trimakasih","0"
,,,,,,,,,,,,,,,,,,,,,,,,,,,,"https://www.facebook.com/permalink.php?story_fbid=840789508237890&id=100069205464353&comment_id=2193697634350096",,,,,,,,,,,,,,,,,,,,,,,,,,,,,,,,,,,,,"2024-09-30T04:10:34.000Z","840789508237890","https://www.facebook.com/100069205464353/posts/840789508237890","ZmVlZGJhY2s6ODQwNzg5NTA4MjM3ODkwXzIxOTM2OTc2MzQzNTAwOTY=","Y29tbWVudDo4NDA3ODk1MDgyMzc4OTBfMjE5MzY5NzYzNDM1MDA5Ng==","https://www.facebook.com/100069205464353/posts/840789508237890","1","355442210992705","false",,,,,,,"Helly Seedling. 324 likes · 181 talking about this. bibit sayuran🌱 semangka🍉 dll
Desa srisawahan deket wisata Bendungan Dam Raman.🏡wa :082280717454📲","100065666973498","Davina Azkiya","https://scontent-lax3-1.xx.fbcdn.net/v/t39.30808-1/310827072_448278690704360_4714759928606141569_n.jpg?stp=cp0_dst-jpg_s32x32&_nc_cat=110&ccb=1-7&_nc_sid=50d2ac&_nc_ohc=R9Wl7ybdhqIQ7kNvgGoa3SA&_nc_ht=scontent-lax3-1.xx&_nc_gid=A9ZcWuWh5QyM4ytjys0ZZJY&oh=00_AYAJlPokJKokTTp01ecoufpTf-AXYYORltW1PMrsr7bq3Q&oe=67050486","https://www.facebook.com/davina.azkiya.9",,"Keren bang","0"
"Sticker",,"https://scontent-lax3-1.xx.fbcdn.net/v/t39.1997-6/68894373_1459627387495333_5835456569109643264_n.webp?stp=dst-webp_s110x80&_nc_cat=104&ccb=1-7&_nc_sid=ba09c1&_nc_ohc=7RdLfI4fhNEQ7kNvgH-MhvB&_nc_ht=scontent-lax3-1.xx&_nc_gid=A9ZcWuWh5QyM4ytjys0ZZJY&oh=00_AYDWv_kCtOjodik3jsiGVdDJ7CeCBqxBLnUD-1lRrlUa5Q&oe=67052AE3","14","100","4","4","514561552001926","80","https://scontent-lax3-2.xx.fbcdn.net/v/t39.1997-6/69142452_1459627590828646_6160083988481310720_n.png?stp=cp0_dst-png_s110x80&_nc_cat=111&ccb=1-7&_nc_sid=23dd7b&_nc_ohc=klUP9cBIBokQ7kNvgGL991j&_nc_ht=scontent-lax3-2.xx&_nc_gid=A9ZcWuWh5QyM4ytjys0ZZJY&oh=00_AYDgCLzk85COMIp3csveJK8WKdju_ihigddTHKW5lv-6IQ&oe=670520D1","80","Business fish, a person with a pink fish head wearing a suit and tie, giving a large thumbs up with their right hand and saying good","493674027424012","Executive Business Fish",,"https://scontent-lax3-2.xx.fbcdn.net/v/t39.1997-6/68866962_1459627384162000_4858367271799619584_n.png?stp=dst-png_p320x320&_nc_cat=106&ccb=1-7&_nc_sid=ba09c1&_nc_ohc=fW8NVcVx-FUQ7kNvgGWkp3Q&_nc_ht=scontent-lax3-2.xx&_nc_gid=A9ZcWuWh5QyM4ytjys0ZZJY&oh=00_AYAUhI9yi-QBfIQgbfpw9D1BAPP-wBFsHh8YCYSXV7AIZA&oe=67050E48",,,,,,,,,,,,,"https://www.facebook.com/permalink.php?story_fbid=840789508237890&id=100069205464353&comment_id=1231142084602147",,,,,,,,,,,,,,,,,,,,,,,,,,,,,,,,,,,,,"2024-09-30T13:05:31.000Z","840789508237890","https://www.facebook.com/100069205464353/posts/840789508237890","ZmVlZGJhY2s6ODQwNzg5NTA4MjM3ODkwXzEyMzExNDIwODQ2MDIxNDc=","Y29tbWVudDo4NDA3ODk1MDgyMzc4OTBfMTIzMTE0MjA4NDYwMjE0Nw==","https://www.facebook.com/100069205464353/posts/840789508237890","1","355442210992705","false",,,,,,,"Helly Seedling. 324 likes · 181 talking about this. bibit sayuran🌱 semangka🍉 dll
Desa srisawahan deket wisata Bendungan Dam Raman.🏡wa :082280717454📲","pfbid02sH21VuayuHyaGibXFMmRDsYUKwVmNynj5RQYPSuAByRR9HsT2VcfAxsJ5fmC8Yzkl","Sunar Tani","https://scontent-lax3-2.xx.fbcdn.net/v/t1.6435-1/93576732_106916267662838_767661293183172608_n.jpg?stp=c130.0.780.780a_cp0_dst-jpg_s32x32&_nc_cat=111&ccb=1-7&_nc_sid=0ecb9b&_nc_ohc=poqmCETAvlwQ7kNvgFcNPWU&_nc_ht=scontent-lax3-2.xx&_nc_gid=A9ZcWuWh5QyM4ytjys0ZZJY&oh=00_AYBmvNBUHYYsyZuRfsrX08yaWGMnedKW2AvqmS14wGGXdQ&oe=6726C21D","https://www.facebook.com/sunar.tani.5",,"Bibit apa boss","0"
,,,,,,,,,,,,,,,,,,,,,,,,,,,,"https://www.facebook.com/permalink.php?story_fbid=840789508237890&id=100069205464353&comment_id=1051745172840066","https://www.facebook.com/permalink.php?story_fbid=840789508237890&id=100069205464353&comment_id=1051745172840066&reply_comment_id=400969832868159",,"2024-10-02T07:38:38.000Z","ZmVlZGJhY2s6ODQwNzg5NTA4MjM3ODkwXzQwMDk2OTgzMjg2ODE1OQ==","Y29tbWVudDo4NDA3ODk1MDgyMzc4OTBfNDAwOTY5ODMyODY4MTU5","0","User","pfbid037E9zhURCCAzZSwNAmNN6ALZK1yP9BHQfF2JNyxgbs1Mn1eCvzwVt6Ahrw43znqrel","Jumingin","Jumingin","Y29tbWVudDo4NDA3ODk1MDgyMzc4OTBfMTA1MTc0NTE3Mjg0MDA2Ng==","100069205464353","Helly Seedling","https://scontent-lax3-1.xx.fbcdn.net/v/t39.30808-1/428336159_702155295434646_5059998008807722009_n.jpg?stp=cp6_dst-jpg_s32x32&_nc_cat=108&ccb=1-7&_nc_sid=50d2ac&_nc_ohc=dKgmUe6DZ5QQ7kNvgHEg8xf&_nc_ht=scontent-lax3-1.xx&_nc_gid=A9ZcWuWh5QyM4ytjys0ZZJY&oh=00_AYASgRspFHiXrjTYo-7bqWzQHH0IVlTEyGpGHw1hOpkc5w&oe=6705268D","https://www.facebook.com/people/Helly-Seedling/100069205464353/","Y29tbWVudDo4NDA3ODk1MDgyMzc4OTBfMTA1MTc0NTE3Mjg0MDA2Ng==","Jumingin sandjng pertashop Srisawahan","1",,,,,,,,,,,,,,,,,,"1","2024-10-02T07:29:03.000Z","840789508237890","https://www.facebook.com/100069205464353/posts/840789508237890","ZmVlZGJhY2s6ODQwNzg5NTA4MjM3ODkwXzEwNTE3NDUxNzI4NDAwNjY=","Y29tbWVudDo4NDA3ODk1MDgyMzc4OTBfMTA1MTc0NTE3Mjg0MDA2Ng==","https://www.facebook.com/100069205464353/posts/840789508237890","1","355442210992705","false",,,,,,,"Helly Seedling. 324 likes · 181 talking about this. bibit sayuran🌱 semangka🍉 dll
Desa srisawahan deket wisata Bendungan Dam Raman.🏡wa :082280717454📲","pfbid037E9zhURCCAzZSwNAmNN6ALZK1yP9BHQfF2JNyxgbs1Mn1eCvzwVt6Ahrw43znqrel","Jumingin","https://scontent-lax3-2.xx.fbcdn.net/v/t39.30808-1/400152163_350168867669761_3470593595224753686_n.jpg?stp=cp0_dst-jpg_s32x32&_nc_cat=106&ccb=1-7&_nc_sid=0ecb9b&_nc_ohc=-GolTbOmdXMQ7kNvgE5ey7G&_nc_ht=scontent-lax3-2.xx&_nc_gid=A9ZcWuWh5QyM4ytjys0ZZJY&oh=00_AYCkTA41CWvf_UYL5izZd68TpiL6NY9oxy1xBXDgKNflWw&oe=67051E6D","https://www.facebook.com/people/Jumingin/pfbid037E9zhURCCAzZSwNAmNN6ALZK1yP9BHQfF2JNyxgbs1Mn1eCvzwVt6Ahrw43znqrel/",,"Sebelah pembibitan kae Yo mbak","0"
"Sticker",,,"1","83","1","1","140051381647167","80","https://scontent-lax3-2.xx.fbcdn.net/v/t39.1997-6/240516696_140051384980500_4324639588081017510_n.png?stp=cp0_dst-png_s110x80&_nc_cat=107&ccb=1-7&_nc_sid=23dd7b&_nc_ohc=iANATHfF9acQ7kNvgGTda7K&_nc_ht=scontent-lax3-2.xx&_nc_gid=A9ZcWuWh5QyM4ytjys0ZZJY&oh=00_AYBOLtz1DrveCm9qCYEfirkwGO9LF26H9yu3nvUaZEkCCw&oe=67050E98","80","","140047671647538","[Newsfeed] Philippines First Party",,,,,,,,,,,,,,,"https://www.facebook.com/permalink.php?story_fbid=840789508237890&id=100069205464353&comment_id=1067546078327036",,,,,,,,,,,,,,,,,,,,,,,,,,,,,,,,,,,,,"2024-09-30T03:28:45.000Z","840789508237890","https://www.facebook.com/100069205464353/posts/840789508237890","ZmVlZGJhY2s6ODQwNzg5NTA4MjM3ODkwXzEwNjc1NDYwNzgzMjcwMzY=","Y29tbWVudDo4NDA3ODk1MDgyMzc4OTBfMTA2NzU0NjA3ODMyNzAzNg==","https://www.facebook.com/100069205464353/posts/840789508237890","1","355442210992705","false",,,,,,,"Helly Seedling. 324 likes · 181 talking about this. bibit sayuran🌱 semangka🍉 dll
Desa srisawahan deket wisata Bendungan Dam Raman.🏡wa :082280717454📲","100000463903590","Wong Ndalan","https://scontent-lax3-1.xx.fbcdn.net/v/t39.30808-1/323054068_571971727595747_7137331048919211238_n.jpg?stp=cp0_dst-jpg_s32x32&_nc_cat=104&ccb=1-7&_nc_sid=50d2ac&_nc_ohc=6XIkKytCDrgQ7kNvgFoxBuz&_nc_ht=scontent-lax3-1.xx&_nc_gid=A9ZcWuWh5QyM4ytjys0ZZJY&oh=00_AYBEXn5UQEM1E9eTcGyNzwpX0YVE42sq303QTXVqeK0tSw&oe=67051882",,,,"0"
,,,,,,,,,,,,,,,,,,,,,,,,,,,,"https://www.facebook.com/permalink.php?story_fbid=pfbid0QBhpcNzunmcz1zxvA4AYUKDJvSMY8bNHjfz3xW1bPLuHEvABdSHN59bDZTmJppcRl&id=100069205464353&comment_id=1990227234738506","https://www.facebook.com/permalink.php?story_fbid=pfbid0QBhpcNzunmcz1zxvA4AYUKDJvSMY8bNHjfz3xW1bPLuHEvABdSHN59bDZTmJppcRl&id=100069205464353&comment_id=1990227234738506&reply_comment_id=2617372368471001","1","2024-09-30T00:35:36.000Z","ZmVlZGJhY2s6ODQwMDY4NDY0OTc2NjYxXzI2MTczNzIzNjg0NzEwMDE=","Y29tbWVudDo4NDAwNjg0NjQ5NzY2NjFfMjYxNzM3MjM2ODQ3MTAwMQ==","0","User","pfbid0WSpzSFVYcrJKSSwVaKkSVkL6hJBMZn3L4zaUmtV1jtKhto36ovThB4CLNMVt8X65l","Hartoyo Adeeva Orlin","Hartoyo","Y29tbWVudDo4NDAwNjg0NjQ5NzY2NjFfMTk5MDIyNzIzNDczODUwNg==","pfbid03UikUQYEfwLyWMnWnFAVKiDpGwiUDRdbWYMC2FPok9ibUBDeUJZMrGy2X3Czyxpbl","Tuti Hartuti","https://scontent.fmem1-2.fna.fbcdn.net/v/t39.30808-1/453902290_122162439104230983_2353543471067364423_n.jpg?stp=cp0_dst-jpg_s32x32&_nc_cat=104&ccb=1-7&_nc_sid=0ecb9b&_nc_ohc=yBN-VmL6fq4Q7kNvgENR7EX&_nc_ht=scontent.fmem1-2.fna&_nc_gid=A8UozKNfKDM-BRhEVvuKKnG&oh=00_AYCFmERxpKMgpJFCtGgo99re01B9xLyWg3r3WxP3zjp7_g&oe=6705025B","https://www.facebook.com/people/Tuti-Hartuti/pfbid03UikUQYEfwLyWMnWnFAVKiDpGwiUDRdbWYMC2FPok9ibUBDeUJZMrGy2X3Czyxpbl/","Y29tbWVudDo4NDAwNjg0NjQ5NzY2NjFfMTk5MDIyNzIzNDczODUwNg==","Hartoyo Adeeva Orlin senior ditunggu kunjungaNya","1","https://www.facebook.com/permalink.php?story_fbid=pfbid0QBhpcNzunmcz1zxvA4AYUKDJvSMY8bNHjfz3xW1bPLuHEvABdSHN59bDZTmJppcRl&id=100069205464353&comment_id=1990227234738506&reply_comment_id=1256670765778056","2024-09-30T03:14:46.000Z","ZmVlZGJhY2s6ODQwMDY4NDY0OTc2NjYxXzEyNTY2NzA3NjU3NzgwNTY=","Y29tbWVudDo4NDAwNjg0NjQ5NzY2NjFfMTI1NjY3MDc2NTc3ODA1Ng==","0","User","pfbid0WSpzSFVYcrJKSSwVaKkSVkL6hJBMZn3L4zaUmtV1jtKhto36ovThB4CLNMVt8X65l","Hartoyo Adeeva Orlin","Hartoyo","Y29tbWVudDo4NDAwNjg0NjQ5NzY2NjFfMTk5MDIyNzIzNDczODUwNg==","pfbid0WSpzSFVYcrJKSSwVaKkSVkL6hJBMZn3L4zaUmtV1jtKhto36ovThB4CLNMVt8X65l","Hartoyo Adeeva Orlin","https://scontent.fmem1-2.fna.fbcdn.net/v/t39.30808-1/376769837_7252760278071582_7023959626220835255_n.jpg?stp=cp0_dst-jpg_s32x32&_nc_cat=107&ccb=1-7&_nc_sid=0ecb9b&_nc_ohc=KOQQOk9OXhIQ7kNvgEuMdwu&_nc_ht=scontent.fmem1-2.fna&_nc_gid=A8UozKNfKDM-BRhEVvuKKnG&oh=00_AYDZGckayM4IY6S56onHx1_GBPXTGzVDrmcUOXgqvShhug&oe=67050FFD","https://www.facebook.com/yoyox.comunty","Y29tbWVudDo4NDAwNjg0NjQ5NzY2NjFfMTk5MDIyNzIzNDczODUwNg==","Tuti Hartuti he he ampun suhu","2","2","2024-09-29T13:11:08.000Z","840068464976661","https://www.facebook.com/100069205464353/posts/840068464976661","ZmVlZGJhY2s6ODQwMDY4NDY0OTc2NjYxXzE5OTAyMjcyMzQ3Mzg1MDY=","Y29tbWVudDo4NDAwNjg0NjQ5NzY2NjFfMTk5MDIyNzIzNDczODUwNg==","https://www.facebook.com/100069205464353/posts/840068464976661","0","233184383212138","false",,,,,,,"Minggu, 29 September 2024

Rumah Semai Helly Seedling kembali menjadi tempat pilihan kegiatan mahasiswa POLINELA lampung prodi teknologi perbenihan dalam melakukan penelitian terkait mata kuliah management.  

Disinilah mereka akan menguras ilmu pengetahuan,  melakukan interaktif secara langsung kepada para karyawan sehingga mereka bisa menemukan atau menambah pengetahuan baru dalam dunia pertanian khususnya di dalam perbenihan

Kegiatan seperti ini sering dilakukan oleh mahasiswa untuk mendapatkan suatu informasi yang ingin di ketahui yakni dengan melakukan survey secara langsung.","pfbid0WSpzSFVYcrJKSSwVaKkSVkL6hJBMZn3L4zaUmtV1jtKhto36ovThB4CLNMVt8X65l","Hartoyo Adeeva Orlin","https://scontent.fmem1-2.fna.fbcdn.net/v/t39.30808-1/376769837_7252760278071582_7023959626220835255_n.jpg?stp=cp0_dst-jpg_s32x32&_nc_cat=107&ccb=1-7&_nc_sid=0ecb9b&_nc_ohc=KOQQOk9OXhIQ7kNvgEuMdwu&_nc_ht=scontent.fmem1-2.fna&_nc_gid=A8UozKNfKDM-BRhEVvuKKnG&oh=00_AYDZGckayM4IY6S56onHx1_GBPXTGzVDrmcUOXgqvShhug&oe=67050FFD","https://www.facebook.com/yoyox.comunty",,"Polinela. 
Jadi kelingan ngampus biyen","0"
,,,,,,,,,,,,,,,,,,,,,,,,,,,,"https://www.facebook.com/reel/2006393493150562/?comment_id=1176519650243785",,,,,,,,,,,,,,,,,,,,,,,,,,,,,,,,,,,,,"2024-09-06T21:39:39.000Z","822164903433684","https://www.facebook.com/100069205464353/posts/822164903433684","ZmVlZGJhY2s6ODIyMTY0OTAzNDMzNjg0XzExNzY1MTk2NTAyNDM3ODU=","Y29tbWVudDo4MjIxNjQ5MDM0MzM2ODRfMTE3NjUxOTY1MDI0Mzc4NQ==","https://www.facebook.com/100069205464353/posts/822164903433684","0","233184383212138",,,,,,,,"Ready kohe kambing giling MURNI.
Bagus buat dasaran karna mengandung unsur hara yg di butuhkan tanama. Dan dapat memperbaiki struktur tanah yg rusak. Kenapa harus kohe kambing?
Karna tidak mengandung...","pfbid02A4X1HiCApSyGV9nxtvfiH5jzBEdJKZkMhVqFrhLvVRsTZXYeUkkGPTR3kJ5HApHNl","AL","https://scontent-bos5-1.xx.fbcdn.net/v/t39.30808-1/432579998_1083946406056371_1092278102466940213_n.jpg?stp=c0.0.720.720a_cp0_dst-jpg_s32x32&_nc_cat=109&ccb=1-7&_nc_sid=0ecb9b&_nc_ohc=lub30a4FLbQQ7kNvgFgRf9J&_nc_ht=scontent-bos5-1.xx&_nc_gid=ASTfrc71nm2r4DkICsuhCht&oh=00_AYAuEbSXuBEsZoJ9upiTW1FwerItdBwdnD91ZsilXO_fmw&oe=6704FB74","https://www.facebook.com/people/AL/pfbid02A4X1HiCApSyGV9nxtvfiH5jzBEdJKZkMhVqFrhLvVRsTZXYeUkkGPTR3kJ5HApHNl/",,"Nota","0"
,,,,,,,,,,,,,,,,,,,,,,,,,,,,"https://www.facebook.com/reel/2006393493150562/?comment_id=2197334860667163",,,,,,,,,,,,,,,,,,,,,,,,,,,,,,,,,,,,,"2024-09-10T05:47:02.000Z","822164903433684","https://www.facebook.com/100069205464353/posts/822164903433684","ZmVlZGJhY2s6ODIyMTY0OTAzNDMzNjg0XzIxOTczMzQ4NjA2NjcxNjM=","Y29tbWVudDo4MjIxNjQ5MDM0MzM2ODRfMjE5NzMzNDg2MDY2NzE2Mw==","https://www.facebook.com/100069205464353/posts/822164903433684","0","233184383212138",,,,,,,,"Ready kohe kambing giling MURNI.
Bagus buat dasaran karna mengandung unsur hara yg di butuhkan tanama. Dan dapat memperbaiki struktur tanah yg rusak. Kenapa harus kohe kambing?
Karna tidak mengandung...","pfbid028kWQreu2g3uscLDKM2iX5Eadpv9e7zpoUGLCSW2EgvEr8Ju4tHMo9pDGDYo9bJ3Ql","Gaishan R","https://scontent-bos5-1.xx.fbcdn.net/v/t39.30808-1/379721691_3560182704263629_8929060375250094336_n.jpg?stp=cp0_dst-jpg_s32x32&_nc_cat=106&ccb=1-7&_nc_sid=0ecb9b&_nc_ohc=c1Ua8BZfLVEQ7kNvgE-cbSK&_nc_ht=scontent-bos5-1.xx&_nc_gid=ASTfrc71nm2r4DkICsuhCht&oh=00_AYDkyZtI0mKpoLj-U5HW8OTRjhsMKsAQof6b9FiXDDKW2g&oe=67051504","https://www.facebook.com/alfiodhani.alfiodhani",,"Per karung berapa kg bosku... Plus nota piro???","0"
,,,,,,,,,,,,,,,,"VideoTipJarPayment","1081816913378080","0","1","https://static.xx.fbcdn.net/rsrc.php/v3/yN/r/z6visRJQXR_.png",,"StarsVirtualGiftBaseType",,"/images/assets_DO_NOT_HARDCODE/user_pay_stars_virtual_gifts/Community-Unification-Default-Tier1-Thoughtful-Testing-Static.png","Community-Unification-Default-T1-Thoughtful-bottomsheet-testing-animation","https://static.xx.fbcdn.net/rsrc.php/y6/r/qfD07Iv6r-5.kf","1414980765966032","https://www.facebook.com/reel/1081790303380741/?comment_id=1252088229135161",,,,,,,,,,,,,,,,,,,,,,,,,,,,,,,,,,,,,"2024-09-30T12:41:54.000Z","841044781545696","https://www.facebook.com/100069205464353/posts/841044781545696","ZmVlZGJhY2s6ODQxMDQ0NzgxNTQ1Njk2XzEyNTIwODgyMjkxMzUxNjE=","Y29tbWVudDo4NDEwNDQ3ODE1NDU2OTZfMTI1MjA4ODIyOTEzNTE2MQ==","https://www.facebook.com/100069205464353/posts/841044781545696","1","233184383212138",,,,,,,,"Rumah Semai Helly Seedling merupakan salah satu tempat yang menghasilkan produksi bibit yang berkualitas dan mampu mengikuti daya saing pertumbuhan bibit yang unggul untuk siap tanam.

Bintang Asia...","100007578522755","Renzy Bintangasia","https://scontent.fria4-1.fna.fbcdn.net/v/t39.30808-1/426012403_3605728109689771_2277782955804277447_n.jpg?stp=cp0_dst-jpg_s32x32&_nc_cat=104&ccb=1-7&_nc_sid=50d2ac&_nc_ohc=NKmntc7UrGAQ7kNvgFuv2LM&_nc_ht=scontent.fria4-1.fna&_nc_gid=AROJ2i5yEbpsmgBQxylAO-d&oh=00_AYCiKSwITlnSUGfDnxMNeKTGQefyGs79d13MbPXZyNJDJw&oe=67052084","https://www.facebook.com/renzi.prayuda",,,"0"
"Sticker",,,"1","83","1","1","1000519493737088","80","https://scontent.fria4-1.fna.fbcdn.net/v/t39.1997-6/105258811_1000519497070421_1877687988442182543_n.png?stp=cp0_dst-png_s110x80&_nc_cat=1&ccb=1-7&_nc_sid=23dd7b&_nc_ohc=9MhfHliRqrUQ7kNvgF1XpRP&_nc_ht=scontent.fria4-1.fna&_nc_gid=AROJ2i5yEbpsmgBQxylAO-d&oh=00_AYAFKyPA0OrWvmh3_OPFC_XLpVKoJd1sOyVFBcbrxedydQ&oe=670527AB","80","a outstretched arm with a thumbs up. on the arm is written 'great' in indonesian","1000303507092020","Stories Stickers in Feed",,,,,,,,,,,,,,,"https://www.facebook.com/reel/1081790303380741/?comment_id=544254394811422",,,,,,,,,,,,,,,,,,,,,,,,,,,,,,,,,,,,,"2024-09-30T14:13:14.000Z","841044781545696","https://www.facebook.com/100069205464353/posts/841044781545696","ZmVlZGJhY2s6ODQxMDQ0NzgxNTQ1Njk2XzU0NDI1NDM5NDgxMTQyMg==","Y29tbWVudDo4NDEwNDQ3ODE1NDU2OTZfNTQ0MjU0Mzk0ODExNDIy","https://www.facebook.com/100069205464353/posts/841044781545696","0","233184383212138",,,,,,,,"Rumah Semai Helly Seedling merupakan salah satu tempat yang menghasilkan produksi bibit yang berkualitas dan mampu mengikuti daya saing pertumbuhan bibit yang unggul untuk siap tanam.

Bintang Asia...","100065666973498","Davina Azkiya","https://scontent.fria4-1.fna.fbcdn.net/v/t39.30808-1/310827072_448278690704360_4714759928606141569_n.jpg?stp=cp0_dst-jpg_s32x32&_nc_cat=110&ccb=1-7&_nc_sid=50d2ac&_nc_ohc=R9Wl7ybdhqIQ7kNvgHd6q8E&_nc_ht=scontent.fria4-1.fna&_nc_gid=AROJ2i5yEbpsmgBQxylAO-d&oh=00_AYDnJPxsIcGL3bVv_UzcaqUDvKCfPDwPPGPDv9GhQWcYWQ&oe=67050486","https://www.facebook.com/davina.azkiya.9",,,"0"
,,,,,,,,,,,,,,,,,,,,,,,,,,,,"https://www.facebook.com/reel/1081790303380741/?comment_id=1273140817379338",,,,,,,,,,,,,,,,,,,,,,,,,,,,,,,,,,,,,"2024-09-30T13:43:37.000Z","841044781545696","https://www.facebook.com/100069205464353/posts/841044781545696","ZmVlZGJhY2s6ODQxMDQ0NzgxNTQ1Njk2XzEyNzMxNDA4MTczNzkzMzg=","Y29tbWVudDo4NDEwNDQ3ODE1NDU2OTZfMTI3MzE0MDgxNzM3OTMzOA==","https://www.facebook.com/100069205464353/posts/841044781545696","1","233184383212138",,,,,,,,"Rumah Semai Helly Seedling merupakan salah satu tempat yang menghasilkan produksi bibit yang berkualitas dan mampu mengikuti daya saing pertumbuhan bibit yang unggul untuk siap tanam.

Bintang Asia...","100000029645476","Cayadi Bintang Asia","https://scontent.fria4-1.fna.fbcdn.net/v/t31.18172-1/15724565_1469077786436529_7264600135043183638_o.jpg?stp=c0.200.1200.1200a_cp0_dst-jpg_s32x32&_nc_cat=101&ccb=1-7&_nc_sid=db5862&_nc_ohc=z-M6Ynf3R1cQ7kNvgEvZWK5&_nc_ht=scontent.fria4-1.fna&_nc_gid=AROJ2i5yEbpsmgBQxylAO-d&oh=00_AYBrERxrNc4TvilzdKAE5KsIEQcR8sgbWengC6MQMucY1w&oe=6726A07E","https://www.facebook.com/cayadi.santosa",,"Mantapz....","0"
,,,,,,,,,,,,,,,,,,,,,,,,,,,,"https://www.facebook.com/permalink.php?story_fbid=pfbid02UZWPLvTt3yUvp3yC9ACaCt2L5BDsbbKM5m3Kwxua9c5AH4az5Yy8gB2zBL5hzLfwl&id=100069205464353&comment_id=1298505584444872",,,,,,,,,,,,,,,,,,,,,,,,,,,,,,,,,,,,,"2024-09-15T07:11:09.000Z","830058792644295","https://www.facebook.com/100069205464353/posts/830058792644295","ZmVlZGJhY2s6ODMwMDU4NzkyNjQ0Mjk1XzEyOTg1MDU1ODQ0NDQ4NzI=","Y29tbWVudDo4MzAwNTg3OTI2NDQyOTVfMTI5ODUwNTU4NDQ0NDg3Mg==","https://www.facebook.com/100069205464353/posts/830058792644295","1","233184383212138","false",,,,,,,"Assalamualaikum izin post 
Bantu petani yg cari bibit semangka siap tanam.
Kita ready ya semangka oval/lonjong SERI F1 dari BINTANG ASIA.
Lokasi Metro Lampung.
Wa 082280717454 atau link di bawah 
https://wa.me/message/SC6PXLSBRXS5B1","100007578522755","Renzy Bintangasia","https://scontent-hou1-1.xx.fbcdn.net/v/t39.30808-1/426012403_3605728109689771_2277782955804277447_n.jpg?stp=cp0_dst-jpg_s32x32&_nc_cat=104&ccb=1-7&_nc_sid=50d2ac&_nc_ohc=NKmntc7UrGAQ7kNvgE-G2ix&_nc_ht=scontent-hou1-1.xx&_nc_gid=AEwgA4haiykHlVIb4o6iVVf&oh=00_AYDMNyUXn0Uf5oJRZwYD8-pC63zPP8XOdoIiIUAxe5_4mw&oe=67052084","https://www.facebook.com/renzi.prayuda",,"Mantap","0"
,,,,,,,,,,,,,,,,,,,,,,,,,,,,"https://www.facebook.com/permalink.php?story_fbid=pfbid023X83ReF7fT1pyTKKUG7cgEojjSzww2jfQnK9LeWpxAstCK7zCipojeWdizyAFDa3l&id=100069205464353&comment_id=546353744481512","https://www.facebook.com/permalink.php?story_fbid=pfbid023X83ReF7fT1pyTKKUG7cgEojjSzww2jfQnK9LeWpxAstCK7zCipojeWdizyAFDa3l&id=100069205464353&comment_id=546353744481512&reply_comment_id=396388020162839",,"2024-09-14T01:05:16.000Z","ZmVlZGJhY2s6ODI4NTY1NzQ2MTI2OTMzXzM5NjM4ODAyMDE2MjgzOQ==","Y29tbWVudDo4Mjg1NjU3NDYxMjY5MzNfMzk2Mzg4MDIwMTYyODM5","0","User","100007578522755","Renzy Bintangasia","Renzy","Y29tbWVudDo4Mjg1NjU3NDYxMjY5MzNfNTQ2MzUzNzQ0NDgxNTEy","100069205464353","Helly Seedling","https://scontent.flhr3-4.fna.fbcdn.net/v/t39.30808-1/428336159_702155295434646_5059998008807722009_n.jpg?stp=cp6_dst-jpg_s32x32&_nc_cat=108&ccb=1-7&_nc_sid=50d2ac&_nc_ohc=dKgmUe6DZ5QQ7kNvgF7nj1_&_nc_ht=scontent.flhr3-4.fna&_nc_gid=AL_Q0yqL4ywa4oRzq5pLZIw&oh=00_AYDR2JXa0tJU1T-P27nLch9vcdgHYprI9C_8WjGy9HBRMw&oe=6705268D","https://www.facebook.com/people/Helly-Seedling/100069205464353/","Y29tbWVudDo4Mjg1NjU3NDYxMjY5MzNfNTQ2MzUzNzQ0NDgxNTEy","Renzy Bintangasia jos","1",,,,,,,,,,,,,,,,,,"1","2024-09-14T00:55:07.000Z","828565746126933","https://www.facebook.com/100069205464353/posts/828565746126933","ZmVlZGJhY2s6ODI4NTY1NzQ2MTI2OTMzXzU0NjM1Mzc0NDQ4MTUxMg==","Y29tbWVudDo4Mjg1NjU3NDYxMjY5MzNfNTQ2MzUzNzQ0NDgxNTEy","https://www.facebook.com/100069205464353/posts/828565746126933","0","233184383212138","false",,,,,,,"Assalamualaikum 
Izin post.
Bibit semangka siap tanam bulat. MADRID F1
Lokasi Metro Lampung 
Wa link bawah
https://wa.me/message/SC6PXLSBRXS5B1","100007578522755","Renzy Bintangasia","https://scontent.flhr3-4.fna.fbcdn.net/v/t39.30808-1/426012403_3605728109689771_2277782955804277447_n.jpg?stp=cp0_dst-jpg_s32x32&_nc_cat=104&ccb=1-7&_nc_sid=50d2ac&_nc_ohc=NKmntc7UrGAQ7kNvgFPoUd7&_nc_ht=scontent.flhr3-4.fna&_nc_gid=AL_Q0yqL4ywa4oRzq5pLZIw&oh=00_AYAKm5fUW13SJ_sZ6Xk0Oy3daBD6cpeb3w45Xkaa_NhFiQ&oe=67052084","https://www.facebook.com/renzi.prayuda",,"Mantap Madrid emng joss","0"
,,,,,,,,,,,,,,,,,,,,,,,,,,,,"https://www.facebook.com/reel/446274737864156/?comment_id=1272108060618375","https://www.facebook.com/reel/446274737864156/?comment_id=1272108060618375&reply_comment_id=1317338622588675",,"2024-09-30T00:19:11.000Z","ZmVlZGJhY2s6ODM5MzQyODUxNzE1ODg5XzEzMTczMzg2MjI1ODg2NzU=","Y29tbWVudDo4MzkzNDI4NTE3MTU4ODlfMTMxNzMzODYyMjU4ODY3NQ==","0","User","pfbid02sH21VuayuHyaGibXFMmRDsYUKwVmNynj5RQYPSuAByRR9HsT2VcfAxsJ5fmC8Yzkl","Sunar Tani","Sunar","Y29tbWVudDo4MzkzNDI4NTE3MTU4ODlfMTI3MjEwODA2MDYxODM3NQ==","100069205464353","Helly Seedling","https://scontent.fagr1-1.fna.fbcdn.net/v/t39.30808-1/428336159_702155295434646_5059998008807722009_n.jpg?stp=cp6_dst-jpg_s32x32&_nc_cat=108&ccb=1-7&_nc_sid=50d2ac&_nc_ohc=dKgmUe6DZ5QQ7kNvgHoDStD&_nc_ht=scontent.fagr1-1.fna&_nc_gid=AYEeWpUxg905yglmb7sxQhK&oh=00_AYDyb675B6MC6qd31Vq0Q1tQPvPtVqwP7K1XX7OLlbHhvw&oe=6705268D","https://www.facebook.com/people/Helly-Seedling/100069205464353/","Y29tbWVudDo4MzkzNDI4NTE3MTU4ODlfMTI3MjEwODA2MDYxODM3NQ==","Sunar Tani wa bos 082280717454","1",,,,,,,,,,,,,,,,,,"1","2024-09-29T22:06:21.000Z","839342851715889","https://www.facebook.com/100069205464353/posts/839342851715889","ZmVlZGJhY2s6ODM5MzQyODUxNzE1ODg5XzEyNzIxMDgwNjA2MTgzNzU=","Y29tbWVudDo4MzkzNDI4NTE3MTU4ODlfMTI3MjEwODA2MDYxODM3NQ==","https://www.facebook.com/100069205464353/posts/839342851715889","0","233184383212138",,,,,,,,"Kohe kambing giling murni bos....
Lokasi Metro Lampung 
Wa 082280717454. Helly Seedling · Original audio","pfbid02sH21VuayuHyaGibXFMmRDsYUKwVmNynj5RQYPSuAByRR9HsT2VcfAxsJ5fmC8Yzkl","Sunar Tani","https://scontent.fagr1-3.fna.fbcdn.net/v/t1.6435-1/93576732_106916267662838_767661293183172608_n.jpg?stp=c130.0.780.780a_cp0_dst-jpg_s32x32&_nc_cat=111&ccb=1-7&_nc_sid=0ecb9b&_nc_ohc=poqmCETAvlwQ7kNvgFa-7p0&_nc_ht=scontent.fagr1-3.fna&_nc_gid=AYEeWpUxg905yglmb7sxQhK&oh=00_AYAzsY_aA75Mc2qvgoZOPgphB-Htd1hdcznufZqfLEcRQQ&oe=6726C21D","https://www.facebook.com/sunar.tani.5",,"Piroan boss","0"
,,,,,,,,,,,,,,,,,,,,,,,,,,,,"https://www.facebook.com/reel/446274737864156/?comment_id=540330771850978","https://www.facebook.com/reel/446274737864156/?comment_id=540330771850978&reply_comment_id=1065945725327017",,"2024-10-02T02:49:58.000Z","ZmVlZGJhY2s6ODM5MzQyODUxNzE1ODg5XzEwNjU5NDU3MjUzMjcwMTc=","Y29tbWVudDo4MzkzNDI4NTE3MTU4ODlfMTA2NTk0NTcyNTMyNzAxNw==","0","User","pfbid02aAQcd6SVngfh3svRmztu1KmzFC46PHGaxnJqNmdC1p6k5zmbY4MRgPS99zoi1pysl","Sugiyanti","Sugiyanti","Y29tbWVudDo4MzkzNDI4NTE3MTU4ODlfNTQwMzMwNzcxODUwOTc4","100069205464353","Helly Seedling","https://scontent.fagr1-1.fna.fbcdn.net/v/t39.30808-1/428336159_702155295434646_5059998008807722009_n.jpg?stp=cp6_dst-jpg_s32x32&_nc_cat=108&ccb=1-7&_nc_sid=50d2ac&_nc_ohc=dKgmUe6DZ5QQ7kNvgHoDStD&_nc_ht=scontent.fagr1-1.fna&_nc_gid=AYEeWpUxg905yglmb7sxQhK&oh=00_AYDyb675B6MC6qd31Vq0Q1tQPvPtVqwP7K1XX7OLlbHhvw&oe=6705268D","https://www.facebook.com/people/Helly-Seedling/100069205464353/","Y29tbWVudDo4MzkzNDI4NTE3MTU4ODlfNTQwMzMwNzcxODUwOTc4","Sugiyanti ga fermentasi brani bos kalo kohe kambing","1",,,,,,,,,,,,,,,,,,"1","2024-10-02T01:17:18.000Z","839342851715889","https://www.facebook.com/100069205464353/posts/839342851715889","ZmVlZGJhY2s6ODM5MzQyODUxNzE1ODg5XzU0MDMzMDc3MTg1MDk3OA==","Y29tbWVudDo4MzkzNDI4NTE3MTU4ODlfNTQwMzMwNzcxODUwOTc4","https://www.facebook.com/100069205464353/posts/839342851715889","0","233184383212138",,,,,,,,"Kohe kambing giling murni bos....
Lokasi Metro Lampung 
Wa 082280717454. Helly Seedling · Original audio","pfbid02aAQcd6SVngfh3svRmztu1KmzFC46PHGaxnJqNmdC1p6k5zmbY4MRgPS99zoi1pysl","Sugiyanti","https://scontent.fagr1-3.fna.fbcdn.net/v/t39.30808-1/460998572_495946669996536_3011670346770639980_n.jpg?stp=c0.0.750.750a_cp0_dst-jpg_s32x32&_nc_cat=105&ccb=1-7&_nc_sid=0ecb9b&_nc_ohc=H3uKjhpW1kwQ7kNvgGrHhgR&_nc_ht=scontent.fagr1-3.fna&_nc_gid=AYEeWpUxg905yglmb7sxQhK&oh=00_AYBFpUQZRr2jRt8kVBTGlnYaYZYzPvE49CzCaRxB6RqWjA&oe=67052A46","https://www.facebook.com/people/Sugiyanti/pfbid02aAQcd6SVngfh3svRmztu1KmzFC46PHGaxnJqNmdC1p6k5zmbY4MRgPS99zoi1pysl/",,"Sudah di permentasi belum?","0"
,,,,,,,,,,,,,,,,,,,,,,,,,,,,"https://www.facebook.com/reel/446274737864156/?comment_id=1234024627795552","https://www.facebook.com/reel/446274737864156/?comment_id=1234024627795552&reply_comment_id=885878696382000",,"2024-09-28T04:12:27.000Z","ZmVlZGJhY2s6ODM5MzQyODUxNzE1ODg5Xzg4NTg3ODY5NjM4MjAwMA==","Y29tbWVudDo4MzkzNDI4NTE3MTU4ODlfODg1ODc4Njk2MzgyMDAw","0","User","pfbid02wfUfS87s1B4PE5BhCmJgwrkeBURrwSavTDWZfQruouboSRERXuX3VC7BmFEcYCK9l","Rohman Hardjo Sentono","Rohman","Y29tbWVudDo4MzkzNDI4NTE3MTU4ODlfMTIzNDAyNDYyNzc5NTU1Mg==","100069205464353","Helly Seedling","https://scontent.fagr1-1.fna.fbcdn.net/v/t39.30808-1/428336159_702155295434646_5059998008807722009_n.jpg?stp=cp6_dst-jpg_s32x32&_nc_cat=108&ccb=1-7&_nc_sid=50d2ac&_nc_ohc=dKgmUe6DZ5QQ7kNvgHoDStD&_nc_ht=scontent.fagr1-1.fna&_nc_gid=AYEeWpUxg905yglmb7sxQhK&oh=00_AYDyb675B6MC6qd31Vq0Q1tQPvPtVqwP7K1XX7OLlbHhvw&oe=6705268D","https://www.facebook.com/people/Helly-Seedling/100069205464353/","Y29tbWVudDo4MzkzNDI4NTE3MTU4ODlfMTIzNDAyNDYyNzc5NTU1Mg==","Rohman Hardjo Sentono wa mawon pak 082280717454","1",,,,,,,,,,,,,,,,,,"1","2024-09-28T04:09:42.000Z","839342851715889","https://www.facebook.com/100069205464353/posts/839342851715889","ZmVlZGJhY2s6ODM5MzQyODUxNzE1ODg5XzEyMzQwMjQ2Mjc3OTU1NTI=","Y29tbWVudDo4MzkzNDI4NTE3MTU4ODlfMTIzNDAyNDYyNzc5NTU1Mg==","https://www.facebook.com/100069205464353/posts/839342851715889","1","233184383212138",,,,,,,,"Kohe kambing giling murni bos....
Lokasi Metro Lampung 
Wa 082280717454. Helly Seedling · Original audio","pfbid02wfUfS87s1B4PE5BhCmJgwrkeBURrwSavTDWZfQruouboSRERXuX3VC7BmFEcYCK9l","Rohman Hardjo Sentono","https://scontent.fagr1-1.fna.fbcdn.net/v/t39.30808-1/456253297_7975080439250086_6746533190666301466_n.jpg?stp=cp0_dst-jpg_s32x32&_nc_cat=108&ccb=1-7&_nc_sid=0ecb9b&_nc_ohc=goCBXBVc-ocQ7kNvgE50sxf&_nc_ht=scontent.fagr1-1.fna&_nc_gid=AYEeWpUxg905yglmb7sxQhK&oh=00_AYDnyVmk6yI3pOt5ODVOQS4QaE1MuF6wC3Y3UwidZZglOw&oe=670512C9","https://www.facebook.com/Asymaurrohman",,"Piro mas /sak?","0"
,,,,,,,,,,,,,,,,,,,,,,,,,,,,"https://www.facebook.com/permalink.php?story_fbid=pfbid0QBhpcNzunmcz1zxvA4AYUKDJvSMY8bNHjfz3xW1bPLuHEvABdSHN59bDZTmJppcRl&id=100069205464353&comment_id=1990227234738506&reply_comment_id=2617372368471001",,,,,,,,,,,,,,,,,,,,,,,,,,,,,,,,,,,,"1","2024-09-30T00:35:36.000Z","840068464976661","https://www.facebook.com/100069205464353/posts/840068464976661","ZmVlZGJhY2s6ODQwMDY4NDY0OTc2NjYxXzI2MTczNzIzNjg0NzEwMDE=","Y29tbWVudDo4NDAwNjg0NjQ5NzY2NjFfMjYxNzM3MjM2ODQ3MTAwMQ==","https://www.facebook.com/100069205464353/posts/840068464976661","0","233184383212138","false",,"User","pfbid0WSpzSFVYcrJKSSwVaKkSVkL6hJBMZn3L4zaUmtV1jtKhto36ovThB4CLNMVt8X65l","Hartoyo Adeeva Orlin","Hartoyo","Y29tbWVudDo4NDAwNjg0NjQ5NzY2NjFfMTk5MDIyNzIzNDczODUwNg==","Minggu, 29 September 2024

Rumah Semai Helly Seedling kembali menjadi tempat pilihan kegiatan mahasiswa POLINELA lampung prodi teknologi perbenihan dalam melakukan penelitian terkait mata kuliah management.  

Disinilah mereka akan menguras ilmu pengetahuan,  melakukan interaktif secara langsung kepada para karyawan sehingga mereka bisa menemukan atau menambah pengetahuan baru dalam dunia pertanian khususnya di dalam perbenihan

Kegiatan seperti ini sering dilakukan oleh mahasiswa untuk mendapatkan suatu informasi yang ingin di ketahui yakni dengan melakukan survey secara langsung.","pfbid03UikUQYEfwLyWMnWnFAVKiDpGwiUDRdbWYMC2FPok9ibUBDeUJZMrGy2X3Czyxpbl","Tuti Hartuti","https://scontent-man2-1.xx.fbcdn.net/v/t39.30808-1/453902290_122162439104230983_2353543471067364423_n.jpg?stp=cp0_dst-jpg_s32x32&_nc_cat=104&ccb=1-7&_nc_sid=0ecb9b&_nc_ohc=yBN-VmL6fq4Q7kNvgHTeXI1&_nc_ht=scontent-man2-1.xx&_nc_gid=AfpwQ9_P9QKuBwbhi71TkVr&oh=00_AYBZ5_Rw2tzVhVnYEMC12eIAXEu1RAPNxDxUnC4k52-PYA&oe=6705025B","https://www.facebook.com/people/Tuti-Hartuti/pfbid03UikUQYEfwLyWMnWnFAVKiDpGwiUDRdbWYMC2FPok9ibUBDeUJZMrGy2X3Czyxpbl/","Y29tbWVudDo4NDAwNjg0NjQ5NzY2NjFfMTk5MDIyNzIzNDczODUwNg==","Hartoyo Adeeva Orlin senior ditunggu kunjungaNya","1"
,,,,,,,,,,,,,,,,,,,,,,,,,,,,"https://www.facebook.com/permalink.php?story_fbid=pfbid0QBhpcNzunmcz1zxvA4AYUKDJvSMY8bNHjfz3xW1bPLuHEvABdSHN59bDZTmJppcRl&id=100069205464353&comment_id=1990227234738506&reply_comment_id=1256670765778056",,,,,,,,,,,,,,,,,,,,,,,,,,,,,,,,,,,,,"2024-09-30T03:14:46.000Z","840068464976661","https://www.facebook.com/100069205464353/posts/840068464976661","ZmVlZGJhY2s6ODQwMDY4NDY0OTc2NjYxXzEyNTY2NzA3NjU3NzgwNTY=","Y29tbWVudDo4NDAwNjg0NjQ5NzY2NjFfMTI1NjY3MDc2NTc3ODA1Ng==","https://www.facebook.com/100069205464353/posts/840068464976661","0","233184383212138","false",,"User","pfbid0WSpzSFVYcrJKSSwVaKkSVkL6hJBMZn3L4zaUmtV1jtKhto36ovThB4CLNMVt8X65l","Hartoyo Adeeva Orlin","Hartoyo","Y29tbWVudDo4NDAwNjg0NjQ5NzY2NjFfMTk5MDIyNzIzNDczODUwNg==","Minggu, 29 September 2024

Rumah Semai Helly Seedling kembali menjadi tempat pilihan kegiatan mahasiswa POLINELA lampung prodi teknologi perbenihan dalam melakukan penelitian terkait mata kuliah management.  

Disinilah mereka akan menguras ilmu pengetahuan,  melakukan interaktif secara langsung kepada para karyawan sehingga mereka bisa menemukan atau menambah pengetahuan baru dalam dunia pertanian khususnya di dalam perbenihan

Kegiatan seperti ini sering dilakukan oleh mahasiswa untuk mendapatkan suatu informasi yang ingin di ketahui yakni dengan melakukan survey secara langsung.","pfbid0WSpzSFVYcrJKSSwVaKkSVkL6hJBMZn3L4zaUmtV1jtKhto36ovThB4CLNMVt8X65l","Hartoyo Adeeva Orlin","https://scontent-man2-1.xx.fbcdn.net/v/t39.30808-1/376769837_7252760278071582_7023959626220835255_n.jpg?stp=cp0_dst-jpg_s32x32&_nc_cat=107&ccb=1-7&_nc_sid=0ecb9b&_nc_ohc=KOQQOk9OXhIQ7kNvgG31p0v&_nc_ht=scontent-man2-1.xx&_nc_gid=AfpwQ9_P9QKuBwbhi71TkVr&oh=00_AYBN9OpPAMLvTwtYegLdslAXOkPy9mQPERt44gNDXXPs4A&oe=67050FFD","https://www.facebook.com/yoyox.comunty","Y29tbWVudDo4NDAwNjg0NjQ5NzY2NjFfMTk5MDIyNzIzNDczODUwNg==","Tuti Hartuti he he ampun suhu","2"
,,,,,,,,,,,,,,,,,,,,,,,,,,,,"https://www.facebook.com/reel/492290630257049/?comment_id=1029033968915350",,,,,,,,,,,,,,,,,,,,,,,,,,,,,,,,,,,,,"2024-09-18T14:22:06.000Z","831359079180933","https://www.facebook.com/100069205464353/posts/831359079180933","ZmVlZGJhY2s6ODMxMzU5MDc5MTgwOTMzXzEwMjkwMzM5Njg5MTUzNTA=","Y29tbWVudDo4MzEzNTkwNzkxODA5MzNfMTAyOTAzMzk2ODkxNTM1MA==","https://www.facebook.com/100069205464353/posts/831359079180933","0","233184383212138",,,,,,,,"Ready bibit SIOS dan bibit lainya kita jual kemasan dan bibit jadi/siap tanam.
Lokasi Metro Lampung 
Wa 082280717454. Helly Seedling · Original audio","pfbid0Ma7wqqndNmWGp1gyZkKhRGu7qZvgTgu4reKz32BJvVD7keE53Z8wHirz8rqvPdN4l","Alfa Risi","https://scontent.fccm1-1.fna.fbcdn.net/v/t39.30808-1/352509228_293786946318153_7165784542454929919_n.jpg?stp=cp0_dst-jpg_s32x32&_nc_cat=108&ccb=1-7&_nc_sid=0ecb9b&_nc_ohc=Usd7q5zUcusQ7kNvgFnUwPc&_nc_ht=scontent.fccm1-1.fna&_nc_gid=AlI2nydAEMKMXOTK9UdiMTC&oh=00_AYDDTNK63Bip41a5n3K5h5qPZjP8tTh7bAv5X0NhLySZSA&oe=6705255B","https://www.facebook.com/alfa0330",,"Berapa satu bungkus boos dan bibit or twis 42 ada boos","0"
,,,,,,,,,,,,,,,,,,,,,,,,,,,,"https://www.facebook.com/permalink.php?story_fbid=pfbid06pEvoXvsjwyo8uYjLVj83BSVQ4WV78UmR3xZeft8BQAN7uJW4wB3gJNoKm3YP3dxl&id=100069205464353&comment_id=1051745172840066&reply_comment_id=400969832868159",,,,,,,,,,,,,,,,,,,,,,,,,,,,,,,,,,,,,"2024-10-02T07:38:38.000Z","840789508237890","https://www.facebook.com/100069205464353/posts/840789508237890","ZmVlZGJhY2s6ODQwNzg5NTA4MjM3ODkwXzQwMDk2OTgzMjg2ODE1OQ==","Y29tbWVudDo4NDA3ODk1MDgyMzc4OTBfNDAwOTY5ODMyODY4MTU5","https://www.facebook.com/100069205464353/posts/840789508237890","0","355442210992705","false",,"User","pfbid037E9zhURCCAzZSwNAmNN6ALZK1yP9BHQfF2JNyxgbs1Mn1eCvzwVt6Ahrw43znqrel","Jumingin","Jumingin","Y29tbWVudDo4NDA3ODk1MDgyMzc4OTBfMTA1MTc0NTE3Mjg0MDA2Ng==","Helly Seedling. 324 likes · 181 talking about this. bibit sayuran🌱 semangka🍉 dll
Desa srisawahan deket wisata Bendungan Dam Raman.🏡wa :082280717454📲","100069205464353","Helly Seedling","https://scontent-atl3-1.xx.fbcdn.net/v/t39.30808-1/428336159_702155295434646_5059998008807722009_n.jpg?stp=cp6_dst-jpg_s32x32&_nc_cat=108&ccb=1-7&_nc_sid=50d2ac&_nc_ohc=dKgmUe6DZ5QQ7kNvgHYr68I&_nc_ht=scontent-atl3-1.xx&_nc_gid=AAhMEYtVCehlll-LFxU7pw4&oh=00_AYDWTADsh_GChdwU0QyRfVLjBrAMYyA2ZmxY86lYM4CyLQ&oe=6705268D","https://www.facebook.com/people/Helly-Seedling/100069205464353/","Y29tbWVudDo4NDA3ODk1MDgyMzc4OTBfMTA1MTc0NTE3Mjg0MDA2Ng==","Jumingin sandjng pertashop Srisawahan","1"
,,,,,,,,,,,,,,,,,,,,,,,,,,,,"https://www.facebook.com/reel/2217065178665399/?comment_id=1937103913462846",,,,,,,,,,,,,,,,,,,,,,,,,,,,,,,,,,,,,"2024-09-07T12:27:05.000Z","824075783242596","https://www.facebook.com/100069205464353/posts/824075783242596","ZmVlZGJhY2s6ODI0MDc1NzgzMjQyNTk2XzE5MzcxMDM5MTM0NjI4NDY=","Y29tbWVudDo4MjQwNzU3ODMyNDI1OTZfMTkzNzEwMzkxMzQ2Mjg0Ng==","https://www.facebook.com/100069205464353/posts/824075783242596","1","233184383212138",,,,,,,,"Tanaman tomat yg akan di tumpang sari dengan CMK kedepanya.

Tentunya dengan nutrisi dari organik 80% dan kimia 20%.
Pupuk organik yg kita pakai adalah KOHE KAMBING GILING.

Karna KOHE KAMBING GILING...","pfbid02WY4wuXBTuqptaXyVFxHMJhVubQ26RbMYRpG2bmZdDeoNXzo7hro8emnCBCCx6B4Rl","Musini Zahra","https://scontent.frao2-1.fna.fbcdn.net/v/t39.30808-1/320927620_698747565193764_5982949935490035105_n.jpg?stp=cp0_dst-jpg_s32x32&_nc_cat=105&ccb=1-7&_nc_sid=0ecb9b&_nc_ohc=glhz11812B8Q7kNvgGGqVUx&_nc_ht=scontent.frao2-1.fna&_nc_gid=AuNyN-aHxJ-7xj9_A1UF9kv&oh=00_AYBs3tyOKIK0PveIOlyzgkWdS0y0kbm5VJyzY9Pgsc_R2w&oe=67050B54","https://www.facebook.com/people/Musini-Zahra/pfbid02WY4wuXBTuqptaXyVFxHMJhVubQ26RbMYRpG2bmZdDeoNXzo7hro8emnCBCCx6B4Rl/",,"👍  pk bos,  cara bertani sukses","0"
,,,,,,,,,,,,,,,,,,,,,,,,,,,,"https://www.facebook.com/reel/2217065178665399/?comment_id=1037551650899382","https://www.facebook.com/reel/2217065178665399/?comment_id=1037551650899382&reply_comment_id=1052010579776936","1","2024-09-07T03:47:41.000Z","ZmVlZGJhY2s6ODI0MDc1NzgzMjQyNTk2XzEwNTIwMTA1Nzk3NzY5MzY=","Y29tbWVudDo4MjQwNzU3ODMyNDI1OTZfMTA1MjAxMDU3OTc3NjkzNg==","0","User","pfbid02fph9u5XvdQ94uXYDecHdhVDLsznkNmaZZwaZBqAZhAQ7VSg3ZKPoH2qb2gAZdgsYl","Hartono Wijaya","Hartono","Y29tbWVudDo4MjQwNzU3ODMyNDI1OTZfMTAzNzU1MTY1MDg5OTM4Mg==","100069205464353","Helly Seedling","https://scontent.frao2-1.fna.fbcdn.net/v/t39.30808-1/428336159_702155295434646_5059998008807722009_n.jpg?stp=cp6_dst-jpg_s32x32&_nc_cat=108&ccb=1-7&_nc_sid=50d2ac&_nc_ohc=dKgmUe6DZ5QQ7kNvgHK0hGo&_nc_ht=scontent.frao2-1.fna&_nc_gid=AuNyN-aHxJ-7xj9_A1UF9kv&oh=00_AYACvIA6MSFtvDqSGJSkmAq9fOVFAoewq0KeGGzpYNTv7Q&oe=6705268D","https://www.facebook.com/people/Helly-Seedling/100069205464353/","Y29tbWVudDo4MjQwNzU3ODMyNDI1OTZfMTAzNzU1MTY1MDg5OTM4Mg==","Hartono Wijaya metro Lampung","1","https://www.facebook.com/reel/2217065178665399/?comment_id=1037551650899382&reply_comment_id=1256914308812198","2024-09-07T04:37:49.000Z","ZmVlZGJhY2s6ODI0MDc1NzgzMjQyNTk2XzEyNTY5MTQzMDg4MTIxOTg=","Y29tbWVudDo4MjQwNzU3ODMyNDI1OTZfMTI1NjkxNDMwODgxMjE5OA==","0","User","pfbid02fph9u5XvdQ94uXYDecHdhVDLsznkNmaZZwaZBqAZhAQ7VSg3ZKPoH2qb2gAZdgsYl","Hartono Wijaya","Hartono","Y29tbWVudDo4MjQwNzU3ODMyNDI1OTZfMTAzNzU1MTY1MDg5OTM4Mg==","pfbid02fph9u5XvdQ94uXYDecHdhVDLsznkNmaZZwaZBqAZhAQ7VSg3ZKPoH2qb2gAZdgsYl","Hartono Wijaya","https://scontent.frao2-1.fna.fbcdn.net/v/t1.6435-1/132548671_103785054974148_5589194742787364738_n.jpg?stp=c0.106.640.640a_cp0_dst-jpg_s32x32&_nc_cat=111&ccb=1-7&_nc_sid=0ecb9b&_nc_ohc=c5A7ZCM33Q8Q7kNvgFKpN9L&_nc_ht=scontent.frao2-1.fna&_nc_gid=AuNyN-aHxJ-7xj9_A1UF9kv&oh=00_AYBZydGcNEwvOr1RGgipwlbcZ-XkuCiI9jH0t4w7mDjtvw&oe=6726A86C","https://www.facebook.com/hartono.wijaya.75641","Y29tbWVudDo4MjQwNzU3ODMyNDI1OTZfMTAzNzU1MTY1MDg5OTM4Mg==","Helly Seedling  pekalongan apa metro","2","2","2024-09-06T16:49:47.000Z","824075783242596","https://www.facebook.com/100069205464353/posts/824075783242596","ZmVlZGJhY2s6ODI0MDc1NzgzMjQyNTk2XzEwMzc1NTE2NTA4OTkzODI=","Y29tbWVudDo4MjQwNzU3ODMyNDI1OTZfMTAzNzU1MTY1MDg5OTM4Mg==","https://www.facebook.com/100069205464353/posts/824075783242596","1","233184383212138",,,,,,,,"Tanaman tomat yg akan di tumpang sari dengan CMK kedepanya.

Tentunya dengan nutrisi dari organik 80% dan kimia 20%.
Pupuk organik yg kita pakai adalah KOHE KAMBING GILING.

Karna KOHE KAMBING GILING...","pfbid02fph9u5XvdQ94uXYDecHdhVDLsznkNmaZZwaZBqAZhAQ7VSg3ZKPoH2qb2gAZdgsYl","Hartono Wijaya","https://scontent.frao2-1.fna.fbcdn.net/v/t1.6435-1/132548671_103785054974148_5589194742787364738_n.jpg?stp=c0.106.640.640a_cp0_dst-jpg_s32x32&_nc_cat=111&ccb=1-7&_nc_sid=0ecb9b&_nc_ohc=c5A7ZCM33Q8Q7kNvgFKpN9L&_nc_ht=scontent.frao2-1.fna&_nc_gid=AuNyN-aHxJ-7xj9_A1UF9kv&oh=00_AYBZydGcNEwvOr1RGgipwlbcZ-XkuCiI9jH0t4w7mDjtvw&oe=6726A86C","https://www.facebook.com/hartono.wijaya.75641",,"Lokasi","0"
,,,,,,,,,,,,,,,,,,,,,,,,,,,,"https://www.facebook.com/reel/446274737864156/?comment_id=1272108060618375&reply_comment_id=1317338622588675",,,,,,,,,,,,,,,,,,,,,,,,,,,,,,,,,,,,,"2024-09-30T00:19:11.000Z","839342851715889","https://www.facebook.com/100069205464353/posts/839342851715889","ZmVlZGJhY2s6ODM5MzQyODUxNzE1ODg5XzEzMTczMzg2MjI1ODg2NzU=","Y29tbWVudDo4MzkzNDI4NTE3MTU4ODlfMTMxNzMzODYyMjU4ODY3NQ==","https://www.facebook.com/100069205464353/posts/839342851715889","0","233184383212138",,,"User","pfbid02sH21VuayuHyaGibXFMmRDsYUKwVmNynj5RQYPSuAByRR9HsT2VcfAxsJ5fmC8Yzkl","Sunar Tani","Sunar","Y29tbWVudDo4MzkzNDI4NTE3MTU4ODlfMTI3MjEwODA2MDYxODM3NQ==","Kohe kambing giling murni bos....
Lokasi Metro Lampung 
Wa 082280717454. Helly Seedling · Original audio","100069205464353","Helly Seedling","https://scontent-lga3-1.xx.fbcdn.net/v/t39.30808-1/428336159_702155295434646_5059998008807722009_n.jpg?stp=cp6_dst-jpg_s32x32&_nc_cat=108&ccb=1-7&_nc_sid=50d2ac&_nc_ohc=dKgmUe6DZ5QQ7kNvgEQ8Mee&_nc_ht=scontent-lga3-1.xx&_nc_gid=Ag9vulRXHrCr_Bbt0ET8K4M&oh=00_AYAnAMYW_Z473qogMgazetIsYxjnsdZdNuy8lXl0jzuvng&oe=6705268D","https://www.facebook.com/people/Helly-Seedling/100069205464353/","Y29tbWVudDo4MzkzNDI4NTE3MTU4ODlfMTI3MjEwODA2MDYxODM3NQ==","Sunar Tani wa bos 082280717454","1"
,,,,,,,,,,,,,,,,,,,,,,,,,,,,"https://www.facebook.com/reel/446274737864156/?comment_id=540330771850978&reply_comment_id=1065945725327017",,,,,,,,,,,,,,,,,,,,,,,,,,,,,,,,,,,,,"2024-10-02T02:49:58.000Z","839342851715889","https://www.facebook.com/100069205464353/posts/839342851715889","ZmVlZGJhY2s6ODM5MzQyODUxNzE1ODg5XzEwNjU5NDU3MjUzMjcwMTc=","Y29tbWVudDo4MzkzNDI4NTE3MTU4ODlfMTA2NTk0NTcyNTMyNzAxNw==","https://www.facebook.com/100069205464353/posts/839342851715889","0","233184383212138",,,"User","pfbid02aAQcd6SVngfh3svRmztu1KmzFC46PHGaxnJqNmdC1p6k5zmbY4MRgPS99zoi1pysl","Sugiyanti","Sugiyanti","Y29tbWVudDo4MzkzNDI4NTE3MTU4ODlfNTQwMzMwNzcxODUwOTc4","Kohe kambing giling murni bos....
Lokasi Metro Lampung 
Wa 082280717454. Helly Seedling · Original audio","100069205464353","Helly Seedling","https://scontent-gru1-2.xx.fbcdn.net/v/t39.30808-1/428336159_702155295434646_5059998008807722009_n.jpg?stp=cp6_dst-jpg_s32x32&_nc_cat=108&ccb=1-7&_nc_sid=50d2ac&_nc_ohc=dKgmUe6DZ5QQ7kNvgFAkDOK&_nc_ht=scontent-gru1-2.xx&_nc_gid=Ay7_IRD5rmBQzgVMoJlX1gJ&oh=00_AYAi-n0-AQ9LANFv-68Taf6wNBYY1Z3zC7LJhmZd8WigUQ&oe=6705268D","https://www.facebook.com/people/Helly-Seedling/100069205464353/","Y29tbWVudDo4MzkzNDI4NTE3MTU4ODlfNTQwMzMwNzcxODUwOTc4","Sugiyanti ga fermentasi brani bos kalo kohe kambing","1"
,,,,,,,,,,,,,,,,,,,,,,,,,,,,"https://www.facebook.com/reel/446274737864156/?comment_id=1234024627795552&reply_comment_id=885878696382000",,,,,,,,,,,,,,,,,,,,,,,,,,,,,,,,,,,,,"2024-09-28T04:12:27.000Z","839342851715889","https://www.facebook.com/100069205464353/posts/839342851715889","ZmVlZGJhY2s6ODM5MzQyODUxNzE1ODg5Xzg4NTg3ODY5NjM4MjAwMA==","Y29tbWVudDo4MzkzNDI4NTE3MTU4ODlfODg1ODc4Njk2MzgyMDAw","https://www.facebook.com/100069205464353/posts/839342851715889","0","233184383212138",,,"User","pfbid02wfUfS87s1B4PE5BhCmJgwrkeBURrwSavTDWZfQruouboSRERXuX3VC7BmFEcYCK9l","Rohman Hardjo Sentono","Rohman","Y29tbWVudDo4MzkzNDI4NTE3MTU4ODlfMTIzNDAyNDYyNzc5NTU1Mg==","Kohe kambing giling murni bos....
Lokasi Metro Lampung 
Wa 082280717454. Helly Seedling · Original audio","100069205464353","Helly Seedling","https://scontent-atl3-1.xx.fbcdn.net/v/t39.30808-1/428336159_702155295434646_5059998008807722009_n.jpg?stp=cp6_dst-jpg_s32x32&_nc_cat=108&ccb=1-7&_nc_sid=50d2ac&_nc_ohc=dKgmUe6DZ5QQ7kNvgFJiu9V&_nc_ht=scontent-atl3-1.xx&_nc_gid=AhTwpTooi4Y4hqtOmkobF10&oh=00_AYDvq-zEXV1-Q7lV0xANx8PXHvdlvInWuYMJzs8cQXJomQ&oe=6705268D","https://www.facebook.com/people/Helly-Seedling/100069205464353/","Y29tbWVudDo4MzkzNDI4NTE3MTU4ODlfMTIzNDAyNDYyNzc5NTU1Mg==","Rohman Hardjo Sentono wa mawon pak 082280717454","1"
,,,,,,,,,,,,,,,,,,,,,,,,,,,,"https://www.facebook.com/permalink.php?story_fbid=pfbid023X83ReF7fT1pyTKKUG7cgEojjSzww2jfQnK9LeWpxAstCK7zCipojeWdizyAFDa3l&id=100069205464353&comment_id=546353744481512&reply_comment_id=396388020162839",,,,,,,,,,,,,,,,,,,,,,,,,,,,,,,,,,,,,"2024-09-14T01:05:16.000Z","828565746126933","https://www.facebook.com/100069205464353/posts/828565746126933","ZmVlZGJhY2s6ODI4NTY1NzQ2MTI2OTMzXzM5NjM4ODAyMDE2MjgzOQ==","Y29tbWVudDo4Mjg1NjU3NDYxMjY5MzNfMzk2Mzg4MDIwMTYyODM5","https://www.facebook.com/100069205464353/posts/828565746126933","0","233184383212138","false",,"User","100007578522755","Renzy Bintangasia","Renzy","Y29tbWVudDo4Mjg1NjU3NDYxMjY5MzNfNTQ2MzUzNzQ0NDgxNTEy","Assalamualaikum 
Izin post.
Bibit semangka siap tanam bulat. MADRID F1
Lokasi Metro Lampung 
Wa link bawah
https://wa.me/message/SC6PXLSBRXS5B1","100069205464353","Helly Seedling","https://scontent.fluk1-1.fna.fbcdn.net/v/t39.30808-1/428336159_702155295434646_5059998008807722009_n.jpg?stp=cp6_dst-jpg_s32x32&_nc_cat=108&ccb=1-7&_nc_sid=50d2ac&_nc_ohc=dKgmUe6DZ5QQ7kNvgFatvDo&_nc_ht=scontent.fluk1-1.fna&_nc_gid=Ah2z1zk1OBSkEKU9q28l90W&oh=00_AYCL4cdx7u1AbZ_k64U6J3bdTfuB0LjSlFXRboRigPyBSg&oe=6705268D","https://www.facebook.com/people/Helly-Seedling/100069205464353/","Y29tbWVudDo4Mjg1NjU3NDYxMjY5MzNfNTQ2MzUzNzQ0NDgxNTEy","Renzy Bintangasia jos","1"
,,,,,,,,,,,,,,,,,,,,,,,,,,,,"https://www.facebook.com/reel/2217065178665399/?comment_id=1037551650899382&reply_comment_id=1052010579776936",,,,,,,,,,,,,,,,,,,,,,,,,,,,,,,,,,,,"1","2024-09-07T03:47:41.000Z","824075783242596","https://www.facebook.com/100069205464353/posts/824075783242596","ZmVlZGJhY2s6ODI0MDc1NzgzMjQyNTk2XzEwNTIwMTA1Nzk3NzY5MzY=","Y29tbWVudDo4MjQwNzU3ODMyNDI1OTZfMTA1MjAxMDU3OTc3NjkzNg==","https://www.facebook.com/100069205464353/posts/824075783242596","0","233184383212138",,,"User","pfbid02fph9u5XvdQ94uXYDecHdhVDLsznkNmaZZwaZBqAZhAQ7VSg3ZKPoH2qb2gAZdgsYl","Hartono Wijaya","Hartono","Y29tbWVudDo4MjQwNzU3ODMyNDI1OTZfMTAzNzU1MTY1MDg5OTM4Mg==","Tanaman tomat yg akan di tumpang sari dengan CMK kedepanya.

Tentunya dengan nutrisi dari organik 80% dan kimia 20%.
Pupuk organik yg kita pakai adalah KOHE KAMBING GILING.

Karna KOHE KAMBING GILING...","100069205464353","Helly Seedling","https://scontent-ord5-1.xx.fbcdn.net/v/t39.30808-1/428336159_702155295434646_5059998008807722009_n.jpg?stp=cp6_dst-jpg_s32x32&_nc_cat=108&ccb=1-7&_nc_sid=50d2ac&_nc_ohc=dKgmUe6DZ5QQ7kNvgFL1Hl9&_nc_ht=scontent-ord5-1.xx&_nc_gid=An2QQGzpc5_q88jNUiaySN4&oh=00_AYDAYUAGxpy0d2mhHEJuPXx4Axr0qwCvCaf4_NHRnCszew&oe=6705268D","https://www.facebook.com/people/Helly-Seedling/100069205464353/","Y29tbWVudDo4MjQwNzU3ODMyNDI1OTZfMTAzNzU1MTY1MDg5OTM4Mg==","Hartono Wijaya metro Lampung","1"
,,,,,,,,,,,,,,,,,,,,,,,,,,,,"https://www.facebook.com/reel/2217065178665399/?comment_id=1037551650899382&reply_comment_id=1256914308812198",,,,,,,,,,,,,,,,,,,,,,,,,,,,,,,,,,,,,"2024-09-07T04:37:49.000Z","824075783242596","https://www.facebook.com/100069205464353/posts/824075783242596","ZmVlZGJhY2s6ODI0MDc1NzgzMjQyNTk2XzEyNTY5MTQzMDg4MTIxOTg=","Y29tbWVudDo4MjQwNzU3ODMyNDI1OTZfMTI1NjkxNDMwODgxMjE5OA==","https://www.facebook.com/100069205464353/posts/824075783242596","0","233184383212138",,,"User","pfbid02fph9u5XvdQ94uXYDecHdhVDLsznkNmaZZwaZBqAZhAQ7VSg3ZKPoH2qb2gAZdgsYl","Hartono Wijaya","Hartono","Y29tbWVudDo4MjQwNzU3ODMyNDI1OTZfMTAzNzU1MTY1MDg5OTM4Mg==","Tanaman tomat yg akan di tumpang sari dengan CMK kedepanya.

Tentunya dengan nutrisi dari organik 80% dan kimia 20%.
Pupuk organik yg kita pakai adalah KOHE KAMBING GILING.

Karna KOHE KAMBING GILING...","pfbid02fph9u5XvdQ94uXYDecHdhVDLsznkNmaZZwaZBqAZhAQ7VSg3ZKPoH2qb2gAZdgsYl","Hartono Wijaya","https://scontent-ord5-1.xx.fbcdn.net/v/t1.6435-1/132548671_103785054974148_5589194742787364738_n.jpg?stp=c0.106.640.640a_cp0_dst-jpg_s32x32&_nc_cat=111&ccb=1-7&_nc_sid=0ecb9b&_nc_ohc=c5A7ZCM33Q8Q7kNvgEAsEsh&_nc_ht=scontent-ord5-1.xx&_nc_gid=An2QQGzpc5_q88jNUiaySN4&oh=00_AYBqAI1weC9ct2xo2pIBI9wTzdUYXhIlepkWOPPU6Dz1kQ&oe=6726A86C","https://www.facebook.com/hartono.wijaya.75641","Y29tbWVudDo4MjQwNzU3ODMyNDI1OTZfMTAzNzU1MTY1MDg5OTM4Mg==","Helly Seedling  pekalongan apa metro","2"
,,,,,,,,,,,,,,,,,,,,,,,,,,,,"https://www.facebook.com/reel/502471772709730/?comment_id=1204733980812093",,,,,,,,,,,,,,,,,,,,,,,,,,,,,,,,,,,,"2","2024-10-03T09:51:53.000Z","843209521329222","https://www.facebook.com/100069205464353/posts/843209521329222","ZmVlZGJhY2s6ODQzMjA5NTIxMzI5MjIyXzEyMDQ3MzM5ODA4MTIwOTM=","Y29tbWVudDo4NDMyMDk1MjEzMjkyMjJfMTIwNDczMzk4MDgxMjA5Mw==","https://www.facebook.com/100069205464353/posts/843209521329222","2","233184383212138",,,,,,,,"02 Oktober 2024.

OKREEEEEEE!!!
Helly Seedling kembali menjadi tempat pertemuan bagi rekan rekan sepesial yaitu pak Sugito Semangko yg menjadi salah satu petani semangka sukses dari Bangko Jambi, ada...","pfbid0chjU4UqXkb3X1s7yUCLVdmToFuibcatUv7WhGZHoRj4RpWSXZaPbGVsf4HJqU6RKl","Sugito Semangko","https://scontent-atl3-1.xx.fbcdn.net/v/t1.6435-1/171039543_100851735477673_9187325491285823412_n.jpg?stp=cp0_dst-jpg_s32x32&_nc_cat=103&ccb=1-7&_nc_sid=0ecb9b&_nc_ohc=aJHq_LqttaMQ7kNvgGr4fB1&_nc_ht=scontent-atl3-1.xx&_nc_gid=AwYlvUbPDTrgdvrq3HEpIT7&oh=00_AYApSVdCxjBdAH7rOzGUijFx9V5dd2jiokszx5f44z0YMg&oe=6726ACFD","https://www.facebook.com/sugito.semangko.9",,"Siap di perintah boss","0"
,,,,,,,,,,,,,,,,,,,,,,,,,,,,"https://www.facebook.com/reel/502471772709730/?comment_id=556937860346153",,,,,,,,,,,,,,,,,,,,,,,,,,,,,,,,,,,,,"2024-10-03T09:53:24.000Z","843209521329222","https://www.facebook.com/100069205464353/posts/843209521329222","ZmVlZGJhY2s6ODQzMjA5NTIxMzI5MjIyXzU1NjkzNzg2MDM0NjE1Mw==","Y29tbWVudDo4NDMyMDk1MjEzMjkyMjJfNTU2OTM3ODYwMzQ2MTUz","https://www.facebook.com/100069205464353/posts/843209521329222","3","233184383212138",,,,,,,,"02 Oktober 2024.

OKREEEEEEE!!!
Helly Seedling kembali menjadi tempat pertemuan bagi rekan rekan sepesial yaitu pak Sugito Semangko yg menjadi salah satu petani semangka sukses dari Bangko Jambi, ada...","100000502823202","Hely Sumanto","https://scontent-atl3-1.xx.fbcdn.net/v/t39.30808-1/316542824_6358799140813450_4293880377762150428_n.jpg?stp=c6.0.512.512a_cp0_dst-jpg_s32x32&_nc_cat=107&ccb=1-7&_nc_sid=50d2ac&_nc_ohc=rmViTpTBvG4Q7kNvgEDD2kY&_nc_ht=scontent-atl3-1.xx&_nc_gid=AwYlvUbPDTrgdvrq3HEpIT7&oh=00_AYBruVliDEJt3OAZbGBwxLxzh6ZWCtHP61N9p2vgaYi0RQ&oe=67052E7C","https://www.facebook.com/hely.sumanto",,"Sangat beruntung bisa kedatangan tamu luar biasa pak Sugito Semangko yang selama ini hanya bisa liat kesuksesan beliau lewat fb","0"
,,,,,,,,,,,,,,,,,,,,,,,,,,,,"https://www.facebook.com/reel/502471772709730/?comment_id=3405598179734979",,,,,,,,,,,,,,,,,,,,,,,,,,,,,,,,,,,,"1","2024-10-03T09:36:55.000Z","843209521329222","https://www.facebook.com/100069205464353/posts/843209521329222","ZmVlZGJhY2s6ODQzMjA5NTIxMzI5MjIyXzM0MDU1OTgxNzk3MzQ5Nzk=","Y29tbWVudDo4NDMyMDk1MjEzMjkyMjJfMzQwNTU5ODE3OTczNDk3OQ==","https://www.facebook.com/100069205464353/posts/843209521329222","1","233184383212138",,,,,,,,"02 Oktober 2024.

OKREEEEEEE!!!
Helly Seedling kembali menjadi tempat pertemuan bagi rekan rekan sepesial yaitu pak Sugito Semangko yg menjadi salah satu petani semangka sukses dari Bangko Jambi, ada...","100001408872342","Febri Arianto","https://scontent-atl3-2.xx.fbcdn.net/v/t39.30808-1/402943207_7015531545170405_560873927845988234_n.jpg?stp=cp0_dst-jpg_s32x32&_nc_cat=102&ccb=1-7&_nc_sid=50d2ac&_nc_ohc=elHUoIcKgT0Q7kNvgG8pH9d&_nc_ht=scontent-atl3-2.xx&_nc_gid=AwYlvUbPDTrgdvrq3HEpIT7&oh=00_AYCO8CFNvjKcPvFo5BK65qaWq97JQj-iZDFa2DTH4zlfYQ&oe=6705077E","https://www.facebook.com/febri.dgunshereikan",,"Panggah okree","0"
,,,,,,,,,,,,,,,,,,,,,,,,,,,,"https://www.facebook.com/reel/502471772709730/?comment_id=1077387143743227",,,,,,,,,,,,,,,,,,,,,,,,,,,,,,,,,,,,"5","2024-10-03T09:57:33.000Z","843209521329222","https://www.facebook.com/100069205464353/posts/843209521329222","ZmVlZGJhY2s6ODQzMjA5NTIxMzI5MjIyXzEwNzczODcxNDM3NDMyMjc=","Y29tbWVudDo4NDMyMDk1MjEzMjkyMjJfMTA3NzM4NzE0Mzc0MzIyNw==","https://www.facebook.com/100069205464353/posts/843209521329222","1","233184383212138",,,,,,,,"02 Oktober 2024.

OKREEEEEEE!!!
Helly Seedling kembali menjadi tempat pertemuan bagi rekan rekan sepesial yaitu pak Sugito Semangko yg menjadi salah satu petani semangka sukses dari Bangko Jambi, ada...","1749717881","Budi Kartika","https://scontent-atl3-2.xx.fbcdn.net/v/t1.6435-1/46516739_10205017446033064_7747677507955982336_n.jpg?stp=cp0_dst-jpg_s32x32&_nc_cat=111&ccb=1-7&_nc_sid=db5862&_nc_ohc=Hisc6NWGVaYQ7kNvgGUKEqC&_nc_ht=scontent-atl3-2.xx&_nc_gid=AwYlvUbPDTrgdvrq3HEpIT7&oh=00_AYB-m6KWOXCertYMKpL9kfOxiXAw5mMAL5KTSqhwbLzclA&oe=6726C7E5","https://www.facebook.com/BeKa260800",,"Subhanallah","0"
,,,,,,,,,,,,,,,,,,,,,,,,,,,,"https://www.facebook.com/reel/502471772709730/?comment_id=866841048846885",,,,,,,,,,,,,,,,,,,,,,,,,,,,,,,,,,,,"1","2024-10-03T12:09:51.000Z","843209521329222","https://www.facebook.com/100069205464353/posts/843209521329222","ZmVlZGJhY2s6ODQzMjA5NTIxMzI5MjIyXzg2Njg0MTA0ODg0Njg4NQ==","Y29tbWVudDo4NDMyMDk1MjEzMjkyMjJfODY2ODQxMDQ4ODQ2ODg1","https://www.facebook.com/100069205464353/posts/843209521329222","0","233184383212138",,,,,,,,"02 Oktober 2024.

OKREEEEEEE!!!
Helly Seedling kembali menjadi tempat pertemuan bagi rekan rekan sepesial yaitu pak Sugito Semangko yg menjadi salah satu petani semangka sukses dari Bangko Jambi, ada...","pfbid02SNAhZNoZjKtVCFQEDEd7RwfMQTnMMDWwftwp1fn7ME9otpveY6PH4CzZWFoo7yWxl","Sur Yadi","https://scontent-atl3-1.xx.fbcdn.net/v/t39.30808-1/432016053_7689902024355141_3455348319695563664_n.jpg?stp=cp0_dst-jpg_s32x32&_nc_cat=109&ccb=1-7&_nc_sid=0ecb9b&_nc_ohc=EspoK566lJYQ7kNvgGrldNK&_nc_ht=scontent-atl3-1.xx&_nc_gid=AwYlvUbPDTrgdvrq3HEpIT7&oh=00_AYBaSzT7Gw723ydXmsHv2-k2RCQSYkxX_FEI5U_2tF9bRA&oe=67051641","https://www.facebook.com/sur.yadi.1238",,"Alhamdulillah... Mantap jiwa dan sukses selalu boskuu... Indahnya kebersamaan berkah barokah ya bosku.... 🙏 Aamiin YRA 🤲🙏","0"
,,,,,,,,,,,,,,,,,,,,,,,,,,,,"https://www.facebook.com/reel/502471772709730/?comment_id=1048470026582461",,,,,,,,,,,,,,,,,,,,,,,,,,,,,,,,,,,,"1","2024-10-03T11:28:11.000Z","843209521329222","https://www.facebook.com/100069205464353/posts/843209521329222","ZmVlZGJhY2s6ODQzMjA5NTIxMzI5MjIyXzEwNDg0NzAwMjY1ODI0NjE=","Y29tbWVudDo4NDMyMDk1MjEzMjkyMjJfMTA0ODQ3MDAyNjU4MjQ2MQ==","https://www.facebook.com/100069205464353/posts/843209521329222","1","233184383212138",,,,,,,,"02 Oktober 2024.

OKREEEEEEE!!!
Helly Seedling kembali menjadi tempat pertemuan bagi rekan rekan sepesial yaitu pak Sugito Semangko yg menjadi salah satu petani semangka sukses dari Bangko Jambi, ada...","pfbid029c68efYi9vMcAegqbYyi8Yo8njMot37ujudcZz7t9p21dBEcw6LwmdtJwCt9hM4vl","Gareng","https://scontent-atl3-1.xx.fbcdn.net/v/t39.30808-1/461782098_997787618821659_6745963518217510128_n.jpg?stp=cp0_dst-jpg_s32x32&_nc_cat=103&ccb=1-7&_nc_sid=0ecb9b&_nc_ohc=YA8bUq4vGJkQ7kNvgFH6YfG&_nc_ht=scontent-atl3-1.xx&_nc_gid=AwYlvUbPDTrgdvrq3HEpIT7&oh=00_AYDxTG-S9kP9IZTYT6NZCJizR0nW3VwR_CAEGPn6LF7O4A&oe=67052B26","https://www.facebook.com/people/Gareng/pfbid029c68efYi9vMcAegqbYyi8Yo8njMot37ujudcZz7t9p21dBEcw6LwmdtJwCt9hM4vl/",,"Keren boss hely","0"
,,,,,,,,,,,,,,,,,,,,,,,,,,,,"https://www.facebook.com/reel/502471772709730/?comment_id=522391884065154",,,,,,,,,,,,,,,,,,,,,,,,,,,,,,,,,,,,"1","2024-10-03T11:58:31.000Z","843209521329222","https://www.facebook.com/100069205464353/posts/843209521329222","ZmVlZGJhY2s6ODQzMjA5NTIxMzI5MjIyXzUyMjM5MTg4NDA2NTE1NA==","Y29tbWVudDo4NDMyMDk1MjEzMjkyMjJfNTIyMzkxODg0MDY1MTU0","https://www.facebook.com/100069205464353/posts/843209521329222","0","233184383212138",,,,,,,,"02 Oktober 2024.

OKREEEEEEE!!!
Helly Seedling kembali menjadi tempat pertemuan bagi rekan rekan sepesial yaitu pak Sugito Semangko yg menjadi salah satu petani semangka sukses dari Bangko Jambi, ada...","pfbid0vVLAbeRZHphb4RFqxdsUPxjhkEzPBjvKoF1DTsAVxVGa8TUrmCJ6RLnPqPZPXQvTl","Tatang Ikromi","https://scontent-atl3-2.xx.fbcdn.net/v/t39.30808-1/447678154_3811519989130478_1207626932858049594_n.jpg?stp=cp0_dst-jpg_s32x32&_nc_cat=104&ccb=1-7&_nc_sid=0ecb9b&_nc_ohc=D3MmDcRx7tkQ7kNvgGE2v_J&_nc_ht=scontent-atl3-2.xx&_nc_gid=AwYlvUbPDTrgdvrq3HEpIT7&oh=00_AYA9kBPJLx-UMQUZoXXMRRuUr-aMTqZV1P_ooxk7j44uFA&oe=670526CE",,,"Helly Seedling Hely Sumanto aku intuk nomer urut piro iki 😁","0"
,,,,,,,,,,,,,,,,,,,,,,,,,,,,"https://www.facebook.com/reel/502471772709730/?comment_id=1592381931313910",,,,,,,,,,,,,,,,,,,,,,,,,,,,,,,,,,,,,"2024-10-03T13:30:19.000Z","843209521329222","https://www.facebook.com/100069205464353/posts/843209521329222","ZmVlZGJhY2s6ODQzMjA5NTIxMzI5MjIyXzE1OTIzODE5MzEzMTM5MTA=","Y29tbWVudDo4NDMyMDk1MjEzMjkyMjJfMTU5MjM4MTkzMTMxMzkxMA==","https://www.facebook.com/100069205464353/posts/843209521329222","0","233184383212138",,,,,,,,"02 Oktober 2024.

OKREEEEEEE!!!
Helly Seedling kembali menjadi tempat pertemuan bagi rekan rekan sepesial yaitu pak Sugito Semangko yg menjadi salah satu petani semangka sukses dari Bangko Jambi, ada...","pfbid0zsFCVKTmRzsB4hsYaVAxUwrLd12AcaF4Pa4ANnhULHhx5q6Vjnokan37qacYxTnil","Imam Semangka","https://scontent-atl3-2.xx.fbcdn.net/v/t39.30808-1/448710582_122108008040363041_238006994187149039_n.jpg?stp=cp0_dst-jpg_s32x32&_nc_cat=101&ccb=1-7&_nc_sid=0ecb9b&_nc_ohc=HiHk0X1Ip2sQ7kNvgGCSR5T&_nc_ht=scontent-atl3-2.xx&_nc_gid=AwYlvUbPDTrgdvrq3HEpIT7&oh=00_AYAZGu-WOvtWYqBYXCumkm76-rzl3bHLGYYK5ch56HS3yQ&oe=6705189C","https://www.facebook.com/people/Imam-Semangka/pfbid0zsFCVKTmRzsB4hsYaVAxUwrLd12AcaF4Pa4ANnhULHhx5q6Vjnokan37qacYxTnil/",,"Urong balek Jambi pak gito","0"
,,,,,,,,,,,,,,,,,,,,,,,,,,,,"https://www.facebook.com/reel/502471772709730/?comment_id=1080219413445935",,,,,,,,,,,,,,,,,,,,,,,,,,,,,,,,,,,,,"2024-10-03T12:06:29.000Z","843209521329222","https://www.facebook.com/100069205464353/posts/843209521329222","ZmVlZGJhY2s6ODQzMjA5NTIxMzI5MjIyXzEwODAyMTk0MTM0NDU5MzU=","Y29tbWVudDo4NDMyMDk1MjEzMjkyMjJfMTA4MDIxOTQxMzQ0NTkzNQ==","https://www.facebook.com/100069205464353/posts/843209521329222","0","233184383212138",,,,,,,,"02 Oktober 2024.

OKREEEEEEE!!!
Helly Seedling kembali menjadi tempat pertemuan bagi rekan rekan sepesial yaitu pak Sugito Semangko yg menjadi salah satu petani semangka sukses dari Bangko Jambi, ada...","100003735069915","Aan Wahyudi","https://scontent-atl3-1.xx.fbcdn.net/v/t39.30808-1/242069534_2431110310356781_4538726338126551891_n.jpg?stp=c0.19.581.581a_cp0_dst-jpg_s32x32&_nc_cat=103&ccb=1-7&_nc_sid=50d2ac&_nc_ohc=Tadd-bohxi8Q7kNvgHVzVMx&_nc_ht=scontent-atl3-1.xx&_nc_gid=AwYlvUbPDTrgdvrq3HEpIT7&oh=00_AYA658Z8opDTv_mjXmeCEH45ITG_FxioKVmYUZgk9AjD_A&oe=67052AD7","https://www.facebook.com/syafa.azahra.52",,"Mugi2 tambah sukses bos","0"
,,,,,,,,,,,,,,,,,,,,,,,,,,,,"https://www.facebook.com/reel/502471772709730/?comment_id=874068081353550",,,,,,,,,,,,,,,,,,,,,,,,,,,,,,,,,,,,,"2024-10-03T13:27:10.000Z","843209521329222","https://www.facebook.com/100069205464353/posts/843209521329222","ZmVlZGJhY2s6ODQzMjA5NTIxMzI5MjIyXzg3NDA2ODA4MTM1MzU1MA==","Y29tbWVudDo4NDMyMDk1MjEzMjkyMjJfODc0MDY4MDgxMzUzNTUw","https://www.facebook.com/100069205464353/posts/843209521329222","0","233184383212138",,,,,,,,"02 Oktober 2024.

OKREEEEEEE!!!
Helly Seedling kembali menjadi tempat pertemuan bagi rekan rekan sepesial yaitu pak Sugito Semangko yg menjadi salah satu petani semangka sukses dari Bangko Jambi, ada...","pfbid0qcFyoZnpoJwYtKB9y71GeUHeZvfd7iVSMcTPHEFzxCHWrHQ6VMcjDZ4KuJpdtJnPl","Agus Ariyanto","https://scontent-atl3-2.xx.fbcdn.net/v/t39.30808-1/458613312_891935826176002_3569332745424087124_n.jpg?stp=cp0_dst-jpg_s32x32&_nc_cat=101&ccb=1-7&_nc_sid=0ecb9b&_nc_ohc=O9IC8MRgsh0Q7kNvgHQe-4o&_nc_ht=scontent-atl3-2.xx&_nc_gid=AwYlvUbPDTrgdvrq3HEpIT7&oh=00_AYCe-GIwwdvSK9Bzp5Y3fBErDGsoQ7hUW-hhDx79lSmIKw&oe=670519EC","https://www.facebook.com/people/Agus-Ariyanto/pfbid0qcFyoZnpoJwYtKB9y71GeUHeZvfd7iVSMcTPHEFzxCHWrHQ6VMcjDZ4KuJpdtJnPl/",,"Wes pokoke ngopa ngopi ae","0"
,,,,,,,,,,,,,,,,,,,,,,,,,,,,"https://www.facebook.com/reel/502471772709730/?comment_id=1204733980812093&reply_comment_id=381867348195154",,,,,,,,,,,,,,,,,,,,,,,,,,,,,,,,,,,,"1","2024-10-03T10:13:17.000Z","843209521329222","https://www.facebook.com/100069205464353/posts/843209521329222","ZmVlZGJhY2s6ODQzMjA5NTIxMzI5MjIyXzM4MTg2NzM0ODE5NTE1NA==","Y29tbWVudDo4NDMyMDk1MjEzMjkyMjJfMzgxODY3MzQ4MTk1MTU0","https://www.facebook.com/100069205464353/posts/843209521329222","1","233184383212138",,,"User","pfbid0chjU4UqXkb3X1s7yUCLVdmToFuibcatUv7WhGZHoRj4RpWSXZaPbGVsf4HJqU6RKl","Sugito Semangko","Sugito","Y29tbWVudDo4NDMyMDk1MjEzMjkyMjJfMTIwNDczMzk4MDgxMjA5Mw==","02 Oktober 2024.

OKREEEEEEE!!!
Helly Seedling kembali menjadi tempat pertemuan bagi rekan rekan sepesial yaitu pak Sugito Semangko yg menjadi salah satu petani semangka sukses dari Bangko Jambi, ada...","100000502823202","Hely Sumanto","https://scontent-ord5-2.xx.fbcdn.net/v/t39.30808-1/316542824_6358799140813450_4293880377762150428_n.jpg?stp=c6.0.512.512a_cp0_dst-jpg_s32x32&_nc_cat=107&ccb=1-7&_nc_sid=50d2ac&_nc_ohc=rmViTpTBvG4Q7kNvgG7lFRS&_nc_ht=scontent-ord5-2.xx&_nc_gid=AETWGu8oysskk6GiKCQ2-Bz&oh=00_AYC8t-Ke5p9YHgMceLY599NNtMORvjbWRjutw5AEnRaMbg&oe=67052E7C","https://www.facebook.com/hely.sumanto","Y29tbWVudDo4NDMyMDk1MjEzMjkyMjJfMTIwNDczMzk4MDgxMjA5Mw==","Sugito Semangko sanes wedal saget kepanggeh maleh komandan","1"
,,,,,,,,,,,,,,,,,,,,,,,,,,,,"https://www.facebook.com/reel/502471772709730/?comment_id=1204733980812093&reply_comment_id=544107161508287",,,,,,,,,,,,,,,,,,,,,,,,,,,,,,,,,,,,,"2024-10-03T13:35:50.000Z","843209521329222","https://www.facebook.com/100069205464353/posts/843209521329222","ZmVlZGJhY2s6ODQzMjA5NTIxMzI5MjIyXzU0NDEwNzE2MTUwODI4Nw==","Y29tbWVudDo4NDMyMDk1MjEzMjkyMjJfNTQ0MTA3MTYxNTA4Mjg3","https://www.facebook.com/100069205464353/posts/843209521329222","0","233184383212138",,,"User","pfbid0chjU4UqXkb3X1s7yUCLVdmToFuibcatUv7WhGZHoRj4RpWSXZaPbGVsf4HJqU6RKl","Sugito Semangko","Sugito","Y29tbWVudDo4NDMyMDk1MjEzMjkyMjJfMTIwNDczMzk4MDgxMjA5Mw==","02 Oktober 2024.

OKREEEEEEE!!!
Helly Seedling kembali menjadi tempat pertemuan bagi rekan rekan sepesial yaitu pak Sugito Semangko yg menjadi salah satu petani semangka sukses dari Bangko Jambi, ada...","pfbid0chjU4UqXkb3X1s7yUCLVdmToFuibcatUv7WhGZHoRj4RpWSXZaPbGVsf4HJqU6RKl","Sugito Semangko","https://scontent-ord5-2.xx.fbcdn.net/v/t1.6435-1/171039543_100851735477673_9187325491285823412_n.jpg?stp=cp0_dst-jpg_s32x32&_nc_cat=103&ccb=1-7&_nc_sid=0ecb9b&_nc_ohc=aJHq_LqttaMQ7kNvgElPNIC&_nc_ht=scontent-ord5-2.xx&_nc_gid=AETWGu8oysskk6GiKCQ2-Bz&oh=00_AYBmwDq1WncEXEXKJE0AVRSrgiyuBVdP0mG4fmex3NIHtA&oe=6726ACFD","https://www.facebook.com/sugito.semangko.9","Y29tbWVudDo4NDMyMDk1MjEzMjkyMjJfMTIwNDczMzk4MDgxMjA5Mw==","Hely Sumanto oktee mas","2"
,,,,,,,,,,,,,,,,,,,,,,,,,,,,"https://www.facebook.com/reel/502471772709730/?comment_id=522391884065154&reply_comment_id=454409174278703",,,,,,,,,,,,,,,,,,,,,,,,,,,,,,,,,,,,,"2024-10-03T12:19:02.000Z","843209521329222","https://www.facebook.com/100069205464353/posts/843209521329222","ZmVlZGJhY2s6ODQzMjA5NTIxMzI5MjIyXzQ1NDQwOTE3NDI3ODcwMw==","Y29tbWVudDo4NDMyMDk1MjEzMjkyMjJfNDU0NDA5MTc0Mjc4NzAz","https://www.facebook.com/100069205464353/posts/843209521329222","0","233184383212138",,,"User","pfbid0vVLAbeRZHphb4RFqxdsUPxjhkEzPBjvKoF1DTsAVxVGa8TUrmCJ6RLnPqPZPXQvTl","Tatang Ikromi","Tatang","Y29tbWVudDo4NDMyMDk1MjEzMjkyMjJfNTIyMzkxODg0MDY1MTU0","02 Oktober 2024.

OKREEEEEEE!!!
Helly Seedling kembali menjadi tempat pertemuan bagi rekan rekan sepesial yaitu pak Sugito Semangko yg menjadi salah satu petani semangka sukses dari Bangko Jambi, ada...","100000502823202","Hely Sumanto","https://scontent-iad3-1.xx.fbcdn.net/v/t39.30808-1/316542824_6358799140813450_4293880377762150428_n.jpg?stp=c6.0.512.512a_cp0_dst-jpg_s32x32&_nc_cat=107&ccb=1-7&_nc_sid=50d2ac&_nc_ohc=rmViTpTBvG4Q7kNvgEvM14N&_nc_ht=scontent-iad3-1.xx&_nc_gid=AxIUnXaSsVbCOZVR9EfAcgb&oh=00_AYAvhTnJpRpq32Im4McRrcHJ2XyhfuG7eCPgDXzX6jUKVg&oe=67052E7C","https://www.facebook.com/hely.sumanto","Y29tbWVudDo4NDMyMDk1MjEzMjkyMjJfNTIyMzkxODg0MDY1MTU0","Tatang Ikromi pertengahan bln iki ndan😃","1"
,,,,,,,,,,,,,,,,,,,,,,,,,,,,"https://www.facebook.com/reel/502471772709730/?comment_id=1048470026582461&reply_comment_id=551872633917640",,,,,,,,,,,,,,,,,,,,,,,,,,,,,,,,,,,,,"2024-10-03T12:31:05.000Z","843209521329222","https://www.facebook.com/100069205464353/posts/843209521329222","ZmVlZGJhY2s6ODQzMjA5NTIxMzI5MjIyXzU1MTg3MjYzMzkxNzY0MA==","Y29tbWVudDo4NDMyMDk1MjEzMjkyMjJfNTUxODcyNjMzOTE3NjQw","https://www.facebook.com/100069205464353/posts/843209521329222","0","233184383212138",,,"User","pfbid029c68efYi9vMcAegqbYyi8Yo8njMot37ujudcZz7t9p21dBEcw6LwmdtJwCt9hM4vl","Gareng","Gareng","Y29tbWVudDo4NDMyMDk1MjEzMjkyMjJfMTA0ODQ3MDAyNjU4MjQ2MQ==","02 Oktober 2024.

OKREEEEEEE!!!
Helly Seedling kembali menjadi tempat pertemuan bagi rekan rekan sepesial yaitu pak Sugito Semangko yg menjadi salah satu petani semangka sukses dari Bangko Jambi, ada...","100000502823202","Hely Sumanto","https://scontent.fpoa11-2.fna.fbcdn.net/v/t39.30808-1/316542824_6358799140813450_4293880377762150428_n.jpg?stp=c6.0.512.512a_cp0_dst-jpg_s32x32&_nc_cat=107&ccb=1-7&_nc_sid=50d2ac&_nc_ohc=rmViTpTBvG4Q7kNvgGfhBNT&_nc_ht=scontent.fpoa11-2.fna&_nc_gid=AB7yrKzFxA7jIr9Z0xp_7oa&oh=00_AYA7IeYBE8OYHucUUDNHstWytEYyhK3IzsPi7pQwLi7PLg&oe=67052E7C","https://www.facebook.com/hely.sumanto","Y29tbWVudDo4NDMyMDk1MjEzMjkyMjJfMTA0ODQ3MDAyNjU4MjQ2MQ==","Gareng amin pak","1"
,,,,,,,,,,,,,,,,,,,,,,,,,,,,"https://www.facebook.com/reel/502471772709730/?comment_id=3405598179734979&reply_comment_id=887458036196188",,,,,,,,,,,,,,,,,,,,,,,,,,,,,,,,,,,,,"2024-10-03T09:45:38.000Z","843209521329222","https://www.facebook.com/100069205464353/posts/843209521329222","ZmVlZGJhY2s6ODQzMjA5NTIxMzI5MjIyXzg4NzQ1ODAzNjE5NjE4OA==","Y29tbWVudDo4NDMyMDk1MjEzMjkyMjJfODg3NDU4MDM2MTk2MTg4","https://www.facebook.com/100069205464353/posts/843209521329222","1","233184383212138",,,"User","100001408872342","Febri Arianto","Febri","Y29tbWVudDo4NDMyMDk1MjEzMjkyMjJfMzQwNTU5ODE3OTczNDk3OQ==","02 Oktober 2024.

OKREEEEEEE!!!
Helly Seedling kembali menjadi tempat pertemuan bagi rekan rekan sepesial yaitu pak Sugito Semangko yg menjadi salah satu petani semangka sukses dari Bangko Jambi, ada...","100069205464353","Helly Seedling","https://scontent-sea1-1.xx.fbcdn.net/v/t39.30808-1/428336159_702155295434646_5059998008807722009_n.jpg?stp=cp6_dst-jpg_s32x32&_nc_cat=108&ccb=1-7&_nc_sid=50d2ac&_nc_ohc=dKgmUe6DZ5QQ7kNvgG7taYS&_nc_ht=scontent-sea1-1.xx&_nc_gid=Ae6KNuHCzLhYzRt1c9sNOk6&oh=00_AYCHmZweFd23cqmL82OYXMK0hVmBFVLFsLtvdGjA7fpSNw&oe=6705268D","https://www.facebook.com/people/Helly-Seedling/100069205464353/","Y29tbWVudDo4NDMyMDk1MjEzMjkyMjJfMzQwNTU5ODE3OTczNDk3OQ==","Febri Arianto okreee 🤣👍😁","1"
,,,,,,,,,,,,,,,,,,,,,,,,,,,,"https://www.facebook.com/reel/502471772709730/?comment_id=1077387143743227&reply_comment_id=1218742119346866",,,,,,,,,,,,,,,,,,,,,,,,,,,,,,,,,,,,"1","2024-10-03T10:24:32.000Z","843209521329222","https://www.facebook.com/100069205464353/posts/843209521329222","ZmVlZGJhY2s6ODQzMjA5NTIxMzI5MjIyXzEyMTg3NDIxMTkzNDY4NjY=","Y29tbWVudDo4NDMyMDk1MjEzMjkyMjJfMTIxODc0MjExOTM0Njg2Ng==","https://www.facebook.com/100069205464353/posts/843209521329222","1","233184383212138",,,"User","1749717881","Budi Kartika","Budi","Y29tbWVudDo4NDMyMDk1MjEzMjkyMjJfMTA3NzM4NzE0Mzc0MzIyNw==","02 Oktober 2024.

OKREEEEEEE!!!
Helly Seedling kembali menjadi tempat pertemuan bagi rekan rekan sepesial yaitu pak Sugito Semangko yg menjadi salah satu petani semangka sukses dari Bangko Jambi, ada...","100069205464353","Helly Seedling","https://scontent-lga3-1.xx.fbcdn.net/v/t39.30808-1/428336159_702155295434646_5059998008807722009_n.jpg?stp=cp6_dst-jpg_s32x32&_nc_cat=108&ccb=1-7&_nc_sid=50d2ac&_nc_ohc=dKgmUe6DZ5QQ7kNvgF8B3Al&_nc_ht=scontent-lga3-1.xx&_nc_gid=AFE513wMS3Qj1MENZhnlZAc&oh=00_AYCv9F-ya6ShBC2tGLyHdZ8mLRZeQaL3xvdIVQ6iS3XdbA&oe=6705268D","https://www.facebook.com/people/Helly-Seedling/100069205464353/","Y29tbWVudDo4NDMyMDk1MjEzMjkyMjJfMTA3NzM4NzE0Mzc0MzIyNw==","Budi Kartika Alhamdulillah bos kedatangan tamu spesial","1"
,,,,,,,,,,,,,,,,,,,,,,,,,,,,"https://www.facebook.com/reel/502471772709730/?comment_id=1077387143743227&reply_comment_id=1194565601651654",,,,,,,,,,,,,,,,,,,,,,,,,,,,,,,,,,,,,"2024-10-03T10:36:42.000Z","843209521329222","https://www.facebook.com/100069205464353/posts/843209521329222","ZmVlZGJhY2s6ODQzMjA5NTIxMzI5MjIyXzExOTQ1NjU2MDE2NTE2NTQ=","Y29tbWVudDo4NDMyMDk1MjEzMjkyMjJfMTE5NDU2NTYwMTY1MTY1NA==","https://www.facebook.com/100069205464353/posts/843209521329222","1","233184383212138",,,"User","1749717881","Budi Kartika","Budi","Y29tbWVudDo4NDMyMDk1MjEzMjkyMjJfMTA3NzM4NzE0Mzc0MzIyNw==","02 Oktober 2024.

OKREEEEEEE!!!
Helly Seedling kembali menjadi tempat pertemuan bagi rekan rekan sepesial yaitu pak Sugito Semangko yg menjadi salah satu petani semangka sukses dari Bangko Jambi, ada...","1749717881","Budi Kartika","https://scontent-lga3-1.xx.fbcdn.net/v/t1.6435-1/46516739_10205017446033064_7747677507955982336_n.jpg?stp=cp0_dst-jpg_s32x32&_nc_cat=111&ccb=1-7&_nc_sid=db5862&_nc_ohc=Hisc6NWGVaYQ7kNvgFXLFEp&_nc_ht=scontent-lga3-1.xx&_nc_gid=AFE513wMS3Qj1MENZhnlZAc&oh=00_AYDLwyQUw2ARHTlXeA8FBOjoh-cKV6Are9VIn4XBXZlw0w&oe=6726C7E5","https://www.facebook.com/BeKa260800","Y29tbWVudDo4NDMyMDk1MjEzMjkyMjJfMTA3NzM4NzE0Mzc0MzIyNw==","Helly Seedling Aamiin....sehat selalu Bos","2"
,,,,,,,,,,,,,,,,,,,,,,,,,,,,"https://www.facebook.com/reel/502471772709730/?comment_id=1077387143743227&reply_comment_id=1086832449727645",,,,,,,,,,,,,,,,,,,,,,,,,,,,,,,,,,,,"2","2024-10-03T12:30:53.000Z","843209521329222","https://www.facebook.com/100069205464353/posts/843209521329222","ZmVlZGJhY2s6ODQzMjA5NTIxMzI5MjIyXzEwODY4MzI0NDk3Mjc2NDU=","Y29tbWVudDo4NDMyMDk1MjEzMjkyMjJfMTA4NjgzMjQ0OTcyNzY0NQ==","https://www.facebook.com/100069205464353/posts/843209521329222","0","233184383212138",,,"User","1749717881","Budi Kartika","Budi","Y29tbWVudDo4NDMyMDk1MjEzMjkyMjJfMTA3NzM4NzE0Mzc0MzIyNw==","02 Oktober 2024.

OKREEEEEEE!!!
Helly Seedling kembali menjadi tempat pertemuan bagi rekan rekan sepesial yaitu pak Sugito Semangko yg menjadi salah satu petani semangka sukses dari Bangko Jambi, ada...","100000502823202","Hely Sumanto","https://scontent-lga3-2.xx.fbcdn.net/v/t39.30808-1/316542824_6358799140813450_4293880377762150428_n.jpg?stp=c6.0.512.512a_cp0_dst-jpg_s32x32&_nc_cat=107&ccb=1-7&_nc_sid=50d2ac&_nc_ohc=rmViTpTBvG4Q7kNvgGREOOS&_nc_ht=scontent-lga3-2.xx&_nc_gid=AFE513wMS3Qj1MENZhnlZAc&oh=00_AYAeUizLLqJLZziAgvl_SIUp56muqQKU3Kf7fJ7vz_hLsA&oe=67052E7C","https://www.facebook.com/hely.sumanto","Y29tbWVudDo4NDMyMDk1MjEzMjkyMjJfMTA3NzM4NzE0Mzc0MzIyNw==","Budi Kartika Pa kabar pak kapan ke lampung?","1"
,,,,,,,,,,,,,,,,,,,,,,,,,,,,"https://www.facebook.com/reel/502471772709730/?comment_id=1077387143743227&reply_comment_id=1700786020838805",,,,,,,,,,,,,,,,,,,,,,,,,,,,,,,,,,,,,"2024-10-03T12:33:32.000Z","843209521329222","https://www.facebook.com/100069205464353/posts/843209521329222","ZmVlZGJhY2s6ODQzMjA5NTIxMzI5MjIyXzE3MDA3ODYwMjA4Mzg4MDU=","Y29tbWVudDo4NDMyMDk1MjEzMjkyMjJfMTcwMDc4NjAyMDgzODgwNQ==","https://www.facebook.com/100069205464353/posts/843209521329222","0","233184383212138",,,"User","1749717881","Budi Kartika","Budi","Y29tbWVudDo4NDMyMDk1MjEzMjkyMjJfMTA3NzM4NzE0Mzc0MzIyNw==","02 Oktober 2024.

OKREEEEEEE!!!
Helly Seedling kembali menjadi tempat pertemuan bagi rekan rekan sepesial yaitu pak Sugito Semangko yg menjadi salah satu petani semangka sukses dari Bangko Jambi, ada...","1749717881","Budi Kartika","https://scontent-lga3-1.xx.fbcdn.net/v/t1.6435-1/46516739_10205017446033064_7747677507955982336_n.jpg?stp=cp0_dst-jpg_s32x32&_nc_cat=111&ccb=1-7&_nc_sid=db5862&_nc_ohc=Hisc6NWGVaYQ7kNvgFXLFEp&_nc_ht=scontent-lga3-1.xx&_nc_gid=AFE513wMS3Qj1MENZhnlZAc&oh=00_AYDLwyQUw2ARHTlXeA8FBOjoh-cKV6Are9VIn4XBXZlw0w&oe=6726C7E5","https://www.facebook.com/BeKa260800","Y29tbWVudDo4NDMyMDk1MjEzMjkyMjJfMTA3NzM4NzE0Mzc0MzIyNw==","Hely Sumanto Ini yang kadang membuat sakitnya di sini....ah ah ah ah ah ah ah","2"
,,,,,,,,,,,,,,,,,,,,,,,,,,,,"https://www.facebook.com/reel/502471772709730/?comment_id=1077387143743227&reply_comment_id=855763596659271",,,,,,,,,,,,,,,,,,,,,,,,,,,,,,,,,,,,,"2024-10-03T12:35:59.000Z","843209521329222","https://www.facebook.com/100069205464353/posts/843209521329222","ZmVlZGJhY2s6ODQzMjA5NTIxMzI5MjIyXzg1NTc2MzU5NjY1OTI3MQ==","Y29tbWVudDo4NDMyMDk1MjEzMjkyMjJfODU1NzYzNTk2NjU5Mjcx","https://www.facebook.com/100069205464353/posts/843209521329222","0","233184383212138",,,"User","1749717881","Budi Kartika","Budi","Y29tbWVudDo4NDMyMDk1MjEzMjkyMjJfMTA3NzM4NzE0Mzc0MzIyNw==","02 Oktober 2024.

OKREEEEEEE!!!
Helly Seedling kembali menjadi tempat pertemuan bagi rekan rekan sepesial yaitu pak Sugito Semangko yg menjadi salah satu petani semangka sukses dari Bangko Jambi, ada...","100000502823202","Hely Sumanto","https://scontent-lga3-2.xx.fbcdn.net/v/t39.30808-1/316542824_6358799140813450_4293880377762150428_n.jpg?stp=c6.0.512.512a_cp0_dst-jpg_s32x32&_nc_cat=107&ccb=1-7&_nc_sid=50d2ac&_nc_ohc=rmViTpTBvG4Q7kNvgGREOOS&_nc_ht=scontent-lga3-2.xx&_nc_gid=AFE513wMS3Qj1MENZhnlZAc&oh=00_AYAeUizLLqJLZziAgvl_SIUp56muqQKU3Kf7fJ7vz_hLsA&oe=67052E7C","https://www.facebook.com/hely.sumanto","Y29tbWVudDo4NDMyMDk1MjEzMjkyMjJfMTA3NzM4NzE0Mzc0MzIyNw==","Budi Kartika saya yang kejawa pak kalo gx🤩","2"
,,,,,,,,,,,,,,,,,,,,,,,,,,,,"https://www.facebook.com/reel/502471772709730/?comment_id=866841048846885&reply_comment_id=1296302918411818",,,,,,,,,,,,,,,,,,,,,,,,,,,,,,,,,,,,,"2024-10-03T12:19:28.000Z","843209521329222","https://www.facebook.com/100069205464353/posts/843209521329222","ZmVlZGJhY2s6ODQzMjA5NTIxMzI5MjIyXzEyOTYzMDI5MTg0MTE4MTg=","Y29tbWVudDo4NDMyMDk1MjEzMjkyMjJfMTI5NjMwMjkxODQxMTgxOA==","https://www.facebook.com/100069205464353/posts/843209521329222","1","233184383212138",,,"User","pfbid02SNAhZNoZjKtVCFQEDEd7RwfMQTnMMDWwftwp1fn7ME9otpveY6PH4CzZWFoo7yWxl","Sur Yadi","Sur","Y29tbWVudDo4NDMyMDk1MjEzMjkyMjJfODY2ODQxMDQ4ODQ2ODg1","02 Oktober 2024.

OKREEEEEEE!!!
Helly Seedling kembali menjadi tempat pertemuan bagi rekan rekan sepesial yaitu pak Sugito Semangko yg menjadi salah satu petani semangka sukses dari Bangko Jambi, ada...","100000502823202","Hely Sumanto","https://scontent.faju10-1.fna.fbcdn.net/v/t39.30808-1/316542824_6358799140813450_4293880377762150428_n.jpg?stp=c6.0.512.512a_cp0_dst-jpg_s32x32&_nc_cat=107&ccb=1-7&_nc_sid=50d2ac&_nc_ohc=rmViTpTBvG4Q7kNvgEh6J8P&_nc_ht=scontent.faju10-1.fna&_nc_gid=Ajz0-SeEyn3GJqzFUoeUhtp&oh=00_AYCu2-dz4k-v9eY5XzehmTZDtToX205VBKO2XyuWgd4_fQ&oe=67052E7C","https://www.facebook.com/hely.sumanto","Y29tbWVudDo4NDMyMDk1MjEzMjkyMjJfODY2ODQxMDQ4ODQ2ODg1","Sur Yadi amin pak doa terbaik buat pak haji","1"
