﻿"author","authorIsChannelOwner","cid","comment","commentsCount","hasCreatorHeart","pageUrl","publishedTimeText","replyCount","replyToCid","title","type","videoId","voteCount"
"@mohamadcali8259","false","UgzcV3_NSl306XO1hXR4AaABAg","Buahnya banyak","7","false","https://www.youtube.com/watch?v=s6jsx1bE-kw","3 days ago","0",,"CMB DAMARA F1, TAHAN VIRUS","comment","s6jsx1bE-kw","0"
"@appinglanturege7310","false","Ugyf7AhHxf_5IErunjJ4AaABAg","Bintang asia mantap","7","false","https://www.youtube.com/watch?v=s6jsx1bE-kw","4 days ago","0",,"CMB DAMARA F1, TAHAN VIRUS","comment","s6jsx1bE-kw","0"
"@laharisi5910","false","UgyjTFJ9vWsiz76tUXt4AaABAg","Ini kang lahannya brpa hektare?","7","false","https://www.youtube.com/watch?v=s6jsx1bE-kw","4 days ago","0",,"CMB DAMARA F1, TAHAN VIRUS","comment","s6jsx1bE-kw","0"
"@laharisi5910","false","Ugxl8KxcE_dklPsT8eV4AaABAg","Mantaaap","7","false","https://www.youtube.com/watch?v=s6jsx1bE-kw","4 days ago","0",,"CMB DAMARA F1, TAHAN VIRUS","comment","s6jsx1bE-kw","0"
"@opeqbintangasia","false","UgzR8zyoTjrG0FVDrcZ4AaABAg","Tahan virus, tanaman tegak kompak, buah sedang, warna merah menyala.","7","false","https://www.youtube.com/watch?v=s6jsx1bE-kw","5 days ago","0",,"CMB DAMARA F1, TAHAN VIRUS","comment","s6jsx1bE-kw","0"
"@rahmatjanur-w4j","false","Ugx7SOp13BDKptYeWPF4AaABAg","bintang asia super","7","false","https://www.youtube.com/watch?v=s6jsx1bE-kw","5 days ago","0",,"CMB DAMARA F1, TAHAN VIRUS","comment","s6jsx1bE-kw","0"
"@ekobambang6794","false","UgxlXznAvQowfuvXpoZ4AaABAg","Mantap😊","7","false","https://www.youtube.com/watch?v=s6jsx1bE-kw","6 days ago","0",,"CMB DAMARA F1, TAHAN VIRUS","comment","s6jsx1bE-kw","1"
