﻿"author","authorIsChannelOwner","cid","comment","commentsCount","hasCreatorHeart","pageUrl","publishedTimeText","replyCount","replyToCid","title","type","videoId","voteCount"
"@sumardinas6729","false","UgwP9GLJFvgJmpYp4gV4AaABAg","Mantap","4","false","https://www.youtube.com/watch?v=98J5Qnn8qYE","6 hours ago","0",,"SEMANGKA DIVA F1, BUAH BESAR, TAHAN SIMPAN, DAN MENGHASILKAN BANYAK CUAN...","comment","98J5Qnn8qYE","0"
"@dewina-h7r","false","UgyHkUM9P65J76sbPbB4AaABAg","Petani  sukses  bintang  ASIA  mantap","4","false","https://www.youtube.com/watch?v=98J5Qnn8qYE","7 hours ago","0",,"SEMANGKA DIVA F1, BUAH BESAR, TAHAN SIMPAN, DAN MENGHASILKAN BANYAK CUAN...","comment","98J5Qnn8qYE","0"
"@marniatimurtaba196","false","Ugw4WeRFEYmTWelg_jl4AaABAg","Luar biasa petani pemula tapi Alhamdulillah sukses. Petani luar biasa, benihnya juga luar biasa.

Mantap Benih Citra Asia","4","false","https://www.youtube.com/watch?v=98J5Qnn8qYE","9 hours ago","0",,"SEMANGKA DIVA F1, BUAH BESAR, TAHAN SIMPAN, DAN MENGHASILKAN BANYAK CUAN...","comment","98J5Qnn8qYE","0"
"@opeqbintangasia","false","UgyS1Laeul7EaCyMm1l4AaABAg","MantaB, sukses untuk petani pemula ...","4","false","https://www.youtube.com/watch?v=98J5Qnn8qYE","13 hours ago","0",,"SEMANGKA DIVA F1, BUAH BESAR, TAHAN SIMPAN, DAN MENGHASILKAN BANYAK CUAN...","comment","98J5Qnn8qYE","0"
