﻿"author","authorIsChannelOwner","cid","comment","commentsCount","hasCreatorHeart","pageUrl","publishedTimeText","replyCount","replyToCid","title","type","videoId","voteCount"
"@opeqbintangasia","false","UgzMKWkve9tIWck1ilp4AaABAg","Buahnya gelap pasti dagingnya merah dan manis😘😋","7","false","https://www.youtube.com/watch?v=cQ4VY8lK2lU","1 hour ago","0",,"PANEN SEMANGKA NON BIJI LAZIO F1, MUDAH PERWATAN DAN HASIL MELIMPAH 🤑💸💵💴💶💰💳🤑💸💵💴💶💰💳","comment","cQ4VY8lK2lU","0"
"@marniatimurtaba196","false","UgwCTxZkym9kcTCxF-t4AaABAg","Mantap petaninya. Mantap benihnya...

Kalau mau menanam, jangan lupa benihnya dari Bintang Asia","7","false","https://www.youtube.com/watch?v=cQ4VY8lK2lU","9 hours ago","0",,"PANEN SEMANGKA NON BIJI LAZIO F1, MUDAH PERWATAN DAN HASIL MELIMPAH 🤑💸💵💴💶💰💳🤑💸💵💴💶💰💳","comment","cQ4VY8lK2lU","0"
"@lanturegeapping3558","false","Ugz7JnmQXTDpPA-K5gh4AaABAg","Alhamdulillah semangka bintang asia mantap","7","false","https://www.youtube.com/watch?v=cQ4VY8lK2lU","14 hours ago","0",,"PANEN SEMANGKA NON BIJI LAZIO F1, MUDAH PERWATAN DAN HASIL MELIMPAH 🤑💸💵💴💶💰💳🤑💸💵💴💶💰💳","comment","cQ4VY8lK2lU","0"
"@ekobambang6794","false","Ugy_8ym4KpoX26r5usV4AaABAg","Mantap bapak","7","true","https://www.youtube.com/watch?v=cQ4VY8lK2lU","15 hours ago","1",,"PANEN SEMANGKA NON BIJI LAZIO F1, MUDAH PERWATAN DAN HASIL MELIMPAH 🤑💸💵💴💶💰💳🤑💸💵💴💶💰💳","comment","cQ4VY8lK2lU","1"
"@dewina-h7r","false","UgwDeD3n552DrdqSqBJ4AaABAg","Mantap","7","true","https://www.youtube.com/watch?v=cQ4VY8lK2lU","15 hours ago","1",,"PANEN SEMANGKA NON BIJI LAZIO F1, MUDAH PERWATAN DAN HASIL MELIMPAH 🤑💸💵💴💶💰💳🤑💸💵💴💶💰💳","comment","cQ4VY8lK2lU","1"
"@Jefribintangasia","true","Ugy_8ym4KpoX26r5usV4AaABAg.A8KQ9WriQCNA8KSsdOFWaq","Terima kasih pak","7","false","https://www.youtube.com/watch?v=cQ4VY8lK2lU","14 hours ago","0","Ugy_8ym4KpoX26r5usV4AaABAg","PANEN SEMANGKA NON BIJI LAZIO F1, MUDAH PERWATAN DAN HASIL MELIMPAH 🤑💸💵💴💶💰💳🤑💸💵💴💶💰💳","reply","cQ4VY8lK2lU","0"
"@Jefribintangasia","true","UgwDeD3n552DrdqSqBJ4AaABAg.A8KOtkCAgoBA8KSthortVQ","Terimakasih","7","false","https://www.youtube.com/watch?v=cQ4VY8lK2lU","14 hours ago","0","UgwDeD3n552DrdqSqBJ4AaABAg","PANEN SEMANGKA NON BIJI LAZIO F1, MUDAH PERWATAN DAN HASIL MELIMPAH 🤑💸💵💴💶💰💳🤑💸💵💴💶💰💳","reply","cQ4VY8lK2lU","0"
