﻿"author","authorIsChannelOwner","cid","comment","commentsCount","hasCreatorHeart","pageUrl","publishedTimeText","replyCount","replyToCid","title","type","videoId","voteCount"
"@sumardinas6729","false","Ugw2CNkF3E_p-gW-kZJ4AaABAg","Mantap","8","false","https://www.youtube.com/watch?v=IP-YASsypk8","20 hours ago","0",,"Tanam Paria TARING F1, SANGAT MENGUNTUNGKAN....","comment","IP-YASsypk8","0"
"@Irfan01-sy2uy","false","UgzdXtFppXtDpkLZXp94AaABAg","memang produk bintang asia tidak pernah mengecewakan","8","false","https://www.youtube.com/watch?v=IP-YASsypk8","1 day ago","0",,"Tanam Paria TARING F1, SANGAT MENGUNTUNGKAN....","comment","IP-YASsypk8","0"
"@opeqbintangasia","false","UgyXRoTg44OZ_L8dt1l4AaABAg","Paria bercucuk hibrida.
Buah lebat.
Produksi tinggi.","8","false","https://www.youtube.com/watch?v=IP-YASsypk8","1 day ago","0",,"Tanam Paria TARING F1, SANGAT MENGUNTUNGKAN....","comment","IP-YASsypk8","0"
"@rahmatjanur-w4j","false","UgwQe04qbmg6kucsqvV4AaABAg","daerah mana pak","8","false","https://www.youtube.com/watch?v=IP-YASsypk8","1 day ago","0",,"Tanam Paria TARING F1, SANGAT MENGUNTUNGKAN....","comment","IP-YASsypk8","0"
"@ekobambang6794","false","UgxJrkhR4zRoT8P_kFh4AaABAg","Bintang asia bagus mmg bibitnya","8","false","https://www.youtube.com/watch?v=IP-YASsypk8","1 day ago","0",,"Tanam Paria TARING F1, SANGAT MENGUNTUNGKAN....","comment","IP-YASsypk8","0"
"@lanturegeapping3558","false","UgwIKr1lWbDRUSglF2x4AaABAg","Apa merek paria bintang asia","8","false","https://www.youtube.com/watch?v=IP-YASsypk8","1 day ago","1",,"Tanam Paria TARING F1, SANGAT MENGUNTUNGKAN....","comment","IP-YASsypk8","0"
"@Hileudmelon","false","UgxJaaU8m3dnPe8PurN4AaABAg","Sukses selalu bersama bintang asia","8","false","https://www.youtube.com/watch?v=IP-YASsypk8","1 day ago","0",,"Tanam Paria TARING F1, SANGAT MENGUNTUNGKAN....","comment","IP-YASsypk8","0"
"@Jefribintangasia","true","UgwIKr1lWbDRUSglF2x4AaABAg.A8Hb0lxK1lVA8HigMeAXzl","TARING F1","8","false","https://www.youtube.com/watch?v=IP-YASsypk8","1 day ago","0","UgwIKr1lWbDRUSglF2x4AaABAg","Tanam Paria TARING F1, SANGAT MENGUNTUNGKAN....","reply","IP-YASsypk8","0"
