﻿"author","authorIsChannelOwner","cid","comment","commentsCount","hasCreatorHeart","pageUrl","publishedTimeText","replyCount","replyToCid","title","type","videoId","voteCount"
"@IqraWati-w7s","false","UgxicorU0_NUeQfYKCN4AaABAg","Mnyalaa pamannkuuuu💯","10","false","https://www.youtube.com/watch?v=TMrdOStrMOI","1 day ago","0",,"CMB MEGATOP F1,  BUAH LEBAT, TAHAN SIMPAN DAN PENGIRIMAN","comment","TMrdOStrMOI","0"
"@laharisi5910","false","Ugzy9AS_3IQ55gWI_vx4AaABAg","🎉","10","false","https://www.youtube.com/watch?v=TMrdOStrMOI","2 days ago","0",,"CMB MEGATOP F1,  BUAH LEBAT, TAHAN SIMPAN DAN PENGIRIMAN","comment","TMrdOStrMOI","0"
"@opeqbintangasia","false","UgxX632YEbtE9tk5OtF4AaABAg","Cabe besar tipe tewe.
Tanaman tinggi.
Produksi tinggi.
Bisa petik hijau dan merah.
Daya simpan lama.
Adaptif dataran rendah-tinggi.","10","false","https://www.youtube.com/watch?v=TMrdOStrMOI","2 days ago","0",,"CMB MEGATOP F1,  BUAH LEBAT, TAHAN SIMPAN DAN PENGIRIMAN","comment","TMrdOStrMOI","0"
"@riswandihamzah7305","false","UgzLcI_21myJgmG78rh4AaABAg","Mantap memang om Jefri ini","10","false","https://www.youtube.com/watch?v=TMrdOStrMOI","3 days ago","0",,"CMB MEGATOP F1,  BUAH LEBAT, TAHAN SIMPAN DAN PENGIRIMAN","comment","TMrdOStrMOI","0"
"@tommyutomo4716","false","UgxJ6SEWD4TtziKR2B54AaABAg","keren kakak....sukses yaa kakak","10","false","https://www.youtube.com/watch?v=TMrdOStrMOI","3 days ago","0",,"CMB MEGATOP F1,  BUAH LEBAT, TAHAN SIMPAN DAN PENGIRIMAN","comment","TMrdOStrMOI","0"
"@Pratiwiwinda","false","UgzGCiDJ-SVj2zOJDYZ4AaABAg","mntp🔥","10","false","https://www.youtube.com/watch?v=TMrdOStrMOI","3 days ago","0",,"CMB MEGATOP F1,  BUAH LEBAT, TAHAN SIMPAN DAN PENGIRIMAN","comment","TMrdOStrMOI","0"
"@RAHMATTulah-y5r","false","UgwlGbSgSVHcgt7pMHl4AaABAg","Mantap","10","false","https://www.youtube.com/watch?v=TMrdOStrMOI","3 days ago","0",,"CMB MEGATOP F1,  BUAH LEBAT, TAHAN SIMPAN DAN PENGIRIMAN","comment","TMrdOStrMOI","0"
"@rahmatjanur-w4j","false","UgyiXBaAxWqb47jvYyl4AaABAg","cabe besar megatop f1 memang top","10","false","https://www.youtube.com/watch?v=TMrdOStrMOI","3 days ago","0",,"CMB MEGATOP F1,  BUAH LEBAT, TAHAN SIMPAN DAN PENGIRIMAN","comment","TMrdOStrMOI","0"
"@mohamadcali8259","false","Ugyz1kWg0hE8tYuzzWN4AaABAg","Mantap pak","10","false","https://www.youtube.com/watch?v=TMrdOStrMOI","3 days ago","0",,"CMB MEGATOP F1,  BUAH LEBAT, TAHAN SIMPAN DAN PENGIRIMAN","comment","TMrdOStrMOI","0"
"@dewina-h7r","false","UgwTJHLN2pi84m312n94AaABAg","mantap","10","false","https://www.youtube.com/watch?v=TMrdOStrMOI","3 days ago","0",,"CMB MEGATOP F1,  BUAH LEBAT, TAHAN SIMPAN DAN PENGIRIMAN","comment","TMrdOStrMOI","0"
