﻿"author","authorIsChannelOwner","channelId","channelName","channelUrl","cid","comment","comments","commentsCount","commentsTurnedOff","date","duration","hasCreatorHeart","id","isMonetized","likes","location","numberOfSubscribers","pageUrl","publishedTimeText","replyCount","replyToCid","subtitles","text","thumbnailUrl","title","type","url","videoId","viewCount","voteCount"
"@sutajiji2395","false",,,,"UgxstfE9jntbSQYX5D94AaABAg","semanis laba nya ....bung",,"5",,,,"false",,,,,,"https://www.youtube.com/watch?v=APy_NhcLziM","11 days ago","1",,,,,"PETANI JOMBANG MENANANM SEMANGKA MADURI F1 DAN INDEN F1!!!! KALIAN KAPAN?","comment",,"APy_NhcLziM",,"0"
"@m.iqbalagustiana220","false",,,,"Ugwu4urNH9WvIEWQD7R4AaABAg","Inden Kuning luar-dalam, manis sekali",,"5",,,,"true",,,,,,"https://www.youtube.com/watch?v=APy_NhcLziM","3 weeks ago","0",,,,,"PETANI JOMBANG MENANANM SEMANGKA MADURI F1 DAN INDEN F1!!!! KALIAN KAPAN?","comment",,"APy_NhcLziM",,"1"
"@opeqbintangasia","false",,,,"Ugyt52lcmi5h2KevqO94AaABAg","Semangka Maduri...
- Selain Perawatannya Mudah, Buahnya Banyak.
- Petani senang karena buahnya lebat.
- Bakulnya seneng sama Maduri",,"5",,,,"true",,,,,,"https://www.youtube.com/watch?v=APy_NhcLziM","3 weeks ago","0",,,,,"PETANI JOMBANG MENANANM SEMANGKA MADURI F1 DAN INDEN F1!!!! KALIAN KAPAN?","comment",,"APy_NhcLziM",,"0"
"@agungkurniawan6177","false",,,,"UgwywwguF5MV6oqPE2t4AaABAg","Mantap Semangkanya!",,"5",,,,"true",,,,,,"https://www.youtube.com/watch?v=APy_NhcLziM","3 weeks ago","0",,,,,"PETANI JOMBANG MENANANM SEMANGKA MADURI F1 DAN INDEN F1!!!! KALIAN KAPAN?","comment",,"APy_NhcLziM",,"1"
,,"UC2ykkCz_Jcei_upCvHXlK4Q","Ijun Channel Bintang Asia","https://www.youtube.com/@IjunChannelBintangAsia",,,,"0","false","2024-10-05T14:45:02.000Z","00:10:32",,"chzSfDTdprg",,"3",,"752",,,,,,"","https://i.ytimg.com/vi/chzSfDTdprg/maxresdefault.jpg?sqp=-oaymwEmCIAKENAF8quKqQMa8AEB-AH-CYAC0AWKAgwIABABGGUgWihJMA8=&rs=AOn4CLBowzWd9N2JshNORwgErRDWhUNwyQ","PENYULUHAN DI DESA GEDANGAN KEC. MOJOWARNO KAB. JOMBANG","video","https://www.youtube.com/watch?v=chzSfDTdprg",,"56",
"@IjunChannelBintangAsia","true",,,,"UgxstfE9jntbSQYX5D94AaABAg.A8r26luznofA8r2U0yyEXp","Wilayah mana bang",,"5",,,,"false",,,,,,"https://www.youtube.com/watch?v=APy_NhcLziM","11 days ago","0","UgxstfE9jntbSQYX5D94AaABAg",,,,"PETANI JOMBANG MENANANM SEMANGKA MADURI F1 DAN INDEN F1!!!! KALIAN KAPAN?","reply",,"APy_NhcLziM",,"0"
"@asdotarchannel1107","false",,,,"UgyTtFLTg8Pm0jOhep14AaABAg","Betras tongkolnya besar2",,"2",,,,"true",,,,,,"https://www.youtube.com/watch?v=2_3DmgpOjs8","12 days ago","0",,,,,"JAGUNG HIBRIDA BETRAS 10. TESTIMONI LANGSUNG DARI PETANI","comment",,"2_3DmgpOjs8",,"0"
"@opeqbintangasia","false",,,,"Ugx3t3YrZibZc3v3bA54AaABAg","Jagung hibrida
Tahan bulai
Batang kokoh
Posisi tongkol rendah
Tahan rebah batang
Tongkol besar
Biji Kemerahan
Rendemen tinggi
Produksi tinggi",,"2",,,,"true",,,,,,"https://www.youtube.com/watch?v=2_3DmgpOjs8","3 weeks ago","0",,,,,"JAGUNG HIBRIDA BETRAS 10. TESTIMONI LANGSUNG DARI PETANI","comment",,"2_3DmgpOjs8",,"1"
"@devitriono7416","false",,,,"UgybLlTdtnIlsJY1Nr14AaABAg","Mau beli bibit damara tapi kosong dimana ya belinye",,"4",,,,"false",,,,,,"https://www.youtube.com/watch?v=wh9JFJtJ_nI","9 hours ago","3",,,,,"BOOTCAMP INFLUENCER HARI 1. PART 1 AULA PT. BENIH CITRA ASIA","comment",,"wh9JFJtJ_nI",,"0"
"@IjunChannelBintangAsia","true",,,,"UgybLlTdtnIlsJY1Nr14AaABAg.A9JUyRahPNrA9JjwUuNojB","Ini ada 10 pc ka klau mau",,"4",,,,"false",,,,,,"https://www.youtube.com/watch?v=wh9JFJtJ_nI","7 hours ago","0","UgybLlTdtnIlsJY1Nr14AaABAg",,,,"BOOTCAMP INFLUENCER HARI 1. PART 1 AULA PT. BENIH CITRA ASIA","reply",,"wh9JFJtJ_nI",,"0"
"@devitriono7416","false",,,,"UgybLlTdtnIlsJY1Nr14AaABAg.A9JUyRahPNrA9JkLdTh-5x"," @IjunChannelBintangAsia  link atau wanya kak",,"4",,,,"false",,,,,,"https://www.youtube.com/watch?v=wh9JFJtJ_nI","6 hours ago","0","UgybLlTdtnIlsJY1Nr14AaABAg",,,,"BOOTCAMP INFLUENCER HARI 1. PART 1 AULA PT. BENIH CITRA ASIA","reply",,"wh9JFJtJ_nI",,"0"
"@IjunChannelBintangAsia","true",,,,"UgybLlTdtnIlsJY1Nr14AaABAg.A9JUyRahPNrA9JlTN2lqZE","@devitriono7416 082132058796",,"4",,,,"false",,,,,,"https://www.youtube.com/watch?v=wh9JFJtJ_nI","6 hours ago","0","UgybLlTdtnIlsJY1Nr14AaABAg",,,,"BOOTCAMP INFLUENCER HARI 1. PART 1 AULA PT. BENIH CITRA ASIA","reply",,"wh9JFJtJ_nI",,"0"
"@soeprayuego","false",,,,"Ugyz8PpXuNGnQLxNQeN4AaABAg","Mantap Cabenya Om",,"8",,,,"false",,,,,,"https://www.youtube.com/watch?v=WCGbHVvea8Q","13 days ago","1",,,,,"REVIEW CABAI BESAR HAGAN F1 DARI BINTANG ASIA","comment",,"WCGbHVvea8Q",,"0"
"@pecintatanaman","false",,,,"UgwR_1iV9WbjP0iVKEx4AaABAg","review cebe besar dari bintang asia",,"8",,,,"true",,,,,,"https://www.youtube.com/watch?v=WCGbHVvea8Q","3 weeks ago","0",,,,,"REVIEW CABAI BESAR HAGAN F1 DARI BINTANG ASIA","comment",,"WCGbHVvea8Q",,"0"
"@Irfan01-sy2uy","false",,,,"UgxFSkOaqiK3YC5TA_54AaABAg","Wah ini, saya tanam petik ke 4 sudah dapat 3 ton lebih. hagan mantap",,"8",,,,"true",,,,,,"https://www.youtube.com/watch?v=WCGbHVvea8Q","3 weeks ago","1",,,,,"REVIEW CABAI BESAR HAGAN F1 DARI BINTANG ASIA","comment",,"WCGbHVvea8Q",,"0"
"@opeqbintangasia","false",,,,"UgzzzwAecmPM9Zfb6TJ4AaABAg","Tahan virus, buah hijau terang, sangat lebat, tegak dan kompak, warna buah panen merah menyala.",,"8",,,,"true",,,,,,"https://www.youtube.com/watch?v=WCGbHVvea8Q","3 weeks ago","0",,,,,"REVIEW CABAI BESAR HAGAN F1 DARI BINTANG ASIA","comment",,"WCGbHVvea8Q",,"0"
"@rahmatjanur-w4j","false",,,,"UgyEH753TosH-MUjkQl4AaABAg","daerah mana bos",,"8",,,,"true",,,,,,"https://www.youtube.com/watch?v=WCGbHVvea8Q","3 weeks ago","1",,,,,"REVIEW CABAI BESAR HAGAN F1 DARI BINTANG ASIA","comment",,"WCGbHVvea8Q",,"0"
"@IjunChannelBintangAsia","true",,,,"Ugyz8PpXuNGnQLxNQeN4AaABAg.A8lkC4olEjZA8lklVoVoR3","Ayo ka di coba",,"8",,,,"false",,,,,,"https://www.youtube.com/watch?v=WCGbHVvea8Q","13 days ago","0","Ugyz8PpXuNGnQLxNQeN4AaABAg",,,,"REVIEW CABAI BESAR HAGAN F1 DARI BINTANG ASIA","reply",,"WCGbHVvea8Q",,"0"
"@IjunChannelBintangAsia","true",,,,"UgxFSkOaqiK3YC5TA_54AaABAg.A8JDHO-oVDmA8JDld6PMfg","Lokasi mana ka?",,"8",,,,"false",,,,,,"https://www.youtube.com/watch?v=WCGbHVvea8Q","3 weeks ago","0","UgxFSkOaqiK3YC5TA_54AaABAg",,,,"REVIEW CABAI BESAR HAGAN F1 DARI BINTANG ASIA","reply",,"WCGbHVvea8Q",,"0"
"@IjunChannelBintangAsia","true",,,,"UgyEH753TosH-MUjkQl4AaABAg.A8J9XFQRHTvA8J9pZWnTFk","Kerek tuban bos",,"8",,,,"false",,,,,,"https://www.youtube.com/watch?v=WCGbHVvea8Q","3 weeks ago","0","UgyEH753TosH-MUjkQl4AaABAg",,,,"REVIEW CABAI BESAR HAGAN F1 DARI BINTANG ASIA","reply",,"WCGbHVvea8Q",,"0"
