﻿"channelAvatarUrl","channelBannerUrl","channelDescription","channelDescriptionLinks/0/text","channelDescriptionLinks/0/url","channelDescriptionLinks/1/text","channelDescriptionLinks/1/url","channelDescriptionLinks/2/text","channelDescriptionLinks/2/url","channelDescriptionLinks/3/text","channelDescriptionLinks/3/url","channelId","channelJoinedDate","channelLocation","channelName","channelTotalVideos","channelTotalViews","channelUrl","comments","commentsCount","commentsTurnedOff","date","descriptionLinks","descriptionLinks/0/text","descriptionLinks/0/url","descriptionLinks/1/text","descriptionLinks/1/url","descriptionLinks/2/text","descriptionLinks/2/url","descriptionLinks/3/text","descriptionLinks/3/url","descriptionLinks/4/text","descriptionLinks/4/url","descriptionLinks/5/text","descriptionLinks/5/url","descriptionLinks/6/text","descriptionLinks/6/url","descriptionLinks/7/text","descriptionLinks/7/url","duration","fromYTUrl","id","inputChannelUrl","isAgeRestricted","isChannelVerified","isMonetized","likes","location","numberOfSubscribers","order","subtitles","text","thumbnailUrl","title","type","url","viewCount"
"https://yt3.googleusercontent.com/ytc/AIdro_ljVCUnlbr67HN8PMqsVQ84cWvK-I4RigUxvZVbe5H1ZQ=s160-c-k-c0x00ffffff-no-rj","https://yt3.googleusercontent.com/afPoy1zE-yBTfvjqw2FngNP3ym2dGeP7AReU7khT2SIbzMj9PNCNEKoxsNJc4NDzO9dchVGLHQ=w2560-fcrop64=1,00005a57ffffa5a8-k-c0xffffffff-no-nd-rj","Chanel yang akan membahas secara dalam tentang Rumah, Kebun, dan Taman","Shopee","https://shopee.co.id/infarmofficialshop","Instagram","https://www.instagram.com/infarm.id/","Tiktok","https://www.tiktok.com/@infarmid","Lazada ","https://s.lazada.co.id/l.1hRr","UChl0FvQJ5_1CmPCSzikU_Uw","Jun 23, 2019","Indonesia","infarm id","828","158014892","https://www.youtube.com/channel/UChl0FvQJ5_1CmPCSzikU_Uw",,"32",,"2024-09-10T00:00:00.000Z",,,,,,,,,,,,,,,,,,,"https://www.youtube.com/@infarmid/shorts","VK7nPhqj5TY","https://www.youtube.com/@infarmid","false","false",,"964",,"363000","24",,,"https://i.ytimg.com/vi/VK7nPhqj5TY/oardefault.jpg?sqp=-oaymwEqCJUDENAFSFqQAgHyq4qpAxkIARUAAIhC2AEB4gEMCBwQAhgGIAE4AUAB&rs=AOn4CLCwD1O3RBeGaofJ2yAYZ9xdA4rT0w","Semakin dipanen semakin berbuah lebat","shorts","https://www.youtube.com/shorts/VK7nPhqj5TY","24013"
"https://yt3.googleusercontent.com/ytc/AIdro_ljVCUnlbr67HN8PMqsVQ84cWvK-I4RigUxvZVbe5H1ZQ=s160-c-k-c0x00ffffff-no-rj","https://yt3.googleusercontent.com/afPoy1zE-yBTfvjqw2FngNP3ym2dGeP7AReU7khT2SIbzMj9PNCNEKoxsNJc4NDzO9dchVGLHQ=w2560-fcrop64=1,00005a57ffffa5a8-k-c0xffffffff-no-nd-rj","Chanel yang akan membahas secara dalam tentang Rumah, Kebun, dan Taman","Shopee","https://shopee.co.id/infarmofficialshop","Instagram","https://www.instagram.com/infarm.id/","Tiktok","https://www.tiktok.com/@infarmid","Lazada ","https://s.lazada.co.id/l.1hRr","UChl0FvQJ5_1CmPCSzikU_Uw","Jun 23, 2019","Indonesia","infarm id","828","158014892","https://www.youtube.com/channel/UChl0FvQJ5_1CmPCSzikU_Uw",,"23",,"2024-09-17T00:23:12.000Z",,,,,,,,,,,,,,,,,,,"https://www.youtube.com/@infarmid/shorts","WzojZkTAfNk","https://www.youtube.com/@infarmid","false","false",,"1100",,"363000","20",,,"https://i.ytimg.com/vi/WzojZkTAfNk/oardefault.jpg?sqp=-oaymwEqCJUDENAFSFqQAgHyq4qpAxkIARUAAIhC2AEB4gEMCBwQAhgGIAE4AUAB&rs=AOn4CLDwD3j33m71Uvsdq01KLHbt0CFPtQ","Bikin pot cantik cuma modal 5000","shorts","https://www.youtube.com/shorts/WzojZkTAfNk","41640"
"https://yt3.googleusercontent.com/ytc/AIdro_ljVCUnlbr67HN8PMqsVQ84cWvK-I4RigUxvZVbe5H1ZQ=s160-c-k-c0x00ffffff-no-rj","https://yt3.googleusercontent.com/afPoy1zE-yBTfvjqw2FngNP3ym2dGeP7AReU7khT2SIbzMj9PNCNEKoxsNJc4NDzO9dchVGLHQ=w2560-fcrop64=1,00005a57ffffa5a8-k-c0xffffffff-no-nd-rj","Chanel yang akan membahas secara dalam tentang Rumah, Kebun, dan Taman","Shopee","https://shopee.co.id/infarmofficialshop","Instagram","https://www.instagram.com/infarm.id/","Tiktok","https://www.tiktok.com/@infarmid","Lazada ","https://s.lazada.co.id/l.1hRr","UChl0FvQJ5_1CmPCSzikU_Uw","Jun 23, 2019","Indonesia","infarm id","828","158014892","https://www.youtube.com/channel/UChl0FvQJ5_1CmPCSzikU_Uw",,"36",,"2024-09-16T00:00:00.000Z",,,,,,,,,,,,,,,,,,,"https://www.youtube.com/@infarmid/shorts","aQe1OIfytmI","https://www.youtube.com/@infarmid","false","false",,"1200",,"363000","18",,,"https://i.ytimg.com/vi/aQe1OIfytmI/oardefault.jpg?sqp=-oaymwEqCJUDENAFSFqQAgHyq4qpAxkIARUAAIhC2AEB4gEMCBwQAhgGIAE4AUAB&rs=AOn4CLA4je5tCbjQ21d0zAAVSpc1h7xizg","Sayur yang wanginya harum banget, enaknya di olah jadi apa yah ?","shorts","https://www.youtube.com/shorts/aQe1OIfytmI","33820"
"https://yt3.googleusercontent.com/ytc/AIdro_ljVCUnlbr67HN8PMqsVQ84cWvK-I4RigUxvZVbe5H1ZQ=s160-c-k-c0x00ffffff-no-rj","https://yt3.googleusercontent.com/afPoy1zE-yBTfvjqw2FngNP3ym2dGeP7AReU7khT2SIbzMj9PNCNEKoxsNJc4NDzO9dchVGLHQ=w2560-fcrop64=1,00005a57ffffa5a8-k-c0xffffffff-no-nd-rj","Chanel yang akan membahas secara dalam tentang Rumah, Kebun, dan Taman","Shopee","https://shopee.co.id/infarmofficialshop","Instagram","https://www.instagram.com/infarm.id/","Tiktok","https://www.tiktok.com/@infarmid","Lazada ","https://s.lazada.co.id/l.1hRr","UChl0FvQJ5_1CmPCSzikU_Uw","Jun 23, 2019","Indonesia","infarm id","828","158014892","https://www.youtube.com/channel/UChl0FvQJ5_1CmPCSzikU_Uw",,"24",,"2024-09-19T00:00:00.000Z",,,,,,,,,,,,,,,,,,,"https://www.youtube.com/@infarmid/shorts","cPTlSPaBkvw","https://www.youtube.com/@infarmid","false","false",,"1200",,"363000","15",,,"https://i.ytimg.com/vi/cPTlSPaBkvw/oardefault.jpg?sqp=-oaymwEqCJUDENAFSFqQAgHyq4qpAxkIARUAAIhC2AEB4gEMCBwQAhgGIAE4AUAB&rs=AOn4CLDZ4CEJ1pAcmDZOyVJ_oU_QpZpDzg","Resep racikan media tanam supaya jumbo jumbo","shorts","https://www.youtube.com/shorts/cPTlSPaBkvw","42570"
"https://yt3.googleusercontent.com/ytc/AIdro_ljVCUnlbr67HN8PMqsVQ84cWvK-I4RigUxvZVbe5H1ZQ=s160-c-k-c0x00ffffff-no-rj","https://yt3.googleusercontent.com/afPoy1zE-yBTfvjqw2FngNP3ym2dGeP7AReU7khT2SIbzMj9PNCNEKoxsNJc4NDzO9dchVGLHQ=w2560-fcrop64=1,00005a57ffffa5a8-k-c0xffffffff-no-nd-rj","Chanel yang akan membahas secara dalam tentang Rumah, Kebun, dan Taman","Shopee","https://shopee.co.id/infarmofficialshop","Instagram","https://www.instagram.com/infarm.id/","Tiktok","https://www.tiktok.com/@infarmid","Lazada ","https://s.lazada.co.id/l.1hRr","UChl0FvQJ5_1CmPCSzikU_Uw","Jun 23, 2019","Indonesia","infarm id","828","158014892","https://www.youtube.com/channel/UChl0FvQJ5_1CmPCSzikU_Uw",,"36",,"2024-09-16T00:00:00.000Z",,,,,,,,,,,,,,,,,,,"https://www.youtube.com/@infarmid/shorts","VQ_iHopJF2k","https://www.youtube.com/@infarmid","false","false",,"985",,"363000","21",,,"https://i.ytimg.com/vi/VQ_iHopJF2k/oardefault.jpg?sqp=-oaymwEqCJUDENAFSFqQAgHyq4qpAxkIARUAAIhC2AEB4gEMCBwQAhgGIAE4AUAB&rs=AOn4CLCNQrlTa_0IYb0zIMroqCFIhL5EnA","Cara perbanyak stroberi menggunakan rockwool","shorts","https://www.youtube.com/shorts/VQ_iHopJF2k","20193"
"https://yt3.googleusercontent.com/ytc/AIdro_ljVCUnlbr67HN8PMqsVQ84cWvK-I4RigUxvZVbe5H1ZQ=s160-c-k-c0x00ffffff-no-rj","https://yt3.googleusercontent.com/afPoy1zE-yBTfvjqw2FngNP3ym2dGeP7AReU7khT2SIbzMj9PNCNEKoxsNJc4NDzO9dchVGLHQ=w2560-fcrop64=1,00005a57ffffa5a8-k-c0xffffffff-no-nd-rj","Chanel yang akan membahas secara dalam tentang Rumah, Kebun, dan Taman","Shopee","https://shopee.co.id/infarmofficialshop","Instagram","https://www.instagram.com/infarm.id/","Tiktok","https://www.tiktok.com/@infarmid","Lazada ","https://s.lazada.co.id/l.1hRr","UChl0FvQJ5_1CmPCSzikU_Uw","Jun 23, 2019","Indonesia","infarm id","828","158014892","https://www.youtube.com/channel/UChl0FvQJ5_1CmPCSzikU_Uw",,"29",,"2024-09-14T00:00:00.000Z",,,,,,,,,,,,,,,,,,,"https://www.youtube.com/@infarmid/shorts","mUN7j2uoeXo","https://www.youtube.com/@infarmid","false","false",,"875",,"363000","22",,,"https://i.ytimg.com/vi/mUN7j2uoeXo/oardefault.jpg?sqp=-oaymwEqCJUDENAFSFqQAgHyq4qpAxkIARUAAIhC2AEB4gEMCBwQAhgGIAE4AUAB&rs=AOn4CLCEBFQUTZBcqGQ2Ur0lBuWAK8IgQg","Ramuan manjur pengusir tikus dirumah","shorts","https://www.youtube.com/shorts/mUN7j2uoeXo","18173"
"https://yt3.googleusercontent.com/ytc/AIdro_ljVCUnlbr67HN8PMqsVQ84cWvK-I4RigUxvZVbe5H1ZQ=s160-c-k-c0x00ffffff-no-rj","https://yt3.googleusercontent.com/afPoy1zE-yBTfvjqw2FngNP3ym2dGeP7AReU7khT2SIbzMj9PNCNEKoxsNJc4NDzO9dchVGLHQ=w2560-fcrop64=1,00005a57ffffa5a8-k-c0xffffffff-no-nd-rj","Chanel yang akan membahas secara dalam tentang Rumah, Kebun, dan Taman","Shopee","https://shopee.co.id/infarmofficialshop","Instagram","https://www.instagram.com/infarm.id/","Tiktok","https://www.tiktok.com/@infarmid","Lazada ","https://s.lazada.co.id/l.1hRr","UChl0FvQJ5_1CmPCSzikU_Uw","Jun 23, 2019","Indonesia","infarm id","828","158014892","https://www.youtube.com/channel/UChl0FvQJ5_1CmPCSzikU_Uw",,"5",,"2024-09-16T00:00:00.000Z",,,,,,,,,,,,,,,,,,,"https://www.youtube.com/@infarmid/shorts","KILTzVYZic0","https://www.youtube.com/@infarmid","false","false",,"396",,"363000","19",,,"https://i.ytimg.com/vi/KILTzVYZic0/oardefault.jpg?sqp=-oaymwEqCJUDENAFSFqQAgHyq4qpAxkIARUAAIhC2AEB4gEMCBwQAhgGIAE4AUAB&rs=AOn4CLCcQ37gziBedJpq0GJtMjg1UrW4jQ","Bikin ramuan priobiotik untuk mencerahkan kulit","shorts","https://www.youtube.com/shorts/KILTzVYZic0","10762"
"https://yt3.googleusercontent.com/ytc/AIdro_ljVCUnlbr67HN8PMqsVQ84cWvK-I4RigUxvZVbe5H1ZQ=s160-c-k-c0x00ffffff-no-rj","https://yt3.googleusercontent.com/afPoy1zE-yBTfvjqw2FngNP3ym2dGeP7AReU7khT2SIbzMj9PNCNEKoxsNJc4NDzO9dchVGLHQ=w2560-fcrop64=1,00005a57ffffa5a8-k-c0xffffffff-no-nd-rj","Chanel yang akan membahas secara dalam tentang Rumah, Kebun, dan Taman","Shopee","https://shopee.co.id/infarmofficialshop","Instagram","https://www.instagram.com/infarm.id/","Tiktok","https://www.tiktok.com/@infarmid","Lazada ","https://s.lazada.co.id/l.1hRr","UChl0FvQJ5_1CmPCSzikU_Uw","Jun 23, 2019","Indonesia","infarm id","828","158014892","https://www.youtube.com/channel/UChl0FvQJ5_1CmPCSzikU_Uw",,"106",,"2024-09-11T00:00:00.000Z",,,,,,,,,,,,,,,,,,,"https://www.youtube.com/@infarmid/shorts","tZDUsE790dk","https://www.youtube.com/@infarmid","false","false",,"2100",,"363000","23",,,"https://i.ytimg.com/vi/tZDUsE790dk/oardefault.jpg?sqp=-oaymwEqCJUDENAFSFqQAgHyq4qpAxkIARUAAIhC2AEB4gEMCBwQAhgGIAE4AUAB&rs=AOn4CLCW0n21UIG6kxikMSRhZJYV_6ituw","Cara nanam sereh dari rumah ‼️","shorts","https://www.youtube.com/shorts/tZDUsE790dk","86570"
"https://yt3.googleusercontent.com/ytc/AIdro_ljVCUnlbr67HN8PMqsVQ84cWvK-I4RigUxvZVbe5H1ZQ=s160-c-k-c0x00ffffff-no-rj","https://yt3.googleusercontent.com/afPoy1zE-yBTfvjqw2FngNP3ym2dGeP7AReU7khT2SIbzMj9PNCNEKoxsNJc4NDzO9dchVGLHQ=w2560-fcrop64=1,00005a57ffffa5a8-k-c0xffffffff-no-nd-rj","Chanel yang akan membahas secara dalam tentang Rumah, Kebun, dan Taman","Shopee","https://shopee.co.id/infarmofficialshop","Instagram","https://www.instagram.com/infarm.id/","Tiktok","https://www.tiktok.com/@infarmid","Lazada ","https://s.lazada.co.id/l.1hRr","UChl0FvQJ5_1CmPCSzikU_Uw","Jun 23, 2019","Indonesia","infarm id","828","158014892","https://www.youtube.com/channel/UChl0FvQJ5_1CmPCSzikU_Uw",,"148",,"2024-09-16T00:00:00.000Z",,,,,,,,,,,,,,,,,,,"https://www.youtube.com/@infarmid/shorts","iXmJxaQvwQ8","https://www.youtube.com/@infarmid","false","false",,"1000",,"363000","17",,,"https://i.ytimg.com/vi/iXmJxaQvwQ8/oardefault.jpg?sqp=-oaymwEqCJUDENAFSFqQAgHyq4qpAxkIARUAAIhC2AEB4gEMCBwQAhgGIAE4AUAB&rs=AOn4CLA-KPVcYi6uAJAO9waIFLOkPtEqWA","Nanam sayuran lebih gampang, setuju gak?","shorts","https://www.youtube.com/shorts/iXmJxaQvwQ8","23441"
"https://yt3.googleusercontent.com/ytc/AIdro_ljVCUnlbr67HN8PMqsVQ84cWvK-I4RigUxvZVbe5H1ZQ=s160-c-k-c0x00ffffff-no-rj","https://yt3.googleusercontent.com/afPoy1zE-yBTfvjqw2FngNP3ym2dGeP7AReU7khT2SIbzMj9PNCNEKoxsNJc4NDzO9dchVGLHQ=w2560-fcrop64=1,00005a57ffffa5a8-k-c0xffffffff-no-nd-rj","Chanel yang akan membahas secara dalam tentang Rumah, Kebun, dan Taman","Shopee","https://shopee.co.id/infarmofficialshop","Instagram","https://www.instagram.com/infarm.id/","Tiktok","https://www.tiktok.com/@infarmid","Lazada ","https://s.lazada.co.id/l.1hRr","UChl0FvQJ5_1CmPCSzikU_Uw","Jun 23, 2019","Indonesia","infarm id","828","158014892","https://www.youtube.com/channel/UChl0FvQJ5_1CmPCSzikU_Uw",,"29",,"2024-09-20T00:00:00.000Z",,,,,,,,,,,,,,,,,,,"https://www.youtube.com/@infarmid/shorts","7xlAnUiAz88","https://www.youtube.com/@infarmid","false","false",,"1200",,"363000","14",,,"https://i.ytimg.com/vi/7xlAnUiAz88/oardefault.jpg?sqp=-oaymwEqCJUDENAFSFqQAgHyq4qpAxkIARUAAIhC2AEB4gEMCBwQAhgGIAE4AUAB&rs=AOn4CLBOtDnJzZHT1sBcDwbpIuSiqCt45A","Jangan pakai media tanam asal asalan kalau tanamanmu gak mau mati","shorts","https://www.youtube.com/shorts/7xlAnUiAz88","39805"
"https://yt3.googleusercontent.com/ytc/AIdro_ljVCUnlbr67HN8PMqsVQ84cWvK-I4RigUxvZVbe5H1ZQ=s160-c-k-c0x00ffffff-no-rj","https://yt3.googleusercontent.com/afPoy1zE-yBTfvjqw2FngNP3ym2dGeP7AReU7khT2SIbzMj9PNCNEKoxsNJc4NDzO9dchVGLHQ=w2560-fcrop64=1,00005a57ffffa5a8-k-c0xffffffff-no-nd-rj","Chanel yang akan membahas secara dalam tentang Rumah, Kebun, dan Taman","Shopee","https://shopee.co.id/infarmofficialshop","Instagram","https://www.instagram.com/infarm.id/","Tiktok","https://www.tiktok.com/@infarmid","Lazada ","https://s.lazada.co.id/l.1hRr","UChl0FvQJ5_1CmPCSzikU_Uw","Jun 23, 2019","Indonesia","infarm id","828","158014892","https://www.youtube.com/channel/UChl0FvQJ5_1CmPCSzikU_Uw",,"21",,"2024-09-21T14:25:30.000Z",,,,,,,,,,,,,,,,,,,"https://www.youtube.com/@infarmid/shorts","kL3kvpNU-Ro","https://www.youtube.com/@infarmid","false","false",,"570",,"363000","13",,,"https://i.ytimg.com/vi/kL3kvpNU-Ro/oardefault.jpg?sqp=-oaymwEqCJUDENAFSFqQAgHyq4qpAxkIARUAAIhC2AEB4gEMCBwQAhgGIAE4AUAB&rs=AOn4CLCLrS_IRufHzV4duKCxgcRbO7omdA","Nanam dirumah jadi lebih mudah semenjak ada pupuk ini #berkebun #garden","shorts","https://www.youtube.com/shorts/kL3kvpNU-Ro","18421"
"https://yt3.googleusercontent.com/ytc/AIdro_ljVCUnlbr67HN8PMqsVQ84cWvK-I4RigUxvZVbe5H1ZQ=s160-c-k-c0x00ffffff-no-rj","https://yt3.googleusercontent.com/afPoy1zE-yBTfvjqw2FngNP3ym2dGeP7AReU7khT2SIbzMj9PNCNEKoxsNJc4NDzO9dchVGLHQ=w2560-fcrop64=1,00005a57ffffa5a8-k-c0xffffffff-no-nd-rj","Chanel yang akan membahas secara dalam tentang Rumah, Kebun, dan Taman","Shopee","https://shopee.co.id/infarmofficialshop","Instagram","https://www.instagram.com/infarm.id/","Tiktok","https://www.tiktok.com/@infarmid","Lazada ","https://s.lazada.co.id/l.1hRr","UChl0FvQJ5_1CmPCSzikU_Uw","Jun 23, 2019","Indonesia","infarm id","828","158014892","https://www.youtube.com/channel/UChl0FvQJ5_1CmPCSzikU_Uw",,,,"2024-09-17T06:00:09.000Z",,,,,,,,,,,,,,,,,,,"https://www.youtube.com/@infarmid/shorts","obOmEqlE81M","https://www.youtube.com/@infarmid","false","false",,"362",,"363000","16",,,"https://i.ytimg.com/vi/obOmEqlE81M/oar2.jpg?sqp=-oaymwEqCJUDENAFSFqQAgHyq4qpAxkIARUAAIhC2AEB4gEMCBwQAhgGIAE4AUAB&rs=AOn4CLC6LPxct9-Yf4tA73gn__uVOw4Gdw","cara berhasil nanam cabai","shorts","https://www.youtube.com/shorts/obOmEqlE81M","5799"
"https://yt3.googleusercontent.com/ytc/AIdro_ljVCUnlbr67HN8PMqsVQ84cWvK-I4RigUxvZVbe5H1ZQ=s160-c-k-c0x00ffffff-no-rj","https://yt3.googleusercontent.com/afPoy1zE-yBTfvjqw2FngNP3ym2dGeP7AReU7khT2SIbzMj9PNCNEKoxsNJc4NDzO9dchVGLHQ=w2560-fcrop64=1,00005a57ffffa5a8-k-c0xffffffff-no-nd-rj","Chanel yang akan membahas secara dalam tentang Rumah, Kebun, dan Taman","Shopee","https://shopee.co.id/infarmofficialshop","Instagram","https://www.instagram.com/infarm.id/","Tiktok","https://www.tiktok.com/@infarmid","Lazada ","https://s.lazada.co.id/l.1hRr","UChl0FvQJ5_1CmPCSzikU_Uw","Jun 23, 2019","Indonesia","infarm id","828","158014892","https://www.youtube.com/channel/UChl0FvQJ5_1CmPCSzikU_Uw",,"22",,"2024-09-21T00:00:00.000Z",,,,,,,,,,,,,,,,,,,"https://www.youtube.com/@infarmid/shorts","MU4whoyxZ2Y","https://www.youtube.com/@infarmid","false","false",,"1200",,"363000","12",,,"https://i.ytimg.com/vi/MU4whoyxZ2Y/oardefault.jpg?sqp=-oaymwEqCJUDENAFSFqQAgHyq4qpAxkIARUAAIhC2AEB4gEMCBwQAhgGIAE4AUAB&rs=AOn4CLBDoGlbdqvByZe2Zo0mRLRfAC15Fw","Tanaman yang bisa menghasilkan pupuk sendiri","shorts","https://www.youtube.com/shorts/MU4whoyxZ2Y","31702"
"https://yt3.googleusercontent.com/ytc/AIdro_ljVCUnlbr67HN8PMqsVQ84cWvK-I4RigUxvZVbe5H1ZQ=s160-c-k-c0x00ffffff-no-rj","https://yt3.googleusercontent.com/afPoy1zE-yBTfvjqw2FngNP3ym2dGeP7AReU7khT2SIbzMj9PNCNEKoxsNJc4NDzO9dchVGLHQ=w2560-fcrop64=1,00005a57ffffa5a8-k-c0xffffffff-no-nd-rj","Chanel yang akan membahas secara dalam tentang Rumah, Kebun, dan Taman","Shopee","https://shopee.co.id/infarmofficialshop","Instagram","https://www.instagram.com/infarm.id/","Tiktok","https://www.tiktok.com/@infarmid","Lazada ","https://s.lazada.co.id/l.1hRr","UChl0FvQJ5_1CmPCSzikU_Uw","Jun 23, 2019","Indonesia","infarm id","828","158014892","https://www.youtube.com/channel/UChl0FvQJ5_1CmPCSzikU_Uw",,"36",,"2024-09-22T00:00:00.000Z",,,,,,,,,,,,,,,,,,,"https://www.youtube.com/@infarmid/shorts","5byObiipk7s","https://www.youtube.com/@infarmid","false","false",,"909",,"363000","11",,,"https://i.ytimg.com/vi/5byObiipk7s/oardefault.jpg?sqp=-oaymwEqCJUDENAFSFqQAgHyq4qpAxkIARUAAIhC2AEB4gEMCBwQAhgGIAE4AUAB&rs=AOn4CLAdeJqXzZgEUrxaBi0e38Vz64dNSw","Teknik unik untuk tanaman yang gak berbuah jadi berbuah lagi","shorts","https://www.youtube.com/shorts/5byObiipk7s","27545"
"https://yt3.googleusercontent.com/ytc/AIdro_ljVCUnlbr67HN8PMqsVQ84cWvK-I4RigUxvZVbe5H1ZQ=s160-c-k-c0x00ffffff-no-rj","https://yt3.googleusercontent.com/afPoy1zE-yBTfvjqw2FngNP3ym2dGeP7AReU7khT2SIbzMj9PNCNEKoxsNJc4NDzO9dchVGLHQ=w2560-fcrop64=1,00005a57ffffa5a8-k-c0xffffffff-no-nd-rj","Chanel yang akan membahas secara dalam tentang Rumah, Kebun, dan Taman","Shopee","https://shopee.co.id/infarmofficialshop","Instagram","https://www.instagram.com/infarm.id/","Tiktok","https://www.tiktok.com/@infarmid","Lazada ","https://s.lazada.co.id/l.1hRr","UChl0FvQJ5_1CmPCSzikU_Uw","Jun 23, 2019","Indonesia","infarm id","828","158014892","https://www.youtube.com/channel/UChl0FvQJ5_1CmPCSzikU_Uw",,"54",,"2024-09-23T00:00:00.000Z",,,,,,,,,,,,,,,,,,,"https://www.youtube.com/@infarmid/shorts","Ziw5hU34_gs","https://www.youtube.com/@infarmid","false","false",,"4200",,"363000","9",,,"https://i.ytimg.com/vi/Ziw5hU34_gs/oardefault.jpg?sqp=-oaymwEqCJUDENAFSFqQAgHyq4qpAxkIARUAAIhC2AEB4gEMCBwQAhgGIAE4AUAB&rs=AOn4CLAteShJFnEzUhkKe9HbEBana7084g","Cara ngompos dirumah pakai galon bekas","shorts","https://www.youtube.com/shorts/Ziw5hU34_gs","189110"
"https://yt3.googleusercontent.com/ytc/AIdro_ljVCUnlbr67HN8PMqsVQ84cWvK-I4RigUxvZVbe5H1ZQ=s160-c-k-c0x00ffffff-no-rj","https://yt3.googleusercontent.com/afPoy1zE-yBTfvjqw2FngNP3ym2dGeP7AReU7khT2SIbzMj9PNCNEKoxsNJc4NDzO9dchVGLHQ=w2560-fcrop64=1,00005a57ffffa5a8-k-c0xffffffff-no-nd-rj","Chanel yang akan membahas secara dalam tentang Rumah, Kebun, dan Taman","Shopee","https://shopee.co.id/infarmofficialshop","Instagram","https://www.instagram.com/infarm.id/","Tiktok","https://www.tiktok.com/@infarmid","Lazada ","https://s.lazada.co.id/l.1hRr","UChl0FvQJ5_1CmPCSzikU_Uw","Jun 23, 2019","Indonesia","infarm id","828","158014892","https://www.youtube.com/channel/UChl0FvQJ5_1CmPCSzikU_Uw",,"19",,"2024-09-23T14:02:45.000Z",,,,,,,,,,,,,,,,,,,"https://www.youtube.com/@infarmid/shorts","VZ8TisBx4A4","https://www.youtube.com/@infarmid","false","false",,"845",,"363000","10",,,"https://i.ytimg.com/vi/VZ8TisBx4A4/oardefault.jpg?sqp=-oaymwEqCJUDENAFSFqQAgHyq4qpAxkIARUAAIhC2AEB4gEMCBwQAhgGIAE4AUAB&rs=AOn4CLBBqqkzsFkWyoQlOnBF_C36ljjSOw","Nanam kangkung gak pakai tanah","shorts","https://www.youtube.com/shorts/VZ8TisBx4A4","20585"
"https://yt3.googleusercontent.com/ytc/AIdro_ljVCUnlbr67HN8PMqsVQ84cWvK-I4RigUxvZVbe5H1ZQ=s160-c-k-c0x00ffffff-no-rj","https://yt3.googleusercontent.com/afPoy1zE-yBTfvjqw2FngNP3ym2dGeP7AReU7khT2SIbzMj9PNCNEKoxsNJc4NDzO9dchVGLHQ=w2560-fcrop64=1,00005a57ffffa5a8-k-c0xffffffff-no-nd-rj","Chanel yang akan membahas secara dalam tentang Rumah, Kebun, dan Taman","Shopee","https://shopee.co.id/infarmofficialshop","Instagram","https://www.instagram.com/infarm.id/","Tiktok","https://www.tiktok.com/@infarmid","Lazada ","https://s.lazada.co.id/l.1hRr","UChl0FvQJ5_1CmPCSzikU_Uw","Jun 23, 2019","Indonesia","infarm id","828","158014892","https://www.youtube.com/channel/UChl0FvQJ5_1CmPCSzikU_Uw",,"62",,"2024-09-24T00:00:00.000Z",,,,,,,,,,,,,,,,,,,"https://www.youtube.com/@infarmid/shorts","PVPG22yeHuw","https://www.youtube.com/@infarmid","false","false",,"1600",,"363000","7",,,"https://i.ytimg.com/vi/PVPG22yeHuw/oardefault.jpg?sqp=-oaymwEqCJUDENAFSFqQAgHyq4qpAxkIARUAAIhC2AEB4gEMCBwQAhgGIAE4AUAB&rs=AOn4CLD7_jHJhTdBd06nba77wdmvrtawdA","Teknik unik nanam cabai dilahan sempit","shorts","https://www.youtube.com/shorts/PVPG22yeHuw","31776"
"https://yt3.googleusercontent.com/ytc/AIdro_ljVCUnlbr67HN8PMqsVQ84cWvK-I4RigUxvZVbe5H1ZQ=s160-c-k-c0x00ffffff-no-rj","https://yt3.googleusercontent.com/afPoy1zE-yBTfvjqw2FngNP3ym2dGeP7AReU7khT2SIbzMj9PNCNEKoxsNJc4NDzO9dchVGLHQ=w2560-fcrop64=1,00005a57ffffa5a8-k-c0xffffffff-no-nd-rj","Chanel yang akan membahas secara dalam tentang Rumah, Kebun, dan Taman","Shopee","https://shopee.co.id/infarmofficialshop","Instagram","https://www.instagram.com/infarm.id/","Tiktok","https://www.tiktok.com/@infarmid","Lazada ","https://s.lazada.co.id/l.1hRr","UChl0FvQJ5_1CmPCSzikU_Uw","Jun 23, 2019","Indonesia","infarm id","828","158014892","https://www.youtube.com/channel/UChl0FvQJ5_1CmPCSzikU_Uw",,"643",,"2024-09-24T00:00:00.000Z",,,,,,,,,,,,,,,,,,,"https://www.youtube.com/@infarmid/shorts","5BYCd6sOcrM","https://www.youtube.com/@infarmid","false","false",,"17000",,"363000","8",,,"https://i.ytimg.com/vi/5BYCd6sOcrM/oardefault.jpg?sqp=-oaymwEqCJUDENAFSFqQAgHyq4qpAxkIARUAAIhC2AEB4gEMCBwQAhgGIAE4AUAB&rs=AOn4CLDrv78QvjEUuL0LUlRmllD1c3nCcg","Cara olah tanaman pengganti nasi","shorts","https://www.youtube.com/shorts/5BYCd6sOcrM","654941"
"https://yt3.googleusercontent.com/ytc/AIdro_ljVCUnlbr67HN8PMqsVQ84cWvK-I4RigUxvZVbe5H1ZQ=s160-c-k-c0x00ffffff-no-rj","https://yt3.googleusercontent.com/afPoy1zE-yBTfvjqw2FngNP3ym2dGeP7AReU7khT2SIbzMj9PNCNEKoxsNJc4NDzO9dchVGLHQ=w2560-fcrop64=1,00005a57ffffa5a8-k-c0xffffffff-no-nd-rj","Chanel yang akan membahas secara dalam tentang Rumah, Kebun, dan Taman","Shopee","https://shopee.co.id/infarmofficialshop","Instagram","https://www.instagram.com/infarm.id/","Tiktok","https://www.tiktok.com/@infarmid","Lazada ","https://s.lazada.co.id/l.1hRr","UChl0FvQJ5_1CmPCSzikU_Uw","Jun 23, 2019","Indonesia","infarm id","828","158014892","https://www.youtube.com/channel/UChl0FvQJ5_1CmPCSzikU_Uw",,"55",,"2024-09-27T00:00:00.000Z",,,,,,,,,,,,,,,,,,,"https://www.youtube.com/@infarmid/shorts","ZWkZ-jPEwBM","https://www.youtube.com/@infarmid","false","false",,"2400",,"363000","6",,,"https://i.ytimg.com/vi/ZWkZ-jPEwBM/oardefault.jpg?sqp=-oaymwEqCJUDENAFSFqQAgHyq4qpAxkIARUAAIhC2AEB4gEMCBwQAhgGIAE4AUAB&rs=AOn4CLDwhQ-7APEsZKJnaxWrQt4_PdQIbQ","Jangan asal pakai media tanam kalau mau tanamanmu gak mati sia sia","shorts","https://www.youtube.com/shorts/ZWkZ-jPEwBM","86572"
"https://yt3.googleusercontent.com/ytc/AIdro_ljVCUnlbr67HN8PMqsVQ84cWvK-I4RigUxvZVbe5H1ZQ=s160-c-k-c0x00ffffff-no-rj","https://yt3.googleusercontent.com/afPoy1zE-yBTfvjqw2FngNP3ym2dGeP7AReU7khT2SIbzMj9PNCNEKoxsNJc4NDzO9dchVGLHQ=w2560-fcrop64=1,00005a57ffffa5a8-k-c0xffffffff-no-nd-rj","Chanel yang akan membahas secara dalam tentang Rumah, Kebun, dan Taman","Shopee","https://shopee.co.id/infarmofficialshop","Instagram","https://www.instagram.com/infarm.id/","Tiktok","https://www.tiktok.com/@infarmid","Lazada ","https://s.lazada.co.id/l.1hRr","UChl0FvQJ5_1CmPCSzikU_Uw","Jun 23, 2019","Indonesia","infarm id","828","158014892","https://www.youtube.com/channel/UChl0FvQJ5_1CmPCSzikU_Uw",,"48",,"2024-09-30T08:12:28.000Z",,,,,,,,,,,,,,,,,,,"https://www.youtube.com/@infarmid/shorts","bvYj8Ra1xwM","https://www.youtube.com/@infarmid","false","false",,"1200",,"363000","4",,,"https://i.ytimg.com/vi/bvYj8Ra1xwM/oardefault.jpg?sqp=-oaymwEqCJUDENAFSFqQAgHyq4qpAxkIARUAAIhC2AEB4gEMCBwQAhgGIAE4AUAB&rs=AOn4CLBl7QjghI7d8IGKXU8WRrLQc00c4A","Tips buat hilangin rasa pahit pada sayuran","shorts","https://www.youtube.com/shorts/bvYj8Ra1xwM","26559"
"https://yt3.googleusercontent.com/ytc/AIdro_ljVCUnlbr67HN8PMqsVQ84cWvK-I4RigUxvZVbe5H1ZQ=s160-c-k-c0x00ffffff-no-rj","https://yt3.googleusercontent.com/afPoy1zE-yBTfvjqw2FngNP3ym2dGeP7AReU7khT2SIbzMj9PNCNEKoxsNJc4NDzO9dchVGLHQ=w2560-fcrop64=1,00005a57ffffa5a8-k-c0xffffffff-no-nd-rj","Chanel yang akan membahas secara dalam tentang Rumah, Kebun, dan Taman","Shopee","https://shopee.co.id/infarmofficialshop","Instagram","https://www.instagram.com/infarm.id/","Tiktok","https://www.tiktok.com/@infarmid","Lazada ","https://s.lazada.co.id/l.1hRr","UChl0FvQJ5_1CmPCSzikU_Uw","Jun 23, 2019","Indonesia","infarm id","828","158014892","https://www.youtube.com/channel/UChl0FvQJ5_1CmPCSzikU_Uw",,"13",,"2024-09-30T00:00:00.000Z",,,,,,,,,,,,,,,,,,,"https://www.youtube.com/@infarmid/shorts","u-M7gkSPgQE","https://www.youtube.com/@infarmid","false","false",,"265",,"363000","3",,,"https://i.ytimg.com/vi/u-M7gkSPgQE/oar2.jpg?sqp=-oaymwEqCJUDENAFSFqQAgHyq4qpAxkIARUAAIhC2AEB4gEMCBwQAhgGIAE4AUAB&rs=AOn4CLBqcXYDfLsXlZAgn0xMIyL5EMo2vw","Gak perlu ribet‼️Tinggal Nunggu 1-2 minggu tanah jadi auto  gembur","shorts","https://www.youtube.com/shorts/u-M7gkSPgQE","11030"
"https://yt3.googleusercontent.com/ytc/AIdro_ljVCUnlbr67HN8PMqsVQ84cWvK-I4RigUxvZVbe5H1ZQ=s160-c-k-c0x00ffffff-no-rj","https://yt3.googleusercontent.com/afPoy1zE-yBTfvjqw2FngNP3ym2dGeP7AReU7khT2SIbzMj9PNCNEKoxsNJc4NDzO9dchVGLHQ=w2560-fcrop64=1,00005a57ffffa5a8-k-c0xffffffff-no-nd-rj","Chanel yang akan membahas secara dalam tentang Rumah, Kebun, dan Taman","Shopee","https://shopee.co.id/infarmofficialshop","Instagram","https://www.instagram.com/infarm.id/","Tiktok","https://www.tiktok.com/@infarmid","Lazada ","https://s.lazada.co.id/l.1hRr","UChl0FvQJ5_1CmPCSzikU_Uw","Jun 23, 2019","Indonesia","infarm id","828","158014892","https://www.youtube.com/channel/UChl0FvQJ5_1CmPCSzikU_Uw",,"120",,"2024-09-29T10:24:15.000Z",,,,,,,,,,,,,,,,,,,"https://www.youtube.com/@infarmid/shorts","LNphvnAsQYY","https://www.youtube.com/@infarmid","false","false",,"1200",,"363000","5",,,"https://i.ytimg.com/vi/LNphvnAsQYY/oardefault.jpg?sqp=-oaymwEqCJUDENAFSFqQAgHyq4qpAxkIARUAAIhC2AEB4gEMCBwQAhgGIAE4AUAB&rs=AOn4CLDASLYq3W7EJVPejIJA2Jr2MVbnbA","Di daerah kalian ini namanya bawang apa ?","shorts","https://www.youtube.com/shorts/LNphvnAsQYY","42297"
"https://yt3.googleusercontent.com/ytc/AIdro_ljVCUnlbr67HN8PMqsVQ84cWvK-I4RigUxvZVbe5H1ZQ=s160-c-k-c0x00ffffff-no-rj","https://yt3.googleusercontent.com/afPoy1zE-yBTfvjqw2FngNP3ym2dGeP7AReU7khT2SIbzMj9PNCNEKoxsNJc4NDzO9dchVGLHQ=w2560-fcrop64=1,00005a57ffffa5a8-k-c0xffffffff-no-nd-rj","Chanel yang akan membahas secara dalam tentang Rumah, Kebun, dan Taman","Shopee","https://shopee.co.id/infarmofficialshop","Instagram","https://www.instagram.com/infarm.id/","Tiktok","https://www.tiktok.com/@infarmid","Lazada ","https://s.lazada.co.id/l.1hRr","UChl0FvQJ5_1CmPCSzikU_Uw","Jun 23, 2019","Indonesia","infarm id","828","158014892","https://www.youtube.com/channel/UChl0FvQJ5_1CmPCSzikU_Uw",,"42",,"2024-10-01T00:00:00.000Z",,,,,,,,,,,,,,,,,,,"https://www.youtube.com/@infarmid/shorts","uQC62yvULKg","https://www.youtube.com/@infarmid","false","false",,"662",,"363000","2",,,"https://i.ytimg.com/vi/uQC62yvULKg/oardefault.jpg?sqp=-oaymwEqCJUDENAFSFqQAgHyq4qpAxkIARUAAIhC2AEB4gEMCBwQAhgGIAE4AUAB&rs=AOn4CLBuawYCCDC7frSrcq8xKpnSzJring","Tanaman yang katanya bisa usir jin","shorts","https://www.youtube.com/shorts/uQC62yvULKg","18728"
"https://yt3.googleusercontent.com/ytc/AIdro_ljVCUnlbr67HN8PMqsVQ84cWvK-I4RigUxvZVbe5H1ZQ=s160-c-k-c0x00ffffff-no-rj","https://yt3.googleusercontent.com/afPoy1zE-yBTfvjqw2FngNP3ym2dGeP7AReU7khT2SIbzMj9PNCNEKoxsNJc4NDzO9dchVGLHQ=w2560-fcrop64=1,00005a57ffffa5a8-k-c0xffffffff-no-nd-rj","Chanel yang akan membahas secara dalam tentang Rumah, Kebun, dan Taman","Shopee","https://shopee.co.id/infarmofficialshop","Instagram","https://www.instagram.com/infarm.id/","Tiktok","https://www.tiktok.com/@infarmid","Lazada ","https://s.lazada.co.id/l.1hRr","UChl0FvQJ5_1CmPCSzikU_Uw","Jun 23, 2019","Indonesia","infarm id","828","158014892","https://www.youtube.com/channel/UChl0FvQJ5_1CmPCSzikU_Uw",,"18",,"2024-10-04T00:00:00.000Z",,,,,,,,,,,,,,,,,,,"https://www.youtube.com/@infarmid/shorts","sK9AqGd6Yvs","https://www.youtube.com/@infarmid","false","false",,"503",,"363000","0",,,"https://i.ytimg.com/vi/sK9AqGd6Yvs/oardefault.jpg?sqp=-oaymwEqCJUDENAFSFqQAgHyq4qpAxkIARUAAIhC2AEB4gEMCBwQAhgGIAE4AUAB&rs=AOn4CLDXG8M3nNUjhGTyRxIQmQUZevrmkw","Trik gundulin cabai biar berbuah lebat","shorts","https://www.youtube.com/shorts/sK9AqGd6Yvs","7504"
"https://yt3.googleusercontent.com/ytc/AIdro_ljVCUnlbr67HN8PMqsVQ84cWvK-I4RigUxvZVbe5H1ZQ=s160-c-k-c0x00ffffff-no-rj","https://yt3.googleusercontent.com/afPoy1zE-yBTfvjqw2FngNP3ym2dGeP7AReU7khT2SIbzMj9PNCNEKoxsNJc4NDzO9dchVGLHQ=w2560-fcrop64=1,00005a57ffffa5a8-k-c0xffffffff-no-nd-rj","Chanel yang akan membahas secara dalam tentang Rumah, Kebun, dan Taman","Shopee","https://shopee.co.id/infarmofficialshop","Instagram","https://www.instagram.com/infarm.id/","Tiktok","https://www.tiktok.com/@infarmid","Lazada ","https://s.lazada.co.id/l.1hRr","UChl0FvQJ5_1CmPCSzikU_Uw","Jun 23, 2019","Indonesia","infarm id","828","158014892","https://www.youtube.com/channel/UChl0FvQJ5_1CmPCSzikU_Uw",,"38",,"2024-10-03T15:06:59.000Z",,,,,,,,,,,,,,,,,,,"https://www.youtube.com/@infarmid/shorts","hE-bkzh5fN8","https://www.youtube.com/@infarmid","false","false",,"554",,"363000","1",,,"https://i.ytimg.com/vi/hE-bkzh5fN8/oardefault.jpg?sqp=-oaymwEqCJUDENAFSFqQAgHyq4qpAxkIARUAAIhC2AEB4gEMCBwQAhgGIAE4AUAB&rs=AOn4CLAO4Ml3eh9oHlpGRTvY1wGSGX2cPw","Nanam sayuran nempel ditembok","shorts","https://www.youtube.com/shorts/hE-bkzh5fN8","12127"
"https://yt3.googleusercontent.com/ytc/AIdro_ljVCUnlbr67HN8PMqsVQ84cWvK-I4RigUxvZVbe5H1ZQ=s160-c-k-c0x00ffffff-no-rj","https://yt3.googleusercontent.com/afPoy1zE-yBTfvjqw2FngNP3ym2dGeP7AReU7khT2SIbzMj9PNCNEKoxsNJc4NDzO9dchVGLHQ=w2560-fcrop64=1,00005a57ffffa5a8-k-c0xffffffff-no-nd-rj","Chanel yang akan membahas secara dalam tentang Rumah, Kebun, dan Taman","Shopee","https://shopee.co.id/infarmofficialshop","Instagram","https://www.instagram.com/infarm.id/","Tiktok","https://www.tiktok.com/@infarmid","Lazada ","https://s.lazada.co.id/l.1hRr","UChl0FvQJ5_1CmPCSzikU_Uw","Jun 23, 2019","Indonesia","infarm id","828","158014892","https://www.youtube.com/channel/UChl0FvQJ5_1CmPCSzikU_Uw",,"83",,"2024-09-01T15:23:19.000Z",,,,,,,,,,,,,,,,,,,"https://www.youtube.com/@infarmid/shorts","VsN11QmJgLQ","https://www.youtube.com/@infarmid","false","false",,"1100",,"363000","34",,,"https://i.ytimg.com/vi/VsN11QmJgLQ/oardefault.jpg?sqp=-oaymwEqCJUDENAFSFqQAgHyq4qpAxkIARUAAIhC2AEB4gEMCBwQAhgGIAE4AUAB&rs=AOn4CLDxHrDM2gMXZO4bVA6kx_zb9B3TlA","Nanam jagung ungu di dataran rendah","shorts","https://www.youtube.com/shorts/VsN11QmJgLQ","27276"
"https://yt3.googleusercontent.com/ytc/AIdro_ljVCUnlbr67HN8PMqsVQ84cWvK-I4RigUxvZVbe5H1ZQ=s160-c-k-c0x00ffffff-no-rj","https://yt3.googleusercontent.com/afPoy1zE-yBTfvjqw2FngNP3ym2dGeP7AReU7khT2SIbzMj9PNCNEKoxsNJc4NDzO9dchVGLHQ=w2560-fcrop64=1,00005a57ffffa5a8-k-c0xffffffff-no-nd-rj","Chanel yang akan membahas secara dalam tentang Rumah, Kebun, dan Taman","Shopee","https://shopee.co.id/infarmofficialshop","Instagram","https://www.instagram.com/infarm.id/","Tiktok","https://www.tiktok.com/@infarmid","Lazada ","https://s.lazada.co.id/l.1hRr","UChl0FvQJ5_1CmPCSzikU_Uw","Jun 23, 2019","Indonesia","infarm id","828","158014892","https://www.youtube.com/channel/UChl0FvQJ5_1CmPCSzikU_Uw",,"29",,"2024-09-04T09:12:11.000Z",,,,,,,,,,,,,,,,,,,"https://www.youtube.com/@infarmid/shorts","-uAKqt2yL3Y","https://www.youtube.com/@infarmid","false","false",,"909",,"363000","31",,,"https://i.ytimg.com/vi/-uAKqt2yL3Y/oardefault.jpg?sqp=-oaymwEqCJUDENAFSFqQAgHyq4qpAxkIARUAAIhC2AEB4gEMCBwQAhgGIAE4AUAB&rs=AOn4CLAlJNYAsP0pA-wAGdhmK53c5CH28g","Bikin pesnab dari bawang putih","shorts","https://www.youtube.com/shorts/-uAKqt2yL3Y","26825"
"https://yt3.googleusercontent.com/ytc/AIdro_ljVCUnlbr67HN8PMqsVQ84cWvK-I4RigUxvZVbe5H1ZQ=s160-c-k-c0x00ffffff-no-rj","https://yt3.googleusercontent.com/afPoy1zE-yBTfvjqw2FngNP3ym2dGeP7AReU7khT2SIbzMj9PNCNEKoxsNJc4NDzO9dchVGLHQ=w2560-fcrop64=1,00005a57ffffa5a8-k-c0xffffffff-no-nd-rj","Chanel yang akan membahas secara dalam tentang Rumah, Kebun, dan Taman","Shopee","https://shopee.co.id/infarmofficialshop","Instagram","https://www.instagram.com/infarm.id/","Tiktok","https://www.tiktok.com/@infarmid","Lazada ","https://s.lazada.co.id/l.1hRr","UChl0FvQJ5_1CmPCSzikU_Uw","Jun 23, 2019","Indonesia","infarm id","828","158014892","https://www.youtube.com/channel/UChl0FvQJ5_1CmPCSzikU_Uw",,"32",,"2024-09-02T00:00:00.000Z",,,,,,,,,,,,,,,,,,,"https://www.youtube.com/@infarmid/shorts","nsqP_jbUrNg","https://www.youtube.com/@infarmid","false","false",,"2500",,"363000","33",,,"https://i.ytimg.com/vi/nsqP_jbUrNg/oardefault.jpg?sqp=-oaymwEqCJUDENAFSFqQAgHyq4qpAxkIARUAAIhC2AEB4gEMCBwQAhgGIAE4AUAB&rs=AOn4CLDgsMIa8yb6qlfRQ5Plbw72C6tayw","Cara seleski benih yang cacat dan bagus","shorts","https://www.youtube.com/shorts/nsqP_jbUrNg","66255"
"https://yt3.googleusercontent.com/ytc/AIdro_ljVCUnlbr67HN8PMqsVQ84cWvK-I4RigUxvZVbe5H1ZQ=s160-c-k-c0x00ffffff-no-rj","https://yt3.googleusercontent.com/afPoy1zE-yBTfvjqw2FngNP3ym2dGeP7AReU7khT2SIbzMj9PNCNEKoxsNJc4NDzO9dchVGLHQ=w2560-fcrop64=1,00005a57ffffa5a8-k-c0xffffffff-no-nd-rj","Chanel yang akan membahas secara dalam tentang Rumah, Kebun, dan Taman","Shopee","https://shopee.co.id/infarmofficialshop","Instagram","https://www.instagram.com/infarm.id/","Tiktok","https://www.tiktok.com/@infarmid","Lazada ","https://s.lazada.co.id/l.1hRr","UChl0FvQJ5_1CmPCSzikU_Uw","Jun 23, 2019","Indonesia","infarm id","828","158014892","https://www.youtube.com/channel/UChl0FvQJ5_1CmPCSzikU_Uw",,"38",,"2024-09-04T06:49:18.000Z",,,,,,,,,,,,,,,,,,,"https://www.youtube.com/@infarmid/shorts","m6megRpMsQQ","https://www.youtube.com/@infarmid","false","false",,"674",,"363000","32",,,"https://i.ytimg.com/vi/m6megRpMsQQ/oardefault.jpg?sqp=-oaymwEqCJUDENAFSFqQAgHyq4qpAxkIARUAAIhC2AEB4gEMCBwQAhgGIAE4AUAB&rs=AOn4CLAztN0m2wKhS9msSLcgseCsi0d6eA","Tips cepet berbuah nanam dari benih","shorts","https://www.youtube.com/shorts/m6megRpMsQQ","16419"
"https://yt3.googleusercontent.com/ytc/AIdro_ljVCUnlbr67HN8PMqsVQ84cWvK-I4RigUxvZVbe5H1ZQ=s160-c-k-c0x00ffffff-no-rj","https://yt3.googleusercontent.com/afPoy1zE-yBTfvjqw2FngNP3ym2dGeP7AReU7khT2SIbzMj9PNCNEKoxsNJc4NDzO9dchVGLHQ=w2560-fcrop64=1,00005a57ffffa5a8-k-c0xffffffff-no-nd-rj","Chanel yang akan membahas secara dalam tentang Rumah, Kebun, dan Taman","Shopee","https://shopee.co.id/infarmofficialshop","Instagram","https://www.instagram.com/infarm.id/","Tiktok","https://www.tiktok.com/@infarmid","Lazada ","https://s.lazada.co.id/l.1hRr","UChl0FvQJ5_1CmPCSzikU_Uw","Jun 23, 2019","Indonesia","infarm id","828","158014892","https://www.youtube.com/channel/UChl0FvQJ5_1CmPCSzikU_Uw",,"3",,"2024-09-05T08:42:52.000Z",,,,,,,,,,,,,,,,,,,"https://www.youtube.com/@infarmid/shorts","4dJ_Aobu6A0","https://www.youtube.com/@infarmid","false","false",,"474",,"363000","30",,,"https://i.ytimg.com/vi/4dJ_Aobu6A0/oardefault.jpg?sqp=-oaymwEqCJUDENAFSFqQAgHyq4qpAxkIARUAAIhC2AEB4gEMCBwQAhgGIAE4AUAB&rs=AOn4CLBXOK0_TFhjMlVp2SYDYIYBPetuvg","Cara perbenyak bunga rosela dari batang","shorts","https://www.youtube.com/shorts/4dJ_Aobu6A0","12536"
"https://yt3.googleusercontent.com/ytc/AIdro_ljVCUnlbr67HN8PMqsVQ84cWvK-I4RigUxvZVbe5H1ZQ=s160-c-k-c0x00ffffff-no-rj","https://yt3.googleusercontent.com/afPoy1zE-yBTfvjqw2FngNP3ym2dGeP7AReU7khT2SIbzMj9PNCNEKoxsNJc4NDzO9dchVGLHQ=w2560-fcrop64=1,00005a57ffffa5a8-k-c0xffffffff-no-nd-rj","Chanel yang akan membahas secara dalam tentang Rumah, Kebun, dan Taman","Shopee","https://shopee.co.id/infarmofficialshop","Instagram","https://www.instagram.com/infarm.id/","Tiktok","https://www.tiktok.com/@infarmid","Lazada ","https://s.lazada.co.id/l.1hRr","UChl0FvQJ5_1CmPCSzikU_Uw","Jun 23, 2019","Indonesia","infarm id","828","158014892","https://www.youtube.com/channel/UChl0FvQJ5_1CmPCSzikU_Uw",,"20",,"2024-09-09T15:04:37.000Z",,,,,,,,,,,,,,,,,,,"https://www.youtube.com/@infarmid/shorts","Tu-4jPhrQSU","https://www.youtube.com/@infarmid","false","false",,"1700",,"363000","28",,,"https://i.ytimg.com/vi/Tu-4jPhrQSU/oar2.jpg?sqp=-oaymwEqCJUDENAFSFqQAgHyq4qpAxkIARUAAIhC2AEB4gEMCBwQAhgGIAE4AUAB&rs=AOn4CLCjrA1BJV7zxjHQu2Bs6daX8Oj4gg","Sulap tanah gragal jadi subur","shorts","https://www.youtube.com/shorts/Tu-4jPhrQSU","93403"
"https://yt3.googleusercontent.com/ytc/AIdro_ljVCUnlbr67HN8PMqsVQ84cWvK-I4RigUxvZVbe5H1ZQ=s160-c-k-c0x00ffffff-no-rj","https://yt3.googleusercontent.com/afPoy1zE-yBTfvjqw2FngNP3ym2dGeP7AReU7khT2SIbzMj9PNCNEKoxsNJc4NDzO9dchVGLHQ=w2560-fcrop64=1,00005a57ffffa5a8-k-c0xffffffff-no-nd-rj","Chanel yang akan membahas secara dalam tentang Rumah, Kebun, dan Taman","Shopee","https://shopee.co.id/infarmofficialshop","Instagram","https://www.instagram.com/infarm.id/","Tiktok","https://www.tiktok.com/@infarmid","Lazada ","https://s.lazada.co.id/l.1hRr","UChl0FvQJ5_1CmPCSzikU_Uw","Jun 23, 2019","Indonesia","infarm id","828","158014892","https://www.youtube.com/channel/UChl0FvQJ5_1CmPCSzikU_Uw",,"12",,"2024-09-10T00:00:00.000Z",,,,,,,,,,,,,,,,,,,"https://www.youtube.com/@infarmid/shorts","tG4W7-uDtx4","https://www.youtube.com/@infarmid","false","false",,"461",,"363000","25",,,"https://i.ytimg.com/vi/tG4W7-uDtx4/oardefault.jpg?sqp=-oaymwEqCJUDENAFSFqQAgHyq4qpAxkIARUAAIhC2AEB4gEMCBwQAhgGIAE4AUAB&rs=AOn4CLDq5oWzxe-yV_fBA6BmE6_U3Otfdg","Ramuan ajaib pelebat cabai","shorts","https://www.youtube.com/shorts/tG4W7-uDtx4","17515"
"https://yt3.googleusercontent.com/ytc/AIdro_ljVCUnlbr67HN8PMqsVQ84cWvK-I4RigUxvZVbe5H1ZQ=s160-c-k-c0x00ffffff-no-rj","https://yt3.googleusercontent.com/afPoy1zE-yBTfvjqw2FngNP3ym2dGeP7AReU7khT2SIbzMj9PNCNEKoxsNJc4NDzO9dchVGLHQ=w2560-fcrop64=1,00005a57ffffa5a8-k-c0xffffffff-no-nd-rj","Chanel yang akan membahas secara dalam tentang Rumah, Kebun, dan Taman","Shopee","https://shopee.co.id/infarmofficialshop","Instagram","https://www.instagram.com/infarm.id/","Tiktok","https://www.tiktok.com/@infarmid","Lazada ","https://s.lazada.co.id/l.1hRr","UChl0FvQJ5_1CmPCSzikU_Uw","Jun 23, 2019","Indonesia","infarm id","828","158014892","https://www.youtube.com/channel/UChl0FvQJ5_1CmPCSzikU_Uw",,"16",,"2024-09-09T00:00:00.000Z",,,,,,,,,,,,,,,,,,,"https://www.youtube.com/@infarmid/shorts","zljYIDzwfuU","https://www.youtube.com/@infarmid","false","false",,"625",,"363000","27",,,"https://i.ytimg.com/vi/zljYIDzwfuU/oar2.jpg?sqp=-oaymwEqCJUDENAFSFqQAgHyq4qpAxkIARUAAIhC2AEB4gEMCBwQAhgGIAE4AUAB&rs=AOn4CLBn_aHgU3CWG_A4UJMU1lBz05SA9w","Rahasia tukang berbuah agar tanamannya berbuah","shorts","https://www.youtube.com/shorts/zljYIDzwfuU","14380"
"https://yt3.googleusercontent.com/ytc/AIdro_ljVCUnlbr67HN8PMqsVQ84cWvK-I4RigUxvZVbe5H1ZQ=s160-c-k-c0x00ffffff-no-rj","https://yt3.googleusercontent.com/afPoy1zE-yBTfvjqw2FngNP3ym2dGeP7AReU7khT2SIbzMj9PNCNEKoxsNJc4NDzO9dchVGLHQ=w2560-fcrop64=1,00005a57ffffa5a8-k-c0xffffffff-no-nd-rj","Chanel yang akan membahas secara dalam tentang Rumah, Kebun, dan Taman","Shopee","https://shopee.co.id/infarmofficialshop","Instagram","https://www.instagram.com/infarm.id/","Tiktok","https://www.tiktok.com/@infarmid","Lazada ","https://s.lazada.co.id/l.1hRr","UChl0FvQJ5_1CmPCSzikU_Uw","Jun 23, 2019","Indonesia","infarm id","828","158014892","https://www.youtube.com/channel/UChl0FvQJ5_1CmPCSzikU_Uw",,"13",,"2024-09-05T00:00:00.000Z",,,,,,,,,,,,,,,,,,,"https://www.youtube.com/@infarmid/shorts","tSInFZiJgMw","https://www.youtube.com/@infarmid","false","false",,"878",,"363000","29",,,"https://i.ytimg.com/vi/tSInFZiJgMw/oardefault.jpg?sqp=-oaymwEqCJUDENAFSFqQAgHyq4qpAxkIARUAAIhC2AEB4gEMCBwQAhgGIAE4AUAB&rs=AOn4CLDEMxbHLxKRHFXnb_wc9n0C3HmZbw","Bikin Lilin aromaterapi dari bahan alami","shorts","https://www.youtube.com/shorts/tSInFZiJgMw","22960"
"https://yt3.googleusercontent.com/ytc/AIdro_ljVCUnlbr67HN8PMqsVQ84cWvK-I4RigUxvZVbe5H1ZQ=s160-c-k-c0x00ffffff-no-rj","https://yt3.googleusercontent.com/afPoy1zE-yBTfvjqw2FngNP3ym2dGeP7AReU7khT2SIbzMj9PNCNEKoxsNJc4NDzO9dchVGLHQ=w2560-fcrop64=1,00005a57ffffa5a8-k-c0xffffffff-no-nd-rj","Chanel yang akan membahas secara dalam tentang Rumah, Kebun, dan Taman","Shopee","https://shopee.co.id/infarmofficialshop","Instagram","https://www.instagram.com/infarm.id/","Tiktok","https://www.tiktok.com/@infarmid","Lazada ","https://s.lazada.co.id/l.1hRr","UChl0FvQJ5_1CmPCSzikU_Uw","Jun 23, 2019","Indonesia","infarm id","828","158014892","https://www.youtube.com/channel/UChl0FvQJ5_1CmPCSzikU_Uw",,"22",,"2024-09-09T15:07:52.000Z",,,,,,,,,,,,,,,,,,,"https://www.youtube.com/@infarmid/shorts","6YPAuIrYpTA","https://www.youtube.com/@infarmid","false","false",,"913",,"363000","26",,,"https://i.ytimg.com/vi/6YPAuIrYpTA/oar2.jpg?sqp=-oaymwEqCJUDENAFSFqQAgHyq4qpAxkIARUAAIhC2AEB4gEMCBwQAhgGIAE4AUAB&rs=AOn4CLBIzhUN0AK8F3o7kpFw5JKdeW0pvA","Service tanah jadi gembur dan subur","shorts","https://www.youtube.com/shorts/6YPAuIrYpTA","25588"
"https://yt3.googleusercontent.com/ytc/AIdro_ljVCUnlbr67HN8PMqsVQ84cWvK-I4RigUxvZVbe5H1ZQ=s160-c-k-c0x00ffffff-no-rj","https://yt3.googleusercontent.com/afPoy1zE-yBTfvjqw2FngNP3ym2dGeP7AReU7khT2SIbzMj9PNCNEKoxsNJc4NDzO9dchVGLHQ=w2560-fcrop64=1,00005a57ffffa5a8-k-c0xffffffff-no-nd-rj","Chanel yang akan membahas secara dalam tentang Rumah, Kebun, dan Taman","Shopee","https://shopee.co.id/infarmofficialshop","Instagram","https://www.instagram.com/infarm.id/","Tiktok","https://www.tiktok.com/@infarmid","Lazada ","https://s.lazada.co.id/l.1hRr","UChl0FvQJ5_1CmPCSzikU_Uw","Jun 23, 2019","Indonesia","infarm id","828","158014892","https://www.youtube.com/channel/UChl0FvQJ5_1CmPCSzikU_Uw",,"1","false","2024-10-03T09:01:54.000Z",,"https://infarm.id/","https://infarm.id/","https://infarm.id/chat/infarmcs","https://infarm.id/chat/infarmcs","https://www.lazada.co.id/shop/infarmid","https://www.lazada.co.id/shop/infarmid","https://shopee.co.id/infarmofficialshop","https://shopee.co.id/infarmofficialshop","https://www.tokopedia.com/infarm","https://www.tokopedia.com/infarm","  / infarmkatalog  ","https://www.instagram.com/infarmkatalog/","  / infarm.id  ","https://www.instagram.com/infarm.id/","  / masbon.infarm  ","https://www.instagram.com/masbon.infarm/","00:07:55","https://www.youtube.com/@infarmid/streams","vnHhtkmj8ag","https://www.youtube.com/@infarmid","false","false",,"16",,"363000",,,"Support terus channel  Infarm
FOLLOW - SHARE - SUBSCRIBE

Artikel di : https://infarm.id/
Konsultasi Produk : https://infarm.id/chat/infarmcs

Belanja lewat
Lazada : https://www.lazada.co.id/shop/infarmid
Shopee : https://shopee.co.id/infarmofficialshop
https://www.tokopedia.com/infarm

Katalog di
  / infarmkatalog  

Follow Tips Berkebun di 
  / infarm.id  
  / masbon.infarm  ","https://i.ytimg.com/vi/vnHhtkmj8ag/maxresdefault.jpg","infarm id sedang live sekarang!","stream","https://www.youtube.com/watch?v=vnHhtkmj8ag","302"
"https://yt3.googleusercontent.com/ytc/AIdro_ljVCUnlbr67HN8PMqsVQ84cWvK-I4RigUxvZVbe5H1ZQ=s160-c-k-c0x00ffffff-no-rj","https://yt3.googleusercontent.com/afPoy1zE-yBTfvjqw2FngNP3ym2dGeP7AReU7khT2SIbzMj9PNCNEKoxsNJc4NDzO9dchVGLHQ=w2560-fcrop64=1,00005a57ffffa5a8-k-c0xffffffff-no-nd-rj","Chanel yang akan membahas secara dalam tentang Rumah, Kebun, dan Taman","Shopee","https://shopee.co.id/infarmofficialshop","Instagram","https://www.instagram.com/infarm.id/","Tiktok","https://www.tiktok.com/@infarmid","Lazada ","https://s.lazada.co.id/l.1hRr","UChl0FvQJ5_1CmPCSzikU_Uw","Jun 23, 2019","Indonesia","infarm id","828","158014892","https://www.youtube.com/channel/UChl0FvQJ5_1CmPCSzikU_Uw",,"0","false","2024-10-04T16:40:10.000Z",,"https://infarm.id/","https://infarm.id/","https://infarm.id/chat/infarmcs","https://infarm.id/chat/infarmcs","https://www.lazada.co.id/shop/infarmid","https://www.lazada.co.id/shop/infarmid","https://shopee.co.id/infarmofficialshop","https://shopee.co.id/infarmofficialshop","https://www.tokopedia.com/infarm","https://www.tokopedia.com/infarm","  / infarmkatalog  ","https://www.instagram.com/infarmkatalog/","  / infarm.id  ","https://www.instagram.com/infarm.id/","  / masbon.infarm  ","https://www.instagram.com/masbon.infarm/","01:00:15","https://www.youtube.com/@infarmid/streams","QKbb5jJFvTw","https://www.youtube.com/@infarmid","false","false",,"15",,"363000",,,"Support terus channel  Infarm
FOLLOW - SHARE - SUBSCRIBE

Artikel di : https://infarm.id/
Konsultasi Produk : https://infarm.id/chat/infarmcs

Belanja lewat
Lazada : https://www.lazada.co.id/shop/infarmid
Shopee : https://shopee.co.id/infarmofficialshop
https://www.tokopedia.com/infarm

Katalog di
  / infarmkatalog  

Follow Tips Berkebun di 
  / infarm.id  
  / masbon.infarm  ","https://i.ytimg.com/vi/QKbb5jJFvTw/hqdefault.jpg","infarm id sedang live sekarang!","stream","https://www.youtube.com/watch?v=QKbb5jJFvTw","1031"
"https://yt3.googleusercontent.com/ytc/AIdro_ljVCUnlbr67HN8PMqsVQ84cWvK-I4RigUxvZVbe5H1ZQ=s160-c-k-c0x00ffffff-no-rj","https://yt3.googleusercontent.com/afPoy1zE-yBTfvjqw2FngNP3ym2dGeP7AReU7khT2SIbzMj9PNCNEKoxsNJc4NDzO9dchVGLHQ=w2560-fcrop64=1,00005a57ffffa5a8-k-c0xffffffff-no-nd-rj","Chanel yang akan membahas secara dalam tentang Rumah, Kebun, dan Taman","Shopee","https://shopee.co.id/infarmofficialshop","Instagram","https://www.instagram.com/infarm.id/","Tiktok","https://www.tiktok.com/@infarmid","Lazada ","https://s.lazada.co.id/l.1hRr","UChl0FvQJ5_1CmPCSzikU_Uw","Jun 23, 2019","Indonesia","infarm id","828","158014892","https://www.youtube.com/channel/UChl0FvQJ5_1CmPCSzikU_Uw",,"0","false","2024-10-04T06:27:44.000Z",,"https://infarm.id/","https://infarm.id/","https://infarm.id/chat/infarmcs","https://infarm.id/chat/infarmcs","https://www.lazada.co.id/shop/infarmid","https://www.lazada.co.id/shop/infarmid","https://shopee.co.id/infarmofficialshop","https://shopee.co.id/infarmofficialshop","https://www.tokopedia.com/infarm","https://www.tokopedia.com/infarm","  / infarmkatalog  ","https://www.instagram.com/infarmkatalog/","  / infarm.id  ","https://www.instagram.com/infarm.id/","  / masbon.infarm  ","https://www.instagram.com/masbon.infarm/","00:05:08","https://www.youtube.com/@infarmid/streams","Cm65LCP-LQo","https://www.youtube.com/@infarmid","false","false",,"5",,"363000",,,"Support terus channel  Infarm
FOLLOW - SHARE - SUBSCRIBE

Artikel di : https://infarm.id/
Konsultasi Produk : https://infarm.id/chat/infarmcs

Belanja lewat
Lazada : https://www.lazada.co.id/shop/infarmid
Shopee : https://shopee.co.id/infarmofficialshop
https://www.tokopedia.com/infarm

Katalog di
  / infarmkatalog  

Follow Tips Berkebun di 
  / infarm.id  
  / masbon.infarm  ","https://i.ytimg.com/vi/Cm65LCP-LQo/maxresdefault.jpg?sqp=-oaymwEmCIAKENAF8quKqQMa8AEB-AHOBYACgAqKAgwIABABGCAgZSgtMA8=&rs=AOn4CLCWoON_tLofy4XZ9vXKXkMJKQ45MA","Live Stream infarm id","stream","https://www.youtube.com/watch?v=Cm65LCP-LQo","97"
"https://yt3.googleusercontent.com/ytc/AIdro_ljVCUnlbr67HN8PMqsVQ84cWvK-I4RigUxvZVbe5H1ZQ=s160-c-k-c0x00ffffff-no-rj","https://yt3.googleusercontent.com/afPoy1zE-yBTfvjqw2FngNP3ym2dGeP7AReU7khT2SIbzMj9PNCNEKoxsNJc4NDzO9dchVGLHQ=w2560-fcrop64=1,00005a57ffffa5a8-k-c0xffffffff-no-nd-rj","Chanel yang akan membahas secara dalam tentang Rumah, Kebun, dan Taman","Shopee","https://shopee.co.id/infarmofficialshop","Instagram","https://www.instagram.com/infarm.id/","Tiktok","https://www.tiktok.com/@infarmid","Lazada ","https://s.lazada.co.id/l.1hRr","UChl0FvQJ5_1CmPCSzikU_Uw","Jun 23, 2019","Indonesia","infarm id","828","158014892","https://www.youtube.com/channel/UChl0FvQJ5_1CmPCSzikU_Uw",,"1","false","2024-10-04T20:56:39.000Z",,"https://infarm.id/","https://infarm.id/","https://infarm.id/chat/infarmcs","https://infarm.id/chat/infarmcs","https://www.lazada.co.id/shop/infarmid","https://www.lazada.co.id/shop/infarmid","https://shopee.co.id/infarmofficialshop","https://shopee.co.id/infarmofficialshop","https://www.tokopedia.com/infarm","https://www.tokopedia.com/infarm","  / infarmkatalog  ","https://www.instagram.com/infarmkatalog/","  / infarm.id  ","https://www.instagram.com/infarm.id/","  / masbon.infarm  ","https://www.instagram.com/masbon.infarm/","02:06:59","https://www.youtube.com/@infarmid/streams","Iskn5j3jWpY","https://www.youtube.com/@infarmid","false","false",,"17",,"363000",,,"Support terus channel  Infarm
FOLLOW - SHARE - SUBSCRIBE

Artikel di : https://infarm.id/
Konsultasi Produk : https://infarm.id/chat/infarmcs

Belanja lewat
Lazada : https://www.lazada.co.id/shop/infarmid
Shopee : https://shopee.co.id/infarmofficialshop
https://www.tokopedia.com/infarm

Katalog di
  / infarmkatalog  

Follow Tips Berkebun di 
  / infarm.id  
  / masbon.infarm  ","https://i.ytimg.com/vi/Iskn5j3jWpY/maxresdefault.jpg","infarm id sedang live sekarang!","stream","https://www.youtube.com/watch?v=Iskn5j3jWpY","1428"
