﻿"author","authorIsChannelOwner","cid","comment","commentsCount","hasCreatorHeart","pageUrl","publishedTimeText","replyCount","replyToCid","title","type","videoId","voteCount"
"@JejakSahabatTaniOk","false","UgzhMQ9pTNJQkBPgbVN4AaABAg","Istimewa 👍👍","4","false","https://www.youtube.com/watch?v=cZ68EIqsNnc","22 hours ago","1",,"PANEN PADI INPARI32 BINTANGASIA!!! 8 KANTONG MENGHASILKAN 60 KARUNG 3 TON","comment","cZ68EIqsNnc","1"
"@opeqbintangasia","false","UgwGWgxyR7pu_wfOdkV4AaABAg","MantaB lebih hemat benihnya, lebih banyak hasilnya","4","false","https://www.youtube.com/watch?v=cZ68EIqsNnc","6 days ago","1",,"PANEN PADI INPARI32 BINTANGASIA!!! 8 KANTONG MENGHASILKAN 60 KARUNG 3 TON","comment","cZ68EIqsNnc","1"
"@samiseedsindonesia3973","true","UgzhMQ9pTNJQkBPgbVN4AaABAg.A9F6WsUERkEA9G0Sbz_ktl","👍","4","false","https://www.youtube.com/watch?v=cZ68EIqsNnc","14 hours ago","0","UgzhMQ9pTNJQkBPgbVN4AaABAg","PANEN PADI INPARI32 BINTANGASIA!!! 8 KANTONG MENGHASILKAN 60 KARUNG 3 TON","reply","cZ68EIqsNnc","0"
"@samiseedsindonesia3973","true","UgwGWgxyR7pu_wfOdkV4AaABAg.A918Yuj6L9aA91MQndmPf-","Ya lebih hemat sedikit ketimbang padi lokal lainnya.","4","false","https://www.youtube.com/watch?v=cZ68EIqsNnc","6 days ago","0","UgwGWgxyR7pu_wfOdkV4AaABAg","PANEN PADI INPARI32 BINTANGASIA!!! 8 KANTONG MENGHASILKAN 60 KARUNG 3 TON","reply","cZ68EIqsNnc","0"
