﻿"commentUrl","comments/0/commentUrl","comments/0/commentsCount","comments/0/date","comments/0/feedbackId","comments/0/id","comments/0/likesCount","comments/0/parentComment/author/__typename","comments/0/parentComment/author/id","comments/0/parentComment/author/name","comments/0/parentComment/author/short_name","comments/0/parentComment/id","comments/0/profileId","comments/0/profileName","comments/0/profilePicture","comments/0/profileUrl","comments/0/replyToCommentId","comments/0/text","comments/0/threadingDepth","comments/1/commentUrl","comments/1/date","comments/1/feedbackId","comments/1/id","comments/1/likesCount","comments/1/parentComment/author/__typename","comments/1/parentComment/author/id","comments/1/parentComment/author/name","comments/1/parentComment/author/short_name","comments/1/parentComment/id","comments/1/profileId","comments/1/profileName","comments/1/profilePicture","comments/1/profileUrl","comments/1/replyToCommentId","comments/1/text","comments/1/threadingDepth","comments/2/commentUrl","comments/2/date","comments/2/feedbackId","comments/2/id","comments/2/likesCount","comments/2/parentComment/author/__typename","comments/2/parentComment/author/id","comments/2/parentComment/author/name","comments/2/parentComment/author/short_name","comments/2/parentComment/id","comments/2/profileId","comments/2/profileName","comments/2/profilePicture","comments/2/profileUrl","comments/2/replyToCommentId","comments/2/text","comments/2/threadingDepth","commentsCount","date","facebookId","facebookUrl","feedbackId","id","inputUrl","likesCount","pageAdLibrary/id","pageAdLibrary/is_business_page_active","parentComment/author/__typename","parentComment/author/id","parentComment/author/name","parentComment/author/short_name","parentComment/id","postTitle","profileId","profileName","profilePicture","profileUrl","replyToCommentId","text","threadingDepth"
"https://www.facebook.com/muhamad.cali.98/posts/pfbid02GFpHEc9tSXKXYARfTpTQ9ogsa5w6Wfr2tu1eNTSj6piiUyj7Q6H6Fvf3z5ZMEY2tl?comment_id=1443481299621446",,,,,,,,,,,,,,,,,,,,,,,,,,,,,,,,,,,,,,,,,,,,,,,,,,,,,,"2024-09-25T03:46:18.000Z","2824514897704158","https://www.facebook.com/100004370253176/posts/2824514897704158","ZmVlZGJhY2s6MjgyNDUxNDg5NzcwNDE1OF8xNDQzNDgxMjk5NjIxNDQ2","Y29tbWVudDoyODI0NTE0ODk3NzA0MTU4XzE0NDM0ODEyOTk2MjE0NDY=","https://www.facebook.com/100004370253176/posts/2824514897704158","0","112652978585649","false",,,,,,"Tonton sampai selesai gaiss","100004370253176","Muhamad Cali Faiz Ahmad","https://scontent-dfw5-2.xx.fbcdn.net/v/t39.30808-1/456120459_2788136318008683_7418166726346064265_n.jpg?stp=cp0_dst-jpg_s32x32&_nc_cat=108&ccb=1-7&_nc_sid=50d2ac&_nc_ohc=T8CLZLeL1rIQ7kNvgGBuqND&_nc_ht=scontent-dfw5-2.xx&_nc_gid=A7yYHRpCB_JcQj0Q_VIycIp&oh=00_AYAMihhLAdyT0MPslHw9fMM-tNJnLYNd2wBnU_Oe6ZM_mA&oe=66FD3FAD","https://www.facebook.com/muhamad.cali.98",,"PANZER
Kacang panjang polong keras.
Warna polong : hijau gelap.
Ukuran panjang : ± 80 cm.
Umur panen : ± 44 hst.
Potensi hasil : ± 31 tons/ha.
Tahan simpan.
Adaptasi utama di dataran rendah.
Tahan virus.
Daya simpan lama.
Lebat dan produksi tinggi.","0"
"https://www.facebook.com/muhamad.cali.98/posts/pfbid02GFpHEc9tSXKXYARfTpTQ9ogsa5w6Wfr2tu1eNTSj6piiUyj7Q6H6Fvf3z5ZMEY2tl?comment_id=2801869989972531","https://www.facebook.com/muhamad.cali.98/posts/pfbid02GFpHEc9tSXKXYARfTpTQ9ogsa5w6Wfr2tu1eNTSj6piiUyj7Q6H6Fvf3z5ZMEY2tl?comment_id=2801869989972531&reply_comment_id=836164298543847",,"2024-09-25T03:47:35.000Z","ZmVlZGJhY2s6MjgyNDUxNDg5NzcwNDE1OF84MzYxNjQyOTg1NDM4NDc=","Y29tbWVudDoyODI0NTE0ODk3NzA0MTU4XzgzNjE2NDI5ODU0Mzg0Nw==","0","User","100007578522755","Renzy Bintangasia","Renzy","Y29tbWVudDoyODI0NTE0ODk3NzA0MTU4XzI4MDE4Njk5ODk5NzI1MzE=","100004370253176","Muhamad Cali Faiz Ahmad","https://scontent-dfw5-2.xx.fbcdn.net/v/t39.30808-1/456120459_2788136318008683_7418166726346064265_n.jpg?stp=cp0_dst-jpg_s32x32&_nc_cat=108&ccb=1-7&_nc_sid=50d2ac&_nc_ohc=T8CLZLeL1rIQ7kNvgGBuqND&_nc_ht=scontent-dfw5-2.xx&_nc_gid=A7yYHRpCB_JcQj0Q_VIycIp&oh=00_AYAMihhLAdyT0MPslHw9fMM-tNJnLYNd2wBnU_Oe6ZM_mA&oe=66FD3FAD","https://www.facebook.com/muhamad.cali.98","Y29tbWVudDoyODI0NTE0ODk3NzA0MTU4XzI4MDE4Njk5ODk5NzI1MzE=","Renzy Bintangasia mksi Om","1",,,,,,,,,,,,,,,,,,,,,,,,,,,,,,,,,,,"1","2024-09-25T03:35:39.000Z","2824514897704158","https://www.facebook.com/100004370253176/posts/2824514897704158","ZmVlZGJhY2s6MjgyNDUxNDg5NzcwNDE1OF8yODAxODY5OTg5OTcyNTMx","Y29tbWVudDoyODI0NTE0ODk3NzA0MTU4XzI4MDE4Njk5ODk5NzI1MzE=","https://www.facebook.com/100004370253176/posts/2824514897704158","1","112652978585649","false",,,,,,"Tonton sampai selesai gaiss","100007578522755","Renzy Bintangasia","https://scontent-dfw5-2.xx.fbcdn.net/v/t39.30808-1/426012403_3605728109689771_2277782955804277447_n.jpg?stp=cp0_dst-jpg_s32x32&_nc_cat=104&ccb=1-7&_nc_sid=50d2ac&_nc_ohc=tTmdX3bXLYAQ7kNvgGKhL48&_nc_ht=scontent-dfw5-2.xx&_nc_gid=A7yYHRpCB_JcQj0Q_VIycIp&oh=00_AYDeV3666_f7qLORq40LhYzHdt_ML6tQxIltjoqdfr16Pg&oe=66FD3784","https://www.facebook.com/renzi.prayuda",,"Mantap","0"
"https://www.facebook.com/muhamad.cali.98/posts/pfbid0ML2fR3wzjq1ijVNFszMbbaVqLWZhrg7VjfXEp8NroEHfaPJFSToLbE9b13CbM5Hgl?comment_id=2483156811888639",,,,,,,,,,,,,,,,,,,,,,,,,,,,,,,,,,,,,,,,,,,,,,,,,,,,,,"2024-09-27T05:58:56.000Z","2826670634155251","https://www.facebook.com/100004370253176/posts/2826670634155251","ZmVlZGJhY2s6MjgyNjY3MDYzNDE1NTI1MV8yNDgzMTU2ODExODg4NjM5","Y29tbWVudDoyODI2NjcwNjM0MTU1MjUxXzI0ODMxNTY4MTE4ODg2Mzk=","https://www.facebook.com/100004370253176/posts/2826670634155251","0","136259989569505","false",,,,,,"Kpan kita trafeling lagi Nhurwhathy R. Tufu Lakarani","100005873528021","Nhurwhathy R. Tufu Lakarani","https://scontent-atl3-1.xx.fbcdn.net/v/t39.30808-1/461303842_2737989866406771_6477681534198788839_n.jpg?stp=cp0_dst-jpg_s32x32&_nc_cat=107&ccb=1-7&_nc_sid=50d2ac&_nc_ohc=kZS8mtE2fhAQ7kNvgElpFgd&_nc_ht=scontent-atl3-1.xx&oh=00_AYDai-VcXKaWbe_2SxVj9XfMTTfK7OY3ykhtRshnuKkV2w&oe=66FD5708","https://www.facebook.com/whaty.smille",,"🥰 yaaa secepatnya 🤣","0"
"https://www.facebook.com/muhamad.cali.98/videos/1075274797637428/?comment_id=1731005594375332","https://www.facebook.com/muhamad.cali.98/videos/1075274797637428/?comment_id=1731005594375332&reply_comment_id=417992597592430","2","2024-09-22T12:58:59.000Z","ZmVlZGJhY2s6MjgyMTcxOTIyNzk4MzcyNV80MTc5OTI1OTc1OTI0MzA=","Y29tbWVudDoyODIxNzE5MjI3OTgzNzI1XzQxNzk5MjU5NzU5MjQzMA==","1","User","100072057871478","GAGUS TRIBAL","GAGUS","Y29tbWVudDoyODIxNzE5MjI3OTgzNzI1XzE3MzEwMDU1OTQzNzUzMzI=","100004370253176","Muhamad Cali Faiz Ahmad","https://scontent.fpit1-1.fna.fbcdn.net/v/t39.30808-1/456120459_2788136318008683_7418166726346064265_n.jpg?stp=cp0_dst-jpg_s32x32&_nc_cat=108&ccb=1-7&_nc_sid=50d2ac&_nc_ohc=T8CLZLeL1rIQ7kNvgGmwA-7&_nc_ht=scontent.fpit1-1.fna&_nc_gid=AAETI6cUcdHCMuQg8EALSqy&oh=00_AYDOGTG07IpP9zIKRvIPl5fzhBMa6Ty4SJUbhxEDkb5MVw&oe=66FD3FAD","https://www.facebook.com/muhamad.cali.98","Y29tbWVudDoyODIxNzE5MjI3OTgzNzI1XzE3MzEwMDU1OTQzNzUzMzI=","GAGUS TRIBAL ada mas TPI  syg TDK aplod","1","https://www.facebook.com/muhamad.cali.98/videos/1075274797637428/?comment_id=1731005594375332&reply_comment_id=1100977834694721","2024-09-22T13:01:58.000Z","ZmVlZGJhY2s6MjgyMTcxOTIyNzk4MzcyNV8xMTAwOTc3ODM0Njk0NzIx","Y29tbWVudDoyODIxNzE5MjI3OTgzNzI1XzExMDA5Nzc4MzQ2OTQ3MjE=","1","User","100072057871478","GAGUS TRIBAL","GAGUS","Y29tbWVudDoyODIxNzE5MjI3OTgzNzI1XzE3MzEwMDU1OTQzNzUzMzI=","100072057871478","GAGUS TRIBAL","https://scontent.fpit1-1.fna.fbcdn.net/v/t39.30808-1/461277658_548979310847327_1899933438284084657_n.jpg?stp=cp0_dst-jpg_s32x32&_nc_cat=110&ccb=1-7&_nc_sid=50d2ac&_nc_ohc=amHtBw9gYz4Q7kNvgH6myq2&_nc_ht=scontent.fpit1-1.fna&_nc_gid=AAETI6cUcdHCMuQg8EALSqy&oh=00_AYAS_1u1z6hGHuB3uRYMIezFtI91MhqB3IDHN_7uj-b7RQ&oe=66FD4789","https://www.facebook.com/people/GAGUS-TRIBAL/100072057871478/","Y29tbWVudDoyODIxNzE5MjI3OTgzNzI1XzE3MzEwMDU1OTQzNzUzMzI=","Muhamad Cali Faiz Ahmad apa namax bng","2","https://www.facebook.com/muhamad.cali.98/videos/1075274797637428/?comment_id=1731005594375332&reply_comment_id=806557591552724","2024-09-22T23:10:46.000Z","ZmVlZGJhY2s6MjgyMTcxOTIyNzk4MzcyNV84MDY1NTc1OTE1NTI3MjQ=","Y29tbWVudDoyODIxNzE5MjI3OTgzNzI1XzgwNjU1NzU5MTU1MjcyNA==","0","User","100072057871478","GAGUS TRIBAL","GAGUS","Y29tbWVudDoyODIxNzE5MjI3OTgzNzI1XzE3MzEwMDU1OTQzNzUzMzI=","100004370253176","Muhamad Cali Faiz Ahmad","https://scontent.fpit1-1.fna.fbcdn.net/v/t39.30808-1/456120459_2788136318008683_7418166726346064265_n.jpg?stp=cp0_dst-jpg_s32x32&_nc_cat=108&ccb=1-7&_nc_sid=50d2ac&_nc_ohc=T8CLZLeL1rIQ7kNvgGmwA-7&_nc_ht=scontent.fpit1-1.fna&_nc_gid=AAETI6cUcdHCMuQg8EALSqy&oh=00_AYDOGTG07IpP9zIKRvIPl5fzhBMa6Ty4SJUbhxEDkb5MVw&oe=66FD3FAD","https://www.facebook.com/muhamad.cali.98","Y29tbWVudDoyODIxNzE5MjI3OTgzNzI1XzE3MzEwMDU1OTQzNzUzMzI=","GAGUS TRIBAL ada megatop, beton dan Masi banyak lagi mas","2","3","2024-09-22T12:55:26.000Z","2821719227983725","https://www.facebook.com/100004370253176/posts/2821719227983725","ZmVlZGJhY2s6MjgyMTcxOTIyNzk4MzcyNV8xNzMxMDA1NTk0Mzc1MzMy","Y29tbWVudDoyODIxNzE5MjI3OTgzNzI1XzE3MzEwMDU1OTQzNzUzMzI=","https://www.facebook.com/100004370253176/posts/2821719227983725","1",,,,,,,,"Kita gass Tipis dulu Produk Benih Bintang asiA telah Redy di toko² wilaya Toili dan sekitar dan Luwuk
#suksesbersamapetanibintangasiA","100072057871478","GAGUS TRIBAL","https://scontent.fpit1-1.fna.fbcdn.net/v/t39.30808-1/461277658_548979310847327_1899933438284084657_n.jpg?stp=cp0_dst-jpg_s32x32&_nc_cat=110&ccb=1-7&_nc_sid=50d2ac&_nc_ohc=amHtBw9gYz4Q7kNvgH6myq2&_nc_ht=scontent.fpit1-1.fna&_nc_gid=AAETI6cUcdHCMuQg8EALSqy&oh=00_AYAS_1u1z6hGHuB3uRYMIezFtI91MhqB3IDHN_7uj-b7RQ&oe=66FD4789","https://www.facebook.com/people/GAGUS-TRIBAL/100072057871478/",,"Cabai kriting tipe besar yg mn bosq","0"
"https://www.facebook.com/muhamad.cali.98/posts/pfbid02LuTPNzbSakZjw9RimZ9nz2p1VrcvZSLYBxLqHkS8zWXf41iyx9td1S6cpnxRbEY2l?comment_id=860040469525603","https://www.facebook.com/muhamad.cali.98/posts/pfbid02LuTPNzbSakZjw9RimZ9nz2p1VrcvZSLYBxLqHkS8zWXf41iyx9td1S6cpnxRbEY2l?comment_id=860040469525603&reply_comment_id=442380162152022",,"2024-09-21T13:29:08.000Z","ZmVlZGJhY2s6MjgyMDQxNTM1ODExNDExMl80NDIzODAxNjIxNTIwMjI=","Y29tbWVudDoyODIwNDE1MzU4MTE0MTEyXzQ0MjM4MDE2MjE1MjAyMg==","0","User","100007578522755","Renzy Bintangasia","Renzy","Y29tbWVudDoyODIwNDE1MzU4MTE0MTEyXzg2MDA0MDQ2OTUyNTYwMw==","100004370253176","Muhamad Cali Faiz Ahmad","https://scontent-iad3-1.xx.fbcdn.net/v/t39.30808-1/456120459_2788136318008683_7418166726346064265_n.jpg?stp=cp0_dst-jpg_s32x32&_nc_cat=108&ccb=1-7&_nc_sid=50d2ac&_nc_ohc=T8CLZLeL1rIQ7kNvgEkUVuy&_nc_ht=scontent-iad3-1.xx&_nc_gid=AMbyr6AR4ASllVsK9Iv2xYY&oh=00_AYBK8JOjNcnWzkl0ZDt3xD26xaevJJIGkWnrUSKbJv9qwA&oe=66FD3FAD","https://www.facebook.com/muhamad.cali.98","Y29tbWVudDoyODIwNDE1MzU4MTE0MTEyXzg2MDA0MDQ2OTUyNTYwMw==","Renzy Bintangasia iya mksi om","1",,,,,,,,,,,,,,,,,,,,,,,,,,,,,,,,,,,"1","2024-09-21T13:20:32.000Z","2820415358114112","https://www.facebook.com/100004370253176/posts/2820415358114112","ZmVlZGJhY2s6MjgyMDQxNTM1ODExNDExMl84NjAwNDA0Njk1MjU2MDM=","Y29tbWVudDoyODIwNDE1MzU4MTE0MTEyXzg2MDA0MDQ2OTUyNTYwMw==","https://www.facebook.com/100004370253176/posts/2820415358114112","1","112652978585649","false",,,,,,"🌶️Cabai Rawit Teratas F1 🌶️🌶️   
     🌶️Inovas Anak Bangsa
Buah Tahan Simpan dan buah Ramping, Udah  panen ke 7 🌶️

  Benih nya Redy di toko gama makmur Dwi Susanto 

Benih Citra Asia 

@benihcitraasia
@benih_bintangasia
#benihcitraasia
#benih_bintangasia
#benihunggulbintangasia 
#pastibisapastisukses
#inovasianaknegeri
#sahabatbintangasia 
#benih 
#petani 
#petanimuda 
#petaniindonesia 
#petanimilenial","100007578522755","Renzy Bintangasia","https://scontent-iad3-1.xx.fbcdn.net/v/t39.30808-1/426012403_3605728109689771_2277782955804277447_n.jpg?stp=cp0_dst-jpg_s32x32&_nc_cat=104&ccb=1-7&_nc_sid=50d2ac&_nc_ohc=tTmdX3bXLYAQ7kNvgGsltLV&_nc_ht=scontent-iad3-1.xx&_nc_gid=AMbyr6AR4ASllVsK9Iv2xYY&oh=00_AYCXJ30Aa5lPo6tgW_dQwQh8YA048ZgGHqNAMubjItKlhw&oe=66FD3784","https://www.facebook.com/renzi.prayuda",,"Mantap","0"
"https://www.facebook.com/muhamad.cali.98/posts/pfbid02LuTPNzbSakZjw9RimZ9nz2p1VrcvZSLYBxLqHkS8zWXf41iyx9td1S6cpnxRbEY2l?comment_id=573127258374254","https://www.facebook.com/muhamad.cali.98/posts/pfbid02LuTPNzbSakZjw9RimZ9nz2p1VrcvZSLYBxLqHkS8zWXf41iyx9td1S6cpnxRbEY2l?comment_id=573127258374254&reply_comment_id=504367069037593",,"2024-09-23T11:28:05.000Z","ZmVlZGJhY2s6MjgyMDQxNTM1ODExNDExMl81MDQzNjcwNjkwMzc1OTM=","Y29tbWVudDoyODIwNDE1MzU4MTE0MTEyXzUwNDM2NzA2OTAzNzU5Mw==","0","User","100004825651478","NiZar Bintang Asia","NiZar","Y29tbWVudDoyODIwNDE1MzU4MTE0MTEyXzU3MzEyNzI1ODM3NDI1NA==","100004370253176","Muhamad Cali Faiz Ahmad","https://scontent-iad3-1.xx.fbcdn.net/v/t39.30808-1/456120459_2788136318008683_7418166726346064265_n.jpg?stp=cp0_dst-jpg_s32x32&_nc_cat=108&ccb=1-7&_nc_sid=50d2ac&_nc_ohc=T8CLZLeL1rIQ7kNvgEkUVuy&_nc_ht=scontent-iad3-1.xx&_nc_gid=AMbyr6AR4ASllVsK9Iv2xYY&oh=00_AYBK8JOjNcnWzkl0ZDt3xD26xaevJJIGkWnrUSKbJv9qwA&oe=66FD3FAD","https://www.facebook.com/muhamad.cali.98","Y29tbWVudDoyODIwNDE1MzU4MTE0MTEyXzU3MzEyNzI1ODM3NDI1NA==","NiZar Bintang Asia iya mas","1",,,,,,,,,,,,,,,,,,,,,,,,,,,,,,,,,,,"1","2024-09-21T15:26:21.000Z","2820415358114112","https://www.facebook.com/100004370253176/posts/2820415358114112","ZmVlZGJhY2s6MjgyMDQxNTM1ODExNDExMl81NzMxMjcyNTgzNzQyNTQ=","Y29tbWVudDoyODIwNDE1MzU4MTE0MTEyXzU3MzEyNzI1ODM3NDI1NA==","https://www.facebook.com/100004370253176/posts/2820415358114112","1","112652978585649","false",,,,,,"🌶️Cabai Rawit Teratas F1 🌶️🌶️   
     🌶️Inovas Anak Bangsa
Buah Tahan Simpan dan buah Ramping, Udah  panen ke 7 🌶️

  Benih nya Redy di toko gama makmur Dwi Susanto 

Benih Citra Asia 

@benihcitraasia
@benih_bintangasia
#benihcitraasia
#benih_bintangasia
#benihunggulbintangasia 
#pastibisapastisukses
#inovasianaknegeri
#sahabatbintangasia 
#benih 
#petani 
#petanimuda 
#petaniindonesia 
#petanimilenial","100004825651478","NiZar Bintang Asia","https://scontent-iad3-2.xx.fbcdn.net/v/t39.30808-1/438276089_2611594555678041_6997404202785061953_n.jpg?stp=cp0_dst-jpg_p32x32&_nc_cat=111&ccb=1-7&_nc_sid=50d2ac&_nc_ohc=EYsV5G9NhH8Q7kNvgGklXDM&_nc_ht=scontent-iad3-2.xx&_nc_gid=AMbyr6AR4ASllVsK9Iv2xYY&oh=00_AYB8Sn0u73_Sb2Ph7l4kNJWDZCgdq5m5DarOWTUPRjlBbg&oe=66FD31AE","https://www.facebook.com/nizar.setia.3",,"Membara","0"
"https://www.facebook.com/muhamad.cali.98/videos/878945037520380/?comment_id=497697316489415","https://www.facebook.com/muhamad.cali.98/videos/878945037520380/?comment_id=497697316489415&reply_comment_id=1051725886410962",,"2024-09-23T22:56:11.000Z","ZmVlZGJhY2s6ODc4OTQ1MDM3NTIwMzgwXzEwNTE3MjU4ODY0MTA5NjI=","Y29tbWVudDo4Nzg5NDUwMzc1MjAzODBfMTA1MTcyNTg4NjQxMDk2Mg==","0","User","pfbid02Swap5yuzmu9J3mWDnnSgngQYZpcsTmTxcoJCXEGvvTkSq9xdSpiVwaLkZUsXe6BTl","Riski Hariadi Saputra","Riski","Y29tbWVudDo4Nzg5NDUwMzc1MjAzODBfNDk3Njk3MzE2NDg5NDE1","100004370253176","Muhamad Cali Faiz Ahmad","https://scontent-lga3-1.xx.fbcdn.net/v/t39.30808-1/456120459_2788136318008683_7418166726346064265_n.jpg?stp=cp0_dst-jpg_s32x32&_nc_cat=108&ccb=1-7&_nc_sid=50d2ac&_nc_ohc=T8CLZLeL1rIQ7kNvgHvte5n&_nc_ht=scontent-lga3-1.xx&_nc_gid=An_j_2JKYL-QhaaE9GyHOcj&oh=00_AYBU_sa_qKuzVn_4X8C2Ap78mtgng6NmZpOn7MC_AWN48g&oe=66FD3FAD","https://www.facebook.com/muhamad.cali.98","Y29tbWVudDo4Nzg5NDUwMzc1MjAzODBfNDk3Njk3MzE2NDg5NDE1","Riski Hariadi Saputra mau cari Risky","1",,,,,,,,,,,,,,,,,,,,,,,,,,,,,,,,,,,"1","2024-09-23T21:38:22.000Z","878945037520380","https://www.facebook.com/100004370253176/posts/878945037520380","ZmVlZGJhY2s6ODc4OTQ1MDM3NTIwMzgwXzQ5NzY5NzMxNjQ4OTQxNQ==","Y29tbWVudDo4Nzg5NDUwMzc1MjAzODBfNDk3Njk3MzE2NDg5NDE1","https://www.facebook.com/100004370253176/posts/878945037520380","1",,,,,,,,"Muhamad Cali Faiz Ahmad was live.","pfbid02Swap5yuzmu9J3mWDnnSgngQYZpcsTmTxcoJCXEGvvTkSq9xdSpiVwaLkZUsXe6BTl","Riski Hariadi Saputra","https://scontent-lga3-1.xx.fbcdn.net/v/t1.6435-1/130195062_189188019599650_7922699828011477717_n.jpg?stp=cp0_dst-jpg_s32x32&_nc_cat=111&ccb=1-7&_nc_sid=0ecb9b&_nc_ohc=GcLrHNMtY_AQ7kNvgE2j8_p&_nc_ht=scontent-lga3-1.xx&_nc_gid=An_j_2JKYL-QhaaE9GyHOcj&oh=00_AYCqXPQ0aeDG2s_sGdGnI0vRMzDfGcnLkU8R15KPIWJpFA&oe=671ECCCA","https://www.facebook.com/people/Riski-Hariadi-Saputra/pfbid02Swap5yuzmu9J3mWDnnSgngQYZpcsTmTxcoJCXEGvvTkSq9xdSpiVwaLkZUsXe6BTl/",,"K mn pk","0"
"https://www.facebook.com/muhamad.cali.98/posts/pfbid0WdkBoQD6uAYc3ZAshHfrACZBEyYMjd3WDfyLkxr6z5kQMhcbFgvPa4DYx8PTDUPbl?comment_id=1164930087906194","https://www.facebook.com/muhamad.cali.98/posts/pfbid0WdkBoQD6uAYc3ZAshHfrACZBEyYMjd3WDfyLkxr6z5kQMhcbFgvPa4DYx8PTDUPbl?comment_id=1164930087906194&reply_comment_id=879658203702227",,"2024-09-22T11:57:19.000Z","ZmVlZGJhY2s6MjgyMDQyMjM0ODExMzQxM184Nzk2NTgyMDM3MDIyMjc=","Y29tbWVudDoyODIwNDIyMzQ4MTEzNDEzXzg3OTY1ODIwMzcwMjIyNw==","0","User","pfbid0z1mbAPoxKmeCsBfVnMCoBz7AwJPK4t4W5jGj5wKuH1dCG8KopsPVAd5gbMonHHmZl","Setyo","Setyo","Y29tbWVudDoyODIwNDIyMzQ4MTEzNDEzXzExNjQ5MzAwODc5MDYxOTQ=","100004370253176","Muhamad Cali Faiz Ahmad","https://scontent.fymq2-1.fna.fbcdn.net/v/t39.30808-1/456120459_2788136318008683_7418166726346064265_n.jpg?stp=cp0_dst-jpg_s32x32&_nc_cat=108&ccb=1-7&_nc_sid=50d2ac&_nc_ohc=T8CLZLeL1rIQ7kNvgEHz5wo&_nc_ht=scontent.fymq2-1.fna&_nc_gid=A7hMVrkZ89GII3l8wkEn6aM&oh=00_AYCQF7p9SQYR4DV9Nn-_Rv-NHd7oEtUW0K8GD7pGbC-OYg&oe=66FD3FAD","https://www.facebook.com/muhamad.cali.98","Y29tbWVudDoyODIwNDIyMzQ4MTEzNDEzXzExNjQ5MzAwODc5MDYxOTQ=","Setyo pesan brpa ??","1","https://www.facebook.com/muhamad.cali.98/posts/pfbid0WdkBoQD6uAYc3ZAshHfrACZBEyYMjd3WDfyLkxr6z5kQMhcbFgvPa4DYx8PTDUPbl?comment_id=1164930087906194&reply_comment_id=893198012197586","2024-09-22T13:00:25.000Z","ZmVlZGJhY2s6MjgyMDQyMjM0ODExMzQxM184OTMxOTgwMTIxOTc1ODY=","Y29tbWVudDoyODIwNDIyMzQ4MTEzNDEzXzg5MzE5ODAxMjE5NzU4Ng==","0","User","pfbid0z1mbAPoxKmeCsBfVnMCoBz7AwJPK4t4W5jGj5wKuH1dCG8KopsPVAd5gbMonHHmZl","Setyo","Setyo","Y29tbWVudDoyODIwNDIyMzQ4MTEzNDEzXzExNjQ5MzAwODc5MDYxOTQ=","100007578522755","Renzy Bintangasia","https://scontent.fymq2-1.fna.fbcdn.net/v/t39.30808-1/426012403_3605728109689771_2277782955804277447_n.jpg?stp=cp0_dst-jpg_s32x32&_nc_cat=104&ccb=1-7&_nc_sid=50d2ac&_nc_ohc=tTmdX3bXLYAQ7kNvgFNv4wL&_nc_ht=scontent.fymq2-1.fna&_nc_gid=A7hMVrkZ89GII3l8wkEn6aM&oh=00_AYBT5R3PfSp2-X5mPUZe1ZAuxL_GiPWmGOJ-p7NfsVHlLg&oe=66FD3784","https://www.facebook.com/renzi.prayuda","Y29tbWVudDoyODIwNDIyMzQ4MTEzNDEzXzExNjQ5MzAwODc5MDYxOTQ=","Setyo nmor saya masih yang lama mas🤣🤣","1",,,,,,,,,,,,,,,,,,"2","2024-09-22T11:54:40.000Z","2820422348113413","https://www.facebook.com/100004370253176/posts/2820422348113413","ZmVlZGJhY2s6MjgyMDQyMjM0ODExMzQxM18xMTY0OTMwMDg3OTA2MTk0","Y29tbWVudDoyODIwNDIyMzQ4MTEzNDEzXzExNjQ5MzAwODc5MDYxOTQ=","https://www.facebook.com/100004370253176/posts/2820422348113413","1","112652978585649","false",,,,,,"🌶️🌶️ Cabai Keriting Aldo F1🌶️🌶️
    Benih Citra Asia 
@benihcitraasia
@benih_bintangasia
#benihcitraasia
#benih_bintangasia
#benihunggulbintangasia 
#pastibisapastisukses
#inovasianaknegeri
#sahabatbintangasia 
#benih 
#petani 
#petanimuda 
#petaniindonesia 
#petanimilenial","pfbid0z1mbAPoxKmeCsBfVnMCoBz7AwJPK4t4W5jGj5wKuH1dCG8KopsPVAd5gbMonHHmZl","Setyo","https://scontent.fymq2-1.fna.fbcdn.net/v/t39.30808-1/456400640_1209546967166755_1686576303853996765_n.jpg?stp=cp0_dst-jpg_s32x32&_nc_cat=108&ccb=1-7&_nc_sid=0ecb9b&_nc_ohc=aVo5Dkg8gcEQ7kNvgGtTwH0&_nc_ht=scontent.fymq2-1.fna&_nc_gid=A7hMVrkZ89GII3l8wkEn6aM&oh=00_AYBK2gzisRvkih4JtMF7aCEXJ8J8NBFpfoBOuEDh0w2ieA&oe=66FD5682","https://www.facebook.com/people/Setyo/pfbid0z1mbAPoxKmeCsBfVnMCoBz7AwJPK4t4W5jGj5wKuH1dCG8KopsPVAd5gbMonHHmZl/",,"Mantapp aku beli mas benih nya","0"
"https://www.facebook.com/muhamad.cali.98/posts/pfbid0WdkBoQD6uAYc3ZAshHfrACZBEyYMjd3WDfyLkxr6z5kQMhcbFgvPa4DYx8PTDUPbl?comment_id=488075517386233","https://www.facebook.com/muhamad.cali.98/posts/pfbid0WdkBoQD6uAYc3ZAshHfrACZBEyYMjd3WDfyLkxr6z5kQMhcbFgvPa4DYx8PTDUPbl?comment_id=488075517386233&reply_comment_id=1001471298395443",,"2024-09-22T11:58:04.000Z","ZmVlZGJhY2s6MjgyMDQyMjM0ODExMzQxM18xMDAxNDcxMjk4Mzk1NDQz","Y29tbWVudDoyODIwNDIyMzQ4MTEzNDEzXzEwMDE0NzEyOTgzOTU0NDM=","0","User","100004825651478","NiZar Bintang Asia","NiZar","Y29tbWVudDoyODIwNDIyMzQ4MTEzNDEzXzQ4ODA3NTUxNzM4NjIzMw==","100004370253176","Muhamad Cali Faiz Ahmad","https://scontent.fymq2-1.fna.fbcdn.net/v/t39.30808-1/456120459_2788136318008683_7418166726346064265_n.jpg?stp=cp0_dst-jpg_s32x32&_nc_cat=108&ccb=1-7&_nc_sid=50d2ac&_nc_ohc=T8CLZLeL1rIQ7kNvgEHz5wo&_nc_ht=scontent.fymq2-1.fna&_nc_gid=A7hMVrkZ89GII3l8wkEn6aM&oh=00_AYCQF7p9SQYR4DV9Nn-_Rv-NHd7oEtUW0K8GD7pGbC-OYg&oe=66FD3FAD","https://www.facebook.com/muhamad.cali.98","Y29tbWVudDoyODIwNDIyMzQ4MTEzNDEzXzQ4ODA3NTUxNzM4NjIzMw==","NiZar Bintang Asia iya KK,, siap kita gemparkan lagi aldonya","1",,,,,,,,,,,,,,,,,,,,,,,,,,,,,,,,,,,"1","2024-09-21T14:10:51.000Z","2820422348113413","https://www.facebook.com/100004370253176/posts/2820422348113413","ZmVlZGJhY2s6MjgyMDQyMjM0ODExMzQxM180ODgwNzU1MTczODYyMzM=","Y29tbWVudDoyODIwNDIyMzQ4MTEzNDEzXzQ4ODA3NTUxNzM4NjIzMw==","https://www.facebook.com/100004370253176/posts/2820422348113413","1","112652978585649","false",,,,,,"🌶️🌶️ Cabai Keriting Aldo F1🌶️🌶️
    Benih Citra Asia 
@benihcitraasia
@benih_bintangasia
#benihcitraasia
#benih_bintangasia
#benihunggulbintangasia 
#pastibisapastisukses
#inovasianaknegeri
#sahabatbintangasia 
#benih 
#petani 
#petanimuda 
#petaniindonesia 
#petanimilenial","100004825651478","NiZar Bintang Asia","https://scontent.fymq2-1.fna.fbcdn.net/v/t39.30808-1/438276089_2611594555678041_6997404202785061953_n.jpg?stp=cp0_dst-jpg_p32x32&_nc_cat=111&ccb=1-7&_nc_sid=50d2ac&_nc_ohc=EYsV5G9NhH8Q7kNvgEHx6ys&_nc_ht=scontent.fymq2-1.fna&_nc_gid=A7hMVrkZ89GII3l8wkEn6aM&oh=00_AYC6-AoTsDR3FnxHztEwSoHbqEuDWCPJpUGpF4-INa1s5Q&oe=66FD31AE","https://www.facebook.com/nizar.setia.3",,"Keren kakak","0"
"https://www.facebook.com/muhamad.cali.98/posts/pfbid0WdkBoQD6uAYc3ZAshHfrACZBEyYMjd3WDfyLkxr6z5kQMhcbFgvPa4DYx8PTDUPbl?comment_id=1433411890638652","https://www.facebook.com/muhamad.cali.98/posts/pfbid0WdkBoQD6uAYc3ZAshHfrACZBEyYMjd3WDfyLkxr6z5kQMhcbFgvPa4DYx8PTDUPbl?comment_id=1433411890638652&reply_comment_id=834214692207223",,"2024-09-21T11:45:29.000Z","ZmVlZGJhY2s6MjgyMDQyMjM0ODExMzQxM184MzQyMTQ2OTIyMDcyMjM=","Y29tbWVudDoyODIwNDIyMzQ4MTEzNDEzXzgzNDIxNDY5MjIwNzIyMw==","0","User","100007578522755","Renzy Bintangasia","Renzy","Y29tbWVudDoyODIwNDIyMzQ4MTEzNDEzXzE0MzM0MTE4OTA2Mzg2NTI=","100004370253176","Muhamad Cali Faiz Ahmad","https://scontent.fymq2-1.fna.fbcdn.net/v/t39.30808-1/456120459_2788136318008683_7418166726346064265_n.jpg?stp=cp0_dst-jpg_s32x32&_nc_cat=108&ccb=1-7&_nc_sid=50d2ac&_nc_ohc=T8CLZLeL1rIQ7kNvgEHz5wo&_nc_ht=scontent.fymq2-1.fna&_nc_gid=A7hMVrkZ89GII3l8wkEn6aM&oh=00_AYCQF7p9SQYR4DV9Nn-_Rv-NHd7oEtUW0K8GD7pGbC-OYg&oe=66FD3FAD","https://www.facebook.com/muhamad.cali.98","Y29tbWVudDoyODIwNDIyMzQ4MTEzNDEzXzE0MzM0MTE4OTA2Mzg2NTI=","Renzy Bintangasia iya om","1",,,,,,,,,,,,,,,,,,,,,,,,,,,,,,,,,,,"1","2024-09-21T09:22:49.000Z","2820422348113413","https://www.facebook.com/100004370253176/posts/2820422348113413","ZmVlZGJhY2s6MjgyMDQyMjM0ODExMzQxM18xNDMzNDExODkwNjM4NjUy","Y29tbWVudDoyODIwNDIyMzQ4MTEzNDEzXzE0MzM0MTE4OTA2Mzg2NTI=","https://www.facebook.com/100004370253176/posts/2820422348113413","1","112652978585649","false",,,,,,"🌶️🌶️ Cabai Keriting Aldo F1🌶️🌶️
    Benih Citra Asia 
@benihcitraasia
@benih_bintangasia
#benihcitraasia
#benih_bintangasia
#benihunggulbintangasia 
#pastibisapastisukses
#inovasianaknegeri
#sahabatbintangasia 
#benih 
#petani 
#petanimuda 
#petaniindonesia 
#petanimilenial","100007578522755","Renzy Bintangasia","https://scontent.fymq2-1.fna.fbcdn.net/v/t39.30808-1/426012403_3605728109689771_2277782955804277447_n.jpg?stp=cp0_dst-jpg_s32x32&_nc_cat=104&ccb=1-7&_nc_sid=50d2ac&_nc_ohc=tTmdX3bXLYAQ7kNvgFNv4wL&_nc_ht=scontent.fymq2-1.fna&_nc_gid=A7hMVrkZ89GII3l8wkEn6aM&oh=00_AYBT5R3PfSp2-X5mPUZe1ZAuxL_GiPWmGOJ-p7NfsVHlLg&oe=66FD3784","https://www.facebook.com/renzi.prayuda",,"Mantap","0"
"https://www.facebook.com/muhamad.cali.98/posts/pfbid02LuTPNzbSakZjw9RimZ9nz2p1VrcvZSLYBxLqHkS8zWXf41iyx9td1S6cpnxRbEY2l?comment_id=573127258374254&reply_comment_id=504367069037593",,,,,,,,,,,,,,,,,,,,,,,,,,,,,,,,,,,,,,,,,,,,,,,,,,,,,,"2024-09-23T11:28:05.000Z","2820415358114112","https://www.facebook.com/100004370253176/posts/2820415358114112","ZmVlZGJhY2s6MjgyMDQxNTM1ODExNDExMl81MDQzNjcwNjkwMzc1OTM=","Y29tbWVudDoyODIwNDE1MzU4MTE0MTEyXzUwNDM2NzA2OTAzNzU5Mw==","https://www.facebook.com/100004370253176/posts/2820415358114112","0","112652978585649","false","User","100004825651478","NiZar Bintang Asia","NiZar","Y29tbWVudDoyODIwNDE1MzU4MTE0MTEyXzU3MzEyNzI1ODM3NDI1NA==","🌶️Cabai Rawit Teratas F1 🌶️🌶️   
     🌶️Inovas Anak Bangsa
Buah Tahan Simpan dan buah Ramping, Udah  panen ke 7 🌶️

  Benih nya Redy di toko gama makmur Dwi Susanto 

Benih Citra Asia 

@benihcitraasia
@benih_bintangasia
#benihcitraasia
#benih_bintangasia
#benihunggulbintangasia 
#pastibisapastisukses
#inovasianaknegeri
#sahabatbintangasia 
#benih 
#petani 
#petanimuda 
#petaniindonesia 
#petanimilenial","100004370253176","Muhamad Cali Faiz Ahmad","https://scontent-mxp1-1.xx.fbcdn.net/v/t39.30808-1/456120459_2788136318008683_7418166726346064265_n.jpg?stp=cp0_dst-jpg_s32x32&_nc_cat=108&ccb=1-7&_nc_sid=50d2ac&_nc_ohc=T8CLZLeL1rIQ7kNvgHI160S&_nc_ht=scontent-mxp1-1.xx&_nc_gid=Aif6cwUyNKAzn3GOH3JDFNv&oh=00_AYB-iaeBZrfB_kMHzOwHgbgQmhpMQdrj4eJKr4ER4Mb_Ow&oe=66FD3FAD","https://www.facebook.com/muhamad.cali.98","Y29tbWVudDoyODIwNDE1MzU4MTE0MTEyXzU3MzEyNzI1ODM3NDI1NA==","NiZar Bintang Asia iya mas","1"
"https://www.facebook.com/muhamad.cali.98/videos/1075274797637428/?comment_id=1731005594375332&reply_comment_id=417992597592430",,,,,,,,,,,,,,,,,,,,,,,,,,,,,,,,,,,,,,,,,,,,,,,,,,,,,"2","2024-09-22T12:58:59.000Z","2821719227983725","https://www.facebook.com/100004370253176/posts/2821719227983725","ZmVlZGJhY2s6MjgyMTcxOTIyNzk4MzcyNV80MTc5OTI1OTc1OTI0MzA=","Y29tbWVudDoyODIxNzE5MjI3OTgzNzI1XzQxNzk5MjU5NzU5MjQzMA==","https://www.facebook.com/100004370253176/posts/2821719227983725","1",,,"User","100072057871478","GAGUS TRIBAL","GAGUS","Y29tbWVudDoyODIxNzE5MjI3OTgzNzI1XzE3MzEwMDU1OTQzNzUzMzI=","Kita gass Tipis dulu Produk Benih Bintang asiA telah Redy di toko² wilaya Toili dan sekitar dan Luwuk
#suksesbersamapetanibintangasiA","100004370253176","Muhamad Cali Faiz Ahmad","https://scontent-gru1-2.xx.fbcdn.net/v/t39.30808-1/456120459_2788136318008683_7418166726346064265_n.jpg?stp=cp0_dst-jpg_s32x32&_nc_cat=108&ccb=1-7&_nc_sid=50d2ac&_nc_ohc=T8CLZLeL1rIQ7kNvgFIpyaw&_nc_ht=scontent-gru1-2.xx&_nc_gid=A-eHws7SvycfxaioD8p-Olm&oh=00_AYAlj-wUUetoXsPUCii3l60-6-uGgINmo6KILvELC-PMHA&oe=66FD3FAD","https://www.facebook.com/muhamad.cali.98","Y29tbWVudDoyODIxNzE5MjI3OTgzNzI1XzE3MzEwMDU1OTQzNzUzMzI=","GAGUS TRIBAL ada mas TPI  syg TDK aplod","1"
"https://www.facebook.com/muhamad.cali.98/videos/1075274797637428/?comment_id=1731005594375332&reply_comment_id=1100977834694721",,,,,,,,,,,,,,,,,,,,,,,,,,,,,,,,,,,,,,,,,,,,,,,,,,,,,,"2024-09-22T13:01:58.000Z","2821719227983725","https://www.facebook.com/100004370253176/posts/2821719227983725","ZmVlZGJhY2s6MjgyMTcxOTIyNzk4MzcyNV8xMTAwOTc3ODM0Njk0NzIx","Y29tbWVudDoyODIxNzE5MjI3OTgzNzI1XzExMDA5Nzc4MzQ2OTQ3MjE=","https://www.facebook.com/100004370253176/posts/2821719227983725","1",,,"User","100072057871478","GAGUS TRIBAL","GAGUS","Y29tbWVudDoyODIxNzE5MjI3OTgzNzI1XzE3MzEwMDU1OTQzNzUzMzI=","Kita gass Tipis dulu Produk Benih Bintang asiA telah Redy di toko² wilaya Toili dan sekitar dan Luwuk
#suksesbersamapetanibintangasiA","100072057871478","GAGUS TRIBAL","https://scontent-gru1-2.xx.fbcdn.net/v/t39.30808-1/461277658_548979310847327_1899933438284084657_n.jpg?stp=cp0_dst-jpg_s32x32&_nc_cat=110&ccb=1-7&_nc_sid=50d2ac&_nc_ohc=amHtBw9gYz4Q7kNvgGMfMDh&_nc_ht=scontent-gru1-2.xx&_nc_gid=A-eHws7SvycfxaioD8p-Olm&oh=00_AYBF3CNf9ucDAjk_YkIF1r7foVsqzDOzd3oTHb7Xu7dOGg&oe=66FD4789","https://www.facebook.com/people/GAGUS-TRIBAL/100072057871478/","Y29tbWVudDoyODIxNzE5MjI3OTgzNzI1XzE3MzEwMDU1OTQzNzUzMzI=","Muhamad Cali Faiz Ahmad apa namax bng","2"
"https://www.facebook.com/muhamad.cali.98/videos/1075274797637428/?comment_id=1731005594375332&reply_comment_id=806557591552724",,,,,,,,,,,,,,,,,,,,,,,,,,,,,,,,,,,,,,,,,,,,,,,,,,,,,,"2024-09-22T23:10:46.000Z","2821719227983725","https://www.facebook.com/100004370253176/posts/2821719227983725","ZmVlZGJhY2s6MjgyMTcxOTIyNzk4MzcyNV84MDY1NTc1OTE1NTI3MjQ=","Y29tbWVudDoyODIxNzE5MjI3OTgzNzI1XzgwNjU1NzU5MTU1MjcyNA==","https://www.facebook.com/100004370253176/posts/2821719227983725","0",,,"User","100072057871478","GAGUS TRIBAL","GAGUS","Y29tbWVudDoyODIxNzE5MjI3OTgzNzI1XzE3MzEwMDU1OTQzNzUzMzI=","Kita gass Tipis dulu Produk Benih Bintang asiA telah Redy di toko² wilaya Toili dan sekitar dan Luwuk
#suksesbersamapetanibintangasiA","100004370253176","Muhamad Cali Faiz Ahmad","https://scontent-gru1-2.xx.fbcdn.net/v/t39.30808-1/456120459_2788136318008683_7418166726346064265_n.jpg?stp=cp0_dst-jpg_s32x32&_nc_cat=108&ccb=1-7&_nc_sid=50d2ac&_nc_ohc=T8CLZLeL1rIQ7kNvgFIpyaw&_nc_ht=scontent-gru1-2.xx&_nc_gid=A-eHws7SvycfxaioD8p-Olm&oh=00_AYAlj-wUUetoXsPUCii3l60-6-uGgINmo6KILvELC-PMHA&oe=66FD3FAD","https://www.facebook.com/muhamad.cali.98","Y29tbWVudDoyODIxNzE5MjI3OTgzNzI1XzE3MzEwMDU1OTQzNzUzMzI=","GAGUS TRIBAL ada megatop, beton dan Masi banyak lagi mas","2"
"https://www.facebook.com/muhamad.cali.98/posts/pfbid02GFpHEc9tSXKXYARfTpTQ9ogsa5w6Wfr2tu1eNTSj6piiUyj7Q6H6Fvf3z5ZMEY2tl?comment_id=2801869989972531&reply_comment_id=836164298543847",,,,,,,,,,,,,,,,,,,,,,,,,,,,,,,,,,,,,,,,,,,,,,,,,,,,,,"2024-09-25T03:47:35.000Z","2824514897704158","https://www.facebook.com/100004370253176/posts/2824514897704158","ZmVlZGJhY2s6MjgyNDUxNDg5NzcwNDE1OF84MzYxNjQyOTg1NDM4NDc=","Y29tbWVudDoyODI0NTE0ODk3NzA0MTU4XzgzNjE2NDI5ODU0Mzg0Nw==","https://www.facebook.com/100004370253176/posts/2824514897704158","0","112652978585649","false","User","100007578522755","Renzy Bintangasia","Renzy","Y29tbWVudDoyODI0NTE0ODk3NzA0MTU4XzI4MDE4Njk5ODk5NzI1MzE=","Tonton sampai selesai gaiss","100004370253176","Muhamad Cali Faiz Ahmad","https://scontent.fphx2-1.fna.fbcdn.net/v/t39.30808-1/456120459_2788136318008683_7418166726346064265_n.jpg?stp=cp0_dst-jpg_s32x32&_nc_cat=108&ccb=1-7&_nc_sid=50d2ac&_nc_ohc=T8CLZLeL1rIQ7kNvgFUrwFN&_nc_ht=scontent.fphx2-1.fna&_nc_gid=AOg_wNtRGpL722CIzisis7S&oh=00_AYBrylXuWdahj9A0jBMmTtFwMXKKAUwlKU9PF96y856qIA&oe=66FD3FAD","https://www.facebook.com/muhamad.cali.98","Y29tbWVudDoyODI0NTE0ODk3NzA0MTU4XzI4MDE4Njk5ODk5NzI1MzE=","Renzy Bintangasia mksi Om","1"
"https://www.facebook.com/muhamad.cali.98/posts/pfbid02LuTPNzbSakZjw9RimZ9nz2p1VrcvZSLYBxLqHkS8zWXf41iyx9td1S6cpnxRbEY2l?comment_id=860040469525603&reply_comment_id=442380162152022",,,,,,,,,,,,,,,,,,,,,,,,,,,,,,,,,,,,,,,,,,,,,,,,,,,,,,"2024-09-21T13:29:08.000Z","2820415358114112","https://www.facebook.com/100004370253176/posts/2820415358114112","ZmVlZGJhY2s6MjgyMDQxNTM1ODExNDExMl80NDIzODAxNjIxNTIwMjI=","Y29tbWVudDoyODIwNDE1MzU4MTE0MTEyXzQ0MjM4MDE2MjE1MjAyMg==","https://www.facebook.com/100004370253176/posts/2820415358114112","0","112652978585649","false","User","100007578522755","Renzy Bintangasia","Renzy","Y29tbWVudDoyODIwNDE1MzU4MTE0MTEyXzg2MDA0MDQ2OTUyNTYwMw==","🌶️Cabai Rawit Teratas F1 🌶️🌶️   
     🌶️Inovas Anak Bangsa
Buah Tahan Simpan dan buah Ramping, Udah  panen ke 7 🌶️

  Benih nya Redy di toko gama makmur Dwi Susanto 

Benih Citra Asia 

@benihcitraasia
@benih_bintangasia
#benihcitraasia
#benih_bintangasia
#benihunggulbintangasia 
#pastibisapastisukses
#inovasianaknegeri
#sahabatbintangasia 
#benih 
#petani 
#petanimuda 
#petaniindonesia 
#petanimilenial","100004370253176","Muhamad Cali Faiz Ahmad","https://scontent.fdel25-1.fna.fbcdn.net/v/t39.30808-1/456120459_2788136318008683_7418166726346064265_n.jpg?stp=cp0_dst-jpg_s32x32&_nc_cat=108&ccb=1-7&_nc_sid=50d2ac&_nc_ohc=T8CLZLeL1rIQ7kNvgFeTiAo&_nc_ht=scontent.fdel25-1.fna&oh=00_AYDHx25q5KqINi6yVtUNMhxJV9rzfkAMyodftPOAgh9xhA&oe=66FD3FAD","https://www.facebook.com/muhamad.cali.98","Y29tbWVudDoyODIwNDE1MzU4MTE0MTEyXzg2MDA0MDQ2OTUyNTYwMw==","Renzy Bintangasia iya mksi om","1"
"https://www.facebook.com/muhamad.cali.98/posts/pfbid0WdkBoQD6uAYc3ZAshHfrACZBEyYMjd3WDfyLkxr6z5kQMhcbFgvPa4DYx8PTDUPbl?comment_id=488075517386233&reply_comment_id=1001471298395443",,,,,,,,,,,,,,,,,,,,,,,,,,,,,,,,,,,,,,,,,,,,,,,,,,,,,,"2024-09-22T11:58:04.000Z","2820422348113413","https://www.facebook.com/100004370253176/posts/2820422348113413","ZmVlZGJhY2s6MjgyMDQyMjM0ODExMzQxM18xMDAxNDcxMjk4Mzk1NDQz","Y29tbWVudDoyODIwNDIyMzQ4MTEzNDEzXzEwMDE0NzEyOTgzOTU0NDM=","https://www.facebook.com/100004370253176/posts/2820422348113413","0","112652978585649","false","User","100004825651478","NiZar Bintang Asia","NiZar","Y29tbWVudDoyODIwNDIyMzQ4MTEzNDEzXzQ4ODA3NTUxNzM4NjIzMw==","🌶️🌶️ Cabai Keriting Aldo F1🌶️🌶️
    Benih Citra Asia 
@benihcitraasia
@benih_bintangasia
#benihcitraasia
#benih_bintangasia
#benihunggulbintangasia 
#pastibisapastisukses
#inovasianaknegeri
#sahabatbintangasia 
#benih 
#petani 
#petanimuda 
#petaniindonesia 
#petanimilenial","100004370253176","Muhamad Cali Faiz Ahmad","https://scontent.fbog3-1.fna.fbcdn.net/v/t39.30808-1/456120459_2788136318008683_7418166726346064265_n.jpg?stp=cp0_dst-jpg_s32x32&_nc_cat=108&ccb=1-7&_nc_sid=50d2ac&_nc_ohc=T8CLZLeL1rIQ7kNvgE79GoL&_nc_ht=scontent.fbog3-1.fna&_nc_gid=Aq9EH0Mbh1Qhcjo-9RYczDg&oh=00_AYDx7w6lIrgY2a58YeCBsUYAFvoltoi-FS_FsJW3PCTnrw&oe=66FD3FAD","https://www.facebook.com/muhamad.cali.98","Y29tbWVudDoyODIwNDIyMzQ4MTEzNDEzXzQ4ODA3NTUxNzM4NjIzMw==","NiZar Bintang Asia iya KK,, siap kita gemparkan lagi aldonya","1"
"https://www.facebook.com/muhamad.cali.98/videos/878945037520380/?comment_id=497697316489415&reply_comment_id=1051725886410962",,,,,,,,,,,,,,,,,,,,,,,,,,,,,,,,,,,,,,,,,,,,,,,,,,,,,,"2024-09-23T22:56:11.000Z","878945037520380","https://www.facebook.com/100004370253176/posts/878945037520380","ZmVlZGJhY2s6ODc4OTQ1MDM3NTIwMzgwXzEwNTE3MjU4ODY0MTA5NjI=","Y29tbWVudDo4Nzg5NDUwMzc1MjAzODBfMTA1MTcyNTg4NjQxMDk2Mg==","https://www.facebook.com/100004370253176/posts/878945037520380","0",,,"User","pfbid02Swap5yuzmu9J3mWDnnSgngQYZpcsTmTxcoJCXEGvvTkSq9xdSpiVwaLkZUsXe6BTl","Riski Hariadi Saputra","Riski","Y29tbWVudDo4Nzg5NDUwMzc1MjAzODBfNDk3Njk3MzE2NDg5NDE1","Muhamad Cali Faiz Ahmad was live.","100004370253176","Muhamad Cali Faiz Ahmad","https://scontent.flim12-1.fna.fbcdn.net/v/t39.30808-1/456120459_2788136318008683_7418166726346064265_n.jpg?stp=cp0_dst-jpg_s32x32&_nc_cat=108&ccb=1-7&_nc_sid=50d2ac&_nc_ohc=T8CLZLeL1rIQ7kNvgE6zIrL&_nc_ht=scontent.flim12-1.fna&oh=00_AYAhSEKo81c8F-MX1843KtbRQbD4JU5WzmLmh5-P3sqrfA&oe=66FD3FAD","https://www.facebook.com/muhamad.cali.98","Y29tbWVudDo4Nzg5NDUwMzc1MjAzODBfNDk3Njk3MzE2NDg5NDE1","Riski Hariadi Saputra mau cari Risky","1"
"https://www.facebook.com/muhamad.cali.98/posts/pfbid0WdkBoQD6uAYc3ZAshHfrACZBEyYMjd3WDfyLkxr6z5kQMhcbFgvPa4DYx8PTDUPbl?comment_id=1433411890638652&reply_comment_id=834214692207223",,,,,,,,,,,,,,,,,,,,,,,,,,,,,,,,,,,,,,,,,,,,,,,,,,,,,,"2024-09-21T11:45:29.000Z","2820422348113413","https://www.facebook.com/100004370253176/posts/2820422348113413","ZmVlZGJhY2s6MjgyMDQyMjM0ODExMzQxM184MzQyMTQ2OTIyMDcyMjM=","Y29tbWVudDoyODIwNDIyMzQ4MTEzNDEzXzgzNDIxNDY5MjIwNzIyMw==","https://www.facebook.com/100004370253176/posts/2820422348113413","0","112652978585649","false","User","100007578522755","Renzy Bintangasia","Renzy","Y29tbWVudDoyODIwNDIyMzQ4MTEzNDEzXzE0MzM0MTE4OTA2Mzg2NTI=","🌶️🌶️ Cabai Keriting Aldo F1🌶️🌶️
    Benih Citra Asia 
@benihcitraasia
@benih_bintangasia
#benihcitraasia
#benih_bintangasia
#benihunggulbintangasia 
#pastibisapastisukses
#inovasianaknegeri
#sahabatbintangasia 
#benih 
#petani 
#petanimuda 
#petaniindonesia 
#petanimilenial","100004370253176","Muhamad Cali Faiz Ahmad","https://scontent.fbsb16-1.fna.fbcdn.net/v/t39.30808-1/456120459_2788136318008683_7418166726346064265_n.jpg?stp=cp0_dst-jpg_s32x32&_nc_cat=108&ccb=1-7&_nc_sid=50d2ac&_nc_ohc=T8CLZLeL1rIQ7kNvgFVulMz&_nc_ht=scontent.fbsb16-1.fna&_nc_gid=AKkECOPiZBKgaitWqp55jmx&oh=00_AYAdXfTAlw5iLzngXUfT8eWzm6ZpXEpwQL-aBgIBxLr6Eg&oe=66FD3FAD","https://www.facebook.com/muhamad.cali.98","Y29tbWVudDoyODIwNDIyMzQ4MTEzNDEzXzE0MzM0MTE4OTA2Mzg2NTI=","Renzy Bintangasia iya om","1"
"https://www.facebook.com/muhamad.cali.98/posts/pfbid0WdkBoQD6uAYc3ZAshHfrACZBEyYMjd3WDfyLkxr6z5kQMhcbFgvPa4DYx8PTDUPbl?comment_id=1164930087906194&reply_comment_id=879658203702227",,,,,,,,,,,,,,,,,,,,,,,,,,,,,,,,,,,,,,,,,,,,,,,,,,,,,,"2024-09-22T11:57:19.000Z","2820422348113413","https://www.facebook.com/100004370253176/posts/2820422348113413","ZmVlZGJhY2s6MjgyMDQyMjM0ODExMzQxM184Nzk2NTgyMDM3MDIyMjc=","Y29tbWVudDoyODIwNDIyMzQ4MTEzNDEzXzg3OTY1ODIwMzcwMjIyNw==","https://www.facebook.com/100004370253176/posts/2820422348113413","0","112652978585649","false","User","pfbid0z1mbAPoxKmeCsBfVnMCoBz7AwJPK4t4W5jGj5wKuH1dCG8KopsPVAd5gbMonHHmZl","Setyo","Setyo","Y29tbWVudDoyODIwNDIyMzQ4MTEzNDEzXzExNjQ5MzAwODc5MDYxOTQ=","🌶️🌶️ Cabai Keriting Aldo F1🌶️🌶️
    Benih Citra Asia 
@benihcitraasia
@benih_bintangasia
#benihcitraasia
#benih_bintangasia
#benihunggulbintangasia 
#pastibisapastisukses
#inovasianaknegeri
#sahabatbintangasia 
#benih 
#petani 
#petanimuda 
#petaniindonesia 
#petanimilenial","100004370253176","Muhamad Cali Faiz Ahmad","https://scontent.feze12-1.fna.fbcdn.net/v/t39.30808-1/456120459_2788136318008683_7418166726346064265_n.jpg?stp=cp0_dst-jpg_s32x32&_nc_cat=108&ccb=1-7&_nc_sid=50d2ac&_nc_ohc=T8CLZLeL1rIQ7kNvgEUCwbz&_nc_ht=scontent.feze12-1.fna&_nc_gid=AV2vON4iMUtFXcFw_t-8CR8&oh=00_AYBgFcQE7IPvArK88GuCDGPE_imrWcZC8vxlRFhcyG0WqQ&oe=66FD3FAD","https://www.facebook.com/muhamad.cali.98","Y29tbWVudDoyODIwNDIyMzQ4MTEzNDEzXzExNjQ5MzAwODc5MDYxOTQ=","Setyo pesan brpa ??","1"
"https://www.facebook.com/muhamad.cali.98/posts/pfbid0WdkBoQD6uAYc3ZAshHfrACZBEyYMjd3WDfyLkxr6z5kQMhcbFgvPa4DYx8PTDUPbl?comment_id=1164930087906194&reply_comment_id=893198012197586",,,,,,,,,,,,,,,,,,,,,,,,,,,,,,,,,,,,,,,,,,,,,,,,,,,,,,"2024-09-22T13:00:25.000Z","2820422348113413","https://www.facebook.com/100004370253176/posts/2820422348113413","ZmVlZGJhY2s6MjgyMDQyMjM0ODExMzQxM184OTMxOTgwMTIxOTc1ODY=","Y29tbWVudDoyODIwNDIyMzQ4MTEzNDEzXzg5MzE5ODAxMjE5NzU4Ng==","https://www.facebook.com/100004370253176/posts/2820422348113413","0","112652978585649","false","User","pfbid0z1mbAPoxKmeCsBfVnMCoBz7AwJPK4t4W5jGj5wKuH1dCG8KopsPVAd5gbMonHHmZl","Setyo","Setyo","Y29tbWVudDoyODIwNDIyMzQ4MTEzNDEzXzExNjQ5MzAwODc5MDYxOTQ=","🌶️🌶️ Cabai Keriting Aldo F1🌶️🌶️
    Benih Citra Asia 
@benihcitraasia
@benih_bintangasia
#benihcitraasia
#benih_bintangasia
#benihunggulbintangasia 
#pastibisapastisukses
#inovasianaknegeri
#sahabatbintangasia 
#benih 
#petani 
#petanimuda 
#petaniindonesia 
#petanimilenial","100007578522755","Renzy Bintangasia","https://scontent.feze12-1.fna.fbcdn.net/v/t39.30808-1/426012403_3605728109689771_2277782955804277447_n.jpg?stp=cp0_dst-jpg_s32x32&_nc_cat=104&ccb=1-7&_nc_sid=50d2ac&_nc_ohc=tTmdX3bXLYAQ7kNvgFRfL4c&_nc_ht=scontent.feze12-1.fna&_nc_gid=AV2vON4iMUtFXcFw_t-8CR8&oh=00_AYCt3p2VZbMQDE5OxiafA6c5V0xWc5WQHq3lxW-xBHmHUw&oe=66FD3784","https://www.facebook.com/renzi.prayuda","Y29tbWVudDoyODIwNDIyMzQ4MTEzNDEzXzExNjQ5MzAwODc5MDYxOTQ=","Setyo nmor saya masih yang lama mas🤣🤣","1"
