﻿"attachments/0/__typename","attachments/0/animated_image/uri","attachments/0/frame_count","attachments/0/frame_rate","attachments/0/frames_per_column","attachments/0/frames_per_row","attachments/0/id","attachments/0/image/height","attachments/0/image/uri","attachments/0/image/width","attachments/0/label","attachments/0/pack/id","attachments/0/pack/name","attachments/0/sprite_image/uri","commentUrl","comments/0/commentUrl","comments/0/date","comments/0/feedbackId","comments/0/id","comments/0/likesCount","comments/0/parentComment/author/__typename","comments/0/parentComment/author/id","comments/0/parentComment/author/name","comments/0/parentComment/author/short_name","comments/0/parentComment/id","comments/0/profileId","comments/0/profileName","comments/0/profilePicture","comments/0/profileUrl","comments/0/replyToCommentId","comments/0/text","comments/0/threadingDepth","comments/1/commentUrl","comments/1/date","comments/1/feedbackId","comments/1/id","comments/1/likesCount","comments/1/parentComment/author/__typename","comments/1/parentComment/author/id","comments/1/parentComment/author/name","comments/1/parentComment/author/short_name","comments/1/parentComment/id","comments/1/profileId","comments/1/profileName","comments/1/profilePicture","comments/1/profileUrl","comments/1/replyToCommentId","comments/1/text","comments/1/threadingDepth","comments/2/commentUrl","comments/2/date","comments/2/feedbackId","comments/2/id","comments/2/likesCount","comments/2/parentComment/author/__typename","comments/2/parentComment/author/id","comments/2/parentComment/author/name","comments/2/parentComment/author/short_name","comments/2/parentComment/id","comments/2/profileId","comments/2/profileName","comments/2/profilePicture","comments/2/profileUrl","comments/2/replyToCommentId","comments/2/text","comments/2/threadingDepth","commentsCount","date","facebookId","facebookUrl","feedbackId","id","inputUrl","likesCount","pageAdLibrary/id","pageAdLibrary/is_business_page_active","parentComment/author/__typename","parentComment/author/id","parentComment/author/name","parentComment/author/short_name","parentComment/id","postTitle","profileId","profileName","profilePicture","profileUrl","replyToCommentId","text","threadingDepth"
,,,,,,,,,,,,,,"https://www.facebook.com/nurul.hardianti.9237/posts/pfbid032yZ4EZGgBJJWpAsNUw8hR5X83KN2ezuGBwWX1QczPyFJq1XEccAHWM7w2HViJW7Yl?comment_id=525174993458394","https://www.facebook.com/nurul.hardianti.9237/posts/pfbid032yZ4EZGgBJJWpAsNUw8hR5X83KN2ezuGBwWX1QczPyFJq1XEccAHWM7w2HViJW7Yl?comment_id=525174993458394&reply_comment_id=3829925467325033","2024-09-22T06:37:53.000Z","ZmVlZGJhY2s6MjAxMzQ0NDE4NTc3NzcwMl8zODI5OTI1NDY3MzI1MDMz","Y29tbWVudDoyMDEzNDQ0MTg1Nzc3NzAyXzM4Mjk5MjU0NjczMjUwMzM=","0","User","pfbid02sXeShmmNYpM1g75dZdqiJMGtHDe75oquZxSLFzvceyS2KqHDpuAzs37xxhU5Q1Arl","Arman Ar","Arman","Y29tbWVudDoyMDEzNDQ0MTg1Nzc3NzAyXzUyNTE3NDk5MzQ1ODM5NA==","100013364191442","Nrll Bintang Asia","https://scontent-lga3-1.xx.fbcdn.net/v/t39.30808-1/461087378_2013634612425326_5478208411470068121_n.jpg?stp=cp0_dst-jpg_s32x32&_nc_cat=103&ccb=1-7&_nc_sid=50d2ac&_nc_ohc=ntsVvzmsfIUQ7kNvgGZQnWi&_nc_ht=scontent-lga3-1.xx&_nc_gid=AVfQ35mU_TzfzLib37IrXRv&oh=00_AYBKVmqlMUOL0g3RYU3K4Euc86GWGta0XZhHEOq2L2ag0g&oe=66F6E469","https://www.facebook.com/nurul.hardianti.9237","Y29tbWVudDoyMDEzNDQ0MTg1Nzc3NzAyXzUyNTE3NDk5MzQ1ODM5NA==","Arman Ar Siap2 terimakasih☺","1","https://www.facebook.com/nurul.hardianti.9237/posts/pfbid032yZ4EZGgBJJWpAsNUw8hR5X83KN2ezuGBwWX1QczPyFJq1XEccAHWM7w2HViJW7Yl?comment_id=525174993458394&reply_comment_id=1216010249645607","2024-09-22T07:02:21.000Z","ZmVlZGJhY2s6MjAxMzQ0NDE4NTc3NzcwMl8xMjE2MDEwMjQ5NjQ1NjA3","Y29tbWVudDoyMDEzNDQ0MTg1Nzc3NzAyXzEyMTYwMTAyNDk2NDU2MDc=","0","User","pfbid02sXeShmmNYpM1g75dZdqiJMGtHDe75oquZxSLFzvceyS2KqHDpuAzs37xxhU5Q1Arl","Arman Ar","Arman","Y29tbWVudDoyMDEzNDQ0MTg1Nzc3NzAyXzUyNTE3NDk5MzQ1ODM5NA==","pfbid02sXeShmmNYpM1g75dZdqiJMGtHDe75oquZxSLFzvceyS2KqHDpuAzs37xxhU5Q1Arl","Arman Ar","https://scontent.fagc3-2.fna.fbcdn.net/v/t1.30497-1/453178253_471506465671661_2781666950760530985_n.png?stp=cp0_dst-png_s32x32&_nc_cat=1&ccb=1-7&_nc_sid=136b72&_nc_ohc=lbW45KJmk6YQ7kNvgEdoK1R&_nc_ht=scontent.fagc3-2.fna&_nc_gid=AVfQ35mU_TzfzLib37IrXRv&oh=00_AYARrIkGwaGVhlndcjlGa9ii_Akm5ircFPX_rP2hJL42CQ&oe=6718817A","https://www.facebook.com/people/Arman-Ar/pfbid02sXeShmmNYpM1g75dZdqiJMGtHDe75oquZxSLFzvceyS2KqHDpuAzs37xxhU5Q1Arl/","Y29tbWVudDoyMDEzNDQ0MTg1Nzc3NzAyXzUyNTE3NDk5MzQ1ODM5NA==","Harus s coba ini tahun depan","1","https://www.facebook.com/nurul.hardianti.9237/posts/pfbid032yZ4EZGgBJJWpAsNUw8hR5X83KN2ezuGBwWX1QczPyFJq1XEccAHWM7w2HViJW7Yl?comment_id=525174993458394&reply_comment_id=1076296944055058","2024-09-22T12:19:37.000Z","ZmVlZGJhY2s6MjAxMzQ0NDE4NTc3NzcwMl8xMDc2Mjk2OTQ0MDU1MDU4","Y29tbWVudDoyMDEzNDQ0MTg1Nzc3NzAyXzEwNzYyOTY5NDQwNTUwNTg=","0","User","pfbid02sXeShmmNYpM1g75dZdqiJMGtHDe75oquZxSLFzvceyS2KqHDpuAzs37xxhU5Q1Arl","Arman Ar","Arman","Y29tbWVudDoyMDEzNDQ0MTg1Nzc3NzAyXzUyNTE3NDk5MzQ1ODM5NA==","100013364191442","Nrll Bintang Asia","https://scontent-lga3-1.xx.fbcdn.net/v/t39.30808-1/461087378_2013634612425326_5478208411470068121_n.jpg?stp=cp0_dst-jpg_s32x32&_nc_cat=103&ccb=1-7&_nc_sid=50d2ac&_nc_ohc=ntsVvzmsfIUQ7kNvgGZQnWi&_nc_ht=scontent-lga3-1.xx&_nc_gid=AVfQ35mU_TzfzLib37IrXRv&oh=00_AYBKVmqlMUOL0g3RYU3K4Euc86GWGta0XZhHEOq2L2ag0g&oe=66F6E469","https://www.facebook.com/nurul.hardianti.9237","Y29tbWVudDoyMDEzNDQ0MTg1Nzc3NzAyXzUyNTE3NDk5MzQ1ODM5NA==","Hehhee iyye bolehh","1","3","2024-09-22T06:04:42.000Z","2013444185777702","https://www.facebook.com/100013364191442/posts/2013444185777702","ZmVlZGJhY2s6MjAxMzQ0NDE4NTc3NzcwMl81MjUxNzQ5OTM0NTgzOTQ=","Y29tbWVudDoyMDEzNDQ0MTg1Nzc3NzAyXzUyNTE3NDk5MzQ1ODM5NA==","https://www.facebook.com/100013364191442/posts/2013444185777702","0","194051327133277","false",,,,,,"Tomat Niki F1
Lokasi Parantajuru, Kec.Tombolo Pao, Kabupaten Gowa

Alhamdulillah Kereen Produksi Tinggi

Tomat hibrida indeterminate.
Bentuk buah : lonjong.
Warna buah muda : hijau.
Warna buah masak : merah.
Berat buah 69-71 g/buah.
Warna panen : 74-75 hst.
Potensi hasil : 25-27 ton/ha.
Tahan simpan.
Adaptasi utama di dataran rendah.
Tanaman tinggi.
Buah lebat dan keras.
Daya simpan lama.
Produksi tinggi.","pfbid02sXeShmmNYpM1g75dZdqiJMGtHDe75oquZxSLFzvceyS2KqHDpuAzs37xxhU5Q1Arl","Arman Ar","https://scontent.fagc3-2.fna.fbcdn.net/v/t1.30497-1/453178253_471506465671661_2781666950760530985_n.png?stp=cp0_dst-png_s32x32&_nc_cat=1&ccb=1-7&_nc_sid=136b72&_nc_ohc=lbW45KJmk6YQ7kNvgEdoK1R&_nc_ht=scontent.fagc3-2.fna&_nc_gid=AVfQ35mU_TzfzLib37IrXRv&oh=00_AYARrIkGwaGVhlndcjlGa9ii_Akm5ircFPX_rP2hJL42CQ&oe=6718817A","https://www.facebook.com/people/Arman-Ar/pfbid02sXeShmmNYpM1g75dZdqiJMGtHDe75oquZxSLFzvceyS2KqHDpuAzs37xxhU5Q1Arl/",,"andalan meman","0"
,,,,,,,,,,,,,,"https://www.facebook.com/photo/?fbid=2013634609091993&set=a.101411090314364&comment_id=1504824294251439",,,,,,,,,,,,,,,,,,,,,,,,,,,,,,,,,,,,,,,,,,,,,,,,,,,,,"2024-09-22T11:13:14.000Z","2013634609091993","https://www.facebook.com/100013364191442/posts/2013634609091993","ZmVlZGJhY2s6MjAxMzYzNDYwOTA5MTk5M18xNTA0ODI0Mjk0MjUxNDM5","Y29tbWVudDoyMDEzNjM0NjA5MDkxOTkzXzE1MDQ4MjQyOTQyNTE0Mzk=","https://www.facebook.com/100013364191442/posts/2013634609091993","0","194051327133277","false",,,,,,"Nrll Bintang Asia updated her profile picture.","pfbid023sRrY3fnauCTn2UHKkjQ4yUHoz4bYWPLCsxfcaHM5ZqJtMDh838V6dDqepYrjvczl","Sumarlin Sumarlin","https://scontent-iad3-2.xx.fbcdn.net/v/t39.30808-1/283296509_334929185447824_4986262787300211069_n.jpg?stp=cp0_dst-jpg_s32x32&_nc_cat=100&ccb=1-7&_nc_sid=0ecb9b&_nc_ohc=00rI9Tzlm3wQ7kNvgE6MGaT&_nc_ht=scontent-iad3-2.xx&_nc_gid=Af4PgJCRjHKMAdTVLxxmAOb&oh=00_AYAalJxH9ifLvuvfMq4POnNGXcEdrr6l1lm5q1hgrbc5ig&oe=66F6D5FD","https://www.facebook.com/people/Sumarlin-Sumarlin/pfbid023sRrY3fnauCTn2UHKkjQ4yUHoz4bYWPLCsxfcaHM5ZqJtMDh838V6dDqepYrjvczl/",,"Mantap buanya. Bu","0"
"Sticker","https://scontent-iad3-2.xx.fbcdn.net/v/t39.1997-6/47055694_1834508303314720_643166924464717824_n.webp?stp=dst-webp_s110x80&_nc_cat=1&ccb=1-7&_nc_sid=ba09c1&_nc_ohc=CH_lPpv6vZgQ7kNvgHTYfbV&_nc_ht=scontent-iad3-2.xx&_nc_gid=Af4PgJCRjHKMAdTVLxxmAOb&oh=00_AYDfai-B8EwIVB9TYJFGSEAj-Z2pRWZq0x9dIKdFHMzZ2w&oe=66F6F1C9","12","83","3","4","1193278434104380","80","https://scontent-iad3-2.xx.fbcdn.net/v/t39.1997-6/47614232_1846683475430536_3135922765756891136_n.png?stp=cp0_dst-png_s110x80&_nc_cat=1&ccb=1-7&_nc_sid=23dd7b&_nc_ohc=JgsHFlSSy14Q7kNvgHTJ77r&_nc_ht=scontent-iad3-2.xx&_nc_gid=Af4PgJCRjHKMAdTVLxxmAOb&oh=00_AYASfPJNBgm28UTBhrpJBNM4-Izsn_-FxaSMzw83RoVlmg&oe=66F6C4E3","80","Thumbs Up, girl giving thumbs up","1193273174104906","Noo-Hin","https://scontent-iad3-2.xx.fbcdn.net/v/t39.1997-6/47472862_1846683478763869_5271603212267290624_n.png?stp=dst-png_p240x240&_nc_cat=1&ccb=1-7&_nc_sid=ba09c1&_nc_ohc=K46Vqel4O0sQ7kNvgE7-FzE&_nc_ht=scontent-iad3-2.xx&_nc_gid=Af4PgJCRjHKMAdTVLxxmAOb&oh=00_AYDzj1D-QaJTHGoW63BgYm07vgqeY0ceh-F3ckj07AsTZw&oe=66F6DE7E","https://www.facebook.com/photo/?fbid=2013634609091993&set=a.101411090314364&comment_id=1209960140151347",,,,,,,,,,,,,,,,,,,,,,,,,,,,,,,,,,,,,,,,,,,,,,,,,,,,,"2024-09-22T10:32:47.000Z","2013634609091993","https://www.facebook.com/100013364191442/posts/2013634609091993","ZmVlZGJhY2s6MjAxMzYzNDYwOTA5MTk5M18xMjA5OTYwMTQwMTUxMzQ3","Y29tbWVudDoyMDEzNjM0NjA5MDkxOTkzXzEyMDk5NjAxNDAxNTEzNDc=","https://www.facebook.com/100013364191442/posts/2013634609091993","0","194051327133277","false",,,,,,"Nrll Bintang Asia updated her profile picture.","pfbid02Ar41pvxnCJwon1hXG2r4WvEDFmJSMxqoguqRVyisgZZcq31jsuH3avmx4uaaU3pCl","Basri Abbas","https://scontent-iad3-1.xx.fbcdn.net/v/t39.30808-1/454727317_494650960125826_1863543033146851_n.jpg?stp=cp0_dst-jpg_s32x32&_nc_cat=108&ccb=1-7&_nc_sid=0ecb9b&_nc_ohc=hhNTFILitQQQ7kNvgEig0RB&_nc_ht=scontent-iad3-1.xx&_nc_gid=Af4PgJCRjHKMAdTVLxxmAOb&oh=00_AYDmwt_lo_Ov_ktIblbQIosILixyJolnv8s1d13o4mcJJw&oe=66F6E67B","https://www.facebook.com/people/Basri-Abbas/pfbid02Ar41pvxnCJwon1hXG2r4WvEDFmJSMxqoguqRVyisgZZcq31jsuH3avmx4uaaU3pCl/",,"Cantiknya","0"
,,,,,,,,,,,,,,"https://www.facebook.com/nurul.hardianti.9237/posts/pfbid0ZJiFPaLhDjDqFCe1LXSySeoEnLaBjikJQm13EFXQ15JpjH9icVWPUeJZ1XPAe1B5l?comment_id=455762620846045","https://www.facebook.com/nurul.hardianti.9237/posts/pfbid0ZJiFPaLhDjDqFCe1LXSySeoEnLaBjikJQm13EFXQ15JpjH9icVWPUeJZ1XPAe1B5l?comment_id=455762620846045&reply_comment_id=857327169824000","2024-09-22T10:36:55.000Z","ZmVlZGJhY2s6MjAxMzYzNDExOTA5MjA0Ml84NTczMjcxNjk4MjQwMDA=","Y29tbWVudDoyMDEzNjM0MTE5MDkyMDQyXzg1NzMyNzE2OTgyNDAwMA==","0","User","100007578522755","Renzy Bintangasia","Renzy","Y29tbWVudDoyMDEzNjM0MTE5MDkyMDQyXzQ1NTc2MjYyMDg0NjA0NQ==","100013364191442","Nrll Bintang Asia","https://scontent-dfw5-1.xx.fbcdn.net/v/t39.30808-1/461087378_2013634612425326_5478208411470068121_n.jpg?stp=cp0_dst-jpg_s32x32&_nc_cat=103&ccb=1-7&_nc_sid=50d2ac&_nc_ohc=ntsVvzmsfIUQ7kNvgE0sXA1&_nc_ht=scontent-dfw5-1.xx&oh=00_AYAaNo9bJT_oKCZJ4FdYrPvjSnCjnaIqPiPD8jcfNCrobg&oe=66F6E469","https://www.facebook.com/nurul.hardianti.9237","Y29tbWVudDoyMDEzNjM0MTE5MDkyMDQyXzQ1NTc2MjYyMDg0NjA0NQ==","Renzy Bintangasia Mksih kak","1",,,,,,,,,,,,,,,,,,,,,,,,,,,,,,,,,,,"1","2024-09-22T10:35:18.000Z","2013634119092042","https://www.facebook.com/100013364191442/posts/2013634119092042","ZmVlZGJhY2s6MjAxMzYzNDExOTA5MjA0Ml80NTU3NjI2MjA4NDYwNDU=","Y29tbWVudDoyMDEzNjM0MTE5MDkyMDQyXzQ1NTc2MjYyMDg0NjA0NQ==","https://www.facebook.com/100013364191442/posts/2013634119092042","0","194051327133277","false",,,,,,"Tomat Vitalia F1 sudah ada hasil di dataran Tinggi Kab.Gowa di ketinggian 600-900 Mdpl... 
Tomat hibrida determinate.
Bentuk buah : bulat.
Warna buah muda : hijau.
Warna buah masak : merah.
Berat buah : 60-75 g/buah.
Umur panen : 67-69 hst.
Potensi hasil : 30-32 ton/ha.
Tahan simpan.
Adaptasi utama di dataran rendah.
Tahan virus.
Buah lebat.
Produksi tinggi.","100007578522755","Renzy Bintangasia","https://scontent-dfw5-2.xx.fbcdn.net/v/t39.30808-1/426012403_3605728109689771_2277782955804277447_n.jpg?stp=cp0_dst-jpg_s32x32&_nc_cat=104&ccb=1-7&_nc_sid=50d2ac&_nc_ohc=fUBbN60E0xoQ7kNvgFiJFLD&_nc_ht=scontent-dfw5-2.xx&oh=00_AYB7gsCFUz0qFLe-cToFkKBSQRWZKmLHRd2QpdwKIiGRWQ&oe=66F6D844","https://www.facebook.com/renzi.prayuda",,"Mantap","0"
,,,,,,,,,,,,,,"https://www.facebook.com/nurul.hardianti.9237/posts/pfbid0ZJiFPaLhDjDqFCe1LXSySeoEnLaBjikJQm13EFXQ15JpjH9icVWPUeJZ1XPAe1B5l?comment_id=1189543335489965","https://www.facebook.com/nurul.hardianti.9237/posts/pfbid0ZJiFPaLhDjDqFCe1LXSySeoEnLaBjikJQm13EFXQ15JpjH9icVWPUeJZ1XPAe1B5l?comment_id=1189543335489965&reply_comment_id=1046357406683522","2024-09-22T10:11:23.000Z","ZmVlZGJhY2s6MjAxMzYzNDExOTA5MjA0Ml8xMDQ2MzU3NDA2NjgzNTIy","Y29tbWVudDoyMDEzNjM0MTE5MDkyMDQyXzEwNDYzNTc0MDY2ODM1MjI=","0","User","pfbid02mBwEoPaCj9mArGitr4awqKKQAnYrzstwQp6H1tRqSgnPompACZ6i6XPfdcCvDvMRl","Jumain Putra Bugis","Jumain","Y29tbWVudDoyMDEzNjM0MTE5MDkyMDQyXzExODk1NDMzMzU0ODk5NjU=","100013364191442","Nrll Bintang Asia","https://scontent-dfw5-1.xx.fbcdn.net/v/t39.30808-1/461087378_2013634612425326_5478208411470068121_n.jpg?stp=cp0_dst-jpg_s32x32&_nc_cat=103&ccb=1-7&_nc_sid=50d2ac&_nc_ohc=ntsVvzmsfIUQ7kNvgE0sXA1&_nc_ht=scontent-dfw5-1.xx&oh=00_AYAaNo9bJT_oKCZJ4FdYrPvjSnCjnaIqPiPD8jcfNCrobg&oe=66F6E469","https://www.facebook.com/nurul.hardianti.9237","Y29tbWVudDoyMDEzNjM0MTE5MDkyMDQyXzExODk1NDMzMzU0ODk5NjU=","Jumain Putra Bugis Malino kak","1","https://www.facebook.com/nurul.hardianti.9237/posts/pfbid0ZJiFPaLhDjDqFCe1LXSySeoEnLaBjikJQm13EFXQ15JpjH9icVWPUeJZ1XPAe1B5l?comment_id=1189543335489965&reply_comment_id=1052626555958226","2024-09-22T10:11:31.000Z","ZmVlZGJhY2s6MjAxMzYzNDExOTA5MjA0Ml8xMDUyNjI2NTU1OTU4MjI2","Y29tbWVudDoyMDEzNjM0MTE5MDkyMDQyXzEwNTI2MjY1NTU5NTgyMjY=","0","User","pfbid02mBwEoPaCj9mArGitr4awqKKQAnYrzstwQp6H1tRqSgnPompACZ6i6XPfdcCvDvMRl","Jumain Putra Bugis","Jumain","Y29tbWVudDoyMDEzNjM0MTE5MDkyMDQyXzExODk1NDMzMzU0ODk5NjU=","100013364191442","Nrll Bintang Asia","https://scontent-dfw5-1.xx.fbcdn.net/v/t39.30808-1/461087378_2013634612425326_5478208411470068121_n.jpg?stp=cp0_dst-jpg_s32x32&_nc_cat=103&ccb=1-7&_nc_sid=50d2ac&_nc_ohc=ntsVvzmsfIUQ7kNvgE0sXA1&_nc_ht=scontent-dfw5-1.xx&oh=00_AYAaNo9bJT_oKCZJ4FdYrPvjSnCjnaIqPiPD8jcfNCrobg&oe=66F6E469","https://www.facebook.com/nurul.hardianti.9237","Y29tbWVudDoyMDEzNjM0MTE5MDkyMDQyXzExODk1NDMzMzU0ODk5NjU=","Tepatnya di tombolo pao kabupaten Gowa","1",,,,,,,,,,,,,,,,,,"2","2024-09-22T10:09:36.000Z","2013634119092042","https://www.facebook.com/100013364191442/posts/2013634119092042","ZmVlZGJhY2s6MjAxMzYzNDExOTA5MjA0Ml8xMTg5NTQzMzM1NDg5OTY1","Y29tbWVudDoyMDEzNjM0MTE5MDkyMDQyXzExODk1NDMzMzU0ODk5NjU=","https://www.facebook.com/100013364191442/posts/2013634119092042","0","194051327133277","false",,,,,,"Tomat Vitalia F1 sudah ada hasil di dataran Tinggi Kab.Gowa di ketinggian 600-900 Mdpl... 
Tomat hibrida determinate.
Bentuk buah : bulat.
Warna buah muda : hijau.
Warna buah masak : merah.
Berat buah : 60-75 g/buah.
Umur panen : 67-69 hst.
Potensi hasil : 30-32 ton/ha.
Tahan simpan.
Adaptasi utama di dataran rendah.
Tahan virus.
Buah lebat.
Produksi tinggi.","pfbid02mBwEoPaCj9mArGitr4awqKKQAnYrzstwQp6H1tRqSgnPompACZ6i6XPfdcCvDvMRl","Jumain Putra Bugis","https://scontent-dfw5-2.xx.fbcdn.net/v/t1.6435-1/49620897_125757141795221_608539661173784576_n.jpg?stp=cp0_dst-jpg_s32x32&_nc_cat=100&ccb=1-7&_nc_sid=0ecb9b&_nc_ohc=I7o6j2cUbpMQ7kNvgF9W_6-&_nc_ht=scontent-dfw5-2.xx&oh=00_AYC98oxv7Bg4IHAsT0rkOzYjEu0MW3OS-btbCqtqzhciMw&oe=671873A4","https://www.facebook.com/jumain.putrabugis.39",,"Di mana ini kakak","0"
,,,,,,,,,,,,,,"https://www.facebook.com/nurul.hardianti.9237/posts/pfbid032yZ4EZGgBJJWpAsNUw8hR5X83KN2ezuGBwWX1QczPyFJq1XEccAHWM7w2HViJW7Yl?comment_id=525174993458394&reply_comment_id=3829925467325033",,,,,,,,,,,,,,,,,,,,,,,,,,,,,,,,,,,,,,,,,,,,,,,,,,,,,"2024-09-22T06:37:53.000Z","2013444185777702","https://www.facebook.com/100013364191442/posts/2013444185777702","ZmVlZGJhY2s6MjAxMzQ0NDE4NTc3NzcwMl8zODI5OTI1NDY3MzI1MDMz","Y29tbWVudDoyMDEzNDQ0MTg1Nzc3NzAyXzM4Mjk5MjU0NjczMjUwMzM=","https://www.facebook.com/100013364191442/posts/2013444185777702","0","194051327133277","false","User","pfbid02sXeShmmNYpM1g75dZdqiJMGtHDe75oquZxSLFzvceyS2KqHDpuAzs37xxhU5Q1Arl","Arman Ar","Arman","Y29tbWVudDoyMDEzNDQ0MTg1Nzc3NzAyXzUyNTE3NDk5MzQ1ODM5NA==","Tomat Niki F1
Lokasi Parantajuru, Kec.Tombolo Pao, Kabupaten Gowa

Alhamdulillah Kereen Produksi Tinggi

Tomat hibrida indeterminate.
Bentuk buah : lonjong.
Warna buah muda : hijau.
Warna buah masak : merah.
Berat buah 69-71 g/buah.
Warna panen : 74-75 hst.
Potensi hasil : 25-27 ton/ha.
Tahan simpan.
Adaptasi utama di dataran rendah.
Tanaman tinggi.
Buah lebat dan keras.
Daya simpan lama.
Produksi tinggi.","100013364191442","Nrll Bintang Asia","https://scontent-iad3-2.xx.fbcdn.net/v/t39.30808-1/461087378_2013634612425326_5478208411470068121_n.jpg?stp=cp0_dst-jpg_s32x32&_nc_cat=103&ccb=1-7&_nc_sid=50d2ac&_nc_ohc=ntsVvzmsfIUQ7kNvgEDA8aA&_nc_ht=scontent-iad3-2.xx&_nc_gid=A1bgmhPk4hKxB5Z1AmsoTbO&oh=00_AYBGaQ7bJsSiR3pQ29yez9bKBnhyG0DKu_jgfFaD89TVqw&oe=66F6E469","https://www.facebook.com/nurul.hardianti.9237","Y29tbWVudDoyMDEzNDQ0MTg1Nzc3NzAyXzUyNTE3NDk5MzQ1ODM5NA==","Arman Ar Siap2 terimakasih☺","1"
,,,,,,,,,,,,,,"https://www.facebook.com/nurul.hardianti.9237/posts/pfbid032yZ4EZGgBJJWpAsNUw8hR5X83KN2ezuGBwWX1QczPyFJq1XEccAHWM7w2HViJW7Yl?comment_id=525174993458394&reply_comment_id=1216010249645607",,,,,,,,,,,,,,,,,,,,,,,,,,,,,,,,,,,,,,,,,,,,,,,,,,,,,"2024-09-22T07:02:21.000Z","2013444185777702","https://www.facebook.com/100013364191442/posts/2013444185777702","ZmVlZGJhY2s6MjAxMzQ0NDE4NTc3NzcwMl8xMjE2MDEwMjQ5NjQ1NjA3","Y29tbWVudDoyMDEzNDQ0MTg1Nzc3NzAyXzEyMTYwMTAyNDk2NDU2MDc=","https://www.facebook.com/100013364191442/posts/2013444185777702","0","194051327133277","false","User","pfbid02sXeShmmNYpM1g75dZdqiJMGtHDe75oquZxSLFzvceyS2KqHDpuAzs37xxhU5Q1Arl","Arman Ar","Arman","Y29tbWVudDoyMDEzNDQ0MTg1Nzc3NzAyXzUyNTE3NDk5MzQ1ODM5NA==","Tomat Niki F1
Lokasi Parantajuru, Kec.Tombolo Pao, Kabupaten Gowa

Alhamdulillah Kereen Produksi Tinggi

Tomat hibrida indeterminate.
Bentuk buah : lonjong.
Warna buah muda : hijau.
Warna buah masak : merah.
Berat buah 69-71 g/buah.
Warna panen : 74-75 hst.
Potensi hasil : 25-27 ton/ha.
Tahan simpan.
Adaptasi utama di dataran rendah.
Tanaman tinggi.
Buah lebat dan keras.
Daya simpan lama.
Produksi tinggi.","pfbid02sXeShmmNYpM1g75dZdqiJMGtHDe75oquZxSLFzvceyS2KqHDpuAzs37xxhU5Q1Arl","Arman Ar","https://scontent-iad3-1.xx.fbcdn.net/v/t1.30497-1/453178253_471506465671661_2781666950760530985_n.png?stp=cp0_dst-png_s32x32&_nc_cat=1&ccb=1-7&_nc_sid=136b72&_nc_ohc=lbW45KJmk6YQ7kNvgHkzewJ&_nc_ht=scontent-iad3-1.xx&_nc_gid=A1bgmhPk4hKxB5Z1AmsoTbO&oh=00_AYCHlGmnEjIHAEdxRe5QyiC1Uazbt-Aik--XwWFEuVq94w&oe=6718817A","https://www.facebook.com/people/Arman-Ar/pfbid02sXeShmmNYpM1g75dZdqiJMGtHDe75oquZxSLFzvceyS2KqHDpuAzs37xxhU5Q1Arl/","Y29tbWVudDoyMDEzNDQ0MTg1Nzc3NzAyXzUyNTE3NDk5MzQ1ODM5NA==","Harus s coba ini tahun depan","1"
,,,,,,,,,,,,,,"https://www.facebook.com/nurul.hardianti.9237/posts/pfbid032yZ4EZGgBJJWpAsNUw8hR5X83KN2ezuGBwWX1QczPyFJq1XEccAHWM7w2HViJW7Yl?comment_id=525174993458394&reply_comment_id=1076296944055058",,,,,,,,,,,,,,,,,,,,,,,,,,,,,,,,,,,,,,,,,,,,,,,,,,,,,"2024-09-22T12:19:37.000Z","2013444185777702","https://www.facebook.com/100013364191442/posts/2013444185777702","ZmVlZGJhY2s6MjAxMzQ0NDE4NTc3NzcwMl8xMDc2Mjk2OTQ0MDU1MDU4","Y29tbWVudDoyMDEzNDQ0MTg1Nzc3NzAyXzEwNzYyOTY5NDQwNTUwNTg=","https://www.facebook.com/100013364191442/posts/2013444185777702","0","194051327133277","false","User","pfbid02sXeShmmNYpM1g75dZdqiJMGtHDe75oquZxSLFzvceyS2KqHDpuAzs37xxhU5Q1Arl","Arman Ar","Arman","Y29tbWVudDoyMDEzNDQ0MTg1Nzc3NzAyXzUyNTE3NDk5MzQ1ODM5NA==","Tomat Niki F1
Lokasi Parantajuru, Kec.Tombolo Pao, Kabupaten Gowa

Alhamdulillah Kereen Produksi Tinggi

Tomat hibrida indeterminate.
Bentuk buah : lonjong.
Warna buah muda : hijau.
Warna buah masak : merah.
Berat buah 69-71 g/buah.
Warna panen : 74-75 hst.
Potensi hasil : 25-27 ton/ha.
Tahan simpan.
Adaptasi utama di dataran rendah.
Tanaman tinggi.
Buah lebat dan keras.
Daya simpan lama.
Produksi tinggi.","100013364191442","Nrll Bintang Asia","https://scontent-iad3-2.xx.fbcdn.net/v/t39.30808-1/461087378_2013634612425326_5478208411470068121_n.jpg?stp=cp0_dst-jpg_s32x32&_nc_cat=103&ccb=1-7&_nc_sid=50d2ac&_nc_ohc=ntsVvzmsfIUQ7kNvgEDA8aA&_nc_ht=scontent-iad3-2.xx&_nc_gid=A1bgmhPk4hKxB5Z1AmsoTbO&oh=00_AYBGaQ7bJsSiR3pQ29yez9bKBnhyG0DKu_jgfFaD89TVqw&oe=66F6E469","https://www.facebook.com/nurul.hardianti.9237","Y29tbWVudDoyMDEzNDQ0MTg1Nzc3NzAyXzUyNTE3NDk5MzQ1ODM5NA==","Hehhee iyye bolehh","1"
,,,,,,,,,,,,,,"https://www.facebook.com/nurul.hardianti.9237/posts/2013634119092042?comment_id=455762620846045&reply_comment_id=857327169824000",,,,,,,,,,,,,,,,,,,,,,,,,,,,,,,,,,,,,,,,,,,,,,,,,,,,,"2024-09-22T10:36:55.000Z","2013634119092042","https://www.facebook.com/100013364191442/posts/2013634119092042","ZmVlZGJhY2s6MjAxMzYzNDExOTA5MjA0Ml84NTczMjcxNjk4MjQwMDA=","Y29tbWVudDoyMDEzNjM0MTE5MDkyMDQyXzg1NzMyNzE2OTgyNDAwMA==","https://www.facebook.com/100013364191442/posts/2013634119092042","0","194051327133277","false","User","100007578522755","Renzy Bintangasia","Renzy","Y29tbWVudDoyMDEzNjM0MTE5MDkyMDQyXzQ1NTc2MjYyMDg0NjA0NQ==","Tomat Vitalia F1 sudah ada hasil di dataran Tinggi Kab.Gowa di ketinggian 600-900 Mdpl... 
Tomat hibrida determinate.
Bentuk buah : bulat.
Warna buah muda : hijau.
Warna buah masak : merah.
Berat buah : 60-75 g/buah.
Umur panen : 67-69 hst.
Potensi hasil : 30-32 ton/ha.
Tahan simpan.
Adaptasi utama di dataran rendah.
Tahan virus.
Buah lebat.
Produksi tinggi.","100013364191442","Nrll Bintang Asia","https://scontent.fric1-1.fna.fbcdn.net/v/t39.30808-1/461087378_2013634612425326_5478208411470068121_n.jpg?stp=cp0_dst-jpg_s32x32&_nc_cat=103&ccb=1-7&_nc_sid=50d2ac&_nc_ohc=ntsVvzmsfIUQ7kNvgE35FCV&_nc_ht=scontent.fric1-1.fna&_nc_gid=A6ZDz2b7vqQ-QYBm6D-OTft&oh=00_AYDjX9_ftNqrTBLoiabUW_aW9WYHsCwDQ47lHHQjkdCcvw&oe=66F6E469","https://www.facebook.com/nurul.hardianti.9237","Y29tbWVudDoyMDEzNjM0MTE5MDkyMDQyXzQ1NTc2MjYyMDg0NjA0NQ==","Renzy Bintangasia Mksih kak","1"
,,,,,,,,,,,,,,"https://www.facebook.com/nurul.hardianti.9237/posts/pfbid0ZJiFPaLhDjDqFCe1LXSySeoEnLaBjikJQm13EFXQ15JpjH9icVWPUeJZ1XPAe1B5l?comment_id=1189543335489965&reply_comment_id=1046357406683522",,,,,,,,,,,,,,,,,,,,,,,,,,,,,,,,,,,,,,,,,,,,,,,,,,,,,"2024-09-22T10:11:23.000Z","2013634119092042","https://www.facebook.com/100013364191442/posts/2013634119092042","ZmVlZGJhY2s6MjAxMzYzNDExOTA5MjA0Ml8xMDQ2MzU3NDA2NjgzNTIy","Y29tbWVudDoyMDEzNjM0MTE5MDkyMDQyXzEwNDYzNTc0MDY2ODM1MjI=","https://www.facebook.com/100013364191442/posts/2013634119092042","0","194051327133277","false","User","pfbid02mBwEoPaCj9mArGitr4awqKKQAnYrzstwQp6H1tRqSgnPompACZ6i6XPfdcCvDvMRl","Jumain Putra Bugis","Jumain","Y29tbWVudDoyMDEzNjM0MTE5MDkyMDQyXzExODk1NDMzMzU0ODk5NjU=","Tomat Vitalia F1 sudah ada hasil di dataran Tinggi Kab.Gowa di ketinggian 600-900 Mdpl... 
Tomat hibrida determinate.
Bentuk buah : bulat.
Warna buah muda : hijau.
Warna buah masak : merah.
Berat buah : 60-75 g/buah.
Umur panen : 67-69 hst.
Potensi hasil : 30-32 ton/ha.
Tahan simpan.
Adaptasi utama di dataran rendah.
Tahan virus.
Buah lebat.
Produksi tinggi.","100013364191442","Nrll Bintang Asia","https://scontent-lax3-2.xx.fbcdn.net/v/t39.30808-1/461087378_2013634612425326_5478208411470068121_n.jpg?stp=cp0_dst-jpg_s32x32&_nc_cat=103&ccb=1-7&_nc_sid=50d2ac&_nc_ohc=ntsVvzmsfIUQ7kNvgFWdLvR&_nc_ht=scontent-lax3-2.xx&_nc_gid=AWVVTYLWyx5bJ3srgVwJa16&oh=00_AYCCZMljJBu809jVcVeQ-LVBikg4CngZzvWLF2nIKgSc2g&oe=66F6E469","https://www.facebook.com/nurul.hardianti.9237","Y29tbWVudDoyMDEzNjM0MTE5MDkyMDQyXzExODk1NDMzMzU0ODk5NjU=","Jumain Putra Bugis Malino kak","1"
,,,,,,,,,,,,,,"https://www.facebook.com/nurul.hardianti.9237/posts/pfbid0ZJiFPaLhDjDqFCe1LXSySeoEnLaBjikJQm13EFXQ15JpjH9icVWPUeJZ1XPAe1B5l?comment_id=1189543335489965&reply_comment_id=1052626555958226",,,,,,,,,,,,,,,,,,,,,,,,,,,,,,,,,,,,,,,,,,,,,,,,,,,,,"2024-09-22T10:11:31.000Z","2013634119092042","https://www.facebook.com/100013364191442/posts/2013634119092042","ZmVlZGJhY2s6MjAxMzYzNDExOTA5MjA0Ml8xMDUyNjI2NTU1OTU4MjI2","Y29tbWVudDoyMDEzNjM0MTE5MDkyMDQyXzEwNTI2MjY1NTU5NTgyMjY=","https://www.facebook.com/100013364191442/posts/2013634119092042","0","194051327133277","false","User","pfbid02mBwEoPaCj9mArGitr4awqKKQAnYrzstwQp6H1tRqSgnPompACZ6i6XPfdcCvDvMRl","Jumain Putra Bugis","Jumain","Y29tbWVudDoyMDEzNjM0MTE5MDkyMDQyXzExODk1NDMzMzU0ODk5NjU=","Tomat Vitalia F1 sudah ada hasil di dataran Tinggi Kab.Gowa di ketinggian 600-900 Mdpl... 
Tomat hibrida determinate.
Bentuk buah : bulat.
Warna buah muda : hijau.
Warna buah masak : merah.
Berat buah : 60-75 g/buah.
Umur panen : 67-69 hst.
Potensi hasil : 30-32 ton/ha.
Tahan simpan.
Adaptasi utama di dataran rendah.
Tahan virus.
Buah lebat.
Produksi tinggi.","100013364191442","Nrll Bintang Asia","https://scontent-lax3-2.xx.fbcdn.net/v/t39.30808-1/461087378_2013634612425326_5478208411470068121_n.jpg?stp=cp0_dst-jpg_s32x32&_nc_cat=103&ccb=1-7&_nc_sid=50d2ac&_nc_ohc=ntsVvzmsfIUQ7kNvgFWdLvR&_nc_ht=scontent-lax3-2.xx&_nc_gid=AWVVTYLWyx5bJ3srgVwJa16&oh=00_AYCCZMljJBu809jVcVeQ-LVBikg4CngZzvWLF2nIKgSc2g&oe=66F6E469","https://www.facebook.com/nurul.hardianti.9237","Y29tbWVudDoyMDEzNjM0MTE5MDkyMDQyXzExODk1NDMzMzU0ODk5NjU=","Tepatnya di tombolo pao kabupaten Gowa","1"
