﻿"author","authorIsChannelOwner","channelId","channelName","channelUrl","cid","comment","comments","commentsCount","commentsTurnedOff","date","descriptionLinks/0/text","descriptionLinks/0/url","descriptionLinks/1/text","descriptionLinks/1/url","descriptionLinks/2/text","descriptionLinks/2/url","descriptionLinks/3/text","descriptionLinks/3/url","descriptionLinks/4/text","descriptionLinks/4/url","descriptionLinks/5/text","descriptionLinks/5/url","descriptionLinks/6/text","descriptionLinks/6/url","descriptionLinks/7/text","descriptionLinks/7/url","duration","hasCreatorHeart","hashtags/0","hashtags/1","hashtags/2","id","isMonetized","likes","location","numberOfSubscribers","pageUrl","publishedTimeText","replyCount","replyToCid","subtitles","text","thumbnailUrl","title","type","url","videoId","viewCount","voteCount"
"@ekobambang6794","false",,,,"UgzKd-7qNA9j7AM37uV4AaABAg","Mantap pakDhe",,"6",,,,,,,,,,,,,,,,,,,,"false",,,,,,,,,"https://www.youtube.com/watch?v=LbqIX6RMqls","2 hours ago","0",,,,,"COMPACT 22 F1, DI 300 MDPL, DAN PENGENDALIAN HPT","comment",,"LbqIX6RMqls",,"0"
"@lanturegeapping3558","false",,,,"UgxmEww6ZXJ4AZP-9lp4AaABAg","sukses petani mantap bibit bintang asia",,"6",,,,,,,,,,,,,,,,,,,,"false",,,,,,,,,"https://www.youtube.com/watch?v=LbqIX6RMqls","2 hours ago","0",,,,,"COMPACT 22 F1, DI 300 MDPL, DAN PENGENDALIAN HPT","comment",,"LbqIX6RMqls",,"0"
"@mohamadcali8259","false",,,,"UgxS_p5Cr2ZE6JOPI6t4AaABAg","Sukses selalu pak",,"6",,,,,,,,,,,,,,,,,,,,"false",,,,,,,,,"https://www.youtube.com/watch?v=LbqIX6RMqls","21 hours ago","1",,,,,"COMPACT 22 F1, DI 300 MDPL, DAN PENGENDALIAN HPT","comment",,"LbqIX6RMqls",,"0"
"@lanturegeapping3558","false",,,,"UgwscGx1MKzucPd6kAR4AaABAg","Mantap",,"6",,,,,,,,,,,,,,,,,,,,"true",,,,,,,,,"https://www.youtube.com/watch?v=LbqIX6RMqls","23 hours ago","0",,,,,"COMPACT 22 F1, DI 300 MDPL, DAN PENGENDALIAN HPT","comment",,"LbqIX6RMqls",,"0"
"@MirnaningsihMurtaba","false",,,,"UgywlwksaC_KwgmcVyh4AaABAg","Suksesssssss",,"6",,,,,,,,,,,,,,,,,,,,"true",,,,,,,,,"https://www.youtube.com/watch?v=LbqIX6RMqls","1 day ago","0",,,,,"COMPACT 22 F1, DI 300 MDPL, DAN PENGENDALIAN HPT","comment",,"LbqIX6RMqls",,"0"
"@Jefribintangasia","true",,,,"UgxS_p5Cr2ZE6JOPI6t4AaABAg.A8xgGU5yTf2A8yO2soKK9y","Aamiin ya rabbal Alamin",,"6",,,,,,,,,,,,,,,,,,,,"false",,,,,,,,,"https://www.youtube.com/watch?v=LbqIX6RMqls","14 hours ago","0","UgxS_p5Cr2ZE6JOPI6t4AaABAg",,,,"COMPACT 22 F1, DI 300 MDPL, DAN PENGENDALIAN HPT","reply",,"LbqIX6RMqls",,"0"
,,"UCwdhX_B2f7bKw1N4Nnn6z5A","Jefri bintang asia","https://www.youtube.com/@Jefribintangasia",,,,"0","false","2024-09-27T11:04:06.000Z","#shortvideo","https://www.youtube.com/hashtag/shortvideo","#benihcitraasia","https://www.youtube.com/hashtag/benihcitraasia","#benihunggul","https://www.youtube.com/hashtag/benihunggul","#petanimuda","https://www.youtube.com/hashtag/petanimuda","#petanimilenial","https://www.youtube.com/hashtag/petanimilenial","#shortvideo","https://www.youtube.com/hashtag/shortvideo","#inovasianaknegeri","https://www.youtube.com/hashtag/inovasianaknegeri","#bintangasia","https://www.youtube.com/hashtag/bintangasia","00:11:24",,"#benihunggul","#petanimilenial","#shortvideo","m4m5bX0rByI",,"12",,"108",,,,,,"#shortvideo #benihcitraasia #benihunggul #petanimuda #petanimilenial #shortvideo #inovasianaknegeri #bintangasia","https://i.ytimg.com/vi/m4m5bX0rByI/maxresdefault.jpg?sqp=-oaymwEmCIAKENAF8quKqQMa8AEB-AH-CYAC0AWKAgwIABABGFIgZShkMA8=&rs=AOn4CLD0Hm_XR7508RR0eYtgRlIvXVjCfQ","CMB MEGATOP F1, MUDAH PERWATAN, MERAH BUAHNYA, BERAT TIMBANGANNYA, HASIL MELIMPAH","video","https://www.youtube.com/watch?v=m4m5bX0rByI",,"67",
