﻿"attachments/0/style_list/0","attachments/0/style_list/1","attachments/0/style_list/2","attachments/0/style_list/3","attachments/0/style_list/4","commentUrl","commentsCount","date","error","errorDescription","facebookId","facebookUrl","feedbackId","id","inputUrl","likesCount","postTitle","profileId","profileName","profilePicture","profileUrl","text","url"
,,,,,,,,"not_available","This content isn't available because the owner only shared it with a small group of people or changed who can see it, or it's been deleted.",,,,,,,,,,,,,"https://www.facebook.com/100007578522755/posts/8187036378051995"
,,,,,,,,"not_available","This content isn't available because the owner only shared it with a small group of people or changed who can see it, or it's been deleted.",,,,,,,,,,,,,"https://www.facebook.com/100007578522755/posts/8693759523991870"
,,,,,,,,"not_available","This content isn't available because the owner only shared it with a small group of people or changed who can see it, or it's been deleted.",,,,,,,,,,,,,"https://www.facebook.com/100007578522755/posts/8183908941698072"
,,,,,,,,"not_available","This content isn't available because the owner only shared it with a small group of people or changed who can see it, or it's been deleted.",,,,,,,,,,,,,"https://www.facebook.com/100007578522755/posts/8180322238723409"
,,,,,,,,"not_available","This content isn't available because the owner only shared it with a small group of people or changed who can see it, or it's been deleted.",,,,,,,,,,,,,"https://www.facebook.com/100007578522755/posts/8183808541708112"
,,,,,"https://www.facebook.com/100007578522755/posts/3767408060188441?comment_id=490167740606689","3","2024-09-13T10:06:50.000Z",,,"3767408060188441","https://www.facebook.com/100007578522755/posts/3767408060188441","ZmVlZGJhY2s6Mzc2NzQwODA2MDE4ODQ0MV80OTAxNjc3NDA2MDY2ODk=","Y29tbWVudDozNzY3NDA4MDYwMTg4NDQxXzQ5MDE2Nzc0MDYwNjY4OQ==","https://www.facebook.com/100007578522755/posts/3767408060188441","1","padi BCA 18 F1

Padi hibrida.
Umur tanaman : 113 hari.
Tinggi tanaman : ± 103,5 cm.
Kadar amilosa : 22,7%.
Berat 1000 butir : 24,9 g.
Rerata hasil : 7,8...","1828565536","Mohammad Iqbal Agustiana","https://scontent.fman2-2.fna.fbcdn.net/v/t1.18169-1/1468799_10203929170029473_1521419688104736133_n.jpg?stp=cp0_dst-jpg_s32x32&_nc_cat=110&ccb=1-7&_nc_sid=db5862&_nc_ohc=CmpmC1KKisYQ7kNvgFPR5pD&_nc_ht=scontent.fman2-2.fna&oh=00_AYByOPjLpZFZ6TkdCl40R7jg_ZOKHjq3aFXjKM31GHAtAQ&oe=670C78AF",,"Produksi tinggi,",
"animated_image_share","image_share","share","fallback",,"https://www.facebook.com/100007578522755/posts/3767408060188441?comment_id=528250856246780",,"2024-09-13T23:25:51.000Z",,,"3767408060188441","https://www.facebook.com/100007578522755/posts/3767408060188441","ZmVlZGJhY2s6Mzc2NzQwODA2MDE4ODQ0MV81MjgyNTA4NTYyNDY3ODA=","Y29tbWVudDozNzY3NDA4MDYwMTg4NDQxXzUyODI1MDg1NjI0Njc4MA==","https://www.facebook.com/100007578522755/posts/3767408060188441","1","padi BCA 18 F1

Padi hibrida.
Umur tanaman : 113 hari.
Tinggi tanaman : ± 103,5 cm.
Kadar amilosa : 22,7%.
Berat 1000 butir : 24,9 g.
Rerata hasil : 7,8...","pfbid0313cCCmMNgmmbdj8w3AL6Af4z1vUmsce5kwNej1nYZDd2zcBbBJTqKqLxGdFE1m4Ql","Sudi Erma","https://scontent.fman2-1.fna.fbcdn.net/v/t39.30808-1/419427262_273204245772582_4717930456739040320_n.jpg?stp=cp0_dst-jpg_s32x32&_nc_cat=102&ccb=1-7&_nc_sid=0ecb9b&_nc_ohc=XaZuxELr_LgQ7kNvgFJX5el&_nc_ht=scontent.fman2-1.fna&_nc_gid=AgRiuLpvuJl4YHC9-8HNRo2&oh=00_AYC9YVcFhkdaIaQJrE92hDCiCFKO6-Rq98yc2mmsDKOqXA&oe=66EAF7BD","https://www.facebook.com/people/Sudi-Erma/pfbid0313cCCmMNgmmbdj8w3AL6Af4z1vUmsce5kwNej1nYZDd2zcBbBJTqKqLxGdFE1m4Ql/",,
"animated_image_autoplay","animated_image_share","image_share","share","fallback","https://www.facebook.com/100007578522755/posts/3767408060188441?comment_id=1940876263007476","1","2024-09-13T21:11:29.000Z",,,"3767408060188441","https://www.facebook.com/100007578522755/posts/3767408060188441","ZmVlZGJhY2s6Mzc2NzQwODA2MDE4ODQ0MV8xOTQwODc2MjYzMDA3NDc2","Y29tbWVudDozNzY3NDA4MDYwMTg4NDQxXzE5NDA4NzYyNjMwMDc0NzY=","https://www.facebook.com/100007578522755/posts/3767408060188441","1","padi BCA 18 F1

Padi hibrida.
Umur tanaman : 113 hari.
Tinggi tanaman : ± 103,5 cm.
Kadar amilosa : 22,7%.
Berat 1000 butir : 24,9 g.
Rerata hasil : 7,8...","100004370253176","Muhamad Cali Faiz Ahmad","https://scontent.fman2-1.fna.fbcdn.net/v/t39.30808-1/456120459_2788136318008683_7418166726346064265_n.jpg?stp=cp0_dst-jpg_s32x32&_nc_cat=108&ccb=1-7&_nc_sid=50d2ac&_nc_ohc=V6qJnwgPDZAQ7kNvgHJCFfa&_nc_ht=scontent.fman2-1.fna&_nc_gid=AgRiuLpvuJl4YHC9-8HNRo2&oh=00_AYCcw0WVkWrLDcEHCNHbTTffevDb6Dq5vEDuOhxPNK8LPQ&oe=66EACAAD","https://www.facebook.com/muhamad.cali.98",,
,,,,,"https://www.facebook.com/100007578522755/posts/3767408060188441?comment_id=400723459432197","1","2024-09-13T15:23:01.000Z",,,"3767408060188441","https://www.facebook.com/100007578522755/posts/3767408060188441","ZmVlZGJhY2s6Mzc2NzQwODA2MDE4ODQ0MV80MDA3MjM0NTk0MzIxOTc=","Y29tbWVudDozNzY3NDA4MDYwMTg4NDQxXzQwMDcyMzQ1OTQzMjE5Nw==","https://www.facebook.com/100007578522755/posts/3767408060188441","1","padi BCA 18 F1

Padi hibrida.
Umur tanaman : 113 hari.
Tinggi tanaman : ± 103,5 cm.
Kadar amilosa : 22,7%.
Berat 1000 butir : 24,9 g.
Rerata hasil : 7,8...","pfbid021sDz1axNj2zE9Qb2YyR2jYWqHKLMLkD2P6dEdPr59XEB4ngqKYX7usS3rETDFTWul","Fikri Aditya Irawan","https://scontent.fman2-1.fna.fbcdn.net/v/t39.30808-1/370595924_1524569058347932_1191090002210752201_n.jpg?stp=cp0_dst-jpg_s32x32&_nc_cat=102&ccb=1-7&_nc_sid=0ecb9b&_nc_ohc=Yl2QIn4mVM0Q7kNvgE5sZqT&_nc_ht=scontent.fman2-1.fna&_nc_gid=AgRiuLpvuJl4YHC9-8HNRo2&oh=00_AYDtmSR1eDodSBUUaLx2G-FfJymksvSNG4wr8T5WmTUeXw&oe=66EADC8C","https://www.facebook.com/adminyafikriaditya.aditya","mantaapp ketuaa BCA 18F1 josss🔥🔥",
,,,,,"https://www.facebook.com/100007578522755/posts/3767408060188441?comment_id=8826155840745971","1","2024-09-13T10:09:44.000Z",,,"3767408060188441","https://www.facebook.com/100007578522755/posts/3767408060188441","ZmVlZGJhY2s6Mzc2NzQwODA2MDE4ODQ0MV84ODI2MTU1ODQwNzQ1OTcx","Y29tbWVudDozNzY3NDA4MDYwMTg4NDQxXzg4MjYxNTU4NDA3NDU5NzE=","https://www.facebook.com/100007578522755/posts/3767408060188441","1","padi BCA 18 F1

Padi hibrida.
Umur tanaman : 113 hari.
Tinggi tanaman : ± 103,5 cm.
Kadar amilosa : 22,7%.
Berat 1000 butir : 24,9 g.
Rerata hasil : 7,8...","pfbid0iisDaJ6PvUBYd2rmzejLZfAtWQsAmnSZ2ChvQqPFrKefpeqQ5tm5rZx6szZeUztil","Sepriandi Syahputra Zebua","https://scontent.fman2-1.fna.fbcdn.net/v/t1.30497-1/453178253_471506465671661_2781666950760530985_n.png?stp=cp0_dst-png_s32x32&_nc_cat=1&ccb=1-7&_nc_sid=136b72&_nc_ohc=PBlN3lEt5FwQ7kNvgF7VmS6&_nc_ht=scontent.fman2-1.fna&_nc_gid=AgRiuLpvuJl4YHC9-8HNRo2&oh=00_AYC70SH4NCcY9kBESpTeOYSXFf4gxAZTPOOi8YPD3iJXqg&oe=670C6BBA","https://www.facebook.com/sepriandi.syahputra","Bca 18 joss",
,,,,,"https://www.facebook.com/100007578522755/posts/3767408060188441?comment_id=1100727194719549","1","2024-09-13T12:49:50.000Z",,,"3767408060188441","https://www.facebook.com/100007578522755/posts/3767408060188441","ZmVlZGJhY2s6Mzc2NzQwODA2MDE4ODQ0MV8xMTAwNzI3MTk0NzE5NTQ5","Y29tbWVudDozNzY3NDA4MDYwMTg4NDQxXzExMDA3MjcxOTQ3MTk1NDk=","https://www.facebook.com/100007578522755/posts/3767408060188441","1","padi BCA 18 F1

Padi hibrida.
Umur tanaman : 113 hari.
Tinggi tanaman : ± 103,5 cm.
Kadar amilosa : 22,7%.
Berat 1000 butir : 24,9 g.
Rerata hasil : 7,8...","pfbid0ST59wc2y7ZZYRD8cWidwYhLN1PaENBnkt6bVf88sugWyEq4n9iCwpVRpFAD3b2tEl","Opeq Bintang Asia","https://scontent.fman2-1.fna.fbcdn.net/v/t39.30808-1/440808755_122106493232287865_6230265854575499414_n.jpg?stp=cp0_dst-jpg_s32x32&_nc_cat=108&ccb=1-7&_nc_sid=0ecb9b&_nc_ohc=Y7daJHgf07YQ7kNvgHMY2xx&_nc_ht=scontent.fman2-1.fna&_nc_gid=AgRiuLpvuJl4YHC9-8HNRo2&oh=00_AYC39pVg37wNWSlQFKAFs_NXWeKfitRi605p2LFk2DnITQ&oe=66EACF6E","https://www.facebook.com/people/Opeq-Bintang-Asia/pfbid0ST59wc2y7ZZYRD8cWidwYhLN1PaENBnkt6bVf88sugWyEq4n9iCwpVRpFAD3b2tEl/","MantaB, anakannya bagaimana bos, apakah banyak ?",
"sticker","fallback",,,,"https://www.facebook.com/100007578522755/posts/3767408060188441?comment_id=1229549738062362","1","2024-09-13T14:39:55.000Z",,,"3767408060188441","https://www.facebook.com/100007578522755/posts/3767408060188441","ZmVlZGJhY2s6Mzc2NzQwODA2MDE4ODQ0MV8xMjI5NTQ5NzM4MDYyMzYy","Y29tbWVudDozNzY3NDA4MDYwMTg4NDQxXzEyMjk1NDk3MzgwNjIzNjI=","https://www.facebook.com/100007578522755/posts/3767408060188441","1","padi BCA 18 F1

Padi hibrida.
Umur tanaman : 113 hari.
Tinggi tanaman : ± 103,5 cm.
Kadar amilosa : 22,7%.
Berat 1000 butir : 24,9 g.
Rerata hasil : 7,8...","pfbid026WyRYB9hoKW5WncBgw2ayFrBFAMZdxp8g9ABmpB4nzWypUBspFd75NVM9suZ5aanl","Jefri Albutuni","https://scontent.fman2-1.fna.fbcdn.net/v/t39.30808-1/436257900_122094530048282694_4737812276272856368_n.jpg?stp=cp0_dst-jpg_s32x32&_nc_cat=103&ccb=1-7&_nc_sid=0ecb9b&_nc_ohc=07OV9DasNC0Q7kNvgFfyFh2&_nc_ht=scontent.fman2-1.fna&_nc_gid=AgRiuLpvuJl4YHC9-8HNRo2&oh=00_AYAjIB3NkKjnJnB0wrMxKRQIEruu1JA87oIpOsiCe9eKog&oe=66EADBCA","https://www.facebook.com/people/Jefri-Albutuni/pfbid026WyRYB9hoKW5WncBgw2ayFrBFAMZdxp8g9ABmpB4nzWypUBspFd75NVM9suZ5aanl/",,
,,,,,"https://www.facebook.com/100007578522755/posts/3767408060188441?comment_id=4038209093073571","1","2024-09-13T15:31:55.000Z",,,"3767408060188441","https://www.facebook.com/100007578522755/posts/3767408060188441","ZmVlZGJhY2s6Mzc2NzQwODA2MDE4ODQ0MV80MDM4MjA5MDkzMDczNTcx","Y29tbWVudDozNzY3NDA4MDYwMTg4NDQxXzQwMzgyMDkwOTMwNzM1NzE=","https://www.facebook.com/100007578522755/posts/3767408060188441","1","padi BCA 18 F1

Padi hibrida.
Umur tanaman : 113 hari.
Tinggi tanaman : ± 103,5 cm.
Kadar amilosa : 22,7%.
Berat 1000 butir : 24,9 g.
Rerata hasil : 7,8...","pfbid0yJUoCKNESq9nGmJ2upH6upTqvXSdhynU4GsTsF3AP6TjLX4dgPrFr9VUuPaeT9a2l","Ardi Risdi","https://scontent.fman2-2.fna.fbcdn.net/v/t39.30808-1/236810025_922786355117519_6398591925919568604_n.jpg?stp=cp0_dst-jpg_s32x32&_nc_cat=107&ccb=1-7&_nc_sid=0ecb9b&_nc_ohc=YjfgXB7Wa04Q7kNvgGlyVvI&_nc_ht=scontent.fman2-2.fna&_nc_gid=AgRiuLpvuJl4YHC9-8HNRo2&oh=00_AYB-Vgxo42zmMpRmKaYN1OA7zh5jBwR75vRsirSKEMdYyw&oe=66EAD936","https://www.facebook.com/ardi.risdi","Mantap Ren,bibit bintang asia memang oke,kami petani puas memakai benih Bibit BINTANG ASIA,sukses selalu",
,,,,,"https://www.facebook.com/100007578522755/posts/3767408060188441?comment_id=903670841652888","1","2024-09-14T02:42:21.000Z",,,"3767408060188441","https://www.facebook.com/100007578522755/posts/3767408060188441","ZmVlZGJhY2s6Mzc2NzQwODA2MDE4ODQ0MV85MDM2NzA4NDE2NTI4ODg=","Y29tbWVudDozNzY3NDA4MDYwMTg4NDQxXzkwMzY3MDg0MTY1Mjg4OA==","https://www.facebook.com/100007578522755/posts/3767408060188441","1","padi BCA 18 F1

Padi hibrida.
Umur tanaman : 113 hari.
Tinggi tanaman : ± 103,5 cm.
Kadar amilosa : 22,7%.
Berat 1000 butir : 24,9 g.
Rerata hasil : 7,8...","pfbid0G1PnLquzDLcE5pxC5RN2nHQ4ctaS6khaUfqgRv8w29YFUzsq67R2jijrxgKXWoXzl","Gendonbuah Gendonbuah","https://scontent.fman2-2.fna.fbcdn.net/v/t39.30808-1/403850236_1550208049066064_3842332233440327917_n.jpg?stp=c0.0.600.600a_cp0_dst-jpg_s32x32&_nc_cat=104&ccb=1-7&_nc_sid=0ecb9b&_nc_ohc=XGvF0F9I--QQ7kNvgEB-iYU&_nc_ht=scontent.fman2-2.fna&_nc_gid=AgRiuLpvuJl4YHC9-8HNRo2&oh=00_AYAWH-NOmC95Yt0l_5v3fRco7_ouiJyHzVkByHfu5DLyMA&oe=66EAC9B8","https://www.facebook.com/gendonbuah.gendonbuah","Bukan top aja tapi mantap",
"animated_image_autoplay","animated_image_share","image_share","share","fallback","https://www.facebook.com/100007578522755/posts/3767408060188441?comment_id=1057233132140596","1","2024-09-14T02:23:25.000Z",,,"3767408060188441","https://www.facebook.com/100007578522755/posts/3767408060188441","ZmVlZGJhY2s6Mzc2NzQwODA2MDE4ODQ0MV8xMDU3MjMzMTMyMTQwNTk2","Y29tbWVudDozNzY3NDA4MDYwMTg4NDQxXzEwNTcyMzMxMzIxNDA1OTY=","https://www.facebook.com/100007578522755/posts/3767408060188441","1","padi BCA 18 F1

Padi hibrida.
Umur tanaman : 113 hari.
Tinggi tanaman : ± 103,5 cm.
Kadar amilosa : 22,7%.
Berat 1000 butir : 24,9 g.
Rerata hasil : 7,8...","100009994003233","Ilham Bintang Asia","https://scontent.fman2-1.fna.fbcdn.net/v/t39.30808-1/349801600_780566773437800_6977822504580595866_n.jpg?stp=cp0_dst-jpg_s32x32&_nc_cat=100&ccb=1-7&_nc_sid=50d2ac&_nc_ohc=R1qyHXnmvyIQ7kNvgH03sQa&_nc_ht=scontent.fman2-1.fna&_nc_gid=AgRiuLpvuJl4YHC9-8HNRo2&oh=00_AYBBUKwQIY4NZpxri1w_YesCcwKHCf8Gdj-qijBRUOwXJg&oe=66EAEEFB","https://www.facebook.com/ilham.ajo.37604","Jelasss menyala kok ini Bosku 🔥🔥🔥",
"animated_image_autoplay","animated_image_share","image_share","share","fallback","https://www.facebook.com/100007578522755/posts/3767408060188441?comment_id=8653517524715426","1","2024-09-13T12:19:07.000Z",,,"3767408060188441","https://www.facebook.com/100007578522755/posts/3767408060188441","ZmVlZGJhY2s6Mzc2NzQwODA2MDE4ODQ0MV84NjUzNTE3NTI0NzE1NDI2","Y29tbWVudDozNzY3NDA4MDYwMTg4NDQxXzg2NTM1MTc1MjQ3MTU0MjY=","https://www.facebook.com/100007578522755/posts/3767408060188441","1","padi BCA 18 F1

Padi hibrida.
Umur tanaman : 113 hari.
Tinggi tanaman : ± 103,5 cm.
Kadar amilosa : 22,7%.
Berat 1000 butir : 24,9 g.
Rerata hasil : 7,8...","100001478012460","Nasir Bintang Asia","https://scontent.fman2-2.fna.fbcdn.net/v/t39.30808-1/374566524_6652285924830609_4550832743895994737_n.jpg?stp=cp0_dst-jpg_s32x32&_nc_cat=110&ccb=1-7&_nc_sid=50d2ac&_nc_ohc=hg2UxH7HF-MQ7kNvgHU0Adl&_nc_ht=scontent.fman2-2.fna&_nc_gid=AgRiuLpvuJl4YHC9-8HNRo2&oh=00_AYAVoAN3ERUnhaZA-hULHJF3yEGYnufkC_PdmaH8nPkRxw&oe=66EAEB89","https://www.facebook.com/nasir.smk2",,
,,,,,"https://www.facebook.com/100007578522755/posts/3767408060188441?comment_id=884950356842193","1","2024-09-13T12:32:40.000Z",,,"3767408060188441","https://www.facebook.com/100007578522755/posts/3767408060188441","ZmVlZGJhY2s6Mzc2NzQwODA2MDE4ODQ0MV84ODQ5NTAzNTY4NDIxOTM=","Y29tbWVudDozNzY3NDA4MDYwMTg4NDQxXzg4NDk1MDM1Njg0MjE5Mw==","https://www.facebook.com/100007578522755/posts/3767408060188441","1","padi BCA 18 F1

Padi hibrida.
Umur tanaman : 113 hari.
Tinggi tanaman : ± 103,5 cm.
Kadar amilosa : 22,7%.
Berat 1000 butir : 24,9 g.
Rerata hasil : 7,8...","100000029645476","Cayadi Bintang Asia","https://scontent.fman2-1.fna.fbcdn.net/v/t31.18172-1/15724565_1469077786436529_7264600135043183638_o.jpg?stp=c0.200.1200.1200a_cp0_dst-jpg_s32x32&_nc_cat=101&ccb=1-7&_nc_sid=db5862&_nc_ohc=D_k9FCJJ00QQ7kNvgEtoC1B&_nc_ht=scontent.fman2-1.fna&_nc_gid=AgRiuLpvuJl4YHC9-8HNRo2&oh=00_AYD3StmpcVqXvmaJ_0nNBROGlY8Wvz9LoBqqelQbDw0oUw&oe=670C7ABE","https://www.facebook.com/cayadi.santosa","Bintang Asia memang luar biasa ..",
,,,,,"https://www.facebook.com/100007578522755/posts/3767408060188441?comment_id=1678587542708776","1","2024-09-13T23:50:39.000Z",,,"3767408060188441","https://www.facebook.com/100007578522755/posts/3767408060188441","ZmVlZGJhY2s6Mzc2NzQwODA2MDE4ODQ0MV8xNjc4NTg3NTQyNzA4Nzc2","Y29tbWVudDozNzY3NDA4MDYwMTg4NDQxXzE2Nzg1ODc1NDI3MDg3NzY=","https://www.facebook.com/100007578522755/posts/3767408060188441","1","padi BCA 18 F1

Padi hibrida.
Umur tanaman : 113 hari.
Tinggi tanaman : ± 103,5 cm.
Kadar amilosa : 22,7%.
Berat 1000 butir : 24,9 g.
Rerata hasil : 7,8...","pfbid05R5z4qXi8n77svZpg3iqtz6r8uradcXHrghNtgugfRodSBqLUA1nG7Xfyw5bDqFWl","Asiono Ono","https://scontent.fman2-1.fna.fbcdn.net/v/t39.30808-1/458993664_477429218495327_6214283497097285951_n.jpg?stp=cp0_dst-jpg_s32x32&_nc_cat=105&ccb=1-7&_nc_sid=0ecb9b&_nc_ohc=77ZGUPycIPMQ7kNvgHFG8eW&_nc_ht=scontent.fman2-1.fna&_nc_gid=AgRiuLpvuJl4YHC9-8HNRo2&oh=00_AYA8mOgiGAhBnl5JpQ3pMDQJZ2RHBxx9184-dF3SV5PiMQ&oe=66EAE66A","https://www.facebook.com/people/Asiono-Ono/pfbid05R5z4qXi8n77svZpg3iqtz6r8uradcXHrghNtgugfRodSBqLUA1nG7Xfyw5bDqFWl/","Apapun tanamannya Bintang Asia solusi bibitnya
Mantapp bg👍👍",
,,,,,"https://www.facebook.com/100007578522755/posts/3767408060188441?comment_id=1188674725895324","1","2024-09-13T09:09:01.000Z",,,"3767408060188441","https://www.facebook.com/100007578522755/posts/3767408060188441","ZmVlZGJhY2s6Mzc2NzQwODA2MDE4ODQ0MV8xMTg4Njc0NzI1ODk1MzI0","Y29tbWVudDozNzY3NDA4MDYwMTg4NDQxXzExODg2NzQ3MjU4OTUzMjQ=","https://www.facebook.com/100007578522755/posts/3767408060188441","1","padi BCA 18 F1

Padi hibrida.
Umur tanaman : 113 hari.
Tinggi tanaman : ± 103,5 cm.
Kadar amilosa : 22,7%.
Berat 1000 butir : 24,9 g.
Rerata hasil : 7,8...","pfbid02mbdSDK2zGhfh5RapAuRVU2VFHb9oXYCfMC66HjTnvECUbzzqtQsqVMQe2c9FCwXGl","Jaelani Bintang Asia","https://scontent.fman2-2.fna.fbcdn.net/v/t1.6435-1/96829994_2853012744764359_5529543185535074304_n.jpg?stp=cp0_dst-jpg_s32x32&_nc_cat=107&ccb=1-7&_nc_sid=e4545e&_nc_ohc=GXhaIYOS62UQ7kNvgG9_PCh&_nc_ht=scontent.fman2-2.fna&_nc_gid=AgRiuLpvuJl4YHC9-8HNRo2&oh=00_AYDDHX_EuHeik9fmbYxnbUJJHJ7Aw6hjTNm25ZIuZYTtIw&oe=670C6D6F",,"Gaskuy bos",
,,,,,"https://www.facebook.com/100007578522755/posts/3767408060188441?comment_id=1000426681882517","1","2024-09-13T13:59:48.000Z",,,"3767408060188441","https://www.facebook.com/100007578522755/posts/3767408060188441","ZmVlZGJhY2s6Mzc2NzQwODA2MDE4ODQ0MV8xMDAwNDI2NjgxODgyNTE3","Y29tbWVudDozNzY3NDA4MDYwMTg4NDQxXzEwMDA0MjY2ODE4ODI1MTc=","https://www.facebook.com/100007578522755/posts/3767408060188441","1","padi BCA 18 F1

Padi hibrida.
Umur tanaman : 113 hari.
Tinggi tanaman : ± 103,5 cm.
Kadar amilosa : 22,7%.
Berat 1000 butir : 24,9 g.
Rerata hasil : 7,8...","100054873674004","Bintang Asia Sumbagsel","https://scontent.fman2-2.fna.fbcdn.net/v/t39.30808-1/433036366_937672538071860_589780860167365947_n.jpg?stp=cp0_dst-jpg_s32x32&_nc_cat=106&ccb=1-7&_nc_sid=50d2ac&_nc_ohc=9joqwP-c1bMQ7kNvgG7FgeV&_nc_ht=scontent.fman2-2.fna&_nc_gid=AgRiuLpvuJl4YHC9-8HNRo2&oh=00_AYA8dyd5upfb0scLYdTlJB25OoohBJK5aO4G-bZLAjs5Lw&oe=66EAC4F9","https://www.facebook.com/bintang.a.jambi","Bintang Asia Memang TOP",
,,,,,"https://www.facebook.com/100007578522755/posts/3767408060188441?comment_id=870090624734827","1","2024-09-13T12:28:10.000Z",,,"3767408060188441","https://www.facebook.com/100007578522755/posts/3767408060188441","ZmVlZGJhY2s6Mzc2NzQwODA2MDE4ODQ0MV84NzAwOTA2MjQ3MzQ4Mjc=","Y29tbWVudDozNzY3NDA4MDYwMTg4NDQxXzg3MDA5MDYyNDczNDgyNw==","https://www.facebook.com/100007578522755/posts/3767408060188441","1","padi BCA 18 F1

Padi hibrida.
Umur tanaman : 113 hari.
Tinggi tanaman : ± 103,5 cm.
Kadar amilosa : 22,7%.
Berat 1000 butir : 24,9 g.
Rerata hasil : 7,8...","pfbid08Qx1VV4v6cur1ktGBshz5xmJKfaU3V9eVG8EJsd49fU7tMT1eHEbCkEDeZTmDxyZl","Jeffry Gustian","https://scontent.fman2-2.fna.fbcdn.net/v/t39.30808-1/437678952_2057084457997098_8388210603331990343_n.jpg?stp=cp6_dst-jpg_s32x32&_nc_cat=106&ccb=1-7&_nc_sid=0ecb9b&_nc_ohc=DksPiTwDyLwQ7kNvgF-168T&_nc_ht=scontent.fman2-2.fna&_nc_gid=AgRiuLpvuJl4YHC9-8HNRo2&oh=00_AYC7XbNrM7ixaxJg6RsbKNSJ_CRs4AFTkMppjkYHX5uHYQ&oe=66EADEB4","https://www.facebook.com/jefri.gustian.12","Mantap mas, jos gandos 💪",
,,,,,"https://www.facebook.com/100007578522755/posts/3767408060188441?comment_id=525064360021346","1","2024-09-13T15:23:59.000Z",,,"3767408060188441","https://www.facebook.com/100007578522755/posts/3767408060188441","ZmVlZGJhY2s6Mzc2NzQwODA2MDE4ODQ0MV81MjUwNjQzNjAwMjEzNDY=","Y29tbWVudDozNzY3NDA4MDYwMTg4NDQxXzUyNTA2NDM2MDAyMTM0Ng==","https://www.facebook.com/100007578522755/posts/3767408060188441","1","padi BCA 18 F1

Padi hibrida.
Umur tanaman : 113 hari.
Tinggi tanaman : ± 103,5 cm.
Kadar amilosa : 22,7%.
Berat 1000 butir : 24,9 g.
Rerata hasil : 7,8...","pfbid02gpZc39GkzgGVBkPURAST2EArTKMhV7aa7MFvGmjxaoSLgQMSJtHnRaJLURf1v3TNl","Lia Vita Cynk Daffa","https://scontent.fman2-2.fna.fbcdn.net/v/t39.30808-1/241789149_4436735206387612_250968209991634661_n.jpg?stp=c0.0.719.719a_cp0_dst-jpg_s32x32&_nc_cat=111&ccb=1-7&_nc_sid=0ecb9b&_nc_ohc=8BXnfIRmkYMQ7kNvgHdwrZm&_nc_ht=scontent.fman2-2.fna&_nc_gid=AgRiuLpvuJl4YHC9-8HNRo2&oh=00_AYD9nFxwUx4j9O65wFFBlaIosYO0yMD-RJGqGKgonkpRHA&oe=66EAD163","https://www.facebook.com/liavita.farel","Mantaff om..👏👍👍",
,,,,,"https://www.facebook.com/100007578522755/posts/3767408060188441?comment_id=2837440039741120","1","2024-09-13T09:55:45.000Z",,,"3767408060188441","https://www.facebook.com/100007578522755/posts/3767408060188441","ZmVlZGJhY2s6Mzc2NzQwODA2MDE4ODQ0MV8yODM3NDQwMDM5NzQxMTIw","Y29tbWVudDozNzY3NDA4MDYwMTg4NDQxXzI4Mzc0NDAwMzk3NDExMjA=","https://www.facebook.com/100007578522755/posts/3767408060188441","1","padi BCA 18 F1

Padi hibrida.
Umur tanaman : 113 hari.
Tinggi tanaman : ± 103,5 cm.
Kadar amilosa : 22,7%.
Berat 1000 butir : 24,9 g.
Rerata hasil : 7,8...","pfbid02jNsTKbqoZXWLhQKG16JwtLdjWCS4WcsuJFmjgF8JKRymGU8F5u5jj4cU4PyZKKyDl","Tulus Halashon Pardede","https://scontent.fman2-1.fna.fbcdn.net/v/t1.18169-1/13895265_1227188883987708_7483185146074691931_n.jpg?stp=cp0_dst-jpg_s32x32&_nc_cat=101&ccb=1-7&_nc_sid=e4545e&_nc_ohc=p3Z_jTpb4f0Q7kNvgFxVqjI&_nc_ht=scontent.fman2-1.fna&oh=00_AYAsAmog2bAvyz3Q9HKM28xYKkO5YXcr1gV919qgICBVsg&oe=670C848D","https://www.facebook.com/tulushalashon","Rekomendasi pupuk nya, berapa ya Bpk...😁🙏",
,,,,,"https://www.facebook.com/100007578522755/posts/3767408060188441?comment_id=491716450322417","1","2024-09-13T10:01:30.000Z",,,"3767408060188441","https://www.facebook.com/100007578522755/posts/3767408060188441","ZmVlZGJhY2s6Mzc2NzQwODA2MDE4ODQ0MV80OTE3MTY0NTAzMjI0MTc=","Y29tbWVudDozNzY3NDA4MDYwMTg4NDQxXzQ5MTcxNjQ1MDMyMjQxNw==","https://www.facebook.com/100007578522755/posts/3767408060188441","1","padi BCA 18 F1

Padi hibrida.
Umur tanaman : 113 hari.
Tinggi tanaman : ± 103,5 cm.
Kadar amilosa : 22,7%.
Berat 1000 butir : 24,9 g.
Rerata hasil : 7,8...","pfbid02NjbmdkgZr8GUsELAsXsUuse6popmfrSf9RM7UeoXKmbQcWExtqpojozZpjjDLvxbl","Busu Ko","https://scontent.fman2-2.fna.fbcdn.net/v/t1.6435-1/104291257_325598668458428_8727821561808103981_n.jpg?stp=c0.0.750.750a_cp0_dst-jpg_s32x32&_nc_cat=110&ccb=1-7&_nc_sid=0ecb9b&_nc_ohc=dyISDt0_WUoQ7kNvgGD-jOa&_nc_ht=scontent.fman2-2.fna&_nc_gid=AgRiuLpvuJl4YHC9-8HNRo2&oh=00_AYDEOOeBPAlH6urcHR5yY7Xht6Owma-DMJm1wGi5w6Elyg&oe=670C8496","https://www.facebook.com/yavi.ko.7","Bca 18 TOP",
,,,,,"https://www.facebook.com/100007578522755/posts/3767408060188441?comment_id=8637487022951460","1","2024-09-13T13:06:59.000Z",,,"3767408060188441","https://www.facebook.com/100007578522755/posts/3767408060188441","ZmVlZGJhY2s6Mzc2NzQwODA2MDE4ODQ0MV84NjM3NDg3MDIyOTUxNDYw","Y29tbWVudDozNzY3NDA4MDYwMTg4NDQxXzg2Mzc0ODcwMjI5NTE0NjA=","https://www.facebook.com/100007578522755/posts/3767408060188441","1","padi BCA 18 F1

Padi hibrida.
Umur tanaman : 113 hari.
Tinggi tanaman : ± 103,5 cm.
Kadar amilosa : 22,7%.
Berat 1000 butir : 24,9 g.
Rerata hasil : 7,8...","pfbid02UJXw9oo3CGW2cLPbZxTr49L4pLH8caoi8m4DvikNt8WMkxZcwtkZcNatE5H542gfl","Sudi Andayani","https://scontent.fman2-2.fna.fbcdn.net/v/t39.30808-1/348271040_6166033100181720_1205448724006053650_n.jpg?stp=c160.0.640.640a_cp0_dst-jpg_s32x32&_nc_cat=111&ccb=1-7&_nc_sid=0ecb9b&_nc_ohc=8wUAVBbwPbsQ7kNvgEl0egO&_nc_ht=scontent.fman2-2.fna&_nc_gid=AgRiuLpvuJl4YHC9-8HNRo2&oh=00_AYCYinaK-41GWi-wrHfcX9NOjuwQAX8oOUGlQN2jrWO_qA&oe=66EAF33A",,"👍🏻👍🏻",
,,,,,"https://www.facebook.com/100007578522755/posts/3767408060188441?comment_id=1697903450993219","1","2024-09-13T12:44:16.000Z",,,"3767408060188441","https://www.facebook.com/100007578522755/posts/3767408060188441","ZmVlZGJhY2s6Mzc2NzQwODA2MDE4ODQ0MV8xNjk3OTAzNDUwOTkzMjE5","Y29tbWVudDozNzY3NDA4MDYwMTg4NDQxXzE2OTc5MDM0NTA5OTMyMTk=","https://www.facebook.com/100007578522755/posts/3767408060188441","1","padi BCA 18 F1

Padi hibrida.
Umur tanaman : 113 hari.
Tinggi tanaman : ± 103,5 cm.
Kadar amilosa : 22,7%.
Berat 1000 butir : 24,9 g.
Rerata hasil : 7,8...","pfbid02BgyS6uQc2jyt8xPGjvsAd8rCRHYczwjrnZZJwNnJhgPd6GHWpquR6PmyXQdxV4rDl","Sri Dewi","https://scontent.fman2-2.fna.fbcdn.net/v/t39.30808-1/431450432_2684497861700147_5905487098158029661_n.jpg?stp=c0.50.500.500a_cp0_dst-jpg_s32x32&_nc_cat=111&ccb=1-7&_nc_sid=0ecb9b&_nc_ohc=3rCMtxNaAvUQ7kNvgEH9D5w&_nc_ht=scontent.fman2-2.fna&_nc_gid=AgRiuLpvuJl4YHC9-8HNRo2&oh=00_AYAhHxTf7STP2j67TPIA_pf0XninJJKtrVV7Fm_GVA3N4w&oe=66EAD08A","https://www.facebook.com/people/Sri-Dewi/pfbid02BgyS6uQc2jyt8xPGjvsAd8rCRHYczwjrnZZJwNnJhgPd6GHWpquR6PmyXQdxV4rDl/","Mantap ren",
,,,,,"https://www.facebook.com/100007578522755/posts/3767408060188441?comment_id=1194096771645227","1","2024-09-13T11:12:21.000Z",,,"3767408060188441","https://www.facebook.com/100007578522755/posts/3767408060188441","ZmVlZGJhY2s6Mzc2NzQwODA2MDE4ODQ0MV8xMTk0MDk2NzcxNjQ1MjI3","Y29tbWVudDozNzY3NDA4MDYwMTg4NDQxXzExOTQwOTY3NzE2NDUyMjc=","https://www.facebook.com/100007578522755/posts/3767408060188441","1","padi BCA 18 F1

Padi hibrida.
Umur tanaman : 113 hari.
Tinggi tanaman : ± 103,5 cm.
Kadar amilosa : 22,7%.
Berat 1000 butir : 24,9 g.
Rerata hasil : 7,8...","pfbid0TsCTp1bVFH2XWYGX89Df4mb9bzfjYaKjbvpV4DJfQCvTeU6Zc3xB7j22fWGxTqpXl","Echa Badel","https://scontent.fman2-2.fna.fbcdn.net/v/t39.30808-1/450102095_515659387476763_347965835321444770_n.jpg?stp=cp0_dst-jpg_s32x32&_nc_cat=109&ccb=1-7&_nc_sid=0ecb9b&_nc_ohc=-OhrvBkSa4UQ7kNvgFzpwpi&_nc_ht=scontent.fman2-2.fna&_nc_gid=AgRiuLpvuJl4YHC9-8HNRo2&oh=00_AYDPIhbfO0MsgLJD1cDzidjiHRVGeXBoHwJkGuBle_ENsw&oe=66EAC131","https://www.facebook.com/people/Echa-Badel/pfbid0TsCTp1bVFH2XWYGX89Df4mb9bzfjYaKjbvpV4DJfQCvTeU6Zc3xB7j22fWGxTqpXl/","Mantap mas",
,,,,,"https://www.facebook.com/100007578522755/posts/3767408060188441?comment_id=884910466339666","1","2024-09-13T10:12:21.000Z",,,"3767408060188441","https://www.facebook.com/100007578522755/posts/3767408060188441","ZmVlZGJhY2s6Mzc2NzQwODA2MDE4ODQ0MV84ODQ5MTA0NjYzMzk2NjY=","Y29tbWVudDozNzY3NDA4MDYwMTg4NDQxXzg4NDkxMDQ2NjMzOTY2Ng==","https://www.facebook.com/100007578522755/posts/3767408060188441","1","padi BCA 18 F1

Padi hibrida.
Umur tanaman : 113 hari.
Tinggi tanaman : ± 103,5 cm.
Kadar amilosa : 22,7%.
Berat 1000 butir : 24,9 g.
Rerata hasil : 7,8...","pfbid02hFF9zBUveWvc4ttvP3cxQsuRfe3gswqT9BJPEHHFNPxmr6ZJhJqjP3X59qnzB4Hbl","Wahyu Chandra","https://scontent.fman2-2.fna.fbcdn.net/v/t39.30808-1/450318151_3694605337419556_4734384493669824017_n.jpg?stp=cp0_dst-jpg_s32x32&_nc_cat=109&ccb=1-7&_nc_sid=0ecb9b&_nc_ohc=eIf_4_xZiSUQ7kNvgGpQZ_e&_nc_ht=scontent.fman2-2.fna&_nc_gid=AgRiuLpvuJl4YHC9-8HNRo2&oh=00_AYCh7MG7VsrRes7owsSNTG_0wHDdYkEDXVp5hAa35KLzrA&oe=66EAC583","https://www.facebook.com/wahyu.candra.56614","Josssssss",
"photo","fallback",,,,"https://www.facebook.com/100007578522755/posts/3767408060188441?comment_id=1500216490600088","1","2024-09-13T10:11:38.000Z",,,"3767408060188441","https://www.facebook.com/100007578522755/posts/3767408060188441","ZmVlZGJhY2s6Mzc2NzQwODA2MDE4ODQ0MV8xNTAwMjE2NDkwNjAwMDg4","Y29tbWVudDozNzY3NDA4MDYwMTg4NDQxXzE1MDAyMTY0OTA2MDAwODg=","https://www.facebook.com/100007578522755/posts/3767408060188441","1","padi BCA 18 F1

Padi hibrida.
Umur tanaman : 113 hari.
Tinggi tanaman : ± 103,5 cm.
Kadar amilosa : 22,7%.
Berat 1000 butir : 24,9 g.
Rerata hasil : 7,8...","pfbid02wsonNumn5VR5bhAzj21qtQohJJ2sf1pgebMS1xJKqKcZeALfwo4W9JAHhucfFjUXl","Sain Muhammad Alfian","https://scontent.fman2-2.fna.fbcdn.net/v/t39.30808-1/452236782_1430351004343236_429209480021872887_n.jpg?stp=cp0_dst-jpg_s32x32&_nc_cat=109&ccb=1-7&_nc_sid=0ecb9b&_nc_ohc=GbZKBOBGByMQ7kNvgGWe7fp&_nc_ht=scontent.fman2-2.fna&_nc_gid=AgRiuLpvuJl4YHC9-8HNRo2&oh=00_AYCWcjCP_ZQ-y77oK0J7-1OybkOTAFQkYz2YFP7QPnNTJA&oe=66EAD4EA","https://www.facebook.com/people/Sain-Muhammad-Alfian/pfbid02wsonNumn5VR5bhAzj21qtQohJJ2sf1pgebMS1xJKqKcZeALfwo4W9JAHhucfFjUXl/","Kalsel hadir masseh",
"sticker","fallback",,,,"https://www.facebook.com/100007578522755/posts/3767408060188441?comment_id=1025126535971127","1","2024-09-13T22:37:46.000Z",,,"3767408060188441","https://www.facebook.com/100007578522755/posts/3767408060188441","ZmVlZGJhY2s6Mzc2NzQwODA2MDE4ODQ0MV8xMDI1MTI2NTM1OTcxMTI3","Y29tbWVudDozNzY3NDA4MDYwMTg4NDQxXzEwMjUxMjY1MzU5NzExMjc=","https://www.facebook.com/100007578522755/posts/3767408060188441","0","padi BCA 18 F1

Padi hibrida.
Umur tanaman : 113 hari.
Tinggi tanaman : ± 103,5 cm.
Kadar amilosa : 22,7%.
Berat 1000 butir : 24,9 g.
Rerata hasil : 7,8...","pfbid02ArV48vJfqKUui5eM8EzQSYhZo6dgfHZ7ztZbwmZCxfqfdezobJbRGGPPWjPxFdfhl","Rayendra Usman","https://scontent.fman2-1.fna.fbcdn.net/v/t39.30808-1/240601576_6305020336204556_5052576351502251810_n.jpg?stp=cp0_dst-jpg_s32x32&_nc_cat=108&ccb=1-7&_nc_sid=0ecb9b&_nc_ohc=3xbv7BJBGIoQ7kNvgEqIZK9&_nc_ht=scontent.fman2-1.fna&_nc_gid=AgRiuLpvuJl4YHC9-8HNRo2&oh=00_AYBXyQxRJRh4EnCL86srvtq5FTKH5-zQmceGgdYpA4BsnQ&oe=66EAF3F1","https://www.facebook.com/stevenz.y.bucchy",,
