﻿"attachments/0/__typename","attachments/0/animated_image","attachments/0/animated_image/uri","attachments/0/frame_count","attachments/0/frame_rate","attachments/0/frames_per_column","attachments/0/frames_per_row","attachments/0/id","attachments/0/image/height","attachments/0/image/uri","attachments/0/image/width","attachments/0/label","attachments/0/pack","attachments/0/pack/id","attachments/0/pack/name","attachments/0/sprite_image","attachments/0/sprite_image/uri","commentUrl","comments/0/commentUrl","comments/0/commentsCount","comments/0/date","comments/0/feedbackId","comments/0/id","comments/0/likesCount","comments/0/parentComment/author/__typename","comments/0/parentComment/author/id","comments/0/parentComment/author/name","comments/0/parentComment/author/short_name","comments/0/parentComment/id","comments/0/profileId","comments/0/profileName","comments/0/profilePicture","comments/0/profileUrl","comments/0/replyToCommentId","comments/0/text","comments/0/threadingDepth","comments/1/commentUrl","comments/1/date","comments/1/feedbackId","comments/1/id","comments/1/likesCount","comments/1/parentComment/author/__typename","comments/1/parentComment/author/id","comments/1/parentComment/author/name","comments/1/parentComment/author/short_name","comments/1/parentComment/id","comments/1/profileId","comments/1/profileName","comments/1/profilePicture","comments/1/profileUrl","comments/1/replyToCommentId","comments/1/text","comments/1/threadingDepth","comments/2/commentUrl","comments/2/date","comments/2/feedbackId","comments/2/id","comments/2/likesCount","comments/2/parentComment/author/__typename","comments/2/parentComment/author/id","comments/2/parentComment/author/name","comments/2/parentComment/author/short_name","comments/2/parentComment/id","comments/2/profileId","comments/2/profileName","comments/2/profilePicture","comments/2/profileUrl","comments/2/replyToCommentId","comments/2/text","comments/2/threadingDepth","commentsCount","date","facebookId","facebookUrl","feedbackId","id","inputUrl","likesCount","pageAdLibrary/id","pageAdLibrary/is_business_page_active","parentComment/author/__typename","parentComment/author/id","parentComment/author/name","parentComment/author/short_name","parentComment/id","postTitle","profileId","profileName","profilePicture","profileUrl","replyToCommentId","text","threadingDepth"
,,,,,,,,,,,,,,,,,"https://www.facebook.com/nurul.hardianti.9237/posts/pfbid02DcvRJsXQimN6mKxau3Yu9adT98CHKcMLh92jyM3rT5PC8y84yjEHSaADo5MuzRiDl?comment_id=1065502048297752","https://www.facebook.com/nurul.hardianti.9237/posts/pfbid02DcvRJsXQimN6mKxau3Yu9adT98CHKcMLh92jyM3rT5PC8y84yjEHSaADo5MuzRiDl?comment_id=1065502048297752&reply_comment_id=849321200292510",,"2024-09-26T23:25:28.000Z","ZmVlZGJhY2s6MjAxNzI2OTg4ODcyODQ2NV84NDkzMjEyMDAyOTI1MTA=","Y29tbWVudDoyMDE3MjY5ODg4NzI4NDY1Xzg0OTMyMTIwMDI5MjUxMA==","0","User","100007578522755","Renzy Bintangasia","Renzy","Y29tbWVudDoyMDE3MjY5ODg4NzI4NDY1XzEwNjU1MDIwNDgyOTc3NTI=","100013364191442","Nrll Bintang Asia","https://scontent-dfw5-1.xx.fbcdn.net/v/t39.30808-1/461087378_2013634612425326_5478208411470068121_n.jpg?stp=cp0_dst-jpg_s32x32&_nc_cat=103&ccb=1-7&_nc_sid=50d2ac&_nc_ohc=3B-xCZfvw2cQ7kNvgFDICWZ&_nc_ht=scontent-dfw5-1.xx&_nc_gid=A4jtly3PPsf8g3SmAeYC3-z&oh=00_AYBlKce7JVBITMmytPRJkiHQqkImjUB5xAMbjsPuGATSIg&oe=66FD43A9","https://www.facebook.com/nurul.hardianti.9237","Y29tbWVudDoyMDE3MjY5ODg4NzI4NDY1XzEwNjU1MDIwNDgyOTc3NTI=","Renzy Bintangasia Aamiin yaa robbal alamiin","1",,,,,,,,,,,,,,,,,,,,,,,,,,,,,,,,,,,"1","2024-09-26T11:56:59.000Z","2017269888728465","https://www.facebook.com/100013364191442/posts/2017269888728465","ZmVlZGJhY2s6MjAxNzI2OTg4ODcyODQ2NV8xMDY1NTAyMDQ4Mjk3NzUy","Y29tbWVudDoyMDE3MjY5ODg4NzI4NDY1XzEwNjU1MDIwNDgyOTc3NTI=","https://www.facebook.com/100013364191442/posts/2017269888728465","0","194051327133277","false",,,,,,"Tomat Natavi F1 Produksi PT.Benih Citra Asia
Lokasi Kanrojo, Kec.Sinjai Barat Kab.Sinjai","100007578522755","Renzy Bintangasia","https://scontent-dfw5-2.xx.fbcdn.net/v/t39.30808-1/426012403_3605728109689771_2277782955804277447_n.jpg?stp=cp0_dst-jpg_s32x32&_nc_cat=104&ccb=1-7&_nc_sid=50d2ac&_nc_ohc=tTmdX3bXLYAQ7kNvgG8ojxe&_nc_ht=scontent-dfw5-2.xx&_nc_gid=A4jtly3PPsf8g3SmAeYC3-z&oh=00_AYAnGd5D2LTkcInfPzNPHaehGM-rvgHb5IG9E90sMuwmLg&oe=66FD3784","https://www.facebook.com/renzi.prayuda",,"Mantap..sukses bersama bintang asia","0"
,,,,,,,,,,,,,,,,,"https://www.facebook.com/nurul.hardianti.9237/posts/pfbid0y5brj76qh9cjEPTkv3qHfxqWWjVtWN6DFC5sF8hb2R8hetgCnxXYELriHRnouZzBl?comment_id=883552217205097","https://www.facebook.com/nurul.hardianti.9237/posts/pfbid0y5brj76qh9cjEPTkv3qHfxqWWjVtWN6DFC5sF8hb2R8hetgCnxXYELriHRnouZzBl?comment_id=883552217205097&reply_comment_id=873820267717322",,"2024-09-24T02:48:07.000Z","ZmVlZGJhY2s6MjAxMzQ0NDE4NTc3NzcwMl84NzM4MjAyNjc3MTczMjI=","Y29tbWVudDoyMDEzNDQ0MTg1Nzc3NzAyXzg3MzgyMDI2NzcxNzMyMg==","0","User","1828565536","Mohammad Iqbal Agustiana","Mohammad","Y29tbWVudDoyMDEzNDQ0MTg1Nzc3NzAyXzg4MzU1MjIxNzIwNTA5Nw==","100013364191442","Nrll Bintang Asia","https://scontent.fmem1-1.fna.fbcdn.net/v/t39.30808-1/461087378_2013634612425326_5478208411470068121_n.jpg?stp=cp0_dst-jpg_s32x32&_nc_cat=103&ccb=1-7&_nc_sid=50d2ac&_nc_ohc=3B-xCZfvw2cQ7kNvgGu2z2I&_nc_ht=scontent.fmem1-1.fna&_nc_gid=Agocf1AfLzqWi5QAsvLBc4j&oh=00_AYBtL9vqPZ2UyGPTEOPgYizmiKSP3t8S54bKGVzUYFhGnA&oe=66FD43A9","https://www.facebook.com/nurul.hardianti.9237","Y29tbWVudDoyMDEzNDQ0MTg1Nzc3NzAyXzg4MzU1MjIxNzIwNTA5Nw==","Mohammad Iqbal Agustiana siap kk","1",,,,,,,,,,,,,,,,,,,,,,,,,,,,,,,,,,,"1","2024-09-23T11:09:08.000Z","2013444185777702","https://www.facebook.com/100013364191442/posts/2013444185777702","ZmVlZGJhY2s6MjAxMzQ0NDE4NTc3NzcwMl84ODM1NTIyMTcyMDUwOTc=","Y29tbWVudDoyMDEzNDQ0MTg1Nzc3NzAyXzg4MzU1MjIxNzIwNTA5Nw==","https://www.facebook.com/100013364191442/posts/2013444185777702","0","194051327133277","false",,,,,,"Tomat Niki F1
Lokasi Parantajuru, Kec.Tombolo Pao, Kabupaten Gowa

Alhamdulillah Kereen Produksi Tinggi

Tomat hibrida indeterminate.
Bentuk buah : lonjong.
Warna buah muda : hijau.
Warna buah masak : merah.
Berat buah 69-71 g/buah.
Warna panen : 74-75 hst.
Potensi hasil : 25-27 ton/ha.
Tahan simpan.
Adaptasi utama di dataran rendah.
Tanaman tinggi.
Buah lebat dan keras.
Daya simpan lama.
Produksi tinggi.","1828565536","Mohammad Iqbal Agustiana","https://scontent.fmem1-2.fna.fbcdn.net/v/t1.18169-1/1468799_10203929170029473_1521419688104736133_n.jpg?stp=cp0_dst-jpg_s32x32&_nc_cat=110&ccb=1-7&_nc_sid=db5862&_nc_ohc=wg3VnX7vyxUQ7kNvgGb_EW5&_nc_ht=scontent.fmem1-2.fna&oh=00_AYBg-_kVRQ0omPQkiGdd8h5MQn4cW6BiwSGrGXF-MW3BUw&oe=671EEDAF",,,"Mantap","0"
,,,,,,,,,,,,,,,,,"https://www.facebook.com/nurul.hardianti.9237/posts/pfbid0y5brj76qh9cjEPTkv3qHfxqWWjVtWN6DFC5sF8hb2R8hetgCnxXYELriHRnouZzBl?comment_id=525174993458394","https://www.facebook.com/nurul.hardianti.9237/posts/pfbid0y5brj76qh9cjEPTkv3qHfxqWWjVtWN6DFC5sF8hb2R8hetgCnxXYELriHRnouZzBl?comment_id=525174993458394&reply_comment_id=3829925467325033",,"2024-09-22T06:37:53.000Z","ZmVlZGJhY2s6MjAxMzQ0NDE4NTc3NzcwMl8zODI5OTI1NDY3MzI1MDMz","Y29tbWVudDoyMDEzNDQ0MTg1Nzc3NzAyXzM4Mjk5MjU0NjczMjUwMzM=","0","User","pfbid0p7emkyAjtF2tdecE9P9uzVsT6ycJkHwdrA4VKwVHwNb6VgerJVjPrR7cV9gLNJ7Vl","Arman Ar","Arman","Y29tbWVudDoyMDEzNDQ0MTg1Nzc3NzAyXzUyNTE3NDk5MzQ1ODM5NA==","100013364191442","Nrll Bintang Asia","https://scontent.fmem1-1.fna.fbcdn.net/v/t39.30808-1/461087378_2013634612425326_5478208411470068121_n.jpg?stp=cp0_dst-jpg_s32x32&_nc_cat=103&ccb=1-7&_nc_sid=50d2ac&_nc_ohc=3B-xCZfvw2cQ7kNvgGu2z2I&_nc_ht=scontent.fmem1-1.fna&_nc_gid=Agocf1AfLzqWi5QAsvLBc4j&oh=00_AYBtL9vqPZ2UyGPTEOPgYizmiKSP3t8S54bKGVzUYFhGnA&oe=66FD43A9","https://www.facebook.com/nurul.hardianti.9237","Y29tbWVudDoyMDEzNDQ0MTg1Nzc3NzAyXzUyNTE3NDk5MzQ1ODM5NA==","Arman Ar Siap2 terimakasih☺","1","https://www.facebook.com/nurul.hardianti.9237/posts/pfbid0y5brj76qh9cjEPTkv3qHfxqWWjVtWN6DFC5sF8hb2R8hetgCnxXYELriHRnouZzBl?comment_id=525174993458394&reply_comment_id=1216010249645607","2024-09-22T07:02:21.000Z","ZmVlZGJhY2s6MjAxMzQ0NDE4NTc3NzcwMl8xMjE2MDEwMjQ5NjQ1NjA3","Y29tbWVudDoyMDEzNDQ0MTg1Nzc3NzAyXzEyMTYwMTAyNDk2NDU2MDc=","0","User","pfbid0p7emkyAjtF2tdecE9P9uzVsT6ycJkHwdrA4VKwVHwNb6VgerJVjPrR7cV9gLNJ7Vl","Arman Ar","Arman","Y29tbWVudDoyMDEzNDQ0MTg1Nzc3NzAyXzUyNTE3NDk5MzQ1ODM5NA==","pfbid0p7emkyAjtF2tdecE9P9uzVsT6ycJkHwdrA4VKwVHwNb6VgerJVjPrR7cV9gLNJ7Vl","Arman Ar","https://scontent.fmem1-1.fna.fbcdn.net/v/t1.30497-1/453178253_471506465671661_2781666950760530985_n.png?stp=cp0_dst-png_s32x32&_nc_cat=1&ccb=1-7&_nc_sid=136b72&_nc_ohc=0xowR0uvRNoQ7kNvgHmLDew&_nc_ht=scontent.fmem1-1.fna&_nc_gid=Agocf1AfLzqWi5QAsvLBc4j&oh=00_AYAPGZZD1dDYC3-2jaAYZBKV13ciNmQa0XjDUoDtOs7h0g&oe=671EE0BA","https://www.facebook.com/people/Arman-Ar/pfbid0p7emkyAjtF2tdecE9P9uzVsT6ycJkHwdrA4VKwVHwNb6VgerJVjPrR7cV9gLNJ7Vl/","Y29tbWVudDoyMDEzNDQ0MTg1Nzc3NzAyXzUyNTE3NDk5MzQ1ODM5NA==","Harus s coba ini tahun depan","1","https://www.facebook.com/nurul.hardianti.9237/posts/pfbid0y5brj76qh9cjEPTkv3qHfxqWWjVtWN6DFC5sF8hb2R8hetgCnxXYELriHRnouZzBl?comment_id=525174993458394&reply_comment_id=1076296944055058","2024-09-22T12:19:37.000Z","ZmVlZGJhY2s6MjAxMzQ0NDE4NTc3NzcwMl8xMDc2Mjk2OTQ0MDU1MDU4","Y29tbWVudDoyMDEzNDQ0MTg1Nzc3NzAyXzEwNzYyOTY5NDQwNTUwNTg=","0","User","pfbid0p7emkyAjtF2tdecE9P9uzVsT6ycJkHwdrA4VKwVHwNb6VgerJVjPrR7cV9gLNJ7Vl","Arman Ar","Arman","Y29tbWVudDoyMDEzNDQ0MTg1Nzc3NzAyXzUyNTE3NDk5MzQ1ODM5NA==","100013364191442","Nrll Bintang Asia","https://scontent.fmem1-1.fna.fbcdn.net/v/t39.30808-1/461087378_2013634612425326_5478208411470068121_n.jpg?stp=cp0_dst-jpg_s32x32&_nc_cat=103&ccb=1-7&_nc_sid=50d2ac&_nc_ohc=3B-xCZfvw2cQ7kNvgGu2z2I&_nc_ht=scontent.fmem1-1.fna&_nc_gid=Agocf1AfLzqWi5QAsvLBc4j&oh=00_AYBtL9vqPZ2UyGPTEOPgYizmiKSP3t8S54bKGVzUYFhGnA&oe=66FD43A9","https://www.facebook.com/nurul.hardianti.9237","Y29tbWVudDoyMDEzNDQ0MTg1Nzc3NzAyXzUyNTE3NDk5MzQ1ODM5NA==","Hehhee iyye bolehh","1","3","2024-09-22T06:04:42.000Z","2013444185777702","https://www.facebook.com/100013364191442/posts/2013444185777702","ZmVlZGJhY2s6MjAxMzQ0NDE4NTc3NzcwMl81MjUxNzQ5OTM0NTgzOTQ=","Y29tbWVudDoyMDEzNDQ0MTg1Nzc3NzAyXzUyNTE3NDk5MzQ1ODM5NA==","https://www.facebook.com/100013364191442/posts/2013444185777702","0","194051327133277","false",,,,,,"Tomat Niki F1
Lokasi Parantajuru, Kec.Tombolo Pao, Kabupaten Gowa

Alhamdulillah Kereen Produksi Tinggi

Tomat hibrida indeterminate.
Bentuk buah : lonjong.
Warna buah muda : hijau.
Warna buah masak : merah.
Berat buah 69-71 g/buah.
Warna panen : 74-75 hst.
Potensi hasil : 25-27 ton/ha.
Tahan simpan.
Adaptasi utama di dataran rendah.
Tanaman tinggi.
Buah lebat dan keras.
Daya simpan lama.
Produksi tinggi.","pfbid0p7emkyAjtF2tdecE9P9uzVsT6ycJkHwdrA4VKwVHwNb6VgerJVjPrR7cV9gLNJ7Vl","Arman Ar","https://scontent.fmem1-1.fna.fbcdn.net/v/t1.30497-1/453178253_471506465671661_2781666950760530985_n.png?stp=cp0_dst-png_s32x32&_nc_cat=1&ccb=1-7&_nc_sid=136b72&_nc_ohc=0xowR0uvRNoQ7kNvgHmLDew&_nc_ht=scontent.fmem1-1.fna&_nc_gid=Agocf1AfLzqWi5QAsvLBc4j&oh=00_AYAPGZZD1dDYC3-2jaAYZBKV13ciNmQa0XjDUoDtOs7h0g&oe=671EE0BA","https://www.facebook.com/people/Arman-Ar/pfbid0p7emkyAjtF2tdecE9P9uzVsT6ycJkHwdrA4VKwVHwNb6VgerJVjPrR7cV9gLNJ7Vl/",,"andalan meman","0"
"Sticker",,"https://scontent-bog2-1.xx.fbcdn.net/v/t39.1997-6/47055694_1834508303314720_643166924464717824_n.webp?stp=dst-webp_s110x80&_nc_cat=1&ccb=1-7&_nc_sid=ba09c1&_nc_ohc=m9OkAram9jUQ7kNvgFVxVvC&_nc_ht=scontent-bog2-1.xx&_nc_gid=A3d9zP8gZ47yVzW_7BPfheb&oh=00_AYDUOekat9iXrTHWVdsf_qQMb9YtR5vJWT5g4K7H4_cdnw&oe=66FD5109","12","83","3","4","1193278434104380","80","https://scontent-bog2-1.xx.fbcdn.net/v/t39.1997-6/47614232_1846683475430536_3135922765756891136_n.png?stp=cp0_dst-png_s110x80&_nc_cat=1&ccb=1-7&_nc_sid=23dd7b&_nc_ohc=oUm8IG8PuXcQ7kNvgEF7oAM&_nc_ht=scontent-bog2-1.xx&_nc_gid=A3d9zP8gZ47yVzW_7BPfheb&oh=00_AYCBaY-W2R2tdH1yMDs6cHBLAXqgrYcOvL-__NAG0D4Q3w&oe=66FD5C63","80","Thumbs Up, girl giving thumbs up",,"1193273174104906","Noo-Hin",,"https://scontent-bog2-1.xx.fbcdn.net/v/t39.1997-6/47472862_1846683478763869_5271603212267290624_n.png?stp=dst-png_p240x240&_nc_cat=1&ccb=1-7&_nc_sid=ba09c1&_nc_ohc=I0fODnDfZAYQ7kNvgHBzO6q&_nc_ht=scontent-bog2-1.xx&_nc_gid=A3d9zP8gZ47yVzW_7BPfheb&oh=00_AYBhkWPE1cnaK5FDLdohBOLbOvBm0r0cRHeFQqlbZl8sbA&oe=66FD3DBE","https://www.facebook.com/photo/?fbid=2013634609091993&set=a.101411090314364&comment_id=1209960140151347",,,,,,,,,,,,,,,,,,,,,,,,,,,,,,,,,,,,,,,,,,,,,,,,,,,,,,"2024-09-22T10:32:47.000Z","2013634609091993","https://www.facebook.com/100013364191442/posts/2013634609091993","ZmVlZGJhY2s6MjAxMzYzNDYwOTA5MTk5M18xMjA5OTYwMTQwMTUxMzQ3","Y29tbWVudDoyMDEzNjM0NjA5MDkxOTkzXzEyMDk5NjAxNDAxNTEzNDc=","https://www.facebook.com/100013364191442/posts/2013634609091993","0","194051327133277","false",,,,,,"Nrll Bintang Asia updated her profile picture.","pfbid06x6pKUnwi6YknLGKVeH1HGxUMbAvYKRYZ1W1pqZXYHFAsWaKGfok87sYSekbuyU6l","Basri Abbas","https://scontent-bog2-2.xx.fbcdn.net/v/t39.30808-1/454727317_494650960125826_1863543033146851_n.jpg?stp=cp0_dst-jpg_s32x32&_nc_cat=108&ccb=1-7&_nc_sid=0ecb9b&_nc_ohc=-WkequvHW4wQ7kNvgFh-h9Q&_nc_ht=scontent-bog2-2.xx&_nc_gid=A3d9zP8gZ47yVzW_7BPfheb&oh=00_AYDh1AdW4Yxa0n7AzcIUBAeg9IQx8iIOPpMIsBpsi5pz-g&oe=66FD45BB","https://www.facebook.com/people/Basri-Abbas/pfbid06x6pKUnwi6YknLGKVeH1HGxUMbAvYKRYZ1W1pqZXYHFAsWaKGfok87sYSekbuyU6l/",,"Cantiknya","0"
,,,,,,,,,,,,,,,,,"https://www.facebook.com/photo/?fbid=2013634609091993&set=a.101411090314364&comment_id=1504824294251439","https://www.facebook.com/photo/?fbid=2013634609091993&set=a.101411090314364&comment_id=1504824294251439&reply_comment_id=547396154416008","1","2024-09-25T12:11:02.000Z","ZmVlZGJhY2s6MjAxMzYzNDYwOTA5MTk5M181NDczOTYxNTQ0MTYwMDg=","Y29tbWVudDoyMDEzNjM0NjA5MDkxOTkzXzU0NzM5NjE1NDQxNjAwOA==","1","User","pfbid037rX5h5dLcw5rkddPbvxZoZYvTaoXtW3Zh6TrUZ6ar27ZNRbMoSJ3rFZPV93D4FGtl","Sumarlin Sumarlin","Sumarlin","Y29tbWVudDoyMDEzNjM0NjA5MDkxOTkzXzE1MDQ4MjQyOTQyNTE0Mzk=","100013364191442","Nrll Bintang Asia","https://scontent-bog2-1.xx.fbcdn.net/v/t39.30808-1/461087378_2013634612425326_5478208411470068121_n.jpg?stp=cp0_dst-jpg_s32x32&_nc_cat=103&ccb=1-7&_nc_sid=50d2ac&_nc_ohc=3B-xCZfvw2cQ7kNvgGY-Xdn&_nc_ht=scontent-bog2-1.xx&_nc_gid=A3d9zP8gZ47yVzW_7BPfheb&oh=00_AYDgqAX902zcNnzdp1sdODc8ojdO7XLsguVD-B4K8sSoGQ&oe=66FD43A9","https://www.facebook.com/nurul.hardianti.9237","Y29tbWVudDoyMDEzNjM0NjA5MDkxOTkzXzE1MDQ4MjQyOTQyNTE0Mzk=","Sumarlin Sumarlin iye pak bolehlah,coba2 di Siria pak,hehehe","1","https://www.facebook.com/photo/?fbid=2013634609091993&set=a.101411090314364&comment_id=1504824294251439&reply_comment_id=1250495613068797","2024-09-25T14:42:43.000Z","ZmVlZGJhY2s6MjAxMzYzNDYwOTA5MTk5M18xMjUwNDk1NjEzMDY4Nzk3","Y29tbWVudDoyMDEzNjM0NjA5MDkxOTkzXzEyNTA0OTU2MTMwNjg3OTc=","0","User","pfbid037rX5h5dLcw5rkddPbvxZoZYvTaoXtW3Zh6TrUZ6ar27ZNRbMoSJ3rFZPV93D4FGtl","Sumarlin Sumarlin","Sumarlin","Y29tbWVudDoyMDEzNjM0NjA5MDkxOTkzXzE1MDQ4MjQyOTQyNTE0Mzk=","pfbid037rX5h5dLcw5rkddPbvxZoZYvTaoXtW3Zh6TrUZ6ar27ZNRbMoSJ3rFZPV93D4FGtl","Sumarlin Sumarlin","https://scontent-bog2-1.xx.fbcdn.net/v/t39.30808-1/283296509_334929185447824_4986262787300211069_n.jpg?stp=cp0_dst-jpg_s32x32&_nc_cat=100&ccb=1-7&_nc_sid=0ecb9b&_nc_ohc=6EjAwoE_7JwQ7kNvgE6MXqc&_nc_ht=scontent-bog2-1.xx&_nc_gid=A3d9zP8gZ47yVzW_7BPfheb&oh=00_AYA6m_9jlvDWafH0cPkXaItc3xg4ue87yD0DqqYNzAW_vw&oe=66FD353D","https://www.facebook.com/people/Sumarlin-Sumarlin/pfbid037rX5h5dLcw5rkddPbvxZoZYvTaoXtW3Zh6TrUZ6ar27ZNRbMoSJ3rFZPV93D4FGtl/","Y29tbWVudDoyMDEzNjM0NjA5MDkxOTkzXzE1MDQ4MjQyOTQyNTE0Mzk=","Nrll Bintang Asia iye insya Allah,  Bu","2",,,,,,,,,,,,,,,,,,"2","2024-09-22T11:13:14.000Z","2013634609091993","https://www.facebook.com/100013364191442/posts/2013634609091993","ZmVlZGJhY2s6MjAxMzYzNDYwOTA5MTk5M18xNTA0ODI0Mjk0MjUxNDM5","Y29tbWVudDoyMDEzNjM0NjA5MDkxOTkzXzE1MDQ4MjQyOTQyNTE0Mzk=","https://www.facebook.com/100013364191442/posts/2013634609091993","0","194051327133277","false",,,,,,"Nrll Bintang Asia updated her profile picture.","pfbid037rX5h5dLcw5rkddPbvxZoZYvTaoXtW3Zh6TrUZ6ar27ZNRbMoSJ3rFZPV93D4FGtl","Sumarlin Sumarlin","https://scontent-bog2-1.xx.fbcdn.net/v/t39.30808-1/283296509_334929185447824_4986262787300211069_n.jpg?stp=cp0_dst-jpg_s32x32&_nc_cat=100&ccb=1-7&_nc_sid=0ecb9b&_nc_ohc=6EjAwoE_7JwQ7kNvgE6MXqc&_nc_ht=scontent-bog2-1.xx&_nc_gid=A3d9zP8gZ47yVzW_7BPfheb&oh=00_AYA6m_9jlvDWafH0cPkXaItc3xg4ue87yD0DqqYNzAW_vw&oe=66FD353D","https://www.facebook.com/people/Sumarlin-Sumarlin/pfbid037rX5h5dLcw5rkddPbvxZoZYvTaoXtW3Zh6TrUZ6ar27ZNRbMoSJ3rFZPV93D4FGtl/",,"Mantap buanya. Bu","0"
,,,,,,,,,,,,,,,,,"https://www.facebook.com/nurul.hardianti.9237/posts/2017269888728465?comment_id=1065502048297752&reply_comment_id=849321200292510",,,,,,,,,,,,,,,,,,,,,,,,,,,,,,,,,,,,,,,,,,,,,,,,,,,,,,"2024-09-26T23:25:28.000Z","2017269888728465","https://www.facebook.com/100013364191442/posts/2017269888728465","ZmVlZGJhY2s6MjAxNzI2OTg4ODcyODQ2NV84NDkzMjEyMDAyOTI1MTA=","Y29tbWVudDoyMDE3MjY5ODg4NzI4NDY1Xzg0OTMyMTIwMDI5MjUxMA==","https://www.facebook.com/100013364191442/posts/2017269888728465","0","194051327133277","false","User","100007578522755","Renzy Bintangasia","Renzy","Y29tbWVudDoyMDE3MjY5ODg4NzI4NDY1XzEwNjU1MDIwNDgyOTc3NTI=","Tomat Natavi F1 Produksi PT.Benih Citra Asia
Lokasi Kanrojo, Kec.Sinjai Barat Kab.Sinjai","100013364191442","Nrll Bintang Asia","https://scontent.fadj1-1.fna.fbcdn.net/v/t39.30808-1/461087378_2013634612425326_5478208411470068121_n.jpg?stp=cp0_dst-jpg_s32x32&_nc_cat=103&ccb=1-7&_nc_sid=50d2ac&_nc_ohc=3B-xCZfvw2cQ7kNvgFkA9-F&_nc_ht=scontent.fadj1-1.fna&_nc_gid=AyHJZ8eT8puprzhS9sNkl6M&oh=00_AYAK_DIxQrikeZfG5Q3j3r9mPYlMR7ZQaWPsWcjgm7qPRw&oe=66FD43A9","https://www.facebook.com/nurul.hardianti.9237","Y29tbWVudDoyMDE3MjY5ODg4NzI4NDY1XzEwNjU1MDIwNDgyOTc3NTI=","Renzy Bintangasia Aamiin yaa robbal alamiin","1"
"Sticker",,,"1","83","1","1","336666759497182","128","https://scontent-iad3-1.xx.fbcdn.net/v/t39.1997-6/452885131_336666762830515_380979226154153786_n.png?stp=dst-png_s168x128&_nc_cat=110&ccb=1-7&_nc_sid=23dd7b&_nc_ohc=wyNER5mrnooQ7kNvgF2rDBU&_nc_ht=scontent-iad3-1.xx&_nc_gid=AEP0jGFQEDdWyzs4vlYIA25&oh=00_AYApot6C_a-XHvPggILTDpaDWObVt1-tKoawRpwkvNU5lg&oe=66FD4AC4","128","",,,,,,"https://www.facebook.com/nurul.hardianti.9237/posts/pfbid031qGNvBdBY36ZXDTzfxGQcbovGdhgfj4fJH7anW8mCaicXTxuL9F8FunRHXWUAiK6l?comment_id=1172431707194588",,,,,,,,,,,,,,,,,,,,,,,,,,,,,,,,,,,,,,,,,,,,,,,,,,,,,"1","2024-09-25T13:23:04.000Z","2016362042152583","https://www.facebook.com/100013364191442/posts/2016362042152583","ZmVlZGJhY2s6MjAxNjM2MjA0MjE1MjU4M18xMTcyNDMxNzA3MTk0NTg4","Y29tbWVudDoyMDE2MzYyMDQyMTUyNTgzXzExNzI0MzE3MDcxOTQ1ODg=","https://www.facebook.com/100013364191442/posts/2016362042152583","0","194051327133277","false",,,,,,"Visit Kebun wisata  Buah Desa Bontomanai Kab.Bulukumba 
#Madrid F1
#Diva F1
#Lazio F1🍉🍉🍉
Produksi PT.Benih Citra Asia","100004370253176","Muhamad Cali Faiz Ahmad","https://scontent-iad3-1.xx.fbcdn.net/v/t39.30808-1/456120459_2788136318008683_7418166726346064265_n.jpg?stp=cp0_dst-jpg_s32x32&_nc_cat=108&ccb=1-7&_nc_sid=50d2ac&_nc_ohc=T8CLZLeL1rIQ7kNvgHlogsk&_nc_ht=scontent-iad3-1.xx&_nc_gid=AEP0jGFQEDdWyzs4vlYIA25&oh=00_AYACQUTF_7yFXFFKNVdhs4MVRgm4L62gc2aDqx4XJN8rlw&oe=66FD3FAD","https://www.facebook.com/muhamad.cali.98",,,"0"
,,,,,,,,,,,,,,,,,"https://www.facebook.com/nurul.hardianti.9237/posts/pfbid031qGNvBdBY36ZXDTzfxGQcbovGdhgfj4fJH7anW8mCaicXTxuL9F8FunRHXWUAiK6l?comment_id=542280518283847",,,,,,,,,,,,,,,,,,,,,,,,,,,,,,,,,,,,,,,,,,,,,,,,,,,,,"1","2024-09-25T12:21:52.000Z","2016362042152583","https://www.facebook.com/100013364191442/posts/2016362042152583","ZmVlZGJhY2s6MjAxNjM2MjA0MjE1MjU4M181NDIyODA1MTgyODM4NDc=","Y29tbWVudDoyMDE2MzYyMDQyMTUyNTgzXzU0MjI4MDUxODI4Mzg0Nw==","https://www.facebook.com/100013364191442/posts/2016362042152583","0","194051327133277","false",,,,,,"Visit Kebun wisata  Buah Desa Bontomanai Kab.Bulukumba 
#Madrid F1
#Diva F1
#Lazio F1🍉🍉🍉
Produksi PT.Benih Citra Asia","100007578522755","Renzy Bintangasia","https://scontent-iad3-1.xx.fbcdn.net/v/t39.30808-1/426012403_3605728109689771_2277782955804277447_n.jpg?stp=cp0_dst-jpg_s32x32&_nc_cat=104&ccb=1-7&_nc_sid=50d2ac&_nc_ohc=tTmdX3bXLYAQ7kNvgEvPQ46&_nc_ht=scontent-iad3-1.xx&_nc_gid=AEP0jGFQEDdWyzs4vlYIA25&oh=00_AYAy5CL8iqjZRVIOoYFGK6Vn4w-Hq2DjmQKMhvItD4jLVQ&oe=66FD3784","https://www.facebook.com/renzi.prayuda",,"Mantapp","0"
"Sticker",,,"1","83","1","1","280280680528917","80","https://scontent-iad3-1.xx.fbcdn.net/v/t39.1997-6/240404950_280280683862250_377726035223267134_n.png?stp=cp0_dst-png_s110x80&_nc_cat=1&ccb=1-7&_nc_sid=23dd7b&_nc_ohc=NDqorde6tU8Q7kNvgFbMn4f&_nc_ht=scontent-iad3-1.xx&_nc_gid=AEP0jGFQEDdWyzs4vlYIA25&oh=00_AYBH7VkwuWagftlZX4qLXQxCr0W-y8tv-z8F4pPgA1DbMA&oe=66FD31F3","80","",,"222549939635325","[Newsfeed] Indonesia First Party",,,"https://www.facebook.com/nurul.hardianti.9237/posts/pfbid031qGNvBdBY36ZXDTzfxGQcbovGdhgfj4fJH7anW8mCaicXTxuL9F8FunRHXWUAiK6l?comment_id=1931692177304794",,,,,,,,,,,,,,,,,,,,,,,,,,,,,,,,,,,,,,,,,,,,,,,,,,,,,,"2024-09-26T11:01:20.000Z","2016362042152583","https://www.facebook.com/100013364191442/posts/2016362042152583","ZmVlZGJhY2s6MjAxNjM2MjA0MjE1MjU4M18xOTMxNjkyMTc3MzA0Nzk0","Y29tbWVudDoyMDE2MzYyMDQyMTUyNTgzXzE5MzE2OTIxNzczMDQ3OTQ=","https://www.facebook.com/100013364191442/posts/2016362042152583","0","194051327133277","false",,,,,,"Visit Kebun wisata  Buah Desa Bontomanai Kab.Bulukumba 
#Madrid F1
#Diva F1
#Lazio F1🍉🍉🍉
Produksi PT.Benih Citra Asia","100009204089412","Tinny Serang","https://scontent-iad3-2.xx.fbcdn.net/v/t39.30808-1/315091409_3383092498674186_3397043082511654889_n.jpg?stp=c0.104.600.600a_cp0_dst-jpg_s32x32&_nc_cat=106&ccb=1-7&_nc_sid=50d2ac&_nc_ohc=HewR9XXWkQEQ7kNvgFPdIyY&_nc_ht=scontent-iad3-2.xx&_nc_gid=AEP0jGFQEDdWyzs4vlYIA25&oh=00_AYD6KRspA07IqTKzjb3c3XGnnZPTmxFYasjDWJLSnHYc4w&oe=66FD3CAF","https://www.facebook.com/tisya.nirwana.3",,,"0"
"Sticker",,,"1","83","1","1","1044769883831682","128","https://scontent-iad3-2.xx.fbcdn.net/v/t39.1997-6/453065273_1044769887165015_7488561141931275634_n.png?stp=dst-png_s168x128&_nc_cat=105&ccb=1-7&_nc_sid=23dd7b&_nc_ohc=-EIeOEfWQPYQ7kNvgGaTYrl&_nc_ht=scontent-iad3-2.xx&_nc_gid=AEP0jGFQEDdWyzs4vlYIA25&oh=00_AYD5jvpCjpWGU_hr975z9Uy-SCFzvhdxe4Ev5POBSZUM5A&oe=66FD58B6","128","",,,,,,"https://www.facebook.com/nurul.hardianti.9237/posts/pfbid031qGNvBdBY36ZXDTzfxGQcbovGdhgfj4fJH7anW8mCaicXTxuL9F8FunRHXWUAiK6l?comment_id=559096966555072",,,,,,,,,,,,,,,,,,,,,,,,,,,,,,,,,,,,,,,,,,,,,,,,,,,,,"1","2024-09-25T13:25:02.000Z","2016362042152583","https://www.facebook.com/100013364191442/posts/2016362042152583","ZmVlZGJhY2s6MjAxNjM2MjA0MjE1MjU4M181NTkwOTY5NjY1NTUwNzI=","Y29tbWVudDoyMDE2MzYyMDQyMTUyNTgzXzU1OTA5Njk2NjU1NTA3Mg==","https://www.facebook.com/100013364191442/posts/2016362042152583","0","194051327133277","false",,,,,,"Visit Kebun wisata  Buah Desa Bontomanai Kab.Bulukumba 
#Madrid F1
#Diva F1
#Lazio F1🍉🍉🍉
Produksi PT.Benih Citra Asia","100009994003233","Ilham Bintang Asia","https://scontent-iad3-2.xx.fbcdn.net/v/t39.30808-1/349801600_780566773437800_6977822504580595866_n.jpg?stp=cp0_dst-jpg_s32x32&_nc_cat=100&ccb=1-7&_nc_sid=50d2ac&_nc_ohc=iaOcLsKmi9cQ7kNvgFNPUaR&_nc_ht=scontent-iad3-2.xx&_nc_gid=AEP0jGFQEDdWyzs4vlYIA25&oh=00_AYCRo8buTmpKnvntrCIHmXAMPYY6YVDwzo50JUtofc5vew&oe=66FD2BBB","https://www.facebook.com/ilham.ajo.37604",,"Josss tenan","0"
"Sticker",,"https://scontent-iad3-2.xx.fbcdn.net/v/t39.1997-6/67761200_483660805729201_558152522196320256_n.webp?stp=dst-webp_s110x80&_nc_cat=103&ccb=1-7&_nc_sid=ba09c1&_nc_ohc=-ojzHvNxLD4Q7kNvgEcwTyO&_nc_ht=scontent-iad3-2.xx&_nc_gid=AEP0jGFQEDdWyzs4vlYIA25&oh=00_AYBMbbZMQUQaxGakOkecW5-FJDvfuYWBzIi_Hep5nRVxNg&oe=66FD4C0A","24","83","5","5","167804043981547","80","https://scontent-iad3-1.xx.fbcdn.net/v/t39.1997-6/67804297_483660882395860_4150841933146619904_n.png?stp=cp0_dst-png_s110x80&_nc_cat=1&ccb=1-7&_nc_sid=23dd7b&_nc_ohc=ghx_6ob4JfoQ7kNvgGh8rok&_nc_ht=scontent-iad3-1.xx&_nc_gid=AEP0jGFQEDdWyzs4vlYIA25&oh=00_AYCcFrotM4pwQ111rXkvSS_4mPjqpdnArnOV9om0IIKRSQ&oe=66FD2F0E","80","Worried slice of watermelon picks up black seeds it dropped on the ground.",,"164828414279110","Moody Foodies",,"https://scontent-iad3-1.xx.fbcdn.net/v/t39.1997-6/67700431_483660812395867_2307035622847545344_n.png?stp=dst-png_p403x403&_nc_cat=110&ccb=1-7&_nc_sid=ba09c1&_nc_ohc=0uZ15VhqERIQ7kNvgEs_IOq&_nc_ht=scontent-iad3-1.xx&_nc_gid=AEP0jGFQEDdWyzs4vlYIA25&oh=00_AYDI_Qcp7rgPCm-KgbulVNa-gsKUMNKjwD14PiQnpsO3Sw&oe=66FD56B2","https://www.facebook.com/nurul.hardianti.9237/posts/pfbid031qGNvBdBY36ZXDTzfxGQcbovGdhgfj4fJH7anW8mCaicXTxuL9F8FunRHXWUAiK6l?comment_id=8649437735119870",,,,,,,,,,,,,,,,,,,,,,,,,,,,,,,,,,,,,,,,,,,,,,,,,,,,,"1","2024-09-25T12:16:49.000Z","2016362042152583","https://www.facebook.com/100013364191442/posts/2016362042152583","ZmVlZGJhY2s6MjAxNjM2MjA0MjE1MjU4M184NjQ5NDM3NzM1MTE5ODcw","Y29tbWVudDoyMDE2MzYyMDQyMTUyNTgzXzg2NDk0Mzc3MzUxMTk4NzA=","https://www.facebook.com/100013364191442/posts/2016362042152583","0","194051327133277","false",,,,,,"Visit Kebun wisata  Buah Desa Bontomanai Kab.Bulukumba 
#Madrid F1
#Diva F1
#Lazio F1🍉🍉🍉
Produksi PT.Benih Citra Asia","61553813668557","Apriyanti Bintang Asia","https://scontent-iad3-2.xx.fbcdn.net/v/t39.30808-1/454258869_122158177466127122_5924470737510194271_n.jpg?stp=cp0_dst-jpg_s32x32&_nc_cat=100&ccb=1-7&_nc_sid=50d2ac&_nc_ohc=crvrgG84QzAQ7kNvgFgutGM&_nc_ht=scontent-iad3-2.xx&_nc_gid=AEP0jGFQEDdWyzs4vlYIA25&oh=00_AYAuMibK6s9xw0GV0ATysjc4sHQZ3R4kDvlAQRvkC4mqew&oe=66FD5C9B","https://www.facebook.com/people/Apriyanti-Bintang-Asia/61553813668557/",,,"0"
"Sticker",,,"1","83","1","1","280280680528917","80","https://scontent-iad3-1.xx.fbcdn.net/v/t39.1997-6/240404950_280280683862250_377726035223267134_n.png?stp=cp0_dst-png_s110x80&_nc_cat=1&ccb=1-7&_nc_sid=23dd7b&_nc_ohc=NDqorde6tU8Q7kNvgFbMn4f&_nc_ht=scontent-iad3-1.xx&_nc_gid=AEP0jGFQEDdWyzs4vlYIA25&oh=00_AYBH7VkwuWagftlZX4qLXQxCr0W-y8tv-z8F4pPgA1DbMA&oe=66FD31F3","80","",,"222549939635325","[Newsfeed] Indonesia First Party",,,"https://www.facebook.com/nurul.hardianti.9237/posts/pfbid031qGNvBdBY36ZXDTzfxGQcbovGdhgfj4fJH7anW8mCaicXTxuL9F8FunRHXWUAiK6l?comment_id=1298611214459616",,,,,,,,,,,,,,,,,,,,,,,,,,,,,,,,,,,,,,,,,,,,,,,,,,,,,"3","2024-09-25T12:30:46.000Z","2016362042152583","https://www.facebook.com/100013364191442/posts/2016362042152583","ZmVlZGJhY2s6MjAxNjM2MjA0MjE1MjU4M18xMjk4NjExMjE0NDU5NjE2","Y29tbWVudDoyMDE2MzYyMDQyMTUyNTgzXzEyOTg2MTEyMTQ0NTk2MTY=","https://www.facebook.com/100013364191442/posts/2016362042152583","0","194051327133277","false",,,,,,"Visit Kebun wisata  Buah Desa Bontomanai Kab.Bulukumba 
#Madrid F1
#Diva F1
#Lazio F1🍉🍉🍉
Produksi PT.Benih Citra Asia","pfbid0oZsXMzYKjBPSAJF5mHKwdBvitr9G8EELajGdWAsgpvPgfKtC1KUvC2DGzWvdm1b2l","Asmiani Siregar","https://scontent-iad3-1.xx.fbcdn.net/v/t39.30808-1/359261386_113799188441136_3506608618300419097_n.jpg?stp=c0.0.720.720a_cp0_dst-jpg_s32x32&_nc_cat=108&ccb=1-7&_nc_sid=0ecb9b&_nc_ohc=Ln6pqA2mBPsQ7kNvgFrcVW5&_nc_ht=scontent-iad3-1.xx&_nc_gid=AEP0jGFQEDdWyzs4vlYIA25&oh=00_AYDXcZBSadvOC5C9GWKU8W_Oa0RRz3zE7Ea2FestJQ0NQQ&oe=66FD3C0C","https://www.facebook.com/people/Asmiani-Siregar/pfbid0oZsXMzYKjBPSAJF5mHKwdBvitr9G8EELajGdWAsgpvPgfKtC1KUvC2DGzWvdm1b2l/",,"Mantaaaap  nak","0"
,,,,,,,,,,,,,,,,,"https://www.facebook.com/nurul.hardianti.9237/posts/pfbid02dHoUYcJFFrFiexjmTCXSXHziKEk6frX9ke8cmyjboqdaC2yR9GMc12SnVC3btCxnl?comment_id=881644130170812","https://www.facebook.com/nurul.hardianti.9237/posts/pfbid02dHoUYcJFFrFiexjmTCXSXHziKEk6frX9ke8cmyjboqdaC2yR9GMc12SnVC3btCxnl?comment_id=881644130170812&reply_comment_id=1684159248983263",,"2024-09-24T02:47:58.000Z","ZmVlZGJhY2s6MjAxMzYzNDExOTA5MjA0Ml8xNjg0MTU5MjQ4OTgzMjYz","Y29tbWVudDoyMDEzNjM0MTE5MDkyMDQyXzE2ODQxNTkyNDg5ODMyNjM=","0","User","100000239478952","Septian Adi Saputro","Septian","Y29tbWVudDoyMDEzNjM0MTE5MDkyMDQyXzg4MTY0NDEzMDE3MDgxMg==","100013364191442","Nrll Bintang Asia","https://scontent-atl3-1.xx.fbcdn.net/v/t39.30808-1/461087378_2013634612425326_5478208411470068121_n.jpg?stp=cp0_dst-jpg_s32x32&_nc_cat=103&ccb=1-7&_nc_sid=50d2ac&_nc_ohc=3B-xCZfvw2cQ7kNvgFSdq7P&_nc_ht=scontent-atl3-1.xx&_nc_gid=Aw_BA7JNQgN-i_c5fy4bPRz&oh=00_AYAPI8KyZjxjK5duE85Gtw-bv7yNTvdxpUxrrpQtOis_QA&oe=66FD43A9","https://www.facebook.com/nurul.hardianti.9237","Y29tbWVudDoyMDEzNjM0MTE5MDkyMDQyXzg4MTY0NDEzMDE3MDgxMg==","Septian Adi Saputro boleh paka","1",,,,,,,,,,,,,,,,,,,,,,,,,,,,,,,,,,,"1","2024-09-23T08:58:43.000Z","2013634119092042","https://www.facebook.com/100013364191442/posts/2013634119092042","ZmVlZGJhY2s6MjAxMzYzNDExOTA5MjA0Ml84ODE2NDQxMzAxNzA4MTI=","Y29tbWVudDoyMDEzNjM0MTE5MDkyMDQyXzg4MTY0NDEzMDE3MDgxMg==","https://www.facebook.com/100013364191442/posts/2013634119092042","0","194051327133277","false",,,,,,"Tomat Vitalia F1 sudah ada hasil di dataran Tinggi Kab.Gowa di ketinggian 600-900 Mdpl... 
Tomat hibrida determinate.
Bentuk buah : bulat.
Warna buah muda : hijau.
Warna buah masak : merah.
Berat buah : 60-75 g/buah.
Umur panen : 67-69 hst.
Potensi hasil : 30-32 ton/ha.
Tahan simpan.
Adaptasi utama di dataran rendah.
Tahan virus.
Buah lebat.
Produksi tinggi.","100000239478952","Septian Adi Saputro","https://scontent-atl3-1.xx.fbcdn.net/v/t39.30808-1/435503268_25638602202397744_1534637568709659176_n.jpg?stp=cp0_dst-jpg_s32x32&_nc_cat=107&ccb=1-7&_nc_sid=50d2ac&_nc_ohc=L-5rAX12zlkQ7kNvgFGpN0C&_nc_ht=scontent-atl3-1.xx&_nc_gid=Aw_BA7JNQgN-i_c5fy4bPRz&oh=00_AYDaQzh5E4KIb5j46YLpr9wYMECrVKwLeGRexITkBLklqA&oe=66FD3A9F","https://www.facebook.com/kyai.bhodonk",,"ikut panen","0"
,,,,,,,,,,,,,,,,,"https://www.facebook.com/nurul.hardianti.9237/posts/pfbid02dHoUYcJFFrFiexjmTCXSXHziKEk6frX9ke8cmyjboqdaC2yR9GMc12SnVC3btCxnl?comment_id=455762620846045","https://www.facebook.com/nurul.hardianti.9237/posts/pfbid02dHoUYcJFFrFiexjmTCXSXHziKEk6frX9ke8cmyjboqdaC2yR9GMc12SnVC3btCxnl?comment_id=455762620846045&reply_comment_id=857327169824000",,"2024-09-22T10:36:55.000Z","ZmVlZGJhY2s6MjAxMzYzNDExOTA5MjA0Ml84NTczMjcxNjk4MjQwMDA=","Y29tbWVudDoyMDEzNjM0MTE5MDkyMDQyXzg1NzMyNzE2OTgyNDAwMA==","0","User","100007578522755","Renzy Bintangasia","Renzy","Y29tbWVudDoyMDEzNjM0MTE5MDkyMDQyXzQ1NTc2MjYyMDg0NjA0NQ==","100013364191442","Nrll Bintang Asia","https://scontent-atl3-1.xx.fbcdn.net/v/t39.30808-1/461087378_2013634612425326_5478208411470068121_n.jpg?stp=cp0_dst-jpg_s32x32&_nc_cat=103&ccb=1-7&_nc_sid=50d2ac&_nc_ohc=3B-xCZfvw2cQ7kNvgFSdq7P&_nc_ht=scontent-atl3-1.xx&_nc_gid=Aw_BA7JNQgN-i_c5fy4bPRz&oh=00_AYAPI8KyZjxjK5duE85Gtw-bv7yNTvdxpUxrrpQtOis_QA&oe=66FD43A9","https://www.facebook.com/nurul.hardianti.9237","Y29tbWVudDoyMDEzNjM0MTE5MDkyMDQyXzQ1NTc2MjYyMDg0NjA0NQ==","Renzy Bintangasia Mksih kak","1",,,,,,,,,,,,,,,,,,,,,,,,,,,,,,,,,,,"1","2024-09-22T10:35:18.000Z","2013634119092042","https://www.facebook.com/100013364191442/posts/2013634119092042","ZmVlZGJhY2s6MjAxMzYzNDExOTA5MjA0Ml80NTU3NjI2MjA4NDYwNDU=","Y29tbWVudDoyMDEzNjM0MTE5MDkyMDQyXzQ1NTc2MjYyMDg0NjA0NQ==","https://www.facebook.com/100013364191442/posts/2013634119092042","0","194051327133277","false",,,,,,"Tomat Vitalia F1 sudah ada hasil di dataran Tinggi Kab.Gowa di ketinggian 600-900 Mdpl... 
Tomat hibrida determinate.
Bentuk buah : bulat.
Warna buah muda : hijau.
Warna buah masak : merah.
Berat buah : 60-75 g/buah.
Umur panen : 67-69 hst.
Potensi hasil : 30-32 ton/ha.
Tahan simpan.
Adaptasi utama di dataran rendah.
Tahan virus.
Buah lebat.
Produksi tinggi.","100007578522755","Renzy Bintangasia","https://scontent-atl3-2.xx.fbcdn.net/v/t39.30808-1/426012403_3605728109689771_2277782955804277447_n.jpg?stp=cp0_dst-jpg_s32x32&_nc_cat=104&ccb=1-7&_nc_sid=50d2ac&_nc_ohc=tTmdX3bXLYAQ7kNvgExeRv4&_nc_ht=scontent-atl3-2.xx&_nc_gid=Aw_BA7JNQgN-i_c5fy4bPRz&oh=00_AYD_JN9UBrscYZirYgnE3nBk--GJuohaVsYsXC7UdhB7AA&oe=66FD3784","https://www.facebook.com/renzi.prayuda",,"Mantap","0"
,,,,,,,,,,,,,,,,,"https://www.facebook.com/nurul.hardianti.9237/posts/pfbid02dHoUYcJFFrFiexjmTCXSXHziKEk6frX9ke8cmyjboqdaC2yR9GMc12SnVC3btCxnl?comment_id=1189543335489965","https://www.facebook.com/nurul.hardianti.9237/posts/pfbid02dHoUYcJFFrFiexjmTCXSXHziKEk6frX9ke8cmyjboqdaC2yR9GMc12SnVC3btCxnl?comment_id=1189543335489965&reply_comment_id=1046357406683522",,"2024-09-22T10:11:23.000Z","ZmVlZGJhY2s6MjAxMzYzNDExOTA5MjA0Ml8xMDQ2MzU3NDA2NjgzNTIy","Y29tbWVudDoyMDEzNjM0MTE5MDkyMDQyXzEwNDYzNTc0MDY2ODM1MjI=","0","User","pfbid02kqdED72j6F9LraxZwnbn4SwV17VuuT3ig21VogaTJkF99yEMHY3AoBCj8XCbGH6el","Jumain Putra Bugis","Jumain","Y29tbWVudDoyMDEzNjM0MTE5MDkyMDQyXzExODk1NDMzMzU0ODk5NjU=","100013364191442","Nrll Bintang Asia","https://scontent-atl3-1.xx.fbcdn.net/v/t39.30808-1/461087378_2013634612425326_5478208411470068121_n.jpg?stp=cp0_dst-jpg_s32x32&_nc_cat=103&ccb=1-7&_nc_sid=50d2ac&_nc_ohc=3B-xCZfvw2cQ7kNvgFSdq7P&_nc_ht=scontent-atl3-1.xx&_nc_gid=Aw_BA7JNQgN-i_c5fy4bPRz&oh=00_AYAPI8KyZjxjK5duE85Gtw-bv7yNTvdxpUxrrpQtOis_QA&oe=66FD43A9","https://www.facebook.com/nurul.hardianti.9237","Y29tbWVudDoyMDEzNjM0MTE5MDkyMDQyXzExODk1NDMzMzU0ODk5NjU=","Jumain Putra Bugis Malino kak","1","https://www.facebook.com/nurul.hardianti.9237/posts/pfbid02dHoUYcJFFrFiexjmTCXSXHziKEk6frX9ke8cmyjboqdaC2yR9GMc12SnVC3btCxnl?comment_id=1189543335489965&reply_comment_id=1052626555958226","2024-09-22T10:11:31.000Z","ZmVlZGJhY2s6MjAxMzYzNDExOTA5MjA0Ml8xMDUyNjI2NTU1OTU4MjI2","Y29tbWVudDoyMDEzNjM0MTE5MDkyMDQyXzEwNTI2MjY1NTU5NTgyMjY=","0","User","pfbid02kqdED72j6F9LraxZwnbn4SwV17VuuT3ig21VogaTJkF99yEMHY3AoBCj8XCbGH6el","Jumain Putra Bugis","Jumain","Y29tbWVudDoyMDEzNjM0MTE5MDkyMDQyXzExODk1NDMzMzU0ODk5NjU=","100013364191442","Nrll Bintang Asia","https://scontent-atl3-1.xx.fbcdn.net/v/t39.30808-1/461087378_2013634612425326_5478208411470068121_n.jpg?stp=cp0_dst-jpg_s32x32&_nc_cat=103&ccb=1-7&_nc_sid=50d2ac&_nc_ohc=3B-xCZfvw2cQ7kNvgFSdq7P&_nc_ht=scontent-atl3-1.xx&_nc_gid=Aw_BA7JNQgN-i_c5fy4bPRz&oh=00_AYAPI8KyZjxjK5duE85Gtw-bv7yNTvdxpUxrrpQtOis_QA&oe=66FD43A9","https://www.facebook.com/nurul.hardianti.9237","Y29tbWVudDoyMDEzNjM0MTE5MDkyMDQyXzExODk1NDMzMzU0ODk5NjU=","Tepatnya di tombolo pao kabupaten Gowa","1",,,,,,,,,,,,,,,,,,"2","2024-09-22T10:09:36.000Z","2013634119092042","https://www.facebook.com/100013364191442/posts/2013634119092042","ZmVlZGJhY2s6MjAxMzYzNDExOTA5MjA0Ml8xMTg5NTQzMzM1NDg5OTY1","Y29tbWVudDoyMDEzNjM0MTE5MDkyMDQyXzExODk1NDMzMzU0ODk5NjU=","https://www.facebook.com/100013364191442/posts/2013634119092042","0","194051327133277","false",,,,,,"Tomat Vitalia F1 sudah ada hasil di dataran Tinggi Kab.Gowa di ketinggian 600-900 Mdpl... 
Tomat hibrida determinate.
Bentuk buah : bulat.
Warna buah muda : hijau.
Warna buah masak : merah.
Berat buah : 60-75 g/buah.
Umur panen : 67-69 hst.
Potensi hasil : 30-32 ton/ha.
Tahan simpan.
Adaptasi utama di dataran rendah.
Tahan virus.
Buah lebat.
Produksi tinggi.","pfbid02kqdED72j6F9LraxZwnbn4SwV17VuuT3ig21VogaTJkF99yEMHY3AoBCj8XCbGH6el","Jumain Putra Bugis","https://scontent-atl3-1.xx.fbcdn.net/v/t1.6435-1/49620897_125757141795221_608539661173784576_n.jpg?stp=cp0_dst-jpg_s32x32&_nc_cat=100&ccb=1-7&_nc_sid=0ecb9b&_nc_ohc=DY5d-7yurvsQ7kNvgFU_0hE&_nc_ht=scontent-atl3-1.xx&_nc_gid=Aw_BA7JNQgN-i_c5fy4bPRz&oh=00_AYDKJqmigaIsIulqung2HnITv2pK2MbjKp2AgMHav27xng&oe=671ED2E4","https://www.facebook.com/jumain.putrabugis.39",,"Di mana ini kakak","0"
,,,,,,,,,,,,,,,,,"https://www.facebook.com/photo/?fbid=2013634609091993&set=a.101411090314364&comment_id=1504824294251439&reply_comment_id=547396154416008",,,,,,,,,,,,,,,,,,,,,,,,,,,,,,,,,,,,,,,,,,,,,,,,,,,,,"1","2024-09-25T12:11:02.000Z","2013634609091993","https://www.facebook.com/100013364191442/posts/2013634609091993","ZmVlZGJhY2s6MjAxMzYzNDYwOTA5MTk5M181NDczOTYxNTQ0MTYwMDg=","Y29tbWVudDoyMDEzNjM0NjA5MDkxOTkzXzU0NzM5NjE1NDQxNjAwOA==","https://www.facebook.com/100013364191442/posts/2013634609091993","1","194051327133277","false","User","pfbid037rX5h5dLcw5rkddPbvxZoZYvTaoXtW3Zh6TrUZ6ar27ZNRbMoSJ3rFZPV93D4FGtl","Sumarlin Sumarlin","Sumarlin","Y29tbWVudDoyMDEzNjM0NjA5MDkxOTkzXzE1MDQ4MjQyOTQyNTE0Mzk=","Nrll Bintang Asia updated her profile picture.","100013364191442","Nrll Bintang Asia","https://scontent-man2-1.xx.fbcdn.net/v/t39.30808-1/461087378_2013634612425326_5478208411470068121_n.jpg?stp=cp0_dst-jpg_s32x32&_nc_cat=103&ccb=1-7&_nc_sid=50d2ac&_nc_ohc=3B-xCZfvw2cQ7kNvgGKBYYw&_nc_ht=scontent-man2-1.xx&_nc_gid=AsSFLbuhL8YrTY74hfGVSrE&oh=00_AYBnr0ZKFY6yLKoSImOLcfnuuwXVWyMIKQsAaMjZDUc5rA&oe=66FD43A9","https://www.facebook.com/nurul.hardianti.9237","Y29tbWVudDoyMDEzNjM0NjA5MDkxOTkzXzE1MDQ4MjQyOTQyNTE0Mzk=","Sumarlin Sumarlin iye pak bolehlah,coba2 di Siria pak,hehehe","1"
,,,,,,,,,,,,,,,,,"https://www.facebook.com/photo/?fbid=2013634609091993&set=a.101411090314364&comment_id=1504824294251439&reply_comment_id=1250495613068797",,,,,,,,,,,,,,,,,,,,,,,,,,,,,,,,,,,,,,,,,,,,,,,,,,,,,,"2024-09-25T14:42:43.000Z","2013634609091993","https://www.facebook.com/100013364191442/posts/2013634609091993","ZmVlZGJhY2s6MjAxMzYzNDYwOTA5MTk5M18xMjUwNDk1NjEzMDY4Nzk3","Y29tbWVudDoyMDEzNjM0NjA5MDkxOTkzXzEyNTA0OTU2MTMwNjg3OTc=","https://www.facebook.com/100013364191442/posts/2013634609091993","0","194051327133277","false","User","pfbid037rX5h5dLcw5rkddPbvxZoZYvTaoXtW3Zh6TrUZ6ar27ZNRbMoSJ3rFZPV93D4FGtl","Sumarlin Sumarlin","Sumarlin","Y29tbWVudDoyMDEzNjM0NjA5MDkxOTkzXzE1MDQ4MjQyOTQyNTE0Mzk=","Nrll Bintang Asia updated her profile picture.","pfbid037rX5h5dLcw5rkddPbvxZoZYvTaoXtW3Zh6TrUZ6ar27ZNRbMoSJ3rFZPV93D4FGtl","Sumarlin Sumarlin","https://scontent-man2-1.xx.fbcdn.net/v/t39.30808-1/283296509_334929185447824_4986262787300211069_n.jpg?stp=cp0_dst-jpg_s32x32&_nc_cat=100&ccb=1-7&_nc_sid=0ecb9b&_nc_ohc=6EjAwoE_7JwQ7kNvgF6fxTc&_nc_ht=scontent-man2-1.xx&_nc_gid=AsSFLbuhL8YrTY74hfGVSrE&oh=00_AYDwyaFpi0ORv1ioVX9_Jz172P16A1ChVWHyfSB_ivBMoQ&oe=66FD353D","https://www.facebook.com/people/Sumarlin-Sumarlin/pfbid037rX5h5dLcw5rkddPbvxZoZYvTaoXtW3Zh6TrUZ6ar27ZNRbMoSJ3rFZPV93D4FGtl/","Y29tbWVudDoyMDEzNjM0NjA5MDkxOTkzXzE1MDQ4MjQyOTQyNTE0Mzk=","Nrll Bintang Asia iye insya Allah,  Bu","2"
,,,,,,,,,,,,,,,,,"https://www.facebook.com/nurul.hardianti.9237/posts/pfbid0y5brj76qh9cjEPTkv3qHfxqWWjVtWN6DFC5sF8hb2R8hetgCnxXYELriHRnouZzBl?comment_id=883552217205097&reply_comment_id=873820267717322",,,,,,,,,,,,,,,,,,,,,,,,,,,,,,,,,,,,,,,,,,,,,,,,,,,,,,"2024-09-24T02:48:07.000Z","2013444185777702","https://www.facebook.com/100013364191442/posts/2013444185777702","ZmVlZGJhY2s6MjAxMzQ0NDE4NTc3NzcwMl84NzM4MjAyNjc3MTczMjI=","Y29tbWVudDoyMDEzNDQ0MTg1Nzc3NzAyXzg3MzgyMDI2NzcxNzMyMg==","https://www.facebook.com/100013364191442/posts/2013444185777702","0","194051327133277","false","User","1828565536","Mohammad Iqbal Agustiana","Mohammad","Y29tbWVudDoyMDEzNDQ0MTg1Nzc3NzAyXzg4MzU1MjIxNzIwNTA5Nw==","Tomat Niki F1
Lokasi Parantajuru, Kec.Tombolo Pao, Kabupaten Gowa

Alhamdulillah Kereen Produksi Tinggi

Tomat hibrida indeterminate.
Bentuk buah : lonjong.
Warna buah muda : hijau.
Warna buah masak : merah.
Berat buah 69-71 g/buah.
Warna panen : 74-75 hst.
Potensi hasil : 25-27 ton/ha.
Tahan simpan.
Adaptasi utama di dataran rendah.
Tanaman tinggi.
Buah lebat dan keras.
Daya simpan lama.
Produksi tinggi.","100013364191442","Nrll Bintang Asia","https://scontent.forf1-3.fna.fbcdn.net/v/t39.30808-1/461087378_2013634612425326_5478208411470068121_n.jpg?stp=cp0_dst-jpg_s32x32&_nc_cat=103&ccb=1-7&_nc_sid=50d2ac&_nc_ohc=3B-xCZfvw2cQ7kNvgFroOBK&_nc_ht=scontent.forf1-3.fna&_nc_gid=Ao_XJ1p2hSaNPa5GJcc-rvM&oh=00_AYAIqxzaKLbGj2PVYr1zNWUdAUKtdJQKb6oonsQ3zY8yTg&oe=66FD43A9","https://www.facebook.com/nurul.hardianti.9237","Y29tbWVudDoyMDEzNDQ0MTg1Nzc3NzAyXzg4MzU1MjIxNzIwNTA5Nw==","Mohammad Iqbal Agustiana siap kk","1"
,,,,,,,,,,,,,,,,,"https://www.facebook.com/nurul.hardianti.9237/posts/pfbid0y5brj76qh9cjEPTkv3qHfxqWWjVtWN6DFC5sF8hb2R8hetgCnxXYELriHRnouZzBl?comment_id=525174993458394&reply_comment_id=3829925467325033",,,,,,,,,,,,,,,,,,,,,,,,,,,,,,,,,,,,,,,,,,,,,,,,,,,,,,"2024-09-22T06:37:53.000Z","2013444185777702","https://www.facebook.com/100013364191442/posts/2013444185777702","ZmVlZGJhY2s6MjAxMzQ0NDE4NTc3NzcwMl8zODI5OTI1NDY3MzI1MDMz","Y29tbWVudDoyMDEzNDQ0MTg1Nzc3NzAyXzM4Mjk5MjU0NjczMjUwMzM=","https://www.facebook.com/100013364191442/posts/2013444185777702","0","194051327133277","false","User","pfbid0p7emkyAjtF2tdecE9P9uzVsT6ycJkHwdrA4VKwVHwNb6VgerJVjPrR7cV9gLNJ7Vl","Arman Ar","Arman","Y29tbWVudDoyMDEzNDQ0MTg1Nzc3NzAyXzUyNTE3NDk5MzQ1ODM5NA==","Tomat Niki F1
Lokasi Parantajuru, Kec.Tombolo Pao, Kabupaten Gowa

Alhamdulillah Kereen Produksi Tinggi

Tomat hibrida indeterminate.
Bentuk buah : lonjong.
Warna buah muda : hijau.
Warna buah masak : merah.
Berat buah 69-71 g/buah.
Warna panen : 74-75 hst.
Potensi hasil : 25-27 ton/ha.
Tahan simpan.
Adaptasi utama di dataran rendah.
Tanaman tinggi.
Buah lebat dan keras.
Daya simpan lama.
Produksi tinggi.","100013364191442","Nrll Bintang Asia","https://scontent.fmid7-1.fna.fbcdn.net/v/t39.30808-1/461087378_2013634612425326_5478208411470068121_n.jpg?stp=cp0_dst-jpg_s32x32&_nc_cat=103&ccb=1-7&_nc_sid=50d2ac&_nc_ohc=3B-xCZfvw2cQ7kNvgHeDQQX&_nc_ht=scontent.fmid7-1.fna&_nc_gid=Ah5RBQrdlU_8ETr1SOSsMu_&oh=00_AYCWTs3MOlQhQ3wTbK7TOqVsKK5mSg7rOTHC3qPgSimIzw&oe=66FD43A9","https://www.facebook.com/nurul.hardianti.9237","Y29tbWVudDoyMDEzNDQ0MTg1Nzc3NzAyXzUyNTE3NDk5MzQ1ODM5NA==","Arman Ar Siap2 terimakasih☺","1"
,,,,,,,,,,,,,,,,,"https://www.facebook.com/nurul.hardianti.9237/posts/pfbid0y5brj76qh9cjEPTkv3qHfxqWWjVtWN6DFC5sF8hb2R8hetgCnxXYELriHRnouZzBl?comment_id=525174993458394&reply_comment_id=1216010249645607",,,,,,,,,,,,,,,,,,,,,,,,,,,,,,,,,,,,,,,,,,,,,,,,,,,,,,"2024-09-22T07:02:21.000Z","2013444185777702","https://www.facebook.com/100013364191442/posts/2013444185777702","ZmVlZGJhY2s6MjAxMzQ0NDE4NTc3NzcwMl8xMjE2MDEwMjQ5NjQ1NjA3","Y29tbWVudDoyMDEzNDQ0MTg1Nzc3NzAyXzEyMTYwMTAyNDk2NDU2MDc=","https://www.facebook.com/100013364191442/posts/2013444185777702","0","194051327133277","false","User","pfbid0p7emkyAjtF2tdecE9P9uzVsT6ycJkHwdrA4VKwVHwNb6VgerJVjPrR7cV9gLNJ7Vl","Arman Ar","Arman","Y29tbWVudDoyMDEzNDQ0MTg1Nzc3NzAyXzUyNTE3NDk5MzQ1ODM5NA==","Tomat Niki F1
Lokasi Parantajuru, Kec.Tombolo Pao, Kabupaten Gowa

Alhamdulillah Kereen Produksi Tinggi

Tomat hibrida indeterminate.
Bentuk buah : lonjong.
Warna buah muda : hijau.
Warna buah masak : merah.
Berat buah 69-71 g/buah.
Warna panen : 74-75 hst.
Potensi hasil : 25-27 ton/ha.
Tahan simpan.
Adaptasi utama di dataran rendah.
Tanaman tinggi.
Buah lebat dan keras.
Daya simpan lama.
Produksi tinggi.","pfbid0p7emkyAjtF2tdecE9P9uzVsT6ycJkHwdrA4VKwVHwNb6VgerJVjPrR7cV9gLNJ7Vl","Arman Ar","https://scontent.fmid7-1.fna.fbcdn.net/v/t1.30497-1/453178253_471506465671661_2781666950760530985_n.png?stp=cp0_dst-png_s32x32&_nc_cat=1&ccb=1-7&_nc_sid=136b72&_nc_ohc=0xowR0uvRNoQ7kNvgH5PGo2&_nc_ht=scontent.fmid7-1.fna&_nc_gid=Ah5RBQrdlU_8ETr1SOSsMu_&oh=00_AYAau29eMfCWrVV6e4CT0Jt6dueoFwKc-hl8o3SaacdFJQ&oe=671EE0BA","https://www.facebook.com/people/Arman-Ar/pfbid0p7emkyAjtF2tdecE9P9uzVsT6ycJkHwdrA4VKwVHwNb6VgerJVjPrR7cV9gLNJ7Vl/","Y29tbWVudDoyMDEzNDQ0MTg1Nzc3NzAyXzUyNTE3NDk5MzQ1ODM5NA==","Harus s coba ini tahun depan","1"
,,,,,,,,,,,,,,,,,"https://www.facebook.com/nurul.hardianti.9237/posts/pfbid0y5brj76qh9cjEPTkv3qHfxqWWjVtWN6DFC5sF8hb2R8hetgCnxXYELriHRnouZzBl?comment_id=525174993458394&reply_comment_id=1076296944055058",,,,,,,,,,,,,,,,,,,,,,,,,,,,,,,,,,,,,,,,,,,,,,,,,,,,,,"2024-09-22T12:19:37.000Z","2013444185777702","https://www.facebook.com/100013364191442/posts/2013444185777702","ZmVlZGJhY2s6MjAxMzQ0NDE4NTc3NzcwMl8xMDc2Mjk2OTQ0MDU1MDU4","Y29tbWVudDoyMDEzNDQ0MTg1Nzc3NzAyXzEwNzYyOTY5NDQwNTUwNTg=","https://www.facebook.com/100013364191442/posts/2013444185777702","0","194051327133277","false","User","pfbid0p7emkyAjtF2tdecE9P9uzVsT6ycJkHwdrA4VKwVHwNb6VgerJVjPrR7cV9gLNJ7Vl","Arman Ar","Arman","Y29tbWVudDoyMDEzNDQ0MTg1Nzc3NzAyXzUyNTE3NDk5MzQ1ODM5NA==","Tomat Niki F1
Lokasi Parantajuru, Kec.Tombolo Pao, Kabupaten Gowa

Alhamdulillah Kereen Produksi Tinggi

Tomat hibrida indeterminate.
Bentuk buah : lonjong.
Warna buah muda : hijau.
Warna buah masak : merah.
Berat buah 69-71 g/buah.
Warna panen : 74-75 hst.
Potensi hasil : 25-27 ton/ha.
Tahan simpan.
Adaptasi utama di dataran rendah.
Tanaman tinggi.
Buah lebat dan keras.
Daya simpan lama.
Produksi tinggi.","100013364191442","Nrll Bintang Asia","https://scontent.fmid7-1.fna.fbcdn.net/v/t39.30808-1/461087378_2013634612425326_5478208411470068121_n.jpg?stp=cp0_dst-jpg_s32x32&_nc_cat=103&ccb=1-7&_nc_sid=50d2ac&_nc_ohc=3B-xCZfvw2cQ7kNvgHeDQQX&_nc_ht=scontent.fmid7-1.fna&_nc_gid=Ah5RBQrdlU_8ETr1SOSsMu_&oh=00_AYCWTs3MOlQhQ3wTbK7TOqVsKK5mSg7rOTHC3qPgSimIzw&oe=66FD43A9","https://www.facebook.com/nurul.hardianti.9237","Y29tbWVudDoyMDEzNDQ0MTg1Nzc3NzAyXzUyNTE3NDk5MzQ1ODM5NA==","Hehhee iyye bolehh","1"
"Sticker",,,"0","83","0","0","201014003381867","80","https://scontent-dfw5-2.xx.fbcdn.net/v/t39.1997-6/66002320_1282961465187110_5922253064978300928_n.png?stp=cp0_dst-png_s110x80&_nc_cat=1&ccb=1-7&_nc_sid=23dd7b&_nc_ohc=u53FTHVW-qkQ7kNvgHOQ6Li&_nc_ht=scontent-dfw5-2.xx&_nc_gid=A2AyN62UoKA3VkvXZh0HMAI&oh=00_AYAJIEhzhjLwFEjlWqlxVK6zquwORKuedd12lp_bKKngsg&oe=66FD3C1A","77","Slice of watermelon character with bright green rind, black seeds and a smiling face on the red interior.",,"201013370048597","Happy-Go-Lucky",,,"https://www.facebook.com/nurul.hardianti.9237/posts/pfbid031qGNvBdBY36ZXDTzfxGQcbovGdhgfj4fJH7anW8mCaicXTxuL9F8FunRHXWUAiK6l?comment_id=8649437735119870&reply_comment_id=1224540928891046",,,,,,,,,,,,,,,,,,,,,,,,,,,,,,,,,,,,,,,,,,,,,,,,,,,,,,"2024-09-25T12:48:45.000Z","2016362042152583","https://www.facebook.com/100013364191442/posts/2016362042152583","ZmVlZGJhY2s6MjAxNjM2MjA0MjE1MjU4M18xMjI0NTQwOTI4ODkxMDQ2","Y29tbWVudDoyMDE2MzYyMDQyMTUyNTgzXzEyMjQ1NDA5Mjg4OTEwNDY=","https://www.facebook.com/100013364191442/posts/2016362042152583","0","194051327133277","false","User","61553813668557","Apriyanti Bintang Asia","Apriyanti","Y29tbWVudDoyMDE2MzYyMDQyMTUyNTgzXzg2NDk0Mzc3MzUxMTk4NzA=","Visit Kebun wisata  Buah Desa Bontomanai Kab.Bulukumba 
#Madrid F1
#Diva F1
#Lazio F1🍉🍉🍉
Produksi PT.Benih Citra Asia","100013364191442","Nrll Bintang Asia","https://scontent-dfw5-1.xx.fbcdn.net/v/t39.30808-1/461087378_2013634612425326_5478208411470068121_n.jpg?stp=cp0_dst-jpg_s32x32&_nc_cat=103&ccb=1-7&_nc_sid=50d2ac&_nc_ohc=3B-xCZfvw2cQ7kNvgHbDgxc&_nc_ht=scontent-dfw5-1.xx&_nc_gid=A2AyN62UoKA3VkvXZh0HMAI&oh=00_AYDjHw2AV5_iyxkJBn-7wQjmvKMoOyGH7fZb6S7aLUdeUg&oe=66FD43A9","https://www.facebook.com/nurul.hardianti.9237","Y29tbWVudDoyMDE2MzYyMDQyMTUyNTgzXzg2NDk0Mzc3MzUxMTk4NzA=","Apriyanti Bintang Asia","1"
,,,,,,,,,,,,,,,,,"https://www.facebook.com/nurul.hardianti.9237/posts/pfbid031qGNvBdBY36ZXDTzfxGQcbovGdhgfj4fJH7anW8mCaicXTxuL9F8FunRHXWUAiK6l?comment_id=1172431707194588&reply_comment_id=947354627130023",,,,,,,,,,,,,,,,,,,,,,,,,,,,,,,,,,,,,,,,,,,,,,,,,,,,,,"2024-09-25T14:37:21.000Z","2016362042152583","https://www.facebook.com/100013364191442/posts/2016362042152583","ZmVlZGJhY2s6MjAxNjM2MjA0MjE1MjU4M185NDczNTQ2MjcxMzAwMjM=","Y29tbWVudDoyMDE2MzYyMDQyMTUyNTgzXzk0NzM1NDYyNzEzMDAyMw==","https://www.facebook.com/100013364191442/posts/2016362042152583","0","194051327133277","false","User","100004370253176","Muhamad Cali Faiz Ahmad","Muhamad","Y29tbWVudDoyMDE2MzYyMDQyMTUyNTgzXzExNzI0MzE3MDcxOTQ1ODg=","Visit Kebun wisata  Buah Desa Bontomanai Kab.Bulukumba 
#Madrid F1
#Diva F1
#Lazio F1🍉🍉🍉
Produksi PT.Benih Citra Asia","100013364191442","Nrll Bintang Asia","https://scontent-atl3-1.xx.fbcdn.net/v/t39.30808-1/461087378_2013634612425326_5478208411470068121_n.jpg?stp=cp0_dst-jpg_s32x32&_nc_cat=103&ccb=1-7&_nc_sid=50d2ac&_nc_ohc=3B-xCZfvw2cQ7kNvgG43mEQ&_nc_ht=scontent-atl3-1.xx&_nc_gid=AWertlur-siJzNHZCnXd3II&oh=00_AYB5DVo8NaXlv7A6Fj6MANCFH1d9OOP1yBf9wJoOWM1Zyg&oe=66FD43A9","https://www.facebook.com/nurul.hardianti.9237","Y29tbWVudDoyMDE2MzYyMDQyMTUyNTgzXzExNzI0MzE3MDcxOTQ1ODg=","Muhamad Cali Faiz Ahmad makasiihh☺","1"
,,,,,,,,,,,,,,,,,"https://www.facebook.com/nurul.hardianti.9237/posts/pfbid031qGNvBdBY36ZXDTzfxGQcbovGdhgfj4fJH7anW8mCaicXTxuL9F8FunRHXWUAiK6l?comment_id=1298611214459616&reply_comment_id=1137603851342909",,,,,,,,,,,,,,,,,,,,,,,,,,,,,,,,,,,,,,,,,,,,,,,,,,,,,,"2024-09-25T12:48:35.000Z","2016362042152583","https://www.facebook.com/100013364191442/posts/2016362042152583","ZmVlZGJhY2s6MjAxNjM2MjA0MjE1MjU4M18xMTM3NjAzODUxMzQyOTA5","Y29tbWVudDoyMDE2MzYyMDQyMTUyNTgzXzExMzc2MDM4NTEzNDI5MDk=","https://www.facebook.com/100013364191442/posts/2016362042152583","0","194051327133277","false","User","pfbid0oZsXMzYKjBPSAJF5mHKwdBvitr9G8EELajGdWAsgpvPgfKtC1KUvC2DGzWvdm1b2l","Asmiani Siregar","Asmiani","Y29tbWVudDoyMDE2MzYyMDQyMTUyNTgzXzEyOTg2MTEyMTQ0NTk2MTY=","Visit Kebun wisata  Buah Desa Bontomanai Kab.Bulukumba 
#Madrid F1
#Diva F1
#Lazio F1🍉🍉🍉
Produksi PT.Benih Citra Asia","100013364191442","Nrll Bintang Asia","https://scontent-lax3-2.xx.fbcdn.net/v/t39.30808-1/461087378_2013634612425326_5478208411470068121_n.jpg?stp=cp0_dst-jpg_s32x32&_nc_cat=103&ccb=1-7&_nc_sid=50d2ac&_nc_ohc=3B-xCZfvw2cQ7kNvgE5cWI6&_nc_ht=scontent-lax3-2.xx&oh=00_AYBdCVf645VpyfFmPG61Lsu4ehkrFcGgIB3nAy5RQiPIJQ&oe=66FD43A9","https://www.facebook.com/nurul.hardianti.9237","Y29tbWVudDoyMDE2MzYyMDQyMTUyNTgzXzEyOTg2MTEyMTQ0NTk2MTY=","Asmiani Siregar Ehehe iyye buu.☺ Rindu lagi ini bu kesana.","1"
,,,,,,,,,,,,,,,,,"https://www.facebook.com/nurul.hardianti.9237/posts/pfbid031qGNvBdBY36ZXDTzfxGQcbovGdhgfj4fJH7anW8mCaicXTxuL9F8FunRHXWUAiK6l?comment_id=1298611214459616&reply_comment_id=427575063243104",,,,,,,,,,,,,,,,,,,,,,,,,,,,,,,,,,,,,,,,,,,,,,,,,,,,,"1","2024-09-25T12:59:37.000Z","2016362042152583","https://www.facebook.com/100013364191442/posts/2016362042152583","ZmVlZGJhY2s6MjAxNjM2MjA0MjE1MjU4M180Mjc1NzUwNjMyNDMxMDQ=","Y29tbWVudDoyMDE2MzYyMDQyMTUyNTgzXzQyNzU3NTA2MzI0MzEwNA==","https://www.facebook.com/100013364191442/posts/2016362042152583","0","194051327133277","false","User","pfbid0oZsXMzYKjBPSAJF5mHKwdBvitr9G8EELajGdWAsgpvPgfKtC1KUvC2DGzWvdm1b2l","Asmiani Siregar","Asmiani","Y29tbWVudDoyMDE2MzYyMDQyMTUyNTgzXzEyOTg2MTEyMTQ0NTk2MTY=","Visit Kebun wisata  Buah Desa Bontomanai Kab.Bulukumba 
#Madrid F1
#Diva F1
#Lazio F1🍉🍉🍉
Produksi PT.Benih Citra Asia","pfbid0oZsXMzYKjBPSAJF5mHKwdBvitr9G8EELajGdWAsgpvPgfKtC1KUvC2DGzWvdm1b2l","Asmiani Siregar","https://scontent-lax3-1.xx.fbcdn.net/v/t39.30808-1/359261386_113799188441136_3506608618300419097_n.jpg?stp=c0.0.720.720a_cp0_dst-jpg_s32x32&_nc_cat=108&ccb=1-7&_nc_sid=0ecb9b&_nc_ohc=Ln6pqA2mBPsQ7kNvgG8kIoO&_nc_ht=scontent-lax3-1.xx&oh=00_AYDhzEcXiP8DOkpEOA2x5cvJUZr2njzFlXuOHoNSQtmcrg&oe=66FD3C0C","https://www.facebook.com/people/Asmiani-Siregar/pfbid0oZsXMzYKjBPSAJF5mHKwdBvitr9G8EELajGdWAsgpvPgfKtC1KUvC2DGzWvdm1b2l/","Y29tbWVudDoyMDE2MzYyMDQyMTUyNTgzXzEyOTg2MTEyMTQ0NTk2MTY=","Nrll Bintang Asia rindu sama  ????? Ie","1"
,,,,,,,,,,,,,,,,,"https://www.facebook.com/nurul.hardianti.9237/posts/pfbid031qGNvBdBY36ZXDTzfxGQcbovGdhgfj4fJH7anW8mCaicXTxuL9F8FunRHXWUAiK6l?comment_id=1298611214459616&reply_comment_id=884908803611542",,,,,,,,,,,,,,,,,,,,,,,,,,,,,,,,,,,,,,,,,,,,,,,,,,,,,,"2024-09-25T13:00:28.000Z","2016362042152583","https://www.facebook.com/100013364191442/posts/2016362042152583","ZmVlZGJhY2s6MjAxNjM2MjA0MjE1MjU4M184ODQ5MDg4MDM2MTE1NDI=","Y29tbWVudDoyMDE2MzYyMDQyMTUyNTgzXzg4NDkwODgwMzYxMTU0Mg==","https://www.facebook.com/100013364191442/posts/2016362042152583","1","194051327133277","false","User","pfbid0oZsXMzYKjBPSAJF5mHKwdBvitr9G8EELajGdWAsgpvPgfKtC1KUvC2DGzWvdm1b2l","Asmiani Siregar","Asmiani","Y29tbWVudDoyMDE2MzYyMDQyMTUyNTgzXzEyOTg2MTEyMTQ0NTk2MTY=","Visit Kebun wisata  Buah Desa Bontomanai Kab.Bulukumba 
#Madrid F1
#Diva F1
#Lazio F1🍉🍉🍉
Produksi PT.Benih Citra Asia","100013364191442","Nrll Bintang Asia","https://scontent-lax3-2.xx.fbcdn.net/v/t39.30808-1/461087378_2013634612425326_5478208411470068121_n.jpg?stp=cp0_dst-jpg_s32x32&_nc_cat=103&ccb=1-7&_nc_sid=50d2ac&_nc_ohc=3B-xCZfvw2cQ7kNvgE5cWI6&_nc_ht=scontent-lax3-2.xx&oh=00_AYBdCVf645VpyfFmPG61Lsu4ehkrFcGgIB3nAy5RQiPIJQ&oe=66FD43A9","https://www.facebook.com/nurul.hardianti.9237","Y29tbWVudDoyMDE2MzYyMDQyMTUyNTgzXzEyOTg2MTEyMTQ0NTk2MTY=","Asmiani Siregar Rindu sama Ibu dong..😁😁 Sama semuanya disana","2"
,,,,,,,,,,,,,,,,,"https://www.facebook.com/nurul.hardianti.9237/posts/pfbid02dHoUYcJFFrFiexjmTCXSXHziKEk6frX9ke8cmyjboqdaC2yR9GMc12SnVC3btCxnl?comment_id=881644130170812&reply_comment_id=1684159248983263",,,,,,,,,,,,,,,,,,,,,,,,,,,,,,,,,,,,,,,,,,,,,,,,,,,,,,"2024-09-24T02:47:58.000Z","2013634119092042","https://www.facebook.com/100013364191442/posts/2013634119092042","ZmVlZGJhY2s6MjAxMzYzNDExOTA5MjA0Ml8xNjg0MTU5MjQ4OTgzMjYz","Y29tbWVudDoyMDEzNjM0MTE5MDkyMDQyXzE2ODQxNTkyNDg5ODMyNjM=","https://www.facebook.com/100013364191442/posts/2013634119092042","0","194051327133277","false","User","100000239478952","Septian Adi Saputro","Septian","Y29tbWVudDoyMDEzNjM0MTE5MDkyMDQyXzg4MTY0NDEzMDE3MDgxMg==","Tomat Vitalia F1 sudah ada hasil di dataran Tinggi Kab.Gowa di ketinggian 600-900 Mdpl... 
Tomat hibrida determinate.
Bentuk buah : bulat.
Warna buah muda : hijau.
Warna buah masak : merah.
Berat buah : 60-75 g/buah.
Umur panen : 67-69 hst.
Potensi hasil : 30-32 ton/ha.
Tahan simpan.
Adaptasi utama di dataran rendah.
Tahan virus.
Buah lebat.
Produksi tinggi.","100013364191442","Nrll Bintang Asia","https://scontent.fhyd14-1.fna.fbcdn.net/v/t39.30808-1/461087378_2013634612425326_5478208411470068121_n.jpg?stp=cp0_dst-jpg_s32x32&_nc_cat=103&ccb=1-7&_nc_sid=50d2ac&_nc_ohc=3B-xCZfvw2cQ7kNvgH1bVWr&_nc_ht=scontent.fhyd14-1.fna&oh=00_AYBJ0bR4QEVHG1m_vCpXjyVWrdfsADsAPOw7etmOD9db8A&oe=66FD43A9","https://www.facebook.com/nurul.hardianti.9237","Y29tbWVudDoyMDEzNjM0MTE5MDkyMDQyXzg4MTY0NDEzMDE3MDgxMg==","Septian Adi Saputro boleh paka","1"
,,,,,,,,,,,,,,,,,"https://www.facebook.com/nurul.hardianti.9237/posts/pfbid031qGNvBdBY36ZXDTzfxGQcbovGdhgfj4fJH7anW8mCaicXTxuL9F8FunRHXWUAiK6l?comment_id=542280518283847&reply_comment_id=849337600300774",,,,,,,,,,,,,,,,,,,,,,,,,,,,,,,,,,,,,,,,,,,,,,,,,,,,,,"2024-09-25T12:48:39.000Z","2016362042152583","https://www.facebook.com/100013364191442/posts/2016362042152583","ZmVlZGJhY2s6MjAxNjM2MjA0MjE1MjU4M184NDkzMzc2MDAzMDA3NzQ=","Y29tbWVudDoyMDE2MzYyMDQyMTUyNTgzXzg0OTMzNzYwMDMwMDc3NA==","https://www.facebook.com/100013364191442/posts/2016362042152583","0","194051327133277","false","User","100007578522755","Renzy Bintangasia","Renzy","Y29tbWVudDoyMDE2MzYyMDQyMTUyNTgzXzU0MjI4MDUxODI4Mzg0Nw==","Visit Kebun wisata  Buah Desa Bontomanai Kab.Bulukumba 
#Madrid F1
#Diva F1
#Lazio F1🍉🍉🍉
Produksi PT.Benih Citra Asia","100013364191442","Nrll Bintang Asia","https://scontent.fmar1-1.fna.fbcdn.net/v/t39.30808-1/461087378_2013634612425326_5478208411470068121_n.jpg?stp=cp0_dst-jpg_s32x32&_nc_cat=103&ccb=1-7&_nc_sid=50d2ac&_nc_ohc=3B-xCZfvw2cQ7kNvgEerjXI&_nc_ht=scontent.fmar1-1.fna&_nc_gid=AkRrM1xExCcNde76Cz6grzI&oh=00_AYDREGG9S3ns5c7mSobUsYN6h0BSV9RgAb9mUU9ifcsz9A&oe=66FD43A9","https://www.facebook.com/nurul.hardianti.9237","Y29tbWVudDoyMDE2MzYyMDQyMTUyNTgzXzU0MjI4MDUxODI4Mzg0Nw==","Renzy Bintangasia mksih kk","1"
,,,,,,,,,,,,,,,,,"https://www.facebook.com/nurul.hardianti.9237/posts/pfbid02dHoUYcJFFrFiexjmTCXSXHziKEk6frX9ke8cmyjboqdaC2yR9GMc12SnVC3btCxnl?comment_id=455762620846045&reply_comment_id=857327169824000",,,,,,,,,,,,,,,,,,,,,,,,,,,,,,,,,,,,,,,,,,,,,,,,,,,,,,"2024-09-22T10:36:55.000Z","2013634119092042","https://www.facebook.com/100013364191442/posts/2013634119092042","ZmVlZGJhY2s6MjAxMzYzNDExOTA5MjA0Ml84NTczMjcxNjk4MjQwMDA=","Y29tbWVudDoyMDEzNjM0MTE5MDkyMDQyXzg1NzMyNzE2OTgyNDAwMA==","https://www.facebook.com/100013364191442/posts/2013634119092042","0","194051327133277","false","User","100007578522755","Renzy Bintangasia","Renzy","Y29tbWVudDoyMDEzNjM0MTE5MDkyMDQyXzQ1NTc2MjYyMDg0NjA0NQ==","Tomat Vitalia F1 sudah ada hasil di dataran Tinggi Kab.Gowa di ketinggian 600-900 Mdpl... 
Tomat hibrida determinate.
Bentuk buah : bulat.
Warna buah muda : hijau.
Warna buah masak : merah.
Berat buah : 60-75 g/buah.
Umur panen : 67-69 hst.
Potensi hasil : 30-32 ton/ha.
Tahan simpan.
Adaptasi utama di dataran rendah.
Tahan virus.
Buah lebat.
Produksi tinggi.","100013364191442","Nrll Bintang Asia","https://scontent.fvns1-5.fna.fbcdn.net/v/t39.30808-1/461087378_2013634612425326_5478208411470068121_n.jpg?stp=cp0_dst-jpg_s32x32&_nc_cat=103&ccb=1-7&_nc_sid=50d2ac&_nc_ohc=3B-xCZfvw2cQ7kNvgFmQYHN&_nc_ht=scontent.fvns1-5.fna&_nc_gid=Ay8aSc-oYq_RY7DoPpcM_nC&oh=00_AYCW5ivTFOXtKP5luTxIIKm1rScxDP78ngpdNHZ89pJbTQ&oe=66FD43A9","https://www.facebook.com/nurul.hardianti.9237","Y29tbWVudDoyMDEzNjM0MTE5MDkyMDQyXzQ1NTc2MjYyMDg0NjA0NQ==","Renzy Bintangasia Mksih kak","1"
,,,,,,,,,,,,,,,,,"https://www.facebook.com/nurul.hardianti.9237/posts/pfbid02dHoUYcJFFrFiexjmTCXSXHziKEk6frX9ke8cmyjboqdaC2yR9GMc12SnVC3btCxnl?comment_id=1189543335489965&reply_comment_id=1046357406683522",,,,,,,,,,,,,,,,,,,,,,,,,,,,,,,,,,,,,,,,,,,,,,,,,,,,,,"2024-09-22T10:11:23.000Z","2013634119092042","https://www.facebook.com/100013364191442/posts/2013634119092042","ZmVlZGJhY2s6MjAxMzYzNDExOTA5MjA0Ml8xMDQ2MzU3NDA2NjgzNTIy","Y29tbWVudDoyMDEzNjM0MTE5MDkyMDQyXzEwNDYzNTc0MDY2ODM1MjI=","https://www.facebook.com/100013364191442/posts/2013634119092042","0","194051327133277","false","User","pfbid02kqdED72j6F9LraxZwnbn4SwV17VuuT3ig21VogaTJkF99yEMHY3AoBCj8XCbGH6el","Jumain Putra Bugis","Jumain","Y29tbWVudDoyMDEzNjM0MTE5MDkyMDQyXzExODk1NDMzMzU0ODk5NjU=","Tomat Vitalia F1 sudah ada hasil di dataran Tinggi Kab.Gowa di ketinggian 600-900 Mdpl... 
Tomat hibrida determinate.
Bentuk buah : bulat.
Warna buah muda : hijau.
Warna buah masak : merah.
Berat buah : 60-75 g/buah.
Umur panen : 67-69 hst.
Potensi hasil : 30-32 ton/ha.
Tahan simpan.
Adaptasi utama di dataran rendah.
Tahan virus.
Buah lebat.
Produksi tinggi.","100013364191442","Nrll Bintang Asia","https://scontent.fpoa47-1.fna.fbcdn.net/v/t39.30808-1/461087378_2013634612425326_5478208411470068121_n.jpg?stp=cp0_dst-jpg_s32x32&_nc_cat=103&ccb=1-7&_nc_sid=50d2ac&_nc_ohc=3B-xCZfvw2cQ7kNvgEuLCav&_nc_ht=scontent.fpoa47-1.fna&_nc_gid=A4ASoGiKpAEj8i2W7Phe6o8&oh=00_AYBiQz5PmZ8zxQJmYQ9YKXfY-W-tHjgazcYScjLMgG1QKw&oe=66FD43A9","https://www.facebook.com/nurul.hardianti.9237","Y29tbWVudDoyMDEzNjM0MTE5MDkyMDQyXzExODk1NDMzMzU0ODk5NjU=","Jumain Putra Bugis Malino kak","1"
,,,,,,,,,,,,,,,,,"https://www.facebook.com/nurul.hardianti.9237/posts/pfbid02dHoUYcJFFrFiexjmTCXSXHziKEk6frX9ke8cmyjboqdaC2yR9GMc12SnVC3btCxnl?comment_id=1189543335489965&reply_comment_id=1052626555958226",,,,,,,,,,,,,,,,,,,,,,,,,,,,,,,,,,,,,,,,,,,,,,,,,,,,,,"2024-09-22T10:11:31.000Z","2013634119092042","https://www.facebook.com/100013364191442/posts/2013634119092042","ZmVlZGJhY2s6MjAxMzYzNDExOTA5MjA0Ml8xMDUyNjI2NTU1OTU4MjI2","Y29tbWVudDoyMDEzNjM0MTE5MDkyMDQyXzEwNTI2MjY1NTU5NTgyMjY=","https://www.facebook.com/100013364191442/posts/2013634119092042","0","194051327133277","false","User","pfbid02kqdED72j6F9LraxZwnbn4SwV17VuuT3ig21VogaTJkF99yEMHY3AoBCj8XCbGH6el","Jumain Putra Bugis","Jumain","Y29tbWVudDoyMDEzNjM0MTE5MDkyMDQyXzExODk1NDMzMzU0ODk5NjU=","Tomat Vitalia F1 sudah ada hasil di dataran Tinggi Kab.Gowa di ketinggian 600-900 Mdpl... 
Tomat hibrida determinate.
Bentuk buah : bulat.
Warna buah muda : hijau.
Warna buah masak : merah.
Berat buah : 60-75 g/buah.
Umur panen : 67-69 hst.
Potensi hasil : 30-32 ton/ha.
Tahan simpan.
Adaptasi utama di dataran rendah.
Tahan virus.
Buah lebat.
Produksi tinggi.","100013364191442","Nrll Bintang Asia","https://scontent.fpoa47-1.fna.fbcdn.net/v/t39.30808-1/461087378_2013634612425326_5478208411470068121_n.jpg?stp=cp0_dst-jpg_s32x32&_nc_cat=103&ccb=1-7&_nc_sid=50d2ac&_nc_ohc=3B-xCZfvw2cQ7kNvgEuLCav&_nc_ht=scontent.fpoa47-1.fna&_nc_gid=A4ASoGiKpAEj8i2W7Phe6o8&oh=00_AYBiQz5PmZ8zxQJmYQ9YKXfY-W-tHjgazcYScjLMgG1QKw&oe=66FD43A9","https://www.facebook.com/nurul.hardianti.9237","Y29tbWVudDoyMDEzNjM0MTE5MDkyMDQyXzExODk1NDMzMzU0ODk5NjU=","Tepatnya di tombolo pao kabupaten Gowa","1"
,,,,,,,,,,,,,,,,,"https://www.facebook.com/nurul.hardianti.9237/posts/pfbid031qGNvBdBY36ZXDTzfxGQcbovGdhgfj4fJH7anW8mCaicXTxuL9F8FunRHXWUAiK6l?comment_id=559096966555072&reply_comment_id=747365957518208",,,,,,,,,,,,,,,,,,,,,,,,,,,,,,,,,,,,,,,,,,,,,,,,,,,,,,"2024-09-25T14:37:13.000Z","2016362042152583","https://www.facebook.com/100013364191442/posts/2016362042152583","ZmVlZGJhY2s6MjAxNjM2MjA0MjE1MjU4M183NDczNjU5NTc1MTgyMDg=","Y29tbWVudDoyMDE2MzYyMDQyMTUyNTgzXzc0NzM2NTk1NzUxODIwOA==","https://www.facebook.com/100013364191442/posts/2016362042152583","0","194051327133277","false","User","100009994003233","Ilham Bintang Asia","Ilham","Y29tbWVudDoyMDE2MzYyMDQyMTUyNTgzXzU1OTA5Njk2NjU1NTA3Mg==","Visit Kebun wisata  Buah Desa Bontomanai Kab.Bulukumba 
#Madrid F1
#Diva F1
#Lazio F1🍉🍉🍉
Produksi PT.Benih Citra Asia","100013364191442","Nrll Bintang Asia","https://scontent.fknu1-6.fna.fbcdn.net/v/t39.30808-1/461087378_2013634612425326_5478208411470068121_n.jpg?stp=cp0_dst-jpg_s32x32&_nc_cat=103&ccb=1-7&_nc_sid=50d2ac&_nc_ohc=3B-xCZfvw2cQ7kNvgGYLxfm&_nc_ht=scontent.fknu1-6.fna&_nc_gid=ATMMNRF8PEf3xdCvKz0E84i&oh=00_AYAmmQz0jzkjSpZK3mcsa-o3qRHr3f5P08KdWY4BsoaIew&oe=66FD43A9","https://www.facebook.com/nurul.hardianti.9237","Y29tbWVudDoyMDE2MzYyMDQyMTUyNTgzXzU1OTA5Njk2NjU1NTA3Mg==","Ilham Bintang Asia Makasihhh😊","1"
