﻿"channelAvatarUrl","channelBannerUrl","channelDescription","channelId","channelJoinedDate","channelLocation","channelName","channelTotalVideos","channelTotalViews","channelUrl","comments","commentsCount","commentsTurnedOff","date","descriptionLinks","duration","fromYTUrl","id","input","inputChannelUrl","isAgeRestricted","isChannelVerified","isMonetized","likes","location","note","numberOfSubscribers","order","subtitles","text","thumbnailUrl","title","type","url","viewCount"
,,,,,,,,,,,,,,,,,,"https://www.youtube.com/@nrllhardianti1111/about",,,,,,,"The channel has no live videos.",,,,,,,,"https://www.youtube.com/@nrllhardianti1111/about",
"https://yt3.googleusercontent.com/dOVVW_3ULLcifZxZvyC25RszUx4gNNedcY66K-4Qk78RLX68o7j9KpRR1mDJjjEl2nf5_4eQiA=s160-c-k-c0x00ffffff-no-rj","https://yt3.googleusercontent.com/iB-9nhCN05P69bZt-O4NhGK9CYcQG08boKAfgB3dhH6dejPN4ecHSFyjTlXgtyoBxm-bPW2kSA=w2560-fcrop64=1,00005a57ffffa5a8-k-c0xffffffff-no-nd-rj",,"UCZpCM2RFMCrzWAtn0PGx1Iw","Jul 15, 2020",,"Nrll Hardianti Bintang Asia","21","5335","https://www.youtube.com/channel/UCZpCM2RFMCrzWAtn0PGx1Iw",,"2",,"2024-09-07T13:01:28.000Z",,,"https://www.youtube.com/@nrllhardianti1111/shorts","OqnoCdDSP5c",,"https://www.youtube.com/@nrllhardianti1111/about","false","false",,"6",,,"56","6",,,"https://i.ytimg.com/vi/OqnoCdDSP5c/oar2.jpg?sqp=-oaymwEdCJUDENAFSFWQAgHyq4qpAwwIARUAAIhCcAHAAQY=&rs=AOn4CLA3eorGErhI32n-2wnaOjyTq8hmCA","Tomat Natavi  F1","shorts","https://www.youtube.com/shorts/OqnoCdDSP5c","93"
"https://yt3.googleusercontent.com/dOVVW_3ULLcifZxZvyC25RszUx4gNNedcY66K-4Qk78RLX68o7j9KpRR1mDJjjEl2nf5_4eQiA=s160-c-k-c0x00ffffff-no-rj","https://yt3.googleusercontent.com/iB-9nhCN05P69bZt-O4NhGK9CYcQG08boKAfgB3dhH6dejPN4ecHSFyjTlXgtyoBxm-bPW2kSA=w2560-fcrop64=1,00005a57ffffa5a8-k-c0xffffffff-no-nd-rj",,"UCZpCM2RFMCrzWAtn0PGx1Iw","Jul 15, 2020",,"Nrll Hardianti Bintang Asia","21","5335","https://www.youtube.com/channel/UCZpCM2RFMCrzWAtn0PGx1Iw",,"0",,"2024-03-13T07:34:21.000Z",,,"https://www.youtube.com/@nrllhardianti1111/shorts","xTcubZ_Ml6w",,"https://www.youtube.com/@nrllhardianti1111/about","false","false",,"1",,,"56","13",,,"https://i.ytimg.com/vi/xTcubZ_Ml6w/oar2.jpg?sqp=-oaymwEdCJUDENAFSFWQAgHyq4qpAwwIARUAAIhCcAHAAQY=&rs=AOn4CLDBcB1c0r53WgYXudpUKRUr2Vlaqg","Bers","shorts","https://www.youtube.com/shorts/xTcubZ_Ml6w","48"
"https://yt3.googleusercontent.com/dOVVW_3ULLcifZxZvyC25RszUx4gNNedcY66K-4Qk78RLX68o7j9KpRR1mDJjjEl2nf5_4eQiA=s160-c-k-c0x00ffffff-no-rj","https://yt3.googleusercontent.com/iB-9nhCN05P69bZt-O4NhGK9CYcQG08boKAfgB3dhH6dejPN4ecHSFyjTlXgtyoBxm-bPW2kSA=w2560-fcrop64=1,00005a57ffffa5a8-k-c0xffffffff-no-nd-rj",,"UCZpCM2RFMCrzWAtn0PGx1Iw","Jul 15, 2020",,"Nrll Hardianti Bintang Asia","21","5335","https://www.youtube.com/channel/UCZpCM2RFMCrzWAtn0PGx1Iw",,"0",,"2024-03-13T07:52:27.000Z",,,"https://www.youtube.com/@nrllhardianti1111/shorts","ToC7j6qRY9I",,"https://www.youtube.com/@nrllhardianti1111/about","false","false",,"8",,,"56","12",,,"https://i.ytimg.com/vi/ToC7j6qRY9I/oar2.jpg?sqp=-oaymwEdCJUDENAFSFWQAgHyq4qpAwwIARUAAIhCcAHAAQY=&rs=AOn4CLB8GYfkoBDDFw9FuO9peoxFY7_knw","Tomat Hibrida Natavi F Produksi dari PT.Benih Citra Asia....","shorts","https://www.youtube.com/shorts/ToC7j6qRY9I","551"
"https://yt3.googleusercontent.com/dOVVW_3ULLcifZxZvyC25RszUx4gNNedcY66K-4Qk78RLX68o7j9KpRR1mDJjjEl2nf5_4eQiA=s160-c-k-c0x00ffffff-no-rj","https://yt3.googleusercontent.com/iB-9nhCN05P69bZt-O4NhGK9CYcQG08boKAfgB3dhH6dejPN4ecHSFyjTlXgtyoBxm-bPW2kSA=w2560-fcrop64=1,00005a57ffffa5a8-k-c0xffffffff-no-nd-rj",,"UCZpCM2RFMCrzWAtn0PGx1Iw","Jul 15, 2020",,"Nrll Hardianti Bintang Asia","21","5335","https://www.youtube.com/channel/UCZpCM2RFMCrzWAtn0PGx1Iw",,"0",,"2024-09-06T00:00:00.000Z",,,"https://www.youtube.com/@nrllhardianti1111/shorts","OJM2vl6n1mY",,"https://www.youtube.com/@nrllhardianti1111/about","false","false",,"4",,,"56","7",,,"https://i.ytimg.com/vi/OJM2vl6n1mY/oar2.jpg?sqp=-oaymwEdCJUDENAFSFWQAgHyq4qpAwwIARUAAIhCcAHAAQY=&rs=AOn4CLDke2T7g0qJvYkJZsBvF9dwjN9a8A","Yuk Kenalam dengan Tomat Varietas Topan F1 Tipe Determinate🍅 Produksi PT Benih Citra Asia💚","shorts","https://www.youtube.com/shorts/OJM2vl6n1mY","477"
"https://yt3.googleusercontent.com/dOVVW_3ULLcifZxZvyC25RszUx4gNNedcY66K-4Qk78RLX68o7j9KpRR1mDJjjEl2nf5_4eQiA=s160-c-k-c0x00ffffff-no-rj","https://yt3.googleusercontent.com/iB-9nhCN05P69bZt-O4NhGK9CYcQG08boKAfgB3dhH6dejPN4ecHSFyjTlXgtyoBxm-bPW2kSA=w2560-fcrop64=1,00005a57ffffa5a8-k-c0xffffffff-no-nd-rj",,"UCZpCM2RFMCrzWAtn0PGx1Iw","Jul 15, 2020",,"Nrll Hardianti Bintang Asia","21","5335","https://www.youtube.com/channel/UCZpCM2RFMCrzWAtn0PGx1Iw",,"0",,"2024-09-02T00:00:00.000Z",,,"https://www.youtube.com/@nrllhardianti1111/shorts","r6aJ8KLspKc",,"https://www.youtube.com/@nrllhardianti1111/about","false","false",,"3",,,"56","11",,,"https://i.ytimg.com/vi/r6aJ8KLspKc/oar2.jpg?sqp=-oaymwEdCJUDENAFSFWQAgHyq4qpAwwIARUAAIhCcAHAAQY=&rs=AOn4CLB3oYuQ0p_a84m4l7Epd5DiQi7MQQ","Petani Kecamatan Tombolo Pao #Natama Super F1","shorts","https://www.youtube.com/shorts/r6aJ8KLspKc","511"
"https://yt3.googleusercontent.com/dOVVW_3ULLcifZxZvyC25RszUx4gNNedcY66K-4Qk78RLX68o7j9KpRR1mDJjjEl2nf5_4eQiA=s160-c-k-c0x00ffffff-no-rj","https://yt3.googleusercontent.com/iB-9nhCN05P69bZt-O4NhGK9CYcQG08boKAfgB3dhH6dejPN4ecHSFyjTlXgtyoBxm-bPW2kSA=w2560-fcrop64=1,00005a57ffffa5a8-k-c0xffffffff-no-nd-rj",,"UCZpCM2RFMCrzWAtn0PGx1Iw","Jul 15, 2020",,"Nrll Hardianti Bintang Asia","21","5335","https://www.youtube.com/channel/UCZpCM2RFMCrzWAtn0PGx1Iw",,"2",,"2024-09-05T02:17:02.000Z",,,"https://www.youtube.com/@nrllhardianti1111/shorts","BGsNR1GBEyY",,"https://www.youtube.com/@nrllhardianti1111/about","false","false",,"12",,,"56","9",,,"https://i.ytimg.com/vi/BGsNR1GBEyY/oar2.jpg?sqp=-oaymwEdCJUDENAFSFWQAgHyq4qpAwwIARUAAIhCcAHAAQY=&rs=AOn4CLAu4h_q9vBrYIFSe6UUIH3XSHHsiw","Kubis Varietas  Compact 11 Produksi PT.Benih Citra Asia😊✅","shorts","https://www.youtube.com/shorts/BGsNR1GBEyY","606"
"https://yt3.googleusercontent.com/dOVVW_3ULLcifZxZvyC25RszUx4gNNedcY66K-4Qk78RLX68o7j9KpRR1mDJjjEl2nf5_4eQiA=s160-c-k-c0x00ffffff-no-rj","https://yt3.googleusercontent.com/iB-9nhCN05P69bZt-O4NhGK9CYcQG08boKAfgB3dhH6dejPN4ecHSFyjTlXgtyoBxm-bPW2kSA=w2560-fcrop64=1,00005a57ffffa5a8-k-c0xffffffff-no-nd-rj",,"UCZpCM2RFMCrzWAtn0PGx1Iw","Jul 15, 2020",,"Nrll Hardianti Bintang Asia","21","5335","https://www.youtube.com/channel/UCZpCM2RFMCrzWAtn0PGx1Iw",,"0",,"2021-08-03T19:18:38.000Z",,,"https://www.youtube.com/@nrllhardianti1111/shorts","dCHZkfSgEsc",,"https://www.youtube.com/@nrllhardianti1111/about","false","false",,"0",,,"56","14",,,"https://i.ytimg.com/vi/dCHZkfSgEsc/hq720_2.jpg?sqp=-oaymwEdCJUDENAFSFXyq4qpAw8IARUAAIhCcAHAAQbQAQE=&rs=AOn4CLBWqxdr1gRl7ODoPV7mx2KuC4TfUA","4 Agustus 2021","shorts","https://www.youtube.com/shorts/dCHZkfSgEsc","11"
"https://yt3.googleusercontent.com/dOVVW_3ULLcifZxZvyC25RszUx4gNNedcY66K-4Qk78RLX68o7j9KpRR1mDJjjEl2nf5_4eQiA=s160-c-k-c0x00ffffff-no-rj","https://yt3.googleusercontent.com/iB-9nhCN05P69bZt-O4NhGK9CYcQG08boKAfgB3dhH6dejPN4ecHSFyjTlXgtyoBxm-bPW2kSA=w2560-fcrop64=1,00005a57ffffa5a8-k-c0xffffffff-no-nd-rj",,"UCZpCM2RFMCrzWAtn0PGx1Iw","Jul 15, 2020",,"Nrll Hardianti Bintang Asia","21","5335","https://www.youtube.com/channel/UCZpCM2RFMCrzWAtn0PGx1Iw",,"2",,"2024-09-05T06:14:23.000Z",,,"https://www.youtube.com/@nrllhardianti1111/shorts","XZIkJaMv1jc",,"https://www.youtube.com/@nrllhardianti1111/about","false","false",,"5",,,"56","8",,,"https://i.ytimg.com/vi/XZIkJaMv1jc/oar2.jpg?sqp=-oaymwEdCJUDENAFSFWQAgHyq4qpAwwIARUAAIhCcAHAAQY=&rs=AOn4CLC1Cqj9kd1IrxMrk6TJ5WzTvatpZA","Bintang Asia selalu hadir untuk menebar senyum bersama petani👏","shorts","https://www.youtube.com/shorts/XZIkJaMv1jc","543"
"https://yt3.googleusercontent.com/dOVVW_3ULLcifZxZvyC25RszUx4gNNedcY66K-4Qk78RLX68o7j9KpRR1mDJjjEl2nf5_4eQiA=s160-c-k-c0x00ffffff-no-rj","https://yt3.googleusercontent.com/iB-9nhCN05P69bZt-O4NhGK9CYcQG08boKAfgB3dhH6dejPN4ecHSFyjTlXgtyoBxm-bPW2kSA=w2560-fcrop64=1,00005a57ffffa5a8-k-c0xffffffff-no-nd-rj",,"UCZpCM2RFMCrzWAtn0PGx1Iw","Jul 15, 2020",,"Nrll Hardianti Bintang Asia","21","5335","https://www.youtube.com/channel/UCZpCM2RFMCrzWAtn0PGx1Iw",,"2",,"2024-09-03T10:51:34.000Z",,,"https://www.youtube.com/@nrllhardianti1111/shorts","-SGioMoIsZo",,"https://www.youtube.com/@nrllhardianti1111/about","false","false",,"5",,,"56","10",,,"https://i.ytimg.com/vi/-SGioMoIsZo/oardefault.jpg?sqp=-oaymwEdCJUDENAFSFWQAgHyq4qpAwwIARUAAIhCcAHAAQY=&rs=AOn4CLAsIgeNStqq30wfPp9UkKMpQoW2Lg","Tomat Vitalia F1 , Buncis Tewe di Kecamatan Tombolo Pao... Produksi PT.Benih Citra Asia","shorts","https://www.youtube.com/shorts/-SGioMoIsZo","254"
"https://yt3.googleusercontent.com/dOVVW_3ULLcifZxZvyC25RszUx4gNNedcY66K-4Qk78RLX68o7j9KpRR1mDJjjEl2nf5_4eQiA=s160-c-k-c0x00ffffff-no-rj","https://yt3.googleusercontent.com/iB-9nhCN05P69bZt-O4NhGK9CYcQG08boKAfgB3dhH6dejPN4ecHSFyjTlXgtyoBxm-bPW2kSA=w2560-fcrop64=1,00005a57ffffa5a8-k-c0xffffffff-no-nd-rj",,"UCZpCM2RFMCrzWAtn0PGx1Iw","Jul 15, 2020",,"Nrll Hardianti Bintang Asia","21","5335","https://www.youtube.com/channel/UCZpCM2RFMCrzWAtn0PGx1Iw",,"3",,"2024-09-08T00:20:01.000Z",,,"https://www.youtube.com/@nrllhardianti1111/shorts","g4NdOaGFx1w",,"https://www.youtube.com/@nrllhardianti1111/about","false","false",,"14",,,"56","5",,,"https://i.ytimg.com/vi/g4NdOaGFx1w/oar2.jpg?sqp=-oaymwEdCJUDENAFSFWQAgHyq4qpAwwIARUAAIhCcAHAAQY=&rs=AOn4CLAVHPzFbbbSGW6aRXota9SKY2YdAA","Peforma Tomat Natama Super F1 Produksi PT.Benih Citra Asia Di  Dataran Tinggi Kab. Gowa","shorts","https://www.youtube.com/shorts/g4NdOaGFx1w","481"
"https://yt3.googleusercontent.com/dOVVW_3ULLcifZxZvyC25RszUx4gNNedcY66K-4Qk78RLX68o7j9KpRR1mDJjjEl2nf5_4eQiA=s160-c-k-c0x00ffffff-no-rj","https://yt3.googleusercontent.com/iB-9nhCN05P69bZt-O4NhGK9CYcQG08boKAfgB3dhH6dejPN4ecHSFyjTlXgtyoBxm-bPW2kSA=w2560-fcrop64=1,00005a57ffffa5a8-k-c0xffffffff-no-nd-rj",,"UCZpCM2RFMCrzWAtn0PGx1Iw","Jul 15, 2020",,"Nrll Hardianti Bintang Asia","21","5335","https://www.youtube.com/channel/UCZpCM2RFMCrzWAtn0PGx1Iw",,"6",,"2024-09-09T00:00:00.000Z",,,"https://www.youtube.com/@nrllhardianti1111/shorts","yELxc30ZpOs",,"https://www.youtube.com/@nrllhardianti1111/about","false","false",,"11",,,"56","4",,,"https://i.ytimg.com/vi/yELxc30ZpOs/oar2.jpg?sqp=-oaymwEdCJUDENAFSFWQAgHyq4qpAwwIARUAAIhCcAHAAQY=&rs=AOn4CLD6WNMuwVIyOUmhJHTPwChYZ5wvLw","Bersama Petanni dari Desa bolaromang panen Buncis Tewe Produksi PT.Benih Citra Asia","shorts","https://www.youtube.com/shorts/yELxc30ZpOs","345"
"https://yt3.googleusercontent.com/dOVVW_3ULLcifZxZvyC25RszUx4gNNedcY66K-4Qk78RLX68o7j9KpRR1mDJjjEl2nf5_4eQiA=s160-c-k-c0x00ffffff-no-rj","https://yt3.googleusercontent.com/iB-9nhCN05P69bZt-O4NhGK9CYcQG08boKAfgB3dhH6dejPN4ecHSFyjTlXgtyoBxm-bPW2kSA=w2560-fcrop64=1,00005a57ffffa5a8-k-c0xffffffff-no-nd-rj",,"UCZpCM2RFMCrzWAtn0PGx1Iw","Jul 15, 2020",,"Nrll Hardianti Bintang Asia","21","5335","https://www.youtube.com/channel/UCZpCM2RFMCrzWAtn0PGx1Iw",,"1",,"2024-09-11T11:26:05.000Z",,,"https://www.youtube.com/@nrllhardianti1111/shorts","ya7G7BzAUxk",,"https://www.youtube.com/@nrllhardianti1111/about","false","false",,"8",,,"56","2",,,"https://i.ytimg.com/vi/ya7G7BzAUxk/oar2.jpg?sqp=-oaymwEdCJUDENAFSFWQAgHyq4qpAwwIARUAAIhCcAHAAQY=&rs=AOn4CLC7M4zAbUheWwH2hKK1stlCvHzI5A","Mengenal Tomat Varietas Citra Asia F1 Produksi PT Benih Citra Asia..  #pertanian #buah","shorts","https://www.youtube.com/shorts/ya7G7BzAUxk","435"
"https://yt3.googleusercontent.com/dOVVW_3ULLcifZxZvyC25RszUx4gNNedcY66K-4Qk78RLX68o7j9KpRR1mDJjjEl2nf5_4eQiA=s160-c-k-c0x00ffffff-no-rj","https://yt3.googleusercontent.com/iB-9nhCN05P69bZt-O4NhGK9CYcQG08boKAfgB3dhH6dejPN4ecHSFyjTlXgtyoBxm-bPW2kSA=w2560-fcrop64=1,00005a57ffffa5a8-k-c0xffffffff-no-nd-rj",,"UCZpCM2RFMCrzWAtn0PGx1Iw","Jul 15, 2020",,"Nrll Hardianti Bintang Asia","21","5335","https://www.youtube.com/channel/UCZpCM2RFMCrzWAtn0PGx1Iw",,"8",,"2024-09-10T01:24:50.000Z",,,"https://www.youtube.com/@nrllhardianti1111/shorts","V6kP6P3NGdQ",,"https://www.youtube.com/@nrllhardianti1111/about","false","false",,"4",,,"56","3",,,"https://i.ytimg.com/vi/V6kP6P3NGdQ/oar2.jpg?sqp=-oaymwEdCJUDENAFSFWQAgHyq4qpAwwIARUAAIhCcAHAAQY=&rs=AOn4CLDKIqESD_PjzEp6uXYurMqwSYULrQ","CMB Megatop  Produksi PT.Benih Citra Asia","shorts","https://www.youtube.com/shorts/V6kP6P3NGdQ","65"
"https://yt3.googleusercontent.com/dOVVW_3ULLcifZxZvyC25RszUx4gNNedcY66K-4Qk78RLX68o7j9KpRR1mDJjjEl2nf5_4eQiA=s160-c-k-c0x00ffffff-no-rj","https://yt3.googleusercontent.com/iB-9nhCN05P69bZt-O4NhGK9CYcQG08boKAfgB3dhH6dejPN4ecHSFyjTlXgtyoBxm-bPW2kSA=w2560-fcrop64=1,00005a57ffffa5a8-k-c0xffffffff-no-nd-rj",,"UCZpCM2RFMCrzWAtn0PGx1Iw","Jul 15, 2020",,"Nrll Hardianti Bintang Asia","21","5335","https://www.youtube.com/channel/UCZpCM2RFMCrzWAtn0PGx1Iw",,"4",,"2024-09-11T12:52:37.000Z",,,"https://www.youtube.com/@nrllhardianti1111/shorts","5SHVVVvEzfk",,"https://www.youtube.com/@nrllhardianti1111/about","false","false",,"5",,,"56","1",,,"https://i.ytimg.com/vi/5SHVVVvEzfk/oar2.jpg?sqp=-oaymwEdCJUDENAFSFWQAgHyq4qpAwwIARUAAIhCcAHAAQY=&rs=AOn4CLCRcsC2SMn8ylnGeW3zlmILBVo8gA","Tomat Varietas Natavi F1 produksi PT. Benih Citra Asia menjadi rekomendasi petani dataran tinggi","shorts","https://www.youtube.com/shorts/5SHVVVvEzfk","461"
"https://yt3.googleusercontent.com/dOVVW_3ULLcifZxZvyC25RszUx4gNNedcY66K-4Qk78RLX68o7j9KpRR1mDJjjEl2nf5_4eQiA=s160-c-k-c0x00ffffff-no-rj","https://yt3.googleusercontent.com/iB-9nhCN05P69bZt-O4NhGK9CYcQG08boKAfgB3dhH6dejPN4ecHSFyjTlXgtyoBxm-bPW2kSA=w2560-fcrop64=1,00005a57ffffa5a8-k-c0xffffffff-no-nd-rj",,"UCZpCM2RFMCrzWAtn0PGx1Iw","Jul 15, 2020",,"Nrll Hardianti Bintang Asia","21","5335","https://www.youtube.com/channel/UCZpCM2RFMCrzWAtn0PGx1Iw",,"0",,"2024-09-18T13:04:12.000Z",,,"https://www.youtube.com/@nrllhardianti1111/shorts","_d4pZ0CXsLA",,"https://www.youtube.com/@nrllhardianti1111/about","false","false",,"3",,,"56","0",,,"https://i.ytimg.com/vi/_d4pZ0CXsLA/oar2.jpg?sqp=-oaymwEdCJUDENAFSFWQAgHyq4qpAwwIARUAAIhCcAHAAQY=&rs=AOn4CLBdTKklSS6UaAdSiP_QWGQ_E9VD8Q","Semangka Diva F1 Produksi PT.Benih Citra Asia","shorts","https://www.youtube.com/shorts/_d4pZ0CXsLA","47"
,,,"UCZpCM2RFMCrzWAtn0PGx1Iw",,,"Nrll Hardianti Bintang Asia",,,"https://www.youtube.com/@nrllhardianti1111",,"0","false","2024-09-20T07:56:51.000Z",,"00:01:18",,"Lk2VzMzcRvo",,,,,,"3",,,"56",,,"","https://i.ytimg.com/vi/Lk2VzMzcRvo/maxresdefault.jpg?sqp=-oaymwEmCIAKENAF8quKqQMa8AEB-AG2CIACgA-KAgwIABABGFIgZSg9MA8=&rs=AOn4CLBEd65y2-X3YD-Mw2Ah6_FBAi-NGA","Madrid F1 Semangka Non Biji Produksi PT.Benih Citra Asia","video","https://www.youtube.com/watch?v=Lk2VzMzcRvo","159"
