﻿"attachments/0/__typename","attachments/0/animated_image","attachments/0/animated_image/height","attachments/0/animated_image/uri","attachments/0/animated_image/width","attachments/0/animated_image_attribution","attachments/0/animated_image_caption","attachments/0/frame_count","attachments/0/frame_rate","attachments/0/frames_per_column","attachments/0/frames_per_row","attachments/0/id","attachments/0/image/height","attachments/0/image/uri","attachments/0/image/width","attachments/0/label","attachments/0/pack/id","attachments/0/pack/name","attachments/0/sprite_image","attachments/0/sprite_image/uri","attachments/0/sticker_image/__typename","attachments/0/sticker_image/uri","commentUrl","comments/0/commentUrl","comments/0/commentsCount","comments/0/date","comments/0/feedbackId","comments/0/id","comments/0/likesCount","comments/0/parentComment/author/__typename","comments/0/parentComment/author/id","comments/0/parentComment/author/name","comments/0/parentComment/author/short_name","comments/0/parentComment/id","comments/0/profileId","comments/0/profileName","comments/0/profilePicture","comments/0/profileUrl","comments/0/replyToCommentId","comments/0/text","comments/0/threadingDepth","comments/1/commentUrl","comments/1/date","comments/1/feedbackId","comments/1/id","comments/1/likesCount","comments/1/parentComment/author/__typename","comments/1/parentComment/author/id","comments/1/parentComment/author/name","comments/1/parentComment/author/short_name","comments/1/parentComment/id","comments/1/profileId","comments/1/profileName","comments/1/profilePicture","comments/1/profileUrl","comments/1/replyToCommentId","comments/1/text","comments/1/threadingDepth","comments/2/commentUrl","comments/2/date","comments/2/feedbackId","comments/2/id","comments/2/likesCount","comments/2/parentComment/author/__typename","comments/2/parentComment/author/id","comments/2/parentComment/author/name","comments/2/parentComment/author/short_name","comments/2/parentComment/id","comments/2/profileId","comments/2/profileName","comments/2/profilePicture","comments/2/profileUrl","comments/2/replyToCommentId","comments/2/text","comments/2/threadingDepth","comments/3/commentUrl","comments/3/date","comments/3/feedbackId","comments/3/id","comments/3/likesCount","comments/3/parentComment/author/__typename","comments/3/parentComment/author/id","comments/3/parentComment/author/name","comments/3/parentComment/author/short_name","comments/3/parentComment/id","comments/3/profileId","comments/3/profileName","comments/3/profilePicture","comments/3/profileUrl","comments/3/replyToCommentId","comments/3/text","comments/3/threadingDepth","commentsCount","date","facebookId","facebookUrl","feedbackId","id","inputUrl","likesCount","pageAdLibrary/id","pageAdLibrary/woodhenge_creator_info","postTitle","profileId","profileName","profilePicture","profileUrl","text","threadingDepth"
"Sticker",,,"https://scontent.flhr14-1.fna.fbcdn.net/v/t39.1997-6/105343556_953860578409633_6468337803980710969_n.webp?stp=dst-webp_s110x80&_nc_cat=1&ccb=1-7&_nc_sid=ba09c1&_nc_ohc=dmM3Kpj0mv0Q7kNvgG84BxF&_nc_ht=scontent.flhr14-1.fna&_nc_gid=Ab2vgmdBJ1pYKjQNwAgZN6C&oh=00_AYANpl2qsV7bw-DqxFgCSala6RYEQnpe8obr2kl5kN74nQ&oe=670C0FFA",,,,"15","83","4","4","529234054205623","80","https://scontent.flhr14-1.fna.fbcdn.net/v/t39.1997-6/83640226_953860661742958_8297483048391664602_n.png?stp=cp0_dst-png_s110x80&_nc_cat=1&ccb=1-7&_nc_sid=23dd7b&_nc_ohc=exkG1XW7s4AQ7kNvgFzrbwR&_nc_ht=scontent.flhr14-1.fna&_nc_gid=Ab2vgmdBJ1pYKjQNwAgZN6C&oh=00_AYCkjXLEqqd-lOvNAd1bjjMlzALszde3NxzC_z0_u0azEg&oe=670BEFB7","80","An animated yellow left hand with thumb up.","516558918806470","Moodies",,"https://scontent.flhr14-1.fna.fbcdn.net/v/t39.1997-6/105941685_953860581742966_1572841152382279834_n.png?stp=dst-png_p320x320&_nc_cat=1&ccb=1-7&_nc_sid=ba09c1&_nc_ohc=tm1iIMm3Pw4Q7kNvgFAECVf&_nc_ht=scontent.flhr14-1.fna&_nc_gid=Ab2vgmdBJ1pYKjQNwAgZN6C&oh=00_AYAUhxNis_LUtir3mEecR1-mvnXK3WCJYG7rsC2Oqa_NcQ&oe=670BE282",,,"https://www.facebook.com/reel/505968812244054/?comment_id=469992302702768",,,,,,,,,,,,,,,,,,,,,,,,,,,,,,,,,,,,,,,,,,,,,,,,,,,,,,,,,,,,,,,,,,,,,,,"2024-09-15T14:16:40.000Z","8067718596627055","https://www.facebook.com/100001669831379/posts/8067718596627055","ZmVlZGJhY2s6ODA2NzcxODU5NjYyNzA1NV80Njk5OTIzMDI3MDI3Njg=","Y29tbWVudDo4MDY3NzE4NTk2NjI3MDU1XzQ2OTk5MjMwMjcwMjc2OA==","https://www.facebook.com/100001669831379/posts/8067718596627055","1","393343863873232",,"Mau tanam sawi putih??? 
Benihnya ya CACHA F1 !!! 
 Benih Citra Asia 
 @sorotan. Jaelani Bintang Asia · Original audio","pfbid0sJ1FTvcamZgJjBeaczufMar8Uw3jjApTVsx8PGkzigPLjarj8Y1KCrsHjL2r4ECfl","Siti R","https://scontent.flhr14-1.fna.fbcdn.net/v/t39.30808-1/459112377_1896762690829198_5963970446244725378_n.jpg?stp=c0.0.720.720a_cp0_dst-jpg_s32x32&_nc_cat=102&ccb=1-7&_nc_sid=0ecb9b&_nc_ohc=IHag5neWN4sQ7kNvgGu_Fp3&_nc_ht=scontent.flhr14-1.fna&_nc_gid=Ab2vgmdBJ1pYKjQNwAgZN6C&oh=00_AYBNDTIpA982j6Sj5qZJXMjWi2gDROQ_FlaHognMqfgd1g&oe=670C1619","https://www.facebook.com/siti.r.77715","Semangat zen","0"
,,,,,,,,,,,,,,,,,,,,,,"https://www.facebook.com/reel/505968812244054/?comment_id=2104169239978233",,,,,,,,,,,,,,,,,,,,,,,,,,,,,,,,,,,,,,,,,,,,,,,,,,,,,,,,,,,,,,,,,,,,,,,"2024-09-13T12:52:32.000Z","8067718596627055","https://www.facebook.com/100001669831379/posts/8067718596627055","ZmVlZGJhY2s6ODA2NzcxODU5NjYyNzA1NV8yMTA0MTY5MjM5OTc4MjMz","Y29tbWVudDo4MDY3NzE4NTk2NjI3MDU1XzIxMDQxNjkyMzk5NzgyMzM=","https://www.facebook.com/100001669831379/posts/8067718596627055","1","393343863873232",,"Mau tanam sawi putih??? 
Benihnya ya CACHA F1 !!! 
 Benih Citra Asia 
 @sorotan. Jaelani Bintang Asia · Original audio","pfbid0S6mryTuB2Gj8iaczrn8NypLUGziaC5p4yF3S3Zbp2wJqthd6cyYrcgoxcgCB6xFyl","Opeq Bintang Asia","https://scontent.flhr14-1.fna.fbcdn.net/v/t39.30808-1/440808755_122106493232287865_6230265854575499414_n.jpg?stp=cp0_dst-jpg_s32x32&_nc_cat=108&ccb=1-7&_nc_sid=0ecb9b&_nc_ohc=dY9sRwuLL3UQ7kNvgEENldu&_nc_ht=scontent.flhr14-1.fna&_nc_gid=Ab2vgmdBJ1pYKjQNwAgZN6C&oh=00_AYDS_USV88f8pzgnfexVIPGAXmmptvXHDeSYLrELzlALUg&oe=670BFD2E","https://www.facebook.com/people/Opeq-Bintang-Asia/pfbid0S6mryTuB2Gj8iaczrn8NypLUGziaC5p4yF3S3Zbp2wJqthd6cyYrcgoxcgCB6xFyl/","MantaB, tanaman bagus dan seragam","0"
,,,,,,,,,,,,,,,,,,,,,,"https://www.facebook.com/reel/505968812244054/?comment_id=1204717937446754",,,,,,,,,,,,,,,,,,,,,,,,,,,,,,,,,,,,,,,,,,,,,,,,,,,,,,,,,,,,,,,,,,,,,,,"2024-09-13T09:29:29.000Z","8067718596627055","https://www.facebook.com/100001669831379/posts/8067718596627055","ZmVlZGJhY2s6ODA2NzcxODU5NjYyNzA1NV8xMjA0NzE3OTM3NDQ2NzU0","Y29tbWVudDo4MDY3NzE4NTk2NjI3MDU1XzEyMDQ3MTc5Mzc0NDY3NTQ=","https://www.facebook.com/100001669831379/posts/8067718596627055","1","393343863873232",,"Mau tanam sawi putih??? 
Benihnya ya CACHA F1 !!! 
 Benih Citra Asia 
 @sorotan. Jaelani Bintang Asia · Original audio","pfbid06TVc7zsARtdssfSDhNubhfktooazkVFLunHHAd9BPGxXe1A49S8pYHB8gK3FCnXdl","Cepi Hendi","https://scontent.flhr14-1.fna.fbcdn.net/v/t39.30808-1/458164549_1525138178096755_1137458979102267514_n.jpg?stp=cp0_dst-jpg_s32x32&_nc_cat=105&ccb=1-7&_nc_sid=0ecb9b&_nc_ohc=h5HiUvuOy9IQ7kNvgGwtng5&_nc_ht=scontent.flhr14-1.fna&_nc_gid=Ab2vgmdBJ1pYKjQNwAgZN6C&oh=00_AYAJYU_Hww6Huh3xcynlHhdQQz9BC4CP3-0nzTxSrrsZpA&oe=670C03D4","https://www.facebook.com/cepi.hendi.92","Mantapp","0"
,,,,,,,,,,,,,,,,,,,,,,"https://www.facebook.com/reel/505968812244054/?comment_id=894890779175726",,,,,,,,,,,,,,,,,,,,,,,,,,,,,,,,,,,,,,,,,,,,,,,,,,,,,,,,,,,,,,,,,,,,,,"1","2024-09-13T09:04:03.000Z","8067718596627055","https://www.facebook.com/100001669831379/posts/8067718596627055","ZmVlZGJhY2s6ODA2NzcxODU5NjYyNzA1NV84OTQ4OTA3NzkxNzU3MjY=","Y29tbWVudDo4MDY3NzE4NTk2NjI3MDU1Xzg5NDg5MDc3OTE3NTcyNg==","https://www.facebook.com/100001669831379/posts/8067718596627055","1","393343863873232",,"Mau tanam sawi putih??? 
Benihnya ya CACHA F1 !!! 
 Benih Citra Asia 
 @sorotan. Jaelani Bintang Asia · Original audio","100007578522755","Renzy Bintangasia","https://scontent.flhr14-1.fna.fbcdn.net/v/t39.30808-1/426012403_3605728109689771_2277782955804277447_n.jpg?stp=cp0_dst-jpg_s32x32&_nc_cat=104&ccb=1-7&_nc_sid=50d2ac&_nc_ohc=esyLYxeEH48Q7kNvgH_1f0a&_nc_ht=scontent.flhr14-1.fna&_nc_gid=Ab2vgmdBJ1pYKjQNwAgZN6C&oh=00_AYBsHNkhwLhFr81Gn-8XZ25BV4LpC_ETW_e81cWzvmA9gQ&oe=670BF044","https://www.facebook.com/renzi.prayuda","Mantap bang jay","0"
,,,,,,,,,,,,,,,,,,,,,,"https://www.facebook.com/reel/505968812244054/?comment_id=1300676737567900",,,,,,,,,,,,,,,,,,,,,,,,,,,,,,,,,,,,,,,,,,,,,,,,,,,,,,,,,,,,,,,,,,,,,,"1","2024-09-21T14:28:10.000Z","8067718596627055","https://www.facebook.com/100001669831379/posts/8067718596627055","ZmVlZGJhY2s6ODA2NzcxODU5NjYyNzA1NV8xMzAwNjc2NzM3NTY3OTAw","Y29tbWVudDo4MDY3NzE4NTk2NjI3MDU1XzEzMDA2NzY3Mzc1Njc5MDA=","https://www.facebook.com/100001669831379/posts/8067718596627055","0","393343863873232",,"Mau tanam sawi putih??? 
Benihnya ya CACHA F1 !!! 
 Benih Citra Asia 
 @sorotan. Jaelani Bintang Asia · Original audio","pfbid03rtmEX5xD8unXUz5dmTQoTq4ey9MPH9spnCq8a1Ge4qJLFE94LtML6bon3X7iphvl","Kiki Kusnadi","https://scontent.flhr14-1.fna.fbcdn.net/v/t39.30808-1/438127731_466609482531903_8446668070447537982_n.jpg?stp=cp0_dst-jpg_s32x32&_nc_cat=106&ccb=1-7&_nc_sid=0ecb9b&_nc_ohc=S5uO5eip62MQ7kNvgFJw8Ii&_nc_ht=scontent.flhr14-1.fna&_nc_gid=Ab2vgmdBJ1pYKjQNwAgZN6C&oh=00_AYBZq_TdRetXT4fEkA_rqyvHSNGIqZRs6OlC9uonJFgKoA&oe=670BFA30","https://www.facebook.com/people/Kiki-Kusnadi/pfbid03rtmEX5xD8unXUz5dmTQoTq4ey9MPH9spnCq8a1Ge4qJLFE94LtML6bon3X7iphvl/","🔥🔥🔥","0"
,,,,,,,,,,,,,,,,,,,,,,"https://www.facebook.com/reel/505968812244054/?comment_id=3904734229756732",,,,,,,,,,,,,,,,,,,,,,,,,,,,,,,,,,,,,,,,,,,,,,,,,,,,,,,,,,,,,,,,,,,,,,,"2024-09-30T14:57:34.000Z","8067718596627055","https://www.facebook.com/100001669831379/posts/8067718596627055","ZmVlZGJhY2s6ODA2NzcxODU5NjYyNzA1NV8zOTA0NzM0MjI5NzU2NzMy","Y29tbWVudDo4MDY3NzE4NTk2NjI3MDU1XzM5MDQ3MzQyMjk3NTY3MzI=","https://www.facebook.com/100001669831379/posts/8067718596627055","0","393343863873232",,"Mau tanam sawi putih??? 
Benihnya ya CACHA F1 !!! 
 Benih Citra Asia 
 @sorotan. Jaelani Bintang Asia · Original audio","100024027173912","Devi Kurnia","https://scontent.flhr14-1.fna.fbcdn.net/v/t39.30808-1/337858841_176281628603160_7913027087962794_n.jpg?stp=cp0_dst-jpg_p32x32&_nc_cat=108&ccb=1-7&_nc_sid=50d2ac&_nc_ohc=DlZklK341dsQ7kNvgGqMt21&_nc_ht=scontent.flhr14-1.fna&_nc_gid=Ab2vgmdBJ1pYKjQNwAgZN6C&oh=00_AYB-YF-yaY9B-Jflpgy0o4N9upbBcky1GDD_2QnCo90HbQ&oe=670BE1B8","https://www.facebook.com/devi.jeprutmelendoi","mening login","0"
,,,,,,,,,,,,,,,,,,,,,,"https://www.facebook.com/reel/505968812244054/?comment_id=979127970633061",,,,,,,,,,,,,,,,,,,,,,,,,,,,,,,,,,,,,,,,,,,,,,,,,,,,,,,,,,,,,,,,,,,,,,"1","2024-09-21T09:35:03.000Z","8067718596627055","https://www.facebook.com/100001669831379/posts/8067718596627055","ZmVlZGJhY2s6ODA2NzcxODU5NjYyNzA1NV85NzkxMjc5NzA2MzMwNjE=","Y29tbWVudDo4MDY3NzE4NTk2NjI3MDU1Xzk3OTEyNzk3MDYzMzA2MQ==","https://www.facebook.com/100001669831379/posts/8067718596627055","0","393343863873232",,"Mau tanam sawi putih??? 
Benihnya ya CACHA F1 !!! 
 Benih Citra Asia 
 @sorotan. Jaelani Bintang Asia · Original audio","pfbid051QHMwihau4CEKeoK5Pm1t3fdvaAXkq2KUG1B5aBB737Vtwbkeg6FGFxbgqQkWU9l","Arie Delastiar","https://scontent.flhr14-1.fna.fbcdn.net/v/t39.30808-1/452929123_3174640279334165_1488975442806556244_n.jpg?stp=cp0_dst-jpg_s32x32&_nc_cat=105&ccb=1-7&_nc_sid=0ecb9b&_nc_ohc=ujINCqQS5HoQ7kNvgEuJoGF&_nc_ht=scontent.flhr14-1.fna&_nc_gid=Ab2vgmdBJ1pYKjQNwAgZN6C&oh=00_AYCyWk6xQFjlK3dnzNgwnHfGnNAI0npDH6GvaPLMO0nZaQ&oe=670BF76C","https://www.facebook.com/arie.manchesternian","Betul sekali, saya sudah tanam ini, hasil nya sangat memuaskan sekali panen puas panen untung.  terimakasih pak Jaelani dulu merekomendasikan benih ini. Sukses terus pak Jaelani.","0"
,,,,,,,,,,,,,,,,,,,,,,"https://www.facebook.com/reel/505968812244054/?comment_id=1012120800392251",,,,,,,,,,,,,,,,,,,,,,,,,,,,,,,,,,,,,,,,,,,,,,,,,,,,,,,,,,,,,,,,,,,,,,,"2024-09-13T16:08:50.000Z","8067718596627055","https://www.facebook.com/100001669831379/posts/8067718596627055","ZmVlZGJhY2s6ODA2NzcxODU5NjYyNzA1NV8xMDEyMTIwODAwMzkyMjUx","Y29tbWVudDo4MDY3NzE4NTk2NjI3MDU1XzEwMTIxMjA4MDAzOTIyNTE=","https://www.facebook.com/100001669831379/posts/8067718596627055","0","393343863873232",,"Mau tanam sawi putih??? 
Benihnya ya CACHA F1 !!! 
 Benih Citra Asia 
 @sorotan. Jaelani Bintang Asia · Original audio","pfbid0iZpJAZRBmxKu5TjgYNbW5irs5Eik2TvhiYN3AZ1bvGswANVwXAbGDeCAJHjoryJXl","Arif Trihandoko","https://scontent.flhr14-1.fna.fbcdn.net/v/t39.30808-1/275791144_5284773394915153_4207036636192598033_n.jpg?stp=cp0_dst-jpg_s32x32&_nc_cat=103&ccb=1-7&_nc_sid=0ecb9b&_nc_ohc=PwNw7DoogX0Q7kNvgF3DgqV&_nc_ht=scontent.flhr14-1.fna&_nc_gid=Ab2vgmdBJ1pYKjQNwAgZN6C&oh=00_AYAY1BNpfPBmVjcTFrGhZB2pCQzmVv-vw8JoBAsBNfeZCQ&oe=670BE394","https://www.facebook.com/arif.trihandoko.3990","Bang Jay bandung","0"
,,,,,,,,,,,,,,,,,,,,,,"https://www.facebook.com/reel/505968812244054/?comment_id=1024364059415900",,,,,,,,,,,,,,,,,,,,,,,,,,,,,,,,,,,,,,,,,,,,,,,,,,,,,,,,,,,,,,,,,,,,,,"2","2024-09-14T05:09:41.000Z","8067718596627055","https://www.facebook.com/100001669831379/posts/8067718596627055","ZmVlZGJhY2s6ODA2NzcxODU5NjYyNzA1NV8xMDI0MzY0MDU5NDE1OTAw","Y29tbWVudDo4MDY3NzE4NTk2NjI3MDU1XzEwMjQzNjQwNTk0MTU5MDA=","https://www.facebook.com/100001669831379/posts/8067718596627055","0","393343863873232",,"Mau tanam sawi putih??? 
Benihnya ya CACHA F1 !!! 
 Benih Citra Asia 
 @sorotan. Jaelani Bintang Asia · Original audio","pfbid024HgZfJWdX4jSrV617PfaK53jM5P3ByjyLYdhynTaP7iDcGmSHoJXGCA4zpFMmgpsl","Dodom Dominic","https://scontent.flhr14-1.fna.fbcdn.net/v/t39.30808-1/245714644_393694325554650_1534673122028691362_n.jpg?stp=c152.0.763.763a_cp0_dst-jpg_s32x32&_nc_cat=107&ccb=1-7&_nc_sid=0ecb9b&_nc_ohc=C2HWUwoeyH0Q7kNvgEtKpgQ&_nc_ht=scontent.flhr14-1.fna&_nc_gid=Ab2vgmdBJ1pYKjQNwAgZN6C&oh=00_AYBtxgetftqJQu9R37PGXzrzyZJgbCZUPZ7ZvA_EwD9Uxw&oe=670C17D6","https://www.facebook.com/MediuzZ","Beki kolot ningan ka.","0"
,,,,,,,,,,,,,,,,,,,,,,"https://www.facebook.com/reel/505968812244054/?comment_id=1284309265887650",,,,,,,,,,,,,,,,,,,,,,,,,,,,,,,,,,,,,,,,,,,,,,,,,,,,,,,,,,,,,,,,,,,,,,"3","2024-09-13T10:55:35.000Z","8067718596627055","https://www.facebook.com/100001669831379/posts/8067718596627055","ZmVlZGJhY2s6ODA2NzcxODU5NjYyNzA1NV8xMjg0MzA5MjY1ODg3NjUw","Y29tbWVudDo4MDY3NzE4NTk2NjI3MDU1XzEyODQzMDkyNjU4ODc2NTA=","https://www.facebook.com/100001669831379/posts/8067718596627055","0","393343863873232",,"Mau tanam sawi putih??? 
Benihnya ya CACHA F1 !!! 
 Benih Citra Asia 
 @sorotan. Jaelani Bintang Asia · Original audio","pfbid0UDdoCELXbeMJb2r4YsjpFZJUVMYwfhJBCRNHzuTbQi4Tj989pT3BXxA5cLfGTVNUl","Naw Milanisty Pangalengan","https://scontent.flhr14-1.fna.fbcdn.net/v/t39.30808-1/330570800_1263044664287219_3519194596536777508_n.jpg?stp=cp0_dst-jpg_s32x32&_nc_cat=107&ccb=1-7&_nc_sid=0ecb9b&_nc_ohc=Y14ezAS-Kz4Q7kNvgGd3hne&_nc_ht=scontent.flhr14-1.fna&_nc_gid=Ab2vgmdBJ1pYKjQNwAgZN6C&oh=00_AYDADaRKVT1nFuJqbpcGSCP_U3nlKvxgpnXcusWyBt-X1Q&oe=670BED37","https://www.facebook.com/chena.pangalengan","Abuss kana smile tv boss 🤣🤣 bahan na teu neagan hela ti pasar 🤣🤣","0"
,,,,,,,,,,,,,,,,,,,,,,"https://www.facebook.com/reel/522329650509734/?comment_id=887038296313933",,,,,,,,,,,,,,,,,,,,,,,,,,,,,,,,,,,,,,,,,,,,,,,,,,,,,,,,,,,,,,,,,,,,,,,"2024-10-04T06:31:12.000Z","8256279567770956","https://www.facebook.com/100001669831379/posts/8256279567770956","ZmVlZGJhY2s6ODI1NjI3OTU2Nzc3MDk1Nl84ODcwMzgyOTYzMTM5MzM=","Y29tbWVudDo4MjU2Mjc5NTY3NzcwOTU2Xzg4NzAzODI5NjMxMzkzMw==","https://www.facebook.com/100001669831379/posts/8256279567770956","2","393343863873232",,"Jangan Ragu tanam TOMAT CITRA ASIA F1!!! Ini Testimoni nya 😎😎 Benih Citra Asia @sorotan. Jaelani Bintang Asia · Original audio","100007578522755","Renzy Bintangasia","https://scontent-man2-1.xx.fbcdn.net/v/t39.30808-1/426012403_3605728109689771_2277782955804277447_n.jpg?stp=cp0_dst-jpg_s32x32&_nc_cat=104&ccb=1-7&_nc_sid=50d2ac&_nc_ohc=esyLYxeEH48Q7kNvgFIsxYm&_nc_ht=scontent-man2-1.xx&_nc_gid=AJvuhKIjKFkV9SXqWfKQ-zD&oh=00_AYBibL-CPHstgeLfKg7KUSzGw0AC-oU-Xr-nXesmavyKIg&oe=670BF044","https://www.facebook.com/renzi.prayuda","Mantap bosku","0"
"Sticker",,,,,,,"1","83","1","1","1000519543737083","80","https://scontent-man2-1.xx.fbcdn.net/v/t39.1997-6/104953101_1000519550403749_423458172611225294_n.png?stp=cp0_dst-png_s110x80&_nc_cat=1&ccb=1-7&_nc_sid=23dd7b&_nc_ohc=sjvcbI4Ff8gQ7kNvgGecC58&_nc_ht=scontent-man2-1.xx&_nc_gid=AJvuhKIjKFkV9SXqWfKQ-zD&oh=00_AYDJJ9p6W-h24yjiISXiGde96HGarAS24tbZf_n1YHGQbw&oe=670BF6FB","80","a plate with 5 stars and a smiley face on it, 'recommendation' is written in front in indonesian","1000303507092020","Stories Stickers in Feed",,,,,"https://www.facebook.com/reel/522329650509734/?comment_id=422557757180676",,,,,,,,,,,,,,,,,,,,,,,,,,,,,,,,,,,,,,,,,,,,,,,,,,,,,,,,,,,,,,,,,,,,,,,"2024-10-04T12:55:04.000Z","8256279567770956","https://www.facebook.com/100001669831379/posts/8256279567770956","ZmVlZGJhY2s6ODI1NjI3OTU2Nzc3MDk1Nl80MjI1NTc3NTcxODA2NzY=","Y29tbWVudDo4MjU2Mjc5NTY3NzcwOTU2XzQyMjU1Nzc1NzE4MDY3Ng==","https://www.facebook.com/100001669831379/posts/8256279567770956","1","393343863873232",,"Jangan Ragu tanam TOMAT CITRA ASIA F1!!! Ini Testimoni nya 😎😎 Benih Citra Asia @sorotan. Jaelani Bintang Asia · Original audio","61558480822422","Jefri Albutuni","https://scontent-man2-1.xx.fbcdn.net/v/t39.30808-1/460623531_122142390344282694_8960312905275726761_n.jpg?stp=cp0_dst-jpg_s32x32&_nc_cat=101&ccb=1-7&_nc_sid=50d2ac&_nc_ohc=NGxzkLxI4XoQ7kNvgEraiev&_nc_ht=scontent-man2-1.xx&_nc_gid=AJvuhKIjKFkV9SXqWfKQ-zD&oh=00_AYC23PVJLgmqEmQE3TiRhtB3anTc6sxltAUo0xzUf07izw&oe=670C0EFC","https://www.facebook.com/people/Jefri-Albutuni/61558480822422/",,"0"
,,,,,,,,,,,,,,,,,,,,,,"https://www.facebook.com/reel/522329650509734/?comment_id=940565877882820","https://www.facebook.com/reel/522329650509734/?comment_id=940565877882820&reply_comment_id=1179029379824623","3","2024-10-04T09:20:03.000Z","ZmVlZGJhY2s6ODI1NjI3OTU2Nzc3MDk1Nl8xMTc5MDI5Mzc5ODI0NjIz","Y29tbWVudDo4MjU2Mjc5NTY3NzcwOTU2XzExNzkwMjkzNzk4MjQ2MjM=","1","User","pfbid02rS6ScrAKEJNAXbbTKmczszAv4r8MbVMF6KGSUQ4nyNTHrYPKG8qLKon9vySz79Jzl","Apih Hegar","Apih","Y29tbWVudDo4MjU2Mjc5NTY3NzcwOTU2Xzk0MDU2NTg3Nzg4MjgyMA==","100001669831379","Jaelani Bintang Asia","https://scontent-man2-1.xx.fbcdn.net/v/t39.30808-1/461948356_8247550521977194_5948002025053201382_n.jpg?stp=cp0_dst-jpg_s32x32&_nc_cat=103&ccb=1-7&_nc_sid=50d2ac&_nc_ohc=ArSQReDjppoQ7kNvgGTK9oJ&_nc_ht=scontent-man2-1.xx&_nc_gid=AJvuhKIjKFkV9SXqWfKQ-zD&oh=00_AYDtvjd_GXGccXXYXBkjeycb0bc-TuZ6FnKjPGVyRkrrMw&oe=670C0175","https://www.facebook.com/jaelani.zhendt","Y29tbWVudDo4MjU2Mjc5NTY3NzcwOTU2Xzk0MDU2NTg3Nzg4MjgyMA==","Apih Hegar wahh nu gaduh wilayahna muncul hehe","1","https://www.facebook.com/reel/522329650509734/?comment_id=940565877882820&reply_comment_id=1085328106421955","2024-10-04T09:22:27.000Z","ZmVlZGJhY2s6ODI1NjI3OTU2Nzc3MDk1Nl8xMDg1MzI4MTA2NDIxOTU1","Y29tbWVudDo4MjU2Mjc5NTY3NzcwOTU2XzEwODUzMjgxMDY0MjE5NTU=","1","User","pfbid02rS6ScrAKEJNAXbbTKmczszAv4r8MbVMF6KGSUQ4nyNTHrYPKG8qLKon9vySz79Jzl","Apih Hegar","Apih","Y29tbWVudDo4MjU2Mjc5NTY3NzcwOTU2Xzk0MDU2NTg3Nzg4MjgyMA==","pfbid02rS6ScrAKEJNAXbbTKmczszAv4r8MbVMF6KGSUQ4nyNTHrYPKG8qLKon9vySz79Jzl","Apih Hegar","https://scontent-man2-1.xx.fbcdn.net/v/t39.30808-1/455044771_122144726384263189_7276091064399159338_n.jpg?stp=cp0_dst-jpg_s32x32&_nc_cat=101&ccb=1-7&_nc_sid=0ecb9b&_nc_ohc=Nnlvp1o_idkQ7kNvgHFbdo7&_nc_ht=scontent-man2-1.xx&_nc_gid=AJvuhKIjKFkV9SXqWfKQ-zD&oh=00_AYBWRToD2pq357CovEkyl9ISG5EmV-NdHGtLvrzyOhY6RQ&oe=670BE974","https://www.facebook.com/people/Apih-Hegar/pfbid02rS6ScrAKEJNAXbbTKmczszAv4r8MbVMF6KGSUQ4nyNTHrYPKG8qLKon9vySz79Jzl/","Y29tbWVudDo4MjU2Mjc5NTY3NzcwOTU2Xzk0MDU2NTg3Nzg4MjgyMA==","Jaelani Bintang Asia stok bibit nya aman pa haji","2","https://www.facebook.com/reel/522329650509734/?comment_id=940565877882820&reply_comment_id=1239889430658579","2024-10-04T09:23:28.000Z","ZmVlZGJhY2s6ODI1NjI3OTU2Nzc3MDk1Nl8xMjM5ODg5NDMwNjU4NTc5","Y29tbWVudDo4MjU2Mjc5NTY3NzcwOTU2XzEyMzk4ODk0MzA2NTg1Nzk=","1","User","pfbid02rS6ScrAKEJNAXbbTKmczszAv4r8MbVMF6KGSUQ4nyNTHrYPKG8qLKon9vySz79Jzl","Apih Hegar","Apih","Y29tbWVudDo4MjU2Mjc5NTY3NzcwOTU2Xzk0MDU2NTg3Nzg4MjgyMA==","100001669831379","Jaelani Bintang Asia","https://scontent-man2-1.xx.fbcdn.net/v/t39.30808-1/461948356_8247550521977194_5948002025053201382_n.jpg?stp=cp0_dst-jpg_s32x32&_nc_cat=103&ccb=1-7&_nc_sid=50d2ac&_nc_ohc=ArSQReDjppoQ7kNvgGTK9oJ&_nc_ht=scontent-man2-1.xx&_nc_gid=AJvuhKIjKFkV9SXqWfKQ-zD&oh=00_AYDtvjd_GXGccXXYXBkjeycb0bc-TuZ6FnKjPGVyRkrrMw&oe=670C0175","https://www.facebook.com/jaelani.zhendt","Y29tbWVudDo4MjU2Mjc5NTY3NzcwOTU2Xzk0MDU2NTg3Nzg4MjgyMA==","Apih Hegar Insya Allah aman pak bos","2","https://www.facebook.com/reel/522329650509734/?comment_id=940565877882820&reply_comment_id=421469147286541","2024-10-04T11:28:29.000Z","ZmVlZGJhY2s6ODI1NjI3OTU2Nzc3MDk1Nl80MjE0NjkxNDcyODY1NDE=","Y29tbWVudDo4MjU2Mjc5NTY3NzcwOTU2XzQyMTQ2OTE0NzI4NjU0MQ==","0","User","pfbid02rS6ScrAKEJNAXbbTKmczszAv4r8MbVMF6KGSUQ4nyNTHrYPKG8qLKon9vySz79Jzl","Apih Hegar","Apih","Y29tbWVudDo4MjU2Mjc5NTY3NzcwOTU2Xzk0MDU2NTg3Nzg4MjgyMA==","pfbid02rS6ScrAKEJNAXbbTKmczszAv4r8MbVMF6KGSUQ4nyNTHrYPKG8qLKon9vySz79Jzl","Apih Hegar","https://scontent-man2-1.xx.fbcdn.net/v/t39.30808-1/455044771_122144726384263189_7276091064399159338_n.jpg?stp=cp0_dst-jpg_s32x32&_nc_cat=101&ccb=1-7&_nc_sid=0ecb9b&_nc_ohc=Nnlvp1o_idkQ7kNvgHFbdo7&_nc_ht=scontent-man2-1.xx&_nc_gid=AJvuhKIjKFkV9SXqWfKQ-zD&oh=00_AYBWRToD2pq357CovEkyl9ISG5EmV-NdHGtLvrzyOhY6RQ&oe=670BE974","https://www.facebook.com/people/Apih-Hegar/pfbid02rS6ScrAKEJNAXbbTKmczszAv4r8MbVMF6KGSUQ4nyNTHrYPKG8qLKon9vySz79Jzl/","Y29tbWVudDo4MjU2Mjc5NTY3NzcwOTU2Xzk0MDU2NTg3Nzg4MjgyMA==","Jaelani Bintang Asia 👍👍😁","2","4","2024-10-04T09:18:37.000Z","8256279567770956","https://www.facebook.com/100001669831379/posts/8256279567770956","ZmVlZGJhY2s6ODI1NjI3OTU2Nzc3MDk1Nl85NDA1NjU4Nzc4ODI4MjA=","Y29tbWVudDo4MjU2Mjc5NTY3NzcwOTU2Xzk0MDU2NTg3Nzg4MjgyMA==","https://www.facebook.com/100001669831379/posts/8256279567770956","0","393343863873232",,"Jangan Ragu tanam TOMAT CITRA ASIA F1!!! Ini Testimoni nya 😎😎 Benih Citra Asia @sorotan. Jaelani Bintang Asia · Original audio","pfbid02rS6ScrAKEJNAXbbTKmczszAv4r8MbVMF6KGSUQ4nyNTHrYPKG8qLKon9vySz79Jzl","Apih Hegar","https://scontent-man2-1.xx.fbcdn.net/v/t39.30808-1/455044771_122144726384263189_7276091064399159338_n.jpg?stp=cp0_dst-jpg_s32x32&_nc_cat=101&ccb=1-7&_nc_sid=0ecb9b&_nc_ohc=Nnlvp1o_idkQ7kNvgHFbdo7&_nc_ht=scontent-man2-1.xx&_nc_gid=AJvuhKIjKFkV9SXqWfKQ-zD&oh=00_AYBWRToD2pq357CovEkyl9ISG5EmV-NdHGtLvrzyOhY6RQ&oe=670BE974","https://www.facebook.com/people/Apih-Hegar/pfbid02rS6ScrAKEJNAXbbTKmczszAv4r8MbVMF6KGSUQ4nyNTHrYPKG8qLKon9vySz79Jzl/","Welll.....😅👍👍","0"
,,,,,,,,,,,,,,,,,,,,,,"https://www.facebook.com/reel/507641115239342/?comment_id=2305167879858819",,,,,,,,,,,,,,,,,,,,,,,,,,,,,,,,,,,,,,,,,,,,,,,,,,,,,,,,,,,,,,,,,,,,,,,"2024-09-23T09:19:43.000Z","8155294334536147","https://www.facebook.com/100001669831379/posts/8155294334536147","ZmVlZGJhY2s6ODE1NTI5NDMzNDUzNjE0N18yMzA1MTY3ODc5ODU4ODE5","Y29tbWVudDo4MTU1Mjk0MzM0NTM2MTQ3XzIzMDUxNjc4Nzk4NTg4MTk=","https://www.facebook.com/100001669831379/posts/8155294334536147","1","393343863873232",,"YESS!!! SOSIALISASI SAWI PUTIH CACHA F1 DI PETANI Benih Citra Asia @sorotan. Jaelani Bintang Asia · Original audio","100007578522755","Renzy Bintangasia","https://scontent-iad3-1.xx.fbcdn.net/v/t39.30808-1/426012403_3605728109689771_2277782955804277447_n.jpg?stp=cp0_dst-jpg_s32x32&_nc_cat=104&ccb=1-7&_nc_sid=50d2ac&_nc_ohc=esyLYxeEH48Q7kNvgE9vajd&_nc_ht=scontent-iad3-1.xx&_nc_gid=Ang9AG65azdOdogT2FpiQYh&oh=00_AYCojZNtrmOknyIaUcT_NHuaT8QFx1ssYT4CaKKiVe4zAQ&oe=670BF044","https://www.facebook.com/renzi.prayuda","Mantap bos","0"
,,,,,,,,,,,,,,,,,,,,,,"https://www.facebook.com/reel/897485725638332/?comment_id=1032912874798693",,,,,,,,,,,,,,,,,,,,,,,,,,,,,,,,,,,,,,,,,,,,,,,,,,,,,,,,,,,,,,,,,,,,,,,"2024-09-13T11:58:24.000Z","8067056590026589","https://www.facebook.com/100001669831379/posts/8067056590026589","ZmVlZGJhY2s6ODA2NzA1NjU5MDAyNjU4OV8xMDMyOTEyODc0Nzk4Njkz","Y29tbWVudDo4MDY3MDU2NTkwMDI2NTg5XzEwMzI5MTI4NzQ3OTg2OTM=","https://www.facebook.com/100001669831379/posts/8067056590026589","1","393343863873232",,"BTS Benih Citra Asia @sorotan. Jaelani Bintang Asia · Original audio","100007578522755","Renzy Bintangasia","https://scontent.fsxm1-1.fna.fbcdn.net/v/t39.30808-1/426012403_3605728109689771_2277782955804277447_n.jpg?stp=cp0_dst-jpg_s32x32&_nc_cat=104&ccb=1-7&_nc_sid=50d2ac&_nc_ohc=esyLYxeEH48Q7kNvgEWBBJs&_nc_ht=scontent.fsxm1-1.fna&_nc_gid=A1m1ZkUNunTeYAqq3Y1f-kx&oh=00_AYAm23AvvJbSe5PNlUI3AaRdXBejIgNGSV1fD_WZ0jskxA&oe=670BF044","https://www.facebook.com/renzi.prayuda","Mantap bang jayy","0"
,,,,,,,,,,,,,,,,,,,,,,"https://www.facebook.com/reel/897485725638332/?comment_id=431915283241779","https://www.facebook.com/reel/897485725638332/?comment_id=431915283241779&reply_comment_id=1551853309060509",,"2024-09-13T11:05:58.000Z","ZmVlZGJhY2s6ODA2NzA1NjU5MDAyNjU4OV8xNTUxODUzMzA5MDYwNTA5","Y29tbWVudDo4MDY3MDU2NTkwMDI2NTg5XzE1NTE4NTMzMDkwNjA1MDk=","0","User","pfbid0UDdoCELXbeMJb2r4YsjpFZJUVMYwfhJBCRNHzuTbQi4Tj989pT3BXxA5cLfGTVNUl","Naw Milanisty Pangalengan","Naw","Y29tbWVudDo4MDY3MDU2NTkwMDI2NTg5XzQzMTkxNTI4MzI0MTc3OQ==","100001669831379","Jaelani Bintang Asia","https://scontent.fsxm1-1.fna.fbcdn.net/v/t39.30808-1/461948356_8247550521977194_5948002025053201382_n.jpg?stp=cp0_dst-jpg_s32x32&_nc_cat=103&ccb=1-7&_nc_sid=50d2ac&_nc_ohc=ArSQReDjppoQ7kNvgFOxkoA&_nc_ht=scontent.fsxm1-1.fna&_nc_gid=A1m1ZkUNunTeYAqq3Y1f-kx&oh=00_AYCjAMhxWql0mkz29hA_2ztJ--4q5kCeFMVn-h90RoMUZA&oe=670C0175","https://www.facebook.com/jaelani.zhendt","Y29tbWVudDo4MDY3MDU2NTkwMDI2NTg5XzQzMTkxNTI4MzI0MTc3OQ==","Naw Milanisty Pangalengan 1 take jadi wkwk","1",,,,,,,,,,,,,,,,,,,,,,,,,,,,,,,,,,,,,,,,,,,,,,,,,,,,"1","2024-09-13T11:04:41.000Z","8067056590026589","https://www.facebook.com/100001669831379/posts/8067056590026589","ZmVlZGJhY2s6ODA2NzA1NjU5MDAyNjU4OV80MzE5MTUyODMyNDE3Nzk=","Y29tbWVudDo4MDY3MDU2NTkwMDI2NTg5XzQzMTkxNTI4MzI0MTc3OQ==","https://www.facebook.com/100001669831379/posts/8067056590026589","0","393343863873232",,"BTS Benih Citra Asia @sorotan. Jaelani Bintang Asia · Original audio","pfbid0UDdoCELXbeMJb2r4YsjpFZJUVMYwfhJBCRNHzuTbQi4Tj989pT3BXxA5cLfGTVNUl","Naw Milanisty Pangalengan","https://scontent.fsxm1-1.fna.fbcdn.net/v/t39.30808-1/330570800_1263044664287219_3519194596536777508_n.jpg?stp=cp0_dst-jpg_s32x32&_nc_cat=107&ccb=1-7&_nc_sid=0ecb9b&_nc_ohc=Y14ezAS-Kz4Q7kNvgFqDPU-&_nc_ht=scontent.fsxm1-1.fna&_nc_gid=A1m1ZkUNunTeYAqq3Y1f-kx&oh=00_AYDXMf-0oeLiY6HVJlmERikDprKyMuxiKoE3hXMe51azJw&oe=670BED37","https://www.facebook.com/chena.pangalengan","Haha di balik layar galing 🤣🤣🤣","0"
,,,,,,,,,,,,,,,,,,,,,,"https://www.facebook.com/reel/897485725638332/?comment_id=1030803242114160","https://www.facebook.com/reel/897485725638332/?comment_id=1030803242114160&reply_comment_id=1203950937564198",,"2024-09-14T00:12:33.000Z","ZmVlZGJhY2s6ODA2NzA1NjU5MDAyNjU4OV8xMjAzOTUwOTM3NTY0MTk4","Y29tbWVudDo4MDY3MDU2NTkwMDI2NTg5XzEyMDM5NTA5Mzc1NjQxOTg=","0","User","100009030082184","Koswara","Koswara","Y29tbWVudDo4MDY3MDU2NTkwMDI2NTg5XzEwMzA4MDMyNDIxMTQxNjA=","100001669831379","Jaelani Bintang Asia","https://scontent.fsxm1-1.fna.fbcdn.net/v/t39.30808-1/461948356_8247550521977194_5948002025053201382_n.jpg?stp=cp0_dst-jpg_s32x32&_nc_cat=103&ccb=1-7&_nc_sid=50d2ac&_nc_ohc=ArSQReDjppoQ7kNvgFOxkoA&_nc_ht=scontent.fsxm1-1.fna&_nc_gid=A1m1ZkUNunTeYAqq3Y1f-kx&oh=00_AYCjAMhxWql0mkz29hA_2ztJ--4q5kCeFMVn-h90RoMUZA&oe=670C0175","https://www.facebook.com/jaelani.zhendt","Y29tbWVudDo4MDY3MDU2NTkwMDI2NTg5XzEwMzA4MDMyNDIxMTQxNjA=","Koswara endorseman jarcok😁😁😁","1",,,,,,,,,,,,,,,,,,,,,,,,,,,,,,,,,,,,,,,,,,,,,,,,,,,,"1","2024-09-13T23:10:23.000Z","8067056590026589","https://www.facebook.com/100001669831379/posts/8067056590026589","ZmVlZGJhY2s6ODA2NzA1NjU5MDAyNjU4OV8xMDMwODAzMjQyMTE0MTYw","Y29tbWVudDo4MDY3MDU2NTkwMDI2NTg5XzEwMzA4MDMyNDIxMTQxNjA=","https://www.facebook.com/100001669831379/posts/8067056590026589","0","393343863873232",,"BTS Benih Citra Asia @sorotan. Jaelani Bintang Asia · Original audio","100009030082184","Koswara","https://scontent.fsxm1-1.fna.fbcdn.net/v/t39.30808-1/459300845_3653140774996889_7410090266753902232_n.jpg?stp=c29.0.662.662a_cp0_dst-jpg_s32x32&_nc_cat=111&ccb=1-7&_nc_sid=50d2ac&_nc_ohc=UEhBJ0RCxOsQ7kNvgFLQsEg&_nc_ht=scontent.fsxm1-1.fna&_nc_gid=A1m1ZkUNunTeYAqq3Y1f-kx&oh=00_AYDAs0gbCZcZ70HqyHktfOQ-TzY_CvaGs-3DEaB1QUcemg&oe=670C0C8B","https://www.facebook.com/koswara93","di endorse eta mang pian jigah na mh 😁😁","0"
,,,,,,,,,,,,,,,,,,,,,,"https://www.facebook.com/reel/1221455262611625/?comment_id=1251723076180438","https://www.facebook.com/reel/1221455262611625/?comment_id=1251723076180438&reply_comment_id=482484077921426","1","2024-09-09T11:20:08.000Z","ZmVlZGJhY2s6ODA0MTU4MDE2NTkwNzU2NV80ODI0ODQwNzc5MjE0MjY=","Y29tbWVudDo4MDQxNTgwMTY1OTA3NTY1XzQ4MjQ4NDA3NzkyMTQyNg==","0","User","pfbid02xBQQNdFaTRUovDXUSsvu2jJpA8F1BDfCMo1B49sjka2tLrmbdK9Qk7GTvcqFYASgl","Sutri Yono","Sutri","Y29tbWVudDo4MDQxNTgwMTY1OTA3NTY1XzEyNTE3MjMwNzYxODA0Mzg=","100001669831379","Jaelani Bintang Asia","https://scontent-dub4-1.xx.fbcdn.net/v/t39.30808-1/461948356_8247550521977194_5948002025053201382_n.jpg?stp=cp0_dst-jpg_s32x32&_nc_cat=103&ccb=1-7&_nc_sid=50d2ac&_nc_ohc=ArSQReDjppoQ7kNvgFfpQQX&_nc_ht=scontent-dub4-1.xx&_nc_gid=AK2fR_iSIqj0tB_sWFZUKjv&oh=00_AYBsV9wpmeTXQ6VZrjyWpEMBWmW5gZFD-9e907aLz9BM8Q&oe=670C0175","https://www.facebook.com/jaelani.zhendt","Y29tbWVudDo4MDQxNTgwMTY1OTA3NTY1XzEyNTE3MjMwNzYxODA0Mzg=","Sutri Yono ada pak bos","1","https://www.facebook.com/reel/1221455262611625/?comment_id=1251723076180438&reply_comment_id=489015797374935","2024-09-09T11:44:36.000Z","ZmVlZGJhY2s6ODA0MTU4MDE2NTkwNzU2NV80ODkwMTU3OTczNzQ5MzU=","Y29tbWVudDo4MDQxNTgwMTY1OTA3NTY1XzQ4OTAxNTc5NzM3NDkzNQ==","1","User","pfbid02xBQQNdFaTRUovDXUSsvu2jJpA8F1BDfCMo1B49sjka2tLrmbdK9Qk7GTvcqFYASgl","Sutri Yono","Sutri","Y29tbWVudDo4MDQxNTgwMTY1OTA3NTY1XzEyNTE3MjMwNzYxODA0Mzg=","pfbid02xBQQNdFaTRUovDXUSsvu2jJpA8F1BDfCMo1B49sjka2tLrmbdK9Qk7GTvcqFYASgl","Sutri Yono","https://scontent-dub4-1.xx.fbcdn.net/v/t1.6435-1/67263703_662353234243653_7681582131683786752_n.jpg?stp=cp0_dst-jpg_s32x32&_nc_cat=108&ccb=1-7&_nc_sid=0ecb9b&_nc_ohc=qoSnObPsBVoQ7kNvgExegGy&_nc_ht=scontent-dub4-1.xx&_nc_gid=AK2fR_iSIqj0tB_sWFZUKjv&oh=00_AYDL6EDoavJicjRjOrzwEbU7ozHJNLSR3Pvdw9ZeWCJ5nQ&oe=672D918A","https://www.facebook.com/sutri.yono.395669","Y29tbWVudDo4MDQxNTgwMTY1OTA3NTY1XzEyNTE3MjMwNzYxODA0Mzg=","Jaelani Bintang Asia butuh sebungkus ...untuk lahan sedikit...","2",,,,,,,,,,,,,,,,,,,,,,,,,,,,,,,,,,,"2","2024-09-09T10:31:09.000Z","8041580165907565","https://www.facebook.com/100001669831379/posts/8041580165907565","ZmVlZGJhY2s6ODA0MTU4MDE2NTkwNzU2NV8xMjUxNzIzMDc2MTgwNDM4","Y29tbWVudDo4MDQxNTgwMTY1OTA3NTY1XzEyNTE3MjMwNzYxODA0Mzg=","https://www.facebook.com/100001669831379/posts/8041580165907565","1","393343863873232",,"EKSPRESI PETANI SAWI PUTIH CACHA F1
Benih Citra Asia 
@sorotan. DJ Bombompret · Mio Mao La La La La La","pfbid02xBQQNdFaTRUovDXUSsvu2jJpA8F1BDfCMo1B49sjka2tLrmbdK9Qk7GTvcqFYASgl","Sutri Yono","https://scontent-dub4-1.xx.fbcdn.net/v/t1.6435-1/67263703_662353234243653_7681582131683786752_n.jpg?stp=cp0_dst-jpg_s32x32&_nc_cat=108&ccb=1-7&_nc_sid=0ecb9b&_nc_ohc=qoSnObPsBVoQ7kNvgExegGy&_nc_ht=scontent-dub4-1.xx&_nc_gid=AK2fR_iSIqj0tB_sWFZUKjv&oh=00_AYDL6EDoavJicjRjOrzwEbU7ozHJNLSR3Pvdw9ZeWCJ5nQ&oe=672D918A","https://www.facebook.com/sutri.yono.395669","Bibit bonteng ada ..... Mau nyoba di serang banten","0"
,,,,,,,,,,,,,,,,,,,,,,"https://www.facebook.com/reel/1221455262611625/?comment_id=1201610678091016","https://www.facebook.com/reel/1221455262611625/?comment_id=1201610678091016&reply_comment_id=1046312603767799","1","2024-09-10T03:34:31.000Z","ZmVlZGJhY2s6ODA0MTU4MDE2NTkwNzU2NV8xMDQ2MzEyNjAzNzY3Nzk5","Y29tbWVudDo4MDQxNTgwMTY1OTA3NTY1XzEwNDYzMTI2MDM3Njc3OTk=","1","User","pfbid02ikJJ1ZLHdR6xePTUCFxjo1a1X6TtFKgktsDkfYWxcobJSBVGaddDNTPkDrFD24LQl","Kabayan","Kabayan","Y29tbWVudDo4MDQxNTgwMTY1OTA3NTY1XzEyMDE2MTA2NzgwOTEwMTY=","100001669831379","Jaelani Bintang Asia","https://scontent-dub4-1.xx.fbcdn.net/v/t39.30808-1/461948356_8247550521977194_5948002025053201382_n.jpg?stp=cp0_dst-jpg_s32x32&_nc_cat=103&ccb=1-7&_nc_sid=50d2ac&_nc_ohc=ArSQReDjppoQ7kNvgFfpQQX&_nc_ht=scontent-dub4-1.xx&_nc_gid=AK2fR_iSIqj0tB_sWFZUKjv&oh=00_AYBsV9wpmeTXQ6VZrjyWpEMBWmW5gZFD-9e907aLz9BM8Q&oe=670C0175","https://www.facebook.com/jaelani.zhendt","Y29tbWVudDo4MDQxNTgwMTY1OTA3NTY1XzEyMDE2MTA2NzgwOTEwMTY=","Kabayan muhun kang hihi","1","https://www.facebook.com/reel/1221455262611625/?comment_id=1201610678091016&reply_comment_id=862663195526255","2024-09-10T07:50:55.000Z","ZmVlZGJhY2s6ODA0MTU4MDE2NTkwNzU2NV84NjI2NjMxOTU1MjYyNTU=","Y29tbWVudDo4MDQxNTgwMTY1OTA3NTY1Xzg2MjY2MzE5NTUyNjI1NQ==","0","User","pfbid02ikJJ1ZLHdR6xePTUCFxjo1a1X6TtFKgktsDkfYWxcobJSBVGaddDNTPkDrFD24LQl","Kabayan","Kabayan","Y29tbWVudDo4MDQxNTgwMTY1OTA3NTY1XzEyMDE2MTA2NzgwOTEwMTY=","pfbid02ikJJ1ZLHdR6xePTUCFxjo1a1X6TtFKgktsDkfYWxcobJSBVGaddDNTPkDrFD24LQl","Kabayan","https://scontent-dub4-1.xx.fbcdn.net/v/t39.30808-1/399916953_2095755187435326_2581515864025187616_n.jpg?stp=cp0_dst-jpg_s32x32&_nc_cat=104&ccb=1-7&_nc_sid=0ecb9b&_nc_ohc=HQho1gOM5nEQ7kNvgE8rAAK&_nc_ht=scontent-dub4-1.xx&_nc_gid=AK2fR_iSIqj0tB_sWFZUKjv&oh=00_AYAbJYs7aElW095UkJ1rRT14AKa6TVRIDyo-_V6Nfe6klw&oe=670BF666","https://www.facebook.com/esaramdhan666","Y29tbWVudDo4MDQxNTgwMTY1OTA3NTY1XzEyMDE2MTA2NzgwOTEwMTY=","Jaelani Bintang Asia tiasa nyungkeun nomerna di inbok jai","2",,,,,,,,,,,,,,,,,,,,,,,,,,,,,,,,,,,"2","2024-09-10T03:10:10.000Z","8041580165907565","https://www.facebook.com/100001669831379/posts/8041580165907565","ZmVlZGJhY2s6ODA0MTU4MDE2NTkwNzU2NV8xMjAxNjEwNjc4MDkxMDE2","Y29tbWVudDo4MDQxNTgwMTY1OTA3NTY1XzEyMDE2MTA2NzgwOTEwMTY=","https://www.facebook.com/100001669831379/posts/8041580165907565","1","393343863873232",,"EKSPRESI PETANI SAWI PUTIH CACHA F1
Benih Citra Asia 
@sorotan. DJ Bombompret · Mio Mao La La La La La","pfbid02ikJJ1ZLHdR6xePTUCFxjo1a1X6TtFKgktsDkfYWxcobJSBVGaddDNTPkDrFD24LQl","Kabayan","https://scontent-dub4-1.xx.fbcdn.net/v/t39.30808-1/399916953_2095755187435326_2581515864025187616_n.jpg?stp=cp0_dst-jpg_s32x32&_nc_cat=104&ccb=1-7&_nc_sid=0ecb9b&_nc_ohc=HQho1gOM5nEQ7kNvgE8rAAK&_nc_ht=scontent-dub4-1.xx&_nc_gid=AK2fR_iSIqj0tB_sWFZUKjv&oh=00_AYAbJYs7aElW095UkJ1rRT14AKa6TVRIDyo-_V6Nfe6klw&oe=670BF666","https://www.facebook.com/esaramdhan666","Alah eta pak asep bongsor","0"
,,,,,,,,,,,,,,,,,,,,,,"https://www.facebook.com/reel/1221455262611625/?comment_id=1740743030063161","https://www.facebook.com/reel/1221455262611625/?comment_id=1740743030063161&reply_comment_id=1198775301380739",,"2024-09-09T11:20:23.000Z","ZmVlZGJhY2s6ODA0MTU4MDE2NTkwNzU2NV8xMTk4Nzc1MzAxMzgwNzM5","Y29tbWVudDo4MDQxNTgwMTY1OTA3NTY1XzExOTg3NzUzMDEzODA3Mzk=","0","User","100007578522755","Renzy Bintangasia","Renzy","Y29tbWVudDo4MDQxNTgwMTY1OTA3NTY1XzE3NDA3NDMwMzAwNjMxNjE=","100001669831379","Jaelani Bintang Asia","https://scontent-dub4-1.xx.fbcdn.net/v/t39.30808-1/461948356_8247550521977194_5948002025053201382_n.jpg?stp=cp0_dst-jpg_s32x32&_nc_cat=103&ccb=1-7&_nc_sid=50d2ac&_nc_ohc=ArSQReDjppoQ7kNvgFfpQQX&_nc_ht=scontent-dub4-1.xx&_nc_gid=AK2fR_iSIqj0tB_sWFZUKjv&oh=00_AYBsV9wpmeTXQ6VZrjyWpEMBWmW5gZFD-9e907aLz9BM8Q&oe=670C0175","https://www.facebook.com/jaelani.zhendt","Y29tbWVudDo4MDQxNTgwMTY1OTA3NTY1XzE3NDA3NDMwMzAwNjMxNjE=","Renzy Bintangasia siap ketua😁😁","1",,,,,,,,,,,,,,,,,,,,,,,,,,,,,,,,,,,,,,,,,,,,,,,,,,,,"1","2024-09-09T06:26:53.000Z","8041580165907565","https://www.facebook.com/100001669831379/posts/8041580165907565","ZmVlZGJhY2s6ODA0MTU4MDE2NTkwNzU2NV8xNzQwNzQzMDMwMDYzMTYx","Y29tbWVudDo4MDQxNTgwMTY1OTA3NTY1XzE3NDA3NDMwMzAwNjMxNjE=","https://www.facebook.com/100001669831379/posts/8041580165907565","1","393343863873232",,"EKSPRESI PETANI SAWI PUTIH CACHA F1
Benih Citra Asia 
@sorotan. DJ Bombompret · Mio Mao La La La La La","100007578522755","Renzy Bintangasia","https://scontent-dub4-1.xx.fbcdn.net/v/t39.30808-1/426012403_3605728109689771_2277782955804277447_n.jpg?stp=cp0_dst-jpg_s32x32&_nc_cat=104&ccb=1-7&_nc_sid=50d2ac&_nc_ohc=esyLYxeEH48Q7kNvgEexYje&_nc_ht=scontent-dub4-1.xx&_nc_gid=AK2fR_iSIqj0tB_sWFZUKjv&oh=00_AYA20Z_0REqqOIvFlIXH4hniUkZGoeEkJMADm8WbZSoBqQ&oe=670BF044","https://www.facebook.com/renzi.prayuda","Gass boss","0"
,,,,,,,,,,,,,,,,,,,,,,"https://www.facebook.com/reel/2868065720166782/?comment_id=814703304175741","https://www.facebook.com/reel/2868065720166782/?comment_id=814703304175741&reply_comment_id=3095028050638326",,"2024-09-05T10:28:00.000Z","ZmVlZGJhY2s6ODAxNTczODY3NTE1ODM4MV8zMDk1MDI4MDUwNjM4MzI2","Y29tbWVudDo4MDE1NzM4Njc1MTU4MzgxXzMwOTUwMjgwNTA2MzgzMjY=","0","User","pfbid03LyCLzHhqQpSdqMVffLL4SN4j9L2sTBUqy3sZz57pc9cNN5V9oPGq8hQMJLYK6ERl","Otoy Hilmi","Otoy","Y29tbWVudDo4MDE1NzM4Njc1MTU4MzgxXzgxNDcwMzMwNDE3NTc0MQ==","100001669831379","Jaelani Bintang Asia","https://scontent.fosu2-2.fna.fbcdn.net/v/t39.30808-1/461948356_8247550521977194_5948002025053201382_n.jpg?stp=cp0_dst-jpg_s32x32&_nc_cat=103&ccb=1-7&_nc_sid=50d2ac&_nc_ohc=ArSQReDjppoQ7kNvgF51Iei&_nc_ht=scontent.fosu2-2.fna&_nc_gid=A8u2_XM2u9VyfGQCKT27d3w&oh=00_AYAPJjimpi-VM5Ys4ltgjrw-kgyIHJ86i_M6xl8cnWleqg&oe=670C0175","https://www.facebook.com/jaelani.zhendt","Y29tbWVudDo4MDE1NzM4Njc1MTU4MzgxXzgxNDcwMzMwNDE3NTc0MQ==","Otoy Hilmi kafieu we a da nu batur😄","1",,,,,,,,,,,,,,,,,,,,,,,,,,,,,,,,,,,,,,,,,,,,,,,,,,,,"1","2024-09-05T10:04:37.000Z","8015738675158381","https://www.facebook.com/100001669831379/posts/8015738675158381","ZmVlZGJhY2s6ODAxNTczODY3NTE1ODM4MV84MTQ3MDMzMDQxNzU3NDE=","Y29tbWVudDo4MDE1NzM4Njc1MTU4MzgxXzgxNDcwMzMwNDE3NTc0MQ==","https://www.facebook.com/100001669831379/posts/8015738675158381","0","393343863873232",,"Jaelani Bintang Asia · Original audio","pfbid03LyCLzHhqQpSdqMVffLL4SN4j9L2sTBUqy3sZz57pc9cNN5V9oPGq8hQMJLYK6ERl","Otoy Hilmi","https://scontent.fosu2-2.fna.fbcdn.net/v/t39.30808-1/457059524_485608624263679_3922498876743896315_n.jpg?stp=c0.0.720.720a_cp0_dst-jpg_s32x32&_nc_cat=111&ccb=1-7&_nc_sid=0ecb9b&_nc_ohc=UKCDRoN2iFYQ7kNvgH9LuI2&_nc_ht=scontent.fosu2-2.fna&_nc_gid=A8u2_XM2u9VyfGQCKT27d3w&oh=00_AYDMJM6uN-vlwP7_K_pnZxWeCDc42pjwB0tHxDbrqkqJnA&oe=670BFE0C","https://www.facebook.com/people/Otoy-Hilmi/pfbid03LyCLzHhqQpSdqMVffLL4SN4j9L2sTBUqy3sZz57pc9cNN5V9oPGq8hQMJLYK6ERl/","Bae ke Ari panen kadinya😁","0"
,,,,,,,,,,,,,,,,,,,,,,"https://www.facebook.com/reel/2868065720166782/?comment_id=1686221855285229","https://www.facebook.com/reel/2868065720166782/?comment_id=1686221855285229&reply_comment_id=1690068625166399","1","2024-09-09T05:45:16.000Z","ZmVlZGJhY2s6ODAxNTczODY3NTE1ODM4MV8xNjkwMDY4NjI1MTY2Mzk5","Y29tbWVudDo4MDE1NzM4Njc1MTU4MzgxXzE2OTAwNjg2MjUxNjYzOTk=","0","User","pfbid0noyZ1NbCKQoKxbYFqvZrxvuxZngNxoLPmYdXx5VNH4NDC3FA1kdxxFYpPurst2Dsl","E Gito Wiharja","E GITO","Y29tbWVudDo4MDE1NzM4Njc1MTU4MzgxXzE2ODYyMjE4NTUyODUyMjk=","100001669831379","Jaelani Bintang Asia","https://scontent.fosu2-2.fna.fbcdn.net/v/t39.30808-1/461948356_8247550521977194_5948002025053201382_n.jpg?stp=cp0_dst-jpg_s32x32&_nc_cat=103&ccb=1-7&_nc_sid=50d2ac&_nc_ohc=ArSQReDjppoQ7kNvgF51Iei&_nc_ht=scontent.fosu2-2.fna&_nc_gid=A8u2_XM2u9VyfGQCKT27d3w&oh=00_AYAPJjimpi-VM5Ys4ltgjrw-kgyIHJ86i_M6xl8cnWleqg&oe=670C0175","https://www.facebook.com/jaelani.zhendt","Y29tbWVudDo4MDE1NzM4Njc1MTU4MzgxXzE2ODYyMjE4NTUyODUyMjk=","E Gito Wiharja gaskeun atuh pak haji 😁😁😁","1","https://www.facebook.com/reel/2868065720166782/?comment_id=1686221855285229&reply_comment_id=882172449936740","2024-09-09T05:48:52.000Z","ZmVlZGJhY2s6ODAxNTczODY3NTE1ODM4MV84ODIxNzI0NDk5MzY3NDA=","Y29tbWVudDo4MDE1NzM4Njc1MTU4MzgxXzg4MjE3MjQ0OTkzNjc0MA==","0","User","pfbid0noyZ1NbCKQoKxbYFqvZrxvuxZngNxoLPmYdXx5VNH4NDC3FA1kdxxFYpPurst2Dsl","E Gito Wiharja","E GITO","Y29tbWVudDo4MDE1NzM4Njc1MTU4MzgxXzE2ODYyMjE4NTUyODUyMjk=","pfbid0noyZ1NbCKQoKxbYFqvZrxvuxZngNxoLPmYdXx5VNH4NDC3FA1kdxxFYpPurst2Dsl","E Gito Wiharja","https://scontent.fosu2-1.fna.fbcdn.net/v/t39.30808-1/448274775_7358832510910562_7245508907831005789_n.jpg?stp=cp0_dst-jpg_s32x32&_nc_cat=100&ccb=1-7&_nc_sid=0ecb9b&_nc_ohc=DnOyaBpJORsQ7kNvgEG0MD4&_nc_ht=scontent.fosu2-1.fna&_nc_gid=A8u2_XM2u9VyfGQCKT27d3w&oh=00_AYDcQ_5_36b6ImWC0Pez3JX-IKNM-feWpZPqMAf96WQIBw&oe=670BF458","https://www.facebook.com/edighito.tea","Y29tbWVudDo4MDE1NzM4Njc1MTU4MzgxXzE2ODYyMjE4NTUyODUyMjk=","Jaelani Bintang Asia siap gerak","2",,,,,,,,,,,,,,,,,,,,,,,,,,,,,,,,,,,"2","2024-09-09T05:34:56.000Z","8015738675158381","https://www.facebook.com/100001669831379/posts/8015738675158381","ZmVlZGJhY2s6ODAxNTczODY3NTE1ODM4MV8xNjg2MjIxODU1Mjg1MjI5","Y29tbWVudDo4MDE1NzM4Njc1MTU4MzgxXzE2ODYyMjE4NTUyODUyMjk=","https://www.facebook.com/100001669831379/posts/8015738675158381","1","393343863873232",,"Jaelani Bintang Asia · Original audio","pfbid0noyZ1NbCKQoKxbYFqvZrxvuxZngNxoLPmYdXx5VNH4NDC3FA1kdxxFYpPurst2Dsl","E Gito Wiharja","https://scontent.fosu2-1.fna.fbcdn.net/v/t39.30808-1/448274775_7358832510910562_7245508907831005789_n.jpg?stp=cp0_dst-jpg_s32x32&_nc_cat=100&ccb=1-7&_nc_sid=0ecb9b&_nc_ohc=DnOyaBpJORsQ7kNvgEG0MD4&_nc_ht=scontent.fosu2-1.fna&_nc_gid=A8u2_XM2u9VyfGQCKT27d3w&oh=00_AYDcQ_5_36b6ImWC0Pez3JX-IKNM-feWpZPqMAf96WQIBw&oe=670BF458","https://www.facebook.com/edighito.tea","Juara","0"
,,,,,,,,,,,,,,,,,,,,,,"https://www.facebook.com/reel/2868065720166782/?comment_id=1033551584882097",,,,,,,,,,,,,,,,,,,,,,,,,,,,,,,,,,,,,,,,,,,,,,,,,,,,,,,,,,,,,,,,,,,,,,,"2024-09-05T08:18:53.000Z","8015738675158381","https://www.facebook.com/100001669831379/posts/8015738675158381","ZmVlZGJhY2s6ODAxNTczODY3NTE1ODM4MV8xMDMzNTUxNTg0ODgyMDk3","Y29tbWVudDo4MDE1NzM4Njc1MTU4MzgxXzEwMzM1NTE1ODQ4ODIwOTc=","https://www.facebook.com/100001669831379/posts/8015738675158381","1","393343863873232",,"Jaelani Bintang Asia · Original audio","100063574165097","Ujang Cahyudin","https://scontent.fosu2-1.fna.fbcdn.net/v/t39.30808-1/459010453_1044091084386687_6844488200142674346_n.jpg?stp=cp0_dst-jpg_s32x32&_nc_cat=100&ccb=1-7&_nc_sid=50d2ac&_nc_ohc=vIHBlTJqsKwQ7kNvgH6pdWU&_nc_ht=scontent.fosu2-1.fna&_nc_gid=A8u2_XM2u9VyfGQCKT27d3w&oh=00_AYB4Awh2qFLPQtCcn_ecd7h7SL5jIoWGAcl71T7mm7mIcw&oe=670BFBB3","https://www.facebook.com/ujang.cahyudin.161","Mantap","0"
"GenericAttachmentMedia",,"239","https://external.fosu2-1.fna.fbcdn.net/emg1/v/t13/9779259552457683026?url=https%3A%2F%2Fmedia.tenor.co%2FQiIRP06rosgAAAAM%2Fwow-oh-my.gif%3Fc%3DVjFfZmFjZWJvb2s%26t%3DAAYhcHErzn0A8lNm2yARpg&fb_obo=1&utld=tenor.co&stp=dst-gif_fr_q75&ccb=13-1&oh=06_Q3999DwzNl-oJ0czjzVZTlhamLyaijWoKgoQGEjAYQ27XFo&oe=6707F391&_nc_sid=9e3c15","165","Tenor",,,,,,"8629534483737405","239","https://external.fosu2-1.fna.fbcdn.net/emg1/v/t13/9779259552457683026?url=https%3A%2F%2Fmedia.tenor.co%2FQiIRP06rosgAAAAM%2Fwow-oh-my.gif%3Fc%3DVjFfZmFjZWJvb2s%26t%3DAAYhcHErzn0A8lNm2yARpg&fb_obo=1&utld=tenor.co&stp=dst-emg0_q75_s165x239&ccb=13-1&oh=06_Q399VUYihUVQZdKzlDAAr65mBf_PEnzXU8poVZs_bGoRMfk&oe=6707F391&_nc_sid=c97757","165",,,,,,"Image","https://external.fosu2-1.fna.fbcdn.net/emg1/v/t13/9779259552457683026?url=https%3A%2F%2Fmedia.tenor.co%2FQiIRP06rosgAAAAM%2Fwow-oh-my.gif%3Fc%3DVjFfZmFjZWJvb2s%26t%3DAAYhcHErzn0A8lNm2yARpg&fb_obo=1&utld=tenor.co&stp=dst-gif_fr_q75&ccb=13-1&oh=06_Q3999DwzNl-oJ0czjzVZTlhamLyaijWoKgoQGEjAYQ27XFo&oe=6707F391&_nc_sid=9e3c15","https://www.facebook.com/reel/2868065720166782/?comment_id=1322255355672674",,,,,,,,,,,,,,,,,,,,,,,,,,,,,,,,,,,,,,,,,,,,,,,,,,,,,,,,,,,,,,,,,,,,,,,"2024-09-06T09:58:05.000Z","8015738675158381","https://www.facebook.com/100001669831379/posts/8015738675158381","ZmVlZGJhY2s6ODAxNTczODY3NTE1ODM4MV8xMzIyMjU1MzU1NjcyNjc0","Y29tbWVudDo4MDE1NzM4Njc1MTU4MzgxXzEzMjIyNTUzNTU2NzI2NzQ=","https://www.facebook.com/100001669831379/posts/8015738675158381","0","393343863873232",,"Jaelani Bintang Asia · Original audio","pfbid0tRe6XjD8iiTUgFh3zu84orPVX1zQ6jMBuDijsfvB4X6gMeRTkmpKPKpUp4NTsjcSl","Agung Kurniawan","https://scontent.fosu2-2.fna.fbcdn.net/v/t39.30808-1/320213542_1151117012197962_3483983345157551194_n.jpg?stp=cp0_dst-jpg_s32x32&_nc_cat=104&ccb=1-7&_nc_sid=0ecb9b&_nc_ohc=2ZHcLTj9B9oQ7kNvgEhx3mw&_nc_ht=scontent.fosu2-2.fna&_nc_gid=A8u2_XM2u9VyfGQCKT27d3w&oh=00_AYANvNJRGmrZtR5Md-LCZ8Qcs9f1D5my__vt-JD9PUu59A&oe=670BED3F","https://www.facebook.com/agugnkurniawan",,"0"
